primo	envios	tipo	ganancia	rank
141871	4000	public	271883333	1
141871	4500	public	283250000	1
141871	5000	public	296266667	1
141871	5500	public	315058333	1
141871	6000	public	340725000	1
141871	6500	public	343200000	1
141871	7000	public	363825000	1
141871	7500	public	363825000	1
141871	8000	public	392700000	1
141871	8500	public	386741667	1
141871	9000	public	387200000	1
141871	9500	public	392608333	1
141871	10000	public	389491667	1
141871	10500	public	382158333	1
141871	11000	public	375375000	1
141871	11500	public	376658333	1
141871	12000	public	379591667	1
141871	12500	public	388391667	1
141871	13000	public	385641667	1
141871	13500	public	392241667	1
141871	14000	public	396733333	1
141871	14500	public	396825000	1
141871	15000	public	395358333	1
141871	15500	public	393800000	1
141871	16000	public	391691667	1
141871	16500	public	384450000	1
141871	17000	public	386375000	1
141871	17500	public	376658333	1
141871	18000	public	369875000	1
141871	18500	public	359700000	1
141871	19000	public	360158333	1
141871	4000	private	262192857	1
141871	4500	private	280107143	1
141871	5000	private	300457143	1
141871	5500	private	321475000	1
141871	6000	private	322260714	1
141871	6500	private	328271429	1
141871	7000	private	343789286	1
141871	7500	private	355575000	1
141871	8000	private	356557143	1
141871	8500	private	361467857	1
141871	9000	private	363628571	1
141871	9500	private	365239286	1
141871	10000	private	359503571	1
141871	10500	private	354003571	1
141871	11000	private	357696429	1
141871	11500	private	367360714	1
141871	12000	private	368460714	1
141871	12500	private	373332143	1
141871	13000	private	372153571	1
141871	13500	private	371682143	1
141871	14000	private	367400000	1
141871	14500	private	372860714	1
141871	15000	private	371132143	1
141871	15500	private	363157143	1
141871	16000	private	358560714	1
141871	16500	private	354592857	1
141871	17000	private	346696429	1
141871	17500	private	346932143	1
141871	18000	private	344339286	1
141871	18500	private	340057143	1
141871	19000	private	339075000	1
152267	4000	public	268308333	1
152267	4500	public	284441667	1
152267	5000	public	301216667	1
152267	5500	public	316616667	1
152267	6000	public	323675000	1
152267	6500	public	331191667	1
152267	7000	public	350991667	1
152267	7500	public	370333333	1
152267	8000	public	377758333	1
152267	8500	public	383625000	1
152267	9000	public	382983333	1
152267	9500	public	376566667	1
152267	10000	public	385275000	1
152267	10500	public	383625000	1
152267	11000	public	385183333	1
152267	11500	public	385458333	1
152267	12000	public	386741667	1
152267	12500	public	383900000	1
152267	13000	public	389400000	1
152267	13500	public	397558333	1
152267	14000	public	395175000	1
152267	14500	public	393616667	1
152267	15000	public	394350000	1
152267	15500	public	391325000	1
152267	16000	public	383991667	1
152267	16500	public	384083333	1
152267	17000	public	379683333	1
152267	17500	public	379958333	1
152267	18000	public	376933333	1
152267	18500	public	376841667	1
152267	19000	public	368133333	1
152267	4000	private	263725000	1
152267	4500	private	282739286	1
152267	5000	private	290478571	1
152267	5500	private	308235714	1
152267	6000	private	327996429	1
152267	6500	private	339703571	1
152267	7000	private	343003571	1
152267	7500	private	360642857	1
152267	8000	private	364532143	1
152267	8500	private	369089286	1
152267	9000	private	370150000	1
152267	9500	private	368971429	1
152267	10000	private	377025000	1
152267	10500	private	372232143	1
152267	11000	private	381778571	1
152267	11500	private	380875000	1
152267	12000	private	379539286	1
152267	12500	private	378400000	1
152267	13000	private	370542857	1
152267	13500	private	369403571	1
152267	14000	private	363353571	1
152267	14500	private	363235714	1
152267	15000	private	357421429	1
152267	15500	private	345360714	1
152267	16000	private	352432143	1
152267	16500	private	346892857	1
152267	17000	private	347992857	1
152267	17500	private	343946429	1
152267	18000	private	338171429	1
152267	18500	private	335853571	1
152267	19000	private	334085714	1
166297	4000	public	264825000	1
166297	4500	public	277016667	1
166297	5000	public	293150000	1
166297	5500	public	312033333	1
166297	6000	public	316341667	1
166297	6500	public	329083333	1
166297	7000	public	340816667	1
166297	7500	public	356583333	1
166297	8000	public	365200000	1
166297	8500	public	372441667	1
166297	9000	public	377391667	1
166297	9500	public	389583333	1
166297	10000	public	378950000	1
166297	10500	public	388116667	1
166297	11000	public	388575000	1
166297	11500	public	390133333	1
166297	12000	public	397100000	1
166297	12500	public	399483333	1
166297	13000	public	415616667	1
166297	13500	public	414425000	1
166297	14000	public	403791667	1
166297	14500	public	396641667	1
166297	15000	public	391050000	1
166297	15500	public	406450000	1
166297	16000	public	395450000	1
166297	16500	public	389491667	1
166297	17000	public	386650000	1
166297	17500	public	376475000	1
166297	18000	public	369508333	1
166297	18500	public	366483333	1
166297	19000	public	364008333	1
166297	4000	private	265217857	1
166297	4500	private	279635714	1
166297	5000	private	301792857	1
166297	5500	private	313342857	1
166297	6000	private	329567857	1
166297	6500	private	331178571	1
166297	7000	private	333221429	1
166297	7500	private	353964286	1
166297	8000	private	355771429	1
166297	8500	private	359739286	1
166297	9000	private	361546429	1
166297	9500	private	361821429	1
166297	10000	private	364021429	1
166297	10500	private	362450000	1
166297	11000	private	366182143	1
166297	11500	private	364728571	1
166297	12000	private	359385714	1
166297	12500	private	367007143	1
166297	13000	private	365592857	1
166297	13500	private	366889286	1
166297	14000	private	369089286	1
166297	14500	private	368225000	1
166297	15000	private	361978571	1
166297	15500	private	364021429	1
166297	16000	private	356950000	1
166297	16500	private	357146429	1
166297	17000	private	348150000	1
166297	17500	private	340725000	1
166297	18000	private	336639286	1
166297	18500	private	335578571	1
166297	19000	private	326425000	1
188179	4000	public	259783333	1
188179	4500	public	276100000	1
188179	5000	public	286641667	1
188179	5500	public	320558333	1
188179	6000	public	327341667	1
188179	6500	public	342558333	1
188179	7000	public	359791667	1
188179	7500	public	360800000	1
188179	8000	public	372350000	1
188179	8500	public	377391667	1
188179	9000	public	377391667	1
188179	9500	public	389400000	1
188179	10000	public	389675000	1
188179	10500	public	380050000	1
188179	11000	public	381058333	1
188179	11500	public	378400000	1
188179	12000	public	376383333	1
188179	12500	public	392425000	1
188179	13000	public	400858333	1
188179	13500	public	400125000	1
188179	14000	public	397833333	1
188179	14500	public	394808333	1
188179	15000	public	383900000	1
188179	15500	public	384908333	1
188179	16000	public	401225000	1
188179	16500	public	395633333	1
188179	17000	public	396275000	1
188179	17500	public	393341667	1
188179	18000	public	392150000	1
188179	18500	public	385366667	1
188179	19000	public	376841667	1
188179	4000	private	272092857	1
188179	4500	private	286314286	1
188179	5000	private	296725000	1
188179	5500	private	306546429	1
188179	6000	private	332710714	1
188179	6500	private	339546429	1
188179	7000	private	345517857	1
188179	7500	private	349014286	1
188179	8000	private	355850000	1
188179	8500	private	359189286	1
188179	9000	private	367832143	1
188179	9500	private	371328571	1
188179	10000	private	368853571	1
188179	10500	private	367478571	1
188179	11000	private	374117857	1
188179	11500	private	374471429	1
188179	12000	private	380835714	1
188179	12500	private	381032143	1
188179	13000	private	381346429	1
188179	13500	private	377732143	1
188179	14000	private	370071429	1
188179	14500	private	365867857	1
188179	15000	private	366614286	1
188179	15500	private	363825000	1
188179	16000	private	356046429	1
188179	16500	private	349800000	1
188179	17000	private	353453571	1
188179	17500	private	349210714	1
188179	18000	private	344221429	1
188179	18500	private	335342857	1
188179	19000	private	333496429	1
405157	4000	public	257033333	1
405157	4500	public	280866667	1
405157	5000	public	290675000	1
405157	5500	public	318633333	1
405157	6000	public	323858333	1
405157	6500	public	346866667	1
405157	7000	public	354475000	1
405157	7500	public	356125000	1
405157	8000	public	363091667	1
405157	8500	public	365108333	1
405157	9000	public	384358333	1
405157	9500	public	381975000	1
405157	10000	public	393433333	1
405157	10500	public	388208333	1
405157	11000	public	389766667	1
405157	11500	public	379408333	1
405157	12000	public	372900000	1
405157	12500	public	370883333	1
405157	13000	public	374641667	1
405157	13500	public	375833333	1
405157	14000	public	391233333	1
405157	14500	public	395358333	1
405157	15000	public	391783333	1
405157	15500	public	378491667	1
405157	16000	public	374458333	1
405157	16500	public	360616667	1
405157	17000	public	358050000	1
405157	17500	public	362816667	1
405157	18000	public	364008333	1
405157	18500	public	369233333	1
405157	19000	public	368591667	1
405157	4000	private	270128571	1
405157	4500	private	279557143	1
405157	5000	private	299710714	1
405157	5500	private	308942857	1
405157	6000	private	315346429	1
405157	6500	private	331414286	1
405157	7000	private	347796429	1
405157	7500	private	352589286	1
405157	8000	private	361389286	1
405157	8500	private	362882143	1
405157	9000	private	361703571	1
405157	9500	private	357225000	1
405157	10000	private	359385714	1
405157	10500	private	367125000	1
405157	11000	private	365671429	1
405157	11500	private	361467857	1
405157	12000	private	366614286	1
405157	12500	private	366692857	1
405157	13000	private	367439286	1
405157	13500	private	367714286	1
405157	14000	private	366614286	1
405157	14500	private	365632143	1
405157	15000	private	363235714	1
405157	15500	private	357146429	1
405157	16000	private	353375000	1
405157	16500	private	352235714	1
405157	17000	private	341550000	1
405157	17500	private	337150000	1
405157	18000	private	329567857	1
405157	18500	private	324971429	1
405157	19000	private	326032143	1
491299	4000	public	249425000	1
491299	4500	public	273075000	1
491299	5000	public	294158333	1
491299	5500	public	313591667	1
491299	6000	public	328441667	1
491299	6500	public	333666667	1
491299	7000	public	349800000	1
491299	7500	public	356950000	1
491299	8000	public	368500000	1
491299	8500	public	375925000	1
491299	9000	public	379958333	1
491299	9500	public	388758333	1
491299	10000	public	392333333	1
491299	10500	public	390683333	1
491299	11000	public	392700000	1
491299	11500	public	389216667	1
491299	12000	public	382616667	1
491299	12500	public	388025000	1
491299	13000	public	400033333	1
491299	13500	public	404983333	1
491299	14000	public	402416667	1
491299	14500	public	395633333	1
491299	15000	public	399391667	1
491299	15500	public	394900000	1
491299	16000	public	390316667	1
491299	16500	public	384541667	1
491299	17000	public	378400000	1
491299	17500	public	389033333	1
491299	18000	public	382616667	1
491299	18500	public	372075000	1
491299	19000	public	379225000	1
491299	4000	private	257675000	1
491299	4500	private	281325000	1
491299	5000	private	299789286	1
491299	5500	private	311103571	1
491299	6000	private	330667857	1
491299	6500	private	335500000	1
491299	7000	private	343514286	1
491299	7500	private	355378571	1
491299	8000	private	359071429	1
491299	8500	private	364532143	1
491299	9000	private	366732143	1
491299	9500	private	370032143	1
491299	10000	private	378714286	1
491299	10500	private	370778571	1
491299	11000	private	367557143	1
491299	11500	private	366692857	1
491299	12000	private	370307143	1
491299	12500	private	373489286	1
491299	13000	private	370700000	1
491299	13500	private	370935714	1
491299	14000	private	366535714	1
491299	14500	private	368657143	1
491299	15000	private	366260714	1
491299	15500	private	361114286	1
491299	16000	private	356007143	1
491299	16500	private	356125000	1
491299	17000	private	350114286	1
491299	17500	private	343200000	1
491299	18000	private	337307143	1
491299	18500	private	333182143	1
491299	19000	private	330903571	1
531911	4000	public	268125000	1
531911	4500	public	285450000	1
531911	5000	public	308916667	1
531911	5500	public	323400000	1
531911	6000	public	337700000	1
531911	6500	public	337883333	1
531911	7000	public	350533333	1
531911	7500	public	370241667	1
531911	8000	public	381516667	1
531911	8500	public	382891667	1
531911	9000	public	390500000	1
531911	9500	public	388850000	1
531911	10000	public	392975000	1
531911	10500	public	390775000	1
531911	11000	public	384725000	1
531911	11500	public	386466667	1
531911	12000	public	394533333	1
531911	12500	public	387291667	1
531911	13000	public	382983333	1
531911	13500	public	393341667	1
531911	14000	public	3.96e+08	1
531911	14500	public	400491667	1
531911	15000	public	408008333	1
531911	15500	public	401775000	1
531911	16000	public	395725000	1
531911	16500	public	385550000	1
531911	17000	public	389308333	1
531911	17500	public	379041667	1
531911	18000	public	373725000	1
531911	18500	public	365566667	1
531911	19000	public	368133333	1
531911	4000	private	268517857	1
531911	4500	private	280735714	1
531911	5000	private	301321429	1
531911	5500	private	310042857	1
531911	6000	private	318842857	1
531911	6500	private	327407143	1
531911	7000	private	341628571	1
531911	7500	private	355967857	1
531911	8000	private	366064286	1
531911	8500	private	363117857	1
531911	9000	private	365357143	1
531911	9500	private	368421429	1
531911	10000	private	372153571	1
531911	10500	private	369167857	1
531911	11000	private	369403571	1
531911	11500	private	367871429	1
531911	12000	private	363628571	1
531911	12500	private	375375000	1
531911	13000	private	385864286	1
531911	13500	private	380639286	1
531911	14000	private	377142857	1
531911	14500	private	371289286	1
531911	15000	private	375139286	1
531911	15500	private	364453571	1
531911	16000	private	363117857	1
531911	16500	private	358835714	1
531911	17000	private	354867857	1
531911	17500	private	349053571	1
531911	18000	private	345832143	1
531911	18500	private	342257143	1
531911	19000	private	337228571	1
542981	4000	public	250250000	1
542981	4500	public	287833333	1
542981	5000	public	312216667	1
542981	5500	public	316066667	1
542981	6000	public	331375000	1
542981	6500	public	353466667	1
542981	7000	public	354383333	1
542981	7500	public	366116667	1
542981	8000	public	378216667	1
542981	8500	public	375650000	1
542981	9000	public	379958333	1
542981	9500	public	377758333	1
542981	10000	public	378400000	1
542981	10500	public	372533333	1
542981	11000	public	370700000	1
542981	11500	public	374733333	1
542981	12000	public	381516667	1
542981	12500	public	391050000	1
542981	13000	public	387750000	1
542981	13500	public	396733333	1
542981	14000	public	398016667	1
542981	14500	public	388300000	1
542981	15000	public	3.85e+08	1
542981	15500	public	375558333	1
542981	16000	public	377483333	1
542981	16500	public	377941667	1
542981	17000	public	370975000	1
542981	17500	public	376475000	1
542981	18000	public	371158333	1
542981	18500	public	371341667	1
542981	19000	public	364741667	1
542981	4000	private	271464286	1
542981	4500	private	282857143	1
542981	5000	private	301478571	1
542981	5500	private	310042857	1
542981	6000	private	329410714	1
542981	6500	private	339585714	1
542981	7000	private	349407143	1
542981	7500	private	343592857	1
542981	8000	private	350192857	1
542981	8500	private	358364286	1
542981	9000	private	362017857	1
542981	9500	private	363746429	1
542981	10000	private	361114286	1
542981	10500	private	361271429	1
542981	11000	private	365985714	1
542981	11500	private	363471429	1
542981	12000	private	361350000	1
542981	12500	private	358050000	1
542981	13000	private	366535714	1
542981	13500	private	372900000	1
542981	14000	private	366850000	1
542981	14500	private	365514286	1
542981	15000	private	367714286	1
542981	15500	private	359975000	1
542981	16000	private	353650000	1
542981	16500	private	349525000	1
542981	17000	private	348582143	1
542981	17500	private	342296429	1
542981	18000	private	335932143	1
542981	18500	private	325639286	1
542981	19000	private	327682143	1
817111	4000	public	263908333	1
817111	4500	public	273900000	1
817111	5000	public	301308333	1
817111	5500	public	323675000	1
817111	6000	public	338525000	1
817111	6500	public	358141667	1
817111	7000	public	363091667	1
817111	7500	public	367308333	1
817111	8000	public	371158333	1
817111	8500	public	375375000	1
817111	9000	public	377575000	1
817111	9500	public	381975000	1
817111	10000	public	382708333	1
817111	10500	public	390225000	1
817111	11000	public	384083333	1
817111	11500	public	378583333	1
817111	12000	public	379866667	1
817111	12500	public	377300000	1
817111	13000	public	383075000	1
817111	13500	public	389033333	1
817111	14000	public	387383333	1
817111	14500	public	383991667	1
817111	15000	public	389125000	1
817111	15500	public	386925000	1
817111	16000	public	387291667	1
817111	16500	public	392791667	1
817111	17000	public	390408333	1
817111	17500	public	386100000	1
817111	18000	public	380141667	1
817111	18500	public	373541667	1
817111	19000	public	367858333	1
817111	4000	private	264039286	1
817111	4500	private	287257143	1
817111	5000	private	303010714	1
817111	5500	private	311496429	1
817111	6000	private	324775000	1
817111	6500	private	337582143	1
817111	7000	private	350389286	1
817111	7500	private	357225000	1
817111	8000	private	367360714	1
817111	8500	private	363196429	1
817111	9000	private	366182143	1
817111	9500	private	368225000	1
817111	10000	private	367125000	1
817111	10500	private	374117857	1
817111	11000	private	375964286	1
817111	11500	private	372821429	1
817111	12000	private	365200000	1
817111	12500	private	368657143	1
817111	13000	private	363825000	1
817111	13500	private	360485714	1
817111	14000	private	357264286	1
817111	14500	private	361075000	1
817111	15000	private	361232143	1
817111	15500	private	359817857	1
817111	16000	private	354160714	1
817111	16500	private	351017857	1
817111	17000	private	343396429	1
817111	17500	private	342885714	1
817111	18000	private	333653571	1
817111	18500	private	330982143	1
817111	19000	private	327917857	1
862307	4000	public	259325000	1
862307	4500	public	273625000	1
862307	5000	public	286366667	1
862307	5500	public	302683333	1
862307	6000	public	339258333	1
862307	6500	public	343750000	1
862307	7000	public	353283333	1
862307	7500	public	360066667	1
862307	8000	public	382341667	1
862307	8500	public	380508333	1
862307	9000	public	374091667	1
862307	9500	public	389400000	1
862307	10000	public	390041667	1
862307	10500	public	376016667	1
862307	11000	public	383075000	1
862307	11500	public	380325000	1
862307	12000	public	375466667	1
862307	12500	public	380508333	1
862307	13000	public	386741667	1
862307	13500	public	394350000	1
862307	14000	public	390133333	1
862307	14500	public	391141667	1
862307	15000	public	389308333	1
862307	15500	public	381883333	1
862307	16000	public	389400000	1
862307	16500	public	386466667	1
862307	17000	public	380875000	1
862307	17500	public	380508333	1
862307	18000	public	377391667	1
862307	18500	public	376200000	1
862307	19000	public	365016667	1
862307	4000	private	255003571	1
862307	4500	private	276375000	1
862307	5000	private	290557143	1
862307	5500	private	304778571	1
862307	6000	private	326032143	1
862307	6500	private	334321429	1
862307	7000	private	334164286	1
862307	7500	private	347757143	1
862307	8000	private	362567857	1
862307	8500	private	364139286	1
862307	9000	private	366103571	1
862307	9500	private	372900000	1
862307	10000	private	371839286	1
862307	10500	private	375492857	1
862307	11000	private	376396429	1
862307	11500	private	372075000	1
862307	12000	private	371800000	1
862307	12500	private	371996429	1
862307	13000	private	366967857	1
862307	13500	private	373921429	1
862307	14000	private	373371429	1
862307	14500	private	369010714	1
862307	15000	private	362725000	1
862307	15500	private	361978571	1
862307	16000	private	354828571	1
862307	16500	private	347442857	1
862307	17000	private	341196429	1
862307	17500	private	338996429	1
862307	18000	private	334832143	1
862307	18500	private	334557143	1
862307	19000	private	327564286	1
141871	4000	public	250983333	2
141871	4500	public	278300000	2
141871	5000	public	293241667	2
141871	5500	public	300758333	2
141871	6000	public	323858333	2
141871	6500	public	343200000	2
141871	7000	public	362725000	2
141871	7500	public	366483333	2
141871	8000	public	370791667	2
141871	8500	public	374733333	2
141871	9000	public	370241667	2
141871	9500	public	369600000	2
141871	10000	public	373908333	2
141871	10500	public	377941667	2
141871	11000	public	388666667	2
141871	11500	public	385916667	2
141871	12000	public	393616667	2
141871	12500	public	398016667	2
141871	13000	public	395725000	2
141871	13500	public	400766667	2
141871	14000	public	393616667	2
141871	14500	public	380600000	2
141871	15000	public	379500000	2
141871	15500	public	375741667	2
141871	16000	public	369783333	2
141871	16500	public	3.63e+08	2
141871	17000	public	361166667	2
141871	17500	public	357958333	2
141871	18000	public	364650000	2
141871	18500	public	361441667	2
141871	19000	public	362266667	2
141871	4000	private	260150000	2
141871	4500	private	282228571	2
141871	5000	private	295467857	2
141871	5500	private	304032143	2
141871	6000	private	321632143	2
141871	6500	private	323557143	2
141871	7000	private	337975000	2
141871	7500	private	338721429	2
141871	8000	private	348660714	2
141871	8500	private	347757143	2
141871	9000	private	352039286	2
141871	9500	private	354671429	2
141871	10000	private	363039286	2
141871	10500	private	369953571	2
141871	11000	private	367714286	2
141871	11500	private	361821429	2
141871	12000	private	362450000	2
141871	12500	private	370778571	2
141871	13000	private	374117857	2
141871	13500	private	372742857	2
141871	14000	private	370307143	2
141871	14500	private	370385714	2
141871	15000	private	365357143	2
141871	15500	private	356753571	2
141871	16000	private	356950000	2
141871	16500	private	352785714	2
141871	17000	private	349642857	2
141871	17500	private	340803571	2
141871	18000	private	334007143	2
141871	18500	private	331453571	2
141871	19000	private	324028571	2
152267	4000	public	269133333	2
152267	4500	public	284350000	2
152267	5000	public	289758333	2
152267	5500	public	305066667	2
152267	6000	public	319733333	2
152267	6500	public	335866667	2
152267	7000	public	351358333	2
152267	7500	public	352733333	2
152267	8000	public	360891667	2
152267	8500	public	362725000	2
152267	9000	public	383075000	2
152267	9500	public	378858333	2
152267	10000	public	368041667	2
152267	10500	public	364650000	2
152267	11000	public	368775000	2
152267	11500	public	395083333	2
152267	12000	public	399300000	2
152267	12500	public	388575000	2
152267	13000	public	382158333	2
152267	13500	public	375375000	2
152267	14000	public	378216667	2
152267	14500	public	379225000	2
152267	15000	public	378766667	2
152267	15500	public	379316667	2
152267	16000	public	385458333	2
152267	16500	public	380966667	2
152267	17000	public	367583333	2
152267	17500	public	365475000	2
152267	18000	public	359058333	2
152267	18500	public	361166667	2
152267	19000	public	354108333	2
152267	4000	private	261800000	2
152267	4500	private	282778571	2
152267	5000	private	285960714	2
152267	5500	private	308471429	2
152267	6000	private	313971429	2
152267	6500	private	334557143	2
152267	7000	private	338132143	2
152267	7500	private	344614286	2
152267	8000	private	349760714	2
152267	8500	private	343475000	2
152267	9000	private	355967857	2
152267	9500	private	363275000	2
152267	10000	private	362410714	2
152267	10500	private	367792857	2
152267	11000	private	374667857	2
152267	11500	private	376750000	2
152267	12000	private	377300000	2
152267	12500	private	381110714	2
152267	13000	private	372075000	2
152267	13500	private	367910714	2
152267	14000	private	361192857	2
152267	14500	private	356832143	2
152267	15000	private	359385714	2
152267	15500	private	356792857	2
152267	16000	private	356517857	2
152267	16500	private	348228571	2
152267	17000	private	346892857	2
152267	17500	private	345439286	2
152267	18000	private	339546429	2
152267	18500	private	328428571	2
152267	19000	private	322810714	2
166297	4000	public	261708333	2
166297	4500	public	273441667	2
166297	5000	public	278025000	2
166297	5500	public	294708333	2
166297	6000	public	324683333	2
166297	6500	public	344300000	2
166297	7000	public	351816667	2
166297	7500	public	359975000	2
166297	8000	public	360800000	2
166297	8500	public	365291667	2
166297	9000	public	380783333	2
166297	9500	public	378766667	2
166297	10000	public	379683333	2
166297	10500	public	372991667	2
166297	11000	public	373266667	2
166297	11500	public	380875000	2
166297	12000	public	385183333	2
166297	12500	public	393066667	2
166297	13000	public	383900000	2
166297	13500	public	391783333	2
166297	14000	public	401133333	2
166297	14500	public	399758333	2
166297	15000	public	400400000	2
166297	15500	public	386558333	2
166297	16000	public	383166667	2
166297	16500	public	376475000	2
166297	17000	public	370333333	2
166297	17500	public	370791667	2
166297	18000	public	370608333	2
166297	18500	public	371800000	2
166297	19000	public	365291667	2
166297	4000	private	271267857	2
166297	4500	private	284310714	2
166297	5000	private	297275000	2
166297	5500	private	309767857	2
166297	6000	private	321278571	2
166297	6500	private	327800000	2
166297	7000	private	337935714	2
166297	7500	private	346225000	2
166297	8000	private	345085714	2
166297	8500	private	359660714	2
166297	9000	private	371092857	2
166297	9500	private	368028571	2
166297	10000	private	363707143	2
166297	10500	private	365789286	2
166297	11000	private	371171429	2
166297	11500	private	374982143	2
166297	12000	private	375492857	2
166297	12500	private	377614286	2
166297	13000	private	388614286	2
166297	13500	private	379735714	2
166297	14000	private	379657143	2
166297	14500	private	377889286	2
166297	15000	private	370542857	2
166297	15500	private	370975000	2
166297	16000	private	366928571	2
166297	16500	private	358010714	2
166297	17000	private	3.52e+08	2
166297	17500	private	341589286	2
166297	18000	private	339310714	2
166297	18500	private	331728571	2
166297	19000	private	325875000	2
188179	4000	public	253916667	2
188179	4500	public	273258333	2
188179	5000	public	286183333	2
188179	5500	public	307725000	2
188179	6000	public	323491667	2
188179	6500	public	339533333	2
188179	7000	public	345308333	2
188179	7500	public	360341667	2
188179	8000	public	349066667	2
188179	8500	public	358141667	2
188179	9000	public	363366667	2
188179	9500	public	372808333	2
188179	10000	public	373175000	2
188179	10500	public	375925000	2
188179	11000	public	373175000	2
188179	11500	public	383350000	2
188179	12000	public	389950000	2
188179	12500	public	395266667	2
188179	13000	public	387933333	2
188179	13500	public	387108333	2
188179	14000	public	384083333	2
188179	14500	public	375741667	2
188179	15000	public	375008333	2
188179	15500	public	375650000	2
188179	16000	public	366483333	2
188179	16500	public	377941667	2
188179	17000	public	371708333	2
188179	17500	public	370975000	2
188179	18000	public	361625000	2
188179	18500	public	361258333	2
188179	19000	public	361716667	2
188179	4000	private	268321429	2
188179	4500	private	282817857	2
188179	5000	private	293778571	2
188179	5500	private	307332143	2
188179	6000	private	320217857	2
188179	6500	private	329842857	2
188179	7000	private	332867857	2
188179	7500	private	338210714	2
188179	8000	private	346971429	2
188179	8500	private	353296429	2
188179	9000	private	348700000	2
188179	9500	private	354867857	2
188179	10000	private	357067857	2
188179	10500	private	366103571	2
188179	11000	private	369639286	2
188179	11500	private	367635714	2
188179	12000	private	375021429	2
188179	12500	private	371957143	2
188179	13000	private	375885714	2
188179	13500	private	366025000	2
188179	14000	private	361821429	2
188179	14500	private	359896429	2
188179	15000	private	359425000	2
188179	15500	private	361507143	2
188179	16000	private	352078571	2
188179	16500	private	346382143	2
188179	17000	private	337267857	2
188179	17500	private	332082143	2
188179	18000	private	332160714	2
188179	18500	private	326817857	2
188179	19000	private	325835714	2
405157	4000	public	267941667	2
405157	4500	public	277200000	2
405157	5000	public	278300000	2
405157	5500	public	297825000	2
405157	6000	public	317350000	2
405157	6500	public	339900000	2
405157	7000	public	345033333	2
405157	7500	public	356125000	2
405157	8000	public	368316667	2
405157	8500	public	373541667	2
405157	9000	public	385275000	2
405157	9500	public	377666667	2
405157	10000	public	385550000	2
405157	10500	public	382066667	2
405157	11000	public	379591667	2
405157	11500	public	372716667	2
405157	12000	public	373816667	2
405157	12500	public	376291667	2
405157	13000	public	376933333	2
405157	13500	public	388941667	2
405157	14000	public	382891667	2
405157	14500	public	380325000	2
405157	15000	public	382708333	2
405157	15500	public	377300000	2
405157	16000	public	378216667	2
405157	16500	public	381791667	2
405157	17000	public	371616667	2
405157	17500	public	384541667	2
405157	18000	public	378583333	2
405157	18500	public	371158333	2
405157	19000	public	371800000	2
405157	4000	private	265453571	2
405157	4500	private	273271429	2
405157	5000	private	295585714	2
405157	5500	private	305289286	2
405157	6000	private	321278571	2
405157	6500	private	329685714	2
405157	7000	private	339271429	2
405157	7500	private	341589286	2
405157	8000	private	346578571	2
405157	8500	private	360839286	2
405157	9000	private	361310714	2
405157	9500	private	359071429	2
405157	10000	private	356478571	2
405157	10500	private	361900000	2
405157	11000	private	362175000	2
405157	11500	private	375335714	2
405157	12000	private	378792857	2
405157	12500	private	365946429	2
405157	13000	private	366457143	2
405157	13500	private	371525000	2
405157	14000	private	371760714	2
405157	14500	private	370503571	2
405157	15000	private	360839286	2
405157	15500	private	356085714	2
405157	16000	private	353335714	2
405157	16500	private	346303571	2
405157	17000	private	342021429	2
405157	17500	private	335696429	2
405157	18000	private	334321429	2
405157	18500	private	325717857	2
405157	19000	private	318371429	2
491299	4000	public	256758333	2
491299	4500	public	274083333	2
491299	5000	public	294800000	2
491299	5500	public	309650000	2
491299	6000	public	324683333	2
491299	6500	public	339991667	2
491299	7000	public	354566667	2
491299	7500	public	347966667	2
491299	8000	public	356033333	2
491299	8500	public	379958333	2
491299	9000	public	384633333	2
491299	9500	public	390591667	2
491299	10000	public	391875000	2
491299	10500	public	392791667	2
491299	11000	public	385458333	2
491299	11500	public	391783333	2
491299	12000	public	402233333	2
491299	12500	public	396458333	2
491299	13000	public	390866667	2
491299	13500	public	389491667	2
491299	14000	public	384541667	2
491299	14500	public	372350000	2
491299	15000	public	366575000	2
491299	15500	public	364375000	2
491299	16000	public	377666667	2
491299	16500	public	366025000	2
491299	17000	public	355025000	2
491299	17500	public	358416667	2
491299	18000	public	354108333	2
491299	18500	public	350533333	2
491299	19000	public	343566667	2
491299	4000	private	268675000	2
491299	4500	private	288750000	2
491299	5000	private	293228571	2
491299	5500	private	301792857	2
491299	6000	private	311850000	2
491299	6500	private	331217857	2
491299	7000	private	347757143	2
491299	7500	private	352942857	2
491299	8000	private	364414286	2
491299	8500	private	361232143	2
491299	9000	private	364728571	2
491299	9500	private	361389286	2
491299	10000	private	369482143	2
491299	10500	private	374589286	2
491299	11000	private	370660714	2
491299	11500	private	370307143	2
491299	12000	private	371328571	2
491299	12500	private	374589286	2
491299	13000	private	374628571	2
491299	13500	private	379146429	2
491299	14000	private	375767857	2
491299	14500	private	367635714	2
491299	15000	private	370896429	2
491299	15500	private	364767857	2
491299	16000	private	364571429	2
491299	16500	private	357775000	2
491299	17000	private	355417857	2
491299	17500	private	350035714	2
491299	18000	private	341667857	2
491299	18500	private	334557143	2
491299	19000	private	327328571	2
531911	4000	public	246858333	2
531911	4500	public	278300000	2
531911	5000	public	294891667	2
531911	5500	public	316158333	2
531911	6000	public	326791667	2
531911	6500	public	339075000	2
531911	7000	public	355483333	2
531911	7500	public	359608333	2
531911	8000	public	371800000	2
531911	8500	public	372258333	2
531911	9000	public	375100000	2
531911	9500	public	379775000	2
531911	10000	public	383900000	2
531911	10500	public	376200000	2
531911	11000	public	378308333	2
531911	11500	public	375650000	2
531911	12000	public	369600000	2
531911	12500	public	378400000	2
531911	13000	public	380416667	2
531911	13500	public	375100000	2
531911	14000	public	376200000	2
531911	14500	public	377758333	2
531911	15000	public	371250000	2
531911	15500	public	363275000	2
531911	16000	public	371433333	2
531911	16500	public	368041667	2
531911	17000	public	361808333	2
531911	17500	public	364741667	2
531911	18000	public	364833333	2
531911	18500	public	370425000	2
531911	19000	public	360800000	2
531911	4000	private	272917857	2
531911	4500	private	282228571	2
531911	5000	private	294760714	2
531911	5500	private	308432143	2
531911	6000	private	323517857	2
531911	6500	private	333182143	2
531911	7000	private	336364286	2
531911	7500	private	338525000	2
531911	8000	private	346657143	2
531911	8500	private	344103571	2
531911	9000	private	345242857	2
531911	9500	private	355025000	2
531911	10000	private	369757143	2
531911	10500	private	367557143	2
531911	11000	private	364296429	2
531911	11500	private	364650000	2
531911	12000	private	363314286	2
531911	12500	private	365042857	2
531911	13000	private	366535714	2
531911	13500	private	368028571	2
531911	14000	private	365200000	2
531911	14500	private	365317857	2
531911	15000	private	359464286	2
531911	15500	private	355810714	2
531911	16000	private	346814286	2
531911	16500	private	344339286	2
531911	17000	private	339939286	2
531911	17500	private	339467857	2
531911	18000	private	332357143	2
531911	18500	private	324460714	2
531911	19000	private	316800000	2
542981	4000	public	268491667	2
542981	4500	public	284441667	2
542981	5000	public	296175000	2
542981	5500	public	311575000	2
542981	6000	public	330641667	2
542981	6500	public	332383333	2
542981	7000	public	340816667	2
542981	7500	public	346316667	2
542981	8000	public	365475000	2
542981	8500	public	369141667	2
542981	9000	public	381791667	2
542981	9500	public	374366667	2
542981	10000	public	371800000	2
542981	10500	public	373450000	2
542981	11000	public	374366667	2
542981	11500	public	385916667	2
542981	12000	public	386650000	2
542981	12500	public	383808333	2
542981	13000	public	386466667	2
542981	13500	public	377666667	2
542981	14000	public	367950000	2
542981	14500	public	376291667	2
542981	15000	public	375833333	2
542981	15500	public	369325000	2
542981	16000	public	369966667	2
542981	16500	public	357683333	2
542981	17000	public	355575000	2
542981	17500	public	355391667	2
542981	18000	public	348791667	2
542981	18500	public	356033333	2
542981	19000	public	353650000	2
542981	4000	private	257360714	2
542981	4500	private	281167857	2
542981	5000	private	291067857	2
542981	5500	private	304110714	2
542981	6000	private	315582143	2
542981	6500	private	329764286	2
542981	7000	private	337935714	2
542981	7500	private	348935714	2
542981	8000	private	352510714	2
542981	8500	private	350153571	2
542981	9000	private	358089286	2
542981	9500	private	358914286	2
542981	10000	private	362371429	2
542981	10500	private	368735714	2
542981	11000	private	375414286	2
542981	11500	private	371250000	2
542981	12000	private	370150000	2
542981	12500	private	372153571	2
542981	13000	private	371800000	2
542981	13500	private	373214286	2
542981	14000	private	376592857	2
542981	14500	private	372232143	2
542981	15000	private	366928571	2
542981	15500	private	357932143	2
542981	16000	private	349014286	2
542981	16500	private	340921429	2
542981	17000	private	334753571	2
542981	17500	private	330903571	2
542981	18000	private	329803571	2
542981	18500	private	330628571	2
542981	19000	private	327721429	2
817111	4000	public	257308333	2
817111	4500	public	265375000	2
817111	5000	public	275183333	2
817111	5500	public	313500000	2
817111	6000	public	333941667	2
817111	6500	public	338250000	2
817111	7000	public	350350000	2
817111	7500	public	366116667	2
817111	8000	public	368775000	2
817111	8500	public	365383333	2
817111	9000	public	369875000	2
817111	9500	public	371341667	2
817111	10000	public	375558333	2
817111	10500	public	380508333	2
817111	11000	public	389400000	2
817111	11500	public	386741667	2
817111	12000	public	399025000	2
817111	12500	public	405991667	2
817111	13000	public	402600000	2
817111	13500	public	3.96e+08	2
817111	14000	public	381516667	2
817111	14500	public	379408333	2
817111	15000	public	370975000	2
817111	15500	public	369600000	2
817111	16000	public	359791667	2
817111	16500	public	367400000	2
817111	17000	public	363458333	2
817111	17500	public	367583333	2
817111	18000	public	360066667	2
817111	18500	public	360433333	2
817111	19000	public	366758333	2
817111	4000	private	270010714	2
817111	4500	private	283053571	2
817111	5000	private	296921429	2
817111	5500	private	303285714	2
817111	6000	private	318882143	2
817111	6500	private	330392857	2
817111	7000	private	343278571	2
817111	7500	private	349878571	2
817111	8000	private	351096429	2
817111	8500	private	348621429	2
817111	9000	private	353767857	2
817111	9500	private	364925000	2
817111	10000	private	362332143	2
817111	10500	private	365710714	2
817111	11000	private	364257143	2
817111	11500	private	364610714	2
817111	12000	private	367989286	2
817111	12500	private	365789286	2
817111	13000	private	377457143	2
817111	13500	private	377928571	2
817111	14000	private	377064286	2
817111	14500	private	377182143	2
817111	15000	private	370582143	2
817111	15500	private	360957143	2
817111	16000	private	350232143	2
817111	16500	private	349328571	2
817111	17000	private	347089286	2
817111	17500	private	339821429	2
817111	18000	private	332828571	2
817111	18500	private	330314286	2
817111	19000	private	320532143	2
862307	4000	public	265650000	2
862307	4500	public	278575000	2
862307	5000	public	289758333	2
862307	5500	public	304791667	2
862307	6000	public	326975000	2
862307	6500	public	338708333	2
862307	7000	public	344208333	2
862307	7500	public	345583333	2
862307	8000	public	356858333	2
862307	8500	public	366025000	2
862307	9000	public	367033333	2
862307	9500	public	378033333	2
862307	10000	public	390133333	2
862307	10500	public	391508333	2
862307	11000	public	394075000	2
862307	11500	public	388208333	2
862307	12000	public	395908333	2
862307	12500	public	400675000	2
862307	13000	public	394991667	2
862307	13500	public	386191667	2
862307	14000	public	388116667	2
862307	14500	public	379041667	2
862307	15000	public	379041667	2
862307	15500	public	380141667	2
862307	16000	public	373633333	2
862307	16500	public	377575000	2
862307	17000	public	377850000	2
862307	17500	public	374641667	2
862307	18000	public	369050000	2
862307	18500	public	358783333	2
862307	19000	public	352275000	2
862307	4000	private	253864286	2
862307	4500	private	282110714	2
862307	5000	private	296960714	2
862307	5500	private	300732143	2
862307	6000	private	321867857	2
862307	6500	private	331767857	2
862307	7000	private	342767857	2
862307	7500	private	349250000	2
862307	8000	private	353060714	2
862307	8500	private	353060714	2
862307	9000	private	356557143	2
862307	9500	private	355771429	2
862307	10000	private	362371429	2
862307	10500	private	365710714	2
862307	11000	private	359110714	2
862307	11500	private	363982143	2
862307	12000	private	361467857	2
862307	12500	private	366496429	2
862307	13000	private	361860714	2
862307	13500	private	366417857	2
862307	14000	private	367950000	2
862307	14500	private	371053571	2
862307	15000	private	370267857	2
862307	15500	private	359582143	2
862307	16000	private	356871429	2
862307	16500	private	355967857	2
862307	17000	private	347207143	2
862307	17500	private	343082143	2
862307	18000	private	336835714	2
862307	18500	private	327878571	2
862307	19000	private	320453571	2
141871	4000	public	256575000	3
141871	4500	public	272800000	3
141871	5000	public	291775000	3
141871	5500	public	300208333	3
141871	6000	public	311025000	3
141871	6500	public	333850000	3
141871	7000	public	353833333	3
141871	7500	public	365658333	3
141871	8000	public	358508333	3
141871	8500	public	353008333	3
141871	9000	public	368225000	3
141871	9500	public	380416667	3
141871	10000	public	374825000	3
141871	10500	public	376291667	3
141871	11000	public	372991667	3
141871	11500	public	381333333	3
141871	12000	public	378766667	3
141871	12500	public	375466667	3
141871	13000	public	383625000	3
141871	13500	public	381975000	3
141871	14000	public	383441667	3
141871	14500	public	380966667	3
141871	15000	public	385275000	3
141871	15500	public	383716667	3
141871	16000	public	384633333	3
141871	16500	public	377575000	3
141871	17000	public	371433333	3
141871	17500	public	361625000	3
141871	18000	public	357775000	3
141871	18500	public	358691667	3
141871	19000	public	348150000	3
141871	4000	private	268753571	3
141871	4500	private	289300000	3
141871	5000	private	303953571	3
141871	5500	private	313696429	3
141871	6000	private	319275000	3
141871	6500	private	336992857	3
141871	7000	private	346500000	3
141871	7500	private	346932143	3
141871	8000	private	352353571	3
141871	8500	private	349210714	3
141871	9000	private	357617857	3
141871	9500	private	361035714	3
141871	10000	private	372075000	3
141871	10500	private	380089286	3
141871	11000	private	383860714	3
141871	11500	private	388928571	3
141871	12000	private	382957143	3
141871	12500	private	386728571	3
141871	13000	private	384017857	3
141871	13500	private	377653571	3
141871	14000	private	384096429	3
141871	14500	private	382800000	3
141871	15000	private	375453571	3
141871	15500	private	370621429	3
141871	16000	private	361585714	3
141871	16500	private	357539286	3
141871	17000	private	349957143	3
141871	17500	private	345517857	3
141871	18000	private	340096429	3
141871	18500	private	331060714	3
141871	19000	private	322221429	3
152267	4000	public	259875000	3
152267	4500	public	274816667	3
152267	5000	public	287833333	3
152267	5500	public	299291667	3
152267	6000	public	318266667	3
152267	6500	public	330550000	3
152267	7000	public	339258333	3
152267	7500	public	335041667	3
152267	8000	public	344483333	3
152267	8500	public	357041667	3
152267	9000	public	390041667	3
152267	9500	public	391691667	3
152267	10000	public	400766667	3
152267	10500	public	397375000	3
152267	11000	public	392608333	3
152267	11500	public	386191667	3
152267	12000	public	371800000	3
152267	12500	public	382800000	3
152267	13000	public	383991667	3
152267	13500	public	391966667	3
152267	14000	public	404525000	3
152267	14500	public	397833333	3
152267	15000	public	405900000	3
152267	15500	public	401775000	3
152267	16000	public	398016667	3
152267	16500	public	396458333	3
152267	17000	public	386283333	3
152267	17500	public	372258333	3
152267	18000	public	362725000	3
152267	18500	public	350166667	3
152267	19000	public	346683333	3
152267	4000	private	273625000	3
152267	4500	private	285292857	3
152267	5000	private	304071429	3
152267	5500	private	318803571	3
152267	6000	private	325600000	3
152267	6500	private	333692857	3
152267	7000	private	343317857	3
152267	7500	private	345910714	3
152267	8000	private	344221429	3
152267	8500	private	336482143	3
152267	9000	private	338839286	3
152267	9500	private	359346429	3
152267	10000	private	373528571	3
152267	10500	private	378910714	3
152267	11000	private	380167857	3
152267	11500	private	382132143	3
152267	12000	private	387514286	3
152267	12500	private	380442857	3
152267	13000	private	372860714	3
152267	13500	private	381228571	3
152267	14000	private	378203571	3
152267	14500	private	375571429	3
152267	15000	private	377614286	3
152267	15500	private	377025000	3
152267	16000	private	366850000	3
152267	16500	private	357303571	3
152267	17000	private	351450000	3
152267	17500	private	342532143	3
152267	18000	private	331689286	3
152267	18500	private	328428571	3
152267	19000	private	325992857	3
166297	4000	public	264733333	3
166297	4500	public	279308333	3
166297	5000	public	291866667	3
166297	5500	public	293516667	3
166297	6000	public	314783333	3
166297	6500	public	334125000	3
166297	7000	public	342375000	3
166297	7500	public	353375000	3
166297	8000	public	358508333	3
166297	8500	public	355941667	3
166297	9000	public	367858333	3
166297	9500	public	372716667	3
166297	10000	public	382066667	3
166297	10500	public	377666667	3
166297	11000	public	379591667	3
166297	11500	public	376658333	3
166297	12000	public	376658333	3
166297	12500	public	378858333	3
166297	13000	public	376108333	3
166297	13500	public	372075000	3
166297	14000	public	381516667	3
166297	14500	public	385091667	3
166297	15000	public	385733333	3
166297	15500	public	378400000	3
166297	16000	public	371708333	3
166297	16500	public	365566667	3
166297	17000	public	369783333	3
166297	17500	public	359791667	3
166297	18000	public	352825000	3
166297	18500	public	342650000	3
166297	19000	public	338800000	3
166297	4000	private	265257143	3
166297	4500	private	284939286	3
166297	5000	private	307057143	3
166297	5500	private	318135714	3
166297	6000	private	319235714	3
166297	6500	private	332160714	3
166297	7000	private	334125000	3
166297	7500	private	338053571	3
166297	8000	private	346067857	3
166297	8500	private	351096429	3
166297	9000	private	362489286	3
166297	9500	private	365907143	3
166297	10000	private	367400000	3
166297	10500	private	370071429	3
166297	11000	private	374746429	3
166297	11500	private	383075000	3
166297	12000	private	383860714	3
166297	12500	private	378989286	3
166297	13000	private	376239286	3
166297	13500	private	377182143	3
166297	14000	private	380207143	3
166297	14500	private	377889286	3
166297	15000	private	372114286	3
166297	15500	private	361900000	3
166297	16000	private	354553571	3
166297	16500	private	348542857	3
166297	17000	private	341235714	3
166297	17500	private	336875000	3
166297	18000	private	326503571	3
166297	18500	private	328507143	3
166297	19000	private	321514286	3
188179	4000	public	265283333	3
188179	4500	public	273350000	3
188179	5000	public	284716667	3
188179	5500	public	314691667	3
188179	6000	public	321658333	3
188179	6500	public	336966667	3
188179	7000	public	344483333	3
188179	7500	public	360250000	3
188179	8000	public	373725000	3
188179	8500	public	371708333	3
188179	9000	public	368591667	3
188179	9500	public	361258333	3
188179	10000	public	381241667	3
188179	10500	public	385641667	3
188179	11000	public	380416667	3
188179	11500	public	388575000	3
188179	12000	public	385641667	3
188179	12500	public	387200000	3
188179	13000	public	387658333	3
188179	13500	public	392058333	3
188179	14000	public	383808333	3
188179	14500	public	395358333	3
188179	15000	public	390133333	3
188179	15500	public	381975000	3
188179	16000	public	383808333	3
188179	16500	public	385641667	3
188179	17000	public	374825000	3
188179	17500	public	371983333	3
188179	18000	public	365291667	3
188179	18500	public	357866667	3
188179	19000	public	349158333	3
188179	4000	private	265021429	3
188179	4500	private	278064286	3
188179	5000	private	294407143	3
188179	5500	private	309060714	3
188179	6000	private	319432143	3
188179	6500	private	340371429	3
188179	7000	private	352078571	3
188179	7500	private	349250000	3
188179	8000	private	347403571	3
188179	8500	private	344339286	3
188179	9000	private	348032143	3
188179	9500	private	362960714	3
188179	10000	private	363039286	3
188179	10500	private	371367857	3
188179	11000	private	374392857	3
188179	11500	private	376396429	3
188179	12000	private	378439286	3
188179	12500	private	378557143	3
188179	13000	private	382289286	3
188179	13500	private	379617857	3
188179	14000	private	379225000	3
188179	14500	private	379775000	3
188179	15000	private	374942857	3
188179	15500	private	363510714	3
188179	16000	private	352510714	3
188179	16500	private	344653571	3
188179	17000	private	337503571	3
188179	17500	private	336364286	3
188179	18000	private	330589286	3
188179	18500	private	321985714	3
188179	19000	private	321789286	3
405157	4000	public	260608333	3
405157	4500	public	283708333	3
405157	5000	public	284991667	3
405157	5500	public	300300000	3
405157	6000	public	318725000	3
405157	6500	public	326425000	3
405157	7000	public	349708333	3
405157	7500	public	361350000	3
405157	8000	public	366666667	3
405157	8500	public	367858333	3
405157	9000	public	366116667	3
405157	9500	public	363366667	3
405157	10000	public	372258333	3
405157	10500	public	377758333	3
405157	11000	public	369600000	3
405157	11500	public	366208333	3
405157	12000	public	360250000	3
405157	12500	public	371891667	3
405157	13000	public	373266667	3
405157	13500	public	377666667	3
405157	14000	public	389858333	3
405157	14500	public	391141667	3
405157	15000	public	379683333	3
405157	15500	public	388666667	3
405157	16000	public	381608333	3
405157	16500	public	382066667	3
405157	17000	public	371433333	3
405157	17500	public	361166667	3
405157	18000	public	355025000	3
405157	18500	public	345400000	3
405157	19000	public	340450000	3
405157	4000	private	268596429	3
405157	4500	private	292482143	3
405157	5000	private	295860714	3
405157	5500	private	312085714	3
405157	6000	private	330117857	3
405157	6500	private	352746429	3
405157	7000	private	349839286	3
405157	7500	private	351921429	3
405157	8000	private	347285714	3
405157	8500	private	352275000	3
405157	9000	private	355378571	3
405157	9500	private	365200000	3
405157	10000	private	376317857	3
405157	10500	private	376317857	3
405157	11000	private	383742857	3
405157	11500	private	387553571	3
405157	12000	private	384607143	3
405157	12500	private	385117857	3
405157	13000	private	375885714	3
405157	13500	private	377928571	3
405157	14000	private	371917857	3
405157	14500	private	370582143	3
405157	15000	private	365278571	3
405157	15500	private	360642857	3
405157	16000	private	356596429	3
405157	16500	private	349328571	3
405157	17000	private	346814286	3
405157	17500	private	336285714	3
405157	18000	private	331846429	3
405157	18500	private	332042857	3
405157	19000	private	322378571	3
491299	4000	public	252908333	3
491299	4500	public	279491667	3
491299	5000	public	294800000	3
491299	5500	public	320466667	3
491299	6000	public	318175000	3
491299	6500	public	344300000	3
491299	7000	public	346041667	3
491299	7500	public	354016667	3
491299	8000	public	358783333	3
491299	8500	public	3.52e+08	3
491299	9000	public	356583333	3
491299	9500	public	368775000	3
491299	10000	public	380325000	3
491299	10500	public	373450000	3
491299	11000	public	371066667	3
491299	11500	public	376566667	3
491299	12000	public	377116667	3
491299	12500	public	378583333	3
491299	13000	public	391783333	3
491299	13500	public	390225000	3
491299	14000	public	396275000	3
491299	14500	public	390866667	3
491299	15000	public	401591667	3
491299	15500	public	394808333	3
491299	16000	public	388575000	3
491299	16500	public	380233333	3
491299	17000	public	374458333	3
491299	17500	public	371800000	3
491299	18000	public	358600000	3
491299	18500	public	357041667	3
491299	19000	public	354658333	3
491299	4000	private	275039286	3
491299	4500	private	283289286	3
491299	5000	private	299514286	3
491299	5500	private	309728571	3
491299	6000	private	322496429	3
491299	6500	private	335657143	3
491299	7000	private	338839286	3
491299	7500	private	345635714	3
491299	8000	private	355378571	3
491299	8500	private	359071429	3
491299	9000	private	367321429	3
491299	9500	private	372310714	3
491299	10000	private	376003571	3
491299	10500	private	375021429	3
491299	11000	private	381542857	3
491299	11500	private	383114286	3
491299	12000	private	380521429	3
491299	12500	private	380678571	3
491299	13000	private	377378571	3
491299	13500	private	381975000	3
491299	14000	private	380167857	3
491299	14500	private	376985714	3
491299	15000	private	371603571	3
491299	15500	private	367439286	3
491299	16000	private	361467857	3
491299	16500	private	354828571	3
491299	17000	private	345517857	3
491299	17500	private	341157143	3
491299	18000	private	339742857	3
491299	18500	private	330196429	3
491299	19000	private	324146429	3
531911	4000	public	261250000	3
531911	4500	public	283891667	3
531911	5000	public	291408333	3
531911	5500	public	295625000	3
531911	6000	public	307266667	3
531911	6500	public	336783333	3
531911	7000	public	337058333	3
531911	7500	public	344941667	3
531911	8000	public	355025000	3
531911	8500	public	370700000	3
531911	9000	public	379041667	3
531911	9500	public	373358333	3
531911	10000	public	378216667	3
531911	10500	public	376291667	3
531911	11000	public	376475000	3
531911	11500	public	381975000	3
531911	12000	public	383350000	3
531911	12500	public	391600000	3
531911	13000	public	391783333	3
531911	13500	public	395083333	3
531911	14000	public	394075000	3
531911	14500	public	392241667	3
531911	15000	public	404616667	3
531911	15500	public	402050000	3
531911	16000	public	400766667	3
531911	16500	public	392333333	3
531911	17000	public	379408333	3
531911	17500	public	372900000	3
531911	18000	public	366941667	3
531911	18500	public	361258333	3
531911	19000	public	359791667	3
531911	4000	private	265178571	3
531911	4500	private	281403571	3
531911	5000	private	296253571	3
531911	5500	private	312517857	3
531911	6000	private	322457143	3
531911	6500	private	338878571	3
531911	7000	private	350546429	3
531911	7500	private	351096429	3
531911	8000	private	344417857	3
531911	8500	private	346342857	3
531911	9000	private	354553571	3
531911	9500	private	357775000	3
531911	10000	private	362764286	3
531911	10500	private	372232143	3
531911	11000	private	382367857	3
531911	11500	private	376082143	3
531911	12000	private	380992857	3
531911	12500	private	379814286	3
531911	13000	private	377378571	3
531911	13500	private	375178571	3
531911	14000	private	370110714	3
531911	14500	private	370110714	3
531911	15000	private	367164286	3
531911	15500	private	362764286	3
531911	16000	private	356242857	3
531911	16500	private	348071429	3
531911	17000	private	344967857	3
531911	17500	private	343828571	3
531911	18000	private	336167857	3
531911	18500	private	328389286	3
531911	19000	private	318803571	3
542981	4000	public	257583333	3
542981	4500	public	267483333	3
542981	5000	public	284441667	3
542981	5500	public	292508333	3
542981	6000	public	303783333	3
542981	6500	public	325600000	3
542981	7000	public	352733333	3
542981	7500	public	346591667	3
542981	8000	public	351450000	3
542981	8500	public	349616667	3
542981	9000	public	369783333	3
542981	9500	public	377941667	3
542981	10000	public	366941667	3
542981	10500	public	383716667	3
542981	11000	public	378491667	3
542981	11500	public	378858333	3
542981	12000	public	383533333	3
542981	12500	public	386925000	3
542981	13000	public	388208333	3
542981	13500	public	397741667	3
542981	14000	public	402600000	3
542981	14500	public	397558333	3
542981	15000	public	391050000	3
542981	15500	public	388116667	3
542981	16000	public	378675000	3
542981	16500	public	372533333	3
542981	17000	public	371983333	3
542981	17500	public	361075000	3
542981	18000	public	355666667	3
542981	18500	public	360983333	3
542981	19000	public	347325000	3
542981	4000	private	273035714	3
542981	4500	private	285292857	3
542981	5000	private	308667857	3
542981	5500	private	312282143	3
542981	6000	private	322378571	3
542981	6500	private	334242857	3
542981	7000	private	339114286	3
542981	7500	private	347246429	3
542981	8000	private	349092857	3
542981	8500	private	356950000	3
542981	9000	private	353807143	3
542981	9500	private	351096429	3
542981	10000	private	362882143	3
542981	10500	private	370621429	3
542981	11000	private	383075000	3
542981	11500	private	385275000	3
542981	12000	private	387200000	3
542981	12500	private	381817857	3
542981	13000	private	378910714	3
542981	13500	private	377182143	3
542981	14000	private	375885714	3
542981	14500	private	374117857	3
542981	15000	private	368264286	3
542981	15500	private	370307143	3
542981	16000	private	360996429	3
542981	16500	private	353414286	3
542981	17000	private	343435714	3
542981	17500	private	341039286	3
542981	18000	private	331571429	3
542981	18500	private	323792857	3
542981	19000	private	321003571	3
817111	4000	public	272341667	3
817111	4500	public	276008333	3
817111	5000	public	284900000	3
817111	5500	public	308641667	3
817111	6000	public	312858333	3
817111	6500	public	333208333	3
817111	7000	public	359058333	3
817111	7500	public	368408333	3
817111	8000	public	365475000	3
817111	8500	public	371250000	3
817111	9000	public	377850000	3
817111	9500	public	384816667	3
817111	10000	public	375650000	3
817111	10500	public	381150000	3
817111	11000	public	374091667	3
817111	11500	public	381058333	3
817111	12000	public	385916667	3
817111	12500	public	393800000	3
817111	13000	public	397100000	3
817111	13500	public	391783333	3
817111	14000	public	399758333	3
817111	14500	public	389950000	3
817111	15000	public	385183333	3
817111	15500	public	388483333	3
817111	16000	public	389675000	3
817111	16500	public	376383333	3
817111	17000	public	370700000	3
817111	17500	public	373908333	3
817111	18000	public	365200000	3
817111	18500	public	350166667	3
817111	19000	public	340725000	3
817111	4000	private	276139286	3
817111	4500	private	283210714	3
817111	5000	private	297471429	3
817111	5500	private	313225000	3
817111	6000	private	316917857	3
817111	6500	private	324696429	3
817111	7000	private	339546429	3
817111	7500	private	344182143	3
817111	8000	private	346225000	3
817111	8500	private	350821429	3
817111	9000	private	359778571	3
817111	9500	private	360721429	3
817111	10000	private	367007143	3
817111	10500	private	374864286	3
817111	11000	private	381817857	3
817111	11500	private	387475000	3
817111	12000	private	386178571	3
817111	12500	private	377300000	3
817111	13000	private	373528571	3
817111	13500	private	371878571	3
817111	14000	private	380246429	3
817111	14500	private	383664286	3
817111	15000	private	375492857	3
817111	15500	private	363864286	3
817111	16000	private	353139286	3
817111	16500	private	353335714	3
817111	17000	private	350271429	3
817111	17500	private	344967857	3
817111	18000	private	333771429	3
817111	18500	private	333142857	3
817111	19000	private	328546429	3
862307	4000	public	260516667	3
862307	4500	public	266108333	3
862307	5000	public	270600000	3
862307	5500	public	296725000	3
862307	6000	public	315608333	3
862307	6500	public	319825000	3
862307	7000	public	352641667	3
862307	7500	public	361075000	3
862307	8000	public	361900000	3
862307	8500	public	363825000	3
862307	9000	public	368958333	3
862307	9500	public	366666667	3
862307	10000	public	363916667	3
862307	10500	public	374550000	3
862307	11000	public	383900000	3
862307	11500	public	380966667	3
862307	12000	public	386466667	3
862307	12500	public	376383333	3
862307	13000	public	380233333	3
862307	13500	public	383991667	3
862307	14000	public	378033333	3
862307	14500	public	377850000	3
862307	15000	public	382616667	3
862307	15500	public	382341667	3
862307	16000	public	375833333	3
862307	16500	public	376108333	3
862307	17000	public	370058333	3
862307	17500	public	364741667	3
862307	18000	public	363916667	3
862307	18500	public	353375000	3
862307	19000	public	353833333	3
862307	4000	private	274921429	3
862307	4500	private	282739286	3
862307	5000	private	306742857	3
862307	5500	private	318332143	3
862307	6000	private	328310714	3
862307	6500	private	335146429	3
862307	7000	private	339153571	3
862307	7500	private	342610714	3
862307	8000	private	343042857	3
862307	8500	private	341432143	3
862307	9000	private	346303571	3
862307	9500	private	351214286	3
862307	10000	private	357892857	3
862307	10500	private	361978571	3
862307	11000	private	368185714	3
862307	11500	private	373371429	3
862307	12000	private	379657143	3
862307	12500	private	375335714	3
862307	13000	private	379185714	3
862307	13500	private	375217857	3
862307	14000	private	381700000	3
862307	14500	private	376278571	3
862307	15000	private	367164286	3
862307	15500	private	368067857	3
862307	16000	private	362214286	3
862307	16500	private	353453571	3
862307	17000	private	341117857	3
862307	17500	private	330039286	3
862307	18000	private	323321429	3
862307	18500	private	323910714	3
862307	19000	private	324500000	3
141871	4000	public	253550000	4
141871	4500	public	272066667	4
141871	5000	public	294708333	4
141871	5500	public	306533333	4
141871	6000	public	324683333	4
141871	6500	public	337516667	4
141871	7000	public	338708333	4
141871	7500	public	351083333	4
141871	8000	public	358233333	4
141871	8500	public	356583333	4
141871	9000	public	353650000	4
141871	9500	public	344758333	4
141871	10000	public	343750000	4
141871	10500	public	376200000	4
141871	11000	public	376841667	4
141871	11500	public	383900000	4
141871	12000	public	388666667	4
141871	12500	public	390041667	4
141871	13000	public	394716667	4
141871	13500	public	402600000	4
141871	14000	public	389766667	4
141871	14500	public	392791667	4
141871	15000	public	398475000	4
141871	15500	public	392333333	4
141871	16000	public	389125000	4
141871	16500	public	378308333	4
141871	17000	public	364558333	4
141871	17500	public	358416667	4
141871	18000	public	371158333	4
141871	18500	public	362083333	4
141871	19000	public	353466667	4
141871	4000	private	270050000	4
141871	4500	private	278614286	4
141871	5000	private	302696429	4
141871	5500	private	309414286	4
141871	6000	private	324421429	4
141871	6500	private	338564286	4
141871	7000	private	343553571	4
141871	7500	private	345321429	4
141871	8000	private	352471429	4
141871	8500	private	349250000	4
141871	9000	private	352864286	4
141871	9500	private	354317857	4
141871	10000	private	364964286	4
141871	10500	private	365985714	4
141871	11000	private	374353571	4
141871	11500	private	378400000	4
141871	12000	private	377142857	4
141871	12500	private	382053571	4
141871	13000	private	385550000	4
141871	13500	private	379814286	4
141871	14000	private	384528571	4
141871	14500	private	380875000	4
141871	15000	private	376082143	4
141871	15500	private	368500000	4
141871	16000	private	358089286	4
141871	16500	private	350939286	4
141871	17000	private	345046429	4
141871	17500	private	343750000	4
141871	18000	private	331217857	4
141871	18500	private	324892857	4
141871	19000	private	321514286	4
152267	4000	public	256850000	4
152267	4500	public	264183333	4
152267	5000	public	298100000	4
152267	5500	public	311025000	4
152267	6000	public	318725000	4
152267	6500	public	320650000	4
152267	7000	public	340358333	4
152267	7500	public	337425000	4
152267	8000	public	341641667	4
152267	8500	public	353375000	4
152267	9000	public	358233333	4
152267	9500	public	355391667	4
152267	10000	public	370791667	4
152267	10500	public	371250000	4
152267	11000	public	369141667	4
152267	11500	public	385550000	4
152267	12000	public	386008333	4
152267	12500	public	386558333	4
152267	13000	public	380416667	4
152267	13500	public	399208333	4
152267	14000	public	396825000	4
152267	14500	public	401500000	4
152267	15000	public	4.18e+08	4
152267	15500	public	407275000	4
152267	16000	public	396550000	4
152267	16500	public	383716667	4
152267	17000	public	373541667	4
152267	17500	public	370975000	4
152267	18000	public	358233333	4
152267	18500	public	351266667	4
152267	19000	public	356858333	4
152267	4000	private	268635714	4
152267	4500	private	277278571	4
152267	5000	private	296528571	4
152267	5500	private	316917857	4
152267	6000	private	330117857	4
152267	6500	private	341078571	4
152267	7000	private	341275000	4
152267	7500	private	341746429	4
152267	8000	private	343867857	4
152267	8500	private	349053571	4
152267	9000	private	352471429	4
152267	9500	private	363903571	4
152267	10000	private	372232143	4
152267	10500	private	375964286	4
152267	11000	private	377653571	4
152267	11500	private	379264286	4
152267	12000	private	378282143	4
152267	12500	private	377260714	4
152267	13000	private	380678571	4
152267	13500	private	382839286	4
152267	14000	private	384646429	4
152267	14500	private	381857143	4
152267	15000	private	377142857	4
152267	15500	private	369953571	4
152267	16000	private	365907143	4
152267	16500	private	362764286	4
152267	17000	private	353767857	4
152267	17500	private	343082143	4
152267	18000	private	339900000	4
152267	18500	private	332671429	4
152267	19000	private	321632143	4
166297	4000	public	257675000	4
166297	4500	public	261158333	4
166297	5000	public	287466667	4
166297	5500	public	303141667	4
166297	6000	public	318175000	4
166297	6500	public	330091667	4
166297	7000	public	353466667	4
166297	7500	public	358141667	4
166297	8000	public	358508333	4
166297	8500	public	381150000	4
166297	9000	public	371158333	4
166297	9500	public	369783333	4
166297	10000	public	374641667	4
166297	10500	public	375008333	4
166297	11000	public	381058333	4
166297	11500	public	390591667	4
166297	12000	public	390866667	4
166297	12500	public	394900000	4
166297	13000	public	409750000	4
166297	13500	public	406816667	4
166297	14000	public	411491667	4
166297	14500	public	405716667	4
166297	15000	public	402966667	4
166297	15500	public	397100000	4
166297	16000	public	387658333	4
166297	16500	public	391416667	4
166297	17000	public	380600000	4
166297	17500	public	377850000	4
166297	18000	public	368866667	4
166297	18500	public	357683333	4
166297	19000	public	348425000	4
166297	4000	private	268282143	4
166297	4500	private	278575000	4
166297	5000	private	297942857	4
166297	5500	private	315582143	4
166297	6000	private	325639286	4
166297	6500	private	330746429	4
166297	7000	private	341942857	4
166297	7500	private	350153571	4
166297	8000	private	349210714	4
166297	8500	private	349721429	4
166297	9000	private	348503571	4
166297	9500	private	368735714	4
166297	10000	private	373725000	4
166297	10500	private	375925000	4
166297	11000	private	381975000	4
166297	11500	private	383389286	4
166297	12000	private	377771429	4
166297	12500	private	383114286	4
166297	13000	private	382250000	4
166297	13500	private	381150000	4
166297	14000	private	378360714	4
166297	14500	private	373764286	4
166297	15000	private	374157143	4
166297	15500	private	366457143	4
166297	16000	private	360289286	4
166297	16500	private	350035714	4
166297	17000	private	342885714	4
166297	17500	private	335421429	4
166297	18000	private	322771429	4
166297	18500	private	315778571	4
166297	19000	private	312675000	4
188179	4000	public	2.64e+08	4
188179	4500	public	275366667	4
188179	5000	public	280866667	4
188179	5500	public	297366667	4
188179	6000	public	3.08e+08	4
188179	6500	public	337791667	4
188179	7000	public	356583333	4
188179	7500	public	358141667	4
188179	8000	public	366758333	4
188179	8500	public	364466667	4
188179	9000	public	378308333	4
188179	9500	public	375925000	4
188179	10000	public	387750000	4
188179	10500	public	387108333	4
188179	11000	public	384908333	4
188179	11500	public	385458333	4
188179	12000	public	384725000	4
188179	12500	public	392975000	4
188179	13000	public	398016667	4
188179	13500	public	406266667	4
188179	14000	public	407916667	4
188179	14500	public	401683333	4
188179	15000	public	392516667	4
188179	15500	public	385825000	4
188179	16000	public	375650000	4
188179	16500	public	372808333	4
188179	17000	public	382066667	4
188179	17500	public	379408333	4
188179	18000	public	368591667	4
188179	18500	public	359700000	4
188179	19000	public	360433333	4
188179	4000	private	271857143	4
188179	4500	private	283485714	4
188179	5000	private	303914286	4
188179	5500	private	314914286	4
188179	6000	private	323714286	4
188179	6500	private	324303571	4
188179	7000	private	340607143	4
188179	7500	private	347010714	4
188179	8000	private	351960714	4
188179	8500	private	358442857	4
188179	9000	private	365867857	4
188179	9500	private	362960714	4
188179	10000	private	364964286	4
188179	10500	private	372310714	4
188179	11000	private	381896429	4
188179	11500	private	384017857	4
188179	12000	private	378832143	4
188179	12500	private	382367857	4
188179	13000	private	384135714	4
188179	13500	private	386100000	4
188179	14000	private	383035714	4
188179	14500	private	369207143	4
188179	15000	private	369207143	4
188179	15500	private	366575000	4
188179	16000	private	362292857	4
188179	16500	private	354867857	4
188179	17000	private	346971429	4
188179	17500	private	345753571	4
188179	18000	private	338603571	4
188179	18500	private	332200000	4
188179	19000	private	327957143	4
405157	4000	public	258591667	4
405157	4500	public	272341667	4
405157	5000	public	282150000	4
405157	5500	public	310841667	4
405157	6000	public	330091667	4
405157	6500	public	334491667	4
405157	7000	public	345858333	4
405157	7500	public	350716667	4
405157	8000	public	356125000	4
405157	8500	public	364008333	4
405157	9000	public	383350000	4
405157	9500	public	383808333	4
405157	10000	public	388300000	4
405157	10500	public	383716667	4
405157	11000	public	376291667	4
405157	11500	public	380600000	4
405157	12000	public	378858333	4
405157	12500	public	387016667	4
405157	13000	public	391966667	4
405157	13500	public	396183333	4
405157	14000	public	402141667	4
405157	14500	public	399575000	4
405157	15000	public	403425000	4
405157	15500	public	400950000	4
405157	16000	public	394441667	4
405157	16500	public	383441667	4
405157	17000	public	370150000	4
405157	17500	public	373450000	4
405157	18000	public	364466667	4
405157	18500	public	358233333	4
405157	19000	public	355666667	4
405157	4000	private	266317857	4
405157	4500	private	283210714	4
405157	5000	private	290792857	4
405157	5500	private	315425000	4
405157	6000	private	326817857	4
405157	6500	private	333575000	4
405157	7000	private	343632143	4
405157	7500	private	342335714	4
405157	8000	private	348660714	4
405157	8500	private	355496429	4
405157	9000	private	360564286	4
405157	9500	private	369010714	4
405157	10000	private	375728571	4
405157	10500	private	378478571	4
405157	11000	private	380875000	4
405157	11500	private	376671429	4
405157	12000	private	378203571	4
405157	12500	private	375492857	4
405157	13000	private	377300000	4
405157	13500	private	382564286	4
405157	14000	private	374510714	4
405157	14500	private	374825000	4
405157	15000	private	370817857	4
405157	15500	private	361664286	4
405157	16000	private	354239286	4
405157	16500	private	358167857	4
405157	17000	private	352078571	4
405157	17500	private	351450000	4
405157	18000	private	340371429	4
405157	18500	private	332828571	4
405157	19000	private	325285714	4
491299	4000	public	261066667	4
491299	4500	public	267300000	4
491299	5000	public	291316667	4
491299	5500	public	313775000	4
491299	6000	public	328900000	4
491299	6500	public	337608333	4
491299	7000	public	331191667	4
491299	7500	public	339808333	4
491299	8000	public	357866667	4
491299	8500	public	360066667	4
491299	9000	public	368408333	4
491299	9500	public	367033333	4
491299	10000	public	375375000	4
491299	10500	public	379866667	4
491299	11000	public	387658333	4
491299	11500	public	388300000	4
491299	12000	public	388666667	4
491299	12500	public	387475000	4
491299	13000	public	388300000	4
491299	13500	public	397283333	4
491299	14000	public	395083333	4
491299	14500	public	399666667	4
491299	15000	public	3.96e+08	4
491299	15500	public	390225000	4
491299	16000	public	381608333	4
491299	16500	public	377208333	4
491299	17000	public	371250000	4
491299	17500	public	371525000	4
491299	18000	public	369233333	4
491299	18500	public	358141667	4
491299	19000	public	343200000	4
491299	4000	private	268400000	4
491299	4500	private	282228571	4
491299	5000	private	293150000	4
491299	5500	private	303167857	4
491299	6000	private	317900000	4
491299	6500	private	340096429	4
491299	7000	private	343632143	4
491299	7500	private	351725000	4
491299	8000	private	349485714	4
491299	8500	private	354042857	4
491299	9000	private	349682143	4
491299	9500	private	357342857	4
491299	10000	private	378125000	4
491299	10500	private	386414286	4
491299	11000	private	383860714	4
491299	11500	private	392228571	4
491299	12000	private	383428571	4
491299	12500	private	378439286	4
491299	13000	private	380442857	4
491299	13500	private	377378571	4
491299	14000	private	375964286	4
491299	14500	private	374785714	4
491299	15000	private	3.74e+08	4
491299	15500	private	367832143	4
491299	16000	private	362882143	4
491299	16500	private	351410714	4
491299	17000	private	345321429	4
491299	17500	private	336560714	4
491299	18000	private	332042857	4
491299	18500	private	326582143	4
491299	19000	private	324342857	4
531911	4000	public	257583333	4
531911	4500	public	272800000	4
531911	5000	public	288750000	4
531911	5500	public	299750000	4
531911	6000	public	318266667	4
531911	6500	public	340816667	4
531911	7000	public	342833333	4
531911	7500	public	359150000	4
531911	8000	public	359425000	4
531911	8500	public	363366667	4
531911	9000	public	371433333	4
531911	9500	public	377391667	4
531911	10000	public	389583333	4
531911	10500	public	387566667	4
531911	11000	public	388025000	4
531911	11500	public	383075000	4
531911	12000	public	387291667	4
531911	12500	public	380691667	4
531911	13000	public	375283333	4
531911	13500	public	375466667	4
531911	14000	public	387383333	4
531911	14500	public	387016667	4
531911	15000	public	379866667	4
531911	15500	public	376200000	4
531911	16000	public	370700000	4
531911	16500	public	372075000	4
531911	17000	public	373358333	4
531911	17500	public	361625000	4
531911	18000	public	366300000	4
531911	18500	public	355575000	4
531911	19000	public	353925000	4
531911	4000	private	269892857	4
531911	4500	private	289300000	4
531911	5000	private	294250000	4
531911	5500	private	320178571	4
531911	6000	private	328742857	4
531911	6500	private	338721429	4
531911	7000	private	343357143	4
531911	7500	private	346578571	4
531911	8000	private	347246429	4
531911	8500	private	349485714	4
531911	9000	private	353100000	4
531911	9500	private	362332143	4
531911	10000	private	367321429	4
531911	10500	private	365828571	4
531911	11000	private	367989286	4
531911	11500	private	370896429	4
531911	12000	private	374589286	4
531911	12500	private	379775000	4
531911	13000	private	375021429	4
531911	13500	private	374157143	4
531911	14000	private	374550000	4
531911	14500	private	373921429	4
531911	15000	private	366771429	4
531911	15500	private	365985714	4
531911	16000	private	358128571	4
531911	16500	private	355182143	4
531911	17000	private	350703571	4
531911	17500	private	348660714	4
531911	18000	private	344300000	4
531911	18500	private	333967857	4
531911	19000	private	326032143	4
542981	4000	public	250708333	4
542981	4500	public	282608333	4
542981	5000	public	290950000	4
542981	5500	public	306533333	4
542981	6000	public	311300000	4
542981	6500	public	335133333	4
542981	7000	public	343841667	4
542981	7500	public	357683333	4
542981	8000	public	361075000	4
542981	8500	public	361166667	4
542981	9000	public	369325000	4
542981	9500	public	372075000	4
542981	10000	public	377483333	4
542981	10500	public	385458333	4
542981	11000	public	387750000	4
542981	11500	public	384358333	4
542981	12000	public	377941667	4
542981	12500	public	403700000	4
542981	13000	public	405900000	4
542981	13500	public	403425000	4
542981	14000	public	403058333	4
542981	14500	public	396275000	4
542981	15000	public	392700000	4
542981	15500	public	382250000	4
542981	16000	public	382891667	4
542981	16500	public	373175000	4
542981	17000	public	370883333	4
542981	17500	public	364741667	4
542981	18000	public	367675000	4
542981	18500	public	360616667	4
542981	19000	public	348058333	4
542981	4000	private	269696429	4
542981	4500	private	278810714	4
542981	5000	private	299592857	4
542981	5500	private	310985714	4
542981	6000	private	322300000	4
542981	6500	private	334871429	4
542981	7000	private	347639286	4
542981	7500	private	348778571	4
542981	8000	private	349682143	4
542981	8500	private	348857143	4
542981	9000	private	355575000	4
542981	9500	private	361467857	4
542981	10000	private	369364286	4
542981	10500	private	368303571	4
542981	11000	private	375964286	4
542981	11500	private	376632143	4
542981	12000	private	386453571	4
542981	12500	private	382485714	4
542981	13000	private	376042857	4
542981	13500	private	373175000	4
542981	14000	private	378832143	4
542981	14500	private	373096429	4
542981	15000	private	365985714	4
542981	15500	private	366535714	4
542981	16000	private	362332143	4
542981	16500	private	356282143	4
542981	17000	private	350192857	4
542981	17500	private	347325000	4
542981	18000	private	338996429	4
542981	18500	private	330235714	4
542981	19000	private	328546429	4
817111	4000	public	257766667	4
817111	4500	public	275825000	4
817111	5000	public	291225000	4
817111	5500	public	318266667	4
817111	6000	public	318266667	4
817111	6500	public	3.3e+08	4
817111	7000	public	346866667	4
817111	7500	public	363091667	4
817111	8000	public	363183333	4
817111	8500	public	369875000	4
817111	9000	public	368316667	4
817111	9500	public	367675000	4
817111	10000	public	363458333	4
817111	10500	public	371158333	4
817111	11000	public	376108333	4
817111	11500	public	370608333	4
817111	12000	public	367766667	4
817111	12500	public	391141667	4
817111	13000	public	389491667	4
817111	13500	public	405625000	4
817111	14000	public	411308333	4
817111	14500	public	397650000	4
817111	15000	public	385641667	4
817111	15500	public	386741667	4
817111	16000	public	380416667	4
817111	16500	public	371433333	4
817111	17000	public	368041667	4
817111	17500	public	365291667	4
817111	18000	public	354200000	4
817111	18500	public	354750000	4
817111	19000	public	344850000	4
817111	4000	private	265100000	4
817111	4500	private	280146429	4
817111	5000	private	301046429	4
817111	5500	private	324814286	4
817111	6000	private	330314286	4
817111	6500	private	338642857	4
817111	7000	private	344771429	4
817111	7500	private	348032143	4
817111	8000	private	345635714	4
817111	8500	private	349839286	4
817111	9000	private	354435714	4
817111	9500	private	364925000	4
817111	10000	private	369089286	4
817111	10500	private	376003571	4
817111	11000	private	382525000	4
817111	11500	private	379382143	4
817111	12000	private	379814286	4
817111	12500	private	383153571	4
817111	13000	private	379932143	4
817111	13500	private	383232143	4
817111	14000	private	381582143	4
817111	14500	private	378792857	4
817111	15000	private	372153571	4
817111	15500	private	367753571	4
817111	16000	private	364964286	4
817111	16500	private	352314286	4
817111	17000	private	341982143	4
817111	17500	private	337660714	4
817111	18000	private	332200000	4
817111	18500	private	326464286	4
817111	19000	private	317350000	4
862307	4000	public	260791667	4
862307	4500	public	268308333	4
862307	5000	public	291500000	4
862307	5500	public	306258333	4
862307	6000	public	347325000	4
862307	6500	public	347875000	4
862307	7000	public	353925000	4
862307	7500	public	347783333	4
862307	8000	public	356400000	4
862307	8500	public	352458333	4
862307	9000	public	367583333	4
862307	9500	public	380875000	4
862307	10000	public	387383333	4
862307	10500	public	377116667	4
862307	11000	public	382891667	4
862307	11500	public	386650000	4
862307	12000	public	387475000	4
862307	12500	public	391325000	4
862307	13000	public	391325000	4
862307	13500	public	403608333	4
862307	14000	public	405350000	4
862307	14500	public	397466667	4
862307	15000	public	388391667	4
862307	15500	public	390591667	4
862307	16000	public	388116667	4
862307	16500	public	374091667	4
862307	17000	public	364008333	4
862307	17500	public	352916667	4
862307	18000	public	346958333	4
862307	18500	public	341275000	4
862307	19000	public	344208333	4
862307	4000	private	263803571	4
862307	4500	private	281796429	4
862307	5000	private	300928571	4
862307	5500	private	315817857	4
862307	6000	private	322575000	4
862307	6500	private	334125000	4
862307	7000	private	349603571	4
862307	7500	private	353021429	4
862307	8000	private	356400000	4
862307	8500	private	354160714	4
862307	9000	private	357892857	4
862307	9500	private	365553571	4
862307	10000	private	376121429	4
862307	10500	private	381307143	4
862307	11000	private	379617857	4
862307	11500	private	375650000	4
862307	12000	private	372939286	4
862307	12500	private	376789286	4
862307	13000	private	383860714	4
862307	13500	private	376239286	4
862307	14000	private	374707143	4
862307	14500	private	371014286	4
862307	15000	private	359975000	4
862307	15500	private	358246429	4
862307	16000	private	355378571	4
862307	16500	private	349603571	4
862307	17000	private	338996429	4
862307	17500	private	336678571	4
862307	18000	private	330589286	4
862307	18500	private	321239286	4
862307	19000	private	312910714	4
141871	4000	public	256758333	5
141871	4500	public	275641667	5
141871	5000	public	287283333	5
141871	5500	public	295441667	5
141871	6000	public	307908333	5
141871	6500	public	324133333	5
141871	7000	public	328166667	5
141871	7500	public	357683333	5
141871	8000	public	356216667	5
141871	8500	public	350166667	5
141871	9000	public	344116667	5
141871	9500	public	358050000	5
141871	10000	public	373358333	5
141871	10500	public	382616667	5
141871	11000	public	380783333	5
141871	11500	public	385550000	5
141871	12000	public	386741667	5
141871	12500	public	391600000	5
141871	13000	public	412316667	5
141871	13500	public	413325000	5
141871	14000	public	406358333	5
141871	14500	public	402966667	5
141871	15000	public	399575000	5
141871	15500	public	400033333	5
141871	16000	public	394808333	5
141871	16500	public	380050000	5
141871	17000	public	371891667	5
141871	17500	public	366391667	5
141871	18000	public	357500000	5
141871	18500	public	352916667	5
141871	19000	public	357775000	5
141871	4000	private	271817857	5
141871	4500	private	283367857	5
141871	5000	private	299592857	5
141871	5500	private	306310714	5
141871	6000	private	334753571	5
141871	6500	private	342728571	5
141871	7000	private	343357143	5
141871	7500	private	345635714	5
141871	8000	private	359621429	5
141871	8500	private	358285714	5
141871	9000	private	364807143	5
141871	9500	private	370621429	5
141871	10000	private	367989286	5
141871	10500	private	360092857	5
141871	11000	private	369521429	5
141871	11500	private	371407143	5
141871	12000	private	377967857	5
141871	12500	private	378242857	5
141871	13000	private	371721429	5
141871	13500	private	372075000	5
141871	14000	private	366417857	5
141871	14500	private	363942857	5
141871	15000	private	361467857	5
141871	15500	private	355771429	5
141871	16000	private	355653571	5
141871	16500	private	350192857	5
141871	17000	private	349760714	5
141871	17500	private	341903571	5
141871	18000	private	337071429	5
141871	18500	private	333535714	5
141871	19000	private	324382143	5
152267	4000	public	261341667	5
152267	4500	public	268400000	5
152267	5000	public	298100000	5
152267	5500	public	309833333	5
152267	6000	public	310933333	5
152267	6500	public	313133333	5
152267	7000	public	332750000	5
152267	7500	public	336233333	5
152267	8000	public	340358333	5
152267	8500	public	356675000	5
152267	9000	public	354200000	5
152267	9500	public	359608333	5
152267	10000	public	361166667	5
152267	10500	public	366116667	5
152267	11000	public	382341667	5
152267	11500	public	394716667	5
152267	12000	public	392425000	5
152267	12500	public	392425000	5
152267	13000	public	386191667	5
152267	13500	public	401408333	5
152267	14000	public	413691667	5
152267	14500	public	403516667	5
152267	15000	public	400308333	5
152267	15500	public	393616667	5
152267	16000	public	380783333	5
152267	16500	public	381883333	5
152267	17000	public	376841667	5
152267	17500	public	375558333	5
152267	18000	public	365016667	5
152267	18500	public	361900000	5
152267	19000	public	358691667	5
152267	4000	private	272996429	5
152267	4500	private	286471429	5
152267	5000	private	302814286	5
152267	5500	private	315857143	5
152267	6000	private	331885714	5
152267	6500	private	344300000	5
152267	7000	private	350821429	5
152267	7500	private	353257143	5
152267	8000	private	361703571	5
152267	8500	private	358639286	5
152267	9000	private	360485714	5
152267	9500	private	363667857	5
152267	10000	private	366928571	5
152267	10500	private	365592857	5
152267	11000	private	365710714	5
152267	11500	private	362764286	5
152267	12000	private	375532143	5
152267	12500	private	376317857	5
152267	13000	private	375060714	5
152267	13500	private	385039286	5
152267	14000	private	375846429	5
152267	14500	private	373135714	5
152267	15000	private	369010714	5
152267	15500	private	372664286	5
152267	16000	private	363235714	5
152267	16500	private	355692857	5
152267	17000	private	349210714	5
152267	17500	private	344260714	5
152267	18000	private	335421429	5
152267	18500	private	324971429	5
152267	19000	private	322417857	5
166297	4000	public	254008333	5
166297	4500	public	275916667	5
166297	5000	public	279858333	5
166297	5500	public	295258333	5
166297	6000	public	301400000	5
166297	6500	public	309650000	5
166297	7000	public	327891667	5
166297	7500	public	353650000	5
166297	8000	public	355666667	5
166297	8500	public	363275000	5
166297	9000	public	354933333	5
166297	9500	public	362725000	5
166297	10000	public	352275000	5
166297	10500	public	378308333	5
166297	11000	public	369966667	5
166297	11500	public	377758333	5
166297	12000	public	382158333	5
166297	12500	public	384175000	5
166297	13000	public	387933333	5
166297	13500	public	399941667	5
166297	14000	public	405716667	5
166297	14500	public	402966667	5
166297	15000	public	392425000	5
166297	15500	public	386008333	5
166297	16000	public	378675000	5
166297	16500	public	387566667	5
166297	17000	public	380050000	5
166297	17500	public	371525000	5
166297	18000	public	373175000	5
166297	18500	public	366575000	5
166297	19000	public	358141667	5
166297	4000	private	271425000	5
166297	4500	private	291107143	5
166297	5000	private	305917857	5
166297	5500	private	320532143	5
166297	6000	private	332828571	5
166297	6500	private	342650000	5
166297	7000	private	348189286	5
166297	7500	private	358364286	5
166297	8000	private	359857143	5
166297	8500	private	354239286	5
166297	9000	private	355457143	5
166297	9500	private	357617857	5
166297	10000	private	358167857	5
166297	10500	private	363510714	5
166297	11000	private	364728571	5
166297	11500	private	360603571	5
166297	12000	private	361075000	5
166297	12500	private	370425000	5
166297	13000	private	369600000	5
166297	13500	private	369953571	5
166297	14000	private	361978571	5
166297	14500	private	359228571	5
166297	15000	private	362960714	5
166297	15500	private	358639286	5
166297	16000	private	354710714	5
166297	16500	private	350114286	5
166297	17000	private	344692857	5
166297	17500	private	339703571	5
166297	18000	private	335067857	5
166297	18500	private	330825000	5
166297	19000	private	332082143	5
188179	4000	public	253550000	5
188179	4500	public	276375000	5
188179	5000	public	275916667	5
188179	5500	public	291500000	5
188179	6000	public	300300000	5
188179	6500	public	326608333	5
188179	7000	public	329633333	5
188179	7500	public	328533333	5
188179	8000	public	333391667	5
188179	8500	public	343200000	5
188179	9000	public	343566667	5
188179	9500	public	350808333	5
188179	10000	public	359058333	5
188179	10500	public	359241667	5
188179	11000	public	371433333	5
188179	11500	public	377391667	5
188179	12000	public	397741667	5
188179	12500	public	405716667	5
188179	13000	public	402875000	5
188179	13500	public	399575000	5
188179	14000	public	393708333	5
188179	14500	public	399941667	5
188179	15000	public	389125000	5
188179	15500	public	403975000	5
188179	16000	public	402050000	5
188179	16500	public	393891667	5
188179	17000	public	377850000	5
188179	17500	public	364466667	5
188179	18000	public	365566667	5
188179	18500	public	363916667	5
188179	19000	public	350625000	5
188179	4000	private	276335714	5
188179	4500	private	287767857	5
188179	5000	private	302892857	5
188179	5500	private	3.19e+08	5
188179	6000	private	328585714	5
188179	6500	private	344810714	5
188179	7000	private	347442857	5
188179	7500	private	351842857	5
188179	8000	private	347403571	5
188179	8500	private	351842857	5
188179	9000	private	352471429	5
188179	9500	private	362725000	5
188179	10000	private	363117857	5
188179	10500	private	357539286	5
188179	11000	private	359385714	5
188179	11500	private	367046429	5
188179	12000	private	363825000	5
188179	12500	private	365907143	5
188179	13000	private	364767857	5
188179	13500	private	368539286	5
188179	14000	private	363982143	5
188179	14500	private	357382143	5
188179	15000	private	361232143	5
188179	15500	private	365082143	5
188179	16000	private	369835714	5
188179	16500	private	358403571	5
188179	17000	private	348778571	5
188179	17500	private	341157143	5
188179	18000	private	335185714	5
188179	18500	private	327250000	5
188179	19000	private	325875000	5
405157	4000	public	252816667	5
405157	4500	public	261616667	5
405157	5000	public	266750000	5
405157	5500	public	292050000	5
405157	6000	public	311025000	5
405157	6500	public	308458333	5
405157	7000	public	328991667	5
405157	7500	public	347141667	5
405157	8000	public	348241667	5
405157	8500	public	356675000	5
405157	9000	public	352825000	5
405157	9500	public	360800000	5
405157	10000	public	364925000	5
405157	10500	public	370700000	5
405157	11000	public	371800000	5
405157	11500	public	388850000	5
405157	12000	public	382891667	5
405157	12500	public	395541667	5
405157	13000	public	412041667	5
405157	13500	public	406450000	5
405157	14000	public	414058333	5
405157	14500	public	411858333	5
405157	15000	public	404708333	5
405157	15500	public	398475000	5
405157	16000	public	386558333	5
405157	16500	public	383258333	5
405157	17000	public	372075000	5
405157	17500	public	362175000	5
405157	18000	public	352916667	5
405157	18500	public	357591667	5
405157	19000	public	348150000	5
405157	4000	private	267221429	5
405157	4500	private	287807143	5
405157	5000	private	303678571	5
405157	5500	private	326621429	5
405157	6000	private	328703571	5
405157	6500	private	338446429	5
405157	7000	private	341432143	5
405157	7500	private	358010714	5
405157	8000	private	359896429	5
405157	8500	private	363353571	5
405157	9000	private	365789286	5
405157	9500	private	364728571	5
405157	10000	private	373175000	5
405157	10500	private	371485714	5
405157	11000	private	368657143	5
405157	11500	private	369992857	5
405157	12000	private	371760714	5
405157	12500	private	374982143	5
405157	13000	private	379696429	5
405157	13500	private	375021429	5
405157	14000	private	366260714	5
405157	14500	private	363275000	5
405157	15000	private	359267857	5
405157	15500	private	353296429	5
405157	16000	private	352903571	5
405157	16500	private	351960714	5
405157	17000	private	343396429	5
405157	17500	private	342139286	5
405157	18000	private	334321429	5
405157	18500	private	329960714	5
405157	19000	private	330078571	5
491299	4000	public	246033333	5
491299	4500	public	278666667	5
491299	5000	public	280866667	5
491299	5500	public	301675000	5
491299	6000	public	313591667	5
491299	6500	public	326425000	5
491299	7000	public	335683333	5
491299	7500	public	344116667	5
491299	8000	public	352641667	5
491299	8500	public	360158333	5
491299	9000	public	365475000	5
491299	9500	public	359608333	5
491299	10000	public	370975000	5
491299	10500	public	378491667	5
491299	11000	public	368041667	5
491299	11500	public	378033333	5
491299	12000	public	390683333	5
491299	12500	public	393800000	5
491299	13000	public	398566667	5
491299	13500	public	403516667	5
491299	14000	public	398383333	5
491299	14500	public	394533333	5
491299	15000	public	384816667	5
491299	15500	public	378583333	5
491299	16000	public	375100000	5
491299	16500	public	368775000	5
491299	17000	public	376841667	5
491299	17500	public	369783333	5
491299	18000	public	356491667	5
491299	18500	public	342833333	5
491299	19000	public	350075000	5
491299	4000	private	274842857	5
491299	4500	private	286785714	5
491299	5000	private	296057143	5
491299	5500	private	313067857	5
491299	6000	private	333889286	5
491299	6500	private	346460714	5
491299	7000	private	351135714	5
491299	7500	private	357735714	5
491299	8000	private	358010714	5
491299	8500	private	352432143	5
491299	9000	private	360367857	5
491299	9500	private	363667857	5
491299	10000	private	364296429	5
491299	10500	private	365003571	5
491299	11000	private	368696429	5
491299	11500	private	369914286	5
491299	12000	private	373135714	5
491299	12500	private	371014286	5
491299	13000	private	372900000	5
491299	13500	private	377850000	5
491299	14000	private	371407143	5
491299	14500	private	364414286	5
491299	15000	private	363078571	5
491299	15500	private	358678571	5
491299	16000	private	354671429	5
491299	16500	private	353453571	5
491299	17000	private	349210714	5
491299	17500	private	342021429	5
491299	18000	private	331217857	5
491299	18500	private	328428571	5
491299	19000	private	327682143	5
531911	4000	public	259691667	5
531911	4500	public	261341667	5
531911	5000	public	298833333	5
531911	5500	public	295350000	5
531911	6000	public	311116667	5
531911	6500	public	326241667	5
531911	7000	public	338066667	5
531911	7500	public	343566667	5
531911	8000	public	343750000	5
531911	8500	public	347966667	5
531911	9000	public	341275000	5
531911	9500	public	354200000	5
531911	10000	public	365933333	5
531911	10500	public	375283333	5
531911	11000	public	380416667	5
531911	11500	public	384541667	5
531911	12000	public	393158333	5
531911	12500	public	403516667	5
531911	13000	public	410391667	5
531911	13500	public	420291667	5
531911	14000	public	410575000	5
531911	14500	public	399666667	5
531911	15000	public	396550000	5
531911	15500	public	389125000	5
531911	16000	public	400858333	5
531911	16500	public	389766667	5
531911	17000	public	379866667	5
531911	17500	public	377300000	5
531911	18000	public	371066667	5
531911	18500	public	367400000	5
531911	19000	public	364191667	5
531911	4000	private	267417857	5
531911	4500	private	286353571	5
531911	5000	private	302500000	5
531911	5500	private	322064286	5
531911	6000	private	336521429	5
531911	6500	private	344967857	5
531911	7000	private	348542857	5
531911	7500	private	351685714	5
531911	8000	private	352392857	5
531911	8500	private	348228571	5
531911	9000	private	358167857	5
531911	9500	private	362842857	5
531911	10000	private	361742857	5
531911	10500	private	360092857	5
531911	11000	private	360250000	5
531911	11500	private	374982143	5
531911	12000	private	375217857	5
531911	12500	private	379421429	5
531911	13000	private	375689286	5
531911	13500	private	373803571	5
531911	14000	private	375610714	5
531911	14500	private	366928571	5
531911	15000	private	367478571	5
531911	15500	private	363589286	5
531911	16000	private	354632143	5
531911	16500	private	349171429	5
531911	17000	private	347914286	5
531911	17500	private	340371429	5
531911	18000	private	342257143	5
531911	18500	private	335185714	5
531911	19000	private	329489286	5
542981	4000	public	245941667	5
542981	4500	public	268858333	5
542981	5000	public	265741667	5
542981	5500	public	277383333	5
542981	6000	public	296816667	5
542981	6500	public	326883333	5
542981	7000	public	341641667	5
542981	7500	public	346133333	5
542981	8000	public	354200000	5
542981	8500	public	351725000	5
542981	9000	public	356583333	5
542981	9500	public	354933333	5
542981	10000	public	352641667	5
542981	10500	public	361166667	5
542981	11000	public	367400000	5
542981	11500	public	369600000	5
542981	12000	public	375191667	5
542981	12500	public	378858333	5
542981	13000	public	390866667	5
542981	13500	public	396458333	5
542981	14000	public	390408333	5
542981	14500	public	401775000	5
542981	15000	public	402691667	5
542981	15500	public	403425000	5
542981	16000	public	392700000	5
542981	16500	public	390408333	5
542981	17000	public	387475000	5
542981	17500	public	385550000	5
542981	18000	public	374825000	5
542981	18500	public	363550000	5
542981	19000	public	361900000	5
542981	4000	private	268596429	5
542981	4500	private	283132143	5
542981	5000	private	300967857	5
542981	5500	private	318764286	5
542981	6000	private	325364286	5
542981	6500	private	338407143	5
542981	7000	private	345439286	5
542981	7500	private	347442857	5
542981	8000	private	354200000	5
542981	8500	private	359189286	5
542981	9000	private	354750000	5
542981	9500	private	364100000	5
542981	10000	private	362725000	5
542981	10500	private	3.74e+08	5
542981	11000	private	367400000	5
542981	11500	private	373528571	5
542981	12000	private	378203571	5
542981	12500	private	380560714	5
542981	13000	private	380914286	5
542981	13500	private	380875000	5
542981	14000	private	376396429	5
542981	14500	private	372310714	5
542981	15000	private	367989286	5
542981	15500	private	368460714	5
542981	16000	private	361271429	5
542981	16500	private	355182143	5
542981	17000	private	347796429	5
542981	17500	private	346264286	5
542981	18000	private	339075000	5
542981	18500	private	335264286	5
542981	19000	private	338328571	5
817111	4000	public	249700000	5
817111	4500	public	269408333	5
817111	5000	public	291591667	5
817111	5500	public	303233333	5
817111	6000	public	314416667	5
817111	6500	public	326516667	5
817111	7000	public	335591667	5
817111	7500	public	342008333	5
817111	8000	public	357775000	5
817111	8500	public	356308333	5
817111	9000	public	360433333	5
817111	9500	public	379500000	5
817111	10000	public	370425000	5
817111	10500	public	367675000	5
817111	11000	public	376291667	5
817111	11500	public	374825000	5
817111	12000	public	387566667	5
817111	12500	public	399116667	5
817111	13000	public	400125000	5
817111	13500	public	402141667	5
817111	14000	public	415891667	5
817111	14500	public	410758333	5
817111	15000	public	404616667	5
817111	15500	public	393891667	5
817111	16000	public	390775000	5
817111	16500	public	387750000	5
817111	17000	public	377483333	5
817111	17500	public	375100000	5
817111	18000	public	358783333	5
817111	18500	public	352641667	5
817111	19000	public	342925000	5
817111	4000	private	271700000	5
817111	4500	private	286039286	5
817111	5000	private	304032143	5
817111	5500	private	315542857	5
817111	6000	private	330392857	5
817111	6500	private	330707143	5
817111	7000	private	348032143	5
817111	7500	private	347639286	5
817111	8000	private	355810714	5
817111	8500	private	357225000	5
817111	9000	private	357814286	5
817111	9500	private	355142857	5
817111	10000	private	356675000	5
817111	10500	private	353925000	5
817111	11000	private	357303571	5
817111	11500	private	365003571	5
817111	12000	private	368185714	5
817111	12500	private	373450000	5
817111	13000	private	376946429	5
817111	13500	private	375296429	5
817111	14000	private	368617857	5
817111	14500	private	359032143	5
817111	15000	private	356164286	5
817111	15500	private	352117857	5
817111	16000	private	351096429	5
817111	16500	private	343750000	5
817111	17000	private	347364286	5
817111	17500	private	339742857	5
817111	18000	private	339664286	5
817111	18500	private	332082143	5
817111	19000	private	324460714	5
862307	4000	public	253091667	5
862307	4500	public	268675000	5
862307	5000	public	278025000	5
862307	5500	public	300758333	5
862307	6000	public	301125000	5
862307	6500	public	323766667	5
862307	7000	public	331191667	5
862307	7500	public	353466667	5
862307	8000	public	357775000	5
862307	8500	public	356400000	5
862307	9000	public	346041667	5
862307	9500	public	350808333	5
862307	10000	public	363366667	5
862307	10500	public	369233333	5
862307	11000	public	377483333	5
862307	11500	public	381516667	5
862307	12000	public	404800000	5
862307	12500	public	409841667	5
862307	13000	public	411400000	5
862307	13500	public	398291667	5
862307	14000	public	397741667	5
862307	14500	public	398016667	5
862307	15000	public	399575000	5
862307	15500	public	388483333	5
862307	16000	public	383350000	5
862307	16500	public	373450000	5
862307	17000	public	380691667	5
862307	17500	public	381700000	5
862307	18000	public	374733333	5
862307	18500	public	360891667	5
862307	19000	public	347508333	5
862307	4000	private	278103571	5
862307	4500	private	281639286	5
862307	5000	private	298846429	5
862307	5500	private	311889286	5
862307	6000	private	334517857	5
862307	6500	private	346028571	5
862307	7000	private	345203571	5
862307	7500	private	349014286	5
862307	8000	private	352667857	5
862307	8500	private	361900000	5
862307	9000	private	357696429	5
862307	9500	private	356439286	5
862307	10000	private	367557143	5
862307	10500	private	361114286	5
862307	11000	private	367792857	5
862307	11500	private	365278571	5
862307	12000	private	371800000	5
862307	12500	private	381425000	5
862307	13000	private	376828571	5
862307	13500	private	373803571	5
862307	14000	private	368539286	5
862307	14500	private	358207143	5
862307	15000	private	352039286	5
862307	15500	private	357578571	5
862307	16000	private	354278571	5
862307	16500	private	349878571	5
862307	17000	private	342846429	5
862307	17500	private	341628571	5
862307	18000	private	337542857	5
862307	18500	private	337975000	5
862307	19000	private	331925000	5
141871	4000	public	254558333	6
141871	4500	public	269500000	6
141871	5000	public	289116667	6
141871	5500	public	308366667	6
141871	6000	public	324500000	6
141871	6500	public	353191667	6
141871	7000	public	362083333	6
141871	7500	public	352825000	6
141871	8000	public	350258333	6
141871	8500	public	364925000	6
141871	9000	public	369416667	6
141871	9500	public	363183333	6
141871	10000	public	375558333	6
141871	10500	public	390316667	6
141871	11000	public	388391667	6
141871	11500	public	382158333	6
141871	12000	public	378675000	6
141871	12500	public	390775000	6
141871	13000	public	384633333	6
141871	13500	public	377850000	6
141871	14000	public	372075000	6
141871	14500	public	369691667	6
141871	15000	public	368958333	6
141871	15500	public	374825000	6
141871	16000	public	370150000	6
141871	16500	public	363825000	6
141871	17000	public	360525000	6
141871	17500	public	369966667	6
141871	18000	public	3.63e+08	6
141871	18500	public	352366667	6
141871	19000	public	356491667	6
141871	4000	private	272760714	6
141871	4500	private	287571429	6
141871	5000	private	298807143	6
141871	5500	private	313342857	6
141871	6000	private	319785714	6
141871	6500	private	336560714	6
141871	7000	private	338250000	6
141871	7500	private	350860714	6
141871	8000	private	351175000	6
141871	8500	private	358246429	6
141871	9000	private	358678571	6
141871	9500	private	363707143	6
141871	10000	private	368617857	6
141871	10500	private	372507143	6
141871	11000	private	370975000	6
141871	11500	private	371289286	6
141871	12000	private	368853571	6
141871	12500	private	373882143	6
141871	13000	private	378871429	6
141871	13500	private	384135714	6
141871	14000	private	376396429	6
141871	14500	private	370346429	6
141871	15000	private	377732143	6
141871	15500	private	366575000	6
141871	16000	private	363078571	6
141871	16500	private	354003571	6
141871	17000	private	348346429	6
141871	17500	private	340371429	6
141871	18000	private	336285714	6
141871	18500	private	327485714	6
141871	19000	private	318646429	6
152267	4000	public	250800000	6
152267	4500	public	262625000	6
152267	5000	public	277658333	6
152267	5500	public	310475000	6
152267	6000	public	329358333	6
152267	6500	public	338158333	6
152267	7000	public	350900000	6
152267	7500	public	362175000	6
152267	8000	public	370883333	6
152267	8500	public	375466667	6
152267	9000	public	376566667	6
152267	9500	public	380966667	6
152267	10000	public	378675000	6
152267	10500	public	376658333	6
152267	11000	public	377300000	6
152267	11500	public	384541667	6
152267	12000	public	386191667	6
152267	12500	public	386283333	6
152267	13000	public	372900000	6
152267	13500	public	367216667	6
152267	14000	public	380416667	6
152267	14500	public	378583333	6
152267	15000	public	389858333	6
152267	15500	public	390591667	6
152267	16000	public	383900000	6
152267	16500	public	381975000	6
152267	17000	public	371708333	6
152267	17500	public	373908333	6
152267	18000	public	371066667	6
152267	18500	public	366575000	6
152267	19000	public	363550000	6
152267	4000	private	274371429	6
152267	4500	private	284232143	6
152267	5000	private	295860714	6
152267	5500	private	321867857	6
152267	6000	private	327132143	6
152267	6500	private	332003571	6
152267	7000	private	339900000	6
152267	7500	private	340567857	6
152267	8000	private	342335714	6
152267	8500	private	349014286	6
152267	9000	private	350900000	6
152267	9500	private	360800000	6
152267	10000	private	370425000	6
152267	10500	private	381503571	6
152267	11000	private	383585714	6
152267	11500	private	381267857	6
152267	12000	private	387632143	6
152267	12500	private	383664286	6
152267	13000	private	379185714	6
152267	13500	private	388692857	6
152267	14000	private	385392857	6
152267	14500	private	380678571	6
152267	15000	private	370346429	6
152267	15500	private	359817857	6
152267	16000	private	355614286	6
152267	16500	private	350939286	6
152267	17000	private	341982143	6
152267	17500	private	335539286	6
152267	18000	private	324971429	6
152267	18500	private	329253571	6
152267	19000	private	328192857	6
166297	4000	public	251533333	6
166297	4500	public	266750000	6
166297	5000	public	292783333	6
166297	5500	public	296816667	6
166297	6000	public	319458333	6
166297	6500	public	335041667	6
166297	7000	public	342833333	6
166297	7500	public	350808333	6
166297	8000	public	349433333	6
166297	8500	public	361625000	6
166297	9000	public	363275000	6
166297	9500	public	379041667	6
166297	10000	public	379958333	6
166297	10500	public	393616667	6
166297	11000	public	393891667	6
166297	11500	public	388025000	6
166297	12000	public	391691667	6
166297	12500	public	387566667	6
166297	13000	public	380966667	6
166297	13500	public	388850000	6
166297	14000	public	383166667	6
166297	14500	public	391966667	6
166297	15000	public	386466667	6
166297	15500	public	395266667	6
166297	16000	public	382066667	6
166297	16500	public	382983333	6
166297	17000	public	371708333	6
166297	17500	public	362816667	6
166297	18000	public	366300000	6
166297	18500	public	359700000	6
166297	19000	public	356308333	6
166297	4000	private	266200000	6
166297	4500	private	279321429	6
166297	5000	private	298807143	6
166297	5500	private	319864286	6
166297	6000	private	332946429	6
166297	6500	private	336482143	6
166297	7000	private	340214286	6
166297	7500	private	340725000	6
166297	8000	private	348385714	6
166297	8500	private	354946429	6
166297	9000	private	359739286	6
166297	9500	private	363196429	6
166297	10000	private	369875000	6
166297	10500	private	374235714	6
166297	11000	private	378046429	6
166297	11500	private	381346429	6
166297	12000	private	383703571	6
166297	12500	private	383114286	6
166297	13000	private	388300000	6
166297	13500	private	385707143	6
166297	14000	private	384214286	6
166297	14500	private	384371429	6
166297	15000	private	376514286	6
166297	15500	private	367242857	6
166297	16000	private	362685714	6
166297	16500	private	350507143	6
166297	17000	private	349839286	6
166297	17500	private	348150000	6
166297	18000	private	336442857	6
166297	18500	private	327485714	6
166297	19000	private	325010714	6
188179	4000	public	246583333	6
188179	4500	public	265925000	6
188179	5000	public	288750000	6
188179	5500	public	296358333	6
188179	6000	public	309008333	6
188179	6500	public	320650000	6
188179	7000	public	350533333	6
188179	7500	public	359516667	6
188179	8000	public	354383333	6
188179	8500	public	355850000	6
188179	9000	public	371066667	6
188179	9500	public	371891667	6
188179	10000	public	382616667	6
188179	10500	public	383991667	6
188179	11000	public	395266667	6
188179	11500	public	392241667	6
188179	12000	public	399666667	6
188179	12500	public	394166667	6
188179	13000	public	398841667	6
188179	13500	public	393250000	6
188179	14000	public	391966667	6
188179	14500	public	389216667	6
188179	15000	public	389858333	6
188179	15500	public	393891667	6
188179	16000	public	397283333	6
188179	16500	public	3.85e+08	6
188179	17000	public	380141667	6
188179	17500	public	379225000	6
188179	18000	public	373266667	6
188179	18500	public	363733333	6
188179	19000	public	354016667	6
188179	4000	private	266750000	6
188179	4500	private	287532143	6
188179	5000	private	298964286	6
188179	5500	private	307489286	6
188179	6000	private	324853571	6
188179	6500	private	336364286	6
188179	7000	private	341628571	6
188179	7500	private	340135714	6
188179	8000	private	349407143	6
188179	8500	private	346421429	6
188179	9000	private	361114286	6
188179	9500	private	363117857	6
188179	10000	private	368735714	6
188179	10500	private	373646429	6
188179	11000	private	375885714	6
188179	11500	private	377967857	6
188179	12000	private	380285714	6
188179	12500	private	386571429	6
188179	13000	private	394782143	6
188179	13500	private	388535714	6
188179	14000	private	383585714	6
188179	14500	private	376121429	6
188179	15000	private	368775000	6
188179	15500	private	358403571	6
188179	16000	private	354592857	6
188179	16500	private	348071429	6
188179	17000	private	339939286	6
188179	17500	private	333260714	6
188179	18000	private	328742857	6
188179	18500	private	327328571	6
188179	19000	private	321278571	6
405157	4000	public	259600000	6
405157	4500	public	270141667	6
405157	5000	public	274450000	6
405157	5500	public	301583333	6
405157	6000	public	324775000	6
405157	6500	public	342833333	6
405157	7000	public	354750000	6
405157	7500	public	353008333	6
405157	8000	public	361533333	6
405157	8500	public	377850000	6
405157	9000	public	385183333	6
405157	9500	public	373816667	6
405157	10000	public	379133333	6
405157	10500	public	384175000	6
405157	11000	public	380966667	6
405157	11500	public	371891667	6
405157	12000	public	375741667	6
405157	12500	public	372258333	6
405157	13000	public	366116667	6
405157	13500	public	377483333	6
405157	14000	public	386466667	6
405157	14500	public	385183333	6
405157	15000	public	390683333	6
405157	15500	public	383808333	6
405157	16000	public	374825000	6
405157	16500	public	372075000	6
405157	17000	public	367950000	6
405157	17500	public	365841667	6
405157	18000	public	363183333	6
405157	18500	public	363550000	6
405157	19000	public	365200000	6
405157	4000	private	269028571	6
405157	4500	private	279439286	6
405157	5000	private	305092857	6
405157	5500	private	324107143	6
405157	6000	private	332239286	6
405157	6500	private	339428571	6
405157	7000	private	352392857	6
405157	7500	private	350782143	6
405157	8000	private	354200000	6
405157	8500	private	355850000	6
405157	9000	private	364492857	6
405157	9500	private	367007143	6
405157	10000	private	370228571	6
405157	10500	private	373567857	6
405157	11000	private	377300000	6
405157	11500	private	377260714	6
405157	12000	private	371682143	6
405157	12500	private	375532143	6
405157	13000	private	375807143	6
405157	13500	private	379578571	6
405157	14000	private	382800000	6
405157	14500	private	377850000	6
405157	15000	private	369992857	6
405157	15500	private	369010714	6
405157	16000	private	361075000	6
405157	16500	private	352039286	6
405157	17000	private	343592857	6
405157	17500	private	335853571	6
405157	18000	private	331492857	6
405157	18500	private	332121429	6
405157	19000	private	324342857	6
491299	4000	public	254558333	6
491299	4500	public	270600000	6
491299	5000	public	292508333	6
491299	5500	public	303691667	6
491299	6000	public	319183333	6
491299	6500	public	331283333	6
491299	7000	public	351083333	6
491299	7500	public	349525000	6
491299	8000	public	349158333	6
491299	8500	public	360525000	6
491299	9000	public	372441667	6
491299	9500	public	381883333	6
491299	10000	public	378216667	6
491299	10500	public	386466667	6
491299	11000	public	384725000	6
491299	11500	public	386191667	6
491299	12000	public	383075000	6
491299	12500	public	386008333	6
491299	13000	public	378858333	6
491299	13500	public	384266667	6
491299	14000	public	378400000	6
491299	14500	public	396366667	6
491299	15000	public	397558333	6
491299	15500	public	391691667	6
491299	16000	public	396825000	6
491299	16500	public	388941667	6
491299	17000	public	378216667	6
491299	17500	public	371158333	6
491299	18000	public	363275000	6
491299	18500	public	357866667	6
491299	19000	public	362266667	6
491299	4000	private	263332143	6
491299	4500	private	280814286	6
491299	5000	private	302067857	6
491299	5500	private	316917857	6
491299	6000	private	325207143	6
491299	6500	private	328664286	6
491299	7000	private	338250000	6
491299	7500	private	345989286	6
491299	8000	private	348503571	6
491299	8500	private	356989286	6
491299	9000	private	360525000	6
491299	9500	private	366692857	6
491299	10000	private	372192857	6
491299	10500	private	385157143	6
491299	11000	private	383546429	6
491299	11500	private	383703571	6
491299	12000	private	382682143	6
491299	12500	private	375925000	6
491299	13000	private	375060714	6
491299	13500	private	378242857	6
491299	14000	private	373685714	6
491299	14500	private	368342857	6
491299	15000	private	367046429	6
491299	15500	private	364060714	6
491299	16000	private	357932143	6
491299	16500	private	349525000	6
491299	17000	private	347050000	6
491299	17500	private	338289286	6
491299	18000	private	329882143	6
491299	18500	private	328271429	6
491299	19000	private	320885714	6
531911	4000	public	253733333	6
531911	4500	public	266841667	6
531911	5000	public	277750000	6
531911	5500	public	304333333	6
531911	6000	public	314966667	6
531911	6500	public	348241667	6
531911	7000	public	353650000	6
531911	7500	public	355025000	6
531911	8000	public	359608333	6
531911	8500	public	368866667	6
531911	9000	public	370425000	6
531911	9500	public	377941667	6
531911	10000	public	374825000	6
531911	10500	public	379408333	6
531911	11000	public	373358333	6
531911	11500	public	376016667	6
531911	12000	public	389033333	6
531911	12500	public	392791667	6
531911	13000	public	388941667	6
531911	13500	public	385641667	6
531911	14000	public	380325000	6
531911	14500	public	381150000	6
531911	15000	public	375191667	6
531911	15500	public	371708333	6
531911	16000	public	368041667	6
531911	16500	public	364741667	6
531911	17000	public	359608333	6
531911	17500	public	352366667	6
531911	18000	public	358141667	6
531911	18500	public	351725000	6
531911	19000	public	349158333	6
531911	4000	private	268400000	6
531911	4500	private	290282143	6
531911	5000	private	298964286	6
531911	5500	private	311928571	6
531911	6000	private	325442857	6
531911	6500	private	332396429	6
531911	7000	private	338721429	6
531911	7500	private	343632143	6
531911	8000	private	348739286	6
531911	8500	private	348700000	6
531911	9000	private	359817857	6
531911	9500	private	369953571	6
531911	10000	private	372075000	6
531911	10500	private	377182143	6
531911	11000	private	377417857	6
531911	11500	private	373921429	6
531911	12000	private	373842857	6
531911	12500	private	366732143	6
531911	13000	private	373882143	6
531911	13500	private	377653571	6
531911	14000	private	374432143	6
531911	14500	private	373292857	6
531911	15000	private	367203571	6
531911	15500	private	361625000	6
531911	16000	private	356125000	6
531911	16500	private	352039286	6
531911	17000	private	345596429	6
531911	17500	private	341628571	6
531911	18000	private	332082143	6
531911	18500	private	327760714	6
531911	19000	private	328075000	6
542981	4000	public	257583333	6
542981	4500	public	254925000	6
542981	5000	public	280958333	6
542981	5500	public	292966667	6
542981	6000	public	319733333	6
542981	6500	public	339075000	6
542981	7000	public	344300000	6
542981	7500	public	347783333	6
542981	8000	public	361258333	6
542981	8500	public	368591667	6
542981	9000	public	373541667	6
542981	9500	public	377758333	6
542981	10000	public	375375000	6
542981	10500	public	378033333	6
542981	11000	public	381700000	6
542981	11500	public	382891667	6
542981	12000	public	390591667	6
542981	12500	public	394991667	6
542981	13000	public	395541667	6
542981	13500	public	392150000	6
542981	14000	public	393158333	6
542981	14500	public	394625000	6
542981	15000	public	389675000	6
542981	15500	public	385733333	6
542981	16000	public	380783333	6
542981	16500	public	3.74e+08	6
542981	17000	public	364833333	6
542981	17500	public	361625000	6
542981	18000	public	354750000	6
542981	18500	public	357316667	6
542981	19000	public	355025000	6
542981	4000	private	268321429	6
542981	4500	private	290675000	6
542981	5000	private	307017857	6
542981	5500	private	321514286	6
542981	6000	private	329685714	6
542981	6500	private	336325000	6
542981	7000	private	345871429	6
542981	7500	private	345164286	6
542981	8000	private	351175000	6
542981	8500	private	348817857	6
542981	9000	private	360053571	6
542981	9500	private	354317857	6
542981	10000	private	379696429	6
542981	10500	private	379342857	6
542981	11000	private	381700000	6
542981	11500	private	375689286	6
542981	12000	private	379460714	6
542981	12500	private	378360714	6
542981	13000	private	378910714	6
542981	13500	private	381150000	6
542981	14000	private	378360714	6
542981	14500	private	375375000	6
542981	15000	private	367282143	6
542981	15500	private	365042857	6
542981	16000	private	360092857	6
542981	16500	private	351214286	6
542981	17000	private	341785714	6
542981	17500	private	342375000	6
542981	18000	private	341392857	6
542981	18500	private	333221429	6
542981	19000	private	328703571	6
817111	4000	public	269133333	6
817111	4500	public	259050000	6
817111	5000	public	278575000	6
817111	5500	public	300850000	6
817111	6000	public	331741667	6
817111	6500	public	348241667	6
817111	7000	public	366941667	6
817111	7500	public	356308333	6
817111	8000	public	360158333	6
817111	8500	public	361991667	6
817111	9000	public	373725000	6
817111	9500	public	372991667	6
817111	10000	public	369416667	6
817111	10500	public	365658333	6
817111	11000	public	370975000	6
817111	11500	public	368408333	6
817111	12000	public	369966667	6
817111	12500	public	380875000	6
817111	13000	public	379591667	6
817111	13500	public	379591667	6
817111	14000	public	379866667	6
817111	14500	public	394533333	6
817111	15000	public	395816667	6
817111	15500	public	393433333	6
817111	16000	public	383350000	6
817111	16500	public	378033333	6
817111	17000	public	371708333	6
817111	17500	public	372991667	6
817111	18000	public	370333333	6
817111	18500	public	369325000	6
817111	19000	public	357316667	6
817111	4000	private	261800000	6
817111	4500	private	284192857	6
817111	5000	private	295467857	6
817111	5500	private	311850000	6
817111	6000	private	324539286	6
817111	6500	private	330825000	6
817111	7000	private	339310714	6
817111	7500	private	341510714	6
817111	8000	private	348503571	6
817111	8500	private	361075000	6
817111	9000	private	359975000	6
817111	9500	private	365789286	6
817111	10000	private	371250000	6
817111	10500	private	378360714	6
817111	11000	private	381582143	6
817111	11500	private	378753571	6
817111	12000	private	383585714	6
817111	12500	private	379696429	6
817111	13000	private	381032143	6
817111	13500	private	380246429	6
817111	14000	private	380914286	6
817111	14500	private	384842857	6
817111	15000	private	378792857	6
817111	15500	private	372742857	6
817111	16000	private	369992857	6
817111	16500	private	360485714	6
817111	17000	private	351410714	6
817111	17500	private	342217857	6
817111	18000	private	336285714	6
817111	18500	private	334360714	6
817111	19000	private	323007143	6
862307	4000	public	272616667	6
862307	4500	public	277383333	6
862307	5000	public	285358333	6
862307	5500	public	294341667	6
862307	6000	public	329725000	6
862307	6500	public	346133333	6
862307	7000	public	350991667	6
862307	7500	public	351725000	6
862307	8000	public	359241667	6
862307	8500	public	360525000	6
862307	9000	public	363550000	6
862307	9500	public	370975000	6
862307	10000	public	376016667	6
862307	10500	public	369691667	6
862307	11000	public	380416667	6
862307	11500	public	384175000	6
862307	12000	public	374916667	6
862307	12500	public	380691667	6
862307	13000	public	378216667	6
862307	13500	public	371891667	6
862307	14000	public	369325000	6
862307	14500	public	364650000	6
862307	15000	public	372350000	6
862307	15500	public	368958333	6
862307	16000	public	374366667	6
862307	16500	public	361716667	6
862307	17000	public	355483333	6
862307	17500	public	358600000	6
862307	18000	public	351633333	6
862307	18500	public	349158333	6
862307	19000	public	354291667	6
862307	4000	private	266592857	6
862307	4500	private	279478571	6
862307	5000	private	300417857	6
862307	5500	private	313067857	6
862307	6000	private	328546429	6
862307	6500	private	336442857	6
862307	7000	private	341432143	6
862307	7500	private	334046429	6
862307	8000	private	341039286	6
862307	8500	private	350703571	6
862307	9000	private	358050000	6
862307	9500	private	360367857	6
862307	10000	private	368421429	6
862307	10500	private	371917857	6
862307	11000	private	369678571	6
862307	11500	private	373567857	6
862307	12000	private	373607143	6
862307	12500	private	371917857	6
862307	13000	private	373764286	6
862307	13500	private	374117857	6
862307	14000	private	369717857	6
862307	14500	private	361507143	6
862307	15000	private	366850000	6
862307	15500	private	361232143	6
862307	16000	private	351842857	6
862307	16500	private	345478571	6
862307	17000	private	336364286	6
862307	17500	private	335814286	6
862307	18000	private	330157143	6
862307	18500	private	325717857	6
862307	19000	private	327446429	6
141871	4000	public	271791667	7
141871	4500	public	292325000	7
141871	5000	public	312033333	7
141871	5500	public	327525000	7
141871	6000	public	327891667	7
141871	6500	public	336050000	7
141871	7000	public	351541667	7
141871	7500	public	362541667	7
141871	8000	public	360708333	7
141871	8500	public	362450000	7
141871	9000	public	371525000	7
141871	9500	public	389491667	7
141871	10000	public	383716667	7
141871	10500	public	377300000	7
141871	11000	public	389858333	7
141871	11500	public	382891667	7
141871	12000	public	378950000	7
141871	12500	public	383991667	7
141871	13000	public	390316667	7
141871	13500	public	387291667	7
141871	14000	public	399483333	7
141871	14500	public	396733333	7
141871	15000	public	390683333	7
141871	15500	public	379866667	7
141871	16000	public	375650000	7
141871	16500	public	375466667	7
141871	17000	public	373633333	7
141871	17500	public	359700000	7
141871	18000	public	368225000	7
141871	18500	public	369691667	7
141871	19000	public	374825000	7
141871	4000	private	262232143	7
141871	4500	private	287217857	7
141871	5000	private	295271429	7
141871	5500	private	305132143	7
141871	6000	private	327760714	7
141871	6500	private	329764286	7
141871	7000	private	338053571	7
141871	7500	private	351410714	7
141871	8000	private	354553571	7
141871	8500	private	357735714	7
141871	9000	private	360917857	7
141871	9500	private	361860714	7
141871	10000	private	366692857	7
141871	10500	private	371800000	7
141871	11000	private	370346429	7
141871	11500	private	370975000	7
141871	12000	private	368735714	7
141871	12500	private	375217857	7
141871	13000	private	379578571	7
141871	13500	private	378517857	7
141871	14000	private	374078571	7
141871	14500	private	369757143	7
141871	15000	private	365278571	7
141871	15500	private	361271429	7
141871	16000	private	354435714	7
141871	16500	private	347442857	7
141871	17000	private	342728571	7
141871	17500	private	341628571	7
141871	18000	private	337189286	7
141871	18500	private	327917857	7
141871	19000	private	321789286	7
152267	4000	public	273075000	7
152267	4500	public	281600000	7
152267	5000	public	3.08e+08	7
152267	5500	public	322850000	7
152267	6000	public	328808333	7
152267	6500	public	358141667	7
152267	7000	public	362083333	7
152267	7500	public	362541667	7
152267	8000	public	367400000	7
152267	8500	public	378858333	7
152267	9000	public	376933333	7
152267	9500	public	378216667	7
152267	10000	public	379316667	7
152267	10500	public	378950000	7
152267	11000	public	373083333	7
152267	11500	public	362358333	7
152267	12000	public	378125000	7
152267	12500	public	386833333	7
152267	13000	public	387933333	7
152267	13500	public	392975000	7
152267	14000	public	398658333	7
152267	14500	public	403700000	7
152267	15000	public	394350000	7
152267	15500	public	391325000	7
152267	16000	public	384908333	7
152267	16500	public	374825000	7
152267	17000	public	365108333	7
152267	17500	public	368591667	7
152267	18000	public	366941667	7
152267	18500	public	374825000	7
152267	19000	public	375008333	7
152267	4000	private	263253571	7
152267	4500	private	288671429	7
152267	5000	private	303285714	7
152267	5500	private	305564286	7
152267	6000	private	321082143	7
152267	6500	private	328153571	7
152267	7000	private	339821429	7
152267	7500	private	349839286	7
152267	8000	private	350114286	7
152267	8500	private	358560714	7
152267	9000	private	364885714	7
152267	9500	private	371407143	7
152267	10000	private	371721429	7
152267	10500	private	374235714	7
152267	11000	private	371250000	7
152267	11500	private	371917857	7
152267	12000	private	373803571	7
152267	12500	private	378714286	7
152267	13000	private	380600000	7
152267	13500	private	374510714	7
152267	14000	private	372860714	7
152267	14500	private	369914286	7
152267	15000	private	363707143	7
152267	15500	private	365789286	7
152267	16000	private	364610714	7
152267	16500	private	354003571	7
152267	17000	private	352667857	7
152267	17500	private	342532143	7
152267	18000	private	337739286	7
152267	18500	private	328860714	7
152267	19000	private	331139286	7
166297	4000	public	264825000	7
166297	4500	public	289300000	7
166297	5000	public	298100000	7
166297	5500	public	305525000	7
166297	6000	public	324683333	7
166297	6500	public	346683333	7
166297	7000	public	351633333	7
166297	7500	public	360250000	7
166297	8000	public	379866667	7
166297	8500	public	387658333	7
166297	9000	public	388941667	7
166297	9500	public	385550000	7
166297	10000	public	388483333	7
166297	10500	public	386191667	7
166297	11000	public	388666667	7
166297	11500	public	392791667	7
166297	12000	public	391141667	7
166297	12500	public	393891667	7
166297	13000	public	395450000	7
166297	13500	public	389675000	7
166297	14000	public	387475000	7
166297	14500	public	385733333	7
166297	15000	public	393066667	7
166297	15500	public	378858333	7
166297	16000	public	371708333	7
166297	16500	public	371800000	7
166297	17000	public	376108333	7
166297	17500	public	365658333	7
166297	18000	public	378766667	7
166297	18500	public	380416667	7
166297	19000	public	378400000	7
166297	4000	private	269932143	7
166297	4500	private	277514286	7
166297	5000	private	282385714	7
166297	5500	private	305132143	7
166297	6000	private	325992857	7
166297	6500	private	329921429	7
166297	7000	private	344300000	7
166297	7500	private	353964286	7
166297	8000	private	362057143	7
166297	8500	private	361075000	7
166297	9000	private	369167857	7
166297	9500	private	368264286	7
166297	10000	private	372507143	7
166297	10500	private	364846429	7
166297	11000	private	359857143	7
166297	11500	private	357303571	7
166297	12000	private	363510714	7
166297	12500	private	369403571	7
166297	13000	private	372664286	7
166297	13500	private	377496429	7
166297	14000	private	374510714	7
166297	14500	private	374471429	7
166297	15000	private	367400000	7
166297	15500	private	358560714	7
166297	16000	private	354553571	7
166297	16500	private	349014286	7
166297	17000	private	351096429	7
166297	17500	private	348503571	7
166297	18000	private	342100000	7
166297	18500	private	332750000	7
166297	19000	private	324971429	7
188179	4000	public	255016667	7
188179	4500	public	277108333	7
188179	5000	public	289575000	7
188179	5500	public	301400000	7
188179	6000	public	320100000	7
188179	6500	public	344300000	7
188179	7000	public	359333333	7
188179	7500	public	349616667	7
188179	8000	public	358875000	7
188179	8500	public	374366667	7
188179	9000	public	389491667	7
188179	9500	public	393433333	7
188179	10000	public	390775000	7
188179	10500	public	380233333	7
188179	11000	public	377758333	7
188179	11500	public	392883333	7
188179	12000	public	383075000	7
188179	12500	public	384725000	7
188179	13000	public	396458333	7
188179	13500	public	390408333	7
188179	14000	public	383350000	7
188179	14500	public	390866667	7
188179	15000	public	389125000	7
188179	15500	public	390225000	7
188179	16000	public	398475000	7
188179	16500	public	399850000	7
188179	17000	public	389766667	7
188179	17500	public	386741667	7
188179	18000	public	381333333	7
188179	18500	public	369325000	7
188179	19000	public	355208333	7
188179	4000	private	270992857	7
188179	4500	private	284310714	7
188179	5000	private	303325000	7
188179	5500	private	313185714	7
188179	6000	private	324814286	7
188179	6500	private	340371429	7
188179	7000	private	348857143	7
188179	7500	private	355378571	7
188179	8000	private	358482143	7
188179	8500	private	366771429	7
188179	9000	private	361075000	7
188179	9500	private	364885714	7
188179	10000	private	369953571	7
188179	10500	private	375257143	7
188179	11000	private	369246429	7
188179	11500	private	358835714	7
188179	12000	private	359110714	7
188179	12500	private	360760714	7
188179	13000	private	364375000	7
188179	13500	private	366182143	7
188179	14000	private	365278571	7
188179	14500	private	359700000	7
188179	15000	private	353375000	7
188179	15500	private	350546429	7
188179	16000	private	350939286	7
188179	16500	private	341707143	7
188179	17000	private	343671429	7
188179	17500	private	337896429	7
188179	18000	private	334714286	7
188179	18500	private	335932143	7
188179	19000	private	330196429	7
405157	4000	public	249975000	7
405157	4500	public	270691667	7
405157	5000	public	296908333	7
405157	5500	public	322208333	7
405157	6000	public	337425000	7
405157	6500	public	346683333	7
405157	7000	public	357866667	7
405157	7500	public	365200000	7
405157	8000	public	380875000	7
405157	8500	public	378308333	7
405157	9000	public	394625000	7
405157	9500	public	391050000	7
405157	10000	public	389125000	7
405157	10500	public	390133333	7
405157	11000	public	387566667	7
405157	11500	public	393250000	7
405157	12000	public	391875000	7
405157	12500	public	389400000	7
405157	13000	public	386283333	7
405157	13500	public	379591667	7
405157	14000	public	373358333	7
405157	14500	public	385183333	7
405157	15000	public	384816667	7
405157	15500	public	382616667	7
405157	16000	public	374183333	7
405157	16500	public	374183333	7
405157	17000	public	378308333	7
405157	17500	public	365016667	7
405157	18000	public	357316667	7
405157	18500	public	352091667	7
405157	19000	public	347050000	7
405157	4000	private	260582143	7
405157	4500	private	282346429	7
405157	5000	private	290753571	7
405157	5500	private	296410714	7
405157	6000	private	320532143	7
405157	6500	private	329921429	7
405157	7000	private	338485714	7
405157	7500	private	345557143	7
405157	8000	private	353767857	7
405157	8500	private	354082143	7
405157	9000	private	351017857	7
405157	9500	private	350192857	7
405157	10000	private	356517857	7
405157	10500	private	369442857	7
405157	11000	private	376042857	7
405157	11500	private	380678571	7
405157	12000	private	382053571	7
405157	12500	private	372900000	7
405157	13000	private	378164286	7
405157	13500	private	375532143	7
405157	14000	private	367989286	7
405157	14500	private	362135714	7
405157	15000	private	363078571	7
405157	15500	private	361664286	7
405157	16000	private	358207143	7
405157	16500	private	349564286	7
405157	17000	private	343867857	7
405157	17500	private	337778571	7
405157	18000	private	337150000	7
405157	18500	private	329175000	7
405157	19000	private	324264286	7
491299	4000	public	261891667	7
491299	4500	public	292416667	7
491299	5000	public	301400000	7
491299	5500	public	322300000	7
491299	6000	public	334675000	7
491299	6500	public	339625000	7
491299	7000	public	354200000	7
491299	7500	public	363366667	7
491299	8000	public	371800000	7
491299	8500	public	377666667	7
491299	9000	public	373908333	7
491299	9500	public	386466667	7
491299	10000	public	382158333	7
491299	10500	public	374366667	7
491299	11000	public	372075000	7
491299	11500	public	363550000	7
491299	12000	public	371525000	7
491299	12500	public	382066667	7
491299	13000	public	396183333	7
491299	13500	public	397833333	7
491299	14000	public	395450000	7
491299	14500	public	388575000	7
491299	15000	public	390041667	7
491299	15500	public	382983333	7
491299	16000	public	378033333	7
491299	16500	public	371066667	7
491299	17000	public	365016667	7
491299	17500	public	361900000	7
491299	18000	public	349341667	7
491299	18500	public	358783333	7
491299	19000	public	360066667	7
491299	4000	private	263332143	7
491299	4500	private	282464286	7
491299	5000	private	307685714	7
491299	5500	private	308942857	7
491299	6000	private	324853571	7
491299	6500	private	337660714	7
491299	7000	private	349485714	7
491299	7500	private	352628571	7
491299	8000	private	360800000	7
491299	8500	private	362214286	7
491299	9000	private	366182143	7
491299	9500	private	369442857	7
491299	10000	private	367360714	7
491299	10500	private	368342857	7
491299	11000	private	373253571	7
491299	11500	private	374550000	7
491299	12000	private	375060714	7
491299	12500	private	376042857	7
491299	13000	private	375492857	7
491299	13500	private	369285714	7
491299	14000	private	385235714	7
491299	14500	private	377967857	7
491299	15000	private	371839286	7
491299	15500	private	367792857	7
491299	16000	private	362842857	7
491299	16500	private	361900000	7
491299	17000	private	354278571	7
491299	17500	private	346971429	7
491299	18000	private	342139286	7
491299	18500	private	343592857	7
491299	19000	private	334400000	7
531911	4000	public	243191667	7
531911	4500	public	278850000	7
531911	5000	public	293883333	7
531911	5500	public	301766667	7
531911	6000	public	331283333	7
531911	6500	public	346500000	7
531911	7000	public	354841667	7
531911	7500	public	357958333	7
531911	8000	public	372991667	7
531911	8500	public	377575000	7
531911	9000	public	381425000	7
531911	9500	public	383900000	7
531911	10000	public	387475000	7
531911	10500	public	397741667	7
531911	11000	public	399116667	7
531911	11500	public	396091667	7
531911	12000	public	408833333	7
531911	12500	public	399941667	7
531911	13000	public	395908333	7
531911	13500	public	402050000	7
531911	14000	public	393800000	7
531911	14500	public	400675000	7
531911	15000	public	390408333	7
531911	15500	public	393708333	7
531911	16000	public	390591667	7
531911	16500	public	388391667	7
531911	17000	public	392608333	7
531911	17500	public	386191667	7
531911	18000	public	379866667	7
531911	18500	public	373908333	7
531911	19000	public	367950000	7
531911	4000	private	263489286	7
531911	4500	private	286707143	7
531911	5000	private	296764286	7
531911	5500	private	313028571	7
531911	6000	private	320021429	7
531911	6500	private	331571429	7
531911	7000	private	353925000	7
531911	7500	private	356517857	7
531911	8000	private	360289286	7
531911	8500	private	362253571	7
531911	9000	private	364532143	7
531911	9500	private	362685714	7
531911	10000	private	358796429	7
531911	10500	private	364610714	7
531911	11000	private	377378571	7
531911	11500	private	381032143	7
531911	12000	private	376357143	7
531911	12500	private	373096429	7
531911	13000	private	370896429	7
531911	13500	private	370621429	7
531911	14000	private	370228571	7
531911	14500	private	369639286	7
531911	15000	private	362253571	7
531911	15500	private	358482143	7
531911	16000	private	360603571	7
531911	16500	private	356046429	7
531911	17000	private	355025000	7
531911	17500	private	352275000	7
531911	18000	private	346342857	7
531911	18500	private	340253571	7
531911	19000	private	326307143	7
542981	4000	public	261616667	7
542981	4500	public	283983333	7
542981	5000	public	296358333	7
542981	5500	public	318358333	7
542981	6000	public	326333333	7
542981	6500	public	328350000	7
542981	7000	public	357775000	7
542981	7500	public	364100000	7
542981	8000	public	362358333	7
542981	8500	public	365933333	7
542981	9000	public	376658333	7
542981	9500	public	384266667	7
542981	10000	public	388116667	7
542981	10500	public	381425000	7
542981	11000	public	379958333	7
542981	11500	public	369416667	7
542981	12000	public	369325000	7
542981	12500	public	370425000	7
542981	13000	public	384266667	7
542981	13500	public	382983333	7
542981	14000	public	390500000	7
542981	14500	public	392058333	7
542981	15000	public	389675000	7
542981	15500	public	387566667	7
542981	16000	public	377941667	7
542981	16500	public	375008333	7
542981	17000	public	375741667	7
542981	17500	public	369325000	7
542981	18000	public	369508333	7
542981	18500	public	370975000	7
542981	19000	public	365200000	7
542981	4000	private	255592857	7
542981	4500	private	281364286	7
542981	5000	private	297275000	7
542981	5500	private	307489286	7
542981	6000	private	325285714	7
542981	6500	private	329921429	7
542981	7000	private	333810714	7
542981	7500	private	344457143	7
542981	8000	private	349132143	7
542981	8500	private	356242857	7
542981	9000	private	358717857	7
542981	9500	private	362528571	7
542981	10000	private	363235714	7
542981	10500	private	365317857	7
542981	11000	private	368303571	7
542981	11500	private	364178571	7
542981	12000	private	376003571	7
542981	12500	private	377889286	7
542981	13000	private	375885714	7
542981	13500	private	374078571	7
542981	14000	private	370071429	7
542981	14500	private	370189286	7
542981	15000	private	357853571	7
542981	15500	private	361114286	7
542981	16000	private	353453571	7
542981	16500	private	355496429	7
542981	17000	private	354396429	7
542981	17500	private	348503571	7
542981	18000	private	338210714	7
542981	18500	private	335225000	7
542981	19000	private	329057143	7
817111	4000	public	258133333	7
817111	4500	public	283800000	7
817111	5000	public	303233333	7
817111	5500	public	323308333	7
817111	6000	public	342650000	7
817111	6500	public	344391667	7
817111	7000	public	345033333	7
817111	7500	public	363183333	7
817111	8000	public	363091667	7
817111	8500	public	365200000	7
817111	9000	public	374091667	7
817111	9500	public	385550000	7
817111	10000	public	386925000	7
817111	10500	public	387383333	7
817111	11000	public	380783333	7
817111	11500	public	393066667	7
817111	12000	public	390225000	7
817111	12500	public	386558333	7
817111	13000	public	381516667	7
817111	13500	public	372258333	7
817111	14000	public	381333333	7
817111	14500	public	386650000	7
817111	15000	public	388300000	7
817111	15500	public	394533333	7
817111	16000	public	388391667	7
817111	16500	public	382891667	7
817111	17000	public	379866667	7
817111	17500	public	376566667	7
817111	18000	public	381975000	7
817111	18500	public	377941667	7
817111	19000	public	374641667	7
817111	4000	private	266514286	7
817111	4500	private	281442857	7
817111	5000	private	300614286	7
817111	5500	private	310082143	7
817111	6000	private	335578571	7
817111	6500	private	343475000	7
817111	7000	private	347128571	7
817111	7500	private	354278571	7
817111	8000	private	358246429	7
817111	8500	private	369128571	7
817111	9000	private	366103571	7
817111	9500	private	369835714	7
817111	10000	private	366889286	7
817111	10500	private	372192857	7
817111	11000	private	374235714	7
817111	11500	private	379185714	7
817111	12000	private	378046429	7
817111	12500	private	375689286	7
817111	13000	private	375492857	7
817111	13500	private	369246429	7
817111	14000	private	366142857	7
817111	14500	private	363078571	7
817111	15000	private	360014286	7
817111	15500	private	358128571	7
817111	16000	private	356832143	7
817111	16500	private	352117857	7
817111	17000	private	346342857	7
817111	17500	private	346971429	7
817111	18000	private	337582143	7
817111	18500	private	327525000	7
817111	19000	private	328153571	7
862307	4000	public	250800000	7
862307	4500	public	277291667	7
862307	5000	public	314600000	7
862307	5500	public	315150000	7
862307	6000	public	334491667	7
862307	6500	public	346316667	7
862307	7000	public	353558333	7
862307	7500	public	353283333	7
862307	8000	public	368133333	7
862307	8500	public	376108333	7
862307	9000	public	377208333	7
862307	9500	public	385275000	7
862307	10000	public	382708333	7
862307	10500	public	379958333	7
862307	11000	public	384908333	7
862307	11500	public	377758333	7
862307	12000	public	379591667	7
862307	12500	public	381058333	7
862307	13000	public	382341667	7
862307	13500	public	392883333	7
862307	14000	public	397925000	7
862307	14500	public	398658333	7
862307	15000	public	395633333	7
862307	15500	public	392975000	7
862307	16000	public	384266667	7
862307	16500	public	378858333	7
862307	17000	public	376933333	7
862307	17500	public	368408333	7
862307	18000	public	359333333	7
862307	18500	public	370425000	7
862307	19000	public	371158333	7
862307	4000	private	260228571	7
862307	4500	private	279517857	7
862307	5000	private	300457143	7
862307	5500	private	324578571	7
862307	6000	private	332789286	7
862307	6500	private	334792857	7
862307	7000	private	343475000	7
862307	7500	private	352235714	7
862307	8000	private	357657143	7
862307	8500	private	366025000	7
862307	9000	private	374196429	7
862307	9500	private	380953571	7
862307	10000	private	376553571	7
862307	10500	private	372232143	7
862307	11000	private	375610714	7
862307	11500	private	376317857	7
862307	12000	private	376317857	7
862307	12500	private	379617857	7
862307	13000	private	382996429	7
862307	13500	private	382407143	7
862307	14000	private	382603571	7
862307	14500	private	372075000	7
862307	15000	private	364728571	7
862307	15500	private	360367857	7
862307	16000	private	355457143	7
862307	16500	private	350703571	7
862307	17000	private	347600000	7
862307	17500	private	339467857	7
862307	18000	private	337857143	7
862307	18500	private	341746429	7
862307	19000	private	332789286	7
141871	4000	public	252725000	8
141871	4500	public	268583333	8
141871	5000	public	291500000	8
141871	5500	public	302866667	8
141871	6000	public	321566667	8
141871	6500	public	336325000	8
141871	7000	public	340725000	8
141871	7500	public	352458333	8
141871	8000	public	375191667	8
141871	8500	public	368500000	8
141871	9000	public	373266667	8
141871	9500	public	380600000	8
141871	10000	public	392241667	8
141871	10500	public	390866667	8
141871	11000	public	393983333	8
141871	11500	public	395541667	8
141871	12000	public	399850000	8
141871	12500	public	394625000	8
141871	13000	public	387658333	8
141871	13500	public	383808333	8
141871	14000	public	381241667	8
141871	14500	public	375100000	8
141871	15000	public	365566667	8
141871	15500	public	374733333	8
141871	16000	public	368958333	8
141871	16500	public	365475000	8
141871	17000	public	359333333	8
141871	17500	public	356858333	8
141871	18000	public	346500000	8
141871	18500	public	336325000	8
141871	19000	public	332383333	8
141871	4000	private	264117857	8
141871	4500	private	287964286	8
141871	5000	private	294642857	8
141871	5500	private	299985714	8
141871	6000	private	303757143	8
141871	6500	private	301360714	8
141871	7000	private	311260714	8
141871	7500	private	327446429	8
141871	8000	private	340489286	8
141871	8500	private	350428571	8
141871	9000	private	352314286	8
141871	9500	private	357814286	8
141871	10000	private	363039286	8
141871	10500	private	362842857	8
141871	11000	private	365435714	8
141871	11500	private	370267857	8
141871	12000	private	373921429	8
141871	12500	private	370660714	8
141871	13000	private	377575000	8
141871	13500	private	375296429	8
141871	14000	private	375610714	8
141871	14500	private	374314286	8
141871	15000	private	369757143	8
141871	15500	private	366614286	8
141871	16000	private	371446429	8
141871	16500	private	367439286	8
141871	17000	private	355142857	8
141871	17500	private	347560714	8
141871	18000	private	346500000	8
141871	18500	private	334360714	8
141871	19000	private	328978571	8
152267	4000	public	223575000	8
152267	4500	public	260058333	8
152267	5000	public	298466667	8
152267	5500	public	305525000	8
152267	6000	public	307083333	8
152267	6500	public	320466667	8
152267	7000	public	335316667	8
152267	7500	public	355208333	8
152267	8000	public	363641667	8
152267	8500	public	361533333	8
152267	9000	public	369141667	8
152267	9500	public	377391667	8
152267	10000	public	374916667	8
152267	10500	public	391050000	8
152267	11000	public	3.96e+08	8
152267	11500	public	392425000	8
152267	12000	public	388483333	8
152267	12500	public	384908333	8
152267	13000	public	394441667	8
152267	13500	public	391141667	8
152267	14000	public	389033333	8
152267	14500	public	383350000	8
152267	15000	public	380966667	8
152267	15500	public	376658333	8
152267	16000	public	370241667	8
152267	16500	public	363550000	8
152267	17000	public	379316667	8
152267	17500	public	372900000	8
152267	18000	public	366850000	8
152267	18500	public	366941667	8
152267	19000	public	355483333	8
152267	4000	private	256182143	8
152267	4500	private	268046429	8
152267	5000	private	279085714	8
152267	5500	private	295703571	8
152267	6000	private	311535714	8
152267	6500	private	319157143	8
152267	7000	private	326150000	8
152267	7500	private	329410714	8
152267	8000	private	339153571	8
152267	8500	private	342414286	8
152267	9000	private	338367857	8
152267	9500	private	349760714	8
152267	10000	private	353178571	8
152267	10500	private	356478571	8
152267	11000	private	361428571	8
152267	11500	private	368460714	8
152267	12000	private	375650000	8
152267	12500	private	373253571	8
152267	13000	private	369953571	8
152267	13500	private	369010714	8
152267	14000	private	364414286	8
152267	14500	private	361350000	8
152267	15000	private	358442857	8
152267	15500	private	350075000	8
152267	16000	private	345753571	8
152267	16500	private	344692857	8
152267	17000	private	346578571	8
152267	17500	private	340685714	8
152267	18000	private	336207143	8
152267	18500	private	330667857	8
152267	19000	private	326935714	8
166297	4000	public	244841667	8
166297	4500	public	259050000	8
166297	5000	public	275366667	8
166297	5500	public	283066667	8
166297	6000	public	306350000	8
166297	6500	public	329725000	8
166297	7000	public	341458333	8
166297	7500	public	342283333	8
166297	8000	public	369416667	8
166297	8500	public	384541667	8
166297	9000	public	382891667	8
166297	9500	public	373083333	8
166297	10000	public	391050000	8
166297	10500	public	413691667	8
166297	11000	public	407091667	8
166297	11500	public	401225000	8
166297	12000	public	401683333	8
166297	12500	public	402783333	8
166297	13000	public	387566667	8
166297	13500	public	388025000	8
166297	14000	public	385366667	8
166297	14500	public	397833333	8
166297	15000	public	398108333	8
166297	15500	public	393250000	8
166297	16000	public	387750000	8
166297	16500	public	379225000	8
166297	17000	public	373450000	8
166297	17500	public	367308333	8
166297	18000	public	358325000	8
166297	18500	public	354383333	8
166297	19000	public	351083333	8
166297	4000	private	245496429	8
166297	4500	private	260621429	8
166297	5000	private	276414286	8
166297	5500	private	294328571	8
166297	6000	private	300850000	8
166297	6500	private	302617857	8
166297	7000	private	318803571	8
166297	7500	private	333378571	8
166297	8000	private	353964286	8
166297	8500	private	352982143	8
166297	9000	private	354475000	8
166297	9500	private	356321429	8
166297	10000	private	360407143	8
166297	10500	private	365632143	8
166297	11000	private	361389286	8
166297	11500	private	372546429	8
166297	12000	private	374707143	8
166297	12500	private	368735714	8
166297	13000	private	368185714	8
166297	13500	private	365632143	8
166297	14000	private	359700000	8
166297	14500	private	353571429	8
166297	15000	private	349525000	8
166297	15500	private	344535714	8
166297	16000	private	347678571	8
166297	16500	private	342689286	8
166297	17000	private	338092857	8
166297	17500	private	332082143	8
166297	18000	private	327289286	8
166297	18500	private	318764286	8
166297	19000	private	319392857	8
188179	4000	public	248141667	8
188179	4500	public	288566667	8
188179	5000	public	281783333	8
188179	5500	public	308091667	8
188179	6000	public	313133333	8
188179	6500	public	319275000	8
188179	7000	public	345950000	8
188179	7500	public	361350000	8
188179	8000	public	370700000	8
188179	8500	public	374366667	8
188179	9000	public	391508333	8
188179	9500	public	391600000	8
188179	10000	public	388025000	8
188179	10500	public	396733333	8
188179	11000	public	394350000	8
188179	11500	public	390775000	8
188179	12000	public	405991667	8
188179	12500	public	411125000	8
188179	13000	public	404891667	8
188179	13500	public	398566667	8
188179	14000	public	401500000	8
188179	14500	public	410116667	8
188179	15000	public	407550000	8
188179	15500	public	412408333	8
188179	16000	public	404158333	8
188179	16500	public	403883333	8
188179	17000	public	390408333	8
188179	17500	public	379500000	8
188179	18000	public	370058333	8
188179	18500	public	367950000	8
188179	19000	public	353466667	8
188179	4000	private	250367857	8
188179	4500	private	260542857	8
188179	5000	private	273664286	8
188179	5500	private	293032143	8
188179	6000	private	297942857	8
188179	6500	private	311810714	8
188179	7000	private	324735714	8
188179	7500	private	328350000	8
188179	8000	private	339271429	8
188179	8500	private	349485714	8
188179	9000	private	360210714	8
188179	9500	private	360957143	8
188179	10000	private	375846429	8
188179	10500	private	379185714	8
188179	11000	private	376278571	8
188179	11500	private	369167857	8
188179	12000	private	374432143	8
188179	12500	private	368303571	8
188179	13000	private	362332143	8
188179	13500	private	365828571	8
188179	14000	private	360642857	8
188179	14500	private	360878571	8
188179	15000	private	365907143	8
188179	15500	private	363039286	8
188179	16000	private	359503571	8
188179	16500	private	355692857	8
188179	17000	private	352825000	8
188179	17500	private	342571429	8
188179	18000	private	336403571	8
188179	18500	private	334950000	8
188179	19000	private	329371429	8
405157	4000	public	249608333	8
405157	4500	public	271700000	8
405157	5000	public	306075000	8
405157	5500	public	298925000	8
405157	6000	public	313041667	8
405157	6500	public	310200000	8
405157	7000	public	333483333	8
405157	7500	public	345125000	8
405157	8000	public	353558333	8
405157	8500	public	356308333	8
405157	9000	public	365933333	8
405157	9500	public	371341667	8
405157	10000	public	377758333	8
405157	10500	public	385733333	8
405157	11000	public	383533333	8
405157	11500	public	392058333	8
405157	12000	public	386375000	8
405157	12500	public	383258333	8
405157	13000	public	380966667	8
405157	13500	public	389766667	8
405157	14000	public	390500000	8
405157	14500	public	384266667	8
405157	15000	public	382891667	8
405157	15500	public	380966667	8
405157	16000	public	378950000	8
405157	16500	public	365750000	8
405157	17000	public	363641667	8
405157	17500	public	363091667	8
405157	18000	public	363550000	8
405157	18500	public	365200000	8
405157	19000	public	361900000	8
405157	4000	private	248167857	8
405157	4500	private	270914286	8
405157	5000	private	289967857	8
405157	5500	private	293817857	8
405157	6000	private	312125000	8
405157	6500	private	320414286	8
405157	7000	private	322221429	8
405157	7500	private	336875000	8
405157	8000	private	338760714	8
405157	8500	private	355653571	8
405157	9000	private	361742857	8
405157	9500	private	357067857	8
405157	10000	private	356675000	8
405157	10500	private	366614286	8
405157	11000	private	369914286	8
405157	11500	private	370189286	8
405157	12000	private	367125000	8
405157	12500	private	364532143	8
405157	13000	private	366300000	8
405157	13500	private	371171429	8
405157	14000	private	371642857	8
405157	14500	private	371957143	8
405157	15000	private	362332143	8
405157	15500	private	356085714	8
405157	16000	private	354592857	8
405157	16500	private	353178571	8
405157	17000	private	353296429	8
405157	17500	private	344889286	8
405157	18000	private	339192857	8
405157	18500	private	337700000	8
405157	19000	private	335185714	8
491299	4000	public	259691667	8
491299	4500	public	275641667	8
491299	5000	public	283525000	8
491299	5500	public	286641667	8
491299	6000	public	298191667	8
491299	6500	public	313591667	8
491299	7000	public	333391667	8
491299	7500	public	349616667	8
491299	8000	public	375650000	8
491299	8500	public	369325000	8
491299	9000	public	370150000	8
491299	9500	public	384358333	8
491299	10000	public	384541667	8
491299	10500	public	378308333	8
491299	11000	public	384908333	8
491299	11500	public	383350000	8
491299	12000	public	399208333	8
491299	12500	public	392150000	8
491299	13000	public	386741667	8
491299	13500	public	397741667	8
491299	14000	public	395175000	8
491299	14500	public	388850000	8
491299	15000	public	382433333	8
491299	15500	public	382891667	8
491299	16000	public	377575000	8
491299	16500	public	391966667	8
491299	17000	public	393433333	8
491299	17500	public	383625000	8
491299	18000	public	376200000	8
491299	18500	public	369050000	8
491299	19000	public	364191667	8
491299	4000	private	251703571	8
491299	4500	private	272367857	8
491299	5000	private	288632143	8
491299	5500	private	314796429	8
491299	6000	private	316917857	8
491299	6500	private	322103571	8
491299	7000	private	337975000	8
491299	7500	private	344378571	8
491299	8000	private	346578571	8
491299	8500	private	357932143	8
491299	9000	private	358364286	8
491299	9500	private	362489286	8
491299	10000	private	366339286	8
491299	10500	private	371367857	8
491299	11000	private	366182143	8
491299	11500	private	364492857	8
491299	12000	private	360053571	8
491299	12500	private	362292857	8
491299	13000	private	365396429	8
491299	13500	private	366182143	8
491299	14000	private	360210714	8
491299	14500	private	363707143	8
491299	15000	private	360957143	8
491299	15500	private	355260714	8
491299	16000	private	347325000	8
491299	16500	private	341942857	8
491299	17000	private	340528571	8
491299	17500	private	334517857	8
491299	18000	private	333771429	8
491299	18500	private	331335714	8
491299	19000	private	326346429	8
531911	4000	public	239525000	8
531911	4500	public	261983333	8
531911	5000	public	279583333	8
531911	5500	public	295258333	8
531911	6000	public	322025000	8
531911	6500	public	330641667	8
531911	7000	public	357500000	8
531911	7500	public	354841667	8
531911	8000	public	355758333	8
531911	8500	public	364466667	8
531911	9000	public	360983333	8
531911	9500	public	364375000	8
531911	10000	public	386741667	8
531911	10500	public	384725000	8
531911	11000	public	381700000	8
531911	11500	public	376291667	8
531911	12000	public	380233333	8
531911	12500	public	384266667	8
531911	13000	public	392425000	8
531911	13500	public	396275000	8
531911	14000	public	398841667	8
531911	14500	public	389491667	8
531911	15000	public	383716667	8
531911	15500	public	368500000	8
531911	16000	public	372716667	8
531911	16500	public	371066667	8
531911	17000	public	367308333	8
531911	17500	public	358783333	8
531911	18000	public	350441667	8
531911	18500	public	345400000	8
531911	19000	public	346775000	8
531911	4000	private	257203571	8
531911	4500	private	268792857	8
531911	5000	private	295035714	8
531911	5500	private	307960714	8
531911	6000	private	319275000	8
531911	6500	private	325796429	8
531911	7000	private	324500000	8
531911	7500	private	343710714	8
531911	8000	private	356675000	8
531911	8500	private	363157143	8
531911	9000	private	363864286	8
531911	9500	private	372625000	8
531911	10000	private	371682143	8
531911	10500	private	373332143	8
531911	11000	private	378557143	8
531911	11500	private	373803571	8
531911	12000	private	382328571	8
531911	12500	private	378242857	8
531911	13000	private	369246429	8
531911	13500	private	366810714	8
531911	14000	private	363353571	8
531911	14500	private	360289286	8
531911	15000	private	352550000	8
531911	15500	private	348857143	8
531911	16000	private	344692857	8
531911	16500	private	338328571	8
531911	17000	private	332867857	8
531911	17500	private	334164286	8
531911	18000	private	325953571	8
531911	18500	private	321042857	8
531911	19000	private	332239286	8
542981	4000	public	249425000	8
542981	4500	public	268216667	8
542981	5000	public	281050000	8
542981	5500	public	299475000	8
542981	6000	public	307541667	8
542981	6500	public	323766667	8
542981	7000	public	338066667	8
542981	7500	public	357500000	8
542981	8000	public	365750000	8
542981	8500	public	366208333	8
542981	9000	public	378033333	8
542981	9500	public	381791667	8
542981	10000	public	382525000	8
542981	10500	public	399208333	8
542981	11000	public	404250000	8
542981	11500	public	408100000	8
542981	12000	public	402966667	8
542981	12500	public	397100000	8
542981	13000	public	390683333	8
542981	13500	public	384083333	8
542981	14000	public	385275000	8
542981	14500	public	381700000	8
542981	15000	public	375100000	8
542981	15500	public	376016667	8
542981	16000	public	376933333	8
542981	16500	public	369783333	8
542981	17000	public	372075000	8
542981	17500	public	365383333	8
542981	18000	public	358141667	8
542981	18500	public	352458333	8
542981	19000	public	349891667	8
542981	4000	private	251389286	8
542981	4500	private	270835714	8
542981	5000	private	299121429	8
542981	5500	private	315582143	8
542981	6000	private	317625000	8
542981	6500	private	320885714	8
542981	7000	private	335971429	8
542981	7500	private	347285714	8
542981	8000	private	357107143	8
542981	8500	private	356125000	8
542981	9000	private	348700000	8
542981	9500	private	357303571	8
542981	10000	private	354632143	8
542981	10500	private	356125000	8
542981	11000	private	362607143	8
542981	11500	private	364885714	8
542981	12000	private	372585714	8
542981	12500	private	371171429	8
542981	13000	private	366850000	8
542981	13500	private	357892857	8
542981	14000	private	364453571	8
542981	14500	private	358914286	8
542981	15000	private	353100000	8
542981	15500	private	345635714	8
542981	16000	private	344457143	8
542981	16500	private	346735714	8
542981	17000	private	335539286	8
542981	17500	private	328192857	8
542981	18000	private	328939286	8
542981	18500	private	324303571	8
542981	19000	private	321475000	8
817111	4000	public	230725000	8
817111	4500	public	248600000	8
817111	5000	public	256208333	8
817111	5500	public	275458333	8
817111	6000	public	306625000	8
817111	6500	public	311025000	8
817111	7000	public	334033333	8
817111	7500	public	350166667	8
817111	8000	public	359333333	8
817111	8500	public	352916667	8
817111	9000	public	355300000	8
817111	9500	public	371158333	8
817111	10000	public	389858333	8
817111	10500	public	393616667	8
817111	11000	public	385550000	8
817111	11500	public	385458333	8
817111	12000	public	379775000	8
817111	12500	public	380783333	8
817111	13000	public	388666667	8
817111	13500	public	394441667	8
817111	14000	public	402233333	8
817111	14500	public	399850000	8
817111	15000	public	390866667	8
817111	15500	public	379683333	8
817111	16000	public	384816667	8
817111	16500	public	3.74e+08	8
817111	17000	public	371616667	8
817111	17500	public	365200000	8
817111	18000	public	372625000	8
817111	18500	public	363458333	8
817111	19000	public	357775000	8
817111	4000	private	246832143	8
817111	4500	private	272957143	8
817111	5000	private	286196429	8
817111	5500	private	291303571	8
817111	6000	private	302303571	8
817111	6500	private	310632143	8
817111	7000	private	320414286	8
817111	7500	private	333142857	8
817111	8000	private	347285714	8
817111	8500	private	352392857	8
817111	9000	private	356871429	8
817111	9500	private	366575000	8
817111	10000	private	362489286	8
817111	10500	private	360092857	8
817111	11000	private	367478571	8
817111	11500	private	371446429	8
817111	12000	private	366810714	8
817111	12500	private	364021429	8
817111	13000	private	358285714	8
817111	13500	private	353453571	8
817111	14000	private	352471429	8
817111	14500	private	354278571	8
817111	15000	private	357342857	8
817111	15500	private	355064286	8
817111	16000	private	350507143	8
817111	16500	private	346500000	8
817111	17000	private	340450000	8
817111	17500	private	337700000	8
817111	18000	private	332160714	8
817111	18500	private	327446429	8
817111	19000	private	324382143	8
862307	4000	public	230358333	8
862307	4500	public	273166667	8
862307	5000	public	277475000	8
862307	5500	public	289666667	8
862307	6000	public	304058333	8
862307	6500	public	325783333	8
862307	7000	public	342283333	8
862307	7500	public	346683333	8
862307	8000	public	359700000	8
862307	8500	public	377575000	8
862307	9000	public	378675000	8
862307	9500	public	389858333	8
862307	10000	public	383075000	8
862307	10500	public	385366667	8
862307	11000	public	387291667	8
862307	11500	public	387383333	8
862307	12000	public	384633333	8
862307	12500	public	382341667	8
862307	13000	public	390683333	8
862307	13500	public	384541667	8
862307	14000	public	377391667	8
862307	14500	public	378033333	8
862307	15000	public	378858333	8
862307	15500	public	380325000	8
862307	16000	public	373083333	8
862307	16500	public	369600000	8
862307	17000	public	361991667	8
862307	17500	public	362358333	8
862307	18000	public	363916667	8
862307	18500	public	365291667	8
862307	19000	public	355391667	8
862307	4000	private	264275000	8
862307	4500	private	279714286	8
862307	5000	private	286510714	8
862307	5500	private	297785714	8
862307	6000	private	304975000	8
862307	6500	private	316878571	8
862307	7000	private	326307143	8
862307	7500	private	334635714	8
862307	8000	private	342414286	8
862307	8500	private	357539286	8
862307	9000	private	359425000	8
862307	9500	private	358560714	8
862307	10000	private	355967857	8
862307	10500	private	362057143	8
862307	11000	private	363589286	8
862307	11500	private	362764286	8
862307	12000	private	367871429	8
862307	12500	private	366496429	8
862307	13000	private	366850000	8
862307	13500	private	365553571	8
862307	14000	private	364689286	8
862307	14500	private	360485714	8
862307	15000	private	356203571	8
862307	15500	private	348503571	8
862307	16000	private	349250000	8
862307	16500	private	346814286	8
862307	17000	private	338289286	8
862307	17500	private	335775000	8
862307	18000	private	328035714	8
862307	18500	private	321946429	8
862307	19000	private	317546429	8
141871	4000	public	248233333	9
141871	4500	public	275275000	9
141871	5000	public	276375000	9
141871	5500	public	289208333	9
141871	6000	public	293975000	9
141871	6500	public	291591667	9
141871	7000	public	296541667	9
141871	7500	public	298191667	9
141871	8000	public	322208333	9
141871	8500	public	340175000	9
141871	9000	public	360158333	9
141871	9500	public	377208333	9
141871	10000	public	373633333	9
141871	10500	public	374825000	9
141871	11000	public	372258333	9
141871	11500	public	397191667	9
141871	12000	public	402875000	9
141871	12500	public	428908333	9
141871	13000	public	432666667	9
141871	13500	public	430466667	9
141871	14000	public	435508333	9
141871	14500	public	429916667	9
141871	15000	public	433766667	9
141871	15500	public	442016667	9
141871	16000	public	436333333	9
141871	16500	public	420750000	9
141871	17000	public	410208333	9
141871	17500	public	406266667	9
141871	18000	public	400400000	9
141871	18500	public	398200000	9
141871	19000	public	388483333	9
141871	4000	private	266042857	9
141871	4500	private	266239286	9
141871	5000	private	286982143	9
141871	5500	private	310553571	9
141871	6000	private	323439286	9
141871	6500	private	336246429	9
141871	7000	private	339625000	9
141871	7500	private	342846429	9
141871	8000	private	345910714	9
141871	8500	private	354710714	9
141871	9000	private	359503571	9
141871	9500	private	363982143	9
141871	10000	private	366300000	9
141871	10500	private	366575000	9
141871	11000	private	379460714	9
141871	11500	private	383703571	9
141871	12000	private	378910714	9
141871	12500	private	368539286	9
141871	13000	private	367714286	9
141871	13500	private	375728571	9
141871	14000	private	372782143	9
141871	14500	private	374392857	9
141871	15000	private	371957143	9
141871	15500	private	370778571	9
141871	16000	private	367714286	9
141871	16500	private	367321429	9
141871	17000	private	363196429	9
141871	17500	private	359385714	9
141871	18000	private	356400000	9
141871	18500	private	342414286	9
141871	19000	private	341078571	9
152267	4000	public	255383333	9
152267	4500	public	271608333	9
152267	5000	public	280225000	9
152267	5500	public	281783333	9
152267	6000	public	294158333	9
152267	6500	public	285083333	9
152267	7000	public	289025000	9
152267	7500	public	302683333	9
152267	8000	public	322300000	9
152267	8500	public	334858333	9
152267	9000	public	341916667	9
152267	9500	public	369141667	9
152267	10000	public	399575000	9
152267	10500	public	400308333	9
152267	11000	public	407825000	9
152267	11500	public	415616667	9
152267	12000	public	409475000	9
152267	12500	public	417725000	9
152267	13000	public	436333333	9
152267	13500	public	4.29e+08	9
152267	14000	public	435966667	9
152267	14500	public	441466667	9
152267	15000	public	446600000	9
152267	15500	public	447516667	9
152267	16000	public	438075000	9
152267	16500	public	430466667	9
152267	17000	public	420566667	9
152267	17500	public	410483333	9
152267	18000	public	408925000	9
152267	18500	public	402141667	9
152267	19000	public	392150000	9
152267	4000	private	266121429	9
152267	4500	private	272525000	9
152267	5000	private	297903571	9
152267	5500	private	315307143	9
152267	6000	private	332789286	9
152267	6500	private	332750000	9
152267	7000	private	336560714	9
152267	7500	private	344064286	9
152267	8000	private	352157143	9
152267	8500	private	363275000	9
152267	9000	private	364178571	9
152267	9500	private	361153571	9
152267	10000	private	367753571	9
152267	10500	private	372939286	9
152267	11000	private	370503571	9
152267	11500	private	371092857	9
152267	12000	private	379225000	9
152267	12500	private	376475000	9
152267	13000	private	375571429	9
152267	13500	private	374785714	9
152267	14000	private	369442857	9
152267	14500	private	367871429	9
152267	15000	private	371171429	9
152267	15500	private	366850000	9
152267	16000	private	366967857	9
152267	16500	private	367871429	9
152267	17000	private	365042857	9
152267	17500	private	359150000	9
152267	18000	private	348032143	9
152267	18500	private	343867857	9
152267	19000	private	347364286	9
166297	4000	public	245483333	9
166297	4500	public	268308333	9
166297	5000	public	288566667	9
166297	5500	public	292600000	9
166297	6000	public	282700000	9
166297	6500	public	280500000	9
166297	7000	public	297641667	9
166297	7500	public	303416667	9
166297	8000	public	326241667	9
166297	8500	public	348516667	9
166297	9000	public	352458333	9
166297	9500	public	371341667	9
166297	10000	public	382708333	9
166297	10500	public	392883333	9
166297	11000	public	423316667	9
166297	11500	public	418550000	9
166297	12000	public	416533333	9
166297	12500	public	421483333	9
166297	13000	public	414791667	9
166297	13500	public	426525000	9
166297	14000	public	433675000	9
166297	14500	public	451550000	9
166297	15000	public	449166667	9
166297	15500	public	442566667	9
166297	16000	public	429550000	9
166297	16500	public	419558333	9
166297	17000	public	410116667	9
166297	17500	public	402691667	9
166297	18000	public	396825000	9
166297	18500	public	401775000	9
166297	19000	public	391691667	9
166297	4000	private	264078571	9
166297	4500	private	277082143	9
166297	5000	private	295900000	9
166297	5500	private	315385714	9
166297	6000	private	323557143	9
166297	6500	private	336285714	9
166297	7000	private	342296429	9
166297	7500	private	350035714	9
166297	8000	private	356753571	9
166297	8500	private	362135714	9
166297	9000	private	370660714	9
166297	9500	private	377496429	9
166297	10000	private	374982143	9
166297	10500	private	374550000	9
166297	11000	private	374864286	9
166297	11500	private	374550000	9
166297	12000	private	371485714	9
166297	12500	private	374864286	9
166297	13000	private	372232143	9
166297	13500	private	369560714	9
166297	14000	private	373567857	9
166297	14500	private	371407143	9
166297	15000	private	370071429	9
166297	15500	private	368971429	9
166297	16000	private	369050000	9
166297	16500	private	370975000	9
166297	17000	private	364807143	9
166297	17500	private	365632143	9
166297	18000	private	354789286	9
166297	18500	private	358167857	9
166297	19000	private	353846429	9
188179	4000	public	245025000	9
188179	4500	public	264916667	9
188179	5000	public	288016667	9
188179	5500	public	292875000	9
188179	6000	public	297091667	9
188179	6500	public	294433333	9
188179	7000	public	311850000	9
188179	7500	public	305708333	9
188179	8000	public	329175000	9
188179	8500	public	351175000	9
188179	9000	public	364191667	9
188179	9500	public	380325000	9
188179	10000	public	388391667	9
188179	10500	public	414425000	9
188179	11000	public	416441667	9
188179	11500	public	417358333	9
188179	12000	public	420658333	9
188179	12500	public	410300000	9
188179	13000	public	424050000	9
188179	13500	public	422125000	9
188179	14000	public	422400000	9
188179	14500	public	422766667	9
188179	15000	public	425333333	9
188179	15500	public	429458333	9
188179	16000	public	428633333	9
188179	16500	public	427441667	9
188179	17000	public	425150000	9
188179	17500	public	411491667	9
188179	18000	public	404341667	9
188179	18500	public	397650000	9
188179	19000	public	399208333	9
188179	4000	private	259560714	9
188179	4500	private	275392857	9
188179	5000	private	297707143	9
188179	5500	private	316839286	9
188179	6000	private	328389286	9
188179	6500	private	339742857	9
188179	7000	private	342492857	9
188179	7500	private	344339286	9
188179	8000	private	353925000	9
188179	8500	private	360996429	9
188179	9000	private	362489286	9
188179	9500	private	365789286	9
188179	10000	private	367832143	9
188179	10500	private	368460714	9
188179	11000	private	373096429	9
188179	11500	private	375060714	9
188179	12000	private	379146429	9
188179	12500	private	373371429	9
188179	13000	private	368264286	9
188179	13500	private	368303571	9
188179	14000	private	365828571	9
188179	14500	private	372742857	9
188179	15000	private	366142857	9
188179	15500	private	360446429	9
188179	16000	private	361585714	9
188179	16500	private	362882143	9
188179	17000	private	361507143	9
188179	17500	private	361860714	9
188179	18000	private	353139286	9
188179	18500	private	348935714	9
188179	19000	private	349053571	9
405157	4000	public	251991667	9
405157	4500	public	264641667	9
405157	5000	public	283891667	9
405157	5500	public	281141667	9
405157	6000	public	293700000	9
405157	6500	public	284166667	9
405157	7000	public	286183333	9
405157	7500	public	302958333	9
405157	8000	public	314508333	9
405157	8500	public	341550000	9
405157	9000	public	364741667	9
405157	9500	public	362725000	9
405157	10000	public	384633333	9
405157	10500	public	405350000	9
405157	11000	public	413966667	9
405157	11500	public	422858333	9
405157	12000	public	431291667	9
405157	12500	public	428358333	9
405157	13000	public	425883333	9
405157	13500	public	433950000	9
405157	14000	public	434775000	9
405157	14500	public	435416667	9
405157	15000	public	440641667	9
405157	15500	public	430100000	9
405157	16000	public	429550000	9
405157	16500	public	434316667	9
405157	17000	public	422308333	9
405157	17500	public	416625000	9
405157	18000	public	409200000	9
405157	18500	public	403883333	9
405157	19000	public	405441667	9
405157	4000	private	272289286	9
405157	4500	private	277082143	9
405157	5000	private	293189286	9
405157	5500	private	307725000	9
405157	6000	private	323557143	9
405157	6500	private	336285714	9
405157	7000	private	342492857	9
405157	7500	private	347089286	9
405157	8000	private	353925000	9
405157	8500	private	358835714	9
405157	9000	private	363825000	9
405157	9500	private	359189286	9
405157	10000	private	366300000	9
405157	10500	private	373921429	9
405157	11000	private	372585714	9
405157	11500	private	375846429	9
405157	12000	private	376160714	9
405157	12500	private	378203571	9
405157	13000	private	381621429	9
405157	13500	private	380521429	9
405157	14000	private	374667857	9
405157	14500	private	375178571	9
405157	15000	private	372153571	9
405157	15500	private	369600000	9
405157	16000	private	364335714	9
405157	16500	private	361507143	9
405157	17000	private	354867857	9
405157	17500	private	353375000	9
405157	18000	private	357342857	9
405157	18500	private	354121429	9
405157	19000	private	346382143	9
491299	4000	public	248691667	9
491299	4500	public	261341667	9
491299	5000	public	265466667	9
491299	5500	public	278941667	9
491299	6000	public	290950000	9
491299	6500	public	288933333	9
491299	7000	public	293700000	9
491299	7500	public	314508333	9
491299	8000	public	326700000	9
491299	8500	public	347141667	9
491299	9000	public	359700000	9
491299	9500	public	394625000	9
491299	10000	public	394625000	9
491299	10500	public	391416667	9
491299	11000	public	407091667	9
491299	11500	public	426433333	9
491299	12000	public	424141667	9
491299	12500	public	418550000	9
491299	13000	public	413508333	9
491299	13500	public	429183333	9
491299	14000	public	431750000	9
491299	14500	public	445683333	9
491299	15000	public	441008333	9
491299	15500	public	434683333	9
491299	16000	public	423958333	9
491299	16500	public	417633333	9
491299	17000	public	415066667	9
491299	17500	public	411583333	9
491299	18000	public	398291667	9
491299	18500	public	395358333	9
491299	19000	public	388850000	9
491299	4000	private	268989286	9
491299	4500	private	280067857	9
491299	5000	private	299514286	9
491299	5500	private	319667857	9
491299	6000	private	326307143	9
491299	6500	private	329528571	9
491299	7000	private	342414286	9
491299	7500	private	351567857	9
491299	8000	private	359700000	9
491299	8500	private	364296429	9
491299	9000	private	372271429	9
491299	9500	private	376946429	9
491299	10000	private	377732143	9
491299	10500	private	379892857	9
491299	11000	private	378675000	9
491299	11500	private	374314286	9
491299	12000	private	369796429	9
491299	12500	private	365121429	9
491299	13000	private	366496429	9
491299	13500	private	374707143	9
491299	14000	private	374392857	9
491299	14500	private	377064286	9
491299	15000	private	371996429	9
491299	15500	private	377064286	9
491299	16000	private	369875000	9
491299	16500	private	367085714	9
491299	17000	private	365828571	9
491299	17500	private	360250000	9
491299	18000	private	357303571	9
491299	18500	private	357775000	9
491299	19000	private	356635714	9
531911	4000	public	245116667	9
531911	4500	public	264275000	9
531911	5000	public	274083333	9
531911	5500	public	286458333	9
531911	6000	public	283616667	9
531911	6500	public	292050000	9
531911	7000	public	294433333	9
531911	7500	public	298925000	9
531911	8000	public	321566667	9
531911	8500	public	350441667	9
531911	9000	public	360066667	9
531911	9500	public	371525000	9
531911	10000	public	393983333	9
531911	10500	public	399391667	9
531911	11000	public	407916667	9
531911	11500	public	424508333	9
531911	12000	public	413966667	9
531911	12500	public	425516667	9
531911	13000	public	440916667	9
531911	13500	public	437800000	9
531911	14000	public	453291667	9
531911	14500	public	454300000	9
531911	15000	public	441466667	9
531911	15500	public	431750000	9
531911	16000	public	439725000	9
531911	16500	public	440733333	9
531911	17000	public	426708333	9
531911	17500	public	419375000	9
531911	18000	public	407733333	9
531911	18500	public	405075000	9
531911	19000	public	393708333	9
531911	4000	private	257950000	9
531911	4500	private	272525000	9
531911	5000	private	298964286	9
531911	5500	private	316446429	9
531911	6000	private	329450000	9
531911	6500	private	334478571	9
531911	7000	private	340528571	9
531911	7500	private	342532143	9
531911	8000	private	368185714	9
531911	8500	private	366025000	9
531911	9000	private	365828571	9
531911	9500	private	367989286	9
531911	10000	private	371721429	9
531911	10500	private	371760714	9
531911	11000	private	376750000	9
531911	11500	private	376710714	9
531911	12000	private	382014286	9
531911	12500	private	382564286	9
531911	13000	private	383035714	9
531911	13500	private	380442857	9
531911	14000	private	377732143	9
531911	14500	private	381228571	9
531911	15000	private	373371429	9
531911	15500	private	376750000	9
531911	16000	private	375689286	9
531911	16500	private	371328571	9
531911	17000	private	363982143	9
531911	17500	private	364767857	9
531911	18000	private	356400000	9
531911	18500	private	356753571	9
531911	19000	private	346696429	9
542981	4000	public	245941667	9
542981	4500	public	257858333	9
542981	5000	public	277566667	9
542981	5500	public	281141667	9
542981	6000	public	279216667	9
542981	6500	public	291775000	9
542981	7000	public	293516667	9
542981	7500	public	312491667	9
542981	8000	public	317991667	9
542981	8500	public	341366667	9
542981	9000	public	355575000	9
542981	9500	public	365383333	9
542981	10000	public	399850000	9
542981	10500	public	405166667	9
542981	11000	public	401500000	9
542981	11500	public	409475000	9
542981	12000	public	410391667	9
542981	12500	public	413875000	9
542981	13000	public	422675000	9
542981	13500	public	439633333	9
542981	14000	public	441650000	9
542981	14500	public	435691667	9
542981	15000	public	436425000	9
542981	15500	public	448800000	9
542981	16000	public	442016667	9
542981	16500	public	426800000	9
542981	17000	public	421391667	9
542981	17500	public	418458333	9
542981	18000	public	411766667	9
542981	18500	public	403791667	9
542981	19000	public	400675000	9
542981	4000	private	265453571	9
542981	4500	private	276846429	9
542981	5000	private	295900000	9
542981	5500	private	312439286	9
542981	6000	private	321907143	9
542981	6500	private	328310714	9
542981	7000	private	336207143	9
542981	7500	private	339860714	9
542981	8000	private	350860714	9
542981	8500	private	360485714	9
542981	9000	private	364610714	9
542981	9500	private	361192857	9
542981	10000	private	369207143	9
542981	10500	private	372428571	9
542981	11000	private	374785714	9
542981	11500	private	380010714	9
542981	12000	private	375689286	9
542981	12500	private	381267857	9
542981	13000	private	381425000	9
542981	13500	private	378085714	9
542981	14000	private	374864286	9
542981	14500	private	373489286	9
542981	15000	private	364532143	9
542981	15500	private	364728571	9
542981	16000	private	363707143	9
542981	16500	private	353728571	9
542981	17000	private	352117857	9
542981	17500	private	360446429	9
542981	18000	private	354671429	9
542981	18500	private	352589286	9
542981	19000	private	348425000	9
817111	4000	public	249608333	9
817111	4500	public	263908333	9
817111	5000	public	283341667	9
817111	5500	public	280775000	9
817111	6000	public	289666667	9
817111	6500	public	285266667	9
817111	7000	public	298741667	9
817111	7500	public	324316667	9
817111	8000	public	333208333	9
817111	8500	public	3.19e+08	9
817111	9000	public	354108333	9
817111	9500	public	369966667	9
817111	10000	public	384633333	9
817111	10500	public	384358333	9
817111	11000	public	393250000	9
817111	11500	public	401316667	9
817111	12000	public	408925000	9
817111	12500	public	416533333	9
817111	13000	public	421116667	9
817111	13500	public	414791667	9
817111	14000	public	415708333	9
817111	14500	public	416166667	9
817111	15000	public	430191667	9
817111	15500	public	428816667	9
817111	16000	public	434591667	9
817111	16500	public	427716667	9
817111	17000	public	417358333	9
817111	17500	public	411308333	9
817111	18000	public	403333333	9
817111	18500	public	400583333	9
817111	19000	public	395633333	9
817111	4000	private	259167857	9
817111	4500	private	277396429	9
817111	5000	private	294996429	9
817111	5500	private	307882143	9
817111	6000	private	326857143	9
817111	6500	private	342100000	9
817111	7000	private	349682143	9
817111	7500	private	344221429	9
817111	8000	private	353767857	9
817111	8500	private	357500000	9
817111	9000	private	360525000	9
817111	9500	private	363942857	9
817111	10000	private	367871429	9
817111	10500	private	367203571	9
817111	11000	private	370464286	9
817111	11500	private	370935714	9
817111	12000	private	374746429	9
817111	12500	private	370700000	9
817111	13000	private	369521429	9
817111	13500	private	365160714	9
817111	14000	private	370267857	9
817111	14500	private	366142857	9
817111	15000	private	362489286	9
817111	15500	private	360721429	9
817111	16000	private	371603571	9
817111	16500	private	365907143	9
817111	17000	private	363275000	9
817111	17500	private	355653571	9
817111	18000	private	358285714	9
817111	18500	private	346107143	9
817111	19000	private	344300000	9
862307	4000	public	245666667	9
862307	4500	public	264458333	9
862307	5000	public	266750000	9
862307	5500	public	282333333	9
862307	6000	public	282700000	9
862307	6500	public	287833333	9
862307	7000	public	294800000	9
862307	7500	public	299566667	9
862307	8000	public	332841667	9
862307	8500	public	333025000	9
862307	9000	public	344758333	9
862307	9500	public	365291667	9
862307	10000	public	373083333	9
862307	10500	public	378125000	9
862307	11000	public	3.85e+08	9
862307	11500	public	404158333	9
862307	12000	public	415983333	9
862307	12500	public	423958333	9
862307	13000	public	425700000	9
862307	13500	public	425516667	9
862307	14000	public	419558333	9
862307	14500	public	426800000	9
862307	15000	public	432575000	9
862307	15500	public	440275000	9
862307	16000	public	433858333	9
862307	16500	public	429458333	9
862307	17000	public	420016667	9
862307	17500	public	414241667	9
862307	18000	public	406083333	9
862307	18500	public	407183333	9
862307	19000	public	399483333	9
862307	4000	private	270285714	9
862307	4500	private	278732143	9
862307	5000	private	294250000	9
862307	5500	private	315071429	9
862307	6000	private	328271429	9
862307	6500	private	3.41e+08	9
862307	7000	private	343514286	9
862307	7500	private	346971429	9
862307	8000	private	355496429	9
862307	8500	private	354632143	9
862307	9000	private	359817857	9
862307	9500	private	364375000	9
862307	10000	private	366535714	9
862307	10500	private	371446429	9
862307	11000	private	370857143	9
862307	11500	private	366575000	9
862307	12000	private	363864286	9
862307	12500	private	369089286	9
862307	13000	private	375414286	9
862307	13500	private	366850000	9
862307	14000	private	368617857	9
862307	14500	private	366300000	9
862307	15000	private	363039286	9
862307	15500	private	357382143	9
862307	16000	private	357775000	9
862307	16500	private	352589286	9
862307	17000	private	351135714	9
862307	17500	private	351253571	9
862307	18000	private	341392857	9
862307	18500	private	344850000	9
862307	19000	private	339507143	9
141871	4000	public	250525000	10
141871	4500	public	262716667	10
141871	5000	public	306716667	10
141871	5500	public	311116667	10
141871	6000	public	327158333	10
141871	6500	public	349891667	10
141871	7000	public	343750000	10
141871	7500	public	342466667	10
141871	8000	public	346041667	10
141871	8500	public	364833333	10
141871	9000	public	373358333	10
141871	9500	public	375100000	10
141871	10000	public	371708333	10
141871	10500	public	387016667	10
141871	11000	public	388575000	10
141871	11500	public	391141667	10
141871	12000	public	398658333	10
141871	12500	public	392608333	10
141871	13000	public	393158333	10
141871	13500	public	402508333	10
141871	14000	public	403150000	10
141871	14500	public	397191667	10
141871	15000	public	396366667	10
141871	15500	public	396641667	10
141871	16000	public	386650000	10
141871	16500	public	380233333	10
141871	17000	public	387016667	10
141871	17500	public	381516667	10
141871	18000	public	382341667	10
141871	18500	public	382800000	10
141871	19000	public	368958333	10
141871	4000	private	263489286	10
141871	4500	private	287335714	10
141871	5000	private	300692857	10
141871	5500	private	323164286	10
141871	6000	private	328075000	10
141871	6500	private	339546429	10
141871	7000	private	342964286	10
141871	7500	private	342728571	10
141871	8000	private	357696429	10
141871	8500	private	361428571	10
141871	9000	private	367989286	10
141871	9500	private	369600000	10
141871	10000	private	368696429	10
141871	10500	private	372350000	10
141871	11000	private	378753571	10
141871	11500	private	373725000	10
141871	12000	private	372860714	10
141871	12500	private	384096429	10
141871	13000	private	378360714	10
141871	13500	private	373567857	10
141871	14000	private	367792857	10
141871	14500	private	369560714	10
141871	15000	private	362842857	10
141871	15500	private	365082143	10
141871	16000	private	359150000	10
141871	16500	private	359542857	10
141871	17000	private	351135714	10
141871	17500	private	346421429	10
141871	18000	private	337425000	10
141871	18500	private	336442857	10
141871	19000	private	330589286	10
152267	4000	public	257950000	10
152267	4500	public	270875000	10
152267	5000	public	289116667	10
152267	5500	public	307633333	10
152267	6000	public	316891667	10
152267	6500	public	327616667	10
152267	7000	public	339716667	10
152267	7500	public	346683333	10
152267	8000	public	363183333	10
152267	8500	public	371616667	10
152267	9000	public	369233333	10
152267	9500	public	377391667	10
152267	10000	public	378675000	10
152267	10500	public	394900000	10
152267	11000	public	407641667	10
152267	11500	public	400583333	10
152267	12000	public	397650000	10
152267	12500	public	395633333	10
152267	13000	public	393433333	10
152267	13500	public	398475000	10
152267	14000	public	389216667	10
152267	14500	public	390133333	10
152267	15000	public	390958333	10
152267	15500	public	391325000	10
152267	16000	public	384725000	10
152267	16500	public	379225000	10
152267	17000	public	372258333	10
152267	17500	public	366666667	10
152267	18000	public	359608333	10
152267	18500	public	364191667	10
152267	19000	public	368408333	10
152267	4000	private	271307143	10
152267	4500	private	294839286	10
152267	5000	private	314521429	10
152267	5500	private	323085714	10
152267	6000	private	330903571	10
152267	6500	private	339664286	10
152267	7000	private	341550000	10
152267	7500	private	351921429	10
152267	8000	private	359778571	10
152267	8500	private	369521429	10
152267	9000	private	366614286	10
152267	9500	private	370189286	10
152267	10000	private	368853571	10
152267	10500	private	373685714	10
152267	11000	private	378439286	10
152267	11500	private	379107143	10
152267	12000	private	385864286	10
152267	12500	private	381228571	10
152267	13000	private	375100000	10
152267	13500	private	365867857	10
152267	14000	private	373764286	10
152267	14500	private	371014286	10
152267	15000	private	365160714	10
152267	15500	private	361075000	10
152267	16000	private	359975000	10
152267	16500	private	356832143	10
152267	17000	private	352746429	10
152267	17500	private	346500000	10
152267	18000	private	337739286	10
152267	18500	private	339703571	10
152267	19000	private	332396429	10
166297	4000	public	246950000	10
166297	4500	public	262533333	10
166297	5000	public	295808333	10
166297	5500	public	307450000	10
166297	6000	public	334400000	10
166297	6500	public	343475000	10
166297	7000	public	354750000	10
166297	7500	public	355483333	10
166297	8000	public	360250000	10
166297	8500	public	371983333	10
166297	9000	public	380325000	10
166297	9500	public	380600000	10
166297	10000	public	379133333	10
166297	10500	public	377758333	10
166297	11000	public	382891667	10
166297	11500	public	386741667	10
166297	12000	public	388116667	10
166297	12500	public	400400000	10
166297	13000	public	396641667	10
166297	13500	public	408558333	10
166297	14000	public	407183333	10
166297	14500	public	405258333	10
166297	15000	public	398933333	10
166297	15500	public	398200000	10
166297	16000	public	393800000	10
166297	16500	public	389125000	10
166297	17000	public	389125000	10
166297	17500	public	380875000	10
166297	18000	public	374550000	10
166297	18500	public	394075000	10
166297	19000	public	384450000	10
166297	4000	private	263450000	10
166297	4500	private	284271429	10
166297	5000	private	313225000	10
166297	5500	private	320021429	10
166297	6000	private	329685714	10
166297	6500	private	339153571	10
166297	7000	private	346107143	10
166297	7500	private	349721429	10
166297	8000	private	357892857	10
166297	8500	private	355221429	10
166297	9000	private	366575000	10
166297	9500	private	375100000	10
166297	10000	private	381228571	10
166297	10500	private	382603571	10
166297	11000	private	378046429	10
166297	11500	private	377182143	10
166297	12000	private	375807143	10
166297	12500	private	379185714	10
166297	13000	private	380010714	10
166297	13500	private	381975000	10
166297	14000	private	375492857	10
166297	14500	private	366103571	10
166297	15000	private	361742857	10
166297	15500	private	365985714	10
166297	16000	private	362371429	10
166297	16500	private	354160714	10
166297	17000	private	354946429	10
166297	17500	private	348267857	10
166297	18000	private	343907143	10
166297	18500	private	345753571	10
166297	19000	private	333378571	10
188179	4000	public	263450000	10
188179	4500	public	279950000	10
188179	5000	public	306808333	10
188179	5500	public	3.3e+08	10
188179	6000	public	341825000	10
188179	6500	public	349066667	10
188179	7000	public	354933333	10
188179	7500	public	352183333	10
188179	8000	public	359700000	10
188179	8500	public	369325000	10
188179	9000	public	366575000	10
188179	9500	public	379591667	10
188179	10000	public	391416667	10
188179	10500	public	392333333	10
188179	11000	public	401683333	10
188179	11500	public	402875000	10
188179	12000	public	393708333	10
188179	12500	public	386283333	10
188179	13000	public	389125000	10
188179	13500	public	392975000	10
188179	14000	public	399116667	10
188179	14500	public	400308333	10
188179	15000	public	405166667	10
188179	15500	public	396641667	10
188179	16000	public	386283333	10
188179	16500	public	372625000	10
188179	17000	public	373083333	10
188179	17500	public	375191667	10
188179	18000	public	383166667	10
188179	18500	public	383625000	10
188179	19000	public	373266667	10
188179	4000	private	264235714	10
188179	4500	private	286235714	10
188179	5000	private	302225000	10
188179	5500	private	322928571	10
188179	6000	private	328075000	10
188179	6500	private	332042857	10
188179	7000	private	341314286	10
188179	7500	private	351135714	10
188179	8000	private	362842857	10
188179	8500	private	372075000	10
188179	9000	private	367753571	10
188179	9500	private	367675000	10
188179	10000	private	372821429	10
188179	10500	private	374785714	10
188179	11000	private	371564286	10
188179	11500	private	373410714	10
188179	12000	private	381267857	10
188179	12500	private	380521429	10
188179	13000	private	376946429	10
188179	13500	private	371367857	10
188179	14000	private	371092857	10
188179	14500	private	371367857	10
188179	15000	private	368500000	10
188179	15500	private	363510714	10
188179	16000	private	365592857	10
188179	16500	private	356517857	10
188179	17000	private	349250000	10
188179	17500	private	350703571	10
188179	18000	private	343357143	10
188179	18500	private	340803571	10
188179	19000	private	331885714	10
405157	4000	public	257400000	10
405157	4500	public	258775000	10
405157	5000	public	285266667	10
405157	5500	public	300208333	10
405157	6000	public	323491667	10
405157	6500	public	335591667	10
405157	7000	public	348425000	10
405157	7500	public	359241667	10
405157	8000	public	367675000	10
405157	8500	public	362358333	10
405157	9000	public	367400000	10
405157	9500	public	385916667	10
405157	10000	public	383166667	10
405157	10500	public	381791667	10
405157	11000	public	381241667	10
405157	11500	public	378766667	10
405157	12000	public	386925000	10
405157	12500	public	392700000	10
405157	13000	public	386008333	10
405157	13500	public	393616667	10
405157	14000	public	395633333	10
405157	14500	public	399483333	10
405157	15000	public	397191667	10
405157	15500	public	394716667	10
405157	16000	public	392150000	10
405157	16500	public	398383333	10
405157	17000	public	396733333	10
405157	17500	public	384725000	10
405157	18000	public	370700000	10
405157	18500	public	363550000	10
405157	19000	public	359975000	10
405157	4000	private	265257143	10
405157	4500	private	289025000	10
405157	5000	private	300457143	10
405157	5500	private	313696429	10
405157	6000	private	328075000	10
405157	6500	private	339389286	10
405157	7000	private	348817857	10
405157	7500	private	348110714	10
405157	8000	private	359425000	10
405157	8500	private	359346429	10
405157	9000	private	372114286	10
405157	9500	private	380678571	10
405157	10000	private	377928571	10
405157	10500	private	371446429	10
405157	11000	private	375610714	10
405157	11500	private	369600000	10
405157	12000	private	370032143	10
405157	12500	private	376200000	10
405157	13000	private	375139286	10
405157	13500	private	369521429	10
405157	14000	private	369442857	10
405157	14500	private	373292857	10
405157	15000	private	373489286	10
405157	15500	private	367478571	10
405157	16000	private	358364286	10
405157	16500	private	348621429	10
405157	17000	private	351685714	10
405157	17500	private	349760714	10
405157	18000	private	347128571	10
405157	18500	private	344692857	10
405157	19000	private	340725000	10
491299	4000	public	250433333	10
491299	4500	public	277566667	10
491299	5000	public	303416667	10
491299	5500	public	325691667	10
491299	6000	public	334675000	10
491299	6500	public	343566667	10
491299	7000	public	343933333	10
491299	7500	public	347966667	10
491299	8000	public	360158333	10
491299	8500	public	372258333	10
491299	9000	public	381516667	10
491299	9500	public	389858333	10
491299	10000	public	394625000	10
491299	10500	public	396733333	10
491299	11000	public	394900000	10
491299	11500	public	394716667	10
491299	12000	public	3.96e+08	10
491299	12500	public	399300000	10
491299	13000	public	388300000	10
491299	13500	public	395541667	10
491299	14000	public	395175000	10
491299	14500	public	395908333	10
491299	15000	public	388666667	10
491299	15500	public	407550000	10
491299	16000	public	404800000	10
491299	16500	public	406725000	10
491299	17000	public	396825000	10
491299	17500	public	391875000	10
491299	18000	public	385091667	10
491299	18500	public	381425000	10
491299	19000	public	378766667	10
491299	4000	private	260385714	10
491299	4500	private	282542857	10
491299	5000	private	311535714	10
491299	5500	private	324775000	10
491299	6000	private	321710714	10
491299	6500	private	337542857	10
491299	7000	private	350742857	10
491299	7500	private	362371429	10
491299	8000	private	362646429	10
491299	8500	private	370817857	10
491299	9000	private	377064286	10
491299	9500	private	383703571	10
491299	10000	private	384017857	10
491299	10500	private	383900000	10
491299	11000	private	383900000	10
491299	11500	private	386335714	10
491299	12000	private	3.85e+08	10
491299	12500	private	381228571	10
491299	13000	private	378871429	10
491299	13500	private	382839286	10
491299	14000	private	377496429	10
491299	14500	private	373253571	10
491299	15000	private	370857143	10
491299	15500	private	365121429	10
491299	16000	private	359228571	10
491299	16500	private	357617857	10
491299	17000	private	356360714	10
491299	17500	private	354553571	10
491299	18000	private	347246429	10
491299	18500	private	341746429	10
491299	19000	private	340528571	10
531911	4000	public	247316667	10
531911	4500	public	268858333	10
531911	5000	public	299841667	10
531911	5500	public	314600000	10
531911	6000	public	333941667	10
531911	6500	public	339350000	10
531911	7000	public	348058333	10
531911	7500	public	351908333	10
531911	8000	public	356033333	10
531911	8500	public	361441667	10
531911	9000	public	377116667	10
531911	9500	public	3.74e+08	10
531911	10000	public	382525000	10
531911	10500	public	390775000	10
531911	11000	public	393983333	10
531911	11500	public	402875000	10
531911	12000	public	396550000	10
531911	12500	public	389583333	10
531911	13000	public	387933333	10
531911	13500	public	389308333	10
531911	14000	public	393433333	10
531911	14500	public	390041667	10
531911	15000	public	389216667	10
531911	15500	public	388941667	10
531911	16000	public	386650000	10
531911	16500	public	372900000	10
531911	17000	public	374091667	10
531911	17500	public	375008333	10
531911	18000	public	374733333	10
531911	18500	public	374366667	10
531911	19000	public	380050000	10
531911	4000	private	266435714	10
531911	4500	private	286275000	10
531911	5000	private	305210714	10
531911	5500	private	315385714	10
531911	6000	private	331453571	10
531911	6500	private	336207143	10
531911	7000	private	342689286	10
531911	7500	private	351253571	10
531911	8000	private	356557143	10
531911	8500	private	358167857	10
531911	9000	private	360092857	10
531911	9500	private	362214286	10
531911	10000	private	367203571	10
531911	10500	private	375453571	10
531911	11000	private	374864286	10
531911	11500	private	371839286	10
531911	12000	private	370621429	10
531911	12500	private	369678571	10
531911	13000	private	374314286	10
531911	13500	private	372939286	10
531911	14000	private	367242857	10
531911	14500	private	371053571	10
531911	15000	private	370621429	10
531911	15500	private	366810714	10
531911	16000	private	360721429	10
531911	16500	private	356400000	10
531911	17000	private	350389286	10
531911	17500	private	350782143	10
531911	18000	private	345400000	10
531911	18500	private	340057143	10
531911	19000	private	338407143	10
542981	4000	public	254375000	10
542981	4500	public	277383333	10
542981	5000	public	295716667	10
542981	5500	public	325783333	10
542981	6000	public	334216667	10
542981	6500	public	338616667	10
542981	7000	public	342925000	10
542981	7500	public	355850000	10
542981	8000	public	352825000	10
542981	8500	public	369600000	10
542981	9000	public	385366667	10
542981	9500	public	383625000	10
542981	10000	public	383991667	10
542981	10500	public	393250000	10
542981	11000	public	394441667	10
542981	11500	public	394533333	10
542981	12000	public	399025000	10
542981	12500	public	389766667	10
542981	13000	public	388391667	10
542981	13500	public	389216667	10
542981	14000	public	397375000	10
542981	14500	public	391233333	10
542981	15000	public	382800000	10
542981	15500	public	382708333	10
542981	16000	public	372625000	10
542981	16500	public	382891667	10
542981	17000	public	380141667	10
542981	17500	public	372808333	10
542981	18000	public	372166667	10
542981	18500	public	368500000	10
542981	19000	public	362450000	10
542981	4000	private	264982143	10
542981	4500	private	292050000	10
542981	5000	private	302264286	10
542981	5500	private	320021429	10
542981	6000	private	328192857	10
542981	6500	private	338092857	10
542981	7000	private	344889286	10
542981	7500	private	346421429	10
542981	8000	private	359503571	10
542981	8500	private	368814286	10
542981	9000	private	370700000	10
542981	9500	private	375375000	10
542981	10000	private	371289286	10
542981	10500	private	369678571	10
542981	11000	private	374667857	10
542981	11500	private	364414286	10
542981	12000	private	371132143	10
542981	12500	private	379028571	10
542981	13000	private	385117857	10
542981	13500	private	380835714	10
542981	14000	private	382839286	10
542981	14500	private	375257143	10
542981	15000	private	376514286	10
542981	15500	private	366339286	10
542981	16000	private	362017857	10
542981	16500	private	356832143	10
542981	17000	private	352510714	10
542981	17500	private	350153571	10
542981	18000	private	355928571	10
542981	18500	private	347285714	10
542981	19000	private	345950000	10
817111	4000	public	2.53e+08	10
817111	4500	public	273991667	10
817111	5000	public	288933333	10
817111	5500	public	305066667	10
817111	6000	public	327066667	10
817111	6500	public	342558333	10
817111	7000	public	351083333	10
817111	7500	public	340816667	10
817111	8000	public	345675000	10
817111	8500	public	356858333	10
817111	9000	public	373266667	10
817111	9500	public	381883333	10
817111	10000	public	389400000	10
817111	10500	public	390775000	10
817111	11000	public	392608333	10
817111	11500	public	385825000	10
817111	12000	public	375100000	10
817111	12500	public	398291667	10
817111	13000	public	385916667	10
817111	13500	public	379408333	10
817111	14000	public	380875000	10
817111	14500	public	385641667	10
817111	15000	public	381608333	10
817111	15500	public	389491667	10
817111	16000	public	386375000	10
817111	16500	public	377483333	10
817111	17000	public	379041667	10
817111	17500	public	376566667	10
817111	18000	public	370058333	10
817111	18500	public	374916667	10
817111	19000	public	362266667	10
817111	4000	private	267142857	10
817111	4500	private	279360714	10
817111	5000	private	297314286	10
817111	5500	private	324185714	10
817111	6000	private	326542857	10
817111	6500	private	331689286	10
817111	7000	private	338250000	10
817111	7500	private	348150000	10
817111	8000	private	348425000	10
817111	8500	private	353846429	10
817111	9000	private	361742857	10
817111	9500	private	366692857	10
817111	10000	private	373685714	10
817111	10500	private	373882143	10
817111	11000	private	372310714	10
817111	11500	private	369717857	10
817111	12000	private	371957143	10
817111	12500	private	376946429	10
817111	13000	private	381464286	10
817111	13500	private	377182143	10
817111	14000	private	375767857	10
817111	14500	private	372939286	10
817111	15000	private	367596429	10
817111	15500	private	357146429	10
817111	16000	private	346696429	10
817111	16500	private	349721429	10
817111	17000	private	345125000	10
817111	17500	private	334400000	10
817111	18000	private	337975000	10
817111	18500	private	335107143	10
817111	19000	private	331885714	10
862307	4000	public	245666667	10
862307	4500	public	276008333	10
862307	5000	public	285725000	10
862307	5500	public	316066667	10
862307	6000	public	320008333	10
862307	6500	public	338708333	10
862307	7000	public	347783333	10
862307	7500	public	371158333	10
862307	8000	public	368408333	10
862307	8500	public	368775000	10
862307	9000	public	377575000	10
862307	9500	public	371983333	10
862307	10000	public	381058333	10
862307	10500	public	378308333	10
862307	11000	public	366941667	10
862307	11500	public	372258333	10
862307	12000	public	380600000	10
862307	12500	public	399116667	10
862307	13000	public	396916667	10
862307	13500	public	390775000	10
862307	14000	public	383716667	10
862307	14500	public	389766667	10
862307	15000	public	387750000	10
862307	15500	public	395266667	10
862307	16000	public	394991667	10
862307	16500	public	387933333	10
862307	17000	public	377758333	10
862307	17500	public	378583333	10
862307	18000	public	376658333	10
862307	18500	public	373541667	10
862307	19000	public	3.74e+08	10
862307	4000	private	259285714	10
862307	4500	private	281639286	10
862307	5000	private	297117857	10
862307	5500	private	317900000	10
862307	6000	private	335853571	10
862307	6500	private	334910714	10
862307	7000	private	339664286	10
862307	7500	private	346146429	10
862307	8000	private	360682143	10
862307	8500	private	367596429	10
862307	9000	private	367753571	10
862307	9500	private	372507143	10
862307	10000	private	370975000	10
862307	10500	private	372939286	10
862307	11000	private	370739286	10
862307	11500	private	373960714	10
862307	12000	private	375885714	10
862307	12500	private	375021429	10
862307	13000	private	376750000	10
862307	13500	private	375453571	10
862307	14000	private	372978571	10
862307	14500	private	368028571	10
862307	15000	private	363392857	10
862307	15500	private	356242857	10
862307	16000	private	352432143	10
862307	16500	private	345242857	10
862307	17000	private	339389286	10
862307	17500	private	333535714	10
862307	18000	private	336717857	10
862307	18500	private	329410714	10
862307	19000	private	326857143	10
