primo	envios	tipo	ganancia	rank
141871	4000	public	253641667	1
141871	4500	public	275825000	1
141871	5000	public	307266667	1
141871	5500	public	318816667	1
141871	6000	public	337975000	1
141871	6500	public	346316667	1
141871	7000	public	354750000	1
141871	7500	public	359516667	1
141871	8000	public	367583333	1
141871	8500	public	372166667	1
141871	9000	public	362358333	1
141871	9500	public	375283333	1
141871	10000	public	380600000	1
141871	10500	public	385183333	1
141871	11000	public	387841667	1
141871	11500	public	382341667	1
141871	12000	public	401591667	1
141871	12500	public	409108333	1
141871	13000	public	406633333	1
141871	13500	public	399758333	1
141871	14000	public	405900000	1
141871	14500	public	399941667	1
141871	15000	public	389216667	1
141871	15500	public	378858333	1
141871	16000	public	376200000	1
141871	16500	public	370333333	1
141871	17000	public	378033333	1
141871	17500	public	372441667	1
141871	18000	public	377116667	1
141871	18500	public	373541667	1
141871	19000	public	367308333	1
141871	4000	private	270010714	1
141871	4500	private	286432143	1
141871	5000	private	308314286	1
141871	5500	private	321435714	1
141871	6000	private	332867857	1
141871	6500	private	334792857	1
141871	7000	private	344535714	1
141871	7500	private	344850000	1
141871	8000	private	346892857	1
141871	8500	private	358285714	1
141871	9000	private	372703571	1
141871	9500	private	371092857	1
141871	10000	private	369600000	1
141871	10500	private	365278571	1
141871	11000	private	368067857	1
141871	11500	private	371210714	1
141871	12000	private	373175000	1
141871	12500	private	372310714	1
141871	13000	private	380442857	1
141871	13500	private	379460714	1
141871	14000	private	371328571	1
141871	14500	private	373096429	1
141871	15000	private	370621429	1
141871	15500	private	366417857	1
141871	16000	private	363628571	1
141871	16500	private	352785714	1
141871	17000	private	345557143	1
141871	17500	private	340882143	1
141871	18000	private	338092857	1
141871	18500	private	327839286	1
141871	19000	private	323439286	1
152267	4000	public	267300000	1
152267	4500	public	294525000	1
152267	5000	public	299841667	1
152267	5500	public	311941667	1
152267	6000	public	331100000	1
152267	6500	public	332383333	1
152267	7000	public	351266667	1
152267	7500	public	355300000	1
152267	8000	public	357408333	1
152267	8500	public	372166667	1
152267	9000	public	388300000	1
152267	9500	public	385458333	1
152267	10000	public	382158333	1
152267	10500	public	376475000	1
152267	11000	public	365841667	1
152267	11500	public	360066667	1
152267	12000	public	364375000	1
152267	12500	public	387108333	1
152267	13000	public	403241667	1
152267	13500	public	399391667	1
152267	14000	public	398016667	1
152267	14500	public	395541667	1
152267	15000	public	396825000	1
152267	15500	public	398750000	1
152267	16000	public	392333333	1
152267	16500	public	381791667	1
152267	17000	public	382616667	1
152267	17500	public	373266667	1
152267	18000	public	362633333	1
152267	18500	public	362908333	1
152267	19000	public	359883333	1
152267	4000	private	265728571	1
152267	4500	private	298846429	1
152267	5000	private	309925000	1
152267	5500	private	311810714	1
152267	6000	private	332671429	1
152267	6500	private	340764286	1
152267	7000	private	344457143	1
152267	7500	private	349800000	1
152267	8000	private	357539286	1
152267	8500	private	359857143	1
152267	9000	private	361585714	1
152267	9500	private	365160714	1
152267	10000	private	370503571	1
152267	10500	private	380010714	1
152267	11000	private	385353571	1
152267	11500	private	383900000	1
152267	12000	private	381267857	1
152267	12500	private	375453571	1
152267	13000	private	374039286	1
152267	13500	private	373332143	1
152267	14000	private	366850000	1
152267	14500	private	367125000	1
152267	15000	private	359503571	1
152267	15500	private	367321429	1
152267	16000	private	369285714	1
152267	16500	private	363589286	1
152267	17000	private	353021429	1
152267	17500	private	349957143	1
152267	18000	private	341157143	1
152267	18500	private	338682143	1
152267	19000	private	336050000	1
166297	4000	public	264458333	1
166297	4500	public	276833333	1
166297	5000	public	299841667	1
166297	5500	public	304700000	1
166297	6000	public	313225000	1
166297	6500	public	324958333	1
166297	7000	public	337975000	1
166297	7500	public	348975000	1
166297	8000	public	350075000	1
166297	8500	public	369691667	1
166297	9000	public	378491667	1
166297	9500	public	378766667	1
166297	10000	public	382800000	1
166297	10500	public	385825000	1
166297	11000	public	384266667	1
166297	11500	public	396091667	1
166297	12000	public	398933333	1
166297	12500	public	403608333	1
166297	13000	public	421666667	1
166297	13500	public	419191667	1
166297	14000	public	412958333	1
166297	14500	public	416716667	1
166297	15000	public	407458333	1
166297	15500	public	401866667	1
166297	16000	public	393525000	1
166297	16500	public	384266667	1
166297	17000	public	376383333	1
166297	17500	public	366116667	1
166297	18000	public	370333333	1
166297	18500	public	367033333	1
166297	19000	public	373083333	1
166297	4000	private	268517857	1
166297	4500	private	2.86e+08	1
166297	5000	private	298925000	1
166297	5500	private	316485714	1
166297	6000	private	329332143	1
166297	6500	private	337660714	1
166297	7000	private	337582143	1
166297	7500	private	350939286	1
166297	8000	private	354396429	1
166297	8500	private	356203571	1
166297	9000	private	365789286	1
166297	9500	private	371171429	1
166297	10000	private	370228571	1
166297	10500	private	374432143	1
166297	11000	private	374314286	1
166297	11500	private	374746429	1
166297	12000	private	379028571	1
166297	12500	private	377810714	1
166297	13000	private	383428571	1
166297	13500	private	383703571	1
166297	14000	private	377732143	1
166297	14500	private	375335714	1
166297	15000	private	372232143	1
166297	15500	private	361271429	1
166297	16000	private	357775000	1
166297	16500	private	356242857	1
166297	17000	private	350978571	1
166297	17500	private	349878571	1
166297	18000	private	347285714	1
166297	18500	private	341628571	1
166297	19000	private	330392857	1
188179	4000	public	271058333	1
188179	4500	public	280316667	1
188179	5000	public	300666667	1
188179	5500	public	312400000	1
188179	6000	public	320191667	1
188179	6500	public	328166667	1
188179	7000	public	335591667	1
188179	7500	public	358416667	1
188179	8000	public	355758333	1
188179	8500	public	366575000	1
188179	9000	public	367675000	1
188179	9500	public	369966667	1
188179	10000	public	375741667	1
188179	10500	public	395175000	1
188179	11000	public	396366667	1
188179	11500	public	400675000	1
188179	12000	public	404525000	1
188179	12500	public	398475000	1
188179	13000	public	407825000	1
188179	13500	public	408466667	1
188179	14000	public	404708333	1
188179	14500	public	407183333	1
188179	15000	public	395450000	1
188179	15500	public	394075000	1
188179	16000	public	386925000	1
188179	16500	public	379958333	1
188179	17000	public	380325000	1
188179	17500	public	381516667	1
188179	18000	public	378308333	1
188179	18500	public	386650000	1
188179	19000	public	392975000	1
188179	4000	private	268832143	1
188179	4500	private	290792857	1
188179	5000	private	2.97e+08	1
188179	5500	private	319471429	1
188179	6000	private	334203571	1
188179	6500	private	336285714	1
188179	7000	private	351175000	1
188179	7500	private	350035714	1
188179	8000	private	358246429	1
188179	8500	private	363825000	1
188179	9000	private	370425000	1
188179	9500	private	371800000	1
188179	10000	private	371682143	1
188179	10500	private	367282143	1
188179	11000	private	378557143	1
188179	11500	private	385353571	1
188179	12000	private	389203571	1
188179	12500	private	389439286	1
188179	13000	private	386217857	1
188179	13500	private	377300000	1
188179	14000	private	371839286	1
188179	14500	private	368421429	1
188179	15000	private	374235714	1
188179	15500	private	370896429	1
188179	16000	private	365317857	1
188179	16500	private	356517857	1
188179	17000	private	347717857	1
188179	17500	private	338564286	1
188179	18000	private	331296429	1
188179	18500	private	325364286	1
188179	19000	private	323439286	1
405157	4000	public	257125000	1
405157	4500	public	288016667	1
405157	5000	public	306625000	1
405157	5500	public	311025000	1
405157	6000	public	323583333	1
405157	6500	public	338616667	1
405157	7000	public	339625000	1
405157	7500	public	347691667	1
405157	8000	public	359333333	1
405157	8500	public	383258333	1
405157	9000	public	373725000	1
405157	9500	public	370425000	1
405157	10000	public	389216667	1
405157	10500	public	386375000	1
405157	11000	public	376383333	1
405157	11500	public	374733333	1
405157	12000	public	372075000	1
405157	12500	public	381791667	1
405157	13000	public	398658333	1
405157	13500	public	398750000	1
405157	14000	public	399025000	1
405157	14500	public	3.96e+08	1
405157	15000	public	396183333	1
405157	15500	public	397466667	1
405157	16000	public	393616667	1
405157	16500	public	387016667	1
405157	17000	public	377208333	1
405157	17500	public	370975000	1
405157	18000	public	370241667	1
405157	18500	public	360708333	1
405157	19000	public	365108333	1
405157	4000	private	263803571	1
405157	4500	private	274921429	1
405157	5000	private	297589286	1
405157	5500	private	312203571	1
405157	6000	private	331178571	1
405157	6500	private	334950000	1
405157	7000	private	338446429	1
405157	7500	private	353060714	1
405157	8000	private	356714286	1
405157	8500	private	370817857	1
405157	9000	private	369403571	1
405157	9500	private	376317857	1
405157	10000	private	378478571	1
405157	10500	private	378910714	1
405157	11000	private	379264286	1
405157	11500	private	387042857	1
405157	12000	private	379539286	1
405157	12500	private	374589286	1
405157	13000	private	382289286	1
405157	13500	private	376750000	1
405157	14000	private	375846429	1
405157	14500	private	371642857	1
405157	15000	private	362921429	1
405157	15500	private	360014286	1
405157	16000	private	365592857	1
405157	16500	private	358207143	1
405157	17000	private	349053571	1
405157	17500	private	347796429	1
405157	18000	private	341039286	1
405157	18500	private	330196429	1
405157	19000	private	324382143	1
491299	4000	public	246400000	1
491299	4500	public	276650000	1
491299	5000	public	291408333	1
491299	5500	public	307633333	1
491299	6000	public	327525000	1
491299	6500	public	331375000	1
491299	7000	public	343291667	1
491299	7500	public	346591667	1
491299	8000	public	361808333	1
491299	8500	public	378400000	1
491299	9000	public	382433333	1
491299	9500	public	386375000	1
491299	10000	public	376750000	1
491299	10500	public	379316667	1
491299	11000	public	371158333	1
491299	11500	public	379775000	1
491299	12000	public	380325000	1
491299	12500	public	381975000	1
491299	13000	public	397375000	1
491299	13500	public	398383333	1
491299	14000	public	400766667	1
491299	14500	public	405625000	1
491299	15000	public	399391667	1
491299	15500	public	404891667	1
491299	16000	public	390133333	1
491299	16500	public	377666667	1
491299	17000	public	364650000	1
491299	17500	public	365383333	1
491299	18000	public	362541667	1
491299	18500	public	364741667	1
491299	19000	public	359791667	1
491299	4000	private	268400000	1
491299	4500	private	279792857	1
491299	5000	private	302539286	1
491299	5500	private	316800000	1
491299	6000	private	326346429	1
491299	6500	private	330196429	1
491299	7000	private	351017857	1
491299	7500	private	358246429	1
491299	8000	private	361939286	1
491299	8500	private	357185714	1
491299	9000	private	357814286	1
491299	9500	private	364767857	1
491299	10000	private	369678571	1
491299	10500	private	377221429	1
491299	11000	private	376789286	1
491299	11500	private	380167857	1
491299	12000	private	380717857	1
491299	12500	private	380796429	1
491299	13000	private	376553571	1
491299	13500	private	375335714	1
491299	14000	private	375100000	1
491299	14500	private	375375000	1
491299	15000	private	370975000	1
491299	15500	private	361546429	1
491299	16000	private	362371429	1
491299	16500	private	354357143	1
491299	17000	private	346578571	1
491299	17500	private	336050000	1
491299	18000	private	341196429	1
491299	18500	private	339467857	1
491299	19000	private	329803571	1
531911	4000	public	257400000	1
531911	4500	public	294616667	1
531911	5000	public	306441667	1
531911	5500	public	330550000	1
531911	6000	public	334858333	1
531911	6500	public	339716667	1
531911	7000	public	344483333	1
531911	7500	public	347233333	1
531911	8000	public	357866667	1
531911	8500	public	365566667	1
531911	9000	public	373266667	1
531911	9500	public	378400000	1
531911	10000	public	394991667	1
531911	10500	public	379958333	1
531911	11000	public	381058333	1
531911	11500	public	385366667	1
531911	12000	public	379775000	1
531911	12500	public	384175000	1
531911	13000	public	397833333	1
531911	13500	public	401683333	1
531911	14000	public	417266667	1
531911	14500	public	420566667	1
531911	15000	public	414241667	1
531911	15500	public	410666667	1
531911	16000	public	400950000	1
531911	16500	public	391416667	1
531911	17000	public	381883333	1
531911	17500	public	374733333	1
531911	18000	public	371891667	1
531911	18500	public	365933333	1
531911	19000	public	361075000	1
531911	4000	private	268400000	1
531911	4500	private	276807143	1
531911	5000	private	300810714	1
531911	5500	private	321121429	1
531911	6000	private	320060714	1
531911	6500	private	343907143	1
531911	7000	private	347364286	1
531911	7500	private	348542857	1
531911	8000	private	357342857	1
531911	8500	private	362685714	1
531911	9000	private	366457143	1
531911	9500	private	371328571	1
531911	10000	private	368146429	1
531911	10500	private	369089286	1
531911	11000	private	374117857	1
531911	11500	private	380914286	1
531911	12000	private	382525000	1
531911	12500	private	376710714	1
531911	13000	private	371642857	1
531911	13500	private	373921429	1
531911	14000	private	374314286	1
531911	14500	private	378400000	1
531911	15000	private	375610714	1
531911	15500	private	371642857	1
531911	16000	private	368735714	1
531911	16500	private	362607143	1
531911	17000	private	351764286	1
531911	17500	private	344614286	1
531911	18000	private	334046429	1
531911	18500	private	331100000	1
531911	19000	private	327682143	1
542981	4000	public	260883333	1
542981	4500	public	279858333	1
542981	5000	public	291775000	1
542981	5500	public	311575000	1
542981	6000	public	323216667	1
542981	6500	public	338983333	1
542981	7000	public	347050000	1
542981	7500	public	355941667	1
542981	8000	public	360800000	1
542981	8500	public	356766667	1
542981	9000	public	368500000	1
542981	9500	public	370241667	1
542981	10000	public	371250000	1
542981	10500	public	372900000	1
542981	11000	public	388483333	1
542981	11500	public	373083333	1
542981	12000	public	383716667	1
542981	12500	public	396275000	1
542981	13000	public	387291667	1
542981	13500	public	378125000	1
542981	14000	public	383258333	1
542981	14500	public	380141667	1
542981	15000	public	388208333	1
542981	15500	public	396183333	1
542981	16000	public	393616667	1
542981	16500	public	383441667	1
542981	17000	public	371066667	1
542981	17500	public	367950000	1
542981	18000	public	362266667	1
542981	18500	public	352458333	1
542981	19000	public	370241667	1
542981	4000	private	262192857	1
542981	4500	private	284703571	1
542981	5000	private	307096429	1
542981	5500	private	318253571	1
542981	6000	private	336050000	1
542981	6500	private	344221429	1
542981	7000	private	343121429	1
542981	7500	private	343239286	1
542981	8000	private	360800000	1
542981	8500	private	357028571	1
542981	9000	private	363785714	1
542981	9500	private	368539286	1
542981	10000	private	373607143	1
542981	10500	private	370542857	1
542981	11000	private	372507143	1
542981	11500	private	383035714	1
542981	12000	private	380835714	1
542981	12500	private	380953571	1
542981	13000	private	377732143	1
542981	13500	private	376160714	1
542981	14000	private	373175000	1
542981	14500	private	373725000	1
542981	15000	private	366339286	1
542981	15500	private	358992857	1
542981	16000	private	360878571	1
542981	16500	private	353453571	1
542981	17000	private	346971429	1
542981	17500	private	341235714	1
542981	18000	private	333457143	1
542981	18500	private	332160714	1
542981	19000	private	328467857	1
817111	4000	public	267575000	1
817111	4500	public	287741667	1
817111	5000	public	303508333	1
817111	5500	public	315241667	1
817111	6000	public	324683333	1
817111	6500	public	347783333	1
817111	7000	public	343566667	1
817111	7500	public	355025000	1
817111	8000	public	359608333	1
817111	8500	public	356858333	1
817111	9000	public	371891667	1
817111	9500	public	376566667	1
817111	10000	public	377116667	1
817111	10500	public	389491667	1
817111	11000	public	400583333	1
817111	11500	public	394991667	1
817111	12000	public	388300000	1
817111	12500	public	392975000	1
817111	13000	public	420750000	1
817111	13500	public	421483333	1
817111	14000	public	415891667	1
817111	14500	public	412958333	1
817111	15000	public	409750000	1
817111	15500	public	400491667	1
817111	16000	public	388666667	1
817111	16500	public	380966667	1
817111	17000	public	378308333	1
817111	17500	public	373816667	1
817111	18000	public	367950000	1
817111	18500	public	369508333	1
817111	19000	public	364283333	1
817111	4000	private	262467857	1
817111	4500	private	282896429	1
817111	5000	private	303639286	1
817111	5500	private	310396429	1
817111	6000	private	329135714	1
817111	6500	private	337307143	1
817111	7000	private	346185714	1
817111	7500	private	353060714	1
817111	8000	private	355025000	1
817111	8500	private	361703571	1
817111	9000	private	367046429	1
817111	9500	private	378400000	1
817111	10000	private	380521429	1
817111	10500	private	380717857	1
817111	11000	private	384607143	1
817111	11500	private	387789286	1
817111	12000	private	386728571	1
817111	12500	private	385510714	1
817111	13000	private	372821429	1
817111	13500	private	370150000	1
817111	14000	private	368617857	1
817111	14500	private	369089286	1
817111	15000	private	369678571	1
817111	15500	private	363432143	1
817111	16000	private	356714286	1
817111	16500	private	359228571	1
817111	17000	private	353296429	1
817111	17500	private	345007143	1
817111	18000	private	343592857	1
817111	18500	private	334282143	1
817111	19000	private	334164286	1
862307	4000	public	254283333	1
862307	4500	public	279858333	1
862307	5000	public	287283333	1
862307	5500	public	303050000	1
862307	6000	public	322483333	1
862307	6500	public	345491667	1
862307	7000	public	353466667	1
862307	7500	public	358875000	1
862307	8000	public	365108333	1
862307	8500	public	374183333	1
862307	9000	public	378033333	1
862307	9500	public	371250000	1
862307	10000	public	374366667	1
862307	10500	public	377666667	1
862307	11000	public	380783333	1
862307	11500	public	376658333	1
862307	12000	public	392150000	1
862307	12500	public	383075000	1
862307	13000	public	383441667	1
862307	13500	public	396916667	1
862307	14000	public	394533333	1
862307	14500	public	403516667	1
862307	15000	public	400125000	1
862307	15500	public	398016667	1
862307	16000	public	396091667	1
862307	16500	public	384908333	1
862307	17000	public	382158333	1
862307	17500	public	379591667	1
862307	18000	public	369050000	1
862307	18500	public	362175000	1
862307	19000	public	359425000	1
862307	4000	private	260307143	1
862307	4500	private	283132143	1
862307	5000	private	304307143	1
862307	5500	private	323478571	1
862307	6000	private	331650000	1
862307	6500	private	338289286	1
862307	7000	private	343514286	1
862307	7500	private	343553571	1
862307	8000	private	344810714	1
862307	8500	private	351135714	1
862307	9000	private	362842857	1
862307	9500	private	368107143	1
862307	10000	private	381700000	1
862307	10500	private	382642857	1
862307	11000	private	382092857	1
862307	11500	private	386217857	1
862307	12000	private	381935714	1
862307	12500	private	380325000	1
862307	13000	private	380953571	1
862307	13500	private	377535714	1
862307	14000	private	373057143	1
862307	14500	private	369992857	1
862307	15000	private	365946429	1
862307	15500	private	362921429	1
862307	16000	private	359817857	1
862307	16500	private	351253571	1
862307	17000	private	345360714	1
862307	17500	private	340960714	1
862307	18000	private	335264286	1
862307	18500	private	329567857	1
862307	19000	private	322103571	1
141871	4000	public	254283333	2
141871	4500	public	268216667	2
141871	5000	public	295716667	2
141871	5500	public	314783333	2
141871	6000	public	330366667	2
141871	6500	public	338708333	2
141871	7000	public	338525000	2
141871	7500	public	348241667	2
141871	8000	public	360066667	2
141871	8500	public	361900000	2
141871	9000	public	368775000	2
141871	9500	public	363183333	2
141871	10000	public	364191667	2
141871	10500	public	368591667	2
141871	11000	public	369966667	2
141871	11500	public	389583333	2
141871	12000	public	383441667	2
141871	12500	public	396091667	2
141871	13000	public	393433333	2
141871	13500	public	398200000	2
141871	14000	public	411125000	2
141871	14500	public	409383333	2
141871	15000	public	401408333	2
141871	15500	public	394258333	2
141871	16000	public	3.96e+08	2
141871	16500	public	386375000	2
141871	17000	public	389950000	2
141871	17500	public	381975000	2
141871	18000	public	379500000	2
141871	18500	public	367766667	2
141871	19000	public	369050000	2
141871	4000	private	276021429	2
141871	4500	private	292835714	2
141871	5000	private	306978571	2
141871	5500	private	307450000	2
141871	6000	private	321985714	2
141871	6500	private	341196429	2
141871	7000	private	342060714	2
141871	7500	private	346539286	2
141871	8000	private	353257143	2
141871	8500	private	359542857	2
141871	9000	private	365239286	2
141871	9500	private	369992857	2
141871	10000	private	371917857	2
141871	10500	private	375532143	2
141871	11000	private	380442857	2
141871	11500	private	382250000	2
141871	12000	private	393525000	2
141871	12500	private	395175000	2
141871	13000	private	392385714	2
141871	13500	private	383271429	2
141871	14000	private	380089286	2
141871	14500	private	375335714	2
141871	15000	private	371682143	2
141871	15500	private	367675000	2
141871	16000	private	364571429	2
141871	16500	private	364767857	2
141871	17000	private	353021429	2
141871	17500	private	344653571	2
141871	18000	private	341785714	2
141871	18500	private	335028571	2
141871	19000	private	325835714	2
152267	4000	public	267300000	2
152267	4500	public	290491667	2
152267	5000	public	301950000	2
152267	5500	public	311300000	2
152267	6000	public	327891667	2
152267	6500	public	340175000	2
152267	7000	public	350991667	2
152267	7500	public	359241667	2
152267	8000	public	359700000	2
152267	8500	public	361900000	2
152267	9000	public	365108333	2
152267	9500	public	3.63e+08	2
152267	10000	public	360250000	2
152267	10500	public	363641667	2
152267	11000	public	373083333	2
152267	11500	public	3.74e+08	2
152267	12000	public	371250000	2
152267	12500	public	379041667	2
152267	13000	public	391508333	2
152267	13500	public	392058333	2
152267	14000	public	389858333	2
152267	14500	public	391141667	2
152267	15000	public	381425000	2
152267	15500	public	387200000	2
152267	16000	public	381608333	2
152267	16500	public	393158333	2
152267	17000	public	389583333	2
152267	17500	public	385825000	2
152267	18000	public	371983333	2
152267	18500	public	366391667	2
152267	19000	public	366575000	2
152267	4000	private	262585714	2
152267	4500	private	278575000	2
152267	5000	private	305878571	2
152267	5500	private	319942857	2
152267	6000	private	329332143	2
152267	6500	private	343710714	2
152267	7000	private	344575000	2
152267	7500	private	349682143	2
152267	8000	private	351842857	2
152267	8500	private	365828571	2
152267	9000	private	368382143	2
152267	9500	private	379500000	2
152267	10000	private	381464286	2
152267	10500	private	382367857	2
152267	11000	private	377535714	2
152267	11500	private	379500000	2
152267	12000	private	383035714	2
152267	12500	private	372625000	2
152267	13000	private	371210714	2
152267	13500	private	368617857	2
152267	14000	private	371917857	2
152267	14500	private	378439286	2
152267	15000	private	373960714	2
152267	15500	private	369128571	2
152267	16000	private	367596429	2
152267	16500	private	358717857	2
152267	17000	private	354750000	2
152267	17500	private	350860714	2
152267	18000	private	338721429	2
152267	18500	private	329332143	2
152267	19000	private	330039286	2
166297	4000	public	259875000	2
166297	4500	public	276008333	2
166297	5000	public	298191667	2
166297	5500	public	316708333	2
166297	6000	public	327891667	2
166297	6500	public	334583333	2
166297	7000	public	333300000	2
166297	7500	public	344208333	2
166297	8000	public	356491667	2
166297	8500	public	371341667	2
166297	9000	public	368316667	2
166297	9500	public	376291667	2
166297	10000	public	374366667	2
166297	10500	public	376108333	2
166297	11000	public	381058333	2
166297	11500	public	382616667	2
166297	12000	public	379958333	2
166297	12500	public	386650000	2
166297	13000	public	381791667	2
166297	13500	public	386741667	2
166297	14000	public	394166667	2
166297	14500	public	397925000	2
166297	15000	public	388666667	2
166297	15500	public	382250000	2
166297	16000	public	383441667	2
166297	16500	public	381975000	2
166297	17000	public	399391667	2
166297	17500	public	388666667	2
166297	18000	public	385825000	2
166297	18500	public	380325000	2
166297	19000	public	383991667	2
166297	4000	private	275196429	2
166297	4500	private	284782143	2
166297	5000	private	304346429	2
166297	5500	private	312910714	2
166297	6000	private	318332143	2
166297	6500	private	328821429	2
166297	7000	private	336442857	2
166297	7500	private	351410714	2
166297	8000	private	356360714	2
166297	8500	private	363353571	2
166297	9000	private	365435714	2
166297	9500	private	376946429	2
166297	10000	private	373842857	2
166297	10500	private	367596429	2
166297	11000	private	369403571	2
166297	11500	private	369521429	2
166297	12000	private	371446429	2
166297	12500	private	377221429	2
166297	13000	private	373803571	2
166297	13500	private	374039286	2
166297	14000	private	368500000	2
166297	14500	private	372389286	2
166297	15000	private	372428571	2
166297	15500	private	375964286	2
166297	16000	private	366810714	2
166297	16500	private	363510714	2
166297	17000	private	356832143	2
166297	17500	private	351214286	2
166297	18000	private	345360714	2
166297	18500	private	335932143	2
166297	19000	private	332003571	2
188179	4000	public	257033333	2
188179	4500	public	283341667	2
188179	5000	public	294891667	2
188179	5500	public	303600000	2
188179	6000	public	312125000	2
188179	6500	public	342283333	2
188179	7000	public	362175000	2
188179	7500	public	373725000	2
188179	8000	public	366575000	2
188179	8500	public	370975000	2
188179	9000	public	363825000	2
188179	9500	public	372991667	2
188179	10000	public	378216667	2
188179	10500	public	383991667	2
188179	11000	public	398841667	2
188179	11500	public	402416667	2
188179	12000	public	411216667	2
188179	12500	public	404708333	2
188179	13000	public	406450000	2
188179	13500	public	403516667	2
188179	14000	public	400858333	2
188179	14500	public	398291667	2
188179	15000	public	407183333	2
188179	15500	public	393341667	2
188179	16000	public	386375000	2
188179	16500	public	380233333	2
188179	17000	public	377025000	2
188179	17500	public	375925000	2
188179	18000	public	373450000	2
188179	18500	public	370975000	2
188179	19000	public	361350000	2
188179	4000	private	263842857	2
188179	4500	private	289496429	2
188179	5000	private	299475000	2
188179	5500	private	309100000	2
188179	6000	private	320375000	2
188179	6500	private	328664286	2
188179	7000	private	344496429	2
188179	7500	private	357617857	2
188179	8000	private	359896429	2
188179	8500	private	363510714	2
188179	9000	private	364217857	2
188179	9500	private	364217857	2
188179	10000	private	372192857	2
188179	10500	private	378360714	2
188179	11000	private	380639286	2
188179	11500	private	379892857	2
188179	12000	private	381621429	2
188179	12500	private	378910714	2
188179	13000	private	378950000	2
188179	13500	private	377850000	2
188179	14000	private	382917857	2
188179	14500	private	378517857	2
188179	15000	private	377064286	2
188179	15500	private	366496429	2
188179	16000	private	362410714	2
188179	16500	private	356400000	2
188179	17000	private	353846429	2
188179	17500	private	347246429	2
188179	18000	private	336521429	2
188179	18500	private	330510714	2
188179	19000	private	325992857	2
405157	4000	public	256575000	2
405157	4500	public	280133333	2
405157	5000	public	302591667	2
405157	5500	public	303508333	2
405157	6000	public	318450000	2
405157	6500	public	326241667	2
405157	7000	public	347416667	2
405157	7500	public	355025000	2
405157	8000	public	352183333	2
405157	8500	public	354200000	2
405157	9000	public	362541667	2
405157	9500	public	374091667	2
405157	10000	public	379041667	2
405157	10500	public	384358333	2
405157	11000	public	377850000	2
405157	11500	public	382708333	2
405157	12000	public	390316667	2
405157	12500	public	391050000	2
405157	13000	public	392333333	2
405157	13500	public	385275000	2
405157	14000	public	390133333	2
405157	14500	public	406450000	2
405157	15000	public	403608333	2
405157	15500	public	400308333	2
405157	16000	public	398200000	2
405157	16500	public	392883333	2
405157	17000	public	382158333	2
405157	17500	public	383350000	2
405157	18000	public	381883333	2
405157	18500	public	375375000	2
405157	19000	public	371433333	2
405157	4000	private	271896429	2
405157	4500	private	284585714	2
405157	5000	private	296175000	2
405157	5500	private	316996429	2
405157	6000	private	325521429	2
405157	6500	private	344967857	2
405157	7000	private	352392857	2
405157	7500	private	348346429	2
405157	8000	private	351921429	2
405157	8500	private	359700000	2
405157	9000	private	358482143	2
405157	9500	private	365317857	2
405157	10000	private	370267857	2
405157	10500	private	370346429	2
405157	11000	private	378635714	2
405157	11500	private	383625000	2
405157	12000	private	382721429	2
405157	12500	private	381621429	2
405157	13000	private	381857143	2
405157	13500	private	376239286	2
405157	14000	private	373371429	2
405157	14500	private	365592857	2
405157	15000	private	366025000	2
405157	15500	private	360367857	2
405157	16000	private	355771429	2
405157	16500	private	347835714	2
405157	17000	private	337503571	2
405157	17500	private	336207143	2
405157	18000	private	339192857	2
405157	18500	private	336482143	2
405157	19000	private	334242857	2
491299	4000	public	259875000	2
491299	4500	public	290033333	2
491299	5000	public	295258333	2
491299	5500	public	297091667	2
491299	6000	public	302408333	2
491299	6500	public	322391667	2
491299	7000	public	332383333	2
491299	7500	public	343658333	2
491299	8000	public	358416667	2
491299	8500	public	364283333	2
491299	9000	public	368500000	2
491299	9500	public	369416667	2
491299	10000	public	371250000	2
491299	10500	public	376108333	2
491299	11000	public	378400000	2
491299	11500	public	393066667	2
491299	12000	public	397283333	2
491299	12500	public	401866667	2
491299	13000	public	398291667	2
491299	13500	public	413783333	2
491299	14000	public	408741667	2
491299	14500	public	402416667	2
491299	15000	public	388391667	2
491299	15500	public	393250000	2
491299	16000	public	389400000	2
491299	16500	public	387475000	2
491299	17000	public	387383333	2
491299	17500	public	380691667	2
491299	18000	public	367675000	2
491299	18500	public	367400000	2
491299	19000	public	365108333	2
491299	4000	private	256339286	2
491299	4500	private	285057143	2
491299	5000	private	300889286	2
491299	5500	private	308746429	2
491299	6000	private	329253571	2
491299	6500	private	337189286	2
491299	7000	private	344692857	2
491299	7500	private	351646429	2
491299	8000	private	341392857	2
491299	8500	private	353807143	2
491299	9000	private	359071429	2
491299	9500	private	362607143	2
491299	10000	private	364178571	2
491299	10500	private	366025000	2
491299	11000	private	375257143	2
491299	11500	private	379185714	2
491299	12000	private	375021429	2
491299	12500	private	373842857	2
491299	13000	private	373017857	2
491299	13500	private	378164286	2
491299	14000	private	377967857	2
491299	14500	private	373607143	2
491299	15000	private	370975000	2
491299	15500	private	363392857	2
491299	16000	private	354828571	2
491299	16500	private	348582143	2
491299	17000	private	344692857	2
491299	17500	private	346775000	2
491299	18000	private	338996429	2
491299	18500	private	332042857	2
491299	19000	private	330667857	2
531911	4000	public	272616667	2
531911	4500	public	287100000	2
531911	5000	public	313775000	2
531911	5500	public	325783333	2
531911	6000	public	341733333	2
531911	6500	public	343750000	2
531911	7000	public	352183333	2
531911	7500	public	354658333	2
531911	8000	public	358691667	2
531911	8500	public	363825000	2
531911	9000	public	378766667	2
531911	9500	public	380691667	2
531911	10000	public	376200000	2
531911	10500	public	389125000	2
531911	11000	public	393708333	2
531911	11500	public	404250000	2
531911	12000	public	398383333	2
531911	12500	public	398841667	2
531911	13000	public	392791667	2
531911	13500	public	390316667	2
531911	14000	public	392150000	2
531911	14500	public	409658333	2
531911	15000	public	405991667	2
531911	15500	public	408741667	2
531911	16000	public	395175000	2
531911	16500	public	395358333	2
531911	17000	public	391691667	2
531911	17500	public	388941667	2
531911	18000	public	376200000	2
531911	18500	public	375833333	2
531911	19000	public	371433333	2
531911	4000	private	261878571	2
531911	4500	private	280028571	2
531911	5000	private	302382143	2
531911	5500	private	324735714	2
531911	6000	private	335971429	2
531911	6500	private	345321429	2
531911	7000	private	342492857	2
531911	7500	private	348503571	2
531911	8000	private	361703571	2
531911	8500	private	363432143	2
531911	9000	private	370385714	2
531911	9500	private	375060714	2
531911	10000	private	373057143	2
531911	10500	private	380875000	2
531911	11000	private	379696429	2
531911	11500	private	379107143	2
531911	12000	private	380835714	2
531911	12500	private	381425000	2
531911	13000	private	378517857	2
531911	13500	private	374078571	2
531911	14000	private	369364286	2
531911	14500	private	364217857	2
531911	15000	private	363432143	2
531911	15500	private	361467857	2
531911	16000	private	353925000	2
531911	16500	private	346775000	2
531911	17000	private	339703571	2
531911	17500	private	340096429	2
531911	18000	private	333771429	2
531911	18500	private	323714286	2
531911	19000	private	323242857	2
542981	4000	public	267941667	2
542981	4500	public	279308333	2
542981	5000	public	295441667	2
542981	5500	public	304241667	2
542981	6000	public	319733333	2
542981	6500	public	324683333	2
542981	7000	public	342925000	2
542981	7500	public	359150000	2
542981	8000	public	362541667	2
542981	8500	public	368408333	2
542981	9000	public	371525000	2
542981	9500	public	383991667	2
542981	10000	public	388850000	2
542981	10500	public	397375000	2
542981	11000	public	391416667	2
542981	11500	public	388575000	2
542981	12000	public	390225000	2
542981	12500	public	397100000	2
542981	13000	public	395358333	2
542981	13500	public	397008333	2
542981	14000	public	392058333	2
542981	14500	public	389858333	2
542981	15000	public	390958333	2
542981	15500	public	395908333	2
542981	16000	public	396275000	2
542981	16500	public	386100000	2
542981	17000	public	377025000	2
542981	17500	public	368500000	2
542981	18000	public	358966667	2
542981	18500	public	347600000	2
542981	19000	public	341550000	2
542981	4000	private	270167857	2
542981	4500	private	297510714	2
542981	5000	private	303953571	2
542981	5500	private	318253571	2
542981	6000	private	337542857	2
542981	6500	private	345635714	2
542981	7000	private	351175000	2
542981	7500	private	357578571	2
542981	8000	private	355339286	2
542981	8500	private	359896429	2
542981	9000	private	357775000	2
542981	9500	private	356360714	2
542981	10000	private	366064286	2
542981	10500	private	367910714	2
542981	11000	private	374392857	2
542981	11500	private	381110714	2
542981	12000	private	379617857	2
542981	12500	private	377457143	2
542981	13000	private	380560714	2
542981	13500	private	374353571	2
542981	14000	private	369403571	2
542981	14500	private	367989286	2
542981	15000	private	362017857	2
542981	15500	private	365396429	2
542981	16000	private	366025000	2
542981	16500	private	357028571	2
542981	17000	private	353846429	2
542981	17500	private	347285714	2
542981	18000	private	338014286	2
542981	18500	private	331100000	2
542981	19000	private	326621429	2
817111	4000	public	266933333	2
817111	4500	public	287558333	2
817111	5000	public	295166667	2
817111	5500	public	303508333	2
817111	6000	public	320833333	2
817111	6500	public	338983333	2
817111	7000	public	350900000	2
817111	7500	public	350533333	2
817111	8000	public	362725000	2
817111	8500	public	367033333	2
817111	9000	public	361991667	2
817111	9500	public	363916667	2
817111	10000	public	370975000	2
817111	10500	public	370791667	2
817111	11000	public	386833333	2
817111	11500	public	391325000	2
817111	12000	public	395541667	2
817111	12500	public	403883333	2
817111	13000	public	397925000	2
817111	13500	public	398933333	2
817111	14000	public	394533333	2
817111	14500	public	390408333	2
817111	15000	public	390775000	2
817111	15500	public	390225000	2
817111	16000	public	385733333	2
817111	16500	public	379866667	2
817111	17000	public	369600000	2
817111	17500	public	369783333	2
817111	18000	public	363275000	2
817111	18500	public	367216667	2
817111	19000	public	356950000	2
817111	4000	private	261171429	2
817111	4500	private	282975000	2
817111	5000	private	304071429	2
817111	5500	private	309139286	2
817111	6000	private	329214286	2
817111	6500	private	342650000	2
817111	7000	private	341471429	2
817111	7500	private	342414286	2
817111	8000	private	352117857	2
817111	8500	private	354200000	2
817111	9000	private	352432143	2
817111	9500	private	358678571	2
817111	10000	private	362725000	2
817111	10500	private	366732143	2
817111	11000	private	368500000	2
817111	11500	private	378360714	2
817111	12000	private	378910714	2
817111	12500	private	380835714	2
817111	13000	private	377889286	2
817111	13500	private	375100000	2
817111	14000	private	369914286	2
817111	14500	private	369325000	2
817111	15000	private	363667857	2
817111	15500	private	355260714	2
817111	16000	private	348542857	2
817111	16500	private	342414286	2
817111	17000	private	338171429	2
817111	17500	private	331021429	2
817111	18000	private	326739286	2
817111	18500	private	319550000	2
817111	19000	private	318450000	2
862307	4000	public	270966667	2
862307	4500	public	279491667	2
862307	5000	public	287375000	2
862307	5500	public	307358333	2
862307	6000	public	312125000	2
862307	6500	public	327158333	2
862307	7000	public	349800000	2
862307	7500	public	347416667	2
862307	8000	public	355575000	2
862307	8500	public	361258333	2
862307	9000	public	374733333	2
862307	9500	public	368133333	2
862307	10000	public	363916667	2
862307	10500	public	357408333	2
862307	11000	public	362266667	2
862307	11500	public	367308333	2
862307	12000	public	364191667	2
862307	12500	public	388483333	2
862307	13000	public	409200000	2
862307	13500	public	413691667	2
862307	14000	public	399850000	2
862307	14500	public	389583333	2
862307	15000	public	390408333	2
862307	15500	public	384266667	2
862307	16000	public	384633333	2
862307	16500	public	381975000	2
862307	17000	public	373266667	2
862307	17500	public	373725000	2
862307	18000	public	360800000	2
862307	18500	public	362358333	2
862307	19000	public	363916667	2
862307	4000	private	268871429	2
862307	4500	private	277003571	2
862307	5000	private	297982143	2
862307	5500	private	315346429	2
862307	6000	private	321946429	2
862307	6500	private	332003571	2
862307	7000	private	334085714	2
862307	7500	private	340607143	2
862307	8000	private	347325000	2
862307	8500	private	358246429	2
862307	9000	private	362685714	2
862307	9500	private	366300000	2
862307	10000	private	368892857	2
862307	10500	private	370896429	2
862307	11000	private	371171429	2
862307	11500	private	374510714	2
862307	12000	private	370346429	2
862307	12500	private	374864286	2
862307	13000	private	376200000	2
862307	13500	private	376632143	2
862307	14000	private	367635714	2
862307	14500	private	372821429	2
862307	15000	private	366967857	2
862307	15500	private	367242857	2
862307	16000	private	358442857	2
862307	16500	private	349367857	2
862307	17000	private	346028571	2
862307	17500	private	346617857	2
862307	18000	private	345085714	2
862307	18500	private	342060714	2
862307	19000	private	332750000	2
141871	4000	public	282516667	3
141871	4500	public	291683333	3
141871	5000	public	299108333	3
141871	5500	public	321566667	3
141871	6000	public	322758333	3
141871	6500	public	331100000	3
141871	7000	public	339166667	3
141871	7500	public	354750000	3
141871	8000	public	359700000	3
141871	8500	public	363550000	3
141871	9000	public	366575000	3
141871	9500	public	375925000	3
141871	10000	public	389308333	3
141871	10500	public	387200000	3
141871	11000	public	378491667	3
141871	11500	public	376750000	3
141871	12000	public	378950000	3
141871	12500	public	380691667	3
141871	13000	public	378125000	3
141871	13500	public	389675000	3
141871	14000	public	390591667	3
141871	14500	public	384358333	3
141871	15000	public	386100000	3
141871	15500	public	387016667	3
141871	16000	public	372533333	3
141871	16500	public	380600000	3
141871	17000	public	381058333	3
141871	17500	public	368591667	3
141871	18000	public	363091667	3
141871	18500	public	364375000	3
141871	19000	public	357500000	3
141871	4000	private	267064286	3
141871	4500	private	285921429	3
141871	5000	private	297667857	3
141871	5500	private	310828571	3
141871	6000	private	326817857	3
141871	6500	private	335028571	3
141871	7000	private	344928571	3
141871	7500	private	348464286	3
141871	8000	private	348700000	3
141871	8500	private	350978571	3
141871	9000	private	359896429	3
141871	9500	private	358246429	3
141871	10000	private	358010714	3
141871	10500	private	370700000	3
141871	11000	private	368932143	3
141871	11500	private	372035714	3
141871	12000	private	373450000	3
141871	12500	private	371917857	3
141871	13000	private	370660714	3
141871	13500	private	374353571	3
141871	14000	private	379460714	3
141871	14500	private	379775000	3
141871	15000	private	370385714	3
141871	15500	private	372350000	3
141871	16000	private	365200000	3
141871	16500	private	360957143	3
141871	17000	private	352117857	3
141871	17500	private	344103571	3
141871	18000	private	339389286	3
141871	18500	private	336482143	3
141871	19000	private	333928571	3
152267	4000	public	275275000	3
152267	4500	public	276558333	3
152267	5000	public	302775000	3
152267	5500	public	311208333	3
152267	6000	public	337883333	3
152267	6500	public	339166667	3
152267	7000	public	354933333	3
152267	7500	public	359241667	3
152267	8000	public	360066667	3
152267	8500	public	364191667	3
152267	9000	public	373266667	3
152267	9500	public	370058333	3
152267	10000	public	377575000	3
152267	10500	public	378308333	3
152267	11000	public	389491667	3
152267	11500	public	390408333	3
152267	12000	public	384541667	3
152267	12500	public	383900000	3
152267	13000	public	385458333	3
152267	13500	public	393341667	3
152267	14000	public	394441667	3
152267	14500	public	388941667	3
152267	15000	public	397100000	3
152267	15500	public	390958333	3
152267	16000	public	381058333	3
152267	16500	public	378675000	3
152267	17000	public	370700000	3
152267	17500	public	376566667	3
152267	18000	public	365475000	3
152267	18500	public	362725000	3
152267	19000	public	359791667	3
152267	4000	private	262310714	3
152267	4500	private	284546429	3
152267	5000	private	299239286	3
152267	5500	private	310553571	3
152267	6000	private	323478571	3
152267	6500	private	336285714	3
152267	7000	private	349171429	3
152267	7500	private	349682143	3
152267	8000	private	345400000	3
152267	8500	private	350703571	3
152267	9000	private	360171429	3
152267	9500	private	359189286	3
152267	10000	private	358325000	3
152267	10500	private	358796429	3
152267	11000	private	364217857	3
152267	11500	private	369325000	3
152267	12000	private	371053571	3
152267	12500	private	372114286	3
152267	13000	private	372232143	3
152267	13500	private	371210714	3
152267	14000	private	369953571	3
152267	14500	private	365239286	3
152267	15000	private	367242857	3
152267	15500	private	370660714	3
152267	16000	private	361546429	3
152267	16500	private	360210714	3
152267	17000	private	353414286	3
152267	17500	private	350114286	3
152267	18000	private	344653571	3
152267	18500	private	345046429	3
152267	19000	private	334517857	3
166297	4000	public	275458333	3
166297	4500	public	279491667	3
166297	5000	public	291775000	3
166297	5500	public	300391667	3
166297	6000	public	303416667	3
166297	6500	public	317258333	3
166297	7000	public	343383333	3
166297	7500	public	3.52e+08	3
166297	8000	public	351541667	3
166297	8500	public	364100000	3
166297	9000	public	372166667	3
166297	9500	public	380600000	3
166297	10000	public	384541667	3
166297	10500	public	377941667	3
166297	11000	public	376108333	3
166297	11500	public	378125000	3
166297	12000	public	376475000	3
166297	12500	public	387658333	3
166297	13000	public	389308333	3
166297	13500	public	401866667	3
166297	14000	public	388575000	3
166297	14500	public	383075000	3
166297	15000	public	378216667	3
166297	15500	public	386558333	3
166297	16000	public	390683333	3
166297	16500	public	385550000	3
166297	17000	public	386741667	3
166297	17500	public	387750000	3
166297	18000	public	382158333	3
166297	18500	public	374275000	3
166297	19000	public	363550000	3
166297	4000	private	265375000	3
166297	4500	private	284860714	3
166297	5000	private	294525000	3
166297	5500	private	315189286	3
166297	6000	private	327250000	3
166297	6500	private	328389286	3
166297	7000	private	341550000	3
166297	7500	private	349642857	3
166297	8000	private	344339286	3
166297	8500	private	361742857	3
166297	9000	private	355928571	3
166297	9500	private	353100000	3
166297	10000	private	361625000	3
166297	10500	private	369953571	3
166297	11000	private	379382143	3
166297	11500	private	374589286	3
166297	12000	private	380796429	3
166297	12500	private	378360714	3
166297	13000	private	372153571	3
166297	13500	private	376985714	3
166297	14000	private	370896429	3
166297	14500	private	367753571	3
166297	15000	private	362764286	3
166297	15500	private	366260714	3
166297	16000	private	362135714	3
166297	16500	private	361978571	3
166297	17000	private	355967857	3
166297	17500	private	351607143	3
166297	18000	private	346932143	3
166297	18500	private	338525000	3
166297	19000	private	334478571	3
188179	4000	public	278850000	3
188179	4500	public	274266667	3
188179	5000	public	289116667	3
188179	5500	public	307816667	3
188179	6000	public	325783333	3
188179	6500	public	331008333	3
188179	7000	public	335775000	3
188179	7500	public	347050000	3
188179	8000	public	357500000	3
188179	8500	public	361991667	3
188179	9000	public	375833333	3
188179	9500	public	379775000	3
188179	10000	public	380416667	3
188179	10500	public	374091667	3
188179	11000	public	387291667	3
188179	11500	public	385550000	3
188179	12000	public	401133333	3
188179	12500	public	397833333	3
188179	13000	public	395541667	3
188179	13500	public	395083333	3
188179	14000	public	398933333	3
188179	14500	public	397741667	3
188179	15000	public	395450000	3
188179	15500	public	389033333	3
188179	16000	public	387750000	3
188179	16500	public	377758333	3
188179	17000	public	379225000	3
188179	17500	public	376383333	3
188179	18000	public	376383333	3
188179	18500	public	369600000	3
188179	19000	public	362725000	3
188179	4000	private	262350000	3
188179	4500	private	276100000	3
188179	5000	private	301950000	3
188179	5500	private	316721429	3
188179	6000	private	325521429	3
188179	6500	private	336639286	3
188179	7000	private	346382143	3
188179	7500	private	354907143	3
188179	8000	private	354357143	3
188179	8500	private	354789286	3
188179	9000	private	354357143	3
188179	9500	private	358167857	3
188179	10000	private	364964286	3
188179	10500	private	363746429	3
188179	11000	private	365160714	3
188179	11500	private	374550000	3
188179	12000	private	374942857	3
188179	12500	private	3.74e+08	3
188179	13000	private	372625000	3
188179	13500	private	364178571	3
188179	14000	private	368028571	3
188179	14500	private	370896429	3
188179	15000	private	371092857	3
188179	15500	private	369914286	3
188179	16000	private	361821429	3
188179	16500	private	351175000	3
188179	17000	private	349760714	3
188179	17500	private	348621429	3
188179	18000	private	339978571	3
188179	18500	private	334242857	3
188179	19000	private	325403571	3
405157	4000	public	271791667	3
405157	4500	public	291866667	3
405157	5000	public	300116667	3
405157	5500	public	299658333	3
405157	6000	public	333025000	3
405157	6500	public	337425000	3
405157	7000	public	353375000	3
405157	7500	public	347875000	3
405157	8000	public	351725000	3
405157	8500	public	368408333	3
405157	9000	public	366116667	3
405157	9500	public	381058333	3
405157	10000	public	394808333	3
405157	10500	public	392791667	3
405157	11000	public	386283333	3
405157	11500	public	380325000	3
405157	12000	public	377575000	3
405157	12500	public	375100000	3
405157	13000	public	373083333	3
405157	13500	public	385183333	3
405157	14000	public	387200000	3
405157	14500	public	386008333	3
405157	15000	public	378583333	3
405157	15500	public	394075000	3
405157	16000	public	394991667	3
405157	16500	public	385183333	3
405157	17000	public	385091667	3
405157	17500	public	377391667	3
405157	18000	public	382891667	3
405157	18500	public	372900000	3
405157	19000	public	369966667	3
405157	4000	private	270089286	3
405157	4500	private	281128571	3
405157	5000	private	298807143	3
405157	5500	private	310789286	3
405157	6000	private	327132143	3
405157	6500	private	338603571	3
405157	7000	private	348267857	3
405157	7500	private	351410714	3
405157	8000	private	348975000	3
405157	8500	private	355182143	3
405157	9000	private	360092857	3
405157	9500	private	362332143	3
405157	10000	private	366653571	3
405157	10500	private	366732143	3
405157	11000	private	367164286	3
405157	11500	private	373646429	3
405157	12000	private	383467857	3
405157	12500	private	377457143	3
405157	13000	private	377535714	3
405157	13500	private	374707143	3
405157	14000	private	368342857	3
405157	14500	private	374353571	3
405157	15000	private	373607143	3
405157	15500	private	363039286	3
405157	16000	private	358717857	3
405157	16500	private	351135714	3
405157	17000	private	344103571	3
405157	17500	private	338760714	3
405157	18000	private	335617857	3
405157	18500	private	331257143	3
405157	19000	private	328585714	3
491299	4000	public	272066667	3
491299	4500	public	280041667	3
491299	5000	public	292508333	3
491299	5500	public	325966667	3
491299	6000	public	330458333	3
491299	6500	public	349341667	3
491299	7000	public	363550000	3
491299	7500	public	368408333	3
491299	8000	public	373541667	3
491299	8500	public	368683333	3
491299	9000	public	377025000	3
491299	9500	public	399758333	3
491299	10000	public	392150000	3
491299	10500	public	385733333	3
491299	11000	public	372258333	3
491299	11500	public	377483333	3
491299	12000	public	378033333	3
491299	12500	public	385091667	3
491299	13000	public	398200000	3
491299	13500	public	391966667	3
491299	14000	public	396366667	3
491299	14500	public	399116667	3
491299	15000	public	388941667	3
491299	15500	public	375741667	3
491299	16000	public	373175000	3
491299	16500	public	376291667	3
491299	17000	public	372900000	3
491299	17500	public	374091667	3
491299	18000	public	364741667	3
491299	18500	public	357683333	3
491299	19000	public	350716667	3
491299	4000	private	262114286	3
491299	4500	private	278339286	3
491299	5000	private	294210714	3
491299	5500	private	312085714	3
491299	6000	private	325089286	3
491299	6500	private	338210714	3
491299	7000	private	347050000	3
491299	7500	private	345753571	3
491299	8000	private	347482143	3
491299	8500	private	355064286	3
491299	9000	private	355417857	3
491299	9500	private	365317857	3
491299	10000	private	370935714	3
491299	10500	private	374471429	3
491299	11000	private	374746429	3
491299	11500	private	371721429	3
491299	12000	private	372271429	3
491299	12500	private	376317857	3
491299	13000	private	379342857	3
491299	13500	private	373371429	3
491299	14000	private	369128571	3
491299	14500	private	364021429	3
491299	15000	private	369167857	3
491299	15500	private	363039286	3
491299	16000	private	358639286	3
491299	16500	private	351803571	3
491299	17000	private	343042857	3
491299	17500	private	338603571	3
491299	18000	private	337110714	3
491299	18500	private	337778571	3
491299	19000	private	332121429	3
531911	4000	public	260975000	3
531911	4500	public	283800000	3
531911	5000	public	293333333	3
531911	5500	public	300025000	3
531911	6000	public	320100000	3
531911	6500	public	331283333	3
531911	7000	public	335591667	3
531911	7500	public	342100000	3
531911	8000	public	350075000	3
531911	8500	public	362541667	3
531911	9000	public	369050000	3
531911	9500	public	368041667	3
531911	10000	public	380600000	3
531911	10500	public	396183333	3
531911	11000	public	396916667	3
531911	11500	public	397741667	3
531911	12000	public	398841667	3
531911	12500	public	392791667	3
531911	13000	public	399116667	3
531911	13500	public	405441667	3
531911	14000	public	399575000	3
531911	14500	public	400583333	3
531911	15000	public	398291667	3
531911	15500	public	406083333	3
531911	16000	public	401225000	3
531911	16500	public	396458333	3
531911	17000	public	386741667	3
531911	17500	public	376016667	3
531911	18000	public	376383333	3
531911	18500	public	369141667	3
531911	19000	public	355758333	3
531911	4000	private	268439286	3
531911	4500	private	283014286	3
531911	5000	private	293857143	3
531911	5500	private	309060714	3
531911	6000	private	321671429	3
531911	6500	private	345950000	3
531911	7000	private	344889286	3
531911	7500	private	349171429	3
531911	8000	private	352825000	3
531911	8500	private	351410714	3
531911	9000	private	355692857	3
531911	9500	private	352196429	3
531911	10000	private	369600000	3
531911	10500	private	368421429	3
531911	11000	private	375178571	3
531911	11500	private	380325000	3
531911	12000	private	372782143	3
531911	12500	private	377732143	3
531911	13000	private	374235714	3
531911	13500	private	369167857	3
531911	14000	private	367753571	3
531911	14500	private	368107143	3
531911	15000	private	362017857	3
531911	15500	private	361035714	3
531911	16000	private	359189286	3
531911	16500	private	358875000	3
531911	17000	private	352825000	3
531911	17500	private	342492857	3
531911	18000	private	336835714	3
531911	18500	private	332867857	3
531911	19000	private	325246429	3
542981	4000	public	275733333	3
542981	4500	public	290125000	3
542981	5000	public	297275000	3
542981	5500	public	315150000	3
542981	6000	public	326791667	3
542981	6500	public	332291667	3
542981	7000	public	352458333	3
542981	7500	public	359700000	3
542981	8000	public	361808333	3
542981	8500	public	366208333	3
542981	9000	public	377391667	3
542981	9500	public	380966667	3
542981	10000	public	383716667	3
542981	10500	public	380416667	3
542981	11000	public	374275000	3
542981	11500	public	372991667	3
542981	12000	public	378583333	3
542981	12500	public	384358333	3
542981	13000	public	386650000	3
542981	13500	public	390683333	3
542981	14000	public	391325000	3
542981	14500	public	389216667	3
542981	15000	public	382066667	3
542981	15500	public	376750000	3
542981	16000	public	377575000	3
542981	16500	public	369783333	3
542981	17000	public	364191667	3
542981	17500	public	361533333	3
542981	18000	public	352825000	3
542981	18500	public	357683333	3
542981	19000	public	351450000	3
542981	4000	private	257400000	3
542981	4500	private	272446429	3
542981	5000	private	295310714	3
542981	5500	private	312007143	3
542981	6000	private	321946429	3
542981	6500	private	332946429	3
542981	7000	private	348660714	3
542981	7500	private	352628571	3
542981	8000	private	347796429	3
542981	8500	private	352982143	3
542981	9000	private	352117857	3
542981	9500	private	356085714	3
542981	10000	private	363550000	3
542981	10500	private	365750000	3
542981	11000	private	369167857	3
542981	11500	private	367360714	3
542981	12000	private	367321429	3
542981	12500	private	368775000	3
542981	13000	private	379578571	3
542981	13500	private	373921429	3
542981	14000	private	374432143	3
542981	14500	private	377692857	3
542981	15000	private	376828571	3
542981	15500	private	372035714	3
542981	16000	private	364610714	3
542981	16500	private	360878571	3
542981	17000	private	356203571	3
542981	17500	private	348700000	3
542981	18000	private	342217857	3
542981	18500	private	334635714	3
542981	19000	private	333378571	3
817111	4000	public	264275000	3
817111	4500	public	276833333	3
817111	5000	public	303141667	3
817111	5500	public	315333333	3
817111	6000	public	331100000	3
817111	6500	public	342558333	3
817111	7000	public	360708333	3
817111	7500	public	355391667	3
817111	8000	public	355483333	3
817111	8500	public	364283333	3
817111	9000	public	383075000	3
817111	9500	public	376108333	3
817111	10000	public	388025000	3
817111	10500	public	381883333	3
817111	11000	public	375008333	3
817111	11500	public	372716667	3
817111	12000	public	376933333	3
817111	12500	public	385733333	3
817111	13000	public	391233333	3
817111	13500	public	386283333	3
817111	14000	public	387291667	3
817111	14500	public	373541667	3
817111	15000	public	375008333	3
817111	15500	public	376475000	3
817111	16000	public	373908333	3
817111	16500	public	385366667	3
817111	17000	public	380233333	3
817111	17500	public	381883333	3
817111	18000	public	371983333	3
817111	18500	public	367400000	3
817111	19000	public	370608333	3
817111	4000	private	265453571	3
817111	4500	private	284428571	3
817111	5000	private	297510714	3
817111	5500	private	308785714	3
817111	6000	private	323242857	3
817111	6500	private	336403571	3
817111	7000	private	351410714	3
817111	7500	private	356046429	3
817111	8000	private	359935714	3
817111	8500	private	356950000	3
817111	9000	private	360682143	3
817111	9500	private	355025000	3
817111	10000	private	366417857	3
817111	10500	private	366692857	3
817111	11000	private	370425000	3
817111	11500	private	373764286	3
817111	12000	private	371171429	3
817111	12500	private	372900000	3
817111	13000	private	372900000	3
817111	13500	private	377378571	3
817111	14000	private	373017857	3
817111	14500	private	379696429	3
817111	15000	private	370425000	3
817111	15500	private	361153571	3
817111	16000	private	352039286	3
817111	16500	private	347914286	3
817111	17000	private	346185714	3
817111	17500	private	343121429	3
817111	18000	private	338721429	3
817111	18500	private	336757143	3
817111	19000	private	337739286	3
862307	4000	public	268675000	3
862307	4500	public	276283333	3
862307	5000	public	299566667	3
862307	5500	public	319183333	3
862307	6000	public	309650000	3
862307	6500	public	332108333	3
862307	7000	public	347233333	3
862307	7500	public	348333333	3
862307	8000	public	349250000	3
862307	8500	public	362266667	3
862307	9000	public	362175000	3
862307	9500	public	368591667	3
862307	10000	public	379408333	3
862307	10500	public	375466667	3
862307	11000	public	373266667	3
862307	11500	public	372625000	3
862307	12000	public	371341667	3
862307	12500	public	379866667	3
862307	13000	public	383075000	3
862307	13500	public	387108333	3
862307	14000	public	385275000	3
862307	14500	public	381333333	3
862307	15000	public	379683333	3
862307	15500	public	372991667	3
862307	16000	public	380416667	3
862307	16500	public	381058333	3
862307	17000	public	377666667	3
862307	17500	public	372258333	3
862307	18000	public	3.74e+08	3
862307	18500	public	360891667	3
862307	19000	public	357866667	3
862307	4000	private	261996429	3
862307	4500	private	281521429	3
862307	5000	private	295900000	3
862307	5500	private	316564286	3
862307	6000	private	318292857	3
862307	6500	private	339310714	3
862307	7000	private	347757143	3
862307	7500	private	346500000	3
862307	8000	private	342178571	3
862307	8500	private	346814286	3
862307	9000	private	355496429	3
862307	9500	private	356675000	3
862307	10000	private	363825000	3
862307	10500	private	369442857	3
862307	11000	private	371171429	3
862307	11500	private	380089286	3
862307	12000	private	384567857	3
862307	12500	private	381700000	3
862307	13000	private	376396429	3
862307	13500	private	370739286	3
862307	14000	private	366025000	3
862307	14500	private	370071429	3
862307	15000	private	365278571	3
862307	15500	private	359503571	3
862307	16000	private	357107143	3
862307	16500	private	349760714	3
862307	17000	private	347285714	3
862307	17500	private	336246429	3
862307	18000	private	331571429	3
862307	18500	private	328546429	3
862307	19000	private	332200000	3
141871	4000	public	265100000	4
141871	4500	public	288841667	4
141871	5000	public	296358333	4
141871	5500	public	314966667	4
141871	6000	public	324316667	4
141871	6500	public	336600000	4
141871	7000	public	356308333	4
141871	7500	public	361075000	4
141871	8000	public	376750000	4
141871	8500	public	384816667	4
141871	9000	public	393616667	4
141871	9500	public	394533333	4
141871	10000	public	381150000	4
141871	10500	public	385366667	4
141871	11000	public	394441667	4
141871	11500	public	400583333	4
141871	12000	public	401500000	4
141871	12500	public	403241667	4
141871	13000	public	4.07e+08	4
141871	13500	public	403883333	4
141871	14000	public	401316667	4
141871	14500	public	406541667	4
141871	15000	public	401133333	4
141871	15500	public	391508333	4
141871	16000	public	395816667	4
141871	16500	public	392975000	4
141871	17000	public	378491667	4
141871	17500	public	386283333	4
141871	18000	public	386650000	4
141871	18500	public	376200000	4
141871	19000	public	362175000	4
141871	4000	private	269814286	4
141871	4500	private	279282143	4
141871	5000	private	294132143	4
141871	5500	private	305800000	4
141871	6000	private	330864286	4
141871	6500	private	331100000	4
141871	7000	private	339153571	4
141871	7500	private	352039286	4
141871	8000	private	358678571	4
141871	8500	private	362292857	4
141871	9000	private	368735714	4
141871	9500	private	362842857	4
141871	10000	private	367792857	4
141871	10500	private	362057143	4
141871	11000	private	366810714	4
141871	11500	private	372821429	4
141871	12000	private	381071429	4
141871	12500	private	374825000	4
141871	13000	private	377142857	4
141871	13500	private	366692857	4
141871	14000	private	362292857	4
141871	14500	private	363982143	4
141871	15000	private	359228571	4
141871	15500	private	357853571	4
141871	16000	private	359935714	4
141871	16500	private	358796429	4
141871	17000	private	356360714	4
141871	17500	private	353807143	4
141871	18000	private	351292857	4
141871	18500	private	340842857	4
141871	19000	private	336639286	4
152267	4000	public	265283333	4
152267	4500	public	283891667	4
152267	5000	public	297733333	4
152267	5500	public	319183333	4
152267	6000	public	326975000	4
152267	6500	public	333208333	4
152267	7000	public	356125000	4
152267	7500	public	360525000	4
152267	8000	public	355758333	4
152267	8500	public	368041667	4
152267	9000	public	372441667	4
152267	9500	public	385183333	4
152267	10000	public	393066667	4
152267	10500	public	402416667	4
152267	11000	public	396916667	4
152267	11500	public	395541667	4
152267	12000	public	399575000	4
152267	12500	public	399758333	4
152267	13000	public	399666667	4
152267	13500	public	388666667	4
152267	14000	public	396458333	4
152267	14500	public	393525000	4
152267	15000	public	389766667	4
152267	15500	public	377391667	4
152267	16000	public	381883333	4
152267	16500	public	379408333	4
152267	17000	public	384266667	4
152267	17500	public	389033333	4
152267	18000	public	390225000	4
152267	18500	public	378400000	4
152267	19000	public	366483333	4
152267	4000	private	271307143	4
152267	4500	private	281403571	4
152267	5000	private	298257143	4
152267	5500	private	310278571	4
152267	6000	private	317153571	4
152267	6500	private	330982143	4
152267	7000	private	332946429	4
152267	7500	private	349132143	4
152267	8000	private	351960714	4
152267	8500	private	353767857	4
152267	9000	private	371525000	4
152267	9500	private	371564286	4
152267	10000	private	367400000	4
152267	10500	private	368892857	4
152267	11000	private	361035714	4
152267	11500	private	362410714	4
152267	12000	private	361467857	4
152267	12500	private	370032143	4
152267	13000	private	370857143	4
152267	13500	private	371642857	4
152267	14000	private	369089286	4
152267	14500	private	363275000	4
152267	15000	private	359385714	4
152267	15500	private	357617857	4
152267	16000	private	351764286	4
152267	16500	private	347325000	4
152267	17000	private	344457143	4
152267	17500	private	338485714	4
152267	18000	private	341903571	4
152267	18500	private	343042857	4
152267	19000	private	337935714	4
166297	4000	public	262808333	4
166297	4500	public	271333333	4
166297	5000	public	301491667	4
166297	5500	public	304975000	4
166297	6000	public	322666667	4
166297	6500	public	335500000	4
166297	7000	public	354383333	4
166297	7500	public	366300000	4
166297	8000	public	374916667	4
166297	8500	public	382983333	4
166297	9000	public	398291667	4
166297	9500	public	401500000	4
166297	10000	public	405808333	4
166297	10500	public	406450000	4
166297	11000	public	396091667	4
166297	11500	public	412225000	4
166297	12000	public	418641667	4
166297	12500	public	415433333	4
166297	13000	public	409383333	4
166297	13500	public	402966667	4
166297	14000	public	398750000	4
166297	14500	public	394625000	4
166297	15000	public	395083333	4
166297	15500	public	396733333	4
166297	16000	public	394900000	4
166297	16500	public	396275000	4
166297	17000	public	387016667	4
166297	17500	public	379591667	4
166297	18000	public	376475000	4
166297	18500	public	364283333	4
166297	19000	public	354841667	4
166297	4000	private	267653571	4
166297	4500	private	277357143	4
166297	5000	private	293503571	4
166297	5500	private	305367857	4
166297	6000	private	312714286	4
166297	6500	private	331571429	4
166297	7000	private	341550000	4
166297	7500	private	345085714	4
166297	8000	private	353178571	4
166297	8500	private	361507143	4
166297	9000	private	363589286	4
166297	9500	private	364571429	4
166297	10000	private	363510714	4
166297	10500	private	359307143	4
166297	11000	private	362960714	4
166297	11500	private	366260714	4
166297	12000	private	369010714	4
166297	12500	private	368028571	4
166297	13000	private	363550000	4
166297	13500	private	360800000	4
166297	14000	private	358678571	4
166297	14500	private	362803571	4
166297	15000	private	361821429	4
166297	15500	private	361900000	4
166297	16000	private	357185714	4
166297	16500	private	354239286	4
166297	17000	private	349564286	4
166297	17500	private	344103571	4
166297	18000	private	341510714	4
166297	18500	private	333378571	4
166297	19000	private	330353571	4
188179	4000	public	258316667	4
188179	4500	public	278116667	4
188179	5000	public	308458333	4
188179	5500	public	310200000	4
188179	6000	public	314050000	4
188179	6500	public	326058333	4
188179	7000	public	345033333	4
188179	7500	public	349158333	4
188179	8000	public	363733333	4
188179	8500	public	368958333	4
188179	9000	public	378033333	4
188179	9500	public	379041667	4
188179	10000	public	389216667	4
188179	10500	public	397008333	4
188179	11000	public	391325000	4
188179	11500	public	396275000	4
188179	12000	public	390225000	4
188179	12500	public	393616667	4
188179	13000	public	391783333	4
188179	13500	public	402966667	4
188179	14000	public	408466667	4
188179	14500	public	398291667	4
188179	15000	public	391508333	4
188179	15500	public	384266667	4
188179	16000	public	384908333	4
188179	16500	public	389491667	4
188179	17000	public	391416667	4
188179	17500	public	387841667	4
188179	18000	public	376200000	4
188179	18500	public	366850000	4
188179	19000	public	357316667	4
188179	4000	private	268007143	4
188179	4500	private	285450000	4
188179	5000	private	295232143	4
188179	5500	private	312557143	4
188179	6000	private	316407143	4
188179	6500	private	329332143	4
188179	7000	private	336128571	4
188179	7500	private	347717857	4
188179	8000	private	354828571	4
188179	8500	private	359660714	4
188179	9000	private	370700000	4
188179	9500	private	371053571	4
188179	10000	private	372192857	4
188179	10500	private	371210714	4
188179	11000	private	368146429	4
188179	11500	private	369953571	4
188179	12000	private	376475000	4
188179	12500	private	378950000	4
188179	13000	private	375807143	4
188179	13500	private	368657143	4
188179	14000	private	363942857	4
188179	14500	private	362803571	4
188179	15000	private	360210714	4
188179	15500	private	357814286	4
188179	16000	private	361467857	4
188179	16500	private	355575000	4
188179	17000	private	357107143	4
188179	17500	private	353139286	4
188179	18000	private	344771429	4
188179	18500	private	343278571	4
188179	19000	private	332435714	4
405157	4000	public	270141667	4
405157	4500	public	271883333	4
405157	5000	public	290858333	4
405157	5500	public	306900000	4
405157	6000	public	316891667	4
405157	6500	public	328533333	4
405157	7000	public	322666667	4
405157	7500	public	341458333	4
405157	8000	public	354750000	4
405157	8500	public	373541667	4
405157	9000	public	389858333	4
405157	9500	public	401958333	4
405157	10000	public	406358333	4
405157	10500	public	403883333	4
405157	11000	public	403425000	4
405157	11500	public	393891667	4
405157	12000	public	397466667	4
405157	12500	public	394716667	4
405157	13000	public	385825000	4
405157	13500	public	383716667	4
405157	14000	public	378308333	4
405157	14500	public	382250000	4
405157	15000	public	394625000	4
405157	15500	public	399483333	4
405157	16000	public	393433333	4
405157	16500	public	388391667	4
405157	17000	public	380141667	4
405157	17500	public	378216667	4
405157	18000	public	369233333	4
405157	18500	public	362633333	4
405157	19000	public	358233333	4
405157	4000	private	267653571	4
405157	4500	private	281835714	4
405157	5000	private	293346429	4
405157	5500	private	298257143	4
405157	6000	private	316760714	4
405157	6500	private	331414286	4
405157	7000	private	3.41e+08	4
405157	7500	private	338446429	4
405157	8000	private	346107143	4
405157	8500	private	349839286	4
405157	9000	private	354632143	4
405157	9500	private	353375000	4
405157	10000	private	358560714	4
405157	10500	private	357264286	4
405157	11000	private	366103571	4
405157	11500	private	366260714	4
405157	12000	private	365514286	4
405157	12500	private	358050000	4
405157	13000	private	356360714	4
405157	13500	private	351764286	4
405157	14000	private	348582143	4
405157	14500	private	352392857	4
405157	15000	private	347875000	4
405157	15500	private	343435714	4
405157	16000	private	345242857	4
405157	16500	private	343475000	4
405157	17000	private	343082143	4
405157	17500	private	333692857	4
405157	18000	private	333614286	4
405157	18500	private	330942857	4
405157	19000	private	322614286	4
491299	4000	public	254375000	4
491299	4500	public	285908333	4
491299	5000	public	289758333	4
491299	5500	public	297825000	4
491299	6000	public	310108333	4
491299	6500	public	311391667	4
491299	7000	public	329816667	4
491299	7500	public	353375000	4
491299	8000	public	371800000	4
491299	8500	public	377025000	4
491299	9000	public	385550000	4
491299	9500	public	412775000	4
491299	10000	public	398566667	4
491299	10500	public	399850000	4
491299	11000	public	390316667	4
491299	11500	public	387933333	4
491299	12000	public	407091667	4
491299	12500	public	404891667	4
491299	13000	public	405166667	4
491299	13500	public	402141667	4
491299	14000	public	399483333	4
491299	14500	public	395908333	4
491299	15000	public	404433333	4
491299	15500	public	397925000	4
491299	16000	public	395633333	4
491299	16500	public	392975000	4
491299	17000	public	385091667	4
491299	17500	public	377300000	4
491299	18000	public	375466667	4
491299	18500	public	367308333	4
491299	19000	public	357775000	4
491299	4000	private	257125000	4
491299	4500	private	285253571	4
491299	5000	private	295389286	4
491299	5500	private	313146429	4
491299	6000	private	314953571	4
491299	6500	private	326189286	4
491299	7000	private	337935714	4
491299	7500	private	341196429	4
491299	8000	private	346657143	4
491299	8500	private	356203571	4
491299	9000	private	362764286	4
491299	9500	private	367596429	4
491299	10000	private	372900000	4
491299	10500	private	376278571	4
491299	11000	private	376435714	4
491299	11500	private	378242857	4
491299	12000	private	377103571	4
491299	12500	private	372546429	4
491299	13000	private	374785714	4
491299	13500	private	375296429	4
491299	14000	private	369364286	4
491299	14500	private	368539286	4
491299	15000	private	368814286	4
491299	15500	private	359817857	4
491299	16000	private	360014286	4
491299	16500	private	357225000	4
491299	17000	private	356675000	4
491299	17500	private	357657143	4
491299	18000	private	346657143	4
491299	18500	private	350939286	4
491299	19000	private	343239286	4
531911	4000	public	258683333	4
531911	4500	public	291775000	4
531911	5000	public	308183333	4
531911	5500	public	319091667	4
531911	6000	public	320283333	4
531911	6500	public	336966667	4
531911	7000	public	341458333	4
531911	7500	public	364283333	4
531911	8000	public	367491667	4
531911	8500	public	378583333	4
531911	9000	public	394716667	4
531911	9500	public	396091667	4
531911	10000	public	401683333	4
531911	10500	public	399391667	4
531911	11000	public	413141667	4
531911	11500	public	409566667	4
531911	12000	public	407183333	4
531911	12500	public	404983333	4
531911	13000	public	398200000	4
531911	13500	public	387566667	4
531911	14000	public	385275000	4
531911	14500	public	372350000	4
531911	15000	public	390225000	4
531911	15500	public	380050000	4
531911	16000	public	373541667	4
531911	16500	public	379591667	4
531911	17000	public	372625000	4
531911	17500	public	370700000	4
531911	18000	public	374550000	4
531911	18500	public	369416667	4
531911	19000	public	365016667	4
531911	4000	private	264707143	4
531911	4500	private	285882143	4
531911	5000	private	298492857	4
531911	5500	private	304032143	4
531911	6000	private	316878571	4
531911	6500	private	323085714	4
531911	7000	private	337660714	4
531911	7500	private	342807143	4
531911	8000	private	359503571	4
531911	8500	private	361821429	4
531911	9000	private	363550000	4
531911	9500	private	366889286	4
531911	10000	private	366850000	4
531911	10500	private	365475000	4
531911	11000	private	369796429	4
531911	11500	private	364257143	4
531911	12000	private	358207143	4
531911	12500	private	358364286	4
531911	13000	private	351057143	4
531911	13500	private	351685714	4
531911	14000	private	348739286	4
531911	14500	private	350350000	4
531911	15000	private	349760714	4
531911	15500	private	348621429	4
531911	16000	private	352196429	4
531911	16500	private	344103571	4
531911	17000	private	346303571	4
531911	17500	private	344771429	4
531911	18000	private	342335714	4
531911	18500	private	329607143	4
531911	19000	private	329135714	4
542981	4000	public	253458333	4
542981	4500	public	266658333	4
542981	5000	public	296266667	4
542981	5500	public	298375000	4
542981	6000	public	324041667	4
542981	6500	public	329083333	4
542981	7000	public	338433333	4
542981	7500	public	350166667	4
542981	8000	public	349800000	4
542981	8500	public	372716667	4
542981	9000	public	384908333	4
542981	9500	public	382800000	4
542981	10000	public	392058333	4
542981	10500	public	390500000	4
542981	11000	public	402416667	4
542981	11500	public	410758333	4
542981	12000	public	406816667	4
542981	12500	public	3.96e+08	4
542981	13000	public	397191667	4
542981	13500	public	391600000	4
542981	14000	public	404250000	4
542981	14500	public	405258333	4
542981	15000	public	401041667	4
542981	15500	public	391600000	4
542981	16000	public	381425000	4
542981	16500	public	376291667	4
542981	17000	public	381516667	4
542981	17500	public	375100000	4
542981	18000	public	365566667	4
542981	18500	public	355116667	4
542981	19000	public	341183333	4
542981	4000	private	260660714	4
542981	4500	private	287217857	4
542981	5000	private	300457143	4
542981	5500	private	309767857	4
542981	6000	private	323125000	4
542981	6500	private	324892857	4
542981	7000	private	338957143	4
542981	7500	private	348857143	4
542981	8000	private	360800000	4
542981	8500	private	362764286	4
542981	9000	private	361467857	4
542981	9500	private	364728571	4
542981	10000	private	363117857	4
542981	10500	private	367714286	4
542981	11000	private	372821429	4
542981	11500	private	374746429	4
542981	12000	private	377221429	4
542981	12500	private	373214286	4
542981	13000	private	373489286	4
542981	13500	private	364100000	4
542981	14000	private	361035714	4
542981	14500	private	362960714	4
542981	15000	private	356125000	4
542981	15500	private	362528571	4
542981	16000	private	359817857	4
542981	16500	private	351803571	4
542981	17000	private	350350000	4
542981	17500	private	344457143	4
542981	18000	private	335185714	4
542981	18500	private	332592857	4
542981	19000	private	328350000	4
817111	4000	public	243833333	4
817111	4500	public	270875000	4
817111	5000	public	296816667	4
817111	5500	public	315975000	4
817111	6000	public	330825000	4
817111	6500	public	331375000	4
817111	7000	public	340358333	4
817111	7500	public	347050000	4
817111	8000	public	347691667	4
817111	8500	public	370425000	4
817111	9000	public	374366667	4
817111	9500	public	386650000	4
817111	10000	public	398750000	4
817111	10500	public	403791667	4
817111	11000	public	401225000	4
817111	11500	public	411308333	4
817111	12000	public	408650000	4
817111	12500	public	402050000	4
817111	13000	public	398475000	4
817111	13500	public	3.96e+08	4
817111	14000	public	404158333	4
817111	14500	public	393891667	4
817111	15000	public	394441667	4
817111	15500	public	384450000	4
817111	16000	public	374916667	4
817111	16500	public	380508333	4
817111	17000	public	371708333	4
817111	17500	public	372166667	4
817111	18000	public	362450000	4
817111	18500	public	366941667	4
817111	19000	public	357408333	4
817111	4000	private	261642857	4
817111	4500	private	274410714	4
817111	5000	private	295507143	4
817111	5500	private	311653571	4
817111	6000	private	324932143	4
817111	6500	private	338053571	4
817111	7000	private	344417857	4
817111	7500	private	339192857	4
817111	8000	private	342846429	4
817111	8500	private	357460714	4
817111	9000	private	353414286	4
817111	9500	private	366221429	4
817111	10000	private	369678571	4
817111	10500	private	373017857	4
817111	11000	private	373332143	4
817111	11500	private	361939286	4
817111	12000	private	360721429	4
817111	12500	private	362764286	4
817111	13000	private	366653571	4
817111	13500	private	360642857	4
817111	14000	private	364217857	4
817111	14500	private	364689286	4
817111	15000	private	363667857	4
817111	15500	private	357735714	4
817111	16000	private	353178571	4
817111	16500	private	348425000	4
817111	17000	private	338839286	4
817111	17500	private	333142857	4
817111	18000	private	333378571	4
817111	18500	private	332239286	4
817111	19000	private	332396429	4
862307	4000	public	265558333	4
862307	4500	public	274633333	4
862307	5000	public	301125000	4
862307	5500	public	308825000	4
862307	6000	public	320100000	4
862307	6500	public	331925000	4
862307	7000	public	355025000	4
862307	7500	public	365108333	4
862307	8000	public	366575000	4
862307	8500	public	392975000	4
862307	9000	public	403975000	4
862307	9500	public	397741667	4
862307	10000	public	388208333	4
862307	10500	public	396458333	4
862307	11000	public	407825000	4
862307	11500	public	403150000	4
862307	12000	public	407366667	4
862307	12500	public	411491667	4
862307	13000	public	406450000	4
862307	13500	public	402600000	4
862307	14000	public	396183333	4
862307	14500	public	388391667	4
862307	15000	public	388850000	4
862307	15500	public	382066667	4
862307	16000	public	383625000	4
862307	16500	public	393525000	4
862307	17000	public	391325000	4
862307	17500	public	386008333	4
862307	18000	public	383258333	4
862307	18500	public	376933333	4
862307	19000	public	373633333	4
862307	4000	private	261760714	4
862307	4500	private	280657143	4
862307	5000	private	293660714	4
862307	5500	private	308432143	4
862307	6000	private	326385714	4
862307	6500	private	328389286	4
862307	7000	private	338132143	4
862307	7500	private	347167857	4
862307	8000	private	359896429	4
862307	8500	private	357225000	4
862307	9000	private	365867857	4
862307	9500	private	364610714	4
862307	10000	private	380482143	4
862307	10500	private	374589286	4
862307	11000	private	373646429	4
862307	11500	private	371721429	4
862307	12000	private	369128571	4
862307	12500	private	363432143	4
862307	13000	private	360092857	4
862307	13500	private	360957143	4
862307	14000	private	364492857	4
862307	14500	private	363903571	4
862307	15000	private	361350000	4
862307	15500	private	355614286	4
862307	16000	private	358875000	4
862307	16500	private	350703571	4
862307	17000	private	349289286	4
862307	17500	private	341353571	4
862307	18000	private	341746429	4
862307	18500	private	335814286	4
862307	19000	private	327014286	4
141871	4000	public	259050000	5
141871	4500	public	289666667	5
141871	5000	public	296633333	5
141871	5500	public	308916667	5
141871	6000	public	322391667	5
141871	6500	public	330825000	5
141871	7000	public	338800000	5
141871	7500	public	336233333	5
141871	8000	public	349066667	5
141871	8500	public	348791667	5
141871	9000	public	342925000	5
141871	9500	public	352366667	5
141871	10000	public	347875000	5
141871	10500	public	362725000	5
141871	11000	public	378216667	5
141871	11500	public	379683333	5
141871	12000	public	384541667	5
141871	12500	public	390225000	5
141871	13000	public	380600000	5
141871	13500	public	383441667	5
141871	14000	public	388391667	5
141871	14500	public	393250000	5
141871	15000	public	387383333	5
141871	15500	public	386191667	5
141871	16000	public	377666667	5
141871	16500	public	376200000	5
141871	17000	public	377758333	5
141871	17500	public	377758333	5
141871	18000	public	375925000	5
141871	18500	public	369233333	5
141871	19000	public	370425000	5
141871	4000	private	270835714	5
141871	4500	private	275785714	5
141871	5000	private	290871429	5
141871	5500	private	305250000	5
141871	6000	private	323832143	5
141871	6500	private	330432143	5
141871	7000	private	351371429	5
141871	7500	private	350114286	5
141871	8000	private	351685714	5
141871	8500	private	354160714	5
141871	9000	private	360603571	5
141871	9500	private	365200000	5
141871	10000	private	366339286	5
141871	10500	private	371760714	5
141871	11000	private	376907143	5
141871	11500	private	378635714	5
141871	12000	private	382053571	5
141871	12500	private	374117857	5
141871	13000	private	377457143	5
141871	13500	private	377025000	5
141871	14000	private	370975000	5
141871	14500	private	368107143	5
141871	15000	private	369835714	5
141871	15500	private	363275000	5
141871	16000	private	355142857	5
141871	16500	private	350271429	5
141871	17000	private	351960714	5
141871	17500	private	343317857	5
141871	18000	private	333889286	5
141871	18500	private	331257143	5
141871	19000	private	328389286	5
152267	4000	public	260608333	5
152267	4500	public	275091667	5
152267	5000	public	298650000	5
152267	5500	public	317991667	5
152267	6000	public	3.19e+08	5
152267	6500	public	331466667	5
152267	7000	public	333666667	5
152267	7500	public	3.52e+08	5
152267	8000	public	354475000	5
152267	8500	public	351725000	5
152267	9000	public	346225000	5
152267	9500	public	354108333	5
152267	10000	public	365566667	5
152267	10500	public	376200000	5
152267	11000	public	382800000	5
152267	11500	public	381700000	5
152267	12000	public	380875000	5
152267	12500	public	388300000	5
152267	13000	public	389766667	5
152267	13500	public	390775000	5
152267	14000	public	387016667	5
152267	14500	public	391508333	5
152267	15000	public	389858333	5
152267	15500	public	383075000	5
152267	16000	public	382158333	5
152267	16500	public	376658333	5
152267	17000	public	373358333	5
152267	17500	public	372441667	5
152267	18000	public	359425000	5
152267	18500	public	348241667	5
152267	19000	public	350075000	5
152267	4000	private	268596429	5
152267	4500	private	275746429	5
152267	5000	private	294721429	5
152267	5500	private	307646429	5
152267	6000	private	323714286	5
152267	6500	private	331728571	5
152267	7000	private	344142857	5
152267	7500	private	352785714	5
152267	8000	private	355653571	5
152267	8500	private	362332143	5
152267	9000	private	370189286	5
152267	9500	private	366025000	5
152267	10000	private	368185714	5
152267	10500	private	361271429	5
152267	11000	private	365514286	5
152267	11500	private	365200000	5
152267	12000	private	369482143	5
152267	12500	private	370228571	5
152267	13000	private	371957143	5
152267	13500	private	377025000	5
152267	14000	private	376278571	5
152267	14500	private	378282143	5
152267	15000	private	368775000	5
152267	15500	private	361467857	5
152267	16000	private	356360714	5
152267	16500	private	350075000	5
152267	17000	private	355417857	5
152267	17500	private	350310714	5
152267	18000	private	340960714	5
152267	18500	private	338682143	5
152267	19000	private	333967857	5
166297	4000	public	267391667	5
166297	4500	public	304150000	5
166297	5000	public	312308333	5
166297	5500	public	317258333	5
166297	6000	public	314508333	5
166297	6500	public	324225000	5
166297	7000	public	328258333	5
166297	7500	public	337241667	5
166297	8000	public	336508333	5
166297	8500	public	346591667	5
166297	9000	public	347600000	5
166297	9500	public	360250000	5
166297	10000	public	376016667	5
166297	10500	public	389216667	5
166297	11000	public	396550000	5
166297	11500	public	397466667	5
166297	12000	public	401500000	5
166297	12500	public	404158333	5
166297	13000	public	402050000	5
166297	13500	public	403241667	5
166297	14000	public	409841667	5
166297	14500	public	400675000	5
166297	15000	public	400216667	5
166297	15500	public	401041667	5
166297	16000	public	398658333	5
166297	16500	public	395908333	5
166297	17000	public	385733333	5
166297	17500	public	385275000	5
166297	18000	public	376291667	5
166297	18500	public	376108333	5
166297	19000	public	373633333	5
166297	4000	private	271975000	5
166297	4500	private	288435714	5
166297	5000	private	299867857	5
166297	5500	private	315817857	5
166297	6000	private	316210714	5
166297	6500	private	334832143	5
166297	7000	private	340175000	5
166297	7500	private	352825000	5
166297	8000	private	360210714	5
166297	8500	private	362960714	5
166297	9000	private	360171429	5
166297	9500	private	369678571	5
166297	10000	private	369992857	5
166297	10500	private	380835714	5
166297	11000	private	380050000	5
166297	11500	private	377300000	5
166297	12000	private	373214286	5
166297	12500	private	368146429	5
166297	13000	private	372978571	5
166297	13500	private	371682143	5
166297	14000	private	371210714	5
166297	14500	private	369639286	5
166297	15000	private	370621429	5
166297	15500	private	363196429	5
166297	16000	private	360289286	5
166297	16500	private	368539286	5
166297	17000	private	356400000	5
166297	17500	private	347953571	5
166297	18000	private	352589286	5
166297	18500	private	344025000	5
166297	19000	private	338014286	5
188179	4000	public	256850000	5
188179	4500	public	268125000	5
188179	5000	public	282333333	5
188179	5500	public	297825000	5
188179	6000	public	331741667	5
188179	6500	public	351266667	5
188179	7000	public	367216667	5
188179	7500	public	375191667	5
188179	8000	public	370608333	5
188179	8500	public	385641667	5
188179	9000	public	376750000	5
188179	9500	public	377116667	5
188179	10000	public	370333333	5
188179	10500	public	384450000	5
188179	11000	public	386008333	5
188179	11500	public	399300000	5
188179	12000	public	400033333	5
188179	12500	public	397191667	5
188179	13000	public	400125000	5
188179	13500	public	402600000	5
188179	14000	public	403150000	5
188179	14500	public	389675000	5
188179	15000	public	382708333	5
188179	15500	public	371891667	5
188179	16000	public	372533333	5
188179	16500	public	363641667	5
188179	17000	public	364008333	5
188179	17500	public	375925000	5
188179	18000	public	378858333	5
188179	18500	public	372441667	5
188179	19000	public	375283333	5
188179	4000	private	267064286	5
188179	4500	private	283446429	5
188179	5000	private	301714286	5
188179	5500	private	317860714	5
188179	6000	private	324539286	5
188179	6500	private	335814286	5
188179	7000	private	345478571	5
188179	7500	private	356989286	5
188179	8000	private	364453571	5
188179	8500	private	363510714	5
188179	9000	private	366535714	5
188179	9500	private	362450000	5
188179	10000	private	359857143	5
188179	10500	private	362450000	5
188179	11000	private	367282143	5
188179	11500	private	374942857	5
188179	12000	private	373842857	5
188179	12500	private	382132143	5
188179	13000	private	376946429	5
188179	13500	private	375100000	5
188179	14000	private	374078571	5
188179	14500	private	372782143	5
188179	15000	private	367125000	5
188179	15500	private	358403571	5
188179	16000	private	358914286	5
188179	16500	private	354082143	5
188179	17000	private	348425000	5
188179	17500	private	344103571	5
188179	18000	private	337346429	5
188179	18500	private	331453571	5
188179	19000	private	331021429	5
405157	4000	public	257766667	5
405157	4500	public	282883333	5
405157	5000	public	292141667	5
405157	5500	public	296450000	5
405157	6000	public	314325000	5
405157	6500	public	321383333	5
405157	7000	public	337608333	5
405157	7500	public	348700000	5
405157	8000	public	350991667	5
405157	8500	public	354750000	5
405157	9000	public	350441667	5
405157	9500	public	358325000	5
405157	10000	public	371066667	5
405157	10500	public	372350000	5
405157	11000	public	377116667	5
405157	11500	public	377850000	5
405157	12000	public	379316667	5
405157	12500	public	385183333	5
405157	13000	public	385916667	5
405157	13500	public	395358333	5
405157	14000	public	405441667	5
405157	14500	public	393616667	5
405157	15000	public	397283333	5
405157	15500	public	394350000	5
405157	16000	public	390866667	5
405157	16500	public	395908333	5
405157	17000	public	382616667	5
405157	17500	public	376291667	5
405157	18000	public	365658333	5
405157	18500	public	355483333	5
405157	19000	public	352091667	5
405157	4000	private	271385714	5
405157	4500	private	275550000	5
405157	5000	private	284939286	5
405157	5500	private	310592857	5
405157	6000	private	316289286	5
405157	6500	private	334478571	5
405157	7000	private	342453571	5
405157	7500	private	352628571	5
405157	8000	private	354003571	5
405157	8500	private	359464286	5
405157	9000	private	352667857	5
405157	9500	private	361075000	5
405157	10000	private	365828571	5
405157	10500	private	370778571	5
405157	11000	private	380521429	5
405157	11500	private	382564286	5
405157	12000	private	378007143	5
405157	12500	private	382564286	5
405157	13000	private	381464286	5
405157	13500	private	379775000	5
405157	14000	private	373096429	5
405157	14500	private	366378571	5
405157	15000	private	362450000	5
405157	15500	private	355064286	5
405157	16000	private	352628571	5
405157	16500	private	348110714	5
405157	17000	private	345164286	5
405157	17500	private	336089286	5
405157	18000	private	333575000	5
405157	18500	private	324578571	5
405157	19000	private	322103571	5
491299	4000	public	256850000	5
491299	4500	public	282700000	5
491299	5000	public	298558333	5
491299	5500	public	313866667	5
491299	6000	public	319091667	5
491299	6500	public	331100000	5
491299	7000	public	334858333	5
491299	7500	public	346775000	5
491299	8000	public	353283333	5
491299	8500	public	358141667	5
491299	9000	public	357316667	5
491299	9500	public	364466667	5
491299	10000	public	368683333	5
491299	10500	public	387566667	5
491299	11000	public	389583333	5
491299	11500	public	395450000	5
491299	12000	public	3.96e+08	5
491299	12500	public	404158333	5
491299	13000	public	406816667	5
491299	13500	public	397741667	5
491299	14000	public	387108333	5
491299	14500	public	395083333	5
491299	15000	public	396366667	5
491299	15500	public	389858333	5
491299	16000	public	390041667	5
491299	16500	public	391325000	5
491299	17000	public	380325000	5
491299	17500	public	373633333	5
491299	18000	public	371433333	5
491299	18500	public	364466667	5
491299	19000	public	355391667	5
491299	4000	private	267064286	5
491299	4500	private	289771429	5
491299	5000	private	302617857	5
491299	5500	private	309414286	5
491299	6000	private	311103571	5
491299	6500	private	335028571	5
491299	7000	private	342060714	5
491299	7500	private	348739286	5
491299	8000	private	348307143	5
491299	8500	private	351725000	5
491299	9000	private	359150000	5
491299	9500	private	366300000	5
491299	10000	private	369992857	5
491299	10500	private	372114286	5
491299	11000	private	373607143	5
491299	11500	private	373450000	5
491299	12000	private	375571429	5
491299	12500	private	379146429	5
491299	13000	private	375650000	5
491299	13500	private	370896429	5
491299	14000	private	373096429	5
491299	14500	private	373607143	5
491299	15000	private	375414286	5
491299	15500	private	371132143	5
491299	16000	private	370267857	5
491299	16500	private	359503571	5
491299	17000	private	354003571	5
491299	17500	private	345085714	5
491299	18000	private	338957143	5
491299	18500	private	336442857	5
491299	19000	private	328546429	5
531911	4000	public	252175000	5
531911	4500	public	274725000	5
531911	5000	public	294616667	5
531911	5500	public	303416667	5
531911	6000	public	330366667	5
531911	6500	public	334950000	5
531911	7000	public	361991667	5
531911	7500	public	359241667	5
531911	8000	public	356491667	5
531911	8500	public	355208333	5
531911	9000	public	363275000	5
531911	9500	public	362908333	5
531911	10000	public	376291667	5
531911	10500	public	377941667	5
531911	11000	public	386466667	5
531911	11500	public	389308333	5
531911	12000	public	387291667	5
531911	12500	public	391875000	5
531911	13000	public	389583333	5
531911	13500	public	390866667	5
531911	14000	public	398933333	5
531911	14500	public	404433333	5
531911	15000	public	398475000	5
531911	15500	public	395541667	5
531911	16000	public	388483333	5
531911	16500	public	389491667	5
531911	17000	public	378400000	5
531911	17500	public	371066667	5
531911	18000	public	364008333	5
531911	18500	public	367216667	5
531911	19000	public	361533333	5
531911	4000	private	273782143	5
531911	4500	private	280617857	5
531911	5000	private	296450000	5
531911	5500	private	309178571	5
531911	6000	private	323557143	5
531911	6500	private	336521429	5
531911	7000	private	339860714	5
531911	7500	private	348110714	5
531911	8000	private	356360714	5
531911	8500	private	359267857	5
531911	9000	private	362882143	5
531911	9500	private	368539286	5
531911	10000	private	368303571	5
531911	10500	private	373096429	5
531911	11000	private	379657143	5
531911	11500	private	385510714	5
531911	12000	private	377732143	5
531911	12500	private	373410714	5
531911	13000	private	376750000	5
531911	13500	private	372271429	5
531911	14000	private	371171429	5
531911	14500	private	369600000	5
531911	15000	private	369796429	5
531911	15500	private	363982143	5
531911	16000	private	356792857	5
531911	16500	private	350860714	5
531911	17000	private	348542857	5
531911	17500	private	343042857	5
531911	18000	private	338996429	5
531911	18500	private	333692857	5
531911	19000	private	324342857	5
542981	4000	public	249150000	5
542981	4500	public	271700000	5
542981	5000	public	2.86e+08	5
542981	5500	public	298650000	5
542981	6000	public	329725000	5
542981	6500	public	329908333	5
542981	7000	public	334583333	5
542981	7500	public	340083333	5
542981	8000	public	360525000	5
542981	8500	public	374550000	5
542981	9000	public	382800000	5
542981	9500	public	377483333	5
542981	10000	public	370700000	5
542981	10500	public	378308333	5
542981	11000	public	386833333	5
542981	11500	public	381516667	5
542981	12000	public	398200000	5
542981	12500	public	395725000	5
542981	13000	public	398200000	5
542981	13500	public	391233333	5
542981	14000	public	396183333	5
542981	14500	public	401958333	5
542981	15000	public	396825000	5
542981	15500	public	393983333	5
542981	16000	public	390133333	5
542981	16500	public	393800000	5
542981	17000	public	383533333	5
542981	17500	public	377483333	5
542981	18000	public	367125000	5
542981	18500	public	364191667	5
542981	19000	public	354108333	5
542981	4000	private	268792857	5
542981	4500	private	281914286	5
542981	5000	private	300142857	5
542981	5500	private	319078571	5
542981	6000	private	333260714	5
542981	6500	private	337110714	5
542981	7000	private	346892857	5
542981	7500	private	353178571	5
542981	8000	private	356203571	5
542981	8500	private	357264286	5
542981	9000	private	368657143	5
542981	9500	private	365435714	5
542981	10000	private	375414286	5
542981	10500	private	371367857	5
542981	11000	private	377928571	5
542981	11500	private	376278571	5
542981	12000	private	368342857	5
542981	12500	private	373332143	5
542981	13000	private	376200000	5
542981	13500	private	375257143	5
542981	14000	private	370778571	5
542981	14500	private	361232143	5
542981	15000	private	367360714	5
542981	15500	private	361507143	5
542981	16000	private	359228571	5
542981	16500	private	356871429	5
542981	17000	private	347914286	5
542981	17500	private	346578571	5
542981	18000	private	339232143	5
542981	18500	private	333417857	5
542981	19000	private	329096429	5
817111	4000	public	267758333	5
817111	4500	public	272708333	5
817111	5000	public	299108333	5
817111	5500	public	301308333	5
817111	6000	public	307266667	5
817111	6500	public	333483333	5
817111	7000	public	353283333	5
817111	7500	public	357683333	5
817111	8000	public	362266667	5
817111	8500	public	364100000	5
817111	9000	public	372991667	5
817111	9500	public	378216667	5
817111	10000	public	380233333	5
817111	10500	public	380875000	5
817111	11000	public	392058333	5
817111	11500	public	395908333	5
817111	12000	public	392883333	5
817111	12500	public	395175000	5
817111	13000	public	393891667	5
817111	13500	public	398750000	5
817111	14000	public	390683333	5
817111	14500	public	382983333	5
817111	15000	public	380600000	5
817111	15500	public	370883333	5
817111	16000	public	367950000	5
817111	16500	public	366208333	5
817111	17000	public	356308333	5
817111	17500	public	352916667	5
817111	18000	public	353191667	5
817111	18500	public	362266667	5
817111	19000	public	361808333	5
817111	4000	private	268675000	5
817111	4500	private	289339286	5
817111	5000	private	303953571	5
817111	5500	private	316367857	5
817111	6000	private	333457143	5
817111	6500	private	332435714	5
817111	7000	private	332592857	5
817111	7500	private	348778571	5
817111	8000	private	353885714	5
817111	8500	private	350742857	5
817111	9000	private	358717857	5
817111	9500	private	366692857	5
817111	10000	private	371328571	5
817111	10500	private	370267857	5
817111	11000	private	374117857	5
817111	11500	private	377967857	5
817111	12000	private	380050000	5
817111	12500	private	387710714	5
817111	13000	private	382760714	5
817111	13500	private	376750000	5
817111	14000	private	374707143	5
817111	14500	private	377221429	5
817111	15000	private	374314286	5
817111	15500	private	369835714	5
817111	16000	private	364021429	5
817111	16500	private	352982143	5
817111	17000	private	345439286	5
817111	17500	private	347678571	5
817111	18000	private	335775000	5
817111	18500	private	334242857	5
817111	19000	private	328939286	5
862307	4000	public	264366667	5
862307	4500	public	287008333	5
862307	5000	public	297458333	5
862307	5500	public	309466667	5
862307	6000	public	324500000	5
862307	6500	public	344483333	5
862307	7000	public	355941667	5
862307	7500	public	350075000	5
862307	8000	public	353191667	5
862307	8500	public	347600000	5
862307	9000	public	350991667	5
862307	9500	public	351450000	5
862307	10000	public	347966667	5
862307	10500	public	362266667	5
862307	11000	public	359058333	5
862307	11500	public	361258333	5
862307	12000	public	354475000	5
862307	12500	public	381608333	5
862307	13000	public	403241667	5
862307	13500	public	401041667	5
862307	14000	public	391875000	5
862307	14500	public	392883333	5
862307	15000	public	382066667	5
862307	15500	public	381883333	5
862307	16000	public	386008333	5
862307	16500	public	387841667	5
862307	17000	public	377850000	5
862307	17500	public	368041667	5
862307	18000	public	362083333	5
862307	18500	public	361350000	5
862307	19000	public	351633333	5
862307	4000	private	274842857	5
862307	4500	private	281639286	5
862307	5000	private	296803571	5
862307	5500	private	316014286	5
862307	6000	private	315071429	5
862307	6500	private	326150000	5
862307	7000	private	336167857	5
862307	7500	private	344182143	5
862307	8000	private	346775000	5
862307	8500	private	359385714	5
862307	9000	private	363432143	5
862307	9500	private	370307143	5
862307	10000	private	382014286	5
862307	10500	private	381385714	5
862307	11000	private	383546429	5
862307	11500	private	384960714	5
862307	12000	private	379225000	5
862307	12500	private	379382143	5
862307	13000	private	377182143	5
862307	13500	private	372625000	5
862307	14000	private	372625000	5
862307	14500	private	371407143	5
862307	15000	private	361114286	5
862307	15500	private	361978571	5
862307	16000	private	364139286	5
862307	16500	private	359425000	5
862307	17000	private	359778571	5
862307	17500	private	352196429	5
862307	18000	private	341392857	5
862307	18500	private	334635714	5
862307	19000	private	328585714	5
141871	4000	public	250158333	6
141871	4500	public	292416667	6
141871	5000	public	307266667	6
141871	5500	public	304883333	6
141871	6000	public	324683333	6
141871	6500	public	336141667	6
141871	7000	public	344941667	6
141871	7500	public	356308333	6
141871	8000	public	364466667	6
141871	8500	public	376291667	6
141871	9000	public	381333333	6
141871	9500	public	377575000	6
141871	10000	public	381516667	6
141871	10500	public	383350000	6
141871	11000	public	383075000	6
141871	11500	public	382891667	6
141871	12000	public	380600000	6
141871	12500	public	373358333	6
141871	13000	public	381425000	6
141871	13500	public	371250000	6
141871	14000	public	372716667	6
141871	14500	public	366575000	6
141871	15000	public	364283333	6
141871	15500	public	360983333	6
141871	16000	public	362083333	6
141871	16500	public	356675000	6
141871	17000	public	365475000	6
141871	17500	public	369600000	6
141871	18000	public	369966667	6
141871	18500	public	364741667	6
141871	19000	public	359516667	6
141871	4000	private	255789286	6
141871	4500	private	277750000	6
141871	5000	private	289457143	6
141871	5500	private	308550000	6
141871	6000	private	321278571	6
141871	6500	private	329725000	6
141871	7000	private	336167857	6
141871	7500	private	346225000	6
141871	8000	private	357657143	6
141871	8500	private	369089286	6
141871	9000	private	359857143	6
141871	9500	private	366967857	6
141871	10000	private	358207143	6
141871	10500	private	353492857	6
141871	11000	private	354396429	6
141871	11500	private	359975000	6
141871	12000	private	360171429	6
141871	12500	private	367203571	6
141871	13000	private	367675000	6
141871	13500	private	363392857	6
141871	14000	private	363550000	6
141871	14500	private	360682143	6
141871	15000	private	354592857	6
141871	15500	private	344221429	6
141871	16000	private	341392857	6
141871	16500	private	339782143	6
141871	17000	private	339939286	6
141871	17500	private	337385714	6
141871	18000	private	333300000	6
141871	18500	private	330039286	6
141871	19000	private	325207143	6
152267	4000	public	258866667	6
152267	4500	public	267208333	6
152267	5000	public	300941667	6
152267	5500	public	309375000	6
152267	6000	public	329083333	6
152267	6500	public	347233333	6
152267	7000	public	344941667	6
152267	7500	public	364008333	6
152267	8000	public	365475000	6
152267	8500	public	370791667	6
152267	9000	public	368500000	6
152267	9500	public	379683333	6
152267	10000	public	384266667	6
152267	10500	public	381791667	6
152267	11000	public	386375000	6
152267	11500	public	394258333	6
152267	12000	public	405716667	6
152267	12500	public	406266667	6
152267	13000	public	405716667	6
152267	13500	public	413691667	6
152267	14000	public	410850000	6
152267	14500	public	398383333	6
152267	15000	public	403700000	6
152267	15500	public	400858333	6
152267	16000	public	388850000	6
152267	16500	public	380141667	6
152267	17000	public	383900000	6
152267	17500	public	379041667	6
152267	18000	public	378858333	6
152267	18500	public	373725000	6
152267	19000	public	358875000	6
152267	4000	private	261485714	6
152267	4500	private	275982143	6
152267	5000	private	293739286	6
152267	5500	private	298767857	6
152267	6000	private	309964286	6
152267	6500	private	321828571	6
152267	7000	private	326739286	6
152267	7500	private	338210714	6
152267	8000	private	357225000	6
152267	8500	private	354160714	6
152267	9000	private	363785714	6
152267	9500	private	364492857	6
152267	10000	private	371171429	6
152267	10500	private	366732143	6
152267	11000	private	362410714	6
152267	11500	private	364532143	6
152267	12000	private	372978571	6
152267	12500	private	370385714	6
152267	13000	private	371407143	6
152267	13500	private	370346429	6
152267	14000	private	364492857	6
152267	14500	private	365907143	6
152267	15000	private	365985714	6
152267	15500	private	360132143	6
152267	16000	private	347207143	6
152267	16500	private	342296429	6
152267	17000	private	338328571	6
152267	17500	private	334910714	6
152267	18000	private	331060714	6
152267	18500	private	326189286	6
152267	19000	private	319196429	6
166297	4000	public	261891667	6
166297	4500	public	270508333	6
166297	5000	public	282150000	6
166297	5500	public	295808333	6
166297	6000	public	314875000	6
166297	6500	public	337333333	6
166297	7000	public	341825000	6
166297	7500	public	353466667	6
166297	8000	public	353741667	6
166297	8500	public	355575000	6
166297	9000	public	369416667	6
166297	9500	public	377666667	6
166297	10000	public	383350000	6
166297	10500	public	391050000	6
166297	11000	public	392883333	6
166297	11500	public	394075000	6
166297	12000	public	391691667	6
166297	12500	public	390683333	6
166297	13000	public	390316667	6
166297	13500	public	384175000	6
166297	14000	public	385641667	6
166297	14500	public	382066667	6
166297	15000	public	378033333	6
166297	15500	public	372808333	6
166297	16000	public	372075000	6
166297	16500	public	376933333	6
166297	17000	public	376750000	6
166297	17500	public	377575000	6
166297	18000	public	375283333	6
166297	18500	public	379041667	6
166297	19000	public	370333333	6
166297	4000	private	271189286	6
166297	4500	private	277710714	6
166297	5000	private	298650000	6
166297	5500	private	306153571	6
166297	6000	private	339625000	6
166297	6500	private	344928571	6
166297	7000	private	345360714	6
166297	7500	private	350585714	6
166297	8000	private	357539286	6
166297	8500	private	357539286	6
166297	9000	private	353964286	6
166297	9500	private	359071429	6
166297	10000	private	354278571	6
166297	10500	private	365907143	6
166297	11000	private	365907143	6
166297	11500	private	370896429	6
166297	12000	private	372703571	6
166297	12500	private	378635714	6
166297	13000	private	374864286	6
166297	13500	private	364139286	6
166297	14000	private	359582143	6
166297	14500	private	357185714	6
166297	15000	private	353414286	6
166297	15500	private	351725000	6
166297	16000	private	343396429	6
166297	16500	private	342100000	6
166297	17000	private	342964286	6
166297	17500	private	335539286	6
166297	18000	private	331021429	6
166297	18500	private	327053571	6
166297	19000	private	322142857	6
188179	4000	public	262166667	6
188179	4500	public	281600000	6
188179	5000	public	293700000	6
188179	5500	public	311483333	6
188179	6000	public	326791667	6
188179	6500	public	339991667	6
188179	7000	public	359241667	6
188179	7500	public	367216667	6
188179	8000	public	365016667	6
188179	8500	public	381975000	6
188179	9000	public	382983333	6
188179	9500	public	375100000	6
188179	10000	public	371800000	6
188179	10500	public	380508333	6
188179	11000	public	391966667	6
188179	11500	public	393525000	6
188179	12000	public	393983333	6
188179	12500	public	388208333	6
188179	13000	public	386008333	6
188179	13500	public	397741667	6
188179	14000	public	391691667	6
188179	14500	public	381883333	6
188179	15000	public	389400000	6
188179	15500	public	405900000	6
188179	16000	public	403333333	6
188179	16500	public	390591667	6
188179	17000	public	376291667	6
188179	17500	public	373633333	6
188179	18000	public	364283333	6
188179	18500	public	360433333	6
188179	19000	public	358508333	6
188179	4000	private	261642857	6
188179	4500	private	283957143	6
188179	5000	private	285842857	6
188179	5500	private	304150000	6
188179	6000	private	325089286	6
188179	6500	private	331217857	6
188179	7000	private	339467857	6
188179	7500	private	347835714	6
188179	8000	private	352707143	6
188179	8500	private	355653571	6
188179	9000	private	359150000	6
188179	9500	private	364885714	6
188179	10000	private	367085714	6
188179	10500	private	370425000	6
188179	11000	private	366300000	6
188179	11500	private	369560714	6
188179	12000	private	374864286	6
188179	12500	private	378125000	6
188179	13000	private	378282143	6
188179	13500	private	367753571	6
188179	14000	private	367989286	6
188179	14500	private	361978571	6
188179	15000	private	354828571	6
188179	15500	private	343828571	6
188179	16000	private	347285714	6
188179	16500	private	344103571	6
188179	17000	private	340017857	6
188179	17500	private	338800000	6
188179	18000	private	335735714	6
188179	18500	private	333457143	6
188179	19000	private	328782143	6
405157	4000	public	265741667	6
405157	4500	public	284350000	6
405157	5000	public	297091667	6
405157	5500	public	306258333	6
405157	6000	public	317625000	6
405157	6500	public	333391667	6
405157	7000	public	333483333	6
405157	7500	public	337058333	6
405157	8000	public	3.52e+08	6
405157	8500	public	364466667	6
405157	9000	public	390408333	6
405157	9500	public	385091667	6
405157	10000	public	379133333	6
405157	10500	public	376658333	6
405157	11000	public	377575000	6
405157	11500	public	376475000	6
405157	12000	public	387933333	6
405157	12500	public	392700000	6
405157	13000	public	383258333	6
405157	13500	public	373358333	6
405157	14000	public	381333333	6
405157	14500	public	370333333	6
405157	15000	public	360616667	6
405157	15500	public	357866667	6
405157	16000	public	354658333	6
405157	16500	public	351908333	6
405157	17000	public	353191667	6
405157	17500	public	356216667	6
405157	18000	public	350991667	6
405157	18500	public	344941667	6
405157	19000	public	346041667	6
405157	4000	private	264825000	6
405157	4500	private	274921429	6
405157	5000	private	292246429	6
405157	5500	private	301675000	6
405157	6000	private	313303571	6
405157	6500	private	329332143	6
405157	7000	private	336364286	6
405157	7500	private	346617857	6
405157	8000	private	3.52e+08	6
405157	8500	private	352157143	6
405157	9000	private	352825000	6
405157	9500	private	354317857	6
405157	10000	private	359228571	6
405157	10500	private	362646429	6
405157	11000	private	359896429	6
405157	11500	private	358010714	6
405157	12000	private	357028571	6
405157	12500	private	368342857	6
405157	13000	private	373175000	6
405157	13500	private	368775000	6
405157	14000	private	367714286	6
405157	14500	private	362214286	6
405157	15000	private	359307143	6
405157	15500	private	350271429	6
405157	16000	private	349289286	6
405157	16500	private	349682143	6
405157	17000	private	346775000	6
405157	17500	private	336835714	6
405157	18000	private	327289286	6
405157	18500	private	321239286	6
405157	19000	private	316839286	6
491299	4000	public	250708333	6
491299	4500	public	274725000	6
491299	5000	public	292966667	6
491299	5500	public	287741667	6
491299	6000	public	307083333	6
491299	6500	public	321108333	6
491299	7000	public	336050000	6
491299	7500	public	362450000	6
491299	8000	public	370333333	6
491299	8500	public	373175000	6
491299	9000	public	370241667	6
491299	9500	public	386466667	6
491299	10000	public	377941667	6
491299	10500	public	376750000	6
491299	11000	public	381241667	6
491299	11500	public	378400000	6
491299	12000	public	386466667	6
491299	12500	public	391600000	6
491299	13000	public	389033333	6
491299	13500	public	383716667	6
491299	14000	public	385183333	6
491299	14500	public	382525000	6
491299	15000	public	386191667	6
491299	15500	public	388941667	6
491299	16000	public	387475000	6
491299	16500	public	392975000	6
491299	17000	public	383625000	6
491299	17500	public	374091667	6
491299	18000	public	374825000	6
491299	18500	public	364466667	6
491299	19000	public	358600000	6
491299	4000	private	269696429	6
491299	4500	private	280617857	6
491299	5000	private	284585714	6
491299	5500	private	300182143	6
491299	6000	private	309964286	6
491299	6500	private	317310714	6
491299	7000	private	328978571	6
491299	7500	private	338878571	6
491299	8000	private	344142857	6
491299	8500	private	356282143	6
491299	9000	private	361467857	6
491299	9500	private	363157143	6
491299	10000	private	358167857	6
491299	10500	private	359464286	6
491299	11000	private	361467857	6
491299	11500	private	369757143	6
491299	12000	private	363942857	6
491299	12500	private	360957143	6
491299	13000	private	353414286	6
491299	13500	private	351764286	6
491299	14000	private	350350000	6
491299	14500	private	347560714	6
491299	15000	private	348346429	6
491299	15500	private	343239286	6
491299	16000	private	346225000	6
491299	16500	private	347796429	6
491299	17000	private	347875000	6
491299	17500	private	346460714	6
491299	18000	private	337503571	6
491299	18500	private	331728571	6
491299	19000	private	327171429	6
531911	4000	public	272158333	6
531911	4500	public	293058333	6
531911	5000	public	304791667	6
531911	5500	public	315608333	6
531911	6000	public	327708333	6
531911	6500	public	340541667	6
531911	7000	public	348150000	6
531911	7500	public	355850000	6
531911	8000	public	364833333	6
531911	8500	public	368958333	6
531911	9000	public	362175000	6
531911	9500	public	371341667	6
531911	10000	public	397558333	6
531911	10500	public	394350000	6
531911	11000	public	389858333	6
531911	11500	public	398566667	6
531911	12000	public	396183333	6
531911	12500	public	389216667	6
531911	13000	public	400583333	6
531911	13500	public	387475000	6
531911	14000	public	382341667	6
531911	14500	public	380600000	6
531911	15000	public	374366667	6
531911	15500	public	377575000	6
531911	16000	public	371616667	6
531911	16500	public	368958333	6
531911	17000	public	381058333	6
531911	17500	public	388850000	6
531911	18000	public	386925000	6
531911	18500	public	380233333	6
531911	19000	public	3.74e+08	6
531911	4000	private	271503571	6
531911	4500	private	283760714	6
531911	5000	private	298375000	6
531911	5500	private	310239286	6
531911	6000	private	323125000	6
531911	6500	private	337267857	6
531911	7000	private	342650000	6
531911	7500	private	354278571	6
531911	8000	private	355928571	6
531911	8500	private	356517857	6
531911	9000	private	358639286	6
531911	9500	private	366496429	6
531911	10000	private	370189286	6
531911	10500	private	370778571	6
531911	11000	private	368775000	6
531911	11500	private	364257143	6
531911	12000	private	362921429	6
531911	12500	private	363550000	6
531911	13000	private	365750000	6
531911	13500	private	361153571	6
531911	14000	private	364139286	6
531911	14500	private	357814286	6
531911	15000	private	361271429	6
531911	15500	private	357539286	6
531911	16000	private	354592857	6
531911	16500	private	353375000	6
531911	17000	private	350546429	6
531911	17500	private	344850000	6
531911	18000	private	338603571	6
531911	18500	private	331257143	6
531911	19000	private	328428571	6
542981	4000	public	261800000	6
542981	4500	public	2.86e+08	6
542981	5000	public	287283333	6
542981	5500	public	302775000	6
542981	6000	public	307266667	6
542981	6500	public	318450000	6
542981	7000	public	353558333	6
542981	7500	public	358508333	6
542981	8000	public	368866667	6
542981	8500	public	377116667	6
542981	9000	public	386100000	6
542981	9500	public	387475000	6
542981	10000	public	381883333	6
542981	10500	public	383441667	6
542981	11000	public	387841667	6
542981	11500	public	393616667	6
542981	12000	public	393433333	6
542981	12500	public	396366667	6
542981	13000	public	382341667	6
542981	13500	public	375100000	6
542981	14000	public	361441667	6
542981	14500	public	365841667	6
542981	15000	public	367858333	6
542981	15500	public	366208333	6
542981	16000	public	371800000	6
542981	16500	public	368775000	6
542981	17000	public	374275000	6
542981	17500	public	385091667	6
542981	18000	public	395633333	6
542981	18500	public	382983333	6
542981	19000	public	372900000	6
542981	4000	private	268085714	6
542981	4500	private	277357143	6
542981	5000	private	288592857	6
542981	5500	private	303167857	6
542981	6000	private	316171429	6
542981	6500	private	323164286	6
542981	7000	private	348189286	6
542981	7500	private	346853571	6
542981	8000	private	346342857	6
542981	8500	private	351450000	6
542981	9000	private	359385714	6
542981	9500	private	365867857	6
542981	10000	private	367478571	6
542981	10500	private	361310714	6
542981	11000	private	368067857	6
542981	11500	private	375807143	6
542981	12000	private	371957143	6
542981	12500	private	373057143	6
542981	13000	private	368853571	6
542981	13500	private	372742857	6
542981	14000	private	366810714	6
542981	14500	private	359425000	6
542981	15000	private	356203571	6
542981	15500	private	356125000	6
542981	16000	private	352942857	6
542981	16500	private	345596429	6
542981	17000	private	339310714	6
542981	17500	private	333889286	6
542981	18000	private	333300000	6
542981	18500	private	330078571	6
542981	19000	private	324185714	6
817111	4000	public	258775000	6
817111	4500	public	282791667	6
817111	5000	public	297183333	6
817111	5500	public	302591667	6
817111	6000	public	309925000	6
817111	6500	public	318266667	6
817111	7000	public	3.41e+08	6
817111	7500	public	359058333	6
817111	8000	public	367858333	6
817111	8500	public	376566667	6
817111	9000	public	386741667	6
817111	9500	public	395633333	6
817111	10000	public	404066667	6
817111	10500	public	401866667	6
817111	11000	public	396458333	6
817111	11500	public	394075000	6
817111	12000	public	395358333	6
817111	12500	public	3.85e+08	6
817111	13000	public	385183333	6
817111	13500	public	386283333	6
817111	14000	public	377575000	6
817111	14500	public	376566667	6
817111	15000	public	369691667	6
817111	15500	public	374733333	6
817111	16000	public	373083333	6
817111	16500	public	390683333	6
817111	17000	public	380508333	6
817111	17500	public	370425000	6
817111	18000	public	375925000	6
817111	18500	public	369233333	6
817111	19000	public	366575000	6
817111	4000	private	275667857	6
817111	4500	private	286589286	6
817111	5000	private	296921429	6
817111	5500	private	303246429	6
817111	6000	private	318175000	6
817111	6500	private	321671429	6
817111	7000	private	336285714	6
817111	7500	private	341903571	6
817111	8000	private	342060714	6
817111	8500	private	357971429	6
817111	9000	private	362253571	6
817111	9500	private	357657143	6
817111	10000	private	361114286	6
817111	10500	private	365985714	6
817111	11000	private	358089286	6
817111	11500	private	358325000	6
817111	12000	private	363275000	6
817111	12500	private	360642857	6
817111	13000	private	362921429	6
817111	13500	private	358521429	6
817111	14000	private	353610714	6
817111	14500	private	351685714	6
817111	15000	private	352275000	6
817111	15500	private	346185714	6
817111	16000	private	338250000	6
817111	16500	private	337778571	6
817111	17000	private	339782143	6
817111	17500	private	333889286	6
817111	18000	private	332317857	6
817111	18500	private	337542857	6
817111	19000	private	330039286	6
862307	4000	public	264916667	6
862307	4500	public	282516667	6
862307	5000	public	294433333	6
862307	5500	public	299200000	6
862307	6000	public	310016667	6
862307	6500	public	329175000	6
862307	7000	public	360066667	6
862307	7500	public	367675000	6
862307	8000	public	376016667	6
862307	8500	public	368775000	6
862307	9000	public	372900000	6
862307	9500	public	373541667	6
862307	10000	public	368133333	6
862307	10500	public	378491667	6
862307	11000	public	380050000	6
862307	11500	public	385458333	6
862307	12000	public	393800000	6
862307	12500	public	391600000	6
862307	13000	public	397375000	6
862307	13500	public	390408333	6
862307	14000	public	381150000	6
862307	14500	public	384358333	6
862307	15000	public	381058333	6
862307	15500	public	378491667	6
862307	16000	public	387108333	6
862307	16500	public	383075000	6
862307	17000	public	381241667	6
862307	17500	public	374825000	6
862307	18000	public	368775000	6
862307	18500	public	366391667	6
862307	19000	public	356308333	6
862307	4000	private	254178571	6
862307	4500	private	270992857	6
862307	5000	private	304385714	6
862307	5500	private	317271429	6
862307	6000	private	318135714	6
862307	6500	private	326425000	6
862307	7000	private	340685714	6
862307	7500	private	347639286	6
862307	8000	private	344850000	6
862307	8500	private	350310714	6
862307	9000	private	358757143	6
862307	9500	private	360839286	6
862307	10000	private	370228571	6
862307	10500	private	369717857	6
862307	11000	private	374550000	6
862307	11500	private	377732143	6
862307	12000	private	371800000	6
862307	12500	private	375100000	6
862307	13000	private	371839286	6
862307	13500	private	363039286	6
862307	14000	private	361507143	6
862307	14500	private	360917857	6
862307	15000	private	358403571	6
862307	15500	private	350860714	6
862307	16000	private	347953571	6
862307	16500	private	339467857	6
862307	17000	private	331610714	6
862307	17500	private	333575000	6
862307	18000	private	332239286	6
862307	18500	private	332475000	6
862307	19000	private	325010714	6
141871	4000	public	253825000	7
141871	4500	public	271608333	7
141871	5000	public	302408333	7
141871	5500	public	325325000	7
141871	6000	public	334033333	7
141871	6500	public	335866667	7
141871	7000	public	365200000	7
141871	7500	public	363366667	7
141871	8000	public	370516667	7
141871	8500	public	372166667	7
141871	9000	public	380600000	7
141871	9500	public	388758333	7
141871	10000	public	386833333	7
141871	10500	public	387383333	7
141871	11000	public	385091667	7
141871	11500	public	402508333	7
141871	12000	public	403058333	7
141871	12500	public	407183333	7
141871	13000	public	417541667	7
141871	13500	public	416808333	7
141871	14000	public	414975000	7
141871	14500	public	424508333	7
141871	15000	public	414241667	7
141871	15500	public	414516667	7
141871	16000	public	415708333	7
141871	16500	public	413141667	7
141871	17000	public	417633333	7
141871	17500	public	407550000	7
141871	18000	public	398108333	7
141871	18500	public	383258333	7
141871	19000	public	372808333	7
141871	4000	private	266789286	7
141871	4500	private	291382143	7
141871	5000	private	302539286	7
141871	5500	private	318646429	7
141871	6000	private	321985714	7
141871	6500	private	329842857	7
141871	7000	private	336914286	7
141871	7500	private	346342857	7
141871	8000	private	358207143	7
141871	8500	private	366142857	7
141871	9000	private	379028571	7
141871	9500	private	381032143	7
141871	10000	private	384214286	7
141871	10500	private	381621429	7
141871	11000	private	381817857	7
141871	11500	private	384567857	7
141871	12000	private	383546429	7
141871	12500	private	379421429	7
141871	13000	private	377339286	7
141871	13500	private	373725000	7
141871	14000	private	370582143	7
141871	14500	private	368853571	7
141871	15000	private	369325000	7
141871	15500	private	362135714	7
141871	16000	private	359267857	7
141871	16500	private	350153571	7
141871	17000	private	341157143	7
141871	17500	private	335264286	7
141871	18000	private	330667857	7
141871	18500	private	331532143	7
141871	19000	private	327367857	7
152267	4000	public	276008333	7
152267	4500	public	275641667	7
152267	5000	public	293700000	7
152267	5500	public	303233333	7
152267	6000	public	321750000	7
152267	6500	public	336050000	7
152267	7000	public	346041667	7
152267	7500	public	343841667	7
152267	8000	public	356125000	7
152267	8500	public	357316667	7
152267	9000	public	360983333	7
152267	9500	public	370975000	7
152267	10000	public	390775000	7
152267	10500	public	395083333	7
152267	11000	public	393066667	7
152267	11500	public	394533333	7
152267	12000	public	409658333	7
152267	12500	public	418458333	7
152267	13000	public	420016667	7
152267	13500	public	415433333	7
152267	14000	public	408191667	7
152267	14500	public	400400000	7
152267	15000	public	396091667	7
152267	15500	public	393341667	7
152267	16000	public	386283333	7
152267	16500	public	387200000	7
152267	17000	public	3.85e+08	7
152267	17500	public	382341667	7
152267	18000	public	373450000	7
152267	18500	public	366208333	7
152267	19000	public	373083333	7
152267	4000	private	269853571	7
152267	4500	private	299082143	7
152267	5000	private	310985714	7
152267	5500	private	320257143	7
152267	6000	private	331964286	7
152267	6500	private	339192857	7
152267	7000	private	356125000	7
152267	7500	private	360996429	7
152267	8000	private	369089286	7
152267	8500	private	375650000	7
152267	9000	private	371721429	7
152267	9500	private	382367857	7
152267	10000	private	380953571	7
152267	10500	private	381464286	7
152267	11000	private	381542857	7
152267	11500	private	381700000	7
152267	12000	private	382289286	7
152267	12500	private	380875000	7
152267	13000	private	374707143	7
152267	13500	private	374314286	7
152267	14000	private	368775000	7
152267	14500	private	366614286	7
152267	15000	private	359817857	7
152267	15500	private	353925000	7
152267	16000	private	346735714	7
152267	16500	private	347128571	7
152267	17000	private	344142857	7
152267	17500	private	338210714	7
152267	18000	private	339664286	7
152267	18500	private	341982143	7
152267	19000	private	338250000	7
166297	4000	public	261066667	7
166297	4500	public	278575000	7
166297	5000	public	299750000	7
166297	5500	public	314141667	7
166297	6000	public	318908333	7
166297	6500	public	328900000	7
166297	7000	public	333025000	7
166297	7500	public	344116667	7
166297	8000	public	355025000	7
166297	8500	public	357316667	7
166297	9000	public	362358333	7
166297	9500	public	381425000	7
166297	10000	public	393433333	7
166297	10500	public	395541667	7
166297	11000	public	400766667	7
166297	11500	public	406450000	7
166297	12000	public	413966667	7
166297	12500	public	426708333	7
166297	13000	public	412683333	7
166297	13500	public	423683333	7
166297	14000	public	413966667	7
166297	14500	public	418183333	7
166297	15000	public	410575000	7
166297	15500	public	410758333	7
166297	16000	public	400216667	7
166297	16500	public	398291667	7
166297	17000	public	397833333	7
166297	17500	public	391508333	7
166297	18000	public	393525000	7
166297	18500	public	383808333	7
166297	19000	public	373908333	7
166297	4000	private	271542857	7
166297	4500	private	289967857	7
166297	5000	private	303678571	7
166297	5500	private	318725000	7
166297	6000	private	333182143	7
166297	6500	private	337542857	7
166297	7000	private	339703571	7
166297	7500	private	346735714	7
166297	8000	private	356989286	7
166297	8500	private	364650000	7
166297	9000	private	374275000	7
166297	9500	private	373175000	7
166297	10000	private	371957143	7
166297	10500	private	365553571	7
166297	11000	private	365671429	7
166297	11500	private	365592857	7
166297	12000	private	369442857	7
166297	12500	private	374196429	7
166297	13000	private	373135714	7
166297	13500	private	375492857	7
166297	14000	private	364728571	7
166297	14500	private	363707143	7
166297	15000	private	367753571	7
166297	15500	private	370032143	7
166297	16000	private	364335714	7
166297	16500	private	359660714	7
166297	17000	private	351214286	7
166297	17500	private	349996429	7
166297	18000	private	346775000	7
166297	18500	private	336010714	7
166297	19000	private	333182143	7
188179	4000	public	262350000	7
188179	4500	public	267483333	7
188179	5000	public	283525000	7
188179	5500	public	288475000	7
188179	6000	public	319733333	7
188179	6500	public	335316667	7
188179	7000	public	328900000	7
188179	7500	public	333758333	7
188179	8000	public	359516667	7
188179	8500	public	367033333	7
188179	9000	public	373358333	7
188179	9500	public	385183333	7
188179	10000	public	385916667	7
188179	10500	public	383258333	7
188179	11000	public	406633333	7
188179	11500	public	400400000	7
188179	12000	public	401591667	7
188179	12500	public	402416667	7
188179	13000	public	397100000	7
188179	13500	public	401408333	7
188179	14000	public	403883333	7
188179	14500	public	407366667	7
188179	15000	public	403700000	7
188179	15500	public	390316667	7
188179	16000	public	387658333	7
188179	16500	public	389125000	7
188179	17000	public	392700000	7
188179	17500	public	389583333	7
188179	18000	public	385366667	7
188179	18500	public	378858333	7
188179	19000	public	377941667	7
188179	4000	private	266278571	7
188179	4500	private	290007143	7
188179	5000	private	307489286	7
188179	5500	private	317153571	7
188179	6000	private	340685714	7
188179	6500	private	342650000	7
188179	7000	private	354042857	7
188179	7500	private	354317857	7
188179	8000	private	364492857	7
188179	8500	private	371485714	7
188179	9000	private	371132143	7
188179	9500	private	374707143	7
188179	10000	private	368892857	7
188179	10500	private	377103571	7
188179	11000	private	385157143	7
188179	11500	private	388614286	7
188179	12000	private	381032143	7
188179	12500	private	376750000	7
188179	13000	private	376671429	7
188179	13500	private	377182143	7
188179	14000	private	370621429	7
188179	14500	private	365200000	7
188179	15000	private	365985714	7
188179	15500	private	358364286	7
188179	16000	private	357146429	7
188179	16500	private	357303571	7
188179	17000	private	354985714	7
188179	17500	private	346107143	7
188179	18000	private	345557143	7
188179	18500	private	347560714	7
188179	19000	private	337739286	7
405157	4000	public	253825000	7
405157	4500	public	268491667	7
405157	5000	public	278941667	7
405157	5500	public	302133333	7
405157	6000	public	312125000	7
405157	6500	public	320283333	7
405157	7000	public	339075000	7
405157	7500	public	355300000	7
405157	8000	public	359241667	7
405157	8500	public	363091667	7
405157	9000	public	361625000	7
405157	9500	public	380508333	7
405157	10000	public	386466667	7
405157	10500	public	395633333	7
405157	11000	public	401133333	7
405157	11500	public	398566667	7
405157	12000	public	388758333	7
405157	12500	public	396550000	7
405157	13000	public	406175000	7
405157	13500	public	415616667	7
405157	14000	public	416166667	7
405157	14500	public	406908333	7
405157	15000	public	400583333	7
405157	15500	public	406266667	7
405157	16000	public	407550000	7
405157	16500	public	404066667	7
405157	17000	public	393983333	7
405157	17500	public	385458333	7
405157	18000	public	374183333	7
405157	18500	public	367675000	7
405157	19000	public	372625000	7
405157	4000	private	271503571	7
405157	4500	private	281717857	7
405157	5000	private	296882143	7
405157	5500	private	317585714	7
405157	6000	private	326660714	7
405157	6500	private	341235714	7
405157	7000	private	357539286	7
405157	7500	private	360800000	7
405157	8000	private	363039286	7
405157	8500	private	357460714	7
405157	9000	private	366732143	7
405157	9500	private	373567857	7
405157	10000	private	378085714	7
405157	10500	private	376514286	7
405157	11000	private	382800000	7
405157	11500	private	386257143	7
405157	12000	private	388103571	7
405157	12500	private	390264286	7
405157	13000	private	382210714	7
405157	13500	private	378950000	7
405157	14000	private	377928571	7
405157	14500	private	370110714	7
405157	15000	private	365750000	7
405157	15500	private	364100000	7
405157	16000	private	356478571	7
405157	16500	private	352471429	7
405157	17000	private	351292857	7
405157	17500	private	349446429	7
405157	18000	private	342492857	7
405157	18500	private	338210714	7
405157	19000	private	338446429	7
491299	4000	public	267208333	7
491299	4500	public	280041667	7
491299	5000	public	291683333	7
491299	5500	public	314783333	7
491299	6000	public	326516667	7
491299	6500	public	334675000	7
491299	7000	public	349433333	7
491299	7500	public	348608333	7
491299	8000	public	352458333	7
491299	8500	public	361441667	7
491299	9000	public	369508333	7
491299	9500	public	370883333	7
491299	10000	public	390133333	7
491299	10500	public	399391667	7
491299	11000	public	399116667	7
491299	11500	public	402141667	7
491299	12000	public	410391667	7
491299	12500	public	412133333	7
491299	13000	public	410483333	7
491299	13500	public	428816667	7
491299	14000	public	429275000	7
491299	14500	public	417908333	7
491299	15000	public	418550000	7
491299	15500	public	412866667	7
491299	16000	public	404800000	7
491299	16500	public	395266667	7
491299	17000	public	3.96e+08	7
491299	17500	public	390041667	7
491299	18000	public	387108333	7
491299	18500	public	390683333	7
491299	19000	public	397925000	7
491299	4000	private	268910714	7
491299	4500	private	292482143	7
491299	5000	private	307135714	7
491299	5500	private	318450000	7
491299	6000	private	334635714	7
491299	6500	private	352353571	7
491299	7000	private	351528571	7
491299	7500	private	355810714	7
491299	8000	private	358089286	7
491299	8500	private	367596429	7
491299	9000	private	377496429	7
491299	9500	private	380835714	7
491299	10000	private	381228571	7
491299	10500	private	382760714	7
491299	11000	private	389950000	7
491299	11500	private	380010714	7
491299	12000	private	377260714	7
491299	12500	private	372585714	7
491299	13000	private	374078571	7
491299	13500	private	365435714	7
491299	14000	private	367596429	7
491299	14500	private	362253571	7
491299	15000	private	362764286	7
491299	15500	private	356557143	7
491299	16000	private	354514286	7
491299	16500	private	351528571	7
491299	17000	private	355142857	7
491299	17500	private	355339286	7
491299	18000	private	351096429	7
491299	18500	private	340921429	7
491299	19000	private	338603571	7
531911	4000	public	267025000	7
531911	4500	public	285816667	7
531911	5000	public	302225000	7
531911	5500	public	324866667	7
531911	6000	public	330458333	7
531911	6500	public	335775000	7
531911	7000	public	334125000	7
531911	7500	public	352641667	7
531911	8000	public	359608333	7
531911	8500	public	356400000	7
531911	9000	public	358325000	7
531911	9500	public	366575000	7
531911	10000	public	389125000	7
531911	10500	public	397283333	7
531911	11000	public	417633333	7
531911	11500	public	409016667	7
531911	12000	public	410575000	7
531911	12500	public	410300000	7
531911	13000	public	411766667	7
531911	13500	public	411308333	7
531911	14000	public	404525000	7
531911	14500	public	406908333	7
531911	15000	public	403883333	7
531911	15500	public	404066667	7
531911	16000	public	408650000	7
531911	16500	public	404250000	7
531911	17000	public	404891667	7
531911	17500	public	392791667	7
531911	18000	public	382800000	7
531911	18500	public	371800000	7
531911	19000	public	364558333	7
531911	4000	private	276846429	7
531911	4500	private	290007143	7
531911	5000	private	313617857	7
531911	5500	private	328271429	7
531911	6000	private	337660714	7
531911	6500	private	347167857	7
531911	7000	private	351803571	7
531911	7500	private	354082143	7
531911	8000	private	356596429	7
531911	8500	private	361900000	7
531911	9000	private	369717857	7
531911	9500	private	373253571	7
531911	10000	private	370660714	7
531911	10500	private	372664286	7
531911	11000	private	372585714	7
531911	11500	private	375492857	7
531911	12000	private	378753571	7
531911	12500	private	381228571	7
531911	13000	private	375100000	7
531911	13500	private	376082143	7
531911	14000	private	376632143	7
531911	14500	private	379539286	7
531911	15000	private	376907143	7
531911	15500	private	369757143	7
531911	16000	private	368578571	7
531911	16500	private	364964286	7
531911	17000	private	362332143	7
531911	17500	private	355732143	7
531911	18000	private	349800000	7
531911	18500	private	342728571	7
531911	19000	private	340332143	7
542981	4000	public	253183333	7
542981	4500	public	292966667	7
542981	5000	public	293791667	7
542981	5500	public	302866667	7
542981	6000	public	337516667	7
542981	6500	public	330550000	7
542981	7000	public	332016667	7
542981	7500	public	336875000	7
542981	8000	public	350533333	7
542981	8500	public	373358333	7
542981	9000	public	369233333	7
542981	9500	public	384633333	7
542981	10000	public	382341667	7
542981	10500	public	380508333	7
542981	11000	public	389033333	7
542981	11500	public	401316667	7
542981	12000	public	405350000	7
542981	12500	public	396366667	7
542981	13000	public	405350000	7
542981	13500	public	398200000	7
542981	14000	public	402691667	7
542981	14500	public	414241667	7
542981	15000	public	404158333	7
542981	15500	public	401591667	7
542981	16000	public	398383333	7
542981	16500	public	399025000	7
542981	17000	public	397650000	7
542981	17500	public	391325000	7
542981	18000	public	389033333	7
542981	18500	public	381241667	7
542981	19000	public	372075000	7
542981	4000	private	276492857	7
542981	4500	private	291657143	7
542981	5000	private	307803571	7
542981	5500	private	326700000	7
542981	6000	private	339350000	7
542981	6500	private	344692857	7
542981	7000	private	347992857	7
542981	7500	private	351410714	7
542981	8000	private	357342857	7
542981	8500	private	365632143	7
542981	9000	private	365042857	7
542981	9500	private	368657143	7
542981	10000	private	376710714	7
542981	10500	private	386139286	7
542981	11000	private	386414286	7
542981	11500	private	385078571	7
542981	12000	private	390421429	7
542981	12500	private	387200000	7
542981	13000	private	382564286	7
542981	13500	private	383271429	7
542981	14000	private	377417857	7
542981	14500	private	379539286	7
542981	15000	private	375217857	7
542981	15500	private	373960714	7
542981	16000	private	366692857	7
542981	16500	private	365632143	7
542981	17000	private	360721429	7
542981	17500	private	351646429	7
542981	18000	private	348700000	7
542981	18500	private	340253571	7
542981	19000	private	333967857	7
817111	4000	public	256116667	7
817111	4500	public	270050000	7
817111	5000	public	282883333	7
817111	5500	public	307541667	7
817111	6000	public	322850000	7
817111	6500	public	331466667	7
817111	7000	public	341366667	7
817111	7500	public	345491667	7
817111	8000	public	354658333	7
817111	8500	public	363183333	7
817111	9000	public	374183333	7
817111	9500	public	375925000	7
817111	10000	public	374825000	7
817111	10500	public	376200000	7
817111	11000	public	380141667	7
817111	11500	public	395175000	7
817111	12000	public	412225000	7
817111	12500	public	420016667	7
817111	13000	public	422033333	7
817111	13500	public	420658333	7
817111	14000	public	414333333	7
817111	14500	public	399300000	7
817111	15000	public	393708333	7
817111	15500	public	393341667	7
817111	16000	public	394166667	7
817111	16500	public	402875000	7
817111	17000	public	401041667	7
817111	17500	public	394075000	7
817111	18000	public	384725000	7
817111	18500	public	372533333	7
817111	19000	public	367216667	7
817111	4000	private	265807143	7
817111	4500	private	284192857	7
817111	5000	private	295192857	7
817111	5500	private	313696429	7
817111	6000	private	328350000	7
817111	6500	private	338014286	7
817111	7000	private	339271429	7
817111	7500	private	344575000	7
817111	8000	private	355575000	7
817111	8500	private	362135714	7
817111	9000	private	370778571	7
817111	9500	private	370817857	7
817111	10000	private	370503571	7
817111	10500	private	370700000	7
817111	11000	private	368225000	7
817111	11500	private	365710714	7
817111	12000	private	378046429	7
817111	12500	private	373921429	7
817111	13000	private	370700000	7
817111	13500	private	361075000	7
817111	14000	private	364571429	7
817111	14500	private	363942857	7
817111	15000	private	365553571	7
817111	15500	private	364925000	7
817111	16000	private	355928571	7
817111	16500	private	352982143	7
817111	17000	private	352982143	7
817111	17500	private	352039286	7
817111	18000	private	342689286	7
817111	18500	private	342414286	7
817111	19000	private	337621429	7
862307	4000	public	261158333	7
862307	4500	public	273258333	7
862307	5000	public	291041667	7
862307	5500	public	310200000	7
862307	6000	public	323400000	7
862307	6500	public	328625000	7
862307	7000	public	337700000	7
862307	7500	public	359791667	7
862307	8000	public	360616667	7
862307	8500	public	361258333	7
862307	9000	public	372441667	7
862307	9500	public	384633333	7
862307	10000	public	390225000	7
862307	10500	public	394625000	7
862307	11000	public	387383333	7
862307	11500	public	3.96e+08	7
862307	12000	public	401316667	7
862307	12500	public	402783333	7
862307	13000	public	411308333	7
862307	13500	public	409291667	7
862307	14000	public	403150000	7
862307	14500	public	399941667	7
862307	15000	public	397925000	7
862307	15500	public	388116667	7
862307	16000	public	396091667	7
862307	16500	public	383258333	7
862307	17000	public	381333333	7
862307	17500	public	381883333	7
862307	18000	public	374550000	7
862307	18500	public	376200000	7
862307	19000	public	369416667	7
862307	4000	private	260503571	7
862307	4500	private	278103571	7
862307	5000	private	299553571	7
862307	5500	private	314128571	7
862307	6000	private	328114286	7
862307	6500	private	343946429	7
862307	7000	private	342414286	7
862307	7500	private	344732143	7
862307	8000	private	353021429	7
862307	8500	private	359817857	7
862307	9000	private	363667857	7
862307	9500	private	365514286	7
862307	10000	private	371760714	7
862307	10500	private	373803571	7
862307	11000	private	376121429	7
862307	11500	private	379500000	7
862307	12000	private	382721429	7
862307	12500	private	381307143	7
862307	13000	private	373725000	7
862307	13500	private	369089286	7
862307	14000	private	363078571	7
862307	14500	private	358953571	7
862307	15000	private	365317857	7
862307	15500	private	359307143	7
862307	16000	private	358246429	7
862307	16500	private	351960714	7
862307	17000	private	345714286	7
862307	17500	private	339978571	7
862307	18000	private	334478571	7
862307	18500	private	326700000	7
862307	19000	private	325678571	7
141871	4000	public	245483333	8
141871	4500	public	270141667	8
141871	5000	public	282883333	8
141871	5500	public	302316667	8
141871	6000	public	308091667	8
141871	6500	public	319275000	8
141871	7000	public	312491667	8
141871	7500	public	313866667	8
141871	8000	public	341275000	8
141871	8500	public	348975000	8
141871	9000	public	354291667	8
141871	9500	public	354383333	8
141871	10000	public	3.63e+08	8
141871	10500	public	354566667	8
141871	11000	public	363550000	8
141871	11500	public	379958333	8
141871	12000	public	388575000	8
141871	12500	public	399850000	8
141871	13000	public	390316667	8
141871	13500	public	405258333	8
141871	14000	public	405350000	8
141871	14500	public	407183333	8
141871	15000	public	400583333	8
141871	15500	public	393616667	8
141871	16000	public	398016667	8
141871	16500	public	400216667	8
141871	17000	public	395266667	8
141871	17500	public	381608333	8
141871	18000	public	383258333	8
141871	18500	public	370241667	8
141871	19000	public	355758333	8
141871	4000	private	268792857	8
141871	4500	private	288867857	8
141871	5000	private	299907143	8
141871	5500	private	306507143	8
141871	6000	private	331532143	8
141871	6500	private	340096429	8
141871	7000	private	350075000	8
141871	7500	private	353414286	8
141871	8000	private	361310714	8
141871	8500	private	361939286	8
141871	9000	private	368303571	8
141871	9500	private	372192857	8
141871	10000	private	367714286	8
141871	10500	private	365828571	8
141871	11000	private	364335714	8
141871	11500	private	364375000	8
141871	12000	private	378753571	8
141871	12500	private	376278571	8
141871	13000	private	376435714	8
141871	13500	private	370817857	8
141871	14000	private	377850000	8
141871	14500	private	377850000	8
141871	15000	private	373607143	8
141871	15500	private	375807143	8
141871	16000	private	368421429	8
141871	16500	private	358835714	8
141871	17000	private	353885714	8
141871	17500	private	351096429	8
141871	18000	private	344889286	8
141871	18500	private	337110714	8
141871	19000	private	336246429	8
152267	4000	public	242458333	8
152267	4500	public	267483333	8
152267	5000	public	279491667	8
152267	5500	public	286916667	8
152267	6000	public	307266667	8
152267	6500	public	320833333	8
152267	7000	public	317991667	8
152267	7500	public	329266667	8
152267	8000	public	341458333	8
152267	8500	public	348791667	8
152267	9000	public	360891667	8
152267	9500	public	351358333	8
152267	10000	public	358691667	8
152267	10500	public	364100000	8
152267	11000	public	373541667	8
152267	11500	public	394625000	8
152267	12000	public	399116667	8
152267	12500	public	406725000	8
152267	13000	public	410575000	8
152267	13500	public	412225000	8
152267	14000	public	413050000	8
152267	14500	public	409383333	8
152267	15000	public	403975000	8
152267	15500	public	415800000	8
152267	16000	public	404066667	8
152267	16500	public	402141667	8
152267	17000	public	392791667	8
152267	17500	public	385366667	8
152267	18000	public	383991667	8
152267	18500	public	373358333	8
152267	19000	public	363550000	8
152267	4000	private	270089286	8
152267	4500	private	283721429	8
152267	5000	private	295075000	8
152267	5500	private	308392857	8
152267	6000	private	320885714	8
152267	6500	private	334714286	8
152267	7000	private	344575000	8
152267	7500	private	354671429	8
152267	8000	private	362803571	8
152267	8500	private	366732143	8
152267	9000	private	374903571	8
152267	9500	private	371917857	8
152267	10000	private	367989286	8
152267	10500	private	372742857	8
152267	11000	private	372625000	8
152267	11500	private	378517857	8
152267	12000	private	374235714	8
152267	12500	private	376475000	8
152267	13000	private	381896429	8
152267	13500	private	383546429	8
152267	14000	private	382407143	8
152267	14500	private	375335714	8
152267	15000	private	370582143	8
152267	15500	private	366300000	8
152267	16000	private	361114286	8
152267	16500	private	356439286	8
152267	17000	private	347089286	8
152267	17500	private	349485714	8
152267	18000	private	341432143	8
152267	18500	private	335775000	8
152267	19000	private	334478571	8
166297	4000	public	240716667	8
166297	4500	public	262991667	8
166297	5000	public	290033333	8
166297	5500	public	302041667	8
166297	6000	public	305800000	8
166297	6500	public	315333333	8
166297	7000	public	307175000	8
166297	7500	public	312216667	8
166297	8000	public	324683333	8
166297	8500	public	339900000	8
166297	9000	public	351266667	8
166297	9500	public	359150000	8
166297	10000	public	374458333	8
166297	10500	public	369050000	8
166297	11000	public	370608333	8
166297	11500	public	372991667	8
166297	12000	public	388025000	8
166297	12500	public	391050000	8
166297	13000	public	404066667	8
166297	13500	public	397833333	8
166297	14000	public	394716667	8
166297	14500	public	398933333	8
166297	15000	public	397833333	8
166297	15500	public	410300000	8
166297	16000	public	399941667	8
166297	16500	public	396550000	8
166297	17000	public	393066667	8
166297	17500	public	385733333	8
166297	18000	public	384908333	8
166297	18500	public	376108333	8
166297	19000	public	367125000	8
166297	4000	private	266121429	8
166297	4500	private	280932143	8
166297	5000	private	299985714	8
166297	5500	private	316053571	8
166297	6000	private	323085714	8
166297	6500	private	346500000	8
166297	7000	private	352353571	8
166297	7500	private	368264286	8
166297	8000	private	365278571	8
166297	8500	private	361114286	8
166297	9000	private	368028571	8
166297	9500	private	371721429	8
166297	10000	private	367517857	8
166297	10500	private	372192857	8
166297	11000	private	377025000	8
166297	11500	private	375217857	8
166297	12000	private	372703571	8
166297	12500	private	373764286	8
166297	13000	private	372114286	8
166297	13500	private	370857143	8
166297	14000	private	365121429	8
166297	14500	private	362528571	8
166297	15000	private	363785714	8
166297	15500	private	362371429	8
166297	16000	private	362882143	8
166297	16500	private	361978571	8
166297	17000	private	356400000	8
166297	17500	private	352471429	8
166297	18000	private	347325000	8
166297	18500	private	345596429	8
166297	19000	private	339232143	8
188179	4000	public	245208333	8
188179	4500	public	255933333	8
188179	5000	public	268125000	8
188179	5500	public	300666667	8
188179	6000	public	306350000	8
188179	6500	public	322850000	8
188179	7000	public	321383333	8
188179	7500	public	318358333	8
188179	8000	public	326608333	8
188179	8500	public	346316667	8
188179	9000	public	357866667	8
188179	9500	public	371066667	8
188179	10000	public	372991667	8
188179	10500	public	373908333	8
188179	11000	public	378766667	8
188179	11500	public	401316667	8
188179	12000	public	399300000	8
188179	12500	public	405533333	8
188179	13000	public	4.07e+08	8
188179	13500	public	393708333	8
188179	14000	public	402783333	8
188179	14500	public	397100000	8
188179	15000	public	394900000	8
188179	15500	public	395633333	8
188179	16000	public	399575000	8
188179	16500	public	406083333	8
188179	17000	public	395633333	8
188179	17500	public	399758333	8
188179	18000	public	396091667	8
188179	18500	public	384266667	8
188179	19000	public	377391667	8
188179	4000	private	261053571	8
188179	4500	private	290242857	8
188179	5000	private	296803571	8
188179	5500	private	310357143	8
188179	6000	private	330707143	8
188179	6500	private	340135714	8
188179	7000	private	357264286	8
188179	7500	private	357775000	8
188179	8000	private	358167857	8
188179	8500	private	366221429	8
188179	9000	private	369914286	8
188179	9500	private	371328571	8
188179	10000	private	368146429	8
188179	10500	private	377967857	8
188179	11000	private	371957143	8
188179	11500	private	364650000	8
188179	12000	private	375728571	8
188179	12500	private	373842857	8
188179	13000	private	377142857	8
188179	13500	private	371053571	8
188179	14000	private	369521429	8
188179	14500	private	375885714	8
188179	15000	private	374471429	8
188179	15500	private	371800000	8
188179	16000	private	370896429	8
188179	16500	private	365750000	8
188179	17000	private	358442857	8
188179	17500	private	349603571	8
188179	18000	private	345675000	8
188179	18500	private	340528571	8
188179	19000	private	337975000	8
405157	4000	public	241816667	8
405157	4500	public	267666667	8
405157	5000	public	278208333	8
405157	5500	public	297458333	8
405157	6000	public	316891667	8
405157	6500	public	324225000	8
405157	7000	public	322666667	8
405157	7500	public	324225000	8
405157	8000	public	325233333	8
405157	8500	public	342558333	8
405157	9000	public	357683333	8
405157	9500	public	369875000	8
405157	10000	public	369966667	8
405157	10500	public	379316667	8
405157	11000	public	381241667	8
405157	11500	public	395083333	8
405157	12000	public	398658333	8
405157	12500	public	399850000	8
405157	13000	public	400766667	8
405157	13500	public	404341667	8
405157	14000	public	405716667	8
405157	14500	public	403516667	8
405157	15000	public	403975000	8
405157	15500	public	400950000	8
405157	16000	public	398841667	8
405157	16500	public	393341667	8
405157	17000	public	393066667	8
405157	17500	public	387291667	8
405157	18000	public	3.85e+08	8
405157	18500	public	378491667	8
405157	19000	public	371708333	8
405157	4000	private	267221429	8
405157	4500	private	283642857	8
405157	5000	private	305053571	8
405157	5500	private	321160714	8
405157	6000	private	330903571	8
405157	6500	private	342689286	8
405157	7000	private	350428571	8
405157	7500	private	355260714	8
405157	8000	private	355614286	8
405157	8500	private	363117857	8
405157	9000	private	368421429	8
405157	9500	private	365553571	8
405157	10000	private	369442857	8
405157	10500	private	372507143	8
405157	11000	private	378753571	8
405157	11500	private	378321429	8
405157	12000	private	380717857	8
405157	12500	private	379421429	8
405157	13000	private	371957143	8
405157	13500	private	364925000	8
405157	14000	private	366692857	8
405157	14500	private	368421429	8
405157	15000	private	364296429	8
405157	15500	private	363235714	8
405157	16000	private	361782143	8
405157	16500	private	358639286	8
405157	17000	private	351685714	8
405157	17500	private	347089286	8
405157	18000	private	342571429	8
405157	18500	private	338289286	8
405157	19000	private	343553571	8
491299	4000	public	252450000	8
491299	4500	public	262350000	8
491299	5000	public	278208333	8
491299	5500	public	301216667	8
491299	6000	public	318175000	8
491299	6500	public	315975000	8
491299	7000	public	320650000	8
491299	7500	public	318358333	8
491299	8000	public	344666667	8
491299	8500	public	349616667	8
491299	9000	public	364558333	8
491299	9500	public	369508333	8
491299	10000	public	367858333	8
491299	10500	public	369691667	8
491299	11000	public	388575000	8
491299	11500	public	388941667	8
491299	12000	public	387475000	8
491299	12500	public	399483333	8
491299	13000	public	404341667	8
491299	13500	public	400950000	8
491299	14000	public	405350000	8
491299	14500	public	398750000	8
491299	15000	public	400400000	8
491299	15500	public	396641667	8
491299	16000	public	394166667	8
491299	16500	public	398383333	8
491299	17000	public	403516667	8
491299	17500	public	397558333	8
491299	18000	public	386558333	8
491299	18500	public	384083333	8
491299	19000	public	378125000	8
491299	4000	private	265807143	8
491299	4500	private	285921429	8
491299	5000	private	295625000	8
491299	5500	private	308550000	8
491299	6000	private	327210714	8
491299	6500	private	328939286	8
491299	7000	private	343435714	8
491299	7500	private	354632143	8
491299	8000	private	361428571	8
491299	8500	private	360092857	8
491299	9000	private	357617857	8
491299	9500	private	370425000	8
491299	10000	private	371917857	8
491299	10500	private	368775000	8
491299	11000	private	372467857	8
491299	11500	private	379382143	8
491299	12000	private	379225000	8
491299	12500	private	378007143	8
491299	13000	private	373567857	8
491299	13500	private	371092857	8
491299	14000	private	380992857	8
491299	14500	private	375178571	8
491299	15000	private	372114286	8
491299	15500	private	365082143	8
491299	16000	private	359071429	8
491299	16500	private	356478571	8
491299	17000	private	351921429	8
491299	17500	private	345832143	8
491299	18000	private	343475000	8
491299	18500	private	346892857	8
491299	19000	private	336089286	8
531911	4000	public	238333333	8
531911	4500	public	259416667	8
531911	5000	public	275091667	8
531911	5500	public	305983333	8
531911	6000	public	307541667	8
531911	6500	public	322666667	8
531911	7000	public	327983333	8
531911	7500	public	336050000	8
531911	8000	public	336875000	8
531911	8500	public	342833333	8
531911	9000	public	358050000	8
531911	9500	public	363825000	8
531911	10000	public	374550000	8
531911	10500	public	376383333	8
531911	11000	public	376383333	8
531911	11500	public	392241667	8
531911	12000	public	391325000	8
531911	12500	public	390591667	8
531911	13000	public	401041667	8
531911	13500	public	403058333	8
531911	14000	public	408650000	8
531911	14500	public	409841667	8
531911	15000	public	408466667	8
531911	15500	public	399850000	8
531911	16000	public	396825000	8
531911	16500	public	393158333	8
531911	17000	public	395266667	8
531911	17500	public	396550000	8
531911	18000	public	389308333	8
531911	18500	public	385091667	8
531911	19000	public	379958333	8
531911	4000	private	271857143	8
531911	4500	private	285607143	8
531911	5000	private	298532143	8
531911	5500	private	314364286	8
531911	6000	private	334910714	8
531911	6500	private	338642857	8
531911	7000	private	341864286	8
531911	7500	private	356478571	8
531911	8000	private	363196429	8
531911	8500	private	364571429	8
531911	9000	private	365121429	8
531911	9500	private	363432143	8
531911	10000	private	370621429	8
531911	10500	private	373764286	8
531911	11000	private	366692857	8
531911	11500	private	371682143	8
531911	12000	private	372860714	8
531911	12500	private	373960714	8
531911	13000	private	371839286	8
531911	13500	private	370189286	8
531911	14000	private	368578571	8
531911	14500	private	370425000	8
531911	15000	private	373371429	8
531911	15500	private	363707143	8
531911	16000	private	361075000	8
531911	16500	private	357146429	8
531911	17000	private	350742857	8
531911	17500	private	347835714	8
531911	18000	private	337582143	8
531911	18500	private	333889286	8
531911	19000	private	330589286	8
542981	4000	public	244291667	8
542981	4500	public	271333333	8
542981	5000	public	290033333	8
542981	5500	public	308091667	8
542981	6000	public	309191667	8
542981	6500	public	314875000	8
542981	7000	public	320650000	8
542981	7500	public	323125000	8
542981	8000	public	320375000	8
542981	8500	public	342650000	8
542981	9000	public	344300000	8
542981	9500	public	356675000	8
542981	10000	public	365200000	8
542981	10500	public	377941667	8
542981	11000	public	393250000	8
542981	11500	public	401041667	8
542981	12000	public	393800000	8
542981	12500	public	402233333	8
542981	13000	public	407550000	8
542981	13500	public	403791667	8
542981	14000	public	397741667	8
542981	14500	public	401683333	8
542981	15000	public	409933333	8
542981	15500	public	408741667	8
542981	16000	public	398750000	8
542981	16500	public	400766667	8
542981	17000	public	397558333	8
542981	17500	public	390041667	8
542981	18000	public	382983333	8
542981	18500	public	375191667	8
542981	19000	public	373358333	8
542981	4000	private	266160714	8
542981	4500	private	286785714	8
542981	5000	private	296842857	8
542981	5500	private	313460714	8
542981	6000	private	327917857	8
542981	6500	private	340410714	8
542981	7000	private	352864286	8
542981	7500	private	351017857	8
542981	8000	private	352982143	8
542981	8500	private	361507143	8
542981	9000	private	366300000	8
542981	9500	private	369639286	8
542981	10000	private	371485714	8
542981	10500	private	379382143	8
542981	11000	private	379892857	8
542981	11500	private	377339286	8
542981	12000	private	373371429	8
542981	12500	private	375257143	8
542981	13000	private	378478571	8
542981	13500	private	377732143	8
542981	14000	private	379539286	8
542981	14500	private	372350000	8
542981	15000	private	375885714	8
542981	15500	private	367753571	8
542981	16000	private	368107143	8
542981	16500	private	361742857	8
542981	17000	private	357617857	8
542981	17500	private	360053571	8
542981	18000	private	354435714	8
542981	18500	private	350703571	8
542981	19000	private	342846429	8
817111	4000	public	249791667	8
817111	4500	public	267025000	8
817111	5000	public	280133333	8
817111	5500	public	308366667	8
817111	6000	public	306900000	8
817111	6500	public	308458333	8
817111	7000	public	317350000	8
817111	7500	public	324866667	8
817111	8000	public	322758333	8
817111	8500	public	334583333	8
817111	9000	public	349983333	8
817111	9500	public	359883333	8
817111	10000	public	364925000	8
817111	10500	public	358691667	8
817111	11000	public	385183333	8
817111	11500	public	387016667	8
817111	12000	public	387750000	8
817111	12500	public	391691667	8
817111	13000	public	400308333	8
817111	13500	public	399758333	8
817111	14000	public	397283333	8
817111	14500	public	399025000	8
817111	15000	public	400583333	8
817111	15500	public	400858333	8
817111	16000	public	398383333	8
817111	16500	public	398475000	8
817111	17000	public	395450000	8
817111	17500	public	397833333	8
817111	18000	public	394991667	8
817111	18500	public	388483333	8
817111	19000	public	379225000	8
817111	4000	private	268517857	8
817111	4500	private	282346429	8
817111	5000	private	302657143	8
817111	5500	private	308628571	8
817111	6000	private	322614286	8
817111	6500	private	344732143	8
817111	7000	private	355850000	8
817111	7500	private	353414286	8
817111	8000	private	356675000	8
817111	8500	private	358678571	8
817111	9000	private	362292857	8
817111	9500	private	368264286	8
817111	10000	private	373175000	8
817111	10500	private	381346429	8
817111	11000	private	378635714	8
817111	11500	private	381778571	8
817111	12000	private	379107143	8
817111	12500	private	375060714	8
817111	13000	private	376867857	8
817111	13500	private	377889286	8
817111	14000	private	381307143	8
817111	14500	private	373489286	8
817111	15000	private	368892857	8
817111	15500	private	363275000	8
817111	16000	private	358835714	8
817111	16500	private	359582143	8
817111	17000	private	361664286	8
817111	17500	private	350428571	8
817111	18000	private	344575000	8
817111	18500	private	337150000	8
817111	19000	private	337189286	8
862307	4000	public	256483333	8
862307	4500	public	260058333	8
862307	5000	public	279308333	8
862307	5500	public	296083333	8
862307	6000	public	320191667	8
862307	6500	public	316066667	8
862307	7000	public	321841667	8
862307	7500	public	325875000	8
862307	8000	public	341733333	8
862307	8500	public	338800000	8
862307	9000	public	342925000	8
862307	9500	public	345216667	8
862307	10000	public	360525000	8
862307	10500	public	369875000	8
862307	11000	public	363458333	8
862307	11500	public	382708333	8
862307	12000	public	390500000	8
862307	12500	public	390225000	8
862307	13000	public	398383333	8
862307	13500	public	391875000	8
862307	14000	public	399116667	8
862307	14500	public	404708333	8
862307	15000	public	393983333	8
862307	15500	public	395358333	8
862307	16000	public	397008333	8
862307	16500	public	390866667	8
862307	17000	public	380508333	8
862307	17500	public	379133333	8
862307	18000	public	375008333	8
862307	18500	public	377116667	8
862307	19000	public	375283333	8
862307	4000	private	264078571	8
862307	4500	private	280617857	8
862307	5000	private	295153571	8
862307	5500	private	310750000	8
862307	6000	private	331060714	8
862307	6500	private	330471429	8
862307	7000	private	349210714	8
862307	7500	private	359267857	8
862307	8000	private	362685714	8
862307	8500	private	363157143	8
862307	9000	private	360603571	8
862307	9500	private	369835714	8
862307	10000	private	370346429	8
862307	10500	private	373410714	8
862307	11000	private	370660714	8
862307	11500	private	374196429	8
862307	12000	private	374785714	8
862307	12500	private	374117857	8
862307	13000	private	376121429	8
862307	13500	private	374982143	8
862307	14000	private	369521429	8
862307	14500	private	367910714	8
862307	15000	private	368578571	8
862307	15500	private	368775000	8
862307	16000	private	360996429	8
862307	16500	private	359700000	8
862307	17000	private	355496429	8
862307	17500	private	353728571	8
862307	18000	private	349996429	8
862307	18500	private	340450000	8
862307	19000	private	335735714	8
141871	4000	public	267941667	9
141871	4500	public	272158333	9
141871	5000	public	310841667	9
141871	5500	public	315333333	9
141871	6000	public	328075000	9
141871	6500	public	332475000	9
141871	7000	public	332841667	9
141871	7500	public	352183333	9
141871	8000	public	360708333	9
141871	8500	public	365108333	9
141871	9000	public	365383333	9
141871	9500	public	373908333	9
141871	10000	public	364375000	9
141871	10500	public	371525000	9
141871	11000	public	383075000	9
141871	11500	public	380783333	9
141871	12000	public	394258333	9
141871	12500	public	394533333	9
141871	13000	public	406541667	9
141871	13500	public	396733333	9
141871	14000	public	400675000	9
141871	14500	public	392791667	9
141871	15000	public	387200000	9
141871	15500	public	388391667	9
141871	16000	public	387016667	9
141871	16500	public	380600000	9
141871	17000	public	388758333	9
141871	17500	public	380141667	9
141871	18000	public	380600000	9
141871	18500	public	388391667	9
141871	19000	public	386650000	9
141871	4000	private	267025000	9
141871	4500	private	289575000	9
141871	5000	private	297353571	9
141871	5500	private	316642857	9
141871	6000	private	326110714	9
141871	6500	private	337582143	9
141871	7000	private	339782143	9
141871	7500	private	351135714	9
141871	8000	private	354553571	9
141871	8500	private	359739286	9
141871	9000	private	357264286	9
141871	9500	private	357539286	9
141871	10000	private	362410714	9
141871	10500	private	353846429	9
141871	11000	private	366967857	9
141871	11500	private	367164286	9
141871	12000	private	370032143	9
141871	12500	private	365985714	9
141871	13000	private	367910714	9
141871	13500	private	369757143	9
141871	14000	private	373567857	9
141871	14500	private	368303571	9
141871	15000	private	369914286	9
141871	15500	private	373332143	9
141871	16000	private	363707143	9
141871	16500	private	354671429	9
141871	17000	private	344103571	9
141871	17500	private	345439286	9
141871	18000	private	338171429	9
141871	18500	private	332475000	9
141871	19000	private	330864286	9
152267	4000	public	264183333	9
152267	4500	public	283433333	9
152267	5000	public	285450000	9
152267	5500	public	312216667	9
152267	6000	public	333208333	9
152267	6500	public	342925000	9
152267	7000	public	352458333	9
152267	7500	public	357408333	9
152267	8000	public	365841667	9
152267	8500	public	363550000	9
152267	9000	public	379316667	9
152267	9500	public	387200000	9
152267	10000	public	381241667	9
152267	10500	public	377575000	9
152267	11000	public	377850000	9
152267	11500	public	372258333	9
152267	12000	public	391691667	9
152267	12500	public	401041667	9
152267	13000	public	389491667	9
152267	13500	public	394900000	9
152267	14000	public	385366667	9
152267	14500	public	384266667	9
152267	15000	public	377025000	9
152267	15500	public	366758333	9
152267	16000	public	375466667	9
152267	16500	public	371800000	9
152267	17000	public	373266667	9
152267	17500	public	378766667	9
152267	18000	public	372441667	9
152267	18500	public	364191667	9
152267	19000	public	358508333	9
152267	4000	private	271778571	9
152267	4500	private	276885714	9
152267	5000	private	297235714	9
152267	5500	private	311692857	9
152267	6000	private	323910714	9
152267	6500	private	337817857	9
152267	7000	private	345517857	9
152267	7500	private	348896429	9
152267	8000	private	346067857	9
152267	8500	private	355692857	9
152267	9000	private	367007143	9
152267	9500	private	365985714	9
152267	10000	private	367753571	9
152267	10500	private	363825000	9
152267	11000	private	369207143	9
152267	11500	private	370817857	9
152267	12000	private	371132143	9
152267	12500	private	375767857	9
152267	13000	private	375217857	9
152267	13500	private	370542857	9
152267	14000	private	372271429	9
152267	14500	private	371957143	9
152267	15000	private	369560714	9
152267	15500	private	362175000	9
152267	16000	private	360800000	9
152267	16500	private	358442857	9
152267	17000	private	353885714	9
152267	17500	private	344457143	9
152267	18000	private	343239286	9
152267	18500	private	338132143	9
152267	19000	private	330353571	9
166297	4000	public	256300000	9
166297	4500	public	269408333	9
166297	5000	public	283983333	9
166297	5500	public	311666667	9
166297	6000	public	325600000	9
166297	6500	public	327983333	9
166297	7000	public	351083333	9
166297	7500	public	363366667	9
166297	8000	public	368225000	9
166297	8500	public	360616667	9
166297	9000	public	373083333	9
166297	9500	public	370791667	9
166297	10000	public	374825000	9
166297	10500	public	383258333	9
166297	11000	public	380508333	9
166297	11500	public	395541667	9
166297	12000	public	399391667	9
166297	12500	public	392975000	9
166297	13000	public	392058333	9
166297	13500	public	401225000	9
166297	14000	public	411675000	9
166297	14500	public	408925000	9
166297	15000	public	400216667	9
166297	15500	public	404433333	9
166297	16000	public	398566667	9
166297	16500	public	392975000	9
166297	17000	public	386558333	9
166297	17500	public	379775000	9
166297	18000	public	369050000	9
166297	18500	public	362541667	9
166297	19000	public	362816667	9
166297	4000	private	261014286	9
166297	4500	private	284467857	9
166297	5000	private	296292857	9
166297	5500	private	311928571	9
166297	6000	private	324028571	9
166297	6500	private	334792857	9
166297	7000	private	346107143	9
166297	7500	private	349485714	9
166297	8000	private	360760714	9
166297	8500	private	360092857	9
166297	9000	private	360250000	9
166297	9500	private	358875000	9
166297	10000	private	359503571	9
166297	10500	private	369246429	9
166297	11000	private	364925000	9
166297	11500	private	368696429	9
166297	12000	private	363117857	9
166297	12500	private	369796429	9
166297	13000	private	374117857	9
166297	13500	private	370975000	9
166297	14000	private	362567857	9
166297	14500	private	356675000	9
166297	15000	private	359621429	9
166297	15500	private	360171429	9
166297	16000	private	358757143	9
166297	16500	private	354082143	9
166297	17000	private	351332143	9
166297	17500	private	351882143	9
166297	18000	private	346264286	9
166297	18500	private	348267857	9
166297	19000	private	342650000	9
188179	4000	public	267575000	9
188179	4500	public	275916667	9
188179	5000	public	300116667	9
188179	5500	public	315975000	9
188179	6000	public	320375000	9
188179	6500	public	331558333	9
188179	7000	public	339808333	9
188179	7500	public	355575000	9
188179	8000	public	349066667	9
188179	8500	public	356858333	9
188179	9000	public	360066667	9
188179	9500	public	371616667	9
188179	10000	public	362908333	9
188179	10500	public	373175000	9
188179	11000	public	366941667	9
188179	11500	public	375650000	9
188179	12000	public	375375000	9
188179	12500	public	369600000	9
188179	13000	public	374183333	9
188179	13500	public	386283333	9
188179	14000	public	390133333	9
188179	14500	public	396275000	9
188179	15000	public	392975000	9
188179	15500	public	385825000	9
188179	16000	public	379408333	9
188179	16500	public	383900000	9
188179	17000	public	386833333	9
188179	17500	public	388850000	9
188179	18000	public	389400000	9
188179	18500	public	381975000	9
188179	19000	public	378400000	9
188179	4000	private	259325000	9
188179	4500	private	281678571	9
188179	5000	private	294092857	9
188179	5500	private	306939286	9
188179	6000	private	323125000	9
188179	6500	private	337975000	9
188179	7000	private	350939286	9
188179	7500	private	360682143	9
188179	8000	private	367400000	9
188179	8500	private	366417857	9
188179	9000	private	365828571	9
188179	9500	private	363235714	9
188179	10000	private	366182143	9
188179	10500	private	367282143	9
188179	11000	private	372310714	9
188179	11500	private	369364286	9
188179	12000	private	365553571	9
188179	12500	private	360957143	9
188179	13000	private	377064286	9
188179	13500	private	371092857	9
188179	14000	private	368657143	9
188179	14500	private	373096429	9
188179	15000	private	367439286	9
188179	15500	private	368146429	9
188179	16000	private	363825000	9
188179	16500	private	359542857	9
188179	17000	private	352785714	9
188179	17500	private	349564286	9
188179	18000	private	345400000	9
188179	18500	private	339939286	9
188179	19000	private	332828571	9
405157	4000	public	266658333	9
405157	4500	public	271883333	9
405157	5000	public	295533333	9
405157	5500	public	315883333	9
405157	6000	public	319550000	9
405157	6500	public	334400000	9
405157	7000	public	341275000	9
405157	7500	public	345033333	9
405157	8000	public	345216667	9
405157	8500	public	363275000	9
405157	9000	public	367766667	9
405157	9500	public	366300000	9
405157	10000	public	377575000	9
405157	10500	public	375191667	9
405157	11000	public	380600000	9
405157	11500	public	371891667	9
405157	12000	public	378216667	9
405157	12500	public	384541667	9
405157	13000	public	385091667	9
405157	13500	public	393708333	9
405157	14000	public	392425000	9
405157	14500	public	385825000	9
405157	15000	public	389491667	9
405157	15500	public	389858333	9
405157	16000	public	377116667	9
405157	16500	public	380875000	9
405157	17000	public	378766667	9
405157	17500	public	378950000	9
405157	18000	public	367766667	9
405157	18500	public	368041667	9
405157	19000	public	362175000	9
405157	4000	private	261289286	9
405157	4500	private	278692857	9
405157	5000	private	289771429	9
405157	5500	private	317978571	9
405157	6000	private	331335714	9
405157	6500	private	339900000	9
405157	7000	private	342453571	9
405157	7500	private	351057143	9
405157	8000	private	350192857	9
405157	8500	private	351096429	9
405157	9000	private	362528571	9
405157	9500	private	365514286	9
405157	10000	private	369325000	9
405157	10500	private	363275000	9
405157	11000	private	361742857	9
405157	11500	private	359975000	9
405157	12000	private	362764286	9
405157	12500	private	376553571	9
405157	13000	private	377103571	9
405157	13500	private	372625000	9
405157	14000	private	372389286	9
405157	14500	private	366575000	9
405157	15000	private	359503571	9
405157	15500	private	356989286	9
405157	16000	private	356950000	9
405157	16500	private	351410714	9
405157	17000	private	343671429	9
405157	17500	private	345950000	9
405157	18000	private	340528571	9
405157	18500	private	333339286	9
405157	19000	private	324067857	9
491299	4000	public	271700000	9
491299	4500	public	284258333	9
491299	5000	public	292966667	9
491299	5500	public	310108333	9
491299	6000	public	318541667	9
491299	6500	public	334675000	9
491299	7000	public	332291667	9
491299	7500	public	340725000	9
491299	8000	public	364558333	9
491299	8500	public	358325000	9
491299	9000	public	365841667	9
491299	9500	public	377575000	9
491299	10000	public	373816667	9
491299	10500	public	374733333	9
491299	11000	public	377116667	9
491299	11500	public	378950000	9
491299	12000	public	389583333	9
491299	12500	public	390866667	9
491299	13000	public	404066667	9
491299	13500	public	405258333	9
491299	14000	public	405441667	9
491299	14500	public	400308333	9
491299	15000	public	391233333	9
491299	15500	public	387108333	9
491299	16000	public	386925000	9
491299	16500	public	384266667	9
491299	17000	public	395175000	9
491299	17500	public	391691667	9
491299	18000	public	396275000	9
491299	18500	public	394441667	9
491299	19000	public	388483333	9
491299	4000	private	259128571	9
491299	4500	private	279675000	9
491299	5000	private	301871429	9
491299	5500	private	322025000	9
491299	6000	private	333339286	9
491299	6500	private	344496429	9
491299	7000	private	355732143	9
491299	7500	private	354475000	9
491299	8000	private	356046429	9
491299	8500	private	365789286	9
491299	9000	private	368067857	9
491299	9500	private	373253571	9
491299	10000	private	374078571	9
491299	10500	private	371328571	9
491299	11000	private	369521429	9
491299	11500	private	364807143	9
491299	12000	private	376750000	9
491299	12500	private	375414286	9
491299	13000	private	373685714	9
491299	13500	private	367675000	9
491299	14000	private	362096429	9
491299	14500	private	363510714	9
491299	15000	private	358757143	9
491299	15500	private	356596429	9
491299	16000	private	359032143	9
491299	16500	private	356242857	9
491299	17000	private	353925000	9
491299	17500	private	349917857	9
491299	18000	private	345596429	9
491299	18500	private	348739286	9
491299	19000	private	334792857	9
531911	4000	public	272158333	9
531911	4500	public	288475000	9
531911	5000	public	299933333	9
531911	5500	public	3.19e+08	9
531911	6000	public	341641667	9
531911	6500	public	345491667	9
531911	7000	public	336508333	9
531911	7500	public	349891667	9
531911	8000	public	356858333	9
531911	8500	public	375650000	9
531911	9000	public	380416667	9
531911	9500	public	376566667	9
531911	10000	public	395541667	9
531911	10500	public	386650000	9
531911	11000	public	381700000	9
531911	11500	public	400033333	9
531911	12000	public	409108333	9
531911	12500	public	407183333	9
531911	13000	public	408558333	9
531911	13500	public	406083333	9
531911	14000	public	403333333	9
531911	14500	public	397191667	9
531911	15000	public	389400000	9
531911	15500	public	390408333	9
531911	16000	public	383350000	9
531911	16500	public	380508333	9
531911	17000	public	376566667	9
531911	17500	public	370975000	9
531911	18000	public	360250000	9
531911	18500	public	368683333	9
531911	19000	public	377300000	9
531911	4000	private	266789286	9
531911	4500	private	284153571	9
531911	5000	private	295742857	9
531911	5500	private	316642857	9
531911	6000	private	326582143	9
531911	6500	private	338289286	9
531911	7000	private	352353571	9
531911	7500	private	355260714	9
531911	8000	private	357775000	9
531911	8500	private	361507143	9
531911	9000	private	361821429	9
531911	9500	private	361114286	9
531911	10000	private	364767857	9
531911	10500	private	364650000	9
531911	11000	private	365985714	9
531911	11500	private	365200000	9
531911	12000	private	374667857	9
531911	12500	private	380992857	9
531911	13000	private	384332143	9
531911	13500	private	379892857	9
531911	14000	private	381857143	9
531911	14500	private	383703571	9
531911	15000	private	383114286	9
531911	15500	private	375610714	9
531911	16000	private	366850000	9
531911	16500	private	359425000	9
531911	17000	private	354042857	9
531911	17500	private	346225000	9
531911	18000	private	335892857	9
531911	18500	private	331492857	9
531911	19000	private	338014286	9
542981	4000	public	270600000	9
542981	4500	public	276008333	9
542981	5000	public	287925000	9
542981	5500	public	300483333	9
542981	6000	public	315608333	9
542981	6500	public	338891667	9
542981	7000	public	340908333	9
542981	7500	public	340816667	9
542981	8000	public	359516667	9
542981	8500	public	378400000	9
542981	9000	public	374733333	9
542981	9500	public	379500000	9
542981	10000	public	374275000	9
542981	10500	public	363458333	9
542981	11000	public	375925000	9
542981	11500	public	377575000	9
542981	12000	public	381241667	9
542981	12500	public	378400000	9
542981	13000	public	384358333	9
542981	13500	public	387383333	9
542981	14000	public	383808333	9
542981	14500	public	381425000	9
542981	15000	public	382341667	9
542981	15500	public	380691667	9
542981	16000	public	378308333	9
542981	16500	public	368408333	9
542981	17000	public	372900000	9
542981	17500	public	368866667	9
542981	18000	public	367033333	9
542981	18500	public	360250000	9
542981	19000	public	362633333	9
542981	4000	private	267457143	9
542981	4500	private	281639286	9
542981	5000	private	299317857	9
542981	5500	private	316721429	9
542981	6000	private	325167857	9
542981	6500	private	337975000	9
542981	7000	private	350467857	9
542981	7500	private	352864286	9
542981	8000	private	350350000	9
542981	8500	private	360328571	9
542981	9000	private	361114286	9
542981	9500	private	361428571	9
542981	10000	private	364453571	9
542981	10500	private	366732143	9
542981	11000	private	365317857	9
542981	11500	private	366967857	9
542981	12000	private	370896429	9
542981	12500	private	368185714	9
542981	13000	private	374275000	9
542981	13500	private	375335714	9
542981	14000	private	372939286	9
542981	14500	private	374746429	9
542981	15000	private	364139286	9
542981	15500	private	364060714	9
542981	16000	private	359582143	9
542981	16500	private	356753571	9
542981	17000	private	354042857	9
542981	17500	private	351842857	9
542981	18000	private	345557143	9
542981	18500	private	341392857	9
542981	19000	private	336442857	9
817111	4000	public	259416667	9
817111	4500	public	282791667	9
817111	5000	public	303325000	9
817111	5500	public	318083333	9
817111	6000	public	347783333	9
817111	6500	public	350350000	9
817111	7000	public	355116667	9
817111	7500	public	3.52e+08	9
817111	8000	public	348516667	9
817111	8500	public	362816667	9
817111	9000	public	364558333	9
817111	9500	public	382891667	9
817111	10000	public	381883333	9
817111	10500	public	386466667	9
817111	11000	public	383625000	9
817111	11500	public	376383333	9
817111	12000	public	395725000	9
817111	12500	public	389125000	9
817111	13000	public	388941667	9
817111	13500	public	386741667	9
817111	14000	public	405075000	9
817111	14500	public	396091667	9
817111	15000	public	396458333	9
817111	15500	public	386375000	9
817111	16000	public	380508333	9
817111	16500	public	374916667	9
817111	17000	public	379408333	9
817111	17500	public	386191667	9
817111	18000	public	387016667	9
817111	18500	public	383350000	9
817111	19000	public	381608333	9
817111	4000	private	253392857	9
817111	4500	private	280303571	9
817111	5000	private	294289286	9
817111	5500	private	301321429	9
817111	6000	private	327092857	9
817111	6500	private	337778571	9
817111	7000	private	339664286	9
817111	7500	private	344928571	9
817111	8000	private	358207143	9
817111	8500	private	357578571	9
817111	9000	private	354475000	9
817111	9500	private	369403571	9
817111	10000	private	372192857	9
817111	10500	private	366300000	9
817111	11000	private	374589286	9
817111	11500	private	376907143	9
817111	12000	private	383546429	9
817111	12500	private	379303571	9
817111	13000	private	378596429	9
817111	13500	private	372467857	9
817111	14000	private	376396429	9
817111	14500	private	376317857	9
817111	15000	private	367517857	9
817111	15500	private	364767857	9
817111	16000	private	361782143	9
817111	16500	private	353964286	9
817111	17000	private	348110714	9
817111	17500	private	347560714	9
817111	18000	private	341707143	9
817111	18500	private	340921429	9
817111	19000	private	340882143	9
862307	4000	public	264916667	9
862307	4500	public	279858333	9
862307	5000	public	303600000	9
862307	5500	public	325600000	9
862307	6000	public	317075000	9
862307	6500	public	336783333	9
862307	7000	public	355300000	9
862307	7500	public	356950000	9
862307	8000	public	361533333	9
862307	8500	public	373266667	9
862307	9000	public	372808333	9
862307	9500	public	377850000	9
862307	10000	public	368041667	9
862307	10500	public	365383333	9
862307	11000	public	378858333	9
862307	11500	public	383075000	9
862307	12000	public	380966667	9
862307	12500	public	387750000	9
862307	13000	public	385916667	9
862307	13500	public	397283333	9
862307	14000	public	402600000	9
862307	14500	public	401775000	9
862307	15000	public	391050000	9
862307	15500	public	392975000	9
862307	16000	public	389583333	9
862307	16500	public	390866667	9
862307	17000	public	387841667	9
862307	17500	public	375833333	9
862307	18000	public	372166667	9
862307	18500	public	383625000	9
862307	19000	public	374091667	9
862307	4000	private	260464286	9
862307	4500	private	270560714	9
862307	5000	private	297314286	9
862307	5500	private	315385714	9
862307	6000	private	329253571	9
862307	6500	private	337307143	9
862307	7000	private	342728571	9
862307	7500	private	342807143	9
862307	8000	private	346342857	9
862307	8500	private	354671429	9
862307	9000	private	363510714	9
862307	9500	private	363707143	9
862307	10000	private	367125000	9
862307	10500	private	362764286	9
862307	11000	private	365632143	9
862307	11500	private	367753571	9
862307	12000	private	366300000	9
862307	12500	private	365750000	9
862307	13000	private	367321429	9
862307	13500	private	364807143	9
862307	14000	private	361742857	9
862307	14500	private	362882143	9
862307	15000	private	363550000	9
862307	15500	private	361939286	9
862307	16000	private	353178571	9
862307	16500	private	347128571	9
862307	17000	private	346067857	9
862307	17500	private	3.41e+08	9
862307	18000	private	337071429	9
862307	18500	private	337660714	9
862307	19000	private	329960714	9
141871	4000	public	252358333	10
141871	4500	public	268400000	10
141871	5000	public	294983333	10
141871	5500	public	302958333	10
141871	6000	public	304425000	10
141871	6500	public	299658333	10
141871	7000	public	308183333	10
141871	7500	public	309466667	10
141871	8000	public	319183333	10
141871	8500	public	338341667	10
141871	9000	public	338250000	10
141871	9500	public	354475000	10
141871	10000	public	366300000	10
141871	10500	public	373816667	10
141871	11000	public	384450000	10
141871	11500	public	402600000	10
141871	12000	public	413691667	10
141871	12500	public	412041667	10
141871	13000	public	409933333	10
141871	13500	public	414058333	10
141871	14000	public	413508333	10
141871	14500	public	409658333	10
141871	15000	public	418366667	10
141871	15500	public	403700000	10
141871	16000	public	412225000	10
141871	16500	public	405716667	10
141871	17000	public	396091667	10
141871	17500	public	385733333	10
141871	18000	public	387291667	10
141871	18500	public	378491667	10
141871	19000	public	369416667	10
141871	4000	private	261132143	10
141871	4500	private	278614286	10
141871	5000	private	291578571	10
141871	5500	private	298375000	10
141871	6000	private	317389286	10
141871	6500	private	334360714	10
141871	7000	private	340921429	10
141871	7500	private	345871429	10
141871	8000	private	348778571	10
141871	8500	private	361782143	10
141871	9000	private	362607143	10
141871	9500	private	361153571	10
141871	10000	private	363157143	10
141871	10500	private	367007143	10
141871	11000	private	377378571	10
141871	11500	private	373528571	10
141871	12000	private	374275000	10
141871	12500	private	372625000	10
141871	13000	private	377457143	10
141871	13500	private	374903571	10
141871	14000	private	374353571	10
141871	14500	private	370503571	10
141871	15000	private	370700000	10
141871	15500	private	366771429	10
141871	16000	private	367046429	10
141871	16500	private	358050000	10
141871	17000	private	350389286	10
141871	17500	private	341471429	10
141871	18000	private	343160714	10
141871	18500	private	338289286	10
141871	19000	private	331964286	10
152267	4000	public	263908333	10
152267	4500	public	272433333	10
152267	5000	public	291408333	10
152267	5500	public	288658333	10
152267	6000	public	292600000	10
152267	6500	public	293791667	10
152267	7000	public	299200000	10
152267	7500	public	312583333	10
152267	8000	public	321200000	10
152267	8500	public	351175000	10
152267	9000	public	359700000	10
152267	9500	public	368225000	10
152267	10000	public	379683333	10
152267	10500	public	404983333	10
152267	11000	public	413050000	10
152267	11500	public	411583333	10
152267	12000	public	426983333	10
152267	12500	public	426891667	10
152267	13000	public	415708333	10
152267	13500	public	424508333	10
152267	14000	public	421483333	10
152267	14500	public	424233333	10
152267	15000	public	413141667	10
152267	15500	public	414058333	10
152267	16000	public	405533333	10
152267	16500	public	393708333	10
152267	17000	public	398200000	10
152267	17500	public	407641667	10
152267	18000	public	397925000	10
152267	18500	public	391783333	10
152267	19000	public	381241667	10
152267	4000	private	257753571	10
152267	4500	private	281600000	10
152267	5000	private	296253571	10
152267	5500	private	315503571	10
152267	6000	private	325600000	10
152267	6500	private	335303571	10
152267	7000	private	343200000	10
152267	7500	private	347678571	10
152267	8000	private	354200000	10
152267	8500	private	357853571	10
152267	9000	private	358128571	10
152267	9500	private	363117857	10
152267	10000	private	365278571	10
152267	10500	private	372507143	10
152267	11000	private	379264286	10
152267	11500	private	374392857	10
152267	12000	private	368578571	10
152267	12500	private	366260714	10
152267	13000	private	370267857	10
152267	13500	private	368853571	10
152267	14000	private	361507143	10
152267	14500	private	365828571	10
152267	15000	private	368225000	10
152267	15500	private	363903571	10
152267	16000	private	358914286	10
152267	16500	private	360053571	10
152267	17000	private	357342857	10
152267	17500	private	354082143	10
152267	18000	private	349603571	10
152267	18500	private	348307143	10
152267	19000	private	345753571	10
166297	4000	public	255383333	10
166297	4500	public	271150000	10
166297	5000	public	283800000	10
166297	5500	public	288841667	10
166297	6000	public	292783333	10
166297	6500	public	304150000	10
166297	7000	public	310566667	10
166297	7500	public	313133333	10
166297	8000	public	333850000	10
166297	8500	public	345033333	10
166297	9000	public	360158333	10
166297	9500	public	368041667	10
166297	10000	public	367766667	10
166297	10500	public	396916667	10
166297	11000	public	413508333	10
166297	11500	public	422491667	10
166297	12000	public	433583333	10
166297	12500	public	431841667	10
166297	13000	public	4.29e+08	10
166297	13500	public	422858333	10
166297	14000	public	427350000	10
166297	14500	public	424416667	10
166297	15000	public	426250000	10
166297	15500	public	419650000	10
166297	16000	public	416900000	10
166297	16500	public	420658333	10
166297	17000	public	417450000	10
166297	17500	public	410483333	10
166297	18000	public	397650000	10
166297	18500	public	391325000	10
166297	19000	public	377666667	10
166297	4000	private	264550000	10
166297	4500	private	279007143	10
166297	5000	private	294800000	10
166297	5500	private	310710714	10
166297	6000	private	327092857	10
166297	6500	private	337150000	10
166297	7000	private	341471429	10
166297	7500	private	355300000	10
166297	8000	private	358207143	10
166297	8500	private	362057143	10
166297	9000	private	364217857	10
166297	9500	private	366339286	10
166297	10000	private	370385714	10
166297	10500	private	369678571	10
166297	11000	private	371210714	10
166297	11500	private	374432143	10
166297	12000	private	379892857	10
166297	12500	private	373567857	10
166297	13000	private	370857143	10
166297	13500	private	371132143	10
166297	14000	private	368421429	10
166297	14500	private	365750000	10
166297	15000	private	364178571	10
166297	15500	private	364650000	10
166297	16000	private	363471429	10
166297	16500	private	359503571	10
166297	17000	private	355378571	10
166297	17500	private	351292857	10
166297	18000	private	346578571	10
166297	18500	private	342217857	10
166297	19000	private	3.41e+08	10
188179	4000	public	248050000	10
188179	4500	public	266658333	10
188179	5000	public	283891667	10
188179	5500	public	296175000	10
188179	6000	public	297091667	10
188179	6500	public	298925000	10
188179	7000	public	315333333	10
188179	7500	public	316708333	10
188179	8000	public	317808333	10
188179	8500	public	336966667	10
188179	9000	public	355208333	10
188179	9500	public	367491667	10
188179	10000	public	376200000	10
188179	10500	public	369600000	10
188179	11000	public	396275000	10
188179	11500	public	396550000	10
188179	12000	public	392058333	10
188179	12500	public	401316667	10
188179	13000	public	398200000	10
188179	13500	public	402416667	10
188179	14000	public	410575000	10
188179	14500	public	404616667	10
188179	15000	public	403058333	10
188179	15500	public	401408333	10
188179	16000	public	405625000	10
188179	16500	public	402783333	10
188179	17000	public	402141667	10
188179	17500	public	392058333	10
188179	18000	public	396733333	10
188179	18500	public	387566667	10
188179	19000	public	384358333	10
188179	4000	private	250407143	10
188179	4500	private	276217857	10
188179	5000	private	297903571	10
188179	5500	private	315425000	10
188179	6000	private	326817857	10
188179	6500	private	329960714	10
188179	7000	private	337857143	10
188179	7500	private	352196429	10
188179	8000	private	352510714	10
188179	8500	private	356085714	10
188179	9000	private	353767857	10
188179	9500	private	366575000	10
188179	10000	private	382485714	10
188179	10500	private	382957143	10
188179	11000	private	378596429	10
188179	11500	private	380835714	10
188179	12000	private	380403571	10
188179	12500	private	375650000	10
188179	13000	private	373057143	10
188179	13500	private	370464286	10
188179	14000	private	361467857	10
188179	14500	private	363235714	10
188179	15000	private	369403571	10
188179	15500	private	363039286	10
188179	16000	private	362017857	10
188179	16500	private	359307143	10
188179	17000	private	360367857	10
188179	17500	private	357617857	10
188179	18000	private	354828571	10
188179	18500	private	346971429	10
188179	19000	private	344417857	10
405157	4000	public	246400000	10
405157	4500	public	282333333	10
405157	5000	public	288016667	10
405157	5500	public	285450000	10
405157	6000	public	290216667	10
405157	6500	public	294341667	10
405157	7000	public	295441667	10
405157	7500	public	318541667	10
405157	8000	public	328075000	10
405157	8500	public	348241667	10
405157	9000	public	357683333	10
405157	9500	public	364558333	10
405157	10000	public	378766667	10
405157	10500	public	394258333	10
405157	11000	public	384358333	10
405157	11500	public	384358333	10
405157	12000	public	387291667	10
405157	12500	public	399391667	10
405157	13000	public	409750000	10
405157	13500	public	421850000	10
405157	14000	public	420475000	10
405157	14500	public	418641667	10
405157	15000	public	427441667	10
405157	15500	public	430008333	10
405157	16000	public	424875000	10
405157	16500	public	409108333	10
405157	17000	public	411491667	10
405157	17500	public	407550000	10
405157	18000	public	404158333	10
405157	18500	public	398658333	10
405157	19000	public	390316667	10
405157	4000	private	265257143	10
405157	4500	private	275785714	10
405157	5000	private	294564286	10
405157	5500	private	315307143	10
405157	6000	private	329764286	10
405157	6500	private	333496429	10
405157	7000	private	336953571	10
405157	7500	private	340410714	10
405157	8000	private	343396429	10
405157	8500	private	348110714	10
405157	9000	private	358992857	10
405157	9500	private	363117857	10
405157	10000	private	365671429	10
405157	10500	private	369246429	10
405157	11000	private	372703571	10
405157	11500	private	370346429	10
405157	12000	private	373017857	10
405157	12500	private	376475000	10
405157	13000	private	372821429	10
405157	13500	private	365278571	10
405157	14000	private	365082143	10
405157	14500	private	363510714	10
405157	15000	private	360525000	10
405157	15500	private	360210714	10
405157	16000	private	364767857	10
405157	16500	private	361310714	10
405157	17000	private	361075000	10
405157	17500	private	358835714	10
405157	18000	private	353217857	10
405157	18500	private	345360714	10
405157	19000	private	341864286	10
491299	4000	public	266016667	10
491299	4500	public	263541667	10
491299	5000	public	280866667	10
491299	5500	public	289666667	10
491299	6000	public	297550000	10
491299	6500	public	303141667	10
491299	7000	public	312766667	10
491299	7500	public	308458333	10
491299	8000	public	319733333	10
491299	8500	public	342833333	10
491299	9000	public	358050000	10
491299	9500	public	375650000	10
491299	10000	public	365200000	10
491299	10500	public	381058333	10
491299	11000	public	389766667	10
491299	11500	public	412316667	10
491299	12000	public	416991667	10
491299	12500	public	416991667	10
491299	13000	public	414791667	10
491299	13500	public	409475000	10
491299	14000	public	420016667	10
491299	14500	public	413691667	10
491299	15000	public	417908333	10
491299	15500	public	418733333	10
491299	16000	public	417725000	10
491299	16500	public	411675000	10
491299	17000	public	402141667	10
491299	17500	public	389125000	10
491299	18000	public	386650000	10
491299	18500	public	388116667	10
491299	19000	public	384816667	10
491299	4000	private	247421429	10
491299	4500	private	269696429	10
491299	5000	private	299200000	10
491299	5500	private	311928571	10
491299	6000	private	321907143	10
491299	6500	private	337582143	10
491299	7000	private	343671429	10
491299	7500	private	344732143	10
491299	8000	private	353257143	10
491299	8500	private	359857143	10
491299	9000	private	365121429	10
491299	9500	private	364650000	10
491299	10000	private	369914286	10
491299	10500	private	373332143	10
491299	11000	private	376671429	10
491299	11500	private	372507143	10
491299	12000	private	372860714	10
491299	12500	private	365789286	10
491299	13000	private	364375000	10
491299	13500	private	367439286	10
491299	14000	private	360564286	10
491299	14500	private	364060714	10
491299	15000	private	361467857	10
491299	15500	private	358757143	10
491299	16000	private	355260714	10
491299	16500	private	355496429	10
491299	17000	private	354082143	10
491299	17500	private	357303571	10
491299	18000	private	351292857	10
491299	18500	private	346735714	10
491299	19000	private	345792857	10
531911	4000	public	270233333	10
531911	4500	public	278850000	10
531911	5000	public	290400000	10
531911	5500	public	296175000	10
531911	6000	public	304791667	10
531911	6500	public	305800000	10
531911	7000	public	317625000	10
531911	7500	public	324775000	10
531911	8000	public	339716667	10
531911	8500	public	347233333	10
531911	9000	public	370975000	10
531911	9500	public	374366667	10
531911	10000	public	365108333	10
531911	10500	public	383991667	10
531911	11000	public	381608333	10
531911	11500	public	393250000	10
531911	12000	public	416900000	10
531911	12500	public	419008333	10
531911	13000	public	420108333	10
531911	13500	public	416716667	10
531911	14000	public	420566667	10
531911	14500	public	422033333	10
531911	15000	public	426616667	10
531911	15500	public	415891667	10
531911	16000	public	409200000	10
531911	16500	public	401041667	10
531911	17000	public	394441667	10
531911	17500	public	388116667	10
531911	18000	public	386191667	10
531911	18500	public	388208333	10
531911	19000	public	379225000	10
531911	4000	private	258185714	10
531911	4500	private	272564286	10
531911	5000	private	291971429	10
531911	5500	private	310710714	10
531911	6000	private	326660714	10
531911	6500	private	339585714	10
531911	7000	private	343160714	10
531911	7500	private	350310714	10
531911	8000	private	361978571	10
531911	8500	private	365828571	10
531911	9000	private	370582143	10
531911	9500	private	362057143	10
531911	10000	private	368382143	10
531911	10500	private	373646429	10
531911	11000	private	375453571	10
531911	11500	private	382250000	10
531911	12000	private	380757143	10
531911	12500	private	380639286	10
531911	13000	private	371525000	10
531911	13500	private	369050000	10
531911	14000	private	371328571	10
531911	14500	private	366771429	10
531911	15000	private	362450000	10
531911	15500	private	361546429	10
531911	16000	private	366771429	10
531911	16500	private	366339286	10
531911	17000	private	360525000	10
531911	17500	private	351450000	10
531911	18000	private	348346429	10
531911	18500	private	341982143	10
531911	19000	private	340332143	10
542981	4000	public	248691667	10
542981	4500	public	252908333	10
542981	5000	public	265650000	10
542981	5500	public	296450000	10
542981	6000	public	307083333	10
542981	6500	public	312675000	10
542981	7000	public	310566667	10
542981	7500	public	323675000	10
542981	8000	public	344300000	10
542981	8500	public	348975000	10
542981	9000	public	346958333	10
542981	9500	public	354566667	10
542981	10000	public	368133333	10
542981	10500	public	378583333	10
542981	11000	public	379591667	10
542981	11500	public	390500000	10
542981	12000	public	391325000	10
542981	12500	public	406816667	10
542981	13000	public	412958333	10
542981	13500	public	408925000	10
542981	14000	public	410575000	10
542981	14500	public	408650000	10
542981	15000	public	417358333	10
542981	15500	public	410208333	10
542981	16000	public	406725000	10
542981	16500	public	397283333	10
542981	17000	public	397283333	10
542981	17500	public	403883333	10
542981	18000	public	390958333	10
542981	18500	public	384266667	10
542981	19000	public	377300000	10
542981	4000	private	259560714	10
542981	4500	private	275825000	10
542981	5000	private	286864286	10
542981	5500	private	305878571	10
542981	6000	private	328821429	10
542981	6500	private	342925000	10
542981	7000	private	341471429	10
542981	7500	private	344496429	10
542981	8000	private	347442857	10
542981	8500	private	358796429	10
542981	9000	private	360446429	10
542981	9500	private	365828571	10
542981	10000	private	374942857	10
542981	10500	private	372821429	10
542981	11000	private	368460714	10
542981	11500	private	372428571	10
542981	12000	private	377575000	10
542981	12500	private	376435714	10
542981	13000	private	376160714	10
542981	13500	private	372389286	10
542981	14000	private	372467857	10
542981	14500	private	375650000	10
542981	15000	private	374275000	10
542981	15500	private	365553571	10
542981	16000	private	363117857	10
542981	16500	private	356950000	10
542981	17000	private	349878571	10
542981	17500	private	355692857	10
542981	18000	private	349446429	10
542981	18500	private	353100000	10
542981	19000	private	342728571	10
817111	4000	public	256941667	10
817111	4500	public	261341667	10
817111	5000	public	277383333	10
817111	5500	public	279125000	10
817111	6000	public	281966667	10
817111	6500	public	305525000	10
817111	7000	public	307083333	10
817111	7500	public	312491667	10
817111	8000	public	318358333	10
817111	8500	public	338616667	10
817111	9000	public	357591667	10
817111	9500	public	379133333	10
817111	10000	public	371616667	10
817111	10500	public	394441667	10
817111	11000	public	391783333	10
817111	11500	public	400766667	10
817111	12000	public	408833333	10
817111	12500	public	408833333	10
817111	13000	public	405808333	10
817111	13500	public	410116667	10
817111	14000	public	415341667	10
817111	14500	public	411950000	10
817111	15000	public	407366667	10
817111	15500	public	407916667	10
817111	16000	public	397558333	10
817111	16500	public	398658333	10
817111	17000	public	398841667	10
817111	17500	public	388300000	10
817111	18000	public	383533333	10
817111	18500	public	384816667	10
817111	19000	public	380966667	10
817111	4000	private	260739286	10
817111	4500	private	278496429	10
817111	5000	private	295978571	10
817111	5500	private	305446429	10
817111	6000	private	323871429	10
817111	6500	private	325560714	10
817111	7000	private	331964286	10
817111	7500	private	336717857	10
817111	8000	private	341275000	10
817111	8500	private	367950000	10
817111	9000	private	363746429	10
817111	9500	private	367871429	10
817111	10000	private	365592857	10
817111	10500	private	372310714	10
817111	11000	private	374235714	10
817111	11500	private	375885714	10
817111	12000	private	371642857	10
817111	12500	private	3.74e+08	10
817111	13000	private	371367857	10
817111	13500	private	367164286	10
817111	14000	private	367282143	10
817111	14500	private	371092857	10
817111	15000	private	364414286	10
817111	15500	private	364964286	10
817111	16000	private	362332143	10
817111	16500	private	364217857	10
817111	17000	private	355496429	10
817111	17500	private	349800000	10
817111	18000	private	341628571	10
817111	18500	private	348150000	10
817111	19000	private	349014286	10
862307	4000	public	263083333	10
862307	4500	public	282333333	10
862307	5000	public	287741667	10
862307	5500	public	299750000	10
862307	6000	public	301583333	10
862307	6500	public	306625000	10
862307	7000	public	311483333	10
862307	7500	public	316708333	10
862307	8000	public	325691667	10
862307	8500	public	348150000	10
862307	9000	public	345766667	10
862307	9500	public	350625000	10
862307	10000	public	364925000	10
862307	10500	public	378675000	10
862307	11000	public	376933333	10
862307	11500	public	371525000	10
862307	12000	public	394075000	10
862307	12500	public	401225000	10
862307	13000	public	397741667	10
862307	13500	public	399025000	10
862307	14000	public	407275000	10
862307	14500	public	408925000	10
862307	15000	public	402691667	10
862307	15500	public	395725000	10
862307	16000	public	395816667	10
862307	16500	public	408375000	10
862307	17000	public	402966667	10
862307	17500	public	398200000	10
862307	18000	public	385458333	10
862307	18500	public	386925000	10
862307	19000	public	383808333	10
862307	4000	private	267535714	10
862307	4500	private	277357143	10
862307	5000	private	294682143	10
862307	5500	private	315464286	10
862307	6000	private	321750000	10
862307	6500	private	337660714	10
862307	7000	private	334792857	10
862307	7500	private	342767857	10
862307	8000	private	347560714	10
862307	8500	private	360721429	10
862307	9000	private	359385714	10
862307	9500	private	359660714	10
862307	10000	private	363746429	10
862307	10500	private	371210714	10
862307	11000	private	371171429	10
862307	11500	private	371132143	10
862307	12000	private	370110714	10
862307	12500	private	364689286	10
862307	13000	private	360682143	10
862307	13500	private	362489286	10
862307	14000	private	359739286	10
862307	14500	private	362960714	10
862307	15000	private	360132143	10
862307	15500	private	354475000	10
862307	16000	private	352078571	10
862307	16500	private	360053571	10
862307	17000	private	360014286	10
862307	17500	private	362842857	10
862307	18000	private	356517857	10
862307	18500	private	355103571	10
862307	19000	private	344653571	10
