tree
version=v4
num_class=1
num_tree_per_iteration=1
label_index=0
max_feature_idx=153
objective=binary sigmoid:1
feature_names=numero_de_cliente foto_mes active_quarter cliente_vip internet cliente_edad cliente_antiguedad mrentabilidad mrentabilidad_annual mcomisiones mactivos_margen mpasivos_margen cproductos tcuentas ccuenta_corriente mcuenta_corriente_adicional mcuenta_corriente ccaja_ahorro mcaja_ahorro mcaja_ahorro_adicional mcaja_ahorro_dolares cdescubierto_preacordado mcuentas_saldo ctarjeta_debito ctarjeta_debito_transacciones mautoservicio ctarjeta_visa ctarjeta_visa_transacciones mtarjeta_visa_consumo ctarjeta_master ctarjeta_master_transacciones mtarjeta_master_consumo cprestamos_personales mprestamos_personales cprestamos_prendarios mprestamos_prendarios cprestamos_hipotecarios mprestamos_hipotecarios cplazo_fijo mplazo_fijo_dolares mplazo_fijo_pesos cinversion1 minversion1_pesos minversion1_dolares cinversion2 minversion2 cseguro_vida cseguro_auto cseguro_vivienda cseguro_accidentes_personales ccaja_seguridad cpayroll_trx mpayroll mpayroll2 cpayroll2_trx ccuenta_debitos_automaticos mcuenta_debitos_automaticos ctarjeta_visa_debitos_automaticos mttarjeta_visa_debitos_automaticos ctarjeta_master_debitos_automaticos mttarjeta_master_debitos_automaticos cpagodeservicios mpagodeservicios cpagomiscuentas mpagomiscuentas ccajeros_propios_descuentos mcajeros_propios_descuentos ctarjeta_visa_descuentos mtarjeta_visa_descuentos ctarjeta_master_descuentos mtarjeta_master_descuentos ccomisiones_mantenimiento mcomisiones_mantenimiento ccomisiones_otras mcomisiones_otras cforex cforex_buy mforex_buy cforex_sell mforex_sell ctransferencias_recibidas mtransferencias_recibidas ctransferencias_emitidas mtransferencias_emitidas cextraccion_autoservicio mextraccion_autoservicio ccheques_depositados mcheques_depositados ccheques_emitidos mcheques_emitidos ccheques_depositados_rechazados mcheques_depositados_rechazados ccheques_emitidos_rechazados mcheques_emitidos_rechazados tcallcenter ccallcenter_transacciones thomebanking chomebanking_transacciones ccajas_transacciones ccajas_consultas ccajas_depositos ccajas_extracciones ccajas_otras catm_trx matm catm_trx_other matm_other ctrx_quarter tmobile_app cmobile_app_trx Master_delinquency Master_status Master_mfinanciacion_limite Master_Fvencimiento Master_Finiciomora Master_msaldototal Master_msaldopesos Master_msaldodolares Master_mconsumospesos Master_mconsumosdolares Master_mlimitecompra Master_madelantopesos Master_madelantodolares Master_fultimo_cierre Master_mpagado Master_mpagospesos Master_mpagosdolares Master_fechaalta Master_mconsumototal Master_cconsumos Master_cadelantosefectivo Master_mpagominimo Visa_delinquency Visa_status Visa_mfinanciacion_limite Visa_Fvencimiento Visa_Finiciomora Visa_msaldototal Visa_msaldopesos Visa_msaldodolares Visa_mconsumospesos Visa_mconsumosdolares Visa_mlimitecompra Visa_madelantopesos Visa_madelantodolares Visa_fultimo_cierre Visa_mpagado Visa_mpagospesos Visa_mpagosdolares Visa_fechaalta Visa_mconsumototal Visa_cconsumos Visa_cadelantosefectivo Visa_mpagominimo
feature_infos=[12159854:77722076] [202104:202104] [0:1] [0:1] [0:4] [19:101] [1:376] [-239774.32000000001:645741.12] [-603976.89000000001:6868191.71] [-32909.18:341624.25] [-313906.75:299888.78000000003] [-62197.190000000002:519043.78999999998] [3:17] [1:2] [1:3] [-82991.339999999997:2108268.0299999998] [-2195857.5:21365751.859999999] [2:8] [-8280.1299999999992:30787954.780000001] [-1190.8199999999999:2654243.8300000001] [-26336.5:135638177.87] [0:1] [-2232579.79:328744518.88999999] [0:301] [0:162] [0:1400273.4399999999] [0:3] [0:634] [0:2837240.7200000002] [0:2] [0:356] [0:1779727.1100000001] [0:506] [0:7038000] [0:19] [0:20442808.949999999] [0:20] [0:35851430.100000001] [0:99] [0:59597784] [0:32117593.73] [0:11] [0:108203113.08] [0:117252843.86] [0:52] [0:355653815.48000002] [0:3] [0:11] [0:4] [0:5] [0:6] [0:126] [0:60648897.310000002] [0:317432.5] [0:4] [0:134] [0:7283353.5099999998] [0:72] [0:722029.88] [0:58] [0:557086.31999999995] [0:42] [0:8517858.4399999995] [0:678] [0:230670200.97999999] [0:12] [0:23460] [0:15] [0:74972.639999999999] [0:15] [0:78459.029999999999] [0:38] [-15494.48:12465.219999999999] [0:256] [-32909.18:341624.25] [0:18] [0:15] [0:11759.32] [0:18] [0:3628.9099999999999] [0:902] [0:531368551.08999997] [0:259] [0:154341745.75999999] [0:101] [0:2011695] [0:140] [0:63679162.43] [0:89] [0:15356358.539999999] [0:13] [0:4222800] [0:14] [0:2366424.8700000001] [0:1] [0:101] [0:1] [0:12022] [0:1] [0:34] [0:8] [0:9] [0:52] [0:101] [0:2011695] [0:57] [0:1642602.8] [0:3437] [0:1] [0:1] [0:1] [0:9] [0:550790361] [-2251:6880] [2:207] [-1008582:2798756.1099999999] [-990227.02000000002:2797981.7999999998] [-630945.59999999998:1087846.4399999999] [-45738.199999999997:1774651.05] [0:9649.6599999999999] [985.32000000000005:9212742] [0:52785] [0:214.69] [2:3320] [0:787680.82999999996] [-1271748.3799999999:49814.739999999998] [0:9334.25] [2:7632] [-45738.199999999997:1774651.05] [0:126] [0:20] [0:1361723.97] [0:1] [0:9] [0:124710817.52] [-2914148:5845] [5:208] [-890074.31999999995:7278914.8899999997] [-1044057.17:8538167.1600000001] [-702902.58999999997:738213.71999999997] [-60767.610000000001:2779277.9500000002] [0:13403.35] [1011.71:16422000] [0:191476.91] [0:2047.8800000000001] [2:163] [0:1994100] [-2855922.9199999999:70457.759999999995] [0:10844.469999999999] [2:12628] [-60767.610000000001:2779277.9500000002] [0:180] [0:16] [0:2073101.55]
tree_sizes=1106 1114 1117 1138 1129 1124 1131 1132 1135 1128 1133 1127 1134 1121 1140 1130 1134 1134 1146 1115 1138 1131 1124 1144 1135 1114 1140 1126 1144 1139 1144 1127 1128 1146 1146 1143 1140 1124 1133 1141 1147 1139 1142 1140 1145 1145 1145 1140 1146 1138 1142 1149 1141 1152 1137 1145 1151 1150 1148 1134 1130 1136 1140 1139 1138 1142 1149 1132 1148 1137 1127 1140 1144 1136 1139 1147 1134 1131 1151 1135 1161 1150 1145 1143 1150 1135 1153 1138 1162 1137 1140 1145 1141 1139 1151 1146 1153 1132 1128 1156 1145 1133 1143 1151 1137 1140 1146 1146 1150 1138 1139 1121 1147 1127 1147 1145 1134 1134 1140 1148 1156 1137 1138 1152 1136 1147 1121 1133 1149 1131 1144 1135 1152 1135 1138 1137 1140 1145 1145 1148 1132 1139 1120 1137 1142 1129 1141 1135 1139 1146 1154 1145 1148 1143 1151 1142 1137 1138 1153 1131 1131 1139 1139 1138 1135 1126 1128 1135 1144 1136 1134 1141 1129 1138 1142 1140 1157 1150 1130 1137 1131 1142 1163 1132 1125 1125 1141 1126 1132 1140 1138 1145 1137 1143 1138 1137 1141 1127 1125 1132 1136 1140 1140 1133 1132 1147 1144 1131 1153 1148 1139 1135 1145 1145 1133 1146 1132 1154 1133 1146 1128 1148 1120 1135 1141 1140 1141 1138 1147 1128 1139 1143 1118 1142 1149 1134 1137 1144 1138 1133 1132 1136 1148 1143 1145 1137 1132 1132 1140 1140 1134 1137 1136 1142 1135 1143 1133 1137 1139 1147 1132 1133 1148 1128 1135 1144 1125 1131 1148 1135 1132 1136 1137 1131 1133 1139 1142 1137 1139 1142 1145 1144 1140 1141 1142 1135 1137 1138 1134 1130 1150 1145 1122 1141 1135 1145 1145 1126 1145 1129 1129 1136 1138 1141 1134 1135 1132 1136 1142 1148 1141 1124 1142 1136 1129 1134 1128 1132 1148 1133 1122 1142 1148 1136 1138 1144 1139 1136 1143 1138 1141 1134 1154 1132 1139 1144 1134 1136 1132 1130 1145 1138 1127 1124 1139 1140 1140 1130 1135 1133 1137 1139 1141 1133 1121 1137 1132 1135 1136 1146 1140 1135 1134 1139 1135 1141 1147 1131 1143 1137 1145 1122 1131 1145 1138 1129 1134 1122 1144 1138 1137 1137 1130 1146 1145 1134 1116 1133 1143 1135 1134 1125 1133 1137 1137

Tree=0
num_leaves=9
num_cat=0
split_feature=147 72 10 29 84 29 71 147
split_gain=2562.86 2649.09 1416.96 635.019 411.247 386.119 208.515 222.427
threshold=-1305.0149999999996 1057.6200000000001 1.0000000180025095e-35 1.0000000180025095e-35 1.0000000180025095e-35 1.0000000180025095e-35 1.0000000180025095e-35 -10789.794999999998
decision_type=8 2 2 2 2 2 2 10
left_child=6 4 -3 -4 5 -2 -1 -8
right_child=1 2 3 -5 -6 -7 7 -9
leaf_value=-4.3978865076353344 -3.966655243149309 -4.197452552838298 -3.418900137996324 -3.8616262034713955 -4.3803798254822004 -4.2747690813785608 -4.3663301243134818 -4.2513411271386383
leaf_weight=1119.0441817045212 31.287976950407028 46.874754577875137 32.088928818702698 42.29788675904274 148.7609176337719 85.511147081851959 450.04595533013344 120.00293150544167
leaf_count=88020 2461 3687 2524 3327 11701 6726 35399 9439
internal_value=-4.33916 -4.16492 -3.87429 -3.67064 -4.29763 -4.19223 -4.37907 -4.34212
internal_weight=2075.91 386.822 121.262 74.3868 265.56 116.799 1689.09 570.049
internal_count=163284 30426 9538 5851 20888 9187 132858 44838
is_linear=0
shrinkage=1


Tree=1
num_leaves=9
num_cat=0
split_feature=28 25 133 8 9 25 28 8
split_gain=2373.35 1686.37 262.983 294.737 581.517 217.238 161.205 122.573
threshold=1395.8750000000002 1.0000000180025095e-35 1.0000000180025095e-35 18628.875000000004 1206.4850000000004 803.5100000000001 10333.675000000001 9683.5850000000009
decision_type=2 2 8 2 2 2 2 2
left_child=1 2 3 4 -1 6 7 -2
right_child=5 -3 -4 -5 -6 -7 -8 -9
leaf_value=0.13639322057526931 0.17320529506756491 -0.0080735506419991783 0.37715279318880829 0.085021357079875362 0.51801449814903133 -0.060052035282811875 -0.025167899072187038 0.016037397726974687
leaf_weight=51.565654047764838 45.165358982048929 204.98393914103508 99.65919781755656 56.682095227763057 39.880958495661616 1177.4739317111671 354.31057316251099 73.304557168856263
leaf_count=3866 3552 14994 4657 3345 2103 96628 28661 5478
internal_value=-0.00103915 0.151165 0.282895 0.21948 0.302823 -0.0427985 0.000171836 0.0759559
internal_weight=2103.03 452.772 247.788 148.129 91.4466 1650.25 472.78 118.47
internal_count=163284 28965 13971 9314 5969 134319 37691 9030
is_linear=0
shrinkage=0.0750466


Tree=2
num_leaves=9
num_cat=0
split_feature=18 33 28 16 28 72 18 31
split_gain=2492.8 1292.43 1272.28 218.077 214.566 147.729 102.663 83.1952
threshold=952.04500000000019 17595.285000000003 2982.1750000000006 -6095.0899999999992 5998.3400000000011 1708.4500000000003 24182.040000000005 1.0000000180025095e-35
decision_type=2 2 2 2 2 2 2 2
left_child=1 2 3 -1 5 -2 -7 -4
right_child=4 -3 7 -5 -6 6 -8 -9
leaf_value=0.50431754650627691 -0.022827750688100511 -0.045076082858195185 0.11969279402795593 0.32449305385678534 -0.056343891060504823 0.12083098006635987 -0.022036674896617245 -0.0089224908013211136
leaf_weight=61.119171400554478 328.20103781484067 113.08155220467597 71.312835243530571 100.33079028315842 1267.3767265472561 83.888143955729902 42.770374095067382 46.989385046064854
leaf_count=2187 25059 6213 5623 4499 108908 4293 2671 3831
internal_value=-0.00156404 0.169026 0.255571 0.392568 -0.0404749 0.00374111 0.0725871 0.0686071
internal_weight=2115.07 392.834 279.752 161.45 1722.24 454.86 126.659 118.302
internal_count=163284 22353 16140 6686 140931 32023 6964 9454
is_linear=0
shrinkage=0.0750466


Tree=3
num_leaves=9
num_cat=0
split_feature=24 137 52 8 52 137 71 80
split_gain=1329.44 754.206 356.059 207.567 157.823 136.584 106.062 101.599
threshold=1.0000000180025095e-35 5971.2200000000012 1.0000000180025095e-35 12961.865000000002 1.0000000180025095e-35 4483.3200000000006 1.0000000180025095e-35 1.0000000180025095e-35
decision_type=2 10 2 2 2 10 2 2
left_child=1 2 3 6 5 -2 -1 -5
right_child=4 -3 -4 7 -6 -7 -8 -9
leaf_value=0.15734144093056965 0.060424644546019216 -0.0066318304233068583 -0.026009996368876291 0.15510614866222097 -0.068498595549464719 -0.036283300952681757 0.27773415333592638 0.048194002247720219
leaf_weight=70.816125863231719 106.96432742010802 369.66400647629052 63.963562204502523 138.88907849043608 841.11609885469079 355.98830188624561 98.582890952005982 78.273051674477756
leaf_count=3407 7091 30069 4002 4604 76034 31662 2934 3481
internal_value=-0.00204621 0.0728146 0.138002 0.165141 -0.0491296 -0.0139391 0.227405 0.116571
internal_weight=2124.26 820.189 450.525 386.561 1304.07 462.953 169.399 217.162
internal_count=163284 48497 18428 14426 114787 38753 6341 8085
is_linear=0
shrinkage=0.0750466


Tree=4
num_leaves=9
num_cat=0
split_feature=137 16 84 84 56 16 80 31
split_gain=1034.16 490.582 352.577 96.6565 90.0444 87.2521 75.7729 68.3453
threshold=4483.3200000000006 -1.0000000180025095e-35 1.0000000180025095e-35 1.0000000180025095e-35 1.0000000180025095e-35 -10288.865 1.0000000180025095e-35 539.49500000000012
decision_type=10 2 2 2 2 2 2 2
left_child=1 2 5 4 6 -1 7 -2
right_child=3 -3 -4 -5 -6 -7 -8 -9
leaf_value=0.21809269422011671 0.089922519451801908 -0.000420776201262011 -0.0069403404317977778 -0.061744120876003297 -0.052543935630454133 0.1325830130056844 -0.020812366144437197 -0.029299013255509355
leaf_weight=92.678058709949255 83.084522449411452 340.518853479065 95.981681703589857 680.99787188135087 295.46817788761109 244.52144243102521 250.45709838531911 40.175699233077466
leaf_count=2026 6197 22596 6692 65492 26909 7810 22164 3398
internal_value=-0.00219826 0.0669799 0.119963 -0.0418397 -0.0215839 0.156085 0.00289378 0.0510632
internal_weight=2123.88 773.7 433.181 1350.18 669.185 337.2 373.717 123.26
internal_count=163284 39124 16528 124160 58668 9836 31759 9595
is_linear=0
shrinkage=0.0750466


Tree=5
num_leaves=9
num_cat=0
split_feature=18 32 29 116 11 11 149 8
split_gain=1310.47 665.982 412.617 146.64 116.369 72.0276 65.0597 62.4828
threshold=3102.7650000000003 1.0000000180025095e-35 1.0000000180025095e-35 2777.4150000000004 271.98500000000007 225.00500000000002 636.50000000000011 12961.865000000002
decision_type=2 2 2 10 2 2 8 2
left_child=1 2 -1 5 -2 6 -4 -8
right_child=4 -3 3 -5 -6 -7 7 -9
leaf_value=0.23322397132554906 -0.0011711627542310417 -0.036992930891625926 0.067291986487830288 -0.01181611561331457 -0.054318767279800229 0.033152386566263722 0.19222126104617446 0.094997058941981724
leaf_weight=147.21735059749335 291.72482298314571 191.16695016529411 70.514468273147941 71.981544852256775 1133.7655129162595 57.601723763160408 95.032051716931164 61.205051057972014
leaf_count=3481 22996 10428 2585 5364 107495 4198 4284 2453
internal_value=-0.00225354 0.0822612 0.127534 0.0838695 -0.0434422 0.108091 0.127128 0.154134
internal_weight=2120.21 694.719 503.552 356.335 1425.49 284.353 226.752 156.237
internal_count=163284 32793 22365 18884 130491 13520 9322 6737
is_linear=0
shrinkage=0.0750466


Tree=6
num_leaves=9
num_cat=0
split_feature=28 32 12 84 16 85 138 64
split_gain=882.154 342.516 421.463 161.429 99.6363 88.1175 90.661 54.6486
threshold=2982.1750000000006 1.0000000180025095e-35 5.5000000000000009 1.0000000180025095e-35 -68.659999999999982 4750.6500000000005 21996.515000000003 476.68500000000006
decision_type=2 2 2 2 2 2 10 2
left_child=1 2 -1 4 -4 6 7 -2
right_child=5 -3 3 -5 -6 -7 -8 -9
leaf_value=0.19488911541158596 0.033766927779970493 -0.029924363772892214 0.11304644755018518 -0.023077490751649093 0.030202696573855374 -0.061559267498219446 -0.044587437748250691 -0.031766190390669191
leaf_weight=153.42714207153767 188.43754943646491 182.41391125693917 193.10523247811943 121.29004036728293 141.80645668134093 585.89117571339011 434.28758712951094 115.65196785796434
leaf_count=3301 14710 8352 4472 9359 8113 62045 41964 10968
internal_value=-0.00235565 0.0602952 0.0872908 0.051104 0.0779692 -0.039827 -0.0225828 0.00884323
internal_weight=2116.31 792.043 609.629 456.202 334.912 1324.27 738.377 304.09
internal_count=163284 33597 25245 21944 12585 129687 67642 25678
is_linear=0
shrinkage=0.0750466


Tree=7
num_leaves=9
num_cat=0
split_feature=18 32 51 51 28 28 133 18
split_gain=951.644 392.406 188.222 177.095 117.055 113.319 56.8471 49.0973
threshold=3102.7650000000003 1.0000000180025095e-35 1.0000000180025095e-35 1.0000000180025095e-35 5998.3400000000011 10333.675000000001 1.0000000180025095e-35 24182.040000000005
decision_type=2 2 2 2 2 2 8 2
left_child=1 3 4 5 7 6 -1 -2
right_child=2 -3 -4 -5 -6 -7 -8 -9
leaf_value=0.10248687927036371 0.069634824267254425 -0.03413380415230205 -0.06601636368893872 -0.028025041972667836 -0.033078214338440291 0.037724443521616358 0.15888466328048528 -0.0064748171980295709
leaf_weight=271.05408649891615 115.02394136041403 179.14390810485929 745.29512658435851 61.725542829371989 386.38447414338589 108.80971051286906 160.1183810159564 81.599324041977525
leaf_count=7641 5521 10428 80028 4220 39461 8551 1953 5481
internal_value=-0.00238074 0.0633666 -0.0410307 0.092395 -0.00909006 0.10616 0.123431 0.0380491
internal_weight=2109.15 780.852 1328.3 601.708 583.008 539.982 431.172 196.623
internal_count=163284 32793 130491 22365 50463 18145 9594 11002
is_linear=0
shrinkage=0.0750466


Tree=8
num_leaves=9
num_cat=0
split_feature=138 85 20 85 63 127 5 118
split_gain=561.518 238.514 101.576 70.0631 70.8413 37.4558 42.9364 35.475
threshold=6957.295000000001 1.0000000180025095e-35 6276.0250000000005 4750.6500000000005 1.0000000180025095e-35 510.50000000000006 36.500000000000007 694.53000000000009
decision_type=10 2 2 2 2 8 2 10
left_child=1 2 5 4 7 -1 -7 -2
right_child=3 -3 -4 -5 -6 6 -8 -9
leaf_value=0.030355003805182291 0.012817915311950501 -0.026276644898056086 -0.016497740968943863 -0.060468485466024069 -0.050847094565308851 0.1204792665089858 0.067686457121761162 -0.041896930237065325
leaf_weight=111.08264188095927 273.0199446035549 238.31192409154028 86.371886525303125 478.04669126588851 279.98703552223742 108.25090738758445 437.10752173885703 88.329732907935977
leaf_count=4087 23139 19963 4609 57085 30452 2701 12491 8757
internal_value=-0.00239528 0.0390503 0.0600087 -0.0387218 -0.0225119 0.0700751 0.0781656 -0.000556796
internal_weight=2100.51 981.125 742.813 1119.38 641.337 656.441 545.358 361.35
internal_count=163284 43851 23888 119433 62348 19279 15192 31896
is_linear=0
shrinkage=0.0750466


Tree=9
num_leaves=9
num_cat=0
split_feature=11 84 22 4 24 133 22 71
split_gain=721.979 173.564 109.416 66.0736 65.9098 60.8998 42.8867 20.7667
threshold=225.00500000000002 1.5000000000000002 6061.1650000000009 1.0000000180025095e-35 1.5000000000000002 1.0000000180025095e-35 26219.395 1.0000000180025095e-35
decision_type=2 2 2 2 2 8 2 2
left_child=1 2 3 5 6 -1 -2 -3
right_child=4 7 -4 -5 -6 -7 -8 -9
leaf_value=0.070105853468036064 0.0057698004589618159 -0.045224186622277562 -0.0054321584579387775 0.030545103925012182 -0.055078730374365156 0.12888753637964737 -0.042149482809261028 0.027251116834178506
leaf_weight=373.60961972083896 212.77816817071289 110.09518808405846 119.69640771485865 160.86562160681933 744.34038968477398 135.18048346787691 208.02467309776694 27.911328423768282
leaf_count=14629 16989 11105 7097 3487 86923 2000 19432 1622
internal_value=-0.00233088 0.0470804 0.0606558 0.0724685 -0.0416582 0.0857236 -0.0179192 -0.0305663
internal_weight=2092.5 927.359 789.352 669.656 1165.14 508.79 420.803 138.007
internal_count=163284 39940 27213 20116 123344 16629 36421 12727
is_linear=0
shrinkage=0.0750466


Tree=10
num_leaves=9
num_cat=0
split_feature=11 103 31 83 26 16 149 11
split_gain=617.257 123.075 76.2501 49.433 44.1401 37.2249 49.2374 36.7482
threshold=225.00500000000002 1.0000000180025095e-35 1106.3200000000004 3873.2450000000003 1.0000000180025095e-35 -14461.189999999999 206.50000000000003 475.70500000000004
decision_type=2 2 2 2 2 2 10 2
left_child=1 2 3 5 -2 -1 -7 -6
right_child=4 -3 -4 -5 7 6 -8 -9
leaf_value=0.10622989032271962 0.027045700305437431 -0.02310971219767935 -0.016904644209444968 0.0036028710149679905 -0.018464956293368702 0.02759559880449159 0.074873364902911063 -0.051264935536524989
leaf_weight=112.45155674405396 52.378668249584734 140.93238094542176 79.862240287475288 77.679501221049577 251.86062617274001 187.53220213437453 366.5701112896204 814.52339355275035
leaf_count=1733 2475 12853 5404 4482 25740 3391 12077 95129
internal_value=-0.00227971 0.0416983 0.0527814 0.0602593 -0.0402145 0.066862 0.0588725 -0.0435182
internal_weight=2083.79 965.028 824.096 744.233 1118.76 666.554 554.102 1066.38
internal_count=163284 39940 27087 21683 123344 17201 15468 120869
is_linear=0
shrinkage=0.0750466


Tree=11
num_leaves=9
num_cat=0
split_feature=27 85 71 8 63 138 8 149
split_gain=443.033 124.595 99.7427 115.742 67.24 61.2558 41.8253 47.1465
threshold=2.5000000000000004 11788.650000000001 1.0000000180025095e-35 14788.655000000001 1.0000000180025095e-35 19815.575000000004 37731.905000000006 636.50000000000011
decision_type=2 2 2 2 2 10 2 10
left_child=1 4 -2 5 6 -4 7 -1
right_child=2 -3 3 -5 -6 -7 -8 -9
leaf_value=0.04166006456171132 -0.054360127643999917 -0.030130291674488854 0.09062461516948582 -0.04164633771032878 -0.010154307453285856 0.0024622063393224319 0.010831662045976501 0.082890865452032503
leaf_weight=343.95632457686588 643.6675193104893 146.67331396182999 72.675360778812319 245.12105295341462 109.49284135969356 114.02494595572352 113.16646787663922 286.1306461347267
leaf_count=7546 82506 13571 4892 24885 6855 11850 3169 8010
internal_value=-0.00221205 0.0337611 -0.0356408 -0.00773807 0.0447505 0.0367805 0.0528388 0.0603835
internal_weight=2074.91 999.42 1075.49 431.821 852.746 186.7 743.253 630.087
internal_count=163284 39151 124133 41627 25580 16742 18725 15556
is_linear=0
shrinkage=0.0750466


Tree=12
num_leaves=9
num_cat=0
split_feature=107 107 81 94 81 21 72 72
split_gain=702.903 56.1332 52.9303 26.6277 19.9197 19.0937 18.8707 13.7383
threshold=45.500000000000007 85.500000000000014 15997.960000000001 1.0000000180025095e-35 56108.485000000008 1.0000000180025095e-35 1708.4500000000003 1708.4500000000003
decision_type=2 2 2 2 2 2 2 2
left_child=2 3 5 4 -2 -1 -4 -3
right_child=1 7 6 -5 -6 -7 -8 -9
leaf_value=0.082542747723661811 -0.011881376570719636 -0.0583073513516481 -0.02599095356307542 0.047529324075679842 -0.052759517154099052 0.048990707699447897 0.03187783749794524 -0.034627954489429957
leaf_weight=110.96232305560261 235.76962435198948 600.71542483428493 66.711891868617386 32.649051133543253 93.865766650531441 686.58100038953125 60.534543666057289 179.14242518600076
leaf_count=2130 20949 80429 5077 2948 10296 19585 2920 18950
internal_value=-0.00214822 -0.0415283 0.0464874 -0.0171186 -0.0235217 0.0536588 0.00153878 -0.0528679
internal_weight=2066.93 1142.14 924.79 362.284 329.635 797.543 127.246 779.858
internal_count=163284 133572 29712 34193 31245 21715 7997 99379
is_linear=0
shrinkage=0.0750466


Tree=13
num_leaves=9
num_cat=0
split_feature=107 107 107 140 9 153 58 113
split_gain=603.608 57.1481 36.9188 28.5481 22.844 27.2281 15.7508 15.1773
threshold=52.500000000000007 22.500000000000004 85.500000000000014 -1.0000000180025095e-35 1579.095 3853.3050000000007 2721.1550000000007 -1355.4999999999998
decision_type=2 2 2 10 2 8 2 10
left_child=1 3 -2 7 6 -6 -3 -1
right_child=2 4 -4 -5 5 -7 -8 -9
leaf_value=0.035255413081284069 -0.019946563985014362 -0.016375524890973148 -0.051614964545232039 0.080236741514449053 0.049789180787958819 -0.011224421074398713 0.041178984979624758 0.064451630677958741
leaf_weight=367.41100159473717 287.95929492777213 137.54056236427277 740.42596990196034 152.86767890490592 142.69190903892741 57.91133011970669 33.254476184956729 137.91916587296873
leaf_count=5703 28729 9619 99379 5053 6882 2534 2863 2522
internal_value=-0.00208036 0.0385389 -0.0427475 0.0518202 0.0150016 0.0321754 -0.00516943 0.0432239
internal_weight=2057.98 1029.6 1028.39 658.198 371.398 200.603 170.795 505.33
internal_count=163284 35176 128108 13278 21898 9416 12482 8225
is_linear=0
shrinkage=0.0750466


Tree=14
num_leaves=9
num_cat=0
split_feature=153 26 16 56 81 56 96 141
split_gain=282.638 114.002 85.582 44.2969 41.1169 37.3482 24.014 29.8584
threshold=651.0150000000001 1.0000000180025095e-35 -1.0000000180025095e-35 1.0000000180025095e-35 42044.910000000011 70.440000000000012 1.0000000180025095e-35 2.9250000000000003
decision_type=10 2 2 2 2 2 2 8
left_child=2 -2 5 4 -3 6 -1 -8
right_child=1 3 -4 -5 -6 -7 7 -9
leaf_value=0.034732214720727524 0.15096232810647986 -0.0045308199928436512 -0.0047566517773208446 -0.054850175121053002 -0.049957492420110182 -0.00090058093304807641 0.10236107074256666 0.04453734428084425
leaf_weight=400.20501620229334 18.573839890304953 302.53713126247749 403.3940254622139 414.78671208210289 178.38360579079017 115.35380571847782 79.453894225414842 137.0386444022879
leaf_count=6803 405 29803 28475 59297 25261 6330 3681 3229
internal_value=-0.00200801 -0.0330637 0.0229986 -0.0368797 -0.0213805 0.038293 0.0456242 0.065759
internal_weight=2049.73 914.281 1135.45 895.707 480.921 732.051 616.698 216.493
internal_count=163284 114766 48518 114361 55064 20043 13713 6910
is_linear=0
shrinkage=0.0750466


Tree=15
num_leaves=9
num_cat=0
split_feature=28 33 12 84 72 33 6 63
split_gain=258.596 229.899 131.689 61.9765 58.0896 33.5968 36.0107 30.2278
threshold=7437.8550000000005 17595.285000000003 5.5000000000000009 2.5000000000000004 1708.4500000000003 27559.105000000007 180.50000000000003 1.0000000180025095e-35
decision_type=2 2 2 2 2 2 2 2
left_child=1 2 -1 7 -2 6 -6 -4
right_child=4 -3 3 -5 5 -7 -8 -9
leaf_value=0.081651414790279389 -0.046836138103997574 -0.052945668067683464 0.034846398050487871 -0.037312531162694861 0.028910535295789123 -0.071602291212899141 -0.033177499855782923 -0.0088498948075044059
leaf_weight=256.38456659996882 583.88733925344422 199.56694156071171 536.5032262490131 95.131402309983969 144.51545597612858 36.129100800957531 82.728472232352942 106.93325211666524
leaf_count=3681 87071 9529 15666 10362 14745 4310 9665 8255
internal_value=-0.00192648 0.0205666 0.0353117 0.0192254 -0.0336386 -0.00438022 0.0063073 0.0275845
internal_weight=2041.78 1194.52 994.952 738.568 847.26 263.373 227.244 643.436
internal_count=163284 47493 37964 34283 115791 28720 24410 23921
is_linear=0
shrinkage=0.0750466


Tree=16
num_leaves=9
num_cat=0
split_feature=33 29 56 16 64 31 12 16
split_gain=227.165 230.869 120.63 83.616 72.2512 37.4594 20.7671 18.142
threshold=17595.285000000003 1.0000000180025095e-35 280.34000000000003 -14461.189999999999 2206.9200000000005 539.49500000000012 4.5000000000000009 -1.0000000180025095e-35
decision_type=2 2 2 2 2 2 2 2
left_child=1 3 4 -1 5 7 -5 -3
right_child=-2 2 -4 6 -6 -7 -8 -9
leaf_value=0.12667392873090411 -0.058948714057811429 0.036933181463607689 -0.043287877389196018 0.071601884745368133 -0.033824811804853958 -0.013647847220814231 0.029180344810088684 0.0099866264116370788
leaf_weight=82.489640238229185 329.03769661206752 375.60373403923586 355.91859873803332 92.260562051087618 187.49275210080668 163.81692814035341 219.90157087380067 225.01391007658094
leaf_count=642 31239 13927 48058 1213 25634 15727 8904 17940
internal_value=-0.00186533 0.00916705 -0.00601389 0.0594755 0.00792257 0.0181619 0.0417182 0.026838
internal_weight=2031.54 1702.5 1307.85 394.652 951.927 764.435 312.162 600.618
internal_count=163284 132045 121286 10759 73228 47594 10117 31867
is_linear=0
shrinkage=0.0750466


Tree=17
num_leaves=9
num_cat=0
split_feature=51 33 11 21 31 107 83 20
split_gain=471.21 208.046 154.924 43.4795 31.7703 29.5112 26.1749 38.418
threshold=1.0000000180025095e-35 17595.285000000003 665.45500000000015 1.0000000180025095e-35 5680.9500000000007 45.500000000000007 1.0000000180025095e-35 203.56500000000003
decision_type=2 2 2 2 2 2 2 2
left_child=1 2 3 -1 6 -2 7 -5
right_child=5 -3 -4 4 -6 -7 -8 -9
leaf_value=0.093386371133405033 -0.017828937493930531 -0.051019864138600622 -0.020303835517769334 0.046451119731565835 -0.0089734765310281808 -0.064682470707986314 0.077635980784660608 -0.0051703152288325623
leaf_weight=99.353848824743181 88.945694103371352 191.76071985205635 245.6524370694533 607.17031498532742 66.211276493966579 508.86946418369189 118.84790360881016 93.73085003439337
leaf_count=1437 6552 12125 29218 14534 5563 81787 8517 3551
internal_value=-0.00180243 0.0216899 0.0330167 0.0463102 0.041031 -0.0577114 0.0450699 0.0395478
internal_weight=2020.54 1422.73 1230.97 985.314 885.96 597.815 819.749 700.901
internal_count=163284 74945 62820 33602 32165 88339 26602 18085
is_linear=0
shrinkage=0.0750466


Tree=18
num_leaves=9
num_cat=0
split_feature=18 32 29 28 116 149 138 55
split_gain=294.748 171.671 41.4869 33.3222 27.5232 24.1611 20.9268 13.1559
threshold=11352.675000000001 1.0000000180025095e-35 1.0000000180025095e-35 1395.8750000000002 3435.7150000000006 636.50000000000011 1.0000000180025095e-35 1.0000000180025095e-35
decision_type=2 2 2 2 10 10 8 2
left_child=1 2 -1 -2 5 -4 -3 -7
right_child=3 6 4 -5 -6 7 -8 -9
leaf_value=0.054067791879554572 -0.010295735841461592 0.021321654316724028 0.0051897104986692198 -0.049096318729180598 -0.012650173503124496 0.045289041589069524 -0.045521748308198079 0.013227367565729297
leaf_weight=345.21829861914739 160.71388579672202 30.108749649021775 175.5089364121668 555.63521088752896 107.44756301864982 331.06046835705638 212.90717230085284 92.140201632864773
leaf_count=5079 12833 1258 6036 91558 10045 12777 16890 6808
internal_value=-0.00176814 0.0196069 0.0327466 -0.0403914 0.0223234 0.0285999 -0.0372401 0.0383085
internal_weight=2010.74 1294.39 1051.38 716.349 706.157 598.71 243.016 423.201
internal_count=163284 58893 40745 104391 35666 25621 18148 19585
is_linear=0
shrinkage=0.0750466


Tree=19
num_leaves=9
num_cat=0
split_feature=52 22 8 97 7 74 8 74
split_gain=399.939 130.034 48.4404 47.0191 40.1675 38.2786 34.9676 32.4912
threshold=16685.650000000005 6061.1650000000009 11254.315000000002 1.0000000180025095e-35 1462.8150000000003 1068.0300000000002 18628.875000000004 513.96500000000015
decision_type=2 2 2 2 2 2 2 2
left_child=1 2 3 -1 7 -4 -3 -5
right_child=-2 6 5 4 -6 -7 -8 -9
leaf_value=0.029837066609339855 -0.059048422779009346 0.0053456920660743083 0.065031893464647758 0.085234142624240269 0.12482605876702904 0.0082372549845767702 -0.036424173717254558 0.013823301618125628
leaf_weight=297.6786621613428 510.22926778532565 224.09329871414229 78.45796505222097 82.494563313666731 65.712176981847733 451.14868478989229 227.43495719786733 63.509565695654601
leaf_count=5494 84455 21127 3051 3829 2027 13656 24765 4880
internal_value=-0.00170046 0.0179305 0.032543 0.0490655 0.0761012 0.016651 -0.0156938 0.0541715
internal_weight=2000.76 1490.53 1039 509.395 211.716 529.607 451.528 146.004
internal_count=163284 78829 32937 16230 10736 16707 45892 8709
is_linear=0
shrinkage=0.0750466


Tree=20
num_leaves=9
num_cat=0
split_feature=51 8 16 50 113 73 150 16
split_gain=357.194 103.35 57.98 39.7183 31.8987 36.703 22.0555 13.1503
threshold=1.0000000180025095e-35 9683.5850000000009 -14461.189999999999 1.0000000180025095e-35 -1962.9999999999998 8.5000000000000018 7173.1900000000014 -4047.3549999999991
decision_type=2 2 2 2 10 2 10 2
left_child=1 4 -3 6 -1 7 -4 -6
right_child=-2 2 3 -5 5 -7 -8 -9
leaf_value=0.018746854209971697 -0.055029641236361247 0.043546210578546692 0.0048468285359386885 -0.064111015404240718 0.037522144392974008 0.00047395143550381738 -0.028174832221812753 0.073277686868256628
leaf_weight=223.35614322591573 521.40640944894403 148.05328295379877 512.72722000116482 64.691798368934542 76.258039298001677 59.544511978980154 146.45337143633515 241.0447507230565
leaf_count=6423 88339 2843 19523 5891 1985 6957 19596 11727
internal_value=-0.00165249 0.0172529 0.00075523 -0.00799679 0.0412194 0.0545388 -0.00248976 0.0646845
internal_weight=1993.54 1472.13 871.926 723.872 600.203 376.847 659.181 317.303
internal_count=163284 74945 47853 45010 27092 20669 39119 13712
is_linear=0
shrinkage=0.0750466


Tree=21
num_leaves=9
num_cat=0
split_feature=52 107 8 107 150 8 137 71
split_gain=322.672 74.9979 48.8106 38.7881 27.558 26.3452 21.836 21.7205
threshold=16685.650000000005 85.500000000000014 11254.315000000002 22.500000000000004 953.55500000000018 18628.875000000004 31032.320000000003 1.0000000180025095e-35
decision_type=2 2 2 2 10 2 10 2
left_child=1 2 4 -4 -1 6 -3 -2
right_child=7 5 3 -5 -6 -7 -8 -9
leaf_value=0.028375469541421738 -0.060822558773568854 0.031629093215021366 0.024063329191915631 -0.012970038628864807 0.064696099168411944 -0.043896592669511132 -0.029522119849966229 0.013296668913975976
leaf_weight=448.62869208725169 432.54581715771928 70.220661270432174 375.22158073633909 276.78015485452488 159.47551843337715 138.03339949855581 61.856846641749144 23.475900199729949
leaf_count=8874 81391 7779 5874 17348 9909 19911 9134 3064
internal_value=-0.00159799 0.0149145 0.0226066 0.00834236 0.0379006 -0.0209704 0.00298969 -0.0570069
internal_weight=1986.24 1530.22 1260.11 652.002 608.104 270.111 132.078 456.022
internal_count=163284 78829 42005 23222 18783 36824 16913 84455
is_linear=0
shrinkage=0.0750466


Tree=22
num_leaves=9
num_cat=0
split_feature=52 32 94 73 12 133 5 107
split_gain=289.287 102.59 86.8027 70.5337 62.0902 32.9722 23.0533 21.6243
threshold=16685.650000000005 1.5000000000000002 1.0000000180025095e-35 9.5000000000000018 6.5000000000000009 1.0000000180025095e-35 30.500000000000004 66.500000000000014
decision_type=2 2 2 2 2 8 2 2
left_child=1 2 3 5 -4 6 -1 -8
right_child=-2 -3 4 -5 -6 -7 7 -9
leaf_value=0.060509741381488347 -0.055907741605336528 -0.047473841682189002 0.15383573649111185 -0.026705239169926721 0.034264787441204085 0.043329800987565233 0.01632295567569058 -0.017828620191737532
leaf_weight=56.16503284056671 431.13295409013517 140.79925559158437 44.056416259147227 197.77098212507553 54.984009933425114 297.2315937182866 631.67607324151322 125.09895599982701
leaf_count=2315 84455 7905 1644 23056 4984 2864 21081 14980
internal_value=-0.00154125 0.0136025 0.0197145 0.0145851 0.0874539 0.0219407 0.0141204 0.0106775
internal_weight=1978.92 1547.78 1406.98 1307.94 99.0404 1110.17 812.94 756.775
internal_count=163284 78829 70924 64296 6628 41240 38376 36061
is_linear=0
shrinkage=0.0750466


Tree=23
num_leaves=9
num_cat=0
split_feature=81 27 71 94 127 95 103 127
split_gain=116.011 52.4885 46.9668 22.867 21.5096 20.1039 18.9714 18.6939
threshold=48679.555000000008 2.5000000000000004 1.0000000180025095e-35 1.0000000180025095e-35 610.50000000000011 1.5000000000000002 1.0000000180025095e-35 1221.5000000000002
decision_type=2 2 2 2 10 2 2 10
left_child=1 4 6 -4 -1 -2 -3 -6
right_child=5 2 3 -5 7 -7 -8 -9
leaf_value=0.0087962343317785751 -0.041608067050994221 -0.018831717073340637 0.001794842682488644 0.071249331328670493 0.061801498278505104 0.021432378768855478 -0.062041835663724142 0.022633000445686158
leaf_weight=626.62966207088903 381.40106192068197 142.90111083677039 247.60754089150578 29.923872195417061 86.780432537663728 30.790716145420447 95.448642049683258 328.03546477714553
leaf_count=14696 65306 19814 20300 2479 2692 5120 22276 10601
internal_value=-0.00149594 0.00787449 -0.0117012 0.00928353 0.0175713 -0.0368989 -0.0361355 0.0308271
internal_weight=1969.52 1557.33 515.881 277.531 1041.45 412.192 238.35 414.816
internal_count=163284 92858 64869 22779 27989 70426 42090 13293
is_linear=0
shrinkage=0.0750466


Tree=24
num_leaves=9
num_cat=0
split_feature=52 133 33 94 138 20 127 71
split_gain=246.155 140.754 126.379 45.7829 42.0738 26.456 21.9242 21.8385
threshold=16685.650000000005 1.0000000180025095e-35 27559.105000000007 1.0000000180025095e-35 21996.515000000003 104.79500000000002 2104.5000000000005 1.0000000180025095e-35
decision_type=2 10 2 2 10 2 8 2
left_child=1 2 3 4 5 -1 -5 -2
right_child=7 -3 -4 6 -6 -7 -8 -9
leaf_value=0.023841606237997897 -0.058488863034003073 0.14289885229170715 -0.053622193886396004 0.11019663908552532 -0.018040957765144788 -0.0070291161063581725 0.036959142317031561 0.017893143576148393
leaf_weight=847.40689490549266 374.78000442567281 44.910282713361084 166.42905799578875 37.604461041046306 219.11204380262643 191.72087015793659 59.35933354543522 22.33810052764602
leaf_count=21567 81391 473 11759 2247 28423 10575 3785 3064
internal_value=-0.00141916 0.0119588 0.00809419 0.0156734 0.0118443 0.0181459 0.0653621 -0.0541923
internal_weight=1963.66 1566.54 1521.63 1355.2 1258.24 1039.13 96.9638 397.118
internal_count=163284 78829 78356 66597 60565 32142 6032 84455
is_linear=0
shrinkage=0.0750466


Tree=25
num_leaves=9
num_cat=0
split_feature=22 33 29 153 22 25 97 153
split_gain=168.672 168.636 41.6362 34.1467 29.4032 22.8509 23.4312 22.297
threshold=26219.395 27559.105000000007 1.0000000180025095e-35 3853.3050000000007 -9370.4499999999989 14700.440000000001 5.5000000000000009 16122.885000000002
decision_type=2 2 2 8 2 2 2 8
left_child=1 2 4 5 -1 6 -4 -6
right_child=-2 -3 3 -5 7 -7 -8 -9
leaf_value=0.068300299842986009 -0.03891042104555506 -0.054764368048404392 0.011710676142320759 -0.018833722177161262 0.052581333337855571 -0.027440724691551337 0.041248007767423975 0.0084690812274252937
leaf_weight=144.37453714571893 501.43232272309251 187.94459901610389 386.41406124271452 163.90227353502996 108.27671373821795 54.321327903307974 248.54549762629904 159.74212269322015
leaf_count=1029 86001 18829 11275 16394 3616 9264 14611 2265
internal_value=-0.00137953 0.0115678 0.0214185 0.0119548 0.0409973 0.019276 0.0232726 0.02629
internal_weight=1954.95 1453.52 1265.58 853.183 412.393 689.281 634.96 268.019
internal_count=163284 77283 58454 51544 6910 35150 25886 5881
is_linear=0
shrinkage=0.0750466


Tree=26
num_leaves=9
num_cat=0
split_feature=107 25 127 127 26 55 0 58
split_gain=162.142 18.2859 10.9375 25.5265 25.7522 10.3229 13.8027 9.26626
threshold=66.500000000000014 16350.765000000001 610.50000000000011 991.50000000000011 1.0000000180025095e-35 1.0000000180025095e-35 34241628.000000007 496.29500000000007
decision_type=2 2 10 10 2 2 2 2
left_child=2 5 7 -4 -5 6 -2 -1
right_child=1 -3 3 4 -6 -7 -8 -9
leaf_value=0.0038743081786163564 -0.032932271171536999 -0.048688618257565375 0.060318450628701718 0.058751925498228524 0.0085554363862178819 -0.035532186781398141 0.0089147155308869387 0.029778227044340001
leaf_weight=636.89066724618897 80.200539634097368 256.91679843235761 79.5259768308606 65.647561111487448 467.29871634417213 170.97911450336687 99.421729383990169 88.592612762004137
leaf_count=15559 12955 57443 3011 810 22903 30847 15056 4700
internal_value=-0.00132701 -0.0334789 0.013272 0.0206569 0.0147386 -0.0223334 -0.00976978 0.00703757
internal_weight=1945.47 607.518 1337.96 612.472 532.946 350.601 179.622 725.483
internal_count=163284 116301 46983 26724 23713 58858 28011 20259
is_linear=0
shrinkage=0.0750466


Tree=27
num_leaves=9
num_cat=0
split_feature=52 22 5 116 116 135 18 5
split_gain=199.716 61.2387 32.6739 30.3336 21.0543 19.5562 20.3736 14.096
threshold=16685.650000000005 65850.970000000016 39.500000000000007 2777.4150000000004 702.78000000000009 -1840.4999999999998 1.0000000180025095e-35 61.500000000000007
decision_type=2 2 2 8 10 10 2 2
left_child=1 2 3 5 7 -1 -7 -4
right_child=-2 -3 4 -5 -6 6 -8 -9
leaf_value=0.017344864592013655 -0.051853311878997561 -0.030008375795497914 0.0067784471462481403 0.011436887459480993 -0.017937956079133274 0.03245377173721415 0.088362874121993562 0.028423832997260735
leaf_weight=63.108680325560272 358.24620675854385 187.96230302378535 605.13065745448694 187.90453773038462 147.08866653381847 59.593378494493663 95.589755446650088 235.34391612466425
leaf_count=1841 84455 24933 19143 6327 13159 939 4995 7492
internal_value=-0.00125758 0.0102019 0.0156247 0.0335411 0.00825542 0.0525683 0.0668927 0.0128394
internal_weight=1939.97 1581.72 1393.76 406.196 987.563 218.292 155.183 840.475
internal_count=163284 78829 53896 14102 39794 7775 5934 26635
is_linear=0
shrinkage=0.0750466


Tree=28
num_leaves=9
num_cat=0
split_feature=133 32 56 39 73 83 32 56
split_gain=113.505 73.026 63.4878 27.189 21.8543 13.3022 13.7391 12.271
threshold=1.0000000180025095e-35 1.0000000180025095e-35 1169.9700000000003 25863.355000000003 9.5000000000000018 1.0000000180025095e-35 1.5000000000000002 8668.8100000000031
decision_type=10 2 2 2 2 2 2 2
left_child=1 2 3 4 -1 6 -3 -4
right_child=-2 5 7 -5 -6 -7 -8 -9
leaf_value=0.014490010093622928 0.10806317061524415 -0.0023943449046492792 -0.020543209822308242 -0.037229134541845378 -0.016460723502656642 -0.062734197515068368 -0.043880237645259966 -0.055323870378607649
leaf_weight=1130.8415844778065 52.097764475969598 72.729489373741671 167.24256131821312 69.494429777143523 144.95590574317612 92.446716004284099 117.74651842750609 86.771221409086138
leaf_count=52499 604 7050 27574 9850 20659 20235 8576 16237
internal_value=-0.00120673 -0.00423119 0.00198611 0.00848337 0.0109734 -0.0393763 -0.0280397 -0.0324243
internal_weight=1934.33 1882.23 1599.31 1345.29 1275.8 282.923 190.476 254.014
internal_count=163284 162680 126819 83008 73158 35861 15626 43811
is_linear=0
shrinkage=0.0750466


Tree=29
num_leaves=9
num_cat=0
split_feature=51 50 133 8 72 12 113 125
split_gain=171.515 76.4384 61.2941 43.4305 42.3791 33.5498 22.523 22.356
threshold=1.0000000180025095e-35 1.0000000180025095e-35 1.0000000180025095e-35 9683.5850000000009 1287.6450000000002 4.5000000000000009 -1962.9999999999998 -4536.1249999999991
decision_type=2 2 10 2 2 2 10 8
left_child=1 2 3 6 -2 -5 -1 -8
right_child=4 -3 -4 5 -6 -7 7 -9
leaf_value=0.0068190518302118667 -0.053142778822169709 -0.061293768276597764 0.093793403572671713 0.047271243142798305 0.053938822707021931 -0.0061727068997803475 -0.0082019358207687278 0.042925931876514015
leaf_weight=237.11792621714994 351.51255686930381 80.685621961019933 51.947317171376199 73.016781789716333 22.125555179314688 703.82377520250157 55.820451797218993 351.25421931548044
leaf_count=6315 86196 7071 452 662 2143 40814 5849 13782
internal_value=-0.00114981 0.00982894 0.0137248 0.0107978 -0.0468018 -0.0011494 0.0252052 0.035915
internal_weight=1927.3 1553.67 1472.98 1421.03 373.638 776.841 644.193 407.075
internal_count=163284 74945 67874 67422 88339 41476 25946 19631
is_linear=0
shrinkage=0.0750466


Tree=30
num_leaves=9
num_cat=0
split_feature=107 98 94 11 149 137 55 127
split_gain=109.464 73.4362 45.5146 17.5929 14.9935 11.1929 9.13771 7.62316
threshold=85.500000000000014 1.0000000180025095e-35 1.0000000180025095e-35 665.45500000000015 489.50000000000006 4483.3200000000006 1.5000000000000002 991.50000000000011
decision_type=2 2 2 2 10 10 2 8
left_child=1 2 3 4 -1 6 -2 -6
right_child=5 -3 -4 -5 7 -7 -8 -9
leaf_value=-0.0066996520606254842 0.0056518612606184663 0.076526811963053581 0.055002214903093045 -0.025506323727185125 0.02444393623822963 -0.040493666822130542 -0.046421576265553023 0.0062296019729101816
leaf_weight=469.33559772046283 60.942840674892068 84.415538444416597 93.64082388789393 128.68458363716491 169.98854328296147 343.57065141620114 27.561989800538868 542.12563752755523
leaf_count=10625 7782 3652 4268 16764 6795 87634 3963 21801
internal_value=-0.00110985 0.00854478 0.00445671 0.000844005 0.00371411 -0.0343631 -0.0105647 0.0105775
internal_weight=1920.27 1488.19 1403.78 1310.13 1181.45 432.075 88.5048 712.114
internal_count=163284 63905 60253 55985 39221 99379 11745 28596
is_linear=0
shrinkage=0.0750466


Tree=31
num_leaves=9
num_cat=0
split_feature=52 111 50 4 17 8 7 149
split_gain=148.66 125.154 63.0214 36.2733 35.904 23.6676 25.8649 36.0957
threshold=16685.650000000005 1.0000000180025095e-35 1.0000000180025095e-35 1.5000000000000002 3.5000000000000004 9683.5850000000009 1261.8700000000001 636.50000000000011
decision_type=2 10 2 2 2 2 2 10
left_child=1 2 3 5 -2 6 -1 -8
right_child=4 -3 -4 -5 -6 -7 7 -9
leaf_value=0.0090563705958028699 -0.05388767893503927 0.12199854594393914 -0.061690595695569457 -0.045390816141966037 0.069031673907543542 0.0010711640052963919 0.0071371703972808957 0.064160732647060029
leaf_weight=416.40944133326411 298.78218505508266 52.622165309265256 77.401902720564976 68.874553792877123 14.010892891557885 733.25129582476802 110.4209115463309 144.11261664610356
leaf_count=22102 81116 426 7485 1380 3339 41675 1446 4315
internal_value=-0.00105635 0.00817772 0.0043147 0.00778292 -0.0483818 0.0103911 0.0205764 0.039423
internal_weight=1915.89 1603.09 1550.47 1473.07 312.793 1404.19 670.943 254.534
internal_count=163284 78829 78403 70918 84455 69538 27863 5761
is_linear=0
shrinkage=0.0750466


Tree=32
num_leaves=9
num_cat=0
split_feature=22 12 94 22 135 25 25 147
split_gain=96.6926 30.9602 41.0248 21.4619 19.1698 15.43 13.1014 12.8143
threshold=26219.395 7.5000000000000009 1.0000000180025095e-35 -22789.309999999994 -1567.4999999999998 5340.5650000000014 4305.3500000000013 -31205.244999999999
decision_type=2 2 2 2 10 2 2 10
left_child=1 2 3 -1 -5 -3 -2 -4
right_child=6 5 7 4 -6 -7 -8 -9
leaf_value=0.039858835964755195 -0.017992162189194107 -0.0050481414023984834 0.033411982085787995 -0.0023946459060747278 0.019174990496516359 -0.047549475404636471 -0.044408126217654192 0.089107813871930744
leaf_weight=115.83910305146128 192.72506954567507 222.63600759860128 46.664714072132483 617.06910175830126 371.92248778906651 61.369504435919225 234.28788546333089 46.397613940527663
leaf_count=2376 24674 15830 2008 21069 18718 14758 61327 2524
internal_value=-0.00102105 0.00804557 0.0133273 0.00929659 0.00571688 -0.0142321 -0.0324857 0.06118
internal_weight=1908.91 1481.9 1197.89 1104.83 988.992 284.006 427.013 93.0623
internal_count=163284 77283 46695 42163 39787 30588 86001 4532
is_linear=0
shrinkage=0.0750466


Tree=33
num_leaves=9
num_cat=0
split_feature=33 29 95 81 116 104 113 147
split_gain=105.402 52.9004 42.8579 29.757 22.2518 14.601 14.8416 10.8973
threshold=27559.105000000007 1.0000000180025095e-35 1.5000000000000002 62361.94000000001 2777.4150000000004 14721.150000000001 -2054.4999999999995 -1305.0149999999996
decision_type=2 2 2 2 10 2 10 8
left_child=1 -1 3 4 5 6 -3 -8
right_child=-2 2 -4 -5 -6 -7 7 -9
leaf_value=0.02634750719982807 -0.052285825712533422 -0.027270987406038401 0.051302074101229445 -0.033365012908527829 -0.029436643889435562 -0.032995363354905993 0.019886949480726834 0.00095572288907137424
leaf_weight=475.74712767638266 201.56666281120852 68.119947813916951 76.38137015607208 196.2196437495295 135.55663089081645 57.728823692537844 310.35838836361654 382.05256650992669
leaf_count=11123 28835 3608 7737 45907 18266 12666 26965 8177
internal_value=-0.000970869 0.00510574 -0.00313429 -0.00674976 -0.00127446 0.00339102 0.00615296 0.00944124
internal_weight=1903.73 1702.16 1226.42 1150.04 953.816 818.26 760.531 692.411
internal_count=163284 134449 123326 115589 69682 51416 38750 35142
is_linear=0
shrinkage=0.0750466


Tree=34
num_leaves=9
num_cat=0
split_feature=11 98 24 113 24 138 64 109
split_gain=63.5094 55.7573 20.0997 13.5773 11.7925 10.3428 8.51191 6.77165
threshold=475.70500000000004 1.0000000180025095e-35 8.5000000000000018 -2054.4999999999995 4.5000000000000009 6957.295000000001 9022.4400000000023 1.0000000180025095e-35
decision_type=2 2 2 10 2 10 2 2
left_child=1 2 3 -1 6 -6 -2 -5
right_child=4 -3 -4 7 5 -7 -8 -9
leaf_value=-0.0044060202842528531 -0.0081039810914923845 0.066611824976149828 -0.034504990191017763 0.0055621807151860136 -0.010386239690897451 -0.050386811526497245 -0.040666870031893163 0.01964428494506942
leaf_weight=496.58512206631713 205.65044866863173 82.602760373847559 75.55623048893176 461.98334903246723 49.392266585957259 138.46251977747306 57.950956670334563 329.47537277592346
leaf_count=12357 28186 3617 15131 13091 9450 46155 12736 22561
internal_value=-0.000929421 0.00674126 0.00311448 0.00532123 -0.0255018 -0.0398695 -0.0152627 0.0114244
internal_weight=1897.66 1446.2 1363.6 1288.04 451.456 187.855 263.601 791.459
internal_count=163284 66757 63140 48009 96527 55605 40922 35652
is_linear=0
shrinkage=0.0750466


Tree=35
num_leaves=9
num_cat=0
split_feature=52 111 33 137 96 132 6 135
split_gain=116.318 89.5187 75.1979 15.5519 24.6314 13.3719 12.1419 14.2507
threshold=16685.650000000005 1.0000000180025095e-35 27559.105000000007 31032.320000000003 1.0000000180025095e-35 1.0000000180025095e-35 163.50000000000003 -1505.9999999999998
decision_type=2 10 2 10 2 8 2 10
left_child=1 2 3 4 -1 -2 7 -6
right_child=5 -3 -4 -5 6 -7 -8 -9
leaf_value=0.0016305115919268225 -0.05036628011132202 0.099789738900903285 -0.04887382127706575 -0.013190974931748804 0.017652907650975849 0.0081798678575225811 0.0062061444290627829 0.045789133521173218
leaf_weight=664.03744873427786 257.66943842195906 56.379587291972712 140.32535534375347 161.59272698499262 236.25663087610155 24.019531260244548 176.25117308506742 177.59309216891415
leaf_count=13586 80916 426 11794 22640 8969 3539 11936 9478
internal_value=-0.000879594 0.00689349 0.00352764 0.0087216 0.011545 -0.0453741 0.0227017 0.0297269
internal_weight=1894.12 1612.44 1556.06 1415.73 1254.14 281.689 590.101 413.85
internal_count=163284 78829 78403 66609 43969 84455 30383 18447
is_linear=0
shrinkage=0.0750466


Tree=36
num_leaves=9
num_cat=0
split_feature=133 99 107 153 153 96 153 20
split_gain=119.606 65.1669 51.6097 11.3649 11.298 13.7582 14.1082 13.3719
threshold=8.0000000000000018 1.5000000000000002 85.500000000000014 1214.0550000000003 5389.9350000000004 1.0000000180025095e-35 651.0150000000001 55.415000000000006
decision_type=10 2 2 10 10 2 8 2
left_child=1 2 4 -4 5 7 -7 -1
right_child=-2 -3 3 -5 -6 6 -8 -9
leaf_value=0.00034202131786821588 0.15507568759049276 0.09531400393509093 -0.011961218501116977 -0.039642881738929783 -0.023709359204572799 0.021897762899026098 -0.0010553119116458185 -0.028006293403066936
leaf_weight=639.8678178897826 27.306419050320983 37.111231433809735 127.19013701786753 243.33993518247735 95.526287872111425 329.30438319407403 278.25599932507612 109.79302210127935
leaf_count=16957 244 1945 24842 73284 7641 14447 19215 4709
internal_value=-0.000847486 -0.0031361 -0.00513996 -0.0301407 0.0012366 0.00299239 0.0113855 -0.00380979
internal_weight=1887.7 1860.39 1823.28 370.53 1452.75 1357.22 607.56 749.661
internal_count=163284 163040 161095 98126 62969 55328 33662 21666
is_linear=0
shrinkage=0.0750466


Tree=37
num_leaves=9
num_cat=0
split_feature=22 32 50 4 113 131 22 135
split_gain=67.7746 56.8102 43.3991 22.5612 19.0427 14.3236 12.9385 8.32709
threshold=26219.395 1.5000000000000002 1.0000000180025095e-35 1.5000000000000002 -2054.4999999999995 568.90500000000009 -22789.309999999994 -1567.4999999999998
decision_type=2 2 2 2 8 10 2 10
left_child=1 2 3 4 -1 6 -6 -8
right_child=-2 -3 -4 -5 5 -7 7 -9
leaf_value=-0.019594414532676498 -0.028594890772558272 -0.041675434093070306 -0.058818140084927244 -0.036338385329376735 0.047335762844443387 -0.0088225757741148686 0.011675988261209897 0.025508465100018963
leaf_weight=81.707230938714929 391.55056647397578 126.24562714481726 48.440287010162137 49.220596760045737 91.987540905247442 103.39929482038133 543.70285749435425 446.30549667449668
leaf_count=5510 86001 12982 2633 713 2044 12514 18515 22372
internal_value=-0.000808244 0.00648875 0.0109441 0.0135113 0.0154478 0.0178631 0.0204133 0.0179118
internal_weight=1882.56 1491.01 1364.76 1316.32 1267.1 1185.4 1082 990.008
internal_count=163284 77283 64301 61668 60955 55445 42931 40887
is_linear=0
shrinkage=0.0750466


Tree=38
num_leaves=9
num_cat=0
split_feature=107 50 4 108 5 73 9 80
split_gain=52.2556 38.6229 30.2355 18.5847 14.384 11.5991 12.8261 11.034
threshold=85.500000000000014 1.0000000180025095e-35 1.5000000000000002 1.0000000180025095e-35 39.500000000000007 8.5000000000000018 1656.3400000000004 2.5000000000000004
decision_type=2 2 2 2 2 2 2 2
left_child=1 2 4 7 -1 6 -6 -2
right_child=3 -3 -4 -5 5 -7 -8 -9
leaf_value=0.021898373654436566 -0.042619694247620452 -0.05554743972743921 -0.04013180185982796 0.05860563755004268 0.00072300125931976859 -0.021178671287671435 0.019317650524938931 -0.015870303831122062
leaf_weight=412.20877995097544 181.14668358536437 56.475683838943951 70.80606789374724 13.930055103031917 555.3246745087672 85.766919518937357 334.92382221878506 166.84035729651805
leaf_count=16627 50325 3455 1565 4076 24143 7806 10309 44978
internal_value=-0.000771688 0.00534677 0.00770384 -0.0263924 0.0101437 0.00517923 0.00771857 -0.0297949
internal_weight=1877.42 1515.51 1459.03 361.917 1388.22 976.015 890.248 347.987
internal_count=163284 63905 60450 99379 58885 42258 34452 95303
is_linear=0
shrinkage=0.0750466


Tree=39
num_leaves=9
num_cat=0
split_feature=51 99 50 72 94 8 8 137
split_gain=92.1036 55.2673 41.5143 36.9799 26.485 31.5389 12.7027 12.2753
threshold=1.0000000180025095e-35 1.0000000180025095e-35 1.0000000180025095e-35 1287.6450000000002 1.0000000180025095e-35 11254.315000000002 9683.5850000000009 15235.610000000002
decision_type=2 2 2 2 2 2 2 10
left_child=1 2 4 -2 6 -6 -1 -8
right_child=3 -3 -4 -5 5 -7 7 -9
leaf_value=0.01083355870825122 -0.04673252772176173 0.071765069557726005 -0.056996850362409104 0.054579939069896173 0.071495749633367744 -0.0057446858844582742 0.00049924598989026041 -0.02596889574282845
leaf_weight=613.30777835007757 273.27125218266156 69.762619249988347 61.402449482586235 21.918389435857534 71.60813737148419 50.960999125381932 593.27330018603243 118.3738255223725
leaf_count=22474 86196 3168 6579 2143 2932 3235 18510 18047
internal_value=-0.000733345 0.00646115 0.00344194 -0.0392099 0.00600569 0.0393812 0.00291818 -0.00390341
internal_weight=1873.88 1578.69 1508.93 295.19 1447.52 122.569 1324.95 711.647
internal_count=163284 74945 71777 88339 65198 6167 59031 36557
is_linear=0
shrinkage=0.0750466


Tree=40
num_leaves=9
num_cat=0
split_feature=51 17 56 96 138 127 127 84
split_gain=81.7195 36.8036 26.2843 15.5027 24.4546 14.1174 13.6276 12.4705
threshold=1.0000000180025095e-35 3.5000000000000004 8668.8100000000031 1.0000000180025095e-35 19815.575000000004 145.50000000000003 3655.5000000000005 1.0000000180025095e-35
decision_type=2 2 2 2 8 10 10 2
left_child=2 -2 3 -1 5 -5 7 -6
right_child=1 -3 -4 4 6 -7 -8 -9
leaf_value=0.00041772245428576583 -0.044076626423127797 0.078181372883224881 -0.044479134293063147 -0.0033512829520609827 -0.00070174989341720685 0.03262338350760334 -0.03439667655907188 0.04595752302607875
leaf_weight=783.95024812803604 269.36694663343951 14.620123187196439 56.186186945764348 73.589486272307113 205.12308456376195 372.00167205021717 56.087597040925175 38.28088151908014
leaf_count=18605 84759 3580 9592 2393 13208 16501 8976 5670
internal_value=-0.000709364 -0.0377826 0.00593219 0.00778461 0.0155358 0.0266822 -0.00104803 0.0066365
internal_weight=1869.21 283.987 1585.22 1529.03 745.083 445.591 299.492 243.404
internal_count=163284 88339 74945 65353 46748 18894 27854 18878
is_linear=0
shrinkage=0.0750466


Tree=41
num_leaves=9
num_cat=0
split_feature=51 72 4 56 21 26 72 7
split_gain=72.4101 33.0866 28.2047 25.1426 14.8619 14.2923 11.3854 18.3645
threshold=1.0000000180025095e-35 1287.6450000000002 1.5000000000000002 8668.8100000000031 1.0000000180025095e-35 1.0000000180025095e-35 387.90500000000003 568.82500000000016
decision_type=2 2 2 2 2 2 2 2
left_child=2 5 3 4 -1 -2 -6 -8
right_child=1 -3 -4 -5 6 -7 7 -9
leaf_value=0.030800316436017373 0.014443068239413647 0.050698834280629303 -0.041196941760681706 -0.042890535035622096 0.017589625355964079 -0.049625274662676008 -0.028118362723734816 0.0059290971393181459
leaf_weight=162.89930542558432 21.439999705879018 22.571507204324007 69.814193847123533 53.624263091827743 385.52016453025863 229.73978505493142 100.09860771894455 821.09755686169956
leaf_count=2958 3218 2143 1484 9574 22512 82978 7500 30917
internal_value=-0.000680699 -0.0363355 0.00544624 0.00758403 0.00942577 -0.0441566 0.00676116 0.00222945
internal_weight=1866.81 273.751 1593.05 1523.24 1469.62 251.18 1306.72 921.196
internal_count=163284 88339 74945 73461 63887 86196 60929 38417
is_linear=0
shrinkage=0.0750466


Tree=42
num_leaves=9
num_cat=0
split_feature=71 12 153 12 153 150 96 16
split_gain=32.6262 31.7911 18.4175 15.6117 10.7863 27.1263 16.6904 8.64484
threshold=1.5000000000000002 7.5000000000000009 1612.8750000000002 4.5000000000000009 651.0150000000001 3519.0050000000006 1.0000000180025095e-35 -14461.189999999999
decision_type=2 2 8 2 8 10 2 2
left_child=1 3 -3 -1 5 6 -5 -6
right_child=-2 2 -4 4 7 -7 -8 -9
leaf_value=0.024473847512010854 0.077508692232143211 -0.006152997827515991 -0.038329928701148014 -0.0084384244144310606 0.013443537384031628 0.056139505706158464 0.017178716423995252 -0.010688418115309377
leaf_weight=173.20088021829724 29.599845497286879 225.46006090508308 180.3051746035926 339.76654439524282 100.03336672647856 58.045278084347956 247.64460390654858 509.08506545750424
leaf_count=2312 1813 24395 48611 8697 3108 5314 11530 57504
internal_value=-0.000652639 -0.00191444 -0.0204511 0.00335356 0.000437793 0.00719763 0.00236142 -0.00672531
internal_weight=1863.14 1833.54 405.765 1427.78 1254.57 645.456 587.411 609.118
internal_count=163284 161471 73006 88465 86153 25541 20227 60612
is_linear=0
shrinkage=0.0750466


Tree=43
num_leaves=9
num_cat=0
split_feature=25 98 148 17 8 71 73 10
split_gain=31.8327 24.4062 16.918 15.5819 17.4913 22.713 18.9938 12.9879
threshold=14700.440000000001 1.0000000180025095e-35 35.730000000000011 3.5000000000000004 9683.5850000000009 1.0000000180025095e-35 2.5000000000000004 -39.959999999999987
decision_type=2 2 8 2 2 2 2 2
left_child=1 3 -3 4 5 -1 -7 -2
right_child=7 2 -4 -5 -6 6 -8 -9
leaf_value=-0.0070220735123482595 -0.042278604709005699 0.010087871189302855 0.068041787594727107 0.043143773507552025 -0.008907945076614238 -0.00042149588245515954 0.033157002241353151 -0.0032186435019114471
leaf_weight=334.52990426495671 133.58995319879614 62.75025622441899 51.77731485303957 46.528348623076454 761.86654511757661 159.34803255856968 234.48744692513719 74.783464754931629
leaf_count=29041 48374 6547 1156 3887 46017 1383 10211 16668
internal_value=-0.000620153 0.00286772 0.0362885 0.000377018 -0.000958255 0.00735708 0.019571 -0.0282603
internal_weight=1859.66 1651.29 114.528 1536.76 1490.23 728.365 393.835 208.373
internal_count=163284 98242 7703 90539 86652 40635 11594 65042
is_linear=0
shrinkage=0.0750466


Tree=44
num_leaves=9
num_cat=0
split_feature=133 22 21 7 74 22 28 72
split_gain=85.5245 42.4523 18.2199 9.90469 5.32847 8.35763 5.10262 4.98177
threshold=8.0000000000000018 65850.970000000016 1.0000000180025095e-35 1.0000000180025095e-35 174.28500000000003 1.0000000180025095e-35 31176.050000000003 2333.3600000000006
decision_type=10 2 2 2 2 2 2 2
left_child=1 2 -1 4 5 -4 -3 -5
right_child=-2 6 3 7 -6 -7 -8 -9
leaf_value=0.024653916160604132 0.12637064927388941 -0.025178791461502998 -0.025384143005210601 -0.00065602731379363474 -0.024980180404372335 0.017542469329347068 -0.049538747946709531 0.011482685805989837
leaf_weight=175.25406500534154 29.40961420442909 174.61685369687621 47.341861084336415 936.24795707291923 132.75580890499987 55.478614992462099 67.014542696182616 239.02811455738265
leaf_count=4816 244 37631 1580 56693 22291 4074 26845 9110
internal_value=-0.000588823 -0.00263169 0.00183242 -0.00100243 -0.0150472 -0.00222233 -0.0319348 0.00181275
internal_weight=1857.15 1827.74 1586.11 1410.85 235.576 102.82 241.631 1175.28
internal_count=163284 163040 98564 93748 27945 5654 64476 65803
is_linear=0
shrinkage=0.0750466


Tree=45
num_leaves=9
num_cat=0
split_feature=50 25 98 18 4 18 149 28
split_gain=39.7751 24.9527 24.4553 29.9513 23.7016 11.5778 10.7683 10.0821
threshold=1.0000000180025095e-35 14700.440000000001 1.0000000180025095e-35 1.0000000180025095e-35 1.5000000000000002 36158.410000000011 636.50000000000011 2982.1750000000006
decision_type=2 2 2 2 2 2 10 2
left_child=1 2 4 -4 5 6 -1 -3
right_child=-2 7 3 -5 -6 -7 -8 -9
leaf_value=-0.0024800345355797341 -0.055258890843259689 0.00082359822821727823 0.087736612362130831 0.0071284809763071466 -0.04119521802143504 -0.021419426866275945 0.011437426604257476 -0.036077468710949037
leaf_weight=509.39663939049933 71.959510653628968 61.837252859142609 43.046095016878098 65.408449390321039 67.635046918061562 92.283490346977487 812.53756691515446 128.0496311231982
leaf_count=14060 11035 9339 635 5937 1903 20161 48482 51732
internal_value=-0.000558853 0.00165225 0.00472242 0.0391222 0.00220475 0.00428036 0.00607445 -0.0240605
internal_weight=1852.15 1780.19 1590.31 108.455 1481.85 1414.22 1321.93 189.887
internal_count=163284 152249 91178 6572 84606 82703 62542 61071
is_linear=0
shrinkage=0.0750466


Tree=46
num_leaves=9
num_cat=0
split_feature=133 99 116 71 8 9 116 113
split_gain=68.4399 35.7308 26.8254 21.7142 16.4629 26.578 15.5415 13.5924
threshold=8.0000000000000018 1.0000000180025095e-35 -1.0000000180025095e-35 1.5000000000000002 9683.5850000000009 1656.3400000000004 8739.4750000000022 -2054.4999999999995
decision_type=10 2 10 2 2 2 10 10
left_child=1 3 -3 4 5 6 7 -1
right_child=-2 2 -4 -5 -6 -7 -8 -9
leaf_value=-0.018700566285487018 0.11075634625720791 0.10022949861116347 0.0098716976867089801 0.062906545454736382 -0.012704532879413413 0.024374265287051129 -0.052521582070734707 0.0056088682320051698
leaf_weight=200.4877241095528 30.607103949412704 32.021825511939824 43.835860686493106 26.428757093613967 892.04591424902901 219.51448857947253 38.080685816006735 366.06729313544929
leaf_count=10289 244 755 4669 1644 87180 14171 8839 35493
internal_value=-0.000532074 -0.00240518 0.0480145 -0.00459999 -0.00563956 0.00200744 -0.00611289 -0.00299355
internal_weight=1849.09 1818.48 75.8577 1742.62 1716.2 824.15 604.636 566.555
internal_count=163284 163040 5424 157616 155972 68792 54621 45782
is_linear=0
shrinkage=0.0750466


Tree=47
num_leaves=9
num_cat=0
split_feature=33 52 39 113 25 12 153 52
split_gain=73.637 55.7171 14.9878 13.1339 12.6404 15.2815 11.6669 15.2183
threshold=27559.105000000007 65522.015000000007 82168.650000000009 -2054.4999999999995 1.0000000180025095e-35 5.5000000000000009 3489.6750000000006 1.0000000180025095e-35
decision_type=2 2 2 8 2 2 8 2
left_child=1 2 3 -1 -5 -6 7 -7
right_child=-2 -3 -4 4 5 6 -8 -9
leaf_value=-0.019269707622393321 -0.047641851826499999 -0.044053606133651321 -0.029442681357059883 0.0077966933625180368 0.075292941947824571 0.039508653752060148 -0.0069152802267238456 -0.01958672269779857
leaf_weight=83.87294198339805 169.53002680314239 124.45614645059686 57.562207138515078 1134.7225294184173 31.067988590337336 146.71118604310323 68.297292351955548 29.473009950248525
leaf_count=4862 28835 53134 7648 31054 1287 14649 14105 7710
internal_value=-0.000507879 0.00425933 0.00813432 0.00958198 0.0112979 0.0257158 0.0194157 0.0296229
internal_weight=1845.69 1676.16 1551.71 1494.14 1410.27 275.549 244.481 176.184
internal_count=163284 134449 81315 73667 68805 37751 36464 22359
is_linear=0
shrinkage=0.0750466


Tree=48
num_leaves=9
num_cat=0
split_feature=108 153 11 115 153 39 97 81
split_gain=22.7198 36.3002 21.7859 10.7453 10.5681 9.43873 9.24239 9.25572
threshold=1.0000000180025095e-35 2293.2150000000006 665.45500000000015 2964.0000000000005 651.0150000000001 1.0000000180025095e-35 41.500000000000007 1.0000000180025095e-35
decision_type=2 8 2 10 10 2 2 2
left_child=2 -2 3 -1 5 6 7 -4
right_child=1 -3 4 -5 -6 -7 -8 -9
leaf_value=0.0040254531424550287 0.15581713189548518 -0.01083971655173375 0.025678317522145139 -0.017208925778353361 -0.032230904011402516 -0.043085668434450344 0.051944028944347694 -0.032648753278881192
leaf_weight=1383.1439549546922 13.448942161048764 16.260228315368295 29.069539248594083 148.63751519366633 173.40672126295976 24.655012642266229 21.658626222284511 32.401289144647308
leaf_count=61411 1210 3792 2796 19608 60610 4159 4191 5507
internal_value=-0.000493028 0.0646036 -0.00155977 0.00196496 -0.0207606 -0.00230688 0.00978752 -0.0050659
internal_weight=1842.68 29.7092 1812.97 1531.78 281.191 107.784 83.1295 61.4708
internal_count=163284 5002 158282 81019 77263 16653 12494 8303
is_linear=0
shrinkage=0.0750466


Tree=49
num_leaves=9
num_cat=0
split_feature=133 51 17 99 153 25 22 16
split_gain=55.075 45.4259 27.7278 22.0472 16.5247 22.4555 24.3126 22.9913
threshold=8.0000000000000018 1.0000000180025095e-35 3.5000000000000004 1.0000000180025095e-35 5389.9350000000004 1.0000000180025095e-35 78916.440000000017 -354.2999999999999
decision_type=10 2 2 2 10 2 2 2
left_child=1 3 -3 4 5 -1 7 -7
right_child=-2 2 -4 -5 -6 6 -8 -9
leaf_value=-0.001433393084090247 0.097739138821997515 -0.039011542262602068 0.067557966925069365 0.043710224828616924 -0.024345196715058193 0.0043830704069546984 -0.022458664278426726 0.057378009003185106
leaf_weight=1119.5525565281278 31.60764160589315 226.176599334809 14.64030112524051 69.776481201290153 136.43855512421578 77.292260333080776 50.675442214356735 114.26903467834927
leaf_count=27240 244 84709 3576 3129 19249 5099 9901 10137
internal_value=-0.00046965 -0.00218577 -0.0325327 0.00247497 0.000554536 0.00304926 0.0237669 0.0359953
internal_weight=1840.43 1808.82 240.817 1568 1498.23 1361.79 242.237 191.561
internal_count=163284 163040 88285 74755 71626 52377 25137 15236
is_linear=0
shrinkage=0.0750466


Tree=50
num_leaves=9
num_cat=0
split_feature=33 51 95 10 127 56 8 149
split_gain=65.1538 34.1653 22.6643 17.7858 24.2956 12.0623 10.9852 10.1632
threshold=27559.105000000007 1.0000000180025095e-35 1.5000000000000002 1.0000000180025095e-35 4553.5000000000009 4810.0000000000009 -1.0000000180025095e-35 489.50000000000006
decision_type=2 2 2 2 8 2 2 8
left_child=1 2 5 -3 -5 6 -1 -8
right_child=-2 3 -4 4 -6 -7 7 -9
leaf_value=0.025655733160176455 -0.046058659336736613 -0.038665625946984222 0.043152509687035219 -0.021991448760136461 0.089205917893254785 -0.024121733110480534 -0.015542573502620182 0.0070028954218330523
leaf_weight=157.5080725341104 160.98653482692316 146.63906656135805 95.783266062266193 35.647855628165416 16.04809685156215 73.772061117808335 126.52299376274459 1024.0036377232755
leaf_count=8420 28835 59070 4199 9273 2325 11841 3217 36104
internal_value=-0.000456101 0.0039244 0.00785012 -0.0253221 0.0125278 0.00540305 0.00706822 0.00452358
internal_weight=1836.91 1675.93 1477.59 198.335 51.696 1381.81 1308.03 1150.53
internal_count=163284 134449 63781 70668 11598 59582 47741 39321
is_linear=0
shrinkage=0.0750466


Tree=51
num_leaves=9
num_cat=0
split_feature=33 133 21 153 38 96 8 153
split_gain=58.2206 42.4618 28.4322 14.0182 9.69655 9.93837 22.9024 12.5384
threshold=27559.105000000007 8.0000000000000018 1.0000000180025095e-35 3853.3050000000007 1.0000000180025095e-35 1.0000000180025095e-35 16678.810000000001 651.0150000000001
decision_type=2 10 2 10 2 2 2 8
left_child=1 2 -1 4 5 -4 -7 -8
right_child=-2 -3 3 -5 -6 6 7 -9
leaf_value=0.033528878461565513 -0.044597472659003629 0.092590606153587052 -0.003355779760315751 -0.019809949548864399 -0.025154955373508377 0.020841291549138389 0.0075988128798496046 -0.028688768797934121
leaf_weight=146.81550454057287 154.05428437213413 29.668935310794041 626.20706280169543 195.59758074919228 71.420486822491512 394.68089270859491 113.16927972040139 101.92785090417601
leaf_count=3035 28835 180 23679 40989 13631 31057 8155 13723
internal_value=-0.000442941 0.00360722 0.00200702 -0.00107208 0.00173124 0.00328484 0.0101044 -0.00959675
internal_weight=1833.54 1679.49 1649.82 1503 1307.41 1235.99 609.778 215.097
internal_count=163284 134449 134269 131234 90245 76614 52935 21878
is_linear=0
shrinkage=0.0750466


Tree=52
num_leaves=9
num_cat=0
split_feature=99 32 22 22 5 4 84 97
split_gain=31.1366 29.7447 28.42 21.7397 15.4608 13.3469 10.5726 10.8862
threshold=1.0000000180025095e-35 1.5000000000000002 65850.970000000016 -1.0000000180025095e-35 39.500000000000007 1.0000000180025095e-35 2.5000000000000004 41.500000000000007
decision_type=2 2 2 2 2 2 2 2
left_child=1 2 4 -2 5 6 7 -1
right_child=3 -3 -4 -5 -6 -7 -8 -9
leaf_value=0.019085393156911479 0.075146849235220359 -0.040050512838684008 -0.0264586679504803 -0.0012166680507147579 -0.0015785033946096665 -0.017315911484160566 -0.018745723936642429 0.057442538136913468
leaf_weight=301.07538532046601 50.685280868492555 111.82690544228535 201.06514278362738 35.845275537925772 983.80883252696367 61.091716718394309 35.219351090781856 48.366688382986467
leaf_count=11520 1097 17854 58723 4377 53395 1161 9993 5164
internal_value=-0.000426457 -0.00260851 -4.07726e-05 0.0435133 0.00367485 0.0152694 0.0204446 0.0243945
internal_weight=1828.98 1742.45 1630.63 86.5306 1429.56 445.753 384.661 349.442
internal_count=163284 157810 139956 5474 81233 27838 26677 16684
is_linear=0
shrinkage=0.0750466


Tree=53
num_leaves=9
num_cat=0
split_feature=111 51 71 8 94 149 74 149
split_gain=39.3992 30.2535 32.6493 18.1347 18.1608 12.7655 12.5249 12.1132
threshold=1.0000000180025095e-35 1.0000000180025095e-35 1.0000000180025095e-35 9683.5850000000009 1.0000000180025095e-35 1714.5000000000002 1068.0300000000002 3571.5000000000005
decision_type=10 2 2 2 2 10 2 10
left_child=1 3 -3 4 5 -1 -5 -8
right_child=-2 2 -4 6 -6 -7 7 -9
leaf_value=-0.0028132948920871542 0.058136688744790735 -0.039437400564496079 0.046192969203608422 0.013137397624877175 0.045093218210561357 0.018427603263487292 -0.0047729092518300886 -0.02771665510563754
leaf_weight=391.13833022827748 62.521332501550205 193.70756818068912 28.806553264148533 148.91761773067992 73.805161170428619 268.90162931836676 480.17285000043921 177.50284209265374
leaf_count=9820 565 84525 3668 11623 2955 14183 18593 17352
internal_value=-0.000408748 -0.002485 -0.0283517 0.00125141 0.00978808 0.00584029 -0.00651532 -0.0109653
internal_weight=1825.47 1762.95 222.514 1540.44 733.845 660.04 806.593 657.676
internal_count=163284 162719 88193 74526 26958 24003 47568 35945
is_linear=0
shrinkage=0.0750466


Tree=54
num_leaves=9
num_cat=0
split_feature=33 133 73 13 133 17 29 84
split_gain=48.4067 31.472 11.1706 10.1683 9.24373 8.52019 8.51911 12.035
threshold=27559.105000000007 8.0000000000000018 9.5000000000000018 1.5000000000000002 1.0000000180025095e-35 2.5000000000000004 1.0000000180025095e-35 2.5000000000000004
decision_type=2 10 2 2 8 2 2 2
left_child=1 2 3 6 -4 -2 -1 -8
right_child=5 -3 4 -5 -6 -7 7 -9
leaf_value=0.013948580865056385 -0.047660137685514567 0.079041307140105127 -0.010223585923364423 -0.033720987433814985 -0.074901949689511749 0.018994109656416746 0.0037406572727210147 -0.027411701039314233
leaf_weight=434.28791912051383 131.90651194064412 30.248652103357017 199.31272805551998 38.807244105497375 13.273671501316128 11.764045861433258 886.308344357647 75.818120764917694
leaf_count=8772 26800 180 46610 785 408 2035 54002 23692
internal_value=-0.000394188 0.00318531 0.00179283 0.00417089 -0.014262 -0.0422023 0.00522393 0.00128577
internal_weight=1821.73 1678.06 1647.81 1435.22 212.586 143.671 1396.41 962.126
internal_count=163284 134449 134269 87251 47018 28835 86466 77694
is_linear=0
shrinkage=0.0750466


Tree=55
num_leaves=9
num_cat=0
split_feature=94 64 131 138 80 113 113 38
split_gain=15.2405 13.8908 12.0994 11.0841 20.6168 18.7239 9.57526 7.37281
threshold=1.0000000180025095e-35 13076.395000000002 392.95500000000004 44059.625000000007 1.5000000000000002 -1079.9999999999998 -2054.4999999999995 1.0000000180025095e-35
decision_type=2 2 10 8 2 10 8 2
left_child=1 2 6 4 -2 -6 -1 -8
right_child=3 -3 -4 -5 5 -7 7 -9
leaf_value=-0.024065471471153056 0.011061875076536505 -0.02873388241463868 -0.021642620851243417 -0.0087732645666064053 0.027241726173656642 0.12922750693132545 0.0040362866121849581 -0.024165872911919174
leaf_weight=78.740404036128893 78.422143522184342 106.89968547812896 141.86814561323263 49.342838028329425 20.799021024315152 19.781050615769345 1266.2929947545636 54.45212191430619
leaf_count=7497 4583 31435 26995 6153 2717 2548 71232 10124
internal_value=-0.000376678 -0.00257347 -0.000759128 0.0211319 0.0335318 0.0769554 0.00135787 0.00287356
internal_weight=1816.6 1648.25 1541.35 168.345 119.002 40.5801 1399.49 1320.75
internal_count=163284 147283 115848 16001 9848 5265 88853 81356
is_linear=0
shrinkage=0.0750466


Tree=56
num_leaves=9
num_cat=0
split_feature=50 111 32 55 94 81 25 115
split_gain=35.1706 28.5678 23.5608 15.2115 11.6701 11.1045 10.0789 9.55958
threshold=1.0000000180025095e-35 1.0000000180025095e-35 1.5000000000000002 2.5000000000000004 1.0000000180025095e-35 3571.4900000000002 35114.595000000008 3644.1150000000002
decision_type=2 10 2 2 2 2 2 10
left_child=1 2 3 4 6 -6 7 -1
right_child=-2 -3 -4 -5 5 -7 -8 -9
leaf_value=0.0047710356334418388 -0.053956691509027987 0.0519153114004424 -0.034399319329427143 -0.033251614537456294 0.0033989676499225157 0.046380473993042411 -0.033040695085743539 -0.017639721642286135
leaf_weight=1216.7651749154902 66.431131182704121 61.50398501631571 106.04453403432854 65.554545886290725 68.323880226060282 67.099730511312373 45.712367626605555 117.554787330213
leaf_count=65606 11035 550 17957 18033 3052 7644 17855 21552
internal_value=-0.000360048 0.00167619 -0.000155347 0.00214153 0.00367254 0.0246955 0.00160955 0.00279663
internal_weight=1814.99 1748.56 1687.06 1581.01 1515.46 135.424 1380.03 1334.32
internal_count=163284 152249 151699 133742 115709 10696 105013 87158
is_linear=0
shrinkage=0.0750466


Tree=57
num_leaves=9
num_cat=0
split_feature=99 134 55 20 113 107 134 16
split_gain=24.5761 16.3083 12.7028 11.4572 7.9121 6.80481 6.76044 12.0663
threshold=1.0000000180025095e-35 106977.60000000002 1.5000000000000002 109749.33500000001 -2054.4999999999995 66.500000000000014 139352.40000000002 -471.88999999999993
decision_type=2 10 2 2 8 2 10 2
left_child=2 -2 3 4 -1 -4 -6 -8
right_child=1 -3 5 -5 6 -7 7 -9
leaf_value=-0.021151146891877085 0.066961749959740455 0.001452882260857154 -0.0017079622918552647 -0.034910958159855836 -0.0019910671223489209 -0.035407750133098007 -0.0030168533666322128 0.018889715377881845
leaf_weight=86.890915744414087 49.32860556273954 37.806335477565881 52.425098462961614 52.214812180609442 869.43214418116258 94.712772490922362 268.52724365884205 299.60370345937554
leaf_count=8539 1319 4155 4082 11888 42352 35516 18793 36640
internal_value=-0.000346525 0.0385386 -0.00231209 -0.000344072 0.000839895 -0.0234005 0.0021691 0.00853557
internal_weight=1810.94 87.1349 1723.81 1576.67 1524.45 147.138 1437.56 568.131
internal_count=163284 5474 157810 118212 106324 39598 97785 55433
is_linear=0
shrinkage=0.0750466


Tree=58
num_leaves=9
num_cat=0
split_feature=33 50 111 94 25 10 82 137
split_gain=40.7066 35.8211 21.4383 11.0666 12.3455 9.8552 9.76027 11.7256
threshold=27559.105000000007 1.0000000180025095e-35 1.0000000180025095e-35 1.0000000180025095e-35 35114.595000000008 135.45500000000001 1.0000000180025095e-35 10375.225000000002
decision_type=2 2 10 2 2 2 2 10
left_child=1 2 3 4 -1 -6 -5 -8
right_child=-2 -3 -4 6 5 -7 7 -9
leaf_value=0.0027103874492877007 -0.039958790973245492 -0.053157495662226065 0.049887219910965015 0.0091919048624270593 -0.04715343774842283 0.052448508881175061 0.088902111398752509 0.014819111827509135
leaf_weight=1361.5059064178495 135.07727402198361 61.894899564213119 57.826616940437816 93.163394966279157 44.984952875471208 6.3895744619658208 23.395112716360018 24.774991578655317
leaf_count=91524 28835 10385 378 3880 19168 1996 1762 5356
internal_value=-0.000329124 0.00286877 0.00501992 0.00335057 0.0013477 -0.0347657 0.0233729 0.0507995
internal_weight=1809.01 1673.94 1612.04 1554.21 1412.88 51.3745 141.333 48.1701
internal_count=163284 134449 124064 123686 112688 21164 10998 7118
is_linear=0
shrinkage=0.0750466


Tree=59
num_leaves=9
num_cat=0
split_feature=50 51 29 7 96 153 8 7
split_gain=28.362 26.9162 13.4815 19.5672 11.6118 20.4874 18.9543 21.1911
threshold=1.0000000180025095e-35 1.0000000180025095e-35 1.0000000180025095e-35 1655.0800000000002 1.0000000180025095e-35 475.06500000000005 16678.810000000001 1655.0800000000002
decision_type=2 2 2 2 2 8 2 2
left_child=1 4 3 -3 -1 -6 7 -7
right_child=-2 2 -4 -5 5 6 -8 -9
leaf_value=-0.0016780283579448448 -0.050894152829461574 -0.025268060536781736 -0.032968032176314978 0.090889604484880246 0.025576665971117019 0.00056068255005135707 -0.019490367842747679 0.048025857135524333
leaf_weight=772.526539212442 60.360514396626968 21.775826288270764 168.93907913629664 13.069764358690007 327.32908533082809 206.79113277839497 163.34535040333867 71.218369145644829
leaf_count=19019 11035 4722 77301 2352 10002 15617 19325 3911
internal_value=-0.000318852 0.00143058 -0.0242016 0.0183 0.00481976 0.01135 0.000798918 0.01272
internal_weight=1805.36 1745 203.785 34.8456 1541.21 768.684 441.355 278.01
internal_count=163284 152249 84375 7074 67874 48855 38853 19528
is_linear=0
shrinkage=0.0750466


Tree=60
num_leaves=9
num_cat=0
split_feature=22 4 5 10 97 5 10 30
split_gain=18.4583 15.9899 13.0214 9.1672 9.13398 14.2775 8.71225 7.7386
threshold=65850.970000000016 1.5000000000000002 39.500000000000007 -1075.2549999999999 32.500000000000007 34.500000000000007 -1918.8199999999999 1.0000000180025095e-35
decision_type=2 2 2 2 2 2 2 2
left_child=1 2 3 -1 -5 -6 -2 -4
right_child=6 -3 7 4 5 -7 -8 -9
leaf_value=-0.011171785455707081 -0.052160710778004611 -0.03417061461639085 0.0018786865074847292 0.013821100107489272 0.07885540078405287 0.0053529275247708877 -0.013725338289027583 -0.016535467267632321
leaf_weight=68.546643068257254 42.049314842384774 64.721423006558325 913.08072942896979 347.56224098562961 32.814580964215565 27.237788957485463 158.08756733703194 149.59293219441315
leaf_count=11723 20442 2192 41480 14708 3619 2974 44058 22088
internal_value=-0.000311351 0.0023707 0.00390758 0.0142206 0.0184908 0.0455171 -0.0218007 -0.00071348
internal_weight=1803.69 1603.56 1538.83 476.161 407.615 60.0524 200.137 1062.67
internal_count=163284 98784 96592 33024 21301 6593 64500 63568
is_linear=0
shrinkage=0.0750466


Tree=61
num_leaves=9
num_cat=0
split_feature=71 17 32 39 18 16 31 16
split_gain=16.818 17.2537 18.2344 14.1513 10.0553 12.5595 7.67939 7.55188
threshold=1.5000000000000002 3.5000000000000004 1.5000000000000002 25863.355000000003 1949.6600000000001 -1.0000000180025095e-35 3112.9700000000007 -14461.189999999999
decision_type=2 2 2 2 2 2 2 2
left_child=1 2 3 6 -3 -6 7 -1
right_child=-2 4 -4 -5 5 -7 -8 -9
leaf_value=0.017587696696132336 0.052596523813969197 0.00068618529203465814 -0.034284464123044325 -0.034320595438210526 0.1149877284921899 0.023712583186063372 -0.015169917690771874 0.000459227378918812
leaf_weight=164.369334922696 33.230083947768435 22.810021455166861 96.788782793970313 67.748231514415238 15.500038066995328 18.774334291287232 154.19488638878101 1228.3619034988806
leaf_count=3529 1813 651 17651 16867 2228 4005 33351 83189
internal_value=-0.000297883 -0.00129174 -0.00264549 -0.000748949 0.0392954 0.0649903 0.000721335 0.00248072
internal_weight=1801.78 1768.55 1711.46 1614.67 57.0844 34.2744 1546.93 1392.73
internal_count=163284 161471 154587 136936 6884 6233 120069 86718
is_linear=0
shrinkage=0.0750466


Tree=62
num_leaves=9
num_cat=0
split_feature=33 22 17 96 94 32 16 145
split_gain=33.6898 18.863 19.1648 15.3181 12.7842 8.87235 8.64689 7.82626
threshold=27559.105000000007 6061.1650000000009 3.5000000000000004 1.0000000180025095e-35 1.0000000180025095e-35 10.500000000000002 -26.824999999999996 19.500000000000004
decision_type=2 2 2 2 2 2 2 8
left_child=1 3 -3 7 6 -2 -5 -1
right_child=5 2 -4 4 -6 -7 -8 -9
leaf_value=-0.0065781632714777194 -0.046548117997203715 -0.014499824237819715 0.047473235686322668 0.0059897169811593152 0.043475267270424431 0.0061990548723212611 0.029757690180732495 0.010251779219469244
leaf_weight=413.59568729961757 105.32449878950138 428.10644581611268 30.077920534764417 352.13910308561753 84.867207922739908 21.651882116973866 114.15076047152979 249.48200123920105
leaf_count=12193 26448 88602 5279 16081 3204 2387 6579 2511
internal_value=-0.000286414 0.00254306 -0.0104315 0.00743895 0.0166844 -0.0375537 0.0118083 -0.000245922
internal_weight=1799.4 1672.42 458.184 1214.23 551.157 126.976 466.29 663.078
internal_count=163284 134449 93881 40568 25864 28835 22660 14704
is_linear=0
shrinkage=0.0750466


Tree=63
num_leaves=9
num_cat=0
split_feature=51 71 4 10 25 8 10 10
split_gain=20.8428 25.7579 14.4636 13.2547 10.7001 21.1568 10.2922 8.63026
threshold=1.0000000180025095e-35 1.0000000180025095e-35 1.5000000000000002 3952.5500000000006 1.0000000180025095e-35 16678.810000000001 -1918.8199999999999 567.17500000000007
decision_type=2 2 2 2 2 2 2 2
left_child=2 3 4 -2 7 6 -6 -1
right_child=1 -3 -4 -5 5 -7 -8 -9
leaf_value=-0.0019106630691104625 -0.037624174363904646 0.041533843297243481 -0.033657629569886036 0.085951059090011425 -0.0017055437433699154 -0.00859902761782564 0.041510231935224726 0.014841699210604447
leaf_weight=1025.1719784928719 168.02825904649217 29.77890001796186 59.628723156405613 5.0348849377478464 39.379949327325448 114.98596555797849 146.51088606601115 208.40192334761377
leaf_count=30355 82627 3676 1484 2036 7134 20515 10020 5437
internal_value=-0.000277837 -0.0229358 0.00260532 -0.034029 0.0040145 0.0167037 0.0323552 0.000919507
internal_weight=1796.92 202.842 1594.08 173.063 1534.45 300.877 185.891 1233.57
internal_count=163284 88339 74945 84663 73461 37669 17154 35792
is_linear=0
shrinkage=0.0750466


Tree=64
num_leaves=9
num_cat=0
split_feature=52 106 109 106 140 10 56 82
split_gain=27.3049 11.3292 11.2498 12.7401 12.2396 11.2452 8.72458 10.4177
threshold=65522.015000000007 1.0000000180025095e-35 1.0000000180025095e-35 3577.6500000000005 6174.3750000000009 3952.5500000000006 8668.8100000000031 1.0000000180025095e-35
decision_type=2 2 2 2 8 2 2 2
left_child=1 6 -3 -4 -5 -2 7 -1
right_child=5 2 3 4 -6 -7 -8 -9
leaf_value=-0.0010486319482866011 -0.040749729867303144 -0.01759558756647104 0.11109302745407844 -0.030569739711734954 0.061395360733923078 0.084231934921452353 -0.032185859587385783 0.014953760134183876
leaf_weight=1293.9172696015448 108.26678033702774 18.476045351068024 14.175323813338762 13.100487804913429 21.570635019917969 4.2122370352735734 43.763918209762778 278.4220967477886
leaf_count=41144 65230 2567 2269 2717 4685 1709 9882 33081
internal_value=-0.000270316 0.00212161 0.0322855 0.0511529 0.0266463 -0.0360693 0.000865065 0.00178499
internal_weight=1795.9 1683.43 67.3225 48.8464 34.6711 112.479 1616.1 1572.34
internal_count=163284 96345 12238 9671 7402 66939 84107 74225
is_linear=0
shrinkage=0.0750466


Tree=65
num_leaves=9
num_cat=0
split_feature=33 21 7 149 5 7 147 74
split_gain=29.5789 18.0654 8.51855 8.70243 8.83421 11.1455 19.9718 9.28406
threshold=27559.105000000007 1.0000000180025095e-35 1.0000000180025095e-35 636.50000000000011 42.500000000000007 1462.8150000000003 -1305.0149999999996 1588.4450000000004
decision_type=2 2 2 8 2 2 8 2
left_child=1 -1 -3 -4 5 -5 7 -7
right_child=-2 2 3 4 -6 6 -8 -9
leaf_value=0.026571395393791469 -0.035935258449887611 -0.012712381462088387 -0.011692527546688827 -0.0044606825959051704 -7.5720045874045692e-05 0.0026434849618414192 0.0082243566607512041 0.064249895960448028
leaf_weight=157.01009091292508 122.00955748779234 253.91226914612344 207.61007051169872 122.64783365151379 671.29438394872705 17.128841718018521 173.5264499146142 70.398384153319057
leaf_count=3067 28835 35931 12544 13917 53431 6911 2674 5974
internal_value=-0.000261869 0.00233892 -0.000169947 0.00235236 0.00511622 0.0141996 0.0229666 0.0521937
internal_weight=1795.54 1673.53 1516.52 1262.61 1055 383.702 261.054 87.5272
internal_count=163284 134449 131382 95451 82907 29476 15559 12885
is_linear=0
shrinkage=0.0750466


Tree=66
num_leaves=9
num_cat=0
split_feature=111 32 12 38 94 83 113 32
split_gain=20.2263 10.9849 8.98044 7.44853 7.66155 8.33855 6.7431 6.72472
threshold=1.0000000180025095e-35 1.5000000000000002 8.5000000000000018 1.0000000180025095e-35 1.0000000180025095e-35 2582.5950000000007 -2054.4999999999995 10.500000000000002
decision_type=10 2 2 2 2 2 8 2
left_child=1 2 3 4 6 -6 -1 -3
right_child=-2 7 -4 -5 5 -7 -8 -9
leaf_value=-0.02190529624098304 0.041379343873081523 -0.038212019835418345 -0.020183873945324903 -0.026578537872261606 0.0070203703619709156 0.048009232025037048 0.0017531514229854239 0.0096152323184053902
leaf_weight=71.706757605948951 63.396892861172091 70.543912394263316 119.33171622222289 52.494890472618863 92.602314682444558 40.038196260400582 1261.4474340972374 21.635022175381891
leaf_count=7389 565 15935 29385 10887 3742 5513 87470 2398
internal_value=-0.000253756 -0.0017796 -0.000360741 0.00119728 0.00219202 0.0193931 0.000480628 -0.0269866
internal_weight=1793.2 1729.8 1637.62 1518.29 1465.79 132.641 1333.15 92.1789
internal_count=163284 162719 144386 115001 104114 9255 94859 18333
is_linear=0
shrinkage=0.0750466


Tree=67
num_leaves=9
num_cat=0
split_feature=51 71 5 11 135 153 147 112
split_gain=15.3849 22.0931 12.8525 18.5042 11.207 9.27883 21.2179 14.6946
threshold=1.0000000180025095e-35 1.0000000180025095e-35 39.500000000000007 18.395000000000003 -2114.9999999999995 3489.6750000000006 -7681.6749999999993 95013.000000000015
decision_type=2 2 2 2 10 8 8 10
left_child=2 4 3 -1 -2 6 7 -5
right_child=1 -3 -4 5 -6 -7 -8 -9
leaf_value=-0.0037944421328060373 0.01431732112749085 0.038277972655197792 -0.0022447252000392989 0.035487457080034333 -0.039815045694199011 0.007117795153134922 0.015189928769932819 0.10677334584397291
leaf_weight=217.25973121449351 25.567741902195849 30.55320338049205 1116.1389387801755 33.752565876988228 136.71762012323597 95.695023116655648 103.08275320020039 31.470976098324172
leaf_count=2651 6619 3676 57536 2426 78044 6468 3341 2523
internal_value=-0.000241664 -0.0202648 0.00217554 0.012427 -0.0312866 0.0257764 0.0363853 0.0698836
internal_weight=1790.24 192.839 1597.4 481.261 162.285 264.001 168.306 65.2235
internal_count=163284 88339 74945 17409 84663 14758 8290 4949
is_linear=0
shrinkage=0.0750466


Tree=68
num_leaves=9
num_cat=0
split_feature=50 51 71 4 27 16 140 56
split_gain=24.8461 14.2334 18.9887 12.4944 10.6973 9.46556 13.1722 8.84346
threshold=1.0000000180025095e-35 1.0000000180025095e-35 1.0000000180025095e-35 1.5000000000000002 1.5000000000000002 -14461.189999999999 1.0000000180025095e-35 7648.2050000000008
decision_type=2 2 2 2 2 2 10 2
left_child=1 3 4 5 -3 -1 -7 -8
right_child=-2 2 -4 -5 -6 6 7 -9
leaf_value=0.0215367406991952 -0.049126875616904098 -0.0041064819159810032 0.036482293019319115 -0.030841311230112693 -0.04485234310977463 -0.0036437457161332403 0.013662500192615539 -0.029070380068107252
leaf_weight=172.61876450572163 56.69106482580537 59.150558387162164 29.684086733788718 56.831669791252352 93.889380205364432 754.52179418638116 538.02325294201728 28.731175063294359
leaf_count=3480 11035 13951 3308 1455 67116 15117 40678 7144
internal_value=-0.000237443 0.00136144 -0.0184492 0.00369576 -0.0291039 0.00500964 0.00285045 0.0114962
internal_weight=1790.14 1733.45 182.724 1550.73 153.04 1493.89 1321.28 566.754
internal_count=163284 152249 84375 67874 81067 66419 62939 47822
is_linear=0
shrinkage=0.0750466


Tree=69
num_leaves=9
num_cat=0
split_feature=133 99 22 113 97 148 149 119
split_gain=19.9435 16.6036 11.8479 6.80409 7.66572 9.36705 13.6513 7.31675
threshold=8.0000000000000018 1.5000000000000002 239470.10500000001 -2054.4999999999995 36.500000000000007 1.0000000180025095e-35 3317.0000000000005 inf
decision_type=10 2 2 8 2 10 10 8
left_child=1 2 3 -1 7 -6 -7 -5
right_child=-2 -3 -4 4 5 6 -8 -9
leaf_value=-0.02113038832050659 0.057441384169088235 0.043960344596915758 -0.032436160250024278 -0.016492930965023002 0.0077486198176509643 0.12861459861841515 -0.0015289857384581328 -0.00014512138340014839
leaf_weight=91.057002395566087 33.143938902765512 44.453708547982387 71.335502224595984 179.26691171640414 248.92551002380787 9.0841329194954614 9.0731649791705404 1102.3311639102758
leaf_count=10586 244 1945 26541 24546 44286 2101 2889 50146
internal_value=-0.000231001 -0.00131984 -0.00249622 -0.00119371 -2.15022e-05 0.0115444 0.0635821 -0.00243181
internal_weight=1788.67 1755.53 1711.07 1639.74 1548.68 267.083 18.1573 1281.6
internal_count=163284 163040 161095 134554 123968 49276 4990 74692
is_linear=0
shrinkage=0.0750466


Tree=70
num_leaves=9
num_cat=0
split_feature=111 95 25 5 4 10 74 80
split_gain=15.3512 9.72737 10.2033 8.77265 13.0569 8.81268 9.17181 6.58421
threshold=1.0000000180025095e-35 5.5000000000000009 35114.595000000008 39.500000000000007 1.0000000180025095e-35 -1075.2549999999999 1939.825 2.5000000000000004
decision_type=10 2 2 2 2 2 2 2
left_child=1 2 3 4 5 6 -1 -7
right_child=-2 -3 -4 -5 -6 7 -8 -9
leaf_value=-0.032681027450425358 0.035969764097333927 0.037629205587003361 -0.032541863272012916 -0.0049383247374251375 -0.022887419637545776 0.012493656326291088 0.026036232562934546 0.042079727145933388
leaf_weight=44.902188423380721 63.655219117645174 34.949645823100582 60.850799530860968 1122.0184390162467 70.881632898352109 317.57570340536768 22.4851563697448 48.884375448455103
leaf_count=11604 565 3316 30013 87849 2465 16273 3367 7832
internal_value=-0.00022164 -0.00155906 -0.00237064 -0.00124204 0.00697484 0.0118537 -0.0130888 0.0164403
internal_weight=1786.2 1722.55 1687.6 1626.75 504.729 433.847 67.3873 366.46
internal_count=163284 162719 159403 129390 41541 39076 14971 24105
is_linear=0
shrinkage=0.0750466


Tree=71
num_leaves=9
num_cat=0
split_feature=52 21 17 11 127 135 131 80
split_gain=18.4436 9.8403 8.32491 6.96678 12.5041 7.43975 6.35331 6.60543
threshold=65522.015000000007 1.0000000180025095e-35 2.5000000000000004 18.395000000000003 610.50000000000011 -348.99999999999994 392.95500000000004 4.5000000000000009
decision_type=2 2 2 2 10 10 10 2
left_child=1 -1 -2 4 -3 6 7 -5
right_child=2 3 -4 5 -6 -7 -8 -9
leaf_value=0.018169252240909255 -0.038359449301733475 -0.017221491175519996 0.035890383334104166 0.0059325078014932867 0.0054284462892693003 -0.022542358457263885 -0.010033155145879205 0.032910494881119155
leaf_weight=181.27752955124015 91.176173040905269 304.82452035642928 9.379404047445858 704.45164219522849 249.73535760754021 57.715142097440548 130.52773709746543 55.113462189852726
leaf_count=3916 63570 4087 3369 46872 4918 5786 20889 9877
internal_value=-0.000212242 0.00165246 -0.0314337 -0.000340477 -0.00702153 0.00356859 0.00526167 0.00789001
internal_weight=1784.2 1683.65 100.556 1502.37 554.56 947.808 890.093 759.565
internal_count=163284 96345 66939 92429 9005 83424 77638 56749
is_linear=0
shrinkage=0.0750466


Tree=72
num_leaves=9
num_cat=0
split_feature=108 22 95 107 80 9 9 98
split_gain=16.6928 12.6552 13.6831 10.3421 10.5085 10.0579 9.20589 8.74731
threshold=1.0000000180025095e-35 111795.30500000001 4.5000000000000009 171.50000000000003 4.5000000000000009 389.19000000000005 655.8850000000001 1.0000000180025095e-35
decision_type=2 2 2 2 2 2 2 2
left_child=1 2 3 4 7 -6 -3 -1
right_child=-2 6 -4 -5 5 -7 -8 -9
leaf_value=-0.0022759984926461916 0.055404326497140576 -0.00024148340428024865 0.040901321286307198 -0.03604165091878532 0.084419247193440128 0.012981110083078888 -0.04121428063834421 0.020669300521333533
leaf_weight=1379.4434080033971 29.893319628958125 53.280306777043734 46.164068700163625 44.921846446290147 15.229448568308724 40.931226550950669 73.473299410921754 100.38183857052354
leaf_count=76792 5002 18068 3348 17522 2695 6416 28610 4831
internal_value=-0.000203776 -0.0011516 0.000627702 -0.000548327 0.00048972 0.0323534 -0.0239916 -0.000719537
internal_weight=1783.72 1753.83 1627.07 1580.91 1535.99 56.1607 126.754 1479.83
internal_count=163284 158282 111604 108256 90734 9111 46678 81623
is_linear=0
shrinkage=0.0750466


Tree=73
num_leaves=9
num_cat=0
split_feature=33 51 24 144 18 125 74 74
split_gain=24.4294 7.15033 13.1229 9.60054 6.58095 7.58533 5.97002 8.27493
threshold=27559.105000000007 1.0000000180025095e-35 1.0000000180025095e-35 266.00000000000006 1949.6600000000001 -4536.1249999999991 391.17500000000007 2806.0050000000006
decision_type=2 2 2 8 2 8 2 2
left_child=1 2 -1 -3 -4 -6 -7 -8
right_child=-2 3 4 -5 5 6 7 -9
leaf_value=0.00025976613375023043 -0.03360553184488229 -0.02519262130711698 -0.00053577178670996496 0.015120860213623468 -0.0067777735301708525 0.05203160008335337 0.013533312306634163 0.065471003957732296
leaf_weight=1214.9323695378262 115.3037329124636 110.61198917313595 79.405301144230179 47.582289753248915 35.814507385191973 53.55974083673209 104.73312349815387 20.689640229800716
leaf_count=31146 28835 62919 3368 7749 8092 4819 11910 4446
internal_value=-0.000197963 0.00211233 0.00370349 -0.013067 0.0179246 0.024749 0.0310575 0.0221009
internal_weight=1782.63 1667.33 1509.13 158.194 294.202 214.797 178.983 125.423
internal_count=163284 134449 63781 70668 32635 29267 21175 16356
is_linear=0
shrinkage=0.0750466


Tree=74
num_leaves=9
num_cat=0
split_feature=33 5 25 25 7 29 63 5
split_gain=21.621 8.23218 8.12601 10.4025 10.114 8.04949 7.25825 7.94503
threshold=17595.285000000003 39.500000000000007 7648.2250000000013 1.0000000180025095e-35 1462.8150000000003 1.0000000180025095e-35 1.0000000180025095e-35 42.500000000000007
decision_type=2 2 2 2 2 2 2 2
left_child=1 2 3 -1 -5 -3 7 -2
right_child=6 5 -4 4 -6 -7 -8 -9
leaf_value=0.0087493568124548324 -0.046853349455972262 0.0081642349073604362 -0.012699324627681122 0.017076302604564029 0.074390817565418099 -0.0056044011980653473 -0.068787414520782492 -0.0047197877486414401
leaf_weight=368.63019245496253 42.261585260741413 341.77729496423854 76.088932759535965 43.611571129120421 28.785386594710872 796.30086464490159 22.403914359019836 62.456114946311573
leaf_count=8701 7756 7709 24757 6318 2151 82409 13573 9910
internal_value=-0.000192632 0.00209803 0.00994959 0.0138571 0.0398648 -0.00146953 -0.0300184 -0.0217239
internal_weight=1782.32 1655.19 517.116 441.027 72.397 1138.08 127.122 104.718
internal_count=163284 132045 41927 17170 8469 90118 31239 17666
is_linear=0
shrinkage=0.0750466


Tree=75
num_leaves=9
num_cat=0
split_feature=50 99 108 141 32 39 4 16
split_gain=21.9986 17.9738 16.9824 16.0353 9.67763 8.09291 6.8182 6.61755
threshold=1.0000000180025095e-35 1.0000000180025095e-35 1.0000000180025095e-35 4.4850000000000012 1.5000000000000002 82168.650000000009 1.5000000000000002 2347.2300000000005
decision_type=2 2 2 8 2 2 2 2
left_child=1 2 4 -3 5 6 7 -1
right_child=-2 3 -4 -5 -6 -7 -8 -9
leaf_value=0.0025094567178878375 -0.047481721726515123 0.0012901497827023786 0.057646383960290648 0.067105492727863023 -0.026889404221565241 -0.029020153983195372 -0.028970611029265993 -0.033545357585100161
leaf_weight=1411.2391473515017 53.718235692911549 40.400712246540934 27.865209738025442 43.081115990935359 80.008068929368164 52.688652693555923 41.79564415285131 29.26484886786784
leaf_count=107242 11035 3413 4355 1306 16881 13580 698 4774
internal_value=-0.000186908 0.00128475 -0.00044141 0.0352544 -0.00144366 -0.000117352 0.000910004 0.00177698
internal_weight=1780.06 1726.34 1642.86 83.4818 1615 1534.99 1482.3 1440.5
internal_count=163284 152249 147530 4719 143175 126294 112714 112016
is_linear=0
shrinkage=0.0750466


Tree=76
num_leaves=9
num_cat=0
split_feature=51 107 4 72 72 107 10 107
split_gain=7.95939 18.3784 8.71225 8.43891 17.9313 14.3785 11.5673 9.14061
threshold=1.0000000180025095e-35 45.500000000000007 1.5000000000000002 387.90500000000003 1708.4500000000003 52.500000000000007 -284.26499999999993 22.500000000000004
decision_type=2 2 2 2 2 2 2 2
left_child=2 -2 3 5 7 -1 -7 -5
right_child=1 -3 -4 4 -6 6 -8 -9
leaf_value=0.0032535735969061097 0.022270818235244599 -0.030906284789836758 -0.027960325049215577 -0.0053161234970352496 0.0022428388937267862 0.012414081036188034 0.058895350304976751 -0.047104801983809043
leaf_weight=367.58168590650894 51.802063712209929 124.7544439958001 54.658599848684389 52.854074651375413 937.30607799475547 68.203948455979116 54.048789066320751 66.658126995200291
leaf_count=9497 6552 81787 1484 673 39060 12122 5468 6641
internal_value=-0.000181734 -0.015304 0.00148561 0.00252623 -0.00124777 0.0106686 0.0329638 -0.0286238
internal_weight=1777.87 176.557 1601.31 1546.65 1056.82 489.834 122.253 119.512
internal_count=163284 88339 74945 73461 46374 27087 17590 7314
is_linear=0
shrinkage=0.0750466


Tree=77
num_leaves=9
num_cat=0
split_feature=133 56 71 99 141 153 9 17
split_gain=14.3249 14.1452 10.9216 12.0276 9.29286 8.40758 10.4507 5.60933
threshold=8.0000000000000018 11582.655000000002 1.5000000000000002 1.0000000180025095e-35 inf 5389.9350000000004 3165.5400000000004 3.5000000000000004
decision_type=10 2 2 2 8 10 2 2
left_child=1 2 3 5 -5 6 7 -1
right_child=-2 -3 -4 4 -6 -7 -8 -9
leaf_value=-0.0026295349818062121 0.048604458693767075 -0.045682276061863071 0.044067138723439085 0.0014493778408123908 0.053664845528844062 -0.02010217139071507 0.034023836000414143 0.024976630651168969
leaf_weight=1370.3325255827222 33.266502869548276 39.197090029338142 30.980750577989966 37.603831231797813 39.214241775800474 136.58383684203727 47.416740726330318 42.746554460609332
leaf_count=99831 244 15019 1463 3975 627 32847 5319 3959
internal_value=-0.000178669 -0.00110916 -8.43716e-05 -0.000901534 0.0281044 -0.00229669 -0.000631548 -0.00179443
internal_weight=1777.34 1744.08 1704.88 1673.9 76.8181 1597.08 1460.5 1413.08
internal_count=163284 163040 148021 146558 4602 141956 109109 103790
is_linear=0
shrinkage=0.0750466


Tree=78
num_leaves=9
num_cat=0
split_feature=50 111 21 153 147 10 147 5
split_gain=19.8121 10.1671 8.26508 8.76267 15.2317 9.76944 11.4218 8.38498
threshold=1.0000000180025095e-35 1.0000000180025095e-35 1.0000000180025095e-35 651.0150000000001 -9242.2649999999976 -193.11999999999998 -1305.0149999999996 53.500000000000007
decision_type=2 10 2 8 8 2 8 2
left_child=1 2 -1 4 -4 -6 7 -7
right_child=-2 -3 3 -5 5 6 -8 -9
leaf_value=0.015590592150515227 -0.046036775978356925 0.031136267813444807 0.03746577080796204 -0.0077213418281505582 -0.02423117022517619 0.040247104116163897 -0.0012420270589538589 -0.00075836495461905295
leaf_weight=173.4868940882734 51.503756997612072 61.606357235636096 68.977655928931199 713.14270667155506 79.69052607921185 73.565252203145064 507.25079071096843 45.428976815193892
leaf_count=5560 11035 550 7762 108738 6593 4419 16170 2457
internal_value=-0.000171812 0.00119906 8.90549e-05 -0.00171821 0.00380639 0.000517502 0.0036668 0.0245923
internal_weight=1774.65 1723.15 1661.54 1488.06 774.913 705.936 626.245 118.994
internal_count=163284 152249 151699 146139 37401 29639 23046 6876
is_linear=0
shrinkage=0.0750466


Tree=79
num_leaves=9
num_cat=0
split_feature=133 99 71 51 25 16 71 12
split_gain=11.2503 9.17448 9.5269 8.74762 10.5341 12.3295 9.87144 8.70065
threshold=8.0000000000000018 1.5000000000000002 1.5000000000000002 1.0000000180025095e-35 1.0000000180025095e-35 -1870.675 1.0000000180025095e-35 6.5000000000000009
decision_type=10 2 2 2 2 2 2 2
left_child=1 2 3 4 -1 7 -5 -6
right_child=-2 -3 -4 6 5 -7 -8 -9
leaf_value=-0.0040134151131305052 0.042946269932891225 0.031988958377101376 0.039031397366917735 -0.02722475040951958 0.016306246731513856 0.019268257216717183 0.02157901516441748 -0.042260234630151598
leaf_weight=1194.6954039399861 33.444468105211854 46.227271400857717 31.435461518238299 138.36417744666687 23.787481182371266 240.84203803102719 28.078693279472645 35.766648188349791
leaf_count=35676 244 1945 1720 84076 1050 30747 3184 4642
internal_value=-0.000167432 -0.000996501 -0.00189718 -0.00267153 -0.00085468 0.0117078 -0.0189916 -0.0188672
internal_weight=1772.64 1739.2 1692.97 1661.53 1495.09 300.396 166.443 59.5541
internal_count=163284 163040 161095 159375 72115 36439 87260 5692
is_linear=0
shrinkage=0.0750466


Tree=80
num_leaves=9
num_cat=0
split_feature=108 137 99 29 64 112 115 96
split_gain=11.0193 14.2589 9.97831 10.2447 8.45787 6.48218 5.20667 7.96907
threshold=1.0000000180025095e-35 16998.050000000003 1.0000000180025095e-35 1.0000000180025095e-35 14843.910000000002 720815.33500000008 1.0000000180025095e-35 1.0000000180025095e-35
decision_type=2 8 2 2 2 10 10 2
left_child=2 -2 4 -4 5 6 -1 -8
right_child=1 -3 3 -5 -6 -7 7 -9
leaf_value=-0.00022093950645784557 0.095433133524817013 -0.0046442823699324827 0.0489726703246103 -0.00216671462427854 -0.024884637310597913 0.020468082749348325 -0.033928602281351083 -0.0032361325544630727
leaf_weight=1262.8419918929576 15.418921900680287 16.705237510119332 44.500077229517046 43.754865430382779 88.248775839805603 75.361095019732602 68.649197463324526 155.70693772507366
leaf_count=74033 861 4141 655 4583 29366 11475 9554 28616
internal_value=-0.000162172 0.0433908 -0.000966687 0.0236189 -0.00228107 -0.00100449 -0.00209257 -0.0126275
internal_weight=1771.19 32.1242 1739.06 88.2549 1650.81 1562.56 1487.2 224.356
internal_count=163284 5002 158282 5238 153044 123678 112203 38170
is_linear=0
shrinkage=0.0750466


Tree=81
num_leaves=9
num_cat=0
split_feature=88 71 95 51 138 83 5 80
split_gain=10.5576 9.8446 7.49716 8.42807 11.5135 9.32701 15.025 12.265
threshold=1.0000000180025095e-35 1.5000000000000002 5.5000000000000009 1.0000000180025095e-35 1.0000000180025095e-35 1.0000000180025095e-35 47.500000000000007 2.5000000000000004
decision_type=2 2 2 2 10 2 2 2
left_child=1 2 3 5 -5 -1 7 -7
right_child=-2 -3 -4 4 -6 6 -8 -9
leaf_value=-0.0021083958795250273 -0.049413136247475467 0.039849989564721536 0.033024528278839199 0.010237516890034522 -0.031837294015621527 0.010210939655534563 -0.0086050245423454769 0.05093411942183549
leaf_weight=1227.8834858940681 24.171764098078711 35.133787442697212 37.23517252804595 55.979200040950673 105.96464434135123 101.91161993477726 110.40493263650569 70.444686346279923
leaf_count=36557 4242 1615 3197 11020 74703 7078 16196 8676
internal_value=-0.000155691 0.000526641 -0.000281383 -0.00102284 -0.0172933 0.000721381 0.0130096 0.0268551
internal_weight=1769.13 1744.96 1709.82 1672.59 161.944 1510.64 282.761 172.356
internal_count=163284 159042 157427 154230 85723 68507 31950 15754
is_linear=0
shrinkage=0.0750466


Tree=82
num_leaves=9
num_cat=0
split_feature=50 52 107 22 153 22 96 149
split_gain=17.792 10.2776 6.88147 6.37293 8.99497 10.2781 7.97111 7.4249
threshold=1.0000000180025095e-35 65522.015000000007 59.500000000000007 -22789.309999999994 5389.9350000000004 -9370.4499999999989 1.0000000180025095e-35 352.50000000000006
decision_type=2 2 2 2 8 2 2 10
left_child=1 3 -3 -1 6 -6 -5 -8
right_child=-2 2 -4 4 5 -7 7 -9
leaf_value=0.018736246341893713 -0.044568570837814271 0.015902452980452678 -0.035649352303252668 -0.0026846054720433567 0.014815921028327149 -0.014022190584508988 -0.017861065969043952 0.012731389086858157
leaf_weight=124.91335938489647 49.376308302918915 18.692878460569773 66.333313830458792 464.70474773953902 87.522776848316425 339.99292942375178 48.490184836875414 568.78862877460779
leaf_count=3289 11035 5166 58806 17905 1783 23262 2995 39043
internal_value=-0.000152974 0.00112249 -0.0243158 0.00244585 0.00109779 -0.00811833 0.00473929 0.0103282
internal_weight=1768.82 1719.44 85.0262 1634.41 1509.5 427.516 1081.98 617.279
internal_count=163284 152249 63972 88277 84988 25045 59943 42038
is_linear=0
shrinkage=0.0750466


Tree=83
num_leaves=9
num_cat=0
split_feature=56 17 7 46 138 95 73 105
split_gain=9.97909 8.63668 10.8142 7.77713 8.75174 5.38939 6.81441 8.26552
threshold=11582.655000000002 3.5000000000000004 1261.8700000000001 1.0000000180025095e-35 3423.4750000000004 4.5000000000000009 9.5000000000000018 1.0000000180025095e-35
decision_type=2 2 2 2 8 2 2 2
left_child=1 3 -3 5 -5 6 -1 -8
right_child=-2 2 -4 4 -6 -7 7 -9
leaf_value=0.0017767186320228918 -0.038473977324698504 -0.0078766385238772437 0.052447269253683676 0.012478501711055887 -0.035606518559092262 0.02596099560650101 -0.022030544186047281 0.031271206037075679
leaf_weight=1367.7457874002575 37.452764000714524 29.116520057141315 39.36518514691852 30.880831650807522 68.836130258918274 46.88418078207178 128.29581578887883 18.784057514712913
leaf_count=85674 15033 2976 3627 1793 14219 3351 27648 8963
internal_value=-0.000148886 0.000680857 0.0267992 -0.000395705 -0.0207153 0.000901725 0.000126135 -0.0152232
internal_weight=1767.36 1729.91 68.4817 1661.43 99.717 1561.71 1514.83 147.08
internal_count=163284 148251 6603 141648 16012 125636 122285 36611
is_linear=0
shrinkage=0.0750466


Tree=84
num_leaves=9
num_cat=0
split_feature=33 21 111 13 5 18 20 55
split_gain=17.6607 9.37397 6.74182 6.71216 6.08567 9.16209 5.2598 7.12291
threshold=27559.105000000007 1.0000000180025095e-35 1.0000000180025095e-35 1.5000000000000002 42.500000000000007 1.0000000180025095e-35 419.75000000000006 1.5000000000000002
decision_type=2 2 10 2 2 2 2 2
left_child=1 -1 3 6 -2 -6 7 -3
right_child=4 2 -4 -5 5 -7 -8 -9
leaf_value=0.018950440390119443 -0.051849811856758216 0.0034281448943169019 0.027040852909232457 -0.03421837530360583 0.031477515753074635 -0.032584244808992496 -0.010170412505363071 -0.020080610515178527
leaf_weight=161.14083462330746 42.454812143725576 1090.0838916746725 49.839646117761731 33.528738284017891 17.277590776735451 46.181869356078096 248.03567643213319 77.765446955134394
leaf_count=3067 13311 61133 340 747 1649 13875 52262 16900
internal_value=-0.000144572 0.0017507 -9.79352e-05 -0.00103113 -0.0298564 -0.0151427 -0.000245244 0.00186273
internal_weight=1766.31 1660.39 1499.25 1449.41 105.914 63.4595 1415.89 1167.85
internal_count=163284 134449 131382 131042 28835 15524 130295 78033
is_linear=0
shrinkage=0.0750466


Tree=85
num_leaves=9
num_cat=0
split_feature=33 39 16 55 24 16 16 135
split_gain=15.5852 6.57259 6.4399 5.85955 9.11879 8.46489 15.2135 6.00832
threshold=27559.105000000007 313319.83000000002 -10288.865 1.5000000000000002 1.0000000180025095e-35 -176.96999999999997 -1.0000000180025095e-35 -1263.4999999999998
decision_type=2 2 2 2 2 2 2 10
left_child=1 3 -2 4 -1 7 -7 -6
right_child=2 -3 -4 -5 5 6 -8 -9
leaf_value=0.00059725485256534598 0.0062161745199212012 -0.02989108507431339 -0.03863152269982547 -0.013853773460887391 0.011400241297988029 0.068050722741249473 0.0144253058271685 -0.023452528186613714
leaf_weight=1194.7670922229299 23.31175306183286 36.468495134846307 79.630249487818219 117.00224654603517 85.937119542068103 37.339238423563074 147.47660203246051 41.218835307168774
leaf_count=33131 4944 10469 23891 30573 11469 4399 36997 7411
internal_value=-0.000140304 0.00161663 -0.0284755 0.00232428 0.00358055 0.0150058 0.0252595 0.000102378
internal_weight=1763.15 1660.21 102.942 1623.74 1506.74 311.972 184.816 127.156
internal_count=163284 134449 28835 123980 93407 60276 41396 18880
is_linear=0
shrinkage=0.0750466


Tree=86
num_leaves=9
num_cat=0
split_feature=33 52 106 99 33 83 112 83
split_gain=13.7207 7.77744 11.0753 7.74568 6.48006 7.21824 7.10442 13.4801
threshold=27559.105000000007 73897.235000000015 1.0000000180025095e-35 1.0000000180025095e-35 1.0000000180025095e-35 1.0000000180025095e-35 190026.00000000003 92470.055000000008
decision_type=2 2 2 2 2 2 8 2
left_child=1 2 4 -2 5 -1 -7 -8
right_child=3 -3 -4 -5 -6 6 7 -9
leaf_value=-0.0023331788635524617 -0.033234737148470139 -0.024137228468995364 0.032267011441500099 0.044044978655186341 0.026712860531122724 -0.00081891403860788112 0.033522113064248106 -0.02531022523942732
leaf_weight=1185.2005427216063 92.223833967524115 64.136231141310418 67.493057145416969 7.9328012993209986 54.103274216671707 146.38790866057388 118.25838416413171 26.928907908935798
leaf_count=35743 27787 48463 11144 1048 3541 16538 13452 5568
internal_value=-0.000137929 0.00148722 0.00251542 -0.0271139 0.00120374 0.000269188 0.0108473 0.0226101
internal_weight=1762.66 1662.51 1598.37 100.157 1530.88 1476.78 291.575 145.187
internal_count=163284 134449 85986 28835 74842 71301 35558 19020
is_linear=0
shrinkage=0.0750466


Tree=87
num_leaves=9
num_cat=0
split_feature=22 8 131 6 6 134 22 8
split_gain=8.13718 7.73005 7.54882 8.72341 7.36373 5.86127 7.73205 6.81635
threshold=239470.10500000001 -8804.7999999999975 392.95500000000004 20.500000000000004 31.500000000000004 529449.63500000013 -22789.309999999994 9683.5850000000009
decision_type=2 2 10 2 2 10 2 2
left_child=1 4 3 -3 -1 6 -5 -8
right_child=-2 2 -4 5 -6 -7 7 -9
leaf_value=0.070166665637838951 -0.025957658030723425 -0.014760867825486109 -0.01706135984794609 0.023181089682210797 0.012667130337051892 0.023228394723822338 0.0064203214743521822 -0.0052688530951062757
leaf_weight=14.921647242212201 66.152410498500103 169.76246434848872 139.0808282092039 90.284999598079594 78.717812845134176 78.343931334558874 541.49468871727004 583.95102901841165
leaf_count=2030 26875 7958 28996 2432 12966 8173 31252 42602
internal_value=-0.000135731 0.000871122 -0.000353245 0.00123421 0.0218298 0.00333252 0.00205039 0.000355253
internal_weight=1762.71 1696.56 1602.92 1463.84 93.6395 1294.07 1215.73 1125.45
internal_count=163284 136409 121413 92417 14996 84459 76286 73854
is_linear=0
shrinkage=0.0750466


Tree=88
num_leaves=9
num_cat=0
split_feature=50 108 138 111 10 83 38 95
split_gain=15.7915 9.80827 10.1761 7.02798 5.58122 5.22274 8.38026 7.72294
threshold=1.0000000180025095e-35 1.0000000180025095e-35 19815.575000000004 1.0000000180025095e-35 -3005.3049999999998 37776.215000000004 1.0000000180025095e-35 1.0000000180025095e-35
decision_type=2 2 8 10 2 2 2 2
left_child=1 3 -3 4 -1 6 -6 -7
right_child=-2 2 -4 -5 5 7 -8 -9
leaf_value=-0.019393094892312855 -0.042941014979804036 0.084212694141330424 -0.00059980487246161446 0.026023495462017994 0.000334359579850499 0.0080639797061000541 -0.029766868469535177 0.065341947849191603
leaf_weight=84.776113852218259 47.227333837246988 16.118708400754258 15.75565351964906 57.620994167693425 1379.8936358026695 90.316891293419758 54.13303510658443 15.538666858366922
leaf_count=22141 11035 794 3756 519 86506 24641 11110 2782
internal_value=-0.000131125 0.00104835 0.0422895 0.000266946 -0.000646549 0.000385517 -0.000801931 0.0164719
internal_weight=1761.38 1714.15 31.8744 1682.28 1624.66 1539.88 1434.03 105.856
internal_count=163284 152249 4550 147699 147180 125039 97616 27423
is_linear=0
shrinkage=0.0750466


Tree=89
num_leaves=9
num_cat=0
split_feature=86 20 7 6 94 82 85 107
split_gain=8.58985 5.45052 5.87967 9.85571 7.0469 8.99627 6.78335 10.1772
threshold=1.0000000180025095e-35 109749.33500000001 2050.3150000000005 20.500000000000004 1.0000000180025095e-35 1.5000000000000002 2404.6500000000005 12.500000000000002
decision_type=2 2 2 2 2 2 2 2
left_child=1 2 4 -4 -1 -6 7 -5
right_child=-2 -3 3 6 5 -7 -8 -9
leaf_value=-0.0041724492263860782 -0.04290167266025189 -0.022705201568005675 -0.024326542243793849 0.020517242087250774 0.0034569129482377539 0.050992433149503608 0.034544132997300032 -0.0016040645733079555
leaf_weight=961.18888666821294 26.05011726047087 55.122579186339863 50.842455225909362 196.5912836289499 92.697399481316097 29.577110073587392 57.738744796442916 289.78473320842022
leaf_count=84478 5605 17592 1814 2071 4835 4563 19098 23228
internal_value=-0.000127659 0.00051511 0.00127771 0.00727177 -0.00201378 0.0149553 0.0102243 0.00733728
internal_weight=1759.59 1733.54 1678.42 594.957 1083.46 122.275 544.115 486.376
internal_count=163284 157679 140087 46211 93876 9398 44397 25299
is_linear=0
shrinkage=0.0750466


Tree=90
num_leaves=9
num_cat=0
split_feature=87 11 153 147 82 116 116 58
split_gain=7.67243 6.38105 9.56312 7.09693 11.4719 7.2 6.99583 6.14506
threshold=1.0000000180025095e-35 18.395000000000003 475.06500000000005 -1305.0149999999996 1.0000000180025095e-35 77957.780000000013 1077.6100000000004 694.42000000000007
decision_type=2 2 10 8 2 8 8 2
left_child=1 -1 3 4 7 -5 -6 -3
right_child=-2 2 -4 5 6 -7 -8 -9
leaf_value=-0.0053563541410581728 -0.041387647921142731 -0.010674002599059736 -0.0036838089930511654 -0.0037964531907712967 0.06817829202689768 0.016328827063706645 0.011087223846263938 0.023803198941898002
leaf_weight=657.02703960318468 25.017024501401465 48.69833836943144 491.73727369942935 227.93905924170394 39.627563711401308 178.53549348100205 17.394376470241696 72.403906786959851
leaf_count=12974 5605 2614 109164 14665 5451 5995 3067 3749
internal_value=-0.000123968 0.000471576 0.00402912 0.0105169 0.0230077 0.00504316 0.0507628 0.00993903
internal_weight=1758.38 1733.36 1076.34 584.599 178.124 406.475 57.0219 121.102
internal_count=163284 157679 144705 35541 14881 20660 8518 6363
is_linear=0
shrinkage=0.0750466


Tree=91
num_leaves=9
num_cat=0
split_feature=86 142 60 97 142 83 83 125
split_gain=6.84292 4.52204 4.49598 5.03485 6.5968 5.56445 8.15952 11.907
threshold=1.0000000180025095e-35 309672.00000000006 1079.3350000000003 36.500000000000007 154836.00000000003 1.0000000180025095e-35 6804.5700000000006 -3860.5749999999994
decision_type=2 8 2 2 8 2 2 10
left_child=2 -2 3 4 -1 -5 -7 -8
right_child=1 -3 -4 5 -6 6 7 -9
leaf_value=-0.0074686905676363026 -0.011868435759170817 -0.07767594823480331 -0.018141697326746725 -0.00065390078401557394 0.003291642986135726 0.05560612993229079 0.0012935138776748918 0.067515826803896353
leaf_weight=505.87676895683398 13.820492939179532 10.236949639351222 70.431576436632895 134.29497378601809 877.45460259601532 29.715793766692514 98.641891362247407 18.097168504609726
leaf_count=34040 2771 2834 17081 13742 51303 5952 29548 6013
internal_value=-0.000121068 -0.0398709 0.000430257 0.00121631 -0.000643353 0.0103794 0.0204966 0.0115595
internal_weight=1758.57 24.0574 1734.51 1664.08 1383.33 280.75 146.455 116.739
internal_count=163284 5605 157679 140598 85343 55255 41513 35561
is_linear=0
shrinkage=0.0750466


Tree=92
num_leaves=9
num_cat=0
split_feature=33 5 127 5 51 146 82 112
split_gain=12.6682 6.7569 6.48187 8.16542 8.26014 15.1302 10.7173 10.2742
threshold=17595.285000000003 42.500000000000007 145.50000000000003 43.500000000000007 1.0000000180025095e-35 32591.050000000003 1.0000000180025095e-35 190026.00000000003
decision_type=2 2 8 2 2 8 2 10
left_child=2 -2 -1 4 6 -6 -4 -8
right_child=1 -3 3 -5 5 -7 7 -9
leaf_value=-0.026633694182822347 -0.046904060065854236 -0.0094641678393653228 0.0056917594679142007 -0.0022490576018273068 -0.030603571876876366 0.079453134585018681 0.016632652239254871 0.060813167214684209
leaf_weight=44.69937675978872 45.164354550433927 68.056853164496715 464.48743008734891 923.48476957270759 56.579152668156894 8.0341338753933069 106.86675419122912 41.025198156479746
leaf_count=4347 14420 16819 9185 72536 33593 1370 6686 4328
internal_value=-0.000117755 -0.0243991 0.00155329 0.00234052 0.00860115 -0.0169189 0.0112938 0.0288883
internal_weight=1758.4 113.221 1645.18 1600.48 676.993 64.6133 612.379 147.892
internal_count=163284 31239 132045 127698 55162 34963 20199 11014
is_linear=0
shrinkage=0.0750466


Tree=93
num_leaves=9
num_cat=0
split_feature=17 64 112 134 20 64 73 60
split_gain=7.63086 7.65584 6.66654 8.18814 5.60274 6.33092 11.7473 6.22801
threshold=3.5000000000000004 11572.960000000001 720815.33500000008 1076107.5600000003 419.75000000000006 3314.0650000000005 9.5000000000000018 1.0000000180025095e-35
decision_type=2 2 10 8 2 2 2 2
left_child=1 2 4 -4 7 -6 -7 -1
right_child=-2 -3 3 -5 5 6 -8 -9
leaf_value=0.0020217006859507879 0.023774169820808828 -0.021195728252332336 0.04461583645471999 -0.004428867503584193 -0.017451016442741229 -0.01849768094189214 0.091382624612694974 -0.021623673267465397
leaf_weight=1240.9734828191431 72.19756331742974 100.79533464672568 40.982231536821928 36.024149324148311 177.4618716918485 14.045496941864259 8.9852533949742774 66.076653402415104
leaf_count=67659 7578 34922 6416 4809 24102 4431 4220 9147
internal_value=-0.000117567 -0.00114105 0.000134653 0.0216724 -0.000965509 -0.0126469 0.0243712 0.000826332
internal_weight=1757.54 1685.34 1584.55 77.0064 1507.54 200.493 23.0308 1307.05
internal_count=163284 155706 120784 11225 109559 32753 8651 76806
is_linear=0
shrinkage=0.0750466


Tree=94
num_leaves=9
num_cat=0
split_feature=99 138 32 44 55 13 138 32
split_gain=7.04197 8.45935 5.62979 5.24028 5.23267 5.32515 5.30488 5.18008
threshold=1.0000000180025095e-35 1.0000000180025095e-35 2.5000000000000004 1.0000000180025095e-35 2.5000000000000004 1.5000000000000002 36105.985000000008 10.500000000000002
decision_type=2 10 2 2 2 2 8 2
left_child=2 -2 3 4 5 -1 -6 -4
right_child=1 -3 7 -5 6 -7 -8 -9
leaf_value=0.001615343861295621 0.043205255440209665 -0.0027911395352901869 -0.041013412083778476 -0.034700877070219009 -0.0065347807175494977 -0.027733567928664667 -0.056673027645369245 0.0077478958779091571
leaf_weight=1496.9701892388548 45.265885144472122 44.812769842334092 36.848434467305196 24.717427896655863 36.678032809402794 35.647579320007935 17.58227854980214 18.395581522199791
leaf_count=121128 764 4710 9203 4778 11517 792 8041 2351
internal_value=-0.000115236 0.0203227 -0.00121974 -0.000412233 0.000121851 0.000932709 -0.0227814 -0.0247765
internal_weight=1756.92 90.0787 1666.84 1611.6 1586.88 1532.62 54.2603 55.244
internal_count=163284 5474 157810 146256 141478 121920 19558 11554
is_linear=0
shrinkage=0.0750466


Tree=95
num_leaves=9
num_cat=0
split_feature=50 56 39 142 22 138 140 5
split_gain=14.0164 6.39344 6.25703 5.61756 9.21668 7.68274 7.43489 5.38296
threshold=1.0000000180025095e-35 8668.8100000000031 313319.83000000002 154836.00000000003 -22789.309999999994 97358.630000000019 29747.050000000003 67.500000000000014
decision_type=2 2 2 10 2 10 10 2
left_child=1 2 3 4 -1 6 7 -5
right_child=-2 -3 -4 5 -6 -7 -8 -9
leaf_value=0.022197820602225211 -0.041311690772330101 -0.027239209501170602 -0.031588501125998245 0.010187112248596406 -0.0035236531959767022 -0.026037013212069089 0.042813238488141524 -0.012560703652804905
leaf_weight=86.049834870413179 45.303058825535118 44.050225964558194 31.155827580747427 521.50125846984156 889.45393755185069 35.917408344976138 35.897083919990109 66.002235437132185
leaf_count=1526 11035 17347 8143 47913 54549 8930 10255 3586
internal_value=-0.00011073 0.00098079 0.00172696 0.00236187 -0.00125474 0.00771289 0.0096574 0.00763154
internal_weight=1755.33 1710.03 1665.98 1634.82 975.504 659.318 623.401 587.503
internal_count=163284 152249 134902 126759 56075 70684 61754 51499
is_linear=0
shrinkage=0.0750466


Tree=96
num_leaves=9
num_cat=0
split_feature=111 10 112 97 96 10 10 74
split_gain=5.41341 5.88451 5.25322 5.00528 4.97896 5.49842 5.92389 6.20161
threshold=1.0000000180025095e-35 -3005.3049999999998 139352.40000000002 3.5000000000000004 1.0000000180025095e-35 -627.07499999999993 3952.5500000000006 1588.4450000000004
decision_type=10 2 8 2 2 2 2 2
left_child=1 2 -1 -4 -3 -6 7 -7
right_child=-2 4 3 -5 5 6 -8 -9
leaf_value=-0.053889553493198981 0.021571010505592996 -0.0042060502286067362 0.025117227932737511 -0.021199349255196929 -0.0071847580647288094 0.00090859015327368294 -0.024111498164595152 0.016048532122674392
leaf_weight=19.578112835268257 62.554830838111229 768.76896776583453 17.312944137782324 54.527119164617034 186.30667609832017 282.01603451985284 31.838747943664202 331.47726690172567
leaf_count=4290 565 38728 2424 19842 41449 36730 3729 15527
internal_value=-0.000108608 -0.000910206 -0.0194288 -0.0100374 0.000147607 0.00417214 0.00745086 0.00908887
internal_weight=1754.38 1691.83 91.4182 71.8401 1600.41 831.639 645.332 613.493
internal_count=163284 162719 26556 22266 136163 97435 55986 52257
is_linear=0
shrinkage=0.0750466


Tree=97
num_leaves=9
num_cat=0
split_feature=8 99 55 80 83 83 141 16
split_gain=7.23839 7.1155 5.1383 5.51118 8.35643 8.0937 7.03035 11.235
threshold=-8804.7999999999975 2.5000000000000004 1.5000000000000002 4.5000000000000009 2582.5950000000007 110263.17000000001 1.0000000180025095e-35 -1.0000000180025095e-35
decision_type=2 2 2 2 2 2 8 2
left_child=-1 2 3 -2 -5 6 7 -6
right_child=1 -3 -4 4 5 -7 -8 -9
leaf_value=0.019945907310594611 -0.0017838539583823363 0.034868525134415948 -0.017142077557944082 -0.022042219572445176 0.02589064669193282 -0.019805282398925716 0.01544501649737565 0.13046248313536646
leaf_weight=95.85900054499507 1438.0112564420124 30.136316005024128 116.18176499298715 19.919336134014884 11.600188068638092 11.793636540736768 17.924249103583861 11.545297398843102
leaf_count=16643 93726 853 36752 2725 2399 3311 3671 3204
internal_value=-0.000104527 -0.00126439 -0.00193367 -0.000764128 0.0193832 0.0349926 0.0507285 0.0780526
internal_weight=1752.97 1657.11 1626.98 1510.79 72.7827 52.8634 41.0697 23.1455
internal_count=163284 146641 145788 109036 15310 12585 9274 5603
is_linear=0
shrinkage=0.0750466


Tree=98
num_leaves=9
num_cat=0
split_feature=33 32 8 137 151 20 20 16
split_gain=10.6158 8.25407 5.73811 6.75568 10.6448 7.60352 5.95603 10.0623
threshold=27559.105000000007 10.500000000000002 -8804.7999999999975 31032.320000000003 4.5000000000000009 55.415000000000006 203.56500000000003 -609.50499999999988
decision_type=2 2 2 10 8 2 2 2
left_child=2 -2 3 4 -1 -5 -4 -8
right_child=1 -3 6 5 -6 -7 7 -9
leaf_value=0.0068153691545175992 -0.035353698466406798 0.02054344373358 0.0023309994196743047 -0.031936844637394379 0.071959563429050799 0.043598645623670253 -0.030175839573003443 0.00050520543021875168
leaf_weight=32.349435147509212 76.581826726003783 18.465690294658998 1298.4864981868886 22.712186658609426 25.07881737416028 11.20973848280846 91.36652956562466 176.50466730339394
leaf_count=3855 26448 2387 70245 4127 2039 4152 7998 42033
internal_value=-0.000103102 -0.0244941 0.0012954 0.0195786 0.0352637 -0.00697561 0.000229118 -0.0099596
internal_weight=1752.76 95.0475 1657.71 91.3502 57.4283 33.9219 1566.36 267.871
internal_count=163284 28835 134449 14173 5894 8279 120276 50031
is_linear=0
shrinkage=0.0750466


Tree=99
num_leaves=9
num_cat=0
split_feature=95 99 141 8 153 7 98 149
split_gain=5.99579 6.74818 9.35873 5.2672 10.4537 5.56641 7.79044 7.13004
threshold=5.5000000000000009 1.0000000180025095e-35 4.4850000000000012 -8804.7999999999975 12251.985000000002 1.0000000180025095e-35 1.0000000180025095e-35 636.50000000000011
decision_type=2 2 8 2 10 2 2 10
left_child=1 3 -3 4 -1 -5 7 -7
right_child=-2 2 -4 5 -6 6 -8 -9
leaf_value=0.030131320571640079 0.027520995862600373 -0.0067958185568761618 0.042804084749552197 -0.014964511176080209 -0.029665334290584381 -0.0073915524704619394 -0.036015685501109354 0.0040352938852088053
leaf_weight=68.44316789637378 43.165698197117308 40.144276230304968 45.945921339356573 189.46681003221602 21.681628486490808 494.50632185206632 35.294448512315284 813.40575074154185
leaf_count=11198 3369 3786 1475 27971 4508 19269 5758 85950
internal_value=-0.000101799 -0.000799537 0.0196754 -0.00188574 0.0157458 -0.00292252 -0.00122393 -0.000285064
internal_weight=1752.05 1708.89 86.0902 1622.8 90.1248 1532.67 1343.21 1307.91
internal_count=163284 159915 5261 154654 15706 138948 110977 105219
is_linear=0
shrinkage=0.0750466


Tree=100
num_leaves=9
num_cat=0
split_feature=50 133 127 16 127 74 16 74
split_gain=12.4296 5.6103 5.36332 5.32247 6.18036 5.9924 5.04352 9.60601
threshold=1.0000000180025095e-35 8.0000000000000018 145.50000000000003 2347.2300000000005 753.50000000000011 1660.8950000000002 -471.88999999999993 2305.3550000000005
decision_type=2 10 8 2 10 2 2 2
left_child=1 2 -1 6 -5 -6 -4 -8
right_child=-2 -3 3 4 5 -7 7 -9
leaf_value=-0.025516106248551208 -0.039680698383080408 0.032148358826702007 -0.0022709110414252894 -0.071642638177415605 0.038012097128658585 -0.045262763695889434 0.0027366246274145318 0.027508828794312726
leaf_weight=44.067822759447154 43.570271663091262 31.778562923660502 864.16220814854023 12.091862978122665 9.8028536228084722 9.6649278887780365 633.93608349013084 102.40164055669447
leaf_count=4988 11035 236 49920 1588 2434 2178 76232 14673
internal_value=-9.90467e-05 0.000910718 0.000318468 0.00101604 -0.0295037 -0.00333034 0.00161784 0.00618167
internal_weight=1751.48 1707.91 1676.13 1632.06 31.5596 19.4678 1600.5 736.338
internal_count=163284 152249 152013 147025 6200 4612 140825 90905
is_linear=0
shrinkage=0.0750466


Tree=101
num_leaves=9
num_cat=0
split_feature=52 7 127 98 8 127 18 7
split_gain=6.45369 6.18196 12.1092 5.37822 5.2882 6.97044 5.08613 4.81867
threshold=65522.015000000007 3616.7500000000005 6448.5000000000009 1.0000000180025095e-35 -1.0000000180025095e-35 3462.5000000000005 11352.675000000001 278.72500000000008
decision_type=2 2 8 2 2 10 2 2
left_child=4 3 -3 7 5 6 -1 -2
right_child=1 2 -4 -5 -6 -7 -8 -9
leaf_value=0.0220107228211486 -0.010525632661212352 -0.015191145615428383 0.1505955044568284 0.03910648866898047 -0.00077080787444895019 -0.021418390175915115 -0.011183054222872671 -0.053440601470359048
leaf_weight=165.20665192694287 24.328845812662621 9.9974754366266971 3.3004160371638145 5.7935350543557425 1442.9502920795931 31.170703088515438 30.852918993477942 37.370750368019799
leaf_count=8451 21685 10301 1238 3806 77835 3796 6263 29909
internal_value=-9.71164e-05 -0.0208126 0.0259556 -0.0300272 0.000904947 0.0115463 0.0167872 -0.0365187
internal_weight=1750.97 80.791 13.2979 67.4931 1670.18 227.23 196.06 61.6996
internal_count=163284 66939 11539 55400 96345 18510 14714 51594
is_linear=0
shrinkage=0.0750466


Tree=102
num_leaves=9
num_cat=0
split_feature=50 4 56 95 140 121 112 135
split_gain=10.9979 6.30165 5.39643 4.6667 3.58177 6.25463 3.57583 4.36962
threshold=1.0000000180025095e-35 1.5000000000000002 8668.8100000000031 5.5000000000000009 17914.180000000004 1.0000000180025095e-35 720815.33500000008 -927.99999999999989
decision_type=2 2 2 2 10 8 10 8
left_child=1 2 3 6 5 -4 -1 -8
right_child=-2 -3 4 -5 -6 -7 7 -9
leaf_value=0.00087987268992903813 -0.03802503250851897 -0.024189541456503347 0.039650645556538557 0.027392529051271181 -0.066918490810894182 -0.033521855085756572 0.032345052948741543 -0.0031672808929903138
leaf_weight=1491.0737998199329 42.02127008579555 54.845520718779881 9.0637410780909686 40.877663793944521 8.9760713910509349 24.00014861713862 45.72300701844506 34.043310266381013
leaf_count=118124 11035 2181 4118 2822 6301 6881 6226 5596
internal_value=-9.57222e-05 0.000837109 0.0016671 0.00235946 -0.0248766 -0.0134632 0.00170803 0.0171888
internal_weight=1750.62 1708.6 1653.76 1611.72 42.04 33.0639 1570.84 79.7663
internal_count=163284 152249 150068 132768 17300 10999 129946 11822
is_linear=0
shrinkage=0.0750466


Tree=103
num_leaves=9
num_cat=0
split_feature=50 108 138 21 24 102 127 64
split_gain=9.74976 7.48874 6.73459 6.60084 4.59174 4.57484 4.34794 15.5296
threshold=1.0000000180025095e-35 1.0000000180025095e-35 17748.170000000002 1.0000000180025095e-35 8.5000000000000018 1.0000000180025095e-35 4553.5000000000009 3314.0650000000005
decision_type=2 2 8 2 2 2 10 2
left_child=1 3 -3 -1 5 -5 -6 -8
right_child=-2 2 -4 4 6 -7 7 -9
leaf_value=0.013578035966995413 -0.036427997616493533 0.070781621773746542 0.0028553342027671804 0.0003212888216259123 -0.021611605676438005 -0.026099735250690981 -0.06321378744707376 0.11006641676229638
leaf_weight=181.77530793342157 40.626625912351301 16.162376729160314 16.729279202147154 1348.179938383284 97.141950660748989 37.948428890143987 5.6030973566666926 6.0668744457652792
leaf_count=5584 11035 685 3865 89070 43534 2615 2676 4220
internal_value=-9.32128e-05 0.000770237 0.0362331 7.45717e-05 -0.00156736 -0.000402047 -0.0164121 0.0268695
internal_weight=1750.23 1709.61 32.8917 1676.72 1494.94 1386.13 108.812 11.67
internal_count=163284 152249 4550 147699 142115 91685 50430 6896
is_linear=0
shrinkage=0.0750466


Tree=104
num_leaves=9
num_cat=0
split_feature=56 113 80 74 83 74 56 120
split_gain=5.67477 4.99786 5.11402 13.8969 7.79306 7.02642 7.12842 4.82461
threshold=11582.655000000002 -2054.4999999999995 4.5000000000000009 391.17500000000007 2582.5950000000007 2806.0050000000006 1.0000000180025095e-35 126684.00000000001
decision_type=2 8 2 2 2 2 2 10
left_child=1 -1 -3 -4 -5 6 7 -6
right_child=-2 2 3 4 5 -7 -8 -9
leaf_value=-0.016682704017591365 -0.031559365241366572 0.000405509692703426 0.068677108019519748 -0.040284884920363598 -0.0039257371239029091 0.068687021080900038 -0.034063481123145709 0.065251421269214196
leaf_weight=90.43750053968688 31.692173462797655 1533.6877751508146 23.318674834968988 18.311736485353322 11.692639638029506 11.406130162271436 17.490149957477115 11.038346913614076
leaf_count=11241 15033 115057 4322 2773 1820 3547 6073 3418
internal_value=-9.21547e-05 0.000488534 0.00144304 0.0185059 0.00177808 0.0166974 0.00195395 0.0296672
internal_weight=1749.08 1717.38 1626.95 93.2577 69.939 51.6273 40.2211 22.731
internal_count=163284 148251 137010 21953 17631 14858 11311 5238
is_linear=0
shrinkage=0.0750466


Tree=105
num_leaves=9
num_cat=0
split_feature=50 46 138 74 112 112 28 116
split_gain=8.64319 5.09862 9.52867 5.39193 8.23884 4.15582 3.53269 3.43498
threshold=1.0000000180025095e-35 1.0000000180025095e-35 3423.4750000000004 1939.825 278704.80000000005 720815.33500000008 1.0000000180025095e-35 37589.705000000009
decision_type=2 2 8 2 8 10 2 10
left_child=1 5 -3 -4 -5 7 -2 -1
right_child=6 2 3 4 -6 -7 -8 -9
leaf_value=0.0013889968877894524 -0.012073240004376868 0.018479282243207291 -0.051408887758879133 0.026385012360546013 -0.046821560632603683 0.018125207493431508 -0.057050991495377165 -0.022847572229772451
leaf_weight=1491.039132187725 19.40678622975247 31.909770997823216 35.74239393066091 17.487887886774843 17.148220865099574 82.71809524820128 19.940212371948292 33.677754429416382
leaf_count=114321 885 1934 10321 2756 2745 13630 10150 6542
internal_value=-9.16662e-05 0.000708642 -0.0155374 -0.0309607 -0.00985932 0.00174245 -0.034867 0.000853663
internal_weight=1749.07 1709.72 102.288 70.3785 34.6361 1607.43 39.347 1524.72
internal_count=163284 152249 17756 15822 5501 134493 11035 120863
is_linear=0
shrinkage=0.0750466


Tree=106
num_leaves=9
num_cat=0
split_feature=50 133 13 153 120 22 149 72
split_gain=7.66393 4.6673 4.71743 5.24133 9.37306 10.3559 6.70658 7.27347
threshold=1.0000000180025095e-35 8.0000000000000018 1.5000000000000002 651.0150000000001 182988.00000000003 239470.10500000001 636.50000000000011 1579.1950000000002
decision_type=2 10 2 10 10 2 8 2
left_child=1 2 3 6 -5 -6 7 -1
right_child=-2 -3 -4 4 5 -7 -8 -9
leaf_value=0.0072898487325226196 -0.033389968152024004 0.029167262184051256 -0.026956463619275086 -0.014841350766970171 0.01110292144293617 -0.04955381200561379 0.0059805535259990885 -0.022486032168150014
leaf_weight=81.869847855588887 38.076714087976143 31.726658318773843 35.492969577899203 278.69898418421508 193.46520669627353 17.2671299490612 966.06451498516253 106.05669005122036
leaf_count=8253 11035 236 827 48753 44403 12681 35653 1443
internal_value=-8.97987e-05 0.000651421 0.000112553 0.000697163 -0.00581061 0.00613279 0.00345724 -0.00951422
internal_weight=1748.72 1710.64 1678.92 1643.42 489.431 210.732 1153.99 187.927
internal_count=163284 152249 152013 151186 105837 57084 45349 9696
is_linear=0
shrinkage=0.0750466


Tree=107
num_leaves=9
num_cat=0
split_feature=4 52 4 113 109 56 135 125
split_gain=5.43671 6.24984 12.8743 4.56619 4.7708 7.12513 6.81799 6.97667
threshold=1.5000000000000002 65522.015000000007 1.0000000180025095e-35 -2054.4999999999995 1.0000000180025095e-35 7648.2050000000008 -805.49999999999989 -4536.1249999999991
decision_type=2 2 2 8 2 2 8 8
left_child=1 3 -3 -1 -5 6 7 -6
right_child=-2 2 -4 4 5 -7 -8 -9
leaf_value=-0.015623054957016854 -0.023418242054942411 -0.026773982258617691 0.12271193590411354 -0.0010440688409890386 -0.0095519088379952908 -0.029330042708846163 -0.0022768023950880344 0.018290323302952185
leaf_weight=81.741245653596707 54.501575355097884 73.785812880931189 3.3940404461463904 876.39125120958488 58.787140622007428 28.436423610910424 202.16702583266306 367.89607618933951
leaf_count=6170 2213 64998 1493 30273 9914 8785 13048 26390
internal_value=-8.83577e-05 0.000662863 -0.0202002 0.00165964 0.00258076 0.00741392 0.00907547 0.0144543
internal_weight=1747.1 1692.6 77.1799 1615.42 1533.68 657.287 628.85 426.683
internal_count=163284 161071 66491 94580 88410 58137 49352 36304
is_linear=0
shrinkage=0.0750466


Tree=108
num_leaves=9
num_cat=0
split_feature=33 63 8 33 140 105 31 109
split_gain=9.4147 7.08493 6.65947 6.22995 7.04918 6.47335 7.11312 8.77398
threshold=17595.285000000003 1.0000000180025095e-35 43644.710000000006 1.0000000180025095e-35 56366.985000000008 1.0000000180025095e-35 9076.3150000000023 1.0000000180025095e-35
decision_type=2 2 2 2 8 2 2 2
left_child=3 2 -2 5 -5 -1 7 -7
right_child=1 -3 -4 4 -6 6 -8 -9
leaf_value=-0.00059018932947285815 -0.024072107850422068 -0.066506634888224739 0.025200673638856336 -0.0021539266687510949 0.056182573061363227 -0.015798461747818085 -0.046904000822870884 0.043135424995438716
leaf_weight=1510.1677035854518 70.910847650229698 16.717696573818102 19.75159151929256 22.330579918430885 24.427159420083626 19.099732206392218 7.8693078151700311 55.773111221700674
leaf_count=101749 14339 13573 3327 3998 859 4265 4378 16796
internal_value=-8.76405e-05 -0.0216153 -0.0133376 0.00132219 0.0283222 0.000529637 0.0209681 0.0281017
internal_weight=1747.05 107.38 90.6624 1639.67 46.7577 1592.91 82.7422 74.8728
internal_count=163284 31239 17666 132045 4857 127188 25439 21061
is_linear=0
shrinkage=0.0750466


Tree=109
num_leaves=9
num_cat=0
split_feature=33 99 137 12 7 12 141 127
split_gain=8.29632 6.0229 5.71826 5.28277 4.93758 15.6542 10.8255 12.1
threshold=27559.105000000007 1.0000000180025095e-35 4483.3200000000006 5.5000000000000009 2050.3150000000005 4.5000000000000009 1.0000000180025095e-35 1221.5000000000002
decision_type=2 2 10 2 2 2 8 8
left_child=4 2 3 -2 -1 -6 7 -7
right_child=1 -3 -4 -5 5 6 -8 -9
leaf_value=-0.0018607162491008473 -0.044872011140550748 0.039111587979557542 -0.057823716901312515 0.0023764961329891515 0.043925572666045923 0.046052675079381308 -0.0067170672277443808 0.0051756394044048821
leaf_weight=1081.9162297384173 21.137117394071538 8.2182604866975435 25.478322000373737 36.071241952333366 57.413660424295813 54.139996268728282 297.16108938919206 165.31996841116052
leaf_count=89943 2078 1048 20857 4852 388 5020 17519 21579
internal_value=-8.75275e-05 -0.0221612 -0.0282511 -0.0150807 0.00112423 0.00675012 0.0026187 0.0152599
internal_weight=1746.86 90.9049 82.6867 57.2084 1655.95 574.035 516.621 219.46
internal_count=163284 28835 27787 6930 134449 44506 44118 26599
is_linear=0
shrinkage=0.0750466


Tree=110
num_leaves=9
num_cat=0
split_feature=133 52 7 145 24 84 140 104
split_gain=4.78433 4.97184 4.85524 8.8559 5.21992 4.82808 4.56231 9.01143
threshold=8.0000000000000018 65522.015000000007 3616.7500000000005 5.5000000000000009 12.500000000000002 1.0000000180025095e-35 34230.270000000011 21172.650000000005
decision_type=10 2 2 8 2 2 10 2
left_child=1 5 4 -4 -3 -1 -7 -8
right_child=-2 2 3 -5 -6 6 7 -9
leaf_value=-0.0012588781313041615 0.028306713704319385 -0.014485918496369312 -0.033425851995731427 0.091134617756182437 -0.062507239093123571 0.0081193262178521405 0.10587563534943284 -0.015047649793956876
leaf_weight=1441.4275072773889 32.794937282102183 45.296791560234851 7.1764455728261938 5.8230634542414927 17.741733571121586 181.11266345862532 7.8595257541746815 6.2158163038257044
leaf_count=63531 244 33998 7608 3907 21389 27260 2644 2703
internal_value=-8.67981e-05 -0.000630494 -0.0193896 0.0223704 -0.0280012 0.000241065 0.0113179 0.0524747
internal_weight=1745.45 1712.65 76.038 12.9995 63.0385 1636.62 195.188 14.0753
internal_count=163284 163040 66902 11515 55387 96138 32607 5347
is_linear=0
shrinkage=0.0750466


Tree=111
num_leaves=9
num_cat=0
split_feature=21 22 22 28 97 97 137 9
split_gain=5.69052 8.49025 4.19331 7.0249 4.65167 3.92278 11.503 6.49133
threshold=1.0000000180025095e-35 -1525.53 305328.60000000003 14896.805000000002 17.500000000000004 147.50000000000003 4483.3200000000006 389.19000000000005
decision_type=2 2 2 2 2 2 10 2
left_child=1 -1 5 4 -4 -2 -7 -8
right_child=2 -3 3 -5 -6 6 7 -9
leaf_value=0.029645590012641061 -0.0014787962177820252 -0.0023324220725641481 -0.029273396961670018 -0.06207878234267173 0.029424168324671041 0.102471383463186 0.067841995247344217 -0.019272356042052404
leaf_weight=85.848358955292497 1473.2424002646731 102.6998418874573 16.345205540608735 17.061689466754615 14.217990956181891 8.0786395274626539 6.2381302765425088 21.152877321335836
leaf_count=870 124911 4931 2748 14176 4366 799 1572 8911
internal_value=-8.54295e-05 0.0122276 -0.00157713 -0.0235023 -0.00196731 -0.000885029 0.0237773 0.000567391
internal_weight=1744.89 188.548 1556.34 47.6249 30.5632 1508.71 35.4696 27.391
internal_count=163284 5801 157483 21290 7114 136193 11282 10483
is_linear=0
shrinkage=0.0750466


Tree=112
num_leaves=9
num_cat=0
split_feature=11 107 153 151 18 142 128 64
split_gain=5.34919 10.5494 6.90993 7.94624 8.97442 7.72144 5.88777 5.80778
threshold=18.395000000000003 12.500000000000002 475.06500000000005 4.5000000000000009 252.93500000000003 182988.00000000003 603.7750000000002 3948.2500000000005
decision_type=2 2 8 10 2 8 10 2
left_child=-1 -2 -3 5 -5 7 -7 -4
right_child=1 2 3 4 -6 6 -8 -9
leaf_value=-0.0054625197292730854 0.019466113389040699 0.0080664799945673344 -0.034428947091137752 0.033670680329508602 -0.0024654590888247576 0.00089891696254047824 -0.038181091850903515 0.0098475300895256163
leaf_weight=651.98805627392721 184.89116793568246 349.6504982716142 105.94621456763707 49.507284343912033 177.41895131898491 179.72417210822459 24.695614871903672 19.803777590364916
leaf_count=13124 3511 28969 14334 4252 64620 22608 5446 6420
internal_value=-8.39391e-05 0.00312845 -0.000202894 -0.00539301 0.00541817 -0.0128235 -0.00382227 -0.0274561
internal_weight=1743.63 1091.64 906.747 557.096 226.926 330.17 204.42 125.75
internal_count=163284 150160 146649 117680 68872 48808 28054 20754
is_linear=0
shrinkage=0.0750466


Tree=113
num_leaves=9
num_cat=0
split_feature=17 22 99 97 5 5 7 11
split_gain=6.63493 7.94542 6.76989 7.7681 12.5718 12.0107 6.69789 5.52988
threshold=3.5000000000000004 6061.1650000000009 1.0000000180025095e-35 36.500000000000007 61.500000000000007 34.500000000000007 1261.8700000000001 368.24500000000006
decision_type=2 2 2 2 2 2 2 2
left_child=1 2 3 4 -1 -5 -2 -7
right_child=6 -3 -4 5 -6 7 -8 -9
leaf_value=-0.0055241362850167409 -0.0052221282978204874 -0.01006473750313225 0.025692094966890369 0.055893110695297205 0.016230968852953692 -0.0040773178098425459 0.041091255983569497 0.032121925223340286
leaf_weight=854.20146502612624 29.801598388614366 414.107057692323 64.039138757012552 33.7116714338772 181.36476492330257 91.269843488160404 42.908164326043334 32.135486866594874
leaf_count=32388 3287 101583 1638 3123 4379 6053 4291 6542
internal_value=-8.3559e-05 -0.00104931 0.0019214 0.000645073 -0.00171404 0.0161941 0.0221088 0.00534918
internal_weight=1743.54 1670.83 1256.72 1192.68 1035.57 157.117 72.7098 123.405
internal_count=163284 155706 54123 52485 36767 15718 7578 12595
is_linear=0
shrinkage=0.0750466


Tree=114
num_leaves=9
num_cat=0
split_feature=108 17 39 56 99 32 0 0
split_gain=5.60685 5.78468 7.05892 6.62637 5.57137 6.49382 4.64346 4.47527
threshold=1.0000000180025095e-35 3.5000000000000004 25863.355000000003 4810.0000000000009 1.0000000180025095e-35 2.5000000000000004 49848695.500000007 17055618.500000004
decision_type=2 2 2 2 2 2 2 2
left_child=1 2 3 4 5 -1 -4 -5
right_child=-2 -3 6 7 -6 -7 -8 -9
leaf_value=0.00024492152671197297 0.029990477422141702 0.020064660969253675 -0.017083603109201935 0.02087545878141886 0.020423318182126879 -0.028216116233735523 -0.071423184469051229 -0.031779151075359634
leaf_weight=1390.8410177534533 34.228492624330102 72.453423300845316 44.615348347826512 10.787994074984452 74.095308429605211 46.665176464055548 11.050289836552109 57.789235299642314
leaf_count=96371 5002 7325 14497 4193 3206 9004 2517 21169
internal_value=-8.33475e-05 -0.000685925 -0.00160499 -0.00067972 0.000355391 -0.000678998 -0.0278707 -0.023496
internal_weight=1742.53 1708.3 1635.84 1580.18 1511.6 1437.51 55.6656 68.5772
internal_count=163284 158282 150957 133943 108581 105375 17014 25362
is_linear=0
shrinkage=0.0750466


Tree=115
num_leaves=9
num_cat=0
split_feature=21 111 56 9 109 9 135 147
split_gain=4.73111 4.30502 5.56532 3.53672 3.28247 7.80585 7.1924 10.6186
threshold=1.0000000180025095e-35 8.0000000000000018 13787.450000000003 511.12500000000006 1.0000000180025095e-35 2120.0400000000004 -805.49999999999989 -31205.244999999999
decision_type=2 10 2 2 2 2 8 8
left_child=3 2 4 -1 -2 -6 7 -7
right_child=1 -3 -4 -5 5 6 -8 -9
leaf_value=0.022355777072036905 -0.0045975681655811449 0.03029644543671273 -0.039141076615363354 0.0017350243327280952 -0.0021819958167944133 -0.0092260455538332436 -0.0067102718343224612 0.040586638053742984
leaf_weight=86.077011993504129 818.75686833317741 23.69574053879478 22.315839465591125 102.77522387506906 515.67900413379539 33.580561787835904 53.010390877156169 85.3844735238672
leaf_count=3387 40753 178 12287 2414 82599 8501 6703 6462
internal_value=-8.18334e-05 -0.00144621 -0.00193823 0.0111338 -0.00138711 0.00243542 0.016281 0.0265259
internal_weight=1741.28 1552.42 1528.73 188.852 1506.41 687.654 171.975 118.965
internal_count=163284 157483 157305 5801 145018 104265 21666 14963
is_linear=0
shrinkage=0.0750466


Tree=116
num_leaves=9
num_cat=0
split_feature=71 11 64 113 11 85 104 11
split_gain=4.9066 4.85518 4.27711 4.49478 6.33484 4.15323 9.0616 17.3136
threshold=1.5000000000000002 18.395000000000003 61845.390000000007 -1263.4999999999998 1683.4950000000001 2404.6500000000005 21172.650000000005 93.555000000000021
decision_type=2 2 2 10 2 2 2 2
left_child=1 -1 5 -4 -5 -3 -7 -8
right_child=-2 2 3 4 -6 6 7 -9
leaf_value=-0.0058614435361690458 0.026584338339154513 0.00082835568659382175 -0.077555295190546922 0.05072581198661151 -0.061532201149237437 0.027709809805220535 0.078959580327755768 -0.018808945525368371
leaf_weight=636.57254484339501 38.017800232686568 855.95380023399775 7.604796323641497 5.9166737986233766 5.4288866488204803 105.97005019133212 11.853566775986108 73.181132736863219
leaf_count=12959 1813 69299 2068 1943 3565 34417 1947 35273
internal_value=-8.00544e-05 -0.000675492 0.00242162 -0.0329131 -0.00299 0.00306119 0.0130672 -0.00518032
internal_weight=1740.5 1702.48 1065.91 18.9504 11.3456 1046.96 191.005 85.0347
internal_count=163284 161471 148512 7576 5508 140936 71637 37220
is_linear=0
shrinkage=0.0750466


Tree=117
num_leaves=9
num_cat=0
split_feature=10 97 20 147 20 135 72 10
split_gain=4.42669 4.9529 24.1207 4.63816 9.74529 8.98192 13.4602 13.1305
threshold=-3005.3049999999998 147.50000000000003 3.8350000000000004 -7681.6749999999993 3581.3600000000001 -1171.4999999999998 1708.4500000000003 -109.73499999999999
decision_type=2 2 2 8 2 10 2 2
left_child=-1 3 -3 4 -2 6 -6 -7
right_child=1 2 -4 -5 5 7 -8 -9
leaf_value=-0.016119025370540954 0.0021302055982874795 0.094557609486717847 -0.032984551448003642 -0.0020962727469409095 -0.037730563693318654 0.035128697077115155 0.063366892950621409 0.14663321222577183
leaf_weight=91.804401756169682 339.17059956729645 16.349093380587874 17.070952194364509 1213.0332521744567 17.711980099848009 25.70239795287489 12.760741697828051 7.7385998240642939
leaf_count=26592 54320 3631 6721 46805 9942 10946 1904 2423
internal_value=-8.00167e-05 0.000812628 0.0294091 0.000221276 0.00719566 0.0340765 0.00460496 0.060932
internal_weight=1741.34 1649.54 33.42 1616.12 403.084 63.9137 30.4727 33.441
internal_count=163284 136692 10352 126340 79535 25215 11846 13369
is_linear=0
shrinkage=0.0750466


Tree=118
num_leaves=9
num_cat=0
split_feature=33 108 58 8 21 9 27 5
split_gain=7.2409 6.30902 6.24418 6.64388 4.73724 4.58991 3.88042 3.72733
threshold=27559.105000000007 1.0000000180025095e-35 941.47000000000014 43644.710000000006 1.0000000180025095e-35 1786.0550000000001 29.500000000000004 61.500000000000007
decision_type=2 2 2 2 2 2 2 2
left_child=1 4 3 5 -1 -2 -6 -4
right_child=2 -3 7 -5 6 -7 -8 -9
leaf_value=0.012506075453654539 -0.036818671908419545 0.033568477618142648 -0.075549836868757408 0.029367095832038972 -0.00039912116812385712 0.014351549794071992 -0.026771125512001285 0.010532067775509643
leaf_weight=163.098535887053 39.443882619205397 32.907815693470184 15.20349779311073 17.501356015840429 1425.1400936491409 13.168638197283142 32.131988275854383 3.4816817613027515
leaf_count=3021 9799 3963 13160 2329 115387 1845 12078 1702
internal_value=-8.37475e-05 0.00103756 -0.0209605 -0.0106871 0.000376895 -0.024011 -0.000980608 -0.0595099
internal_weight=1742.08 1653.28 88.7991 70.1139 1620.37 52.6125 1457.27 18.6852
internal_count=163284 134449 28835 13973 130486 11644 127465 14862
is_linear=0
shrinkage=0.0750466


Tree=119
num_leaves=9
num_cat=0
split_feature=33 64 33 109 24 12 7 74
split_gain=6.40727 6.74548 5.24576 5.87385 5.43736 7.82202 6.40161 7.31794
threshold=17595.285000000003 1.0000000180025095e-35 1.0000000180025095e-35 1.0000000180025095e-35 1.0000000180025095e-35 6.5000000000000009 2050.3150000000005 2806.0050000000006
decision_type=2 2 2 2 2 2 2 2
left_child=2 -2 4 -4 6 -6 -1 -8
right_child=1 -3 3 -5 5 -7 7 -9
leaf_value=-0.0062429868802930024 -0.010402814463024337 -0.065301482313919829 0.050210429545280127 -0.0025456424831973652 0.020539462876337729 -0.001118283806700818 0.010045141365785815 -0.014317110900082643
leaf_weight=774.87166907452047 86.555629161535762 14.7538613372526 25.437350696971407 22.311673348172917 163.37813338535489 220.91168213177298 345.7750549599441 86.890989180334145
leaf_count=24862 17666 13573 1185 3672 22169 66685 9241 4231
internal_value=-8.21269e-05 -0.0183978 0.0010496 0.0255591 0.000314403 0.00808936 -0.00215992 0.00515255
internal_weight=1740.89 101.309 1639.58 47.749 1591.83 384.29 1207.54 432.666
internal_count=163284 31239 132045 4857 127188 88854 38334 13472
is_linear=0
shrinkage=0.0750466


Tree=120
num_leaves=9
num_cat=0
split_feature=50 71 13 136 111 16 73 113
split_gain=6.71748 4.20666 4.03609 4.11599 4.57613 3.94825 5.89483 5.56647
threshold=1.0000000180025095e-35 1.5000000000000002 1.5000000000000002 75.000000000000014 1.0000000180025095e-35 -471.88999999999993 1.0000000180025095e-35 -2054.4999999999995
decision_type=2 2 2 8 10 2 2 8
left_child=1 2 3 -1 5 6 -5 -7
right_child=-2 -3 -4 4 -6 7 -8 -9
leaf_value=-0.027177343118476301 -0.031834492691192734 0.025467781384307137 -0.025447458650468421 0.023611403535143148 0.02331093702656422 -0.021300786377421936 -0.0048471483512105519 0.0058992159214661553
leaf_weight=29.543757546402048 36.730255275331729 37.478877166140592 34.261187868309207 43.342180402949452 50.554121520050103 45.074992367284722 756.22982770410454 707.26716460991156
leaf_count=1297 11035 1572 827 753 403 7777 48484 91136
internal_value=-8.10705e-05 0.000603484 4.42205e-05 0.000579373 0.00109111 0.000367289 -0.0033045 0.00426959
internal_weight=1740.48 1703.75 1666.27 1632.01 1602.47 1551.91 799.572 752.342
internal_count=163284 152249 150677 149850 148553 148150 49237 98913
is_linear=0
shrinkage=0.0750466


Tree=121
num_leaves=9
num_cat=0
split_feature=33 17 82 8 9 72 52 8
split_gain=5.63623 8.15554 4.68199 4.28743 10.7234 8.30449 11.8885 8.66388
threshold=27559.105000000007 2.5000000000000004 1.0000000180025095e-35 9683.5850000000009 1656.3400000000004 387.90500000000003 49202.980000000003 12961.865000000002
decision_type=2 2 2 2 2 2 2 2
left_child=3 2 -2 4 -1 6 7 -5
right_child=1 -3 -4 5 -6 -7 -8 -9
leaf_value=-0.00067905780303815794 -0.017017583115013286 0.049132451451377075 -0.06207862195075034 -0.013886695505441153 0.01807795483840632 -0.0069445479218314329 -0.030008810172788461 0.031208307836189223
leaf_weight=606.89795383616001 60.08499375385145 8.9015976995578949 16.567177080338297 30.870641050554696 239.36095483240206 637.91553173279681 31.352194858147413 107.72990471453522
leaf_count=48880 12028 2035 14772 2045 13062 30025 28594 11843
internal_value=-7.82178e-05 -0.0188608 -0.0267568 0.000893243 0.00462629 -0.0030172 0.0117241 0.0211643
internal_weight=1739.68 85.5538 76.6522 1654.13 846.259 807.868 169.953 138.601
internal_count=163284 28835 26800 134449 61942 72507 42482 13888
is_linear=0
shrinkage=0.0750466


Tree=122
num_leaves=9
num_cat=0
split_feature=33 32 8 112 131 112 73 72
split_gain=4.98004 8.79224 3.97744 4.33357 4.0831 5.84763 5.08673 5.74818
threshold=115002.37000000001 10.500000000000002 -8804.7999999999975 190026.00000000003 392.95500000000004 933800.96000000008 4.5000000000000009 3193.5000000000005
decision_type=2 2 2 8 10 10 2 2
left_child=2 -2 3 -1 5 -4 -7 -8
right_child=1 -3 4 -5 -6 6 7 -9
leaf_value=-0.0052293161408299557 -0.046116147454322777 0.027270502655319499 -4.1225056904125142e-05 0.027777180005425173 -0.012794060160541069 0.0022834167692152435 0.02219969004525181 0.097709082708431982
leaf_weight=35.78443539768341 31.686003084716504 12.953148958171367 1415.4522360848059 59.910635237851238 135.21182211543783 24.341560949091217 14.924293804826448 9.1645834153314354
leaf_count=5915 12624 1788 95681 9366 31017 1034 4835 1024
internal_value=-7.86912e-05 -0.0248212 0.000573003 0.0154347 -0.000316367 0.000836138 0.0264784 0.0509271
internal_weight=1739.43 44.6392 1694.79 95.6951 1599.09 1463.88 48.4304 24.0889
internal_count=163284 14412 148872 15281 133591 102574 6893 5859
is_linear=0
shrinkage=0.0750466


Tree=123
num_leaves=9
num_cat=0
split_feature=50 108 153 153 57 58 153 32
split_gain=5.98525 3.92992 6.9768 3.24656 4.76005 3.86529 7.77686 4.75402
threshold=1.0000000180025095e-35 1.0000000180025095e-35 1612.8750000000002 16122.885000000002 4.5000000000000009 232.54500000000004 651.0150000000001 1.0000000180025095e-35
decision_type=2 2 8 10 2 2 10 2
left_child=1 3 -3 5 -5 -1 -7 -8
right_child=-2 2 -4 4 -6 6 7 -9
leaf_value=-0.0017178242575938076 -0.030440158365177505 0.058658054233399606 -0.0081651851303259759 -0.029323065602157607 0.024144852111779955 0.017523104879291342 0.0009397352782473269 -0.036255560469663335
leaf_weight=1139.0260634729493 35.811795281813829 17.667947619309416 17.53096719153109 43.547345739338198 11.951014337893865 201.53126480976789 251.17585785375559 20.968522438844957
leaf_count=57983 11035 767 3783 7255 3941 13406 50681 14433
internal_value=-7.74253e-05 0.000560913 0.0253765 3.73061e-05 -0.0178093 0.000651466 0.00634879 -0.00192613
internal_weight=1739.21 1703.4 35.1989 1668.2 55.4984 1612.7 473.676 272.144
internal_count=163284 152249 4550 147699 11196 136503 78520 65114
is_linear=0
shrinkage=0.0750466


Tree=124
num_leaves=9
num_cat=0
split_feature=33 107 16 33 107 25 25 112
split_gain=4.2858 5.69724 6.43931 4.65188 19.3598 4.40147 5.07171 6.35178
threshold=17595.285000000003 85.500000000000014 -10288.865 1.0000000180025095e-35 30.500000000000004 1.0000000180025095e-35 3329.2250000000004 933800.96000000008
decision_type=2 2 2 2 2 2 2 8
left_child=3 2 -2 5 -5 -1 -7 -8
right_child=1 -3 -4 4 -6 6 7 -9
leaf_value=-0.0021067401540234179 0.030360060507094788 -0.052013359015497626 -0.019142485594768315 0.067565763458650369 -0.027647571970948331 0.020502554222328141 -0.0044610707395830278 0.022991715275418007
leaf_weight=1205.9179006241466 19.955832799081691 19.218970555702981 57.275934795106878 26.132230328628793 22.282916052266955 112.57383365409623 214.9591720533499 60.917668450376368
leaf_count=38334 1380 21414 8445 363 4494 11573 65074 12207
internal_value=-7.55861e-05 -0.0154502 -0.00635158 0.000827087 0.0237441 0.00013118 0.00707865 0.00160091
internal_weight=1739.23 96.4507 77.2318 1642.78 48.4151 1594.37 388.451 275.877
internal_count=163284 31239 9825 132045 4857 127188 88854 77281
is_linear=0
shrinkage=0.0750466


Tree=125
num_leaves=9
num_cat=0
split_feature=10 8 85 140 95 7 83 146
split_gain=3.94864 9.09124 5.64344 5.36851 4.83237 4.27936 5.73343 5.89828
threshold=-3005.3049999999998 -8804.7999999999975 39354.150000000009 4363.6450000000013 5.5000000000000009 -294.21499999999997 37776.215000000004 1.0000000180025095e-35
decision_type=2 2 2 8 2 2 2 10
left_child=2 3 -1 -2 5 -3 7 -7
right_child=1 4 -4 -5 -6 6 -8 -9
leaf_value=-0.0095494947035790565 0.0011019717312888979 -0.015738145505089247 -0.07601295477006878 0.049395716488181772 0.025510504630384151 -0.0022592675807306946 0.017557204609076629 0.0212068354377268
leaf_weight=82.650620410233387 21.064363030593086 102.69144063616841 7.8812417047956833 33.710823460365646 39.92021453374764 1289.1452476117047 98.898817125125788 63.287688633172365
leaf_count=20638 2290 13644 5954 4370 2661 80818 26280 6629
internal_value=-7.57563e-05 0.000762161 -0.0153355 0.0308239 -0.000270897 -0.000933177 0.000114374 -0.00116116
internal_weight=1739.25 1648.72 90.5319 54.7752 1593.94 1554.02 1451.33 1352.43
internal_count=163284 136692 26592 6660 130032 127371 113727 87447
is_linear=0
shrinkage=0.0750466


Tree=126
num_leaves=9
num_cat=0
split_feature=17 18 5 38 120 83 82 74
split_gain=4.09845 5.80641 5.0803 4.80323 6.50463 8.8038 6.43821 5.85629
threshold=3.5000000000000004 1949.6600000000001 53.500000000000007 1.0000000180025095e-35 154836.00000000003 37776.215000000004 6.5000000000000009 1939.825
decision_type=2 2 2 2 10 2 2 2
left_child=3 -2 -3 6 -5 7 -1 -6
right_child=1 2 -4 4 5 -7 -8 -9
leaf_value=0.00077415972959702978 -0.0094389614399905657 0.058366541894494056 0.008980020347720493 -0.043460270550184178 -0.04547921983234203 0.085315184743199657 -0.02756337367231234 0.03189107679222547
leaf_weight=1553.4581678880058 28.973096498724772 23.099688794914982 23.835754877931322 34.01036426761857 14.541140958950569 6.0614989546011193 46.506462748671765 8.8711857298039813
leaf_count=119546 744 3301 3533 7095 6084 4245 16958 1778
internal_value=-7.46261e-05 0.0169786 0.033286 -0.000852819 -0.0210977 0.00470688 -4.95325e-05 -0.0161628
internal_weight=1739.36 75.9085 46.9354 1663.45 63.4842 29.4738 1599.96 23.4123
internal_count=163284 7578 6834 155706 19202 12107 136504 7862
is_linear=0
shrinkage=0.0750466


Tree=127
num_leaves=9
num_cat=0
split_feature=73 153 73 16 25 9 6 131
split_gain=3.73411 9.4907 6.60771 9.84033 8.63832 7.74002 12.5185 6.72593
threshold=9.5000000000000018 31829.355000000007 6.5000000000000009 -784.20999999999992 16350.765000000001 1656.3400000000004 145.50000000000003 1049.8350000000003
decision_type=2 8 2 2 2 2 2 10
left_child=2 -2 7 -4 5 6 -5 -1
right_child=1 -3 3 4 -6 -7 -8 -9
leaf_value=0.00036428664487280187 -0.004596472353717092 -0.061815816255788927 -0.0058755632148456373 -0.023311781231379732 -0.014962758849557235 0.055263636641229352 0.06233245254727221 -0.027288470747094142
leaf_weight=1277.3522325867889 191.16531265215599 17.850215233782365 83.225969547624118 23.290706079002121 21.690154787786014 56.640146670593822 16.366569272875495 51.536543018555676
leaf_count=65776 55741 3275 9322 4379 10389 4987 3262 6153
internal_value=-7.43628e-05 -0.00948308 0.00121089 0.0138848 0.0278234 0.0374606 0.0120336 -0.000708134
internal_weight=1739.12 209.016 1530.1 201.214 117.988 96.2974 39.6573 1328.89
internal_count=163284 59016 104268 32339 23017 12628 7641 71929
is_linear=0
shrinkage=0.0750466


Tree=128
num_leaves=9
num_cat=0
split_feature=50 28 12 10 140 140 32 27
split_gain=5.27921 3.69866 2.84465 6.91267 8.98322 4.54676 6.63063 4.63927
threshold=1.0000000180025095e-35 1.0000000180025095e-35 8.5000000000000018 -193.11999999999998 17914.180000000004 3519.0050000000006 1.0000000180025095e-35 35.500000000000007
decision_type=2 2 2 2 8 10 2 2
left_child=2 -2 5 -4 -5 -1 7 -7
right_child=1 -3 3 4 -6 6 -8 -9
leaf_value=-0.00084318701293341737 -0.0049857786280260372 -0.053867189089260879 -0.032902089899256852 0.025130725512254593 -0.040639098848235501 0.013097399675342332 -0.03669203773756316 -0.027184465414042135
leaf_weight=1244.8448828096298 17.763437678047922 17.120584376327315 46.775027569718077 40.327989305587835 16.473898584910785 321.83968743110017 17.192150730457797 16.950515574004385
leaf_count=53929 885 10150 19458 7655 3439 51974 10477 5317
internal_value=-7.5773e-05 -0.0289761 0.000515729 -0.0115374 0.00605591 0.00129559 0.00877475 0.011082
internal_weight=1739.29 34.884 1704.4 103.577 56.8019 1600.83 355.982 338.79
internal_count=163284 11035 152249 30552 11094 121697 67768 57291
is_linear=0
shrinkage=0.0750466


Tree=129
num_leaves=9
num_cat=0
split_feature=22 17 33 83 22 6 22 153
split_gain=4.48525 7.65908 6.52988 7.50692 10.4927 10.1019 5.50814 6.99425
threshold=6061.1650000000009 3.5000000000000004 32887.870000000003 1.0000000180025095e-35 -5649.0549999999994 54.500000000000007 -1525.53 9905.9850000000024
decision_type=2 2 2 2 2 2 2 8
left_child=2 -2 3 6 -5 -6 -1 -8
right_child=1 -3 -4 4 5 -7 7 -9
leaf_value=0.005043533232013714 -0.0095052634497932095 0.026051485386340448 -0.021537057853337739 -0.022866188046646072 0.056627860702094357 0.013415308444148594 -0.00093263934263623045 -0.025652899093716052
leaf_weight=667.72646204478224 410.38437128007718 37.212662744961563 62.289393181286869 30.210191499383654 42.430157403141493 108.07214752507571 298.87031902070157 82.187324719969183
leaf_count=12095 101583 5922 14611 3999 3482 8745 11009 1838
internal_value=-7.50376e-05 -0.00654912 0.0021682 0.00336917 0.0174961 0.0255979 0.000935006 -0.00626436
internal_weight=1739.38 447.597 1291.79 1229.5 180.712 150.502 1048.78 381.058
internal_count=163284 107505 55779 41168 16226 12227 24942 12847
is_linear=0
shrinkage=0.0750466


Tree=130
num_leaves=9
num_cat=0
split_feature=45 17 56 18 97 97 5 116
split_gain=3.58993 4.1493 4.72303 4.12448 9.00843 4.01432 9.7795 8.82846
threshold=1.0000000180025095e-35 3.5000000000000004 4810.0000000000009 1949.6600000000001 14.500000000000002 41.500000000000007 32.500000000000007 1.0000000180025095e-35
decision_type=2 2 2 2 2 2 2 10
left_child=1 2 5 -3 -5 7 -7 -1
right_child=-2 3 -4 4 -6 6 -8 -9
leaf_value=0.0011125441510603379 -0.028256959237773157 -0.0053542788276595777 -0.019193162595712732 0.068385157298299276 0.0021644215287054992 0.049103480102262932 0.0035134802836847296 -0.017530012729563081
leaf_weight=1173.4763087859537 25.090121565059235 27.658736310200766 72.380767163747805 20.587519693130162 26.413503110015881 30.565559904789552 199.20747739047511 162.92951811140665
leaf_count=55214 5159 721 29417 1840 4466 5392 37485 23590
internal_value=-7.53914e-05 0.000337328 -0.000451031 0.0176395 0.0311706 0.000415134 0.00957809 -0.00116029
internal_weight=1738.31 1713.22 1638.56 74.6598 47.001 1566.18 229.773 1336.41
internal_count=163284 158125 151098 7027 6306 121681 42877 78804
is_linear=0
shrinkage=0.0750466


Tree=131
num_leaves=9
num_cat=0
split_feature=39 147 81 73 117 85 24 20
split_gain=3.73726 3.95664 4.48457 3.3445 7.53528 7.89051 10.349 9.89716
threshold=313319.83000000002 -34380.424999999996 1920.7850000000001 9.5000000000000018 220.99000000000004 2404.6500000000005 1.5000000000000002 3581.3600000000001
decision_type=2 10 2 2 8 2 2 2
left_child=3 -2 -3 -1 5 -5 -7 -8
right_child=1 2 -4 4 -6 6 7 -9
leaf_value=0.0016151080531835046 -0.053287078619877019 -0.041213704867635037 0.03387418848635388 -0.012725216111607162 -0.042536156028609155 0.089803434292969525 -0.020726622639097931 0.063386011022432937
leaf_weight=1506.9558787807764 15.152880232672031 8.4144843598987809 9.579456497122008 119.12330199147982 31.316021373859257 10.352865216278586 25.802670675519039 11.341698405580244
leaf_count=97856 4738 2022 4283 22516 5580 3229 14490 8570
internal_value=-7.47734e-05 -0.0250325 -0.00123907 0.000410459 -0.00876092 -0.00241293 0.0234503 0.00495641
internal_weight=1738.04 33.1468 17.9939 1704.89 197.937 166.621 47.4972 37.1444
internal_count=163284 11043 6305 152241 54385 48805 26289 23060
is_linear=0
shrinkage=0.0750466


Tree=132
num_leaves=9
num_cat=0
split_feature=50 97 33 147 13 150 12 137
split_gain=4.60399 3.72471 3.5918 7.01744 3.74135 3.23978 5.24951 4.56262
threshold=1.0000000180025095e-35 11.500000000000002 32887.870000000003 -21440.649999999998 1.5000000000000002 3519.0050000000006 8.5000000000000018 2950.8750000000005
decision_type=2 2 2 8 2 10 2 10
left_child=2 -2 4 -4 5 7 -7 -1
right_child=1 -3 3 -5 -6 6 -8 -9
leaf_value=0.0020548459659626818 -0.0057044102713175475 -0.055957273027641245 -0.070436619396249706 -0.0060131951304929201 -0.023709780559314057 0.010802036368771617 -0.016746505042234589 -0.0096892084507260237
leaf_weight=975.60270663208212 19.15974007807381 14.664689549270404 11.163843981943499 64.770241895028448 33.229665837367065 344.86536784955388 43.917873619495367 230.29019533669634
leaf_count=25144 2110 8925 12087 14922 797 59789 14748 24762
internal_value=-7.50535e-05 -0.0274917 0.000469219 -0.0154847 0.0012134 0.00173274 0.00769009 -0.000187924
internal_weight=1737.66 33.8244 1703.84 75.9341 1627.91 1594.68 388.783 1205.89
internal_count=163284 11035 152249 27009 125240 124443 74537 49906
is_linear=0
shrinkage=0.0750466


Tree=133
num_leaves=9
num_cat=0
split_feature=0 12 116 5 5 16 150 8
split_gain=3.64496 7.09961 7.83376 3.11885 9.02645 8.54227 6.07952 7.45784
threshold=15842220.000000002 6.5000000000000009 1077.6100000000004 61.500000000000007 67.500000000000014 -2764.8049999999994 7173.1900000000014 8212.8900000000012
decision_type=2 2 8 2 2 2 10 2
left_child=1 -1 -3 6 5 -5 -2 -8
right_child=3 2 -4 4 -6 -7 7 -9
leaf_value=0.0072604900181132154 -0.0027843724412059873 -0.012118657359133977 -0.065595576752649487 0.050728380748514407 -0.0047102170026443796 0.0094007638640831795 0.024498544192728365 -0.0036885558600696909
leaf_weight=61.516776945034508 1113.3694699370099 55.700903087876213 21.337529874002939 41.390765517091495 143.7426156635338 88.172151594677416 111.07292224955017 100.87995056311047
leaf_count=2497 67574 7816 6016 1229 8835 8298 25925 35094
internal_value=-7.34087e-05 -0.01175 -0.0269303 0.000938618 0.00823808 0.0226035 -0.000566663 0.0110828
internal_weight=1737.18 138.555 77.0384 1598.63 273.306 129.563 1325.32 211.953
internal_count=163284 16329 13832 146955 18362 9527 128593 61019
is_linear=0
shrinkage=0.0750466


Tree=134
num_leaves=9
num_cat=0
split_feature=4 7 46 107 72 72 7 7
split_gain=4.08862 4.4501 5.67545 5.26066 4.09395 11.691 5.72295 3.81081
threshold=1.5000000000000002 2050.3150000000005 1.0000000180025095e-35 22.500000000000004 387.90500000000003 1708.4500000000003 568.82500000000016 1.0000000180025095e-35
decision_type=2 2 2 2 2 2 2 2
left_child=1 2 4 -4 -1 -6 7 -7
right_child=-2 -3 3 -5 5 6 -8 -9
leaf_value=0.0036834780659903091 -0.020728010665887711 0.005815550120936438 0.019256103323490502 -0.039913625400627407 -0.03253787044855086 -0.0062505005268593079 0.0030135473056058454 -0.038865534351545092
leaf_weight=514.20539734053455 52.347508676670259 591.05074949673144 10.815663408255203 38.897016400049324 78.044635635851591 53.730104049500369 365.74949192201893 32.308696374442661
leaf_count=74622 2213 55782 219 10547 4090 5139 9047 1625
internal_value=-7.29363e-05 0.000568826 -0.00226645 -0.0270405 -0.00108681 -0.0057164 -0.0010831 -0.0184979
internal_weight=1737.15 1684.8 1093.75 49.7127 1044.04 529.833 451.788 86.0388
internal_count=163284 161071 105289 10766 94523 19901 15811 6764
is_linear=0
shrinkage=0.0750466


Tree=135
num_leaves=9
num_cat=0
split_feature=22 140 7 149 149 25 149 25
split_gain=4.17089 6.92147 3.56336 14.5951 7.27581 9.2521 12.4224 12.4207
threshold=305328.60000000003 7173.1900000000014 1655.0800000000002 489.50000000000006 3571.5000000000005 3329.2250000000004 4894.5000000000009 13149.170000000002
decision_type=2 10 2 8 8 2 10 2
left_child=2 -2 -1 -4 -5 -6 -7 -8
right_child=1 -3 3 4 5 6 7 -9
leaf_value=-0.0029764904011877072 -0.0013632576891103288 -0.061721785616272708 -0.029038426509601253 0.014640391131306133 -0.0040420502935453245 0.0014001168583653296 0.13834725549779606 0.022023326490082384
leaf_weight=826.37406580038078 31.314289495057892 16.253851504730847 69.573170598516299 362.69735529077298 374.44659786361444 35.091063106592628 9.4200327567887161 11.457950296527995
leaf_count=89072 8076 13424 3206 23429 12243 6248 2197 5389
internal_value=-7.17986e-05 -0.0219875 0.000545403 0.00391905 0.00681014 0.000211836 0.0286714 0.0745081
internal_weight=1736.63 47.5681 1689.06 862.686 793.113 430.416 55.969 20.878
internal_count=163284 21500 141784 52712 49506 26077 13834 7586
is_linear=0
shrinkage=0.0750466


Tree=136
num_leaves=9
num_cat=0
split_feature=11 120 5 73 16 10 27 145
split_gain=3.53596 6.94873 2.99926 6.60303 8.53089 7.15368 8.5619 8.34478
threshold=-1.0000000180025095e-35 211140.00000000003 39.500000000000007 1.0000000180025095e-35 -471.88999999999993 -1667.6399999999996 8.5000000000000018 5.5000000000000009
decision_type=2 10 2 2 2 2 2 8
left_child=1 -1 3 -2 -5 -6 7 -7
right_child=2 -3 -4 4 5 6 -8 -9
leaf_value=-0.044972901061356194 0.029464454453153186 0.00958596632606349 -0.0016405496305620243 -0.0064175432938785703 -0.022733321379291956 0.023862200955460048 0.056293017657148663 -0.014009954764858288
leaf_weight=27.83857230762078 56.330558284564177 24.912871553562582 1147.4366050259559 272.78529580897884 26.385408680449473 104.04604010051844 29.222488718260138 47.829975121261668
leaf_count=2382 1235 3283 106931 19043 8785 10322 7795 3508
internal_value=-7.40393e-05 -0.0192064 0.000525272 0.00515655 0.00230549 0.0137739 0.0190929 0.0119352
internal_weight=1736.79 52.7514 1684.04 536.6 480.269 207.484 181.099 151.876
internal_count=163284 5665 157619 50688 49453 30410 21625 13830
is_linear=0
shrinkage=0.0750466


Tree=137
num_leaves=9
num_cat=0
split_feature=50 5 11 135 5 33 113 10
split_gain=3.96471 5.04574 3.63863 5.85104 6.23622 5.56406 5.43193 5.40619
threshold=1.0000000180025095e-35 63.500000000000007 18.395000000000003 -348.99999999999994 67.500000000000014 115002.37000000001 -1414.4999999999998 135.45500000000001
decision_type=2 2 2 10 2 2 10 2
left_child=2 -2 -1 4 5 7 -6 -4
right_child=1 -3 3 -5 6 -7 -8 -9
leaf_value=-0.0041009862750261633 -0.049977844128355063 0.010057797304412624 0.0042532184219457444 -0.019434627202431793 0.0076608401804100163 -0.027710568514687391 -0.026073647858111872 0.018147051564641983
leaf_weight=630.6162530144793 19.664937335768627 13.16120622064045 668.83114262721938 61.292062955457368 45.398745672864607 25.982360990463349 65.910633644933114 206.4032001565356
leaf_count=12498 7316 3719 94467 9039 2398 11397 6069 16381
internal_value=-7.37973e-05 -0.0259074 0.000423738 0.00308095 0.00444391 0.00651376 -0.0123147 0.00752975
internal_weight=1737.26 32.8261 1704.43 1073.82 1012.53 901.217 111.309 875.234
internal_count=163284 11035 152249 139751 130712 122245 8467 110848
is_linear=0
shrinkage=0.0750466


Tree=138
num_leaves=9
num_cat=0
split_feature=21 52 117 52 25 63 140 52
split_gain=4.09824 3.62267 4.79997 3.74269 3.20134 2.65338 2.91012 6.63958
threshold=1.0000000180025095e-35 69684.140000000014 -871.16999999999996 96176.610000000015 38732.395000000011 6.5000000000000009 1.0000000180025095e-35 236590.11500000002
decision_type=2 2 10 2 2 2 10 2
left_child=-1 -2 -3 -4 5 6 -5 -8
right_child=1 2 3 4 -6 -7 7 -9
leaf_value=0.010368236863734843 -0.00060098993794462563 0.03186506921472982 -0.054938497419999309 0.030736859101430012 -0.055761446158217348 0.06225978354405251 -0.044748026513056961 0.094789200915375696
leaf_weight=188.73938905161049 1486.0615686685996 8.9330559229492774 18.432604160319897 7.0661944449966603 7.741863545637897 3.2769946328917277 14.754012386176329 2.2079435871855813
leaf_count=5801 95236 3701 15654 3572 13235 4746 17979 3360
internal_value=-7.23136e-05 -0.00134488 -0.0190572 -0.0275631 -0.0131653 -0.00108793 -0.00972739 -0.0265844
internal_weight=1737.21 1548.47 62.4127 53.4796 35.047 27.3051 24.0282 16.962
internal_count=163284 157483 62247 58546 42892 29657 24911 21339
is_linear=0
shrinkage=0.0750466


Tree=139
num_leaves=9
num_cat=0
split_feature=21 16 133 56 16 108 20 146
split_gain=3.49051 8.08145 5.74005 4.72738 4.72321 6.46741 5.23655 6.72394
threshold=1.0000000180025095e-35 -1222.1199999999997 8.0000000000000018 11582.655000000002 -6095.0899999999992 1.0000000180025095e-35 34.560000000000009 42945.06500000001
decision_type=2 2 10 2 2 2 2 8
left_child=1 -1 3 4 6 -6 7 -2
right_child=2 -3 -4 -5 5 -7 -8 -9
leaf_value=0.028631896136309985 -0.014219858705996482 -0.0030223861549475528 0.033929651416197852 -0.034152693904276353 0.00013236659130156357 0.037353124932753667 -0.029381222194587994 0.0093161025643721876
leaf_weight=75.290703503866098 170.94988986235694 114.50937916172552 25.688627564581111 25.084367332619877 1125.1637965629343 26.920957477632328 58.946136734011816 113.91962098023942
leaf_count=818 9974 4983 174 14751 122724 3735 4542 1583
internal_value=-7.05214e-05 0.00953437 -0.00124919 -0.00184334 -0.00130155 0.00100211 -0.00902084 -0.0048078
internal_weight=1736.47 189.8 1546.67 1520.98 1495.9 1152.08 343.816 284.87
internal_count=163284 5801 157483 157309 142558 126459 16099 11557
is_linear=0
shrinkage=0.0750466


Tree=140
num_leaves=9
num_cat=0
split_feature=8 28 151 127 18 125 50 127
split_gain=3.78212 4.83568 9.63858 7.19053 4.6346 4.81607 3.1734 4.447
threshold=-8804.7999999999975 26116.130000000005 4.5000000000000009 3462.5000000000005 9395.760000000002 -1112.6649999999997 1.0000000180025095e-35 991.50000000000011
decision_type=2 2 8 8 2 8 2 10
left_child=1 2 -1 4 -3 -6 -2 -8
right_child=6 3 -4 -5 5 -7 7 -9
leaf_value=-0.0015289914499604018 -0.00047574469898182278 0.038531714510091533 0.05818437762144979 -0.056468816011458048 0.026498148520629393 -0.075614192949583811 0.0090506126807611258 -0.04880565931705546
leaf_weight=31.53593011070916 1604.118508510106 16.947183055475765 29.432971625647042 11.46802556235343 5.1484870213826071 5.2580475461290899 12.792660190687458 18.024105694825266
leaf_count=3573 136367 2359 1956 3879 2596 2280 1487 8787
internal_value=-6.82911e-05 0.0141154 0.0272979 -0.00658753 0.0143252 -0.0250955 -0.000934011 -0.0247884
internal_weight=1734.73 99.7906 60.9689 38.8217 27.3537 10.4065 1634.94 30.8168
internal_count=163284 16643 5529 11114 7235 4876 146641 10274
is_linear=0
shrinkage=0.0750466


Tree=141
num_leaves=9
num_cat=0
split_feature=22 99 127 22 0 22 137 38
split_gain=3.556 4.37615 4.49003 7.49202 5.95384 5.93895 4.60169 4.17819
threshold=6061.1650000000009 1.0000000180025095e-35 145.50000000000003 -9370.4499999999989 15842220.000000002 -5649.0549999999994 5971.2200000000012 1.5000000000000002
decision_type=2 2 10 2 2 2 8 2
left_child=1 2 3 -1 -4 -6 -5 -2
right_child=7 -3 4 6 5 -7 -8 -9
leaf_value=0.010165532946626889 -0.0045921296378171354 0.020254603618158902 -0.019872213029482427 0.0019657273952406944 -0.0040886334644380526 0.010411060249400177 -0.018101454456204577 -0.047489857770487594
leaf_weight=123.58438175040646 429.97102534383157 69.402589909150265 54.004194049841317 93.798964577581501 230.18549567008449 515.12723280723003 205.05059882510977 13.179313546697811
leaf_count=1830 101114 1779 2905 2443 12443 27380 6999 6391
internal_value=-6.7451e-05 0.00192339 0.000882065 -0.00537606 0.00418944 0.00593291 -0.011803 -0.00586791
internal_weight=1734.3 1291.15 1221.75 422.434 799.317 745.313 298.85 443.15
internal_count=163284 55779 54000 11272 42728 39823 9442 107505
is_linear=0
shrinkage=0.0750466


Tree=142
num_leaves=9
num_cat=0
split_feature=4 10 12 8 72 52 12 9
split_gain=3.55283 4.08603 10.8188 4.8972 7.73435 16.5975 12.9725 6.98963
threshold=1.5000000000000002 567.17500000000007 4.5000000000000009 9683.5850000000009 387.90500000000003 16685.650000000005 7.5000000000000009 1579.095
decision_type=2 2 2 2 2 2 2 2
left_child=1 3 -3 7 5 6 -5 -1
right_child=-2 2 -4 4 -6 -7 -8 -9
leaf_value=-0.0034090988753840996 -0.019484866083185507 0.041361992171302417 0.0017373273473736534 0.044333353373191942 -0.010510071490809781 -0.038077124717244594 -0.015112098156056348 0.010463360288174227
leaf_weight=461.93534903863474 51.48595425568783 48.130751080432674 200.33063764811232 65.813506006728858 478.21019240090391 30.269835761042486 30.145187476977299 367.12464210490725
leaf_count=52616 2213 377 18146 4900 29127 33137 6420 16348
internal_value=-6.59002e-05 0.000528528 0.00941323 -0.00101141 -0.00614857 0.0103747 0.0256587 0.00273391
internal_weight=1733.45 1681.96 248.461 1433.5 604.439 126.229 95.9587 829.06
internal_count=163284 161071 18523 142548 73584 44457 11320 68964
is_linear=0
shrinkage=0.0750466


Tree=143
num_leaves=9
num_cat=0
split_feature=127 5 71 99 13 5 135 6
split_gain=3.384 4.40288 3.7856 4.63634 3.74395 3.65653 4.85354 5.49439
threshold=145.50000000000003 42.500000000000007 1.5000000000000002 2.5000000000000004 1.5000000000000002 43.500000000000007 -348.99999999999994 289.50000000000006
decision_type=8 2 2 2 2 2 10 2
left_child=1 -1 3 4 5 -2 7 -7
right_child=2 -3 -4 -5 -6 6 -8 -9
leaf_value=-0.04415314834332993 0.0039588488883114904 0.004607143370837923 0.024012672953696457 0.02942664430870498 -0.028756497379209441 -0.0035636286929758235 -0.024727572367120695 0.019775630148543388
leaf_weight=22.104814940954384 690.73129510876242 19.746345050436503 37.565670487849275 29.456684443168342 26.196839125594124 788.67439750696576 55.816159850783151 61.217053026583017
leaf_count=3125 69269 1954 1713 876 581 70614 6615 8537
internal_value=-6.64871e-05 -0.0211469 0.000455654 -7.99908e-05 -0.000615643 -0.000153864 -0.00329039 -0.00188252
internal_weight=1731.51 41.8512 1689.66 1652.09 1622.64 1596.44 905.708 849.891
internal_count=163284 5079 158205 156492 155616 155035 85766 79151
is_linear=0
shrinkage=0.0750466


Tree=144
num_leaves=9
num_cat=0
split_feature=8 138 57 8 46 138 60 30
split_gain=3.09349 4.816 5.27951 4.12042 3.0179 9.72513 3.20007 5.46304
threshold=-8804.7999999999975 36105.985000000008 1.0000000180025095e-35 -14931.834999999997 1.0000000180025095e-35 3423.4750000000004 1339.6050000000002 10.500000000000002
decision_type=2 10 2 2 2 8 2 2
left_child=1 2 -1 -3 6 -6 -2 -8
right_child=4 3 -4 -5 5 -7 7 -9
leaf_value=0.0092881179114465869 0.00057203293366037459 -0.026068162535958391 0.054088390643724393 0.030703349511386344 0.019267309505315328 -0.031825363880438946 -0.0067276618306869136 -0.06961126383081713
leaf_weight=43.08309446459316 1486.5190227939602 25.02274348258652 22.578779688519717 10.108950863868811 32.200305647129426 60.222481396482181 41.368362357679871 9.5832022747126739
leaf_count=3499 116452 7243 3415 2486 1979 15076 9669 3465
internal_value=-6.45813e-05 0.0126942 0.0246933 -0.00973247 -0.000853591 -0.0140246 -6.18375e-05 -0.0185551
internal_weight=1730.69 100.794 65.6619 35.1317 1629.89 92.4228 1537.47 50.9516
internal_count=163284 16643 6914 9729 146641 17055 129586 13134
is_linear=0
shrinkage=0.0750466


Tree=145
num_leaves=9
num_cat=0
split_feature=22 140 97 6 129 140 74 4
split_gain=3.16188 6.50972 5.08113 25.5562 10.2899 4.22418 3.89209 3.78155
threshold=305328.60000000003 7173.1900000000014 147.50000000000003 171.50000000000003 14.500000000000002 15822.210000000001 391.17500000000007 1.5000000000000002
decision_type=2 10 2 2 8 10 2 2
left_child=2 6 7 5 -5 -4 -2 -1
right_child=1 -3 3 4 -6 -7 -8 -9
leaf_value=0.0004806559734724935 0.02945143933185719 -0.060383953949566666 0.0068297362925355178 0.049644884651852676 0.18951594797738489 -0.058281171632908718 -0.024197850426246711 -0.020441003914719223
leaf_weight=1597.3896069576003 13.940750513764216 14.841297777624275 17.11488823614491 5.9833117113084855 5.8666504271823223 8.3493756759053195 16.786001226555527 50.184914595476585
leaf_count=128247 3316 13424 3502 2688 1899 3297 4760 2151
internal_value=-6.39588e-05 -0.0195704 0.000463596 0.0278485 0.118892 -0.0145192 0.000142873 -0.000156615
internal_weight=1730.46 45.568 1684.89 37.3142 11.85 25.4643 30.7268 1647.57
internal_count=163284 21500 141784 11386 4587 6799 8076 130398
is_linear=0
shrinkage=0.0750466


Tree=146
num_leaves=9
num_cat=0
split_feature=95 4 10 122 147 116 150 73
split_gain=2.87734 3.38539 3.60106 4.82609 13.5125 12.2408 6.14107 4.58301
threshold=5.5000000000000009 1.5000000000000002 298.7000000000001 1.0000000180025095e-35 -19379.904999999995 4923.1550000000016 1.0000000180025095e-35 7.5000000000000009
decision_type=2 2 2 8 8 8 10 2
left_child=1 2 -1 4 5 -4 -5 -8
right_child=-2 -3 3 6 -6 -7 7 -9
leaf_value=-0.001758004715772769 0.018636071333326659 -0.020016256956886212 0.15628929399341573 0.0086004222917580881 0.0023106702397467133 0.030388948684037825 -0.003110313752781767 -0.047445901261939635
leaf_weight=1305.5094477507482 45.12077524268534 48.941158587454993 7.2038504798983922 215.62189286288049 40.207614596518397 10.976027561751836 36.38556641118339 20.546342844005267
leaf_count=135148 3369 2161 1557 4858 4064 4748 3416 3963
internal_value=-6.64926e-05 -0.000567192 1.44694e-05 0.00700659 0.0265869 0.0802775 0.00281203 -0.0191107
internal_weight=1730.51 1685.39 1636.45 330.941 58.3875 18.1799 272.554 56.9319
internal_count=163284 159915 157754 22606 10369 6305 12237 7379
is_linear=0
shrinkage=0.0750466


Tree=147
num_leaves=9
num_cat=0
split_feature=39 140 7 7 6 6 7 123
split_gain=2.87469 3.88615 5.76452 2.69232 12.6847 8.75187 7.83801 7.47557
threshold=313319.83000000002 29747.050000000003 4188.7300000000005 1655.0800000000002 20.500000000000004 76.500000000000014 3181.8900000000008 19.500000000000004
decision_type=2 8 2 2 2 2 2 8
left_child=3 2 -2 -1 -5 6 -6 -7
right_child=1 -3 -4 4 5 7 -8 -9
leaf_value=-0.0027136393093057224 -0.029626057799653573 -0.054624959592645135 0.058846242731446383 -0.025944965392717918 0.023635273070723127 0.0068021275385794855 -0.0021982603942434535 -0.012643552410894213
leaf_weight=827.72484870385961 12.796598623215688 12.687703428135139 6.1368377447142839 76.386054586975661 218.81141339688475 305.26014231561567 94.804115049751999 175.27180339556071
leaf_count=92288 4343 3727 2973 2431 7203 36631 6495 7193
internal_value=-6.67127e-05 -0.0224865 -0.000949797 0.000350738 0.00326442 0.00607396 0.0158259 -0.000290594
internal_weight=1729.88 31.6211 18.9334 1698.26 870.534 794.147 313.616 480.532
internal_count=163284 11043 7316 152241 59953 57522 13698 43824
is_linear=0
shrinkage=0.0750466


Tree=148
num_leaves=9
num_cat=0
split_feature=11 107 8 151 104 142 55 25
split_gain=3.04681 8.32806 6.04156 9.05222 8.23888 13.5509 17.7566 10.599
threshold=18.395000000000003 12.500000000000002 8212.8900000000012 3.5000000000000004 4164.1500000000005 565969.56500000006 1.0000000180025095e-35 7648.2250000000013
decision_type=2 2 2 10 2 8 2 2
left_child=-1 -2 3 -3 -4 -6 -7 -8
right_child=1 2 4 -5 5 6 7 -9
leaf_value=-0.0041843140018292292 0.016826946252672188 -0.0030031746238073629 -0.010293255579235281 0.020051782207822902 -0.0036393795832697878 0.12277641159200238 0.088207315204939282 -0.065197878471698209
leaf_weight=638.36918797135513 185.55916800326668 238.02242042789294 423.95485357746293 160.65346653946108 59.228848798920808 12.938102498999799 4.0645975027873629 6.7473111057915958
leaf_count=13124 3511 25849 54012 31175 25715 3826 1215 4857
internal_value=-6.6202e-05 0.00234303 -0.000624724 0.00628723 -0.0060606 0.0155649 0.0634573 -0.00752718
internal_weight=1729.54 1091.17 905.61 398.676 506.934 82.9789 23.75 10.8119
internal_count=163284 150160 146649 57024 89625 35613 9898 6072
is_linear=0
shrinkage=0.0750466


Tree=149
num_leaves=9
num_cat=0
split_feature=50 97 39 97 74 134 153 24
split_gain=2.9622 3.45554 3.34068 3.57125 4.96313 3.02319 7.28706 5.15451
threshold=1.0000000180025095e-35 11.500000000000002 313319.83000000002 7.5000000000000009 1660.8950000000002 139352.40000000002 475.06500000000005 9.5000000000000018
decision_type=2 2 2 2 2 10 10 2
left_child=2 -2 5 -4 -5 6 -1 -8
right_child=1 -3 3 4 -6 -7 7 -9
leaf_value=0.0017422574397591717 -0.0020728368518358872 -0.052921050812197064 -0.062439784678831926 -0.035331681107413269 0.041076119483331376 0.0046160068635902555 -0.0098709894521992747 -0.048270876560577158
leaf_weight=747.76865101221483 18.259124511372651 12.806281797260452 9.5232583196993819 12.825922885080219 7.6397622524746103 686.81454668451624 212.36312086274847 21.699068382396945
leaf_count=22706 2110 8925 1915 5611 2171 81928 25497 12421
internal_value=-6.94172e-05 -0.0230343 0.000350575 -0.024475 -0.00680894 0.000796741 -0.00187493 -0.0134309
internal_weight=1729.7 31.0654 1698.63 29.9889 20.4657 1668.65 981.831 234.062
internal_count=163284 11035 152249 9697 7782 142552 60624 37918
is_linear=0
shrinkage=0.0750466


Tree=150
num_leaves=9
num_cat=0
split_feature=44 21 102 7 5 97 5 112
split_gain=2.83516 3.24335 7.164 4.05743 8.28279 7.83609 6.55242 6.15497
threshold=1.0000000180025095e-35 1.0000000180025095e-35 1.0000000180025095e-35 1655.0800000000002 59.500000000000007 36.500000000000007 51.500000000000007 529449.63500000013
decision_type=2 2 2 2 2 2 2 8
left_child=1 -1 3 -3 5 6 -5 -8
right_child=-2 2 -4 4 -6 -7 7 -9
leaf_value=0.0095984771600857079 -0.025723964744978744 -0.0040884306750900556 -0.030927941854257752 7.3896457715342005e-06 0.017624231084495498 0.019428615196361656 -0.036617415223137134 0.0015133448267598273
leaf_weight=187.68525414695614 23.922895661940856 704.76871036483135 43.350983059706778 391.69794335716142 185.17084945329407 92.649875240513211 60.291907757637091 39.436266521472135
leaf_count=5729 5166 87045 4479 21131 14638 19271 4177 1648
internal_value=-6.80518e-05 0.000291916 -0.000859226 2.50988e-05 0.00379383 -0.000590848 -0.00436517 -0.0215391
internal_weight=1728.97 1705.05 1517.37 1474.02 769.247 584.076 491.426 99.7282
internal_count=163284 158118 152389 147910 60865 46227 26956 5825
is_linear=0
shrinkage=0.0750466


Tree=151
num_leaves=9
num_cat=0
split_feature=11 16 8 153 73 72 74 149
split_gain=2.88132 5.59877 3.05026 5.4019 6.11072 12.8121 7.58465 4.27454
threshold=-1.0000000180025095e-35 -1222.1199999999997 -1.0000000180025095e-35 3489.6750000000006 2.5000000000000004 1708.4500000000003 334.99500000000006 2090.5000000000005
decision_type=2 2 2 10 2 2 2 10
left_child=1 -1 3 4 -2 6 -6 -8
right_child=2 -3 -4 -5 5 -7 7 -9
leaf_value=-0.044949346007835532 -0.00031850611844347175 0.0048354666298049019 -0.00079762421769630936 -0.0077998114251473698 0.029505321086562571 0.066645713828996367 -0.059439939818111194 0.01070273655289527
leaf_weight=23.1321997520281 66.378315260371892 28.269870204363542 1449.9071630069848 75.792271636659279 32.013014888754697 32.996337881166255 11.431190891744338 8.5551746593264379
leaf_count=2304 2182 3361 127038 17171 4386 1089 2898 2855
internal_value=-6.72005e-05 -0.0175689 0.000469225 0.00855499 0.0167438 0.0300687 0.00685871 -0.0294153
internal_weight=1728.48 51.4021 1677.07 227.166 151.374 84.9957 51.9994 19.9864
internal_count=163284 5665 157619 30581 13410 11228 10139 5753
is_linear=0
shrinkage=0.0750466


Tree=152
num_leaves=9
num_cat=0
split_feature=127 10 8 140 127 127 111 85
split_gain=2.88409 3.50707 3.17921 6.12609 7.98537 5.43637 9.98419 6.44893
threshold=145.50000000000003 -1.0000000180025095e-35 9683.5850000000009 1376.0350000000003 444.50000000000006 2292.5000000000005 6.5000000000000009 4750.6500000000005
decision_type=8 2 2 10 8 10 10 2
left_child=1 -1 3 -2 -5 7 -7 -4
right_child=2 -3 5 4 -6 6 -8 -9
leaf_value=-0.043132935871952674 -0.00087179313428276995 0.00090997333918632758 -0.0015304775969590047 0.043906091801362332 0.0075905557992799492 -0.015864681364042711 0.044051180692620449 0.024196308587192017
leaf_weight=19.189252567375661 556.64614441445883 21.694142208885751 531.89565629516437 39.704341949538502 241.65306053044696 239.8162627337606 16.75812193917227 61.188244350687455
leaf_count=2943 21842 2136 25121 5456 40495 45830 143 19318
internal_value=-6.68786e-05 -0.0197622 0.000410239 0.00369004 0.0127153 -0.00282457 -0.0119513 0.00112375
internal_weight=1728.55 40.8834 1687.66 838.004 281.357 849.658 256.574 593.084
internal_count=163284 5079 158205 67793 45951 90412 45973 44439
is_linear=0
shrinkage=0.0750466


Tree=153
num_leaves=9
num_cat=0
split_feature=127 95 127 113 153 152 74 7
split_gain=2.51877 3.00078 3.05389 7.24013 8.76901 8.21401 7.49861 4.2819
threshold=145.50000000000003 5.5000000000000009 1221.5000000000002 -1263.4999999999998 1026.3750000000002 1.0000000180025095e-35 280.82500000000005 1842.0450000000003
decision_type=8 2 8 10 10 8 2 2
left_child=-1 2 3 5 7 6 -2 -5
right_child=1 -3 -4 4 -6 -7 -8 -9
leaf_value=-0.018643405386826243 -0.015076704984697067 0.019767640489286645 -0.0021434769499900403 0.015406457502088498 -0.01209984491838346 -0.015181317632663395 0.019692638906477981 0.044947368818727955
leaf_weight=40.150282607741246 49.340225705178455 43.775667186368082 1188.5859758784209 58.534812389727449 38.797999856549723 137.09854470859864 119.64736407270539 52.348143340350362
leaf_count=5079 5959 3211 115170 3210 7851 4738 16175 1891
internal_value=-6.63548e-05 0.00037548 -0.000140775 0.00508203 0.0186081 -0.00153242 0.00954084 0.0293528
internal_weight=1728.28 1688.13 1644.35 455.767 149.681 306.086 168.988 110.883
internal_count=163284 158205 154994 39824 12952 26872 22134 5101
is_linear=0
shrinkage=0.0750466


Tree=154
num_leaves=9
num_cat=0
split_feature=50 39 0 108 81 125 115 9
split_gain=2.55744 2.99437 3.56952 2.35364 2.81018 8.2569 6.3365 7.52646
threshold=1.0000000180025095e-35 313319.83000000002 22275446.000000004 1.0000000180025095e-35 15997.960000000001 -54296.259999999987 1.0000000180025095e-35 2120.0400000000004
decision_type=2 2 2 2 2 10 10 2
left_child=1 3 -3 4 6 -6 -1 -8
right_child=-2 2 -4 -5 5 -7 7 -9
leaf_value=0.0040507310734146434 -0.021681226550864588 0.020354167450017811 -0.039024972778203056 0.019838115478703226 -0.012146116022775374 0.012059221805026865 -0.023408592077152474 0.01322337833356913
leaf_weight=1093.1858213869273 30.285928626626628 7.7355251850895028 21.685811089992058 35.563894538179738 278.24561831037136 111.04609886520484 105.00808503585722 45.179750347640947
leaf_count=41487 11035 2481 7216 4226 46110 32349 13864 4516
internal_value=-6.53312e-05 0.000320294 -0.0234129 0.000738859 0.000322825 -0.0052415 0.00206498 -0.0123889
internal_weight=1727.94 1697.65 29.4213 1668.23 1632.67 389.292 1243.37 150.188
internal_count=163284 152249 9697 142552 138326 78459 59867 18380
is_linear=0
shrinkage=0.0750466


Tree=155
num_leaves=9
num_cat=0
split_feature=22 140 80 138 118 22 22 140
split_gain=2.60469 4.62997 3.58891 5.15159 4.61487 4.01324 3.8419 4.4302
threshold=409658.84500000003 7173.1900000000014 4.5000000000000009 5216.3500000000013 5692.1350000000011 -1.0000000180025095e-35 6061.1650000000009 6174.3750000000009
decision_type=2 10 2 8 10 2 2 10
left_child=2 -2 -1 -4 5 -5 -7 -8
right_child=1 -3 3 4 -6 6 7 -9
leaf_value=-0.00052280349732274805 -0.0020387628213503414 -0.061570739244788508 0.042061041267243596 -0.041933652199820343 0.049159139711833472 0.038446529588789802 -0.040089838275838605 0.013258106476937592
leaf_weight=1590.8744059472156 23.706375166850194 10.668918946463235 27.072400316654239 12.517954010749234 10.824248407530829 14.331440559537439 14.272315231894025 22.727869921032834
leaf_count=122705 6003 10122 2347 2137 5151 1904 3794 9121
internal_value=-6.4222e-05 -0.0205155 0.00035112 0.0140155 0.00384787 -0.00383363 0.00545761 -0.00732013
internal_weight=1727 34.3753 1692.62 101.746 74.6738 63.8496 51.3316 37.0002
internal_count=163284 16125 147159 24454 22107 16956 14819 12915
is_linear=0
shrinkage=0.0750466


Tree=156
num_leaves=9
num_cat=0
split_feature=33 97 133 58 113 16 58 113
split_gain=2.93858 4.82516 2.6768 3.14757 5.25976 5.50191 15.5966 6.37186
threshold=115002.37000000001 5.5000000000000009 8.0000000000000018 232.54500000000004 -2054.4999999999995 -176.96999999999997 941.47000000000014 -713.99999999999989
decision_type=2 2 10 2 8 2 2 10
left_child=2 -2 3 -1 -5 -6 7 -7
right_child=1 -3 -4 4 5 6 -8 -9
leaf_value=-0.0022228742752488212 0.00043642651969821877 -0.052635257260449951 0.022560914912181321 -0.029805707356173026 -0.0014086973860564333 0.082135640806728957 0.0060805057630765776 0.021873415034193374
leaf_weight=1128.4058134776133 25.089066227723379 15.676913567263908 30.197321862797253 23.630128101227456 252.37813376105623 23.575961571252265 211.09297633722963 17.012690307878074
leaf_count=56818 4772 9640 196 5088 30361 2950 50995 2464
internal_value=-6.30937e-05 -0.0199728 0.00041822 1.44696e-05 0.00479878 0.00642102 0.0142724 0.0568768
internal_weight=1727.06 40.766 1686.29 1656.1 527.69 504.06 251.682 40.5887
internal_count=163284 14412 148872 148676 91858 86770 56409 5414
is_linear=0
shrinkage=0.0750466


Tree=157
num_leaves=9
num_cat=0
split_feature=22 11 151 11 147 151 112 64
split_gain=2.74563 7.05164 4.46937 5.50503 7.29107 4.40906 3.98335 6.55372
threshold=319.2050000000001 52.845000000000006 5.5000000000000009 596.98500000000013 -31205.244999999999 12.500000000000002 933800.96000000008 14843.910000000002
decision_type=2 2 10 2 10 10 8 2
left_child=2 -2 -1 4 -4 -5 -3 -8
right_child=1 6 3 5 -6 -7 7 -9
leaf_value=0.00080348495970947317 -0.019600789822895259 -0.0034411716160704805 -0.023355394614785679 0.085873061496797326 0.026261636677694711 0.018033167171051558 0.019095843874537322 -0.033316411943154801
leaf_weight=961.57023815427965 128.78776928770458 425.97393137537802 26.390386665181722 10.565034748928158 45.330668970869738 11.027123514257253 101.79844942048658 15.479578166037752
leaf_count=26488 6658 96051 3657 2296 4423 2787 14321 6603
internal_value=-6.32196e-05 -0.00381226 0.0023252 0.0180061 0.00800462 0.0512272 -6.92977e-05 0.0121779
internal_weight=1726.92 672.04 1054.88 93.3132 71.7211 21.5922 543.252 117.278
internal_count=163284 123633 39651 13163 8080 5083 116975 20924
is_linear=0
shrinkage=0.0750466


Tree=158
num_leaves=9
num_cat=0
split_feature=10 139 84 18 20 108 16 4
split_gain=3.06352 3.53706 3.57859 3.52454 6.17202 6.14469 5.76557 5.4524
threshold=-3005.3049999999998 -1.0000000180025095e-35 2.5000000000000004 1949.6600000000001 104.79500000000002 1.0000000180025095e-35 -118.94499999999998 1.0000000180025095e-35
decision_type=2 10 2 2 2 2 2 2
left_child=1 -1 -3 4 6 7 -2 -5
right_child=3 2 -4 5 -6 -7 -8 -9
leaf_value=0.033409447263486478 0.0029000745153075626 -0.012544314018688121 -0.060739843652529144 0.0028886081835431121 -0.018684936130889417 0.049442750514425024 -0.012144037668163042 0.053902934289484276
leaf_weight=8.133236185036365 751.03202770278585 69.639779293785978 9.9117727012016967 570.35629985699416 111.17687355148519 17.211187281238381 177.35408580923104 12.048814532245158
leaf_count=838 16569 17406 8348 106850 3638 3053 4611 1971
internal_value=-6.31224e-05 -0.0137298 -0.0185493 0.000667951 -0.00197494 0.00524998 2.61251e-05 0.00394399
internal_weight=1726.86 87.6848 79.5516 1639.18 1039.56 599.616 928.386 582.405
internal_count=163284 26592 25754 136692 24818 111874 21180 108821
is_linear=0
shrinkage=0.0750466


Tree=159
num_leaves=9
num_cat=0
split_feature=33 32 116 113 13 72 9 71
split_gain=2.66013 7.94615 4.38203 3.30708 2.55747 3.37862 13.3005 7.98247
threshold=115002.37000000001 10.500000000000002 1.0000000180025095e-35 -1263.4999999999998 1.5000000000000002 387.90500000000003 1579.095 1.5000000000000002
decision_type=2 2 8 10 2 2 2 2
left_child=4 2 3 -2 5 7 -7 -1
right_child=1 -3 -4 -5 -6 6 -8 -9
leaf_value=0.0037152982316795286 -0.041871564004568547 0.030286833366138261 -0.061167185763015171 0.053300645825573013 -0.020709052559692527 -0.025317508170030971 0.0012574915149654918 0.050660421598234841
leaf_weight=553.70836274429894 4.2487971540103899 12.581236272337263 19.371107305198166 3.9848463446032856 31.738716518855654 119.23402351375262 960.51336676109349 21.179727882074076
leaf_count=101045 2237 1788 7960 2427 805 6388 39884 750
internal_value=-6.21602e-05 -0.0191445 -0.0416734 0.00418904 0.000392568 0.000797333 -0.00167712 0.00544483
internal_weight=1726.56 40.186 27.6048 8.23364 1686.37 1654.64 1079.75 574.888
internal_count=163284 14412 12624 4664 148872 148067 46272 101795
is_linear=0
shrinkage=0.0750466


Tree=160
num_leaves=9
num_cat=0
split_feature=22 18 83 11 153 80 9 147
split_gain=2.542 6.41669 11.156 7.1189 7.05861 6.43761 5.80227 14.4301
threshold=6061.1650000000009 3102.7650000000003 2582.5950000000007 136.92000000000004 1214.0550000000003 1.0000000180025095e-35 1388.5400000000002 -28410.649999999998
decision_type=2 2 2 2 10 2 2 8
left_child=1 -1 3 -3 -4 -5 7 -6
right_child=-2 2 4 5 6 -7 -8 -9
leaf_value=-0.00070064990163409152 -0.0050037160574549627 0.018787296952260838 0.053962261837777963 0.011655976860015091 0.12433519366441245 -0.035666108809333887 -0.022844759694840046 -0.021530569982207533
leaf_weight=1081.7377511433369 437.62908357466586 59.790066565990855 47.839776199958578 26.950273234731867 6.6983754160246463 40.552412496806937 16.342336917598004 8.8878685714371404
leaf_count=27952 107505 3270 4562 3322 2790 6682 3818 3383
internal_value=-6.19335e-05 0.00161612 0.0137195 -7.00846e-05 0.0357246 -0.0167729 0.00839831 0.041157
internal_weight=1726.43 1288.8 207.061 127.293 79.7684 67.5027 31.9286 15.5862
internal_count=163284 55779 27827 13274 14553 10004 9991 6173
is_linear=0
shrinkage=0.0750466


Tree=161
num_leaves=9
num_cat=0
split_feature=10 8 22 148 118 83 22 25
split_gain=2.64077 5.75741 5.06018 3.97679 3.95113 3.60157 6.12214 6.34366
threshold=-3005.3049999999998 -8804.7999999999975 54211.545000000006 1.0100000000000002 694.53000000000009 37776.215000000004 3393.0150000000008 803.5100000000001
decision_type=2 2 2 8 8 2 2 2
left_child=2 -2 4 -4 -1 -3 -7 -8
right_child=1 5 3 -5 -6 6 7 -9
leaf_value=0.031335615118147371 0.023915578194208219 -0.0012347290280457972 -0.064999691377643928 0.033366031172321675 -0.012947866535333401 0.036731845994682225 0.031281993725807963 -0.015273627439402861
leaf_weight=14.305465828976594 57.600339683329366 1468.7855478635902 14.462648550146698 2.7558397958819105 54.878868807591061 38.996094717222149 24.566913140653924 50.09897608756728
leaf_count=2813 6660 100427 11600 2482 9697 4599 4143 20863
internal_value=-6.41253e-05 0.000609556 -0.0128515 -0.0492561 -0.00379123 -0.000238772 0.0126314 4.43164e-05
internal_weight=1726.45 1640.05 86.4028 17.2185 69.1843 1582.45 113.662 74.6659
internal_count=163284 136692 26592 14082 12510 130032 29605 25006
is_linear=0
shrinkage=0.0750466


Tree=162
num_leaves=9
num_cat=0
split_feature=11 115 6 153 140 6 107 55
split_gain=2.4115 2.5487 2.34676 7.06603 2.82345 2.53731 6.80216 3.41738
threshold=-1.0000000180025095e-35 1158.7700000000002 289.50000000000006 9905.9850000000024 7173.1900000000014 227.50000000000003 59.500000000000007 2.5000000000000004
decision_type=2 8 2 8 10 2 2 2
left_child=1 -1 5 4 -4 7 -7 -2
right_child=2 -3 3 -5 -6 6 -8 -9
leaf_value=-0.002304452170368199 0.0012057379449540381 -0.036641905753362167 0.012818401396515309 0.057639281325262068 -0.024119140590299383 0.00033207500252622118 -0.04274317776256701 -0.021374498852290078
leaf_weight=30.042230717466737 1464.6215637552596 20.469233906398586 35.7437317760523 16.025421367528907 17.293747357405664 75.011962341086473 28.488020261906058 38.74697303857829
leaf_count=2495 116550 3170 2571 1746 5580 2858 11419 16895
internal_value=-6.34298e-05 -0.0162193 0.000423499 0.0139693 0.000774305 -0.000158698 -0.0115242 0.000623768
internal_weight=1726.44 50.5115 1675.93 69.0629 53.0375 1606.87 103.5 1503.37
internal_count=163284 5665 157619 9897 8151 147722 14277 133445
is_linear=0
shrinkage=0.0750466


Tree=163
num_leaves=9
num_cat=0
split_feature=0 142 56 142 73 97 97 99
split_gain=2.60193 5.6173 6.38169 3.97222 5.37607 7.25015 8.62255 7.04388
threshold=15842220.000000002 52785.000000000007 827.6500000000002 154836.00000000003 9.5000000000000018 46.500000000000007 77.500000000000014 1.0000000180025095e-35
decision_type=2 10 2 10 2 2 2 2
left_child=1 -1 -3 4 7 -6 -7 -2
right_child=3 2 -4 -5 5 6 -8 -9
leaf_value=0.019380812914357243 -0.0022559713199157257 -0.026459432640604567 0.022496543267970563 0.0052496215931160635 -0.035052379093863724 0.068297398462673631 -0.021607483647808391 0.027205527946482684
leaf_weight=28.656236165385053 800.94883499854768 87.612073412310565 18.093370128186507 658.17048995060759 58.406126687375945 9.7662816480878991 15.612471906184508 48.470937295045587
leaf_count=800 41319 8600 6929 86837 11133 2277 4360 1029
internal_value=-6.16831e-05 -0.0100903 -0.0180797 0.000785043 -0.00236373 -0.0205002 0.0129898 -0.000574793
internal_weight=1725.74 134.362 105.705 1591.38 933.205 83.7849 25.3788 849.42
internal_count=163284 16329 15529 146955 60118 17770 6637 42348
is_linear=0
shrinkage=0.0750466


Tree=164
num_leaves=9
num_cat=0
split_feature=82 153 16 129 31 82 112 12
split_gain=2.49607 6.46671 4.00846 3.37012 4.45796 2.86836 8.06012 13.2342
threshold=6.5000000000000009 9905.9850000000024 -1.0000000180025095e-35 3.5000000000000004 4996.0400000000009 4.5000000000000009 139352.40000000002 7.5000000000000009
decision_type=2 8 2 8 2 2 10 2
left_child=5 3 -3 4 -2 -1 -7 -8
right_child=1 2 -4 -5 -6 6 7 -9
leaf_value=-5.3722180255956928e-05 -0.035408690656470468 0.062678503190147977 -0.017534395847928434 -0.044113984057352576 0.056079553606302436 -0.010214960881671238 0.10541185879364408 -0.016135397842563612
leaf_weight=1624.001293737052 7.2356845619287906 8.1177753578922403 6.1798467313583378 29.708007743782218 5.1237204317767464 24.170113598178432 11.845870295932402 8.7877808180746779
leaf_count=127401 2723 2423 2752 10804 2868 5500 3344 5469
internal_value=-6.15588e-05 -0.015594 0.0280082 -0.0304133 0.00251872 0.000463061 0.0191949 0.0536454
internal_weight=1725.17 56.365 14.2976 42.0674 12.3594 1668.81 44.8038 20.6337
internal_count=163284 21570 5175 16395 5591 141714 14313 8813
is_linear=0
shrinkage=0.0750466


Tree=165
num_leaves=9
num_cat=0
split_feature=17 138 52 7 153 138 7 153
split_gain=2.45118 5.89201 4.13552 5.73504 8.8947 5.27133 10.9202 4.42903
threshold=3.5000000000000004 12094.745000000001 73897.235000000015 5005.1550000000016 3149.5050000000006 13933.140000000001 132.94500000000002 651.0150000000001
decision_type=2 8 2 2 8 8 2 10
left_child=2 -2 -1 5 -5 6 -4 -8
right_child=1 -3 3 4 -6 -7 7 -9
leaf_value=1.199062401175414e-05 -0.0076173141392152999 0.033544444927576758 0.09736935299072122 -0.051276930765026651 0.11919271706865907 -0.05267645461084592 -0.051887371129608166 0.049439200727263634
leaf_weight=1592.9801339859769 39.278305087471381 39.064702900563134 4.7779599157220245 3.1369594164316359 3.8267579637904419 26.468806920875068 12.576731306726286 3.0112415934199808
leaf_count=96768 2204 5374 3275 3617 3564 36582 7608 4292
internal_value=-6.21282e-05 0.0129075 -0.000679136 -0.0211435 0.0424009 -0.0305917 -0.0018891 -0.0323134
internal_weight=1725.12 78.343 1646.78 53.7985 6.96372 46.8347 20.3659 15.588
internal_count=163284 7578 155706 58938 7181 51757 15175 11900
is_linear=0
shrinkage=0.0750466


Tree=166
num_leaves=9
num_cat=0
split_feature=85 134 141 85 85 85 11 57
split_gain=2.47785 5.6337 8.53463 15.2434 8.2895 7.09087 5.90533 8.42258
threshold=2404.6500000000005 431161.07000000001 1.5250000000000001 35229.000000000007 8269.6500000000015 88033.650000000009 52.845000000000006 1.0000000180025095e-35
decision_type=2 8 10 2 2 2 2 2
left_child=-1 -2 4 -4 -3 6 -6 -8
right_child=1 2 3 -5 5 -7 7 -9
leaf_value=-0.0011631776724685141 1.6519515307124129e-05 -0.046114156593959857 0.18824588538867834 -0.02802783511584991 -0.0082607406767604974 -0.037425213864400959 0.091674975116339152 0.0038753481396648377
leaf_weight=1500.4314009695336 163.31578704344793 9.8332848679674481 4.5496782143127339 3.0765578247155645 9.2079994146624795 7.2861121414862273 17.772770738316471 9.4123254315054492
leaf_count=84022 57379 1616 3166 3088 1146 2992 3462 6413
internal_value=-6.30476e-05 0.00729109 0.0267232 0.100997 0.0161381 0.0301527 0.0436822 0.061276
internal_weight=1724.89 224.455 61.1387 7.62624 53.5125 43.6792 36.3931 27.1851
internal_count=163284 79262 21883 6254 15629 14013 11021 9875
is_linear=0
shrinkage=0.0750466


Tree=167
num_leaves=9
num_cat=0
split_feature=60 10 81 8 153 58 120 81
split_gain=2.57108 4.32851 5.57945 5.7197 3.09919 7.53453 7.30061 7.73329
threshold=1079.3350000000003 -1918.8199999999999 23460.585000000003 29166.560000000001 651.0150000000001 232.54500000000004 182988.00000000003 110435.25500000002
decision_type=2 2 2 2 8 2 8 2
left_child=4 -2 -3 -4 5 -1 -6 -8
right_child=1 2 3 -5 6 -7 7 -9
leaf_value=-0.00034556082696982971 -0.048509033092437738 -0.023046543284088103 0.061928214120776578 -0.023782229003832558 -0.013683350537735053 0.016314741805781796 0.0040946045357216571 -0.029291305477619621
leaf_weight=614.10191589040187 16.045809029485099 31.210803014771955 11.395288216408519 7.127799938331008 242.14183931573643 203.55556492479809 557.73937074930654 42.01886118307084
leaf_count=24777 7551 4214 3082 3195 39621 13321 47293 20230
internal_value=-6.55656e-05 -0.0146169 -0.00368212 0.0289463 0.000511203 0.00380202 -0.00268485 0.0017556
internal_weight=1725.34 65.7797 49.7339 18.5231 1659.56 817.657 841.9 599.758
internal_count=163284 18042 10491 6277 145242 38098 107144 67523
is_linear=0
shrinkage=0.0750466


Tree=168
num_leaves=9
num_cat=0
split_feature=60 118 82 115 125 99 71 115
split_gain=2.24253 2.9051 8.71607 14.6665 9.06859 3.26209 4.37409 3.20752
threshold=1079.3350000000003 5692.1350000000011 1.0000000180025095e-35 22079.930000000004 -24032.769999999997 2.5000000000000004 1.5000000000000002 2964.0000000000005
decision_type=2 10 2 10 10 2 2 10
left_child=1 5 -3 -4 -5 6 7 -1
right_child=-2 2 3 4 -6 -7 -8 -9
leaf_value=-0.00020213218141245629 -0.013741432088460724 -0.015729613218730398 -0.017381910458360232 0.049747585104433917 0.19667340399917085 0.024653199939656988 0.025554413288259671 -0.014889132651281379
leaf_weight=1471.3627147359966 64.983387468832007 17.129237180473865 7.6336921435249705 4.7825903891098287 4.682259607689045 29.710365225982969 35.631817180277721 88.800451170867746
leaf_count=111871 18042 3117 3184 2358 2407 692 1344 20269
internal_value=-6.54349e-05 0.00047002 0.022107 0.0600116 0.122432 1.44166e-05 -0.000444306 -0.00103808
internal_weight=1724.72 1659.73 34.2278 17.0985 9.46485 1625.51 1595.79 1560.16
internal_count=163284 145242 11066 7949 4765 134176 133484 132140
is_linear=0
shrinkage=0.0750466


Tree=169
num_leaves=9
num_cat=0
split_feature=8 149 149 24 81 149 9 97
split_gain=2.27566 4.6247 3.63889 3.30619 9.60099 2.62949 4.41918 5.19653
threshold=-8804.7999999999975 636.50000000000011 1537.5000000000002 1.0000000180025095e-35 75817.000000000015 636.50000000000011 938.67500000000007 7.5000000000000009
decision_type=2 8 8 2 2 8 2 2
left_child=1 -1 -3 -4 -5 6 7 -2
right_child=5 2 3 4 -6 -7 -8 -9
leaf_value=0.047941388666283301 0.015891858758383746 -0.030926130204314107 9.5781453302131288e-05 0.069982532838620673 -0.034980078643590679 0.00049949390005547812 -0.017494916269395602 -0.017893439742796217
leaf_weight=15.932160898082655 67.536970835128159 14.107455928722628 50.172765336181328 14.704862034574036 7.3668887877320222 1384.8656412986438 128.21706359184827 41.331316863390384
leaf_count=2527 6798 2275 3309 4665 3867 127663 5128 7052
internal_value=-6.60992e-05 0.0107907 0.00393628 0.010744 0.0349492 -0.000750754 -0.00805372 0.00306543
internal_weight=1724.24 102.284 86.352 72.2445 22.0718 1621.95 237.085 108.868
internal_count=163284 16643 14116 11841 8532 146641 18978 13850
is_linear=0
shrinkage=0.0750466


Tree=170
num_leaves=9
num_cat=0
split_feature=148 127 120 141 118 149 131 115
split_gain=2.22278 8.44625 5.29343 3.08103 9.629 6.62454 3.78765 4.05778
threshold=5.9250000000000007 2528.5000000000005 400242.26000000007 1.7850000000000004 1577.3950000000002 3571.5000000000005 3618.7050000000004 9407.0200000000023
decision_type=10 8 8 10 10 10 8 8
left_child=3 -2 -3 -1 5 -5 7 -6
right_child=1 2 -4 4 6 -7 -8 -9
leaf_value=0.00042347615636492865 -0.018122919281650017 0.015524684236934785 0.11057791920641319 -0.0065375889302578989 0.059686595321059549 -0.048567257236550532 0.084127330705302455 -0.021412268635458656
leaf_weight=1588.4290710215573 14.743999526301197 6.4036049622227411 6.8072374708699508 52.61259790747863 6.0316098880284708 35.285355779575184 5.9844359871567567 8.1967667756034643
leaf_count=129852 3152 1836 2798 9176 1937 8211 2805 3517
internal_value=-6.50169e-05 0.0209245 0.0645034 -0.000410872 -0.0126696 -0.0234098 0.0340353 0.0129667
internal_weight=1724.49 27.9548 13.2108 1696.54 108.111 87.898 20.2128 14.2284
internal_count=163284 7786 4634 155498 25646 17387 8259 5454
is_linear=0
shrinkage=0.0750466


Tree=171
num_leaves=9
num_cat=0
split_feature=10 83 10 20 147 20 107 20
split_gain=2.31472 3.73465 3.54218 3.35492 3.23953 7.59023 8.96687 6.24742
threshold=-3005.3049999999998 92470.055000000008 -8004.0899999999992 3581.3600000000001 -7681.6749999999993 3581.3600000000001 22.500000000000004 55.415000000000006
decision_type=2 2 2 2 8 2 2 2
left_child=1 2 -1 -4 5 6 -2 -6
right_child=4 -3 3 -5 7 -7 -8 -9
leaf_value=0.030635570254866563 0.028827265751137057 -0.059080984931156426 -0.0065915645026706016 -0.054259371754465872 0.0010931119581649041 0.028670723482053431 -0.0034358399934182977 -0.01297317374498414
leaf_weight=11.973722002448993 57.793577815173194 8.5762460389651078 55.058115484447626 9.7949609215065703 991.82078658064711 70.498231720990589 302.24761209547069 216.67903319289326
leaf_count=3581 1528 5927 11431 5653 32956 28865 57972 15371
internal_value=-6.51287e-05 -0.0121103 -0.00686695 -0.013791 0.000562493 0.00615226 0.00174301 -0.00142892
internal_weight=1724.44 85.403 76.8268 64.8531 1639.04 430.539 360.041 1208.5
internal_count=163284 26592 20665 17084 136692 88365 59500 48327
is_linear=0
shrinkage=0.0750466


Tree=172
num_leaves=9
num_cat=0
split_feature=33 33 64 134 113 97 6 25
split_gain=2.49476 3.76972 2.01162 3.86004 3.40017 3.21808 14.1865 4.30467
threshold=175039.38000000003 453889.19500000007 25194.515000000003 93605.400000000009 -1414.4999999999998 147.50000000000003 171.50000000000003 2376.4950000000003
decision_type=2 2 2 8 8 2 2 2
left_child=2 -2 5 -4 -5 -1 7 -7
right_child=1 -3 3 4 -6 6 -8 -9
leaf_value=0.00029074532653454525 -0.039395960700307396 0.023245383245784734 0.03111042650881634 -0.066774071939412608 -0.013197005667322617 0.019048249185820289 0.094160247739375993 -0.047016022909006749
leaf_weight=1609.0185150457619 20.059859256884014 7.4090311248328353 8.969859593533327 8.1191871895498462 37.406846439971559 12.554731380572777 10.886803182536822 9.962790165205659
leaf_count=124242 7206 2402 2453 3234 14368 1497 3757 4125
internal_value=-6.44585e-05 -0.0225001 0.000298718 -0.0138864 -0.022752 0.000769384 0.0238244 -0.0101816
internal_weight=1724.39 27.4689 1696.92 54.4959 45.526 1642.42 33.4043 22.5175
internal_count=163284 9608 153676 20055 17602 133621 9379 5622
is_linear=0
shrinkage=0.0750466


Tree=173
num_leaves=9
num_cat=0
split_feature=0 139 142 120 0 73 57 118
split_gain=2.30354 5.97949 3.24947 6.20065 7.67954 8.51322 7.47923 7.47406
threshold=15842220.000000002 554.4000000000002 154836.00000000003 253368.00000000003 31507133.500000004 7.5000000000000009 2.5000000000000004 603.7750000000002
decision_type=2 8 10 8 2 2 2 8
left_child=1 -1 -2 -4 5 -5 -7 -6
right_child=2 -3 3 4 7 6 -8 -9
leaf_value=-0.018069944859777028 -0.0021313599333357752 0.020059995771082587 0.013356300639629165 -0.00070291941794522811 0.029510094801923126 0.066005648865927066 0.0075592602002556419 -0.014205093796189424
leaf_weight=103.51831616305208 929.34357368973724 29.83979252210338 275.29328027679367 98.249416145969008 24.553416666283738 25.283262230550463 24.071086179017584 214.06410738849809
leaf_count=14426 60118 1903 33896 7573 4144 6255 10154 24815
internal_value=-6.39947e-05 -0.00953811 0.000730199 0.00475032 -0.0013839 0.0120711 0.0375002 -0.00970686
internal_weight=1724.22 133.358 1590.86 661.515 386.221 147.604 49.3543 238.618
internal_count=163284 16329 146955 86837 52941 23982 16409 28959
is_linear=0
shrinkage=0.0750466


Tree=174
num_leaves=9
num_cat=0
split_feature=46 120 72 138 148 138 138 22
split_gain=2.20663 7.39041 4.85979 4.24131 2.74418 3.87052 3.29405 2.76258
threshold=1.0000000180025095e-35 588362.69500000007 2323.1300000000006 3423.4750000000004 5.9250000000000007 26813.160000000003 54590.010000000002 319.2050000000001
decision_type=2 8 2 8 10 10 10 2
left_child=4 2 3 -2 7 -6 -7 -1
right_child=1 -3 -4 -5 5 6 -8 -9
leaf_value=0.0026328396367449546 0.020216638972920337 -0.04140586525749404 0.043696118888349858 -0.023897234481504923 0.048301693266004968 -0.05000735546690023 0.031300841287414491 -0.0037861613801446221
leaf_weight=991.5490950704334 19.78171103827481 30.818803087266133 13.280721263930898 32.345062152111495 15.763563402320871 5.6133624652502458 5.6115621008975722 609.85704846481531
leaf_count=33383 1503 4346 1348 11470 2126 1855 2913 104340
internal_value=-6.4295e-05 -0.0111072 0.00316903 -0.00715636 0.000588258 0.0243194 -0.00935978 0.000188317
internal_weight=1724.62 96.2263 65.4075 52.1268 1628.39 26.9885 11.2249 1601.41
internal_count=163284 18667 14321 12973 144617 6894 4768 137723
is_linear=0
shrinkage=0.0750466


Tree=175
num_leaves=9
num_cat=0
split_feature=82 125 95 56 80 82 80 116
split_gain=2.17595 5.06707 3.84534 3.85391 2.88385 6.57361 5.15366 3.57435
threshold=6.5000000000000009 -3240.0249999999996 1.0000000180025095e-35 6037.6250000000009 5.5000000000000009 1.0000000180025095e-35 10.500000000000002 12981.150000000003
decision_type=2 10 2 2 2 2 2 8
left_child=4 2 3 -2 -1 -6 7 -7
right_child=1 -3 -4 -5 5 6 -8 -9
leaf_value=-0.0001444160267614914 -0.044827106217225687 0.042397686419152363 0.019140281974417472 0.019382272894155471 -0.025837533372137209 0.031086559983357666 -0.017233577950557501 0.087025581363418064
leaf_weight=1615.1259756034433 32.069763068910106 7.5595525273056401 9.4573127332223503 6.2985922144398492 14.362125727559031 21.062363406261287 8.7404930308221065 9.2622737629644671
leaf_count=129444 11500 3104 2104 4862 2280 5198 2477 2315
internal_value=-6.27292e-05 -0.0146969 -0.0237215 -0.0342864 0.000423031 0.0175772 0.0335384 0.0481724
internal_weight=1723.94 55.3852 47.8257 38.3684 1668.55 53.4273 39.0651 30.3246
internal_count=163284 21570 18466 16362 141714 12270 9990 7513
is_linear=0
shrinkage=0.0750466


Tree=176
num_leaves=9
num_cat=0
split_feature=135 141 0 136 135 96 135 140
split_gain=2.14474 4.57268 4.8679 3.20354 2.62957 3.69472 4.73031 4.0159
threshold=-532.49999999999989 1.1700000000000002 17055618.500000004 75.000000000000014 -1355.4999999999998 1.0000000180025095e-35 -927.99999999999989 -1.0000000180025095e-35
decision_type=10 10 2 8 10 2 10 10
left_child=3 2 -2 -1 -5 6 7 -6
right_child=1 -3 -4 4 5 -7 -8 -9
leaf_value=-0.025720349497183326 -0.034773977409717521 -0.042635856873027261 0.0036817515138547188 -0.0008645200411236336 -0.012144722618762174 0.010384972045197331 -0.020223784845788271 0.020393072072515669
leaf_weight=25.376249487686437 22.807393345554374 19.523915804657008 99.053747554477013 1088.0644158138202 36.132431222300511 320.83088999075335 59.888684926499991 52.264982797481935
leaf_count=1230 3199 5253 10089 82125 625 50662 4546 5555
internal_value=-6.1778e-05 -0.00891771 -0.00351558 0.000729408 0.00116044 0.00585711 -0.00393935 0.00709325
internal_weight=1723.94 141.385 121.861 1582.56 1557.18 469.117 148.286 88.3974
internal_count=163284 18541 13288 144743 143513 61388 10726 6180
is_linear=0
shrinkage=0.0750466


Tree=177
num_leaves=9
num_cat=0
split_feature=33 140 13 22 16 16 10 38
split_gain=2.19942 5.76231 2.32094 2.5396 6.67812 4.2849 3.96844 4.40627
threshold=115002.37000000001 1.0000000180025095e-35 1.5000000000000002 319.2050000000001 -7736.8999999999987 -1.0000000180025095e-35 1875.5950000000003 1.5000000000000002
decision_type=2 10 2 2 2 2 2 2
left_child=2 -2 3 5 -5 -1 7 -6
right_child=1 -3 -4 4 6 -7 -8 -9
leaf_value=0.001683794929338549 -0.0011913180521085289 -0.068029740141140743 -0.01986781986850002 -0.047784704827117969 -0.0016467103110741296 0.020032116580822594 0.034005817366708699 -0.044251284847972375
leaf_weight=922.30872489029571 29.508792397879006 9.6369193184254964 31.387691602110863 18.154807577975589 604.40812399423885 77.722610990989779 17.131764252022549 13.988043566056147
leaf_count=29885 4137 10275 805 3092 102410 2980 3280 6420
internal_value=-6.01107e-05 -0.0176456 0.00034841 0.000732116 -0.00290541 0.00310983 -0.00162337 -0.00261042
internal_weight=1724.25 39.1457 1685.1 1653.71 653.683 1000.03 635.528 618.396
internal_count=163284 14412 148872 148067 115202 32865 112110 108830
is_linear=0
shrinkage=0.0750466


Tree=178
num_leaves=9
num_cat=0
split_feature=60 11 31 81 11 31 137 116
split_gain=2.20384 3.05436 4.35231 5.60838 4.67717 2.99119 7.58191 4.98761
threshold=1079.3350000000003 180.44000000000003 7211.295000000001 23460.585000000003 1469.9150000000002 20610.465000000004 23022.290000000005 45741.250000000007
decision_type=2 2 2 2 2 2 8 10
left_child=5 -2 -3 -4 -5 -1 -7 -8
right_child=1 2 3 4 -6 6 7 -9
leaf_value=5.9885385232684653e-05 -0.037197465954664381 0.03205636181009236 -0.054777181178435587 0.038233292727487218 -0.047204454947341171 0.076207223202817462 0.032960609530149954 -0.048440848376139753
leaf_weight=1631.5101616682277 20.96134890459507 14.055423736015653 13.340814726172541 11.178728584847706 5.3288905070057799 10.225247343430963 8.9566605133914035 8.0488358386683085
leaf_count=136685 1876 4014 3828 4123 4201 1937 3671 2949
internal_value=-5.90607e-05 -0.0136292 -0.00237688 -0.0185913 0.0106528 0.000471602 0.0251393 -0.00556734
internal_weight=1723.61 64.8652 43.9039 29.8484 16.5076 1658.74 27.2307 17.0055
internal_count=163284 18042 16166 12152 8324 145242 8557 6620
is_linear=0
shrinkage=0.0750466


Tree=179
num_leaves=9
num_cat=0
split_feature=153 140 118 81 134 134 24 140
split_gain=2.33668 5.15471 4.85129 4.6423 6.7132 6.04655 7.66736 7.44206
threshold=475.06500000000005 3519.0050000000006 75347.420000000027 100325.62000000001 66861.000000000015 139352.40000000002 9.5000000000000018 5236.5900000000011
decision_type=8 10 8 2 8 8 2 8
left_child=1 -1 -3 5 -5 6 7 -2
right_child=3 2 -4 4 -6 -7 -8 -9
leaf_value=0.00086204055100245125 -0.020520948256520427 -0.0077898542432308171 0.032193745909737802 0.065014443682295919 -0.027001673432269821 0.0026137179620166549 -0.061953250103749233 0.0085619495449910966
leaf_weight=713.92318549870106 114.3100054074348 24.057905785775802 59.012083275967598 4.782457657478516 67.362628691298596 636.76401832411648 15.956209935444347 87.474972724688996
leaf_count=27849 9619 3335 4746 2171 34590 58092 9472 13410
internal_value=-5.86795e-05 0.00292078 0.0206141 -0.00262125 -0.020902 -0.00107783 -0.0118734 -0.00791334
internal_weight=1723.64 796.993 83.07 926.65 72.1451 854.505 217.741 201.785
internal_count=163284 35930 8081 127354 36761 90593 32501 23029
is_linear=0
shrinkage=0.0750466


Tree=180
num_leaves=9
num_cat=0
split_feature=7 149 9 5 149 7 9 58
split_gain=2.15306 8.89256 5.18653 5.00927 6.41725 9.68403 5.57397 10.1518
threshold=1655.0800000000002 489.50000000000006 511.12500000000006 71.500000000000014 4024.5000000000005 1.0000000180025095e-35 279.00500000000005 4177.2050000000008
decision_type=2 8 2 2 10 2 2 2
left_child=2 -2 3 4 6 -6 -1 -8
right_child=1 -3 -4 -5 5 -7 7 -9
leaf_value=-0.0030533080677370796 -0.023608075487402409 0.0046518874679463548 -0.009809068973392468 -0.028957340252567194 -0.00685332804894898 0.051030313755617583 0.0069405008287243128 0.091030751141112531
leaf_weight=339.60010476168827 67.876251483969099 824.11962618232428 347.05133290739468 27.396031107287854 28.945838111932972 37.195984850150126 40.925917183154525 10.076435547838626
leaf_count=22617 3793 63805 52031 1215 3696 4120 9364 2643
internal_value=-5.92663e-05 0.00250145 -0.00280731 0.00221184 0.0040814 0.0256985 0.000420909 0.023554
internal_weight=1723.19 891.996 831.192 484.14 456.744 66.1418 390.602 51.0024
internal_count=163284 67598 95686 43655 42440 7816 34624 12007
is_linear=0
shrinkage=0.0750466


Tree=181
num_leaves=9
num_cat=0
split_feature=153 22 111 112 153 112 113 23
split_gain=2.0313 7.78698 8.04047 7.70527 8.06034 6.99512 6.58112 5.32343
threshold=475.06500000000005 -9370.4499999999989 1.0000000180025095e-35 164689.20000000004 31829.355000000007 228031.20000000004 -1962.9999999999998 1.5000000000000002
decision_type=8 2 8 10 8 10 8 2
left_child=-1 2 -2 -3 5 6 -5 -8
right_child=1 3 -4 4 -6 -7 7 -9
leaf_value=0.00271133027479645 -0.01406077002609841 -0.011254064404963467 0.019783357205717507 -0.029726428155014785 -0.048423052146648146 -0.00065987184174478718 0.053478731032223746 0.0075851605331644567
leaf_weight=798.80926970639121 54.181268017193361 500.4083514666745 146.246347149754 9.5516415823221887 14.586506719797397 136.99790665838918 40.086910245874606 22.072654590709135
leaf_count=35930 7548 56348 1668 2385 3004 42042 9572 4787
internal_value=-6.02559e-05 -0.00245598 0.0106343 -0.00608131 0.00551091 0.00928031 0.0282701 0.0371821
internal_weight=1722.94 924.132 200.428 723.704 223.296 208.709 71.7112 62.1596
internal_count=163284 127354 9216 118138 61790 58786 16744 14359
is_linear=0
shrinkage=0.0750466


Tree=182
num_leaves=9
num_cat=0
split_feature=21 102 7 142 120 120 52 109
split_gain=2.26054 5.39472 3.03967 4.70706 5.10543 4.19634 4.91791 5.87402
threshold=1.0000000180025095e-35 1.0000000180025095e-35 1.0000000180025095e-35 119646.00000000001 77418.000000000015 105570.00000000001 1.0000000180025095e-35 1.0000000180025095e-35
decision_type=2 2 2 8 10 10 2 2
left_child=-1 2 3 4 -2 -5 7 -7
right_child=1 -3 -4 5 -6 6 -8 -9
leaf_value=0.0076745707080216712 -0.043588843917571639 -0.027253101843898384 0.0011985526448219804 0.02080026235624545 0.0032149670557422628 -0.022641465274364652 -0.043633900499211217 0.01112709024450846
leaf_weight=189.37312064784055 36.699682154459879 42.902958179409325 1256.4483461209156 35.985866606599302 20.434582406713162 48.361135362953064 18.811002345080851 72.510010728423367
leaf_count=5801 5565 4688 112034 4067 3018 3089 16936 8086
internal_value=-6.06354e-05 -0.0010167 -0.000260872 -0.00813748 -0.026849 -0.00205173 -0.00793902 -0.00238387
internal_weight=1721.53 1532.15 1489.25 232.802 57.1343 175.668 139.682 120.871
internal_count=163284 157483 152795 40761 8583 32178 28111 11175
is_linear=0
shrinkage=0.0750466


Tree=183
num_leaves=9
num_cat=0
split_feature=80 33 107 127 113 113 127 10
split_gain=2.19999 7.17195 4.20491 6.1142 3.4781 7.73044 8.42056 6.56503
threshold=2.5000000000000004 8897.4100000000017 123.50000000000001 1221.5000000000002 -927.99999999999989 -593.49999999999989 4159.5000000000009 -386.05499999999995
decision_type=2 2 2 8 8 8 10 2
left_child=2 4 -1 -4 -2 6 7 -6
right_child=1 -3 3 -5 5 -7 -8 -9
leaf_value=-0.0003983918133001436 -0.0012293817481665178 -0.042410031035159022 0.021073152991099835 -0.038905291829635057 0.034218940779699024 0.0075322743713108729 -0.011384737080171946 0.1141328826245314
leaf_weight=1433.8726902119779 90.599236945021403 15.686594481345308 13.083079649484715 35.66985536593711 11.680436726426704 99.658217031999811 9.0957744227962376 11.479961000899495
leaf_count=76047 18621 11314 7046 23359 3901 18506 2970 1520
internal_value=-5.97994e-05 0.00663468 -0.00113534 -0.0228098 0.0100922 0.0178679 0.0498007 0.07383
internal_weight=1720.83 238.2 1482.63 48.7529 222.514 131.914 32.2562 23.1604
internal_count=163284 56832 106452 30405 45518 26897 8391 5421
is_linear=0
shrinkage=0.0750466


Tree=184
num_leaves=9
num_cat=0
split_feature=85 0 97 0 151 56 107 135
split_gain=2.5609 7.55505 8.61925 9.34732 9.08923 7.13489 8.17355 7.13752
threshold=2404.6500000000005 42644405.000000007 170.50000000000003 35799005.000000007 3.5000000000000004 69.980000000000018 73.500000000000014 -1263.4999999999998
decision_type=2 2 2 2 10 2 2 8
left_child=-1 2 3 4 -2 6 -5 -7
right_child=1 -3 -4 5 -6 7 -8 -9
leaf_value=-0.0011802533996858372 0.021766997476225906 -0.0075956056230644803 0.096193132252195029 0.029975304898991244 -0.028443740726722882 0.067044837980107949 0.13140833884666259 -0.061719255779453371
leaf_weight=1496.8356890847626 53.322495030799473 102.37648066817201 7.8380705568706608 8.9066188002034377 32.791178998704709 4.7280769825665629 8.990489945150328 4.9762071809782338
leaf_count=84022 13300 30950 4411 1095 20361 2937 3540 2668
internal_value=-6.04685e-05 0.00742462 0.0200752 0.0148286 0.00264728 0.0528332 0.0809295 0.0010166
internal_weight=1720.77 223.93 121.553 113.715 86.1137 27.6014 17.8971 9.70428
internal_count=163284 79262 48312 43901 33661 10240 4635 5605
is_linear=0
shrinkage=0.0750466


Tree=185
num_leaves=9
num_cat=0
split_feature=4 39 140 80 80 83 80 138
split_gain=2.10161 1.84292 3.63365 4.01782 1.65681 4.75544 7.16397 7.98831
threshold=1.5000000000000002 313319.83000000002 29747.050000000003 1.5000000000000002 6.5000000000000009 2582.5950000000007 10.500000000000002 5216.3500000000013
decision_type=2 2 8 2 2 2 2 10
left_child=1 4 3 -3 -1 -6 7 -7
right_child=-2 2 -4 -5 5 6 -8 -9
leaf_value=0.00026946969659871886 -0.015393455937349891 -0.024191824471937531 -0.051547185868962613 0.049302454936826057 -0.03016241090881272 0.10506969479879995 -0.012194754693425222 0.019138603984785146
leaf_weight=1586.5068921428265 48.930843573318271 11.46708537945233 11.334109844523484 6.6008660125917222 11.304890948642422 9.3064663063414645 18.135766448442155 17.64404140210172
leaf_count=135579 2213 3742 3727 3570 1816 773 5521 6343
internal_value=-6.30628e-05 0.000385498 -0.0182372 0.00265825 0.000718779 0.0133596 0.0242723 0.0488121
internal_weight=1721.23 1672.3 29.4021 18.068 1642.9 56.3912 45.0863 26.9505
internal_count=163284 161071 11039 7312 150032 14453 12637 7116
is_linear=0
shrinkage=0.0750466


Tree=186
num_leaves=9
num_cat=0
split_feature=8 73 73 106 59 16 84 107
split_gain=2.19215 11.1641 6.04286 5.75602 5.89276 5.59639 8.79624 5.57119
threshold=9683.5850000000009 1.0000000180025095e-35 2.5000000000000004 3577.6500000000005 1.0000000180025095e-35 -1.0000000180025095e-35 3.5000000000000004 45.500000000000007
decision_type=2 2 2 2 2 2 2 2
left_child=2 -2 -1 4 -4 -5 -7 -6
right_child=1 -3 3 5 7 6 -8 -9
leaf_value=-0.0045451296662400824 0.036292307546686789 -0.004664084936961169 0.012876915514632464 -0.048495622341724082 -0.053880787713269415 0.079532854593012292 -0.043366823882587127 0.0037457750458005342
leaf_weight=378.45471273379371 39.299542221240699 811.25836974520553 418.8806912036307 19.116300814857823 14.724726612359516 6.2569696513419313 6.8933187802940665 26.368831283536565
leaf_count=9692 1142 90760 41038 7406 478 2351 3778 6639
internal_value=-6.19973e-05 -0.00277172 0.00258505 0.00806703 0.0102164 -0.0225733 0.0151094 -0.0169031
internal_weight=1721.25 850.558 870.696 492.241 459.974 32.2666 13.1503 41.0936
internal_count=163284 91902 71382 61690 48155 13535 6129 7117
is_linear=0
shrinkage=0.0750466


Tree=187
num_leaves=9
num_cat=0
split_feature=6 133 16 127 74 7 25 113
split_gain=2.20421 3.81298 3.44341 2.73974 8.13267 8.34291 7.89374 6.98108
threshold=289.50000000000006 6.5000000000000009 -176.96999999999997 3655.5000000000005 62.105000000000011 3181.8900000000008 3329.2250000000004 -593.49999999999989
decision_type=2 8 2 10 2 2 2 10
left_child=3 2 -2 -1 -5 -6 -7 -8
right_child=1 -3 -4 4 5 6 7 -9
leaf_value=0.0005286818480837595 0.026912054075626909 0.045021879632021693 -0.011711548916175327 0.03134338980714118 -0.022222873050469747 -0.005280953040159771 0.13873899183933791 0.016425735237835283
leaf_weight=1447.2670042343289 21.39894510918748 16.091668725945055 33.121898766368759 24.970790092687821 144.72005785372221 23.22879808320431 4.8853536739625252 5.6878434713580646
leaf_count=119534 2188 263 7697 1546 22622 3062 2897 3475
internal_value=-6.23216e-05 0.012922 0.00344787 -0.000617738 -0.00877122 -0.0143823 0.0191866 0.0729407
internal_weight=1721.37 70.6125 54.5208 1650.76 203.493 178.522 33.802 10.5732
internal_count=163284 10148 9885 153136 33602 32056 9434 6372
is_linear=0
shrinkage=0.0750466


Tree=188
num_leaves=9
num_cat=0
split_feature=112 134 6 27 6 148 112 112
split_gain=2.00711 3.97585 8.01504 7.3744 6.06595 4.61591 3.75538 3.3152
threshold=720815.33500000008 1076107.5600000003 105.50000000000001 12.500000000000002 105.50000000000001 11.320000000000002 1348452.2050000003 228031.20000000004
decision_type=10 8 2 2 2 8 10 10
left_child=7 3 -3 -2 -5 6 -4 -1
right_child=1 2 5 4 -6 -7 -8 -9
leaf_value=0.0008844114960439044 0.042454502067502287 -0.058209752871485519 -0.044466412558428044 0.039298055345431258 -0.059147769877037369 0.059249716561253371 0.018864844236316448 -0.0080095448366611487
leaf_weight=1338.8889899860005 37.034593035878061 12.062385296025239 8.320200428610411 5.8240946920177512 8.9299162014904123 8.9710290935818175 14.399512532934748 286.55585853529192
leaf_count=104790 3836 1277 2415 1731 4834 1083 4441 38877
internal_value=-6.21849e-05 0.0105089 -0.00614682 0.0245802 -0.0202866 0.0136698 -0.00432774 -0.000683538
internal_weight=1720.99 95.5417 43.7531 51.7886 14.754 31.6907 22.7197 1625.44
internal_count=163284 19617 9216 10401 6565 7939 6856 143667
is_linear=0
shrinkage=0.0750466


Tree=189
num_leaves=9
num_cat=0
split_feature=11 113 5 5 27 9 4 5
split_gain=2.10251 3.93312 2.15905 10.4298 5.43155 5.87739 4.82201 4.8858
threshold=-1.0000000180025095e-35 -805.49999999999989 67.500000000000014 61.500000000000007 2.5000000000000004 2120.0400000000004 1.5000000000000002 57.500000000000007
decision_type=2 10 2 2 2 2 2 2
left_child=1 -1 3 6 -5 -6 7 -2
right_child=2 -3 -4 4 5 -7 -8 -9
leaf_value=-0.033224999375718711 0.0013666197369078226 0.0095429583224004629 -0.007439656726262938 0.030303298298719333 -0.018843556995734791 0.03240566271145693 -0.027059279058906798 -0.015208174350358912
leaf_weight=28.845611742362962 1193.4377518929032 20.874352411738073 177.26523102835563 99.167717453514342 33.163056265162595 20.328246576824313 38.248024726570293 109.33796123364937
leaf_count=3090 120928 2575 12439 3110 5435 3486 1930 10291
internal_value=-6.15195e-05 -0.0152694 0.000390998 0.00132031 0.0199068 0.000632633 -0.000795526 -2.44518e-05
internal_weight=1720.67 49.72 1670.95 1493.68 152.659 53.4913 1341.02 1302.78
internal_count=163284 5665 157619 145180 12031 8921 133149 131219
is_linear=0
shrinkage=0.0750466


Tree=190
num_leaves=9
num_cat=0
split_feature=0 125 127 6 28 142 142 104
split_gain=1.91248 5.2659 3.51368 3.40872 6.75635 2.87317 2.81616 4.5688
threshold=15842220.000000002 -367.86499999999995 2773.5000000000005 266.50000000000006 1395.8750000000002 119646.00000000001 154836.00000000003 27037.650000000005
decision_type=2 8 8 2 2 10 10 2
left_child=1 -1 -3 6 -5 -4 -2 -8
right_child=3 2 5 4 -6 -7 7 -9
leaf_value=-0.045273396681292703 -0.002553340119903985 -0.023567078722855832 0.019634492455777298 0.060158634056942877 -0.0069474619269829455 -0.0087793142660219023 0.0054010719497243759 -0.022990976097627323
leaf_weight=19.026356394773757 907.29424902459141 32.089883101256419 41.210640767378209 15.757428479453663 18.220572897476814 39.021220547547273 614.00763093382739 33.670976423341926
leaf_count=6202 59027 3090 1605 457 4443 5432 64223 18805
internal_value=-6.05613e-05 -0.0087636 -0.00257915 0.000658862 0.0241732 0.00581528 0.000145044 0.00392505
internal_weight=1720.3 131.348 112.322 1588.95 33.978 80.2319 1554.97 647.679
internal_count=163284 16329 10127 146955 4900 7037 142055 83028
is_linear=0
shrinkage=0.0750466


Tree=191
num_leaves=9
num_cat=0
split_feature=50 5 149 5 5 99 140 131
split_gain=2.19009 4.9676 4.67772 2.56027 8.48406 5.48238 6.05724 5.94256
threshold=1.0000000180025095e-35 63.500000000000007 636.50000000000011 67.500000000000014 61.500000000000007 1.0000000180025095e-35 7173.1900000000014 310.84500000000008
decision_type=2 2 10 2 2 2 10 8
left_child=3 2 -2 4 5 6 -1 -8
right_child=1 -3 -4 -5 -6 -7 7 -9
leaf_value=-0.0038810946801063652 0.012787977435626437 0.016167892055377952 -0.072149783823326444 -0.0083892443182582814 0.017982694070382627 0.021900378582963419 0.018479507874450699 -0.0082133225652122888
leaf_weight=1091.1960151760213 5.2496778792847243 12.2741884941679 11.996500736962842 171.7735884220383 153.8685865429361 58.349194368613098 146.02753472698896 69.247672404242621
leaf_count=67602 396 3719 6920 10084 10682 3615 35526 24740
internal_value=-5.89805e-05 -0.0203237 -0.046295 0.000294901 0.00127713 -0.000606235 -0.00161142 0.00989321
internal_weight=1719.98 29.5204 17.2462 1690.46 1518.69 1364.82 1306.47 215.275
internal_count=163284 11035 7316 152249 142165 131483 127868 60266
is_linear=0
shrinkage=0.0750466


Tree=192
num_leaves=9
num_cat=0
split_feature=8 138 112 151 142 141 95 112
split_gain=2.0684 3.57351 4.79923 4.74932 2.73018 3.72019 2.54601 3.05355
threshold=-8804.7999999999975 36105.985000000008 190026.00000000003 4.5000000000000009 365976.00000000006 0.79500000000000015 5.5000000000000009 720815.33500000008
decision_type=2 10 8 8 10 10 2 10
left_child=1 3 -3 -1 -4 -6 7 -2
right_child=6 2 4 -5 5 -7 -8 -9
leaf_value=0.00072801021160110932 -0.0019801109634928257 -0.053608890752866165 0.042932996664470403 0.040429324650300288 -0.038605452144033027 0.034295458397794062 0.017379051216757448 0.012869780590297027
leaf_weight=34.441197704283695 1492.455587345652 9.8608511656129831 8.4466369972433331 33.453457023730152 9.8941574569471431 6.5538251720718099 42.64670225050213 82.2863942427457
leaf_count=4240 127968 2554 1562 2674 3187 2426 3013 15660
internal_value=-5.85325e-05 0.0102716 -0.00929902 0.0202899 0.00825228 -0.00955752 -0.000714152 -0.00120415
internal_weight=1720.04 102.65 34.7555 67.8947 24.8946 16.448 1617.39 1574.74
internal_count=163284 16643 9729 6914 7175 5613 146641 143628
is_linear=0
shrinkage=0.0750466


Tree=193
num_leaves=9
num_cat=0
split_feature=82 137 103 58 138 138 80 58
split_gain=2.04648 5.8139 5.61081 3.73686 7.3621 2.69935 3.79967 3.67636
threshold=6.5000000000000009 60464.195000000007 1.0000000180025095e-35 232.54500000000004 26813.160000000003 97358.630000000019 1.0000000180025095e-35 21653.265000000003
decision_type=2 8 2 2 10 10 2 2
left_child=5 3 -3 -2 -5 -1 -7 -8
right_child=1 2 -4 4 -6 6 7 -9
leaf_value=0.00088823931687686511 -0.053454217565591045 -0.012530343455992471 0.082781998246695548 0.029026499550469355 -0.059221545013159488 0.0065297407532356909 -0.059197787679231562 0.0090302275558525585
leaf_weight=1624.810145254396 18.704115919281321 8.4424693973414815 5.9159848446124661 12.765770670170243 9.1334386627768236 18.191776754945749 15.702849343088021 6.2056788336049058
leaf_count=130393 5380 3112 2900 4444 5734 2213 5875 3233
internal_value=-5.6831e-05 -0.0143048 0.0267403 -0.0288194 -0.00777885 0.000413519 -0.0188215 -0.0398719
internal_weight=1719.87 54.9618 14.3585 40.6033 21.8992 1664.91 40.1003 21.9085
internal_count=163284 21570 6012 15558 10178 141714 11321 9108
is_linear=0
shrinkage=0.0750466


Tree=194
num_leaves=9
num_cat=0
split_feature=135 22 58 0 74 149 58 0
split_gain=2.04847 2.47294 6.01888 6.27531 7.03039 4.07468 3.1629 7.87324
threshold=-136.99999999999997 239470.10500000001 7157.0650000000014 31507133.500000004 391.17500000000007 5158.5000000000009 232.54500000000004 49848695.500000007
decision_type=10 2 2 2 2 8 2 2
left_child=1 6 3 4 -3 -6 -1 -8
right_child=-2 2 -4 -5 5 -7 7 -9
leaf_value=-0.0014406615673273704 -0.020540070941659501 0.085577100248401899 -0.067875204230253741 -0.029591018139185254 0.035855514959728593 -0.052006935862245057 0.010650501182106194 -0.011652291620677525
leaf_weight=1126.0718481268887 27.063912780464307 7.4186269966157878 10.081607580504167 23.329276413254775 6.0218771232393893 5.8707816802307216 398.84258200511613 114.80479894200107
leaf_count=54711 2162 2023 10430 8789 2896 2482 65183 14608
internal_value=-5.65373e-05 0.000271016 -0.0157271 -0.00339762 0.0282457 -0.00751757 0.000785406 0.00566563
internal_weight=1719.51 1692.44 52.7222 42.6406 19.3113 11.8927 1639.72 513.647
internal_count=163284 161122 26620 16190 7401 5378 134502 79791
is_linear=0
shrinkage=0.0750466


Tree=195
num_leaves=9
num_cat=0
split_feature=50 28 39 24 9 120 103 74
split_gain=1.94037 2.95657 2.32039 4.88282 7.99681 2.25809 2.09509 11.4823
threshold=1.0000000180025095e-35 1.0000000180025095e-35 351900.43000000005 3.5000000000000004 1388.5400000000002 1037556.6200000002 5.5000000000000009 334.99500000000006
decision_type=2 2 2 2 2 8 2 2
left_child=2 -2 6 -4 -5 -3 -1 -8
right_child=1 5 3 4 -6 -7 7 -9
leaf_value=0.00021524932202592016 0.0019460134628018165 -0.067154953699644235 -0.046223767490673848 -0.034985708546675855 0.10764391803343526 0.001501194959831829 0.07131692946176596 -0.014140752667020636
leaf_weight=1627.3275875424351 16.232016896392455 8.8930959709323325 16.696851433032865 5.5638056825264339 3.6770468995055126 3.8730138557721157 14.223404890828531 23.46094243447078
leaf_count=127207 885 6740 3110 4043 1770 3410 4656 11463
internal_value=-5.67177e-05 -0.0193052 0.000273374 -0.0220001 0.0217683 -0.0463259 0.000620353 0.018114
internal_weight=1719.95 28.9981 1690.95 25.9377 9.24085 12.7661 1665.01 37.6843
internal_count=163284 11035 152249 8923 5813 10150 143326 16119
is_linear=0
shrinkage=0.0750466


Tree=196
num_leaves=9
num_cat=0
split_feature=41 150 112 147 147 74 95 4
split_gain=2.00225 4.61122 1.75565 5.27579 7.05655 4.00351 2.19013 2.87013
threshold=1.0000000180025095e-35 7173.1900000000014 1348452.2050000003 -21440.649999999998 -46645.979999999989 2806.0050000000006 4.5000000000000009 1.5000000000000002
decision_type=2 8 10 10 8 2 2 2
left_child=2 -2 6 4 5 -4 7 -1
right_child=1 -3 3 -5 -6 -7 -8 -9
leaf_value=-0.00011956770747546466 -0.060421271553765775 0.0066100372262187582 0.038259161133774623 -0.017521733544002778 0.0687387352692998 -0.05168914846000585 0.014280765148009416 -0.019266274676739598
leaf_weight=1549.8812208847394 10.012412491028952 13.673043129036161 5.2510030296871246 17.046678473732754 15.485930640872541 5.9387317739065111 57.20558758561674 45.38476122461725
leaf_count=142248 1639 4140 2905 1670 2217 2193 4161 2111
internal_value=-5.67644e-05 -0.0217257 0.000245818 0.015089 0.0359284 -0.00947914 -0.000146914 -0.000664285
internal_weight=1719.88 23.6855 1696.19 43.7223 26.6757 11.1897 1652.47 1595.27
internal_count=163284 5779 157505 8985 7315 5098 148520 144359
is_linear=0
shrinkage=0.0750466


Tree=197
num_leaves=9
num_cat=0
split_feature=7 64 104 25 17 7 25 63
split_gain=1.9951 4.23633 4.22368 5.38644 6.17589 5.82573 5.00562 3.97415
threshold=1655.0800000000002 25194.515000000003 4164.1500000000005 20013.610000000004 2.5000000000000004 6214.4350000000004 6442.4250000000011 4.5000000000000009
decision_type=2 2 2 2 2 2 2 2
left_child=1 7 -2 4 6 -5 -4 -1
right_child=2 -3 3 5 -6 -7 -8 -9
leaf_value=-0.0026879985421425466 0.00085188506794305237 -0.033596913167151285 0.0018392925386680979 -0.034663034829257776 0.081105293891895913 0.057752998616344225 0.058537582636567262 0.028640014219427284
leaf_weight=781.23636174779858 816.49417487269966 24.269535425903996 29.18052711265409 16.047026417061719 11.447701131932261 5.0508038716452566 12.53745700244326 23.491279368572577
leaf_count=75161 43866 10167 5198 9053 1357 3510 4614 10358
internal_value=-5.55197e-05 -0.00270514 0.00241039 0.0195454 0.0322775 -0.0125387 0.0188788 -0.00177348
internal_weight=1719.75 828.997 890.758 74.2635 53.1657 21.0978 41.718 804.728
internal_count=163284 95686 67598 23732 11169 12563 9812 85519
is_linear=0
shrinkage=0.0750466


Tree=198
num_leaves=9
num_cat=0
split_feature=8 72 8 153 52 83 83 6
split_gain=1.8814 7.03615 9.73757 8.83273 9.36847 8.01966 9.97202 6.29804
threshold=9683.5850000000009 387.90500000000003 12961.865000000002 9905.9850000000024 16685.650000000005 34076.275000000009 60197.185000000005 115.50000000000001
decision_type=2 2 2 8 2 2 2 2
left_child=-1 2 -2 4 -4 -6 -7 -3
right_child=1 7 3 -5 5 6 -8 -9
leaf_value=0.0023918627339716385 -0.023981162934660377 0.00057864858803966922 0.01869240221718918 0.043222259288882334 -0.065846101983210531 0.14097856227502797 -0.04086577082061861 -0.014095334069097448
leaf_weight=872.02539317003357 37.114484819247082 357.55590047142323 70.526673026781282 53.911444748303438 16.004138431166215 2.7767417908980851 4.3735322779884882 305.45553944530548
leaf_count=71382 7897 13836 9630 8649 19202 3718 6103 22867
internal_value=-5.5515e-05 -0.00257307 0.0103806 0.0190214 0.00509426 -0.0363247 0.0297518 -0.00618179
internal_weight=1719.74 847.718 184.707 147.593 93.6811 23.1544 7.15027 663.011
internal_count=163284 91902 55199 47302 38653 29023 9821 36703
is_linear=0
shrinkage=0.0750466


Tree=199
num_leaves=9
num_cat=0
split_feature=127 5 16 127 9 71 17 135
split_gain=1.90937 4.2241 2.41895 8.26557 7.08647 3.30714 3.93978 4.7017
threshold=145.50000000000003 42.500000000000007 2347.2300000000005 753.50000000000011 1206.4850000000004 1.5000000000000002 3.5000000000000004 -1444.9999999999998
decision_type=8 2 2 10 2 2 2 10
left_child=1 -1 5 -4 -5 6 -2 -8
right_child=2 -3 3 4 -6 -7 7 -9
leaf_value=-0.0404709064628372 -0.00054353640960285343 0.0090985360456241962 -0.071421971481917548 0.063021861364789863 -0.029481812675876073 0.023211699425221537 0.035584950230312197 -0.0058626381305469551
leaf_weight=20.040471237294696 1550.6518271626819 18.731960662658821 11.333045964049235 8.0537029633542279 11.082257143467357 35.980957973850309 37.415742829543888 26.213030104918289
leaf_count=3125 143521 1954 1682 2294 3192 1287 2516 3713
internal_value=-5.76408e-05 -0.0165226 0.000322187 -0.0206306 0.00944997 0.000709041 0.000207476 0.0185099
internal_weight=1719.5 38.7724 1680.73 30.469 19.136 1650.26 1614.28 63.6288
internal_count=163284 5079 158205 7168 5486 151037 149750 6229
is_linear=0
shrinkage=0.0750466


Tree=200
num_leaves=9
num_cat=0
split_feature=85 140 85 17 135 141 24 56
split_gain=1.90536 6.7399 7.24016 5.74225 3.80203 6.24463 4.77822 6.90379
threshold=2404.6500000000005 56366.985000000008 23510.590000000004 3.5000000000000004 -624.49999999999989 3.0650000000000004 25.500000000000004 1.0000000180025095e-35
decision_type=2 10 2 2 10 8 2 2
left_child=-1 3 -3 4 6 -6 -2 -8
right_child=1 2 -4 -5 5 -7 7 -9
leaf_value=-0.0010303510476885741 0.00051571999053762055 0.14348899886981206 0.0010063890429215993 0.041106361620992758 -0.056500169446860593 0.039740422318360002 0.12206516032592091 -0.0091082915066667599
leaf_weight=1492.6362074266508 168.65847199895325 4.1092608485378133 3.9290435029006403 21.077757191284036 14.553740287130497 5.1374706924289049 4.5225145958793274 4.5164299623611441
leaf_count=84022 54050 2448 3779 3333 6790 1789 2487 4586
internal_value=-5.70983e-05 0.00635651 0.0738449 0.00387333 -0.000102531 -0.0313908 0.00336462 0.0565226
internal_weight=1719.14 226.505 8.0383 218.466 197.389 19.6912 177.697 9.03894
internal_count=163284 79262 6227 73035 69702 8579 61123 7073
is_linear=0
shrinkage=0.0750466


Tree=201
num_leaves=9
num_cat=0
split_feature=6 142 6 60 60 141 73 73
split_gain=1.80034 5.36717 2.83395 2.22134 3.3948 3.36608 2.78315 8.31009
threshold=289.50000000000006 105570.00000000001 322.50000000000006 1079.3350000000003 433.49500000000006 2.2850000000000006 9.5000000000000018 6.5000000000000009
decision_type=2 10 2 2 2 10 2 2
left_child=3 -2 -3 4 6 -5 7 -1
right_child=1 2 -4 5 -6 -7 -8 -9
leaf_value=-0.0016063094460995804 0.038345341612142092 0.024543958646703664 -0.016780136600569585 -0.023392081913830031 0.026279835547210643 0.023958435792721819 -0.010373356886582474 0.016030994539138886
leaf_weight=1246.7984514583277 26.541692332320963 13.382416023527183 30.990771981059879 47.673422273297547 27.137659047333727 10.278439867453924 145.60152853809996 171.10088587091923
leaf_count=66408 1267 2809 6072 11516 4970 4461 39654 26127
internal_value=-5.80266e-05 0.0116503 -0.00431729 -0.000561665 -3.58536e-05 -0.0149939 -0.000492615 0.000522021
internal_weight=1719.51 70.9149 44.3732 1648.59 1590.64 57.9519 1563.5 1417.9
internal_count=163284 10148 8881 153136 137159 15977 132189 92535
is_linear=0
shrinkage=0.0750466


Tree=202
num_leaves=9
num_cat=0
split_feature=7 149 149 74 141 107 7 109
split_gain=1.84705 7.78626 4.65957 6.74346 4.35441 5.10399 4.3251 4.47517
threshold=1655.0800000000002 489.50000000000006 3571.5000000000005 744.69000000000017 1.5250000000000001 12.500000000000002 2527.4600000000005 1.0000000180025095e-35
decision_type=2 8 8 2 8 2 2 2
left_child=-1 -2 6 -4 -5 -6 7 -3
right_child=1 2 3 4 5 -7 -8 -9
leaf_value=-0.0026090843741774904 -0.022336430535053433 0.0082693354466814219 0.026870040746039398 0.0074467499860331014 -9.4790495883427249e-05 -0.020803498491283597 0.0010511833565642989 0.029972540883726317
leaf_weight=827.92974846223115 66.765065758660057 130.10100507781317 44.187737581629335 126.76312169811172 149.08440725924447 121.78474894788451 161.94491152150658 90.890478691188036
leaf_count=95686 3793 2931 7361 16665 1263 9189 19923 6473
internal_value=-5.67109e-05 0.0023136 0.00430905 -0.000942422 -0.00403314 -0.00940558 0.010368 0.0171955
internal_weight=1719.45 891.521 824.756 441.82 397.632 270.869 382.936 220.991
internal_count=163284 67598 63805 34478 27117 10452 29327 9404
is_linear=0
shrinkage=0.0750466


Tree=203
num_leaves=9
num_cat=0
split_feature=33 32 115 22 151 127 151 127
split_gain=2.02907 5.25713 3.9568 2.06451 3.8499 3.7884 3.66325 3.91318
threshold=175039.38000000003 10.500000000000002 1.0000000180025095e-35 319.2050000000001 5.5000000000000009 510.50000000000006 13.500000000000002 2528.5000000000005
decision_type=2 2 8 2 10 8 10 10
left_child=3 2 -2 4 -1 -6 7 -7
right_child=1 -3 -4 -5 5 6 -8 -9
leaf_value=0.0009066607161959039 0.0090056022564610084 0.023321673640862406 -0.070109448284227868 -0.003026958177315063 0.047287945423867599 0.0030734713944150626 -0.019279718381613523 0.043418867183601807
leaf_weight=942.40607050806284 5.1175615023203154 9.7081350585176533 11.700139757698709 656.28068107170475 18.477271710973582 34.519832876394503 18.853725958826544 22.277178235097381
leaf_count=23870 3099 1286 5223 117944 1961 3594 3488 2819
internal_value=-5.59994e-05 -0.0206513 -0.046035 0.000266722 0.00235211 0.0168239 0.00938327 0.0188979
internal_weight=1719.34 26.5258 16.8177 1692.81 1036.53 94.128 75.6507 56.797
internal_count=163284 9608 8322 153676 35732 11862 9901 6413
is_linear=0
shrinkage=0.0750466


Tree=204
num_leaves=9
num_cat=0
split_feature=56 9 151 81 9 72 138 5
split_gain=1.81618 2.37558 3.60009 2.40908 2.22931 8.78617 7.16822 4.89525
threshold=11582.655000000002 389.19000000000005 2.5000000000000004 69044.115000000005 3165.5400000000004 3193.5000000000005 97358.630000000019 49.500000000000007
decision_type=2 2 8 2 2 2 8 2
left_child=4 -2 -3 -4 5 -1 -6 -8
right_child=1 2 3 -5 6 -7 7 -9
leaf_value=0.00052882381241293693 -0.062665579753654221 0.043313224858688604 -0.00032841507206017053 -0.063335698532607107 0.025062641898084111 -0.034347771705706298 0.009992929347735895 -0.062650735265642479
leaf_weight=1569.2297605499989 5.7028637059629572 5.5809397172106427 7.7634802729244239 6.1054570072037677 61.977761533906232 41.763841175983544 10.615736877676683 10.287247800983094
leaf_count=134290 2713 2324 3902 6094 8358 991 2225 2387
internal_value=-5.50495e-05 -0.0200729 -0.00758434 -0.0280658 0.0002422 -0.000375327 0.0122454 -0.0257581
internal_weight=1719.03 25.1527 19.4499 13.8689 1693.87 1610.99 82.8807 20.903
internal_count=163284 15033 12320 9996 148251 135281 12970 4612
is_linear=0
shrinkage=0.0750466


Tree=205
num_leaves=9
num_cat=0
split_feature=153 120 120 64 18 153 120 118
split_gain=1.9254 3.74242 5.48972 5.87122 5.31723 5.11302 5.01639 4.85157
threshold=475.06500000000005 182988.00000000003 253368.00000000003 16914.280000000002 252.93500000000003 7043.8650000000007 305273.25000000006 6499.9550000000008
decision_type=8 8 8 2 2 8 10 8
left_child=-1 4 5 -4 -2 -3 -5 -6
right_child=1 2 3 6 7 -7 -8 -9
leaf_value=0.00264363712297067 0.0037978476735440136 0.027379613499846567 -0.00029042804171502631 -0.0024359508589155802 -0.036751641006243042 -0.014628076744435005 -0.065482935202872503 -0.0094258908633753202
leaf_weight=798.1457511599292 102.74084272518667 70.839464039785526 525.24710068139029 13.645309323575932 52.669549747482961 21.202821972539823 14.834836909063595 119.88664394611624
leaf_count=35930 4293 14811 46451 3716 15415 4323 11562 26783
internal_value=-5.42939e-05 -0.00239217 0.000731199 -0.00208986 -0.00971873 0.0177027 -0.0352761 -0.0177666
internal_weight=1719.21 921.067 645.77 553.727 275.297 92.0423 28.4801 172.556
internal_count=163284 127354 80863 61729 46491 19134 15278 42198
is_linear=0
shrinkage=0.0750466


Tree=206
num_leaves=9
num_cat=0
split_feature=33 33 23 112 112 112 108 38
split_gain=1.76338 3.35496 1.91291 2.793 3.58665 3.47799 2.64141 2.41805
threshold=175039.38000000003 453889.19500000007 2.5000000000000004 95013.000000000015 444316.4150000001 720815.33500000008 1.0000000180025095e-35 1.0000000180025095e-35
decision_type=2 2 2 8 10 10 2 2
left_child=2 -2 6 -4 -5 -6 7 -1
right_child=1 -3 3 4 5 -7 -8 -9
leaf_value=0.001058619035944384 -0.036452012465979733 0.023349258491728 -0.032183155411727095 0.005274266030361895 -0.052055593471442591 0.00098931360782135414 0.021536673873156595 -0.015281859833390376
leaf_weight=1480.1489809054619 18.594512568759459 7.3808233267000096 23.20067258484778 74.283785062940296 14.335875256150759 13.533227970350707 34.354651860754529 52.823485370376147
leaf_count=118486 7206 2402 2022 6751 2272 2955 4074 17116
internal_value=-5.44991e-05 -0.0194596 0.000243286 -0.00867747 -0.00333893 -0.026297 0.000956761 0.000495555
internal_weight=1718.66 25.9753 1692.68 125.354 102.153 27.8691 1567.33 1532.97
internal_count=163284 9608 153676 14000 11978 5227 139676 135602
is_linear=0
shrinkage=0.0750466


Tree=207
num_leaves=9
num_cat=0
split_feature=8 21 25 25 118 148 113 22
split_gain=1.87098 3.87821 3.43103 5.35228 2.9408 2.0854 5.04002 2.27217
threshold=-8804.7999999999975 1.0000000180025095e-35 1.0000000180025095e-35 2376.4950000000003 603.7750000000002 5.9250000000000007 -624.49999999999989 -1525.53
decision_type=2 2 2 2 10 10 8 2
left_child=1 -1 -3 -4 -5 7 -7 -2
right_child=5 2 3 4 -6 6 -8 -9
leaf_value=0.045870170514082639 0.0020681621582649729 -0.0070390256021688295 0.084344643797816546 0.022486831956727453 -0.038130492098010067 -0.0099088016759627182 0.056924068444832013 -0.003626539480931102
leaf_weight=14.406142495703532 727.71191155644919 57.211223789108772 6.5246012249081131 18.754390536181749 5.9335686371232432 13.937930961503296 11.680825799376182 862.04863721504262
leaf_count=680 24355 4276 1281 6869 3537 3421 3351 115514
internal_value=-5.2684e-05 0.00976265 0.00387996 0.023894 0.00791791 -0.000677497 0.0205635 -0.00101979
internal_weight=1718.21 102.83 88.4238 31.2126 24.688 1615.38 25.6188 1589.76
internal_count=163284 16643 15963 11687 10406 146641 6772 139869
is_linear=0
shrinkage=0.0750466


Tree=208
num_leaves=9
num_cat=0
split_feature=11 123 113 48 138 113 138 105
split_gain=1.94752 4.80768 3.97257 3.95327 8.18776 13.0248 6.66488 3.86926
threshold=18.395000000000003 19.500000000000004 -1263.4999999999998 1.0000000180025095e-35 1513.9350000000002 -501.99999999999994 19815.575000000004 1.0000000180025095e-35
decision_type=2 10 10 2 10 10 8 2
left_child=2 3 -1 7 -5 -6 -7 -2
right_child=1 -3 -4 4 5 6 -8 -9
leaf_value=-0.0076409872907038986 -4.3313548820417885e-06 -0.021516892884741064 0.0049693999360114084 0.053686459403986919 -0.013488483000563083 0.10066435211819164 0.0085833723031153997 0.017537106548442951
leaf_weight=416.13329623342361 865.31438159970548 47.359265828465141 212.56058229411792 25.654373382967606 55.62520317857161 10.030775464507313 7.9244956243474034 77.133447887294096
leaf_count=7583 95252 6944 5541 1550 12115 1431 3763 29105
internal_value=-5.16332e-05 0.00186832 -0.00337743 0.00293151 0.017179 0.00445038 0.0600247 0.00143133
internal_weight=1717.74 1089.04 628.694 1041.68 99.2348 73.5805 17.9553 942.448
internal_count=163284 150160 13124 143216 18859 17309 5194 124357
is_linear=0
shrinkage=0.0750466


Tree=209
num_leaves=9
num_cat=0
split_feature=11 8 153 149 147 27 8 81
split_gain=1.84265 1.97742 3.83386 4.83785 3.76601 3.52796 9.25407 8.64213
threshold=-1.0000000180025095e-35 -1.0000000180025095e-35 3489.6750000000006 1714.5000000000002 -10789.794999999998 15.500000000000002 6800.3600000000015 227284.42000000001
decision_type=2 2 10 10 10 2 2 2
left_child=-1 2 3 -2 -4 -3 -7 -8
right_child=1 5 4 -5 -6 6 7 -9
leaf_value=-0.014378772344338677 0.0029551853392091047 -0.0015490779143386127 -0.013838305949138081 0.030128658791628279 0.034936957548246814 0.055168293271085606 -0.011831575888729576 0.087082909939618439
leaf_weight=49.119055918303275 94.480911266546173 1361.9581751921141 64.594333908373301 60.546340662964212 10.34304064043681 22.728140182882271 49.113895308762039 5.5353145044919065
leaf_count=5665 7094 95240 16322 6316 849 5545 20786 5467
internal_value=-5.25919e-05 0.000368955 0.00683091 0.0135679 -0.00710622 -0.00066348 0.0149244 -0.00181272
internal_weight=1718.42 1669.3 229.965 155.027 74.9374 1439.34 77.3773 54.6492
internal_count=163284 157619 30581 13410 17171 127038 31798 26253
is_linear=0
shrinkage=0.0750466


Tree=210
num_leaves=9
num_cat=0
split_feature=135 22 150 5 120 24 5 24
split_gain=1.79082 2.12095 3.64845 3.61946 3.6112 4.76113 3.25774 3.14939
threshold=-136.99999999999997 239470.10500000001 12306.960000000001 38.500000000000007 126684.00000000001 1.5000000000000002 36.500000000000007 1.0000000180025095e-35
decision_type=10 2 10 2 8 2 2 2
left_child=1 7 3 -3 -5 -6 -4 -1
right_child=-2 2 6 4 5 -7 -8 -9
leaf_value=-0.001108295237660904 -0.019345146279629247 -0.045364891679888206 0.037246433328239653 0.053861648284992819 0.023359789200712969 -0.045413234159484506 -0.067910408042201525 0.006626582769280541
leaf_weight=1251.7313059789121 26.678140049334615 9.0612771257001423 1.9835743089734013 7.5049096910806865 13.262952763790965 9.9021528630055382 10.146741889132498 388.48063129831644
leaf_count=43304 2162 3361 1987 2160 1880 5522 11710 91198
internal_value=-5.29313e-05 0.00025124 -0.0146909 -0.00369246 0.00861942 -0.00603792 -0.0507149 0.000723694
internal_weight=1718.75 1692.07 51.8616 39.7313 30.67 23.1651 12.1303 1640.21
internal_count=163284 161122 26620 12923 9562 7402 13697 134502
is_linear=0
shrinkage=0.0750466


Tree=211
num_leaves=9
num_cat=0
split_feature=46 137 71 116 97 85 80 119
split_gain=1.80108 6.06261 3.7339 2.1088 2.00364 6.08735 4.74974 2.72531
threshold=1.0000000180025095e-35 2950.8750000000005 1.0000000180025095e-35 400.57500000000005 147.50000000000003 20560.050000000003 2.5000000000000004 11.705000000000002
decision_type=2 8 2 8 2 2 2 8
left_child=4 -2 -3 -4 -1 6 -6 -7
right_child=1 2 3 -5 5 7 -8 -9
leaf_value=0.00011359425635445428 0.015781096372390252 -0.050726702540586692 0.0067751258381384951 -0.027037026126128828 0.032993145252589569 0.030705601533503803 -0.024973081912985872 0.11576365487355943
leaf_weight=1583.8016363585702 33.143896862246038 19.943695941576152 19.485290328735573 22.252011086249695 14.905967203460024 4.2140063795377474 17.087814437680208 4.2724644761492536
leaf_count=131448 2019 11767 2089 2792 3433 2524 5218 1994
internal_value=-5.19363e-05 -0.0101054 -0.0240154 -0.0112516 0.000534981 0.0170219 0.0020335 0.0735276
internal_weight=1719.11 94.8249 61.681 41.7373 1624.28 40.4803 31.9938 8.48647
internal_count=163284 18667 16648 4881 144617 13169 8651 4518
is_linear=0
shrinkage=0.0750466


Tree=212
num_leaves=9
num_cat=0
split_feature=82 149 140 5 147 51 16 135
split_gain=1.88966 10.532 4.99049 2.49056 7.96972 6.89395 12.4075 15.2698
threshold=6.5000000000000009 4894.5000000000009 71394.165000000023 43.500000000000007 -1305.0149999999996 1.0000000180025095e-35 -176.96999999999997 -1840.4999999999998
decision_type=2 8 8 2 10 2 2 10
left_child=3 -2 -3 4 5 6 -1 -8
right_child=1 2 -4 -5 -6 -7 7 -9
leaf_value=0.00095679326446277877 -0.035355655125150834 0.084625418751532025 0.00061309272954068229 -0.0021114599320347935 -0.017457097383321487 -0.017740506206455415 -0.0047882812893542395 0.038779322120162142
leaf_weight=362.91221763939393 38.161623857333325 6.9955965860863216 9.2444713368677203 952.51112493986875 87.494259243947454 58.755921775935349 68.267717755799822 134.70957423153595
leaf_count=10118 15948 4025 1597 79585 3637 38035 2380 7959
internal_value=-5.1312e-05 -0.0138149 0.0368024 0.000398491 0.00375564 0.00672691 0.00926734 0.0241262
internal_weight=1719.05 54.4017 16.2401 1664.65 712.14 624.645 565.89 202.977
internal_count=163284 21570 5622 141714 62129 58492 20457 10339
is_linear=0
shrinkage=0.0750466


Tree=213
num_leaves=9
num_cat=0
split_feature=50 134 74 96 134 147 73 73
split_gain=1.62711 1.58691 1.54288 1.37022 6.31649 4.10035 4.29474 5.32498
threshold=1.0000000180025095e-35 47506.500000000007 513.96500000000015 1.0000000180025095e-35 80233.200000000012 -2974.2299999999996 6.5000000000000009 8.5000000000000018
decision_type=2 10 2 2 8 8 2 2
left_child=3 -2 -3 -1 5 6 -5 -8
right_child=1 2 -4 4 -6 -7 7 -9
leaf_value=-0.0020473664551811338 0.014514563464176535 0.0079698990045721906 -0.038832178808566521 -0.009941052761760787 -0.00053685253243068243 0.030228010033048099 0.057087564971773405 -0.0015469774056229063
leaf_weight=786.1295709394326 6.5447239298082449 5.2158225890980274 16.568738100030714 46.169435185744078 756.8874318837843 66.583293663126824 15.864448779779194 19.378489380287647
leaf_count=41875 225 1905 8905 4557 95152 3300 2420 4945
internal_value=-5.42514e-05 -0.0178909 -0.0276265 0.000244564 0.00223571 0.0164153 0.00511853 0.0248471
internal_weight=1719.34 28.3293 21.7846 1691.01 904.883 147.996 81.4124 35.2429
internal_count=163284 11035 10810 152249 110374 15222 11922 7365
is_linear=0
shrinkage=0.0750466


Tree=214
num_leaves=9
num_cat=0
split_feature=107 16 58 58 138 16 82 142
split_gain=1.82885 11.412 11.8233 5.70309 6.26959 5.15937 4.76352 3.69405
threshold=12.500000000000002 -4047.3549999999991 4177.2050000000008 7157.0650000000014 54590.010000000002 -2764.8049999999994 1.0000000180025095e-35 238705.50000000003
decision_type=2 2 2 2 10 2 2 8
left_child=5 2 6 -4 -5 -1 -2 -7
right_child=1 -3 3 4 -6 7 -8 -9
leaf_value=0.009802258811700831 -0.019850896310013209 0.0017043051230085935 0.061595290329383379 -0.037237949311332216 0.042918044005659538 0.0046917322662904451 -0.05110584015753581 -0.01251683459435006
leaf_weight=319.99638635874726 131.53113986589597 916.89680315644819 12.765859851067942 12.272527205561348 9.95269435283444 137.02777881792281 34.710709710816445 144.17186143621802
leaf_count=2652 6765 134462 2284 1922 3422 2420 6908 2449
internal_value=-5.28033e-05 -0.00184755 -0.0180312 0.0216187 -0.00134323 0.00328513 -0.0263768 -0.00413115
internal_weight=1719.33 1118.13 201.233 34.9911 22.2252 601.196 166.242 281.2
internal_count=163284 155763 21301 7628 5344 7521 13673 4869
is_linear=0
shrinkage=0.0750466


Tree=215
num_leaves=9
num_cat=0
split_feature=127 97 127 113 81 16 11 149
split_gain=1.59619 3.24834 2.38594 5.06693 7.08151 6.21085 4.80756 4.87669
threshold=145.50000000000003 3.5000000000000004 1221.5000000000002 -1079.9999999999998 1.0000000180025095e-35 -4047.3549999999991 1.0000000180025095e-35 1189.5000000000002
decision_type=8 2 8 10 2 2 2 10
left_child=1 -1 3 5 -5 6 -2 -8
right_child=2 -3 -4 4 -6 -7 7 -9
leaf_value=0.0074412981981252938 -0.029481001549005903 -0.036457169054950715 -0.0014637741514262103 0.039899712991935038 -0.0053744131727811737 0.0080238661503574706 -0.014934458577918254 0.024173525272598341
leaf_weight=18.358051024435554 53.108920913149632 19.660354386684048 1213.5900376389964 48.901849715235585 32.315522701353984 256.45145684649833 47.241953904089314 28.970233910149545
leaf_count=1681 902 3398 117625 1896 5155 26169 4298 2160
internal_value=-5.36917e-05 -0.0152598 0.000290304 0.00484871 0.0218856 0.0012619 -0.0121475 -6.84972e-05
internal_weight=1718.6 38.0184 1680.58 466.99 81.2174 385.773 129.321 76.2122
internal_count=163284 5079 158205 40580 7051 33529 7360 6458
is_linear=0
shrinkage=0.0750466


Tree=216
num_leaves=9
num_cat=0
split_feature=135 74 5 5 73 5 125 31
split_gain=1.70382 2.96168 7.08912 2.95778 2.67976 4.26122 2.20728 3.63524
threshold=-532.49999999999989 1213.8100000000002 44.500000000000007 59.500000000000007 4.5000000000000009 51.500000000000007 -28173.074999999993 18195.095000000005
decision_type=10 2 2 2 2 2 8 2
left_child=6 4 -3 -4 -2 -6 -1 -8
right_child=1 2 3 -5 5 -7 7 -9
leaf_value=-0.020332975954933878 -0.0061662761617245253 0.031151764497020683 -0.030472885708593335 0.003303387793485618 -0.065688888679681048 -0.0016841292586961783 0.00054738659318631308 0.028708616438308628
leaf_weight=27.741970611403303 27.69595692056464 28.508456542271233 30.836011848641647 27.735073477121659 14.741082383583491 9.7218890999902197 1525.5196489348637 26.26053517056971
leaf_count=8892 2157 2446 3717 3343 4454 2424 127424 8427
internal_value=-5.26875e-05 -0.00801095 0.00045988 -0.0144789 -0.022153 -0.0402526 0.000648852 0.00102395
internal_weight=1718.76 139.238 87.0795 58.5711 52.1589 24.463 1579.52 1551.78
internal_count=163284 18541 9506 7060 9035 6878 144743 135851
is_linear=0
shrinkage=0.0750466


Tree=217
num_leaves=9
num_cat=0
split_feature=21 16 33 16 134 32 116 22
split_gain=1.9281 5.06766 4.27438 4.46039 6.49357 4.79736 4.28782 3.5315
threshold=1.0000000180025095e-35 -1222.1199999999997 17595.285000000003 -6095.0899999999992 692430.67000000016 1.0000000180025095e-35 -1.0000000180025095e-35 319.2050000000001
decision_type=2 2 2 2 8 2 8 2
left_child=1 -1 3 4 -2 6 -5 -8
right_child=2 -3 -4 5 -6 -7 7 -9
leaf_value=0.022136736032201641 -0.017450445099420498 -0.0029164452768243952 -0.020157621201336538 -0.020719737057627689 0.0039199224439481406 0.032166964883969633 0.0066200383866982402 -0.0020194735641984323
leaf_weight=75.69783402045141 179.01772573018388 113.88004721486504 62.497009672320928 47.673023547566117 144.89491055902909 29.098992119157629 531.0321164145862 534.84637777843272
leaf_count=818 8203 4983 28392 3286 2011 3986 16795 94810
internal_value=-5.15388e-05 0.00708721 -0.000936624 -0.000117529 -0.0078909 0.00208603 0.00129996 0.00228482
internal_weight=1718.64 189.578 1529.06 1466.56 323.913 1142.65 1113.55 1065.88
internal_count=163284 5801 157483 129091 10214 118877 114891 111605
is_linear=0
shrinkage=0.0750466


Tree=218
num_leaves=9
num_cat=0
split_feature=10 8 10 129 18 82 141 10
split_gain=1.76484 3.71759 2.89497 6.09993 6.16867 8.20593 5.09994 5.06157
threshold=-3005.3049999999998 -8804.7999999999975 -4315.5249999999987 4.5000000000000009 9395.760000000002 3.5000000000000004 10.535000000000002 -5498.3249999999989
decision_type=2 2 2 8 2 2 8 2
left_child=2 -2 3 4 -1 -6 7 -5
right_child=1 -3 -4 6 5 -7 -8 -9
leaf_value=0.074939636529195788 0.018846197634571907 -0.00020582083847147704 -0.026756140584114053 -0.070827404800049398 -0.075786645093203042 0.076474135922698111 0.031898878569408623 0.0033340744174329561
leaf_weight=10.040788371272358 59.875721452979633 1574.4008195749811 35.963426587730282 12.091116554002841 4.8146012798351858 3.4021472023632668 7.8165184451017913 9.0720047545764828
leaf_count=1600 6660 130032 10636 4656 2797 2723 1644 2536
internal_value=-5.06021e-05 0.000492196 -0.0107126 0.00150198 0.0354783 -0.012743 -0.0199035 -0.0390366
internal_weight=1717.48 1634.28 83.2006 47.2372 18.2575 8.21675 28.9796 21.1631
internal_count=163284 136692 26592 15956 7120 5520 8836 7192
is_linear=0
shrinkage=0.0750466


Tree=219
num_leaves=9
num_cat=0
split_feature=80 64 64 120 84 64 113 113
split_gain=1.64547 5.84689 5.98947 7.82096 5.16507 5.10166 5.06648 5.7465
threshold=2.5000000000000004 1.0000000180025095e-35 13076.395000000002 154836.00000000003 1.0000000180025095e-35 1745.0100000000002 -379.49999999999994 -593.49999999999989
decision_type=2 2 2 8 2 2 10 8
left_child=5 6 3 -3 -5 -1 7 -2
right_child=1 2 -4 4 -6 -7 -8 -9
leaf_value=0.00034758387176207973 0.002727694827547904 0.0023594164652200322 -0.0027565957182860562 0.08047260432982975 0.025366104485725398 -0.015554061091840765 0.035752245394025398 -0.031981658013678686
leaf_weight=1353.1035824539849 69.839971233581309 27.849285637475987 45.298784466993311 20.387483304370107 18.069313529846113 124.04594288183034 15.023760612966724 43.656706399910036
leaf_count=70025 12383 6965 18430 4297 7174 36427 2390 5193
internal_value=-5.11625e-05 0.00571052 0.0182772 0.0326469 0.0545803 -0.000987782 -0.00520212 -0.0106233
internal_weight=1717.27 240.125 111.605 66.3061 38.4568 1477.15 128.52 113.497
internal_count=163284 56832 36866 18436 11471 106452 19966 17576
is_linear=0
shrinkage=0.0750466


Tree=220
num_leaves=9
num_cat=0
split_feature=82 149 147 81 82 82 150 97
split_gain=1.68831 9.2102 4.03661 4.47311 2.33429 2.50441 2.75886 2.17496
threshold=6.5000000000000009 4894.5000000000009 -7681.6749999999993 120485.42000000003 8.5000000000000018 14.500000000000002 9483.6900000000023 147.50000000000003
decision_type=2 8 8 2 2 2 10 2
left_child=7 4 3 -3 -2 6 -6 -1
right_child=1 2 -4 -5 5 -7 -8 -9
leaf_value=-2.0654184245381321e-05 -0.056713366313855373 0.014565872510398006 0.002357080389877884 0.13574624061196761 -0.029963551714900047 -0.062445714755577364 0.032339195653242288 0.019160946792002899
leaf_weight=1629.4551980061397 15.135160211682885 3.3207544316865096 9.9376685101306084 3.5490794706838642 9.5131208692764684 5.4529138431880702 6.9108861408440125 33.986713508567846
leaf_count=131991 6315 1903 936 2783 3037 2656 3940 9723
internal_value=-5.2002e-05 -0.0131339 0.0329358 0.0771698 -0.0340546 -0.0183785 -0.00374783 0.000371256
internal_weight=1717.26 53.8196 16.8075 6.86983 37.0121 21.8769 16.424 1663.44
internal_count=163284 21570 5622 4686 15948 9633 6977 141714
is_linear=0
shrinkage=0.0750466


Tree=221
num_leaves=9
num_cat=0
split_feature=134 112 16 18 16 112 112 73
split_gain=1.57253 2.95906 3.21554 3.94709 2.51211 2.40882 4.98065 8.06113
threshold=1378588.4800000002 720815.33500000008 -1222.1199999999997 47704.010000000009 -118.94499999999998 228031.20000000004 190026.00000000003 6.5000000000000009
decision_type=10 10 2 2 2 10 10 2
left_child=1 5 -3 -4 -2 6 -1 -8
right_child=4 2 3 -5 -6 -7 7 -9
leaf_value=-0.00028140102625765965 -0.043699411360255458 -0.0041255644673199839 0.038895153491225132 -0.012975679485435383 0.0053707621482981666 -0.0067796848030164999 0.0054647489270212785 0.061560129419258203
leaf_weight=1256.5179973107479 11.831311853949957 31.268742459940768 35.948610586016002 10.727710696995926 11.672855535926827 281.63693924659856 58.470341598025698 19.154370288702921
leaf_count=95510 1328 3519 4088 7994 3221 38595 4356 4673
internal_value=-5.16104e-05 0.000215916 0.0144977 0.0269736 -0.0193297 -0.000473037 0.000858293 0.0193066
internal_weight=1717.23 1693.72 77.9451 46.6763 23.5042 1615.78 1334.14 77.6247
internal_count=163284 158735 15601 12082 4549 143134 104539 9029
is_linear=0
shrinkage=0.0750466


Tree=222
num_leaves=9
num_cat=0
split_feature=57 151 122 83 83 150 146 147
split_gain=1.58189 7.14833 4.194 2.49462 7.89191 2.03668 1.81407 3.53559
threshold=6.5000000000000009 9.5000000000000018 inf 14077.235000000002 53371.560000000005 39666.395000000011 1.0000000180025095e-35 -31205.244999999999
decision_type=2 8 8 2 2 8 10 10
left_child=6 -2 3 -3 -5 -4 -1 -8
right_child=1 2 5 4 -6 -7 7 -9
leaf_value=-0.0010303112901048593 0.064784947868922027 -0.058996247626146851 0.038343335659625596 0.086310138433361883 -0.075432975693831172 -0.010330633779425584 -0.019434122177880687 0.017274258625422988
leaf_weight=1578.4885010319604 11.560061533311453 8.7267906880915671 12.4065597989902 3.2442484722887448 3.5670248743854245 7.9402769948774248 18.530447281560555 72.95800183256506
leaf_count=135288 2368 3298 3101 1861 2946 3232 4071 7119
internal_value=-5.09316e-05 0.0134617 -0.00307168 -0.0324305 0.0016062 0.0193485 -0.000434834 0.00983919
internal_weight=1717.42 47.445 35.8849 15.5381 6.81127 20.3468 1669.98 91.4884
internal_count=163284 16806 14438 8105 4807 6333 146478 11190
is_linear=0
shrinkage=0.0750466


Tree=223
num_leaves=9
num_cat=0
split_feature=7 8 151 8 96 112 153 153
split_gain=1.89622 6.79146 7.17321 5.63061 13.9722 4.07452 3.28444 4.25414
threshold=1655.0800000000002 29166.560000000001 6.5000000000000009 16678.810000000001 1.0000000180025095e-35 57007.80000000001 3853.3050000000007 1.0000000180025095e-35
decision_type=2 2 8 2 2 8 8 10
left_child=1 -1 -3 4 -2 -5 7 -6
right_child=3 2 -4 5 6 -7 -8 -9
leaf_value=-0.0038113563712326702 -0.0036231153964264157 -0.01742579123978915 0.067805839964548115 0.020405275374983312 0.013834806484573829 -0.0051743849213767238 0.0056176649143111768 0.040389590725106374
leaf_weight=803.59569929355348 226.47803637744801 8.7565840039533231 15.240329597681919 38.086053805178381 56.819999005107093 443.02139631410682 41.128910109662684 84.51603266841812
leaf_count=89202 4473 2662 3822 3544 1301 49553 3596 5131
internal_value=-5.06796e-05 -0.00263656 0.0367044 0.00235374 0.00882801 -0.00314941 0.0242825 0.029714
internal_weight=1717.64 827.593 23.9969 890.05 408.943 481.107 182.465 141.336
internal_count=163284 95686 6484 67598 14501 53097 10028 6432
is_linear=0
shrinkage=0.0750466


Tree=224
num_leaves=9
num_cat=0
split_feature=63 145 112 151 128 112 71 63
split_gain=1.86601 6.26114 6.82234 8.41226 8.37142 5.24118 4.39173 5.54656
threshold=4.5000000000000009 12.500000000000002 139352.40000000002 16.500000000000004 1.0000000180025095e-35 431161.07000000001 1.0000000180025095e-35 6.5000000000000009
decision_type=2 10 10 8 10 10 2 2
left_child=-1 2 6 4 5 -4 7 -2
right_child=1 -3 3 -5 -6 -7 -8 -9
leaf_value=-0.00058019605768479233 -0.022434333315285118 -0.064205135314747461 0.11651018086236024 -0.02911551243118498 -0.0059449636923345588 0.034480089170637461 -0.027698854172411289 0.070044382220879622
leaf_weight=1642.4336833918769 6.9702407175718673 5.6843899125960879 12.421585801366751 7.4063106428766323 7.5023495979803547 6.7818054176905198 20.655364129885129 7.6739698460114596
leaf_count=131763 3409 2249 5171 4437 4925 4418 2909 4003
internal_value=-5.12631e-05 0.0115171 0.0177183 0.0416521 0.0612781 0.0875407 -0.00541038 0.0260271
internal_weight=1717.53 75.096 69.4116 34.1121 26.7057 19.2034 35.2996 14.6442
internal_count=163284 31521 29272 18951 14514 9589 10321 7412
is_linear=0
shrinkage=0.0750466


Tree=225
num_leaves=9
num_cat=0
split_feature=7 12 145 102 58 113 113 12
split_gain=1.79435 9.53913 6.85538 4.12195 3.61473 4.98795 9.34045 4.24862
threshold=2050.3150000000005 4.5000000000000009 19.500000000000004 1.0000000180025095e-35 2721.1550000000007 -1263.4999999999998 -593.49999999999989 6.5000000000000009
decision_type=2 2 10 2 2 10 10 2
left_child=-1 -2 3 4 5 7 -7 -3
right_child=1 2 -4 -5 -6 6 -8 -9
leaf_value=-0.0018814849553400158 0.031905413185161303 -0.001787668958211345 0.033042235736162086 -0.033131459710457632 0.013178392547357446 0.02269638184674103 -0.011331173104570371 -0.022090034923687388
leaf_weight=1095.3446854143767 58.885326880088542 133.07144274955499 33.583511810922573 22.808126900741627 89.38946717784529 92.016201996804739 89.742696663624884 102.973607053249
leaf_count=106086 464 3874 4246 2079 24413 6579 7384 8159
internal_value=-5.305e-05 0.0031644 0.000161438 -0.00192205 -0.000518587 -0.00344907 0.00589542 -0.0106445
internal_weight=1717.82 622.47 563.585 530.002 507.193 417.804 181.759 236.045
internal_count=163284 57198 56734 52488 50409 25996 13963 12033
is_linear=0
shrinkage=0.0750466


Tree=226
num_leaves=9
num_cat=0
split_feature=24 94 10 137 24 52 24 12
split_gain=1.7399 6.24864 5.03201 4.47334 6.34424 8.14864 3.7707 8.99316
threshold=8.5000000000000018 1.0000000180025095e-35 -109.73499999999999 5971.2200000000012 10.500000000000002 1.0000000180025095e-35 1.0000000180025095e-35 6.5000000000000009
decision_type=2 2 2 8 2 2 2 2
left_child=6 3 -3 4 -2 -6 -1 -8
right_child=1 2 -4 -5 5 -7 7 -9
leaf_value=-0.0011833633602647143 -0.051502839055209797 0.059881334839274505 -0.015015835657613334 -0.029119529438370578 0.050848679659996787 -0.039048085619587412 0.022930635719575192 -0.0030136883055102829
leaf_weight=1292.2310152186546 8.5973647853970743 12.050243817822777 8.6993298520465014 61.428389969325508 18.14789899332391 8.2651440858899132 131.30147125096119 176.25804534405142
leaf_count=48497 1593 4236 1794 41641 1699 5891 12790 45143
internal_value=-5.24633e-05 -0.0088792 0.0284804 -0.0169174 0.00449209 0.0227183 0.000594116 0.00806231
internal_weight=1716.98 117.188 20.7496 96.4388 35.0104 26.413 1599.79 307.56
internal_count=163284 56854 6030 50824 9183 7590 106430 57933
is_linear=0
shrinkage=0.0750466


Tree=227
num_leaves=9
num_cat=0
split_feature=27 8 151 107 11 28 55 120
split_gain=1.77169 4.77245 6.48421 5.67276 6.43749 9.32143 8.50821 8.83043
threshold=2.5000000000000004 6800.3600000000015 1.5000000000000002 153.50000000000003 740.22000000000014 16530.325000000001 1.0000000180025095e-35 211140.00000000003
decision_type=2 2 10 2 2 2 2 10
left_child=-1 2 -2 -3 5 -5 7 -6
right_child=1 3 -4 4 6 -7 -8 -9
leaf_value=0.0016649251090938373 -0.019021708872902259 -0.014051453268837916 0.0091238049655335638 0.054538306545261282 0.18452251219973095 -0.075654631704761777 -0.00030909264698041668 0.039870197262890893
leaf_weight=1138.4819914039435 57.740844484807894 257.03077019980083 228.66398777743052 5.133361234853508 3.7479738258844026 7.8083368298757705 12.009065636289959 6.4967674184463249
leaf_count=39151 8023 49840 39727 1914 2032 4817 13187 4593
internal_value=-5.36269e-05 -0.00343495 0.00344951 -0.0101823 0.0180742 -0.0240132 0.0425501 0.0927903
internal_weight=1717.11 578.631 286.405 292.226 35.1955 12.9417 22.2538 10.2447
internal_count=163284 124133 47750 76383 26543 6731 19812 6625
is_linear=0
shrinkage=0.0750466


Tree=228
num_leaves=9
num_cat=0
split_feature=111 39 137 8 8 149 151 137
split_gain=1.49978 2.33737 2.46197 4.28489 2.32924 4.11366 7.09019 4.16791
threshold=1.0000000180025095e-35 351900.43000000005 106262.51500000001 51557.755000000012 -8804.7999999999975 636.50000000000011 3.5000000000000004 31032.320000000003
decision_type=10 2 10 2 2 8 8 8
left_child=1 2 4 -4 5 -1 -7 -8
right_child=-2 -3 3 -5 -6 6 7 -9
leaf_value=0.047033506694009498 0.011667652394609821 -0.022668143034664145 -0.0038901373310731772 -0.073752728489183655 -0.00047635390930210589 -0.027683803348508344 0.053675990139942002 0.0072008668182354406
leaf_weight=15.478062394318838 59.332878040862852 26.304263940506644 17.289582505858565 6.9246580385997722 1511.6693431899403 25.702768624745659 15.095266991680548 38.805542959093145
leaf_count=2340 565 10182 6063 3276 129232 3381 1984 6261
internal_value=-5.58838e-05 -0.000475605 -0.000117683 -0.0238691 0.000240258 0.0116334 0.00475025 0.0202165
internal_weight=1716.6 1657.27 1630.97 24.2142 1606.75 95.0816 79.6036 53.9008
internal_count=163284 162719 152537 9339 143198 13966 11626 8245
is_linear=0
shrinkage=0.0750466


Tree=229
num_leaves=9
num_cat=0
split_feature=0 113 142 5 5 16 16 0
split_gain=1.63095 4.7863 4.68629 2.28005 4.8922 6.8569 4.60725 4.25103
threshold=15842220.000000002 -1171.4999999999998 119646.00000000001 61.500000000000007 67.500000000000014 -2764.8049999999994 -176.96999999999997 28166114.000000004
decision_type=2 8 10 2 2 2 2 2
left_child=1 -1 -3 -2 5 -5 -7 -6
right_child=3 2 -4 4 7 6 -8 -9
leaf_value=-0.039021868434837507 -0.00069117016138482723 0.016152582101201216 -0.015498799683516543 0.041847638904306185 0.012438535120778157 -0.017616049585230272 0.017774827703293274 -0.014132099181095235
leaf_weight=23.213151732859842 1312.6913249875906 47.454195939739293 59.22675810185774 42.827316391885688 58.340514283354423 31.786776020657271 59.486257549418951 80.988646383641026
leaf_count=3248 128593 2327 10754 1229 4559 1585 6713 4276
internal_value=-5.46591e-05 -0.00813937 -0.00141952 0.000607432 0.00684181 0.0170739 0.00544959 -0.00300633
internal_weight=1716.01 129.894 106.681 1586.12 273.43 134.1 91.273 139.329
internal_count=163284 16329 13081 146955 18362 9527 8298 8835
is_linear=0
shrinkage=0.0750466


Tree=230
num_leaves=9
num_cat=0
split_feature=6 12 113 8 27 113 27 107
split_gain=1.68653 2.77843 5.06217 4.31757 1.88089 4.61975 3.67295 6.39928
threshold=289.50000000000006 6.5000000000000009 -927.99999999999989 23206.245000000003 32.500000000000007 -1355.4999999999998 23.500000000000004 66.500000000000014
decision_type=2 2 10 2 2 10 2 2
left_child=4 -2 -3 -4 6 -6 -1 -8
right_child=1 2 3 -5 5 -7 7 -9
leaf_value=-0.00072099684152184635 0.027899750942041841 -0.040980217134670587 0.041186977302245485 -0.020446174634094129 0.026569707951214789 -0.042035982289048819 0.090314855729134683 0.0074525143612237379
leaf_weight=1587.9145457519589 31.488211635922198 12.711025691014582 16.023424126939066 10.660050683338339 8.0302458622991271 17.739496384783706 6.6978873594489441 24.265367598300145
leaf_count=130019 1283 2110 2615 4140 3008 9020 471 10618
internal_value=-5.35395e-05 0.0112808 -0.00200285 0.0165645 -0.000542037 -0.0206574 -0.000221836 0.0253771
internal_weight=1715.53 70.8827 39.3945 26.6835 1644.65 25.7697 1618.88 30.9633
internal_count=163284 10148 8865 6755 153136 12028 141108 11089
is_linear=0
shrinkage=0.0750466


Tree=231
num_leaves=9
num_cat=0
split_feature=21 102 22 96 4 22 73 31
split_gain=1.62414 4.38953 3.86486 2.74871 1.97523 2.22465 3.04142 5.66138
threshold=1.0000000180025095e-35 1.0000000180025095e-35 -1525.53 1.0000000180025095e-35 1.5000000000000002 319.2050000000001 6.5000000000000009 4336.1750000000011
decision_type=2 2 2 2 2 2 2 2
left_child=2 4 -1 -4 5 -2 7 -7
right_child=1 -3 3 -5 -6 6 -8 -9
leaf_value=0.018119820660410964 0.0027319937253885707 -0.024947254160849332 -0.015317674739709216 0.0092719243202348152 -0.016370760912665882 -0.0050965742343796064 0.0038085069711522534 -0.045109411871563823
leaf_weight=87.112135923031019 849.57863666253979 41.474787611832653 52.736754389734415 49.760747953579994 41.327077040339645 354.91697383232713 217.44651032088768 21.099154366398579
leaf_count=870 34342 4688 2071 2860 1951 41122 69997 5383
internal_value=-5.28427e-05 -0.000866851 0.00649772 -0.00337985 -0.00019402 0.000269264 -0.00325629 -0.00734179
internal_weight=1715.45 1525.84 189.61 102.498 1484.37 1443.04 593.463 376.016
internal_count=163284 157483 5801 4931 152795 150844 116502 46505
is_linear=0
shrinkage=0.0750466


Tree=232
num_leaves=9
num_cat=0
split_feature=83 64 27 115 27 107 83 115
split_gain=1.60698 7.06431 3.0708 6.10063 3.23033 6.02171 7.56174 5.58059
threshold=175657.12500000003 10202.01 32.500000000000007 18982.210000000003 23.500000000000004 66.500000000000014 16422.695000000003 2296.6450000000004
decision_type=2 2 2 8 2 2 2 8
left_child=2 -2 4 -4 -1 -6 -7 -8
right_child=1 -3 3 -5 5 6 7 -9
leaf_value=-0.00040557872195268863 0.046815379118725998 -0.034996303927872209 -0.04816138927647319 0.03482853905189133 0.082598086010830296 -0.024789909909844744 0.0054394218790345967 0.12579285250621569
leaf_weight=1630.2950077876685 17.106292578017023 9.1099185359662425 18.797950030781067 6.7908593663760284 7.4788416407827745 16.051968097452121 4.6122795230294269 4.0974587754517415
leaf_count=130842 4481 5170 8005 3729 490 5580 2430 2557
internal_value=-5.1144e-05 0.0183865 -0.000337477 -0.0261372 5.96182e-05 0.023583 0.00575858 0.0620592
internal_weight=1714.34 26.2162 1688.12 25.5888 1662.54 32.2405 24.7617 8.70974
internal_count=163284 9651 153633 11734 141899 11057 10567 4987
is_linear=0
shrinkage=0.0750466


Tree=233
num_leaves=9
num_cat=0
split_feature=7 134 116 116 5 134 5 58
split_gain=1.74743 6.26429 6.03278 4.16797 3.64767 6.4966 5.9568 4.95196
threshold=1.0000000180025095e-35 106977.60000000002 77957.780000000013 6619.4550000000008 51.500000000000007 160466.40000000002 45.500000000000007 941.47000000000014
decision_type=2 8 8 10 2 10 2 2
left_child=1 -1 3 4 5 -3 -7 -6
right_child=-2 2 -4 -5 7 6 -8 -9
leaf_value=-0.026386005026644961 0.00098979544790098574 0.046453871635686379 0.025185483217754347 -0.032607795985690732 -0.042852898699875602 -0.014193372827148847 0.039104094760376143 0.0047268393421734476
leaf_weight=62.659255096550623 1441.7800856080521 19.750086320702394 44.490223664709447 27.524207819164076 22.574685527706606 53.364126513390147 15.167026369963422 27.119004364069042
leaf_count=8893 119601 2501 3771 9698 1759 10082 2843 4136
internal_value=-5.20965e-05 -0.00556168 0.000652149 -0.00594301 -0.000623734 0.00853119 -0.0023978 -0.0168875
internal_weight=1714.43 272.649 209.989 165.499 137.975 88.2812 68.5312 49.6937
internal_count=163284 43683 34790 31019 21321 15426 12925 5895
is_linear=0
shrinkage=0.0750466


Tree=234
num_leaves=9
num_cat=0
split_feature=153 96 118 6 115 118 118 9
split_gain=1.8806 3.67769 2.69371 2.55212 2.39983 2.33928 4.24413 6.94023
threshold=475.06500000000005 1.0000000180025095e-35 927.0150000000001 68.500000000000014 -1.0000000180025095e-35 5692.1350000000011 21067.580000000005 579.65500000000009
decision_type=8 2 8 2 10 8 8 2
left_child=1 3 -3 -1 -4 -2 7 -7
right_child=5 2 4 -5 -6 6 -8 -9
leaf_value=0.0028145124658842833 -0.011005348110620183 0.024747787427820692 -0.0076341692650007727 -0.0094085648902646896 0.0082977691336205712 -0.042105644288768285 -0.0018486084824755251 0.044870077276242697
leaf_weight=217.5069075454885 148.11916563275008 45.822310466923227 64.929140959960932 172.50865414687723 295.98035386405172 6.5511553609358115 738.05254572644481 24.455464206806028
leaf_count=6519 36331 2905 2252 6541 17713 2328 78529 10166
internal_value=-5.22664e-05 0.0026149 0.00760771 -0.0025919 0.00543155 -0.00236922 -0.000705917 0.0264936
internal_weight=1713.93 796.747 406.732 390.016 360.909 917.178 769.059 31.0066
internal_count=163284 35930 22870 13060 19965 127354 91023 12494
is_linear=0
shrinkage=0.0750466


Tree=235
num_leaves=9
num_cat=0
split_feature=153 7 7 12 57 127 127 57
split_gain=1.60897 3.69115 3.34003 8.51181 4.01684 4.53343 5.07935 5.09872
threshold=475.06500000000005 -294.21499999999997 2050.3150000000005 4.5000000000000009 2.5000000000000004 6448.5000000000009 4883.5000000000009 7.5000000000000009
decision_type=8 2 2 2 2 8 10 2
left_child=1 -1 -2 -4 -5 6 7 -6
right_child=2 -3 3 4 5 -7 -8 -9
leaf_value=-0.017269280788149134 -0.0057500205809634403 0.0037340470493119702 0.030775849235012639 -0.0058988856125595556 0.028758172248518048 0.061464500434703938 -0.048273620646210075 -0.042595074413272573
leaf_weight=50.292300009532482 567.28602167684767 748.1459768747518 54.667660672799684 234.18236640632131 34.545707552784734 10.205898575432 7.9864221063544383 6.7407591931623747
leaf_count=3317 83194 32613 435 23115 10841 2835 3671 3263
internal_value=-5.11431e-05 0.00241108 -0.00219826 0.00358611 -0.00147551 0.0159404 0.00651098 0.0171085
internal_weight=1714.05 798.438 915.615 348.329 293.661 59.4788 49.2729 41.2865
internal_count=163284 35930 127354 44160 43725 20610 17775 14104
is_linear=0
shrinkage=0.0750466


Tree=236
num_leaves=9
num_cat=0
split_feature=85 120 58 10 112 7 112 32
split_gain=1.65076 6.21443 7.38709 5.02301 5.52615 3.98718 6.52086 4.37005
threshold=2404.6500000000005 800917.97000000009 7157.0650000000014 -3005.3049999999998 360218.03500000009 4188.7300000000005 139352.40000000002 1.0000000180025095e-35
decision_type=2 10 2 2 10 2 10 2
left_child=-1 3 -3 4 -2 7 -7 -5
right_child=1 2 -4 5 -6 6 -8 -9
leaf_value=-0.00096174093201381182 -0.069463487077676495 0.10944891308706098 -0.012466454781379485 0.0060113818757352314 0.033419297209393857 0.070062379988366327 -0.010251158659187619 -0.03471201784433639
leaf_weight=1485.7875596711538 10.221593212900187 6.8294707519726199 4.7430789777063183 161.88350717064532 4.1277359620144116 13.173901685331659 10.027350641306837 16.338768449611962
leaf_count=84022 6230 3161 4241 39140 3705 3589 5144 14052
internal_value=-5.04809e-05 0.00590495 0.0594812 0.00303149 -0.0398682 0.00608764 0.0353517 0.00227801
internal_weight=1713.13 227.345 11.5725 215.773 14.3493 201.424 23.2013 178.222
internal_count=163284 79262 7402 71860 9935 61925 8733 53192
is_linear=0
shrinkage=0.0750466


Tree=237
num_leaves=9
num_cat=0
split_feature=82 153 84 140 153 84 57 128
split_gain=1.65465 5.36696 4.36101 2.77449 2.80565 3.15244 2.61559 4.46449
threshold=6.5000000000000009 9905.9850000000024 1.0000000180025095e-35 1.0000000180025095e-35 1612.8750000000002 1.5000000000000002 6.5000000000000009 9950.5150000000012
decision_type=2 8 2 10 10 2 2 8
left_child=6 3 -3 -2 -5 -6 -1 -8
right_child=1 2 -4 4 5 -7 7 -9
leaf_value=-0.00011940095367697584 -0.062292500929661099 -0.016844928708480211 0.066079310195889404 0.0066435584922987833 -0.067328477092856318 0.0044217901288711977 -0.02049104401277891 0.033475100158897222
leaf_weight=1616.5703181095669 9.6548262035612407 6.8611037082118838 7.4503236753726014 15.130384853986472 8.9007267050328647 5.6303248755593804 11.922612877884601 31.296427669693912
leaf_count=128299 2200 2241 2934 4528 4932 4735 4616 8799
internal_value=-5.14867e-05 -0.0130258 0.0263242 -0.0273495 -0.0159755 -0.0395275 0.000367712 0.0185877
internal_weight=1713.42 53.6277 14.3114 39.3163 29.6614 14.5311 1659.79 43.219
internal_count=163284 21570 5175 16395 14195 9667 141714 13415
is_linear=0
shrinkage=0.0750466


Tree=238
num_leaves=9
num_cat=0
split_feature=46 120 74 120 72 74 71 98
split_gain=1.42427 6.22474 5.92202 4.33346 2.50028 11.9166 6.3696 4.94028
threshold=1.0000000180025095e-35 588362.69500000007 2512.6750000000006 91494.000000000015 387.90500000000003 1588.4450000000004 1.5000000000000002 1.0000000180025095e-35
decision_type=2 8 2 10 2 2 2 2
left_child=4 2 3 -2 6 -6 7 -1
right_child=1 -3 -4 -5 5 -7 -8 -9
leaf_value=0.00061884372512878134 0.016927055364968278 -0.038081994612167103 0.041242282583108913 -0.029201485083768502 -0.024708785396083028 0.0010769831441426131 0.043648431359541912 0.025125906910018713
leaf_weight=516.44553643550898 19.690481685585837 28.794310140207017 17.436855992194978 27.473050522716221 113.4240199828273 916.87959197748387 22.365619659467484 50.89172484298706
leaf_count=90993 3882 4346 2886 7553 6282 38747 728 7867
internal_value=-5.07429e-05 -0.0090622 0.00387279 -0.00994311 0.000468775 -0.00176172 0.0043658 0.0028172
internal_weight=1713.4 93.3947 64.6004 47.1635 1620.01 1030.3 589.703 567.337
internal_count=163284 18667 14321 11435 144617 45029 99588 98860
is_linear=0
shrinkage=0.0750466


Tree=239
num_leaves=9
num_cat=0
split_feature=63 8 8 81 125 134 134 115
split_gain=1.56532 5.83424 9.42246 3.23521 5.71765 6.01887 5.08741 5.10133
threshold=4.5000000000000009 1349.8850000000002 8212.8900000000012 15997.960000000001 -8696.0399999999991 878247.68000000005 80233.200000000012 1678.7950000000003
decision_type=2 2 2 2 10 10 8 10
left_child=3 -2 -3 -1 5 -5 -6 -8
right_child=1 2 -4 4 6 -7 7 -9
leaf_value=0.0012666280130006679 -0.035726194583283022 0.073241350009650666 0.0041080589192967242 -0.01357783605625241 -0.032384507635322551 0.033568368787710502 -0.0044897730101310807 0.041612340847471646
leaf_weight=1266.1471835962511 12.796694209160703 14.37522518028163 48.782174199022847 287.85024203762259 11.475684755259861 16.103655207814882 23.098076828462581 32.591021915295642
leaf_count=59829 6388 4033 21100 50825 2891 4377 4516 9325
internal_value=-5.0863e-05 0.0104811 0.0198435 -0.00053945 -0.00670125 -0.01108 0.0131147 0.0224906
internal_weight=1713.22 75.9541 63.1574 1637.27 371.119 303.954 67.1648 55.6891
internal_count=163284 31521 25133 131763 71934 55202 16732 13841
is_linear=0
shrinkage=0.0750466


Tree=240
num_leaves=9
num_cat=0
split_feature=24 11 10 81 56 113 113 24
split_gain=1.54787 5.64088 4.25378 3.80761 8.1345 5.7246 5.03063 5.35197
threshold=8.5000000000000018 52.845000000000006 1875.5950000000003 1.0000000180025095e-35 827.6500000000002 -1355.4999999999998 -927.99999999999989 10.500000000000002
decision_type=2 2 2 2 2 10 10 2
left_child=-1 -2 3 4 5 -3 -5 -8
right_child=1 2 -4 6 -6 -7 7 -9
leaf_value=0.00055700344889434111 -0.056705754805538515 0.10083015314548949 0.062790023531504743 -0.027935991765274306 -0.059588797724069699 0.00079134406981924764 -0.051830242858917602 0.025948056704193249
leaf_weight=1596.693857023829 12.192705597422899 7.1549936933552098 5.2930233772094644 49.880105510061185 4.6788625479966859 5.8601674064921108 6.2210351903740984 25.029737219396338
leaf_count=106430 2630 2283 2494 22188 4106 3194 2998 16961
internal_value=-5.18561e-05 -0.00841018 -0.00275454 -0.00626508 0.025278 0.055787 -0.0131444 0.0104649
internal_weight=1713 116.311 104.118 98.8249 17.694 13.0152 81.1309 31.2508
internal_count=163284 56854 54224 51730 9583 5477 42147 19959
is_linear=0
shrinkage=0.0750466


Tree=241
num_leaves=9
num_cat=0
split_feature=22 140 120 63 127 83 83 120
split_gain=1.5078 4.03668 2.99377 1.62834 8.02722 5.03977 7.67794 8.98701
threshold=409658.84500000003 7173.1900000000014 305273.25000000006 4.5000000000000009 610.50000000000011 1407.6450000000002 60197.185000000005 182988.00000000003
decision_type=2 10 8 2 8 2 2 10
left_child=3 2 -2 -1 -5 -6 7 -7
right_child=1 -3 -4 4 5 6 -8 -9
leaf_value=-0.00023510907827977492 0.025554715014378594 -0.058880821777283938 -0.028731461552316446 0.071616471207877119 -0.037760271314763068 -0.0035201206468881939 -0.033858076589042663 0.076367982459662254
leaf_weight=1610.0905892658502 12.374334530890343 8.9754463446070059 10.641640917760013 10.599213687666632 14.498763023399077 17.246706429636109 13.751424303520251 14.68214385547253
leaf_count=121308 3235 10122 2768 3276 4124 5244 6243 6964
internal_value=-5.25533e-05 -0.0161921 0.000455019 0.000254626 0.0113953 0.000788667 0.013024 0.0332156
internal_weight=1712.86 31.9914 23.016 1680.87 70.7783 60.179 45.6803 31.9289
internal_count=163284 16125 6003 147159 25851 22575 18451 12208
is_linear=0
shrinkage=0.0750466


Tree=242
num_leaves=9
num_cat=0
split_feature=11 120 33 150 105 56 73 81
split_gain=1.47715 5.8491 1.62609 6.57058 1.7563 9.49242 7.36678 9.99673
threshold=-1.0000000180025095e-35 211140.00000000003 115002.37000000001 1.0000000180025095e-35 1.0000000180025095e-35 4317.5350000000008 10.500000000000002 35190.005000000012
decision_type=2 10 2 10 2 2 2 2
left_child=1 -1 4 -4 -2 6 -6 -8
right_child=2 -3 3 -5 5 -7 7 -9
leaf_value=-0.038850122846878957 5.8073932896033031e-05 0.013505485377138211 0.0017444076489124434 -0.075833246658205219 0.0090421962164241015 -0.060485142207183852 -0.0082305818229089136 0.12401962740760893
leaf_weight=24.360538510503829 1535.6084295574146 23.719131048228519 27.535188185674997 7.9166801558894795 71.017366800857417 9.4995410372412135 5.4505487027054169 7.8626458369271859
leaf_count=2382 113349 3283 4063 9660 18186 6811 2334 3216
internal_value=-5.33428e-05 -0.0130215 0.00032116 -0.0155793 0.000667108 0.0106345 0.0186458 0.0698751
internal_weight=1712.97 48.0797 1664.89 35.4519 1629.44 93.8301 84.3306 13.3132
internal_count=163284 5665 157619 13723 143896 30547 23736 5550
is_linear=0
shrinkage=0.0750466


Tree=243
num_leaves=9
num_cat=0
split_feature=18 108 27 73 73 146 96 0
split_gain=1.52492 4.72571 4.71093 3.91374 3.13235 6.57371 5.08506 3.98918
threshold=1949.6600000000001 1.0000000180025095e-35 35.500000000000007 11.500000000000002 4.5000000000000009 1.0000000180025095e-35 1.0000000180025095e-35 42644405.000000007
decision_type=2 2 2 2 2 8 2 2
left_child=4 2 -2 -4 6 -6 7 -1
right_child=1 -3 3 -5 5 -7 -8 -9
leaf_value=-0.010993526279343822 0.0025697630404468499 0.036942040924474437 -0.067914682676349342 0.02143585515094687 -0.014364044672552638 0.011388240186577723 0.0091427506809564872 0.0025866162176547973
leaf_weight=228.3603299279348 615.30991830916537 22.065846122814037 9.6168856001822842 3.8728190001074827 233.34662586605191 73.382803605389199 265.95040962937492 261.13455370164593
leaf_count=3027 122206 4390 5687 3428 12623 2519 5604 3800
internal_value=-5.45025e-05 0.00280588 0.00160797 -0.0422626 -0.00180725 -0.008203 0.000789584 -0.00374882
internal_weight=1713.04 650.865 628.8 13.4897 1062.17 306.729 755.445 489.495
internal_count=163284 135711 131321 9115 27573 15142 12431 6827
is_linear=0
shrinkage=0.0750466


Tree=244
num_leaves=9
num_cat=0
split_feature=21 133 22 50 97 97 72 113
split_gain=1.46105 3.6018 3.28444 2.23476 4.47318 2.07555 1.86777 1.99755
threshold=1.0000000180025095e-35 8.0000000000000018 -1525.53 1.0000000180025095e-35 11.500000000000002 1.5000000000000002 -1.0000000180025095e-35 -1079.9999999999998
decision_type=2 10 2 2 2 2 2 10
left_child=2 3 -1 6 -5 -4 -2 -8
right_child=1 -3 5 4 -6 -7 7 -9
leaf_value=0.016841693584823493 -0.014616981776947091 0.027274783723672945 -0.013142348971308681 0.0043846447277461975 -0.061686090355329244 0.0082948546573746069 -0.002611247431062069 0.0031888436156733398
leaf_weight=87.374797625321662 54.125511641286721 25.262415624398272 53.673460902278748 13.311110629514589 10.18832790714441 48.350359425516217 882.37870417939666 538.51353539761476
leaf_count=870 3749 174 1777 2043 8836 3154 73709 68972
internal_value=-5.3648e-05 -0.000826308 0.00616268 -0.00130004 -0.0242607 -0.00298299 -0.000934243 -0.000413032
internal_weight=1713.18 1523.78 189.399 1498.52 23.4994 102.024 1475.02 1420.89
internal_count=163284 157483 5801 157309 10879 4931 146430 142681
is_linear=0
shrinkage=0.0750466


Tree=245
num_leaves=9
num_cat=0
split_feature=63 64 64 16 64 142 150 142
split_gain=1.96354 12.4156 4.22315 5.30845 4.05235 6.88138 2.88185 2.95228
threshold=8.5000000000000018 25194.515000000003 13076.395000000002 1.0000000180025095e-35 29265.620000000006 182988.00000000003 10829.135000000002 1037556.6200000002
decision_type=2 2 2 2 2 8 8 8
left_child=2 -2 -1 4 -4 -6 -7 -8
right_child=1 -3 3 -5 5 6 7 -9
leaf_value=0.00043547929114443171 0.091679577781558871 -0.020635887987325532 -0.027961512326307919 -0.076089012434837441 0.071119544905080656 0.025579978377986368 -0.065967176704009325 0.005206927306695348
leaf_weight=1617.0453177560121 8.8604798878295714 14.804931696990932 35.161935800430001 7.9376967023636089 7.6254093259885876 7.2627029622763049 7.1439246853815375 6.0721204507362936
leaf_count=127426 3699 7553 11654 2836 2514 2263 3653 1686
internal_value=-5.12307e-05 0.0214157 -0.000352149 -0.0182393 -0.0109811 0.0102635 -0.0123966 -0.0332662
internal_weight=1711.91 23.6654 1688.25 71.2038 63.2661 28.1042 20.4787 13.216
internal_count=163284 11252 152032 24606 21770 10116 7602 5339
is_linear=0
shrinkage=0.0750466


Tree=246
num_leaves=9
num_cat=0
split_feature=0 5 18 134 56 145 123 5
split_gain=1.4882 3.13474 3.31389 3.32057 2.62705 5.9187 2.16565 1.93257
threshold=15842220.000000002 49.500000000000007 252.93500000000003 106977.60000000002 525.36000000000013 5.5000000000000009 5.5000000000000009 61.500000000000007
decision_type=2 2 2 8 2 8 8 2
left_child=1 -1 -3 -4 6 -6 -5 -2
right_child=7 2 3 4 5 -7 -8 -9
leaf_value=0.018304023721763894 -0.00062093133311189443 -0.029731583014316127 0.026834068312241499 -0.041307741849129567 0.063783778761816956 -0.039169298047194628 -0.0050277850946038203 0.0063082805582221693
leaf_weight=21.566938351990757 1308.6446265975273 41.280535154590325 16.246933389440528 17.691587661149242 6.9560811146775423 5.7400653864351634 19.458471756384824 274.18380012048874
leaf_count=3302 128593 825 1839 2882 3061 2059 2361 18362
internal_value=-5.21884e-05 -0.00780502 -0.0130493 -0.00262978 -0.0122333 0.0172376 -0.022305 0.000579374
internal_weight=1711.77 128.941 107.374 66.0931 49.8462 12.6961 37.1501 1582.83
internal_count=163284 16329 13027 12202 10363 5120 5243 146955
is_linear=0
shrinkage=0.0750466


Tree=247
num_leaves=9
num_cat=0
split_feature=63 81 85 81 97 63 128 147
split_gain=1.60757 4.18112 7.62797 1.7008 6.8963 8.13801 6.06668 4.58219
threshold=8.5000000000000018 120485.42000000003 2404.6500000000005 15997.960000000001 36.500000000000007 4.5000000000000009 9950.5150000000012 -41886.234999999993
decision_type=2 2 2 2 2 2 8 8
left_child=3 2 -2 -1 5 -5 -6 -8
right_child=1 -3 -4 4 6 -7 7 -9
leaf_value=0.0010134096784038117 0.0013184698044838882 -0.027020740097015775 0.10667911164221057 -0.015701014560620064 0.029135951437991785 0.045766457330389858 -0.03255560988083131 0.0054189234575203627
leaf_weight=1282.4193432317479 10.478951587138004 7.5830507227428816 6.1362100716996784 232.07074310505777 50.259471684117671 12.799861225357743 22.479413483921235 87.764786262066991
leaf_count=65860 3047 5008 3197 40503 14504 4561 9996 16608
internal_value=-5.06349e-05 0.0191552 0.0402296 -0.000325993 -0.00456325 -0.012488 0.00752704 -0.0023243
internal_weight=1711.99 24.1982 16.6152 1687.79 405.374 244.871 160.504 110.244
internal_count=163284 11252 6244 152032 86172 45064 41108 26604
is_linear=0
shrinkage=0.0750466


Tree=248
num_leaves=9
num_cat=0
split_feature=24 9 84 94 113 27 147 24
split_gain=1.49585 8.16304 6.59859 6.34369 4.34626 3.82915 6.66634 3.3218
threshold=8.5000000000000018 2798.8850000000007 2.5000000000000004 1.0000000180025095e-35 -927.99999999999989 8.5000000000000018 -13999.084999999997 1.0000000180025095e-35
decision_type=2 2 2 2 8 2 8 2
left_child=7 3 -3 5 -5 6 -2 -1
right_child=1 2 -4 4 -6 -7 -8 -9
leaf_value=-0.0011306832998128884 0.050582580646226533 0.084840701344627789 -0.02059767650503104 -0.016560027322679405 0.056203349670261964 -0.050101543711871414 -0.024134922347241784 0.0075358773338656633
leaf_weight=1286.8123508405479 7.7293886859006307 8.8450667083134231 5.3737545950452832 8.3411884344986884 10.372483164503139 23.694995765583371 51.764080667368944 308.86777199767675
leaf_count=48497 5709 3359 2592 2580 2760 23907 15947 57933
internal_value=-5.1595e-05 -0.00827527 0.0449921 -0.0157079 0.0237707 -0.0245888 -0.0144276 0.000546859
internal_weight=1711.8 116.121 14.2188 101.902 18.7137 83.1885 59.4935 1595.68
internal_count=163284 56854 5951 50903 5340 45563 21656 106430
is_linear=0
shrinkage=0.0750466


Tree=249
num_leaves=9
num_cat=0
split_feature=64 131 83 58 131 83 10 83
split_gain=1.49566 4.68514 2.73488 6.19099 6.67652 3.00985 5.50907 4.98869
threshold=25194.515000000003 1565.9550000000002 134898.68000000002 2289.0500000000006 1.0000000180025095e-35 78894.220000000016 -386.05499999999995 53371.560000000005
decision_type=2 10 2 2 8 2 2 2
left_child=2 -2 5 -4 -5 7 -7 -1
right_child=1 -3 3 4 -6 6 -8 -9
leaf_value=-0.00021147635053484629 -0.020355990617109007 0.050292851587677302 -0.0016126583359130308 0.13217643068792784 0.0066766454325449314 -0.065678480893247071 0.002991955282830906 0.030820612092267656
leaf_weight=1573.5513728850437 47.204323964591822 5.9533030970333121 18.741393875989164 5.0263029273391995 4.5472743224872838 11.040646240737262 16.283899827802088 29.727227097924697
leaf_count=118516 16703 4585 3405 2183 2512 4812 2680 7888
internal_value=-5.25421e-05 -0.0124438 0.000344517 0.023468 0.0725663 -5.70156e-05 -0.0247547 0.000363906
internal_weight=1712.08 53.1576 1658.92 28.315 9.57358 1630.6 27.3245 1603.28
internal_count=163284 21288 141996 8100 4695 133896 7492 126404
is_linear=0
shrinkage=0.0750466


Tree=250
num_leaves=9
num_cat=0
split_feature=41 125 72 153 57 127 127 134
split_gain=1.96269 1.92611 5.57402 6.62422 1.91671 6.5178 12.8085 3.61512
threshold=1.0000000180025095e-35 -28173.074999999993 1708.4500000000003 4779.9750000000013 6.5000000000000009 4159.5000000000009 3001.5000000000005 267444.00000000006
decision_type=2 8 2 10 2 10 8 10
left_child=1 2 3 -1 -3 6 -6 -7
right_child=-2 4 -4 -5 5 7 -8 -9
leaf_value=-0.026153828135218743 -0.021564629549353443 0.00016818893689172549 -0.048760876863010415 0.08010502338266301 -0.0025048617665206934 -0.076986525515281984 0.09630849896977503 0.0066096289790482776
leaf_weight=8.2598760864621017 23.558045284683431 1615.2605630601338 16.020530678746582 5.5072782209908828 20.127285006756214 5.3745374942991457 11.672670083871706 6.3625273549905614
leaf_count=2712 5779 133827 3328 3874 5022 1535 3565 3642
internal_value=-5.27673e-05 0.000247352 -0.0186668 0.0163529 0.000587002 0.0161253 0.0337661 -0.03167
internal_weight=1712.14 1688.59 29.7877 13.7672 1658.8 43.537 31.8 11.7371
internal_count=163284 157505 9914 6586 147591 13764 8587 5177
is_linear=0
shrinkage=0.0750466


Tree=251
num_leaves=9
num_cat=0
split_feature=73 123 5 113 148 5 84 55
split_gain=1.56482 8.04531 6.26042 6.14853 6.67843 6.2458 7.22533 6.06507
threshold=9.5000000000000018 19.500000000000004 39.500000000000007 -1079.9999999999998 1.0000000180025095e-35 57.500000000000007 2.5000000000000004 1.0000000180025095e-35
decision_type=2 8 2 10 8 2 2 2
left_child=-1 2 -2 -4 5 6 -5 -8
right_child=1 -3 3 4 -6 -7 7 -9
leaf_value=0.00076851465620971545 0.021812442324941214 -0.040067078733452235 -0.036071476379409613 0.015042276616784669 -0.055011860311195093 -0.01667187930936212 0.17282599890817141 0.031117997595998221
leaf_weight=1513.4437551506198 52.648959968008057 33.140610000831657 34.235963587845617 33.563243301328839 10.079586649072551 28.228692564178345 3.3018421113993091 3.5084922961486882
leaf_count=104268 15864 6224 11095 9334 3769 7559 1682 3489
internal_value=-5.35678e-05 -0.00631491 0.000441076 -0.00952352 0.002028 0.0104087 0.0293432 0.099822
internal_weight=1712.15 198.707 165.567 112.918 78.6819 68.6023 40.3736 6.81033
internal_count=163284 59016 52792 36928 25833 22064 14505 5171
is_linear=0
shrinkage=0.0750466


Tree=252
num_leaves=9
num_cat=0
split_feature=6 142 0 22 0 22 0 140
split_gain=1.57204 4.14359 3.8901 3.7934 3.2177 2.97823 3.26514 2.47161
threshold=289.50000000000006 119646.00000000001 14632853.000000002 3393.0150000000008 14632853.000000002 409658.84500000003 24777691.000000004 8303.6200000000008
decision_type=2 10 2 2 2 2 2 10
left_child=2 -2 3 -1 -3 7 -7 -4
right_child=1 4 5 -5 -6 6 -8 -9
leaf_value=-0.0049240843566817219 0.031905042817612757 0.018833586184530401 -0.00070531338266452686 -0.046884277976873688 -0.023561170975216705 0.030710112053402825 -0.036889199869856538 0.0076164646451296319
leaf_weight=32.045107477104466 30.280480950794299 18.140973272924384 1325.3072761387939 19.52935772683486 22.699087447059355 4.9204413454162959 22.092961426275906 236.94239510558236
leaf_count=1436 1551 3869 75359 4900 4728 2838 10338 58265
internal_value=-5.51696e-05 0.0108681 -0.000528627 -0.0208129 -0.00472961 0.000129634 -0.0245761 0.000556829
internal_weight=1711.96 71.1205 1640.84 51.5745 40.8401 1589.26 27.0134 1562.25
internal_count=163284 10148 153136 6336 8597 146800 13176 133624
is_linear=0
shrinkage=0.0750466


Tree=253
num_leaves=9
num_cat=0
split_feature=153 97 149 153 116 58 0 0
split_gain=1.5061 3.06673 5.03404 5.2641 3.56123 4.14432 5.12511 6.52413
threshold=475.06500000000005 36.500000000000007 4617.5000000000009 1.0000000180025095e-35 1.0000000180025095e-35 694.42000000000007 46112960.000000007 59645539.500000007
decision_type=8 2 10 10 10 2 2 2
left_child=1 4 3 -3 5 6 -1 -8
right_child=-2 2 -4 -5 -6 -7 7 -9
leaf_value=-0.0073179094612193995 -0.0021345958090015216 0.021853671662790775 0.041990665215455948 -0.014947159866385531 -0.016731866093029041 0.016257571330527874 0.019264271036096677 -0.0056481393010692823
leaf_weight=284.97305926637637 913.56843675485288 47.711549504594586 27.025883031745252 40.451247829121712 62.007182429730165 98.40944182016392 126.49556382312585 111.29308498014143
leaf_count=9545 127354 4189 2640 3202 4125 4539 3911 3779
internal_value=-5.37297e-05 0.0023274 0.0136548 0.00496855 0.000417521 0.00212943 -0.000530186 0.00760443
internal_weight=1711.94 798.367 115.189 88.1628 683.178 621.171 522.762 237.789
internal_count=163284 35930 10031 7391 25899 21774 17235 7690
is_linear=0
shrinkage=0.0750466


Tree=254
num_leaves=9
num_cat=0
split_feature=82 125 142 107 125 84 81 84
split_gain=1.59825 4.16939 3.05932 3.97112 4.79077 1.81292 1.78343 7.29848
threshold=6.5000000000000009 -3240.0249999999996 63342.000000000007 195.50000000000003 -4536.1249999999991 1.5000000000000002 133292.36000000002 7.5000000000000009
decision_type=2 10 10 2 8 2 2 2
left_child=6 2 -2 5 -5 -4 -1 -8
right_child=1 -3 3 4 -6 -7 7 -9
leaf_value=0.00080789082674888703 0.017290659948534116 0.037722586472872591 -0.063410564958175472 -0.048400220695227071 0.045814714692940718 -0.019490669465237802 -0.022721444841178558 0.066566415145674365
leaf_weight=1605.0738618765372 9.1239849967023456 7.8329708076889792 16.184609545018251 5.5281361277075121 6.7526644181752982 7.8656652263762217 47.861981233932966 5.7784438897051578
leaf_count=120362 970 3104 5195 4363 3844 4094 18062 3290
internal_value=-5.29514e-05 -0.0128459 -0.0215601 -0.0313168 0.00340437 -0.0490465 0.000358037 -0.0131029
internal_weight=1712 53.288 45.4551 36.3311 12.2808 24.0503 1658.71 53.6404
internal_count=163284 21570 18466 17496 8207 9289 141714 21352
is_linear=0
shrinkage=0.0750466


Tree=255
num_leaves=9
num_cat=0
split_feature=135 60 135 135 107 150 135 60
split_gain=1.54342 1.528 3.65638 2.36082 2.22433 2.65293 3.78527 2.03857
threshold=-136.99999999999997 1079.3350000000003 -440.49999999999994 -744.49999999999989 38.500000000000007 17914.180000000004 -1567.4999999999998 433.49500000000006
decision_type=10 2 8 8 2 10 10 2
left_child=1 7 3 4 -3 6 -6 -1
right_child=-2 2 -4 -5 5 -7 -8 -9
leaf_value=0.00031240318943721971 -0.018121102009170074 -0.044382266468309367 -0.054795537298613854 0.032296353261512506 -0.027702764382540285 -0.033360068692260665 0.034113399509156629 0.020531418087695864
leaf_weight=1595.4427001089707 26.217048911614256 8.832658270141108 9.2785228887651083 8.5879123599106588 8.7767403305279021 10.66974972526168 15.312294077117256 28.587803032123702
leaf_count=137858 2162 395 2369 2876 2153 6135 3976 5360
internal_value=-5.22977e-05 0.000228755 -0.0113868 -0.00366782 -0.0107531 -0.00220748 0.0115909 0.000668318
internal_weight=1711.71 1685.49 61.4579 52.1794 43.5914 34.7588 24.089 1624.03
internal_count=163284 161122 17904 15535 12659 12264 6129 143218
is_linear=0
shrinkage=0.0750466


Tree=256
num_leaves=9
num_cat=0
split_feature=39 85 20 113 81 20 22 11
split_gain=1.37734 3.86276 4.95658 15.6067 2.35798 7.14256 1.81606 1.66859
threshold=82168.650000000009 5900.1900000000014 104.79500000000002 -624.49999999999989 1.0000000180025095e-35 3.8350000000000004 111795.30500000001 18.395000000000003
decision_type=2 2 2 8 2 2 2 2
left_child=7 4 -3 -4 -2 -6 -7 -1
right_child=1 2 3 -5 5 6 -8 -9
leaf_value=-0.0027712814585625807 -0.046807299887660733 -0.018997573050810186 -0.050702635017934872 0.18906236598762569 0.051474798509848707 -0.076431160345168864 -0.013224045702596216 0.0021425310934938802
leaf_weight=620.77312270745733 16.373494765379291 7.8216363835454086 3.0077669577276538 3.1098659553517791 6.9896765586599967 5.4698962800466671 4.8125843420530146 1043.3351156495919
leaf_count=12781 2153 3180 2530 2604 1446 1489 3352 133749
internal_value=-5.04843e-05 -0.0126396 0.0205796 0.0711806 -0.0264022 -0.00705877 -0.0468479 0.0003095
internal_weight=1711.69 47.5849 13.9393 6.11763 33.6457 17.2722 10.2825 1664.11
internal_count=163284 16754 8314 5134 8440 6287 4841 146530
is_linear=0
shrinkage=0.0750466


Tree=257
num_leaves=9
num_cat=0
split_feature=27 21 0 0 0 113 142 6
split_gain=1.4807 7.42864 7.02722 6.25341 5.47647 5.24773 15.2754 4.16309
threshold=2.5000000000000004 1.0000000180025095e-35 49848695.500000007 70230055.500000015 26921913.500000004 -501.99999999999994 105570.00000000001 94.500000000000014
decision_type=2 2 2 2 2 10 10 2
left_child=-1 -2 4 -4 5 -3 -7 -6
right_child=1 2 3 -5 7 6 -8 -9
leaf_value=0.0015200100410431418 0.044406245144137303 -0.021924391642217989 -0.025023689933978511 0.029265689218388902 0.0213228660410987 0.10483047951783483 -0.011894602016927495 0.00063574293368184528
leaf_weight=1136.1502800454991 17.922796649636439 95.777017652757422 120.81344247176912 13.261111869687737 73.749346896214774 7.7778682968528292 33.556479651570044 213.07949714146889
leaf_count=39151 1249 22960 22361 2795 12820 1157 10823 49968
internal_value=-5.13312e-05 -0.00315111 -0.0046786 -0.019654 5.74965e-05 -0.0122793 0.0100695 0.00595481
internal_weight=1712.09 575.938 558.015 134.075 423.94 137.111 41.3343 286.829
internal_count=163284 124133 122884 25156 97728 34940 11980 62788
is_linear=0
shrinkage=0.0750466


Tree=258
num_leaves=9
num_cat=0
split_feature=82 125 133 28 113 97 5 113
split_gain=1.42232 3.54427 3.97468 2.29534 5.50126 1.99058 1.85293 5.23863
threshold=6.5000000000000009 -3240.0249999999996 8.0000000000000018 37185.225000000013 -1171.4999999999998 77.500000000000014 43.500000000000007 -197.99999999999997
decision_type=2 10 8 2 10 2 2 10
left_child=6 2 3 -2 -5 -6 7 -1
right_child=1 -3 -4 4 5 -7 -8 -9
leaf_value=0.0019602775942952387 -0.042816632403512106 0.033365978815736753 0.026523341592703888 0.075882623809668329 0.0086191501024646348 -0.075599875758622564 -0.0018446443010108103 0.036029988648194844
leaf_weight=686.27428209836216 26.316949632197066 8.1333346526535006 8.2479396411363251 3.4637883800896816 2.6772814898376947 3.8586078270054713 946.17494903023635 26.395719226347865
leaf_count=59197 9870 3104 544 2330 2370 3352 79585 2932
internal_value=-5.34531e-05 -0.0121913 -0.0205058 -0.0311867 -0.000579322 -0.0411014 0.00033214 0.00322214
internal_weight=1711.54 52.6979 44.5646 36.3166 9.99968 6.53589 1658.84 712.67
internal_count=163284 21570 18466 17922 8052 5722 141714 62129
is_linear=0
shrinkage=0.0750466


Tree=259
num_leaves=9
num_cat=0
split_feature=6 153 140 115 6 149 25 147
split_gain=1.39876 3.03415 2.31588 2.13715 2.35884 5.92028 5.43497 4.96339
threshold=289.50000000000006 9905.9850000000024 7173.1900000000014 -1.0000000180025095e-35 115.50000000000001 942.50000000000011 803.5100000000001 -1305.0149999999996
decision_type=2 8 10 8 2 8 2 10
left_child=3 2 -2 -1 7 -6 -7 -5
right_child=1 -3 -4 4 5 6 -8 -9
leaf_value=-0.014261024268683829 0.011752581336437477 0.037059575746828978 -0.021997059605526909 0.0041605858698146739 -0.040213496716371602 -0.0064748200557245205 0.010107046899860769 -0.013133640142337286
leaf_weight=61.189838853451874 37.009019617413287 17.816065989838535 16.581220759290773 872.75627231396902 23.966642755280191 426.63398034808779 150.62964404823288 104.67184982110848
leaf_count=4477 2629 1802 5717 67803 3092 21264 51747 4753
internal_value=-5.22689e-05 0.0102298 0.00131019 -0.000499994 3.33924e-05 -0.00366538 -0.00214799 0.00230856
internal_weight=1711.25 71.4063 53.5902 1639.85 1578.66 601.23 577.264 977.428
internal_count=163284 10148 8346 153136 148659 76103 73011 72556
is_linear=0
shrinkage=0.0750466


Tree=260
num_leaves=9
num_cat=0
split_feature=127 0 153 0 150 9 97 71
split_gain=1.41177 6.12965 3.91824 6.75445 6.00691 3.1081 4.08618 2.62146
threshold=1221.5000000000002 59645539.500000007 475.06500000000005 46112960.000000007 39666.395000000011 279.00500000000005 17.500000000000004 1.5000000000000002
decision_type=8 2 8 2 8 2 2 2
left_child=1 2 3 4 -1 -4 -7 -2
right_child=7 -3 5 -5 -6 6 -8 -9
leaf_value=0.026417317937395261 -0.0019796332623799153 -0.009398231577077136 -0.020285490076986466 0.033154666002627856 -0.0063250580478295257 0.01875968676816591 -0.011147801433741271 0.021332355441658898
leaf_weight=48.758262953619123 1179.8590469242026 150.44724610148114 35.434846893169379 75.365211346586875 89.448897001806472 57.790964128374981 46.37528843738437 27.807625035584351
leaf_count=2970 116316 12655 4754 3464 3819 7829 10168 1309
internal_value=-5.08845e-05 0.00328701 0.00869076 0.0150815 0.00522616 -0.00108635 0.00544474 -0.00144285
internal_weight=1711.29 503.621 353.173 213.572 138.207 139.601 104.166 1207.67
internal_count=163284 45659 33004 10253 6789 22751 17997 117625
is_linear=0
shrinkage=0.0750466


Tree=261
num_leaves=9
num_cat=0
split_feature=8 7 58 120 18 58 7 30
split_gain=1.45712 3.45928 4.55831 3.64237 4.69297 5.52652 2.62286 4.5825
threshold=-8804.7999999999975 -1795.6649999999997 496.29500000000007 211140.00000000003 5971.0600000000004 3184.2150000000006 1.0000000180025095e-35 2.5000000000000004
decision_type=2 2 2 10 2 2 2 2
left_child=1 3 -3 -1 -5 -6 7 -2
right_child=6 2 -4 4 5 -7 -8 -9
leaf_value=-0.027422151734986255 -0.0048730578277959187 0.002477867892582487 0.045343908677199063 -0.016386820145038932 0.11168580252696068 0.002278195870019544 0.00051348883600349287 -0.042756134108248488
leaf_weight=23.456946504102234 172.86473435792504 32.361408634471445 24.585715585712023 12.554580955116764 4.7344759795159899 5.7683670551605246 1414.8522283623442 20.071555213455213
leaf_count=3612 21704 2583 4145 1277 1966 3060 117129 7808
internal_value=-5.03175e-05 0.00858238 0.0209844 -0.00660128 0.0145804 0.051597 -0.000605833 -0.00881411
internal_weight=1711.25 103.461 56.9471 46.5144 23.0574 10.5028 1607.79 192.936
internal_count=163284 16643 6728 9915 6303 5026 146641 29512
is_linear=0
shrinkage=0.0750466


Tree=262
num_leaves=9
num_cat=0
split_feature=107 20 113 5 150 150 24 107
split_gain=1.4619 3.05452 4.06622 7.385 6.83334 5.20716 3.85841 4.96277
threshold=12.500000000000002 1.0000000180025095e-35 -624.49999999999989 44.500000000000007 953.55500000000018 5236.5900000000011 1.0000000180025095e-35 22.500000000000004
decision_type=2 2 10 2 10 8 2 2
left_child=-1 2 6 5 -5 -4 7 -2
right_child=1 -3 3 4 -6 -7 -8 -9
leaf_value=0.0029413123547611573 0.0051866269108275407 0.0032354404666707567 -0.016565999112716202 -0.052520536825413813 -0.012158157959984216 0.026016175914429493 0.0076327302813745633 -0.01339410653193678
leaf_weight=598.37113460339606 132.61552594677778 436.51375118964006 32.519897601625416 38.861337515256309 60.24627658654299 32.176380958288064 172.03967623628887 207.83577783307192
leaf_count=7521 2716 88800 2534 2228 8319 4430 33714 13022
internal_value=-5.00383e-05 -0.00165852 -0.00481733 -0.0151103 -0.0279848 0.00461204 -0.00152747 -0.00615638
internal_weight=1711.18 1112.81 676.295 163.804 99.1076 64.6963 512.491 340.451
internal_count=163284 155763 66963 17511 10547 6964 49452 15738
is_linear=0
shrinkage=0.0750466


Tree=263
num_leaves=9
num_cat=0
split_feature=73 153 72 128 8 72 105 81
split_gain=1.37863 7.02445 5.29878 7.8418 6.53496 5.27254 5.22941 6.17275
threshold=9.5000000000000018 31829.355000000007 1708.4500000000003 603.7750000000002 23206.245000000003 2323.1300000000006 2.5000000000000004 69044.115000000005
decision_type=2 8 2 8 2 2 2 2
left_child=-1 2 6 -4 -5 -6 -2 -8
right_child=1 -3 3 4 5 -7 7 -9
leaf_value=0.00071998357072949556 -0.022174900246589302 -0.055870777583183498 -0.040072256808533303 0.032936476651457901 -0.041910575817302828 0.017824513770077387 -0.020533046347625476 0.14525596017463541
leaf_weight=1513.0545056919691 71.673600694239212 14.691669050060225 15.681589402774989 56.827428240361769 15.003708648771861 18.686480812462833 2.7189064721387686 2.3650114109659626
leaf_count=104268 34940 3275 2347 5927 2720 4982 2715 2110
internal_value=-5.00081e-05 -0.00594451 -0.00193537 0.0089225 0.0174105 -0.00877812 -0.016958 0.0565911
internal_weight=1710.7 197.648 182.957 106.199 90.5176 33.6902 76.7575 5.08392
internal_count=163284 59016 55741 15976 13629 7702 39765 4825
is_linear=0
shrinkage=0.0750466


Tree=264
num_leaves=9
num_cat=0
split_feature=22 104 104 22 147 138 22 80
split_gain=1.36171 3.86499 7.43318 5.80161 8.05073 4.64206 4.49358 4.05794
threshold=319.2050000000001 21172.650000000005 5923.6500000000005 65850.970000000016 -58981.204999999994 81345.545000000013 132654.21000000005 1.0000000180025095e-35
decision_type=2 2 2 2 10 8 2 2
left_child=-1 2 -2 -4 -5 7 -6 -3
right_child=1 5 3 4 6 -7 -8 -9
leaf_value=0.0016279412868891667 -0.002975028574476039 0.0074790199912486118 0.010769595801698726 0.15924554771398056 0.096341235165520747 0.023038474205828142 -0.014872941604468245 -0.039808088841434282
leaf_weight=1050.039494791632 554.04330168238994 13.400702333743537 25.528413810487109 4.1084642437854191 3.4900824943761091 11.871631827052168 4.9455873760671238 43.071135834383313
leaf_count=39651 76804 6579 6314 1715 2087 5215 3462 21457
internal_value=-5.13736e-05 -0.00272125 -0.000770839 0.0313052 0.073097 -0.0196193 0.0311396 -0.0285869
internal_weight=1710.5 660.459 592.116 38.0725 12.5441 68.3435 8.43567 56.4718
internal_count=163284 123633 90382 13578 7264 33251 5549 28036
is_linear=0
shrinkage=0.0750466


Tree=265
num_leaves=9
num_cat=0
split_feature=13 64 115 113 31 83 83 113
split_gain=1.36006 1.37803 7.03507 13.0784 5.39447 3.56621 2.87197 8.11023
threshold=1.5000000000000002 11572.960000000001 25799.010000000006 -624.49999999999989 1.0000000180025095e-35 110263.17000000001 37776.215000000004 -318.49999999999994
decision_type=2 2 10 10 2 2 2 8
left_child=1 6 4 -4 5 -3 -1 -8
right_child=-2 2 3 -5 -6 -7 7 -9
leaf_value=-7.7057603726824803e-05 -0.015720708876225304 0.0025874036481082262 -0.02558343816511368 0.17268196714314957 -0.046135544185220562 -0.049729295658561212 0.025363977609999908 -0.022240744732975017
leaf_weight=1476.4810760723594 30.641967672389001 60.640850526991926 4.2942618722672705 3.3243823572320244 22.39361423227092 8.3484043660664593 76.556258830720253 27.358417315737825
leaf_count=99343 829 16964 2626 2488 11568 3608 21671 4187
internal_value=-5.22728e-05 0.000233611 -0.00835543 0.0609293 -0.0141317 -0.00374345 0.000771658 0.0128307
internal_weight=1710.04 1679.4 99.0015 7.61864 91.3829 68.9893 1580.4 103.915
internal_count=163284 162455 37254 5114 32140 20572 125201 25858
is_linear=0
shrinkage=0.0750466


Tree=266
num_leaves=9
num_cat=0
split_feature=82 6 74 94 6 6 138 9
split_gain=1.29455 5.51104 6.83757 2.44821 2.85472 2.30494 1.84683 5.08819
threshold=6.5000000000000009 189.50000000000003 1588.4450000000004 1.0000000180025095e-35 40.500000000000007 131.50000000000003 97358.630000000019 2120.0400000000004
decision_type=2 2 2 2 2 2 10 2
left_child=6 3 -3 4 -2 -6 -1 -8
right_child=1 2 -4 -5 5 -7 7 -9
leaf_value=0.00069831891124422783 0.014030606699073717 0.099072245187862673 -0.022166786301671407 0.010007374853101041 -0.06043121114866766 -0.01429841781712771 0.013055235767801146 -0.041732519634267128
leaf_weight=1619.5827305823614 5.8079084629434865 5.1133045329333964 5.372557869683078 9.3160241519199172 17.16590330005511 9.461644803312991 18.020426939456229 20.302666500656414
leaf_count=130393 2429 2606 2812 1813 7254 4656 4907 6414
internal_value=-5.34847e-05 -0.0116857 0.036954 -0.0239016 -0.0336408 -0.0440387 0.000313024 -0.01597
internal_weight=1710.14 52.2373 10.4859 41.7515 32.4355 26.6275 1657.91 38.3231
internal_count=163284 21570 5418 16152 14339 11910 141714 11321
is_linear=0
shrinkage=0.0750466


Tree=267
num_leaves=9
num_cat=0
split_feature=24 72 16 118 5 5 151 151
split_gain=1.4761 4.89643 3.53796 3.93923 12.1174 4.13496 6.78957 4.0013
threshold=8.5000000000000018 3398.6200000000003 -3350.2649999999999 7478.380000000001 43.500000000000007 45.500000000000007 2.5000000000000004 1.0000000180025095e-35
decision_type=2 2 2 10 2 2 8 8
left_child=-1 2 -2 5 -5 7 -7 -4
right_child=1 -3 3 4 -6 6 -8 -9
leaf_value=0.00054182497940150033 -0.047540722628682773 0.066904572539840529 0.032666593412786972 0.15087789465266296 -0.052676422724747048 0.055001027354908784 -0.012851139624657249 -0.03189451619731578
leaf_weight=1593.9809587021964 13.413366571601726 4.6873114189875187 6.1260231525411646 3.3103672174347585 3.2780221919738324 11.98635432377432 27.048283384160641 46.03544873734063
leaf_count=106430 7142 1185 2709 2299 2737 4673 12980 23129
internal_value=-5.27144e-05 -0.0082305 -0.0113977 -0.00643982 0.0496004 -0.0104884 0.0079842 -0.0243122
internal_weight=1709.87 115.885 111.198 97.7845 6.58839 91.1961 39.0346 52.1615
internal_count=163284 56854 55669 48527 5036 43491 17653 25838
is_linear=0
shrinkage=0.0750466


Tree=268
num_leaves=9
num_cat=0
split_feature=11 123 97 11 153 16 116 116
split_gain=1.37907 4.10018 3.31848 3.64908 6.4923 5.53185 5.00522 3.4853
threshold=18.395000000000003 19.500000000000004 1.0000000180025095e-35 271.98500000000007 9905.9850000000024 -1.0000000180025095e-35 1544.9900000000002 1.0000000180025095e-35
decision_type=2 10 2 2 8 2 8 8
left_child=-1 2 3 5 7 6 -2 -5
right_child=1 -3 -4 4 -6 -7 -8 -9
leaf_value=-0.0028733024293832094 -0.006962602389205901 -0.020324171117436372 -0.00021436380181949244 -0.0040432725736557831 0.033260637940486268 0.033339131927563763 0.018897263153478706 -0.042468862600202911
leaf_weight=621.69663145448794 78.753181574873452 46.18173996751193 734.19885959739258 38.665183674755099 18.932505590068104 60.346069889972568 90.703021837147389 20.260143358671485
leaf_count=13124 3364 6944 123293 6097 1455 2641 2651 3715
internal_value=-5.36739e-05 0.00155744 0.00252737 0.00907022 -0.00497126 0.0138275 0.00687913 -0.017255
internal_weight=1709.74 1088.04 1041.86 307.66 77.8578 229.802 169.456 58.9253
internal_count=163284 150160 143216 19923 11267 8656 6015 9812
is_linear=0
shrinkage=0.0750466


Tree=269
num_leaves=9
num_cat=0
split_feature=135 22 135 18 5 5 22 74
split_gain=1.4527 8.5935 6.31887 5.30875 3.23106 4.46649 8.32431 5.21609
threshold=-927.99999999999989 -9370.4499999999989 -989.49999999999989 252.93500000000003 61.500000000000007 67.500000000000014 -1.0000000180025095e-35 1660.8950000000002
decision_type=8 2 10 2 2 2 2 2
left_child=2 -2 4 -3 -1 7 -7 -6
right_child=1 3 -4 -5 5 6 -8 -9
leaf_value=-0.0015246664296421574 0.012168336530913329 -0.016005651602825355 0.031112587526031552 -0.00096650247805652085 0.0055643769339225168 0.024034511362839763 -0.022351269919936318 0.041642193498331218
leaf_weight=776.48294591390641 168.49918635369795 226.47890798504523 39.757444008204402 317.53144947913825 52.019842121460897 38.26383953615732 50.607009929550259 39.866549322947321
leaf_count=90596 3257 4055 5680 46615 4060 931 5349 2741
internal_value=-5.2818e-05 -0.00264064 0.00179658 -0.0072275 0.00057899 0.00961572 -0.00237961 0.0212174
internal_weight=1709.51 712.51 996.998 544.01 957.24 180.757 88.8708 91.8864
internal_count=163284 53927 109357 50670 103677 13081 6280 6801
is_linear=0
shrinkage=0.0750466


Tree=270
num_leaves=9
num_cat=0
split_feature=63 81 24 24 95 11 27 22
split_gain=1.57585 3.4443 4.54045 1.82305 5.14145 4.14061 4.87954 4.2698
threshold=8.5000000000000018 120485.42000000003 3.5000000000000004 8.5000000000000018 1.0000000180025095e-35 52.845000000000006 8.5000000000000018 158755.75500000003
decision_type=2 2 2 2 2 2 2 2
left_child=3 2 -2 -1 5 -5 -7 -8
right_child=1 -3 -4 4 -6 6 7 -9
leaf_value=0.00031832744667904453 -0.0006244537852175266 -0.024530584348001861 0.076946379571893 -0.064798754844448914 0.023617594387241671 0.00095799528702079505 -0.05367318746718254 0.02807173768618644
leaf_weight=1577.3805798204467 8.6737544018924435 7.2046610201559806 8.3321008654729649 9.4299849947019521 20.899386248350311 52.093869214284496 20.60361085825571 4.3603010925162371
leaf_count=100464 1997 5008 4247 2177 5575 20081 16032 7703
internal_value=-5.26133e-05 0.0189576 0.0373818 -0.000325795 -0.00978714 -0.0178592 -0.012115 -0.0393953
internal_weight=1708.98 24.2105 17.0059 1684.77 107.387 86.4878 77.0578 24.9639
internal_count=163284 11252 6244 152032 51568 45993 43816 23735
is_linear=0
shrinkage=0.0750466


Tree=271
num_leaves=9
num_cat=0
split_feature=127 150 127 123 7 11 63 82
split_gain=1.35527 2.049 1.87421 5.41704 4.53088 3.75173 7.41979 9.65002
threshold=145.50000000000003 34230.270000000011 1221.5000000000002 19.500000000000004 1655.0800000000002 271.98500000000007 3.5000000000000004 2.5000000000000004
decision_type=8 8 8 10 2 2 2 2
left_child=1 -1 5 -4 -5 -2 7 -7
right_child=2 -3 3 4 -6 6 -8 -9
leaf_value=-0.033644058620915684 0.00042529862731755804 0.0016804973425812771 -0.00033421490282908395 -0.0016648184697526148 -0.050508107428781979 0.020927323280244197 0.067050383696501986 -0.035368224982767399
leaf_weight=16.788152027720571 351.1278653232248 20.590943735278415 1160.9886735947894 20.236055067900452 22.68939222631343 80.564233983259328 14.079304742708699 21.78669536014786
leaf_count=3068 13955 2011 111627 2979 3019 13008 5885 7732
internal_value=-5.21589e-05 -0.0141849 0.000263891 -0.00130218 -0.0274822 0.00429635 0.0159706 0.0089441
internal_weight=1708.85 37.3791 1671.47 1203.91 42.9254 467.558 116.43 102.351
internal_count=163284 5079 158205 117625 5998 40580 26625 20740
is_linear=0
shrinkage=0.0750466


Tree=272
num_leaves=9
num_cat=0
split_feature=39 120 150 150 7 73 142 11
split_gain=1.27246 4.13609 6.85149 2.31119 2.51883 1.96002 6.81875 4.05488
threshold=82168.650000000009 182988.00000000003 953.55500000000018 9483.6900000000023 3616.7500000000005 9.5000000000000018 63342.000000000007 1958.5550000000001
decision_type=2 8 8 10 2 2 10 2
left_child=5 -2 -3 -4 -5 7 -7 -1
right_child=1 2 3 4 -6 6 -8 -9
leaf_value=0.00057583743049296717 -0.041844140714429101 0.077761334008884325 -0.028692215047274511 -0.012964149724655148 0.074775176633027435 -0.049637000122183229 -0.0021177450155976329 0.025824842134889902
leaf_weight=1440.5870838111114 16.97872460040162 5.8009961257666873 16.695748681264384 4.7844757238744924 2.9971415367208465 18.9550099823864 165.48337864395307 36.735617118491064
leaf_count=82121 4896 1442 3907 3768 2741 2616 49499 12294
internal_value=-5.23141e-05 -0.0121954 0.00443024 -0.0129488 0.0208292 0.000293011 -0.00700137 0.00120369
internal_weight=1709.02 47.2571 30.2784 24.4774 7.78162 1661.76 184.438 1477.32
internal_count=163284 16754 11858 10416 6509 146530 52115 94415
is_linear=0
shrinkage=0.0750466


Tree=273
num_leaves=9
num_cat=0
split_feature=80 109 9 9 112 138 22 135
split_gain=1.5368 5.76609 12.6672 6.08703 6.48498 7.14098 10.3082 6.39389
threshold=2.5000000000000004 1.0000000180025095e-35 225.28500000000003 2798.8850000000007 360218.03500000009 12094.745000000001 65850.970000000016 -1840.4999999999998
decision_type=2 2 2 2 10 10 2 8
left_child=-1 2 -2 4 7 -6 -7 -3
right_child=1 3 -4 -5 5 6 -8 -9
leaf_value=-0.00096150610116791627 0.05273996103091199 -0.03779527144726192 -0.033686950658131515 0.045952721085945891 -0.0098362394388422612 0.12525576045945935 -0.011865045656588425 0.0073118108785345508
leaf_weight=1468.8714455584404 12.129491908730413 20.942549417501141 44.926266854616188 25.595880139139808 8.5046448397115473 8.9185973127459857 4.722779848533718 114.25723616774667
leaf_count=106452 1471 4947 9337 7806 1259 3072 5087 23853
internal_value=-5.18089e-05 0.00551587 -0.0153134 0.0120121 0.00649089 0.0441351 0.0777832 0.00032469
internal_weight=1708.87 239.997 57.0558 182.942 157.346 22.146 13.6414 135.2
internal_count=163284 56832 10808 46024 38218 9418 8159 28800
is_linear=0
shrinkage=0.0750466


Tree=274
num_leaves=9
num_cat=0
split_feature=22 115 18 116 83 83 10 18
split_gain=1.34434 4.5439 7.24055 5.01425 10.2976 6.08813 7.4183 4.48254
threshold=6061.1650000000009 22079.930000000004 952.04500000000019 45741.250000000007 8364.1150000000016 18768.025000000005 -1.0000000180025095e-35 7623.4400000000005
decision_type=2 8 2 8 2 2 2 2
left_child=7 -2 -3 4 -4 6 -5 -1
right_child=1 2 3 5 -6 -7 -8 -9
leaf_value=-0.00011339513835724434 -0.0076417006490412708 -0.040494618007154315 -0.025481789838962654 0.061183986093869963 0.12031544665989451 -0.023430171495617651 3.8689248914433338e-06 0.01660338194115249
leaf_weight=1182.5074135916184 339.99124932881296 12.936262565992363 4.3683894726818853 20.009471004188526 7.2672096594533286 19.143776516614707 25.244455609685247 97.812622377357911
leaf_count=37675 88341 586 1910 4081 4212 6033 2342 18104
internal_value=-5.45098e-05 -0.00369055 0.0114085 0.0202393 0.0655783 0.0120472 0.0270553 0.00116372
internal_weight=1709.28 428.961 88.9696 76.0333 11.6356 64.3977 45.2539 1280.32
internal_count=163284 107505 19164 18578 6122 12456 6423 55779
is_linear=0
shrinkage=0.0750466


Tree=275
num_leaves=9
num_cat=0
split_feature=5 50 135 5 5 99 6 150
split_gain=1.3839 3.76709 4.30073 3.2893 5.7439 4.25894 3.86437 6.82534
threshold=76.500000000000014 1.0000000180025095e-35 -1171.4999999999998 67.500000000000014 61.500000000000007 1.0000000180025095e-35 123.50000000000001 7173.1900000000014
decision_type=2 2 10 2 2 2 2 8
left_child=1 3 -3 4 5 -1 -5 -8
right_child=-2 2 -4 6 -6 -7 7 -9
leaf_value=-0.0014493759946169328 0.013436612113038702 -0.00087645475826032034 -0.064925856492909884 0.0044154362047703422 0.014574405804821746 0.019267299057389033 0.004895793928249733 -0.04031774533081886
leaf_weight=1297.5976185792624 41.767304707078438 12.971052863339539 10.83760517642804 52.070122721404914 157.72160354393054 58.40414170789154 31.628148472118482 46.375942088016018
leaf_count=127868 2872 3173 7144 2243 10682 3615 1776 3911
internal_value=-5.58875e-05 -0.000393824 -0.0300315 3.54458e-05 0.00101953 -0.000557091 -0.0114167 -0.0219851
internal_weight=1709.37 1667.61 23.8087 1643.8 1513.72 1356 130.074 78.0041
internal_count=163284 160412 10317 150095 142165 131483 7930 5687
is_linear=0
shrinkage=0.0750466


Tree=276
num_leaves=9
num_cat=0
split_feature=80 131 150 104 131 131 150 56
split_gain=1.26908 3.89424 4.455 2.99522 3.20169 4.24022 4.11792 5.14403
threshold=2.5000000000000004 909.07500000000016 12306.960000000001 35229.000000000007 1378.2750000000003 310.84500000000008 5236.5900000000011 2594.0100000000007
decision_type=2 10 10 2 10 10 8 2
left_child=1 -1 -3 4 5 6 -2 -8
right_child=3 2 -4 -5 -6 -7 7 -9
leaf_value=4.3431167979834969e-05 0.023263060976729772 -0.0068171640498919236 -0.047847339369616673 -0.018674531131826332 0.03324752336811642 -0.029319460304123916 -0.0085219683763973399 0.034254789824038609
leaf_weight=1387.5773338328927 64.673167779081268 60.08907478025867 19.819949967179127 26.788954427402132 24.888131208736013 18.69013758397432 87.103869570672032 19.349568160278068
leaf_count=88809 8701 8849 8794 11347 9991 6107 13450 7236
internal_value=-5.46977e-05 -0.000884305 -0.0169939 0.00498658 0.0079388 0.0046204 0.00832725 -0.000746627
internal_weight=1708.98 1467.49 79.909 241.494 214.705 189.817 171.127 106.453
internal_count=163284 106452 17643 56832 45485 35494 29387 20686
is_linear=0
shrinkage=0.0750466


Tree=277
num_leaves=9
num_cat=0
split_feature=82 153 85 125 5 5 147 153
split_gain=1.22532 4.23561 4.53057 4.30599 2.25908 3.44811 3.11528 1.61917
threshold=6.5000000000000009 9905.9850000000024 2404.6500000000005 -3240.0249999999996 53.500000000000007 42.500000000000007 -23472.079999999998 20451.255000000001
decision_type=2 8 2 10 2 2 8 10
left_child=7 3 -3 4 5 6 -2 -1
right_child=1 2 -4 -5 -6 -7 -8 -9
leaf_value=0.00064785052445504629 -0.0021959433720676862 -0.019827052154913035 0.063516878709438354 0.027632659738122674 -0.075982200802874919 0.017130805249584023 -0.070072910116171255 -0.015617714407839794
leaf_weight=1621.7094840727495 5.9985198926442536 7.1946325098260768 7.5054788627339803 7.1275936120455325 6.6127312640401206 7.1556726615835933 10.428903630572682 35.21647436303374
leaf_count=134830 3276 2388 2787 2511 3085 3714 3809 6884
internal_value=-5.39328e-05 -0.0113947 0.0227261 -0.0248334 -0.0372178 -0.0263483 -0.0452874 0.000302141
internal_weight=1708.95 52.0235 14.7001 37.3234 30.1958 23.5831 16.4274 1656.93
internal_count=163284 21570 5175 16395 13884 10799 7085 141714
is_linear=0
shrinkage=0.0750466


Tree=278
num_leaves=9
num_cat=0
split_feature=48 134 150 118 23 150 39 142
split_gain=1.27777 6.13008 4.4045 4.04718 3.81646 2.87084 2.81438 8.19824
threshold=1.0000000180025095e-35 106977.60000000002 1998.6300000000003 17903.090000000004 1.5000000000000002 8303.6200000000008 25863.355000000003 800917.97000000009
decision_type=2 10 8 8 2 10 2 8
left_child=6 -2 -3 -4 5 -5 -1 -8
right_child=1 2 3 4 -6 -7 7 -9
leaf_value=-9.1643321050304021e-05 0.026025247726652809 0.023642204830404166 -0.050184478718610509 -0.010714712285354465 -0.030025322888766796 0.042698944770796242 -0.03231800996511059 0.05355067029290534
leaf_weight=1529.2331647023457 55.546854126732796 19.970225030524489 15.396858185838935 11.494039863729997 18.928081705845216 11.178973890385349 39.579430816855165 7.4389349217071858
leaf_count=126101 4984 1780 5686 1302 4069 3532 12930 2900
internal_value=-5.26589e-05 0.0070251 -0.00668705 -0.0173134 -0.00514762 0.015621 -0.000647684 -0.0187324
internal_weight=1708.77 132.515 76.9682 56.998 41.6011 22.673 1576.25 47.0184
internal_count=163284 21353 16369 14589 8903 4834 141931 15830
is_linear=0
shrinkage=0.0750466


Tree=279
num_leaves=9
num_cat=0
split_feature=135 13 127 72 72 71 145 31
split_gain=1.29715 1.50134 1.92478 2.73971 8.10482 5.56096 5.17722 4.98091
threshold=-136.99999999999997 1.5000000000000002 145.50000000000003 387.90500000000003 1708.4500000000003 1.5000000000000002 12.500000000000002 3706.1800000000007
decision_type=10 2 8 2 2 2 8 2
left_child=1 2 -1 5 6 7 -5 -4
right_child=-2 -3 3 4 -6 -7 -8 -9
leaf_value=-0.018027546429488405 -0.016759089023235186 -0.016463195688606498 0.0059488845828190489 -0.010412266289649958 0.00074924746448421994 0.04170089954368255 -0.047331775344068031 -0.018298404211547891
leaf_weight=30.971016995768878 25.779013994189881 29.898821675684303 486.75834620368187 70.937177078123568 958.23933853170274 22.438662965156254 30.627882682420022 52.899160753100659
leaf_count=4808 2162 822 76664 6484 41320 711 1063 29250
internal_value=-5.23915e-05 0.000203545 0.00050503 0.000858919 -0.00138736 0.00509417 -0.0215457 0.00357208
internal_weight=1708.55 1682.77 1652.87 1621.9 1059.8 562.096 101.565 539.658
internal_count=163284 161122 160300 155492 48867 106625 7547 105914
is_linear=0
shrinkage=0.0750466


Tree=280
num_leaves=9
num_cat=0
split_feature=64 116 147 31 116 138 112 112
split_gain=1.28152 4.22697 4.94971 4.11735 2.80853 4.61645 2.24765 3.89648
threshold=11572.960000000001 26569.950000000004 -52197.869999999988 1.0000000180025095e-35 4923.1550000000016 21996.515000000003 228031.20000000004 139352.40000000002
decision_type=2 10 10 2 10 8 10 10
left_child=-1 3 -3 6 -5 -6 7 -2
right_child=1 2 -4 4 5 -7 -8 -9
leaf_value=0.00045851202276492515 -0.0067188286337649394 -0.018238386754711868 0.0993295380024799 -0.069529013238557563 0.034106033931698566 -0.062364135032742914 -0.024544469185617583 0.044093629541612056
leaf_weight=1609.3637985062587 37.24833417883201 3.8317170480277127 4.2579646986850985 10.446502518811032 5.4426412928278278 5.7401741659696199 20.984136041110105 11.012363293988527
leaf_count=126029 8041 2691 2251 4862 2032 4846 9194 3338
internal_value=-5.11926e-05 -0.00834008 0.0436429 -0.0129676 -0.0415496 -0.0154124 -0.00403979 0.00487581
internal_weight=1708.33 98.9638 8.08968 90.8742 21.6293 11.1828 69.2448 48.2607
internal_count=163284 37255 4942 32313 11740 6878 20573 11379
is_linear=0
shrinkage=0.0750466


Tree=281
num_leaves=9
num_cat=0
split_feature=146 74 127 58 127 97 72 74
split_gain=1.21987 5.58673 5.67177 2.49058 1.56236 5.24471 2.09241 8.26453
threshold=1.0000000180025095e-35 2126.0350000000003 3462.5000000000005 694.42000000000007 145.50000000000003 3.5000000000000004 387.90500000000003 1588.4450000000004
decision_type=10 2 8 2 8 2 2 2
left_child=4 2 3 -2 5 -1 -6 -8
right_child=1 -3 -4 -5 6 -7 7 -9
leaf_value=0.012501050709096535 -0.0079706973584101875 0.03387458641606448 -0.034180642179204364 0.027961181737560507 0.0034752520222702961 -0.046380360305205655 -0.022233275723101305 5.7053456238993346e-05
leaf_weight=17.331557453569985 19.900948752223485 31.928423334706167 23.296689461525602 23.925907610656395 560.60517240681656 16.757083600630722 104.43106236669155 909.95871310616349
leaf_count=1623 1997 4371 3725 3332 100880 3219 5885 38252
internal_value=-5.06883e-05 0.00803254 -0.00425966 0.0116452 -0.000548275 -0.0164435 -0.000204244 -0.00223773
internal_weight=1708.14 99.052 67.1235 43.8269 1609.08 34.0886 1574.99 1014.39
internal_count=163284 13425 9054 5329 149859 4842 145017 44137
is_linear=0
shrinkage=0.0750466


Tree=282
num_leaves=9
num_cat=0
split_feature=83 57 85 116 83 116 0 83
split_gain=1.38093 5.04054 8.33382 3.53151 2.62871 4.01841 3.45739 2.50039
threshold=175657.12500000003 2.5000000000000004 1.0000000180025095e-35 1.0000000180025095e-35 92470.055000000008 702.78000000000009 32756022.000000004 53371.560000000005
decision_type=2 2 2 8 2 8 2 2
left_child=4 3 -3 -2 7 6 -6 -1
right_child=1 2 -4 -5 5 -7 -8 -9
leaf_value=-0.00040399381999391913 0.026773369758922715 -0.0046172532612245316 0.15128325308748744 -0.038557728665941746 0.039681738600305265 -0.052253614453272437 -0.029332455534942833 0.017585932670465154
leaf_weight=1607.0309915884382 9.8454823794745643 4.1579120550477446 3.6058491243029493 8.8476217225615983 7.6413994446720634 13.72302150948599 8.7919805829069428 44.723001050237144
leaf_count=131076 2414 2388 2438 2411 2337 4872 2464 12884
internal_value=-5.01764e-05 0.0169619 0.0677901 -0.00414845 -0.000317781 -0.0222753 0.00275863 8.31026e-05
internal_weight=1708.37 26.4569 7.76376 18.6931 1681.91 30.1564 16.4334 1651.75
internal_count=163284 9651 4826 4825 153633 9673 4801 143960
is_linear=0
shrinkage=0.0750466


Tree=283
num_leaves=9
num_cat=0
split_feature=33 138 7 140 125 20 0 25
split_gain=1.24584 3.09365 1.73689 7.4329 5.99952 3.35026 5.48794 2.81491
threshold=175039.38000000003 1.0000000180025095e-35 5005.1550000000016 17914.180000000004 -367.86499999999995 34.560000000000009 37799697.500000007 35114.595000000008
decision_type=2 10 2 8 8 2 2 2
left_child=2 -2 7 4 -4 -5 -7 -1
right_child=1 -3 3 5 -6 6 -8 -9
leaf_value=3.9171720010674348e-05 -0.0017063194848444883 -0.063458928825770686 0.080961939719817702 0.0054700219954189394 0.016280469804707126 -0.061798152772922457 0.014045504295914757 -0.020513528300233383
leaf_weight=1527.1914162165322 18.756771089727412 6.0404177760847224 11.764913081755365 58.637653892597882 25.760582709917799 12.402411810169726 9.4805090290010394 38.476474070037511
leaf_count=112338 2258 7350 3300 3973 5061 4497 1440 23067
internal_value=-4.99984e-05 -0.0167488 0.000195936 0.00897418 0.0365593 -0.00388147 -0.0289398 -0.000465913
internal_weight=1708.51 24.7972 1683.71 118.046 37.5255 80.5206 21.8829 1565.67
internal_count=163284 9608 153676 18271 8361 9910 5937 135405
is_linear=0
shrinkage=0.0750466


Tree=284
num_leaves=9
num_cat=0
split_feature=10 22 141 118 67 82 141 138
split_gain=1.27696 3.66882 7.57221 3.57243 2.72423 4.35528 2.72078 2.89116
threshold=-3005.3049999999998 54211.545000000006 10.535000000000002 927.0150000000001 1.0000000180025095e-35 1.0000000180025095e-35 0.79500000000000015 29617.135000000006
decision_type=2 2 8 8 2 2 10 8
left_child=1 3 -3 -1 -2 -6 7 -5
right_child=4 2 -4 6 5 -7 -8 -9
leaf_value=0.030803450732249719 9.7748963060880823e-06 -0.069015847670165789 0.07497669453806112 -0.046068939101402605 0.049561810043551792 -0.011644747281341059 0.0194996315483159 -0.004507248738096087
leaf_weight=14.699583964924386 1600.3234644657896 11.753816457166973 2.4931470940346125 15.446495922495162 15.722877486776271 11.220017393742635 12.459978949022114 24.186737102123512
leaf_count=2936 130143 11755 2327 1732 1931 4618 3337 4505
internal_value=-4.96896e-05 -0.00924396 -0.0438179 -0.00186931 0.000408196 0.0240731 -0.0110889 -0.0207053
internal_weight=1708.31 81.0398 14.247 66.7928 1627.27 26.9429 52.0932 39.6332
internal_count=163284 26592 14082 12510 136692 6549 9574 6237
is_linear=0
shrinkage=0.0750466


Tree=285
num_leaves=9
num_cat=0
split_feature=153 17 24 24 7 74 153 127
split_gain=1.1963 3.40421 4.24029 14.5265 2.63301 3.10582 10.8499 3.21051
threshold=475.06500000000005 3.5000000000000004 1.0000000180025095e-35 5.5000000000000009 2050.3150000000005 2806.0050000000006 3853.3050000000007 1922.5000000000002
decision_type=8 2 2 2 2 2 10 10
left_child=-1 4 -3 -4 5 -2 -7 -8
right_child=1 2 3 -5 -6 6 7 -9
leaf_value=0.0020679324360841438 -0.0075479735265421696 -0.003174452526547722 0.10295119266833262 -0.019322146686380423 0.0023289313117356618 0.082731811565947222 0.019240722697919141 -0.045220631932849517
leaf_weight=799.54345732361799 508.22765577863356 25.386915660557861 10.959696723264644 10.92904274470129 326.01296210252804 9.5856563164070412 7.8513845964371312 9.7617375931117731
leaf_count=35930 73305 1445 1658 2818 41518 1190 1675 3745
internal_value=-4.92902e-05 -0.00191215 0.0176952 0.0419001 -0.0029882 -0.00622572 0.0184815 -0.0164858
internal_weight=1708.26 908.715 47.2757 21.8887 861.439 535.426 27.1988 17.6131
internal_count=163284 127354 5921 4476 121433 79915 6610 5420
is_linear=0
shrinkage=0.0750466


Tree=286
num_leaves=9
num_cat=0
split_feature=8 12 9 12 21 31 6 10
split_gain=1.37958 7.75744 4.04834 4.85645 13.1051 5.67408 4.10734 4.52875
threshold=9683.5850000000009 4.5000000000000009 1656.3400000000004 5.5000000000000009 1.0000000180025095e-35 9076.3150000000023 54.500000000000007 -2212.1799999999994
decision_type=2 2 2 2 2 2 2 2
left_child=2 -2 3 -1 -5 -6 -4 -8
right_child=1 -3 6 4 5 -7 7 -9
leaf_value=-0.013393981485122181 0.01850693675850907 -0.0047420018129961626 -0.0043845296780526347 0.055863592913602635 0.0014273904433880576 -0.037180973489167324 -0.0058367173618793806 0.022721805665220501
leaf_weight=142.73629458984942 90.642125951475464 746.7052057874439 78.172261772906495 24.486035873393121 424.54670684530356 22.578656223384314 40.443940338882385 137.91263256514503
leaf_count=3048 1033 90869 2704 1106 43807 8480 8061 4176
internal_value=-5.03363e-05 -0.00222532 0.00204091 -0.00126546 0.00240532 -0.000522231 0.00995918 0.0162459
internal_weight=1708.22 837.347 870.877 614.348 471.611 447.125 256.529 178.357
internal_count=163284 91902 71382 56441 53393 52287 14941 12237
is_linear=0
shrinkage=0.0750466


Tree=287
num_leaves=9
num_cat=0
split_feature=5 5 5 27 99 4 81 51
split_gain=1.21209 2.7104 5.04803 6.19895 3.28346 3.673 2.86081 2.55135
threshold=76.500000000000014 67.500000000000014 63.500000000000007 2.5000000000000004 1.5000000000000002 1.5000000000000002 8797.7650000000012 1.0000000180025095e-35
decision_type=2 2 2 2 2 2 2 2
left_child=1 2 4 -4 5 7 -3 -1
right_child=-2 6 3 -5 -6 -7 -8 -9
leaf_value=0.00044777460818771456 0.012527448091637819 -0.0046232565892201927 0.029735301246927952 -0.00851222618869878 0.021960417195792243 -0.024543469353855468 -0.030686351532910522 -0.010937288185022754
leaf_weight=1231.5381414031617 42.087321938644891 103.72234436956569 68.459647573981783 36.637975371282664 35.30494953953712 36.998977200153604 30.751264022539544 121.82241901754696
leaf_count=57390 2872 3913 1979 5674 1406 2016 5920 82114
internal_value=-5.02905e-05 -0.000368181 0.000529194 0.0164019 -0.000640913 -0.00121482 -0.0105833 -0.000577049
internal_weight=1707.32 1665.24 1530.76 105.098 1425.66 1390.36 134.474 1353.36
internal_count=163284 160412 150579 7653 142926 141520 9833 139504
is_linear=0
shrinkage=0.0750466


Tree=288
num_leaves=9
num_cat=0
split_feature=80 33 24 123 24 6 64 64
split_gain=1.31368 5.41209 4.99239 5.94146 5.3857 7.80726 4.61958 4.41735
threshold=2.5000000000000004 8897.4100000000017 4.5000000000000009 5.5000000000000009 1.0000000180025095e-35 135.50000000000003 1745.0100000000002 2206.9200000000005
decision_type=2 2 2 10 2 2 2 2
left_child=6 2 3 4 -2 -6 -1 -4
right_child=1 -3 7 -5 5 -7 -8 -9
leaf_value=0.00037775947113587367 0.009568644802297032 -0.039482069872277765 -0.024152491640219841 -0.015850446886910844 0.019989771600990636 0.081316515822773008 -0.014862591074049875 0.010610656644508271
leaf_weight=1343.1726332067265 66.891537944735319 14.425622593340902 41.275248972468034 26.366864142952181 32.613822144568985 18.224131784212659 122.20591353679038 41.071759910725632
leaf_count=70025 5946 11314 10616 4646 4366 3512 36427 16432
internal_value=-4.897e-05 0.00508719 0.00792648 0.0163502 0.0235619 0.0419739 -0.000893217 -0.00681387
internal_weight=1706.25 240.869 226.443 144.096 117.729 50.838 1465.38 82.347
internal_count=163284 56832 45518 18470 13824 7878 106452 27048
is_linear=0
shrinkage=0.0750466


Tree=289
num_leaves=9
num_cat=0
split_feature=8 18 0 7 113 63 8 5
split_gain=1.36545 3.49727 3.818 6.44124 5.49436 3.15818 5.2106 10.9238
threshold=-1.0000000180025095e-35 13442.075000000003 52138181.000000007 278.72500000000008 -1475.4999999999998 4.5000000000000009 8212.8900000000012 42.500000000000007
decision_type=2 2 2 2 10 2 2 2
left_child=1 2 3 4 -1 -2 7 -7
right_child=5 -3 -4 -5 -6 6 -8 -9
leaf_value=0.026429595468505682 -0.001688676465485966 -0.014851001202709151 -0.0060978590213526321 0.042036725251744449 -0.0087246699078843918 -0.0098915111188010441 0.0025551236621911872 0.10868460571034107
leaf_weight=43.397684696959914 1392.4578111033316 41.15580531373962 63.955269627698726 38.820017749314502 59.190951826207311 8.6371089864987898 49.589971100642288 8.868501176379139
leaf_count=3040 104230 18136 4637 1787 5684 2285 21100 2385
internal_value=-4.98418e-05 0.00511615 0.00911766 0.0159992 0.00614651 -0.000922383 0.0149808 0.0501802
internal_weight=1706.07 246.52 205.364 141.409 102.589 1459.55 67.0956 17.5056
internal_count=163284 33284 15148 10511 8724 130000 25770 4670
is_linear=0
shrinkage=0.0750466


Tree=290
num_leaves=9
num_cat=0
split_feature=109 16 0 108 0 74 6 16
split_gain=1.2709 7.41068 5.71284 5.45711 5.29325 4.65018 6.8252 8.76006
threshold=1.0000000180025095e-35 -3350.2649999999999 64376656.000000007 1.0000000180025095e-35 26921913.500000004 1588.4450000000004 105.50000000000001 -1.0000000180025095e-35
decision_type=2 2 2 2 2 2 2 2
left_child=-1 2 4 5 -2 -3 7 -7
right_child=1 3 -4 -5 -6 6 -8 -9
leaf_value=-0.0019148504709488449 -0.040749862551996863 -0.0021591071647863269 -0.047238472401217986 0.041645826037690604 -0.00011778573376171164 0.033324546850742334 -0.00072380617774004861 -0.0061796331967776744
leaf_weight=933.01632501551558 21.390262068450284 293.16102172513365 22.509991690785682 23.207633242509473 115.87668023678543 110.78652126342968 141.96818850407999 44.238045687160593
leaf_count=45895 3089 64780 1979 3170 13862 4764 20370 5375
internal_value=-5.0353e-05 0.00219971 -0.012196 0.00594969 -0.00644947 0.00454595 0.0111645 0.0220516
internal_weight=1706.15 773.138 159.777 613.361 137.267 590.154 296.993 155.025
internal_count=163284 117389 18930 98459 16951 95289 30509 10139
is_linear=0
shrinkage=0.0750466


Tree=291
num_leaves=9
num_cat=0
split_feature=72 7 149 112 149 149 150 120
split_gain=1.28653 6.71723 5.65009 4.87318 4.31567 4.73108 3.94947 5.76179
threshold=387.90500000000003 568.82500000000016 489.50000000000006 828608.47500000009 4024.5000000000005 4894.5000000000009 7173.1900000000014 588362.69500000007
decision_type=2 2 10 8 10 10 8 10
left_child=6 3 -3 -2 -4 -6 -1 -8
right_child=1 2 4 -5 5 -7 7 -9
leaf_value=-0.00508576226116243 -0.028136659755934674 -0.0080297861907982233 0.0080295782888103774 0.0099224464514391479 -0.023585925954555421 0.0023524448442991592 0.004747435146781223 0.040061361652461658
leaf_weight=231.57453992314822 82.800090197908503 309.82349254600558 478.42869614156552 24.570301328512869 56.316838045177064 133.45015922431048 361.1354712894672 28.041710657945714
leaf_count=43013 7670 4567 19915 2108 3997 11775 58672 11567
internal_value=-5.06309e-05 -0.00160911 0.000347042 -0.0194273 0.00423114 -0.00534524 0.00267438 0.00729194
internal_weight=1706.14 1085.39 978.019 107.37 668.196 189.767 620.752 389.177
internal_count=163284 50032 40254 9778 35687 15772 113252 70239
is_linear=0
shrinkage=0.0750466


Tree=292
num_leaves=9
num_cat=0
split_feature=64 7 112 150 24 0 24 9
split_gain=1.18081 4.27022 5.53475 5.21897 5.72489 1.90617 1.59206 3.88604
threshold=25194.515000000003 421.61500000000007 278704.80000000005 29747.050000000003 3.5000000000000004 31507133.500000004 8.5000000000000018 2798.8850000000007
decision_type=2 2 8 8 2 2 2 2
left_child=6 -2 3 4 -3 -4 -1 -8
right_child=1 2 5 -5 -6 -7 7 -9
leaf_value=0.00089085432269897177 -0.048539905036615087 0.0077800548368799393 -0.0086506932587245306 -0.024850903219336865 0.10471801524612769 -0.057880439102670912 -0.014257507912316321 0.031618439952870184
leaf_weight=1554.1285377838722 12.945164992084754 7.102001406317866 10.761672691779497 7.0396819385987355 6.6382838520130463 7.5284011703934075 88.48419485152408 11.784095500106558
leaf_count=93585 6476 1704 5353 2006 2954 2795 44452 3959
internal_value=-5.05201e-05 -0.0111841 0.00119315 0.027693 0.0546133 -0.0289142 0.000299525 -0.00886591
internal_weight=1706.41 52.0152 39.07 20.78 13.7403 18.2901 1654.4 100.268
internal_count=163284 21288 14812 6664 4658 8148 141996 48411
is_linear=0
shrinkage=0.0750466


Tree=293
num_leaves=9
num_cat=0
split_feature=6 82 153 153 113 82 113 113
split_gain=1.28563 2.60702 4.82338 2.4644 3.08725 2.44474 5.26275 5.60068
threshold=289.50000000000006 6.5000000000000009 20451.255000000001 9905.9850000000024 -927.99999999999989 4.5000000000000009 -440.49999999999994 -805.49999999999989
decision_type=2 2 8 8 10 2 8 10
left_child=1 5 -3 4 -2 -1 7 -7
right_child=3 2 -4 -5 -6 6 -8 -9
leaf_value=-0.00046188584108289109 -0.020901067288021578 -0.029928776435252664 0.027882792836316259 0.033699450828223065 0.016141094505396154 0.010913516705920308 -0.020865953591950596 0.077400151407096954
leaf_weight=1540.930536744052 20.797228486130734 38.174509298673911 10.326725212623385 18.137996260578802 32.434227110637948 20.204869960580254 14.081929162095546 11.031624615313378
leaf_count=119468 2349 17843 2389 1802 5997 6278 3320 3838
internal_value=-5.02365e-05 -0.000480679 -0.0176197 0.00980924 0.00166893 4.33657e-05 0.0172231 0.0343942
internal_weight=1706.12 1634.75 48.5012 71.3695 53.2315 1586.25 45.3184 31.2365
internal_count=163284 153136 20232 10148 8346 132904 13436 10116
is_linear=0
shrinkage=0.0750466


Tree=294
num_leaves=9
num_cat=0
split_feature=149 151 20 140 80 80 20 24
split_gain=1.17382 3.2326 6.0721 4.14778 5.39906 3.23719 2.7918 7.13603
threshold=5660.5000000000009 10.500000000000002 3581.3600000000001 34230.270000000011 2.5000000000000004 1.0000000180025095e-35 203.56500000000003 19.500000000000004
decision_type=10 10 2 8 2 2 2 2
left_child=6 2 5 -3 -5 -2 -1 -8
right_child=1 3 -4 4 -6 -7 7 -9
leaf_value=0.0007419712505636947 0.018277713584526088 -0.066483958698830142 0.050578874815364348 -0.044387262947785014 0.074578339177051381 -0.010439044279665782 -0.010842968995133767 0.050495486274516679
leaf_weight=1340.4856930216665 42.927474733431154 7.2407604608542879 18.675260846757737 4.6558314492726804 3.9895454678694477 45.586323817502489 231.23306243315437 11.199363737201564
leaf_count=91652 2498 2565 5191 2452 2717 5876 42019 8314
internal_value=-4.94386e-05 0.00701028 0.0116925 -0.0245825 0.0105113 0.00348803 -0.000598347 -0.00800939
internal_weight=1705.99 123.075 107.189 15.8861 8.64538 88.5138 1582.92 242.432
internal_count=163284 21299 13565 7734 5169 8374 141985 50333
is_linear=0
shrinkage=0.0750466


Tree=295
num_leaves=9
num_cat=0
split_feature=0 125 147 137 127 118 137 30
split_gain=1.21389 3.67624 2.87901 2.70977 2.59135 1.8047 4.05215 6.82589
threshold=15842220.000000002 -1.0000000180025095e-35 -25805.769999999997 52892.525000000001 2773.5000000000005 5692.1350000000011 52892.525000000001 8.5000000000000018
decision_type=2 8 10 8 10 10 10 2
left_child=1 2 -1 4 -3 -2 7 -7
right_child=5 3 -4 -5 -6 6 -8 -9
leaf_value=-0.068888015318585016 5.2420904768158242e-07 -0.022030456556962119 -0.011142080237460295 0.017359484615478305 0.0054602331121440199 0.023684854912793554 0.047842971905530857 -0.03468094809399936
leaf_weight=8.7846433866670868 1514.9790645700341 41.035532067231543 10.890972847771989 30.349276676948648 36.478431371911938 31.257775374284392 14.451061625508371 17.661375879068146
leaf_count=4149 126804 3393 2307 2371 4109 7261 7674 5216
internal_value=-4.95397e-05 -0.00709202 -0.0369241 -0.00165027 -0.00909321 0.000519529 0.0129273 0.00261294
internal_weight=1705.89 127.539 19.6756 107.863 77.514 1578.35 63.3702 48.9192
internal_count=163284 16329 6456 9873 7502 146955 20151 12477
is_linear=0
shrinkage=0.0750466


Tree=296
num_leaves=9
num_cat=0
split_feature=72 74 137 147 71 0 46 137
split_gain=1.18951 8.10844 5.24919 4.79655 4.52428 4.00159 3.64062 7.92495
threshold=387.90500000000003 1588.4450000000004 -1.0000000180025095e-35 -1305.0149999999996 1.5000000000000002 14632853.000000002 1.0000000180025095e-35 1316.4200000000003
decision_type=2 2 8 8 2 2 2 8
left_child=2 3 -1 -2 6 -3 -4 -8
right_child=1 5 4 -5 -6 -7 7 -9
leaf_value=-0.033775664414491459 -0.038730863568186578 -0.019978336517215305 0.003961561223015179 -0.0073082575634397665 0.03588972531522449 0.0017758953724512159 0.043807725500119341 -0.044746212000750671
leaf_weight=21.601604437706555 47.619226927763521 50.214450946965371 545.33254851511401 64.306155873200623 23.876667508568062 922.35982520845209 7.5778978573653148 22.866801742119609
leaf_count=1608 5288 4041 97386 1464 777 39239 977 12504
internal_value=-4.86775e-05 -0.00154863 0.00256972 -0.0206772 0.00387901 0.000652715 0.00255157 -0.0227045
internal_weight=1705.76 1084.5 621.256 111.925 599.654 972.574 575.777 30.4447
internal_count=163284 50032 113252 6752 111644 43280 110867 13481
is_linear=0
shrinkage=0.0750466


Tree=297
num_leaves=9
num_cat=0
split_feature=142 142 118 9 18 0 5 142
split_gain=1.43328 1.6723 3.62323 4.83872 5.00032 8.09643 11.1551 2.90551
threshold=1531764.9800000002 588362.69500000007 694.53000000000009 448.33500000000004 15722.845000000003 34241628.000000007 59.500000000000007 586124.29000000015
decision_type=10 10 10 2 2 2 2 10
left_child=1 7 3 -3 -5 6 -6 -1
right_child=-2 2 -4 4 5 -7 -8 -9
leaf_value=9.1050315405800304e-05 -0.018532822345833491 -0.012181327635787475 -0.025161900732133313 0.014682744199216086 -0.048572530886275542 0.14048768319247287 0.11358331802439753 -0.022063853297537728
leaf_weight=1548.6580147629074 23.304077796620732 25.015796337171196 14.400147118612947 45.144376063472009 5.3194154285401947 5.1896577750349016 4.33758492789093 34.071832585149423
leaf_count=134519 4530 2327 6729 2279 3465 2295 1649 5491
internal_value=-4.89463e-05 0.000207127 0.00964887 0.0155458 0.0271078 0.0648889 0.0242622 -0.000385884
internal_weight=1705.44 1682.14 99.407 85.0068 59.991 14.8467 9.657 1582.73
internal_count=163284 158754 18744 12015 9688 7409 5114 140010
is_linear=0
shrinkage=0.0750466


Tree=298
num_leaves=9
num_cat=0
split_feature=6 142 102 6 135 135 7 150
split_gain=1.17406 2.75752 1.97829 3.47206 1.94907 3.8893 1.80388 4.80601
threshold=289.50000000000006 119646.00000000001 1.0000000180025095e-35 85.500000000000014 -1171.4999999999998 -744.49999999999989 5005.1550000000016 7173.1900000000014
decision_type=2 10 2 2 10 10 2 8
left_child=2 -2 6 -4 -3 -6 -1 -8
right_child=1 4 3 -5 5 -7 7 -9
leaf_value=-0.00068564062703932297 0.026030560294380011 -0.028737078543768623 0.0044028981474719666 -0.033396906658071483 0.034529236768416238 -0.021430138248860323 0.03697417942692599 0.00062622481960590841
leaf_weight=1464.442263683396 31.375344835869328 12.168946060373854 27.385821295243659 27.357350908667286 14.342468921535326 13.654412038825287 26.702559843648487 88.02109230311089
leaf_count=131262 1551 2186 1542 2952 2987 3424 5124 12256
internal_value=-4.98944e-05 0.00936015 -0.000461916 -0.0144872 -0.00366185 0.00723718 2.42819e-05 0.00908641
internal_weight=1705.45 71.5412 1633.91 54.7432 40.1658 27.9969 1579.17 114.724
internal_count=163284 10148 153136 4494 8597 6411 148642 17380
is_linear=0
shrinkage=0.0750466


Tree=299
num_leaves=9
num_cat=0
split_feature=63 5 121 11 22 11 33 11
split_gain=1.18375 6.17512 2.412 1.65214 1.36135 4.42702 3.27201 6.26605
threshold=8.5000000000000018 47.500000000000007 16932.260000000006 596.98500000000013 319.2050000000001 52.845000000000006 62662.055000000008 136.92000000000004
decision_type=2 2 8 2 2 2 2 2
left_child=4 3 -3 -2 -1 -6 -7 -8
right_child=1 2 -4 -5 5 6 7 -9
leaf_value=0.0013754496933809646 0.029005711004156904 -0.060862545444892877 0.0052879943198428005 0.086985062044435568 -0.015973828954484345 -0.00097150663933774834 0.1169790362233339 0.0036834591078462467
leaf_weight=1045.7575402502662 5.5433474185738323 4.7103871224217047 9.1049114713205199 5.5285469594382448 120.55709444499098 501.03052400973684 3.8816967361453854 9.4247733753936682
leaf_count=38999 1276 3133 3445 3398 6359 96029 751 9894
internal_value=-4.81858e-05 0.0161991 -0.0172663 0.0579566 -0.000288777 -0.00302999 3.96322e-06 0.0367335
internal_weight=1705.54 24.8872 13.8153 11.0719 1680.65 634.894 514.337 13.3065
internal_count=163284 11252 6578 4674 152032 113033 106674 10645
is_linear=0
shrinkage=0.0750466


Tree=300
num_leaves=9
num_cat=0
split_feature=18 22 26 149 5 16 16 142
split_gain=1.25113 4.36798 6.07607 5.94855 4.92347 4.19298 4.1581 4.59425
threshold=1949.6600000000001 -1525.53 1.0000000180025095e-35 636.50000000000011 39.500000000000007 -1222.1199999999997 -7736.8999999999987 238705.50000000003
decision_type=2 2 2 8 2 2 2 8
left_child=1 3 -3 -1 -4 6 -5 -8
right_child=-2 2 4 5 -6 -7 7 -9
leaf_value=-0.014651795515687275 0.0025396795108792907 -0.02552588781903704 0.011533242916369311 0.0085433455167559687 -0.0098486185996940357 0.018063282206009144 0.0046142693822135991 -0.016542860486139902
leaf_weight=104.42250380588303 650.84983175340585 87.617519250445184 90.266751562034187 246.52146091669783 184.86475189974954 109.09448576979048 121.41703623253125 110.33167293410952
leaf_count=2731 135711 1678 3001 5526 7162 1899 3524 2052
internal_value=-4.77102e-05 -0.00164462 -0.00831459 0.00185287 -0.00283353 0.0047871 0.00175877 -0.00545829
internal_weight=1705.39 1054.54 362.749 691.787 275.132 587.365 478.27 231.749
internal_count=163284 27573 11841 15732 10163 13001 11102 5576
is_linear=0
shrinkage=0.0750466


Tree=301
num_leaves=9
num_cat=0
split_feature=57 25 109 129 25 27 135 113
split_gain=1.21443 6.13996 7.40496 6.2781 3.14688 2.06834 6.5516 5.08973
threshold=6.5000000000000009 13149.170000000002 1.0000000180025095e-35 48.500000000000007 42859.455000000009 2.5000000000000004 -1840.4999999999998 -2054.4999999999995
decision_type=2 2 2 8 2 2 10 8
left_child=5 2 -2 -4 -3 -1 -7 -8
right_child=1 4 3 -5 -6 6 7 -9
leaf_value=0.001416347436106884 -0.017005879945817308 -0.076446343645749967 0.0050517740735439706 0.082590253884669854 0.015435352554521223 -0.027206002751113314 -0.041760637849255031 0.00031202049018400605
leaf_weight=1132.3180591959735 14.881680175433756 5.882502784883398 10.08437415799199 14.109485938826763 3.2643136312381102 61.934859207169211 16.804289337029331 445.97646796359732
leaf_count=39127 2794 4500 3750 2670 3092 14072 4385 88894
internal_value=-4.69046e-05 0.011693 0.024649 0.050271 -0.0436556 -0.000388555 -0.00428347 -0.0012157
internal_weight=1705.26 48.2224 39.0755 24.1939 9.14682 1657.03 524.716 462.781
internal_count=163284 16806 9214 6420 7592 146478 107351 93279
is_linear=0
shrinkage=0.0750466


Tree=302
num_leaves=9
num_cat=0
split_feature=56 28 5 147 147 56 74 125
split_gain=1.23474 3.60145 2.65159 3.01812 4.74174 1.52566 10.3118 7.02135
threshold=11582.655000000002 1395.8750000000002 51.500000000000007 -19379.904999999995 -41886.234999999993 2970.1600000000003 3171.9350000000004 -3860.5749999999994
decision_type=2 2 2 10 10 2 2 10
left_child=5 -2 3 4 -3 -1 7 -7
right_child=1 2 -4 -5 -6 6 -8 -9
leaf_value=-0.00032913965684845507 0.024106552837606755 -0.046215619758876732 -0.075586995458224837 -0.058974172689227077 0.097393215537645475 -0.0076768131821308956 0.084527360084849179 0.06238979002203774
leaf_weight=1596.1230449156565 7.9680920557002564 2.5791030218679225 6.2882023335982913 4.336557818880463 2.600591810856713 66.438542262646479 9.3083691337278633 9.1661884753775649
leaf_count=120678 1423 3183 5279 2744 2404 20843 2979 3751
internal_value=-4.78517e-05 -0.0170315 -0.037772 -0.0127844 0.0258867 0.000192325 0.00999436 0.000817942
internal_weight=1704.81 23.7725 15.8045 9.51625 5.17969 1681.04 84.9131 75.6047
internal_count=163284 15033 13610 8331 5587 148251 27573 24594
is_linear=0
shrinkage=0.0750466


Tree=303
num_leaves=9
num_cat=0
split_feature=16 107 107 0 0 104 63 107
split_gain=1.27636 6.38089 4.55996 4.80124 5.98888 5.36102 5.08461 7.72506
threshold=-176.96999999999997 38.500000000000007 38.500000000000007 15842220.000000002 49848695.500000007 17653.650000000005 2.5000000000000004 116.50000000000001
decision_type=2 2 2 2 2 2 2 2
left_child=1 -1 -2 -4 6 -6 -5 -8
right_child=2 -3 3 4 5 -7 7 -9
leaf_value=0.001937781955502485 -0.0029116918769782536 -0.011462559791482176 -0.019791342271735325 0.026193148140698449 0.0027894843698033044 -0.052042852878140505 -0.021589923189361558 0.030683076802656993
leaf_weight=722.56504597584717 397.77956208781688 276.79313555839144 29.02988291656402 146.89196661719143 54.670387619995381 12.302119108201621 36.891836021513882 28.012518151864242
leaf_count=10023 14319 52182 10472 33456 11685 5204 9083 16860
internal_value=-4.83831e-05 -0.00177372 0.00239533 0.00925379 0.0122784 -0.00728262 0.0184639 0.000970942
internal_weight=1704.94 999.358 705.578 307.799 278.769 66.9725 211.796 64.9044
internal_count=163284 62205 101079 86760 76288 16889 59399 25943
is_linear=0
shrinkage=0.0750466


Tree=304
num_leaves=9
num_cat=0
split_feature=8 6 10 6 116 7 120 10
split_gain=1.47025 3.22048 3.04464 6.71129 3.23245 1.82609 7.22705 4.96551
threshold=-8804.7999999999975 31.500000000000004 -3555.6149999999993 105.50000000000001 2134.6100000000001 -294.21499999999997 126684.00000000001 -193.11999999999998
decision_type=2 2 2 2 10 2 8 2
left_child=1 -1 4 -4 -3 6 -2 -8
right_child=5 2 3 -5 -6 -7 7 -9
leaf_value=0.037674836444219768 -0.035868362958057745 -0.035152846490887839 -0.012346896223358307 0.040612762099237143 0.014444056377846147 0.00013764020719995944 0.010536587224178188 -0.037917554701749519
leaf_weight=17.798981616788296 39.556442260944095 19.225281269767951 27.747737475834583 26.202557115602758 12.033100516406192 1473.8988027327805 74.006741064753896 14.196328137673843
leaf_count=2148 7021 3388 2951 3626 4530 123073 16046 501
internal_value=-4.94829e-05 0.00864127 0.00257654 0.0133745 -0.0160602 -0.000608412 -0.00921525 0.00273787
internal_weight=1704.67 103.008 85.2087 53.9503 31.2584 1601.66 127.76 88.2031
internal_count=163284 16643 14495 6577 7918 146641 23568 16547
is_linear=0
shrinkage=0.0750466


Tree=305
num_leaves=9
num_cat=0
split_feature=138 107 81 81 146 97 11 138
split_gain=1.13239 4.08473 5.12224 4.79362 1.84325 5.43242 3.62616 5.55808
threshold=97358.630000000019 210.50000000000003 166963.90500000003 8797.7650000000012 1.0000000180025095e-35 70.500000000000014 93.555000000000021 24328.295000000002
decision_type=10 2 2 2 10 2 2 10
left_child=4 3 -3 -2 -1 6 -6 -8
right_child=1 2 -4 -5 5 -7 7 -9
leaf_value=-0.00035140179462686181 0.0018828744529883579 0.097822976215670321 -0.029613305932800833 -0.053490799383720249 0.041197243249095419 -0.02537746638696909 -0.013244290515523605 0.039348319216534415
leaf_weight=1567.376039872649 20.036328032585516 3.8915432039048019 3.2682305299940708 15.707165632056784 27.527141073909661 19.029351191975366 29.395025273515785 18.401924566927846
leaf_count=136786 2583 2797 3084 6464 979 3812 3364 3415
internal_value=-4.89538e-05 -0.0120868 0.039652 -0.0224506 0.000261845 0.0104489 0.0194999 0.00700397
internal_weight=1704.63 42.9033 7.15977 35.7435 1661.73 94.3534 75.3241 47.7969
internal_count=163284 14928 5881 9047 148356 11570 7758 6779
is_linear=0
shrinkage=0.0750466


Tree=306
num_leaves=9
num_cat=0
split_feature=72 9 109 153 113 9 153 72
split_gain=1.36449 6.33956 4.81185 7.23906 4.58753 6.19319 5.81315 5.47845
threshold=387.90500000000003 1579.095 1.0000000180025095e-35 1413.4650000000001 -1475.4999999999998 2120.0400000000004 3489.6750000000006 2333.3600000000006
decision_type=2 2 2 8 10 2 10 2
left_child=-1 -2 -3 -4 -5 -6 -7 -8
right_child=1 2 3 4 5 6 7 -9
leaf_value=0.0027594777758837403 -0.018820552248426811 -0.0041055757449522823 0.015960569363765723 0.0078431747173701074 -0.043735568827362729 0.023360722695247565 0.016725130632326699 -0.044599399235618432
leaf_weight=619.99861325783695 108.98603941560032 578.21189005213455 214.77921759657329 88.912802867966093 30.487511911200272 27.519227044394938 12.808158616868239 22.82613735142877
leaf_count=113252 6741 16782 7780 5079 2642 2919 3125 4964
internal_value=-4.87959e-05 -0.00165421 0.000263577 0.00662171 -0.0043657 -0.0159581 -0.00254847 -0.0225573
internal_weight=1704.53 1084.53 975.545 397.333 182.554 93.641 63.1535 35.6343
internal_count=163284 50032 43291 26509 18729 13650 11008 8089
is_linear=0
shrinkage=0.0750466


Tree=307
num_leaves=9
num_cat=0
split_feature=39 150 80 138 74 74 128 74
split_gain=1.18499 3.62288 4.18922 1.39584 6.13919 4.5013 2.29365 2.10195
threshold=351900.43000000005 29747.050000000003 1.5000000000000002 97358.630000000019 2126.0350000000003 943.84000000000015 5692.1350000000011 3171.9350000000004
decision_type=2 8 2 10 2 2 10 2
left_child=3 2 -2 7 5 -5 -6 -1
right_child=1 -3 -4 4 6 -7 -8 -9
leaf_value=-4.4823616187092284e-05 -0.024930715088504064 -0.053528665731478915 0.052529738612077694 -0.01924797083447765 -0.055517352861858937 0.052842972141651325 -0.0011234858388926119 0.012890558625550557
leaf_weight=1563.3575028787272 10.167509151859123 9.2829181898541737 6.4119638505071626 9.6410666561932903 15.944013914354402 9.8735463004186368 6.0124797912776549 74.103513383933205
leaf_count=129471 3448 3473 3265 2042 4863 3783 3422 9517
internal_value=-4.93632e-05 -0.015991 0.00502643 0.000196204 -0.0134008 0.0172269 -0.0406224 0.000540569
internal_weight=1704.79 25.8624 16.5795 1678.93 41.4711 19.5146 21.9565 1637.46
internal_count=163284 10186 6713 153098 14110 5825 8285 138988
is_linear=0
shrinkage=0.0750466


Tree=308
num_leaves=9
num_cat=0
split_feature=72 74 31 27 125 153 150 27
split_gain=1.18667 6.01513 4.53961 4.63116 6.14854 4.20661 3.66051 11.5196
threshold=387.90500000000003 1588.4450000000004 3706.1800000000007 25.500000000000004 -14116.894999999999 8252.0550000000021 7173.1900000000014 6.5000000000000009
decision_type=2 2 2 2 10 10 10 2
left_child=2 -2 6 -4 -5 -3 7 -1
right_child=1 5 3 4 -6 -7 -8 -9
leaf_value=0.0052943020711596171 -0.018307144601432557 0.0015297503230667254 -0.026297748218530356 0.095009548192988416 -0.035708535106058939 -0.019736530678357664 0.017539704182833443 -0.038121836303516919
leaf_weight=425.49662978928609 108.53085813496546 919.31581380256284 49.014155003806991 4.3980055985466606 3.7584374713414928 55.550865075979345 101.17605562027074 37.448064859599981
leaf_count=35094 6752 33593 23364 3900 3140 9687 35279 12475
internal_value=-4.84245e-05 -0.00154786 0.00256627 -0.0175845 0.0347755 0.000317933 0.00460844 0.00178233
internal_weight=1704.69 1083.4 621.291 57.1706 8.15644 974.867 564.121 462.945
internal_count=163284 50032 113252 30404 7040 43280 82848 47569
is_linear=0
shrinkage=0.0750466


Tree=309
num_leaves=9
num_cat=0
split_feature=147 125 141 5 83 113 147 113
split_gain=1.21774 6.00716 6.63587 3.54728 8.71965 4.6016 3.4116 7.2729
threshold=-7681.6749999999993 -1.0000000180025095e-35 1.7850000000000004 39.500000000000007 8364.1150000000016 -2054.4999999999995 -34380.424999999996 -653.99999999999989
decision_type=10 10 8 2 2 10 10 10
left_child=1 3 -3 4 5 -1 -7 -8
right_child=-2 2 -4 -5 -6 6 7 -9
leaf_value=0.0013088623115803623 -0.0034875780942661859 0.065968937945175415 -0.00096688560755768278 -0.0024825928563835631 -0.015719724501106275 0.012335117753327993 0.05195993288457304 -0.0042388210007276578
leaf_weight=134.76869213390455 432.85116832185304 16.704037730609343 16.661855270147953 841.76722578401041 81.696095494760812 119.96412843792132 41.13996340652011 18.940107911081213
leaf_count=4583 28300 3728 1626 88378 22940 5852 5552 2325
internal_value=-4.94334e-05 0.00112087 0.0325433 0.000274176 0.00612665 0.0117959 0.0196458 0.0342434
internal_weight=1704.49 1271.64 33.3659 1238.28 396.509 314.813 180.044 60.0801
internal_count=163284 134984 5354 129630 41252 18312 13729 7877
is_linear=0
shrinkage=0.0750466


Tree=310
num_leaves=9
num_cat=0
split_feature=8 10 137 107 131 137 138 149
split_gain=1.3963 2.77907 2.22811 2.21727 4.43948 2.3771 4.07223 2.23425
threshold=-1.0000000180025095e-35 -627.07499999999993 2950.8750000000005 12.500000000000002 14023.215000000002 8892.4500000000025 26813.160000000003 2306.5000000000005
decision_type=2 2 8 2 8 10 10 10
left_child=1 2 -1 -4 5 -5 7 -7
right_child=-2 -3 3 4 -6 6 -8 -9
leaf_value=-0.030211553167179505 -0.00093162262807321486 0.015313659166956831 0.027088811837143685 -0.036554050717292008 0.036136138505207839 -0.0017921885655209908 -0.015422083268715279 0.035852359335771022
leaf_weight=13.493604653020155 1458.9111693210766 94.105881728122768 17.035485081956722 13.604421636111509 15.173333747750801 17.80807623810324 56.760222962585885 17.710204737006279
leaf_count=688 130000 5785 389 1676 2061 3497 16227 2961
internal_value=-5.0191e-05 0.00518374 -0.00110503 0.00173911 -0.0018282 -0.0072686 -0.00295111 0.0169782
internal_weight=1704.6 245.691 151.585 138.092 121.056 105.883 92.2785 35.5183
internal_count=163284 33284 27499 26811 26422 24361 22685 6458
is_linear=0
shrinkage=0.0750466


Tree=311
num_leaves=9
num_cat=0
split_feature=5 5 0 5 83 73 58 4
split_gain=1.12492 2.24244 5.93922 4.48783 5.12536 6.8873 3.96954 2.93059
threshold=76.500000000000014 67.500000000000014 42644405.000000007 61.500000000000007 1407.6450000000002 4.5000000000000009 1545.3650000000002 1.5000000000000002
decision_type=2 2 2 2 2 2 2 2
left_child=1 3 -3 7 5 -5 -6 -1
right_child=-2 2 -4 4 6 -7 -8 -9
leaf_value=-0.00038284802095968465 0.012051107096348162 -0.018739293318034578 0.018154605554455239 0.005359396506904833 0.0065786968090406524 0.040558490331712216 -0.048899883839647357 -0.022166875454319227
leaf_weight=1329.5146860031073 42.202651338207943 100.36689671756358 32.542143528486122 83.974512664113718 18.055426846654886 49.917850996198467 12.152436520414993 35.715229716373869
leaf_count=136258 2872 8418 1415 2342 1920 4161 3907 1991
internal_value=-4.86667e-05 -0.000355868 -0.009706 0.000456721 0.0121826 0.0184823 -0.01574 -0.000952731
internal_weight=1704.44 1662.24 132.909 1529.33 164.1 133.892 30.2079 1365.23
internal_count=163284 160412 9833 150579 12330 6503 5827 138249
is_linear=0
shrinkage=0.0750466


Tree=312
num_leaves=9
num_cat=0
split_feature=111 39 150 80 58 82 147 104
split_gain=1.17683 1.84038 2.41582 1.79065 1.54675 3.431 2.80661 4.52349
threshold=1.0000000180025095e-35 351900.43000000005 29747.050000000003 1.5000000000000002 26388.150000000005 2.5000000000000004 -31205.244999999999 39921.000000000007
decision_type=10 2 8 2 2 2 8 2
left_child=1 4 3 -3 6 -6 7 -1
right_child=-2 2 -4 -5 5 -7 -8 -9
leaf_value=-0.007283681654044096 0.010427218740887537 -0.023629477423709647 -0.052174027051183937 0.026923257235512414 0.036866353963114891 -0.024482472436698637 0.0005812000857659276 -0.06631458467187322
leaf_weight=131.97590956004433 58.331344445890863 9.9231812706329965 8.8304228565548346 6.5516910702090163 17.23349198803044 7.3127629633936513 1456.5223416723938 7.739750415058551
leaf_count=34621 565 3448 3473 3261 4808 4663 101602 6843
internal_value=-4.82675e-05 -0.00041948 -0.0205019 -0.00352578 -0.000105934 0.0185895 -0.000393424 -0.0105538
internal_weight=1704.42 1646.09 25.3053 16.4749 1620.78 24.5463 1596.24 139.716
internal_count=163284 162719 10182 6709 152537 9471 143066 41464
is_linear=0
shrinkage=0.0750466


Tree=313
num_leaves=9
num_cat=0
split_feature=8 149 150 24 81 149 107 149
split_gain=1.31066 3.87037 3.7865 2.6002 4.64962 4.6503 1.76548 5.11097
threshold=-8804.7999999999975 636.50000000000011 1376.0350000000003 1.0000000180025095e-35 83116.845000000016 3571.5000000000005 22.500000000000004 1714.5000000000002
decision_type=2 8 8 2 2 8 2 10
left_child=1 -1 -3 -4 5 -5 -2 -8
right_child=6 2 3 4 -6 -7 7 -9
leaf_value=0.041246163698342463 0.0018556935759498766 -0.032622851070554418 -0.0011337850584218396 0.089294939331235945 -0.022229781448016857 0.010204279494077284 -0.010570224578743459 0.0018280050907119858
leaf_weight=16.683359037304399 820.17115238722181 14.921042439917073 47.878819367047981 8.5753532290946222 6.9775769021057377 8.1814846878442022 312.085684660673 468.1828940119849
leaf_count=2527 12597 1802 3345 2591 3916 2462 42178 91866
internal_value=-4.68425e-05 0.00814963 0.00176879 0.00893449 0.029245 0.0506791 -0.00057546 -0.00313094
internal_weight=1703.66 103.218 86.5343 71.6132 23.7344 16.7568 1600.44 780.269
internal_count=163284 16643 14116 12314 8969 5053 146641 134044
is_linear=0
shrinkage=0.0750466


Tree=314
num_leaves=9
num_cat=0
split_feature=115 64 115 0 127 64 107 16
split_gain=1.18703 1.38566 5.2964 2.23348 3.42252 2.84976 4.3705 1.64268
threshold=-164.97999999999999 25194.515000000003 22079.930000000004 30335252.500000004 1221.5000000000002 40237.390000000007 116.50000000000001 -176.96999999999997
decision_type=8 2 10 2 8 2 2 2
left_child=-1 7 3 5 -5 -3 -7 -2
right_child=1 2 -4 4 -6 6 -8 -9
leaf_value=-0.015881764701220821 -0.0013969350979359855 0.032048678256207191 0.056204436430108758 0.0045354662047552121 -0.054998964333402151 0.016320221894343685 -0.075640348603074559 0.0034562959966399185
leaf_weight=26.249926993637928 963.6897768293511 8.1687229964718444 5.6813047581831588 8.04173893838197 16.799220420746678 6.3723846087450493 5.3579386334499759 663.0139836652279
leaf_count=2461 55525 3038 3812 2508 5969 1558 4050 84363
internal_value=-4.64769e-05 0.000201373 -0.0120511 -0.0207185 -0.0357259 -0.00198406 -0.0256837 0.000581151
internal_weight=1703.37 1677.13 50.4213 44.74 24.841 19.899 11.7303 1626.7
internal_count=163284 160823 20935 17123 8477 8646 5608 139888
is_linear=0
shrinkage=0.0750466


Tree=315
num_leaves=9
num_cat=0
split_feature=83 82 57 83 116 83 145 153
split_gain=1.21711 5.75011 6.10532 2.13026 3.71796 2.32398 4.89638 4.36191
threshold=175657.12500000003 3.5000000000000004 2.5000000000000004 92470.055000000008 702.78000000000009 53371.560000000005 5.5000000000000009 1214.0550000000003
decision_type=2 2 2 2 8 2 10 8
left_child=3 -2 -3 5 -5 -1 7 -7
right_child=1 2 -4 4 -6 6 -8 -9
leaf_value=-0.00041457098150771203 0.076443745073603242 -0.034145497298980282 0.053043333932935137 0.0033543952146654187 -0.050627104561175036 0.057480959940281587 -0.030597261510153604 0.0046672839213058601
leaf_weight=1602.8652907203877 6.6300416828171391 13.159288333523365 6.892305318302987 16.326258521740783 12.835028662795596 16.815754909577663 9.6111995560913766 18.493334719678387
leaf_count=131076 1243 4078 4330 4801 4872 2669 3644 6571
internal_value=-4.55665e-05 0.0158568 -0.00417621 -0.000298587 -0.020405 5.72414e-05 0.0168927 0.0298195
internal_weight=1703.63 26.6816 20.0516 1676.95 29.1613 1647.79 44.9203 35.3091
internal_count=163284 9651 8408 153633 9673 143960 12884 9240
is_linear=0
shrinkage=0.0750466


Tree=316
num_leaves=9
num_cat=0
split_feature=6 81 56 82 138 112 81 58
split_gain=1.15196 2.56338 4.7773 2.13057 4.17816 3.541 2.85274 4.68597
threshold=289.50000000000006 1920.7850000000001 525.36000000000013 6.5000000000000009 97358.630000000019 431161.07000000001 83116.845000000016 3184.2150000000006
decision_type=2 2 2 2 8 8 2 2
left_child=3 -2 -3 -1 5 6 -5 -8
right_child=1 2 -4 4 -6 -7 7 -9
leaf_value=1.456196395125473e-05 -0.0035977794971050144 0.0041376016942472494 0.065063389323916226 -0.038755712945856717 0.022991891174662861 -0.068214596468601674 -0.027335280198584312 0.065023388227536699
leaf_weight=1584.9404176990374 39.239186803426492 21.199046812158485 11.01448389820507 13.472182976542173 11.594383422288045 9.4634661019099422 7.5025620581818639 5.2651098971764441
leaf_count=132904 2661 3450 4037 5153 3762 5611 3168 2538
internal_value=-4.55272e-05 0.00928137 0.0249694 -0.000453821 -0.0161493 -0.0288601 -0.0146668 0.0107514
internal_weight=1703.69 71.4527 32.2135 1632.24 47.2977 35.7033 26.2399 12.7677
internal_count=163284 10148 7487 153136 20232 16470 10859 5706
is_linear=0
shrinkage=0.0750466


Tree=317
num_leaves=9
num_cat=0
split_feature=85 5 10 85 147 63 5 10
split_gain=1.22478 4.83367 5.63651 4.57709 8.72958 5.38992 8.80254 4.78964
threshold=8269.6500000000015 30.500000000000004 -1.0000000180025095e-35 39354.150000000009 -13999.084999999997 3.5000000000000004 45.500000000000007 -3005.3049999999998
decision_type=2 2 2 2 10 2 2 2
left_child=-1 2 -2 4 5 -3 -7 -5
right_child=1 3 -4 7 -6 6 -8 -9
leaf_value=-0.00073996490178799396 -0.068787430065887431 0.025618888340651583 0.017383056881694687 -0.076198851402561302 -0.010655581869921068 0.14516693782773671 0.018512204544355863 0.0001759904052823413
leaf_weight=1522.1562232183078 9.9525612597353774 52.443778855387791 7.4944943613700152 5.0117317839349189 34.378445312133408 6.0714561736876913 6.2945155224006157 59.850554440568885
leaf_count=94176 5270 15355 1963 5550 9388 3583 3495 24504
internal_value=-4.51395e-05 0.00578212 -0.0317723 0.0097761 0.0199129 0.0361281 0.0806973 -0.00572529
internal_weight=1703.65 181.498 17.4471 164.05 99.1882 64.8098 12.366 64.8623
internal_count=163284 69108 7233 61875 31821 22433 7078 30054
is_linear=0
shrinkage=0.0750466


Tree=318
num_leaves=9
num_cat=0
split_feature=135 113 128 20 113 153 20 135
split_gain=1.15694 5.47648 3.23039 3.02191 8.67998 3.65929 2.79504 7.50509
threshold=-532.49999999999989 -197.99999999999997 1981.5700000000004 109749.33500000001 -409.99999999999994 134.89500000000001 16705.170000000002 -1171.4999999999998
decision_type=10 10 8 2 10 8 2 10
left_child=3 2 -2 6 5 -5 -1 -8
right_child=1 -3 -4 4 -6 -7 7 -9
leaf_value=0.00033254296726315864 0.018223605041422269 0.032778848345322922 -0.017411462910638442 -0.0030103157790241381 0.059069809149669188 -0.053683622270995414 -0.0027726874099331094 0.046121751099246516
leaf_weight=1450.423816515462 16.661440604137169 17.293802076630527 102.26494543037143 12.803801159261637 6.6221991203728967 21.508596715676504 48.450627831891325 27.84010656405917
leaf_count=110577 3231 1932 13378 1865 2587 10892 11168 7654
internal_value=-4.70027e-05 -0.00668095 -0.012419 0.000529451 -0.019593 -0.0347747 0.00106898 0.0150699
internal_weight=1703.87 136.22 118.926 1567.65 40.9346 34.3124 1526.71 76.2907
internal_count=163284 18541 16609 144743 15344 12757 129399 18822
is_linear=0
shrinkage=0.0750466


Tree=319
num_leaves=9
num_cat=0
split_feature=149 27 11 142 9 11 113 72
split_gain=1.11668 3.72192 5.73259 6.22521 7.24589 5.81072 3.09317 2.04714
threshold=5660.5000000000009 2.5000000000000004 271.98500000000007 309672.00000000006 3165.5400000000004 1290.9050000000004 -593.49999999999989 -1.0000000180025095e-35
decision_type=10 2 2 10 2 2 10 2
left_child=7 -2 -3 6 5 -5 -4 -1
right_child=1 2 3 4 -6 -7 -8 -9
leaf_value=-0.015510156033954359 0.022034909327516502 -0.029093144317623491 0.011609939561598934 0.041239506501538049 -0.02349819258262217 0.1483892592198317 -0.044762215150546528 -9.5173413446893737e-05
leaf_weight=50.108775769323984 52.249870647559874 30.266327266474036 12.80468701674363 8.2492063389254344 5.7332458785008376 4.3553695248947397 9.5858634309097379 1530.4958259803329
leaf_count=3458 2239 2445 4055 2549 2871 4135 3005 138527
internal_value=-4.73865e-05 0.0068329 -0.0043553 0.014028 0.0464484 0.0782639 -0.0125242 -0.000583864
internal_weight=1703.85 123.245 70.9947 40.7284 18.3378 12.6046 22.3906 1580.6
internal_count=163284 21299 19060 16615 9555 6684 7060 141985
is_linear=0
shrinkage=0.0750466


Tree=320
num_leaves=9
num_cat=0
split_feature=23 123 11 74 74 39 150 107
split_gain=1.13528 4.84672 3.93514 2.39991 3.57697 2.10611 5.07278 2.6796
threshold=2.5000000000000004 5.5000000000000009 52.845000000000006 1790.595 391.17500000000007 82168.650000000009 1376.0350000000003 123.50000000000001
decision_type=2 10 2 2 2 2 8 2
left_child=5 2 -2 4 -4 -1 -7 -8
right_child=1 -3 3 -5 -6 6 7 -9
leaf_value=0.00093638022242981394 -0.016915491504957136 -0.036333972472606883 0.0023271103165193245 -0.0039703599838074423 0.05247204795977066 0.030481553906313255 -0.044465001359881899 0.0082133551022191172
leaf_weight=1539.4212055818293 42.1224981844789 25.209007683880372 16.328040623888228 25.343801156850077 15.729796269599317 9.7335078324285842 22.778813712193372 7.143943186038995
leaf_count=133610 1131 4088 2047 3837 3828 2527 5904 6312
internal_value=-4.7967e-05 -0.00694056 0.000504651 0.0132879 0.0269317 0.000496487 -0.0165798 -0.0318882
internal_weight=1703.81 124.733 99.5241 57.4016 32.0578 1579.08 39.6563 29.9228
internal_count=163284 14931 10843 9712 5875 148353 14743 12216
is_linear=0
shrinkage=0.0750466


Tree=321
num_leaves=9
num_cat=0
split_feature=148 10 125 72 7 125 10 125
split_gain=1.08234 3.49571 1.85549 4.97669 3.71874 2.05931 11.6802 4.50866
threshold=5.9250000000000007 -910.38999999999987 -28173.074999999993 1708.4500000000003 2050.3150000000005 -6763.4499999999989 135.45500000000001 -8696.0399999999991
decision_type=10 2 8 2 2 8 2 10
left_child=2 -2 3 4 -1 6 7 -4
right_child=1 -3 5 -5 -6 -7 -8 -9
leaf_value=-0.016755719901019105 -0.018194111583320887 0.034588075892092396 -0.017870362700994524 -0.050432912083372326 0.065756876386894023 -0.00056616647449293637 0.057079585510350847 0.035359703836883208
leaf_weight=8.3994115628493109 11.537383022282485 18.237413928505703 43.332327674717817 14.242453191071943 4.8539316272326678 1569.0269362424488 22.806895095445725 11.298508198914531
leaf_count=4024 4798 2988 13723 3049 2277 124524 4726 3175
internal_value=-4.71537e-05 0.0141356 -0.000299423 -0.0196338 0.0134639 2.34595e-05 0.0119703 -0.00686156
internal_weight=1703.74 29.7748 1673.96 27.4958 13.2533 1646.46 77.4377 54.6308
internal_count=163284 7786 155498 9350 6301 146148 21624 16898
is_linear=0
shrinkage=0.0750466


Tree=322
num_leaves=9
num_cat=0
split_feature=2 73 0 120 138 0 73 85
split_gain=1.12967 3.00968 2.19446 3.87993 6.32466 2.56587 4.16716 7.40861
threshold=1.0000000180025095e-35 1.0000000180025095e-35 49848695.500000007 105570.00000000001 3423.4750000000004 26921913.500000004 8.5000000000000018 32844.585000000006
decision_type=2 2 2 10 8 2 2 2
left_child=-1 -2 5 4 -4 6 -3 -8
right_child=1 2 3 -5 -6 -7 7 -9
leaf_value=-0.004823403620655497 0.013785360198194919 0.00028613927766467948 0.016266982186556891 -0.014136625650162743 -0.0087682124508324938 0.0043649325116276129 -0.032037453031760178 0.049613757305409178
leaf_weight=239.67262072395533 93.185495436220663 251.52603401688611 93.98712808034179 154.84745945314171 143.76470421884369 668.66483767628324 50.972225907155917 7.1345468665308536
leaf_count=2137 3106 23085 3666 19007 13290 79372 14686 4935
internal_value=-4.72694e-05 0.000734591 -0.000152523 -0.00489225 0.0011286 0.00174957 -0.00389841 -0.022012
internal_weight=1703.76 1464.08 1370.9 392.599 237.752 978.298 309.633 58.1068
internal_count=163284 161147 158041 35963 16956 122078 42706 19621
is_linear=0
shrinkage=0.0750466


Tree=323
num_leaves=9
num_cat=0
split_feature=135 23 0 123 113 12 58 129
split_gain=1.15304 1.17719 4.25859 6.20004 2.90471 1.71464 3.54091 5.92198
threshold=-136.99999999999997 2.5000000000000004 44238857.000000007 5.5000000000000009 -653.99999999999989 9.5000000000000018 5823.4300000000012 9.5000000000000018
decision_type=10 2 2 10 8 2 2 8
left_child=1 5 3 4 -3 -1 -7 -8
right_child=-2 2 -4 -5 -6 6 7 -9
leaf_value=0.0010914288602741371 -0.015881979661346617 0.03173252207731523 -0.028932418222604343 -0.035909887406881051 6.0198368929012843e-05 -0.035967828705305308 -0.05473408713711754 0.068266578708786815
leaf_weight=1527.2930068382793 25.509886887308312 26.921251460432359 35.183366088864204 19.011918542258172 41.367373929505447 19.131711872133568 3.6032500705769026 5.679018353770517
leaf_count=132532 2162 3548 3331 3593 4300 6972 3468 3378
internal_value=-4.68167e-05 0.000193891 -0.00688977 0.00199373 0.0125463 0.000751602 -0.0175146 0.0205194
internal_weight=1703.7 1678.19 122.484 87.3005 68.2886 1555.71 28.414 9.28227
internal_count=163284 161122 14772 11441 7848 146350 13818 6846
is_linear=0
shrinkage=0.0750466


Tree=324
num_leaves=9
num_cat=0
split_feature=8 21 139 25 25 25 25 9
split_gain=1.22825 3.74043 3.57514 3.2256 4.69377 5.69788 3.81938 6.72001
threshold=-1.0000000180025095e-35 1.0000000180025095e-35 329.90000000000003 8898.0150000000012 1.0000000180025095e-35 3329.2250000000004 22013.520000000004 655.8850000000001
decision_type=2 2 8 2 2 2 2 2
left_child=1 -1 3 4 -3 -6 -5 -8
right_child=-2 2 -4 6 5 -7 7 -9
leaf_value=0.02894506009440331 -0.00087439696487545302 0.0015771341462566433 -0.024011425747705716 -0.045070420369796596 0.056840651229699987 -5.5367890828051821e-05 0.080008523463147851 -0.039364705131143013
leaf_weight=31.639274815919634 1457.3524414099779 121.8519795379907 27.404455563838383 14.498284545537901 21.991788557624204 18.048983515303917 4.8007795931271158 5.9447469000006095
leaf_count=1320 130000 7457 3153 6212 3215 4009 3213 4705
internal_value=-4.61819e-05 0.00485673 0.00130433 0.00501159 0.00890222 0.0311939 -0.0199397 0.0139677
internal_weight=1703.53 246.18 214.541 187.137 161.893 40.0408 25.2438 10.7455
internal_count=163284 33284 31964 28811 14681 7224 14130 7918
is_linear=0
shrinkage=0.0750466


Tree=325
num_leaves=9
num_cat=0
split_feature=127 123 7 11 81 127 150 73
split_gain=1.0912 4.58623 4.4782 3.74962 9.54812 5.61641 4.80746 3.78152
threshold=1221.5000000000002 19.500000000000004 1655.0800000000002 271.98500000000007 1.0000000180025095e-35 610.50000000000011 1998.6300000000003 4.5000000000000009
decision_type=8 10 2 2 2 10 10 2
left_child=3 -2 -3 5 6 7 -5 -1
right_child=1 2 -4 4 -6 -7 -8 -9
leaf_value=-0.0022789072131447394 -0.00039789123439612126 0.00011730148777746551 -0.049212694909739008 0.016871711119477856 -0.0032800336316722409 0.012427194091697373 0.062291214246144443 -0.024175395245931468
leaf_weight=198.16009176929947 1158.4700842147213 19.749157843377361 21.810600551050811 27.560156161205668 74.303732571766886 121.2478826765464 25.057995149989438 57.254259488627213
leaf_count=6682 111627 2979 3019 3177 22686 4353 3802 4959
internal_value=-4.62473e-05 -0.00127662 -0.0257711 0.00288571 0.0140414 -0.00087336 0.0385015 -0.00718727
internal_weight=1703.61 1200.03 41.5598 503.584 126.922 376.662 52.6182 255.414
internal_count=163284 117625 5998 45659 29665 15994 6979 11641
is_linear=0
shrinkage=0.0750466


Tree=326
num_leaves=9
num_cat=0
split_feature=63 135 23 112 8 135 135 16
split_gain=1.08753 3.06171 5.87166 3.07763 1.35161 3.01385 5.31437 3.66828
threshold=8.5000000000000018 -744.49999999999989 1.5000000000000002 139352.40000000002 -8804.7999999999975 -1689.4999999999998 -1444.9999999999998 -1222.1199999999997
decision_type=2 10 2 10 2 8 8 2
left_child=4 2 3 -2 5 -1 -7 -8
right_child=1 -3 -4 -5 -6 6 7 -9
leaf_value=0.031242653254378125 0.024670454038442913 -0.034607872324284063 -0.025113073815415363 0.099143856698349783 -0.00082104313993563061 -0.038115057568917421 -0.013053960175110589 0.024641832769564685
leaf_weight=24.165623447512189 6.5575397640313948 5.3955392811235461 7.1386327792642978 5.9706798452734802 1576.2165864004801 15.698666259526361 23.042741590002151 39.397509902817546
leaf_count=3918 1919 3130 3270 2933 136435 2597 2514 6568
internal_value=-4.68065e-05 0.0154707 0.0292096 0.0601629 -0.000278502 0.00808049 0.000917241 0.0107307
internal_weight=1703.58 25.0624 19.6669 12.5282 1678.52 102.305 78.1389 62.4403
internal_count=163284 11252 8122 4852 152032 15597 11679 9082
is_linear=0
shrinkage=0.0750466


Tree=327
num_leaves=9
num_cat=0
split_feature=133 133 25 116 9 81 52 57
split_gain=1.05704 1.77253 1.46443 3.77663 6.65768 3.11236 3.54733 2.47982
threshold=8.0000000000000018 6.5000000000000009 35114.595000000008 11379.470000000003 2120.0400000000004 110435.25500000002 49202.980000000003 3.5000000000000004
decision_type=10 10 2 10 2 2 2 2
left_child=1 2 -1 5 -5 6 -4 -7
right_child=-2 -3 3 4 -6 7 -8 -9
leaf_value=0.00037143365349167056 0.013557071598559534 -0.020907453284398178 0.011014187606605464 -0.045622452213891433 0.11886496509118319 -0.068831773776205973 -0.047865383402624487 0.0022375657380183855
leaf_weight=1601.6771427396138 31.574568688869476 23.188699754697154 19.67582578530892 2.5190518188082924 3.0807187787422663 10.219565258637884 8.1497608272547932 3.7908497578173401
leaf_count=132111 244 346 4169 3076 2121 6508 11395 3314
internal_value=-4.63083e-05 -0.000303152 -1.34289e-05 -0.0130084 0.0448704 -0.0207555 -0.00623089 -0.0496023
internal_weight=1703.88 1672.3 1649.11 47.4358 5.59977 41.836 27.8256 14.0104
internal_count=163284 163040 162694 30583 5197 25386 15564 9822
is_linear=0
shrinkage=0.0750466


Tree=328
num_leaves=9
num_cat=0
split_feature=22 16 2 64 128 64 127 16
split_gain=1.1171 4.77215 3.23875 2.64488 3.40263 3.35883 4.79029 5.25355
threshold=-1525.53 -253.11499999999998 1.0000000180025095e-35 13076.395000000002 4275.6550000000007 1.0000000180025095e-35 4883.5000000000009 1.0000000180025095e-35
decision_type=2 2 2 2 8 2 10 2
left_child=1 -1 -2 5 -5 -4 7 -7
right_child=2 -3 3 4 -6 6 -8 -9
leaf_value=0.00029896574829198523 -0.016985818251041153 0.021777186307839393 -0.0015668708545164478 -0.046081215975515649 -0.0060994462936690757 0.020441015790623154 -0.026529237676701498 -0.030659537846741136
leaf_weight=695.18244527622483 72.700589200947434 63.59045216069353 643.48700039728647 14.799550516662746 63.10705310553567 121.16156615257114 17.093940016078705 12.499833184399902
leaf_count=26169 1074 1545 62138 7994 24061 32034 5241 3028
internal_value=-4.54592e-05 0.00209899 -0.00176759 -0.000499024 -0.0136946 0.000795319 0.0108781 0.0156622
internal_weight=1703.62 758.773 944.85 872.149 77.9066 794.242 150.755 133.661
internal_count=163284 27714 135570 134496 32055 102441 40303 35062
is_linear=0
shrinkage=0.0750466


Tree=329
num_leaves=9
num_cat=0
split_feature=149 131 74 145 74 140 134 102
split_gain=1.18098 3.22022 3.786 3.62993 2.83265 2.22444 5.23228 2.11114
threshold=5660.5000000000009 791.77500000000009 1660.8950000000002 5.5000000000000009 2305.3550000000005 6174.3750000000009 187492.32000000004 1.0000000180025095e-35
decision_type=10 8 2 10 2 8 10 2
left_child=7 2 5 -3 -4 -2 -7 -1
right_child=1 3 4 -5 -6 6 -8 -9
leaf_value=-8.2375117023012045e-05 0.013949492511542953 0.01077291193968853 -0.019445510442289954 -0.042998224127973682 0.016443774096397558 0.0088998331100670052 0.084203124265775461 -0.015246741089288345
leaf_weight=1527.0626789344215 23.995435459841246 14.664848337951755 23.546939445162934 13.653986010328479 26.130764669075688 10.142681365356113 10.656692867735726 53.516853450521921
leaf_count=137868 2522 3306 2420 2908 4518 1876 3749 4117
internal_value=-4.50509e-05 0.00704456 0.0136984 -0.015153 -0.000567536 0.0295195 0.047482 -0.000595825
internal_weight=1703.37 122.791 94.4725 28.3188 49.6777 44.7948 20.7994 1580.58
internal_count=163284 21299 15085 6214 6938 8147 5625 141985
is_linear=0
shrinkage=0.0750466


Tree=330
num_leaves=9
num_cat=0
split_feature=48 97 7 116 112 134 97 46
split_gain=1.05579 5.35126 6.26334 5.32777 4.265 3.32197 3.68653 1.90738
threshold=1.0000000180025095e-35 9.5000000000000018 3616.7500000000005 702.78000000000009 114015.60000000002 106977.60000000002 24.500000000000004 1.0000000180025095e-35
decision_type=2 2 2 8 10 10 2 2
left_child=7 4 5 -4 -2 -3 -7 -1
right_child=1 2 3 -5 -6 6 -8 -9
leaf_value=5.8162629864175092e-06 0.034759333574495552 0.0069528789194442378 0.082753158852742162 -0.012167403123307682 -0.0044492236083380245 0.0021746980798024815 -0.050471787930471156 -0.012103669563457905
leaf_weight=1493.6175666550307 44.449553438604198 16.27261130935949 6.8622361398874983 6.4705698405259682 24.094755816597171 10.873242684321665 24.082176408238411 77.035193212169816
leaf_count=127222 3029 2073 2161 2586 3362 1578 6564 14709
internal_value=-4.42719e-05 0.0063731 -0.00913156 0.0366871 0.0209767 -0.0210565 -0.0340956 -0.000588113
internal_weight=1703.76 133.105 64.5608 13.3328 68.5443 51.228 34.9554 1570.65
internal_count=163284 21353 14962 4747 6391 10215 8142 141931
is_linear=0
shrinkage=0.0750466


Tree=331
num_leaves=9
num_cat=0
split_feature=80 120 63 63 8 97 134 81
split_gain=1.14513 4.01037 8.77328 5.33092 6.69645 3.07466 3.34087 2.33163
threshold=4.5000000000000009 493684.90500000009 3.5000000000000004 1.0000000180025095e-35 12961.865000000002 51.500000000000007 187492.32000000004 56108.485000000008
decision_type=2 10 2 2 2 2 8 2
left_child=7 3 -3 4 -2 6 -5 -1
right_child=1 2 -4 5 -6 -7 -8 -9
leaf_value=0.0002667842670335423 0.0046179760189611913 0.073779179737442344 -0.038100109183097294 0.012765594358068852 -0.058160029915163079 5.2483780407555025e-05 0.070480422987047084 -0.010598202931464001
leaf_weight=1474.1751852521411 25.091217999668515 12.786321694382424 5.7105242962543334 13.246244220877999 15.469420616023852 26.916533978185271 9.8483926948119898 120.31987087563766
leaf_count=91570 3909 3785 3870 3505 2772 7905 2365 43603
internal_value=-4.42006e-05 0.00739524 0.0392387 0.00089207 -0.0193249 0.0172887 0.0373773 -0.000553083
internal_weight=1703.56 109.069 18.4968 90.5718 40.5606 50.0112 23.0946 1594.5
internal_count=163284 28111 7655 20456 6681 13775 5870 135173
is_linear=0
shrinkage=0.0750466


Tree=332
num_leaves=9
num_cat=0
split_feature=18 108 10 74 113 131 145 10
split_gain=0.977405 3.04964 2.65686 3.56566 3.13084 5.27964 2.85938 2.88871
threshold=1949.6600000000001 1.0000000180025095e-35 -3005.3049999999998 3171.9350000000004 -624.49999999999989 1202.3250000000003 12.500000000000002 -386.05499999999995
decision_type=2 2 2 2 10 10 8 2
left_child=-1 2 -2 4 -4 6 7 -6
right_child=1 -3 3 -5 5 -7 -8 -9
leaf_value=-0.0014608774743920376 -0.017051039192140398 0.028795391648810155 0.0046243129766552161 0.024938961075421272 -0.024767148105035126 0.038161160397262278 -0.044828255259828156 -0.00097559214305585336
leaf_weight=1051.1595310606499 41.73090351629935 23.474486915918533 391.12428419513526 37.491387492654667 42.270612825474927 12.886990704759226 13.518129429208782 89.807200054809073
leaf_count=27573 22500 4390 68315 6994 14300 4914 2188 12110
internal_value=-4.47826e-05 0.00223719 0.00124576 0.0025463 0.00101879 -0.00787939 -0.0119545 -0.00858992
internal_weight=1703.46 652.304 628.83 587.099 549.607 158.483 145.596 132.078
internal_count=163284 135711 131321 108821 101827 33512 28598 26410
is_linear=0
shrinkage=0.0750466


Tree=333
num_leaves=9
num_cat=0
split_feature=33 32 127 11 13 127 0 71
split_gain=1.15906 4.66006 4.63326 8.92428 1.28164 1.17203 4.63166 1.33461
threshold=175039.38000000003 10.500000000000002 610.50000000000011 180.44000000000003 1.5000000000000002 145.50000000000003 49848695.500000007 1.0000000180025095e-35
decision_type=2 2 10 2 2 8 2 2
left_child=4 2 -2 -4 5 6 -1 -7
right_child=1 -3 3 -5 -6 7 -8 -9
leaf_value=0.016154223453489169 -0.069601315997246088 0.024725659568688142 0.13581622788791189 -0.076166892132777858 -0.015324739052248014 0.0040251819644065139 -0.043575605412470096 -0.0006728420413779346
leaf_weight=14.286129199033896 10.507977680445039 9.560662869776932 2.0720307325564127 2.4304647681815368 29.451541637652554 486.77969443586335 14.976815727128267 1133.67811029315
leaf_count=2164 3453 1286 784 4085 808 96336 2406 51962
internal_value=-4.41792e-05 -0.0162256 -0.0423088 0.0213869 0.000192601 0.000469624 -0.0144156 0.000738427
internal_weight=1703.74 24.5711 15.0105 4.5025 1679.17 1649.72 29.2629 1620.46
internal_count=163284 9608 8322 4869 153676 152868 4570 148298
is_linear=0
shrinkage=0.0750466


Tree=334
num_leaves=9
num_cat=0
split_feature=22 18 139 0 147 103 134 103
split_gain=1.15066 5.9995 7.40927 6.95475 3.96008 3.122 7.21046 4.8442
threshold=319.2050000000001 5971.0600000000004 1.0000000180025095e-35 31507133.500000004 -1305.0149999999996 2.5000000000000004 878247.68000000005 1.5000000000000002
decision_type=2 2 8 2 10 2 8 2
left_child=1 4 3 -3 -1 7 -7 -2
right_child=5 2 -4 -5 -6 6 -8 -9
leaf_value=0.0018363442880805292 -0.0023158616418405189 0.077911856957921466 -0.028924727332350339 0.017344435237511297 -0.012959296083427793 -0.029756974901540667 0.036927948924864222 0.029652008384554784
leaf_weight=871.47517798606896 565.37874664838682 16.098452075182649 11.684412270911706 31.707681809681162 115.36983739968491 52.944622829273612 11.035521046817392 28.019649691396808
leaf_count=25837 82053 3023 1769 6808 2214 27586 3752 10242
internal_value=-4.4017e-05 0.00150187 0.0246467 0.0377402 0.000106619 -0.00250457 -0.0182549 -0.000806372
internal_weight=1703.71 1046.34 59.4905 47.8061 986.845 657.379 63.9801 593.398
internal_count=163284 39651 11600 9831 28051 123633 31338 92295
is_linear=0
shrinkage=0.0750466


Tree=335
num_leaves=9
num_cat=0
split_feature=107 10 153 140 81 57 112 104
split_gain=1.08313 2.54407 2.49904 6.77421 5.40859 5.05656 4.17525 5.41506
threshold=12.500000000000002 3952.5500000000006 5389.9350000000004 4363.6450000000013 227284.42000000001 2.5000000000000004 66394503.095000006 2404.6500000000005
decision_type=2 2 10 10 2 2 8 2
left_child=-1 2 4 -4 -2 -6 7 -5
right_child=1 -3 3 6 5 -7 -8 -9
leaf_value=0.002529399211085252 0.001342065679885495 -0.020965270648642179 -0.042647964577703833 -0.017103917166628003 -0.059519108159706638 0.021297019596638971 0.042697179059394061 0.033244744698791961
leaf_weight=597.56835141108604 933.48252030798176 36.333655169780286 28.922129123042396 59.79234184306415 15.448587897064501 6.0750030168551339 10.921839674829242 15.061039509827422
leaf_count=7521 105537 4519 5491 18094 4815 3354 2133 11820
internal_value=-4.50156e-05 -0.00143592 -0.000772581 -0.0112393 0.000484487 -0.0367089 -0.000648802 -0.0069734
internal_weight=1703.61 1106.04 1069.7 114.697 955.006 21.5236 85.7752 74.8534
internal_count=163284 155763 151244 37538 113706 8169 32047 29914
is_linear=0
shrinkage=0.0750466


Tree=336
num_leaves=9
num_cat=0
split_feature=112 20 134 134 57 20 0 17
split_gain=1.01498 7.70706 8.98772 8.77491 5.22986 5.00049 4.43864 5.36369
threshold=228031.20000000004 16705.170000000002 267444.00000000006 692430.67000000016 1.5000000000000002 203.56500000000003 59645539.500000007 2.5000000000000004
decision_type=10 2 8 10 2 2 2 2
left_child=5 6 -3 -4 -5 -1 7 -2
right_child=1 2 3 4 -6 -7 -8 -9
leaf_value=0.0027906024761944091 -0.0021759787747746462 0.08644943779505973 -0.024811525203012667 0.096123060299146079 0.0082568982909847419 -0.0105319927804808 -0.039558170295921805 -0.03822827094404381
leaf_weight=1139.4269439593554 285.16932408899265 10.458339415132285 20.44247704062218 7.3246673119592725 7.9624234164161862 184.34111719259727 22.605223389387902 25.303473663554541
leaf_count=72607 34099 2896 8571 2089 5666 32183 2105 3068
internal_value=-4.52842e-05 -0.00346809 0.0252604 0.0073498 0.0503572 0.000935367 -0.00745186 -0.00511423
internal_weight=1703.03 379.266 46.1879 35.7296 15.2871 1323.77 333.078 310.473
internal_count=163284 58494 19222 16326 7755 104790 39272 37167
is_linear=0
shrinkage=0.0750466


Tree=337
num_leaves=9
num_cat=0
split_feature=115 125 145 118 25 25 95 125
split_gain=1.00581 1.23281 3.95721 2.46654 4.33705 1.97415 6.10166 2.494
threshold=-164.97999999999999 -28173.074999999993 5.5000000000000009 7478.380000000001 803.5100000000001 35114.595000000008 3.5000000000000004 -2063.0949999999998
decision_type=8 8 8 8 2 2 2 8
left_child=-1 2 3 -2 -5 -3 7 -7
right_child=1 5 -4 4 -6 6 -8 -9
leaf_value=-0.014734719465491763 -0.03265595656154606 0.00087910633242606123 -0.053536709826703867 -0.016282013616712838 0.074402857701974065 -0.065135026270615654 0.07746427688710511 -0.015206248498286203
leaf_weight=25.859747699480067 6.3009644015764952 1603.9980915066935 9.9210437566439378 6.4679307471160445 5.4924523074760145 6.7423599392013784 3.6799896512311525 34.291156235517064
leaf_count=2461 1870 122265 3517 1640 3293 6871 925 20442
internal_value=-4.70109e-05 0.000179491 -0.0153841 0.00534348 0.0253623 0.000445529 -0.0151081 -0.0234102
internal_weight=1702.75 1676.89 28.1824 18.2613 11.9604 1648.71 44.7135 41.0335
internal_count=163284 160823 10320 6803 4933 150503 28238 27313
is_linear=0
shrinkage=0.0750466


Tree=338
num_leaves=9
num_cat=0
split_feature=6 22 120 22 32 32 6 22
split_gain=1.00318 2.6345 2.83453 1.61526 2.62985 4.37964 2.62717 4.67972
threshold=289.50000000000006 34410.730000000003 1037556.6200000002 -22789.309999999994 3.5000000000000004 10.500000000000002 227.50000000000003 34410.730000000003
decision_type=2 2 8 2 2 2 2 2
left_child=3 -2 -3 -1 6 -6 -5 -8
right_child=1 2 -4 4 5 -7 7 -9
leaf_value=0.0078028082050350051 0.016737466544822537 -0.037861142317633323 0.026733490968339959 0.00014089249939612685 -0.049558291420836821 0.012127489286460083 -0.021833345158493236 0.018128374586938854
leaf_weight=124.04140808089323 54.549722572714018 11.730711767481809 5.6779480375080302 1385.3145471453122 15.886959656394085 10.950372355713624 73.023870098244515 21.323491621912126
leaf_count=5463 3273 4824 2051 126626 5255 1960 5213 8619
internal_value=-4.61651e-05 0.0086255 -0.0167932 -0.00042886 -0.00110663 -0.0243888 -0.000684355 -0.0128016
internal_weight=1702.5 71.9584 17.4087 1630.54 1506.5 26.8373 1479.66 94.3474
internal_count=163284 10148 6875 153136 147673 7215 140458 13832
is_linear=0
shrinkage=0.0750466


Tree=339
num_leaves=9
num_cat=0
split_feature=63 9 9 16 145 97 112 39
split_gain=1.07541 3.55518 6.07113 4.08014 1.34467 3.82926 3.45259 1.99059
threshold=8.5000000000000018 389.19000000000005 2798.8850000000007 -68.659999999999982 19.500000000000004 1.5000000000000002 228031.20000000004 82168.650000000009
decision_type=2 2 2 2 10 2 10 2
left_child=4 -2 3 -3 7 -6 -7 -1
right_child=1 2 -4 -5 5 6 -8 -9
leaf_value=-0.00038208613796062476 0.067507219105709421 0.032722453599030088 0.07097221273026795 -0.052709057272380268 0.027078581117156258 -0.01539567095382878 0.022161095330139723 -0.017350684184123482
leaf_weight=1536.4948600226753 5.6954481130196681 4.6719240618949742 5.0316018755097494 9.6553335785138152 37.622078452506685 42.42942493461851 20.420598549583701 39.948277329345729
leaf_count=128420 1598 1744 2475 5435 1746 4461 3563 13842
internal_value=-4.50046e-05 0.0153882 5.4611e-05 -0.024851 -0.000275588 0.00814222 -0.0031931 -0.000812083
internal_weight=1701.97 25.0543 19.3589 14.3273 1676.92 100.472 62.85 1576.44
internal_count=163284 11252 9654 7179 152032 9770 8024 142262
is_linear=0
shrinkage=0.0750466


Tree=340
num_leaves=9
num_cat=0
split_feature=147 21 85 85 147 113 147 118
split_gain=0.967405 6.21365 4.62618 3.62484 3.38595 6.90174 3.33999 5.91229
threshold=-7681.6749999999993 1.0000000180025095e-35 35229.000000000007 23510.590000000004 -10789.794999999998 -1079.9999999999998 -4623.8949999999995 11457.295000000002
decision_type=8 2 2 2 10 8 8 8
left_child=1 -1 3 4 -3 -6 7 -2
right_child=6 2 -4 -5 5 -7 -8 -9
leaf_value=0.043673517877621915 -0.049091579424188944 -0.0012056924306538027 -0.027177668263968089 0.040574901935377869 -0.01183361009848813 0.035989547196998227 -3.8716527266660691e-05 -0.0044874376079123727
leaf_weight=20.048858233796636 21.721642849886848 359.69373040423716 30.650259426073717 13.97997916192662 28.425840111498474 42.268094723127433 1112.1703154671668 72.927226175343094
leaf_count=1170 2981 72826 24318 8126 3074 3680 40258 6851
internal_value=-4.44674e-05 0.0027491 0.00102182 0.00296688 0.00174529 0.01676 -0.00119046 -0.014724
internal_weight=1701.89 495.067 475.018 444.368 430.388 70.6939 1206.82 94.6489
internal_count=163284 113194 112024 87706 79580 6754 50090 9832
is_linear=0
shrinkage=0.0750466


Tree=341
num_leaves=9
num_cat=0
split_feature=80 20 20 147 22 25 20 105
split_gain=1.22538 3.56282 7.33593 6.83398 9.95866 6.50757 5.74454 6.70009
threshold=2.5000000000000004 3581.3600000000001 419.75000000000006 -34380.424999999996 158755.75500000003 4305.3500000000013 8.2250000000000014 1.0000000180025095e-35
decision_type=2 2 2 10 2 2 2 2
left_child=-1 2 6 -3 5 -5 7 -2
right_child=1 3 -4 4 -6 -7 -8 -9
leaf_value=-0.00086172567152168844 -0.010688918711984309 -0.010482492849359475 -0.051899345638001311 0.11045407295162946 -0.021055370842236139 0.031006161073595263 0.030149566973340283 0.033898528732061714
leaf_weight=1461.2950330230433 110.75348486509574 22.165170099171064 14.193743024718058 11.398599820317033 9.5483959506782394 11.835672265386163 37.620275092664087 22.906633342192436
leaf_count=106452 17580 10250 3813 1229 5129 3883 8778 6170
internal_value=-4.48788e-05 0.00491995 -5.25399e-05 0.0217044 0.0434667 0.0699828 0.00424393 -0.00304753
internal_weight=1701.72 240.422 185.474 54.9478 32.7827 23.2343 171.28 133.66
internal_count=163284 56832 36341 20491 10241 5112 32528 23750
is_linear=0
shrinkage=0.0750466


Tree=342
num_leaves=9
num_cat=0
split_feature=83 115 0 83 18 115 83 0
split_gain=1.12209 3.98164 4.6666 1.91413 6.57869 5.22489 1.92704 6.28733
threshold=175657.12500000003 12352.975000000002 37799697.500000007 92470.055000000008 18220.110000000004 713.80000000000007 53371.560000000005 24777691.000000004
decision_type=2 8 2 2 2 8 2 2
left_child=3 2 -2 6 -5 -6 -1 -8
right_child=1 -3 -4 4 5 -7 7 -9
leaf_value=-0.00038896501118992752 0.0017784760289079565 -0.030415739259982873 0.076862687571589747 -0.056453894178404372 0.052466292521930524 -0.038582072856186915 -0.042714723181137136 0.028664034734441401
leaf_weight=1600.9066309451609 11.01816160220733 7.6869987402365068 8.081162561216841 13.944783003316845 8.7384992509732893 5.9781463684839755 8.5567649627355404 37.014375993516296
leaf_count=131076 3896 3210 2545 2188 3832 3653 3172 9712
internal_value=-4.68266e-05 0.0151917 0.0335475 -0.000290498 -0.0195179 0.0154809 4.42064e-05 0.0152614
internal_weight=1701.93 26.7863 19.0993 1675.14 28.6614 14.7166 1646.48 45.5711
internal_count=163284 9651 6441 153633 9673 7485 143960 12884
is_linear=0
shrinkage=0.0750466


Tree=343
num_leaves=9
num_cat=0
split_feature=105 123 105 118 10 127 107 83
split_gain=1.03257 5.51438 4.73872 8.59255 10.9589 10.1332 3.12569 2.86138
threshold=1.5000000000000002 5.5000000000000009 1.0000000180025095e-35 inf 1.0000000180025095e-35 2528.5000000000005 116.50000000000001 53371.560000000005
decision_type=2 8 2 8 2 8 2 2
left_child=2 7 -1 6 5 -5 -4 -2
right_child=1 -3 3 4 -6 -7 -8 -9
leaf_value=-0.00037174846007498433 -0.038320107415932052 0.019529836783783765 0.010857086327908803 0.12996104655475338 -0.0070006630262883507 0.017716523950159976 -0.064379490127059485 0.017691560626300323
leaf_weight=1600.6573509973805 28.9474892231583 21.980083014216689 5.9778747762502444 10.699660946080263 13.206307349380948 7.855446847901475 6.4822433188282957 6.2447584043284214
leaf_count=127538 12984 6484 1534 2967 1708 2435 4349 3285
internal_value=-4.68433e-05 -0.00996153 0.000297769 0.0245319 0.0452517 0.0824415 -0.0282839 -0.028381
internal_weight=1702.05 57.1723 1644.88 44.2215 31.7614 18.5551 12.4601 35.1922
internal_count=163284 22753 140531 12993 7110 5402 5883 16269
is_linear=0
shrinkage=0.0750466


Tree=344
num_leaves=9
num_cat=0
split_feature=149 7 81 56 151 112 149 112
split_gain=1.06554 5.7374 7.5675 3.87903 3.1337 7.54189 4.47503 2.79378
threshold=5660.5000000000009 3181.8900000000008 1.0000000180025095e-35 169.85500000000002 2.5000000000000004 360218.03500000009 6742.5000000000009 228031.20000000004
decision_type=10 2 2 2 8 10 8 10
left_child=7 4 -3 -4 -2 -6 -7 -1
right_child=1 2 3 -5 5 6 -8 -9
leaf_value=0.0010527025766159975 0.016528288343829033 0.098889486165320867 -0.028014675098718869 0.053674073748446786 -0.024748227962477394 0.079130892088657714 -0.0037421543860045228 -0.0067015897583223346
leaf_weight=1247.7485334369903 37.337875610843184 8.1480896522771236 7.6118027428447004 5.7446557372895768 49.745453200564953 7.1250216202442944 7.5671076719308994 331.12223634252041
leaf_count=95539 2514 1479 2179 3153 7168 2404 2402 46446
internal_value=-4.88609e-05 0.00667074 0.0418915 0.00711992 -0.000771194 -0.0107952 0.0364475 -0.000573535
internal_weight=1702.15 123.28 21.5045 13.3565 101.775 64.4376 14.6921 1578.87
internal_count=163284 21299 6811 5332 14488 11974 4806 141985
is_linear=0
shrinkage=0.0750466


Tree=345
num_leaves=9
num_cat=0
split_feature=103 134 0 104 127 127 104 134
split_gain=0.986474 15.3583 6.44963 3.03522 3.96067 3.84822 2.1143 6.41017
threshold=5.5000000000000009 160466.40000000002 42644405.000000007 39921.000000000007 1922.5000000000002 3655.5000000000005 5923.6500000000005 444316.4150000001
decision_type=2 10 2 2 10 10 2 10
left_child=3 2 -2 6 -5 -6 -1 -8
right_child=1 -3 -4 4 5 -7 7 -9
leaf_value=-0.00054912466518658703 0.083355970474328328 -0.047618244152814147 0.006565105725182663 -0.046958184014021055 0.052964205831569286 -0.035201387593842982 0.0031869961871033481 0.061346585184279795
leaf_weight=1545.5644495939714 13.396218956157101 15.272264139876368 11.403689670089078 17.405461648759232 5.7630536675278545 5.4014375223737261 75.376646009675824 12.433595601894465
leaf_count=104657 4158 10235 3764 5969 3189 3634 22076 5602
internal_value=-4.91607e-05 0.0115862 0.0480454 -0.000329707 -0.0245794 0.0103092 9.44524e-05 0.0114222
internal_weight=1702.02 40.0722 24.7999 1661.94 28.57 11.1645 1633.37 87.8102
internal_count=163284 18157 7922 145127 12792 6823 132335 27678
is_linear=0
shrinkage=0.0750466


Tree=346
num_leaves=9
num_cat=0
split_feature=118 153 137 125 137 139 25 131
split_gain=1.0262 3.27422 8.10292 4.86794 4.47676 6.09003 5.26488 2.39678
threshold=5692.1350000000011 2563.0050000000006 25456.255000000001 -12437.629999999999 52892.525000000001 108.87000000000002 1.0000000180025095e-35 1202.3250000000003
decision_type=10 10 8 10 10 8 2 10
left_child=7 3 -3 -2 -4 6 -6 -1
right_child=1 2 4 -5 5 -7 -8 -9
leaf_value=0.0001062589223133326 -0.032236394879611746 0.11899700521623402 -0.027026410240290791 0.021024877714503797 0.0081855705938091699 -0.032260485200084267 0.11636951097070777 -0.015876694409771786
leaf_weight=1578.650210989294 19.280844641862132 4.6125500406678839 10.390506287966678 19.377765709722553 4.4670656521702714 4.8717145409955291 5.8531961642011083 54.671593933947406
leaf_count=127170 4046 1827 5150 3488 1699 2799 4300 12805
internal_value=-5.04011e-05 0.00892425 0.0274415 -0.00553899 0.0109339 0.0368968 0.0695427 -0.000428733
internal_weight=1702.18 68.8536 30.195 38.6586 25.5825 15.192 10.3203 1633.32
internal_count=163284 23309 15775 7534 13948 8798 5999 139975
is_linear=0
shrinkage=0.0750466


Tree=347
num_leaves=9
num_cat=0
split_feature=22 120 0 0 120 5 120 120
split_gain=1.04276 3.85121 3.77035 5.9041 5.98881 5.99496 3.60669 6.06534
threshold=6061.1650000000009 211140.00000000003 31507133.500000004 26921913.500000004 588362.69500000007 47.500000000000007 305273.25000000006 800917.97000000009
decision_type=2 8 2 2 8 2 10 10
left_child=-1 -2 3 -3 5 -5 -4 -8
right_child=1 2 6 4 -6 -7 7 -9
leaf_value=0.0010216764457623105 -0.010735037807604743 0.0020606036812152286 0.005059415594694425 0.12182087341278526 0.0084696343312990596 0.029821989596839859 -0.039237268860883551 0.019928578453795396
leaf_weight=1276.6103916171633 203.24924138664483 73.042905596124911 70.252502379717043 7.5455364509889504 16.208143873765948 8.4638351999492425 33.12149085112469 13.834147865473822
leaf_count=55779 49288 21587 12149 2592 4067 2420 11087 4315
internal_value=-5.09121e-05 -0.00326731 0.00355527 0.0138647 0.0406266 0.0731829 -0.00570323 -0.0218057
internal_weight=1702.33 425.718 222.469 105.26 32.2175 16.0094 117.208 46.9556
internal_count=163284 107505 58217 30666 9079 5012 27551 15402
is_linear=0
shrinkage=0.0750466


Tree=348
num_leaves=9
num_cat=0
split_feature=134 102 6 118 83 127 85 85
split_gain=1.38167 1.0637 2.32558 1.50213 5.12653 4.22958 9.12777 5.96985
threshold=1378588.4800000002 1.0000000180025095e-35 85.500000000000014 5692.1350000000011 2582.5950000000007 3462.5000000000005 2404.6500000000005 4750.6500000000005
decision_type=10 2 2 10 2 10 2 2
left_child=1 3 -3 -1 -5 6 -6 -7
right_child=-2 2 -4 4 5 7 -8 -9
leaf_value=9.2443765436755655e-05 -0.018207279656023267 0.005934342578009298 -0.02469112940128412 -0.0088897609489425738 0.011883282286425918 0.04043974203546976 0.11474147114838798 -0.075694610658224526
leaf_weight=1559.8130048841922 23.283525471147186 26.883493248257764 29.059417987065899 32.386729309541806 11.826570943992925 6.4213730884639499 8.2475907521284153 4.0748065772258997
leaf_count=133242 4549 1520 3124 6696 3834 3009 4268 3042
internal_value=-5.14114e-05 0.000200408 -0.00997399 0.000551157 0.0119162 0.0339583 0.0541432 -0.00464571
internal_weight=1702 1678.71 55.9429 1622.77 62.9571 30.5703 20.0742 10.4962
internal_count=163284 158735 4644 154091 20849 14153 8102 6051
is_linear=0
shrinkage=0.0750466


Tree=349
num_leaves=9
num_cat=0
split_feature=64 18 22 22 7 7 113 150
split_gain=0.993858 3.68594 10.4066 4.43807 3.2071 3.07035 6.48987 4.5816
threshold=11572.960000000001 7623.4400000000005 319.2050000000001 6061.1650000000009 1655.0800000000002 1065.7050000000002 -501.99999999999994 4363.6450000000013
decision_type=2 2 2 2 2 2 8 8
left_child=-1 4 -3 -4 -2 6 7 -5
right_child=1 2 3 5 -6 -7 -8 -9
leaf_value=0.00039544597043465632 -0.053523245426756932 0.094213617832990856 -0.065689712313163895 -0.075922241274183414 -0.0047670918136388657 -0.013043912933265744 0.084905153620640952 0.023345815022561302
leaf_weight=1604.8693282668064 15.161007629049893 6.3017799639383147 6.5033091788081938 3.8203235482314968 15.232280278174583 35.465351607112098 6.5273289244928518 8.3240572458507813
leaf_count=126029 2911 1793 1615 2021 1946 17317 3786 5866
internal_value=-5.11376e-05 -0.00741442 0.00242589 -0.00711274 -0.029088 -7.60795e-05 0.0245552 -0.00788147
internal_weight=1702.2 97.3354 66.9422 60.6404 30.3933 54.1371 18.6717 12.1444
internal_count=163284 37255 32398 30605 4857 28990 11673 7887
is_linear=0
shrinkage=0.0750466


Tree=350
num_leaves=9
num_cat=0
split_feature=56 20 80 0 134 140 120 20
split_gain=1.05429 4.11964 1.67917 3.83037 5.58062 5.21382 5.01744 11.2823
threshold=11582.655000000002 1.0000000180025095e-35 4.5000000000000009 44238857.000000007 267444.00000000006 5236.5900000000011 493684.90500000009 34.560000000000009
decision_type=2 2 2 2 8 10 10 2
left_child=2 -2 -1 6 5 -5 -4 -8
right_child=1 -3 3 4 -6 -7 7 -9
leaf_value=-0.00044326060172163824 0.02083946330828404 -0.043058565322884386 0.0094321831283451681 0.039584213247636772 -0.05386352605968777 -0.031659108714027877 0.12964991661777314 -0.004884700067207863
leaf_weight=1574.2776270806507 9.8778133231508054 13.379823531911823 55.202608591363969 13.899051404501735 11.430989846912778 9.9104809912005276 6.7463348243345518 7.3197767905239743
leaf_count=124832 4266 10767 11174 2375 2070 3032 1428 3340
internal_value=-5.15747e-05 -0.0159203 0.000168268 0.00938004 -0.0107628 0.00992989 0.0196277 0.0596403
internal_weight=1702.04 23.2576 1678.79 104.509 35.2405 23.8095 69.2687 14.0661
internal_count=163284 15033 148251 23419 7477 5407 15942 4768
is_linear=0
shrinkage=0.0750466


Tree=351
num_leaves=9
num_cat=0
split_feature=135 135 73 131 20 134 81 58
split_gain=1.06633 5.06148 4.69794 5.29718 8.48936 6.2995 5.43558 5.23873
threshold=-927.99999999999989 -989.49999999999989 6.5000000000000009 1378.2750000000003 16705.170000000002 214834.95000000004 23460.585000000003 1208.2600000000002
decision_type=10 10 2 8 2 10 2 2
left_child=1 -1 -2 4 6 -6 7 -4
right_child=2 -3 3 -5 5 -7 -8 -9
leaf_value=8.2068304896155674e-05 -0.010261589629551046 0.026816178133688823 0.033159697249770623 0.037699195436081204 -0.0052864910899201164 0.08800886989073739 -0.035797620398896286 -0.017236082339048216
leaf_weight=1318.581248446475 222.17420393854445 41.128868009895086 20.886305805419397 26.612983105915191 7.0962894737167543 9.5774237388195598 29.880013527459141 26.176973863172861
leaf_count=111664 15278 5680 1611 8674 2513 5414 8516 3934
internal_value=-5.18732e-05 0.000890729 -0.00379501 0.00815465 -0.000244128 0.0483026 -0.0107643 0.00512916
internal_weight=1702.11 1359.71 342.404 120.23 93.617 16.6737 76.9433 47.0633
internal_count=163284 117344 45940 30662 21988 7927 14061 5545
is_linear=0
shrinkage=0.0750466


Tree=352
num_leaves=9
num_cat=0
split_feature=112 81 81 147 113 128 112 147
split_gain=1.0953 3.41194 5.05293 8.73799 4.83336 4.43865 8.35318 6.06601
threshold=228031.20000000004 15997.960000000001 3571.4900000000002 -7681.6749999999993 -805.49999999999989 13210.410000000002 190026.00000000003 -46645.979999999989
decision_type=8 2 2 10 10 8 8 8
left_child=1 2 -1 4 -4 6 -3 -7
right_child=-2 5 3 -5 -6 7 -8 -9
leaf_value=0.0014888857105127256 -0.0019318221049228611 -0.00013436997986475491 0.052891085248835422 -0.0045174448123312819 0.010273474339231035 -0.064349825284956613 0.080163299712021213 -0.0089644209313781299
leaf_weight=507.84312508818584 862.12355970632734 59.905495263704324 40.753555511086233 50.29976516343595 23.705639470845199 12.120996558220211 8.3083141316346865 137.21044610865829
leaf_count=28871 75316 16984 4692 2499 2788 4174 1917 26043
internal_value=-5.26122e-05 0.00187575 0.00470274 0.018925 0.0372179 -0.00621491 0.00964574 -0.01346
internal_weight=1702.27 840.147 622.602 114.759 64.4592 217.545 68.2138 149.331
internal_count=163284 87968 38850 9979 7480 49118 18901 30217
is_linear=0
shrinkage=0.0750466


Tree=353
num_leaves=9
num_cat=0
split_feature=127 63 64 151 127 153 151 153
split_gain=0.968317 4.20734 8.55029 8.46416 3.80674 8.7179 5.16871 5.76376
threshold=1221.5000000000002 3.5000000000000004 1261.1750000000004 1.5000000000000002 610.50000000000011 838.69500000000005 1.5000000000000002 651.0150000000001
decision_type=8 2 2 10 10 10 10 10
left_child=1 2 4 -3 6 -6 -1 -8
right_child=-2 3 -4 -5 5 -7 7 -9
leaf_value=-0.0069799618557851691 -0.0012140557670649232 -0.011878476883863228 -0.03727737104975809 0.074484534479879766 0.024148700962468964 -0.018635957636434747 0.04393364148175951 0.0012105935105279012
leaf_weight=221.6194334714728 1198.3156888461172 12.47734368594138 30.572905540667307 13.103225786490837 110.01156069273566 35.470627348749986 26.439343497793743 54.329609876827817
leaf_count=11003 117625 2989 8101 4976 3522 5654 1458 7956
internal_value=-5.32585e-05 0.00270653 0.0011211 0.0323596 0.00374229 0.0137172 -0.00105675 0.0151958
internal_weight=1702.34 504.024 478.443 25.5806 447.871 145.482 302.388 80.769
internal_count=163284 45659 37694 7965 29593 9176 20417 9414
is_linear=0
shrinkage=0.0750466


Tree=354
num_leaves=9
num_cat=0
split_feature=27 16 5 113 27 5 8 11
split_gain=1.14538 6.21889 6.72452 5.10467 2.30029 6.16922 12.0216 2.46491
threshold=32.500000000000007 -68.659999999999982 43.500000000000007 -713.99999999999989 23.500000000000004 45.500000000000007 8212.8900000000012 740.22000000000014
decision_type=2 2 2 10 2 2 2 2
left_child=4 -2 -3 -4 -1 7 -7 -6
right_child=1 2 3 -5 5 6 -8 -9
leaf_value=-0.00020844744765505271 -0.046923603989626986 0.10145742688468368 0.04759629083199083 -0.075520314953481285 -0.03811516575704877 0.10164235300166637 -0.02405193738835594 0.020455824361105733
leaf_weight=1640.5556307741617 15.309777695774757 4.2232574148511031 3.6345267238975794 3.9667537304735561 9.6112770681684214 10.472744009903183 7.2534918604283112 6.989484117988467
leaf_count=137730 6514 2139 1677 3111 2556 2195 3825 3537
internal_value=-5.39391e-05 -0.0153492 0.0255317 -0.0166525 0.000193855 0.0194207 0.0502088 -0.0134548
internal_weight=1702.02 27.1343 11.8245 7.60128 1674.88 34.327 17.7262 16.6008
internal_count=163284 13441 6927 4788 149843 12113 6020 6093
is_linear=0
shrinkage=0.0750466


Tree=355
num_leaves=9
num_cat=0
split_feature=73 123 73 0 6 137 137 137
split_gain=1.1185 6.17032 3.69331 5.96788 8.98742 5.61751 4.98469 6.06815
threshold=9.5000000000000018 19.500000000000004 6.5000000000000009 34241628.000000007 266.50000000000006 16998.050000000003 34187.80000000001 2950.8750000000005
decision_type=2 8 2 2 2 10 10 8
left_child=2 -2 -1 4 5 -4 7 -5
right_child=1 -3 3 6 -6 -7 -8 -9
leaf_value=-0.00084171378335936176 0.00033708191144196794 -0.036405853360761457 0.047865832179477999 0.018626361737027385 -0.027287043468500711 0.0049231967112509925 0.036345696313237509 -0.02179035158801728
leaf_weight=1300.3881437246737 164.97497046283206 30.499592775273413 53.841457730737602 31.211964699490636 16.130727222519454 25.180055061829989 16.403141822139787 63.45815651844805
leaf_count=71929 52792 6224 4799 1689 3061 7558 4983 10249
internal_value=-5.4969e-05 -0.00539586 0.000637981 0.00996844 0.0237616 0.0341822 -0.00184767 -0.00846529
internal_weight=1702.09 195.475 1506.61 206.226 95.1522 79.0215 111.073 94.6701
internal_count=163284 59016 104268 32339 15418 12357 16921 11938
is_linear=0
shrinkage=0.0750466


Tree=356
num_leaves=9
num_cat=0
split_feature=20 73 82 28 20 140 74 140
split_gain=0.998747 3.39534 3.11789 6.18482 1.53916 7.41209 5.51659 4.46701
threshold=198651.37500000003 8.5000000000000018 1.0000000180025095e-35 4577.1250000000009 48105.080000000009 6174.3750000000009 659.20500000000015 13973.205000000002
decision_type=2 2 2 2 2 8 2 10
left_child=4 2 -2 -4 -1 -6 -7 -8
right_child=1 -3 3 -5 5 6 7 -9
leaf_value=-0.00020597316108476345 -0.022873354538918308 -0.05692496141782892 0.093228095834364824 -0.027663655078681321 -0.020858603260791499 0.085908414150055359 0.045906902574256968 -0.028055719152642978
leaf_weight=1623.1365496595286 12.990130575775771 7.6125999724254134 4.835090781140023 4.7003782728679653 20.626742661705066 9.2339718542352802 11.061942742280737 7.8713197539568673
leaf_count=135726 1745 5780 847 3734 4914 3325 1812 5401
internal_value=-5.52539e-05 -0.0135953 0.00104809 0.0336362 0.000188819 0.0133216 0.0383516 0.0151577
internal_weight=1702.07 30.1382 22.5256 9.53547 1671.93 48.794 28.1672 18.9333
internal_count=163284 12106 6326 4581 151178 15452 10538 7213
is_linear=0
shrinkage=0.0750466


Tree=357
num_leaves=9
num_cat=0
split_feature=22 6 8 113 149 6 25 131
split_gain=0.996772 4.57983 6.5289 7.15349 7.78572 5.07084 5.93035 5.47497
threshold=6061.1650000000009 189.50000000000003 9683.5850000000009 -440.49999999999994 5660.5000000000009 131.50000000000003 5340.5650000000014 1049.8350000000003
decision_type=2 2 2 8 10 2 2 10
left_child=-1 5 3 4 -3 6 -2 -8
right_child=1 2 -4 -5 -6 -7 7 -9
leaf_value=0.00099312130161811137 0.0073164980314920419 -0.039106599094407397 -0.0029235682910913356 0.080544735077502538 0.050559734446724278 -0.02224888943350117 -0.024718877748590221 0.042169176171371947
leaf_weight=1276.8419836455087 147.56289325662055 9.8307791280130932 69.439853213073548 13.155957030137868 12.249500697372694 94.518260389834722 70.867895019968728 7.6344725190920135
leaf_count=55779 16510 2923 22692 2511 2865 26638 27839 5527
internal_value=-5.49586e-05 -0.00320182 0.0104275 0.0367385 0.0106377 -0.00765204 -0.00154907 -0.0182139
internal_weight=1702.1 425.26 104.676 35.2362 22.0803 320.584 226.065 78.5024
internal_count=163284 107505 30991 8299 5788 76514 49876 33366
is_linear=0
shrinkage=0.0750466


Tree=358
num_leaves=9
num_cat=0
split_feature=33 10 73 10 150 73 125 20
split_gain=0.990825 3.37341 1.87691 1.50947 3.6117 2.81182 7.55204 6.70396
threshold=175039.38000000003 -284.26499999999993 2.5000000000000004 567.17500000000007 953.55500000000018 6.5000000000000009 -81768.159999999989 1.0000000180025095e-35
decision_type=2 2 2 2 8 2 10 2
left_child=3 -2 -3 -1 -5 -6 -7 -8
right_child=1 2 -4 4 5 6 7 -9
leaf_value=-0.00079625399901372918 0.032767473621194025 -0.0053184734360872191 -0.054006359996378268 0.026983018837009286 0.0059625150597582095 -0.043849898181968223 -0.022807827882879335 0.065935774393732632
leaf_weight=1420.593276944518 6.1580509965497212 8.2599341931563703 9.6911926039183509 37.484494293414173 176.61663278392734 23.6575420296831 10.060558657387448 9.1586813216526917
leaf_count=137882 4169 769 4670 2348 5385 3011 2414 2636
internal_value=-5.58959e-05 -0.0151615 -0.0316034 0.000161195 0.00545404 0.00177738 -0.0154619 0.0194818
internal_weight=1701.68 24.1092 17.9511 1677.57 256.978 219.493 42.8768 19.2192
internal_count=163284 9608 5439 153676 15794 13446 8061 5050
is_linear=0
shrinkage=0.0750466


Tree=359
num_leaves=9
num_cat=0
split_feature=27 30 104 27 125 131 101 135
split_gain=1.01803 4.11276 3.19059 3.03674 4.46594 2.92448 1.37517 3.21563
threshold=29.500000000000004 7.5000000000000009 5923.6500000000005 23.500000000000004 -2063.0949999999998 1.0000000180025095e-35 1.0000000180025095e-35 -1444.9999999999998
decision_type=2 2 2 2 8 8 2 8
left_child=3 2 5 6 -5 -2 -1 -8
right_child=1 -3 -4 4 -6 -7 7 -9
leaf_value=0.00016432508941084298 -0.06017952356578888 0.03782577219881763 0.022394002073940777 0.071783822393333446 0.0048941063083425456 -0.0037192805590744527 -0.035089780901334668 0.0058770627981827289
leaf_weight=1596.2298830206569 13.736702761419116 7.2297506447835067 6.0993194624575144 8.1179404885524473 18.280448156905553 8.2819615675452933 20.369765421313787 22.947743422741041
leaf_count=131637 3952 4236 4709 3920 5082 3655 2498 3595
internal_value=-5.45547e-05 -0.0126574 -0.0256378 0.000212851 0.0254638 -0.0389429 -0.000193715 -0.0133873
internal_weight=1701.29 35.3477 28.118 1665.95 26.3984 22.0187 1639.55 43.3175
internal_count=163284 16552 12316 146732 9002 7607 137730 6093
is_linear=0
shrinkage=0.0750466


Tree=360
num_leaves=9
num_cat=0
split_feature=148 138 138 141 128 140 151 140
split_gain=0.942861 2.64623 2.65781 2.41983 7.28256 6.84051 10.3226 4.77475
threshold=5.9250000000000007 26813.160000000003 54590.010000000002 1.7850000000000004 1577.3950000000002 6174.3750000000009 12.500000000000002 953.55500000000018
decision_type=10 8 8 10 10 10 8 10
left_child=3 -2 -3 -1 7 -6 -7 -5
right_child=1 2 -4 4 5 6 -8 -9
leaf_value=0.00044897547020199957 0.031362603430066187 -0.050885558027489231 0.019725373142652578 0.015936071040199645 -0.041691156528619738 0.11509594735595241 -0.0076156782595117722 -0.029924463943016205
leaf_weight=1566.3885659533248 17.976979155489971 5.7647087663644925 6.2649521811354152 15.752474453973262 5.7825095353127862 7.754640280990313 7.6888838283839513 67.895315877778103
leaf_count=129852 2373 2109 3304 1393 1202 2921 4136 15994
internal_value=-5.31916e-05 0.0131319 -0.0141119 -0.000289922 -0.0113261 0.0279323 0.0540014 -0.0212881
internal_weight=1701.27 30.0066 12.0297 1671.26 104.874 21.226 15.4435 83.6478
internal_count=163284 7786 5413 155498 25646 8259 7057 17387
is_linear=0
shrinkage=0.0750466


Tree=361
num_leaves=9
num_cat=0
split_feature=73 131 149 80 131 9 73 149
split_gain=0.959937 4.92303 4.08471 6.76769 5.30919 2.3731 1.76477 5.94644
threshold=12.500000000000002 3067.3950000000009 4292.5000000000009 1.5000000000000002 41.055000000000007 2506.1000000000004 10.500000000000002 2306.5000000000005
decision_type=2 10 8 2 10 2 2 10
left_child=6 2 3 -2 -5 -4 -1 -8
right_child=1 -3 5 4 -6 -7 7 -9
leaf_value=-0.00015601189825766455 -0.040416766250237102 0.048735241856241812 -0.066060419724602068 0.068202478257882893 -0.019557446798735612 -0.015177834537402667 -0.021561486296091427 0.033038322876907701
leaf_weight=1594.4607379361992 12.817407044033645 7.1201080323485249 11.529380774149105 9.5850624802751572 6.525480020239228 9.3476445106052761 17.150853700563857 32.563850398465547
leaf_count=126337 3769 4038 5231 2955 2794 3100 4261 10799
internal_value=-5.35801e-05 -0.00963455 -0.0179791 0.000278801 0.0326558 -0.0432778 0.000278135 0.0142022
internal_weight=1701.1 56.9251 49.805 28.9279 16.1105 20.877 1644.18 49.7147
internal_count=163284 21887 17849 9518 5749 8331 141397 15060
is_linear=0
shrinkage=0.0750466


Tree=362
num_leaves=9
num_cat=0
split_feature=125 140 138 57 127 127 147 112
split_gain=1.09749 3.33632 2.9491 1.41286 4.93432 8.20901 3.6877 3.62889
threshold=-28173.074999999993 12306.960000000001 70187.215000000011 6.5000000000000009 4159.5000000000009 3001.5000000000005 -41886.234999999993 278704.80000000005
decision_type=8 8 8 2 10 8 10 8
left_child=1 -1 -3 -2 5 6 -5 -6
right_child=3 2 -4 4 7 -7 -8 -9
leaf_value=0.017003906533687808 -0.0001633539445558788 -0.067560714964747012 -0.0069625414449922731 -0.036707081958904847 -0.076369186015068674 0.073304004460672409 0.026608139219427056 0.0091330388401811846
leaf_weight=11.696444543406868 1625.612225928744 8.2484783096060728 10.01455635155162 9.4424286044504679 5.137913536951598 13.377698502826204 11.479286252948443 6.1323731912921184
leaf_count=2644 138308 3216 4610 3030 1826 3748 2180 3722
internal_value=-5.3234e-05 -0.0142898 -0.0343316 0.000201986 0.0132348 0.0273905 -0.00196741 -0.0298458
internal_weight=1701.14 29.9595 18.263 1671.18 45.5697 34.2994 20.9217 11.2703
internal_count=163284 10470 7826 152814 14506 8958 5210 5548
is_linear=0
shrinkage=0.0750466


Tree=363
num_leaves=9
num_cat=0
split_feature=11 12 135 73 127 16 127 127
split_gain=1.02 3.63933 3.60218 5.9667 7.2048 3.89373 3.56365 3.14421
threshold=18.395000000000003 4.5000000000000009 -348.99999999999994 6.5000000000000009 4553.5000000000009 -38885.234999999993 610.50000000000011 2104.5000000000005
decision_type=2 2 10 2 8 2 10 10
left_child=6 -2 5 -4 -5 -3 -1 -7
right_child=1 2 3 4 -6 7 -8 -9
leaf_value=-0.0072385688211698343 0.018221365628073746 -0.028888500354343056 -0.038082882938121621 0.04253059114297042 -0.044375729918114615 0.0053234612199871897 0.0043637584623467075 -0.0037376517957689753
leaf_weight=364.26035463484186 67.397766401438275 23.465473887384178 34.046512536251612 14.903506059294161 8.4010321884670685 599.30289641863692 252.41112560243528 336.94003631450096
leaf_count=6302 1386 2209 3826 3928 2443 71567 6822 64801
internal_value=-5.26713e-05 0.00133307 0.000213933 -0.0180561 0.0112018 0.00130573 -0.0024896 0.0020625
internal_weight=1701.13 1084.46 1017.06 57.3511 23.3045 959.708 616.671 936.243
internal_count=163284 150160 148774 10197 6371 138577 13124 136368
is_linear=0
shrinkage=0.0750466


Tree=364
num_leaves=9
num_cat=0
split_feature=105 73 56 147 105 126 127 24
split_gain=0.987697 7.87706 10.2467 9.74768 3.76897 8.61383 6.64496 6.78762
threshold=1.5000000000000002 10.500000000000002 70.580000000000013 -1.0000000180025095e-35 1.0000000180025095e-35 2.3450000000000002 3893.5000000000005 4.5000000000000009
decision_type=2 2 2 8 2 8 8 2
left_child=4 3 -3 -2 -1 -6 7 -7
right_child=1 2 -4 -5 5 6 -8 -9
leaf_value=-0.00032118987378838701 -0.0535902311407521 0.10803311903557236 -0.041407584439909516 0.015911404238529287 -0.0328587401993077 0.10126902815640478 -0.0053799040283870345 0.0171771668784069
leaf_weight=1598.6868445384125 26.020770571796675 6.4404823399672733 4.315662060777413 20.178397920495627 12.037272041291542 12.602204276932754 11.391703023717126 9.4669650282467028
leaf_count=127538 13952 2409 3311 3081 5668 1498 2126 3701
internal_value=-5.15992e-05 -0.00976745 0.0480734 -0.023234 0.000284962 0.0215836 0.0411688 0.0651963
internal_weight=1701.14 56.9553 10.7561 46.1992 1644.18 45.4981 33.4609 22.0692
internal_count=163284 22753 5720 17033 140531 12993 7325 5199
is_linear=0
shrinkage=0.0750466


Tree=365
num_leaves=9
num_cat=0
split_feature=64 142 113 151 56 113 56 129
split_gain=0.970449 3.20555 3.15821 2.45759 2.82382 1.93307 1.1705 4.89908
threshold=25194.515000000003 105570.00000000001 -1414.4999999999998 9.5000000000000018 1169.9700000000003 -501.99999999999994 8668.8100000000031 5.5000000000000009
decision_type=2 8 8 10 2 10 2 8
left_child=6 -2 -3 4 -4 -5 -1 -8
right_child=1 2 3 5 -6 -7 7 -9
leaf_value=0.00052249646733582911 0.03049154248568019 -0.065261645881749888 0.017453705248483168 -0.075826753151096479 -0.034219237080651374 0.0012793183085625041 0.038214526033082591 -0.03370555617923604
leaf_weight=1622.3739317843365 8.9640455535190977 6.9241589541629764 18.504944949969289 4.8835225007987901 8.7833601620268364 2.9297600236550343 7.2061090106344663 20.535780156707006
leaf_count=127297 2558 3469 4401 3763 4427 2670 5188 9511
internal_value=-5.39621e-05 -0.0102508 -0.0189411 -0.00980393 0.000821596 -0.0469142 0.000261129 -0.0150239
internal_weight=1701.11 50.9898 42.0257 35.1016 27.2883 7.81328 1650.12 27.7419
internal_count=163284 21288 18730 15261 8828 6433 141996 14699
is_linear=0
shrinkage=0.0750466


Tree=366
num_leaves=9
num_cat=0
split_feature=99 115 135 135 97 97 141 131
split_gain=0.981483 1.68223 1.14644 4.21639 9.49707 2.45434 6.43577 4.1075
threshold=2.5000000000000004 -164.97999999999999 -927.99999999999989 -989.49999999999989 17.500000000000004 36.500000000000007 38.570000000000007 1202.3250000000003
decision_type=2 8 8 10 2 2 8 10
left_child=1 -1 3 5 -5 7 -7 -3
right_child=-2 2 -4 4 -6 6 -8 -9
leaf_value=-0.019455749985062692 0.013237112595722531 -0.00017561213236595569 -0.0023648272273998658 0.058931766001716158 -0.014844282696739456 0.0034062278117986972 0.047705930376687002 -0.028532506404766927
leaf_weight=25.418424634504845 30.733375175010224 705.95898346487684 678.62587073228042 21.761035022060241 17.918929058701906 169.70711558508719 20.725332195936062 29.990987669517381
leaf_count=2453 950 53572 52654 1754 3768 37050 2979 8104
internal_value=-5.23473e-05 -0.000296901 -8.03204e-07 0.00165984 0.0256155 0.000633744 0.0082275 -0.0013312
internal_weight=1700.84 1670.11 1644.69 966.062 39.68 926.382 190.432 735.95
internal_count=163284 162334 159881 107227 5522 101705 40029 61676
is_linear=0
shrinkage=0.0750466


Tree=367
num_leaves=9
num_cat=0
split_feature=73 95 149 72 106 97 58 58
split_gain=0.969237 5.61409 6.93273 5.56179 5.62073 12.713 5.3428 5.29259
threshold=9.5000000000000018 6.5000000000000009 206.50000000000003 1708.4500000000003 8240.3250000000025 57.500000000000007 1899.3750000000002 13816.580000000002
decision_type=2 2 10 2 2 2 2 2
left_child=-1 2 -2 4 -4 -6 -5 -8
right_child=1 -3 3 6 5 -7 7 -9
leaf_value=0.00059218790482099763 -0.07250874771660315 0.056713210419664963 -0.02793223290330811 0.024132814504277643 -0.056556672197836159 0.13563470691359236 -0.022486136379543276 0.032038315634799454
leaf_weight=1506.3933909095322 8.8471989637437201 7.9527006740900097 63.837759586160701 50.506681637412839 3.8689612369516899 3.8846310895387433 42.40794964446286 13.13097946909147
leaf_count=104268 1176 1129 33039 4816 3995 2965 7271 4625
internal_value=-5.14409e-05 -0.00503793 -0.00767134 -0.00444212 -0.0206038 0.0397332 0.00646865 -0.00959501
internal_weight=1700.83 194.437 186.484 177.637 71.5914 7.75359 106.046 55.5389
internal_count=163284 59016 57887 56711 39999 6960 16712 11896
is_linear=0
shrinkage=0.0750466


Tree=368
num_leaves=9
num_cat=0
split_feature=111 118 11 24 118 27 123 118
split_gain=0.94078 1.35131 7.60581 6.82106 2.00507 3.58043 5.35093 3.58956
threshold=1.0000000180025095e-35 21067.580000000005 740.22000000000014 1.5000000000000002 5692.1350000000011 9.5000000000000018 5.5000000000000009 11457.295000000002
decision_type=10 10 2 2 10 2 10 10
left_child=1 4 -3 -4 -1 -6 7 -7
right_child=-2 2 3 -5 5 6 -8 -9
leaf_value=-0.00055901163479517638 0.0093479481322389698 -0.063947228794637795 -0.033965742020830081 0.070252417430453698 -0.0038239711382709552 0.026349211052149272 -0.029472591319360263 0.099230410099049107
leaf_weight=1573.0231534869417 57.909612023300724 11.150345299424773 6.9685977788249129 7.1823636131111925 24.21684518755319 8.0391634165025625 4.8725550109147653 7.2280409557770318
leaf_count=139426 565 2328 2564 4425 4595 3552 2875 2954
internal_value=-5.30964e-05 -0.000384512 -0.0175939 0.0189305 -0.000115299 0.0156201 0.0390005 0.0608538
internal_weight=1700.59 1642.68 25.3013 14.151 1617.38 44.3566 20.1398 15.2672
internal_count=163284 162719 9317 6989 153402 13976 9381 6506
is_linear=0
shrinkage=0.0750466


Tree=369
num_leaves=9
num_cat=0
split_feature=48 147 11 22 5 11 8 73
split_gain=0.987195 5.20028 6.03371 7.63074 8.92754 3.40149 2.14106 6.49413
threshold=1.0000000180025095e-35 -41886.234999999993 180.44000000000003 65850.970000000016 55.500000000000007 1147.6250000000002 9683.5850000000009 1.0000000180025095e-35
decision_type=2 8 2 2 2 2 2 2
left_child=6 -2 -3 4 -4 -5 -1 -8
right_child=1 2 3 5 -6 -7 7 -9
leaf_value=0.0020712041649594845 -0.036289894951133821 -0.0025798149056216659 0.0092664900753493228 -0.062804456212022866 0.085185051180156207 0.01563133584992871 0.026028652585642225 -0.0051388056618614135
leaf_weight=819.15023744584005 14.486863104279108 70.721816803474212 16.261107696691397 5.4316156808872602 18.820104634874951 7.297416035517017 39.764981783548137 708.33730938277176
leaf_count=65478 7011 2928 3302 2017 2182 3913 1129 75324
internal_value=-5.27644e-05 0.0061543 0.0113418 0.0319349 0.0499947 -0.0178381 -0.000579582 -0.00348212
internal_weight=1700.27 133.019 118.532 47.8102 35.0812 12.729 1567.25 748.102
internal_count=163284 21353 14342 11414 5484 5930 141931 76453
is_linear=0
shrinkage=0.0750466


Tree=370
num_leaves=9
num_cat=0
split_feature=8 127 127 127 116 133 7 137
split_gain=0.918473 2.66688 3.46152 2.20978 4.21837 2.38302 1.43769 5.29682
threshold=-8804.7999999999975 510.50000000000006 1408.5000000000002 3655.5000000000005 2777.4150000000004 8.0000000000000018 -294.21499999999997 -1.0000000180025095e-35
decision_type=2 8 8 8 10 8 2 10
left_child=1 -1 -3 4 -4 -5 7 -2
right_child=6 2 3 5 -6 -7 -8 -9
leaf_value=0.029317409045669963 0.032438034509292391 -0.031269517266595506 0.00049696624104217249 -0.023685703659488681 0.059185437356171156 0.014434453172988507 0.00015972119599086732 -0.014023608485912246
leaf_weight=23.020289034672714 15.80179511251117 15.702739168667902 17.627978022668689 18.090816176797489 11.331569701245824 18.869191317950026 1469.6339436820763 110.15187853252155
leaf_count=3165 721 2679 2722 4432 3084 561 123073 22847
internal_value=-5.30755e-05 0.00675801 0.000395481 0.00793842 0.0234612 -0.00422422 -0.000499763 -0.00819466
internal_weight=1700.23 104.643 81.6223 65.9196 28.9595 36.96 1595.59 125.954
internal_count=163284 16643 13478 10799 5806 4993 146641 23568
is_linear=0
shrinkage=0.0750466


Tree=371
num_leaves=9
num_cat=0
split_feature=105 145 0 105 119 145 0 106
split_gain=0.949867 4.40124 4.95498 3.14595 6.85229 3.67597 2.79213 2.20299
threshold=1.5000000000000002 5.5000000000000009 44238857.000000007 1.0000000180025095e-35 1.175 5.5000000000000009 32756022.000000004 4633.3500000000013
decision_type=2 8 2 2 8 8 2 2
left_child=3 2 6 -1 -5 7 -2 -6
right_child=1 -3 -4 4 5 -7 -8 -9
leaf_value=-0.00028115426205332819 -0.024147754297683569 0.017777368346523024 -0.053499105688420541 -0.030727580679303968 0.074349945265086037 0.0015668253022268742 0.035465280636930434 0.027959678797452193
leaf_weight=1596.8025808376874 9.9649433202475866 20.888794601119116 17.896575542978098 11.479094486196116 12.719199848494101 11.574070162401766 7.95947123613223 10.545094312672516
leaf_count=127538 4940 6580 7477 5562 2275 2238 3756 2918
internal_value=-5.14628e-05 -0.00960062 -0.0255659 0.000278112 0.0195589 0.0361281 0.00232386 0.0533225
internal_weight=1699.83 56.7098 35.821 1643.12 46.3175 34.8384 17.9244 23.2643
internal_count=163284 22753 16173 140531 12993 7431 8696 5193
is_linear=0
shrinkage=0.0750466


Tree=372
num_leaves=9
num_cat=0
split_feature=22 18 72 22 138 20 125 147
split_gain=0.936559 3.86973 6.44455 3.8039 4.96998 3.19771 2.88015 9.27059
threshold=-1525.53 1949.6600000000001 1057.6200000000001 1417.5900000000004 19815.575000000004 79.560000000000016 -28173.074999999993 -15710.014999999998
decision_type=2 2 2 2 8 2 10 8
left_child=5 2 -2 4 -3 6 -1 -8
right_child=1 3 -4 -5 -6 -7 7 -9
leaf_value=0.0015955907748272265 -0.00022914413695632635 0.026242377340826791 -0.021162690648740604 -0.000751973257436497 -0.007797947242953949 -0.013843842396057815 0.055959194037451164 0.00097713648655940754
leaf_weight=605.99317012002393 230.57294713108058 72.070102166551806 129.25853549811654 473.32420027303033 36.334782571600954 66.210023546847879 23.926234911521533 62.095756927676121
leaf_count=15641 7705 5038 4136 113373 5318 3730 4836 3507
internal_value=-5.08188e-05 -0.00163162 -0.00774889 0.00215225 0.0148329 0.00191221 0.0034197 0.0162699
internal_weight=1699.79 941.561 359.831 581.729 108.405 758.225 692.015 86.022
internal_count=163284 135570 11841 123729 10356 27714 23984 8343
is_linear=0
shrinkage=0.0750466


Tree=373
num_leaves=9
num_cat=0
split_feature=2 127 8 8 135 127 139 63
split_gain=0.89552 2.25746 3.8303 5.58706 4.49195 7.92996 4.04151 3.46745
threshold=1.0000000180025095e-35 1221.5000000000002 33046.075000000004 43644.710000000006 -1628.4999999999998 1578.5000000000002 108.87000000000002 1.0000000180025095e-35
decision_type=2 10 2 2 8 10 10 2
left_child=-1 -2 4 -4 -3 -6 -5 -7
right_child=1 2 3 6 5 7 -8 -9
leaf_value=-0.00431852265204259 0.0033615793409784277 -0.014045491919800833 -0.041235045724205763 -0.010050774620111114 0.035446786269894219 -0.0038393921595459624 0.051033396244145907 0.011850981800877739
leaf_weight=238.10444726294372 790.71251585778555 108.95228278225568 33.4987806458048 50.47855829364471 38.617598112089581 328.08067401003063 6.9387894966052945 104.61904089345717
leaf_count=2137 60748 14247 7681 16397 3630 24301 3965 30178
internal_value=-5.05821e-05 0.000644552 -0.00255633 -0.0168789 -0.000312287 0.00286236 -0.00266886 -4.57408e-05
internal_weight=1700 1461.9 671.186 90.9161 580.27 471.317 57.4173 432.7
internal_count=163284 161147 100399 28043 72356 58109 20362 54479
is_linear=0
shrinkage=0.0750466


Tree=374
num_leaves=9
num_cat=0
split_feature=149 7 81 151 153 74 151 150
split_gain=0.927782 4.9083 5.77208 3.66401 2.99179 3.86938 2.01978 1.79659
threshold=5660.5000000000009 3181.8900000000008 1.0000000180025095e-35 3.5000000000000004 2844.5250000000001 2126.0350000000003 2.5000000000000004 12306.960000000001
decision_type=10 2 2 10 10 2 8 8
left_child=-1 4 -3 -4 6 -6 -2 -8
right_child=1 2 3 -5 5 -7 7 -9
leaf_value=-0.00054137849227076562 0.019388757122849421 0.085644976334059833 -0.038471082204738397 0.041127071748666102 0.00048441254128115492 -0.06728957681042895 -0.020285594968793431 0.0089716998882052035
leaf_weight=1576.3571725418524 34.448410597833572 8.7491073529772638 5.6790808356963662 7.6365121622952756 11.68231529086461 7.9886595733205459 21.866194956946856 25.730115206159098
leaf_count=141985 1999 1479 1081 4251 4331 2832 2402 2924
internal_value=-5.01196e-05 0.00620612 0.0382921 0.00717858 -0.000754146 -0.0270396 0.00554802 -0.00446938
internal_weight=1700.14 123.78 22.0647 13.3156 101.716 19.671 82.0447 47.5963
internal_count=163284 21299 6811 5332 14488 7163 7325 5326
is_linear=0
shrinkage=0.0750466


Tree=375
num_leaves=9
num_cat=0
split_feature=64 139 63 64 8 64 142 140
split_gain=0.978428 3.34874 4.18182 10.8838 5.17631 3.38593 6.00457 2.90205
threshold=13076.395000000002 109.55500000000002 8.5000000000000018 25194.515000000003 20804.765000000003 29265.620000000006 182988.00000000003 10829.135000000002
decision_type=2 10 2 2 2 2 8 8
left_child=-1 2 5 -4 -5 -2 -7 -8
right_child=1 -3 3 4 -6 6 7 -9
leaf_value=0.00037342175296302491 -0.028406217546616624 -0.051085891694098884 0.10748518566880985 -0.063930718993255087 0.032020002314983545 0.061091213140156156 0.02025513601953547 -0.039799736320607654
leaf_weight=1611.3147034895874 33.557768990469413 9.0104217078369384 6.4129940224602278 5.8954965046946182 6.8408311880007204 8.1566125869376283 7.5201915716752392 11.404113715519999
leaf_count=128691 11090 5654 2145 2526 3599 2534 2375 4670
internal_value=-4.92165e-05 -0.00771831 -0.00282083 0.0277525 -0.0123945 -0.0124757 0.00726486 -0.015935
internal_weight=1700.11 88.7984 79.788 19.1493 12.7363 60.6387 27.0809 18.9243
internal_count=163284 34593 28939 8270 6125 20669 9579 7045
is_linear=0
shrinkage=0.0750466


Tree=376
num_leaves=9
num_cat=0
split_feature=64 18 134 147 51 83 97 10
split_gain=0.860766 2.99674 3.65061 3.57262 3.19894 2.36939 2.45001 2.42081
threshold=13076.395000000002 7623.4400000000005 93605.400000000009 -140209.23499999996 1.0000000180025095e-35 42330.955000000009 77.500000000000014 -500.88999999999993
decision_type=2 2 8 10 2 2 2 2
left_child=-1 -2 -3 -4 5 7 -7 -5
right_child=1 2 3 4 -6 6 -8 -9
leaf_value=0.00034530118095540643 -0.028201514820807978 0.040497593644784224 0.030865079923850361 0.035668070917993198 -0.05786484539393523 0.0047184529116236287 -0.064505533961645697 -0.018128249587227866
leaf_weight=1611.748214719747 26.809902278736445 11.254690820189351 11.059016271041854 10.003121839789857 8.602145330316942 5.319407884797327 6.277769396912845 8.9048638407348353
leaf_count=128691 4482 3809 3586 3260 13077 1917 2954 1508
internal_value=-4.98046e-05 -0.00726735 0.00187028 -0.00679566 -0.0174456 -0.0060478 -0.0327538 0.0103323
internal_weight=1699.98 88.2309 61.421 50.1663 39.1073 30.5052 11.5972 18.908
internal_count=163284 34593 30111 26302 22716 9639 4871 4768
is_linear=0
shrinkage=0.0750466


Tree=377
num_leaves=9
num_cat=0
split_feature=107 22 128 141 153 22 107 12
split_gain=1.00331 5.77969 6.02426 4.71485 1.39061 5.0374 1.74535 5.45574
threshold=230.50000000000003 26219.395 4275.6550000000007 2.2850000000000006 20451.255000000001 -5649.0549999999994 153.50000000000003 8.5000000000000018
decision_type=2 2 8 10 10 2 2 2
left_child=4 -2 -3 -4 6 -6 -1 -8
right_child=1 2 3 -5 5 -7 7 -9
leaf_value=5.2744110828633626e-05 -0.052865297150486212 -0.075834271552794125 0.013811026595148906 0.1283765493177294 0.014735704002398724 -0.043575546508727914 0.025284770322835558 -0.044982139962956393
leaf_weight=1594.3592721522218 11.754429788300515 2.7994435671007505 6.4871080008174413 2.9400141440301013 16.365955994700926 17.022087864286732 40.77264333589028 7.3441424236789308
leaf_count=115274 4363 2664 4476 2782 1505 4777 18766 8677
internal_value=-4.85873e-05 -0.0152901 0.020834 0.0495403 0.000169514 -0.0149929 0.000477733 0.0145598
internal_weight=1699.85 23.981 12.2266 9.42712 1675.86 33.388 1642.48 48.1168
internal_count=163284 14285 9922 7258 148999 6282 142717 27443
is_linear=0
shrinkage=0.0750466


Tree=378
num_leaves=9
num_cat=0
split_feature=5 0 147 113 22 137 147 140
split_gain=0.907474 2.09331 5.4127 9.47375 4.95275 3.96972 3.3768 3.44352
threshold=76.500000000000014 24777691.000000004 -19379.904999999995 -440.49999999999994 -5649.0549999999994 8892.4500000000025 -1305.0149999999996 552.33500000000015
decision_type=2 2 10 10 2 10 10 10
left_child=1 2 4 5 -1 -4 -3 -8
right_child=-2 6 3 -5 -6 -7 7 -9
leaf_value=0.0063342348458495347 0.010776467548021531 0.0022207681401060064 0.004389659824515996 0.044621364383657644 -0.022536758756143228 -0.030193149017672866 -0.019023146813558659 0.00388287308484643
leaf_weight=45.849219248393638 42.52383027345968 1215.5879261770538 65.35824972066257 27.653241501378943 123.88845341847036 26.182809515901681 90.024273104416352 62.711275053677127
leaf_count=1576 2872 117262 4580 2730 22315 5032 3277 3640
internal_value=-4.85884e-05 -0.000326351 -0.00613065 0.00612684 -0.0147382 -0.0055018 0.000899271 -0.00961823
internal_weight=1699.78 1657.26 288.932 119.194 169.738 91.5411 1368.32 152.736
internal_count=163284 160412 36233 12342 23891 9612 124179 6917
is_linear=0
shrinkage=0.0750466


Tree=379
num_leaves=9
num_cat=0
split_feature=107 22 113 22 147 107 118 5
split_gain=0.894714 2.74676 6.14892 2.02272 5.89085 12.5796 5.17252 3.38823
threshold=12.500000000000002 -5649.0549999999994 -2054.4999999999995 -5649.0549999999994 -12321.749999999998 45.500000000000007 37573.990000000005 47.500000000000007
decision_type=2 2 10 2 8 2 8 2
left_child=1 -1 -3 4 5 -2 -7 -6
right_child=3 2 -4 -5 7 6 -8 -9
leaf_value=0.0077877391954146637 0.062279225198679317 -0.014034190519407486 0.0068539524726578642 -7.9967017093849081e-06 -0.030548513296693013 0.015733502397903863 -0.048060362514737734 -0.004028417798297961
leaf_weight=275.67151886346983 18.004804503929336 142.76945901443833 178.73750597442267 945.9042899642136 60.804019655179218 13.641687640165399 15.061458505677367 48.994748277687904
leaf_count=2250 681 2394 2877 141384 3560 4540 3781 1817
internal_value=-4.8275e-05 0.00229121 -0.00242171 -0.00131558 -0.00921843 0.0131048 -0.0177412 -0.0187146
internal_weight=1699.59 597.178 321.507 1102.41 156.507 46.708 28.7031 109.799
internal_count=163284 7521 5271 155763 14379 9002 8321 5377
is_linear=0
shrinkage=0.0750466


Tree=380
num_leaves=9
num_cat=0
split_feature=112 151 81 141 31 118 151 24
split_gain=0.862882 5.62486 1.51864 5.32577 3.80648 3.32551 8.2115 2.67745
threshold=41172.30000000001 3.5000000000000004 166963.90500000003 4.4850000000000012 3706.1800000000007 3044.0200000000004 7.5000000000000009 4.5000000000000009
decision_type=8 8 2 10 2 10 10 2
left_child=1 -1 -2 5 -5 7 -7 -4
right_child=2 -3 3 4 -6 6 -8 -9
leaf_value=-0.016504700682767378 -1.5469959923536679e-05 0.023387202508314362 -0.017142706781552969 0.097193590797141391 -0.011063434768378708 0.099670929635447172 -0.055983610826290012 -0.059586758692046209
leaf_weight=33.195574646353634 1564.9397701024291 49.728105613869047 23.049849946985887 3.8693470345851884 3.4694401190567987 3.8226315862902984 3.8125866477944328 13.143443076506172
leaf_count=2886 133819 3479 4710 2408 2397 1841 3005 8739
internal_value=-4.83503e-05 0.00741788 -0.000431448 -0.0131541 0.0460147 -0.0230615 0.021946 -0.0325561
internal_weight=1699.03 82.9237 1616.11 51.1673 7.33879 43.8285 7.63522 36.1933
internal_count=163284 6365 156919 23100 4805 18295 4846 13449
is_linear=0
shrinkage=0.0750466


Tree=381
num_leaves=9
num_cat=0
split_feature=6 134 145 27 68 153 153 27
split_gain=0.929177 2.04461 3.21518 1.89143 1.42017 2.73089 2.5285 1.09279
threshold=289.50000000000006 106977.60000000002 5.5000000000000009 4.5000000000000009 580.48000000000013 1026.3750000000002 3149.5050000000006 2.5000000000000004
decision_type=2 10 10 2 8 8 10 2
left_child=4 -2 3 -3 7 -6 -7 -1
right_child=1 2 -4 -5 5 6 -8 -9
leaf_value=0.00066194955836312267 0.022431667384735218 0.035385339291242816 -0.028026602632490204 -0.0076532440973457417 0.04997489996014165 -0.039725826585848355 0.023197862477657018 -0.0035314134936053339
leaf_weight=1086.3692574121014 31.99935397887748 12.223424035280916 16.787971938694682 10.860636619527666 9.1435465645954555 6.0119270926525123 8.9523757377251041 516.36909369360137
leaf_count=37577 1552 914 3534 4148 992 1679 3885 109003
internal_value=-4.82106e-05 0.00830233 -0.00303719 0.0151365 -0.000417124 0.0176621 -0.00208181 -0.000689065
internal_weight=1698.72 71.8714 39.872 23.0841 1626.85 24.1078 14.9643 1602.74
internal_count=163284 10148 8596 5062 153136 6556 5564 146580
is_linear=0
shrinkage=0.0750466


Tree=382
num_leaves=9
num_cat=0
split_feature=80 9 112 83 112 9 150 28
split_gain=0.951044 4.30673 4.13516 3.8188 11.1228 6.18792 4.52286 10.6568
threshold=2.5000000000000004 116.42500000000003 139352.40000000002 5324.8300000000008 529449.63500000013 448.33500000000004 3519.0050000000006 44943.515000000007
decision_type=2 2 10 2 10 2 10 2
left_child=3 -2 -3 -1 -5 -6 -7 -8
right_child=1 2 -4 4 5 6 7 -9
leaf_value=0.00063512620765965408 0.027939896264845387 -0.0099187039741234443 0.011471309404870485 -0.018316051255965443 -0.020117399843516699 0.016490474372281318 0.18537704460732635 0.016286709280381468
leaf_weight=1285.2283516399384 36.83250243929524 109.08051148903905 95.436275760906938 151.16761046189731 6.4694368206764947 5.6204201239070235 4.3328123108967684 4.0720065921991591
leaf_count=63617 4243 21224 31365 35207 1252 819 2037 3520
internal_value=-4.6233e-05 0.00431714 6.27907e-05 -0.000769071 -0.0112822 0.0405988 0.0686054 0.103455
internal_weight=1698.24 241.349 204.517 1456.89 171.662 20.4947 14.0252 8.40482
internal_count=163284 56832 52589 106452 42835 7628 6376 5557
is_linear=0
shrinkage=0.0750466


Tree=383
num_leaves=9
num_cat=0
split_feature=11 135 120 57 112 147 63 128
split_gain=0.961179 3.00974 4.07067 2.52449 2.18232 4.05838 7.73847 4.5709
threshold=18.395000000000003 -348.99999999999994 63342.000000000007 1.5000000000000002 228031.20000000004 -12321.749999999998 1.0000000180025095e-35 927.0150000000001
decision_type=2 10 10 2 10 10 2 8
left_child=-1 4 -3 -4 -2 7 -7 -6
right_child=1 2 3 -5 5 6 -8 -9
leaf_value=-0.0024166098227536709 0.0042220827071618562 -0.050723463983598172 0.010865489350187496 -0.026465677963380639 0.032204740716702089 -0.027263604030118054 0.022415869414933957 -0.0020294052243414241
leaf_weight=615.2772430187706 770.18071598846291 13.962887320361913 25.577020690367135 16.971867558394479 26.391344815392131 75.813802464221226 23.021029071256635 130.9856836999802
leaf_count=13124 89759 1631 3500 5068 6904 4824 4923 33551
internal_value=-4.79614e-05 0.00129784 -0.0155633 -0.00402514 0.00222619 -0.00377351 -0.015692 0.00371149
internal_weight=1698.18 1082.9 56.5118 42.5489 1026.39 256.212 98.8348 157.377
internal_count=163284 150160 10199 8568 139961 50202 9747 40455
is_linear=0
shrinkage=0.0750466


Tree=384
num_leaves=9
num_cat=0
split_feature=72 18 135 71 17 18 16 38
split_gain=0.902251 3.87941 3.71528 2.20978 2.59152 5.68322 4.51106 3.04688
threshold=2506.0200000000004 3102.7650000000003 -1110.4999999999998 1.5000000000000002 3.5000000000000004 1949.6600000000001 -1.0000000180025095e-35 1.0000000180025095e-35
decision_type=2 2 8 2 2 2 2 2
left_child=3 -2 -3 4 7 -6 -7 -1
right_child=1 2 -4 -5 5 6 -8 -9
leaf_value=-1.3530022355209912e-05 -0.018100004630315039 -0.011759892082059667 0.036024789884753133 0.019946749253105175 -0.015910269636756309 0.055762359880103501 0.0066967118386848812 -0.018756504306574572
leaf_weight=1450.8759655789845 63.940669605686708 18.034786397402058 18.630126440451022 31.879736150036479 22.326065857036156 20.83176634688607 21.388437472223814 50.549151371435528
leaf_count=129543 1868 2276 3415 1179 613 2096 3785 18509
internal_value=-4.73835e-05 -0.00694064 0.0125204 0.000386637 -1.1564e-05 0.0147127 0.0309061 -0.000644558
internal_weight=1698.46 100.606 36.6649 1597.85 1565.97 64.5463 42.2202 1501.43
internal_count=163284 7559 5691 155725 154546 6494 5881 148052
is_linear=0
shrinkage=0.0750466


Tree=385
num_leaves=9
num_cat=0
split_feature=48 97 11 27 113 20 5 113
split_gain=0.895727 4.60701 8.97291 4.53545 3.86975 4.58332 3.82014 3.22285
threshold=1.0000000180025095e-35 9.5000000000000018 136.92000000000004 3.5000000000000004 -379.49999999999994 1.6450000000000002 55.500000000000007 -624.49999999999989
decision_type=2 2 2 2 8 2 2 10
left_child=-1 6 -3 -4 5 -5 -2 -7
right_child=1 2 3 4 -6 7 -8 -9
leaf_value=-0.00054956391835564336 8.9889560630807382e-05 -0.04809369266738725 0.051104577588173612 0.04381025284029709 -0.054226779893159383 -0.055662765426617973 0.035423672751259863 0.021906701149681303
leaf_weight=1565.085248611997 31.789289113807172 21.559136280220628 11.710060336110471 11.736395813552919 6.6980997544251322 6.9094740732261934 37.634922034715601 5.3542214789522378
leaf_count=141931 3766 1494 1398 2923 2459 3656 2625 3032
internal_value=-4.64295e-05 0.00585685 -0.0086727 0.0113678 -0.00379009 0.0102861 0.0192444 -0.0217966
internal_weight=1698.48 133.392 63.9674 42.4083 30.6982 24.0001 69.4242 12.2637
internal_count=163284 21353 14962 13468 12070 9611 6391 6688
is_linear=0
shrinkage=0.0750466


Tree=386
num_leaves=9
num_cat=0
split_feature=33 33 12 132 33 107 8 142
split_gain=0.883546 3.02194 4.00621 5.6372 1.11513 12.0541 7.356 15.1609
threshold=175039.38000000003 453889.19500000007 5.5000000000000009 inf 1.0000000180025095e-35 22.500000000000004 25989.965000000004 182988.00000000003
decision_type=2 2 2 8 2 2 2 10
left_child=4 2 -2 -4 -1 -6 -7 -8
right_child=1 -3 3 -5 5 6 7 -9
leaf_value=-0.00035248444413863773 -0.077105299577456807 0.026628702440903707 -0.05022233338570381 0.063385467529315703 0.033561772998656911 -0.034970390960680393 -0.030415703050938308 0.11183643379075905
leaf_weight=1566.1176541890918 6.6355243349899018 7.0948296520482463 5.7949476983917494 4.2741553935265992 52.071174339856952 38.552859631934098 11.20246878926446 6.7693670907137848
leaf_count=127188 829 2402 5865 512 1680 17078 3672 4058
internal_value=-4.65897e-05 -0.0144047 -0.0318325 -0.00199784 0.000157454 0.00751155 -0.0164862 0.0231657
internal_weight=1698.51 23.7995 16.7046 10.0691 1674.71 108.596 56.5247 17.9718
internal_count=163284 9608 7206 6377 153676 26488 24808 7730
is_linear=0
shrinkage=0.0750466


Tree=387
num_leaves=9
num_cat=0
split_feature=107 118 134 23 83 97 118 150
split_gain=0.876928 4.70162 3.52284 6.84085 1.41915 4.7692 5.34466 9.86151
threshold=230.50000000000003 4275.6550000000007 320932.80000000005 1.5000000000000002 37776.215000000004 5.5000000000000009 694.53000000000009 9483.6900000000023
decision_type=2 8 10 2 2 2 8 8
left_child=4 -2 -3 -4 -1 -6 7 -7
right_child=1 2 3 -5 5 6 -8 -9
leaf_value=-0.00045804551690639569 -0.077948954654527086 -0.026222395761111867 0.1001933297238982 -0.037013601133900821 0.044139446735073737 -0.012767075848351225 -0.0053126981266046107 0.10618282075546168
leaf_weight=1552.8636862406156 5.1336794302437738 10.251255786525695 4.630589824845627 3.6673658604490811 17.556328717770157 8.514115570469583 88.536834732358329 7.2831475343764405
leaf_count=116133 3867 4285 2832 3301 3419 2142 24466 2839
internal_value=-4.87777e-05 -0.0143887 0.00320226 0.0395533 0.000154005 0.00795142 0.00186205 0.0420734
internal_weight=1698.44 23.6829 18.5492 8.29796 1674.75 121.89 104.334 15.7973
internal_count=163284 14285 10418 6133 148999 32866 29447 4981
is_linear=0
shrinkage=0.0750466


Tree=388
num_leaves=9
num_cat=0
split_feature=146 7 146 113 109 16 16 5
split_gain=0.855849 10.3486 8.88674 4.15213 1.61122 5.5335 4.02531 3.65101
threshold=1.0000000180025095e-35 1842.0450000000003 11715.525000000003 -1171.4999999999998 1.0000000180025095e-35 -3350.2649999999999 -10288.865 65.500000000000014
decision_type=10 2 10 10 2 2 2 2
left_child=4 3 -3 -2 6 -6 -1 -8
right_child=1 2 -4 -5 5 -7 7 -9
leaf_value=0.006922902335479127 0.0058884410017481679 0.070747608157560163 -0.00097036139073425787 -0.033462186499456502 -0.010874139379911855 0.0055059850127818421 -0.0078582798866553352 0.0064201829902710197
leaf_weight=194.25176376859599 31.94226224558679 20.576568537957428 18.46122155887042 28.644524069044564 145.82150480785003 570.8713124709252 565.25087189674832 122.76309133860468
leaf_count=3209 3235 1377 4226 4587 17372 90429 31725 7124
internal_value=-4.94623e-05 0.00669926 0.0368317 -0.0127159 -0.000469947 0.00217321 -0.00261707 -0.00531056
internal_weight=1698.58 99.6246 39.0378 60.5868 1598.96 716.693 882.266 688.014
internal_count=163284 13425 5603 7822 149859 107801 42058 38849
is_linear=0
shrinkage=0.0750466


Tree=389
num_leaves=9
num_cat=0
split_feature=125 18 18 118 58 58 142 25
split_gain=0.952845 4.01133 6.10326 5.15396 1.13519 3.3642 8.5659 6.56435
threshold=-28173.074999999993 252.93500000000003 24182.040000000005 30318.230000000003 3684.2700000000004 6461.2000000000007 105570.00000000001 5340.5650000000014
decision_type=8 2 2 10 2 2 10 2
left_child=1 -1 -3 -4 -2 6 -6 -8
right_child=4 2 3 -5 5 -7 7 -9
leaf_value=0.038810902071677575 -0.00064959304195258991 -0.057360757181646349 -0.028363200212281819 0.090865640879999932 0.056719598286432568 -0.0016248722451208803 -0.0088343340818316379 0.047032441324685328
leaf_weight=6.456382787760961 1411.5137969001871 14.616456185304743 4.7258095480601678 3.5954494555862766 22.332875814240651 165.54839481174849 54.505615145597403 15.134323666209637
leaf_count=739 93995 3911 3319 2501 3625 42838 4723 7633
internal_value=-4.95038e-05 -0.0134438 -0.0281522 0.0231532 0.000186389 0.00476854 0.0162765 0.00330677
internal_weight=1698.43 29.3941 22.9377 8.32126 1669.04 257.521 91.9728 69.6399
internal_count=163284 10470 9731 5820 152814 58819 15981 12356
is_linear=0
shrinkage=0.0750466


Tree=390
num_leaves=9
num_cat=0
split_feature=22 83 18 27 128 125 56 22
split_gain=1.00076 3.23096 6.81573 8.05914 2.6645 4.20776 8.36972 5.07559
threshold=6061.1650000000009 37776.215000000004 4482.5900000000011 2.5000000000000004 5692.1350000000011 -3860.5749999999994 3411.1250000000005 19850.095000000005
decision_type=2 2 2 2 8 10 2 2
left_child=1 -1 -3 -4 5 -2 7 -7
right_child=4 2 3 -5 -6 6 -8 -9
leaf_value=0.0001969973894210711 -0.038988977708659341 -0.0088947657507083451 0.084000939691474097 0.0047974635887577067 -0.00045938536931510593 -0.055103121067587885 0.069283271784074951 0.0026245633161652527
leaf_weight=1218.7219619672378 28.130887499977234 26.310732220505088 14.283093717731392 14.663446287515397 349.96463163759699 12.791493492832158 7.6944712674348912 26.040370918181907
leaf_count=48371 13991 2286 971 4151 79402 1599 4362 8151
internal_value=-4.9908e-05 0.00100174 0.0187507 0.0438788 -0.00320514 -0.0160762 -0.00222258 -0.0163913
internal_weight=1698.6 1273.98 55.2573 28.9465 424.622 74.6572 46.5263 38.8319
internal_count=163284 55779 7408 5122 107505 28103 14112 9750
is_linear=0
shrinkage=0.0750466


Tree=391
num_leaves=9
num_cat=0
split_feature=82 137 80 137 57 74 57 24
split_gain=0.915491 2.59531 3.4693 3.09398 3.28707 1.97609 1.73407 3.67519
threshold=6.5000000000000009 60464.195000000007 1.5000000000000002 23022.290000000005 1.0000000180025095e-35 1939.825 6.5000000000000009 4.5000000000000009
decision_type=2 8 2 10 2 2 2 2
left_child=6 2 -2 4 -4 -3 -1 -8
right_child=1 5 3 -5 -6 -7 7 -9
leaf_value=-0.0001526260355717999 -0.077540452739531043 0.036974255827028055 -0.029379745724559952 -0.049517643011667618 0.030611603151111059 -0.017821072591483491 0.025764003650453709 -0.02757915678875782
leaf_weight=1603.497758791008 5.2685898284653367 9.4352805089156373 9.2028151261511137 8.5194120429614468 11.662854945124762 6.1049840003954605 35.517150355214653 9.1476939218919124
leaf_count=128299 3103 2565 2943 5827 3685 3447 7201 6214
internal_value=-5.04251e-05 -0.0100347 -0.0214623 -0.0114078 0.00415239 0.0154479 0.000253642 0.0148389
internal_weight=1698.36 50.1939 34.6537 29.3851 20.8657 15.5403 1648.16 44.6648
internal_count=163284 21570 15558 12455 6628 6012 141714 13415
is_linear=0
shrinkage=0.0750466


Tree=392
num_leaves=9
num_cat=0
split_feature=81 31 140 31 46 9 147 58
split_gain=0.852238 4.29543 4.09749 5.05085 3.99288 3.22027 3.12181 2.93381
threshold=15997.960000000001 694.6400000000001 13973.205000000002 4336.1750000000011 1.0000000180025095e-35 389.19000000000005 -10789.794999999998 18235.655000000002
decision_type=2 2 8 2 2 2 8 2
left_child=-1 4 3 6 7 -5 -3 -2
right_child=1 2 -4 5 -6 -7 -8 -9
leaf_value=0.00091034580401923824 -0.0069456427312774658 0.082913963228847504 -0.0065048412681845301 -0.036487146594760676 -0.040242006765008574 0.01836186359930593 0.023241665137601359 0.026875646694755499
leaf_weight=1281.097446866549 278.70665627433209 10.292117486975256 45.88431033443976 7.5105178995836459 19.5216006950468 30.553651358150091 9.4910467102190541 15.234409594760107
leaf_count=68450 45586 3004 20593 2489 6151 9609 1810 5592
internal_value=-4.90178e-05 -0.00299498 0.0102424 0.0235263 -0.00737552 0.00753949 0.054286 -0.00519275
internal_weight=1698.29 417.194 103.732 57.8473 313.463 38.0642 19.7832 293.941
internal_count=163284 94834 37505 16912 57329 12098 4814 51178
is_linear=0
shrinkage=0.0750466


Tree=393
num_leaves=9
num_cat=0
split_feature=73 123 128 27 16 95 73 18
split_gain=0.921415 4.95465 3.80101 4.51674 6.65717 3.49395 3.38521 6.23851
threshold=9.5000000000000018 19.500000000000004 603.7750000000002 8.5000000000000018 -354.2999999999999 1.5000000000000002 6.5000000000000009 64558.765000000007
decision_type=2 8 8 2 2 2 2 2
left_child=6 2 3 -2 -5 -4 -1 -8
right_child=1 -3 5 4 -6 -7 7 -9
leaf_value=-0.00084262758578459377 -0.054866537490195363 -0.033656462663588176 0.00019512907455533223 0.067036633553693006 -0.043088884114933286 0.03415009625887673 0.0057480444823212176 0.054828735741375707
leaf_weight=1297.4793182895219 14.164670909471171 28.772674795194234 118.44069620910591 5.6778783206154912 6.7869859966549466 19.941152863597381 191.07307365595898 15.790887080659102
leaf_count=71929 2830 6224 40336 2451 3651 3524 23520 8819
internal_value=-4.85642e-05 -0.00491922 9.16256e-05 -0.0258729 0.00707446 0.00508812 0.000578857 0.0094946
internal_weight=1698.13 193.784 165.011 26.6295 12.4649 138.382 1504.34 206.864
internal_count=163284 59016 52792 8932 6102 43860 104268 32339
is_linear=0
shrinkage=0.0750466


Tree=394
num_leaves=9
num_cat=0
split_feature=138 0 142 57 119 138 23 31
split_gain=0.850855 3.54309 6.04357 2.84657 2.17951 1.43083 10.5793 5.33566
threshold=97358.630000000019 44238857.000000007 365976.00000000006 5.5000000000000009 1.0000000180025095e-35 48897.205000000009 1.5000000000000002 1497.6650000000002
decision_type=10 2 10 2 8 10 2 2
left_child=5 2 -2 -4 -5 -1 -7 -8
right_child=1 -3 3 4 -6 6 7 -9
leaf_value=-0.00026598291629555067 0.044281736981838057 -0.042854322659705221 -0.052132623070099943 -0.031771364445992975 0.052856567643341089 -0.010281169143405555 0.028169469583625192 0.10417600225747425
leaf_weight=1580.6044341674442 12.165262612967128 13.157805314912364 9.5102911618437265 3.3677375203951661 3.4901771671607094 49.395605655243344 19.541806984005238 7.088609815448307
leaf_count=123476 2987 3264 4123 2450 2104 15780 5283 3817
internal_value=-4.87529e-05 -0.0106374 0.00421904 -0.0255566 0.0112981 0.000217723 0.0102741 0.0484012
internal_weight=1698.32 41.6913 28.5335 16.3682 6.85791 1656.63 76.026 26.6304
internal_count=163284 14928 11664 8677 4554 148356 24880 9100
is_linear=0
shrinkage=0.0750466


end of trees

feature_importances:
cliente_edad=89
mcuentas_saldo=89
mrentabilidad_annual=80
Visa_mpagominimo=77
Master_Fvencimiento=76
Master_fechaalta=74
mcuenta_corriente=71
mrentabilidad=64
numero_de_cliente=59
mactivos_margen=57
mpasivos_margen=57
mprestamos_personales=56
ctrx_quarter=55
Visa_mpagospesos=55
Master_mfinanciacion_limite=54
Visa_fechaalta=54
mtransferencias_emitidas=52
ccomisiones_otras=51
Visa_Fvencimiento=50
Visa_msaldopesos=50
mcomisiones_otras=49
cliente_antiguedad=47
chomebanking_transacciones=47
mautoservicio=46
mcomisiones=45
mtransferencias_recibidas=44
Visa_mconsumospesos=44
mcaja_ahorro=43
mcomisiones_mantenimiento=43
ctarjeta_debito_transacciones=40
mcuenta_debitos_automaticos=40
mcaja_ahorro_dolares=39
mpagomiscuentas=39
Visa_mconsumototal=38
Master_mlimitecompra=36
ctransferencias_recibidas=35
Visa_mfinanciacion_limite=35
Visa_msaldototal=35
ccaja_seguridad=34
ctarjeta_visa_transacciones=33
mttarjeta_visa_debitos_automaticos=33
ccomisiones_mantenimiento=33
ctransferencias_emitidas=33
Master_msaldopesos=33
Master_mpagospesos=33
Visa_mlimitecompra=33
cproductos=31
Master_mconsumospesos=30
cprestamos_personales=29
mextraccion_autoservicio=29
mpayroll=28
cpagomiscuentas=28
Visa_status=28
Visa_cconsumos=28
internet=27
ccajas_consultas=26
cdescubierto_preacordado=25
ccaja_ahorro=24
cpayroll_trx=23
Master_mpagominimo=23
mtarjeta_visa_consumo=22
mplazo_fijo_dolares=22
Master_msaldototal=22
mtarjeta_master_consumo=21
Visa_mconsumosdolares=21
ctarjeta_visa_debitos_automaticos=20
ccallcenter_transacciones=20
cextraccion_autoservicio=19
Master_status=18
tcallcenter=17
thomebanking=17
tmobile_app=17
matm=15
Visa_fultimo_cierre=15
Master_fultimo_cierre=14
Master_mconsumototal=14
ccuenta_debitos_automaticos=13
cmobile_app_trx=13
tcuentas=12
catm_trx_other=12
ctarjeta_master=11
cseguro_vida=10
mttarjeta_master_debitos_automaticos=10
Visa_mpagosdolares=10
cplazo_fijo=9
Visa_mpagado=9
ctarjeta_debito=8
ccajas_transacciones=8
ccajas_otras=8
catm_trx=7
Visa_msaldodolares=7
matm_other=6
Master_cconsumos=6
ctarjeta_visa=5
ctarjeta_master_transacciones=5
cseguro_vivienda=5
Master_mconsumosdolares=4
active_quarter=3
cinversion1=2
cinversion2=2
ccheques_depositados=2
Master_msaldodolares=2
Master_madelantopesos=2
Master_madelantodolares=2
Visa_delinquency=2
Visa_Finiciomora=2
minversion2=1
ctarjeta_master_debitos_automaticos=1
ctarjeta_visa_descuentos=1
mtarjeta_visa_descuentos=1
mcheques_depositados=1
ccheques_emitidos=1
ccajas_extracciones=1
Master_mpagosdolares=1
Visa_madelantodolares=1
Visa_cadelantosefectivo=1

parameters:
[boosting: gbdt]
[objective: binary]
[metric: auc]
[tree_learner: serial]
[device_type: cpu]
[data_sample_strategy: bagging]
[data: ]
[valid: ]
[num_iterations: 395]
[learning_rate: 0.0750466]
[num_leaves: 9]
[num_threads: 0]
[seed: 491299]
[deterministic: 0]
[force_col_wise: 0]
[force_row_wise: 1]
[histogram_pool_size: -1]
[max_depth: -1]
[min_data_in_leaf: 2230]
[min_sum_hessian_in_leaf: 1.06535e-05]
[bagging_fraction: 1]
[pos_bagging_fraction: 1]
[neg_bagging_fraction: 1]
[bagging_freq: 0]
[bagging_seed: 27525]
[bagging_by_query: 0]
[feature_fraction: 0.218412]
[feature_fraction_bynode: 1]
[feature_fraction_seed: 15996]
[extra_trees: 0]
[extra_seed: 27025]
[early_stopping_round: 0]
[early_stopping_min_delta: 0]
[first_metric_only: 0]
[max_delta_step: 0]
[lambda_l1: 0]
[lambda_l2: 0]
[linear_lambda: 0]
[min_gain_to_split: 0]
[drop_rate: 0.1]
[max_drop: 50]
[skip_drop: 0.5]
[xgboost_dart_mode: 0]
[uniform_drop: 0]
[drop_seed: 24157]
[top_rate: 0.2]
[other_rate: 0.1]
[min_data_per_group: 100]
[max_cat_threshold: 32]
[cat_l2: 10]
[cat_smooth: 10]
[max_cat_to_onehot: 4]
[top_k: 20]
[monotone_constraints: ]
[monotone_constraints_method: basic]
[monotone_penalty: 0]
[feature_contri: ]
[forcedsplits_filename: ]
[refit_decay_rate: 0.9]
[cegb_tradeoff: 1]
[cegb_penalty_split: 0]
[cegb_penalty_feature_lazy: ]
[cegb_penalty_feature_coupled: ]
[path_smooth: 0]
[interaction_constraints: ]
[verbosity: -100]
[saved_feature_importance_type: 0]
[use_quantized_grad: 0]
[num_grad_quant_bins: 4]
[quant_train_renew_leaf: 0]
[stochastic_rounding: 1]
[linear_tree: 0]
[max_bin: 31]
[max_bin_by_feature: ]
[min_data_in_bin: 3]
[bin_construct_sample_cnt: 200000]
[data_random_seed: 31550]
[is_enable_sparse: 1]
[enable_bundle: 1]
[use_missing: 1]
[zero_as_missing: 0]
[feature_pre_filter: 0]
[pre_partition: 0]
[two_round: 0]
[header: 0]
[label_column: ]
[weight_column: ]
[group_column: ]
[ignore_column: ]
[categorical_feature: ]
[forcedbins_filename: ]
[precise_float_parser: 0]
[parser_config_file: ]
[objective_seed: 10519]
[num_class: 1]
[is_unbalance: 0]
[scale_pos_weight: 1]
[sigmoid: 1]
[boost_from_average: 1]
[reg_sqrt: 0]
[alpha: 0.9]
[fair_c: 1]
[poisson_max_delta_step: 0.7]
[tweedie_variance_power: 1.5]
[lambdarank_truncation_level: 30]
[lambdarank_norm: 1]
[label_gain: ]
[lambdarank_position_bias_regularization: 0]
[eval_at: ]
[multi_error_top_k: 1]
[auc_mu_weights: ]
[num_machines: 1]
[local_listen_port: 12400]
[time_out: 120]
[machine_list_filename: ]
[machines: ]
[gpu_platform_id: -1]
[gpu_device_id: -1]
[gpu_device_id_list: ]
[gpu_use_dp: 0]
[num_gpu: 1]

end of parameters
