tree
version=v4
num_class=1
num_tree_per_iteration=1
label_index=0
max_feature_idx=153
objective=binary sigmoid:1
feature_names=numero_de_cliente foto_mes active_quarter cliente_vip internet cliente_edad cliente_antiguedad mrentabilidad mrentabilidad_annual mcomisiones mactivos_margen mpasivos_margen cproductos tcuentas ccuenta_corriente mcuenta_corriente_adicional mcuenta_corriente ccaja_ahorro mcaja_ahorro mcaja_ahorro_adicional mcaja_ahorro_dolares cdescubierto_preacordado mcuentas_saldo ctarjeta_debito ctarjeta_debito_transacciones mautoservicio ctarjeta_visa ctarjeta_visa_transacciones mtarjeta_visa_consumo ctarjeta_master ctarjeta_master_transacciones mtarjeta_master_consumo cprestamos_personales mprestamos_personales cprestamos_prendarios mprestamos_prendarios cprestamos_hipotecarios mprestamos_hipotecarios cplazo_fijo mplazo_fijo_dolares mplazo_fijo_pesos cinversion1 minversion1_pesos minversion1_dolares cinversion2 minversion2 cseguro_vida cseguro_auto cseguro_vivienda cseguro_accidentes_personales ccaja_seguridad cpayroll_trx mpayroll mpayroll2 cpayroll2_trx ccuenta_debitos_automaticos mcuenta_debitos_automaticos ctarjeta_visa_debitos_automaticos mttarjeta_visa_debitos_automaticos ctarjeta_master_debitos_automaticos mttarjeta_master_debitos_automaticos cpagodeservicios mpagodeservicios cpagomiscuentas mpagomiscuentas ccajeros_propios_descuentos mcajeros_propios_descuentos ctarjeta_visa_descuentos mtarjeta_visa_descuentos ctarjeta_master_descuentos mtarjeta_master_descuentos ccomisiones_mantenimiento mcomisiones_mantenimiento ccomisiones_otras mcomisiones_otras cforex cforex_buy mforex_buy cforex_sell mforex_sell ctransferencias_recibidas mtransferencias_recibidas ctransferencias_emitidas mtransferencias_emitidas cextraccion_autoservicio mextraccion_autoservicio ccheques_depositados mcheques_depositados ccheques_emitidos mcheques_emitidos ccheques_depositados_rechazados mcheques_depositados_rechazados ccheques_emitidos_rechazados mcheques_emitidos_rechazados tcallcenter ccallcenter_transacciones thomebanking chomebanking_transacciones ccajas_transacciones ccajas_consultas ccajas_depositos ccajas_extracciones ccajas_otras catm_trx matm catm_trx_other matm_other ctrx_quarter tmobile_app cmobile_app_trx Master_delinquency Master_status Master_mfinanciacion_limite Master_Fvencimiento Master_Finiciomora Master_msaldototal Master_msaldopesos Master_msaldodolares Master_mconsumospesos Master_mconsumosdolares Master_mlimitecompra Master_madelantopesos Master_madelantodolares Master_fultimo_cierre Master_mpagado Master_mpagospesos Master_mpagosdolares Master_fechaalta Master_mconsumototal Master_cconsumos Master_cadelantosefectivo Master_mpagominimo Visa_delinquency Visa_status Visa_mfinanciacion_limite Visa_Fvencimiento Visa_Finiciomora Visa_msaldototal Visa_msaldopesos Visa_msaldodolares Visa_mconsumospesos Visa_mconsumosdolares Visa_mlimitecompra Visa_madelantopesos Visa_madelantodolares Visa_fultimo_cierre Visa_mpagado Visa_mpagospesos Visa_mpagosdolares Visa_fechaalta Visa_mconsumototal Visa_cconsumos Visa_cadelantosefectivo Visa_mpagominimo
feature_infos=[12159854:77722076] [202104:202104] [0:1] [0:1] [0:4] [19:101] [1:376] [-239774.32000000001:645741.12] [-603976.89000000001:6868191.71] [-32909.18:341624.25] [-313906.75:299888.78000000003] [-62197.190000000002:519043.78999999998] [3:17] [1:2] [1:3] [-82991.339999999997:2108268.0299999998] [-2195857.5:21365751.859999999] [2:8] [-8280.1299999999992:30787954.780000001] [-1190.8199999999999:2654243.8300000001] [-26336.5:135638177.87] [0:1] [-2232579.79:328744518.88999999] [0:301] [0:162] [0:1400273.4399999999] [0:3] [0:634] [0:2837240.7200000002] [0:2] [0:356] [0:1779727.1100000001] [0:506] [0:7038000] [0:19] [0:20442808.949999999] [0:20] [0:35851430.100000001] [0:99] [0:59597784] [0:32117593.73] [0:11] [0:108203113.08] [0:117252843.86] [0:52] [0:355653815.48000002] [0:3] [0:11] [0:4] [0:5] [0:6] [0:126] [0:60648897.310000002] [0:317432.5] [0:4] [0:134] [0:7283353.5099999998] [0:72] [0:722029.88] [0:58] [0:557086.31999999995] [0:42] [0:8517858.4399999995] [0:678] [0:230670200.97999999] [0:12] [0:23460] [0:15] [0:74972.639999999999] [0:15] [0:78459.029999999999] [0:38] [-15494.48:12465.219999999999] [0:256] [-32909.18:341624.25] [0:18] [0:15] [0:11759.32] [0:18] [0:3628.9099999999999] [0:902] [0:531368551.08999997] [0:259] [0:154341745.75999999] [0:101] [0:2011695] [0:140] [0:63679162.43] [0:89] [0:15356358.539999999] [0:13] [0:4222800] [0:14] [0:2366424.8700000001] [0:1] [0:101] [0:1] [0:12022] [0:1] [0:34] [0:8] [0:9] [0:52] [0:101] [0:2011695] [0:57] [0:1642602.8] [0:3437] [0:1] [0:1] [0:1] [0:9] [0:550790361] [-2251:6880] [2:207] [-1008582:2798756.1099999999] [-990227.02000000002:2797981.7999999998] [-630945.59999999998:1087846.4399999999] [-45738.199999999997:1774651.05] [0:9649.6599999999999] [985.32000000000005:9212742] [0:52785] [0:214.69] [2:3320] [0:787680.82999999996] [-1271748.3799999999:49814.739999999998] [0:9334.25] [2:7632] [-45738.199999999997:1774651.05] [0:126] [0:20] [0:1361723.97] [0:1] [0:9] [0:124710817.52] [-2914148:5845] [5:208] [-890074.31999999995:7278914.8899999997] [-1044057.17:8538167.1600000001] [-702902.58999999997:738213.71999999997] [-60767.610000000001:2779277.9500000002] [0:13403.35] [1011.71:16422000] [0:191476.91] [0:2047.8800000000001] [2:163] [0:1994100] [-2855922.9199999999:70457.759999999995] [0:10844.469999999999] [2:12628] [-60767.610000000001:2779277.9500000002] [0:180] [0:16] [0:2073101.55]
tree_sizes=1088 1113 1129 1129 1124 1129 1132 1122 1113 1130 1116 1119 1141 1128 1131 1142 1133 1133 1139 1135 1132 1111 1130 1125 1119 1134 1126 1147 1130 1145 1121 1143 1137 1148 1123 1141 1147 1150 1138 1136 1140 1134 1130 1151 1152 1134 1143 1156 1142 1147 1132 1150 1150 1150 1134 1138 1140 1142 1129 1151 1144 1147 1153 1129 1155 1142 1137 1117 1145 1132 1137 1152 1148 1135 1144 1146 1154 1146 1130 1143 1146 1152 1140 1144 1138 1143 1138 1144 1146 1134 1144 1149 1147 1131 1134 1145 1144 1134 1140 1148 1139 1143 1142 1148 1167 1126 1143 1147 1142 1141 1135 1142 1146 1141 1137 1149 1136 1156 1145 1130 1131 1138 1130 1148 1131 1135 1131 1137 1146 1137 1140 1138 1154 1141 1155 1136 1141 1139 1137 1135 1143 1142 1145 1160 1132 1125 1151 1143 1150 1144 1144 1140 1147 1140 1136 1143 1163 1130 1138 1140 1153 1142 1141 1134 1121 1150 1135 1138 1143 1153 1146 1142 1136 1130 1131 1122 1117 1145 1131 1140 1134 1143 1140 1135 1141 1133 1134 1139 1142 1140 1142 1152 1151 1136 1145 1142 1135 1146 1143 1129 1133 1148 1125 1135 1127 1133 1130 1127 1130 1129 1129 1127 1136 1144 1138 1125 1135 1146 1144 1147 1132 1138 1129 1148 1141 1139 1135 1127 1134 1155 1124 1134 1130 1138 1139 1137 1131 1136 1135 1139 1132 1137 1128 1128 1147 1147 1137 1130 1125 1145 1125 1130 1147 1148 1146 1144 1136 1139 1134 1134 1144 1125 1136 1150 1124 1149 1133 1148 1136 1126 1135 1144 1144 1133 1139 1130 1151 1135 1132 1131 1115 1135 1142 1133 1135 1130 1131 1140 1135 1147 1143 1139 1125 1138 1148 1130 1134 1138 1145 1132 1129 1139 1133 1124 1133 1141 1150 1135 1140 1128 1133 1139 1128 1117 1148 1143 1123 1134 1131 1141 1128 1153 1146 1146 1134 1133 1132 1130 1141 1136 1147 1145 1141 1145 1138 1147 1129 1141 1135 1144 1128 1134 1136 1124 1143 1125 1129 1132 1137 1149 1139 1144 1139 1132 1125 1132 1141 1133 1127 1135 1141 1139 1135 1141 1143 1145 1139 1140 1139 1150 1129 1139 1139 1147 1144 1151 1136 1135 1131 1132 1134 1128 1139 1138 1142 1149 1145 1134 1127 1134 1156 1135 1134 1131 1133

Tree=0
num_leaves=9
num_cat=0
split_feature=24 22 57 81 22 22 51 22
split_gain=2364.63 2326.22 1684.58 998.162 942.743 285.618 163.179 129.768
threshold=1.0000000180025095e-35 319.2050000000001 1.0000000180025095e-35 5865.4350000000004 -9370.4499999999989 -1525.53 1.0000000180025095e-35 6061.1650000000009
decision_type=2 2 2 2 2 2 2 2
left_child=1 2 3 4 -1 -6 7 -2
right_child=6 -3 -4 -5 5 -7 -8 -9
leaf_value=-3.3808449442184765 -4.2899505963868396 -4.3383795528885738 -4.246981338427017 -4.1954984954486374 -3.7435157605568579 -4.0492784403252644 -4.4088217917776733 -4.3786377081824028
leaf_weight=29.457229822874069 125.83843797445297 361.50899007916451 120.01564502716064 36.551374942064285 36.424239724874496 32.610183209180832 978.30549627542496 355.20308330655098
leaf_count=2317 9898 28435 9440 2875 2865 2565 76950 27939
internal_value=-4.33916 -4.21594 -4.0424 -3.86058 -3.73628 -3.88795 -4.39122 -4.35544
internal_weight=2075.91 616.568 255.059 135.043 98.4917 69.0344 1459.35 481.042
internal_count=163284 48497 20062 10622 7747 5430 114787 37837
is_linear=0
shrinkage=1


Tree=1
num_leaves=9
num_cat=0
split_feature=137 25 26 25 137 7 7 25
split_gain=2261.63 1485.97 261.2 239.402 193.279 142.256 158.587 66.3755
threshold=1316.4200000000003 1.0000000180025095e-35 1.0000000180025095e-35 803.5100000000001 10375.225000000002 1462.8150000000003 2282.7150000000006 4305.3500000000013
decision_type=10 2 2 2 10 2 2 2
left_child=1 2 -1 4 -2 -4 -7 -3
right_child=3 7 5 -5 -6 6 -8 -9
leaf_value=0.378836347612382 0.082237022996268269 0.08661249348674939 0.13193835832419731 -0.059180472562516663 -0.0240944756711443 0.39391906898752554 0.18802153070616034 -0.026786678138354742
leaf_weight=89.579411358572543 127.90219572093338 35.998713040724397 63.798717008903623 1161.6842022249475 389.37763057369739 38.120851972140372 47.097476780414581 151.04385260958225
leaf_count=4337 9170 2930 4296 96156 28768 2172 2930 12525
internal_value=-0.00110011 0.15341 0.277562 -0.0402704 0.00219697 0.216682 0.280126 -0.00496157
internal_weight=2104.6 425.639 238.596 1678.96 517.28 149.017 85.2183 187.043
internal_count=163284 29190 13735 134094 37938 9398 5102 15455
is_linear=0
shrinkage=0.0750466


Tree=2
num_leaves=9
num_cat=0
split_feature=147 16 32 29 7 64 32 29
split_gain=1595.6 784.524 1307.27 1119.32 191.408 85.4713 70.4067 77.3496
threshold=-2974.2299999999996 -68.659999999999982 1.0000000180025095e-35 1.0000000180025095e-35 1261.8700000000001 476.68500000000006 1.0000000180025095e-35 1.0000000180025095e-35
decision_type=8 2 2 2 2 2 2 2
left_child=5 2 3 -2 -5 6 7 -1
right_child=1 -3 -4 4 -6 -7 -8 -9
leaf_value=0.089409183235909476 0.56786249152232804 0.016104023944912688 -0.022349993652314878 0.065421753128388729 0.25479069635027501 -0.05889557949390245 -0.064694180204223711 -0.018309048886350258
leaf_weight=40.35213578119874 62.781617545522749 283.90654464811087 104.00840063113719 49.752110634930432 75.952865032479167 779.02990251034498 178.66959737241268 539.50988820195198
leaf_count=3098 2455 20901 5152 3368 3466 66932 14457 43455
internal_value=-0.00151594 0.104971 0.19123 0.309084 0.179841 -0.041436 -0.0235046 -0.010813
internal_weight=2113.96 576.402 292.495 188.487 125.705 1537.56 758.532 579.862
internal_count=163284 35342 14441 9289 6834 127942 61010 46553
is_linear=0
shrinkage=0.0750466


Tree=3
num_leaves=9
num_cat=0
split_feature=107 107 22 52 52 135 27 22
split_gain=2635.64 334.849 269.885 127.296 116.172 106.675 78.2141 77.3934
threshold=22.500000000000004 52.500000000000007 6061.1650000000009 1.0000000180025095e-35 1.0000000180025095e-35 -1567.4999999999998 1.5000000000000002 6061.1650000000009
decision_type=2 2 2 2 2 10 2 2
left_child=2 3 5 7 6 -1 -3 -2
right_child=1 4 -4 -5 -6 -7 -8 -9
leaf_value=0.19645520287697196 0.098465506363056676 0.050295693513288102 0.044710907416539769 -0.040664826707438602 -0.070205718016053048 0.30368211721189692 -0.036812267494694122 0.0077588981208636188
leaf_weight=201.97028661891818 135.87957334611565 65.18137526512146 57.064072608016431 94.980747893452644 878.95207345299423 70.49131138343364 530.90190295502543 86.830782774835825
leaf_count=6452 8189 4481 3760 7027 78641 3066 44986 6682
internal_value=-0.00195339 -0.0378095 0.193115 0.0320777 -0.0528617 0.224197 -0.0272871 0.0631006
internal_weight=2122.25 1792.73 329.526 317.691 1475.04 272.462 596.083 222.71
internal_count=163284 150006 13278 21898 128108 9518 49467 14871
is_linear=0
shrinkage=0.0750466


Tree=4
num_leaves=9
num_cat=0
split_feature=107 16 107 4 107 72 27 137
split_gain=2008.18 266.879 175.833 175.629 133.244 66.4605 81.2701 29.7534
threshold=30.500000000000004 -118.94499999999998 66.500000000000014 1.0000000180025095e-35 12.500000000000002 1624.8900000000001 2.5000000000000004 4483.3200000000006
decision_type=2 2 2 2 2 2 2 10
left_child=1 3 5 4 -1 -2 -7 -4
right_child=2 -3 7 -5 -6 6 -8 -9
leaf_value=0.26843525445333194 -0.0225765244590697 0.059127934192763944 -0.028533787090354781 0.093496984975678016 0.14670983138280028 0.12497617246838577 0.0051470120766253721 -0.060377991211060439
leaf_weight=114.12923565320671 231.16445351485163 178.67885778378695 195.73384782765061 100.9209657497704 91.051267446018755 45.727638619951904 105.23336757533252 1060.9962060796097
leaf_count=2377 18008 10244 16064 2222 3821 2518 7793 100237
internal_value=-0.00217226 0.132009 -0.0418635 0.174551 0.214418 0.00271537 0.0414445 -0.0554183
internal_weight=2123.64 484.78 1638.86 306.101 205.181 382.125 150.961 1256.73
internal_count=163284 18664 144620 8420 6198 28319 10311 116301
is_linear=0
shrinkage=0.0750466


Tree=5
num_leaves=9
num_cat=0
split_feature=138 25 24 127 5 64 55 55
split_gain=990.995 423.102 129.701 58.5971 61.0915 50.1954 36.8444 34.2464
threshold=5216.3500000000013 3329.2250000000004 1.5000000000000002 610.50000000000011 36.500000000000007 2206.9200000000005 1.0000000180025095e-35 1.0000000180025095e-35
decision_type=10 2 2 8 2 2 2 2
left_child=1 3 5 -1 -5 6 -2 -6
right_child=2 -3 -4 4 7 -7 -8 -9
leaf_value=0.052725036838726258 0.015768600365451399 -0.024867813670484577 -0.06010723440610214 0.16805943212037017 0.10943810773053295 -0.052118755651307851 -0.035585264329767295 0.051397670027461997
leaf_weight=121.53041533660144 280.13662675954401 214.42763435374945 817.80063533782959 86.674473684281111 286.60136726032943 132.56029370799661 109.41689113900065 71.548750475980341
leaf_count=4868 19546 18641 83639 2685 9221 12238 8987 3459
internal_value=-0.00229006 0.0649148 -0.0414511 0.0989074 0.111525 -0.0122294 0.00134445 0.0978432
internal_weight=2120.7 780.783 1339.91 566.355 444.825 522.114 389.554 358.15
internal_count=163284 38874 124410 20233 15365 40771 28533 12680
is_linear=0
shrinkage=0.0750466


Tree=6
num_leaves=9
num_cat=0
split_feature=138 85 32 29 8 149 85 64
split_gain=830.348 382.614 308.561 271.951 100.82 114.397 84.7999 69.5939
threshold=5216.3500000000013 1.0000000180025095e-35 1.5000000000000002 1.0000000180025095e-35 9683.5850000000009 636.50000000000011 1.0000000180025095e-35 2206.9200000000005
decision_type=10 2 2 2 2 10 2 2
left_child=1 2 3 -1 5 -5 7 -2
right_child=6 -3 -4 4 -6 -7 -8 -9
leaf_value=0.18794115763965472 -0.0038284032875517708 -0.026529551131296941 -0.038779091709827566 0.049530549584047408 0.036286957145256926 0.18310748572645749 -0.060024278120491756 -0.054727124312750258
leaf_weight=170.25899198185652 436.50060108024627 227.71379828546196 91.991520783863962 69.357780146412551 193.86811594944447 75.32291794102639 619.02885683532804 231.54884791001678
leaf_count=3748 34688 17354 2694 2839 9009 3230 65641 24081
internal_value=-0.00229122 0.0563088 0.087706 0.110574 0.0716659 0.119073 -0.040013 -0.0214701
internal_weight=2115.59 828.513 600.799 508.808 338.549 144.681 1287.08 668.049
internal_count=163284 38874 21520 18826 15078 6069 124410 58769
is_linear=0
shrinkage=0.0750466


Tree=7
num_leaves=9
num_cat=0
split_feature=11 72 85 11 85 7 27 27
split_gain=987.079 201.674 131.476 92.6849 73.9 57.3816 41.8729 32.2574
threshold=136.92000000000004 1708.4500000000003 1.0000000180025095e-35 475.70500000000004 1.0000000180025095e-35 3181.8900000000008 2.5000000000000004 3.5000000000000004
decision_type=2 2 2 2 2 2 2 2
left_child=1 2 6 4 7 -3 -1 -2
right_child=3 5 -4 -5 -6 -7 -8 -9
leaf_value=0.077556614339735666 0.04907396555510643 0.12549074776775077 -0.040057048786483376 -0.05199705244151967 -0.04566964101062615 0.056249911894370348 0.0031154529900609537 -0.0057136937048490339
leaf_weight=179.92686497885734 100.80118358880281 276.45743313804269 107.95097726304084 956.95855499524623 191.33120276778936 89.143248373642564 55.740728843025863 151.47112493962049
leaf_count=5646 5314 7901 9156 96527 19402 2371 4140 12827
internal_value=-0.00232473 0.0698108 0.0285316 -0.0388528 -0.0104976 0.108608 0.0599496 0.016178
internal_weight=2109.78 709.219 343.619 1400.56 443.604 365.601 235.668 252.272
internal_count=163284 29214 18942 134070 37543 10272 9786 18141
is_linear=0
shrinkage=0.0750466


Tree=8
num_leaves=9
num_cat=0
split_feature=52 11 32 28 153 137 5 22
split_gain=858.189 519.586 402.119 134.976 58.1996 52.678 46.344 35.9734
threshold=1.0000000180025095e-35 271.98500000000007 1.0000000180025095e-35 2982.1750000000006 475.06500000000005 18877.255000000001 39.500000000000007 26219.395
decision_type=2 2 2 2 10 10 2 2
left_child=1 2 3 6 7 -5 -1 -3
right_child=-2 4 -4 5 -6 -7 -8 -9
leaf_value=0.16686121798414325 -0.062612054804390763 0.065814205389241001 -0.026533267912647176 0.07913773744248051 -0.034818939719577474 -0.0094752835275703946 0.11235914374563755 -0.010347465262198482
leaf_weight=128.12919532507658 814.34739311598241 59.056777144782245 165.89071372337639 115.55499900411814 398.53037898801267 56.138505302369595 279.63098838832229 85.486810316331685
leaf_count=2610 87371 3097 6758 6880 39879 4182 6046 6461
internal_value=-0.00230747 0.0358082 0.0764883 0.105982 -0.0200234 0.050164 0.129485 0.0207702
internal_weight=2102.77 1288.42 745.344 579.454 543.074 171.694 407.76 144.544
internal_count=163284 75913 26476 19718 49437 11062 8656 9558
is_linear=0
shrinkage=0.0750466


Tree=9
num_leaves=9
num_cat=0
split_feature=51 138 81 81 4 71 134 115
split_gain=772.951 347.681 54.5642 53.1917 44.4856 42.7341 36.2179 25.3531
threshold=1.0000000180025095e-35 10376.35 48679.555000000008 75817.000000000015 1.0000000180025095e-35 1.0000000180025095e-35 57007.80000000001 2964.0000000000005
decision_type=2 10 2 2 2 2 10 10
left_child=1 2 4 7 6 -2 -1 -3
right_child=5 3 -4 -5 -6 -7 -8 -9
leaf_value=0.10788687571837617 -0.065983810723888217 0.01436813590040454 0.0025664251093214592 -0.051584545612001174 0.033311222048559186 0.013735086934305566 0.066919119091657028 -0.028252380005546036
leaf_weight=173.81904088240117 734.23277049139142 243.49201488401741 74.985501235350966 158.41925384663045 149.48133348021656 39.931263190694153 404.04162777494639 116.07981517165899
leaf_count=3685 84663 20125 5333 17692 2550 3676 15065 10495
internal_value=-0.00233435 0.0325753 0.0635186 -0.0153535 0.0698025 -0.0618719 0.0792421 0.000609045
internal_weight=2094.48 1320.32 802.328 517.991 727.342 774.164 577.861 359.572
internal_count=163284 74945 26633 48312 21300 88339 18750 30620
is_linear=0
shrinkage=0.0750466


Tree=10
num_leaves=9
num_cat=0
split_feature=51 27 56 72 31 7 10 148
split_gain=684.258 306.085 62.235 44.7177 36.7484 35.4061 33.117 30.2797
threshold=1.0000000180025095e-35 2.5000000000000004 69.980000000000018 1287.6450000000002 539.49500000000012 3181.8900000000008 -193.11999999999998 1.0100000000000002
decision_type=2 2 2 2 2 2 2 8
left_child=1 5 4 -2 -3 6 -1 -8
right_child=3 2 -4 -5 -6 -7 7 -9
leaf_value=0.028855304499017912 -0.064537235183831906 0.026770838900012559 -0.041165347197635642 0.0356424538403965 -0.022484183928312314 0.031188395011668656 0.11055795501069322 0.06699445839472673
leaf_weight=93.83159689931199 702.6538983755745 229.14142994070426 233.6951711056754 26.024133185856044 135.90900719724596 174.59247673302889 118.4807042516768 371.99720955081284
leaf_count=3757 86196 17335 24524 2143 12419 5383 4041 7486
internal_value=-0.00229489 0.0291916 -0.0109256 -0.0609594 0.0084331 0.0608426 0.0697033 0.0775177
internal_weight=2086.33 1357.65 598.746 728.678 365.05 758.902 584.31 490.478
internal_count=163284 74945 54278 88339 29754 20667 15284 11527
is_linear=0
shrinkage=0.0750466


Tree=11
num_leaves=9
num_cat=0
split_feature=11 12 104 8 12 127 28 11
split_gain=570.504 114.368 77.388 78.6352 50.0123 44.5455 38.5608 34.188
threshold=225.00500000000002 5.5000000000000009 2404.6500000000005 12961.865000000002 5.5000000000000009 610.50000000000011 8877.1900000000023 475.70500000000004
decision_type=2 2 2 2 2 8 2 2
left_child=1 -1 3 5 -2 -3 -7 -6
right_child=4 2 -4 -5 7 6 -8 -9
leaf_value=0.083758022563892573 0.043585011547232447 0.024304066929026386 -0.034271425683730809 0.0052287056919056857 -0.019136389001040487 0.098486510414264761 0.025974694404922345 -0.050349762851349039
leaf_weight=244.52683833474293 39.358022749889642 132.52904955297709 107.6379146464169 283.14804056985304 263.20813064230606 158.87870157230645 55.81381260138005 793.22160690417513
leaf_count=4651 2598 5427 10874 9781 25816 4592 4615 94930
internal_value=-0.00224658 0.0392768 0.0245387 0.0345807 -0.0394784 0.0585164 0.0796355 -0.042573
internal_weight=2078.32 982.534 738.008 630.37 1095.79 347.222 214.693 1056.43
internal_count=163284 39940 35289 24415 123344 14634 9207 120746
is_linear=0
shrinkage=0.0750466


Tree=12
num_leaves=9
num_cat=0
split_feature=107 32 52 133 137 52 20 32
split_gain=617.168 169.828 137.713 133.84 56.1324 54.0491 28.901 24.2651
threshold=45.500000000000007 1.5000000000000002 1.0000000180025095e-35 1.0000000180025095e-35 4483.3200000000006 1.0000000180025095e-35 419.75000000000006 1.0000000180025095e-35
decision_type=2 2 2 8 10 2 2 2
left_child=1 3 4 5 -2 6 -1 -6
right_child=2 -3 -4 -5 7 -7 -8 -9
leaf_value=0.050317268890214283 0.031928554351057077 -0.045813263243369456 -0.06593056765070239 0.10306949324985129 -0.01715362242053485 -0.024766530776609289 0.00045702087051627499 -0.062882287074098958
leaf_weight=477.63089968450367 121.22309401025996 110.24859271803871 572.72274257848039 223.35641763638705 332.74691548198462 74.100890186149627 75.87425979366526 81.325987792108208
leaf_count=14533 7025 2974 80832 2700 36770 5884 3621 8945
internal_value=-0.00217874 0.0418253 -0.0403524 0.0531795 -0.0129859 0.0354244 0.0434824 -0.026135
internal_weight=2069.23 961.211 1108.02 850.962 535.296 627.606 553.505 414.073
internal_count=163284 29712 133572 26738 52740 24038 18154 45715
is_linear=0
shrinkage=0.0750466


Tree=13
num_leaves=9
num_cat=0
split_feature=107 52 8 10 12 8 10 147
split_gain=530.572 133.04 76.6867 75.142 72.8355 67.8947 24.8605 26.9731
threshold=45.500000000000007 1.0000000180025095e-35 14788.655000000001 -500.88999999999993 4.5000000000000009 12961.865000000002 -627.07499999999993 -1.0000000180025095e-35
decision_type=2 2 2 2 2 2 2 8
left_child=4 2 3 -2 -1 6 -6 -8
right_child=1 -3 -4 -5 5 -7 7 -9
leaf_value=0.09244617716727184 -0.0086497285231906893 -0.065242947980120841 -0.037011461512457482 0.084146434097798525 0.015262834970471444 0.0079221308932218727 0.087864177221609441 0.044370050746375476
leaf_weight=118.84380287211388 155.225745764561 536.7053149160929 301.47156601119787 71.914085696917027 93.459586754441261 416.88165816711262 119.56493705604225 244.54637295054272
leaf_count=1470 16812 80832 30547 5381 4763 13065 4816 5598
internal_value=-0.00213434 -0.0389232 -0.0122004 0.0207302 0.0373219 0.0298302 0.04979 0.0586524
internal_weight=2058.61 1065.32 528.611 227.14 993.296 874.453 457.571 364.111
internal_count=163284 133572 52740 22193 29712 28242 15177 10414
is_linear=0
shrinkage=0.0750466


Tree=14
num_leaves=9
num_cat=0
split_feature=11 72 104 22 31 113 24 4
split_gain=393.79 82.9439 54.1949 45.3577 29.5718 32.8368 26.5638 23.4498
threshold=271.98500000000007 1708.4500000000003 1.0000000180025095e-35 26219.395 539.49500000000012 -1962.9999999999998 3.5000000000000004 1.0000000180025095e-35
decision_type=2 2 2 2 2 10 2 2
left_child=1 2 4 6 5 -1 -2 -3
right_child=3 7 -4 -5 -6 -7 -8 -9
leaf_value=0.0052557711069858284 -0.0010778797827407987 0.054940924186617161 -0.039433269373453837 -0.051128527390066465 -0.033169985975237549 0.051275728615491373 -0.042999381520890133 0.018991609376932062
leaf_weight=185.65588193899021 222.03307492285967 466.73179199825972 114.85994622157887 573.95609734719619 53.152230198029429 164.86960363946855 138.06366100953892 130.84084355644882
leaf_count=5383 19414 12697 13312 78109 4197 7490 20457 2225
internal_value=-0.00207629 0.0280123 0.00605011 -0.0380294 0.0189917 0.0269013 -0.0171509 0.0470697
internal_weight=2050.16 1116.11 518.538 934.053 403.678 350.525 360.097 597.573
internal_count=163284 45304 30382 117980 17070 12873 39871 14922
is_linear=0
shrinkage=0.0750466


Tree=15
num_leaves=9
num_cat=0
split_feature=133 18 32 31 71 138 5 146
split_gain=392.348 325.95 214.926 58.4119 46.6851 38.3787 30.7395 16.3729
threshold=1.0000000180025095e-35 5971.0600000000004 1.0000000180025095e-35 2558.5000000000005 1.0000000180025095e-35 8664.0150000000012 39.500000000000007 1.0000000180025095e-35
decision_type=10 2 2 2 2 10 2 8
left_child=1 2 3 6 -3 -6 -1 -8
right_child=-2 4 -4 -5 5 -7 7 -9
leaf_value=0.068835859027556887 0.26370544345561492 -0.051417798819989487 -0.041795986345120127 -0.015574934274312249 0.015837677848379372 -0.036195093801621697 0.027425772518889106 0.056631014535346538
leaf_weight=237.98515328532085 30.828190746251494 590.04944156762213 233.64302049437538 96.179338530171663 128.53909165691584 210.70586873870343 359.34113756101578 154.63123262114823
leaf_count=7014 604 86655 13437 7269 7455 25852 12342 2656
internal_value=-0.00199301 -0.00606595 0.0219367 0.0394937 -0.0386635 -0.01648 0.0465373 0.0362123
internal_weight=2041.9 2011.07 1081.78 848.137 929.294 339.245 751.958 513.972
internal_count=163284 162680 42718 29281 119962 33307 22012 14998
is_linear=0
shrinkage=0.0750466


Tree=16
num_leaves=9
num_cat=0
split_feature=11 98 72 26 85 72 11 5
split_gain=303.679 84.1782 58.9471 38.5245 34.6456 31.0517 19.2664 14.8662
threshold=271.98500000000007 1.0000000180025095e-35 1708.4500000000003 1.0000000180025095e-35 1.0000000180025095e-35 1708.4500000000003 665.45500000000015 42.500000000000007
decision_type=2 2 2 2 2 2 2 2
left_child=1 2 4 -2 -1 -5 -7 -4
right_child=3 -3 7 5 -6 6 -8 -9
leaf_value=0.010864617980354053 0.036481093417092679 0.10756057905693463 0.048925921892103333 -0.048342014958707151 -0.03462035369834237 0.0091313858394765322 -0.03347849969577122 0.024730347794816053
leaf_weight=367.43346208520234 40.090452579781413 63.050062685739249 234.6032396722585 582.23099755542353 126.88156488630921 98.401652049273252 152.2074367008172 366.35176388407126
leaf_count=13484 2189 2412 5001 89213 15265 8709 17869 9142
internal_value=-0.00195032 0.0232399 0.0183859 -0.035376 -0.000810537 -0.038835 -0.0167477 0.0341759
internal_weight=2031.25 1158.32 1095.27 872.931 494.315 832.84 250.609 600.955
internal_count=163284 45304 42892 117980 28749 115791 26578 14143
is_linear=0
shrinkage=0.0750466


Tree=17
num_leaves=9
num_cat=0
split_feature=107 11 153 153 96 107 24 80
split_gain=343.32 38.979 31.121 17.7298 43.3698 22.648 14.3411 14.2209
threshold=59.500000000000007 368.24500000000006 299.11500000000007 651.0150000000001 1.0000000180025095e-35 12.500000000000002 8.5000000000000018 1.0000000180025095e-35
decision_type=2 2 10 8 2 2 2 2
left_child=1 3 6 4 -1 -5 -2 -3
right_child=2 7 -4 5 -6 -7 -8 -9
leaf_value=0.021387624641805311 0.0068399159442948517 0.01313914383400477 -0.047115988375449946 0.035443231601984135 0.065814791910805859 0.0037209552500272964 -0.036514035095687743 -0.028828709934189713
leaf_weight=311.21921692742035 101.62215680582449 88.520854745525867 640.64034842373803 249.09755284991115 205.44342018757015 258.07860568072647 74.457269003149122 93.508322402834892
leaf_count=6382 9181 6131 103524 2912 6022 10784 9580 8768
internal_value=-0.00186598 0.0235796 -0.0394359 0.0292688 0.0390534 0.0193012 -0.0114928 -0.00841973
internal_weight=2022.59 1205.87 816.72 1023.84 516.663 507.176 176.079 182.029
internal_count=163284 40999 122285 26100 12404 13696 18761 14899
is_linear=0
shrinkage=0.0750466


Tree=18
num_leaves=9
num_cat=0
split_feature=51 50 95 31 71 5 147 80
split_gain=358.858 102.069 79.7329 70.5077 42.0505 35.4892 20.7775 15.1227
threshold=1.0000000180025095e-35 1.0000000180025095e-35 1.0000000180025095e-35 3112.9700000000007 1.0000000180025095e-35 43.500000000000007 -15710.014999999998 1.0000000180025095e-35
decision_type=2 2 2 2 2 2 8 2
left_child=1 2 3 6 -2 -4 7 -1
right_child=4 -3 5 -5 -6 -7 -8 -9
leaf_value=0.030669298323135682 -0.060899632705141489 -0.061008080651962136 0.13986993391559899 -0.029504337175537097 0.023178791376439002 0.049167064437518705 0.028078272128257132 -0.014274609474999459
leaf_weight=63.511188952252269 488.97077131131664 88.7879519588314 41.216861594934016 160.9473857213743 35.965602568350732 59.175397120881826 950.42867580614984 125.45018776552752
leaf_count=4637 84663 7071 2372 16118 3676 4227 26044 14476
internal_value=-0.0017831 0.0170206 0.0219666 0.0169916 -0.0551391 0.0864059 0.0235595 0.00083134
internal_weight=2014.45 1489.52 1400.73 1300.34 524.936 100.392 1139.39 188.961
internal_count=163284 74945 67874 61275 88339 6599 45157 19113
is_linear=0
shrinkage=0.0750466


Tree=19
num_leaves=9
num_cat=0
split_feature=138 104 104 63 20 73 113 58
split_gain=169.897 40.6142 36.5327 31.8161 23.9358 18.4151 17.4105 16.3178
threshold=6957.295000000001 14721.150000000001 21172.650000000005 1.5000000000000002 6276.0250000000005 9.5000000000000018 -1962.9999999999998 232.54500000000004
decision_type=10 2 2 2 2 2 8 2
left_child=2 3 4 5 6 -2 -1 -8
right_child=1 -3 -4 -5 -6 -7 7 -9
leaf_value=-0.00728693334636957 0.00052031407367810281 -0.058371329039858894 -0.028248649819841279 -0.044309222892696752 -0.014101776811515128 -0.033453640325213238 0.024040087897139326 0.056096560475324256
leaf_weight=87.960315254982561 353.44255999615416 184.26896977983415 92.476232288405299 192.30291695799679 99.586098897270858 120.48623163672164 775.6774943433702 101.08676266903058
leaf_count=3842 33048 35838 10549 34386 6905 16161 17769 4786
internal_value=-0.00172535 -0.0271882 0.0169956 -0.0185635 0.0209269 -0.00811684 0.0245428 0.027736
internal_weight=2007.29 850.501 1156.79 666.232 1064.31 473.929 964.725 876.764
internal_count=163284 119433 43851 83595 33302 49209 26397 22555
is_linear=0
shrinkage=0.0750466


Tree=20
num_leaves=9
num_cat=0
split_feature=111 18 32 115 153 22 22 57
split_gain=283.777 193.517 176.967 40.5307 33.528 18.8496 18.0995 16.5938
threshold=1.0000000180025095e-35 11352.675000000001 1.0000000180025095e-35 2964.0000000000005 651.0150000000001 6061.1650000000009 26219.395 1.0000000180025095e-35
decision_type=10 2 2 10 10 2 2 2
left_child=1 2 3 5 6 7 -3 -1
right_child=-2 4 -4 -5 -6 -7 -8 -9
leaf_value=0.029071916911154259 0.18970374658094971 0.011579725498253826 -0.043196723246634601 -0.016148990899857735 -0.051838916467696103 0.0036854729681510276 -0.031418152767073063 0.055278884483753309
leaf_weight=607.68615313153714 42.722023827023804 83.232616062741727 268.48476587049663 117.99106234963983 415.32707771193236 126.18947750236839 163.33173530455679 175.33481581835076
leaf_count=11271 565 7064 17981 10407 77992 9131 19267 9606
internal_value=-0.00163599 -0.00581177 0.0110527 0.0252322 -0.0388249 0.0306024 -0.0169034 0.0349402
internal_weight=2000.3 1957.58 1295.69 1027.2 661.891 909.21 246.564 783.021
internal_count=163284 162719 58396 40415 104323 30008 26331 20877
is_linear=0
shrinkage=0.0750466


Tree=21
num_leaves=9
num_cat=0
split_feature=22 27 85 4 29 137 22 22
split_gain=195.47 65.3002 31.0597 21.9814 31.71 18.9347 13.4537 12.2735
threshold=26219.395 3.5000000000000004 4750.6500000000005 1.0000000180025095e-35 1.0000000180025095e-35 18877.255000000001 -1525.53 -5649.0549999999994
decision_type=2 2 2 2 2 10 2 2
left_child=1 3 5 4 6 -3 -1 -6
right_child=-2 2 -4 -5 7 -7 -8 -9
leaf_value=0.06230109800145258 -0.040601899267798863 0.019690959674748792 -0.045640124503034465 0.0021252484928323172 -0.0037517202774934987 -0.016835135440472476 0.029366606601624309 0.023866048714622879
leaf_weight=168.67837995477021 530.47953434963711 149.03226924943738 113.00212045945227 223.85159544181079 117.48723702225834 172.38743054470979 119.23573322198354 396.39082632819191
leaf_count=1610 86001 9959 21504 4267 2412 19065 3783 14683
internal_value=-0.00158642 0.0125889 -0.0117973 0.0229179 0.028723 0.000100873 0.0486617 0.0175518
internal_weight=1990.55 1460.07 434.422 1025.64 801.792 321.42 287.914 513.878
internal_count=163284 77283 50528 26755 22488 29024 5393 17095
is_linear=0
shrinkage=0.0750466


Tree=22
num_leaves=9
num_cat=0
split_feature=138 94 85 85 30 9 30 97
split_gain=117.841 60.9701 47.9679 26.1859 21.7655 14.8694 14.3863 13.5639
threshold=12094.745000000001 1.0000000180025095e-35 20560.050000000003 4750.6500000000005 1.0000000180025095e-35 1579.095 1.0000000180025095e-35 63.500000000000007
decision_type=10 2 2 2 2 2 2 2
left_child=1 2 4 6 5 -1 7 -2
right_child=3 -3 -4 -5 -6 -7 -8 -9
leaf_value=0.0051436439090415675 0.0027462170353831305 0.074557530984543055 -0.037100130721274917 -0.04827985123882008 -0.019332296004610668 0.02357016888307123 -0.033758753699531859 -0.039464252304201801
leaf_weight=431.4455033626873 211.91151140537113 80.855620162328705 123.41148068243638 223.91428065230139 111.0373002178967 575.81670022988692 169.84710355638526 53.750385176856071
leaf_count=19703 20581 4275 16690 49657 7428 10686 25877 8387
internal_value=-0.00150815 0.011413 0.00730131 -0.0274234 0.0122013 0.0156774 -0.0167002 -0.00579407
internal_weight=1981.99 1322.57 1241.71 659.423 1118.3 1007.26 435.509 265.662
internal_count=163284 58782 54507 104502 37817 30389 54845 28968
is_linear=0
shrinkage=0.0750466


Tree=23
num_leaves=9
num_cat=0
split_feature=18 4 56 28 18 58 127 127
split_gain=167.394 45.2409 34.2619 33.885 22.8945 14.8167 17.2424 16.6176
threshold=11352.675000000001 1.5000000000000002 1169.9700000000003 1395.8750000000002 952.04500000000019 1.0000000180025095e-35 991.50000000000011 610.50000000000011
decision_type=2 2 2 2 2 2 8 8
left_child=1 2 4 -2 5 7 -7 -1
right_child=3 -3 -4 -5 -6 6 -8 -9
leaf_value=0.0008671059683891182 -0.002231694626087701 -0.041042332534346332 -0.022819114572060234 -0.04396533685343091 0.0050441585285865955 0.090228532660539193 0.033226933994487153 0.029275195991943653
leaf_weight=151.27683848538436 143.27062591724098 81.558747664326802 113.24548351322301 465.8320326381363 372.49755887524225 41.091008841991425 109.61450427025557 496.89076671539806
leaf_count=3168 12833 2150 11510 91558 27103 2278 5913 6771
internal_value=-0.00143033 0.0131571 0.0165982 -0.0341489 0.0204089 0.0275732 0.0487689 0.022645
internal_weight=1975.28 1366.17 1284.62 609.103 1171.37 798.873 150.706 648.168
internal_count=163284 58893 56743 104391 45233 18130 8191 9939
is_linear=0
shrinkage=0.0750466


Tree=24
num_leaves=9
num_cat=0
split_feature=52 8 107 113 138 138 9 5
split_gain=257.629 79.453 46.9525 39.0786 29.9794 25.4568 20.2463 26.3666
threshold=16685.650000000005 14788.655000000001 22.500000000000004 -2054.4999999999995 21996.515000000003 6957.295000000001 1656.3400000000004 39.500000000000007
decision_type=2 2 2 8 8 8 2 2
left_child=1 3 -3 -1 6 -4 7 -5
right_child=-2 2 5 4 -6 -7 -8 -9
leaf_value=-0.029336507063876398 -0.054680709954879288 0.014712524085218136 0.003807958618662692 0.063891038295938798 0.01426036834962025 -0.03700053265433581 0.067596824405180722 0.018814051928625529
leaf_weight=61.455084711546078 405.30391759355552 340.08323475951329 128.77788344537839 110.69039685023017 299.65311527298763 259.73211537185125 148.08113714656793 215.09058906254359
leaf_count=2774 84455 5050 7018 3673 18376 30086 4635 7217
internal_value=-0.00136105 0.0124604 -0.00564974 0.0282632 0.0328395 -0.0234739 0.0445882 0.0341298
internal_weight=1968.87 1563.56 728.593 834.97 773.515 388.51 473.862 325.781
internal_count=163284 78829 42154 36675 33901 37104 15525 10890
is_linear=0
shrinkage=0.0750466


Tree=25
num_leaves=9
num_cat=0
split_feature=33 25 95 28 149 28 55 127
split_gain=207.821 119.489 68.8705 45.6779 27.4286 26.7135 15.2169 12.4659
threshold=17595.285000000003 7648.2250000000013 1.5000000000000002 2982.1750000000006 636.50000000000011 1395.8750000000002 1.0000000180025095e-35 1221.5000000000002
decision_type=2 2 2 2 8 2 2 10
left_child=1 2 3 4 -1 -3 -5 -6
right_child=-2 5 -4 6 7 -7 -8 -9
leaf_value=-0.0017604771430152664 -0.058222119488214562 0.0099387636007615097 0.093666852465732101 0.0050037479059697985 0.041873566414977297 -0.041482910441679129 -0.025583619599502193 0.020650290165838373
leaf_weight=158.68790562474169 305.19990309746936 72.292767119826749 66.755842427024618 321.6640265728347 376.24714989541098 267.1998406315688 128.07393396436237 266.11180043639615
leaf_count=4063 31239 8154 3941 26432 5264 59882 18138 6171
internal_value=-0.00131414 0.00916743 0.0193971 0.0154332 0.0261792 -0.030533 -0.00370676 0.0330813
internal_weight=1962.23 1657.03 1317.54 1250.78 801.047 339.493 449.738 642.359
internal_count=163284 132045 64009 60068 15498 68036 44570 11435
is_linear=0
shrinkage=0.0750466


Tree=26
num_leaves=9
num_cat=0
split_feature=33 22 26 138 58 10 6 10
split_gain=187.007 173.283 55.2268 21.7921 20.7599 14.1769 14.2621 13.7142
threshold=17595.285000000003 26219.395 1.0000000180025095e-35 21996.515000000003 232.54500000000004 -500.88999999999993 20.500000000000004 -1444.4349999999997
decision_type=2 2 2 10 2 2 2 2
left_child=1 2 -1 4 5 -4 -7 -3
right_child=-2 7 3 -5 -6 6 -8 -9
leaf_value=0.049995752006562054 -0.05699454633897539 -0.054222270205445386 -0.019455966035584603 -0.0095197646502247525 0.040197150495890427 -0.0078748296598720197 0.023212835737017604 -0.024488359870868372
leaf_weight=308.81551538174972 289.00207647844218 123.8033401852008 71.579168961150572 187.01809544162825 194.72142175235786 106.72556252987124 375.65958969062194 296.80847654701211
leaf_count=3294 31239 28490 4955 24054 11849 3099 9676 46628
internal_value=-0.00126881 0.00840302 0.0224773 0.0133952 0.0191192 0.0117102 0.0163348 -0.0332403
internal_weight=1954.13 1665.13 1244.52 935.704 748.686 553.964 482.385 420.612
internal_count=163284 132045 56927 53633 29579 17730 12775 75118
is_linear=0
shrinkage=0.0750466


Tree=27
num_leaves=9
num_cat=0
split_feature=133 107 18 12 72 56 96 103
split_gain=167.081 118.925 23.3696 21.002 16.7026 12.3982 11.1617 9.70778
threshold=1.0000000180025095e-35 85.500000000000014 24182.040000000005 7.5000000000000009 1708.4500000000003 70.580000000000013 1.0000000180025095e-35 1.0000000180025095e-35
decision_type=10 2 2 2 2 2 2 2
left_child=1 2 4 5 7 -3 -6 -1
right_child=-2 3 -4 -5 6 -7 -8 -9
leaf_value=0.0028600984375379292 0.14282287464737317 -0.0062953208740041495 -0.021997382506859901 -0.054169750272063388 0.0087298140030879715 -0.041018869709831172 0.027223098399521171 -0.028269626764980921
leaf_weight=471.48610924463719 44.316896662116051 127.49732706928626 150.2631278776098 225.6382267116569 439.75428058300167 106.11005677166395 315.80928720906377 64.088824086589739
leaf_count=17221 604 24160 20862 53360 7052 21723 10682 7620
internal_value=-0.0012241 -0.00458281 0.00601332 -0.0378401 0.00927322 -0.0220676 0.0164596 -0.000864997
internal_weight=1944.96 1900.65 1441.4 459.246 1291.14 233.607 755.564 535.575
internal_count=163284 162680 63437 99243 42575 45883 17734 24841
is_linear=0
shrinkage=0.0750466


Tree=28
num_leaves=9
num_cat=0
split_feature=22 30 94 4 22 18 137 147
split_gain=104.404 39.0395 46.5372 30.4286 24.4008 15.589 13.6149 13.5558
threshold=26219.395 1.0000000180025095e-35 1.0000000180025095e-35 1.5000000000000002 -22789.309999999994 11352.675000000001 20863.215000000004 -34380.424999999996
decision_type=2 2 2 2 2 2 8 10
left_child=1 2 3 4 -1 -2 -3 -4
right_child=5 6 7 -5 -6 -7 -8 -9
leaf_value=0.045834985151798999 -0.0035442260805995714 -0.0031623497156287863 0.036648136203453925 -0.040429786981960536 0.0087826337921314366 -0.040032345932835972 -0.039540306446461296 0.09613770133910482
leaf_weight=111.20119272684678 80.792990861926228 125.55692733754404 42.753212265204638 64.772873586043715 1002.7049487526529 358.80799665651284 107.59803426172584 43.544729396235198
leaf_count=2549 8771 10446 1866 1453 41845 77230 16483 2641
internal_value=-0.00116844 0.00826773 0.0134687 0.00957389 0.0124816 -0.0333263 -0.0199503 0.0666657
internal_weight=1937.73 1498.13 1264.98 1178.68 1113.91 439.601 233.155 86.2979
internal_count=163284 77283 50354 45847 44394 86001 26929 4507
is_linear=0
shrinkage=0.0750466


Tree=29
num_leaves=9
num_cat=0
split_feature=51 99 8 96 50 137 83 28
split_gain=185.955 76.0356 74.7642 44.8197 33.3665 23.901 21.9525 19.1303
threshold=1.0000000180025095e-35 1.0000000180025095e-35 11254.315000000002 1.0000000180025095e-35 1.0000000180025095e-35 31032.320000000003 1.0000000180025095e-35 7437.8550000000005
decision_type=2 2 2 2 2 10 2 2
left_child=1 2 3 -1 7 6 -5 -4
right_child=-2 -3 4 5 -6 -7 -8 -9
leaf_value=0.0069776990341359956 -0.04774323956693121 0.089673291179686435 0.0027427394385048883 0.041235412429780516 -0.061784319633304469 0.0014722682345336992 0.089008939591495514 -0.025372444558967488
leaf_weight=367.72712043649517 385.51376945688389 65.446341128787026 542.56510155228898 193.8482621780131 61.759491591248661 58.004118424840271 75.181168490089476 182.03151377290487
leaf_count=8576 88339 3168 13437 6359 5562 7822 5517 24504
internal_value=-0.00111105 0.010513 0.00701515 0.0249532 -0.00883345 0.0451654 0.0545859 -0.00432029
internal_weight=1932.08 1546.56 1481.12 694.761 786.356 327.034 269.029 724.597
internal_count=163284 74945 71777 28274 43503 19698 11876 37941
is_linear=0
shrinkage=0.0750466


Tree=30
num_leaves=9
num_cat=0
split_feature=52 33 95 22 17 12 12 131
split_gain=173.357 159.555 55.01 40.3407 35.5254 28.5768 24.5012 16.6098
threshold=16685.650000000005 27559.105000000007 1.0000000180025095e-35 65850.970000000016 3.5000000000000004 6.5000000000000009 4.5000000000000009 392.95500000000004
decision_type=2 2 2 2 2 2 2 10
left_child=1 2 3 6 -2 -4 -1 -8
right_child=4 -3 5 -5 -6 -7 7 -9
leaf_value=0.049584370511143429 -0.055389768470857248 -0.055551144064508527 0.10934744025936868 -0.023740656487155263 0.065115325522979398 0.03236176079822195 0.017689403970214942 -0.01407405754897823
leaf_weight=125.82788305636495 319.98872240097262 188.72105279867537 52.061448380118236 144.47052313201129 14.398058699909596 56.76288687158376 921.83224226324819 103.08807591628283
leaf_count=871 81116 11888 1593 20942 3339 4507 29796 9232
internal_value=-0.00107695 0.00923623 0.0179445 0.0136387 -0.050201 0.0691916 0.0183315 0.0144946
internal_weight=1927.15 1592.76 1404.04 1295.22 334.387 108.824 1150.75 1024.92
internal_count=163284 78829 66941 60841 84455 6100 39899 39028
is_linear=0
shrinkage=0.0750466


Tree=31
num_leaves=9
num_cat=0
split_feature=51 99 71 22 25 5 25 135
split_gain=147.963 59.7373 42.6073 27.5363 25.9959 18.1674 20.5372 13.4506
threshold=1.0000000180025095e-35 1.0000000180025095e-35 1.0000000180025095e-35 78916.440000000017 1.0000000180025095e-35 39.500000000000007 7648.2250000000013 -1993.4999999999998
decision_type=2 2 2 2 2 2 2 10
left_child=1 3 -2 4 7 6 -6 -1
right_child=2 -3 -4 -5 5 -7 -8 -9
leaf_value=-0.006858523807977154 -0.053117467790165386 0.076691815954377976 0.039260399859861544 -0.026666580013673721 0.096096196020719282 0.016889559808693184 0.017352575971639351 0.010250095237380323
leaf_weight=397.49981920421124 321.05519428756088 69.793436077656224 30.818926561390981 135.00513572082855 43.187654194654897 146.85420621279627 32.837554074591026 741.73602486914024
leaf_count=5407 84663 3168 3676 20249 2852 15443 3684 24142
internal_value=-0.00104979 0.00882585 -0.0450265 0.00566205 0.00886628 0.0323058 0.0620845 0.00428059
internal_weight=1918.79 1566.91 351.874 1497.12 1362.12 222.879 76.0252 1139.24
internal_count=163284 74945 88339 71777 51528 21979 6536 29549
is_linear=0
shrinkage=0.0750466


Tree=32
num_leaves=9
num_cat=0
split_feature=32 25 94 31 94 138 138 138
split_gain=98.8862 50.8548 27.1661 21.689 17.2716 17.3363 16.985 15.0491
threshold=1.0000000180025095e-35 14700.440000000001 1.0000000180025095e-35 3706.1800000000007 1.0000000180025095e-35 1513.9350000000002 29617.135000000006 1513.9350000000002
decision_type=2 2 2 2 2 10 8 8
left_child=1 2 3 -1 5 -3 -4 -2
right_child=7 4 6 -5 -6 -7 -8 -9
leaf_value=0.011517209927164351 -0.0040142481274571592 0.0051973923831654754 0.068358925915425889 -0.021410293625238407 0.03795417959794925 -0.048680080777989777 0.0069103117163676177 -0.04830425909625994
leaf_weight=1174.5159100012388 52.339364297455177 44.227394009707496 72.698832657421008 124.6169852130115 19.812491741264239 140.45658955792896 38.884283791063353 247.65093058277853
leaf_count=52321 2764 5876 3324 17333 4421 40538 3375 33332
internal_value=-0.00100821 0.00634082 0.0114108 0.0083587 -0.0286343 -0.0357777 0.0469454 -0.040577
internal_weight=1915.2 1615.21 1410.72 1299.13 204.496 184.684 111.583 299.99
internal_count=163284 127188 76353 69654 50835 46414 6699 36096
is_linear=0
shrinkage=0.0750466


Tree=33
num_leaves=9
num_cat=0
split_feature=32 50 21 24 12 8 96 94
split_gain=87.6726 69.4104 57.4108 40.8344 22.9363 25.5221 13.947 14.9796
threshold=1.0000000180025095e-35 1.0000000180025095e-35 1.0000000180025095e-35 8.5000000000000018 5.5000000000000009 16678.810000000001 1.0000000180025095e-35 1.0000000180025095e-35
decision_type=2 2 2 2 2 2 2 2
left_child=1 2 -1 4 -4 6 -6 -8
right_child=-2 -3 3 -5 5 -7 7 -9
leaf_value=0.059959957301180783 -0.039058878374866358 -0.059788625788527824 0.031058832346202651 -0.031181107127531697 0.0015247265191609164 -0.012830060838427386 0.01675390631551834 0.060560694742432329
leaf_weight=117.27266453090124 288.77754806610756 85.994918175274506 232.51732391770929 153.85717444936745 332.1044702026993 315.18849428091198 334.26756257773377 50.619562643347308
leaf_count=2629 36096 10167 3005 40320 13429 25964 28286 3388
internal_value=-0.000961257 0.00582231 0.00949603 0.00532415 0.00976521 0.00496844 0.0127926 0.0225153
internal_weight=1910.6 1621.82 1535.83 1418.55 1264.7 1032.18 716.992 384.887
internal_count=163284 127188 117021 114392 74072 71067 45103 31674
is_linear=0
shrinkage=0.0750466


Tree=34
num_leaves=9
num_cat=0
split_feature=99 11 31 58 27 16 24 31
split_gain=66.1128 49.8149 22.3773 13.9714 14.419 8.71147 9.4409 8.55167
threshold=1.5000000000000002 665.45500000000015 539.49500000000012 232.54500000000004 2.5000000000000004 -4943.454999999999 7.5000000000000009 8091.6550000000016
decision_type=2 2 2 2 2 2 2 2
left_child=1 2 3 -1 -5 -4 7 -7
right_child=-2 -3 5 4 -6 6 -8 -9
leaf_value=0.0020368114599592316 0.088707444689911541 -0.029047788284916963 -0.050431958898769558 0.045548724236156544 0.0097517189786818 0.01044806486064013 -0.056296739705443473 -0.028653846660637982
leaf_weight=1015.104088562075 45.248261050321162 340.46553452173248 43.422429544618353 90.171706143533811 213.23265097360127 81.430792878149077 23.484142758185044 51.373704395955428
leaf_count=31944 1984 79311 5424 2959 22516 6741 6431 5974
internal_value=-0.000921758 -0.00310371 0.00271433 0.00626023 0.0203906 -0.020696 -0.0124343 -0.004678
internal_weight=1903.93 1858.69 1518.22 1318.51 303.404 199.711 156.289 132.804
internal_count=163284 161300 81989 57419 25475 24570 19146 12715
is_linear=0
shrinkage=0.0750466


Tree=35
num_leaves=9
num_cat=0
split_feature=32 22 94 26 153 8 9 137
split_gain=77.3354 70.8969 28.6982 22.1434 18.0814 15.6685 18.3873 14.0905
threshold=1.0000000180025095e-35 6061.1650000000009 1.0000000180025095e-35 1.0000000180025095e-35 651.0150000000001 16678.810000000001 1656.3400000000004 1316.4200000000003
decision_type=2 2 2 2 10 2 2 8
left_child=1 2 3 -1 -3 6 -5 -2
right_child=7 4 -4 5 -6 -7 -8 -9
leaf_value=0.030030734307613563 -0.0017773281548797148 -0.0032914080596061729 0.056100034619668893 0.0022788130231840517 -0.031588870154787382 -0.013606431218192617 0.031565062634083207 -0.045472804115966221
leaf_weight=287.55833318736404 50.888654771959409 247.88749167788774 92.19065025774762 372.57864725752734 261.15509399096482 182.38258976652287 178.62690114765428 226.82627544738352
leaf_count=2392 2786 24869 3661 17137 65254 7591 6284 33310
internal_value=-0.000872088 0.00539197 0.0159999 0.0123796 -0.0178089 0.0054606 0.0117695 -0.037466
internal_weight=1900.09 1622.38 1113.34 1021.15 509.043 733.588 551.206 277.715
internal_count=163284 127188 37065 33404 90123 31012 23421 36096
is_linear=0
shrinkage=0.0750466


Tree=36
num_leaves=9
num_cat=0
split_feature=51 99 72 64 149 26 109 97
split_gain=114.259 39.8357 37.1611 13.8348 17.2914 12.4967 11.2529 13.3305
threshold=1.0000000180025095e-35 1.0000000180025095e-35 1287.6450000000002 25194.515000000003 489.50000000000006 1.0000000180025095e-35 1.0000000180025095e-35 11.500000000000002
decision_type=2 2 2 2 10 2 2 2
left_child=1 3 5 4 -1 -2 -6 -8
right_child=2 -3 -4 -5 6 -7 7 -9
leaf_value=-0.0050215951146388793 0.0021012552033016258 0.060793700191197522 0.050948036409826869 -0.031454323518096822 0.0047787091784950043 -0.053588817105575975 0.010147172811473532 0.037174945493616766
leaf_weight=502.36261283536442 24.767695696558803 75.100736506516114 22.584488393040374 57.072120478842407 515.86659305565991 270.99091160425451 249.56015601195395 174.73532350035384
leaf_count=9353 3218 3168 2143 10038 19757 82978 14185 18444
internal_value=-0.000833736 0.0074561 -0.0418398 0.00478492 0.00621869 -0.0489252 0.0122248 0.0212779
internal_weight=1893.04 1574.7 318.343 1499.6 1442.52 295.759 940.162 424.295
internal_count=163284 74945 88339 71777 61739 86196 52386 32629
is_linear=0
shrinkage=0.0750466


Tree=37
num_leaves=9
num_cat=0
split_feature=111 51 71 56 153 96 153 12
split_gain=115.746 88.1983 36.5047 31.2008 18.6347 25.2092 18.5671 10.348
threshold=1.0000000180025095e-35 1.0000000180025095e-35 1.0000000180025095e-35 8668.8100000000031 5389.9350000000004 1.0000000180025095e-35 475.06500000000005 5.5000000000000009
decision_type=10 2 2 2 10 2 8 2
left_child=1 3 7 4 5 -1 -7 -3
right_child=-2 2 -4 -5 -6 6 -8 -9
leaf_value=-0.0015084292278571743 0.10715819163682525 0.0041498118298768068 0.035102963568318664 -0.049974543908398603 -0.021067935364567091 0.032682150654796183 0.0068183087792145223 -0.053812449511451615
leaf_weight=710.74520750087686 54.325709201628342 18.622801357880235 31.828535650158301 59.443489782977849 135.21520654251799 298.5309510496445 328.15634873043746 253.24543180153705
leaf_count=15536 565 2537 3668 9579 16387 9864 23160 81988
internal_value=-0.000798431 -0.00399315 -0.0409395 0.0033305 0.00548216 0.00816639 0.0191389 -0.0498421
internal_weight=1890.11 1835.79 303.697 1532.09 1472.65 1337.43 626.687 271.868
internal_count=163284 162719 88193 74526 64947 48560 33024 84525
is_linear=0
shrinkage=0.0750466


Tree=38
num_leaves=9
num_cat=0
split_feature=52 95 31 72 82 21 141 6
split_gain=97.7007 22.2222 19.2218 17.3038 14.3112 11.5563 9.32215 7.81876
threshold=16685.650000000005 1.0000000180025095e-35 3112.9700000000007 1287.6450000000002 1.0000000180025095e-35 1.0000000180025095e-35 38.570000000000007 20.500000000000004
decision_type=2 2 2 2 2 2 8 2
left_child=1 2 5 6 -3 -1 -2 -7
right_child=3 4 -4 -5 -6 7 -8 -9
leaf_value=0.02536328640051002 -0.056519970346866198 0.018432315014405232 -0.022875629680900234 0.036030595664852387 0.069700511711833335 -0.012418896472512002 -0.023290205160367346 0.0059494024687342644
leaf_weight=155.90468515944667 183.76772942300886 99.031978367944248 142.05773559736554 14.643911920487879 44.419113704934716 149.43740165582858 64.14294882141985 1030.7521508652717
leaf_count=2832 71422 3355 19320 1719 4219 3714 11314 45389
internal_value=-0.000769728 0.00610663 0.00336982 -0.0432398 0.0343073 0.00616032 -0.0479223 0.00362358
internal_weight=1884.16 1621.6 1478.15 262.555 143.451 1336.09 247.911 1180.19
internal_count=163284 78829 71255 84455 7574 51935 82736 49103
is_linear=0
shrinkage=0.0750466


Tree=39
num_leaves=9
num_cat=0
split_feature=107 12 12 113 115 85 12 25
split_gain=50.0018 22.6222 15.4791 13.2186 11.7246 11.4933 11.0989 9.78531
threshold=85.500000000000014 7.5000000000000009 4.5000000000000009 -2054.4999999999995 1158.7700000000002 11788.650000000001 6.5000000000000009 14700.440000000001
decision_type=2 2 2 8 8 2 2 2
left_child=2 7 -1 -4 5 -5 -6 -2
right_child=1 -3 3 4 6 -7 -8 -9
leaf_value=0.026610508426889352 0.0068468298394579307 -0.046341439143192567 -0.02484918051084007 0.012576120052175824 0.0032016158442455651 -0.024052827411978301 -0.021303338239564713 -0.027010086450990449
leaf_weight=169.19709900626913 105.76811173663009 165.10512329125777 92.498154483851977 733.94785233074799 319.7477463503601 51.64022100425791 154.34394078108016 88.143623716197908
leaf_count=1860 19883 53404 5478 27748 8736 8804 11279 26092
internal_value=-0.000733938 -0.0259258 0.00521088 0.00253316 0.00454385 0.0101683 -0.00477615 -0.00854301
internal_weight=1880.39 359.017 1521.38 1352.18 1259.68 785.588 474.092 193.912
internal_count=163284 99379 63905 62045 56567 36552 20015 45975
is_linear=0
shrinkage=0.0750466


Tree=40
num_leaves=9
num_cat=0
split_feature=111 18 72 74 6 6 138 138
split_gain=91.048 30.6732 19.2039 23.1786 17.5346 15.8638 10.7144 10.1944
threshold=1.0000000180025095e-35 27674.390000000003 1708.4500000000003 513.96500000000015 145.50000000000003 20.500000000000004 54590.010000000002 6957.295000000001
decision_type=10 2 2 2 2 2 8 10
left_child=1 2 3 -1 5 -4 -7 -3
right_child=-2 7 4 -5 -6 6 -8 -9
leaf_value=0.00014207224194501958 0.093005010885517575 -0.008803497174602725 -0.015006552415310155 -0.029887311461163191 -0.0078054106923321574 0.027292147840083034 0.0039169675401968191 -0.039202474224378211
leaf_weight=471.22290971502662 56.64196741906926 101.59613793576136 85.255783712491393 208.95472965645604 279.32227904628962 351.77169891097583 160.97705566580407 159.94109666789882
leaf_count=32100 565 15763 1277 29602 12060 10376 4271 57270
internal_value=-0.000694745 -0.0036124 0.000380981 -0.00908314 0.00771836 0.0149694 0.0199535 -0.0273938
internal_weight=1875.68 1819.04 1557.5 680.178 877.327 598.005 512.749 261.537
internal_count=163284 162719 89686 61702 27984 15924 14647 73033
is_linear=0
shrinkage=0.0750466


Tree=41
num_leaves=9
num_cat=0
split_feature=22 31 113 58 16 28 151 10
split_gain=40.9802 16.6161 14.2505 13.5996 12.7762 11.9223 10.9524 10.3134
threshold=65850.970000000016 539.49500000000012 -2054.4999999999995 232.54500000000004 -14461.189999999999 10333.675000000001 1.5000000000000002 -386.05499999999995
decision_type=2 2 8 2 2 2 8 2
left_child=1 2 -1 4 -4 6 -5 -2
right_child=7 -3 3 5 -6 -7 -8 -9
leaf_value=-0.022872290939807818 -0.045729089431850216 -0.015197136230095059 0.022781458018080659 0.013867643992695621 0.00034688389224788807 0.0075131397719204445 0.053430509469932712 -0.014455722652497151
leaf_weight=86.524124443996698 116.42830958392005 228.34947058232501 172.98893454670906 69.086248153471388 823.68416844017338 160.25349164567888 91.740566404769197 121.22868622851092
leaf_count=6044 41316 33933 2377 2348 27031 22492 4559 23184
internal_value=-0.000660538 0.0035778 0.00663079 0.00856798 0.00424077 0.0220002 0.0364355 -0.0297766
internal_weight=1870.28 1632.63 1404.28 1317.75 996.673 321.08 160.827 237.657
internal_count=163284 98784 64851 58807 29408 29399 6907 64500
is_linear=0
shrinkage=0.0750466


Tree=42
num_leaves=9
num_cat=0
split_feature=22 4 21 84 16 5 16 135
split_gain=36.0788 24.2273 17.7175 16.1237 12.6326 12.1368 22.1189 22.5713
threshold=65850.970000000016 1.5000000000000002 1.0000000180025095e-35 2.5000000000000004 -471.88999999999993 39.500000000000007 -471.88999999999993 -1840.4999999999998
decision_type=2 2 2 2 2 2 2 10
left_child=1 2 4 5 -1 6 -4 -8
right_child=-2 -3 3 -5 -6 -7 7 -9
leaf_value=0.048612261083682405 -0.02840119795161453 -0.038522486634442639 0.0013966509147604798 -0.024056316037820838 0.0083887133621114041 0.00012703180003288447 -0.0050464587969088013 0.057899190387244573
leaf_weight=84.598500805906951 230.81316018244252 74.482540761469863 227.02054103231058 118.3251369970385 91.572588588809595 889.71131122950464 46.377643938409165 104.09930395195261
leaf_count=977 64500 2192 8982 28790 3693 44028 2639 7483
internal_value=-0.000625108 0.0032932 0.00528752 0.00243722 0.0277043 0.00491104 0.0161863 0.0384991
internal_weight=1867 1636.19 1561.71 1385.53 176.171 1267.21 377.497 150.477
internal_count=163284 98784 96592 91922 4670 63132 19104 10122
is_linear=0
shrinkage=0.0750466


Tree=43
num_leaves=9
num_cat=0
split_feature=107 108 21 153 96 16 153 56
split_gain=34.4516 19.6968 13.0608 10.1896 18.1549 11.0953 9.82589 11.8782
threshold=85.500000000000014 1.0000000180025095e-35 1.0000000180025095e-35 651.0150000000001 1.0000000180025095e-35 -1.0000000180025095e-35 475.06500000000005 1.0000000180025095e-35
decision_type=2 2 2 8 2 2 10 2
left_child=2 6 -1 4 -4 -6 7 -2
right_child=1 -3 3 -5 5 -7 -8 -9
leaf_value=0.023281791517246068 0.026618032199798098 0.068170817396677102 -0.0034622512364342445 -0.0055717591848220022 0.031305545319419023 0.0041767560776363325 -0.033989415166704576 -0.029322501231272457
leaf_weight=178.15342576836701 38.529040967812762 13.002095634001305 396.13100634596776 605.11281778407283 203.85876616847236 145.51139590179082 235.5266839027172 48.02259049937129
leaf_count=3755 6033 4076 10608 35104 4864 9574 80477 8793
internal_value=-0.000594076 -0.0223875 0.00418269 0.00166341 0.0075361 0.0200065 -0.0260433 -0.0044202
internal_weight=1863.85 335.08 1528.77 1350.61 745.501 349.37 322.078 86.5516
internal_count=163284 99379 63905 60150 25046 14438 95303 14826
is_linear=0
shrinkage=0.0750466


Tree=44
num_leaves=9
num_cat=0
split_feature=50 25 138 96 138 135 142 142
split_gain=49.5992 22.2228 11.8484 10.8282 17.9287 13.1707 7.37341 6.52509
threshold=1.0000000180025095e-35 14700.440000000001 6957.295000000001 1.0000000180025095e-35 21996.515000000003 -1840.4999999999998 154836.00000000003 238705.50000000003
decision_type=2 2 10 2 8 10 8 8
left_child=1 3 -3 6 5 -5 -1 -8
right_child=-2 2 -4 4 -6 -7 7 -9
leaf_value=-0.010906706983901759 -0.058119977499057618 0.00097014277649619548 -0.037866355655572982 -0.0048527303330594667 -0.0035641511560480059 0.025920048920951694 0.020510414291086593 -0.00019429411984502325
leaf_weight=285.37490344920661 80.667314598918892 73.03038015414495 112.23734053573571 97.537336898851208 292.77633496234193 397.81659051671159 108.13759448938072 413.62175715563353
leaf_count=12204 11035 13513 47558 5633 36023 22135 5312 9871
internal_value=-0.000563005 0.00204462 -0.0225575 0.00490181 0.0111588 0.0198608 -0.00120788 0.00409687
internal_weight=1861.2 1780.53 185.268 1595.26 788.13 495.354 807.134 521.759
internal_count=163284 152249 61071 91178 63791 27768 27387 15183
is_linear=0
shrinkage=0.0750466


Tree=45
num_leaves=9
num_cat=0
split_feature=73 17 85 94 94 82 151 24
split_gain=22.4077 18.231 21.7048 11.6839 10.5772 13.3374 10.0247 9.39641
threshold=9.5000000000000018 3.5000000000000004 20560.050000000003 1.0000000180025095e-35 1.0000000180025095e-35 1.5000000000000002 9.5000000000000018 8.5000000000000018
decision_type=2 2 2 2 2 2 8 2
left_child=1 2 3 7 -2 -6 -5 -1
right_child=4 -3 -4 6 5 -7 -8 -9
leaf_value=0.0031520638008718724 -0.02703435149348361 0.04745358646036802 -0.030277244202599342 0.044782189141770561 -0.024833588482562504 0.067105419845765027 5.5206958092822052e-05 -0.028426397758250347
leaf_weight=1264.7018222825136 223.98029775579926 49.854635457391851 113.29250165703706 69.33951548137702 19.592255439725704 16.26301634311676 47.594010290689766 55.393465394969098
leaf_count=48646 52172 4097 29909 3686 2779 4065 2245 15685
internal_value=-0.000535044 0.00278418 0.00134772 0.00384097 -0.0209762 0.0168675 0.0265775 0.00182698
internal_weight=1860.01 1600.18 1550.32 1437.03 259.836 35.8553 116.934 1320.1
internal_count=163284 104268 100171 70262 59016 6844 5931 64331
is_linear=0
shrinkage=0.0750466


Tree=46
num_leaves=9
num_cat=0
split_feature=99 71 142 71 74 4 74 104
split_gain=41.0616 38.7139 20.873 17.8108 18.5309 11.9537 9.0288 8.30244
threshold=1.0000000180025095e-35 1.5000000000000002 119646.00000000001 1.0000000180025095e-35 391.17500000000007 1.5000000000000002 1588.4450000000004 1.0000000180025095e-35
decision_type=2 2 10 2 2 2 2 2
left_child=1 3 -2 4 -1 6 -5 -8
right_child=2 -3 -4 5 -6 -7 7 -9
leaf_value=-0.0057245025760945091 0.084496610850756382 0.088664219805083724 0.010441097936051733 -0.013675622329496206 -0.033285303735549589 -0.03378464837522082 0.0040935929346789029 0.032257494648791227
leaf_weight=445.48746094771195 46.125008173868991 25.592192933079787 40.045438683009706 152.34493231086526 198.66875463747419 51.588022423442453 834.33672697562724 63.431416801176965
leaf_count=38910 1312 1653 4162 10221 65900 1047 31685 8394
internal_value=-0.000507654 -0.0029685 0.0500813 -0.00431173 -0.0142247 0.00148432 0.00321695 0.0060835
internal_weight=1857.62 1771.45 86.1704 1745.86 644.156 1101.7 1050.11 897.768
internal_count=163284 157810 5474 156157 104810 51347 50300 40079
is_linear=0
shrinkage=0.0750466


Tree=47
num_leaves=9
num_cat=0
split_feature=33 111 55 60 32 11 117 134
split_gain=112.281 66.5971 25.7263 13.7105 14.342 10.5548 7.90635 11.5974
threshold=27559.105000000007 1.0000000180025095e-35 1.5000000000000002 1.0000000180025095e-35 1.0000000180025095e-35 1.0000000180025095e-35 -1.0000000180025095e-35 1378588.4800000002
decision_type=2 10 2 2 2 2 10 8
left_child=1 2 3 4 5 -1 -7 -8
right_child=-2 -3 -4 -5 -6 6 7 -9
leaf_value=-0.007080398957303162 -0.053172398168195717 0.088346475509436084 -0.026274835397518351 -0.021198696516117978 0.049652016287260056 0.020401573846893225 0.0081631588954486807 -0.03380274946797443
leaf_weight=249.61163862061221 202.87584005028475 53.504426887957379 150.74129741464276 95.370380177628249 45.518802326871082 299.4164969677804 718.51681147608906 39.105987345101312
leaf_count=4342 28835 391 33873 14673 4397 7597 67295 1881
internal_value=-0.000484241 0.00598703 0.00322995 0.00630246 0.00824216 0.00679959 0.0100772 0.00599702
internal_weight=1854.66 1651.79 1598.28 1447.54 1352.17 1306.65 1057.04 757.623
internal_count=163284 134449 134058 100185 85512 81115 76773 69176
is_linear=0
shrinkage=0.0750466


Tree=48
num_leaves=9
num_cat=0
split_feature=12 17 18 112 12 115 127 97
split_gain=29.1582 13.4314 13.4167 12.9099 9.62102 9.23507 9.06772 8.79763
threshold=7.5000000000000009 3.5000000000000004 27674.390000000003 720815.33500000008 4.5000000000000009 1.0000000180025095e-35 145.50000000000003 41.500000000000007
decision_type=2 2 2 10 2 8 8 2
left_child=1 3 5 4 -1 -2 -6 -8
right_child=2 -3 -4 -5 6 -7 7 -9
leaf_value=0.018369160254304608 -0.00092570839393897348 0.044922005185050809 -0.041718851961282555 0.040381863228819585 -0.034448696783358553 -0.028472151654781189 -0.0020011806925243946 0.016981746329897341
leaf_weight=172.83472370286472 201.14995206624735 44.940841657225974 102.289757273742 50.78977944504004 42.933276889380068 103.97492780373432 970.11228307359852 160.20644111197907
leaf_count=2239 17662 3427 38154 5581 3540 18190 49590 24901
internal_value=-0.000470001 0.00453932 -0.0181977 0.00324011 0.0018387 -0.0103125 -0.000596445 0.000689377
internal_weight=1849.23 1441.82 407.415 1396.88 1346.09 305.125 1173.25 1130.32
internal_count=163284 89278 74006 85851 80270 35852 78031 74491
is_linear=0
shrinkage=0.0750466


Tree=49
num_leaves=9
num_cat=0
split_feature=133 32 21 39 107 113 107 80
split_gain=95.264 49.586 25.1414 17.6558 12.0434 10.6598 9.01327 8.7256
threshold=8.0000000000000018 1.0000000180025095e-35 1.0000000180025095e-35 82168.650000000009 22.500000000000004 -2054.4999999999995 171.50000000000003 2.5000000000000004
decision_type=10 2 2 2 2 8 2 2
left_child=1 2 -1 5 -3 -4 7 -7
right_child=-2 4 3 -5 -6 6 -8 -9
leaf_value=0.034095960489774806 0.13744442574655216 -0.014835814132288232 -0.023828778451046334 -0.037617061930925157 -0.048305869232031021 0.0021923783513581405 -0.026239527567651598 0.022140261109826198
leaf_weight=129.01499100786168 27.793147201417014 106.67304656468332 88.440433600801043 68.675958229228854 140.02696278120857 1090.4710036568576 56.361465201014653 139.27189614297822
leaf_count=2738 244 2535 8496 15052 33492 57893 19351 23483
internal_value=-0.000445802 -0.00255275 0.00235551 -0.000481889 -0.0338334 0.00137348 0.00310655 0.00445153
internal_weight=1846.73 1818.94 1572.24 1443.22 246.7 1374.54 1286.1 1229.74
internal_count=163284 163040 127013 124275 36027 109223 100727 81376
is_linear=0
shrinkage=0.0750466


Tree=50
num_leaves=9
num_cat=0
split_feature=52 111 56 4 94 80 17 115
split_gain=60.5067 45.2234 20.298 16.7339 14.7286 15.1579 10.904 9.88377
threshold=65522.015000000007 1.0000000180025095e-35 8668.8100000000031 1.5000000000000002 1.0000000180025095e-35 1.5000000000000002 3.5000000000000004 2964.0000000000005
decision_type=2 10 2 2 2 2 2 10
left_child=1 2 3 4 7 -6 -2 -1
right_child=6 -3 -4 -5 5 -7 -8 -9
leaf_value=0.0041360611008568488 -0.050737997704335944 0.067936441369550113 -0.043619698810307084 -0.035733525302422603 0.0096388680204604442 0.06291532888266467 0.040827326001961567 -0.017737814915311019
leaf_weight=1255.8919440611498 142.72028709785081 59.420655409805477 54.790069779846817 60.879386473097838 85.659898350597359 46.351363055873662 7.7208447272423646 128.21863345790189
leaf_count=55272 64566 466 11142 1620 3579 4517 2373 19749
internal_value=-0.000430402 0.00362667 0.00128487 0.002845 0.00439411 0.0283451 -0.0460387 0.00210975
internal_weight=1841.65 1691.21 1631.79 1577 1516.12 132.011 150.441 1384.11
internal_count=163284 96345 95879 84737 83117 8096 66939 75021
is_linear=0
shrinkage=0.0750466


Tree=51
num_leaves=9
num_cat=0
split_feature=50 71 12 39 149 26 16 71
split_gain=44.1138 25.7978 16.0002 13.5119 9.30051 30.3138 10.7928 9.77437
threshold=1.0000000180025095e-35 1.5000000000000002 8.5000000000000018 25863.355000000003 489.50000000000006 1.0000000180025095e-35 -14461.189999999999 1.0000000180025095e-35
decision_type=2 2 2 2 10 2 2 2
left_child=1 2 3 4 6 -6 -1 -7
right_child=-2 -3 -4 -5 5 7 -8 -9
leaf_value=0.015544659766812378 -0.056782767859132124 0.07218615602759991 -0.024738218766388428 -0.035035699333794648 0.069380612403266456 -0.0052306030413239888 -0.0091530331110738512 0.011026867318648374
leaf_weight=128.88353416055907 75.003965066745877 28.995431322604418 127.88324614998419 51.339121175347827 44.010726584587246 310.95897911395878 439.35055675852345 630.75262796354946
leaf_count=2304 11035 1572 30136 9903 463 56808 18776 32287
internal_value=-0.000415798 0.00198337 0.0008089 0.00284407 0.00409553 0.00850363 -0.00355125 0.00565855
internal_weight=1837.18 1762.17 1733.18 1605.3 1553.96 985.722 568.234 941.712
internal_count=163284 152249 150677 120541 110638 89558 21080 89095
is_linear=0
shrinkage=0.0750466


Tree=52
num_leaves=9
num_cat=0
split_feature=133 12 98 27 57 85 138 138
split_gain=65.1613 18.1259 11.3185 15.5115 11.2385 10.4171 8.314 8.01747
threshold=8.0000000000000018 8.5000000000000018 1.0000000180025095e-35 1.0000000180025095e-35 1.0000000180025095e-35 17067.150000000005 6957.295000000001 97358.630000000019
decision_type=10 2 2 2 2 2 10 10
left_child=1 2 4 -4 6 7 -1 -6
right_child=-2 -3 3 -5 5 -7 -8 -9
leaf_value=-0.0031117414098568693 0.10945044148133781 -0.027327042852816764 0.049173930755118153 -0.0069642430990826676 0.015180981793794292 -0.022658336032568675 -0.021968309177262561 -0.029464318964872564
leaf_weight=937.44751154491678 29.916933160740882 148.60645323386416 59.74993919825647 51.711082892608829 375.02306234627031 53.923652110679541 153.21034413611051 24.110581817047205
leaf_count=28642 244 36675 1389 8265 39815 21176 22093 4985
internal_value=-0.000398327 -0.00222024 3.39182e-05 0.0231293 -0.00163364 0.00830137 -0.00576062 0.0124841
internal_weight=1833.7 1803.78 1655.18 111.461 1543.72 453.057 1090.66 399.134
internal_count=163284 163040 126365 9654 116711 65976 50735 44800
is_linear=0
shrinkage=0.0750466


Tree=53
num_leaves=9
num_cat=0
split_feature=51 50 71 24 153 56 142 131
split_gain=45.4066 42.4408 26.9137 20.4604 14.3191 15.2715 10.8381 9.18784
threshold=1.0000000180025095e-35 1.0000000180025095e-35 1.0000000180025095e-35 1.0000000180025095e-35 5389.9350000000004 5390.7850000000008 154836.00000000003 674.47500000000014
decision_type=2 2 2 2 10 2 10 8
left_child=1 3 -2 6 5 -5 -1 -8
right_child=2 -3 -4 4 -6 -7 7 -9
leaf_value=-0.0027898461929236986 -0.040802469983800056 -0.056211496703064849 0.032828883281369077 0.0397172426003553 -0.014166480744189197 -0.018721932571578486 0.016629888064046295 -0.010619390833419156
leaf_weight=783.73457247996703 206.98395428416552 62.893937162123621 32.324473216198385 204.73821428813972 43.948050727020018 28.717091580852866 381.63009366008919 85.258040617452934
leaf_count=15618 84663 7071 3676 18808 10132 5059 12908 5349
internal_value=-0.000378999 0.00420551 -0.0308567 0.00669229 0.0251309 0.0325287 0.00260237 0.0116539
internal_weight=1830.23 1590.92 239.308 1528.03 277.403 233.455 1250.62 466.888
internal_count=163284 74945 88339 67874 33999 23867 33875 18257
is_linear=0
shrinkage=0.0750466


Tree=54
num_leaves=9
num_cat=0
split_feature=133 51 5 113 112 83 83 58
split_gain=53.9681 38.6592 15.2646 23.265 14.1103 13.4494 13.1366 9.52648
threshold=8.0000000000000018 1.0000000180025095e-35 39.500000000000007 -2054.4999999999995 66394503.095000006 1.0000000180025095e-35 8364.1150000000016 1208.2600000000002
decision_type=10 2 2 10 8 2 2 2
left_child=1 2 3 -1 -3 -5 -7 -8
right_child=-2 4 -4 5 -6 6 7 -9
leaf_value=-0.0075435241666238703 0.098149844779787596 -0.038852884058870232 -0.0026675673589746352 0.016880741941467953 0.011716644276917335 0.094565480677063746 0.0043464627847537643 0.071618731466625146
leaf_weight=181.18716336193029 30.787756363395602 193.69100831163814 1099.9336885147495 209.05042334017344 37.014196524978615 27.989481884636916 30.666921731899492 19.327333642868325
leaf_count=3888 244 80847 57392 5654 7438 1840 2412 3569
internal_value=-0.000370366 -0.00205655 0.00216326 0.0135117 -0.0307395 0.0268026 0.0534 0.0303533
internal_weight=1829.65 1798.86 1568.16 468.221 230.705 287.034 77.9837 49.9943
internal_count=163284 163040 74755 17363 88285 13475 7821 5981
is_linear=0
shrinkage=0.0750466


Tree=55
num_leaves=9
num_cat=0
split_feature=133 56 115 97 138 140 10 96
split_gain=45.0502 23.6719 9.76638 10.0149 12.0606 16.2325 7.1439 10.1301
threshold=8.0000000000000018 4810.0000000000009 2964.0000000000005 41.500000000000007 24328.295000000002 5236.5900000000011 -3005.3049999999998 1.0000000180025095e-35
decision_type=10 2 10 2 8 8 2 2
left_child=1 2 6 -4 5 -5 -1 -8
right_child=-2 -3 3 4 -6 -7 7 -9
leaf_value=-0.024177749288504743 0.088578757585737744 -0.034983095893988299 -0.029425469903206693 -0.0044533495266622768 -0.019961971403964836 0.1069637001750918 -0.0025245868929938743 0.01009976672526453
leaf_weight=55.042905057722237 31.523373080650344 114.19967182946857 116.09958185092546 17.553189245169051 41.687226117937826 12.68760097253835 766.53299322811654 671.64005607285071
leaf_count=9286 244 32553 18521 2821 13299 2733 28176 55651
internal_value=-0.000358432 -0.00191994 0.000325898 -0.0157929 0.00621153 0.042292 0.0023556 0.0033711
internal_weight=1826.97 1795.44 1681.24 188.028 71.928 30.2408 1493.22 1438.17
internal_count=163284 163040 130487 37374 18853 5554 93113 83827
is_linear=0
shrinkage=0.0750466


Tree=56
num_leaves=9
num_cat=0
split_feature=52 113 12 82 16 16 20 16
split_gain=42.8109 7.83071 7.81827 12.9117 13.7112 14.4448 20.8182 10.3138
threshold=65522.015000000007 -2054.4999999999995 8.5000000000000018 1.0000000180025095e-35 -4047.3549999999991 -1.0000000180025095e-35 1.0000000180025095e-35 -354.2999999999999
decision_type=2 8 2 2 2 2 2 2
left_child=1 -1 3 -3 -5 6 -6 -8
right_child=-2 2 -4 4 5 -7 7 -9
leaf_value=-0.018591008953760847 -0.041671004377317147 0.0021142213245535723 -0.015028129239096879 -0.027001721133298032 0.013671974202744713 0.0098458887628280322 0.049566391094771373 0.1148599086541648
leaf_weight=90.752453129447531 131.02648313646205 1205.7987076316494 112.27600678417366 31.267245765950065 55.862914389057551 142.32715709035983 30.567104514164384 24.582768716150895
leaf_count=6221 66939 36939 18286 3358 4472 21332 3288 2449
internal_value=-0.000342928 0.00285476 0.00406913 0.00550778 0.0198853 0.0256721 0.0459626 0.0786706
internal_weight=1824.46 1693.43 1602.68 1490.41 284.607 253.34 111.013 55.1499
internal_count=163284 96345 90124 71838 34899 31541 10209 5737
is_linear=0
shrinkage=0.0750466


Tree=57
num_leaves=9
num_cat=0
split_feature=32 39 107 64 57 115 115 138
split_gain=45.163 13.6782 10.6843 9.81805 8.01378 7.3562 6.49625 5.864
threshold=1.0000000180025095e-35 82168.650000000009 22.500000000000004 11572.960000000001 1.0000000180025095e-35 25799.010000000006 4417.3200000000006 21996.515000000003
decision_type=2 2 2 2 2 8 10 8
left_child=1 3 -2 4 -1 7 -6 -5
right_child=2 -3 -4 5 6 -7 -8 -9
leaf_value=0.0034431532019913121 -0.013427874840338926 -0.029848314837983409 -0.045495821895234372 -0.011369358181263419 0.019468550187042542 0.021348185774173901 -0.0055001596784158028 -0.053374102010197343
leaf_weight=976.19165006006369 107.06087451218627 63.693376718962099 129.04600809706608 48.11367974296445 376.93423509009881 22.029208854481112 69.507415400992613 30.636777388688643
leaf_count=34490 2551 15200 33545 8797 37268 4716 14669 12048
internal_value=-0.00033156 0.00422413 -0.0309549 0.00564869 0.00725221 -0.016987 0.0155811 -0.0277107
internal_weight=1823.21 1587.11 236.107 1523.41 1422.63 100.78 446.442 78.7505
internal_count=163284 127188 36096 111988 86427 25561 51937 20845
is_linear=0
shrinkage=0.0750466


Tree=58
num_leaves=9
num_cat=0
split_feature=33 133 56 33 16 10 112 82
split_gain=84.5399 39.2857 23.5681 13.1795 16.8224 10.9065 7.35973 7.22999
threshold=27559.105000000007 8.0000000000000018 8668.8100000000031 1.0000000180025095e-35 -1870.675 567.17500000000007 529449.63500000013 1.0000000180025095e-35
decision_type=2 10 2 2 2 2 8 2
left_child=1 2 3 5 -5 7 -7 -1
right_child=-2 -3 -4 4 -6 6 -8 -9
leaf_value=-0.0017442161707860433 -0.049670374307945409 0.09266849276401605 -0.044272918433502104 -0.0058055949233108131 0.081316713087719525 0.0038133135056819534 0.032529583231767169 0.011369941566563357
leaf_weight=994.61643743549939 176.54028705746168 28.278670116327703 56.267320133047178 22.358316607773304 28.2580113732256 89.069405943679158 115.37656789383618 310.73505199799547
leaf_count=42233 28835 180 16967 2304 4222 5292 2403 60848
internal_value=-0.000318605 0.00497792 0.00344406 0.00516469 0.0428329 0.00390186 0.020019 0.00137757
internal_weight=1821.5 1644.96 1616.68 1560.41 50.6163 1509.8 204.446 1305.35
internal_count=163284 134449 134269 117302 6526 110776 7695 103081
is_linear=0
shrinkage=0.0750466


Tree=59
num_leaves=9
num_cat=0
split_feature=50 133 56 153 140 113 113 113
split_gain=35.5956 29.4323 16.8659 9.85749 17.7109 7.49186 7.24465 8.00644
threshold=1.0000000180025095e-35 8.0000000000000018 4810.0000000000009 651.0150000000001 1.0000000180025095e-35 -2054.4999999999995 -1263.4999999999998 -624.49999999999989
decision_type=2 10 2 10 10 8 8 8
left_child=1 2 3 4 6 -5 -1 -8
right_child=-2 -3 -4 5 -6 -7 7 -9
leaf_value=-0.0098290480802915112 -0.054011699900965555 0.074010619766695138 -0.02977979934900242 -0.045508043555646381 0.023676737644524937 -0.0044925299608552733 0.022532918007406602 0.0012253751545891151
leaf_weight=247.03689877316356 66.960237511317246 31.173002916388214 98.132534095959272 26.549260781088378 250.68685379566159 453.70442197500961 122.73039195744786 520.67679279384902
leaf_count=9551 11035 236 28888 5753 15546 77940 3243 11092
internal_value=-0.000312243 0.00174165 0.00043149 0.00226 0.0060561 -0.00675994 0.00109536 0.0052898
internal_weight=1817.65 1750.69 1719.52 1621.38 1141.13 480.254 890.444 643.407
internal_count=163284 152249 152013 123125 39432 83693 23886 14335
is_linear=0
shrinkage=0.0750466


Tree=60
num_leaves=9
num_cat=0
split_feature=55 98 27 125 107 72 25 112
split_gain=12.3525 12.2855 15.3557 8.41007 8.27216 7.88032 17.3928 6.86924
threshold=1.5000000000000002 1.0000000180025095e-35 1.0000000180025095e-35 -2639.3199999999993 91.500000000000014 1708.4500000000003 1.0000000180025095e-35 82344.60000000002
decision_type=2 2 2 10 2 2 2 10
left_child=1 5 -3 4 -2 -1 -7 -8
right_child=3 2 -4 -5 -6 6 7 -9
leaf_value=-0.0063701627014276134 -0.0090504045341133384 0.047864545452252522 -0.0061589936648719359 0.029980840794990263 -0.046528566958714983 0.00025181920423479284 0.051207976573124939 0.014879911696496493
leaf_weight=670.69223543279804 68.362117130251136 68.796575274434872 52.052724507520907 16.238394642015919 64.4278878509067 755.72038619976956 53.155333011061884 65.360546191805042
leaf_count=82696 8063 1301 8235 5376 27660 18010 3772 8171
internal_value=-0.000300227 0.00155168 0.0245953 -0.021 -0.0272343 -0.000250871 0.0044437 0.0311733
internal_weight=1814.81 1665.78 120.849 149.028 132.79 1544.93 874.236 118.516
internal_count=163284 122185 9536 41099 35723 112649 29953 11943
is_linear=0
shrinkage=0.0750466


Tree=61
num_leaves=9
num_cat=0
split_feature=33 133 21 8 153 113 153 151
split_gain=75.8472 28.0462 28.9995 17.8716 17.0428 16.6905 19.1541 14.3724
threshold=27559.105000000007 8.0000000000000018 1.0000000180025095e-35 9683.5850000000009 1026.3750000000002 -1962.9999999999998 3853.3050000000007 1.5000000000000002
decision_type=2 10 2 2 10 8 8 10
left_child=1 2 -1 5 -5 -4 7 -7
right_child=-2 -3 3 4 -6 6 -8 -9
leaf_value=0.035795124823018658 -0.048264898677740073 0.078022003298937229 -0.021109487188903868 -0.0012492216293259559 -0.027059967639013055 0.011832837845876201 -0.0092649630201510434 0.040233168099381808
leaf_weight=141.29060592874885 168.33655620232457 28.807432537898421 91.882752715959214 568.56445969542256 192.98324556264561 314.12691030686256 159.43973084294703 147.46979599812767
leaf_count=3035 28835 180 9098 27299 43698 12683 19638 18818
internal_value=-0.000286068 0.00462501 0.00331641 0.000204145 -0.0077899 0.00874347 0.0131602 0.0209061
internal_weight=1812.9 1644.56 1615.76 1474.47 761.548 712.919 621.036 461.597
internal_count=163284 134449 134269 131234 70997 60237 51139 31501
is_linear=0
shrinkage=0.0750466


Tree=62
num_leaves=9
num_cat=0
split_feature=50 99 95 111 74 137 125 55
split_gain=31.8953 26.974 20.3538 16.1877 8.09722 13.1674 7.56349 6.48114
threshold=1.0000000180025095e-35 1.0000000180025095e-35 5.5000000000000009 1.0000000180025095e-35 2126.0350000000003 60464.195000000007 -4536.1249999999991 2.5000000000000004
decision_type=2 2 2 8 2 10 10 2
left_child=1 2 4 -3 7 6 -6 -1
right_child=-2 3 -4 -5 5 -7 -8 -9
leaf_value=-0.0035097581770392535 -0.052562161022045369 0.0094664730105377699 0.05748873480224144 0.076379584640981435 0.0087485270564599069 -0.034341591812285334 0.044477668511298904 -0.033163574891425456
leaf_weight=1213.3333608592511 63.423556125664618 39.719791837851517 33.462161628121976 41.78131728671724 299.25287773722084 37.157327128108591 37.556427862611599 42.980314861983061
leaf_count=100130 11035 4084 2970 635 17096 9501 3515 14318
internal_value=-0.000284309 0.00161551 -0.000449461 0.0437693 -0.00163867 0.00805527 0.0127326 -0.00452426
internal_weight=1808.67 1745.24 1663.74 81.5011 1630.28 373.967 336.809 1256.31
internal_count=163284 152249 147530 4719 144560 30112 20611 114448
is_linear=0
shrinkage=0.0750466


Tree=63
num_leaves=9
num_cat=0
split_feature=33 133 8 7 11 12 33 6
split_gain=68.2283 22.8601 18.8764 36.6383 27.9659 22.8047 15.1311 11.5762
threshold=27559.105000000007 8.0000000000000018 9683.5850000000009 1261.8700000000001 1.0000000180025095e-35 4.5000000000000009 1.0000000180025095e-35 105.50000000000001
decision_type=2 10 2 2 2 2 2 2
left_child=1 2 3 -1 -5 -4 -7 -6
right_child=-2 -3 5 4 7 6 -8 -9
leaf_value=-0.00045202443964156624 -0.046880316192531891 0.070371383813438562 0.033345493621410843 -0.0024476655022345854 0.034437086467451181 -0.011214727477477308 0.041118597827164614 0.072176330905241989
leaf_weight=515.22343362960964 161.11819786019623 28.965893468586728 79.554604148725048 84.961015136155766 116.47453758021584 711.83213347976562 32.537659829307813 75.41561506834114
leaf_count=52874 28835 180 631 630 4093 67883 3884 4274
internal_value=-0.000273409 0.00429156 0.00310712 0.0113795 0.0333981 -0.00484548 -0.00892715 0.0492692
internal_weight=1806.08 1644.96 1616 792.075 276.851 823.924 744.37 191.89
internal_count=163284 134449 134269 61871 8997 72398 71767 8367
is_linear=0
shrinkage=0.0750466


Tree=64
num_leaves=9
num_cat=0
split_feature=33 50 52 21 103 10 153 140
split_gain=61.2541 33.6528 31.9502 13.6549 7.49193 7.74872 6.65016 13.3576
threshold=17595.285000000003 1.0000000180025095e-35 65522.015000000007 1.0000000180025095e-35 1.0000000180025095e-35 -1.0000000180025095e-35 651.0150000000001 1.0000000180025095e-35
decision_type=2 2 2 2 2 2 8 10
left_child=1 2 3 -1 6 -6 7 -5
right_child=-2 -3 -4 4 5 -7 -8 -9
leaf_value=0.031548111693878 -0.042975782958650337 -0.051557000520510481 -0.035362370113188636 0.0024511291144634927 0.0097876746845843143 0.048757147382069703 -0.0010781704721256999 0.025129523371718091
leaf_weight=137.68631576932967 171.19716493156739 58.742935524845961 97.267629531619605 435.61073729873169 76.593313473451417 45.993309070006944 558.25831921724603 220.22083823941648
leaf_count=2028 31239 10327 49277 8249 14631 4445 35314 7774
internal_value=-0.000271848 0.00421227 0.00629676 0.00904513 0.00672718 0.0244086 0.00494188 0.0100663
internal_weight=1801.57 1630.37 1571.63 1474.36 1336.68 122.587 1214.09 655.832
internal_count=163284 132045 121718 72441 70413 19076 51337 16023
is_linear=0
shrinkage=0.0750466


Tree=65
num_leaves=9
num_cat=0
split_feature=71 17 56 38 153 150 12 25
split_gain=17.2754 16.5788 12.1433 11.4457 8.01546 11.2422 10.2738 7.71106
threshold=1.5000000000000002 3.5000000000000004 11582.655000000002 1.0000000180025095e-35 651.0150000000001 3519.0050000000006 8.5000000000000018 803.5100000000001
decision_type=2 2 2 2 8 10 2 2
left_child=1 2 3 4 5 -1 -6 -3
right_child=-2 7 -4 -5 6 -7 -8 -9
leaf_value=0.002068408401416995 0.054436535290764969 0.01802003769162568 -0.044631866149267521 -0.03080489237317921 -0.0032197532428906339 0.031260089513790314 -0.037491118213233095 0.075834541521314039
leaf_weight=677.65399792091921 31.933125059469603 36.261760007822886 37.818632074980997 72.446005770179909 786.49547076818999 83.451076336670667 52.555996193957981 20.247591285267845
leaf_count=23793 1813 1963 13837 17045 73884 7416 18612 4921
internal_value=-0.000269462 -0.00125814 -0.00257946 -0.00162863 -0.000307689 0.00526912 -0.00536642 0.0387353
internal_weight=1798.86 1766.93 1710.42 1672.6 1600.16 761.105 839.051 56.5094
internal_count=163284 161471 154587 140750 123705 31209 92496 6884
is_linear=0
shrinkage=0.0750466


Tree=66
num_leaves=9
num_cat=0
split_feature=8 74 111 95 16 137 25 16
split_gain=19.0834 25.2969 17.3153 15.6947 14.024 12.4764 8.60962 8.39419
threshold=9683.5850000000009 1660.8950000000002 1.0000000180025095e-35 1.5000000000000002 -354.2999999999999 5971.2200000000012 1.0000000180025095e-35 -14461.189999999999
decision_type=2 2 10 2 2 10 2 2
left_child=1 3 5 -1 -3 7 -6 -2
right_child=2 4 -4 -5 6 -7 -8 -9
leaf_value=-0.0033365350847285851 0.01371254211972588 0.014201881136164721 0.039078868126027434 0.039862404364617687 0.036123244669695624 -0.023802831516185185 0.08548719827483002 -0.0083123954803456385
leaf_weight=577.46974662176217 119.51200870034518 132.81797493988415 42.754287249175832 51.598456079547759 59.408117473358288 256.54573193227407 29.920687012083363 528.08907896390883
leaf_count=52410 1495 6600 379 4059 2999 65661 5314 24367
internal_value=-0.000259378 0.00789484 -0.0075896 0.000206799 0.0296656 -0.0097964 0.0526577 -0.00424779
internal_weight=1798.12 851.215 946.901 629.068 222.147 904.147 89.3288 647.601
internal_count=163284 71382 91902 56469 14913 91523 8313 25862
is_linear=0
shrinkage=0.0750466


Tree=67
num_leaves=9
num_cat=0
split_feature=52 32 8 73 10 10 9 83
split_gain=28.431 27.3274 16.0931 20.2775 16.0666 12.2761 16.3748 10.0041
threshold=65522.015000000007 1.5000000000000002 9683.5850000000009 2.5000000000000004 298.7000000000001 -627.07499999999993 1579.095 1.0000000180025095e-35
decision_type=2 2 2 2 2 2 2 2
left_child=1 2 3 -1 -4 -5 7 -7
right_child=-2 -3 4 5 -6 6 -8 -9
leaf_value=-0.00058554839891912015 -0.03655329648776582 -0.035134679930217093 -0.010239289625344332 0.0085533884831157734 0.012202296505282628 -0.00055710229741531023 0.054572761966236484 0.045134836414553944
leaf_weight=359.94459764292696 113.80559435178293 103.58859833242605 538.02690258208895 172.22290102927946 269.75482825585641 78.152091237891 118.84484385437099 41.222304387600161
leaf_count=6956 66939 9863 39606 20476 9206 3870 2257 4111
internal_value=-0.000251658 0.0022049 0.00465581 0.0124159 -0.00274503 0.0238177 0.0348532 0.0152212
internal_weight=1795.56 1681.76 1578.17 770.387 807.782 410.442 238.219 119.374
internal_count=163284 96345 86482 37670 48812 30714 10238 7981
is_linear=0
shrinkage=0.0750466


Tree=68
num_leaves=9
num_cat=0
split_feature=133 22 131 98 22 57 153 57
split_gain=16.9614 13.0501 8.107 8.04442 14.6723 11.7876 9.81037 9.85182
threshold=8.0000000000000018 239470.10500000001 392.95500000000004 1.0000000180025095e-35 1417.5900000000004 5.5000000000000009 3853.3050000000007 1.0000000180025095e-35
decision_type=10 2 10 2 2 2 10 2
left_child=1 2 3 5 -5 6 7 -1
right_child=-2 -3 -4 4 -6 -7 -8 -9
leaf_value=-0.0028332609314477364 0.053249186968009954 -0.032236460766270618 -0.015645212473542561 0.042087915765692673 -0.019430354937046809 0.038369178796845121 -0.023138574423936083 0.012478172898832806
leaf_weight=959.1761997230351 32.768990751588717 73.326170862826984 165.96949170346488 68.11701439571334 32.136065743223298 44.54211654808023 102.96343195956433 314.19853810791392
leaf_count=36276 244 26869 35454 1894 5279 9851 17652 29765
internal_value=-0.00024724 -0.00124303 0.000104027 0.00182241 0.0223683 0.000372758 -0.000856911 0.000944755
internal_weight=1793.2 1760.43 1687.1 1521.13 100.253 1420.88 1376.34 1273.37
internal_count=163284 163040 136171 100717 7173 93544 83693 66041
is_linear=0
shrinkage=0.0750466


Tree=69
num_leaves=9
num_cat=0
split_feature=4 56 39 80 73 10 81 11
split_gain=11.7394 11.718 8.88765 8.38717 10.8046 9.85452 7.89901 10.1308
threshold=1.5000000000000002 11582.655000000002 82168.650000000009 4.5000000000000009 9.5000000000000018 -1918.8199999999999 56108.485000000008 318.30500000000006
decision_type=2 2 2 2 2 2 2 2
left_child=1 2 3 4 6 -5 7 -1
right_child=-2 -3 -4 5 -6 -7 -8 -9
leaf_value=0.0026144704622345868 -0.031854065293915768 -0.039775423869102697 -0.026912911684326964 -0.019128056678914811 -0.016963795122046169 0.039508178637493771 -0.01776733467382707 0.022085246407413613
leaf_weight=1119.378314458183 63.78244011424249 38.93000556260813 58.33245239048847 21.260557353642071 158.25431909918552 67.052640661946498 89.94840364009724 173.87829931237502
leaf_count=28002 2213 15003 14720 7631 34688 13278 21225 26524
internal_value=-0.000236562 0.000931128 0.00186988 0.00290006 0.00161145 0.0253921 0.00373667 0.00523232
internal_weight=1790.82 1727.03 1688.1 1629.77 1541.46 88.3132 1383.21 1293.26
internal_count=163284 161071 146068 131348 110439 20909 75751 54526
is_linear=0
shrinkage=0.0750466


Tree=70
num_leaves=9
num_cat=0
split_feature=32 95 10 127 147 9 9 9
split_gain=21.4666 11.0537 9.46905 7.96796 13.3866 12.8111 8.28703 7.94434
threshold=1.5000000000000002 4.5000000000000009 1023.9800000000001 3655.5000000000005 -21440.649999999998 116.42500000000003 1656.3400000000004 2299.4850000000006
decision_type=2 2 2 10 8 2 2 2
left_child=1 2 3 6 -5 -6 -1 -7
right_child=-2 -3 -4 4 5 7 -8 -9
leaf_value=-0.0033801589370148939 -0.032399614285215809 0.037489165453134729 0.018111035699881154 -0.045994602432417701 0.042291563091642573 -0.023031630555304907 0.0093162489178044271 0.017169441892785121
leaf_weight=783.3650536313362 109.65047792476253 47.681195487966761 161.00156216500909 55.520040172705194 28.550861194322351 107.77728430985007 459.2870917810651 37.254674163152231
leaf_count=71815 18451 3636 8542 19817 1335 9691 27258 2739
internal_value=-0.000227403 0.00187187 0.000831743 -0.00105851 -0.0139187 -0.00365926 0.00131246 -0.0127051
internal_weight=1790.09 1680.44 1632.76 1471.76 229.103 173.583 1242.65 145.032
internal_count=163284 144833 141197 132655 33582 13765 99073 12430
is_linear=0
shrinkage=0.0750466


Tree=71
num_leaves=9
num_cat=0
split_feature=108 82 8 72 27 151 115 151
split_gain=23.4142 24.1182 13.2408 18.5352 12.0188 10.6771 10.057 6.58242
threshold=1.0000000180025095e-35 1.0000000180025095e-35 9683.5850000000009 1624.8900000000001 2.5000000000000004 1.0000000180025095e-35 7065.170000000001 3.5000000000000004
decision_type=2 2 2 2 2 10 10 10
left_child=2 -2 3 6 -4 -5 7 -1
right_child=1 -3 4 5 -6 -7 -8 -9
leaf_value=-0.0053628797218470779 0.001663066297649973 0.14210528011004947 -0.0020318865361853163 0.0078834391337215311 -0.020954378021484688 0.034262382544577245 -0.039749625366017352 0.017626926128114066
leaf_weight=356.29861790192081 14.504349267168438 13.112574642116668 648.01950701524038 217.92974183091428 266.91152829537168 143.20122013048967 40.851154250151012 87.334710436523892
leaf_count=25935 1455 3547 23049 2454 65982 8325 12417 20120
internal_value=-0.000219717 0.0683453 -0.00129527 0.00547446 -0.00755212 0.0183436 -0.00411811 -0.000837052
internal_weight=1788.16 27.6169 1760.55 845.615 914.931 361.131 484.484 443.633
internal_count=163284 5002 158282 69251 89031 10779 58472 46055
is_linear=0
shrinkage=0.0750466


Tree=72
num_leaves=9
num_cat=0
split_feature=50 99 71 141 46 137 97 137
split_gain=24.3392 19.7318 17.7003 15.7576 5.80222 9.90299 6.31948 7.40127
threshold=1.0000000180025095e-35 1.0000000180025095e-35 1.5000000000000002 4.4850000000000012 1.0000000180025095e-35 2950.8750000000005 36.500000000000007 1316.4200000000003
decision_type=2 2 2 8 2 8 2 8
left_child=1 2 4 -3 6 -6 -1 -8
right_child=-2 3 -4 -5 5 -7 7 -9
leaf_value=-0.0025346817097255748 -0.04888626563990351 0.0029843485372932888 0.057995751738417756 0.068834446175578795 0.01528726335982401 -0.034795319393583345 0.036948362955914242 0.0043531549779340876
leaf_weight=1250.9693309541908 56.052945384930354 39.286459014110733 28.69863269594498 42.72267989028478 32.698440946463961 69.493428903457243 47.765798406442627 219.64761632040609
leaf_count=75923 11035 3413 1442 1306 1861 15172 3334 49798
internal_value=-0.000215819 0.00135996 -0.000426587 0.037289 -0.00146118 -0.0187703 -0.000296224 0.0101754
internal_weight=1787.34 1731.28 1649.27 82.0091 1620.57 102.192 1518.38 267.413
internal_count=163284 152249 147530 4719 146088 17033 129055 53132
is_linear=0
shrinkage=0.0750466


Tree=73
num_leaves=9
num_cat=0
split_feature=33 56 33 16 80 18 83 97
split_gain=47.768 11.3856 10.3836 13.3296 13.2374 10.9337 8.76421 9.77456
threshold=27559.105000000007 8668.8100000000031 1.0000000180025095e-35 -471.88999999999993 2.5000000000000004 13442.075000000003 1.0000000180025095e-35 46.500000000000007
decision_type=2 2 2 2 2 2 2 2
left_child=1 2 4 -4 -1 6 -6 -8
right_child=-2 -3 3 -5 5 -7 7 -9
leaf_value=0.00071736078153607035 -0.042225553712995426 -0.033111435649245596 0.0067575189062956727 0.083937589059836087 0.011147636241271243 0.00072387673338497615 0.031115684662612681 0.089895803235585381
leaf_weight=1354.3758678295126 140.40424516060739 46.791752756689675 31.973618816467933 20.80242965510115 44.197665443294682 80.365660977608059 40.520606402889825 26.257773421355523
leaf_count=74493 28835 16981 3475 3055 3018 26319 3750 3358
internal_value=-0.000208368 0.00337727 0.00444538 0.0371791 0.00332774 0.0218048 0.037071 0.0542285
internal_weight=1785.69 1645.29 1598.49 52.776 1545.72 191.342 110.976 66.7784
internal_count=163284 134449 117468 6530 110938 36445 10126 7108
is_linear=0
shrinkage=0.0750466


Tree=74
num_leaves=9
num_cat=0
split_feature=108 32 71 5 5 9 118 123
split_gain=18.5149 15.205 10.793 9.44721 8.07896 12.4047 15.736 12.3579
threshold=1.0000000180025095e-35 1.5000000000000002 1.5000000000000002 45.500000000000007 43.500000000000007 2299.4850000000006 -1.0000000180025095e-35 5.5000000000000009
decision_type=2 2 2 2 2 2 10 10
left_child=1 2 4 -3 5 7 -7 -1
right_child=-2 3 -4 -5 -6 6 -8 -9
leaf_value=0.0061321337610650718 0.058930767560916968 -0.051634871458382386 0.043759250847701957 -0.0058023717233666788 -0.0048465016721498458 0.010313265159574302 0.081362414661937971 -0.027128437047814959
leaf_weight=535.11087613416021 29.326738807314541 52.216270259814337 31.906777310825419 49.190003860276192 936.75032291768002 53.180718175630318 26.208679706440307 71.296591283637099
leaf_count=45883 5002 9947 1595 7829 76860 3214 4219 8735
internal_value=-0.000206714 -0.00119444 0.000534514 -0.0294025 -0.000315484 0.00587357 0.0337686 0.00222162
internal_weight=1785.19 1755.86 1654.45 101.406 1622.55 685.797 79.3894 606.407
internal_count=163284 158282 140506 17776 138911 62051 7433 54618
is_linear=0
shrinkage=0.0750466


Tree=75
num_leaves=9
num_cat=0
split_feature=32 21 10 80 13 107 116 80
split_gain=14.642 9.98383 9.4584 5.83281 5.96823 6.32421 5.03897 6.18665
threshold=1.5000000000000002 1.0000000180025095e-35 -3005.3049999999998 4.5000000000000009 1.5000000000000002 91.500000000000014 1077.6100000000004 1.0000000180025095e-35
decision_type=2 2 2 2 2 2 10 2
left_child=1 -1 -3 4 5 6 -4 -8
right_child=-2 2 3 -5 -6 -7 7 -9
leaf_value=0.019266276282411982 -0.028053346538199641 -0.02399380143547589 0.003956167763810285 0.020843749676184065 -0.031957430875798998 -0.015602187945951859 -0.029578810199873049 0.0045980917288459076
leaf_weight=160.40876858090633 100.32834475702839 90.162194512173301 1080.7191878232406 79.331882543017855 32.314955767244101 121.87490182189504 58.982470631483011 60.35287492570933
leaf_count=3963 18451 23962 42245 18030 697 46264 3453 6219
internal_value=-0.00020155 0.00145764 -0.000417129 0.00106568 -9.29189e-05 0.000686018 0.00234021 -0.0122941
internal_weight=1784.48 1684.15 1523.74 1433.58 1354.24 1321.93 1200.05 119.335
internal_count=163284 144833 140870 116908 98878 98181 51917 9672
is_linear=0
shrinkage=0.0750466


Tree=76
num_leaves=9
num_cat=0
split_feature=133 32 21 39 21 4 4 104
split_gain=13.1065 13.3867 10.7871 7.79893 4.774 4.1878 5.40836 5.32508
threshold=8.0000000000000018 1.5000000000000002 1.0000000180025095e-35 313319.83000000002 1.0000000180025095e-35 1.5000000000000002 1.0000000180025095e-35 21172.650000000005
decision_type=10 2 2 2 2 2 2 2
left_child=1 2 -1 5 -3 6 7 -4
right_child=-2 4 3 -5 -6 -7 -8 -9
leaf_value=0.019378063534706901 0.046796892091397903 -0.0018588908248878785 4.2056500334315501e-05 -0.035692678499586183 -0.038809913135367517 -0.025159564235382317 0.016643962914998305 -0.019270715192753276
leaf_weight=154.70663767290534 32.814773360034451 27.57303539669374 1234.8784377055708 36.517540241737152 68.896220362803433 38.025727702537552 102.93972767304513 86.008197493676562
leaf_count=3902 244 1829 95854 10647 16596 684 2227 31301
internal_value=-0.000192928 -0.00107428 0.000511541 -0.00143643 -0.0282485 -0.000580695 7.57257e-05 -0.00121548
internal_weight=1782.36 1749.55 1653.08 1498.37 96.4693 1461.85 1423.83 1320.89
internal_count=163284 163040 144615 140713 18425 130066 129382 127155
is_linear=0
shrinkage=0.0750466


Tree=77
num_leaves=9
num_cat=0
split_feature=111 22 94 5 73 142 57 9
split_gain=10.2908 9.82979 8.07552 7.21659 5.73921 10.4594 8.10188 6.92199
threshold=1.0000000180025095e-35 239470.10500000001 1.0000000180025095e-35 61.500000000000007 9.5000000000000018 154836.00000000003 2.5000000000000004 2299.4850000000006
decision_type=10 2 2 2 2 10 2 2
left_child=1 2 4 -4 6 -6 -1 -7
right_child=-2 -3 3 -5 5 7 -8 -9
leaf_value=-0.0019358306238789085 0.029798246997373257 -0.029081342407146969 0.023687722290970707 -0.018683749728790257 -0.03514051100053437 -0.018744284891080452 0.01926791652304586 0.023601010033839895
leaf_weight=1218.1371874726028 62.21949863556074 68.7127349168004 127.74080633802805 27.514614830201026 77.233281069755321 42.721822052932112 110.71396925963927 44.270241792866727
leaf_count=63236 565 26862 11740 2021 14985 15255 18106 10514
internal_value=-0.00018394 -0.00127039 -0.000111053 0.0161786 -0.00180491 -0.0150402 -0.000169229 0.00280523
internal_weight=1779.26 1717.04 1648.33 155.255 1493.08 164.225 1328.85 86.9921
internal_count=163284 162719 135857 13761 122096 40754 81342 25769
is_linear=0
shrinkage=0.0750466


Tree=78
num_leaves=9
num_cat=0
split_feature=17 32 8 9 115 95 8 18
split_gain=12.4694 14.23 11.5229 14.0948 12.8533 12.358 11.7467 10.0635
threshold=3.5000000000000004 1.5000000000000002 9683.5850000000009 1656.3400000000004 8179.2300000000005 1.5000000000000002 -8804.7999999999975 1949.6600000000001
decision_type=2 2 2 2 10 2 2 2
left_child=1 2 3 4 5 6 -1 -2
right_child=7 -3 -4 -5 -6 -7 -8 -9
leaf_value=0.038928672273862978 -0.0035119715424440077 -0.03030324962408161 -0.006156900360961364 0.022370283900033774 -0.045170936824453764 0.040037006440240157 -0.0036589598667956082 0.055758164886867606
leaf_weight=39.564097537513589 27.216830690100323 90.952984566887608 806.04972869006451 227.23796723483247 32.963934651808813 46.630236382130533 467.34760783647653 39.621028202294838
leaf_count=6367 744 17727 74380 13327 8215 2642 33048 6834
internal_value=-0.000176563 -0.00141895 0.00020293 0.00650263 0.000354804 0.0030659 -0.000335026 0.031623
internal_weight=1777.58 1710.75 1619.79 813.744 586.506 553.542 506.912 66.8379
internal_count=163284 155706 137979 63599 50272 42057 39415 7578
is_linear=0
shrinkage=0.0750466


Tree=79
num_leaves=9
num_cat=0
split_feature=17 107 16 55 20 104 25 16
split_gain=10.3299 8.21912 8.77113 8.11396 6.0207 5.84271 7.36728 8.48794
threshold=3.5000000000000004 22.500000000000004 -1.0000000180025095e-35 1.5000000000000002 109749.33500000001 39921.000000000007 1.0000000180025095e-35 -176.96999999999997
decision_type=2 2 2 2 2 2 2 2
left_child=3 -2 -3 4 5 6 -1 -8
right_child=1 2 -4 -5 -6 -7 7 -9
leaf_value=-0.00074234026392115703 -0.006878072965096428 0.077266622630658741 0.010355153456484634 -0.019568862761306618 -0.026459122918320942 -0.025092817465562856 -0.0028560420357705454 0.023914161110022057
leaf_weight=1212.7696173146251 24.221344543155283 24.73181111633312 19.920809815754183 127.04551471717423 46.50352401760756 47.031695979792858 113.62848749867408 161.53290140445461
leaf_count=34999 384 2883 4311 38918 11630 15765 20738 33656
internal_value=-0.000173287 0.0283217 0.0474155 -0.00132199 0.000143859 0.000949828 0.001773 0.0128593
internal_weight=1777.39 68.874 44.6526 1708.51 1581.47 1534.96 1487.93 275.161
internal_count=163284 7578 7194 155706 116788 105158 89393 54394
is_linear=0
shrinkage=0.0750466


Tree=80
num_leaves=9
num_cat=0
split_feature=8 7 113 148 22 25 127 113
split_gain=8.82266 22.9481 20.5183 11.0748 10.2944 8.3679 7.60465 7.35777
threshold=9683.5850000000009 1261.8700000000001 -1079.9999999999998 1.0000000180025095e-35 -22789.309999999994 29094.785000000003 2292.5000000000005 -2054.4999999999995
decision_type=2 2 10 8 2 2 10 8
left_child=1 5 3 -3 -2 7 -6 -1
right_child=4 2 -4 -5 6 -7 -8 -9
leaf_value=-0.030283424292228196 0.016691756180486569 0.03140457170546037 0.051573887435714103 -0.0036787974125473341 -0.0030328161104078849 -0.047287455305888397 -0.018489010026220963 0.00083293920071612188
leaf_weight=46.905700327450177 105.57673949640593 79.932379341771593 91.023716654308373 138.44650033343351 532.61492408803315 23.888701662333915 270.24911379010882 488.79786838110886
leaf_count=4732 3257 4462 4472 1748 43441 11603 45204 44365
internal_value=-0.000167258 0.00523871 0.0216397 0.00916263 -0.00533849 -0.00382951 -0.00823547 -0.00189158
internal_weight=1777.44 868.995 309.403 218.379 908.441 559.592 802.864 535.704
internal_count=163284 71382 10682 6210 91902 60700 88645 49097
is_linear=0
shrinkage=0.0750466


Tree=81
num_leaves=9
num_cat=0
split_feature=108 82 27 25 7 127 94 0
split_gain=14.8539 16.0927 7.41724 7.06678 5.81501 5.5748 6.50563 12.8155
threshold=1.0000000180025095e-35 1.0000000180025095e-35 35.500000000000007 35114.595000000008 1065.7050000000002 145.50000000000003 1.0000000180025095e-35 26921913.500000004
decision_type=2 2 2 2 2 8 2 2
left_child=2 -2 3 5 -5 -1 -7 -8
right_child=1 -3 -4 4 -6 6 7 -9
leaf_value=-0.025837551464368003 -0.0035850184183418162 0.10541788221562361 -0.041999220214354996 -0.057753570175968216 -0.0079551693383589604 -0.00041342377435744292 -0.024464993580308746 0.027651452074454616
leaf_weight=44.396671123395208 15.029006403230598 15.490259082114788 24.586998788290657 21.125540249369806 35.229513967846287 1467.6523376185214 34.316227347706445 117.77219932797016
leaf_count=4067 1455 3547 10150 11240 16534 105657 2840 7794
internal_value=-0.000163738 0.0517401 -0.00107147 -0.000486587 -0.0266228 0.000398502 0.00111763 0.0158922
internal_weight=1775.6 30.5193 1745.08 1720.49 56.3551 1664.14 1619.74 152.088
internal_count=163284 5002 158282 148132 27774 120358 116291 10634
is_linear=0
shrinkage=0.0750466


Tree=82
num_leaves=9
num_cat=0
split_feature=56 39 12 153 150 115 112 112
split_gain=7.98392 6.20592 5.06811 4.8939 10.4638 19.5087 8.76307 6.76121
threshold=11582.655000000002 313319.83000000002 6.5000000000000009 651.0150000000001 3519.0050000000006 436.10500000000008 164689.20000000004 228031.20000000004
decision_type=2 2 2 10 10 8 10 10
left_child=1 3 -2 4 -1 -6 -5 -8
right_child=2 -3 -4 6 5 -7 7 -9
leaf_value=0.0017442114173198125 0.0080098656218205166 -0.031019126565928479 -0.05433458229983746 -0.013385593319742182 0.050553729586275874 -0.02262728131440412 0.024915541463342357 -0.0031445517027711496
leaf_weight=1102.4025164799241 10.486038889794143 34.367971726314863 24.505480988853378 294.11437041818863 65.551606544409879 29.862206816469552 74.050901315524243 139.4115502005443
leaf_count=33993 2199 9581 12834 45073 4961 3590 15970 35083
internal_value=-0.000159364 0.000554486 -0.0356516 0.00119077 0.00380776 0.0276499 -0.00498499 0.0065896
internal_weight=1774.75 1739.76 34.9915 1705.39 1197.82 95.4138 507.577 213.462
internal_count=163284 148251 15033 138670 42544 8551 96126 51053
is_linear=0
shrinkage=0.0750466


Tree=83
num_leaves=9
num_cat=0
split_feature=33 51 17 17 103 21 123 0
split_gain=35.3797 15.2111 24.1986 9.31395 9.1123 8.49558 7.35036 7.09325
threshold=27559.105000000007 1.0000000180025095e-35 3.5000000000000004 2.5000000000000004 1.0000000180025095e-35 1.0000000180025095e-35 1.0000000180025095e-35 44238857.000000007
decision_type=2 2 2 2 2 2 10 2
left_child=1 4 6 -2 5 -1 -3 -6
right_child=3 2 -4 -5 7 -7 -8 -9
leaf_value=0.021221492352074472 -0.044521085281565446 0.012427466879134756 0.083657707928093919 0.029007346280610014 0.039952713325896817 0.0015397017282197242 -0.032735597165438723 0.0016404147106380252
leaf_weight=137.41168709349586 116.07869730138918 23.834907134878449 12.18778954684967 10.587488608027341 71.97555356065277 1221.4909883828368 136.68011008345638 43.765624867519364
leaf_count=1584 26800 3963 2942 2035 10443 47809 63763 3945
internal_value=-0.000155075 0.00278371 -0.0182886 -0.0383752 0.00525159 0.00352992 -0.0260293 0.0254655
internal_weight=1774.01 1647.35 172.703 126.666 1474.64 1358.9 160.515 115.741
internal_count=163284 134449 70668 28835 63781 49393 67726 14388
is_linear=0
shrinkage=0.0750466


Tree=84
num_leaves=9
num_cat=0
split_feature=50 39 11 12 127 72 127 5
split_gain=21.5596 6.19291 7.21242 15.0169 10.0244 6.07498 4.9275 6.34687
threshold=1.0000000180025095e-35 25863.355000000003 18.395000000000003 4.5000000000000009 610.50000000000011 2333.3600000000006 145.50000000000003 39.500000000000007
decision_type=2 2 2 2 10 2 8 2
left_child=1 2 4 -4 -1 -3 -5 -8
right_child=-2 5 3 6 -6 -7 7 -9
leaf_value=-0.011666078748818247 -0.047265372109484297 -0.031404308957403988 0.041145000016621268 -0.027706590517357781 0.007570154661465666 0.033962621929179496 0.014157711063521573 0.00059139897496629989
leaf_weight=386.4379937943304 53.074251744168578 54.022859228105517 64.513439740170725 27.274376012937864 252.11193169880426 9.4007796983350982 277.37403255482786 647.87097814297886
leaf_count=6095 11035 15707 1384 4035 6009 1343 40076 77600
internal_value=-0.000156134 0.00129836 0.00218 0.00610487 -0.00407124 -0.0217155 0.00373163 0.00465837
internal_weight=1772.08 1719.01 1655.58 1017.03 638.55 63.4236 952.519 925.245
internal_count=163284 152249 135199 123095 12104 17050 121711 117676
is_linear=0
shrinkage=0.0750466


Tree=85
num_leaves=9
num_cat=0
split_feature=33 52 33 24 125 149 135 16
split_gain=31.571 18.3853 12.5278 16.5032 8.32948 6.76986 5.82074 5.55144
threshold=27559.105000000007 65522.015000000007 1.0000000180025095e-35 1.0000000180025095e-35 -4536.1249999999991 352.50000000000006 -805.49999999999989 -14461.189999999999
decision_type=2 2 2 2 8 8 10 2
left_child=1 2 3 7 -5 -6 -7 -1
right_child=-2 -3 -4 4 5 6 -8 -9
leaf_value=0.012139080067628665 -0.036933760298227723 -0.030907790330414492 0.041346301330042967 -0.011344646851773247 -0.014534969707801375 0.032995091053128388 0.0040352410358827813 -0.0028109781215059663
leaf_weight=161.74034124868922 122.34569689507771 87.451372291718144 50.170229891489726 45.0425741795043 23.983434303721879 196.6696147416078 48.784256223763805 1035.400149495661
leaf_count=1795 28835 53134 4042 10821 2675 22887 7417 31678
internal_value=-0.000151261 0.00257737 0.00445235 0.00322785 0.0185271 0.0235208 0.0272393 -0.000791142
internal_weight=1771.59 1649.24 1561.79 1511.62 314.48 269.437 245.454 1197.14
internal_count=163284 134449 81315 77273 43800 32979 30304 33473
is_linear=0
shrinkage=0.0750466


Tree=86
num_leaves=9
num_cat=0
split_feature=52 99 105 105 115 85 153 81
split_gain=16.2067 10.8338 8.38422 13.4667 5.80915 5.59664 5.38638 5.26807
threshold=65522.015000000007 1.0000000180025095e-35 1.0000000180025095e-35 1.5000000000000002 18982.210000000003 20560.050000000003 9905.9850000000024 133292.36000000002
decision_type=2 2 2 2 8 2 8 2
left_child=1 2 7 -4 -2 -6 -7 -1
right_child=4 -3 3 -5 5 6 -8 -9
leaf_value=-0.0001328381646938828 -0.040448576822831601 0.028059481766513437 0.063472654168223133 -0.0038748307175019252 -0.033488263813980554 -0.017895414576272906 0.084205612895717499 -0.02488110771112273
leaf_weight=1472.9107140616106 73.196863187273266 82.714299502113136 30.0831931362045 37.648429946304532 12.229509859025713 5.224957971251567 6.5681716689432514 50.089545627532061
leaf_count=68794 53640 3630 4790 7065 6687 3787 2825 12066
internal_value=-0.000151425 0.00157911 0.000202194 0.0260377 -0.0299393 0.00208258 0.0389696 -0.000946777
internal_weight=1770.67 1673.45 1590.73 67.7316 97.2195 24.0226 11.7931 1523
internal_count=163284 96345 92715 11855 66939 13299 6612 80860
is_linear=0
shrinkage=0.0750466


Tree=87
num_leaves=9
num_cat=0
split_feature=33 50 33 151 52 24 22 74
split_gain=28.4576 22.1333 15.5171 17.1291 11.2015 13.0394 9.89062 7.87086
threshold=17595.285000000003 1.0000000180025095e-35 1.0000000180025095e-35 14.500000000000002 65522.015000000007 1.0000000180025095e-35 239470.10500000001 2806.0050000000006
decision_type=2 2 2 8 2 2 2 2
left_child=1 2 4 -4 5 -1 7 -7
right_child=-2 -3 3 -5 -6 6 -8 -9
leaf_value=0.00073112134052182379 -0.033358735971317277 -0.046635651627839177 -0.00031226256205448835 0.098410919186594378 -0.025152358729180178 0.017666003225416307 -0.029549315189155684 0.058980368045489548
leaf_weight=1158.6975022266852 134.28210237977328 49.894024625507882 19.231559334963094 20.395611897780327 76.009137386601651 259.23927347944118 22.792975125339581 28.861977924767416
leaf_count=30160 31239 10327 3519 1178 47175 28116 6547 5023
internal_value=-0.0001477 0.00257971 0.00412873 0.0504993 0.00293985 0.00439281 0.0180399 0.0218049
internal_weight=1769.4 1635.12 1585.23 39.6272 1545.6 1469.59 310.894 288.101
internal_count=163284 132045 121718 4697 117021 69846 39686 33139
is_linear=0
shrinkage=0.0750466


Tree=88
num_leaves=9
num_cat=0
split_feature=52 17 99 24 52 112 74 142
split_gain=12.8054 9.5245 9.24803 8.88393 8.23489 6.23201 5.64235 5.53708
threshold=65522.015000000007 2.5000000000000004 1.0000000180025095e-35 1.0000000180025095e-35 1.0000000180025095e-35 933800.96000000008 62.105000000000011 154836.00000000003
decision_type=2 2 2 2 2 8 2 10
left_child=2 6 3 7 -5 -6 -2 -1
right_child=1 -3 -4 4 5 -7 -8 -9
leaf_value=-0.0069066300415726251 0.016096255256031439 0.048640845364817262 0.025637936895935555 0.015362728116829788 -0.031560292348938562 0.043106997695465797 -0.042478924304940692 0.0032934151429338553
leaf_weight=754.97984818398254 10.606145483703584 8.4292113338015024 83.851723871426657 295.82268727800692 37.575627447018633 7.5625237913336596 73.069001892596134 497.08299533117679
leaf_count=17812 2544 3369 3630 36961 13497 1864 61026 22581
internal_value=-0.000150316 -0.0273947 0.00134611 6.74677e-05 0.0108069 -0.0190504 -0.0350543 -0.0028571
internal_weight=1768.98 92.1044 1676.88 1593.02 340.961 45.1382 83.6751 1252.06
internal_count=163284 66939 96345 92715 52322 15361 63570 40393
is_linear=0
shrinkage=0.0750466


Tree=89
num_leaves=9
num_cat=0
split_feature=52 7 137 112 105 16 105 73
split_gain=11.2896 8.31187 16.1665 13.2666 6.35135 8.89485 11.4402 5.84757
threshold=65522.015000000007 3616.7500000000005 25456.255000000001 190026.00000000003 1.0000000180025095e-35 -176.96999999999997 1.5000000000000002 8.5000000000000018
decision_type=2 2 8 10 2 2 2 2
left_child=4 -2 -3 -4 7 -6 -7 -1
right_child=1 2 3 -5 5 6 -8 -9
leaf_value=0.001865627400527621 -0.035431716547564378 -0.052414199710567017 0.21952524414580779 0.00079414444037834337 -0.0033995853587057115 0.095418282372227006 0.011318235392389587 -0.012460522052157206
leaf_weight=1425.0206260035338 76.827353956483421 6.5731053089257312 3.3016508505970705 2.9634588704648195 36.577437175496016 16.446143069915706 20.421239817747846 180.82609519624384
leaf_count=55288 55400 5548 2035 3956 5186 2841 4211 28819
internal_value=-0.000145896 -0.0260914 0.0298036 0.116063 0.00123946 0.0228205 0.0488344 0.000252434
internal_weight=1768.96 89.6656 12.8382 6.26511 1679.29 73.4448 36.8674 1605.85
internal_count=163284 66939 11539 5991 96345 12238 7052 84107
is_linear=0
shrinkage=0.0750466


Tree=90
num_leaves=9
num_cat=0
split_feature=52 153 107 6 16 107 55 153
split_gain=10.1507 10.5694 8.43084 7.57521 5.1303 9.28089 10.2584 10.2796
threshold=16685.650000000005 9905.9850000000024 59.500000000000007 54.500000000000007 -471.88999999999993 45.500000000000007 1.0000000180025095e-35 5389.9350000000004
decision_type=2 8 2 2 2 2 2 10
left_child=4 2 -2 -3 -1 -6 7 -7
right_child=1 3 -4 -5 5 6 -8 -9
leaf_value=-0.0023065581917348361 -0.00099847273727871858 0.093357360085309218 -0.042514731358146117 0.00097034599232398466 0.00031542970191918233 0.040683025911416551 0.00024739113066067181 -0.013264225345651404
leaf_weight=876.49980906466953 41.944460395956412 6.6189386738406055 80.26500593975652 20.416167524657794 499.28315563255455 115.96815978205996 103.25216853342135 24.011796151753515
leaf_count=26404 8996 1804 63393 10262 14670 12136 20772 4847
internal_value=-0.000144671 -0.0188723 -0.0282656 0.0235892 0.00158169 0.00617155 0.0181924 0.0314291
internal_weight=1768.26 149.245 122.209 27.0351 1619.02 742.515 243.232 139.98
internal_count=163284 84455 72389 12066 78829 52425 37755 16983
is_linear=0
shrinkage=0.0750466


Tree=91
num_leaves=9
num_cat=0
split_feature=133 56 39 135 109 22 9 81
split_gain=9.29888 8.70224 5.59481 3.8601 4.77189 6.61459 6.41202 6.30243
threshold=8.0000000000000018 11582.655000000002 313319.83000000002 -348.99999999999994 1.0000000180025095e-35 -22789.309999999994 2120.0400000000004 48679.555000000008
decision_type=10 2 2 10 2 2 2 2
left_child=1 2 3 4 5 -1 -6 -8
right_child=-2 -3 -4 -5 6 -7 7 -9
leaf_value=0.016340238407904471 0.039503110984532248 -0.039340043572656691 -0.030917695065497398 -0.014676675076397014 0.0018994119734589525 -0.0045928408295849753 0.027148853100422726 -0.0064883938736366399
leaf_weight=95.253230642032577 32.704411379061639 32.528207335155457 32.657383595782449 89.936109143920476 526.99126066964527 791.00135380585562 125.71193598987884 41.802812668232946
leaf_count=1460 244 15019 9579 8956 74148 35080 9178 9620
internal_value=-0.000142032 -0.000888956 -0.000154672 0.000446658 0.00130709 -0.00234299 0.00596492 0.0187548
internal_weight=1768.59 1735.88 1703.35 1670.7 1580.76 886.255 694.506 167.515
internal_count=163284 163040 148021 138442 129486 36540 92946 18798
is_linear=0
shrinkage=0.0750466


Tree=92
num_leaves=9
num_cat=0
split_feature=50 108 153 99 71 8 12 71
split_gain=17.3143 13.0121 19.8927 13.2324 11.1333 5.33312 11.0598 8.93849
threshold=1.0000000180025095e-35 1.0000000180025095e-35 2293.2150000000006 1.5000000000000002 1.5000000000000002 9683.5850000000009 4.5000000000000009 1.0000000180025095e-35
decision_type=2 2 8 2 2 2 2 2
left_child=1 3 -3 4 5 7 -7 -1
right_child=-2 2 -4 -5 -6 6 -8 -9
leaf_value=-0.0057963770578466712 -0.04419960683313838 0.11022664715599371 -0.010719757721135561 0.039524859428479421 0.043410601349980392 0.019712255654033554 -0.0091357916564961169 0.0099764923083610017
leaf_weight=383.27751896878181 48.834918376422138 15.276018329168439 15.360097064491127 46.93789268747787 31.342991341720335 83.617483659647405 713.63645956575056 428.66125372535316
leaf_count=52373 11035 1122 3428 1605 1448 974 77248 14051
internal_value=-0.000135779 0.00111667 0.0495875 0.000236686 -0.0008874 -0.00175021 -0.00611015 0.00253087
internal_weight=1766.94 1718.11 30.6361 1687.47 1640.54 1609.19 797.254 811.939
internal_count=163284 152249 4550 147699 146094 144646 78222 66424
is_linear=0
shrinkage=0.0750466


Tree=93
num_leaves=9
num_cat=0
split_feature=50 99 52 17 148 120 0 20
split_gain=15.4329 10.3117 11.415 19.3796 11.0794 8.81523 8.23864 9.1484
threshold=1.0000000180025095e-35 1.0000000180025095e-35 16685.650000000005 3.5000000000000004 18.98 182988.00000000003 15842220.000000002 1.0000000180025095e-35
decision_type=2 2 2 2 8 10 2 2
left_child=1 2 5 -4 -3 -1 -7 -8
right_child=-2 4 3 -5 -6 6 7 -9
leaf_value=-0.0023781624728522101 -0.04257753348890557 0.00037925719283321362 -0.029307983190506117 0.074812654033628773 0.054633538766667364 -0.020078960065955481 0.0050491285492037883 0.027728614826088037
leaf_weight=1012.18814852176 46.964177351735998 43.987980593024986 126.33428863782319 10.939528331102336 40.917603899724782 46.515153299318627 280.60492096704547 155.78170511353528
leaf_count=36463 11035 3892 76157 2828 827 4313 12490 15279
internal_value=-0.000133969 0.00102678 -0.000299499 -0.0210105 0.0265254 0.00160211 0.00994497 0.0131453
internal_weight=1764.23 1717.27 1632.36 137.274 84.9056 1495.09 482.902 436.387
internal_count=163284 152249 147530 78985 4719 68545 32082 27769
is_linear=0
shrinkage=0.0750466


Tree=94
num_leaves=9
num_cat=0
split_feature=111 32 32 21 51 148 127 83
split_gain=6.53955 6.77902 7.12631 6.2872 6.73287 11.3851 12.1136 8.33145
threshold=1.0000000180025095e-35 2.5000000000000004 10.500000000000002 1.0000000180025095e-35 1.0000000180025095e-35 3.52 4553.5000000000009 1.0000000180025095e-35
decision_type=10 2 2 2 2 8 8 2
left_child=1 3 -3 -1 7 -6 -7 -5
right_child=-2 2 -4 4 5 6 -8 -9
leaf_value=0.014170210220455153 0.023904837389663501 -0.042540937475059243 0.010501801557701109 -0.0029876100661325815 -0.030683001217935924 -0.010968577986535881 0.070774865027104034 0.011467898398476025
leaf_weight=157.922032440576 61.51775603776332 42.912078063280205 21.368527699058177 1040.7771755143185 103.14818263164489 34.438586952295736 14.512752982496748 286.3274121300783
leaf_count=4250 565 9435 2398 33495 66669 10109 2579 33784
internal_value=-0.000132799 -0.00100193 -0.0249082 -6.32659e-05 -0.00158285 -0.0165385 0.0132661 0.000131216
internal_weight=1762.92 1701.41 64.2806 1637.13 1479.2 152.1 48.9513 1327.1
internal_count=163284 162719 11833 150886 146636 79357 12688 67279
is_linear=0
shrinkage=0.0750466


Tree=95
num_leaves=9
num_cat=0
split_feature=33 133 32 27 32 99 52 82
split_gain=23.9814 7.94544 8.49974 15.3155 7.87799 7.34086 6.40278 7.8717
threshold=27559.105000000007 8.0000000000000018 1.0000000180025095e-35 3.5000000000000004 10.500000000000002 1.5000000000000002 73897.235000000015 1.0000000180025095e-35
decision_type=2 10 2 2 2 2 2 2
left_child=1 2 5 -4 -2 6 7 -1
right_child=4 -3 3 -5 -6 -7 -8 -9
leaf_value=-0.0023377451504233049 -0.043118574215497932 0.041239357045200882 0.056555945140993893 -0.028328152413280815 0.0076377950874847158 0.032029771878831388 -0.024890205382921891 0.010977506742325099
leaf_weight=1145.3711500868667 91.713205097985337 28.793391922255978 38.575058841961436 17.358162839344004 21.204370345905772 40.359635228087427 57.828874933067709 319.88932448677951
leaf_count=38333 26448 180 1592 5664 2387 1478 45269 41933
internal_value=-0.000129411 0.00216281 0.00146801 0.0302132 -0.0335872 0.00043963 -0.000397463 0.000569183
internal_weight=1761.09 1648.18 1619.38 55.9332 112.918 1563.45 1523.09 1465.26
internal_count=163284 134449 134269 7256 28835 127013 125535 80266
is_linear=0
shrinkage=0.0750466


Tree=96
num_leaves=9
num_cat=0
split_feature=22 97 134 147 16 64 57 27
split_gain=5.39935 6.75571 10.765 5.96544 4.37282 4.36113 4.97013 10.5332
threshold=305328.60000000003 147.50000000000003 93605.400000000009 -15710.014999999998 -609.50499999999988 13076.395000000002 1.0000000180025095e-35 1.5000000000000002
decision_type=2 2 10 8 2 2 2 2
left_child=1 5 -3 -2 -4 6 7 -1
right_child=3 2 4 -5 -6 -7 -8 -9
leaf_value=0.0012230129716948493 -0.058751393278157919 0.10635143643019235 -0.038035338274361154 -0.0049370532544654273 0.028507242051606534 -0.017120897914135895 0.0070053134690891295 -0.018523633052726026
leaf_weight=915.65665058270679 18.154983990549226 8.5337864346802217 7.7174211805686346 32.138191972364439 19.9134073182795 80.766310859762598 494.10964846787101 182.45062886377855
leaf_count=22992 13633 1957 2799 7867 6630 22261 63644 21501
internal_value=-0.000127747 0.0005854 0.0326762 -0.0243631 0.00992158 -0.000108302 0.000754674 -0.00205789
internal_weight=1759.44 1709.15 36.1646 50.2932 27.6308 1672.98 1592.22 1098.11
internal_count=163284 141784 11386 21500 9429 130398 108137 44493
is_linear=0
shrinkage=0.0750466


Tree=97
num_leaves=9
num_cat=0
split_feature=95 10 17 18 28 26 116 135
split_gain=7.06354 5.912 4.94737 7.38867 5.21972 4.8909 4.17212 6.16854
threshold=5.5000000000000009 -3005.3049999999998 3.5000000000000004 1949.6600000000001 1395.8750000000002 1.0000000180025095e-35 1077.6100000000004 -440.49999999999994
decision_type=2 2 2 2 2 2 10 8
left_child=1 5 6 -4 -5 -1 -3 -8
right_child=-2 2 3 4 -6 -7 7 -9
leaf_value=0.032532430820154973 0.030343983461745157 0.00073965071785029961 -0.010506281536154773 0.071787645574571263 0.016621869750419609 -0.024870286330693502 -0.0049319734418122969 -0.041315497628532302
leaf_weight=9.2776729440083709 41.834699536673725 1379.8796587247634 26.079192445380613 17.339490538579412 21.810358284477843 84.478005760509404 146.22680077094992 31.984781886960263
leaf_count=257 3369 90485 637 892 4485 25769 33313 4077
internal_value=-0.000124205 -0.00086653 0.000191749 0.0204402 0.0410548 -0.01919 -0.000655947 -0.011462
internal_weight=1758.91 1717.08 1623.32 65.229 39.1498 93.7557 1558.09 178.212
internal_count=163284 159915 133889 6014 5377 26026 127875 37390
is_linear=0
shrinkage=0.0750466


Tree=98
num_leaves=9
num_cat=0
split_feature=8 113 52 140 71 18 10 22
split_gain=6.633 9.98366 11.1941 12.5078 8.58036 8.47586 8.12556 9.28799
threshold=9683.5850000000009 -2054.4999999999995 1.0000000180025095e-35 1376.0350000000003 1.0000000180025095e-35 952.04500000000019 -1.0000000180025095e-35 -9370.4499999999989
decision_type=2 8 2 10 2 2 2 2
left_child=1 -1 3 -3 -4 -5 7 -2
right_child=6 2 4 5 -6 -7 -8 -9
leaf_value=-0.025272194009558442 0.034907883528471108 0.0030982061616043549 -0.027569371360338636 0.042272022490936617 0.03805738092644919 0.01269159538343034 0.00044562894883368599 -0.018229413281971384
leaf_weight=58.94627498324553 19.836191795766354 490.26888592270552 77.760021904890891 90.101171945716487 13.112360105966216 138.28572236161563 589.5222256998095 280.50873731535103
leaf_count=6795 1731 8477 37910 3377 1141 13682 33269 56902
internal_value=-0.000119463 0.00454625 0.0067175 0.00985559 -0.0180998 0.0243614 -0.00467301 -0.01472
internal_weight=1758.34 868.474 809.528 718.656 90.8724 228.387 889.867 300.345
internal_count=163284 71382 64587 25536 39051 17059 91902 58633
is_linear=0
shrinkage=0.0750466


Tree=99
num_leaves=9
num_cat=0
split_feature=87 133 10 83 134 125 151 125
split_gain=7.75846 5.49759 4.79766 6.93058 6.4558 5.51364 5.30257 6.99196
threshold=1.0000000180025095e-35 8.0000000000000018 -3005.3049999999998 37776.215000000004 187492.32000000004 -714.92999999999995 9.5000000000000018 -33433.07499999999
decision_type=2 10 2 2 8 10 10 10
left_child=1 2 5 -4 -5 -1 7 -6
right_child=-2 -3 3 4 6 -7 -8 -9
leaf_value=-0.022891307111518485 -0.041495619117553076 0.031002000157557531 -0.00048773738535403196 -0.00070347500355029977 0.031623854435953655 0.042292403098829909 -0.014305964841783661 0.10167731530066265
leaf_weight=81.301102334764437 25.156699679340818 32.615425013005733 1501.6661912904092 49.866967453155667 38.73389044511714 8.0302592374355282 9.8172814575664216 10.120843731856437
leaf_count=22772 5605 242 103130 12160 7757 2076 5799 3743
internal_value=-0.00011847 0.000482466 -0.000103228 0.000835937 0.0191493 -0.0170318 0.0360228 0.0461363
internal_weight=1757.31 1732.15 1699.54 1610.21 108.539 89.3314 58.672 48.8547
internal_count=163284 157679 157437 132589 29459 24848 17299 11500
is_linear=0
shrinkage=0.0750466


Tree=100
num_leaves=9
num_cat=0
split_feature=33 32 99 109 133 8 10 0
split_gain=21.6298 12.0336 9.32733 7.74331 6.94589 6.88761 10.9081 9.6669
threshold=17595.285000000003 1.0000000180025095e-35 1.0000000180025095e-35 1.0000000180025095e-35 8.0000000000000018 9683.5850000000009 298.7000000000001 64376656.000000007
decision_type=2 2 2 2 10 2 2 2
left_child=1 4 -2 -3 5 -1 7 -7
right_child=2 3 -4 -5 -6 6 -8 -9
leaf_value=0.005290913002695824 -0.036115852628360846 0.07220979195952687 0.040753885161440934 0.007776939045643686 0.038028611157326184 -0.013188037789162424 0.0084418529428789656 0.035483342585793304
leaf_weight=807.27219582078396 115.41686538656359 22.235232514212839 9.6320500116416934 19.910781314727501 28.239055176032707 487.59001749735035 242.04420145379845 24.119615990581224
leaf_count=58517 30122 1185 1117 3672 175 56956 9615 1925
internal_value=-0.000114719 0.00219095 -0.0301949 0.0417702 0.00114134 0.000474046 -0.00468483 -0.0108939
internal_weight=1756.46 1631.41 125.049 42.146 1589.27 1561.03 753.754 511.71
internal_count=163284 132045 31239 4857 127188 127013 68496 58881
is_linear=0
shrinkage=0.0750466


Tree=101
num_leaves=9
num_cat=0
split_feature=108 16 71 17 137 11 16 120
split_gain=9.69682 21.8382 6.19317 7.55654 10.3221 4.94064 4.66131 10.736
threshold=1.0000000180025095e-35 -176.96999999999997 1.5000000000000002 3.5000000000000004 8892.4500000000025 -1.0000000180025095e-35 -14461.189999999999 493684.90500000009
decision_type=2 2 2 2 8 2 2 8
left_child=2 -2 3 5 -5 -1 7 -7
right_child=1 -3 -4 4 -6 6 -8 -9
leaf_value=-0.026109935207920942 -0.016424686685589718 0.10746904006806784 0.029983913101242484 -0.0068478114880326582 0.054465637962242401 -0.010992333461440002 -0.003270710032776123 0.025565570693373344
leaf_weight=48.487883840498398 17.391345930664102 14.858469933009472 35.858743575052358 30.529945133661386 31.335849262482952 80.897320005315123 1392.1579993293999 102.6483891033713
leaf_count=5179 2152 2850 1743 1847 4809 4985 137293 2426
internal_value=-0.000114196 0.0406569 -0.0008778 -0.00153416 0.0242083 -0.00251469 -0.00178862 0.00945276
internal_weight=1754.17 32.2498 1721.92 1686.06 61.8658 1624.19 1575.7 183.546
internal_count=163284 5002 158282 156539 6656 149883 144704 7411
is_linear=0
shrinkage=0.0750466


Tree=102
num_leaves=9
num_cat=0
split_feature=33 108 32 138 32 10 8 135
split_gain=19.2232 10.8641 8.27514 7.11642 6.8047 6.75512 11.9499 9.92941
threshold=17595.285000000003 1.0000000180025095e-35 1.0000000180025095e-35 21996.515000000003 10.500000000000002 1023.9800000000001 14788.655000000001 -1567.4999999999998
decision_type=2 2 2 8 2 2 2 10
left_child=1 2 5 -4 -2 6 7 -1
right_child=4 -3 3 -5 -6 -7 -8 -9
leaf_value=-0.0037129299325021877 -0.037143992332216769 0.046203875433899734 0.064739707309201214 0.0036637766462554069 0.0092578429857175116 0.015389310085218098 -0.011651137942829555 0.011510365396217172
leaf_weight=523.4730450794741 100.03028794997954 30.769567746727262 21.117353167937836 21.87361452812911 21.65190157215693 150.68895986184361 435.97091876163904 447.66727916403033
leaf_count=30243 28824 3875 1836 2849 2415 5977 48898 38367
internal_value=-0.000112644 0.00203338 0.00118436 0.0336645 -0.0288873 0.000287994 -0.00132922 0.00330456
internal_weight=1753.24 1631.56 1600.79 42.991 121.682 1557.8 1407.11 971.14
internal_count=163284 132045 128170 4685 31239 123485 117508 68610
is_linear=0
shrinkage=0.0750466


Tree=103
num_leaves=9
num_cat=0
split_feature=4 111 5 60 147 74 74 127
split_gain=7.23296 6.96259 5.47563 6.76546 5.96205 5.77211 10.5898 8.69258
threshold=1.5000000000000002 1.0000000180025095e-35 39.500000000000007 879.29000000000008 -1305.0149999999996 1588.4450000000004 117.34500000000001 145.50000000000003
decision_type=2 10 2 2 10 2 2 10
left_child=1 2 4 -4 5 6 7 -1
right_child=-2 -3 3 -5 -6 -7 -8 -9
leaf_value=-0.0087854210424280627 -0.026356538962716291 0.027224701985890897 -0.0016909269064958594 -0.028321228909544999 -0.015965185771621978 0.017086209566697996 -0.017212243293162861 0.034544185578757491
leaf_weight=44.587079081626143 57.213029560516588 54.251681614143308 1070.7917516022426 56.567100080443197 59.740008181965095 244.51021898063482 101.96961905884382 62.808482702108449
leaf_count=1546 2213 415 94058 14629 2827 11875 31718 4003
internal_value=-0.000112308 0.000773421 -0.000101075 -0.00302715 0.0063215 0.00925492 0.000109024 0.0165552
internal_weight=1752.44 1695.23 1640.97 1127.36 513.615 453.875 209.365 107.396
internal_count=163284 161071 160656 108687 51969 49142 37267 5549
is_linear=0
shrinkage=0.0750466


Tree=104
num_leaves=9
num_cat=0
split_feature=33 108 21 7 64 137 146 64
split_gain=16.8248 8.60821 8.73641 8.27369 7.4096 7.43057 5.95396 5.04964
threshold=27559.105000000007 1.0000000180025095e-35 1.0000000180025095e-35 2050.3150000000005 14843.910000000002 -1.0000000180025095e-35 1.0000000180025095e-35 1.0000000180025095e-35
decision_type=2 2 2 2 2 10 10 2
left_child=1 2 -1 4 5 -4 -5 -2
right_child=7 -3 3 6 -6 -7 -8 -9
leaf_value=0.017854515657231874 -0.022748596544007457 0.040237697532346565 -0.020519636309317944 0.0048618562496001031 -0.034821264509810865 -0.00079061812587671735 0.040683957086657431 -0.070341606614689883
leaf_weight=155.91754429927096 88.690311684986227 32.064625012601027 124.96750921066268 491.9812016098731 44.798433509873576 769.89776431724022 27.597384347725892 14.626121946188503
leaf_count=3021 16350 3963 2241 38435 14560 68315 3914 12485
internal_value=-0.000108866 0.00173372 0.000969331 -0.000834823 -0.00503682 -0.00354577 0.00676454 -0.0294862
internal_weight=1750.54 1647.22 1615.16 1459.24 939.664 894.865 519.579 103.316
internal_count=163284 134449 130486 127465 85116 70556 42349 28835
is_linear=0
shrinkage=0.0750466


Tree=105
num_leaves=9
num_cat=0
split_feature=7 6 17 6 148 7 16 116
split_gain=4.53859 14.8172 8.84338 8.46801 8.14547 7.42712 7.28307 5.53134
threshold=1655.0800000000002 20.500000000000004 3.5000000000000004 76.500000000000014 29.655000000000005 3181.8900000000008 -1222.1199999999997 45741.250000000007
decision_type=2 2 2 2 8 2 2 8
left_child=-1 -2 3 5 7 6 -3 -5
right_child=1 2 -4 4 -6 -7 -8 -9
leaf_value=-0.0040331122074605853 -0.027395076271161653 0.011379417934139123 0.042929663673151618 0.012405357429429911 -0.012163973386152126 -0.0031088048038945141 0.039812200488367394 -0.017071127987745061
leaf_weight=851.37774053028261 79.133609449156211 131.68906033952953 36.096049854008015 218.43438925566443 214.6037491747993 92.52352909448382 82.540405862644548 42.895166296046227
leaf_count=95686 2618 2532 3721 35293 6205 6765 4670 5794
internal_value=-0.000107418 0.00361481 0.00661185 0.00493694 -0.00132991 0.0146601 0.0223343 0.00756703
internal_weight=1749.29 897.916 818.782 782.686 475.933 306.753 214.229 261.33
internal_count=163284 67598 64980 61259 47292 13967 7202 41087
is_linear=0
shrinkage=0.0750466


Tree=106
num_leaves=9
num_cat=0
split_feature=33 33 150 147 11 10 104 113
split_gain=14.8865 8.0846 7.67287 6.2304 5.5448 8.75882 9.3509 8.78309
threshold=17595.285000000003 1.0000000180025095e-35 56366.985000000008 -21440.649999999998 18.395000000000003 1.0000000180025095e-35 2404.6500000000005 -805.49999999999989
decision_type=2 2 8 8 2 2 2 8
left_child=1 4 -3 -2 -1 -6 -7 -8
right_child=3 2 -4 -5 5 6 7 -9
leaf_value=-0.0049241350911816417 -0.066849670135722919 0.00081396028728121972 0.062767124865413887 -0.018685610519599792 -0.00078235923620877243 0.0094849939465458145 0.010227039442623405 0.080575028330641452
leaf_weight=590.05097885250871 17.906505986989941 21.629698779957835 23.481527040115907 97.422545648252708 660.38934686291032 298.65050583194534 18.598070395848481 21.609584629070014
leaf_count=9413 14259 3998 859 16980 98509 12267 3707 3292
internal_value=-0.000105175 0.0017336 0.0330621 -0.0261638 0.000844361 0.00425063 0.0140593 0.0480355
internal_weight=1749.74 1634.41 45.1112 115.329 1589.3 999.248 338.858 40.2077
internal_count=163284 132045 4857 31239 127188 117775 19266 6999
is_linear=0
shrinkage=0.0750466


Tree=107
num_leaves=9
num_cat=0
split_feature=87 8 153 120 120 149 153 142
split_gain=6.88388 6.64535 10.5352 7.61325 7.3899 4.9806 5.12926 7.63882
threshold=1.0000000180025095e-35 -8804.7999999999975 7043.8650000000007 211140.00000000003 565969.56500000006 489.50000000000006 475.06500000000005 154836.00000000003
decision_type=2 2 10 8 8 8 8 8
left_child=1 2 -1 -4 -5 -3 -7 -8
right_child=-2 5 3 4 -6 6 7 -9
leaf_value=0.037892312149962158 -0.039929630333887245 -0.012441825306988719 -0.063823504630825367 0.053238141269514726 -0.034010643184003306 0.0057992924800387364 -0.015704674469365576 0.0010620690000885224
leaf_weight=62.331598058764939 24.107695156344562 180.24514323494805 11.488354142027672 11.456641212687829 10.458463639515683 641.10066907560395 205.0095613104495 603.63274987990735
leaf_count=8503 5605 13898 1958 2985 2594 27236 32910 67595
internal_value=-0.000104511 0.000451831 0.0196677 -0.0143397 0.0116007 -0.000676788 0.000785947 -0.00318869
internal_weight=1749.83 1725.72 95.7351 33.4035 21.9151 1629.99 1449.74 808.642
internal_count=163284 157679 16040 7537 5579 141639 127741 100505
is_linear=0
shrinkage=0.0750466


Tree=108
num_leaves=9
num_cat=0
split_feature=95 73 73 135 135 115 8 8
split_gain=5.56772 5.42622 8.67057 8.54 6.44437 6.71524 6.17617 6.03362
threshold=5.5000000000000009 9.5000000000000018 6.5000000000000009 -228.49999999999997 -927.99999999999989 2964.0000000000005 9683.5850000000009 18628.875000000004
decision_type=2 2 2 8 10 10 2 2
left_child=1 2 4 -3 5 -1 -6 -4
right_child=-2 3 7 -5 6 -7 -8 -9
leaf_value=0.0024818892026981726 0.026727290755108747 -0.0074261474237484679 0.025776651575275578 -0.06095503892403864 -0.00079468347466558941 -0.022666945710604864 -0.025477592731184325 -0.0016754660261876669
leaf_weight=1019.527487299536 42.502374020405114 183.14020142256049 121.78523367265007 18.479600158461835 116.77637005428551 63.523970825044671 111.71056991879595 71.600853226322215
leaf_count=48096 3369 54538 19037 2983 6403 7643 8612 12603
internal_value=-0.000102732 -0.000770948 0.000777975 -0.0123324 -0.00140938 0.00100684 -0.0128625 0.0156126
internal_weight=1749.05 1706.54 1504.92 201.62 1311.54 1083.05 228.487 193.386
internal_count=163284 159915 102394 57521 70754 55739 15015 31640
is_linear=0
shrinkage=0.0750466


Tree=109
num_leaves=9
num_cat=0
split_feature=8 51 80 27 80 137 134 85
split_gain=4.47722 8.04216 7.0042 6.10615 7.64431 8.41792 6.38093 11.7511
threshold=9683.5850000000009 1.0000000180025095e-35 1.0000000180025095e-35 2.5000000000000004 6.5000000000000009 15235.610000000002 529449.63500000013 4750.6500000000005
decision_type=2 2 2 2 2 8 10 2
left_child=1 2 -1 -2 6 -6 -5 -8
right_child=3 -3 -4 4 5 -7 7 -9
leaf_value=0.00057592337090870349 6.3578278773056173e-05 -0.016266488767923488 0.015219898550611339 -0.022425191286458923 0.10891668024954211 -0.0016625361976721385 -0.0087133339782810362 0.10663859678216764
leaf_weight=470.60065586655401 626.03004276122374 100.51265564568166 301.99724997172598 199.96643468353432 5.6800311001861701 12.215673500511913 25.405585876680565 6.1845991398295146
leaf_count=9475 23222 44290 17617 48327 1512 6484 6716 5641
internal_value=-0.000100414 0.00370218 0.00630004 -0.0038927 -0.0138215 0.0334349 -0.0174736 0.0138698
internal_weight=1748.59 873.111 772.598 875.482 249.452 17.8957 231.557 31.5902
internal_count=163284 71382 27092 91902 68680 7996 60684 12357
is_linear=0
shrinkage=0.0750466


Tree=110
num_leaves=9
num_cat=0
split_feature=8 138 150 20 20 16 72 16
split_gain=4.24551 6.73826 7.12583 6.9161 5.09286 7.45783 8.54737 4.63189
threshold=-8804.7999999999975 36105.985000000008 4363.6450000000013 55.415000000000006 203.56500000000003 -7736.8999999999987 3398.6200000000003 -14461.189999999999
decision_type=2 10 8 2 2 2 2 2
left_child=1 2 -1 -3 7 -6 -7 -2
right_child=4 3 -4 -5 5 6 -8 -9
leaf_value=0.0022710097582903542 0.012290895946061109 -0.034093607812572174 0.052514782989157967 0.035361325933333812 -0.044847640603032014 -0.0092777804221016273 0.052712232955029768 -0.00080700993922697801
leaf_weight=29.305515526517411 174.15804042293166 24.214977579802508 34.747381456647418 12.113916579459326 31.253848120235489 230.50940396080841 13.247021713439606 1198.4266349446698
leaf_count=3446 6128 5008 3468 4721 2584 50639 2085 85205
internal_value=-9.9823e-05 0.0148841 0.0295272 -0.0109338 -0.00101274 -0.0103341 -0.00590891 0.000854895
internal_weight=1747.98 100.382 64.0529 36.3289 1647.59 275.01 243.756 1372.58
internal_count=163284 16643 6914 9729 146641 55308 52724 91333
is_linear=0
shrinkage=0.0750466


Tree=111
num_leaves=9
num_cat=0
split_feature=95 25 25 112 97 137 112 73
split_gain=4.72813 5.37442 5.55293 8.44404 7.89481 7.05231 11.5596 6.75428
threshold=4.5000000000000009 35114.595000000008 1.0000000180025095e-35 1348452.2050000003 41.500000000000007 4483.3200000000006 95013.000000000015 7.5000000000000009
decision_type=2 2 2 10 2 10 10 2
left_child=1 2 -1 5 -5 6 -4 -8
right_child=-2 -3 3 4 -6 -7 7 -9
leaf_value=-0.0023224251018473859 0.021472560326962157 -0.024705567100077958 0.034192122908199014 0.0096097877914161096 0.14013742557534084 -0.0041584264471915561 -0.023670647193313753 0.026661690836661849
leaf_weight=1291.9570737487811 55.420296027630684 51.372923930524848 96.162003263627412 5.2229371474386408 5.2160476967255818 175.03542613955506 43.913883995846845 22.818042407277972
leaf_count=47325 4489 29822 8701 1672 2812 61001 4828 2634
internal_value=-9.70121e-05 -0.000803635 -5.50562e-05 0.0083537 0.0748305 0.00630016 0.0175383 -0.00646021
internal_weight=1747.12 1691.7 1640.33 348.368 10.439 337.929 162.894 66.7319
internal_count=163284 158795 128973 81648 4484 77164 16163 7462
is_linear=0
shrinkage=0.0750466


Tree=112
num_leaves=9
num_cat=0
split_feature=46 153 81 71 111 39 142 73
split_gain=4.71795 10.1603 9.88772 5.23374 4.81978 5.35506 6.13047 4.01299
threshold=1.0000000180025095e-35 1612.8750000000002 5865.4350000000004 1.5000000000000002 1.0000000180025095e-35 25863.355000000003 800917.97000000009 9.5000000000000018
decision_type=2 8 2 2 10 2 8 2
left_child=3 2 -2 4 5 7 -7 -1
right_child=1 -3 -4 -5 -6 6 -8 -9
leaf_value=0.0016460897450994343 0.033492452914221309 -0.039847699688588874 -0.032604226965868684 0.029515539824897918 0.022109855034776204 -0.033194827273114826 0.035297114510892728 -0.011303574361489871
leaf_weight=1346.211607724239 32.055475526634837 50.23503267277556 21.161482655865257 35.182884558977094 54.897021172218956 49.126202445972012 8.6569375594408466 149.77041286736494
leaf_count=86388 2435 12798 3434 1586 478 13665 3316 39184
internal_value=-9.61528e-05 -0.015641 0.00720941 0.000882127 0.000255889 -0.000516247 -0.0229335 0.000349633
internal_weight=1747.3 103.452 53.217 1643.85 1608.66 1553.77 57.7831 1495.98
internal_count=163284 18667 5869 144617 143031 142553 16981 125572
is_linear=0
shrinkage=0.0750466


Tree=113
num_leaves=9
num_cat=0
split_feature=33 17 7 6 127 127 141 46
split_gain=13.2732 8.69342 4.83874 6.29585 11.2028 8.04571 6.56992 6.07857
threshold=27559.105000000007 2.5000000000000004 2050.3150000000005 20.500000000000004 1221.5000000000002 753.50000000000011 1.0000000180025095e-35 1.0000000180025095e-35
decision_type=2 2 2 2 8 10 8 2
left_child=2 -2 7 -4 5 6 -5 -1
right_child=1 -3 3 4 -6 -7 -8 -9
leaf_value=-0.00022171934891198342 -0.03421219696819304 0.041424332967484351 -0.019285251329921895 0.039706691986930755 0.0039823274911096364 0.060539596004373225 -0.0067158116310912013 -0.027080028798837221
leaf_weight=1025.0889838717849 88.641535538205062 9.4729421825904847 46.85048463603016 34.339298681967193 421.64778763391951 35.397768137860112 34.339774481690256 49.761331202927977
leaf_count=81960 26800 2035 1553 2902 35973 2349 1729 7983
internal_value=-9.37065e-05 -0.0269095 0.00150334 0.00707586 0.00942506 0.0314753 0.0164953 -0.00146515
internal_weight=1745.54 98.1145 1647.43 572.575 525.725 104.077 68.6791 1074.85
internal_count=163284 28835 134449 44506 42953 6980 4631 89943
is_linear=0
shrinkage=0.0750466


Tree=114
num_leaves=9
num_cat=0
split_feature=33 8 95 8 120 9 120 135
split_gain=11.6665 7.49665 4.73933 4.44285 4.86597 4.78147 7.77205 4.29517
threshold=27559.105000000007 25989.965000000004 5.5000000000000009 -8804.7999999999975 211140.00000000003 655.8850000000001 253368.00000000003 -348.99999999999994
decision_type=2 2 2 2 8 2 10 10
left_child=2 -2 3 4 -1 -6 -7 -5
right_child=1 -3 -4 7 5 6 -8 -9
leaf_value=-0.0056612465918692532 -0.043829481315444584 -0.0013983537619437507 0.026741736043038675 0.00074295331346412626 0.057058051864551505 0.055077005042231689 -0.017347841460493871 -0.016797039490612734
leaf_weight=33.880190156167373 54.500860351821757 41.162505372907617 40.494480457913596 1434.5414307401079 22.609538810967933 14.238300900426109 20.16118366511364 83.188651884163846
leaf_count=5328 17624 11211 2383 109957 2739 1084 4723 8235
internal_value=-9.29833e-05 -0.025572 0.00138503 0.000746713 0.0168634 0.0302497 0.0126295 -0.000218435
internal_weight=1744.78 95.6634 1649.11 1608.62 90.8892 57.009 34.3995 1517.73
internal_count=163284 28835 134449 132066 13874 8546 5807 118192
is_linear=0
shrinkage=0.0750466


Tree=115
num_leaves=9
num_cat=0
split_feature=56 12 153 96 153 22 12 31
split_gain=5.12059 4.32564 4.37955 4.12137 7.57192 7.94732 5.74867 4.61481
threshold=11582.655000000002 6.5000000000000009 134.89500000000001 1.0000000180025095e-35 475.06500000000005 1417.5900000000004 4.5000000000000009 1.0000000180025095e-35
decision_type=2 2 8 2 8 2 2 2
left_child=3 -2 -3 7 5 -5 -6 -1
right_child=1 2 -4 4 6 -7 -8 -9
leaf_value=-0.0018498332508137575 0.0093290492581139719 0.0089961324595553855 -0.070562752940186518 0.021164694325508656 0.023263767328444596 -0.00039667858163896233 -0.0046240487507003868 -0.023860829267556248
leaf_weight=757.55708157033951 10.279064544389259 5.2278510152536937 15.3059218278795 221.53244143231132 45.768386770912912 170.28476404765388 460.32699505709752 57.734202410720172
leaf_count=29941 2199 1336 11498 4957 911 16106 85678 10658
internal_value=-9.10285e-05 -0.0304128 -0.0503072 0.000454323 0.00396173 0.0117941 -0.00210203 -0.00340852
internal_weight=1744.02 30.8128 20.5338 1713.2 897.913 391.817 506.095 815.291
internal_count=163284 15033 12834 148251 107652 21063 86589 40599
is_linear=0
shrinkage=0.0750466


Tree=116
num_leaves=9
num_cat=0
split_feature=4 108 111 64 57 119 149 127
split_gain=5.76219 5.1778 6.31125 6.05202 4.82891 8.42198 7.85809 5.19872
threshold=1.5000000000000002 1.0000000180025095e-35 1.0000000180025095e-35 13076.395000000002 6.5000000000000009 inf 4894.5000000000009 2104.5000000000005
decision_type=2 2 10 2 2 8 10 10
left_child=1 2 3 4 7 -6 -7 -1
right_child=-2 -3 -4 -5 5 6 -8 -9
leaf_value=0.0024380047164690791 -0.023977274670340266 0.02932391073109723 0.026213328957915689 -0.019347161293842091 -0.01762360224902261 0.097057897803747711 0.0069904214866707342 -0.0076283149320336132
leaf_weight=1078.7833801462839 55.070078017713968 34.835237628867617 50.48548010061495 92.706965358680463 14.187905106882679 12.117128848185532 9.9235878114413918 394.65057021159737
leaf_count=67117 2213 4956 387 33123 5416 2640 2384 45048
internal_value=-8.84791e-05 0.000691023 8.75619e-05 -0.000735576 0.000407344 0.0274753 0.056506 -0.000258199
internal_weight=1742.76 1687.69 1652.86 1602.37 1509.66 36.2286 22.0407 1473.43
internal_count=163284 161071 156115 155728 122605 10440 5024 112165
is_linear=0
shrinkage=0.0750466


Tree=117
num_leaves=9
num_cat=0
split_feature=46 120 151 135 28 140 149 28
split_gain=3.47994 8.07416 4.03252 8.16805 6.28046 6.12127 5.82304 6.41482
threshold=1.0000000180025095e-35 588362.69500000007 4.5000000000000009 -348.99999999999994 1395.8750000000002 1.0000000180025095e-35 4894.5000000000009 62348.120000000003
decision_type=2 8 10 10 2 10 10 2
left_child=2 -2 4 6 5 -1 7 -4
right_child=1 -3 3 -5 -6 -7 -8 -9
leaf_value=0.00048383506463132748 0.0011500169105823637 -0.044246544004454283 0.026762473024861375 -0.040947383811531443 -0.0084459300433704712 0.020206795996517809 -0.0064806241778547708 -0.011265561544794097
leaf_weight=863.42494434755645 67.693463635921944 32.736186968570109 143.39722917601466 16.909109402142349 424.96752810996259 98.762910108576762 63.109939851725358 30.253356000961503
leaf_count=23198 14321 4346 31985 5040 51577 3235 18364 11218
internal_value=-8.66935e-05 -0.0136475 0.000743321 0.00944326 -0.00084764 0.00250828 0.0130421 0.0201372
internal_weight=1741.25 100.43 1640.83 253.67 1387.16 962.188 236.761 173.651
internal_count=163284 18667 144617 66607 78010 26433 61567 43203
is_linear=0
shrinkage=0.0750466


Tree=118
num_leaves=9
num_cat=0
split_feature=33 5 33 147 147 5 21 151
split_gain=10.1514 8.77241 6.86155 6.49542 5.39854 5.06574 8.99734 6.50489
threshold=17595.285000000003 42.500000000000007 1.0000000180025095e-35 -21440.649999999998 -80579.88499999998 43.500000000000007 1.0000000180025095e-35 4.5000000000000009
decision_type=2 2 2 8 10 2 2 10
left_child=2 -2 5 -3 -4 6 -1 -8
right_child=1 3 4 -5 -6 -7 7 -9
leaf_value=0.031679668682259784 -0.047784967655137539 -0.062145789058357083 0.053608949371392912 0.0057770789600538374 0.0021131245225447064 -0.0031159071969041607 -0.00076244066811243514 0.020303278838173872
leaf_weight=66.462344925123034 44.799506095012475 9.3115882390338793 24.912691654724767 53.416408751596464 21.241402304731309 907.05860518822738 515.51801636588061 98.297666221260442
leaf_count=1181 14420 7915 930 8904 3927 71587 30139 24281
internal_value=-8.529e-05 -0.0224206 0.00138497 -0.00430566 0.0299091 0.00055559 0.00545103 0.00261107
internal_weight=1741.02 107.528 1633.49 62.728 46.1541 1587.34 680.278 613.816
internal_count=163284 31239 132045 16819 4857 127188 55601 54420
is_linear=0
shrinkage=0.0750466


Tree=119
num_leaves=9
num_cat=0
split_feature=22 97 138 9 147 22 9 9
split_gain=4.04139 6.05232 9.96989 8.63465 5.55669 4.87911 3.14203 2.63074
threshold=305328.60000000003 147.50000000000003 24328.295000000002 1934.7000000000003 -15710.014999999998 14268.340000000002 389.19000000000005 3165.5400000000004
decision_type=2 2 10 2 8 2 2 2
left_child=1 7 -3 5 -2 -4 -6 -1
right_child=4 2 3 -5 6 -7 -8 -9
leaf_value=-0.00080612631081183731 -0.056992727259691789 0.067739539215987202 0.097273658170247745 -0.066588573650527977 0.023212528875892161 -0.012676113341532465 -0.024593521626642315 0.013386790388936816
leaf_weight=1578.8489610284596 16.412564544581983 19.328299538654392 4.3316924414248223 8.1927815922608698 14.081460718298333 4.7829470236174529 17.20149976554967 77.146355708326155
leaf_count=119284 13633 3568 1606 3070 3376 3142 4491 11114
internal_value=-8.45305e-05 0.000522539 0.0306934 -0.0106784 -0.0216284 0.039577 -0.00307449 -0.000144934
internal_weight=1740.33 1692.63 36.6357 17.3074 47.6955 9.11464 31.283 1656
internal_count=163284 141784 11386 7818 21500 4748 7867 130398
is_linear=0
shrinkage=0.0750466


Tree=120
num_leaves=9
num_cat=0
split_feature=99 18 97 127 8 142 81 0
split_gain=4.90275 10.972 4.395 6.50341 7.15138 6.93392 8.18407 13.8207
threshold=1.0000000180025095e-35 1.0000000180025095e-35 36.500000000000007 2104.5000000000005 20804.765000000003 309672.00000000006 20172.080000000005 47919824.000000007
decision_type=2 2 2 8 2 8 2 2
left_child=2 -2 -1 5 -5 6 -4 -8
right_child=1 -3 3 4 -6 -7 7 -9
leaf_value=-0.0028436293807922626 0.048300252046703795 -0.0051387145673393083 0.010207606030358564 0.008498113709752916 -0.023390873047922506 -0.0093427064205910213 0.093974709934859235 0.0071584382491950843
leaf_weight=1348.3880562966588 37.01951217133319 52.081517444064957 48.677411396245589 121.16880340866192 58.840037778187252 32.366691045710468 23.283594718697714 18.559365440931288
leaf_count=91619 457 5017 6129 22368 19463 7163 6236 4832
internal_value=-8.33708e-05 0.017064 -0.00100862 0.00716021 -0.00192554 0.0204693 0.031129 0.0554675
internal_weight=1740.38 89.101 1651.28 302.896 180.009 122.887 90.5204 41.843
internal_count=163284 5474 157810 66191 41831 24360 17197 11068
is_linear=0
shrinkage=0.0750466


Tree=121
num_leaves=9
num_cat=0
split_feature=33 32 21 16 52 83 120 83
split_gain=8.94272 7.1691 4.78699 4.92773 6.38036 6.34122 11.0269 8.74992
threshold=27559.105000000007 10.500000000000002 1.0000000180025095e-35 -6095.0899999999992 16685.650000000005 34076.275000000009 154836.00000000003 60197.185000000005
decision_type=2 2 2 2 2 2 8 2
left_child=2 -2 -1 -4 -5 -6 -7 -8
right_child=1 -3 3 4 5 6 7 -9
leaf_value=0.013457127717407065 -0.033729395648554719 0.018205893239413802 -0.0082008750063864416 0.0038987293649175472 -0.027164717933199099 -0.051830271240372705 0.11817787830912094 0.00960704910546409
leaf_weight=161.40710265471716 72.245756962634914 18.881533562205732 332.47679918757058 1053.3547448875761 74.242436475979048 9.1660745364206395 6.5860048464674064 11.446556077091371
leaf_count=3067 26448 2387 10602 59238 41903 5424 5138 9077
internal_value=-8.29962e-05 -0.0229684 0.00118195 -0.000150223 0.00216764 -0.0158079 0.0151922 0.0492602
internal_weight=1739.81 91.1273 1648.68 1487.27 1154.8 101.441 27.1986 18.0326
internal_count=163284 28835 134449 131382 120780 61542 19639 14215
is_linear=0
shrinkage=0.0750466


Tree=122
num_leaves=9
num_cat=0
split_feature=33 5 16 108 7 8 113 12
split_gain=7.84609 8.25957 8.52231 5.89386 5.6159 14.3042 18.9048 15.5117
threshold=17595.285000000003 42.500000000000007 -10288.865 1.0000000180025095e-35 2050.3150000000005 18628.875000000004 -1171.4999999999998 4.5000000000000009
decision_type=2 2 2 2 2 2 8 2
left_child=3 -2 -3 4 -1 6 -6 -7
right_child=1 2 -4 -5 5 7 -8 -9
leaf_value=-0.0027122375799276169 -0.04573619791037202 0.048686648125120399 -0.017840127523641447 0.032241795630477965 -0.0073637088504754462 0.043309866385962369 0.038097214518608209 -0.0087732766990095655
leaf_weight=1045.3914865328406 42.081239794613793 14.079369026578204 47.207166124244395 33.703445191407809 81.407445546181407 36.091840195003897 140.31370277283713 299.0718127744185
leaf_count=85840 14420 2321 14498 3875 3374 271 5287 33398
internal_value=-8.31562e-05 -0.0201353 -0.00255692 0.00118382 0.000530522 0.00661787 0.0214057 -0.00316474
internal_weight=1739.35 103.368 61.2865 1635.98 1602.28 556.885 221.721 335.164
internal_count=163284 31239 16819 132045 128170 42330 8661 33669
is_linear=0
shrinkage=0.0750466


Tree=123
num_leaves=9
num_cat=0
split_feature=50 108 153 38 120 107 82 82
split_gain=13.1263 3.86933 11.9831 3.96889 5.41633 6.52446 8.90965 5.24127
threshold=1.0000000180025095e-35 1.0000000180025095e-35 2046.8850000000002 1.0000000180025095e-35 154836.00000000003 85.500000000000014 5.5000000000000009 6.5000000000000009
decision_type=2 2 8 2 8 2 2 2
left_child=1 3 -3 7 -5 -6 -7 -1
right_child=-2 2 -4 4 5 6 -8 -9
leaf_value=0.0019450851282752056 -0.040592512296387995 0.069521039768435766 -0.017401218513740418 -0.044862338483538176 -0.022097981318019981 0.0067865258473268492 0.14815709401322399 -0.023105494531899331
leaf_weight=1543.9395858289718 43.912465038010851 17.596943451164407 18.140869343813392 25.31342430326913 26.32967418032058 9.9894600524057733 3.3536657023505532 48.517647195869358
leaf_count=113841 11035 986 3564 5964 3146 6549 2359 15840
internal_value=-8.37905e-05 0.000966799 0.0253984 0.000440003 -0.017739 -0.000432779 0.0423187 0.00118187
internal_weight=1737.09 1693.18 35.7378 1657.44 64.9862 39.6728 13.3431 1592.46
internal_count=163284 152249 4550 147699 18018 12054 8908 129681
is_linear=0
shrinkage=0.0750466


Tree=124
num_leaves=9
num_cat=0
split_feature=7 6 127 127 6 127 146 6
split_gain=3.99921 11.8579 9.73133 8.10636 5.92251 9.10463 6.88781 7.00013
threshold=1655.0800000000002 20.500000000000004 1221.5000000000002 753.50000000000011 76.500000000000014 1922.5000000000002 1.0000000180025095e-35 289.50000000000006
decision_type=2 2 8 10 2 8 10 2
left_child=-1 -2 3 -3 5 -4 7 -6
right_child=1 2 4 -5 6 -7 -8 -9
leaf_value=-0.0037869211044091705 -0.024873797451177466 0.010568230608303933 -0.011802376197483288 0.046278150518943524 -0.0084275686190757298 0.022120933081860375 0.0328783297804617 0.026382228031718028
leaf_weight=844.04460451620253 76.294340684253257 105.61535714569618 62.935913406705367 54.162586477919831 376.78724929262535 152.5926792188111 28.257039514581265 35.611105558411509
leaf_count=95686 2618 7694 4185 3666 35706 4380 4643 4706
internal_value=-8.38019e-05 0.00341923 0.00606469 0.0226734 0.00202054 0.0122151 -0.00296571 -0.0054217
internal_weight=1736.3 892.256 815.962 159.778 656.184 215.529 440.655 412.398
internal_count=163284 67598 64980 11360 53620 8565 45055 40412
is_linear=0
shrinkage=0.0750466


Tree=125
num_leaves=9
num_cat=0
split_feature=127 8 52 140 127 95 106 0
split_gain=3.47014 4.20309 6.57055 9.24757 8.33222 7.17351 6.26602 11.2181
threshold=145.50000000000003 9683.5850000000009 1.0000000180025095e-35 1376.0350000000003 444.50000000000006 1.5000000000000002 2381.1900000000005 42644405.000000007
decision_type=8 2 2 10 8 2 2 2
left_child=-1 2 3 -2 -5 -4 -3 -8
right_child=1 6 5 4 -6 -7 7 -9
leaf_value=-0.021339717816569792 0.00071870135988840497 -0.0045329360474435461 -0.021226319384273912 0.052959983777717282 0.012930761544355652 0.057123193643322662 0.064616571139879175 -0.025693436950214366
leaf_weight=42.200201942905551 504.67093315770035 822.303532484686 82.511155490836245 34.026645883976016 210.2328717004857 7.1518985283910288 19.688777600422327 12.77162140416476
leaf_count=5079 8780 75076 38545 1929 15771 2768 10337 4999
internal_value=-8.27139e-05 0.000447032 0.00422178 0.00652027 0.018507 -0.0149768 -0.00325631 0.0290839
internal_weight=1735.56 1693.36 838.594 748.93 244.26 89.6631 854.764 32.4604
internal_count=163284 158205 67793 26480 17700 41313 90412 15336
is_linear=0
shrinkage=0.0750466


Tree=126
num_leaves=9
num_cat=0
split_feature=56 80 9 109 9 5 5 5
split_gain=4.27675 4.91355 8.22572 12.6425 11.0912 28.2325 5.74572 14.5752
threshold=11582.655000000002 2.5000000000000004 116.42500000000003 1.0000000180025095e-35 2798.8850000000007 42.500000000000007 61.500000000000007 67.500000000000014
decision_type=2 2 2 2 2 2 2 2
left_child=1 6 -3 -4 -5 -6 -1 -8
right_child=-2 2 3 4 5 -7 7 -9
leaf_value=-0.0035236706760547803 -0.028418521623626264 0.04562664634162869 -0.029199394224203052 0.0068857557415944815 0.17268272168111076 -0.0011062424148610627 0.026361735003956437 -0.0068289606512784602
leaf_weight=1180.314699397808 29.489534004336747 32.553897930833045 46.588280277632293 123.54267663802602 8.4369853936368617 14.001351291561148 135.35649792170443 165.77625087257184
leaf_count=83005 15033 3760 8397 30953 1869 4099 7908 8260
internal_value=-8.28563e-05 0.000406784 0.0107368 0.00483861 0.0157015 0.0642397 -0.00116298 0.00808996
internal_weight=1736.06 1706.57 225.123 192.569 145.981 22.4383 1481.45 301.133
internal_count=163284 148251 49078 45318 36921 5968 99173 16168
is_linear=0
shrinkage=0.0750466


Tree=127
num_leaves=9
num_cat=0
split_feature=4 52 4 105 57 105 22 127
split_gain=4.69991 4.02178 13.4976 4.73719 7.02256 5.19218 4.63281 4.3363
threshold=1.5000000000000002 65522.015000000007 1.0000000180025095e-35 1.0000000180025095e-35 2.5000000000000004 1.5000000000000002 -22789.309999999994 510.50000000000006
decision_type=2 2 2 2 2 2 2 10
left_child=1 3 -3 6 5 -5 -1 -7
right_child=-2 2 -4 4 -6 7 -8 -9
leaf_value=0.014897876370181872 -0.021970566093900017 -0.023635667659132265 0.13351621489634813 0.032541249131015394 0.067562478708295681 0.015146446391157701 -0.00068606372870548451 -0.039714013517429349
leaf_weight=116.23153380728036 53.567110956559191 69.400890672914102 3.2209195591276503 27.795372316046269 14.101188643398926 16.615443165821489 1419.8255008970591 15.860127568317692
leaf_count=2580 2213 64998 1493 3145 3897 2116 79909 2933
internal_value=-8.6764e-05 0.00060974 -0.0166657 0.00138877 0.0198865 0.0087321 0.000493154 -0.0116458
internal_weight=1736.62 1683.05 72.6218 1610.43 74.3721 60.2709 1536.06 32.4756
internal_count=163284 161071 66491 94580 12091 8194 82489 5049
is_linear=0
shrinkage=0.0750466


Tree=128
num_leaves=9
num_cat=0
split_feature=11 7 51 140 135 22 39 48
split_gain=4.10098 5.71521 7.32457 6.28423 6.1141 6.32136 5.52049 5.50485
threshold=18.395000000000003 1655.0800000000002 1.0000000180025095e-35 8303.6200000000008 -1048.9999999999998 1417.5900000000004 1.0000000180025095e-35 1.0000000180025095e-35
decision_type=2 2 2 8 10 2 2 2
left_child=-1 2 3 -2 6 -6 7 -3
right_child=1 4 -4 -5 5 -7 -8 -9
leaf_value=-0.0048493975176145737 -0.0070983776763987975 0.01262759685745019 -0.021842392267244447 0.010573812898081215 0.012588583916886035 -0.017689609373285845 -0.02043964839750171 0.044549922240750821
leaf_weight=641.58031866955571 240.57382725339266 329.3873857735889 93.441201747766172 214.25645572361827 69.496310919508687 88.017503597031464 25.66427820239187 33.520249248984328
leaf_count=13124 12248 26985 55698 18754 4248 21282 6012 4933
internal_value=-8.55111e-05 0.00270738 -0.00270515 0.00122644 0.00814156 -0.00433064 0.0131974 0.0155761
internal_weight=1735.94 1094.36 548.271 454.83 546.086 157.514 388.572 362.908
internal_count=163284 150160 86700 31002 63460 25530 37930 31918
is_linear=0
shrinkage=0.0750466


Tree=129
num_leaves=9
num_cat=0
split_feature=33 64 10 80 64 115 120 64
split_gain=7.15692 5.25629 5.02085 5.1841 7.82584 12.9942 9.08318 13.4483
threshold=27559.105000000007 1.0000000180025095e-35 -3005.3049999999998 2.5000000000000004 1.0000000180025095e-35 22079.930000000004 154836.00000000003 13076.395000000002
decision_type=2 2 2 2 2 8 10 2
left_child=2 -2 -1 -4 -5 6 -6 -8
right_child=1 -3 3 4 5 -7 7 -9
leaf_value=-0.01636285943731098 -0.013905725514512132 -0.068762363010211033 0.00035636609227241854 -0.00052861559883416646 -0.011511457234547157 0.08344941076480239 0.083330823898474141 -0.0083675738243652303
leaf_weight=88.46980795894342 76.589796980028041 11.287229709785604 1359.6475608257751 107.0462889426417 36.90847169526387 19.639310116006527 19.68109140956949 16.609166733382153
leaf_count=22455 16350 12485 75823 12807 8039 3712 5644 5969
internal_value=-8.39717e-05 -0.0209517 0.00102877 0.00201537 0.0133002 0.0292454 0.0147023 0.0413627
internal_weight=1735.88 87.877 1648 1559.53 199.884 92.838 73.1987 36.2903
internal_count=163284 28835 134449 111994 36171 23364 19652 11613
is_linear=0
shrinkage=0.0750466


Tree=130
num_leaves=9
num_cat=0
split_feature=99 141 11 107 95 118 80 7
split_gain=4.04575 11.3951 4.46708 6.60798 6.05074 7.16564 7.5995 7.21832
threshold=1.0000000180025095e-35 4.4850000000000012 18.395000000000003 12.500000000000002 1.5000000000000002 2451.8550000000005 1.0000000180025095e-35 724.37500000000011
decision_type=2 8 2 2 2 8 2 2
left_child=2 -2 -1 -4 -5 -6 -7 -8
right_child=1 -3 3 4 5 6 7 -9
leaf_value=-0.0060135271440926374 -0.012068837536957403 0.041670355915261234 0.01545506899971542 -0.0027800544508466496 -0.021046405187645886 -0.0061366267308714823 0.076702954857995845 0.018194894966838012
leaf_weight=611.44138506794843 43.311743805577862 45.640123742894502 173.14946680644061 770.43548872923566 20.868151136550296 23.294758799725969 22.761449627461843 24.83224846705707
leaf_count=12731 3950 1524 3387 131721 2497 1551 2567 3356
internal_value=-8.53111e-05 0.0155041 -0.000927381 0.00207634 -0.000610436 0.0176068 0.0289855 0.0461761
internal_weight=1735.73 88.9519 1646.78 1035.34 862.192 91.7566 70.8885 47.5937
internal_count=163284 5474 157810 145079 141692 9971 7474 5923
is_linear=0
shrinkage=0.0750466


Tree=131
num_leaves=9
num_cat=0
split_feature=4 0 135 20 13 20 5 123
split_gain=4.10647 4.37991 4.23143 4.84551 3.98893 4.21619 5.34183 6.39457
threshold=1.5000000000000002 15842220.000000002 -1689.4999999999998 3.8350000000000004 1.5000000000000002 203.56500000000003 39.500000000000007 5.5000000000000009
decision_type=2 2 10 2 2 2 2 8
left_child=1 2 -1 -4 5 6 7 -3
right_child=-2 4 3 -5 -6 -7 -8 -9
leaf_value=0.0081229524861455675 -0.020707950115740854 0.018423165932059456 -0.036212621110716312 -0.0022379695344075059 -0.023700884574302264 -0.0065842578599866163 0.0005352059020595994 -0.00025000161309901889
leaf_weight=39.994087899016449 52.718484651733888 254.65899175767845 52.630044586963777 42.925098348809115 34.06234746822156 252.44189590150199 831.9009991954008 173.75806027057843
leaf_count=2441 2213 24121 4290 9501 797 53224 58383 8314
internal_value=-8.34455e-05 0.00056284 -0.0123724 -0.0209506 0.00169636 0.00226823 0.00404138 0.0108497
internal_weight=1735.09 1682.37 135.549 95.5551 1546.82 1512.76 1260.32 428.417
internal_count=163284 161071 16232 13791 144839 144042 90818 32435
is_linear=0
shrinkage=0.0750466


Tree=132
num_leaves=9
num_cat=0
split_feature=33 63 21 108 64 116 16 16
split_gain=6.3076 4.64862 4.31912 4.54144 3.69839 6.53146 4.91966 3.969
threshold=32887.870000000003 1.0000000180025095e-35 1.0000000180025095e-35 1.0000000180025095e-35 13076.395000000002 26569.950000000004 -68.659999999999982 -471.88999999999993
decision_type=2 2 2 2 2 10 2 2
left_child=2 -2 -1 4 7 6 -6 -4
right_child=1 -3 3 -5 5 -7 -8 -9
leaf_value=0.012530710899314347 -0.013659254564322586 -0.067966223660778799 -0.0037602372972480634 0.026980986652431857 0.00283329375674765 0.053475414579613863 -0.03681968058430736 0.0043387082583534499
leaf_weight=162.99534658988705 72.745990724688454 10.111013276669835 740.33583608966728 33.502313601056812 27.46857876865397 6.9299512780271462 49.156181076148641 631.46131472900015
leaf_count=3123 15677 11956 30234 3962 6227 3385 18446 70274
internal_value=-8.07679e-05 -0.0202863 0.000932745 -0.000336966 -0.000965827 -0.0162948 -0.0226048 -3.21564e-05
internal_weight=1734.71 82.857 1651.85 1488.85 1455.35 83.5547 76.6248 1371.8
internal_count=163284 27633 135651 132528 128566 28058 24673 100508
is_linear=0
shrinkage=0.0750466


Tree=133
num_leaves=9
num_cat=0
split_feature=50 33 99 147 22 74 33 153
split_gain=11.6345 6.44573 8.76784 5.83017 5.54814 11.7903 5.45409 5.39719
threshold=1.0000000180025095e-35 17595.285000000003 1.0000000180025095e-35 -25805.769999999997 319.2050000000001 1588.4450000000004 1.0000000180025095e-35 2844.5250000000001
decision_type=2 2 2 8 2 2 2 8
left_child=1 6 3 -3 -5 -6 -1 -8
right_child=-2 2 -4 4 5 -7 7 -9
leaf_value=0.0012757780868241791 -0.038956780640609361 -0.077908834072667771 0.054334692920824088 -0.030452141070803247 -0.03127192294402182 0.079023692357151787 0.052788875076708361 0.0019617382744603483
leaf_weight=1546.7947065804619 42.29413988802844 10.291321572105515 8.6543687624944123 56.409539055995992 13.436928596143845 9.1928805710631405 23.37874170653231 23.688322112924652
leaf_count=117021 11035 11257 1063 8515 7424 2272 2062 2635
internal_value=-7.88609e-05 0.00089304 -0.0177893 -0.0247767 -0.0178586 0.0135333 0.00204157 0.0272082
internal_weight=1734.14 1691.85 97.985 89.3307 79.0393 22.6298 1593.86 47.0671
internal_count=163284 152249 30531 29468 18211 9696 121718 4697
is_linear=0
shrinkage=0.0750466


Tree=134
num_leaves=9
num_cat=0
split_feature=50 113 56 125 81 113 138 109
split_gain=10.3186 3.70735 2.9521 8.20924 3.96183 3.42329 5.25553 3.10966
threshold=1.0000000180025095e-35 -1079.9999999999998 8668.8100000000031 -12437.629999999999 42044.910000000011 -2054.4999999999995 3423.4750000000004 1.0000000180025095e-35
decision_type=2 10 2 10 2 8 10 2
left_child=2 -2 5 -4 -5 6 -1 -7
right_child=1 -3 3 4 -6 7 -8 -9
leaf_value=0.0011930358801366075 -0.011868928976755497 -0.057398916007333128 -0.037476738309779239 0.10448894203590577 -0.0023141323895645464 -0.00086431753423692431 -0.037300132095044569 0.0058666745717132285
leaf_weight=52.76198968263634 18.002931944385637 22.864793159853434 30.370562948934094 3.7419269139063536 4.0986909317725804 880.69006334924052 32.147303953461233 688.96746787588927
leaf_count=3298 2582 8453 12662 1849 2836 35814 7503 88287
internal_value=-7.97015e-05 -0.0373422 0.000819904 -0.0198027 0.0486575 0.00129617 -0.0133808 0.00209011
internal_weight=1733.65 40.8677 1692.78 38.2112 7.84062 1654.57 84.9093 1569.66
internal_count=163284 11035 152249 17347 4685 134902 10801 124101
is_linear=0
shrinkage=0.0750466


Tree=135
num_leaves=9
num_cat=0
split_feature=10 8 0 22 141 83 22 25
split_gain=4.43325 8.30362 12.3933 6.04896 5.72712 4.28404 7.19445 6.10297
threshold=-3005.3049999999998 -8804.7999999999975 47919824.000000007 54211.545000000006 10.535000000000002 37776.215000000004 3393.0150000000008 803.5100000000001
decision_type=2 2 2 2 8 2 2 2
left_child=3 2 -2 -1 -5 -3 -7 -8
right_child=1 5 -4 4 -6 6 7 -9
leaf_value=-0.005999296282784893 0.058572664040114984 -0.0012570106943861389 -0.013785195521980405 -0.070862019564343542 0.036896919569980605 0.040483488012389282 0.030814124586311366 -0.01473527569540964
leaf_weight=71.923697503778385 33.045066817714542 1473.4979359144854 22.347036321036285 16.542398622630575 3.3382913029054171 38.048036750347819 24.803465929508093 49.887974870202015
leaf_count=12510 4159 100427 2501 11755 2327 4599 4143 20863
internal_value=-7.83236e-05 0.000819173 0.0293811 -0.0161272 -0.0527675 -0.000178221 0.0139215 0.000390728
internal_weight=1733.43 1641.63 55.3921 91.8044 19.8807 1586.24 112.739 74.6914
internal_count=163284 136692 6660 26592 14082 130032 29605 25006
is_linear=0
shrinkage=0.0750466


Tree=136
num_leaves=9
num_cat=0
split_feature=56 11 5 135 151 5 131 85
split_gain=3.29768 3.51474 5.4399 5.37692 4.90116 6.48425 7.75943 5.70094
threshold=11582.655000000002 18.395000000000003 59.500000000000007 -348.99999999999994 1.5000000000000002 67.500000000000014 24486.375000000004 2404.6500000000005
decision_type=2 2 2 10 8 2 8 2
left_child=1 2 -1 4 -3 7 -7 -6
right_child=-2 3 -4 -5 5 6 -8 -9
leaf_value=-0.0076040264931619616 -0.025666212825087999 -0.0048454215851487514 0.009616706808768331 -0.018958990325212078 0.0063255254766857675 -0.025885914251275687 0.023911281019221395 0.023672104153499803
leaf_weight=505.22544701504376 27.909627384586202 250.67103866024991 129.86793796610436 59.50344555699121 539.80259666410711 63.033014394219208 24.462404257574235 132.99299241488916
leaf_count=10677 15033 23301 1997 9063 45651 7009 1053 49500
internal_value=-7.83937e-05 0.000340323 -0.00408262 0.0029644 0.00425477 0.00725514 -0.0119634 0.00975446
internal_weight=1733.47 1705.56 635.093 1070.47 1010.96 760.291 87.4954 672.796
internal_count=163284 148251 12674 135577 126514 103213 8062 95151
is_linear=0
shrinkage=0.0750466


Tree=137
num_leaves=9
num_cat=0
split_feature=50 33 107 22 22 7 7 113
split_gain=9.07235 5.79596 5.32285 5.71269 7.00883 4.66128 4.32919 4.75505
threshold=1.0000000180025095e-35 32887.870000000003 103.50000000000001 319.2050000000001 -9370.4499999999989 1462.8150000000003 2282.7150000000006 -1079.9999999999998
decision_type=2 2 2 2 2 2 2 8
left_child=1 6 3 4 -3 -5 -1 -8
right_child=-2 2 -4 5 -6 -7 7 -9
leaf_value=-0.00073341196435916501 -0.035675437810724575 0.0099193560027272601 -0.068314836091285858 -0.014540443082807102 -0.04668814892223374 0.062468049350486929 -0.004031591521719698 0.012737600060316604
leaf_weight=1152.9447218496425 39.403340251417831 20.521770266699605 10.676263796951387 8.5460248038652953 30.816875831675134 9.1841422933139238 134.24441031078459 327.72424632786715
leaf_count=89808 11035 1713 15904 2630 4230 2532 11414 24018
internal_value=-7.683e-05 0.000750891 -0.0189995 -0.0113766 -0.0240602 0.0253496 0.00172617 0.00786461
internal_weight=1734.06 1694.66 79.7451 69.0688 51.3386 17.7302 1614.91 461.969
internal_count=163284 152249 27009 11105 5943 5162 125240 35432
is_linear=0
shrinkage=0.0750466


Tree=138
num_leaves=9
num_cat=0
split_feature=17 7 39 16 55 25 16 25
split_gain=3.55579 7.38481 4.83557 5.37013 6.34814 7.72661 11.434 5.76191
threshold=3.5000000000000004 1261.8700000000001 25863.355000000003 -176.96999999999997 1.5000000000000002 1.0000000180025095e-35 -1.0000000180025095e-35 4305.3500000000013
decision_type=2 2 2 2 2 2 2 2
left_child=2 -2 3 -1 5 -5 7 -7
right_child=1 -3 -4 4 -6 6 -8 -9
leaf_value=-0.0035421972922090109 -0.011843997363701604 0.03564644521378512 -0.022732458245105055 0.0018938841013096872 -0.018417599470684814 0.087580022818334283 0.01067450390105122 0.029599670507528545
leaf_weight=974.31783958193409 31.662474228243809 44.16307943603897 54.760528647530009 393.66534787137789 57.469519018904975 18.179355681437301 138.3216730462882 20.581897293617658
leaf_count=56849 3287 4291 17631 19084 21090 1157 36185 3710
internal_value=-7.60673e-05 0.0158159 -0.000803164 -5.38141e-05 0.0053564 0.00775024 0.0207693 0.0567929
internal_weight=1733.12 75.8256 1657.3 1602.54 628.218 570.748 177.083 38.7613
internal_count=163284 7578 155706 138075 81226 60136 41052 4867
is_linear=0
shrinkage=0.0750466


Tree=139
num_leaves=9
num_cat=0
split_feature=10 80 64 64 107 5 5 5
split_gain=3.78973 3.36613 7.35821 8.77408 5.65112 4.50411 4.10753 11.3404
threshold=-3005.3049999999998 4.5000000000000009 1.0000000180025095e-35 11572.960000000001 109.50000000000001 44.500000000000007 61.500000000000007 67.500000000000014
decision_type=2 2 2 2 2 2 2 2
left_child=-1 6 4 5 -3 -4 -2 -8
right_child=1 2 3 -5 -6 -7 7 -9
leaf_value=-0.015049564148754333 -0.0020278381695623387 0.013597184778530957 0.039621299392424911 0.00058882851958136839 -0.042163087459162037 0.10286486569800708 0.023278010543564459 -0.0054951677414273835
leaf_weight=90.237565372954123 1238.1182281931469 25.881815014930908 17.346775026024265 24.033980927000812 16.933772428652446 9.9972854281004384 141.75638459650509 169.26059191181412
leaf_count=26592 97449 2265 4006 7787 4173 2359 8999 9654
internal_value=-7.57314e-05 0.000746503 0.0145208 0.0336685 -0.00845627 0.0627438 -9.10264e-05 0.00761917
internal_weight=1733.57 1643.33 94.1936 51.378 42.8156 27.3441 1549.14 311.017
internal_count=163284 136692 20590 14152 6438 6365 116102 18653
is_linear=0
shrinkage=0.0750466


Tree=140
num_leaves=9
num_cat=0
split_feature=99 141 95 82 82 127 127 138
split_gain=3.32183 9.16103 3.95494 4.57325 5.58204 6.253 7.19904 5.54514
threshold=1.0000000180025095e-35 4.4850000000000012 5.5000000000000009 6.5000000000000009 4.5000000000000009 3462.5000000000005 1578.5000000000002 -1.0000000180025095e-35
decision_type=2 8 2 2 2 8 10 10
left_child=2 -2 3 4 -1 6 -6 -5
right_child=1 -3 -4 7 5 -7 -8 -9
leaf_value=-0.001433524224012451 -0.011009168183551486 0.037084153745333574 0.022223412393993114 0.036364165152337889 0.014080821210980589 -0.012274385873350706 0.093265673666537513 -0.033119101490529254
leaf_weight=1509.5323929530678 42.870926843650523 46.503720585285919 40.830730881156342 7.5500531692305222 14.846608715473851 14.903729346526232 11.455564443036563 45.16247822578589
leaf_count=121005 3950 1524 3156 706 4407 4995 4152 19389
internal_value=-7.53525e-05 0.0140149 -0.000841226 -0.00142855 -0.000689621 0.0265624 0.0485687 -0.023167
internal_weight=1733.66 89.3746 1644.28 1603.45 1550.74 41.2059 26.3022 52.7125
internal_count=163284 5474 157810 154654 134559 13554 8559 20095
is_linear=0
shrinkage=0.0750466


Tree=141
num_leaves=9
num_cat=0
split_feature=10 127 129 10 137 10 96 20
split_gain=3.27978 5.01379 4.46429 7.27815 3.86455 4.05073 3.79906 6.15247
threshold=-3005.3049999999998 3233.5000000000005 4.5000000000000009 -4315.5249999999987 25456.255000000001 -5498.3249999999989 1.0000000180025095e-35 55.415000000000006
decision_type=2 10 8 2 8 2 2 2
left_child=1 2 3 -1 -4 -6 7 -2
right_child=6 -3 4 -5 5 -7 -8 -9
leaf_value=0.057791059418416543 -0.00034642419152031704 -0.043950882089643324 -0.048576756564888225 -0.028738975510804739 -0.038786445083735563 0.020634146012628252 0.0041527395591280528 -0.019195008214723711
leaf_weight=13.739006121220884 675.4249084348703 23.377209788974142 14.935260665253734 9.1010265707373019 10.225416755543845 17.552528079620974 854.53511511722172 113.994671777029
leaf_count=4119 28307 10932 2225 2628 2721 3967 97732 10653
internal_value=-7.40929e-05 -0.0141115 -0.00347039 0.0233116 -0.0177915 -0.00123933 0.000685268 -0.00306822
internal_weight=1732.89 88.9304 65.5532 22.84 42.7132 27.7779 1643.95 789.42
internal_count=163284 26592 15660 6747 8913 6688 136692 38960
is_linear=0
shrinkage=0.0750466


Tree=142
num_leaves=9
num_cat=0
split_feature=8 153 99 153 96 97 16 147
split_gain=3.22817 7.56576 4.22606 4.20999 7.07135 6.67826 6.46491 6.05652
threshold=-8804.7999999999975 12251.985000000002 2.5000000000000004 651.0150000000001 1.0000000180025095e-35 1.5000000000000002 -14461.189999999999 -9242.2649999999976
decision_type=2 10 2 8 2 2 2 8
left_child=1 -1 3 4 -2 -6 -5 -7
right_child=2 -3 -4 6 5 7 -8 -9
leaf_value=0.023993858474625405 -0.004754985085269431 -0.025117626847257882 0.027314923943502694 0.010669169962121234 0.038837301228868575 0.02868246899806897 -0.0082359462769429261 0.0021655444332399788
leaf_weight=78.42959315241751 400.96349503669626 22.802752759584109 29.401880488920142 120.37438265992387 38.829036050796276 57.113001086392615 662.87151065292346 322.07998716010479
leaf_count=11795 14011 4848 853 6269 1195 6302 100220 17791
internal_value=-7.26149e-05 0.0129314 -0.000879431 -0.00139681 0.00236519 0.00919482 -0.00533048 0.00615945
internal_weight=1732.87 101.232 1631.63 1602.23 818.986 418.022 783.246 379.193
internal_count=163284 16643 146641 145788 39299 25288 106489 24093
is_linear=0
shrinkage=0.0750466


Tree=143
num_leaves=9
num_cat=0
split_feature=60 112 125 4 108 133 71 99
split_gain=3.40024 4.49823 9.02988 4.26034 3.91006 4.38048 4.35603 3.1452
threshold=1079.3350000000003 720815.33500000008 -3240.0249999999996 1.5000000000000002 1.0000000180025095e-35 1.0000000180025095e-35 1.5000000000000002 1.0000000180025095e-35
decision_type=2 10 10 2 2 10 2 2
left_child=1 3 -3 4 5 6 7 -1
right_child=-2 2 -4 -5 -6 -7 -8 -9
leaf_value=-0.002172222484409448 -0.016529813270595699 0.0071227155057378205 0.075868498145314531 -0.021825522716455065 0.027249376337761401 0.024113510960399442 0.027688964952991516 0.014532160568267461
leaf_weight=1363.626535802272 67.922893015223963 70.666483850676741 12.693983710101746 50.121555872770841 29.970597526902566 40.844339327566558 29.604337831711746 66.581424374082417
leaf_count=119794 18042 12648 2478 2046 3263 341 1187 3485
internal_value=-7.13067e-05 0.00060047 0.0175912 -0.000295533 0.000409483 -0.000126554 -0.000804771 -0.00139457
internal_weight=1732.03 1664.11 83.3605 1580.75 1530.63 1500.66 1459.81 1430.21
internal_count=163284 145242 15126 130116 128070 124807 124466 123279
is_linear=0
shrinkage=0.0750466


Tree=144
num_leaves=9
num_cat=0
split_feature=50 33 8 0 32 33 32 32
split_gain=8.11812 5.16042 6.67928 6.00277 11.6005 5.53955 4.88141 4.50625
threshold=1.0000000180025095e-35 17595.285000000003 33046.075000000004 31507133.500000004 2.5000000000000004 115002.37000000001 7.5000000000000009 1.0000000180025095e-35
decision_type=2 2 2 2 2 2 2 2
left_child=1 7 3 4 -3 -4 -7 -1
right_child=-2 2 5 -5 -6 6 -8 -9
leaf_value=0.0010124125744581255 -0.034272587662802771 -0.038127968428837984 0.056523206592095782 -0.0420935938505171 0.09767856162846443 -0.047946598862231155 0.028070049731370502 0.024305466493537136
leaf_weight=1549.0884687117796 38.219137023610529 9.6686126859276538 10.681035425834127 50.415707561769523 5.5907199952562214 9.7880596144241299 9.2572063469051482 48.232482402789174
leaf_count=117021 11035 4187 3515 15645 2016 3846 1322 4697
internal_value=-6.91508e-05 0.000703112 -0.0162519 -0.0296114 0.0116289 0.0132634 -0.0109977 0.00171577
internal_weight=1730.94 1692.72 95.4013 65.675 15.2593 29.7263 19.0453 1597.32
internal_count=163284 152249 30531 21848 6203 8683 5168 121718
is_linear=0
shrinkage=0.0750466


Tree=145
num_leaves=9
num_cat=0
split_feature=50 127 6 28 16 58 58 148
split_gain=7.16953 3.74748 3.4744 6.4423 3.83962 5.43195 11.5244 5.17742
threshold=1.0000000180025095e-35 991.50000000000011 289.50000000000006 2982.1750000000006 -176.96999999999997 232.54500000000004 941.47000000000014 3.52
decision_type=2 10 2 2 2 2 2 10
left_child=2 -2 4 -4 -1 -6 -7 -8
right_child=1 -3 3 -5 5 6 7 -9
leaf_value=-0.003022163327473946 -0.0031444185550430718 -0.051962942685209033 0.039907236075023611 -0.0071286189093887212 -0.00091249937111900911 0.048555678617764005 0.0028298981042604986 0.054744085550744323
leaf_weight=974.60967898057788 14.620965635469473 22.459551210646168 34.512739742829581 31.249341942697356 406.75291972180275 42.900791343825404 192.01422083326906 11.465434752397412
leaf_count=57823 1577 9458 986 6740 35886 5594 41192 4028
internal_value=-6.98979e-05 -0.0327136 0.00064486 0.0175564 -3.83777e-05 0.00441405 0.0132077 0.0057551
internal_weight=1730.59 37.0805 1693.51 65.7621 1627.74 653.133 246.38 203.48
internal_count=163284 11035 152249 7726 144523 86700 50814 45220
is_linear=0
shrinkage=0.0750466


Tree=146
num_leaves=9
num_cat=0
split_feature=50 113 142 112 142 6 10 11
split_gain=6.33869 3.56421 3.7853 3.37585 4.8167 6.73192 6.46371 4.3417
threshold=1.0000000180025095e-35 -1079.9999999999998 769464.67500000016 720815.33500000008 1245067.9450000001 105.50000000000001 -109.73499999999999 -1.0000000180025095e-35
decision_type=2 10 10 10 10 2 2 2
left_child=3 -2 -3 7 5 -5 -7 -1
right_child=1 2 -4 4 -6 6 -8 -9
leaf_value=-0.023858090866596009 -0.0057583728563435285 -0.075769367144572761 -0.0044752625512031819 0.061678775073135114 -0.0051174651044985442 -0.026964795510182719 0.045939388233836843 0.00045375357146730896
leaf_weight=42.493245894067513 16.631064391756809 13.208702758533038 6.1457582340080981 21.724057266255841 38.043808141108457 15.210961822805986 12.459364544047274 1565.0258420339596
leaf_count=4407 2582 4252 4201 2673 6452 5015 1170 132532
internal_value=-6.95101e-05 -0.0312372 -0.0531308 0.000592209 0.0149527 0.0304109 0.00586242 -0.000188907
internal_weight=1730.94 35.9855 19.3545 1694.96 87.4382 49.3944 27.6703 1607.52
internal_count=163284 11035 8453 152249 15310 8858 6185 136939
is_linear=0
shrinkage=0.0750466


Tree=147
num_leaves=9
num_cat=0
split_feature=7 9 134 11 51 147 150 102
split_gain=3.16202 6.57315 8.94263 5.86757 9.21277 9.22469 5.11261 4.03854
threshold=1655.0800000000002 511.12500000000006 93605.400000000009 180.44000000000003 1.0000000180025095e-35 -21440.649999999998 5236.5900000000011 1.0000000180025095e-35
decision_type=2 2 8 2 2 10 8 2
left_child=1 2 6 -4 5 -5 -1 -2
right_child=7 -3 3 4 -6 -7 -8 -9
leaf_value=-0.032771069836473689 0.0040493086355639354 -0.011129822112265908 0.0021136459748044333 0.061322641045479839 -0.015178886768152178 0.0089670458873194834 -0.00069682624968443665 -0.022193451789708919
leaf_weight=54.36469170183409 858.35015941248639 355.10929989482247 268.66771800650167 39.9166898163312 26.149373336629651 36.089650759837241 57.691071458917577 34.348476413299068
leaf_count=6351 65033 52031 10290 3497 14684 2774 6059 2565
internal_value=-6.83631e-05 -0.0033792 0.00232061 0.00793468 0.0232439 0.0364629 -0.0162579 0.00303956
internal_weight=1730.69 837.988 482.879 370.823 102.156 76.0063 112.056 892.699
internal_count=163284 95686 43655 31245 20955 6271 12410 67598
is_linear=0
shrinkage=0.0750466


Tree=148
num_leaves=9
num_cat=0
split_feature=13 22 150 25 10 25 94 150
split_gain=3.45033 3.18779 7.57554 3.52248 5.13339 6.19312 4.96069 4.67696
threshold=1.5000000000000002 305328.60000000003 7173.1900000000014 1.0000000180025095e-35 1875.5950000000003 29094.785000000003 1.0000000180025095e-35 1.0000000180025095e-35
decision_type=2 2 10 2 2 2 2 8
left_child=1 3 -3 7 5 -5 -7 -1
right_child=-2 2 -4 4 -6 6 -8 -9
leaf_value=-0.013034466868531932 -0.02337813192077989 0.0031156863724611456 -0.061168421276193395 0.0092575256496051136 0.046765072138840152 -0.027602041578036803 0.034617816323182497 0.00075101145410672433
leaf_weight=158.67438295925967 35.040652158437297 29.79151668150007 15.800112957509553 322.64863081354997 17.586045033291157 46.579584825147322 8.5399525454049563 1095.905701781543
leaf_count=4433 829 8076 13424 63191 5448 25556 2858 39469
internal_value=-6.86172e-05 0.00041311 -0.0191624 0.000954029 0.00713103 0.00528597 -0.017962 -0.000992522
internal_weight=1730.57 1695.53 45.5916 1649.93 395.354 377.768 55.1195 1254.58
internal_count=163284 162455 21500 140955 97053 91605 28414 43902
is_linear=0
shrinkage=0.0750466


Tree=149
num_leaves=9
num_cat=0
split_feature=50 33 83 6 13 113 142 113
split_gain=5.59224 4.61752 4.40857 5.36986 3.82177 3.30747 3.68113 3.04692
threshold=1.0000000180025095e-35 32887.870000000003 18768.025000000005 171.50000000000003 1.5000000000000002 -1079.9999999999998 769464.67500000016 -2054.4999999999995
decision_type=2 2 2 2 2 10 10 8
left_child=1 4 3 -3 7 -2 -7 -1
right_child=5 2 -4 -5 -6 6 -8 -9
leaf_value=-0.012942069217695017 -0.0054209379211197983 -0.020201145894239568 -0.067064306171781371 0.036469116556708064 -0.023538845330792341 -0.075197180534667757 -0.003925668729477385 0.002663883517560688
leaf_weight=73.907769382174592 16.565105481568025 57.401397585967061 8.8916812708412163 11.265152250954996 33.876336173620075 12.340062041839703 6.0984469203322069 1510.3532664115119
leaf_count=9569 2582 13310 9235 4464 797 4252 4201 114874
internal_value=-6.77525e-05 0.000545155 -0.0173426 -0.0109041 0.00140252 -0.0297591 -0.0516245 0.00193585
internal_weight=1730.7 1695.7 77.5582 68.6665 1618.14 35.0036 18.4385 1584.26
internal_count=163284 152249 27009 17774 125240 11035 8453 124443
is_linear=0
shrinkage=0.0750466


Tree=150
num_leaves=9
num_cat=0
split_feature=131 11 131 82 94 11 103 123
split_gain=2.96999 7.88887 5.63841 3.70539 7.95781 4.58798 3.51031 8.0941
threshold=568.90500000000009 52.845000000000006 14023.215000000002 6.5000000000000009 1.0000000180025095e-35 1958.5550000000001 1.0000000180025095e-35 5.5000000000000009
decision_type=10 2 8 2 2 2 2 8
left_child=3 -2 6 -1 5 -5 -3 -8
right_child=1 2 -4 4 -6 -7 7 -9
leaf_value=0.0015086965068331027 -0.044394381375844373 -0.01490946393897521 0.04123600899708136 -0.047613819467236349 0.046774360351276523 0.019620538629374497 0.045763927475241169 -0.061519767620936659
leaf_weight=1536.7426597128542 30.284516371029895 80.936830926188122 15.184430182343929 30.274872462159692 8.1889583160009334 7.0465470647832253 16.066413200554965 5.2563954452525641
leaf_count=110129 3051 18280 3391 8823 1515 4323 10308 3464
internal_value=-6.64086e-05 -0.0102428 -0.00143634 0.000883719 -0.0202198 -0.0349195 -0.00777271 0.0193169
internal_weight=1729.98 147.729 117.444 1582.25 45.5104 37.3214 102.26 21.3228
internal_count=163284 38494 35443 124790 14661 13146 32052 13772
is_linear=0
shrinkage=0.0750466


Tree=151
num_leaves=9
num_cat=0
split_feature=33 138 133 8 9 6 8 9
split_gain=3.80302 4.21085 3.45643 2.94822 5.48802 8.38901 8.36425 6.39861
threshold=115002.37000000001 5216.3500000000013 8.0000000000000018 9683.5850000000009 1061.5900000000001 131.50000000000003 12961.865000000002 2299.4850000000006
decision_type=2 10 10 2 2 2 2 2
left_child=2 -2 3 -1 6 -6 -5 -7
right_child=1 -3 -4 4 5 7 -8 -9
leaf_value=0.0031155742499576759 -0.0098795151925334199 -0.067467031618249282 0.026033133476313235 -0.022882800350154515 0.00068887174430612137 -0.025635336142269861 0.017292855815250498 -0.00083375044515298865
leaf_weight=852.46330189259243 33.167686976885307 9.1167523594449431 29.319648866425268 37.19525700603117 376.05915775558242 166.45100057331001 135.52378634024353 90.404743434890406
leaf_count=67130 3981 10431 196 6036 17792 14157 29549 14012
internal_value=-6.61675e-05 -0.0222957 0.000490875 3.92188e-05 -0.00321596 -0.00645165 0.00864098 -0.016906
internal_weight=1729.7 42.2844 1687.42 1658.1 805.634 632.915 172.719 256.856
internal_count=163284 14412 148872 148676 81546 45961 35585 28169
is_linear=0
shrinkage=0.0750466


Tree=152
num_leaves=9
num_cat=0
split_feature=33 151 13 16 108 0 12 27
split_gain=3.33349 4.83522 3.24282 3.38123 11.6421 4.48692 7.02206 4.17684
threshold=115002.37000000001 1.0000000180025095e-35 1.5000000000000002 -176.96999999999997 1.0000000180025095e-35 14632853.000000002 6.5000000000000009 2.5000000000000004
decision_type=2 10 2 2 2 2 2 2
left_child=2 -2 3 7 5 6 -5 -1
right_child=1 -3 -4 4 -6 -7 -8 -9
leaf_value=0.0012077433080655974 -0.0070442561819408769 -0.067892604942301191 -0.022686736097700496 0.021555353060433956 0.063092920547420245 0.0050100322833077334 -0.043696718813282569 -0.0095929397889533505
leaf_weight=713.93924430758489 31.827568507062097 9.5654122201885894 33.43886784138158 14.332375784724716 18.927798977347265 599.48011275619137 26.392271154807531 281.03246676345589
leaf_count=12099 4062 10350 805 1114 2670 84842 6193 41149
internal_value=-6.51294e-05 -0.0211056 0.000450962 0.000918707 0.00508746 0.00337251 -0.0207323 -0.00184294
internal_weight=1728.94 41.393 1687.54 1654.1 659.133 640.205 40.7246 994.972
internal_count=163284 14412 148872 148067 94819 92149 7307 53248
is_linear=0
shrinkage=0.0750466


Tree=153
num_leaves=9
num_cat=0
split_feature=39 140 20 99 153 153 9 8
split_gain=2.83868 4.51212 3.83441 2.87123 6.65381 4.36732 8.99554 7.65033
threshold=313319.83000000002 29747.050000000003 21948.550000000003 1.0000000180025095e-35 4779.9750000000013 3853.3050000000007 3165.5400000000004 9683.5850000000009
decision_type=2 8 2 2 8 8 2 2
left_child=3 2 -2 5 -5 6 7 -1
right_child=1 -3 -4 4 -6 -7 -8 -9
leaf_value=0.0066664994039762875 -0.02180258166054018 -0.055464002599336627 0.051769035272104837 -0.0059156715770283964 0.035428944254277388 -0.0060274063057012212 0.03636686590093844 -0.0062566445754108496
leaf_weight=584.68716628290713 12.378239087236581 13.370739714257072 5.8872330749472885 46.561516893547378 41.428714618377853 520.25515236467618 42.046121867842885 461.72770167803901
leaf_count=40067 3755 3727 3561 2847 2222 56163 4511 46431
internal_value=-6.4869e-05 -0.0223382 0.00191064 0.000350432 0.0135507 -0.000371571 0.00233177 0.000964197
internal_weight=1728.34 31.6362 18.2655 1696.71 87.9902 1608.72 1088.46 1046.41
internal_count=163284 11043 7316 152241 5069 147172 91009 86498
is_linear=0
shrinkage=0.0750466


Tree=154
num_leaves=9
num_cat=0
split_feature=56 12 153 39 150 23 16 108
split_gain=2.67048 3.94835 4.59927 3.03501 3.26505 3.32615 2.74217 10.0177
threshold=11582.655000000002 6.5000000000000009 134.89500000000001 313319.83000000002 29747.050000000003 1.5000000000000002 -176.96999999999997 1.0000000180025095e-35
decision_type=2 2 8 2 8 2 2 2
left_child=3 -2 -3 6 5 -5 -1 -8
right_child=1 2 -4 4 -6 -7 7 -9
leaf_value=-0.001756161270043243 0.014715809588435165 0.017567257039591069 -0.06938495120946378 0.023957506519023886 -0.053275671671736531 -0.04327532234638478 0.0028815121435291731 0.058282939179909773
leaf_weight=1002.2785713409576 9.6801156224901224 4.7409340177400763 12.352483241131266 10.48853617297573 12.20389850944048 6.8512304054383995 650.42464930509595 18.91638572546799
leaf_count=56658 2199 1336 11498 4084 3193 2304 79846 2166
internal_value=-6.37611e-05 -0.0235808 -0.0452684 0.000306358 -0.0235374 -0.0026073 0.000727765 0.00444722
internal_weight=1727.94 26.7735 17.0934 1701.16 29.5437 17.3398 1671.62 669.341
internal_count=163284 15033 12834 148251 9581 6388 138670 82012
is_linear=0
shrinkage=0.0750466


Tree=155
num_leaves=9
num_cat=0
split_feature=50 6 134 134 134 81 6 57
split_gain=4.93392 3.22207 5.73939 3.64386 4.46779 6.38414 7.41593 6.71431
threshold=1.0000000180025095e-35 289.50000000000006 93605.400000000009 139352.40000000002 214834.95000000004 56108.485000000008 61.500000000000007 1.0000000180025095e-35
decision_type=2 2 10 10 10 2 2 2
left_child=1 3 -3 -1 5 7 -7 -5
right_child=-2 2 -4 4 -6 6 -8 -9
leaf_value=-0.003131157712188205 -0.028350391068811952 0.04567767885717338 -0.0001813888007765076 0.0058664411364244594 -0.00092456281078487725 0.02601439927208736 -0.045436709948563303 0.031892347263588354
leaf_weight=955.68202413536346 34.04223199378248 24.378554163478839 41.594396239968773 143.32669145029649 402.85332842293792 13.149632625863886 21.651612700246915 91.448508638211933
leaf_count=61177 11035 1139 6587 7668 52858 3907 7979 10934
internal_value=-6.26846e-05 0.00050575 0.0167646 -0.000153078 0.00407948 0.0115575 -0.0184389 0.0160039
internal_weight=1728.13 1694.08 65.973 1628.11 672.43 269.576 34.8012 234.775
internal_count=163284 152249 7726 144523 83346 30488 11886 18602
is_linear=0
shrinkage=0.0750466


Tree=156
num_leaves=9
num_cat=0
split_feature=44 21 102 16 135 0 16 29
split_gain=2.93825 3.13458 7.1711 3.59615 3.50679 5.91934 5.61856 7.40233
threshold=1.0000000180025095e-35 1.0000000180025095e-35 1.0000000180025095e-35 -1222.1199999999997 -532.49999999999989 17055618.500000004 -6095.0899999999992 1.0000000180025095e-35
decision_type=2 2 2 2 10 2 2 2
left_child=1 3 4 -1 6 -6 7 -3
right_child=-2 2 -4 -5 5 -7 -8 -9
leaf_value=0.022134175756204296 -0.026053780240980418 0.0043720055821481942 -0.03083073678871907 0.00088606401887368505 -0.046084364047125612 -0.0041665538191350418 0.0038865164786185801 -0.018474071256868955
leaf_weight=75.434457396368089 24.153370957341394 153.70512117178441 43.558998061780585 110.67986142003792 23.269145285179547 102.76488316358518 1028.4821141988723 166.28634339329074
leaf_count=810 5166 2105 4479 4919 3842 12795 116104 13064
internal_value=-6.23642e-05 0.000306012 -0.000820945 0.00949819 6.55862e-05 -0.0119057 0.00118447 -0.00750016
internal_weight=1728.33 1704.18 1518.07 186.114 1474.51 126.034 1348.47 319.991
internal_count=163284 158118 152389 5729 147910 16637 131273 15169
is_linear=0
shrinkage=0.0750466


Tree=157
num_leaves=9
num_cat=0
split_feature=10 125 22 151 74 107 80 74
split_gain=2.72742 7.63904 5.09299 5.39437 6.44343 4.59777 2.83607 7.47581
threshold=-3005.3049999999998 -367.86499999999995 54211.545000000006 4.5000000000000009 1660.8950000000002 103.50000000000001 4.5000000000000009 391.17500000000007
decision_type=2 10 2 10 2 2 2 2
left_child=1 2 3 -1 -5 -6 -2 -8
right_child=6 -3 -4 4 5 -7 7 -9
leaf_value=-0.031758736386379209 -0.00014818472640294923 0.059156761816254511 -0.05711008710429484 0.061076865122153857 0.023409803883403052 -0.046946598307680942 0.04720857709759655 0.00019124002538995158
leaf_weight=32.088328449441178 1545.1152732494193 7.5476115739329535 16.397003922626027 10.17792976000783 10.476037363856451 10.44879343246066 26.331313694245182 68.837862109863636
leaf_count=3739 116102 1908 13159 3060 1196 3530 4720 15870
internal_value=-6.10264e-05 -0.0129991 -0.0198419 -0.0101714 0.0121 -0.0117226 0.000626273 0.0132
internal_weight=1727.42 87.1357 79.5881 63.1911 31.1028 20.9248 1640.28 95.1692
internal_count=163284 26592 24684 11525 7786 4726 136692 20590
is_linear=0
shrinkage=0.0750466


Tree=158
num_leaves=9
num_cat=0
split_feature=50 5 5 153 22 10 150 116
split_gain=4.2552 5.47474 3.16897 2.43658 7.18568 7.53452 6.94564 10.3706
threshold=1.0000000180025095e-35 63.500000000000007 44.500000000000007 651.0150000000001 -9370.4499999999989 39.975000000000001 3519.0050000000006 400.57500000000005
decision_type=2 2 2 8 2 2 10 8
left_child=3 2 -2 4 -1 6 -6 -8
right_child=1 -3 -4 -5 5 -7 7 -9
leaf_value=-0.014610336346622184 -0.011130620562494888 0.011446178673175999 -0.073281872863897604 -0.0023224992697263667 -0.0028698353092777218 0.017825974387124622 0.037847252329796875 -0.020265653538582822
leaf_weight=108.72866948899173 7.1734736494145208 12.901147615601074 12.982111564349905 866.56464078608769 419.89103158566286 215.67139426839276 59.053382944963232 24.457989918344538
leaf_count=1957 2290 3719 5026 114097 20985 7521 4635 3054
internal_value=-6.12486e-05 -0.0267277 -0.0511619 0.000459008 0.00337076 0.00608962 0.00106144 0.0208277
internal_weight=1727.42 33.0567 20.1556 1694.37 827.802 719.074 503.402 83.5114
internal_count=163284 11035 7316 152249 38152 36195 28674 7689
is_linear=0
shrinkage=0.0750466


Tree=159
num_leaves=9
num_cat=0
split_feature=33 33 11 0 127 22 12 0
split_gain=2.87675 3.2607 3.10447 3.1718 3.03677 3.23828 5.18187 4.00539
threshold=115002.37000000001 453889.19500000007 -1.0000000180025095e-35 37799697.500000007 145.50000000000003 305328.60000000003 6.5000000000000009 15842220.000000002
decision_type=2 2 2 2 8 2 2 2
left_child=2 -2 3 -1 -4 7 -7 -6
right_child=1 -3 4 -5 5 6 -8 -9
leaf_value=0.00016100527662468299 -0.029811990912438906 0.025699589248466687 -0.019855980036458522 -0.037878593591995233 -0.011058909888865962 0.024497638412691144 -0.035628400376932289 0.0031276356279036797
leaf_weight=25.69943488395802 33.178111045945116 7.2642339624944716 38.498052301933058 23.757296810999833 121.57111435403567 11.065413356031057 29.849558356476336 1436.7040428188775
leaf_count=2549 12010 2402 4489 2427 11494 2508 17774 107631
internal_value=-6.13354e-05 -0.019841 0.000412801 -0.0181119 0.000972231 0.00147364 -0.0193674 0.00202085
internal_weight=1727.59 40.4423 1687.14 49.4567 1637.69 1599.19 40.915 1558.28
internal_count=163284 14412 148872 4976 143896 139407 20282 119125
is_linear=0
shrinkage=0.0750466


Tree=160
num_leaves=9
num_cat=0
split_feature=17 51 73 33 151 22 125 85
split_gain=2.88256 5.22992 4.5308 4.07278 3.93224 5.80559 6.2404 5.40054
threshold=3.5000000000000004 1.0000000180025095e-35 1.0000000180025095e-35 32887.870000000003 4.5000000000000009 -1.0000000180025095e-35 -3240.0249999999996 2404.6500000000005
decision_type=2 2 2 2 10 2 10 2
left_child=1 3 -3 4 -1 -6 7 -7
right_child=-2 2 -4 -5 5 6 -8 -9
leaf_value=-0.00032193660510694311 0.014175476258316024 0.026396665437890664 -0.019248920756892527 -0.018452198366820119 0.026871267489917375 0.00027893102920942693 -0.035851581396551133 0.039468010577616203
leaf_weight=1226.8402395012381 76.562712998078496 13.591081964143084 123.86600995377739 60.945035112064943 78.920556208642665 100.12894545228482 21.377831999343471 24.687784474204818
leaf_count=32058 7578 1403 83356 10178 5289 14005 3554 5863
internal_value=-5.97459e-05 -0.000720141 -0.0147357 0.000553267 0.00135101 0.0104683 0.00161345 0.00803023
internal_weight=1726.92 1650.36 137.457 1512.9 1451.96 225.115 146.195 124.817
internal_count=163284 155706 84759 70947 60769 28711 23422 19868
is_linear=0
shrinkage=0.0750466


Tree=161
num_leaves=9
num_cat=0
split_feature=7 146 146 51 9 80 147 12
split_gain=3.26334 7.82236 6.99114 5.21742 6.15209 5.40086 6.05699 5.01778
threshold=1655.0800000000002 1.0000000180025095e-35 11715.525000000003 1.0000000180025095e-35 655.8850000000001 1.5000000000000002 -7681.6749999999993 4.5000000000000009
decision_type=2 10 10 2 2 2 10 2
left_child=3 7 -3 4 5 6 -1 -2
right_child=1 2 -4 -5 -6 -7 -8 -9
leaf_value=0.006483874523854352 0.017655340851916293 0.060028998944264111 0.00071581665911385668 -0.019058336421054613 -0.0093378282884039859 0.021155124326581877 -0.015997464724988791 -0.00059260540216878987
leaf_weight=246.23585239659587 95.713206989254104 25.018832538968127 20.251219087371283 105.1167341271539 304.09922840788204 88.328578349122836 92.982728759991005 749.00671437117853
leaf_count=7201 719 1519 4496 59691 20143 6272 2379 60864
internal_value=-5.96289e-05 0.00310378 0.0334957 -0.00342427 -0.0011781 0.00462563 0.000321546 0.00147503
internal_weight=1726.75 889.99 45.2701 836.763 731.646 427.547 339.219 844.72
internal_count=163284 67598 6015 95686 35995 15852 9580 61583
is_linear=0
shrinkage=0.0750466


Tree=162
num_leaves=9
num_cat=0
split_feature=60 10 138 99 0 4 10 74
split_gain=2.60811 4.35416 4.83465 3.67984 3.49302 3.35414 3.43184 3.86634
threshold=1079.3350000000003 -1918.8199999999999 5216.3500000000013 2.5000000000000004 37799697.500000007 1.5000000000000002 567.17500000000007 3171.9350000000004
decision_type=2 2 10 2 2 2 2 2
left_child=3 -2 -3 5 -4 6 7 -1
right_child=1 2 4 -5 -6 -7 -8 -9
leaf_value=-0.0016381737293848493 -0.048471440351458388 -0.029687624453829092 -0.0021855414694310978 0.027038990756672154 0.05400136690124524 -0.019381781442651649 0.0092262779347791583 0.017854669437938467
leaf_weight=1296.9663187634469 16.212737792226108 22.242136462446069 17.88793791148419 28.959619952460343 9.5628363906034775 48.534725754616375 225.21936233226006 59.956719700596295
leaf_count=116335 7551 1389 6244 768 2858 2073 15826 10240
internal_value=-5.95305e-05 -0.0147007 -0.00368271 0.000521884 0.0173879 5.09593e-05 0.000647089 -0.000776867
internal_weight=1725.54 65.9056 49.6929 1659.64 27.4508 1630.68 1582.14 1356.92
internal_count=163284 18042 10491 145242 9102 144474 142401 126575
is_linear=0
shrinkage=0.0750466


Tree=163
num_leaves=9
num_cat=0
split_feature=17 52 4 145 11 25 125 113
split_gain=2.41815 5.22086 5.75908 4.31324 5.87074 4.30334 4.58191 12.6684
threshold=3.5000000000000004 16685.650000000005 1.0000000180025095e-35 5.5000000000000009 225.00500000000002 42859.455000000009 -2063.0949999999998 -713.99999999999989
decision_type=2 2 2 8 2 2 10 10
left_child=1 -1 5 4 -2 6 -3 -8
right_child=3 2 -4 -5 -6 -7 7 -9
leaf_value=0.00045734805106946761 -0.031032653057936836 -0.020570791610497609 0.05271540228112246 0.033689846372489382 0.023388376471553004 -0.067675722335200694 -0.039627690172086685 0.16650568943742372
leaf_weight=1538.4956852280484 21.069739066500915 85.608695832976082 6.3669163217746236 32.570610226750432 23.746211465004308 9.9747021265466156 4.2112564893723174 2.79261997271169
leaf_count=74590 779 56694 2608 2610 4189 15189 3843 2782
internal_value=-5.79082e-05 -0.00066692 -0.0165422 0.0129071 -0.00219709 -0.0208406 -0.0157963 0.0425628
internal_weight=1724.84 1647.45 108.954 77.3866 44.816 102.587 92.6126 7.00388
internal_count=163284 155706 81116 7578 4968 78508 63319 6625
is_linear=0
shrinkage=0.0750466


Tree=164
num_leaves=9
num_cat=0
split_feature=27 116 27 5 0 9 7 7
split_gain=2.81487 7.62017 2.97543 8.27485 16.2894 3.9499 3.86822 2.9659
threshold=35.500000000000007 11379.470000000003 23.500000000000004 45.500000000000007 34241628.000000007 1786.0550000000001 -680.09499999999991 2050.3150000000005
decision_type=2 8 2 2 2 2 2 2
left_child=2 -2 7 6 5 -5 -4 -1
right_child=1 -3 3 4 -6 -7 -8 -9
leaf_value=-0.0025726427307436227 -0.056676534280291749 0.032173896921541878 -0.063779113152397357 0.054112220352330084 0.15061570862378337 -0.027831706290154974 0.0089439121433765017 0.004019656607964172
leaf_weight=1058.2256450952154 15.556705741408223 8.356593159143813 6.1865481544991807 5.7621756308180938 6.6199517346976782 7.7941642963924096 12.328129185058058 603.60559114451098
leaf_count=88976 6563 4497 2623 2664 1815 2805 4587 48754
internal_value=-5.87718e-05 -0.0256274 0.000300783 0.020874 0.0541203 0.00699888 -0.015356 -0.000178207
internal_weight=1724.44 23.9133 1700.52 38.691 20.1763 13.5563 18.5147 1661.83
internal_count=163284 11060 152224 14494 7284 5469 7210 137730
is_linear=0
shrinkage=0.0750466


Tree=165
num_leaves=9
num_cat=0
split_feature=50 39 73 39 33 32 32 109
split_gain=3.76329 2.80923 4.55766 5.38593 2.79122 6.09314 3.79925 3.45969
threshold=1.0000000180025095e-35 313319.83000000002 7.5000000000000009 857069.45500000019 17595.285000000003 10.500000000000002 1.0000000180025095e-35 1.0000000180025095e-35
decision_type=2 2 2 2 2 2 2 2
left_child=1 4 -3 -4 6 -6 7 -1
right_child=-2 2 3 -5 5 -7 -8 -9
leaf_value=-0.0023393163870898664 -0.025450501091636449 -0.047136220418383945 -0.037559228637058795 0.063968617967561092 -0.021912881347044201 0.026977917892333819 0.022121108364443122 0.004845534387639335
leaf_weight=837.26869699321105 32.262081479497283 17.351076926992395 5.8673150703034462 5.9037689731339924 71.354751964587194 17.972554057847447 49.041295331262518 687.29896839027788
leaf_count=30852 11035 3843 2956 2898 27556 2359 4545 77240
internal_value=-6.02267e-05 0.000423884 -0.0226831 0.0133619 0.000828544 -0.0120761 0.00156109 0.000899727
internal_weight=1724.32 1692.06 29.1222 11.7711 1662.94 89.3273 1573.61 1524.57
internal_count=163284 152249 9697 5854 142552 29915 112637 108092
is_linear=0
shrinkage=0.0750466


Tree=166
num_leaves=9
num_cat=0
split_feature=50 16 9 71 16 9 58 23
split_gain=3.29677 3.02818 5.36734 4.04098 3.13937 7.44756 7.24484 4.60382
threshold=1.0000000180025095e-35 2347.2300000000005 1388.5400000000002 1.5000000000000002 -176.96999999999997 3165.5400000000004 2721.1550000000007 2.5000000000000004
decision_type=2 2 2 2 2 2 2 2
left_child=1 3 -3 4 7 -6 -7 -1
right_child=-2 2 -4 -5 5 6 -8 -9
leaf_value=-0.0010615180898939243 -0.02409751603890008 0.012506050068412619 -0.050732684702519522 0.025966756318193149 0.0026443222711294554 0.089117700134721756 0.010055125043469502 -0.021991889359462464
leaf_weight=911.67891642809263 31.544901464945724 13.474366823327729 17.217430787964986 35.22719134754152 625.09818878832448 11.191913100570675 15.66240606152496 63.296134039377648
leaf_count=54495 11035 3133 3198 1212 79637 1538 4380 4656
internal_value=-5.93325e-05 0.000388601 -0.0229695 0.00081991 0.000275415 0.00430683 0.0430056 -0.00242033
internal_weight=1724.39 1692.85 30.6918 1662.15 1626.93 651.953 26.8543 974.975
internal_count=163284 152249 6331 145918 144706 85555 5918 59151
is_linear=0
shrinkage=0.0750466


Tree=167
num_leaves=9
num_cat=0
split_feature=20 120 135 20 85 142 135 7
split_gain=2.47669 5.90128 3.90273 3.59718 9.42718 8.15499 3.23857 4.27111
threshold=109749.33500000001 91494.000000000015 -683.49999999999989 48105.080000000009 4750.6500000000005 238705.50000000003 -532.49999999999989 5005.1550000000016
decision_type=2 10 10 2 2 8 10 2
left_child=3 -2 -3 6 -5 -6 7 -1
right_child=1 2 -4 4 5 -7 -8 -9
leaf_value=-0.00021123270608765801 -0.053198901385243039 -0.012152420448694376 0.048679366877278231 0.001051869817186414 0.024549304097833735 0.17276337706921308 -0.011441527518307942 0.0149064945641856
leaf_weight=1398.3822936465258 16.539095149273635 26.750653192808386 7.635052253775938 23.597848321282076 4.4863105303847961 3.9155432485895298 129.44145516238495 113.81844741127134
leaf_count=107717 3238 11214 3708 4609 2391 2398 14450 13559
internal_value=-5.89222e-05 -0.0163629 0.00135476 0.000437168 0.0253571 0.093622 -4.85843e-05 0.00092663
internal_weight=1724.57 50.9248 34.3857 1673.64 31.9997 8.40185 1641.64 1512.2
internal_count=163284 18160 14922 145124 9398 4789 135726 121276
is_linear=0
shrinkage=0.0750466


Tree=168
num_leaves=9
num_cat=0
split_feature=50 97 134 22 0 134 0 0
split_gain=2.89492 3.49692 2.24775 5.53696 5.33494 4.21196 5.8493 5.45006
threshold=1.0000000180025095e-35 11.500000000000002 139352.40000000002 -22789.309999999994 15842220.000000002 214834.95000000004 31507133.500000004 26921913.500000004
decision_type=2 2 10 2 2 10 2 2
left_child=2 -2 3 -1 -4 -6 7 -7
right_child=1 -3 4 -5 5 6 -8 -9
leaf_value=0.016046512633941801 -0.0015815048005722021 -0.052830110223015363 -0.01695414670709738 -0.0037167911947248735 0.012978172087024677 -0.00026983202803143331 -0.0066009649859413017 0.029248545742030965
leaf_weight=87.627135731083399 18.091211612747433 12.807047689340832 64.721509885992418 898.26529043979826 261.85963298322167 80.833279781243618 237.82001781124927 62.43747884253753
leaf_count=1588 2110 8925 9500 61499 29426 11992 29108 9136
internal_value=-5.91778e-05 -0.0228236 0.000356148 -0.00196021 0.00358318 0.00565053 0.000615477 0.0125943
internal_weight=1724.46 30.8983 1693.56 985.892 707.672 642.95 381.091 143.271
internal_count=163284 11035 152249 63087 89162 79662 50236 21128
is_linear=0
shrinkage=0.0750466


Tree=169
num_leaves=9
num_cat=0
split_feature=112 112 112 140 140 80 81 81
split_gain=2.44165 3.65478 6.99208 6.95193 5.09281 5.27046 4.75983 8.27374
threshold=720815.33500000008 228031.20000000004 190026.00000000003 4363.6450000000013 1.0000000180025095e-35 5.5000000000000009 15997.960000000001 3571.4900000000002
decision_type=10 10 10 10 8 2 2 2
left_child=1 2 6 -4 -3 -6 7 -1
right_child=-2 4 3 -5 5 -7 -8 -9
leaf_value=-0.00094750264877183532 0.01168112245440542 -0.033939586291532965 0.0084215068694773101 0.058461714188336109 -0.0073804879528194282 0.036806902095084297 -0.0090938133826104703 0.017879177065462607
leaf_weight=832.16528412339176 94.324975443021685 38.16451273315397 53.259366765465529 22.134422229395568 233.81826588946569 16.259622806406696 277.67341640255472 156.13278330727917
leaf_count=33579 19617 2969 3708 5323 30459 5449 51183 10997
internal_value=-5.8132e-05 -0.000737624 0.000909877 0.0231125 -0.00840443 -0.0045075 -0.000412382 0.00202676
internal_weight=1723.93 1629.61 1341.37 75.3938 288.242 250.078 1265.97 988.298
internal_count=163284 143667 104790 9031 38877 35908 95759 44576
is_linear=0
shrinkage=0.0750466


Tree=170
num_leaves=9
num_cat=0
split_feature=127 125 140 135 11 128 83 125
split_gain=2.42327 2.74761 2.96875 2.85761 2.31129 2.7852 5.78882 4.7748
threshold=145.50000000000003 -28173.074999999993 12306.960000000001 -927.99999999999989 -1.0000000180025095e-35 5692.1350000000011 10206.270000000002 -12437.629999999999
decision_type=8 8 8 10 2 10 2 8
left_child=-1 2 -2 -4 -3 -6 7 -7
right_child=1 4 3 -5 5 6 -8 -9
leaf_value=-0.0183046046779771 0.0079797353873162936 -0.015818514541332013 -0.058167573504458524 0.0014934080909122212 0.00073458415832251052 -0.036853831603557728 0.054850531478286647 0.023973685847036984
leaf_weight=40.041721850768226 12.335704554949187 45.809522893268877 13.790754529458352 6.7270807133281805 1558.4188740659483 12.071285654270467 16.640864621582296 18.265618668450774
leaf_count=5079 2625 4785 4585 3203 128665 2804 8045 3493
internal_value=-5.84119e-05 0.000375426 -0.0211147 -0.0386068 0.000803008 0.0012773 0.0192811 -0.000230047
internal_weight=1724.1 1684.06 32.8535 20.5178 1651.21 1605.4 46.9778 30.3369
internal_count=163284 158205 10413 7788 147792 143007 14342 6297
is_linear=0
shrinkage=0.0750466


Tree=171
num_leaves=9
num_cat=0
split_feature=8 147 57 145 16 63 147 147
split_gain=3.10588 4.28553 4.31263 2.82144 4.67784 2.6617 5.52426 6.42937
threshold=-8804.7999999999975 -6139.0949999999984 1.0000000180025095e-35 5.5000000000000009 -1222.1199999999997 4.5000000000000009 -21440.649999999998 -2974.2299999999996
decision_type=2 8 2 10 2 2 10 10
left_child=1 2 -1 4 -4 -2 -7 -8
right_child=5 -3 3 -5 -6 6 7 -9
leaf_value=-0.024102444089803887 -0.0015021314959949984 0.03676043395503726 -0.014399951405254264 -0.012967804943081531 0.045315329014547379 -0.0067125921278873291 0.056705635463558203 -0.014308168165272812
leaf_weight=22.868919220083626 1551.8892885333735 29.528361203738314 10.680575424488774 14.044827361747592 23.967084767984492 36.993089678377146 23.701905709469429 10.300914758867291
leaf_count=3825 118246 1451 2499 3384 5484 17081 9531 1783
internal_value=-5.7073e-05 0.0127058 0.00278012 0.0154058 0.0269073 -0.000852073 0.0133575 0.0351925
internal_weight=1723.97 101.09 71.5614 48.6925 34.6477 1622.89 70.9959 34.0028
internal_count=163284 16643 15192 11367 7983 146641 28395 11314
is_linear=0
shrinkage=0.0750466


Tree=172
num_leaves=9
num_cat=0
split_feature=82 139 0 24 63 64 115 0
split_gain=2.57815 6.6633 3.98783 3.04021 6.73697 10.1122 4.83069 5.3905
threshold=6.5000000000000009 2994.6850000000004 22275446.000000004 1.0000000180025095e-35 8.5000000000000018 25194.515000000003 -1.0000000180025095e-35 59645539.500000007
decision_type=2 8 2 2 2 2 8 2
left_child=3 2 -2 -1 6 -6 -5 -8
right_child=1 -3 -4 4 5 -7 7 -9
leaf_value=-0.0012542059707255054 0.027884008598648435 0.043975510052627967 -0.035304801627939343 -0.04704344793612527 0.14751536410947669 0.0064002249584318369 0.0095813114087608536 -0.017983996367118431
leaf_weight=1289.4979250487922 6.5035778120400201 8.8821733579534321 41.634781018667127 9.9292587193776836 4.7048902935057395 7.2933215637676767 309.8858632261763 45.868372641405585
leaf_count=46004 3446 1572 16552 2321 2676 3959 77574 9180
internal_value=-5.65059e-05 -0.0157481 -0.0267679 0.000480174 0.00640177 0.0617361 0.00458623 0.00602724
internal_weight=1724.2 57.0205 48.1384 1667.18 377.682 11.9982 365.683 355.754
internal_count=163284 21570 19998 141714 95710 6635 89075 86754
is_linear=0
shrinkage=0.0750466


Tree=173
num_leaves=9
num_cat=0
split_feature=73 153 73 20 20 64 137 125
split_gain=3.05102 8.69141 6.08174 5.12549 9.3943 8.37536 12.9708 5.66378
threshold=9.5000000000000018 31829.355000000007 6.5000000000000009 3581.3600000000001 198651.37500000003 3314.0650000000005 25456.255000000001 -12437.629999999999
decision_type=2 8 2 2 2 2 8 10
left_child=2 3 -1 -2 5 7 -7 -5
right_child=1 -3 -4 4 -6 6 -8 -9
leaf_value=-0.00075929508194562574 -0.010944162141733597 -0.060022826464371702 0.013201909390193618 -0.029117907770326888 -0.05654120809047207 0.1243999746532667 -0.0088682135557208441 0.053453439230286386
leaf_weight=1315.6622582763521 143.7355627513025 17.00133678932616 202.81915543889045 12.875587949067269 7.8703531882856614 10.474915649832838 6.7724724185573004 7.3488347229576894
leaf_count=71929 34673 3275 32339 3778 5540 4039 5351 2360
internal_value=-5.73937e-05 -0.00862583 0.00110546 -0.00400436 0.017995 0.0336501 0.07207 0.000885578
internal_weight=1724.56 206.079 1518.48 189.078 45.3422 37.4718 17.2474 20.2244
internal_count=163284 59016 104268 55741 21068 15528 9390 6138
is_linear=0
shrinkage=0.0750466


Tree=174
num_leaves=9
num_cat=0
split_feature=153 120 29 120 153 57 23 57
split_gain=2.536 5.94945 5.77011 5.61436 5.78372 6.85511 5.44732 6.93126
threshold=475.06500000000005 182988.00000000003 1.0000000180025095e-35 253368.00000000003 3853.3050000000007 2.5000000000000004 1.5000000000000002 1.5000000000000002
decision_type=8 8 2 8 8 2 2 2
left_child=-1 2 -2 4 6 -6 7 -3
right_child=1 3 -4 -5 5 -7 -8 -9
leaf_value=0.0030453116995153608 0.023043314484102545 0.025341134305687966 -0.015035783306344473 -0.0015995610785738278 -0.028666886487700299 0.039308971479730496 0.0019679905597084716 0.093291021140572958
leaf_weight=796.86221632701563 24.523233857849846 22.378603499091696 260.2712915551383 550.74468253755549 23.760643352219631 12.88711397458246 19.762447637498553 13.58837815373772
leaf_count=35930 266 3779 46225 61729 4720 3918 3684 3033
internal_value=-5.99737e-05 -0.00272668 -0.0117568 0.00127216 0.0183931 -0.00476331 0.0336207 0.0510127
internal_weight=1724.78 927.916 284.795 643.122 92.3772 36.6478 55.7294 35.967
internal_count=163284 127354 46491 80863 19134 8638 10496 6812
is_linear=0
shrinkage=0.0750466


Tree=175
num_leaves=9
num_cat=0
split_feature=5 97 97 5 5 6 6 57
split_gain=2.47308 12.3388 8.1312 8.02094 6.40575 5.94716 10.0874 8.31181
threshold=61.500000000000007 14.500000000000002 36.500000000000007 34.500000000000007 67.500000000000014 198.50000000000003 209.50000000000003 1.5000000000000002
decision_type=2 2 2 2 2 2 2 2
left_child=2 4 -1 -4 -2 -5 -7 -8
right_child=1 -3 3 5 -6 6 7 -9
leaf_value=-0.0042087699622006102 0.029133161574351571 -0.015010307432740847 0.035306592940111028 -0.0025704590765753339 0.0039190494748564154 0.11476177256470675 -0.032008825288019203 0.048252864807797891
leaf_weight=1128.8624667590411 106.03337235458093 109.47891706451992 57.367630935736088 164.36581291054608 122.08460457287583 6.6243814677363835 13.180177153924889 16.196555397706106
leaf_count=81050 4598 15755 10674 34122 4682 2037 3200 7166
internal_value=-6.03515e-05 0.00569979 -0.00146278 0.0105645 0.015639 0.00348051 0.0311066 0.0122426
internal_weight=1724.19 337.597 1386.6 257.735 228.118 200.367 36.0011 29.3767
internal_count=163284 25035 138249 57199 9280 46525 12403 10366
is_linear=0
shrinkage=0.0750466


Tree=176
num_leaves=9
num_cat=0
split_feature=7 85 138 0 0 106 11 11
split_gain=2.31652 3.44929 7.65648 6.27244 5.72113 7.00651 3.66732 8.56174
threshold=1655.0800000000002 2404.6500000000005 21996.515000000003 44238857.000000007 54309004.500000007 11765.190000000001 1958.5550000000001 596.98500000000013
decision_type=2 2 8 2 2 2 2 2
left_child=-1 -2 3 -3 5 6 7 -4
right_child=1 2 4 -5 -6 -7 -8 -9
leaf_value=-0.002913292484422565 0.00094245178631222938 0.017694607390794922 -0.0051095126689121896 -0.03301801489362155 0.10634759448446257 0.10817338753709733 -0.037966463732639462 0.090022848719295098
leaf_weight=831.2846524174347 793.836919211848 35.798445621592691 15.425346183976222 22.288450425083283 6.301956024432001 5.2921729271765789 6.0003902965181615 8.1394761733135947
leaf_count=95686 38243 8886 2555 4006 1590 3015 5326 3977
internal_value=-6.22396e-05 0.00259153 0.0157819 -0.00176427 0.0405444 0.0286476 0.0144125 0.02775
internal_weight=1724.37 893.083 99.2462 58.0869 41.1593 34.8574 29.5652 23.5648
internal_count=163284 67598 29355 12892 16463 14873 11858 6532
is_linear=0
shrinkage=0.0750466


Tree=177
num_leaves=9
num_cat=0
split_feature=44 28 52 83 141 23 141 115
split_gain=2.58466 2.80373 3.19772 3.66176 6.01867 3.51579 3.06677 6.55348
threshold=1.0000000180025095e-35 1395.8750000000002 69684.140000000014 42330.955000000009 3.0650000000000004 1.5000000000000002 2.3250000000000006 2296.6450000000004
decision_type=2 2 2 2 10 2 8 10
left_child=1 -1 6 -4 5 -5 -3 -8
right_child=-2 2 3 4 -6 -7 7 -9
leaf_value=0.0028773900353655825 -0.024711523869564947 -0.00018334716693694714 -0.039383459874031961 -0.043649801790158635 0.11876546440051178 0.05442719892179991 -0.028894041796041273 0.017547137014469624
leaf_weight=984.95474714285956 23.630920042327489 592.73458109468993 27.250960390501859 7.1298570048857055 2.3215718519531938 2.8940569716032769 59.522624072917097 24.018444470042596
leaf_count=28498 5166 61799 37869 8650 3438 3672 7698 6494
internal_value=-6.27116e-05 0.000279754 -0.00329428 -0.0240228 0.00988387 -0.0153335 -0.00208062 -0.015542
internal_weight=1724.46 1700.83 715.872 39.5964 12.3455 10.0239 676.276 83.5411
internal_count=163284 158118 129620 53629 15760 12322 75991 14192
is_linear=0
shrinkage=0.0750466


Tree=178
num_leaves=9
num_cat=0
split_feature=131 85 85 127 25 153 116 149
split_gain=2.4616 3.43254 7.74583 8.2802 10.2577 5.80697 4.4513 4.17491
threshold=568.90500000000009 2404.6500000000005 39354.150000000009 3233.5000000000005 3329.2250000000004 3489.6750000000006 11379.470000000003 2555.5000000000005
decision_type=10 2 2 10 2 10 10 10
left_child=-1 6 3 4 -3 -6 -2 -8
right_child=1 2 -4 -5 5 -7 7 -9
leaf_value=0.00079986184534821972 -0.035997326898151931 0.15478289409461682 -0.043628520703882519 -0.030758882830505572 -0.031223577209079204 0.089019504700435209 -0.019261913747032133 0.016483079052918032
leaf_weight=1577.9519281388857 38.847034579081082 5.1891765657565037 9.3870678192033647 6.6610517575791155 5.04538893737117 4.1002534485633078 45.47125315408266 30.913503403207869
leaf_count=124790 5369 1535 7128 4249 2744 3056 5758 8655
internal_value=-6.16899e-05 -0.00939788 0.0130413 0.0383779 0.0705041 0.0226848 -0.0153144 -0.00479564
internal_weight=1723.57 145.615 30.3829 20.9959 14.3348 9.14564 115.232 76.3848
internal_count=163284 38494 18712 11584 7335 5800 19782 14413
is_linear=0
shrinkage=0.0750466


Tree=179
num_leaves=9
num_cat=0
split_feature=56 4 71 99 103 134 107 84
split_gain=2.26941 2.3027 2.37594 2.53725 2.29336 15.832 14.1862 2.89375
threshold=11582.655000000002 1.5000000000000002 1.5000000000000002 2.5000000000000004 5.5000000000000009 160466.40000000002 97.500000000000014 3.5000000000000004
decision_type=2 2 2 2 2 10 2 2
left_child=1 2 3 4 7 6 -6 -1
right_child=-2 -3 -4 -5 5 -7 -8 -9
leaf_value=9.5925003841141774e-05 -0.02207976456265439 -0.015700679103628889 0.019241058302596876 0.022699105183137971 0.10665691139783258 -0.044116366878403875 -0.013374490188763632 -0.017510705978859804
leaf_weight=1490.5190024837357 25.969011029526882 49.341162208467722 38.238163359055761 28.019316613732371 13.397514051437613 14.111584361180574 9.4619192198151705 54.496066013911332
leaf_count=105214 15033 2183 1447 794 3024 8612 4274 22703
internal_value=-6.25292e-05 0.000274282 0.000752502 0.000313393 -8.30913e-05 0.0183884 0.0569738 -0.000525099
internal_weight=1723.55 1697.58 1648.24 1610.01 1581.99 36.971 22.8594 1545.02
internal_count=163284 148251 146068 144621 143827 15910 7298 127917
is_linear=0
shrinkage=0.0750466


Tree=180
num_leaves=9
num_cat=0
split_feature=73 5 85 20 140 57 81 115
split_gain=2.62295 6.48732 7.14908 6.84273 16.4436 6.34031 5.72408 5.5887
threshold=9.5000000000000018 39.500000000000007 11788.650000000001 203.56500000000003 12306.960000000001 1.0000000180025095e-35 120485.42000000003 -1.0000000180025095e-35
decision_type=2 2 2 2 8 2 2 10
left_child=-1 7 5 6 -5 -3 -4 -2
right_child=1 2 3 4 -6 -7 -8 -9
leaf_value=0.0010115832031205435 -0.044772446039401219 -0.05881420662776804 -0.038974780198444137 0.16409823800942594 -0.022886006167247206 -0.015788290305627783 0.061100335297526336 0.021655543379434521
leaf_weight=1518.5605822236103 8.2614844567360688 24.373211626960256 12.072029112987371 4.9950756698744936 5.6391119521176734 92.471584195554897 4.3893659939167256 52.217638576323225
leaf_count=104268 1271 3319 5880 2922 4873 22095 2714 15942
internal_value=-6.27291e-05 -0.00804342 -0.0167093 0.0180219 0.064944 -0.0247633 -0.0122901 0.0125814
internal_weight=1722.98 204.42 143.94 27.0956 10.6342 116.845 16.4614 60.4791
internal_count=163284 59016 41803 16389 7795 25414 8594 17213
is_linear=0
shrinkage=0.0750466


Tree=181
num_leaves=9
num_cat=0
split_feature=8 149 140 140 149 149 140 108
split_gain=2.88038 5.45355 5.95243 4.12585 3.83969 3.70131 4.97783 4.06581
threshold=-8804.7999999999975 636.50000000000011 953.55500000000018 12306.960000000001 636.50000000000011 1189.5000000000002 953.55500000000018 1.0000000180025095e-35
decision_type=2 8 8 10 8 8 10 2
left_child=1 -1 -3 -4 -2 6 -6 -7
right_child=4 2 3 -5 5 7 -8 -9
leaf_value=0.053449311052704639 -0.0095803576671278576 -0.03964994480720483 0.027806200869065378 -0.009146466704793698 0.02166723804357194 -0.0012388800389247709 -0.011426048080658292 0.026411601772758041
leaf_weight=15.327111789221815 240.62674006882298 14.14058512675547 44.301046343811322 27.630511750154255 94.947127774939872 1220.0921316647 35.048394799567177 30.704186509563442
leaf_count=2527 18978 1516 5018 7582 3837 114129 5836 3861
internal_value=-6.46856e-05 0.0122059 0.00486161 0.0136119 -0.000832058 0.000692484 0.0127449 -0.000560124
internal_weight=1722.82 101.399 86.0721 71.9316 1621.42 1380.79 129.996 1250.8
internal_count=163284 16643 14116 12600 146641 127663 9673 117990
is_linear=0
shrinkage=0.0750466


Tree=182
num_leaves=9
num_cat=0
split_feature=46 115 81 131 63 25 115 115
split_gain=2.46562 6.55011 5.33566 2.47569 7.27161 5.59265 2.76687 4.03949
threshold=1.0000000180025095e-35 1.0000000180025095e-35 15997.960000000001 2633.3850000000007 1.5000000000000002 4305.3500000000013 77121.545000000013 36779.510000000002
decision_type=2 8 2 10 2 2 10 8
left_child=3 2 -2 -1 6 -6 7 -5
right_child=1 -3 -4 4 5 -7 -8 -9
leaf_value=0.0012097091021809987 0.021832678117022216 -0.032491125791607386 -0.031554550245851527 -0.015772123952071948 0.091464694072204311 -0.012230779398442077 0.0013280893814864993 -0.066957109629667291
leaf_weight=1564.2631984431027 36.916663242504001 45.370168766443385 14.758119732101475 20.007312256067966 5.7866108414491446 5.9322766707846313 14.103395846144847 15.342847843658086
leaf_count=130069 3946 9964 4757 3472 1941 4290 2127 2718
internal_value=-6.32497e-05 -0.0116835 0.00658549 0.000630525 -0.01418 0.0389725 -0.0267754 -0.0379877
internal_weight=1722.48 97.045 51.6748 1625.44 61.1724 11.7189 49.4536 35.3502
internal_count=163284 18667 8703 144617 14548 6231 8317 6190
is_linear=0
shrinkage=0.0750466


Tree=183
num_leaves=9
num_cat=0
split_feature=60 13 22 24 60 95 60 137
split_gain=2.38722 2.63245 2.59563 3.06409 5.59575 2.43138 2.5582 3.55261
threshold=1079.3350000000003 1.5000000000000002 78916.440000000017 1.0000000180025095e-35 3791.7800000000002 5.5000000000000009 433.49500000000006 8892.4500000000025
decision_type=2 2 2 2 2 2 2 8
left_child=1 5 3 -2 -5 6 -1 -8
right_child=2 -3 -4 4 -6 -7 7 -9
leaf_value=3.5447507350564251e-05 -0.020605052969144735 -0.020699962813249165 -0.047726570983350571 -0.031113391190519868 0.050867629494127105 0.018689089434744306 -0.00034195000242821837 0.053594615611114615
leaf_weight=1554.2621761375813 35.326041282183724 32.36530401580967 10.80779176350188 8.0577279785829905 11.216527042884989 42.218656309800281 15.95738375638757 12.087395164355259
leaf_count=136284 3573 795 8082 2499 3888 2894 1136 4133
internal_value=-6.23201e-05 0.000492806 -0.0141245 -0.00747322 0.0165949 0.000915028 0.000440785 0.0229049
internal_weight=1722.3 1656.89 65.4081 54.6003 19.2743 1624.53 1582.31 28.0448
internal_count=163284 145242 18042 9960 6387 144447 141553 5269
is_linear=0
shrinkage=0.0750466


Tree=184
num_leaves=9
num_cat=0
split_feature=82 149 80 24 55 16 134 16
split_gain=2.40309 11.8948 4.55243 2.6255 5.94301 5.60992 5.89829 7.59942
threshold=6.5000000000000009 4894.5000000000009 4.5000000000000009 1.0000000180025095e-35 1.5000000000000002 -176.96999999999997 187492.32000000004 -6095.0899999999992
decision_type=2 8 2 2 2 2 10 2
left_child=3 -2 -3 -1 5 6 7 -5
right_child=1 2 -4 4 -6 -7 -8 -9
leaf_value=-0.0011626470572311174 -0.037269526542398505 -0.0031363428793946837 0.076189259655046165 0.05341529128326887 -0.016407873449229008 0.017838721320961402 -0.027595667020984795 -0.0025374568348111564
leaf_weight=1286.1928393503222 40.124310944636818 7.7299615630836369 8.6162513570088759 16.844163536690758 56.954434087656409 196.02174808599739 37.084851941948727 72.56884179064582
leaf_count=46004 15948 2926 2696 3274 27319 43831 9530 11756
internal_value=-6.04422e-05 -0.0152857 0.038677 0.000455735 0.00594109 0.00988775 -0.00243313 0.00800326
internal_weight=1722.14 56.4705 16.3462 1665.67 379.474 322.52 126.498 89.413
internal_count=163284 21570 5622 141714 95710 68391 24560 15030
is_linear=0
shrinkage=0.0750466


Tree=185
num_leaves=9
num_cat=0
split_feature=8 10 112 112 137 10 147 8
split_gain=2.50489 4.47066 4.43784 4.8843 3.94115 3.22707 7.72356 4.51436
threshold=-8804.7999999999975 -386.05499999999995 190026.00000000003 278704.80000000005 20863.215000000004 -1918.8199999999999 -140209.23499999996 8212.8900000000012
decision_type=2 2 8 8 8 2 10 2
left_child=1 2 4 -4 -1 6 -2 -8
right_child=5 -3 3 -5 -6 -7 7 -9
leaf_value=0.0090564160467314619 0.045047072683516473 0.046771258466253456 0.055780094337262685 0.0040907165189016919 -0.04291989439253114 3.5003620609130055e-05 -0.0084973283146457471 -0.045195152196703621
leaf_weight=16.23461360703368 10.790076016779492 16.761359799194906 14.051106783917929 38.52387120048661 16.635290576217812 1529.604792041584 49.113884533082455 30.667011053763417
leaf_count=2026 2857 961 2543 7381 3732 116833 11684 15267
internal_value=-6.11823e-05 0.0113335 0.00438183 0.0179051 -0.0172485 -0.000779998 -0.0145441 -0.0226036
internal_weight=1722.38 102.206 85.4449 52.575 32.8699 1620.18 90.571 79.7809
internal_count=163284 16643 15682 9924 5758 146641 29808 26951
is_linear=0
shrinkage=0.0750466


Tree=186
num_leaves=9
num_cat=0
split_feature=50 72 27 58 33 8 33 139
split_gain=2.52676 3.5192 4.81539 2.81575 2.50933 6.32256 3.9218 3.89497
threshold=1.0000000180025095e-35 1624.8900000000001 1.0000000180025095e-35 7936.6050000000005 27559.105000000007 25989.965000000004 175039.38000000003 1.0000000180025095e-35
decision_type=2 2 2 2 2 2 2 8
left_child=4 2 -2 -4 -1 -6 7 -7
right_child=1 -3 3 -5 5 6 -8 -9
leaf_value=0.00094943208148560326 0.062197219066173148 -0.041251174826807728 -0.075745332942781934 0.033818785465330042 -0.032939182349068376 0.064133996129915119 -0.016842657601928084 -0.0047299757593658844
leaf_weight=1616.0212033558928 5.4646439097123238 18.9947972433838 3.6661016007674334 2.0652453973652882 41.091317435459132 10.504087836405235 15.904839865837856 8.2658182886516425
leaf_count=124064 453 4265 2938 3379 17418 4782 4590 1395
internal_value=-6.04176e-05 -0.02158 0.0117935 -0.0362648 0.000323611 -0.0130246 0.0105752 0.0338079
internal_weight=1721.98 30.1908 11.196 5.73135 1691.79 75.7661 34.6747 18.7699
internal_count=163284 11035 6770 6317 152249 28185 10767 6177
is_linear=0
shrinkage=0.0750466


Tree=187
num_leaves=9
num_cat=0
split_feature=148 71 22 27 8 81 17 22
split_gain=2.31441 3.51898 10.7048 2.59426 3.4507 2.87909 2.35519 5.75602
threshold=5.9250000000000007 1.0000000180025095e-35 14268.340000000002 32.500000000000007 -8804.7999999999975 15997.960000000001 3.5000000000000004 6061.1650000000009
decision_type=10 2 2 2 2 2 2 2
left_child=3 2 -2 4 5 -1 -6 -8
right_child=1 -3 -4 -5 6 -7 7 -9
leaf_value=0.024222632718176807 0.13632044124193535 0.0013248850923862309 -0.018278687342369378 -0.023933609299285376 -0.0015019522825563509 -0.0032625169963896414 -0.0073008293614174437 0.035553595496431133
leaf_weight=58.107691771700047 4.9018862899429241 17.838220670470037 5.1966201540599286 26.004425643539435 1504.4771545236199 34.03773528131569 38.236959249901702 32.788689903092745
leaf_count=4864 1079 2820 3887 11628 125020 7936 1371 4679
internal_value=-5.93012e-05 0.0213652 0.0567648 -0.000412697 -4.59246e-05 0.0140699 -0.000871505 0.0124827
internal_weight=1721.59 27.9367 10.0985 1693.65 1667.65 92.1454 1575.5 71.0256
internal_count=163284 7786 4966 155498 143870 12800 131070 6050
is_linear=0
shrinkage=0.0750466


Tree=188
num_leaves=9
num_cat=0
split_feature=6 28 83 25 56 106 106 118
split_gain=2.49661 4.21073 5.82747 3.44007 3.13264 5.95643 5.58796 9.25548
threshold=289.50000000000006 2982.1750000000006 2582.5950000000007 4305.3500000000013 525.36000000000013 4721.3250000000007 1.0000000180025095e-35 1286.9450000000004
decision_type=2 2 2 2 2 2 2 8
left_child=4 -2 -3 -4 6 -6 -1 -8
right_child=1 2 3 -5 5 -7 7 -9
leaf_value=-0.00055595059033183587 0.030973639696416019 -0.028565505563299735 0.078007481374919363 -0.0053603238257118047 -0.0056809324397722287 -0.053345357360374455 -0.047088318367305759 0.030967753435162473
leaf_weight=1392.1073578780488 37.491785326419631 21.639571093230188 5.8343344994646014 5.3381408531095076 169.05121285607129 16.179035921926697 9.8683860997844004 64.309686698827136
leaf_count=77443 1176 3602 1810 3560 44634 10496 3961 16602
internal_value=-5.86169e-05 0.0137918 -0.00584047 0.0381749 -0.000648221 -0.00984421 0.000513473 0.0205835
internal_weight=1721.82 70.3038 32.812 11.1725 1651.52 185.23 1466.29 74.1781
internal_count=163284 10148 8972 5370 153136 55130 98006 20563
is_linear=0
shrinkage=0.0750466


Tree=189
num_leaves=9
num_cat=0
split_feature=64 63 127 63 64 115 115 64
split_gain=2.33556 5.1768 9.6197 8.66496 5.42851 6.04028 4.8982 4.28138
threshold=25194.515000000003 4.5000000000000009 753.50000000000011 8.5000000000000018 11572.960000000001 1.0000000180025095e-35 22079.930000000004 8005.8200000000006
decision_type=2 2 8 2 2 8 10 2
left_child=1 7 -3 4 5 -4 -2 -1
right_child=6 2 3 -5 -6 -7 -8 -9
leaf_value=0.00037689012148668075 -0.022922534932345633 0.096656914467374622 -0.020459358035290681 0.080564815192265951 -0.047913870141586046 0.06713850336945705 0.048635544473174828 -0.023574714019297716
leaf_weight=1576.1516988057647 49.712341297396051 8.6264564229277294 10.394450462252282 7.5867292571601856 12.159761849379718 7.7304867716229664 6.0422237227612632 43.183166823320789
leaf_count=113183 17476 2638 3248 3195 5312 2975 3812 11445
internal_value=-5.86101e-05 0.000447082 0.0251357 0.00884444 -0.00912249 0.0169021 -0.0151677 -0.000261833
internal_weight=1721.59 1665.83 46.4979 37.8714 30.2847 18.1249 55.7546 1619.33
internal_count=163284 141996 17368 14730 11535 6223 21288 124628
is_linear=0
shrinkage=0.0750466


Tree=190
num_leaves=9
num_cat=0
split_feature=7 52 115 5 153 7 64 51
split_gain=2.13636 4.34763 15.0792 7.34258 8.07388 7.30234 13.2674 4.31166
threshold=1655.0800000000002 1.0000000180025095e-35 -1.0000000180025095e-35 59.500000000000007 2844.5250000000001 3616.7500000000005 1261.1750000000004 1.0000000180025095e-35
decision_type=2 2 10 2 10 2 2 2
left_child=7 -2 -3 4 -4 -6 -7 -1
right_child=1 2 3 -5 5 6 -8 -9
leaf_value=-0.00077677468659366933 0.0012651274622889606 0.091814639588040342 -0.053748776364653791 0.056499604539865411 -0.035544786275576237 -0.014406144072865069 0.26285242575402151 -0.01726102380710692
leaf_weight=727.14246781406109 846.32527313454557 13.447808670083758 16.359179825147297 8.6957554204382159 3.7297355892042097 2.1470254103369375 1.7761343186284646 101.88675737658741
leaf_count=35995 39269 3091 11887 3718 4705 1823 3105 59691
internal_value=-5.96578e-05 0.00248834 0.0249175 -0.00258718 -0.0239849 0.0396397 0.111117 -0.00280267
internal_weight=1721.51 892.481 46.1556 32.7078 24.0121 7.6529 3.92316 829.029
internal_count=163284 67598 28329 25238 21520 9633 4928 95686
is_linear=0
shrinkage=0.0750466


Tree=191
num_leaves=9
num_cat=0
split_feature=22 140 109 25 146 22 16 25
split_gain=2.08078 5.17938 2.86178 2.56027 4.47124 3.85778 6.46893 5.93373
threshold=409658.84500000003 7173.1900000000014 1.0000000180025095e-35 1.0000000180025095e-35 1.0000000180025095e-35 6061.1650000000009 -176.96999999999997 5340.5650000000014
decision_type=2 10 2 2 10 2 2 2
left_child=3 2 -2 4 -1 6 -5 -7
right_child=1 -3 -4 5 -6 7 -8 -9
leaf_value=-0.0023822369362383957 0.028903857078877705 -0.061493716726179017 -0.024386964934739238 0.0013442826028011634 0.017519193372836781 0.016058190220576141 0.028954490469285415 -0.01056495174737071
leaf_weight=1214.5726063060301 11.127790460457618 10.755459511938168 11.582732089642377 112.36057490268286 67.092129477488925 71.282280026254739 83.166259973204433 139.26168360166048
leaf_count=41460 2117 10122 3886 20357 4121 12537 8970 59714
internal_value=-6.26144e-05 -0.0185928 0.00172468 0.000304818 -0.00134044 0.00549769 0.0130881 -0.00155136
internal_weight=1721.2 33.466 22.7105 1687.74 1281.66 406.071 195.527 210.544
internal_count=163284 16125 6003 147159 45581 101578 29327 72251
is_linear=0
shrinkage=0.0750466


Tree=192
num_leaves=9
num_cat=0
split_feature=41 140 33 140 13 11 55 0
split_gain=2.20152 4.49539 2.11497 4.49558 2.5571 1.95914 2.49936 5.93484
threshold=1.0000000180025095e-35 7173.1900000000014 115002.37000000001 1.0000000180025095e-35 1.5000000000000002 -1.0000000180025095e-35 2.5000000000000004 29151941.000000004
decision_type=2 8 2 10 2 2 2 2
left_child=2 -2 4 -4 5 -1 -7 -8
right_child=1 -3 3 -5 -6 6 7 -9
leaf_value=-0.014107939687475028 -0.060478716750994962 0.0052383204214281132 -0.0038330652904747615 -0.066529651327275841 -0.020279034791420708 0.0020457859839912492 0.018144107093340068 -0.03659882113331403
leaf_weight=46.490583695456735 10.179028006772567 13.823921770101153 30.411323570826426 8.1719011986042442 32.20492840197403 1533.1902935238359 18.144626095760032 28.948184445353036
leaf_count=4676 1639 4140 4090 9988 805 118698 8425 10823
internal_value=-6.16219e-05 -0.0226306 0.000257495 -0.0171122 0.000661465 0.00107602 0.00152272 -0.0155066
internal_weight=1721.56 24.0029 1697.56 38.5832 1658.98 1626.77 1580.28 47.0928
internal_count=163284 5779 157505 14078 143427 142622 137946 19248
is_linear=0
shrinkage=0.0750466


Tree=193
num_leaves=9
num_cat=0
split_feature=50 5 5 112 125 118 5 112
split_gain=2.25022 5.32255 3.38127 2.50989 10.0741 5.8591 5.48004 4.01152
threshold=1.0000000180025095e-35 63.500000000000007 44.500000000000007 720815.33500000008 -2639.3199999999993 30318.230000000003 55.500000000000007 1120550.1800000004
decision_type=2 2 2 10 10 8 2 10
left_child=3 2 -2 -1 5 -5 7 -7
right_child=1 -3 -4 4 -6 6 -8 -9
leaf_value=-0.00038245341726873865 -0.0039392715140027824 0.017853054989155657 -0.072108651280615887 -0.040563204905759424 0.072438830907428503 0.058721551798345928 -0.015360469549955007 0.0086144650432369643
leaf_weight=1602.2688964104527 6.5035120978318508 12.052552176846801 11.078651236210133 14.72276021364087 13.437122594739774 16.01751466951464 24.390303089381632 20.534999186282221
leaf_count=136939 2290 3719 5026 4661 2126 2365 2688 3470
internal_value=-5.99138e-05 -0.0205607 -0.0468933 0.000299283 0.0125585 0.00192455 0.0121889 0.0305717
internal_weight=1721.01 29.6347 17.5822 1691.37 89.1027 75.6656 60.9428 36.5525
internal_count=163284 11035 7316 152249 15310 13184 8523 5835
is_linear=0
shrinkage=0.0750466


Tree=194
num_leaves=9
num_cat=0
split_feature=21 32 32 138 13 113 138 151
split_gain=2.10798 2.72988 3.02561 4.06104 2.23319 2.16301 5.2582 3.81573
threshold=1.0000000180025095e-35 2.5000000000000004 14.500000000000002 5216.3500000000013 1.5000000000000002 -2054.4999999999995 3423.4750000000004 4.5000000000000009
decision_type=2 2 2 8 2 8 10 10
left_child=-1 4 3 -3 5 6 -2 -8
right_child=1 2 -4 -5 -6 -7 7 -9
leaf_value=0.007444179027924683 0.0034432983904970826 0.012565917112290553 0.018786798953466972 -0.053308430226352441 -0.021420602247681258 0.00055000569149193793 -0.060512546611217383 -0.0040868392732273566
leaf_weight=187.83609480672021 43.976770326029509 7.3774703788949418 7.8183379009133196 18.456595219708106 28.208372255438007 1399.0986627150614 16.978209298133155 11.203798546517644
leaf_count=5801 3209 950 1221 8292 756 135322 4046 3687
internal_value=-5.95635e-05 -0.000978915 -0.0221175 -0.0344966 -0.000504504 -0.00010348 -0.012774 -0.0380804
internal_weight=1720.95 1533.12 33.6524 25.8341 1499.47 1471.26 72.1588 28.182
internal_count=163284 157483 10463 9242 147020 146264 10942 7733
is_linear=0
shrinkage=0.0750466


Tree=195
num_leaves=9
num_cat=0
split_feature=8 153 0 7 125 150 22 0
split_gain=2.12161 5.64893 5.87503 7.29558 3.80697 3.38577 3.13294 3.18696
threshold=-1.0000000180025095e-35 3489.6750000000006 52138181.000000007 -1.0000000180025095e-35 -8696.0399999999991 7173.1900000000014 6061.1650000000009 44238857.000000007
decision_type=2 10 2 2 8 8 2 2
left_child=1 2 3 5 -3 -1 -6 -8
right_child=-2 4 -4 -5 6 -7 7 -9
leaf_value=-0.010007600169241362 -0.0011349105760643707 -0.043209966556260561 -0.0059624894762238248 0.046131945117693925 0.0094670266849285062 0.025165155944319183 -0.0050423348090388245 -0.065705956628159062
leaf_weight=31.437243252665212 1474.0675194242776 15.442278045498822 53.405033629176614 48.534284250534256 45.040786071775074 30.240754576923791 14.788644127491354 7.2774300591809142
leaf_count=3402 130000 5795 4750 3277 4627 3194 5639 2600
internal_value=-5.78855e-05 0.00639144 0.0144664 0.0243656 -0.00961364 0.00723762 -0.00188263 -0.0250493
internal_weight=1720.23 246.166 163.617 110.212 82.5491 61.678 67.1069 22.0661
internal_count=163284 33284 14623 9873 18661 6596 12866 8239
is_linear=0
shrinkage=0.0750466


Tree=196
num_leaves=9
num_cat=0
split_feature=6 0 23 27 58 24 115 84
split_gain=2.05105 5.41497 4.88482 9.78036 2.97726 5.58327 6.35865 6.35611
threshold=289.50000000000006 14632853.000000002 1.5000000000000002 1.0000000180025095e-35 3684.2700000000004 4.5000000000000009 36779.510000000002 1.5000000000000002
decision_type=2 2 2 2 2 2 8 2
left_child=1 -1 -2 -4 -3 7 -7 -6
right_child=2 4 3 -5 5 6 -8 -9
leaf_value=-0.023927198873202313 -0.010395280385644327 -0.0011518447244697771 0.074110103071191771 -0.00083626958025961905 0.0095636491665089963 -0.025655159974208523 0.051342525349937329 0.058069415884477074
leaf_weight=54.179530559162231 30.292301252626203 1359.3720244914366 16.437011220725253 24.310445953597082 169.78756243563839 41.922452222373977 7.0573513365870886 16.712423733890319
leaf_count=6336 4290 91692 358 5500 20057 24891 3701 6459
internal_value=-5.70581e-05 -0.000594934 0.0124286 0.0293962 0.000197698 0.00798831 -0.0145608 0.0139103
internal_weight=1720.07 1649.03 71.0398 40.7475 1594.85 235.48 48.9798 186.5
internal_count=163284 153136 10148 5858 146800 55108 28592 26516
is_linear=0
shrinkage=0.0750466


Tree=197
num_leaves=9
num_cat=0
split_feature=39 120 147 8 50 138 153 120
split_gain=2.13415 6.2398 3.99651 3.85821 2.59236 3.17642 2.57645 5.22637
threshold=25863.355000000003 182988.00000000003 -41886.234999999993 25989.965000000004 1.0000000180025095e-35 -1.0000000180025095e-35 651.0150000000001 182988.00000000003
decision_type=2 8 10 2 2 10 8 8
left_child=4 -2 -3 -4 6 -6 -1 -8
right_child=1 2 3 -5 5 -7 7 -9
leaf_value=0.0038792864981794977 -0.046056809242585199 -0.024354171192227447 0.0045075172284170482 0.073999980769561935 0.022263997722362323 -0.036728401993665477 -0.011257077260280173 0.0017477345987663947
leaf_weight=796.59862681089362 21.691591115824849 15.327126772539485 14.533871853953316 6.5172867646688237 6.8070451280946171 20.996928513934108 246.68989170005443 590.98979441523079
leaf_count=33430 5785 5187 4282 3620 236 8975 39547 62222
internal_value=-5.69981e-05 -0.014199 0.00479713 0.0260219 0.000437096 -0.0222857 0.000823679 -0.00208208
internal_weight=1720.15 58.0699 36.3783 21.0512 1662.08 27.804 1634.28 837.68
internal_count=163284 18874 13089 7902 144410 9211 135199 101769
is_linear=0
shrinkage=0.0750466


Tree=198
num_leaves=9
num_cat=0
split_feature=46 112 134 112 135 112 134 127
split_gain=2.05434 6.88217 4.46461 4.15201 4.69202 2.59069 3.72377 7.49646
threshold=1.0000000180025095e-35 529449.63500000013 80233.200000000012 190026.00000000003 -1171.4999999999998 720815.33500000008 1076107.5600000003 2528.5000000000005
decision_type=2 8 8 10 8 10 8 10
left_child=5 2 -2 -4 -5 -1 -7 -8
right_child=1 -3 3 4 -6 6 7 -9
leaf_value=-0.00015366503228368767 0.039459750333032582 -0.039727015989826614 -0.023898248149353395 -0.016617545150143614 0.059851908950195702 0.026975013173625269 -0.0472535775376558 0.019731962875431594
leaf_weight=1533.6004552617742 14.775665650020526 31.126847400442784 31.676166972425563 9.143569045536422 8.9349791608947289 48.813834471387963 14.443149669854391 26.996931603625853
leaf_count=127092 2722 4739 6417 2422 2367 9250 1575 6700
internal_value=-5.60628e-05 -0.0107436 0.00323679 -0.00752035 0.021176 0.000573515 0.0129298 -0.00361457
internal_weight=1719.51 95.6572 64.5304 49.7547 18.0785 1623.85 90.2539 41.4401
internal_count=163284 18667 13928 11206 4789 144617 17525 8275
is_linear=0
shrinkage=0.0750466


Tree=199
num_leaves=9
num_cat=0
split_feature=20 120 20 52 6 22 56 25
split_gain=1.92004 8.40924 7.47672 9.72017 7.42625 4.74881 3.71708 8.65585
threshold=203.56500000000003 211140.00000000003 16705.170000000002 1.0000000180025095e-35 94.500000000000014 65850.970000000016 70.440000000000012 3329.2250000000004
decision_type=2 10 2 2 2 2 2 2
left_child=-1 -2 6 4 -4 -5 -3 -8
right_child=1 2 3 5 -6 -7 7 -9
leaf_value=0.0010597586867582538 -0.015786932137741579 -0.020976721529129373 0.089510130978296368 0.068080761944463469 0.023999348948073936 -0.057949282400575099 0.07652705529027562 -0.040805405827189993
leaf_weight=1435.6626106875556 176.2942624277639 39.26534292902943 14.786373433558763 2.0908960384113007 28.586709659717599 8.6490065574525925 7.8657284812616108 6.4405430482620432
leaf_count=102000 28948 5088 1882 1503 6301 11673 1574 4315
internal_value=-5.55215e-05 -0.00569385 0.0108299 0.0305054 0.0463327 -0.0334131 -0.00904446 0.0237051
internal_weight=1719.64 283.979 107.685 54.113 43.3731 10.7399 53.5716 14.3063
internal_count=163284 61284 32336 21359 8183 13176 10977 5889
is_linear=0
shrinkage=0.0750466


Tree=200
num_leaves=9
num_cat=0
split_feature=64 7 112 150 7 112 125 20
split_gain=1.98143 4.22243 6.77329 6.91574 3.60189 2.69129 7.48545 5.37494
threshold=25194.515000000003 421.61500000000007 278704.80000000005 29747.050000000003 2527.4600000000005 720815.33500000008 -2639.3199999999993 3581.3600000000001
decision_type=2 2 8 8 2 10 10 2
left_child=5 -2 3 4 -3 -1 7 -7
right_child=1 2 -4 -5 -6 6 -8 -9
leaf_value=-0.00031486612153888244 -0.04973367266604594 0.023286049529334066 -0.032970010375285491 -0.028524659299949646 0.10202944009813282 -0.0059083040118970125 0.063138932644259155 0.045554761050973662
leaf_weight=1575.1165648618589 13.956887505968551 6.7850765076036605 20.104683705018033 7.6554829396918675 6.318063731672737 61.451536039943676 14.152367613602108 14.041665430882857
leaf_count=127528 6476 2414 8148 2006 2244 6972 2016 5480
internal_value=-5.72918e-05 -0.0140956 -0.00192338 0.0281452 0.0612545 0.000404986 0.0130531 0.00366378
internal_weight=1719.58 54.8202 40.8633 20.7586 13.1031 1664.76 89.6456 75.4932
internal_count=163284 21288 14812 6664 4658 141996 14468 12452
is_linear=0
shrinkage=0.0750466


Tree=201
num_leaves=9
num_cat=0
split_feature=4 111 56 12 109 16 16 17
split_gain=1.75778 2.79529 2.97495 2.61668 1.90374 7.9027 5.60157 5.60243
threshold=1.5000000000000002 1.0000000180025095e-35 11582.655000000002 6.5000000000000009 1.0000000180025095e-35 -4047.3549999999991 -14461.189999999999 2.5000000000000004
decision_type=2 10 2 2 2 2 2 2
left_child=1 2 4 -4 6 -6 -1 -8
right_child=-2 -3 3 -5 5 -7 7 -9
leaf_value=0.012894848756943892 -0.014158808052392198 0.017421993407600058 0.0056966544375462681 -0.045611846385329571 -0.014607579198006431 0.0064845912450271536 -0.0028432130918986894 -0.028653260727714062
leaf_weight=119.58124216904253 48.38486729316719 52.329225254739868 8.9308424273258442 15.000736461666746 119.70922434378008 609.03227016647179 695.84910006412974 50.824876839455101
leaf_count=2023 2213 415 2180 12804 14356 89965 36178 3150
internal_value=-5.74703e-05 0.00035078 -0.000201019 -0.0264644 0.000193041 0.00301981 -0.002185 -0.00460006
internal_weight=1719.64 1671.26 1618.93 23.9316 1595 728.741 866.255 746.674
internal_count=163284 161071 160656 14984 145672 104321 41351 39328
is_linear=0
shrinkage=0.0750466


Tree=202
num_leaves=9
num_cat=0
split_feature=82 149 0 0 0 97 0 138
split_gain=1.87421 10.1628 5.09666 5.39568 4.18992 3.57229 9.5811 12.0573
threshold=6.5000000000000009 4894.5000000000009 37799697.500000007 44238857.000000007 29151941.000000004 147.50000000000003 32756022.000000004 21996.515000000003
decision_type=2 8 2 2 2 2 2 10
left_child=5 2 -2 -4 -3 -1 7 -7
right_child=1 4 3 -5 -6 6 -8 -9
leaf_value=-9.4495914937709562e-05 -0.071033548223800771 0.071712889684708417 0.041752097484237714 -0.036807585325462244 -0.0031739932406637489 0.12631353752735791 -0.015501949501427623 -0.0044036027861000795
leaf_weight=1631.5620124631405 14.070898254427446 8.5482606447221787 6.9205695704731651 17.066442639483284 8.2870367700852494 8.6611043504381104 16.225993382067827 7.3440236201604412
leaf_count=131991 6452 3963 2781 6715 1659 1506 4358 3859
internal_value=-5.5886e-05 -0.0136996 -0.0351762 -0.0141421 0.0348504 0.000394258 0.0251353 0.0663334
internal_weight=1718.69 54.8932 38.0579 23.987 16.8353 1663.79 32.2311 16.0051
internal_count=163284 21570 15948 9496 5622 141714 9723 5365
is_linear=0
shrinkage=0.0750466


Tree=203
num_leaves=9
num_cat=0
split_feature=60 141 27 142 5 5 27 5
split_gain=2.05596 4.08821 5.69992 3.46117 2.74917 7.60747 4.68511 3.58677
threshold=1079.3350000000003 2.2850000000000006 17.500000000000004 105570.00000000001 61.500000000000007 67.500000000000014 2.5000000000000004 43.500000000000007
decision_type=2 10 2 8 2 2 2 2
left_child=4 3 -3 -2 7 6 -6 -1
right_child=1 2 -4 -5 5 -7 -8 -9
leaf_value=0.0025524602800109809 0.012434332626045083 0.074521166358516008 -0.031642226660199488 -0.032726197818826561 0.028467596969602348 -0.0041839653542336446 0.00067829268569484654 -0.0052599821110676367
leaf_weight=717.69541670460967 12.522178539580635 6.4003876101978658 5.1321451639996667 40.377341883220652 99.423695939760364 170.81067479163357 52.05959764598083 614.23025018363842
leaf_count=67480 2092 1970 3073 10907 3001 10677 7557 56527
internal_value=-5.76451e-05 -0.0132096 0.0272769 -0.022036 0.000454624 0.00667403 0.0189174 -0.00105032
internal_weight=1718.65 64.4321 11.5325 52.8995 1654.22 322.294 151.483 1331.93
internal_count=163284 18042 5043 12999 145242 21235 10558 124007
is_linear=0
shrinkage=0.0750466


Tree=204
num_leaves=9
num_cat=0
split_feature=39 72 5 83 138 147 25 5
split_gain=1.9531 3.29574 4.38459 3.75928 2.57124 6.01171 2.37809 3.24406
threshold=25863.355000000003 2333.3600000000006 49.500000000000007 30311.090000000004 10376.35 -28410.649999999998 1.0000000180025095e-35 67.500000000000014
decision_type=2 2 2 2 8 10 2 2
left_child=6 2 3 -2 -4 -6 -1 -8
right_child=1 -3 4 -5 5 -7 7 -9
leaf_value=-0.0011610442945398554 -0.063910410337925258 0.025031050820304584 -0.018526138133066933 0.0085566783942607593 -0.028217465442388373 0.094043577239085491 0.0075089136208323758 -0.018131979107130648
leaf_weight=1269.7500881361502 16.733753791329949 10.210279784070734 16.274430973498966 5.3113270443682259 4.6494665011432534 4.4168155098868738 360.7168450526915 30.109372632459781
leaf_count=45290 6170 1649 2407 3724 2840 2084 94079 5041
internal_value=-5.66603e-05 -0.0136427 -0.0219758 -0.0464509 -0.000683698 0.0313444 0.000414563 0.00553353
internal_weight=1718.17 57.5961 47.3858 22.0451 25.3407 9.06628 1660.58 390.826
internal_count=163284 18874 17225 9894 7331 4924 144410 99120
is_linear=0
shrinkage=0.0750466


Tree=205
num_leaves=9
num_cat=0
split_feature=41 60 31 137 113 5 5 97
split_gain=1.9928 2.03976 3.26411 5.14405 5.22747 4.51302 2.8044 7.78377
threshold=1.0000000180025095e-35 1079.3350000000003 18195.095000000005 10375.225000000002 -1414.4999999999998 43.500000000000007 61.500000000000007 14.500000000000002
decision_type=2 2 2 8 8 2 2 2
left_child=1 2 6 -4 -5 -6 -1 -8
right_child=-2 -3 3 4 5 -7 7 -9
leaf_value=-0.0012546115289298913 -0.021693483797254724 -0.013111553160231361 0.081431424739800543 -0.051553188870863152 0.07237329024068849 -0.0068817641402427144 0.014190499682079865 -0.011745225516364189
leaf_weight=1287.7009185875904 23.641792197178802 62.026963483938744 7.0495298474852461 6.0665477273232682 7.5825138220407196 8.6769806573684019 223.79279834953013 91.947134688463848
leaf_count=111442 5779 17110 898 2260 2935 3291 8114 11455
internal_value=-5.56033e-05 0.000246229 0.000753661 0.0255437 0.007897 0.0300783 0.000299498 0.00663772
internal_weight=1718.49 1694.84 1632.82 29.3756 22.326 16.2595 1603.44 315.74
internal_count=163284 157505 140395 9384 8486 6226 131011 19569
is_linear=0
shrinkage=0.0750466


Tree=206
num_leaves=9
num_cat=0
split_feature=8 72 8 135 5 82 64 52
split_gain=1.93469 7.16692 9.93871 7.48305 9.72789 9.39129 13.6871 12.8416
threshold=9683.5850000000009 387.90500000000003 12961.865000000002 -1355.4999999999998 63.500000000000007 2.5000000000000004 1.0000000180025095e-35 16685.650000000005
decision_type=2 2 2 8 2 2 2 2
left_child=-1 2 -2 4 -4 -5 -7 -8
right_child=1 -3 3 5 -6 6 7 -9
leaf_value=0.0024197701793169991 -0.024377595623550064 -0.0062304185497948188 -0.019639194119789073 0.020184696796380019 0.063955003947472111 -0.0089662768001726248 0.19334848094771434 0.038128272723923454
leaf_weight=874.04680095955155 36.488505134984734 663.08592764368223 41.1674906517419 74.979567834247064 9.6846238194302696 6.4300622321916334 6.9466388333421474 5.2860731969012704
leaf_count=71382 7897 36703 17989 14468 1593 2928 2518 7806
internal_value=-5.49856e-05 -0.00261763 0.0106189 0.0194564 -0.00371894 0.0320417 0.0796782 0.126274
internal_weight=1718.12 844.069 180.983 144.494 50.8521 93.6423 18.6628 12.2327
internal_count=163284 91902 55199 47302 19582 27720 13252 10324
is_linear=0
shrinkage=0.0750466


Tree=207
num_leaves=9
num_cat=0
split_feature=22 57 81 112 149 149 81 57
split_gain=2.02133 3.89214 3.45152 3.24444 7.94504 5.58063 3.57535 2.6388
threshold=239470.10500000001 5.5000000000000009 227284.42000000001 278704.80000000005 4617.5000000000009 3075.5000000000005 29325.005000000001 6.5000000000000009
decision_type=2 2 2 10 8 8 2 2
left_child=7 2 3 4 6 -5 -2 -1
right_child=1 -3 -4 5 -6 -7 -8 -9
leaf_value=-9.3941001124543791e-05 -0.036069879622870754 -0.075313318549504737 -0.055190036394333598 0.022483049639355469 0.073273400214367901 -0.0762812629902858 0.030798947593554619 0.01830280360208332
leaf_weight=1619.2764193291423 12.512801010667323 5.3156920696601437 7.3229889657377489 6.0121019169800975 8.9794568386696465 6.9434196874190102 7.03530966222388 45.13639153058466
leaf_count=123992 3410 5707 4947 2342 2611 4494 3364 12417
internal_value=-5.91635e-05 -0.0143321 -0.0076904 0.000694688 0.0148383 -0.030449 -0.012004 0.000404951
internal_weight=1718.53 54.1218 48.8061 41.4831 28.5276 12.9555 19.5481 1664.41
internal_count=163284 26875 21168 16221 9385 6836 6774 136409
is_linear=0
shrinkage=0.0750466


Tree=208
num_leaves=9
num_cat=0
split_feature=148 127 127 127 127 28 6 28
split_gain=1.89503 7.56691 2.81983 2.20079 7.22251 8.77693 7.60815 4.31584
threshold=5.9250000000000007 2528.5000000000005 4159.5000000000009 1221.5000000000002 610.50000000000011 4577.1250000000009 76.500000000000014 16530.325000000001
decision_type=10 8 8 8 10 2 2 2
left_child=3 -2 -3 4 7 -6 -7 -1
right_child=1 2 -4 -5 5 6 -8 -9
leaf_value=-0.0062275294908381339 -0.0181069355246882 0.024034982438408098 0.0920955791702677 -0.0021313947499788043 0.029590285403560106 -0.032007628713727469 0.02633709988539305 0.016019488516654853
leaf_weight=280.72413940769547 14.798337433028793 6.6266156589517751 7.1035781933151165 1192.5634293812182 105.15148772297835 30.708824397741409 21.330890502818875 59.525233314387151
leaf_count=17692 3152 2089 2545 111228 3772 6272 4506 12028
internal_value=-5.85451e-05 0.0191221 0.0592474 -0.000382329 0.00381088 0.0171151 -0.00809234 -0.0023355
internal_weight=1718.53 28.5285 13.7302 1690 497.441 157.191 52.0397 340.249
internal_count=163284 7786 4634 155498 44270 14550 10778 29720
is_linear=0
shrinkage=0.0750466


Tree=209
num_leaves=9
num_cat=0
split_feature=27 11 71 6 27 107 11 149
split_gain=1.69954 4.87609 5.57163 10.1878 2.72307 9.87833 7.97308 9.37772
threshold=32.500000000000007 1025.2150000000004 1.0000000180025095e-35 115.50000000000001 23.500000000000004 66.500000000000014 823.92000000000019 4292.5000000000009
decision_type=2 2 2 2 2 2 2 10
left_child=4 -2 3 -3 -1 -6 -7 -8
right_child=1 2 -4 -5 5 6 7 -9
leaf_value=-0.00018188724003768012 -0.049560194368585345 0.19653187914004155 -0.02480714265474946 -0.010015401716367226 0.10339111999935745 -0.035745541899888433 -0.0062915767932699542 0.12791788970097062
leaf_weight=1655.9885441741808 14.131428292297644 2.2057030475098118 8.8430083075872972 3.4464257502968394 6.6395996483915942 14.855894535096015 7.5441207707299309 4.7964337906014407
leaf_count=137730 4537 1509 3157 4238 494 4546 3851 3222
internal_value=-5.84403e-05 -0.0181912 0.0123906 0.0705882 0.000248739 0.0213243 0.00128889 0.0458719
internal_weight=1718.45 28.6266 14.4951 5.65213 1689.82 33.836 27.1964 12.3406
internal_count=163284 13441 8904 5747 149843 12113 11619 7073
is_linear=0
shrinkage=0.0750466


Tree=210
num_leaves=9
num_cat=0
split_feature=22 6 140 97 6 126 25 80
split_gain=1.83285 5.43672 2.8469 2.69752 18.4066 8.81512 7.53489 2.26845
threshold=409658.84500000003 227.50000000000003 4363.6450000000013 147.50000000000003 171.50000000000003 11.845000000000001 3329.2250000000004 6.5000000000000009
decision_type=2 2 10 2 2 8 2 2
left_child=3 2 -2 7 6 -6 -5 -1
right_child=1 -3 -4 4 5 -7 -8 -9
leaf_value=-0.00067293470369963809 -0.015172486802721539 0.040603517105914623 -0.067345090660241677 0.017818487959671177 0.030238180090096572 0.14954115957931474 -0.06311797862096552 0.015830556105109441
leaf_weight=1597.0700407315999 16.656200441404511 7.0855264938891187 9.1133996111329889 14.868422750561878 7.0633662363488812 6.8911087401047562 11.479897750083181 48.326652762279991
leaf_count=124725 3896 4227 8002 2115 3025 1939 5016 10339
internal_value=-6.05246e-05 -0.0176156 -0.0336233 0.000281632 0.0194635 0.0891533 -0.0174453 -0.000188214
internal_weight=1718.55 32.8551 25.7696 1685.7 40.3028 13.9545 26.3483 1645.4
internal_count=163284 16125 11898 147159 12095 4964 7131 135064
is_linear=0
shrinkage=0.0750466


Tree=211
num_leaves=9
num_cat=0
split_feature=73 153 5 9 85 27 128 73
split_gain=1.91697 7.68698 7.17839 6.80043 6.24124 5.9821 5.3936 5.33253
threshold=9.5000000000000018 31829.355000000007 39.500000000000007 2798.8850000000007 11788.650000000001 12.500000000000002 5692.1350000000011 6.5000000000000009
decision_type=2 8 2 2 2 2 10 2
left_child=7 2 3 5 6 -2 -4 -1
right_child=1 -3 4 -5 -6 -7 -8 -9
leaf_value=-0.00090501138872240924 0.024535375148592067 -0.057536133721091245 -0.027759669448092692 0.076755305792441678 0.020829415431790899 -0.035542417313960947 0.020171400817306437 0.012123150505127413
leaf_weight=1313.08536940872 33.425080569697457 15.603536041639016 88.319422694303285 9.7336366657182207 25.53330422279214 12.951244663738178 15.550294009675779 204.49753255870564
leaf_count=71929 7428 3275 17467 1967 15481 6982 6416 32339
internal_value=-6.18411e-05 -0.00694664 -0.00269154 0.0197271 -0.0124124 0.0077578 -0.0205839 0.000850561
internal_weight=1718.7 201.117 185.513 56.11 129.403 46.3763 103.87 1517.58
internal_count=163284 59016 55741 16377 39364 14410 23883 104268
is_linear=0
shrinkage=0.0750466


Tree=212
num_leaves=9
num_cat=0
split_feature=0 12 116 6 6 104 147 6
split_gain=1.90039 6.6933 7.39684 3.17415 2.80559 2.49075 5.28277 5.17713
threshold=15842220.000000002 6.5000000000000009 1077.6100000000004 289.50000000000006 266.50000000000006 39921.000000000007 -31205.244999999999 189.50000000000003
decision_type=2 2 8 2 2 2 8 2
left_child=1 -1 3 -3 5 -2 -7 -8
right_child=4 2 -4 -5 -6 6 7 -9
leaf_value=0.0099662643635921241 0.00075868080222070617 -0.023041779449071167 -0.063930833721626987 0.015303433554329756 0.021848898711172328 -0.067397039443225601 -0.01578684939296901 0.055309698167761524
leaf_weight=59.449303577683168 1498.2895185070483 34.778235712055903 19.208557740717879 18.693033677718631 34.422984753307901 9.2133114933058078 38.032664189297066 6.7996842940301567
leaf_count=2497 118525 4559 6016 3257 4900 7537 13286 2707
internal_value=-6.24044e-05 -0.00870979 -0.0239861 -0.00963667 0.000657662 0.000187747 -0.0156401 -0.0050037
internal_weight=1718.89 132.129 72.6798 53.4713 1586.76 1552.34 54.0457 44.8323
internal_count=163284 16329 13832 7816 146955 142055 23530 15993
is_linear=0
shrinkage=0.0750466


Tree=213
num_leaves=9
num_cat=0
split_feature=46 153 80 113 113 151 103 137
split_gain=1.71521 7.63499 4.87791 2.52488 2.08086 2.02071 4.91174 4.22848
threshold=1.0000000180025095e-35 1612.8750000000002 1.0000000180025095e-35 -562.99999999999989 -1475.4999999999998 4.5000000000000009 3.5000000000000004 8892.4500000000025
decision_type=2 8 2 10 10 10 2 8
left_child=5 2 -2 4 -3 -1 7 -7
right_child=1 3 -4 -5 -6 6 -8 -9
leaf_value=-0.00064713327759459243 0.032930333044957689 -0.028283087422266887 -0.013329965532462311 0.0050080116262466662 -0.066422695475436361 -0.013604065608894819 -0.033667931478508016 0.01346703658210039
leaf_weight=1362.939014920963 25.558536275435472 22.903628875979848 25.792259772810212 7.992918158088286 12.428437015143571 38.57693854027093 16.039866158529549 206.16423307782679
leaf_count=78010 1889 4255 3980 3709 4834 2904 11233 52470
internal_value=-6.1604e-05 -0.00988052 0.00969491 -0.0330822 -0.0416991 0.000510917 0.00656332 0.0092
internal_weight=1718.4 94.6758 51.3508 43.325 35.3321 1623.72 260.781 244.741
internal_count=163284 18667 5869 12798 9089 144617 66607 55374
is_linear=0
shrinkage=0.0750466


Tree=214
num_leaves=9
num_cat=0
split_feature=10 125 83 112 83 112 129 99
split_gain=1.95953 5.86953 4.12373 4.10131 6.14869 5.51736 3.09419 2.49206
threshold=-3005.3049999999998 -367.86499999999995 37776.215000000004 139352.40000000002 3873.2450000000003 228031.20000000004 9.5000000000000018 1.0000000180025095e-35
decision_type=2 10 2 8 2 10 8 2
left_child=1 2 3 -1 5 -5 -6 -2
right_child=7 -3 -4 4 6 -7 -8 -9
leaf_value=-0.047201966967152911 -0.00016039155862138194 0.049581718067750545 -0.052024214453241166 0.015754419574522255 0.0032506832444364792 -0.042193936940134985 0.083020722583798265 0.013215998792259875
leaf_weight=12.451441103457908 1551.6238541181683 8.088829218184399 15.62953288112112 18.228228427513386 4.7057852126745248 18.794839110694738 6.5511462270824277 82.617599065000832
leaf_count=2814 132559 1908 9995 2066 2740 4186 2883 4133
internal_value=-6.01953e-05 -0.0112074 -0.0176467 -0.00879952 0.00110449 -0.0136632 0.0496741 0.00051584
internal_weight=1718.69 84.4498 76.361 60.7314 48.28 37.0231 11.2569 1634.24
internal_count=163284 26592 24684 14689 11875 6252 5623 136692
is_linear=0
shrinkage=0.0750466


Tree=215
num_leaves=9
num_cat=0
split_feature=64 83 25 64 151 8 150 80
split_gain=1.88889 3.86159 3.86781 5.25413 7.97586 11.4457 5.33337 5.34971
threshold=13076.395000000002 110263.17000000001 2376.4950000000003 34151.395000000011 9.5000000000000018 18628.875000000004 20211.775000000005 2.5000000000000004
decision_type=2 2 2 2 8 2 8 2
left_child=-1 2 -2 6 5 -5 -4 -8
right_child=1 -3 3 4 -6 -7 7 -9
leaf_value=0.00053726664421327973 -0.021804432442290175 -0.045671054728519629 -0.037242010598875414 0.0079195901128202434 -0.013582365996055598 0.17845004353269697 -0.021486805427959929 0.083900299189860209
leaf_weight=1624.7020014466361 36.304831556219142 14.751904423654194 15.513317238666788 4.441587647006596 7.1310712206122853 4.4250756933670345 5.4112714543007296 5.4399901707056415
leaf_count=128691 6480 7331 7954 2294 3381 2375 2484 2294
internal_value=-5.94083e-05 -0.0104365 -0.00382922 0.0115757 0.0455048 0.093026 -0.00901214 0.0313462
internal_weight=1718.12 93.419 78.6671 42.3623 15.9977 8.86666 26.3646 10.8513
internal_count=163284 34593 27262 20782 8050 4669 12732 4778
is_linear=0
shrinkage=0.0750466


Tree=216
num_leaves=9
num_cat=0
split_feature=33 33 20 113 71 129 113 20
split_gain=1.88446 3.70258 1.91141 11.7187 2.92508 4.86265 2.6449 2.5968
threshold=175039.38000000003 453889.19500000007 109749.33500000001 -409.99999999999994 1.0000000180025095e-35 13.500000000000002 -1414.4999999999998 48105.080000000009
decision_type=2 2 2 10 2 8 10 2
left_child=2 -2 7 4 5 -4 -7 -1
right_child=1 -3 3 -5 -6 6 -8 -9
leaf_value=0.00025665536469914404 -0.03755982197500516 0.025500682166656241 -0.075553652620700837 0.063384619013594837 -0.04952775748661762 0.05724355080946425 -0.012002091483902664 0.021460887777825916
leaf_weight=1609.390226956426 18.888930384542622 7.2590897513236987 4.5643077746972294 8.9437977973138896 22.53038571354773 5.0117078838302396 8.1724528702670778 33.198858318246494
leaf_count=126587 7206 2402 4390 3382 3639 2004 4492 9182
internal_value=-6.04476e-05 -0.0200533 0.000248554 -0.0143233 -0.0315781 -0.00879223 0.0143203 0.00068522
internal_weight=1717.96 26.148 1691.81 49.2227 40.2789 17.7485 13.1842 1642.59
internal_count=163284 9608 153676 17907 14525 10886 6496 135769
is_linear=0
shrinkage=0.0750466


Tree=217
num_leaves=9
num_cat=0
split_feature=0 149 140 109 140 149 140 85
split_gain=1.65791 7.60773 5.36702 4.86301 3.2852 2.51573 4.08316 4.59207
threshold=15842220.000000002 2810.5000000000005 7173.1900000000014 1.0000000180025095e-35 25962.100000000002 489.50000000000006 8303.6200000000008 39354.150000000009
decision_type=2 8 10 2 10 10 8 2
left_child=1 -1 -3 -4 -5 -2 -7 -8
right_child=5 2 3 4 -6 6 7 -9
leaf_value=-0.041924024064628446 -0.0036450598366963979 0.01179173255751835 -0.061888888300973957 -0.029494849878937978 0.042921472152651158 -0.0017896245719683517 0.0090725274807524296 -0.024892677226529478
leaf_weight=29.223929204516025 524.06566495784136 75.078819883930919 12.356981529286713 8.0181894933775748 6.3005628942501071 549.22988473201985 490.08026562419582 23.492926563185392
leaf_count=2862 23178 4379 3315 2510 3263 52475 57156 14146
internal_value=-5.96108e-05 -0.00817463 0.0015182 -0.0273966 0.00236991 0.000610195 0.00270845 0.00751882
internal_weight=1717.85 130.978 101.755 26.6757 14.3188 1586.87 1062.8 513.573
internal_count=163284 16329 13467 9088 5773 146955 123777 71302
is_linear=0
shrinkage=0.0750466


Tree=218
num_leaves=9
num_cat=0
split_feature=8 28 113 134 128 99 102 96
split_gain=1.89535 4.00215 3.00421 3.47421 2.4326 2.11796 3.48553 2.8792
threshold=-8804.7999999999975 21895.940000000006 -409.99999999999994 187492.32000000004 49858.780000000006 2.5000000000000004 1.0000000180025095e-35 1.0000000180025095e-35
decision_type=2 2 8 10 8 2 2 2
left_child=1 -1 3 -3 -5 6 7 -2
right_child=5 2 -4 4 -6 -7 -8 -9
leaf_value=0.022867502214656631 -0.0038808882650321979 -0.033461754424633186 -0.044704944356373476 0.044057927858773979 -0.002704090902946829 0.019158048043234011 -0.023284121817006682 0.0026017800459553868
leaf_weight=57.919007147938828 740.65762398454535 10.4435400178736 9.3915981424361217 11.224311968468102 14.181305172756764 29.725386763286224 38.7758921824352 805.48558779608902
leaf_count=4554 38784 2653 2229 4028 3179 853 3858 103146
internal_value=-5.86621e-05 0.00980349 -0.00692158 0.00297673 0.0179556 -0.000688756 -0.00106099 -0.000503649
internal_weight=1717.8 103.16 45.2408 35.8492 25.4056 1614.64 1584.92 1546.14
internal_count=163284 16643 12089 9860 7207 146641 145788 141930
is_linear=0
shrinkage=0.0750466


Tree=219
num_leaves=9
num_cat=0
split_feature=20 134 20 127 20 20 27 56
split_gain=1.85543 4.78446 3.99822 7.41124 7.45783 4.77477 4.72332 5.59205
threshold=55.415000000000006 93605.400000000009 1.0000000180025095e-35 3893.5000000000005 18.100000000000005 3.8350000000000004 2.5000000000000004 1.0000000180025095e-35
decision_type=2 10 2 8 2 2 2 2
left_child=2 -2 6 5 -5 -4 -1 -8
right_child=1 -3 3 4 -6 -7 7 -9
leaf_value=0.0026291044464726129 -0.016506334791691731 0.0014062737542593735 0.044126349487514156 -0.021922061465734784 0.024304815239509957 0.011433574486657395 -0.0029702676205349901 -0.026944296727316255
leaf_weight=824.63420422139825 127.88955045489456 244.5989508728544 42.502010575404711 54.007373735677902 30.902117298352096 61.662426112374305 262.49129858092783 69.253044708471862
leaf_count=24061 12819 57845 4526 4523 2536 8113 26838 22023
internal_value=-5.64696e-05 -0.00474381 0.00124122 0.0113585 -0.00509817 0.0247731 -0.000413009 -0.00797495
internal_weight=1717.94 372.489 1345.45 189.074 84.9095 104.164 1156.38 331.744
internal_count=163284 70664 92620 19698 7059 12639 72922 48861
is_linear=0
shrinkage=0.0750466


Tree=220
num_leaves=9
num_cat=0
split_feature=50 5 5 5 5 27 97 5
split_gain=1.80563 4.67739 3.26534 2.25109 7.30993 6.94249 4.75131 6.53844
threshold=1.0000000180025095e-35 63.500000000000007 44.500000000000007 67.500000000000014 63.500000000000007 2.5000000000000004 36.500000000000007 34.500000000000007
decision_type=2 2 2 2 2 2 2 2
left_child=3 2 -2 4 6 -6 -1 -8
right_child=1 -3 -4 -5 5 -7 7 -9
leaf_value=-0.0022851576493564548 -0.0027261694016261695 0.016517432483970265 -0.071378566672183341 -0.007903952113049121 0.035268957237081358 -0.0063171338225636985 0.03100618112002233 0.0025885102749522121
leaf_weight=1152.6911326511217 6.3609939288871891 12.17571770707036 10.093266041791138 170.9380335333808 65.072375409319648 34.646730547639891 58.494613404069241 206.84508916001869
leaf_count=80792 2290 3719 5026 10084 1800 4755 10463 44355
internal_value=-5.62257e-05 -0.0187451 -0.0448385 0.000260625 0.00118017 0.0208202 -0.000200959 0.00885324
internal_weight=1717.32 28.63 16.4543 1688.69 1517.75 99.7191 1418.03 265.34
internal_count=163284 11035 7316 152249 142165 6555 135610 54818
is_linear=0
shrinkage=0.0750466


Tree=221
num_leaves=9
num_cat=0
split_feature=82 26 151 118 82 72 140 140
split_gain=1.73853 3.40344 3.47374 3.59929 6.62549 3.83227 4.11377 2.68889
threshold=6.5000000000000009 1.0000000180025095e-35 1.0000000180025095e-35 9950.5150000000012 8.5000000000000018 1287.6450000000002 17914.180000000004 5236.5900000000011
decision_type=2 2 10 8 2 2 8 8
left_child=-1 -2 -3 4 -4 6 7 -5
right_child=1 2 3 5 -6 -7 -8 -9
leaf_value=0.00037633864460246032 0.030818332037149399 -0.061832973419046408 -0.045304879815863112 0.007302906809119809 0.067623244606805577 -0.06217245421280089 0.049569840181925576 -0.076071416084801696
leaf_weight=1662.8689700285195 8.3527794831752527 9.4428430885200196 4.8725328113505402 4.4136459843357523 7.3243731492930237 10.316105050816985 5.3872275782341559 4.3020374251118421
leaf_count=141714 561 2056 2654 2098 4239 2942 4424 2596
internal_value=-5.55956e-05 -0.0132559 -0.0212488 -0.0107826 0.0225097 -0.0274116 -0.00198439 -0.0338504
internal_weight=1717.28 54.4115 46.0588 36.6159 12.1969 24.419 14.1029 8.71568
internal_count=163284 21570 21009 18953 6893 12060 9118 4694
is_linear=0
shrinkage=0.0750466


Tree=222
num_leaves=9
num_cat=0
split_feature=7 123 51 113 153 17 84 141
split_gain=2.07045 7.34738 3.92605 10.6413 6.19147 5.98871 5.35519 4.43225
threshold=1655.0800000000002 19.500000000000004 1.0000000180025095e-35 -562.99999999999989 9905.9850000000024 3.5000000000000004 1.5000000000000002 1.1700000000000002
decision_type=2 10 2 8 8 2 2 8
left_child=-1 2 7 5 6 -4 -5 -2
right_child=1 -3 3 4 -6 -7 -8 -9
leaf_value=-0.002760075749502499 0.0095104226966800202 -0.032157923423480297 -0.029844069024427208 0.059845088127005203 0.10471999830220521 0.078984144753114355 -0.041237762886166776 -0.0018460761596050699
leaf_weight=826.47106308127695 318.170807672097 33.249276658214512 18.146070360682646 9.0596907224935439 10.080051661858304 3.3779422976513152 4.3782598038487768 494.16660926228178
leaf_count=95686 22224 3473 15892 3624 2381 855 4803 14346
internal_value=-5.48705e-05 0.00245546 0.00379777 0.0253644 0.0602607 -0.0127648 0.026911 0.00260196
internal_weight=1717.1 890.629 857.379 45.042 23.518 21.524 13.438 812.337
internal_count=163284 67598 64125 27555 10808 16747 8427 36570
is_linear=0
shrinkage=0.0750466


Tree=223
num_leaves=9
num_cat=0
split_feature=138 81 63 140 58 81 83 83
split_gain=1.54089 4.03206 3.00453 4.08391 2.06364 3.82288 7.69393 5.87115
threshold=97358.630000000019 8797.7650000000012 3.5000000000000004 71394.165000000023 232.54500000000004 1.0000000180025095e-35 1.0000000180025095e-35 14077.235000000002
decision_type=10 2 2 8 2 2 2 2
left_child=4 -2 3 -3 -1 6 -6 -7
right_child=1 2 -4 -5 5 7 -8 -9
leaf_value=-0.0014506949208791685 0.0096311898107181333 -0.077629892857058749 0.017526959809280793 -0.0062564421595004893 0.018079115897710385 -0.0075809288782459723 -0.024330203746651964 0.014926375696231352
leaf_weight=1154.6122614812957 21.702649977625697 11.17625555507766 4.8397957982760991 7.5754635939811168 175.65114786528829 221.29971945018951 27.922743005041411 92.580953775917806
leaf_count=61544 3408 3773 4049 3698 12128 33267 8239 33178
internal_value=-5.56993e-05 -0.0137139 -0.0351898 -0.0487959 0.000314283 0.00425253 0.0122621 -0.000942267
internal_weight=1717.36 45.2942 23.5915 18.7517 1672.07 517.455 203.574 313.881
internal_count=163284 14928 11520 7471 148356 86812 20367 66445
is_linear=0
shrinkage=0.0750466


Tree=224
num_leaves=9
num_cat=0
split_feature=21 74 5 97 5 97 97 20
split_gain=1.83175 3.1016 1.99911 6.06527 6.01799 6.86273 4.79383 7.44818
threshold=1.0000000180025095e-35 513.96500000000015 67.500000000000014 11.500000000000002 61.500000000000007 36.500000000000007 28.500000000000004 203.56500000000003
decision_type=2 2 2 2 2 2 2 2
left_child=1 -1 4 -4 6 -6 7 -2
right_child=2 -3 3 -5 5 -7 -8 -9
leaf_value=0.017475751308759703 -0.001737805715858295 -0.0018757036693207428 0.0022303134391466911 -0.027759598239420941 0.022592635333327411 -0.017552422620691104 0.0065929276880029447 -0.021621239798470162
leaf_weight=85.625025001208996 799.75901420114315 102.46968484365789 103.70407288841488 59.928967851777998 116.96525299148379 30.168146021007487 296.58753923862059 122.33319851954002
leaf_count=3392 49100 2409 4045 8286 6248 5720 63388 20696
internal_value=-5.5058e-05 0.00693352 -0.000914529 -0.00875319 2.45921e-05 0.0143613 -0.00170631 -0.00437572
internal_weight=1717.54 188.095 1529.45 163.633 1365.81 147.133 1218.68 922.092
internal_count=163284 5801 157483 12331 145152 11968 133184 69796
is_linear=0
shrinkage=0.0750466


Tree=225
num_leaves=9
num_cat=0
split_feature=64 134 80 124 112 134 127 112
split_gain=1.74863 3.73812 3.79706 3.50814 2.25672 4.50806 5.21361 3.59483
threshold=25194.515000000003 93605.400000000009 7.5000000000000009 1641.9650000000004 720815.33500000008 1076107.5600000003 3001.5000000000005 1348452.2050000003
decision_type=2 8 2 8 10 8 10 10
left_child=4 -2 3 -3 -1 6 -6 -7
right_child=1 2 -4 -5 5 7 -8 -9
leaf_value=-0.00028553375980830702 0.03077391467391628 -0.044811651844209106 0.024058699391131193 0.010611858328592827 0.045210408868082232 -0.036723232637611486 -0.0054073775876173139 0.0099078563493562935
leaf_weight=1572.3618570443614 9.024897058712666 28.675623427623577 8.2034217342934408 8.2919957470458012 31.927361657479196 14.428882630851147 17.877249742836284 26.249191812068602
leaf_count=127528 2556 13234 3704 1794 3953 2246 4216 4053
internal_value=-5.46859e-05 -0.0133204 -0.0221302 -0.0323799 0.000377676 0.0119026 0.0270413 -0.00663261
internal_weight=1717.04 54.1959 45.171 36.9676 1662.84 90.4827 49.8046 40.6781
internal_count=163284 21288 18732 15028 141996 14468 8169 6299
is_linear=0
shrinkage=0.0750466


Tree=226
num_leaves=9
num_cat=0
split_feature=7 8 81 127 26 127 8 129
split_gain=1.88738 9.31027 12.8565 6.95836 7.33356 6.78141 6.39464 6.00198
threshold=1655.0800000000002 16678.810000000001 8797.7650000000012 1221.5000000000002 1.0000000180025095e-35 1578.5000000000002 29166.560000000001 2.5000000000000004
decision_type=2 2 2 8 2 8 2 8
left_child=6 2 5 -3 -5 -2 -1 -6
right_child=1 3 -4 4 7 -7 -8 -9
leaf_value=-0.0037919598492564856 -0.0095826548326230793 0.015202201258935512 0.035591126602139797 0.003742779790722052 0.007091524723956695 0.012837258120753323 0.035281460984791173 -0.022664453452335299
leaf_weight=800.69113601232311 129.74944887995298 82.671983829937744 91.010561622306341 161.02971949089988 47.370744136182111 183.35953470521781 24.305340779977996 196.72012345900475
leaf_count=89202 2561 9067 8231 3143 11231 3709 6484 29656
internal_value=-5.36611e-05 0.00233939 0.0107633 -0.00463953 -0.00868858 0.00354665 -0.00264081 -0.0168897
internal_weight=1716.91 891.912 404.12 487.793 405.121 313.109 824.996 244.091
internal_count=163284 67598 14501 53097 44030 6270 95686 40887
is_linear=0
shrinkage=0.0750466


Tree=227
num_leaves=9
num_cat=0
split_feature=127 5 127 22 123 22 5 148
split_gain=1.64662 4.01292 2.06574 8.20375 6.36213 4.23502 3.97153 3.7556
threshold=145.50000000000003 43.500000000000007 1221.5000000000002 -9370.4499999999989 19.500000000000004 -22789.309999999994 57.500000000000007 3.52
decision_type=8 2 8 2 10 2 2 10
left_child=1 -1 3 -2 5 -4 -6 -7
right_child=2 -3 4 -5 6 7 -8 -9
leaf_value=-0.037930054846604284 -0.013879664017708031 0.010848744498089815 0.016155625749605398 0.0099133649861615717 -0.048672702125639726 -0.0022296370031628814 -0.0034657896200994721 0.025959080984273585
leaf_weight=20.61598674576453 105.43779396894024 17.614171093497134 82.126844750800956 361.23895761960557 25.348218327517316 1057.046685229303 19.261600451722188 27.306577931427455
leaf_count=3259 4756 1820 2748 35824 3702 101374 2296 7505
internal_value=-5.53092e-05 -0.0154557 0.000295609 0.00453773 -0.00133903 -0.000275329 -0.0291533 -0.00151978
internal_weight=1716 38.2302 1677.77 466.677 1211.09 1166.48 44.6098 1084.35
internal_count=163284 5079 158205 40580 117625 111627 5998 108879
is_linear=0
shrinkage=0.0750466


Tree=228
num_leaves=9
num_cat=0
split_feature=125 5 5 135 28 120 28 5
split_gain=1.62299 3.73846 2.67952 1.9353 5.80387 4.4671 4.7687 2.08585
threshold=-28173.074999999993 47.500000000000007 38.500000000000007 -348.99999999999994 2982.1750000000006 154836.00000000003 16530.325000000001 76.500000000000014
decision_type=8 2 2 10 2 10 2 2
left_child=1 2 -1 7 -5 -6 -7 -2
right_child=3 -3 -4 4 5 6 -8 -9
leaf_value=-0.019850194268434703 0.00042884673441277482 -0.044086132567710865 0.040409296058781727 0.0054515675380539053 -0.059343184737795041 0.037431087662145569 -0.042934161048494887 0.018099617000446246
leaf_weight=9.1609192565683824 1558.7545999256272 14.995339245759167 7.6068059765566423 51.368391276278999 18.622131504049321 7.7090757772020906 9.0285039509635663 38.551741026349191
leaf_count=2607 140317 4995 2868 1898 3289 1086 3806 2418
internal_value=-5.44579e-05 -0.0168607 0.00748698 0.000262529 -0.0106555 -0.0340548 -0.00591914 0.000855339
internal_weight=1715.8 31.7631 16.7677 1684.03 86.7281 35.3597 16.7376 1597.31
internal_count=163284 10470 5475 152814 10079 8181 4892 142735
is_linear=0
shrinkage=0.0750466


Tree=229
num_leaves=9
num_cat=0
split_feature=7 142 60 99 16 138 107 5
split_gain=1.71171 6.62045 4.14823 2.86488 3.26824 6.79232 6.39397 4.92141
threshold=1.0000000180025095e-35 119646.00000000001 694.58500000000015 1.0000000180025095e-35 -4047.3549999999991 -1.0000000180025095e-35 12.500000000000002 57.500000000000007
decision_type=2 8 2 2 2 10 2 2
left_child=1 -1 -3 4 6 -6 -2 -8
right_child=3 2 -4 -5 5 -7 7 -9
leaf_value=-0.02683448629359729 0.0018839385136794873 0.0036966677737346313 -0.039377412956740354 0.015402918640382429 -0.010493777518429951 0.0056015618547546782 -0.02474216506384597 0.0078280663935021977
leaf_weight=63.023182825765616 251.51619848632254 195.27249610129547 13.459890513422577 73.562603462833067 181.92213476281177 784.19079153513849 119.01962892357733 33.477432772808243
leaf_count=8890 2088 29704 5089 4115 5731 93589 12135 1943
internal_value=-5.33564e-05 -0.00551728 0.000919081 0.000975157 0.000200525 0.00257076 -0.00546739 -0.0175921
internal_weight=1715.44 271.756 208.732 1443.69 1370.13 966.113 404.013 152.497
internal_count=163284 43683 34793 119601 115486 99320 16166 14078
is_linear=0
shrinkage=0.0750466


Tree=230
num_leaves=9
num_cat=0
split_feature=33 33 12 134 7 12 150 113
split_gain=1.74775 3.18725 4.19807 6.2968 2.47258 7.86578 9.79927 10.8921
threshold=175039.38000000003 453889.19500000007 5.5000000000000009 1.0000000180025095e-35 5005.1550000000016 4.5000000000000009 17914.180000000004 -593.49999999999989
decision_type=2 2 2 10 2 2 8 8
left_child=4 2 -2 -4 -1 -6 7 -7
right_child=1 -3 3 -5 5 6 -8 -9
leaf_value=-0.00054279629886230254 -0.078654251169853334 0.021718272646369347 0.06535804340081075 -0.052630182220182203 0.061774609878624182 0.074451656060154539 -0.013897834787439096 -0.0072550581752607781
leaf_weight=1571.4709735416363 7.6676624246902128 7.5171738905046359 4.2227844064473157 6.4209390632549912 14.857697318773715 18.756533973068144 66.170022330348729 18.01346156076761
leaf_count=135405 829 2402 512 5865 108 4477 9808 3878
internal_value=-5.2936e-05 -0.0194272 -0.0363182 -0.00581961 0.000243292 0.01073 0.0033626 0.0344239
internal_weight=1715.1 25.8286 18.3114 10.6437 1689.27 117.798 102.94 36.77
internal_count=163284 9608 7206 6377 153676 18271 18163 8355
is_linear=0
shrinkage=0.0750466


Tree=231
num_leaves=9
num_cat=0
split_feature=151 16 20 109 112 17 138 51
split_gain=1.71595 5.34269 3.93039 3.20166 3.98394 2.11899 4.28721 4.1314
threshold=1.0000000180025095e-35 -1870.675 34.560000000000009 1.0000000180025095e-35 164689.20000000004 3.5000000000000004 13933.140000000001 1.0000000180025095e-35
decision_type=8 2 2 2 8 2 8 2
left_child=1 -1 3 -3 -5 7 -7 -2
right_child=5 2 -4 4 -6 6 -8 -9
leaf_value=-0.022642469859017786 0.0013577579014277489 -0.0060539376466490847 -0.020729485863313878 0.040407313375458651 -0.00061006469593517061 -0.005689929825281193 0.031391952483287557 -0.013465482495994585
leaf_weight=73.57290468710562 1333.8446630112594 38.06619777836022 29.800506574387327 30.296440543388599 23.82336651267542 33.896360321014072 36.433263901210012 115.0261800868393
leaf_count=2888 65270 1802 4246 2863 2251 2004 5004 76956
internal_value=-5.33074e-05 -0.00667014 0.00296315 0.0106222 0.0223516 0.000798445 0.0135198 0.000180938
internal_weight=1714.76 195.559 121.987 92.186 54.1198 1519.2 70.3296 1448.87
internal_count=163284 14050 11162 6916 5114 149234 7008 142226
is_linear=0
shrinkage=0.0750466


Tree=232
num_leaves=9
num_cat=0
split_feature=39 0 23 153 11 153 0 11
split_gain=1.95403 4.04342 2.81896 2.92178 1.89058 3.25411 6.65284 4.91265
threshold=313319.83000000002 22275446.000000004 1.5000000000000002 838.69500000000005 318.30500000000006 1026.3750000000002 56872981.500000007 1958.5550000000001
decision_type=2 2 2 8 2 10 2 2
left_child=4 -2 3 -3 -1 6 7 -6
right_child=1 2 -4 -5 5 -7 -8 -9
leaf_value=-0.0010395907130439765 0.026577628679538175 -0.045683886381306417 -0.068637361496685784 0.025509491693981683 0.012340010705882434 -0.0016685146422307008 -0.022173351064167537 0.048161079812133557
leaf_weight=1318.3177452795626 8.0062350881307811 7.2298091313750783 8.7873165639466588 5.8928234319737394 121.19072786847391 192.41682140100784 26.43179451566175 26.229329224479443
leaf_count=50291 3129 1669 2815 3430 17064 74931 4062 5893
internal_value=-5.20438e-05 -0.0190637 -0.0357418 -0.0137139 0.000285581 0.00505529 0.0124971 0.0187134
internal_weight=1714.5 29.9162 21.9099 13.1226 1684.59 366.269 173.852 147.42
internal_count=163284 11043 7914 5099 152241 101950 27019 22957
is_linear=0
shrinkage=0.0750466


Tree=233
num_leaves=9
num_cat=0
split_feature=28 21 147 5 16 0 0 5
split_gain=1.57641 9.91186 6.08049 4.48297 4.74031 4.06904 3.84917 6.61947
threshold=1395.8750000000002 1.0000000180025095e-35 -1305.0149999999996 59.500000000000007 -14461.189999999999 28166114.000000004 49848695.500000007 32.500000000000007
decision_type=2 2 8 2 2 2 2 2
left_child=2 -2 -1 4 -4 -5 7 -3
right_child=1 6 3 5 -6 -7 -8 -9
leaf_value=0.02210809692086756 0.047416887753147605 0.032500528193528645 0.011205816613261969 0.021463485205428453 -0.0053369270255559298 0.00025245575289949542 -0.013805004718771293 -0.0031552737161536777
leaf_weight=77.221797008452995 21.53544144143234 31.196281518399701 116.63288059362822 93.886201798886759 596.43854325446591 111.34564041811973 177.8828350040294 488.61794058299529
leaf_count=2821 1389 5986 1490 2315 19727 2612 28182 98762
internal_value=-5.13646e-05 -0.0027284 0.0018827 0.000181914 -0.00263113 0.00995574 -0.00427621 -0.00101542
internal_weight=1714.76 719.232 995.525 918.303 713.071 205.232 697.697 519.814
internal_count=163284 134319 28965 26144 21217 4927 132930 104748
is_linear=0
shrinkage=0.0750466


Tree=234
num_leaves=9
num_cat=0
split_feature=50 113 22 22 151 113 71 127
split_gain=1.68202 3.33628 2.89692 2.19198 1.76628 5.31377 4.46375 3.17678
threshold=1.0000000180025095e-35 -1079.9999999999998 26219.395 132654.21000000005 1.0000000180025095e-35 -562.99999999999989 1.0000000180025095e-35 753.50000000000011
decision_type=2 10 2 2 8 8 2 10
left_child=4 -2 -3 -4 5 6 7 -1
right_child=1 2 3 -5 -6 -7 -8 -9
leaf_value=0.0046356275636874359 0.0075177695663082942 -0.068171488597368837 0.05711803524219676 -0.045157925542849114 0.0011258525515627947 -0.023544773233149068 -0.0082212123801683849 0.044563549606644562
leaf_weight=27.182564647366235 14.172838488068011 9.3823731371812737 2.266590323757554 2.4622453762203804 1492.7216378371686 67.166708597243996 79.077353950728138 19.114192056244065
leaf_count=4610 2582 1934 2175 4344 138621 3667 2441 2910
internal_value=-5.13185e-05 -0.0182007 -0.0440315 0.00386423 0.000253285 -0.00651151 0.00261372 0.0211204
internal_weight=1713.55 28.284 14.1112 4.72884 1685.26 192.541 125.374 46.2968
internal_count=163284 11035 8453 6519 152249 13628 9961 7520
is_linear=0
shrinkage=0.0750466


Tree=235
num_leaves=9
num_cat=0
split_feature=39 9 127 82 149 125 64 149
split_gain=1.74026 4.31243 3.77846 2.34483 6.08656 2.80116 2.24532 3.72168
threshold=25863.355000000003 2299.4850000000006 339.50000000000006 6.5000000000000009 5408.5000000000009 -3240.0249999999996 6107.7850000000008 3317.0000000000005
decision_type=2 2 10 2 8 10 2 8
left_child=3 2 -2 -1 5 -5 -4 -8
right_child=1 -3 6 4 -6 -7 7 -9
leaf_value=0.00089260278940352469 0.015599416891169853 0.030676352669632041 -0.044703409476569242 -0.040429901601658193 0.02699460852705915 0.017509302212769161 0.062180468113291816 -0.042826164929760366
leaf_weight=1606.4274155482217 11.048330807258024 10.425594729280418 27.65086393933052 30.912852006380486 13.736236079945227 5.5420705884098451 3.2535457181947995 4.5724855129046773
leaf_count=125721 1868 3102 8168 13053 3421 2215 1983 3753
internal_value=-4.98935e-05 -0.0129486 -0.0227243 0.000393537 -0.0155797 -0.0316217 -0.0346593 0.000828642
internal_weight=1713.57 56.9508 46.5252 1656.62 50.1912 36.4549 35.4769 7.82603
internal_count=163284 18874 15772 144410 18689 15268 13904 5736
is_linear=0
shrinkage=0.0750466


Tree=236
num_leaves=9
num_cat=0
split_feature=48 97 11 140 16 116 140 153
split_gain=1.64505 5.66955 10.3041 9.48025 5.76731 4.44469 3.0707 4.83112
threshold=1.0000000180025095e-35 9.5000000000000018 136.92000000000004 953.55500000000018 -354.2999999999999 8739.4750000000022 15822.210000000001 3489.6750000000006
decision_type=2 2 2 10 2 8 10 10
left_child=-1 5 -3 -4 -5 -2 -6 -8
right_child=1 2 3 4 6 -7 7 -9
leaf_value=-0.0007200238595925989 0.0087485079842126931 -0.04923053010334813 0.092771436665307044 0.043735332801982864 -0.045159029073964352 0.048796666050042757 0.062483794959443992 -0.043960997408525104
leaf_weight=1581.6162116212345 43.529068024088701 22.27287416838044 7.1346173394704229 10.591181997557213 14.106150847886967 24.3320998172494 4.856652122394733 4.7500510068566655
leaf_count=141931 4506 1494 1085 3452 3924 1885 1814 3193
internal_value=-4.92908e-05 0.00801349 -0.00806421 0.0140623 -0.00230778 0.0231081 -0.0228726 0.00985198
internal_weight=1713.19 131.573 63.7115 41.4387 34.304 67.8612 23.7129 9.6067
internal_count=163284 21353 14962 13468 12383 6391 8931 5007
is_linear=0
shrinkage=0.0750466


Tree=237
num_leaves=9
num_cat=0
split_feature=50 5 5 16 138 57 16 83
split_gain=1.48131 4.08406 3.17614 2.33332 3.77486 2.33229 2.15731 5.73746
threshold=1.0000000180025095e-35 63.500000000000007 44.500000000000007 2347.2300000000005 5216.3500000000013 1.5000000000000002 -176.96999999999997 30311.090000000004
decision_type=2 2 2 2 8 2 2 2
left_child=3 2 -2 6 -5 -6 -1 -8
right_child=1 -3 -4 4 5 -7 7 -9
leaf_value=-0.0016208645501347826 -0.0015318001916469674 0.014994699398154789 -0.070719610722553478 0.012305035824341799 -0.068903934703909445 -0.014383964910594967 0.001053360177007428 0.020895012762387345
leaf_weight=988.15689469963581 6.2613449719265217 12.354333069022685 9.2680587528539018 11.728209553999475 9.1576068369504409 8.540299724421855 571.88204767144816 95.831719042851546
leaf_count=59743 2290 3719 5026 1131 2053 3147 59719 26456
internal_value=-5.02944e-05 -0.0172063 -0.0428236 0.000233556 -0.0207137 -0.0425948 0.000605805 0.00390108
internal_weight=1713.18 27.8837 15.5294 1685.3 29.4261 17.6979 1655.87 667.714
internal_count=163284 11035 7316 152249 6331 5200 145918 86175
is_linear=0
shrinkage=0.0750466


Tree=238
num_leaves=9
num_cat=0
split_feature=64 131 112 151 25 149 127 83
split_gain=1.63703 5.51327 4.57232 3.44567 6.59255 3.94241 3.2553 2.76218
threshold=13076.395000000002 3618.7050000000004 228031.20000000004 5.5000000000000009 2376.4950000000003 3317.0000000000005 4883.5000000000009 53371.560000000005
decision_type=2 10 8 8 2 10 8 2
left_child=7 2 3 5 -5 -2 -4 -1
right_child=1 -3 6 4 -6 -7 -8 -9
leaf_value=-0.000189027012742731 0.050032175179844582 0.059297313534867772 -0.05138188343410479 -0.069319169287304236 0.018408105157372005 -0.014339089019478607 -0.010795362251217251 0.014343785806992724
leaf_weight=1543.8079917868345 13.008510683670467 6.0811436932290226 22.56609975018182 8.5252169310406334 11.113636661208146 9.111752837947277 21.961426208501507 77.347480212541996
leaf_count=108865 4061 3741 11071 1608 4804 2797 6511 19826
internal_value=-4.93315e-05 -0.00976709 -0.0146345 0.00320433 -0.0196743 0.0235164 -0.0313642 0.000504353
internal_weight=1713.52 92.3678 86.2866 41.7591 19.6389 22.1203 44.5275 1621.16
internal_count=163284 34593 30852 13270 6412 6858 17582 128691
is_linear=0
shrinkage=0.0750466


Tree=239
num_leaves=9
num_cat=0
split_feature=20 116 38 63 63 20 141 118
split_gain=1.55996 4.17323 3.76046 4.01872 5.04947 2.26093 5.23422 6.43201
threshold=109749.33500000001 5756.7800000000016 1.0000000180025095e-35 1.0000000180025095e-35 2.5000000000000004 48105.080000000009 10.535000000000002 13210.410000000002
decision_type=2 8 2 2 2 2 8 8
left_child=5 2 3 -2 -5 -1 7 -7
right_child=1 -3 -4 4 -6 6 -8 -9
leaf_value=-6.1249494912917827e-05 -0.011645917048568839 -0.052445268600715474 -0.052730488672578062 0.1011237813207308 0.0018976483804092627 0.062640084441928132 0.068212514662224194 -0.022393160891790987
leaf_weight=1631.3315284652945 18.482321983687147 11.660868959233992 6.4962571186297273 5.0545679154147347 6.7397641794141236 6.9827033890924231 9.0973912681656639 17.732695217488072
leaf_count=135726 3127 5252 4076 1868 3837 2725 1433 5240
internal_value=-4.93011e-05 -0.0133259 -0.000920995 0.0101954 0.0444219 0.000336874 0.0195447 0.00163081
internal_weight=1713.58 48.4338 36.7729 30.2767 11.7943 1665.14 33.8128 24.7154
internal_count=163284 18160 12908 8832 5705 145124 9398 7965
is_linear=0
shrinkage=0.0750466


Tree=240
num_leaves=9
num_cat=0
split_feature=10 22 127 119 148 58 127 148
split_gain=1.61131 4.35519 4.48229 4.49518 4.14492 2.02638 4.76936 4.26368
threshold=-3005.3049999999998 54211.545000000006 3233.5000000000005 1.0000000180025095e-35 3.52 232.54500000000004 753.50000000000011 9.490000000000002
decision_type=2 2 10 8 8 2 8 8
left_child=1 2 3 -1 -3 -2 -7 -8
right_child=5 4 -4 -5 -6 6 7 -9
leaf_value=0.035041491761134941 -0.0012818379001655932 -0.063705387430992952 -0.039483358985066178 -0.0095871634511778148 0.040631119086501494 0.019646204407122059 -0.00052788653132439169 0.042554079592081961
leaf_weight=20.938195623431966 1133.785310827272 12.827954388607392 14.213614781074282 32.349677205820626 2.5748159239301467 94.412370299452959 389.09098943175377 13.382636221980645
leaf_count=4427 57626 11960 4172 3911 2122 11359 64612 3095
internal_value=-4.93844e-05 -0.0102556 -0.00203903 0.0079486 -0.0462639 0.000469503 0.00446568 0.00090463
internal_weight=1713.58 82.9043 67.5015 53.2879 15.4028 1630.67 496.886 402.474
internal_count=163284 26592 12510 8338 14082 136692 79066 67707
is_linear=0
shrinkage=0.0750466


Tree=241
num_leaves=9
num_cat=0
split_feature=82 149 147 81 82 82 57 127
split_gain=1.68735 7.21198 3.63747 5.25451 2.21944 2.57946 2.60559 2.02142
threshold=6.5000000000000009 4894.5000000000009 -7681.6749999999993 133292.36000000002 8.5000000000000018 14.500000000000002 1.0000000180025095e-35 4883.5000000000009
decision_type=2 8 8 2 2 2 2 10
left_child=7 4 3 -3 -2 6 -6 -1
right_child=1 2 -4 -5 5 -7 -8 -9
leaf_value=0.0010900360363004359 -0.055585396502142531 0.0037048415682509896 -0.0024280888024911136 0.13007302774095719 -0.040566160466919611 -0.062247903246393621 0.021450112930161618 -0.0092283618831343426
leaf_weight=1544.8618674207482 14.286733393173561 3.7703129757301213 10.813052552373849 3.6445480433958437 6.1978060184337727 5.4159523050766429 9.9267369470990143 114.87972860980881
leaf_count=124726 6315 2034 936 2652 2225 2656 4752 16988
internal_value=-4.91207e-05 -0.0130975 0.0253332 0.0658173 -0.0326499 -0.017438 -0.00238714 0.000375844
internal_weight=1713.8 54.0551 18.2279 7.41486 35.8272 21.5405 16.1245 1659.74
internal_count=163284 21570 5622 4686 15948 9633 6977 141714
is_linear=0
shrinkage=0.0750466


Tree=242
num_leaves=9
num_cat=0
split_feature=39 97 5 39 16 5 106 85
split_gain=1.50322 4.30882 2.85765 4.04123 1.47219 3.51344 5.30858 4.88377
threshold=313319.83000000002 7.5000000000000009 63.500000000000007 857069.45500000019 -176.96999999999997 43.500000000000007 2287.3500000000004 20560.050000000003
decision_type=2 2 2 2 2 2 2 2
left_child=4 -2 3 -3 -1 7 -7 -6
right_child=1 2 -4 -5 5 6 -8 -9
leaf_value=-0.001602802927299269 -0.060693105061375908 -0.055677288062151824 0.044536263790513439 0.025403233912055977 0.012620012849997597 -0.003621276835865109 0.034665942453590365 -0.019870860901324047
leaf_weight=995.72951801071667 8.833870054426372 7.2084083916797699 6.2048112440788818 6.6616371513791819 255.26309916505488 383.05979237400697 21.54238723358867 29.016964180944342
leaf_count=60810 1981 3761 1843 3458 25330 45106 7719 13276
internal_value=-4.86942e-05 -0.0170168 0.00220284 -0.0167352 0.000242486 0.00290972 -0.00158274 0.00930361
internal_weight=1713.52 28.9087 20.0749 13.87 1684.61 688.882 404.602 284.28
internal_count=163284 11043 9062 7219 152241 91431 52825 38606
is_linear=0
shrinkage=0.0750466


Tree=243
num_leaves=9
num_cat=0
split_feature=8 81 97 24 24 0 120 5
split_gain=1.8759 3.43361 7.97203 4.67804 7.95529 7.20345 4.67491 2.97572
threshold=-1.0000000180025095e-35 83116.845000000016 32.500000000000007 1.0000000180025095e-35 1.5000000000000002 32756022.000000004 457651.93000000005 38.500000000000007
decision_type=2 2 2 2 2 2 8 2
left_child=1 3 -3 7 -5 -6 -4 -1
right_child=-2 2 6 4 5 -7 -8 -9
leaf_value=0.017225638070212212 -0.0010645533883735208 -0.069811775503978199 -0.0228767954330437 0.071353119930694639 0.055944533541778182 -0.0098987126017451871 0.060192330228759819 -0.004735388586621485
leaf_weight=51.19598590343594 1467.7916931587952 10.612775113815589 8.4298256560832634 16.454790439140197 13.47239966318193 30.641577683752985 6.9705827674115435 108.17127885433001
leaf_count=1922 130000 4172 3510 1835 4283 9461 2799 5302
internal_value=-4.81782e-05 0.00601741 -0.0197657 0.00906694 0.0268207 0.0102098 0.0147222 0.00231949
internal_weight=1713.74 245.949 26.0132 219.936 60.5688 44.114 15.4004 159.367
internal_count=163284 33284 10481 22803 15579 13744 6309 7224
is_linear=0
shrinkage=0.0750466


Tree=244
num_leaves=9
num_cat=0
split_feature=33 33 7 96 153 106 16 24
split_gain=1.58575 2.7988 1.9352 3.01099 4.15655 4.64995 6.21586 4.90496
threshold=175039.38000000003 453889.19500000007 1.0000000180025095e-35 1.0000000180025095e-35 475.06500000000005 10615.650000000001 -1.0000000180025095e-35 9.5000000000000018
decision_type=2 2 2 2 8 2 2 2
left_child=2 -2 -1 -4 -5 7 -7 -6
right_child=1 -3 3 4 5 6 -8 -9
leaf_value=-0.0056607730426009905 -0.035007150898324194 0.019128526640030303 -0.0022189794819848299 0.010529752497567072 0.00030963126063284516 -0.0073495699942998007 0.090287563997800233 -0.0298732374448425
leaf_weight=264.72051148868377 17.777070937402645 7.7118403424628914 692.59628453703954 353.78611917629678 329.20451790802872 7.478642437086819 7.2151123128260206 33.399760251162661
leaf_count=41231 7206 2402 30631 19000 37273 2943 4397 18201
internal_value=-4.91658e-05 -0.018628 0.00023131 0.00132689 0.00468609 -0.000793423 0.0405934 -0.00247054
internal_weight=1713.89 25.4889 1688.4 1423.68 731.084 377.298 14.6938 362.604
internal_count=163284 9608 153676 112445 81814 62814 7340 55474
is_linear=0
shrinkage=0.0750466


Tree=245
num_leaves=9
num_cat=0
split_feature=11 112 48 80 112 11 135 128
split_gain=1.53022 4.88666 2.00298 3.51956 3.91281 3.52801 2.64899 3.23719
threshold=-1.0000000180025095e-35 190026.00000000003 1.0000000180025095e-35 1.0000000180025095e-35 114015.60000000002 136.92000000000004 -1567.4999999999998 5692.1350000000011
decision_type=2 10 2 2 10 2 10 8
left_child=1 -1 -2 5 -5 -4 -6 -8
right_child=2 -3 3 4 6 -7 7 -9
leaf_value=-0.03663151313702602 -0.00041507003021991817 0.011275790252344597 0.0067898415028183031 0.015718360961531393 -0.061246249002379891 0.04256803813216558 -0.053729004983586244 0.0070839249427989684
leaf_weight=24.58027524526733 1538.9820536312709 23.413702085992554 36.890170649829088 31.227151569415582 7.3303412550867533 26.797981319721657 6.8303240846689706 17.718516328597623
leaf_count=2383 137188 3282 957 4707 1951 4488 2473 5855
internal_value=-4.87581e-05 -0.0132601 0.000331884 0.00939812 -0.0031627 0.0218442 -0.0216576 -0.0098363
internal_weight=1713.77 47.994 1665.78 126.794 63.1063 63.6882 31.8792 24.5488
internal_count=163284 5665 157619 20431 14986 5445 10279 8328
is_linear=0
shrinkage=0.0750466


Tree=246
num_leaves=9
num_cat=0
split_feature=41 8 107 138 120 0 11 55
split_gain=1.88385 2.31383 4.37838 6.43679 4.50139 3.35108 2.95369 2.71625
threshold=1.0000000180025095e-35 -8804.7999999999975 22.500000000000004 36105.985000000008 211140.00000000003 30335252.500000004 136.92000000000004 2.5000000000000004
decision_type=2 2 2 10 8 2 2 2
left_child=1 2 -1 6 -5 -6 -4 -3
right_child=-2 7 3 4 5 -7 -8 -9
leaf_value=-0.012421019552638298 -0.021179417865073269 6.9686582204766111e-05 0.016922705303929864 -0.049802857162638839 0.052841535022857385 -0.0066056182030091466 0.059569959891647213 -0.018809923500298614
leaf_weight=30.63194282783661 23.434865154193176 1545.3296587108989 15.268428509403746 8.5417055880316166 8.1171865381784318 15.612345095634735 22.810403341189158 44.144681301595483
leaf_count=675 5779 122094 1477 2452 2622 4045 4615 19525
internal_value=-4.77826e-05 0.000245166 0.0112605 0.021572 -0.00308652 0.0137295 0.0424697 -0.000454659
internal_weight=1713.89 1690.46 100.982 70.3501 32.2712 23.7295 38.0788 1589.47
internal_count=163284 157505 15886 15211 9119 6667 6092 141619
is_linear=0
shrinkage=0.0750466


Tree=247
num_leaves=9
num_cat=0
split_feature=13 73 123 20 20 104 137 20
split_gain=1.47807 1.57477 7.01572 5.43287 7.26841 6.79917 6.80293 5.44393
threshold=1.5000000000000002 9.5000000000000018 19.500000000000004 3581.3600000000001 198651.37500000003 5923.6500000000005 15235.610000000002 26626.215000000004
decision_type=2 2 8 2 2 2 8 2
left_child=1 -1 3 -3 5 6 -5 -7
right_child=-2 2 -4 4 -6 7 -8 -9
leaf_value=0.0010927168520739818 -0.016177039847385114 -0.0076817695110134362 -0.038020760250604066 0.053833313359648603 -0.051475413922487293 0.1548247073460346 -0.022618254183292136 0.039872395449815023
leaf_weight=1484.3083280639057 31.410687048453838 124.10839651897186 32.312842554312738 13.62052656159358 6.1892787126553221 4.2105364197450381 12.637033704389976 5.1683756852071383
leaf_count=103450 829 32910 6223 2337 5184 2412 6386 3553
internal_value=-4.74623e-05 0.000253652 -0.00602857 0.000201364 0.0235928 0.0366305 0.0170393 0.0914787
internal_weight=1713.97 1682.56 198.247 165.934 41.8258 35.6365 26.2576 9.37891
internal_count=163284 162455 59005 52782 19872 14688 8723 5965
is_linear=0
shrinkage=0.0750466


Tree=248
num_leaves=9
num_cat=0
split_feature=8 7 96 7 5 10 5 7
split_gain=1.64017 8.75213 9.41205 5.0229 4.27942 4.05208 4.73163 4.15398
threshold=9683.5850000000009 1261.8700000000001 1.0000000180025095e-35 1842.0450000000003 76.500000000000014 298.7000000000001 51.500000000000007 1261.8700000000001
decision_type=2 2 2 2 2 2 2 2
left_child=1 -1 -3 -4 5 7 -7 -2
right_child=4 2 3 -5 -6 6 -8 -9
leaf_value=-0.0036130674154526408 0.0054518167705634247 0.00046116060920808004 0.041990631047741492 0.013994989001984535 0.02618792657579239 0.010831813651780778 -0.008606060112299467 -0.011022081160667933
leaf_weight=544.53064085792721 109.78029991443782 181.83924492308142 63.100687388719962 84.333352494839346 28.457490967219201 186.98607224463376 113.2458505382474 401.42176696433762
leaf_count=60700 23097 3263 3145 4274 2368 14086 7037 45314
internal_value=-4.88113e-05 0.0022274 0.011886 0.0259769 -0.00241693 -0.00342012 0.00349995 -0.00748432
internal_weight=1713.7 873.804 329.273 147.434 839.891 811.434 300.232 511.202
internal_count=163284 71382 10682 7419 91902 89534 21123 68411
is_linear=0
shrinkage=0.0750466


Tree=249
num_leaves=9
num_cat=0
split_feature=125 150 135 97 102 10 97 125
split_gain=1.45859 3.18603 2.69138 1.66448 5.46717 3.7673 7.01114 5.55475
threshold=-28173.074999999993 12306.960000000001 -927.99999999999989 36.500000000000007 1.0000000180025095e-35 -39.959999999999987 51.500000000000007 -1548.9699999999998
decision_type=8 8 10 2 2 2 2 8
left_child=1 -1 -3 -2 5 -5 -7 -8
right_child=3 2 -4 4 -6 6 7 -9
leaf_value=0.013578851864517351 -0.00087031859057207044 -0.055900508612235493 0.0035996169204643943 0.00095347831990105129 -0.044098753198952075 0.044330536755170236 0.044435122766162495 -0.007360128016160805
leaf_weight=12.341300437723474 1372.4251788884685 12.434129702923203 6.5301062155858771 191.00771443228496 12.157814946402139 38.153852331466624 14.974918431427794 52.699518530529531
leaf_count=2644 90771 4619 3207 46543 2218 3126 3578 6578
internal_value=-4.87759e-05 -0.016099 -0.0354124 0.000250055 0.0052263 0.00724656 0.0186048 0.00410106
internal_weight=1712.72 31.3055 18.9642 1681.42 308.994 296.836 105.828 67.6744
internal_count=163284 10470 7826 152814 62043 59825 13282 10156
is_linear=0
shrinkage=0.0750466


Tree=250
num_leaves=9
num_cat=0
split_feature=82 139 97 20 82 113 20 18
split_gain=1.45959 3.62052 2.36554 17.2397 2.21987 5.25559 7.04478 2.99466
threshold=6.5000000000000009 2994.6850000000004 147.50000000000003 3.8350000000000004 4.5000000000000009 -440.49999999999994 3581.3600000000001 11352.675000000001
decision_type=2 8 2 2 2 8 2 2
left_child=2 -2 4 -4 -1 6 7 -6
right_child=1 -3 3 -5 5 -7 -8 -9
leaf_value=-0.00052009552303953913 -0.02160991388956042 0.028670175847153204 0.071529316565398446 -0.03599019339438668 -0.01867704543367615 -0.022028405979669118 0.092378987029961196 0.0380601085631736
leaf_weight=1582.7749169364206 43.418210879799517 9.9058486745198007 17.537600693070999 16.117568903417123 9.9302432831427776 13.490662584508753 8.4540018225261502 11.091105878695087
leaf_count=119656 19998 1572 3487 6236 1453 3131 3801 3950
internal_value=-4.82402e-05 -0.0122695 0.000344486 0.0200379 -6.3195e-05 0.016768 0.0345249 0.0112581
internal_weight=1712.72 53.3241 1659.4 33.6552 1625.74 42.966 29.4754 21.0213
internal_count=163284 21570 141714 9723 131991 12335 9204 5403
is_linear=0
shrinkage=0.0750466


Tree=251
num_leaves=9
num_cat=0
split_feature=0 142 56 120 81 56 97 97
split_gain=1.52005 4.85177 8.99234 4.43375 3.37832 2.45199 8.18766 6.36766
threshold=15842220.000000002 119646.00000000001 525.36000000000013 400242.26000000007 5865.4350000000004 1169.9700000000003 94.500000000000014 94.500000000000014
decision_type=2 10 2 8 2 2 2 2
left_child=1 -1 4 -4 -3 7 -7 -2
right_child=5 2 3 -5 -6 6 -8 -9
leaf_value=0.0094092711491014277 0.0004156170757632755 -0.02001678123505379 -0.009965680399378854 0.07392039422625285 -0.057218401850931279 -0.0012863777893924997 -0.050809810669411211 0.023629370655840753
leaf_weight=53.725152195274859 1362.0357477558628 41.24337187407582 6.807018599005457 7.4130758761893967 20.622097545168799 128.99514688110412 22.009912233025716 69.969154828881074
leaf_count=3130 83662 2456 2650 3696 4397 37456 10811 15026
internal_value=-4.94571e-05 -0.00785657 -0.0200482 0.033765 -0.0324175 0.000590746 -0.00850472 0.00154986
internal_weight=1712.82 129.811 76.0856 14.2201 61.8655 1583.01 151.005 1432
internal_count=163284 16329 13199 6346 6853 146955 48267 98688
is_linear=0
shrinkage=0.0750466


Tree=252
num_leaves=9
num_cat=0
split_feature=8 21 149 71 128 96 112 9
split_gain=1.60545 6.02072 5.30853 3.59776 6.70451 3.23318 4.1144 2.98223
threshold=-1.0000000180025095e-35 1.0000000180025095e-35 6742.5000000000009 1.0000000180025095e-35 603.7750000000002 1.0000000180025095e-35 82344.60000000002 279.00500000000005
decision_type=2 2 8 2 10 2 8 2
left_child=1 -1 3 4 5 -3 -7 -8
right_child=-2 2 -4 -5 -6 6 7 -9
leaf_value=0.036846754786532654 -0.00099373363475822526 0.023319781877325984 -0.033018761324891115 0.015449155009839675 -0.053258227967845718 0.029924756110093997 -0.036850920402941453 0.0035133377731167092
leaf_weight=30.356936483811296 1465.5333139870645 28.932207272384403 22.888500728742656 96.661305382640421 13.894846856415823 12.565307119308271 23.372447350040602 18.443775398389334
leaf_count=1320 130000 4912 1412 6919 6566 2585 2304 7266
internal_value=-5.02234e-05 0.00554532 0.00116157 0.00519694 -0.00499756 0.00305123 -0.0077321 -0.0190476
internal_weight=1712.65 247.115 216.758 193.87 97.2086 83.3137 54.3815 41.8162
internal_count=163284 33284 31964 30552 23633 17067 12155 9570
is_linear=0
shrinkage=0.0750466


Tree=253
num_leaves=9
num_cat=0
split_feature=28 21 51 72 120 120 56 56
split_gain=1.48376 7.63402 3.51598 4.25166 3.58947 5.8778 4.29295 4.50784
threshold=1395.8750000000002 1.0000000180025095e-35 1.0000000180025095e-35 1579.1950000000002 211140.00000000003 253368.00000000003 1169.9700000000003 4810.0000000000009
decision_type=2 2 2 2 10 10 2 2
left_child=-1 -2 4 -4 6 -6 -3 -8
right_child=1 2 3 -5 5 -7 7 -9
leaf_value=0.0018263365499716229 0.040118127833903797 -0.0034037241449972064 -0.02626997151887886 0.022075971346137403 0.032584991082959376 -1.1506311276165686e-05 -0.0085526171653876604 -0.054073286110336231
leaf_weight=994.9908196168908 22.760159000310523 343.55114446727384 67.322665334047997 12.08350693718239 37.527725103376724 183.48245859525741 30.700358954454714 20.389266985905124
leaf_count=28965 1389 21613 72739 1767 2761 24791 3990 5269
internal_value=-4.97623e-05 -0.00265029 -0.00405077 -0.018913 -0.00213385 0.00552341 -0.00642214 -0.0267194
internal_weight=1712.81 717.817 695.057 79.4062 615.651 221.01 394.641 51.0896
internal_count=163284 134319 132930 74506 58424 27552 30872 9259
is_linear=0
shrinkage=0.0750466


Tree=254
num_leaves=9
num_cat=0
split_feature=33 97 22 151 22 137 128 58
split_gain=1.46122 2.88051 1.99403 1.54819 4.73665 6.75801 5.71649 8.06102
threshold=175039.38000000003 5.5000000000000009 1417.5900000000004 4.5000000000000009 -1.0000000180025095e-35 7430.2150000000011 5692.1350000000011 1545.3650000000002
decision_type=2 2 2 10 2 10 8 2
left_child=3 -2 -3 -1 -5 -6 7 -7
right_child=1 2 -4 4 5 6 -8 -9
leaf_value=-0.00079757919800408045 0.00080748203618597793 -0.078354161067839267 -0.0041365053830419059 0.019206535436329195 -0.039119446527784159 0.043848204599102436 0.011998414349039994 -0.037204548184017479
leaf_weight=1406.2061407289166 16.284827719955505 5.7892849567633657 3.1471677753706899 92.547850070235654 23.564662339613278 8.7485464001492783 122.83636283152464 32.894194682191483
leaf_count=81137 3059 2434 4115 12029 2334 3320 41189 13667
internal_value=-5.00701e-05 -0.0179802 -0.0522168 0.000218024 0.0053078 -0.00153262 0.00385238 -0.0201765
internal_weight=1712.02 25.2213 8.93645 1686.8 280.592 188.044 164.479 41.6427
internal_count=163284 9608 6549 153676 72539 60510 58176 16987
is_linear=0
shrinkage=0.0750466


Tree=255
num_leaves=9
num_cat=0
split_feature=10 125 151 74 97 16 63 149
split_gain=1.41999 7.14334 3.80989 6.30828 5.14593 3.54545 3.72668 2.53587
threshold=-3005.3049999999998 -1.0000000180025095e-35 4.5000000000000009 582.92500000000007 3.5000000000000004 -68.659999999999982 1.0000000180025095e-35 636.50000000000011
decision_type=2 10 10 2 2 2 2 10
left_child=1 2 7 -4 -5 -6 -7 -1
right_child=-2 -3 3 4 5 6 -8 -9
leaf_value=-0.0081768168898416465 0.00043491311098793481 0.0607133382603917 0.06537932514061158 0.049814116030726177 -0.054596668499516041 0.041075381059937494 -0.036541254381848604 -0.050563117565062404
leaf_weight=12.536272374862163 1630.1723843384661 7.3883749414308104 6.7155785019967871 5.8368314075323715 13.86073964233856 6.4128178036353329 7.6282548786512052 21.726660950533187
leaf_count=1413 136692 1593 1970 1417 5772 2347 6649 5431
internal_value=-5.01022e-05 -0.00967989 -0.0166407 -0.0010449 -0.0142665 -0.0276716 -0.0010923 -0.0350546
internal_weight=1712.28 82.1055 74.7172 40.4542 33.7386 27.9018 14.0411 34.2629
internal_count=163284 26592 24999 18155 16185 14768 8996 6844
is_linear=0
shrinkage=0.0750466


Tree=256
num_leaves=9
num_cat=0
split_feature=8 28 112 74 18 95 142 142
split_gain=1.48173 3.11627 5.53253 4.49652 2.69121 1.95061 2.50924 6.25416
threshold=-8804.7999999999975 21895.940000000006 190026.00000000003 659.20500000000015 7623.4400000000005 5.5000000000000009 588362.69500000007 586124.29000000015
decision_type=2 2 10 2 2 2 10 10
left_child=1 -1 -3 -4 -5 6 7 -2
right_child=5 2 3 4 -6 -7 -8 -9
leaf_value=0.01992528479156299 -0.001155162502515844 -0.040668570668527346 0.058176123549395671 0.02066596390968567 -0.035467008543363203 0.015265767175339822 0.010086616075264362 -0.036445584467336242
leaf_weight=59.22617035492658 1430.4879042192933 16.604654676733844 8.8689984354168718 9.9769180401472131 9.2889192940874619 42.429167250866158 106.36097168079959 28.852912042395474
leaf_count=4554 119441 4048 1983 1300 4758 3013 19782 4405
internal_value=-5.02098e-05 0.00863273 -0.00631637 0.0139577 -0.00639825 -0.000611562 -0.00104182 -0.0018529
internal_weight=1712.1 103.966 44.7395 28.1348 19.2658 1608.13 1565.7 1459.34
internal_count=163284 16643 12089 8041 6058 146641 143628 123846
is_linear=0
shrinkage=0.0750466


Tree=257
num_leaves=9
num_cat=0
split_feature=7 102 147 5 16 112 142 113
split_gain=1.48944 3.63554 3.4743 8.79049 8.14512 9.58025 7.34841 6.25209
threshold=1655.0800000000002 1.0000000180025095e-35 -1305.0149999999996 42.500000000000007 -2274.0149999999999 228031.20000000004 182988.00000000003 -197.99999999999997
decision_type=2 2 8 2 2 8 10 8
left_child=-1 2 3 4 -2 6 -6 -4
right_child=1 -3 7 -5 5 -7 -8 -9
leaf_value=-0.0023564362455452685 -0.005380479635754689 -0.022390588223475796 -0.0080368012661191784 0.00021459840001927742 0.04111766281089585 0.0064920671472422685 0.10557332529450358 0.0079938923377877551
leaf_weight=820.61966254396521 31.08643899064009 32.944463450534386 293.65881200522563 201.96437752543807 31.294224152408788 28.923298440377039 14.613515911274588 256.87655758060282
leaf_count=95686 3956 2565 8889 34936 4634 5554 2550 4514
internal_value=-4.94291e-05 0.00207448 0.00301341 0.00939775 0.0269083 0.0403217 0.0616354 -0.000556974
internal_weight=1711.98 891.362 858.417 307.882 105.917 74.831 45.9077 550.535
internal_count=163284 67598 65033 51630 16694 12738 7184 13403
is_linear=0
shrinkage=0.0750466


Tree=258
num_leaves=9
num_cat=0
split_feature=28 85 85 71 81 74 81 83
split_gain=1.53475 4.46957 7.07368 4.38995 4.13821 3.56521 7.30129 12.4696
threshold=1395.8750000000002 8269.6500000000015 20560.050000000003 1.5000000000000002 3571.4900000000002 2126.0350000000003 23460.585000000003 3873.2450000000003
decision_type=2 2 2 2 2 2 2 2
left_child=1 -1 -3 5 -4 -2 -7 -8
right_child=3 2 4 -5 -6 6 7 -9
leaf_value=0.00039451783847390781 -0.0071688227509305712 0.052271440996394213 0.031575853173440409 0.034344663441027899 -0.012134439326904421 0.014979444129848944 -0.046918282192636419 0.013460970560253494
leaf_weight=916.57697499369533 486.96268673863869 24.740384494598402 19.095108215544315 17.580159459903371 33.774771340045845 135.57771731718276 35.192478114535334 42.560517708065163
leaf_count=18323 99677 2248 3114 1480 5280 12289 6502 14371
internal_value=-5.05955e-05 0.00185873 0.0191511 -0.00269483 0.00365248 -0.00362467 0.00446543 -0.0138678
internal_weight=1712.06 994.187 77.6103 717.874 52.8699 700.293 213.331 77.753
internal_count=163284 28965 10642 134319 8394 132839 33162 20873
is_linear=0
shrinkage=0.0750466


Tree=259
num_leaves=9
num_cat=0
split_feature=6 137 112 81 74 125 28 112
split_gain=1.50529 3.77868 4.41436 1.84587 6.16381 5.51137 6.02636 3.11164
threshold=289.50000000000006 52892.525000000001 278704.80000000005 166963.90500000003 226.60500000000005 -12437.629999999999 37185.225000000013 1120550.1800000004
decision_type=2 8 8 2 2 10 2 8
left_child=3 2 -2 -1 -5 7 -7 -6
right_child=1 -3 -4 4 5 6 -8 -9
leaf_value=-6.5782767554557037e-05 0.019670562814286488 0.039735167247462871 -0.023995051197239218 0.037754615706511972 -0.027104359248934382 -0.030927358922728843 0.092774346477454153 -0.078617037855007427
leaf_weight=1589.406786928259 29.520914261825965 18.569394349915456 23.354829864994826 10.145438768689926 22.403474093861405 4.9670253756885376 4.0076160214584888 9.3648681391332484
leaf_count=131827 3456 3135 3557 1786 10575 2379 2963 3606
internal_value=-5.17899e-05 0.0106116 0.00038378 -0.000516249 -0.0145858 -0.0276191 0.0243115 -0.0422896
internal_weight=1711.74 71.4451 52.8757 1640.3 50.8884 40.743 8.97464 31.7683
internal_count=163284 10148 7013 153136 21309 19523 5342 14181
is_linear=0
shrinkage=0.0750466


Tree=260
num_leaves=9
num_cat=0
split_feature=153 81 141 23 137 153 104 46
split_gain=1.47202 4.19909 5.09215 5.29465 5.27265 3.71789 4.48008 3.55036
threshold=475.06500000000005 110435.25500000002 0.79500000000000015 1.5000000000000002 42061.195000000014 4275.5850000000009 2404.6500000000005 1.0000000180025095e-35
decision_type=8 2 10 2 8 10 2 2
left_child=-1 7 5 4 -4 -3 -7 -2
right_child=1 2 3 -5 -6 6 -8 -9
leaf_value=0.002303605171781512 0.00046425118305991656 -0.050073140473585888 0.087227633164625562 -0.042817709534927757 -0.0081011088111281448 -0.037990378065707008 0.050919456512143753 -0.020509501591524617
leaf_weight=797.93307595160513 802.45366337900214 29.750597761658355 6.4009796074733467 6.8671379299830724 6.6756122138122018 7.9574337564945363 5.3297610912659366 48.184452230134411
leaf_count=35930 82256 12029 3472 4922 4357 4431 4305 11582
internal_value=-5.13991e-05 -0.0021082 -0.020806 0.010541 0.0385622 -0.0353323 -0.00232686 -0.000723808
internal_weight=1711.55 913.62 62.9815 19.9437 13.0766 43.0378 13.2872 850.638
internal_count=163284 127354 33516 12751 7829 20765 8736 93838
is_linear=0
shrinkage=0.0750466


Tree=261
num_leaves=9
num_cat=0
split_feature=39 112 39 7 73 39 39 73
split_gain=1.3573 5.21619 2.85255 4.36614 3.39432 2.27915 1.94058 1.74056
threshold=25863.355000000003 164689.20000000004 313319.83000000002 2825.8100000000004 7.5000000000000009 146848.72000000003 234606.79000000001 9.5000000000000018
decision_type=2 8 2 2 2 2 2 2
left_child=7 6 5 -4 -5 -3 -2 -1
right_child=1 2 3 4 -6 -7 -8 -9
leaf_value=0.0011925743766621796 -0.068901352765058418 0.0017864930259729489 -0.052298277707914217 -0.023233228561851532 0.059731942822232827 0.058582073889342931 -0.021459315865284528 -0.0065784925902911779
leaf_weight=1473.094799777673 8.7899110294711154 8.2782824620717275 8.9919147590817392 5.5821426480833889 5.5273100167851226 7.6626256275085316 10.849488581745389 182.42942644206141
leaf_count=93225 2485 2542 3412 1581 3232 2322 3300 51185
internal_value=-5.13726e-05 -0.011576 0.0053794 -0.0134218 0.0180446 0.0290875 -0.0426927 0.000336247
internal_weight=1711.21 55.6817 36.0423 20.1014 11.1095 15.9409 19.6394 1655.52
internal_count=163284 18874 13089 8225 4813 4864 5785 144410
is_linear=0
shrinkage=0.0750466


Tree=262
num_leaves=9
num_cat=0
split_feature=127 5 5 5 127 10 120 11
split_gain=1.51045 4.61607 1.89849 4.64313 4.31083 3.48485 3.53545 2.8369
threshold=145.50000000000003 44.500000000000007 67.500000000000014 63.500000000000007 3893.5000000000005 135.45500000000001 493684.90500000009 18.395000000000003
decision_type=8 2 2 2 10 2 8 2
left_child=1 -1 3 7 5 6 -4 -2
right_child=2 -3 4 -5 -6 -7 -8 -9
leaf_value=-0.038472063940358951 -0.0044099119349535693 0.014241955127873979 -0.0055964679197381085 0.016517448242553124 -0.028904239861935573 -0.017954865198957271 0.023922204981370092 0.0026079653039647551
leaf_weight=20.902249685512288 514.31264383896269 16.936623323475942 51.353885562173673 103.15581275405384 39.534082280111761 44.829694157742779 41.172187446954922 878.59563173718652
leaf_count=3385 11142 1694 3604 7518 5194 1249 2499 126999
internal_value=-5.02003e-05 -0.0148773 0.00028516 0.00115446 -0.00706702 -0.00078178 0.00753873 1.67085e-05
internal_weight=1710.79 37.8389 1672.95 1496.06 176.89 137.356 92.5261 1392.91
internal_count=163284 5079 158205 145659 12546 7352 6103 138141
is_linear=0
shrinkage=0.0750466


Tree=263
num_leaves=9
num_cat=0
split_feature=135 22 57 24 120 63 120 146
split_gain=1.46384 1.74914 3.43345 2.90078 6.84335 4.87453 5.82641 4.81841
threshold=-136.99999999999997 239470.10500000001 5.5000000000000009 1.0000000180025095e-35 1037556.6200000002 8.5000000000000018 154836.00000000003 1.0000000180025095e-35
decision_type=10 2 2 2 10 2 10 10
left_child=1 3 -3 7 5 -5 -7 -1
right_child=-2 2 -4 4 -6 6 -8 -9
leaf_value=-0.0022201995425897929 -0.017676892149201148 -0.0073307475163817953 -0.075303534812032252 0.0029954097582334444 0.066056405079680677 0.0033088377628515005 0.10125022279924492 0.018632982129553655
leaf_weight=1179.0456393587119 26.1260483078986 46.408518490330607 4.6001151137370462 364.95626341073148 10.504375184760645 7.4158899479625671 6.3499357221935497 65.892778633242415
leaf_count=39394 2162 20940 5680 81556 3986 2272 3384 3910
internal_value=-4.89884e-05 0.000224305 -0.0134607 0.000651469 0.00630621 0.00464896 0.0484875 -0.00111647
internal_weight=1711.3 1685.17 51.0086 1634.16 389.226 378.722 13.7658 1244.94
internal_count=163284 161122 26620 134502 91198 87212 5656 43304
is_linear=0
shrinkage=0.0750466


Tree=264
num_leaves=9
num_cat=0
split_feature=27 11 30 11 27 5 25 71
split_gain=1.40043 8.04119 7.84261 4.08938 3.7399 4.52784 3.48036 2.76007
threshold=29.500000000000004 1025.2150000000004 7.5000000000000009 1469.9150000000002 23.500000000000004 41.500000000000007 803.5100000000001 1.0000000180025095e-35
decision_type=2 2 2 2 2 2 2 2
left_child=4 -2 3 -3 -1 -6 -7 -5
right_child=1 2 -4 7 5 6 -8 -9
leaf_value=-0.00017423996054303584 -0.04852769747558127 0.046992361343095951 0.10727795269034178 0.011750476167516169 -0.012787936742737949 0.023943059980031853 0.094585559626058677 -0.076261386111484905
leaf_weight=1649.6727340141642 18.945371712383348 4.8864079410923322 4.5086691778215018 3.4380037692581009 9.4015288200062077 9.6762386045338662 6.6116914214471754 4.8205571752387186
leaf_count=137730 6030 1916 2924 3763 3422 1669 3911 1919
internal_value=-4.90143e-05 -0.0145713 0.0218697 -0.00742492 0.000268231 0.0286819 0.0526187 -0.0396224
internal_weight=1711.96 36.599 17.6536 13.145 1675.36 25.6895 16.2879 8.25856
internal_count=163284 16552 10522 7598 146732 9002 5580 5682
is_linear=0
shrinkage=0.0750466


Tree=265
num_leaves=9
num_cat=0
split_feature=151 27 147 153 149 147 24 147
split_gain=1.40907 3.2126 5.64413 2.7016 5.42429 7.21223 4.88474 4.34931
threshold=1.0000000180025095e-35 1.5000000000000002 -9242.2649999999976 1026.3750000000002 1714.5000000000002 -46645.979999999989 1.0000000180025095e-35 -13999.084999999997
decision_type=8 2 10 8 8 10 2 8
left_child=1 -1 -3 7 5 6 -5 -2
right_child=3 2 -4 4 -6 -7 -8 -9
leaf_value=0.00101778147047449 0.022951420015635597 0.0047575808879243564 -0.038712905365220512 -0.010936457697287535 3.5880511280045633e-05 -0.027471922315558891 0.070748804336574558 0.0021572067772822061
leaf_weight=126.17227257061313 61.485726104559944 30.500982739818937 37.507704833835305 8.9705606518946315 634.51708496636729 85.030984983808594 7.629811720311408 720.24312535707213
leaf_count=5364 8310 4622 4064 1331 83318 17872 3750 34653
internal_value=-4.97129e-05 -0.00606911 -0.019217 0.000720344 -0.00254229 -0.0186386 0.0266075 0.00379274
internal_weight=1712.06 194.181 68.0087 1517.88 736.148 101.631 16.6004 781.729
internal_count=163284 14050 8686 149234 106271 22953 5081 42963
is_linear=0
shrinkage=0.0750466


Tree=266
num_leaves=9
num_cat=0
split_feature=39 151 85 85 73 142 118 22
split_gain=1.32199 4.07442 2.51882 4.93214 1.95029 6.83724 5.42138 5.13269
threshold=82168.650000000009 1.5000000000000002 5900.1900000000014 27037.650000000005 9.5000000000000018 63342.000000000007 603.7750000000002 1417.5900000000004
decision_type=2 8 2 2 2 10 8 2
left_child=4 -2 -3 -4 -1 -6 7 -7
right_child=1 2 3 -5 5 6 -8 -9
leaf_value=0.0012097607954694991 0.026228714357561987 -0.038159898867147206 0.052976285319714045 -0.047419558860255624 -0.04954997085708495 0.005302396770683759 0.0038518628365237888 -0.061585896342645427
leaf_weight=1479.7144993196343 11.619804649122669 24.838732518105644 5.7571485054631903 5.2865586705211172 19.048359206019086 11.220733550610023 139.06918113148731 15.23191278852755
leaf_count=94415 2927 6932 2692 4203 2616 1876 41429 6194
internal_value=-4.98945e-05 -0.0123945 -0.0249018 0.00491738 0.000302446 -0.00697157 -0.00207162 -0.0332131
internal_weight=1711.79 47.5022 35.8824 11.0437 1664.28 184.57 165.522 26.4526
internal_count=163284 16754 13827 6895 146530 52115 49499 8070
is_linear=0
shrinkage=0.0750466


Tree=267
num_leaves=9
num_cat=0
split_feature=48 134 80 7 109 138 10 39
split_gain=1.34017 5.84438 3.26073 3.10526 3.63113 2.72683 3.84623 2.69897
threshold=1.0000000180025095e-35 106977.60000000002 1.0000000180025095e-35 2282.7150000000006 1.0000000180025095e-35 6957.295000000001 -1249.4199999999998 25863.355000000003
decision_type=2 10 2 2 2 8 2 2
left_child=7 -2 -3 5 -5 -4 -7 -1
right_child=1 2 3 4 -6 6 -8 -9
leaf_value=-0.00011525829864544117 0.025708272800583888 0.010580832353483699 -0.071640524961561244 -0.038085938407103503 0.032051244081980436 -0.051190873218308341 0.024092874867606563 -0.018395406787485285
leaf_weight=1532.0890784994181 55.690113870119603 35.187934035660874 8.6318466667653393 6.9552127513397872 10.334163683573934 8.9624672264062593 6.6638136972578677 46.880234092955106
leaf_count=126101 4984 3984 544 1735 4135 4278 1693 15830
internal_value=-4.98201e-05 0.00720182 -0.00622908 -0.0204659 0.00383629 -0.0377868 -0.0190862 -0.000658003
internal_weight=1711.39 132.426 76.7354 41.5475 17.2894 24.2581 15.6263 1578.97
internal_count=163284 21353 16369 12385 5870 6515 5971 141931
is_linear=0
shrinkage=0.0750466


Tree=268
num_leaves=9
num_cat=0
split_feature=80 33 64 112 81 64 12 81
split_gain=1.37122 5.0945 5.03203 4.92474 5.92729 5.50843 8.11627 6.29338
threshold=2.5000000000000004 8897.4100000000017 1745.0100000000002 139352.40000000002 29325.005000000001 1.0000000180025095e-35 6.5000000000000009 110435.25500000002
decision_type=2 2 2 8 2 2 2 2
left_child=2 3 -1 -2 -5 6 -6 -7
right_child=1 -3 -4 4 5 7 -8 -9
leaf_value=0.0004207821585050714 -0.0061577645977297819 -0.03866367326235666 -0.015393760463568532 0.043974088320764354 -0.052401251722771526 0.048497987651373295 0.011286509753890204 -0.0014898733461075587
leaf_weight=1345.4233510054019 86.964823246220476 14.056351344701396 123.73756598131058 33.759370095172926 16.969762116525089 28.899013441765419 33.549833757768283 27.85841994958173
leaf_count=70025 15377 11314 36427 3331 1244 6118 6832 12616
internal_value=-4.88749e-05 0.0051848 -0.000911171 0.00788808 0.0165489 0.0079184 -0.0101065 0.0239623
internal_weight=1711.22 242.058 1469.16 228.001 141.036 107.277 50.5196 56.7574
internal_count=163284 56832 106452 45518 30141 26810 8076 18734
is_linear=0
shrinkage=0.0750466


Tree=269
num_leaves=9
num_cat=0
split_feature=8 153 74 23 18 20 118 24
split_gain=1.45323 3.93052 3.92851 3.52726 3.00967 3.55866 3.03045 2.80803
threshold=-1.0000000180025095e-35 3489.6750000000006 1790.595 1.5000000000000002 15722.845000000003 1.6450000000000002 6499.9550000000008 2.5000000000000004
decision_type=2 10 2 2 2 2 8 2
left_child=1 2 3 -1 6 -6 -3 -7
right_child=-2 4 -4 -5 5 7 -8 -9
leaf_value=0.014413421492527756 -0.00094890287926500635 -0.026879111754508436 0.036180413705088128 -0.011812038622535216 -0.075705708705121416 -0.04790390472824449 0.0099085540103345197 0.027704741966531554
leaf_weight=94.486274548136862 1463.6739743458238 17.554655994423229 30.538766731864598 41.600768630254606 7.2964505541895077 5.2715073468625615 44.78624979838969 5.8214920482450907
leaf_count=9273 130000 3073 1277 4073 3415 2006 4985 5182
internal_value=-4.9801e-05 0.00527043 0.0118552 0.0063965 -0.00832044 -0.0349997 -0.000450532 -0.00822526
internal_weight=1711.03 247.356 166.626 136.087 80.7304 18.3894 62.3409 11.093
internal_count=163284 33284 14623 13346 18661 10603 8058 7188
is_linear=0
shrinkage=0.0750466


Tree=270
num_leaves=9
num_cat=0
split_feature=83 113 57 83 113 135 80 74
split_gain=1.42007 5.51536 7.04634 3.34307 3.62905 4.22234 2.83198 10.2217
threshold=175657.12500000003 -409.99999999999994 2.5000000000000004 92470.055000000008 -318.49999999999994 -1171.4999999999998 4.5000000000000009 391.17500000000007
decision_type=2 8 2 2 8 8 2 2
left_child=3 2 -2 6 5 -5 -1 -8
right_child=1 -3 -4 4 -6 -7 7 -9
leaf_value=-0.0005954023281328581 0.0069041028719087991 -0.038082773886508291 0.10398426257727267 -0.037711540179995597 -0.067644262579090994 0.02682119084062758 0.055735771632695379 -0.002189685908728803
leaf_weight=1565.2110026033624 13.027701035134671 7.3643616494282496 6.2218031752627203 13.040938711512352 8.1590603668810235 10.158256584296398 23.398620991954886 64.320703647079426
leaf_count=124045 3684 2249 3718 3934 1519 4220 4133 15782
internal_value=-4.87604e-05 0.0171512 0.0382822 -0.000320541 -0.0245948 -0.00945452 0.000139974 0.0132616
internal_weight=1710.9 26.6139 19.2495 1684.29 31.3583 23.1992 1652.93 87.7193
internal_count=163284 9651 7402 153633 9673 8154 143960 19915
is_linear=0
shrinkage=0.0750466


Tree=271
num_leaves=9
num_cat=0
split_feature=0 149 140 140 111 153 104 104
split_gain=1.36075 6.86333 4.19744 4.66388 2.2462 3.03988 5.00852 5.95582
threshold=15842220.000000002 2810.5000000000005 7173.1900000000014 34230.270000000011 1.0000000180025095e-35 5389.9350000000004 10615.650000000001 35229.000000000007
decision_type=2 8 10 8 10 8 2 2
left_child=1 -1 -3 -4 5 -2 -7 -8
right_child=4 2 3 -5 -6 6 7 -9
leaf_value=-0.040202177606234887 0.002164706219590909 0.010566815941368227 -0.045400466170330347 0.025444719299468732 0.015656853855548269 -0.0074817046369917463 0.05429503443729651 -0.0092066613578092645
leaf_weight=28.180896671114169 1085.142020435107 75.452526917224532 17.944568759365211 7.3881889518415873 53.588616471359273 410.16050279883984 16.767348466053591 16.507734485805486
leaf_count=2862 103640 4379 5136 3952 526 29225 5868 7696
internal_value=-4.94387e-05 -0.00746197 0.00169262 -0.0247388 0.000554775 2.53285e-05 -0.00520999 0.0227919
internal_weight=1711.13 128.966 100.785 25.3328 1582.17 1528.58 443.436 33.2751
internal_count=163284 16329 13467 9088 146955 146429 42789 13564
is_linear=0
shrinkage=0.0750466


Tree=272
num_leaves=9
num_cat=0
split_feature=151 113 24 81 113 5 97 71
split_gain=1.33073 5.31774 6.82178 9.13286 2.98642 3.99757 6.95707 2.59873
threshold=1.0000000180025095e-35 -562.99999999999989 1.0000000180025095e-35 8797.7650000000012 -2054.4999999999995 42.500000000000007 3.5000000000000004 1.5000000000000002
decision_type=8 8 2 2 8 2 2 2
left_child=1 2 -1 -4 5 6 -2 -6
right_child=4 -3 3 -5 7 -7 -8 -9
leaf_value=-0.0074693175687358766 0.0028686129867694574 -0.023043728698825573 0.076214345465377087 -0.0020485523608561595 0.00094814409878343049 0.001877380775836518 -0.066516068587021401 0.0219551060781525
leaf_weight=92.496350552875811 15.469951280125313 66.800979933121198 14.779717024190175 19.447297214326682 1411.4272229172393 39.399253876599687 17.174232951121667 33.964315606659511
leaf_count=2946 1532 3858 2582 4664 137128 4785 4250 1539
internal_value=-4.89385e-05 -0.00590954 0.00312257 0.0317465 0.000698487 -0.0142139 -0.0336349 0.00144177
internal_weight=1710.96 193.524 126.723 34.227 1517.43 72.0434 32.6442 1445.39
internal_count=163284 14050 10192 7246 149234 10567 5782 138667
is_linear=0
shrinkage=0.0750466


Tree=273
num_leaves=9
num_cat=0
split_feature=8 107 137 150 8 6 150 10
split_gain=1.33761 3.75282 4.51286 4.34627 3.83691 2.62478 2.50279 1.96791
threshold=-8804.7999999999975 22.500000000000004 31032.320000000003 4363.6450000000013 -14931.834999999997 76.500000000000014 29747.050000000003 -1918.8199999999999
decision_type=2 2 10 8 2 2 10 2
left_child=1 -1 3 -3 5 -4 -7 -2
right_child=7 2 4 -5 -6 6 -8 -9
leaf_value=-0.013725639563276402 -0.011616362933960503 0.0070321029668381765 0.013149876597656273 0.056259799616925198 0.036111905767074313 -0.06752886046731095 -0.0043805670595583133 4.1841442089573331e-05
leaf_weight=30.916651925537735 86.167026896115203 18.396838019913048 8.3371469295507286 22.399339350962691 9.6713379146185599 8.0485142857723968 6.3029570184007744 1520.688167224921
leaf_count=681 29808 3146 2018 3197 2453 2551 2597 116833
internal_value=-4.93033e-05 0.00819585 0.0174601 0.0340608 -0.00346832 -0.0203399 -0.0397951 -0.000583326
internal_weight=1710.93 104.073 73.1561 40.7962 32.36 22.6886 14.3515 1606.86
internal_count=163284 16643 15962 6343 9619 7166 5148 146641
is_linear=0
shrinkage=0.0750466


Tree=274
num_leaves=9
num_cat=0
split_feature=125 74 5 118 74 146 131 125
split_gain=1.31366 4.21301 3.2461 1.83966 1.59008 6.85126 6.05523 7.53568
threshold=-28173.074999999993 2305.3550000000005 47.500000000000007 8632.3700000000008 2126.0350000000003 1641.4400000000003 181.81500000000003 -4536.1249999999991
decision_type=8 2 2 10 2 10 10 10
left_child=1 3 -3 -1 -2 6 -6 -8
right_child=4 2 -4 -5 5 -7 7 -9
leaf_value=-0.014570216959808237 -0.0010668381280204179 -0.0084084698416500726 -0.077256507574573197 0.037232088776985313 -0.001945274432271905 0.039855083075184566 0.00092813139963402065 0.061744559582531978
leaf_weight=7.4443047034001237 1275.3820463488892 7.6478858126429241 7.780923519735552 8.0212595393804786 329.31170384908182 28.430492266876172 26.896248607941743 20.012738439721943
leaf_count=1876 120825 2177 2873 3544 19521 3503 6201 2764
internal_value=-4.83586e-05 -0.0153831 -0.0431293 0.0122972 0.000233634 0.00433247 0.00164807 0.0268742
internal_weight=1710.93 30.8944 15.4288 15.4656 1680.03 404.651 376.221 46.909
internal_count=163284 10470 5050 5420 152814 31989 28486 8965
is_linear=0
shrinkage=0.0750466


Tree=275
num_leaves=9
num_cat=0
split_feature=64 125 140 64 64 107 140 16
split_gain=1.29151 2.89711 8.38083 1.84561 2.51322 3.21481 2.88229 1.59381
threshold=25194.515000000003 -6763.4499999999989 17914.180000000004 84328.445000000022 34151.395000000011 85.500000000000014 17914.180000000004 -176.96999999999997
decision_type=2 8 8 2 2 2 8 2
left_child=7 2 -2 4 -3 -6 -7 -1
right_child=1 3 -4 -5 5 6 -8 -9
leaf_value=-0.0016087425925946628 0.095663942401708779 -0.039891760974642518 -0.044343287370023667 -0.050949504052373577 0.037216963495956379 0.014402935085066983 -0.055325845847210495 0.0031265947675135847
leaf_weight=983.25797058157696 4.810847890797957 11.985982844927092 4.82097246066769 8.6419141696460411 9.0498958259340743 6.6287732104556234 6.7266552336422993 675.2050542944753
leaf_count=56453 2430 3983 3874 3448 1364 3087 3102 85543
internal_value=-4.82647e-05 -0.0116182 0.0255867 -0.0199455 -0.0121547 0.00268354 -0.020717 0.000319141
internal_weight=1711.13 52.665 9.63182 43.0332 34.3913 22.4053 13.3554 1658.46
internal_count=163284 21288 6304 14984 11536 7553 6189 141996
is_linear=0
shrinkage=0.0750466


Tree=276
num_leaves=9
num_cat=0
split_feature=28 21 147 81 107 81 113 113
split_gain=1.50208 6.23829 4.67661 3.18164 9.12527 3.79744 3.61062 3.43556
threshold=1395.8750000000002 1.0000000180025095e-35 -1305.0149999999996 1.0000000180025095e-35 12.500000000000002 15997.960000000001 -1079.9999999999998 -1079.9999999999998
decision_type=2 2 8 2 2 2 10 8
left_child=2 -2 -1 7 -5 -6 -7 -4
right_child=1 -3 3 4 5 6 -8 -9
leaf_value=0.019420903739325639 0.035236948723327222 -0.0039583418095759165 -0.010463586711149907 0.033940719388994477 0.010423040834232707 -0.0014470206905236936 -0.032331527305199587 0.0012429012881821585
leaf_weight=78.491891214525822 23.649635183726787 693.41875269231514 207.67144833075872 56.724215760070365 101.96014978041785 79.297776370505744 29.15758780080796 441.04783872159896
leaf_count=2821 1389 132930 4985 1048 3470 7049 2395 7197
internal_value=-4.75235e-05 -0.00266564 0.00184051 0.000333819 0.00722671 2.50929e-05 -0.00975014 -0.00250464
internal_weight=1711.42 717.068 994.351 915.859 267.14 210.416 108.455 648.719
internal_count=163284 134319 28965 26144 13962 12914 9444 12182
is_linear=0
shrinkage=0.0750466


Tree=277
num_leaves=9
num_cat=0
split_feature=60 22 25 60 82 60 95 25
split_gain=1.34552 2.17531 3.9354 4.92786 1.78812 1.76431 1.91791 2.10416
threshold=1079.3350000000003 78916.440000000017 803.5100000000001 3791.7800000000002 2.5000000000000004 433.49500000000006 5.5000000000000009 35114.595000000008
decision_type=2 2 2 2 2 2 2 2
left_child=5 2 -2 -4 -3 6 7 -1
right_child=1 4 3 -5 -6 -7 -8 -9
leaf_value=5.3981092613037333e-05 -0.019659280540682156 -0.010263073190891838 -0.025037358171120648 0.055593362392633162 -0.075403205148555377 0.018672092294437035 0.015754358167146352 -0.017232009425353068
leaf_weight=1536.1151157899913 34.676692009990802 4.5912470978018955 7.0617802762644741 10.794059339714293 4.9130139563494595 29.112230076520063 42.548720334521931 40.710955916735657
leaf_count=111638 3862 3314 2387 3711 4768 5410 2767 25427
internal_value=-4.71918e-05 -0.0108972 -0.00491979 0.0237048 -0.0439358 0.000361121 3.19366e-05 -0.000392314
internal_weight=1710.52 62.0368 52.5325 17.8558 9.50426 1648.49 1619.37 1576.83
internal_count=163284 18042 9960 6098 8082 145242 139832 137065
is_linear=0
shrinkage=0.0750466


Tree=278
num_leaves=9
num_cat=0
split_feature=131 125 147 81 125 30 138 58
split_gain=1.37458 4.8236 5.58774 4.44545 11.3465 6.65662 5.41598 9.09424
threshold=568.90500000000009 -6763.4499999999989 -19379.904999999995 29325.005000000001 -2063.0949999999998 13.500000000000002 32720.145 941.47000000000014
decision_type=10 8 10 2 8 2 10 2
left_child=1 2 -1 -2 5 6 7 -5
right_child=3 -3 -4 4 -6 -7 -8 -9
leaf_value=0.059337777802133146 -0.017604130442105209 4.5369756177592006e-06 -0.0051417932651886223 -0.035784530584527602 0.10593748967318119 0.061473800427851888 -0.046002277071324753 0.06091739572430134
leaf_weight=16.705052737366717 87.133515755705048 1539.2254194563766 13.840589548171918 11.60031289628205 6.1324552933929217 7.6581945956704649 17.588635013220483 10.376592171924129
leaf_count=4077 15434 118851 1862 3063 2136 4125 10020 3716
internal_value=-4.59169e-05 0.000590569 0.0301213 -0.00715774 0.00990178 -0.00256938 -0.0149654 0.00987415
internal_weight=1710.26 1569.77 30.5456 140.49 53.3562 47.2237 39.5655 21.9769
internal_count=163284 124790 5939 38494 23060 20924 16799 6779
is_linear=0
shrinkage=0.0750466


Tree=279
num_leaves=9
num_cat=0
split_feature=20 97 97 8 113 113 113 20
split_gain=1.34555 7.72668 11.2118 5.03112 7.66217 6.4473 6.01102 7.41434
threshold=55.415000000000006 20.500000000000004 130.50000000000003 16678.810000000001 -593.49999999999989 -713.99999999999989 -1475.4999999999998 1646.6400000000001
decision_type=2 2 2 2 8 10 8 2
left_child=-1 -2 3 6 5 -5 -3 -8
right_child=1 2 -4 4 -6 -7 7 -9
leaf_value=0.0010536592792428263 -0.013505450717279842 -0.015676324002843349 -0.040724279859063989 0.0077257339393210786 -0.027305292571074065 0.09681613864448374 0.0056428016183771952 0.057093720517756692
leaf_weight=1342.5913828320918 209.8812590391608 14.391406129294408 22.395116311177844 18.760781680769473 29.119151584291103 6.0502130898585156 25.267525834524349 41.984902431640876
leaf_count=92620 24783 3457 10457 6713 9166 2528 3548 10012
internal_value=-4.81106e-05 -0.00406938 0.00846758 0.0165935 -0.00119428 0.0294506 0.0283432 0.037763
internal_weight=1710.44 367.85 157.969 135.574 53.9301 24.811 81.6438 67.2524
internal_count=163284 70664 45881 35424 18407 9241 17017 13560
is_linear=0
shrinkage=0.0750466


Tree=280
num_leaves=9
num_cat=0
split_feature=27 8 63 8 22 9 9 127
split_gain=1.39711 4.34074 5.34056 5.46639 9.15065 16.2524 7.08645 9.9885
threshold=2.5000000000000004 6800.3600000000015 1.0000000180025095e-35 16678.810000000001 26219.395 1786.0550000000001 2798.8850000000007 3001.5000000000005
decision_type=2 2 2 2 2 2 2 8
left_child=-1 -2 -3 4 -4 -6 -5 -8
right_child=1 2 3 6 5 -7 7 -9
leaf_value=0.001475979476601367 0.0034864090615633397 -0.016400076193045721 -0.0036855684112196306 -0.026801613823814765 0.015710704737422393 0.17885999524328644 -0.039272556734495499 0.085056079500784046
leaf_weight=1135.4191874415174 286.201097031465 199.20557695413845 21.241762450996248 38.272103603402684 9.8477220129316247 5.283960745748117 6.1751286317285095 8.862336123714158
leaf_count=39151 47750 33314 4311 23269 6287 1558 2723 4921
internal_value=-5.0437e-05 -0.00306409 -0.00955366 0.00565374 0.0280841 0.0726822 -0.00965064 0.0340006
internal_weight=1710.51 575.09 288.889 89.683 36.3734 15.1317 53.3096 15.0375
internal_count=163284 124133 76383 43069 12156 7845 30913 7644
is_linear=0
shrinkage=0.0750466


Tree=281
num_leaves=9
num_cat=0
split_feature=27 104 84 131 27 107 97 131
split_gain=1.27034 5.63829 7.51512 2.75612 1.92805 6.91929 6.09699 4.0578
threshold=32.500000000000007 2404.6500000000005 2.5000000000000004 1.0000000180025095e-35 23.500000000000004 66.500000000000014 20.500000000000004 1049.8350000000003
decision_type=2 2 2 8 2 2 2 8
left_child=4 3 -3 -2 -1 -6 -7 -8
right_child=1 2 -4 -5 5 6 7 -9
leaf_value=-0.00016280744807430878 -0.062278490253042877 0.13654838502375269 -0.021796777501440469 -0.0072523423098684522 0.081335292786071323 -0.05090905946831787 0.00063462782137042601 0.075780666331927732
leaf_weight=1647.4701636262462 10.684511673537605 2.8286028834572781 4.1864679070895363 9.8549793571828541 7.5363567074091398 8.9024977360440989 12.697322120564424 5.9404976659770901
leaf_count=137730 3088 1727 3987 4639 494 3474 5209 2936
internal_value=-5.38744e-05 -0.0160372 0.0420508 -0.0358766 0.000207879 0.0176182 0.000182102 0.0245862
internal_weight=1710.1 27.5546 7.01507 20.5395 1682.55 35.0767 27.5403 18.6378
internal_count=163284 13441 5714 7727 149843 12113 11619 8145
is_linear=0
shrinkage=0.0750466


Tree=282
num_leaves=9
num_cat=0
split_feature=135 17 71 18 16 51 5 16
split_gain=1.28165 1.28463 4.32319 4.25755 4.40618 3.01503 7.02234 2.89627
threshold=-136.99999999999997 3.5000000000000004 1.5000000000000002 1949.6600000000001 -1.0000000180025095e-35 1.0000000180025095e-35 59.500000000000007 1.0000000180025095e-35
decision_type=10 2 2 2 2 2 2 2
left_child=1 2 5 -3 -5 -1 7 -7
right_child=-2 3 -4 4 -6 6 -8 -9
leaf_value=0.00017903444479701401 -0.016657624849444264 -0.013784303272430652 0.02899806550548898 0.044864130711411779 0.00076349363903508783 -0.01749609056424422 0.025984283459567738 -0.075592449779285295
leaf_weight=1452.9806523018842 25.789112417500291 28.3849525169353 27.945654719678714 25.128586219205317 25.921789547579465 96.47537099879446 22.43721095377532 5.0877161239577608
leaf_count=69282 2162 739 1108 2467 4293 71347 8005 3881
internal_value=-5.42088e-05 0.000200005 -0.000261081 0.00951587 0.0224712 -0.000779582 -0.0120122 -0.0204064
internal_weight=1710.15 1684.36 1604.93 79.4353 51.0504 1576.98 124 101.563
internal_count=163284 161122 153623 7499 6760 152515 83233 75228
is_linear=0
shrinkage=0.0750466


Tree=283
num_leaves=9
num_cat=0
split_feature=131 63 109 149 131 149 128 6
split_gain=1.28961 4.59014 7.34424 6.76481 6.84376 5.39622 4.23103 3.87322
threshold=392.95500000000004 1.5000000000000002 1.0000000180025095e-35 3317.0000000000005 1202.3250000000003 1714.5000000000002 9950.5150000000012 227.50000000000003
decision_type=10 2 2 8 10 10 10 2
left_child=-1 6 -3 4 -4 -6 -2 -5
right_child=1 2 3 7 5 -7 -8 -9
leaf_value=0.00060260283446899178 -0.021562641589133274 -0.053809541259709139 -0.00080984659419894214 -0.029175021280762707 0.051402791375466488 0.16541337288696153 0.010189316699148522 0.059813333109557922
leaf_weight=1552.6458604646932 90.915778460490401 6.5385113803467894 4.9518776502645805 9.5866837884150282 4.6850461605536093 4.6673473468217708 31.938856635939374 3.8653299014422364
leaf_count=120822 15628 3292 2423 5586 2286 2483 8258 2506
internal_value=-5.31013e-05 -0.0065315 0.017744 0.0345998 0.0705283 0.1083 -0.013308 -0.00360492
internal_weight=1709.8 157.149 34.2948 27.7563 14.3043 9.35239 122.855 13.452
internal_count=163284 42462 18576 15284 7192 4769 23886 8092
is_linear=0
shrinkage=0.0750466


Tree=284
num_leaves=9
num_cat=0
split_feature=125 145 140 120 20 120 20 120
split_gain=1.32935 4.24028 4.27649 2.60272 1.58406 5.5309 7.57065 6.24861
threshold=-28173.074999999993 5.5000000000000009 12306.960000000001 400242.26000000007 203.56500000000003 211140.00000000003 16705.170000000002 305273.25000000006
decision_type=8 8 8 10 2 10 2 10
left_child=1 2 -1 -4 -2 -6 -7 -8
right_child=4 -3 3 -5 5 6 7 -9
leaf_value=0.041484175925606638 0.0012421192504517569 -0.053880698733290842 -0.062667211146150939 0.010980843712638333 -0.013447411588909676 -0.012324133290624017 0.062672884495185849 0.0091366378144094543
leaf_weight=9.465646175558506 1407.5839707808982 10.625936662474485 5.6699728406711092 5.163711835562026 167.63953027120988 50.220013659029973 19.09542965226774 34.395082870051738
leaf_count=1899 96174 3566 2382 2623 27803 9599 5055 14183
internal_value=-5.39843e-05 -0.0154721 0.00463341 -0.027564 0.00023001 -0.00502014 0.00860186 0.0282484
internal_weight=1709.86 30.9253 20.2993 10.8337 1678.93 271.35 103.711 53.4905
internal_count=163284 10470 6904 5005 152814 56640 28837 19238
is_linear=0
shrinkage=0.0750466


Tree=285
num_leaves=9
num_cat=0
split_feature=7 147 8 72 134 8 8 7
split_gain=1.45836 4.58556 13.8039 4.13617 5.96788 8.84894 2.54695 4.3541
threshold=5005.1550000000016 -23472.079999999998 81991.095000000016 2333.3600000000006 93605.400000000009 81991.095000000016 37731.905000000006 1261.8700000000001
decision_type=2 10 2 2 10 2 2 2
left_child=6 3 -3 4 -2 -6 -1 -8
right_child=1 2 -4 -5 5 -7 7 -9
leaf_value=-1.2497703070516464e-05 0.025042816575796965 0.067474085084496108 -0.040375197249086406 -0.021385549463695419 -0.067395387055139339 0.045280271570985256 0.029382803590231786 -0.021952971199047034
leaf_weight=1508.0993790605671 46.189361028660642 20.871488861246693 9.832697830961477 34.117685825113767 10.924361756609871 6.1271704259934259 10.930587174637365 62.571197663512066
leaf_count=127442 2021 4315 2801 3731 4151 3777 3018 12028
internal_value=-5.36586e-05 0.00764908 0.0329365 -0.000325861 0.0110356 -0.0269074 -0.000677352 -0.0143187
internal_weight=1709.66 128.063 30.7042 97.3586 63.2409 17.0515 1581.6 73.5018
internal_count=163284 20796 7116 13680 9949 7928 142488 15046
is_linear=0
shrinkage=0.0750466


Tree=286
num_leaves=9
num_cat=0
split_feature=112 151 56 81 55 112 85 81
split_gain=1.30975 3.52672 3.52423 9.17859 5.72502 4.00457 3.7694 8.64818
threshold=228031.20000000004 1.0000000180025095e-35 2970.1600000000003 56108.485000000008 1.5000000000000002 444316.4150000001 14134.650000000001 62361.94000000001
decision_type=10 8 2 2 2 10 2 2
left_child=-1 -2 6 4 -4 -6 -3 -8
right_child=1 2 3 -5 5 -7 7 -9
leaf_value=0.001060167194644461 -0.024691339991888186 -0.0063449318960638662 0.0049847134537470287 -0.025088315674132194 0.13853999889252208 0.04851880394518273 0.06901415805869808 -0.018854817392576474
leaf_weight=1327.4029740636688 41.108026319123383 283.82489724417974 7.3314634132275449 13.355046600389867 5.1940089560248435 5.9958279219927135 12.290199153476353 12.96097493450088
leaf_count=104790 3248 24478 2057 11088 2099 3331 5716 6477
internal_value=-5.42825e-05 -0.00392625 -0.00142263 0.0223356 0.0565313 0.0903041 -0.00387293 0.0239126
internal_weight=1709.46 382.06 340.952 31.8763 18.5213 11.1898 309.076 25.2512
internal_count=163284 58494 55246 18575 7487 5430 36671 12193
is_linear=0
shrinkage=0.0750466


Tree=287
num_leaves=9
num_cat=0
split_feature=6 134 0 0 12 141 140 51
split_gain=1.29935 4.30307 3.67114 3.66972 3.98975 2.0928 1.9734 4.33659
threshold=289.50000000000006 106977.60000000002 14632853.000000002 14632853.000000002 6.5000000000000009 0.79500000000000015 8303.6200000000008 1.0000000180025095e-35
decision_type=2 10 2 2 2 8 10 2
left_child=3 -2 -3 4 -1 -6 -5 -8
right_child=1 2 -4 6 5 -7 7 -9
leaf_value=0.0021206775915541378 0.031278062171300185 0.019468823751481533 -0.025573943028057062 -0.00097703825407579746 -0.058422176170351628 -0.016429159398143323 0.010211476921103852 -0.019807103020309507
leaf_weight=23.783331508704578 30.381482827540822 18.089772354680463 23.338912906227961 1343.8179633245254 15.222423705796247 11.916272954322265 211.91262245129928 31.078766500500024
leaf_count=1086 1552 3868 4728 80938 3370 1880 29224 36638
internal_value=-5.47944e-05 0.0098258 -0.00590609 -0.000488032 -0.0203186 -0.0399836 0.000148347 0.00637208
internal_weight=1709.54 71.8102 41.4287 1637.73 50.922 27.1387 1586.81 242.991
internal_count=163284 10148 8596 153136 6336 5250 146800 65862
is_linear=0
shrinkage=0.0750466


Tree=288
num_leaves=9
num_cat=0
split_feature=83 113 151 73 83 18 151 83
split_gain=1.28731 4.60606 5.36031 9.80032 2.91105 5.72592 6.47368 2.4653
threshold=175657.12500000003 -409.99999999999994 1.0000000180025095e-35 8.5000000000000018 92470.055000000008 18220.110000000004 2.5000000000000004 53371.560000000005
decision_type=2 8 10 2 2 2 10 2
left_child=4 2 -2 -4 7 -6 -7 -1
right_child=1 -3 3 -5 5 6 -8 -9
leaf_value=-0.00037364125364627805 -0.022522868290970308 -0.036031968888269962 0.13168895500251745 0.0034657607006348761 -0.05737443282063507 0.061500835286611252 -0.034394253080234811 0.017433230339138458
leaf_weight=1607.0248368188904 6.2937773844678331 7.0143559071384542 6.1138556970690825 7.4454511156536682 14.539368010926411 7.0519995280619723 9.0566072028177569 45.014695907367241
leaf_count=131076 794 2249 2456 4152 2188 1801 5684 12884
internal_value=-5.33719e-05 0.0162441 0.0347139 0.0612813 -0.000313593 -0.0232309 0.00758654 0.00011156
internal_weight=1709.55 26.8674 19.8531 13.5593 1682.69 30.648 16.1086 1652.04
internal_count=163284 9651 7402 6608 153633 9673 7485 143960
is_linear=0
shrinkage=0.0750466


Tree=289
num_leaves=9
num_cat=0
split_feature=10 137 96 138 63 9 150 8
split_gain=1.40261 5.93546 4.58354 8.57699 6.69632 5.948 5.93489 4.34317
threshold=1.0000000180025095e-35 -1.0000000180025095e-35 1.0000000180025095e-35 19815.575000000004 1.0000000180025095e-35 1656.3400000000004 10829.135000000002 25989.965000000004
decision_type=2 8 2 8 2 2 10 2
left_child=1 -1 7 5 -5 -4 -6 -2
right_child=2 -3 3 4 6 -7 -8 -9
leaf_value=-0.035164103300022183 -0.00613857560203784 -0.0010237854857157594 0.0067414226523686274 -0.014803077437524003 0.053565303211870863 0.031385966912995507 -0.023131758109874102 0.010863930779588317
leaf_weight=29.721433898492251 397.53064776845713 818.59002657122801 125.82071677386193 106.83580776379131 17.022480929581437 98.206251552583126 8.5293460476877936 107.49420194606682
leaf_count=1665 9303 121851 8532 7155 2862 3006 4158 4752
internal_value=-5.38821e-05 -0.00221993 0.00207915 0.0085954 -0.00654882 0.0175448 0.0279634 -0.0025196
internal_weight=1709.75 848.311 861.439 356.415 132.388 224.027 25.5518 505.025
internal_count=163284 123516 39768 25713 14175 11538 7020 14055
is_linear=0
shrinkage=0.0750466


Tree=290
num_leaves=9
num_cat=0
split_feature=28 20 16 80 123 57 28 28
split_gain=1.29886 3.85259 5.44022 3.92658 3.77303 6.42753 5.37277 5.70268
threshold=1395.8750000000002 79.560000000000016 -1222.1199999999997 1.0000000180025095e-35 5.5000000000000009 1.5000000000000002 7437.8550000000005 13327.210000000001
decision_type=2 2 2 2 8 2 2 2
left_child=1 3 -3 -1 -2 -6 -7 -8
right_child=4 2 -4 -5 5 6 7 -9
leaf_value=0.00036363103149222457 0.001061972692249565 -0.027762698059185867 0.0020211793012816347 0.011598391000238973 -0.023413351382903121 0.035123435519128263 -0.044640767663240565 0.0040366017757673209
leaf_weight=602.46885709399794 501.76623892612588 56.633418445417192 88.534956317911565 247.05176986938022 110.55680565028888 22.437087990314467 17.257476086262614 63.171967374504675
leaf_count=10504 95964 1179 5964 11318 14965 1517 2180 19693
internal_value=-5.37083e-05 0.00170016 -0.00959818 0.00363085 -0.00249299 -0.0108509 0.00265082 -0.00640794
internal_weight=1709.88 994.689 145.168 849.521 715.19 213.423 102.867 80.4294
internal_count=163284 28965 7143 21822 134319 38355 23390 21873
is_linear=0
shrinkage=0.0750466


Tree=291
num_leaves=9
num_cat=0
split_feature=33 97 22 13 22 120 25 153
split_gain=1.36084 2.55516 1.94415 1.5479 1.69074 5.85913 5.38128 5.74357
threshold=175039.38000000003 5.5000000000000009 1417.5900000000004 1.5000000000000002 6061.1650000000009 1037556.6200000002 5340.5650000000014 1214.0550000000003
decision_type=2 2 2 2 2 8 2 10
left_child=3 -2 -3 4 6 -6 -1 -8
right_child=1 2 -4 -5 5 -7 7 -9
leaf_value=0.00050766483327335831 -0.00017754055085981678 -0.078159937397475981 -0.0037895665566595829 -0.016564188454875194 -0.0080036764700237052 0.01389513293249444 0.033896669858670188 -0.0046573159870581752
leaf_weight=1136.1971112314568 16.459880937489292 5.3843831082303932 3.1307286630753879 30.442589961341582 339.33343063378106 86.312878624209588 57.579211762538762 34.985025951882562
leaf_count=31614 3059 2434 4115 808 87220 15547 6270 12217
internal_value=-5.31386e-05 -0.0174426 -0.0508164 0.00020463 0.000513192 -0.00356302 0.0019252 0.019325
internal_weight=1709.83 24.975 8.51511 1684.85 1654.41 425.646 1228.76 92.5642
internal_count=163284 9608 6549 153676 152868 102767 50101 18487
is_linear=0
shrinkage=0.0750466


Tree=292
num_leaves=9
num_cat=0
split_feature=64 131 141 83 125 74 63 97
split_gain=1.34221 3.95571 3.7401 3.8111 3.67662 4.11962 9.42384 8.99818
threshold=13076.395000000002 4357.6950000000006 1.0000000180025095e-35 110263.17000000001 -6763.4499999999989 1790.595 5.5000000000000009 51.500000000000007
decision_type=2 10 10 2 10 2 2 2
left_child=-1 2 3 4 5 6 -2 -8
right_child=1 -3 -4 -5 -6 -7 7 -9
leaf_value=0.0004466650743251726 -0.040386635042522712 0.050539347973076736 -0.043344414823535633 -0.05093628154679828 -0.04356110291583095 0.036797035272486761 0.11662469272185182 -0.015881283544628571
leaf_weight=1618.444990842615 18.713502523774881 5.8937470610753726 18.064177558533629 8.7897217516092478 8.4933920710827788 19.471247867077182 5.3921931266759184 6.2108793833322125
leaf_count=128691 5082 3209 10212 3689 3450 3793 2145 3013
internal_value=-5.20479e-05 -0.0089189 -0.0130351 -0.00487189 0.00207534 0.00986054 -0.0074398 0.045697
internal_weight=1709.47 91.0289 85.1351 67.0709 58.2812 49.7878 30.3166 11.6031
internal_count=163284 34593 31384 21172 17483 14033 10240 5158
is_linear=0
shrinkage=0.0750466


Tree=293
num_leaves=9
num_cat=0
split_feature=4 10 0 0 150 0 125 151
split_gain=1.24049 2.23346 3.57469 5.95821 6.49114 7.13892 3.54058 3.82035
threshold=1.5000000000000002 567.17500000000007 23493831.000000004 31507133.500000004 4363.6450000000013 46112960.000000007 -11091.484999999999 4.5000000000000009
decision_type=2 2 2 2 8 2 8 10
left_child=1 6 -3 -4 -5 -6 7 -1
right_child=-2 2 3 4 5 -7 -8 -9
leaf_value=-0.038903659301500866 -0.012064509358958314 -0.01594265810295729 0.037010950189823255 0.030174264240574063 -0.024963649718043126 0.010618562979593377 -7.4560346238617154e-05 -0.00081264435400429599
leaf_weight=28.065719970987629 47.087364951243217 33.423090428825162 38.899664757800565 42.148995917956199 53.007112702709492 79.210825962454692 1356.0192872862599 31.443086781926468
leaf_count=5512 2213 3232 3624 3670 4106 3891 122295 14741
internal_value=-5.26955e-05 0.000287576 0.00687718 0.0104535 0.00452878 -0.0036466 -0.000860821 -0.0187772
internal_weight=1709.31 1662.22 246.69 213.267 174.367 132.218 1415.53 59.5088
internal_count=163284 161071 18523 15291 11667 7997 142548 20253
is_linear=0
shrinkage=0.0750466


Tree=294
num_leaves=9
num_cat=0
split_feature=8 48 6 113 146 120 55 120
split_gain=1.23191 3.99044 5.03541 3.80379 3.51208 3.41555 5.75908 5.04363
threshold=9683.5850000000009 1.0000000180025095e-35 61.500000000000007 -2054.4999999999995 1.0000000180025095e-35 253368.00000000003 1.0000000180025095e-35 182988.00000000003
decision_type=2 2 2 8 8 8 2 10
left_child=3 -2 -3 -1 -4 7 -7 -5
right_child=1 2 4 5 -6 6 -8 -9
leaf_value=-0.017933022078735927 -0.0038183337467661053 0.05440063394820225 -0.0056001223008624755 0.002984779931530086 0.032565889959059617 -0.0061019262480346472 0.01995621045600653 0.021365465759510243
leaf_weight=51.183831472200836 753.50285749074283 14.129656462468118 48.357219022189383 338.66614896881038 18.881142587650174 316.18389920560912 56.267539578293508 111.84442937013227
leaf_count=6795 76453 1412 11973 27700 2064 14247 11234 11406
internal_value=-5.16442e-05 -0.00211337 0.0136754 0.00191745 0.00511724 0.00315204 -0.00216523 0.007548
internal_weight=1709.02 834.871 81.368 874.146 67.2384 822.962 372.451 450.511
internal_count=163284 91902 15449 71382 14037 64587 25481 39106
is_linear=0
shrinkage=0.0750466


Tree=295
num_leaves=9
num_cat=0
split_feature=33 97 6 134 33 0 149 12
split_gain=1.22671 3.53403 5.85919 1.42761 1.21329 1.19234 5.74855 5.73515
threshold=115002.37000000001 5.5000000000000009 68.500000000000014 214834.95000000004 256837.75000000003 15842220.000000002 2810.5000000000005 6.5000000000000009
decision_type=2 2 2 8 2 2 8 2
left_child=5 2 -2 -3 -5 6 -1 -8
right_child=1 3 -4 4 -6 -7 7 -9
leaf_value=-0.037661542111779342 -0.033838685071487143 -0.078153901005484916 0.040171601586084182 0.0044494459788154894 -0.055990267492420018 0.00081629659375254799 0.019940691534223183 -0.016234412035884455
leaf_weight=26.733296955164406 12.090837063698929 4.8360880360814891 12.00713199248821 3.7330577751063183 3.7494090513291667 1547.467089224393 48.59691637699143 50.157156956865038
leaf_count=2657 1995 4219 2777 2575 2846 133519 1850 10846
internal_value=-5.08449e-05 -0.0136771 0.00303792 -0.0463755 -0.0258364 0.000245768 -0.00678979 0.00156737
internal_weight=1709.37 36.4165 24.098 12.3186 7.48247 1672.95 125.487 98.7541
internal_count=163284 14412 4772 9640 5421 148872 15353 12696
is_linear=0
shrinkage=0.0750466


Tree=296
num_leaves=9
num_cat=0
split_feature=10 22 31 115 151 151 103 18
split_gain=1.20269 3.76904 4.4744 2.14774 6.26802 4.02839 2.00045 8.64424
threshold=-3005.3049999999998 54211.545000000006 37420.92500000001 1678.7950000000003 5.5000000000000009 9.5000000000000018 5.5000000000000009 5971.0600000000004
decision_type=2 2 2 8 10 8 2 2
left_child=1 3 -3 4 -1 -5 -2 -8
right_child=6 2 -4 5 -6 -7 7 -9
leaf_value=-0.047294019723848051 -1.0922128216987632e-05 -0.062850801225486336 0.04991348939669988 0.03572154890339431 0.01996334619285042 -0.014867190336185112 0.065997424183042483 -0.0090933193135893636
leaf_weight=16.673924456461467 1590.069467861832 11.866075787251246 2.3791062801337821 18.246552362110378 14.669873143833682 17.242374002684301 13.358554149150221 24.413010313179257
leaf_count=2124 121614 11748 2334 3890 2980 3516 2605 12473
internal_value=-4.9764e-05 -0.00897052 -0.0440179 -0.00150028 -0.0158155 0.0111429 0.000394552 0.0174638
internal_weight=1708.92 81.0779 14.2452 66.8327 31.3438 35.4889 1627.84 37.7716
internal_count=163284 26592 14082 12510 5104 7406 136692 15078
is_linear=0
shrinkage=0.0750466


Tree=297
num_leaves=9
num_cat=0
split_feature=64 63 127 63 64 64 20 127
split_gain=1.13544 3.88628 6.00789 6.31075 4.46719 3.58575 3.9529 3.28842
threshold=25194.515000000003 4.5000000000000009 753.50000000000011 8.5000000000000018 11572.960000000001 8005.8200000000006 1.0000000180025095e-35 991.50000000000011
decision_type=2 2 8 2 2 2 2 10
left_child=1 5 -3 4 -4 -1 -7 -8
right_child=-2 2 3 -5 -6 6 7 -9
leaf_value=0.00024276856996694758 -0.010964808068049638 0.073440993553524014 0.014352044103757481 0.0655504650496503 -0.045529633831098183 -0.047860051456743637 0.042072135368203097 -0.019799271014772548
leaf_weight=1567.1090345250068 52.040465001813573 9.8926894698215602 18.53054457731378 8.3329825152723043 11.291725648125974 18.555645602646109 6.8925703774930325 16.230690845574827
leaf_count=113183 21288 2638 6223 3195 5312 3885 1679 5881
internal_value=-4.97466e-05 0.00029309 0.0213246 0.00781213 -0.0083212 -0.000335035 -0.0220602 -0.00135667
internal_weight=1708.88 1656.84 48.0479 38.1553 29.8223 1608.79 41.6789 23.1233
internal_count=163284 141996 17368 14730 11535 124628 11445 7560
is_linear=0
shrinkage=0.0750466


Tree=298
num_leaves=9
num_cat=0
split_feature=5 5 113 149 138 137 140 138
split_gain=1.16153 4.46994 2.94578 5.64355 2.53619 5.13242 2.30614 5.21776
threshold=67.500000000000014 63.500000000000007 -624.49999999999989 4617.5000000000009 1513.9350000000002 16998.050000000003 7173.1900000000014 19815.575000000004
decision_type=2 2 10 8 8 8 10 10
left_child=1 6 4 -4 -2 -6 -1 -8
right_child=2 -3 3 -5 5 -7 7 -9
leaf_value=-0.0018586638278865796 0.014930052684828794 0.015463690292403576 0.0034129837310117156 -0.047071960385019727 -0.03009397909759285 0.0077082348683459537 0.024396940694821699 -0.00047107025442809369
leaf_weight=1181.8796161743376 43.632803788292222 106.28485399295641 25.523044222280078 24.385595850454592 33.627494933338312 50.763278869346323 64.841968334390913 177.86390644870062
leaf_count=73402 1242 7653 2205 3534 2272 3452 9684 59840
internal_value=-4.97538e-05 0.000617295 -0.00578882 -0.0212542 0.000240192 -0.00735495 -0.000490359 0.00617274
internal_weight=1708.8 1530.87 177.932 49.9086 128.024 84.3908 1424.59 242.706
internal_count=163284 150579 12705 5739 6966 5724 142926 69524
is_linear=0
shrinkage=0.0750466


Tree=299
num_leaves=9
num_cat=0
split_feature=11 149 6 7 73 73 149 149
split_gain=1.40121 5.31758 7.82345 5.23197 3.82116 7.12742 7.98389 7.26787
threshold=318.30500000000006 1714.5000000000002 40.500000000000007 2282.7150000000006 9.5000000000000018 7.5000000000000009 3075.5000000000005 5660.5000000000009
decision_type=2 8 2 2 2 2 10 10
left_child=-1 2 3 -2 5 6 -3 -8
right_child=1 4 -4 -5 -6 -7 7 -9
leaf_value=-0.0012177124400234883 0.02772266890635329 0.02446442299539105 -0.027190962342509103 -0.024492534677415211 -0.004074609608461479 0.036851142295454949 -0.027801222126682588 0.026213712312084241
leaf_weight=1318.7758958788891 36.159527584091848 65.227708513667494 63.790703184793529 15.4150761621986 81.264807545930125 59.806076430309986 48.681521649103161 19.709538270493795
leaf_count=50667 9027 9533 16980 2927 40159 18048 11395 4548
internal_value=-4.89947e-05 0.00390244 -0.00961854 0.0121161 0.00958104 0.0153183 0.00568043 -0.0122347
internal_weight=1708.83 390.055 115.365 51.5746 274.69 193.425 133.619 68.3911
internal_count=163284 112617 28934 11954 83683 43524 25476 15943
is_linear=0
shrinkage=0.0750466


Tree=300
num_leaves=9
num_cat=0
split_feature=83 127 64 83 116 127 83 112
split_gain=1.21697 7.25 5.2234 2.48994 3.72754 2.99737 2.03747 5.12269
threshold=175657.12500000003 3001.5000000000005 3948.2500000000005 92470.055000000008 702.78000000000009 1747.5000000000002 53371.560000000005 164689.20000000004
decision_type=2 10 2 2 8 10 2 8
left_child=3 2 -2 6 5 -5 -1 -8
right_child=1 -3 -4 4 -6 -7 7 -9
leaf_value=-0.00036066262209355287 0.02317398690002407 0.073928888560352485 -0.057439842314071551 -0.029101496739204039 -0.050987083727877081 0.035108308852725596 -0.019830630265636032 0.033450200546214004
leaf_weight=1606.507541014862 10.918642473694495 8.3388085709493662 7.7328843961477096 8.3783999717179558 13.492324639538312 8.0078971123512002 15.239587066220336 30.507757989885249
leaf_count=131076 2298 4035 3318 1943 4872 2858 3973 8911
internal_value=-5.05581e-05 0.0157587 -0.0102483 -0.000304222 -0.0217753 0.0022775 8.40505e-05 0.015701
internal_weight=1709.12 26.9903 18.6515 1682.13 29.8786 16.3863 1652.25 45.7473
internal_count=163284 9651 5616 153633 9673 4801 143960 12884
is_linear=0
shrinkage=0.0750466


Tree=301
num_leaves=9
num_cat=0
split_feature=8 127 140 16 140 127 83 127
split_gain=1.10074 3.17096 4.71734 3.57231 5.61276 5.79836 1.49285 3.72622
threshold=-8804.7999999999975 510.50000000000006 953.55500000000018 -4047.3549999999991 10829.135000000002 3462.5000000000005 175657.12500000003 3233.5000000000005
decision_type=2 8 8 2 10 8 2 10
left_child=1 -1 -3 -4 -5 -6 -2 -8
right_child=6 2 3 4 5 -7 7 -9
leaf_value=0.032385155821265658 -0.00082439954510146372 -0.039410632673075943 -0.021574847208559591 0.04051123297439535 0.019167406178766472 -0.058713092732249277 -0.0012257932544936939 0.062370189235514469
leaf_weight=22.47359081632203 1579.3494773073844 13.824527381202643 16.692992715979926 28.745887290167957 14.861010997105042 8.4428462133737394 17.406042149273166 7.3926465551876381
leaf_count=3165 138079 1495 2047 3558 3516 2862 5230 3332
internal_value=-5.01812e-05 0.00739237 0.000589709 0.00863399 0.0183223 -0.00904823 -0.000537525 0.0177326
internal_weight=1709.19 105.041 82.5673 68.7427 52.0497 23.3039 1604.15 24.7987
internal_count=163284 16643 13478 11983 9936 6378 146641 8562
is_linear=0
shrinkage=0.0750466


Tree=302
num_leaves=9
num_cat=0
split_feature=27 0 0 27 137 0 95 131
split_gain=1.24288 6.38573 5.2707 4.76983 5.30305 4.37176 4.34694 4.15979
threshold=2.5000000000000004 49848695.500000007 70230055.500000015 13.500000000000002 46958.700000000004 26921913.500000004 1.5000000000000002 240.46500000000003
decision_type=2 2 2 2 10 2 2 8
left_child=-1 5 3 -3 -5 6 7 -2
right_child=1 2 -4 4 -6 -7 -8 -9
leaf_value=0.0013884118794686496 -0.0055338836691697334 -0.030135532522812307 0.026301326636225603 0.026204194580057405 -0.039849555643105466 0.0067355844648230127 0.02583129771260826 -0.036173323319864316
leaf_weight=1135.8664211710693 85.640081818989529 94.546553523456168 14.296758289701755 20.307676665639523 10.325959565629089 295.98812049532171 17.228538659592232 35.218654275526205
leaf_count=39151 19620 14157 2835 4992 3492 63367 2709 12961
internal_value=-4.95401e-05 -0.00289727 -0.0168668 -0.021797 0.00393885 0.00159141 -0.00943507 -0.0144623
internal_weight=1709.42 573.552 139.477 125.18 30.6336 434.075 138.087 120.859
internal_count=163284 124133 25476 22641 8484 98657 35290 32581
is_linear=0
shrinkage=0.0750466


Tree=303
num_leaves=9
num_cat=0
split_feature=7 8 11 0 8 0 33 7
split_gain=1.31219 6.89494 12.5238 9.15564 5.60766 8.16768 4.47192 7.23867
threshold=1655.0800000000002 16678.810000000001 271.98500000000007 47919824.000000007 29166.560000000001 31507133.500000004 1.0000000180025095e-35 2825.8100000000004
decision_type=2 2 2 2 2 2 2 2
left_child=4 2 -2 -4 -1 -6 -3 -8
right_child=1 6 3 -5 5 -7 7 -9
leaf_value=-0.0033129660577891655 0.0031133413690249286 -0.0069906484859438784 0.05604264990263641 -0.0023489608068444335 -0.012578004048773383 0.074081437200618161 0.048701945201530872 -0.0040792993472244
leaf_weight=793.61289196664802 338.71885701242354 416.92415906482347 48.59316472025057 21.956942415363301 11.623808625865424 12.948907946934012 22.406758157076183 42.185304580537377
leaf_count=89202 4706 38962 7151 2644 3539 2945 3745 10390
internal_value=-4.99049e-05 0.00194307 0.00910468 0.0378697 -0.00221972 0.0330883 -0.004144 0.0142303
internal_weight=1708.97 890.785 409.269 70.5501 818.186 24.5727 481.516 64.5921
internal_count=163284 67598 14501 9795 95686 6484 53097 14135
is_linear=0
shrinkage=0.0750466


Tree=304
num_leaves=9
num_cat=0
split_feature=6 153 16 81 140 6 153 107
split_gain=1.25639 3.84336 3.18016 1.69196 2.83907 1.66184 6.79417 6.74083
threshold=289.50000000000006 9905.9850000000024 -176.96999999999997 1920.7850000000001 8303.6200000000008 227.50000000000003 1413.4650000000001 12.500000000000002
decision_type=2 8 2 2 8 2 8 2
left_child=5 2 -2 -4 -5 -1 -7 -8
right_child=1 -3 3 4 -6 6 7 -9
leaf_value=0.00014718923208530073 0.022212263071820927 0.040263699435388711 -0.035686012661294238 0.027376350666369412 -0.029818330616023816 0.0080524419699769968 0.0130888369210467 -0.048396787438012429
leaf_weight=1532.7849280324835 21.530537189666575 17.487590693928723 13.194217481081976 9.8841898494138167 9.6699142284141981 56.482856057031313 14.237171307206152 34.081638557725455
leaf_count=138428 1616 1802 1735 1308 3687 4910 124 9674
internal_value=-5.20074e-05 0.00966692 -0.000190769 -0.0149197 -0.000907618 -0.000477935 -0.00962073 -0.03028
internal_weight=1709.35 71.7664 54.2789 32.7483 19.5541 1637.59 104.802 48.3188
internal_count=163284 10148 8346 6730 4995 153136 14708 9798
is_linear=0
shrinkage=0.0750466


Tree=305
num_leaves=9
num_cat=0
split_feature=149 153 153 57 97 118 57 16
split_gain=1.14636 2.24081 4.54909 4.22257 3.72076 5.05606 6.13216 3.20652
threshold=636.50000000000011 3853.3050000000007 3149.5050000000006 3.5000000000000004 1.0000000180025095e-35 6499.9550000000008 1.5000000000000002 -985.6149999999999
decision_type=10 10 10 2 2 10 2 2
left_child=-1 2 -2 -4 -3 -6 -7 -8
right_child=1 4 3 -5 5 6 7 -9
leaf_value=-0.0026345456874005873 0.0018471166015501198 0.015455447618175754 0.046716114777096134 -0.012585631959221055 -0.018313802211565401 0.085644939223569694 0.038817506212405976 -0.032868508220299297
leaf_weight=617.63672362715624 888.13002179335581 34.564610565752446 24.044511150494145 9.4085769499006329 114.3712492990453 6.0381152196278007 5.8522181006419496 8.7962796859974297
leaf_count=29492 75252 4147 5339 3047 34925 2636 2875 5571
internal_value=-5.0934e-05 0.00141142 0.00287042 0.0300377 -0.00651552 -0.0121384 0.0220037 -0.00422924
internal_weight=1708.84 1091.21 921.583 33.4531 169.622 135.058 20.6866 14.6485
internal_count=163284 133792 83638 8386 50154 46007 11082 8446
is_linear=0
shrinkage=0.0750466


Tree=306
num_leaves=9
num_cat=0
split_feature=135 151 138 138 27 134 0 138
split_gain=1.15141 1.46121 3.10934 3.11688 4.74689 1.96135 4.28999 4.47693
threshold=-136.99999999999997 1.0000000180025095e-35 1.0000000180025095e-35 8664.0150000000012 2.5000000000000004 93605.400000000009 28166114.000000004 5216.3500000000013
decision_type=10 8 10 10 2 8 2 10
left_child=1 2 -1 -4 -5 6 -3 -8
right_child=-2 5 3 4 -6 -7 7 -9
leaf_value=0.013989731673358459 -0.015873843769750602 0.023906110800869036 -0.018289254655555729 0.026599957510143511 -0.019430151303267761 -0.00043177805431837435 0.009173466397760538 -0.011795096011068705
leaf_weight=35.3643072986888 25.513421362355075 62.104608105099032 101.61872334785585 26.297290322330809 24.25667912636527 1180.842320568705 165.18885771026544 87.840398871023353
leaf_count=1253 2162 6230 6499 1682 4333 117808 6219 17098
internal_value=-5.06179e-05 0.000189181 -0.00605533 -0.0107137 0.00451391 0.000971998 0.00623211 0.00189412
internal_weight=1709.03 1683.51 187.537 152.173 50.554 1495.98 315.134 253.029
internal_count=163284 161122 13767 12514 6015 147355 29547 23317
is_linear=0
shrinkage=0.0750466


Tree=307
num_leaves=9
num_cat=0
split_feature=82 95 55 5 55 135 5 147
split_gain=1.23383 3.98059 3.67568 4.67099 2.61362 2.5829 1.72843 5.11861
threshold=6.5000000000000009 1.0000000180025095e-35 1.5000000000000002 42.500000000000007 1.0000000180025095e-35 -1263.4999999999998 43.500000000000007 -1305.0149999999996
decision_type=2 2 2 2 2 8 2 10
left_child=6 2 4 -4 5 -2 7 -1
right_child=1 -3 3 -5 -6 -7 -8 -9
leaf_value=0.0054604971522855521 -0.051714548696552523 0.027746887261819557 -0.040896279979079249 0.065588294149470899 -0.068823038195352737 0.0001574859492424679 -0.0017915503771028603 -0.014136081886233214
leaf_weight=625.00519603999055 9.1188536463905603 11.427739498967638 4.141028848323911 5.2759412666637218 9.0107887830090494 13.279250839756061 946.06185184941387 85.314610049332259
leaf_count=58492 3523 2445 3042 4173 4514 3873 79585 3637
internal_value=-4.9137e-05 -0.0114033 -0.022362 0.0187626 -0.034692 -0.020961 0.000309052 0.0031068
internal_weight=1708.64 52.2536 40.8259 9.41697 31.4089 22.3981 1656.38 710.32
internal_count=163284 21570 19125 7215 11910 7396 141714 62129
is_linear=0
shrinkage=0.0750466


Tree=308
num_leaves=9
num_cat=0
split_feature=33 48 12 33 107 107 12 134
split_gain=1.23443 5.42678 5.33075 2.99856 16.9156 2.99685 3.01246 6.00785
threshold=17595.285000000003 1.0000000180025095e-35 8.5000000000000018 1.0000000180025095e-35 22.500000000000004 103.50000000000001 5.5000000000000009 160466.40000000002
decision_type=2 2 2 2 2 2 2 8
left_child=3 5 -3 -1 -5 6 -2 -8
right_child=1 2 -4 4 -6 -7 7 -9
leaf_value=-0.00016175039342265058 -0.031585415943217988 0.11202453854323369 -0.013806002477149365 0.064347740312849969 -0.022745179122428533 -0.057325745242117983 -0.030537988350722103 0.024168758987601836
leaf_weight=1572.1337976812856 23.426568494644016 3.9575395582069168 3.6403816137244576 23.825885036028922 26.562066844871879 8.3022763695689701 19.358629275098792 27.178217966524244
leaf_count=127188 1762 805 3859 257 4600 15312 4849 4652
internal_value=-4.82384e-05 -0.00881747 0.0517355 0.000415828 0.0184366 -0.0146959 -0.00963715 0.00141157
internal_weight=1708.39 85.8636 7.59792 1622.52 50.388 78.2657 69.9634 46.5368
internal_count=163284 31239 4664 132045 4857 26575 11263 9501
is_linear=0
shrinkage=0.0750466


Tree=309
num_leaves=9
num_cat=0
split_feature=11 104 104 27 64 131 64 83
split_gain=1.18734 3.9235 9.33257 10.2644 7.87823 5.7541 4.60168 7.47367
threshold=318.30500000000006 17653.650000000005 8269.6500000000015 1.5000000000000002 8005.8200000000006 9471.9750000000022 13076.395000000002 27020.265000000003
decision_type=2 2 2 2 2 10 2 2
left_child=-1 2 5 -4 -5 6 7 -2
right_child=1 -3 3 4 -6 -7 -8 -9
leaf_value=-0.0011276701796784244 -0.0010740032636738308 -0.014776352333286714 0.14462778419858252 -0.011656272826049941 0.10687559556613647 0.05807345276147062 -0.021953383046105338 0.030649331877078936
leaf_weight=1316.8629183541261 211.42262833523273 56.158407970107874 5.3938353646954083 10.514525837455038 4.5137805275571727 10.505117581378725 40.553690686927439 52.139898645492394
leaf_count=50667 33168 33483 923 5346 2815 3007 17959 15916
internal_value=-4.92312e-05 0.00358101 0.00665798 0.0558194 0.023945 0.0034669 0.00158063 0.00520174
internal_weight=1708.06 391.202 335.043 20.4221 15.0283 314.621 304.116 263.563
internal_count=163284 112617 79134 9084 8161 70050 67043 49084
is_linear=0
shrinkage=0.0750466


Tree=310
num_leaves=9
num_cat=0
split_feature=7 140 31 81 6 23 25 123
split_gain=1.21183 4.01141 5.39321 5.05967 3.53245 4.08181 2.5655 4.62016
threshold=5005.1550000000016 17914.180000000004 694.6400000000001 1.0000000180025095e-35 135.50000000000003 1.5000000000000002 35114.595000000008 5.5000000000000009
decision_type=2 8 2 2 2 2 2 10
left_child=6 2 3 -2 -3 -6 -1 -8
right_child=1 4 -4 -5 5 -7 7 -9
leaf_value=-0.00014733042826225974 0.041813206861437691 0.0087489666837184277 0.07243714823947546 -0.018181718052467172 -0.04742420768369629 0.0084419742335625769 -0.031846630266385484 0.037485766151149437
leaf_weight=1541.8609365735974 15.146822771894223 56.376892247286378 10.530013070540006 16.586043783780042 16.942059019525008 13.031192605980321 31.410402975139732 6.5402055399663359
leaf_count=117846 1795 4668 3555 4148 3446 3184 19355 5287
internal_value=-5.15039e-05 0.0069536 0.0258983 0.0104552 -0.00231864 -0.0231358 -0.000621792 -0.0198983
internal_weight=1708.42 128.613 42.2629 31.7329 86.3501 29.9733 1579.81 37.9506
internal_count=163284 20796 9498 5943 11298 6630 142488 24642
is_linear=0
shrinkage=0.0750466


Tree=311
num_leaves=9
num_cat=0
split_feature=60 20 140 31 153 115 140 8
split_gain=1.19309 4.37001 12.4034 2.24344 11.4475 3.45686 6.37624 2.35381
threshold=1079.3350000000003 3581.3600000000001 7173.1900000000014 20610.465000000004 838.69500000000005 57176.19000000001 15822.210000000001 -1.0000000180025095e-35
decision_type=2 2 8 2 8 10 10 2
left_child=3 -2 -3 7 -5 6 -6 -1
right_child=1 2 -4 4 5 -7 -8 -9
leaf_value=0.0070829948829979218 -0.020125948608684174 0.13209066777201842 -0.027185862111920592 0.097041128590587541 -0.035166769703424645 -0.053592223826684889 0.068329941907669445 -0.0011835206502650169
leaf_weight=225.37270219822312 49.569336984020993 4.3162960114204889 7.6056401294881653 8.0360077513996675 7.2356354094827129 6.5724600038793133 6.2470013443407879 1393.3396343515114
leaf_count=26610 11407 1487 5148 931 2242 2414 2970 110075
internal_value=-5.09234e-05 -0.0103145 0.0304797 0.000332317 0.0213589 -0.00896677 0.0127871 -3.25768e-05
internal_weight=1708.29 61.4913 11.9219 1646.8 28.0911 20.0551 13.4826 1618.71
internal_count=163284 18042 6635 145242 8557 7626 5212 136685
is_linear=0
shrinkage=0.0750466


Tree=312
num_leaves=9
num_cat=0
split_feature=125 18 18 8 58 58 134 8
split_gain=1.29155 4.16361 6.91664 4.52077 1.49841 4.21914 8.73899 7.29136
threshold=-28173.074999999993 252.93500000000003 24182.040000000005 23206.245000000003 3684.2700000000004 6461.2000000000007 93605.400000000009 -2113.8199999999993
decision_type=8 2 2 2 2 2 10 2
left_child=1 -1 -3 -4 -2 6 -6 -8
right_child=4 2 3 -5 5 -7 7 -9
leaf_value=0.036180520617754917 -0.00072672665844929164 -0.05895171016395747 0.07783871931882641 -0.034978628270003885 0.059823480270807222 -0.0015936160608101629 0.056661400459525044 -0.0062832940582669633
leaf_weight=6.8725030306923172 1420.7603725283734 15.813840339980745 4.3914790391600018 3.6740412602148353 21.892237994288735 166.41712888273196 12.720360478427208 55.965062145028242
leaf_count=739 93995 3911 2786 3034 3625 42838 2419 9937
internal_value=-5.22205e-05 -0.015293 -0.0301071 0.0264477 0.00022713 0.0055004 0.0185341 0.0053739
internal_weight=1708.51 30.7519 23.8794 8.06552 1677.76 256.995 90.5777 68.6854
internal_count=163284 10470 9731 5820 152814 58819 15981 12356
is_linear=0
shrinkage=0.0750466


Tree=313
num_leaves=9
num_cat=0
split_feature=39 81 74 5 82 95 82 82
split_gain=1.21207 3.72439 3.55328 4.72689 1.65839 4.27143 2.871 3.76697
threshold=351900.43000000005 8797.7650000000012 1790.595 51.500000000000007 6.5000000000000009 1.0000000180025095e-35 8.5000000000000018 10.500000000000002
decision_type=2 2 2 2 2 2 2 2
left_child=4 -2 3 -3 -1 6 -6 -8
right_child=1 2 -4 -5 5 -7 7 -9
leaf_value=0.00060864640551891013 -0.04125689909280339 -0.075666519407710769 0.072641598067905308 0.04446274847625091 -0.051284889310641311 0.02695340840028479 0.028663568201878979 -0.032564701290662357
leaf_weight=1632.5383739727004 14.586377704584267 3.651119069887498 4.0313391475401659 3.7287338252381232 14.704370580656358 11.478923739861782 9.1603421839536185 14.806198210210821
leaf_count=133095 3665 2803 1848 1870 7088 2271 4006 6638
internal_value=-5.2726e-05 -0.0161332 0.0159813 -0.0149702 0.000195717 -0.0132464 -0.0251792 -0.00916241
internal_weight=1708.69 25.9976 11.4112 7.37985 1682.69 50.1498 38.6709 23.9665
internal_count=163284 10186 6521 4673 153098 20003 17732 10644
is_linear=0
shrinkage=0.0750466


Tree=314
num_leaves=9
num_cat=0
split_feature=115 138 8 135 9 128 128 138
split_gain=1.20258 1.33067 1.42861 3.23122 7.01705 5.9297 5.20383 3.94423
threshold=-164.97999999999999 -1.0000000180025095e-35 -1.0000000180025095e-35 -805.49999999999989 1061.5900000000001 603.7750000000002 5692.1350000000011 6957.295000000001
decision_type=8 8 2 10 2 10 8 8
left_child=-1 -2 3 5 -5 7 -7 -3
right_child=1 2 -4 4 -6 6 -8 -9
leaf_value=-0.015938291102170286 -0.011155135816805422 0.035788370810035101 -0.00033451041561231826 -0.046626064465121894 0.019751354543057403 -0.059716179093417199 0.0085246333178026126 0.0085910705000931935
leaf_weight=26.42095697278819 56.202736071281834 38.219535410164099 1386.257726306173 18.709560384122597 17.229960494429179 12.185455187687692 13.016139320868207 140.17233948686589
leaf_count=2461 2001 2030 126364 3198 3225 3045 3954 17006
internal_value=-5.17881e-05 0.000197759 0.000590223 0.00594196 -0.0148037 0.00960411 -0.0244711 0.014418
internal_weight=1708.41 1681.99 1625.79 239.533 35.9395 203.593 25.2016 178.392
internal_count=163284 160823 158822 32458 6423 26035 6999 19036
is_linear=0
shrinkage=0.0750466


Tree=315
num_leaves=9
num_cat=0
split_feature=10 125 83 83 142 142 131 0
split_gain=1.16149 4.98382 3.7257 3.41472 11.3186 4.2211 2.95965 1.84721
threshold=-3005.3049999999998 -1.0000000180025095e-35 37776.215000000004 2582.5950000000007 238705.50000000003 238705.50000000003 1.0000000180025095e-35 70230055.500000015
decision_type=2 10 2 2 10 10 8 2
left_child=1 2 3 5 -5 -1 -6 -2
right_child=7 -3 -4 4 6 -7 -8 -9
leaf_value=0.0051238621493523472 0.00097105349629896074 0.046913299735448354 -0.049621721939688605 -0.054023047814238896 0.034700815619327016 -0.041979185751069584 0.11960632348745483 -0.010519537830158457
leaf_weight=22.177185554835887 1544.6373960645151 8.1228350952023884 14.152122258845337 6.3199098011809829 4.7229516313082032 20.73126369894544 4.5299727214678578 83.029558224969151
leaf_count=2859 131747 1593 10120 2585 2157 4650 2628 4945
internal_value=-5.09573e-05 -0.00883584 -0.0150705 -0.00670926 0.0233922 -0.017634 0.0762682 0.000384902
internal_weight=1708.42 80.7562 72.6334 58.4813 15.5728 42.9084 9.25292 1627.67
internal_count=163284 26592 24999 14879 7370 7509 4785 136692
is_linear=0
shrinkage=0.0750466


Tree=316
num_leaves=9
num_cat=0
split_feature=7 12 8 113 8 7 18 152
split_gain=1.22736 6.55414 7.31387 12.7945 4.9578 6.45273 7.32614 6.72781
threshold=2050.3150000000005 4.5000000000000009 18628.875000000004 -1171.4999999999998 23206.245000000003 724.37500000000011 252.93500000000003 10.500000000000002
decision_type=2 2 2 8 2 2 2 8
left_child=4 -2 3 -3 -1 7 -7 -6
right_child=1 2 -4 -5 5 6 -8 -9
leaf_value=-0.0028030632200423573 0.026449745040096759 -0.012233032330362109 -0.0068796124401906376 0.024516286312596502 0.014321818953568126 0.043623960877040138 -0.023773019788588257 0.099297988512483379
leaf_weight=1025.2548758696803 58.791202730557416 86.054378348792852 337.62339563520527 140.42280430474329 11.619071339831864 14.441364111688015 24.483730072234721 9.5687844711501366
leaf_count=93417 464 4462 45707 6565 5038 427 6758 446
internal_value=-5.09968e-05 0.00260436 0.000119166 0.0105527 -0.0015749 0.0193719 0.00123153 0.0526985
internal_weight=1708.26 622.892 564.101 226.477 1085.37 60.1129 38.9251 21.1879
internal_count=163284 57198 56734 11027 106086 12669 7185 5484
is_linear=0
shrinkage=0.0750466


Tree=317
num_leaves=9
num_cat=0
split_feature=57 113 118 24 97 142 149 113
split_gain=1.20022 6.414 4.54729 4.4429 1.57545 1.51508 3.41595 3.10205
threshold=6.5000000000000009 -1597.9999999999998 927.0150000000001 4.5000000000000009 41.500000000000007 1245067.9450000001 2810.5000000000005 -501.99999999999994
decision_type=2 10 8 2 2 10 10 8
left_child=5 -2 -3 4 -4 -1 -7 -8
right_child=1 2 3 -5 -6 6 7 -9
leaf_value=-3.2660529881647304e-05 0.069898387084207272 -0.05566516944089759 0.011412195719590545 -0.038162574777123794 0.050404096930845903 -0.045425469153849762 0.024561231131225634 -0.026545009900790336
leaf_weight=1617.6656300332306 8.7144363710995076 7.0913966035777793 15.241642922528628 7.9492413030261551 9.4571565323267333 13.573386581871089 14.362330543140159 12.52001517644567
leaf_count=139734 2377 2660 2725 5813 3231 1345 2785 2614
internal_value=-5.11908e-05 0.0115912 -0.00119497 0.0106364 0.0263422 -0.000391406 -0.0147362 0.000759331
internal_weight=1706.58 48.4539 39.7394 32.648 24.6988 1658.12 40.4557 26.8823
internal_count=163284 16806 14429 11769 5956 146478 6744 5399
is_linear=0
shrinkage=0.0750466


Tree=318
num_leaves=9
num_cat=0
split_feature=27 127 64 64 27 5 127 30
split_gain=1.06533 4.88864 3.93977 5.03614 2.70013 3.67928 4.44524 1.73307
threshold=29.500000000000004 1408.5000000000002 3314.0650000000005 11572.960000000001 23.500000000000004 41.500000000000007 3462.5000000000005 4.5000000000000009
decision_type=2 10 2 2 2 2 8 2
left_child=4 -2 -3 -4 7 -6 -7 -1
right_child=1 2 3 -5 5 6 -8 -9
leaf_value=0.00029978714407152325 0.024582565971942021 -0.056240295692948306 0.077984125507980867 -0.042547420385200221 -0.013715894725917523 0.075722804326629214 -0.0016054584087099794 -0.013006622396424214
leaf_weight=1587.0675441162102 12.637008983975646 14.970243368883986 3.4144823624337723 4.5592809586041767 9.5050875574379479 10.324123830636383 7.0429360208527205 57.10955589445075
leaf_count=120753 3864 5953 2082 4653 3422 2613 2967 16977
internal_value=-5.03433e-05 -0.0128999 -0.0335443 0.00906595 0.000223257 0.02382 0.0443636 -0.000162403
internal_weight=1706.63 35.581 22.944 7.97376 1671.05 26.8721 17.3671 1644.18
internal_count=163284 16552 12688 6735 146732 9002 5580 137730
is_linear=0
shrinkage=0.0750466


Tree=319
num_leaves=9
num_cat=0
split_feature=135 135 97 83 83 5 73 83
split_gain=1.22857 6.27958 10.7906 3.81066 9.48342 10.094 7.59374 7.19328
threshold=-927.99999999999989 -989.49999999999989 17.500000000000004 5324.8300000000008 1407.6450000000002 39.500000000000007 8.5000000000000018 14077.235000000002
decision_type=8 10 2 2 2 2 2 2
left_child=1 3 -3 4 6 -6 -1 -5
right_child=-2 2 -4 7 5 -7 -8 -9
leaf_value=0.0032147580530270444 -0.0024404018778907159 0.065471676037726259 -0.013074568560008937 -0.033324132756704511 0.077825994033222781 0.0013454909407003511 -0.024511667936250842 -0.00043073066018830403
leaf_weight=662.99696987891548 708.26736936615316 22.314394534550047 17.635305806658835 50.450818663684913 19.110888857889222 19.776606315324898 60.728380778139581 145.22347203002391
leaf_count=32870 53927 1810 3870 10952 2974 3630 11687 41564
internal_value=-4.98669e-05 0.00164626 0.0307984 0.000430948 0.00282811 0.0389311 0.000888211 -0.00891166
internal_weight=1706.5 998.237 39.9497 958.287 762.613 38.8875 723.725 195.674
internal_count=163284 109357 5680 103677 51161 6604 44557 52516
is_linear=0
shrinkage=0.0750466


Tree=320
num_leaves=9
num_cat=0
split_feature=33 8 8 23 0 8 150 8
split_gain=1.10857 2.617 2.06698 1.18085 3.83129 2.22224 5.44976 4.97421
threshold=175039.38000000003 43644.710000000006 16678.810000000001 2.5000000000000004 49848695.500000007 16678.810000000001 1.0000000180025095e-35 29166.560000000001
decision_type=2 2 2 2 2 2 10 2
left_child=3 2 -2 -1 5 6 -5 -7
right_child=1 -3 -4 4 -6 7 -8 -9
leaf_value=0.00073547514630362392 -0.0094952132641443285 0.014446928018759195 -0.065896195122567169 -0.035758543446413764 -0.033146958557487449 0.03971795075011246 0.011116992248209329 -0.012502843285760481
leaf_weight=1559.5384747810185 7.8227012882571234 9.6327081705530855 6.8763332191265363 25.285617824913061 24.969008770163782 20.132366705462118 31.209055246390562 20.977169404108281
leaf_count=139676 3623 2883 3102 935 2061 2040 4481 4483
internal_value=-5.20194e-05 -0.0159561 -0.0358801 0.000178033 -0.00691448 -0.00020372 -0.00986334 0.013071
internal_weight=1706.44 24.3317 14.699 1682.11 122.573 97.6042 56.4947 41.1095
internal_count=163284 9608 6725 153676 14000 11939 5416 6523
is_linear=0
shrinkage=0.0750466


Tree=321
num_leaves=9
num_cat=0
split_feature=99 116 33 33 64 18 145 138
split_gain=1.06707 6.00736 2.94818 3.62613 3.48327 4.16392 8.32591 3.10345
threshold=1.0000000180025095e-35 -1.0000000180025095e-35 17595.285000000003 1.0000000180025095e-35 1.0000000180025095e-35 3102.7650000000003 19.500000000000004 15804.530000000002
decision_type=2 10 2 2 2 2 8 8
left_child=2 -2 3 -1 5 -4 -7 -5
right_child=1 -3 4 7 -6 6 -8 -9
leaf_value=-0.00043240682383793768 0.030833875411697999 -0.0086618465246097818 -0.019720219374264519 0.040582495931261661 -0.058893459962073839 -0.014463004014840826 0.098088677350106873 0.0024310148830945606
leaf_weight=1493.1088066973416 37.433351772539027 51.568672097992021 50.65581190235207 22.798255910995067 8.9477588786212419 10.927670562892674 5.5977599627585723 25.372721527493923
leaf_count=122971 766 4708 6859 1364 13127 8630 1506 3353
internal_value=-5.04461e-05 0.00794965 -0.000490672 0.000221414 -0.0149073 -0.00904886 0.0236623 0.0204873
internal_weight=1706.41 89.002 1617.41 1541.28 76.129 67.1812 16.5254 48.171
internal_count=163284 5474 157810 127688 30122 16995 10136 4717
is_linear=0
shrinkage=0.0750466


Tree=322
num_leaves=9
num_cat=0
split_feature=102 9 96 128 73 135 28 138
split_gain=1.10878 2.37642 1.57654 3.53305 4.38726 3.69524 3.53702 4.3798
threshold=1.0000000180025095e-35 1206.4850000000004 1.0000000180025095e-35 1577.3950000000002 7.5000000000000009 -1048.9999999999998 10333.675000000001 39783.845000000008
decision_type=2 2 2 8 2 10 2 10
left_child=2 -2 3 -1 5 -5 -6 -8
right_child=1 -3 -4 4 6 -7 7 -9
leaf_value=-0.020074738088100091 0.0063345742184011643 -0.023971344481123116 0.002486712320348776 -0.00034988682047736475 0.026943981554009944 -0.016136971766583331 -0.027262966910784035 0.037797166055735971
leaf_weight=57.419813305324169 26.742731703803656 32.020729763664349 877.14378567621452 533.1190984443474 53.511575034437556 99.010741750258603 18.224908355432493 8.5668831527073035
leaf_count=7266 2070 2903 115952 17777 4196 4002 5590 3528
internal_value=-4.99313e-05 -0.0101794 0.000311479 -0.00216691 -0.000723592 -0.00282262 0.0157995 -0.00645948
internal_weight=1705.76 58.7635 1647 769.853 712.433 632.13 80.3034 26.7918
internal_count=163284 4973 158311 42359 35093 21779 13314 9118
is_linear=0
shrinkage=0.0750466


Tree=323
num_leaves=9
num_cat=0
split_feature=50 142 107 107 142 99 141 142
split_gain=1.14857 2.12112 1.80151 5.11652 1.65489 1.46325 4.81053 2.43765
threshold=1.0000000180025095e-35 52785.000000000007 45.500000000000007 66.500000000000014 769464.67500000016 1.0000000180025095e-35 8.7050000000000018 154836.00000000003
decision_type=2 10 2 2 10 2 8 10
left_child=5 -2 -3 -4 -5 7 -7 -1
right_child=1 2 3 4 -6 6 -8 -9
leaf_value=-0.0028519834683088776 0.02374112856696672 -0.043084854078805537 0.10197182936745755 -0.075234550286503124 0.0084523284076860033 -0.0086815446673232672 0.026892595071587182 0.0030815268250138301
leaf_weight=912.2517076393242 6.0471490958007079 13.482753704513017 2.1059339983439704 2.8483600700901661 2.4978709031970538 41.323804531442875 44.422092026501559 681.08934018526861
leaf_count=61500 225 1440 959 4126 4285 3566 1153 86030
internal_value=-4.85523e-05 -0.0154092 -0.026718 0.00289361 -0.0361343 0.000198286 0.00974823 -0.000315646
internal_weight=1706.07 26.9821 20.9349 7.45216 5.34623 1679.09 85.7459 1593.34
internal_count=163284 11035 10810 9370 8411 152249 4719 147530
is_linear=0
shrinkage=0.0750466


Tree=324
num_leaves=9
num_cat=0
split_feature=39 107 38 82 137 120 104 137
split_gain=1.06531 3.68431 4.13692 1.32285 4.09017 3.77849 2.75278 2.39499
threshold=351900.43000000005 116.50000000000001 1.5000000000000002 6.5000000000000009 13570.625000000002 253368.00000000003 2404.6500000000005 23022.290000000005
decision_type=2 2 2 2 8 10 2 10
left_child=3 -2 -3 -1 -5 7 -7 -6
right_child=1 2 -4 4 5 6 -8 -9
leaf_value=0.00055016282279760401 -0.03104394857781775 0.098205752195734977 -0.025975975687441085 -0.039183788824427107 0.045233173690753276 -0.063661602717505664 0.015875578314657995 -0.008169027578122736
leaf_weight=1631.069374098643 19.579354922642782 3.0155396110349093 3.0279073634437736 19.026257645002261 12.094640762672503 6.1230917652301269 4.0861687031583642 7.7674438308285962
leaf_count=133095 4831 2582 2773 4983 2377 4391 3819 4433
internal_value=-4.67855e-05 -0.0152337 0.0359878 0.000184817 -0.0119523 0.00527715 -0.0318275 0.0243492
internal_weight=1705.79 25.6228 6.04345 1680.17 49.0976 30.0713 10.2093 19.8621
internal_count=163284 10186 5355 153098 20003 15020 8210 6810
is_linear=0
shrinkage=0.0750466


Tree=325
num_leaves=9
num_cat=0
split_feature=97 6 113 24 97 24 97 113
split_gain=1.07318 13.2039 9.78261 4.43167 4.11804 3.72605 3.19369 5.53986
threshold=147.50000000000003 171.50000000000003 -805.49999999999989 2.5000000000000004 116.50000000000001 1.5000000000000002 94.500000000000014 -713.99999999999989
decision_type=2 2 10 2 2 2 2 8
left_child=4 3 -3 -2 6 -6 -1 -8
right_child=1 2 -4 -5 5 -7 7 -9
leaf_value=-0.00035460416727604329 0.0051096453018508901 0.14367796667290561 0.021833685596398644 -0.05655974259490696 -0.002443445202859783 -0.059797098469320992 0.056659003654695381 -0.0054789443438375404
leaf_weight=1604.2724529067391 15.829632083476101 5.7656619197018726 10.414584656183704 11.210612407901861 13.157966166234475 12.383576267925489 15.103616985770712 17.378268079223744
leaf_count=133221 2641 1897 4435 5622 2000 5474 3682 4312
internal_value=-4.59634e-05 0.0116288 0.0652516 -0.0204579 -0.000349512 -0.0302508 0.000117097 0.0234143
internal_weight=1705.52 43.2205 16.1802 27.0402 1662.3 25.5415 1636.75 32.4819
internal_count=163284 14595 6332 8263 148689 7474 141215 7994
is_linear=0
shrinkage=0.0750466


Tree=326
num_leaves=9
num_cat=0
split_feature=151 4 80 9 25 25 16 25
split_gain=1.0306 10.5906 3.86199 5.61385 5.7456 4.14425 3.86408 3.38612
threshold=4.5000000000000009 1.0000000180025095e-35 7.5000000000000009 938.67500000000007 11646.035000000002 29094.785000000003 1.0000000180025095e-35 75603.650000000009
decision_type=10 2 2 2 2 2 2 2
left_child=-1 2 5 -4 -5 6 -2 -7
right_child=1 -3 3 4 -6 7 -8 -9
leaf_value=-0.00087196042219760486 -0.0012911122891175182 0.080774807984257457 -0.02625643313228429 0.10491490494362106 0.0043063114030832544 -0.053212770211080451 0.03542125965302434 0.040495772283531822
leaf_weight=1421.8145594726002 221.54892058778159 9.7907681718315853 5.977099977028959 7.4216020555377309 5.6159936297208333 13.422865874120363 17.415938777283372 2.5909212513861339
leaf_count=86454 47234 1855 2222 2383 3229 13027 3562 3318
internal_value=-4.78023e-05 0.00408139 0.00134086 0.0339676 0.0615774 -0.00109223 0.00138451 -0.0380514
internal_weight=1705.6 283.784 273.993 19.0147 13.0376 254.979 238.965 16.0138
internal_count=163284 76830 74975 7834 5612 67141 50796 16345
is_linear=0
shrinkage=0.0750466


Tree=327
num_leaves=9
num_cat=0
split_feature=147 135 0 33 27 82 74 129
split_gain=1.14066 4.49963 5.74989 3.77913 5.00447 2.45379 4.44986 6.67024
threshold=-31205.244999999999 -624.49999999999989 34241628.000000007 4895.2500000000009 2.5000000000000004 4.5000000000000009 1660.8950000000002 6.5000000000000009
decision_type=8 10 2 2 2 2 2 8
left_child=1 3 -3 4 -1 -6 -7 -8
right_child=-2 2 -4 -5 5 6 7 -9
leaf_value=0.041307331347801228 0.00060109283969708813 -0.0030499771733291815 0.069930574872470411 -0.060455977480507669 -0.016853210267904713 0.048960321349881659 0.041351680220199728 -0.076105212847161416
leaf_weight=10.653614176961126 1533.8570207732992 17.40852108138461 9.3432247763284959 8.2270130647475508 105.86156875131928 9.5471724508042843 5.1166541190905237 5.8206235662510162
leaf_count=467 109150 7641 2893 9784 23115 5372 2196 2666
internal_value=-4.87151e-05 -0.00584428 0.022439 -0.0110543 -0.00808761 -0.0122526 0.0115226 -0.0211568
internal_weight=1705.84 171.978 26.7517 145.227 137 126.346 20.4845 10.9373
internal_count=163284 54134 10534 43600 33816 33349 10234 4862
is_linear=0
shrinkage=0.0750466


Tree=328
num_leaves=9
num_cat=0
split_feature=11 18 125 129 150 115 10 125
split_gain=1.21988 4.15961 2.99541 4.49404 10.0005 4.46596 8.54705 3.95048
threshold=318.30500000000006 952.04500000000019 -4536.1249999999991 2.5000000000000004 953.55500000000018 2296.6450000000004 -109.73499999999999 -714.92999999999995
decision_type=2 2 10 8 8 10 2 10
left_child=-1 -2 3 4 -3 6 -4 -7
right_child=1 2 5 -5 -6 7 -8 -9
leaf_value=-0.0011425228909517737 0.019670374180553535 0.070266224097271623 -0.033470819221750214 0.00015309538911589029 -0.050931136590546225 0.068543663813939698 0.062256130281561461 0.0052630220065344119
leaf_weight=1315.0268891612204 73.867507355069392 4.5701409407138271 17.452821450332525 240.5428505384989 23.817377928910449 12.929195747828999 7.5148909369818275 9.742949534640502
leaf_count=50667 5976 1563 7005 74665 12591 5805 1887 3125
internal_value=-4.88786e-05 0.00363461 -0.000107129 -0.00317961 -0.0314194 0.0172372 -0.0046585 0.0413499
internal_weight=1705.46 390.438 316.57 268.93 28.3875 47.6399 24.9677 22.6721
internal_count=163284 112617 106641 88819 14154 17822 8892 8930
is_linear=0
shrinkage=0.0750466


Tree=329
num_leaves=9
num_cat=0
split_feature=112 104 6 18 112 20 113 6
split_gain=1.16327 2.96036 7.65638 4.13029 2.51306 5.74964 4.19936 5.69869
threshold=720815.33500000008 4164.1500000000005 105.50000000000001 27674.390000000003 228031.20000000004 1.6450000000000002 -1355.4999999999998 76.500000000000014
decision_type=10 2 2 2 10 2 10 2
left_child=4 -2 -3 -4 -1 -6 -7 -8
right_child=1 2 3 -5 5 6 7 -9
leaf_value=0.00083329320781810586 0.003024546020251056 0.13570281017037905 0.062548605457586073 -0.043345994947781942 -0.015760806492474414 -0.025750363523659777 0.047017643164902749 0.0027031851649657124
leaf_weight=1327.5838322820082 85.16410799976984 3.5288391134781696 3.7490974779411754 4.6439361793145508 168.33563237358248 19.27172386926668 21.121119956434995 72.252501944974938
leaf_count=104790 11990 1448 1233 4946 14188 4497 2781 17411
internal_value=-4.98663e-05 0.00792762 0.0429528 0.00395623 -0.000531353 -0.00697906 0.00614427 0.0127271
internal_weight=1705.65 97.086 11.9219 8.39303 1608.56 280.981 112.645 93.3736
internal_count=163284 19617 7627 6179 143667 38877 24689 20192
is_linear=0
shrinkage=0.0750466


Tree=330
num_leaves=9
num_cat=0
split_feature=116 116 116 60 16 83 123 16
split_gain=1.08053 5.14918 2.06713 8.31545 11.1224 1.79938 7.91274 7.46162
threshold=45741.250000000007 77957.780000000013 19720.290000000005 1.0000000180025095e-35 -2274.0149999999999 5324.8300000000008 19.500000000000004 -3350.2649999999999
decision_type=10 10 10 2 2 2 10 2
left_child=2 -2 5 4 -4 -1 7 -7
right_child=1 -3 3 -5 -6 6 -8 -9
leaf_value=0.0009913964483199587 -0.046306844551534644 0.013055839027239086 -0.014577429045467735 -0.025660559872109644 0.094615477166323445 -0.038448680020336544 -0.06589469795795988 0.0012054654967055657
leaf_weight=1341.5444564252448 14.861557279380575 18.441116612652877 9.2053446525023883 14.616603961493636 12.238873043836067 29.880026190056014 11.725711461866011 253.10112049523104
leaf_count=71614 4410 4410 1927 5417 3685 7961 2961 60899
internal_value=-4.98964e-05 -0.0134352 0.00021666 0.0179898 0.0477423 -0.000175036 -0.00548479 -0.00298162
internal_weight=1705.61 33.3027 1672.31 36.0608 21.4442 1636.25 294.707 282.981
internal_count=163284 8820 154464 11029 5612 143435 71821 68860
is_linear=0
shrinkage=0.0750466


Tree=331
num_leaves=9
num_cat=0
split_feature=11 120 142 83 8 12 125 120
split_gain=1.13179 5.14522 1.38294 4.79897 5.08761 9.02675 6.99104 5.26231
threshold=-1.0000000180025095e-35 211140.00000000003 238705.50000000003 5324.8300000000008 9683.5850000000009 7.5000000000000009 -6763.4499999999989 182988.00000000003
decision_type=2 10 8 2 2 2 10 10
left_child=1 -1 3 4 6 -6 -2 -7
right_child=2 -3 -4 -5 5 7 -8 -9
leaf_value=-0.036693941153820277 0.013843565627333394 0.013081246511359345 -0.0020332212237485518 -0.0089976579795084527 -0.0089050963844356235 0.0085333788925984339 -0.01855723304065705 0.055644646669719404
leaf_weight=23.164636968905143 364.81389908427536 23.624136107270715 777.58539469668403 170.50140826688676 241.42272805903303 43.236951356819191 41.802817572321146 19.320143327729966
leaf_count=2382 18429 3283 71072 40467 13069 7579 4128 2875
internal_value=-5.12336e-05 -0.0115619 0.000273465 0.00230916 0.00502213 -0.0023221 0.0105126 0.0230832
internal_weight=1705.47 46.7888 1658.68 881.098 710.597 303.98 406.617 62.5571
internal_count=163284 5665 157619 86547 46080 23523 22557 10454
is_linear=0
shrinkage=0.0750466


Tree=332
num_leaves=9
num_cat=0
split_feature=7 25 10 7 25 120 51 134
split_gain=1.2639 3.54132 5.55575 2.06681 1.8874 3.42219 5.33137 3.37281
threshold=5005.1550000000016 18140.635000000006 -1.0000000180025095e-35 6214.4350000000004 35114.595000000008 211140.00000000003 1.0000000180025095e-35 66861.000000000015
decision_type=2 2 2 2 2 10 2 8
left_child=4 3 -3 -2 -1 7 -7 -6
right_child=1 2 -4 -5 5 6 -8 -9
leaf_value=-0.00023399974473521106 0.018808544826432287 -0.0096772623321450847 0.081175339049644649 -0.0038355926714269983 0.020823647276154628 0.048161724567589027 -0.056621732125029814 -0.048606085754928939
leaf_weight=1541.1984681614185 31.539803610623494 6.8064564540263737 8.5559176989963799 81.008572871218348 4.9762490298517177 8.4616059253967233 4.0406454039957671 18.934513404818972
leaf_count=117846 3041 5434 3731 8590 2352 2711 8575 11004
internal_value=-5.12736e-05 0.00712343 0.0409222 0.00251005 -0.00063299 -0.0175204 0.0142964 -0.0341565
internal_weight=1705.52 127.911 15.3624 112.548 1577.61 36.413 12.5023 23.9108
internal_count=163284 20796 9165 11631 142488 24642 11286 13356
is_linear=0
shrinkage=0.0750466


Tree=333
num_leaves=9
num_cat=0
split_feature=7 145 127 127 120 141 116 85
split_gain=1.12636 3.56707 2.64886 8.0114 3.5695 5.08471 2.31627 2.8332
threshold=2050.3150000000005 19.500000000000004 1221.5000000000002 610.50000000000011 77418.000000000015 1.0000000180025095e-35 26569.950000000004 4750.6500000000005
decision_type=2 10 10 10 10 8 10 2
left_child=-1 2 3 4 -2 -6 7 -4
right_child=1 -3 6 -5 5 -7 -8 -9
leaf_value=-0.0015116956835516337 0.0052678310210346807 0.025265100017917704 -0.0060641049139463941 0.030527111513240425 0.0086524508686385664 -0.030183036800806275 -0.029736454605113507 0.01881070565098748
leaf_weight=1083.5432276705205 206.01727055262745 36.475299923782586 193.75704743906499 58.847991942765475 33.114927963622904 44.507559065637906 19.478606213324383 29.747267730876956
leaf_count=106086 7040 4249 17431 4436 3341 2027 5309 13365
internal_value=-5.05314e-05 0.00249508 0.00107649 0.00532829 0.000100184 -0.0136152 -0.00491648 -0.0027534
internal_weight=1705.49 621.946 585.471 342.488 283.64 77.6225 242.983 223.504
internal_count=163284 57198 52949 16844 12408 5368 36105 30796
is_linear=0
shrinkage=0.0750466


Tree=334
num_leaves=9
num_cat=0
split_feature=46 138 73 150 150 150 151 72
split_gain=1.07062 4.65588 4.59896 5.50094 4.24441 4.21343 4.19922 1.75682
threshold=1.0000000180025095e-35 3423.4750000000004 9.5000000000000018 29747.050000000003 7173.1900000000014 25962.100000000002 7.5000000000000009 387.90500000000003
decision_type=2 8 2 8 10 8 10 2
left_child=7 -2 5 4 -4 -3 -6 -1
right_child=1 2 3 -5 6 -7 -8 -9
leaf_value=0.003672593890179317 0.014517215619243344 -0.061544429588881504 -0.0076442989177896697 -0.062949702052515197 0.12394824492772412 -0.0099631960563992816 0.01442668128327421 -0.0014743076289987932
leaf_weight=587.22882792575365 33.18672944489299 19.066674923647952 9.6968626772713851 5.0901256221495741 3.7549564380497022 16.757938834260131 4.151568591862997 1026.2433388027948
leaf_count=99588 1999 3508 3803 3135 2105 1457 2660 45029
internal_value=-4.93853e-05 -0.00793704 -0.0206713 0.00576226 0.0256307 -0.0374159 0.0664405 0.000398925
internal_weight=1705.18 91.7049 58.5181 22.6935 17.6034 35.8246 7.90653 1613.47
internal_count=163284 18667 16668 11703 8568 4965 4765 144617
is_linear=0
shrinkage=0.0750466


Tree=335
num_leaves=9
num_cat=0
split_feature=20 112 135 58 107 135 58 72
split_gain=1.07987 4.78627 3.34654 4.53157 2.25578 1.70575 2.95435 5.3183
threshold=109749.33500000001 82344.60000000002 -683.49999999999989 941.47000000000014 130.50000000000003 -532.49999999999989 3684.2700000000004 387.90500000000003
decision_type=2 10 10 2 2 10 2 2
left_child=5 -2 3 -3 -5 6 -1 -8
right_child=1 2 -4 4 -6 -7 7 -9
leaf_value=-0.00040191658040369981 -0.047903440000924676 0.020177367378964844 0.04810922306556828 -0.066861057729910772 0.004554908597472037 -0.0080230296516666261 0.022562114748958792 -0.00085050181506664247
leaf_weight=1304.8636927810167 14.066945012658833 13.802392164457158 7.5906972679777054 7.7067847000034799 3.6806098837491845 128.88369362077719 93.735427014199558 131.02251084534237
leaf_count=81613 3238 3786 3708 3165 4263 15725 31316 16470
internal_value=-4.91071e-05 -0.0112855 0.00442823 -0.00873461 -0.0437781 0.000268284 0.000966898 0.00891374
internal_weight=1705.35 46.8474 32.7805 25.1898 11.3874 1658.51 1529.62 224.758
internal_count=163284 18160 14922 11214 7428 145124 129399 47786
is_linear=0
shrinkage=0.0750466


Tree=336
num_leaves=9
num_cat=0
split_feature=27 0 0 27 138 0 55 0
split_gain=1.04111 5.40813 4.80327 4.18295 4.70253 3.69148 7.36426 11.9302
threshold=2.5000000000000004 49848695.500000007 70230055.500000015 13.500000000000002 54590.010000000002 35799005.000000007 1.0000000180025095e-35 44238857.000000007
decision_type=2 2 2 2 10 2 2 2
left_child=-1 5 3 -3 -5 -2 7 -7
right_child=1 2 -4 4 -6 6 -8 -9
leaf_value=0.0012670943498417607 -0.0039916418322947537 -0.028539232093369418 0.025300027352996572 0.023829543485087208 -0.038767679730683895 0.038167205275652143 -0.016684390290369208 -0.0097974667625896263
leaf_weight=1134.5292086889467 268.78036139689357 91.623002809861646 14.416037125068213 20.750093790250506 10.024233200512752 75.282461779885125 42.477232800812999 47.71767541556801
leaf_count=39151 65218 14157 2835 4987 3497 9891 17432 6116
internal_value=-4.83655e-05 -0.00266175 -0.015673 -0.0204988 0.00343952 0.00143746 0.0102558 0.0195594
internal_weight=1705.6 571.071 136.813 122.397 30.7743 434.258 165.477 123
internal_count=163284 124133 25476 22641 8484 98657 33439 16007
is_linear=0
shrinkage=0.0750466


Tree=337
num_leaves=9
num_cat=0
split_feature=39 147 125 138 74 74 137 113
split_gain=1.0687 4.65348 3.14383 1.22857 6.75673 4.59597 2.29671 7.00835
threshold=82168.650000000009 -6139.0949999999984 -18219.769999999993 97358.630000000019 2126.0350000000003 659.20500000000015 42061.195000000014 -75.499999999999986
decision_type=2 10 10 10 2 2 10 8
left_child=3 2 -2 6 5 -5 -1 -8
right_child=1 -3 -4 4 -6 -7 7 -9
leaf_value=-2.4048619742846117e-05 -0.036634904135948138 0.027130927613356618 0.023090710857545379 -0.023103075252049011 -0.040397497784450086 0.05104663633119718 0.0043365633358314016 0.071768107279610027
leaf_weight=1543.086645110583 27.660093833835159 12.868605384261171 6.0491555236440062 8.0840332250354567 22.498061908712316 11.27241554565853 63.589044835664936 10.05297203991722
leaf_count=110569 10166 2512 4076 1326 8079 4339 20795 1422
internal_value=-4.96078e-05 -0.0112609 -0.0259171 0.000265238 -0.0124291 0.0200787 0.000593873 0.0135417
internal_weight=1705.16 46.5779 33.7092 1658.58 41.8545 19.3564 1616.73 73.642
internal_count=163284 16754 14242 146530 13744 5665 132786 22217
is_linear=0
shrinkage=0.0750466


Tree=338
num_leaves=9
num_cat=0
split_feature=7 72 74 147 80 95 147 10
split_gain=1.24135 4.69366 4.45449 4.2915 3.7001 6.64916 6.43461 8.33031
threshold=278.72500000000008 387.90500000000003 1213.8100000000002 -10789.794999999998 1.0000000180025095e-35 1.5000000000000002 -9242.2649999999976 -910.38999999999987
decision_type=2 2 2 8 2 2 10 2
left_child=1 4 -3 -4 -1 6 7 -6
right_child=-2 2 3 -5 5 -7 -8 -9
leaf_value=-0.0063835455765595458 0.0011735019403793093 -0.04613713277851092 -0.021556085205639418 0.019762263735787645 -0.012189926350410621 0.044479856209935206 -0.021710632460113719 0.032728161652258524
leaf_weight=202.78836538431369 1249.460808503432 24.384964376195057 45.079091823514318 20.639423401862587 40.9954491700787 24.923906501563579 43.023123012893848 53.728398108210968
leaf_count=11232 109200 1379 6298 856 21337 2707 5102 5173
internal_value=-4.92138e-05 -0.00340273 -0.018744 -0.00857973 0.000379643 0.00881075 0.00235679 0.0132881
internal_weight=1705.02 455.563 90.1035 65.7185 365.459 162.671 137.747 94.7238
internal_count=163284 54084 8533 7154 45551 34319 31612 26510
is_linear=0
shrinkage=0.0750466


Tree=339
num_leaves=9
num_cat=0
split_feature=115 58 135 22 22 80 5 16
split_gain=1.00923 1.30481 5.26342 5.58019 4.44738 6.70094 6.50274 6.24091
threshold=-164.97999999999999 232.54500000000004 -228.49999999999997 305328.60000000003 -3026.8199999999993 1.0000000180025095e-35 41.500000000000007 -176.96999999999997
decision_type=8 2 10 2 2 2 2 2
left_child=-1 -2 3 4 5 -3 -7 -6
right_child=1 2 -4 -5 7 6 -8 -9
leaf_value=-0.014729918415672677 -0.0012594500157881963 0.03608049225585417 -0.033210598617479367 -0.037038072297867944 -0.0097302787020899489 -0.03476544271111659 0.025388563032141497 0.0097676136661615908
leaf_weight=25.972159315986573 1140.7013533186209 60.479159065795102 21.441453431534683 17.403204709401507 145.91768934138781 19.376588731586708 21.188908796983014 252.34697746273514
leaf_count=2461 62423 3602 3942 14631 23235 3601 3812 45577
internal_value=-4.95315e-05 0.000177576 0.00322358 0.00473545 0.00619144 0.0202528 -0.00334471 0.0026239
internal_weight=1704.83 1678.86 538.154 516.713 499.309 101.045 40.5655 398.265
internal_count=163284 160823 98400 94458 79827 11015 7413 68812
is_linear=0
shrinkage=0.0750466


Tree=340
num_leaves=9
num_cat=0
split_feature=7 5 151 5 12 16 72 21
split_gain=1.08166 2.91798 2.76966 5.63446 6.12548 4.15431 5.28472 3.71812
threshold=1655.0800000000002 27.500000000000004 1.5000000000000002 27.500000000000004 4.5000000000000009 -1870.675 1624.8900000000001 1.0000000180025095e-35
decision_type=2 2 8 2 2 2 2 2
left_child=2 -2 5 -4 -5 -1 -7 -6
right_child=1 -3 3 4 7 6 -8 -9
leaf_value=-0.028689334767654069 0.023813588092073314 0.00092171930823783076 -0.036443005485419892 -0.019142943874060823 0.023839811985359619 0.0062402521030554808 -0.025228847921951042 0.0024784125883733411
leaf_weight=49.336666355531634 32.550670777336563 857.59601049685534 22.540935613973488 69.711090398981469 50.729966111783142 98.127209632722042 43.324539784338413 481.08278493045509
leaf_count=3530 1490 66108 3640 1502 2395 13237 1734 69648
internal_value=-4.96981e-05 0.00175882 -0.00202533 0.000393837 0.00177423 -0.00993837 -0.00339826 0.00451609
internal_weight=1705 890.147 814.853 624.065 601.524 190.788 141.452 531.813
internal_count=163284 67598 95686 77185 73545 18501 14971 72043
is_linear=0
shrinkage=0.0750466


Tree=341
num_leaves=9
num_cat=0
split_feature=50 22 97 123 16 127 64 39
split_gain=1.01645 3.12849 8.80683 3.32275 1.739 4.43495 4.29121 1.48915
threshold=1.0000000180025095e-35 19850.095000000005 11.500000000000002 5.5000000000000009 2347.2300000000005 753.50000000000011 476.68500000000006 313319.83000000002
decision_type=2 2 2 10 2 10 2 2
left_child=4 -2 -3 -4 7 -6 -7 -1
right_child=1 2 3 -5 5 6 -8 -9
leaf_value=0.00077892258767706319 -0.030394390754887441 0.1463242320527231 -0.075434471906906553 0.053665608995013776 -0.056292457045295508 0.041841734934410291 -0.032670562598985042 -0.017559351823490915
leaf_weight=1624.9924357657383 19.329950297231338 2.3649853589477052 3.1838663648213696 1.7344909728617492 10.720959944219432 8.8181212989984505 8.5965587366972596 25.327916985421325
leaf_count=136835 2520 1263 4366 2886 1719 1531 3081 9083
internal_value=-4.86518e-05 -0.0146002 0.0273177 -0.0299065 0.000182074 -0.0183183 0.00505959 0.00049748
internal_weight=1705.07 26.6133 7.28334 4.91836 1678.46 28.1356 17.4147 1650.32
internal_count=163284 11035 8515 7252 152249 6331 4612 145918
is_linear=0
shrinkage=0.0750466


Tree=342
num_leaves=9
num_cat=0
split_feature=102 8 8 104 116 113 113 139
split_gain=1.03339 1.9572 1.40731 6.30501 7.23671 3.0036 4.41157 2.79033
threshold=1.0000000180025095e-35 16678.810000000001 51557.755000000012 4164.1500000000005 17036.095000000005 -593.49999999999989 -1263.4999999999998 1456.9550000000002
decision_type=2 2 2 2 8 8 10 8
left_child=2 -2 -1 5 -5 6 -4 -7
right_child=1 -3 3 4 -6 7 -8 -9
leaf_value=-0.00026044715080058629 0.0030623056834115643 -0.024481579878666761 -0.014986818593031918 0.0099154759891626875 0.11632608453558931 -0.031057943111107128 0.045981359361791034 0.003443835092426835
leaf_weight=1545.8509957170572 30.959019226519558 27.378083143312324 11.203011605050053 8.6701139209994817 6.154462368833264 20.297565431148541 16.571306549812107 37.764164725311275
leaf_count=137953 2204 2769 2241 5421 2302 5341 3819 1234
internal_value=-4.83596e-05 -0.00986427 0.000299425 0.00889742 0.0540921 0.00109193 0.0213893 -0.0086175
internal_weight=1704.85 58.3371 1646.51 100.661 14.8246 85.836 27.7743 58.0617
internal_count=163284 4973 158311 20358 7723 12635 6060 6575
is_linear=0
shrinkage=0.0750466


Tree=343
num_leaves=9
num_cat=0
split_feature=4 0 113 20 151 113 11 74
split_gain=1.06649 1.3632 4.08133 2.61568 9.20533 4.42232 2.14649 1.70212
threshold=1.5000000000000002 15842220.000000002 -1171.4999999999998 34.560000000000009 6.5000000000000009 -805.49999999999989 225.00500000000002 1790.595
decision_type=2 2 8 2 8 10 2 2
left_child=1 2 -1 5 -5 -4 -6 -8
right_child=-2 -3 3 4 6 -7 7 -9
leaf_value=-0.036660840374662516 -0.011234913791803709 0.00087691110462193055 0.0098729933641511017 0.053649244143696082 -0.050282419818195118 -0.029084817480173841 0.033680436414070723 -0.029795289218310417
leaf_weight=21.953750847877018 46.679042686851972 1535.1117466236328 32.402513584871485 17.771750572408564 8.3843752567663632 33.250604260150794 4.7364791962527288 4.7806280393369889
leaf_count=3226 2213 144839 1416 3177 319 3558 2115 2421
internal_value=-4.77157e-05 0.000267172 -0.00732543 -0.000969512 0.015388 -0.00985754 -0.0225959 0.00179535
internal_weight=1705.07 1658.39 123.28 101.326 35.6732 65.6531 17.9015 9.51711
internal_count=163284 161071 16232 13006 8032 4974 4855 4536
is_linear=0
shrinkage=0.0750466


Tree=344
num_leaves=9
num_cat=0
split_feature=5 5 10 149 127 149 5 127
split_gain=0.997094 3.83135 3.78482 5.82127 3.49131 2.97155 2.90701 4.03392
threshold=67.500000000000014 61.500000000000007 -627.07499999999993 2555.5000000000005 3893.5000000000005 4024.5000000000005 57.500000000000007 145.50000000000003
decision_type=2 2 2 10 10 10 2 8
left_child=1 6 5 -4 -2 -3 7 -1
right_child=4 2 3 -5 -6 -7 -8 -9
leaf_value=-0.027716540900167799 7.9620680399601922e-05 0.0063580498296105341 0.0047717661580781905 0.03713023184102341 -0.025748545219164903 -0.040541499039143995 -0.012262501872472098 0.00095176843730070788
leaf_weight=28.28314810840584 139.35132730080841 19.64241638916792 83.517823631484134 50.090886190160745 37.382782152671098 12.419399956611413 113.07830141273371 1221.2983904316079
leaf_count=4487 7511 2476 2707 3811 5194 3336 10675 123087
internal_value=-4.68003e-05 0.000570334 0.0113466 0.0169032 -0.00538355 -0.0118089 -0.000739833 0.000302887
internal_weight=1705.06 1528.33 165.671 133.609 176.734 32.0618 1362.66 1249.58
internal_count=163284 150579 12330 6518 12705 5812 138249 127574
is_linear=0
shrinkage=0.0750466


Tree=345
num_leaves=9
num_cat=0
split_feature=6 5 127 82 5 5 5 151
split_gain=1.13733 2.6003 2.41939 2.21202 3.36318 6.21931 3.1492 2.49078
threshold=289.50000000000006 59.500000000000007 6448.5000000000009 6.5000000000000009 51.500000000000007 42.500000000000007 32.500000000000007 12.500000000000002
decision_type=2 2 8 2 2 2 2 8
left_child=3 -2 -3 -1 5 6 -5 -7
right_child=1 2 -4 4 -6 7 -8 -9
leaf_value=2.6101236303933469e-05 0.03052864433977058 -0.019282094956889571 0.014151756812590399 0.010074935612376256 -0.054799092257982795 0.00820002169501363 -0.044729394419453346 0.079036280137950859
leaf_weight=1585.2419163440863 22.224049542553075 21.538001781790626 28.084762711539952 8.9619317875904034 10.111827426587295 6.1087264443622162 17.31301441496089 5.1547575204185714
leaf_count=132904 4053 3476 2619 3467 4555 3236 7128 1846
internal_value=-4.61809e-05 0.00919486 -0.000359695 -0.000452784 -0.0163845 -0.00603662 -0.0260366 0.0406184
internal_weight=1704.74 71.8468 49.6228 1632.89 47.6503 37.5384 26.2749 11.2635
internal_count=163284 10148 6095 153136 20232 15677 10595 5082
is_linear=0
shrinkage=0.0750466


Tree=346
num_leaves=9
num_cat=0
split_feature=11 0 9 120 11 0 9 134
split_gain=1.03703 3.48622 4.95219 4.44512 9.36004 6.68127 6.07471 5.81908
threshold=318.30500000000006 31507133.500000004 279.00500000000005 305273.25000000006 2810.6050000000005 28166114.000000004 2120.0400000000004 80233.200000000012
decision_type=2 2 2 10 2 2 2 10
left_child=-1 3 -3 4 7 -5 -7 -2
right_child=1 2 -4 5 -6 6 -8 -9
leaf_value=-0.0010557008706292925 0.025569430864753544 -0.022682607274900179 0.0034483930599699493 0.014754131623340111 0.067957279511756827 0.13136441591913445 0.026051478246540371 -0.015163985378477882
leaf_weight=1313.2609071447814 27.202537068348647 53.119119483728355 176.78028472658025 38.389875396491789 11.341107458952136 6.1143285437201467 6.2257802129124684 72.117995387532574
leaf_count=50667 4377 11061 51661 17252 4458 2910 1750 19148
internal_value=-4.52962e-05 0.00334585 -0.00258927 0.0118003 0.00336763 0.0301953 0.0782324 -0.00400766
internal_weight=1704.55 391.291 229.899 161.392 110.662 50.73 12.3401 99.3205
internal_count=163284 112617 62722 49895 27983 21912 4660 23525
is_linear=0
shrinkage=0.0750466


Tree=347
num_leaves=9
num_cat=0
split_feature=112 64 64 97 141 64 64 112
split_gain=1.01069 3.52094 4.47961 5.63989 5.58895 7.61329 6.88409 3.1385
threshold=228031.20000000004 16914.280000000002 2206.9200000000005 20.500000000000004 0.79500000000000015 6981.1050000000005 6107.7850000000008 431161.07000000001
decision_type=8 2 2 2 8 2 2 8
left_child=-1 2 7 -4 6 -6 -5 -2
right_child=1 -3 3 4 5 -7 -8 -9
leaf_value=0.0017981146058299396 -0.012504717391499607 -0.024053614797411905 -0.011983188763063613 -0.037355996092781223 0.12176137105437221 0.019469418126427874 0.050327144028495453 -6.3390138394865596e-05
leaf_weight=844.21830044687431 139.72075298027994 38.448421144765689 20.652079486797447 9.1874206051488745 8.0419327256349806 8.3552583865521211 11.178647356410691 625.0975923916485
leaf_count=87968 11361 17522 4567 2775 2123 2584 4460 29924
internal_value=-4.68301e-05 -0.00185648 -0.000818524 0.0193986 0.0370275 0.0696381 0.010772 -0.00233623
internal_weight=1704.9 860.682 822.234 57.4153 36.7633 16.3972 20.3661 764.818
internal_count=163284 75316 57794 16509 11942 4707 7235 41285
is_linear=0
shrinkage=0.0750466


Tree=348
num_leaves=9
num_cat=0
split_feature=7 149 7 74 149 74 16 6
split_gain=0.984118 4.90281 5.29855 4.77062 5.45906 6.53726 5.52266 5.79711
threshold=278.72500000000008 489.50000000000006 1842.0450000000003 1.0000000180025095e-35 3571.5000000000005 174.28500000000003 -14461.189999999999 289.50000000000006
decision_type=2 8 2 2 8 2 2 2
left_child=-1 2 -2 -3 5 -5 -6 -8
right_child=1 3 -4 4 6 -7 7 -9
leaf_value=-0.003041781600368196 0.0018796262360717502 0.027144690158026358 -0.030192420926766651 -0.026749250426430244 0.0137415396783724 0.0089964245739956646 -0.0096749572034249953 0.018030434995001503
leaf_weight=453.69252365715283 59.928140554351558 42.71480980052911 56.234000086240485 30.549749167934351 86.780763984534133 507.27088206915778 420.41157307413505 47.322628741722838
leaf_count=54084 5745 1840 3358 4501 2090 43877 40946 6843
internal_value=-4.75247e-05 0.0010382 -0.0136464 0.00254104 0.00157893 0.00696597 -0.00364592 -0.00687189
internal_weight=1704.91 1251.21 116.162 1135.05 1092.34 537.821 554.515 467.734
internal_count=163284 109200 9103 100097 98257 48378 49879 47789
is_linear=0
shrinkage=0.0750466


Tree=349
num_leaves=9
num_cat=0
split_feature=109 84 23 85 131 107 84 17
split_gain=0.944812 3.76975 3.55705 3.89492 5.9184 3.37526 3.39084 4.79213
threshold=1.0000000180025095e-35 1.0000000180025095e-35 1.5000000000000002 29360.190000000006 123.16500000000001 12.500000000000002 1.0000000180025095e-35 2.5000000000000004
decision_type=2 2 2 2 8 2 2 2
left_child=1 -1 3 -3 -5 -2 -7 -8
right_child=5 2 -4 4 -6 6 7 -9
leaf_value=-0.00028096671846432623 0.014125376207585034 -0.02146236591338423 -0.037529305599600556 -0.014982290861435791 0.079662901907623929 -0.0034268304937280789 0.0033182313588061437 0.036565231929008783
leaf_weight=856.52437588190151 109.0481246758718 25.756376812640156 30.671983992943751 8.4838702748365868 6.6282839507221079 482.36137786266227 155.71031560256324 28.9573678980978
leaf_count=28971 1863 4902 6680 3347 1995 49564 61090 4872
internal_value=-4.73755e-05 -0.00166327 -0.018213 -0.00371612 0.0265297 0.00188498 -0.000116119 0.00853163
internal_weight=1704.14 928.065 71.5405 40.8685 15.1122 776.077 667.029 184.668
internal_count=163284 45895 16924 10244 5342 117389 115526 65962
is_linear=0
shrinkage=0.0750466


Tree=350
num_leaves=9
num_cat=0
split_feature=22 123 142 141 6 123 115 141
split_gain=0.97194 5.00134 4.07158 5.86284 4.65509 4.01436 3.72932 6.30379
threshold=6061.1650000000009 19.500000000000004 1037556.6200000002 1.7600000000000002 155.50000000000003 12.500000000000002 25799.010000000006 5.1050000000000013
decision_type=2 10 10 10 2 10 8 8
left_child=5 2 6 4 -4 -1 -2 -8
right_child=1 -3 3 -5 -6 -7 7 -9
leaf_value=9.1413134090398914e-05 -0.0071140890628137296 -0.041204034722397982 0.049869428645539296 0.091037999718404539 -0.029026554776027554 0.020715495162719158 0.03479855657324539 -0.0071664766476384617
leaf_weight=1221.8148727288908 302.31953003986609 18.601901143523719 7.6092544181228794 6.277072198085988 9.4337292962336488 55.570580120945124 35.418153437332876 46.79610413091541
leaf_count=52707 78122 5044 1826 3794 3928 3072 9995 4796
internal_value=-4.70169e-05 -0.00314915 -0.00141349 0.0290348 0.00619848 0.00098863 -0.00326003 0.0109122
internal_weight=1703.84 426.456 407.854 23.3201 17.043 1277.39 384.534 82.2143
internal_count=163284 107505 102461 9548 5754 55779 92913 14791
is_linear=0
shrinkage=0.0750466


Tree=351
num_leaves=9
num_cat=0
split_feature=24 68 38 33 10 104 94 72
split_gain=1.01165 3.96824 3.65306 3.65969 4.33911 5.20142 3.79951 3.74549
threshold=1.0000000180025095e-35 364.74000000000007 1.5000000000000002 4895.2500000000009 1023.9800000000001 1.0000000180025095e-35 1.0000000180025095e-35 3398.6200000000003
decision_type=2 8 2 2 2 2 2 2
left_child=-1 2 3 7 6 -6 -5 -2
right_child=1 -3 -4 4 5 -7 -8 -9
leaf_value=-0.0010995049291034041 0.0059168670604619958 -0.039275478865255738 -0.039976597941276594 -0.053589117001511366 -0.031006465232015678 0.10743905031386887 0.033413342514798647 0.045509325723232401
leaf_weight=1280.0653160819747 361.28066988892078 12.073302052025609 10.199694388250462 16.510665134735525 3.2825174036352101 2.8599840789811424 3.4110549744191294 13.977529016654442
leaf_count=48497 77693 6083 5528 15776 1980 3075 2530 2122
internal_value=-4.75076e-05 0.00313153 0.00437567 0.00550289 -0.0216896 0.0334546 -0.0386923 0.0073916
internal_weight=1703.66 423.595 411.522 401.322 26.0642 6.1425 19.9217 375.258
internal_count=163284 114787 108704 103176 23361 5055 18306 79815
is_linear=0
shrinkage=0.0750466


Tree=352
num_leaves=9
num_cat=0
split_feature=112 83 123 5 112 5 83 119
split_gain=1.01493 2.93351 4.28065 4.79306 4.35405 3.776 3.46769 5.15357
threshold=228031.20000000004 3873.2450000000003 12.500000000000002 39.500000000000007 164689.20000000004 63.500000000000007 10206.270000000002 1.0000000180025095e-35
decision_type=8 2 10 2 10 2 2 8
left_child=1 2 3 4 -1 -5 7 -3
right_child=-2 6 -4 5 -6 -7 -8 -9
leaf_value=0.0061537859325993122 -0.0018611034587163425 0.014013903162130597 0.027281869791984426 -0.0063135293310548233 0.032526270595062669 0.010799768525680729 -0.00086793112736860076 -0.042555331174835904
leaf_weight=173.62986868238477 860.31330930240256 13.037167941150981 42.028271929995753 309.52282926937824 44.241400513972621 94.872180551985366 136.45383894915722 29.806847972964533
leaf_count=10269 75316 3453 2578 23023 3074 4718 36333 4520
internal_value=-4.74137e-05 0.00180223 0.00410137 0.00253574 0.011509 -0.0022987 -0.00671604 -0.0253417
internal_weight=1703.91 843.592 664.295 622.266 217.871 404.395 179.298 42.844
internal_count=163284 87968 43662 41084 13343 27741 44306 7973
is_linear=0
shrinkage=0.0750466


Tree=353
num_leaves=9
num_cat=0
split_feature=125 145 9 9 146 31 8 18
split_gain=1.05573 3.99749 3.06845 1.36408 5.35351 3.68955 3.00956 5.01844
threshold=-28173.074999999993 5.5000000000000009 2299.4850000000006 2120.0400000000004 1641.4400000000003 1497.6650000000002 5445.8800000000001 3102.7650000000003
decision_type=8 10 2 2 10 2 2 2
left_child=1 2 -1 -2 5 -5 -7 -8
right_child=3 -3 -4 4 -6 6 7 -9
leaf_value=0.029057935957688342 -0.0010078524312935079 -0.059600905543521362 -0.027015083722653651 -0.0013279766135689778 0.034769033195682822 0.046709197960879828 -0.02836939289513328 0.031279411747265617
leaf_weight=11.585999217115392 1268.4678933644245 7.9558052521224445 10.457100327344049 326.11369576987408 29.514941680137781 16.589280282860273 13.188770287741134 19.974962292450982
leaf_count=3762 120830 3407 3301 18633 3505 2353 1455 6038
internal_value=-4.68244e-05 -0.0140008 0.00245727 0.000203259 0.00399291 0.00157622 0.0206122 0.00755788
internal_weight=1703.85 29.9989 22.0431 1673.85 405.382 375.867 49.753 33.1637
internal_count=163284 10470 7063 152814 31984 28479 9846 7493
is_linear=0
shrinkage=0.0750466


Tree=354
num_leaves=9
num_cat=0
split_feature=147 18 56 85 20 140 56 18
split_gain=1.21183 5.66156 8.55199 5.96467 5.27784 6.3616 3.84052 6.42108
threshold=-31205.244999999999 90728.695000000022 5390.7850000000008 35229.000000000007 34.560000000000009 29747.050000000003 5390.7850000000008 18220.110000000004
decision_type=8 2 2 2 2 10 2 2
left_child=1 3 4 6 -3 -6 -1 -8
right_child=-2 2 -4 -5 5 -7 7 -9
leaf_value=-0.0095304847451985319 0.00062440118446059395 0.14510869548698752 -0.075361435458292617 -0.067852623480319563 0.11938860427723816 -0.033561255311070293 0.090109624821474721 -0.027686907128923566
leaf_weight=139.39716360862349 1532.0204642789304 3.7265187123102788 2.7355910669643881 9.400244620569536 2.6885966593117701 3.558788754521629 5.8294103792777587 4.7134468857238971
leaf_count=27393 109150 2257 4730 7253 2427 3664 2326 4084
internal_value=-4.62602e-05 -0.00601818 0.0421844 -0.00986297 0.0744243 0.0322616 -0.00622741 0.0374458
internal_weight=1704.07 172.05 12.7095 159.34 9.9739 6.24739 149.94 10.5429
internal_count=163284 54134 13078 41056 8348 6091 33803 6410
is_linear=0
shrinkage=0.0750466


Tree=355
num_leaves=9
num_cat=0
split_feature=27 151 5 27 107 149 5 149
split_gain=1.00804 3.57995 2.42432 2.40439 4.67967 2.36097 3.13424 2.27422
threshold=2.5000000000000004 1.5000000000000002 67.500000000000014 5.5000000000000009 59.500000000000007 2090.5000000000005 45.500000000000007 5408.5000000000009
decision_type=2 10 2 2 2 10 2 10
left_child=7 5 -3 -4 -5 -2 -7 -1
right_child=1 2 3 4 -6 6 -8 -9
leaf_value=0.00040073856848013518 -0.026188368697207809 0.0019131628648227264 -0.03866263261364445 0.020213962430914389 -0.034172020579364068 0.02221856538638179 -0.020273422558815 0.014604013601357102
leaf_weight=1066.07803508701 54.231806582587524 423.3799452394569 16.725816304911859 19.825871779074077 16.184424587911963 17.047759796004357 22.920896504213488 67.512577432135004
leaf_count=36355 8548 99852 1519 1492 5849 3508 3365 2796
internal_value=-4.80906e-05 -0.00262155 2.31785e-05 -0.0151501 -0.00422921 -0.0159888 -0.00214939 0.00124663
internal_weight=1703.91 570.317 476.116 52.7361 36.0103 94.2005 39.9687 1133.59
internal_count=163284 124133 108712 8860 7341 15421 6873 39151
is_linear=0
shrinkage=0.0750466


Tree=356
num_leaves=9
num_cat=0
split_feature=131 81 127 28 104 131 84 134
split_gain=0.98976 3.46855 5.11819 3.30407 4.09996 5.37682 3.98899 2.86703
threshold=568.90500000000009 29325.005000000001 753.50000000000011 5998.3400000000011 14721.150000000001 9471.9750000000022 1.0000000180025095e-35 93605.400000000009
decision_type=10 2 10 2 2 8 2 8
left_child=-1 7 -3 -4 5 6 -5 -2
right_child=1 2 3 4 -6 -7 -8 -9
leaf_value=0.00049118053956444707 0.0062506547111463593 0.057076388211516095 -0.042494750711658064 -0.013172691426746637 -0.043382030409559624 0.092517590379454701 0.057373211913023837 -0.024342050572273961
leaf_weight=1565.0911584601831 24.144961996333222 10.042789940458531 9.1281525423364638 16.728451112121554 6.9347784439642046 4.8944332770752217 6.182591341681472 60.440083252347904
leaf_count=124790 3963 3555 1391 7116 5327 2115 3556 11471
internal_value=-4.69192e-05 -0.00612777 0.00874847 -0.00231524 0.0082421 0.0211173 0.00586426 -0.0156093
internal_weight=1703.59 138.496 53.9112 43.8684 34.7403 27.8055 22.911 84.585
internal_count=163284 38494 23060 19505 18114 12787 10672 15434
is_linear=0
shrinkage=0.0750466


Tree=357
num_leaves=9
num_cat=0
split_feature=147 18 112 112 9 151 18 5
split_gain=1.07293 4.6531 6.7 5.06983 5.31515 3.51293 8.5719 4.36334
threshold=-31205.244999999999 90728.695000000022 139352.40000000002 528076.86500000011 2120.0400000000004 4.5000000000000009 1.0000000180025095e-35 67.500000000000014
decision_type=8 2 10 10 2 10 2 2
left_child=1 -1 -3 -4 -5 -2 -7 -8
right_child=5 2 3 4 -6 6 7 -9
leaf_value=-0.0092666427940699715 -0.00064375658567246712 0.14072328124333355 -0.045530892089470788 -0.018491629926795584 0.12862032358129968 0.050961095809976834 0.0082287688254696744 -0.035418771059797211
leaf_weight=157.9900940479838 1372.3938275807104 2.7739119294919865 4.9603578955866379 2.6297067950831661 2.9180251839479752 25.542509339258686 119.93260781964909 14.453681955372302
leaf_count=41056 77589 1913 4523 3415 3227 1679 27360 2522
internal_value=-4.6778e-05 -0.00568011 0.0369819 0.00959644 0.0588871 0.000582875 0.0111089 0.00353433
internal_weight=1703.59 171.272 13.282 10.5081 5.54773 1532.32 159.929 134.386
internal_count=163284 54134 13078 11165 6642 109150 31561 29882
is_linear=0
shrinkage=0.0750466


Tree=358
num_leaves=9
num_cat=0
split_feature=81 125 7 5 28 125 11 28
split_gain=0.970055 5.84516 7.22687 14.2352 4.62955 6.6097 6.00664 5.25003
threshold=29325.005000000001 -54296.259999999987 5005.1550000000016 44.500000000000007 13327.210000000001 -8696.0399999999991 1147.6250000000002 28503.825000000004
decision_type=2 10 2 2 2 10 2 2
left_child=-1 -2 4 -4 -3 -6 7 -7
right_child=1 2 3 -5 5 6 -8 -9
leaf_value=0.00079325731780671737 -0.010748301645147207 -0.019612211606072634 0.14429534557255452 -0.0085270291484867006 -0.014890481279847205 0.099850610308821044 -0.016741350962209706 0.025230084731493803
leaf_weight=1395.7593154186616 213.29805148113837 31.125822907688416 6.3603088703257509 7.4582502510365885 20.86469527864983 10.199282454383146 7.5956194608070282 11.077584852562721
leaf_count=80781 47768 6390 1818 3564 10687 3297 4799 4180
internal_value=-4.79116e-05 -0.00386008 0.0116577 0.061813 0.00308671 0.0172918 0.0405484 0.0610002
internal_weight=1703.74 307.98 94.6816 13.8186 80.863 49.7372 28.8725 21.2769
internal_count=163284 82503 34735 5382 29353 22963 12276 7477
is_linear=0
shrinkage=0.0750466


Tree=359
num_leaves=9
num_cat=0
split_feature=57 107 107 18 118 81 118 147
split_gain=0.944161 5.90015 6.2022 4.4921 4.11389 1.52329 7.03169 4.74114
threshold=6.5000000000000009 103.50000000000001 153.50000000000003 9395.760000000002 15272.305000000002 15997.960000000001 13210.410000000002 -23472.079999999998
decision_type=2 2 2 2 8 2 8 8
left_child=5 -2 -3 -4 -5 -1 7 -7
right_child=1 2 3 4 -6 6 -8 -9
leaf_value=0.0009166320925754972 0.034673011208003979 -0.061268830268106721 0.087276943069229243 -0.075631426149481734 0.027888943768081754 0.034431236245033275 -0.010258455590175637 0.00036515670731340853
leaf_weight=1261.2778181031472 26.059903181650952 10.168440961605485 3.6745093419340256 3.4538042372832924 5.7806173028352523 36.33366064551501 294.09858455274116 62.741632594508701
leaf_count=63662 3364 4256 1262 3196 4728 14237 54722 13857
internal_value=-5.02939e-05 0.0102013 -0.0174331 0.0170966 -0.0108291 -0.000354768 -0.00443334 0.0128581
internal_weight=1703.59 49.1373 23.0774 12.9089 9.23442 1654.45 393.174 99.0753
internal_count=163284 16806 13442 9186 7924 146478 82816 28094
is_linear=0
shrinkage=0.0750466


Tree=360
num_leaves=9
num_cat=0
split_feature=13 127 127 123 11 149 18 55
split_gain=0.983772 1.29218 1.51007 5.04272 4.08726 5.86194 7.04636 6.2401
threshold=1.5000000000000002 145.50000000000003 1221.5000000000002 19.500000000000004 271.98500000000007 1894.5000000000002 1949.6600000000001 1.0000000180025095e-35
decision_type=2 8 8 10 2 8 2 2
left_child=1 -1 4 -4 -3 7 -7 -6
right_child=-2 2 3 -5 5 6 -8 -9
leaf_value=-0.015321405304809807 -0.013476525671907677 1.937891450882538e-05 -4.1061080794285103e-06 -0.026487694931755259 0.017164482364706475 0.088276826702088723 0.017199436720221985 -0.031354733943873253
leaf_weight=29.703917259911577 30.19281848333776 342.66689679981937 1143.5944536718343 41.978681692266036 61.181586847706058 12.14795040685385 22.230128793386939 19.747329443912349
leaf_count=4834 829 13730 111356 5986 11166 716 6038 8629
internal_value=-5.0643e-05 0.000191619 0.000471987 -0.000941835 0.004132 0.0163538 0.0423156 0.00532539
internal_weight=1703.44 1673.25 1643.55 1185.57 457.974 115.307 34.3781 80.9289
internal_count=163284 162455 157621 117342 40279 26549 6754 19795
is_linear=0
shrinkage=0.0750466


Tree=361
num_leaves=9
num_cat=0
split_feature=24 108 20 68 9 153 72 17
split_gain=1.00979 3.94331 3.23166 3.56202 3.30878 10.8755 5.93834 4.11101
threshold=1.0000000180025095e-35 1.0000000180025095e-35 295034.38000000006 364.74000000000007 2798.8850000000007 3489.6750000000006 1774.0450000000003 3.5000000000000004
decision_type=2 2 2 8 2 10 2 2
left_child=-1 2 3 4 6 -6 7 -2
right_child=1 -3 -4 -5 5 -7 -8 -9
leaf_value=-0.0011014231687255425 0.0020220704322374658 0.037623196656229672 -0.042688146651792463 -0.040630987538850465 0.0561404271711008 -0.02392903299305222 -0.030026670595491169 0.034100337136285595
leaf_weight=1279.9223616302515 291.09308267640654 17.874297239706721 9.0693149284179508 10.442350925321078 23.996038631628835 15.873980337956707 30.790858071175535 24.385187065086939
leaf_count=48497 81654 3790 7006 5270 3650 6971 2792 3654
internal_value=-5.03552e-05 0.00312605 0.00160599 0.00261894 0.00378855 0.0242613 0.00143128 0.00450159
internal_weight=1703.45 423.525 405.651 396.581 386.139 39.87 346.269 315.478
internal_count=163284 114787 110997 103991 98721 10621 88100 85308
is_linear=0
shrinkage=0.0750466


Tree=362
num_leaves=9
num_cat=0
split_feature=8 149 107 20 22 107 48 0
split_gain=0.990923 4.47016 4.72057 9.50715 5.46082 4.05745 3.14624 4.15813
threshold=9683.5850000000009 4617.5000000000009 30.500000000000004 1.0000000180025095e-35 54211.545000000006 103.50000000000001 1.0000000180025095e-35 52138181.000000007
decision_type=2 10 2 2 2 2 2 2
left_child=1 -1 -3 -4 -5 -6 -2 -8
right_child=6 2 3 4 5 -7 7 -9
leaf_value=-0.00034915448369205891 -0.0034430905792296532 0.033594470382860252 -0.028468650617475694 0.011367954096594983 0.12659874421637216 0.026723752878373124 0.0047720914703270646 0.051277697416066054
leaf_weight=761.56178305502453 747.30272893640313 47.701980705314782 29.993025060442505 25.530673855644636 4.7922294212576144 4.3889830188754786 69.623750450179159 12.822151280510296
leaf_count=57737 76453 830 4132 3954 1143 3586 14241 1208
internal_value=-5.06649e-05 0.00171284 0.015683 0.00247819 0.029218 0.0788545 -0.00190816 0.0120047
internal_weight=1703.72 873.969 112.407 64.7049 34.7119 9.18121 829.749 82.4459
internal_count=163284 71382 13645 12815 8683 4729 91902 15449
is_linear=0
shrinkage=0.0750466


Tree=363
num_leaves=9
num_cat=0
split_feature=141 115 113 113 151 0 58 115
split_gain=1.12221 7.19983 5.88139 4.37839 7.26777 3.71317 3.55115 3.36151
threshold=1.7850000000000004 25799.010000000006 -805.49999999999989 -1475.4999999999998 7.5000000000000009 32756022.000000004 2721.1550000000007 30709.125000000004
decision_type=10 10 10 10 10 2 2 10
left_child=7 2 3 6 -5 -3 -2 -1
right_child=1 5 -4 4 -6 -7 -8 -9
leaf_value=0.0010400673864940392 -0.042114409472318738 0.00055228946224616796 -0.030573530519370017 0.057977867944346152 -0.017967731469012659 0.080465702975114906 0.0099720417021020111 -0.02152794250380647
leaf_weight=1539.1147302155618 15.09749139541873 5.8359450985617496 55.033071975902658 16.079424242776444 12.703420905227629 7.4614096865007014 14.406431609978425 38.091431888652551
leaf_count=122893 2618 2952 14187 2494 3483 2407 3234 9016
internal_value=-5.06819e-05 -0.00684825 -0.0129785 0.00363442 0.024459 0.0453933 -0.0166812 0.000495023
internal_weight=1703.82 126.617 113.32 58.2868 28.7828 13.2974 29.5039 1577.21
internal_count=163284 31375 26016 11829 5977 5359 5852 131909
is_linear=0
shrinkage=0.0750466


Tree=364
num_leaves=9
num_cat=0
split_feature=46 127 74 16 7 111 113 103
split_gain=1.07269 5.73976 5.83761 4.59787 4.70517 1.4894 1.44851 1.32714
threshold=1.0000000180025095e-35 5606.5000000000009 582.92500000000007 -985.6149999999999 1842.0450000000003 1.0000000180025095e-35 -1263.4999999999998 2.5000000000000004
decision_type=2 8 2 2 2 10 8 2
left_child=5 2 -2 6 -5 7 -4 -1
right_child=1 -3 3 4 -6 -7 -8 -9
leaf_value=0.0005006599448988937 -0.039635256930489998 -0.038224633505364126 -0.027456728456812317 -0.0060666314775402776 0.059787806744709696 0.012639311891632803 0.0085302784930427374 -0.009120204011236659
leaf_weight=1472.4250362688576 13.84339111011195 25.466368412722659 11.476883693765556 9.3867913007916339 17.505824960824611 54.1004286287789 13.963375035466013 85.436972477349173
leaf_count=110231 2661 3054 2107 3960 3983 495 2902 33891
internal_value=-5.0876e-05 -0.00794877 0.00370217 0.015166 0.0368015 0.000398132 -0.00770457 -2.69718e-05
internal_weight=1703.61 91.6426 66.1763 52.3329 26.8926 1611.96 25.4403 1557.86
internal_count=163284 18667 15613 12952 7943 144617 5009 144122
is_linear=0
shrinkage=0.0750466


Tree=365
num_leaves=9
num_cat=0
split_feature=73 153 80 28 116 56 28 106
split_gain=1.10138 6.17454 4.57754 5.24678 4.70384 5.25985 4.61852 4.90663
threshold=9.5000000000000018 31829.355000000007 2.5000000000000004 71563.470000000016 1.0000000180025095e-35 1169.9700000000003 44943.515000000007 1.0000000180025095e-35
decision_type=2 8 2 2 8 2 2 2
left_child=-1 2 4 6 5 -2 7 -4
right_child=1 -3 3 -5 -6 -7 -8 -9
leaf_value=0.00063668025265338696 0.016113374854775649 -0.053823545018787687 0.0026900639370380048 0.072598898494803818 -0.026099575060168006 -0.042406912001292381 -0.047418828673407014 0.059063926344232277
leaf_weight=1507.9518438973391 44.154161527562792 13.759451836661354 42.796097777888463 7.5407811776672125 57.215795983437147 10.757602151886202 7.8686610967615698 10.912648864304172
leaf_count=104268 7401 3275 11324 5053 18668 5112 4283 3900
internal_value=-4.96393e-05 -0.00535687 -0.00167747 0.0135131 -0.0110413 0.00464884 0.00627739 0.0141442
internal_weight=1702.96 195.005 181.246 69.1182 112.128 54.9118 61.5774 53.7087
internal_count=163284 59016 55741 24560 31181 12513 19507 15224
is_linear=0
shrinkage=0.0750466


Tree=366
num_leaves=9
num_cat=0
split_feature=141 142 0 120 135 23 115 0
split_gain=0.987403 7.82727 7.89121 5.94671 5.52579 5.28567 2.93398 4.65286
threshold=1.7850000000000004 309672.00000000006 35799005.000000007 457651.93000000005 -866.99999999999989 1.5000000000000002 30709.125000000004 32756022.000000004
decision_type=10 10 2 10 10 2 10 2
left_child=6 2 -2 -3 -5 -4 -1 -8
right_child=1 3 5 4 -6 -7 7 -9
leaf_value=0.00096496146721094752 -0.047278784804318769 0.058455944577231064 -0.014693958303747401 0.025949698269796616 -0.042324608552282199 0.042394347412312947 0.012624060344373187 -0.041593131243443736
leaf_weight=1539.5001589999702 34.555885793463858 14.629978862531969 36.394234959748246 17.208200505874174 10.908710421386788 12.194721398947875 14.674782568448789 22.711845709734916
leaf_count=122893 7658 3545 7098 6202 4802 2070 4416 4600
internal_value=-5.0119e-05 -0.006446 -0.0198635 0.0196517 -0.000539152 -0.000366094 0.0004605 -0.0203121
internal_weight=1702.78 125.892 83.1448 42.7469 28.1169 48.589 1576.89 37.3866
internal_count=163284 31375 16826 14549 11004 9168 131909 9016
is_linear=0
shrinkage=0.0750466


Tree=367
num_leaves=9
num_cat=0
split_feature=28 21 150 6 0 0 9 74
split_gain=1.01845 4.65788 3.40094 3.20673 3.41507 4.551 2.70403 5.04507
threshold=1395.8750000000002 1.0000000180025095e-35 1.0000000180025095e-35 68.500000000000014 59645539.500000007 39510640.500000007 1656.3400000000004 450.91000000000003
decision_type=2 2 10 2 2 2 2 2
left_child=2 -2 3 4 5 -1 7 -5
right_child=1 -3 -4 6 -6 -7 -8 -9
leaf_value=-0.0017440693436857962 0.029858937727378583 -0.0033706369755962503 0.013402579115421745 0.00054273387422060118 -0.0040672397646204714 0.018223477435779591 0.0031332686148912389 -0.019462530066165065
leaf_weight=111.07904104350018 24.609858114330564 685.90883286855114 119.02910418943793 149.38399207718612 160.6913203412696 152.6067667659263 163.97267218458728 135.30083476092841
leaf_count=3133 1389 132930 3930 7184 4362 4089 2959 3308
internal_value=-5.0836e-05 -0.00221968 0.0015025 -0.000119954 0.00455662 0.00981204 -0.00454344 -0.00896507
internal_weight=1702.58 710.519 992.064 873.035 424.377 263.686 448.657 284.685
internal_count=163284 134319 28965 25035 11584 7222 13451 10492
is_linear=0
shrinkage=0.0750466


Tree=368
num_leaves=9
num_cat=0
split_feature=25 8 8 97 125 25 131 97
split_gain=0.985993 3.61423 4.58048 16.3717 5.41022 5.23954 4.74227 3.97254
threshold=1.0000000180025095e-35 16678.810000000001 12961.865000000002 32.500000000000007 -4536.1249999999991 3329.2250000000004 123.16500000000001 5.5000000000000009
decision_type=2 2 2 2 8 2 8 2
left_child=-1 2 4 -4 5 -2 7 -6
right_child=1 -3 3 -5 6 -7 -8 -9
leaf_value=-0.0010884786947912193 0.018004001158216522 -0.0070457049535808487 -0.0034164982866187335 0.10996216354296327 0.018581712933776889 -0.043821080160517785 0.027264237346370419 -0.006110403417106015
leaf_weight=1278.8787351043784 11.612213853825777 134.97849957170729 21.449058454060832 10.776800781129166 55.533058182163586 23.033498817437703 57.836168653944696 108.17829553474303
leaf_count=48497 2337 48727 4108 3363 9540 12336 10403 23973
internal_value=-4.92472e-05 0.00308977 0.00783311 0.034499 0.00447888 -0.0230991 0.00879155 0.00226549
internal_weight=1702.28 423.398 288.419 32.2259 256.193 34.6457 221.548 163.711
internal_count=163284 114787 66060 7471 58589 14673 43916 33513
is_linear=0
shrinkage=0.0750466


Tree=369
num_leaves=9
num_cat=0
split_feature=8 20 113 113 153 20 151 113
split_gain=0.994456 2.99532 5.05203 5.04907 3.11933 2.01832 5.44504 5.16638
threshold=-8804.7999999999975 55.415000000000006 -1536.4999999999998 -1079.9999999999998 7043.8650000000007 55.415000000000006 11.500000000000002 -927.99999999999989
decision_type=2 2 10 10 8 2 10 10
left_child=1 2 -1 -3 -4 -2 7 -7
right_child=5 3 4 -5 -6 6 -8 -9
leaf_value=0.021971706513721705 0.00086798215278047219 -0.0056714667312588781 -0.0011636291795637105 0.062432076857404553 -0.041488177992056001 -0.011997691389196751 -0.037716662820892831 0.0073677634720556032
leaf_weight=34.016865929750566 1258.9249962828071 11.720640599410673 29.130561487014347 12.855951780621124 17.173233264831651 163.96174426629477 27.422734278933149 147.28260517115905
leaf_count=2735 82985 2717 3439 4291 3461 22160 15417 26079
internal_value=-5.07567e-05 0.0070276 1.27646e-05 0.0299533 -0.0161193 -0.000515519 -0.0056584 -0.00283385
internal_weight=1702.49 104.897 80.3207 24.5766 46.3038 1597.59 338.667 311.244
internal_count=163284 16643 9635 7008 6900 146641 63656 48239
is_linear=0
shrinkage=0.0750466


Tree=370
num_leaves=9
num_cat=0
split_feature=63 57 20 134 27 0 0 0
split_gain=0.978331 3.38128 6.00263 5.97809 1.37406 4.82967 4.7059 3.72255
threshold=8.5000000000000018 3.5000000000000004 1.6450000000000002 187492.32000000004 2.5000000000000004 49848695.500000007 70230055.500000015 35799005.000000007
decision_type=2 2 2 10 2 2 2 2
left_child=4 2 -2 -4 -1 7 -7 -6
right_child=1 -3 3 -5 5 6 -8 -9
leaf_value=0.0012360194926359553 -0.025406338849592407 -0.036308894848508959 0.0076852113210525022 0.11223792866765309 -0.005041524440437207 -0.020698114753875143 0.024590001290376775 0.0094464363505495363
leaf_weight=1124.2256949126931 7.1041866271953102 5.6747749275527886 6.0171396597961557 6.309894938371599 255.55191963442212 118.85599065703718 14.498465250085244 163.96939797860705
leaf_count=37710 2050 4202 1808 3192 58181 21957 2785 31399
internal_value=-5.02531e-05 0.0146545 0.0295381 0.0612031 -0.000270382 -0.00333352 -0.0157743 0.000621077
internal_weight=1702.21 25.106 19.4312 12.327 1677.1 552.876 133.354 419.521
internal_count=163284 11252 7050 5000 152032 114322 24742 89580
is_linear=0
shrinkage=0.0750466


Tree=371
num_leaves=9
num_cat=0
split_feature=11 149 18 120 23 120 7 120
split_gain=0.996403 3.98834 7.46043 4.85235 3.70963 5.53354 4.56455 3.76127
threshold=318.30500000000006 1714.5000000000002 952.04500000000019 52785.000000000007 1.5000000000000002 31671.000000000004 568.82500000000016 154836.00000000003
decision_type=2 8 2 8 2 10 2 10
left_child=-1 4 -3 -4 5 -2 -7 -8
right_child=1 2 3 -5 -6 6 7 -9
leaf_value=-0.0010419938141984614 -0.051312059113829786 0.033831950341745222 -0.046021253754137299 0.0047365871397296849 -0.028255299756830624 -0.017833823514303297 0.048262325471212772 0.0035040021970036426
leaf_weight=1310.7201153909059 9.9839069986210216 51.697462441152311 11.157788661253106 215.02120320834365 36.595658072175866 23.702513988301689 18.882946774825541 24.031738924189995
leaf_count=50667 1607 3879 2833 76971 9851 7147 4663 5666
internal_value=-5.00915e-05 0.00327437 0.00811151 0.00223262 -0.0085999 0.00079034 0.00859892 0.0231982
internal_weight=1701.79 391.073 277.876 226.179 113.197 76.6011 66.6172 42.9147
internal_count=163284 112617 83683 79804 28934 19083 17476 10329
is_linear=0
shrinkage=0.0750466


Tree=372
num_leaves=9
num_cat=0
split_feature=67 18 10 27 27 10 74 150
split_gain=0.941277 5.58299 4.20257 4.65019 1.39974 3.47007 2.87759 1.85977
threshold=1.0000000180025095e-35 952.04500000000019 -1918.8199999999999 9.5000000000000018 29.500000000000004 -3555.6149999999993 2305.3550000000005 15822.210000000001
decision_type=2 2 2 2 2 2 2 10
left_child=4 -2 -3 -4 7 6 -6 -1
right_child=1 2 3 -5 5 -7 -8 -9
leaf_value=-0.00072211432401339364 0.058830930535752127 -0.063211249748684917 -0.030577098427488625 0.050383919383616034 0.06697518476684132 -0.034718872516495081 -0.013934843862157455 0.0088467101701615366
leaf_weight=1516.2539742924537 10.105340381825956 5.8260800136340576 7.7371017153163839 8.2624954541661264 4.182884566292616 19.775128113084975 6.0654448153372869 123.72854507267857
leaf_count=104123 698 3956 1219 3521 2432 7729 3371 36235
internal_value=-5.01242e-05 0.0127134 -0.00863914 0.0112327 -0.000294167 -0.0163519 0.0190888 -1.93987e-07
internal_weight=1701.94 31.931 21.8257 15.9996 1670.01 30.0235 10.2483 1639.98
internal_count=163284 9394 8696 4740 153890 13532 5803 140358
is_linear=0
shrinkage=0.0750466


Tree=373
num_leaves=9
num_cat=0
split_feature=115 135 135 140 27 120 63 115
split_gain=0.980354 1.04527 5.23615 6.15805 2.93164 5.41515 5.53154 5.89357
threshold=-164.97999999999999 -927.99999999999989 -989.49999999999989 3519.0050000000006 2.5000000000000004 77418.000000000015 4.5000000000000009 436.10500000000008
decision_type=8 8 10 10 2 8 2 8
left_child=-1 2 4 -4 -2 -6 -7 -8
right_child=1 -3 3 -5 5 6 7 -9
leaf_value=-0.014549489566319988 0.0039938065510932048 -0.0020537969977073287 0.001467099329421516 0.061229617508751853 -0.02214846429508003 -0.0028920459636026493 0.071218306569995907 -0.0052747394402464622
leaf_weight=25.860992948932108 573.1391122836485 694.44991031045492 21.358522216602069 17.806165097710618 77.955130072415159 268.73554227559589 12.185847558834212 10.613677130265387
leaf_count=2461 24086 53030 1194 4375 16024 49082 6626 6406
internal_value=-4.92495e-05 0.000174459 0.00175057 0.028638 0.000633437 -0.00457904 0.000118941 0.0356091
internal_weight=1702.1 1676.24 981.794 39.1647 942.629 369.49 291.535 22.7995
internal_count=163284 160823 107793 5569 102224 78138 62114 13032
is_linear=0
shrinkage=0.0750466


Tree=374
num_leaves=9
num_cat=0
split_feature=80 64 149 149 149 149 82 31
split_gain=0.944779 4.13715 4.96476 7.12773 4.7848 3.19819 3.17936 6.35936
threshold=2.5000000000000004 1745.0100000000002 1714.5000000000002 3317.0000000000005 4617.5000000000009 352.50000000000006 1.0000000180025095e-35 18195.095000000005
decision_type=2 2 10 10 10 8 2 2
left_child=1 -1 -3 -4 -5 -2 -7 -8
right_child=5 2 3 4 -6 6 7 -9
leaf_value=0.00042953299240272011 -0.03188878923232432 -0.034294419759925032 0.027061906525734591 -0.05060195041849723 -0.0018875272111540534 -0.0077754506900011445 0.0068697387815241451 0.05532660919877673
leaf_weight=1338.6483203753737 13.025548117875585 43.662417619563712 28.634121164126555 18.176799183327603 30.259852958165084 64.611484869076776 148.07302373771381 17.005047818176536
leaf_count=70025 2976 9647 8310 7117 11353 10139 36171 7546
internal_value=-4.9401e-05 -0.000770455 -0.0140755 -0.00262102 -0.0201686 0.0042861 0.00633756 0.0118614
internal_weight=1702.1 1459.38 120.733 77.0708 48.4367 242.715 229.69 165.078
internal_count=163284 106452 36427 26780 18470 56832 53856 43717
is_linear=0
shrinkage=0.0750466


Tree=375
num_leaves=9
num_cat=0
split_feature=72 140 23 38 153 113 153 7
split_gain=1.03027 4.27471 2.30907 1.97596 4.65235 5.06855 3.64292 2.34722
threshold=2506.0200000000004 5236.5900000000011 1.5000000000000002 1.0000000180025095e-35 1.0000000180025095e-35 -501.99999999999994 1413.4650000000001 2825.8100000000004
decision_type=2 8 2 2 8 10 8 2
left_child=3 -2 -3 7 -5 6 -6 -1
right_child=1 2 -4 4 5 -7 -8 -9
leaf_value=-0.00037317927072140749 0.015068803141709084 -0.0050389366331859446 -0.032684938772048013 -0.046846000601265987 0.038424381693975107 -0.050718578120806587 -0.011827729003204966 0.0075301419888904554
leaf_weight=1290.5407449638933 32.322375953654046 36.131832071140707 32.159555370219095 16.534544299647678 16.629431452842255 8.6657208958413303 15.885972752456835 253.15456847161022
leaf_count=106471 1506 2895 3158 2534 4154 4870 8262 29434
internal_value=-4.96247e-05 -0.00741588 -0.0180579 0.000413184 -0.0132201 0.000280896 0.0138728 0.000922907
internal_weight=1702.02 100.614 68.2914 1601.41 57.7157 41.1811 32.5154 1543.7
internal_count=163284 7559 6053 155725 19820 17286 12416 135905
is_linear=0
shrinkage=0.0750466


Tree=376
num_leaves=9
num_cat=0
split_feature=101 97 58 97 6 27 11 138
split_gain=0.969543 3.04961 1.36378 6.21364 4.06333 2.55913 3.32655 5.10574
threshold=1.0000000180025095e-35 41.500000000000007 26388.150000000005 41.500000000000007 163.50000000000003 29.500000000000004 665.45500000000015 97358.630000000019
decision_type=2 2 2 2 2 2 2 10
left_child=2 -2 5 -4 -5 -1 -7 -8
right_child=1 -3 3 4 -6 6 7 -9
leaf_value=0.00037067383913159008 -0.023595354371009139 0.017905490191751167 0.050084086359440318 -0.076217638783697056 0.017507720688939143 -0.055440317931207336 0.033447857296080949 -0.05297049994021738
leaf_weight=1603.7581008314355 32.151400366580674 14.455932409673549 14.210186465746121 4.872384473962482 5.5984797116234404 10.702990903674619 9.5508260567185079 6.4512404975885138
leaf_count=133826 3799 4177 4232 1879 3387 3270 4843 3871
internal_value=-4.85387e-05 -0.0107233 0.000252052 0.017761 -0.0261053 -1.29882e-05 -0.0230536 -0.00139174
internal_weight=1701.75 46.6073 1655.14 24.6811 10.4709 1630.46 26.7051 16.0021
internal_count=163284 7976 155308 9498 5266 145810 11984 8714
is_linear=0
shrinkage=0.0750466


Tree=377
num_leaves=9
num_cat=0
split_feature=148 18 127 141 115 127 56 12
split_gain=0.927167 9.03632 7.1009 2.3297 5.51721 3.39889 9.26589 4.44376
threshold=5.9250000000000007 3102.7650000000003 3462.5000000000005 1.7850000000000004 25799.010000000006 2104.5000000000005 1873.6050000000002 7.5000000000000009
decision_type=10 2 8 10 10 8 2 2
left_child=3 -2 -3 -1 5 -5 -7 -8
right_child=1 2 -4 4 -6 6 7 -9
leaf_value=0.00044400687722429775 0.075868019194706829 -0.048834006139260158 0.040234137403629036 -0.00073284819927754588 0.038007905691881033 -0.043643455283951658 -0.0048884490233410509 0.10184619369537055
leaf_weight=1566.0108544246732 9.0223040758537554 12.833172973965704 8.3025985432441285 40.674012696873433 11.492757421021905 44.333765961260724 5.2507206826285238 3.7772075678367401
leaf_count=129852 552 3940 3294 7939 4341 7974 2099 3293
internal_value=-4.79921e-05 0.0129934 -0.0138461 -0.000283287 -0.0110761 -0.017075 -0.0295315 0.0397684
internal_weight=1701.7 30.1581 21.1358 1671.54 105.528 94.0357 53.3617 9.02793
internal_count=163284 7786 7234 155498 25646 21305 13366 5392
is_linear=0
shrinkage=0.0750466


Tree=378
num_leaves=9
num_cat=0
split_feature=147 118 107 107 10 139 7 82
split_gain=1.02913 4.62396 7.69166 20.9617 3.48396 6.88993 6.73905 6.34564
threshold=-31205.244999999999 694.53000000000009 91.500000000000014 171.50000000000003 -386.05499999999995 332.86000000000007 3181.8900000000008 1.5000000000000002
decision_type=8 8 2 2 2 10 2 2
left_child=1 2 -1 -4 5 6 -3 -8
right_child=-2 4 3 -5 -6 -7 7 -9
leaf_value=-0.014573257875579044 0.0005673609653886702 -0.0034996897138174191 0.11816527181498175 -0.077126770054123925 -0.030468247536359815 -0.057405031998497759 0.13799323577447303 0.0069229094699897725
leaf_weight=16.627297002854906 1530.8367754891115 80.002852829462427 10.363791363669405 4.4136861725855843 39.009053758853952 11.996942513189877 3.854826929904446 4.5191173038474517
leaf_count=1978 109150 24582 4270 3378 9488 5251 1668 3519
internal_value=-4.90896e-05 -0.00557458 0.02044 0.0598361 -0.011436 -0.00403935 0.00320492 0.0672593
internal_weight=1701.62 170.788 31.4048 14.7775 139.383 100.374 88.3768 8.37394
internal_count=163284 54134 9626 7648 44508 35020 29769 5187
is_linear=0
shrinkage=0.0750466


Tree=379
num_leaves=9
num_cat=0
split_feature=73 95 139 118 124 131 31 6
split_gain=0.956203 5.97804 9.45031 3.81108 4.0884 4.24641 5.1804 4.02979
threshold=9.5000000000000018 6.5000000000000009 3881.9600000000005 329.42500000000007 3500.5950000000007 1378.2750000000003 31540.495000000003 145.50000000000003
decision_type=2 2 8 8 8 10 2 2
left_child=-1 2 3 -2 5 -5 7 -7
right_child=1 -3 -4 4 -6 6 -8 -9
leaf_value=0.00058575098347546481 -0.031975757129545687 0.06020115302603421 -0.074250697638784419 -0.00014923476134093167 -0.031681383342633672 0.10476850169286968 -0.010464512439813705 0.018826462727636904
leaf_weight=1507.6093571955662 22.83193574094048 7.6062953971650122 11.280903366980963 112.86443020755314 18.981794964241544 7.0223479742671788 7.9083989308455775 5.4634464336595556
leaf_count=104268 8034 1129 2477 31790 5098 3091 4425 2972
internal_value=-5.23541e-05 -0.00501222 -0.007674 -0.00338409 0.000903885 0.00554544 0.0370606 0.0671626
internal_weight=1701.57 193.96 186.353 175.072 152.24 133.259 20.3942 12.4858
internal_count=163284 59016 57887 55410 47376 42278 10488 6063
is_linear=0
shrinkage=0.0750466


Tree=380
num_leaves=9
num_cat=0
split_feature=131 11 131 85 127 147 128 9
split_gain=0.973136 5.28545 3.87964 3.43149 6.46744 8.17088 9.19174 3.48315
threshold=568.90500000000009 52.845000000000006 14023.215000000002 2404.6500000000005 3233.5000000000005 -46645.979999999989 6499.9550000000008 2506.1000000000004
decision_type=10 2 8 2 10 10 10 2
left_child=-1 -2 3 7 5 -5 -7 -3
right_child=1 2 -4 4 -6 6 -8 -9
leaf_value=0.00048137458843049001 -0.036761918414623562 -0.02374880915433205 0.035720754747706362 0.12842731315819889 -0.037618386710360101 -0.037484496696777649 0.094472467806221913 0.012334358915593455
leaf_weight=1562.995426676895 25.745940193076422 50.500705287877281 15.556338801773562 4.7645586734943253 7.7812247814331377 7.7656640807963413 4.8172143903839242 21.473562612921341
leaf_count=124790 3051 11195 3391 2487 6083 4938 2366 4983
internal_value=-5.2712e-05 -0.0060841 0.000926685 -0.00464749 0.0192284 0.0447272 0.0130338 -0.0129834
internal_weight=1701.4 138.405 112.659 97.1029 25.1287 17.3474 12.5829 71.9743
internal_count=163284 38494 35443 32052 15874 9791 7304 16178
is_linear=0
shrinkage=0.0750466


Tree=381
num_leaves=9
num_cat=0
split_feature=4 6 97 8 153 18 58 6
split_gain=0.911115 1.61708 3.23129 5.23222 4.46591 9.45809 5.25373 4.41092
threshold=1.5000000000000002 115.50000000000001 7.5000000000000009 29166.560000000001 3489.6750000000006 47704.010000000009 7157.0650000000014 171.50000000000003
decision_type=2 2 2 2 10 2 2 2
left_child=1 -1 -3 4 -4 7 -7 -6
right_child=-2 2 3 -5 5 6 -8 -9
leaf_value=0.0022082113917167015 -0.010442440246712145 -0.0077067444017581846 0.01166417263236473 -0.016436118899586634 -0.0019973489407609643 0.13941038355470928 0.011581577976725778 -0.0496367412711404
leaf_weight=970.0501094495944 46.250580414491196 342.656978621485 225.53201712050577 65.708795208093306 21.577731316198879 3.1284449688173472 4.2993678854913924 22.215815320455022
leaf_count=72797 2213 22293 24366 23077 5477 2733 3834 6494
internal_value=-5.34283e-05 0.000236873 -0.00255432 0.00260104 0.00712098 -0.0128831 0.0654205 -0.0261641
internal_weight=1701.42 1655.17 685.119 342.462 276.753 51.2214 7.42781 43.7935
internal_count=163284 161071 88274 65981 42904 18538 6567 11971
is_linear=0
shrinkage=0.0750466


Tree=382
num_leaves=9
num_cat=0
split_feature=116 116 30 27 56 97 55 116
split_gain=0.973292 4.35689 1.47659 4.62682 3.12404 1.67016 1.40583 1.27736
threshold=45741.250000000007 77957.780000000013 5.5000000000000009 23.500000000000004 69.980000000000018 32.500000000000007 1.5000000000000002 1077.6100000000004
decision_type=10 10 2 2 2 2 2 10
left_child=2 -2 7 4 5 -4 -6 -1
right_child=1 -3 3 -5 6 -7 -8 -9
leaf_value=0.00049184201404673994 -0.044165362498956695 0.010870461011352514 0.035830013829675315 0.0632062521696619 -0.061560382841459531 -0.0031396668264527237 -0.002678557448279249 -0.0069261264950820356
leaf_weight=1482.2874416211398 14.217753172111768 18.830746847386308 11.845902445149479 8.5889307988145429 5.1820260363838297 12.981719118374711 4.0829870270904394 143.38513973138743
leaf_count=107894 4410 4410 2179 4224 2337 3001 2734 32095
internal_value=-5.32943e-05 -0.0128064 0.000199333 0.0139782 0.00157619 0.0154538 -0.0356118 -0.000162427
internal_weight=1701.4 33.0485 1668.35 42.6816 34.0926 24.8276 9.26501 1625.67
internal_count=163284 8820 154464 14475 10251 5180 5071 139989
is_linear=0
shrinkage=0.0750466


Tree=383
num_leaves=9
num_cat=0
split_feature=147 135 107 107 30 81 30 18
split_gain=0.929335 4.27196 4.46215 3.49522 5.258 4.03259 3.83912 3.75533
threshold=-31205.244999999999 -624.49999999999989 130.50000000000003 137.50000000000003 13.500000000000002 69044.115000000005 3.5000000000000004 47704.010000000009
decision_type=8 10 2 2 2 2 2 2
left_child=1 3 -3 5 6 -1 7 -5
right_child=-2 2 -4 4 -6 -7 -8 -9
leaf_value=-0.010237235293921624 0.00053340651399928058 0.043064706866057532 -0.022860527302003112 -0.0064035605790326482 0.073590074565742722 -0.047268513577327476 -0.047784289550581539 0.060364050858918307
leaf_weight=85.335479798619417 1531.0444238474411 18.291197420234315 8.4552571770986997 16.968144604657489 6.0039646799441462 20.550169507473129 8.044032800868079 6.5857697208339223
leaf_count=12261 109150 3949 6585 8233 3176 7287 5743 6900
internal_value=-5.14624e-05 -0.00531163 0.022224 -0.0104444 0.00921073 -0.0174242 -0.00302207 0.0122649
internal_weight=1701.28 170.234 26.7465 143.488 37.6019 105.886 31.5979 23.5539
internal_count=163284 54134 10534 43600 24052 19548 20876 15133
is_linear=0
shrinkage=0.0750466


Tree=384
num_leaves=9
num_cat=0
split_feature=99 11 9 105 149 9 105 105
split_gain=0.891824 5.67477 5.05749 2.44435 4.82403 4.16559 4.02911 2.6352
threshold=1.0000000180025095e-35 52.845000000000006 1061.5900000000001 2.5000000000000004 2555.5000000000005 172.97500000000002 3.5000000000000004 1.0000000180025095e-35
decision_type=2 2 2 2 10 2 2 2
left_child=3 -2 -3 7 5 -5 -6 -1
right_child=1 2 -4 4 6 -7 -8 -9
leaf_value=-0.00065848907193710423 0.029602023467863517 0.015896322108038406 -0.031303165301759181 0.0080406678989634779 -0.040056449907654113 -0.061327990606208548 0.055931284896959366 0.014877116694541727
leaf_weight=1514.994211707382 37.193105561866105 24.334563996129873 26.940323977405569 7.0479294890319606 3.8605736174463328 15.81655087880881 6.8025607748568291 64.093591595527414
leaf_count=122986 536 2069 2869 1587 2217 6457 4607 19956
internal_value=-5.11836e-05 0.00728516 -0.00890275 -0.000453655 -0.0205053 -0.0399452 0.0211791 -2.79144e-05
internal_weight=1701.08 88.468 51.2749 1612.62 33.5276 22.8645 10.6631 1579.09
internal_count=163284 5474 4938 157810 14868 8044 6824 142942
is_linear=0
shrinkage=0.0750466


Tree=385
num_leaves=9
num_cat=0
split_feature=102 96 10 118 142 56 11 25
split_gain=0.919188 1.48665 6.04961 6.2331 3.84377 3.80689 5.45584 7.57404
threshold=1.0000000180025095e-35 1.0000000180025095e-35 1.0000000180025095e-35 694.53000000000009 91494.000000000015 827.6500000000002 52.845000000000006 5340.5650000000014
decision_type=2 2 2 8 8 2 2 2
left_child=1 5 -3 -4 -5 -1 -7 -8
right_child=-2 2 3 4 -6 6 7 -9
leaf_value=-0.00087317374178026545 -0.0093669780536871795 -0.0025616568864977539 0.037826613231206827 0.024799162205575247 0.002517477924034514 -0.06934371876830045 0.023793906080520115 -0.052414057842431291
leaf_weight=726.13839653431387 57.617309483111967 537.03846695924858 40.619747561488111 53.05789732039193 244.7071395328303 11.078829433634381 17.721931618973034 12.543770674109053
leaf_count=31230 4973 91253 4125 3643 16931 745 2779 7605
internal_value=-5.00745e-05 0.000276673 0.00239043 0.0102497 0.00648779 -0.00213436 -0.0242848 -0.00779086
internal_weight=1700.52 1642.91 875.423 338.385 297.765 767.483 41.3445 30.2657
internal_count=163284 158311 115952 24699 20574 42359 11129 10384
is_linear=0
shrinkage=0.0750466


Tree=386
num_leaves=9
num_cat=0
split_feature=24 68 24 95 72 81 97 81
split_gain=0.954655 3.10977 2.47315 5.04654 4.48215 4.84445 5.55428 4.46462
threshold=1.0000000180025095e-35 364.74000000000007 8.5000000000000018 1.0000000180025095e-35 2333.3600000000006 1.0000000180025095e-35 1.5000000000000002 120485.42000000003
decision_type=2 8 2 2 2 2 2 2
left_child=-1 2 7 4 5 6 -4 -2
right_child=1 -3 3 -5 -6 -7 -8 -9
leaf_value=-0.0010735622970019804 0.010445993099963056 -0.036088852901666794 0.087290911713680461 0.028366666604311291 0.029512900849611338 -0.029315268105579148 -0.011894653023145504 -0.021253077510780129
leaf_weight=1277.0832997880038 276.07062620587203 11.138850621599429 4.5637676498154169 20.05469568503031 11.90482409843389 61.557212639376075 10.485091477683453 27.518083520738401
leaf_count=48497 43122 6083 1768 5653 2913 36358 6999 11891
internal_value=-4.98157e-05 0.00303885 0.00409631 -0.00562495 -0.0133267 -0.0199842 0.0181847 0.00757271
internal_weight=1700.38 423.293 412.154 108.566 88.5109 76.6061 15.0489 303.589
internal_count=163284 114787 108704 53691 48038 45125 8767 55013
is_linear=0
shrinkage=0.0750466


Tree=387
num_leaves=9
num_cat=0
split_feature=80 64 57 10 5 127 147 6
split_gain=0.920861 3.5741 4.31612 4.03084 5.3778 4.64611 5.68108 4.0335
threshold=2.5000000000000004 1745.0100000000002 4.5000000000000009 1.0000000180025095e-35 49.500000000000007 1747.5000000000002 -12321.749999999998 61.500000000000007
decision_type=2 2 2 2 2 10 10 2
left_child=1 -1 3 4 7 -6 -7 -3
right_child=-2 2 -4 -5 5 6 -8 -9
leaf_value=0.00034650767129206406 0.0042309980017145163 -0.053646229962728498 -0.054619292635287392 -0.029451144556717025 0.059458639075648412 0.042844008943674641 -0.043016083518181189 -0.0013580234989511732
leaf_weight=1338.704486675218 242.64445890093839 11.460301791628806 12.67256551642822 34.3453381320669 13.113874005071922 8.754401220431193 8.6076283647926157 30.214184932907301
leaf_count=70025 56832 3738 7286 5919 2672 3583 1661 11568
internal_value=-4.9673e-05 -0.000762136 -0.0132163 -0.00828956 0.00178387 0.025743 0.000276879 -0.0157371
internal_weight=1700.52 1457.87 119.168 106.496 72.1504 30.4759 17.362 41.6745
internal_count=163284 106452 36427 29141 23222 7916 5244 15306
is_linear=0
shrinkage=0.0750466


Tree=388
num_leaves=9
num_cat=0
split_feature=68 83 83 97 137 52 0 52
split_gain=0.96252 8.48144 1.17288 7.26709 10.6741 9.03171 9.5014 9.41517
threshold=580.48000000000013 5324.8300000000008 37776.215000000004 7.5000000000000009 7430.2150000000011 118596.87000000001 37799697.500000007 170555.95500000005
decision_type=8 2 2 2 8 2 2 2
left_child=2 -2 -1 4 -4 -5 -7 -8
right_child=1 -3 3 5 -6 6 7 -9
leaf_value=-0.00084922922848922793 0.044751836667375339 -0.049042782275012298 0.098893910801889306 -0.0080406518221322106 -0.003975501298058081 0.0058908951517865401 0.27797081445201688 0.042323595067738147
leaf_weight=1543.0188451260715 16.889923943849229 8.0022112000524412 10.861275100829515 100.49773953558861 11.910930351553363 5.4722801590817181 1.9094757387802022 1.9101874049883916
leaf_count=116793 2540 4530 1380 22733 3531 7189 2080 2508
internal_value=-4.96429e-05 0.0145992 -0.000267263 0.00650682 0.0450884 -0.00149564 0.0692924 0.160125
internal_weight=1700.47 24.8921 1675.58 132.562 22.7722 109.79 9.29194 3.81966
internal_count=163284 7070 156214 39421 4911 34510 11777 4588
is_linear=0
shrinkage=0.0750466


Tree=389
num_leaves=9
num_cat=0
split_feature=57 27 24 0 134 112 22 112
split_gain=1.00189 5.60268 5.21107 3.88807 1.68654 4.67739 2.99103 2.204
threshold=6.5000000000000009 12.500000000000002 2.5000000000000004 34241628.000000007 1076107.5600000003 933800.96000000008 319.2050000000001 1348452.2050000003
decision_type=2 2 2 2 10 10 2 10
left_child=4 -2 3 -3 5 -1 -7 -6
right_child=1 2 -4 -5 7 6 -8 -9
leaf_value=-0.00052838083216407892 0.055584415014313611 -0.0095204923630410592 -0.044562449600450416 0.050296114505849927 -0.036856745624661527 0.0050594054299850878 0.053621716191633688 -0.001217221739303428
leaf_weight=1582.5683145854618 11.796314701836307 14.561444459104225 11.962015602331347 10.557005976781509 16.266135546295118 13.856059890320468 14.743661301649352 24.479865154584331
leaf_count=135094 2223 4178 8793 1612 2664 828 3793 4099
internal_value=-5.28286e-05 0.0105363 -0.00379479 0.0156198 -0.000366138 1.51971e-05 0.0300941 -0.0154448
internal_weight=1700.79 48.8768 37.0805 25.1185 1651.91 1611.17 28.5997 40.746
internal_count=163284 16806 14583 5790 146478 139715 4621 6763
is_linear=0
shrinkage=0.0750466


Tree=390
num_leaves=9
num_cat=0
split_feature=138 25 138 10 140 149 10 129
split_gain=1.0016 1.22606 7.19357 5.5177 8.99726 6.75224 4.30741 4.07091
threshold=-1.0000000180025095e-35 10238.335000000001 13933.140000000001 -1.0000000180025095e-35 -1.0000000180025095e-35 4617.5000000000009 -1918.8199999999999 1.0000000180025095e-35
decision_type=8 2 8 2 10 10 2 8
left_child=-1 -2 3 5 -5 -3 -4 -8
right_child=1 2 6 4 -6 -7 7 -9
leaf_value=-0.0096800218886019425 -0.00039869166778045697 -0.010703204373032469 -0.037514352215071552 0.011796058946986017 0.088123774760783216 0.059719259395372273 -0.054080547865123341 0.0073382172519507712
leaf_weight=58.751108072574425 1474.6638832646881 34.336914207513473 21.621929658229874 20.135021174344729 15.312183126470698 9.872896652796042 6.7696026189360046 59.480153043073642
leaf_count=2104 85421 12309 19845 3738 4064 3386 4150 28267
internal_value=-5.19935e-05 0.000292459 0.00637628 0.0227095 0.0447675 0.00502348 -0.00843 0.00106226
internal_weight=1700.94 1642.19 167.529 79.657 35.4472 44.2098 87.8717 66.2498
internal_count=163284 161180 75759 23497 7802 15695 52262 32417
is_linear=0
shrinkage=0.0750466


Tree=391
num_leaves=9
num_cat=0
split_feature=125 138 6 6 125 25 116 116
split_gain=0.95548 1.84606 5.71171 3.27807 1.11045 7.01037 4.43363 5.12759
threshold=-28173.074999999993 61411.745000000003 145.50000000000003 105.50000000000001 -6763.4499999999989 16350.765000000001 8739.4750000000022 19720.290000000005
decision_type=8 10 2 2 8 2 10 10
left_child=1 3 -3 -1 5 6 -2 -8
right_child=4 2 -4 -5 -6 -7 7 -9
leaf_value=0.0051176940467401828 0.042187006308707205 -0.03680692166456933 0.077428896204278813 -0.056270540519775369 -0.00025537174409275779 -0.047898246607978701 -0.021827812735156674 0.028416070593947032
leaf_weight=9.4251058860736574 25.622782123344223 5.6788478862827088 4.3557431976337284 10.201743533830266 1589.4025013825221 10.718070245013449 22.967854945823547 22.790988532551637
leaf_count=1786 3681 2469 2964 3251 129778 8865 5312 5178
internal_value=-5.26744e-05 -0.013404 0.0127797 -0.026791 0.000184251 0.00869509 0.0171927 0.00319703
internal_weight=1701.16 29.6614 10.0346 19.6268 1671.5 82.0997 71.3816 45.7588
internal_count=163284 10470 5433 5037 152814 23036 14171 10490
is_linear=0
shrinkage=0.0750466


Tree=392
num_leaves=9
num_cat=0
split_feature=8 28 151 81 83 83 7 142
split_gain=1.03505 2.47754 2.65004 2.12172 4.74943 4.58989 1.71654 5.7284
threshold=-8804.7999999999975 21895.940000000006 4.5000000000000009 8797.7650000000012 14077.235000000002 47319.67500000001 1.0000000180025095e-35 119646.00000000001
decision_type=2 2 8 2 2 2 2 8
left_child=1 2 -1 -3 -5 -6 7 -2
right_child=6 3 -4 4 5 -7 -8 -9
leaf_value=0.0012025758355950454 -0.029553140034875906 0.012769815557312773 0.032699518516616288 -0.049743100587190586 0.067242873330469938 -0.028161529735399895 0.00037057633862251817 0.00046427333341188677
leaf_weight=29.806550438686827 48.257596367420774 18.898893819978639 30.376726524755213 13.998621990222093 5.2297963898181461 6.2152995491828733 1409.5525388825536 138.76121098544468
leaf_count=3021 7166 3165 1533 3665 2219 3040 117129 22346
internal_value=-5.20898e-05 0.00718275 0.0171002 -0.0062776 -0.0204255 0.0154332 -0.000525748 -0.0072813
internal_weight=1701.1 104.526 60.1833 44.3426 25.4437 11.4451 1596.57 187.019
internal_count=163284 16643 4554 12089 8924 5259 146641 29512
is_linear=0
shrinkage=0.0750466


Tree=393
num_leaves=9
num_cat=0
split_feature=5 5 140 7 5 97 97 5
split_gain=0.920823 2.4163 4.0623 5.01895 2.11535 7.18687 3.90487 3.99293
threshold=76.500000000000014 69.500000000000014 7173.1900000000014 1842.0450000000003 61.500000000000007 36.500000000000007 36.500000000000007 34.500000000000007
decision_type=2 2 8 2 2 2 2 2
left_child=1 4 -3 -4 6 -6 -1 -8
right_child=-2 2 3 -5 5 -7 7 -9
leaf_value=-0.0026466391939034997 0.010871120429596899 0.0075013272583392349 -0.0029543743508189716 -0.04644236724836473 0.014287926438610012 -0.022079357733311818 0.024217747486787806 0.0023989124983848178
leaf_weight=1096.4633753775099 42.391214152469729 37.724047333267663 30.969721887620835 28.888196172401877 164.96037212042302 37.575183417027347 61.856543899862118 199.87902468938319
leaf_count=81050 2872 2130 2139 2665 8045 7184 10674 46525
internal_value=-5.08204e-05 -0.000330016 -0.0117865 -0.0239422 0.00038628 0.00754093 -0.000680625 0.00755541
internal_weight=1700.71 1658.32 97.582 59.8579 1560.73 202.536 1358.2 261.736
internal_count=163284 160412 6934 4804 153478 15229 138249 57199
is_linear=0
shrinkage=0.0750466


Tree=394
num_leaves=9
num_cat=0
split_feature=13 22 83 6 6 12 0 118
split_gain=0.877992 1.00166 4.58112 5.6349 3.96327 7.66457 10.6284 4.56465
threshold=1.5000000000000002 6061.1650000000009 37776.215000000004 54.500000000000007 189.50000000000003 6.5000000000000009 28166114.000000004 6499.9550000000008
decision_type=2 2 2 2 2 2 2 8
left_child=1 2 -1 -4 7 -6 -7 -3
right_child=-2 4 3 -5 5 6 -8 -9
leaf_value=0.0002890134449873346 -0.012797648766447317 -0.025898306786664251 0.057874184776121981 0.0058200677281273414 0.039298704864911778 -0.017494318411355007 0.057870757684884519 -0.0028459673077269672
leaf_weight=1192.8460810487168 29.892963602207601 59.455522770730568 17.366958083855934 35.97044866217675 33.491854087224056 59.444025782131803 12.809805529578169 259.62586534386082
leaf_count=47548 829 21035 2195 5207 3849 22330 4812 55479
internal_value=-4.96673e-05 0.000178383 0.00125118 0.0227692 -0.00296854 0.00962277 -0.00413292 -0.00714139
internal_weight=1700.9 1671.01 1246.18 53.3374 424.827 105.746 72.2538 319.081
internal_count=163284 162455 54950 7402 107505 30991 27142 76514
is_linear=0
shrinkage=0.0750466


end of trees

feature_importances:
cliente_edad=104
mrentabilidad_annual=89
mcuentas_saldo=75
numero_de_cliente=74
Master_fechaalta=74
mcuenta_corriente=71
Master_Fvencimiento=67
mprestamos_personales=65
Visa_mpagominimo=65
mrentabilidad=64
mactivos_margen=58
Visa_msaldopesos=57
cliente_antiguedad=56
chomebanking_transacciones=56
mpasivos_margen=55
Master_mfinanciacion_limite=54
mcaja_ahorro_dolares=51
ctarjeta_visa_transacciones=51
ctrx_quarter=51
Visa_fechaalta=51
mpagomiscuentas=50
mautoservicio=49
mtransferencias_emitidas=48
mtransferencias_recibidas=45
Visa_mconsumospesos=45
mcomisiones=44
Master_mpagospesos=43
Visa_mpagospesos=43
cproductos=42
Master_mlimitecompra=42
Visa_cconsumos=42
Visa_Fvencimiento=41
mcaja_ahorro=37
mcuenta_debitos_automaticos=36
Master_msaldototal=36
Visa_msaldototal=36
mtarjeta_visa_consumo=35
cprestamos_personales=35
ccaja_seguridad=35
mcomisiones_otras=34
ctransferencias_emitidas=34
mpayroll=33
ctransferencias_recibidas=33
mextraccion_autoservicio=32
Visa_mfinanciacion_limite=32
mplazo_fijo_dolares=31
Visa_mlimitecompra=31
ctarjeta_debito_transacciones=30
ctarjeta_visa_debitos_automaticos=30
ccomisiones_mantenimiento=30
ccomisiones_otras=29
mcomisiones_mantenimiento=28
ccajas_consultas=28
internet=26
Master_mpagominimo=26
ccaja_ahorro=25
cdescubierto_preacordado=25
Visa_mconsumototal=25
cpayroll_trx=24
ccallcenter_transacciones=24
mttarjeta_visa_debitos_automaticos=23
Master_msaldopesos=23
Visa_mconsumosdolares=22
matm=21
cpagomiscuentas=20
ccuenta_debitos_automaticos=19
Visa_status=19
thomebanking=18
mtarjeta_master_consumo=17
tmobile_app=17
Master_mconsumospesos=17
mttarjeta_master_debitos_automaticos=15
Master_status=15
Master_fultimo_cierre=15
ctarjeta_debito=14
tcallcenter=14
cmobile_app_trx=13
tcuentas=12
Visa_mpagosdolares=12
Master_mconsumototal=11
cseguro_vida=10
Visa_mpagado=10
ctarjeta_visa=9
ctarjeta_master_transacciones=9
catm_trx_other=9
cextraccion_autoservicio=8
ccajas_otras=8
catm_trx=8
cseguro_vivienda=7
matm_other=7
Master_cconsumos=7
ctarjeta_master=6
cplazo_fijo=6
Visa_msaldodolares=6
Visa_fultimo_cierre=6
mtarjeta_visa_descuentos=4
ccajas_transacciones=4
cinversion1=3
Master_mconsumosdolares=3
cinversion2=2
mcheques_depositados=2
Master_mpagado=2
ctarjeta_visa_descuentos=1
ccajas_extracciones=1
Master_msaldodolares=1
Master_mpagosdolares=1
Visa_cadelantosefectivo=1

parameters:
[boosting: gbdt]
[objective: binary]
[metric: auc]
[tree_learner: serial]
[device_type: cpu]
[data_sample_strategy: bagging]
[data: ]
[valid: ]
[num_iterations: 395]
[learning_rate: 0.0750466]
[num_leaves: 9]
[num_threads: 0]
[seed: 542981]
[deterministic: 0]
[force_col_wise: 0]
[force_row_wise: 1]
[histogram_pool_size: -1]
[max_depth: -1]
[min_data_in_leaf: 2230]
[min_sum_hessian_in_leaf: 1.06535e-05]
[bagging_fraction: 1]
[pos_bagging_fraction: 1]
[neg_bagging_fraction: 1]
[bagging_freq: 0]
[bagging_seed: 10760]
[bagging_by_query: 0]
[feature_fraction: 0.218412]
[feature_fraction_bynode: 1]
[feature_fraction_seed: 12272]
[extra_trees: 0]
[extra_seed: 3286]
[early_stopping_round: 0]
[early_stopping_min_delta: 0]
[first_metric_only: 0]
[max_delta_step: 0]
[lambda_l1: 0]
[lambda_l2: 0]
[linear_lambda: 0]
[min_gain_to_split: 0]
[drop_rate: 0.1]
[max_drop: 50]
[skip_drop: 0.5]
[xgboost_dart_mode: 0]
[uniform_drop: 0]
[drop_seed: 9099]
[top_rate: 0.2]
[other_rate: 0.1]
[min_data_per_group: 100]
[max_cat_threshold: 32]
[cat_l2: 10]
[cat_smooth: 10]
[max_cat_to_onehot: 4]
[top_k: 20]
[monotone_constraints: ]
[monotone_constraints_method: basic]
[monotone_penalty: 0]
[feature_contri: ]
[forcedsplits_filename: ]
[refit_decay_rate: 0.9]
[cegb_tradeoff: 1]
[cegb_penalty_split: 0]
[cegb_penalty_feature_lazy: ]
[cegb_penalty_feature_coupled: ]
[path_smooth: 0]
[interaction_constraints: ]
[verbosity: -100]
[saved_feature_importance_type: 0]
[use_quantized_grad: 0]
[num_grad_quant_bins: 4]
[quant_train_renew_leaf: 0]
[stochastic_rounding: 1]
[linear_tree: 0]
[max_bin: 31]
[max_bin_by_feature: ]
[min_data_in_bin: 3]
[bin_construct_sample_cnt: 200000]
[data_random_seed: 3714]
[is_enable_sparse: 1]
[enable_bundle: 1]
[use_missing: 1]
[zero_as_missing: 0]
[feature_pre_filter: 0]
[pre_partition: 0]
[two_round: 0]
[header: 0]
[label_column: ]
[weight_column: ]
[group_column: ]
[ignore_column: ]
[categorical_feature: ]
[forcedbins_filename: ]
[precise_float_parser: 0]
[parser_config_file: ]
[objective_seed: 18530]
[num_class: 1]
[is_unbalance: 0]
[scale_pos_weight: 1]
[sigmoid: 1]
[boost_from_average: 1]
[reg_sqrt: 0]
[alpha: 0.9]
[fair_c: 1]
[poisson_max_delta_step: 0.7]
[tweedie_variance_power: 1.5]
[lambdarank_truncation_level: 30]
[lambdarank_norm: 1]
[label_gain: ]
[lambdarank_position_bias_regularization: 0]
[eval_at: ]
[multi_error_top_k: 1]
[auc_mu_weights: ]
[num_machines: 1]
[local_listen_port: 12400]
[time_out: 120]
[machine_list_filename: ]
[machines: ]
[gpu_platform_id: -1]
[gpu_device_id: -1]
[gpu_device_id_list: ]
[gpu_use_dp: 0]
[num_gpu: 1]

end of parameters
