tree
version=v4
num_class=1
num_tree_per_iteration=1
label_index=0
max_feature_idx=153
objective=binary sigmoid:1
feature_names=numero_de_cliente foto_mes active_quarter cliente_vip internet cliente_edad cliente_antiguedad mrentabilidad mrentabilidad_annual mcomisiones mactivos_margen mpasivos_margen cproductos tcuentas ccuenta_corriente mcuenta_corriente_adicional mcuenta_corriente ccaja_ahorro mcaja_ahorro mcaja_ahorro_adicional mcaja_ahorro_dolares cdescubierto_preacordado mcuentas_saldo ctarjeta_debito ctarjeta_debito_transacciones mautoservicio ctarjeta_visa ctarjeta_visa_transacciones mtarjeta_visa_consumo ctarjeta_master ctarjeta_master_transacciones mtarjeta_master_consumo cprestamos_personales mprestamos_personales cprestamos_prendarios mprestamos_prendarios cprestamos_hipotecarios mprestamos_hipotecarios cplazo_fijo mplazo_fijo_dolares mplazo_fijo_pesos cinversion1 minversion1_pesos minversion1_dolares cinversion2 minversion2 cseguro_vida cseguro_auto cseguro_vivienda cseguro_accidentes_personales ccaja_seguridad cpayroll_trx mpayroll mpayroll2 cpayroll2_trx ccuenta_debitos_automaticos mcuenta_debitos_automaticos ctarjeta_visa_debitos_automaticos mttarjeta_visa_debitos_automaticos ctarjeta_master_debitos_automaticos mttarjeta_master_debitos_automaticos cpagodeservicios mpagodeservicios cpagomiscuentas mpagomiscuentas ccajeros_propios_descuentos mcajeros_propios_descuentos ctarjeta_visa_descuentos mtarjeta_visa_descuentos ctarjeta_master_descuentos mtarjeta_master_descuentos ccomisiones_mantenimiento mcomisiones_mantenimiento ccomisiones_otras mcomisiones_otras cforex cforex_buy mforex_buy cforex_sell mforex_sell ctransferencias_recibidas mtransferencias_recibidas ctransferencias_emitidas mtransferencias_emitidas cextraccion_autoservicio mextraccion_autoservicio ccheques_depositados mcheques_depositados ccheques_emitidos mcheques_emitidos ccheques_depositados_rechazados mcheques_depositados_rechazados ccheques_emitidos_rechazados mcheques_emitidos_rechazados tcallcenter ccallcenter_transacciones thomebanking chomebanking_transacciones ccajas_transacciones ccajas_consultas ccajas_depositos ccajas_extracciones ccajas_otras catm_trx matm catm_trx_other matm_other ctrx_quarter tmobile_app cmobile_app_trx Master_delinquency Master_status Master_mfinanciacion_limite Master_Fvencimiento Master_Finiciomora Master_msaldototal Master_msaldopesos Master_msaldodolares Master_mconsumospesos Master_mconsumosdolares Master_mlimitecompra Master_madelantopesos Master_madelantodolares Master_fultimo_cierre Master_mpagado Master_mpagospesos Master_mpagosdolares Master_fechaalta Master_mconsumototal Master_cconsumos Master_cadelantosefectivo Master_mpagominimo Visa_delinquency Visa_status Visa_mfinanciacion_limite Visa_Fvencimiento Visa_Finiciomora Visa_msaldototal Visa_msaldopesos Visa_msaldodolares Visa_mconsumospesos Visa_mconsumosdolares Visa_mlimitecompra Visa_madelantopesos Visa_madelantodolares Visa_fultimo_cierre Visa_mpagado Visa_mpagospesos Visa_mpagosdolares Visa_fechaalta Visa_mconsumototal Visa_cconsumos Visa_cadelantosefectivo Visa_mpagominimo
feature_infos=[12159854:77722076] [202104:202104] [0:1] [0:1] [0:4] [19:101] [1:376] [-239774.32000000001:645741.12] [-603976.89000000001:6868191.71] [-32909.18:341624.25] [-313906.75:299888.78000000003] [-62197.190000000002:519043.78999999998] [3:17] [1:2] [1:3] [-82991.339999999997:2108268.0299999998] [-2195857.5:21365751.859999999] [2:8] [-8280.1299999999992:30787954.780000001] [-1190.8199999999999:2654243.8300000001] [-26336.5:135638177.87] [0:1] [-2232579.79:328744518.88999999] [0:301] [0:162] [0:1400273.4399999999] [0:3] [0:634] [0:2837240.7200000002] [0:2] [0:356] [0:1779727.1100000001] [0:506] [0:7038000] [0:19] [0:20442808.949999999] [0:20] [0:35851430.100000001] [0:99] [0:59597784] [0:32117593.73] [0:11] [0:108203113.08] [0:117252843.86] [0:52] [0:355653815.48000002] [0:3] [0:11] [0:4] [0:5] [0:6] [0:126] [0:60648897.310000002] [0:317432.5] [0:4] [0:134] [0:7283353.5099999998] [0:72] [0:722029.88] [0:58] [0:557086.31999999995] [0:42] [0:8517858.4399999995] [0:678] [0:230670200.97999999] [0:12] [0:23460] [0:15] [0:74972.639999999999] [0:15] [0:78459.029999999999] [0:38] [-15494.48:12465.219999999999] [0:256] [-32909.18:341624.25] [0:18] [0:15] [0:11759.32] [0:18] [0:3628.9099999999999] [0:902] [0:531368551.08999997] [0:259] [0:154341745.75999999] [0:101] [0:2011695] [0:140] [0:63679162.43] [0:89] [0:15356358.539999999] [0:13] [0:4222800] [0:14] [0:2366424.8700000001] [0:1] [0:101] [0:1] [0:12022] [0:1] [0:34] [0:8] [0:9] [0:52] [0:101] [0:2011695] [0:57] [0:1642602.8] [0:3437] [0:1] [0:1] [0:1] [0:9] [0:550790361] [-2251:6880] [2:207] [-1008582:2798756.1099999999] [-990227.02000000002:2797981.7999999998] [-630945.59999999998:1087846.4399999999] [-45738.199999999997:1774651.05] [0:9649.6599999999999] [985.32000000000005:9212742] [0:52785] [0:214.69] [2:3320] [0:787680.82999999996] [-1271748.3799999999:49814.739999999998] [0:9334.25] [2:7632] [-45738.199999999997:1774651.05] [0:126] [0:20] [0:1361723.97] [0:1] [0:9] [0:124710817.52] [-2914148:5845] [5:208] [-890074.31999999995:7278914.8899999997] [-1044057.17:8538167.1600000001] [-702902.58999999997:738213.71999999997] [-60767.610000000001:2779277.9500000002] [0:13403.35] [1011.71:16422000] [0:191476.91] [0:2047.8800000000001] [2:163] [0:1994100] [-2855922.9199999999:70457.759999999995] [0:10844.469999999999] [2:12628] [-60767.610000000001:2779277.9500000002] [0:180] [0:16] [0:2073101.55]
tree_sizes=1094 1131 1121 1115 1117 1110 1124 1110 1120 1134 1119 1124 1134 1133 1128 1141 1124 1131 1131 1143 1138 1134 1144 1137 1139 1143 1132 1126 1137 1139 1142 1142 1119 1133 1143 1136 1130 1122 1134 1137 1147 1127 1132 1126 1140 1138 1127 1133 1138 1137 1141 1139 1151 1144 1141 1143 1142 1138 1143 1125 1151 1140 1148 1142 1139 1133 1152 1143 1152 1144 1141 1144 1139 1142 1135 1146 1149 1133 1160 1146 1136 1153 1151 1131 1133 1131 1135 1131 1135 1134 1143 1141 1138 1132 1137 1137 1135 1151 1143 1141 1135 1141 1155 1138 1141 1155 1150 1146 1133 1148 1137 1139 1137 1134 1155 1146 1145 1155 1146 1137 1148 1136 1138 1145 1145 1149 1142 1136 1143 1143 1155 1141 1146 1151 1119 1140 1131 1147 1129 1142 1130 1140 1143 1138 1133 1142 1131 1118 1137 1146 1135 1139 1148 1154 1135 1139 1134 1137 1147 1142 1145 1124 1135 1140 1144 1144 1138 1139 1141 1137 1153 1133 1131 1133 1145 1128 1126 1131 1139 1135 1130 1137 1150 1138 1139 1149 1137 1143 1135 1146 1145 1140 1122 1123 1136 1133 1130 1139 1149 1146 1136 1148 1138 1121 1143 1142 1139 1142 1154 1133 1141 1145 1142 1130 1139 1131 1145 1134 1127 1131 1147 1144 1130 1133 1144 1139 1149 1131 1129 1136 1131 1121 1135 1126 1139 1151 1142 1143 1120 1137 1137 1140 1136 1138 1141 1148 1145 1130 1131 1143 1133 1126 1134 1140 1142 1137 1158 1130 1143 1132 1150 1141 1131 1137 1129 1137 1119 1136 1142 1128 1132 1146 1131 1137 1149 1137 1144 1138 1134 1137 1142 1142 1135 1146 1142 1144 1146 1144 1146 1133 1147 1142 1126 1132 1117 1145 1140 1124 1144 1131 1148 1131 1140 1132 1147 1123 1123 1142 1133 1125 1139 1142 1145 1130 1132 1132 1151 1139 1137 1137 1136 1135 1131 1133 1134 1127 1139 1131 1127 1142 1145 1151 1148 1130 1145 1139 1148 1136 1144 1138 1130 1138 1131 1126 1139 1168 1137 1143 1130 1146 1144 1147 1136 1144 1144 1138 1150 1135 1126 1144 1147 1138 1135 1139 1138 1126 1132 1141 1130 1137 1136 1137 1131 1136 1125 1149 1137 1140 1128 1131 1135 1140 1134 1139 1144 1131 1142 1138 1125 1142 1142 1141 1128 1140 1133

Tree=0
num_leaves=9
num_cat=0
split_feature=11 137 84 16 111 133 25 24
split_gain=3707.6 2187.05 1592.7 1254.02 825.926 294.257 136.948 114.675
threshold=93.555000000000021 4483.3200000000006 1.0000000180025095e-35 -118.94499999999998 1.0000000180025095e-35 6.5000000000000009 803.5100000000001 1.0000000180025095e-35
decision_type=2 10 2 2 8 8 2 2
left_child=1 2 3 4 -1 6 -2 -3
right_child=5 7 -4 -5 -6 -7 -8 -9
leaf_value=-3.800499578347317 -4.3506386891700055 -4.2482488067814366 -4.301449707384263 -4.0932420549357911 -3.3082497159452386 -4.1993412864410367 -4.3985261733972569 -4.3896837156381716
leaf_weight=47.9808309674263 458.06818753480911 57.541399300098419 45.527121275663376 46.62048414349556 31.999934166669846 49.023339748382568 1265.5929465591908 73.56043666601181
leaf_count=3774 36030 4526 3581 3667 2517 3856 99547 5786
internal_value=-4.33916 -4.09667 -3.92077 -3.78388 -3.60355 -4.38064 -4.3858 -4.32761
internal_weight=2075.91 303.23 172.128 126.601 79.9808 1772.68 1723.66 131.102
internal_count=163284 23851 13539 9958 6291 139433 135577 10312
is_linear=0
shrinkage=1


Tree=1
num_leaves=9
num_cat=0
split_feature=11 2 84 147 11 84 147 16
split_gain=2382.24 993.104 564.193 375.125 115.34 114.945 119.671 81.6698
threshold=136.92000000000004 1.0000000180025095e-35 1.0000000180025095e-35 -10789.794999999998 368.24500000000006 1.0000000180025095e-35 -2974.2299999999996 -68.659999999999982
decision_type=2 2 2 8 2 2 8 2
left_child=1 -1 3 -3 5 6 -2 -5
right_child=4 2 -4 7 -6 -7 -8 -9
leaf_value=0.49039458375815492 0.0047255356007114566 0.015213918085003258 -0.016754841369658057 0.24200628050853262 -0.054192970877850542 -0.048801123721292944 0.15629981278545754 0.1398259490216435
leaf_weight=43.123796178027987 127.36777355335653 68.216007001698017 131.67930803634226 170.53933868464082 1305.2575403656811 165.59767439309508 38.114708658307791 59.398296787403524
leaf_count=2002 10326 5142 10382 7733 107254 13512 2978 3955
internal_value=-0.00128084 0.147067 0.112622 0.169761 -0.0441583 -0.00459753 0.0396368 0.215611
internal_weight=2109.29 472.957 429.833 298.154 1636.34 331.08 165.482 229.938
internal_count=163284 29214 27212 16830 134070 26816 13304 11688
is_linear=0
shrinkage=0.0750466


Tree=2
num_leaves=9
num_cat=0
split_feature=11 25 12 26 10 10 25 113
split_gain=1810.06 656.099 473.166 165.537 146.982 176.522 103.08 89.0813
threshold=136.92000000000004 1.0000000180025095e-35 5.5000000000000009 1.0000000180025095e-35 567.17500000000007 -109.73499999999999 4305.3500000000013 -1263.4999999999998
decision_type=2 2 2 2 2 2 2 10
left_child=1 2 -1 -2 5 -4 -5 -7
right_child=3 -3 4 6 -6 7 -8 -9
leaf_value=0.32095357036530914 0.095764268463793004 -0.0054930497961964584 0.053207717126893261 -0.021043489685596491 0.025873468854670026 0.1474602173081615 -0.06171700209859466 0.26330200090010986
leaf_weight=90.259853874333203 47.139792008325458 172.81543297879398 68.29456502944231 549.24968165159225 66.229726811870933 84.845957613550127 971.84558299090713 66.838791009038687
leaf_count=2866 3263 12372 4219 45831 2992 3670 84976 3095
internal_value=-0.00167446 0.115564 0.171134 -0.042738 0.123887 0.153396 -0.0470303 0.198505
internal_weight=2117.52 549.284 376.469 1568.24 286.209 219.979 1521.1 151.685
internal_count=163284 29214 16842 134070 13976 10984 130807 6765
is_linear=0
shrinkage=0.0750466


Tree=3
num_leaves=9
num_cat=0
split_feature=18 138 51 138 71 12 18 31
split_gain=1815.8 404.501 319.741 336.713 203.348 98.4705 80.687 64.6379
threshold=952.04500000000019 10376.35 1.0000000180025095e-35 6957.295000000001 1.0000000180025095e-35 6.5000000000000009 24182.040000000005 1.0000000180025095e-35
decision_type=2 10 2 10 2 2 2 2
left_child=1 4 3 6 -1 -6 -2 -3
right_child=2 7 -4 -5 5 -7 -8 -9
leaf_value=0.0955618700760381 0.11298142087785283 0.067160821973182933 -0.067258336592068604 -0.034031186441764838 0.25908110798506578 0.15267388716748317 0.012931387477968539 -0.034704712509798223
leaf_weight=117.46802184637636 138.44139026012272 81.189037838950753 951.03921347856522 494.29231028072536 130.05953780654818 78.570690317079425 67.547315239906311 61.777742072939873
leaf_count=4826 7900 6154 84012 43180 3304 3014 5839 5055
internal_value=-0.00190815 0.128396 -0.0389215 -0.000437779 0.17454 0.219008 0.0801733 0.0231434
internal_weight=2120.39 469.065 1651.32 700.281 326.098 208.63 205.989 142.967
internal_count=163284 22353 140931 56919 11144 6318 13739 11209
is_linear=0
shrinkage=0.0750466


Tree=4
num_leaves=9
num_cat=0
split_feature=18 33 12 52 153 153 33 11
split_gain=1421.16 830.064 425.419 294.054 285.514 197.236 106.248 128.407
threshold=952.04500000000019 17595.285000000003 5.5000000000000009 1.0000000180025095e-35 475.06500000000005 651.0150000000001 17595.285000000003 368.24500000000006
decision_type=2 2 2 2 10 10 2 2
left_child=1 2 -1 4 6 -4 7 -2
right_child=3 -3 5 -5 -6 -7 -8 -9
leaf_value=0.29705776975875192 0.14773479151060095 -0.052254345292054555 0.16462558828076751 -0.066502885885984228 -0.033861052705510708 0.037999537783075882 -0.041690095916274865 0.021087930370200309
leaf_weight=96.96883634570986 103.8883383013308 139.9624193739146 179.09192300029099 880.30664497055113 487.022575519979 112.98607428837568 40.379177048802376 79.661996221169829
leaf_count=1971 5359 6213 6041 83065 43495 8128 2113 6899
internal_value=-0.00208529 0.104475 0.160859 -0.0375109 -0.00161288 0.115642 0.0685234 0.0927693
internal_weight=2120.27 529.009 389.047 1591.26 710.952 292.078 223.93 183.55
internal_count=163284 22353 16140 140931 57866 14169 14371 12258
is_linear=0
shrinkage=0.0750466


Tree=5
num_leaves=9
num_cat=0
split_feature=138 9 82 56 56 31 82 5
split_gain=924.645 339.212 92.4536 79.5769 74.0057 62.3177 53.6838 51.7269
threshold=3423.4750000000004 1579.095 1.0000000180025095e-35 280.34000000000003 69.980000000000018 539.49500000000012 1.5000000000000002 39.500000000000007
decision_type=10 2 2 2 2 2 2 2
left_child=1 3 4 6 5 -2 -1 -3
right_child=2 7 -4 -5 -6 -7 -8 -9
leaf_value=0.0521866836525142 0.029859037762822713 0.17036919586552401 -0.053656625513208357 -0.044815175875443244 -0.050599550169072006 -0.038755431096544009 -0.025014541080771113 0.10418196594963132
leaf_weight=262.38998651597649 227.70920316502452 93.504602300003171 852.39642701204866 83.635572136379778 195.47088544256985 110.83475230168551 62.88733259961009 230.27325944416225
leaf_count=12405 17666 2512 84027 6793 18070 9624 4870 7317
internal_value=-0.00227978 0.0659114 -0.0383174 0.0204739 -0.013833 0.00739558 0.037261 0.123296
internal_weight=2119.1 732.691 1386.41 408.913 534.015 338.544 325.277 323.778
internal_count=163284 33897 129387 24068 45360 27290 17275 9829
is_linear=0
shrinkage=0.0750466


Tree=6
num_leaves=9
num_cat=0
split_feature=51 138 12 12 12 56 56 127
split_gain=993.007 532.827 140.851 66.9529 61.4496 49.4555 46.153 43.6097
threshold=1.0000000180025095e-35 12094.745000000001 6.5000000000000009 7.5000000000000009 4.5000000000000009 280.34000000000003 1169.9700000000003 444.50000000000006
decision_type=2 10 2 2 2 2 2 10
left_child=1 2 4 6 -1 -4 -3 -6
right_child=-2 3 5 -5 7 -7 -8 -9
leaf_value=0.16912904061950851 -0.063520442091936621 0.027712184798772063 0.060790212720910966 -0.047068595711135724 0.073973728967293775 -0.0094414860540708127 -0.042365021711440104 0.13097266348066605
leaf_weight=83.191644030623138 874.22223913203925 185.95659197960049 266.82128198817372 242.31030727922916 190.20820257626474 71.628087780438364 73.9917700169608 125.4635597281158
leaf_count=1482 88339 15980 12093 23033 5182 5041 7278 4856
internal_value=-0.00227123 0.0409255 0.0815348 -0.0186888 0.11175 0.0459267 0.00776539 0.0966279
internal_weight=2113.79 1239.57 737.313 502.259 398.863 338.449 259.948 315.672
internal_count=163284 74945 28654 46291 11520 17134 23258 10038
is_linear=0
shrinkage=0.0750466


Tree=7
num_leaves=9
num_cat=0
split_feature=28 25 16 25 8 9 8 153
split_gain=811.499 260.456 168.941 128.647 79.6927 193.452 78.4953 60.0421
threshold=2982.1750000000006 3329.2250000000004 -14461.189999999999 3329.2250000000004 14788.655000000001 1579.095 9683.5850000000009 3853.3050000000007
decision_type=2 2 2 2 2 2 2 10
left_child=1 2 -1 6 5 -4 7 -2
right_child=3 -3 4 -5 -6 -7 -8 -9
leaf_value=0.17399732495117734 0.051074651191542017 -0.021761656925078209 0.039727748168477309 -0.058966575373376975 0.030612561930881296 0.16221592159877127 -0.037172389902222693 -0.024818515927572234
leaf_weight=91.366624794900417 145.5563157601282 184.52197908237576 180.43222199846059 760.19918643031269 233.07498055417091 121.53034438565373 292.82721219025552 98.399201809428632
leaf_count=1695 11339 15132 6874 84347 7579 2317 24914 9087
internal_value=-0.00228659 0.0566012 0.0796848 -0.0391056 0.0635794 0.0890253 -0.0109783 0.0204632
internal_weight=2107.91 810.926 626.404 1296.98 535.038 301.963 536.783 243.956
internal_count=163284 33597 18465 129687 16770 9191 45340 20426
is_linear=0
shrinkage=0.0750466


Tree=8
num_leaves=9
num_cat=0
split_feature=28 33 72 72 153 81 33 81
split_gain=684.658 447.12 206.469 97.2799 82.6161 63.9568 47.574 41.3005
threshold=2982.1750000000006 17595.285000000003 1708.4500000000003 1708.4500000000003 1214.0550000000003 48679.555000000008 27559.105000000007 15997.960000000001
decision_type=2 2 2 2 8 2 2 2
left_child=1 2 4 -2 7 6 -5 -1
right_child=3 -3 -4 5 -6 -7 -8 -9
leaf_value=0.036605715420145131 -0.051029281575171156 -0.053245576897125092 0.1206777808388384 0.033298184485623931 0.099818280013813265 -0.04574966091654404 -0.066454347171375272 -0.02822294763833267
leaf_weight=166.57043243851513 887.58058668300509 186.06016722414643 328.60544069483876 195.16169257555157 87.496966770850122 134.85270143486559 31.236473085358739 82.885508336126804
leaf_count=8369 97413 7521 7547 15481 3071 14065 2728 7089
internal_value=-0.00228469 0.0496002 0.0783513 -0.0376667 0.0370733 -0.00483524 0.0195352 0.0150654
internal_weight=2100.45 851.619 665.558 1248.83 336.953 361.251 226.398 249.456
internal_count=163284 33597 26076 129687 18529 32274 18209 15458
is_linear=0
shrinkage=0.0750466


Tree=9
num_leaves=9
num_cat=0
split_feature=11 32 133 72 133 103 6 72
split_gain=614.695 388.801 229.079 101.735 56.3559 49.9513 47.0991 38.9589
threshold=271.98500000000007 1.0000000180025095e-35 1.0000000180025095e-35 1708.4500000000003 6.5000000000000009 1.0000000180025095e-35 145.50000000000003 1708.4500000000003
decision_type=2 2 8 2 8 2 2 2
left_child=1 2 3 5 7 -1 -5 -2
right_child=4 -3 -4 6 -6 -7 -8 -9
leaf_value=0.029840191407088292 -0.054518254128777803 -0.041663361773838989 0.13757104197544359 0.095292343490743961 0.048245521161732363 -0.040026806164556089 0.03036048227278499 -0.02139957425014841
leaf_weight=225.74355307966471 750.76467527775094 253.99315143050626 187.38502059131861 194.6945667876862 37.277230681851506 77.389605791773647 92.953527099452913 272.70495886495337
leaf_count=11791 89207 13366 2807 5889 2198 7638 3813 26575
internal_value=-0.00227318 0.0389573 0.0652718 0.0423398 -0.0423925 0.0120032 0.0743096 -0.0456937
internal_weight=2092.91 1032.16 778.166 590.781 1060.75 303.133 287.648 1023.47
internal_count=163284 45304 31938 29131 117980 19429 9702 115782
is_linear=0
shrinkage=0.0750466


Tree=10
num_leaves=9
num_cat=0
split_feature=18 12 72 140 22 22 115 135
split_gain=612.667 90.9295 80.2014 72.1522 56.9717 55.8894 57.4566 41.8556
threshold=3102.7650000000003 7.5000000000000009 1708.4500000000003 5236.5900000000011 26219.395 -22789.309999999994 1158.7700000000002 -1689.4999999999998
decision_type=2 2 2 10 2 2 8 10
left_child=1 5 -2 4 -4 -1 7 -7
right_child=2 -3 3 -5 -6 6 -8 -9
leaf_value=0.11458439601108954 -0.049105044888752863 -0.003647577390325243 0.070760204831640569 -0.039678365725034165 -0.020044411600685548 0.041633384524355554 0.027877509464545595 0.098464213165929876
leaf_weight=83.66967266658321 871.87776260869578 173.32411066675559 88.706421065609902 168.36414926778525 69.326073964126408 130.80835515027866 332.35237908968702 165.11913546174765
leaf_count=2074 102459 11269 4752 18025 5255 3801 9721 5928
internal_value=-0.00224724 0.0450985 -0.0372258 -0.00549371 0.0309258 0.0569657 0.0492925 0.0733434
internal_weight=2083.55 885.274 1198.27 326.397 158.032 711.95 628.28 295.927
internal_count=163284 32793 130491 28032 10007 21524 19450 9729
is_linear=0
shrinkage=0.0750466


Tree=11
num_leaves=9
num_cat=0
split_feature=64 12 116 7 106 20 12 12
split_gain=323.764 179.274 70.1832 55.0847 43.9234 46.2652 32.2203 26.0611
threshold=476.68500000000006 6.5000000000000009 1.0000000180025095e-35 1655.0800000000002 3577.6500000000005 419.75000000000006 5.5000000000000009 5.5000000000000009
decision_type=2 2 8 2 2 2 2 2
left_child=1 3 4 -1 5 -3 -5 -2
right_child=7 2 -4 6 -6 -7 -8 -9
leaf_value=0.025987089624345306 0.024387701511579429 0.032298345442162507 -0.03501113628706299 0.093313454178773472 -0.059014395052233132 -0.027559202131368008 0.045157122480228969 -0.048690376942862837
leaf_weight=335.68038943968713 28.731695764232427 329.69582965644076 297.5403771600686 159.89755876315758 44.84485014853999 93.305309824179858 153.24341162992641 632.8975245822221
leaf_count=16229 1827 20730 27222 2218 5424 8412 5862 75360
internal_value=-0.00218603 0.0180861 -0.00651502 0.0471069 0.0116079 0.019095 0.0697469 -0.0455169
internal_weight=2075.84 1414.21 765.386 648.821 467.846 423.001 313.141 661.629
internal_count=163284 86097 61788 24309 34566 29142 8080 77187
is_linear=0
shrinkage=0.0750466


Tree=12
num_leaves=9
num_cat=0
split_feature=33 10 82 150 20 20 127 116
split_gain=272.974 332.971 96.5217 95.1219 57.8195 50.3106 36.0409 35.7759
threshold=17595.285000000003 1.0000000180025095e-35 1.5000000000000002 1998.6300000000003 203.56500000000003 79.560000000000016 753.50000000000011 400.57500000000005
decision_type=2 2 2 10 2 2 8 10
left_child=1 2 4 5 7 6 -3 -1
right_child=-2 3 -4 -5 -6 -7 -8 -9
leaf_value=0.02886192810416862 -0.060943751603323743 0.041264038793566098 -0.042267687972780854 -0.0064620690505470067 -0.032990407746662516 0.01575894710723251 0.091788842977033325 -0.019810551988330451
leaf_weight=359.21462691063061 365.49502595793456 106.47843548515812 430.26626264303923 118.11421023309231 176.87894539488479 85.221501724794507 314.00046673975885 111.43727028882131
leaf_count=24028 31239 3285 54405 11605 18021 3455 6752 10494
internal_value=-0.00210009 0.0105391 -0.0147168 0.0541751 0.00359008 0.0683378 0.0789944 0.0173376
internal_weight=2067.11 1701.61 1077.8 623.815 647.531 505.7 420.479 470.652
internal_count=163284 132045 106948 25097 52543 13492 10037 34522
is_linear=0
shrinkage=0.0750466


Tree=13
num_leaves=9
num_cat=0
split_feature=52 11 30 127 133 127 55 12
split_gain=597.134 203.024 76.5892 37.3672 119.884 22.1333 21.9115 19.7331
threshold=16685.650000000005 665.45500000000015 1.0000000180025095e-35 145.50000000000003 1.0000000180025095e-35 991.50000000000011 1.0000000180025095e-35 4.5000000000000009
decision_type=2 2 2 10 8 10 2 2
left_child=1 2 3 7 -5 6 -3 -1
right_child=-2 5 -4 4 -6 -7 -8 -9
leaf_value=0.057192887854028547 -0.062421978284259022 0.036813454571261714 -0.0064655578389190308 0.049029774665014687 0.1646999740821127 -0.04147269719496622 -0.042273199603805753 0.020212481555653101
leaf_weight=113.56934459973127 636.91901443852112 47.887032818980515 170.44990280969068 490.52326401090249 56.25064136274159 223.3783046756871 33.555150555446744 285.71726591372862
leaf_count=1358 84455 4548 12981 21501 766 26407 3776 7492
internal_value=-0.00203783 0.0250212 0.0398412 0.0481842 0.0609296 -0.0292621 0.00422881 0.0307308
internal_weight=2058.25 1421.33 1116.51 946.061 546.774 304.82 81.4422 399.287
internal_count=163284 78829 44098 31117 22267 34731 8324 8850
is_linear=0
shrinkage=0.0750466


Tree=14
num_leaves=9
num_cat=0
split_feature=24 33 11 71 30 11 5 5
split_gain=381.087 242.5 146.812 45.5666 44.2627 27.4842 22.8892 22.7478
threshold=1.5000000000000002 17595.285000000003 475.70500000000004 1.0000000180025095e-35 1.0000000180025095e-35 271.98500000000007 39.500000000000007 61.500000000000007
decision_type=2 2 2 2 2 2 2 2
left_child=1 2 4 -2 6 -5 -1 -8
right_child=3 -3 -4 5 -6 -7 7 -9
leaf_value=0.077928914956171269 -0.054260247592176153 -0.05304054307212426 -0.018501578571894182 0.027676673854345323 0.0058789440673475465 -0.030984525201585192 0.039486630785457479 0.074068624590974158
leaf_weight=223.72078078752384 567.35733901057392 196.78654640866444 210.68488077074289 63.505362764466554 105.38979329587892 154.22070546913892 378.13999065896496 149.4736973256804
leaf_count=5334 80370 11052 23042 3862 6526 18700 10374 4024
internal_value=-0.00199327 0.0235098 0.0376226 -0.0430601 0.0514246 -0.0138745 0.0578133 0.0492838
internal_weight=2049.28 1264.2 1067.41 785.083 856.724 217.726 751.334 527.614
internal_count=163284 60352 49300 102932 26258 22562 19732 14398
is_linear=0
shrinkage=0.0750466


Tree=15
num_leaves=9
num_cat=0
split_feature=133 25 32 138 16 16 138 74
split_gain=350.809 298.453 143.062 117.66 67.2159 31.8122 24.7419 21.2189
threshold=1.0000000180025095e-35 4305.3500000000013 1.0000000180025095e-35 21996.515000000003 -14461.189999999999 -1.0000000180025095e-35 6957.295000000001 1588.4450000000004
decision_type=10 2 2 10 2 2 10 2
left_child=1 2 3 4 -1 -6 7 -3
right_child=-2 6 -4 -5 5 -7 -8 -9
leaf_value=0.098506552457177529 0.24168019714527875 -0.038550474523479566 -0.037439089381403855 -0.022363051271579951 0.04283789219191049 0.010873661672569349 -0.0556946908108302 0.017091161774337362
leaf_weight=94.979123237542808 32.755590877495706 152.53259533038363 241.42758608981967 221.50184009224176 498.24803699878976 270.59405440371484 476.19204738782719 51.677172128576785
leaf_count=1205 604 17743 14651 23494 12058 15724 74682 3123
internal_value=-0.00193732 -0.00591302 0.0148106 0.0264335 0.0389459 0.0315881 -0.0463231 -0.0244698
internal_weight=2039.91 2007.15 1326.75 1085.32 863.821 768.842 680.402 204.21
internal_count=163284 162680 67132 52481 28987 27782 95548 20866
is_linear=0
shrinkage=0.0750466


Tree=16
num_leaves=9
num_cat=0
split_feature=52 32 18 16 10 5 18 16
split_gain=466.309 158.93 137.509 46.9926 40.9706 25.1255 28.3616 22.9087
threshold=16685.650000000005 1.0000000180025095e-35 11352.675000000001 -14461.189999999999 -284.26499999999993 39.500000000000007 1.0000000180025095e-35 -471.88999999999993
decision_type=2 2 2 2 2 2 2 2
left_child=1 2 3 -1 -4 6 -5 -8
right_child=-2 -3 4 5 -6 -7 7 -9
leaf_value=0.087888798438305812 -0.060436151037649467 -0.035593086501925095 -0.035135961513398123 0.030322490346635991 0.020287268704770794 0.030236299634696758 0.044311249962339948 0.1087015559636272
leaf_weight=127.69866392295808 556.17205826425925 240.42982054781169 181.29392515867949 103.95464135380462 128.26616727374494 561.34635707549751 51.872010554187 77.779279418755323
leaf_count=2305 84455 15002 23393 1583 11075 19712 2391 3368
internal_value=-0.00189105 0.0202197 0.0311099 0.0456313 -0.0121714 0.0388431 0.0595251 0.0829397
internal_weight=2028.81 1472.64 1232.21 922.651 309.56 794.952 233.606 129.651
internal_count=163284 78829 63827 29359 34468 27054 7342 5759
is_linear=0
shrinkage=0.0750466


Tree=17
num_leaves=9
num_cat=0
split_feature=107 32 29 8 9 107 32 8
split_gain=425.241 116.226 66.4115 49.5366 83.21 34.1123 16.7352 17.6098
threshold=52.500000000000007 1.5000000000000002 1.0000000180025095e-35 9683.5850000000009 1388.5400000000002 85.500000000000014 1.0000000180025095e-35 14788.655000000001
decision_type=2 2 2 2 2 2 2 2
left_child=1 2 -1 4 -4 6 7 -2
right_child=5 -3 3 -5 -6 -7 -8 -9
leaf_value=0.065476966916542714 0.0098072467821660649 -0.044135930521748384 0.013130203098283982 0.0027390342314527042 0.088707298708099097 -0.048465706382043727 -0.057251171247413989 -0.03268602507437509
leaf_weight=329.60886385943741 128.93626325484365 107.62483569700271 200.45672373054549 315.03334809001535 138.89473593467847 655.64870082167909 47.670767927076668 95.688192381989211
leaf_count=5213 13520 3445 9743 13003 3772 99379 5324 9885
internal_value=-0.00184261 0.0299075 0.038006 0.0241691 0.0440635 -0.0391929 -0.0168654 -0.00829454
internal_weight=2019.56 1091.62 983.994 654.385 339.351 927.944 272.295 224.624
internal_count=163284 35176 31731 26518 13515 128108 28729 23405
is_linear=0
shrinkage=0.0750466


Tree=18
num_leaves=9
num_cat=0
split_feature=107 33 26 12 72 0 33 26
split_gain=369.334 130.848 40.0143 30.4983 26.3756 26.3588 17.3451 34.9403
threshold=59.500000000000007 27559.105000000007 1.0000000180025095e-35 7.5000000000000009 1708.4500000000003 46112960.000000007 8897.4100000000017 1.0000000180025095e-35
decision_type=2 2 2 2 2 2 2 2
left_child=1 2 -1 6 -4 -6 7 -2
right_child=3 -3 4 -5 5 -7 -8 -9
leaf_value=0.057909814974723861 0.055386552571567903 -0.046889862216447489 0.0091887626980644687 -0.055564971108772572 0.023045246052953858 0.06146311994425651 -0.068408103049191288 -0.027943330161982478
leaf_weight=284.88422718038782 30.733471847139299 126.50675826799124 335.49002838460729 385.78681373782456 272.23805774981156 159.51818592613563 49.909046501386911 363.75727159529924
leaf_count=2795 1373 5713 19490 62731 9321 3680 6583 51598
internal_value=-0.00178515 0.0252213 0.0338918 -0.0401269 0.0249738 0.0372392 -0.0267249 -0.0214514
internal_weight=2008.82 1178.64 1052.13 830.187 767.246 431.756 444.4 394.491
internal_count=163284 40999 35286 122285 32491 13001 59554 52971
is_linear=0
shrinkage=0.0750466


Tree=19
num_leaves=9
num_cat=0
split_feature=51 33 20 21 71 5 111 138
split_gain=374.455 150.014 74.1797 60.9247 46.2141 35.3656 42.6414 26.5781
threshold=1.0000000180025095e-35 17595.285000000003 203.56500000000003 1.0000000180025095e-35 1.0000000180025095e-35 40.500000000000007 1.0000000180025095e-35 21996.515000000003
decision_type=2 2 2 2 2 2 8 8
left_child=1 2 3 -1 -2 -5 7 -7
right_child=4 -3 -4 5 -6 6 -8 -9
leaf_value=0.092201885122337388 -0.061272170515349042 -0.047948417992041241 -0.0083957362176232189 0.051750713553979262 0.029553581906181584 0.019732825265438077 0.053321082827552928 -0.019891411019131475
leaf_weight=97.821480835322291 499.94440708169714 172.00389495864511 269.20919047761708 287.96869788412005 33.676650945562869 343.38539535086602 161.93634374300018 131.98078917805105
leaf_count=1484 84663 12125 22602 10259 3676 12822 3059 12594
internal_value=-0.00172065 0.0178922 0.0266555 0.0358787 -0.0555402 0.0299241 0.0200616 0.00873154
internal_weight=1997.93 1464.31 1292.3 1023.09 533.621 925.271 637.303 475.366
internal_count=163284 74945 62820 40218 88339 38734 28475 25416
is_linear=0
shrinkage=0.0750466


Tree=20
num_leaves=9
num_cat=0
split_feature=51 32 11 107 131 56 2 26
split_gain=334.315 91.6463 89.0245 32.7385 25.6053 21.1 17.8939 21.1503
threshold=1.0000000180025095e-35 1.5000000000000002 665.45500000000015 45.500000000000007 392.95500000000004 70.440000000000012 1.0000000180025095e-35 1.0000000180025095e-35
decision_type=2 2 2 2 10 2 2 2
left_child=1 2 4 -2 6 -4 -1 -8
right_child=3 -3 5 -5 -6 -7 7 -9
leaf_value=0.015550475987422693 -0.0096191752292963013 -0.044822595996853051 0.0012363407448241406 -0.062536091116617745 -0.0046381584147893989 -0.043314704976355284 0.061164263454063117 0.032777566579797406
leaf_weight=218.34325265139341 77.835211934987456 126.3712442307733 129.39873352367431 427.48882922856137 103.37193547096103 111.43227288126945 196.52880392596126 596.50775182107463
leaf_count=1902 6552 7442 14899 81787 7288 16279 2096 25039
internal_value=-0.00167297 0.0163011 0.0219993 -0.0543853 0.0309383 -0.0193774 0.0345745 0.0398123
internal_weight=1987.28 1481.95 1355.58 505.324 1114.75 240.831 1011.38 793.037
internal_count=163284 74945 67503 88339 36325 31178 29037 27135
is_linear=0
shrinkage=0.0750466


Tree=21
num_leaves=9
num_cat=0
split_feature=133 11 33 95 85 131 7 55
split_gain=196.902 143.994 123.39 50.3535 40.066 29.7435 20.3264 16.0319
threshold=1.0000000180025095e-35 475.70500000000004 27559.105000000007 1.0000000180025095e-35 20560.050000000003 392.95500000000004 1842.0450000000003 1.0000000180025095e-35
decision_type=10 2 2 2 2 10 2 2
left_child=1 2 3 4 5 6 -1 -3
right_child=-2 7 -4 -5 -6 -7 -8 -9
leaf_value=0.01155031228503994 0.15898878631109256 -0.024311572154428446 -0.052688255389117943 0.076826849574509096 -0.03673375404827986 -0.026023000133673754 0.033911876794915377 -0.049510056608960427
leaf_weight=580.37546668155119 42.079427041579038 286.11248513055034 165.34695982164703 73.080289151752368 85.844595992239192 84.704247723100707 378.07627136772498 282.70625941152684
leaf_count=21648 604 43636 15002 4351 10747 6853 7660 52783
internal_value=-0.00161382 -0.00510411 0.00809536 0.0164562 0.0125484 0.016604 0.0203712 -0.0368354
internal_weight=1978.33 1936.25 1367.43 1202.08 1129 1043.16 958.452 568.819
internal_count=163284 162680 66261 51259 46908 36161 29308 96419
is_linear=0
shrinkage=0.0750466


Tree=22
num_leaves=9
num_cat=0
split_feature=111 18 94 116 137 137 85 85
split_gain=202.424 150.585 42.607 39.9696 38.3844 30.063 26.6192 14.6205
threshold=1.0000000180025095e-35 13442.075000000003 1.0000000180025095e-35 3435.7150000000006 5971.2200000000012 37889.265000000007 14134.650000000001 20560.050000000003
decision_type=10 2 2 10 10 8 2 2
left_child=1 2 3 6 7 -4 -1 -3
right_child=-2 4 5 -5 -6 -7 -8 -9
leaf_value=0.012546689009561855 0.15134988429718862 0.0049901527934044813 0.08716338569333143 -0.034451839612263564 -0.050849697164742934 -0.00073975336818390622 -0.031673569323346328 -0.040601293979253113
leaf_weight=1036.0610302034765 47.584361759014428 126.53599021420814 62.720285492949188 131.58151197806001 390.08222556905821 33.677986028604209 82.794835197972134 57.669174154289067
leaf_count=31770 565 13228 4261 14679 77256 2562 10336 8627
internal_value=-0.0015534 -0.00534066 0.00837927 0.00467317 -0.0375171 0.0564533 0.00927441 -0.00928318
internal_weight=1968.71 1921.12 1346.84 1250.44 574.287 96.3983 1118.86 184.205
internal_count=163284 162719 63608 56785 99111 6823 42106 21855
is_linear=0
shrinkage=0.0750466


Tree=23
num_leaves=9
num_cat=0
split_feature=111 33 81 55 137 31 138 123
split_gain=161.719 114.061 95.2608 47.5217 33.371 21.3777 13.0378 9.30841
threshold=1.0000000180025095e-35 17595.285000000003 42044.910000000011 1.0000000180025095e-35 4483.3200000000006 2558.5000000000005 6957.295000000001 12.500000000000002
decision_type=10 2 2 2 10 2 10 8
left_child=1 2 3 5 -5 7 -4 -1
right_child=-2 -3 6 4 -6 -7 -8 -9
leaf_value=0.01691848304718761 0.1305600722291069 -0.053472105054639715 -0.010281132949442518 0.010922858979036019 -0.040640471524597342 -0.015310471832135956 -0.040386146181789546 0.032567278830972976
leaf_weight=574.25448529073037 50.878061178606004 239.22788179037161 117.16204063687474 137.88110930868424 145.05474281520583 91.399938659975305 262.63777362974361 341.32370913005434
leaf_count=25636 565 31055 11482 6975 22820 9192 49350 6209
internal_value=-0.0014888 -0.00500823 0.00193542 0.0116621 -0.0155125 0.0192975 -0.0310992 0.0227523
internal_weight=1959.82 1908.94 1669.71 1289.91 282.936 1006.98 379.8 915.578
internal_count=163284 162719 131664 70832 29795 41037 60832 31845
is_linear=0
shrinkage=0.0750466


Tree=24
num_leaves=9
num_cat=0
split_feature=22 98 95 97 22 103 137 22
split_gain=178.189 93.3831 41.2831 27.8535 26.4847 19.6448 18.3607 18.6717
threshold=6061.1650000000009 1.0000000180025095e-35 1.0000000180025095e-35 7.5000000000000009 65850.970000000016 1.5000000000000002 16998.050000000003 -9370.4499999999989
decision_type=2 2 2 2 2 2 8 2
left_child=1 2 5 -4 -2 6 -1 -8
right_child=4 -3 3 -5 -6 -7 7 -9
leaf_value=0.018493584957628154 -0.016707992313207742 0.098959611715642451 0.011741851464123654 0.096564741963520148 -0.045690666895485281 -0.028363506491224558 0.018957795669180783 -0.013616286473049091
leaf_weight=561.64438433386385 350.60947985341772 71.587024909211323 38.451526385499164 50.356179969850928 359.80597639502957 83.471790847601369 153.52439634152688 279.59677272802219
leaf_count=15293 43005 3610 1982 3689 64500 12578 4427 14200
internal_value=-0.00142466 0.0157602 0.0106567 0.0598385 -0.0313869 0.00660586 0.00954017 -0.00207006
internal_weight=1949.05 1238.63 1167.05 88.8077 710.415 1078.24 994.766 433.121
internal_count=163284 55779 52169 5671 107505 46498 33920 18627
is_linear=0
shrinkage=0.0750466


Tree=25
num_leaves=9
num_cat=0
split_feature=25 27 55 149 29 153 153 55
split_gain=134.913 36.3217 26.7613 25.0823 20.8184 20.5646 16.1851 9.34452
threshold=7648.2250000000013 2.5000000000000004 1.0000000180025095e-35 636.50000000000011 1.0000000180025095e-35 1026.3750000000002 651.0150000000001 1.5000000000000002
decision_type=2 2 2 10 2 10 10 2
left_child=1 3 6 4 -1 7 -3 -2
right_child=5 2 -4 -5 -6 -7 -8 -9
leaf_value=0.018226032964024384 -0.0092817638635329536 0.033740458976070233 -0.0328699652453864 0.030122715052583269 -0.011799811698190577 -0.052689447653821102 -0.0045569554936669074 -0.048985086233722795
leaf_weight=330.26404197094962 133.18846335471608 80.951298839878291 158.31897118152119 465.66360637615435 214.53083063033409 247.66418130300008 267.5887218399439 44.554355464642867
leaf_count=4695 18793 4411 23065 13070 6025 57933 27846 7446
internal_value=-0.00136148 0.00911018 -0.00728407 0.0173337 0.00640237 -0.0387112 0.00433794 -0.0192341
internal_weight=1942.72 1517.32 506.859 1010.46 544.795 425.407 348.54 177.743
internal_count=163284 79112 55322 23790 10720 84172 32257 26239
is_linear=0
shrinkage=0.0750466


Tree=26
num_leaves=9
num_cat=0
split_feature=52 133 32 153 17 21 64 127
split_gain=237.216 83.7265 57.41 38.3918 32.2483 21.819 18.4302 12.1552
threshold=16685.650000000005 1.0000000180025095e-35 1.5000000000000002 5389.9350000000004 3.5000000000000004 1.0000000180025095e-35 13076.395000000002 3893.5000000000005
decision_type=2 10 2 10 2 2 2 10
left_child=1 2 3 5 -2 -1 7 -7
right_child=4 -3 -4 -5 -6 6 -8 -9
leaf_value=0.047841726429324737 -0.058249870173433645 0.10879149129005203 -0.042179031491325437 -0.024667884005480988 0.050242450718772175 0.019614067523975293 -0.022930233808773071 -0.0037425240036011967
leaf_weight=117.81012889393605 372.05288962298073 48.613994725048542 115.21410096972249 137.55818448355421 16.097794131143019 911.4551786808297 71.657709010411054 145.52472658827901
leaf_count=1926 81116 473 7799 18350 3339 32124 9128 9029
internal_value=-0.00129211 0.0118629 0.00871983 0.012957 -0.0537504 0.0171093 0.0139013 0.0163983
internal_weight=1935.98 1547.83 1499.22 1384.01 388.151 1246.45 1128.64 1056.98
internal_count=163284 78829 78356 70557 84455 52207 50281 41153
is_linear=0
shrinkage=0.0750466


Tree=27
num_leaves=9
num_cat=0
split_feature=107 22 22 12 127 22 107 97
split_gain=153.267 27.4583 26.9677 23.9406 15.3299 15.9444 14.2348 32.9105
threshold=66.500000000000014 54211.545000000006 26219.395 7.5000000000000009 510.50000000000006 -9370.4499999999989 30.500000000000004 1.0000000180025095e-35
decision_type=2 2 2 2 10 2 2 2
left_child=2 3 4 -2 5 -1 7 -6
right_child=1 -3 -4 -5 6 -7 -8 -9
leaf_value=0.027772397934880552 -0.0031204875875593262 -0.052011095591772465 -0.015790064067350226 -0.043013755128785185 0.016275791514761655 0.0012189954659073835 0.0084020816130163014 0.061907117298175406
leaf_weight=178.85212477413006 208.46407559444197 246.45315826823935 161.52108593238518 142.72870144457556 224.17517098411918 442.35795559920371 174.2718989236746 147.64292193762958
leaf_count=2311 29524 58356 15511 28421 3329 11741 10585 3506
internal_value=-0.00124535 -0.0328089 0.0129506 -0.0193336 0.0169274 0.00886397 0.0261001 0.0343952
internal_weight=1926.47 597.646 1328.82 351.193 1167.3 621.21 546.09 371.818
internal_count=163284 116301 46983 57945 31472 14052 17420 6835
is_linear=0
shrinkage=0.0750466


Tree=28
num_leaves=9
num_cat=0
split_feature=51 12 113 74 2 28 127 115
split_gain=200.398 29.5532 18.4403 24.8221 17.1266 16.6318 14.4942 12.2097
threshold=1.0000000180025095e-35 8.5000000000000018 -2054.4999999999995 513.96500000000015 1.0000000180025095e-35 1.0000000180025095e-35 3462.5000000000005 4417.3200000000006
decision_type=2 2 8 2 2 2 8 8
left_child=1 2 -1 4 -4 -2 -5 -6
right_child=5 -3 3 6 7 -7 -8 -9
leaf_value=-0.020628675317595681 -0.021802474211366291 -0.023365740444839758 0.0023938940442418317 0.019619810081374145 0.055289694030661488 -0.057427054045978081 0.0012065609537510323 0.022967021899926002
leaf_weight=79.95940797124058 97.953391137300059 127.62880642735399 77.456149536184967 473.68486536666751 164.50193845527247 299.41991424723528 489.64384352345951 109.7187648229301
leaf_count=3602 11205 15438 844 22908 8932 77134 18439 4782
internal_value=-0.00118598 0.0112002 0.0143627 0.0164904 0.0335552 -0.0486455 0.0102607 0.042357
internal_weight=1919.97 1522.59 1394.96 1315.01 351.677 397.373 963.329 274.221
internal_count=163284 74945 59507 55905 14558 88339 41347 13714
is_linear=0
shrinkage=0.0750466


Tree=29
num_leaves=9
num_cat=0
split_feature=51 33 8 2 22 153 82 22
split_gain=178.675 84.4503 66.2131 59.0287 45.4444 28.9321 21.8819 17.7887
threshold=1.0000000180025095e-35 27559.105000000007 11254.315000000002 1.0000000180025095e-35 -9370.4499999999989 3853.3050000000007 1.0000000180025095e-35 65850.970000000016
decision_type=2 2 2 2 2 10 2 2
left_child=1 2 3 -1 -4 6 -5 -6
right_child=-2 -3 4 5 7 -7 -8 -9
leaf_value=-0.0067511754643063962 -0.047297665277408085 -0.04637526734053405 0.035017478212985155 0.044442779693634006 -0.0031332849026486469 0.0064233690183036546 0.08620270795516416 -0.035568257193019676
leaf_weight=163.11959558632225 378.82138958666474 135.30178669234738 161.6195717076771 334.39662091736682 441.45709573407657 90.019417592557147 89.604883887106553 121.42522604181431
leaf_count=1449 88339 11164 2100 9041 18683 9878 6096 16534
internal_value=-0.00113371 0.0102446 0.0157102 0.0325821 -5.87779e-05 0.0450642 0.053268 -0.0101302
internal_weight=1915.77 1536.94 1401.64 677.141 724.502 514.021 424.002 562.882
internal_count=163284 74945 63781 26464 37317 25015 15137 35217
is_linear=0
shrinkage=0.0750466


Tree=30
num_leaves=9
num_cat=0
split_feature=107 98 8 149 107 84 84 137
split_gain=115.968 66.5297 31.9639 49.1712 23.3218 14.0501 12.7084 11.8952
threshold=85.500000000000014 1.0000000180025095e-35 11254.315000000002 636.50000000000011 22.500000000000004 1.0000000180025095e-35 2.5000000000000004 4483.3200000000006
decision_type=2 2 2 10 2 2 2 10
left_child=1 2 3 -1 -4 -5 -7 -2
right_child=7 -3 4 5 -6 6 -8 -9
leaf_value=-0.0057544805897642185 -0.010330309699489138 0.073890182401703947 0.0062197019593220213 0.039371573302355307 -0.021669296971176005 0.03881097741345179 -0.038979674551647761 -0.041176355758029949
leaf_weight=316.15264630597085 88.120516173774377 83.899413149803877 369.11305932467803 342.80865229573101 311.28883867408149 21.463460910599679 26.345382203580812 350.33381652412936
leaf_count=10349 11745 3652 5868 13356 24171 2507 4002 87634
internal_value=-0.00110099 0.00899576 0.0050708 0.0162481 -0.00653972 0.0340563 -0.00405608 -0.0349769
internal_weight=1909.53 1471.07 1387.17 706.77 680.402 390.617 47.8088 438.454
internal_count=163284 63905 60253 30214 30039 19865 6509 99379
is_linear=0
shrinkage=0.0750466


Tree=31
num_leaves=9
num_cat=0
split_feature=32 21 28 138 127 127 21 103
split_gain=62.8928 45.8955 35.8967 22.2713 16.3424 18.7068 14.836 13.9106
threshold=1.0000000180025095e-35 1.0000000180025095e-35 10333.675000000001 1513.9350000000002 610.50000000000011 991.50000000000011 1.0000000180025095e-35 2.5000000000000004
decision_type=2 2 2 8 8 8 2 2
left_child=1 -1 4 -2 -3 -6 -5 -4
right_child=3 2 7 6 5 -7 -8 -9
leaf_value=0.047273294774447611 0.015097221315649414 -0.008183182333666366 -0.011395413533822193 -0.0095828666662386881 0.05027082325818838 0.010033563438269503 -0.055585474301608338 -0.048432493617553481
leaf_weight=129.46328678261489 41.607040257193148 255.13576607475989 392.95245996955782 51.601787355029956 71.46839237306267 727.27055079722777 168.12623831746168 66.825303530087695
leaf_count=2768 2764 12064 63617 2950 3349 26938 30382 18452
internal_value=-0.0010522 0.0043867 0.00071859 -0.0352487 0.0083521 0.0136339 -0.044782 -0.0167785
internal_weight=1904.45 1643.12 1513.65 261.335 1053.87 798.739 219.728 459.778
internal_count=163284 127188 124420 36096 42351 30287 33332 82069
is_linear=0
shrinkage=0.0750466


Tree=32
num_leaves=9
num_cat=0
split_feature=22 56 30 17 17 27 135 22
split_gain=94.4155 25.7328 18.904 15.3808 12.1605 11.9391 10.2291 23.3872
threshold=26219.395 4810.0000000000009 1.0000000180025095e-35 3.5000000000000004 2.5000000000000004 6.5000000000000009 -1901.4999999999998 -9370.4499999999989
decision_type=2 2 2 2 2 2 10 2
left_child=1 2 4 -2 6 -5 7 -1
right_child=3 -3 -4 5 -6 -7 -8 -9
leaf_value=0.027859073147499028 -0.035898844764131368 -0.037694078636564203 -0.011740818940417589 0.07222717647325419 0.042847080426889013 -0.028664100383286074 0.017503201272773841 -0.0084986024092394037
leaf_weight=145.8480410031043 397.46666029375046 66.360148597043008 192.2489150702022 13.596217441139745 75.043259192723781 12.848248217487706 680.65626495704055 314.52817472233437
leaf_count=1948 80915 9784 22801 1798 2782 3288 30595 9373
internal_value=-0.000997693 0.00797502 0.0101269 -0.0322116 0.013584 0.0232084 0.0116594 0.00301958
internal_weight=1898.6 1474.68 1408.32 423.911 1216.08 26.4445 1141.03 460.376
internal_count=163284 77283 67499 86001 44698 5086 41916 11321
is_linear=0
shrinkage=0.0750466


Tree=33
num_leaves=9
num_cat=0
split_feature=52 50 94 73 11 140 56 149
split_gain=145.367 76.1696 53.5909 26.7451 21.3802 16.1351 16.0757 17.9566
threshold=16685.650000000005 1.0000000180025095e-35 1.0000000180025095e-35 9.5000000000000018 93.555000000000021 17914.180000000004 69.980000000000018 8284.5000000000018
decision_type=2 2 2 2 2 8 2 8
left_child=1 2 3 4 -1 -4 7 -6
right_child=-2 -3 5 -5 6 -7 -8 -9
leaf_value=0.0053842487542024092 -0.048064818654687501 -0.061158975958309235 0.085761820175237952 -0.019657984721518661 0.028233790743801966 0.029412951683340127 -0.00081599726593220784 0.08312791056599847
leaf_weight=844.89849718869664 308.63919130619615 84.350690061226487 65.316624187398702 172.14350703894161 239.62640274921432 50.939537201542407 88.34987086802721 39.026901855831966
leaf_count=12399 84455 7500 3796 22354 17950 3073 10205 1552
internal_value=-0.000945809 0.00823146 0.0121328 0.00802202 0.0119538 0.0610716 0.0270779 0.035922
internal_weight=1893.29 1584.65 1500.3 1384.05 1211.9 116.256 367.003 278.653
internal_count=163284 78829 71329 64460 42106 6869 29707 19502
is_linear=0
shrinkage=0.0750466


Tree=34
num_leaves=9
num_cat=0
split_feature=133 32 95 73 21 85 72 5
split_gain=121.404 49.1148 35.9121 33.1278 24.9621 23.0786 15.8368 26.1234
threshold=8.0000000000000018 1.0000000180025095e-35 1.5000000000000002 9.5000000000000018 1.0000000180025095e-35 20560.050000000003 1708.4500000000003 39.500000000000007
decision_type=10 2 2 2 2 2 2 2
left_child=1 2 3 4 -1 -6 -5 -8
right_child=-2 -3 -4 6 5 -7 7 -9
leaf_value=0.036283827660757564 0.15849701157800591 -0.034250376237691157 0.048526591522585316 -0.048076809499432868 0.0033327606059794213 -0.03416383307094191 0.06218274764417725 -0.027413412660458977
leaf_weight=118.41523607447743 26.528705541044474 248.40360024641268 86.884744279552251 110.84568207967095 1091.7444654337596 100.99797516828403 23.561521072406322 82.511485300492495
leaf_count=2198 244 36027 7673 28131 55093 21549 2244 10125
internal_value=-0.000914486 -0.00318403 0.00159441 -0.0010741 0.00342034 0.000157658 -0.0282406 -0.00751182
internal_weight=1889.89 1863.36 1614.96 1528.08 1311.16 1192.74 216.919 106.073
internal_count=163284 163040 127013 119340 78840 76642 40500 12369
is_linear=0
shrinkage=0.0750466


Tree=35
num_leaves=9
num_cat=0
split_feature=133 81 4 20 30 149 7 149
split_gain=97.6725 41.7697 28.3555 21.4584 15.7618 17.1138 16.5106 13.5859
threshold=8.0000000000000018 56108.485000000008 1.5000000000000002 6276.0250000000005 1.0000000180025095e-35 636.50000000000011 1842.0450000000003 2306.5000000000005
decision_type=10 2 2 2 2 8 2 10
left_child=1 2 3 4 5 -1 -7 -8
right_child=-2 -3 -4 -5 -6 6 7 -9
leaf_value=-0.0093345810448620149 0.13791762653481834 -0.028806895486111997 -0.044153179681338604 -0.021400010953286711 -0.013542213872315061 0.0061786043918485292 0.035829677810379559 0.0065856898624561547
leaf_weight=201.0544310718542 28.12985962908715 296.32836860220414 71.738888829713687 164.60531514778268 176.52511501626577 539.62207218818367 272.25127253262326 133.26465607946739
leaf_count=8545 244 66478 1869 23048 22585 25422 6429 8664
internal_value=-0.000874759 -0.00297901 0.00193005 0.00415281 0.00733273 0.0105477 0.0147771 0.0262192
internal_weight=1883.52 1855.39 1559.06 1487.32 1322.72 1146.19 945.138 405.516
internal_count=163284 163040 96562 94693 71645 49060 40515 15093
is_linear=0
shrinkage=0.0750466


Tree=36
num_leaves=9
num_cat=0
split_feature=107 25 137 72 97 17 107 97
split_gain=71.7168 11.4461 11.5108 10.841 11.2064 9.45629 10.8739 14.6721
threshold=85.500000000000014 14700.440000000001 25456.255000000001 1708.4500000000003 41.500000000000007 2.5000000000000004 22.500000000000004 7.5000000000000009
decision_type=2 2 8 2 2 2 2 2
left_child=5 2 3 4 -2 6 7 -1
right_child=1 -3 -4 -5 -6 -7 -8 -9
leaf_value=0.0059785090518960854 -0.044471558239643889 -0.043085874625620246 -0.031889072008614759 0.044462179044887182 0.023946908806763163 0.029032369261344709 -0.0027406857230406201 0.032404083839378463
leaf_weight=661.91786284418777 30.584267301834188 185.1615184986731 121.09911689104047 26.116091026924551 24.112903506611474 99.209232151275501 584.68260846077465 144.09286553133279
leaf_count=9214 6750 55907 27705 3224 5793 4623 46754 3314
internal_value=-0.000829408 -0.0296096 -0.0172513 0.00468336 -0.0143097 0.00664763 0.00505075 0.0107027
internal_weight=1876.98 387.074 201.912 80.8133 54.6972 1489.9 1390.69 806.011
internal_count=163284 99379 43472 15767 12543 63905 59282 12528
is_linear=0
shrinkage=0.0750466


Tree=37
num_leaves=9
num_cat=0
split_feature=73 98 117 4 9 9 138 73
split_gain=32.9599 45.3756 24.8726 23.4885 18.5724 15.6182 13.7594 10.6334
threshold=9.5000000000000018 1.0000000180025095e-35 108.96500000000002 1.5000000000000002 1579.095 389.19000000000005 24328.295000000002 4.5000000000000009
decision_type=2 2 8 2 2 2 8 2
left_child=1 3 7 4 5 -1 -2 -3
right_child=6 2 -4 -5 -6 -7 -8 -9
leaf_value=0.00030847587859817864 -0.007656678366970795 0.051432913489187673 0.10460118918676264 -0.043600350633244772 0.010106004151119598 -0.024995643882090031 -0.041039286074418931 -0.0084624541268012183
leaf_weight=471.88971943012439 136.85357257630676 38.964005458750762 33.679953098646365 66.293018878670409 760.87594676017761 193.79263694421388 141.3699380250182 29.206624509417452
leaf_count=37167 22109 1875 947 1664 26189 31986 36907 4440
internal_value=-0.000784397 0.00337395 0.051839 6.73955e-05 0.00209666 -0.00705803 -0.0246189 0.0257717
internal_weight=1872.93 1594.7 101.851 1492.85 1426.56 665.682 278.224 68.1706
internal_count=163284 104268 7262 97006 95342 69153 59016 6315
is_linear=0
shrinkage=0.0750466


Tree=38
num_leaves=9
num_cat=0
split_feature=107 50 32 32 20 12 6 8
split_gain=58.8338 48.2845 33.6367 19.8676 16.8878 15.1563 14.1912 13.5266
threshold=85.500000000000014 1.0000000180025095e-35 1.5000000000000002 1.0000000180025095e-35 10921.325000000003 5.5000000000000009 20.500000000000004 12961.865000000002
decision_type=2 2 2 2 2 2 2 2
left_child=1 2 4 5 6 -2 -1 -6
right_child=3 -3 -4 -5 7 -7 -8 -9
leaf_value=-0.0057343144803754763 0.053969611037008244 -0.058383803558371146 -0.033734864299503828 -0.062250818432332163 0.011325957546203804 -0.022784667819895653 0.01757550193753327 -0.041452070514275331
leaf_weight=170.87965553556569 15.277370981406419 63.080979073420167 98.015375586575828 74.20242186926771 52.053439423674718 280.90675241709687 1056.9048811534885 57.625940623809583
leaf_count=6110 1355 3455 5888 24791 4510 73233 38297 5645
internal_value=-0.00074259 0.00587708 0.00870097 -0.0275253 0.0118109 -0.0188256 0.0143313 -0.0164038
internal_weight=1868.95 1498.56 1435.48 370.387 1337.46 296.184 1227.78 109.679
internal_count=163284 63905 60450 99379 54562 74588 44407 10155
is_linear=0
shrinkage=0.0750466


Tree=39
num_leaves=9
num_cat=0
split_feature=133 22 94 24 72 131 22 142
split_gain=76.262 54.3897 25.8657 26.1473 13.0378 11.5798 9.41341 8.51025
threshold=8.0000000000000018 65850.970000000016 1.0000000180025095e-35 8.5000000000000018 2333.3600000000006 475.06500000000005 -22789.309999999994 309672.00000000006
decision_type=10 2 2 2 2 8 2 8
left_child=1 2 3 4 6 -4 -1 -6
right_child=-2 -3 5 -5 7 -7 -8 -9
leaf_value=0.023358732574670377 0.11886229669261657 -0.034609073497960559 0.054675933110222751 -0.038001843524032991 0.037193266573243858 0.0086659218957489785 -0.0028793388788068189 0.0075824636489034069
leaf_weight=83.187968818005174 29.56412342749536 257.59368588775396 72.696910860599019 96.453713312512264 86.704504563240334 53.464818052365445 1036.8864225893049 147.92771508381702
leaf_count=2706 244 64476 5631 23943 2954 4717 52472 6141
internal_value=-0.00071025 -0.0026368 0.00258462 -0.000248987 0.00243898 0.0351778 -0.000930636 0.0185247
internal_weight=1864.48 1834.92 1577.32 1451.16 1354.71 126.162 1120.07 234.632
internal_count=163284 163040 98564 88216 64273 10348 55178 9095
is_linear=0
shrinkage=0.0750466


Tree=40
num_leaves=9
num_cat=0
split_feature=33 111 21 72 9 149 149 2
split_gain=71.3986 53.19 30.0211 23.381 22.1634 19.7118 14.5403 11.1219
threshold=27559.105000000007 1.0000000180025095e-35 1.0000000180025095e-35 1708.4500000000003 389.19000000000005 4024.5000000000005 636.50000000000011 1.0000000180025095e-35
decision_type=2 10 2 2 2 8 10 2
left_child=1 2 -1 4 7 6 -5 -4
right_child=-2 -3 3 5 -6 -7 -8 -9
leaf_value=0.034669943965838702 -0.047378240619401185 0.076372599209059686 -0.028107553440729901 -0.0072164703430220439 -0.027572778048735862 -0.0068452027191082425 0.024355712850268645 0.0050457335974547195
leaf_weight=140.54909218428656 167.73760617349762 55.254578639287502 68.301546911709011 106.5079446323216 288.16036053362768 329.65027207660023 359.27826567552984 344.05779962893575
leaf_count=3016 28835 391 867 2229 60991 15960 15878 35117
internal_value=-0.000676608 0.00395385 0.00150872 -0.00160687 -0.0116045 0.00719774 0.0171363 -0.000445644
internal_weight=1859.5 1691.76 1636.51 1495.96 700.52 795.436 465.786 412.359
internal_count=163284 134449 134058 131042 96975 34067 18107 35984
is_linear=0
shrinkage=0.0750466


Tree=41
num_leaves=9
num_cat=0
split_feature=52 4 5 113 107 60 98 107
split_gain=98.6384 26.3707 23.9249 20.5053 14.0059 13.0266 12.2396 12.8953
threshold=16685.650000000005 1.5000000000000002 39.500000000000007 -2054.4999999999995 59.500000000000007 879.29000000000008 1.0000000180025095e-35 22.500000000000004
decision_type=2 2 2 10 2 2 2 2
left_child=1 2 3 -1 -2 6 -4 -8
right_child=4 -3 5 -5 -6 -7 7 -9
leaf_value=0.0017362560459045951 -0.013727615950265636 -0.039851644912650037 0.001995166722686638 0.03527075021761434 -0.053424486983666523 -0.031717552607259204 0.064059236407495002 0.0033251601728041431
leaf_weight=161.37388342781924 67.300272996537387 66.559836797881871 942.1470960987499 282.41459015465807 195.36460821039509 59.61829449259676 38.228748433291912 40.599237901507877
leaf_count=3812 9993 1511 45097 14472 74462 8886 448 4603
internal_value=-0.000647272 0.006387 0.00840594 0.0230767 -0.0432533 0.00238082 0.00437194 0.032779
internal_weight=1853.61 1590.94 1524.38 443.788 262.665 1080.59 1020.98 78.828
internal_count=163284 78829 77318 18284 84455 59034 50148 5051
is_linear=0
shrinkage=0.0750466


Tree=42
num_leaves=9
num_cat=0
split_feature=52 8 12 71 9 82 56 16
split_gain=87.8638 38.4767 31.2332 30.7999 28.7363 19.2863 17.1148 16.0315
threshold=16685.650000000005 9683.5850000000009 4.5000000000000009 1.0000000180025095e-35 1656.3400000000004 1.0000000180025095e-35 6037.6250000000009 -471.88999999999993
decision_type=2 2 2 2 2 2 2 2
left_child=1 4 -3 -2 5 -1 -4 -6
right_child=3 2 6 -5 7 -7 -8 -9
leaf_value=0.0028658223242377157 -0.048507968895574689 0.037157521953189526 -0.0063763988009971698 0.061472526240590686 0.024542734634490061 0.041450795137684675 -0.050221445410414484 0.067567864755682744
leaf_weight=426.23400509532075 236.41254956449848 90.62512812204659 740.74432789662387 15.267105457722208 113.33770271530375 88.025721486308612 53.781216588220559 85.621088011190295
leaf_count=10549 81391 736 39114 3064 4607 7967 9535 6321
internal_value=-0.000621137 0.00586864 -0.00458323 -0.0418365 0.0188401 0.0094704 -0.00934426 0.0430584
internal_weight=1850.05 1598.37 885.151 251.68 713.219 514.26 794.526 198.959
internal_count=163284 78829 49385 84455 29444 18516 48649 10928
is_linear=0
shrinkage=0.0750466


Tree=43
num_leaves=9
num_cat=0
split_feature=51 33 72 56 96 5 97 5
split_gain=76.4333 47.6934 41.609 22.7274 21.9923 21.4171 14.257 23.2197
threshold=1.0000000180025095e-35 27559.105000000007 1287.6450000000002 7648.2050000000008 1.0000000180025095e-35 51.500000000000007 36.500000000000007 34.500000000000007
decision_type=2 2 2 2 2 2 2 2
left_child=1 3 -2 4 -1 6 -6 -8
right_child=2 -3 -4 -5 5 -7 7 -9
leaf_value=0.0022600898610123858 -0.045035057287206262 -0.040778133519652003 0.067800218769206 -0.037180513748695965 0.022667654586025172 0.0050941728212172957 0.10696673829151562 0.033739039561820887
leaf_weight=721.93177331634797 257.05987596930936 114.70840644289274 19.825555513962172 56.497659785905853 273.96595115610398 277.71416152711026 33.26580031379126 91.376117976615205
leaf_count=15060 86196 11164 2143 9306 10102 18861 2167 8285
internal_value=-0.00060278 0.00581066 -0.0369558 0.00948422 0.0113698 0.0210937 0.0322408 0.0532828
internal_weight=1846.35 1569.46 276.885 1454.75 1398.25 676.322 398.608 124.642
internal_count=163284 74945 88339 63781 54475 39415 20554 10452
is_linear=0
shrinkage=0.0750466


Tree=44
num_leaves=9
num_cat=0
split_feature=133 22 32 22 2 115 0 71
split_gain=54.9653 39.6561 31.1714 11.2901 11.1274 11.0173 9.915 8.20932
threshold=8.0000000000000018 65850.970000000016 1.5000000000000002 6061.1650000000009 1.0000000180025095e-35 8179.2300000000005 32756022.000000004 1.0000000180025095e-35
decision_type=10 2 2 2 2 10 2 2
left_child=1 2 3 4 -1 -6 -4 -5
right_child=-2 -3 6 7 5 -7 -8 -9
leaf_value=-0.0060999119914176003 0.098675107357894074 -0.030944775189074191 -0.0013680471509877801 -0.023204936290028164 0.014397822086325552 -0.015177040325684319 -0.050612951516708408 0.0023671157999097052
leaf_weight=242.7540098996833 30.891984191257507 236.34635596105363 32.514048967044801 121.3755352179287 853.82014861446805 77.368491488276049 78.914784817141481 169.35426091600675
leaf_count=1867 244 64476 5223 25064 34121 8803 9640 13846
internal_value=-0.000586701 -0.00227855 0.00202013 0.00493115 0.00821007 0.0119406 -0.0362437 -0.00830885
internal_weight=1843.34 1812.45 1576.1 1464.67 1173.94 931.189 111.429 290.73
internal_count=163284 163040 98564 83701 44791 42924 14863 38910
is_linear=0
shrinkage=0.0750466


Tree=45
num_leaves=9
num_cat=0
split_feature=51 50 112 113 142 112 112 64
split_gain=64.6768 56.8972 16.7238 14.6963 14.6265 7.7865 9.05474 6.88691
threshold=1.0000000180025095e-35 1.0000000180025095e-35 66394503.095000006 -2054.4999999999995 154836.00000000003 228031.20000000004 190026.00000000003 11572.960000000001
decision_type=2 2 8 8 10 8 10 2
left_child=1 3 -2 -1 -5 6 -6 -7
right_child=2 -3 -4 4 5 7 -8 -9
leaf_value=-0.022164776515526102 -0.042760958145095111 -0.059623665374132086 0.011063565591241897 0.0040919630324474697 0.022764314473952021 0.016131844598986457 0.060179090079571562 -0.020298691813039213
leaf_weight=84.015842463122681 225.24092488060705 72.74862949794624 37.995860125171021 870.58623978553806 166.00134394934867 303.17852304084226 46.67146347288508 32.342692050384358
leaf_count=4094 80896 7071 7443 27144 9539 17637 2700 6760
internal_value=-0.000558308 0.00519474 -0.0349919 0.00833252 0.0101385 0.0197409 0.0309751 0.0126201
internal_weight=1838.78 1575.54 263.237 1502.8 1418.78 548.194 212.673 335.521
internal_count=163284 74945 88339 67874 63780 36636 12239 24397
is_linear=0
shrinkage=0.0750466


Tree=46
num_leaves=9
num_cat=0
split_feature=33 50 55 38 2 8 9 9
split_gain=51.7429 53.7358 19.0729 12.6224 11.0732 19.16 24.5302 17.8172
threshold=27559.105000000007 1.0000000180025095e-35 1.5000000000000002 1.0000000180025095e-35 1.0000000180025095e-35 11254.315000000002 1579.095 938.67500000000007
decision_type=2 2 2 2 2 2 2 2
left_child=1 2 3 4 -1 6 -6 -7
right_child=-2 -3 -4 -5 5 7 -8 -9
leaf_value=-0.0042185145123485755 -0.043201365731980315 -0.05810248688302843 -0.020428389421303251 -0.024261563787209155 0.0090165870112530119 0.030396972452341547 0.039296883704349646 -0.0037100335976633153
leaf_weight=250.60860500251874 147.25697402562946 76.908231000415981 139.37057980103418 62.948559382813983 343.38331612804905 107.2958953223424 268.48631590174045 439.9955444826046
leaf_count=1980 28835 10385 30337 11900 34005 13767 10569 21506
internal_value=-0.000536915 0.00318283 0.00610658 0.00861772 0.0100858 0.0131784 0.0223035 0.00297661
internal_weight=1836.25 1689 1612.09 1472.72 1409.77 1159.16 611.87 547.291
internal_count=163284 134449 124064 93727 81827 79847 44574 35273
is_linear=0
shrinkage=0.0750466


Tree=47
num_leaves=9
num_cat=0
split_feature=52 32 133 5 21 153 150 5
split_gain=63.1063 22.882 22.4942 16.1644 14.5822 10.7842 12.6997 9.78011
threshold=65522.015000000007 1.5000000000000002 1.0000000180025095e-35 39.500000000000007 1.0000000180025095e-35 1026.3750000000002 3519.0050000000006 53.500000000000007
decision_type=2 2 10 2 2 10 10 2
left_child=1 2 3 4 -1 6 -5 -8
right_child=-2 -3 -4 5 -6 -7 7 -9
leaf_value=0.055412728672309806 -0.04657499186392694 -0.031976901045689253 0.053076299150955124 0.00035213564667257422 0.011346758662661998 -0.013461342745045971 0.063150603270623898 0.0099652297325812881
leaf_weight=47.0277815151494 153.52124444849323 95.542563337949105 54.81530376477167 697.61771406384651 420.17281168163754 284.77950009272899 33.085402244701982 47.326658895122819
leaf_count=748 66939 9863 386 17197 22496 38525 2915 4215
internal_value=-0.00051767 0.0036902 0.00584043 0.00414812 0.0157824 -0.000966189 0.00360737 0.0318483
internal_weight=1833.89 1680.37 1584.83 1530.01 467.201 1062.81 778.03 80.4121
internal_count=163284 96345 86482 86096 23244 62852 24327 7130
is_linear=0
shrinkage=0.0750466


Tree=48
num_leaves=9
num_cat=0
split_feature=51 4 5 113 113 29 153 5
split_gain=50.7489 20.2515 15.472 15.236 15.095 11.8691 12.3092 11.5538
threshold=1.0000000180025095e-35 1.5000000000000002 39.500000000000007 -1962.9999999999998 -75.499999999999986 1.0000000180025095e-35 5389.9350000000004 63.500000000000007
decision_type=2 2 2 10 8 2 8 2
left_child=1 2 3 -1 7 -4 -7 -2
right_child=4 -3 5 -5 -6 6 -8 -9
leaf_value=0.00045159306019044326 -0.045407274567555861 -0.037393514097251619 0.013079850544320676 0.028558650619635265 0.011451100486385707 -1.580340239296774e-05 -0.027166437478188744 0.018755731883806397
leaf_weight=177.11956705246121 191.19271848315839 62.610067863715813 327.05231862945948 280.84622684959322 37.785704438807443 624.38442498631775 110.72058237867896 17.230179418693297
leaf_count=4371 76111 1484 7061 12502 7688 34519 15008 4540
internal_value=-0.000495521 0.00443499 0.0061578 0.0176882 -0.0321909 0.00118631 -0.0041052 -0.040103
internal_weight=1828.94 1582.73 1520.12 457.966 246.209 1062.16 735.105 208.423
internal_count=163284 74945 73461 16873 88339 56588 49527 80651
is_linear=0
shrinkage=0.0750466


Tree=49
num_leaves=9
num_cat=0
split_feature=50 95 24 32 16 107 5 97
split_gain=42.4374 29.2474 23.8198 18.4957 12.7207 11.3105 11.0335 9.34041
threshold=1.0000000180025095e-35 4.5000000000000009 8.5000000000000018 1.5000000000000002 -14461.189999999999 52.500000000000007 45.500000000000007 7.5000000000000009
decision_type=2 2 2 2 2 2 2 2
left_child=1 2 3 4 -1 -4 -5 -6
right_child=-2 -3 5 6 7 -7 -8 -9
leaf_value=0.024526804232736166 -0.056066882345279026 0.062618665316855726 0.066937620516524146 -0.054571872128563549 -0.0025977210712482598 -0.032903382291507875 -0.002705834194544439 0.010391438359435972
leaf_weight=168.35564468009397 74.192643084563315 43.54036933532916 6.6922095273621371 47.753065042081289 778.90445755166002 141.69000028399751 44.744091081665829 519.91058132390026
leaf_count=3934 11035 4227 641 6099 28589 51538 5400 51821
internal_value=-0.00047432 0.00188043 0.000332136 0.00306567 0.00511765 -0.0284004 -0.0294825 0.00260179
internal_weight=1825.78 1751.59 1708.05 1559.67 1467.17 148.382 92.4972 1298.82
internal_count=163284 152249 148022 95843 84344 52179 11499 80410
is_linear=0
shrinkage=0.0750466


Tree=50
num_leaves=9
num_cat=0
split_feature=99 51 72 22 153 83 22 5
split_gain=61.4855 42.4477 30.3919 24.7456 17.0713 19.0859 18.3643 17.8779
threshold=1.0000000180025095e-35 1.0000000180025095e-35 533.71500000000015 -3026.8199999999993 5389.9350000000004 1.0000000180025095e-35 -9370.4499999999989 47.500000000000007
decision_type=2 2 2 2 8 2 2 2
left_child=1 4 -3 -2 5 -1 -6 -7
right_child=3 2 -4 -5 6 7 -8 -9
leaf_value=0.0014793572398607965 0.11425761141756691 -0.041865544364601902 0.055114449889428374 0.027681356224645931 0.011008149972307915 0.044928501285482675 -0.02048258132650423 0.00068360778104425285
leaf_weight=825.27283533965237 33.283651165431365 209.18170443072449 19.933614549227059 42.127889505238272 152.95735852466896 124.89562591956928 327.83793128968682 87.445960797020234
leaf_count=25879 735 83724 2309 4739 3071 10551 20813 11463
internal_value=-0.000454746 -0.00331786 -0.033428 0.0658927 0.00122552 0.00664218 -0.0104643 0.0267077
internal_weight=1822.94 1747.53 229.115 75.4115 1518.41 1037.61 480.795 212.342
internal_count=163284 157810 86033 5474 71777 47893 23884 22014
is_linear=0
shrinkage=0.0750466


Tree=51
num_leaves=9
num_cat=0
split_feature=51 17 111 94 32 5 115 5
split_gain=38.1475 44.2907 27.8951 23.1495 12.0797 11.9429 9.4987 8.86164
threshold=1.0000000180025095e-35 3.5000000000000004 1.0000000180025095e-35 1.0000000180025095e-35 1.5000000000000002 59.500000000000007 2964.0000000000005 53.500000000000007
decision_type=2 2 10 2 2 2 10 2
left_child=2 5 3 4 6 -2 -1 -5
right_child=1 -3 -4 7 -6 -7 -8 -9
leaf_value=0.0027521251122808545 -0.043998695075779935 0.11104962074723314 0.054550325217257632 0.047144470791243231 -0.030524846643607082 0.0062434695410613647 -0.018450379628680756 0.0042760361703419111
leaf_weight=1203.0202838901896 186.26244111248525 12.041608791914767 58.492246913257986 82.270138509571552 73.8515086742118 31.094335155619774 132.06495582463685 40.541216877987608
leaf_count=43820 76608 3580 419 4136 6501 8151 17030 3039
internal_value=-0.000440381 -0.0290497 0.00368662 0.00174431 -0.000979527 -0.0368112 0.0006548 0.0329932
internal_weight=1819.64 229.398 1590.24 1531.75 1408.94 217.357 1335.09 122.811
internal_count=163284 88339 74945 74526 67351 84759 60850 7175
is_linear=0
shrinkage=0.0750466


Tree=52
num_leaves=9
num_cat=0
split_feature=133 51 4 137 21 83 153 119
split_gain=34.1627 32.7262 16.2032 16.1859 10.278 9.037 23.8481 7.23366
threshold=8.0000000000000018 1.0000000180025095e-35 1.5000000000000002 1.0000000180025095e-35 1.0000000180025095e-35 1.0000000180025095e-35 1214.0550000000003 1.0000000180025095e-35
decision_type=10 2 2 10 2 2 10 8
left_child=1 2 4 -3 -1 -6 7 -7
right_child=-2 3 -4 -5 5 6 -8 -9
leaf_value=0.021451151833779818 0.076244912429603351 0.0026832261425397178 -0.036473561450636488 -0.041889529394405586 -0.0017971409772813589 0.063394136030573492 -0.011028292849168718 0.024328341653402794
leaf_weight=161.06582322635222 32.151952188462019 64.932708586915396 59.248458206187934 156.40682147262851 1058.4553610319272 34.100083093158901 125.92319348594174 122.92492413357832
leaf_count=3054 244 11375 1474 76910 34976 3339 24662 7250
internal_value=-0.000424589 -0.00180709 0.00202049 -0.0288136 0.00353847 0.00138765 0.0133013 0.032812
internal_weight=1815.21 1783.06 1561.72 221.34 1502.47 1341.4 282.948 157.025
internal_count=163284 163040 74755 88285 73281 70227 35251 10589
is_linear=0
shrinkage=0.0750466


Tree=53
num_leaves=9
num_cat=0
split_feature=71 8 7 113 18 127 113 95
split_gain=28.6052 19.7536 40.556 31.2625 16.7752 16.1232 12.9084 14.7234
threshold=1.5000000000000002 9683.5850000000009 1261.8700000000001 -1079.9999999999998 1.0000000180025095e-35 1221.5000000000002 -2054.4999999999995 1.0000000180025095e-35
decision_type=2 2 2 10 2 10 8 2
left_child=1 2 6 4 -4 -3 -1 -8
right_child=-2 5 3 -5 -6 -7 7 -9
leaf_value=-0.039463191274167121 0.073980887773416756 0.00047941623589438739 -0.0042971058268271708 0.068608731136736545 0.039065396890797022 -0.0191437825126624 -0.0057640928335662761 0.036355533693385067
leaf_weight=55.57417610893026 28.654218493611552 485.65545187960379 119.47240532317664 82.476756924006622 86.715085709991399 458.39345086971298 442.89120838907547 52.256088475929573
leaf_count=5763 1813 28618 1147 4437 5006 62111 48957 5432
internal_value=-0.000406212 -0.00160138 0.00677471 0.0295596 0.0139396 -0.00904885 -0.00516813 -0.00131894
internal_weight=1812.09 1783.43 839.386 288.664 206.187 944.049 550.721 495.147
internal_count=163284 161471 70742 10590 6153 90729 60152 54389
is_linear=0
shrinkage=0.0750466


Tree=54
num_leaves=9
num_cat=0
split_feature=50 71 17 55 7 38 127 8
split_gain=38.1243 24.0538 19.9093 15.7969 11.9729 10.05 8.54731 9.60382
threshold=1.0000000180025095e-35 1.5000000000000002 3.5000000000000004 1.5000000000000002 1261.8700000000001 1.0000000180025095e-35 145.50000000000003 9683.5850000000009
decision_type=2 2 2 2 2 2 8 2
left_child=1 2 3 5 -4 6 -1 -8
right_child=-2 -3 4 -5 -6 -7 7 -9
leaf_value=-0.030111003736070899 -0.054682085420906336 0.070026289122611635 0.0068382920823127332 -0.025244658735717181 0.079149142052487687 -0.029159308606935573 0.0099561763371489205 -0.002385553080583875
leaf_weight=43.582993170071859 70.031908674049191 28.618172350805253 23.594600521959364 136.44545600080164 28.440587079967372 58.254632350173779 692.66089888452552 728.65947542828508
leaf_count=3765 11035 1572 2717 35230 3190 12296 45032 48447
internal_value=-0.000392526 0.00179221 0.000651353 -0.000781821 0.0463608 0.00140958 0.0026252 0.00362902
internal_weight=1810.29 1740.26 1711.64 1659.6 52.0352 1523.16 1464.9 1421.32
internal_count=163284 152249 150677 144770 5907 109540 97244 93479
is_linear=0
shrinkage=0.0750466


Tree=55
num_leaves=9
num_cat=0
split_feature=99 52 141 95 113 56 22 106
split_gain=48.6671 36.0888 23.0449 22.9069 15.1604 12.1726 9.29087 10.4673
threshold=1.0000000180025095e-35 65522.015000000007 4.4850000000000012 1.5000000000000002 -927.99999999999989 8668.8100000000031 239470.10500000001 1.0000000180025095e-35
decision_type=2 2 8 2 10 2 2 2
left_child=1 3 -2 5 -5 6 7 -1
right_child=2 -3 -4 4 -6 -7 -8 -9
leaf_value=-0.0013250033258600741 0.016267573873028025 -0.042504550263967232 0.0981337283634693 0.01189538146678377 0.071056218737058877 -0.039981385321943071 -0.033647730282437754 0.032752638159165064
leaf_weight=1358.1510724399122 38.160184502077755 121.02032675617374 39.319070030061994 65.239061507862061 38.965658865927253 46.940735732321627 47.933700253604911 52.735022031934932
leaf_count=59805 3950 65095 1524 3330 2898 9957 8041 8684
internal_value=-0.000376992 -0.00298158 0.0578129 -1.06608e-05 0.0340176 -0.00236556 -0.00115518 -5.12753e-05
internal_weight=1808.46 1730.99 77.4793 1609.97 104.205 1505.76 1458.82 1410.89
internal_count=163284 157810 5474 92715 6228 86487 76530 68489
is_linear=0
shrinkage=0.0750466


Tree=56
num_leaves=9
num_cat=0
split_feature=99 133 22 26 22 138 147 120
split_gain=40.462 22.1418 19.6332 19.5997 9.39845 8.12572 9.14793 12.8017
threshold=1.0000000180025095e-35 8.0000000000000018 65850.970000000016 1.0000000180025095e-35 319.2050000000001 21996.515000000003 -9242.2649999999976 105570.00000000001
decision_type=2 10 2 2 2 8 8 10
left_child=1 2 5 -2 -5 6 7 -1
right_child=3 -3 -4 4 -6 -7 -8 -9
leaf_value=-0.0019825798069839787 0.091538841439528437 0.067457325739995661 -0.026092375191148265 0.051679891575024194 -0.019079671610086568 -0.0078525159438247848 -8.3312214594109943e-05 0.039051193950088409
leaf_weight=83.23891101568006 37.358526218682528 24.914207723457366 196.87337359646335 21.53600060637109 20.765131745312829 579.98205940041225 752.65297562873457 88.183616628113668
leaf_count=9537 382 194 62111 1060 4032 49439 26938 9591
internal_value=-0.000364486 -0.00277813 -0.0038069 0.0519277 0.0169448 -0.000889843 0.00348017 0.0191261
internal_weight=1805.5 1725.85 1700.93 79.6597 42.3011 1504.06 924.076 171.423
internal_count=163284 157810 157616 5474 5092 95505 46066 19128
is_linear=0
shrinkage=0.0750466


Tree=57
num_leaves=9
num_cat=0
split_feature=99 8 9 153 153 134 9 131
split_gain=34.0225 18.4048 26.9368 15.6624 15.4578 15.3923 12.7801 9.53997
threshold=1.0000000180025095e-35 14788.655000000001 1656.3400000000004 651.0150000000001 4779.9750000000013 106977.60000000002 448.33500000000004 568.90500000000009
decision_type=2 2 2 10 10 10 2 10
left_child=1 2 7 6 -4 -2 -3 -1
right_child=5 3 4 -5 -6 -7 -8 -9
leaf_value=-0.0017299278968439453 0.075826225307909292 0.02275029879671207 0.030123438925838835 -0.029511189124816456 -0.014089778251228039 0.0098030789507708924 -0.010103405708448424 -0.034926340579459397
leaf_weight=667.73566664708778 45.85681723797461 79.661441026080865 253.86567836796166 203.88136183773167 54.010146404383704 35.11652945401147 409.37332515459275 52.596186053007841
leaf_count=53273 1319 7969 9281 49989 9300 4155 14669 13329
internal_value=-0.000346783 -0.00258339 0.00378736 -0.0120368 0.0223672 0.0471933 -0.00475169 -0.00415382
internal_weight=1802.1 1721.12 1028.21 692.916 307.876 80.9733 489.035 720.332
internal_count=163284 157810 85183 72627 18581 5474 22638 66602
is_linear=0
shrinkage=0.0750466


Tree=58
num_leaves=9
num_cat=0
split_feature=108 138 22 94 98 28 72 82
split_gain=26.234 26.1055 20.4382 16.8139 12.4668 22.6673 13.8773 12.3802
threshold=1.0000000180025095e-35 21996.515000000003 111795.30500000001 1.0000000180025095e-35 1.0000000180025095e-35 1.0000000180025095e-35 2333.3600000000006 1.5000000000000002
decision_type=2 8 2 2 2 2 2 2
left_child=2 -2 3 4 6 -6 -1 -5
right_child=1 -3 -4 7 5 -7 -8 -9
leaf_value=-0.0067803636425003344 0.15051029978759561 0.0038084917667967491 -0.028948696233289918 0.01379640324964925 0.053880410944612836 -0.020004098183761015 0.01298019534994041 0.067011884371920821
leaf_weight=1143.9469126292388 12.844962242699692 14.592822591832375 140.28372424474219 116.13396114163334 58.674315840704367 38.883983393956441 242.60334101621993 31.245882928546052
leaf_count=82899 979 4023 46678 6323 1051 5804 10369 5158
internal_value=-0.000333401 0.0724867 -0.0014611 0.000902425 -0.00149839 0.0244321 -0.00332288 0.0250786
internal_weight=1799.21 27.4378 1771.77 1631.49 1484.11 97.5583 1386.55 147.38
internal_count=163284 5002 158282 111604 100123 6855 93268 11481
is_linear=0
shrinkage=0.0750466


Tree=59
num_leaves=9
num_cat=0
split_feature=33 99 22 10 153 94 7 32
split_gain=37.099 22.0191 17.2772 9.1821 9.62251 8.6933 9.74277 8.45251
threshold=27559.105000000007 1.5000000000000002 26219.395 -1444.4349999999997 299.11500000000007 1.0000000180025095e-35 5005.1550000000016 10.500000000000002
decision_type=2 2 2 2 8 2 2 2
left_child=1 2 5 4 -4 6 -1 -2
right_child=7 -3 3 -5 -6 -7 -8 -9
leaf_value=0.0014299510532287737 -0.047677507285409204 0.05594072870385524 0.046490899873638997 -0.0076861243572314761 -0.047635132333999283 0.024191221723082995 0.03215985443108698 0.0029538665684170221
leaf_weight=1158.8691548899515 107.54977407032857 42.614608502248302 6.7543375246459609 213.25412459025392 64.813435233256314 119.36411864729598 61.173337535874452 22.445290165545885
leaf_count=49537 26448 1587 1675 46732 26769 5603 2546 2387
internal_value=-0.000321663 0.00268977 0.00129264 -0.0154921 -0.0387518 0.00486187 0.00297076 -0.0389354
internal_weight=1796.84 1666.84 1624.23 284.822 71.5678 1339.41 1220.04 129.995
internal_count=163284 134449 132862 75176 28444 57686 52083 28835
is_linear=0
shrinkage=0.0750466


Tree=60
num_leaves=9
num_cat=0
split_feature=111 71 116 11 55 149 141 24
split_gain=17.7512 17.3609 12.1918 12.9874 12.4433 12.4043 11.1828 8.89777
threshold=1.0000000180025095e-35 1.5000000000000002 2777.4150000000004 18.395000000000003 1.5000000000000002 636.50000000000011 1.1700000000000002 6.5000000000000009
decision_type=10 2 10 2 2 10 10 2
left_child=1 2 3 5 6 -1 -5 -6
right_child=-2 -3 -4 4 7 -7 -8 -9
leaf_value=-0.018454057540874893 0.039355638113674381 0.056031875086439489 -0.020093870395124058 0.011729833317485689 -0.0039252811694220364 0.0027819773318379769 -0.01747765763626791 -0.052196984202114563
leaf_weight=335.96516025770688 61.369049734785222 28.832901436253451 200.11461319233058 699.65162466419861 65.450891154818237 287.46015064581297 82.537738662853371 32.030469968507532
leaf_count=4577 565 1794 47634 63104 11563 5300 13783 14964
internal_value=-0.000309514 -0.00171491 -0.00269248 -0.000375751 0.00549686 -0.00866216 0.00864782 -0.0197864
internal_weight=1793.41 1732.04 1703.21 1503.1 879.671 623.425 782.189 97.4814
internal_count=163284 162719 160925 113291 103414 9877 76887 26527
is_linear=0
shrinkage=0.0750466


Tree=61
num_leaves=9
num_cat=0
split_feature=52 8 12 140 153 153 125 109
split_gain=29.8781 17.9414 19.4102 14.5538 16.1932 11.3302 8.72158 8.48928
threshold=65522.015000000007 9683.5850000000009 4.5000000000000009 1376.0350000000003 3489.6750000000006 651.0150000000001 -714.92999999999995 1.0000000180025095e-35
decision_type=2 2 2 10 10 10 8 2
left_child=1 3 -3 7 6 -4 -5 -1
right_child=-2 2 5 4 -6 -7 -8 -9
leaf_value=-0.0035612270155051815 -0.03717035026920975 0.027543094991127053 -0.0031793671782090896 0.0065480786751761361 -0.00071197742115373139 -0.022998255582401428 0.049145510539909752 0.015640287301315028
leaf_weight=344.25145242211875 115.75710271112621 91.711438672849908 559.42111474950798 34.624762302730232 85.178700297779869 228.94307875534287 124.06878118595341 208.04534169676481
leaf_count=5831 66939 802 18720 4172 12899 36493 8114 9314
internal_value=-0.000295299 0.0022512 -0.00513351 0.0104142 0.0256835 -0.00893483 0.0398513 0.00367181
internal_weight=1792 1676.24 880.076 796.169 243.872 788.364 158.694 552.297
internal_count=163284 96345 56015 40330 25185 55213 12286 15145
is_linear=0
shrinkage=0.0750466


Tree=62
num_leaves=9
num_cat=0
split_feature=71 4 29 104 142 18 72 2
split_gain=14.4329 11.2173 9.14249 9.89326 7.59139 7.59163 5.965 5.66947
threshold=1.5000000000000002 1.5000000000000002 1.0000000180025095e-35 21172.650000000005 1531764.9800000002 111286.64000000001 2333.3600000000006 1.0000000180025095e-35
decision_type=2 2 2 2 8 2 2 2
left_child=1 2 7 4 5 6 -4 -1
right_child=-2 -3 3 -5 -6 -7 -8 -9
leaf_value=-0.0064984654989942688 0.049110018684384478 -0.032591578794691968 -0.0017693011076856642 -0.026998664263485687 -0.0280294053659811 -0.033340858857155403 0.012813464044615645 0.012734417972029557
leaf_weight=110.95640798844397 32.705337176914327 61.874296733469237 809.81739451538306 93.957728568580933 58.108793625608087 37.440040849149227 196.26272429979872 388.77942305343458
leaf_count=688 1813 2180 76894 36879 4014 14921 10535 15360
internal_value=-0.000286253 -0.00120563 -6.01321e-05 -0.00362314 -0.00162944 -0.000159353 0.00107546 0.00846414
internal_weight=1789.9 1757.2 1695.32 1195.59 1101.63 1043.52 1006.08 499.736
internal_count=163284 161471 159291 143243 106364 102350 87429 16048
is_linear=0
shrinkage=0.0750466


Tree=63
num_leaves=9
num_cat=0
split_feature=50 33 99 95 11 27 18 85
split_gain=33.2472 35.6878 21.0315 17.9342 14.7729 20.5164 11.2412 8.50681
threshold=1.0000000180025095e-35 27559.105000000007 1.5000000000000002 5.5000000000000009 52.845000000000006 2.5000000000000004 1.0000000180025095e-35 35229.000000000007
decision_type=2 2 2 2 2 2 2 2
left_child=1 2 3 4 -1 6 -6 -7
right_child=-2 -3 -4 -5 5 7 -8 -9
leaf_value=-0.0049788877981492893 -0.05304488586450376 -0.037298574969548692 0.057686074359794261 0.059697208699019254 0.055582950981481465 0.0024722634089134059 0.017955637175062867 -0.035063905137953953
leaf_weight=789.7639828940155 64.797699910472147 122.67068228212884 41.10928664956009 31.128356382483616 54.326281183864921 394.53724540333496 252.79853434104007 37.210963964811526
leaf_count=12830 11035 28185 1306 2138 882 68232 20818 17858
internal_value=-0.000271566 0.00171248 0.00470179 0.00330533 0.002157 0.00978438 0.0246114 -0.000762856
internal_weight=1788.34 1723.55 1600.87 1559.77 1528.64 738.873 307.125 431.748
internal_count=163284 152249 124064 122758 120620 107790 21700 86090
is_linear=0
shrinkage=0.0750466


Tree=64
num_leaves=9
num_cat=0
split_feature=51 17 4 71 22 24 153 22
split_gain=18.6978 36.6676 12.4003 11.0187 9.94301 12.0502 11.9594 11.6877
threshold=1.0000000180025095e-35 3.5000000000000004 1.5000000000000002 1.0000000180025095e-35 239470.10500000001 1.0000000180025095e-35 5389.9350000000004 -22789.309999999994
decision_type=2 2 2 2 2 2 8 2
left_child=2 3 4 -2 5 7 -7 -1
right_child=1 -3 -4 -5 -6 6 -8 -9
leaf_value=0.02545058307532011 -0.037002284701387354 0.10154938755094796 -0.031909321901045402 0.020137314676579858 -0.028567313650851193 0.028028212966515569 -0.0070295896205407804 -0.00073394749115758041
leaf_weight=105.26676543918438 164.40826345683308 12.670319523138458 57.036356220953166 21.491812603431754 51.869606293854304 208.19369072036352 74.382276437245309 1091.3212563199922
leaf_count=1461 82092 3580 1484 2667 10106 20225 10338 31331
internal_value=-0.000266002 -0.0219772 0.00244875 -0.0303964 0.00372871 0.00486122 0.0188 0.00156957
internal_weight=1786.64 198.57 1588.07 185.9 1531.03 1479.16 282.576 1196.59
internal_count=163284 88339 74945 84759 73461 63355 30563 32792
is_linear=0
shrinkage=0.0750466


Tree=65
num_leaves=9
num_cat=0
split_feature=33 56 127 83 18 25 80 18
split_gain=27.8654 17.4049 10.1527 9.73714 14.0909 9.79943 19.7462 7.75732
threshold=27559.105000000007 8668.8100000000031 145.50000000000003 1.0000000180025095e-35 1.0000000180025095e-35 7648.2250000000013 2.5000000000000004 11352.675000000001
decision_type=2 2 8 2 2 2 2 2
left_child=1 2 -1 -4 -5 6 -6 -8
right_child=-2 -3 3 4 5 -7 7 -9
leaf_value=-0.03027371367036066 -0.035355177666961689 -0.039512604962852159 0.0015993263048577182 -0.049625994413737565 0.012757858638451296 0.0019117107876055835 0.08326117937454558 0.032425855624893807
leaf_weight=48.189232037460897 118.9255179441534 54.380451672943309 1227.3828936833306 17.46443451452069 135.9807296404615 113.54321980883833 40.320742043317296 29.112689874367788
leaf_count=4137 28835 16981 47381 982 13523 41015 3175 7255
internal_value=-0.000259271 0.00224545 0.00365415 0.00469965 0.0160107 0.0196046 0.0293844 0.0619465
internal_weight=1785.3 1666.37 1611.99 1563.8 336.422 318.957 205.414 69.4334
internal_count=163284 134449 117468 113331 65950 64968 23953 10430
is_linear=0
shrinkage=0.0750466


Tree=66
num_leaves=9
num_cat=0
split_feature=108 82 133 51 141 105 105 80
split_gain=21.2067 25.2394 16.3059 14.1074 17.6764 6.73616 8.70237 5.5462
threshold=1.0000000180025095e-35 1.0000000180025095e-35 8.0000000000000018 1.0000000180025095e-35 38.570000000000007 1.0000000180025095e-35 1.5000000000000002 1.0000000180025095e-35
decision_type=2 2 10 2 8 2 2 2
left_child=2 -2 3 5 -5 -1 -7 -6
right_child=1 -3 -4 4 7 6 -8 -9
leaf_value=-0.00080607594761271102 -0.0024413898025118287 0.1391235119604389 0.054094319506369101 -0.03740811328308024 -0.017564188015603097 0.058841699424804036 -0.0022095239766368232 0.029724951386530259
leaf_weight=1486.1254546427517 15.115663397707978 13.364035139500627 29.432143713813275 127.88640096515883 22.301518155203667 24.802048791374546 27.988435805833433 37.380182829394471
leaf_count=66150 1455 3547 221 73338 3547 2892 3510 8624
internal_value=-0.00025246 0.0639876 -0.00129439 -0.00223862 -0.0216699 0.000129717 0.0264736 0.0120542
internal_weight=1784.4 28.4797 1755.92 1726.48 187.568 1538.92 52.7905 59.6817
internal_count=163284 5002 158282 158061 85509 72552 6402 12171
is_linear=0
shrinkage=0.0750466


Tree=67
num_leaves=9
num_cat=0
split_feature=50 17 18 94 73 120 5 5
split_gain=29.9577 13.3697 11.0339 9.25263 12.6465 8.87487 10.0879 9.78733
threshold=1.0000000180025095e-35 3.5000000000000004 1949.6600000000001 1.0000000180025095e-35 9.5000000000000018 800917.97000000009 61.500000000000007 67.500000000000014
decision_type=2 2 2 2 2 10 2 2
left_child=1 3 -3 4 5 6 -1 -8
right_child=-2 2 -4 -5 -6 -7 7 -9
leaf_value=-0.0033766415361771991 -0.051598083559008169 -0.0015434817355490524 0.061938670965185141 0.017511212892937507 -0.020707246195466492 0.032302950438697166 0.030758773134420186 -0.00025536109285516172
leaf_weight=1047.3353872100706 61.762625473202206 26.4825590349501 36.914310780179221 159.10980002715951 171.38712241180474 48.985434887174051 105.7656601893832 125.0773108425783
leaf_count=71297 11035 715 5787 14198 44741 5168 5222 5121
internal_value=-0.000245036 0.00159784 0.0354205 0.000304302 -0.00152265 0.000954803 -0.000246596 0.0139544
internal_weight=1782.82 1721.06 63.3969 1657.66 1498.55 1327.16 1278.18 230.843
internal_count=163284 152249 6502 145747 131549 86808 81640 10343
is_linear=0
shrinkage=0.0750466


Tree=68
num_leaves=9
num_cat=0
split_feature=71 153 96 135 25 135 4 26
split_gain=10.6444 10.3069 15.8614 13.9263 9.63175 6.83134 5.85117 18.8025
threshold=1.5000000000000002 651.0150000000001 1.0000000180025095e-35 -1840.4999999999998 16350.765000000001 -1048.9999999999998 1.5000000000000002 1.0000000180025095e-35
decision_type=2 10 2 10 2 10 2 2
left_child=1 2 5 -4 6 -1 7 -3
right_child=-2 4 3 -5 -6 -7 -8 -9
leaf_value=-0.0013785736707531112 0.041182450123885918 0.066552652736207654 -0.0029504527098275818 0.02260619840143149 -0.033542300603093184 -0.022020515598717035 -0.049728100865739921 -0.0072009636384298172
leaf_weight=585.85008829314029 34.271488172758836 20.394004170084372 193.8092937002657 315.68269408587366 80.659403994795866 106.74833999871043 16.222585762152448 428.54265235591447
leaf_count=15327 1813 191 9574 19986 45922 3079 1047 66345
internal_value=-0.000237469 -0.00104959 0.00283362 0.0128845 -0.00960184 -0.00456006 -0.00545053 -0.00385053
internal_weight=1782.18 1747.91 1202.09 509.492 545.819 692.598 465.159 448.937
internal_count=163284 161471 47966 29560 113505 18406 67583 66536
is_linear=0
shrinkage=0.0750466


Tree=69
num_leaves=9
num_cat=0
split_feature=108 153 56 94 151 72 73 0
split_gain=16.9014 20.3025 14.0358 8.36988 10.0619 5.95485 9.74128 8.1154
threshold=1.0000000180025095e-35 2046.8850000000002 4317.5350000000008 1.0000000180025095e-35 10.500000000000002 2333.3600000000006 9.5000000000000018 26921913.500000004
decision_type=2 8 2 2 8 2 2 2
left_child=2 -2 3 5 -5 6 -1 -7
right_child=1 -3 -4 4 -6 7 -8 -9
leaf_value=-0.0012031362063484909 0.11988242338093939 -0.0036358881289341683 -0.02745175077167997 0.032224538688308366 -0.0074547268151489614 -0.01170608187970875 -0.023838959502813201 0.017288273918227997
leaf_weight=1105.254173798894 14.400258177891375 15.628383486124219 107.53985496168025 95.312353628105484 57.831525758025236 76.166506928100716 118.56002198305214 189.97006018034881
leaf_count=69544 1067 3935 33846 7867 4373 4538 30667 7447
internal_value=-0.000227915 0.0555974 -0.00118549 0.000533629 0.0172405 -0.00118358 -0.00339604 0.00899028
internal_weight=1780.66 30.0286 1750.63 1643.09 153.144 1489.95 1223.81 266.137
internal_count=163284 5002 158282 124436 12240 112196 100211 11985
is_linear=0
shrinkage=0.0750466


Tree=70
num_leaves=9
num_cat=0
split_feature=56 71 95 115 0 16 16 95
split_gain=12.7073 11.2162 8.3052 8.75597 8.44482 6.47226 10.363 7.79123
threshold=8668.8100000000031 1.5000000000000002 5.5000000000000009 2964.0000000000005 15842220.000000002 -14461.189999999999 -609.50499999999988 1.0000000180025095e-35
decision_type=2 2 2 10 2 2 2 2
left_child=1 2 3 5 -5 -1 -7 -8
right_child=-2 -3 -4 4 -6 6 7 -9
leaf_value=0.014616481167862867 -0.035714414379436732 0.044157211973300622 0.035713608527452714 -0.068654461575715267 -0.011252483997789919 -0.008140226984776391 0.0031753454011699193 0.03316943112840328
leaf_weight=178.24604582611937 55.048509724932956 33.130787269445136 36.024899676616769 15.80676168395439 166.25226914836094 575.70777769968845 666.60343151388224 52.625491213344503
leaf_count=4728 20045 1406 2957 3913 35643 23822 66262 4508
internal_value=-0.00021987 0.000913234 6.61133e-05 -0.000709723 -0.0162362 0.00120908 -0.000636431 0.00536999
internal_weight=1779.45 1724.4 1691.27 1655.24 182.059 1473.18 1294.94 719.229
internal_count=163284 143239 141833 138876 39556 99320 94592 70770
is_linear=0
shrinkage=0.0750466


Tree=71
num_leaves=9
num_cat=0
split_feature=108 83 8 12 9 2 107 64
split_gain=13.8573 17.6763 12.3711 17.3467 16.7949 9.71522 8.61108 7.95508
threshold=1.0000000180025095e-35 1.0000000180025095e-35 9683.5850000000009 4.5000000000000009 1656.3400000000004 1.0000000180025095e-35 22.500000000000004 14843.910000000002
decision_type=2 2 2 2 2 2 2 2
left_child=2 -2 4 -4 5 -1 -5 -7
right_child=1 -3 3 6 -6 7 -8 -9
leaf_value=-0.018577656903428583 -0.0068763962649117149 0.10615466580216079 0.023626397492309267 -0.0020974856846796381 0.02277628256580334 0.0062615957981776108 -0.017649702266571084 -0.038456119440281607
leaf_weight=137.80034825298935 15.653963274846321 15.515310541552024 92.326682864455506 362.32259283622261 229.22420446760952 452.72486109760939 448.96897929118131 23.571636714739725
leaf_count=1349 1455 3547 1026 6132 14211 46222 81873 7469
internal_value=-0.000210468 0.0493877 -0.00109541 -0.00719639 0.00544179 -0.00102867 -0.0107041 0.00404854
internal_weight=1778.11 31.1693 1746.94 903.618 843.321 614.097 811.292 476.296
internal_count=163284 5002 158282 89031 69251 55040 88005 53691
is_linear=0
shrinkage=0.0750466


Tree=72
num_leaves=9
num_cat=0
split_feature=56 113 8 7 135 12 128 141
split_gain=11.3112 10.0908 14.6706 19.3458 27.2394 13.8269 7.59269 10.6386
threshold=11582.655000000002 -2054.4999999999995 9683.5850000000009 1261.8700000000001 -1355.4999999999998 4.5000000000000009 694.53000000000009 1.8150000000000002
decision_type=2 8 2 2 10 2 10 10
left_child=1 -1 3 6 -5 -4 -3 -8
right_child=-2 2 5 4 -6 -7 7 -9
leaf_value=-0.022485533589556139 -0.040101252869484127 0.0036948722383344868 0.022692629310181536 0.0095103813874978915 0.059393632716740814 -0.0080480350431887063 -0.043433884853908429 0.04256726211173311
leaf_weight=99.701468625396956 39.140167880308582 445.43767454952467 92.431674579973333 198.89441204350442 89.348103693104349 759.73508507938823 41.618498343101237 10.058916246518491
leaf_count=11241 15033 39634 991 5112 3941 75782 8638 2912
internal_value=-0.000204707 0.000694173 0.00210548 0.00950476 0.024973 -0.0047137 0.000535817 -0.0266939
internal_weight=1776.37 1737.23 1637.52 785.358 288.243 852.167 497.115 51.6774
internal_count=163284 148251 137010 60237 9053 76773 51184 11550
is_linear=0
shrinkage=0.0750466


Tree=73
num_leaves=9
num_cat=0
split_feature=33 21 11 133 103 28 72 135
split_gain=23.7116 12.9202 11.9804 19.1969 9.57547 7.49963 9.17462 8.31663
threshold=27559.105000000007 1.0000000180025095e-35 52.845000000000006 8.0000000000000018 2.5000000000000004 1395.8750000000002 3398.6200000000003 -1171.4999999999998
decision_type=2 2 2 8 2 2 2 10
left_child=1 -1 -3 4 5 7 -7 -4
right_child=-2 2 3 -5 -6 6 -8 -9
leaf_value=0.022563613710377229 -0.0334046494269363 -0.0069248156535754819 0.033602858610735926 0.044771039832756987 -0.023449491217261073 -0.00120086592693836 0.046075309919090368 -0.0034480330365457526
leaf_weight=156.85379171377281 113.37888268640381 734.54510027373908 96.103382768342271 67.276525285327807 70.387918635009555 457.92484619756578 24.348006556683686 52.902575081039686
leaf_count=3067 28835 12943 6730 1535 27768 76221 3340 2845
internal_value=-0.000199823 0.00206762 -7.06598e-05 0.00647688 0.0028052 0.00573261 0.00118592 0.0204484
internal_weight=1773.72 1660.34 1503.49 768.943 701.667 631.279 482.273 149.006
internal_count=163284 134449 131382 118439 116904 89136 79561 9575
is_linear=0
shrinkage=0.0750466


Tree=74
num_leaves=9
num_cat=0
split_feature=99 52 11 153 141 5 29 141
split_gain=18.6537 18.3973 21.6379 20.6462 14.2308 9.30359 10.947 9.12126
threshold=1.0000000180025095e-35 65522.015000000007 93.555000000000021 651.0150000000001 4.4850000000000012 47.500000000000007 1.0000000180025095e-35 1.0000000180025095e-35
decision_type=2 2 2 10 8 2 2 8
left_child=1 2 -1 5 -2 -4 -7 -8
right_child=4 -3 3 -5 -6 6 7 -9
leaf_value=-0.0068390466607488884 0.0025987885088080802 -0.033851817512638521 0.04037888131773644 -0.0017076317662148464 0.064611497677567326 0.048204845581273074 0.018612888080099251 -0.025590266550626649
leaf_weight=987.04841904476052 40.581927522085607 95.769692996080266 133.93158886104356 324.9871631792048 42.8453767625615 37.254712604451925 66.495302126102615 43.484070601756684
leaf_count=18343 3950 65095 9142 54837 1524 1508 5592 3293
internal_value=-0.00019458 -0.00190568 1.46482e-05 0.0111751 0.0344464 0.0260657 0.0130456 0.00113567
internal_weight=1772.4 1688.97 1593.2 606.153 83.4273 281.166 147.234 109.979
internal_count=163284 157810 92715 74372 5474 19535 10393 8885
is_linear=0
shrinkage=0.0750466


Tree=75
num_leaves=9
num_cat=0
split_feature=99 18 11 107 138 138 38 107
split_gain=15.733 13.8076 11.9126 19.0133 7.47175 7.32219 6.0976 6.23488
threshold=1.0000000180025095e-35 1.0000000180025095e-35 52.845000000000006 12.500000000000002 15804.530000000002 178101.13000000003 1.5000000000000002 260.50000000000006
decision_type=2 2 2 2 8 10 2 2
left_child=2 -2 4 -4 -1 6 7 -5
right_child=1 -3 3 5 -6 -7 -8 -9
leaf_value=-0.0026991807890561002 0.066185921625126237 0.0049707711025179019 0.035855702661385991 0.0036833872296985373 -0.017293479076989526 -0.054502911858304449 -0.040448511659339839 -0.045417722047517532
leaf_weight=543.51959465903929 36.510198644013144 48.08063767652493 96.915758260409348 689.33799922291655 310.39692478376674 13.385150115151189 18.99039818753954 14.879268774908267
leaf_count=9311 457 5017 2452 120202 8640 4271 6571 6363
internal_value=-0.000191198 0.0313918 -0.00177446 0.00460779 -0.00800418 0.000496412 0.00151434 0.00264594
internal_weight=1772.02 84.5908 1687.43 833.509 853.917 736.593 723.208 704.217
internal_count=163284 5474 157810 139859 17951 137407 133136 126565
is_linear=0
shrinkage=0.0750466


Tree=76
num_leaves=9
num_cat=0
split_feature=99 141 32 95 25 10 25 32
split_gain=13.351 11.3423 9.87718 7.97515 8.19085 6.04727 5.69262 13.57
threshold=1.0000000180025095e-35 4.4850000000000012 1.5000000000000002 5.5000000000000009 35114.595000000008 135.45500000000001 1.0000000180025095e-35 1.0000000180025095e-35
decision_type=2 8 2 2 2 2 2 2
left_child=2 -2 3 4 6 -6 -1 -8
right_child=1 -3 -4 -5 5 -7 7 -9
leaf_value=-0.0025472836118979707 0.00043290848776512443 0.055206627678510214 -0.026958680325468588 0.034869638789868158 -0.040037739840545858 0.032424166898650249 0.012629033194498828 -0.048731351198203272
leaf_weight=1184.1658425768255 41.129659782571252 44.144962361606304 82.580879341781838 35.421148986322805 46.335698091745144 7.5421632303332435 308.64512250359985 21.72745273943292
leaf_count=40411 3950 1524 17854 2534 23176 2824 61856 9155
internal_value=-0.00018299 0.0287882 -0.00164793 -0.000344692 -0.00113997 -0.0298941 -0.000117082 0.00859357
internal_weight=1771.69 85.2746 1686.42 1603.84 1568.42 53.8779 1514.54 330.373
internal_count=163284 5474 157810 139956 137422 26000 111422 71011
is_linear=0
shrinkage=0.0750466


Tree=77
num_leaves=9
num_cat=0
split_feature=17 56 7 32 127 95 153 7
split_gain=10.2637 10.4814 9.11593 9.01815 7.15131 6.06029 10.1926 7.81737
threshold=3.5000000000000004 4810.0000000000009 1261.8700000000001 1.5000000000000002 145.50000000000003 1.5000000000000002 651.0150000000001 2050.3150000000005
decision_type=2 2 2 2 8 2 8 2
left_child=1 3 -2 4 -1 7 -7 -6
right_child=2 -3 -4 -5 5 6 -8 -9
leaf_value=-0.028238331429796818 -0.0037203139173071858 -0.026555909776601383 0.05136566973072567 -0.024912892768370134 -0.0033074841560686102 0.046748831156176611 -0.00011798510487626848 0.0084981045859602606
leaf_weight=44.792720342054963 29.271199605194852 87.968743874196662 40.094406134507153 77.611600503703812 894.83639467868488 44.701788095757365 62.920667913218495 488.26816752835293
leaf_count=4096 3287 30750 4291 14946 67793 1405 5417 31299
internal_value=-0.000176159 -0.00133 0.0281202 4.56431e-05 0.00130715 0.00219492 0.0193485 0.000860164
internal_weight=1770.47 1701.1 69.3656 1613.13 1535.52 1490.73 107.622 1383.1
internal_count=163284 155706 7578 124956 110010 105914 6822 99092
is_linear=0
shrinkage=0.0750466


Tree=78
num_leaves=9
num_cat=0
split_feature=99 116 20 127 111 137 127 57
split_gain=11.1674 10.6111 6.69494 6.32517 5.11831 6.95919 13.0569 6.7469
threshold=1.0000000180025095e-35 -1.0000000180025095e-35 109749.33500000001 145.50000000000003 1.0000000180025095e-35 18877.255000000001 3655.5000000000005 4.5000000000000009
decision_type=2 10 2 8 10 8 10 2
left_child=2 -2 3 -1 5 -5 7 -7
right_child=1 -3 -4 4 -6 6 -8 -9
leaf_value=-0.028703025379092792 0.057475184917603457 0.0040329246340706799 -0.026691749019806501 0.003328632653317704 0.023893460272259914 -0.0056953186259589405 -0.038558674753043094 0.025097276238603566
leaf_weight=43.976916258397978 35.720616181904916 50.515349828521721 57.474991186754778 952.33164581842721 49.536488716374151 469.51894840272143 65.868762662983499 43.814721357310191
leaf_count=4693 766 4708 17492 62225 475 41053 19964 11908
internal_value=-0.000169773 0.0261697 -0.00151978 -0.000629491 0.000151365 -0.000616558 -0.00710329 -0.00306707
internal_weight=1768.76 86.236 1682.52 1625.05 1581.07 1531.53 579.202 513.334
internal_count=163284 5474 157810 140318 135625 135150 72925 52961
is_linear=0
shrinkage=0.0750466


Tree=79
num_leaves=9
num_cat=0
split_feature=133 12 147 150 120 95 16 16
split_gain=9.14124 6.26198 7.33886 4.46896 4.61697 8.97154 5.87845 12.7554
threshold=8.0000000000000018 8.5000000000000018 -4623.8949999999995 1.0000000180025095e-35 154836.00000000003 1.5000000000000002 -354.2999999999999 -7736.8999999999987
decision_type=10 2 10 8 8 2 2 2
left_child=1 3 -3 -1 5 -5 7 -6
right_child=-2 2 -4 4 6 -7 -8 -9
leaf_value=-0.010207993309450622 0.038761096420410035 -0.027583375787368733 0.015397069086342105 -0.0070165343533137641 0.013559743369925313 0.029007027292523184 0.012021703432847841 -0.010164400774389537
leaf_weight=198.58481667956221 33.3398173507303 93.159384351572953 29.446459665079601 459.36795392088243 220.394349367416 42.542257002816768 386.54951504647033 303.26722817079281
leaf_count=13978 244 33228 3447 40736 6999 3322 45957 15373
internal_value=-0.00016264 -0.000911328 -0.0172607 0.000333174 0.00181557 -0.00396315 0.00500208 -0.000179579
internal_weight=1766.65 1733.31 122.606 1610.71 1412.12 501.91 910.211 523.662
internal_count=163284 163040 36675 126365 112387 44058 68329 22372
is_linear=0
shrinkage=0.0750466


Tree=80
num_leaves=9
num_cat=0
split_feature=50 56 71 39 13 153 97 127
split_gain=26.3165 7.69308 8.63613 7.2948 7.08338 7.36776 15.7055 7.7635
threshold=1.0000000180025095e-35 8668.8100000000031 1.5000000000000002 313319.83000000002 1.5000000000000002 475.06500000000005 36.500000000000007 610.50000000000011
decision_type=2 2 2 2 2 8 2 8
left_child=1 2 3 4 5 6 7 -1
right_child=-2 -3 -4 -5 -6 -7 -8 -9
leaf_value=-0.0083807270158114035 -0.049941148937693837 -0.0288982685278701 0.04051705589785095 -0.033984516062259405 -0.029837709939591631 -0.001602839077820255 0.039272978422857985 0.010050530348863489
leaf_weight=182.04635043736198 57.837859597639181 45.543562286911765 32.757096877205186 31.815089853305835 37.697216260945424 854.16243250074331 83.733295000623912 439.29834019643022
leaf_count=7666 11035 17347 1248 8068 825 96644 6878 13573
internal_value=-0.00015556 0.00153126 0.00236536 0.00159806 0.00230696 0.00308411 0.00876209 0.0046504
internal_weight=1764.89 1707.05 1661.51 1628.75 1596.94 1559.24 705.078 621.345
internal_count=163284 152249 134902 133654 125586 124761 28117 21239
is_linear=0
shrinkage=0.0750466


Tree=81
num_leaves=9
num_cat=0
split_feature=52 4 4 133 21 102 2 135
split_gain=15.0582 12.7853 9.32129 7.11234 6.51405 5.78832 6.67005 6.46724
threshold=65522.015000000007 1.0000000180025095e-35 1.5000000000000002 1.0000000180025095e-35 1.0000000180025095e-35 1.0000000180025095e-35 1.0000000180025095e-35 -805.49999999999989
decision_type=2 2 2 10 2 2 2 10
left_child=2 -2 3 4 -1 6 -6 -8
right_child=1 -3 -4 -5 5 -7 7 -9
leaf_value=0.01584444895179038 -0.03562050202175341 0.086922015171613395 -0.028711471106176438 0.030646009171493932 -0.012168421430727536 -0.028107434643093857 0.0056248224634132971 -0.0087351456142585968
leaf_weight=163.38347220094875 90.486505295004463 5.0634213739831457 55.575609738880303 49.18977214442566 190.90623269649222 40.056693863705732 952.27108655814664 216.85810167388991
leaf_count=3653 64998 1941 1765 337 1678 3583 65020 20309
internal_value=-0.000152721 -0.0291267 0.00150679 0.00254817 0.00166416 9.39246e-06 0.000837508 0.00296124
internal_weight=1763.79 95.5499 1668.24 1612.67 1563.48 1400.09 1360.04 1169.13
internal_count=163284 66939 96345 94580 94243 90590 87007 85329
is_linear=0
shrinkage=0.0750466


Tree=82
num_leaves=9
num_cat=0
split_feature=99 11 107 153 9 10 115 11
split_gain=9.42365 10.6957 15.8245 9.64508 13.4225 8.84919 8.43608 7.67894
threshold=1.0000000180025095e-35 52.845000000000006 1.0000000180025095e-35 3853.3050000000007 3165.5400000000004 1.0000000180025095e-35 -1.0000000180025095e-35 1025.2150000000004
decision_type=2 2 2 10 2 2 10 2
left_child=1 -1 -3 4 5 7 -2 -4
right_child=6 2 3 -5 -6 -7 -8 -9
leaf_value=-0.007335550832570167 0.051490398765887041 0.077450796699116656 0.0031946911527926765 -0.013361890502439782 0.051685251280798122 0.018501066269460794 0.003996162514479186 -0.023821894065972397
leaf_weight=845.4020104452502 36.42513653554488 16.484710183925927 365.19590153094032 159.56866422208259 36.117105270648608 182.32036876614438 49.942527181585319 70.727136471366975
leaf_count=17951 785 209 42933 48119 4769 18432 4689 25397
internal_value=-0.000147587 -0.00139347 0.00465586 0.00318153 0.00721571 0.00461785 0.0240266 -0.00118866
internal_weight=1762.18 1675.82 830.414 813.929 654.361 618.243 86.3677 435.923
internal_count=163284 157810 139859 139650 91531 86762 5474 68330
is_linear=0
shrinkage=0.0750466


Tree=83
num_leaves=9
num_cat=0
split_feature=56 80 74 5 24 31 58 5
split_gain=8.28489 6.93766 17.6384 12.6987 7.81616 7.35161 7.71287 7.05994
threshold=11582.655000000002 4.5000000000000009 391.17500000000007 40.500000000000007 9.5000000000000018 8091.6550000000016 4177.2050000000008 67.500000000000014
decision_type=2 2 2 2 2 2 2 2
left_child=1 4 3 -3 5 6 -1 -8
right_child=-2 2 -4 -5 -6 -7 7 -9
leaf_value=-9.6493227592335588e-05 -0.036147116575604113 0.022188877326642886 0.0022630431675231518 0.13457424199477439 -0.023498593442932994 -0.021540176124060423 0.024178475033124366 -0.017756551099111815
leaf_weight=1308.2679966805154 35.275469555635937 11.383070465992207 72.802802205551416 11.267077485797925 79.570711582928197 79.982750604307512 136.03166373679414 27.117808918526862
leaf_count=50991 15033 2497 18666 2256 35772 15551 19337 3181
internal_value=-0.000143541 0.000592108 0.020257 0.0780938 -0.000558785 0.000617789 0.00182224 0.0172083
internal_weight=1761.7 1726.42 95.453 22.6501 1630.97 1551.4 1471.42 163.149
internal_count=163284 148251 23419 4753 124832 89060 73509 22518
is_linear=0
shrinkage=0.0750466


Tree=84
num_leaves=9
num_cat=0
split_feature=33 32 11 12 20 56 103 9
split_gain=18.5764 9.43556 8.33162 10.6548 8.82251 8.6706 7.08699 6.52185
threshold=27559.105000000007 10.500000000000002 93.555000000000021 4.5000000000000009 79.560000000000016 8668.8100000000031 2.5000000000000004 3165.5400000000004
decision_type=2 2 2 2 2 2 2 2
left_child=2 -2 4 -4 -1 6 7 -5
right_child=1 -3 3 5 -6 -7 -8 -9
leaf_value=0.00021061111775895415 -0.041045878146887621 0.017209052829088592 0.061394183592770671 0.0086677900207114428 -0.020516504665684974 -0.029489311137497049 -0.015080967249817596 0.036434859705853376
leaf_weight=839.28379114199197 87.085161835857434 19.09197986026993 20.546084605157375 509.10655200170004 134.14381745411083 35.634265003318433 64.056275517476024 52.558247694309102
leaf_count=13697 26448 2387 492 68275 4120 16227 23785 7853
internal_value=-0.000141357 -0.0305709 0.00181047 0.00817175 -0.0026457 0.00651831 0.00856891 0.0112661
internal_weight=1761.51 106.177 1655.33 681.901 973.428 661.355 625.721 561.665
internal_count=163284 28835 134449 116632 17817 116140 99913 76128
is_linear=0
shrinkage=0.0750466


Tree=85
num_leaves=9
num_cat=0
split_feature=50 8 74 10 28 6 97 81
split_gain=23.5796 7.1913 12.5777 13.6005 10.844 9.16576 7.41893 7.77515
threshold=1.0000000180025095e-35 9683.5850000000009 1660.8950000000002 -3005.3049999999998 1395.8750000000002 54.500000000000007 36.500000000000007 8797.7650000000012
decision_type=2 2 2 2 2 2 2 2
left_child=1 2 6 -4 -3 -5 -1 -8
right_child=-2 4 3 5 -6 -7 7 -9
leaf_value=-0.0030201257247306191 -0.048379831371838995 0.0031079900075756325 -0.018023508096324744 0.006377676435188692 -0.014349496818054761 0.040884992579541375 -0.0050606519563494755 0.036890929576130813
leaf_weight=512.982589007559 55.273600805085152 534.55939064358245 41.411402049358003 65.154870776284952 320.57039891066961 129.55017591814976 43.121509729477111 58.821771572169382
leaf_count=35230 11035 16088 7244 1612 66554 5206 5688 14627
internal_value=-0.00013877 0.00142406 0.00630792 0.0210312 -0.00343646 0.0293377 0.000654542 0.0191456
internal_weight=1761.45 1706.17 851.042 236.116 855.13 194.705 614.926 101.943
internal_count=163284 152249 69607 14062 82642 6818 55545 20315
is_linear=0
shrinkage=0.0750466


Tree=86
num_leaves=9
num_cat=0
split_feature=8 51 96 12 125 113 140 138
split_gain=8.94954 13.9276 17.0331 10.4882 6.29602 8.25698 8.30458 7.9776
threshold=9683.5850000000009 1.0000000180025095e-35 1.0000000180025095e-35 4.5000000000000009 -4536.1249999999991 -1263.4999999999998 7173.1900000000014 36105.985000000008
decision_type=2 2 2 2 8 8 8 8
left_child=1 2 -1 -2 -4 -6 -7 -8
right_child=3 -3 4 -5 5 6 7 -9
leaf_value=-0.0023900994790320251 0.018239344407090175 -0.020000398265941587 -0.0047184282608187071 -0.0081785532978437339 0.007939365507731411 0.017419137687742569 0.066246443046961465 0.025608893491773317
leaf_weight=377.21445343428059 94.625673908507451 107.21094401594019 49.870288433972746 801.87131844312535 117.51524285785854 102.67575342016062 57.88785100216046 51.333030921930913
leaf_count=8048 1033 44290 5591 90869 4775 3250 2039 3389
internal_value=-0.000137724 0.00531408 0.00890166 -0.00539013 0.0201319 0.023894 0.0327422 0.0471471
internal_weight=1760.2 863.708 756.497 896.497 379.282 329.412 211.897 109.221
internal_count=163284 71382 27092 91902 19044 13453 8678 5428
is_linear=0
shrinkage=0.0750466


Tree=87
num_leaves=9
num_cat=0
split_feature=17 64 97 131 5 142 5 5
split_gain=8.43594 8.89395 6.9128 12.6953 11.7323 8.79745 7.47113 11.5479
threshold=3.5000000000000004 13076.395000000002 41.500000000000007 310.84500000000008 34.500000000000007 182988.00000000003 61.500000000000007 67.500000000000014
decision_type=2 2 2 10 2 10 2 2
left_child=1 2 3 6 5 -4 -1 -8
right_child=-2 -3 4 -5 -6 -7 7 -9
leaf_value=-0.0026210671901423688 0.025291358740423101 -0.023421539621602341 0.017309939957510314 -0.027358966013674033 0.0039720053898788885 0.085925281531610997 0.029479558081126074 -0.0030196587501295875
leaf_weight=1025.1075484422327 70.542187462036964 95.669169017783133 23.620671753305942 101.60625808135956 175.30319732727366 18.980310146784177 113.80681405542418 134.17364498742973
leaf_count=56399 7578 32390 3466 17416 32159 4159 4753 4964
internal_value=-0.000135005 -0.00119741 0.000137614 -0.00183088 0.0125563 0.0478806 0.000206537 0.0118954
internal_weight=1758.81 1688.27 1592.6 1374.69 217.904 42.601 1273.09 247.98
internal_count=163284 155706 123316 83532 39784 7625 66116 9717
is_linear=0
shrinkage=0.0750466


Tree=88
num_leaves=9
num_cat=0
split_feature=22 11 26 11 115 120 64 11
split_gain=9.51764 16.4697 9.09811 7.82187 7.34253 6.78388 8.51532 6.03512
threshold=6061.1650000000009 93.555000000000021 1.0000000180025095e-35 52.845000000000006 25799.010000000006 1037556.6200000002 16914.280000000002 596.98500000000013
decision_type=2 2 2 2 8 8 2 2
left_child=1 -1 -3 -2 7 -5 -7 -4
right_child=3 2 4 5 -6 6 -8 -9
leaf_value=-0.0019215808924372877 -0.035391699443071106 0.04470942008305432 0.011818534221393315 -0.010461417671350916 -0.013983786880213267 0.024639867308193588 -0.04160969288003618 0.043161599060536127
leaf_weight=947.48910288960906 56.896190128725721 56.734968425356783 194.35931274300674 329.64230371447047 51.057351469324203 67.208164063194999 13.048314498388207 42.092129216878675
leaf_count=18230 4347 1735 19884 87070 7656 10853 5235 8274
internal_value=-0.00013271 0.00318622 0.0172448 -0.00931697 0.0118251 -0.00569766 0.0138688 0.0173981
internal_weight=1758.53 1291.73 344.244 466.795 287.509 409.899 80.2565 236.451
internal_count=163284 55779 37549 107505 35814 103158 16088 28158
is_linear=0
shrinkage=0.0750466


Tree=89
num_leaves=9
num_cat=0
split_feature=33 113 11 95 113 80 149 16
split_gain=16.227 7.61483 7.65885 12.0741 10.3647 10.1258 9.60367 10.1887
threshold=27559.105000000007 -2054.4999999999995 18.395000000000003 1.5000000000000002 -1171.4999999999998 1.5000000000000002 1714.5000000000002 -14461.189999999999
decision_type=2 8 2 2 10 2 8 2
left_child=1 -1 -3 4 6 -5 -4 -8
right_child=-2 2 3 5 -6 -7 7 -9
leaf_value=-0.019356857829594721 -0.029053126869162921 -0.0038286346953379262 -0.0006926429122473736 0.012184422390705321 -0.0040761310922885199 0.064234875797509389 0.055673328323122585 0.015108469027000301
leaf_weight=91.656589785794495 102.85673990088981 592.1507187646057 190.96845158195356 50.898213314882014 424.6875889992225 35.893774587486405 41.164279484539293 228.14076501407544
leaf_count=9993 28835 9128 21381 2872 66026 4217 741 20091
internal_value=-0.000129986 0.00166695 0.00289911 0.00699875 0.00437901 0.0337105 0.0121804 0.021309
internal_weight=1758.42 1655.56 1563.9 971.753 884.961 86.792 460.273 269.305
internal_count=163284 134449 124456 115328 108239 7089 42213 20832
is_linear=0
shrinkage=0.0750466


Tree=90
num_leaves=9
num_cat=0
split_feature=86 8 7 96 20 113 7 9
split_gain=8.06874 7.84296 18.5031 25.9649 14.7707 7.84959 7.76006 14.2091
threshold=1.0000000180025095e-35 9683.5850000000009 1261.8700000000001 1.0000000180025095e-35 1.0000000180025095e-35 -2054.4999999999995 1842.0450000000003 448.33500000000004
decision_type=2 2 2 2 2 8 2 2
left_child=1 2 5 -4 -5 -1 7 -3
right_child=-2 6 3 4 -6 -7 -8 -9
leaf_value=-0.031793113052122346 -0.041991499206610834 0.0091191319430907938 0.0019495238650733509 0.026536425604678365 0.079241163683436325 8.1140874667271851e-05 0.0006505202473896381 -0.025483417376353654
leaf_weight=47.661203419615049 25.552135928417556 99.206328645173926 180.84267297640326 80.738017730123829 47.605793864553561 500.07247491320595 570.69455851588282 204.83521574176848
leaf_count=5735 5605 11310 3223 3213 3951 53683 53537 23027
internal_value=-0.000127633 0.000490106 0.0055929 0.0202706 0.0460859 -0.00269241 -0.00450876 -0.0141929
internal_weight=1757.21 1731.66 856.92 309.186 128.344 547.734 874.736 304.042
internal_count=163284 157679 69805 10387 7164 59418 87874 34337
is_linear=0
shrinkage=0.0750466


Tree=91
num_leaves=9
num_cat=0
split_feature=11 120 39 11 81 112 134 97
split_gain=6.36728 6.69495 6.06138 6.73186 8.96099 15.3177 10.5364 9.58595
threshold=-1.0000000180025095e-35 211140.00000000003 25863.355000000003 93.555000000000021 29325.005000000001 1532369.6600000001 360218.03500000009 20.500000000000004
decision_type=2 10 2 2 2 8 8 2
left_child=1 -1 3 -2 5 -5 -7 -6
right_child=2 -3 -4 4 7 6 -8 -9
leaf_value=-0.048559033166721749 -0.0024233997764235892 0.0026590128982161764 -0.021915900483785201 0.006704146088333883 -0.023078624952261227 0.012750772362253788 0.065319290813433267 0.0080197740876266979
leaf_weight=30.771912659227382 963.84673587273574 26.972203979734331 64.190730624744901 351.88009438943118 93.803038148151245 38.745357800304191 48.170858573867008 137.87745423591696
leaf_count=2382 18055 3283 18451 47927 24410 3367 3447 41962
internal_value=-0.00012791 -0.0246351 0.000705259 0.00159374 0.0073686 0.0136728 0.0418854 -0.00457138
internal_weight=1756.26 57.7441 1698.51 1634.32 670.477 438.796 86.9162 231.68
internal_count=163284 5665 157619 139168 121113 54741 6814 66372
is_linear=0
shrinkage=0.0750466


Tree=92
num_leaves=9
num_cat=0
split_feature=50 108 82 107 0 125 16 138
split_gain=20.5613 11.3523 15.2004 5.6126 7.37521 6.0518 5.48584 6.27422
threshold=1.0000000180025095e-35 1.0000000180025095e-35 1.0000000180025095e-35 130.50000000000003 64376656.000000007 -367.86499999999995 -1870.675 36105.985000000008
decision_type=2 2 2 2 2 10 2 8
left_child=1 3 -3 -1 5 6 -5 -8
right_child=-2 2 -4 4 -6 -7 7 -9
leaf_value=0.0016378756586618722 -0.046422724010817297 -0.0072948632908823733 0.097608439962741766 -0.053810165920054616 0.06174238629230528 0.054931752485242562 0.0074969492537105475 -0.035914087385852903
leaf_weight=1559.0971131790138 52.413344810862327 15.254455358342968 15.875022300635463 26.637007532350253 6.541521830513374 5.6970806445169719 37.579026865103515 37.424681940523442
leaf_count=95374 11035 1370 3180 11649 2677 2875 17012 18112
internal_value=-0.000125335 0.00129864 0.0462024 0.000463103 -0.0156205 -0.0203352 -0.024554 -0.0141639
internal_weight=1756.52 1704.11 31.1295 1672.98 113.879 107.338 101.641 75.0037
internal_count=163284 152249 4550 147699 52325 49648 46773 35124
is_linear=0
shrinkage=0.0750466


Tree=93
num_leaves=9
num_cat=0
split_feature=22 17 11 12 83 150 150 11
split_gain=8.30888 13.5661 11.7767 11.8422 8.06947 13.5818 7.0814 6.58152
threshold=6061.1650000000009 3.5000000000000004 93.555000000000021 7.5000000000000009 1407.6450000000002 953.55500000000018 1998.6300000000003 136.92000000000004
decision_type=2 2 2 2 2 10 8 2
left_child=2 7 -1 4 6 -6 -4 -2
right_child=1 -3 3 -5 5 -7 -8 -9
leaf_value=-0.0014145563084266416 -0.028884133157197508 0.037043635024419229 -0.012644309071116001 -0.010233595284442724 0.084629476977507057 0.017432418029683323 0.021920369540213785 -0.0071302137421928018
leaf_weight=941.15945753306733 103.09808515832992 33.771931230439804 42.453976311808219 82.320412367611425 28.042763941222802 42.787558270589216 156.22239544059266 326.00405172976025
leaf_count=18230 7025 5922 2241 16839 2510 7033 8926 94558
internal_value=-0.000124334 -0.00875258 0.00296448 0.0146787 0.0222881 0.0440367 0.0145344 -0.0123569
internal_weight=1755.86 462.874 1292.99 351.827 269.507 70.8303 198.676 429.102
internal_count=163284 107505 55779 37549 20710 9543 11167 101583
is_linear=0
shrinkage=0.0750466


Tree=94
num_leaves=9
num_cat=0
split_feature=99 141 8 17 151 138 147 151
split_gain=7.45996 8.23778 7.46627 7.1328 6.66325 10.5437 8.89341 7.75832
threshold=1.0000000180025095e-35 4.4850000000000012 14788.655000000001 3.5000000000000004 4.5000000000000009 10376.35 -31205.244999999999 1.0000000180025095e-35
decision_type=2 8 2 2 10 8 10 10
left_child=2 -2 4 -4 5 7 -6 -1
right_child=1 -3 3 -5 6 -7 -8 -9
leaf_value=0.00035504666646227613 -0.0028740506105624057 0.04334708474780144 -0.0094391086310929538 0.026640507832503043 -0.0027992504622050387 -0.011156916672318461 0.031078792830665374 0.019866683279660693
leaf_weight=381.14523650688352 41.531991934083635 45.516582822136115 607.38851238990901 32.511993145133602 78.717017984745326 306.97619685126119 97.93779346960946 164.22687923902413
leaf_count=13447 3950 1524 68568 4059 21632 24935 15913 9256
internal_value=-0.000123537 0.0212944 -0.00124068 -0.00760598 0.00271768 -3.16069e-05 0.0159828 0.00623055
internal_weight=1755.95 87.0486 1668.9 639.901 1029 852.348 176.655 545.372
internal_count=163284 5474 157810 72627 85183 47638 37545 22703
is_linear=0
shrinkage=0.0750466


Tree=95
num_leaves=9
num_cat=0
split_feature=33 52 85 109 112 17 134 85
split_gain=14.1564 9.98153 9.77331 13.1329 12.9901 9.02139 6.36152 9.23719
threshold=27559.105000000007 65522.015000000007 1.0000000180025095e-35 1.0000000180025095e-35 69676.200000000012 2.5000000000000004 431161.07000000001 8269.6500000000015
decision_type=2 2 2 2 8 2 8 2
left_child=1 2 -1 -4 -5 -2 7 -6
right_child=5 -3 3 4 6 -7 -8 -9
leaf_value=0.00070161457674960232 -0.034797558399423216 -0.024852905816270841 -0.012539193842161862 -0.012977089378898818 0.071764758114966951 0.042832962723975153 0.07403474344107909 0.013776095741286873
leaf_weight=1398.8214373466035 90.518541395984357 76.982623539457563 52.010291751939803 28.043368123850087 22.890255270467605 9.2967080665403028 29.564780006767251 47.730902315903222
leaf_count=54862 26800 53134 6348 4293 2693 2035 4883 8236
internal_value=-0.000119848 0.00153449 0.00282093 0.0192687 0.0321702 -0.0275671 0.0448075 0.0325718
internal_weight=1755.86 1656.04 1579.06 180.24 128.229 99.8152 100.186 70.6212
internal_count=163284 134449 81315 26453 20105 28835 15812 10929
is_linear=0
shrinkage=0.0750466


Tree=96
num_leaves=9
num_cat=0
split_feature=20 7 84 16 12 150 12 20
split_gain=5.49437 5.07786 8.30407 10.1138 16.3257 8.25174 9.9557 9.61205
threshold=109749.33500000001 1655.0800000000002 1.0000000180025095e-35 -1.0000000180025095e-35 7.5000000000000009 29747.050000000003 7.5000000000000009 79.560000000000016
decision_type=2 2 2 2 2 8 2 2
left_child=1 -1 -3 4 -4 6 -5 -8
right_child=-2 2 3 5 -6 -7 7 -9
leaf_value=-0.0035521160366076927 -0.023060103567756222 0.0020639370823741432 0.073211511082067512 -0.016368597475441157 -0.016348315328019128 -0.042205158249886368 0.020630069672326615 0.1659524122821085
leaf_weight=829.48178731373628 56.898239471251145 772.54520005824452 38.548033387749456 13.807114440045554 16.314792847348144 17.246713062588242 6.2368224101373908 4.3521389952802565
leaf_count=86919 18160 32312 3892 4181 7246 4674 3106 2794
internal_value=-0.000120517 0.000647924 0.00465673 0.0254125 0.0465787 -0.00247316 0.0256152 0.0803586
internal_weight=1755.43 1698.53 869.051 96.5056 54.8628 41.6428 24.3961 10.589
internal_count=163284 145124 58205 25893 11138 14755 10081 5900
is_linear=0
shrinkage=0.0750466


Tree=97
num_leaves=9
num_cat=0
split_feature=21 111 149 127 72 123 2 123
split_gain=5.97541 7.42971 4.25239 10.2313 13.3365 5.61847 4.30939 3.99032
threshold=1.0000000180025095e-35 8.0000000000000018 636.50000000000011 991.50000000000011 1287.6450000000002 19.500000000000004 1.0000000180025095e-35 12.500000000000002
decision_type=2 10 10 8 2 10 2 8
left_child=-1 2 6 4 -4 -5 -2 -8
right_child=1 -3 3 5 -6 -7 7 -9
leaf_value=0.012499728920232574 -0.020483972018446019 0.040135562509380399 -0.005006624819546196 -0.0017559711844600998 0.034156707062550945 -0.030121381903005909 -0.011035527016377208 0.004475946200868961
leaf_weight=188.61240542348241 118.54123073536903 23.616114737873431 91.927050181111554 808.64883027298492 104.80161872302415 41.338445982692065 208.3741021908354 169.28563550155377
leaf_count=5801 1095 178 15669 106370 4179 5903 19952 4137
internal_value=-0.000119791 -0.0016392 -0.00227861 0.000434023 0.0158565 -0.0031355 -0.00800079 -0.00408252
internal_weight=1755.15 1566.53 1542.92 1046.72 196.729 849.987 496.201 377.66
internal_count=163284 157483 157305 132121 19848 112273 25184 24089
is_linear=0
shrinkage=0.0750466


Tree=98
num_leaves=9
num_cat=0
split_feature=33 52 99 33 72 140 28 135
split_gain=12.78 8.58815 7.03873 5.61328 5.79695 6.25931 8.19712 6.87804
threshold=27559.105000000007 73897.235000000015 1.0000000180025095e-35 1.0000000180025095e-35 387.90500000000003 7173.1900000000014 5998.3400000000011 -532.49999999999989
decision_type=2 2 2 2 2 10 2 10
left_child=1 3 -2 4 5 6 -1 -7
right_child=2 -3 -4 -5 -6 7 -8 -9
leaf_value=0.0089553255092037886 -0.03246032940198694 -0.025179995850464237 0.041485904665265506 0.025866316111338612 -0.0016081833297099161 0.032581658618229453 -0.018688147472203223 -0.026502945100191407
leaf_weight=345.37242700444767 89.811221441792441 65.551635702475323 7.8863671057333695 56.043459127278766 1016.2692356734769 86.977160990383709 73.222384945547674 12.718923102831466
leaf_count=13248 27787 48463 1048 4378 39142 16112 10486 2620
internal_value=-0.000115246 0.00144069 -0.0264912 0.00253777 0.0016858 0.00814466 0.00411981 0.0250438
internal_weight=1753.85 1656.16 97.6976 1590.6 1534.56 518.291 418.595 99.6961
internal_count=163284 134449 28835 85986 81608 42466 23734 18732
is_linear=0
shrinkage=0.0750466


Tree=99
num_leaves=9
num_cat=0
split_feature=108 82 27 8 27 20 134 20
split_gain=8.2462 10.5476 7.34408 9.0308 6.63718 5.30865 8.1159 8.10964
threshold=1.0000000180025095e-35 1.0000000180025095e-35 35.500000000000007 -8804.7999999999975 1.5000000000000002 203.56500000000003 214834.95000000004 16705.170000000002
decision_type=2 2 2 2 2 2 10 2
left_child=2 -2 3 4 -1 -5 -7 -8
right_child=1 -3 -4 5 -6 6 7 -9
leaf_value=0.054382028444728565 -0.0085642169690636032 0.076020697359793929 -0.041765831029765207 0.00038741640077357748 0.0094716107960451257 -0.020827698107389866 -0.016858739839919677 0.028229908262532862
leaf_weight=26.798737211094704 15.47298207276617 17.917453611531528 24.334057065178058 1346.3499172384036 60.0890881086234 172.27162190529634 42.522489073206089 47.631635355341132
leaf_count=1071 1455 3547 10150 84963 12341 25731 7827 16199
internal_value=-0.000113438 0.0368244 -0.000830515 -0.000243062 0.0233233 -0.00151585 -0.0112804 0.0069632
internal_weight=1753.39 33.3904 1720 1695.66 86.8878 1608.78 262.426 90.1541
internal_count=163284 5002 158282 148132 13412 134720 49757 24026
is_linear=0
shrinkage=0.0750466


Tree=100
num_leaves=9
num_cat=0
split_feature=52 11 153 149 107 127 153 11
split_gain=8.77056 7.88496 12.8643 6.44957 6.12689 5.92752 5.62839 5.58276
threshold=65522.015000000007 93.555000000000021 651.0150000000001 636.50000000000011 59.500000000000007 1221.5000000000002 9905.9850000000024 2810.6050000000005
decision_type=2 2 10 8 2 8 8 2
left_child=1 -1 3 -3 -2 -5 -6 -4
right_child=4 2 7 5 6 -7 -8 -9
leaf_value=-0.0031118962691212616 0.01381241496041127 -0.0063983182740066846 -0.00028740091712527378 0.047179163265447868 -0.045375742284258828 0.01776697247975537 0.0092655921243603515 -0.041385621172141875
leaf_weight=1002.9730598954775 19.137702406995231 50.394646974804346 324.5441488645738 46.646992459573084 52.867978315873188 223.4361478681094 13.284939153279991 19.747739205457037
leaf_count=18888 5322 3894 48876 3111 52193 13279 9424 8297
internal_value=-0.000111281 0.00108915 0.00742748 0.0182481 -0.023584 0.0228469 -0.0344026 -0.00264469
internal_weight=1753.03 1667.74 664.77 320.478 85.2906 270.083 66.1529 344.292
internal_count=163284 96345 77457 20284 66939 16390 61617 57173
is_linear=0
shrinkage=0.0750466


Tree=101
num_leaves=9
num_cat=0
split_feature=4 51 4 5 5 4 135 135
split_gain=6.37712 5.56474 11.9882 11.8586 8.17931 7.71834 7.31975 5.68913
threshold=1.5000000000000002 1.0000000180025095e-35 1.0000000180025095e-35 63.500000000000007 43.500000000000007 1.0000000180025095e-35 -1840.4999999999998 -348.99999999999994
decision_type=2 2 2 2 2 2 8 10
left_child=1 4 3 -3 5 6 -1 -6
right_child=-2 2 -4 -5 7 -7 -8 -9
leaf_value=-0.0075345562256105688 -0.025208576196262523 -0.024393479986276251 0.075877974658156946 0.041181669901933809 -0.0010181611797227305 -0.014123195176291346 0.015324356022528508 -0.026050785045340787
leaf_weight=94.608663550752681 55.217109528952278 138.82169709359005 8.228871127299497 17.488269269611919 834.79826491887798 74.735398732125759 474.99352291386458 54.468475981499068
leaf_count=3749 2213 80587 2114 4909 44932 1345 19612 3823
internal_value=-0.00010949 0.000706636 -0.012409 -0.0170568 0.0021138 0.0085524 0.0115276 -0.00255143
internal_weight=1753.36 1698.14 164.539 156.31 1533.6 644.338 569.602 889.267
internal_count=163284 161071 87610 85496 73461 24706 23361 48755
is_linear=0
shrinkage=0.0750466


Tree=102
num_leaves=9
num_cat=0
split_feature=4 111 39 21 113 102 0 0
split_gain=5.55638 7.25983 6.20342 4.11928 4.52756 3.9571 3.81138 3.43758
threshold=1.5000000000000002 1.0000000180025095e-35 313319.83000000002 1.0000000180025095e-35 -1962.9999999999998 1.0000000180025095e-35 54309004.500000007 26921913.500000004
decision_type=2 10 2 2 8 2 2 2
left_child=1 2 3 -1 6 7 -5 -6
right_child=-2 -3 -4 4 5 -7 -8 -9
leaf_value=0.011391575653054256 -0.02375173872102055 0.027506890979764841 -0.031476133083624291 -0.0050935871664449387 -0.0060838462458664144 -0.024211888197654775 -0.032049465157324639 0.0032647613513977669
leaf_weight=172.44053829583572 54.244689616141841 54.845096623699646 35.0638010641851 88.654394071782008 286.0916036413546 35.607321633404354 44.305489863356343 981.54883053133381
leaf_count=5384 2213 415 11035 11702 33609 3880 5119 89927
internal_value=-0.000107692 0.000647399 -0.000248812 0.000431852 -0.000884044 0.000461819 -0.0140759 0.00115489
internal_weight=1752.8 1698.56 1643.71 1608.65 1436.21 1303.25 132.96 1267.64
internal_count=163284 161071 160656 149621 144237 127416 16821 123536
is_linear=0
shrinkage=0.0750466


Tree=103
num_leaves=9
num_cat=0
split_feature=33 32 22 96 10 151 134 9
split_gain=11.1078 9.1547 8.64448 11.3552 9.58594 8.98364 8.1827 7.67788
threshold=27559.105000000007 10.500000000000002 6061.1650000000009 1.0000000180025095e-35 -627.07499999999993 1.5000000000000002 80233.200000000012 579.65500000000009
decision_type=2 2 2 2 2 8 8 2
left_child=2 -2 3 -1 5 -5 -6 -7
right_child=1 -3 -4 4 6 7 -8 -9
leaf_value=-0.002128934952190604 -0.036331420259828377 0.023154914370607793 -0.0077268811774858981 -0.036955309457149969 0.039558950941686995 0.042726872420977467 0.012945606039444378 -0.0052397270886920793
leaf_weight=656.48371997638606 76.954716253996594 17.973433927443693 437.03423331104568 36.159884265274741 80.180887462425744 24.984586409816984 345.18170622707112 75.854652863781666
leaf_count=14704 26448 2387 93881 2039 2844 2404 10698 7879
internal_value=-0.000102815 -0.0250684 0.00132841 0.00457532 0.0124017 -0.00486313 0.0179622 0.00664479
internal_weight=1750.81 94.9282 1655.88 1218.85 562.362 136.999 425.363 100.839
internal_count=163284 28835 134449 40568 25864 12322 13542 10283
is_linear=0
shrinkage=0.0750466


Tree=104
num_leaves=9
num_cat=0
split_feature=33 108 32 56 95 5 147 5
split_gain=9.74835 9.4582 8.13527 5.25586 5.53617 4.57888 5.62334 5.22421
threshold=27559.105000000007 1.0000000180025095e-35 10.500000000000002 4810.0000000000009 4.5000000000000009 39.500000000000007 -7681.6749999999993 59.500000000000007
decision_type=2 2 2 2 2 2 10 2
left_child=1 3 -2 4 5 6 -1 -7
right_child=2 -3 -4 -5 -6 7 -8 -9
leaf_value=0.011442415343847942 -0.034835569757958464 0.04176991414273163 0.020933219613814565 -0.01875269455940571 0.02707996621030229 -0.0061376851281436957 -0.0070052025084102482 0.0051683485128057906
leaf_weight=356.18496894609416 74.338939550361829 31.778523445333121 18.372491589994752 76.651315348717617 45.807600539614214 669.73045280756196 125.97748172198771 350.71120531050838
leaf_count=26731 26448 3963 2387 26598 2472 47995 6864 19826
internal_value=-0.00010259 0.00122254 -0.0237839 0.000429627 0.00137921 0.000595714 0.0066225 -0.00225196
internal_weight=1749.55 1656.84 92.7114 1625.06 1548.41 1502.6 482.162 1020.44
internal_count=163284 134449 28835 130486 103888 101416 33595 67821
is_linear=0
shrinkage=0.0750466


Tree=105
num_leaves=9
num_cat=0
split_feature=87 17 51 107 25 107 146 138
split_gain=7.01217 5.8245 10.9293 10.7513 9.50822 8.12721 8.1269 7.22329
threshold=1.0000000180025095e-35 3.5000000000000004 1.0000000180025095e-35 45.500000000000007 1.0000000180025095e-35 22.500000000000004 1.0000000180025095e-35 12094.745000000001
decision_type=2 2 2 2 2 2 10 8
left_child=1 2 4 -4 5 -1 -7 -3
right_child=-2 7 3 -5 -6 6 -8 -9
leaf_value=0.0030706585891466152 -0.040157054020784073 -0.0021949113796088525 0.0094515725798775489 -0.033750929100752836 0.013792357703277374 -0.013150501929681334 0.022267110727319815 0.045188931943354556
leaf_weight=792.17363683937583 24.271151683249627 36.564643784717191 47.819607270706911 100.88391174563731 285.65016349148937 384.80343352616183 40.310088487050962 35.917397318291478
leaf_count=10621 5605 2153 6251 77279 32238 21116 2905 5116
internal_value=-0.000100255 0.00046364 -0.000450122 -0.019858 0.00147013 -0.00142142 -0.00979214 0.0212854
internal_weight=1748.39 1724.12 1651.64 148.704 1502.94 1217.29 425.114 72.482
internal_count=163284 157679 150410 83530 66880 34642 24021 7269
is_linear=0
shrinkage=0.0750466


Tree=106
num_leaves=9
num_cat=0
split_feature=33 64 21 7 52 82 81 120
split_gain=8.44089 7.17665 5.33691 5.53652 6.8724 7.52956 6.17174 5.6715
threshold=27559.105000000007 1.0000000180025095e-35 1.0000000180025095e-35 132.94500000000002 65522.015000000007 1.0000000180025095e-35 20172.080000000005 182988.00000000003
decision_type=2 2 2 2 2 2 2 8
left_child=2 -2 -1 -4 5 6 -5 -7
right_child=1 -3 3 4 -6 7 -8 -9
leaf_value=0.014012927116718785 -0.013097495296362002 -0.070335280694195992 -0.0085858981775578814 0.0025121839745552398 -0.026683548351234786 0.0025022612937318843 -0.017179132507414596 0.026294352309146885
leaf_weight=162.99569325591438 75.706024415470893 14.739153213871758 347.53752935185912 772.70597386109876 44.510136853685253 102.92727903759805 101.40826234820997 124.90444669572753
leaf_count=3067 16350 12485 40344 17682 35371 11119 9497 17369
internal_value=-0.000100089 -0.0224251 0.0011185 -0.00028829 0.00222705 0.00339482 0.000227743 0.0155458
internal_weight=1747.43 90.4452 1656.99 1493.99 1146.46 1101.95 874.114 227.832
internal_count=163284 28835 134449 131382 91038 55667 27179 28488
is_linear=0
shrinkage=0.0750466


Tree=107
num_leaves=9
num_cat=0
split_feature=50 99 153 120 81 18 52 135
split_gain=18.1476 7.36104 7.75037 9.62618 7.97235 7.5381 7.79511 7.40778
threshold=1.0000000180025095e-35 1.0000000180025095e-35 651.0150000000001 182988.00000000003 75817.000000000015 9395.760000000002 61011.600000000013 -1263.4999999999998
decision_type=2 2 8 10 2 2 2 8
left_child=1 2 5 7 -5 -1 -7 -4
right_child=-2 -3 3 4 -6 6 -8 -9
leaf_value=0.0019568176074263427 -0.044729797448754015 0.023056631536861823 -0.02319041329714382 0.015664755780446071 -0.019588129978822866 0.027372457262530101 -0.026724006067337318 -0.0047011193758768601
leaf_weight=640.05852845826303 49.844413115613861 82.655201300454792 169.04549324509571 176.07044376329577 45.45685964441509 126.78608938274556 17.015206305717584 438.91704964343808
leaf_count=14030 11035 4719 29976 32029 23396 11480 11558 25061
internal_value=-9.82447e-05 0.00121345 9.43747e-05 -0.00496203 0.00843095 0.00544512 0.0209715 -0.00984211
internal_weight=1745.85 1696 1613.35 829.49 221.527 783.86 143.801 607.963
internal_count=163284 152249 147530 110462 55425 37068 23038 55037
is_linear=0
shrinkage=0.0750466


Tree=108
num_leaves=9
num_cat=0
split_feature=56 13 52 127 81 127 127 63
split_gain=5.29841 4.49796 4.12628 5.81908 4.63552 3.72012 6.6876 8.24799
threshold=11582.655000000002 1.5000000000000002 65522.015000000007 6448.5000000000009 23460.585000000003 1922.5000000000002 610.50000000000011 3.5000000000000004
decision_type=2 2 2 8 2 10 10 2
left_child=1 2 -1 5 -5 6 -4 -8
right_child=-2 -3 3 4 -6 -7 7 -9
leaf_value=0.0018135067033633069 -0.030812815275627774 -0.025697454454600466 -0.043639086812239103 -0.012353142613789695 0.072482842044328491 -0.04866845863589269 -0.0031772129201146832 0.13047529958410786
leaf_weight=1605.6240129025828 31.06893174025754 36.246725741075352 16.547874453521217 8.0819003684882755 6.5813897724729022 25.457796690636314 12.487549629993735 3.2844701102148965
leaf_count=86856 15033 829 11274 2692 3005 29554 10392 3649
internal_value=-9.85563e-05 0.000458087 0.00102305 -0.016497 0.0257242 -0.0272122 -0.0103115 0.0246555
internal_weight=1745.38 1714.31 1678.06 72.441 14.6633 57.7777 32.3199 15.772
internal_count=163284 148251 147422 60566 5697 54869 25315 14041
is_linear=0
shrinkage=0.0750466


Tree=109
num_leaves=9
num_cat=0
split_feature=50 39 134 138 80 24 103 103
split_gain=16.1691 4.82405 4.93441 6.16386 5.9536 7.75757 6.60803 6.23383
threshold=1.0000000180025095e-35 313319.83000000002 139352.40000000002 97358.630000000019 6.5000000000000009 5.5000000000000009 3.5000000000000004 1.0000000180025095e-35
decision_type=2 2 10 10 2 2 2 2
left_child=1 2 -1 4 6 -6 7 -4
right_child=-2 -3 3 -5 5 -7 -8 -9
leaf_value=-0.0017178408699178073 -0.043105839221803249 -0.027631995272192778 0.0061979951900647361 -0.022867089041290641 0.078648503175320086 -0.0095188985883528764 -0.03292433739714519 0.034946962613604478
leaf_weight=985.45644053522847 47.877590416523162 32.246877343161032 548.90618266661477 37.766837862203829 14.780813040764771 9.0689475533872592 22.59598763291433 46.041868589993101
leaf_count=60624 11035 9697 36835 11037 2647 3997 12156 15256
internal_value=-9.6277e-05 0.00111725 0.00167418 0.00659598 0.00833083 0.0451226 0.00690993 0.00842282
internal_weight=1744.74 1696.86 1664.62 679.161 641.394 23.8498 617.544 594.948
internal_count=163284 152249 142552 81928 70891 6644 64247 52091
is_linear=0
shrinkage=0.0750466


Tree=110
num_leaves=9
num_cat=0
split_feature=10 97 20 97 11 137 11 112
split_gain=5.7638 6.03158 24.5952 4.30679 4.66461 4.65589 4.10812 6.41051
threshold=-3005.3049999999998 147.50000000000003 3.8350000000000004 3.5000000000000004 136.92000000000004 8892.4500000000025 180.44000000000003 360218.03500000009
decision_type=2 2 2 2 2 8 2 8
left_child=3 6 -3 -1 -5 -6 -2 -8
right_child=1 2 -4 4 5 -7 7 -9
leaf_value=0.0095773108359338902 -0.0020711190547641938 0.099135381508492007 -0.031343176781985407 -0.071067981541890132 0.042257199210453081 -0.025987981356172116 3.5698521280139825e-05 0.018912339729231935
leaf_weight=23.887403847053065 1161.1230516486539 16.03438139242644 16.518561278338893 11.475060553362708 6.2871746483433544 53.876298580522416 303.48757321515586 152.10335544029658
leaf_count=3176 31238 3631 6721 1617 945 20854 66542 28560
internal_value=-9.55526e-05 0.000942522 0.0329258 -0.018018 -0.0272195 -0.0188563 0.000298532 0.00633784
internal_weight=1744.79 1649.27 32.5529 95.5259 71.6385 60.1635 1616.71 455.591
internal_count=163284 136692 10352 26592 23416 21799 126340 95102
is_linear=0
shrinkage=0.0750466


Tree=111
num_leaves=9
num_cat=0
split_feature=8 153 99 149 8 51 5 135
split_gain=6.21478 9.90717 6.27262 6.27035 12.5384 11.9776 7.68654 7.91123
threshold=-8804.7999999999975 7043.8650000000007 2.5000000000000004 636.50000000000011 16678.810000000001 1.0000000180025095e-35 63.500000000000007 -744.49999999999989
decision_type=2 10 2 10 2 2 2 10
left_child=1 -1 3 -2 5 -5 -6 -8
right_child=2 -3 -4 4 6 -7 7 -9
leaf_value=0.035852152433270702 -0.007929059692815878 -0.014573822550163507 0.033434149768078077 0.011362202415458236 -0.01512992473542924 -0.023164779470211127 0.02461215053814661 -0.025734299810967278
leaf_weight=63.314221177832223 594.81011117884191 33.582192499088706 28.96531476182281 588.66744307748741 286.61177788957139 62.604492729122285 62.162405324663268 24.508238778740633
leaf_count=8669 26185 7974 853 22777 50084 35103 7662 3977
internal_value=-9.52032e-05 0.0183756 -0.001181 -0.00180016 0.00175801 0.00804324 -0.00920795 0.0103755
internal_weight=1745.23 96.8964 1648.33 1619.36 1024.55 651.272 373.282 86.6706
internal_count=163284 16643 146641 145788 119603 57880 61723 11639
is_linear=0
shrinkage=0.0750466


Tree=112
num_leaves=9
num_cat=0
split_feature=10 80 120 127 120 97 30 18
split_gain=5.23989 5.8301 5.06377 4.9824 5.45612 4.62277 6.56041 4.73201
threshold=-3005.3049999999998 4.5000000000000009 493684.90500000009 3233.5000000000005 154836.00000000003 3.5000000000000004 1.0000000180025095e-35 9395.760000000002
decision_type=2 2 10 10 8 2 2 2
left_child=3 -2 -3 4 -1 -6 -7 -8
right_child=1 2 -4 -5 5 6 7 -9
leaf_value=-0.047163850657397734 -0.00017607568789296401 0.012255524394610171 0.063370030773358677 -0.04608106872775234 0.036695387037001176 -0.036587566846327954 0.07224162826849212 -0.011504961584021912
leaf_weight=14.920005403997491 1561.6524643197627 76.182636548182927 12.741159516997866 24.924806284616352 16.870321746057016 22.264893641608069 7.0752184206212396 8.20843519081245
leaf_count=3000 116102 16156 4434 10932 1791 5179 1368 4322
internal_value=-9.45746e-05 0.000888233 0.0195793 -0.0173037 -0.00695934 0.00406352 -0.0105978 0.0272636
internal_weight=1744.84 1650.58 88.9238 94.2637 69.3389 54.4189 37.5485 15.2837
internal_count=163284 136692 20590 26592 15660 12660 10869 5690
is_linear=0
shrinkage=0.0750466


Tree=113
num_leaves=9
num_cat=0
split_feature=39 73 28 73 153 80 73 16
split_gain=4.0119 4.20337 8.70637 4.19859 8.26558 9.91017 7.38565 9.46165
threshold=82168.650000000009 7.5000000000000009 5998.3400000000011 9.5000000000000018 31829.355000000007 2.5000000000000004 6.5000000000000009 -784.20999999999992
decision_type=2 2 2 2 8 2 2 2
left_child=3 -2 -3 6 5 -5 -1 -8
right_child=1 2 -4 4 -6 -7 7 -9
leaf_value=-0.00011944075736512555 -0.037523418379044556 0.069564390280088803 -0.02915856694388981 -0.017997195669195814 -0.059263272116615147 0.019319989432975294 -0.0036763058445239442 0.030065207516950451
leaf_weight=1305.1418297950877 32.123288768329076 7.6818038561905295 14.580204922865958 114.89999990620709 17.35164223817992 61.549652673464152 81.638564249209594 109.6999453415192
leaf_count=65581 6414 1331 9009 27275 3140 21700 8993 19841
internal_value=-9.23108e-05 -0.020155 0.00490711 0.000553211 -0.00984026 -0.00498011 0.00189921 0.0156687
internal_weight=1744.67 54.3853 22.262 1690.28 193.801 176.45 1496.48 191.339
internal_count=163284 16754 10340 146530 52115 48975 94415 28834
is_linear=0
shrinkage=0.0750466


Tree=114
num_leaves=9
num_cat=0
split_feature=108 16 111 10 105 32 138 151
split_gain=5.60795 18.1795 4.97978 5.67531 4.19006 9.3332 7.33274 6.97182
threshold=1.0000000180025095e-35 -176.96999999999997 1.0000000180025095e-35 -3005.3049999999998 1.0000000180025095e-35 1.0000000180025095e-35 21996.515000000003 9.5000000000000018
decision_type=2 2 10 2 2 2 8 8
left_child=2 -2 3 -1 -5 6 -6 -8
right_child=1 -3 -4 4 5 -7 7 -9
leaf_value=-0.020280265205367947 -0.021575975101512108 0.086665779333975262 0.021158660032297699 -0.0013515550394784502 0.0076026450533060175 -0.048431690977139862 0.11153695568137471 0.029970203501257342
leaf_weight=85.49401100880641 18.476084661568166 16.581709566235077 56.745224645012058 1482.7630674670072 46.899905376893003 11.070474416628711 8.8056770940747828 17.896171660482651
leaf_count=25114 2152 2850 534 103242 11944 8470 4372 4606
internal_value=-9.16388e-05 0.0296204 -0.000700901 -0.00145134 -0.000424339 0.0158129 0.0254759 0.0568691
internal_weight=1744.73 35.0578 1709.67 1652.93 1567.44 84.6722 73.6018 26.7018
internal_count=163284 5002 158282 157748 132634 29392 20922 8978
is_linear=0
shrinkage=0.0750466


Tree=115
num_leaves=9
num_cat=0
split_feature=22 28 108 7 12 113 12 21
split_gain=5.51163 7.20138 5.91247 5.57095 10.4741 6.07457 5.23385 14.9742
threshold=305328.60000000003 14896.805000000002 1.0000000180025095e-35 2050.3150000000005 4.5000000000000009 -2054.4999999999995 5.5000000000000009 1.0000000180025095e-35
decision_type=2 2 2 2 2 8 2 2
left_child=2 -2 3 5 -5 -1 -7 -8
right_child=1 -3 -4 4 -6 6 7 -9
leaf_value=-0.024720176418716121 -0.0032780320844060878 -0.062747776134592523 0.031432358270446298 0.036268617769710014 0.0025667836714012519 -0.01137423849667671 0.045572350650693719 -0.0011871738750708074
leaf_weight=69.223174328319146 31.818960112621426 17.930199171285494 34.387643345020479 57.6001323988894 528.19098903928534 241.15951348718954 40.745126093679573 722.95254967772053
leaf_count=8424 7244 14256 4220 434 41414 5015 1831 80446
internal_value=-9.13435e-05 -0.0247116 0.000631592 -6.50949e-06 0.00588064 -0.0032173 -0.00173599 0.00130756
internal_weight=1744.01 49.7492 1694.26 1659.87 585.791 1074.08 1004.86 763.698
internal_count=163284 21500 141784 137564 41848 95716 87292 82277
is_linear=0
shrinkage=0.0750466


Tree=116
num_leaves=9
num_cat=0
split_feature=50 33 138 12 96 10 138 85
split_gain=14.2515 8.05548 6.3165 9.61686 5.41654 10.225 8.32409 13.1901
threshold=1.0000000180025095e-35 27559.105000000007 5216.3500000000013 5.5000000000000009 1.0000000180025095e-35 -627.07499999999993 19815.575000000004 2404.6500000000005
decision_type=2 2 10 2 2 2 8 2
left_child=1 4 3 -3 -1 -6 -7 -8
right_child=-2 2 -4 -5 5 6 7 -9
leaf_value=-0.0023468029141019559 -0.041382783635212715 -0.042208996086974662 -0.052332538110082372 0.017855698044416522 -0.0068385250359910823 0.017072217733450901 -0.01193452379710761 0.042621442188613509
leaf_weight=764.94201077481557 45.833896203606855 26.418932891567238 25.83145143512229 34.771754115790827 237.34652383229695 434.58076241903473 142.71779183170293 30.248961336998036
leaf_count=33084 11035 2131 21057 4997 49515 26481 8158 6826
internal_value=-8.94178e-05 0.00102596 -0.0212138 -0.00807709 0.00222816 0.0063702 0.0115304 -0.00239361
internal_weight=1742.69 1696.86 87.0221 61.1907 1609.84 844.894 607.548 172.967
internal_count=163284 152249 28185 7128 124064 90980 41465 14984
is_linear=0
shrinkage=0.0750466


Tree=117
num_leaves=9
num_cat=0
split_feature=50 8 120 107 108 107 16 58
split_gain=12.6718 6.09783 5.42397 5.41292 4.81331 5.37754 5.80238 7.80066
threshold=1.0000000180025095e-35 -8804.7999999999975 211140.00000000003 66.500000000000014 1.0000000180025095e-35 22.500000000000004 -3350.2649999999999 3184.2150000000006
decision_type=2 2 8 2 2 2 2 2
left_child=1 2 3 -1 5 -3 7 -7
right_child=-2 4 -4 -5 -6 6 -8 -9
leaf_value=0.018967945673469273 -0.039770857202111952 0.0035243371775464149 0.033169080916051176 -0.041792996864879903 0.029088259557886669 -0.027958102412922771 -0.0020274396694116856 0.012746293017964457
leaf_weight=21.860529711964773 44.177513475697197 810.46378375275526 59.809122812235728 13.269870211457599 31.089822721638484 114.56098562647821 612.80204480158864 34.501905292723677
leaf_count=1368 11035 11917 9775 4739 3867 11295 102086 7202
internal_value=-9.06503e-05 0.000941507 0.0194216 -0.0039834 -0.000152711 -0.000730895 -0.00525757 -0.0185367
internal_weight=1742.54 1698.36 94.9395 35.1304 1603.42 1572.33 761.865 149.063
internal_count=163284 152249 15882 6107 136367 132500 120583 18497
is_linear=0
shrinkage=0.0750466


Tree=118
num_leaves=9
num_cat=0
split_feature=33 63 11 33 16 33 85 109
split_gain=6.0746 6.34942 5.38897 3.87151 13.9906 13.286 5.24337 8.46713
threshold=32887.870000000003 1.0000000180025095e-35 -1.0000000180025095e-35 1.0000000180025095e-35 -1870.675 12850.695000000002 1.0000000180025095e-35 1.0000000180025095e-35
decision_type=2 2 2 2 2 2 2 2
left_child=2 -2 -1 6 -5 -6 -4 -8
right_child=1 -3 3 4 5 -7 7 -9
leaf_value=-0.022652431407598161 -0.011192204290142045 -0.069372799158705964 -0.00083308759463357463 -0.019718901469729884 0.096062418191371873 0.0028772450643008863 -0.012515650064485762 0.020801758765349027
leaf_weight=52.97082060170942 70.079241396742873 12.439496673672691 1326.781503250575 27.693696766335052 18.170859221325372 16.389544563979143 58.988151387733524 158.09327617722738
leaf_count=4484 15677 11956 63904 2765 2349 3026 12857 46266
internal_value=-8.93426e-05 -0.0199628 0.000899111 0.00167586 0.0200245 0.0518713 0.000935976 0.0117483
internal_weight=1741.61 82.5187 1659.09 1606.12 62.2541 34.5604 1543.86 217.081
internal_count=163284 27633 135651 131167 8140 5375 123027 59123
is_linear=0
shrinkage=0.0750466


Tree=119
num_leaves=9
num_cat=0
split_feature=4 113 138 60 64 18 138 120
split_gain=4.26543 4.09522 5.26051 4.00445 3.11756 4.18901 8.1443 4.47663
threshold=1.5000000000000002 -2054.4999999999995 3423.4750000000004 1079.3350000000003 25194.515000000003 18220.110000000004 1513.9350000000002 253368.00000000003
decision_type=2 8 10 2 2 2 8 8
left_child=1 2 -1 4 -3 -6 -7 -8
right_child=-2 3 -4 -5 5 6 7 -9
leaf_value=-0.00090065316985876059 -0.021210241597986335 0.0028305291498170785 -0.038675169184243657 -0.016581510305791934 -0.03943787787285704 0.091142256787663134 0.029153185518132133 -0.042273664007040877
leaf_weight=54.9787656062108 52.237509969942039 1485.2146113295166 33.36269681470003 66.617671199644974 23.328178265626775 4.9349709932575934 7.8359779233287616 13.380309675492752
leaf_count=3541 2213 115277 8369 17457 4188 964 3655 7620
internal_value=-8.94969e-05 0.000563474 -0.0151664 0.00143126 0.00221316 -0.0163183 0.00430547 -0.015893
internal_weight=1741.89 1689.65 88.3415 1601.31 1534.69 49.4794 26.1513 21.2163
internal_count=163284 161071 11910 149161 131704 16427 12239 11275
is_linear=0
shrinkage=0.0750466


Tree=120
num_leaves=9
num_cat=0
split_feature=17 71 153 96 10 32 104 153
split_gain=4.33936 8.38493 5.64005 8.91731 5.42663 6.13633 5.47845 4.99024
threshold=3.5000000000000004 1.5000000000000002 475.06500000000005 1.0000000180025095e-35 567.17500000000007 1.0000000180025095e-35 14721.150000000001 2293.2150000000006
decision_type=2 2 8 2 2 2 2 8
left_child=1 2 3 -1 6 -6 -4 -2
right_child=7 -3 4 -5 5 -7 -8 -9
leaf_value=-0.0046638888740887681 0.0014822883824204753 0.041444934205502104 -0.0067230922245361336 0.011646787188219697 0.011697182773109221 -0.022106195267532869 -0.030675719380787999 0.040888560106443761
leaf_weight=391.12082278693561 44.293843623774592 25.949398232362 627.71140664503764 364.90086852858076 160.59493853777531 37.262355074039078 58.818243862311647 30.603980662446702
leaf_count=12598 3574 1119 72806 21403 7068 8857 31855 4004
internal_value=-8.69576e-05 -0.000881218 -0.00155077 0.00320861 -0.00561934 0.00533101 -0.00877523 0.0175841
internal_weight=1741.26 1666.36 1640.41 756.022 884.387 197.857 686.53 74.8978
internal_count=163284 155706 154587 34001 120586 15925 104661 7578
is_linear=0
shrinkage=0.0750466


Tree=121
num_leaves=9
num_cat=0
split_feature=22 11 138 141 17 11 138 5
split_gain=5.31292 10.8864 13.8751 10.3769 8.89817 6.38371 5.54949 5.17661
threshold=6061.1650000000009 318.30500000000006 6957.295000000001 1.7600000000000002 3.5000000000000004 136.92000000000004 1513.9350000000002 47.500000000000007
decision_type=2 2 10 10 2 2 10 2
left_child=1 -1 -3 -4 5 -2 -6 -7
right_child=4 2 3 -5 6 7 -8 -9
leaf_value=-2.9391102564857662e-05 -0.026839449442208403 0.060776479498761957 0.020610882393009119 -0.037028893392525498 0.065961759698537903 0.0048668114155659432 0.00554054664676329 -0.014368946814597678
leaf_weight=1150.4401699017762 99.056608015816892 38.123426507867407 78.075205831875792 22.706804847723106 13.813507808197754 153.60687952260196 22.516014045570046 161.7776309829278
leaf_count=33662 7025 2442 14737 4938 794 52160 5128 42398
internal_value=-8.51225e-05 0.00236677 0.0222122 0.00762429 -0.00709831 -0.0102201 0.0285144 -0.00500024
internal_weight=1740.12 1289.35 138.905 100.782 450.771 414.441 36.3295 315.385
internal_count=163284 55779 22117 19675 107505 101583 5922 94558
is_linear=0
shrinkage=0.0750466


Tree=122
num_leaves=9
num_cat=0
split_feature=10 127 63 10 131 63 131 16
split_gain=3.70088 4.48875 4.97501 3.74863 3.549 7.77421 7.89958 10.9288
threshold=-3005.3049999999998 3233.5000000000005 1.0000000180025095e-35 -4315.5249999999987 392.95500000000004 1.5000000000000002 1378.2750000000003 -985.6149999999999
decision_type=2 10 2 2 10 2 10 2
left_child=1 2 3 -1 -2 -6 -7 -8
right_child=4 -3 -4 -5 5 6 7 -9
leaf_value=0.026299421269246382 0.0017699824175439599 -0.043515627950594056 -0.037265182442054762 -0.015932483667169095 -0.019684309409962682 -0.019589866352044818 0.14785973387443924 0.013231469047067462
leaf_weight=27.044905019211001 1513.0757956538509 22.978247424354777 19.328287217365869 21.0512600968068 109.86733099535923 12.016140149033165 5.3577301466430063 9.2746152542240434
leaf_count=3986 106182 10932 8683 2991 17948 5434 2488 4640
internal_value=-8.58329e-05 -0.0148703 -0.00510802 0.0078149 0.000724403 -0.0108643 0.0254992 0.0625265
internal_weight=1739.99 90.4027 67.4245 48.0962 1649.59 136.516 26.6485 14.6323
internal_count=163284 26592 15660 6977 136692 30510 12562 7128
is_linear=0
shrinkage=0.0750466


Tree=123
num_leaves=9
num_cat=0
split_feature=50 99 142 5 51 5 52 142
split_gain=11.1458 5.35377 5.58352 5.51722 5.34406 8.5598 6.7549 5.62449
threshold=1.0000000180025095e-35 1.0000000180025095e-35 154836.00000000003 51.500000000000007 1.0000000180025095e-35 57.500000000000007 69684.140000000014 182988.00000000003
decision_type=2 2 10 2 2 2 2 10
left_child=1 2 -1 -3 -4 7 -7 -6
right_child=-2 3 4 -5 5 6 -8 -9
leaf_value=-0.0038341042800258971 -0.038061186917582007 0.037838165992134173 0.0074061406573688766 -0.00072207348668647318 0.049410640744534676 0.071021640175904302 -0.033411097380210503 -0.035584721744499809
leaf_weight=939.4609249009518 42.46349789146916 43.626102299633203 603.15926562309323 40.112896657228703 4.8020421181136035 10.114075439822043 5.3246713443659237 50.470689534005942
leaf_count=61500 11035 2726 37238 1993 2595 1864 4609 39724
internal_value=-8.48796e-05 0.00086535 -9.49632e-05 0.0193669 0.00511787 -0.0144008 0.0350038 -0.0282004
internal_weight=1739.53 1697.07 1613.33 83.739 673.871 70.7115 15.4387 55.2727
internal_count=163284 152249 147530 4719 86030 48792 6473 42319
is_linear=0
shrinkage=0.0750466


Tree=124
num_leaves=9
num_cat=0
split_feature=13 4 111 20 52 4 81 131
split_gain=3.80042 3.86048 4.38835 3.96966 3.32988 7.5297 7.25274 3.64545
threshold=1.5000000000000002 1.5000000000000002 1.0000000180025095e-35 109749.33500000001 73897.235000000015 1.0000000180025095e-35 281530.07500000007 568.90500000000009
decision_type=2 2 10 2 2 2 2 10
left_child=1 2 3 4 7 6 -6 -1
right_child=-2 -3 -4 -5 5 -7 -8 -9
leaf_value=0.0027567170680728712 -0.024395583620148296 -0.019841579725656776 0.022170680650332408 -0.020029254425224501 -0.030125050075007927 0.098303157071859548 0.098728274160504101 -0.011332205609804588
leaf_weight=1379.4315680863801 35.474083518376574 51.352269423601683 53.618024049326777 52.108116800744028 49.586941145025776 3.0119096891867221 2.5886436958462573 111.81672262327629
leaf_count=69758 829 2206 413 18147 46364 1264 3467 20836
internal_value=-8.38671e-05 0.000422402 0.00105224 0.000343894 0.00103038 -0.0170719 -0.0237321 0.0017003
internal_weight=1738.99 1703.51 1652.16 1598.54 1546.44 55.1875 52.1756 1491.25
internal_count=163284 162455 160249 159836 141689 51095 49831 90594
is_linear=0
shrinkage=0.0750466


Tree=125
num_leaves=9
num_cat=0
split_feature=50 33 32 11 10 113 113 10
split_gain=9.8886 5.88167 6.77254 5.0481 6.98815 4.96466 4.86747 6.23465
threshold=1.0000000180025095e-35 32887.870000000003 10.500000000000002 18.395000000000003 1.0000000180025095e-35 -1263.4999999999998 -2054.4999999999995 -910.38999999999987
decision_type=2 2 2 2 2 10 8 2
left_child=1 3 -3 5 6 -1 7 -5
right_child=-2 2 -4 4 -6 -7 -8 -9
leaf_value=-0.0085461940019218117 -0.036492097551135409 -0.03060383302749525 0.022391663856493486 -0.069363810945662741 0.013440043609726383 0.0058168590228722863 0.0020549425204717938 -0.0051757242938167448
leaf_weight=397.83787484731874 41.016757793782745 62.484770659750211 17.352744668300147 12.324827062286202 358.49587103041995 205.57207911172009 614.62611079552153 27.624238533797325
leaf_count=5392 11035 24679 2330 3191 20685 4218 87564 4190
internal_value=-8.13723e-05 0.000799034 -0.0190852 0.00178111 0.00501776 -0.00365293 0.00040507 -0.0249786
internal_weight=1737.34 1696.32 79.8375 1616.48 1013.07 603.41 654.575 39.9491
internal_count=163284 152249 27009 125240 115630 9610 94945 7381
is_linear=0
shrinkage=0.0750466


Tree=126
num_leaves=9
num_cat=0
split_feature=22 147 80 63 137 16 16 147
split_gain=4.16533 4.90311 4.68765 6.79633 7.03347 6.14903 10.0091 6.21973
threshold=305328.60000000003 -15710.014999999998 4.5000000000000009 1.0000000180025095e-35 4483.3200000000006 -2274.0149999999999 -68.659999999999982 -37831.119999999995
decision_type=2 8 2 2 8 2 2 10
left_child=2 -2 -1 4 -4 -5 -7 -8
right_child=1 -3 3 5 -6 6 7 -9
leaf_value=-0.00044662438457472277 -0.056238963687521286 -0.0049724921068347626 0.039174124901975742 -0.027800669918427445 -0.024356106842157599 0.099009159553791012 -0.018140063249087509 0.050113753951348157
leaf_weight=1591.8171532602282 15.752307743168783 31.551091137014737 14.234699215769067 7.5237957920035106 31.606942758968216 13.67950933492102 12.801135712084941 18.224048492396836
leaf_count=118535 13633 7867 929 2522 6520 3552 4389 5337
internal_value=-8.03731e-05 -0.0220445 0.000534448 0.0164587 -0.00462877 0.0349674 0.0455312 0.0219519
internal_weight=1737.19 47.3034 1689.89 98.0701 45.8416 52.2285 44.7047 31.0252
internal_count=163284 21500 141784 23249 7449 15800 13278 9726
is_linear=0
shrinkage=0.0750466


Tree=127
num_leaves=9
num_cat=0
split_feature=22 11 28 127 135 11 120 64
split_gain=4.13495 9.25481 9.40063 6.96647 6.32041 5.56316 4.83317 6.04452
threshold=6061.1650000000009 318.30500000000006 10333.675000000001 510.50000000000006 -1048.9999999999998 52.845000000000006 1037556.6200000002 16914.280000000002
decision_type=2 2 2 8 10 2 8 2
left_child=1 -1 -3 -4 -5 -2 -7 -8
right_child=5 2 3 4 -6 6 7 -9
leaf_value=-0.00015585512483482617 -0.029654404555923483 0.04749099893778265 0.04845536270603417 -0.022446633966794947 0.021202864878844069 -0.0075021792751643447 0.021519684539870219 -0.037203021256916671
leaf_weight=1150.1980987447605 50.934080606377393 47.283595111439354 17.996459598522051 42.973823506807094 33.053011811498436 314.3224144199994 68.941266394038394 11.522050647632566
leaf_count=33662 4347 3387 3197 9199 6334 87070 10853 5235
internal_value=-8.0057e-05 0.00207085 0.0201956 0.00646888 -0.00346982 -0.00631245 -0.00330094 0.0131108
internal_weight=1737.22 1291.5 141.307 94.0233 76.0268 445.72 394.786 80.4633
internal_count=163284 55779 22117 18730 15533 107505 103158 16088
is_linear=0
shrinkage=0.0750466


Tree=128
num_leaves=9
num_cat=0
split_feature=50 8 138 20 0 113 63 20
split_gain=8.64837 5.84267 6.12572 9.08996 4.61485 4.19486 3.31868 4.65144
threshold=1.0000000180025095e-35 -8804.7999999999975 36105.985000000008 55.415000000000006 47919824.000000007 -1079.9999999999998 4.5000000000000009 203.56500000000003
decision_type=2 2 10 2 2 10 2 2
left_child=1 2 4 -4 -1 -2 7 -3
right_child=5 6 3 -5 -6 -7 -8 -9
leaf_value=0.050180847883189647 -0.0068090867990287206 0.00065336777949880109 -0.032806206213636654 0.051074389494230522 0.0082827151379087673 -0.056128695483984921 0.015705266448347972 -0.010980881544041494
leaf_weight=36.072516590429586 17.133621500383015 1305.7174059490499 23.427157222264213 10.554064785217632 25.113341503078118 22.424968205348705 69.416619235933467 227.22039016295457
leaf_count=4104 2582 75006 4785 4298 2695 8453 25100 36261
internal_value=-7.9712e-05 0.00072864 0.0187948 -0.00675413 0.032984 -0.0347674 -0.000344343 -0.00107112
internal_weight=1737.08 1697.52 95.1671 33.9812 61.1859 39.5586 1602.35 1532.94
internal_count=163284 152249 15882 9083 6799 11035 136367 111267
is_linear=0
shrinkage=0.0750466


Tree=129
num_leaves=9
num_cat=0
split_feature=11 13 135 140 58 10 72 72
split_gain=3.80523 3.21036 3.02258 7.89268 4.58092 8.39291 8.93819 7.39854
threshold=-1.0000000180025095e-35 1.5000000000000002 -348.99999999999994 552.33500000000015 3684.2700000000004 -386.05499999999995 1287.6450000000002 1774.0450000000003
decision_type=2 2 10 10 2 2 2 2
left_child=-1 2 4 -4 -2 -6 -7 -8
right_child=1 -3 3 -5 5 6 7 -9
leaf_value=-0.019859613992910481 7.5912576891752143e-05 -0.022206980947473819 0.0091450346689938115 -0.035553211869721317 -0.00049774528760562222 0.055514519331899999 -0.013335152018856492 0.041567689977467959
leaf_weight=53.096781367188669 1326.2693306913498 34.218372314702719 46.101161878104904 43.001566217106301 137.0804875879694 40.052131163611193 33.578859300439944 23.49625395363546
leaf_count=5665 88416 811 2202 8337 41279 10893 2976 2705
internal_value=-7.87528e-05 0.000545016 0.00101698 -0.0124266 0.0017846 0.0114606 0.0283379 0.00926684
internal_weight=1736.89 1683.8 1649.58 89.1027 1560.48 234.208 97.1272 57.0751
internal_count=163284 157619 156808 10539 146269 57853 16574 5681
is_linear=0
shrinkage=0.0750466


Tree=130
num_leaves=9
num_cat=0
split_feature=33 151 133 108 99 11 104 5
split_gain=4.966 5.96309 4.62557 4.89404 4.76798 3.97323 7.93591 5.76186
threshold=115002.37000000001 1.0000000180025095e-35 8.0000000000000018 1.0000000180025095e-35 1.5000000000000002 93.555000000000021 21172.650000000005 32.500000000000007
decision_type=2 10 10 2 2 2 2 2
left_child=2 -2 3 4 5 -1 7 -7
right_child=1 -3 -4 -5 -6 6 -8 -9
leaf_value=-0.0043512576046117676 -0.0079384655556811283 -0.069735000136172134 0.029736209694967066 0.028731816578831424 0.024495752961891784 0.026783252879975929 -0.020596262125230098 0.0034442839224318538
leaf_weight=930.10391131613142 31.964252360237879 12.132349553750826 30.079550564754754 32.825805805201526 41.759058466064744 67.271753139531938 70.114402746643464 520.66575310231565
leaf_count=20063 4062 10350 196 4423 1634 11423 32088 79045
internal_value=-7.79654e-05 -0.0249406 0.000569687 4.20543e-05 -0.000535746 -0.00119393 0.00326871 0.00611473
internal_weight=1736.92 44.0966 1692.82 1662.74 1629.91 1588.16 658.052 587.938
internal_count=163284 14412 148872 148676 144253 142619 122556 90468
is_linear=0
shrinkage=0.0750466


Tree=131
num_leaves=9
num_cat=0
split_feature=50 8 10 120 120 131 5 10
split_gain=7.68171 4.90264 5.50387 5.07555 6.21479 5.52385 4.25769 4.10036
threshold=1.0000000180025095e-35 -8804.7999999999975 -386.05499999999995 211140.00000000003 305273.25000000006 1378.2750000000003 63.500000000000007 -1918.8199999999999
decision_type=2 2 2 8 8 8 2 2
left_child=1 2 3 -1 -5 -6 -2 -3
right_child=6 7 -4 4 5 -7 -8 -9
leaf_value=-0.014274894746781626 -0.05379576162853824 -0.015771503120419854 0.058426328977119267 0.069406023581291554 -0.024960125543872537 0.033594490522763955 -0.0027866844925109957 0.00061656684293822663
leaf_weight=31.461152295247302 22.930878188984934 91.177110395088675 15.274185037851565 12.757071645624817 15.789602389471836 21.332614290426136 15.408758798614143 1510.2562977846683
leaf_count=5706 7316 26034 932 2458 3740 3046 3719 110333
internal_value=-7.60626e-05 0.000673979 0.0170914 0.00932944 0.0242178 0.00868881 -0.0332951 -0.000316483
internal_weight=1736.39 1698.05 96.6146 81.3404 49.8793 37.1222 38.3396 1601.43
internal_count=163284 152249 15882 14950 9244 6786 11035 136367
is_linear=0
shrinkage=0.0750466


Tree=132
num_leaves=9
num_cat=0
split_feature=45 25 118 81 18 52 24 16
split_gain=2.81628 3.29948 6.13133 4.53232 5.8271 9.33655 4.32864 8.92758
threshold=1.0000000180025095e-35 35114.595000000008 5692.1350000000011 110435.25500000002 41411.110000000008 1.0000000180025095e-35 1.0000000180025095e-35 -176.96999999999997
decision_type=2 2 10 2 2 2 2 2
left_child=1 6 3 4 -3 -6 -1 -8
right_child=-2 2 -4 -5 5 -7 7 -9
leaf_value=-0.0011524229255752048 -0.025527659388625855 -0.035014243174281909 0.061428594386026034 -0.05890347760795487 0.088724056224620748 -0.045619288254321981 -0.0056743800063298391 0.018205997714975733
leaf_weight=1297.555010457334 24.142552796081873 19.701244500349279 4.9333673006331074 16.073205117951147 6.836601684073683 5.077230638533365 152.48797653396468 209.02830710919807
leaf_count=47157 5159 7031 3865 9893 1813 6941 30694 50731
internal_value=-7.48524e-05 0.000284146 -0.0182167 -0.026456 -0.00995958 0.0314719 0.000870946 0.00813323
internal_weight=1735.84 1711.69 52.6216 47.6883 31.6151 11.9138 1659.07 361.516
internal_count=163284 158125 29543 25678 15785 8754 128582 81425
is_linear=0
shrinkage=0.0750466


Tree=133
num_leaves=9
num_cat=0
split_feature=112 38 112 6 112 120 10 83
split_gain=3.3645 4.32661 5.33695 4.47487 4.9211 8.14847 9.21442 6.82105
threshold=720815.33500000008 1.0000000180025095e-35 139352.40000000002 289.50000000000006 228031.20000000004 211140.00000000003 -193.11999999999998 1.0000000180025095e-35
decision_type=10 2 8 2 10 10 2 2
left_child=1 3 -3 4 5 -1 -7 -6
right_child=-2 2 -4 -5 7 6 -8 -9
leaf_value=-0.0004297569067127537 0.013814996163885101 -0.045890999949296699 -0.0018322692566583724 0.0204235542784004 -0.017631463730085419 0.058370422186379674 0.00420637213027086 0.009498599019800975
leaf_weight=1184.4775859336296 92.963485743559431 26.355081667075865 37.539827843720559 57.726078043408052 190.75867387503968 28.834511544031557 45.764277782116551 71.852071188113769
leaf_count=82744 19617 6241 10645 6059 10660 5189 2530 19599
internal_value=-7.44677e-05 -0.000860208 -0.0200054 -8.56914e-05 -0.000863721 0.00108536 0.0251423 -0.0102085
internal_weight=1736.27 1643.31 63.8949 1579.41 1521.69 1259.08 74.5988 262.611
internal_count=163284 143667 16886 126781 120722 90463 7719 30259
is_linear=0
shrinkage=0.0750466


Tree=134
num_leaves=9
num_cat=0
split_feature=33 152 11 0 10 11 0 5
split_gain=4.40277 4.06719 3.76894 5.1176 4.78567 6.17337 8.24029 4.12372
threshold=115002.37000000001 inf -1.0000000180025095e-35 39510640.500000007 567.17500000000007 93.555000000000021 28166114.000000004 42.500000000000007
decision_type=2 8 2 2 2 2 2 2
left_child=2 -2 3 -1 -4 -6 -7 -8
right_child=1 -3 4 -5 5 6 7 -9
leaf_value=0.0019995614665947689 -0.054478664413114657 -0.0064632123671033584 -0.00054139960113724266 -0.045936250967677242 0.0024815111344367413 -0.010591244236632321 0.064232099318321648 0.0240779587002087
leaf_weight=27.794305982926744 15.527890761499291 27.587792205158621 1398.5576399209676 22.859207873079868 163.68532962414611 22.565338766449713 27.084653001875267 30.766637802735204
leaf_count=2710 11348 3064 130536 2266 2848 3226 3806 3480
internal_value=-7.38407e-05 -0.0237557 0.000529155 -0.0196332 0.00115089 0.0108467 0.0278737 0.0428772
internal_weight=1736.43 43.1157 1693.31 50.6535 1642.66 244.102 80.4166 57.8513
internal_count=163284 14412 148872 4976 143896 13360 10512 7286
is_linear=0
shrinkage=0.0750466


Tree=135
num_leaves=9
num_cat=0
split_feature=107 11 149 20 147 149 107 11
split_gain=3.7124 11.034 5.03414 4.90377 6.06529 6.86192 6.83753 9.02315
threshold=12.500000000000002 18.395000000000003 1714.5000000000002 1.0000000180025095e-35 -41886.234999999993 2810.5000000000005 59.500000000000007 180.44000000000003
decision_type=2 2 10 2 8 10 2 2
left_child=1 -1 -2 -4 -5 6 -6 -8
right_child=2 -3 3 4 5 -7 7 -9
leaf_value=-0.0020181204962916748 -0.0083226423789889894 0.020095580121559865 -0.0043167612360884046 -0.015259132986280311 0.015125873925148184 0.0059669193483008432 0.13817139386882685 0.037749943805652768
leaf_weight=418.48497385531664 490.91443166536919 182.49522803386208 345.85445453160355 49.224521603602625 41.659727962804027 181.55027738311037 6.8392573247110731 19.147154728736496
leaf_count=4010 50621 3511 36807 23747 2074 34018 815 7681
internal_value=-7.24446e-05 0.00469698 -0.00259743 0.00176498 0.00881341 0.0135685 0.0339699 0.0641795
internal_weight=1736.17 600.98 1135.19 644.275 298.421 249.196 67.6461 25.9864
internal_count=163284 7521 155763 105142 68335 44588 10570 8496
is_linear=0
shrinkage=0.0750466


Tree=136
num_leaves=9
num_cat=0
split_feature=39 12 85 113 85 64 97 5
split_gain=3.41187 4.27699 4.51064 4.66705 4.4768 3.83667 4.35132 6.87478
threshold=82168.650000000009 7.5000000000000009 5900.1900000000014 -593.49999999999989 35229.000000000007 11572.960000000001 41.500000000000007 61.500000000000007
decision_type=2 2 2 10 2 2 2 2
left_child=5 -2 3 -3 -4 6 -1 -8
right_child=1 2 4 -5 -6 -7 7 -9
leaf_value=-0.00014962378600396996 -0.048497139995200583 0.002226392848651098 0.077049145112981415 -0.067122794639698488 -0.022456556964839162 -0.013832362414431407 0.017840105792606805 -0.016159531360692023
leaf_weight=1367.9874996044091 18.039423708658433 16.118025981202667 6.3772318561750563 8.2694312031599093 4.2391351949409 98.76469472845929 174.48577170298086 41.451394895964768
leaf_count=79479 3213 3805 3402 2862 3472 32155 29754 5142
internal_value=-7.24201e-05 -0.0188126 -0.00351443 -0.0212889 0.0373163 0.000518323 0.00141315 0.0113135
internal_weight=1735.73 53.0432 35.0038 24.3875 10.6164 1682.69 1583.92 215.937
internal_count=163284 16754 13541 6667 6874 146530 114375 34896
is_linear=0
shrinkage=0.0750466


Tree=137
num_leaves=9
num_cat=0
split_feature=21 10 125 10 4 5 5 137
split_gain=3.38719 4.12626 5.08631 10.2292 4.72118 4.71705 9.43957 5.61318
threshold=1.0000000180025095e-35 -3005.3049999999998 -7683.0649999999987 -4315.5249999999987 1.5000000000000002 67.500000000000014 61.500000000000007 1316.4200000000003
decision_type=2 2 10 2 2 2 2 8
left_child=-1 2 -2 -4 5 6 -3 -7
right_child=1 4 3 -5 -6 7 -8 -9
leaf_value=0.0093864878966426046 -0.027316401470127916 -0.00025899053120468052 0.069331127810265292 -0.046717240783211759 -0.024448581465075885 0.0066041848907912246 0.020857333684703445 -0.022549483240170965
leaf_weight=189.93486487264454 64.583375838767097 1126.6791283345883 9.7523569216282358 7.6206248943781238 44.274709540724871 59.150472677400103 133.33779801984201 100.20696639380185
leaf_count=5801 19854 108885 3716 2622 1895 1786 9905 8820
internal_value=-7.10981e-05 -0.00123331 -0.0176198 0.0184267 -0.000315757 0.000437021 0.00197559 -0.0117282
internal_weight=1735.54 1545.61 81.9564 17.373 1463.65 1419.37 1260.02 159.357
internal_count=163284 157483 26192 6338 131291 129396 118790 10606
is_linear=0
shrinkage=0.0750466


Tree=138
num_leaves=9
num_cat=0
split_feature=17 24 24 131 85 104 147 74
split_gain=3.05372 3.51033 13.3599 2.87327 5.36858 9.46713 7.51106 4.53216
threshold=3.5000000000000004 1.0000000180025095e-35 5.5000000000000009 568.90500000000009 35229.000000000007 2404.6500000000005 -46645.979999999989 2512.6750000000006
decision_type=2 2 2 10 2 2 10 2
left_child=3 -2 -3 -1 5 7 -7 -5
right_child=1 2 -4 4 -6 6 -8 -9
leaf_value=0.00019479782553473061 0.0011965005269038034 0.080776365830385444 -0.017130902932436021 -0.022842790559700381 -0.067216964006048097 0.13455370136828543 0.014127876267702533 0.01109851419674761
leaf_weight=1519.7355661856054 45.340222861239454 16.368397034544618 15.08163146310835 86.19690742756211 8.9780805037516966 4.2743974687473374 9.18467499642429 29.822923427003843
leaf_count=119167 1980 2113 3485 15190 7272 2384 5190 6503
internal_value=-7.05844e-05 0.01456 0.0338257 -0.000748122 -0.0110978 -0.00720652 0.0523733 -0.0141182
internal_weight=1734.98 76.7903 31.45 1658.19 138.457 129.479 13.4591 116.02
internal_count=163284 7578 5598 155706 36539 29267 7574 21693
is_linear=0
shrinkage=0.0750466


Tree=139
num_leaves=9
num_cat=0
split_feature=95 25 120 120 4 120 137 83
split_gain=2.97826 3.87293 4.67124 7.62328 4.18749 3.7869 4.19506 3.50981
threshold=5.5000000000000009 35114.595000000008 211140.00000000003 305273.25000000006 1.5000000000000002 779747.05500000005 25456.255000000001 37776.215000000004
decision_type=2 2 10 10 2 10 8 2
left_child=1 4 -3 -4 7 -5 -7 -1
right_child=-2 2 3 5 -6 6 -8 -9
leaf_value=-0.00024486129359862748 0.019167602762330867 -0.038601811597070691 0.080408216357536269 -0.056264615920807712 -0.02165312253794462 -0.044816752927857195 0.091004439161772074 0.013608948718545058
leaf_weight=1481.2195716656934 44.165164215577533 31.717112349484523 5.7709970106589052 7.8001625425313232 48.559325657071895 2.4318382202473003 2.7057719017466297 110.68933778112114
leaf_count=98589 3369 14858 3640 6590 2088 1584 3367 29199
internal_value=-7.09912e-05 -0.000573492 -0.0210591 0.00868109 5.62103e-05 -0.0233134 0.0267148 0.000718428
internal_weight=1735.06 1690.89 50.4259 18.7088 1640.47 12.9378 5.13761 1591.91
internal_count=163284 159915 30039 15181 129876 11541 4951 127788
is_linear=0
shrinkage=0.0750466


Tree=140
num_leaves=9
num_cat=0
split_feature=22 18 82 112 28 74 80 6
split_gain=3.98079 5.97274 10.9413 8.77879 11.9369 7.52892 6.12598 4.8367
threshold=6061.1650000000009 7623.4400000000005 1.0000000180025095e-35 139352.40000000002 11777.855000000001 1588.4450000000004 1.0000000180025095e-35 189.50000000000003
decision_type=2 2 2 10 2 2 2 2
left_child=1 -1 6 -4 -5 -6 -3 -2
right_child=7 2 3 4 5 -7 -8 -9
leaf_value=0.00059942727470970434 -0.010638568200017521 0.024451030034067664 0.016094770488640123 0.13912878244453775 0.09005754325788666 -0.02808864569394005 -0.031257479956938602 0.0075726442084746767
leaf_weight=1194.8166173656573 336.27445919396996 19.87906396726612 27.831010920228437 10.197080259313227 5.8819046652788511 6.2823561335972045 25.222730264707934 108.68171273211919
leaf_count=37675 76514 2428 5456 1133 2739 1923 4425 30991
internal_value=-6.95722e-05 0.0020415 0.0201225 0.0442276 0.0792419 0.0290397 -0.0067034 -0.00619043
internal_weight=1735.07 1290.11 95.2941 50.1924 22.3613 12.1643 45.1018 444.956
internal_count=163284 55779 18104 11251 5795 4662 6853 107505
is_linear=0
shrinkage=0.0750466


Tree=141
num_leaves=9
num_cat=0
split_feature=50 16 74 71 74 147 147 120
split_gain=6.87916 4.05305 5.6297 5.50864 4.22307 5.96275 10.035 6.37891
threshold=1.0000000180025095e-35 2347.2300000000005 1397.7000000000003 1.5000000000000002 2126.0350000000003 -31205.244999999999 -7681.6749999999993 253368.00000000003
decision_type=2 2 2 2 2 10 10 10
left_child=1 3 -3 4 -1 -6 7 -7
right_child=-2 2 -4 -5 5 6 -8 -9
leaf_value=-0.0016000416783272275 -0.03193859719798979 0.010529319490690831 -0.05294035560354203 0.031116862738868462 -0.00090211105100361576 0.0556865976837779 0.00053628824554841125 0.013060564903174709
leaf_weight=1247.6750343728781 37.329657503360067 13.76417283307819 18.382054996254737 33.821984216454439 214.6758385093417 45.430776018081815 88.743905599912978 35.008877956541255
leaf_count=115088 11035 3132 3199 1212 17836 4659 3387 3736
internal_value=-7.10894e-05 0.000629707 -0.0257643 0.00113919 0.000517746 0.00740128 0.0179374 0.0371349
internal_weight=1734.83 1697.5 32.1462 1665.36 1631.53 383.859 169.184 80.4397
internal_count=163284 152249 6331 145918 144706 29618 11782 8395
is_linear=0
shrinkage=0.0750466


Tree=142
num_leaves=9
num_cat=0
split_feature=50 8 153 149 153 16 112 8
split_gain=6.06538 4.21144 6.01386 5.63664 7.95659 16.7594 9.42562 10.5197
threshold=1.0000000180025095e-35 -8804.7999999999975 12251.985000000002 636.50000000000011 475.06500000000005 -10288.865 164689.20000000004 33046.075000000004
decision_type=2 2 10 8 8 2 10 2
left_child=1 2 -1 -3 -5 -6 -7 -8
right_child=-2 3 -4 4 5 6 7 -9
leaf_value=0.025409077392375093 -0.030435565786342766 -0.010933383043270491 -0.020061442235498429 0.0081892785217100791 0.018849225683653648 -0.014311802362133341 0.015965007325095294 -0.032084537345443719
leaf_weight=76.800111085998651 36.275049004892935 240.61175437385828 20.823144467052771 579.55513398040785 153.06036868336378 463.88635606807657 132.02317071321158 31.853248731858912
leaf_count=11442 11035 18578 4440 24081 6580 45662 27944 13522
internal_value=-7.09915e-05 0.000577465 0.0157102 -0.000345279 0.00152745 -0.0034172 -0.00884617 0.00662544
internal_weight=1734.89 1698.61 97.6233 1600.99 1360.38 780.823 627.763 163.876
internal_count=163284 152249 15882 136367 117789 93708 87128 41466
is_linear=0
shrinkage=0.0750466


Tree=143
num_leaves=9
num_cat=0
split_feature=8 113 51 71 2 9 8 56
split_gain=4.56963 7.69741 6.3115 10.9942 7.17761 5.59664 7.42902 7.21441
threshold=9683.5850000000009 -2054.4999999999995 1.0000000180025095e-35 1.0000000180025095e-35 1.0000000180025095e-35 1061.5900000000001 12961.865000000002 1169.9700000000003
decision_type=2 8 2 2 2 2 2 2
left_child=1 -1 4 -4 -3 6 -2 -8
right_child=5 2 3 -5 -6 -7 7 -9
leaf_value=-0.023104777994438042 -0.021745278402579272 -0.0073023786586166118 -0.024455829565269819 0.055074455261474059 0.011545400178689467 -0.0071960891031831661 0.02113012060170007 -0.025086291682962024
leaf_weight=56.117254315649916 39.767573549586814 141.20000956673175 73.050882036972325 11.304431251643107 586.29488259724167 669.53093589281343 134.24652379432519 22.163081620507
leaf_count=6795 6551 1201 38446 1147 23793 51583 21152 12616
internal_value=-7.19302e-05 0.00377595 0.00563402 -0.013798 0.00788722 -0.00392985 0.00721745 0.0145813
internal_weight=1733.68 867.967 811.85 84.3553 727.495 865.708 196.177 156.41
internal_count=163284 71382 64587 39593 24994 91902 40319 33768
is_linear=0
shrinkage=0.0750466


Tree=144
num_leaves=9
num_cat=0
split_feature=8 113 27 105 8 120 80 51
split_gain=3.9075 6.67303 5.54261 11.5163 7.36216 6.2993 5.73593 5.42344
threshold=9683.5850000000009 -2054.4999999999995 2.5000000000000004 1.0000000180025095e-35 16678.810000000001 800917.97000000009 6.5000000000000009 1.0000000180025095e-35
decision_type=2 8 2 2 2 8 2 2
left_child=1 -1 -2 6 -5 -6 -4 -3
right_child=2 7 3 4 5 -7 -8 -9
leaf_value=-0.021827247788156832 0.00014519893981367984 0.0072458862203007698 -0.02124415454365872 0.11010506191497782 -0.015432515895509789 0.10135342573746874 0.027500633968137539 -0.012978603966577478
leaf_weight=54.988813275725988 617.31797858866776 732.12213772609539 210.66282797207532 6.0451552805170676 11.224423915940857 3.3858450406623897 14.533943018133867 83.158056386462704
leaf_count=6795 23222 24994 48267 3573 7934 2456 6450 39593
internal_value=-7.2189e-05 0.00347633 -0.00364989 -0.0131791 0.0404518 0.0116319 -0.0180982 0.005183
internal_weight=1733.44 870.269 863.17 245.852 20.6554 14.6103 225.197 815.28
internal_count=163284 71382 91902 68680 13963 10390 54717 64587
is_linear=0
shrinkage=0.0750466


Tree=145
num_leaves=9
num_cat=0
split_feature=39 11 107 135 135 72 107 141
split_gain=3.0356 4.25029 8.12308 5.28332 5.01805 6.79267 11.4046 7.40769
threshold=82168.650000000009 93.555000000000021 12.500000000000002 -348.99999999999994 -1355.4999999999998 387.90500000000003 52.500000000000007 38.570000000000007
decision_type=2 2 2 10 10 2 2 8
left_child=1 -1 -3 4 -4 7 -7 -6
right_child=-2 2 3 -5 5 6 -8 -9
leaf_value=-0.0026481088471143749 -0.017892949920163461 0.02872113126742009 -0.0024512953691977605 -0.026320650234465861 0.021241083532669493 0.023078772230289667 -0.016549290879999779 0.097920444427740908
leaf_weight=995.80454249486502 52.214730544605118 72.85755558963865 315.63800937659835 34.488554084797215 89.668920055584749 77.951876988983713 86.053328479145421 7.7052966378687406
leaf_count=23434 16754 1869 59166 8211 31881 4109 15813 2047
internal_value=-7.28032e-05 0.000480995 0.0050341 0.00221192 0.00391732 0.011608 0.00228598 0.0273088
internal_weight=1732.38 1680.17 684.364 611.506 577.017 261.379 164.005 97.3742
internal_count=163284 146530 123096 121227 113016 53850 19922 33928
is_linear=0
shrinkage=0.0750466


Tree=146
num_leaves=9
num_cat=0
split_feature=22 95 83 81 81 95 63 5
split_gain=3.33854 5.41739 11.93 6.18799 4.62054 3.78955 3.93603 12.2545
threshold=319.2050000000001 1.5000000000000002 2582.5950000000007 380830.73000000004 56108.485000000008 1.0000000180025095e-35 8.5000000000000018 47.500000000000007
decision_type=2 2 2 2 2 2 2 2
left_child=-1 3 -3 5 -4 6 -2 -8
right_child=1 2 4 -5 -6 -7 7 -9
leaf_value=0.0025618203136551993 -0.0050657866108087335 -0.014437822499835896 0.025982413657802461 -0.055450545487023474 0.087524344911967492 -0.03693364577773179 0.10845433464958552 -0.022121002183467749
leaf_weight=1056.6855720558451 565.89351575463661 31.044133457762655 15.528208470997926 14.078509330196537 12.323940124122599 20.373707486753119 6.9057734820817158 9.7817144760265347
leaf_count=39651 97276 2713 2287 6905 3063 3223 3430 4736
internal_value=-7.29062e-05 -0.00419179 0.0175545 -0.00626749 0.0532133 -0.00511911 -0.00400651 0.0319149
internal_weight=1732.62 675.93 58.8963 617.033 27.8521 602.955 582.581 16.6875
internal_count=163284 123633 8063 115570 5350 108665 105442 8166
is_linear=0
shrinkage=0.0750466


Tree=147
num_leaves=9
num_cat=0
split_feature=56 80 9 112 80 107 9 80
split_gain=3.75171 3.56925 10.4926 5.2161 7.95862 4.44462 4.57612 4.07233
threshold=11582.655000000002 4.5000000000000009 389.19000000000005 190026.00000000003 7.5000000000000009 130.50000000000003 1656.3400000000004 6.5000000000000009
decision_type=2 2 2 10 2 2 2 2
left_child=1 -1 7 5 -5 -4 -7 -3
right_child=-2 2 3 4 -6 6 -8 -9
leaf_value=-0.00047940460812948541 -0.027023746669129049 0.084867462232608756 -0.036372675774510851 -0.010853006521275844 0.06907618750755895 -0.03546492705092804 0.039368491876174527 0.0257008809578783
leaf_weight=1603.2305497202033 28.610735043650493 12.94512315188331 26.029509628060623 15.675200387115185 12.700574317495919 7.415216051493192 12.131737967596562 13.265415462024974
leaf_count=124832 15033 2402 2895 5469 4200 3748 2347 2358
internal_value=-7.34198e-05 0.000379246 0.014123 -0.000337388 0.0249221 -0.0160639 0.0109801 0.0549227
internal_weight=1732 1703.39 100.163 73.9522 28.3758 45.5765 19.547 26.2105
internal_count=163284 148251 23419 18659 9669 8990 6095 4760
is_linear=0
shrinkage=0.0750466


Tree=148
num_leaves=9
num_cat=0
split_feature=33 137 99 64 80 64 131 81
split_gain=3.90482 4.54189 3.31888 3.14696 3.87448 9.15713 14.2832 13.5473
threshold=115002.37000000001 4483.3200000000006 2.5000000000000004 25194.515000000003 2.5000000000000004 1.0000000180025095e-35 1378.2750000000003 83116.845000000016
decision_type=2 10 2 2 2 2 8 2
left_child=2 -2 3 4 -1 -6 -7 -8
right_child=1 -3 -4 -5 5 6 7 -9
leaf_value=-0.00074692003668933515 -0.0092781829519630044 -0.068044171829565694 0.025620727100239098 -0.017521627490731467 -0.0026602174316862686 0.011284490153948589 0.13566507132713893 0.014000795965316871
leaf_weight=1401.928569714888 32.630444002599688 9.5822204299038258 29.0878725189541 55.483683605416445 122.08129669183836 60.32363311410154 11.938220136718884 9.0711519667602243
leaf_count=87981 3995 10417 831 19436 17923 17197 2166 3338
internal_value=-7.28841e-05 -0.022618 0.000490274 5.01368e-05 0.00065745 0.0103364 0.0298443 0.0831345
internal_weight=1732.13 42.2127 1689.91 1660.83 1605.34 203.414 81.333 21.0094
internal_count=163284 14412 148872 148041 128605 40624 22701 5504
is_linear=0
shrinkage=0.0750466


Tree=149
num_leaves=9
num_cat=0
split_feature=107 24 125 116 83 116 81 134
split_gain=2.86526 4.67679 5.78069 8.06264 4.85716 4.84485 4.70828 4.66039
threshold=12.500000000000002 1.0000000180025095e-35 -4536.1249999999991 5756.7800000000016 10206.270000000002 8739.4750000000022 166963.90500000003 139352.40000000002
decision_type=2 2 8 10 2 10 2 10
left_child=-1 5 -3 6 -5 7 -4 -2
right_child=1 2 3 4 -6 -7 -8 -9
leaf_value=0.0041063795385415875 -0.010025860842630501 -0.016771011390999489 0.0081528088074751745 0.021750094192391534 0.12322587712886149 -0.025757597558943437 -0.027156652408544892 0.0027021423937526796
leaf_weight=602.36778461671202 345.25805092889641 63.702575622410222 318.16588929208956 5.3463803484846704 5.2802564516678103 63.582683591361274 22.79237166576786 305.27221110476967
leaf_count=7521 13506 29476 68725 1872 2657 8807 11823 18897
internal_value=-7.34703e-05 -0.0023028 0.00402991 0.00779877 0.0721723 -0.00598555 0.00579244 -0.00405303
internal_weight=1731.77 1129.4 415.287 351.585 10.6266 714.113 340.958 650.53
internal_count=163284 155763 114553 85077 4529 41210 80548 32403
is_linear=0
shrinkage=0.0750466


Tree=150
num_leaves=9
num_cat=0
split_feature=7 8 149 135 112 8 8 7
split_gain=3.29943 11.8701 28.0791 8.3349 5.1796 3.96005 4.92838 6.03636
threshold=1655.0800000000002 16678.810000000001 636.50000000000011 -1048.9999999999998 57007.80000000001 29166.560000000001 9683.5850000000009 1261.8700000000001
decision_type=2 2 10 10 8 2 2 2
left_child=5 2 -2 4 -3 6 -1 -8
right_child=1 3 -4 -5 -6 -7 7 -9
leaf_value=-0.0012039372119198005 -0.012036521437260413 0.031891566715445283 0.028761605737618951 -0.020900246181946171 -0.0014337141807953325 0.025111161729789541 -0.0050816800485945458 -0.033385726721402463
leaf_weight=628.68747700327367 156.43990279251011 28.517205792537425 241.94898203000776 130.99484474575365 332.88513164829055 26.48800728230708 119.54409941039921 65.791640690527856
leaf_count=64002 3247 2393 11254 22084 28620 6484 19497 5703
internal_value=-7.25014e-05 0.00310986 0.0127409 -0.00468246 0.00119589 -0.00344522 -0.00437443 -0.0151292
internal_weight=1731.3 890.786 398.389 492.397 361.402 840.511 814.023 185.336
internal_count=163284 67598 14501 53097 31013 95686 89202 25200
is_linear=0
shrinkage=0.0750466


Tree=151
num_leaves=9
num_cat=0
split_feature=21 133 74 102 64 104 104 5
split_gain=3.01191 5.8602 5.38188 4.76872 3.65576 5.24567 12.4788 7.97287
threshold=1.0000000180025095e-35 8.0000000000000018 513.96500000000015 1.0000000180025095e-35 13076.395000000002 4164.1500000000005 27037.650000000005 44.500000000000007
decision_type=2 10 2 2 2 2 2 2
left_child=2 3 -1 4 -2 -6 7 -7
right_child=1 -3 -4 -5 5 6 -8 -9
leaf_value=0.022854981529298917 -0.00014148976607303686 0.034591433658069305 -0.0025493817825346429 -0.026952510551123649 -0.02719716111119512 0.13846530478546581 -0.041632857581016737 0.011728067083093709
leaf_weight=85.162534954419243 1389.1163754004592 25.379083655076101 104.7125336289173 41.203679857095267 63.066386968566803 5.2385209809581301 10.995653886984654 5.9945756412707851
leaf_count=3392 120248 174 2409 4676 19111 2584 7655 3035
internal_value=-7.34328e-05 -0.00117232 0.00884495 -0.00177119 -0.00106747 -0.016148 0.0152 0.0708316
internal_weight=1730.87 1540.99 189.875 1515.62 1474.41 85.2951 22.2288 11.2331
internal_count=163284 157483 5801 157309 152633 32385 13274 5619
is_linear=0
shrinkage=0.0750466


Tree=152
num_leaves=9
num_cat=0
split_feature=50 28 97 134 73 124 151 4
split_gain=5.1485 3.61261 2.87245 10.7827 5.22462 3.71001 2.82833 2.79192
threshold=1.0000000180025095e-35 1.0000000180025095e-35 147.50000000000003 93605.400000000009 11.500000000000002 1.0000000180025095e-35 5.5000000000000009 1.5000000000000002
decision_type=2 2 2 10 2 10 8 2
left_child=2 -2 5 -4 6 7 -5 -1
right_child=1 -3 3 4 -6 -7 -8 -9
leaf_value=0.0010522861479663234 -0.0053191894881783339 -0.053611891693388362 0.091122857052710712 -0.050621025075643006 0.045966283412697567 -0.026629188995307276 0.0044756804273512231 -0.017355598089539594
leaf_weight=1578.6200200090825 18.10707878525136 16.835556726626237 9.310219104489077 10.05730093952298 9.1863303086720389 28.869983410811983 10.971917127462801 47.809467779399711
leaf_count=132851 885 10150 2083 2474 4123 4612 4028 2078
internal_value=-7.26433e-05 -0.0285869 0.000515242 0.0205089 -0.00124911 3.78263e-05 -0.0218745 0.00051118
internal_weight=1729.77 34.9426 1694.83 39.5258 30.2155 1655.3 21.0292 1626.43
internal_count=163284 11035 152249 12708 10625 139541 6502 134929
is_linear=0
shrinkage=0.0750466


Tree=153
num_leaves=9
num_cat=0
split_feature=11 16 48 134 147 46 153 9
split_gain=2.82525 5.38274 3.35983 5.83216 4.16054 3.54128 6.09247 4.08095
threshold=-1.0000000180025095e-35 -1222.1199999999997 1.0000000180025095e-35 106977.60000000002 -23472.079999999998 1.0000000180025095e-35 838.69500000000005 1934.7000000000003
decision_type=2 2 2 10 10 2 8 2
left_child=1 -1 5 -4 -5 -2 -7 -8
right_child=2 -3 3 4 -6 6 7 -9
leaf_value=-0.044607130225034076 0.00034495495595714148 0.0043688474155423249 0.031037517584677658 -0.023302634326233626 0.013546150498417378 0.0069775074205640835 -0.055775529885593741 -0.010062500609705687
leaf_weight=22.787284527250449 1473.4673767544882 28.377998641633894 53.483179331728024 29.534713034496235 41.512575465647387 36.264792307178141 23.65718064369139 20.555368025983626
leaf_count=2304 123000 3361 4858 9821 5752 3113 7600 3475
internal_value=-7.13585e-05 -0.0174434 0.000458197 0.0123189 -0.00177207 -0.000492304 -0.0158217 -0.0345226
internal_weight=1729.64 51.1653 1678.48 124.53 71.0473 1553.94 80.4773 44.2125
internal_count=163284 5665 157619 20431 15573 137188 14188 11075
is_linear=0
shrinkage=0.0750466


Tree=154
num_leaves=9
num_cat=0
split_feature=22 11 11 149 153 137 72 153
split_gain=2.85544 6.39019 6.14363 9.58226 7.0669 6.22547 6.04292 5.93816
threshold=319.2050000000001 52.845000000000006 318.30500000000006 1714.5000000000002 1214.0550000000003 60464.195000000007 -2505.8599999999992 3489.6750000000006
decision_type=2 2 2 8 10 10 2 10
left_child=2 -2 -1 -4 -5 7 -3 -6
right_child=1 6 3 4 5 -7 -8 -9
leaf_value=0.00052459953871216239 -0.01899253855067844 0.053565056058813884 -0.013827595358560185 0.066118517093928061 0.031605380700084215 0.057570683744862003 -0.0015071552348158055 -0.039128928354300568
leaf_weight=957.66659747954691 127.82411196020257 11.462321906205032 31.725582040118752 26.774225783447037 13.041260158177467 13.691749509547661 533.64695433364614 13.712636225376626
leaf_count=25336 6658 1870 4906 1514 2021 2991 115105 2883
internal_value=-6.94874e-05 -0.00389045 0.002364 0.0201671 0.0362114 0.0164135 -0.000349121 -0.0046493
internal_weight=1729.55 672.933 1056.61 98.9455 67.2199 40.4456 545.109 26.7539
internal_count=163284 123633 39651 14315 9409 7895 116975 4904
is_linear=0
shrinkage=0.0750466


Tree=155
num_leaves=9
num_cat=0
split_feature=8 7 0 135 7 134 72 8
split_gain=3.2824 5.48264 9.61109 5.23554 4.22235 6.36289 7.1899 4.91825
threshold=-8804.7999999999975 -1795.6649999999997 49848695.500000007 -989.49999999999989 1.0000000180025095e-35 106977.60000000002 387.90500000000003 1.0000000180025095e-35
decision_type=2 2 2 8 2 8 2 2
left_child=1 -1 3 -3 5 -2 -7 -6
right_child=4 2 -4 -5 7 6 -8 -9
leaf_value=-0.0055571887982865742 -0.033292709167682802 0.022752255330175691 -0.014611204924201591 0.080654579045440364 0.01980231961458246 0.0057401106690181548 -0.034060731394631373 -0.00045439163728253784
leaf_weight=47.221110234073421 53.28071690654906 17.143297252201592 18.283383244917786 18.060162899324496 71.041347388643771 115.61173801297991 32.818680172807944 1355.9857264162019
leaf_count=9915 7169 2754 1977 1997 6288 18730 3613 110841
internal_value=-6.95621e-05 0.0130787 0.0295314 0.0524574 -0.000882541 -0.0110458 -0.00306005 0.000554043
internal_weight=1729.45 100.708 53.4868 35.2035 1628.74 201.711 148.43 1427.03
internal_count=163284 16643 6728 4751 146641 29512 22343 117129
is_linear=0
shrinkage=0.0750466


Tree=156
num_leaves=9
num_cat=0
split_feature=7 6 107 147 52 12 7 107
split_gain=2.98819 7.8913 6.09395 8.16237 5.90333 13.323 5.51175 6.42012
threshold=2050.3150000000005 20.500000000000004 12.500000000000002 -31205.244999999999 1.0000000180025095e-35 5.5000000000000009 3616.7500000000005 59.500000000000007
decision_type=2 2 2 10 2 2 2 2
left_child=-1 -2 -3 4 6 -6 -4 -8
right_child=1 2 3 -5 5 -7 7 -9
leaf_value=-0.0024062271217029085 -0.024428063090949689 0.01721950145926154 -0.0028906698305479878 0.011104577766182937 0.15615872032420544 -0.0051691388091475764 -0.052027617081455174 -0.0060253579323684596
leaf_weight=1107.5154501385623 50.216002401903097 198.61414361395873 84.420213092096674 202.96323412637867 3.7357583509874557 12.629886315349721 38.234380497859092 30.890766966200317
leaf_count=106086 1992 2185 5493 27633 361 10442 1425 7667
internal_value=-6.88593e-05 0.00409497 0.00660126 0.00094537 -0.0111901 0.0316569 -0.0157569 -0.03147
internal_weight=1729.22 621.704 571.488 372.874 169.911 16.3656 153.545 69.1251
internal_count=163284 57198 55206 53021 25388 10803 14585 9092
is_linear=0
shrinkage=0.0750466


Tree=157
num_leaves=9
num_cat=0
split_feature=112 25 12 149 58 112 0 112
split_gain=2.71924 3.98682 8.83226 4.829 5.96217 3.81734 6.07536 5.02087
threshold=720815.33500000008 2376.4950000000003 7.5000000000000009 3075.5000000000005 2289.0500000000006 228031.20000000004 59645539.500000007 164689.20000000004
decision_type=10 2 2 10 2 10 2 10
left_child=5 -2 -3 -4 -5 7 -7 -1
right_child=1 2 3 4 -6 6 -8 -9
leaf_value=-0.0010071712011054338 0.0040203958023797932 0.09688653347568979 -0.075939543448983002 0.12337724124149287 -0.012418921606379613 -0.0055184940538277041 -0.047026236610140437 0.011912148913342652
leaf_weight=1144.9992293008909 72.868740005527798 9.0898595621765725 3.4609875439564339 2.6220362311432819 5.9598480041713628 269.28421068625903 21.441095813483116 198.83972681666637
leaf_count=80219 6636 3388 2123 1490 5980 36617 2260 24571
internal_value=-6.86315e-05 0.0123435 0.0410427 -0.0011078 0.0290711 -0.000782434 -0.0085797 0.000904422
internal_weight=1728.57 94.0015 21.1327 12.0429 8.58188 1634.56 290.725 1343.84
internal_count=163284 19617 12981 9593 7470 143667 38877 104790
is_linear=0
shrinkage=0.0750466


Tree=158
num_leaves=9
num_cat=0
split_feature=8 153 17 112 39 142 112 112
split_gain=2.83643 4.87777 4.00326 5.2638 6.32648 6.27137 7.44157 6.20332
threshold=-1.0000000180025095e-35 3489.6750000000006 3.5000000000000004 720815.33500000008 11730.585000000001 1245067.9450000001 933800.96000000008 164689.20000000004
decision_type=2 10 2 10 2 8 10 8
left_child=1 -1 3 4 -2 6 -5 -6
right_child=2 -3 -4 5 7 -7 -8 -9
leaf_value=0.014872203815184773 -0.0022473322546227056 -0.0076777829887491643 0.016654244100044426 0.010493410752952497 -0.064827328087479361 -0.0037824589568002942 0.081688292630921575 -0.0074162544184896298
leaf_weight=163.60348644394253 1304.3337149966974 80.659366233696346 66.78738282105769 19.153354531772493 18.149672324696439 36.115249229915207 14.549630010584222 25.481166894322087
leaf_count=14623 97687 18661 6447 3709 4851 7104 2551 7651
internal_value=-6.81235e-05 0.00742585 -0.00130114 -0.00214696 -0.00318765 0.0179454 0.0412284 -0.0312983
internal_weight=1728.83 244.263 1484.57 1417.78 1347.96 69.8182 33.703 43.6308
internal_count=163284 33284 130000 123553 110189 13364 6260 12502
is_linear=0
shrinkage=0.0750466


Tree=159
num_leaves=9
num_cat=0
split_feature=60 108 20 140 106 106 73 140
split_gain=2.46648 3.96794 3.90581 13.1707 2.8253 10.3771 8.834 9.46154
threshold=1079.3350000000003 1.0000000180025095e-35 3581.3600000000001 7173.1900000000014 1.0000000180025095e-35 3577.6500000000005 10.500000000000002 39666.395000000011
decision_type=2 2 2 8 2 2 2 8
left_child=1 4 -2 -4 -1 -6 7 -7
right_child=2 -3 3 -5 5 6 -8 -9
leaf_value=-0.00077773672971067048 -0.02324892410466985 0.026172551113913881 0.12803383679537561 -0.031796446405121054 0.054412411127419638 -0.039854140626789714 0.066223690540458818 0.023032929578228757
leaf_weight=1540.1182894606754 53.280703991433256 33.224425401022017 4.4081012287933827 8.5083369785170344 24.62394622413558 32.756888324234751 8.9813918403742701 22.889376048944541
leaf_count=110049 11407 3986 1487 5148 5778 14815 5681 4933
internal_value=-6.75417e-05 0.000498078 -0.0142735 0.0227502 -2.54489e-05 0.012956 -0.00283946 -0.0139864
internal_weight=1728.79 1662.59 66.1971 12.9164 1629.37 89.2516 64.6277 55.6463
internal_count=163284 145242 18042 6635 141256 31207 25429 19748
is_linear=0
shrinkage=0.0750466


Tree=160
num_leaves=9
num_cat=0
split_feature=33 147 13 0 12 133 31 138
split_gain=3.5904 3.9285 3.41624 2.90456 7.15465 4.74288 3.17522 3.02203
threshold=175039.38000000003 -1.0000000180025095e-35 1.5000000000000002 15842220.000000002 6.5000000000000009 8.0000000000000018 1106.3200000000004 1513.9350000000002
decision_type=2 8 2 2 2 10 2 8
left_child=2 -2 3 4 -1 7 -6 -5
right_child=1 -3 -4 5 6 -7 -8 -9
leaf_value=0.0097526263901383352 -0.070125136918262804 -0.0088420083309100461 -0.023320905390753727 0.0057977996319243854 -0.018150707511288475 0.033256541813818034 -0.058921478742268142 -0.001245245280446164
leaf_weight=58.552210056557669 8.2346019831566064 20.701895647187488 33.582315992796794 528.04895605488855 60.473058962801588 26.485763373784721 13.086166428016439 979.70866206547362
leaf_count=2406 7189 2419 808 18355 8182 179 5055 118691
internal_value=-6.88002e-05 -0.0262817 0.000377398 0.000854993 -0.00982237 0.00177441 -0.0254038 0.00122138
internal_weight=1728.87 28.9365 1699.94 1666.35 132.111 1534.24 73.5592 1507.76
internal_count=163284 9608 153676 152868 15643 137225 13237 137046
is_linear=0
shrinkage=0.0750466


Tree=161
num_leaves=9
num_cat=0
split_feature=82 138 129 16 82 16 5 137
split_gain=2.84591 5.64441 4.85265 4.51997 3.89484 6.34551 4.62816 7.72318
threshold=6.5000000000000009 70187.215000000011 3.5000000000000004 -1.0000000180025095e-35 4.5000000000000009 -1870.675 53.500000000000007 23022.290000000005
decision_type=2 8 8 2 2 2 2 10
left_child=4 2 -2 -3 -1 -6 7 -7
right_child=1 3 -4 -5 5 6 -8 -9
leaf_value=-9.2661998188888953e-05 0.0089290652827543546 0.058571762312774944 -0.047012035249167 -0.023021335398096681 -0.035431589687295185 0.027114522594109378 -0.0097308761007686845 0.11787096500902759
leaf_weight=1626.3536453436936 12.33913364640466 8.6024370050072303 29.885400827501144 6.8834141686347712 8.5109963570866949 18.618516007743896 8.9443108790073875 7.3717043415526851
leaf_count=127401 5297 2639 10268 3366 2441 4670 2899 4303
internal_value=-6.65439e-05 -0.0164511 -0.0306646 0.0223039 0.000499729 0.0226755 0.0368319 0.0528561
internal_weight=1727.51 57.7104 42.2245 15.4859 1669.8 43.4455 34.9345 25.9902
internal_count=163284 21570 15565 6005 141714 14313 11872 8973
is_linear=0
shrinkage=0.0750466


Tree=162
num_leaves=9
num_cat=0
split_feature=33 5 18 104 104 33 6 5
split_gain=3.1815 8.77649 7.25379 6.28971 7.79756 3.43384 6.10753 7.34055
threshold=27559.105000000007 42.500000000000007 1.0000000180025095e-35 8269.6500000000015 35229.000000000007 1.0000000180025095e-35 76.500000000000014 49.500000000000007
decision_type=2 2 2 2 2 2 2 2
left_child=5 -2 -3 -4 -5 -1 -7 -8
right_child=1 2 3 4 -6 6 7 -9
leaf_value=-3.161318605367584e-05 -0.044711846503229555 0.049792861489156882 -0.029332524787211028 0.15209548880428414 -0.025037669744536441 0.046520092839437151 -0.033904520332465042 0.034163655890412883
leaf_weight=1587.5197482895601 32.487703759274154 14.666513213131109 26.339767843863232 2.6382763059737036 2.9812705683580134 25.089617816760438 18.899381662384258 16.903168566168461
leaf_count=127188 13311 1649 8067 2630 3178 1901 3250 2110
internal_value=-6.63372e-05 -0.0147672 0.00609751 -0.0139548 0.0581232 0.000639212 0.0181283 -0.00176804
internal_weight=1727.53 79.1135 46.6258 31.9593 5.61955 1648.41 60.8922 35.8026
internal_count=163284 28835 15524 13875 5808 134449 7261 5360
is_linear=0
shrinkage=0.0750466


Tree=163
num_leaves=9
num_cat=0
split_feature=56 28 8 96 10 8 10 137
split_gain=3.11944 3.2267 5.64153 3.03775 6.89799 11.9408 8.26461 9.19061
threshold=11582.655000000002 1395.8750000000002 1349.8850000000002 1.0000000180025095e-35 -627.07499999999993 16678.810000000001 39.975000000000001 13570.625000000002
decision_type=2 2 2 2 2 2 2 8
left_child=3 -2 -3 -1 -5 -6 -7 -8
right_child=1 2 -4 4 5 6 7 -9
leaf_value=-0.003001457568912591 0.011531621681901272 0.034738434056613164 -0.065222529404008411 -0.0074665362364843401 0.015548226365468178 -0.020964662999375189 0.026487197782753165 -0.011064062325818705
leaf_weight=806.14534903880121 9.070543920053753 4.0821099701643133 14.385274245276376 242.03432718126714 395.40441721747629 108.59334676626895 68.31313326308009 79.341224196381518
leaf_count=40599 1423 2786 10824 56009 23621 13607 4262 10153
internal_value=-6.70425e-05 -0.0251232 -0.0431267 0.000338876 0.00335201 0.00737019 -0.00524897 0.00630924
internal_weight=1727.37 27.5379 18.4674 1699.83 893.686 651.652 256.248 147.654
internal_count=163284 15033 13610 148251 107652 51643 28022 14415
is_linear=0
shrinkage=0.0750466


Tree=164
num_leaves=9
num_cat=0
split_feature=50 5 5 39 0 7 51 106
split_gain=4.38466 4.46762 3.55114 3.14499 3.86069 2.99791 5.16501 6.45173
threshold=1.0000000180025095e-35 63.500000000000007 44.500000000000007 313319.83000000002 22275446.000000004 2050.3150000000005 1.5000000000000002 1.0000000180025095e-35
decision_type=2 2 2 2 2 2 2 2
left_child=3 2 -2 5 -5 6 7 -1
right_child=1 -3 -4 4 -6 -7 -8 -9
leaf_value=-0.0018330103364381164 -0.0070612722588075036 0.0058120982785447965 -0.073353743957161766 0.02252884496942114 -0.03947916919153447 0.0052234236307477809 -0.027933132927841938 0.024506830524569839
leaf_weight=982.85380406827608 7.0729745554490391 13.864371148796634 12.762964545068824 7.5857242355414227 22.217904187149543 585.24935672924039 39.933991205718485 55.321408362447983
leaf_count=58649 2290 3719 5026 2481 7216 45297 23254 15352
internal_value=-6.72469e-05 -0.0268714 -0.0497156 0.000466257 -0.0236967 0.000899202 -0.00144819 -0.000429435
internal_weight=1726.86 33.7003 19.8359 1693.16 29.8036 1663.36 1078.11 1038.18
internal_count=163284 11035 7316 152249 9697 142552 97255 74001
is_linear=0
shrinkage=0.0750466


Tree=165
num_leaves=9
num_cat=0
split_feature=33 147 22 58 128 150 58 147
split_gain=2.93714 3.79362 2.6949 5.01714 7.9258 5.69075 5.31239 5.9073
threshold=175039.38000000003 -1.0000000180025095e-35 319.2050000000001 232.54500000000004 927.0150000000001 1376.0350000000003 2289.0500000000006 -41886.234999999993
decision_type=2 8 2 2 8 8 2 10
left_child=2 -2 -1 -4 -5 -6 -7 -8
right_child=1 -3 3 4 5 6 7 -9
leaf_value=0.0027141454688089793 -0.069285088511553544 -0.0072146202350820126 -0.0091801138123366911 -0.025437044124552249 0.036486767694533663 -0.018077282414428492 -0.013717694066699863 0.019203530241807616
leaf_weight=1038.2983306137539 7.6403030912188115 20.22661430567678 371.79778699483722 43.678989554195141 36.759511572236079 45.916599122618209 41.149382455205341 120.85218744213489
leaf_count=35732 7189 2419 41522 13793 3820 10265 20217 28327
internal_value=-6.59795e-05 -0.0242325 0.000330527 -0.00341845 0.00401044 0.0092673 0.00445496 0.0108413
internal_weight=1726.32 27.8669 1698.45 660.154 288.357 244.678 207.918 162.002
internal_count=163284 9608 153676 117944 76422 62629 58809 48544
is_linear=0
shrinkage=0.0750466


Tree=166
num_leaves=9
num_cat=0
split_feature=11 22 10 12 33 105 22 73
split_gain=3.1765 4.94332 6.68653 5.01174 6.04369 4.88779 3.62893 5.2666
threshold=318.30500000000006 305328.60000000003 -109.73499999999999 4.5000000000000009 17595.285000000003 1.5000000000000002 -1.0000000180025095e-35 7.5000000000000009
decision_type=2 2 2 2 2 2 2 2
left_child=-1 3 -3 -2 5 6 -5 -8
right_child=1 2 -4 4 -6 -7 7 -9
leaf_value=-0.0017946401967765852 0.064254796235994407 -0.05128740607184705 0.017958671813553442 0.026905812455780467 -0.034922987340184126 -0.024754852109364452 -0.0029469177744405198 0.019587913181036119
leaf_weight=1339.3150512521679 8.8504012220073474 18.698713845064049 13.541035763038961 69.767274454206927 18.286744552231539 21.996284077191376 127.01761008060566 108.13632783122739
leaf_count=50667 325 15951 4471 6729 17023 10290 23118 34710
internal_value=-6.54147e-05 0.00592996 -0.0222033 0.00849173 0.00706207 0.00941059 0.0118752 0.0074158
internal_weight=1725.61 386.294 32.2397 354.055 345.204 326.917 304.921 235.154
internal_count=163284 112617 20422 92195 91870 74847 64557 57828
is_linear=0
shrinkage=0.0750466


Tree=167
num_leaves=9
num_cat=0
split_feature=6 134 82 82 112 12 140 103
split_gain=2.57683 7.81697 4.60628 4.7948 7.86937 12.0877 5.12836 4.80727
threshold=289.50000000000006 93605.400000000009 6.5000000000000009 4.5000000000000009 139352.40000000002 7.5000000000000009 953.55500000000018 5.5000000000000009
decision_type=2 10 2 2 10 2 10 2
left_child=2 -2 3 7 6 -6 -5 -1
right_child=1 -3 -4 4 5 -7 -8 -9
leaf_value=-0.0012019028571246158 0.047063402659983371 -0.0048941817670092105 -0.022200338063545412 0.029067352291671286 0.10871429154946802 -0.010813805412547502 -0.04226962129392009 0.028886949034721852
leaf_weight=1528.3683281988961 25.617499813284667 44.876066953893314 54.101272419266024 11.842686516451069 11.615526698638861 8.0794387280329811 10.898839829329516 30.502211943079601
leaf_count=106078 1267 8881 20232 1522 3214 4918 3782 13390
internal_value=-6.48565e-05 0.0139873 -0.000663251 6.43946e-05 0.0249538 0.0596804 -0.00512078 -0.000613158
internal_weight=1725.9 70.4936 1655.41 1601.31 42.4365 19.695 22.7415 1558.87
internal_count=163284 10148 153136 132904 13436 8132 5304 119468
is_linear=0
shrinkage=0.0750466


Tree=168
num_leaves=9
num_cat=0
split_feature=16 57 21 16 56 18 17 134
split_gain=2.80668 6.48305 7.68358 5.05717 5.32454 4.84111 13.5847 6.92927
threshold=-176.96999999999997 1.0000000180025095e-35 1.0000000180025095e-35 -68.659999999999982 11582.655000000002 252.93500000000003 3.5000000000000004 529449.63500000013
decision_type=2 2 2 2 2 2 2 10
left_child=5 -2 -3 -4 -5 -1 7 -7
right_child=1 2 3 4 -6 6 -8 -9
leaf_value=0.0010111335167285647 -0.0022946179942693445 0.076556166272732068 0.036880805568921232 0.0083280817652404988 -0.050983834667923562 -0.017792045590220879 0.043192951133299712 0.022198365634021042
leaf_weight=690.96263090242428 421.44939916463773 10.142574102588695 34.454969885831815 227.09517316359415 8.8567687938411819 281.28940184160456 25.005765535868704 26.72077845394233
leaf_count=13682 36625 787 3706 52353 7608 40777 2238 5508
internal_value=-6.54554e-05 0.00358954 0.0124289 0.0100236 0.00610173 -0.00257117 -0.010004 -0.0143228
internal_weight=1725.98 701.999 280.549 270.407 235.952 1023.98 333.016 308.01
internal_count=163284 101079 64454 63667 59961 62205 48523 46285
is_linear=0
shrinkage=0.0750466


Tree=169
num_leaves=9
num_cat=0
split_feature=11 18 73 9 147 147 6 11
split_gain=2.58741 7.09029 4.1868 3.46595 5.39895 4.29524 4.42209 9.11522
threshold=93.555000000000021 252.93500000000003 4.5000000000000009 3165.5400000000004 -7681.6749999999993 -2974.2299999999996 189.50000000000003 1683.4950000000001
decision_type=2 2 2 2 8 10 2 2
left_child=-1 2 -2 5 -5 6 -3 -8
right_child=1 3 -4 4 -6 -7 7 -9
leaf_value=-0.0025622689491879257 0.030066810553942922 -0.0088591059722630833 0.0048365859818558796 0.004332643378950154 0.060635648995889142 0.01463403759928125 -0.00047579403815756807 0.062618833816733152
leaf_weight=993.02504746399063 77.224869099452917 356.33152680684725 71.190963250024652 39.203003688504396 12.699119158482061 73.511911506284378 87.55717508806265 15.123040332291565
leaf_count=23851 2319 80900 5593 12658 1187 8945 18201 9630
internal_value=-6.60383e-05 0.00331644 0.0179646 -0.000403478 0.0181085 -0.00220774 -0.004905 0.00881697
internal_weight=1725.87 732.842 148.416 584.426 51.9021 532.524 459.012 102.68
internal_count=163284 139433 7912 131521 13845 117676 108731 27831
is_linear=0
shrinkage=0.0750466


Tree=170
num_leaves=9
num_cat=0
split_feature=50 97 16 120 16 25 16 116
split_gain=3.89672 3.49271 3.17375 5.34012 3.97897 6.55952 11.3433 7.21748
threshold=1.0000000180025095e-35 11.500000000000002 2347.2300000000005 586837.18000000005 -176.96999999999997 1.0000000180025095e-35 -1.0000000180025095e-35 14869.465000000002
decision_type=2 2 2 8 2 2 2 10
left_child=2 -2 4 -4 -1 -6 -7 -8
right_child=1 -3 3 -5 5 6 7 -9
leaf_value=-0.002097686501791042 -0.0049623687420620984 -0.054511177729712999 0.00030094073853460356 -0.064605269576753721 -7.3664952264230921e-05 0.047972840065599147 0.0033256234097858235 0.067463356782955841
leaf_weight=1004.4014653019258 19.215725180212758 13.742465282084593 19.508857881155567 11.259222593529556 428.50557714373281 48.279708216308791 170.75379072985379 10.488389874451967
leaf_count=59743 2110 8925 4182 2149 21944 7495 50724 6012
internal_value=-6.54248e-05 -0.0256226 0.000432047 -0.0234507 0.000874067 0.0054101 0.015648 0.00703724
internal_weight=1726.16 32.9582 1693.2 30.7681 1662.43 658.027 229.522 181.242
internal_count=163284 11035 152249 6331 145918 86175 64231 56736
is_linear=0
shrinkage=0.0750466


Tree=171
num_leaves=9
num_cat=0
split_feature=8 138 20 150 27 39 81 20
split_gain=2.82905 4.50618 6.90411 5.33337 3.11623 2.94079 6.93325 5.29707
threshold=-8804.7999999999975 36105.985000000008 55.415000000000006 1376.0350000000003 21.500000000000004 58697.880000000012 3571.4900000000002 8.2250000000000014
decision_type=2 10 2 10 2 2 2 2
left_child=1 3 -3 -1 -4 -2 -7 -8
right_child=5 2 4 -5 -6 6 7 -9
leaf_value=0.0081429900503012381 -0.00026032365584674819 -0.033030425701059941 -0.0018823789382987207 0.052949570923897973 0.075536769121539171 -0.047048801494341687 0.051549232482730398 -0.019462204759713143
leaf_weight=43.222156042014831 1576.1356667416476 23.51221361610078 5.7582413577911193 22.882665529992664 5.9577811156923417 24.609161658878293 9.9488745463022514 14.595496684549287
leaf_count=2961 130613 5008 1737 3953 2984 4790 2884 8354
internal_value=-6.5551e-05 0.0121003 -0.00957828 0.0236531 0.0374865 -0.000824063 -0.0189007 0.00932174
internal_weight=1726.62 101.333 35.2282 66.1048 11.716 1625.29 49.1535 24.5444
internal_count=163284 16643 9729 6914 4721 146641 16028 11238
is_linear=0
shrinkage=0.0750466


Tree=172
num_leaves=9
num_cat=0
split_feature=10 6 22 97 20 127 127 135
split_gain=2.81192 6.0939 5.15471 3.83387 16.74 3.66771 3.31126 4.29145
threshold=-3005.3049999999998 31.500000000000004 54211.545000000006 147.50000000000003 3.8350000000000004 3655.5000000000005 3233.5000000000005 -1355.4999999999998
decision_type=2 2 2 2 2 10 10 8
left_child=1 -1 6 -2 -5 -6 7 -3
right_child=3 2 -4 4 5 -7 -8 -9
leaf_value=0.045561849686491032 0.00010091891230021348 -0.028941486535238894 -0.057186687383511355 0.074054550993081295 -0.056641966892300784 0.01875657726886874 -0.041061346613818168 0.01761357817276122
leaf_weight=8.9247697291284549 1604.8044540236042 18.098932860339119 16.478023252500861 18.493105353918509 10.53547696930764 5.5464281880012996 14.690438275742052 29.050802175719582
leaf_count=1701 126340 3343 13449 3631 4030 2691 4172 3927
internal_value=-6.50342e-05 -0.0131933 -0.0198888 0.000633615 0.0253588 -0.030638 -0.00995034 -0.000257084
internal_weight=1726.62 87.243 78.3182 1639.38 34.575 16.0819 61.8402 47.1497
internal_count=163284 26592 24891 136692 10352 6721 11442 7270
is_linear=0
shrinkage=0.0750466


Tree=173
num_leaves=9
num_cat=0
split_feature=56 12 137 11 18 16 64 0
split_gain=2.41666 4.09522 3.92084 3.25925 5.243 6.80301 6.41651 7.72263
threshold=11582.655000000002 6.5000000000000009 1316.4200000000003 318.30500000000006 952.04500000000019 -354.2999999999999 1.0000000180025095e-35 32756022.000000004
decision_type=2 2 8 2 2 2 2 2
left_child=3 -2 -3 -1 -5 6 -6 -8
right_child=1 2 -4 4 5 -7 7 -9
leaf_value=-0.0014582888624208191 0.01712143242120567 0.022861708504045068 -0.064082955202248604 0.024406341563006282 -0.040225798153812574 0.0077324693356731347 0.060571223881012624 -0.026562652446426228
leaf_weight=1327.1911173012995 9.3728047541517316 3.7570918143028376 13.129123662209169 73.737078021098569 36.494877797049412 239.21788809053396 9.8789546082844044 13.635904973358263
leaf_count=48794 2199 901 11933 5588 10145 72137 5017 6570
internal_value=-6.53814e-05 -0.0226583 -0.0447382 0.000283567 0.00648194 0.00206493 -0.0205277 0.0100436
internal_weight=1726.41 26.259 16.8862 1700.16 372.965 299.228 60.0097 23.5149
internal_count=163284 15033 12834 148251 99457 93869 21732 11587
is_linear=0
shrinkage=0.0750466


Tree=174
num_leaves=9
num_cat=0
split_feature=13 33 107 153 151 33 107 84
split_gain=2.49538 3.08044 2.66189 4.34943 10.1642 4.82296 5.32184 4.94363
threshold=1.5000000000000002 175039.38000000003 12.500000000000002 1413.4650000000001 1.5000000000000002 8897.4100000000017 22.500000000000004 4.5000000000000009
decision_type=2 2 2 8 8 2 2 2
left_child=1 2 -1 -4 -5 7 -7 -6
right_child=-2 -3 3 4 5 6 -8 -9
leaf_value=0.0049347834773714331 -0.020409681423856206 -0.024893509047950787 0.0027039460288210992 -0.032746624502892188 -0.0022697102660894325 0.038564134254172225 -0.045659524326026886 0.031037629873435835
leaf_weight=563.97304502106272 33.299817017279565 26.8259611856829 626.65560464285591 72.199475267261732 346.94956970071144 5.0980099177686524 24.681600265048473 27.054398019274231
leaf_count=6359 829 9587 53211 10587 54792 237 15251 12431
internal_value=-6.50433e-05 0.000335014 0.000741095 -0.00140387 -0.00681203 -0.00217473 -0.0312412 0.000139649
internal_weight=1726.74 1693.44 1666.61 1102.64 475.983 403.784 29.7796 374.004
internal_count=163284 162455 152868 146509 93298 82711 15488 67223
is_linear=0
shrinkage=0.0750466


Tree=175
num_leaves=9
num_cat=0
split_feature=0 146 22 0 120 0 135 150
split_gain=2.43762 6.2247 3.76573 4.64784 4.10728 3.99337 3.92067 3.51266
threshold=15842220.000000002 47174.240000000005 409658.84500000003 24777691.000000004 800917.97000000009 41179171.000000007 -927.99999999999989 8303.6200000000008
decision_type=2 8 2 2 10 2 8 10
left_child=1 -1 4 -4 7 6 -6 -2
right_child=2 -3 3 -5 5 -7 -8 -9
leaf_value=-0.017849659369521528 -0.0010320164827003341 0.02243560047593297 0.03737176367650711 -0.040434859569748891 0.050968697824297922 -0.012660721196687919 0.0084279081244973096 0.0093643816224795347
leaf_weight=107.58759163453578 1283.7281812512156 27.028522332544526 5.2981696531678635 23.514899682926625 25.247045950491156 16.125266592298431 23.61327885024366 213.47074105885258
leaf_count=15007 72363 1322 3060 10349 3387 1910 4174 51712
internal_value=-6.4305e-05 -0.0097611 0.000756152 -0.0261277 0.001252 0.0197223 0.0304095 0.000450303
internal_weight=1725.61 134.616 1591 28.8131 1562.18 64.9856 48.8603 1497.2
internal_count=163284 16329 146955 13409 133546 9471 7561 124075
is_linear=0
shrinkage=0.0750466


Tree=176
num_leaves=9
num_cat=0
split_feature=5 5 4 27 7 5 129 58
split_gain=2.42876 7.94154 5.56822 5.14858 4.84822 7.46139 7.89966 8.30178
threshold=67.500000000000014 61.500000000000007 1.5000000000000002 2.5000000000000004 5005.1550000000016 53.500000000000007 7.5000000000000009 232.54500000000004
decision_type=2 2 2 2 2 2 8 2
left_child=1 2 4 -3 -1 6 7 -6
right_child=-2 3 -4 -5 5 -7 -8 -9
leaf_value=-0.0013027180188572662 -0.0082189366393977219 0.026751334233292453 -0.028742413117295879 -0.0013866740896071798 0.018570585927848691 -0.0304295087527288 0.01384211620810461 0.12676692193192188
leaf_weight=1254.5413991021233 183.73375909429524 103.00258818443399 39.365526383728138 56.830316804920585 7.8567302073570309 15.471120892492761 56.773419735702191 8.1237211607658519
leaf_count=120762 12705 3154 1991 9176 1128 3624 7006 3738
internal_value=-6.28207e-05 0.000909026 -0.000922463 0.0167466 -0.000106873 0.0168978 0.026962 0.0735726
internal_weight=1725.7 1541.96 1382.13 159.833 1342.77 88.225 72.7539 15.9805
internal_count=163284 150579 138249 12330 136258 15496 11872 4866
is_linear=0
shrinkage=0.0750466


Tree=177
num_leaves=9
num_cat=0
split_feature=27 115 57 0 120 73 73 0
split_gain=2.61256 6.84509 3.3907 9.45934 6.9096 3.14735 7.49112 7.07371
threshold=35.500000000000007 10768.525000000001 6.5000000000000009 37799697.500000007 586837.18000000005 9.5000000000000018 6.5000000000000009 41179171.000000007
decision_type=2 8 2 2 8 2 2 2
left_child=2 -2 5 4 -4 6 -1 -8
right_child=1 -3 3 -5 -6 -7 7 -9
leaf_value=-0.0011449815682204273 -0.055779649997020557 0.028069463041417858 -0.028196994107781422 0.07705287623951157 0.052656148963974331 -0.0097423700297723393 0.027186619804543004 -0.002278633080346567
leaf_weight=1298.3476759811492 14.879987524655006 8.6830480044445739 18.692371083805487 12.168727570486224 8.734332059411825 175.46454621667726 109.70202720610541 78.882208912636997
leaf_count=66939 6463 4597 5721 3073 3626 45315 16168 11382
internal_value=-6.32434e-05 -0.024881 0.000280343 0.0219844 -0.00244843 -0.000236611 0.000885111 0.0148617
internal_weight=1725.55 23.563 1701.99 39.5954 27.4267 1662.4 1486.93 188.584
internal_count=163284 11060 152224 12420 9347 139804 94489 27550
is_linear=0
shrinkage=0.0750466


Tree=178
num_leaves=9
num_cat=0
split_feature=50 113 99 22 71 17 138 32
split_gain=3.41962 4.42385 3.2727 5.13159 3.82589 3.55172 8.34986 4.98395
threshold=1.0000000180025095e-35 -1079.9999999999998 1.0000000180025095e-35 -1525.53 1.5000000000000002 3.5000000000000004 12094.745000000001 2.5000000000000004
decision_type=2 10 2 2 2 2 8 2
left_child=2 -2 4 -4 5 7 -7 -1
right_child=1 -3 3 -5 -6 6 -8 -9
leaf_value=-0.00085366076376827465 0.0060826330286701535 -0.049811884703050202 0.033678727755450881 -0.0034004573774947698 0.024252416870322962 -0.010337794505734526 0.047030116342837783 -0.026586140450538153
leaf_weight=1473.8181162742258 14.665611594333312 17.480355708363277 41.347343587258365 42.760307290867786 34.807240511705459 29.495457178476499 27.716037093778141 43.646195374865783
leaf_count=129714 2582 8453 836 3883 1442 1717 3764 10893
internal_value=-6.38551e-05 -0.0243117 0.000396393 0.0148277 -0.000357751 -0.000901744 0.017454 -0.00159379
internal_weight=1725.74 32.146 1693.59 84.1077 1609.48 1574.68 57.2115 1517.46
internal_count=163284 11035 152249 4719 147530 146088 5481 140607
is_linear=0
shrinkage=0.0750466


Tree=179
num_leaves=9
num_cat=0
split_feature=10 127 23 134 126 10 153 18
split_gain=2.43413 3.45725 3.75421 2.97491 4.47452 3.04096 2.65443 2.48742
threshold=-3005.3049999999998 3233.5000000000005 1.5000000000000002 187492.32000000004 1.0000000180025095e-35 -5498.3249999999989 5389.9350000000004 3102.7650000000003
decision_type=2 10 2 8 8 2 8 2
left_child=1 3 6 7 5 -5 -3 -1
right_child=-2 2 -4 4 -6 -7 -8 -9
leaf_value=-0.0019866164858495022 0.00058352535392342734 0.030828131646821896 -0.075865315378993159 0.067760708351246618 -0.012180753372777122 0.0053958671039970952 -0.042328051568979057 -0.053896821859247088
leaf_weight=10.59648837419809 1638.6442339286587 4.900302165726317 8.9262554052420438 8.7447354553696659 27.236974811752589 8.869947283601503 6.4968932213123489 10.20612209750834
leaf_count=933 136692 2021 5063 2903 5468 2569 3848 3787
internal_value=-6.2287e-05 -0.0123708 -0.0394188 -0.00399799 0.00688143 0.0363566 -0.010874 -0.0274547
internal_weight=1724.62 85.9777 20.3235 65.6543 44.8517 17.6147 11.3972 20.8026
internal_count=163284 26592 10932 15660 10940 5472 5869 4720
is_linear=0
shrinkage=0.0750466


Tree=180
num_leaves=9
num_cat=0
split_feature=21 9 33 5 22 22 113 142
split_gain=2.38701 4.44586 3.4874 5.61431 5.7075 5.46685 7.43841 4.06663
threshold=1.0000000180025095e-35 511.12500000000006 17595.285000000003 49.500000000000007 -9370.4499999999989 3393.0150000000008 -1263.4999999999998 91494.000000000015
decision_type=2 2 2 2 2 2 10 8
left_child=1 -1 -2 7 -5 -6 -7 -4
right_child=2 -3 3 4 5 6 -8 -9
leaf_value=0.020537794309149687 -0.00031720566591124914 -0.0025106823253855451 0.011177295635382369 0.073369247152958061 -0.04010667151488919 0.13547170262478617 -0.029996566301200116 -0.050295382342776869
leaf_weight=85.717720139058656 1473.1076868462951 104.71231047331821 7.681428318777761 5.9132476857194005 12.356080618883427 2.8442805080740108 3.3114695604581312 28.727469136505533
leaf_count=3387 129091 2414 3797 1147 2939 1842 3424 15243
internal_value=-6.05727e-05 0.00786406 -0.00104437 -0.0186528 0.0091822 -0.0113211 0.0464585 -0.0373261
internal_weight=1724.37 190.43 1533.94 60.834 24.4251 18.5118 6.15575 36.4089
internal_count=163284 5801 157483 28392 9352 8205 5266 19040
is_linear=0
shrinkage=0.0750466


Tree=181
num_leaves=9
num_cat=0
split_feature=8 149 140 7 153 149 7 30
split_gain=2.73103 5.31258 6.40183 4.9223 5.54118 4.77658 3.20703 6.06756
threshold=-8804.7999999999975 636.50000000000011 953.55500000000018 -1795.6649999999997 8252.0550000000021 3571.5000000000005 1.0000000180025095e-35 2.5000000000000004
decision_type=2 8 8 2 8 10 2 2
left_child=1 -1 -3 5 -5 -4 7 -2
right_child=6 2 3 4 -6 -7 -8 -9
leaf_value=0.052470999370805169 -0.0050483786207734605 -0.04086345006669935 0.012256391365426665 0.063575134859491789 0.0060635232668326457 -0.048595316832987713 0.00043551036806640207 -0.046420073070020551
leaf_weight=15.407289879818562 175.06536515252446 14.492223686429499 22.75928312765609 17.353587759753282 20.677926364412997 10.671353517860551 1424.9723786101149 22.534953735230374
leaf_count=2527 21704 1516 4122 2766 2161 3551 117129 7808
internal_value=-6.03503e-05 0.0118905 0.00461645 0.0138396 0.0323058 -0.00716801 -0.000806916 -0.00976654
internal_weight=1723.93 101.362 85.9544 71.4622 38.0315 33.4306 1622.57 197.6
internal_count=163284 16643 14116 12600 4927 7673 146641 29512
is_linear=0
shrinkage=0.0750466


Tree=182
num_leaves=9
num_cat=0
split_feature=22 16 16 135 25 23 16 127
split_gain=2.2999 4.4455 4.41943 10.0707 7.55756 4.38374 4.48972 10.814
threshold=6061.1650000000009 -7736.8999999999987 -253.11499999999998 -1901.4999999999998 1.0000000180025095e-35 2.5000000000000004 -7736.8999999999987 2104.5000000000005
decision_type=2 2 2 10 2 2 2 8
left_child=2 -2 5 -4 -5 6 -1 -8
right_child=1 -3 3 4 -6 -7 7 -9
leaf_value=0.0072354407523605039 -0.045481385961564959 -0.0033613878509045334 -0.0095991444793326487 0.0094922862674800858 0.039523756506703422 -0.021598541281090563 0.0086681570178057631 -0.013329178532932943
leaf_weight=299.98225732829451 14.601756045914952 421.22990666654005 127.10719584089384 224.04228117669118 59.788815686490125 57.003593695433665 213.60862544344127 306.42033707584051
leaf_count=10077 3650 103855 5276 7008 7024 2803 10864 12727
internal_value=-6.02293e-05 -0.00477254 0.00153437 0.0079565 0.0158184 -0.00147481 -7.58946e-05 -0.00429349
internal_weight=1723.78 435.832 1287.95 410.938 283.831 877.015 820.011 520.029
internal_count=163284 107505 55779 19308 14032 36471 33668 23591
is_linear=0
shrinkage=0.0750466


Tree=183
num_leaves=9
num_cat=0
split_feature=99 18 141 153 111 83 18 137
split_gain=2.2036 7.67507 4.3907 2.259 5.73224 4.26093 8.18524 3.79716
threshold=1.0000000180025095e-35 1.0000000180025095e-35 4.4850000000000012 651.0150000000001 1.0000000180025095e-35 34076.275000000009 21090.000000000004 1316.4200000000003
decision_type=2 2 8 8 10 2 2 8
left_child=3 -2 -3 5 -5 -1 -7 -8
right_child=1 2 -4 4 -6 6 7 -9
leaf_value=0.00064095685967184427 0.038091717775089386 -0.027620191159648002 0.016427932937935218 -0.004695043804347359 0.028311340971972816 -0.00056891915438884934 0.086577377625251487 0.023357265749099743
leaf_weight=758.87946903926786 36.042476846574573 27.371469124693249 23.85057510639308 790.52481448587423 30.788143931509694 34.663409635293647 11.94438471198373 9.6927008419261256
leaf_count=31159 457 3685 1332 118128 363 2546 2375 3239
internal_value=-6.03147e-05 0.0115595 -0.00711002 -0.000679928 -0.00345775 0.00211879 0.0220387 0.0582569
internal_weight=1723.76 87.2645 51.222 1636.49 821.313 815.18 56.3005 21.6371
internal_count=163284 5474 5017 157810 118491 39319 8160 5614
is_linear=0
shrinkage=0.0750466


Tree=184
num_leaves=9
num_cat=0
split_feature=60 20 11 31 11 105 106 63
split_gain=2.1656 3.62486 6.97636 3.10753 6.22276 3.04613 7.31851 6.42059
threshold=1079.3350000000003 3581.3600000000001 823.92000000000019 20610.465000000004 1147.6250000000002 1.0000000180025095e-35 4633.3500000000013 1.5000000000000002
decision_type=2 2 2 2 2 2 2 2
left_child=3 -2 -3 5 -5 -1 -7 -8
right_child=1 2 -4 4 -6 6 7 -9
leaf_value=-0.0007386618158250135 -0.022300352248620314 0.072617103246293502 -0.037695942667878686 -0.00053622813842327786 0.074959578561584264 0.045184054485821697 -0.016527250333338517 0.035935202871956576
leaf_weight=1539.245969417374 52.220557454435038 7.0343225461183447 5.9681583816000057 17.724526780344608 9.4152088197934045 28.159567809783766 44.012687613343587 18.729204959006893
leaf_count=106513 11407 1824 4811 4331 4226 6077 13402 10693
internal_value=-5.88874e-05 -0.0134722 0.0219832 0.000468999 0.0256545 4.96951e-05 0.013399 -0.000866581
internal_weight=1722.51 65.223 13.0025 1657.29 27.1397 1630.15 90.9015 62.7419
internal_count=163284 18042 6635 145242 8557 136685 30172 24095
is_linear=0
shrinkage=0.0750466


Tree=185
num_leaves=9
num_cat=0
split_feature=7 46 102 96 134 113 81 113
split_gain=2.2562 5.18214 3.75631 4.44426 9.90485 5.37094 6.04664 5.66182
threshold=1655.0800000000002 1.0000000180025095e-35 1.0000000180025095e-35 1.0000000180025095e-35 66861.000000000015 -593.49999999999989 3571.4900000000002 -1079.9999999999998
decision_type=2 2 2 2 8 10 2 10
left_child=1 -1 3 -2 -5 7 -7 -6
right_child=2 -3 -4 4 5 6 -8 -9
leaf_value=-0.0015231929816092653 -0.0016717249106607381 -0.028925861083077868 -0.022284594179248676 0.038687974324113569 0.003960656963639112 0.011107829644238666 -0.026234687476649476 0.029882763010476487
leaf_weight=790.90811742396181 445.9132312461079 40.876098701743103 32.991044095000689 55.313117784789938 194.27420282208186 42.745762963939342 56.967773304060756 62.792493877201196
leaf_count=85914 16424 9772 2565 4840 16927 4096 12752 9994
internal_value=-5.8985e-05 -0.00286983 0.00256506 0.00352055 0.00913895 0.00455784 -0.0102265 0.0102925
internal_weight=1722.78 831.784 890.998 858.007 412.093 356.78 99.7135 257.067
internal_count=163284 95686 67598 65033 48609 43769 16848 26921
is_linear=0
shrinkage=0.0750466


Tree=186
num_leaves=9
num_cat=0
split_feature=148 127 83 141 135 11 39 107
split_gain=2.43323 8.02091 3.57363 2.69578 4.35363 3.90521 5.54468 5.29047
threshold=5.9250000000000007 2528.5000000000005 1407.6450000000002 1.7850000000000004 -532.49999999999989 318.30500000000006 276675.27500000008 85.500000000000014
decision_type=10 8 2 10 10 2 2 2
left_child=3 -2 -3 5 -5 -1 7 -7
right_child=1 2 -4 4 -6 6 -8 -9
leaf_value=-0.001525816437515215 -0.016708148793911169 0.024650711774560994 0.1029149422805215 -0.0060438161029954104 -0.050758866715183093 0.01801830781194495 -0.02599038216693467 -0.0028084318775855317
leaf_weight=1263.9720525683879 14.350628701198731 6.4642231201796658 6.6827115802352637 92.931618233873451 14.127514983345462 191.92559972701565 25.352017423127108 106.98443140811105
leaf_count=45037 3152 1060 3574 21927 3719 24608 8927 51280
internal_value=-5.875e-05 0.0220865 0.0644332 -0.000417945 -0.0119444 0.000359026 0.00770614 0.0105641
internal_weight=1722.79 27.4976 13.1469 1695.29 107.059 1588.23 324.262 298.91
internal_count=163284 7786 4634 155498 25646 129852 84815 75888
is_linear=0
shrinkage=0.0750466


Tree=187
num_leaves=9
num_cat=0
split_feature=48 97 29 112 138 55 73 96
split_gain=2.27349 5.38932 4.85862 4.75275 4.03313 4.86825 3.79291 2.41769
threshold=1.0000000180025095e-35 9.5000000000000018 1.0000000180025095e-35 114015.60000000002 3423.4750000000004 1.5000000000000002 11.500000000000002 1.0000000180025095e-35
decision_type=2 2 2 10 8 2 2 2
left_child=7 3 -3 -2 -4 6 -6 -1
right_child=1 2 4 -5 5 -7 -8 -9
leaf_value=-0.0039055904063514525 0.038755435384392724 -0.051035618049378305 0.041322936839309245 -0.002906163450098872 -0.012329693314439406 -0.064982141322510178 0.044292428773907405 0.0019488936774998741
leaf_weight=758.38382021284633 43.980496612573916 11.258693874056915 12.081092339518365 23.749601233444992 23.086587838606647 7.002794352683849 9.3659083182246814 834.3131241047995
leaf_count=38306 3029 1000 833 3362 4214 4882 4033 103625
internal_value=-5.845e-05 0.00946351 -0.00637369 0.0241468 0.0033832 -0.00823383 0.00401166 -0.000838797
internal_weight=1723.22 130.525 62.7951 67.7301 51.5364 39.4553 32.4525 1592.7
internal_count=163284 21353 14962 6391 13962 13129 8247 141931
is_linear=0
shrinkage=0.0750466


Tree=188
num_leaves=9
num_cat=0
split_feature=50 5 5 5 5 97 134 134
split_gain=3.00908 4.33111 3.56133 3.08911 6.73054 7.90359 8.41045 7.27584
threshold=1.0000000180025095e-35 63.500000000000007 44.500000000000007 67.500000000000014 61.500000000000007 28.500000000000004 160466.40000000002 214834.95000000004
decision_type=2 2 2 2 2 2 10 8
left_child=3 2 -2 4 -1 6 -6 -7
right_child=1 -3 -4 -5 5 7 -8 -9
leaf_value=-0.00024304996728607793 -0.0037655329603325763 0.009407726279662753 -0.07264362006075796 -0.009140932940482566 0.0081642671429906898 0.017571285978743745 0.048024151293873447 -0.051005208043895231
leaf_weight=1362.7042225811674 6.7372363342619854 13.315452333143183 11.350457385193293 172.70668036876305 69.754868512478424 18.177872089501761 52.066316684657068 16.735804904106772
leaf_count=131483 2290 3719 5026 10084 2538 2172 2897 3075
internal_value=-5.73302e-05 -0.0230754 -0.0469882 0.000369843 0.00145088 0.0161785 0.0252004 -0.0153007
internal_weight=1723.55 31.4031 18.0877 1692.15 1519.44 156.735 121.821 34.9137
internal_count=163284 11035 7316 152249 142165 10682 5435 5247
is_linear=0
shrinkage=0.0750466


Tree=189
num_leaves=9
num_cat=0
split_feature=125 145 150 5 146 127 127 11
split_gain=2.28898 4.62199 4.93192 3.6221 2.83986 5.64537 3.52093 3.72642
threshold=-28173.074999999993 5.5000000000000009 12306.960000000001 47.500000000000007 1.0000000180025095e-35 3462.5000000000005 145.50000000000003 93.555000000000021
decision_type=8 8 8 2 10 8 8 2
left_child=1 2 -1 -4 6 -6 -2 -8
right_child=4 -3 3 -5 5 -7 7 -9
leaf_value=0.04110539879753073 -0.023280868626490821 -0.057611573752172143 0.0073802868521855684 -0.076076867264747911 0.027117890743594129 -0.010810800986535541 -0.0029035571676594095 0.0045729135239593989
leaf_weight=9.5814435030551994 37.073769683309365 11.666673238363726 6.3017330764268973 5.4720797262125416 59.234665766653052 35.255769469753432 928.43827585017061 630.38000638474841
leaf_count=1899 4790 3566 2590 2415 6689 5405 20689 115241
internal_value=-5.75084e-05 -0.0196256 0.00112661 -0.0314078 0.000324759 0.0129661 -0.000423719 0.000119898
internal_weight=1723.4 33.0219 21.3553 11.7738 1690.38 94.4904 1595.89 1558.82
internal_count=163284 10470 6904 5005 152814 12094 140720 135930
is_linear=0
shrinkage=0.0750466


Tree=190
num_leaves=9
num_cat=0
split_feature=6 142 16 0 113 16 147 74
split_gain=2.26058 6.28537 5.31337 5.29418 4.7929 3.0155 5.75626 5.56015
threshold=289.50000000000006 105570.00000000001 -176.96999999999997 14632853.000000002 -653.99999999999989 -176.96999999999997 -1.0000000180025095e-35 3171.9350000000004
decision_type=2 10 2 2 10 2 8 2
left_child=3 -2 -3 4 -1 6 -5 -7
right_child=1 2 -4 5 -6 7 -8 -9
leaf_value=-0.0067624464044686921 0.042004322890188836 0.027558803030432441 -0.025410938790706262 -0.0091121215460614469 -0.053020307099748254 0.002613506200855425 0.0026365739881140651 0.036178460577734509
leaf_weight=34.591788221801835 26.481516246138199 17.795075613474182 26.619805949387228 418.28474250102227 19.856344147989148 615.66313157532204 535.61761462153663 29.109852237545056
leaf_count=3299 1267 1928 6953 48585 3037 81581 9365 7269
internal_value=-5.65403e-05 0.0130658 -0.00418831 -0.000619307 -0.0236319 0.000164463 -0.00251521 0.00412888
internal_weight=1724.02 70.8964 44.4149 1653.12 54.4481 1598.68 953.902 644.773
internal_count=163284 10148 8881 153136 6336 146800 57950 88850
is_linear=0
shrinkage=0.0750466


Tree=191
num_leaves=9
num_cat=0
split_feature=56 12 147 16 127 127 16 74
split_gain=2.09483 3.5803 2.59376 1.97457 6.35506 2.4141 2.74185 6.43308
threshold=11582.655000000002 6.5000000000000009 -4623.8949999999995 2347.2300000000005 1408.5000000000002 145.50000000000003 -176.96999999999997 3171.9350000000004
decision_type=2 2 10 2 10 8 2 2
left_child=3 -2 -3 5 -5 -1 -7 -8
right_child=1 2 -4 4 -6 6 7 -9
leaf_value=-0.018211558615973872 0.014899428485712577 -0.058011647458757663 0.018061134516580236 -0.052797676338863016 0.018169154214434123 -0.0014374546774145415 0.0032488475557373546 0.039938604873422302
leaf_weight=37.558122005390032 9.5887569279293547 12.867417505278356 3.1402962713327716 15.063127901477857 13.454545797256285 992.1871947005784 611.52853236933515 28.153892368245579
leaf_count=4718 2199 11803 1031 2033 3422 56510 75315 6253
internal_value=-5.61298e-05 -0.0213653 -0.0430882 0.000265105 -0.0193158 0.000599591 0.00103254 0.00486365
internal_weight=1723.54 25.5965 16.0077 1697.95 28.5177 1669.43 1631.87 639.682
internal_count=163284 15033 12834 148251 5455 142796 138078 81568
is_linear=0
shrinkage=0.0750466


Tree=192
num_leaves=9
num_cat=0
split_feature=8 73 73 9 116 80 9 149
split_gain=2.6619 8.01851 5.65381 6.007 9.21736 7.76154 8.26787 6.95925
threshold=9683.5850000000009 1.0000000180025095e-35 2.5000000000000004 1579.095 8739.4750000000022 4.5000000000000009 389.19000000000005 2555.5000000000005
decision_type=2 2 2 2 10 2 2 8
left_child=2 -2 -1 4 5 -4 -7 -5
right_child=1 -3 3 7 -6 6 -8 -9
leaf_value=-0.0040405697304975114 0.029622508867026047 -0.004664153390504638 -0.00055173741991768771 0.0037416610006959258 -0.043775413231025677 0.077996472454948021 -0.012919823614670473 0.02846727147675612
leaf_weight=378.63668333715032 40.325269159686286 811.09611095459877 188.25759149017904 128.14574347139933 24.775453905720497 15.323173067845348 8.9085685332065605 128.29678854919257
leaf_count=9692 1142 90760 31241 6256 8660 2431 3682 9420
internal_value=-5.51581e-05 -0.00304026 0.00285835 0.0081493 -0.000456739 0.00459405 0.044572 0.0161117
internal_weight=1723.77 851.421 872.344 493.707 237.265 212.489 24.2317 256.443
internal_count=163284 91902 71382 61690 46014 37354 6113 15676
is_linear=0
shrinkage=0.0750466


Tree=193
num_leaves=9
num_cat=0
split_feature=64 63 64 83 82 63 0 0
split_gain=2.23775 4.79657 18.7752 4.00889 6.30863 6.57836 4.98919 4.36423
threshold=13076.395000000002 8.5000000000000018 25194.515000000003 37776.215000000004 7.5000000000000009 1.0000000180025095e-35 39510640.500000007 42644405.000000007
decision_type=2 2 2 2 2 2 2 2
left_child=3 -2 -3 -1 5 7 -7 -5
right_child=1 2 -4 4 -6 6 -8 -9
leaf_value=-0.00037434165282580436 -0.020255679561317855 0.13867975224043802 -0.022304376726625851 0.02922765918167616 -0.019037111970803777 0.025637764716151968 0.091977795176032634 -0.013669987631098463
leaf_weight=1525.3815151742638 73.831629677362798 5.5559082795516614 15.361425133352894 30.027390380138968 23.786260124816181 13.82838751133386 11.861039545030506 24.058475521349465
leaf_count=101934 24606 2434 7553 5747 8011 5280 3756 3963
internal_value=-5.64184e-05 -0.0112681 0.020455 0.000595722 0.014884 0.0249981 0.0562676 0.0101459
internal_weight=1723.69 94.749 20.9173 1628.94 103.562 79.7753 25.6894 54.0859
internal_count=163284 34593 9987 128691 26757 18746 9036 9710
is_linear=0
shrinkage=0.0750466


Tree=194
num_leaves=9
num_cat=0
split_feature=27 0 0 97 112 153 58 64
split_gain=2.32246 7.11465 6.16409 6.11954 5.4551 4.69388 4.63481 7.82983
threshold=2.5000000000000004 49848695.500000007 26921913.500000004 36.500000000000007 69676.200000000012 651.0150000000001 232.54500000000004 11572.960000000001
decision_type=2 2 2 2 8 10 2 2
left_child=-1 2 -2 -3 5 -4 -6 -8
right_child=1 3 4 -5 6 -7 7 -9
leaf_value=0.0019110957104267348 -0.01195586495200412 -0.028770243033613405 -0.04601711297439965 0.0048144812963513608 -0.0056287641865680254 0.00011497624132023786 0.024248103420024317 -0.024967122319100459
leaf_weight=1140.7504556979384 143.30919109267052 99.227608088942361 17.341258842934621 44.152212039796723 60.915438961212203 43.788341302832123 153.68524171496392 20.65258241778065
leaf_count=39151 35290 15800 1617 9676 11505 10116 28843 11286
internal_value=-5.82618e-05 -0.00391121 0.000822658 -0.0184282 0.00700142 -0.0129718 0.0121914 0.0184179
internal_weight=1723.82 583.072 439.692 143.38 296.383 61.1296 235.253 174.338
internal_count=163284 124133 98657 25476 63367 11733 51634 40129
is_linear=0
shrinkage=0.0750466


Tree=195
num_leaves=9
num_cat=0
split_feature=107 16 4 11 140 71 33 9
split_gain=2.27975 9.5542 7.24285 6.94691 4.69138 6.06935 3.51109 4.66402
threshold=12.500000000000002 -4047.3549999999991 1.0000000180025095e-35 18.395000000000003 15822.210000000001 1.0000000180025095e-35 12850.695000000002 1579.095
decision_type=2 2 2 2 10 2 2 2
left_child=3 2 4 -1 -2 -6 -3 -8
right_child=1 6 -4 -5 5 -7 7 -9
leaf_value=-0.0017444094498648092 -0.032307517478087022 0.0022684884229457261 0.0047790104110108835 0.015704589640806139 -0.049156238191703457 0.032624496455722851 -0.044661786320125248 0.0021690418378566387
leaf_weight=413.71668105944991 117.41466297035367 873.63548004017139 60.66772386879893 186.39916372048901 7.7336913710059898 15.070674363010767 21.404257872200105 27.194779904679308
leaf_count=4010 10567 112453 3679 3511 4905 2150 14104 7905
internal_value=-5.88621e-05 -0.00205415 -0.0168848 0.00367534 -0.0262579 0.00489003 0.00117635 -0.0184565
internal_weight=1723.24 1123.12 200.887 600.116 140.219 22.8044 922.235 48.599
internal_count=163284 155763 21301 7521 17622 7055 134462 22009
is_linear=0
shrinkage=0.0750466


Tree=196
num_leaves=9
num_cat=0
split_feature=13 33 143 108 16 135 6 33
split_gain=2.02515 2.33596 2.61799 2.35538 13.0108 2.5892 2.54076 5.14123
threshold=1.5000000000000002 175039.38000000003 inf 1.0000000180025095e-35 -176.96999999999997 -136.99999999999997 76.500000000000014 8897.4100000000017
decision_type=2 2 8 2 2 10 2 2
left_child=1 3 -3 5 -5 6 7 -1
right_child=-2 2 -4 4 -6 -7 -8 -9
leaf_value=0.0024471013251334082 -0.018646726110820033 -0.059362544657065024 -0.0066892182111266303 -0.025863819478901203 0.063126799911803491 -0.023197758330906038 -0.0020898499159898169 0.031326519182334145
leaf_weight=680.10264113235826 32.390632090857252 7.5356680138920664 18.028270308524952 18.207461310972576 18.814078651819727 26.169768311658117 885.04215827911139 36.585378350617248
leaf_count=38647 829 7458 2129 1876 2715 1996 100377 7257
internal_value=-5.88929e-05 0.00029726 -0.0222161 0.000642941 0.0193606 0.000217266 0.000599831 0.00392133
internal_weight=1722.88 1690.49 25.5639 1664.92 37.0215 1627.9 1601.73 716.688
internal_count=163284 162455 9587 152868 4591 148277 146281 45904
is_linear=0
shrinkage=0.0750466


Tree=197
num_leaves=9
num_cat=0
split_feature=10 99 71 97 134 7 5 5
split_gain=2.19818 3.08258 3.05386 2.88933 8.9506 5.27642 2.58083 4.60733
threshold=-3005.3049999999998 1.0000000180025095e-35 1.5000000000000002 147.50000000000003 93605.400000000009 1655.0800000000002 76.500000000000014 69.500000000000014
decision_type=2 2 2 2 10 2 2 2
left_child=-1 2 3 6 -5 -6 7 -2
right_child=1 -3 -4 4 5 -7 -8 -9
leaf_value=-0.011820269741751745 -0.00058442688021202586 0.014898627436904881 0.0220889224257385 0.083985835463504063 -0.037410764845851686 0.035106788751963901 0.019233232393022937 -0.018542174491541632
leaf_weight=85.062617174977277 1372.1218874643509 80.228726135348552 33.909905560816696 9.2262085253314599 12.144409178024945 10.56839770128863 34.150920811000105 85.477730445141788
leaf_count=26592 114440 4133 1302 1906 3631 4130 2120 5030
internal_value=-5.78014e-05 0.000553097 -0.000185812 -0.000681539 0.0216526 -0.00366794 -0.00115972 -0.00163752
internal_weight=1722.89 1637.83 1557.6 1523.69 31.939 22.7128 1491.75 1457.6
internal_count=163284 136692 132559 131257 9667 7761 121590 119470
is_linear=0
shrinkage=0.0750466


Tree=198
num_leaves=9
num_cat=0
split_feature=107 25 33 127 33 107 137 140
split_gain=1.99063 3.01517 7.12576 4.32454 4.07146 4.86788 3.28998 6.75754
threshold=12.500000000000002 1.0000000180025095e-35 4895.2500000000009 3893.5000000000005 86604.065000000017 123.50000000000001 1316.4200000000003 3519.0050000000006
decision_type=2 2 2 10 2 2 8 10
left_child=-1 6 -3 4 -4 -6 -2 -8
right_child=1 2 3 -5 5 -7 7 -9
leaf_value=0.0034280164375567902 0.0032836120352015071 0.0058675300912558424 -0.066570495434745275 0.043338974671783555 0.029858135255785772 -0.075329220585250378 -0.016218322467116107 0.0011834856239244672
leaf_weight=601.05618383677211 197.57276236568578 387.94193550259661 15.906358193260536 3.783831344862846 7.0705810804574849 3.8146796900855406 270.66373238353117 234.62192953844715
leaf_count=7521 5719 89554 9913 4434 4190 6462 10548 24943
internal_value=-5.67485e-05 -0.00192458 0.00311842 -0.0317624 -0.0423691 -0.00700419 -0.00492743 -0.00813805
internal_weight=1722.43 1121.38 418.517 30.5755 26.7916 10.8853 702.858 505.286
internal_count=163284 155763 114553 24999 20565 10652 41210 35491
is_linear=0
shrinkage=0.0750466


Tree=199
num_leaves=9
num_cat=0
split_feature=24 94 10 10 112 27 127 24
split_gain=2.04165 7.0463 4.83665 4.57674 5.34468 9.05588 12.8906 3.41041
threshold=8.5000000000000018 1.0000000180025095e-35 -109.73499999999999 1875.5950000000003 164689.20000000004 8.5000000000000018 3001.5000000000005 1.0000000180025095e-35
decision_type=2 2 2 2 10 2 10 2
left_child=7 3 -3 4 -2 6 -6 -1
right_child=1 2 -4 -5 5 -7 -8 -9
leaf_value=-0.0010410423869041175 -0.035981538559455503 0.061552400310233048 -0.011985761218087736 0.056221221510579344 -0.0013511473650572913 -0.039935650719001584 0.13423201109063435 0.0077424772680073648
leaf_weight=1294.9611254261472 56.569362171165267 11.869745316478658 8.7505092188148392 4.4775792779109898 15.006339217374263 16.937089845803712 5.3599320506727954 308.21602638771219
leaf_count=48497 22108 4236 1794 2227 6017 17196 3276 57933
internal_value=-5.62883e-05 -0.00954171 0.0303454 -0.0179045 -0.0214402 0.000611338 0.0343312 0.000647618
internal_weight=1722.15 118.971 20.6203 98.3503 93.8727 37.3034 20.3663 1603.18
internal_count=163284 56854 6030 50824 48597 26489 9293 106430
is_linear=0
shrinkage=0.0750466


Tree=200
num_leaves=9
num_cat=0
split_feature=20 112 28 48 5 74 112 151
split_gain=2.06 4.39745 5.98637 2.38718 4.79689 5.33551 3.7549 3.86589
threshold=198651.37500000003 82344.60000000002 14896.805000000002 1.0000000180025095e-35 51.500000000000007 1213.8100000000002 228031.20000000004 4.5000000000000009
decision_type=2 10 2 2 2 2 10 8
left_child=3 -2 -3 -1 5 -5 7 -6
right_child=1 2 -4 4 6 -7 -8 -9
leaf_value=-0.00050349641285120871 -0.060310684148842518 0.026765886363351695 -0.055334975179316438 -0.041738307271080223 0.011338126474368361 0.0095456459768549443 -0.0045112227904990027 0.051343624952479516
leaf_weight=1562.4168195378279 9.9564623176338483 15.094501221759858 7.4807156130227659 17.120617778891756 25.608180635783356 34.347122314149601 21.372971516355392 29.021759144343378
leaf_count=131770 1976 3136 6994 3717 1954 5783 4972 2982
internal_value=-5.79343e-05 -0.0187635 -0.000439753 0.000302163 0.0101772 -0.00751384 0.0221572 0.0325908
internal_weight=1722.42 32.5317 22.5752 1689.89 127.471 51.4677 76.0029 54.6299
internal_count=163284 12106 10130 151178 19408 9500 9908 4936
is_linear=0
shrinkage=0.0750466


Tree=201
num_leaves=9
num_cat=0
split_feature=10 120 97 115 10 10 146 127
split_gain=1.89277 4.098 3.49509 3.37324 8.08815 4.6257 3.08711 5.04508
threshold=-3005.3049999999998 154836.00000000003 3.5000000000000004 1.0000000180025095e-35 -8004.0899999999992 -5498.3249999999989 1.0000000180025095e-35 3462.5000000000005
decision_type=2 8 2 10 2 2 10 8
left_child=1 -1 -3 5 -5 -4 -2 -8
right_child=6 2 3 4 -6 -7 7 -9
leaf_value=-0.044856627598782339 -0.00027548348555278264 0.024183816068530945 -0.077593621286526651 0.079986249670717963 -0.019773383775856808 -0.0097048999790784411 0.027832159697515277 -0.0090590455320826001
leaf_weight=16.274277281525428 1548.9520051444797 19.204660430939839 8.5339155183137354 6.2510268114929231 17.094058702228722 16.7414495465855 55.989650304389215 33.291839415916911
leaf_count=4298 126036 2434 3098 3250 8229 5283 5894 4762
internal_value=-5.70273e-05 -0.0110373 -0.00292253 -0.0136293 0.00693888 -0.0326267 0.000506649 0.0140759
internal_weight=1722.33 84.0994 67.8251 48.6205 23.3451 25.2754 1638.23 89.2815
internal_count=163284 26592 22294 19860 11479 8381 136692 10656
is_linear=0
shrinkage=0.0750466


Tree=202
num_leaves=9
num_cat=0
split_feature=22 11 118 10 73 80 82 153
split_gain=2.91768 4.48415 4.27744 7.97213 6.12841 5.63685 7.18197 5.42612
threshold=319.2050000000001 52.845000000000006 5692.1350000000011 1.0000000180025095e-35 6.5000000000000009 4.5000000000000009 1.5000000000000002 31829.355000000007
decision_type=2 2 8 2 2 2 2 8
left_child=-1 -2 3 -3 -4 7 -7 -6
right_child=1 2 4 -5 5 6 -8 -9
leaf_value=0.0024149912220869556 -0.016815005788908481 -0.027009579389166004 -0.004316381904738608 0.022219272711152944 0.010926286346596986 -0.025145243937822911 0.060239049064235259 -0.052548211795848947
leaf_weight=1049.9939222563189 123.84221303846425 75.94620304950331 290.85415965194989 24.504324103530962 116.21644769571139 7.0782529120560858 25.666070926276007 8.1145429772950575
leaf_count=39651 6658 24904 38664 5398 34846 1996 9627 1540
internal_value=-5.65556e-05 -0.00391705 -0.00100427 -0.0150005 0.00213446 0.0140794 0.0417818 0.00678358
internal_weight=1722.22 672.222 548.38 100.451 447.929 157.075 32.7443 124.331
internal_count=163284 123633 116975 30302 86673 48009 11623 36386
is_linear=0
shrinkage=0.0750466


Tree=203
num_leaves=9
num_cat=0
split_feature=81 97 148 64 97 72 97 119
split_gain=2.20903 9.88265 7.19018 6.08556 11.5096 13.1665 5.31249 5.11534
threshold=15997.960000000001 36.500000000000007 3.52 1745.0100000000002 20.500000000000004 1708.4500000000003 24.500000000000004 1.0000000180025095e-35
decision_type=2 2 10 2 2 2 2 8
left_child=-1 3 -3 6 7 -6 -2 -5
right_child=1 2 -4 4 5 -7 -8 -9
leaf_value=0.0014952952813037425 -0.015388312596757894 0.0051213778302433904 0.068267815552501748 0.029218629099693885 -0.0075126163858456442 0.11579646182936201 -0.050162101813155967 -0.031418753073886238
leaf_weight=1291.1138925352425 165.96383305506606 164.24030339186902 10.824895657349769 10.535746149307668 9.7567599310859823 9.7507126821728871 29.07840118437889 30.569140694133239
leaf_count=68450 25322 43939 4361 4338 4293 1240 3915 7426
internal_value=-5.72744e-05 -0.00471121 0.00902594 -0.014118 0.00665203 0.0541228 -0.0205727 -0.0158766
internal_weight=1721.83 430.72 175.065 255.655 60.6124 19.5075 195.042 41.1049
internal_count=163284 94834 48300 46534 17297 5533 29237 11764
is_linear=0
shrinkage=0.0750466


Tree=204
num_leaves=9
num_cat=0
split_feature=22 6 6 106 24 33 22 24
split_gain=2.67265 4.27732 4.44706 5.24734 5.12249 4.27211 6.30181 3.57985
threshold=6061.1650000000009 189.50000000000003 131.50000000000003 4721.3250000000007 4.5000000000000009 32887.870000000003 -9370.4499999999989 1.0000000180025095e-35
decision_type=2 2 2 2 2 2 2 2
left_child=5 2 4 -4 -2 7 -7 -1
right_child=1 -3 3 -5 -6 6 -8 -9
leaf_value=0.00086601891646018267 0.0032613293003679283 0.0078270125957412007 -0.02827959795399999 0.034713856320730867 -0.021331843721494066 0.017343230661754288 -0.035442954460711273 0.012046794231604674
leaf_weight=1034.6303248837648 166.66699321257875 108.16440371531098 88.050418377137248 8.1356155263274541 66.824299642516962 18.896304016481736 39.081566542929068 191.06426546019065
leaf_count=20635 20632 30991 21541 5097 29244 4352 10259 20533
internal_value=-5.96331e-05 -0.00512271 -0.00937141 -0.0229515 -0.00377714 0.00166731 -0.0182387 0.00260891
internal_weight=1721.51 437.842 329.677 96.186 233.491 1283.67 57.9779 1225.69
internal_count=163284 107505 76514 26638 49876 55779 14611 41168
is_linear=0
shrinkage=0.0750466


Tree=205
num_leaves=9
num_cat=0
split_feature=50 127 6 23 82 149 82 149
split_gain=2.67764 4.12463 2.2923 4.40011 4.04061 7.12679 3.08968 5.25189
threshold=1.0000000180025095e-35 991.50000000000011 289.50000000000006 1.5000000000000002 6.5000000000000009 4894.5000000000009 4.5000000000000009 5158.5000000000009
decision_type=2 10 2 2 2 8 2 8
left_child=2 -2 4 -4 6 -6 -1 -8
right_child=1 -3 3 -5 5 -7 7 -9
leaf_value=-0.00010085300569340699 0.010639509664413229 -0.045101415078309781 -0.0084980698577670384 0.030329560587101942 -0.037573092490561288 0.02469554629968311 0.033573652392803487 -0.030434271422571019
leaf_weight=1526.8717113301936 12.773341627373158 18.029535223430685 28.486617244416266 38.863305833561753 38.23924438184622 14.194430190138517 34.456549827067647 9.1331793684039422
leaf_count=113684 1577 9458 3427 4299 14543 3798 10325 2173
internal_value=-5.92524e-05 -0.0219868 0.000340353 0.0139069 -0.000222655 -0.0207162 0.000461572 0.0201623
internal_weight=1721.05 30.8029 1690.25 67.3499 1622.9 52.4337 1570.46 43.5897
internal_count=163284 11035 152249 7726 144523 18341 126182 12498
is_linear=0
shrinkage=0.0750466


Tree=206
num_leaves=9
num_cat=0
split_feature=21 22 138 5 142 12 7 120
split_gain=2.32545 3.79708 2.75754 5.47898 6.38089 6.27898 6.38435 6.16836
threshold=1.0000000180025095e-35 -1525.53 1513.9350000000002 67.500000000000014 154836.00000000003 6.5000000000000009 724.37500000000011 105570.00000000001
decision_type=2 2 8 2 8 2 2 10
left_child=1 -1 -2 4 5 -4 -7 -5
right_child=2 -3 3 7 -6 6 -8 -9
leaf_value=0.019244769168154128 0.0030697980853050307 -0.0020556330679996765 -0.00080008953530805182 -0.0026629672403200538 0.0030644322756036798 -0.045859273742217842 -0.010378532379416317 -0.038797109499339587
leaf_weight=87.574626879941206 576.35843037490122 102.07007386318583 155.69739810632018 57.05664599215379 569.69720144781695 45.345505469118507 77.170671727017179 49.856255891481851
leaf_count=870 20498 4931 14887 3277 83508 11351 16685 7277
internal_value=-5.84506e-05 0.00778052 -0.00102935 -0.00350371 -0.00148507 -0.0108011 -0.0235106 -0.0195133
internal_weight=1720.83 189.645 1531.18 954.824 847.911 278.214 122.516 106.913
internal_count=163284 5801 157483 136985 126431 42923 28036 10554
is_linear=0
shrinkage=0.0750466


Tree=207
num_leaves=9
num_cat=0
split_feature=8 127 125 125 83 125 8 127
split_gain=2.87289 7.17939 5.15617 4.27418 3.24522 5.66171 5.58285 6.20122
threshold=-1.0000000180025095e-35 3655.5000000000005 -8696.0399999999991 -1112.6649999999997 37776.215000000004 -2063.0949999999998 33046.075000000004 2528.5000000000005
decision_type=2 10 8 8 2 10 2 10
left_child=1 2 -1 -4 -2 6 7 -6
right_child=4 -3 3 -5 5 -7 -8 -9
leaf_value=-0.02136889888512666 -0.0023088479809086075 -0.029456766230333997 0.047528486123414135 0.012080103935919342 0.0025966947414763617 0.06163618243193885 -0.024000606457693949 0.051250997736758098
leaf_weight=23.248628912784625 1364.7991429020949 26.37127100651378 21.567131492112821 171.40522445955139 53.591376043255877 11.186154892689954 26.779080623698974 20.358043446933152
leaf_count=5968 96611 6638 4568 16110 10311 3856 12212 7010
internal_value=-5.80406e-05 0.00751069 0.0120194 0.0160419 -0.00130142 0.0109842 0.00535912 0.0159911
internal_weight=1719.31 242.592 216.221 192.972 1476.71 111.915 100.729 73.9494
internal_count=163284 33284 26646 20678 130000 33389 29533 17321
is_linear=0
shrinkage=0.0750466


Tree=208
num_leaves=9
num_cat=0
split_feature=21 133 153 109 20 7 138 2
split_gain=1.98631 3.93291 3.24544 4.83443 4.82156 4.71754 4.44064 4.09659
threshold=1.0000000180025095e-35 8.0000000000000018 651.0150000000001 1.0000000180025095e-35 34.560000000000009 2050.3150000000005 6957.295000000001 1.0000000180025095e-35
decision_type=2 10 8 2 2 2 8 2
left_child=-1 2 3 -2 -5 7 -7 -4
right_child=1 -3 5 4 -6 6 -8 -9
leaf_value=0.0071767548124753722 -0.003115085192308833 0.028440768261668543 -0.037789078046031904 0.014195941533111838 -0.0061011001863555108 -0.035678603430980373 0.0044795378852824554 -0.0082761621140546686
leaf_weight=190.09368790008011 467.03392324519154 25.207053752732463 28.440373281948268 243.78733606046444 90.341297244434827 16.444539511750918 272.35278045703853 385.9876881983364
leaf_count=5801 14438 174 237 14770 10558 1290 40134 75882
internal_value=-5.81576e-05 -0.000957292 -0.00144988 0.00181581 0.00870805 -0.00517037 0.00219287 -0.0103015
internal_weight=1719.69 1529.59 1504.39 801.163 334.129 703.225 288.797 414.428
internal_count=163284 157483 157309 39766 25328 117543 41424 76119
is_linear=0
shrinkage=0.0750466


Tree=209
num_leaves=9
num_cat=0
split_feature=39 74 5 18 127 82 153 103
split_gain=2.01425 4.62089 3.58036 3.86805 3.10765 2.75122 4.31652 4.11877
threshold=25863.355000000003 2305.3550000000005 49.500000000000007 13442.075000000003 444.50000000000006 6.5000000000000009 9905.9850000000024 5.5000000000000009
decision_type=2 2 2 2 10 2 8 2
left_child=5 2 4 -4 -2 7 -7 -1
right_child=1 -3 3 -5 -6 6 -8 -9
leaf_value=0.00041928010680301685 0.0016302095516997786 0.031655785200341402 0.031585453436433764 -0.028097873304251831 -0.062741929851656733 -0.030308774198720786 0.018081065123020303 0.027198277611075124
leaf_weight=1576.5037718502135 5.7121776021012947 10.339415862224994 10.069588239246515 15.575372195575254 16.209570382165111 36.868205509517793 14.451787362002504 33.025086350062338
leaf_count=111902 1364 3141 699 5845 7825 13945 4744 13819
internal_value=-5.63733e-05 -0.0138153 -0.0236991 -0.004663 -0.0459684 0.000423335 -0.0166821 0.000968744
internal_weight=1718.75 57.9061 47.5667 25.645 21.9217 1660.85 51.32 1609.53
internal_count=163284 18874 15733 6544 9189 144410 18689 125721
is_linear=0
shrinkage=0.0750466


Tree=210
num_leaves=9
num_cat=0
split_feature=8 149 150 21 134 135 10 149
split_gain=2.60587 4.3169 5.45957 4.11876 4.57628 4.70097 7.47553 2.85104
threshold=-8804.7999999999975 636.50000000000011 953.55500000000018 1.0000000180025095e-35 764666.67500000016 -1355.4999999999998 -3555.6149999999993 489.50000000000006
decision_type=2 8 8 2 8 8 2 8
left_child=1 -1 -3 -4 5 -5 -7 -2
right_child=7 2 3 4 -6 6 -8 -9
leaf_value=0.047430730071506777 -0.0098516074462931796 -0.038555710232089646 0.050807959213679033 -0.014620470753856651 -0.035485713293938542 -0.0075178253997685166 0.070457947766811066 0.00030886784028469338
leaf_weight=15.97356827509793 174.32805986986568 13.661139989540972 13.352925254745058 17.688332339224871 12.577163301797553 12.749400054548458 15.155835313966238 1443.0375438921874
leaf_count=2527 14196 1516 595 3799 1938 3722 2546 132445
internal_value=-5.54347e-05 0.0116297 0.00491637 0.0132196 0.00459131 0.0156467 0.0348322 -0.000786281
internal_weight=1718.52 101.158 85.1848 71.5237 58.1707 45.5936 27.9052 1617.37
internal_count=163284 16643 14116 12600 12005 10067 6268 146641
is_linear=0
shrinkage=0.0750466


Tree=211
num_leaves=9
num_cat=0
split_feature=41 150 109 74 117 150 116 97
split_gain=1.98946 4.59506 1.84515 4.03218 6.58103 4.36893 3.72318 9.6563
threshold=1.0000000180025095e-35 7173.1900000000014 1.0000000180025095e-35 2305.3550000000005 13422.675000000001 953.55500000000018 2777.4150000000004 41.500000000000007
decision_type=2 8 2 2 8 8 10 2
left_child=2 -2 -1 6 5 -5 -4 -8
right_child=1 -3 3 4 -6 -7 7 -9
leaf_value=-0.0019927382329232128 -0.060163275280809329 0.0067409518938461683 0.0026538164261201017 0.039936859104815217 0.053144281552779747 0.0015765196624928008 -0.033305767393154669 0.019565027203340107
leaf_weight=932.29028068574007 10.047228486859238 13.61774629921638 532.14644032890101 19.885316247738956 20.93518905727251 105.0925183096424 54.131518359003167 30.371092836716343
leaf_count=44613 1639 4140 65239 1352 1493 18215 15110 11483
internal_value=-5.50047e-05 -0.021664 0.000246718 0.00298462 0.0142031 0.00768006 0.000330072 -0.0143035
internal_weight=1718.52 23.665 1694.85 762.562 145.913 124.978 616.649 84.5026
internal_count=163284 5779 157505 112892 21060 19567 91832 26593
is_linear=0
shrinkage=0.0750466


Tree=212
num_leaves=9
num_cat=0
split_feature=39 150 23 2 107 116 150 150
split_gain=1.77414 3.75999 3.04053 1.85771 5.00056 3.17615 3.13315 4.2533
threshold=313319.83000000002 29747.050000000003 1.5000000000000002 1.0000000180025095e-35 12.500000000000002 45741.250000000007 4363.6450000000013 20211.775000000005
decision_type=2 8 2 2 2 10 10 10
left_child=3 2 -2 -1 -5 -6 -7 -8
right_child=1 -3 -4 4 5 6 7 -9
leaf_value=-0.0058132993447714588 0.028573962080907404 -0.051442591440667935 -0.034446114467647948 0.0089877405598085425 -0.00056676670271635853 -0.052542590530873248 0.041852648589955799 -0.035955805063650377
leaf_weight=242.5590633302927 10.747371103821935 11.661669605227873 7.2005422378351787 357.299013773154 1059.6455440992277 13.289065360710085 6.8000343728381294 9.4627530073448707
leaf_count=2137 4555 3727 2761 5305 136378 1427 2258 4736
internal_value=-5.47256e-05 -0.0182658 0.00329087 0.000264519 0.00128369 -0.00124354 -0.0255105 -0.0034214
internal_weight=1718.67 29.6096 17.9479 1689.06 1446.5 1089.2 29.5519 16.2628
internal_count=163284 11043 7316 152241 150104 144799 8421 6994
is_linear=0
shrinkage=0.0750466


Tree=213
num_leaves=9
num_cat=0
split_feature=50 72 7 99 6 28 97 82
split_gain=2.3138 3.64899 6.04113 2.19128 2.2282 4.84189 4.97044 3.81918
threshold=1.0000000180025095e-35 1624.8900000000001 278.72500000000008 2.5000000000000004 289.50000000000006 2982.1750000000006 36.500000000000007 6.5000000000000009
decision_type=2 2 2 2 2 2 2 2
left_child=3 2 -2 4 7 -6 -7 -1
right_child=1 -3 -4 -5 5 6 -8 -9
leaf_value=5.5176130633087628e-05 -0.058568344949256113 -0.040591583633130222 0.056383215271268043 0.020662607017949995 0.032136487359780704 -0.034649440610443803 0.026417075740150071 -0.021003165279573348
leaf_weight=1542.2271174319249 4.0976907221793244 19.03417105022163 6.9283686885673887 29.288687246254995 35.853433626543847 17.520704648995892 13.133941402971685 50.079649976651126
leaf_count=125539 2245 4265 4525 801 978 2721 3953 18257
internal_value=-5.32276e-05 -0.0206911 0.013663 0.000314273 -4.50056e-05 0.0134131 -0.00848557 -0.00060713
internal_weight=1718.16 30.0602 11.0261 1688.1 1658.81 66.5081 30.6546 1592.31
internal_count=163284 11035 6770 152249 151448 7652 6674 143796
is_linear=0
shrinkage=0.0750466


Tree=214
num_leaves=9
num_cat=0
split_feature=0 12 116 20 6 12 55 6
split_gain=2.06193 5.23536 7.57117 5.45463 2.70832 3.12882 3.63497 10.8033
threshold=15842220.000000002 6.5000000000000009 1077.6100000000004 104.79500000000002 266.50000000000006 5.5000000000000009 1.0000000180025095e-35 189.50000000000003
decision_type=2 2 8 2 2 2 2 2
left_child=1 -1 3 -3 5 -2 -7 -8
right_child=4 2 -4 -5 -6 6 7 -9
leaf_value=0.007058366597048533 -0.0058818612644207166 -0.024514407709615327 -0.064272711116934764 0.027699724010164649 0.021491503977724171 0.0042637263738401938 -0.012734841855250451 0.02871544424770461
leaf_weight=61.176425964324153 361.08117745291383 36.559960659513308 18.439233079729092 16.288307187147439 34.514941366092899 933.95394397913697 212.89479707676037 42.478957705028733
leaf_count=2497 6629 3596 6016 4220 4900 70328 52245 12853
internal_value=-5.22333e-05 -0.00904698 -0.022868 -0.00842155 0.000699525 0.000236657 0.00209425 -0.00583999
internal_weight=1717.39 132.464 71.2875 52.8483 1584.92 1550.41 1189.33 255.374
internal_count=163284 16329 13832 7816 146955 142055 135426 65098
is_linear=0
shrinkage=0.0750466


Tree=215
num_leaves=9
num_cat=0
split_feature=73 134 104 39 150 6 73 6
split_gain=1.75268 7.64737 5.2958 6.77039 6.26562 7.00568 5.2749 4.93251
threshold=9.5000000000000018 57007.80000000001 2404.6500000000005 82168.650000000009 56366.985000000008 85.500000000000014 6.5000000000000009 266.50000000000006
decision_type=2 10 2 2 8 2 2 2
left_child=6 -2 -3 4 5 -4 -1 -8
right_child=1 2 3 -5 -6 -7 7 -9
leaf_value=-0.00092462426275569077 -0.049069166154563963 -0.0087571115510210601 0.055295451864405799 0.11560711784729127 0.096966480918086614 -0.020405546789121064 0.015497878305295101 -0.027520473456151998
leaf_weight=1314.3495954468108 21.38404475212883 136.37953558215304 9.6266263726502057 3.9210731126768215 4.3371243994861279 24.176097853629472 187.43435766791026 16.318353839858901
leaf_count=71929 2774 31375 4296 3201 2880 14490 29278 3061
internal_value=-5.25516e-05 -0.00665957 -0.00157727 0.0217028 0.0120488 0.00115323 0.000817117 0.0120526
internal_weight=1717.93 199.825 178.44 42.0609 38.1398 33.8027 1518.1 203.753
internal_count=163284 59016 56242 24867 21666 18786 104268 32339
is_linear=0
shrinkage=0.0750466


Tree=216
num_leaves=9
num_cat=0
split_feature=11 72 48 81 11 20 20 127
split_gain=1.81377 2.4088 2.35947 3.95231 4.24415 2.54553 5.59775 2.1468
threshold=-1.0000000180025095e-35 1.0000000180025095e-35 1.0000000180025095e-35 1.0000000180025095e-35 136.92000000000004 203.56500000000003 1.0000000180025095e-35 1922.5000000000002
decision_type=2 2 2 2 2 2 2 10
left_child=1 -1 -2 4 -4 6 -5 -7
right_child=2 -3 3 5 -6 7 -8 -9
leaf_value=0.0040786093913244325 -0.0004442577963009987 -0.029450827322967058 0.0071447707677489867 -0.010741629712482874 0.046688244375933489 0.0072474753286402363 0.046481734022654986 -0.048366866920960407
leaf_weight=21.985603987486684 1543.1232417187157 26.749140083047678 36.882529210386565 32.820848686449608 26.106272067918326 6.1661729990410121 13.624509165540074 10.679590634086706
leaf_count=4230 137188 1435 957 4925 4488 1731 2995 5335
internal_value=-5.37749e-05 -0.0143248 0.000362837 0.0102254 0.0235339 -0.0030195 0.00604455 -0.02801
internal_weight=1718.14 48.7347 1669.4 126.28 62.9888 63.2911 46.4454 16.8458
internal_count=163284 5665 157619 20431 5445 14986 7920 7066
is_linear=0
shrinkage=0.0750466


Tree=217
num_leaves=9
num_cat=0
split_feature=64 131 129 150 151 80 58 64
split_gain=1.89067 4.13724 2.7274 3.77079 7.75702 3.93052 3.50963 3.07801
threshold=13076.395000000002 3067.3950000000009 2.5000000000000004 1376.0350000000003 3.5000000000000004 7.5000000000000009 1545.3650000000002 29265.620000000006
decision_type=2 10 8 10 10 2 2 2
left_child=-1 2 7 -4 -5 6 -6 -2
right_child=1 -3 3 4 5 -7 -8 -9
leaf_value=0.0005442590180735064 -0.070303025293487267 0.046086020123985001 -0.025815448385470573 0.06084718658356536 0.031617692838936437 0.051313211346883485 -0.046114607148030833 -0.0084025636578367643
leaf_weight=1624.8608395911979 9.4705073927470966 6.7647316965631026 33.839200529891968 11.180986602936171 4.172510532600433 4.1325398303742977 15.145644591686503 8.6624094995622709
leaf_count=128691 4016 4314 5453 3352 2087 2185 8843 4343
internal_value=-5.24878e-05 -0.0104375 -0.0148526 -0.00799901 0.00940974 -0.015115 -0.0293253 -0.0407321
internal_weight=1718.23 93.3685 86.6038 68.4709 34.6317 23.4507 19.3182 18.1329
internal_count=163284 34593 30279 21920 16467 13115 10930 8359
is_linear=0
shrinkage=0.0750466


Tree=218
num_leaves=9
num_cat=0
split_feature=8 73 73 106 125 20 151 137
split_gain=2.49797 6.4766 5.28962 5.94931 6.22813 6.0731 10.6383 9.02148
threshold=9683.5850000000009 1.0000000180025095e-35 2.5000000000000004 3577.6500000000005 -4536.1249999999991 3581.3600000000001 1.5000000000000002 15235.610000000002
decision_type=2 2 2 2 8 2 10 8
left_child=2 -2 -1 4 -4 -6 -7 -8
right_child=1 -3 3 -5 5 6 7 -9
leaf_value=-0.0039165385781670132 0.026164561720160653 -0.0044306612438475314 -0.012199132447191556 -0.022902492632402405 0.010145336571576217 -0.0076780961840583421 0.10998725549223647 0.026646997669763778
leaf_weight=377.36108399114892 40.945688026811695 806.531393772304 61.193269327417511 32.979170450707898 352.41680602085398 17.314108300422959 14.023126879015761 15.292900338696201
leaf_count=9692 1142 90760 13621 13535 25698 1918 1681 5237
internal_value=-5.2139e-05 -0.00295246 0.00277121 0.007888 0.0100943 0.013513 0.0389648 0.0665123
internal_weight=1718.06 847.477 870.58 493.219 460.24 399.047 46.6301 29.316
internal_count=163284 91902 71382 61690 48155 34534 8836 6918
is_linear=0
shrinkage=0.0750466


Tree=219
num_leaves=9
num_cat=0
split_feature=8 127 125 125 138 58 58 74
split_gain=2.26312 6.06933 3.90678 3.73234 3.53965 3.03952 8.93656 4.80823
threshold=-1.0000000180025095e-35 3655.5000000000005 -8696.0399999999991 -1112.6649999999997 26813.160000000003 232.54500000000004 5237.2400000000007 117.34500000000001
decision_type=2 10 8 8 8 2 2 2
left_child=1 2 -1 -4 -3 7 -7 -5
right_child=-2 4 3 5 -6 6 -8 -9
leaf_value=-0.01906298016760205 -0.0011629221064885864 -0.0017696498172745071 0.042939703379485397 0.0190964033984319 -0.057735686685965903 0.047242776801242586 -0.0082546187559679515 -0.01262756500179135
leaf_weight=22.341958529155818 1473.621098540304 13.595435780753176 22.3314059736731 51.659423549470375 11.966796461611013 37.380754790632636 29.033573275959498 56.157799516116938
leaf_count=5968 130000 1617 4568 2342 5021 4328 4105 5335
internal_value=-5.35449e-05 0.00663366 0.0106744 0.0140545 -0.0279698 0.0103522 0.0229816 0.00257262
internal_weight=1718.09 244.467 218.905 196.563 25.5622 174.232 66.4143 107.817
internal_count=163284 33284 26646 20678 6638 16110 8433 7677
is_linear=0
shrinkage=0.0750466


Tree=220
num_leaves=9
num_cat=0
split_feature=5 5 99 28 23 110 72 118
split_gain=1.63362 5.30419 4.45278 3.84827 3.46533 4.48096 4.97808 3.22814
threshold=67.500000000000014 63.500000000000007 1.5000000000000002 1395.8750000000002 2.5000000000000004 1.0000000180025095e-35 387.90500000000003 6499.9550000000008
decision_type=2 2 2 2 2 8 2 10
left_child=1 2 4 -3 7 6 -6 -1
right_child=-2 3 -4 -5 5 -7 -8 -9
leaf_value=-0.00087915343333958983 -0.0068188297375464122 0.029495167643006498 0.026330992065714875 0.00055016863852905273 0.0013216233920332653 0.017236608922614905 -0.040108912781373185 0.018723043081965977
leaf_weight=1261.8023401436012 179.96182920346473 59.854052991460776 34.114401779399486 45.560214587003429 26.393813247379512 18.525309488344647 42.852576451336063 49.159068350758389
leaf_count=113631 12705 1435 1406 6218 7021 698 3383 16787
internal_value=-5.34718e-05 0.00073801 -0.000457284 0.0169851 -0.00111064 -0.0155469 -0.0243173 -0.000144101
internal_weight=1718.22 1538.26 1432.85 105.414 1398.73 87.7717 69.2464 1310.96
internal_count=163284 150579 142926 7653 141520 11102 10404 130418
is_linear=0
shrinkage=0.0750466


Tree=221
num_leaves=9
num_cat=0
split_feature=96 134 97 140 64 81 6 81
split_gain=1.67159 5.08257 5.81984 4.74908 3.43759 3.54918 8.4301 4.94568
threshold=1.0000000180025095e-35 80233.200000000012 5.5000000000000009 1.0000000180025095e-35 476.68500000000006 15997.960000000001 61.500000000000007 1920.7850000000001
decision_type=2 8 2 8 2 2 2 2
left_child=4 2 -2 -4 5 7 -7 -1
right_child=1 -3 3 -5 -6 6 -8 -9
leaf_value=-0.0020852090692475675 0.043233517985924036 -0.00034285486123081027 -0.021848842277278579 0.014874659631159859 -0.0229344996665291 0.013060051075038274 -0.040198653377241371 0.017555285454184142
leaf_weight=607.14692598341207 31.833369911189948 765.18845786420025 25.155988587750471 93.723342665980454 44.051804748771247 29.025660506762506 39.540230986036477 81.954380011073226
leaf_count=15445 1733 104749 1979 11843 11460 4496 7510 4069
internal_value=-5.21627e-05 0.00213821 0.0147349 0.00710362 -0.0025545 -0.00136958 -0.0176529 0.000250622
internal_weight=1717.62 915.901 150.713 118.879 801.719 757.667 68.5659 689.101
internal_count=163284 120304 15555 13822 42980 31520 12006 19514
is_linear=0
shrinkage=0.0750466


Tree=222
num_leaves=9
num_cat=0
split_feature=8 153 127 115 12 116 48 5
split_gain=2.11602 3.50795 3.27461 3.8906 3.00033 3.29258 1.88347 4.5975
threshold=-8804.7999999999975 12251.985000000002 510.50000000000006 2296.6450000000004 5.5000000000000009 22765.300000000003 1.0000000180025095e-35 51.500000000000007
decision_type=2 10 8 8 2 8 2 2
left_child=1 2 -1 -4 -5 -6 -2 -8
right_child=6 -3 3 4 5 -7 7 -9
leaf_value=0.044525635985680108 -0.001457064357784937 -0.017736514596110708 -0.013460889276379904 -0.00074050979483860876 0.011260903367449809 0.06953752874043255 -0.0098747629236906522 0.01964062984439233
leaf_weight=19.075626954792824 1490.2353850861027 20.045129187157727 25.675056099651556 15.568921583122572 10.239662976629917 11.698122869296638 48.710930142378857 76.247249307281891
leaf_count=2646 126982 4848 3741 496 2927 1985 9268 10391
internal_value=-5.20418e-05 0.0104147 0.0172748 0.00904736 0.0244553 0.0423364 -0.000714982 0.008135
internal_weight=1717.5 102.303 82.2574 63.1818 37.5067 21.9378 1615.19 124.958
internal_count=163284 16643 11795 9149 5408 4912 146641 19659
is_linear=0
shrinkage=0.0750466


Tree=223
num_leaves=9
num_cat=0
split_feature=22 18 5 82 32 140 71 5
split_gain=1.97688 5.0118 11.01 12.2907 4.77603 9.20001 9.49696 7.13914
threshold=319.2050000000001 4482.5900000000011 40.500000000000007 1.0000000180025095e-35 1.0000000180025095e-35 8303.6200000000008 1.0000000180025095e-35 51.500000000000007
decision_type=2 2 2 2 2 10 2 2
left_child=1 -1 -3 -4 -2 6 7 -6
right_child=4 2 3 -5 5 -7 -8 -9
leaf_value=0.00054259872371291852 -0.0048812166217579714 -0.015368782747750267 0.011063363345669012 0.090196888980116172 -0.039690012713897257 -0.04853053790679359 0.079034698716851523 0.064632005643831092
leaf_weight=977.15541148486955 624.74266005819845 29.084423175507254 26.784786374213581 18.82151130308921 10.18685024663864 8.4005505964987588 16.731074374878517 5.7968659001562619
leaf_count=26143 102115 5942 3709 3857 6543 10653 2536 1786
internal_value=-5.08368e-05 0.0019748 0.0207118 0.0437214 -0.0032507 0.0215248 0.0395137 -0.00185521
internal_weight=1717.7 1051.85 74.6907 45.6063 665.858 41.1153 32.7148 15.9837
internal_count=163284 39651 13508 7566 123633 21518 10865 8329
is_linear=0
shrinkage=0.0750466


Tree=224
num_leaves=9
num_cat=0
split_feature=50 72 27 57 46 116 72 23
split_gain=1.97356 3.23412 3.88846 3.08217 1.67957 6.27653 3.26992 5.80295
threshold=1.0000000180025095e-35 1624.8900000000001 1.0000000180025095e-35 3.5000000000000004 1.0000000180025095e-35 1.0000000180025095e-35 1.0000000180025095e-35 1.5000000000000002
decision_type=2 2 2 2 2 8 2 2
left_child=4 2 -2 -4 -1 6 7 -6
right_child=1 -3 3 -5 5 -7 -8 -9
leaf_value=0.00085597033128914949 0.055260712562301743 -0.038791671388639822 -0.075786174453873062 0.043218421100188309 -0.050259347643184876 -0.030162998373407485 0.022841894741748948 0.039359759227253592
leaf_weight=1594.3261350982248 5.7740689560305345 18.241324876320505 3.4521233435807517 1.9005242581870332 11.096475344904322 43.933858479753326 32.423978198246914 6.4255004740916766
leaf_count=134493 453 4265 3050 3267 3915 9439 2039 2363
internal_value=-5.39536e-05 -0.0193414 0.0125458 -0.0335321 0.00028157 -0.00947325 0.00872602 -0.017395
internal_weight=1717.57 29.368 11.1267 5.35265 1688.21 93.8798 49.946 17.522
internal_count=163284 11035 6770 6317 152249 17756 8317 6278
is_linear=0
shrinkage=0.0750466


Tree=225
num_leaves=9
num_cat=0
split_feature=8 123 113 22 84 16 9 8
split_gain=1.98339 5.1631 4.76906 4.46161 7.30881 8.94142 4.90285 4.028
threshold=9683.5850000000009 19.500000000000004 -2054.4999999999995 -9370.4499999999989 1.0000000180025095e-35 1.0000000180025095e-35 1.0000000180025095e-35 51557.755000000012
decision_type=2 10 8 2 2 2 2 2
left_child=2 3 -1 -2 6 7 -5 -6
right_child=1 -3 -4 4 5 -7 -8 -9
leaf_value=-0.019435425856124438 0.0082043885895571652 -0.032992002706115957 0.0038596513643403543 0.018436717673476079 0.013659412274016748 -0.059321371840889481 -0.010377768605989112 0.056524540915789533
leaf_weight=52.672743113085744 200.56106708285006 30.440262138514299 820.54443747474579 35.76179343491458 79.12612688052468 8.6673535856589279 474.90584251919609 14.629149743395827
leaf_count=6795 5952 4608 64587 1841 28425 3391 39788 7897
internal_value=-5.3034e-05 -0.00264708 0.00245448 -0.00151181 -0.00469029 0.013606 -0.0083599 0.0203479
internal_weight=1717.31 844.092 873.217 813.651 613.09 102.423 510.668 93.7553
internal_count=163284 91902 71382 87294 81342 39713 41629 36322
is_linear=0
shrinkage=0.0750466


Tree=226
num_leaves=9
num_cat=0
split_feature=125 145 140 146 9 73 140 38
split_gain=1.72892 4.26419 4.39505 2.14304 6.99544 2.35942 2.1665 3.37879
threshold=-28173.074999999993 5.5000000000000009 12306.960000000001 1.0000000180025095e-35 2120.0400000000004 7.5000000000000009 3519.0050000000006 1.0000000180025095e-35
decision_type=8 8 8 10 2 2 8 2
left_child=1 2 -1 6 5 -5 -2 -8
right_child=3 -3 -4 4 -6 -7 7 -9
leaf_value=0.039606286623803562 -0.0046739555599308712 -0.055551385909150701 -0.02940235836584491 -0.012291122439330119 0.041081350454608694 0.018219517647438857 0.0021797993667657372 -0.020533678391972572
leaf_weight=9.6436198020528554 467.78608793264721 10.858910624438066 11.274685551126824 44.778042470465152 30.176023531297687 20.954650958417915 1082.9060542719226 38.186123598157792
leaf_count=1899 38558 3566 5005 3631 3593 4870 88997 13165
internal_value=-5.34171e-05 -0.0173955 0.00241155 0.000273677 0.0111677 -0.00256476 -0.000383916 0.00140614
internal_weight=1716.56 31.7772 20.9183 1684.79 95.9087 65.7327 1588.88 1121.09
internal_count=163284 10470 6904 152814 12094 8501 140720 102162
is_linear=0
shrinkage=0.0750466


Tree=227
num_leaves=9
num_cat=0
split_feature=148 5 7 6 146 6 7 5
split_gain=1.86843 2.87919 2.2793 12.1961 6.65428 9.22439 7.69304 6.55552
threshold=5.9250000000000007 43.500000000000007 1655.0800000000002 20.500000000000004 1.0000000180025095e-35 76.500000000000014 2527.4600000000005 32.500000000000007
decision_type=10 2 2 2 10 2 2 2
left_child=2 -2 -1 -4 5 6 -5 -7
right_child=1 -3 3 4 -6 7 -8 -9
leaf_value=-0.0032465602840898115 0.043268200112126488 -0.0046017246739955223 -0.026449791983529588 0.024340851509565959 0.033777769982798328 0.031520460287307608 0.00041327156562515099 -0.0057287440591752411
leaf_weight=809.2812842934909 13.997518927390049 14.311162034340667 76.049510766712046 166.47854825230388 42.824252815955333 28.38142038895603 138.74749872400207 426.17929642960007
leaf_count=91511 3501 4285 2555 4637 5537 1809 8582 40867
internal_value=-5.2371e-05 0.0190681 -0.000373042 0.00227358 0.0049952 0.00337291 0.013464 -0.00340301
internal_weight=1716.25 28.3087 1687.94 878.661 802.611 759.787 305.226 454.561
internal_count=163284 7786 155498 63987 61432 55895 13219 42676
is_linear=0
shrinkage=0.0750466


Tree=228
num_leaves=9
num_cat=0
split_feature=22 140 97 97 104 7 22 5
split_gain=1.79013 4.71104 5.37633 2.5926 6.89269 5.10017 2.86543 2.0862
threshold=409658.84500000003 7173.1900000000014 17.500000000000004 147.50000000000003 11788.650000000001 2282.7150000000006 6061.1650000000009 43.500000000000007
decision_type=2 10 2 2 2 2 2 2
left_child=3 2 -2 7 5 6 -5 -1
right_child=1 -3 -4 4 -6 -7 -8 -9
leaf_value=0.0028747616450406884 -0.031908140941453618 -0.06044481243118343 0.041950594920807341 0.0079648861414025902 0.078253649096436659 0.047141957745440083 -0.046638283090444058 -0.0025206502736493039
leaf_weight=713.18245675973594 12.246417719012245 9.970765842630497 10.15201345483001 11.573761508130707 8.6953036805698485 10.019986310162492 10.168008653621653 929.85934531294879
leaf_count=62793 2224 10122 3779 1387 4130 2533 4045 72271
internal_value=-5.26922e-05 -0.0175339 0.00156808 0.000283425 0.0190515 0.00284389 -0.0175715 -0.000178706
internal_weight=1715.87 32.3692 22.3984 1683.5 40.4571 31.7618 21.7418 1643.04
internal_count=163284 16125 6003 147159 12095 7965 5432 135064
is_linear=0
shrinkage=0.0750466


Tree=229
num_leaves=9
num_cat=0
split_feature=95 81 116 147 6 5 150 57
split_gain=1.83727 2.07172 6.12985 5.8163 5.15358 16.8787 4.4474 3.69717
threshold=5.5000000000000009 166963.90500000003 45741.250000000007 -15710.014999999998 171.50000000000003 47.500000000000007 7173.1900000000014 6.5000000000000009
decision_type=2 2 8 10 2 2 10 2
left_child=1 7 3 4 6 -6 -3 -1
right_child=-2 2 -4 -5 5 -7 -8 -9
leaf_value=-0.00054243145761996754 0.014926032936748575 0.032692675325015248 -0.058404661252830621 -0.045297800776397501 0.21672120459768562 -0.013908587609084614 -0.037588969119143771 0.022772689070372294
leaf_weight=1578.6255744581194 44.914169304494862 10.431003038313067 13.642533367228678 11.368918175105138 2.8216602438551481 4.8747759584493906 9.8681545850731691 39.257576363155749
leaf_count=125297 3369 2272 3899 3901 2070 4105 6787 11584
internal_value=-5.23858e-05 -0.000455011 -0.0150542 -3.02555e-05 0.0183527 0.0706447 -0.00147377 2.33048e-05
internal_weight=1715.8 1670.89 53.007 39.3645 27.9956 7.69644 20.2992 1617.88
internal_count=163284 159915 23034 19135 15234 6175 9059 136881
is_linear=0
shrinkage=0.0750466


Tree=230
num_leaves=9
num_cat=0
split_feature=7 107 107 135 18 107 20 82
split_gain=1.71614 6.50887 8.34711 3.9265 3.67137 8.11072 8.18358 2.62459
threshold=5005.1550000000016 12.500000000000002 38.500000000000007 -683.49999999999989 7623.4400000000005 195.50000000000003 836.7600000000001 6.5000000000000009
decision_type=2 2 2 10 2 2 2 2
left_child=7 -2 -3 4 -4 6 -6 -1
right_child=1 2 3 -5 5 -7 -8 -9
leaf_value=-0.00020242517709424896 0.031864230859520337 -0.036365165466080651 -0.00071988981413969146 -0.036509660816136262 0.058968451551387184 0.12962480500660797 -0.039446485564607357 -0.018530142003250913
leaf_weight=1543.5988979258454 43.536303323227912 29.102903696839348 21.995832107095339 7.6210284118023983 12.168222640524624 4.7452265066058308 7.814772887792059 45.296723164103241
leaf_count=125218 706 1413 2777 4120 4242 3390 4148 17270
internal_value=-5.39664e-05 0.00834133 -0.00393098 0.0134382 0.021585 0.0414253 0.0204812 -0.000724917
internal_weight=1715.88 126.984 83.448 54.3451 46.7241 24.7282 19.983 1588.9
internal_count=163284 20796 20090 18677 14557 11780 8390 142488
is_linear=0
shrinkage=0.0750466


Tree=231
num_leaves=9
num_cat=0
split_feature=8 5 5 106 0 9 8 0
split_gain=1.85029 4.97636 4.70085 4.3907 10.3759 7.64599 8.35301 5.38895
threshold=9683.5850000000009 69.500000000000014 76.500000000000014 2381.1900000000005 42644405.000000007 740.52500000000009 23206.245000000003 15842220.000000002
decision_type=2 2 2 2 2 2 2 2
left_child=1 -1 3 7 5 -5 -7 -2
right_child=2 -3 -4 4 -6 6 -8 -9
leaf_value=0.00386690880933196 -0.024991248298517545 -0.019018660422611227 0.027520499637008731 0.12064352637556025 -0.028704077371641965 0.087947264631394656 -0.028072846990745838 -0.0028429806466709838
leaf_weight=815.98093786704521 67.761752264254028 57.267406604078133 28.269734988854907 6.8568154841814275 13.509116256351261 6.3465821744830446 7.7782392547524069 711.69358212676252
leaf_count=69229 9511 2153 2368 3745 5188 2200 4379 64511
internal_value=-5.44105e-05 0.00236608 -0.00256409 -0.00360897 0.0225936 0.0556219 0.0240575 -0.00476843
internal_weight=1715.46 873.248 842.216 813.946 34.4908 20.9816 14.1248 779.455
internal_count=163284 71382 91902 89534 15512 10324 6579 74022
is_linear=0
shrinkage=0.0750466


Tree=232
num_leaves=9
num_cat=0
split_feature=10 128 151 128 142 150 151 135
split_gain=1.67636 2.81552 3.63412 3.59183 4.56167 5.57293 4.31082 2.37057
threshold=-3005.3049999999998 927.0150000000001 4.5000000000000009 11457.295000000002 400242.26000000007 25962.100000000002 25.500000000000004 -348.99999999999994
decision_type=2 8 8 8 8 8 8 10
left_child=1 -1 -3 -4 5 -5 -6 -2
right_child=7 2 3 4 6 -7 -8 -9
leaf_value=0.015732141494730362 0.0011399566496334192 -0.042809070255905697 -0.054411560336409565 0.077855049294784567 -0.054060841815741528 -0.010954051096136258 0.015368211923569313 -0.011781547828272863
leaf_weight=18.059380374139437 1548.5987503606302 21.713621718918148 6.984691123931043 8.133216427471778 10.072208309926284 7.7921393565120516 10.074242374759704 84.316403347804226
leaf_count=5873 127779 5018 3736 2098 5203 2479 2185 8913
internal_value=-5.55735e-05 -0.010471 -0.017777 -0.00515324 0.0043848 0.0344015 -0.0193428 0.000472748
internal_weight=1715.74 82.8295 64.7701 43.0565 36.0718 15.9254 20.1465 1632.92
internal_count=163284 26592 20719 15701 11965 4577 7388 136692
is_linear=0
shrinkage=0.0750466


Tree=233
num_leaves=9
num_cat=0
split_feature=27 0 5 0 0 27 140 20
split_gain=1.69271 6.6878 5.84009 5.61306 5.32412 4.58813 5.54773 5.0946
threshold=2.5000000000000004 49848695.500000007 32.500000000000007 44238857.000000007 70230055.500000015 13.500000000000002 17914.180000000004 8.2250000000000014
decision_type=2 2 2 2 2 2 10 2
left_child=-1 2 3 -2 5 7 -7 -3
right_child=1 4 -4 -5 -6 6 -8 -9
leaf_value=0.0016256387898114354 0.076007949469585973 -0.040805171099761652 -0.00099808220436240977 0.0064094745237522422 0.025573184955211152 0.032569499443661755 -0.030745606106663763 -0.0010086314686302581
leaf_weight=1137.5344765617829 11.095683308223672 71.099958858081663 409.85537844297232 15.847168148429772 14.462180599166457 16.393060991005772 14.858453410157379 24.311508168295404
leaf_count=39151 2200 8373 92946 3511 2835 3962 4522 5784
internal_value=-5.46552e-05 -0.003362 0.0012268 0.0350717 -0.0175648 -0.0224903 0.00246649 -0.0306647
internal_weight=1715.46 577.923 436.798 26.9429 141.125 126.663 31.2515 95.4115
internal_count=163284 124133 98657 5711 25476 22641 8484 14157
is_linear=0
shrinkage=0.0750466


Tree=234
num_leaves=9
num_cat=0
split_feature=8 138 120 138 27 39 80 120
split_gain=1.80285 2.85387 4.46908 3.62436 2.80967 2.26902 4.33654 5.45793
threshold=-8804.7999999999975 36105.985000000008 211140.00000000003 15804.530000000002 23.500000000000004 58697.880000000012 1.0000000180025095e-35 182988.00000000003
decision_type=2 10 10 10 2 2 2 8
left_child=1 3 -3 -1 -4 -2 -7 -8
right_child=5 2 4 -5 -6 6 7 -9
leaf_value=0.0052010888525622504 -0.00017994515925984708 -0.043340243023984433 -0.013118991089194938 0.040908972076993309 0.041188200248108146 -0.042126001190315045 -0.04334478063727347 0.028516879462520264
leaf_weight=43.335564523564244 1564.6249980395414 12.744293243129503 11.267609574355449 25.387752917580656 10.242853466308587 21.158368776697898 9.1246228284726403 17.12189824140296
leaf_count=2569 130613 2864 2791 4345 4074 4053 3563 8412
internal_value=-5.5045e-05 0.00957197 -0.00812371 0.0183923 0.012741 -0.000670028 -0.0168455 0.00353412
internal_weight=1715.01 102.978 34.2548 68.7233 21.5105 1612.03 47.4049 26.2465
internal_count=163284 16643 9729 6914 6865 146641 16028 11975
is_linear=0
shrinkage=0.0750466


Tree=235
num_leaves=9
num_cat=0
split_feature=96 22 28 133 58 123 22 9
split_gain=1.57466 4.80685 6.82506 7.8775 5.23837 4.87577 4.87443 4.52749
threshold=1.0000000180025095e-35 1417.5900000000004 1395.8750000000002 6.5000000000000009 1.0000000180025095e-35 5.5000000000000009 -5649.0549999999994 -1.0000000180025095e-35
decision_type=2 2 2 8 2 8 2 2
left_child=-1 2 3 -2 -3 6 -4 -6
right_child=1 4 5 -5 7 -7 -8 -9
leaf_value=-0.0024876179759669875 0.026786428139145092 -0.013051425375186311 -0.017416851239998164 0.00029851444569604251 0.039956835606240623 -0.017907659615994963 0.011720078350521019 0.00072041484500268312
leaf_weight=799.46988648426122 148.10929972321901 191.60305517168308 42.271958227738651 110.34653939993586 18.122056870251981 74.979211707926879 137.58672319254401 192.52988719789937
leaf_count=42980 3035 27644 6350 2221 2361 5862 10279 62552
internal_value=-5.41262e-05 0.00207083 0.00688463 0.0154775 -0.00407177 -0.00183026 0.00487206 0.00409586
internal_weight=1715.02 915.549 513.294 258.456 402.255 254.838 179.859 210.652
internal_count=163284 120304 27747 5256 92557 22491 16629 64913
is_linear=0
shrinkage=0.0750466


Tree=236
num_leaves=9
num_cat=0
split_feature=112 83 64 137 6 6 11 112
split_gain=1.8198 3.85114 8.63818 7.40525 9.03439 8.08855 3.12994 3.74173
threshold=720815.33500000008 1.0000000180025095e-35 16914.280000000002 8892.4500000000025 198.50000000000003 115.50000000000001 -1.0000000180025095e-35 228031.20000000004
decision_type=10 2 2 8 2 2 2 10
left_child=6 -2 3 -3 5 -5 -1 -8
right_child=1 2 -4 4 -6 -7 7 -9
leaf_value=-0.021215417936538784 -0.0010799159436335711 -0.00042323283885733944 -0.043636265373123838 0.11052257021466777 0.16844254127937411 -0.014403883438999501 0.0015498277913995537 -0.008120463568949899
leaf_weight=40.625928471330553 61.990889744040032 10.138728480502323 7.0093240393816805 5.6236612566372077 4.7468552281989096 6.0690112965567096 1306.0820225925381 272.33711651620251
leaf_count=4670 4845 996 5832 2020 2737 3187 102025 36972
internal_value=-5.40047e-05 0.0100085 0.0304739 0.0500185 0.0811274 0.0456802 -0.000648035 -0.000118664
internal_weight=1714.62 95.5785 33.5876 26.5783 16.4395 11.6927 1619.05 1578.42
internal_count=163284 19617 14772 8940 7944 5207 143667 138997
is_linear=0
shrinkage=0.0750466


Tree=237
num_leaves=9
num_cat=0
split_feature=50 113 134 16 12 80 83 16
split_gain=1.68458 3.68387 4.63725 2.17407 6.0435 2.38694 6.72399 6.23054
threshold=1.0000000180025095e-35 -1079.9999999999998 692430.67000000016 2347.2300000000005 6.5000000000000009 2.5000000000000004 1407.6450000000002 -2764.8049999999994
decision_type=2 10 10 2 2 2 2 2
left_child=3 -2 -3 5 -5 -1 -7 -8
right_child=1 2 -4 4 -6 6 7 -9
leaf_value=-0.00052617252701031071 0.0093352963598563789 -0.073206007276758148 0.017670554738749115 -0.064124829467889388 0.0065509199363189682 -0.010540003163859819 -0.020182661119018487 0.023142461653887267
leaf_weight=1430.1084828054936 14.063118393976767 9.9980338670593465 4.6254518622372407 10.943665564351251 18.057937443049013 75.445479620080732 21.849152715294622 129.46538775525187
leaf_count=97202 2582 4251 4202 1452 4879 10630 6090 31996
internal_value=-5.53313e-05 -0.0180885 -0.0444615 0.00025152 -0.0201184 0.000608071 0.00776141 0.0168865
internal_weight=1714.56 28.6866 14.6235 1685.87 29.0016 1656.87 226.76 151.315
internal_count=163284 11035 8453 152249 6331 145918 48716 38086
is_linear=0
shrinkage=0.0750466


Tree=238
num_leaves=9
num_cat=0
split_feature=24 7 8 24 63 8 7 7
split_gain=1.62645 7.45506 13.886 9.15451 5.81382 5.15629 4.9718 4.75977
threshold=8.5000000000000018 4188.7300000000005 33046.075000000004 13.500000000000002 1.5000000000000002 16678.810000000001 1842.0450000000003 1261.8700000000001
decision_type=2 2 2 2 2 2 2 2
left_child=-1 5 -3 -4 -5 6 -2 -7
right_child=1 2 3 4 -6 7 -8 -9
leaf_value=0.00057099711302453923 -0.015509366320389562 0.15544815764709688 -0.079972927058413676 -0.019386438529548061 0.10473971917627627 0.019522256341890872 0.034677150553718006 -0.057878477837732908
leaf_weight=1597.5592868791464 56.358368420187617 4.1967002575420365 5.1201183461107567 3.9773151287045021 4.5636804078239948 5.5232163349792271 13.849291656617423 23.569205964511639
leaf_count=106430 28486 1657 2625 2060 3419 4698 3090 10819
internal_value=-5.49128e-05 -0.00858979 0.0360509 -0.00062793 0.0469375 -0.0166178 -0.00560948 -0.0431839
internal_weight=1714.72 117.158 17.8578 13.6611 8.541 99.3001 70.2077 29.0924
internal_count=163284 56854 9761 8104 5479 47093 31576 15517
is_linear=0
shrinkage=0.0750466


Tree=239
num_leaves=9
num_cat=0
split_feature=6 142 0 147 20 142 142 20
split_gain=1.73414 4.66471 3.8652 3.51525 2.73158 2.60377 2.5734 4.6449
threshold=289.50000000000006 119646.00000000001 14632853.000000002 -52197.869999999988 1.6450000000000002 309672.00000000006 154836.00000000003 16705.170000000002
decision_type=2 10 2 10 2 8 10 2
left_child=2 -2 5 -3 -5 -1 -4 -8
right_child=1 3 6 4 -6 -7 7 -9
leaf_value=-0.036145489842523547 0.033600641236218844 0.029405860843303391 -0.0024716021784328903 -0.043253329435144851 0.0028445094666772553 -0.0024188081010387474 0.0015411604412823791 0.022228097737966586
leaf_weight=28.152841304596222 30.500871833832207 11.760965702362226 920.89829356856535 13.894023624321564 15.115811257921449 23.782603852339889 602.41181525267984 68.0322649738564
leaf_count=3229 1551 3305 60346 1377 3915 3107 62112 24342
internal_value=-5.70718e-05 0.0114032 -0.000554122 -0.00520285 -0.0192337 -0.0207012 0.000103401 0.00364034
internal_weight=1714.55 71.2717 1643.28 40.7708 29.0098 51.9354 1591.34 670.444
internal_count=163284 10148 153136 8597 5292 6336 146800 86454
is_linear=0
shrinkage=0.0750466


Tree=240
num_leaves=9
num_cat=0
split_feature=33 33 10 11 137 129 8 72
split_gain=1.72548 3.50853 2.11607 4.87295 6.40124 5.85566 4.20463 9.72898
threshold=175039.38000000003 453889.19500000007 567.17500000000007 93.555000000000021 16998.050000000003 14.500000000000002 14788.655000000001 387.90500000000003
decision_type=2 2 2 2 10 8 2 2
left_child=2 -2 6 -4 -5 -6 -1 -8
right_child=1 -3 3 4 5 -7 7 -9
leaf_value=0.0017041729319046579 -0.036699225004984438 0.025237096992077348 -0.00080877222915278326 0.037018195122991392 0.02821962617996417 -0.035828913967826378 0.016832239224098815 -0.01276191836540622
leaf_weight=1018.6578746320392 18.439804709636523 7.1477217668125368 171.07455184554783 53.533570014678844 15.354701930235022 16.874183356376307 76.828627489461724 336.93511513345584
leaf_count=81560 7206 2402 4025 3967 4701 3101 32196 24126
internal_value=-5.54185e-05 -0.0193977 0.000237563 0.00651026 0.0211099 -0.00531448 -0.000887149 -0.00726681
internal_weight=1714.85 25.5875 1689.26 256.837 85.7625 32.2289 1432.42 413.764
internal_count=163284 9608 153676 15794 11769 7802 137882 56322
is_linear=0
shrinkage=0.0750466


Tree=241
num_leaves=9
num_cat=0
split_feature=56 140 63 48 5 0 134 112
split_gain=1.60824 2.68847 2.39194 1.68161 4.06135 7.76981 6.00034 3.51759
threshold=11582.655000000002 10829.135000000002 1.0000000180025095e-35 1.0000000180025095e-35 51.500000000000007 39510640.500000007 93605.400000000009 164689.20000000004
decision_type=2 8 2 2 2 2 10 10
left_child=3 2 -2 -1 -5 6 -6 -8
right_child=1 -3 -4 4 5 -7 7 -9
leaf_value=-0.00045953250970283004 0.042833602818840591 -0.042509190067482647 -0.025615853491028732 -0.0081226491109582799 0.037452113665325588 0.057797144615953068 -0.041416914947341468 0.0057698608054931096
leaf_weight=1560.8791331051161 5.5343996547780971 13.011314552944897 5.9840357886550919 50.669478990810603 20.355643227361725 21.323117979656672 14.925992480799321 22.029147220364393
leaf_count=129712 2080 8818 4135 9016 1343 1593 1667 4920
internal_value=-5.50995e-05 -0.019133 0.00727287 0.00022178 0.00844621 0.0191227 0.00473346 -0.0132886
internal_weight=1714.71 24.5297 11.5184 1690.18 129.303 78.6339 57.3108 36.9551
internal_count=163284 15033 6215 148251 18539 9523 7930 6587
is_linear=0
shrinkage=0.0750466


Tree=242
num_leaves=9
num_cat=0
split_feature=13 81 129 134 11 134 115 134
split_gain=1.72067 2.07215 5.81298 7.05883 5.62174 5.97912 6.34329 5.05351
threshold=1.5000000000000002 15997.960000000001 4.5000000000000009 57007.80000000001 318.30500000000006 2196606.7200000007 1158.7700000000002 878247.68000000005
decision_type=2 2 8 10 2 8 8 10
left_child=1 4 3 -3 -1 6 -6 -4
right_child=-2 2 7 -5 5 -7 -8 -9
leaf_value=-0.00030603198008741353 -0.01736917798104105 -0.053722240527352624 -0.011608092187173524 0.016356999528475497 0.019501449575352901 0.054058834345915685 -0.011276000667398348 0.031100847799881811
leaf_weight=1067.7801928850204 31.724605833413079 8.806223509134723 300.57928564134636 100.226992959585 113.97598041150013 18.665142093504983 56.36638239064996 16.457661370868664
leaf_count=28577 829 1438 56415 31225 23141 1136 14779 5744
internal_value=-5.40434e-05 0.000272375 -0.00425043 0.0106969 0.00180568 0.0137356 0.00931717 -0.00939103
internal_weight=1714.58 1682.86 426.07 109.033 1256.79 189.008 170.342 317.037
internal_count=163284 162455 94822 32663 67633 39056 37920 62159
is_linear=0
shrinkage=0.0750466


Tree=243
num_leaves=9
num_cat=0
split_feature=10 6 18 8 6 127 109 6
split_gain=1.72605 4.18768 3.41661 3.31381 6.35851 2.65779 5.01488 3.12217
threshold=-3005.3049999999998 31.500000000000004 952.04500000000019 -8804.7999999999975 105.50000000000001 1578.5000000000002 1.0000000180025095e-35 163.50000000000003
decision_type=2 2 2 2 2 10 2 2
left_child=1 -1 -3 4 -2 -4 -7 -8
right_child=3 2 5 -5 -6 6 7 -9
leaf_value=0.036183222685562913 -0.0015575848063841525 0.0045258488969139041 -0.053353893380583467 -0.00018233432787270957 0.048342658657003205 -0.066595355521719829 -0.021835323584419506 0.035312825368128888
leaf_weight=9.5293652175387233 37.289354422464385 26.996032975192065 16.391593058426224 1571.1110183633064 23.410839419222611 8.0107460493472917 12.503836296762531 9.4557248822820821
leaf_count=1701 3748 1909 5819 130032 2912 3859 6431 6873
internal_value=-5.42219e-05 -0.0106188 -0.0166985 0.000482405 0.0176879 -0.0290573 -0.0157688 0.00277251
internal_weight=1714.7 82.8873 73.3579 1631.81 60.7002 46.3619 29.9703 21.9596
internal_count=163284 26592 24891 136692 6660 22982 17163 13304
is_linear=0
shrinkage=0.0750466


Tree=244
num_leaves=9
num_cat=0
split_feature=125 9 153 24 107 9 149 147
split_gain=1.62723 3.90485 5.34161 1.86155 7.35686 8.05568 4.90529 6.30755
threshold=-28173.074999999993 2299.4850000000006 2563.0050000000006 8.5000000000000018 52.500000000000007 3682.4650000000006 2306.5000000000005 -23472.079999999998
decision_type=8 2 10 2 2 2 10 10
left_child=1 2 -1 -2 -5 6 -6 -8
right_child=3 -3 -4 4 5 -7 7 -9
leaf_value=-0.0293972732995114 0.00093062869777232979 -0.043490459551180236 0.058396003698635998 0.064007750663263668 -0.033756437235203614 0.069117391243195991 -0.033944744271584663 0.024672257882434448
leaf_weight=8.8450138862426702 1570.5883650293763 15.682934131484215 6.9858042531413949 7.2584958123625247 56.582932579127373 6.1659164620714355 17.853200598668987 24.564231233012837
leaf_count=1626 99115 5037 3807 668 21883 2521 14920 13707
internal_value=-5.35034e-05 -0.0169492 0.00934404 0.000262863 -0.00906591 -0.0141094 -0.0192929 7.71355e-07
internal_weight=1714.53 31.5138 15.8308 1683.01 112.425 105.166 99.0004 42.4174
internal_count=163284 10470 5433 152814 53699 53031 50510 28627
is_linear=0
shrinkage=0.0750466


Tree=245
num_leaves=9
num_cat=0
split_feature=41 138 7 72 74 73 73 139
split_gain=1.84954 1.92062 1.76743 4.75247 5.1699 4.08177 3.38552 3.9464
threshold=1.0000000180025095e-35 12094.745000000001 278.72500000000008 1.0000000180025095e-35 1213.8100000000002 1.0000000180025095e-35 2.5000000000000004 108.87000000000002
decision_type=2 8 2 2 2 2 2 8
left_child=2 -2 3 -1 -5 -4 7 -7
right_child=1 -3 5 4 -6 6 -8 -9
leaf_value=7.9387993900330978e-05 -0.040882668841283304 0.0022302073736487752 0.024094335169315022 -0.048344156962963986 -0.0081549143493654594 0.00085928456208003029 0.0036180095853765156 -0.014938428711882012
leaf_weight=360.88234081114115 12.618541529649518 10.80075330120235 44.207768455293262 24.795703754603892 66.038435212389231 242.60745501023848 811.54237688758622 140.71202998080844
leaf_count=43605 1353 4426 1455 1378 7031 6495 95684 1857
internal_value=-5.40367e-05 -0.0209994 0.000236081 -0.0037825 -0.0191257 0.0017011 0.000872586 -0.00493987
internal_weight=1714.21 23.4193 1690.79 451.716 90.8341 1239.07 1194.86 383.319
internal_count=163284 5779 157505 52014 8409 105491 104036 8352
is_linear=0
shrinkage=0.0750466


Tree=246
num_leaves=9
num_cat=0
split_feature=27 104 104 112 46 115 83 83
split_gain=1.64382 4.49049 4.11468 3.80064 4.30958 4.13157 3.81515 7.23813
threshold=2.5000000000000004 5923.6500000000005 21172.650000000005 69676.200000000012 1.0000000180025095e-35 10768.525000000001 2582.5950000000007 3873.2450000000003
decision_type=2 2 2 8 2 10 2 2
left_child=1 -1 -3 5 6 -2 -5 -8
right_child=3 2 -4 4 -6 -7 7 -9
leaf_value=0.00033969150340468576 -0.020500544841256668 0.042921614080410307 0.0063834569311247433 -0.0034299395221704171 -0.0257437271244223 0.025024114262006417 0.080814399568309075 0.0075072547968717453
leaf_weight=1060.9898478117429 102.50806881818062 26.733255194980302 49.497289414245643 277.51290722669546 34.617543242050488 12.608488550165928 8.0128689445009496 142.29259901563273
leaf_count=26655 17629 3113 9383 32280 12506 4348 1863 55507
internal_value=-5.21367e-05 0.00160374 0.019197 -0.00331262 -0.000275184 -0.0155143 0.00178564 0.0114153
internal_weight=1714.77 1137.22 76.2305 577.552 462.436 115.117 427.818 150.305
internal_count=163284 39151 12496 124133 102156 21977 89650 57370
is_linear=0
shrinkage=0.0750466


Tree=247
num_leaves=9
num_cat=0
split_feature=81 134 141 120 7 150 150 97
split_gain=1.63261 11.2349 8.42193 4.34897 4.02851 3.4789 4.537 3.84302
threshold=133292.36000000002 66861.000000000015 4.4850000000000012 182988.00000000003 3181.8900000000008 2710.7250000000008 17914.180000000004 57.500000000000007
decision_type=2 8 10 10 2 8 10 2
left_child=-1 -2 3 -3 -4 -5 7 -7
right_child=1 2 4 5 -6 6 -8 -9
leaf_value=0.00044007353547075023 0.092421715133054846 -0.055592211507655746 0.0074141537767503235 -0.058630303937626978 0.10973094163953659 -0.0055674811797583323 -0.037763780463035149 0.066502480158691674
leaf_weight=1640.5690316637592 5.4833327055312102 22.375588281251112 5.4209521366628888 7.7036008539107597 3.6108733053151809 10.806312885848458 11.90864772376244 6.7823767099007446
leaf_count=131988 1688 6185 3457 2635 2320 3096 9158 2757
internal_value=-5.2046e-05 -0.0109488 -0.0192104 -0.029448 0.0483198 -0.0137227 -0.00199457 0.0222234
internal_weight=1714.66 74.0917 68.6084 59.5765 9.03183 37.2009 29.4973 17.5887
internal_count=163284 31296 29608 23831 5777 17646 15011 5853
is_linear=0
shrinkage=0.0750466


Tree=248
num_leaves=9
num_cat=0
split_feature=64 109 82 112 82 16 112 82
split_gain=1.58308 3.12487 4.33948 5.63335 5.88694 4.05101 3.19547 2.9733
threshold=13076.395000000002 1.0000000180025095e-35 2.5000000000000004 278704.80000000005 4.5000000000000009 -609.50499999999988 164689.20000000004 9.5000000000000018
decision_type=2 2 2 8 2 2 8 2
left_child=-1 6 5 4 -4 -3 -2 -5
right_child=1 2 3 7 -6 -7 -8 -9
leaf_value=0.00049053031989279117 0.0030689196097515316 0.024611482538823209 0.093363716232468516 -0.037049760592821369 0.0099311678940880738 -0.03679068547392144 -0.053961910371449942 0.033787241990917927
leaf_weight=1622.3913103270115 8.7417318870575418 8.0675712403462949 7.923887738408669 11.470134782450261 11.940108326212792 24.214717834955991 15.075466361684446 4.7065218968218678
leaf_count=128691 2133 2564 2851 6438 4807 7714 5579 2507
internal_value=-5.29153e-05 -0.00962183 -0.00146194 0.016438 0.043213 -0.0214459 -0.0330296 -0.0164401
internal_weight=1714.53 92.1401 68.3229 36.0407 19.864 32.2823 23.8172 16.1767
internal_count=163284 34593 26881 16603 7658 10278 7712 8945
is_linear=0
shrinkage=0.0750466


Tree=249
num_leaves=9
num_cat=0
split_feature=39 140 23 50 28 27 27 23
split_gain=1.64476 3.24475 2.58308 2.16189 3.01766 2.02621 3.7176 5.95397
threshold=313319.83000000002 29747.050000000003 1.5000000000000002 1.0000000180025095e-35 1.0000000180025095e-35 32.500000000000007 23.500000000000004 1.5000000000000002
decision_type=2 8 2 2 2 2 2 2
left_child=3 2 -2 5 -5 6 -1 -8
right_child=1 -3 -4 4 -6 -7 7 -9
leaf_value=0.00042755650873704652 0.024099892170171427 -0.049844712008954212 -0.033772974192843266 0.00066017780113001451 -0.049797473228162491 -0.019884024139289757 0.002496771669735662 0.070219241395065274
leaf_weight=1598.7806073848769 11.219932533324029 11.020722073242725 7.0873356961965319 15.789839711535025 11.564477358999282 26.759102419682677 20.881242433173611 11.250852577606564
leaf_count=121439 4555 3727 2761 793 8896 10881 6726 3506
internal_value=-5.25511e-05 -0.0176721 0.00169543 0.000254118 -0.0206716 0.000599427 0.000935508 0.0262094
internal_weight=1714.35 29.328 18.3073 1685.03 27.3543 1657.67 1630.91 32.1321
internal_count=163284 11043 7316 152241 9689 142552 131671 10232
is_linear=0
shrinkage=0.0750466


Tree=250
num_leaves=9
num_cat=0
split_feature=6 137 134 11 0 107 16 107
split_gain=1.56643 3.94197 3.45163 3.56418 3.32879 3.29512 2.4928 7.05508
threshold=289.50000000000006 52892.525000000001 106977.60000000002 136.92000000000004 14632853.000000002 30.500000000000004 -176.96999999999997 38.500000000000007
decision_type=2 8 10 2 2 2 2 2
left_child=4 2 -2 -4 5 -1 7 -6
right_child=1 -3 3 -5 6 -7 -8 -9
leaf_value=-0.0028144948693846613 0.027505460611836077 0.040522159701170367 0.013534321853934389 -0.034448846669256468 0.0016193131803767069 -0.04134478801745646 0.0036750603942216219 -0.012891999247627971
leaf_weight=29.039970636105863 17.618328942458902 18.615584672546902 15.671349067026311 19.651195113086942 685.73222219376476 21.948399620097916 645.55637185445812 260.3226948362626
leaf_count=647 1237 3135 462 5314 9386 5689 88850 48564
internal_value=-5.15162e-05 0.0108178 0.000372875 -0.0131604 -0.000525016 -0.0194002 7.96639e-05 -0.00237372
internal_weight=1714.16 71.5565 52.9409 35.3225 1642.6 50.9884 1591.61 946.055
internal_count=163284 10148 7013 5776 153136 6336 146800 57950
is_linear=0
shrinkage=0.0750466


Tree=251
num_leaves=9
num_cat=0
split_feature=13 33 97 7 140 5 119 97
split_gain=1.59355 2.00813 2.76341 1.8055 6.91027 4.18268 3.96797 7.81182
threshold=1.5000000000000002 175039.38000000003 5.5000000000000009 5005.1550000000016 17914.180000000004 41.500000000000007 11.720000000000002 20.500000000000004
decision_type=2 2 2 2 8 2 8 2
left_child=1 3 -3 -1 6 -6 -5 -8
right_child=-2 2 -4 4 5 -7 7 -9
leaf_value=-0.00010514709960610979 -0.0167876521884219 -0.0016830802953208099 -0.053413950374022391 0.065053307059492388 0.020945888604331005 -0.015286093895329284 0.057936960384355585 -0.030976819319001283
leaf_weight=1539.1782727464324 31.450371622224338 15.668739209024354 9.2485593861647413 15.546579709513024 27.184748249728727 52.792891966366369 11.706322535661458 10.6082544084893
leaf_count=134614 829 3038 6549 3639 2239 7661 1908 2807
internal_value=-5.06629e-05 0.000262301 -0.020884 0.000580288 0.00953325 -0.00297069 0.0359465 0.0156677
internal_weight=1713.38 1681.93 24.9173 1657.02 117.839 79.9776 37.8612 22.3146
internal_count=163284 162455 9587 152868 18254 9900 8354 4715
is_linear=0
shrinkage=0.0750466


Tree=252
num_leaves=9
num_cat=0
split_feature=63 63 73 82 24 107 94 104
split_gain=1.63077 2.5771 3.38904 5.33975 1.91116 6.68787 6.07758 4.81502
threshold=8.5000000000000018 14.500000000000002 10.500000000000002 2.5000000000000004 8.5000000000000018 45.500000000000007 1.0000000180025095e-35 5806.3500000000013
decision_type=2 2 2 2 2 2 2 2
left_child=4 2 3 -2 -1 -6 -7 -8
right_child=1 -3 -4 -5 5 6 7 -9
leaf_value=0.00033341607229021451 0.0018915236149838386 -0.029637407603300858 -0.019434879066991994 0.094621042952161546 0.077537351175721816 -0.022784089363960907 0.055838001909325218 -0.018866301437789171
leaf_weight=1580.8128246707001 6.6195806925998166 4.8486134062704869 5.3243917441695876 7.4151449335622601 4.7047337147814678 83.775882030056891 11.211005039353042 8.5766572408811026
leaf_count=100464 2170 2694 3214 3174 368 45648 2592 2960
internal_value=-5.00413e-05 0.0192901 0.0315444 0.0508845 -0.000327223 -0.00997314 -0.0139486 0.0234586
internal_weight=1713.29 24.2077 19.3591 14.0347 1689.08 108.268 103.564 19.7877
internal_count=163284 11252 8558 5344 152032 51568 51200 5552
is_linear=0
shrinkage=0.0750466


Tree=253
num_leaves=9
num_cat=0
split_feature=22 151 83 25 151 18 80 22
split_gain=1.71152 4.06271 3.09066 4.03449 2.01843 7.71255 6.84389 8.03085
threshold=409658.84500000003 7.5000000000000009 2582.5950000000007 6442.4250000000011 4.5000000000000009 1.0000000180025095e-35 7.5000000000000009 19850.095000000005
decision_type=2 10 2 2 10 2 2 2
left_child=4 2 -2 -4 -1 -6 -7 -8
right_child=1 -3 3 -5 5 6 7 -9
leaf_value=-0.00086763195755136567 -0.028358052396063996 -0.075331998866493374 0.069231947048376111 -0.017564273853636393 0.035737368685183811 -0.0028520280742932078 -0.013884103018629225 0.090150405106521156
leaf_weight=1407.6143351603168 14.488119027832001 5.5927444650797034 5.6630236374658107 6.4529515393987822 42.066986345249461 214.06074936517871 7.2097236108566021 9.9411044644530175
leaf_count=79768 2890 6923 1514 4798 3255 57692 1914 4530
internal_value=-5.00778e-05 -0.0171895 -0.00496668 0.0230044 0.000278221 0.00618032 0.000802671 0.0464172
internal_weight=1713.09 32.1968 26.6041 12.116 1680.89 273.279 231.212 17.1508
internal_count=163284 16125 9202 6312 147159 67391 64136 6444
is_linear=0
shrinkage=0.0750466


Tree=254
num_leaves=9
num_cat=0
split_feature=8 83 21 137 28 83 80 129
split_gain=1.54792 4.78728 4.09858 4.71583 3.86927 4.11975 4.60309 7.05687
threshold=-1.0000000180025095e-35 47319.67500000001 1.0000000180025095e-35 -1.0000000180025095e-35 1395.8750000000002 2582.5950000000007 2.5000000000000004 9.5000000000000018
decision_type=2 2 2 10 2 2 2 8
left_child=1 2 -1 -4 -5 -6 -7 -8
right_child=-2 -3 3 4 5 6 7 -9
leaf_value=0.034394488419038562 -0.0009765411850027509 -0.028701400782976491 -0.027535835800401209 0.033707441873830568 -0.0036026309739063799 0.00026704621248631414 0.00077119726375483595 0.097042796961073152
leaf_weight=30.158791603302234 1466.3500333375687 21.143887822418037 22.63936393673066 29.36987726969528 107.17797425580284 19.184667841025657 7.8094184084984617 9.5105439974940946
leaf_count=1165 130000 7064 515 945 11794 6193 2991 2617
internal_value=-5.07613e-05 0.00544538 0.00864217 0.00467338 0.00888711 0.00381363 0.0255879 0.0536348
internal_weight=1713.34 246.995 225.851 195.692 173.052 143.683 36.5046 17.32
internal_count=163284 33284 26220 25055 24540 23595 11801 5608
is_linear=0
shrinkage=0.0750466


Tree=255
num_leaves=9
num_cat=0
split_feature=102 63 64 64 16 64 112 103
split_gain=1.45174 1.84494 9.81547 3.69471 4.93635 4.44501 5.6116 3.77043
threshold=1.0000000180025095e-35 8.5000000000000018 25194.515000000003 13076.395000000002 1.0000000180025095e-35 29265.620000000006 164689.20000000004 1.5000000000000002
decision_type=2 2 2 2 2 2 8 2
left_child=1 3 -3 -1 5 7 -7 -5
right_child=-2 2 -4 4 -6 6 -8 -9
leaf_value=0.0008020817939829026 -0.011587464245144057 0.080305598979484277 -0.018249884733561546 -0.041010001815246583 -0.07599103974450605 0.065847040544448981 -0.0096710884273269043 0.021109550550093337
leaf_weight=1563.0532841792501 59.302328005067466 9.4806853717309441 14.2390528352862 26.73649943548935 7.1753081609458595 7.9016525956503783 18.555299451008977 6.9291176912811343
leaf_count=124037 4973 3611 7079 7354 2595 2560 7086 3989
internal_value=-5.05307e-05 0.000363095 0.0211424 6.07812e-05 -0.0171566 -0.010135 0.0128832 -0.0282244
internal_weight=1713.37 1654.07 23.7197 1630.35 67.2979 60.1226 26.457 33.6656
internal_count=163284 158311 10690 147621 23584 20989 9646 11343
is_linear=0
shrinkage=0.0750466


Tree=256
num_leaves=9
num_cat=0
split_feature=2 127 83 18 149 127 20 16
split_gain=1.5454 3.43183 6.7867 5.8924 4.76389 12.1236 4.97351 4.52255
threshold=1.0000000180025095e-35 1221.5000000000002 5324.8300000000008 252.93500000000003 1714.5000000000002 1578.5000000000002 1.0000000180025095e-35 -1.0000000180025095e-35
decision_type=2 10 2 2 8 10 2 2
left_child=-1 2 -2 -4 -3 -6 7 -7
right_child=1 4 3 -5 5 6 -8 -9
leaf_value=-0.0056102548958912538 0.0075369110866158138 -0.018588110248962807 -0.051984441516942113 -0.0049223961672994676 0.04709416611903839 -0.016193593432869791 0.0042810972372970494 0.0043127732799831033
leaf_weight=241.85465918271802 644.19796586273878 95.421661385560583 16.960338405580842 128.5479969699918 28.661309643619461 197.20488806185131 273.13580682991778 87.423404431818199
leaf_count=2137 32491 10273 1352 26905 3377 15278 58739 12732
internal_value=-5.0815e-05 0.000862897 0.00423047 -0.0104079 -0.00303738 -0.000506999 -0.00295304 -0.00989508
internal_weight=1713.41 1471.55 789.706 145.508 681.847 586.425 557.764 284.628
internal_count=163284 161147 60748 28257 100399 90126 86749 28010
is_linear=0
shrinkage=0.0750466


Tree=257
num_leaves=9
num_cat=0
split_feature=22 18 5 82 140 22 73 5
split_gain=1.52359 3.45378 7.88936 15.1131 15.0443 9.22793 4.24081 2.96598
threshold=6061.1650000000009 7623.4400000000005 47.500000000000007 1.0000000180025095e-35 4363.6450000000013 1.0000000180025095e-35 6.5000000000000009 39.500000000000007
decision_type=2 2 2 2 8 2 2 2
left_child=1 7 3 -3 -5 -6 -4 -1
right_child=-2 2 6 4 5 -7 -8 -9
leaf_value=0.0054346790140155157 -0.0039155029781477958 -0.058225860208323203 0.05825518800333937 0.0909163214636491 0.04534319486339481 -0.050497476752979102 0.011080608458792841 -0.0025346359218265651
leaf_weight=394.33246477089779 430.32254972306055 19.075179399078479 25.479466210890678 12.496745564018054 9.6087742926647497 13.761198988719114 18.542896302455119 789.84883925495888
leaf_count=13138 107505 3568 2656 2366 2734 2850 3930 24537
internal_value=-5.1232e-05 0.00124471 0.0147129 -0.00425402 0.0244501 -0.0110917 0.0383845 0.000119147
internal_weight=1713.47 1283.15 98.9643 54.9419 35.8667 23.37 44.0224 1184.18
internal_count=163284 55779 18104 11518 7950 5584 6586 37675
is_linear=0
shrinkage=0.0750466


Tree=258
num_leaves=9
num_cat=0
split_feature=7 149 52 137 5 149 52 27
split_gain=1.57353 9.19764 5.99299 9.15704 7.30279 5.42677 4.24494 4.44138
threshold=1655.0800000000002 489.50000000000006 1.0000000180025095e-35 154355.21500000003 59.500000000000007 1189.5000000000002 1.0000000180025095e-35 8.5000000000000018
decision_type=2 8 2 8 2 8 2 2
left_child=6 -2 5 4 -4 -3 -1 -8
right_child=1 2 3 -5 -6 -7 7 -9
leaf_value=-0.00040514936804131552 -0.024333983945697139 0.019178691745064237 -0.011992761930839868 0.098303312604845303 0.063684668548872156 0.0004563030227845649 -0.0068416159854141562 -0.041645958815843175
leaf_weight=722.12986190325501 68.276173001861025 100.00708290233888 21.462299431987958 9.1739304677193996 10.793015179049688 680.47624574290967 71.861208767089011 28.976045398607312
leaf_count=36644 3793 3046 20696 2035 3794 34234 27287 31755
internal_value=-5.37547e-05 0.0021331 0.00433172 0.032146 0.0133298 0.00285529 -0.00241924 -0.0168428
internal_weight=1713.16 890.189 821.913 41.4292 32.2553 780.483 822.967 100.837
internal_count=163284 67598 63805 26525 24490 37280 95686 59042
is_linear=0
shrinkage=0.0750466


Tree=259
num_leaves=9
num_cat=0
split_feature=11 81 73 73 134 8 64 142
split_gain=1.50986 4.92464 7.89608 8.99292 8.14158 7.98172 5.21708 6.0305
threshold=318.30500000000006 20172.080000000005 9.5000000000000018 7.5000000000000009 692430.67000000016 11254.315000000002 1.0000000180025095e-35 1037556.6200000002
decision_type=2 2 2 2 8 2 2 10
left_child=-1 2 3 4 -2 -5 -3 -8
right_child=1 6 -4 5 -6 -7 7 -9
leaf_value=-0.0012687622341892621 -5.8573216131340916e-05 -0.017432400110140068 -0.019283935761126147 0.089761520277346935 0.045553413792739007 0.019503422880155229 0.0017570821027447061 0.068638127777963548
leaf_weight=1320.6551898839462 101.65121689757143 92.418912005305174 36.87032447481306 16.912852960622331 28.141746105698985 19.731030175227716 88.005963129009615 8.3098790853246083
leaf_count=50667 15216 26426 15505 3659 2263 4917 38637 5994
internal_value=-5.47283e-05 0.00403494 0.012139 0.0191 0.00983103 0.0519308 -0.00469482 0.0075274
internal_weight=1712.7 392.042 203.307 166.437 129.793 36.6439 188.735 96.3158
internal_count=163284 112617 41560 26055 17479 8576 71057 44631
is_linear=0
shrinkage=0.0750466


Tree=260
num_leaves=9
num_cat=0
split_feature=96 107 16 0 107 113 112 85
split_gain=1.45617 8.76559 4.06445 5.27513 4.97113 4.50404 3.53876 3.64403
threshold=1.0000000180025095e-35 1.0000000180025095e-35 -3350.2649999999999 26921913.500000004 12.500000000000002 -624.49999999999989 1532369.6600000001 2404.6500000000005
decision_type=2 2 2 2 2 10 10 2
left_child=-1 -2 3 -3 -5 -6 7 -4
right_child=1 2 6 4 5 -7 -8 -9
leaf_value=-0.002398837111150924 0.054057030118407901 -0.037530393353883307 -2.3143195935433285e-05 0.023076858526931913 -0.019166152224325363 0.018013880845931356 0.038063941919953499 0.013607718220298376
leaf_weight=798.16534194903579 17.853228755295277 30.962871151177751 575.04893271803303 31.238013854657765 83.160076570067758 23.546093019940599 16.202999214770898 136.71949401864731
leaf_count=42980 145 3471 50941 299 9789 3629 4967 47063
internal_value=-5.63781e-05 0.00198758 0.000951083 -0.00953705 -0.00325369 -0.0109619 0.00338459 0.00259513
internal_weight=1712.9 914.732 896.878 168.907 137.944 106.706 727.971 711.768
internal_count=163284 120304 120159 17188 13717 13418 102971 98004
is_linear=0
shrinkage=0.0750466


Tree=261
num_leaves=9
num_cat=0
split_feature=39 134 12 150 16 134 134 0
split_gain=1.54861 4.55051 3.75476 1.87547 3.88034 4.06611 7.18493 7.78852
threshold=25863.355000000003 720815.33500000008 7.5000000000000009 3519.0050000000006 -3350.2649999999999 214834.95000000004 160466.40000000002 39510640.500000007
decision_type=2 8 2 8 2 10 10 2
left_child=3 2 -2 4 -1 6 -6 -8
right_child=1 -3 -4 -5 5 -7 7 -9
leaf_value=-0.015322078468948199 -0.052935658623525554 0.035746434271027173 -0.0073620324345481459 0.002008303446244618 -0.001634333503031962 -0.011865464473700954 -0.001085756669659029 0.051803007367043463
leaf_weight=118.95025819858711 14.871745000396912 9.2836428607924955 32.284361050699772 1162.1145819771045 201.85756374782068 110.43631096922763 29.136432626874011 33.958357743798842
leaf_count=6191 3472 3713 11689 106527 16395 9498 2573 3226
internal_value=-5.51839e-05 -0.0122798 -0.0217347 0.00036134 -0.00351042 0.000232371 0.00527494 0.0273796
internal_weight=1712.89 56.4397 47.1561 1656.45 494.339 375.389 264.952 63.0948
internal_count=163284 18874 15161 144410 37883 31692 22194 5799
is_linear=0
shrinkage=0.0750466


Tree=262
num_leaves=9
num_cat=0
split_feature=22 28 74 125 74 22 146 74
split_gain=1.57764 5.48334 2.99215 1.874 2.57652 2.89199 2.26624 5.42794
threshold=305328.60000000003 14896.805000000002 391.17500000000007 -28173.074999999993 1790.595 3393.0150000000008 1.0000000180025095e-35 2126.0350000000003
decision_type=2 2 2 8 2 2 10 2
left_child=3 2 -2 4 -1 -6 -5 -8
right_child=1 -3 -4 6 5 -7 7 -9
leaf_value=0.0094072870724219056 0.028243382913860585 -0.056826680425435143 -0.019634367588984018 -4.7146759596723234e-05 -0.063121147028902702 -0.0029914678109060661 -0.00057362608525280713 0.037749913293288688
leaf_weight=11.511393337175834 13.95444163909997 12.184757455384895 15.536538774729705 1546.654223537249 9.9735235387743177 8.2157740126258414 63.909900084767287 30.867539620696334
leaf_count=3641 3259 14256 3985 122554 1653 3373 7442 3121
internal_value=-5.45937e-05 -0.0144772 0.00302026 0.000305087 -0.0183776 -0.0359617 0.000643138 0.0119078
internal_weight=1712.81 41.6757 29.491 1671.13 29.7007 18.1893 1641.43 94.7774
internal_count=163284 21500 7244 141784 8667 5026 133117 10563
is_linear=0
shrinkage=0.0750466


Tree=263
num_leaves=9
num_cat=0
split_feature=39 0 153 64 138 104 153 104
split_gain=1.43017 4.13565 2.75395 1.63095 3.08675 5.17177 3.4046 3.79156
threshold=313319.83000000002 22275446.000000004 1214.0550000000003 11572.960000000001 21996.515000000003 2404.6500000000005 9905.9850000000024 17653.650000000005
decision_type=2 2 10 2 10 2 10 2
left_child=3 -2 -3 -1 -5 -6 7 -7
right_child=1 2 -4 4 5 6 -8 -9
leaf_value=0.00080130400281538407 0.030270935682236776 -0.051563663376979811 0.0077275400847098908 0.00044229156469172159 -0.04906778858911142 0.050711263709307036 0.075936937756960532 -0.059527681931682688
leaf_weight=1588.8949479672774 7.7427651753650961 14.781751921891557 6.2891834733418355 62.430774917658709 21.794228319575268 2.9683052375403332 3.4539121184971009 4.3064580614873194
leaf_count=118491 3129 3303 4611 13007 12047 1937 2684 4075
internal_value=-5.33451e-05 -0.0166317 -0.0338666 0.00023034 -0.0093238 -0.0280707 0.0145827 -0.0145471
internal_weight=1712.66 28.8137 21.0709 1683.85 94.9537 32.5229 10.7287 7.27476
internal_count=163284 11043 7914 152241 33750 20743 8696 6012
is_linear=0
shrinkage=0.0750466


Tree=264
num_leaves=9
num_cat=0
split_feature=60 20 150 108 60 138 107 20
split_gain=1.4051 3.20974 9.03847 2.46495 2.29356 3.59213 2.23203 7.11377
threshold=1079.3350000000003 3581.3600000000001 7173.1900000000014 1.0000000180025095e-35 433.49500000000006 10376.35 171.50000000000003 16705.170000000002
decision_type=2 2 8 2 2 8 2 2
left_child=3 -2 -3 4 6 -6 -1 -8
right_child=1 2 -4 -5 5 -7 7 -9
leaf_value=4.4934173664514776e-05 -0.01972611287003494 0.10011443097828716 -0.028331886757613688 0.020278654452952592 -0.002192931625041388 0.053362518071635098 -0.033053964289581912 0.04237933523029435
leaf_weight=1545.8956977316011 49.797598640971046 5.0894518224267795 7.8357038394115079 34.286680241377326 15.212847867733215 11.517342514862323 33.814665269834222 8.8926803949998412
leaf_count=111961 11407 1487 5148 3986 1130 4063 16729 7373
internal_value=-5.23515e-05 -0.0110771 0.0222456 0.000366837 -5.58062e-05 0.0217445 -0.000422622 -0.017347
internal_weight=1712.34 62.7228 12.9252 1649.62 1615.33 26.7302 1588.6 42.7073
internal_count=163284 18042 6635 145242 141256 5193 136063 24102
is_linear=0
shrinkage=0.0750466


Tree=265
num_leaves=9
num_cat=0
split_feature=22 11 33 22 11 81 80 112
split_gain=1.45276 4.16543 4.15509 7.42357 3.89326 3.72683 4.73954 6.18495
threshold=319.2050000000001 52.845000000000006 17595.285000000003 -9370.4499999999989 318.30500000000006 380830.73000000004 6.5000000000000009 190026.00000000003
decision_type=2 2 2 2 2 2 2 8
left_child=2 -2 4 -4 -1 6 -3 -8
right_child=1 5 3 -5 -6 -7 7 -9
leaf_value=0.001283698597576345 -0.015382689493235485 -0.00099510198560658048 0.015662858478263642 -0.038832411365856467 0.017086796996508398 -0.040383441607170611 -0.0050510754752057484 0.055877583441560581
leaf_weight=894.38089177324582 121.17448237342251 489.93334474817402 23.046166563501174 36.180692051109872 97.356306002606289 12.562768651998338 18.03199054039942 19.563529462049701
leaf_count=17419 6658 99590 4713 8165 9354 7242 4691 5452
internal_value=-5.20729e-05 -0.0028079 0.00168189 -0.0176274 0.00283505 1.33687e-05 0.000975393 0.0266543
internal_weight=1712.23 661.266 1050.96 59.2269 991.737 540.092 527.529 37.5955
internal_count=163284 123633 39651 12878 26773 116975 109733 10143
is_linear=0
shrinkage=0.0750466


Tree=266
num_leaves=9
num_cat=0
split_feature=12 73 0 113 20 147 0 153
split_gain=1.62229 4.65694 2.20555 4.09684 7.49358 7.61675 2.92501 9.11698
threshold=5.5000000000000009 2.5000000000000004 15842220.000000002 -1171.4999999999998 104.79500000000002 -25805.769999999997 31507133.500000004 inf
decision_type=2 2 2 10 2 10 2 8
left_child=1 -1 3 -2 -5 -6 7 -4
right_child=2 -3 6 4 5 -7 -8 -9
leaf_value=-0.01069908670620527 -0.030032648536581857 0.0061236918452700715 0.004616006089460457 -0.015869109514378189 -0.016241082052112155 0.075683538843190415 -0.00025437102876617887 0.052837472229618147
leaf_weight=243.08170915135997 35.381029914695318 149.78030442341696 328.62447575152328 44.241588874830995 8.524226715102488 12.5514552663044 866.07589829952485 23.672303739120252
leaf_count=3203 4258 4046 46456 5132 3976 2463 92881 869
internal_value=-5.21609e-05 -0.00428533 0.00120861 -0.00946555 0.00167523 0.0385039 0.00209083 0.00785621
internal_weight=1711.93 392.862 1319.07 100.698 65.3173 21.0757 1218.37 352.297
internal_count=163284 7249 156035 15829 11571 6439 140206 47325
is_linear=0
shrinkage=0.0750466


Tree=267
num_leaves=9
num_cat=0
split_feature=22 73 137 57 107 107 16 139
split_gain=1.40556 3.29299 1.9362 1.85723 4.92085 6.8445 4.72236 2.29436
threshold=409658.84500000003 8.5000000000000018 5971.2200000000012 6.5000000000000009 103.50000000000001 153.50000000000003 -784.20999999999992 790.20500000000004
decision_type=2 2 10 2 2 2 2 10
left_child=3 2 -2 7 -5 -6 -7 -1
right_child=1 -3 -4 4 5 6 -8 -9
leaf_value=-0.00054627180359451068 0.012925275136295015 -0.05705055017882902 -0.033857416406535806 0.037193990573008859 -0.059790573537525787 0.092246644496015648 -0.007967911505519296 0.021352910897964247
leaf_weight=1607.2065827465658 16.172174008454029 8.0855329387059083 7.200953624785142 25.506900343883899 9.3333347523785068 4.0214434896970488 7.7555099558358034 27.403751195381119
leaf_count=126824 2543 7798 5784 3053 3668 2387 4896 6331
internal_value=-5.19969e-05 -0.0157686 -0.00148786 0.000242088 0.0150122 -0.0117893 0.0262521 -0.000179139
internal_weight=1712.69 31.4587 23.3731 1681.23 46.6172 21.1103 11.777 1634.61
internal_count=163284 16125 8327 147159 14004 10951 7283 133155
is_linear=0
shrinkage=0.0750466


Tree=268
num_leaves=9
num_cat=0
split_feature=95 124 140 140 28 123 74 72
split_gain=1.48137 2.05658 4.34867 1.6786 5.00511 6.44425 4.15256 3.70801
threshold=5.5000000000000009 704.27500000000009 12306.960000000001 3519.0050000000006 1395.8750000000002 5.5000000000000009 2126.0350000000003 1624.8900000000001
decision_type=2 10 8 8 2 8 2 2
left_child=1 3 -3 4 -1 6 -6 -7
right_child=-2 2 -4 -5 5 7 -8 -9
leaf_value=0.0054146512776974166 0.013318327957507443 0.0070367841409788596 -0.056195031493792832 0.0014678607802409568 -0.00916240196259035 -0.0071238099028197574 0.015314258703701596 -0.040222738475773512
leaf_weight=198.13545994125161 45.436875402141595 13.37631395318749 11.300587402427483 1154.2736723979897 156.61799658495875 30.323705148983208 51.996780072538968 51.329025421175174
leaf_count=6755 3369 2349 3667 113084 22749 5656 3383 2272
internal_value=-5.13426e-05 -0.000415678 -0.0219197 -9.26364e-05 -0.00378066 -0.0100573 -0.00306165 -0.0279307
internal_weight=1712.79 1667.35 24.6769 1642.68 488.403 290.268 208.615 81.6527
internal_count=163284 159915 6016 153899 40815 34060 26132 7928
is_linear=0
shrinkage=0.0750466


Tree=269
num_leaves=9
num_cat=0
split_feature=7 74 80 18 9 56 120 153
split_gain=1.34535 3.8201 4.83589 4.40453 4.21597 4.44187 6.17254 5.96518
threshold=1655.0800000000002 513.96500000000015 4.5000000000000009 11352.675000000001 279.00500000000005 280.34000000000003 211140.00000000003 651.0150000000001
decision_type=2 2 2 2 2 2 10 10
left_child=1 2 4 -4 -1 6 7 -6
right_child=-2 -3 3 -5 5 -7 -8 -9
leaf_value=-0.0026838667789978545 0.0019685102941822204 -0.0083521158136525293 0.057603097095805543 -0.00046137949247657286 0.043630986083322998 -0.025830375764743972 0.070818612100780901 -0.018437548374118946
leaf_weight=393.5770388864039 891.26130273904801 338.62000729279316 16.29038015494007 13.417998387249098 16.855547753657447 10.350006834731174 13.789235141419338 18.068649759647087
leaf_count=24870 67598 52054 1713 3875 1789 4918 2178 4289
internal_value=-5.04528e-05 -0.00224228 0.00204696 0.0313779 0.000121872 0.0188183 0.0283047 0.0115187
internal_weight=1712.23 820.969 482.349 29.7084 452.64 59.0634 48.7134 34.9242
internal_count=163284 95686 43632 5588 38044 13174 8256 6078
is_linear=0
shrinkage=0.0750466


Tree=270
num_leaves=9
num_cat=0
split_feature=13 33 140 16 108 49 107 107
split_gain=1.45793 1.76781 2.09505 1.64941 8.32801 6.14126 8.93107 5.43214
threshold=1.5000000000000002 175039.38000000003 inf -176.96999999999997 1.0000000180025095e-35 1.0000000180025095e-35 85.500000000000014 38.500000000000007
decision_type=2 2 8 2 2 2 2 2
left_child=1 3 -3 7 5 -5 -7 -1
right_child=-2 2 -4 4 -6 6 -8 -9
leaf_value=0.0020084598958038744 -0.016134407095361382 -0.056156017755835792 -0.0065148398142032479 -0.00023877698013400001 0.050810977483480298 0.043565653323909048 -0.028566863203884421 -0.010487852943985946
leaf_weight=716.31993618179695 31.162572759552859 6.5354242483590497 17.91007821321546 596.94112447914085 20.24917382415515 40.537381665053545 12.694632719321815 269.67156106953917
leaf_count=9324 829 7458 2129 82403 2715 3998 7385 47043
internal_value=-5.04164e-05 0.000247775 -0.0197862 0.000543439 0.00341536 0.00193926 0.0263637 -0.00140932
internal_weight=1712.02 1680.86 24.4455 1656.41 670.422 650.173 53.232 985.991
internal_count=163284 162455 9587 152868 96501 93786 11383 56367
is_linear=0
shrinkage=0.0750466


Tree=271
num_leaves=9
num_cat=0
split_feature=22 109 22 10 80 58 22 133
split_gain=1.38905 3.28707 7.40837 12.1694 7.0987 6.8802 5.23006 6.18942
threshold=319.2050000000001 1.0000000180025095e-35 -3026.8199999999993 -1.0000000180025095e-35 1.0000000180025095e-35 2721.1550000000007 -5649.0549999999994 8.0000000000000018
decision_type=2 2 2 2 2 2 2 8
left_child=1 6 4 -4 -3 -6 7 -1
right_child=-2 2 3 -5 5 -7 -8 -9
leaf_value=-0.0045322276091411774 -0.0027471353697594426 0.0089577319721967676 -0.0010984352612856433 0.034726863095575031 -0.034540364660470613 0.019901483527167921 -0.0079397722910421169 0.016315344513593778
leaf_weight=169.14308047846862 660.56750694773655 95.688052408673684 108.83925883265692 104.83960204192772 56.83464146496226 16.979417229093087 345.97623521143396 152.5336834960035
leaf_count=4141 123633 4428 7195 4013 6163 4119 8236 1356
internal_value=-5.04992e-05 0.00164464 0.00718504 0.0164789 -0.00453107 -0.0220171 -0.00153512 0.00535334
internal_weight=1711.4 1050.83 383.181 213.679 169.502 73.8141 667.653 321.677
internal_count=163284 39651 25918 11208 14710 10282 13733 5497
is_linear=0
shrinkage=0.0750466


Tree=272
num_leaves=9
num_cat=0
split_feature=135 135 140 85 120 7 5 85
split_gain=1.6169 6.12801 4.9965 3.58435 11.0191 3.63809 4.81375 3.39399
threshold=-927.99999999999989 -989.49999999999989 3519.0050000000006 10615.650000000001 565969.56500000006 2825.8100000000004 42.500000000000007 39354.150000000009
decision_type=8 10 10 2 8 2 2 2
left_child=1 7 -3 -2 -5 6 -6 -1
right_child=3 2 -4 4 5 -7 -8 -9
leaf_value=0.0016682561508203416 -0.004381083575278724 0.0067753770390377843 0.059904420033067507 -0.021847286184034732 -0.014975021348324114 0.079001761476025806 0.055895339809598966 -0.019754811916870525
leaf_weight=913.82039236531546 653.18697526305277 22.269900232244254 18.049032564411391 25.7658585689951 9.309943078245853 10.944054499008415 12.845367681113201 43.638270540724079
leaf_count=81975 34198 1219 4461 10815 2214 3220 3480 21702
internal_value=-5.08104e-05 0.00189874 0.0305589 -0.00278266 0.0149539 0.0436014 0.0261147 0.000691853
internal_weight=1709.83 997.778 40.3189 712.052 58.8652 33.0994 22.1553 957.459
internal_count=163284 109357 5680 53927 19729 8914 5694 103677
is_linear=0
shrinkage=0.0750466


Tree=273
num_leaves=9
num_cat=0
split_feature=12 73 33 150 10 8 109 8
split_gain=1.59922 3.99504 3.49111 10.4942 9.12189 8.32806 8.92134 8.11561
threshold=5.5000000000000009 2.5000000000000004 1.0000000180025095e-35 56366.985000000008 298.7000000000001 23206.245000000003 1.0000000180025095e-35 16678.810000000001
decision_type=2 2 2 8 2 2 2 2
left_child=1 -1 7 5 -5 -4 -7 -2
right_child=2 -3 3 4 -6 6 -8 -9
leaf_value=-0.010229877128218436 0.0040364755080655951 0.0053498411743994126 -0.032343652172672752 0.08094448185978427 0.012348118016874599 0.091291548819198931 -0.011980094797514357 -0.0094257133849160891
leaf_weight=241.86040116797085 867.22640619720914 150.30198187190399 31.240900612201585 19.016597926243776 25.637110546798795 7.9580537901174475 11.547050103334186 355.62537377700392
leaf_count=3203 72302 4046 16830 3201 2922 2642 8095 50043
internal_value=-5.14571e-05 -0.00425872 0.00120015 0.0150271 0.0415611 -0.00832137 0.0301546 0.00012145
internal_weight=1710.41 392.162 1318.25 95.3997 44.6537 50.746 19.5051 1222.85
internal_count=163284 7249 156035 33690 6123 27567 10737 122345
is_linear=0
shrinkage=0.0750466


Tree=274
num_leaves=9
num_cat=0
split_feature=135 10 83 8 0 83 123 73
split_gain=1.37035 1.5189 3.38076 3.21977 5.67464 4.76322 5.96374 6.08599
threshold=-136.99999999999997 -3005.3049999999998 92470.055000000008 -1.0000000180025095e-35 47919824.000000007 37776.215000000004 5.5000000000000009 8.5000000000000018
decision_type=10 2 2 2 2 2 8 2
left_child=1 2 -1 4 -3 -5 -7 -8
right_child=-2 3 -4 5 -6 6 7 -9
leaf_value=-0.0048368883319572526 -0.017154795222774528 0.020401970118459154 -0.057069821814793142 -0.0017430389450455413 -0.0061460404238506718 0.029114689529107136 0.0098292804136486337 -0.056467380901159228
leaf_weight=72.023611086983692 25.987669438001831 114.58667021426299 7.7276857645510963 1311.6704281219227 75.042361919946416 64.122453997681987 29.256395534568583 10.63267114688824
leaf_count=20491 2162 12065 5893 88214 7465 18421 4490 4083
internal_value=-5.30888e-05 0.00021066 -0.00989812 0.000712861 0.00989606 -0.000517219 0.0149414 -0.00784249
internal_weight=1711.05 1685.06 79.7513 1605.31 189.629 1415.68 104.012 39.8891
internal_count=163284 161122 26384 134738 19530 115208 26994 8573
is_linear=0
shrinkage=0.0750466


Tree=275
num_leaves=9
num_cat=0
split_feature=27 16 116 27 116 16 57 48
split_gain=1.32562 6.93248 5.01294 2.38783 2.94488 3.20197 3.12952 2.04937
threshold=32.500000000000007 -68.659999999999982 11379.470000000003 23.500000000000004 2134.6100000000001 -68.659999999999982 3.5000000000000004 1.0000000180025095e-35
decision_type=2 2 8 2 10 2 2 2
left_child=3 -2 -3 7 6 -6 -5 -1
right_child=1 2 -4 4 5 -7 -8 -9
leaf_value=-0.00095009878992451601 -0.048189836359825065 -0.0073188044767530918 0.097072058762977351 -0.021689203050568016 0.016992868046536543 0.09819014201706637 0.033719774286894683 0.0090372964068801565
leaf_weight=1524.2452952400563 16.103131235544428 7.6710844014069117 3.9119727824872843 12.154020445454082 6.4560561283597053 4.7459688089547836 10.879974335836776 125.21779363463611
leaf_count=121001 6514 4391 2536 3074 2830 2745 3464 16729
internal_value=-5.25813e-05 -0.0163405 0.0279374 0.000215252 0.0198321 0.0513938 0.00448291 -0.000191913
internal_weight=1711.39 27.6862 11.5831 1683.7 34.236 11.202 23.034 1649.46
internal_count=163284 13441 6927 149843 12113 5575 6538 137730
is_linear=0
shrinkage=0.0750466


Tree=276
num_leaves=9
num_cat=0
split_feature=127 13 127 127 151 137 137 149
split_gain=1.42652 1.94952 2.05531 5.66588 12.3283 8.68898 7.80689 5.63419
threshold=145.50000000000003 1.5000000000000002 1221.5000000000002 610.50000000000011 1.5000000000000002 5971.2200000000012 7430.2150000000011 1894.5000000000002
decision_type=8 2 8 10 10 10 10 10
left_child=-1 2 3 4 -2 -5 -6 -7
right_child=1 -3 -4 5 6 7 -8 -9
leaf_value=-0.014487437636915495 -0.010764301322952575 -0.020723774690979885 -0.0010544407731844974 0.028062150386904551 0.062490978836880963 -0.030228979886681058 0.0099124061950518847 0.023115215409879063
leaf_weight=37.704887890262398 214.75164152348043 24.539065416320227 1192.3311435510122 109.40933409388526 21.164358592908684 29.888529587651647 63.997099185671686 17.7874401093286
leaf_count=5079 12161 584 117342 4393 1387 7350 11641 3347
internal_value=-5.18906e-05 0.000273279 0.000585677 0.00486483 -0.00118269 0.016411 0.0229793 -0.0103268
internal_weight=1711.57 1673.87 1649.33 456.998 299.913 157.085 85.1615 47.676
internal_count=163284 158205 157621 40279 25189 15090 13028 10697
is_linear=0
shrinkage=0.0750466


Tree=277
num_leaves=9
num_cat=0
split_feature=27 8 7 74 74 27 27 20
split_gain=1.36102 4.30084 7.73645 5.51383 5.43538 8.04178 7.25084 5.69822
threshold=2.5000000000000004 6800.3600000000015 724.37500000000011 -1.0000000180025095e-35 2126.0350000000003 12.500000000000002 8.5000000000000018 8.2250000000000014
decision_type=2 2 2 2 2 2 2 2
left_child=-1 2 3 -2 -3 6 7 -6
right_child=1 4 -4 -5 5 -7 -8 -9
leaf_value=0.0014523220705594721 0.029539233999215188 -0.017848283897191716 0.021884296004990929 -0.0093671756943336897 -0.014753929839776086 -0.023323514951843673 0.059143967514218514 0.034849791449143103
leaf_weight=1136.6895193909131 23.253036767357116 174.04346832304327 88.799410561072364 174.23015488690999 33.552655415282061 41.145375625366796 18.239711594102118 21.337215886826016
leaf_count=39151 1692 51886 9350 36708 2946 14375 3819 3357
internal_value=-5.24252e-05 -0.00302915 0.00348657 -0.00478607 -0.00949887 0.00321749 0.0181504 0.00452841
internal_weight=1711.29 574.601 286.283 197.483 288.318 114.275 73.1296 54.8899
internal_count=163284 124133 47750 38400 76383 24497 10122 6303
is_linear=0
shrinkage=0.0750466


Tree=278
num_leaves=9
num_cat=0
split_feature=82 127 39 103 107 113 73 12
split_gain=1.35563 4.61314 2.11346 2.54318 9.2435 13.4485 5.1597 2.95018
threshold=6.5000000000000009 4883.5000000000009 313319.83000000002 5.5000000000000009 97.500000000000014 -1536.4999999999998 9.5000000000000018 5.5000000000000009
decision_type=2 8 2 2 2 10 2 2
left_child=2 -2 3 7 5 -5 -6 -1
right_child=1 -3 -4 4 6 -7 -8 -9
leaf_value=-0.005574699235601277 -0.025774182418312183 0.023334568772528069 -0.020582464837687366 0.11882940631030187 -0.054509251059022767 -0.0052302103724307675 0.036872846858873855 0.0020225037536598153
leaf_weight=376.88789607309445 38.02753055312678 15.031451896888028 26.792146736069299 9.5177968783973501 10.071351857015541 10.190166551608852 5.3170271729904917 1218.8731923466503
leaf_count=6102 17178 4392 9360 1940 5383 2827 4440 111662
internal_value=-5.37298e-05 -0.0118618 0.00032423 0.000667691 0.0206509 0.0546833 -0.0229347 0.000228191
internal_weight=1710.71 53.059 1657.65 1630.86 35.0963 19.708 15.3884 1595.76
internal_count=163284 21570 141714 132354 14590 4767 9823 117764
is_linear=0
shrinkage=0.0750466


Tree=279
num_leaves=9
num_cat=0
split_feature=72 150 8 148 127 141 139 80
split_gain=1.36905 4.97085 2.31661 2.08363 6.31092 2.75911 8.10927 2.5675
threshold=2506.0200000000004 5236.5900000000011 23206.245000000003 5.9250000000000007 3462.5000000000005 7.3550000000000013 1456.9550000000002 2.5000000000000004
decision_type=2 8 2 10 8 10 10 2
left_child=3 -2 -3 5 -5 7 -7 -1
right_child=1 2 -4 4 -6 6 -8 -9
leaf_value=-0.00058678681471598863 0.015860743261466304 -0.0069397019871786751 -0.034215088158906601 -0.0053106644223087241 0.072615567625198371 -0.048613264523846927 0.02905011020678152 0.0084879222087954152
leaf_weight=1347.4896440518205 32.450432076711877 37.681450672454957 32.806612422380567 16.94858507834579 8.9407648241522093 21.507791730558893 11.686240967663251 201.90324023614539
leaf_count=93801 1506 2236 3817 3945 3098 5624 3466 45791
internal_value=-5.43926e-05 -0.00844476 -0.0196342 0.00048257 0.0216008 0.0001371 -0.0212712 0.000595749
internal_weight=1711.41 102.938 70.4881 1608.48 25.8893 1582.59 33.194 1549.39
internal_count=163284 7559 6053 155725 7043 148682 9090 139592
is_linear=0
shrinkage=0.0750466


Tree=280
num_leaves=9
num_cat=0
split_feature=4 27 147 72 147 25 120 56
split_gain=1.37683 1.82355 4.22957 5.91351 3.61671 7.26544 5.08256 4.61279
threshold=1.5000000000000002 2.5000000000000004 -7681.6749999999993 -2505.8599999999992 -10789.794999999998 1525.2650000000001 182988.00000000003 3411.1250000000005
decision_type=2 2 8 2 10 2 10 2
left_child=1 -1 3 -3 7 -6 -7 -5
right_child=-2 2 -4 4 5 6 -8 -9
leaf_value=0.0020974585816243008 -0.012707528116481539 0.04940715428613212 -0.014512799004262751 -0.0068550192910400206 0.03365734016964643 -0.055905487767769019 0.025035567864992943 0.020503316712315738
leaf_weight=1094.3646948687192 47.094747581824777 13.50723346415907 139.14718110821559 319.48938106667083 40.987462945580774 10.863612974480931 7.3087685330901868 38.939721269826805
leaf_count=37743 2213 2022 14955 70374 2473 3598 2328 27578
internal_value=-5.35573e-05 0.000304446 -0.00313656 0.000535412 -0.00104538 0.0161456 -0.0233517 -0.00388281
internal_weight=1711.7 1664.61 570.243 431.096 417.589 59.1598 18.1724 358.429
internal_count=163284 161071 123328 108373 106351 8399 5926 97952
is_linear=0
shrinkage=0.0750466


Tree=281
num_leaves=9
num_cat=0
split_feature=127 10 127 8 109 123 6 127
split_gain=1.26641 2.98499 1.60496 5.9569 7.387 5.67267 3.82268 3.69947
threshold=145.50000000000003 -1.0000000180025095e-35 1221.5000000000002 25989.965000000004 1.0000000180025095e-35 19.500000000000004 54.500000000000007 610.50000000000011
decision_type=8 2 8 2 2 10 2 10
left_child=1 -1 3 7 -5 -4 -6 -2
right_child=2 -3 5 4 6 -7 -8 -9
leaf_value=-0.037390114866887564 -0.0037561287625172296 0.0053294002304743928 -0.00020988648300474379 0.058984337715485384 0.027626898500557117 -0.02801013928973593 -0.032502064305264811 0.011233963665457187
leaf_weight=16.635405293740405 284.1129629872521 20.643240384284582 1161.7778167077586 23.574801037399084 12.87156640732792 42.863329400539442 11.081171899337276 137.6472067306986
leaf_count=2943 21811 2136 111627 1993 2465 5998 2868 11443
internal_value=-5.3348e-05 -0.013734 0.000251321 0.00397441 0.0291617 -0.00119907 -0.000190354 0.00113609
internal_weight=1711.21 37.2786 1673.93 469.288 47.5275 1204.64 23.9527 421.76
internal_count=163284 5079 158205 40580 7326 117625 5333 33254
is_linear=0
shrinkage=0.0750466


Tree=282
num_leaves=9
num_cat=0
split_feature=56 12 137 11 81 127 127 151
split_gain=1.28585 3.30885 3.78347 1.7213 4.193 17.3649 6.991 6.31486
threshold=11582.655000000002 6.5000000000000009 1316.4200000000003 318.30500000000006 1.0000000180025095e-35 1221.5000000000002 3001.5000000000005 9.5000000000000018
decision_type=2 2 8 2 2 10 10 8
left_child=3 -2 -3 -1 5 -5 -6 -8
right_child=1 2 -4 4 6 -7 7 -9
leaf_value=-0.0010962634875468467 0.017634443306402237 0.027064454886335351 -0.061754742912322892 0.040612334483193839 -0.0098364576266353164 -0.013132630763166411 0.033842317801454379 -0.011568886543542919
leaf_weight=1309.1178405833798 9.2701664595224447 3.5895905417200975 10.91247634171941 71.623596584457118 166.7969963596006 64.211634439599948 48.554144366557011 26.7469177585117
leaf_count=48794 2199 901 11933 7928 47547 14442 16435 13105
internal_value=-5.24986e-05 -0.0173847 -0.03977 0.000191729 0.00465319 0.0152062 -0.00126783 0.0177123
internal_weight=1710.82 23.7722 14.5021 1687.05 377.933 135.835 242.098 75.3011
internal_count=163284 15033 12834 148251 99457 22370 77087 29540
is_linear=0
shrinkage=0.0750466


Tree=283
num_leaves=9
num_cat=0
split_feature=50 5 149 5 5 127 112 58
split_gain=1.30543 4.36607 5.08426 2.13764 4.51476 4.32953 3.77058 3.46159
threshold=1.0000000180025095e-35 63.500000000000007 636.50000000000011 67.500000000000014 61.500000000000007 3233.5000000000005 720815.33500000008 4177.2050000000008
decision_type=2 2 10 2 2 10 10 2
left_child=3 2 -2 4 6 -5 7 -1
right_child=1 -3 -4 5 -6 -7 -8 -9
leaf_value=-0.0027119657536962887 0.020474923353791651 0.01755863708599098 -0.071683904734289428 -0.00041288532636882334 0.01302245910535965 -0.027341511859242624 0.01668349633741675 0.0089926443797556793
leaf_weight=1121.3144821243568 4.9342299079071408 12.124830858530911 10.644695835553646 122.70393675337255 160.12146691255111 46.319228684147674 69.801018830687099 162.99128888399173
leaf_count=80787 396 3719 6920 5503 10682 4581 12520 38176
internal_value=-5.36389e-05 -0.0162119 -0.0424949 0.000212301 0.00110582 -0.00779243 -0.000303313 -0.00122653
internal_weight=1710.96 27.7038 15.5789 1683.25 1514.23 169.023 1354.11 1284.31
internal_count=163284 11035 7316 152249 142165 10084 131483 118963
is_linear=0
shrinkage=0.0750466


Tree=284
num_leaves=9
num_cat=0
split_feature=72 147 38 125 150 58 112 58
split_gain=1.33799 5.34002 2.31672 4.07992 4.50776 3.03273 3.49436 3.23304
threshold=2506.0200000000004 -100216.99499999998 1.0000000180025095e-35 -2063.0949999999998 1.0000000180025095e-35 941.47000000000014 164689.20000000004 5823.4300000000012
decision_type=2 10 2 8 10 2 10 2
left_child=2 -2 -1 -4 -5 -6 -7 -8
right_child=1 -3 3 4 5 6 7 -9
leaf_value=0.0010336274448183784 -0.027457848279370197 0.0069689639804905246 -0.065884825781335754 -0.03189010332572384 0.04569584106382521 -0.040832001289584419 -0.018710647242675703 0.064977235178112783
leaf_weight=1549.49700393291 45.732939395308676 57.004978164437489 7.4859828601929621 22.420369139454124 10.267236977504583 8.4535027226920665 5.0792931052546901 5.3259339212881969
leaf_count=135905 2183 5376 5153 3237 3175 2886 2007 3362
internal_value=-5.26138e-05 -0.00835585 0.00047772 -0.0141139 -0.0065953 0.0128759 -0.00499216 0.0241251
internal_weight=1711.27 102.738 1608.53 59.0323 51.5463 29.126 18.8587 10.4052
internal_count=163284 7559 155725 19820 14667 11430 8255 5369
is_linear=0
shrinkage=0.0750466


Tree=285
num_leaves=9
num_cat=0
split_feature=0 142 7 71 108 52 116 5
split_gain=1.15083 2.88486 1.57074 3.99994 3.13729 2.93558 11.99 5.99044
threshold=70230055.500000015 105570.00000000001 2050.3150000000005 1.5000000000000002 1.0000000180025095e-35 1.0000000180025095e-35 -1.0000000180025095e-35 57.500000000000007
decision_type=2 10 2 2 2 2 10 2
left_child=2 -2 3 4 -1 -4 -7 -8
right_child=1 -3 5 -5 -6 6 7 -9
leaf_value=-0.0027972297916238889 0.0054207780485860989 -0.022018924184221574 0.002118710057664959 0.029252819948126361 0.02355500153502919 0.092051833389149226 -0.029537658952211332 0.047150108506017606
leaf_weight=974.22736648608134 42.550621085341845 43.782345176212402 565.1552194647029 23.440795421454823 26.126135872194936 10.42568308441332 16.859989361247248 8.6955096521578508
leaf_count=97541 1919 3523 32905 940 3075 2456 16852 4073
internal_value=-5.16093e-05 -0.00849482 0.00039698 -0.00139093 -0.00210899 0.00344197 0.0242264 -0.00344389
internal_weight=1711.26 86.333 1624.93 1023.79 1000.35 601.136 35.9812 25.5555
internal_count=163284 5442 157842 101556 100616 56286 23381 20925
is_linear=0
shrinkage=0.0750466


Tree=286
num_leaves=9
num_cat=0
split_feature=33 32 115 151 10 151 113 150
split_gain=1.34294 7.3384 5.11408 5.57587 1.54046 2.73969 3.30698 2.23916
threshold=115002.37000000001 10.500000000000002 1.0000000180025095e-35 1.0000000180025095e-35 567.17500000000007 1.0000000180025095e-35 -562.99999999999989 6174.3750000000009
decision_type=2 2 8 10 2 8 8 8
left_child=4 2 3 -2 5 6 -1 -6
right_child=1 -3 -4 -5 7 -7 -8 -9
leaf_value=-0.0022217476617662399 0.081629822631331089 0.033218217381348288 -0.059538127218427973 -0.053604375164915875 0.017774419550540817 0.00049014576468050001 -0.02476251571581586 0.0015376623764661141
leaf_weight=108.71771286040894 3.5823291187480226 12.217361961707864 17.536230636060282 3.29792105371871 64.124998212919309 1257.9132371905753 55.30394073210482 188.30527484226695
leaf_count=8711 835 1788 7956 3833 4842 123045 3143 9131
internal_value=-5.12602e-05 -0.0142653 -0.0380248 0.0168078 0.000259733 -0.000699362 -0.00982192 0.00566229
internal_weight=1711 36.6338 24.4165 6.88025 1674.37 1421.93 164.022 252.43
internal_count=163284 14412 12624 4668 148872 134899 11854 13973
is_linear=0
shrinkage=0.0750466


Tree=287
num_leaves=9
num_cat=0
split_feature=135 13 135 138 138 140 140 116
split_gain=1.25973 1.33585 1.17351 2.48529 6.57433 4.54509 4.62656 3.29798
threshold=-136.99999999999997 1.5000000000000002 -1567.4999999999998 19815.575000000004 48897.205000000009 3519.0050000000006 5236.5900000000011 11379.470000000003
decision_type=10 2 10 10 10 10 10 8
left_child=1 2 3 5 -5 -1 -7 -6
right_child=-2 -3 -4 4 7 6 -8 -9
leaf_value=-0.0015196591123553174 -0.016504131454664062 -0.015534282593429233 0.002654623961485103 -0.029113390587460423 -0.0081183381530598071 0.055293229121416668 0.0063048001873500636 0.041587372523342013
leaf_weight=760.19247194905802 25.811353249186141 29.845472593675368 759.7631665021363 54.655656332681247 16.552645804289568 15.875977398780377 34.348581624279177 13.773662072224399
leaf_count=32553 2162 822 96854 14237 4912 2260 5653 3831
internal_value=-5.04764e-05 0.000201565 0.00048531 -0.0013554 -0.013565 -7.50705e-05 0.02179 0.0144571
internal_weight=1710.82 1685.01 1655.16 895.399 84.982 810.417 50.2246 30.3263
internal_count=163284 161122 160300 63446 22980 40466 7913 8743
is_linear=0
shrinkage=0.0750466


Tree=288
num_leaves=9
num_cat=0
split_feature=22 33 64 129 11 24 103 11
split_gain=1.50858 4.08844 8.85991 7.72885 6.84041 5.02477 7.16276 6.45341
threshold=319.2050000000001 1.0000000180025095e-35 1.0000000180025095e-35 1.5000000000000002 180.44000000000003 1.0000000180025095e-35 3.5000000000000004 180.44000000000003
decision_type=2 2 2 10 2 2 2 2
left_child=-1 5 4 -4 -3 7 -7 -2
right_child=1 2 3 -5 -6 6 -8 -9
leaf_value=0.0017190200069187663 -0.019945263904872473 0.071800580186242302 -0.067705980238502383 0.085635234693181933 -0.00041636948438549958 0.0077670421629166203 -0.029356229631851489 0.00058328470286765036
leaf_weight=1049.7787131421483 185.18662172452605 17.411215852989702 9.0829396741892179 2.3251123847194313 12.83047049115339 239.5113936108628 33.347358172912209 161.4231797852226
leaf_count=39651 5014 2260 8416 3155 7687 61625 16217 19259
internal_value=-4.94314e-05 -0.00285753 0.0199025 -0.036453 0.0411615 -0.00438779 0.00323003 -0.0103847
internal_weight=1710.9 661.118 41.6497 11.4081 30.2417 619.469 272.859 346.61
internal_count=163284 123633 21518 11571 9947 102115 77842 24273
is_linear=0
shrinkage=0.0750466


Tree=289
num_leaves=9
num_cat=0
split_feature=22 17 28 74 22 140 141 127
split_gain=1.40798 4.63701 6.4284 4.28891 7.22053 6.47495 7.2384 3.79287
threshold=6061.1650000000009 3.5000000000000004 1395.8750000000002 2512.6750000000006 19850.095000000005 1998.6300000000003 2.2850000000000006 444.50000000000006
decision_type=2 2 2 2 2 8 10 10
left_child=-1 3 -3 7 -5 -6 -7 -2
right_child=1 2 -4 4 5 6 -8 -9
leaf_value=0.0011950633778045104 0.0029187667927337633 0.057782468074104303 -0.0044513154267746581 -0.029685979845771038 0.085475950026813394 -0.0046971033894896291 0.074373451782624569 -0.014834881543485501
leaf_weight=1281.4936352521181 95.669722418650053 15.824979664146666 22.838762271594533 17.158513756587126 8.7471818374779087 28.156832432388001 8.4854158829402859 232.41809891171306
leaf_count=55779 15798 764 5158 2392 1233 8995 4352 68813
internal_value=-5.1033e-05 -0.00377073 0.0210208 -0.00622451 0.0117852 0.0274625 0.0136136 -0.00965795
internal_weight=1710.79 429.3 38.6637 390.636 62.5479 45.3894 36.6422 328.088
internal_count=163284 107505 5922 101583 16972 14580 13347 84611
is_linear=0
shrinkage=0.0750466


Tree=290
num_leaves=9
num_cat=0
split_feature=33 151 21 33 33 135 6 33
split_gain=1.30385 3.98636 1.56008 1.82852 4.39053 3.7457 2.29351 2.03408
threshold=115002.37000000001 1.0000000180025095e-35 1.0000000180025095e-35 17595.285000000003 62662.055000000008 -1263.4999999999998 61.500000000000007 4895.2500000000009
decision_type=2 10 2 2 2 8 2 2
left_child=2 -2 -1 7 6 -6 -5 -4
right_child=1 -3 3 4 5 -7 -8 -9
leaf_value=0.0069196447416935928 -0.0019989916600662537 -0.065023740874717961 -0.00051469007565618482 -0.0061587999720732868 0.055906333289911951 -0.022407442610321467 -0.055538750573548214 0.019699696513490544
leaf_weight=176.84758369374686 29.451309956439218 6.9945395814966096 1431.9084579374003 8.387412148502337 6.809665870066965 6.95051048168534 14.378876456730721 28.595444355880318
leaf_count=3970 4062 10350 125591 1998 3773 2913 7127 3500
internal_value=-5.19843e-05 -0.0140944 0.000253766 -0.000533689 -0.0171186 0.0163486 -0.0373465 -0.000118909
internal_weight=1710.32 36.4458 1673.88 1497.03 36.5265 13.7602 22.7663 1460.5
internal_count=163284 14412 148872 144902 15811 6686 9125 129091
is_linear=0
shrinkage=0.0750466


Tree=291
num_leaves=9
num_cat=0
split_feature=134 125 72 134 134 125 151 151
split_gain=1.37105 2.02564 4.27707 3.36452 1.79573 4.60393 6.95209 4.2556
threshold=1378588.4800000002 -28173.074999999993 1708.4500000000003 214834.95000000004 529449.63500000013 -367.86499999999995 1.5000000000000002 3.5000000000000004
decision_type=10 8 2 10 10 8 10 10
left_child=1 2 3 -1 -3 -6 -7 -8
right_child=-2 4 -4 -5 5 6 7 -9
leaf_value=0.044078166255698291 -0.018076003064868285 -6.4216031208621946e-05 -0.047403403883133417 -0.029918442123603856 -0.024341287987528382 -0.0016115531146672121 0.083581290380133677 0.026114117519944361
leaf_weight=7.5986337544736688 23.439239045897921 1562.8911082521827 14.940288209973003 6.3549376723640307 17.356077363197528 43.082689735529129 10.464496439577486 23.680543909755215
leaf_count=2636 4549 132863 3084 3973 5928 1889 1277 7085
internal_value=-5.04932e-05 0.000200048 -0.0194995 0.0103776 0.00054346 0.0105846 0.0184338 0.0437262
internal_weight=1709.81 1686.37 28.8939 13.9536 1657.47 94.5838 77.2277 34.145
internal_count=163284 158735 9693 6609 149042 16179 10251 8362
is_linear=0
shrinkage=0.0750466


Tree=292
num_leaves=9
num_cat=0
split_feature=6 23 134 11 12 22 56 97
split_gain=1.29955 3.59202 4.64671 4.34814 2.12362 8.30075 3.1917 6.38321
threshold=289.50000000000006 1.5000000000000002 93605.400000000009 180.44000000000003 5.5000000000000009 -9370.4499999999989 280.34000000000003 130.50000000000003
decision_type=2 2 10 2 2 2 2 2
left_child=4 -2 -3 -4 5 -1 -6 -8
right_child=1 2 3 -5 6 -7 7 -9
leaf_value=0.010385819432159913 -0.010041055893508233 0.055272292298479804 0.038282627182143716 -0.02368027252618898 0.0024750419304181348 -0.013302197706110184 -0.0041152906917060186 -0.055964737836921345
leaf_weight=124.72687729707104 29.984692075017847 16.327716249317746 11.564907475443762 14.221836768218052 1092.8804016229969 250.93069004775316 154.46025933017972 14.639957800755836
leaf_count=870 4290 579 436 4843 90134 6105 48266 7761
internal_value=-4.9852e-05 0.0098108 0.0239449 0.00410901 -0.00048398 -0.00543724 0.00099047 -0.00860419
internal_weight=1709.74 72.0992 42.1145 25.7867 1637.64 375.658 1261.98 169.1
internal_count=163284 10148 5858 5279 153136 6975 146161 56027
is_linear=0
shrinkage=0.0750466


Tree=293
num_leaves=9
num_cat=0
split_feature=8 149 27 64 64 6 12 123
split_gain=1.44898 5.13102 4.49824 7.58868 8.34791 4.74712 4.2917 3.43936
threshold=9683.5850000000009 4617.5000000000009 3.5000000000000004 3948.2500000000005 11572.960000000001 180.50000000000003 4.5000000000000009 19.500000000000004
decision_type=2 10 2 2 2 2 2 10
left_child=1 -1 -3 5 -5 -4 -2 -8
right_child=6 2 3 4 -6 -7 7 -9
leaf_value=-0.00011593307474464833 0.013008401786381111 0.035264799753157286 0.024038049131659533 0.11974265712278245 -0.00055742816386241474 -0.02362828058518027 -0.0031605762142168084 -0.029905543773191275
leaf_weight=761.12995948517437 92.013216594263213 45.522303689089313 17.544862842081784 6.1250453108495986 6.9178930260650304 35.731950555717049 716.06741047283003 28.144759315799092
leaf_count=57737 1033 1320 1940 2112 3328 4945 86263 4606
internal_value=-4.90274e-05 0.00208956 0.0170988 0.00462958 0.0559362 -0.00793104 -0.00228159 -0.00417202
internal_weight=1709.2 872.972 111.842 66.3198 13.0429 53.2768 836.225 744.212
internal_count=163284 71382 13645 12325 5440 6885 91902 90869
is_linear=0
shrinkage=0.0750466


Tree=294
num_leaves=9
num_cat=0
split_feature=83 64 83 83 112 107 107 112
split_gain=1.36865 7.22431 3.068 2.83647 5.57587 7.99902 13.6894 2.52481
threshold=175657.12500000003 10202.01 92470.055000000008 53371.560000000005 164689.20000000004 103.50000000000001 182.50000000000003 139352.40000000002
decision_type=2 2 2 2 8 2 2 8
left_child=2 -2 3 -1 -5 -6 -7 -4
right_child=1 -3 7 4 5 6 -8 -9
leaf_value=-0.0003949795436815664 0.045623116698368812 -0.036310592947380087 0.012709492933720411 -0.018621055468258953 0.0006821068907319972 0.13595819340378387 -0.01819608109479217 -0.03641205988533943
leaf_weight=1606.7525931484929 17.253670213751324 9.3427316851002598 7.9352606634201974 14.856250669297877 15.497211335539761 8.7877973466784152 5.1432565294144288 22.899562074002461
leaf_count=131076 4481 5170 2123 3973 2097 3691 3123 7550
internal_value=-4.94933e-05 0.0168416 -0.000316602 0.000121429 0.018858 0.0377785 0.0790454 -0.0237708
internal_weight=1708.47 26.5964 1681.87 1651.04 44.2845 29.4283 13.9311 30.8348
internal_count=163284 9651 153633 143960 12884 8911 6814 9673
is_linear=0
shrinkage=0.0750466


Tree=295
num_leaves=9
num_cat=0
split_feature=102 147 135 81 72 58 127 135
split_gain=1.38994 1.75375 1.70794 4.8984 2.50159 3.08993 6.44493 5.746
threshold=1.0000000180025095e-35 -140209.23499999996 -348.99999999999994 20172.080000000005 2506.0200000000004 3684.2700000000004 444.50000000000006 -1355.4999999999998
decision_type=2 10 10 2 2 2 8 8
left_child=2 -2 4 -4 5 -1 -7 -8
right_child=1 -3 3 -5 -6 6 7 -9
leaf_value=0.00021867619856853673 0.0024648840621297363 -0.023544040988290493 -0.0001693090483692611 -0.043488733290772713 -0.010916629090982431 0.04934530378181292 -0.011117060116093513 0.015256660593604008
leaf_weight=1249.9967654541333 27.384633441361075 31.278139531403212 63.865239088228009 19.097065833040688 94.672919794081281 21.036666298285127 73.00758006948854 128.25931590630489
leaf_count=87328 1067 3906 4329 6157 6424 3086 17801 33186
internal_value=-5.10118e-05 -0.0114027 0.000352593 -0.010141 0.000908168 0.00166853 0.00982098 0.00568985
internal_weight=1708.6 58.6628 1649.94 82.9623 1566.97 1472.3 222.304 201.267
internal_count=163284 4973 158311 10486 147825 141401 54073 50987
is_linear=0
shrinkage=0.0750466


Tree=296
num_leaves=9
num_cat=0
split_feature=95 24 74 5 95 107 71 5
split_gain=1.30288 1.42202 4.72246 7.41562 5.59665 4.78138 3.62236 6.41085
threshold=5.5000000000000009 8.5000000000000018 2806.0050000000006 49.500000000000007 1.0000000180025095e-35 52.500000000000007 1.0000000180025095e-35 39.500000000000007
decision_type=2 2 2 2 2 2 2 2
left_child=1 -1 4 -4 5 -3 7 -7
right_child=-2 2 3 -5 -6 6 -8 -9
leaf_value=0.00018385374773187036 0.012472138664347657 0.036623368557834407 0.077060526801837462 -0.035275676740104567 0.029353392779601417 -0.046543619947940623 -0.049855949324023083 0.0099423997195650423
leaf_weight=1555.7362038625579 45.547479012857366 7.0498044829291748 8.2959075405688036 5.5061800637540719 13.804219201798331 20.416420578454563 27.086853497987249 25.387328749773587
leaf_count=104251 3369 619 3109 2734 4284 17355 5112 22451
internal_value=-5.0175e-05 -0.000393087 -0.00873893 0.0322453 -0.0147731 -0.0223929 -0.0281008 -0.0152355
internal_weight=1708.83 1663.28 107.547 13.8021 93.7446 79.9404 72.8906 45.8037
internal_count=163284 159915 55664 5843 49821 45537 44918 39806
is_linear=0
shrinkage=0.0750466


Tree=297
num_leaves=9
num_cat=0
split_feature=63 9 9 137 8 6 20 142
split_gain=1.24986 3.66383 6.21705 2.47779 1.54642 2.7724 2.73883 5.74205
threshold=8.5000000000000018 389.19000000000005 2798.8850000000007 28105.610000000004 -8804.7999999999975 31.500000000000004 55.415000000000006 309672.00000000006
decision_type=2 2 2 8 2 2 2 8
left_child=4 -2 3 -3 5 -1 -7 -8
right_child=1 2 -4 -5 -6 6 7 -9
leaf_value=0.03514358787611363 0.070391726507480962 -0.045625760296584453 0.073399610620744168 0.021379758386802963 -0.00087584822912278968 -0.0051300953534314502 0.069057511138537281 -0.0083218362732969398
leaf_weight=18.261722415340046 5.5506896609986169 9.6564953623874299 4.9741899997138708 4.5834597066614178 1581.2657977084955 62.36544715627133 9.640827207098484 12.281456441476619
leaf_count=2106 1598 3698 2475 3481 136435 7607 2506 3378
internal_value=-5.05129e-05 0.0166863 0.00117163 -0.0240585 -0.000296671 0.00863397 0.00289042 0.0257075
internal_weight=1708.58 24.7648 19.2141 14.24 1683.82 102.549 84.2877 21.9223
internal_count=163284 11252 9654 7179 152032 15597 13491 5884
is_linear=0
shrinkage=0.0750466


Tree=298
num_leaves=9
num_cat=0
split_feature=10 18 107 116 148 27 125 7
split_gain=1.22179 6.16989 4.13381 8.14183 5.2038 4.25681 4.1486 6.75947
threshold=-627.07499999999993 1.0000000180025095e-35 38.500000000000007 77957.780000000013 14.170000000000002 13.500000000000002 -1.0000000180025095e-35 3181.8900000000008
decision_type=2 2 2 8 8 2 8 2
left_child=1 -1 -3 4 6 -5 -4 -8
right_child=-2 2 3 5 -6 -7 7 -9
leaf_value=0.016909218586849458 0.0009437216214097866 -0.024113259159197854 -0.020001279433728335 0.06619426882329113 -0.061692107742613023 0.00081616961032998073 -0.0015290151124112967 0.072394360996401369
leaf_weight=63.778073474390112 1372.4084984033025 74.329260610451456 67.582379947097706 13.299097048929982 9.9101217211518797 9.6999252820423845 90.19682199458839 7.5495364414846327
leaf_count=3019 83511 3859 29940 2686 3596 3319 28673 4681
internal_value=-4.97145e-05 -0.00410329 -0.00902001 -0.0033608 -0.00887063 0.0386208 -0.00570441 0.00418053
internal_weight=1708.75 336.345 272.567 198.238 175.239 22.999 165.329 97.7464
internal_count=163284 79773 76754 72895 66890 6005 63294 33354
is_linear=0
shrinkage=0.0750466


Tree=299
num_leaves=9
num_cat=0
split_feature=4 102 9 52 4 83 52 20
split_gain=1.34398 1.63989 2.53228 1.996 8.01829 5.54638 5.20217 6.8731
threshold=1.5000000000000002 1.0000000180025095e-35 1206.4850000000004 73897.235000000015 1.0000000180025095e-35 53371.560000000005 118596.87000000001 6276.0250000000005
decision_type=2 2 2 2 2 2 2 2
left_child=1 3 -3 -1 5 -5 -7 -8
right_child=-2 2 -4 4 -6 6 7 -9
leaf_value=0.0012496255374159332 -0.012565456354015427 0.0050152717320056323 -0.026647330769441559 -0.034891649164210621 0.097815257542635911 -0.042945917153533061 0.10913318354762246 -0.029305463541133246
leaf_weight=1548.6432643699318 46.998044714011485 26.21182275591309 31.110369843698209 38.752387476651165 3.4332056656967316 4.5857715995862227 5.2755831800832294 3.2727207290863589
leaf_count=96443 2213 2048 2872 44119 1274 3545 5307 5463
internal_value=-5.0518e-05 0.000303532 -0.0121689 0.00074927 -0.0132579 -0.0206073 0.0215388 0.0561319
internal_weight=1708.28 1661.29 57.3222 1603.96 55.3197 51.8865 13.1341 8.5483
internal_count=163284 161071 4920 156151 59708 58434 14315 10770
is_linear=0
shrinkage=0.0750466


Tree=300
num_leaves=9
num_cat=0
split_feature=96 20 55 127 134 127 46 9
split_gain=1.26395 6.39475 5.34829 6.45791 4.70694 5.08133 4.15066 5.76319
threshold=1.0000000180025095e-35 55.415000000000006 1.0000000180025095e-35 4159.5000000000009 80233.200000000012 145.50000000000003 1.0000000180025095e-35 2506.1000000000004
decision_type=2 2 2 8 8 8 2 2
left_child=1 -1 -3 -4 -2 -6 -7 -8
right_child=4 2 3 -5 5 6 7 -9
leaf_value=0.00053846534782104238 0.013975770702650346 -0.026959247112407068 -0.02108856592818251 0.056408169854491055 -0.036573403008984651 0.001867910763687297 -0.043948784640069113 0.01403864802567944
leaf_weight=679.26415533976069 150.65177033785403 90.956929873016634 13.999137990251258 10.673254292338241 21.422413922919077 699.77690320750935 26.179396667499532 15.290980905087961
leaf_count=30786 15555 5950 4554 1690 3126 91059 7373 3191
internal_value=-5.05301e-05 -0.00223871 -0.0185532 0.0124365 0.00185391 -0.000540546 0.000500822 -0.0225676
internal_weight=1708.21 794.893 115.629 24.6724 913.321 762.67 741.247 41.4704
internal_count=163284 42980 12194 6244 120304 104749 101623 10564
is_linear=0
shrinkage=0.0750466


Tree=301
num_leaves=9
num_cat=0
split_feature=82 149 82 7 82 22 83 64
split_gain=1.20345 8.38599 2.43874 3.67201 2.65055 2.06103 1.57559 6.28263
threshold=6.5000000000000009 4894.5000000000009 8.5000000000000018 132.94500000000002 12.500000000000002 34410.730000000003 53371.560000000005 13076.395000000002
decision_type=2 8 2 2 2 2 2 2
left_child=6 2 -2 -4 -5 -3 -1 -8
right_child=1 5 3 4 -6 -7 7 -9
leaf_value=-0.00016596754650324456 -0.056026893567537837 0.052655014525004505 -0.064818349478471052 0.029435912159344983 -0.036264588982985325 -0.0003725127338753094 0.022562992631417148 -0.038091080726130239
leaf_weight=1590.1949748754441 14.384030439863634 10.403894227556522 6.0903676267535074 9.1091805941650801 5.5747150454935754 6.8432907421965856 53.764962707222367 11.713350955517852
leaf_count=125116 6315 1393 3171 3828 2634 4229 11311 5287
internal_value=-5.05927e-05 -0.0112473 -0.0322737 -0.015827 0.00449283 0.0316149 0.000303806 0.0117126
internal_weight=1708.08 52.4055 35.1583 20.7743 14.6839 17.2472 1655.67 65.4783
internal_count=163284 21570 15948 9633 6462 5622 141714 16598
is_linear=0
shrinkage=0.0750466


Tree=302
num_leaves=9
num_cat=0
split_feature=134 141 149 141 104 104 97 58
split_gain=1.19665 4.67115 5.26174 4.82197 4.19132 8.06057 8.65592 5.03115
threshold=214834.95000000004 1.1700000000000002 1894.5000000000002 3.5050000000000003 8269.6500000000015 39921.000000000007 1.0000000180025095e-35 694.42000000000007
decision_type=8 10 10 10 2 2 2 2
left_child=1 -1 3 -3 -2 7 -7 -6
right_child=4 2 -4 -5 5 6 -8 -9
leaf_value=0.0035506481919767587 -0.0037219572388392523 0.043242841109100767 -0.028566626785337168 -0.020718934442455598 0.062831822433170523 0.06988177425028258 -0.034360254696891412 0.0056393358510963753
leaf_weight=815.47276390598745 746.73086761428658 13.640841724078202 54.890048713488795 12.930621233435884 21.50629653685246 5.5924491157984475 22.682001820418918 14.505367973912142
leaf_count=72453 49516 2545 11257 2692 3970 1285 11726 7840
internal_value=-4.99871e-05 0.00183892 -0.0152963 0.0121168 -0.002139 0.0162482 -0.0137421 0.0397949
internal_weight=1707.95 896.934 81.4615 26.5715 811.017 64.2861 28.2745 36.0117
internal_count=163284 88947 16494 5237 74337 24821 13011 11810
is_linear=0
shrinkage=0.0750466


Tree=303
num_leaves=9
num_cat=0
split_feature=148 18 18 58 125 72 12 128
split_gain=1.24955 7.88061 4.14194 10.0853 1.68981 4.92115 3.61185 2.59977
threshold=5.9250000000000007 3102.7650000000003 36158.410000000011 5823.4300000000012 -28173.074999999993 1708.4500000000003 6.5000000000000009 5692.1350000000011
decision_type=10 2 2 2 8 2 2 10
left_child=4 -2 -3 -4 5 6 -1 -6
right_child=1 2 3 -5 7 -7 -8 -9
leaf_value=0.066265982735969786 0.073265027626474064 -0.037027525896917039 -0.055312531696526432 0.11928861067221998 -0.00052760398379673057 -0.050261481450484702 -0.015291730386100382 0.017214269081827913
leaf_weight=4.7350800231870407 9.1044428246386833 12.656125349018113 3.663490374785396 3.7914724716220007 1603.8777295510918 13.828171418330383 8.6352782610156265 47.904801833045894
leaf_count=700 552 2682 1857 2695 131923 3049 5601 14225
internal_value=-5.08193e-05 0.0153362 -0.0108886 0.0334868 -0.000318565 -0.0188723 0.0135917 -1.30563e-05
internal_weight=1708.2 29.2155 20.1111 7.45496 1678.98 27.1985 13.3704 1651.78
internal_count=163284 7786 7234 4552 155498 9350 6301 146148
is_linear=0
shrinkage=0.0750466


Tree=304
num_leaves=9
num_cat=0
split_feature=2 73 85 85 150 112 85 73
split_gain=1.10165 1.71846 1.65263 4.52216 9.29919 5.33893 4.90659 3.73681
threshold=1.0000000180025095e-35 1.0000000180025095e-35 39354.150000000009 8269.6500000000015 56366.985000000008 444316.4150000001 20560.050000000003 9.5000000000000018
decision_type=2 2 2 2 8 10 2 2
left_child=-1 -2 3 7 5 -5 -6 -3
right_child=1 2 -4 4 6 -7 -8 -9
leaf_value=-0.0047731518570595056 0.010433566799928511 0.00087237305431891782 -0.011423997610333646 -0.0075262470629451159 0.073369626919220721 0.049707898796129503 0.015905663593695735 -0.011860925931799307
leaf_weight=239.26867215312086 95.846307440981036 1048.1585358731045 67.34777892962029 64.839784434689136 18.868774097823916 10.692984527283441 15.03815334443061 148.14836542490775
leaf_count=2137 3106 58099 32370 24800 2855 5126 3138 31653
internal_value=-5.09931e-05 0.000718177 4.00117e-05 0.000631302 0.0152332 0.000576247 0.0478836 -0.000704494
internal_weight=1708.21 1468.94 1373.09 1305.75 109.44 75.5328 33.9069 1196.31
internal_count=163284 161147 158041 125671 35919 29926 5993 89752
is_linear=0
shrinkage=0.0750466


Tree=305
num_leaves=9
num_cat=0
split_feature=12 22 10 22 11 6 6 145
split_gain=1.23622 5.35992 2.45714 6.099 4.78296 4.1337 4.77 3.98572
threshold=5.5000000000000009 -9370.4499999999989 -627.07499999999993 -3026.8199999999993 18.395000000000003 20.500000000000004 47.500000000000007 5.5000000000000009
decision_type=2 2 2 2 2 2 2 8
left_child=1 -1 3 7 -5 -6 -7 -2
right_child=2 -3 -4 4 5 6 -8 -9
leaf_value=0.0087685316282693736 0.0021231672390623962 -0.0099305715383730068 0.002818013140886796 -0.04846456033051464 0.029305301132078378 -0.041176020956539064 -0.005936150762935721 0.042944981007224804
leaf_weight=128.85932606059941 37.133773950987234 261.60029904001567 1015.0337196965593 17.016119215514664 16.211037487277281 24.466902975349512 186.75304668896024 21.138697858670639
leaf_count=890 5884 6359 77728 2860 3217 5638 58835 1873
internal_value=-5.06765e-05 -0.0037595 0.00104827 -0.00488575 -0.0100867 -0.00721526 -0.0100182 0.0169315
internal_weight=1708.21 390.46 1317.75 302.72 244.447 227.431 211.22 58.2725
internal_count=163284 7249 156035 78307 70550 67690 64473 7757
is_linear=0
shrinkage=0.0750466


Tree=306
num_leaves=9
num_cat=0
split_feature=97 142 97 24 18 22 18 5
split_gain=1.21684 6.347 4.48887 3.5037 3.1789 4.54045 3.35102 3.15569
threshold=147.50000000000003 105570.00000000001 116.50000000000001 1.5000000000000002 1949.6600000000001 78916.440000000017 111286.64000000001 44.500000000000007
decision_type=2 10 2 2 2 2 2 2
left_child=2 -2 -1 -4 -3 7 -7 -6
right_child=1 4 3 -5 5 6 -8 -9
leaf_value=0.00011761009241765776 0.06121932221921466 -0.05139743146653019 -0.0052619492229719188 -0.060533154805337622 -0.0058585504844378116 -0.075650082341243541 0.02432567358303498 0.058395360146424637
leaf_weight=1638.698563027373 11.126513696061009 6.5078313927260778 13.679616033086861 12.23809176018767 7.9228283618849735 5.1403695746203066 2.9844918557737401 9.4269368359928176
leaf_count=141215 2125 812 2000 5474 2204 3945 2678 2831
internal_value=-5.01187e-05 0.0123982 -0.000372497 -0.0313605 -0.00458634 0.00737218 -0.0389262 0.0290536
internal_weight=1707.73 43.109 1664.62 25.9177 31.9825 25.4746 8.12486 17.3498
internal_count=163284 14595 148689 7474 12470 11658 6623 5035
is_linear=0
shrinkage=0.0750466


Tree=307
num_leaves=9
num_cat=0
split_feature=24 103 103 134 81 139 118 85
split_gain=1.20884 3.23616 3.16351 13.3112 3.43172 7.34516 7.07682 4.40142
threshold=1.0000000180025095e-35 9.5000000000000018 5.5000000000000009 160466.40000000002 166963.90500000003 332.09000000000009 5692.1350000000011 39354.150000000009
decision_type=2 2 2 10 2 10 10 2
left_child=-1 2 4 -4 7 6 -6 -2
right_child=1 -3 3 -5 5 -7 -8 -9
leaf_value=-0.0011930947693062346 0.0070195220359969496 -0.038945300899016932 0.085037095517187203 -0.04493889441701647 -0.05998836206136593 0.071645270475722569 0.04743568966891179 -0.02706432307270043
leaf_weight=1286.0180107244669 343.90376536822168 9.9081182382060415 11.440982420434013 7.2495160824273617 18.227850617733573 3.9235207430047003 4.2612027625773399 22.749719739522334
leaf_count=48497 71043 5861 4180 5706 10199 2625 3035 12138
internal_value=-4.97652e-05 0.00343723 0.00445708 0.0346231 0.00302267 -0.0231035 -0.0396338 0.00490472
internal_weight=1707.68 421.665 411.757 18.6905 393.066 26.4126 22.4891 366.653
internal_count=163284 114787 108926 9886 99040 15859 13234 83181
is_linear=0
shrinkage=0.0750466


Tree=308
num_leaves=9
num_cat=0
split_feature=11 28 58 20 28 16 97 11
split_gain=1.22271 3.4848 2.33982 2.5297 4.03366 6.2106 6.26908 4.45856
threshold=318.30500000000006 21895.940000000006 3684.2700000000004 836.7600000000001 1395.8750000000002 -4047.3549999999991 1.5000000000000002 52.845000000000006
decision_type=2 2 2 2 2 2 2 2
left_child=1 2 3 4 7 -6 -7 -1
right_child=-2 -3 -4 -5 5 6 -8 -9
leaf_value=-0.0004743399098608594 0.0036256670846462366 -0.018007444189102391 0.011934672955416737 -0.012409693373464373 -0.033449020710767642 0.016111985370739473 -0.012299383351815473 0.012860077161320257
leaf_weight=642.21300110308948 392.37511970588184 65.602409063162668 82.712441942567239 102.1290840981419 45.795189127227786 65.871618405391928 130.18781709992618 181.0334610210557
leaf_count=9044 112617 10277 4983 5075 3279 3257 7815 6937
internal_value=-5.105e-05 -0.00114767 -0.000262795 -0.00112713 -4.52863e-05 -0.00856594 -0.00275379 0.00245792
internal_weight=1707.92 1315.55 1249.94 1167.23 1065.1 241.855 196.059 823.246
internal_count=163284 50667 40390 35407 30332 14351 11072 15981
is_linear=0
shrinkage=0.0750466


Tree=309
num_leaves=9
num_cat=0
split_feature=4 25 149 64 64 64 137 30
split_gain=1.20995 1.47594 2.84719 6.44867 7.76673 4.0381 2.63652 2.91906
threshold=1.5000000000000002 35114.595000000008 3317.0000000000005 3948.2500000000005 9022.4400000000023 25194.515000000003 1316.4200000000003 1.5000000000000002
decision_type=2 2 10 2 2 2 8 2
left_child=1 -1 6 -4 -5 -6 -3 -8
right_child=-2 2 3 4 5 -7 7 -9
leaf_value=0.00067297267362636864 -0.011965834357130866 0.013507210151958781 -0.036981165944324379 0.17098227675966399 -0.043818722666125361 0.076927159580793228 -0.050395802209953294 0.013774748473381336
leaf_weight=1612.4656913806093 46.683630346327845 7.4630617052098387 7.7476887103002836 2.4323227486274828 3.3169532763595271 2.9447282091441593 19.700101574698241 5.0071327135983656
leaf_count=130538 2213 2019 6037 2136 3294 3136 9986 3925
internal_value=-5.03221e-05 0.000284557 -0.0125993 0.0128059 0.0571738 0.0129654 -0.0255834 -0.0373911
internal_weight=1707.76 1661.08 48.612 16.4417 8.694 6.26168 32.1703 24.7072
internal_count=163284 161071 30533 14603 8566 6430 15930 13911
is_linear=0
shrinkage=0.0750466


Tree=310
num_leaves=9
num_cat=0
split_feature=0 72 18 113 38 83 120 113
split_gain=1.17549 1.60186 4.61944 6.29763 2.16212 5.15496 2.32809 2.05876
threshold=70230055.500000015 2506.0200000000004 3102.7650000000003 -653.99999999999989 1.0000000180025095e-35 60197.185000000005 182988.00000000003 -562.99999999999989
decision_type=2 2 2 10 2 2 8 8
left_child=1 4 -3 -4 -1 6 -6 -8
right_child=-2 2 3 -5 5 -7 7 -9
leaf_value=0.0015664983588939909 -0.0085953237963802449 -0.021086014071857017 -0.015391809448715836 0.047174308044591703 -0.042345039788281358 0.045319912409379631 0.010306443800181985 -0.028791898496131521
leaf_weight=1464.5508403768035 86.092856000132088 63.266335754738975 20.41186913025831 16.293020685197916 19.349562474160848 7.3533351105215834 15.334905096109649 15.008228341470387
leaf_count=130875 5442 1840 2519 3145 5473 4203 5393 4394
internal_value=-5.00981e-05 0.000403588 -0.00879852 0.0123808 0.00100818 -0.0133256 -0.0220037 -0.00903226
internal_weight=1707.66 1621.57 99.9712 36.7049 1521.6 57.046 49.6927 30.3431
internal_count=163284 157842 7504 5664 150338 19463 15260 9787
is_linear=0
shrinkage=0.0750466


Tree=311
num_leaves=9
num_cat=0
split_feature=151 147 6 134 147 147 134 151
split_gain=1.26211 3.18069 5.10491 5.14604 4.30797 4.67768 5.98512 3.99657
threshold=4.5000000000000009 -31205.244999999999 145.50000000000003 80233.200000000012 -23472.079999999998 -12321.749999999998 187492.32000000004 10.500000000000002
decision_type=10 10 2 10 10 8 10 10
left_child=-1 -2 4 -4 -3 6 -6 -5
right_child=1 2 3 7 5 -7 -8 -9
leaf_value=-0.00095597473432439931 -0.0045434653676978271 0.053336020713995236 0.042077128754835477 -0.0039115336828632764 -0.030020784032958915 0.033047605001398007 0.034259758880869282 -0.055561122295773771
leaf_weight=1425.933610035424 122.62087518470162 20.55288362675492 11.306139037249521 45.871530061844169 21.357206599353958 36.536270946349759 13.199797165658309 10.33932006301802
leaf_count=86454 45269 4859 2177 9364 4739 4835 2581 3006
internal_value=-4.90336e-05 0.00454043 0.0115388 -0.00411989 0.0230747 0.0143262 -0.00546744 -0.0134119
internal_weight=1707.72 281.784 159.163 67.517 91.6462 71.0933 34.557 56.2109
internal_count=163284 76830 31561 14547 17014 12155 7320 12370
is_linear=0
shrinkage=0.0750466


Tree=312
num_leaves=9
num_cat=0
split_feature=102 71 63 81 120 115 0 142
split_gain=1.07602 1.82089 2.3504 3.56674 5.65287 2.33964 2.13387 4.30902
threshold=1.0000000180025095e-35 1.5000000000000002 8.5000000000000018 120485.42000000003 154836.00000000003 -1.0000000180025095e-35 15842220.000000002 52785.000000000007
decision_type=2 2 2 2 10 8 2 10
left_child=1 2 5 4 -4 -1 7 -7
right_child=-2 -3 3 -5 -6 6 -8 -9
leaf_value=-0.01477670445832892 -0.010118898125328783 0.016591456973347657 0.000897625770619641 -0.022160684586668897 0.089488722757942785 0.017024884116986556 0.00092775597820789592 -0.018329095787728702
leaf_weight=61.483606997517199 57.744319793137038 37.769350608716195 8.5875111806854019 6.7440721029834085 7.6881515528530135 25.384707719946164 1419.9351822751541 82.57891222827493
leaf_count=4360 4973 1656 2231 4540 3739 696 128933 12156
internal_value=-4.91823e-05 0.000303186 -7.83544e-05 0.02373 0.0427455 -0.000423181 0.000154414 -0.0100166
internal_weight=1707.92 1650.17 1612.4 23.0197 16.2757 1589.38 1527.9 107.964
internal_count=163284 158311 156655 10510 5970 146145 141785 12852
is_linear=0
shrinkage=0.0750466


Tree=313
num_leaves=9
num_cat=0
split_feature=5 5 4 16 138 107 5 33
split_gain=1.1495 3.80348 3.1832 2.98137 4.70329 5.41664 2.50367 6.27376
threshold=67.500000000000014 63.500000000000007 1.5000000000000002 -118.94499999999998 12094.745000000001 52.500000000000007 43.500000000000007 22588.435000000001
decision_type=2 2 2 2 8 2 2 2
left_child=1 2 6 -2 -5 -6 7 -1
right_child=3 -3 -4 4 5 -7 -8 -9
leaf_value=0.0047003684264573407 0.0028079483847694765 0.014237766564500905 -0.021617307017747087 -0.031083053158077242 0.036320762355422857 -0.029149568702817867 -0.0031229583946224037 -0.031052662564448864
leaf_weight=687.59463704430345 99.652692847103026 107.32170026523818 38.78653627129097 48.548131677998754 15.995262894124609 12.82242404606586 668.3180157560746 28.799375813127881
leaf_count=58162 3348 7653 2041 3355 1087 4915 68624 14099
internal_value=-4.7973e-05 0.000614104 -0.000413024 -0.00577348 -0.016827 0.00718975 0.00018092 0.00326308
internal_weight=1707.84 1530.82 1423.5 177.019 77.3658 28.8177 1384.71 716.394
internal_count=163284 150579 142926 12705 9357 6002 140885 72261
is_linear=0
shrinkage=0.0750466


Tree=314
num_leaves=9
num_cat=0
split_feature=80 33 149 151 134 112 84 11
split_gain=1.30552 5.31005 5.05333 4.83681 3.14417 6.04465 4.46232 6.65803
threshold=2.5000000000000004 8897.4100000000017 352.50000000000006 9.5000000000000018 527473.65000000014 139352.40000000002 1.5000000000000002 271.98500000000007
decision_type=2 2 8 8 10 10 2 2
left_child=-1 2 -2 4 5 -4 7 -7
right_child=1 -3 3 -5 -6 6 -8 -9
leaf_value=-0.00088609725602367044 -0.037545922138482977 -0.039313235948428456 0.0098908621294100888 -0.0035412823260102945 -0.011496258341793734 0.024156997561466349 0.0077607888809505489 0.091753596689558556
leaf_weight=1467.5935754918642 12.986486571700878 14.266169943412022 68.135319991970391 82.435008173202732 15.961820563848958 15.562157234009645 12.920552626035713 17.362257222986955
leaf_count=106452 2374 11314 11323 17541 4609 959 4245 4467
internal_value=-4.75164e-05 0.00508831 0.00789905 0.0106779 0.0196986 0.0240671 0.045136 0.0598032
internal_weight=1707.22 239.63 225.364 212.377 129.942 113.98 45.845 32.9244
internal_count=163284 56832 45518 43144 25603 20994 9671 5426
is_linear=0
shrinkage=0.0750466


Tree=315
num_leaves=9
num_cat=0
split_feature=149 81 81 131 131 16 137 81
split_gain=1.14077 3.338 3.27628 3.23804 11.4839 3.35426 2.31503 1.5873
threshold=5660.5000000000009 1.0000000180025095e-35 15997.960000000001 123.16500000000001 909.07500000000016 -118.94499999999998 4483.3200000000006 15997.960000000001
decision_type=10 2 2 10 8 2 10 2
left_child=7 6 -3 5 -5 -4 -2 -1
right_child=1 2 3 4 -6 -7 -8 -9
leaf_value=0.00074120087637222112 0.035762319232097169 -0.023505963758174011 0.032045077050201085 0.13356748697612217 -0.024598356515458632 -0.01984570088105872 0.0043535422300742923 -0.0048296336710278859
leaf_weight=1205.4697988003618 28.320419955445686 28.397952826416258 10.53490604099534 4.6512149510199352 5.820959190285067 21.00289697466178 24.781450600588869 378.50388461566581
leaf_count=60596 934 2941 1954 1888 3326 6277 3979 81389
internal_value=-4.83345e-05 0.00689831 -0.00381607 0.00949393 0.045651 -0.00251208 0.0211045 -0.000589997
internal_weight=1707.48 123.51 70.4079 42.01 10.4722 31.5378 53.1019 1583.97
internal_count=163284 21299 16386 13445 5214 8231 4913 141985
is_linear=0
shrinkage=0.0750466


Tree=316
num_leaves=9
num_cat=0
split_feature=135 135 140 99 39 39 140 11
split_gain=1.19231 5.12498 3.74447 2.60715 2.39566 4.29416 3.75272 2.64084
threshold=-927.99999999999989 -989.49999999999989 3519.0050000000006 1.0000000180025095e-35 11730.585000000001 146848.72000000003 13973.205000000002 -1.0000000180025095e-35
decision_type=8 10 10 2 2 2 8 2
left_child=1 4 -3 -2 7 -6 -7 -1
right_child=3 2 -4 -5 5 6 -8 -9
leaf_value=-0.022661597251057278 -0.0035543174879005481 0.0065358398027314012 0.051819094879533088 0.015580731316689335 -0.058230828437464251 0.022372121519145055 -0.035470170849052178 0.0019304182712715503
leaf_weight=25.288006144585779 666.03293254034179 22.231267053102783 19.137505279823017 42.671456026326268 10.731366967002939 15.118945246827936 10.850854472620084 895.10670734719588
leaf_count=3362 51856 1219 4461 2071 3137 4774 3926 88478
internal_value=-4.81049e-05 0.00162281 0.0274842 -0.00240219 0.000504995 -0.0182974 -0.00179589 0.00125475
internal_weight=1707.17 998.465 41.3688 708.704 957.096 36.7012 25.9698 920.395
internal_count=163284 109357 5680 53927 103677 11837 8700 91840
is_linear=0
shrinkage=0.0750466


Tree=317
num_leaves=9
num_cat=0
split_feature=96 10 137 10 113 140 5 116
split_gain=1.16406 4.16346 5.02321 7.49472 6.61904 5.46762 8.68791 4.51298
threshold=1.0000000180025095e-35 -627.07499999999993 16998.050000000003 298.7000000000001 -562.99999999999989 7173.1900000000014 51.500000000000007 19720.290000000005
decision_type=2 2 8 2 8 10 2 8
left_child=-1 7 3 5 -5 -3 -7 -2
right_child=1 2 -4 4 -6 6 -8 -9
leaf_value=-0.0021489311374463839 -0.012141819254946097 0.002126795570986315 -0.0053755071106148375 0.05180957643971934 0.0050784576993894576 0.06176825527155521 -0.0067645625262914219 0.012346804392753168
leaf_weight=793.94398918413208 188.41165670520149 365.18030771666599 193.22239777837149 39.703050637133856 29.945596425543044 22.985661009057367 19.05367748169374 54.684833114162757
leaf_count=42980 49402 21752 23838 3668 1946 2798 2234 14666
internal_value=-4.72388e-05 0.00178002 0.00483213 0.00896817 0.0317174 0.00507726 0.0307068 -0.00663308
internal_weight=1707.13 913.187 670.091 476.868 69.6486 407.22 42.0393 243.096
internal_count=163284 120304 56236 32398 5614 26784 5032 64068
is_linear=0
shrinkage=0.0750466


Tree=318
num_leaves=9
num_cat=0
split_feature=95 73 153 72 153 127 73 113
split_gain=1.1082 1.6508 10.639 4.85366 4.92182 6.89611 4.68565 6.91769
threshold=5.5000000000000009 9.5000000000000018 31829.355000000007 1708.4500000000003 9905.9850000000024 3001.5000000000005 6.5000000000000009 -409.99999999999994
decision_type=2 2 8 2 8 10 2 10
left_child=1 6 3 4 -3 -6 -1 -8
right_child=-2 2 -4 -5 5 -7 7 -9
leaf_value=-0.0011951791764206626 0.011460288369092646 -0.02415166294576095 -0.069678912708344212 0.0085055751419824341 -0.020340346737870871 0.13122524713993453 0.0053874198945821593 0.044983185050293993
leaf_weight=1278.7111648676055 45.858649683101248 61.286347862157072 14.112331716763945 101.8729961771387 4.0839557206163581 2.8850642873458128 169.25444154266324 29.12626322145934
leaf_count=70754 3369 32984 3146 15586 2977 2828 26582 5058
internal_value=-4.81407e-05 -0.000365814 -0.00706406 -0.00187009 -0.017356 0.0424054 0.000469671 0.0112009
internal_weight=1707.19 1661.33 184.241 170.128 68.2554 6.96902 1477.09 198.381
internal_count=163284 159915 57521 54375 38789 5805 102394 31640
is_linear=0
shrinkage=0.0750466


Tree=319
num_leaves=9
num_cat=0
split_feature=8 107 138 112 74 72 107 16
split_gain=1.37351 2.97647 5.3642 5.15644 5.5891 2.56372 2.28294 3.73895
threshold=-8804.7999999999975 22.500000000000004 21996.515000000003 190026.00000000003 659.20500000000015 1624.8900000000001 22.500000000000004 -3350.2649999999999
decision_type=2 2 10 10 2 2 2 2
left_child=1 -1 -3 -4 -5 -6 -2 -8
right_child=6 2 3 4 5 -7 7 -9
leaf_value=-0.011585344501686657 0.0021793199271291112 0.042962720773531499 -0.028404833783544119 0.073857750811492165 -0.034973762008234342 0.02192149455876434 -0.014449820697293704 -0.0010357757939600464
leaf_weight=30.029164107516408 819.58906686623232 27.133018399334105 19.519455707708403 8.2145097923548764 7.3405807764629598 11.368426108969286 143.17042881529414 640.92210438339453
leaf_count=681 12597 3359 4534 1987 4459 1623 19893 114151
internal_value=-4.91647e-05 0.00832539 0.0164517 0.000963407 0.0222553 -0.000401669 -0.000590199 -0.0034851
internal_weight=1707.29 103.605 73.576 46.443 26.9235 18.709 1603.68 784.093
internal_count=163284 16643 15962 12603 8069 6082 146641 134044
is_linear=0
shrinkage=0.0750466


Tree=320
num_leaves=9
num_cat=0
split_feature=64 113 9 127 135 64 113 58
split_gain=1.10541 3.63365 4.82324 9.7444 3.06582 1.44092 3.82349 1.21454
threshold=25194.515000000003 -562.99999999999989 938.67500000000007 3462.5000000000005 -989.49999999999989 34151.395000000011 -1355.4999999999998 15734.315000000001
decision_type=2 10 2 10 10 2 10 2
left_child=7 4 -3 -4 5 -2 -7 -1
right_child=1 2 3 -5 -6 6 -8 -9
leaf_value=-8.2697495040067083e-05 -0.038713213461868665 -0.043138883777406961 -0.029100884512271719 0.11856774235199838 -0.060856770225704314 -0.025251035025452132 0.042526192147403885 0.011405443609969385
leaf_weight=1601.5749110588104 7.6359371929174804 4.5823881582400636 4.7177963615022218 5.3944916460900458 9.2274316398575156 12.80780176461667 7.3937445173987735 53.5623540870738
leaf_count=126388 2495 2271 1945 3404 4477 3657 3039 15608
internal_value=-4.86544e-05 -0.0108483 0.0207314 0.0496743 -0.0233683 -0.0109419 -0.000444642 0.000289073
internal_weight=1706.9 51.7596 14.6947 10.1123 37.0649 27.8375 20.2015 1655.14
internal_count=163284 21288 7620 5349 13668 9191 6696 141996
is_linear=0
shrinkage=0.0750466


Tree=321
num_leaves=9
num_cat=0
split_feature=135 112 0 0 10 7 112 125
split_gain=1.02099 1.19317 5.36691 5.2797 8.53326 6.3642 4.53749 3.7682
threshold=-136.99999999999997 228031.20000000004 31507133.500000004 26921913.500000004 -193.11999999999998 1065.7050000000002 529449.63500000013 -2639.3199999999993
decision_type=10 10 2 2 2 2 10 8
left_child=1 -1 3 7 5 -5 -4 -3
right_child=-2 2 6 4 -6 -7 -8 -9
leaf_value=0.0012560828083445709 -0.015015935250002348 -0.034634447230295073 -0.019377608860033948 0.023515029920772774 0.045625032185438015 -0.056090121807083386 0.0050378684166711438 0.0024463606623513737
leaf_weight=1301.9773359083847 25.287416329975713 18.298581196103896 140.01281504756844 12.543188920195464 38.110355618991889 10.301485398946168 61.787459564560777 98.618328161868703
leaf_count=102957 2162 8278 16924 3640 2624 3180 9711 13808
internal_value=-4.84707e-05 0.000176599 -0.00352518 0.00597859 0.0238853 -0.0123818 -0.011902 -0.00335713
internal_weight=1706.94 1681.65 379.672 177.872 60.955 22.8447 201.8 116.917
internal_count=163284 161122 58165 31530 9444 6820 26635 22086
is_linear=0
shrinkage=0.0750466


Tree=322
num_leaves=9
num_cat=0
split_feature=80 31 5 31 31 105 5 28
split_gain=1.21278 3.88652 5.14443 5.04456 6.88814 3.62695 5.886 3.12394
threshold=2.5000000000000004 18195.095000000005 40.500000000000007 3706.1800000000007 1497.6650000000002 1.0000000180025095e-35 45.500000000000007 28503.825000000004
decision_type=2 2 2 2 2 2 2 2
left_child=-1 3 -3 4 5 7 -7 -2
right_child=1 2 -4 -5 -6 6 -8 -9
leaf_value=-0.00085792752811321795 0.0030785307021225692 0.080374945241632953 0.0034091042972726744 -0.027226815975817699 0.06225346656018959 0.004301269565148402 0.076507484134883993 -0.025317238250409563
leaf_weight=1466.5806274615043 123.40959408213894 8.6043236481164076 11.333477117126675 28.855642792734216 11.690170393565493 20.421741003395258 9.2327195588022715 26.50679336769872
leaf_count=106452 14701 3140 5925 10860 3174 5778 2758 10496
internal_value=-4.85467e-05 0.00489626 0.0366244 0.00202238 0.00643522 0.00280142 0.0267822 -0.00194214
internal_weight=1706.64 240.054 19.9378 220.117 191.261 179.571 29.6545 149.916
internal_count=163284 56832 9065 47767 36907 33733 8536 25197
is_linear=0
shrinkage=0.0750466


Tree=323
num_leaves=9
num_cat=0
split_feature=50 113 142 39 74 145 96 95
split_gain=1.12406 3.10349 4.58912 1.71036 3.66672 2.31656 1.51189 3.37873
threshold=1.0000000180025095e-35 -1079.9999999999998 769464.67500000016 351900.43000000005 1790.595 5.5000000000000009 1.0000000180025095e-35 4.5000000000000009
decision_type=2 10 10 2 2 8 2 2
left_child=3 -2 -3 6 5 -5 -1 -8
right_child=1 2 -4 4 -6 -7 7 -9
leaf_value=-0.001920464128028594 0.0095196436680005467 -0.072736714388600285 0.020795230204179688 -0.018472078370060804 0.020846511167673755 -0.0768695727181683 0.0015245417920811035 0.022337034069604789
leaf_weight=777.31897422424117 13.935529148880962 8.7712762600876868 4.4549681656299063 10.390870489318337 8.4518583277895214 6.0551855316298306 831.07740037669464 46.38230342278257
leaf_count=40444 2582 4252 4201 4541 2197 2185 99691 3191
internal_value=-4.90129e-05 -0.0151938 -0.0412325 0.000195891 -0.0193273 -0.0399731 0.000489638 0.00262468
internal_weight=1706.84 27.1618 13.2262 1679.68 24.8979 16.4461 1654.78 877.46
internal_count=163284 11035 8453 152249 8923 6726 143326 102882
is_linear=0
shrinkage=0.0750466


Tree=324
num_leaves=9
num_cat=0
split_feature=82 115 52 57 97 126 97 134
split_gain=1.17256 2.63793 3.25246 12.8346 2.24174 4.56305 1.93744 4.48519
threshold=6.5000000000000009 6092.5500000000011 1.0000000180025095e-35 2.5000000000000004 104.50000000000001 85.475000000000009 147.50000000000003 93605.400000000009
decision_type=2 8 2 2 2 8 2 10
left_child=6 2 -2 -4 5 -3 -1 -8
right_child=1 4 3 -5 -6 -7 7 -9
leaf_value=-7.1579851587332728e-05 -0.039365654626185936 0.071751678936730803 -0.045857309474656181 0.17480610187542467 -0.025774154484911736 -0.012091184679197124 0.062037705619926137 0.0012089827133152768
leaf_weight=1620.5022761006503 22.930364129695594 6.6037827710415522 5.0903229413852378 2.0956874897192392 7.1782192265964104 8.1894583123794291 9.4260958598570124 24.758434618909178
leaf_count=131991 4843 3940 5254 2998 3478 1057 1587 8136
internal_value=-4.76033e-05 -0.0111342 -0.0255595 0.0184957 0.00863847 0.0253367 0.000301393 0.017982
internal_weight=1706.77 52.0878 30.1164 7.18601 21.9715 14.7932 1654.69 34.1845
internal_count=163284 21570 13095 8252 8475 4997 141714 9723
is_linear=0
shrinkage=0.0750466


Tree=325
num_leaves=9
num_cat=0
split_feature=81 128 17 112 24 5 7 74
split_gain=1.10226 5.00854 6.28327 4.45363 5.39159 5.16195 4.87271 7.51144
threshold=15997.960000000001 17903.090000000004 3.5000000000000004 57007.80000000001 4.5000000000000009 55.500000000000007 2050.3150000000005 582.92500000000007
decision_type=2 8 2 10 2 2 2 2
left_child=-1 3 -3 -2 -5 6 7 -6
right_child=1 2 -4 4 5 -7 -8 -9
leaf_value=0.0010418557661440238 -0.033879384627751398 -0.011509931142545626 0.028102457412898164 0.026835417781080839 0.035467677728234892 -0.075738343772551384 0.045362746621333834 -0.067516396253572641
leaf_weight=1286.6337436412332 11.61588837565432 282.80032413073423 24.506252091014176 69.70034919011141 7.1808006172859775 5.6225994369178798 9.7879765117777406 8.973417917065488
leaf_count=68450 3240 56692 3413 13834 3408 3189 4534 6524
internal_value=-4.80098e-05 -0.00338523 -0.00835103 0.0101336 0.0151823 -0.0105498 0.00357884 -0.0217384
internal_weight=1706.82 420.188 307.307 112.881 101.265 31.5648 25.9422 16.1542
internal_count=163284 94834 60105 34729 31489 17655 14466 9932
is_linear=0
shrinkage=0.0750466


Tree=326
num_leaves=9
num_cat=0
split_feature=80 33 9 135 125 82 52 17
split_gain=1.0679 4.71056 4.38557 4.48899 4.72006 3.86954 3.26525 4.96839
threshold=2.5000000000000004 8897.4100000000017 116.42500000000003 -1840.4999999999998 -3860.5749999999994 3.5000000000000004 61011.600000000013 2.5000000000000004
decision_type=2 2 2 10 10 2 2 2
left_child=5 2 -2 -4 6 -1 -5 -8
right_child=1 -3 3 4 -6 -7 7 -9
leaf_value=-7.5153752854510819e-05 0.031591218717144938 -0.038019172363828339 -0.019245120406745468 0.0066051153910365919 0.03873392600916601 -0.021047255463927911 -0.058935424369961568 0.072679141840258796
leaf_weight=1414.3925127494413 35.022856578754727 13.780800244233431 41.182919443646824 114.94158858557239 24.667696384056399 51.348038763338991 9.2212302363195686 1.958437970453814
leaf_count=87776 3540 11314 5480 17630 5996 18676 11939 933
internal_value=-4.89668e-05 0.00458298 0.00716935 0.00271388 0.00871125 -0.000809852 0.0028392 -0.0358794
internal_weight=1706.52 240.776 226.995 191.972 150.789 1465.74 126.121 11.1797
internal_count=163284 56832 45518 41978 36498 106452 30502 12872
is_linear=0
shrinkage=0.0750466


Tree=327
num_leaves=9
num_cat=0
split_feature=60 151 140 60 97 142 80 24
split_gain=1.34805 3.10717 6.23902 2.0433 3.2388 1.959 1.95831 3.84918
threshold=1079.3350000000003 4.5000000000000009 13973.205000000002 433.49500000000006 11.500000000000002 238705.50000000003 3.5000000000000004 1.0000000180025095e-35
decision_type=2 10 8 2 2 8 2 2
left_child=3 5 -3 -1 -5 -2 7 -4
right_child=1 2 6 4 -6 -7 -8 -9
leaf_value=1.0127789711176994e-05 -0.009951455951422333 0.054957957016074685 -0.04011879875836423 -0.0060639547385564953 0.044571867894767692 -0.04569813618878206 -0.052245871246294963 0.050523793563471434
leaf_weight=1615.7185803345201 19.651510471516303 10.086928462947979 5.9297881865422877 13.674562877640712 14.829294702741207 15.400870325883259 6.4134505566516955 4.7538513308172696
leaf_count=139832 2779 2975 1818 1838 3572 2551 3941 3978
internal_value=-4.88578e-05 -0.0108905 0.00815065 0.000361515 0.0202796 -0.0256574 -0.0194647 0.00021403
internal_weight=1706.46 62.2364 27.184 1644.22 28.5039 35.0524 17.0971 10.6836
internal_count=163284 18042 12712 145242 5410 5330 9737 5796
is_linear=0
shrinkage=0.0750466


Tree=328
num_leaves=9
num_cat=0
split_feature=60 22 25 60 60 153 68 127
split_gain=1.17595 2.80902 3.4252 5.75202 1.7111 2.94297 1.8106 6.44105
threshold=1079.3350000000003 78916.440000000017 803.5100000000001 3791.7800000000002 433.49500000000006 1214.0550000000003 112.76500000000001 3233.5000000000005
decision_type=2 2 2 2 2 8 8 8
left_child=4 2 -2 -4 6 -6 -1 -8
right_child=1 -3 3 -5 5 -7 7 -9
leaf_value=-0.00032125924939386803 -0.017198370337945159 -0.046226372729408292 -0.027482871286261687 0.059062819735227694 -0.0016093183416712588 0.046958062982408774 0.043734580237435212 -0.034428031676690979
leaf_weight=1588.2216150287618 33.646589976178802 10.187588138868703 7.3473331145069123 10.514440386403292 17.055997900974038 11.950007810643909 18.838211186575794 8.670689081958697
leaf_count=132719 3862 8082 2387 3711 1496 3914 4147 2966
internal_value=-4.78652e-05 -0.0102197 -0.00309813 0.0234628 0.000333693 0.0183997 9.36766e-06 0.0190981
internal_weight=1706.43 61.696 51.5084 17.8618 1644.74 29.006 1615.73 27.5089
internal_count=163284 18042 9960 6098 145242 5410 139832 7113
is_linear=0
shrinkage=0.0750466


Tree=329
num_leaves=9
num_cat=0
split_feature=107 22 142 131 142 125 104 25
split_gain=1.17425 3.521 2.9738 2.75935 4.67897 4.90579 4.39869 7.55352
threshold=12.500000000000002 -5649.0549999999994 238705.50000000003 568.90500000000009 52785.000000000007 -2639.3199999999993 2404.6500000000005 16350.765000000001
decision_type=2 2 8 10 10 10 2 2
left_child=1 -1 -3 -2 -5 6 -6 -8
right_child=3 2 -4 4 5 -7 7 -9
leaf_value=0.0088560739684984541 -0.00015726558319135208 0.0046832045953223997 -0.0097261127256095554 -0.054027252585229259 -0.022949804388257562 0.026119380117651116 0.049599038054390948 -0.051231730846778331
leaf_weight=275.88334421813488 982.5615888258676 157.64975549536757 165.18706524575828 13.322792150383973 72.090018957967004 20.581243932473626 13.112840564688669 6.145289819869503
leaf_count=2250 117438 2597 2674 1401 19498 4520 6429 6477
internal_value=-4.73051e-05 0.00263048 -0.00268966 -0.00149452 -0.0119848 -0.00698058 -0.0144382 0.0174238
internal_weight=1706.53 598.72 322.837 1107.81 125.252 111.929 91.3481 19.2581
internal_count=163284 7521 5271 155763 38325 36924 32404 12906
is_linear=0
shrinkage=0.0750466


Tree=330
num_leaves=9
num_cat=0
split_feature=21 16 16 115 10 7 10 9
split_gain=1.11426 3.93205 2.87574 6.36819 4.73135 4.62061 4.44805 5.93572
threshold=1.0000000180025095e-35 -1222.1199999999997 -6095.0899999999992 -164.97999999999999 3952.5500000000006 2282.7150000000006 39.975000000000001 511.12500000000006
decision_type=2 2 2 8 2 2 2 2
left_child=1 -1 5 -4 6 -2 -5 -8
right_child=2 -3 3 4 -6 -7 7 -9
leaf_value=0.018606505129205489 -0.016313004188143933 -0.0034010876529261334 -0.041333360327583384 -0.00043908439204401543 -0.034213858683856263 0.0012707011723943587 -0.0075175963842960001 0.016435632646378723
leaf_weight=75.946584869394428 155.8933373906566 114.89449715290903 19.653009122808726 833.69493047970354 20.244310328323991 182.93109491552877 78.823225737529356 223.39482911875893
leaf_count=818 10798 4983 2148 113372 2974 6588 8571 13032
internal_value=-4.7056e-05 0.00535699 -0.000727956 0.00102742 0.00174749 -0.00681957 0.0023884 0.0101883
internal_weight=1705.48 190.841 1514.63 1175.81 1156.16 338.824 1135.91 302.218
internal_count=163284 5801 157483 140097 137949 17386 134975 21603
is_linear=0
shrinkage=0.0750466


Tree=331
num_leaves=9
num_cat=0
split_feature=109 127 64 33 133 22 133 5
split_gain=1.15055 4.78952 4.35113 3.9541 10.0071 4.52102 5.34522 3.94838
threshold=1.0000000180025095e-35 263.50000000000006 1745.0100000000002 4895.2500000000009 6.5000000000000009 -5649.0549999999994 1.0000000180025095e-35 36.500000000000007
decision_type=2 8 2 2 8 2 8 2
left_child=2 7 3 5 -5 -1 -7 -2
right_child=1 -3 -4 4 -6 6 -8 -9
leaf_value=0.0055726785831560167 -0.047034575691405567 0.0036675103785536677 -0.021771755155283047 0.052686962667969704 -0.0078960317288156376 -0.0024184060261485557 -0.021815058897000736 -0.0039673061622124599
leaf_weight=291.35451920145715 19.161229707248822 721.76666672158763 57.75649061903141 26.519716884373338 36.476775292932871 420.89875025668516 98.797285924752941 32.030124149725452
leaf_count=3261 3742 109146 14580 4564 1701 20750 1039 4501
internal_value=-4.63485e-05 0.00209426 -0.00182204 -0.000503778 0.0176077 -0.00191054 -0.00610582 -0.0200876
internal_weight=1704.76 772.958 931.804 874.047 62.9965 811.051 519.696 51.1914
internal_count=163284 117389 45895 31315 6265 25050 21789 8243
is_linear=0
shrinkage=0.0750466


Tree=332
num_leaves=9
num_cat=0
split_feature=2 127 81 20 20 10 97 97
split_gain=1.01252 2.46649 6.78646 4.12708 7.82678 4.19271 7.25507 4.39019
threshold=1.0000000180025095e-35 1221.5000000000002 110435.25500000002 1.0000000180025095e-35 3.8350000000000004 39.975000000000001 36.500000000000007 130.50000000000003
decision_type=2 10 2 2 2 2 2 2
left_child=-1 2 -2 -3 -5 7 -7 -6
right_child=1 3 -4 4 5 6 -8 -9
leaf_value=-0.0045862138349317631 0.0050683395398595293 -0.0081226545519572924 -0.027959949823262612 0.035946844203274028 -0.0028326667020151007 -0.001066906742095205 0.052041104733166664 -0.04410806167424039
leaf_weight=238.06788971740752 754.32195577731181 360.54987148280634 36.74418509851148 37.232138411845881 194.74015935733496 46.111082181161692 21.123845081653599 15.681868685769585
leaf_count=2137 49542 34418 11206 4522 44081 4261 4500 8617
internal_value=-4.66387e-05 0.000690302 0.00353421 -0.00264045 0.00363671 -0.00069589 0.0156185 -0.00590875
internal_weight=1704.57 1466.51 791.066 675.439 314.889 277.657 67.2349 210.422
internal_count=163284 161147 60748 100399 65981 61459 8761 52698
is_linear=0
shrinkage=0.0750466


Tree=333
num_leaves=9
num_cat=0
split_feature=83 22 83 18 82 18 82 83
split_gain=1.21164 6.00927 2.84438 6.06927 5.38386 3.4228 2.80195 2.17007
threshold=175657.12500000003 34410.730000000003 92470.055000000008 18220.110000000004 3.5000000000000004 55363.020000000011 9.5000000000000018 53371.560000000005
decision_type=2 2 2 2 2 2 2 2
left_child=2 -2 7 -4 -5 -6 -3 -1
right_child=1 6 3 4 5 -7 -8 -9
leaf_value=-0.00033848195146434038 0.050898431318880895 0.0079953058704039862 -0.058056617942273757 0.073630398400190034 -0.062427958224456528 0.022017659059959976 -0.062570079103659471 0.016315451127596879
leaf_weight=1601.9416325259863 13.554091939282445 7.9212079384983536 14.541123918354062 4.9876893503496822 5.4602480180565163 5.3538535576058166 5.2825744963620309 45.312141679711203
leaf_count=131076 2101 4029 2188 1566 2237 3682 3521 12884
internal_value=-4.70634e-05 0.0157966 -0.000299772 -0.0230682 0.00912889 -0.0206206 -0.0202365 0.000119629
internal_weight=1704.35 26.7579 1677.6 30.3429 15.8018 10.8141 13.2038 1647.25
internal_count=163284 9651 153633 9673 7485 5919 7550 143960
is_linear=0
shrinkage=0.0750466


Tree=334
num_leaves=9
num_cat=0
split_feature=5 5 5 82 20 99 33 58
split_gain=0.972198 2.65273 3.40667 3.71721 4.26586 3.05726 4.66538 4.00399
threshold=76.500000000000014 67.500000000000014 61.500000000000007 1.0000000180025095e-35 1.6450000000000002 1.0000000180025095e-35 17595.285000000003 3184.2150000000006
decision_type=2 2 2 2 2 2 2 2
left_child=1 2 5 -4 -5 6 -1 -8
right_child=-2 -3 3 4 -6 -7 7 -9
leaf_value=-0.00042934199751592004 0.011175820735079597 -0.010492628599513807 0.016118113347620762 -0.042540949299868853 0.012703031844496301 0.016018460428969254 -0.014747888324149938 -0.075550367499421386
leaf_weight=1239.9381657476033 42.392121759523434 133.1502377740253 134.88910797545395 14.439902370348138 17.308170254927973 59.023455891643607 56.464451557671055 6.8385005462678228
leaf_count=106921 2872 9833 6318 1752 4260 4059 17234 10035
internal_value=-4.68584e-05 -0.000333103 0.000551678 0.0106803 -0.0124235 -0.000687293 -0.00144389 -0.0213163
internal_weight=1704.44 1662.05 1528.9 166.637 31.7481 1362.26 1303.24 63.303
internal_count=163284 160412 150579 12330 6012 138249 134190 27269
is_linear=0
shrinkage=0.0750466


Tree=335
num_leaves=9
num_cat=0
split_feature=85 125 151 81 151 151 33 85
split_gain=1.03881 3.94107 3.89376 11.1101 5.15818 3.06422 6.02916 7.40622
threshold=2404.6500000000005 -1112.6649999999997 18.500000000000004 69044.115000000005 11.500000000000002 5.5000000000000009 1.0000000180025095e-35 20560.050000000003
decision_type=2 10 10 2 10 8 2 2
left_child=-1 2 4 -4 5 -2 7 -7
right_child=1 -3 3 -5 -6 6 -8 -9
leaf_value=-0.00077965993660007314 -0.0016658419643497413 -0.03268849633651516 0.14889512794271426 -0.017577854851792373 -0.043664866010681001 0.046485855895254127 -0.035335436984883721 0.0031281101424413186
leaf_weight=1472.8804943731675 95.218918124068296 14.904872370778319 4.0045311838857724 5.176417131126982 11.54048549390154 42.063306116373496 10.975957298077445 46.959342159503649
leaf_count=84022 33593 6442 2765 4218 7583 6092 7007 11562
internal_value=-4.60343e-05 0.0046348 0.00721099 0.0550341 0.00508744 0.00796948 0.0171443 0.0236147
internal_weight=1703.72 230.844 215.939 9.18095 206.758 195.218 99.9986 89.0226
internal_count=163284 79262 72820 6983 65837 58254 24661 17654
is_linear=0
shrinkage=0.0750466


Tree=336
num_leaves=9
num_cat=0
split_feature=6 22 81 115 127 151 6 22
split_gain=1.12671 2.44666 2.50855 1.70303 2.13943 2.44551 5.47699 3.20271
threshold=289.50000000000006 34410.730000000003 35190.005000000012 -1.0000000180025095e-35 4883.5000000000009 1.0000000180025095e-35 40.500000000000007 -3026.8199999999993
decision_type=2 2 2 8 10 8 2 2
left_child=3 -2 -3 -1 5 6 -5 -8
right_child=1 2 -4 4 -6 -7 7 -9
leaf_value=-0.012842192487414835 0.016867119671724683 0.010556392884576927 -0.04704644790295022 0.013381604050419894 -0.011776701599842704 0.0017463185042606562 -0.035857737332561194 -0.0086626600319535899
leaf_weight=60.184891624401644 54.909795749656041 9.3825328997218111 7.7956669315135505 48.162590258638375 82.045853507762331 1324.0463483707322 34.572084204839484 82.804469952629006
leaf_count=4477 3273 2600 4275 3961 14176 121687 1256 7579
internal_value=-4.75159e-05 0.00913408 -0.0155844 -0.000453127 2.13066e-05 0.000671137 -0.00792858 -0.0166727
internal_weight=1703.9 72.088 17.1782 1631.82 1571.63 1489.59 165.539 117.377
internal_count=163284 10148 6875 153136 148659 134483 12796 8835
is_linear=0
shrinkage=0.0750466


Tree=337
num_leaves=9
num_cat=0
split_feature=102 153 7 107 107 153 107 113
split_gain=1.14388 2.49983 1.96676 4.32383 8.50774 4.17044 6.91767 4.96383
threshold=1.0000000180025095e-35 1413.4650000000001 5005.1550000000016 12.500000000000002 38.500000000000007 838.69500000000005 210.50000000000003 -927.99999999999989
decision_type=2 8 2 2 2 10 2 8
left_child=2 -2 -1 -4 -5 -6 7 -7
right_child=1 -3 3 4 5 6 -8 -9
leaf_value=-0.00040387112658605206 0.0068155159551135675 -0.024646787040350903 0.029078082823708634 -0.035869501500914051 0.038216132899567566 -0.078100727166082129 0.081694441703515072 0.0016955335025437574
leaf_weight=1528.1841849174848 25.909039194910292 31.533804661030899 41.71843222505413 25.96236874673923 25.652474087439259 6.3663419155618612 4.2925407146708485 14.146492948077599
leaf_count=138731 1307 3666 680 1356 4474 2820 3612 6638
internal_value=-4.58943e-05 -0.010456 0.000317332 0.00964646 -0.000961424 0.017 -0.0049406 -0.02307
internal_weight=1703.77 57.4428 1646.32 118.139 76.4202 50.4578 24.8054 20.5128
internal_count=163284 4973 158311 19580 18900 17544 13070 9458
is_linear=0
shrinkage=0.0750466


Tree=338
num_leaves=9
num_cat=0
split_feature=11 147 22 147 139 38 145 138
split_gain=1.22827 3.11421 3.22285 3.28255 3.11356 3.90815 2.85945 2.77096
threshold=421.10500000000008 -31205.244999999999 1.0000000180025095e-35 -41886.234999999993 456.87500000000006 1.5000000000000002 19.500000000000004 39783.845000000008
decision_type=2 8 2 10 10 2 10 8
left_child=1 2 -1 -4 5 7 -3 -2
right_child=4 6 3 -5 -6 -7 -8 -9
leaf_value=-0.032799692032112089 0.0024409081202255269 -0.0010656281673716711 -0.023355922468514492 0.029192504512471087 -0.023724825084164774 -0.036916713589133031 0.014536564173202834 0.017981424783035969
leaf_weight=34.318314445885335 184.08164596921506 1256.5632574345964 13.916946919507156 12.901693368839913 21.027181924790966 11.400939754930731 69.83319793825649 99.572519166141319
leaf_count=3563 52779 49384 3422 2113 9348 6044 2912 33719
internal_value=-4.57288e-05 -0.0010075 -0.0175678 0.00192365 0.00417622 0.0061646 -0.000244191 0.00789617
internal_weight=1703.62 1387.53 61.137 26.8186 316.082 295.055 1326.4 283.654
internal_count=163284 61394 9098 5535 101890 92542 52296 86498
is_linear=0
shrinkage=0.0750466


Tree=339
num_leaves=9
num_cat=0
split_feature=0 142 147 147 135 97 97 5
split_gain=1.06977 2.35569 1.2313 4.05043 4.56874 9.12572 6.25511 4.08342
threshold=70230055.500000015 105570.00000000001 -7681.6749999999993 -4623.8949999999995 -1749.9999999999998 1.5000000000000002 5.5000000000000009 40.500000000000007
decision_type=2 10 10 10 10 2 2 2
left_child=2 -2 -1 -4 5 -5 -6 -8
right_child=1 -3 3 4 6 -7 7 -9
leaf_value=0.0016019847280060837 0.0042558902227558754 -0.02065659016772977 -0.017140687786284244 0.047435676213781197 -0.015368829623006978 -0.0071282799717378373 -0.011004226919860392 0.017858366517379834
leaf_weight=1203.8453702891857 42.667297652380512 42.840701842253111 90.868983747729544 31.818829093208478 130.10054905781362 37.736831485472067 41.511315216715957 82.418021185287216
leaf_count=131033 1919 3523 9363 1499 4476 3649 2548 5274
internal_value=-4.48779e-05 -0.00822561 0.000387377 -0.00314063 0.000790848 0.0178325 -0.0038753 0.00819057
internal_weight=1703.81 85.508 1618.3 414.455 323.586 69.5557 254.03 123.929
internal_count=163284 5442 157842 26809 17446 5148 12298 7822
is_linear=0
shrinkage=0.0750466


Tree=340
num_leaves=9
num_cat=0
split_feature=5 33 33 107 32 150 82 82
split_gain=1.03696 5.88915 4.64772 6.35186 7.19262 4.5731 3.24186 5.60949
threshold=43.500000000000007 22588.435000000001 8897.4100000000017 22.500000000000004 3.5000000000000004 8303.6200000000008 6.5000000000000009 1.5000000000000002
decision_type=2 2 2 2 2 8 2 2
left_child=1 6 -2 -4 5 -5 7 -1
right_child=2 -3 3 4 -6 -7 -8 -9
leaf_value=0.0014308914217403454 -0.003051111244032673 -0.029800112913135734 0.04047034263220136 0.0074972702965128077 0.059132136658116362 -0.05841544877940625 -0.021888002236244902 0.019643703279094968
leaf_weight=563.75575672590821 902.35996862675256 31.257647508661648 33.474226866368554 11.457584645667339 7.1760152569113407 12.28461430495145 27.258070164858509 114.60419733865638
leaf_count=25791 72842 14910 1391 4500 3688 7422 9340 23400
internal_value=-4.46381e-05 0.00207609 -0.00166109 0.0178179 -0.00670729 -0.0266071 0.00348815 0.00450782
internal_weight=1703.63 736.876 966.752 64.3924 30.9182 23.7422 705.618 678.36
internal_count=163284 73441 89843 17001 15610 11922 58531 49191
is_linear=0
shrinkage=0.0750466


Tree=341
num_leaves=9
num_cat=0
split_feature=57 125 109 151 118 5 20 97
split_gain=1.00028 6.72931 5.93811 8.89941 2.97854 1.08787 3.50124 9.10703
threshold=6.5000000000000009 -1.0000000180025095e-35 1.0000000180025095e-35 11.500000000000002 927.0150000000001 43.500000000000007 104.79500000000002 46.500000000000007
decision_type=2 8 2 10 8 2 2 2
left_child=5 4 -3 -4 -2 6 -1 -8
right_child=1 2 3 -5 -6 -7 7 -9
leaf_value=0.0042091425049215888 -0.066088642660389552 -0.0083631551950657228 0.11702764965052719 0.013197498436649127 -0.0019105013704186489 -0.0020544578302086349 -0.02137593871289661 0.0252745219345515
leaf_weight=598.68186283067826 6.8097538570318648 12.964722369929861 8.1106944194179977 10.893483906973414 10.133270452458875 931.15354941268333 93.394438867164354 31.5231174265341
leaf_count=42967 2538 2368 1875 4202 5823 77534 15112 10865
internal_value=-4.55672e-05 0.0105314 0.0307961 0.0575106 -0.027705 -0.000358205 0.00182459 -0.00960363
internal_weight=1703.66 48.9119 31.9689 19.0042 16.943 1654.75 723.599 124.918
internal_count=163284 16806 8445 6077 8361 146478 68944 25977
is_linear=0
shrinkage=0.0750466


Tree=342
num_leaves=9
num_cat=0
split_feature=148 153 74 63 153 74 74 104
split_gain=1.03994 3.23845 3.74869 1.45445 3.66632 8.51464 8.27872 3.25055
threshold=5.9250000000000007 3489.6750000000006 2126.0350000000003 4.5000000000000009 4779.9750000000013 1588.4450000000004 2806.0050000000006 17653.650000000005
decision_type=10 10 2 2 10 2 2 2
left_child=3 -2 -3 -1 6 -6 7 -5
right_child=1 2 -4 4 5 -7 -8 -9
leaf_value=-0.0007670583305046326 0.033689954592619677 0.023711112418870001 -0.062187304086676713 0.01511306449242834 0.052106728091833199 -0.076456564886591249 0.088093979715208298 -0.034448564269505592
leaf_weight=1600.5555414291703 18.086340683919847 5.9949608094211708 5.4740936795960806 44.138196522673752 4.692973222112867 7.5995059013362152 8.1232440243193178 8.9670726567082948
leaf_count=126158 2702 2768 2316 12476 4081 5041 1963 5779
internal_value=-4.66007e-05 0.013908 -0.0172876 -0.000292965 0.0100281 -0.0273742 0.0175371 0.00674435
internal_weight=1703.63 29.5554 11.4691 1674.08 73.521 12.2925 61.2285 53.1053
internal_count=163284 7786 5084 155498 29340 9122 20218 18255
is_linear=0
shrinkage=0.0750466


Tree=343
num_leaves=9
num_cat=0
split_feature=22 0 97 134 20 112 125 22
split_gain=1.03184 6.36963 5.18695 5.53455 4.30533 1.64443 5.81966 5.11839
threshold=409658.84500000003 23493831.000000004 17.500000000000004 267444.00000000006 513279.83000000002 720815.33500000008 -3240.0249999999996 -1525.53
decision_type=2 2 2 10 2 10 10 2
left_child=5 4 -3 -4 -2 -1 7 -7
right_child=1 2 3 -5 -6 6 -8 -9
leaf_value=-0.00037045505609136002 0.093006218007624944 -0.073500013990278223 0.042439310057007906 -0.061118404252918639 -0.016301187127195194 -0.022728148968642906 0.053441495550727719 0.016687361555587969
leaf_weight=1579.7781520684402 4.4287630629210089 10.322890402732812 6.9501538738386426 4.99581325492818 3.7459077570019872 29.780421688039496 14.574485319286394 49.225340183719709
leaf_count=132293 3195 3153 3363 4519 1895 1656 2256 10954
internal_value=-4.69753e-05 -0.0137392 -0.0345374 -0.000868611 0.0429179 0.000202128 0.00986821 0.00183008
internal_weight=1703.8 30.4435 22.2689 11.946 8.17467 1673.36 93.5802 79.0058
internal_count=163284 16125 11035 7882 5090 147159 14866 12610
is_linear=0
shrinkage=0.0750466


Tree=344
num_leaves=9
num_cat=0
split_feature=27 120 113 140 140 97 97 5
split_gain=1.06982 3.04319 7.37008 7.02428 3.85172 3.75773 5.24473 3.47023
threshold=2.5000000000000004 77418.000000000015 -501.99999999999994 5236.5900000000011 25962.100000000002 32.500000000000007 63.500000000000007 63.500000000000007
decision_type=2 10 10 10 10 2 2 2
left_child=-1 2 4 -4 5 -2 -7 -3
right_child=1 7 3 -5 -6 6 -8 -9
leaf_value=0.0012868699758537966 -0.031396843849892817 0.0040247130355091443 -0.013479629722872593 0.063717932701172889 0.01803282934489895 0.022155711754020008 -0.029363475338605449 -0.014614096387337102
leaf_weight=1133.4132854651461 83.881435672250518 332.8128371365774 13.244440772054078 13.308882383062153 15.095705661657119 21.566302985029324 22.994498599307917 67.702204673489177
leaf_count=39151 12237 82981 1728 3130 3934 3223 4912 11988
internal_value=-4.73388e-05 -0.00269752 -0.0111075 0.0252128 -0.0178265 -0.022041 -0.00442949 0.000874049
internal_weight=1704.02 570.606 170.091 26.5533 143.538 128.442 44.5608 400.515
internal_count=163284 124133 29164 4858 24306 20372 8135 94969
is_linear=0
shrinkage=0.0750466


Tree=345
num_leaves=9
num_cat=0
split_feature=21 102 74 116 116 125 145 2
split_gain=0.975923 3.77769 3.45115 2.29834 1.54686 2.52041 2.64651 2.1943
threshold=1.0000000180025095e-35 1.0000000180025095e-35 513.96500000000015 1.0000000180025095e-35 -1.0000000180025095e-35 -28173.074999999993 5.5000000000000009 1.0000000180025095e-35
decision_type=2 2 2 8 8 8 10 2
left_child=2 4 -1 -3 -2 6 -6 -7
right_child=1 3 -4 -5 5 7 -8 -9
leaf_value=0.016077113025925356 -0.012428019112972857 -0.0059998774419724307 -0.004199894240018885 -0.042258841012479502 -0.0088951043267703166 -0.0068633453524311596 -0.065879364129222726 0.0019719514146598009
leaf_weight=86.626589803825482 54.937111601711877 20.26695518219276 104.0612828946505 19.147468520487109 17.478996564454977 182.07937614899129 6.2248324023066735 1212.8480890123151
leaf_count=3392 4236 2047 2409 2641 6397 1718 3094 137350
internal_value=-4.77857e-05 -0.000685447 0.00501164 -0.0236144 -7.21521e-05 0.000406334 -0.0238597 0.000818683
internal_weight=1703.67 1512.98 190.688 39.4144 1473.57 1418.63 23.7038 1394.93
internal_count=163284 157483 5801 4688 152795 148559 9491 139068
is_linear=0
shrinkage=0.0750466


Tree=346
num_leaves=9
num_cat=0
split_feature=149 74 109 112 56 74 23 112
split_gain=0.96022 3.32435 3.32908 8.23471 3.05434 3.67929 5.33819 2.63245
threshold=5660.5000000000009 1660.8950000000002 1.0000000180025095e-35 228031.20000000004 70.440000000000012 334.99500000000006 1.5000000000000002 228031.20000000004
decision_type=10 2 2 8 2 2 2 10
left_child=7 4 -3 -4 -2 -6 -7 -1
right_child=1 2 3 -5 5 6 -8 -9
leaf_value=0.0010345689135713501 0.0091308533473266913 -0.02028499626978212 -0.032035395236364395 0.047615098853981672 0.090289824891739714 -0.043068054435146226 0.074971143893236572 -0.0064857110325649411
leaf_weight=1247.7788000870719 42.405043173079321 36.639282911595728 12.793661014551619 17.056045643871585 6.6365122103070453 4.3140641237860091 4.3169841640046798 331.87797295827795
leaf_count=95539 4836 4062 1790 4732 1289 2441 2149 46446
internal_value=-4.59258e-05 0.00630873 -0.00512795 0.0134767 0.0194937 0.0482762 0.0159715 -0.000545404
internal_weight=1703.82 124.162 66.489 29.8497 57.6726 15.2676 8.63105 1579.66
internal_count=163284 21299 10584 6522 10715 5879 4590 141985
is_linear=0
shrinkage=0.0750466


Tree=347
num_leaves=9
num_cat=0
split_feature=16 108 147 52 52 9 134 9
split_gain=1.08015 5.02998 3.74684 3.32211 3.93287 5.77152 4.24373 3.28459
threshold=-176.96999999999997 1.0000000180025095e-35 -1.0000000180025095e-35 73897.235000000015 158352.72500000001 389.19000000000005 187492.32000000004 655.8850000000001
decision_type=2 2 10 2 2 2 8 2
left_child=-1 2 3 -2 6 -6 7 -5
right_child=1 -3 -4 4 5 -7 -8 -9
leaf_value=-0.001639214970550524 0.0032550438751921609 0.037266731811036659 -0.029547721561174432 0.016917335532328361 0.10972847708065366 -0.021733189123803839 -0.069090267815253459 -0.07547798314488266
leaf_weight=995.76518822240951 631.84009710717646 22.305528184688228 21.816628774568017 8.9536800481837435 2.8344798309735761 5.5904411216170047 11.787920520132046 2.8587894029606096
leaf_count=62205 58987 2850 2173 8622 2132 11025 10684 4606
internal_value=-4.58942e-05 0.00219507 0.00105417 0.00205984 -0.0215208 0.0224958 -0.0372339 -0.00544368
internal_weight=1703.75 707.988 685.682 663.865 32.0253 8.42492 23.6004 11.8125
internal_count=163284 101079 98229 96056 37069 13157 23912 13228
is_linear=0
shrinkage=0.0750466


Tree=348
num_leaves=9
num_cat=0
split_feature=64 18 83 24 149 149 147 83
split_gain=1.01106 4.02267 5.34432 5.767 6.28958 3.8018 2.18613 1.90233
threshold=25194.515000000003 18220.110000000004 110263.17000000001 10.500000000000002 2810.5000000000005 5408.5000000000009 -31205.244999999999 134898.68000000002
decision_type=2 2 2 2 8 8 10 2
left_child=7 6 3 4 -3 -6 -2 -1
right_child=1 2 -4 -5 5 -7 -8 -9
leaf_value=-6.5343129118264584e-05 -0.054981461651858923 0.063548233766708262 -0.051923559758344569 0.095106481345933386 -0.076242991016046605 0.015985997152628811 -0.0090810963369671004 0.019248184439551189
leaf_weight=1623.3440817122259 12.388564752402091 6.288703354035543 6.3117467580855182 5.2387572833863478 5.2567263302116745 4.8300846400534292 11.062205147549319 29.240000414852148
leaf_count=133896 2704 2261 4738 4101 2716 2138 2630 8100
internal_value=-4.59419e-05 -0.0104138 0.00882949 0.0265705 0.00464481 -0.032079 -0.0333293 0.000276381
internal_weight=1703.96 51.3768 27.926 21.6143 16.3755 10.0868 23.4508 1652.58
internal_count=163284 21288 15954 11216 7115 4854 5334 141996
is_linear=0
shrinkage=0.0750466


Tree=349
num_leaves=9
num_cat=0
split_feature=107 12 120 135 153 150 150 135
split_gain=1.0396 2.68315 2.66124 2.5471 2.94992 7.41637 4.51247 5.96767
threshold=12.500000000000002 5.5000000000000009 182988.00000000003 -348.99999999999994 5389.9350000000004 4363.6450000000013 10829.135000000002 -1355.4999999999998
decision_type=2 2 8 10 8 8 8 10
left_child=1 -1 -3 4 -2 -6 7 -7
right_child=3 2 -4 -5 5 6 -8 -9
leaf_value=-0.0036223964271644774 0.0016721450363080565 -0.00088222286879997987 0.012233581961469146 -0.016380540542136043 -0.042972010863439151 -0.01415768165869633 -0.0064082817360392652 0.067216166739322916
leaf_weight=241.94110055523925 798.96685891290963 152.30910038383445 203.59084074472776 60.497407939664754 29.575663695852199 9.2309577705691499 196.56346172819303 11.275772686449725
leaf_count=2154 102418 2207 3160 10595 5579 2458 32179 2534
internal_value=-4.60449e-05 0.00247535 0.00662061 -0.00140883 -0.000542597 -0.00771687 -0.00291338 0.0305863
internal_weight=1703.95 597.841 355.9 1106.11 1045.61 246.646 217.07 20.5067
internal_count=163284 7521 5367 155763 145168 42750 37171 4992
is_linear=0
shrinkage=0.0750466


Tree=350
num_leaves=9
num_cat=0
split_feature=48 11 134 137 71 0 135 102
split_gain=0.957102 3.9902 5.92958 5.05885 3.86599 3.58232 3.19348 1.97668
threshold=1.0000000180025095e-35 18.395000000000003 106977.60000000002 2950.8750000000005 1.0000000180025095e-35 26921913.500000004 -989.49999999999989 1.0000000180025095e-35
decision_type=2 2 10 10 2 2 8 2
left_child=7 -2 3 -3 6 -6 -4 -1
right_child=1 2 4 -5 5 -7 -8 -9
leaf_value=-8.0813708321649436e-05 -0.019278256610108128 0.060118527185627546 -0.052338353816725379 0.0080292491443622726 -0.015248607905302308 0.02855412380037587 0.0089724795702882873 -0.01521745027714865
leaf_weight=1520.1384102672287 27.756651717734712 21.42140087691223 12.475992523315652 20.597398170941233 17.645179056057714 26.023844384487347 7.76112307588983 50.193397834706502
leaf_count=137905 1308 1117 5167 3506 3199 2824 4232 4026
internal_value=-4.56988e-05 0.00605014 0.0126872 0.0345846 -0.00171052 0.0108549 -0.0288251 -0.000564635
internal_weight=1704.01 133.682 105.925 42.0188 63.9061 43.669 20.2371 1570.33
internal_count=163284 21353 20045 4623 15422 6023 9399 141931
is_linear=0
shrinkage=0.0750466


Tree=351
num_leaves=9
num_cat=0
split_feature=22 32 74 150 151 118 123 73
split_gain=1.25251 4.2655 11.1176 11.5677 4.07316 5.28301 4.19654 3.69276
threshold=319.2050000000001 1.0000000180025095e-35 1588.4450000000004 2710.7250000000008 1.0000000180025095e-35 329.42500000000007 19.500000000000004 8.5000000000000018
decision_type=2 2 2 10 10 8 10 2
left_child=-1 4 -3 -4 -2 7 -7 -6
right_child=1 2 3 -5 5 6 -8 -9
leaf_value=0.0015682920135539227 -0.011516896857508252 -0.017141836494113157 0.10136753433589291 -0.019832129027564392 -0.0091692155664643664 0.0061647735407400059 -0.032806527531323147 -0.056883654570140926
leaf_weight=1046.2840825390485 251.63289041448843 21.125327300306253 13.305585408384106 6.6526307104927573 29.672944947622454 305.99261353146449 16.395751953627951 13.198344663922397
leaf_count=39651 19010 14020 1584 5914 6769 67567 3743 5026
internal_value=-4.50751e-05 -0.00261058 0.0208037 0.0609683 -0.00416992 0.00089153 0.0041828 -0.0238586
internal_weight=1704.26 657.976 41.0835 19.9582 616.893 365.26 322.388 42.8713
internal_count=163284 123633 21518 7498 102115 83105 71310 11795
is_linear=0
shrinkage=0.0750466


Tree=352
num_leaves=9
num_cat=0
split_feature=8 81 24 24 134 149 28 81
split_gain=1.39572 2.94032 4.09318 7.05837 5.78651 5.06255 7.16575 4.71984
threshold=-1.0000000180025095e-35 83116.845000000016 1.0000000180025095e-35 1.5000000000000002 214834.95000000004 2306.5000000000005 18226.030000000002 20172.080000000005
decision_type=2 2 2 2 8 8 2 2
left_child=1 2 4 -4 -1 7 -7 -5
right_child=-2 -3 3 5 -6 6 -8 -9
leaf_value=0.015856101516909377 -0.00092948757898300596 -0.018970343275924798 0.065484768907186394 -0.047633153472000769 -0.012726230436024792 0.076758404347876813 -0.010346932951099567 0.020846702500557864
leaf_weight=80.195128147013747 1457.7859106240057 25.457504933829568 17.04658739966726 12.253516420651069 79.376049161517585 11.074640363287473 10.234658823475909 10.547818766022827
leaf_count=3909 130000 10481 1835 3559 3315 1986 5093 3106
internal_value=-4.68479e-05 0.00517969 0.00796501 0.0244727 0.00163829 0.0086235 0.0349225 -0.0159546
internal_weight=1703.97 246.186 220.728 61.1572 159.571 44.1106 21.3093 22.8013
internal_count=163284 33284 22803 15579 7224 13744 7079 6665
is_linear=0
shrinkage=0.0750466


Tree=353
num_leaves=9
num_cat=0
split_feature=103 12 118 85 105 104 147 147
split_gain=0.909778 7.13603 3.20279 2.64978 5.19032 3.08242 5.33322 2.945
threshold=5.5000000000000009 6.5000000000000009 7478.380000000001 39354.150000000009 5.5000000000000009 5923.6500000000005 -80579.88499999998 -1305.0149999999996
decision_type=2 2 8 2 2 2 10 8
left_child=3 -2 -3 5 -5 -1 -7 -8
right_child=1 2 -4 4 -6 6 7 -9
leaf_value=-0.00062103165212315102 0.046499955931568457 -0.075666729928264662 -0.0033587990973247936 -0.031075823376958137 0.048464868630293839 0.041007177345309023 -0.0054159703396777902 0.048263271800153038
leaf_weight=1541.7848415534409 17.865100900671678 4.2534900852410829 18.263226146515084 32.781851148977694 5.3784185302247343 27.828974452782859 49.55401592040198 6.5126872159707991
leaf_count=102415 3476 4172 10509 15407 2715 4309 19258 1023
internal_value=-4.74653e-05 0.0110826 -0.017018 -0.000317595 -0.0198651 0.000141252 0.0141501 0.00081939
internal_weight=1704.22 40.3818 22.5167 1663.84 38.1603 1625.68 83.8957 56.0667
internal_count=163284 18157 14681 145127 18122 127005 24590 20281
is_linear=0
shrinkage=0.0750466


Tree=354
num_leaves=9
num_cat=0
split_feature=22 16 16 80 153 80 22 149
split_gain=1.10652 3.50081 2.69185 7.49326 3.47594 2.57208 8.11374 8.67484
threshold=319.2050000000001 -7736.8999999999987 -253.11499999999998 1.0000000180025095e-35 475.06500000000005 1.0000000180025095e-35 -3026.8199999999993 3571.5000000000005
decision_type=2 2 2 2 8 2 2 8
left_child=2 -2 5 -4 -5 -1 -7 -8
right_child=1 -3 3 4 -6 6 7 -9
leaf_value=0.0021728990131786451 -0.037403388937644805 -0.0016031141632942853 -0.0015320607037327247 0.040551129389232124 0.010984275936761507 -0.020238169423265229 0.023821305497235299 -0.017759378155891247
leaf_weight=555.72971297528602 15.76183744285481 641.06476719663488 157.80673018346715 44.41524372533604 45.165342336014874 126.74930624678564 70.399947606123533 47.205892914642391
leaf_count=12164 4117 119516 3964 1277 3448 12901 3574 2323
internal_value=-4.73959e-05 -0.00246221 0.00146684 0.00830854 0.0256439 -0.000648629 -0.00706555 0.0071312
internal_weight=1704.3 656.827 1047.47 247.387 89.5806 800.085 244.355 117.606
internal_count=163284 123633 39651 8689 4725 30962 18798 5897
is_linear=0
shrinkage=0.0750466


Tree=355
num_leaves=9
num_cat=0
split_feature=112 104 56 39 23 147 147 74
split_gain=0.96165 2.10467 9.31846 1.95021 3.3418 3.35992 1.32924 1.87954
threshold=720815.33500000008 4164.1500000000005 1.0000000180025095e-35 276675.27500000008 1.5000000000000002 -10789.794999999998 -41886.234999999993 2126.0350000000003
decision_type=10 2 2 2 2 10 8 2
left_child=3 6 -3 -1 5 -5 7 -2
right_child=1 2 -4 4 -6 -7 -8 -9
leaf_value=-0.00015631370263142593 0.01635408038496515 0.086882829926894264 -0.045275101049108792 -0.02784500893818595 -0.054463432114058741 0.043596516854709888 0.0076075289291667545 -0.034928620626698978
leaf_weight=1579.7222613364465 6.4336542856490295 7.7601830609428344 4.9035219830707319 9.1876747157421033 10.15922560007766 6.2159333263516627 68.682293930210108 10.751386328625356
leaf_count=134655 2810 3026 4601 3980 3426 1606 5438 3742
internal_value=-4.73462e-05 0.00714909 0.0357099 -0.000489057 -0.0210518 0.000984325 0.00293695 -0.0157296
internal_weight=1703.82 98.531 12.6637 1605.29 25.5628 15.4036 85.8673 17.185
internal_count=163284 19617 7627 143667 9012 5586 11990 6552
is_linear=0
shrinkage=0.0750466


Tree=356
num_leaves=9
num_cat=0
split_feature=131 153 131 125 112 46 153 153
split_gain=0.985142 3.85883 2.27444 3.40366 5.18185 1.86482 9.39619 3.29834
threshold=9471.9750000000022 12251.985000000002 2633.3850000000007 -14116.894999999999 360218.03500000009 1.0000000180025095e-35 838.69500000000005 2563.0050000000006
decision_type=10 10 10 10 8 2 8 10
left_child=2 -2 5 4 -4 7 -7 -1
right_child=1 -3 3 -5 -6 6 -8 -9
leaf_value=-0.00061291797879020062 0.03916413270311369 -0.019318006233631724 -0.025359306127279078 -0.042063614253789822 0.060917438258096354 0.0143894100504424 -0.034912622532225331 0.0096149365264581316
leaf_weight=1350.9393921405294 15.029691037410887 11.008641054488633 11.288322271699146 17.91990699076996 6.0070080427726671 43.034025167620712 44.063198682182701 204.45250211806524
leaf_count=79226 2017 3549 3844 4568 2898 3752 12587 50843
internal_value=-4.66582e-05 0.0144387 -0.000271474 -0.0191425 0.0046063 0.000133124 -0.0105529 0.000731509
internal_weight=1703.74 26.0383 1677.7 35.2152 17.2953 1642.49 87.0972 1555.39
internal_count=163284 5566 157718 11310 6742 146408 16339 130069
is_linear=0
shrinkage=0.0750466


Tree=357
num_leaves=9
num_cat=0
split_feature=81 0 127 10 107 142 140 10
split_gain=0.996306 4.23605 5.31751 9.49884 8.21939 5.0346 5.86131 8.7169
threshold=15997.960000000001 59645539.500000007 1408.5000000000002 -500.88999999999993 38.500000000000007 1037556.6200000002 17914.180000000004 -761.59999999999991
decision_type=2 2 8 2 2 10 8 2
left_child=-1 2 3 -2 -4 -6 -7 -8
right_child=1 -3 4 -5 5 6 7 -9
leaf_value=0.00098945153344087212 -0.015477252236308482 -0.025085664197946451 -0.029397620071296243 0.03341498323119952 -0.0022048090655708802 -0.0089370122117688727 0.023496830211349826 0.17042882916966978
leaf_weight=1285.2147804025385 36.21241824919025 44.606679780630657 64.196509353219881 58.586717503647378 197.71720508194403 7.7086185977027526 6.0475611841675363 3.6443499805209285
leaf_count=68450 11132 8837 2949 9732 53840 2390 4670 1284
internal_value=-4.63454e-05 -0.00322561 -0.000619168 0.0147386 -0.00583158 0.00120111 0.0399016 0.0787462
internal_weight=1703.93 418.72 374.113 94.7991 279.314 215.118 17.4005 9.69191
internal_count=163284 94834 85997 20864 65133 62184 8344 5954
is_linear=0
shrinkage=0.0750466


Tree=358
num_leaves=9
num_cat=0
split_feature=25 135 82 127 64 151 137 25
split_gain=0.932683 3.87565 5.67114 4.68664 9.82417 5.35686 1.97761 2.34811
threshold=35114.595000000008 -1749.9999999999998 1.5000000000000002 3001.5000000000005 3948.2500000000005 4.5000000000000009 42061.195000000014 42859.455000000009
decision_type=2 8 2 10 2 8 8 2
left_child=-1 2 -2 6 -5 -6 7 -3
right_child=1 3 -4 4 5 -7 -8 -9
leaf_value=0.0002506252759189836 0.09591935647545563 -0.012092900547270125 -0.019693224754927456 -0.061750773342701314 0.15722223813871899 0.023505126865322093 -0.014407694908533903 -0.075994756710923664
leaf_weight=1655.9121991362208 4.3301030076236184 4.659493704921263 5.3321408241217796 5.1947392890097017 2.7002468674363627 4.49804101593827 10.673803621242312 10.619961438434073
leaf_count=132676 2232 2615 3479 4366 2032 4722 4340 6822
internal_value=-4.83352e-05 -0.0103601 0.0321182 -0.0210635 0.0169036 0.0736656 -0.0391933 -0.0565078
internal_weight=1703.92 48.0085 9.66224 38.3463 12.393 7.19829 25.9533 15.2795
internal_count=163284 30608 5711 24897 11120 6754 13777 9437
is_linear=0
shrinkage=0.0750466


Tree=359
num_leaves=9
num_cat=0
split_feature=134 120 125 6 135 131 27 125
split_gain=1.30226 1.62724 4.31455 3.92325 3.28608 2.01119 1.58227 2.96098
threshold=1378588.4800000002 800917.97000000009 -367.86499999999995 94.500000000000014 -927.99999999999989 791.77500000000009 29.500000000000004 -28173.074999999993
decision_type=10 10 8 2 10 10 2 10
left_child=1 6 5 -4 -5 -3 -1 -8
right_child=-2 2 3 4 -6 -7 7 -9
leaf_value=3.7584807275442171e-05 -0.017647146973485787 0.0010189067033626374 -0.0020145967470995754 0.065100013328752968 0.014759758924992029 -0.054248512722931644 -0.035671528159361733 0.015298102535432396
leaf_weight=1586.2838561654867 23.357173810608856 8.3258974233226564 21.660547401354052 14.725058993192759 14.489371375560951 6.6863760558535423 18.389883073478817 9.8612058159551434
leaf_count=134573 4549 2379 1356 2307 2722 3460 6828 5110
internal_value=-4.87877e-05 0.000195822 0.0117562 0.0221882 0.0401329 -0.0235969 -0.000275942 -0.0178803
internal_weight=1703.78 1680.42 65.8873 50.875 29.2144 15.0123 1614.53 28.2511
internal_count=163284 158735 12224 6385 5029 5839 146511 11938
is_linear=0
shrinkage=0.0750466


Tree=360
num_leaves=9
num_cat=0
split_feature=73 135 115 73 128 135 27 9
split_gain=0.941475 2.86733 5.89166 5.87193 4.33634 3.96546 7.07918 4.74369
threshold=2.5000000000000004 -805.49999999999989 14190.670000000002 8.5000000000000018 1981.5700000000004 -1355.4999999999998 2.5000000000000004 3165.5400000000004
decision_type=2 10 10 2 8 10 2 2
left_child=-1 4 -3 -4 -2 6 -6 -8
right_child=1 2 3 -5 5 -7 7 -9
leaf_value=-0.0023156667022675185 -0.0094408890422685715 -0.01047245829042436 0.083219930079894033 -0.0086901001770662723 0.0085438578932109117 0.013798276404050885 -0.013078546877244378 0.034350319844461449
leaf_weight=642.12041856916039 129.58963448697887 185.51488016785379 7.8635765571152643 7.7961644639990482 321.23313376073202 222.93662445650216 173.78093392334176 12.747814294134512
leaf_count=16518 24560 27644 2006 4690 15698 32934 36515 2719
internal_value=-4.7381e-05 0.00132479 -0.00674111 0.0374627 0.00321097 0.00545478 0.00179151 -0.00983715
internal_weight=1703.58 1061.46 201.175 15.6597 860.288 730.699 507.762 186.529
internal_count=163284 146766 34340 6696 112426 87866 54932 39234
is_linear=0
shrinkage=0.0750466


Tree=361
num_leaves=9
num_cat=0
split_feature=107 20 113 97 141 97 52 107
split_gain=0.939846 2.78875 8.21177 8.77341 6.73254 6.03478 7.2497 6.93681
threshold=12.500000000000002 3581.3600000000001 -1536.4999999999998 3.5000000000000004 197.90000000000001 130.50000000000003 1.0000000180025095e-35 38.500000000000007
decision_type=2 2 10 2 8 2 2 2
left_child=-1 -2 -3 -4 5 6 7 -5
right_child=1 2 3 4 -6 -7 -8 -9
leaf_value=0.0023467021795560579 -0.0028722657118570292 -0.022648619643601174 -0.024852546037247982 0.0098980678579576424 -0.02887055731210416 -0.019561540875408082 -0.0099726235559342135 0.067094924706090908
leaf_weight=598.74886201345362 949.02740259938082 37.46015759725833 22.187059981753919 16.081944486926659 10.608413799182925 10.226823511103701 12.628689754743844 46.389736985071067
leaf_count=7521 107285 9502 4314 799 1758 6313 16418 9374
internal_value=-4.76516e-05 -0.0013455 0.0079675 0.0176768 0.0275125 0.0345224 0.0418873 0.0523709
internal_weight=1703.36 1104.61 155.583 118.123 95.9356 85.3272 75.1004 62.4717
internal_count=163284 155763 48478 38976 34662 32904 26591 10173
is_linear=0
shrinkage=0.0750466


Tree=362
num_leaves=9
num_cat=0
split_feature=80 20 140 20 135 20 0 105
split_gain=0.919585 4.01046 6.62519 6.44306 6.18967 6.46196 9.53572 7.35224
threshold=2.5000000000000004 3581.3600000000001 29747.050000000003 419.75000000000006 -1048.9999999999998 8.2250000000000014 39510640.500000007 1.0000000180025095e-35
decision_type=2 2 8 2 10 2 2 2
left_child=-1 3 -3 4 5 7 -7 -2
right_child=1 2 -4 -5 -6 6 -8 -9
leaf_value=-0.0007577644234723239 -0.024753591070436492 0.039206669757708229 -0.017891596845424528 -0.050510365857979779 0.02457525958017797 -0.020423880681955758 0.07496063341987827 0.0285427844677805
leaf_weight=1462.0369705772014 79.258194244985134 38.274005968975871 16.32722953234088 13.710952089377313 52.032065814320958 11.437396862828793 12.198380017973248 17.863065154627293
leaf_count=106452 11866 13088 7403 3813 11262 2558 2214 4628
internal_value=-4.96191e-05 0.00424457 0.0221328 -0.000992518 0.00293676 -0.00638688 0.0288039 -0.014951
internal_weight=1703.14 241.101 54.6012 186.5 172.789 120.757 23.6358 97.1213
internal_count=163284 56832 20491 36341 32528 21266 4772 16494
is_linear=0
shrinkage=0.0750466


Tree=363
num_leaves=9
num_cat=0
split_feature=64 30 113 30 125 63 112 112
split_gain=0.958885 3.92768 8.16303 3.51966 3.78113 3.66425 5.83805 5.55931
threshold=13076.395000000002 5.5000000000000009 -562.99999999999989 1.0000000180025095e-35 -6763.4499999999989 4.5000000000000009 69676.200000000012 69676.200000000012
decision_type=2 2 10 2 8 2 10 10
left_child=-1 3 -3 5 -5 6 -2 -7
right_child=1 2 -4 4 -6 7 -8 -9
leaf_value=0.00036701047116724327 0.016000594358074407 -0.020099604853430784 0.12425383205238592 0.0018667582166501313 -0.069531934528060432 -0.03085121576895004 -0.052346836162433068 0.034295818143358858
leaf_weight=1614.3321971077726 12.019364180021514 5.3877538057122365 3.7362546396307135 6.731173404040419 11.010469198125977 11.08540825568525 16.985133062488785 22.053819837268748
leaf_count=128691 1981 3636 2464 3785 5692 2529 5208 9298
internal_value=-5.10938e-05 -0.00763411 0.0390127 -0.0129618 -0.0424433 -0.00454504 -0.0240239 0.0125035
internal_weight=1703.34 89.0094 9.12401 79.8854 17.7416 62.1437 29.0045 33.1392
internal_count=163284 34593 6100 28493 9477 19016 7189 11827
is_linear=0
shrinkage=0.0750466


Tree=364
num_leaves=9
num_cat=0
split_feature=22 17 97 120 128 97 22 128
split_gain=1.03624 3.49532 3.16429 2.9449 4.60799 2.83841 8.01623 5.13553
threshold=6061.1650000000009 3.5000000000000004 14.500000000000002 211140.00000000003 329.42500000000007 28.500000000000004 19850.095000000005 1577.3950000000002
decision_type=2 2 2 8 8 2 2 10
left_child=-1 3 -3 4 -2 -6 -7 -8
right_child=1 2 -4 -5 5 6 7 -9
leaf_value=0.0010171712830654128 -0.045206672202632255 0.043262275254585328 0.00019529805936674752 0.00084711625402021564 -0.015432056113216554 -0.03702034700068603 0.0092535067366420302 0.073224364271730374
leaf_weight=1277.4718584616166 21.186001102897535 16.355691632659727 23.290915372574091 201.16337479734739 104.69338360985603 17.756385953961399 32.235309415336815 9.0526106476700061
leaf_count=55779 7640 1511 4411 54453 21187 2938 10819 4546
internal_value=-5.14439e-05 -0.00325797 0.017962 -0.00543701 -0.012273 -0.00801172 0.00514552 0.0232795
internal_weight=1703.21 425.734 39.6466 386.087 184.924 163.738 59.0443 41.2879
internal_count=163284 107505 5922 101583 47130 39490 18303 15365
is_linear=0
shrinkage=0.0750466


Tree=365
num_leaves=9
num_cat=0
split_feature=25 95 85 97 97 97 149 24
split_gain=0.896899 3.79025 3.11838 2.72706 4.49308 4.3025 4.27126 3.73841
threshold=35114.595000000008 2.5000000000000004 78649.650000000009 77.500000000000014 20.500000000000004 32.500000000000007 2810.5000000000005 9.5000000000000018
decision_type=2 2 2 2 2 2 8 2
left_child=-1 2 3 4 7 -6 -7 -2
right_child=1 -3 -4 -5 5 6 -8 -9
leaf_value=0.00024147195399230743 0.03168161612353821 0.053195792412131217 -0.076772256745624504 -0.048610561783275413 0.093936083752643271 0.061953524930716569 -0.044831194895968395 -0.046299468723874117
leaf_weight=1655.0696434404663 4.7730656861858796 4.7821216148277008 4.4425252706246274 8.2568311195523147 4.3878831363363124 3.7902217111877663 4.757653144393772 12.608280612925681
leaf_count=132676 1425 1502 4099 6769 2384 2334 3569 8526
internal_value=-5.12204e-05 -0.010186 -0.0172321 -0.0103749 3.85465e-05 0.0335278 0.00251832 -0.0248852
internal_weight=1702.87 47.7986 43.0165 38.5739 30.3171 12.9358 8.54787 17.3813
internal_count=163284 30608 29106 25007 18238 8287 5903 9951
is_linear=0
shrinkage=0.0750466


Tree=366
num_leaves=9
num_cat=0
split_feature=60 151 131 7 131 81 60 137
split_gain=1.01689 2.63021 5.78584 3.4761 6.95382 2.18344 1.6501 2.43571
threshold=1079.3350000000003 4.5000000000000009 5401.6650000000009 1462.8150000000003 568.90500000000009 11730.585000000001 433.49500000000006 8892.4500000000025
decision_type=2 10 10 2 8 2 2 8
left_child=6 5 3 -3 -5 -2 -1 -8
right_child=1 2 -4 4 -6 -7 7 -9
leaf_value=-1.6466296645065911e-05 -0.040990325545962936 -0.038191945654837765 0.078550869435160417 0.085158196297020899 -0.035874749826357202 -0.0026963842510796419 -0.0018322217723043951 0.041775519705166964
leaf_weight=1612.5614818269519 18.406264615328837 11.279519378299488 5.2531738240995756 5.0819061457468679 5.641209017328948 15.403505146021869 15.847261896968119 13.241154669100981
leaf_count=139832 2041 5060 2769 1810 3073 3289 1156 4254
internal_value=-5.06259e-05 -0.00955971 0.0077871 -0.0091079 0.0214853 -0.0235439 0.00030309 0.0180182
internal_weight=1702.72 61.0656 27.2558 22.0026 10.7231 33.8098 1641.65 29.0884
internal_count=163284 18042 12712 9943 4883 5330 145242 5410
is_linear=0
shrinkage=0.0750466


Tree=367
num_leaves=9
num_cat=0
split_feature=72 9 10 101 72 120 24 24
split_gain=1.0603 5.40349 4.00319 1.60877 3.52582 3.87117 1.67765 3.82632
threshold=2506.0200000000004 3165.5400000000004 -386.05499999999995 1.0000000180025095e-35 1287.6450000000002 305273.25000000006 8.5000000000000018 10.500000000000002
decision_type=2 2 2 2 2 8 2 2
left_child=3 -2 -3 6 5 -5 -1 -8
right_child=1 2 -4 4 -6 -7 7 -9
leaf_value=0.0014608098749162811 -0.024539599129859837 0.033425390119234059 -0.0091133483193278492 0.028337771433852785 -0.039333174169207355 -0.031416865856576916 -0.036571250867742405 -0.00084190815881876558
leaf_weight=1458.5950458041689 51.591032254726997 22.644441869624188 27.701222614068683 15.091244353204276 17.917348565719294 10.255514213719378 21.590364418163972 77.387455234417303
leaf_count=96366 1814 4014 1731 2995 1375 3118 8248 43623
internal_value=-4.98449e-05 -0.00747106 0.0100197 0.000422717 -0.0138519 0.00416054 0.000819217 -0.00863567
internal_weight=1702.77 101.937 50.3457 1600.84 43.2641 25.3468 1557.57 98.9778
internal_count=163284 7559 5745 155725 7488 6113 148237 51871
is_linear=0
shrinkage=0.0750466


Tree=368
num_leaves=9
num_cat=0
split_feature=27 147 119 123 147 9 113 27
split_gain=0.909672 3.20828 4.14387 3.84053 6.43429 4.56539 5.4348 5.16156
threshold=2.5000000000000004 -7681.6749999999993 1.175 5.5000000000000009 -9242.2649999999976 2120.0400000000004 -440.49999999999994 14.500000000000002
decision_type=2 8 8 8 10 2 8 2
left_child=-1 3 -3 4 -2 -5 7 -7
right_child=1 2 -4 5 -6 6 -8 -9
leaf_value=0.0011797109002228499 0.0021397298738912388 -0.035894769623484181 -0.0052372775726303956 -0.021400909102295394 0.043845806943944549 -0.048393795376691209 0.034346428592070717 0.023987155041235411
leaf_weight=1134.0704214593211 284.30465468712464 32.490685431947895 105.32754555179054 78.60297997179805 22.480939522311019 13.014393910203582 22.801495339529538 9.6727621264435566
leaf_count=39151 74194 5358 9950 21573 3058 2257 4127 3616
internal_value=-4.86204e-05 -0.00249811 -0.0124648 0.000689781 0.00519591 -0.0104505 0.00847148 -0.0175339
internal_weight=1702.77 568.695 137.818 430.877 306.786 124.092 45.4887 22.6872
internal_count=163284 124133 15308 108825 77252 31573 10000 5873
is_linear=0
shrinkage=0.0750466


Tree=369
num_leaves=9
num_cat=0
split_feature=22 6 9 107 18 25 64 147
split_gain=0.926121 4.5851 2.8154 2.49862 2.82189 1.46033 4.08179 5.41244
threshold=409658.84500000003 227.50000000000003 61.785000000000004 45.500000000000007 259594.49500000002 1.0000000180025095e-35 476.68500000000006 -25805.769999999997
decision_type=2 2 2 2 2 2 2 10
left_child=5 2 -2 -4 -5 6 -1 -8
right_child=1 -3 3 4 -6 -7 7 -9
leaf_value=0.00010340746965252703 -0.083000284793563098 0.039716740999286501 0.019427233896172832 -0.065638652616349102 0.010375984384880297 0.0040945606096089021 -0.036768771779024101 0.00032234247305732051
leaf_weight=1175.5205671739386 4.4375830075600851 7.0910626150471208 6.8836228752261404 7.4230382709974929 4.3695078541773 407.32225770808736 40.613758861104543 48.757018049624094
leaf_count=35408 680 4227 707 6097 4414 101578 5895 4278
internal_value=-4.88103e-05 -0.0130727 -0.0292679 -0.0165007 -0.0374728 0.000186437 -0.00107206 -0.0165334
internal_weight=1702.42 30.2048 23.1138 18.6762 11.7925 1672.21 1264.89 89.3708
internal_count=163284 16125 11898 11218 10511 147159 45581 10173
is_linear=0
shrinkage=0.0750466


Tree=370
num_leaves=9
num_cat=0
split_feature=72 140 20 97 18 24 138 0
split_gain=0.925963 3.80257 2.00939 9.18169 8.06915 8.58974 6.00526 5.91651
threshold=2506.0200000000004 5236.5900000000011 104.79500000000002 28.500000000000004 11352.675000000001 23.500000000000004 1513.9350000000002 31507133.500000004
decision_type=2 8 2 2 2 2 8 2
left_child=2 -2 -1 7 -5 6 -6 -4
right_child=1 -3 3 4 5 -7 -8 -9
leaf_value=0.0015979436845058278 0.013893320812642973 -0.017078967760071499 0.0013649644049817753 0.035377992063632055 0.044014746395730706 0.093747084114198451 -0.026450576158997811 -0.027347175062262759
leaf_weight=1328.0953102971748 33.105792531903717 68.556136299233458 66.170382531066934 46.483872266397157 8.0703543080235249 4.4015596890080806 43.667697380878963 103.86631881395033
leaf_count=94963 1506 6053 10013 5515 1517 4111 24549 15057
internal_value=-4.78784e-05 -0.00699297 0.000393195 -0.00547499 0.0122518 -0.00689687 -0.0154591 -0.0161737
internal_weight=1702.42 101.662 1600.76 272.66 102.623 56.1396 51.7381 170.037
internal_count=163284 7559 155725 60762 35692 30177 26066 25070
is_linear=0
shrinkage=0.0750466


Tree=371
num_leaves=9
num_cat=0
split_feature=109 64 25 151 57 25 80 153
split_gain=0.90286 3.84049 7.09595 7.42059 3.07687 8.22676 7.19709 3.55112
threshold=1.0000000180025095e-35 1745.0100000000002 14700.440000000001 6.5000000000000009 6.5000000000000009 13149.170000000002 2.5000000000000004 651.0150000000001
decision_type=2 2 2 8 2 2 2 8
left_child=1 -1 -3 -4 7 6 -6 -2
right_child=4 2 3 -5 5 -7 -8 -9
leaf_value=-0.00039764447929390394 0.0063050798872294027 -0.033770590763129861 0.089346348586221758 -0.033387587829442782 0.014963590562727251 -0.045430897461077466 0.098611464127203979 -0.0040975692923195918
leaf_weight=872.16091615475489 352.52501886415575 45.375721171831174 6.0428472943849529 5.1294656608815794 16.278329233729895 7.359164197437166 8.9937167673642744 388.48203576673404
leaf_count=31315 25081 8047 3530 3003 3290 6099 3130 79789
internal_value=-4.90677e-05 -0.00162648 -0.0205793 0.0329964 0.00184453 0.0243979 0.0447319 0.000851363
internal_weight=1702.35 928.709 56.548 11.1723 773.638 32.6312 25.272 741.007
internal_count=163284 45895 14580 6533 117389 12519 6420 104870
is_linear=0
shrinkage=0.0750466


Tree=372
num_leaves=9
num_cat=0
split_feature=0 5 134 112 153 118 149 12
split_gain=0.8917 2.02116 1.23843 1.56686 3.75155 5.06059 3.37103 2.3022
threshold=70230055.500000015 34.500000000000007 1378588.4800000002 720815.33500000008 3853.3050000000007 1577.3950000000002 3839.0000000000005 7.5000000000000009
decision_type=2 2 10 10 10 8 10 2
left_child=2 -2 3 -1 6 -6 -5 -7
right_child=1 -3 -4 4 5 7 -8 -9
leaf_value=5.2258610623251168e-05 0.0047804929946996038 -0.018448713635459212 -0.016896828359797063 0.0066091957938159149 0.049101244255241851 -0.015028112498456874 0.043353339074394877 -0.075810619796767231
leaf_weight=1514.5210430257184 39.722851250391614 44.987023278798915 23.132299605113076 38.666191725603312 4.7566416964432392 8.5014887223187561 22.098905387989362 5.976816004706051
leaf_count=137801 2868 2574 4545 2911 1966 2118 3443 5058
internal_value=-5.02068e-05 -0.00755588 0.000342835 0.000592937 0.0108288 -0.0180562 0.0199722 -0.0401199
internal_weight=1702.36 84.7099 1617.65 1594.52 80 19.2349 60.7651 14.4783
internal_count=163284 5442 157842 153297 15496 9142 6354 7176
is_linear=0
shrinkage=0.0750466


Tree=373
num_leaves=9
num_cat=0
split_feature=8 135 135 58 142 135 58 9
split_gain=1.3337 3.07977 4.27008 2.67952 5.63607 1.43776 4.08488 2.8883
threshold=-8804.7999999999975 -1689.4999999999998 -1444.9999999999998 3184.2150000000006 365976.00000000006 -348.99999999999994 232.54500000000004 1786.0550000000001
decision_type=2 8 8 2 10 10 2 2
left_child=1 -1 -3 -4 -5 -2 -7 -8
right_child=5 2 3 4 -6 6 7 -9
leaf_value=0.031704840713656014 -6.4580018827048788e-05 -0.035210004860061352 -0.0026962072173456835 0.064464872794046821 -0.00690384626329478 0.0038342029908459271 -0.050826558108048418 -0.0064974483562323113
leaf_weight=24.099403680967043 1518.0892792363684 14.850115795508826 39.675140264742367 12.435962369385381 12.491848784263764 47.284821065502001 18.025642235486885 15.308006139718144
leaf_count=4065 136734 2723 4055 2207 3593 3084 4093 2730
internal_value=-4.85938e-05 0.00820515 0.00107731 0.00941859 0.0287005 -0.00058321 -0.0103493 -0.030469
internal_weight=1702.26 103.552 79.4531 64.603 24.9278 1598.71 80.6185 33.3336
internal_count=163284 16643 12578 9855 5800 146641 9907 6823
is_linear=0
shrinkage=0.0750466


Tree=374
num_leaves=9
num_cat=0
split_feature=33 33 12 146 72 72 7 51
split_gain=0.926789 3.0464 5.17496 5.79851 1.21156 1.35034 7.34072 6.93465
threshold=175039.38000000003 453889.19500000007 5.5000000000000009 inf -1.0000000180025095e-35 387.90500000000003 568.82500000000016 1.0000000180025095e-35
decision_type=2 2 2 8 2 2 2 2
left_child=4 2 -2 -4 -1 7 -7 -6
right_child=1 -3 3 -5 5 6 -8 -9
leaf_value=-0.010602607412830868 -0.078689303656215348 0.026953658748147542 -0.047082117860595706 0.073256508143617963 0.0077924717819349331 -0.019837834123876789 0.0010353476794874516 -0.013023222151873228
leaf_weight=56.913382941384043 7.4560134354833343 6.934432291322536 5.1605074121493972 4.0054769118869453 441.34869679360963 105.27514708355193 961.96249517780052 113.27077093141634
leaf_count=4352 829 2402 5865 512 22534 9388 38194 79208
internal_value=-4.76931e-05 -0.0148299 -0.0322614 0.0055051 0.000159731 0.000537397 -0.00102364 0.00354125
internal_weight=1702.33 23.5564 16.622 9.16598 1678.77 1621.86 1067.24 554.619
internal_count=163284 9608 7206 6377 153676 149324 47582 101742
is_linear=0
shrinkage=0.0750466


Tree=375
num_leaves=9
num_cat=0
split_feature=73 6 80 7 153 21 16 0
split_gain=0.963038 2.00588 2.61499 2.29589 1.93856 1.76823 2.62894 4.70039
threshold=2.5000000000000004 131.50000000000003 1.0000000180025095e-35 1655.0800000000002 1.0000000180025095e-35 1.0000000180025095e-35 -4047.3549999999991 39510640.500000007
decision_type=2 2 2 2 8 2 2 2
left_child=1 2 3 -1 -4 -2 7 -7
right_child=5 -3 4 -5 -6 6 -8 -9
leaf_value=-0.0089775869905597272 0.011864949731637972 -0.0099554598160398831 0.019275582787193744 0.0027532277720401818 -9.9094289197392782e-05 0.0054720466073594279 0.0025448353955513842 -0.0166176149511796
leaf_weight=186.70075825056119 82.893206154243671 149.49599012576618 59.46569466816436 189.16672149005171 56.930430884560337 97.810471255607808 757.48453943887898 121.82384184940247
leaf_count=4278 3753 4004 2841 2341 3054 9612 122546 10855
internal_value=-4.7604e-05 -0.00234201 -2.98799e-05 -0.0030737 0.00979925 0.00134149 0.000448743 -0.00678035
internal_weight=1701.77 641.76 492.264 375.867 116.396 1060.01 977.119 219.634
internal_count=163284 16518 12514 6619 5895 146766 143013 20467
is_linear=0
shrinkage=0.0750466


Tree=376
num_leaves=9
num_cat=0
split_feature=50 22 25 16 74 71 99 139
split_gain=1.00002 2.94976 6.15892 1.5139 5.46738 1.78877 3.36329 2.17346
threshold=1.0000000180025095e-35 19850.095000000005 5340.5650000000014 2347.2300000000005 1397.7000000000003 1.5000000000000002 2.5000000000000004 990.2650000000001
decision_type=2 2 2 2 2 2 2 10
left_child=3 -2 -3 5 -5 6 7 -1
right_child=1 2 -4 4 -6 -7 -8 -9
leaf_value=-0.00070975325880015842 -0.029794442388578812 0.0724565884351238 -0.075211345983392464 0.019585955372578071 -0.047615712746674567 0.016815524519583538 0.026310350951556406 0.020956231899762687
leaf_weight=1557.2065935196115 19.397836276643833 5.0526421080003265 2.3216425078412612 12.432858485968611 15.098782098478294 36.889208186628821 27.11223836998397 26.521099806916027
leaf_count=136865 2520 3659 4856 3132 3199 1212 719 7122
internal_value=-4.56516e-05 -0.0144353 0.0259664 0.000184308 -0.0172685 0.000475924 0.000101737 -0.000346935
internal_weight=1702.03 26.7721 7.37428 1675.26 27.5316 1647.73 1610.84 1583.73
internal_count=163284 11035 8515 152249 6331 145918 144706 143987
is_linear=0
shrinkage=0.0750466


Tree=377
num_leaves=9
num_cat=0
split_feature=11 139 82 129 105 63 137 11
split_gain=1.01449 2.85221 3.93355 4.64161 3.16875 4.80813 2.57695 2.27779
threshold=421.10500000000008 456.87500000000006 2.5000000000000004 6.5000000000000009 1.5000000000000002 3.5000000000000004 -1.0000000180025095e-35 475.70500000000004
decision_type=2 10 2 8 2 2 8 2
left_child=-1 4 -3 -4 6 -6 -2 -8
right_child=1 2 3 -5 5 -7 7 -9
leaf_value=-0.00092141307194568514 -0.025223949324426211 -0.051740922788935134 0.075058780787001345 -0.033552355116287694 -0.043606768219690235 0.035012438766057682 0.030169617029734828 0.0070923597680859008
leaf_weight=1384.6539675943473 12.648116069540265 11.737214273377505 3.9560053859595401 5.0385179546024128 15.810762787304158 6.0603727330717438 26.841444802746992 234.85359286671564
leaf_count=61394 1200 4011 2422 2915 9449 4385 4215 73293
internal_value=-4.47195e-05 0.00378532 -0.0231247 0.0142174 0.00566873 -0.0218218 0.00786033 0.00945934
internal_weight=1701.6 316.946 20.7317 8.99452 296.214 21.8711 274.343 261.695
internal_count=163284 101890 9348 5337 92542 13834 78708 77508
is_linear=0
shrinkage=0.0750466


Tree=378
num_leaves=9
num_cat=0
split_feature=8 18 28 23 16 22 148 8
split_gain=1.2952 4.52782 3.57191 3.81023 2.84763 3.90124 4.74546 4.95145
threshold=-1.0000000180025095e-35 13442.075000000003 26116.130000000005 1.5000000000000002 -6095.0899999999992 -1525.53 1.0000000180025095e-35 -8804.7999999999975
decision_type=2 2 2 2 2 2 8 2
left_child=1 4 3 -3 -1 -6 7 -7
right_child=-2 2 -4 -5 5 6 -8 -9
leaf_value=-0.0088264853044836972 -0.00089645715817263886 0.024206593922847318 -0.041114342321745344 -0.040647796516919361 0.033434327953680863 0.020720983771587379 0.030445914781895612 -0.015991361050019116
leaf_weight=38.310307979461868 1455.3410825619853 15.346280120516896 19.345796746729775 7.642807913312935 42.659546848099126 33.161753545610736 35.089385410159593 55.01668540367973
leaf_count=3239 130000 4719 11332 2085 2431 3502 1706 4270
internal_value=-4.42995e-05 0.00498538 -0.0173515 0.00264551 0.00961541 0.0138734 0.00710389 -0.00218475
internal_weight=1701.91 246.573 42.3349 22.9891 204.238 165.927 123.268 88.1784
internal_count=163284 33284 18136 6804 15148 11909 9478 7772
is_linear=0
shrinkage=0.0750466


Tree=379
num_leaves=9
num_cat=0
split_feature=11 6 22 57 51 81 145 127
split_gain=0.982761 6.61651 6.20203 8.43436 7.31863 8.45513 5.73215 3.22753
threshold=1958.5550000000001 145.50000000000003 158755.75500000003 1.5000000000000002 1.0000000180025095e-35 11730.585000000001 5.5000000000000009 2528.5000000000005
decision_type=2 2 2 2 2 2 8 8
left_child=-1 6 3 -3 5 -4 7 -2
right_child=1 2 4 -5 -6 -7 -8 -9
leaf_value=-0.00040661875827571238 -0.016971359938821793 0.0093967060400367668 0.10537951362784545 0.12627292534198861 -0.075325348293146244 -0.020739213937483486 0.035580369166281871 -0.079405644266623124
leaf_weight=1635.8078489338577 19.321966374985553 6.563759118063901 5.3324301490029047 7.3956389508339271 4.7445739567260707 6.8263189010676797 9.7684588221641189 6.1466628127161576
leaf_count=131112 7841 1428 1142 3730 7504 4026 3179 3322
internal_value=-4.41082e-05 0.00892714 0.0342976 0.0713173 0.00372529 0.0345723 -0.0132938 -0.0320394
internal_weight=1701.91 66.0998 30.8627 13.9594 16.9033 12.1587 35.2371 25.4686
internal_count=163284 32172 17830 5158 12672 5168 14342 11163
is_linear=0
shrinkage=0.0750466


Tree=380
num_leaves=9
num_cat=0
split_feature=80 142 80 18 10 81 84 97
split_gain=0.95353 5.61357 2.68096 4.20904 4.26431 2.55218 4.59924 1.86933
threshold=10.500000000000002 238705.50000000003 6.5000000000000009 13442.075000000003 -1075.2549999999999 191535.64500000005 4.5000000000000009 147.50000000000003
decision_type=2 10 2 2 2 2 2 2
left_child=2 -2 5 -4 -5 7 -7 -1
right_child=1 -3 3 4 -6 6 -8 -9
leaf_value=-0.00025247119753275842 -0.042788600102400549 0.02838800313720477 0.044873082286413131 0.040009130695688566 -0.038723871087451393 -0.040729000031546239 0.038894290339039933 0.018418085099679557
leaf_weight=1585.5257400974037 15.596141345304206 10.403365193000353 18.806668769015232 6.4411676801569255 9.7221504375956993 19.633082459701431 5.1593890458111664 30.788282714572233
leaf_count=126081 2933 3658 2482 3719 2735 9044 3681 8951
internal_value=-4.64552e-05 -0.0143082 0.000174775 0.0207361 -0.00734835 -0.000263361 -0.0241592 0.000103174
internal_weight=1702.08 25.9995 1676.08 34.97 16.1633 1641.11 24.7925 1616.31
internal_count=163284 6591 156693 8936 6454 147757 12725 135032
is_linear=0
shrinkage=0.0750466


Tree=381
num_leaves=9
num_cat=0
split_feature=112 20 51 127 0 16 118 0
split_gain=0.938757 6.70812 6.88709 5.51155 3.87668 3.60428 4.73946 6.7683
threshold=228031.20000000004 16705.170000000002 1.0000000180025095e-35 3893.5000000000005 59645539.500000007 -7736.8999999999987 603.7750000000002 31507133.500000004
decision_type=10 2 2 10 2 2 8 2
left_child=-1 4 3 -3 5 -2 -7 -8
right_child=1 2 -4 -5 -6 6 7 -9
leaf_value=0.0008990181417740695 0.013344756082147045 0.055546467433589486 -0.039202195097204511 -0.004987243818916123 -0.037689680651255747 0.019099883785712993 0.00027017226229109352 -0.025526237489121247
leaf_weight=1322.0422863180274 50.763698348192975 26.6138352797484 8.2460370698781826 12.426407996007127 21.793052256956798 30.850588580641215 118.20655649132914 111.14159818707776
leaf_count=104790 4482 4026 11961 3235 2105 4566 16079 12040
internal_value=-4.59342e-05 -0.00333312 0.023116 0.0362787 -0.00709167 -0.00494728 -0.00851598 -0.0122307
internal_weight=1702.08 380.042 47.2863 39.0402 332.755 310.962 260.199 229.348
internal_count=163284 58494 19222 7261 39272 37167 32685 28119
is_linear=0
shrinkage=0.0750466


Tree=382
num_leaves=9
num_cat=0
split_feature=5 5 5 10 112 112 32 32
split_gain=0.84698 2.08541 2.93092 3.27585 3.93605 3.15923 2.59244 8.84503
threshold=76.500000000000014 67.500000000000014 61.500000000000007 -627.07499999999993 360218.03500000009 228031.20000000004 2.5000000000000004 10.500000000000002
decision_type=2 2 2 2 8 8 2 2
left_child=1 2 6 4 -4 -5 -1 -8
right_child=-2 -3 3 5 -6 -7 7 -9
leaf_value=-9.8759515426311516e-05 0.01039417308069741 -0.0093847525188375143 -0.034439607918127259 0.026904517418178543 0.018915331023213227 0.0039898046326248592 -0.04645754677199361 0.023378464252330696
leaf_weight=1317.3153041885957 42.661948921864678 131.46789098866338 18.369594272976432 64.717318965136656 13.517063828590834 71.126992447294469 25.863953994678468 16.880594041950644
leaf_count=127505 2872 9833 2907 3267 2905 3251 8590 2154
internal_value=-4.66412e-05 -0.00031509 0.000465364 0.00982531 -0.0118219 0.0149066 -0.000688963 -0.018878
internal_weight=1701.92 1659.26 1527.79 167.731 31.8867 135.844 1360.06 42.7445
internal_count=163284 160412 150579 12330 5812 6518 138249 10744
is_linear=0
shrinkage=0.0750466


Tree=383
num_leaves=9
num_cat=0
split_feature=81 112 138 57 140 63 64 140
split_gain=0.938269 3.43618 4.75933 6.34461 6.37422 4.38895 5.89036 4.8173
threshold=15997.960000000001 139352.40000000002 97358.630000000019 6.5000000000000009 22906.025000000005 1.0000000180025095e-35 25194.515000000003 22906.025000000005
decision_type=2 8 10 2 8 2 2 10
left_child=-1 -2 3 5 -5 -3 7 -7
right_child=1 2 -4 4 -6 6 -8 -9
leaf_value=0.00095946096453836983 -0.012168220919680294 -0.0062561752268253425 -0.035247964060467069 0.11296789029734736 0.011564400782242319 0.018174855286276433 -0.019076336978307674 0.078026384451879538
leaf_weight=1283.7916027025558 151.2941234468808 146.22397787115005 18.022646332547993 5.8982189603739226 8.5552975965188107 57.637370726584777 21.604788361437841 8.7196180974096915
leaf_count=68450 33139 18857 10085 1722 4116 14209 8365 4341
internal_value=-4.59996e-05 -0.00313437 0.00199111 0.00469039 0.0529453 0.00171218 0.0149584 0.0260396
internal_weight=1701.75 417.956 266.662 248.639 14.4535 234.186 87.9618 66.357
internal_count=163284 94834 61695 51610 5838 45772 26915 18550
is_linear=0
shrinkage=0.0750466


Tree=384
num_leaves=9
num_cat=0
split_feature=72 151 71 17 137 24 137 137
split_gain=0.937676 4.84422 3.0242 2.35433 6.20827 4.22342 1.8908 2.10369
threshold=2506.0200000000004 3.5000000000000004 1.5000000000000002 3.5000000000000004 8892.4500000000025 1.0000000180025095e-35 -1.0000000180025095e-35 1316.4200000000003
decision_type=2 8 2 2 8 2 8 8
left_child=2 -2 3 6 -5 -6 -1 -8
right_child=1 -3 -4 4 5 -7 7 -9
leaf_value=-0.014403351900588279 0.015621374014741464 -0.01888003534474807 0.023874757627183649 -0.01012447626120983 0.010710530463485824 0.0637715672686507 0.0038951047021598358 -0.0021683153664216492
leaf_weight=54.355685275721044 34.901738954307802 66.762638595011595 30.314985364198947 31.421135524680722 17.587709683273715 16.258088466498521 483.46855159207917 966.47388245302454
leaf_count=2219 1727 5832 1179 1804 1112 3578 17342 128491
internal_value=-4.69066e-05 -0.00703558 0.000397189 -5.62631e-05 0.0138976 0.0361988 -0.00066168 -0.00014653
internal_weight=1701.54 101.664 1599.88 1569.57 65.2669 33.8458 1504.3 1449.94
internal_count=163284 7559 155725 154546 6494 4690 148052 145833
is_linear=0
shrinkage=0.0750466


Tree=385
num_leaves=9
num_cat=0
split_feature=73 134 85 116 138 73 31 63
split_gain=0.988342 6.19445 6.55047 6.48621 4.74641 5.4558 5.40076 4.52031
threshold=9.5000000000000018 57007.80000000001 10615.650000000001 1.0000000180025095e-35 5216.3500000000013 10.500000000000002 1991.8500000000001 4.5000000000000009
decision_type=2 10 2 8 8 2 2 2
left_child=-1 -2 -3 7 -5 -6 -7 -4
right_child=1 2 3 4 5 6 -8 -9
leaf_value=0.0006030268540345372 -0.045457235057036513 -0.0084534372739721881 0.03667999022245786 0.073607907197058994 -0.075837020802220823 -0.0758267785147166 0.041030640648217452 0.12184188108792902
leaf_weight=1507.4760280905703 19.279555220968177 135.53362259811547 12.530596857543971 3.9492029284738237 5.9732555061718875 2.963059658900419 8.9718968406928052 4.8762747662203756
leaf_count=104268 2774 31434 6731 847 4555 2142 7506 3027
internal_value=-4.59421e-05 -0.00508674 -0.000634025 0.0263573 -0.00086277 -0.0172854 0.0120188 0.0605368
internal_weight=1701.55 194.077 174.798 39.2643 21.8574 17.9082 11.935 17.4069
internal_count=163284 59016 56242 24808 15050 14203 9648 9758
is_linear=0
shrinkage=0.0750466


Tree=386
num_leaves=9
num_cat=0
split_feature=44 5 135 151 5 5 5 68
split_gain=2.45076 2.25293 1.31531 3.12858 2.64726 4.91952 1.99675 1.75864
threshold=1.0000000180025095e-35 53.500000000000007 -532.49999999999989 6.5000000000000009 61.500000000000007 43.500000000000007 55.500000000000007 1.0000000180025095e-35
decision_type=2 2 10 10 2 2 2 8
left_child=2 -2 7 4 5 -4 -5 -1
right_child=1 -3 3 6 -6 -7 -8 -9
leaf_value=0.00055801634441250984 -0.003737894402470813 -0.050858832520548757 0.010421368266474386 -0.012125929886051223 0.018309889443048896 -0.02709780710251045 -0.056441733149670374 0.019800136312642439
leaf_weight=1521.1307804674871 13.129960723226761 10.118316706603308 38.862083262818487 12.787058751913721 27.932113434711937 39.880647077472076 10.370062235058866 27.229329649883766
leaf_count=133359 3109 2057 3496 4906 2013 3692 3388 7264
internal_value=-4.72137e-05 -0.0242463 0.00028802 -0.00696752 -0.00153971 -0.00858088 -0.0319711 0.000896407
internal_weight=1701.44 23.2483 1678.19 129.832 106.675 78.7427 23.1571 1548.36
internal_count=163284 5166 158118 17495 9201 7188 8294 140623
is_linear=0
shrinkage=0.0750466


Tree=387
num_leaves=9
num_cat=0
split_feature=22 33 107 125 107 5 151 6
split_gain=0.922242 3.82414 11.4467 5.84446 5.56839 5.32309 3.77972 3.33858
threshold=319.2050000000001 1.0000000180025095e-35 22.500000000000004 -12437.629999999999 38.500000000000007 55.500000000000007 1.5000000000000002 40.500000000000007
decision_type=2 2 2 8 2 2 8 2
left_child=-1 4 -3 -4 -2 6 -5 -6
right_child=1 2 3 5 7 -7 -8 -9
leaf_value=0.0013357042235301983 -0.011679648786899765 0.077093392493925841 0.088327667882205405 0.020872046071418911 0.022711494628983298 0.028476117918413986 -0.064536011017774356 -7.6749385709696299e-05
leaf_weight=1046.8384308887453 274.8688399470775 13.32653950867825 3.1857866935717993 3.801966640012334 41.236282294426928 8.5177976009617833 12.555221859764059 296.91749338839054
leaf_count=39651 11175 742 4087 2251 10290 3421 11017 80650
internal_value=-4.58074e-05 -0.00225577 0.0198231 -0.0073755 -0.00374639 -0.0196324 -0.0446843 0.00270217
internal_weight=1701.25 654.41 41.3873 28.0608 613.023 24.875 16.3572 338.154
internal_count=163284 123633 21518 20776 102115 16689 13268 90940
is_linear=0
shrinkage=0.0750466


Tree=388
num_leaves=9
num_cat=0
split_feature=39 0 23 127 0 4 4 133
split_gain=0.975033 2.8817 2.17595 3.01177 0.954892 3.44434 2.86548 4.60881
threshold=351900.43000000005 22275446.000000004 1.5000000000000002 2773.5000000000005 24777691.000000004 1.0000000180025095e-35 1.0000000180025095e-35 inf
decision_type=2 2 2 8 2 2 2 8
left_child=4 -2 3 -3 5 -1 -6 -8
right_child=1 2 -4 -5 6 -7 7 -9
leaf_value=-0.0062674706948315766 0.024713102301983488 0.027073907325816122 -0.06526697592196852 -0.050092789961917503 0.0023870903571619655 0.019958179786287816 0.0071919878095104582 -0.017065422905954374
leaf_weight=277.04099187350175 7.4166887148071536 5.7655061785267216 6.5748258434659865 5.6303071965212448 1181.5606908019722 31.401052595014335 72.138088659230561 113.54592832560593
leaf_count=33243 2922 2203 2596 2465 112426 1005 4052 2372
internal_value=-4.69186e-05 -0.014644 -0.0308872 -0.0110517 0.000174233 -0.00359756 0.00102513 -0.00764144
internal_weight=1701.07 25.3873 17.9706 11.3958 1675.69 308.442 1367.24 185.684
internal_count=163284 10186 7264 4668 153098 34248 118850 6424
is_linear=0
shrinkage=0.0750466


Tree=389
num_leaves=9
num_cat=0
split_feature=83 83 149 80 112 12 94 63
split_gain=0.950612 10.988 9.1925 4.77497 9.97373 9.94727 4.42641 4.15768
threshold=5324.8300000000008 2582.5950000000007 2555.5000000000005 2.5000000000000004 529449.63500000013 7.5000000000000009 1.0000000180025095e-35 1.0000000180025095e-35
decision_type=2 2 8 2 10 2 2 2
left_child=1 7 -3 4 6 -6 -2 -1
right_child=3 2 -4 -5 5 -7 -8 -9
leaf_value=0.00087840932491293914 -0.024285051079505456 0.077158064101095991 0.0046637764559605294 0.0061964918188320058 0.084485803940994517 -0.018046297248640673 0.011418041997646259 -0.014703796627392567
leaf_weight=1235.6108072589741 129.35229981376324 19.143711511993388 20.294535361979797 147.78555612451646 11.235836535528508 10.136699433086276 23.040489779285053 104.60384713861458
leaf_count=52519 31846 2881 3658 41635 2165 5463 3361 19756
internal_value=-4.53325e-05 0.000811102 0.0398532 -0.00371997 -0.0121538 0.0358562 -0.018887 -0.000337783
internal_weight=1701.2 1379.65 39.4382 321.551 173.765 21.3725 152.393 1340.21
internal_count=163284 78814 6539 84470 42835 7628 35207 72275
is_linear=0
shrinkage=0.0750466


Tree=390
num_leaves=9
num_cat=0
split_feature=60 0 151 128 137 153 151 128
split_gain=0.842228 2.33858 4.40217 1.54438 3.43925 3.83187 2.90748 1.57312
threshold=1079.3350000000003 37799697.500000007 4.5000000000000009 5692.1350000000011 52892.525000000001 1026.3750000000002 7.5000000000000009 694.53000000000009
decision_type=2 2 8 10 10 8 8 10
left_child=3 -2 -3 7 5 -5 -7 -1
right_child=1 2 -4 4 -6 6 -8 -9
leaf_value=0.00030992999085634827 -0.019821850313246472 -0.02627712911356268 0.041646572348338233 0.035506196125199035 0.055435843755729394 -0.055872093650931057 0.0082377881975139143 -0.014418948284369902
leaf_weight=1562.1113097423176 38.656631649362225 9.8014616208342904 11.896147141684194 11.400606162453188 9.1248577885899049 7.4117701675022571 8.6149034343370641 41.936311844129023
leaf_count=123931 12580 1740 3722 1560 4176 2781 2549 10245
internal_value=-4.78589e-05 -0.00875442 0.0109634 0.000272437 0.0155256 0.00224772 -0.0214108 -7.51426e-05
internal_weight=1700.95 60.3542 21.6976 1640.6 36.5521 27.4273 16.0267 1604.05
internal_count=163284 18042 5462 145242 11066 6890 5330 134176
is_linear=0
shrinkage=0.0750466


Tree=391
num_leaves=9
num_cat=0
split_feature=8 125 141 72 72 8 9 96
split_gain=1.08949 3.80629 2.7693 2.4563 2.17794 7.27079 5.09624 6.2843
threshold=-1.0000000180025095e-35 -8696.0399999999991 1.1700000000000002 -1.0000000180025095e-35 387.90500000000003 12961.865000000002 1579.095 1.0000000180025095e-35
decision_type=2 8 10 2 2 2 2 2
left_child=1 2 -1 -2 5 -5 7 -6
right_child=3 -3 -4 4 6 -7 -8 -9
leaf_value=-0.036941956766564026 -0.019048880351595836 0.0078330810443350846 0.015961360758014742 -0.0024072005630508984 0.0027549126614454635 0.018538765898334676 -0.00049687593198282818 -0.036078743219067282
leaf_weight=19.542733766933001 40.51824258956367 220.25688903090395 7.7956928559478902 300.22052551555771 42.304103718726765 135.44146930376405 882.07098031168425 52.713968291165656
leaf_count=5460 3267 24975 2849 37600 1324 45470 37849 4490
internal_value=-4.6692e-05 0.0045549 -0.0218563 -0.000830672 -0.000308167 0.00410462 -0.00227573 -0.0187892
internal_weight=1700.86 247.595 27.3384 1453.27 1412.75 435.662 977.089 95.0181
internal_count=163284 33284 8309 130000 126733 83070 43663 5814
is_linear=0
shrinkage=0.0750466


Tree=392
num_leaves=9
num_cat=0
split_feature=33 33 33 16 7 140 112 134
split_gain=0.898988 2.6232 1.56384 2.8313 1.05465 5.23523 5.95253 4.53421
threshold=175039.38000000003 453889.19500000007 300519.73500000004 -3350.2649999999999 5005.1550000000016 8303.6200000000008 228031.20000000004 527473.65000000014
decision_type=2 2 2 2 2 8 10 8
left_child=4 2 3 -2 -1 6 -6 -7
right_child=1 -3 -4 -5 5 7 -8 -9
leaf_value=-0.0003625367433983528 0.02599621013587303 0.02319137389821898 -0.064440195004084669 -0.050577930135144666 0.062630746839283949 -0.033612258616206162 -0.0036173353721640285 0.0069066528041924532
leaf_weight=1558.2133032722281 5.0817252736178524 7.1718998349942913 5.3690547977184897 5.850141125900338 17.364363078020691 20.17104785121137 13.638113133520163 67.956703891580446
leaf_count=135405 1795 2402 2402 3009 2668 6395 2872 6336
internal_value=-4.63192e-05 -0.0146314 -0.0312722 -0.0149821 0.000157784 0.00696354 0.033488 -0.00236748
internal_weight=1700.82 23.4728 16.3009 10.9319 1677.34 119.13 31.0025 88.1278
internal_count=163284 9608 7206 4804 153676 18271 5540 12731
is_linear=0
shrinkage=0.0750466


Tree=393
num_leaves=9
num_cat=0
split_feature=8 149 120 12 137 25 137 127
split_gain=1.20268 4.38842 6.72328 3.86955 3.54037 6.47047 4.51675 6.37385
threshold=9683.5850000000009 4617.5000000000009 586837.18000000005 4.5000000000000009 7430.2150000000011 1.0000000180025095e-35 23022.290000000005 3462.5000000000005
decision_type=2 10 10 2 10 2 8 10
left_child=1 2 -1 -2 -3 -6 -7 -8
right_child=3 4 -4 -5 5 6 7 -9
leaf_value=0.001795002476488074 0.012513623353468322 0.029534040780254289 -0.025796306952243754 -0.0038887800666375788 -0.017126216950250631 0.067570984356700142 0.069469228217710191 -0.043894161752707377
leaf_weight=704.49591510849405 90.980524396974943 54.211167581404879 53.51762126090307 738.71816440470116 35.599859976999142 11.372907607828891 4.6323675380826916 7.0359570441246433
leaf_count=52826 1033 1703 4911 90869 3163 2689 1733 4357
internal_value=-4.54964e-05 0.00190253 -0.000153012 -0.00209018 0.0157093 0.00292896 0.0339152 0.00111152
internal_weight=1700.56 870.866 758.014 829.699 112.852 58.6411 23.0412 11.6683
internal_count=163284 71382 57737 91902 13645 11942 8779 6090
is_linear=0
shrinkage=0.0750466


Tree=394
num_leaves=9
num_cat=0
split_feature=80 12 107 80 107 97 83 115
split_gain=0.890612 4.04403 2.79767 2.07712 4.15857 7.41172 2.08999 6.70427
threshold=10.500000000000002 6.5000000000000009 171.50000000000003 6.5000000000000009 85.500000000000014 70.500000000000014 5324.8300000000008 22079.930000000004
decision_type=2 2 2 2 2 2 2 10
left_child=3 -2 -3 6 -5 -6 -1 -8
right_child=1 2 -4 4 5 -7 7 -9
leaf_value=0.00097523317310223376 -0.052100866064209932 0.040890202302354219 -0.021659297878220397 -0.026248322872899126 0.069986654354552966 -0.0089602253078946842 -0.0094390935382519421 0.036718385261632874
leaf_weight=1365.1651309680401 9.7210180523179606 7.9463942136935684 8.1656822343443292 8.9561264753792766 14.217683186760043 12.662184674969465 253.94358570440818 19.052326598354739
leaf_count=76461 1232 1329 4030 693 4260 3983 62315 8981
internal_value=-4.58694e-05 -0.0138739 0.0091898 0.000167525 0.0180408 0.0327975 -0.000223465 -0.00621777
internal_weight=1699.83 25.8331 16.1121 1674 35.836 26.8799 1638.16 272.996
internal_count=163284 6591 5359 156693 8936 8243 147757 71296
is_linear=0
shrinkage=0.0750466


end of trees

feature_importances:
cliente_edad=109
mcuentas_saldo=93
mpasivos_margen=81
mrentabilidad_annual=75
mprestamos_personales=75
ctrx_quarter=75
Master_fechaalta=73
mcuenta_corriente=71
Visa_mpagominimo=67
mactivos_margen=60
chomebanking_transacciones=59
numero_de_cliente=58
Master_mfinanciacion_limite=58
cproductos=57
mrentabilidad=54
mcaja_ahorro_dolares=53
Visa_Fvencimiento=52
Visa_mfinanciacion_limite=50
mcomisiones_mantenimiento=49
Visa_msaldopesos=48
mcomisiones=47
mcaja_ahorro=47
cliente_antiguedad=46
Master_Fvencimiento=46
Visa_fechaalta=46
mpagomiscuentas=45
ccomisiones_otras=45
Visa_mpagospesos=45
mtransferencias_recibidas=44
Visa_msaldototal=44
ctransferencias_emitidas=41
Visa_mconsumospesos=41
Visa_cconsumos=40
ctransferencias_recibidas=39
Master_mlimitecompra=39
mcomisiones_otras=37
mtransferencias_emitidas=37
ctarjeta_debito_transacciones=34
ccaja_seguridad=34
mcuenta_debitos_automaticos=33
Master_mpagospesos=33
Visa_mconsumototal=33
mautoservicio=32
ctarjeta_visa_transacciones=32
cprestamos_personales=32
mpayroll=32
internet=29
mtarjeta_visa_consumo=28
Visa_status=27
Visa_mlimitecompra=27
cdescubierto_preacordado=26
ccomisiones_mantenimiento=26
ccajas_consultas=26
ccaja_ahorro=25
cpayroll_trx=25
mplazo_fijo_dolares=24
mttarjeta_visa_debitos_automaticos=24
mextraccion_autoservicio=24
ccallcenter_transacciones=24
Master_msaldopesos=24
cpagomiscuentas=23
matm=21
Master_mpagominimo=20
Master_msaldototal=19
Visa_mconsumosdolares=19
active_quarter=18
thomebanking=17
tmobile_app=17
catm_trx=15
mttarjeta_master_debitos_automaticos=14
cmobile_app_trx=14
ctarjeta_debito=13
Master_status=13
tcuentas=12
ctarjeta_visa_debitos_automaticos=12
ccuenta_debitos_automaticos=11
tcallcenter=11
ccajas_otras=11
Master_fultimo_cierre=11
Master_mconsumototal=11
mtarjeta_master_consumo=10
cextraccion_autoservicio=10
catm_trx_other=10
ctarjeta_master_transacciones=9
matm_other=9
Master_mconsumospesos=9
cplazo_fijo=8
cseguro_vivienda=8
Master_cconsumos=8
Visa_mpagado=8
Visa_mpagosdolares=8
ctarjeta_visa=7
Visa_msaldodolares=7
Visa_fultimo_cierre=7
ctarjeta_master=6
cseguro_vida=6
ccajas_transacciones=5
Master_mconsumosdolares=4
cinversion1=2
mtarjeta_visa_descuentos=2
Master_msaldodolares=2
Master_mpagado=2
Master_mpagosdolares=2
cinversion2=1
minversion2=1
cseguro_accidentes_personales=1
ccheques_depositados=1
mcheques_depositados=1
ccajas_extracciones=1
Master_delinquency=1
Visa_madelantopesos=1
Visa_cadelantosefectivo=1

parameters:
[boosting: gbdt]
[objective: binary]
[metric: auc]
[tree_learner: serial]
[device_type: cpu]
[data_sample_strategy: bagging]
[data: ]
[valid: ]
[num_iterations: 395]
[learning_rate: 0.0750466]
[num_leaves: 9]
[num_threads: 0]
[seed: 141871]
[deterministic: 0]
[force_col_wise: 0]
[force_row_wise: 1]
[histogram_pool_size: -1]
[max_depth: -1]
[min_data_in_leaf: 2230]
[min_sum_hessian_in_leaf: 1.06535e-05]
[bagging_fraction: 1]
[pos_bagging_fraction: 1]
[neg_bagging_fraction: 1]
[bagging_freq: 0]
[bagging_seed: 3234]
[bagging_by_query: 0]
[feature_fraction: 0.218412]
[feature_fraction_bynode: 1]
[feature_fraction_seed: 20276]
[extra_trees: 0]
[extra_seed: 12123]
[early_stopping_round: 0]
[early_stopping_min_delta: 0]
[first_metric_only: 0]
[max_delta_step: 0]
[lambda_l1: 0]
[lambda_l2: 0]
[linear_lambda: 0]
[min_gain_to_split: 0]
[drop_rate: 0.1]
[max_drop: 50]
[skip_drop: 0.5]
[xgboost_dart_mode: 0]
[uniform_drop: 0]
[drop_seed: 20915]
[top_rate: 0.2]
[other_rate: 0.1]
[min_data_per_group: 100]
[max_cat_threshold: 32]
[cat_l2: 10]
[cat_smooth: 10]
[max_cat_to_onehot: 4]
[top_k: 20]
[monotone_constraints: ]
[monotone_constraints_method: basic]
[monotone_penalty: 0]
[feature_contri: ]
[forcedsplits_filename: ]
[refit_decay_rate: 0.9]
[cegb_tradeoff: 1]
[cegb_penalty_split: 0]
[cegb_penalty_feature_lazy: ]
[cegb_penalty_feature_coupled: ]
[path_smooth: 0]
[interaction_constraints: ]
[verbosity: -100]
[saved_feature_importance_type: 0]
[use_quantized_grad: 0]
[num_grad_quant_bins: 4]
[quant_train_renew_leaf: 0]
[stochastic_rounding: 1]
[linear_tree: 0]
[max_bin: 31]
[max_bin_by_feature: ]
[min_data_in_bin: 3]
[bin_construct_sample_cnt: 200000]
[data_random_seed: 4577]
[is_enable_sparse: 1]
[enable_bundle: 1]
[use_missing: 1]
[zero_as_missing: 0]
[feature_pre_filter: 0]
[pre_partition: 0]
[two_round: 0]
[header: 0]
[label_column: ]
[weight_column: ]
[group_column: ]
[ignore_column: ]
[categorical_feature: ]
[forcedbins_filename: ]
[precise_float_parser: 0]
[parser_config_file: ]
[objective_seed: 27266]
[num_class: 1]
[is_unbalance: 0]
[scale_pos_weight: 1]
[sigmoid: 1]
[boost_from_average: 1]
[reg_sqrt: 0]
[alpha: 0.9]
[fair_c: 1]
[poisson_max_delta_step: 0.7]
[tweedie_variance_power: 1.5]
[lambdarank_truncation_level: 30]
[lambdarank_norm: 1]
[label_gain: ]
[lambdarank_position_bias_regularization: 0]
[eval_at: ]
[multi_error_top_k: 1]
[auc_mu_weights: ]
[num_machines: 1]
[local_listen_port: 12400]
[time_out: 120]
[machine_list_filename: ]
[machines: ]
[gpu_platform_id: -1]
[gpu_device_id: -1]
[gpu_device_id_list: ]
[gpu_use_dp: 0]
[num_gpu: 1]

end of parameters
