tree
version=v4
num_class=1
num_tree_per_iteration=1
label_index=0
max_feature_idx=153
objective=binary sigmoid:1
feature_names=numero_de_cliente foto_mes active_quarter cliente_vip internet cliente_edad cliente_antiguedad mrentabilidad mrentabilidad_annual mcomisiones mactivos_margen mpasivos_margen cproductos tcuentas ccuenta_corriente mcuenta_corriente_adicional mcuenta_corriente ccaja_ahorro mcaja_ahorro mcaja_ahorro_adicional mcaja_ahorro_dolares cdescubierto_preacordado mcuentas_saldo ctarjeta_debito ctarjeta_debito_transacciones mautoservicio ctarjeta_visa ctarjeta_visa_transacciones mtarjeta_visa_consumo ctarjeta_master ctarjeta_master_transacciones mtarjeta_master_consumo cprestamos_personales mprestamos_personales cprestamos_prendarios mprestamos_prendarios cprestamos_hipotecarios mprestamos_hipotecarios cplazo_fijo mplazo_fijo_dolares mplazo_fijo_pesos cinversion1 minversion1_pesos minversion1_dolares cinversion2 minversion2 cseguro_vida cseguro_auto cseguro_vivienda cseguro_accidentes_personales ccaja_seguridad cpayroll_trx mpayroll mpayroll2 cpayroll2_trx ccuenta_debitos_automaticos mcuenta_debitos_automaticos ctarjeta_visa_debitos_automaticos mttarjeta_visa_debitos_automaticos ctarjeta_master_debitos_automaticos mttarjeta_master_debitos_automaticos cpagodeservicios mpagodeservicios cpagomiscuentas mpagomiscuentas ccajeros_propios_descuentos mcajeros_propios_descuentos ctarjeta_visa_descuentos mtarjeta_visa_descuentos ctarjeta_master_descuentos mtarjeta_master_descuentos ccomisiones_mantenimiento mcomisiones_mantenimiento ccomisiones_otras mcomisiones_otras cforex cforex_buy mforex_buy cforex_sell mforex_sell ctransferencias_recibidas mtransferencias_recibidas ctransferencias_emitidas mtransferencias_emitidas cextraccion_autoservicio mextraccion_autoservicio ccheques_depositados mcheques_depositados ccheques_emitidos mcheques_emitidos ccheques_depositados_rechazados mcheques_depositados_rechazados ccheques_emitidos_rechazados mcheques_emitidos_rechazados tcallcenter ccallcenter_transacciones thomebanking chomebanking_transacciones ccajas_transacciones ccajas_consultas ccajas_depositos ccajas_extracciones ccajas_otras catm_trx matm catm_trx_other matm_other ctrx_quarter tmobile_app cmobile_app_trx Master_delinquency Master_status Master_mfinanciacion_limite Master_Fvencimiento Master_Finiciomora Master_msaldototal Master_msaldopesos Master_msaldodolares Master_mconsumospesos Master_mconsumosdolares Master_mlimitecompra Master_madelantopesos Master_madelantodolares Master_fultimo_cierre Master_mpagado Master_mpagospesos Master_mpagosdolares Master_fechaalta Master_mconsumototal Master_cconsumos Master_cadelantosefectivo Master_mpagominimo Visa_delinquency Visa_status Visa_mfinanciacion_limite Visa_Fvencimiento Visa_Finiciomora Visa_msaldototal Visa_msaldopesos Visa_msaldodolares Visa_mconsumospesos Visa_mconsumosdolares Visa_mlimitecompra Visa_madelantopesos Visa_madelantodolares Visa_fultimo_cierre Visa_mpagado Visa_mpagospesos Visa_mpagosdolares Visa_fechaalta Visa_mconsumototal Visa_cconsumos Visa_cadelantosefectivo Visa_mpagominimo
feature_infos=[12159854:77722076] [202104:202104] [0:1] [0:1] [0:4] [19:101] [1:376] [-239774.32000000001:645741.12] [-603976.89000000001:6868191.71] [-32909.18:341624.25] [-313906.75:299888.78000000003] [-62197.190000000002:519043.78999999998] [3:17] [1:2] [1:3] [-82991.339999999997:2108268.0299999998] [-2195857.5:21365751.859999999] [2:8] [-8280.1299999999992:30787954.780000001] [-1190.8199999999999:2654243.8300000001] [-26336.5:135638177.87] [0:1] [-2232579.79:328744518.88999999] [0:301] [0:162] [0:1400273.4399999999] [0:3] [0:634] [0:2837240.7200000002] [0:2] [0:356] [0:1779727.1100000001] [0:506] [0:7038000] [0:19] [0:20442808.949999999] [0:20] [0:35851430.100000001] [0:99] [0:59597784] [0:32117593.73] [0:11] [0:108203113.08] [0:117252843.86] [0:52] [0:355653815.48000002] [0:3] [0:11] [0:4] [0:5] [0:6] [0:126] [0:60648897.310000002] [0:317432.5] [0:4] [0:134] [0:7283353.5099999998] [0:72] [0:722029.88] [0:58] [0:557086.31999999995] [0:42] [0:8517858.4399999995] [0:678] [0:230670200.97999999] [0:12] [0:23460] [0:15] [0:74972.639999999999] [0:15] [0:78459.029999999999] [0:38] [-15494.48:12465.219999999999] [0:256] [-32909.18:341624.25] [0:18] [0:15] [0:11759.32] [0:18] [0:3628.9099999999999] [0:902] [0:531368551.08999997] [0:259] [0:154341745.75999999] [0:101] [0:2011695] [0:140] [0:63679162.43] [0:89] [0:15356358.539999999] [0:13] [0:4222800] [0:14] [0:2366424.8700000001] [0:1] [0:101] [0:1] [0:12022] [0:1] [0:34] [0:8] [0:9] [0:52] [0:101] [0:2011695] [0:57] [0:1642602.8] [0:3437] [0:1] [0:1] [0:1] [0:9] [0:550790361] [-2251:6880] [2:207] [-1008582:2798756.1099999999] [-990227.02000000002:2797981.7999999998] [-630945.59999999998:1087846.4399999999] [-45738.199999999997:1774651.05] [0:9649.6599999999999] [985.32000000000005:9212742] [0:52785] [0:214.69] [2:3320] [0:787680.82999999996] [-1271748.3799999999:49814.739999999998] [0:9334.25] [2:7632] [-45738.199999999997:1774651.05] [0:126] [0:20] [0:1361723.97] [0:1] [0:9] [0:124710817.52] [-2914148:5845] [5:208] [-890074.31999999995:7278914.8899999997] [-1044057.17:8538167.1600000001] [-702902.58999999997:738213.71999999997] [-60767.610000000001:2779277.9500000002] [0:13403.35] [1011.71:16422000] [0:191476.91] [0:2047.8800000000001] [2:163] [0:1994100] [-2855922.9199999999:70457.759999999995] [0:10844.469999999999] [2:12628] [-60767.610000000001:2779277.9500000002] [0:180] [0:16] [0:2073101.55]
tree_sizes=1082 1135 1111 1117 1129 1130 1123 1122 1131 1110 1129 1135 1108 1139 1117 1137 1126 1132 1126 1136 1143 1118 1132 1143 1121 1131 1135 1118 1133 1121 1134 1110 1138 1138 1140 1140 1163 1154 1136 1146 1155 1156 1129 1132 1134 1139 1148 1135 1150 1131 1142 1154 1138 1138 1157 1149 1155 1151 1158 1136 1137 1138 1145 1147 1135 1142 1163 1151 1150 1141 1144 1152 1139 1144 1137 1152 1152 1155 1138 1140 1142 1136 1148 1146 1130 1150 1145 1138 1157 1149 1141 1141 1141 1130 1129 1150 1153 1138 1134 1145 1149 1141 1138 1154 1148 1128 1147 1137 1148 1131 1143 1147 1138 1146 1144 1140 1141 1130 1145 1135 1148 1147 1129 1150 1145 1142 1142 1132 1141 1128 1137 1153 1128 1145 1142 1141 1144 1135 1140 1140 1140 1136 1136 1137 1133 1144 1140 1160 1135 1151 1132 1144 1129 1141 1133 1141 1135 1130 1143 1146 1136 1125 1151 1138 1125 1155 1153 1124 1152 1144 1125 1147 1136 1130 1130 1143 1122 1141 1131 1131 1139 1144 1129 1139 1139 1141 1141 1139 1164 1140 1138 1136 1138 1147 1143 1157 1143 1135 1152 1133 1146 1139 1139 1143 1146 1133 1145 1133 1123 1139 1139 1140 1148 1135 1141 1150 1132 1143 1146 1143 1129 1129 1135 1142 1139 1146 1135 1132 1139 1136 1128 1149 1140 1120 1131 1140 1124 1136 1149 1133 1135 1137 1138 1148 1121 1145 1131 1150 1134 1130 1132 1132 1145 1129 1136 1135 1130 1142 1124 1140 1135 1147 1138 1128 1141 1140 1138 1126 1134 1148 1138 1143 1123 1153 1143 1128 1126 1150 1143 1140 1148 1134 1137 1144 1136 1132 1149 1145 1136 1129 1135 1139 1142 1140 1135 1146 1152 1130 1131 1135 1132 1136 1134 1129 1135 1146 1144 1138 1130 1131 1132 1151 1142 1137 1154 1135 1134 1132 1135 1135 1134 1119 1133 1153 1133 1149 1130 1137 1144 1141 1134 1143 1139 1139 1138 1127 1143 1131 1139 1136 1138 1145 1131 1133 1131 1140 1143 1132 1150 1142 1137 1133 1115 1130 1132 1150 1148 1148 1135 1137 1128 1140 1138 1139 1132 1134 1136 1137 1146 1142 1150 1140 1135 1143 1137 1139 1135 1132 1154 1146 1121 1143 1130 1133 1142 1136 1135 1128 1140 1140 1138 1145 1136 1158 1143

Tree=0
num_leaves=9
num_cat=0
split_feature=11 51 32 150 16 150 51 11
split_gain=3707.6 2475.46 1561.97 2384.22 1609.29 319.864 318.006 304.53
threshold=93.555000000000021 1.0000000180025095e-35 1.0000000180025095e-35 inf -985.6149999999999 2710.7250000000008 1.0000000180025095e-35 271.98500000000007
decision_type=2 2 2 8 2 10 2 2
left_child=1 2 3 5 -5 -1 7 -2
right_child=6 -3 -4 4 -6 -7 -8 -9
leaf_value=-3.9433740661107346 -4.2426216028975325 -4.3816418388221123 -4.286865017821877 -3.0440948217912531 -3.8350903733073176 -4.2433696006906407 -4.4081542146135417 -4.366220135610634
leaf_weight=50.421827137470245 136.98819652199745 109.61598426103592 52.049157917499542 29.228386431932449 28.719845563173294 33.19500520825386 1013.4838108718395 622.21246644854546
leaf_count=3966 10775 8622 4094 2299 2259 2611 79717 48941
internal_value=-4.33916 -4.09667 -3.93533 -3.80608 -3.43612 -4.06247 -4.38064 -4.34392
internal_weight=2075.91 303.23 193.614 141.565 57.9482 83.6168 1772.68 759.201
internal_count=163284 23851 15229 11135 4558 6577 139433 59716
is_linear=0
shrinkage=1


Tree=1
num_leaves=9
num_cat=0
split_feature=25 153 51 33 127 51 153 5
split_gain=1819.74 1630.16 536.285 287.767 505.921 150.821 141.777 137.049
threshold=1.0000000180025095e-35 475.06500000000005 1.0000000180025095e-35 4895.2500000000009 1.0000000180025095e-35 1.0000000180025095e-35 475.06500000000005 39.500000000000007
decision_type=2 10 2 2 10 2 10 2
left_child=1 2 3 4 -1 6 -2 -6
right_child=5 -3 -4 -5 7 -7 -8 -9
leaf_value=0.48519154020540595 0.054044509565039936 -0.0074283820106670262 -0.011549287943274075 0.083982984947273479 0.34461880069368395 -0.06916702677941973 -0.040295661168148554 0.19102684343971549
leaf_weight=58.389582405798137 118.04957059118897 389.28946010116488 47.763187519274652 43.604981322772801 43.764158823527396 916.61854201741517 373.81319887749851 129.64469612296671
leaf_count=2201 8414 30121 3981 3273 2057 76950 29423 6864
internal_value=-0.00173817 0.0960008 0.220593 0.260853 0.294125 -0.0511777 -0.0176535 0.22979
internal_weight=2120.94 712.456 323.167 275.403 231.798 1408.48 491.863 173.409
internal_count=163284 48497 18376 14395 11122 114787 37837 8921
is_linear=0
shrinkage=0.0750466


Tree=2
num_leaves=9
num_cat=0
split_feature=18 138 51 138 149 18 73 73
split_gain=2157.57 626.489 275.944 322.346 155.516 115.818 66.2537 58.1977
threshold=952.04500000000019 10376.35 1.0000000180025095e-35 6957.295000000001 636.50000000000011 24182.040000000005 4.5000000000000009 4.5000000000000009
decision_type=2 10 2 10 8 2 2 2
left_child=1 4 3 5 -1 -2 -3 -6
right_child=2 6 -4 -5 7 -7 -8 -9
leaf_value=0.10767508326688524 0.1115557128466142 0.10573046939885154 -0.067143701904446546 -0.037583887995314334 0.26595327689778775 -0.001502092147231031 -0.0088754291045690398 0.17849245790734342
leaf_weight=61.027781330980361 139.55581655818969 38.791094128042459 941.92609770223498 538.94582968670875 163.19087872095406 80.44936300162226 106.14748565293849 58.105830488726497
leaf_count=2341 7900 2853 84012 43180 5790 5839 8356 3013
internal_value=-0.00213783 0.148628 -0.0400103 -0.00633542 0.213739 0.0702138 0.0217975 0.242989
internal_weight=2128.14 427.263 1700.88 758.951 282.324 220.005 144.939 221.297
internal_count=163284 22353 140931 56919 11144 13739 11209 8803
is_linear=0
shrinkage=0.0750466


Tree=3
num_leaves=9
num_cat=0
split_feature=28 51 12 51 8 149 8 9
split_gain=1532.61 732.871 361.195 187.619 153.346 132.74 126.395 118.289
threshold=2982.1750000000006 1.0000000180025095e-35 5.5000000000000009 1.0000000180025095e-35 16678.810000000001 636.50000000000011 9683.5850000000009 1388.5400000000002
decision_type=2 2 2 2 2 8 2 2
left_child=1 2 -1 6 5 -4 -2 -7
right_child=3 -3 4 -5 -6 7 -8 -9
leaf_value=0.25055511579591228 0.023656753074224195 -0.039306492501133591 0.063991830084564758 -0.069797133511509388 0.048206251452802856 0.12213094000382725 -0.041010003616220377 0.27228174970110347
leaf_weight=128.38112913165241 273.82646955084056 168.21504469029605 65.997416600584984 767.97617081832141 156.42395875323564 59.377746112644672 449.93408912979066 58.822849156334996
leaf_count=3671 20879 15470 2335 72869 7628 2501 35939 1992
internal_value=-0.00234374 0.0950801 0.14328 -0.0439598 0.102848 0.14925 -0.0165441 0.196854
internal_weight=2128.95 637.218 469.003 1491.74 340.622 184.198 723.761 118.201
internal_count=163284 33597 18127 129687 14456 6828 56818 4493
is_linear=0
shrinkage=0.0750466


Tree=4
num_leaves=9
num_cat=0
split_feature=25 147 12 51 85 12 25 12
split_gain=1089.22 522.974 229.291 134.218 116.494 90.5777 54.4268 47.2637
threshold=1.0000000180025095e-35 -12321.749999999998 5.5000000000000009 1.0000000180025095e-35 4750.6500000000005 6.5000000000000009 4305.3500000000013 7.5000000000000009
decision_type=2 8 2 2 2 2 2 2
left_child=1 -1 -3 5 7 6 -2 -4
right_child=3 2 4 -5 -6 -7 -8 -9
leaf_value=-0.019688818597914357 0.11547337217392151 0.18329203039497055 0.10456275178628721 -0.067566380610044621 -0.03026846863660421 -0.035718508641888434 0.0060529220417451035 0.044075942945513001
leaf_weight=298.40006903000176 36.691358016803861 147.53958386182785 288.95657932758331 756.48180429171771 52.047805855982006 364.57464380469173 84.711364063434303 97.239698641002178
leaf_count=24351 2223 3397 11571 76950 3847 29512 6102 5331
internal_value=-0.00248884 0.0611777 0.102371 -0.0477965 0.0751285 -0.0170223 0.0391229 0.0893329
internal_weight=2126.64 884.184 585.784 1242.46 438.244 485.977 121.403 386.196
internal_count=163284 48497 24146 114787 20749 37837 8325 16902
is_linear=0
shrinkage=0.0750466


Tree=5
num_leaves=9
num_cat=0
split_feature=24 153 74 153 147 0 133 74
split_gain=921.853 400.526 111.415 74.1493 73.1261 49.9102 49.0106 47.1777
threshold=1.0000000180025095e-35 651.0150000000001 1588.4450000000004 475.06500000000005 -12321.749999999998 46112960.000000007 1.0000000180025095e-35 1588.4450000000004
decision_type=2 10 2 10 8 2 8 2
left_child=1 2 6 7 -3 -4 -1 -2
right_child=3 4 5 -5 -6 -7 -8 -9
leaf_value=0.033204574135648555 -0.031405597936374055 -0.029304819121963144 0.098498214753438992 -0.057403811143394129 0.047191415586327674 0.16006480212737675 0.10208906140212486 0.03720015828810528
leaf_weight=175.52323156502098 226.86037998180836 263.73390214703977 191.38365109544247 884.24277544394135 95.999496413394809 121.07216483633965 87.006790825165808 75.152605189010501
leaf_count=8497 20636 22408 5900 89246 6437 2971 2284 4905
internal_value=-0.00252019 0.0532167 0.0920735 -0.0464385 -0.00889081 0.122354 0.056034 -0.0143338
internal_weight=2120.97 934.719 574.986 1186.26 359.733 312.456 262.53 302.013
internal_count=163284 48497 19652 114787 28845 8871 10781 25541
is_linear=0
shrinkage=0.0750466


Tree=6
num_leaves=9
num_cat=0
split_feature=107 81 107 12 26 28 12 84
split_gain=1383.05 108.818 99.4088 77.1543 25.9524 24.955 20.7194 15.9617
threshold=38.500000000000007 15997.960000000001 79.500000000000014 6.5000000000000009 1.0000000180025095e-35 7437.8550000000005 5.5000000000000009 3.5000000000000004
decision_type=2 2 2 2 2 2 2 2
left_child=1 3 5 4 -1 7 -4 -2
right_child=2 -3 6 -5 -6 -7 -8 -9
leaf_value=0.14046070770510774 0.021192590208371137 0.010234024904172929 0.0078007468884814368 0.064736317499899748 0.099561292008119875 -0.029023551896600566 -0.058109853771678266 -0.030144682677400884
leaf_weight=180.85198269784451 134.69299875665456 90.98739330098033 27.600429621525109 229.89683113247156 169.06011427100748 232.00774043332785 1003.068826103583 45.676715755835176
leaf_count=3274 8967 5567 2222 9710 5791 21190 102575 3988
internal_value=-0.00249815 0.0865364 -0.0438856 0.0985102 0.1207 -0.0127459 -0.0563448 0.00819197
internal_weight=2113.84 670.796 1443.05 579.809 349.912 412.377 1030.67 180.37
internal_count=163284 24342 138942 18775 9065 34145 104797 12955
is_linear=0
shrinkage=0.0750466


Tree=7
num_leaves=9
num_cat=0
split_feature=107 18 51 7 12 18 12 18
split_gain=1152.43 175.321 125.776 63.5895 60.912 53.8874 32.0663 30.438
threshold=45.500000000000007 5971.0600000000004 1.0000000180025095e-35 278.72500000000008 5.5000000000000009 13442.075000000003 7.5000000000000009 27674.390000000003
decision_type=2 2 2 2 2 2 2 2
left_child=1 3 5 -1 -5 6 -2 -3
right_child=2 7 -4 4 -6 -7 -8 -9
leaf_value=0.049615925893849937 0.023990740271366547 0.030122652988685931 -0.067707003058291498 0.14280132734103712 0.083348362675373822 -0.041726378734304098 -0.027264807829558989 -0.03244548355112347
leaf_weight=177.96284645237029 167.01062535028905 101.21345692127943 694.69178574718535 144.08723092544824 297.33472433965653 329.27339261956513 116.8323905672878 77.182031832635403
leaf_count=6218 11653 6294 81787 2002 9365 30385 9747 5833
internal_value=-0.00247958 0.0686061 -0.0458428 0.0874868 0.102755 -0.0210696 0.00289349 0.00305282
internal_weight=2105.59 797.78 1307.81 619.385 441.422 613.116 283.843 178.395
internal_count=163284 29712 133572 17585 11367 51785 21400 12127
is_linear=0
shrinkage=0.0750466


Tree=8
num_leaves=9
num_cat=0
split_feature=25 140 104 30 10 8 151 8
split_gain=601.371 215.591 98.0775 74.7721 47.6404 41.93 46.6714 34.3434
threshold=3329.2250000000004 6174.3750000000009 1.0000000180025095e-35 1.0000000180025095e-35 1.0000000180025095e-35 12961.865000000002 9.5000000000000018 9683.5850000000009
decision_type=2 10 2 2 2 2 8 2
left_child=1 2 3 4 5 6 -1 -3
right_child=-2 7 -4 -5 -6 -7 -8 -9
leaf_value=0.10548577463510432 -0.049810367967726803 0.0079633820806045714 -0.020365820248363236 -0.0012479293408963698 0.083785112524192087 0.001169046157436333 0.027789016464262368 -0.041022071120798344
leaf_weight=82.659594071563333 877.82152082724497 140.39294053800404 96.901146144606173 99.385007958859205 428.96639849292114 88.571909699123353 92.008142302278429 189.28445969941095
leaf_count=4331 99479 12828 7305 5390 9404 4161 2542 17844
internal_value=-0.0024562 0.0316675 0.0508989 0.0596226 0.0683623 0.0432297 0.0645582 -0.0201616
internal_weight=2095.99 1218.17 888.492 791.591 692.206 263.24 174.668 329.677
internal_count=163284 63805 33133 25828 20438 11034 6873 30672
is_linear=0
shrinkage=0.0750466


Tree=9
num_leaves=9
num_cat=0
split_feature=11 84 30 27 9 9 10 113
split_gain=639.437 144.43 75.891 74.7186 39.1453 31.2594 31.0624 27.7413
threshold=225.00500000000002 1.0000000180025095e-35 1.0000000180025095e-35 1.5000000000000002 1579.095 1579.095 1.0000000180025095e-35 -1962.9999999999998
decision_type=2 2 2 2 2 2 2 10
left_child=1 2 4 6 7 -3 -2 -1
right_child=3 5 -4 -5 -6 -7 -8 -9
leaf_value=0.022230383513388626 -0.016398564288180994 -0.037554548291729953 -0.0068934381047489005 -0.048939932927221472 0.080200828947092059 0.037064775097948352 0.05181619899257512 0.069147202490567605
leaf_weight=153.73889091610909 127.99740882683545 130.1449654889293 93.522565249353647 951.2122835163027 403.46643562149256 41.765093196183443 53.230965665541589 131.85456658154726
leaf_count=4140 10789 12989 5452 108429 9469 2569 4126 5321
internal_value=-0.00238811 0.0428596 0.0565419 -0.0405258 0.0651517 -0.019426 0.00363769 0.0438912
internal_weight=2086.93 954.493 782.582 1132.44 689.06 171.91 181.228 285.593
internal_count=163284 39940 24382 123344 18930 15558 14915 9461
is_linear=0
shrinkage=0.0750466


Tree=10
num_leaves=9
num_cat=0
split_feature=18 33 28 116 9 7 11 18
split_gain=615.827 306.847 107.709 69.2991 43.4051 37.2769 23.011 21.5219
threshold=3102.7650000000003 17595.285000000003 5998.3400000000011 2777.4150000000004 1388.5400000000002 2050.3150000000005 1.0000000180025095e-35 13442.075000000003
decision_type=2 2 2 10 2 2 2 2
left_child=1 3 4 5 -2 6 -1 -4
right_child=2 -3 7 -5 -6 -7 -8 -9
leaf_value=0.034179654712913253 -0.022012387181286456 -0.051046939934409369 -0.031478372439946105 0.0023573662108530217 0.032743397757611953 0.099510092421574103 0.072605772558118814 -0.059007877328828069
leaf_weight=124.46938980417326 232.80658453144133 153.32627945672721 214.82456493331119 85.52822855161503 125.48126740707085 217.66304387338459 297.67646524403244 625.95583717012778
leaf_count=1864 21904 9188 23061 5870 6459 4956 10915 79067
internal_value=-0.00231637 0.0454119 -0.0372911 0.065802 -0.00283556 0.0742831 0.0612759 -0.0519739
internal_weight=2077.73 878.663 1199.07 725.337 358.288 639.809 422.146 840.78
internal_count=163284 32793 130491 23605 28363 17735 12779 102128
is_linear=0
shrinkage=0.0750466


Tree=11
num_leaves=9
num_cat=0
split_feature=51 22 28 16 135 16 138 28
split_gain=541.951 315.281 86.7921 64.6258 72.7357 47.7743 31.8835 26.7148
threshold=1.0000000180025095e-35 6061.1650000000009 10333.675000000001 -14461.189999999999 -1993.4999999999998 -985.6149999999999 29617.135000000006 1.0000000180025095e-35
decision_type=2 2 2 2 10 2 10 2
left_child=1 2 3 -1 -5 -6 -3 -2
right_child=7 6 -4 4 5 -7 -8 -9
leaf_value=0.11404756488953957 -0.024328886679669096 -0.010236756208802444 0.0065623772355108455 0.021181096243842939 0.048512424474991801 0.10414358081456307 -0.050071518069373336 -0.065686971472854419
leaf_weight=115.06970254424959 104.88959365384653 340.18555374257267 199.71181402727962 244.24865333084017 185.6080999802798 163.54630346409976 169.57006691023707 545.02686367882416
leaf_count=1733 11205 23973 16481 4384 4040 5149 19185 77134
internal_value=-0.00226417 0.0237464 0.0502586 0.0625761 0.052595 0.0745704 -0.0234878 -0.0590122
internal_weight=2067.86 1417.94 908.185 708.473 593.403 349.154 509.756 649.916
internal_count=163284 74945 31787 15306 13573 9189 43158 88339
is_linear=0
shrinkage=0.0750466


Tree=12
num_leaves=9
num_cat=0
split_feature=22 28 12 22 133 28 24 131
split_gain=467.617 159.486 51.8993 57.8392 65.6996 40.731 40.0492 28.4963
threshold=6061.1650000000009 7437.8550000000005 6.5000000000000009 -9370.4499999999989 inf 8877.1900000000023 1.5000000000000002 240.46500000000003
decision_type=2 2 2 2 8 2 2 8
left_child=1 2 3 -1 -5 -2 7 -3
right_child=5 6 -4 4 -6 -7 -8 -9
leaf_value=0.10356081937120194 -0.021626474481956572 0.031549907890818928 0.024240866831494373 0.078237772820915735 0.012173124783072989 -0.053978885305354704 -0.043546088487475536 -0.02488647543699618
leaf_weight=146.1630196897313 354.15056041907519 123.78011553734541 296.44834801135585 179.96464515477419 160.28769012913108 575.01329878950492 137.85022999392822 84.983802335802466
leaf_count=1825 29369 8973 10916 4880 3515 78136 18367 7303
internal_value=-0.0022131 0.0302278 0.0489921 0.0640769 0.0471157 -0.0416478 -0.0121534 0.00857573
internal_weight=2058.64 1129.48 782.864 486.415 340.252 929.164 346.614 208.764
internal_count=163284 55779 21136 10220 8395 107505 34643 16276
is_linear=0
shrinkage=0.0750466


Tree=13
num_leaves=9
num_cat=0
split_feature=51 27 56 141 94 130 27 27
split_gain=454.491 161.544 62.0794 47.7891 34.8987 26.7628 25.6529 17.2382
threshold=1.0000000180025095e-35 2.5000000000000004 69.980000000000018 53.975000000000009 1.0000000180025095e-35 1.5000000000000002 1.0000000180025095e-35 1.5000000000000002
decision_type=2 2 2 8 2 8 2 2
left_child=1 3 4 7 5 -3 -2 -1
right_child=6 2 -4 -5 -6 -7 -8 -9
leaf_value=0.085010967153668571 -0.023359679342178946 -0.025165613268882042 -0.040444515589771343 0.030602003293058067 0.076234255530956432 0.019087681848697011 -0.064555661519618446 0.040704822066426366
leaf_weight=153.42491687880829 102.96541554434225 128.34568691300228 228.61388840060681 638.72061857907102 39.378570484928787 192.26233241939917 491.50034283380955 72.983115513809025
leaf_count=5524 11208 12088 24524 11626 3431 14235 77131 3517
internal_value=-0.00213794 0.0204684 -0.00986108 0.0411034 0.0095613 0.00137222 -0.0574202 0.0707288
internal_weight=2048.19 1453.73 588.6 865.129 359.987 320.608 594.466 226.408
internal_count=163284 74945 54278 20667 29754 26323 88339 9041
is_linear=0
shrinkage=0.0750466


Tree=14
num_leaves=9
num_cat=0
split_feature=52 33 11 21 31 12 5 12
split_gain=421.014 202.239 196.98 92.8366 47.3171 35.8102 18.2255 15.53
threshold=16685.650000000005 27559.105000000007 665.45500000000015 1.0000000180025095e-35 539.49500000000012 5.5000000000000009 39.500000000000007 5.5000000000000009
decision_type=2 2 2 2 2 2 2 2
left_child=1 2 3 -1 5 -5 -7 -2
right_child=7 -3 -4 4 -6 6 -8 -9
leaf_value=0.11552735540075988 0.0018286939677476604 -0.054409268011983501 -0.026804625968590241 0.073612574974220996 -0.003104022066907723 0.05531667177700135 0.027116092994018605 -0.062258400291930485
leaf_weight=92.35955449193716 22.226920791435987 189.26727741630748 284.240381996613 176.70460227457806 142.8090445837006 182.2634793673642 442.24807412736118 508.32186018209904
leaf_count=1534 2569 11888 30793 2078 10042 6080 16414 81886
internal_value=-0.00206564 0.0181416 0.0285393 0.043718 0.0366925 0.0437858 0.0353464 -0.0595735
internal_weight=2040.44 1509.89 1320.63 1036.38 944.025 801.216 624.512 530.549
internal_count=163284 78829 66941 36148 34614 24572 22494 84455
is_linear=0
shrinkage=0.0750466


Tree=15
num_leaves=9
num_cat=0
split_feature=107 33 29 52 71 8 135 8
split_gain=436.45 134.892 103.259 79.783 51.4372 119.097 52.4718 47.9874
threshold=59.500000000000007 27559.105000000007 1.0000000180025095e-35 1.0000000180025095e-35 1.0000000180025095e-35 9683.5850000000009 -1505.9999999999998 18628.875000000004
decision_type=2 2 2 2 2 2 10 2
left_child=1 2 -1 7 -4 6 -6 -2
right_child=3 -3 4 -5 5 -7 -8 -9
leaf_value=0.072405147758698871 0.0044012351557380655 -0.045440009554217842 -0.0050049618390466746 -0.065134595304951928 0.049106031899767727 0.0057092806649657948 0.13270669359958301 -0.044734019418113134
leaf_weight=322.90329080121592 227.11655796738341 124.54853989230469 264.41399280168116 427.78368883067742 96.667983865831047 269.31697360938415 75.157632200513035 220.75128057226539
leaf_count=5241 21860 5713 15359 76028 2416 9516 2754 24397
internal_value=-0.00201291 0.028322 0.0372547 -0.0419562 0.0211679 0.0368554 0.0856735 -0.0198172
internal_weight=2028.66 1153.01 1028.46 875.652 705.557 441.143 171.826 447.868
internal_count=163284 40999 35286 122285 30045 14686 5170 46257
is_linear=0
shrinkage=0.0750466


Tree=16
num_leaves=9
num_cat=0
split_feature=25 33 29 81 16 115 5 29
split_gain=256.133 150.762 117.14 47.4339 46.9296 36.6803 27.1474 22.6599
threshold=4305.3500000000013 17595.285000000003 1.0000000180025095e-35 42044.910000000011 -6095.0899999999992 2964.0000000000005 39.500000000000007 1.0000000180025095e-35
decision_type=2 2 2 2 2 10 2 2
left_child=1 2 4 5 -1 6 -4 -2
right_child=7 -3 3 -5 -6 -7 -8 -9
leaf_value=0.095461643233800075 -0.00037000505268251099 -0.047956756784963625 0.050613944324488423 -0.026811272343896717 0.039284585472981345 -0.023259301826664573 0.015708520319144256 -0.04713992968015282
leaf_weight=141.51044476265088 65.227099530398846 181.7273117704317 175.77706462144852 156.31847007805482 205.18999949423596 100.27037743106484 438.63077223813161 552.7693464779295
leaf_count=1213 7581 12857 5824 17336 4832 7822 17748 88071
internal_value=-0.00196458 0.0158053 0.025321 0.0106357 0.062214 0.0188264 0.0256947 -0.0422035
internal_weight=2017.42 1399.42 1217.7 870.997 346.7 714.678 614.408 617.996
internal_count=163284 67632 54775 48730 6045 31394 23572 95652
is_linear=0
shrinkage=0.0750466


Tree=17
num_leaves=9
num_cat=0
split_feature=107 94 107 18 153 141 29 18
split_gain=344.318 80.1891 47.7555 29.1042 24.428 24.2958 23.1602 22.8886
threshold=66.500000000000014 1.0000000180025095e-35 22.500000000000004 11352.675000000001 1413.4650000000001 2.2850000000000006 1.0000000180025095e-35 252.93500000000003
decision_type=2 2 2 2 10 8 2 2
left_child=1 2 5 4 -2 7 -7 -1
right_child=3 -3 -4 -5 -6 6 -8 -9
leaf_value=0.084264337826099239 0.0078840483633313661 0.09903277398282799 -0.0010081607158964256 -0.05237940760761399 -0.039533031688432696 0.037359318913981782 0.0066377958747183257 0.026502318792153971
leaf_weight=79.546210635453463 99.182927925605327 72.355203052517027 466.64819271443412 498.89536078134552 159.7404786082916 287.00317557528615 266.56423897016793 75.125732029788196
leaf_count=1830 9143 3174 31109 85512 21646 3312 4744 2814
internal_value=-0.00188736 0.0223538 0.0176316 -0.0417843 -0.0213695 0.029913 0.0225657 0.0562087
internal_weight=2005.06 1247.24 1174.89 757.819 258.923 708.239 553.567 154.672
internal_count=163284 46983 43809 116301 30789 12700 8056 4644
is_linear=0
shrinkage=0.0750466


Tree=18
num_leaves=9
num_cat=0
split_feature=52 22 147 73 17 22 16 138
split_gain=301.867 138.387 33.1267 29.6062 29.4287 26.5175 25.8869 25.2941
threshold=16685.650000000005 6061.1650000000009 -2974.2299999999996 8.5000000000000018 3.5000000000000004 78916.440000000017 -14461.189999999999 54590.010000000002
decision_type=2 2 10 2 2 2 2 8
left_child=1 2 3 6 -2 -3 -1 -8
right_child=4 5 -4 -5 -6 -7 7 -9
leaf_value=0.057236141799191009 -0.060341887420579783 -0.0043688489743136556 0.063334350202822853 -0.016440885579224372 0.038020828053013385 -0.039941296785323814 0.032875832505607883 0.0030335214695723766
leaf_weight=143.57271808525547 426.02535273320973 275.73420818382874 136.68237609509379 92.838132501579821 17.848246573470533 206.34571858914569 448.9545963043347 248.50307343900204
leaf_count=2393 81116 23089 3522 7915 3339 22803 13371 5736
internal_value=-0.00180988 0.0137928 0.0288277 0.0237772 -0.0563867 -0.019595 0.0282167 0.0222431
internal_weight=1996.5 1552.63 1070.55 933.869 443.874 482.08 841.03 697.458
internal_count=163284 78829 32937 29415 84455 45892 21500 19107
is_linear=0
shrinkage=0.0750466


Tree=19
num_leaves=9
num_cat=0
split_feature=133 153 33 24 33 29 135 5
split_gain=401.692 163.504 89.6792 46.09 28.7646 26.9457 28.4237 24.6347
threshold=1.0000000180025095e-35 651.0150000000001 17595.285000000003 1.5000000000000002 12850.695000000002 1.0000000180025095e-35 -1993.4999999999998 39.500000000000007
decision_type=10 10 2 2 2 2 10 2
left_child=1 2 5 4 -3 -1 -7 -8
right_child=-2 3 -4 -5 -6 6 7 -9
leaf_value=0.037134890753846968 0.26858964397866986 -0.0054361059352048017 -0.044388735076867261 -0.049988899378489264 -0.062848123209443121 -0.021653106309826642 0.042279724849077029 0.0080455114157601537
leaf_weight=335.58620997192338 30.483183525968343 334.98704078188166 139.75160163361579 402.9891212885268 57.59988259896636 122.0422815871425 168.91467459080741 395.72247829893604
leaf_count=5541 604 30252 8749 77240 6859 5688 8300 20051
internal_value=-0.00173895 -0.00594844 0.0119976 -0.0321604 -0.0138595 0.0197061 0.0111884 0.0182869
internal_weight=1988.08 1957.59 1162.02 795.576 392.587 1022.27 686.679 564.637
internal_count=163284 162680 48329 114351 37111 39580 34039 28351
is_linear=0
shrinkage=0.0750466


Tree=20
num_leaves=9
num_cat=0
split_feature=133 51 56 95 116 141 134 113
split_gain=281.788 212.19 68.9137 40.2993 36.2898 25.5757 22.8721 19.2924
threshold=1.0000000180025095e-35 1.0000000180025095e-35 4810.0000000000009 1.0000000180025095e-35 3435.7150000000006 38.570000000000007 214834.95000000004 -2054.4999999999995
decision_type=10 2 2 2 10 8 8 8
left_child=1 2 3 4 7 -3 -5 -1
right_child=-2 5 -4 6 -6 -7 -8 -9
leaf_value=-0.025622998486993908 0.20398738871843272 -0.060779390851882407 -0.045157151187042908 0.090782452964045648 -0.026179463165867806 -0.015633733429253394 0.018440377194691566 0.016053552075144709
leaf_weight=66.455114284064621 36.818328428547829 348.36111863795668 126.81084049539641 55.355340692214668 145.72461596503854 88.660356761422008 44.322540740016848 1065.9419707143679
leaf_count=2668 604 75890 14326 3315 13871 12308 2568 37734
internal_value=-0.00168728 -0.00558741 0.00778313 0.0126557 0.00907142 -0.0516205 0.058615 0.0136077
internal_weight=1978.45 1941.63 1504.61 1377.8 1278.12 437.021 99.6779 1132.4
internal_count=163284 162680 74482 60156 54273 88198 5883 40402
is_linear=0
shrinkage=0.0750466


Tree=21
num_leaves=9
num_cat=0
split_feature=52 22 98 4 56 133 113 153
split_gain=232.585 103.634 71.056 38.3343 21.2848 17.4438 14.4047 17.4352
threshold=16685.650000000005 26219.395 1.0000000180025095e-35 1.5000000000000002 1169.9700000000003 8.0000000000000018 -1962.9999999999998 3853.3050000000007
decision_type=2 2 2 2 2 8 10 10
left_child=1 2 3 4 6 -2 -1 -8
right_child=5 -3 -4 -5 -6 -7 7 -9
leaf_value=0.012075178360226511 -0.057726058760718763 -0.027296275822697474 0.0916233951022975 -0.039292690780979862 -0.01362453908621092 0.0081409600582717113 0.035217708064609082 -0.0018995117722666671
leaf_weight=419.73795828735456 364.65053222794086 315.99067570315674 74.947265875758603 66.016508589498699 99.316377273062244 24.143987115006894 523.394137554802 82.511534961173311
leaf_count=8997 81358 34758 3300 1434 7579 3097 15476 7285
internal_value=-0.0016311 0.0111503 0.0207471 0.0162869 0.0195485 -0.0536357 0.0227608 0.0301631
internal_weight=1970.71 1581.91 1265.92 1190.98 1124.96 388.795 1025.64 605.906
internal_count=163284 78829 44071 40771 39337 84455 31758 22761
is_linear=0
shrinkage=0.0750466


Tree=22
num_leaves=9
num_cat=0
split_feature=52 99 22 131 151 133 22 83
split_gain=208.569 94.6335 75.9121 20.9552 17.7373 16.5997 8.49696 9.19853
threshold=16685.650000000005 1.0000000180025095e-35 54211.545000000006 568.90500000000009 9.5000000000000018 8.0000000000000018 14268.340000000002 1.0000000180025095e-35
decision_type=2 2 2 10 8 8 2 2
left_child=1 2 3 4 6 -2 7 -1
right_child=5 -3 -4 -5 -6 -7 -8 -9
leaf_value=0.026463444874775779 -0.056663643693405694 0.098950258326160029 -0.03424133922125084 -0.015402998118893995 0.008867320345398914 0.0074677136207400184 0.0040123546457862015 0.055585749954783124
leaf_weight=328.84588688192889 344.39046499575488 64.907208668999374 221.09303438593633 129.10192365711555 703.13987873494625 24.337491861544549 72.758165896404535 75.019212752580643
leaf_count=11662 81358 3299 25871 11225 15603 3097 6287 4882
internal_value=-0.0015634 0.010197 0.00643169 0.0133022 0.0164434 -0.0524307 0.02762 0.031873
internal_weight=1963.59 1594.87 1529.96 1308.87 1179.76 368.728 476.623 403.865
internal_count=163284 78829 75530 49659 38434 84455 22831 16544
is_linear=0
shrinkage=0.0750466


Tree=23
num_leaves=9
num_cat=0
split_feature=107 50 95 51 71 51 5 107
split_gain=190.324 61.6886 51.8865 43.7464 33.3645 28.9331 25.7286 15.4629
threshold=79.500000000000014 1.0000000180025095e-35 1.5000000000000002 1.0000000180025095e-35 1.0000000180025095e-35 1.0000000180025095e-35 43.500000000000007 22.500000000000004
decision_type=2 2 2 2 2 2 2 2
left_child=1 2 4 6 5 -1 -2 -6
right_child=3 -3 -4 -5 7 -7 -8 -9
leaf_value=0.0072929834291429853 0.009181392544212387 -0.058484105184919297 0.080777424183459345 -0.061963361007156444 0.03035941046634991 -0.037471992960008027 -0.036556042615518092 0.0092769298489501807
leaf_weight=347.05444638291374 110.73430077452213 64.691322399070486 67.278775695478544 252.43613189854659 503.37748564127833 106.19977613934316 184.97910556988791 320.8032069709152
leaf_count=11001 12558 3169 2834 67810 6563 17791 24429 17129
internal_value=-0.0014948 0.0130985 0.0165422 -0.0390171 0.0131591 -0.00319568 -0.019429 0.0221533
internal_weight=1957.55 1409.41 1344.71 548.15 1277.43 453.254 295.713 824.181
internal_count=163284 58487 55318 104797 52484 28792 36987 23692
is_linear=0
shrinkage=0.0750466


Tree=24
num_leaves=9
num_cat=0
split_feature=52 12 72 12 129 82 72 12
split_gain=167.26 51.2116 41.3085 24.7303 19.6254 16.831 12.813 12.7877
threshold=16685.650000000005 7.5000000000000009 1287.6450000000002 4.5000000000000009 28.500000000000004 1.5000000000000002 2333.3600000000006 5.5000000000000009
decision_type=2 2 2 2 8 2 2 2
left_child=1 3 7 -1 -3 -6 -5 -2
right_child=2 4 -4 6 5 -7 -8 -9
leaf_value=0.043667266270319541 0.0069011575120940215 -0.039393408818502527 0.10933427074038961 0.0080767204622726879 0.0071165411130683686 -0.041720657555278796 0.029579769846176371 -0.0579295735823427
leaf_weight=156.82348317652941 18.153548900503665 130.68324054242112 8.9290989961009455 902.36819747299887 188.0041389237158 50.397947555640712 188.70504080760293 305.49862025328912
leaf_count=1545 2508 16129 1719 36780 10769 6585 7021 80228
internal_value=-0.00143137 0.00853771 -0.0499002 0.0158011 -0.01602 -0.00320759 0.0117958 -0.0542932
internal_weight=1949.56 1616.98 332.581 1247.9 369.085 238.402 1091.07 323.652
internal_count=163284 78829 84455 45346 33483 17354 43801 82736
is_linear=0
shrinkage=0.0750466


Tree=25
num_leaves=9
num_cat=0
split_feature=52 50 94 81 17 153 115 127
split_gain=149.946 78.476 44.2019 44.5897 34.7902 29.9965 18.9693 17.306
threshold=16685.650000000005 1.0000000180025095e-35 1.0000000180025095e-35 48679.555000000008 3.5000000000000004 651.0150000000001 2964.0000000000005 510.50000000000006
decision_type=2 2 2 2 2 8 10 10
left_child=1 2 3 6 -2 -4 7 -1
right_child=4 -3 5 -5 -6 -7 -8 -9
leaf_value=0.0074433566534675925 -0.054032422143070816 -0.061009216464296745 0.1016256131688376 -0.025993318760871596 0.06542768256861109 0.025811736239856831 -0.016094378071471009 0.026213253519958242
leaf_weight=592.08505608397536 302.28195914183743 88.175994263961911 47.392410488100722 188.25752319325693 14.383382114814593 77.387102055829018 112.73356909002177 519.29267454263754
leaf_count=12890 81116 7500 1472 22137 3339 5397 9253 20180
internal_value=-0.00136257 0.00784204 0.0117916 0.00800898 -0.0486064 0.0546065 0.0132382 0.0162136
internal_weight=1941.99 1625.32 1537.15 1412.37 316.665 124.78 1224.11 1111.38
internal_count=163284 78829 71329 64460 84455 6869 42323 33070
is_linear=0
shrinkage=0.0750466


Tree=26
num_leaves=9
num_cat=0
split_feature=111 107 8 71 11 107 6 56
split_gain=243.12 119.718 42.0191 74.5793 31.7792 23.2436 11.5837 10.394
threshold=1.0000000180025095e-35 85.500000000000014 11254.315000000002 1.0000000180025095e-35 1.0000000180025095e-35 22.500000000000004 47.500000000000007 70.580000000000013
decision_type=10 2 2 2 2 2 2 2
left_child=1 2 3 -1 -5 -4 -6 -3
right_child=-2 7 5 4 6 -7 -8 -9
leaf_value=-0.0065474569513163548 0.17098327121063972 -0.027181072098725081 0.0051311278778578039 0.0071789683722567298 0.028795396182252245 -0.022212381000104201 0.064961181234381091 -0.049606209484406964
leaf_weight=353.58513961802237 45.05530815734528 231.68903176346794 373.64715490071103 106.8650797677692 66.977779848966748 329.47821157961152 195.3757467768155 233.94530025869608
leaf_count=21774 565 47193 6049 1079 1828 25805 6954 52037
internal_value=-0.0013052 -0.00540895 0.00537988 0.0180859 0.0416763 -0.00768179 0.0557282 -0.038448
internal_weight=1936.62 1891.56 1425.93 722.804 369.219 703.125 262.354 465.634
internal_count=163284 162719 63489 31635 9861 31854 8782 99230
is_linear=0
shrinkage=0.0750466


Tree=27
num_leaves=9
num_cat=0
split_feature=33 99 56 95 81 137 72 12
split_gain=132.191 86.5473 69.7471 48.2452 33.1064 26.2383 19.7405 18.7345
threshold=17595.285000000003 1.5000000000000002 280.34000000000003 1.5000000000000002 35190.005000000012 10375.225000000002 1708.4500000000003 5.5000000000000009
decision_type=2 2 2 2 2 8 2 2
left_child=1 2 3 4 6 -5 -1 -4
right_child=-2 -3 7 5 -6 -7 -8 -9
leaf_value=0.0011582183829589585 -0.052585425178774001 0.118988587075263 0.048085193491042164 0.1153037487392925 -0.020547128747437408 0.027184479143252442 0.021760921642316293 -0.033304463150918062
leaf_weight=463.63340165978298 246.47356765205041 37.504247647477314 16.864774398272857 36.209597987821326 199.01465840893798 40.112947722198442 602.02621632954106 286.79541082354262
leaf_count=29237 31239 1562 1086 1293 31788 3595 13810 49674
internal_value=-0.00125734 0.00626335 0.0036928 0.011047 0.00755013 0.0689908 0.0127974 -0.0287842
internal_weight=1928.63 1682.16 1644.66 1341 1264.67 76.3225 1065.66 303.66
internal_count=163284 132045 130483 79723 74835 4888 43047 50760
is_linear=0
shrinkage=0.0750466


Tree=28
num_leaves=9
num_cat=0
split_feature=51 72 18 4 21 9 30 81
split_gain=106.175 75.286 33.1697 31.1674 20.7531 17.2169 13.3166 9.96615
threshold=1.0000000180025095e-35 1287.6450000000002 36158.410000000011 1.5000000000000002 1.0000000180025095e-35 61.785000000000004 1.5000000000000002 1.0000000180025095e-35
decision_type=2 2 2 2 2 2 2 2
left_child=2 5 3 4 -1 -2 -6 -4
right_child=1 -3 7 -5 6 -7 -8 -9
leaf_value=0.038405676607836739 -0.0014762841847870338 0.12600714606356431 0.0056975816922713663 -0.039401347668875729 0.012106596903349269 -0.055915037363310723 -0.012722403416128741 -0.0372005160526633
leaf_weight=155.83814510656521 37.372065831208602 14.489691213704644 41.254442086676136 68.084815542213619 1087.2569829854183 262.78594466554932 136.98447552602738 117.0127952140756
leaf_count=2777 5438 2143 4219 1476 35011 80758 13260 18202
internal_value=-0.00120677 -0.0410715 0.00660144 0.0101664 0.0126118 -0.049137 0.0093284 -0.0260186
internal_weight=1921.08 314.648 1606.43 1448.16 1380.08 300.158 1224.24 158.267
internal_count=163284 88339 74945 52524 51048 86196 48271 22421
is_linear=0
shrinkage=0.0750466


Tree=29
num_leaves=9
num_cat=0
split_feature=52 56 8 16 9 113 16 28
split_gain=112.966 39.8743 31.8304 41.4731 39.215 19.1933 18.5235 27.5964
threshold=65522.015000000007 8668.8100000000031 11254.315000000002 -14461.189999999999 1656.3400000000004 -2054.4999999999995 -471.88999999999993 10333.675000000001
decision_type=2 2 2 2 2 8 2 2
left_child=1 2 4 -4 5 -1 -6 -8
right_child=-2 -3 3 -5 6 -7 7 -9
leaf_value=-0.034019466615899233 -0.053753462303831059 -0.048850805040824008 0.033275169337697308 -0.010782690662450746 0.026425677716993553 0.012295520198353758 0.11234490650146042 0.031079193912265057
leaf_weight=55.588248135754839 205.28441579965875 73.657024993794039 146.63047632831149 670.92916266992688 130.01925677899271 539.17573878960684 45.289908367209136 48.992366752820089
leaf_count=3031 66939 11158 2917 42220 4773 25839 1282 5125
internal_value=-0.0011502 0.00516375 0.0075947 -0.00288085 0.018051 0.0079668 0.0447905 0.0701164
internal_weight=1915.57 1710.28 1636.63 817.56 819.066 594.764 224.302 94.2823
internal_count=163284 96345 85187 45137 40050 28870 11180 6407
is_linear=0
shrinkage=0.0750466


Tree=30
num_leaves=9
num_cat=0
split_feature=33 18 50 72 74 113 28 73
split_gain=115.352 85.3033 54.1284 27.7542 30.7316 17.6108 14.6816 12.9926
threshold=17595.285000000003 27674.390000000003 1.0000000180025095e-35 1708.4500000000003 839.88000000000011 -2054.4999999999995 7437.8550000000005 2.5000000000000004
decision_type=2 2 2 2 2 8 2 2
left_child=1 2 3 4 5 -1 -3 -5
right_child=-2 6 -4 7 -6 -7 -8 -9
leaf_value=-0.029541788510966883 -0.05089120074507672 -0.0088916012503797107 -0.05816888076466141 0.013402357594651935 -0.026378224157307933 0.018921731544284132 -0.044310403671789948 0.033820410483416712
leaf_weight=47.164554829476401 230.43115367996506 102.89164957799949 57.086140260798857 282.70698766876012 140.22495661349967 403.53700989345089 183.39432381256483 462.94397088210098
leaf_count=3578 31239 15009 3299 2310 13114 27256 49192 18287
internal_value=-0.00109894 0.00573084 0.0133954 0.0164519 0.0043041 0.0138502 -0.0315808 0.0260791
internal_weight=1910.38 1679.95 1393.66 1336.58 590.927 450.702 286.286 745.651
internal_count=163284 132045 67844 64545 43948 30834 64201 20597
is_linear=0
shrinkage=0.0750466


Tree=31
num_leaves=9
num_cat=0
split_feature=52 32 22 98 96 153 22 9
split_gain=96.7703 56.1771 56.7873 32.7671 26.3247 28.8823 16.475 16.2109
threshold=65522.015000000007 1.5000000000000002 26219.395 1.0000000180025095e-35 1.0000000180025095e-35 3489.6750000000006 319.2050000000001 1579.095
decision_type=2 2 2 2 2 10 2 2
left_child=1 2 3 4 -1 6 7 -6
right_child=-2 -3 -4 -5 5 -7 -8 -9
leaf_value=0.0019969731416956825 -0.051941809867646196 -0.043026225628685626 -0.021099015221959172 0.060993958688064641 0.020306134291279587 -0.011622529934628194 0.014571290943048877 0.058241083613291666
leaf_weight=656.71395307313651 189.5272828892339 129.15607268433087 297.6778914143797 82.606543900445104 101.15550381969661 102.6956167279277 175.10499918577261 170.17734727077186
leaf_count=14941 66939 9863 40578 3132 3688 10071 10082 3990
internal_value=-0.00105467 0.00456801 0.00844352 0.0152689 0.0121365 0.0242624 0.0325172 0.0440986
internal_weight=1904.82 1715.29 1586.13 1288.45 1205.85 549.133 446.438 271.333
internal_count=163284 96345 86482 45904 42772 27831 17760 7678
is_linear=0
shrinkage=0.0750466


Tree=32
num_leaves=9
num_cat=0
split_feature=99 26 25 64 10 10 24 149
split_gain=68.6261 67.1777 45.1998 19.0068 17.2121 12.5923 10.4874 9.92213
threshold=1.0000000180025095e-35 1.0000000180025095e-35 14700.440000000001 11572.960000000001 -109.73499999999999 -39.959999999999987 5.5000000000000009 636.50000000000011
decision_type=2 2 2 2 2 2 2 10
left_child=2 -2 3 7 -3 -4 -7 -1
right_child=1 4 5 -5 -6 6 -8 -9
leaf_value=-0.0051290435666717796 0.14690086160930235 -0.032960726885991415 -0.047136162810735766 -0.031007718525643779 0.057901603009567301 0.057229058439330509 -0.021501835615642107 0.0074780739609979843
leaf_weight=571.20011787395924 34.003701628884301 25.663293026387691 156.45087285293266 101.03353112796322 21.644633631454781 11.21408320404589 63.407818162813783 914.46818074770272
leaf_count=16469 382 3553 46730 17357 1539 1752 14426 61076
internal_value=-0.00100976 0.0664425 -0.004027 0.000489021 0.0086112 -0.035037 -0.00967026 0.00263097
internal_weight=1899.09 81.3116 1817.77 1586.7 47.3079 231.073 74.6219 1485.67
internal_count=163284 5474 157810 94902 5092 62908 16178 77545
is_linear=0
shrinkage=0.0750466


Tree=33
num_leaves=9
num_cat=0
split_feature=107 51 5 20 29 5 11 18
split_gain=77.8824 30.0105 23.3269 21.8836 15.6518 17.4056 17.0501 11.2615
threshold=85.500000000000014 1.0000000180025095e-35 43.500000000000007 203.56500000000003 1.0000000180025095e-35 39.500000000000007 52.845000000000006 1.0000000180025095e-35
decision_type=2 2 2 2 2 2 2 2
left_child=3 2 -2 4 6 7 -1 -6
right_child=1 -3 -4 -5 5 -7 -8 -9
leaf_value=0.013010116978424767 0.01558788790482646 -0.055842886617789848 -0.032606288460665489 -0.014325714897401644 0.0019295716861766105 -0.0025838865541651956 0.045642671331026681 0.035184200731252613
leaf_weight=332.21185914124362 93.177421031054109 158.56619536527433 143.94054767815396 232.01226661494002 97.040914885699749 573.52449249569327 123.77134908712469 140.23226413084194
leaf_count=3989 11802 64629 22948 17020 1565 27634 4897 8800
internal_value=-0.000954779 -0.0305691 -0.013668 0.00686346 0.0107443 0.00448852 0.0218678 0.0215836
internal_weight=1894.48 395.684 237.118 1498.79 1266.78 810.798 455.983 237.273
internal_count=163284 99379 34750 63905 46885 37999 8886 10365
is_linear=0
shrinkage=0.0750466


Tree=34
num_leaves=9
num_cat=0
split_feature=22 99 96 51 51 116 22 22
split_gain=73.017 57.2679 17.5586 16.8507 15.9283 13.3976 13.3743 9.80712
threshold=26219.395 1.0000000180025095e-35 1.0000000180025095e-35 1.0000000180025095e-35 1.0000000180025095e-35 1077.6100000000004 6061.1650000000009 239470.10500000001
decision_type=2 2 2 2 2 8 2 2
left_child=1 2 -1 5 7 6 -4 -2
right_child=4 -3 3 -5 -6 -7 -8 -9
leaf_value=-0.0043259763606716996 -0.0095605140589962775 0.074665038285206625 0.033131758818748656 -0.020988938004980834 -0.050144437930843291 0.0035306359249600641 -0.0059340382126653211 -0.042064677508599366
leaf_weight=754.07295406842604 188.64917752076872 66.727960904245265 282.06717635574751 75.700170755502768 137.31129776674788 253.5754397592973 59.823965016519651 72.320252198493108
leaf_count=25770 22577 2452 9307 22401 53315 13278 4075 10109
internal_value=-0.000906846 0.00671392 0.00353253 0.0123618 -0.0294544 0.0166015 0.026296 -0.0185681
internal_weight=1890.25 1491.97 1425.24 671.167 398.281 595.467 341.891 260.969
internal_count=163284 77283 74831 49061 86001 26660 13382 32686
is_linear=0
shrinkage=0.0750466


Tree=35
num_leaves=9
num_cat=0
split_feature=52 138 18 98 97 135 18 4
split_gain=71.8758 24.7823 22.7001 22.0656 16.867 15.6721 18.6067 10.0733
threshold=65522.015000000007 21996.515000000003 252.93500000000003 1.0000000180025095e-35 5.5000000000000009 -1840.4999999999998 36158.410000000011 1.0000000180025095e-35
decision_type=2 10 2 2 2 10 2 2
left_child=1 3 -3 4 -1 -6 -7 -2
right_child=7 2 -4 -5 5 6 -8 -9
leaf_value=-0.00086150075115930887 -0.052309926980906973 0.018033652119880336 -0.027039180417882756 0.043572302331302597 -0.0045909801374679465 0.032589650935917751 -0.020211635646894936 0.038057280982132034
leaf_weight=840.87724805809557 156.89345367974602 85.655373590067029 237.19664300919976 91.697660150821321 135.38924946507905 288.4316286817193 43.219595388625748 7.2691023265942922
leaf_count=20601 64998 5359 38974 3542 6314 14708 6847 1941
internal_value=-0.000860543 0.00366156 -0.015081 0.00798494 0.00548992 0.0169253 0.0257088 -0.0483085
internal_weight=1886.63 1722.47 322.852 1399.62 1307.92 467.04 331.651 164.163
internal_count=163284 96345 44333 52012 48470 27869 21555 66939
is_linear=0
shrinkage=0.0750466


Tree=36
num_leaves=9
num_cat=0
split_feature=111 50 32 94 107 107 115 7
split_gain=149.331 49.3562 54.4017 27.5125 26.5238 23.3121 12.7862 12.0038
threshold=1.0000000180025095e-35 1.0000000180025095e-35 1.0000000180025095e-35 1.0000000180025095e-35 22.500000000000004 91.500000000000014 2964.0000000000005 1842.0450000000003
decision_type=10 2 2 2 2 2 10 2
left_child=1 2 3 5 -4 6 7 -1
right_child=-2 -3 4 -5 -6 -7 -8 -9
leaf_value=0.00058416421907222604 0.12494738634674579 -0.060642036067518244 -0.00040462626342061057 0.038160900598857538 -0.052025914258794673 -0.021997776022062765 -0.023043517757839048 0.016705220136554944
leaf_weight=641.99125232477672 51.712773310020566 83.765790351550095 85.569233048241585 120.12105169065762 162.54586820560507 214.88452771585435 85.433165616472252 437.33975060156081
leaf_count=27176 565 11020 2504 10108 32535 57162 7799 14415
internal_value=-0.000817911 -0.00436863 -0.00167178 0.00371334 -0.0342229 0.000714111 0.00490417 0.00711634
internal_weight=1883.36 1831.65 1747.88 1499.77 248.115 1379.65 1164.76 1079.33
internal_count=163284 162719 151699 116660 35039 106552 49390 41591
is_linear=0
shrinkage=0.0750466


Tree=37
num_leaves=9
num_cat=0
split_feature=50 51 71 95 28 16 135 125
split_gain=47.6673 49.0742 66.7859 23.6132 16.5037 13.1145 12.8234 13.9614
threshold=1.0000000180025095e-35 1.0000000180025095e-35 1.0000000180025095e-35 2.5000000000000004 1.0000000180025095e-35 -14461.189999999999 -1993.4999999999998 -3860.5749999999994
decision_type=2 2 2 2 2 2 10 8
left_child=1 3 4 5 -3 -1 -7 -8
right_child=-2 2 -4 -5 -6 6 7 -9
leaf_value=0.02303596426738222 -0.057253957098248168 -0.0064062781324317943 0.10390850713547904 0.047806293102618691 -0.054289364627604586 -0.01049722379234643 -0.018037659808432131 0.0097223396004249129
leaf_weight=187.61721319961362 80.581358408788219 54.180468678590842 19.181163390167058 74.421345643233508 161.01754985458683 348.78938081604429 116.25542382407002 834.19620464858599
leaf_count=3731 11035 10587 3308 3482 70480 7729 14046 38886
internal_value=-0.000787403 0.00174657 -0.0302738 0.00655347 -0.0422338 0.00448865 0.00181032 0.00632685
internal_weight=1876.24 1795.66 234.379 1561.28 215.198 1486.86 1299.24 950.452
internal_count=163284 152249 84375 67874 81067 64392 60661 52932
is_linear=0
shrinkage=0.0750466


Tree=38
num_leaves=9
num_cat=0
split_feature=111 33 20 5 123 149 4 74
split_gain=118.144 81.4017 31.8065 17.194 17.1894 16.4925 14.6097 13.6337
threshold=1.0000000180025095e-35 27559.105000000007 203.56500000000003 39.500000000000007 12.500000000000002 352.50000000000006 1.0000000180025095e-35 1588.4450000000004
decision_type=10 2 2 2 8 8 2 2
left_child=1 2 3 5 -5 -1 7 -7
right_child=-2 -3 -4 4 -6 6 -8 -9
leaf_value=-0.021840962489678043 0.10801807837571516 -0.051509933387955134 -0.019261262931907601 -0.0066709769145476593 0.01519678683196047 0.014384701197209261 -0.010849758713667397 0.046491396535664711
leaf_weight=47.795005703228526 54.599630347453058 182.84065925271716 336.82278077665251 589.00384307536297 308.47496107546613 138.91144573816564 53.871788786840625 160.61139730992727
leaf_count=3571 565 28661 55344 43809 9739 15196 901 5498
internal_value=-0.000754184 -0.00402032 0.0012888 0.00661867 0.000845254 0.0195341 0.0251298 0.0316011
internal_weight=1872.93 1818.33 1635.49 1298.67 897.479 401.19 353.395 299.523
internal_count=163284 162719 134058 78714 53548 25166 21595 20694
is_linear=0
shrinkage=0.0750466


Tree=39
num_leaves=9
num_cat=0
split_feature=50 27 25 150 95 17 95 21
split_gain=42.6801 33.0625 24.2289 21.1078 11.5617 10.2286 11.5009 9.4291
threshold=1.0000000180025095e-35 2.5000000000000004 16350.765000000001 1.0000000180025095e-35 2.5000000000000004 3.5000000000000004 1.0000000180025095e-35 1.0000000180025095e-35
decision_type=2 2 2 10 2 2 2 2
left_child=1 3 5 7 -4 6 -3 -1
right_child=-2 2 4 -5 -6 -7 -8 -9
leaf_value=0.021685433453340775 -0.055801860549373583 -0.011193714702224765 -0.047601484775653125 0.0336720258990525 0.045225559731882761 0.047979893546073134 0.021938165596551904 0.0017383533234286432
leaf_weight=160.29325511679053 76.009222265682183 448.4844133479055 116.25562150764745 171.39995703427121 8.0821093785343674 19.912095550447702 67.946200614213012 797.48632705281489
leaf_count=4350 11035 57947 44255 8658 2474 2935 7118 24512
internal_value=-0.000723719 0.00161526 -0.0117192 0.00941721 -0.0415676 -0.00479956 -0.00683459 0.00507668
internal_weight=1865.87 1789.86 660.68 1129.18 124.338 536.343 516.431 957.78
internal_count=163284 152249 114729 37520 46729 68000 65065 28862
is_linear=0
shrinkage=0.0750466


Tree=40
num_leaves=9
num_cat=0
split_feature=50 153 150 16 29 116 71 153
split_gain=38.5054 30.2664 17.3727 17.347 15.3681 13.3426 11.3722 12.6356
threshold=1.0000000180025095e-35 651.0150000000001 1.0000000180025095e-35 -14461.189999999999 1.0000000180025095e-35 702.78000000000009 1.0000000180025095e-35 5389.9350000000004
decision_type=2 10 10 2 2 10 2 10
left_child=1 2 3 -1 -3 -4 -6 -8
right_child=-2 4 5 -5 6 -7 7 -9
leaf_value=0.0267442463743187 -0.054392225376354901 0.017903067257093848 0.032429180285463273 -0.0010932345079924335 -0.029974245229434069 -0.012419597729055199 0.0035423046803504561 -0.02931499713992582
leaf_weight=150.78040845366195 72.272008500411175 81.944989580195397 227.27086788846646 769.41898169065826 220.65577442606445 44.708960428484716 196.78218189266045 99.118375522783026
leaf_count=1656 11035 6906 13835 25357 68027 5150 18432 12886
internal_value=-0.00068722 0.00148032 0.00839328 0.00346811 -0.0122899 0.0250568 -0.0170796 -0.00746397
internal_weight=1862.95 1790.68 1192.18 920.199 598.501 271.98 516.556 295.901
internal_count=163284 152249 45998 27013 106251 18985 99345 31318
is_linear=0
shrinkage=0.0750466


Tree=41
num_leaves=9
num_cat=0
split_feature=111 50 51 71 56 138 82 5
split_gain=98.9838 35.2001 33.5321 55.9257 23.5619 13.53 12.7125 18.9676
threshold=8.0000000000000018 1.0000000180025095e-35 1.0000000180025095e-35 1.0000000180025095e-35 7648.2050000000008 1.0000000180025095e-35 1.0000000180025095e-35 47.500000000000007
decision_type=10 2 2 2 2 10 2 2
left_child=1 2 4 5 6 -4 -1 -8
right_child=-2 -3 3 -5 -6 -7 7 -9
leaf_value=0.0017915556617767881 0.14520174246948009 -0.055713484039092799 -0.0075427404904894052 0.088371870671721892 -0.043482535368065595 -0.052165584024721101 0.036007343189617569 -0.0045492687016099971
leaf_weight=1217.4646440676879 25.841166683938354 67.945324627216905 51.832594448584132 20.977450313512236 58.526804466964677 146.24184968136251 162.27534433174878 108.2821861221455
leaf_count=33690 245 11025 10611 3303 8715 70403 13308 11984
internal_value=-0.000652076 -0.00270767 -0.00066786 -0.0281483 0.00322444 -0.0404886 0.00506152 0.0197758
internal_weight=1859.39 1833.55 1765.6 219.052 1546.55 198.074 1488.02 270.558
internal_count=163284 163039 152014 84317 67697 81014 58982 25292
is_linear=0
shrinkage=0.0750466


Tree=42
num_leaves=9
num_cat=0
split_feature=52 32 20 5 115 4 17 149
split_gain=46.1638 42.0761 16.0573 13.9106 13.6769 12.3081 11.7856 9.41031
threshold=65522.015000000007 1.5000000000000002 109749.33500000001 39.500000000000007 713.80000000000007 1.0000000180025095e-35 3.5000000000000004 489.50000000000006
decision_type=2 2 2 2 10 2 2 8
left_child=1 2 3 5 -5 7 -2 -1
right_child=6 -3 -4 4 -6 -7 -8 -9
leaf_value=-0.001493691573169657 -0.047900015063340649 -0.040283861101580699 -0.031816273141093629 0.0061943772829796476 -0.017734937440622892 -0.012440675361138584 0.051417750030753349 0.028224760837195894
leaf_weight=73.071362895192578 128.92778344848193 119.36524247960187 61.131874702172354 908.54867048119195 157.89903132175095 64.17113654629793 7.0997047106502569 335.67756439570803
leaf_count=3615 64566 9863 8063 38190 18682 942 2373 16990
internal_value=-0.000630192 0.00269848 0.0059041 0.00740207 0.00265139 0.018115 -0.0427163 0.022912
internal_weight=1855.89 1719.86 1600.5 1539.37 1066.45 472.92 136.027 408.749
internal_count=163284 96345 86482 78419 56872 21547 66939 20605
is_linear=0
shrinkage=0.0750466


Tree=43
num_leaves=9
num_cat=0
split_feature=56 4 95 98 58 151 72 149
split_gain=32.542 20.089 16.5992 18.6348 20.287 18.3459 14.5763 12.0297
threshold=1169.9700000000003 1.5000000000000002 1.5000000000000002 1.0000000180025095e-35 1.0000000180025095e-35 10.500000000000002 1708.4500000000003 4024.5000000000005
decision_type=2 2 2 2 2 8 2 10
left_child=1 2 3 6 -5 -4 -1 -8
right_child=-2 -3 5 4 -6 -7 7 -9
leaf_value=-0.0081555266100993909 -0.0261950222221486 -0.0367000299095918 0.057925649776138052 0.057859297060099277 -0.014470833728806493 -0.0067861721243181851 0.012533574032559627 -0.010970238148490904
leaf_weight=595.83780562190805 243.0673970321659 67.849781877361238 66.077729479875416 66.958800580236129 32.410411990364082 39.377346496097744 585.64053014188539 155.12804501352366
leaf_count=67049 55154 1999 4819 2333 4725 2733 15297 9175
internal_value=-0.000600687 0.00326511 0.00502427 0.00291383 0.034268 0.033762 0.000582824 0.00761152
internal_weight=1852.35 1609.28 1541.43 1435.98 99.3692 105.455 1336.61 740.769
internal_count=163284 108130 106131 98579 7058 7552 91521 24472
is_linear=0
shrinkage=0.0750466


Tree=44
num_leaves=9
num_cat=0
split_feature=32 99 20 150 147 32 5 149
split_gain=38.8926 30.2517 17.3897 14.5746 14.0211 12.5709 12.452 11.2081
threshold=1.0000000180025095e-35 1.5000000000000002 419.75000000000006 953.55500000000018 -4623.8949999999995 1.5000000000000002 39.500000000000007 636.50000000000011
decision_type=2 2 2 10 10 2 2 8
left_child=1 2 4 5 6 -2 7 -1
right_child=3 -3 -4 -5 -6 -7 -8 -9
leaf_value=-0.01072559192465123 0.014289455511973206 0.06525949683000247 -0.01484298261776363 -0.053078336724079765 0.022136128209256645 -0.031634516139499809 -0.0036594852099241567 0.021706978802073413
leaf_weight=78.880149824661203 53.656292925705202 43.548359599546529 287.25454997259658 89.219424205017276 235.36561519559473 89.673355295904912 720.26578239642549 250.86389339854941
leaf_count=4993 4747 1507 50512 25328 9804 6021 44878 15494
internal_value=-0.00056996 0.003559 0.00185042 -0.0292655 0.00558105 -0.0144426 0.00187013 0.0139486
internal_weight=1848.73 1616.18 1572.63 232.549 1285.38 143.33 1050.01 329.744
internal_count=163284 127188 125681 36096 75169 10768 65365 20487
is_linear=0
shrinkage=0.0750466


Tree=45
num_leaves=9
num_cat=0
split_feature=133 22 32 153 73 149 22 74
split_gain=104.185 35.2859 33.4946 13.4848 12.6936 9.69107 10.4765 8.84768
threshold=8.0000000000000018 65850.970000000016 1.5000000000000002 1026.3750000000002 9.5000000000000018 489.50000000000006 -5649.0549999999994 1660.8950000000002
decision_type=10 2 2 10 2 8 2 2
left_child=1 2 4 -3 5 6 -1 -7
right_child=-2 3 -4 -5 -6 7 -8 -9
leaf_value=-0.036071301524445987 0.14193225749076305 -0.012512850903086356 -0.037365307950177985 -0.048728447308860161 -0.015040795133631381 0.0041544774600426977 0.0029762318335440578 0.017871699192692717
leaf_weight=56.652878588531166 28.460482079535723 119.08442029426806 117.29065513121895 112.71007771405857 168.93580816080794 690.19704231794458 122.1040185156744 429.69731049786787
leaf_count=1832 244 20060 14863 44416 25205 34005 8161 14498
internal_value=-0.000541775 -0.00277381 0.00122607 -0.0301227 0.00431032 0.00682762 -0.00939898 0.0094177
internal_weight=1845.13 1816.67 1584.88 231.794 1467.59 1298.65 178.757 1119.89
internal_count=163284 163040 98564 64476 83701 58496 9993 48503
is_linear=0
shrinkage=0.0750466


Tree=46
num_leaves=9
num_cat=0
split_feature=33 50 29 51 8 149 141 104
split_gain=68.3523 36.0338 22.3845 24.5277 25.5325 24.621 9.77368 9.45091
threshold=27559.105000000007 1.0000000180025095e-35 1.0000000180025095e-35 1.0000000180025095e-35 9683.5850000000009 1714.5000000000002 38.570000000000007 17653.650000000005
decision_type=2 2 2 2 2 10 8 2
left_child=1 2 -1 4 5 -4 -5 -8
right_child=-2 -3 3 6 -6 -7 7 -9
leaf_value=0.019993837483790973 -0.046621625171036851 -0.051864185406283958 8.8419010166022262e-05 -0.038250233404840378 -0.0079533264246621632 0.032567200853513785 0.034255411468622349 -0.052948010928343545
leaf_weight=468.92957106023096 164.89669578330358 62.560724684386514 266.21262649283744 115.34208450396545 469.35452551092021 259.67779924464412 23.199743491713889 10.023750645690596
leaf_count=10555 28835 10385 7892 55353 29346 13368 4833 2717
internal_value=-0.000520056 0.00401763 0.00618538 0.000524304 0.00477027 0.016126 -0.0279195 0.00794556
internal_weight=1840.2 1675.3 1612.74 1143.81 995.245 525.89 148.566 33.2235
internal_count=163284 134449 124064 113509 50606 21260 62903 7550
is_linear=0
shrinkage=0.0750466


Tree=47
num_leaves=9
num_cat=0
split_feature=22 95 55 153 113 11 153 83
split_gain=32.4775 23.5164 11.5013 11.0874 9.52869 9.10847 13.543 14.126
threshold=65850.970000000016 4.5000000000000009 1.5000000000000002 1026.3750000000002 -2054.4999999999995 18.395000000000003 475.06500000000005 3873.2450000000003
decision_type=2 2 2 10 8 2 10 2
left_child=1 2 4 -2 -1 -6 7 -7
right_child=3 -3 -4 -5 5 6 -8 -9
leaf_value=-0.021021510201086481 -0.011421625785600237 0.057052756367553963 -0.022050798827354928 -0.044925620228452666 -0.002025679152600472 0.013070716911611187 -0.00068807885082737314 0.049392358913511382
leaf_weight=84.603813846712001 117.05750979925506 44.424761903937906 107.13369192543905 106.00527175684692 599.20449100469705 355.52148000779562 348.84642844949849 72.623025930952281
leaf_count=6345 20069 3085 19084 44431 9154 10955 44622 5539
internal_value=-0.000504274 0.00320883 0.00168325 -0.0273436 0.00342389 0.00492671 0.0102883 0.0192317
internal_weight=1835.42 1612.36 1567.93 223.063 1460.8 1376.2 776.991 428.145
internal_count=163284 98784 95699 64500 76615 70270 61116 16494
is_linear=0
shrinkage=0.0750466


Tree=48
num_leaves=9
num_cat=0
split_feature=111 32 21 104 137 112 5 32
split_gain=64.7391 23.9244 25.0656 14.5977 10.6136 9.26949 7.75245 7.73819
threshold=1.0000000180025095e-35 1.5000000000000002 1.0000000180025095e-35 21172.650000000005 16998.050000000003 3346199.5050000004 61.500000000000007 10.500000000000002
decision_type=10 2 2 2 8 8 2 2
left_child=1 2 -1 4 -4 -6 7 -3
right_child=-2 6 3 -5 5 -7 -8 -9
leaf_value=0.029236009020261466 0.076105176214218251 -0.055799051026691644 0.0032376574696098359 -0.029154147934004036 -0.01947582154448373 0.001586888332984458 0.012210580978584098 -0.0063177535735262375
leaf_weight=143.12168161408044 60.126120851840824 75.293021622346714 917.98157820774941 116.40892256621737 276.74931056285277 204.72864949505311 16.003739323292393 23.310862718848512
leaf_count=3882 565 14382 48701 34745 49897 7161 1829 2122
internal_value=-0.000479708 -0.00307599 -0.000785071 -0.00361953 -0.00149553 -0.0105198 -0.0362379 -0.0441012
internal_weight=1833.72 1773.6 1658.99 1515.87 1399.46 481.478 114.608 98.6039
internal_count=163284 162719 144386 140504 105759 57058 18333 16504
is_linear=0
shrinkage=0.0750466


Tree=49
num_leaves=9
num_cat=0
split_feature=8 72 16 16 116 80 11 16
split_gain=20.5387 33.7238 22.9237 20.824 14.4154 11.7471 11.5695 11.1773
threshold=9683.5850000000009 1624.8900000000001 -471.88999999999993 -14461.189999999999 7648.8500000000013 4.5000000000000009 421.10500000000008 -1.0000000180025095e-35
decision_type=2 2 2 2 10 2 2 2
left_child=1 4 -3 -2 5 -1 -7 -4
right_child=3 2 7 -5 -6 6 -8 -9
leaf_value=-0.0033016673791418714 0.016565873863216826 0.011544808152255065 0.070098113457997935 -0.012901103237146215 -0.043623926113657382 0.0913511788982833 -0.0071822712965774931 0.024590315205272592
leaf_weight=434.09325426636497 162.2875442954246 225.65803123952355 74.466155342524871 805.3115273861913 47.742163608025294 15.099552747269628 12.080935153004246 51.362928656279109
leaf_count=40690 5167 5093 2413 86735 12536 2661 4336 3653
internal_value=-0.000457395 0.00797767 0.0258563 -0.00795885 -0.00436792 -0.000304891 0.0475559 0.051522
internal_weight=1828.1 860.503 351.487 967.599 509.016 461.274 27.1805 125.829
internal_count=163284 71382 11159 91902 60223 47687 6997 6066
is_linear=0
shrinkage=0.0750466


Tree=50
num_leaves=9
num_cat=0
split_feature=33 52 95 33 7 153 118 38
split_gain=58.3281 26.0593 19.5382 11.3367 10.3387 9.58459 8.93242 8.01431
threshold=27559.105000000007 65522.015000000007 1.5000000000000002 1.0000000180025095e-35 278.72500000000008 1026.3750000000002 694.53000000000009 1.0000000180025095e-35
decision_type=2 2 2 2 2 8 10 2
left_child=1 2 3 4 6 -4 -1 -6
right_child=-2 -3 5 -5 7 -7 -8 -9
leaf_value=-0.0041167695479149002 -0.04456413780439638 -0.034416928917384272 0.059334122664150855 0.039986495694951787 0.0078920229984072287 0.014596988585898051 -0.041551569987298517 -0.022621263331384575
leaf_weight=345.59569268347695 154.44083102868171 95.545430819271132 53.474085988826118 46.893607447622344 984.54895045491867 54.418663515127264 40.060033263638616 50.989262568997219
leaf_count=17958 28835 53134 1526 3685 42154 3690 5785 6517
internal_value=-0.000437718 0.00363935 0.00594655 0.00368129 0.00248337 0.0367697 -0.00800531 0.00638957
internal_weight=1825.97 1671.53 1575.98 1468.09 1421.19 107.893 385.656 1035.54
internal_count=163284 134449 81315 76099 72414 5216 23743 48671
is_linear=0
shrinkage=0.0750466


Tree=51
num_leaves=9
num_cat=0
split_feature=50 32 107 55 113 113 109 115
split_gain=26.7099 23.9833 29.7797 10.9459 9.67531 9.66361 9.68468 10.0377
threshold=1.0000000180025095e-35 1.0000000180025095e-35 22.500000000000004 2.5000000000000004 -501.99999999999994 -2054.4999999999995 1.0000000180025095e-35 3644.1150000000002
decision_type=2 2 2 2 10 8 2 10
left_child=1 3 -3 5 -5 -1 -7 -8
right_child=-2 2 -4 4 -6 6 7 -9
leaf_value=-0.018178622242538165 -0.049547022013352114 0.01382934017951892 -0.045324125435294578 -0.043495673618376599 0.024733283599784533 0.001868186156994087 0.018740763981106377 -0.0075970061871215499
leaf_weight=89.665872926299926 60.270841127377935 77.089661894598976 126.72397533251205 46.695064838160761 15.62144283246016 807.50972995400662 501.66693259577733 97.302772524417378
leaf_count=8321 11035 2538 32690 11269 4422 28126 46330 18553
internal_value=-0.000421098 0.00125904 -0.0229502 0.00442508 -0.0263921 0.00570866 0.00723152 0.0144622
internal_weight=1822.55 1762.28 203.814 1558.46 62.3165 1496.15 1406.48 598.97
internal_count=163284 152249 35228 117021 15691 101330 93009 64883
is_linear=0
shrinkage=0.0750466


Tree=52
num_leaves=9
num_cat=0
split_feature=52 21 138 12 97 12 98 27
split_gain=26.1433 17.1967 10.6805 11.0214 10.2008 7.18704 7.38589 6.74207
threshold=65522.015000000007 1.0000000180025095e-35 19815.575000000004 8.5000000000000018 5.5000000000000009 7.5000000000000009 1.0000000180025095e-35 8.5000000000000018
decision_type=2 2 8 2 2 2 2 2
left_child=1 -1 4 -4 -3 6 -2 -6
right_child=5 2 3 -5 7 -7 -8 -9
leaf_value=0.023890103063841827 -0.026263000804743673 -0.0025127959028215081 -0.0056688864928580137 -0.042199836174224875 0.0099010610736161211 -0.057759256059386997 0.072889859286224892 0.042959227990119885
leaf_weight=179.200960506103 59.694325952208601 571.47725889924914 493.64814792084508 51.351651810575277 375.06653905153507 47.391984172398224 4.5538840363151385 38.292741617595311
leaf_count=3916 30524 16859 37232 12367 21275 34291 2124 4696
internal_value=-0.000403644 0.00189477 -0.0006817 -0.00911095 0.00398297 -0.0355888 -0.0192351 0.0129635
internal_weight=1820.68 1709.04 1529.84 545 984.837 111.64 64.2482 413.359
internal_count=163284 96345 92429 49599 42830 66939 32648 25971
is_linear=0
shrinkage=0.0750466


Tree=53
num_leaves=9
num_cat=0
split_feature=133 56 17 7 64 38 16 7
split_gain=71.6649 21.7067 12.3585 12.2242 12.2206 9.27264 8.62888 11.921
threshold=8.0000000000000018 4810.0000000000009 3.5000000000000004 1261.8700000000001 9022.4400000000023 1.0000000180025095e-35 -985.6149999999999 1462.8150000000003
decision_type=10 2 2 2 2 2 2 2
left_child=1 2 4 -4 5 6 -1 -8
right_child=-2 -3 3 -5 -6 -7 7 -9
leaf_value=-0.0042082296445759455 0.11308622942964699 -0.034302974405999394 -0.0046567352444334097 0.065713254123694012 -0.025930306467418396 -0.028880413022282236 -0.0010278781454054627 0.018487305900637428
leaf_weight=734.72675031149993 30.816720796516165 112.15221892372938 25.068342844839208 31.214442112017423 106.84800490061752 58.823008210863918 410.43450590403518 309.02064146724297
leaf_count=29109 244 32553 2636 3103 27642 10056 36233 21708
internal_value=-0.000383701 -0.00233907 -0.000200333 0.0343705 -0.00140152 0.0003307 0.00151232 0.00735429
internal_weight=1819.1 1788.29 1676.14 56.2828 1619.85 1513 1454.18 719.455
internal_count=163284 163040 130487 5739 124748 97106 87050 57941
is_linear=0
shrinkage=0.0750466


Tree=54
num_leaves=9
num_cat=0
split_feature=133 50 21 104 26 131 127 127
split_gain=59.0021 24.5492 16.1859 10.8516 8.26322 7.51423 7.9136 6.17821
threshold=8.0000000000000018 1.0000000180025095e-35 1.0000000180025095e-35 21172.650000000005 1.0000000180025095e-35 568.90500000000009 145.50000000000003 3893.5000000000005
decision_type=10 2 2 2 2 10 8 8
left_child=1 2 -1 5 -5 6 -4 -8
right_child=-2 -3 3 4 -6 -7 7 -9
leaf_value=0.020887922843842145 0.10069328678937631 -0.050987535043468035 -0.03174246702721463 0.050467001394126458 -0.030770420672850907 -0.01787264976072683 0.0057777648623226251 -0.0050018516515894385
leaf_weight=177.33331828843802 31.963508188957348 56.206064289435744 41.518308717757463 7.5538884496781966 106.08791999681853 138.87780400266638 765.00133867171826 492.04839909292059
leaf_count=5583 244 11027 3317 866 36724 26382 54975 24166
internal_value=-0.000367438 -0.00217748 -0.000590242 -0.00304581 -0.0253705 -0.00128086 0.000493583 0.00155829
internal_weight=1816.59 1784.63 1728.42 1551.09 113.642 1437.45 1298.57 1257.05
internal_count=163284 163040 152013 146430 37590 108840 82458 79141
is_linear=0
shrinkage=0.0750466


Tree=55
num_leaves=9
num_cat=0
split_feature=99 108 138 29 64 95 39 11
split_gain=27.9051 28.5757 27.2633 19.9922 14.9277 13.9934 8.82144 11.7276
threshold=1.0000000180025095e-35 1.0000000180025095e-35 24328.295000000002 1.0000000180025095e-35 13076.395000000002 5.5000000000000009 82168.650000000009 52.845000000000006
decision_type=2 2 8 2 2 2 2 2
left_child=1 4 -3 -2 5 6 7 -1
right_child=3 2 -4 -5 -6 -7 -8 -9
leaf_value=-0.0077132151500825452 0.077496114811732339 0.15512071614739162 0.00090596704463288488 0.0050800387646787902 -0.030264814794479639 0.047462900199947207 -0.033223646823543257 0.0055938147565902157
leaf_weight=828.52054654841777 43.076328667171765 12.566974936053155 13.27809241646901 42.808443743560929 110.69059677090263 31.872612709878013 51.786924919171724 678.42325453367084
leaf_count=15870 673 1072 3694 4801 31874 2470 11125 91705
internal_value=-0.000350935 -0.00242712 0.0758918 0.041401 -0.00361689 -0.00176246 -0.00276901 -0.00172242
internal_weight=1813.02 1727.14 25.8451 85.8848 1701.29 1590.6 1558.73 1506.94
internal_count=163284 157810 4766 5474 153044 121170 118700 107575
is_linear=0
shrinkage=0.0750466


Tree=56
num_leaves=9
num_cat=0
split_feature=111 56 99 153 97 95 142 51
split_gain=39.502 19.2525 16.7051 14.7354 15.2333 19.8448 13.2501 13.1286
threshold=1.0000000180025095e-35 11582.655000000002 1.0000000180025095e-35 5389.9350000000004 7.5000000000000009 1.5000000000000002 105570.00000000001 1.0000000180025095e-35
decision_type=10 2 2 10 2 2 10 2
left_child=1 2 3 4 -1 7 -4 -6
right_child=-2 -3 6 -5 5 -7 -8 -9
leaf_value=-0.0062404578163172799 0.058127677980261389 -0.050303387948592064 0.065964240270069516 -0.025002786063921638 0.0098549927558030815 0.051642718581485066 0.0013747460578682768 -0.024505155107396388
leaf_weight=933.68096740799956 62.830133936717175 46.078312084777281 36.535968656360637 151.34915828262456 415.66387917043176 56.523700701422058 35.04642719036201 73.738359719049186
leaf_count=40904 565 15011 1011 33084 26408 4863 3689 37749
internal_value=-0.000336633 -0.00243733 -0.00114186 -0.00269922 -0.00041779 0.00954055 0.0343415 0.00467794
internal_weight=1811.45 1748.62 1702.54 1630.96 1479.61 545.926 71.5824 489.402
internal_count=163284 162719 147708 143008 109924 69020 4700 64157
is_linear=0
shrinkage=0.0750466


Tree=57
num_leaves=9
num_cat=0
split_feature=133 99 153 134 11 10 138 11
split_gain=41.4981 16.4426 15.7922 13.8082 13.1592 16.3939 12.2653 10.7128
threshold=8.0000000000000018 1.0000000180025095e-35 3853.3050000000007 106977.60000000002 52.845000000000006 1.0000000180025095e-35 1513.9350000000002 1025.2150000000004
decision_type=10 2 10 10 2 2 10 2
left_child=1 2 4 -3 -1 7 -7 -6
right_child=-2 3 -4 -5 5 6 -8 -9
leaf_value=-0.0071892591342991117 0.082355308968923499 0.058333859244114439 -0.022477243975680013 -0.0047660638720212816 0.0050295973754988128 0.040461705241890536 0.0026624814900914969 -0.023236185153837442
leaf_weight=803.3564241953427 33.555579765001312 45.751844006357715 214.667992490693 34.08124409080483 381.99811450857669 118.49136204464594 81.672122539486736 94.123269598407205
leaf_count=14442 244 1295 51523 4129 44608 6509 12774 27760
internal_value=-0.000323456 -0.00188722 -0.00345547 0.0313961 -0.000695772 0.00701782 0.0250386 -0.000558196
internal_weight=1807.7 1774.14 1694.31 79.8331 1479.64 676.285 200.163 476.121
internal_count=163284 163040 157616 5424 106093 91651 19283 72368
is_linear=0
shrinkage=0.0750466


Tree=58
num_leaves=9
num_cat=0
split_feature=71 108 83 12 21 11 18 138
split_gain=22.0593 21.7708 23.0239 13.873 9.16021 8.10237 7.52496 7.51197
threshold=1.5000000000000002 1.0000000180025095e-35 1.0000000180025095e-35 8.5000000000000018 1.0000000180025095e-35 -1.0000000180025095e-35 111286.64000000001 12094.745000000001
decision_type=2 2 2 2 2 2 2 8
left_child=1 3 -3 4 -1 -6 -7 -5
right_child=-2 2 -4 7 5 6 -8 -9
leaf_value=0.015283744021001563 0.062740655709305232 -8.4541736696785961e-05 0.13509569211035496 -0.0069112160015411548 -0.033471413168406398 -0.00047649519671151417 -0.030607866037866784 -0.042617517097670775
leaf_weight=182.68260755133815 30.720368586888071 15.04100149223814 13.433724688889923 62.908675168117043 46.220252641418483 1335.2642632383504 48.370680803433061 70.228847825143021
leaf_count=5375 1813 1441 3491 7764 3918 95448 17170 26864
internal_value=-0.000309454 -0.0014012 0.0636904 -0.00246295 -0.00054061 -0.00256238 -0.00152986 -0.025746
internal_weight=1804.87 1774.15 28.4747 1745.68 1612.54 1429.86 1383.63 133.138
internal_count=163284 161471 4932 156539 121911 116536 112618 34628
is_linear=0
shrinkage=0.0750466


Tree=59
num_leaves=9
num_cat=0
split_feature=33 111 8 74 12 33 13 138
split_gain=50.3387 31.5552 19.2411 21.174 20.7129 16.6795 11.4929 8.32249
threshold=27559.105000000007 1.0000000180025095e-35 9683.5850000000009 1660.8950000000002 4.5000000000000009 1.0000000180025095e-35 1.5000000000000002 19815.575000000004
decision_type=2 10 2 2 2 2 2 10
left_child=1 2 3 6 -4 -6 -1 -5
right_child=-2 -3 4 7 5 -7 -8 -9
leaf_value=0.0049182133513819455 -0.04272512477044256 0.057911723318562418 0.03186147644100655 0.040493884618352176 -0.012939017722356482 0.042136900166424768 -0.040009272469553339 0.0092412922303945089
leaf_weight=548.26608185889199 144.84600545081776 57.741354578640312 71.319796346360818 141.45638178638183 700.45297685702099 32.401048773434013 34.059877403313294 72.628293806395959
leaf_count=48111 28835 391 591 3166 67795 3877 679 9839
internal_value=-0.000297878 0.00340792 0.00144168 0.00970991 -0.00674673 -0.010504 0.00229043 0.0298914
internal_weight=1803.17 1658.33 1600.58 796.411 804.174 732.854 582.326 214.085
internal_count=163284 134449 134058 61795 72263 71672 48790 13005
is_linear=0
shrinkage=0.0750466


Tree=60
num_leaves=9
num_cat=0
split_feature=33 133 21 52 8 9 12 147
split_gain=44.854 35.2194 20.6559 15.3325 13.228 17.5409 11.6672 10.6635
threshold=27559.105000000007 8.0000000000000018 1.0000000180025095e-35 69684.140000000014 9683.5850000000009 1656.3400000000004 4.5000000000000009 -31205.244999999999
decision_type=2 10 2 2 2 2 2 10
left_child=1 2 -1 4 5 -4 -6 -7
right_child=-2 -3 3 -5 6 7 -8 -9
leaf_value=0.028446936045624031 -0.041232236684276925 0.083600731711433729 0.00038017431111117805 -0.03381760582259366 0.025569574581048877 0.0087001171530643861 -0.0092766472728853973 0.042881176215612965
leaf_weight=147.40347625798313 139.0533482398605 30.083830796880648 485.71464660903439 76.10851874895161 58.987232373096049 98.629540885391179 655.15569174330449 107.35206482396461
leaf_count=3035 28835 180 26096 50012 378 5794 44569 4385
internal_value=-0.000290423 0.00314032 0.00165472 -0.00101019 0.000765918 0.00816273 -0.0063984 0.0265144
internal_weight=1798.49 1659.44 1629.35 1481.95 1405.84 691.696 714.143 205.982
internal_count=163284 134449 134269 131234 81222 36275 44947 10179
is_linear=0
shrinkage=0.0750466


Tree=61
num_leaves=9
num_cat=0
split_feature=111 56 99 17 138 12 58 12
split_gain=22.0459 16.6735 11.8254 11.3522 10.9034 11.1701 9.58125 12.2451
threshold=1.0000000180025095e-35 11582.655000000002 1.5000000000000002 3.5000000000000004 19815.575000000004 8.5000000000000018 4689.4600000000009 6.5000000000000009
decision_type=10 2 2 2 8 2 2 2
left_child=1 2 3 4 6 -6 -1 -8
right_child=-2 -3 -4 -5 5 -7 7 -9
leaf_value=8.7330795865202658e-05 0.0427701456966956 -0.048234580351443228 0.03931674395976309 0.031999799839216525 -0.0077748113442288169 -0.046238571421246634 0.075365419074817738 0.0070123883278712202
leaf_weight=902.89650211454136 64.574567393981852 42.643825098697562 40.55237718927674 54.418891340377741 575.87377363652922 45.912368992518168 22.017851822718512 44.783938913722523
leaf_count=53573 565 15011 1706 6239 58128 19305 1763 6994
internal_value=-0.000282781 -0.00189063 -0.00071877 -0.00170518 -0.00285768 -0.010615 0.00211641 0.0295415
internal_weight=1793.67 1729.1 1686.46 1645.9 1591.48 621.786 969.698 66.8018
internal_count=163284 162719 147708 146002 139763 77433 62330 8757
is_linear=0
shrinkage=0.0750466


Tree=62
num_leaves=9
num_cat=0
split_feature=89 39 153 97 153 97 94 31
split_gain=11.2527 9.17985 8.65697 12.2618 11.9324 10.313 9.74573 9.57676
threshold=1.0000000180025095e-35 82168.650000000009 5389.9350000000004 36.500000000000007 299.11500000000007 1.5000000000000002 1.0000000180025095e-35 2558.5000000000005
decision_type=2 2 10 2 10 2 2 2
left_child=1 2 3 7 -5 -4 -6 -1
right_child=-2 -3 5 4 6 -7 -8 -9
leaf_value=0.002022668968458396 -0.050160664321214195 -0.027697971050456745 0.018075973707359996 0.039626214640779311 -0.0047351191284307264 -0.025846784427485281 0.046506125651773832 -0.025006951499853134
leaf_weight=1231.4595865889569 25.105451795796398 62.979790663754102 39.956909762870055 94.652940729283728 110.63470250362298 122.13038013171172 25.774403065384831 78.532394916459452
leaf_count=56778 4242 16475 4048 7428 26685 31115 3434 13079
internal_value=-0.00027111 0.000438071 0.0014785 0.00321372 0.019153 -0.0150192 0.00494688 0.000402277
internal_weight=1791.23 1766.12 1703.14 1541.05 231.062 162.087 136.409 1309.99
internal_count=163284 159042 142567 107404 37547 35163 30119 69857
is_linear=0
shrinkage=0.0750466


Tree=63
num_leaves=9
num_cat=0
split_feature=108 137 56 25 24 137 142 64
split_gain=16.7688 16.2895 13.6282 6.77701 6.77316 11.577 6.13045 6.02373
threshold=1.0000000180025095e-35 16998.050000000003 4317.5350000000008 35114.595000000008 1.0000000180025095e-35 4483.3200000000006 63342.000000000007 1745.0100000000002
decision_type=2 8 2 2 2 10 10 2
left_child=2 -2 3 4 7 -6 -7 -1
right_child=1 -3 -4 -5 5 6 -8 -9
leaf_value=0.00016901981855407737 0.11161635437807649 0.001992826374448569 -0.027114194084721727 -0.027694582867723447 0.027096261758594718 -0.066658205425593045 0.0010866944284296405 -0.021957613311522187
leaf_weight=1224.4102656778996 14.740080255665815 15.835880043159706 107.45675975256017 46.76243619149318 141.27771198295522 7.8996518537169313 157.85556371469283 73.450941673072521
leaf_count=34447 861 4141 33846 19407 13594 1791 47876 7321
internal_value=-0.000259639 0.0548402 -0.00121735 0.000467493 0.00128806 0.0113117 -0.00214193 -0.00108321
internal_weight=1789.69 30.576 1759.11 1651.66 1604.89 307.033 165.755 1297.86
internal_count=163284 5002 158282 124436 105029 63261 49667 41768
is_linear=0
shrinkage=0.0750466


Tree=64
num_leaves=9
num_cat=0
split_feature=33 133 52 8 7 141 127 58
split_gain=39.3239 26.513 12.9155 12.1339 30.9439 38.4664 9.85052 9.52666
threshold=27559.105000000007 8.0000000000000018 73897.235000000015 9683.5850000000009 1261.8700000000001 1.5250000000000001 2292.5000000000005 1208.2600000000002
decision_type=2 10 2 2 2 8 10 2
left_child=1 2 3 4 7 -6 -5 -1
right_child=-2 -3 -4 6 5 -7 -8 -9
leaf_value=-0.0079174024010034566 -0.039545353998237991 0.072232177767931144 -0.029723897309213352 0.0021160062497065082 0.066756686292768874 0.0087835284034809089 -0.016087065778232264 0.015435457939564639
leaf_weight=362.25615786883282 132.7723977441201 30.493471795460209 70.893891450657975 533.1548177433433 100.61379593075253 179.38678247568896 244.07837350131012 135.06508642015979
leaf_count=17601 28835 180 48454 22852 3946 2401 24003 15012
internal_value=-0.000248533 0.00290226 0.00160163 0.0030302 0.00966004 0.0296153 -0.00360039 -0.00157511
internal_weight=1788.71 1655.94 1625.45 1554.56 777.322 280.001 777.233 497.321
internal_count=163284 134449 134269 85815 38960 6347 46855 32613
is_linear=0
shrinkage=0.0750466


Tree=65
num_leaves=9
num_cat=0
split_feature=50 99 17 52 4 141 94 7
split_gain=19.4988 16.5759 15.5448 21.8081 18.1203 14.433 9.54972 7.53506
threshold=1.0000000180025095e-35 1.0000000180025095e-35 3.5000000000000004 29325.005000000001 1.5000000000000002 4.4850000000000012 1.0000000180025095e-35 1655.0800000000002
decision_type=2 2 2 2 2 8 2 2
left_child=1 2 3 4 6 -3 -1 -4
right_child=-2 5 7 -5 -6 -7 -8 -9
leaf_value=0.00029039250391129593 -0.04548452512750871 0.0026054504875986221 0.0098788575787189248 -0.03251694086850962 -0.040815995919528385 0.064989936055423733 0.021240619512866869 0.065447363212583126
leaf_weight=1281.0890154729132 52.095396948570851 41.869819455838297 26.524072053958662 121.01627780630952 57.126004880410619 41.676303352112882 135.50006192410365 28.521624205168337
leaf_count=60301 11035 3413 3118 73626 1414 1306 6170 2901
internal_value=-0.000246341 0.0011133 -0.000538204 -0.00189161 0.000623234 0.0337254 0.00229433 0.0386714
internal_weight=1785.42 1733.32 1649.78 1594.73 1473.72 83.5461 1416.59 55.0457
internal_count=163284 152249 147530 141511 67885 4719 66471 6019
is_linear=0
shrinkage=0.0750466


Tree=66
num_leaves=9
num_cat=0
split_feature=50 111 153 150 127 46 127 11
split_gain=17.413 15.0759 7.93726 12.3455 12.1086 10.9231 10.7365 11.9164
threshold=1.0000000180025095e-35 1.0000000180025095e-35 651.0150000000001 1.0000000180025095e-35 610.50000000000011 1.0000000180025095e-35 3893.5000000000005 52.845000000000006
decision_type=2 10 8 10 10 2 10 2
left_child=1 2 3 4 -1 6 7 -4
right_child=-2 -3 5 -5 -6 -7 -8 -9
leaf_value=-0.013148774241216469 -0.043895728901460915 0.037031450884505546 -0.010288520474486617 0.017852806407251412 0.0096340155140614593 -0.035628308670408233 -0.027241801036049187 0.0091498786102396524
leaf_weight=261.92579525860492 50.011432148312451 63.094034565612674 331.75824233714957 277.20758295769338 263.61657348030712 62.157547472510487 91.079497616039589 382.2905037147284
leaf_count=9820 11035 550 8018 18936 9241 14403 20938 70343
internal_value=-0.000238532 0.00102125 -0.000339221 0.00503845 -0.00172073 -0.00531673 -0.00297662 0.000118494
internal_weight=1783.14 1733.13 1670.04 802.75 525.542 867.286 805.128 714.049
internal_count=163284 152249 151699 37997 19061 113702 99299 78361
is_linear=0
shrinkage=0.0750466


Tree=67
num_leaves=9
num_cat=0
split_feature=111 108 153 22 8 13 127 149
split_gain=13.983 14.7217 20.0959 14.5597 8.91634 11.1627 10.5428 8.00524
threshold=1.0000000180025095e-35 1.0000000180025095e-35 2046.8850000000002 111795.30500000001 9683.5850000000009 1.5000000000000002 1221.5000000000002 636.50000000000011
decision_type=10 2 8 2 2 2 10 10
left_child=1 3 -3 4 5 7 -6 -1
right_child=-2 2 -4 -5 6 -7 -8 -9
leaf_value=-0.0026260218710927852 0.033932423074720421 0.12116635862225944 -0.0070478655877166526 -0.026506369070494439 0.0014592182706303009 -0.037067128948651211 -0.016364060154698795 0.013150051832711134
leaf_weight=296.10450920605217 65.019007970229723 12.908487412380056 14.754214180866255 130.34941121700103 435.15603253713925 33.768811505753547 327.65186402964173 466.61261363967787
leaf_count=15421 565 1050 3921 46651 20217 718 34158 40583
internal_value=-0.000229355 -0.00152276 0.0527819 -0.00241183 -0.00039764 0.00515601 -0.00619648 0.00702541
internal_weight=1782.32 1717.31 27.6627 1689.64 1559.29 796.486 762.808 762.717
internal_count=163284 162719 4971 157748 111097 56722 54375 56004
is_linear=0
shrinkage=0.0750466


Tree=68
num_leaves=9
num_cat=0
split_feature=50 17 85 120 107 58 107 25
split_gain=15.2423 13.0182 8.94098 8.65637 7.63266 7.28033 5.71856 8.81086
threshold=1.0000000180025095e-35 3.5000000000000004 39354.150000000009 182988.00000000003 22.500000000000004 1545.3650000000002 22.500000000000004 1.0000000180025095e-35
decision_type=2 2 2 10 2 2 2 2
left_child=1 2 3 6 -3 -6 -1 -8
right_child=-2 4 -4 -5 5 -7 7 -9
leaf_value=0.0019134105560214747 -0.042076998865682912 -0.0010655939751622228 -0.02482226892416858 0.0090558418745006353 0.078825368693130254 0.014586986695587362 -0.017720009973313088 0.0030303038373333232
leaf_weight=613.63138049945701 47.689346243889304 22.464356414042413 80.004073542979313 500.65076059490093 24.957689728063997 16.508868864213582 276.17818491446087 197.77899599220837
leaf_count=8003 11035 364 29740 55137 2720 3418 14090 38777
internal_value=-0.000221892 0.000930441 -0.000343169 0.000889912 0.0341646 0.0532505 -0.00286912 -0.00906105
internal_weight=1779.86 1732.17 1668.24 1588.24 63.9309 41.4666 1087.59 473.957
internal_count=163284 152249 145747 116007 6502 6138 60870 52867
is_linear=0
shrinkage=0.0750466


Tree=69
num_leaves=9
num_cat=0
split_feature=71 32 108 52 5 5 74 123
split_gain=15.534 12.0444 12.3232 11.0314 9.96037 7.61884 9.44017 12.5282
threshold=1.5000000000000002 1.5000000000000002 1.0000000180025095e-35 65522.015000000007 45.500000000000007 43.500000000000007 2305.3550000000005 5.5000000000000009
decision_type=2 2 2 2 2 2 2 10
left_child=1 2 3 5 -3 6 7 -1
right_child=-2 4 -4 -5 -6 -7 -8 -9
leaf_value=0.0076661485416617201 0.051358340446032491 -0.050913041952699717 0.047792759670799156 -0.028093074150454349 -0.0025133400163908047 -0.0036760217562069519 0.030986057023216461 -0.026765765669462
leaf_weight=504.34605281753466 32.297268073336454 48.541332189954119 30.250051782117225 77.965294784778962 47.263839552120771 890.04520707926713 80.941823810513597 67.478039373585489
leaf_count=21783 1813 10261 4261 56233 8038 51088 5874 3933
internal_value=-0.000213285 -0.0011668 0.000334326 -0.000551434 -0.0270359 0.00084037 0.00699846 0.00360301
internal_weight=1779.13 1746.83 1651.03 1620.78 95.8052 1542.81 652.766 571.824
internal_count=163284 161471 143172 138911 18299 82678 31590 25716
is_linear=0
shrinkage=0.0750466


Tree=70
num_leaves=9
num_cat=0
split_feature=4 86 17 51 72 8 58 16
split_gain=11.9139 10.6232 9.42907 12.3315 13.6142 11.0186 13.2983 12.0577
threshold=1.5000000000000002 1.0000000180025095e-35 3.5000000000000004 1.0000000180025095e-35 1579.1950000000002 9683.5850000000009 232.54500000000004 -14461.189999999999
decision_type=2 2 2 2 2 2 2 2
left_child=1 2 3 5 -5 6 -1 -7
right_child=-2 -3 -4 4 -6 7 -8 -9
leaf_value=0.0026070682510826193 -0.032639569355062861 -0.044939101587609685 0.029677015906176857 -0.026783559608100579 0.055111548097220166 0.016777530731945163 0.024763527555494592 -0.0081560398855988515
leaf_weight=508.23541766876588 61.577818816818763 27.940109767514514 65.301753026957158 136.97767249998287 12.473483999492599 132.85631846368778 218.00814116053516 614.33885097911116
leaf_count=10291 2213 5591 7174 81273 1572 2228 14398 38544
internal_value=-0.000206304 0.000957458 0.00171706 0.00059201 -0.0199484 0.00267543 0.00925813 -0.00372268
internal_weight=1777.71 1716.13 1688.19 1622.89 149.451 1473.44 726.244 747.195
internal_count=163284 161071 155480 148306 82845 65461 24689 40772
is_linear=0
shrinkage=0.0750466


Tree=71
num_leaves=9
num_cat=0
split_feature=133 108 20 127 58 11 127 46
split_gain=16.1125 9.62188 9.77398 7.55697 6.6748 5.86358 12.7515 8.54298
threshold=8.0000000000000018 1.0000000180025095e-35 109749.33500000001 145.50000000000003 1545.3650000000002 18.395000000000003 991.50000000000011 1.0000000180025095e-35
decision_type=10 2 2 8 2 2 10 2
left_child=1 2 3 -1 -3 -5 7 -7
right_child=-2 4 -4 5 -6 6 -8 -9
leaf_value=-0.030560573657693428 0.050093752486073027 0.079433417573448378 -0.031794306165236479 -0.0057334968225718425 0.0086168003891471511 0.015329178771617371 -0.0045064446335811182 -0.025134996206468696
leaf_weight=46.938218753930414 35.164753394434229 13.720686835906237 59.678369238361483 619.2619215711311 16.522969813318923 434.69810910441447 518.98929688875796 31.515715905668912
leaf_count=4849 244 1299 17578 11601 3680 37291 82130 4612
internal_value=-0.000200404 -0.00121606 -0.00195771 -0.000879479 0.0407443 -1.11658e-05 0.00358568 0.0125938
internal_weight=1776.49 1741.33 1711.08 1651.4 30.2437 1604.47 985.203 466.214
internal_count=163284 163040 158061 140483 4979 135634 124033 41903
is_linear=0
shrinkage=0.0750466


Tree=72
num_leaves=9
num_cat=0
split_feature=22 111 153 11 74 139 85 83
split_gain=11.201 8.86874 7.00278 11.8937 15.8695 15.6279 14.154 8.30111
threshold=239470.10500000001 1.0000000180025095e-35 5389.9350000000004 93.555000000000021 3171.9350000000004 2393.6150000000002 20560.050000000003 37776.215000000004
decision_type=2 10 10 2 2 8 2 2
left_child=1 2 3 -1 5 6 7 -5
right_child=-2 -3 -4 4 -6 -7 -8 -9
leaf_value=-0.0036849457115617867 -0.029444568962918319 0.028295346072593392 -0.01574482650514579 0.0038349213673002681 0.058393744747042418 0.044565826921134602 -0.029660606937179323 0.03795671788917749
leaf_weight=936.57620877021691 70.781115100631723 64.608690500608645 145.89653926258325 354.30349165474763 35.940381490596337 55.275701333768666 66.62472991301911 45.287002854194725
leaf_count=19652 26875 552 32942 38160 4837 3786 25766 10714
internal_value=-0.000191912 0.00102283 -5.16526e-05 0.00148086 0.0101603 0.00683607 0.00236273 0.00770207
internal_weight=1775.29 1704.51 1639.9 1494.01 557.431 521.491 466.215 399.59
internal_count=163284 136409 135857 102915 83263 78426 74640 48874
is_linear=0
shrinkage=0.0750466


Tree=73
num_leaves=9
num_cat=0
split_feature=33 111 33 27 24 24 17 73
split_gain=32.7514 10.4202 8.4528 23.6487 9.74429 11.4634 11.6149 10.2879
threshold=27559.105000000007 1.0000000180025095e-35 1.0000000180025095e-35 3.5000000000000004 1.0000000180025095e-35 8.5000000000000018 3.5000000000000004 8.5000000000000018
decision_type=2 10 2 2 2 2 2 2
left_child=1 2 4 -4 -1 6 7 -6
right_child=-2 -3 3 -5 5 -7 -8 -9
leaf_value=-0.0029210428222078526 -0.037262194101035644 0.033616095614879979 0.066814624115639015 -0.034952051671900908 0.025900414210543329 -0.0088213541315280836 0.083219800179747602 -0.0083836477817599269
leaf_weight=1168.7016071673715 124.7564016796241 58.890708898892626 35.705133705108892 20.100323776452569 168.61672524907044 112.57880944901262 15.353920757363083 69.660131304815877
leaf_count=38038 28835 391 1586 5658 25341 43838 2333 17264
internal_value=-0.000187043 0.00261687 0.00146924 0.0301597 0.000426124 0.0111081 0.0199542 0.0158775
internal_weight=1774.36 1649.61 1590.72 55.8055 1534.91 366.21 253.631 238.277
internal_count=163284 134449 134058 7244 126814 88776 44938 42605
is_linear=0
shrinkage=0.0750466


Tree=74
num_leaves=9
num_cat=0
split_feature=33 133 10 80 74 33 140 140
split_gain=29.0344 14.2937 11.8166 7.84555 11.295 8.20054 13.4899 7.1458
threshold=27559.105000000007 8.0000000000000018 -3005.3049999999998 4.5000000000000009 391.17500000000007 1.0000000180025095e-35 71394.165000000023 3519.0050000000006
decision_type=2 10 2 2 2 2 8 10
left_child=1 2 -1 5 -5 7 -7 -4
right_child=-2 -3 3 4 -6 6 -8 -9
leaf_value=-0.023911476307050521 -0.035765811818519511 0.052994814373055525 -0.0019881454654604156 0.073731872874943788 0.0092377021601312021 -0.0066814531110896587 0.071232129554770915 0.01134670553361675
leaf_weight=97.303903305670246 120.39329190560966 30.869342281483114 1110.638904988271 20.675577626796439 58.750055153854191 25.446268271451117 24.628730667493073 284.25194094830658
leaf_count=22442 28835 180 41216 4012 13046 4389 857 48307
internal_value=-0.000185009 0.00240714 0.00144419 0.00306267 0.0260264 0.00180042 0.0316393 0.000729241
internal_weight=1772.96 1652.56 1621.7 1524.39 79.4256 1444.97 50.075 1394.89
internal_count=163284 134449 134269 111827 17058 94769 5246 89523
is_linear=0
shrinkage=0.0750466


Tree=75
num_leaves=9
num_cat=0
split_feature=50 71 72 108 73 111 64 106
split_gain=13.4282 11.7355 10.5196 15.5606 10.1063 7.3638 7.08099 6.18691
threshold=1.0000000180025095e-35 1.5000000000000002 1708.4500000000003 1.0000000180025095e-35 9.5000000000000018 1.0000000180025095e-35 13076.395000000002 5900.1900000000014
decision_type=2 2 2 2 2 10 2 2
left_child=1 2 3 4 5 -1 7 -6
right_child=-2 -3 -4 -5 6 -7 -8 -9
leaf_value=-0.0064178186897656236 -0.040412100230629279 0.045486098608853671 0.0052825025422673271 0.065930662508060414 -0.028464234744006531 0.038990743901805056 -0.071707897562354364 0.04332005450672511
leaf_weight=621.45730263923178 45.525169958535116 32.590769306174479 945.54750629450427 16.283783706632676 62.399736018589465 20.786264937836677 19.6118687276321 7.5838574807567047
leaf_count=73746 11035 1572 37206 3373 20131 220 10561 5440
internal_value=-0.00018104 0.000879938 2.15956e-05 -0.00662763 -0.00824209 -0.00494817 -0.0318538 -0.0206852
internal_weight=1771.79 1726.26 1693.67 748.123 731.839 642.244 89.5955 69.9836
internal_count=163284 152249 150677 113471 110098 73966 36132 25571
is_linear=0
shrinkage=0.0750466


Tree=76
num_leaves=9
num_cat=0
split_feature=71 7 51 71 151 22 16 22
split_gain=9.76231 8.49723 8.36689 8.69985 8.69247 8.28081 11.1772 19.441
threshold=1.5000000000000002 1655.0800000000002 1.0000000180025095e-35 1.0000000180025095e-35 1.0000000180025095e-35 305328.60000000003 -609.50499999999988 1417.5900000000004
decision_type=2 2 2 2 10 2 2 2
left_child=1 2 -1 4 -4 6 -3 -8
right_child=-2 5 3 -5 -6 -7 7 -9
leaf_value=-0.0034185566350295117 0.039258999146566512 -0.00056679245254870195 -0.0061589309507035393 0.048187141218818841 -0.050058867945036285 -0.029995661514542454 0.042025508235698075 0.0023444660877343123
leaf_weight=737.70187517331215 34.663091288326541 552.61508746631444 44.279397153004538 8.3707270646118541 59.586634664592566 38.199981301586377 112.68640946276719 181.59578619158128
leaf_count=35359 1813 19867 12910 1471 45040 14696 4028 28100
internal_value=-0.000175641 -0.000963479 -0.00632289 -0.0254123 -0.0313438 0.00418304 0.0057247 0.0175391
internal_weight=1769.7 1735.04 849.939 112.237 103.866 885.097 846.897 294.282
internal_count=163284 161471 94780 59421 57950 66691 51995 32128
is_linear=0
shrinkage=0.0750466


Tree=77
num_leaves=9
num_cat=0
split_feature=50 127 142 20 98 147 131 142
split_gain=11.9178 5.93967 7.28282 12.0278 13.9081 6.75009 9.12807 8.62179
threshold=1.0000000180025095e-35 145.50000000000003 154836.00000000003 104.79500000000002 1.0000000180025095e-35 -31205.244999999999 1378.2750000000003 238705.50000000003
decision_type=2 8 10 2 2 10 10 10
left_child=1 -1 3 4 -3 -4 7 -7
right_child=-2 2 5 -5 -6 6 -8 -9
leaf_value=-0.025919195392561607 -0.038801585461926247 -0.0016645643987948985 -0.00031044256879258277 -0.022159942151381975 0.036349144671835677 0.032635455584172683 -0.03017879908573173 0.0079237503572570506
leaf_weight=45.580505347053986 43.86239290132653 797.51904849492712 320.80929560604272 149.37941703037359 58.159330100752413 133.937418076006 23.780355265917024 195.69708791628364
leaf_count=4994 11035 41876 43719 17660 2033 15254 5110 21603
internal_value=-0.000171056 0.000811299 0.00153684 -0.00251102 0.000919177 0.00757094 0.0147252 0.0179646
internal_weight=1768.72 1724.86 1679.28 1005.06 855.678 674.224 353.415 329.635
internal_count=163284 152249 147255 61569 43909 85686 41967 36857
is_linear=0
shrinkage=0.0750466


Tree=78
num_leaves=9
num_cat=0
split_feature=4 22 8 85 24 17 24 115
split_gain=10.3969 11.8165 9.10244 10.5793 10.7077 9.04181 8.03044 7.88786
threshold=1.5000000000000002 319.2050000000001 9683.5850000000009 20560.050000000003 1.0000000180025095e-35 3.5000000000000004 8.5000000000000018 3644.1150000000002
decision_type=2 2 2 2 2 2 2 8
left_child=1 -1 3 4 7 -4 -6 -3
right_child=-2 2 5 -5 6 -7 -8 -9
leaf_value=0.0061206045695153888 -0.030904492831357027 0.0063689547801252713 -0.017850613187881094 -0.032317251199846131 0.038648411594192918 0.028492112591670438 -0.0067371180273432365 -0.028404953816508323
leaf_weight=1006.9551297638391 59.871803152665962 126.95069306285586 344.42285598706803 42.869094692694489 79.362767362967134 25.464247249939945 30.354602679581149 51.698792090552161
leaf_count=37518 2213 5850 67923 17339 12944 4478 11593 3426
internal_value=-0.000165384 0.000912088 -0.0065684 0.00246764 0.00763882 -0.0146602 0.026092 -0.00369415
internal_weight=1767.95 1708.08 701.123 331.236 288.367 369.887 109.717 178.649
internal_count=163284 161071 123553 51152 33813 72401 24537 9276
is_linear=0
shrinkage=0.0750466


Tree=79
num_leaves=9
num_cat=0
split_feature=50 71 72 72 6 6 72 5
split_gain=10.4381 7.98349 7.93168 10.7363 8.56352 10.1324 11.1127 9.96518
threshold=1.0000000180025095e-35 1.5000000000000002 1708.4500000000003 387.90500000000003 20.500000000000004 115.50000000000001 2323.1300000000006 47.500000000000007
decision_type=2 2 2 2 2 2 2 2
left_child=1 2 3 -1 -4 -6 -7 -8
right_child=-2 -3 4 -5 5 6 7 -9
leaf_value=-0.0019525538099687883 -0.037057730559340626 0.036449823187323795 -0.017533701248107342 -0.026968489059152681 0.014429665934379705 -0.01108481396545424 0.041890158984586728 0.00022142466297771218
leaf_weight=624.53537553505157 42.152568857884035 34.55452858080389 89.640998704591766 114.30892254749779 460.72340585611528 259.96623404661659 50.257034776208457 90.588100538647268
leaf_count=106366 11035 1572 1401 7105 14130 11333 3089 7253
internal_value=-0.000161172 0.000740665 1.05471e-05 -0.00582285 0.00454175 0.00683866 -0.00188703 0.0150899
internal_weight=1766.73 1724.57 1690.02 738.844 951.176 861.535 400.811 140.845
internal_count=163284 152249 150677 113471 37206 35805 21675 10342
is_linear=0
shrinkage=0.0750466


Tree=80
num_leaves=9
num_cat=0
split_feature=50 96 95 73 24 25 12 95
split_gain=9.25104 9.45624 10.7439 10.6034 9.57161 12.4773 18.4061 7.25201
threshold=1.0000000180025095e-35 1.0000000180025095e-35 4.5000000000000009 9.5000000000000018 8.5000000000000018 803.5100000000001 5.5000000000000009 1.0000000180025095e-35
decision_type=2 2 2 2 2 2 2 2
left_child=1 -1 3 4 5 -3 -7 -6
right_child=-2 2 -4 -5 7 6 -8 -9
leaf_value=-0.0050786719580894037 -0.035491767519473832 0.005776495135320781 0.042703484056426634 -0.013841772089932576 -0.031963823500526657 0.11157086286818194 0.021544698413590847 0.058762298757361157
leaf_weight=831.7635054999264 40.764120602747425 531.90466469473904 42.858587939466815 150.98780138997245 47.642925815627677 14.678342663682995 99.44613534322707 5.5388511534547424
leaf_count=41875 11035 23205 3372 41230 20187 938 19666 1776
internal_value=-0.000155977 0.000679144 0.00604178 0.00419366 0.00808824 0.0106075 0.0331236 -0.0225148
internal_weight=1765.58 1724.82 893.057 850.199 699.211 646.029 114.124 53.1818
internal_count=163284 152249 110374 107002 65772 43809 20604 21963
is_linear=0
shrinkage=0.0750466


Tree=81
num_leaves=9
num_cat=0
split_feature=33 50 39 10 83 140 8 142
split_gain=25.6145 9.82038 8.29938 7.08847 17.9834 9.87787 14.6615 9.69183
threshold=27559.105000000007 1.0000000180025095e-35 313319.83000000002 -386.05499999999995 37776.215000000004 3519.0050000000006 12961.865000000002 208324.80000000002
decision_type=2 2 2 2 2 10 2 8
left_child=1 2 3 -1 5 -5 -7 -6
right_child=-2 -3 -4 4 7 6 -8 -9
leaf_value=-0.0047782214361027624 -0.034236901995694818 -0.035095273528872248 -0.032603439763105306 0.0020770193501957988 0.015438362540589938 0.04915154547022435 0.00032842757981057006 0.076009961591013919
leaf_weight=392.96225556815625 116.0211885777826 38.738141525565879 35.769742080155993 983.51645966435899 28.533738656318747 65.81255785463145 73.137038246670272 31.085370784829138
leaf_count=65474 28835 10385 9154 25492 4286 5617 9260 4781
internal_value=-0.000153324 0.00224394 0.0031419 0.00395369 0.00685645 0.00472316 0.0234532 0.0470204
internal_weight=1765.58 1649.56 1610.82 1575.05 1182.09 1122.47 138.95 59.6191
internal_count=163284 134449 124064 114910 49436 40369 14877 9067
is_linear=0
shrinkage=0.0750466


Tree=82
num_leaves=9
num_cat=0
split_feature=21 10 16 108 10 28 95 16
split_gain=8.9339 10.4387 8.22455 12.6729 12.1236 8.71732 8.17618 6.89868
threshold=1.0000000180025095e-35 -3005.3049999999998 -1222.1199999999997 1.0000000180025095e-35 1.0000000180025095e-35 4577.1250000000009 1.5000000000000002 -1222.1199999999997
decision_type=2 2 2 2 2 2 2 2
left_child=7 -2 -3 4 6 -6 -4 -1
right_child=1 2 3 -5 5 -7 -8 -9
leaf_value=0.032744356348534467 -0.025973989908763446 -0.0066310205713887476 -0.0058258969560150446 0.064772058027969023 0.024762181128539309 -0.0080739524563605055 0.027988784891529079 0.0034971723220923131
leaf_weight=76.02732164398185 96.066830867057433 665.86660120650777 501.51096947482438 19.256142705766251 189.3674913639843 59.94975840402185 43.788051666721003 112.82938231885782
leaf_count=818 26192 34122 70656 2408 7101 12798 4206 4983
internal_value=-0.000153208 -0.00200178 -0.000445465 0.00461522 0.00315743 0.0168665 -0.00311054 0.0152711
internal_weight=1764.66 1575.81 1479.74 813.872 794.616 249.317 545.299 188.857
internal_count=163284 157483 131291 97169 94761 19899 74862 5801
is_linear=0
shrinkage=0.0750466


Tree=83
num_leaves=9
num_cat=0
split_feature=87 71 7 32 32 32 18 148
split_gain=8.57023 7.4438 7.97005 8.61939 6.61884 6.52152 6.22133 5.63263
threshold=1.0000000180025095e-35 1.5000000000000002 1655.0800000000002 1.0000000180025095e-35 2.5000000000000004 10.500000000000002 1.0000000180025095e-35 2.3450000000000002
decision_type=2 2 2 2 2 2 2 8
left_child=1 2 3 -1 7 -6 -5 -4
right_child=-2 -3 4 6 5 -7 -8 -9
leaf_value=-0.0031427665675251271 -0.042804994882926724 0.03454750507515035 0.013096243681551056 0.017717260909850138 -0.046523477823854853 0.014770707885413781 -0.040873379450659351 0.00065677665340778141
leaf_weight=761.55135183391394 26.133450918423478 35.413609787996393 374.50362153837341 12.382786569505695 26.820536386221647 15.383680054772411 58.082500673801405 452.96519913504017
leaf_count=74039 5605 1660 44980 1162 4872 1692 17258 12016
internal_value=-0.000148407 0.00049333 -0.000215366 -0.00546626 0.00480816 -0.0241814 -0.0305773 0.00628675
internal_weight=1763.24 1737.1 1701.69 832.017 869.673 42.2042 70.4653 827.469
internal_count=163284 157679 156019 92459 63560 6564 18420 56996
is_linear=0
shrinkage=0.0750466


Tree=84
num_leaves=9
num_cat=0
split_feature=4 7 6 6 9 0 0 6
split_gain=8.70785 6.02346 16.2288 12.4078 9.01872 9.81826 8.86452 8.62539
threshold=1.5000000000000002 1655.0800000000002 20.500000000000004 76.500000000000014 511.12500000000006 47919824.000000007 42644405.000000007 31.500000000000004
decision_type=2 2 2 2 2 2 2 2
left_child=1 4 -3 -4 5 -1 -6 -8
right_child=-2 2 3 -5 6 -7 7 -9
leaf_value=0.011160857042061521 -0.028728287691865879 -0.027616466433665394 0.020447028938577125 0.001023490439642836 -0.023048002781044366 -0.011085221808288564 0.036615423912199109 -0.0078475721411474571
leaf_weight=306.40932146651903 58.043858469376573 77.030955890018959 300.75075659167487 482.20422866687295 202.49142141155608 175.86611966553028 30.335749696358107 129.33088686698466
leaf_count=27276 2213 2542 14015 49516 33420 16041 2707 15554
internal_value=-0.000143411 0.000830044 0.00525086 0.00848451 -0.00367219 0.00304862 -0.0126221 0.000600143
internal_weight=1762.46 1704.42 859.986 782.955 844.433 482.275 362.158 159.667
internal_count=163284 161071 66073 63531 94998 43317 51681 18261
is_linear=0
shrinkage=0.0750466


Tree=85
num_leaves=9
num_cat=0
split_feature=99 141 120 21 153 24 24 153
split_gain=8.94829 12.5228 5.40579 9.85489 7.51807 8.47991 6.8332 6.41883
threshold=1.0000000180025095e-35 4.4850000000000012 154836.00000000003 1.0000000180025095e-35 651.0150000000001 1.0000000180025095e-35 8.5000000000000018 3853.3050000000007
decision_type=2 8 10 2 10 2 2 8
left_child=2 -2 4 -4 5 -1 -7 -5
right_child=1 -3 3 7 -6 6 -8 -9
leaf_value=-0.0042840244361740457 -0.004972115035794129 0.051643192972278207 0.062779111469476526 0.0068756884143880278 -0.015126060467893554 0.026361729396349586 -0.011520800925399949 -0.012964543997222876
leaf_weight=675.95774829137372 44.245387580391252 43.772031023341697 15.880323817895258 451.18501247823588 278.40149982925504 100.07148161996156 36.633878825494321 115.30935497385508
leaf_count=11674 3950 1524 642 46727 47176 8779 7681 35131
internal_value=-0.000139754 0.0231833 -0.00136647 0.00447174 -0.00448272 -0.000836526 0.0162101 0.00283723
internal_weight=1761.46 88.0174 1673.44 582.375 1091.06 812.663 136.705 566.494
internal_count=163284 5474 157810 82500 75310 28134 16460 81858
is_linear=0
shrinkage=0.0750466


Tree=86
num_leaves=9
num_cat=0
split_feature=133 22 8 12 71 140 31 98
split_gain=8.41831 8.80694 6.94392 14.0276 9.36246 9.78331 8.32011 8.4626
threshold=8.0000000000000018 239470.10500000001 9683.5850000000009 4.5000000000000009 1.0000000180025095e-35 953.55500000000018 3706.1800000000007 1.0000000180025095e-35
decision_type=10 2 2 2 2 10 2 2
left_child=1 2 4 -4 6 -6 7 -1
right_child=-2 -3 3 -5 5 -7 -8 -9
leaf_value=-0.0031204875487379912 0.036230261391428126 -0.027865941332702968 0.024275429727790589 -0.008042234236715259 0.004006321297404929 0.026962726570518451 -0.037551234979719135 0.043920140171088938
leaf_weight=326.81067716301186 35.136864836094901 65.501668431505095 84.30697212240193 735.97793081708369 288.9877019058913 163.82430405574269 36.762252204614924 23.058355982240755
leaf_count=35118 244 26869 957 69318 4007 11246 13438 2087
internal_value=-0.000134739 -0.000875366 0.000189825 -0.0047207 0.00498828 0.0123118 -0.00358882 -2.02431e-05
internal_weight=1760.37 1725.23 1659.73 820.285 839.443 452.812 386.631 349.869
internal_count=163284 163040 136171 70275 65896 15253 50643 37205
is_linear=0
shrinkage=0.0750466


Tree=87
num_leaves=9
num_cat=0
split_feature=50 99 96 8 10 9 149 20
split_gain=7.10463 8.34803 12.0129 15.6255 20.409 30.224 14.8666 10.1745
threshold=1.0000000180025095e-35 1.0000000180025095e-35 1.0000000180025095e-35 14788.655000000001 -627.07499999999993 1579.095 4024.5000000000005 836.7600000000001
decision_type=2 2 2 2 2 2 10 2
left_child=1 2 7 4 -4 6 -6 -1
right_child=-2 -3 3 -5 5 -7 -8 -9
leaf_value=-0.0046195150053374209 -0.032226940918782962 0.023478637957917575 -0.0059337180918049952 -0.0072647427345709729 -0.0041319466532218048 0.052053701681813329 0.049430551482047176 -0.034726068838164897
leaf_weight=722.47036244548508 38.003006639060914 85.208123064570827 188.93084898786037 325.49677901796531 156.44528612220893 136.3107228425506 35.8773912183824 69.281974115670891
leaf_count=32787 11035 4719 36488 48071 15094 3050 3563 8477
internal_value=-0.00013124 0.000577899 -0.000615711 0.00561855 0.0137209 0.0250203 0.00586002 -0.00725398
internal_weight=1758.02 1720.02 1634.81 843.061 517.564 328.633 192.323 791.752
internal_count=163284 152249 147530 106266 58195 21707 18657 41264
is_linear=0
shrinkage=0.0750466


Tree=88
num_leaves=9
num_cat=0
split_feature=33 21 108 22 111 64 134 149
split_gain=21.0701 10.4881 7.96889 6.85371 6.49305 6.3721 5.68241 4.45477
threshold=27559.105000000007 1.0000000180025095e-35 1.0000000180025095e-35 -9370.4499999999989 1.0000000180025095e-35 13076.395000000002 93605.400000000009 636.50000000000011
decision_type=2 2 2 2 10 2 10 10
left_child=1 -1 4 -2 5 7 -7 -3
right_child=3 2 -4 -5 -6 6 -8 -9
leaf_value=0.020432093559886323 0.0031887840994051552 -0.0066627322025874566 0.037616381694169088 -0.041934509078836862 0.026509978951829289 0.012929481137031584 -0.032090431437816251 0.002634738954303635
leaf_weight=157.13012185608386 24.351038740132935 429.68509509935393 31.132004410668742 85.594318190997001 47.586243064841256 20.734486104513053 66.21639866186888 894.34545266325586
leaf_count=3067 4473 17664 3917 24362 327 4014 23833 81627
internal_value=-0.000132038 0.00199155 4.64839e-05 -0.0319405 -0.000755417 -0.00167496 -0.0213549 -0.000382552
internal_weight=1756.78 1646.83 1489.7 109.945 1458.57 1410.98 86.9509 1324.03
internal_count=163284 134449 131382 28835 127465 127138 27847 99291
is_linear=0
shrinkage=0.0750466


Tree=89
num_leaves=9
num_cat=0
split_feature=86 21 113 83 83 149 113 80
split_gain=7.46295 6.00618 5.62187 5.49748 6.81359 14.591 7.31295 6.79121
threshold=1.0000000180025095e-35 1.0000000180025095e-35 -2054.4999999999995 1.0000000180025095e-35 5324.8300000000008 3571.5000000000005 -927.99999999999989 2.5000000000000004
decision_type=2 2 8 2 2 10 10 2
left_child=1 -1 -3 -4 5 6 -5 -6
right_child=-2 2 3 4 7 -7 -8 -9
leaf_value=0.013087087352946751 -0.040994635884660076 -0.019166751238960802 -0.0025092173893017738 0.073418512836656527 -0.0079511686148624455 -0.018047024988718359 0.012731936716365503 0.016231651679232541
leaf_weight=188.90975597008946 24.812117490713717 91.171418005309533 1110.2230583458877 32.040104487998178 147.48596846045984 25.128976937732659 17.179664168477757 117.51402595099353
leaf_count=5716 5605 11576 55801 4489 37235 4743 2381 35738
internal_value=-0.000128707 0.000457521 -0.00109098 4.5899e-05 0.00840529 0.0284815 0.0522365 0.00277268
internal_weight=1754.47 1729.65 1540.74 1449.57 339.349 74.3487 49.2198 265
internal_count=163284 157679 151963 140387 84586 11613 6870 72973
is_linear=0
shrinkage=0.0750466


Tree=90
num_leaves=9
num_cat=0
split_feature=22 99 32 7 107 107 151 32
split_gain=6.52567 6.15516 8.01078 6.59955 9.80735 11.0835 6.63169 9.79605
threshold=239470.10500000001 1.0000000180025095e-35 1.5000000000000002 5005.1550000000016 12.500000000000002 38.500000000000007 4.5000000000000009 1.0000000180025095e-35
decision_type=2 2 2 2 2 2 10 2
left_child=1 2 3 6 -5 -6 -1 -8
right_child=-2 -3 -4 4 5 -7 7 -9
leaf_value=-0.0024253923521109183 -0.023785949805793918 0.020361367002756339 -0.023676297628330234 0.059184718923950906 -0.037532510168191313 0.03219091939407729 0.01539293192383462 -0.052312085583586805
leaf_weight=1221.2920962172502 63.281597114953911 85.65616337096435 78.433158274550806 26.557462538592517 21.928800013731234 30.982140560023254 213.18725287739653 12.75583399782772
leaf_count=60484 26875 4383 17145 201 582 6278 40925 6411
internal_value=-0.000125346 0.000760203 -0.000285789 0.00091588 0.0219722 0.00329423 -0.000240334 0.0115706
internal_weight=1754.07 1690.79 1605.14 1526.7 79.4684 52.9109 1447.24 225.943
internal_count=163284 136409 132026 114881 7061 6860 107820 47336
is_linear=0
shrinkage=0.0750466


Tree=91
num_leaves=9
num_cat=0
split_feature=17 71 22 96 137 5 83 16
split_gain=6.79483 9.38995 7.76126 7.56047 14.2828 8.59951 7.71694 11.0721
threshold=3.5000000000000004 1.5000000000000002 6061.1650000000009 1.0000000180025095e-35 1316.4200000000003 55.500000000000007 1407.6450000000002 -3350.2649999999999
decision_type=2 2 2 2 8 2 2 2
left_child=1 2 3 5 -5 -1 -6 -8
right_child=-2 -3 -4 4 6 -7 7 -9
leaf_value=-0.009455607719373824 0.022409241591977814 0.043707106618286203 -0.010708874110073723 0.025971204027966099 -0.0057398736145749026 0.0094096018535927799 -0.027519206886358859 0.034348459469726707
leaf_weight=487.32001226779539 72.276447395357536 25.945307245390723 412.72754344785062 167.31602348329034 309.98679275240283 188.81183840069571 21.500987538369372 67.242226798611227
leaf_count=15730 7578 1119 100859 3700 15966 4115 5013 9204
internal_value=-0.000121705 -0.00109053 -0.00179286 0.00116958 0.00756845 -0.00418744 -0.000153759 0.019359
internal_weight=1753.13 1680.85 1654.91 1242.18 566.046 676.132 398.73 88.7432
internal_count=163284 155706 154587 53728 33883 19845 30183 14217
is_linear=0
shrinkage=0.0750466


Tree=92
num_leaves=9
num_cat=0
split_feature=33 33 140 96 12 20 27 113
split_gain=17.7271 11.7452 13.3799 5.80157 9.37581 8.01818 6.59985 6.42687
threshold=17595.285000000003 1.0000000180025095e-35 56366.985000000008 1.0000000180025095e-35 9.5000000000000018 836.7600000000001 32.500000000000007 -2054.4999999999995
decision_type=2 2 8 2 2 2 2 8
left_child=1 3 -3 5 6 -1 7 -5
right_child=-2 2 -4 4 -6 -7 -8 -9
leaf_value=-0.0014232534987903278 -0.027897681641986326 -3.8070890098698164e-05 0.084050315911739185 -0.01852685929144552 -0.043254187718110862 -0.02825651142639303 -0.033177959435217418 0.0094170237909095046
leaf_weight=686.50627049384639 120.48930160043528 21.949854396778392 20.714772346866084 49.454082411772106 21.895951230777428 69.02361927201855 22.929612011997961 739.46306049873237
leaf_count=24172 31239 3998 859 6115 7221 7892 7846 73942
internal_value=-0.000119321 0.00193161 0.040789 0.000888472 0.0052048 -0.00387468 0.00651176 0.00766533
internal_weight=1752.43 1631.94 42.6646 1589.27 833.743 755.53 811.847 788.917
internal_count=163284 132045 4857 127188 95124 32064 87903 80057
is_linear=0
shrinkage=0.0750466


Tree=93
num_leaves=9
num_cat=0
split_feature=4 111 8 7 141 16 111 8
split_gain=6.87617 7.05937 5.96393 21.6804 20.9443 10.3316 12.9235 7.69629
threshold=1.5000000000000002 1.0000000180025095e-35 9683.5850000000009 1261.8700000000001 1.5250000000000001 -10288.865 1.0000000180025095e-35 5445.8800000000001
decision_type=2 10 2 2 8 2 8 2
left_child=1 2 3 -1 7 6 -4 -5
right_child=-2 -3 5 4 -6 -7 -8 -9
leaf_value=-0.0047238482665777175 -0.026048415709541448 0.026717259304756196 -0.0097550186285188852 0.064296642885816699 0.0045598329604004621 -0.0089399594168227819 0.033800376036785221 0.025740277933298531
leaf_weight=538.88339474314125 55.765015469427453 56.913157107075676 74.401278868986992 59.202144606504589 181.6976312326442 648.32010483830527 79.217921552539337 57.454219937615562
leaf_count=60266 2213 415 5038 3869 3658 84072 809 2944
internal_value=-0.000118662 0.000733872 -0.000168287 0.00426199 0.0204921 -0.00479356 0.0127055 0.0453073
internal_weight=1751.85 1696.09 1639.18 837.237 298.354 801.939 153.619 116.656
internal_count=163284 161071 160656 70737 10471 89919 5847 6813
is_linear=0
shrinkage=0.0750466


Tree=94
num_leaves=9
num_cat=0
split_feature=50 39 17 18 28 22 72 18
split_gain=6.21709 6.662 6.05333 10.0236 7.89567 5.11597 8.91779 6.00649
threshold=1.0000000180025095e-35 313319.83000000002 3.5000000000000004 1949.6600000000001 2982.1750000000006 6061.1650000000009 3398.6200000000003 7623.4400000000005
decision_type=2 2 2 2 2 2 2 2
left_child=1 2 5 -4 -5 7 -7 -1
right_child=-2 -3 3 4 -6 6 -8 -9
leaf_value=0.0012144062881863252 -0.030691103855260349 -0.031812016839471498 -0.011075926696227976 0.084466032144255979 0.017108933735340063 -0.0097301610856912347 0.048473678498114979 0.021984349650509542
leaf_weight=1147.444236094394 36.673243712109979 35.118184941500658 28.095807486446574 17.878705159528181 21.694440404738998 362.37048608191253 15.458154810767153 84.16942988691153
leaf_count=35306 11035 9697 704 930 4235 82797 2239 16341
internal_value=-0.000117407 0.000537433 0.00121482 0.023203 0.0475401 0.000290327 -0.00734886 0.00263384
internal_weight=1748.9 1712.23 1677.11 67.669 39.5731 1609.44 377.829 1231.61
internal_count=163284 152249 142552 5869 5165 136683 85036 51647
is_linear=0
shrinkage=0.0750466


Tree=95
num_leaves=9
num_cat=0
split_feature=133 21 13 137 150 112 11 18
split_gain=5.45013 6.98975 5.14013 5.1103 10.2824 8.91785 8.61117 9.58632
threshold=8.0000000000000018 1.0000000180025095e-35 1.5000000000000002 4483.3200000000006 3519.0050000000006 164689.20000000004 18.395000000000003 1.0000000180025095e-35
decision_type=10 2 2 8 8 10 2 2
left_child=1 -1 3 -3 5 -5 -6 -8
right_child=-2 2 -4 4 6 -7 7 -9
leaf_value=0.013183764196048393 0.029227643881789674 0.002913702959570641 -0.032032632679948117 -0.033541770838869604 -0.017239970449743 0.00032966842638724238 0.022946628707951791 -0.0022476972779056671
leaf_weight=182.16817330164486 34.938927718438208 706.20455990711343 32.201701493468136 119.71065773445298 142.15211209242989 69.017280370288063 112.40517084283056 349.59080818900838
leaf_count=5731 244 30093 755 15094 5104 11861 4724 89678
internal_value=-0.00011479 -0.000713111 -0.00236635 -0.00172908 -0.00586436 -0.0211551 -0.00108773 0.00388217
internal_weight=1748.39 1713.45 1531.28 1499.08 792.876 188.728 604.148 461.996
internal_count=163284 163040 157309 156554 126461 26955 99506 94402
is_linear=0
shrinkage=0.0750466


Tree=96
num_leaves=9
num_cat=0
split_feature=133 127 135 142 112 146 7 83
split_gain=4.65175 4.76526 4.12249 5.13318 6.86666 9.14698 10.3243 8.78761
threshold=8.0000000000000018 145.50000000000003 -532.49999999999989 154836.00000000003 228031.20000000004 1.0000000180025095e-35 1842.0450000000003 1.0000000180025095e-35
decision_type=10 8 10 10 8 10 2 2
left_child=1 -1 3 -3 -5 7 -7 -6
right_child=-2 2 -4 4 5 6 -8 -9
leaf_value=-0.025147286484608032 0.026960310558399588 -0.0024365646941662913 -0.01221309804713055 0.016047676328353327 -0.011312995987159844 -0.0032892561537895574 0.088542913451657587 0.015624377785025716
leaf_weight=43.63560638128547 35.030922869918868 915.38032479511457 142.90493691789743 248.6829232082091 237.96627792179061 14.180626619039687 13.420313336289835 95.609464659588411
leaf_count=5073 244 57341 18388 31303 14744 2591 2319 31281
internal_value=-0.000111305 -0.000665315 -2.49112e-05 0.00111704 0.00645089 -0.00015683 0.041362 -0.00359221
internal_weight=1746.81 1711.78 1668.14 1525.24 609.86 361.177 27.6009 333.576
internal_count=163284 163040 157967 139579 82238 50935 4910 46025
is_linear=0
shrinkage=0.0750466


Tree=97
num_leaves=9
num_cat=0
split_feature=33 56 82 94 112 125 5 82
split_gain=15.9035 10.0932 7.18643 10.9822 12.9335 11.0668 20.6994 8.70916
threshold=27559.105000000007 8668.8100000000031 1.0000000180025095e-35 1.0000000180025095e-35 139352.40000000002 -3860.5749999999994 44.500000000000007 6.5000000000000009
decision_type=2 2 2 2 8 10 2 2
left_child=1 2 -1 4 -4 7 -7 -6
right_child=-2 -3 3 -5 5 6 -8 -9
leaf_value=1.735920145808006e-05 -0.028774127658601444 -0.032923371744602185 -0.012882197425762762 0.043684485075296667 0.019678413412389201 0.15161527763429428 -0.0055784694885942015 -0.03164956640809815
leaf_weight=1248.4979076878517 102.5967133789818 46.139777464675717 116.70396162476391 52.922984741861001 139.41867413344153 9.5023568946780888 9.3701287832518556 21.487241242808523
leaf_count=49174 28835 16981 22226 6807 26226 3001 2795 7239
internal_value=-0.000108275 0.00168062 0.00267982 0.0121933 0.00657208 0.0192009 0.0735691 0.0128241
internal_weight=1746.64 1644.04 1597.9 349.405 296.482 179.778 18.8725 160.906
internal_count=163284 134449 117468 68294 61487 39261 5796 33465
is_linear=0
shrinkage=0.0750466


Tree=98
num_leaves=9
num_cat=0
split_feature=73 73 123 113 95 20 20 109
split_gain=5.21153 8.38548 8.06318 7.2422 6.94277 7.60179 9.07315 6.82044
threshold=9.5000000000000018 6.5000000000000009 19.500000000000004 -409.99999999999994 1.5000000000000002 3581.3600000000001 198651.37500000003 1.0000000180025095e-35
decision_type=2 2 8 8 2 2 2 2
left_child=1 -1 4 -3 5 -2 -7 -5
right_child=2 3 -4 7 -6 6 -8 -9
leaf_value=-0.00072376794122979793 -0.019538202214723129 0.0060764736307038821 -0.043044456570216057 0.0079591385225773661 0.034609446743475263 0.03672177450240921 -0.055453743277531151 0.058002685836589761
leaf_weight=1331.376562373538 117.5887492660695 136.64454424075666 36.771599662577501 26.563190005457727 22.409578858758323 31.062058684401563 7.4584873673156826 36.297551002848195
leaf_count=71929 29928 24577 6224 2284 4299 13688 4877 5478
internal_value=-0.000111195 0.00142629 -0.0110439 0.0157745 -0.0044524 -0.0100597 0.0188744 0.0368557
internal_weight=1746.17 1530.88 215.29 199.505 178.519 156.109 38.5205 62.8607
internal_count=163284 104268 59016 32339 52792 48493 18565 7762
is_linear=0
shrinkage=0.0750466


Tree=99
num_leaves=9
num_cat=0
split_feature=10 8 135 125 80 38 73 11
split_gain=6.34927 12.4009 8.48722 5.9387 5.34446 6.86195 7.09915 12.7919
threshold=-3005.3049999999998 -8804.7999999999975 -989.49999999999989 -714.92999999999995 4.5000000000000009 1.0000000180025095e-35 9.5000000000000018 93.555000000000021
decision_type=2 2 8 10 2 2 2 2
left_child=3 2 -2 -1 5 6 7 -3
right_child=1 4 -4 -5 -6 -7 -8 -9
leaf_value=-0.024654910635022158 0.010070556218981916 -0.003562065038803765 0.070687271812957239 0.039701966480562768 0.018072578143578651 -0.026380623332506622 -0.016578181123120889 0.012339536590217814
leaf_weight=88.182594409576268 29.525662052226835 900.0054158543644 23.255079244088847 8.8894452480162709 85.376980888060643 58.708049499269691 135.32961207428889 416.88779212968075
leaf_count=24357 4599 16121 2061 2235 19391 13648 29544 51328
internal_value=-0.00010938 0.000988553 0.0367781 -0.0187614 -0.000194804 -0.00122702 -0.000210157 0.00147189
internal_weight=1746.16 1649.09 52.7807 97.072 1596.31 1510.93 1452.22 1316.89
internal_count=163284 136692 6660 26592 130032 110641 96993 67449
is_linear=0
shrinkage=0.0750466


Tree=100
num_leaves=9
num_cat=0
split_feature=22 29 95 134 103 116 11 150
split_gain=5.15585 13.0575 5.32663 5.35327 9.28814 5.40179 7.28946 5.7096
threshold=-22789.309999999994 1.0000000180025095e-35 5.5000000000000009 139352.40000000002 4.5000000000000009 6619.4550000000008 93.555000000000021 1.0000000180025095e-35
decision_type=2 2 2 10 2 10 2 10
left_child=1 -1 3 -2 5 7 -7 -5
right_child=2 -3 -4 4 -6 6 -8 -9
leaf_value=0.034073993662135635 -0.0057672148591535076 -0.014494220569547966 0.024878918662465901 -0.00098406884438280158 -0.043567150598802708 -0.071762213451389209 -0.0045142431669648094 0.013846584040333435
leaf_weight=76.645699316897662 898.20617784975911 52.550668857584242 42.746292757015908 271.60710619516612 23.222884588947636 10.908171032016979 54.112928901027772 316.6392204927397
leaf_count=836 61167 4707 3223 11364 12899 1619 18396 49073
internal_value=-0.000107898 0.0143189 -0.00126026 -0.00196983 0.00307213 0.0047301 -0.015796 0.00699892
internal_weight=1746.64 129.196 1617.44 1574.7 676.49 653.267 65.0211 588.246
internal_count=163284 5543 157741 154518 93351 80452 20015 60437
is_linear=0
shrinkage=0.0750466


Tree=101
num_leaves=9
num_cat=0
split_feature=56 113 137 5 125 58 148 5
split_gain=8.18752 5.26541 4.9683 4.42775 4.31037 4.04956 6.3936 6.37474
threshold=11582.655000000002 -2054.4999999999995 2950.8750000000005 43.500000000000007 -28173.074999999993 232.54500000000004 9.490000000000002 67.500000000000014
decision_type=2 8 10 2 8 2 8 2
left_child=1 2 -1 -4 -3 -6 7 -7
right_child=-2 4 3 -5 5 6 -8 -9
leaf_value=-0.0029273608363211468 -0.036053009424321505 -0.025326569165942083 -0.065312403417322432 -0.012109740529683695 -0.00035249436804297675 0.0099131077707681932 0.056805949291683401 -0.015000361437489463
leaf_weight=55.104540255037136 34.967437363113277 32.771670728106983 17.818002127925865 17.426477590081049 1100.1826519938477 405.10835830388532 14.584193298433091 67.478650479039061
leaf_count=3425 15033 8728 4654 3162 51221 66649 3513 6899
internal_value=-0.000104508 0.000630391 -0.0170016 -0.0390066 0.00161367 0.00216986 0.00786612 0.00635582
internal_weight=1745.44 1710.47 90.349 35.2445 1620.13 1587.35 487.171 472.587
internal_count=163284 148251 11241 7816 137010 128282 77061 73548
is_linear=0
shrinkage=0.0750466


Tree=102
num_leaves=9
num_cat=0
split_feature=39 120 55 125 107 120 107 28
split_gain=4.97776 6.09477 5.33685 6.33643 7.18965 6.00575 4.75639 12.0175
threshold=25863.355000000003 182988.00000000003 1.5000000000000002 -3860.5749999999994 91.500000000000014 211140.00000000003 85.500000000000014 11777.855000000001
decision_type=2 8 2 10 2 10 2 2
left_child=2 -2 -1 4 -4 -5 -3 -8
right_child=1 6 3 5 -6 -7 7 -9
leaf_value=0.0018560520822545423 -0.049680205302207729 -0.02206973106192419 -0.0037654368894341653 -0.0093662959394284866 -0.043519868589520498 0.085692431836113803 0.12996540008057361 -0.015160258124695482
leaf_weight=1561.0128139026201 24.860031447838992 25.385634676233167 58.221878518146696 8.9626716955099237 45.75690245955775 6.4277286666037972 4.7385918297222807 9.9853367770556343
leaf_count=109182 5785 3267 6907 2939 22702 2680 1869 7953
internal_value=-0.000101536 -0.0204839 0.00068652 -0.0146077 -0.0212598 0.0303345 -0.00238799 0.0315454
internal_weight=1745.35 64.9696 1680.38 119.369 103.979 15.3904 40.1096 14.7239
internal_count=163284 18874 144410 35228 29609 5619 13089 9822
is_linear=0
shrinkage=0.0750466


Tree=103
num_leaves=9
num_cat=0
split_feature=33 32 11 39 24 108 51 98
split_gain=14.0198 10.0167 6.99669 5.51382 7.04364 11.108 6.31395 9.01787
threshold=27559.105000000007 10.500000000000002 1.0000000180025095e-35 25863.355000000003 1.0000000180025095e-35 1.0000000180025095e-35 1.0000000180025095e-35 1.0000000180025095e-35
decision_type=2 2 2 2 2 2 2 2
left_child=2 -2 -1 4 -4 6 -6 -8
right_child=1 -3 3 -5 5 -7 7 -9
leaf_value=-0.0094003602386623104 -0.038546047906466777 0.023336286386190702 0.0015356039774502529 -0.018454326122334747 0.017407530228566351 0.088178658112263122 -0.014609920054118465 0.084067714031732604
leaf_weight=273.60344634800276 81.854411743042874 17.964959204473416 975.1718398485973 60.253188339833287 248.72898535101558 11.036675765644757 70.421999132508063 5.6331107700098064
leaf_count=6224 26448 2387 34195 17090 26127 2345 45082 3386
internal_value=-0.00010013 -0.0274088 0.00155712 0.00374346 0.00476367 0.0141375 0.0116214 -0.00730125
internal_weight=1744.67 99.8194 1644.85 1371.25 1310.99 335.821 324.784 76.0551
internal_count=163284 28835 134449 128225 111135 76940 74595 48468
is_linear=0
shrinkage=0.0750466


Tree=104
num_leaves=9
num_cat=0
split_feature=17 18 55 146 112 112 120 12
split_gain=4.80649 6.60241 5.93373 6.06966 6.74736 6.5595 8.74811 5.8497
threshold=3.5000000000000004 1949.6600000000001 1.5000000000000002 1.0000000180025095e-35 720815.33500000008 228031.20000000004 182988.00000000003 6.5000000000000009
decision_type=2 2 2 10 10 10 10 2
left_child=2 -2 3 4 5 6 7 -1
right_child=1 -3 -4 -5 -6 -7 -8 -9
leaf_value=0.0010722063399197612 -0.0098275059521853777 0.036121355536890686 -0.016976987168424405 0.019858150089254283 0.022097245241723362 -0.013422138676743852 0.016436141813310719 -0.012124717481355124
leaf_weight=745.57640097531839 28.525585288414732 46.035370912606595 120.457764404724 84.611603632598417 68.984785585649661 233.58151983290736 163.77560214829282 253.48292590936762
leaf_count=26417 744 6834 38918 9421 10965 24183 16440 29362
internal_value=-0.000100401 0.0185422 -0.000932508 0.000314373 -0.000814076 -0.00194592 0.00035933 -0.00227614
internal_weight=1745.03 74.561 1670.47 1550.01 1465.4 1396.42 1162.83 999.059
internal_count=163284 7578 155706 116788 107367 96402 72219 55779
is_linear=0
shrinkage=0.0750466


Tree=105
num_leaves=9
num_cat=0
split_feature=22 140 99 16 22 107 52 134
split_gain=4.8662 5.86353 4.55537 4.45038 12.7533 9.14793 12.71 9.24321
threshold=239470.10500000001 12306.960000000001 2.5000000000000004 -985.6149999999999 -1525.53 38.500000000000007 73897.235000000015 160466.40000000002
decision_type=2 10 2 2 2 2 2 8
left_child=2 -2 3 -1 -5 -6 7 -7
right_child=1 -3 -4 4 5 6 -8 -9
leaf_value=-0.004037214530658099 -0.0061942113995069733 -0.05794238003006083 0.029386882303333296 0.025758845533510728 -0.0071493023565234754 -0.00015313602581308581 -0.034494150532747972 0.026633199331280128
leaf_weight=772.4886340383382 42.936964772641659 17.30093466778635 30.507423136325087 127.08246897725621 428.36347890668549 132.45676791609731 33.172507805735222 160.42840208482812
leaf_count=42279 13113 13762 820 4350 13987 19291 29795 25887
internal_value=-9.82522e-05 -0.0210568 0.000651228 0.000121207 0.00376536 6.055e-05 0.00953261 0.0145191
internal_weight=1744.74 60.2379 1684.5 1653.99 881.504 754.421 326.058 292.885
internal_count=163284 26875 136409 135589 93310 88960 74973 45178
is_linear=0
shrinkage=0.0750466


Tree=106
num_leaves=9
num_cat=0
split_feature=33 33 107 64 134 33 73 27
split_gain=12.1784 9.93828 27.9268 7.54381 4.42638 5.46311 4.26534 6.43754
threshold=17595.285000000003 1.0000000180025095e-35 30.500000000000004 1.0000000180025095e-35 160466.40000000002 105304.73500000002 2.5000000000000004 2.5000000000000004
decision_type=2 2 2 2 8 2 2 2
left_child=1 6 -3 4 -2 -6 -1 -8
right_child=3 2 -4 -5 5 -7 7 -9
leaf_value=-0.0044001922903508239 -0.038674009469604684 0.094921692122859017 -0.024783387663794277 -0.067551132560101881 0.021983672224208436 -0.022937817275732367 0.0098097391157544265 -0.0023228134155792363
leaf_weight=603.38862342093489 30.655257415171945 22.587070557754487 21.353029418300139 18.706174244478461 26.51371862636006 35.882191669035819 482.10737243050244 503.58957293441927
leaf_count=13242 7453 363 4494 13573 4314 5899 19730 94216
internal_value=-9.74309e-05 0.00154277 0.0367501 -0.0240644 -0.0153222 -0.00384946 0.000569244 0.00361125
internal_weight=1744.78 1633.03 43.9401 111.757 93.0512 62.3959 1589.09 985.697
internal_count=163284 132045 4857 31239 17666 10213 127188 113946
is_linear=0
shrinkage=0.0750466


Tree=107
num_leaves=9
num_cat=0
split_feature=50 5 8 137 20 140 131 127
split_gain=5.5551 5.03484 4.60313 6.43045 7.79962 7.19681 5.1597 6.73672
threshold=1.0000000180025095e-35 63.500000000000007 -8804.7999999999975 31032.320000000003 55.415000000000006 4363.6450000000013 392.95500000000004 510.50000000000006
decision_type=2 2 2 10 2 8 10 8
left_child=2 -2 3 5 -5 -1 7 -4
right_child=1 -3 6 4 -6 -7 -8 -9
leaf_value=0.003216083827934044 -0.051896938676144179 0.0059408480524533493 -0.010163281889852072 -0.033428294604355209 0.04185017624615478 0.054118375680163359 -0.014213961798897189 0.0032028286044228425
leaf_weight=29.005115206527989 21.801813807571307 13.868942506436722 257.47353404325258 24.13743871585757 11.41870818211464 33.95740795659367 140.04408121567394 1212.4204672991182
leaf_count=3418 7316 3719 18352 4770 4270 3424 31991 86024
internal_value=-9.81765e-05 -0.0294094 0.00051381 0.0162609 -0.00925293 0.0306691 -0.00044982 0.000861558
internal_weight=1744.13 35.6708 1708.46 98.5187 35.5561 62.9625 1609.94 1469.89
internal_count=163284 11035 152249 15882 9040 6842 136367 104376
is_linear=0
shrinkage=0.0750466


Tree=108
num_leaves=9
num_cat=0
split_feature=50 127 99 18 32 32 95 112
split_gain=4.89629 5.0629 4.55211 8.72534 5.93169 5.49803 5.26027 4.80156
threshold=1.0000000180025095e-35 991.50000000000011 1.0000000180025095e-35 252.93500000000003 2.5000000000000004 10.500000000000002 5.5000000000000009 720815.33500000008
decision_type=2 10 2 2 2 2 2 10
left_child=2 -2 4 -4 6 -6 7 -1
right_child=1 -3 3 -5 5 -7 -8 -9
leaf_value=-0.0012561001681033938 0.008956488363224345 -0.050203619340484083 0.039837734107447891 -0.0078114017841843537 -0.041909946330193966 0.0087525331324132503 0.02791552567936912 0.017648170791995321
leaf_weight=1449.6738018681936 13.04645376067492 21.69488174385333 45.588455855904613 41.207888882665429 35.866963470834889 18.178649085966754 38.225989231432322 79.837458584253909
leaf_count=119858 1577 9458 631 4088 9036 2318 2584 13734
internal_value=-9.57867e-05 -0.0279872 0.000471342 0.0172156 -0.000424795 -0.0248692 0.000417894 -0.000269335
internal_weight=1743.32 34.7413 1708.58 86.7963 1621.78 54.0456 1567.74 1529.51
internal_count=163284 11035 152249 4719 147530 11354 136176 133592
is_linear=0
shrinkage=0.0750466


Tree=109
num_leaves=9
num_cat=0
split_feature=10 85 11 11 11 134 85 85
split_gain=5.77662 5.80128 5.11775 6.22042 4.88181 12.3856 13.0833 9.89244
threshold=-3005.3049999999998 39354.150000000009 136.92000000000004 271.98500000000007 52.845000000000006 529449.63500000013 8269.6500000000015 46952.55000000001
decision_type=2 2 2 2 2 8 2 2
left_child=1 2 -1 -4 -2 -6 -7 -8
right_child=4 -3 3 -5 5 6 7 -9
leaf_value=-0.046101858335658372 -0.0030364942096782312 -0.076154330827672895 0.05929202780015648 -0.010798191126857239 0.00060159510890157419 0.014735580075350346 0.11451617997171365 0.0179352210042702
leaf_weight=19.410520538585843 843.79072725634614 8.7815901606954849 8.1060551870614272 59.301535067192162 648.84279126991169 129.1039972541621 14.396868084440941 10.207769822183762
leaf_count=1699 16936 5954 878 18061 101493 10496 4227 3540
internal_value=-9.24209e-05 -0.0180266 -0.0121471 -0.00236954 0.000948983 0.00513925 0.0242939 0.0744475
internal_weight=1741.94 95.5997 86.8181 67.4076 1646.34 802.551 153.709 24.6046
internal_count=163284 26592 20638 18939 136692 119756 18263 7767
is_linear=0
shrinkage=0.0750466


Tree=110
num_leaves=9
num_cat=0
split_feature=27 116 133 73 123 73 63 150
split_gain=4.13043 6.3631 3.50463 3.69474 8.73651 7.71949 7.85226 6.58096
threshold=35.500000000000007 11379.470000000003 8.0000000000000018 9.5000000000000018 19.500000000000004 6.5000000000000009 1.5000000000000002 2710.7250000000008
decision_type=2 8 10 2 8 2 2 8
left_child=2 -2 3 5 -5 -1 -7 -8
right_child=1 -3 -4 4 -6 6 7 -9
leaf_value=-0.00094720609281785174 -0.057741333190051057 0.019275810483833214 0.023967222751757597 -0.002664802367536967 -0.045095247058307912 0.023603499072384456 -0.053119296272117082 0.0076312956207990282
leaf_weight=1294.9357473652053 16.606042995117605 9.4967871793633112 34.695686547085643 160.72673942106485 32.929748240712797 147.07012419641251 14.807559166729332 31.209119875376928
leaf_count=69293 6563 4497 244 47084 5652 16278 3294 10379
internal_value=-9.24662e-05 -0.0297208 0.000358125 -0.000128968 -0.00987976 0.00114003 0.0151381 -0.0119174
internal_weight=1742.48 26.1028 1716.37 1681.68 193.656 1488.02 193.087 46.0167
internal_count=163284 11060 152224 151980 52736 99244 29951 13673
is_linear=0
shrinkage=0.0750466


Tree=111
num_leaves=9
num_cat=0
split_feature=33 17 21 107 8 113 8 135
split_gain=10.5922 9.63966 5.57406 4.69578 5.07689 4.49684 6.77157 9.83521
threshold=27559.105000000007 2.5000000000000004 1.0000000180025095e-35 103.50000000000001 25989.965000000004 -2054.4999999999995 14788.655000000001 -1628.4999999999998
decision_type=2 2 2 2 2 8 2 10
left_child=2 3 -1 4 -2 -4 7 -7
right_child=1 -3 5 -5 -6 6 -8 -9
leaf_value=0.014527905258809265 -0.041528403802351878 0.049958221364324741 -0.017099281904199907 -0.070402503705792166 -0.00081479201874201808 -0.0040453134414178849 -0.0057866112536836874 0.01203506468057837
leaf_weight=162.0161296503793 40.422769543074537 8.8628097230393887 83.049034153940738 14.994072341985882 30.089928202854935 382.65156684098474 533.01296504595666 486.65795580628037
leaf_count=3067 6961 2035 9913 15865 3974 22531 55046 43892
internal_value=-9.05456e-05 -0.0245424 0.00131017 -0.0322645 -0.0241547 -0.000131552 0.00087332 0.00495682
internal_weight=1741.76 94.3696 1647.39 85.5068 70.5127 1485.37 1402.32 869.31
internal_count=163284 28835 134449 26800 10935 131382 121469 66423
is_linear=0
shrinkage=0.0750466


Tree=112
num_leaves=9
num_cat=0
split_feature=7 6 127 127 51 146 104 138
split_gain=4.32848 12.9406 11.4172 9.93174 9.28672 43.45 11.2873 7.43399
threshold=1655.0800000000002 20.500000000000004 1221.5000000000002 753.50000000000011 1.0000000180025095e-35 52608.480000000003 1.0000000180025095e-35 29617.135000000006
decision_type=2 2 8 10 2 8 2 10
left_child=-1 -2 3 -3 -4 6 7 -6
right_child=1 2 4 -5 5 -7 -8 -9
leaf_value=-0.0039305775425510425 -0.025853532682698296 0.011081345849192313 -3.1872758691798042e-05 0.050904191829230935 0.076331322561870474 0.23956238264319329 -0.05506523294569253 -0.040128790933552587
leaf_weight=847.76174139808427 76.998656001029303 105.26957661773486 626.07702245925611 53.044251469269511 11.171953106517327 5.2168355817411785 11.101691795774967 4.2655785688839378
leaf_count=95686 2618 7694 31477 3666 4823 1410 11813 4097
internal_value=-8.96626e-05 0.00355608 0.00633071 0.0244243 0.00197631 0.0415681 0.00264816 0.044152
internal_weight=1740.91 893.146 816.147 158.314 657.833 31.7561 26.5392 15.4375
internal_count=163284 67598 64980 11360 53620 22143 20733 8920
is_linear=0
shrinkage=0.0750466


Tree=113
num_leaves=9
num_cat=0
split_feature=33 97 12 146 50 127 39 24
split_gain=9.53582 6.71632 6.40766 10.1294 5.21129 5.23273 4.9262 5.78646
threshold=27559.105000000007 9.5000000000000018 5.5000000000000009 42945.06500000001 1.0000000180025095e-35 991.50000000000011 313319.83000000002 1.0000000180025095e-35
decision_type=2 2 2 8 2 10 2 2
left_child=4 2 -2 -4 6 -6 7 -1
right_child=1 -3 3 -5 5 -7 -8 -9
leaf_value=-6.9878333723494908e-05 -0.039985291217135864 -0.049277016721632233 -0.016413396618172586 0.068369075687994621 0.0090132324767097424 -0.051967322899684927 -0.027333812540645569 0.010696284635481765
leaf_weight=1217.5581785854301 21.544085113797337 35.304935432046477 23.820467731711688 11.902093413067631 12.999259464966597 20.303231165773468 31.980350357698626 365.5795969391329
leaf_count=34939 1489 17194 8851 1301 1485 8900 9154 79971
internal_value=-9.49055e-05 -0.0235321 -0.00766041 0.0118345 0.00122128 -0.0281642 0.00182718 0.00241625
internal_weight=1740.99 92.5716 57.2666 35.7226 1648.42 33.3025 1615.12 1583.14
internal_count=163284 28835 11641 10152 134449 10385 124064 114910
is_linear=0
shrinkage=0.0750466


Tree=114
num_leaves=9
num_cat=0
split_feature=64 97 6 52 116 6 96 115
split_gain=4.33122 5.29443 16.6793 4.10216 5.17923 8.64223 4.03195 5.02158
threshold=25194.515000000003 147.50000000000003 171.50000000000003 73897.235000000015 19720.290000000005 68.500000000000014 1.0000000180025095e-35 1.0000000180025095e-35
decision_type=2 2 2 2 8 2 2 10
left_child=1 3 -3 6 -5 -6 7 -1
right_child=-2 2 -4 4 5 -7 -8 -9
leaf_value=-0.0011669703271924312 -0.019808953518762291 -0.0066298945928705277 0.10843024133584131 -0.033358995898823705 0.11322464444635336 -0.019104604826702527 0.0044784374568401144 -0.021781517747275197
leaf_weight=720.33352554717567 60.575691775426094 21.891425170164439 10.498467145640459 41.185085206707299 3.9714137497358015 9.2618335716106213 799.84568548382958 73.325397567648906
leaf_count=20413 21288 6134 4015 39292 2114 6587 56537 6904
internal_value=-9.39692e-05 0.000616761 0.0306643 2.6177e-05 -0.0202354 0.0206086 0.000718111 -0.00307153
internal_weight=1740.89 1680.31 32.3899 1647.92 54.4183 13.2332 1593.5 793.659
internal_count=163284 141996 10149 131847 47993 8701 83854 27317
is_linear=0
shrinkage=0.0750466


Tree=115
num_leaves=9
num_cat=0
split_feature=33 33 32 8 2 60 111 153
split_gain=8.47654 8.17469 7.66042 5.99527 7.2031 7.60714 6.91675 6.87957
threshold=17595.285000000003 4895.2500000000009 10.500000000000002 9683.5850000000009 1.0000000180025095e-35 1079.3350000000003 6.5000000000000009 3853.3050000000007
decision_type=2 2 2 2 2 2 10 10
left_child=1 3 -2 4 -1 7 -5 -6
right_child=2 -3 -4 6 5 -7 -8 -9
leaf_value=-0.010010440487518868 -0.030205539794875828 0.037651840856342184 0.022634630809300102 -0.0058801396719518634 0.013144156883237052 -0.028980765139930264 0.027382582317925896 -0.0084195384024355006
leaf_weight=149.55443541053683 86.326898640545551 33.993749372093589 18.820879519320442 736.41189533265424 550.85962272480538 29.663095024036011 36.97644040058367 98.175744447522447
leaf_count=1421 28824 3653 2415 69002 35721 5109 230 16909
internal_value=-9.31122e-05 0.00123466 -0.0207474 0.000461734 0.00489854 0.0081838 -0.00428982 0.00988234
internal_weight=1740.78 1635.63 105.148 1601.64 828.253 678.698 773.388 649.035
internal_count=163284 132045 31239 128392 59160 57739 69232 52630
is_linear=0
shrinkage=0.0750466


Tree=116
num_leaves=9
num_cat=0
split_feature=56 4 8 27 135 0 109 127
split_gain=6.49692 6.0171 4.3297 6.65861 4.47872 5.74914 3.85583 7.91758
threshold=11582.655000000002 1.5000000000000002 -8804.7999999999975 1.5000000000000002 -348.99999999999994 49848695.500000007 1.0000000180025095e-35 263.50000000000006
decision_type=2 2 2 2 10 2 2 8
left_child=1 2 3 -1 6 -6 -4 -8
right_child=-2 -3 4 -5 5 -7 7 -9
leaf_value=0.048899512580816984 -0.033240228274212046 -0.02409245374920934 -0.0020070170592445388 0.0044724930330363975 -0.027510406939489744 0.015754511976343945 -0.023330013521622037 0.0081111063767379879
leaf_weight=26.467360064212698 32.674262711901974 54.070014519937104 824.82035705484304 67.342140843822563 64.947427351078659 23.577364339580527 48.794862982918858 597.07841383663617
leaf_count=976 15033 2183 35820 13927 7275 1505 6936 79629
internal_value=-9.16661e-05 0.000542805 0.00134862 0.0170071 0.000406532 -0.0159874 0.00139332 0.00573577
internal_weight=1739.77 1707.1 1653.03 93.8095 1559.22 88.5248 1470.69 645.873
internal_count=163284 148251 146068 14903 131165 8780 122385 86565
is_linear=0
shrinkage=0.0750466


Tree=117
num_leaves=9
num_cat=0
split_feature=10 142 95 97 97 4 147 120
split_gain=5.30949 8.51433 6.4918 11.4035 6.0302 6.63182 5.49622 5.36189
threshold=-386.05499999999995 52785.000000000007 1.5000000000000002 17.500000000000004 94.500000000000014 1.5000000000000002 -17521.144999999993 126684.00000000001
decision_type=2 10 2 2 2 2 10 8
left_child=1 -1 7 -4 5 -2 -6 -3
right_child=4 2 3 -5 6 -7 -8 -9
leaf_value=0.028174067821518271 0.0023940362768722543 -0.027664738941544205 -0.032346348806265871 0.042350624437108908 0.056001541230576081 -0.026551308435321344 0.0034600277703898991 -0.0076691655783527437
leaf_weight=35.013821503220242 1216.5611326640865 110.96979577618185 18.169575901847566 31.406465055297303 22.090605975696235 46.275423378043342 22.771638706661179 236.48730375470768
leaf_count=2311 62012 22092 1991 4457 5487 1674 3702 59558
internal_value=-8.91211e-05 -0.0073019 -0.0104305 0.0149742 0.00229389 0.00133336 0.029332 -0.0140553
internal_weight=1739.75 432.047 397.033 49.576 1307.7 1262.84 44.8622 347.457
internal_count=163284 90409 88098 6448 72875 63686 9189 81650
is_linear=0
shrinkage=0.0750466


Tree=118
num_leaves=9
num_cat=0
split_feature=56 10 18 109 120 137 74 10
split_gain=5.7586 3.8915 11.4367 6.58639 6.74027 6.39278 10.1601 10.5622
threshold=11582.655000000002 -386.05499999999995 1.0000000180025095e-35 1.0000000180025095e-35 154836.00000000003 25456.255000000001 659.20500000000015 -1667.6399999999996
decision_type=2 2 2 2 8 8 2 2
left_child=1 2 -1 -4 -5 -6 -7 -8
right_child=-2 -3 3 4 5 6 7 -9
leaf_value=0.020700620624425271 -0.031804343387467508 0.0025244963422456366 -0.02681744527489921 -0.020438985484312056 -0.0099155866260740196 0.075250579831384293 -0.016181948394901731 0.0566519714264637
leaf_weight=74.870527686915011 31.65477544102032 1294.0710685542144 109.82410198132129 90.043422466274933 70.421878147921234 15.717880160562343 36.087203618350031 16.269126219369355
leaf_count=3323 15033 67966 17800 20668 13895 4574 14882 5143
internal_value=-8.82086e-05 0.000499833 -0.00584054 -0.0117134 -0.00445513 0.00593679 0.0223359 0.00645035
internal_weight=1738.96 1707.31 413.234 338.364 228.54 138.496 68.0742 52.3563
internal_count=163284 148251 80285 76962 59162 38494 24599 20025
is_linear=0
shrinkage=0.0750466


Tree=119
num_leaves=9
num_cat=0
split_feature=33 5 22 74 22 25 22 25
split_gain=7.7486 6.50574 8.38692 5.83971 5.66877 7.284 7.34107 7.98259
threshold=32887.870000000003 42.500000000000007 -9370.4499999999989 2126.0350000000003 319.2050000000001 1.0000000180025095e-35 111795.30500000001 5340.5650000000014
decision_type=2 2 2 2 2 2 2 2
left_child=4 -2 -3 -4 -1 -6 7 -7
right_child=1 2 3 -5 5 6 -8 -9
leaf_value=0.0046009812229125778 -0.047011242163342695 0.050734753963704096 -0.037461962750032912 0.031045888930744461 -0.011239851866447811 0.029634431056886745 -0.017380243342010979 -0.00012030079764404792
leaf_weight=1000.7486518555961 34.925959777996468 11.723280264428466 30.228968803749012 9.1223927703176724 373.45168011523492 83.407141269315616 64.473758435175114 129.81329727180128
leaf_count=28124 12800 2038 9182 3613 25305 9774 36735 35713
internal_value=-8.8577e-05 -0.0220505 -0.00498185 -0.0215805 0.0010548 -0.00439534 0.00480938 0.0115191
internal_weight=1737.9 86.0006 51.0746 39.3514 1651.89 651.146 277.694 213.22
internal_count=163284 27633 14833 12795 135651 107527 82222 45487
is_linear=0
shrinkage=0.0750466


Tree=120
num_leaves=9
num_cat=0
split_feature=33 32 11 26 21 50 84 83
split_gain=6.79983 6.19263 5.74397 12.9421 6.60173 5.39563 5.00835 5.8182
threshold=32887.870000000003 10.500000000000002 93.555000000000021 1.0000000180025095e-35 1.0000000180025095e-35 1.0000000180025095e-35 2.5000000000000004 134898.68000000002
decision_type=2 2 2 2 2 2 2 2
left_child=2 -2 -1 -4 -5 6 -6 -8
right_child=1 -3 3 4 5 -7 7 -9
leaf_value=-0.0027888741251452334 -0.031556008266556718 0.01789980502083335 0.036736474632408873 0.048907267908068375 0.0053389165542234466 -0.044031988602211559 -0.019829939252721158 0.059736466982621909
leaf_weight=959.29664808757661 66.078048735595075 18.183340060713817 70.153019584249705 16.966316845762776 508.46919655737292 14.346425114606971 77.634369476960273 5.5456983167823628
leaf_count=18035 25266 2367 2098 1227 69468 9410 32654 2759
internal_value=-8.82834e-05 -0.0208836 0.000972132 0.0061775 0.00273619 0.00144352 0.00254622 -0.0145252
internal_weight=1736.67 84.2614 1652.41 693.115 622.962 605.996 591.649 83.1801
internal_count=163284 27633 135651 117616 115518 114291 104881 35413
is_linear=0
shrinkage=0.0750466


Tree=121
num_leaves=9
num_cat=0
split_feature=33 32 11 135 16 16 107 52
split_gain=6.25847 8.09917 5.19282 12.0535 7.51339 13.6987 9.83427 6.11847
threshold=115002.37000000001 10.500000000000002 93.555000000000021 -1.0000000180025095e-35 -1222.1199999999997 -68.659999999999982 12.500000000000002 61011.600000000013
decision_type=2 2 2 8 2 2 2 2
left_child=2 -2 4 7 6 -6 -1 -4
right_child=1 -3 3 -5 5 -7 -8 -9
leaf_value=-0.00070743113473258513 -0.047498880564872455 0.021095711783250898 0.0049152778802690348 0.038446949314193991 0.018787122953639695 -0.0083159713471928284 -0.021207536107783941 -0.020441590102482709
leaf_weight=341.51537634362467 32.805502682458609 13.760969916591419 596.63021334155928 57.590857140021399 201.6687299310579 219.16970232020685 214.61331775473082 58.882890678178228
leaf_count=2332 12624 1788 68605 2582 4287 6816 7271 56979
internal_value=-8.73199e-05 -0.0272283 0.000660495 0.00552954 -0.0028935 0.00467202 -0.00861854 0.00263754
internal_weight=1736.64 46.5665 1690.07 713.104 976.967 420.838 556.129 655.513
internal_count=163284 14412 148872 128166 20706 11103 9603 125584
is_linear=0
shrinkage=0.0750466


Tree=122
num_leaves=9
num_cat=0
split_feature=10 80 9 82 82 24 24 24
split_gain=4.48149 4.63136 7.83856 7.3883 5.91741 4.79167 4.76647 8.68588
threshold=-3005.3049999999998 4.5000000000000009 389.19000000000005 2.5000000000000004 9.5000000000000018 12.500000000000002 5.5000000000000009 12.500000000000002
decision_type=2 2 2 2 2 2 2 2
left_child=-1 5 -3 -4 6 -2 -5 -8
right_child=1 2 3 4 -6 -7 7 -9
leaf_value=-0.016174419440928622 0.00059843299330093172 0.052944066195752412 -0.024585384016598866 0.075121492913100302 -0.023738269953792208 -0.023381618309413554 -0.05301923446282162 0.068195101797821428
leaf_weight=92.343705712133669 1504.6930151399793 25.110763550896081 29.122168255838915 13.735227795041284 9.8955100710227253 48.440577661844145 6.1874486420856538 7.2079439455483225
leaf_count=26592 90178 4730 4963 2855 3140 25924 1924 2978
internal_value=-8.74511e-05 0.00081594 0.0172464 0.00369505 0.0259385 -0.000149479 0.0440574 0.0122051
internal_weight=1736.74 1644.39 91.2591 66.1483 37.0261 1553.13 27.1306 13.3954
internal_count=163284 136692 20590 15860 10897 116102 7757 4902
is_linear=0
shrinkage=0.0750466


Tree=123
num_leaves=9
num_cat=0
split_feature=56 39 20 25 16 16 20 10
split_gain=5.0449 4.02867 3.75575 3.60314 7.88157 13.1642 19.3871 10.3693
threshold=11582.655000000002 313319.83000000002 1.0000000180025095e-35 1.0000000180025095e-35 -176.96999999999997 -1.0000000180025095e-35 8.2250000000000014 -500.88999999999993
decision_type=2 2 2 2 2 2 2 2
left_child=1 3 -2 -1 7 6 -6 -5
right_child=2 -3 -4 4 5 -7 -8 -9
leaf_value=-0.00094236882181986418 0.001682893256238902 -0.026238905300537706 -0.051901191094527045 -0.031831699873331051 0.013602998053941801 0.0074066655005410554 0.11572134493091675 0.0084697853750972558
leaf_weight=1291.4832553963206 12.34882746384392 31.257532609888585 18.260657191021892 54.870203367405338 27.036311066840426 179.83393100916874 17.088336879896815 104.30687487633259
leaf_count=44067 4266 9581 10767 18625 3607 52307 3251 16813
internal_value=-8.64448e-05 0.000455401 -0.0302837 0.000953663 0.00734485 0.0164192 0.0531508 -0.00542261
internal_weight=1736.49 1705.88 30.6095 1674.62 383.136 223.959 44.1246 159.177
internal_count=163284 148251 15033 138670 94603 59165 6858 35438
is_linear=0
shrinkage=0.0750466


Tree=124
num_leaves=9
num_cat=0
split_feature=56 4 22 115 135 22 22 113
split_gain=4.45733 4.52551 6.02578 6.4278 5.60207 7.56068 4.32248 4.89593
threshold=11582.655000000002 1.5000000000000002 -22789.309999999994 8179.2300000000005 -532.49999999999989 -9370.4499999999989 305328.60000000003 -2054.4999999999995
decision_type=2 2 2 8 8 2 2 8
left_child=1 2 3 -1 6 -6 7 -4
right_child=-2 -3 4 -5 5 -7 -8 -9
leaf_value=-0.00029635337189178669 -0.028893223073993748 -0.021310622147412948 -0.015155513108565074 0.035109294625194062 0.015285460618976383 -0.012074428337997566 -0.023822676310912803 0.0047927657003674212
leaf_weight=57.033052487618988 29.735622742096893 52.345922786000301 74.36578632085002 58.500806504831417 68.036639125246438 347.0388239610038 33.788852714926179 1015.7101846314836
leaf_count=2722 15033 2183 9506 1888 841 21341 14743 95027
internal_value=-8.74822e-05 0.000414361 0.00110172 0.0176314 -0.000139223 -0.00758976 0.00261247 0.00343188
internal_weight=1736.56 1706.82 1654.47 115.534 1538.94 415.075 1123.86 1090.08
internal_count=163284 148251 146068 4610 141458 22182 119276 104533
is_linear=0
shrinkage=0.0750466


Tree=125
num_leaves=9
num_cat=0
split_feature=4 22 96 22 131 149 149 149
split_gain=3.80015 5.39458 4.8092 5.48498 7.60343 7.16362 4.66272 7.82134
threshold=1.5000000000000002 319.2050000000001 1.0000000180025095e-35 -5649.0549999999994 4357.6950000000006 2090.5000000000005 4617.5000000000009 3317.0000000000005
decision_type=2 2 2 2 8 8 8 10
left_child=1 2 3 4 -1 -5 7 -4
right_child=-2 -3 6 5 -6 -7 -8 -9
leaf_value=-0.0044058179179575175 -0.02013210730311649 -0.0046449806909412703 0.0095022877242797628 0.005323692651341084 0.020041917835120264 -0.018775973198024674 -0.0015475557978886767 0.041051201674833039
leaf_weight=157.15433541400125 51.665632781296154 677.60949668900139 245.62223352557339 125.76281191485759 131.6780332827766 155.18175011040876 136.49729233513062 53.982798780067242
leaf_count=4403 2213 123553 13775 4073 1561 4359 5946 3401
internal_value=-8.43183e-05 0.000530941 0.00401769 -0.000522097 0.00673985 -0.00798793 0.00994903 0.0151868
internal_weight=1735.15 1683.49 1005.88 569.777 288.832 280.945 436.102 299.605
internal_count=163284 161071 37518 14396 5964 8432 23122 17176
is_linear=0
shrinkage=0.0750466


Tree=126
num_leaves=9
num_cat=0
split_feature=8 138 140 8 135 140 142 113
split_gain=4.26312 5.42464 5.72594 4.53848 3.52514 6.05387 4.30852 7.24211
threshold=-8804.7999999999975 36105.985000000008 1376.0350000000003 -14931.834999999997 -348.99999999999994 552.33500000000015 588362.69500000007 -713.99999999999989
decision_type=2 10 10 2 10 10 10 10
left_child=1 2 -1 -3 6 -6 -2 -8
right_child=4 3 -4 -5 5 -7 7 -9
leaf_value=0.011856477927357183 -0.0012050731766966132 -0.025684289361975168 0.059067263357642869 0.034001488987117377 0.0028052979713936686 -0.036400522423206919 0.038211589038547676 -0.0026269542206820064
leaf_weight=42.481490795384161 1445.238885098086 25.199235980820959 21.941531355507323 10.031447885558007 47.470104367777822 41.63809273026709 42.874872314670938 56.928090335226443
leaf_count=2961 118731 7243 3953 2486 2148 7759 6140 11863
internal_value=-8.17641e-05 0.0149876 0.0279358 -0.00868959 -0.00100072 -0.0155146 -0.000163652 0.0149171
internal_weight=1733.8 99.6537 64.423 35.2307 1634.15 89.1082 1545.04 99.803
internal_count=163284 16643 6914 9729 146641 9907 136734 18003
is_linear=0
shrinkage=0.0750466


Tree=127
num_leaves=9
num_cat=0
split_feature=10 16 16 6 116 97 25 72
split_gain=3.89713 7.30668 9.13948 9.99249 12.1806 7.13965 13.0551 6.39146
threshold=-627.07499999999993 -1222.1199999999997 -68.659999999999982 115.50000000000001 702.78000000000009 94.500000000000014 6442.4250000000011 3398.6200000000003
decision_type=2 2 2 2 8 2 2 2
left_child=7 -2 3 -3 -5 -4 -7 -1
right_child=1 2 5 4 -6 6 -8 -9
leaf_value=-0.0096099769054000406 -0.0040833983901130775 0.030183015024761357 -0.0019735812800259237 0.020420534242275284 -0.029011926991895715 0.080131846930943385 -0.026762929566543671 0.033031300825323767
leaf_weight=334.45121755677974 646.88275463298487 155.84591386701504 430.44591737085284 72.397947213350562 45.856081301804807 16.274429234035782 10.64265341660939 21.042662283158279
leaf_count=76485 23827 6500 39855 3789 3235 2186 4119 3288
internal_value=-8.00532e-05 0.00172685 0.00686526 0.0177013 0.00125181 0.000371153 0.0378671 -0.00708592
internal_weight=1733.84 1378.35 731.463 274.1 118.254 457.363 26.9171 355.494
internal_count=163284 83511 59684 13524 7024 46160 6305 79773
is_linear=0
shrinkage=0.0750466


Tree=128
num_leaves=9
num_cat=0
split_feature=7 60 95 97 120 120 84 120
split_gain=3.50564 4.98279 4.90552 11.0117 3.39596 4.71893 8.40812 4.63431
threshold=1655.0800000000002 1079.3350000000003 1.0000000180025095e-35 41.500000000000007 154836.00000000003 253368.00000000003 1.5000000000000002 211140.00000000003
decision_type=2 2 2 2 10 10 2 10
left_child=1 2 4 -4 -1 6 7 -6
right_child=-2 -3 3 -5 5 -7 -8 -9
leaf_value=-0.0083411559118998311 0.0031949045568816989 -0.031374731624336488 -0.0051483016414058079 0.047521658696074248 0.011578367937453104 -0.0065140323658437142 -0.035253465342240865 0.047777058220464123
leaf_weight=461.06128578489006 892.66729216193198 34.766260033014987 63.568064848761423 34.482907586374495 61.584289010163047 140.07815496485273 16.291582923935493 29.441034955569194
leaf_count=40269 67598 9259 4471 3897 5153 22535 7358 2744
internal_value=-8.09248e-05 -0.00355688 -0.00235773 0.0133749 -0.00453513 0.00255803 0.0143996 0.0232864
internal_weight=1733.94 841.274 806.507 98.051 708.456 247.395 107.317 91.0253
internal_count=163284 95686 86427 8368 78059 37790 15255 7897
is_linear=0
shrinkage=0.0750466


Tree=129
num_leaves=9
num_cat=0
split_feature=17 18 5 39 112 107 18 4
split_gain=3.74682 5.63457 5.53327 4.98914 4.89946 5.74219 6.12034 4.86524
threshold=3.5000000000000004 1949.6600000000001 53.500000000000007 25863.355000000003 164689.20000000004 85.500000000000014 31639.660000000003 1.5000000000000002
decision_type=2 2 2 2 8 2 2 2
left_child=3 -2 -3 7 -5 -6 -7 -1
right_child=1 2 -4 4 5 6 -8 -9
leaf_value=0.00067120209600798268 -0.010190052295958013 0.05836262830851234 0.0070875540822234557 -0.051706737111790871 -0.028147499261445764 0.10454459662074277 -0.0055495315246239501 -0.023409427183711393
leaf_weight=1553.6657621326522 28.431523622770328 23.1061458169861 24.338139244864578 20.845034119804041 22.363694691695855 4.5698065724427561 7.5297491311866906 48.735331733449129
leaf_count=135964 744 3301 3533 5511 3048 1819 7253 2111
internal_value=-7.96481e-05 0.016228 0.0320594 -0.000826074 -0.0229866 -0.00561526 0.0360312 -6.11847e-05
internal_weight=1733.59 75.8758 47.4443 1657.71 55.3083 34.4633 12.0996 1602.4
internal_count=163284 7578 6834 155706 17631 12120 9072 138075
is_linear=0
shrinkage=0.0750466


Tree=130
num_leaves=9
num_cat=0
split_feature=64 7 120 25 147 46 153 120
split_gain=3.39761 4.58276 7.07647 7.58283 4.25337 3.59663 7.1948 4.16929
threshold=25194.515000000003 421.61500000000007 305273.25000000006 3329.2250000000004 -23472.079999999998 1.0000000180025095e-35 1612.8750000000002 588362.69500000007
decision_type=2 2 8 2 10 2 8 10
left_child=5 -2 3 -3 -5 7 -7 -1
right_child=1 2 -4 4 -6 6 -8 -9
leaf_value=0.0003598266659561774 -0.052613190569846049 -0.02340976135727903 -0.035472862081953098 0.023033481730682846 0.1140548810748231 0.0057664503995829477 -0.035567087549658941 0.015734651224069196
leaf_weight=1473.3560610493951 15.649596219162047 9.7070244944770838 21.55818047230423 6.0540585047056084 5.5347938641207275 50.566528844370623 44.669935753350728 106.51678171207459
leaf_count=111162 6476 1858 8148 2568 2238 5358 10993 14483
internal_value=-7.82535e-05 -0.0178558 -0.00516295 0.0255203 0.066505 0.000542631 -0.0136207 0.00139641
internal_weight=1733.61 58.5037 42.8541 21.2959 11.5889 1675.11 95.2365 1579.87
internal_count=163284 21288 14812 6664 4806 141996 16351 125645
is_linear=0
shrinkage=0.0750466


Tree=131
num_leaves=9
num_cat=0
split_feature=33 151 21 50 33 33 127 127
split_gain=5.24102 6.38852 4.56744 4.43521 4.26388 4.29386 4.71294 4.21428
threshold=115002.37000000001 1.0000000180025095e-35 1.0000000180025095e-35 1.0000000180025095e-35 17595.285000000003 70198.35000000002 2292.5000000000005 991.50000000000011
decision_type=2 10 2 2 2 2 8 10
left_child=2 -2 -1 4 -4 -6 -7 -5
right_child=1 -3 3 7 5 6 -8 -9
leaf_value=0.012107912141355941 -0.0074458691808326248 -0.070051328525750911 0.00050884624196769173 0.00691380766396803 -0.040944886364738572 0.06609025369355527 -0.02638027043232306 -0.052362565690852646
leaf_weight=174.09099024465831 32.047197542036884 12.865077465030479 1445.3610985741689 10.865556560456755 27.513121619944286 5.2716087408844006 7.5499584469071133 17.855352574733843
leaf_count=3970 4062 10350 118905 1461 10020 2633 2806 9077
internal_value=-7.70785e-05 -0.0253791 0.000595926 -0.000727444 -0.000162768 -0.0242295 0.0116391 -0.0299374
internal_weight=1733.42 44.9123 1688.51 1514.42 1485.7 40.3347 12.8216 28.7209
internal_count=163284 14412 148872 144902 134364 15459 5439 10538
is_linear=0
shrinkage=0.0750466


Tree=132
num_leaves=9
num_cat=0
split_feature=20 113 83 20 9 25 83 135
split_gain=2.82254 9.15338 8.96931 6.17033 6.15467 12.0263 6.16744 6.12631
threshold=203.56500000000003 -1536.4999999999998 2582.5950000000007 3581.3600000000001 2506.1000000000004 4305.3500000000013 53371.560000000005 -1355.4999999999998
decision_type=2 10 2 2 2 2 2 10
left_child=-1 -2 -3 -4 5 -5 -6 -7
right_child=1 2 3 4 6 7 -8 -9
leaf_value=0.0012740165039467558 -0.02733448693071976 -0.011760927243423706 -0.015088024577301492 0.057152275572455426 0.12154456114541493 -0.060908610115839035 0.017815386800402767 0.01346136254647522
leaf_weight=1445.4204719890986 86.166326906517497 115.19336430180556 20.932662398947286 25.131111246344517 7.5993792716908484 10.213857132242991 5.6123895044875098 16.027112353607667
leaf_count=102000 12491 14223 6101 5178 2517 5998 2932 11844
internal_value=-7.55361e-05 -0.00687523 0.00190809 0.0203207 0.0317972 0.0200485 0.0774802 -0.0154859
internal_weight=1732.3 286.876 200.71 85.5165 64.5838 51.3721 13.2118 26.241
internal_count=163284 61284 48793 34570 28469 23020 5449 17842
is_linear=0
shrinkage=0.0750466


Tree=133
num_leaves=9
num_cat=0
split_feature=10 120 149 96 10 4 5 10
split_gain=3.53622 5.21028 4.29604 4.13006 5.67562 5.22722 4.7924 6.6623
threshold=-3005.3049999999998 154836.00000000003 942.50000000000011 1.0000000180025095e-35 -109.73499999999999 1.0000000180025095e-35 61.500000000000007 1023.9800000000001
decision_type=2 8 10 2 2 2 2 2
left_child=1 -1 -3 6 -5 -6 7 -2
right_child=3 2 -4 4 5 -7 -8 -9
leaf_value=-0.049572062236569965 -0.0090950499317475186 0.029615818238374118 -0.015020773986564918 -0.0031601020244524944 0.01191253853324296 -0.013061621744019151 0.0088253094301276262 0.01313672003135352
leaf_weight=18.911889133378281 551.1262996524747 15.549381333214113 55.442893401355832 340.83203571441118 458.62847412022529 52.616039804517641 151.18191635995754 88.044834384898422
leaf_count=4298 30095 2497 19797 61338 34047 2347 5038 3827
internal_value=-7.63987e-05 -0.0145687 -0.00524406 0.00071689 0.00434129 0.00934226 -0.00319057 -0.00603266
internal_weight=1732.33 89.9042 70.9923 1642.43 852.077 511.245 790.353 639.171
internal_count=163284 26592 22294 136692 97732 36394 38960 33922
is_linear=0
shrinkage=0.0750466


Tree=134
num_leaves=9
num_cat=0
split_feature=25 55 125 72 99 128 73 81
split_gain=2.84937 5.8378 11.4905 5.13367 4.7547 4.39571 7.27831 7.58221
threshold=1.0000000180025095e-35 1.5000000000000002 -2639.3199999999993 3398.6200000000003 1.0000000180025095e-35 7478.380000000001 13.500000000000002 166963.90500000003
decision_type=2 2 10 2 2 8 2 2
left_child=4 3 -3 5 -1 -2 7 -7
right_child=1 2 -4 -5 -6 6 -8 -9
leaf_value=-0.0028477955511362414 -0.0093701237211720346 -0.025519797578217759 0.069144774913086682 0.058227286905039997 0.017498932473962357 0.012402549406614144 0.066346173644129827 -0.042053985318329663
leaf_weight=1245.6529559421397 68.451821445523819 61.792175454982498 8.1770813348266511 11.672686301462816 68.226671495576738 239.35757989888953 13.167182124838289 15.321582179734831
leaf_count=46715 22622 29945 4534 1937 1782 43830 5334 6585
internal_value=-7.43858e-05 0.00532289 -0.0144567 0.00930012 -0.00179124 0.00760189 0.0119393 0.00912643
internal_weight=1731.82 417.94 69.9693 347.971 1313.88 336.298 267.846 254.679
internal_count=163284 114787 34479 80308 48497 78371 55749 50415
is_linear=0
shrinkage=0.0750466


Tree=135
num_leaves=9
num_cat=0
split_feature=8 6 125 6 6 71 108 71
split_gain=4.22386 5.60096 2.93294 3.51178 5.2703 7.27183 5.33075 3.87215
threshold=-8804.7999999999975 31.500000000000004 -28173.074999999993 20.500000000000004 40.500000000000007 1.5000000000000002 1.0000000180025095e-35 1.0000000180025095e-35
decision_type=2 2 8 2 2 2 2 2
left_child=1 -1 -2 7 -5 6 -6 -4
right_child=2 -3 3 4 5 -7 -8 -9
leaf_value=0.055721436674449232 -0.025556512739297228 0.0071642792828574874 0.0017951935264613052 0.013036608501637827 -0.002621234915215809 0.037482907267439906 0.0307161809444416 -0.021045205532686569
leaf_weight=15.927775140720767 26.917642441156204 83.600502006025636 75.749801857426064 169.92875843932416 1211.8293253535812 27.010688785041566 27.629738361181808 93.280021878657863
leaf_count=2148 8294 14495 7993 9742 114214 1316 3449 1633
internal_value=-7.4285e-05 0.014935 -0.00098944 -0.000577533 0.000626515 -0.00103861 -0.00187808 -0.0108094
internal_weight=1731.87 99.5283 1632.35 1605.43 1436.4 1266.47 1239.46 169.03
internal_count=163284 16643 146641 138347 128721 118979 117663 9626
is_linear=0
shrinkage=0.0750466


Tree=136
num_leaves=9
num_cat=0
split_feature=56 20 113 138 20 113 16 16
split_gain=3.68154 3.59745 3.12239 4.52981 3.80721 11.6548 3.7739 5.50166
threshold=11582.655000000002 1.0000000180025095e-35 -2054.4999999999995 3423.4750000000004 109749.33500000001 -409.99999999999994 -471.88999999999993 -10288.865
decision_type=2 2 8 10 2 10 2 2
left_child=2 -2 3 -1 6 -6 7 -4
right_child=1 -3 4 -5 5 -7 -8 -9
leaf_value=-0.00010679372543535482 0.0046767598009817991 -0.049384046267915593 0.0075412138076301084 -0.035724357298677879 -0.037795097494177914 0.05849180156753879 0.0057190621995929745 -0.0056388297286234764
leaf_weight=53.060171104239998 11.899665752658622 16.608117830510309 255.49996308018308 32.383544309137505 38.212412155575294 8.6900861267786222 724.46046736856078 590.86457841507945
leaf_count=3421 4266 10767 9950 7820 12059 2928 77660 34413
internal_value=-7.20604e-05 -0.0268181 0.000375616 -0.013606 0.00111409 -0.0199551 0.00174318 -0.00166005
internal_weight=1731.68 28.5078 1703.17 85.4437 1617.73 46.9025 1570.83 846.365
internal_count=163284 15033 148251 11241 137010 14987 122023 44363
is_linear=0
shrinkage=0.0750466


Tree=137
num_leaves=9
num_cat=0
split_feature=11 107 134 107 83 64 81 134
split_gain=3.64081 11.9693 5.37342 8.97849 6.53688 11.6613 7.68734 6.86882
threshold=93.555000000000021 1.0000000180025095e-35 509372.61000000004 12.500000000000002 2582.5950000000007 16914.280000000002 20172.080000000005 878247.68000000005
decision_type=2 2 8 2 2 2 2 10
left_child=-1 -2 -3 -4 6 7 -5 -6
right_child=1 2 3 4 5 -7 -8 -9
leaf_value=-0.0030224327973204803 0.077797178548171239 -0.00072274766429466836 0.05721096610194356 0.0099349166578447685 0.027024144492878696 -0.029953969810482928 -0.042037859836288237 0.0928672139292753
leaf_weight=997.52209291354666 12.153882274404166 564.15055882575689 24.005184449953958 45.406044714989548 34.986088595120236 16.241288532655744 24.773074436598108 11.978355334991646
leaf_count=23851 154 106090 548 4559 9661 8759 4933 4729
internal_value=-7.08818e-05 0.00394201 0.00269797 0.0149592 0.0073552 0.0248613 -0.00841136 0.0438175
internal_weight=1731.22 733.694 721.541 157.39 133.385 63.2057 70.1791 46.9644
internal_count=163284 139433 139279 33189 32641 23149 9492 14390
is_linear=0
shrinkage=0.0750466


Tree=138
num_leaves=9
num_cat=0
split_feature=8 74 6 153 123 72 58 74
split_gain=3.546 7.20705 5.67996 6.45158 5.6313 5.21516 6.47759 4.96991
threshold=9683.5850000000009 1588.4450000000004 54.500000000000007 8252.0550000000021 19.500000000000004 1.0000000180025095e-35 3684.2700000000004 1068.0300000000002
decision_type=2 2 2 8 10 2 2 2
left_child=1 5 -3 -4 7 6 -1 -2
right_child=4 2 3 -5 -6 -7 -8 -9
leaf_value=-0.0041259813846395701 0.0083490444071911973 -0.00080403198891870981 0.025096602918771312 -0.0027641117834574127 -0.034484972212690014 -0.025620574730223691 0.021275609968262308 -0.005471227032101322
leaf_weight=362.72307521262701 190.19591332421987 146.54843981914019 180.8991652289842 63.152045308794186 31.790647942703799 50.679583603952779 66.980221809397335 638.56539086498378
leaf_count=36862 38699 3436 7453 5902 4608 2080 15649 48595
internal_value=-7.19014e-05 0.00330383 0.0108745 0.0178872 -0.00348855 -0.00285186 -0.000166495 -0.00229955
internal_weight=1731.53 870.983 390.6 244.051 860.552 480.383 429.703 828.761
internal_count=163284 71382 16791 13355 91902 54591 52511 87294
is_linear=0
shrinkage=0.0750466


Tree=139
num_leaves=9
num_cat=0
split_feature=11 112 56 125 73 22 32 32
split_gain=3.43485 6.25873 3.91701 8.15517 4.62531 3.57929 4.97332 5.48116
threshold=-1.0000000180025095e-35 190026.00000000003 8668.8100000000031 -12437.629999999999 8.5000000000000018 -22789.309999999994 3.5000000000000004 10.500000000000002
decision_type=2 10 2 10 2 2 2 2
left_child=1 -1 5 -4 -5 -2 -7 -8
right_child=2 -3 3 4 -6 6 7 -9
leaf_value=-0.043159861502976994 0.013419384698998693 0.0091536571785961109 -0.040569001481348309 0.10547878817347954 -0.0079247198386396545 0.00069442145847042663 -0.056277712602067154 0.0086315451175949
leaf_weight=27.999207657943771 122.43325995730993 23.852871174938628 30.933182039720123 3.7209560855553701 4.4456715369888116 1487.8413359735277 18.07725549124007 12.320573596720349
leaf_count=2383 4634 3282 14211 1864 3392 126909 4752 1857
internal_value=-7.08069e-05 -0.0190947 0.000516433 -0.0229586 0.0437453 0.00107588 8.048e-05 -0.0299693
internal_weight=1731.62 51.8521 1679.77 39.0998 8.16663 1640.67 1518.24 30.3978
internal_count=163284 5665 157619 19467 5256 138152 133518 6609
is_linear=0
shrinkage=0.0750466


Tree=140
num_leaves=9
num_cat=0
split_feature=13 10 149 72 28 58 5 112
split_gain=3.41496 3.42526 7.80316 8.56842 7.71406 5.23577 7.55645 5.11892
threshold=1.5000000000000002 -627.07499999999993 1714.5000000000002 3398.6200000000003 1.0000000180025095e-35 4177.2050000000008 45.500000000000007 228031.20000000004
decision_type=2 2 8 2 2 2 2 10
left_child=1 2 5 4 -4 -1 -7 -6
right_child=-2 -3 3 -5 7 6 -8 -9
leaf_value=-0.031719816328263227 -0.023432818402037425 0.0021128695632787347 0.032491510454858957 0.052040133639011159 0.00045999137461647709 -0.028525564585738832 0.061041635535765505 -0.025425231618132496
leaf_weight=84.088869645529485 34.533021073788404 1350.2417168060492 30.262962890134077 17.338538910014904 127.6225707926933 12.452687359989797 9.2422186165131262 64.910352532002435
leaf_count=14723 829 82901 1366 2816 28612 3472 2007 26558
internal_value=-6.97587e-05 0.000405902 -0.006257 0.00122404 -0.0027306 -0.0232393 0.00963084 -0.00826693
internal_weight=1730.69 1696.16 345.918 240.134 222.796 105.784 21.6949 192.533
internal_count=163284 162455 79554 59352 56536 20202 5479 55170
is_linear=0
shrinkage=0.0750466


Tree=141
num_leaves=9
num_cat=0
split_feature=10 11 83 11 118 104 107 83
split_gain=3.24879 4.63394 5.59953 4.41393 4.89609 3.65686 10.4527 3.44675
threshold=-3005.3049999999998 136.92000000000004 92470.055000000008 271.98500000000007 694.53000000000009 2404.6500000000005 123.50000000000001 37776.215000000004
decision_type=2 2 2 2 8 2 2 2
left_child=1 -1 3 -3 -5 -6 -7 -2
right_child=7 2 -4 4 5 6 -8 -9
leaf_value=-0.046695281201880656 -0.00027236329575588503 0.053827868898538148 -0.060023753160650783 0.039628348300436364 -0.027622995048224082 -0.076134932798918933 0.10024750064332222 0.013018400583126265
leaf_weight=19.194904995492834 1522.4799108573279 8.3563033211685234 9.0753590505119046 10.975463528440745 33.372666039613243 3.1670090735933618 4.7011083178294939 118.44265412171808
leaf_count=2041 105502 947 5682 3802 8395 1451 4274 31190
internal_value=-6.98011e-05 -0.0140473 -0.0050496 0.00318697 -0.00491723 -0.0167722 0.0292515 0.000686971
internal_weight=1729.77 88.8428 69.6479 60.5726 52.2162 41.2408 7.86812 1640.92
internal_count=163284 26592 24551 18869 17922 14120 5725 136692
is_linear=0
shrinkage=0.0750466


Tree=142
num_leaves=9
num_cat=0
split_feature=13 127 153 150 116 127 127 25
split_gain=2.95789 2.94039 2.73004 6.94313 20.6471 6.47098 19.0891 5.39803
threshold=1.5000000000000002 145.50000000000003 651.0150000000001 3519.0050000000006 400.57500000000005 610.50000000000011 991.50000000000011 1525.2650000000001
decision_type=2 8 8 10 8 8 8 2
left_child=1 -1 3 5 -5 -3 -7 -8
right_child=-2 2 -4 4 -6 6 7 -9
leaf_value=-0.021811607293258078 -0.022044346018015609 -0.01089040544825153 -0.0021246789627837374 0.046290244470758572 -0.025564223186001808 0.043583924397951647 -0.0031588489781482938 0.020540823024047604
leaf_weight=33.00521252022736 33.82232091401238 181.54737830923114 861.21355463894361 67.522633215870883 33.794560476526385 65.072017909114948 391.09325671815895 62.821142482061987
leaf_count=4834 829 7646 120257 5689 4244 2568 8129 9088
internal_value=-6.91487e-05 0.000369072 0.00080927 0.00396042 0.022323 0.00130467 0.00557064 0.000121154
internal_weight=1729.89 1696.07 1663.06 801.851 101.317 700.534 518.986 453.914
internal_count=163284 162455 157621 37364 9933 27431 19785 17217
is_linear=0
shrinkage=0.0750466


Tree=143
num_leaves=9
num_cat=0
split_feature=8 153 107 20 20 8 107 11
split_gain=3.93268 7.55854 4.7402 4.20723 6.60285 14.4801 8.78235 9.0287
threshold=-8804.7999999999975 12251.985000000002 22.500000000000004 55.415000000000006 1.0000000180025095e-35 9683.5850000000009 22.500000000000004 18.395000000000003
decision_type=2 10 2 2 2 2 2 2
left_child=1 2 -1 4 6 -6 7 -2
right_child=3 -3 -4 -5 5 -7 -8 -9
leaf_value=4.9314083129288673e-05 -0.0022807839903802806 -0.023879463525324714 0.039066978386160349 -0.0082141073131139237 0.038653560104292738 -0.0047192353782431178 -0.0091047132752708117 0.016075666422763337
leaf_weight=26.86224688065704 408.23463967884891 22.521184893703321 50.510529957959079 352.5482957735403 78.051148580409063 97.509550438546285 454.4208379608026 239.40482145472197
leaf_count=618 4195 4848 11177 63656 6146 11215 56185 5244
internal_value=-7.05957e-05 0.0143835 0.0255208 -0.000956318 0.00104641 0.0145635 -0.0011069 0.00450482
internal_weight=1730.06 99.894 77.3728 1630.17 1277.62 175.561 1102.06 647.639
internal_count=163284 16643 11795 146641 82985 17361 65624 9439
is_linear=0
shrinkage=0.0750466


Tree=144
num_leaves=9
num_cat=0
split_feature=27 107 58 107 27 107 120 83
split_gain=2.96491 3.48154 3.89864 3.31033 3.08067 8.25864 6.77216 8.95416
threshold=35.500000000000007 137.50000000000003 7157.0650000000014 210.50000000000003 23.500000000000004 66.500000000000014 305273.25000000006 2582.5950000000007
decision_type=2 2 2 2 2 2 10 2
left_child=4 -2 -3 -4 -1 -6 -7 -8
right_child=1 2 3 -5 5 6 7 -9
leaf_value=-0.00018622243892637793 -0.06674024264347421 0.044304367180591282 -0.075539528263807498 0.0083407483561224859 0.095266128972351843 -0.022226402339102252 -0.039669557334131987 0.096481878871645554
leaf_weight=1666.6735901643988 7.9788893145596402 5.6253926337594775 5.2236536024502112 5.3777948819770245 6.9610600003798018 19.597834177599001 4.1618288532117713 7.8550755144096911
leaf_count=137730 1521 3193 2379 3967 544 7441 1444 5065
internal_value=-7.11523e-05 -0.0261517 -0.00619394 -0.0329896 0.000299057 0.0212656 0.0049719 0.0493284
internal_weight=1729.46 24.2057 16.2268 10.6014 1705.25 38.5758 31.6147 12.0169
internal_count=163284 11060 9539 6346 152224 14494 13950 6509
is_linear=0
shrinkage=0.0750466


Tree=145
num_leaves=9
num_cat=0
split_feature=28 151 20 151 71 74 138 151
split_gain=2.7088 7.84837 7.83185 7.70629 9.0834 5.00325 10.3004 5.65962
threshold=1395.8750000000002 1.0000000180025095e-35 55.415000000000006 1.5000000000000002 1.5000000000000002 2126.0350000000003 97358.630000000019 4.5000000000000009
decision_type=2 10 2 10 2 2 10 10
left_child=1 2 -1 -2 5 7 -7 -5
right_child=3 -3 -4 4 -6 6 -8 -9
leaf_value=0.0030155390376671925 -0.015151331374239586 0.020441201626418524 -0.016672766311077943 -0.015263204825965215 0.066441503649848466 0.01822655627988767 -0.037457926920818473 0.0043250474483026288
leaf_weight=744.67880750246695 223.55801569997129 120.35333383186662 134.3155466329481 162.56204295482894 11.873700117685074 140.69352311993862 21.578287548945809 169.88939093905356
leaf_count=18728 23734 4174 6063 27384 1259 21594 8409 51939
internal_value=-7.0708e-05 0.00246797 7.0493e-06 -0.00354535 0.0015763 1.94905e-05 0.0108218 -0.00525321
internal_weight=1729.5 999.348 878.994 730.155 506.597 494.723 162.272 332.451
internal_count=163284 28965 24791 134319 110585 109326 30003 79323
is_linear=0
shrinkage=0.0750466


Tree=146
num_leaves=9
num_cat=0
split_feature=45 17 138 56 138 4 138 116
split_gain=3.16804 3.89248 5.58678 4.41016 4.53773 3.85522 3.57863 3.27229
threshold=1.0000000180025095e-35 3.5000000000000004 12094.745000000001 4810.0000000000009 1513.9350000000002 1.5000000000000002 81345.545000000013 9997.3950000000023
decision_type=2 2 8 2 8 2 10 8
left_child=1 3 -3 5 -5 -1 -6 -8
right_child=-2 2 -4 4 6 -7 7 -9
leaf_value=0.0010419323493496598 -0.026881126945753817 -0.0035388194319691496 0.037651653657590933 0.017338816895111089 -0.035079854167432707 -0.020800656217192667 -0.026628981429760768 0.085805032167585227
leaf_weight=1511.8779688767827 24.472133050738194 36.96488989185309 37.216399426695716 15.442498845062801 50.184698107615986 46.922021944264998 3.0580824223143273 2.7860505290991568
leaf_count=119645 5159 2091 4936 2374 22329 2036 2495 2219
internal_value=-7.12695e-05 0.00031366 0.0171262 -0.000451353 -0.0186801 0.00038444 -0.0286076 0.0269712
internal_weight=1728.92 1704.45 74.1813 1630.27 71.4713 1558.8 56.0288 5.84413
internal_count=163284 158125 7027 151098 29417 121681 27043 4714
is_linear=0
shrinkage=0.0750466


Tree=147
num_leaves=9
num_cat=0
split_feature=22 99 149 7 4 142 25 108
split_gain=3.12348 7.34414 5.75428 5.46192 5.43017 5.13693 4.59213 6.40564
threshold=319.2050000000001 1.0000000180025095e-35 636.50000000000011 1.0000000180025095e-35 1.0000000180025095e-35 119646.00000000001 1.0000000180025095e-35 1.0000000180025095e-35
decision_type=2 2 10 2 2 10 2 2
left_child=1 2 4 5 -1 -4 -2 -8
right_child=6 -3 3 -5 -6 -7 7 -9
leaf_value=8.0672123392510283e-05 -0.0094645323082303279 0.028006349466607225 -0.039987618072951717 0.0090764877954325508 -0.018062936433359721 0.00057064244431973509 0.00081772068137601049 0.058813010471531785
leaf_weight=300.47985363514454 382.68931869442167 59.88310777098377 25.288973380520474 476.26350629248918 134.48176890022296 57.752347233967157 280.59849886650045 11.152317888219839
leaf_count=8141 28435 1317 1955 19678 2988 5572 92095 3103
internal_value=-6.93634e-05 0.00248231 0.000945033 0.00597976 -0.00552898 -0.0117808 -0.00405762 0.00303462
internal_weight=1728.59 1054.15 994.266 559.305 434.962 83.0413 674.44 291.751
internal_count=163284 39651 38334 27205 11129 7527 123633 95198
is_linear=0
shrinkage=0.0750466


Tree=148
num_leaves=9
num_cat=0
split_feature=6 134 107 22 113 7 127 153
split_gain=2.6932 9.52171 3.65327 5.20261 6.27109 6.17767 3.67661 5.00588
threshold=289.50000000000006 93605.400000000009 171.50000000000003 111795.30500000001 -318.49999999999994 6214.4350000000004 1408.5000000000002 3489.6750000000006
decision_type=2 10 2 2 8 2 8 8
left_child=2 -2 -1 6 5 -5 7 -4
right_child=1 -3 3 4 -6 -7 -8 -9
leaf_value=-1.242444963642744e-06 0.051451091155003452 -0.0059586697408420541 -0.038754539775135273 -0.034503202486110822 0.12459922488927359 0.085725080357519079 -0.045972639384717892 0.05344627596682363
leaf_weight=1596.7344776608297 25.077122085858718 46.33194330407423 7.7142018214071841 9.1905582348772423 2.6260997628924079 3.2610393809118241 31.124009036248026 5.8174347102904003
leaf_count=121903 1267 8881 2486 8419 1792 2677 12947 2912
internal_value=-6.77416e-05 0.0142022 -0.00068291 -0.0189046 0.0192111 -0.00301574 -0.0317741 0.000883846
internal_weight=1727.88 71.4091 1656.47 59.7333 15.0777 12.4516 44.6556 13.5316
internal_count=163284 10148 153136 31233 12888 11096 18345 5398
is_linear=0
shrinkage=0.0750466


Tree=149
num_leaves=9
num_cat=0
split_feature=33 137 13 39 50 25 33 108
split_gain=4.68963 5.53426 3.20052 2.9983 3.58782 3.48687 8.25785 6.54625
threshold=115002.37000000001 4483.3200000000006 1.5000000000000002 25863.355000000003 1.0000000180025095e-35 1.0000000180025095e-35 4895.2500000000009 1.0000000180025095e-35
decision_type=2 10 2 2 2 2 2 2
left_child=2 -2 3 4 5 -1 7 -7
right_child=1 -3 -4 -5 -6 6 -8 -9
leaf_value=0.00016135922805315831 -0.0085864639406559775 -0.069519263026953326 -0.022615711143145961 -0.015505385771390793 -0.024397225124154154 0.0093510409791475492 -0.035727211792992992 0.064275340166608949
leaf_weight=1193.2967799463222 32.588642467308091 11.307931191746318 32.892579743289389 59.561566139513161 29.247665333496116 333.67860287803342 22.32545677536109 12.686161923629696
leaf_count=37025 3995 10417 805 18186 8886 68471 13431 2068
internal_value=-6.73446e-05 -0.024283 0.000563998 0.00102586 0.00164464 0.00213227 0.00851127 0.0113627
internal_weight=1727.59 43.8966 1683.69 1650.8 1591.23 1561.99 368.69 346.365
internal_count=163284 14412 148872 148067 129881 120995 83970 70539
is_linear=0
shrinkage=0.0750466


Tree=150
num_leaves=9
num_cat=0
split_feature=33 32 133 8 7 141 149 33
split_gain=4.11959 7.1241 3.81601 3.61006 12.4794 13.0145 7.43644 5.47889
threshold=115002.37000000001 10.500000000000002 8.0000000000000018 9683.5850000000009 1261.8700000000001 1.5250000000000001 2555.5000000000005 4895.2500000000009
decision_type=2 2 10 2 2 8 10 2
left_child=2 -2 3 4 -1 6 -6 -5
right_child=1 -3 -4 7 5 -7 -8 -9
leaf_value=-0.003591282015492588 -0.043935210556265279 0.021719392626894547 0.02653902003748488 -0.0052529298187192815 0.017415238185504694 0.0026086544422633863 0.05362181176736041 0.019206358676046559
leaf_weight=530.90265116087539 29.237851161364233 13.655409087339647 31.154603298055008 749.93426338828067 71.722321762797947 187.83261193126964 57.611543858976802 55.387632148922421
leaf_count=57339 12624 1788 196 69125 3165 3465 3161 12421
internal_value=-6.66089e-05 -0.0230335 0.000518194 2.78873e-05 0.00344508 0.0152232 0.0335434 -0.00357069
internal_weight=1727.44 42.8933 1684.55 1653.39 848.069 317.166 129.334 805.322
internal_count=163284 14412 148872 148676 67130 9791 6326 81546
is_linear=0
shrinkage=0.0750466


Tree=151
num_leaves=9
num_cat=0
split_feature=0 125 133 25 7 25 32 0
split_gain=3.1375 6.35489 4.11707 3.87172 6.74115 3.87019 5.72284 7.54746
threshold=15842220.000000002 -367.86499999999995 8.0000000000000018 35114.595000000008 6214.4350000000004 1.0000000180025095e-35 1.0000000180025095e-35 32756022.000000004
decision_type=2 8 10 2 2 2 2 2
left_child=1 -1 3 5 -5 -2 -7 -8
right_child=2 -3 -4 4 -6 6 7 -9
leaf_value=-0.048633880701284479 -0.0010151763860284273 -0.0040285063921033856 0.028661876842893244 -0.031986691757601569 0.049914408792164765 0.011126154331775049 0.033521154144387763 -0.04963338918894613
leaf_weight=21.301189472946135 1177.2519621473402 115.66998970696295 29.467991790967062 41.109328172744426 6.5636973230066351 306.57799179602443 8.9044606067800505 19.854053280701919
leaf_count=6202 42708 10127 218 23594 3885 58601 5830 12119
internal_value=-6.69935e-05 -0.0109653 0.000872009 0.000347154 -0.0207104 0.00101084 0.00812348 -0.0238864
internal_weight=1726.7 136.971 1589.73 1560.26 47.673 1512.59 335.337 28.7585
internal_count=163284 16329 146955 146737 27479 119258 76550 17949
is_linear=0
shrinkage=0.0750466


Tree=152
num_leaves=9
num_cat=0
split_feature=60 31 153 20 140 125 20 97
split_gain=2.7331 4.04932 16.2278 3.98081 13.5418 3.45286 3.04268 10.3711
threshold=1079.3350000000003 20610.465000000004 1026.3750000000002 3581.3600000000001 9483.6900000000023 -20879.304999999997 203.56500000000003 20.500000000000004
decision_type=2 2 8 2 8 10 2 2
left_child=1 6 -3 -2 -5 -4 -1 -8
right_child=3 2 5 4 -6 -7 7 -9
leaf_value=0.0014625264745889393 -0.023908467581442792 0.12846660599874357 -0.03387942861462933 0.11933234380587389 -0.038219496606456592 0.030213360626351094 -0.020187565965167326 0.010433931424002802
leaf_weight=1376.7130302021978 53.963710587551759 6.9109607561549664 10.742388073886108 4.992907360850948 7.9881859260167403 8.4637066748691687 149.65871420847543 106.70687096907568
leaf_count=87212 11407 1027 4443 1828 4807 3087 18280 31193
internal_value=-6.63177e-05 0.000533515 0.0298502 -0.0149329 0.0223795 -0.00563514 6.4667e-05 -0.007442
internal_weight=1726.14 1659.2 26.1171 66.9448 12.9811 19.2061 1633.08 256.366
internal_count=163284 145242 8557 18042 6635 7530 136685 49473
is_linear=0
shrinkage=0.0750466


Tree=153
num_leaves=9
num_cat=0
split_feature=16 12 64 71 17 138 16 18
split_gain=2.81554 6.51262 4.92463 3.81827 5.38592 7.91863 3.10522 6.36356
threshold=2347.2300000000005 6.5000000000000009 476.68500000000006 1.5000000000000002 3.5000000000000004 12094.745000000001 -471.88999999999993 1.0000000180025095e-35
decision_type=2 2 2 2 2 8 2 2
left_child=3 -2 -3 4 6 -6 7 -1
right_child=1 2 -4 -5 5 -7 -8 -9
leaf_value=0.00087026914335081073 -0.065621200884310879 0.038026937077049364 -0.033505070949664477 0.024545969980598655 -0.0054417274281058489 0.047566696961161968 0.0024993922826602216 -0.012613274653221174
leaf_weight=530.55458113874192 12.102927549276499 11.098462539746835 10.594959848152937 35.981775580861722 31.496944065846037 31.993537091024336 748.61634514611796 313.680116070449
leaf_count=9629 1460 2005 3841 1379 1936 4522 97256 41256
internal_value=-6.79203e-05 -0.0215157 0.00309106 0.000360401 -0.000164998 0.0212698 -0.00101938 -0.00413962
internal_weight=1726.12 33.7963 21.6934 1692.32 1656.34 63.4905 1592.85 844.235
internal_count=163284 7306 5846 155978 154599 6458 148141 50885
is_linear=0
shrinkage=0.0750466


Tree=154
num_leaves=9
num_cat=0
split_feature=5 5 28 83 95 147 147 5
split_gain=2.49061 12.6529 6.18067 6.09185 5.57652 5.12759 4.71865 4.46385
threshold=61.500000000000007 67.500000000000014 1395.8750000000002 1407.6450000000002 4.5000000000000009 -2974.2299999999996 -9242.2649999999976 43.500000000000007
decision_type=2 2 2 2 2 8 10 2
left_child=4 2 -2 -4 7 6 -3 -1
right_child=1 5 3 -5 -6 -7 -8 -9
leaf_value=0.0016703694125272187 0.035390753041746999 -0.0085462749478687847 0.018422442001635467 -0.031824402820130368 0.024057478406657028 0.0030758487500335023 -0.04733582407639466 -0.0070112778212318982
leaf_weight=718.3393609486593 83.63211450522067 49.880608670486254 51.487196041205607 18.461897224478889 46.56256052707613 107.33876504088403 27.345120193538605 622.69973685894729
leaf_count=71457 2292 8203 4845 5193 3686 2775 1727 63106
internal_value=-6.69888e-05 0.00570832 0.0216223 0.00516062 -0.00147438 -0.00753417 -0.0222814 -0.00236088
internal_weight=1725.75 338.146 153.581 69.9491 1387.6 184.564 77.2257 1341.04
internal_count=163284 25035 12330 10038 138249 12705 9930 134563
is_linear=0
shrinkage=0.0750466


Tree=155
num_leaves=9
num_cat=0
split_feature=6 140 127 137 140 81 81 20
split_gain=2.53712 5.42337 3.26315 4.72351 4.34094 6.17532 4.78073 4.22496
threshold=289.50000000000006 7173.1900000000014 3655.5000000000005 18877.255000000001 5236.5900000000011 8797.7650000000012 3571.4900000000002 1.6450000000000002
decision_type=2 10 10 10 10 2 2 2
left_child=2 -2 -1 4 6 -6 -4 -8
right_child=1 -3 3 -5 5 -7 7 -9
leaf_value=0.00059564601974947541 0.027453835947510705 -0.01751677345991676 0.0028588571006268803 -0.029466495750320777 -0.014910635749921852 0.053560286245077235 -0.0045480501768751036 -0.047811334625725545
leaf_weight=1446.9339178777227 49.691706458841509 21.69837780735179 75.439168721233727 50.386542361036845 13.526123641378947 16.428638685909391 24.602584391963319 26.306067507299304
leaf_count=119534 2976 7172 3158 20646 1854 3147 1710 3087
internal_value=-6.63327e-05 0.0137854 -0.000664339 -0.00948491 -0.00304354 0.0226421 -0.00913314 -0.0269035
internal_weight=1725.01 71.3901 1653.62 206.689 156.303 29.9548 126.348 50.9087
internal_count=163284 10148 153136 33602 12956 5001 7955 4797
is_linear=0
shrinkage=0.0750466


Tree=156
num_leaves=9
num_cat=0
split_feature=0 139 125 7 12 141 0 12
split_gain=2.79366 6.74272 5.23419 2.72251 11.4744 9.37887 5.8301 5.14318
threshold=15842220.000000002 554.4000000000002 -367.86499999999995 2050.3150000000005 4.5000000000000009 1.0000000180025095e-35 34241628.000000007 5.5000000000000009
decision_type=2 8 8 2 2 8 2 2
left_child=1 2 -1 7 -5 -6 -7 -2
right_child=3 -3 -4 4 5 6 -8 -9
leaf_value=-0.055976454706763469 -0.011415021665762153 0.021553545552806651 -0.011642388641463124 0.037495105047574029 0.013174979368933288 0.0063111231542914963 -0.015639809117976383 0.0013600853119643513
leaf_weight=18.064965849065629 228.48054195937584 29.178993888868717 88.343561861751368 55.214306305395439 219.77933700184803 109.29550910780745 180.9899799474224 795.22845628694995
leaf_count=5388 4826 1903 9038 440 29327 9266 10221 92875
internal_value=-6.51643e-05 -0.0104053 -0.019169 0.000817156 0.0049975 0.00147965 -0.00737505 -0.00149118
internal_weight=1724.58 135.588 106.409 1588.99 565.279 510.065 290.285 1023.71
internal_count=163284 16329 14426 146955 49254 48814 19487 97701
is_linear=0
shrinkage=0.0750466


Tree=157
num_leaves=9
num_cat=0
split_feature=8 153 142 142 58 22 103 142
split_gain=3.76259 6.41409 5.21964 5.19488 2.87456 2.82965 3.58304 6.7526
threshold=-8804.7999999999975 7043.8650000000007 208324.80000000002 400242.26000000007 941.47000000000014 319.2050000000001 2.5000000000000004 1037556.6200000002
decision_type=2 10 10 10 2 2 2 8
left_child=1 4 -3 -4 -1 -2 -7 -8
right_child=5 2 3 -5 -6 6 7 -9
leaf_value=0.01664230604068458 0.0015420257859588107 -0.052198411949389956 0.055091484242813536 -0.021336962301524581 0.049847036253408333 -0.0030292655063601055 -0.03331575697971581 0.03399744746079747
leaf_weight=45.58781426326459 999.48009068045212 12.13656288799393 8.4441854643446295 12.311160821576776 21.660286021324282 563.7859461952321 50.807728614407097 10.05421095717247
leaf_count=4372 35431 1887 1776 4311 4297 82910 24936 3364
internal_value=-6.38622e-05 0.0140543 -0.0131032 0.00975748 0.0273374 -0.000934356 -0.00489674 -0.0221958
internal_weight=1724.27 100.14 32.8919 20.7553 67.2481 1624.13 624.648 60.8619
internal_count=163284 16643 7974 6087 8669 146641 111210 28300
is_linear=0
shrinkage=0.0750466


Tree=158
num_leaves=9
num_cat=0
split_feature=22 151 83 134 151 18 109 134
split_gain=2.59703 4.59911 3.05783 6.17927 2.57864 10.732 6.57694 7.31125
threshold=409658.84500000003 7.5000000000000009 2582.5950000000007 267444.00000000006 4.5000000000000009 252.93500000000003 1.0000000180025095e-35 878247.68000000005
decision_type=2 10 2 10 10 2 2 10
left_child=4 2 -2 -4 -1 -6 -7 -8
right_child=1 -3 3 -5 5 6 7 -9
leaf_value=-0.00093171896659891896 -0.029599548289343108 -0.075295823886846983 0.063392011036473794 -0.044891678536915995 0.03373431996741523 -0.02173948575882791 0.0024562638505982106 0.064209140020844643
leaf_weight=1417.7392631229523 14.942036250220555 6.8949523788687648 7.5411359108038578 4.8944138583465246 64.674049531298806 62.023624266694242 133.1718678362522 11.750661449350444
leaf_count=79768 2890 6923 3148 3164 4896 13773 43907 4815
internal_value=-6.32765e-05 -0.0205152 -0.00671893 0.0207735 0.000351639 0.00705021 -0.00128901 0.00746333
internal_weight=1723.63 34.2725 27.3776 12.4355 1689.36 271.62 206.946 144.923
internal_count=163284 16125 9202 6312 147159 67391 62495 48722
is_linear=0
shrinkage=0.0750466


Tree=159
num_leaves=9
num_cat=0
split_feature=33 151 13 22 151 107 22 107
split_gain=3.57065 4.06696 2.86163 2.99949 4.58903 5.59699 6.29321 6.65558
threshold=175039.38000000003 1.0000000180025095e-35 1.5000000000000002 319.2050000000001 5.5000000000000009 30.500000000000004 -5649.0549999999994 66.500000000000014
decision_type=2 10 2 2 10 2 2 2
left_child=2 -2 3 4 5 -1 -7 -8
right_child=1 -3 -4 -5 -6 6 7 -9
leaf_value=0.0048817816957789162 -0.010296138583303652 -0.075762178414670187 -0.021686448191657635 -0.0031242075636432609 0.019637465919341148 -0.028676118717921188 -0.0098772873781980946 0.028757676104535602
leaf_weight=718.54803944454761 22.169304315830235 7.0420541300882169 32.450584839563817 657.6734940075803 89.263759404850134 64.260984548753186 98.781567090132739 33.672582878687535
leaf_count=8185 2787 6821 808 117941 11713 6032 4135 4862
internal_value=-6.35907e-05 -0.0260782 0.000384833 0.000815723 0.00339523 0.00181116 -0.00940499 -5.5481e-05
internal_weight=1723.86 29.2114 1694.65 1662.2 1004.53 915.263 196.715 132.454
internal_count=163284 9608 153676 152868 34927 23214 15029 8997
is_linear=0
shrinkage=0.0750466


Tree=160
num_leaves=9
num_cat=0
split_feature=39 150 5 74 56 96 138 5
split_gain=2.50839 3.29215 4.06754 6.62059 3.0331 2.74157 6.54143 5.48555
threshold=313319.83000000002 29747.050000000003 63.500000000000007 1397.7000000000003 11582.655000000002 1.0000000180025095e-35 1513.9350000000002 45.500000000000007
decision_type=2 8 2 2 2 2 8 2
left_child=4 2 3 -2 5 -1 7 -7
right_child=1 -3 -4 -5 -6 6 -8 -9
leaf_value=-0.0024799378797208879 -0.066589297655741772 -0.052077248625756273 0.049640762471110052 0.042829236393525566 -0.025679395540117063 0.0029504439149414577 -0.00046727824377349369 0.025304470744406244
leaf_weight=793.23234720546316 8.2094389931808127 11.956480031440153 5.9483494837622848 5.018154198271076 24.888130380200892 125.68306223461695 626.1990289598325 121.68500971989124
leaf_count=39103 4481 3727 1368 1467 13571 5000 89745 4822
internal_value=-6.26936e-05 -0.0211714 -0.00190116 -0.0250792 0.000325774 0.000714075 0.00361436 0.0139468
internal_weight=1722.82 31.1324 19.1759 13.2276 1691.69 1666.8 873.567 247.368
internal_count=163284 11043 7316 5948 152241 138670 99567 9822
is_linear=0
shrinkage=0.0750466


Tree=161
num_leaves=9
num_cat=0
split_feature=11 145 33 5 112 12 27 58
split_gain=3.38739 8.08135 10.5275 6.64418 4.88089 13.835 4.22234 8.69249
threshold=93.555000000000021 inf 115002.37000000001 67.500000000000014 1532369.6600000001 7.5000000000000009 2.5000000000000004 1.0000000180025095e-35
decision_type=2 8 2 2 10 2 2 2
left_child=-1 2 3 4 6 -6 7 -2
right_child=1 -3 -4 -5 5 -7 -8 -9
leaf_value=-0.0029212345600883702 0.0035304422556905126 0.028754734696197732 -0.070361067583399051 -0.017842643245308581 0.10479012181984623 -0.033811621968513839 -0.00043494068588129201 0.040072663860583467
leaf_weight=990.94246374012801 135.52474862971576 66.503621377167292 11.34325951303981 79.022506428816996 9.4825039121933532 7.0877829152486802 372.47974004903517 50.257602033598232
leaf_count=23851 14488 3612 10188 10507 1900 3330 91358 4050
internal_value=-6.16149e-05 0.00381116 0.00131741 0.00256091 0.0053658 0.0455045 0.0041744 0.0134158
internal_weight=1722.64 731.702 665.198 653.855 574.832 16.5703 558.262 185.782
internal_count=163284 139433 135821 125633 115126 5230 109896 18538
is_linear=0
shrinkage=0.0750466


Tree=162
num_leaves=9
num_cat=0
split_feature=11 28 151 21 10 151 6 7
split_gain=2.89937 8.82676 7.25207 6.91973 6.55939 5.97426 5.33836 5.08147
threshold=52.845000000000006 1395.8750000000002 1.5000000000000002 1.0000000180025095e-35 1.0000000180025095e-35 1.0000000180025095e-35 227.50000000000003 3181.8900000000008
decision_type=2 2 10 2 2 10 2 2
left_child=-1 4 -3 -4 5 -2 -5 -8
right_child=1 2 3 6 -6 -7 7 -9
leaf_value=-0.0032107731785963726 -0.0054151224177870919 -0.017382063203460932 0.056841749777676621 0.0041966342828962284 0.024657087188952712 0.030003389284231307 -0.030086831278076546 0.020996016995326602
leaf_weight=842.49216447085928 119.62684559790068 139.54859611542997 12.701652256975647 361.29558909223852 147.64732507975714 34.573313167769811 51.190023958733946 13.957728777964801
leaf_count=18487 10156 21097 1010 84429 7032 2020 12444 6609
internal_value=-6.35493e-05 0.00294768 -0.0024789 0.00225693 0.0133514 0.00252608 0.000631119 -0.0191425
internal_weight=1723.03 880.541 578.694 439.145 301.847 154.2 426.443 65.1478
internal_count=163284 144797 125589 104492 19208 12176 103482 19053
is_linear=0
shrinkage=0.0750466


Tree=163
num_leaves=9
num_cat=0
split_feature=33 17 137 33 137 149 105 105
split_gain=3.06665 8.67935 4.41333 4.37577 9.49299 6.17179 3.6746 6.83389
threshold=32887.870000000003 2.5000000000000004 1316.4200000000003 1.0000000180025095e-35 2950.8750000000005 4024.5000000000005 1.0000000180025095e-35 1.5000000000000002
decision_type=2 2 8 2 8 8 2 2
left_child=3 2 -2 6 -5 -6 -1 -8
right_child=1 -3 -4 4 5 -7 7 -9
leaf_value=-0.0010292857099591095 0.01473596180135206 0.057283818019390871 -0.03332884694970515 0.066629644860097037 -0.0377082548697594 0.021226801164762513 0.038936856195526656 -0.0034373290204310508
leaf_weight=1496.6628889026979 13.433804443513511 8.3653179194661771 54.036534903792926 17.692721327650361 14.926357967822694 30.367830450282781 37.62859506237146 49.808769278293767
leaf_count=101749 2006 1969 23658 819 4406 3238 9533 15906
internal_value=-6.37039e-05 -0.0148191 -0.0237588 0.000615669 0.0200141 0.0018052 -0.000155649 0.0147984
internal_weight=1722.92 75.8357 67.4703 1647.09 62.9869 45.2942 1584.1 87.4374
internal_count=163284 27633 25664 135651 8463 7644 127188 25439
is_linear=0
shrinkage=0.0750466


Tree=164
num_leaves=9
num_cat=0
split_feature=8 6 7 6 6 7 134 23
split_gain=3.14782 4.58394 4.6149 11.9785 5.3758 3.80666 6.19755 5.44867
threshold=-8804.7999999999975 31.500000000000004 -1795.6649999999997 94.500000000000014 105.50000000000001 1.0000000180025095e-35 106977.60000000002 1.5000000000000002
decision_type=2 2 2 2 2 2 8 2
left_child=1 -1 4 -4 -3 6 -2 -8
right_child=5 2 3 -5 -6 -7 7 -9
leaf_value=0.048762431942937265 -0.03278781315150027 0.015875842536000249 -0.02067116554280507 0.057745721725972338 -0.038967884811156407 0.00048923898364432541 0.00756153141064021 -0.023293217767525184
leaf_weight=16.652760030563513 52.266943657072261 19.333413266613206 19.971324024809292 24.344188287745055 20.998801140827709 1423.8961586074183 97.302491051541438 48.201204325312574
leaf_count=2148 7169 3349 2122 3613 5411 117129 14288 8055
internal_value=-6.41173e-05 0.0127702 0.00568943 0.0224062 -0.0126783 -0.000865837 -0.010622 -0.00265976
internal_weight=1722.97 101.3 84.6477 44.3155 40.3322 1621.67 197.771 145.504
internal_count=163284 16643 14495 5735 8760 146641 29512 22343
is_linear=0
shrinkage=0.0750466


Tree=165
num_leaves=9
num_cat=0
split_feature=21 102 5 32 5 32 115 115
split_gain=2.44027 6.95193 3.81614 2.74078 7.36396 4.55598 3.27276 2.95803
threshold=1.0000000180025095e-35 1.0000000180025095e-35 43.500000000000007 1.5000000000000002 57.500000000000007 16.500000000000004 -1.0000000180025095e-35 1.0000000180025095e-35
decision_type=2 2 2 2 2 2 8 8
left_child=2 3 -1 6 5 7 -2 -5
right_child=1 -3 -4 4 -6 -7 -8 -9
leaf_value=0.019778756978978629 -0.016905066349027012 -0.030150364674297159 -0.0015525720398358621 -0.011613614958562038 0.039403209984888179 0.025929208432366204 0.0011212126003797007 -0.063228260576792164
leaf_weight=85.017572091892362 59.149562225211412 44.916703960447194 106.27936979092192 9.1523727870153415 9.6586793314636434 5.8142877306381697 1383.0196532250266 19.742921775479772
leaf_count=2814 4241 4688 2987 4409 2485 800 132489 8371
internal_value=-6.39951e-05 -0.00106225 0.00792765 -0.000183331 -0.0185552 -0.0346833 0.000381877 -0.0468797
internal_weight=1722.75 1531.45 191.297 1486.54 44.3683 34.7096 1442.17 28.8953
internal_count=163284 157483 5801 152795 16065 13580 136730 12780
is_linear=0
shrinkage=0.0750466


Tree=166
num_leaves=9
num_cat=0
split_feature=45 135 0 25 55 108 145 60
split_gain=2.58631 3.20903 5.53652 3.16302 7.06821 5.34918 5.30118 4.5725
threshold=1.0000000180025095e-35 -532.49999999999989 17055618.500000004 1.0000000180025095e-35 1.5000000000000002 1.0000000180025095e-35 19.500000000000004 433.49500000000006
decision_type=2 10 2 2 2 2 10 2
left_child=1 3 -3 6 5 -5 -1 -6
right_child=-2 2 -4 4 7 -7 -8 -9
leaf_value=-0.0018695893112993117 -0.024767126185713265 -0.042282167405799861 -0.0035505656539809604 0.0097603954675379023 -0.023964630194586469 0.061016800017276412 0.019985807185257703 0.043852111248148799
leaf_weight=1118.7721840999147 23.540166758135456 25.457641558215983 113.26628354827699 304.56463310603795 52.259175452563795 11.915697646014449 66.20411721313576 6.2713474531992679
leaf_count=38631 5159 4124 13373 67715 24420 2227 3129 4506
internal_value=-6.25453e-05 0.000279802 -0.0106583 0.00125249 0.00725944 0.0116902 -0.000648538 -0.0166983
internal_weight=1722.25 1698.71 138.724 1559.99 375.011 316.48 1184.98 58.5305
internal_count=163284 158125 17497 140628 98868 69942 41760 28926
is_linear=0
shrinkage=0.0750466


Tree=167
num_leaves=9
num_cat=0
split_feature=148 18 112 97 20 149 39 0
split_gain=2.47185 10.6675 9.6614 3.24161 22.5558 5.50352 3.8331 6.83824
threshold=5.9250000000000007 3102.7650000000003 529449.63500000013 147.50000000000003 3.8350000000000004 3075.5000000000005 313319.83000000002 26921913.500000004
decision_type=10 2 8 2 2 8 2 2
left_child=3 -2 -3 6 5 -5 -1 -8
right_child=1 2 -4 4 -6 -7 7 -9
leaf_value=-0.00046793409341010895 0.094303827580636768 -0.043373058957699585 0.0702441294068194 0.03822008310421908 -0.035455624519666731 0.11811354342283807 0.019293254221200016 -0.058833665935851813
leaf_weight=1628.9456859584643 8.1516261176002462 13.478460778605951 6.1332101693114955 9.66596816229867 19.807411493071413 9.7585242395289225 10.186333914480203 16.57912529859459
leaf_count=133411 552 4519 2715 2305 8966 2274 3396 5146
internal_value=-6.17686e-05 0.0221497 -0.00784125 -0.000425595 0.0208953 0.0783572 -0.000930792 -0.0291003
internal_weight=1722.71 27.7633 19.6117 1694.94 39.2319 19.4245 1655.71 26.7655
internal_count=163284 7786 7234 155498 13545 4579 141953 8542
is_linear=0
shrinkage=0.0750466


Tree=168
num_leaves=9
num_cat=0
split_feature=8 127 135 74 127 7 74 8
split_gain=2.58035 3.95479 4.48442 4.40182 3.39501 3.35862 6.89197 4.09594
threshold=-8804.7999999999975 510.50000000000006 -1444.9999999999998 659.20500000000015 2528.5000000000005 1.0000000180025095e-35 513.96500000000015 1.0000000180025095e-35
decision_type=2 10 10 2 10 2 2 2
left_child=1 -1 -3 -4 -5 6 -2 -7
right_child=5 2 3 4 -6 7 -8 -9
leaf_value=0.028184357181960485 -0.00083464560359423727 -0.029282938740384123 0.049592226646531838 -0.036047759301688284 0.020872779295992735 0.017946302216698948 -0.031582001759669139 -0.00045368862660372913
leaf_weight=44.88468558563909 137.74985581092187 20.895340813272924 12.891258421383098 10.766064241448477 13.061142132184612 71.751910652979859 58.490736472005665 1352.2658257220646
leaf_count=4280 13159 3981 2463 1947 3972 6288 16353 110841
internal_value=-6.44594e-05 0.0114831 -0.00152812 0.0142663 -0.00484615 -0.000794968 -0.00999909 0.000473431
internal_weight=1722.76 102.498 57.6138 36.7185 23.8272 1620.26 196.241 1424.02
internal_count=163284 16643 12363 8382 5919 146641 29512 117129
is_linear=0
shrinkage=0.0750466


Tree=169
num_leaves=9
num_cat=0
split_feature=6 142 60 141 60 55 112 6
split_gain=2.81801 7.06586 2.93486 3.57271 3.17871 3.05637 3.89908 5.88768
threshold=289.50000000000006 119646.00000000001 1079.3350000000003 2.2850000000000006 433.49500000000006 1.5000000000000002 164689.20000000004 94.500000000000014
decision_type=2 10 2 10 2 2 10 2
left_child=2 -2 4 -4 5 -1 -7 -8
right_child=1 -3 3 -5 -6 6 7 -9
leaf_value=0.00032723093981618752 0.043218973686544829 -0.0051313316903898844 -0.02534675065701723 0.022650896319519803 0.025236810192031375 -0.025240450417313976 -0.038101030958578259 0.027191363297688665
leaf_weight=1468.8161770946972 28.797431197941478 41.632358966948232 49.799411131683883 10.591766980989631 27.463060144447809 59.800961046872544 11.481859848601742 24.113730351498816
leaf_count=100925 1551 8597 11516 4461 4970 14854 4447 11963
internal_value=-6.31878e-05 0.0146382 -0.000689928 -0.0169286 -7.38006e-05 -0.000518182 -0.013535 0.00613038
internal_weight=1722.5 70.4298 1652.07 60.3912 1591.68 1564.21 95.3966 35.5956
internal_count=163284 10148 153136 15977 137159 132189 31264 16410
is_linear=0
shrinkage=0.0750466


Tree=170
num_leaves=9
num_cat=0
split_feature=6 134 16 83 16 22 22 137
split_gain=2.38205 5.47446 6.36799 4.47439 2.84114 7.74604 6.08697 10.6141
threshold=289.50000000000006 93605.400000000009 -118.94499999999998 2582.5950000000007 -609.50499999999988 -1525.53 -9370.4499999999989 106262.51500000001
decision_type=2 10 2 2 2 2 2 8
left_child=4 -2 -3 -4 6 -6 -1 -8
right_child=1 2 3 -5 5 -7 7 -9
leaf_value=0.004929032730990328 0.040102689373842676 0.030166793968567012 -0.05082104667330422 0.014979098850119431 0.022084715147311036 -0.00022272698522189763 -0.0026737504682148284 -0.027645324359049258
leaf_weight=294.72424652436166 26.8738630073276 18.88066079330747 16.342959381952827 9.0395234339521249 99.815825711062644 720.35458127008314 411.0673630369929 125.01883973899021
leaf_count=10794 1267 2046 2593 4242 2907 101597 32742 5096
internal_value=-6.18367e-05 0.0133843 -0.00283743 -0.0273875 -0.000641201 0.00249212 -0.00373439 -0.00849729
internal_weight=1722.12 71.137 44.2631 25.3825 1650.98 820.17 830.81 536.086
internal_count=163284 10148 8881 6835 153136 104504 48632 37838
is_linear=0
shrinkage=0.0750466


Tree=171
num_leaves=9
num_cat=0
split_feature=8 7 20 81 22 102 150 48
split_gain=2.42961 10.2644 15.6573 6.31313 5.89185 6.27893 5.19786 4.70933
threshold=9683.5850000000009 1261.8700000000001 1.0000000180025095e-35 1920.7850000000001 -9370.4499999999989 1.0000000180025095e-35 1376.0350000000003 1.0000000180025095e-35
decision_type=2 2 2 2 2 2 8 2
left_child=1 6 -3 -4 -2 7 -1 -6
right_child=4 2 3 -5 5 -7 -8 -9
leaf_value=-0.016202391528334279 0.0081880652637585389 0.0033071589410854961 0.021958914432232107 0.062426548404755713 -0.0071536826143130073 -0.042230997548801379 0.00067025070743663938 0.014139859393180479
leaf_weight=137.51420039340883 204.34884691255138 239.67684875125269 47.666491690564726 39.873467292913119 553.45862381574989 26.464700571184949 407.69485548829107 65.408983653825999
leaf_count=12395 6183 5572 1349 3761 68794 2961 48305 13964
internal_value=-6.10223e-05 0.00272082 0.0132283 0.0403915 -0.00291733 -0.00643393 -0.00358542 -0.00490314
internal_weight=1722.11 872.426 327.217 87.54 849.681 645.332 545.209 618.868
internal_count=163284 71382 10682 5110 91902 85719 60700 82758
is_linear=0
shrinkage=0.0750466


Tree=172
num_leaves=9
num_cat=0
split_feature=11 139 16 5 120 83 12 85
split_gain=2.76594 7.43845 5.31576 5.3085 5.45858 6.50375 11.8394 9.7205
threshold=93.555000000000021 2994.6850000000004 -253.11499999999998 67.500000000000014 211140.00000000003 2582.5950000000007 8.5000000000000018 39354.150000000009
decision_type=2 8 2 2 10 2 2 2
left_child=-1 3 -3 4 -2 -6 7 -7
right_child=1 2 -4 -5 5 6 -8 -9
leaf_value=-0.0026544041815648521 -0.0021742363167455091 0.042849252132776426 0.0038460932032367565 -0.017648162127796102 0.0012003071489409343 0.050529043161229734 -0.029997941223509711 -0.033280684258097548
leaf_weight=987.58925235223433 370.37586623577226 43.303999659852707 36.074755917736184 77.471290428038628 115.10856588906609 66.050168008507171 16.266357617270842 8.8367652137021633
leaf_count=23851 69302 2550 4896 10642 16460 18219 11745 5619
internal_value=-6.16557e-05 0.0034293 0.0251237 0.000796589 0.00327464 0.013059 0.0280341 0.0406394
internal_weight=1721.08 733.488 79.3788 654.109 576.638 206.262 91.1533 74.8869
internal_count=163284 139433 7446 131987 121345 52043 35583 23838
is_linear=0
shrinkage=0.0750466


Tree=173
num_leaves=9
num_cat=0
split_feature=5 97 107 97 5 85 85 85
split_gain=2.49849 11.8867 8.65588 8.33553 7.74283 9.02561 7.74099 8.77043
threshold=61.500000000000007 14.500000000000002 30.500000000000004 36.500000000000007 34.500000000000007 8269.6500000000015 32844.585000000006 70419.000000000015
decision_type=2 2 2 2 2 2 2 2
left_child=3 -2 -3 -1 -5 -6 -7 -8
right_child=1 2 -4 4 5 6 7 -9
leaf_value=-0.0042453361025842967 0.015501352383946641 0.017208410058360109 -0.028728809148569883 0.035146861385694304 -0.0042688909170082619 0.065840335729554514 -0.04248245545978005 0.062530830230698345
leaf_weight=1128.9660612849875 227.37958376719325 33.29513962630881 75.457381786800397 56.960090537868382 159.06472289633894 21.769969979344751 11.093606416874538 7.5122696334292405
leaf_count=81050 9280 1039 14716 10674 25451 9497 6741 4836
internal_value=-6.28802e-05 0.00574133 -0.0146649 -0.00147116 0.0107439 0.00377444 0.035462 -8.25107e-05
internal_weight=1721.5 336.132 108.753 1385.37 256.401 199.441 40.3758 18.6059
internal_count=163284 25035 15755 138249 57199 46525 21074 11577
is_linear=0
shrinkage=0.0750466


Tree=174
num_leaves=9
num_cat=0
split_feature=16 127 9 16 146 22 22 127
split_gain=2.27728 5.95887 7.52743 2.79307 6.21569 5.47083 4.89206 10.4736
threshold=2347.2300000000005 753.50000000000011 1388.5400000000002 -609.50499999999988 1.0000000180025095e-35 -1525.53 -9370.4499999999989 3233.5000000000005
decision_type=2 10 2 2 10 2 2 8
left_child=3 -2 -3 4 6 -5 7 -1
right_child=1 2 -4 5 -6 -7 -8 -9
leaf_value=-0.010814572646475961 -0.0598735440506648 0.061233919658776607 -0.032390931898627108 0.019585526266654048 0.026014072008557553 0.0011219952813561252 -0.008512972495683932 0.017397055575887482
leaf_weight=145.36044672470598 12.704401383824004 8.1741652131240716 11.844584447866508 103.16450571379391 40.465015501893504 729.50144453640314 519.02657437291782 151.21062376506598
leaf_count=7284 1820 2490 2996 2852 4168 102772 35912 2990
internal_value=-6.5027e-05 -0.0196735 0.00583848 0.000314934 -0.00269512 0.00340956 -0.0041195 0.00356949
internal_weight=1721.45 32.7232 20.0187 1688.73 856.063 832.666 815.598 296.571
internal_count=163284 7306 5486 155978 50354 105624 46186 10274
is_linear=0
shrinkage=0.0750466


Tree=175
num_leaves=9
num_cat=0
split_feature=10 22 141 8 135 128 135 150
split_gain=2.56243 5.40301 6.51775 4.70795 5.26754 3.19308 2.96639 5.42702
threshold=-3005.3049999999998 54211.545000000006 10.535000000000002 -8804.7999999999975 -989.49999999999989 927.0150000000001 -348.99999999999994 552.33500000000015
decision_type=2 2 8 2 8 8 10 10
left_child=1 5 -3 4 -2 -1 -5 -8
right_child=3 2 -4 6 -6 -7 7 -9
leaf_value=0.026707251749988736 0.0011700879611552329 -0.070257063754814567 0.052212413702146597 0.00059545251524694819 0.046232626843706041 -0.01189718103961101 0.0031177634012871363 -0.035287983550852033
leaf_weight=15.583509742897149 32.533065998148231 14.641480794001838 2.9385914760605365 1491.1954770472839 26.517970546497963 53.473784263544076 46.761931974382605 37.211928985478153
leaf_count=2936 4599 11755 2327 121448 2061 9574 2084 6500
internal_value=-6.42553e-05 -0.0126416 -0.0497857 0.000602524 0.0214063 -0.00318568 -0.000177381 -0.0139012
internal_weight=1720.86 86.6374 17.5801 1634.22 59.051 69.0573 1575.17 83.9739
internal_count=163284 26592 14082 136692 6660 12510 130032 8584
is_linear=0
shrinkage=0.0750466


Tree=176
num_leaves=9
num_cat=0
split_feature=5 97 138 97 5 5 27 27
split_gain=2.12684 10.0345 7.82225 7.21411 6.53522 6.3527 8.47115 16.5623
threshold=61.500000000000007 14.500000000000002 1513.9350000000002 36.500000000000007 67.500000000000014 34.500000000000007 7.5000000000000009 11.500000000000002
decision_type=2 2 10 2 2 2 2 2
left_child=3 4 -3 -1 -2 6 -5 -8
right_child=1 2 -4 5 -6 -7 7 -9
leaf_value=-0.0039623031066502792 0.027743337861953113 0.020974292540067021 -0.025565448422682123 0.0083500490193396688 0.0023637060125781448 0.0035749261205001016 0.15716699379288473 0.022674674770637469
leaf_weight=1125.1241480334029 106.49040152465022 27.304663254792104 79.7381146355292 35.08814909720968 123.30588049219659 199.87616335943676 7.6592344624150455 15.784184141939475
leaf_count=81050 4598 1492 14263 3527 4682 46525 1801 5346
internal_value=-6.32766e-05 0.00528446 -0.013694 -0.00136525 0.0141249 0.00994247 0.0316866 0.0666149
internal_weight=1720.37 336.839 107.043 1383.53 229.796 258.408 58.5316 23.4434
internal_count=163284 25035 15755 138249 9280 57199 10674 7147
is_linear=0
shrinkage=0.0750466


Tree=177
num_leaves=9
num_cat=0
split_feature=64 131 150 8 131 107 137 150
split_gain=2.23601 3.96916 5.56832 2.73024 4.3198 13.5402 5.96641 5.8237
threshold=25194.515000000003 1565.9550000000002 22906.025000000005 -8804.7999999999975 392.95500000000004 12.500000000000002 2950.8750000000005 1.0000000180025095e-35
decision_type=2 10 8 2 10 2 8 10
left_child=3 -2 -3 -1 -5 -6 -7 -8
right_child=1 2 -4 4 5 6 7 -9
leaf_value=0.012511751138513284 -0.022154689837811922 0.10998049876972209 -0.029139877446399998 0.00082781679239079945 0.060266218727258666 0.014503349445297471 -0.066730590635352721 -0.020377321769560756
leaf_weight=99.055653072871792 49.115688634588878 3.2363955301116212 3.2449525589618133 1440.3786767331585 12.547649782849474 20.698204962725871 19.307230448896007 72.913839154123707
leaf_count=14424 16703 2037 2548 98540 159 1604 2194 25075
internal_value=-6.5568e-05 -0.0148706 0.0403285 0.000428824 -0.000335543 -0.0136911 -0.0219093 -0.0300818
internal_weight=1720.5 55.597 6.48135 1664.9 1565.85 125.467 112.919 92.2211
internal_count=163284 21288 4585 141996 127572 29032 28873 27269
is_linear=0
shrinkage=0.0750466


Tree=178
num_leaves=9
num_cat=0
split_feature=33 33 12 143 7 12 5 129
split_gain=2.90541 3.85051 3.95589 5.09336 2.50901 10.0191 5.70841 7.1375
threshold=175039.38000000003 453889.19500000007 5.5000000000000009 35776.500000000007 2050.3150000000005 4.5000000000000009 59.500000000000007 1.0000000180025095e-35
decision_type=2 2 2 8 2 2 2 8
left_child=4 2 -2 -4 -1 -6 7 -7
right_child=1 -3 3 -5 5 6 -8 -9
leaf_value=-0.0018274749797282919 -0.07920416352379657 0.021795723793885301 -0.063002281901493568 0.035737797673412869 0.03393002103711077 0.028560921764420755 0.013678430939816829 -0.0067020125457978169
leaf_weight=1085.5745968153533 8.7221206992107962 7.5497124151588642 5.7550971643722706 6.0198357070621578 57.757562529179268 35.466910855269816 147.72500118787138 365.19982955220621
leaf_count=101516 829 2402 5560 817 408 4476 13748 33528
internal_value=-6.50264e-05 -0.0240215 -0.0408974 -0.0125222 0.000332143 0.00419988 0.00106865 -0.00358055
internal_weight=1719.77 28.0468 20.4971 11.7749 1691.72 606.149 548.392 400.667
internal_count=163284 9608 7206 6377 153676 52160 51752 38004
is_linear=0
shrinkage=0.0750466


Tree=179
num_leaves=9
num_cat=0
split_feature=11 145 51 6 20 20 80 6
split_gain=2.56673 4.86192 4.86129 6.87849 5.59179 6.7831 9.25312 5.02454
threshold=93.555000000000021 1.0000000180025095e-35 1.0000000180025095e-35 289.50000000000006 16705.170000000002 295034.38000000006 2.5000000000000004 131.50000000000003
decision_type=2 10 2 2 2 2 2 2
left_child=-1 -2 4 -4 -3 6 -6 -8
right_child=1 2 3 -5 5 -7 7 -9
leaf_value=-0.0025665124574354038 0.022159506351130034 0.0011950483234207034 -0.017794295087366109 0.086348774045774263 0.012204752881154957 -0.027000611090377102 0.11190857379990769 0.038114277997149261
leaf_weight=984.93499258725933 69.65445164652192 493.32218848942648 96.292074459681317 3.7094565059232982 37.58035342018411 12.248138063965596 10.279260637311383 10.509338337818916
leaf_count=23851 3612 44691 74027 3651 5417 3179 1780 3076
internal_value=-6.34807e-05 0.00329712 0.00131826 -0.0139312 0.0040224 0.0237739 0.0344284 0.0746031
internal_weight=1718.53 733.595 663.941 100.002 563.939 70.6171 58.369 20.7886
internal_count=163284 139433 135821 77678 58143 13452 10273 4856
is_linear=0
shrinkage=0.0750466


Tree=180
num_leaves=9
num_cat=0
split_feature=4 133 39 9 64 116 27 57
split_gain=2.1493 3.02951 3.07433 3.56516 2.71846 4.67276 5.21713 4.21166
threshold=1.5000000000000002 1.0000000180025095e-35 351900.43000000005 1656.3400000000004 11572.960000000001 26569.950000000004 15.500000000000002 6.5000000000000009
decision_type=2 10 2 2 2 10 2 2
left_child=1 2 4 -4 7 -6 -7 -1
right_child=-2 -3 3 -5 5 6 -8 -9
leaf_value=0.0004079846431142478 -0.015613641207538248 0.018677765039890899 -0.045944578311086656 0.0097102100440561116 -0.016802235134406245 -0.016899308631609367 0.10893045817177346 0.025922745832567828
leaf_weight=1460.038483727174 48.645967155884136 49.499135003337869 17.220893874902689 10.395549919805488 88.349410230643116 3.7611643494674345 3.6632482881250326 37.368664567133237
leaf_count=106553 2213 406 7216 2962 29307 1790 2805 10032
internal_value=-6.39282e-05 0.000388944 -0.000169596 -0.0249947 0.000260725 -0.0119969 0.0451858 0.00104472
internal_weight=1718.94 1670.3 1620.8 27.6164 1593.18 95.7738 7.42441 1497.41
internal_count=163284 161071 160665 10178 150487 33902 4595 116585
is_linear=0
shrinkage=0.0750466


Tree=181
num_leaves=9
num_cat=0
split_feature=10 22 120 148 99 5 5 5
split_gain=2.44509 4.93798 4.58894 3.90468 2.52905 3.29069 6.95304 4.2441
threshold=-3005.3049999999998 54211.545000000006 154836.00000000003 2.3450000000000002 1.0000000180025095e-35 61.500000000000007 67.500000000000014 43.500000000000007
decision_type=2 2 8 8 2 2 2 2
left_child=1 2 -1 -3 5 7 -7 -2
right_child=4 3 -4 -5 -6 6 -8 -9
leaf_value=-0.041146187629597666 0.0022285626588938439 -0.064741165149393542 0.0063986851541155878 0.03262992880824743 0.013433696548675763 0.019171154864879265 -0.0037960403125893256 -0.0065433520370768682
leaf_weight=14.443332473812914 680.0872831237175 14.125362099995984 54.858568118619587 2.7751526336651287 81.988114744228369 140.04297952173511 157.98498156989808 571.83642536857587
leaf_count=2589 60443 11759 9921 2323 4133 9860 10388 51868
internal_value=-6.21851e-05 -0.0123802 -0.00351023 -0.0487523 0.000588479 -9.09974e-05 0.00699622 -0.00177815
internal_weight=1718.14 86.2024 69.3019 16.9005 1631.94 1549.95 298.028 1251.92
internal_count=163284 26592 12510 14082 136692 132559 20248 112311
is_linear=0
shrinkage=0.0750466


Tree=182
num_leaves=9
num_cat=0
split_feature=82 95 6 82 83 83 153 147
split_gain=2.50143 8.22873 4.62453 3.36925 5.93202 8.0562 3.90261 4.90681
threshold=6.5000000000000009 1.0000000180025095e-35 189.50000000000003 4.5000000000000009 78894.220000000016 37776.215000000004 475.06500000000005 -23472.079999999998
decision_type=2 2 2 2 2 2 10 8
left_child=3 2 -2 -1 5 6 -5 -8
right_child=1 -3 -4 4 -6 -7 7 -9
leaf_value=-9.0036829508631912e-05 -0.0399252190402982 0.045444497845353579 0.02147807293226716 0.042895176456075407 -0.025310156214633544 0.081138956441180021 0.027108581820171285 -0.076001684173361728
leaf_weight=1616.1709901728718 38.331997555531416 10.230577843383797 8.4264534102221642 8.6533818893367442 11.5672460392052 13.684112233378981 5.1119688577819034 5.2882359158757009
leaf_count=127401 14339 2445 4786 1051 4140 4472 2548 2102
internal_value=-6.09173e-05 -0.0155206 -0.0288596 0.000469674 0.020887 0.0372099 0.00566044 -0.0253203
internal_weight=1717.46 56.989 46.7585 1660.48 44.3049 32.7377 19.0536 10.4002
internal_count=163284 21570 19125 141714 14313 10173 5701 4650
is_linear=0
shrinkage=0.0750466


Tree=183
num_leaves=9
num_cat=0
split_feature=27 113 27 24 151 113 27 151
split_gain=2.55425 3.3596 2.33279 3.53367 2.51011 2.45558 2.2145 5.45298
threshold=35.500000000000007 -1355.4999999999998 23.500000000000004 4.5000000000000009 18.500000000000004 -653.99999999999989 2.5000000000000004 1.5000000000000002
decision_type=2 10 2 2 10 8 2 10
left_child=2 -2 6 4 -4 -5 -1 -8
right_child=1 -3 3 5 -6 -7 7 -9
leaf_value=0.0016999840439534005 0.018224472740562186 -0.043461484806589283 0.016157234284769669 0.013310962679985532 0.062874762323369748 -0.059413214656308992 -0.019883481523670282 -0.00043181783570473488
leaf_weight=1136.9412592708322 7.1537448410272217 16.308366629240481 19.401214704925227 5.9133666415327752 9.723647915026957 4.6879437747520551 100.81648177606257 416.46131283240902
leaf_count=39151 2600 8460 4052 3881 2825 3736 15190 83389
internal_value=-6.11502e-05 -0.024653 0.000279462 0.0182507 0.0317544 -0.018848 -0.000152118 -0.00422291
internal_weight=1717.41 23.4621 1693.95 39.7262 29.1249 10.6013 1654.22 517.278
internal_count=163284 11060 152224 14494 6877 7617 137730 98579
is_linear=0
shrinkage=0.0750466


Tree=184
num_leaves=9
num_cat=0
split_feature=50 16 120 80 120 16 82 16
split_gain=2.2757 3.13323 5.44365 3.75454 6.13142 7.65999 6.79818 4.55671
threshold=1.0000000180025095e-35 2347.2300000000005 586837.18000000005 4.5000000000000009 493684.90500000009 -2274.0149999999999 1.5000000000000002 -68.659999999999982
decision_type=2 2 8 2 10 2 2 2
left_child=1 3 -3 -1 5 -5 -7 -8
right_child=-2 2 -4 4 -6 6 7 -9
leaf_value=-0.00015393938460211661 -0.020603009589622367 0.00074273236328752568 -0.064628481649186234 -0.042224400964603823 0.05849153741741487 -0.020024851784849636 0.063200394353179937 0.015381245914369493
leaf_weight=1557.6318615338969 29.840772910825763 19.413585921909547 11.379637170459317 14.713635086114662 15.372848637463902 19.495128093200037 17.408238388958125 31.587065316783992
leaf_count=122623 11035 4182 2149 3191 5111 3376 3405 8212
internal_value=-5.94371e-05 0.000303951 -0.0234152 0.000744951 0.0149485 0.00690344 0.0174575 0.0323716
internal_weight=1716.84 1687 30.7932 1656.21 98.5769 83.2041 68.4904 48.9953
internal_count=163284 152249 6331 145918 23295 18184 14993 11617
is_linear=0
shrinkage=0.0750466


Tree=185
num_leaves=9
num_cat=0
split_feature=125 74 153 48 153 112 74 153
split_gain=2.10899 3.82367 5.0889 2.47419 5.24656 3.96589 3.74984 3.68342
threshold=-28173.074999999993 2305.3550000000005 2563.0050000000006 1.0000000180025095e-35 3489.6750000000006 228031.20000000004 1660.8950000000002 299.11500000000007
decision_type=8 2 10 2 10 10 2 10
left_child=1 2 -1 -2 6 -6 7 -5
right_child=3 -3 -4 4 5 -7 -8 -9
leaf_value=-0.031074430255175253 -0.00051688212646240812 -0.044757217249087045 0.052963449679895282 0.01853428012665086 0.0033312290072486672 -0.060488147572279466 0.02938501316280874 -0.026036344873638113
leaf_weight=9.0513718703732611 1556.6014276566002 16.24621881821804 7.3565493002970461 25.904808304272592 13.684145582523344 9.1515111577828048 61.415726181152422 17.495573558499018
leaf_count=1623 133274 5050 3797 1995 3478 4640 4778 4649
internal_value=-5.94195e-05 -0.0189493 0.00660425 0.000306816 0.0103511 -0.0222447 0.0174525 0.000566958
internal_weight=1716.91 32.6541 16.4079 1684.25 127.652 22.8357 104.816 43.4004
internal_count=163284 10470 5420 152814 19540 8118 11422 6644
is_linear=0
shrinkage=0.0750466


Tree=186
num_leaves=9
num_cat=0
split_feature=0 149 138 56 20 112 139 149
split_gain=2.51939 6.18038 4.44606 5.57125 3.87352 2.92112 3.0179 3.08999
threshold=15842220.000000002 2810.5000000000005 8664.0150000000012 1493.2650000000001 104.79500000000002 720815.33500000008 1.0000000180025095e-35 4894.5000000000009
decision_type=2 8 10 2 2 10 8 10
left_child=1 -1 -3 -4 -5 -2 7 -7
right_child=5 2 3 4 -6 6 -8 -9
leaf_value=-0.040406655669429706 2.1792557239232494e-05 0.0097446494225789729 -0.038367437079564214 -0.017657934676859811 0.090361312165319743 0.011402350975845596 -0.018862480007846943 0.047607105432946412
leaf_weight=29.304743700016843 1500.9958208960124 68.701390031259507 27.970442760910373 3.8706451064172134 3.6166614684625529 51.535010740721191 12.850184066803193 17.883951494854045
leaf_count=2862 130962 2856 5931 1730 2950 7731 3803 4459
internal_value=-5.82408e-05 -0.00996023 -0.00139426 -0.0229765 0.0345196 0.000776464 0.0145454 0.0207295
internal_weight=1716.73 133.464 104.159 35.4577 7.48731 1583.26 82.2691 69.419
internal_count=163284 16329 13467 10611 4680 146955 15993 12190
is_linear=0
shrinkage=0.0750466


Tree=187
num_leaves=9
num_cat=0
split_feature=8 12 153 107 135 134 84 9
split_gain=2.23041 7.82074 4.30533 6.77254 5.55863 8.87988 4.65086 7.12481
threshold=9683.5850000000009 4.5000000000000009 1026.3750000000002 12.500000000000002 -1048.9999999999998 360218.03500000009 4.5000000000000009 2299.4850000000006
decision_type=2 2 8 2 10 10 2 2
left_child=-1 -2 4 -4 -3 -6 -5 -8
right_child=1 2 3 6 5 -7 7 -9
leaf_value=0.0026060967778815435 0.01793645565894934 0.0057932919724482659 0.0052128707739312174 -0.021523002040260666 -0.023313625202542092 0.019940280711451989 0.052235783145964013 -0.050844324450237101
leaf_weight=871.65300626892713 91.320124691003002 281.59897995906795 94.644653222872876 218.23340495432785 106.16134661835531 35.727181368434685 11.689829445775105 5.5786836979277714
leaf_count=71382 1033 19528 1216 47693 6827 3466 9387 2752
internal_value=-5.72781e-05 -0.00280481 -0.00531809 -0.0117423 -0.000309834 -0.0124224 -0.0185563 0.0189352
internal_weight=1716.61 844.954 753.634 330.147 423.488 141.889 235.502 17.2685
internal_count=163284 91902 90869 61048 29821 10293 59832 12139
is_linear=0
shrinkage=0.0750466


Tree=188
num_leaves=9
num_cat=0
split_feature=33 147 21 149 27 149 123 147
split_gain=2.61697 3.87296 2.08275 2.47381 4.95863 5.12808 3.96371 4.75588
threshold=175039.38000000003 -1.0000000180025095e-35 1.0000000180025095e-35 636.50000000000011 2.5000000000000004 1714.5000000000002 5.5000000000000009 -7681.6749999999993
decision_type=2 8 2 10 2 10 10 10
left_child=2 -2 -1 -4 -5 -6 7 -7
right_child=1 -3 3 4 5 6 -8 -9
leaf_value=0.0079349264156194817 -0.069153947675700947 -0.0058389899998563073 -0.0051372900765671572 0.00643227636956566 -0.018803188542268888 0.0090622943143457216 -0.013932348216884674 -0.013170857981419653
leaf_weight=180.49592470024072 7.4658213161019376 20.064037452852066 466.42074431243236 539.54806189553346 103.63464108916014 237.48253179820313 89.784460298564227 70.205167509371677
leaf_count=4427 7189 2419 23522 20347 18067 57133 23174 7006
internal_value=-5.76846e-05 -0.0230094 0.000316733 -0.000595665 0.00143989 -0.00393548 -5.89577e-05 0.00398935
internal_weight=1715.1 27.5299 1687.57 1507.08 1040.65 501.107 397.472 307.688
internal_count=163284 9608 153676 149249 125727 105380 87313 64139
is_linear=0
shrinkage=0.0750466


Tree=189
num_leaves=9
num_cat=0
split_feature=24 24 95 28 27 120 120 81
split_gain=2.30138 4.49243 7.65742 6.68335 6.38213 10.6885 8.51871 5.57432
threshold=1.0000000180025095e-35 8.5000000000000018 1.0000000180025095e-35 7437.8550000000005 8.5000000000000018 211140.00000000003 305273.25000000006 110435.25500000002
decision_type=2 2 2 2 2 10 8 2
left_child=-1 7 4 -4 5 -3 -7 -2
right_child=1 2 3 -5 -6 6 -8 -9
leaf_value=-0.0016187979533382291 0.013211276879509017 -0.020398011077921569 -0.017982887322239616 0.070840219199395774 -0.043360531412325785 0.11099290288717659 0.00083510017237210484 -0.01922029736727237
leaf_weight=1296.0313927587849 268.56138783849929 47.739359853469068 8.0312394356005843 11.752463233066008 32.809167589499339 7.2034754356427557 8.763860956467397 33.580278540117433
leaf_count=48497 43712 15603 1092 4938 27999 2746 4476 14221
internal_value=-5.64794e-05 0.00478246 -0.00775098 0.0347823 -0.0164694 -0.00262036 0.0505315 0.0096068
internal_weight=1714.47 418.441 116.3 19.7837 96.5159 63.7067 15.9673 302.142
internal_count=163284 114787 56854 6030 50824 22825 7222 57933
is_linear=0
shrinkage=0.0750466


Tree=190
num_leaves=9
num_cat=0
split_feature=80 83 25 147 127 10 127 149
split_gain=2.01137 5.46512 10.4575 5.8482 8.51021 4.92111 4.73434 4.38933
threshold=2.5000000000000004 1.0000000180025095e-35 7648.2250000000013 -21440.649999999998 4159.5000000000009 -39.959999999999987 2292.5000000000005 942.50000000000011
decision_type=2 2 2 10 8 2 10 8
left_child=-1 6 7 -4 5 -5 -2 -3
right_child=1 2 3 4 -6 -7 -8 -9
leaf_value=-0.001092568631216773 0.0028757091915034578 -0.0082457714568811985 -0.025631627663244946 -0.023525137503924883 0.092524632795159351 0.05339129413611364 -0.037959784958489305 0.036980555587131543
leaf_weight=1475.9514869706309 46.600171555830457 14.22283627597062 42.475916628096456 17.86116008257887 6.6452972594852318 6.3503606547383233 24.34253360348157 80.437651140338858
leaf_count=106452 5992 1891 19509 7028 2107 1976 4735 13594
internal_value=-5.84655e-05 0.00632938 0.013705 -0.00756832 0.0172967 -0.00335098 -0.0111362 0.0301853
internal_weight=1714.89 238.936 167.993 73.3327 30.8568 24.2115 70.9427 94.6605
internal_count=163284 56832 46105 30620 11111 9004 10727 15485
is_linear=0
shrinkage=0.0750466


Tree=191
num_leaves=9
num_cat=0
split_feature=46 120 72 142 27 72 72 31
split_gain=1.993 7.32911 5.84587 4.64017 3.1191 2.13021 8.75308 5.35009
threshold=1.0000000180025095e-35 588362.69500000007 1057.6200000000001 91494.000000000015 2.5000000000000004 387.90500000000003 1708.4500000000003 3706.1800000000007
decision_type=2 8 2 8 2 2 2 2
left_child=5 2 3 -2 -5 7 -7 -1
right_child=1 -3 -4 4 -6 6 -8 -9
leaf_value=0.00647326099786947 0.033522821067488572 -0.041160871966354026 0.021774206816297392 -0.0030961139992299151 -0.064418026080220112 -0.022156390576749584 0.00081999309425043003 -0.018047843511549772
leaf_weight=532.75868184774117 6.0466837204876382 30.208079045638442 39.373059904544789 7.4561008070231791 12.508690217402544 103.8336224209088 927.63228840710144 55.315073953759565
leaf_count=73262 2116 4346 3336 1093 7776 7118 37911 26326
internal_value=-5.9354e-05 -0.0105891 0.00353522 -0.0240728 -0.0415166 0.000562161 -0.00149295 0.00416677
internal_weight=1715.13 95.5926 65.3845 26.0115 19.9648 1619.54 1031.47 588.074
internal_count=163284 18667 14321 10985 8869 144617 45029 99588
is_linear=0
shrinkage=0.0750466


Tree=192
num_leaves=9
num_cat=0
split_feature=58 127 80 120 140 135 30 8
split_gain=2.07276 6.30712 4.25269 7.37852 5.2024 4.54281 4.46754 4.09031
threshold=232.54500000000004 753.50000000000011 5.5000000000000009 493684.90500000009 8303.6200000000008 -228.49999999999997 8.5000000000000018 9683.5850000000009
decision_type=2 8 2 10 8 10 2 2
left_child=-1 -2 5 4 -4 6 7 -3
right_child=1 2 3 -5 -6 -7 -8 -9
leaf_value=-0.0018378393629774083 0.020604471562812761 0.0093576569501721378 0.046718083726068137 0.083830331276125949 -0.021686536099090645 -0.038495863037596036 -0.039027922590023523 -0.0063919396496879373
leaf_weight=1170.6904812613975 101.8548806951294 178.05180715550159 10.24373811917758 8.9321049611371546 16.108310599152901 18.610409210923535 16.274164851045498 194.12492559812745
leaf_count=63144 13895 23112 2192 4754 6322 3047 7158 39660
internal_value=-5.89641e-05 0.00376777 -0.00010906 0.0248841 0.00490415 -0.00227547 -0.000540181 0.00114277
internal_weight=1714.89 544.2 442.345 35.2842 26.352 407.061 388.451 372.177
internal_count=163284 100140 86245 13268 8514 72977 69930 62772
is_linear=0
shrinkage=0.0750466


Tree=193
num_leaves=9
num_cat=0
split_feature=96 153 151 135 112 135 7 85
split_gain=1.94739 5.43563 4.89661 8.24536 4.87567 6.17296 3.41167 3.4782
threshold=1.0000000180025095e-35 651.0150000000001 4.5000000000000009 -1840.4999999999998 114015.60000000002 -1749.9999999999998 -1795.6649999999997 23510.590000000004
decision_type=2 8 8 8 8 10 2 2
left_child=-1 4 6 -4 -2 -6 -3 -8
right_child=1 2 3 -5 5 -7 7 -9
leaf_value=-0.0027641167511869339 0.019107715186074802 -0.042711489335848167 0.059486706872795614 7.1107787459493427e-05 -0.017998757343184596 0.0085689426213680676 -0.012558140748338775 0.025941373370739474
leaf_weight=799.86297809414646 154.33823809331807 19.109857521616505 13.800243379348101 281.06672941769648 63.889024574418727 215.02961434187455 153.81322011830707 14.458479186330804
leaf_count=42980 9294 4153 4540 57885 4455 12459 19429 8089
internal_value=-5.89021e-05 0.0023046 -0.00317643 0.00285185 0.00840542 0.00248335 -0.0126626 -0.00925013
internal_weight=1715.37 915.505 482.249 294.867 433.257 278.919 187.382 168.272
internal_count=163284 120304 94096 62425 26208 16914 31671 27518
is_linear=0
shrinkage=0.0750466


Tree=194
num_leaves=9
num_cat=0
split_feature=33 5 147 33 151 5 5 151
split_gain=2.2963 8.49549 7.81655 6.63864 7.00389 2.8848 6.44287 6.48998
threshold=17595.285000000003 42.500000000000007 -21440.649999999998 1.0000000180025095e-35 16.500000000000004 67.500000000000014 63.500000000000007 1.5000000000000002
decision_type=2 2 8 2 8 2 2 10
left_child=3 -2 -3 5 -5 6 7 -1
right_child=1 2 -4 4 -6 -7 -8 -9
leaf_value=-0.0040849300161583234 -0.04001475224781282 -0.060252520213901081 0.019048371686674982 -0.0029748312561457971 0.05550954734445479 -0.0094835490964350986 0.019855209447564491 0.0072273894847146823
leaf_weight=895.82382107995363 35.942672343735467 8.2533148614184011 46.111912571759603 21.386571576629649 25.029060399290756 169.50551325366541 94.041946621615352 419.32962856029189
leaf_count=34601 14420 7915 8904 3750 1107 11162 6391 75034
internal_value=-5.8553e-05 -0.0117062 0.00700951 0.000588709 0.0285622 -0.000233743 0.000878873 -0.000478058
internal_weight=1715.42 90.3079 54.3652 1625.12 46.4156 1578.7 1409.2 1315.15
internal_count=163284 31239 16819 132045 4857 127188 116026 109635
is_linear=0
shrinkage=0.0750466


Tree=195
num_leaves=9
num_cat=0
split_feature=41 56 28 39 142 25 135 94
split_gain=2.04252 2.13416 3.99675 2.22913 3.94921 2.68381 4.65206 7.65438
threshold=1.0000000180025095e-35 11582.655000000002 1395.8750000000002 58697.880000000012 565969.56500000006 1.0000000180025095e-35 -805.49999999999989 1.0000000180025095e-35
decision_type=2 2 2 2 10 2 10 2
left_child=1 3 -3 5 -5 -1 7 -7
right_child=-2 2 -4 4 -6 6 -8 -9
leaf_value=-0.00062302022829639021 -0.021895427998078951 0.020948218428229481 -0.043295346027438612 -0.025442386977250226 0.031542051977025851 0.0053189531266979676 -0.012070287026611982 0.037800378492586641
leaf_weight=1249.8518213478019 23.790533375229643 8.2052047558463546 16.265408141556691 39.124469818540092 8.3031255699825106 259.90371575444806 62.219012796320385 48.482330195100076
leaf_count=42286 5779 1387 12848 10320 3881 61945 17323 7515
internal_value=-5.90722e-05 0.000247896 -0.0217539 0.000570699 -0.0154661 0.00104007 0.00664876 0.0104255
internal_weight=1716.15 1692.36 24.4706 1667.88 47.4276 1620.46 370.605 308.386
internal_count=163284 157505 14235 143270 14201 129069 86783 69460
is_linear=0
shrinkage=0.0750466


Tree=196
num_leaves=9
num_cat=0
split_feature=0 12 113 119 58 142 103 142
split_gain=2.09825 5.58795 3.65729 3.50179 3.61657 2.80715 5.49437 4.03971
threshold=15842220.000000002 6.5000000000000009 -1079.9999999999998 11.705000000000002 694.42000000000007 154836.00000000003 4.5000000000000009 238705.50000000003
decision_type=2 2 10 8 2 10 2 10
left_child=1 -1 -3 -4 -5 -2 7 -7
right_child=5 2 3 4 -6 6 -8 -9
leaf_value=0.0076700424542543036 -0.0019840560417420201 -0.04718707579490701 -0.043713436299984039 -0.023502725216637193 0.025355058671488379 0.012841480400736625 -0.034486648777275648 0.00072792588086905753
leaf_weight=60.374719312487287 920.15120800897057 24.034502660681028 13.446588833618078 16.674279282473435 17.475704202213819 259.95026948021041 19.833416958770613 384.21783346485972
leaf_count=2497 60118 3740 4897 1208 3987 25662 12365 48810
internal_value=-5.79332e-05 -0.00914832 -0.0233238 -0.0112737 0.00149946 0.000699559 0.00441842 0.00561628
internal_weight=1716.16 132.006 71.6311 47.5966 34.15 1584.15 664.002 644.168
internal_count=163284 16329 13832 10092 5195 146955 86837 74472
is_linear=0
shrinkage=0.0750466


Tree=197
num_leaves=9
num_cat=0
split_feature=82 95 18 82 129 150 82 0
split_gain=2.44081 6.18225 3.71101 4.06731 5.05363 3.48907 2.48252 8.62912
threshold=6.5000000000000009 1.0000000180025095e-35 3102.7650000000003 8.5000000000000018 5.5000000000000009 71394.165000000023 4.5000000000000009 23493831.000000004
decision_type=2 2 2 2 8 8 2 2
left_child=6 2 -2 -4 -5 -6 -1 -8
right_child=1 -3 3 4 5 -7 7 -9
leaf_value=-2.168485394704553e-05 -0.078874491112007339 0.034717607442249401 -0.048029541189656043 0.055427482137521945 -0.047397159019500854 0.025456603331842659 -0.056650331717426103 0.03205591567207202
leaf_weight=1613.7945575218419 6.774648732309287 11.150629208852477 15.771577642393821 6.8569440772644183 10.402825325389133 5.7478881912156785 7.3655551936481052 38.247787444615824
leaf_count=127401 1226 2445 7135 4212 5085 1467 2770 11543
internal_value=-5.68687e-05 -0.0153675 -0.0276272 -0.0186745 0.00144823 -0.0214692 0.000466318 0.0177318
internal_weight=1716.11 56.7045 45.5539 38.7792 23.0077 16.1507 1659.41 45.6133
internal_count=163284 21570 19125 17899 10764 6552 141714 14313
is_linear=0
shrinkage=0.0750466


Tree=198
num_leaves=9
num_cat=0
split_feature=11 112 127 5 95 8 127 52
split_gain=2.49899 5.55357 2.34429 3.3356 2.50311 2.72396 7.66653 4.62015
threshold=-1.0000000180025095e-35 190026.00000000003 145.50000000000003 42.500000000000007 5.5000000000000009 -1.0000000180025095e-35 3893.5000000000005 1.0000000180025095e-35
decision_type=2 10 8 2 2 2 10 2
left_child=1 -1 3 -2 5 6 7 -4
right_child=2 -3 4 -5 -6 -7 -8 -9
leaf_value=-0.040322976139976839 -0.039739102598051308 0.0098786284304640364 0.017259351974334765 0.0052147793396840952 0.018710815744872041 -0.00085730788381652905 -0.034492804514209198 -0.017554803439679061
leaf_weight=26.288171168122062 19.38166223591179 23.509938239472831 170.50719587069761 17.864587314979872 43.090111902653007 1369.5056946151071 21.349311196023336 24.56124840312259
leaf_count=2383 2969 3282 9186 1880 3081 120359 5062 15082
internal_value=-5.67463e-05 -0.0166225 0.000438342 -0.0181777 0.000863984 0.000379079 0.00820302 0.0128759
internal_weight=1716.06 49.7981 1666.26 37.2462 1629.01 1585.92 216.418 195.068
internal_count=163284 5665 157619 4849 152770 149689 29330 24268
is_linear=0
shrinkage=0.0750466


Tree=199
num_leaves=9
num_cat=0
split_feature=33 33 0 135 20 135 5 56
split_gain=2.09853 3.52715 2.03357 3.48915 6.31203 2.77776 3.34315 2.5247
threshold=175039.38000000003 453889.19500000007 15842220.000000002 -866.99999999999989 1.0000000180025095e-35 -1048.9999999999998 63.500000000000007 1169.9700000000003
decision_type=2 2 2 10 2 8 2 2
left_child=2 -2 3 5 -5 6 -1 -4
right_child=1 -3 7 4 -6 -7 -8 -9
leaf_value=-0.027701648932652815 -0.038060207945515463 0.022750312041833014 0.0020051608180232652 -0.060945058948941193 0.001391991940366019 0.014377906352769317 0.010238276845201066 -0.008254389247168422
leaf_weight=31.61563052011843 19.119256812622556 7.4710094125803144 1410.7323535562573 17.5043981663257 19.163725593632989 38.538978082637186 22.311563983712404 149.39247404516755
leaf_count=4740 7206 2402 92619 1444 4740 2588 2156 45389
internal_value=-5.5662e-05 -0.0209744 0.000273615 -0.00877686 -0.0283661 -0.00100862 -0.0120046 0.00102274
internal_weight=1715.85 26.5903 1689.26 129.134 36.6681 92.4662 53.9272 1560.12
internal_count=163284 9608 153676 15668 6184 9484 6896 138008
is_linear=0
shrinkage=0.0750466


Tree=200
num_leaves=9
num_cat=0
split_feature=6 142 145 102 27 57 6 142
split_gain=2.26468 4.33068 3.86788 2.41236 2.85958 4.08014 4.75751 5.83551
threshold=289.50000000000006 119646.00000000001 5.5000000000000009 1.0000000180025095e-35 32.500000000000007 6.5000000000000009 131.50000000000003 309672.00000000006
decision_type=2 10 10 2 2 2 2 10
left_child=3 -2 -3 4 5 -1 -7 -8
right_child=1 2 -4 -5 -6 6 7 -9
leaf_value=-0.00023977631245729658 0.034531366922169064 0.017295727908879586 -0.029650591129222446 -0.015784909133251021 -0.025783075246701207 0.061792267129056132 -0.031218378772367637 0.051701588091915517
leaf_weight=1530.9510459892499 30.318384279315069 22.838181205579531 17.425337284716079 57.022114034618426 23.998632695418564 12.998955734092304 11.487604023735914 8.1861602537901472
leaf_count=128076 1551 5063 3534 4494 11278 2987 3177 3124
internal_value=-5.41144e-05 0.0131091 -0.00302181 -0.000619031 -7.43226e-05 0.000320258 0.0265619 0.00328423
internal_weight=1715.23 70.5819 40.2635 1644.64 1587.62 1563.62 32.6727 19.6738
internal_count=163284 10148 8597 153136 148642 137364 9288 6301
is_linear=0
shrinkage=0.0750466


Tree=201
num_leaves=9
num_cat=0
split_feature=11 104 104 138 106 73 85 73
split_gain=2.2941 6.39878 6.64799 8.65011 5.95322 5.10617 7.0554 6.85437
threshold=93.555000000000021 21172.650000000005 8269.6500000000015 1513.9350000000002 1.0000000180025095e-35 9.5000000000000018 5900.1900000000014 11.500000000000002
decision_type=2 2 2 10 2 2 2 2
left_child=-1 2 5 -4 -5 -2 -7 -8
right_child=1 -3 3 4 -6 6 7 -9
leaf_value=-0.0024251141545887124 0.0070355490455465399 -0.017477327468256722 0.096474922570199517 -0.0057090782114291166 0.077598791992624455 -0.015822252889883884 -0.024978473391250419 0.096054099386863101
leaf_weight=981.96296746776716 499.51347330672615 76.112247194698284 9.9143530975125014 20.120325143718222 6.3575421761925091 110.44563052894773 4.4117918978081416 6.5443834782017802
leaf_count=23851 54832 37580 1474 7635 4082 27887 2354 3589
internal_value=-5.32753e-05 0.00312234 0.00550766 0.0366824 0.0142938 0.00368048 -0.0101241 0.0473172
internal_weight=1715.38 733.42 657.307 36.3922 26.4779 620.915 121.402 10.9562
internal_count=163284 139433 101853 13191 11717 88662 33830 5943
is_linear=0
shrinkage=0.0750466


Tree=202
num_leaves=9
num_cat=0
split_feature=97 149 25 97 115 25 97 8
split_gain=1.90921 18.0062 5.00087 4.47568 4.05078 2.94065 2.73703 4.6225
threshold=147.50000000000003 5939.5000000000009 3329.2250000000004 116.50000000000001 1.0000000180025095e-35 1.0000000180025095e-35 94.500000000000014 16678.810000000001
decision_type=2 8 2 2 8 2 2 2
left_child=3 2 -2 6 -4 -5 -1 -8
right_child=1 -3 4 5 -6 -7 7 -9
leaf_value=-0.0003991759064118027 0.021122841428013121 0.13104408634298753 0.0070086040156381001 -0.0020975982691532999 -0.06782552531903227 -0.052903896861867639 0.042214561369717789 -0.016553015676125053
leaf_weight=1614.7559542246945 18.968335577850667 6.4561681116174432 7.2054081118330942 11.196676503641358 9.373327899869766 15.027172308164152 21.322892780830443 11.660272770599475
leaf_count=133221 3497 2449 3446 1425 5203 6049 4195 3799
internal_value=-5.50554e-05 0.0157478 -0.00519272 -0.000451581 -0.0353013 -0.0312114 3.79625e-05 0.0214389
internal_weight=1715.97 42.0032 35.5471 1673.96 16.5787 26.2238 1647.74 32.9832
internal_count=163284 14595 12146 148689 8649 7474 141215 7994
is_linear=0
shrinkage=0.0750466


Tree=203
num_leaves=9
num_cat=0
split_feature=7 52 141 8 141 8 151 148
split_gain=2.00564 9.14126 21.4107 9.06098 10.6152 6.35839 6.39165 4.29625
threshold=1655.0800000000002 1.0000000180025095e-35 53.975000000000009 16678.810000000001 1.0000000180025095e-35 29166.560000000001 6.5000000000000009 2.3550000000000004
decision_type=2 2 8 2 8 2 8 10
left_child=5 3 -3 4 -2 7 -7 -1
right_child=1 2 -4 -5 -6 6 -8 -9
leaf_value=-0.0047517376502247055 0.024646630105335538 -0.00078761389517670321 0.11333229417880217 -0.0064819217110205296 -0.00071265780269952328 -0.015624659953512641 0.064517566376592464 0.029905439483273205
leaf_weight=781.90481687987995 151.47848483135749 28.283542093611686 13.765473361461771 455.05802392323312 240.6577149945806 8.8353705304798513 15.327906158281619 20.677620008687882
leaf_count=84235 5008 24614 3715 30740 3521 2662 3822 4967
internal_value=-5.59971e-05 0.00241787 0.0365715 0.000722712 0.00908339 -0.00271687 0.0352133 -0.00385884
internal_weight=1715.99 889.243 42.049 847.194 392.136 826.746 24.1633 802.582
internal_count=163284 67598 28329 39269 8529 95686 6484 89202
is_linear=0
shrinkage=0.0750466


Tree=204
num_leaves=9
num_cat=0
split_feature=6 0 133 48 80 109 4 80
split_gain=1.82473 4.90693 3.18409 2.51557 4.39732 4.58643 3.40782 2.57871
threshold=289.50000000000006 14632853.000000002 6.5000000000000009 1.0000000180025095e-35 1.0000000180025095e-35 1.0000000180025095e-35 1.5000000000000002 2.5000000000000004
decision_type=2 2 8 2 2 2 2 2
left_child=1 -1 -2 6 -5 -6 7 -3
right_child=2 3 -4 4 5 -7 -8 -9
leaf_value=-0.023072603548215376 0.0029354667190721554 -0.0013067900175591782 0.040362067016627493 0.02603278268024228 -0.032358845825238063 0.012407561833349593 -0.021489381302333493 0.0078221311748692332
leaf_weight=52.821305844794551 54.825728062520284 1235.0973121299721 16.702407971723005 55.430213261117387 20.212862530097482 35.574803138033531 42.87523158913973 202.89975342437538
leaf_count=6336 9885 83505 263 4577 3111 9367 1895 44345
internal_value=-5.91774e-05 -0.000569427 0.0116749 0.000177168 0.0110624 -0.0038121 -0.000640343 -1.87096e-05
internal_weight=1716.44 1644.91 71.5281 1592.09 111.218 55.7877 1480.87 1438
internal_count=163284 153136 10148 146800 17055 12478 129745 127850
is_linear=0
shrinkage=0.0750466


Tree=205
num_leaves=9
num_cat=0
split_feature=82 153 6 97 142 11 11 150
split_gain=2.24802 6.48385 6.93338 3.20837 10.3019 5.34598 4.31584 3.06878
threshold=6.5000000000000009 9905.9850000000024 135.50000000000003 147.50000000000003 105570.00000000001 421.10500000000008 1683.4950000000001 1.0000000180025095e-35
decision_type=2 8 2 2 10 2 2 10
left_child=3 7 -3 -1 -5 -6 -7 -2
right_child=1 2 -4 4 5 6 -8 -9
leaf_value=-2.4321550055102367e-05 -0.064471929140813261 -0.017109354667353263 0.087209410409474608 0.1009163116578362 -0.041123576757166803 0.0001493574512573171 0.085365165636963322 -0.017896893353062431
leaf_weight=1627.8474828973012 10.748121189666561 8.2644400706485595 6.3416508504997173 7.5021053562231819 10.212147484817253 9.7438533823478775 5.0987892517005085 30.796822681397316
leaf_count=131991 2200 2422 2753 1587 1538 3762 2836 14195
internal_value=-5.72192e-05 -0.0148255 0.0281836 0.00044221 0.0237688 0.000668705 0.0294229 -0.0299464
internal_weight=1716.56 56.151 14.6061 1660.4 32.5569 25.0548 14.8426 41.5449
internal_count=163284 21570 5175 141714 9723 8136 6598 16395
is_linear=0
shrinkage=0.0750466


Tree=206
num_leaves=9
num_cat=0
split_feature=50 127 109 0 13 127 0 120
split_gain=1.89837 3.66302 2.83752 4.24864 1.85164 2.11501 5.15444 1.91022
threshold=1.0000000180025095e-35 753.50000000000011 1.0000000180025095e-35 29151941.000000004 1.5000000000000002 145.50000000000003 52138181.000000007 182988.00000000003
decision_type=2 10 2 2 2 8 2 10
left_child=4 -2 -3 -4 5 6 -1 -7
right_child=1 2 3 -5 -6 7 -8 -9
leaf_value=0.011127142632265984 0.013320874364291784 -0.066725480510476318 0.041113161618936321 -0.075773249026214559 -0.017691209681143273 -0.00081868048733288652 -0.049828502921730695 0.0046552697563624276
leaf_weight=15.956396097932158 11.752741937467365 10.082914817439816 4.4082022645416137 2.9059205888115685 31.717086052172817 1088.7728211254907 15.308836292930208 535.69534438012488
leaf_count=2432 1399 3396 3982 2258 828 75745 2318 70926
internal_value=-5.77409e-05 -0.019046 -0.0409117 -0.00532612 0.000270271 0.000614339 -0.0187194 0.000986445
internal_weight=1716.6 29.1498 17.397 7.31412 1687.45 1655.73 31.2652 1624.47
internal_count=163284 11035 9636 6240 152249 151421 4750 146671
is_linear=0
shrinkage=0.0750466


Tree=207
num_leaves=9
num_cat=0
split_feature=10 6 125 116 9 10 120 120
split_gain=1.98451 6.53626 3.4928 3.82992 3.73774 2.76799 3.57537 2.62335
threshold=-3005.3049999999998 31.500000000000004 -714.92999999999995 19720.290000000005 2506.1000000000004 -5498.3249999999989 182988.00000000003 305273.25000000006
decision_type=2 2 10 8 2 2 10 10
left_child=1 -1 3 5 -5 -3 -7 -8
right_child=-2 2 -4 4 -6 6 7 -9
leaf_value=0.051041561309022404 0.00052495835014689342 -0.065397414315250396 0.030382022321573374 0.025712843175010047 -0.034286267344634073 -0.061978170747500422 0.018307117992884616 -0.034118184657940066
leaf_weight=8.5269813146514917 1631.9527768295011 13.214293316194011 7.4980674233775053 13.962512212416188 10.061506438181821 9.8144138737079682 10.997818513806125 10.515787290316437
leaf_count=1701 136692 5315 2046 3852 3684 2472 2933 4589
internal_value=-5.5992e-05 -0.0112638 -0.0182484 -0.0235663 0.000584598 -0.0365922 -0.024442 -0.00731822
internal_weight=1716.54 84.5914 76.0644 68.5663 24.024 44.5423 31.328 21.5136
internal_count=163284 26592 24891 22845 7536 15309 9994 7522
is_linear=0
shrinkage=0.0750466


Tree=208
num_leaves=9
num_cat=0
split_feature=71 5 5 5 9 138 8 9
split_gain=1.72395 2.26975 7.5446 4.78949 3.48445 5.16176 4.44711 3.53188
threshold=1.5000000000000002 67.500000000000014 61.500000000000007 76.500000000000014 1656.3400000000004 3423.4750000000004 14788.655000000001 448.33500000000004
decision_type=2 2 2 2 2 10 2 2
left_child=1 2 -1 -3 7 -6 -7 -4
right_child=-2 3 4 -5 5 6 -8 -9
leaf_value=-0.0013054909449517025 0.015371933939597923 -0.015322466938690424 0.020476541095305396 0.01455440731293722 0.049477213353126652 0.03447610151818313 -0.018643485865344193 -0.0096021993623867912
leaf_weight=1345.9434005199055 39.849317975123995 133.68944029499471 46.102931160356093 39.044695875629259 34.05082570380182 18.212355799987563 17.315312147124132 42.029673879278562
leaf_count=136933 1813 9624 3141 2805 707 1384 3350 3527
internal_value=-5.50454e-05 -0.000421759 0.000514179 -0.00856912 0.0160437 0.0285981 0.00858692 0.00613225
internal_weight=1716.24 1676.39 1503.65 172.734 157.711 69.5785 35.5277 88.1326
internal_count=163284 161471 149042 12429 12109 5441 4734 6668
is_linear=0
shrinkage=0.0750466


Tree=209
num_leaves=9
num_cat=0
split_feature=11 112 7 107 107 147 104 134
split_gain=2.12242 4.92853 1.85819 6.11995 10.1692 5.51579 9.39964 3.49959
threshold=-1.0000000180025095e-35 190026.00000000003 5005.1550000000016 12.500000000000002 38.500000000000007 -23472.079999999998 2404.6500000000005 509372.61000000004
decision_type=2 10 2 2 2 8 2 8
left_child=1 -1 -2 -4 -5 6 -6 -7
right_child=2 -3 3 4 5 7 -8 -9
leaf_value=-0.038384758703115432 -0.00031571666037176103 0.0092191077988222798 0.03202070757606934 -0.038114927495970306 -0.040664372938973271 0.061588580985374418 0.073544918674425086 0.011099413706860553
leaf_weight=25.411262325344069 1541.622184086511 23.647442590405262 43.280724862241186 29.508596082800068 16.244935005925075 16.034094096707125 5.4101927198789772 14.932452319895672
leaf_count=2383 137116 3282 687 1396 6273 5028 4244 2875
internal_value=-5.38378e-05 -0.0154386 0.000398916 0.00918358 -0.00285105 0.0169238 -0.012131 0.0372421
internal_weight=1716.09 49.0587 1667.03 125.411 82.1303 52.6217 21.6551 30.9665
internal_count=163284 5665 157619 20503 19816 18420 10517 7903
is_linear=0
shrinkage=0.0750466


Tree=210
num_leaves=9
num_cat=0
split_feature=82 137 125 104 97 137 74 112
split_gain=1.99759 5.43609 8.80926 5.30195 2.6273 5.29455 5.14029 2.46816
threshold=6.5000000000000009 60464.195000000007 -3240.0249999999996 2404.6500000000005 147.50000000000003 5971.2200000000012 1213.8100000000002 720815.33500000008
decision_type=2 8 10 2 2 10 2 10
left_child=4 2 -2 -3 7 -6 -7 -1
right_child=1 3 -4 -5 5 6 -8 -9
leaf_value=-0.00070541933107704153 -0.043709834480056081 -0.012886695891071276 0.052275622909073276 0.077273089854252422 0.068181777418391959 0.039976193862380695 -0.030090904927142881 0.012333241486861279
leaf_weight=1540.6171207921579 33.915138430496881 8.9209880572852835 6.4014835177003979 6.2449179859286224 9.6335231816992728 10.941334651506624 12.790115903437252 86.348159170258441
leaf_count=118923 13210 3263 2348 2749 932 4411 4380 13068
internal_value=-5.39991e-05 -0.0140618 -0.0284692 0.0242387 0.000414092 0.0212605 0.00221338 -1.34166e-05
internal_weight=1715.81 55.4825 40.3166 15.1659 1660.33 33.365 23.7315 1626.97
internal_count=163284 21570 15558 6012 141714 9723 8791 131991
is_linear=0
shrinkage=0.0750466


Tree=211
num_leaves=9
num_cat=0
split_feature=22 28 151 58 28 134 123 151
split_gain=1.90205 4.71351 2.05664 1.99255 5.20645 7.08196 6.47882 4.08909
threshold=409658.84500000003 14896.805000000002 5.5000000000000009 232.54500000000004 2982.1750000000006 320932.80000000005 5.5000000000000009 6.5000000000000009
decision_type=2 2 8 2 2 10 8 10
left_child=3 2 -2 4 -1 6 7 -6
right_child=1 -3 -4 -5 5 -7 -8 -9
leaf_value=0.00084238634713782097 0.022366225112504863 -0.060497181895232469 -0.022853199277301738 0.0040907422756241967 -0.014927465949521166 0.018179915473181023 -0.043582130153992184 0.028981837194013961
leaf_weight=952.13616527712293 12.012449669098716 10.134816975692955 10.719554772229456 532.47865749971061 105.69186470434579 34.86991870273414 44.288418360196374 13.466602690234138
leaf_count=27126 3664 10652 1809 88451 16502 5980 5767 3333
internal_value=-5.40901e-05 -0.0179339 0.00104245 0.000295094 -0.00146169 -0.0125238 -0.0190741 -0.00996509
internal_weight=1715.8 32.8668 22.732 1682.93 1150.45 198.317 163.447 119.158
internal_count=163284 16125 5473 147159 58708 31582 25602 19835
is_linear=0
shrinkage=0.0750466


Tree=212
num_leaves=9
num_cat=0
split_feature=33 63 32 153 97 137 97 148
split_gain=1.93799 7.33748 5.51059 8.06635 3.46039 5.27817 2.6155 7.95432
threshold=17595.285000000003 1.0000000180025095e-35 1.0000000180025095e-35 2844.5250000000001 14.500000000000002 7430.2150000000011 41.500000000000007 1.0000000180025095e-35
decision_type=2 2 2 8 2 8 2 8
left_child=2 4 6 -4 -2 -6 -1 -8
right_child=1 -3 3 -5 5 -7 7 -9
leaf_value=-0.0015915135383330877 0.0071049038313985976 -0.063754144091298148 0.058268222129783241 -0.0036953110475614992 0.025351621545599824 -0.058189992226652561 2.3804630585297345e-05 0.032375625793969041
leaf_weight=1314.1307607239287 57.501251507361303 12.657624987021334 22.536844654991 24.910828480478813 6.4474015844461974 12.550417711529009 211.06416718065157 53.690316539254127
leaf_count=76801 10326 13573 2100 2757 1006 6334 42169 8218
internal_value=-5.38261e-05 -0.0108269 0.000536762 0.0257363 -0.00206951 -0.029838 -0.00022052 0.00658452
internal_weight=1715.49 89.1567 1626.33 47.4477 76.4991 18.9978 1578.89 264.754
internal_count=163284 31239 132045 4857 17666 7340 127188 50387
is_linear=0
shrinkage=0.0750466


Tree=213
num_leaves=9
num_cat=0
split_feature=64 18 153 97 74 24 18 74
split_gain=1.84024 4.77023 7.36874 6.23733 2.70876 2.04657 6.87229 6.15134
threshold=25194.515000000003 18220.110000000004 1.0000000180025095e-35 24.500000000000004 2305.3550000000005 8.5000000000000018 3102.7650000000003 3171.9350000000004
decision_type=2 2 8 2 2 2 2 2
left_child=5 -2 -3 -4 -5 -1 -7 -8
right_child=1 2 3 4 -6 6 7 -9
leaf_value=0.001067075728073686 -0.03714623600879919 0.08455402623164697 0.05839016945216588 -0.055523492126659406 0.0054559009229977031 -0.056049252897821381 -0.0075207396608835591 0.066559011333498563
leaf_weight=1558.3527519770287 25.672912276902935 5.6064927225306773 5.5068965375121506 11.155445988220892 6.4892019400831478 15.423570005899817 80.524293019869219 6.8499691034521666
leaf_count=93585 5334 1480 2638 7464 4372 2701 42931 2779
internal_value=-5.43903e-05 -0.0136326 0.00735847 -0.0113356 -0.033097 0.000390528 -0.00986553 -0.00171303
internal_weight=1715.58 54.4309 28.758 23.1515 17.6446 1661.15 102.798 87.3743
internal_count=163284 21288 15954 14474 11836 141996 48411 45710
is_linear=0
shrinkage=0.0750466


Tree=214
num_leaves=9
num_cat=0
split_feature=81 120 120 140 140 113 27 63
split_gain=1.80645 9.95162 6.42075 5.55888 3.45475 3.26843 4.72494 2.55649
threshold=133292.36000000002 77418.000000000015 182988.00000000003 2710.7250000000008 39666.395000000011 -409.99999999999994 14.500000000000002 4.5000000000000009
decision_type=2 8 10 8 10 10 2 2
left_child=7 -2 -3 -4 5 6 -5 -1
right_child=1 2 3 4 -6 -7 -8 -9
leaf_value=-0.00011201417058351143 0.071008319022662053 -0.052720898207394874 -0.059692019312698602 0.013314444232505924 -0.026951157757511092 -0.027972107964807334 0.091839051580421951 0.015638472267976048
leaf_weight=1579.8565724159453 7.4312671457555544 22.980558308587206 8.2162718000945461 14.022704031860487 10.818839481289613 5.4534304477820141 6.2343499580383641 60.252154705351131
leaf_count=111107 2838 5981 2838 5265 7926 2218 4230 20881
internal_value=-5.47421e-05 -0.0114318 -0.0204775 -0.0039179 0.00862696 0.0235981 0.0374813 0.000466606
internal_weight=1715.27 75.1574 67.7262 44.7456 36.5293 25.7105 20.2571 1640.11
internal_count=163284 31296 28458 22477 19639 11713 9495 131988
is_linear=0
shrinkage=0.0750466


Tree=215
num_leaves=9
num_cat=0
split_feature=11 134 127 5 127 123 96 10
split_gain=1.84757 3.27949 1.75079 2.9001 2.21736 7.21923 7.00386 10.768
threshold=-1.0000000180025095e-35 214834.95000000004 145.50000000000003 42.500000000000007 1221.5000000000002 19.500000000000004 1.0000000180025095e-35 -193.11999999999998
decision_type=2 10 8 2 8 10 2 2
left_child=1 -1 3 -2 6 -6 -4 -8
right_child=2 -3 4 -5 5 -7 7 -9
leaf_value=-0.032513964480422305 -0.037056406073879604 0.0066423231644751135 -0.0039112851728745545 0.0055326887990691 0.00014130119006152008 -0.031464858450737168 -0.0043809610672095938 0.029058124010949891
leaf_weight=26.177629246718425 18.213096706862416 22.316220019518369 232.70465077655899 17.81094230997769 1134.4217399322552 42.216021931262731 94.884730023175507 126.60211841277123
leaf_count=2523 2969 3142 13432 1880 108008 5769 16094 9467
internal_value=-5.49994e-05 -0.0144948 0.000365098 -0.0159996 0.000726583 -0.000992681 0.00518054 0.0147329
internal_weight=1715.35 48.4938 1666.85 36.024 1630.83 1176.64 454.191 221.487
internal_count=163284 5665 157619 4849 152770 113777 38993 25561
is_linear=0
shrinkage=0.0750466


Tree=216
num_leaves=9
num_cat=0
split_feature=72 151 20 80 24 5 16 147
split_gain=1.68207 8.08134 3.54734 9.2076 11.2959 7.25273 6.86716 8.47841
threshold=2506.0200000000004 3.5000000000000004 104.79500000000002 2.5000000000000004 4.5000000000000009 39.500000000000007 -118.94499999999998 -17521.144999999993
decision_type=2 8 2 2 2 2 2 10
left_child=2 -2 -1 5 -5 6 -4 -8
right_child=1 -3 3 4 -6 -7 7 -9
leaf_value=0.0021558990936687006 0.021130937711709222 -0.023681047140582032 -0.058793077574108517 0.04185816937813918 -0.018897087253695995 -0.0057063811246717208 0.03229436469195672 -0.04750726246730138
leaf_weight=1331.6504898766452 33.371674668145715 70.644962972011854 34.53828968644666 40.916030219135791 29.779115508294126 144.20365800102263 14.232991961489462 15.845997594573417
leaf_count=94963 1727 5832 3690 9027 15774 24849 4112 3310
internal_value=-5.45622e-05 -0.00930401 0.000542581 -0.00714348 0.0162661 -0.0150686 -0.035962 -0.00974616
internal_weight=1715.18 104.017 1611.17 279.516 70.6951 208.821 64.6173 30.079
internal_count=163284 7559 155725 60762 24801 35961 11112 7422
is_linear=0
shrinkage=0.0750466


Tree=217
num_leaves=9
num_cat=0
split_feature=82 149 140 24 32 74 127 127
split_gain=1.69247 10.8369 3.22984 2.23484 6.24976 6.08776 12.9709 11.3794
threshold=6.5000000000000009 4894.5000000000009 71394.165000000023 1.0000000180025095e-35 1.0000000180025095e-35 2806.0050000000006 3655.5000000000005 3462.5000000000005
decision_type=2 8 8 2 2 2 10 8
left_child=3 -2 -3 -1 5 6 -5 -7
right_child=1 2 -4 4 -6 7 -8 -9
leaf_value=-0.0011275941471420841 -0.035131926789868713 0.074128911802908815 0.0075472165901364083 0.011420644911351072 -0.026553091640366084 0.0027980308538746892 -0.031623379904277847 0.092544659675561497
leaf_weight=1280.9704601963422 38.020723349813125 7.4769533655435225 9.0940577662368032 268.96485529507117 31.556306929065613 19.750704696027242 46.200627764897945 13.325286385606885
leaf_count=46004 15948 4025 1597 50689 22026 3560 15538 3897
internal_value=-5.59655e-05 -0.0130578 0.0375893 0.000371423 0.00542726 0.0083252 0.00511075 0.0389542
internal_weight=1715.36 54.5917 16.571 1660.77 379.798 348.241 315.165 33.076
internal_count=163284 21570 5622 141714 95710 73684 66227 7457
is_linear=0
shrinkage=0.0750466


Tree=218
num_leaves=9
num_cat=0
split_feature=22 109 153 120 22 84 22 153
split_gain=1.94443 3.72713 9.09529 8.29448 7.29454 7.2846 4.3096 7.46188
threshold=319.2050000000001 1.0000000180025095e-35 1413.4650000000001 126684.00000000001 -3026.8199999999993 1.0000000180025095e-35 -5649.0549999999994 4779.9750000000013
decision_type=2 2 8 8 2 2 2 8
left_child=1 6 4 -4 -3 -5 -1 -8
right_child=-2 2 3 5 -6 -7 7 -9
leaf_value=0.004808963862483211 -0.0032342992939644578 0.00038555132414571492 -0.031726353718382436 -0.0033858122554095314 0.030091789314345963 0.040350683291013094 -0.00052472703778047699 -0.025325008166522514
leaf_weight=322.39393138506784 664.89258563664043 74.368244790624885 46.105276057947776 111.26406372209749 124.47897341094358 26.569196906300931 251.8103734634351 93.772372127998096
leaf_count=5497 123633 3427 6299 5719 4234 6239 5652 2584
internal_value=-5.82385e-05 0.00195148 0.00785578 -0.00417197 0.0189817 0.00504498 -0.00143199 -0.00725418
internal_weight=1715.66 1050.76 382.786 183.939 198.847 137.833 667.977 345.583
internal_count=163284 39651 25918 18257 7661 11958 13733 8236
is_linear=0
shrinkage=0.0750466


Tree=219
num_leaves=9
num_cat=0
split_feature=81 125 97 31 135 31 135 97
split_gain=1.82402 9.59006 11.9565 6.42684 6.3044 5.80416 4.86713 8.22652
threshold=15997.960000000001 -4536.1249999999991 46.500000000000007 1106.3200000000004 -348.99999999999994 539.49500000000012 -989.49999999999989 36.500000000000007
decision_type=2 10 2 2 10 2 10 2
left_child=5 4 3 -3 6 -1 7 -2
right_child=1 2 -4 -5 -6 -7 -8 -9
leaf_value=0.002950749856423426 -0.021436417296395512 -0.040582457137900103 0.063563404817190902 0.025722897182544259 -0.049591305197170921 -0.014557399330997384 0.0091038682144391498 0.0060870755395719877
leaf_weight=1169.2486302239158 168.33573772203999 15.519458521237537 24.758364284651179 17.535807174157526 20.11525890377925 117.34221343128957 86.137868936084487 96.062102417490678
leaf_count=48529 28374 2876 7351 5317 5505 19921 21734 23677
internal_value=-5.84175e-05 -0.00429943 0.0241289 -0.00540749 -0.00873364 0.00135394 -0.00638905 -0.0114365
internal_weight=1715.06 428.465 57.8136 33.0553 370.651 1286.59 350.536 264.398
internal_count=163284 94834 15544 8193 79290 68450 73785 52051
is_linear=0
shrinkage=0.0750466


Tree=220
num_leaves=9
num_cat=0
split_feature=50 138 22 128 22 73 128 140
split_gain=1.71326 3.16002 4.04059 5.69329 1.53005 3.62421 6.83313 6.19701
threshold=1.0000000180025095e-35 -1.0000000180025095e-35 19850.095000000005 inf 319.2050000000001 6.5000000000000009 5692.1350000000011 552.33500000000015
decision_type=2 10 2 8 2 2 8 8
left_child=4 -2 -3 -4 -1 -6 7 -7
right_child=1 2 3 -5 5 6 -8 -9
leaf_value=0.0020346037737140484 0.02787031607525621 -0.054914262366577905 -0.075178127727080102 0.059912628274360342 -0.0067636405970043648 0.044656838057650215 0.013162170406323467 -0.024527348854707469
leaf_weight=1038.4134753663602 6.4851624165312414 14.557790195271084 2.7130406460237237 4.9860495001994458 418.65874911233914 8.3706635860398801 163.60178844501206 56.570805829353048
leaf_count=38657 269 2382 4313 4071 46976 1808 44765 20043
internal_value=-6.01905e-05 -0.0182284 -0.0316605 0.0123087 0.000249602 -0.00261437 0.0049865 -0.0156098
internal_weight=1714.36 28.742 22.2569 7.69909 1685.62 647.202 228.543 64.9415
internal_count=163284 11035 10766 8384 152249 113592 66616 21851
is_linear=0
shrinkage=0.0750466


Tree=221
num_leaves=9
num_cat=0
split_feature=73 134 22 104 127 104 134 0
split_gain=1.70968 6.94089 5.48834 6.13277 5.79608 9.87051 6.69534 5.51862
threshold=9.5000000000000018 57007.80000000001 305328.60000000003 2404.6500000000005 2104.5000000000005 14721.150000000001 444316.4150000001 47919824.000000007
decision_type=2 10 2 2 8 2 8 2
left_child=-1 -2 3 -3 5 -5 -6 -7
right_child=1 2 -4 4 6 7 -8 -9
leaf_value=0.00080104689872474461 -0.047994414505175921 -0.0063943154680438721 -0.054209699440749867 0.14057850203699307 -0.021957450247279409 0.070117378149928397 0.066318582732345949 -0.043405877018106165
leaf_weight=1514.2992334651553 20.463191778530017 129.66238617484123 10.609921616020072 5.8047463256334586 16.470561068752435 5.1361948765552352 6.8519799375517314 4.5464950077912363
leaf_count=104268 2774 26084 9883 2211 8835 2984 4167 2078
internal_value=-5.93873e-05 -0.006589 -0.00185773 0.00143925 0.0276109 0.0632005 0.00397736 0.0168127
internal_weight=1713.84 199.545 179.082 168.472 38.81 15.4874 23.3225 9.68269
internal_count=163284 59016 56242 46359 20275 7273 13002 5062
is_linear=0
shrinkage=0.0750466


Tree=222
num_leaves=9
num_cat=0
split_feature=46 137 74 127 71 127 127 137
split_gain=1.65664 6.65227 5.76549 2.2719 1.91706 1.70223 5.00143 11.5275
threshold=1.0000000180025095e-35 2950.8750000000005 1939.825 991.50000000000011 1.5000000000000002 1221.5000000000002 610.50000000000011 5971.2200000000012
decision_type=2 8 2 10 2 10 10 10
left_child=4 -2 -3 -4 5 6 -1 -8
right_child=1 2 3 -5 -6 -7 7 -9
leaf_value=-0.00024084740401010001 0.017851657495859586 -0.046870363884990662 -0.025397807469174995 0.015909438046428467 0.017194608203083678 -0.0027947052615270524 0.028530551643649631 -0.016928706595265779
leaf_weight=769.52190407455601 32.394982737743703 31.18087610272778 12.770981360434236 18.165172977231123 37.847370037041401 662.85086285926445 103.89155468998069 45.034033336443827
leaf_count=41789 2019 10601 1285 4762 1586 87704 4085 9453
internal_value=-6.05933e-05 -0.00971847 -0.0240967 -0.00114291 0.000503152 0.000103652 0.00219542 0.014784
internal_weight=1713.66 94.512 62.117 30.9362 1619.15 1581.3 918.447 148.926
internal_count=163284 18667 16648 6047 144617 143031 55327 13538
is_linear=0
shrinkage=0.0750466


Tree=223
num_leaves=9
num_cat=0
split_feature=33 33 58 4 27 150 137 149
split_gain=1.70276 3.13816 1.62847 5.79122 4.57764 5.44142 5.20625 5.10504
threshold=175039.38000000003 453889.19500000007 232.54500000000004 1.0000000180025095e-35 1.5000000000000002 9483.6900000000023 18877.255000000001 1714.5000000000002
decision_type=2 2 2 2 2 10 10 10
left_child=2 -2 4 -4 -1 7 -7 -6
right_child=1 -3 3 -5 5 6 -8 -9
leaf_value=0.00087023299336636537 -0.036086369305179028 0.021425269496157449 0.0017964744949720824 0.036616764004674819 -0.030311571733333331 0.06567913195821061 -0.0015630570598825469 -0.004694849243110092
leaf_weight=934.60630732546997 18.204609385880762 7.5635927530456675 515.33410899241244 28.382512659998611 82.171105293709843 8.8850683733035094 24.006025604296156 93.861560188659496
leaf_count=26527 7206 2402 92379 2291 11551 1505 6995 12428
internal_value=-5.9463e-05 -0.0192053 0.000232939 0.00361413 -0.00137472 -0.0114174 0.0166015 -0.0166526
internal_weight=1713.01 25.7682 1687.25 543.717 1143.53 208.924 32.8911 176.033
internal_count=163284 9608 153676 94670 59006 32479 8500 23979
is_linear=0
shrinkage=0.0750466


Tree=224
num_leaves=9
num_cat=0
split_feature=39 80 127 39 82 127 103 138
split_gain=2.04403 3.07265 4.00976 3.6797 2.12281 4.25443 3.9507 9.29165
threshold=25863.355000000003 1.0000000180025095e-35 510.50000000000006 857069.45500000019 6.5000000000000009 6448.5000000000009 5.5000000000000009 26813.160000000003
decision_type=2 2 10 2 2 8 2 10
left_child=4 -2 -3 -4 6 -6 -1 -8
right_child=1 2 3 -5 5 -7 7 -9
leaf_value=0.0003617041360138333 -0.033726882584489616 0.048234876624163821 -0.029459067236051423 0.038233481073236986 -0.025881640660534676 0.028419179350574246 0.044550051602538263 -0.061986321179561224
leaf_weight=1571.8116913139565 25.03436393173979 7.7813288270444891 19.114613070747513 5.9243981673571389 39.812374635355809 10.210299635973568 27.398208333379444 5.5434745306665709
leaf_count=111902 4591 2056 8738 3489 16903 1786 8896 4923
internal_value=-5.85803e-05 -0.0139243 0.00118046 -0.0134426 0.000426198 -0.0147981 0.000900763 0.026622
internal_weight=1712.63 57.8547 32.8203 25.039 1654.78 50.0227 1604.75 32.9417
internal_count=163284 18874 14283 12227 144410 18689 125721 13819
is_linear=0
shrinkage=0.0750466


Tree=225
num_leaves=9
num_cat=0
split_feature=41 140 125 72 140 140 96 97
split_gain=1.81531 4.23526 1.9906 5.95821 7.81571 2.27613 2.27582 4.13732
threshold=1.0000000180025095e-35 7173.1900000000014 -28173.074999999993 1708.4500000000003 12306.960000000001 29747.050000000003 1.0000000180025095e-35 1.0000000180025095e-35
decision_type=2 8 8 2 8 10 2 2
left_child=2 -2 3 4 -1 -6 -4 -8
right_child=1 -3 6 -5 5 -7 7 -9
leaf_value=0.087493524252646046 -0.058977052763671989 0.0058998601224996821 -0.0023552099902228976 -0.049431314838989458 -0.069075857768293031 0.009324463993192646 0.024298924557231209 0.0019474700458127008
leaf_weight=5.4398614221790922 9.6353158571619115 13.76044447694767 785.07829124545788 16.406116001544433 3.9883911530887435 4.3713924398562085 49.43849802108889 824.31102295154051
leaf_count=1779 1639 4140 41237 3328 1767 3040 2041 104313
internal_value=-5.79543e-05 -0.0208191 0.00022962 -0.0188628 0.0174796 -0.0280798 0.000577275 0.00321216
internal_weight=1712.43 23.3958 1689.03 30.2058 13.7996 8.35978 1658.83 873.75
internal_count=163284 5779 157505 9914 6586 4807 147591 106354
is_linear=0
shrinkage=0.0750466


Tree=226
num_leaves=9
num_cat=0
split_feature=8 153 135 135 63 147 147 8
split_gain=1.88467 4.5077 2.84569 4.24358 2.51203 5.43271 10.7498 5.72535
threshold=-8804.7999999999975 12251.985000000002 -1689.4999999999998 -1171.4999999999998 4.5000000000000009 -21440.649999999998 -13999.084999999997 8212.8900000000012
decision_type=2 10 8 8 2 10 10 2
left_child=1 2 -1 -4 -2 -6 -7 -8
right_child=4 -3 3 -5 5 6 7 -9
leaf_value=0.04272271110746758 -0.0013259065450544904 -0.021026946724409263 -0.018885909578512671 0.023180406859665218 -0.0068118921081461578 0.11783730708802341 0.06242877216264487 -0.010824632225349431
leaf_weight=19.558703847371362 1537.7745494238789 21.270679097615357 19.717733702516853 42.871112505621568 37.033484755911559 6.9695034750366167 8.9711737876059505 18.199492891695627
leaf_count=3296 118246 4848 3504 4995 17081 3584 2051 5679
internal_value=-5.67422e-05 0.00976352 0.0177362 0.00992801 -0.000687958 0.0130955 0.03469 0.0133621
internal_weight=1712.37 103.418 82.1476 62.5888 1608.95 71.1737 34.1402 27.1707
internal_count=163284 16643 11795 8499 146641 28395 11314 7730
is_linear=0
shrinkage=0.0750466


Tree=227
num_leaves=9
num_cat=0
split_feature=11 33 139 22 20 112 25 22
split_gain=1.95329 5.03576 5.0566 4.4696 4.15256 3.82274 6.99287 8.127
threshold=93.555000000000021 115002.37000000001 2994.6850000000004 6061.1650000000009 79.560000000000016 933800.96000000008 1525.2650000000001 132654.21000000005
decision_type=2 2 8 2 2 10 2 2
left_child=4 2 5 -4 -1 -2 -7 -8
right_child=1 -3 3 -5 -6 6 7 -9
leaf_value=-0.00038105500567753558 0.0001799425916643675 -0.037515222760437894 0.037960182633401188 0.00058622365951821454 -0.015025997472050509 -0.000463415136834301 0.10072290459241764 -0.015614304024063679
leaf_weight=853.37670347556195 602.27250823912254 16.987869733815387 43.240745577568305 30.89967810710732 125.01897234649005 25.247202471098717 10.574061118590178 4.9720365553584989
leaf_count=18879 110501 11267 1640 4464 4972 3572 3326 4663
internal_value=-5.68679e-05 0.0028689 0.00382544 0.0223838 -0.00225238 0.00168581 0.0239185 0.0635153
internal_weight=1712.59 734.194 717.206 74.1404 978.396 643.066 40.7933 15.5461
internal_count=163284 139433 128166 6104 23851 122062 11561 7989
is_linear=0
shrinkage=0.0750466


Tree=228
num_leaves=9
num_cat=0
split_feature=39 134 12 147 72 147 7 134
split_gain=1.84262 4.33238 4.09489 4.27234 2.95653 5.43768 2.6429 6.54393
threshold=25863.355000000003 720815.33500000008 7.5000000000000009 -4623.8949999999995 2506.0200000000004 -80579.88499999998 2825.8100000000004 93605.400000000009
decision_type=2 8 2 10 2 10 2 8
left_child=4 2 -2 -4 6 -6 -1 -8
right_child=1 -3 3 -5 5 -7 7 -9
leaf_value=-0.00015699479171669793 -0.054014715376008111 0.033007289621809231 -0.023300338094010071 0.039178018471154902 -0.03036202580135439 0.0045943304395287586 0.037953844693186481 0.0033267721453517141
leaf_weight=1301.7383440505982 15.617424983225645 9.4994373893077846 23.902218844948944 8.3061135316238524 47.910379827397264 52.553860970936512 35.79976868801532 217.37306773262935
leaf_count=107818 3472 3713 10299 1390 2516 4376 5264 24436
internal_value=-5.67617e-05 -0.0132844 -0.0224792 -0.00718798 0.000401309 -0.012076 0.00120748 0.00822319
internal_weight=1712.7 57.3252 47.8258 32.2083 1655.38 100.464 1554.91 253.173
internal_count=163284 18874 15161 11689 144410 6892 137518 29700
is_linear=0
shrinkage=0.0750466


Tree=229
num_leaves=9
num_cat=0
split_feature=39 150 80 13 113 0 135 58
split_gain=1.68108 3.71413 5.78141 1.55894 1.81907 4.71934 10.4985 2.05313
threshold=351900.43000000005 29747.050000000003 1.5000000000000002 1.5000000000000002 -2054.4999999999995 49848695.500000007 -2114.9999999999995 232.54500000000004
decision_type=2 8 2 2 8 2 10 2
left_child=3 2 -2 4 5 6 -1 -6
right_child=1 -3 -4 -5 7 -7 -8 -9
leaf_value=0.056322172254655058 -0.029336729423922205 -0.054742081002785964 0.062246589570098293 -0.016395785003507437 -0.00076432449527847116 -0.033952138308558519 -0.02136486432459157 0.0050312591545488327
leaf_weight=14.741681868392332 11.083036551643092 10.065622239464576 5.974885804065706 31.129744887701236 1073.8972443282946 29.908400071653887 29.20795516365979 506.68628402498507
leaf_count=1728 3448 3473 3265 827 53421 4255 5179 87688
internal_value=-5.56807e-05 -0.0185904 0.0027422 0.000242572 0.000555637 -0.0109561 0.00469309 0.00109356
internal_weight=1712.69 27.1235 17.0579 1685.57 1654.44 73.858 43.9496 1580.58
internal_count=163284 10186 6713 153098 152271 11162 6907 141109
is_linear=0
shrinkage=0.0750466


Tree=230
num_leaves=9
num_cat=0
split_feature=63 64 64 8 128 63 64 0
split_gain=2.07649 13.7022 4.77941 4.0677 3.05374 7.1515 2.98973 3.09719
threshold=8.5000000000000018 25194.515000000003 13076.395000000002 20804.765000000003 4275.6550000000007 4.5000000000000009 22002.650000000005 31507133.500000004
decision_type=2 2 2 2 10 2 2 2
left_child=2 -2 -1 -3 6 -6 -4 -8
right_child=1 3 4 -5 5 -7 7 -9
leaf_value=0.00048265456457466556 0.097767437452348713 -0.064918146616959493 -0.046615818073907057 0.013755414977090114 0.076814617404825869 -0.056394199825694463 0.010777096474647571 -0.031179008259055362
leaf_weight=1616.6276058205513 8.5693582767744392 6.6606539721324216 23.099121247640142 8.3305197386744094 5.4088157779970043 3.9111594392852567 17.678324721789977 22.548093409326611
leaf_count=127426 3699 2989 7118 4564 2806 2567 5701 6414
internal_value=-5.49451e-05 0.0220707 -0.000363534 -0.0211996 -0.0191943 0.0209131 -0.0250972 -0.0127405
internal_weight=1712.83 23.5605 1689.27 14.9912 72.6455 9.31998 63.3255 40.2264
internal_count=163284 11252 152032 7553 24606 5373 19233 12115
is_linear=0
shrinkage=0.0750466


Tree=231
num_leaves=9
num_cat=0
split_feature=16 108 64 116 125 113 16 125
split_gain=1.71997 6.58342 5.06232 4.11676 5.59458 5.23873 4.63163 3.97693
threshold=-609.50499999999988 1.0000000180025095e-35 13076.395000000002 14869.465000000002 -6763.4499999999989 -653.99999999999989 -68.659999999999982 -3860.5749999999994
decision_type=2 2 2 10 10 10 2 8
left_child=-1 2 7 4 6 -5 -4 -2
right_child=1 -3 3 5 -6 -7 -8 -9
leaf_value=-0.0024566713850716327 -0.014931828091222225 0.041165674802345446 0.035814713409812293 -0.029929014063368717 -0.075885495431121039 0.10344623811001182 -0.024891818364749276 0.0045300547181887614
leaf_weight=848.17734905821453 64.512547843996799 23.868272197050828 8.5303369056200591 3.2818251462267654 10.059237848567134 3.3532735887092704 41.580816115685593 709.33078994611242
leaf_count=50354 17205 3242 1790 2074 4738 2474 14851 66556
internal_value=-5.56559e-05 0.00229998 0.00119648 -0.0186242 -0.0248106 0.0374767 -0.0145578 0.00290759
internal_weight=1712.69 864.517 840.649 66.8055 60.1704 6.6351 50.1112 773.843
internal_count=163284 112930 109688 25927 21379 4548 16641 83761
is_linear=0
shrinkage=0.0750466


Tree=232
num_leaves=9
num_cat=0
split_feature=142 27 85 64 142 142 28 27
split_gain=1.66733 2.04075 6.4296 11.2584 2.38912 4.35998 3.35163 9.83114
threshold=1531764.9800000002 32.500000000000007 2404.6500000000005 1.0000000180025095e-35 588362.69500000007 586124.29000000015 11777.855000000001 7.5000000000000009
decision_type=10 2 2 2 10 10 2 2
left_child=1 4 -3 -4 5 -1 -6 -8
right_child=-2 2 3 -5 6 -7 7 -9
leaf_value=0.00043136653223912693 -0.019606234795815705 -0.046280406498068902 0.13412146552392062 -0.043062631599722748 0.0016820424516619538 -0.027235053953183146 0.10496386933223432 0.0087215506645820159
leaf_weight=1536.0270394985291 24.220219293421906 17.612995571393188 3.5784671477304055 4.6366944351066195 60.737979095116316 32.764748411856999 7.8113707306420102 25.464606629784612
leaf_count=127349 4530 5867 2231 4116 3059 4646 1847 9639
internal_value=-5.56472e-05 0.000224769 -0.0207082 0.0341175 0.000549918 -0.000146456 0.0121702 0.031314
internal_weight=1712.85 1688.63 25.8282 8.21516 1662.81 1568.79 94.014 33.276
internal_count=163284 158754 12214 6347 146540 131995 14545 11486
is_linear=0
shrinkage=0.0750466


Tree=233
num_leaves=9
num_cat=0
split_feature=63 5 5 128 148 138 138 141
split_gain=1.89381 6.78815 7.44684 2.6157 1.80167 3.90506 3.12531 2.53719
threshold=8.5000000000000018 47.500000000000007 40.500000000000007 inf 5.9250000000000007 26813.160000000003 54590.010000000002 1.7850000000000004
decision_type=2 2 2 8 10 8 10 10
left_child=4 2 -2 -3 7 -6 -7 -1
right_child=1 3 -4 -5 5 6 -8 -9
leaf_value=8.095653351239064e-05 0.0053723665740414784 -0.059897375099743494 0.13201235248810886 0.0098207564829914211 0.043005787200149519 -0.051935270293240944 0.024700888014462543 -0.012124947325316786
leaf_weight=1558.9648572940987 5.4480516549774638 4.6622485956067958 5.0291805208398728 8.6612630820909526 15.862994424787756 6.0145890163894382 5.9735485396831791 102.20004351901116
leaf_count=121981 2194 3133 2480 3445 2188 1907 2801 23155
internal_value=-5.63936e-05 0.0209652 0.0661609 -0.0145755 -0.000352619 0.0185767 -0.0137484 -0.000669989
internal_weight=1712.82 23.8007 10.4772 13.3235 1689.02 27.8511 11.9881 1661.16
internal_count=163284 11252 4674 6578 152032 6896 4708 145136
is_linear=0
shrinkage=0.0750466


Tree=234
num_leaves=9
num_cat=0
split_feature=64 142 9 64 57 9 71 17
split_gain=1.46721 3.69825 2.66477 2.43384 2.40372 4.14399 1.77555 3.56233
threshold=25194.515000000003 105570.00000000001 938.67500000000007 84328.445000000022 1.5000000000000002 2506.1000000000004 1.5000000000000002 3.5000000000000004
decision_type=2 8 2 2 2 2 2 2
left_child=6 -2 -3 4 -4 -6 7 -1
right_child=1 2 3 -5 5 -7 -8 -9
leaf_value=-0.00074030618512819872 0.031781975018112689 -0.045128350102558321 -0.017730287858726178 -0.044835688138664259 -0.022363485973973973 0.076953960900033619 0.016308259600161915 0.017615887741989304
leaf_weight=1559.2553274484417 8.9212572302858444 16.454785507243287 11.18220028485303 7.1484250426838107 4.2105674090089433 5.401249659142195 38.302514626113407 61.907055742420198
leaf_count=135090 2558 6433 2559 3821 3143 2774 1391 5515
internal_value=-5.57321e-05 -0.0123095 -0.0211694 -0.00706036 0.00592579 0.0334468 0.000337982 -3.93413e-05
internal_weight=1712.78 53.3185 44.3972 27.9424 20.794 9.61182 1659.46 1621.16
internal_count=163284 21288 18730 12297 8476 5917 141996 140605
is_linear=0
shrinkage=0.0750466


Tree=235
num_leaves=9
num_cat=0
split_feature=50 113 142 39 9 113 51 72
split_gain=1.52608 3.7438 4.4357 2.14743 3.29208 1.89482 3.66772 8.48576
threshold=1.0000000180025095e-35 -1079.9999999999998 769464.67500000016 351900.43000000005 1656.3400000000004 -1263.4999999999998 1.0000000180025095e-35 533.71500000000015
decision_type=2 10 10 2 2 10 2 2
left_child=3 -2 -3 5 -5 -1 -7 -8
right_child=1 2 -4 4 -6 6 7 -9
leaf_value=-0.0015944087796699125 0.010592115571861375 -0.073360237044276466 0.014765784586268264 -0.042828268200372839 0.012137956472254279 0.0051559019940085838 -0.0277703525659414 0.05026062599560277
leaf_weight=959.67634796307721 13.82944323191805 9.656637015497834 4.8235050225757723 15.648023645557261 10.0963004968562 642.32529490468005 47.142452553187468 9.4169668468675791
leaf_count=65436 2582 4252 4201 6527 2396 36323 40311 1256
internal_value=-5.40382e-05 -0.0173336 -0.0440044 0.000236395 -0.0212718 0.000570247 0.00354265 -0.0147784
internal_weight=1712.61 28.3096 14.4801 1684.31 25.7443 1658.56 698.885 56.5594
internal_count=163284 11035 8453 152249 8923 143326 77890 41567
is_linear=0
shrinkage=0.0750466


Tree=236
num_leaves=9
num_cat=0
split_feature=81 125 118 72 5 112 5 81
split_gain=1.57643 8.78463 6.76868 8.5758 5.46581 5.44097 5.65306 4.59766
threshold=15997.960000000001 -4536.1249999999991 1577.3950000000002 1708.4500000000003 73.500000000000014 69676.200000000012 53.500000000000007 48679.555000000008
decision_type=2 10 10 2 2 10 2 2
left_child=-1 4 5 -4 -2 -3 7 -7
right_child=1 2 3 -5 -6 6 -8 -9
leaf_value=0.0012581824759970736 -0.010062506406054056 -0.040601142260414544 0.010830175968427459 0.12344846556046923 0.0390087899061125 0.076179604490607108 -0.028570259473369452 0.010615843309811537
leaf_weight=1285.8188977114005 354.90464089257512 10.020105690764465 7.7684643459324416 7.4701297833889839 13.261520930223922 11.336779611327076 8.914156951945186 12.853511425131726
leaf_count=68450 76843 2330 3645 1239 2447 1467 2340 4523
internal_value=-5.32806e-05 -0.00400683 0.0230434 0.0660369 -0.00829493 0.00785109 0.0225167 0.0413423
internal_weight=1712.35 426.529 58.3631 15.2386 368.166 43.1246 33.1044 24.1903
internal_count=163284 94834 15544 4884 79290 10660 8330 5990
is_linear=0
shrinkage=0.0750466


Tree=237
num_leaves=9
num_cat=0
split_feature=25 33 113 55 141 55 6 153
split_gain=1.51595 6.6686 4.45868 8.86747 9.32721 6.99308 5.44425 6.86352
threshold=1.0000000180025095e-35 4895.2500000000009 -593.49999999999989 2.5000000000000004 0.79500000000000015 1.5000000000000002 163.50000000000003 299.11500000000007
decision_type=2 2 10 2 8 2 2 10
left_child=-1 2 5 -4 -5 -2 -7 -8
right_child=1 -3 3 4 -6 6 7 -9
leaf_value=-0.0013311298000973147 0.015697740544618508 -0.029805496277484914 -0.014923789134338786 0.0031376417296450163 0.15846578431881525 -0.036715139656538678 0.092998762898428428 -0.020094121183273146
leaf_weight=1290.4068657798289 254.06952151191945 30.736388962699493 87.11860631757736 5.7012613962251608 3.5224887653530468 27.572715077814792 4.8393916560235075 8.0491897830524959
leaf_count=48497 44004 25027 22887 3594 2361 10510 980 5424
internal_value=-5.46561e-05 0.00385221 0.00649889 -0.00751546 0.0624564 0.011083 -0.0178941 0.0223699
internal_weight=1712.02 421.61 390.873 96.3424 9.22375 294.531 40.4613 12.8886
internal_count=163284 114787 89760 28842 5955 60918 16914 6404
is_linear=0
shrinkage=0.0750466


Tree=238
num_leaves=9
num_cat=0
split_feature=21 33 83 33 33 134 127 144
split_gain=1.63781 2.49654 3.23486 4.31457 2.65887 5.06442 2.64942 6.71457
threshold=1.0000000180025095e-35 17595.285000000003 16422.695000000003 43848.475000000006 1.0000000180025095e-35 139352.40000000002 510.50000000000006 140.30500000000004
decision_type=2 2 2 2 2 8 10 8
left_child=-1 4 3 -3 -2 -6 -5 -8
right_child=1 2 -4 6 5 -7 7 -9
leaf_value=0.0064789547254589545 -0.00078924621375067348 -0.044385810231328503 -0.058313821546506495 -0.012230646510880773 0.048221262557576645 -0.0073006803951247146 -0.0040312690839942921 0.10541237521576287
leaf_weight=191.77307372511132 1425.1277839631566 13.78791556442229 8.7003683634338795 20.921612024401838 17.933282798738219 19.114621560314845 10.416695723655717 4.5302305692748641
leaf_count=5801 124420 3785 10667 4708 2116 2555 8567 665
internal_value=-5.65006e-05 -0.000880767 -0.0161022 -0.00870628 -0.000273265 0.0195751 0.00500899 0.0291398
internal_weight=1712.31 1520.53 58.3568 49.6565 1462.18 37.0479 35.8685 14.9469
internal_count=163284 157483 28392 17725 129091 4671 13940 9232
is_linear=0
shrinkage=0.0750466


Tree=239
num_leaves=9
num_cat=0
split_feature=10 6 81 149 127 115 83 120
split_gain=1.59732 5.5675 5.3784 7.1216 6.90716 3.91125 3.37532 6.24782
threshold=-3005.3049999999998 31.500000000000004 48679.555000000008 1894.5000000000002 3233.5000000000005 1.0000000180025095e-35 14077.235000000002 400242.26000000007
decision_type=2 2 2 8 10 10 2 10
left_child=1 -1 3 -3 -5 -4 -7 -8
right_child=-2 2 5 4 -6 6 7 -9
leaf_value=0.046115584418411314 0.00046204982170943814 -0.050027142217041493 -0.076501908956937176 0.037232013627858891 -0.034923063919072711 -0.062645922836444767 -0.056843187182528919 0.071343562607129457
leaf_weight=8.8327507775593386 1628.8752242978589 12.78950204304965 11.730703621680734 24.610822522221497 10.729214379540279 5.7412456365564131 4.0077276948522904 4.5985508362045948
leaf_count=1701 136692 2318 5726 3830 4149 2760 2359 3749
internal_value=-5.55411e-05 -0.0102083 -0.0169124 -0.00204051 0.0153258 -0.0443597 -0.0180798 0.0116502
internal_weight=1711.92 83.0405 74.2078 48.1295 35.34 26.0782 14.3475 8.60628
internal_count=163284 26592 24891 10297 7979 14594 8868 6108
is_linear=0
shrinkage=0.0750466


Tree=240
num_leaves=9
num_cat=0
split_feature=11 107 33 12 85 12 84 107
split_gain=1.80499 5.70955 5.19584 6.8861 3.14342 3.9486 3.65017 5.48072
threshold=93.555000000000021 1.0000000180025095e-35 115002.37000000001 4.5000000000000009 35229.000000000007 5.5000000000000009 7.5000000000000009 109.50000000000001
decision_type=2 2 2 2 2 2 2 2
left_child=-1 -2 3 -3 5 -5 -6 -8
right_child=1 2 -4 4 6 -7 7 -9
leaf_value=-0.0021683360593016958 0.050730387067568709 0.046792249933233186 -0.04195732592490365 -0.016920213461296286 -0.03062105402318142 0.0047984148155356546 0.048618514666808367 -0.027854677234146853
leaf_weight=977.34808477171464 13.710484920069574 19.460130007966654 14.93715563484602 51.323137820319971 34.506164187358081 579.19100042514037 10.182719483105759 10.95827776318947
leaf_count=23851 154 563 11233 1955 16929 97362 3521 7716
internal_value=-5.59741e-05 0.00275568 0.00184284 0.00277004 0.00152153 0.00303054 -0.0155765 0.00897921
internal_weight=1711.62 734.269 720.559 705.621 686.161 630.514 55.6472 21.141
internal_count=163284 139433 139279 128046 127483 99317 28166 11237
is_linear=0
shrinkage=0.0750466


Tree=241
num_leaves=9
num_cat=0
split_feature=60 22 118 149 153 149 30 73
split_gain=1.50973 2.78391 2.68948 9.60124 2.65143 3.48463 3.20994 2.34368
threshold=1079.3350000000003 78916.440000000017 5692.1350000000011 4024.5000000000005 651.0150000000001 3075.5000000000005 3.5000000000000004 9.5000000000000018
decision_type=2 2 10 10 10 10 2 2
left_child=2 4 7 -4 -2 -6 -7 -1
right_child=1 -3 3 -5 5 6 -8 -9
leaf_value=0.00086861089188353883 -0.022727148670133885 -0.046811536241798547 -0.0016214483173679867 0.089944044562982634 0.04347088278270942 0.027662909994592262 -0.037948847495902431 -0.0088421180771995258
leaf_weight=1459.2707034335199 24.12840590450287 10.459240609967308 26.003068767027798 8.5767688332598464 11.292755272737852 7.2806331515057563 9.9231786827640445 154.82808284176463
leaf_count=94102 1560 8082 7499 3567 3117 1552 3731 40074
internal_value=-5.51769e-05 -0.0114489 0.000380788 0.0210894 -0.00442059 0.0110798 -0.010182 -6.28647e-05
internal_weight=1711.76 63.0842 1648.68 34.5798 52.625 28.4966 17.2038 1614.1
internal_count=163284 18042 145242 11066 9960 8400 5283 134176
is_linear=0
shrinkage=0.0750466


Tree=242
num_leaves=9
num_cat=0
split_feature=8 21 127 112 0 118 95 112
split_gain=1.69252 3.1121 4.2506 4.54108 6.61217 2.41714 1.92183 1.91117
threshold=-8804.7999999999975 1.0000000180025095e-35 3655.5000000000005 190026.00000000003 37799697.500000007 17903.090000000004 5.5000000000000009 720815.33500000008
decision_type=2 2 8 10 2 8 2 10
left_child=1 -1 3 5 -5 -3 7 -2
right_child=6 2 -4 4 -6 -7 -8 -9
leaf_value=0.040660088240033247 -0.0017108965350471268 -0.030390531000118307 -0.022866184808666788 0.073081793621575242 0.0051411143329065621 0.01188979732612119 0.014987770895085384 0.0098872590822652751
leaf_weight=15.158456199395003 1480.2385488181171 13.610076875876985 24.309665631793905 13.751117332898501 19.519485997090669 17.289168702158349 43.056638768124685 84.589918585698797
leaf_count=680 127968 2973 4433 2470 3806 2281 3013 15660
internal_value=-5.44072e-05 0.00924111 0.00385836 0.0139825 0.0332218 -0.00673326 -0.00065356 -0.00108394
internal_weight=1711.52 103.638 88.4795 64.1698 33.2706 30.8992 1607.89 1564.83
internal_count=163284 16643 15963 11530 6276 5254 146641 143628
is_linear=0
shrinkage=0.0750466


Tree=243
num_leaves=9
num_cat=0
split_feature=135 16 16 135 97 16 135 18
split_gain=1.43544 6.58893 6.4961 6.22609 11.2691 5.21783 5.85704 5.36153
threshold=-927.99999999999989 -7736.8999999999987 -784.20999999999992 -989.49999999999989 17.500000000000004 -1.0000000180025095e-35 -440.49999999999994 252.93500000000003
decision_type=8 2 2 10 2 2 8 2
left_child=3 -2 -3 -1 -5 6 -4 -7
right_child=1 2 5 4 -6 7 -8 -9
leaf_value=0.00056915718282960349 0.0094806409087865098 -0.017875792305908939 -0.0065812674867137396 0.066175989725370352 -0.013815790275810615 -0.034467418645640624 0.02516341110386654 -0.0024679426764058991
leaf_weight=959.14962896848192 186.75571667911572 193.14228301222647 59.160765073967923 22.376831168106946 17.81608116112875 35.95570160401985 73.280235862839618 163.97244378963751
leaf_count=103677 4497 10245 5180 1810 3870 839 3617 29549
internal_value=-5.30388e-05 -0.00262732 -0.00693024 0.00178174 0.0307185 -0.000569689 0.0109832 -0.00822283
internal_weight=1711.61 712.267 525.511 999.343 40.1929 332.369 132.441 199.928
internal_count=163284 53927 49430 109357 5680 39185 8797 30388
is_linear=0
shrinkage=0.0750466


Tree=244
num_leaves=9
num_cat=0
split_feature=8 74 8 6 24 135 8 74
split_gain=1.48752 4.82772 7.68987 6.19673 5.91804 6.63533 9.57675 5.8453
threshold=9683.5850000000009 1068.0300000000002 12961.865000000002 131.50000000000003 6.5000000000000009 -1355.4999999999998 33046.075000000004 1790.595
decision_type=2 2 2 2 2 8 2 2
left_child=-1 2 -2 -3 5 -4 -7 -5
right_child=1 3 4 7 -6 6 -8 -9
leaf_value=0.002113055507217632 -0.021831442185296538 0.00063478438725396501 -0.0017120286861261032 -0.028493432177488905 -0.017224514187510021 0.054504983711556175 0.0024088937556982228 -0.0054278364009480986
leaf_weight=873.6639228090844 38.420210777974717 385.66894149485779 42.738833450177481 100.83298767350061 25.539418212405508 52.005949579179287 32.164419321914465 160.17039747947638
leaf_count=71382 6545 20652 7431 9439 16782 4987 4493 21573
internal_value=-5.33649e-05 -0.00231322 0.00817431 -0.00540867 0.0157364 0.0223695 0.0345973 -0.0143387
internal_weight=1711.21 837.541 190.869 646.672 152.449 126.909 84.1704 261.003
internal_count=163284 91902 40238 51664 33693 16911 9480 31012
is_linear=0
shrinkage=0.0750466


Tree=245
num_leaves=9
num_cat=0
split_feature=10 125 151 28 16 135 138 135
split_gain=1.58292 7.81337 4.2502 5.63267 5.85795 7.17008 3.40771 2.97155
threshold=-3005.3049999999998 -1.0000000180025095e-35 4.5000000000000009 31176.050000000003 -118.94499999999998 -989.49999999999989 70187.215000000011 -1840.4999999999998
decision_type=2 10 10 2 2 10 10 10
left_child=1 2 7 -4 -5 6 -6 -1
right_child=-2 -3 3 4 5 -7 -8 -9
leaf_value=-0.006743522220830603 0.00046104798423601487 0.064688017580373805 0.054863680978797486 -0.047456012844894355 0.014707419870149889 -0.036202019785125508 0.10923329708924519 -0.052277135130608672
leaf_weight=12.457002934908813 1628.1050714870871 7.1700903994387764 8.2107194051404786 15.730471793503964 4.1387416730831319 7.6190886395425013 4.4654224889800389 22.930946289015992
leaf_count=1529 136692 1593 2258 6114 2013 5032 2738 5315
internal_value=-5.35024e-05 -0.0101806 -0.0172858 -0.000578087 -0.0148242 0.0168164 0.0637648 -0.0362487
internal_weight=1710.83 82.7225 75.5524 40.1644 31.9537 16.2233 8.60416 35.3879
internal_count=163284 26592 24999 18155 15897 9783 4751 6844
is_linear=0
shrinkage=0.0750466


Tree=246
num_leaves=9
num_cat=0
split_feature=63 74 24 55 8 0 74 23
split_gain=1.81879 5.1197 6.77598 8.29472 1.80213 2.41993 4.73544 4.49765
threshold=8.5000000000000018 391.17500000000007 7.5000000000000009 1.0000000180025095e-35 -8804.7999999999975 49848695.500000007 659.20500000000015 1.5000000000000002
decision_type=2 2 2 2 2 2 2 2
left_child=4 -2 -3 -4 5 6 -1 -8
right_child=1 2 3 -5 -6 -7 7 -9
leaf_value=0.040508939959610746 0.087985525409390336 -0.029436884761285642 0.16079997558699197 -0.011489092882928419 -0.0009689524018632544 -0.0072978947065264017 -0.016778931972536083 0.036763743934615734
leaf_weight=28.865394747761457 5.0057626671114148 12.517270478667344 2.8502207888977855 3.5142308484546447 1584.3036901329506 33.356694891463121 27.111405827457929 13.107723543022074
leaf_count=4073 1589 4634 1784 3245 136435 4307 4614 2603
internal_value=-5.39848e-05 0.0205089 0.00262003 0.0656679 -0.000345194 0.00930154 0.0173164 0.000671038
internal_weight=1710.63 23.8875 18.8817 6.36445 1686.74 102.441 69.0845 40.2191
internal_count=163284 11252 9663 5029 152032 15597 11290 7217
is_linear=0
shrinkage=0.0750466


Tree=247
num_leaves=9
num_cat=0
split_feature=11 10 138 129 147 147 138 147
split_gain=1.51652 5.78214 11.5756 8.17426 14.2744 8.24049 4.25896 4.05881
threshold=93.555000000000021 1.0000000180025095e-35 13933.140000000001 18.500000000000004 -19379.904999999995 -34380.424999999996 -1.0000000180025095e-35 -2974.2299999999996
decision_type=2 2 10 8 10 10 8 8
left_child=-1 6 7 4 5 -4 -2 -3
right_child=1 2 3 -5 -6 -7 -8 -9
leaf_value=-0.0019943302772775237 -0.039610530840556671 0.0054043156539322441 0.01895605139956533 -0.037237966827492204 -0.057766713207554492 0.12680877096486859 -0.00036800149979016153 0.033732043214367007
leaf_weight=975.37101484927916 16.057064866759902 40.175765132396918 10.965581722168283 35.291549031473551 9.152328625565131 6.2717911470826975 519.71734241108425 97.905807411119895
leaf_count=23851 1196 5718 4054 7365 2393 2385 110322 6000
internal_value=-5.40738e-05 0.00251883 0.0134158 -0.0136136 0.0179798 0.0581981 -0.00154409 0.0254899
internal_weight=1710.91 735.537 199.763 61.6813 26.3897 17.2374 535.774 138.082
internal_count=163284 139433 27915 16197 8832 6439 111518 11718
is_linear=0
shrinkage=0.0750466


Tree=248
num_leaves=9
num_cat=0
split_feature=134 125 74 146 7 63 120 28
split_gain=1.50704 2.07899 2.742 2.24867 13.1856 3.18947 6.86526 6.162
threshold=1378588.4800000002 -28173.074999999993 1939.825 1.0000000180025095e-35 2050.3150000000005 4.5000000000000009 154836.00000000003 40761.920000000006
decision_type=10 8 2 10 2 2 10 2
left_child=1 2 -1 5 -5 -3 -7 -8
right_child=-2 3 -4 4 -6 6 7 -9
leaf_value=0.0063085905995045174 -0.018759369623466318 -0.00083215548093962634 -0.040159415266409842 -0.0076779522941063617 0.052426899974718423 -0.0069356648782770529 0.059011293428790759 -0.021221452938859187
leaf_weight=12.776197177241558 23.924478679711683 1498.1614362104774 16.24624682124886 63.274100403157718 30.447985458182302 34.909354452836851 24.560295049077471 6.9073342807987492
leaf_count=4436 4549 112285 5257 7242 4366 9688 9448 6013
internal_value=-5.62421e-05 0.000208955 -0.0197034 0.000557455 0.0118486 -0.000118931 0.0159789 0.0413997
internal_weight=1711.21 1687.28 29.0224 1658.26 93.7221 1564.54 66.377 31.4676
internal_count=163284 158735 9693 149042 11608 137434 25149 15461
is_linear=0
shrinkage=0.0750466


Tree=249
num_leaves=9
num_cat=0
split_feature=81 148 138 120 153 131 131 107
split_gain=1.43404 4.08369 4.83331 5.85935 4.91573 4.70169 4.68026 4.54723
threshold=15997.960000000001 3.52 97358.630000000019 182988.00000000003 3489.6750000000006 14023.215000000002 181.81500000000003 30.500000000000004
decision_type=2 10 10 10 10 8 8 2
left_child=-1 2 3 4 7 -6 -3 -2
right_child=1 6 -4 -5 5 -7 -8 -9
leaf_value=0.0011929177371623636 -0.029465496299607159 0.0009619162539983041 -0.042119106632182615 0.0073348115476916092 -0.056652518382705068 0.0061209007790039354 0.073686453407256811 -0.0010186738414248689
leaf_weight=1286.1087285481717 39.913124089827761 13.298922057922029 19.35009860392438 159.32455006770033 23.133505352590873 9.4711288829203095 7.9711814214224423 152.82305586307848
leaf_count=68450 1611 3895 9342 39352 7959 1817 3264 27594
internal_value=-5.62975e-05 -0.00383406 -0.0055214 -0.0036804 -0.0114686 -0.0384178 0.0282162 -0.00690964
internal_weight=1711.39 425.286 404.015 384.665 225.341 32.6046 21.2701 192.736
internal_count=163284 94834 87675 78333 38981 9776 7159 29205
is_linear=0
shrinkage=0.0750466


Tree=250
num_leaves=9
num_cat=0
split_feature=72 151 6 113 16 149 97 140
split_gain=1.6334 6.32222 1.93223 7.54378 10.359 4.04563 4.8495 4.53105
threshold=2506.0200000000004 3.5000000000000004 40.500000000000007 -1171.4999999999998 -4047.3549999999991 636.50000000000011 7.5000000000000009 29747.050000000003
decision_type=2 8 2 8 2 8 2 8
left_child=2 -2 3 4 -1 6 -6 -8
right_child=1 -3 -4 -5 5 -7 7 -9
leaf_value=-0.027214531180955001 0.017061639882111568 -0.022219924447455526 -0.00080689538187378321 0.020374764474746995 0.024650326679715236 -0.020176506518928217 0.01199630660866405 -0.038763682734899482
leaf_weight=67.667430185294506 34.555413270623831 69.460353596346977 1269.9787265490768 123.22723147027864 80.084068156211288 23.571473478979897 26.895285782156861 15.677313604137451
leaf_count=3396 1727 5832 133587 4814 5625 2032 4469 1802
internal_value=-5.60693e-05 -0.00917007 0.000533812 0.00558441 -0.00293646 0.00829828 0.0137704 -0.006696
internal_weight=1711.12 104.016 1607.1 337.123 213.896 146.228 122.657 42.5726
internal_count=163284 7559 155725 22138 17324 13928 11896 6271
is_linear=0
shrinkage=0.0750466


Tree=251
num_leaves=9
num_cat=0
split_feature=39 120 107 74 11 39 11 18
split_gain=1.46288 4.72402 4.55975 8.55603 3.87557 2.10274 2.08727 5.01306
threshold=25863.355000000003 182988.00000000003 85.500000000000014 1213.8100000000002 1469.9150000000002 234606.79000000001 93.555000000000021 252.93500000000003
decision_type=2 8 2 2 2 2 2 2
left_child=6 5 -3 4 -4 -2 -1 -8
right_child=1 2 3 -5 -6 -7 7 -9
leaf_value=-0.0018911885361704058 -0.068990100511141808 -0.016672901889996983 0.032807329463953587 0.10241714280030079 -0.075397192242431452 -0.019284449980700065 0.015764771902312819 0.00015377151211765032
leaf_weight=969.86839195003631 8.8380384191314096 23.005851028123288 4.1207532779808371 6.2960951104669221 3.4044583327267901 10.473698514750138 147.70401006536122 537.22693314199296
leaf_count=23297 2485 3267 2338 4449 3035 3300 7700 113413
internal_value=-5.5544e-05 -0.0119696 0.00379497 0.0378642 -0.0161452 -0.0420323 0.000348638 0.00352025
internal_weight=1710.94 56.1389 36.8272 13.8213 7.52521 19.3117 1654.8 684.931
internal_count=163284 18874 13089 9822 5373 5785 144410 121113
is_linear=0
shrinkage=0.0750466


Tree=252
num_leaves=9
num_cat=0
split_feature=6 153 16 102 151 137 81 16
split_gain=1.44801 3.43445 3.38708 2.28347 2.00849 4.46507 6.85676 11.5155
threshold=289.50000000000006 9905.9850000000024 -176.96999999999997 1.0000000180025095e-35 4.5000000000000009 8892.4500000000025 83116.845000000016 1.0000000180025095e-35
decision_type=2 8 2 2 10 10 2 2
left_child=3 2 -2 4 -1 -6 7 -7
right_child=1 -3 -4 -5 5 6 -8 -9
leaf_value=-0.001152611314638668 0.023846259017620195 0.039004379701929777 -0.014354216823801131 -0.01536647034740991 -0.017182670000123846 0.012158261135270802 -0.015710035632210847 0.091835492722146958
leaf_weight=1329.1266902496318 21.851658763620435 17.759268100116969 32.536241011379389 56.289752576214596 39.11628170586846 158.73193729074228 44.844958511041114 10.918592239053394
leaf_count=81113 1616 1802 6730 4494 3458 36182 25472 2417
internal_value=-5.50636e-05 0.0103502 0.000993751 -0.000513085 1.51725e-05 0.00613529 0.0103876 0.0172862
internal_weight=1711.18 72.1472 54.3879 1639.03 1582.74 253.612 214.495 169.651
internal_count=163284 10148 8346 153136 148642 67529 64071 38599
is_linear=0
shrinkage=0.0750466


Tree=253
num_leaves=9
num_cat=0
split_feature=16 116 127 97 23 16 22 22
split_gain=1.47663 5.84676 1.84177 2.77588 2.23101 7.74694 7.82921 3.38293
threshold=2347.2300000000005 2777.4150000000004 145.50000000000003 3.5000000000000004 2.5000000000000004 -26.824999999999996 3393.0150000000008 19850.095000000005
decision_type=2 8 8 2 2 2 2 2
left_child=2 -2 3 -1 -4 -6 -7 -8
right_child=1 -3 4 -5 5 6 7 -9
leaf_value=0.0042804230030133198 0.0066626276395626701 -0.062718476440991905 0.001393316232806295 -0.037225506822492163 -0.023410252362405869 0.060103772091111646 -0.041725609072888553 0.012185206718615824
leaf_weight=18.146265881503496 20.654369905506428 10.228095427828523 1523.0745562538395 18.153366224907586 77.61163612081873 14.968346912934065 10.131678446672597 18.572080839394403
leaf_count=1655 4528 2778 137470 3286 5777 652 947 6191
internal_value=-5.46572e-05 -0.016316 0.000244149 -0.0164766 0.000613263 -0.0091826 0.016102 -0.00684391
internal_weight=1711.54 30.8825 1680.66 36.2996 1644.36 121.284 43.6721 28.7038
internal_count=163284 7306 155978 4941 151037 13567 7790 7138
is_linear=0
shrinkage=0.0750466


Tree=254
num_leaves=9
num_cat=0
split_feature=7 51 112 5 147 138 7 147
split_gain=1.42654 7.26463 24.2176 7.28181 5.46322 4.94459 8.42502 9.70359
threshold=1655.0800000000002 1.0000000180025095e-35 28503.900000000005 59.500000000000007 -25805.769999999997 17748.170000000002 3616.7500000000005 -31205.244999999999
decision_type=2 2 10 2 10 10 2 10
left_child=-1 4 -3 5 -2 -4 -7 -8
right_child=1 2 3 -5 -6 6 7 -9
leaf_value=-0.0023119761107860781 -0.0042021760258929997 0.1293282103248734 -0.049614041177498229 0.058822874076561352 0.0082330302685040494 -0.046778470469870048 -0.0021076777821302569 0.2137466719128015
leaf_weight=820.38143230870446 527.85518179304563 10.8073434241669 14.262528577692139 8.686199540490632 319.36291687761695 5.2096615040827583 2.7136630607783445 2.0658617494264035
leaf_count=95686 21303 2674 8759 3800 17647 6787 4161 2467
internal_value=-5.39614e-05 0.00202517 0.0318474 -0.000137316 0.000485334 -0.021255 0.019236 0.0911914
internal_weight=1711.34 890.963 43.7453 32.9379 847.218 24.2517 9.98919 4.77952
internal_count=163284 67598 28648 25974 38950 22174 13415 6628
is_linear=0
shrinkage=0.0750466


Tree=255
num_leaves=9
num_cat=0
split_feature=39 149 149 149 11 149 20 112
split_gain=1.38832 2.92985 2.93445 2.38975 1.584 4.84383 7.57511 5.32581
threshold=313319.83000000002 1366.5000000000002 3317.0000000000005 4894.5000000000009 318.30500000000006 5660.5000000000009 34.560000000000009 139352.40000000002
decision_type=2 10 10 8 2 8 2 8
left_child=4 -2 -3 -4 -1 -6 -7 -8
right_child=1 2 3 -5 5 6 7 -9
leaf_value=-0.0010003367163266476 -0.056978435867594233 0.036241169479259913 -0.062099511833486623 0.001933853609882954 0.00037696983614394656 0.043340193766232007 -0.065151747376295172 0.01059450277265152
leaf_weight=1313.6539461452849 7.4347129801717555 7.3161166184036146 5.3031344216797125 8.6146721466830058 298.84065018360616 40.67404263438948 6.725562374333097 23.476384717474502
leaf_count=50291 1647 2696 2596 4104 85269 6575 2045 8061
internal_value=-5.79538e-05 -0.0164339 -0.00223783 -0.0224649 0.000220936 0.00456029 0.0221988 -0.00627316
internal_weight=1712.04 28.6686 21.2339 13.9178 1683.37 369.717 70.876 30.2019
internal_count=163284 11043 9396 6700 152241 101950 16681 10106
is_linear=0
shrinkage=0.0750466


Tree=256
num_leaves=9
num_cat=0
split_feature=22 18 27 138 112 118 138 9
split_gain=1.57167 5.10569 6.69599 4.16487 2.9407 3.54979 5.85874 6.60695
threshold=319.2050000000001 5971.0600000000004 4.5000000000000009 32720.145 28503.900000000005 5692.1350000000011 26813.160000000003 2299.4850000000006
decision_type=2 2 2 10 8 8 10 2
left_child=1 -1 -3 -4 -2 6 7 -6
right_child=4 2 3 -5 5 -7 -8 -9
leaf_value=0.00045661641185041772 0.029624025375301979 0.044473410586156385 -0.036063019161829357 0.024427793732358774 -0.015847930130320126 -0.0011885533418492925 -0.043094397441084453 0.039094851111741949
leaf_weight=990.41119924863233 15.274275078914796 34.637330289802776 12.948747929724052 12.695314729335221 61.526414985901283 537.40462912893508 31.895429898060684 15.414824626011976
leaf_count=28051 2066 3004 3857 4739 13582 90095 15966 1924
internal_value=-5.68641e-05 0.00174725 0.0229522 -0.00611652 -0.00292236 -0.00369162 -0.016051 -0.0048404
internal_weight=1712.21 1050.69 60.2814 25.6441 661.516 646.241 108.837 76.9412
internal_count=163284 39651 11600 8596 123633 121567 31472 15506
is_linear=0
shrinkage=0.0750466


Tree=257
num_leaves=9
num_cat=0
split_feature=8 7 20 147 12 60 8 142
split_gain=1.52567 7.41867 11.8264 6.47728 6.27117 3.27475 3.57894 5.03382
threshold=9683.5850000000009 1261.8700000000001 1.0000000180025095e-35 -2974.2299999999996 4.5000000000000009 1079.3350000000003 -1.0000000180025095e-35 154836.00000000003
decision_type=2 2 2 8 2 2 2 10
left_child=1 5 -3 -4 -2 6 -1 -8
right_child=4 2 3 -5 -6 -7 7 -9
leaf_value=0.0058757209466140025 0.016155004075272442 0.0022496899239763395 0.05652985063298354 0.016268840457268466 -0.0046215158179072615 -0.033183185732664544 -0.015348522417404767 0.0034311265858847154
leaf_weight=195.6248156102738 91.895525021565845 241.34325477564016 40.128338172973599 51.245384295616532 746.33145066423276 19.876034202252413 180.16588779883932 145.15015807747841
leaf_count=27339 1033 5572 4352 758 90869 5267 14288 13806
internal_value=-5.65941e-05 0.00213814 0.0109556 0.0339502 -0.00234377 -0.00328644 -0.00214576 -0.00696938
internal_weight=1711.76 873.534 332.717 91.3737 838.227 540.817 520.941 325.316
internal_count=163284 71382 10682 5110 91902 60700 55433 28094
is_linear=0
shrinkage=0.0750466


Tree=258
num_leaves=9
num_cat=0
split_feature=80 83 83 80 138 142 149 73
split_gain=1.49251 6.78068 7.01407 5.92241 8.7308 5.06836 4.84816 3.89618
threshold=4.5000000000000009 1407.6450000000002 68621.085000000006 10.500000000000002 5216.3500000000013 208324.80000000002 5408.5000000000009 11.500000000000002
decision_type=2 2 2 2 10 8 8 2
left_child=-1 -2 3 4 -3 -6 7 -4
right_child=1 2 6 -5 5 -7 -8 -9
leaf_value=-0.00063213014576275447 -0.027750678977239387 0.090938283295813563 -0.05174053123939696 -0.018910423379741952 -0.0067120996632888084 0.054000033829825871 0.039124434571854737 0.019031780274730164
leaf_weight=1602.7784197317105 22.918417437620519 15.44415696296346 14.729804451679234 9.9728029828274867 16.43125135861192 14.647981996685301 7.6444597057743513 6.2356364893585114
leaf_count=135173 3911 1316 4880 2568 4791 5277 2282 3086
internal_value=-5.66723e-05 0.0084815 0.0182385 0.03357 0.0448198 0.0219022 -0.0120367 -0.0306911
internal_weight=1710.8 108.025 85.1061 56.4962 46.5234 31.0792 28.6099 20.9654
internal_count=163284 28111 24200 13952 11384 10068 10248 7966
is_linear=0
shrinkage=0.0750466


Tree=259
num_leaves=9
num_cat=0
split_feature=0 119 147 0 4 10 150 150
split_gain=1.66689 3.24482 5.92193 2.692 2.48897 3.18589 5.41553 3.52733
threshold=15842220.000000002 11.705000000000002 -15710.014999999998 13401921.500000002 1.5000000000000002 298.7000000000001 1.0000000180025095e-35 8303.6200000000008
decision_type=2 8 10 2 2 2 8 10
left_child=1 2 -1 -3 5 7 -7 -2
right_child=4 3 -4 -5 -6 6 -8 -9
leaf_value=-0.067289334065857395 -0.002474888606461972 0.015189250504708308 0.0089176489675113196 -0.01063247870538216 -0.01686366389420664 0.034726174598289777 0.0042475492168782348 0.0081838215700911678
leaf_weight=12.993723887118906 1006.8108858957239 32.843508709922389 10.291658678881502 73.907371106168284 44.592384330037021 37.18247977495048 280.68682483781413 211.61673002918633
leaf_count=5220 65790 3235 1551 6323 2116 2137 19341 57571
internal_value=-5.72659e-05 -0.00822472 -0.0336074 -0.00268804 0.000614549 0.00112187 0.00781276 -0.000623682
internal_weight=1710.93 130.036 23.2854 106.751 1580.89 1536.3 317.869 1218.43
internal_count=163284 16329 6771 9558 146955 144839 21478 123361
is_linear=0
shrinkage=0.0750466


Tree=260
num_leaves=9
num_cat=0
split_feature=25 95 58 104 153 153 25 103
split_gain=1.46835 5.06211 3.12182 3.29697 3.76475 4.25579 3.372 2.77464
threshold=35114.595000000008 3.5000000000000004 6461.2000000000007 35229.000000000007 2844.5250000000001 651.0150000000001 54345.555000000008 5.5000000000000009
decision_type=2 2 2 2 10 10 2 2
left_child=7 2 3 4 5 -2 -6 -1
right_child=1 -3 -4 -5 6 -7 -8 -9
leaf_value=-0.00011473705352265825 0.0088992268918753926 0.069903249774937545 -0.054804177464004115 -0.054676602930570306 0.0016087952522196892 -0.063586785669914631 0.11785875078108042 0.021627091944070167
leaf_weight=1626.7028586115593 16.658544977442951 3.8596457990279296 10.840702625991069 7.0755777354916054 2.9208081529850451 6.2820467661240391 2.7083363950678176 33.743695439539806
leaf_count=119859 4572 1075 10209 5132 2458 4792 2370 12817
internal_value=-5.57371e-05 -0.0126821 -0.019539 -0.00881393 0.00254441 -0.0109503 0.0575398 0.000327102
internal_weight=1710.79 50.3457 46.486 35.6453 28.5697 22.9406 5.62914 1660.45
internal_count=163284 30608 29533 19324 14192 9364 4828 132676
is_linear=0
shrinkage=0.0750466


Tree=261
num_leaves=9
num_cat=0
split_feature=107 24 32 6 22 83 134 135
split_gain=1.60856 2.98193 5.96503 4.70825 4.4872 5.96128 5.1851 5.69556
threshold=12.500000000000002 1.0000000180025095e-35 1.0000000180025095e-35 145.50000000000003 6061.1650000000009 42330.955000000009 106977.60000000002 -1749.9999999999998
decision_type=2 2 2 2 2 2 10 10
left_child=-1 -2 4 -4 5 6 -3 -8
right_child=1 2 3 -5 -6 -7 7 -9
leaf_value=0.0030890162574342028 -0.0047370013555419277 0.024001544660631598 -0.05007158572408138 0.0088733320580896939 -0.0016173773359306469 0.050523326909174424 -0.035969281536817582 0.0085231726175905055
leaf_weight=596.83190611714963 697.91453138343422 72.465675564846606 20.057464784046715 12.319301020095734 206.46604359507728 22.754764516175783 22.242739635679754 59.686371209936624
leaf_count=7521 41210 5844 15348 10556 70685 3166 2543 6411
internal_value=-5.47901e-05 -0.00173924 0.00329013 -0.0276432 0.00590086 0.0146633 0.00937823 -0.00355598
internal_weight=1710.74 1113.91 415.992 32.3768 383.616 177.15 154.395 81.9291
internal_count=163284 155763 114553 25904 88649 17964 14798 8954
is_linear=0
shrinkage=0.0750466


Tree=262
num_leaves=9
num_cat=0
split_feature=56 12 27 39 23 11 81 141
split_gain=1.42124 4.0739 3.34269 1.64347 2.54152 2.2051 7.61877 10.5857
threshold=11582.655000000002 6.5000000000000009 1.5000000000000002 313319.83000000002 1.5000000000000002 318.30500000000006 1.0000000180025095e-35 1.7600000000000002
decision_type=2 2 2 2 2 2 2 10
left_child=3 -2 -3 5 -5 -1 7 -7
right_child=1 2 -4 4 -6 6 -8 -9
leaf_value=-0.00092638899983504223 0.022514564676420976 0.017955652034004854 -0.062197060833721125 0.0019776073140733651 -0.044537135537751418 0.028582182494758818 -0.0023097017640109755 -0.040356087944116152
leaf_weight=1303.4390166135781 8.8116926651346166 3.9482893568419959 11.3661627870797 15.263751374450296 11.676544820480556 110.11249020295145 231.35910478190817 14.157568703240029
leaf_count=48441 2199 1054 11780 5805 3776 16203 70428 3598
internal_value=-5.46515e-05 -0.0181403 -0.0415325 0.000204148 -0.018183 0.000502721 0.00574064 0.0207283
internal_weight=1710.13 24.1261 15.3145 1686.01 26.9403 1659.07 355.629 124.27
internal_count=163284 15033 12834 148251 9581 138670 90229 19801
is_linear=0
shrinkage=0.0750466


Tree=263
num_leaves=9
num_cat=0
split_feature=72 11 10 10 133 57 138 118
split_gain=1.51405 5.04367 2.81199 2.40377 5.69243 5.01038 8.32358 5.81721
threshold=2506.0200000000004 93.555000000000021 -386.05499999999995 -386.05499999999995 8.0000000000000018 2.5000000000000004 10376.35 30318.230000000003
decision_type=2 2 2 2 8 2 10 8
left_child=3 -2 -3 4 -1 -5 -7 -8
right_child=1 2 -4 5 -6 6 7 -9
leaf_value=-0.0076341496824987934 -0.026073882379865208 0.024835382602526667 -0.0094475316426229673 0.00072587408272887794 0.025204808685475383 -0.0070506220199661645 0.074637842136994093 0.021500303704098844
leaf_weight=340.39755816574962 49.767067691216653 25.970566985168261 28.004937054043694 1138.2254127256692 32.573914728607633 40.676682613575394 16.737359476410347 37.825220820373943
leaf_count=84222 977 4536 2046 55136 1275 2788 5395 6909
internal_value=-5.43389e-05 -0.0088412 0.00704785 0.000513111 -0.00476612 0.00210943 0.0186446 0.0378005
internal_weight=1710.18 103.743 53.9755 1606.44 372.971 1233.46 95.2393 54.5626
internal_count=163284 7559 6582 155725 85497 70228 15092 12304
is_linear=0
shrinkage=0.0750466


Tree=264
num_leaves=9
num_cat=0
split_feature=135 16 16 112 16 150 135 150
split_gain=1.57748 5.21252 5.42344 6.51255 5.53198 6.09321 5.17408 5.15533
threshold=-927.99999999999989 -7736.8999999999987 -609.50499999999988 114015.60000000002 -68.659999999999982 34230.270000000011 -989.49999999999989 3519.0050000000006
decision_type=8 2 2 8 2 8 10 10
left_child=6 -2 3 -3 5 -4 -1 -8
right_child=1 2 4 -5 -6 -7 7 -9
leaf_value=0.00075168020297804638 0.0079717349825745975 0.010322917234337061 -0.0053853246261594857 -0.022965474991876886 -0.0067922449170312003 0.033201941110192923 0.0040703378969920816 0.057557700440905905
leaf_weight=957.10049011036608 187.87638397434603 41.589484286650986 43.686147075838562 162.15320494677144 227.830740783892 48.784105857228496 22.726325871517474 18.337911308806724
leaf_count=103677 4497 3110 3663 8082 32332 2243 1219 4461
internal_value=-5.40872e-05 -0.002753 -0.00659796 -0.0161704 -0.000508956 0.014972 0.00187086 0.027956
internal_weight=1710.08 711.92 524.044 203.743 320.301 92.4703 998.165 41.0642
internal_count=163284 53927 49430 11192 38238 5906 109357 5680
is_linear=0
shrinkage=0.0750466


Tree=265
num_leaves=9
num_cat=0
split_feature=0 146 7 115 22 0 99 102
split_gain=1.3975 2.95073 4.92431 3.51052 2.53255 4.50528 2.41389 3.01268
threshold=15842220.000000002 47174.240000000005 1.0000000180025095e-35 6092.5500000000011 409658.84500000003 24777691.000000004 2.5000000000000004 1.0000000180025095e-35
decision_type=2 8 2 8 2 2 2 2
left_child=1 2 -1 -4 6 -6 7 -2
right_child=4 -3 3 -5 5 -7 -8 -9
leaf_value=-0.052090882085202267 0.0010790228074294072 0.013994704702143847 0.001749154349128823 -0.034833005386434052 0.041234257510622617 -0.036919949364488162 0.022778253021435952 -0.020665882298985052
leaf_weight=15.752404351198491 1489.0435120392422 27.988947183479468 66.182743194049181 19.019615480805442 5.1204202614608247 22.01266914628377 28.033020862894773 36.770058690262886
leaf_count=3195 129546 1322 8135 3677 3060 10349 737 3263
internal_value=-5.36905e-05 -0.00756614 -0.0135437 -0.00641704 0.00055902 -0.0221711 0.000955931 0.000555
internal_weight=1709.92 128.944 100.955 85.2024 1580.98 27.1331 1553.85 1525.81
internal_count=163284 16329 15007 11812 146955 13409 133546 132809
is_linear=0
shrinkage=0.0750466


Tree=266
num_leaves=9
num_cat=0
split_feature=8 73 20 20 73 73 74 72
split_gain=1.41028 5.73036 3.60884 8.32734 7.23575 6.75951 7.70279 6.44303
threshold=9683.5850000000009 1.0000000180025095e-35 1.0000000180025095e-35 3.8350000000000004 8.5000000000000018 7.5000000000000009 1660.8950000000002 1708.4500000000003
decision_type=2 2 2 2 2 2 2 2
left_child=2 -2 4 -4 5 -1 -7 -5
right_child=1 -3 3 7 -6 6 -8 -9
leaf_value=-0.0013831626948875397 0.025114906964059439 -0.0036674109538888788 0.042297431606403944 -0.0078058513147012546 -0.031662800997820012 -0.0061779524949344029 0.053325540233932496 0.018132900452982118
leaf_weight=528.27910889727173 40.965966569201555 794.63533268670108 37.367631961586085 119.006827854314 40.605508956379708 21.637585475276865 28.248504103141386 98.632003858994722
leaf_count=23021 1142 90760 3050 27324 7907 4254 1374 4452
internal_value=-5.20643e-05 -0.00225634 0.0020559 0.00956874 -0.00104027 0.0011104 0.0275165 0.00394936
internal_weight=1709.38 835.601 873.777 255.006 618.771 578.165 49.8861 217.639
internal_count=163284 91902 71382 34826 36556 28649 5628 31776
is_linear=0
shrinkage=0.0750466


Tree=267
num_leaves=9
num_cat=0
split_feature=63 9 9 137 71 99 139 137
split_gain=1.37721 3.74878 5.50525 2.48085 1.49087 2.18084 2.22417 5.66294
threshold=8.5000000000000018 389.19000000000005 2798.8850000000007 28105.610000000004 1.5000000000000002 2.5000000000000004 990.2650000000001 28105.610000000004
decision_type=2 2 2 8 2 2 10 8
left_child=4 -2 3 -3 5 6 -1 -8
right_child=1 2 -4 -5 -6 -7 7 -9
leaf_value=-0.0013858773384118404 0.071928089280231505 -0.044807321027848998 0.067926424996760701 0.0229109256102989 0.014037624298507058 0.019732290963829537 0.060668335569140627 -0.0090961882047930973
leaf_weight=1588.564980586093 5.5380005411097981 9.38027883158429 5.1661935514639472 4.5125945912996057 39.824220037513442 29.021889760630074 11.35116863981966 15.502122212128599
leaf_count=141811 1598 3698 2475 3481 1603 861 2065 5692
internal_value=-5.25863e-05 0.0175769 0.00178412 -0.0228115 -0.000310049 -0.000657513 -0.00102383 0.020394
internal_weight=1708.86 24.5971 19.0591 13.8929 1684.26 1644.44 1615.42 26.8533
internal_count=163284 11252 9654 7179 152032 150429 149568 7757
is_linear=0
shrinkage=0.0750466


Tree=268
num_leaves=9
num_cat=0
split_feature=64 18 112 127 9 135 9 112
split_gain=1.40036 4.37068 11.0672 4.65337 4.62246 1.71463 1.56013 1.5493
threshold=25194.515000000003 18220.110000000004 431161.07000000001 3462.5000000000005 1206.4850000000004 -136.99999999999997 1656.3400000000004 720815.33500000008
decision_type=2 2 8 10 2 10 2 10
left_child=5 6 3 4 -3 7 -2 -1
right_child=1 2 -4 -5 -6 -7 -8 -9
leaf_value=7.1346169129341612e-05 -0.056662809817543375 0.070114522947240368 -0.04236952720522949 0.11293497374350132 -0.029777146807718476 -0.018738117791530166 -0.018539623634094088 0.010073497750531676
leaf_weight=1537.1126806343473 10.766239946953648 5.5947498917066714 13.193514067304021 4.7710888125657211 4.8888249722422188 26.131708519078529 13.788425350317992 92.465619375297138
leaf_count=125614 3033 2818 8326 2780 2030 1972 2301 14410
internal_value=-5.13249e-05 -0.012059 0.00796247 0.0514938 0.0235319 0.000333066 -0.0352551 0.000638889
internal_weight=1708.71 53.0028 28.4482 15.2547 10.4836 1655.71 24.5547 1629.58
internal_count=163284 21288 15954 7628 4848 141996 5334 140024
is_linear=0
shrinkage=0.0750466


Tree=269
num_leaves=9
num_cat=0
split_feature=135 135 109 127 0 0 120 120
split_gain=1.35153 4.24281 4.25359 4.02827 3.81363 5.24621 8.2816 5.93027
threshold=-927.99999999999989 -989.49999999999989 1.0000000180025095e-35 610.50000000000011 26921913.500000004 31507133.500000004 182988.00000000003 253368.00000000003
decision_type=8 10 2 8 2 2 10 10
left_child=1 4 -3 -2 -1 6 -6 -7
right_child=3 2 -4 -5 5 7 -8 -9
leaf_value=-0.0092892728908783775 -0.02795106549456388 0.0029225391463439544 0.050735369404824343 -0.0012968096454347257 -0.0026264268493164811 0.0040171940158133896 0.041560412068298261 -0.013818164924237644
leaf_weight=175.69959642903086 33.517115724767791 22.666026528208022 19.490029111797412 675.8889450295228 47.875904933694983 556.48118514275666 47.678750199685965 129.41350773301747
leaf_count=22181 2425 1814 3866 51502 5477 52620 6356 17043
internal_value=-5.11158e-05 0.0017272 0.0250279 -0.00255614 0.000700957 0.00294714 0.0194214 0.000652047
internal_weight=1708.71 999.305 42.1561 709.406 957.149 781.449 95.5547 685.895
internal_count=163284 109357 5680 53927 103677 81496 11833 69663
is_linear=0
shrinkage=0.0750466


Tree=270
num_leaves=9
num_cat=0
split_feature=72 113 80 113 134 140 134 24
split_gain=1.404 5.16481 1.96462 5.6666 6.30891 7.82382 4.65757 3.45815
threshold=2506.0200000000004 -501.99999999999994 4.5000000000000009 -927.99999999999989 187492.32000000004 10829.135000000002 692430.67000000016 12.500000000000002
decision_type=2 8 2 10 8 10 10 2
left_child=2 -2 7 -4 -5 -6 -7 -1
right_child=1 -3 3 4 5 6 -8 -9
leaf_value=0.00046878592266469117 0.0040629606174405067 -0.030833613689388483 -0.0051102916323156932 -0.0015002372511964501 0.096158603125302611 -0.024663000596744027 0.076542767722124011 -0.020245194610852439
leaf_weight=1460.1502798309139 66.253911145826351 37.353298015721521 55.315872669492819 18.736173861190764 12.993564838602653 7.3286964857106778 3.9366686423427382 46.848281323846095
leaf_count=99750 4733 2826 12393 4540 2577 3827 2698 29940
internal_value=-5.10703e-05 -0.00851823 0.000495403 0.0107743 0.0312108 0.0564748 0.0107032 -0.000175153
internal_weight=1708.92 103.607 1605.31 98.311 42.9951 24.2589 11.2654 1507
internal_count=163284 7559 155725 26035 13642 9102 6525 129690
is_linear=0
shrinkage=0.0750466


Tree=271
num_leaves=9
num_cat=0
split_feature=48 10 11 150 128 112 10 64
split_gain=1.41482 4.13454 3.79212 8.72735 2.45988 2.68057 3.01115 2.03392
threshold=1.0000000180025095e-35 567.17500000000007 180.44000000000003 953.55500000000018 3044.0200000000004 517025.11000000004 -627.07499999999993 25194.515000000003
decision_type=2 2 2 10 8 10 2 2
left_child=7 2 -2 -4 -5 6 -6 -1
right_child=1 -3 3 4 5 -7 -8 -9
leaf_value=-0.00020576533043031598 -0.010306287801339218 0.042512724226282904 0.080313851741911441 -0.031167095521506174 0.046452424608592953 -0.027355080898693231 -0.0040423297213478884 -0.016113315656636252
leaf_weight=1530.0219273475614 61.755287697786116 16.531115893874812 9.9724051325865712 9.5416269105417104 14.374869563282118 7.6236725924918565 12.378940742983104 46.647826125901702
leaf_count=124165 2647 2789 1538 3458 4613 3644 2664 17766
internal_value=-5.11822e-05 0.00740679 0.00238858 0.0169359 0.00254506 0.011902 0.0230886 -0.000676411
internal_weight=1708.85 132.178 115.647 53.8915 43.9191 34.3775 26.7538 1576.67
internal_count=163284 21353 18564 15917 14379 10921 7277 141931
is_linear=0
shrinkage=0.0750466


Tree=272
num_leaves=9
num_cat=0
split_feature=82 0 147 80 0 0 83 0
split_gain=1.35111 4.95301 3.61981 2.07628 2.53131 3.6556 2.02102 5.90741
threshold=6.5000000000000009 17055618.500000004 -140209.23499999996 3.5000000000000004 35799005.000000007 47919824.000000007 53371.560000000005 22275446.000000004
decision_type=2 2 10 2 2 2 2 2
left_child=6 -2 -3 -4 -5 -6 -1 -8
right_child=1 2 3 4 5 -7 7 -9
leaf_value=-0.0001990963868054502 0.05393267781268736 0.013526031670868938 -0.057764611404116623 -0.050556562499943072 0.043534258150015985 -0.03507359567743918 -0.040492454524697873 0.023001022618167999
leaf_weight=1591.5335678489628 5.7519780455459104 13.223380621620889 12.059667196559529 8.7053673232676392 6.2195073360398947 7.176322390741916 9.7262956069353077 54.474751131798257
leaf_count=125116 2988 2407 6969 3956 2584 2666 3477 13121
internal_value=-5.05181e-05 -0.0118299 -0.0198128 -0.0327179 -0.0190511 0.001423 0.000327507 0.0133819
internal_weight=1708.87 53.1362 47.3842 34.1609 22.1012 13.3958 1655.73 64.201
internal_count=163284 21570 18582 16175 9206 5250 141714 16598
is_linear=0
shrinkage=0.0750466


Tree=273
num_leaves=9
num_cat=0
split_feature=50 113 120 113 120 120 125 118
split_gain=1.28163 3.37146 3.25087 1.54552 3.26284 6.53099 6.09476 5.31881
threshold=1.0000000180025095e-35 -1079.9999999999998 856148.06500000006 -1263.4999999999998 182988.00000000003 253368.00000000003 -367.86499999999995 4275.6550000000007
decision_type=2 10 8 10 10 10 10 10
left_child=3 -2 -3 -1 7 -6 -7 -5
right_child=1 2 -4 4 5 6 -8 -9
leaf_value=-0.0017397639274230753 0.010096941997872902 -0.064927848767261154 0.016037030976343829 -0.0049338730571031348 0.024862284242951754 -0.0013277907689852393 0.040090195756913201 0.031857859429441145
leaf_weight=967.62634022066231 13.87129830722006 9.9700638937338191 3.8798692608752399 320.41374686129711 93.839993148641952 253.73473737159657 21.722756676132121 23.771497010480743
leaf_count=68149 2582 5207 3246 28033 12387 35733 2434 5513
internal_value=-4.97587e-05 -0.0160547 -0.0422466 0.00021416 0.00286407 0.0077635 0.00193846 -0.00239282
internal_weight=1708.83 27.7212 13.8499 1681.11 713.483 369.297 275.457 344.185
internal_count=163284 11035 8453 152249 84100 50554 38167 33546
is_linear=0
shrinkage=0.0750466


Tree=274
num_leaves=9
num_cat=0
split_feature=107 16 11 150 107 22 150 38
split_gain=1.40157 7.39684 5.87408 4.21713 4.71257 4.14012 5.32654 4.89097
threshold=12.500000000000002 -4047.3549999999991 18.395000000000003 4363.6450000000013 91.500000000000014 1417.5900000000004 1.0000000180025095e-35 1.5000000000000002
decision_type=2 2 2 10 2 2 10 2
left_child=2 3 -1 -2 -5 -3 -7 -8
right_child=1 5 -4 4 -6 6 7 -9
leaf_value=-0.0021238726314094921 -0.022094185758979652 0.0063787760166363981 0.013946760934118365 0.018831332929664782 -0.025478832508436636 -0.01481532297322871 0.0036656784920206784 -0.05167714372243256
leaf_weight=411.1354456320405 136.7985836125481 445.77628780277701 186.06862825289136 35.843712976966344 21.703047748753306 160.44447207535995 302.00979620322596 9.2696476990749925
leaf_count=4010 7932 25399 3511 2773 10596 20012 83566 5485
internal_value=-4.91905e-05 -0.00162426 0.00288319 -0.0149241 0.0021203 0.00119293 -0.00370767 0.00201761
internal_weight=1709.05 1111.85 597.204 194.345 57.5468 917.5 471.724 311.279
internal_count=163284 155763 7521 21301 13369 134462 109063 89051
is_linear=0
shrinkage=0.0750466


Tree=275
num_leaves=9
num_cat=0
split_feature=6 82 139 56 5 5 113 151
split_gain=1.38958 2.76693 4.7856 2.79293 3.94859 4.40727 2.70313 4.33509
threshold=289.50000000000006 6.5000000000000009 2994.6850000000004 6037.6250000000009 47.500000000000007 41.500000000000007 -501.99999999999994 23.500000000000004
decision_type=2 2 8 2 2 2 10 8
left_child=1 -1 3 4 5 -3 7 -2
right_child=6 2 -4 -5 -6 -7 -8 -9
leaf_value=4.813198084998104e-05 -0.017844198318564236 -0.039571933921613227 0.031383531676884055 0.016138522271138326 -0.076837111395856278 0.034495515549572073 0.033063450484466232 0.026269255400914144
leaf_weight=1587.0541081109723 29.487891343098454 17.998370574337972 9.0636725504773477 6.50796533904031 10.116918740161053 6.0439324981725795 20.677313395635792 21.837818402871562
leaf_count=132904 4945 7209 1452 5199 3939 2433 4105 1098
internal_value=-4.92108e-05 -0.000498068 -0.0179289 -0.0289193 -0.0375037 -0.0209523 0.0101543 0.000924984
internal_weight=1708.79 1636.78 49.7309 40.6672 34.1592 24.0423 72.003 51.3257
internal_count=163284 153136 20232 18780 13581 9642 10148 6043
is_linear=0
shrinkage=0.0750466


Tree=276
num_leaves=9
num_cat=0
split_feature=46 153 74 147 83 64 83 0
split_gain=1.34879 6.71402 2.24116 3.13647 2.04138 6.99949 2.74493 4.14411
threshold=1.0000000180025095e-35 1612.8750000000002 1588.4450000000004 -80579.88499999998 175657.12500000003 10202.01 92470.055000000008 32756022.000000004
decision_type=2 8 2 10 2 2 2 2
left_child=4 -2 -3 -4 6 -6 -1 -8
right_child=1 2 3 -5 5 -7 7 -9
leaf_value=0.00054616715591721779 0.009332465704523011 -0.054007657176985017 0.010883632810861372 -0.041041063494635988 0.050243104226024481 -0.033091362185104625 0.006746359947564777 -0.050213567012512061
leaf_weight=1561.1532157297024 51.456290784881276 15.312790199065601 11.797845553203844 14.73386115861558 16.547376690039531 8.640564380635622 13.854938182251319 14.962533901822097
leaf_count=127381 5869 6593 1628 4577 3986 4567 4364 4319
internal_value=-4.84773e-05 -0.00882183 -0.0311462 -0.0179517 0.000458322 0.0216557 0.000122517 -0.0228282
internal_weight=1708.46 93.3008 41.8445 26.5317 1615.16 25.1879 1589.97 28.8175
internal_count=163284 18667 12798 6205 144617 8553 136064 8683
is_linear=0
shrinkage=0.0750466


Tree=277
num_leaves=9
num_cat=0
split_feature=134 147 151 8 147 131 134 52
split_gain=1.39681 1.50929 4.11071 5.63505 4.84529 3.80418 3.66217 3.27504
threshold=1378588.4800000002 -31205.244999999999 4.5000000000000009 20804.765000000003 -17521.144999999993 1378.2750000000003 139352.40000000002 1.0000000180025095e-35
decision_type=10 8 10 2 10 10 10 2
left_child=1 -1 5 7 -5 -3 -7 -4
right_child=-2 2 3 4 -6 6 -8 -9
leaf_value=-0.0066075185636740733 -0.018125222881926719 0.00038641490861250865 0.02441110823807555 0.018412491409983477 -0.039174139478314024 -0.005864634448797831 -0.049074294997406426 -0.013567621440907823
leaf_weight=165.11861074973604 23.738804145379618 1314.3479141633961 108.29338971188372 14.300260372729097 19.381629609095398 31.515200042333163 17.00890955500472 14.500102071036961
leaf_count=51116 4549 70240 7458 5914 5371 3724 2811 12101
internal_value=-4.80403e-05 0.000206717 0.00094727 0.0124676 -0.0147247 -0.000375414 -0.0210107 0.0199264
internal_weight=1708.2 1684.47 1519.35 156.475 33.6819 1362.87 48.5241 122.793
internal_count=163284 158735 107619 30844 11285 76775 6535 19559
is_linear=0
shrinkage=0.0750466


Tree=278
num_leaves=9
num_cat=0
split_feature=24 108 20 68 120 81 118 83
split_gain=1.3663 4.57212 3.28498 3.73705 4.45961 7.26449 3.65942 10.0533
threshold=1.0000000180025095e-35 1.0000000180025095e-35 295034.38000000006 364.74000000000007 1037556.6200000002 69044.115000000005 5692.1350000000011 2582.5950000000007
decision_type=2 2 2 8 10 2 10 2
left_child=-1 2 3 4 6 -6 -2 -8
right_child=1 -3 -4 -5 5 -7 7 -9
leaf_value=-0.0012617413035372665 0.00086316859072871571 0.041401223501332782 -0.042584009824718078 -0.040895970686780692 0.10092104625144338 -0.017558155635662025 -0.039002276055647857 0.063942974181253762
leaf_weight=1286.9257469424047 347.75155269909283 17.336272481690685 9.0808754610352462 10.596261607206541 6.7244322445931157 5.1443977735889348 7.8714762563904541 16.630066946892839
leaf_count=48497 81270 3790 7006 5270 2051 3293 3101 9006
internal_value=-4.75508e-05 0.00366283 0.00204261 0.00306929 0.0042821 0.0495677 0.00283823 0.0308703
internal_weight=1708.06 421.135 403.799 394.718 384.122 11.8688 372.253 24.5015
internal_count=163284 114787 110997 103991 98721 5344 93377 12107
is_linear=0
shrinkage=0.0750466


Tree=279
num_leaves=9
num_cat=0
split_feature=107 16 83 151 127 11 23 125
split_gain=1.20366 6.25207 6.20817 5.17092 13.027 5.00874 3.72192 3.70366
threshold=12.500000000000002 -4047.3549999999991 8364.1150000000016 4.5000000000000009 1747.5000000000002 18.395000000000003 1.5000000000000002 -18219.769999999993
decision_type=2 2 2 10 10 2 2 10
left_child=5 2 3 6 -5 -1 -2 -4
right_child=1 -3 7 4 -6 -7 -8 -9
leaf_value=-0.0019758433044601148 -0.0047962653253926105 0.0010635226711181089 -0.061314480580360646 0.058521551946993253 -0.038725512624508088 0.012824739066743066 -0.031150714533594595 -0.0038795458708343888
leaf_weight=410.70043610106222 80.753332937292726 918.27292985274471 21.881343264183673 19.085663032630691 13.071480331836936 187.59582756267628 48.190423878972069 8.8932146850074769
leaf_count=4010 3971 134462 5540 2919 2684 3511 2673 3514
internal_value=-4.85299e-05 -0.00151088 -0.0138314 -0.00793141 0.0189918 0.00266488 -0.0146458 -0.044717
internal_weight=1708.44 1110.15 191.875 161.101 32.1571 598.296 128.944 30.7746
internal_count=163284 155763 21301 12247 5603 7521 6644 9054
is_linear=0
shrinkage=0.0750466


Tree=280
num_leaves=9
num_cat=0
split_feature=27 112 149 134 112 149 134 85
split_gain=1.5333 3.55136 3.5416 3.23167 3.09185 5.68254 3.2528 2.51064
threshold=2.5000000000000004 69676.200000000012 5408.5000000000009 93605.400000000009 114015.60000000002 3317.0000000000005 139352.40000000002 4750.6500000000005
decision_type=2 10 10 10 10 8 10 2
left_child=2 7 4 -3 5 -1 -6 -2
right_child=1 3 -4 -5 6 -7 -8 -9
leaf_value=0.010964523459899641 -0.0080310403128832347 0.021936873350407306 0.018474653031734886 -0.001462553077592438 -0.021512275792810249 -0.0025005524775416881 -0.0020485041688598571 -0.031824731865960187
leaf_weight=311.02296699461658 142.92655834417383 36.565017093022107 65.623777137079742 365.69503824318508 58.033579350398213 408.16715451623895 290.03485325574002 30.264664311656816
leaf_count=11759 15219 6975 2796 87994 1945 10039 12612 13945
internal_value=-4.93816e-05 -0.00320399 0.00155301 0.00066443 0.000512531 0.00332259 -0.00529371 -0.0121889
internal_weight=1708.33 575.451 1132.88 402.26 1067.26 719.19 348.068 173.191
internal_count=163284 124133 39151 94969 36355 21798 14557 29164
is_linear=0
shrinkage=0.0750466


Tree=281
num_leaves=9
num_cat=0
split_feature=5 5 27 6 5 140 5 142
split_gain=1.40088 5.1878 4.24212 3.39846 4.38975 8.89416 2.8614 4.35202
threshold=67.500000000000014 61.500000000000007 2.5000000000000004 105.50000000000001 76.500000000000014 7173.1900000000014 57.500000000000007 77418.000000000015
decision_type=2 2 2 2 2 8 2 10
left_child=1 6 -3 -2 5 -5 -1 -8
right_child=3 2 -4 4 -6 -7 7 -9
leaf_value=0.00021035503501765781 0.0083657382934064859 0.022310473946527375 -0.0030318072082341743 0.0074289264244096487 0.010220024290578701 -0.041514794095173967 -0.034409485906655025 -0.0024799046125348586
leaf_weight=1253.202196374149 59.238989162557118 105.22845587933989 57.544149534998724 34.438678087983135 31.906103807865293 53.234458109058323 34.636665273908875 78.596963555077309
leaf_count=127574 2661 3154 9176 2231 2398 5415 1462 9213
internal_value=-4.82473e-05 0.000686701 0.0133513 -0.00633334 -0.0136152 -0.0222893 -0.000821938 -0.0122467
internal_weight=1708.03 1529.21 162.773 178.818 119.579 87.6731 1366.44 113.234
internal_count=163284 150579 12330 12705 10044 7646 138249 10675
is_linear=0
shrinkage=0.0750466


Tree=282
num_leaves=9
num_cat=0
split_feature=80 33 115 149 56 56 150 135
split_gain=1.385 5.86301 5.16712 5.71938 4.54148 5.75861 6.88864 6.44827
threshold=2.5000000000000004 8897.4100000000017 22079.930000000004 3317.0000000000005 8668.8100000000031 2594.0100000000007 5236.5900000000011 -1110.4999999999998
decision_type=2 2 10 8 2 2 8 10
left_child=-1 2 4 -4 5 6 -2 -7
right_child=1 -3 3 -5 -6 7 -8 -9
leaf_value=-0.0009118278840520278 0.022131334753083175 -0.040527357694914688 0.088567328661377204 0.0035009072157843836 -0.039675375415643838 0.068000587661609338 -0.0092106911597485061 -0.0083111745007375289
leaf_weight=1467.8774533906244 63.168715487103327 14.795158945867113 9.1155906833082572 8.6996149162987404 12.114909929858184 16.975656305017768 105.38378417530839 9.8575045507786836
leaf_count=106452 7224 11314 2917 3489 6952 4038 17645 3253
internal_value=-4.75098e-05 0.00523635 0.00824139 0.0470272 0.00491138 0.00767599 0.00253541 0.0399665
internal_weight=1707.99 240.111 225.316 17.8152 207.501 195.386 168.552 26.8332
internal_count=163284 56832 45518 6406 39112 32160 24869 7291
is_linear=0
shrinkage=0.0750466


Tree=283
num_leaves=9
num_cat=0
split_feature=10 149 138 96 72 112 138 2
split_gain=1.535 5.57205 4.99022 7.29794 5.48779 8.51204 5.74764 3.05456
threshold=1.0000000180025095e-35 636.50000000000011 19815.575000000004 1.0000000180025095e-35 1624.8900000000001 528076.86500000011 54590.010000000002 1.0000000180025095e-35
decision_type=2 10 10 2 2 8 8 2
left_child=-1 7 3 -3 5 6 -4 -2
right_child=1 2 4 -5 -6 -7 -8 -9
leaf_value=-0.0023166761263135618 -0.014977670511977736 0.0011883281185927149 -0.045688667438114276 0.021680545110184919 -0.030829825029044078 0.081860559055480314 0.036047806453364459 -0.00027363017536227491
leaf_weight=847.20514169799571 108.74888341873884 203.6001745820231 11.727347853850006 188.49292410488488 36.156549680781609 7.4957758054115393 8.2565930662785867 296.52298018134752
leaf_count=123516 765 5929 4225 9518 4463 2682 2833 9353
internal_value=-4.87856e-05 0.00218277 0.00787596 0.0110397 -0.0116171 0.0136622 -0.0119183 -0.00421925
internal_weight=1708.21 861.001 455.729 392.093 63.6363 27.4797 19.9839 405.272
internal_count=163284 39768 29650 15447 14203 9740 7058 10118
is_linear=0
shrinkage=0.0750466


Tree=284
num_leaves=9
num_cat=0
split_feature=60 81 60 151 113 60 81 17
split_gain=1.30211 2.55666 4.39349 4.14022 2.10641 2.00181 2.1824 4.19424
threshold=1079.3350000000003 23460.585000000003 2946.7350000000006 11.500000000000002 -653.99999999999989 433.49500000000006 15997.960000000001 3.5000000000000004
decision_type=2 2 2 10 10 2 2 2
left_child=5 -2 -3 4 -4 6 -1 -8
right_child=1 2 3 -5 -6 -7 7 -9
leaf_value=0.0015333101196969266 -0.024056007122092288 -0.039756957960092154 0.018685556503138863 -0.025589744266652219 0.078922467172471533 0.019980707089767707 -0.0072275408996777665 0.022527840434520132
leaf_weight=1237.0188791707533 35.158846064259706 8.0823727602710296 6.3148690483594718 5.9577199268614995 6.7795381002997592 28.756175881371746 351.31943942679573 28.872500600671628
leaf_count=60699 6435 2998 2197 3722 2690 5410 74943 4190
internal_value=-4.91448e-05 -0.0106996 0.00660663 0.0262752 0.0498728 0.000353933 4.94248e-06 -0.00496786
internal_weight=1708.26 62.2933 27.1345 19.0521 13.0944 1645.97 1617.21 380.192
internal_count=163284 18042 11607 8609 4887 145242 139832 79133
is_linear=0
shrinkage=0.0750466


Tree=285
num_leaves=9
num_cat=0
split_feature=63 64 64 64 120 64 56 63
split_gain=1.35569 8.80479 3.01809 3.38209 5.22404 2.92274 2.49907 1.78594
threshold=8.5000000000000018 25194.515000000003 13076.395000000002 29265.620000000006 182988.00000000003 61845.390000000007 1493.2650000000001 3.5000000000000004
decision_type=2 2 2 2 8 2 2 2
left_child=2 -2 7 -4 -5 -6 -3 -1
right_child=1 6 3 4 5 -7 -8 -9
leaf_value=-5.6199261827785962e-05 0.071565846164106106 0.0033683262385607341 -0.030931792050494945 0.051631381656045708 0.0048550992847613541 -0.051028584295368239 -0.061465068641926558 0.015674388277715966
leaf_weight=1573.0733371071747 10.028908065720318 9.37759902914331 37.412010547776845 8.7712428926497541 13.622289278329847 8.5974755712677489 5.2080730731322538 41.726152166974316
leaf_count=113742 3699 3676 12868 2966 5165 3607 3877 13684
internal_value=-4.80746e-05 0.0174368 -0.000303768 -0.0157439 0.00259081 -0.0167679 -0.0197816 0.000350277
internal_weight=1707.82 24.6146 1683.2 68.403 30.991 22.2198 14.5857 1614.8
internal_count=163284 11252 152032 24606 11738 8772 7553 127426
is_linear=0
shrinkage=0.0750466


Tree=286
num_leaves=9
num_cat=0
split_feature=142 135 0 127 58 127 149 138
split_gain=1.27526 1.202 1.36259 4.31783 5.03916 4.94491 3.97469 7.38252
threshold=1531764.9800000002 -136.99999999999997 49848695.500000007 1221.5000000000002 1.0000000180025095e-35 263.50000000000006 636.50000000000011 3423.4750000000004
decision_type=10 10 2 10 2 8 10 10
left_child=1 2 -1 5 -5 -4 -7 -8
right_child=-2 -3 3 4 -6 6 7 -9
leaf_value=0.0019046933941066733 -0.017421118685798969 -0.015761176538510731 -0.024352919273810305 -0.0023689475798179226 -0.034100723489119661 -0.0028177035812080877 0.027593607171389107 -0.006187203717887408
leaf_weight=1135.9751451410639 23.468633453351686 26.178659048462578 39.359163257116961 68.221578044978742 48.029170760553825 217.852715745561 84.90216659536236 63.826764924298914
leaf_count=119353 4530 2145 5032 4201 7767 9541 2161 8554
internal_value=-4.78517e-05 0.000194217 0.000446116 -0.00272687 -0.015479 0.000924994 0.00363904 0.0130966
internal_weight=1707.81 1684.35 1658.17 522.192 116.251 405.941 366.582 148.729
internal_count=163284 158754 156609 37256 11968 25288 20256 10715
is_linear=0
shrinkage=0.0750466


Tree=287
num_leaves=9
num_cat=0
split_feature=33 147 22 107 9 103 134 18
split_gain=1.26433 3.26062 1.55811 3.90697 5.20454 4.3406 4.38201 3.39682
threshold=175039.38000000003 -1.0000000180025095e-35 319.2050000000001 38.500000000000007 116.42500000000003 2.5000000000000004 692430.67000000016 4482.5900000000011
decision_type=2 8 2 2 2 2 10 2
left_child=2 -2 7 -4 -5 -6 -7 -1
right_child=1 -3 3 4 5 6 -8 -9
leaf_value=0.00079287540176254203 -0.066388680575153708 -0.00188176720102952 -0.0090485685186869353 0.024237320682979187 0.0027283614391411942 -0.029634487495656676 0.044763936725377984 0.017206079038379542
leaf_weight=955.86219962890391 5.7524069685341601 18.955453010486966 295.5974684998655 53.360395174891892 253.02133997789315 42.929585553825746 4.9754415140932897 76.713910998627398
leaf_count=23669 7189 2419 12108 8188 71348 22382 3918 12063
internal_value=-4.70384e-05 -0.0169001 0.000200458 -0.00267827 0.00263676 -0.00119346 -0.0219074 0.00201227
internal_weight=1707.17 24.7079 1682.46 649.884 354.287 300.926 47.905 1032.58
internal_count=163284 9608 153676 117944 105836 97648 26300 35732
is_linear=0
shrinkage=0.0750466


Tree=288
num_leaves=9
num_cat=0
split_feature=8 28 6 58 6 48 146 6
split_gain=1.41194 3.57892 5.92468 5.48725 2.11507 1.70598 3.69366 4.52184
threshold=-8804.7999999999975 26116.130000000005 68.500000000000014 8784.6850000000013 68.500000000000014 1.0000000180025095e-35 1.0000000180025095e-35 61.500000000000007
decision_type=2 2 2 2 2 2 8 2
left_child=1 4 -3 -4 -1 -2 7 -7
right_child=5 2 3 -5 -6 6 -8 -9
leaf_value=0.0052351628187163298 -0.0013076832917013003 0.0323499220323255 -0.060850575993787209 0.0069816283182406493 0.032542933947970719 0.030844855721560472 0.030974746447517437 -0.0082315021282423177
leaf_weight=30.719735301405308 1478.2101265485599 13.047013909535961 14.414365749851642 12.576819713286566 33.278720216669171 21.566940323922609 29.617205490894776 73.576132313050039
leaf_count=2563 126982 2852 4511 3751 2966 2035 2744 14880
internal_value=-4.65693e-05 0.00842553 -0.00917239 -0.0292435 0.019435 -0.000596429 0.0078308 0.000626289
internal_weight=1707.01 104.037 40.0382 26.9912 63.9985 1602.97 124.76 95.1431
internal_count=163284 16643 11114 8262 5529 146641 19659 16915
is_linear=0
shrinkage=0.0750466


Tree=289
num_leaves=9
num_cat=0
split_feature=101 5 81 11 125 18 16 5
split_gain=1.27864 2.03097 2.15017 6.84214 1.82688 4.44799 7.46977 8.75407
threshold=1.0000000180025095e-35 63.500000000000007 20172.080000000005 596.98500000000013 -28173.074999999993 252.93500000000003 -26.824999999999996 47.500000000000007
decision_type=2 2 2 2 8 2 2 2
left_child=4 2 -2 -4 5 -1 -7 -8
right_child=1 -3 3 -5 -6 6 7 -9
leaf_value=0.033746734360624163 0.018753237921223052 -0.035200060352072807 -0.066488712782638432 0.02772112019594801 0.0006305186364204214 -0.071954065003292364 0.091855432390419878 -0.058317420996793087
leaf_weight=6.9293968961246746 15.331257672834907 14.845761552456677 8.7626563982194074 8.6056062225106853 1630.948966385331 12.780600969424999 4.4484019079936807 4.2989247204859566
leaf_count=722 2033 1306 1087 3550 145570 4417 2129 2470
internal_value=-4.60716e-05 -0.0121804 -0.00172938 -0.0198097 0.000301602 -0.0185493 -0.0353823 0.0180521
internal_weight=1706.95 47.5453 32.6995 17.3683 1659.41 28.4573 21.5279 8.74733
internal_count=163284 7976 6670 4637 155308 9738 9016 4599
is_linear=0
shrinkage=0.0750466


Tree=290
num_leaves=9
num_cat=0
split_feature=24 12 124 5 64 81 5 12
split_gain=1.26359 4.70433 4.45622 6.49587 4.14674 4.56824 6.59708 3.90431
threshold=1.0000000180025095e-35 6.5000000000000009 2216.6750000000006 53.500000000000007 1745.0100000000002 69044.115000000005 47.500000000000007 7.5000000000000009
decision_type=2 2 8 2 2 2 2 2
left_child=4 -2 -3 -4 7 -6 -7 -1
right_child=1 2 3 -5 5 6 -8 -9
leaf_value=-0.0018580889608808434 0.012702283163537862 -0.00043808152750995059 -0.077044161559773283 0.014756143668039932 -0.027265701881293219 0.06335191787569891 -0.031160321968496392 0.010402442285194283
leaf_weight=1036.1086112846097 180.01392631644921 223.6660565632601 10.563685552418976 7.3699240149890093 62.075756781568998 8.4828697908524209 8.1612069455768488 170.32818412751294
leaf_count=24756 24299 83737 4401 2350 5943 1778 2836 13184
internal_value=-4.64658e-05 0.00351859 -0.0033241 -0.0393183 -0.00121603 -0.0179045 0.0170091 -0.000127112
internal_weight=1706.77 421.614 241.6 17.9336 1285.16 78.7198 16.6441 1206.44
internal_count=163284 114787 90488 6751 48497 10557 4614 37940
is_linear=0
shrinkage=0.0750466


Tree=291
num_leaves=9
num_cat=0
split_feature=6 23 28 5 102 115 5 5
split_gain=1.24046 4.28045 7.43136 3.45726 1.99467 1.92411 1.88509 5.47713
threshold=289.50000000000006 1.5000000000000002 1395.8750000000002 67.500000000000014 1.0000000180025095e-35 -1.0000000180025095e-35 67.500000000000014 63.500000000000007
decision_type=2 2 2 2 2 8 2 2
left_child=4 -2 -3 -4 5 -1 7 -7
right_child=1 2 3 -5 -6 6 -8 -9
leaf_value=-0.01340088614102466 -0.01181917851159749 0.057083393681562136 0.021854694342055617 -0.039176121716930724 -0.014491469346494135 0.00012873376917313874 -0.0080245161996237244 0.019602709340678912
leaf_weight=57.972172877738558 30.449967526431465 20.719675414628 11.358918196484412 9.6843868301675666 55.227088337765963 1302.5261372734331 132.47317581493371 86.758075704125076
leaf_count=4306 4290 473 3301 2084 4494 129995 8533 5808
internal_value=-4.69526e-05 0.00957868 0.0251802 -0.00623244 -0.000472099 1.80163e-05 0.000529217 0.00134485
internal_weight=1707.17 72.2129 41.763 21.0433 1634.96 1579.73 1521.76 1389.28
internal_count=163284 10148 5858 5385 153136 148642 144336 135803
is_linear=0
shrinkage=0.0750466


Tree=292
num_leaves=9
num_cat=0
split_feature=57 113 57 142 74 142 120 120
split_gain=1.20787 6.56875 3.66498 2.89609 3.61709 2.39477 4.78726 4.31672
threshold=6.5000000000000009 -1597.9999999999998 7.5000000000000009 309672.00000000006 3171.9350000000004 1245067.9450000001 856148.06500000006 1419820.3100000003
decision_type=2 10 2 10 2 10 10 10
left_child=5 -2 -3 -4 -5 6 -1 -7
right_child=1 2 3 4 -6 7 -8 -9
leaf_value=-0.00046897510926320504 0.070898387174920266 0.031227875386133537 -0.04230113146816987 0.041075876057880462 -0.037358770021666744 -0.045778062879587814 0.030681054056236431 0.0025586083855934851
leaf_weight=1587.7326070138824 8.6520741902422724 13.109861650209494 13.151727892493001 7.6636212157736718 5.830724336030471 18.07440821443106 28.281286670264308 24.524040441507168
leaf_count=135841 2377 3736 3938 4055 2700 2716 3893 4028
internal_value=-4.57709e-05 0.0116394 -0.00125714 -0.0172398 0.00718533 -0.000386812 7.61705e-05 -0.0179505
internal_weight=1707.02 48.408 39.7559 26.6461 13.4943 1658.61 1616.01 42.5984
internal_count=163284 16806 14429 10693 6755 146478 139734 6744
is_linear=0
shrinkage=0.0750466


Tree=293
num_leaves=9
num_cat=0
split_feature=80 9 149 6 147 52 127 82
split_gain=1.22068 4.74182 6.00585 6.37786 4.03875 4.87848 9.62074 5.14375
threshold=2.5000000000000004 116.42500000000003 352.50000000000006 31.500000000000004 -4623.8949999999995 1.0000000180025095e-35 4553.5000000000009 1.0000000180025095e-35
decision_type=2 2 8 2 8 2 10 2
left_child=-1 -2 -3 -4 5 7 -7 -5
right_child=1 2 3 4 -6 6 -8 -9
leaf_value=-0.00085886007432844447 0.029891328015914605 -0.056110394911957136 0.05780177265128042 -0.012359462346611144 -0.01576689087361817 -0.046034106968907813 0.099022393098358127 0.025291925255282958
leaf_weight=1466.3062159188594 36.32715350613671 10.047524059247733 11.420440433801557 28.431085850139425 61.020914829030517 17.876435508067519 3.0084835295228904 72.66185969487924
leaf_count=106452 4243 2487 2236 4005 5374 19027 3929 15531
internal_value=-4.56312e-05 0.0049065 0.000467499 0.00339143 -4.17064e-06 0.00788132 -0.0251386 0.014703
internal_weight=1707.1 240.794 204.467 194.419 182.999 121.978 20.8849 101.093
internal_count=163284 56832 52589 50102 47866 42492 22956 19536
is_linear=0
shrinkage=0.0750466


Tree=294
num_leaves=9
num_cat=0
split_feature=22 16 128 140 9 106 127 51
split_gain=1.15145 4.65813 2.79346 5.79232 8.34913 9.01668 11.5329 6.50428
threshold=319.2050000000001 -7736.8999999999987 5692.1350000000011 3519.0050000000006 116.42500000000003 1208.1900000000003 3001.5000000000005 1.0000000180025095e-35
decision_type=2 2 8 10 2 2 8 2
left_child=-1 -2 -3 -4 -5 -6 7 -7
right_child=1 2 3 4 5 6 -8 -9
leaf_value=0.0014938538739219978 -0.041126962099662892 -0.012593417392692811 -0.0048095233728238252 0.051057622016090022 -0.0012469833435185208 0.1690561000821458 -0.013195860348346895 0.040667317766863428
leaf_weight=1050.6330383699333 17.134841744237747 106.18728317365458 354.9771155582439 26.015952186880895 136.1863626512968 5.1917669467366085 7.1783013753938567 3.8854919327459356
leaf_count=39651 4117 30685 34737 2899 40306 955 5350 4584
internal_value=-4.70099e-05 -0.00251197 -0.00147752 0.00073525 0.0117646 0.00505876 0.0578872 0.1141
internal_weight=1707.39 656.757 639.622 533.435 178.458 152.442 16.2556 9.07726
internal_count=163284 123633 119516 88831 54094 51195 10889 5539
is_linear=0
shrinkage=0.0750466


Tree=295
num_leaves=9
num_cat=0
split_feature=0 113 55 131 112 4 131 151
split_gain=1.29017 4.26946 3.77396 2.75515 2.54561 1.8794 2.31071 6.71695
threshold=15842220.000000002 -1171.4999999999998 1.0000000180025095e-35 240.46500000000003 139352.40000000002 1.5000000000000002 5401.6650000000009 1.5000000000000002
decision_type=2 8 2 8 10 2 10 10
left_child=1 -1 4 -4 -3 6 -2 -8
right_child=5 2 3 -5 -6 -7 7 -9
leaf_value=-0.037103903577197485 0.00055137339897926875 0.0013782329432307275 0.044370885393952036 -0.0039370074620731516 -0.026360981846859873 -0.014841793518845342 -0.017694433210277534 0.051862988534448574
leaf_weight=22.339057293740552 1503.9371056330165 48.388320150279469 15.178474114976781 11.832794556645238 30.299128570821267 43.51496700959251 14.044249645177844 17.639356049570779
leaf_count=3248 136999 2069 4201 3023 3788 2116 1039 6801
internal_value=-4.93674e-05 -0.00729468 -0.000994599 0.0232087 -0.00930294 0.000538089 0.000973909 0.0210306
internal_weight=1707.17 128.038 105.699 27.0113 78.6874 1579.14 1535.62 31.6836
internal_count=163284 16329 13081 7224 5857 146955 144839 7840
is_linear=0
shrinkage=0.0750466


Tree=296
num_leaves=9
num_cat=0
split_feature=46 134 71 109 137 8 0 6
split_gain=1.12643 5.15678 3.9955 3.9709 3.46154 1.24593 3.56224 5.51283
threshold=1.0000000180025095e-35 80233.200000000012 1.0000000180025095e-35 1.0000000180025095e-35 5971.2200000000012 -1.0000000180025095e-35 49848695.500000007 145.50000000000003
decision_type=2 8 2 2 8 2 2 2
left_child=5 -2 4 -4 -3 6 7 -1
right_child=1 2 3 -5 -6 -7 -8 -9
leaf_value=0.023093557812592931 0.02735788213861727 -0.0049672299630246783 -0.026754204929127105 0.01505630293272801 -0.065775741604011048 -0.00044960316655138859 -0.0075809676783316704 -0.0057964726817974479
leaf_weight=96.696889257877046 18.464291690979735 8.3723662901174958 25.028157949407614 26.170224648685689 14.239090682378448 1379.1965395928837 78.692228081643407 60.458433988545949
leaf_count=11444 3186 1400 1449 3223 9409 114468 8843 9862
internal_value=-4.84015e-05 -0.00811291 -0.0169863 -0.00538262 -0.0432601 0.000412357 0.00545296 0.0119794
internal_weight=1707.32 92.2741 73.8098 51.1984 22.6115 1615.04 235.848 157.155
internal_count=163284 18667 15481 4672 10809 144617 30149 21306
is_linear=0
shrinkage=0.0750466


Tree=297
num_leaves=9
num_cat=0
split_feature=73 134 84 24 73 11 6 97
split_gain=1.20686 6.13944 6.33298 12.7966 4.23495 8.19495 24.1299 3.95007
threshold=9.5000000000000018 57007.80000000001 7.5000000000000009 4.5000000000000009 6.5000000000000009 1683.4950000000001 145.50000000000003 1.0000000180025095e-35
decision_type=2 10 2 2 2 2 2 2
left_child=4 -2 -3 -4 -1 7 -7 -6
right_child=1 2 3 -5 5 6 -8 -9
leaf_value=-0.00090685314411252009 -0.045766730419821586 -0.00415446901648228 0.19427236015371471 -0.010098469849373078 0.025845613386380081 -0.029340571041292979 0.15735854164394689 0.00038094520462943259
leaf_weight=1305.25414771956 19.308313984591223 169.53207003388889 2.7714525493665851 4.5721351117654194 44.89794824683122 7.8853813101841279 7.7117940925400035 145.44704350867687
leaf_count=71929 2774 50218 1528 4496 3054 3642 4265 21378
internal_value=-4.7702e-05 -0.00558531 -0.00119898 0.0670306 0.000671192 0.0106728 0.0629701 0.00638747
internal_weight=1707.38 196.184 176.876 7.34359 1511.2 205.942 15.5972 190.345
internal_count=163284 59016 56242 6024 104268 32339 7907 24432
is_linear=0
shrinkage=0.0750466


Tree=298
num_leaves=9
num_cat=0
split_feature=27 0 8 7 140 0 7 28
split_gain=1.46963 5.05605 7.19104 7.82229 6.17868 5.84935 5.09272 11.5555
threshold=2.5000000000000004 49848695.500000007 14788.655000000001 1462.8150000000003 953.55500000000018 70230055.500000015 5005.1550000000016 10333.675000000001
decision_type=2 2 2 2 10 2 2 2
left_child=-1 2 3 4 -2 -3 -4 -8
right_child=1 5 6 -5 -6 -7 7 -9
leaf_value=0.0015158597307888735 -0.031114627348137278 -0.020918066590390423 -0.019564810578409138 0.026667716728141021 0.0051314845373678546 0.030620545237666649 0.1134414195865226 -0.0085100043225426452
leaf_weight=1132.9157406964696 31.167738360654766 123.16094041502947 118.21260422152591 85.440239621684668 176.37375514721134 13.791107443179497 5.5195860430758357 21.120693507351461
leaf_count=39151 4713 22641 35632 7963 36903 2835 1576 11870
internal_value=-5.22738e-05 -0.0031431 0.000793423 0.00755604 -0.000311809 -0.0157281 -0.0128848 0.016757
internal_weight=1707.7 574.787 437.835 292.982 207.541 136.952 144.853 26.6403
internal_count=163284 124133 98657 49579 41616 25476 49078 13446
is_linear=0
shrinkage=0.0750466


Tree=299
num_leaves=9
num_cat=0
split_feature=107 107 116 83 116 83 80 31
split_gain=1.1593 2.63253 3.21187 4.29676 3.08359 6.14163 9.36687 5.15356
threshold=12.500000000000002 260.50000000000006 45741.250000000007 10206.270000000002 19720.290000000005 2582.5950000000007 2.5000000000000004 8091.6550000000016
decision_type=2 2 10 2 10 2 2 2
left_child=-1 2 4 -4 7 -6 -7 -2
right_child=1 -3 3 -5 5 6 -8 -9
leaf_value=0.0026083143811030563 2.4019749077246336e-05 -0.031270251539845438 -0.048723795597237371 0.01570466222239256 -0.0066413609900906577 -0.01200709457738028 0.11348489333253654 -0.025925168519647632
leaf_weight=598.27774427318946 989.93372838412597 16.470189902609491 17.326019309806728 8.7859325321842316 17.504056181596756 5.8047799264986661 7.920789051502652 45.066670794145466
leaf_count=7521 116852 9434 3247 3608 3565 2812 3342 12903
internal_value=-5.41169e-05 -0.00149068 -0.00104166 -0.0270454 -0.000404831 0.022829 0.0604122 -0.00110588
internal_weight=1707.09 1108.81 1092.34 26.112 1066.23 31.2296 13.7256 1035
internal_count=163284 155763 146329 6855 139474 9719 6154 129755
is_linear=0
shrinkage=0.0750466


Tree=300
num_leaves=9
num_cat=0
split_feature=13 8 25 24 25 112 57 22
split_gain=1.27588 1.29944 3.96533 4.73827 5.82061 4.44651 3.10009 2.68496
threshold=1.5000000000000002 -1.0000000180025095e-35 8898.0150000000012 1.0000000180025095e-35 3329.2250000000004 41172.30000000001 1.0000000180025095e-35 -1525.53
decision_type=2 2 2 2 2 10 2 2
left_child=1 2 3 7 -5 -4 -7 -1
right_child=-2 -3 5 4 -6 6 -8 -9
leaf_value=0.014777033233351109 -0.015232539360478421 -0.00063274032293339901 0.042231154544689412 0.053000200636231891 2.4533420557831965e-05 0.0036098434623502355 -0.050271824993331882 -0.0049836454857496611
leaf_weight=64.790531991533499 30.63072192738764 1435.125028887905 5.5061537907822631 26.828127675604264 20.688781652927901 9.1425340600635554 17.573596553747848 96.259824969349211
leaf_count=2002 829 129413 1448 3694 4506 4544 10146 6702
internal_value=-5.41895e-05 0.000223225 0.00532485 0.00911021 0.0299347 -0.0191769 -0.031833 0.00296607
internal_weight=1706.55 1675.91 240.79 208.567 47.5169 32.2223 26.7161 161.05
internal_count=163284 162455 33042 16904 8200 16138 14690 8704
is_linear=0
shrinkage=0.0750466


Tree=301
num_leaves=9
num_cat=0
split_feature=81 131 131 131 57 58 107 153
split_gain=1.21632 5.4236 4.41944 2.91396 3.67449 4.05317 5.33303 2.84834
threshold=133292.36000000002 24486.375000000004 4357.6950000000006 1202.3250000000003 1.5000000000000002 7936.6050000000005 161.50000000000003 475.06500000000005
decision_type=2 8 8 8 2 2 2 8
left_child=-1 2 3 4 7 -6 -7 -2
right_child=1 -3 -4 -5 5 6 -8 -9
leaf_value=0.00036933039167960733 0.0019075149494178338 -0.05255777448566349 0.070760241574519211 -0.052843986241558817 0.061640181774513386 -0.051954567480950821 0.049936268349741457 -0.047863445640568436
leaf_weight=1633.7562583105928 16.599338246338451 13.457864833731945 4.6127307811657365 6.5133686380795544 9.1860483711061551 6.2823836730349267 5.3626955267327503 10.618513445046117
leaf_count=131988 2570 2619 2857 4374 4620 3340 4659 6257
internal_value=-5.31327e-05 -0.00955573 0.000223989 -0.00573918 0.000646195 0.0243685 -0.00503264 -0.0175097
internal_weight=1706.39 72.6329 59.1751 54.5623 48.049 20.8311 11.6451 27.2179
internal_count=163284 31296 28677 25820 21446 12619 7999 8827
is_linear=0
shrinkage=0.0750466


Tree=302
num_leaves=9
num_cat=0
split_feature=39 120 140 12 113 11 137 11
split_gain=1.15901 4.20073 3.6884 2.27939 2.08599 3.56522 3.83189 1.59104
threshold=25863.355000000003 182988.00000000003 953.55500000000018 7.5000000000000009 -501.99999999999994 665.45500000000015 18877.255000000001 318.30500000000006
decision_type=2 8 8 2 8 2 10 2
left_child=7 3 -3 -2 5 -4 -7 -1
right_child=1 2 4 -5 -6 6 -8 -9
leaf_value=-0.00091191896058400801 -0.068343315861652335 0.050962911594228229 0.054738557661922302 -0.015277773064386565 -0.03084093341858541 -0.053117279755962692 0.041657219466728915 0.004766267845393077
leaf_weight=1297.619367116351 8.5744548471484467 7.4649622040633403 6.1518520728877801 9.7344571153143971 12.807947815620539 6.3996489943237957 3.8469319162231841 353.67232386253818
leaf_count=49322 2507 1609 998 3278 4477 2224 3781 95088
internal_value=-5.26663e-05 -0.0107718 0.00388563 -0.0401295 -0.00814702 0.00957799 -0.0175356 0.000304231
internal_weight=1706.27 54.9803 36.6713 18.3089 29.2064 16.3984 10.2466 1651.29
internal_count=163284 18874 13089 5785 11480 7003 6005 144410
is_linear=0
shrinkage=0.0750466


Tree=303
num_leaves=9
num_cat=0
split_feature=0 126 140 0 20 20 80 25
split_gain=1.15878 2.79365 4.11464 2.30688 2.32258 1.43014 5.02765 7.82881
threshold=15842220.000000002 11.845000000000001 6174.3750000000009 13401921.500000002 3.8350000000000004 34.560000000000009 2.5000000000000004 5340.5650000000014
decision_type=2 8 8 2 2 2 2 2
left_child=1 2 -1 -3 -5 -2 -7 -8
right_child=5 3 -4 4 -6 6 7 -9
leaf_value=0.0060725915270380421 0.0017099301118643417 0.014652587189221125 -0.059281961455110589 -0.020041145400130453 0.0075064570274923749 -0.0088470534738587427 0.033228988541122884 -0.012244697709038714
leaf_weight=9.5208136973760684 1228.8923661912759 32.860992058271222 12.613378412375825 44.279936338010884 28.224091052610675 264.40439624541887 45.823166204543668 39.878887845519785
leaf_count=1447 82626 3200 5429 2312 3941 37815 7481 19033
internal_value=-5.12841e-05 -0.00693329 -0.0311703 -0.00184178 -0.00931752 0.000504416 -0.003727 0.0120692
internal_weight=1706.5 127.499 22.1342 105.365 72.504 1579 350.106 85.7021
internal_count=163284 16329 6876 9453 6253 146955 64329 26514
is_linear=0
shrinkage=0.0750466


Tree=304
num_leaves=9
num_cat=0
split_feature=81 119 138 22 115 56 25 22
split_gain=1.1636 5.87178 5.82034 4.70286 5.26665 6.64592 5.59089 4.67407
threshold=15997.960000000001 2.3350000000000004 178101.13000000003 1417.5900000000004 25799.010000000006 1.0000000180025095e-35 4305.3500000000013 -3026.8199999999993
decision_type=2 8 8 2 10 2 2 2
left_child=-1 2 3 7 6 -6 -5 -2
right_child=1 -3 -4 4 5 -7 -8 -9
leaf_value=0.0010732889132386908 0.002210322473245218 -0.0091877466299944578 -0.049321802569136791 0.015495254729709458 -0.00024735299805587698 0.11208920411825837 -0.030738104308084852 0.052493387235948964
leaf_weight=1284.1878027482671 16.584532617533114 297.7850270364961 8.6035920756012256 30.876006467260595 6.9423859849412093 5.1784162679114161 28.171745534540605 27.971617332736059
leaf_count=68450 4240 54884 2650 6925 2888 3354 16525 3368
internal_value=-5.02951e-05 -0.00346855 0.0102298 0.0146572 0.00268676 0.0477466 -0.00656273 0.0337772
internal_weight=1706.3 422.113 124.328 115.725 71.1686 12.1208 59.0478 44.5561
internal_count=163284 94834 39950 37300 29692 6242 23450 7608
is_linear=0
shrinkage=0.0750466


Tree=305
num_leaves=9
num_cat=0
split_feature=27 151 12 151 118 134 134 12
split_gain=1.26234 3.55488 5.47184 2.89623 3.09168 2.81005 2.77118 2.25894
threshold=2.5000000000000004 1.5000000000000002 7.5000000000000009 1.5000000000000002 927.0150000000001 320932.80000000005 187492.32000000004 8.5000000000000018
decision_type=2 10 2 10 8 10 10 2
left_child=3 2 -2 4 -1 -6 -4 -3
right_child=1 7 6 -5 5 -7 -8 -9
leaf_value=0.015450085149251837 -0.024978315447778572 0.0016731257721986303 -0.012060183697370325 0.016140878499892125 0.00067341421225712854 -0.012585891138023329 0.046994302277392139 -0.013843789743125294
leaf_weight=71.900205729898516 76.608026335041359 417.56336252211713 8.0282731124607398 70.405484590461128 890.76624439968145 100.13868189303321 10.112298881465902 60.494198618172049
leaf_count=3160 9884 78056 2747 3281 28666 4044 2790 30656
internal_value=-5.11036e-05 -0.00292241 -0.0162023 0.00140026 0.00042377 -0.000666542 0.0208592 -0.000290411
internal_weight=1706.02 572.806 94.7486 1133.21 1062.81 990.905 18.1406 478.058
internal_count=163284 124133 15421 39151 35870 32710 5537 108712
is_linear=0
shrinkage=0.0750466


Tree=306
num_leaves=9
num_cat=0
split_feature=125 5 74 5 135 81 109 74
split_gain=1.1258 3.22185 3.103 2.13793 1.36242 5.09396 2.27544 4.08364
threshold=-28173.074999999993 47.500000000000007 2305.3550000000005 38.500000000000007 -348.99999999999994 20172.080000000005 1.0000000180025095e-35 2305.3550000000005
decision_type=8 2 2 2 10 2 2 2
left_child=1 3 -3 -1 6 -6 -2 -8
right_child=4 2 -4 -5 5 -7 7 -9
leaf_value=-0.017634150084778068 -0.0018637341626887253 -0.0050777049644150926 -0.076675054874290369 0.036440475033009484 0.00074430728877122117 -0.043407786342641294 0.0011305061263351172 0.015691027467322965
leaf_weight=8.7329131390142773 874.22522059315315 6.7172752877449948 6.9225309969424416 7.7919629294847246 66.517072208540412 18.898007335928014 582.33685285295815 133.31641330569892
leaf_count=2607 40447 2122 2873 2868 4272 5807 85356 16932
internal_value=-4.97676e-05 -0.0144191 -0.0414151 0.00786362 0.000208962 -0.0090243 0.000705012 0.00384293
internal_weight=1705.46 30.1647 13.6398 16.5249 1675.29 85.4151 1589.88 715.653
internal_count=163284 10470 4995 5475 152814 10079 142735 102288
is_linear=0
shrinkage=0.0750466


Tree=307
num_leaves=9
num_cat=0
split_feature=10 64 113 113 153 20 20 137
split_gain=1.43374 2.65554 3.40882 3.39839 2.15315 2.0129 2.95987 2.80679
threshold=-3005.3049999999998 1.0000000180025095e-35 -805.49999999999989 -1597.9999999999998 475.06500000000005 3581.3600000000001 55.415000000000006 37889.265000000007
decision_type=2 2 10 10 8 2 2 8
left_child=1 2 3 -1 -3 6 7 -6
right_child=-2 4 -4 -5 5 -7 -8 -9
leaf_value=-0.010950127036043724 0.00043935968448601529 0.022864875819344269 -0.025323470145273301 0.035284379088485619 -0.0025042161439555537 -0.075573178217646503 0.029451451688792998 -0.076715901501416467
leaf_weight=17.096857098025794 1623.965163406514 3.7395934782180147 20.122481369734487 18.798630904329912 5.1175549999024943 6.0505392867789842 4.18480171698502 6.5363647643844187
leaf_count=1953 136692 944 5083 3414 2263 6452 2690 3793
internal_value=-4.85129e-05 -0.00975236 -0.000597769 0.0132631 -0.0297619 -0.0387527 -0.024687 -0.0441275
internal_weight=1705.61 81.6468 56.018 35.8955 25.6289 21.8893 15.8387 11.6539
internal_count=163284 26592 10450 5367 16142 15198 8746 6056
is_linear=0
shrinkage=0.0750466


Tree=308
num_leaves=9
num_cat=0
split_feature=6 23 140 0 107 127 23 18
split_gain=1.1742 3.62746 3.51502 3.3544 2.75752 2.17339 1.97593 5.45777
threshold=289.50000000000006 1.5000000000000002 953.55500000000018 14632853.000000002 30.500000000000004 2773.5000000000005 2.5000000000000004 3102.7650000000003
decision_type=2 2 10 2 2 10 2 2
left_child=3 -2 -3 4 -1 -6 -5 -8
right_child=1 2 -4 6 5 -7 7 -9
leaf_value=-0.0044938387259671041 -0.010617756584414875 0.044185546714896252 0.00075537855394600876 0.00085144226413978838 -0.063986474004551611 -0.01599112493984375 -0.023393158460391708 0.01174216353036078
leaf_weight=28.975582387065515 29.988447898702361 22.077874307316961 20.0063823447299 1478.1160613984366 10.669682979427309 10.585675512607848 64.377138364106941 40.603961747091489
leaf_count=647 4290 685 5173 135055 2271 3418 2331 9414
internal_value=-4.72935e-05 0.00932704 0.0235393 -0.000460948 -0.0195538 -0.0400836 0.000144858 -0.00980373
internal_weight=1705.4 72.0727 42.0843 1633.33 50.2309 21.2554 1583.1 104.981
internal_count=163284 10148 5858 153136 6336 5689 146800 11745
is_linear=0
shrinkage=0.0750466


Tree=309
num_leaves=9
num_cat=0
split_feature=11 0 5 20 80 72 25 20
split_gain=1.11363 5.90885 1.40311 4.74574 6.0478 8.06303 4.55371 3.73703
threshold=-1.0000000180025095e-35 39510640.500000007 39.500000000000007 203.56500000000003 2.5000000000000004 1057.6200000000001 6442.4250000000011 16705.170000000002
decision_type=2 2 2 2 2 2 2 2
left_child=1 -1 3 -2 -5 6 -6 -4
right_child=2 -3 7 4 5 -7 -8 -9
leaf_value=0.012308707461726069 0.0065240757035663743 -0.041585433372987778 -0.0024341749928041187 -0.026922808258951519 0.017634681420019543 0.058643021994100424 -0.065269052167971908 0.014272485344479804
leaf_weight=25.928758358942105 448.51859509252881 20.528155534906546 1044.1060291769663 56.760434133910167 7.806973444216057 13.104719237435345 7.1479163012199933 81.276333656556744
leaf_count=3077 32085 2588 80818 10338 1601 1291 5373 26113
internal_value=-4.59712e-05 -0.0115058 0.000274991 0.00344557 -0.0128332 0.0156679 -0.0219904 -0.0012276
internal_weight=1705.18 46.4569 1658.72 533.339 84.82 28.0596 14.9549 1125.38
internal_count=163284 5665 157619 50688 18603 8265 6974 106931
is_linear=0
shrinkage=0.0750466


Tree=310
num_leaves=9
num_cat=0
split_feature=48 5 149 74 149 137 149 74
split_gain=1.10362 4.34308 5.2455 4.69061 2.51317 4.27527 2.34238 5.6711
threshold=1.0000000180025095e-35 51.500000000000007 4292.5000000000009 1213.8100000000002 2555.5000000000005 18877.255000000001 5660.5000000000009 1660.8950000000002
decision_type=2 2 10 2 8 8 10 2
left_child=6 3 -3 -2 -5 -6 -1 -8
right_child=1 2 -4 4 5 -7 7 -9
leaf_value=-0.0013632676636392655 -0.042412080884474297 0.032620941110587463 -0.006816211842550499 -0.018667715150979418 0.056869423400590972 -0.010846703262374512 0.028659020380538396 -0.006813241674468163
leaf_weight=1470.3874138718165 17.183549061894155 49.538021867583666 30.807979296458143 14.521769995822977 10.175855128996774 10.84966341247218 49.361564451523918 52.254761874068208
leaf_count=126089 3973 4538 6475 1754 1034 3579 8619 7223
internal_value=-4.62061e-05 0.00651591 0.0174991 -0.0102192 0.00534285 0.0219263 -0.000601717 0.0104179
internal_weight=1705.08 133.077 80.346 52.7308 35.5473 21.0255 1572 101.616
internal_count=163284 21353 11013 10340 6367 4613 141931 15842
is_linear=0
shrinkage=0.0750466


Tree=311
num_leaves=9
num_cat=0
split_feature=10 16 11 137 151 16 137 118
split_gain=1.29744 5.74916 10.6408 6.35782 4.6905 5.68757 4.48965 4.755
threshold=1.0000000180025095e-35 -1222.1199999999997 52.845000000000006 16998.050000000003 1.5000000000000002 -1.0000000180025095e-35 -1.0000000180025095e-35 1577.3950000000002
decision_type=2 2 2 10 10 2 8 8
left_child=6 2 -2 -4 -3 -6 -1 -8
right_child=1 4 3 -5 5 -7 7 -9
leaf_value=-0.031787885595088806 -0.0083477976943657755 0.014895858322829447 0.025811408452877802 -0.013820404177424903 -0.027488544199456705 0.016716475224282913 -0.015560655150989365 0.0011464110736198283
leaf_weight=27.812232538501121 422.01506591170619 246.28583960675678 96.676661256162333 29.831858761219337 36.435866835738125 29.799110909454612 111.04926685841065 705.2782905473041
leaf_count=1665 6151 10025 5105 6679 4562 7246 23983 97868
internal_value=-4.58428e-05 0.00200382 -0.00262491 0.0164659 0.010128 -0.00760071 -0.00213656 -0.00112634
internal_weight=1705.18 861.044 548.524 126.509 312.521 66.235 844.14 816.328
internal_count=163284 39768 17935 11784 21833 11808 123516 121851
is_linear=0
shrinkage=0.0750466


Tree=312
num_leaves=9
num_cat=0
split_feature=101 135 137 5 5 151 5 135
split_gain=1.10375 2.44283 3.67408 1.40078 1.86114 3.63645 3.17557 3.79368
threshold=1.0000000180025095e-35 -1444.9999999999998 15235.610000000002 76.500000000000014 69.500000000000014 3.5000000000000004 61.500000000000007 -1689.4999999999998
decision_type=2 8 8 2 2 8 2 8
left_child=3 -2 -3 4 6 -6 -1 -8
right_child=1 2 -4 -5 5 -7 7 -9
leaf_value=-0.00073259403775492585 -0.029554248701917814 0.036055100890746296 -0.021768726674877403 0.014325600270377912 0.009056782246954477 -0.021567633911187246 0.029362153509605721 0.0039666835118008538
leaf_weight=1333.2181164190488 22.09323132807549 11.419443119975766 13.51063685072768 39.022288265347015 34.522739976870071 59.430593052218683 42.533715435709382 149.83153128098456
leaf_count=131840 2906 1226 3844 2657 1946 4557 2394 11914
internal_value=-4.6269e-05 -0.0113843 0.00471799 0.000275187 -6.33541e-05 -0.0103148 0.000567985 0.00958185
internal_weight=1705.58 47.0233 24.9301 1658.56 1619.54 93.9533 1525.58 192.365
internal_count=163284 7976 5070 155308 152651 6503 146148 14308
is_linear=0
shrinkage=0.0750466


Tree=313
num_leaves=9
num_cat=0
split_feature=12 7 32 107 32 115 118 7
split_gain=1.13652 4.23064 3.34454 19.4278 4.31556 7.38706 5.90906 5.60116
threshold=5.5000000000000009 2050.3150000000005 1.0000000180025095e-35 22.500000000000004 3.5000000000000004 -164.97999999999999 5692.1350000000011 1462.8150000000003
decision_type=2 2 2 2 2 10 10 2
left_child=1 -1 -2 -4 6 -6 7 -5
right_child=2 -3 3 4 5 -7 -8 -9
leaf_value=-0.0097766157477161449 -5.1258625296597781e-05 0.0062200296894068391 0.056158084645069474 -0.063691688218064382 0.11121933205722268 -0.022326332916395328 0.061271428453408154 -0.008876023641219399
leaf_weight=240.67649674265704 1216.7182409036759 151.8671085939859 38.080160357872956 17.123280159101341 3.9928831653342058 5.6107928700730536 4.38250707824045 27.136276497668405
leaf_count=5149 122345 2100 1513 11374 1439 5331 4504 9529
internal_value=-4.47794e-05 -0.00358784 0.00101444 0.0144756 -0.0127758 0.0331974 -0.0218525 -0.0300833
internal_weight=1705.59 392.544 1313.04 96.3259 58.2457 9.60368 48.6421 44.2596
internal_count=163284 7249 156035 33690 32177 6770 25407 20903
is_linear=0
shrinkage=0.0750466


Tree=314
num_leaves=9
num_cat=0
split_feature=21 102 153 18 115 135 83 115
split_gain=1.12797 4.25424 5.70191 2.34821 2.2574 3.58839 1.38564 3.70761
threshold=1.0000000180025095e-35 1.0000000180025095e-35 1214.0550000000003 1.0000000180025095e-35 -1.0000000180025095e-35 -1110.4999999999998 175657.12500000003 12352.975000000002
decision_type=2 2 8 2 8 10 2 8
left_child=3 4 -3 -1 5 -2 -6 -8
right_child=1 2 -4 -5 6 -7 7 -9
leaf_value=0.015685345492659278 -0.033058791507147141 0.004269132410170972 -0.051665445287443226 -0.0012861641835271746 0.00022814790739783625 0.003961478732049782 0.037445804356937687 -0.030220230655804765
leaf_weight=75.473211382050067 29.343673276415757 19.920216637088743 21.174463966937765 117.24004492513996 1390.1527801538764 29.64296074750564 16.592290738844895 6.2891295867793842
leaf_count=720 2354 1132 3556 5081 139814 2298 5603 2726
internal_value=-4.69777e-05 -0.00073568 -0.0245517 0.00536047 -7.08028e-05 -0.0144547 0.00052965 0.0188473
internal_weight=1705.83 1513.12 41.0947 192.713 1472.02 58.9866 1413.03 22.8814
internal_count=163284 157483 4688 5801 152795 4652 148143 8329
is_linear=0
shrinkage=0.0750466


Tree=315
num_leaves=9
num_cat=0
split_feature=13 107 123 9 0 5 6 5
split_gain=1.12631 1.25002 2.70747 4.44221 2.40568 5.57299 3.81978 6.214
threshold=1.5000000000000002 12.500000000000002 19.500000000000004 835.43500000000006 49848695.500000007 30.500000000000004 94.500000000000014 39.500000000000007
decision_type=2 2 10 2 2 2 2 2
left_child=1 -1 4 -4 5 -3 7 -7
right_child=-2 2 3 -5 -6 6 -8 -9
leaf_value=0.0030521315226102784 -0.014391638193423159 0.039309564530216376 0.013834955337248661 -0.034975150021428952 -0.006340283071856862 0.033654721810169173 -0.0024600090095091309 0.0019841154582242965
leaf_weight=574.23927984578768 30.274620019015856 21.583792095981153 15.701005681152308 31.70928951872429 286.83782927235916 46.678228618763569 560.1052859187057 138.17955475617782
leaf_count=6955 829 3186 2702 4493 34094 5814 90533 14678
internal_value=-4.56238e-05 0.000213667 -0.00126704 -0.0188106 -0.000477452 0.00171639 0.000627203 0.00998122
internal_weight=1705.31 1675.03 1100.79 47.4103 1053.38 766.547 744.963 184.858
internal_count=163284 162455 155500 7195 148305 114211 111025 20492
is_linear=0
shrinkage=0.0750466


Tree=316
num_leaves=9
num_cat=0
split_feature=24 0 135 135 107 9 120 27
split_gain=1.16919 4.12865 6.58077 6.2736 3.88936 3.39724 7.67497 5.75348
threshold=1.0000000180025095e-35 59645539.500000007 -1840.4999999999998 -1628.4999999999998 260.50000000000006 2798.8850000000007 457651.93000000005 7.5000000000000009
decision_type=2 2 8 10 2 2 10 2
left_child=-1 4 -3 -4 5 -2 -7 -8
right_child=1 2 3 -5 -6 6 7 -9
leaf_value=-0.0011717013774601463 0.005004094192434699 -0.051044276646530821 0.034115666223733881 -0.032462248021293251 -0.036885130457512114 0.061632785111970116 0.042428256696619801 -0.041354347734664627
leaf_weight=1283.031594610904 320.17132179132432 19.390472484423299 17.790034994143753 14.442116947217071 11.457269176040425 19.511064631240515 8.0684332088749233 10.788822188902484
leaf_count=48497 85669 4759 3303 3354 7840 4607 967 4288
internal_value=-4.50277e-05 0.00338356 -0.0164981 0.0042844 0.00615749 0.00753293 0.0286352 -0.00550638
internal_weight=1704.65 421.62 51.6226 32.2322 369.997 358.54 38.3683 18.8573
internal_count=163284 114787 11416 6657 103371 95531 9862 5255
is_linear=0
shrinkage=0.0750466


Tree=317
num_leaves=9
num_cat=0
split_feature=112 150 50 72 7 149 7 6
split_gain=1.10687 5.78295 1.58448 3.07754 6.0424 1.7611 4.75262 3.53625
threshold=41172.30000000001 3519.0050000000006 1.0000000180025095e-35 1579.1950000000002 278.72500000000008 636.50000000000011 1842.0450000000003 20.500000000000004
decision_type=8 8 2 2 2 8 2 2
left_child=1 -1 5 4 -4 6 7 -2
right_child=2 -3 3 -5 -6 -7 -8 -9
leaf_value=-0.017967238333392081 0.0097121121223366462 0.02332546342625089 -0.057439214055034347 -0.037798753452499383 0.065071027273395157 0.00083404406552726735 -0.021809104002501811 -0.014473167187242649
leaf_weight=29.894228785156884 98.486291577110023 52.907261574002405 3.7989025524170774 16.980229139690891 5.6242308446067 1370.6095550288246 74.65103888863996 52.040351188258683
leaf_count=2339 8384 4026 2191 4352 4325 126427 4484 6756
internal_value=-4.6156e-05 0.00841736 -0.000478159 -0.0187121 0.0156815 -0.000176466 -0.00632723 0.00135073
internal_weight=1704.99 82.8015 1622.19 26.4034 9.42313 1595.79 225.178 150.527
internal_count=163284 6365 156919 10868 6516 146051 19624 15140
is_linear=0
shrinkage=0.0750466


Tree=318
num_leaves=9
num_cat=0
split_feature=8 149 151 140 151 11 149 8
split_gain=1.13204 4.69569 5.11313 6.35713 3.08411 1.82921 9.92664 10.5439
threshold=-8804.7999999999975 636.50000000000011 3.5000000000000004 12306.960000000001 12.500000000000002 1958.5550000000001 4894.5000000000009 33046.075000000004
decision_type=2 8 8 8 8 2 8 2
left_child=1 -1 -3 -4 -5 -2 -7 -8
right_child=5 2 3 4 -6 6 7 -9
leaf_value=0.044433042718385454 -0.0010478943787326567 -0.026297581282464948 0.056867065710456619 -0.029591772542760315 0.01222945755462228 -0.0094730510917853065 0.12696197990684865 0.015207131390992145
leaf_weight=16.369930521857896 1538.4146639807113 27.333349997688856 14.138746055346926 14.304636977618427 32.482130288813096 40.696737451170975 7.2929568376712295 13.661978083073334
leaf_count=2527 116864 3660 2537 3426 4493 19222 3292 7263
internal_value=-4.54026e-05 0.00751737 0.000670383 0.0127692 -0.000557011 -0.000539934 0.0121354 0.0541012
internal_weight=1704.7 104.629 88.2589 60.9255 46.7868 1600.07 61.6517 20.9549
internal_count=163284 16643 14116 10456 7919 146641 29777 10555
is_linear=0
shrinkage=0.0750466


Tree=319
num_leaves=9
num_cat=0
split_feature=10 125 11 11 27 113 135 10
split_gain=1.20105 6.37409 4.16387 6.84417 3.448 4.22319 3.00699 2.85609
threshold=-3005.3049999999998 -1.0000000180025095e-35 136.92000000000004 225.00500000000002 25.500000000000004 -1263.4999999999998 -1048.9999999999998 -5498.3249999999989
decision_type=2 10 2 2 2 8 10 2
left_child=1 2 -1 -4 7 -6 -7 -5
right_child=-2 -3 3 4 5 6 -8 -9
leaf_value=-0.049704976660481529 0.00039692909130618757 0.057011124064686287 0.071896641128307223 -0.058232077983786566 0.084627954974378 0.038889296850780589 -0.040653902103061704 -0.013115985544588713
leaf_weight=15.902312883656121 1624.2695916273087 7.4774579659278961 5.679052437111749 11.488195849735794 3.7410501852500602 4.5748752336439793 6.4507968179195796 25.319767654618779
leaf_count=1940 136692 1593 604 4427 1789 2574 4521 9144
internal_value=-4.68738e-05 -0.00898677 -0.0157326 -0.0062967 -0.0149068 0.0157287 -0.00764909 -0.0271972
internal_weight=1704.9 80.6335 73.1561 57.2537 51.5747 14.7667 11.0257 36.808
internal_count=163284 26592 24999 23059 22455 8884 7095 13571
is_linear=0
shrinkage=0.0750466


Tree=320
num_leaves=9
num_cat=0
split_feature=63 83 83 73 10 8 83 8
split_gain=1.1402 3.34497 6.35345 3.71678 1.34522 4.18139 4.36975 5.73835
threshold=8.5000000000000018 37776.215000000004 10206.270000000002 8.5000000000000018 -1075.2549999999999 -1.0000000180025095e-35 37776.215000000004 20804.765000000003
decision_type=2 2 2 2 2 2 2 2
left_child=4 2 -2 -3 -1 -6 -7 -8
right_child=1 3 -4 -5 5 6 7 -9
leaf_value=-0.0054872243436931076 -0.0051431246215612901 0.029617032539819843 0.093546542343640515 -0.061551396579860182 0.014128015001686388 -0.0017401973302918548 0.032443619508715105 -0.0077313627128515229
leaf_weight=239.84431825004594 8.3149302167512378 4.8724325762645986 6.5822180033642317 5.2130154383030458 117.85540212529304 1239.20956386738 49.088322065663306 33.817881398557802
leaf_count=57894 3047 1894 2840 3471 8483 68682 7610 9363
internal_value=-4.68816e-05 0.0158678 0.0384623 -0.0175065 -0.000283568 0.000583163 -0.000624245 0.016056
internal_weight=1704.8 24.9826 14.8971 10.0854 1679.82 1439.97 1322.12 82.9062
internal_count=163284 11252 5887 5365 152032 94138 85655 16973
is_linear=0
shrinkage=0.0750466


Tree=321
num_leaves=9
num_cat=0
split_feature=33 33 12 132 13 23 127 74
split_gain=1.30869 2.76777 4.70278 5.12442 1.30819 1.44162 3.18878 5.77221
threshold=175039.38000000003 453889.19500000007 5.5000000000000009 inf 1.5000000000000002 2.5000000000000004 3462.5000000000005 839.88000000000011
decision_type=2 2 2 8 2 2 10 2
left_child=4 2 -2 -4 5 -1 7 -7
right_child=1 -3 3 -5 -6 6 -8 -9
leaf_value=0.0011146329713246376 -0.078721967762572773 0.020620213246809928 -0.048313952712727481 0.061026013749880474 -0.015421492631759064 0.026722061235389841 -0.027352418966829332 -0.013572428002962027
leaf_weight=1527.9438540980746 7.4471878810291008 7.5819575597506619 5.4134940882177007 4.3569913225219361 29.63664732768666 30.169035073417035 32.841636263117834 59.531305874590544
leaf_count=138881 829 2402 5865 512 808 3547 5925 4515
internal_value=-4.67011e-05 -0.0171605 -0.0337975 0.000444452 0.000205909 0.000486519 -0.00734527 -2.01288e-05
internal_weight=1704.92 24.7996 17.2177 9.77049 1680.12 1650.49 122.542 89.7003
internal_count=163284 9608 7206 6377 153676 152868 13987 8062
is_linear=0
shrinkage=0.0750466


Tree=322
num_leaves=9
num_cat=0
split_feature=12 32 11 11 23 12 63 31
split_gain=1.08886 2.75805 12.1434 6.97543 4.31103 2.57507 2.45608 15.1255
threshold=5.5000000000000009 1.0000000180025095e-35 1.0000000180025095e-35 180.44000000000003 1.5000000000000002 4.5000000000000009 2.5000000000000004 8091.6550000000016
decision_type=2 2 2 2 2 2 2 2
left_child=5 -2 -3 4 -4 -1 -5 -8
right_child=1 2 3 6 -6 -7 7 -9
leaf_value=0.0033433805807469223 1.5686488413473621e-05 0.10020789109723439 0.0063530540806577794 -0.031248188305221233 0.050314685428765167 -0.008915609632425681 -0.055467376871825923 0.22760351544983712
leaf_weight=172.3924304220418 1215.6066976783404 8.2565203362510129 37.378859685317366 27.717773705531727 18.92310402516523 219.21913880397915 3.7486993518136833 1.4839620179545816
leaf_count=2337 122345 1726 4617 17178 2296 4912 5365 2508
internal_value=-4.59824e-05 0.000989792 0.0131336 0.00507857 0.0211286 -0.00351905 -0.0223459 0.0248104
internal_weight=1704.73 1313.12 97.5089 89.2524 56.302 391.612 32.9504 5.23266
internal_count=163284 156035 33690 31964 6913 7249 25051 7873
is_linear=0
shrinkage=0.0750466


Tree=323
num_leaves=9
num_cat=0
split_feature=105 73 55 27 105 115 10 73
split_gain=1.18395 10.9951 13.2999 6.46566 4.75763 8.37502 12.0645 2.68924
threshold=1.5000000000000002 10.500000000000002 1.0000000180025095e-35 1.0000000180025095e-35 1.0000000180025095e-35 1.0000000180025095e-35 1.0000000180025095e-35 8.5000000000000018
decision_type=2 2 2 2 2 8 2 2
left_child=4 3 -3 -2 7 6 -6 -1
right_child=1 2 -4 -5 5 -7 -8 -9
leaf_value=0.00073193635742846051 0.0044559720370388129 0.15758938409983297 -0.018721695412174777 -0.05065097029218607 0.093895249746012405 -0.011833069888916288 -0.015905377726617775 -0.0091171797685314689
leaf_weight=1427.8502584368939 22.247779025870841 4.4589097035041032 5.2429632700477669 26.010266053788655 15.528766796976926 19.613411472985717 8.8465360810550902 175.3028483269959
leaf_count=81809 2871 1717 4003 14162 5056 6541 1396 45729
internal_value=-4.79027e-05 -0.0105899 0.0623096 -0.0252457 0.000323051 0.0246719 0.0540453 -0.000345053
internal_weight=1705.1 57.9599 9.70187 48.258 1647.14 43.9887 24.3753 1603.15
internal_count=163284 22753 5720 17033 140531 12993 6452 127538
is_linear=0
shrinkage=0.0750466


Tree=324
num_leaves=9
num_cat=0
split_feature=22 16 32 7 138 8 138 7
split_gain=1.06224 4.03055 3.07489 8.58701 10.9193 5.75678 5.5573 4.00385
threshold=319.2050000000001 -7736.8999999999987 1.0000000180025095e-35 1655.0800000000002 12094.745000000001 6800.3600000000015 61411.745000000003 -294.21499999999997
decision_type=2 2 2 2 8 2 8 2
left_child=-1 -2 -3 5 -5 7 -6 -4
right_child=1 2 3 4 6 -7 -8 -9
leaf_value=0.0014288429755598311 -0.039103864430785118 -0.0028486272216253711 -0.030246889587055299 0.10265715224819456 -0.075651565582552718 -0.060932766105238081 0.038254700696086483 0.061435063989298537
leaf_weight=1049.5602138842951 16.446891626374054 597.48747917398759 4.9024108854673614 11.165236043174444 3.8626943731242154 9.1503896608774067 6.4244023264036514 5.9249566627731856
leaf_count=39651 4117 99785 3139 2081 4041 5504 2830 2136
internal_value=-5.13832e-05 -0.00242195 -0.00147769 0.0182933 0.0512642 -0.0171111 -0.00451588 0.0199233
internal_weight=1704.92 655.364 638.918 41.4301 21.4523 19.9778 10.2871 10.8274
internal_count=163284 123633 119516 19731 8952 10779 6871 5275
is_linear=0
shrinkage=0.0750466


Tree=325
num_leaves=9
num_cat=0
split_feature=99 141 33 48 33 153 97 153
split_gain=1.35167 7.81595 3.90646 5.6945 4.71314 4.30426 2.55718 4.15407
threshold=1.0000000180025095e-35 4.4850000000000012 17595.285000000003 1.0000000180025095e-35 1.0000000180025095e-35 2844.5250000000001 3.5000000000000004 8252.0550000000021
decision_type=2 8 2 2 2 8 2 8
left_child=2 -2 4 6 -1 -6 -4 -8
right_child=1 -3 3 -5 5 -7 7 -9
leaf_value=-0.00044535388145823442 -0.013578609997208672 0.031284430285057604 -0.011520537322814117 0.046140468364635222 0.046118552886097106 0.00053746032217785657 -0.014118414848691403 -0.070955873300578315
leaf_weight=1491.8472269006525 43.393337050874834 44.09578974824035 42.101635612412792 7.3249896783663635 23.796043798563915 22.892818262360379 15.636206203791518 13.490410505570706
leaf_count=122971 3950 1524 7736 4448 2055 2662 11253 6685
internal_value=-5.24492e-05 0.00903301 -0.000543999 -0.016868 0.000289459 0.0237689 -0.0233477 -0.0404435
internal_weight=1704.58 87.4891 1617.09 78.5532 1538.54 46.6889 71.2283 29.1266
internal_count=163284 5474 157810 30122 127688 4717 25674 17938
is_linear=0
shrinkage=0.0750466


Tree=326
num_leaves=9
num_cat=0
split_feature=57 129 120 123 25 5 16 112
split_gain=1.14482 7.94943 4.01398 1.89033 2.15825 1.52871 1.36023 5.17876
threshold=6.5000000000000009 28.500000000000004 588362.69500000007 5.5000000000000009 1.0000000180025095e-35 53.500000000000007 2347.2300000000005 164689.20000000004
decision_type=2 8 8 8 2 2 2 10
left_child=6 3 5 4 -2 -3 -1 -8
right_child=1 2 -4 -5 -6 -7 7 -9
leaf_value=-0.00010577665226413028 -0.042517227624712356 -0.00322977057910788 0.076827449505242007 -0.062858990907101231 0.017003919114107362 0.038367129870079883 -0.049884554233885506 0.015366636613785135
leaf_weight=1627.9284969401688 6.4935567595784978 10.20715085377106 9.2708998598204726 5.5767424190835291 7.2747900873218896 9.7086607942710526 13.578634038851307 13.824809379617362
leaf_count=140287 1509 2884 2837 3126 4386 2064 2422 3769
internal_value=-5.1806e-05 0.0113091 0.0360365 -0.0259981 -0.011068 0.0170481 -0.00038489 -0.0169659
internal_weight=1703.86 48.5318 29.1867 19.3451 13.7683 19.9158 1655.33 27.4034
internal_count=163284 16806 7785 9021 5895 4948 146478 6191
is_linear=0
shrinkage=0.0750466


Tree=327
num_leaves=9
num_cat=0
split_feature=33 32 127 151 10 22 5 127
split_gain=1.09126 3.65298 5.5971 8.56645 1.31229 4.99277 5.39847 4.8599
threshold=175039.38000000003 10.500000000000002 610.50000000000011 1.0000000180025095e-35 1.0000000180025095e-35 -3026.8199999999993 55.500000000000007 510.50000000000006
decision_type=2 2 10 10 2 2 2 8
left_child=4 2 -2 -4 5 6 -1 -6
right_child=1 -3 3 -5 7 -7 -8 -9
leaf_value=0.0022151956321827871 -0.069948973417736482 0.01857956681839884 0.14470064730410481 -0.075618167019075991 -0.011266154210421681 -0.0043805366729958049 0.037032273724462522 0.0046471292377073979
leaf_weight=90.275354049936141 10.181271412368917 10.121721390446508 1.9970963529540307 1.9787389208795501 127.18567246468592 707.66541406152555 34.730276133974257 719.74764736277939
leaf_count=8324 3453 1286 412 4457 5411 108884 1604 29453
internal_value=-5.09005e-05 -0.0158475 -0.0404614 0.0350499 0.000177441 -0.00193814 0.0118884 0.0022574
internal_weight=1703.88 24.2788 14.1571 3.97584 1679.6 832.671 125.006 846.933
internal_count=163284 9608 8322 4869 153676 118812 9928 34864
is_linear=0
shrinkage=0.0750466


Tree=328
num_leaves=9
num_cat=0
split_feature=99 22 33 48 147 113 127 33
split_gain=1.13214 7.51698 3.33583 4.85097 3.99232 4.43687 6.16343 4.60829
threshold=1.0000000180025095e-35 -1.0000000180025095e-35 17595.285000000003 1.0000000180025095e-35 -25805.769999999997 -805.49999999999989 510.50000000000006 70198.35000000002
decision_type=2 2 2 2 8 8 10 2
left_child=2 -2 -1 4 -4 6 -6 -8
right_child=1 -3 3 -5 5 -7 7 -9
leaf_value=0.00026235396862745136 0.027642184526020349 -0.016707483255306181 -0.078180501964873153 0.04105664837554452 -0.048158685217168005 -0.027707013805785823 -0.0010682850812748668 0.098557752772921753
leaf_weight=1538.2194146468837 49.261004974143361 38.226915573874976 6.4562214218303779 7.631872018219382 5.2405698001984993 47.26360988070337 4.9554814828443323 5.5362820265959272
leaf_count=127688 1097 4377 9527 4448 2682 8675 1937 2853
internal_value=-5.07462e-05 0.00826407 -0.000501092 -0.0157357 -0.0219765 -0.0162163 0.0183044 0.0515023
internal_weight=1702.79 87.4879 1615.3 77.084 69.4522 62.9959 15.7323 10.4918
internal_count=163284 5474 157810 30122 25674 16147 7472 4790
is_linear=0
shrinkage=0.0750466


Tree=329
num_leaves=9
num_cat=0
split_feature=80 16 153 151 81 139 105 56
split_gain=1.07584 4.44092 4.40206 3.38498 3.19863 4.58089 2.0933 5.45257
threshold=6.5000000000000009 -68.659999999999982 1612.8750000000002 7.5000000000000009 191535.64500000005 790.20500000000004 1.5000000000000002 525.36000000000013
decision_type=2 2 10 8 2 8 2 2
left_child=4 2 -2 -3 6 -6 -1 -8
right_child=1 3 -4 -5 5 -7 7 -9
leaf_value=0.0004856087099587443 0.062009542514819486 0.01534944845722507 -0.0017822381094544457 -0.032109500330390048 -0.042168049886811033 0.036791989983806041 -0.0020473496653019992 -0.063207713431216797
leaf_weight=1569.1225219819707 13.924822474662507 17.416034376493371 10.831336495548838 16.466971910765551 20.863742295656266 5.1618490084893009 37.567841225672055 10.505316608787323
leaf_count=116685 1177 4705 4178 5467 10907 1818 11367 6980
internal_value=-5.05755e-05 0.00993787 0.0340993 -0.00771536 -0.000407018 -0.0265073 1.30151e-05 -0.0154126
internal_weight=1701.86 58.6392 24.7562 33.883 1643.22 26.0256 1617.2 48.0732
internal_count=163284 15527 5355 10172 147757 12725 135032 18347
is_linear=0
shrinkage=0.0750466


Tree=330
num_leaves=9
num_cat=0
split_feature=63 129 120 7 148 113 125 72
split_gain=1.04906 2.22679 3.12854 2.98558 1.2904 7.82872 1.37688 3.8744
threshold=8.5000000000000018 5.5000000000000009 77418.000000000015 2282.7150000000006 5.9250000000000007 -624.49999999999989 -28173.074999999993 1708.4500000000003
decision_type=2 8 10 2 10 8 8 2
left_child=4 -2 -3 -4 6 -6 7 -1
right_child=1 2 3 -5 5 -7 -8 -9
leaf_value=0.011345134238614314 -0.021408943028898422 -0.015910102455740316 0.015438760168943669 0.089311840253083266 -0.020786249159711119 0.058014434221103493 -0.00028038671952572273 -0.047170350274347198
leaf_weight=12.769069051221779 6.8285264053720338 5.9493662604400042 6.5248530638982611 5.8380358630925002 15.406017659457573 13.171010807433051 1622.3157846653426 12.721906008198856
leaf_count=5671 4194 1319 3073 2666 3577 3319 136747 2718
internal_value=-4.99173e-05 0.0151664 0.0288051 0.0503233 -0.000278117 0.0155326 -0.000552313 -0.0178585
internal_weight=1701.52 25.1408 18.3123 12.3629 1676.38 28.577 1647.81 25.491
internal_count=163284 11252 7058 5739 152032 6896 145136 8389
is_linear=0
shrinkage=0.0750466


Tree=331
num_leaves=9
num_cat=0
split_feature=24 33 95 10 64 7 0 135
split_gain=1.14156 3.77822 3.66795 3.60409 3.59466 3.51727 3.17082 6.22038
threshold=1.0000000180025095e-35 4895.2500000000009 1.0000000180025095e-35 1023.9800000000001 1745.0100000000002 1842.0450000000003 59645539.500000007 -1840.4999999999998
decision_type=2 2 2 2 2 2 2 8
left_child=4 6 3 -3 -1 -6 -2 -8
right_child=1 2 -4 -5 5 -7 7 -9
leaf_value=-0.00015516085596993008 0.0076956387298820466 -0.053990712906499989 0.030542017697748402 0.020456959818910637 -0.031340912521316898 0.00080185450591049553 -0.048305128968176909 0.0078601499095567497
leaf_weight=1202.7655196868382 346.69349739266545 16.848993107543272 5.5647575380266963 4.6794322409423321 42.491957704111883 34.938715560692799 17.646998397394782 29.960089731426706
leaf_count=37940 80792 16955 3677 4395 5594 4963 3836 5132
internal_value=-4.89355e-05 0.0033391 -0.0237699 -0.0378087 -0.00116415 -0.0168373 0.00520181 -0.0129592
internal_weight=1701.59 421.394 27.0932 21.5284 1280.2 77.4307 394.301 47.6071
internal_count=163284 114787 25027 21350 48497 10557 89760 8968
is_linear=0
shrinkage=0.0750466


Tree=332
num_leaves=9
num_cat=0
split_feature=127 0 16 10 127 16 27 83
split_gain=1.00694 5.55092 6.47284 5.60674 7.96486 6.76174 5.88144 7.2226
threshold=1221.5000000000002 59645539.500000007 -4047.3549999999991 -109.73499999999999 753.50000000000011 -784.20999999999992 16.500000000000004 1.0000000180025095e-35
decision_type=8 2 2 2 10 2 2 2
left_child=1 3 -3 6 5 -5 -1 -8
right_child=-2 2 -4 4 -6 -7 7 -9
leaf_value=-0.012381555629243991 -0.0012312737925235235 -0.030991017143335804 0.0019433553414814776 -0.0073284366537493938 0.041041016436619726 0.022185937544317198 0.064459879290943559 -0.018686343655949539
leaf_weight=104.12397882598179 1198.5296707671373 51.23598724256226 97.691738834791067 87.771140047263543 51.145086488344532 87.100373655595831 13.724019186389343 10.299893909803357
leaf_count=14332 117625 2671 9984 3571 2930 6476 1731 3964
internal_value=-4.85036e-05 0.00276924 -0.00938714 0.00788105 0.014991 0.00737215 -0.00465896 0.0288122
internal_weight=1701.62 503.092 148.928 354.164 226.017 174.872 128.148 24.0239
internal_count=163284 45659 12655 33004 12977 10047 20027 5695
is_linear=0
shrinkage=0.0750466


Tree=333
num_leaves=9
num_cat=0
split_feature=8 137 151 112 39 119 8 137
split_gain=1.22637 2.73167 5.40941 2.45758 1.65643 3.79012 4.82263 2.89502
threshold=-8804.7999999999975 31032.320000000003 3.5000000000000004 360218.03500000009 58697.880000000012 1.0000000180025095e-35 18628.875000000004 8892.4500000000025
decision_type=2 8 8 8 2 8 2 8
left_child=1 2 -1 -3 -2 6 -6 -7
right_child=4 3 -4 -5 5 7 -8 -9
leaf_value=0.0010495101368176876 -0.00014946101296605405 -0.025758231039312088 0.051688750140107362 0.0078998299314461274 -0.024506459315388265 -0.04041055786825596 0.089375344489434544 0.0035158702525857257
leaf_weight=31.074399759312655 1552.6175066691544 18.847955576404274 19.234380109121048 34.73190153889891 4.3053722956592519 24.060535227732547 4.077958666930499 13.024228274633055
leaf_count=3775 130613 4351 2599 5918 2132 4094 3123 6679
internal_value=-4.92982e-05 0.00785168 0.0204102 -0.00394017 -0.000562926 -0.0146817 0.0308898 -0.0249835
internal_weight=1701.97 103.889 50.3088 53.5799 1598.09 45.4681 8.38333 37.0848
internal_count=163284 16643 6374 10269 146641 16028 5255 10773
is_linear=0
shrinkage=0.0750466


Tree=334
num_leaves=9
num_cat=0
split_feature=8 127 140 140 127 112 137 127
split_gain=1.03762 2.78544 4.5272 2.74594 4.46279 1.43467 4.53667 1.69449
threshold=-8804.7999999999975 510.50000000000006 953.55500000000018 10829.135000000002 3462.5000000000005 41172.30000000001 2950.8750000000005 510.50000000000006
decision_type=2 8 8 10 8 8 8 8
left_child=1 -1 -3 -4 -5 6 -2 -7
right_child=5 2 3 4 -6 7 -8 -9
leaf_value=0.030345327174255334 0.025749988329925536 -0.038878738368887236 0.020681898047173658 0.012086319795202034 -0.052479026475649927 -0.00681066765235986 -0.0099149556279602702 4.9116079891794551e-05
leaf_weight=22.867753471936339 43.346000671604997 13.564859016010814 41.458430265359311 17.48184439215402 9.203539898532652 241.15239154787923 37.434736741477536 1275.4083500944907
leaf_count=3165 1551 1495 4305 4377 3301 20811 4470 119809
internal_value=-4.84678e-05 0.00719361 0.000714156 0.00859561 -0.0101817 -0.0005226 0.00922244 -0.00104168
internal_weight=1701.92 104.576 81.7087 68.1438 26.6854 1597.34 80.7807 1516.56
internal_count=163284 16643 13478 11983 7678 146641 6021 140620
is_linear=0
shrinkage=0.0750466


Tree=335
num_leaves=9
num_cat=0
split_feature=11 81 116 145 104 9 145 9
split_gain=1.22315 4.45473 6.6161 7.25599 5.1245 6.63068 4.3997 5.1156
threshold=318.30500000000006 29325.005000000001 11379.470000000003 5.5000000000000009 5806.3500000000013 2506.1000000000004 1.0000000180025095e-35 225.28500000000003
decision_type=2 2 10 8 2 2 10 2
left_child=-1 6 -3 4 5 -4 -2 -8
right_child=1 2 3 -5 -6 -7 7 -9
leaf_value=-0.0011475428868890137 0.043734666106429732 -0.012773333071441169 0.030185699659380595 -0.028483559203472175 -0.009760051909414709 0.13081143264853984 -0.016279067041101419 0.013159844629936404
leaf_weight=1309.7774401747183 20.392335127136903 135.67273300116085 8.4783997555159711 9.4179287631577591 5.675332830412116 6.5275762612745885 41.703557823013398 163.88673420513942
leaf_count=50667 929 50537 3889 4800 3996 2477 6463 39526
internal_value=-4.71208e-05 0.00363199 -0.00571166 0.0261189 0.050984 0.0739577 0.0104861 0.00718822
internal_weight=1701.53 391.755 165.772 30.0992 20.6813 15.006 225.983 205.59
internal_count=163284 112617 65699 15162 10362 6366 46918 45989
is_linear=0
shrinkage=0.0750466


Tree=336
num_leaves=9
num_cat=0
split_feature=96 142 20 8 123 20 8 72
split_gain=1.08497 5.45889 4.94432 5.84854 4.02819 4.65456 12.3035 5.36366
threshold=1.0000000180025095e-35 91494.000000000015 55.415000000000006 11254.315000000002 19.500000000000004 1.6450000000000002 16678.810000000001 1624.8900000000001
decision_type=2 8 2 2 10 2 2 2
left_child=2 -2 -1 -4 5 -3 7 -7
right_child=1 4 3 -5 -6 6 -8 -9
leaf_value=0.0003277818005232354 0.014910787329576467 -0.004419314260395343 -0.036146063384964733 -0.0015586001599688266 -0.026545453966713879 0.0074184740731292028 -0.012337100295110042 0.033660649313930494
leaf_weight=677.62119027754306 147.9208263098626 449.99991583856445 48.978792617986983 62.887054569879183 32.856266177903308 91.068522093168667 105.77497448422218 84.629344768822193
leaf_count=30786 15548 38687 5312 6882 5246 25529 30524 4770
internal_value=-4.83284e-05 0.0017145 -0.00208527 -0.0167022 -0.000839382 0.000315283 0.00788464 0.0200587
internal_weight=1701.74 912.25 789.487 111.866 764.329 731.473 281.473 175.698
internal_count=163284 120304 42980 12194 104756 99510 60823 30299
is_linear=0
shrinkage=0.0750466


Tree=337
num_leaves=9
num_cat=0
split_feature=82 149 82 82 120 83 82 83
split_gain=0.991805 6.94319 2.38247 2.46591 2.36528 1.50318 4.7409 4.52812
threshold=6.5000000000000009 4894.5000000000009 8.5000000000000018 14.500000000000002 253368.00000000003 53371.560000000005 1.5000000000000002 92470.055000000008
decision_type=2 8 2 2 10 2 2 2
left_child=5 2 -2 4 -4 -1 -7 -8
right_child=1 -3 3 -5 -6 6 7 -9
leaf_value=-0.00018841823392991061 -0.054682396889524344 0.027662822100377158 0.023334080509633107 -0.06055348662441061 -0.037682399236623032 0.057952759942643463 0.023435304485960207 -0.019713237363452814
leaf_weight=1584.8943807593546 13.523301403522053 17.769323499466736 9.6732498468791182 4.864020767467081 5.6785413497327673 10.376626683630091 28.417331642678619 26.444362510855171
leaf_count=125116 6315 5622 3843 2656 3134 1427 7577 7594
internal_value=-4.89757e-05 -0.0103038 -0.0302997 -0.013989 0.000764427 0.000271127 0.0114353 0.0026369
internal_weight=1701.64 51.5084 33.7391 20.2158 15.3518 1650.13 65.2383 54.8617
internal_count=163284 21570 15948 9633 6977 141714 16598 15171
is_linear=0
shrinkage=0.0750466


Tree=338
num_leaves=9
num_cat=0
split_feature=11 18 113 113 153 11 85 73
split_gain=1.06008 3.59696 3.56046 9.48781 6.84447 6.41485 14.6641 4.08114
threshold=318.30500000000006 952.04500000000019 -1079.9999999999998 -593.49999999999989 3853.3050000000007 1469.9150000000002 1.0000000180025095e-35 13.500000000000002
decision_type=2 2 8 8 8 2 2 2
left_child=-1 -2 7 4 -4 -6 -7 -3
right_child=1 2 3 -5 5 6 -8 -9
leaf_value=-0.0010742448173165851 0.018018699259955466 -0.01429496869548539 0.046192668962374034 -0.0050267574172010495 -0.039349432789455616 -0.05151343795637018 0.19178348048110183 0.042580814106613338
leaf_weight=1308.8383385678035 76.121818182156858 108.86372174232838 44.105486313116671 138.11501751953347 12.245719818693034 3.117905541826075 2.5252273353039527 7.6015330930940754
leaf_count=50667 5976 35720 12542 43976 4896 2264 2734 4509
internal_value=-4.82038e-05 0.00337154 -0.000150435 0.00592126 0.030312 -0.00884234 0.0573587 -0.0105828
internal_weight=1701.53 392.696 316.575 200.109 61.9943 17.8889 5.64313 116.465
internal_count=163284 112617 106641 66412 22436 9894 4998 40229
is_linear=0
shrinkage=0.0750466


Tree=339
num_leaves=9
num_cat=0
split_feature=6 113 7 6 97 153 151 6
split_gain=0.985586 3.77354 6.66692 4.40858 3.45749 2.91311 2.32767 4.86007
threshold=40.500000000000007 -1171.4999999999998 1655.0800000000002 20.500000000000004 7.5000000000000009 475.06500000000005 1.0000000180025095e-35 85.500000000000014
decision_type=2 8 2 2 2 8 8 2
left_child=1 2 3 4 -1 -3 7 -2
right_child=6 5 -4 -5 -6 -7 -8 -9
leaf_value=0.027338535131657515 -0.026982391649353583 0.025539045025836388 -0.018123577714345956 -0.013011735203136688 -0.003587618676074906 0.0032712745180387432 8.9157834455600525e-05 0.0013915407662440672
leaf_weight=62.143898187981904 57.136322007721901 60.914133468453656 91.062508944240108 38.52468261685317 30.280071041015617 72.431050702084576 1205.3296309171646 83.958233318791827
leaf_count=4315 3695 1491 4382 4721 4237 3519 130571 6353
internal_value=-5.05998e-05 0.00346489 -0.00252853 0.00831637 0.0172065 0.0134435 -0.000978428 -0.0100985
internal_weight=1701.78 355.356 222.011 130.949 92.424 133.345 1346.42 141.095
internal_count=163284 22665 17655 13273 8552 5010 140619 10048
is_linear=0
shrinkage=0.0750466


Tree=340
num_leaves=9
num_cat=0
split_feature=127 8 109 5 103 147 127 22
split_gain=0.996101 5.27032 8.70977 11.1014 3.66979 5.6756 7.09252 7.52786
threshold=1221.5000000000002 25989.965000000004 1.0000000180025095e-35 42.500000000000007 1.5000000000000002 -19379.904999999995 610.50000000000011 -9370.4499999999989
decision_type=8 2 2 2 2 8 10 2
left_child=1 4 -3 -4 5 -1 7 -7
right_child=-2 2 3 -5 -6 6 -8 -9
leaf_value=0.02305596713831682 -0.0012259819223275356 0.058853928784008122 0.048882888499491128 -0.050865047243477658 -0.02119226455723492 -0.034012115044427214 0.014430414076271603 -0.0016572361653145013
leaf_weight=63.189991855157132 1198.4949692964478 23.67719825603308 11.741886281944064 13.518792999246214 40.96862942280768 51.559978323735777 109.70705354950223 188.8020472809485
leaf_count=8976 117625 2083 2653 3053 13109 1261 4159 10365
internal_value=-4.9505e-05 0.00275276 0.0261523 -0.00449935 0.000231719 0.0023556 -0.00138097 -0.00859767
internal_weight=1701.66 503.166 48.9379 25.2607 454.228 413.259 350.069 240.362
internal_count=163284 45659 7789 5706 37870 24761 15785 11626
is_linear=0
shrinkage=0.0750466


Tree=341
num_leaves=9
num_cat=0
split_feature=10 10 126 10 10 16 80 67
split_gain=1.08594 2.58904 3.69156 8.42844 4.46325 2.31567 4.38093 2.26883
threshold=-3005.3049999999998 -4315.5249999999987 3.5550000000000002 -5498.3249999999989 -8004.0899999999992 -1.0000000180025095e-35 1.5000000000000002 1.0000000180025095e-35
decision_type=2 2 8 2 2 2 2 2
left_child=1 2 4 -4 -1 -3 -7 -2
right_child=7 5 3 -5 -6 6 -8 -9
leaf_value=0.071779624374295983 2.7594114531876514e-06 -0.040330662036303089 -0.059640082600510465 0.032373728333580556 0.0013603332798708442 0.041804839626910395 -0.042997992246913731 0.021805566641923301
leaf_weight=7.4891112803579754 1594.4195664520694 20.344334739123951 12.531891450552848 10.145737858825669 15.68698979065357 6.8874220607240186 6.8363374805021522 27.341561463705148
leaf_count=3574 130143 4537 3765 2278 6339 2265 3834 6549
internal_value=-5.05184e-05 -0.00859045 0.00305226 -0.0184741 0.0241156 -0.0242609 -0.000438744 0.000370337
internal_weight=1701.68 79.9218 45.8537 22.6776 23.1761 34.0681 13.7238 1621.76
internal_count=163284 26592 15956 6043 9913 10636 6099 136692
is_linear=0
shrinkage=0.0750466


Tree=342
num_leaves=9
num_cat=0
split_feature=135 60 135 8 8 116 60 97
split_gain=1.08155 1.2598 3.26374 2.6478 4.67305 3.61797 2.07803 3.23802
threshold=-136.99999999999997 1079.3350000000003 -440.49999999999994 1349.8850000000002 29166.560000000001 6619.4550000000008 433.49500000000006 11.500000000000002
decision_type=10 2 8 2 2 10 2 2
left_child=1 6 3 -3 5 -5 -1 -8
right_child=-2 2 -4 4 -6 -7 7 -9
leaf_value=0.00022390976721886 -0.015260617154723486 -0.03333933079266254 -0.053020340608444592 0.058643148058752578 -0.031733185432374397 0.002199138963462694 -0.0057367056523314293 0.044876386596762262
leaf_weight=1586.34433568432 25.926703870238271 12.569912371917779 8.6810251122287792 10.329644262585136 12.520854844181484 16.793879624194233 13.650121274968116 14.878494181018139
leaf_count=137858 2162 3548 2369 1667 5913 4407 1815 3545
internal_value=-4.99785e-05 0.000185353 -0.0104109 -0.00332675 0.00618923 0.0236951 0.000584928 0.0206595
internal_weight=1701.69 1675.77 60.8953 52.2143 39.6444 27.1235 1614.87 28.5286
internal_count=163284 161122 17904 15535 11987 6074 143218 5360
is_linear=0
shrinkage=0.0750466


Tree=343
num_leaves=9
num_cat=0
split_feature=73 0 142 142 97 9 73 142
split_gain=1.02635 4.71942 5.42341 6.60576 3.5618 2.75075 1.86648 4.02785
threshold=12.500000000000002 35799005.000000007 238705.50000000003 119646.00000000001 147.50000000000003 3165.5400000000004 10.500000000000002 105570.00000000001
decision_type=2 2 8 10 2 2 2 8
left_child=6 4 3 -3 5 -2 -1 -8
right_child=1 2 -4 -5 -6 -7 7 -9
leaf_value=-0.00015016740490375052 -0.054991748469349559 -0.0044451456361112385 -0.033257784518128365 0.09258302925112602 0.024704179172510977 -0.0020292417993915076 0.050910369605372992 0.0020170300824387199
leaf_weight=1594.8008510906257 19.379249982660443 8.4318106978807936 8.4993039755504451 7.4374543433114004 5.8428259039010291 7.7244554303351824 12.791893179255565 36.755254494712972
leaf_count=126337 7852 2485 3486 2399 2751 2914 2956 12104
internal_value=-4.86046e-05 -0.00992056 0.0151192 0.0410291 -0.028441 -0.0398976 0.000295491 0.0146401
internal_weight=1701.66 57.3151 24.3686 15.8693 32.9465 27.1037 1644.35 49.5471
internal_count=163284 21887 8370 4884 13517 10766 141397 15060
is_linear=0
shrinkage=0.0750466


Tree=344
num_leaves=9
num_cat=0
split_feature=39 97 0 149 73 134 5 84
split_gain=1.11212 4.85546 5.42325 3.34232 1.29354 6.33518 6.1647 6.45492
threshold=351900.43000000005 7.5000000000000009 22275446.000000004 3317.0000000000005 9.5000000000000018 57007.80000000001 39.500000000000007 4.5000000000000009
decision_type=2 2 2 10 2 10 2 2
left_child=4 -2 -3 -4 -1 -6 -7 -8
right_child=1 2 3 -5 5 6 7 -9
leaf_value=0.00092920034867220085 -0.067083688950030196 0.07082479382322153 0.012672708949760402 -0.063445462952233148 -0.047740541903140005 0.020279689295411876 -0.016225436121251657 0.045697471021290265
leaf_weight=1488.4336625293522 7.3496116899095822 5.1042697552893541 7.5158409882342294 5.7225743991839408 18.213494596751843 52.231393124328861 106.70425948246475 10.405445668148785
leaf_count=98371 1806 2530 2656 3194 2680 15633 28909 7505
internal_value=-4.84278e-05 -0.0155438 0.00510741 -0.0202309 0.00018911 -0.00568425 -0.00116088 -0.0107235
internal_weight=1701.68 25.6923 18.3427 13.2384 1675.99 187.555 169.341 117.11
internal_count=163284 10186 8380 5850 153098 54727 52047 36414
is_linear=0
shrinkage=0.0750466


Tree=345
num_leaves=9
num_cat=0
split_feature=57 129 109 74 56 56 58 112
split_gain=0.942223 6.6348 5.58721 6.32991 3.28267 8.81865 1.41662 7.45133
threshold=6.5000000000000009 28.500000000000004 1.0000000180025095e-35 1213.8100000000002 1.0000000180025095e-35 1873.6050000000002 7157.0650000000014 57007.80000000001
decision_type=2 8 2 2 2 2 2 10
left_child=6 4 -3 -4 -2 -6 -1 -8
right_child=1 2 3 -5 5 -7 7 -9
leaf_value=0.00025288166282664399 -0.050338362309703427 -0.0081653548472858314 0.0042142596298910661 0.094060633301705845 0.10534969499279653 -0.057911113625701317 -0.049387555337211009 0.00042715393283424019
leaf_weight=1535.5000919006852 11.299747386874516 11.855680620975365 7.3880659513215532 10.979250994406355 3.3128153411407757 4.2588905069223983 20.513276617148222 96.313686475224586
leaf_count=117187 3692 2198 2205 3382 1659 3670 3328 25963
internal_value=-4.88175e-05 0.0101967 0.031997 0.0579208 -0.0247169 0.0135197 -0.000353235 -0.00831965
internal_weight=1701.42 49.0945 30.223 18.3673 18.8715 7.57171 1652.33 116.827
internal_count=163284 16806 7785 5587 9021 5329 146478 29291
is_linear=0
shrinkage=0.0750466


Tree=346
num_leaves=9
num_cat=0
split_feature=39 107 20 120 103 107 106 85
split_gain=0.981201 4.49206 4.67235 4.07813 1.47725 9.32452 4.84201 3.60615
threshold=351900.43000000005 123.50000000000001 79.560000000000016 305273.25000000006 5.5000000000000009 97.500000000000014 1.0000000180025095e-35 39354.150000000009
decision_type=2 2 2 10 2 2 2 2
left_child=4 2 -2 -3 7 -6 -7 -1
right_child=1 3 -4 -5 5 6 -8 -9
leaf_value=0.00036799862965698066 -0.063830895089761572 0.10725504206704642 0.0097115717810377748 -0.020769767332633665 0.049663958209487734 -0.048658009138094357 0.036556769860929289 -0.023197716553668479
leaf_weight=1599.9366421720583 11.077245928991038 2.8623240146480375 8.6762594746160158 2.7453522113764848 20.332285369730016 13.056410207370392 5.2717068677038688 37.42715423858408
leaf_count=119432 1990 1999 3233 2964 4837 8239 3834 16756
internal_value=-5.00079e-05 -0.0147009 -0.0315291 0.0445779 0.000171686 0.0146713 -0.0241477 -0.000170671
internal_weight=1701.39 25.3612 19.7535 5.60768 1676.02 38.6604 18.3281 1637.36
internal_count=163284 10186 5223 4963 153098 16910 12073 136188
is_linear=0
shrinkage=0.0750466


Tree=347
num_leaves=9
num_cat=0
split_feature=21 5 33 8 5 5 33 8
split_gain=0.967157 3.88508 1.78798 5.15627 4.339 3.1099 3.06906 2.56738
threshold=1.0000000180025095e-35 43.500000000000007 22588.435000000001 25989.965000000004 49.500000000000007 40.500000000000007 115002.37000000001 33046.075000000004
decision_type=2 2 2 2 2 2 2 2
left_child=1 -1 7 5 -5 -4 -6 -2
right_child=2 -3 3 4 6 -7 -8 -9
leaf_value=0.01692568657629507 0.00095291406995053703 -0.0045870572115502082 -0.07654557510341925 -0.020011983706252089 0.076835194113666974 -0.020122612710325154 0.0033067526318330625 -0.0087979186916648158
leaf_weight=85.103338903787517 1285.4647287787502 106.37714485669858 8.3683224015358082 14.572473160139909 6.3622122130363987 16.060600865956076 6.4265237562462971 172.48453336775856
leaf_count=2814 101700 2987 7352 6354 2115 9004 2426 28532
internal_value=-5.0178e-05 0.00497426 -0.000687429 -0.0143902 0.00798461 -0.0394507 0.0398861 -0.000200671
internal_weight=1701.22 191.48 1509.74 51.7901 27.3612 24.4289 12.7887 1457.95
internal_count=163284 5801 157483 27251 10895 16356 4541 130232
is_linear=0
shrinkage=0.0750466


Tree=348
num_leaves=9
num_cat=0
split_feature=25 51 64 83 153 48 142 142
split_gain=0.994558 3.36401 3.14121 4.2581 4.08521 3.08897 2.87023 5.14086
threshold=1.0000000180025095e-35 2.5000000000000004 1745.0100000000002 1407.6450000000002 1214.0550000000003 1.0000000180025095e-35 154836.00000000003 238705.50000000003
decision_type=2 2 2 2 10 2 10 10
left_child=2 -2 5 -4 -5 6 -1 -8
right_child=1 -3 3 4 -6 -7 7 -9
leaf_value=-0.0043058922611033858 0.004235531780250666 -0.036757460492990966 -0.033585138343950785 0.021027449220447764 -0.029625577368155201 0.013433650362392977 0.013365549860755228 -0.0031446442066305914
leaf_weight=672.91631327972209 410.49440960916536 11.592975150499113 38.151906721906926 23.716369954814581 14.41954881715901 87.372187993507396 177.3512153931988 264.81785975453204
leaf_count=15940 105434 9353 3560 1981 5016 4556 5982 11462
internal_value=-4.90555e-05 0.00310963 -0.00109167 -0.0158588 0.00187506 -0.000154799 -0.00121952 0.00347749
internal_weight=1700.83 422.087 1278.75 76.2878 38.1359 1202.46 1115.09 442.169
internal_count=163284 114787 48497 10557 6997 37940 33384 17444
is_linear=0
shrinkage=0.0750466


Tree=349
num_leaves=9
num_cat=0
split_feature=99 153 98 72 81 57 127 127
split_gain=0.971204 5.08226 1.80411 5.87921 5.29856 1.9254 6.41437 12.1716
threshold=1.0000000180025095e-35 4779.9750000000013 1.0000000180025095e-35 897.20000000000016 20172.080000000005 6.5000000000000009 4159.5000000000009 3001.5000000000005
decision_type=2 8 2 2 2 2 10 8
left_child=2 -2 5 4 -4 -1 7 -7
right_child=1 -3 3 -5 -6 6 -8 -9
leaf_value=-0.00049809671486786224 -0.0090013076481282352 0.027338527103644341 0.053253554859095678 -0.040169917981335394 -0.027732050799629877 -0.0026569392861740589 -0.031871788101303596 0.093085437734815632
leaf_weight=1527.7938943659406 47.269579860290833 40.02950380897164 9.9594636192277921 24.027749691676036 8.3768268616286132 20.154699403087761 11.790908687863519 11.89001937513194
leaf_count=134902 3121 2353 1886 2737 3796 5169 5655 3665
internal_value=-4.80878e-05 0.0076617 -0.000465102 -0.0157474 0.0162558 -5.31605e-05 0.0154541 0.0328678
internal_weight=1701.29 87.2991 1613.99 42.364 18.3363 1571.63 43.8356 32.0447
internal_count=163284 5474 157810 8419 5682 149391 14489 8834
is_linear=0
shrinkage=0.0750466


Tree=350
num_leaves=9
num_cat=0
split_feature=146 16 146 74 17 137 8 4
split_gain=0.959455 3.95294 3.71385 2.50673 2.22956 5.47761 2.63086 2.47735
threshold=1.0000000180025095e-35 -354.2999999999999 11715.525000000003 1068.0300000000002 3.5000000000000004 8892.4500000000025 18628.875000000004 1.5000000000000002
decision_type=10 2 10 2 2 8 2 2
left_child=4 2 -2 -3 7 -6 -7 -1
right_child=1 3 -4 -5 5 6 -8 -9
leaf_value=-0.0006030387004175849 0.044040382835147322 0.012069474904374346 0.0016153659033107432 -0.020775335139229641 -0.0090193718811585142 0.049272987095165026 0.010291309115752654 -0.018930056784970273
leaf_weight=1482.821187172402 23.534858086973145 22.758202081970012 22.956178814508348 30.795440400630469 36.050482864069636 21.369197728856307 17.934108337699399 42.737198749757226
leaf_count=141013 1113 3892 3591 4829 1909 2283 2630 2024
internal_value=-4.84542e-05 0.00708144 0.0230919 -0.00681758 -0.000494018 0.0121074 0.0314856 -0.00111645
internal_weight=1700.96 100.045 46.491 53.5536 1600.91 75.3538 39.3033 1525.56
internal_count=163284 13425 4704 8721 149859 6822 4913 143037
is_linear=0
shrinkage=0.0750466


Tree=351
num_leaves=9
num_cat=0
split_feature=6 83 22 0 22 22 22 83
split_gain=0.963862 3.20601 10.0379 2.86192 3.65353 2.26629 3.30875 3.35932
threshold=289.50000000000006 2582.5950000000007 65850.970000000016 14632853.000000002 3393.0150000000008 409658.84500000003 1144297.6400000004 53371.560000000005
decision_type=2 2 2 2 2 2 2 2
left_child=3 -2 -3 4 -1 -5 7 -7
right_child=1 2 -4 5 -6 6 -8 -9
leaf_value=-0.0025146413806066163 -0.00050476780807316994 0.082204406352534329 -0.033835825529967015 0.00049757215203652936 -0.044805168182744909 -0.063839042557877076 0.011957771642547679 0.015043044872919612
leaf_weight=30.946009833386597 54.922484589882515 10.620052022904931 6.9433268342836518 1553.4142119889975 18.31361458104675 11.682013377139809 9.9423074983383231 4.1104336603266356
leaf_count=1436 4366 1774 4008 133624 4900 5595 4220 3361
internal_value=-4.7102e-05 0.00842038 0.0363302 -0.000424018 -0.0182373 0.000131646 -0.0219566 -0.0433077
internal_weight=1700.89 72.4859 17.5634 1628.41 49.2596 1579.15 25.7348 15.7924
internal_count=163284 10148 5782 153136 6336 146800 13176 8956
is_linear=0
shrinkage=0.0750466


Tree=352
num_leaves=9
num_cat=0
split_feature=27 16 0 27 0 28 27 22
split_gain=1.08299 4.53015 6.09003 3.62228 5.55581 4.09197 2.49612 1.65277
threshold=29.500000000000004 -68.659999999999982 35799005.000000007 23.500000000000004 35799005.000000007 55410.135000000002 35.500000000000007 26219.395
decision_type=2 2 2 2 2 2 2 2
left_child=3 6 -3 7 5 -5 -2 -1
right_child=1 2 -4 4 -6 -7 -8 -9
leaf_value=0.00075853193903499506 -0.0042965201308252324 -0.023416680841157528 0.072584339195323463 -0.04511832928466495 0.062994428453483423 0.039917248208833724 -0.057681848941585685 -0.0060794331221036314
leaf_weight=1407.4278093542653 8.2976962144921362 8.6071724929638531 6.556531141944105 7.0579679922657323 12.883720203021765 5.8111414809955022 12.163398915377 231.87508065250404
leaf_count=67003 2679 5801 2715 2434 3875 2693 5357 70727
internal_value=-4.69665e-05 -0.012994 0.0180926 0.000230042 0.028157 -0.00671989 -0.0360322 -0.00020868
internal_weight=1700.68 35.6248 15.1637 1665.06 25.7528 12.8691 20.4611 1639.3
internal_count=163284 16552 8516 146732 9002 5127 8036 137730
is_linear=0
shrinkage=0.0750466


Tree=353
num_leaves=9
num_cat=0
split_feature=10 6 18 85 63 6 0 137
split_gain=0.953779 4.56373 3.36016 2.45487 3.02519 7.9692 1.65982 2.62628
threshold=-3005.3049999999998 20.500000000000004 952.04500000000019 35229.000000000007 2.5000000000000004 189.50000000000003 28166114.000000004 25456.255000000001
decision_type=2 2 2 2 2 2 2 10
left_child=1 -1 -3 4 6 -6 -4 -8
right_child=-2 2 3 -5 5 -7 7 -9
leaf_value=0.050971219922390516 0.00034631759993600128 0.0076900050869347951 -0.05895671954836644 -0.075685624068412921 -0.030155642185057136 0.11523562768663925 -0.052428921654441407 -2.9309473145814188e-05
leaf_weight=6.7445869634548208 1621.0466142640398 26.566067092562662 8.719118307892133 4.9621484775625495 6.5740960700873057 3.1361168553230527 8.8201089344383963 13.839826169037222
leaf_count=1151 136692 1974 3454 5879 4580 2742 1672 5140
internal_value=-4.69487e-05 -0.00807979 -0.0135643 -0.0258255 -0.0198042 0.0168015 -0.0311318 -0.0204252
internal_weight=1700.41 79.3621 72.6175 46.0514 41.0893 9.71021 31.3791 22.6599
internal_count=163284 26592 25441 23467 17588 7322 10266 6812
is_linear=0
shrinkage=0.0750466


Tree=354
num_leaves=9
num_cat=0
split_feature=12 7 84 51 20 0 135 24
split_gain=0.952704 3.64435 2.16297 3.14651 3.10574 5.52619 4.88627 4.009
threshold=5.5000000000000009 2050.3150000000005 2.5000000000000004 2.5000000000000004 48105.080000000009 28166114.000000004 -1505.9999999999998 4.5000000000000009
decision_type=2 2 2 2 2 2 10 2
left_child=1 -1 -2 4 7 -6 -7 -4
right_child=2 -3 3 -5 5 6 -8 -9
leaf_value=-0.0091014575006967031 0.001851233534226637 0.0058131916227569542 0.0034798945957158498 -0.062545625268717209 -0.050104670569160903 0.00083021315379923962 0.13165289517187762 -0.027300147078036036
leaf_weight=237.65632634161739 1199.7318840902631 150.82658442269894 53.953841781125448 5.8687978939497034 2.9605634298750356 2.892581829763003 3.6205929755506077 42.687373751707582
leaf_count=5149 103505 2100 12806 5824 2822 1987 3368 25723
internal_value=-4.65897e-05 -0.00331092 0.000920187 -0.00905453 -0.00609615 0.0349097 0.0735529 -0.010116
internal_weight=1700.2 388.483 1311.72 111.984 106.115 9.47374 6.51317 96.6412
internal_count=163284 7249 156035 52530 46706 8177 5355 38529
is_linear=0
shrinkage=0.0750466


Tree=355
num_leaves=9
num_cat=0
split_feature=11 83 135 135 135 127 151 135
split_gain=1.10942 3.58169 4.42459 3.70157 3.63268 3.57937 7.31604 6.03703
threshold=318.30500000000006 5324.8300000000008 -1505.9999999999998 -1171.4999999999998 -927.99999999999989 510.50000000000006 1.5000000000000002 -1355.4999999999998
decision_type=2 2 8 10 8 8 10 8
left_child=1 4 -3 -4 -1 6 -2 -7
right_child=5 2 3 -5 -6 7 -8 -9
leaf_value=0.0040638593588621427 -0.0076483316831286608 -0.028219186331780576 0.013759077023951001 -0.015943838137062669 -0.0044125584695952373 -0.013246966418044402 0.044891392628910676 0.0079097512868608402
leaf_weight=646.86377076714052 28.028869092653622 58.003494664298159 44.808930612294716 49.991184072025135 508.66630474584235 117.69042103519359 31.931730002697805 214.23140685086355
leaf_count=23024 6113 7350 3666 5038 11589 36140 8238 62126
internal_value=-4.6187e-05 -0.00109535 -0.0118933 -0.00190424 0.000332526 0.00345655 0.0203314 0.000408157
internal_weight=1700.22 1308.33 152.804 94.8001 1155.53 391.882 59.9606 331.922
internal_count=163284 50667 16054 8704 34613 112617 14351 98266
is_linear=0
shrinkage=0.0750466


Tree=356
num_leaves=9
num_cat=0
split_feature=25 16 16 120 137 72 120 137
split_gain=1.01009 5.34205 7.48648 6.86288 4.55373 4.84512 6.02127 4.02263
threshold=1.0000000180025095e-35 -176.96999999999997 -1.0000000180025095e-35 105570.00000000001 15235.610000000002 1.0000000180025095e-35 588362.69500000007 5971.2200000000012
decision_type=2 2 2 10 10 2 10 8
left_child=-1 4 3 -3 7 6 -6 -2
right_child=1 2 -4 -5 5 -7 -8 -9
leaf_value=-0.0010966328807840253 -0.011413313069157278 0.059727763521580761 0.0033756274780237295 0.0055286338277434656 -0.013286456419927675 -0.04406971185654357 0.10009705456237188 0.017668571163018995
leaf_weight=1278.8818818392347 59.017880684303236 28.894267036628207 202.39948162581641 24.159502859798522 23.58902492777543 31.672997579221374 2.9699640396606801 49.050087774332496
leaf_count=48497 5200 3469 66960 4345 18314 5979 2448 8072
internal_value=-4.63204e-05 0.00313854 0.00995323 0.0350467 -0.00732949 -0.024247 -0.000607324 0.00178643
internal_weight=1700.64 421.753 255.453 53.0538 166.3 58.232 26.559 108.068
internal_count=163284 114787 74774 7814 40013 26741 20762 13272
is_linear=0
shrinkage=0.0750466


Tree=357
num_leaves=9
num_cat=0
split_feature=50 138 22 22 81 138 138 22
split_gain=0.894339 2.47255 4.04541 5.15666 1.68441 1.2429 1.10659 4.1865
threshold=1.0000000180025095e-35 -1.0000000180025095e-35 19850.095000000005 65850.970000000016 69044.115000000005 -1.0000000180025095e-35 1513.9350000000002 -9370.4499999999989
decision_type=2 10 2 2 2 8 8 2
left_child=5 -2 -3 -4 -5 -1 -7 -8
right_child=1 2 3 4 -6 6 7 -9
leaf_value=-0.010855401151798085 0.026600958335753825 -0.051782504239562023 0.10607792110225814 0.014848831634317135 -0.075169448215400225 0.0033454318480047296 0.0088507240679661613 -0.0030743566229482259
leaf_weight=55.6735867954485 6.4818925540166701 12.926796284562444 2.478071768569861 2.4752965553889226 2.2212592334244619 533.98438963537046 204.2819874883362 880.21007765722925
leaf_count=1976 269 2382 1579 2475 4330 17932 9534 122807
internal_value=-4.72097e-05 -0.0137042 -0.026701 0.0184892 -0.0277258 0.000169646 0.000548894 -0.000828071
internal_weight=1700.73 26.5833 20.1014 7.17463 4.69656 1674.15 1618.48 1084.49
internal_count=163284 11035 10766 8384 6805 152249 150273 132341
is_linear=0
shrinkage=0.0750466


Tree=358
num_leaves=9
num_cat=0
split_feature=80 64 63 116 83 97 81 120
split_gain=1.0725 4.51978 4.38463 7.68764 10.6423 6.89673 5.71303 5.5438
threshold=2.5000000000000004 1745.0100000000002 1.0000000180025095e-35 12981.150000000003 92470.055000000008 85.500000000000014 15997.960000000001 154836.00000000003
decision_type=2 2 2 8 2 2 2 10
left_child=1 -1 6 7 5 -5 -2 -4
right_child=2 -3 3 4 -6 -7 -8 -9
leaf_value=0.00044725197470836482 0.027988223797971161 -0.014672996032695068 -0.018979724107944851 0.095674672280985737 -0.035521660382899646 0.012161886755122494 -0.012697190563093382 0.020472482218809627
leaf_weight=1337.8406397613517 23.971654974813646 121.45036976129859 36.084795904063867 17.246802545607355 7.0426559884663211 8.2253880604284841 102.77662157107716 45.170329246727761
leaf_count=70025 1504 36427 9385 4268 3182 3091 18462 16940
internal_value=-4.58395e-05 -0.00081114 0.00459745 0.0152924 0.0461313 0.068707 -0.00500244 0.00295205
internal_weight=1699.81 1459.29 240.518 113.77 32.5148 25.4722 126.748 81.2551
internal_count=163284 106452 56832 36866 10541 7359 19966 26325
is_linear=0
shrinkage=0.0750466


Tree=359
num_leaves=9
num_cat=0
split_feature=11 52 6 123 24 83 149 6
split_gain=1.0354 3.98852 12.944 14.7657 6.41237 5.26235 3.47049 7.09585
threshold=318.30500000000006 1.0000000180025095e-35 76.500000000000014 1.0000000180025095e-35 1.0000000180025095e-35 3873.2450000000003 1714.5000000000002 40.500000000000007
decision_type=2 2 2 10 2 2 8 2
left_child=1 -1 3 -3 -4 -5 7 -2
right_child=6 2 4 5 -6 -7 -8 -9
leaf_value=-0.0020204371376287495 0.012847571593154975 0.13441045068021362 0.018756999627828893 0.047078617153695324 -0.050456292851966816 -0.020270899808996448 0.0078098932149111488 -0.024992922998122693
leaf_weight=1240.9675954956456 51.163946141229644 8.4118979406339331 13.773204049823109 16.721549293393767 16.654819945602867 10.724430290836606 279.81405609791227 61.405954288066823
leaf_count=28864 11954 1330 2338 4398 9282 4455 83683 16980
internal_value=-4.75848e-05 -0.00106239 0.0168736 0.0474228 -0.019127 0.020762 0.00333331 -0.00779411
internal_weight=1699.64 1307.25 66.2859 35.8579 30.428 27.446 392.384 112.57
internal_count=163284 50667 21803 10183 11620 8853 112617 28934
is_linear=0
shrinkage=0.0750466


Tree=360
num_leaves=9
num_cat=0
split_feature=27 30 104 63 27 22 24 116
split_gain=0.981209 4.58131 3.82685 7.13021 2.92756 3.93994 10.3158 2.56769
threshold=29.500000000000004 7.5000000000000009 5923.6500000000005 1.0000000180025095e-35 23.500000000000004 34410.730000000003 3.5000000000000004 400.57500000000005
decision_type=2 2 2 2 2 2 2 8
left_child=4 2 7 -4 -1 -6 -7 -2
right_child=1 -3 3 -5 5 6 -8 -9
leaf_value=-0.00018848613695644987 -0.060114884375386972 0.041946971160515094 0.116871709643685 -0.050693957504888948 0.0075249509471574877 0.1544904135381541 -0.027886371220790584 -0.0082797053668005448
leaf_weight=1638.4392849915207 13.717507740161636 6.9967476497049566 2.7233027627762558 3.011988718354587 19.489264272043332 3.9062830078601101 3.1595624626143035 8.8574018043709692
leaf_count=137730 3926 4236 1609 3100 4003 1757 3242 3681
internal_value=-5.03888e-05 -0.0124305 -0.0258697 0.0288717 0.000212137 0.0249304 0.0729388 -0.039777
internal_weight=1700.3 35.3069 28.3102 5.73529 1664.99 26.5551 7.06585 22.5749
internal_count=163284 16552 12316 4709 146732 9002 4999 7607
is_linear=0
shrinkage=0.0750466


Tree=361
num_leaves=9
num_cat=0
split_feature=5 147 5 141 147 120 120 150
split_gain=0.933413 4.60325 3.55101 2.81717 3.00853 4.23002 2.4838 1.93263
threshold=67.500000000000014 -2974.2299999999996 63.500000000000007 1.5250000000000001 -9242.2649999999976 154836.00000000003 253368.00000000003 7173.1900000000014
decision_type=2 10 2 8 10 10 8 10
left_child=2 3 7 4 5 -2 -4 -1
right_child=1 -3 6 -5 -6 -7 -8 -9
leaf_value=-0.0017100544910340838 0.015689166411558309 0.020898054732104761 0.025859362619443844 -0.0017108733699882177 -0.044528467949508148 -0.033328291506225675 0.0029365174949290518 0.0056362077190959146
leaf_weight=1174.0782529560938 18.642616138140511 31.241796562546369 50.352573865387967 82.012616691662515 22.880139169988979 21.179887356244762 56.48767317929105 243.51942460849659
leaf_count=73402 2417 1159 3234 3361 1600 4168 4419 69524
internal_value=-5.10996e-05 -0.0052265 0.000546267 -0.0108664 -0.0228415 -0.0103811 0.0137398 -0.00044809
internal_weight=1700.39 175.957 1524.44 144.715 62.7026 39.8225 106.84 1417.6
internal_count=163284 12705 150579 11546 8185 6585 7653 142926
is_linear=0
shrinkage=0.0750466


Tree=362
num_leaves=9
num_cat=0
split_feature=27 4 5 52 81 126 106 5
split_gain=0.926724 3.456 3.38298 10.2166 4.91015 6.59605 3.95206 3.88178
threshold=2.5000000000000004 1.0000000180025095e-35 43.500000000000007 1.0000000180025095e-35 35190.005000000012 3.5550000000000002 22345.650000000005 39.500000000000007
decision_type=2 2 2 2 2 8 2 2
left_child=-1 2 3 4 -2 -6 7 -5
right_child=1 -3 -4 6 5 -7 -8 -9
leaf_value=0.0011924061462808778 0.0018283885953975594 0.027766045394671202 -0.0086579683168703774 -0.056518389185409836 0.054369297357508735 0.0049342007905601101 0.062831424783815981 0.0056504980903541351
leaf_weight=1131.7216158452406 135.14057579414475 20.456453913869154 318.51892216291981 23.913100924937684 27.90163250387468 33.395052959941495 2.1736688393157229 7.4090342169629357
leaf_count=39151 8493 3207 66518 24973 4772 4301 3116 8753
internal_value=-4.96822e-05 -0.00252055 -0.0036502 0.00328691 0.00981921 0.0274366 -0.035022 -0.0418128
internal_weight=1700.63 568.908 548.452 229.933 196.437 61.2967 33.4958 31.3221
internal_count=163284 124133 120926 54408 17566 9073 36842 33726
is_linear=0
shrinkage=0.0750466


Tree=363
num_leaves=9
num_cat=0
split_feature=13 105 0 6 105 116 149 105
split_gain=0.953914 0.910432 3.89878 10.5192 6.19255 4.80946 4.30772 3.82346
threshold=1.5000000000000002 1.5000000000000002 42644405.000000007 105.50000000000001 3.5000000000000004 77957.780000000013 3839.0000000000005 1.0000000180025095e-35
decision_type=2 2 2 2 2 8 10 2
left_child=1 7 3 -3 -5 -4 -6 -1
right_child=-2 2 5 4 6 -7 -8 -9
leaf_value=-0.00010369685502321722 -0.013339926256262759 0.089441367977573738 -0.046807963933859144 -0.051978500025344002 -0.02173862586918272 0.020731303868456584 0.087157240802362632 0.022075065647585268
leaf_weight=1568.7665385413411 29.884823671774939 7.156598790108549 21.324268935934924 11.606539749432615 4.0505948417967357 8.2297865061973443 4.1338798413444238 45.033459868904174
leaf_count=126709 829 2251 9016 5707 1709 1159 2911 12993
internal_value=-5.04084e-05 0.000187366 -0.00917641 0.0114685 -0.0167272 -0.0280006 0.0332634 0.000515207
internal_weight=1700.19 1670.3 56.5017 26.9476 19.791 29.5541 8.18447 1613.8
internal_count=163284 162455 22753 12578 10327 10175 4620 139702
is_linear=0
shrinkage=0.0750466


Tree=364
num_leaves=9
num_cat=0
split_feature=82 137 16 31 20 97 97 20
split_gain=0.952956 3.72039 4.10517 3.26517 3.02215 3.0329 1.52804 12.5368
threshold=6.5000000000000009 60464.195000000007 -1.0000000180025095e-35 11362.030000000001 16705.170000000002 77.500000000000014 147.50000000000003 3.8350000000000004
decision_type=2 8 2 2 2 2 2 2
left_child=6 3 -3 4 -2 -6 -1 -8
right_child=1 2 -4 -5 5 -7 7 -9
leaf_value=-7.2955754563456919e-05 -0.047381516242779795 0.05585705637315632 -0.022773360679373505 0.029022923057489859 -0.039517373523157408 0.052228448171105252 0.056335684718850268 -0.034355642182631492
leaf_weight=1614.3177214739121 22.196355178834896 8.4468846825284327 6.710065050458069 5.6641256071266062 4.0785283010209223 4.0388820829966789 19.223360767625309 15.511439758636241
leaf_count=131991 7922 2636 3376 2991 2516 2129 3487 6236
internal_value=-5.07275e-05 -0.0101404 0.0210469 -0.0232792 -0.0330518 0.00613149 0.00026214 0.0158359
internal_weight=1700.19 51.1348 15.1569 35.9779 30.3138 8.11741 1649.05 34.7348
internal_count=163284 21570 6012 15558 12567 4645 141714 9723
is_linear=0
shrinkage=0.0750466


Tree=365
num_leaves=9
num_cat=0
split_feature=12 5 12 104 5 104 151 5
split_gain=0.901779 3.28159 4.98066 1.95912 3.52417 3.43626 4.97669 5.49619
threshold=5.5000000000000009 49.500000000000007 4.5000000000000009 21172.650000000005 36.500000000000007 5923.6500000000005 18.500000000000004 49.500000000000007
decision_type=2 2 2 2 2 2 8 2
left_child=1 2 -1 5 -5 -2 7 -7
right_child=3 -3 -4 4 -6 6 -8 -9
leaf_value=0.013514962225201493 0.00079425556648335014 -0.011879508835876398 -0.0082362470174046753 -0.038516858652981975 -0.0016835595861951114 0.027273451577988293 0.055980286336560707 -0.032732857961349428
leaf_weight=114.71728629260906 1178.1638706808631 150.92653045542829 122.71210131414409 19.186150734231433 61.60332223391697 23.632509221184591 15.578444854219923 13.511744386175449
leaf_count=1625 99368 2525 3099 9809 30210 9588 2997 4063
internal_value=-5.0477e-05 -0.00322699 0.00227315 0.000890012 -0.0104309 0.00163306 0.0203773 0.00544531
internal_weight=1700.03 388.356 237.429 1311.68 80.7895 1230.89 52.7227 37.1443
internal_count=163284 7249 4724 156035 40019 116016 16648 13651
is_linear=0
shrinkage=0.0750466


Tree=366
num_leaves=9
num_cat=0
split_feature=10 125 151 74 81 129 31 115
split_gain=0.963237 4.94955 3.36981 5.03366 4.27207 6.39654 2.75224 2.53394
threshold=-3005.3049999999998 -1.0000000180025095e-35 4.5000000000000009 582.92500000000007 56108.485000000008 40.500000000000007 37420.92500000001 1678.7950000000003
decision_type=2 10 10 2 2 8 2 8
left_child=1 2 7 -4 5 -5 -6 -1
right_child=-2 -3 3 4 6 -7 -8 -9
leaf_value=-0.054198243316540884 0.0003458361177437339 0.048036596387649823 0.058117130917106727 -0.038642937475433806 -0.061926539764417039 0.050740774343170578 0.017103710688312259 -0.012060652365429747
leaf_weight=15.516127578086069 1620.8126492353849 7.9528532862459533 6.9914805993057589 8.0119691795539456 10.65566647709238 10.313466079632688 3.2352855150083988 16.675475976146572
leaf_count=3295 136692 1593 1970 3713 7671 2542 2259 3549
internal_value=-4.94079e-05 -0.00812247 -0.0143778 0.0003953 -0.0121313 0.0116618 -0.0435199 -0.0323707
internal_weight=1700.16 79.3523 71.3995 39.2079 32.2164 18.3254 13.891 32.1916
internal_count=163284 26592 24999 18155 16185 6255 9930 6844
is_linear=0
shrinkage=0.0750466


Tree=367
num_leaves=9
num_cat=0
split_feature=147 104 104 11 22 7 131 131
split_gain=1.01025 4.99461 5.68549 10.1509 6.31015 3.88743 6.43127 7.08302
threshold=-31205.244999999999 39921.000000000007 2404.6500000000005 1683.4950000000001 34410.730000000003 886.22500000000014 1.0000000180025095e-35 568.90500000000009
decision_type=8 2 2 2 2 2 10 10
left_child=1 2 5 4 -4 -1 -7 -8
right_child=-2 -3 3 -5 -6 6 7 -9
leaf_value=0.0052191753131026501 0.0005614721729016222 -0.059641905440536339 0.037168649727981312 0.13069139451371453 -0.061549703592852528 -0.035580649120993783 0.071140114789532388 -0.015658223534885642
leaf_weight=65.900098265703036 1529.5715045656093 9.0941710718593622 11.620912654014324 4.7150761770462841 5.3144789518764801 49.069498254895279 7.6905050101486294 16.997923569175327
leaf_count=15432 109150 9100 4374 3855 4209 8910 2332 5922
internal_value=-4.9158e-05 -0.00553031 -0.00247963 0.0333041 0.00618994 -0.008027 -0.019862 0.0113797
internal_weight=1699.97 170.403 161.308 21.6505 16.9354 139.658 73.7579 24.6884
internal_count=163284 54134 45034 12438 8583 32596 17164 8254
is_linear=0
shrinkage=0.0750466


Tree=368
num_leaves=9
num_cat=0
split_feature=107 20 135 72 151 107 147 127
split_gain=0.965178 2.95128 6.41289 4.365 4.09975 6.84387 8.37782 4.50648
threshold=12.500000000000002 1.0000000180025095e-35 -1840.4999999999998 3193.5000000000005 9.5000000000000018 66.500000000000014 -140209.23499999996 510.50000000000006
decision_type=2 2 10 2 10 2 10 10
left_child=-1 3 -3 -2 -4 -6 -7 -8
right_child=1 2 4 -5 5 6 7 -9
leaf_value=0.0023820553890396851 -0.0032674101044437814 -0.015633539623916764 0.01141365931160331 -0.03474055941591158 0.051331759478510562 0.076791636412819303 0.031691361039032896 -0.040657706843818461
leaf_weight=596.22752852499252 646.02834661688075 80.474469337957089 294.49884619006616 25.809407964863567 8.5377539558685367 4.4303163106956154 5.5517663907085071 38.293153355365121
leaf_count=7521 65353 10767 51507 1610 836 3190 1706 20794
internal_value=-5.08966e-05 -0.00136529 0.00347558 -0.00447649 0.00785288 -0.010605 -0.0215588 -0.0314967
internal_weight=1699.85 1103.62 431.786 671.838 351.312 56.813 48.2752 43.8449
internal_count=163284 155763 88800 66963 78033 26526 25690 22500
is_linear=0
shrinkage=0.0750466


Tree=369
num_leaves=9
num_cat=0
split_feature=10 60 81 128 7 23 16 146
split_gain=0.888642 2.59356 2.99536 3.42862 2.16418 2.14895 2.39767 1.77438
threshold=-3005.3049999999998 1339.6050000000002 69044.115000000005 694.53000000000009 -1155.8299999999997 1.5000000000000002 -985.6149999999999 1.0000000180025095e-35
decision_type=2 2 2 8 2 2 2 10
left_child=1 2 4 -4 5 6 -1 -2
right_child=7 -3 3 -5 -6 -7 -8 -9
leaf_value=0.032132426686197521 -0.00028121788909315571 -0.048261224598656581 0.02551222599369506 -0.051438304547933945 0.032547105644615985 -0.027341324164912913 -0.011927856671915711 0.010460900086486093
leaf_weight=13.247003867975762 1528.7937313474681 8.0260570549094137 4.4395294976361601 12.284899492716248 12.614706718025444 13.651571021412108 14.647105294530776 91.802541625163485
leaf_count=1701 126036 5076 2730 8038 3325 2627 3095 10656
internal_value=-5.13775e-05 -0.00782819 -0.00325009 -0.0310116 0.00532252 -0.0029438 0.00899652 0.000327295
internal_weight=1699.51 78.9109 70.8848 16.7244 54.1604 41.5457 27.8941 1620.6
internal_count=163284 26592 21516 10768 10748 7423 4796 136692
is_linear=0
shrinkage=0.0750466


Tree=370
num_leaves=9
num_cat=0
split_feature=11 127 109 107 107 139 39 127
split_gain=0.959215 3.11004 7.48749 10.0822 3.16072 3.02563 3.09776 4.05329
threshold=318.30500000000006 510.50000000000006 1.0000000180025095e-35 116.50000000000001 59.500000000000007 456.87500000000006 1.0000000180025095e-35 6448.5000000000009
decision_type=2 8 2 2 2 10 2 10
left_child=-1 2 -2 4 -4 6 7 -3
right_child=1 5 3 -5 -6 -7 -8 -9
leaf_value=-0.0010271374688812422 0.061616730199877796 0.0033484442402505585 0.00060925749363603156 0.066893032806716671 -0.046753352387296825 -0.026438324407123702 -0.018426506108117292 0.056012454248741468
leaf_weight=1306.6041465288158 16.691690501194898 265.21143437024602 20.884663226184784 10.481661287054974 12.798602516108074 22.171295741120957 36.027459477614229 8.4944065965919417
leaf_count=50667 2312 70521 2358 5329 4352 9203 15665 2877
internal_value=-4.95902e-05 0.00320243 0.018798 0.00261512 -0.0173871 0.000342888 0.00225994 0.00498286
internal_weight=1699.37 392.761 60.8566 44.1649 33.6833 331.905 309.733 273.706
internal_count=163284 112617 14351 12039 6710 98266 89063 73398
is_linear=0
shrinkage=0.0750466


Tree=371
num_leaves=9
num_cat=0
split_feature=109 64 11 28 64 22 6 4
split_gain=0.935154 3.51693 4.94427 5.65406 4.406 2.82055 3.12273 3.01381
threshold=1.0000000180025095e-35 1745.0100000000002 180.44000000000003 28503.825000000004 13076.395000000002 409658.84500000003 227.50000000000003 1.0000000180025095e-35
decision_type=2 2 2 2 2 2 2 2
left_child=1 -1 -3 4 -4 7 -7 -2
right_child=5 2 3 -5 -6 6 -8 -9
leaf_value=-0.00048531568158755701 0.0039787115418192433 -0.051562276212032375 0.038972261466701907 -0.058020943116967247 -0.019723493074877217 -0.046382725675325663 0.034867459185828849 -0.013016612998877748
leaf_weight=870.71023805651976 692.74572773852378 18.557517215816915 15.451781864736406 8.4949416272374929 13.491618143074446 12.65347480296896 3.3745672043123696 64.212119039983918
leaf_count=31315 102014 1191 3703 5957 3729 8548 2510 4317
internal_value=-5.00453e-05 -0.00165773 -0.0198883 -0.0041881 0.0116119 0.00187736 -0.0292762 0.00253701
internal_weight=1699.69 926.706 55.9959 37.4383 28.9434 772.986 16.028 756.958
internal_count=163284 45895 14580 13389 7432 117389 11058 106331
is_linear=0
shrinkage=0.0750466


Tree=372
num_leaves=9
num_cat=0
split_feature=113 8 8 72 150 113 149 81
split_gain=0.900008 6.6008 1.95196 10.0101 5.19288 8.01313 7.05121 4.46
threshold=-2054.4999999999995 12961.865000000002 14788.655000000001 387.90500000000003 4363.6450000000013 -440.49999999999994 3075.5000000000005 8797.7650000000012
decision_type=8 2 2 2 8 8 10 2
left_child=1 -1 -2 4 5 6 -4 -5
right_child=2 -3 3 7 -6 -7 -8 -9
leaf_value=-0.021428235995864867 0.0023598597433692097 0.026271624948827579 -0.018437909679351206 -0.0033455691946502539 0.0248445697608639 -0.066137875759133616 0.065717084917596438 -0.019250468478217091
leaf_weight=57.246667615704609 1009.6011363000998 22.86486923260145 14.456796705050694 343.52956044001439 93.335795318574583 9.9319105209633545 9.1606517100590263 139.66738465433536
leaf_count=7685 79503 4298 4248 11396 30705 2763 3328 19358
internal_value=-4.94029e-05 -0.00781408 0.000334648 -0.0030168 0.0157423 -0.00958043 0.0142038 -0.00794286
internal_weight=1699.79 80.1115 1619.68 610.082 126.885 33.5494 23.6174 483.197
internal_count=163284 11983 151301 71798 41044 10339 7576 30754
is_linear=0
shrinkage=0.0750466


Tree=373
num_leaves=9
num_cat=0
split_feature=10 126 147 116 137 127 0 137
split_gain=0.890764 4.10163 7.41398 10.9232 5.40228 4.09119 4.34661 3.93991
threshold=1.0000000180025095e-35 171.14500000000001 -19379.904999999995 4923.1550000000016 13570.625000000002 510.50000000000006 56872981.500000007 -1.0000000180025095e-35
decision_type=2 8 8 8 8 8 2 8
left_child=7 2 3 -2 -4 -3 -7 -1
right_child=1 5 4 -5 -6 6 -8 -9
leaf_value=-0.029926701167041589 0.1042618881056503 -0.013194293931139276 0.018029283177460959 0.007844233825674448 -0.022318423970945408 -0.0010253693658180494 0.01459857560863722 -0.00085087202076381593
leaf_weight=27.124921498814729 11.620836409067122 117.50485865563678 53.93075731814497 15.370273958762484 28.601407898097932 509.28336822713936 124.8725506406463 811.1683570751934
leaf_count=1665 2081 4993 3401 5674 3165 17464 2990 121851
internal_value=-5.02642e-05 0.00164487 0.015213 0.0493562 0.00404684 -0.000332112 0.00205116 -0.00179169
internal_weight=1699.48 861.184 109.523 26.9911 82.5322 751.661 634.156 838.293
internal_count=163284 39768 14321 7755 6566 25447 20454 123516
is_linear=0
shrinkage=0.0750466


Tree=374
num_leaves=9
num_cat=0
split_feature=9 140 140 138 107 116 107 39
split_gain=0.939406 6.5475 4.08387 6.48801 7.69425 6.16581 3.09285 1.51684
threshold=3165.5400000000004 5236.5900000000011 15822.210000000001 97358.630000000019 79.500000000000014 2777.4150000000004 171.50000000000003 11730.585000000001
decision_type=2 8 8 10 2 8 2 2
left_child=7 -2 -3 4 -4 -6 -5 -1
right_child=1 2 3 6 5 -7 -8 -9
leaf_value=-4.1563829981402869e-05 0.039796249139537332 -0.037996171729336545 -0.008705486210379627 -0.076292284124940907 0.013874715756790704 0.11009210108675392 0.0027932184505254929 -0.013068988089487862
leaf_weight=1559.5284924068069 25.212042578946239 16.158881738225318 19.893332376159378 6.6583261865644072 7.4265882383406296 7.5788800889340528 4.7874980766637236 52.015683789047216
leaf_count=129350 2227 2636 1108 1889 2090 2584 3498 17902
internal_value=-5.03832e-05 0.0075129 -0.00550924 0.00581792 0.0218986 0.0624717 -0.0432128 -0.000462049
internal_weight=1699.26 87.7155 62.5035 46.3446 34.8988 15.0055 11.4458 1611.54
internal_count=163284 16032 13805 11169 5782 4674 5387 147252
is_linear=0
shrinkage=0.0750466


Tree=375
num_leaves=9
num_cat=0
split_feature=148 18 112 142 127 112 112 112
split_gain=0.867015 7.0887 9.10216 1.43141 4.13305 6.02861 4.01077 4.33641
threshold=5.9250000000000007 3102.7650000000003 720815.33500000008 1245067.9450000001 2528.5000000000005 1348452.2050000003 933800.96000000008 3346199.5050000004
decision_type=10 2 8 10 8 10 10 10
left_child=3 -2 -3 6 -5 -6 -1 -8
right_child=1 2 -4 4 5 -7 7 -9
leaf_value=-0.0004236742670961389 0.065822616378688276 -0.045599092253843426 0.062012946682972948 -0.045659921676911026 -0.040162473434052333 0.029647609132671515 0.057801985880157787 0.00025222720419534195
leaf_weight=1594.9690405288893 9.601597286047765 14.264865781339724 6.4185896416729511 14.980927217760835 11.329945669821429 18.091951868633259 13.988161712682997 15.595234802528465
leaf_count=141710 552 4856 2378 1588 2788 4148 1935 3329
internal_value=-5.08349e-05 0.0125333 -0.0122044 -0.000279189 -0.0135731 0.00276476 8.41646e-05 0.027464
internal_weight=1699.24 30.2851 20.6835 1668.96 44.4028 29.4219 1624.55 29.5834
internal_count=163284 7786 7234 155498 8524 6936 146974 5264
is_linear=0
shrinkage=0.0750466


Tree=376
num_leaves=9
num_cat=0
split_feature=125 107 22 30 22 151 0 64
split_gain=0.920731 2.15774 6.73876 2.97844 1.10665 6.63339 7.74376 3.73585
threshold=-28173.074999999993 182.50000000000003 19850.095000000005 7.5000000000000009 239470.10500000001 5.5000000000000009 31507133.500000004 839.90500000000009
decision_type=8 2 2 2 2 10 2 2
left_child=1 3 -3 -1 -2 6 -6 -8
right_child=4 2 -4 -5 5 -7 7 -9
leaf_value=0.00025927156511927461 0.00050887845731729551 -0.053111277525553002 0.096813435356124022 -0.054446792228531306 0.0407791576371608 -0.061865718102673044 -0.054052438597009318 0.016640793050794904
leaf_weight=12.476974210188933 1623.0613981256251 3.2829388602622194 3.4765147325319958 10.176790485792479 17.211173678966588 11.099789467957633 11.971519787266518 6.4938921013263089
leaf_count=2470 128124 1494 3356 3150 5831 12270 2801 3788
internal_value=-5.09466e-05 -0.0132133 0.0239978 -0.0243164 0.000180901 -0.0111994 0.00456408 -0.0291911
internal_weight=1699.25 29.4132 6.75945 22.6538 1669.84 46.7764 35.6766 18.4654
internal_count=163284 10470 4850 5620 152814 24690 12420 6589
is_linear=0
shrinkage=0.0750466


Tree=377
num_leaves=9
num_cat=0
split_feature=63 127 24 116 18 55 24 127
split_gain=0.964955 8.75063 4.72868 7.3003 4.30435 4.9257 2.95557 6.29366
threshold=4.5000000000000009 610.50000000000011 21.500000000000004 1.0000000180025095e-35 41411.110000000008 1.5000000000000002 2.5000000000000004 2292.5000000000005
decision_type=2 8 2 8 2 2 2 10
left_child=-1 -2 4 -4 5 6 -3 -8
right_child=1 2 3 -5 -6 -7 7 -9
leaf_value=-0.00044194066605649114 0.069298656082801877 -0.027845330595674362 0.14226621007627185 -0.024157517603562152 -0.040477566364741591 0.053053326838574333 0.06564788253578227 -0.033840847353114198
leaf_weight=1621.5579587437128 11.258265814083641 19.795309981345781 3.0626363307383135 2.8808141779418293 17.063464898882557 9.1122912616910963 7.3091649737357312 7.0210389960620887
leaf_count=131763 3572 2608 2368 2289 12578 3382 2019 2705
internal_value=-5.09441e-05 0.00812969 -0.00226595 0.0616 -0.00856075 0.00403498 -0.00905404 0.0169037
internal_weight=1699.06 77.503 66.2447 5.94345 60.3013 43.2378 34.1255 14.3302
internal_count=163284 31521 27949 4657 23292 10714 7332 4724
is_linear=0
shrinkage=0.0750466


Tree=378
num_leaves=9
num_cat=0
split_feature=46 115 9 129 113 113 136 140
split_gain=0.915565 4.97867 5.44062 2.49033 2.86449 2.13234 2.02018 1.20166
threshold=1.0000000180025095e-35 1.0000000180025095e-35 740.52500000000009 1.0000000180025095e-35 -624.49999999999989 -1263.4999999999998 204.00000000000003 3519.0050000000006
decision_type=2 8 2 10 8 8 8 10
left_child=6 2 -2 -3 -5 -4 -1 -8
right_child=1 3 5 4 -6 -7 7 -9
leaf_value=0.020986177282862655 -0.032022192060174107 -0.039778923730570966 0.0018992371035976472 -0.030496235939147052 0.039455669254693779 0.038697667933657448 -0.0011537749675407517 0.0036657439817742495
leaf_weight=26.312721293888899 13.627012102276238 27.440483167707043 15.089415462990472 7.6512369063680126 5.7932653670109158 21.512490767642703 1196.6446674623003 385.13906130462374
leaf_count=1124 2633 4172 2171 3269 2523 3899 57531 85962
internal_value=-5.18881e-05 -0.00737028 0.00845678 -0.0268145 -0.000353807 0.0235272 0.000362768 1.97009e-05
internal_weight=1699.21 91.1139 50.2289 40.885 13.4445 36.6019 1608.1 1581.78
internal_count=163284 18667 8703 9964 5792 6070 144617 143493
is_linear=0
shrinkage=0.0750466


Tree=379
num_leaves=9
num_cat=0
split_feature=73 131 63 125 58 131 113 28
split_gain=0.976405 5.40989 2.74202 4.45507 4.72506 1.95429 5.64313 2.43137
threshold=12.500000000000002 3067.3950000000009 1.0000000180025095e-35 -28173.074999999993 3184.2150000000006 2633.3850000000007 -624.49999999999989 13327.210000000001
decision_type=2 10 2 10 2 10 10 2
left_child=5 2 -2 4 -4 -1 7 -7
right_child=1 -3 3 -5 -6 6 -8 -9
leaf_value=0.00076639918673767206 -0.037658526453365725 0.052258692802581212 -0.016747047443484785 -0.033501753679436572 0.07040798979202012 -0.015191174080483554 0.017477775556954674 -0.055582243584829924
leaf_weight=1587.5445174798415 22.649127942401719 6.9620346146839429 6.9518600360361233 13.267150065355963 7.0624257531162584 19.927747655243365 20.569031137926686 14.501451769498997
leaf_count=129002 5322 4038 2159 6762 3606 1769 5016 5610
internal_value=-5.01967e-05 -0.00971569 -0.018357 -0.00233289 0.0271743 0.000284586 -0.0136231 -0.0322037
internal_weight=1699.44 56.8926 49.9306 27.2814 14.0143 1642.54 54.9982 34.4292
internal_count=163284 21887 17849 12527 5765 141397 12395 7379
is_linear=0
shrinkage=0.0750466


Tree=380
num_leaves=9
num_cat=0
split_feature=83 64 83 18 151 24 24 83
split_gain=0.82959 4.85535 2.54332 6.4627 6.25963 3.60024 2.23367 2.22397
threshold=175657.12500000003 10202.01 92470.055000000008 18220.110000000004 2.5000000000000004 2.5000000000000004 4.5000000000000009 53371.560000000005
decision_type=2 2 2 2 10 2 2 2
left_child=2 -2 7 -4 -5 -6 -3 -1
right_child=1 6 3 4 5 -7 -8 -9
leaf_value=-0.00033214029008176327 0.034601229472604925 0.00027341115012719197 -0.058399444627124687 0.065123112124050739 0.022982366910551305 -0.075469676026561502 -0.076576625905258516 0.016575251324705803
leaf_weight=1597.3879288596277 18.550200443180987 4.8484297088780277 14.272610489718319 6.8503508796161432 3.7882774497957126 4.6716161189960985 3.7991514114346501 45.05227065573763
leaf_count=131076 4481 2263 2188 1801 1538 4146 2907 12884
internal_value=-4.96952e-05 0.0129518 -0.000261182 -0.0220702 0.011797 -0.0313836 -0.0334892 0.000131631
internal_weight=1699.22 27.1978 1672.02 29.5829 15.3102 8.45989 8.64758 1642.44
internal_count=163284 9651 153633 9673 7485 5684 5170 143960
is_linear=0
shrinkage=0.0750466


Tree=381
num_leaves=9
num_cat=0
split_feature=135 112 20 52 64 64 20 59
split_gain=0.873736 0.993094 6.0134 8.07697 4.50799 7.34502 3.73692 3.30125
threshold=-136.99999999999997 228031.20000000004 16705.170000000002 16685.650000000005 1.0000000180025095e-35 9022.4400000000023 203.56500000000003 1.0000000180025095e-35
decision_type=10 10 2 2 2 2 2 2
left_child=1 6 -3 4 -4 -6 -1 -8
right_child=-2 2 3 -5 5 -7 7 -9
leaf_value=0.0027430074131456115 -0.013832238982334469 -0.0068144686438245065 0.014519767132751138 -0.047070859927389387 0.11691607714947433 0.015631283776904901 -0.011848027411565015 0.028119508441386745
leaf_weight=1121.0387459199123 25.514214657849152 329.4177575712697 22.880403759161709 7.9462455923526241 8.0728757106371649 8.0568300305440044 163.84157824949671 12.529326868008409
leaf_count=71235 2162 39040 2856 11367 1534 3368 27366 4356
internal_value=-4.92086e-05 0.000160892 -0.00323305 0.021892 0.0359395 0.0663241 0.00114546 -0.00900875
internal_weight=1699.3 1673.78 376.374 46.9564 39.0101 16.1297 1297.41 176.371
internal_count=163284 161122 58165 19125 7758 4902 102957 31722
is_linear=0
shrinkage=0.0750466


Tree=382
num_leaves=9
num_cat=0
split_feature=8 20 127 127 97 18 63 127
split_gain=0.879777 2.8587 6.60335 6.15302 5.1565 2.21469 1.75294 7.14427
threshold=-8804.7999999999975 55.415000000000006 510.50000000000006 753.50000000000011 28.500000000000004 9395.760000000002 4.5000000000000009 610.50000000000011
decision_type=2 2 10 10 2 2 2 8
left_child=1 2 -1 -3 -4 -5 -2 -8
right_child=6 3 4 5 -6 -7 7 -9
leaf_value=0.020639415002244456 -0.0010300557184810531 -0.02376338640728029 -0.046464241306762487 0.086766695988068923 0.0085676638387812819 0.030988475285410974 0.066907949725143689 0.00099303879077033063
leaf_weight=41.414802236046853 1521.8511992128642 8.2328436316693132 21.92865467457068 7.2434874373057054 17.041471536343124 8.9784390450722622 10.903707546527128 61.465568946515305
leaf_count=3196 118246 1478 2956 1115 3483 4415 3166 25229
internal_value=-4.94645e-05 0.00660977 -0.000225358 0.0290774 -0.022399 0.0558948 -0.000487391 0.0109243
internal_weight=1699.06 104.84 80.3849 24.4548 38.9701 16.2219 1594.22 72.3693
internal_count=163284 16643 9635 7008 6439 5530 146641 28395
is_linear=0
shrinkage=0.0750466


Tree=383
num_leaves=9
num_cat=0
split_feature=27 20 20 20 131 106 11 131
split_gain=0.908609 3.6633 5.69979 4.95416 5.12615 6.11885 5.71107 4.38378
threshold=2.5000000000000004 3581.3600000000001 419.75000000000006 26626.215000000004 475.06500000000005 3577.6500000000005 596.98500000000013 1378.2750000000003
decision_type=2 2 2 2 8 2 2 8
left_child=-1 2 -2 7 5 6 -5 -3
right_child=1 3 -4 4 -6 -7 -8 -9
leaf_value=0.0011805809414855764 -0.0031571631763380958 0.01839985749957377 -0.038516154493689558 0.025409361901656526 -0.045894073474427505 0.086005941451126999 -0.034632567170119845 0.079893689649286573
leaf_weight=1131.0520093608816 446.35036022687746 32.846168468272936 27.242714269256794 19.504745716261823 12.602315440375603 5.0706094430106523 16.444384450151119 8.1487948867629694
leaf_count=39151 75049 9848 7657 3733 8860 4255 11651 3080
internal_value=-4.94109e-05 -0.00249777 -0.00519113 0.0109835 -0.0040315 0.00882976 -0.00205591 0.0306233
internal_weight=1699.26 568.21 473.593 94.617 53.6221 41.0197 35.9491 40.995
internal_count=163284 124133 82706 41427 28499 19639 15384 12928
is_linear=0
shrinkage=0.0750466


Tree=384
num_leaves=9
num_cat=0
split_feature=105 147 74 8 74 105 116 113
split_gain=0.898124 4.50806 7.33834 4.06704 3.44987 3.09584 6.80463 3.12743
threshold=1.5000000000000002 -15710.014999999998 744.69000000000017 6800.3600000000015 1213.8100000000002 1.0000000180025095e-35 1.0000000180025095e-35 -379.49999999999994
decision_type=2 10 2 2 2 2 8 8
left_child=5 2 3 -2 -3 -1 -7 -8
right_child=1 4 -4 -5 -6 6 7 -9
leaf_value=-0.00028399431498289771 0.012068455235598479 -0.064165908894101731 -0.02861656546146139 0.08374111183166448 0.0011473992711119273 0.044614590572573977 -0.044784751466364209 0.014671003113183711
leaf_weight=1596.1913719544955 12.33574374428372 11.773504167355897 18.006952428429486 6.9831061019694962 7.4285272223387429 26.167143201500949 9.4827712092937855 10.499602545167365
leaf_count=127538 3805 6559 8112 3111 1166 6427 4765 1801
internal_value=-5.00931e-05 -0.00935088 0.00584982 0.0379757 -0.0388987 0.000270031 0.0194323 -0.0135441
internal_weight=1698.87 56.5278 37.3258 19.3188 19.202 1642.34 46.1495 19.9824
internal_count=163284 22753 15028 6916 7725 140531 12993 6566
is_linear=0
shrinkage=0.0750466


Tree=385
num_leaves=9
num_cat=0
split_feature=82 0 147 112 97 97 25 103
split_gain=0.905616 3.63159 2.80516 3.55702 2.11562 3.8004 2.58193 1.55682
threshold=6.5000000000000009 17055618.500000004 -140209.23499999996 529449.63500000013 147.50000000000003 63.500000000000007 7648.2250000000013 5.5000000000000009
decision_type=2 2 10 8 2 2 2 2
left_child=7 -2 -3 4 5 6 -4 -1
right_child=1 2 3 -5 -6 -7 -8 -9
leaf_value=-9.3244043595972634e-05 0.044245474860577748 0.011705515100783801 0.0063703349460950218 -0.076669283309416497 -0.061417829796755155 0.034504153772669084 -0.064230495042691682 0.015570554444622884
leaf_weight=1611.5240969561796 6.1310291481540835 13.19263754493795 5.3071056871685958 7.00565639267188 4.6786669658026758 8.0303642126336836 6.4787125930583898 36.546432398429715
leaf_count=126032 2988 2407 1442 4094 2338 3594 4707 15682
internal_value=-5.01703e-05 -0.00991688 -0.0173469 -0.0295143 -0.0160277 -0.00531091 -0.0324392 0.000254105
internal_weight=1698.89 50.8242 44.6931 31.5005 24.4948 19.8162 11.7858 1648.07
internal_count=163284 21570 18582 16175 12081 9743 6149 141714
is_linear=0
shrinkage=0.0750466


Tree=386
num_leaves=9
num_cat=0
split_feature=96 56 20 8 8 84 74 145
split_gain=0.904168 4.06691 5.19971 4.5029 3.93449 6.57886 6.26607 6.89566
threshold=1.0000000180025095e-35 827.6500000000002 55.415000000000006 11254.315000000002 33046.075000000004 1.5000000000000002 280.82500000000005 5.5000000000000009
decision_type=2 2 2 2 2 2 2 10
left_child=1 2 -1 -4 -2 -6 -7 -8
right_child=4 -3 3 -5 5 6 7 -9
leaf_value=0.0018131223962711577 0.0035134393718128918 -0.024690122468475611 -0.034944622772107109 -0.0025899414908484549 -0.018904211588022402 0.10648908166501057 -0.021766646584524443 0.08480929527452756
leaf_weight=646.34985693340968 788.21864368051001 41.804196018567382 42.950187843357526 55.569785174290701 101.93560467867883 4.3962693362718737 12.968001994606768 4.6434519396839269
leaf_count=23959 89728 11295 3451 4275 18898 1240 6971 3467
internal_value=-4.88576e-05 -0.00191317 -0.000634862 -0.0166951 0.00155898 -0.0108704 0.0263404 0.00633326
internal_weight=1698.84 786.674 744.87 98.52 912.162 123.943 22.0077 17.6115
internal_count=163284 42980 31685 7726 120304 30576 11678 10438
is_linear=0
shrinkage=0.0750466


Tree=387
num_leaves=9
num_cat=0
split_feature=5 5 140 5 16 27 18 140
split_gain=0.938618 2.1267 3.5304 3.33514 4.86551 4.71448 3.28989 3.4326
threshold=76.500000000000014 67.500000000000014 7173.1900000000014 61.500000000000007 -2764.8049999999994 2.5000000000000004 952.04500000000019 7173.1900000000014
decision_type=2 2 8 2 2 2 2 10
left_child=1 3 -3 -1 -5 -6 -7 -8
right_child=-2 2 -4 4 5 6 7 -9
leaf_value=-0.00076833539159296171 0.010960224170044781 0.0057910272186669828 -0.019347440266519599 0.030045653239071504 0.01461034145690264 -0.047330765971613384 0.021884808104385985 -0.02611618498757547
leaf_weight=1358.1391330595588 42.521365348387917 51.817116734413503 80.101756357292288 50.086101293060892 68.699471564497799 13.601292694031143 15.802432830760152 17.888454620816447
leaf_count=138249 2872 3072 6761 1450 2658 546 2215 5461
internal_value=-4.92533e-05 -0.000331922 -0.00947317 0.00045924 0.010498 0.0020572 -0.0161782 -0.00360172
internal_weight=1698.66 1656.14 131.919 1524.22 166.078 115.992 47.2922 33.6909
internal_count=163284 160412 9833 150579 12330 10880 8222 7676
is_linear=0
shrinkage=0.0750466


Tree=388
num_leaves=9
num_cat=0
split_feature=73 5 123 135 73 73 140 131
split_gain=0.929164 2.66545 9.16341 2.58456 5.84774 4.888 4.12699 4.62547
threshold=2.5000000000000004 39.500000000000007 5.5000000000000009 -805.49999999999989 6.5000000000000009 12.500000000000002 552.33500000000015 1202.3250000000003
decision_type=2 2 8 10 2 2 8 10
left_child=1 2 -1 -2 -5 6 -6 -8
right_child=3 -3 -4 4 5 -7 7 -9
leaf_value=0.019097738777120725 0.0031043810797553415 -0.0057860237978810637 -0.011840308431320404 -0.017933526870632377 0.058273573243311096 -0.034334618944297381 0.00028860722041341026 0.05848186420239445
leaf_weight=113.97126429574928 859.58936910493003 421.58236168194162 102.32707712597039 110.46992411646215 10.706888597082072 13.231871511808547 57.553556348069378 8.8793877985085583
leaf_count=3387 112426 11292 1839 10333 1085 6222 12788 3912
internal_value=-4.79227e-05 -0.00231121 0.00446147 0.00131351 -0.0063513 0.00780677 0.0150353 0.00806668
internal_weight=1698.31 637.881 216.298 1060.43 200.842 90.3717 77.1398 66.4329
internal_count=163284 16518 5226 146766 34340 24007 17785 16700
is_linear=0
shrinkage=0.0750466


Tree=389
num_leaves=9
num_cat=0
split_feature=107 16 58 127 83 25 74 22
split_gain=0.978168 4.83271 8.26148 7.94194 4.92386 5.24552 5.43016 2.89207
threshold=12.500000000000002 -4047.3549999999991 4177.2050000000008 1578.5000000000002 1.0000000180025095e-35 1525.2650000000001 1588.4450000000004 -9370.4499999999989
decision_type=2 2 2 10 2 2 2 2
left_child=-1 2 4 -4 7 -6 -7 -2
right_child=1 -3 3 -5 5 6 -8 -9
leaf_value=0.0024033411531253343 -0.0009636682205550833 0.00087769907604681621 0.054454699902560244 -0.016914526925042656 -0.075553247462514961 -0.052473725075116828 0.041148422313958259 -0.024142599975811026
leaf_weight=595.54698509530863 57.827306640367169 915.55700307272218 18.416970650077928 16.784525247469901 16.496581881378919 8.3861518547846554 5.9751298624532856 63.726398333320503
leaf_count=7521 3088 134462 2816 4812 1480 4144 1284 3677
internal_value=-4.7641e-05 -0.00137081 -0.0123436 0.0204249 -0.0199119 -0.0466836 -0.0135215 -0.0131156
internal_weight=1698.72 1103.17 187.613 35.2015 152.412 30.8579 14.3613 121.554
internal_count=163284 155763 21301 7628 13673 6908 5428 6765
is_linear=0
shrinkage=0.0750466


Tree=390
num_leaves=9
num_cat=0
split_feature=6 142 147 150 107 5 118 5
split_gain=0.850346 2.55512 2.95082 2.24644 1.41223 6.30268 6.279 5.94483
threshold=289.50000000000006 119646.00000000001 -52197.869999999988 4363.6450000000013 171.50000000000003 59.500000000000007 1981.5700000000004 38.500000000000007
decision_type=2 10 10 10 2 2 8 2
left_child=4 -2 -3 -4 -1 6 -6 -8
right_child=1 2 3 -5 5 -7 7 -9
leaf_value=1.2302767607639874e-06 0.023633754618100491 0.026954065812804337 0.0026780819900422124 -0.039243176035102349 -0.059141192434145139 -0.080402514217080834 -0.026564366003246839 0.03500232527201165
leaf_weight=1572.7750246168798 32.301027655903454 11.808337823125838 14.893064782798321 13.935762779988179 8.9129893748995528 6.7150675150905945 14.476683753859559 22.65782145611638
leaf_count=121903 1551 3305 1273 4019 6498 3523 7551 13661
internal_value=-4.82239e-05 0.00787898 -0.00464393 -0.0175865 -0.000403919 -0.0124808 -0.00257587 0.0110009
internal_weight=1698.48 72.9382 40.6372 28.8288 1625.54 52.7626 46.0475 37.1345
internal_count=163284 10148 8597 5292 153136 31233 27710 21212
is_linear=0
shrinkage=0.0750466


Tree=391
num_leaves=9
num_cat=0
split_feature=33 6 32 72 22 32 72 11
split_gain=0.817388 3.33254 8.16884 1.19536 1.50318 4.10193 8.80927 4.07605
threshold=175039.38000000003 76.500000000000014 4.5000000000000009 -1.0000000180025095e-35 319.2050000000001 1.0000000180025095e-35 1708.4500000000003 136.92000000000004
decision_type=2 2 2 2 2 2 2 2
left_child=3 -2 -3 -1 -5 7 -7 -6
right_child=1 2 -4 4 5 6 -8 -9
leaf_value=-0.010562294538813344 -0.040995017266299907 -0.060899154601829993 0.069140038965897974 0.0022975237997525195 -0.012490789409464876 -0.015583143910609956 0.060685914630887017 0.00074299229008858503
leaf_weight=56.709952952698586 12.264462221012765 4.6256409322922973 6.6062179790537812 1009.9207357046944 202.58658675671177 16.923369843343153 17.195333547471819 371.35753055417354
leaf_count=4352 3554 4199 1855 35002 8749 12164 3298 90111
internal_value=-4.77867e-05 -0.0139479 0.0155857 0.000147235 0.000522602 -0.00242533 0.0228554 -0.00392817
internal_weight=1698.19 23.4963 11.2319 1674.69 1617.98 608.063 34.1187 573.944
internal_count=163284 9608 6054 153676 149324 114322 15462 98860
is_linear=0
shrinkage=0.0750466


Tree=392
num_leaves=9
num_cat=0
split_feature=7 113 140 0 16 140 135 52
split_gain=0.946571 6.27785 9.81396 4.79107 3.97006 5.99095 6.26349 2.00659
threshold=5005.1550000000016 -593.49999999999989 12306.960000000001 39510640.500000007 -6095.0899999999992 6174.3750000000009 -927.99999999999989 69684.140000000014
decision_type=2 8 10 2 2 10 10 2
left_child=7 2 3 -2 -3 -6 -7 -1
right_child=1 4 -4 -5 5 6 -8 -9
leaf_value=-6.2377422661179929e-05 0.074395895749337429 0.0085064902053530247 -0.037928624097275258 0.017769815451648907 -0.043545545719485927 0.075268889768852446 -0.04250523348479477 -0.015239493946935939
leaf_weight=1519.8025770399508 18.248032243418493 47.446393939189875 9.5292690926562482 15.616945863772342 26.143794800137584 5.8341597672838343 4.5084989385040899 50.698235606344952
leaf_count=86220 3194 1533 4951 2210 3109 2756 3043 56268
internal_value=-4.77714e-05 0.00617551 0.0293508 0.0482826 -0.0058064 -0.0244186 0.0239296 -0.000552319
internal_weight=1697.83 127.327 43.3942 33.865 83.9328 36.4865 10.3427 1570.5
internal_count=163284 20796 10355 5404 10441 8908 5799 142488
is_linear=0
shrinkage=0.0750466


Tree=393
num_leaves=9
num_cat=0
split_feature=109 85 18 112 135 112 102 28
split_gain=0.849166 3.94431 5.4887 4.87628 3.18156 3.79829 3.04757 3.18061
threshold=1.0000000180025095e-35 1.0000000180025095e-35 952.04500000000019 95013.000000000015 -348.99999999999994 139352.40000000002 1.0000000180025095e-35 1395.8750000000002
decision_type=2 2 2 10 10 10 2 2
left_child=1 -1 -3 -4 6 -6 7 -2
right_child=4 2 3 -5 5 -7 -8 -9
leaf_value=-0.0001656952005351751 0.0095154423708426455 -0.056631045048745159 0.013087673666867047 -0.031850589327617473 -0.038031613496671467 0.010894499081479532 -0.023025032828734304 -0.0006168169000582693
leaf_weight=853.27989567968325 308.38709034673229 16.402308474338497 30.18217288818596 24.75195908336309 23.483722916293118 14.426348538404907 24.714626375128319 401.85484034282581
leaf_count=28971 15139 1082 6236 9606 3138 4299 3342 91471
internal_value=-4.83402e-05 -0.00158294 -0.0185351 -0.00716039 0.00178758 -0.0194132 0.00288114 0.00378261
internal_weight=1697.48 924.616 71.3364 54.9341 772.867 37.9101 734.957 710.242
internal_count=163284 45895 16924 15842 117389 7437 109952 106610
is_linear=0
shrinkage=0.0750466


Tree=394
num_leaves=9
num_cat=0
split_feature=73 134 134 83 83 138 16 125
split_gain=0.930932 2.64861 2.13387 3.4719 8.18596 8.87097 5.55739 7.90617
threshold=2.5000000000000004 93605.400000000009 93605.400000000009 2582.5950000000007 5324.8300000000008 13933.140000000001 -2764.8049999999994 -7683.0649999999987
decision_type=2 10 10 2 2 8 2 10
left_child=1 -1 -2 -4 5 -5 7 -6
right_child=2 -3 3 4 6 -7 -8 -9
leaf_value=-0.0066517253401765864 0.0056253765501913773 0.0030800861323387841 -0.0050802944336246266 0.09775984943425578 -0.057253972896772871 0.0026795541944504473 0.0064334755904459579 0.041673510512401007
leaf_weight=353.32837632435258 401.75310647668448 284.18791256174154 445.51157317450316 10.957062020179363 17.943690668569165 11.150702468596139 166.30450829867232 6.0953591022398532
leaf_count=7109 35653 9409 41628 1244 7415 3343 55067 2416
internal_value=-4.74976e-05 -0.00231354 0.00131574 -0.00131574 0.00657856 0.0498033 0.00155815 -0.0321698
internal_weight=1697.23 637.516 1059.72 657.963 212.451 22.1078 190.344 24.039
internal_count=163284 16518 146766 111113 69485 4587 64898 9831
is_linear=0
shrinkage=0.0750466


end of trees

feature_importances:
cliente_edad=99
mcuentas_saldo=91
mrentabilidad_annual=86
Master_fechaalta=83
mprestamos_personales=77
mcuenta_corriente=75
mpasivos_margen=72
ctrx_quarter=68
Visa_Fvencimiento=63
cliente_antiguedad=61
Visa_mpagominimo=61
numero_de_cliente=58
mactivos_margen=56
mcaja_ahorro_dolares=56
Visa_fechaalta=56
mtransferencias_emitidas=54
Master_Fvencimiento=54
cproductos=53
mrentabilidad=52
Master_mlimitecompra=52
Visa_msaldopesos=49
Master_mfinanciacion_limite=48
Visa_cconsumos=48
mcaja_ahorro=46
ctarjeta_visa_transacciones=46
mcomisiones_otras=45
Visa_mpagospesos=44
chomebanking_transacciones=43
mautoservicio=41
Visa_msaldototal=41
ctarjeta_debito_transacciones=40
mcomisiones_mantenimiento=40
Visa_mconsumospesos=40
mpagomiscuentas=39
ccomisiones_otras=39
Visa_mfinanciacion_limite=39
Visa_mlimitecompra=39
cprestamos_personales=38
mcomisiones=36
mtransferencias_recibidas=36
mcuenta_debitos_automaticos=35
ccaja_seguridad=34
cpayroll_trx=32
mtarjeta_visa_consumo=31
Master_mpagospesos=31
Visa_mconsumototal=31
mplazo_fijo_dolares=29
mpayroll=28
internet=27
ccallcenter_transacciones=27
ctransferencias_recibidas=26
Master_msaldopesos=26
ctransferencias_emitidas=25
mttarjeta_visa_debitos_automaticos=24
ccomisiones_mantenimiento=24
cdescubierto_preacordado=23
ccajas_consultas=23
Master_mpagominimo=23
Visa_status=23
ccaja_ahorro=22
Master_msaldototal=22
cpagomiscuentas=21
mextraccion_autoservicio=20
matm=19
Visa_mconsumosdolares=19
Master_status=17
thomebanking=16
tmobile_app=16
cmobile_app_trx=16
mttarjeta_master_debitos_automaticos=14
tcuentas=13
ccuenta_debitos_automaticos=13
Master_mconsumospesos=13
Master_fultimo_cierre=13
ctarjeta_debito=11
mtarjeta_master_consumo=11
ctarjeta_visa_debitos_automaticos=11
cextraccion_autoservicio=11
Visa_mpagado=11
ctarjeta_master=10
catm_trx_other=10
Visa_mpagosdolares=10
cseguro_vivienda=9
ccajas_transacciones=9
catm_trx=9
Master_mconsumototal=9
Master_cconsumos=9
Visa_msaldodolares=9
cseguro_vida=8
tcallcenter=8
ccajas_otras=8
ctarjeta_master_transacciones=7
Visa_fultimo_cierre=7
matm_other=6
ctarjeta_visa=4
cplazo_fijo=4
Master_mconsumosdolares=4
Master_mpagosdolares=4
active_quarter=2
cinversion1=2
minversion2=2
ccheques_depositados=2
ccajas_extracciones=2
ctarjeta_master_debitos_automaticos=1
ctarjeta_visa_descuentos=1
mtarjeta_visa_descuentos=1
mcheques_depositados=1
mcheques_emitidos=1
Master_mpagado=1
Master_cadelantosefectivo=1
Visa_delinquency=1
Visa_Finiciomora=1
Visa_madelantopesos=1
Visa_madelantodolares=1

parameters:
[boosting: gbdt]
[objective: binary]
[metric: auc]
[tree_learner: serial]
[device_type: cpu]
[data_sample_strategy: bagging]
[data: ]
[valid: ]
[num_iterations: 395]
[learning_rate: 0.0750466]
[num_leaves: 9]
[num_threads: 0]
[seed: 531911]
[deterministic: 0]
[force_col_wise: 0]
[force_row_wise: 1]
[histogram_pool_size: -1]
[max_depth: -1]
[min_data_in_leaf: 2230]
[min_sum_hessian_in_leaf: 1.06535e-05]
[bagging_fraction: 1]
[pos_bagging_fraction: 1]
[neg_bagging_fraction: 1]
[bagging_freq: 0]
[bagging_seed: 6509]
[bagging_by_query: 0]
[feature_fraction: 0.218412]
[feature_fraction_bynode: 1]
[feature_fraction_seed: 2461]
[extra_trees: 0]
[extra_seed: 17523]
[early_stopping_round: 0]
[early_stopping_min_delta: 0]
[first_metric_only: 0]
[max_delta_step: 0]
[lambda_l1: 0]
[lambda_l2: 0]
[linear_lambda: 0]
[min_gain_to_split: 0]
[drop_rate: 0.1]
[max_drop: 50]
[skip_drop: 0.5]
[xgboost_dart_mode: 0]
[uniform_drop: 0]
[drop_seed: 7601]
[top_rate: 0.2]
[other_rate: 0.1]
[min_data_per_group: 100]
[max_cat_threshold: 32]
[cat_l2: 10]
[cat_smooth: 10]
[max_cat_to_onehot: 4]
[top_k: 20]
[monotone_constraints: ]
[monotone_constraints_method: basic]
[monotone_penalty: 0]
[feature_contri: ]
[forcedsplits_filename: ]
[refit_decay_rate: 0.9]
[cegb_tradeoff: 1]
[cegb_penalty_split: 0]
[cegb_penalty_feature_lazy: ]
[cegb_penalty_feature_coupled: ]
[path_smooth: 0]
[interaction_constraints: ]
[verbosity: -100]
[saved_feature_importance_type: 0]
[use_quantized_grad: 0]
[num_grad_quant_bins: 4]
[quant_train_renew_leaf: 0]
[stochastic_rounding: 1]
[linear_tree: 0]
[max_bin: 31]
[max_bin_by_feature: ]
[min_data_in_bin: 3]
[bin_construct_sample_cnt: 200000]
[data_random_seed: 332]
[is_enable_sparse: 1]
[enable_bundle: 1]
[use_missing: 1]
[zero_as_missing: 0]
[feature_pre_filter: 0]
[pre_partition: 0]
[two_round: 0]
[header: 0]
[label_column: ]
[weight_column: ]
[group_column: ]
[ignore_column: ]
[categorical_feature: ]
[forcedbins_filename: ]
[precise_float_parser: 0]
[parser_config_file: ]
[objective_seed: 32672]
[num_class: 1]
[is_unbalance: 0]
[scale_pos_weight: 1]
[sigmoid: 1]
[boost_from_average: 1]
[reg_sqrt: 0]
[alpha: 0.9]
[fair_c: 1]
[poisson_max_delta_step: 0.7]
[tweedie_variance_power: 1.5]
[lambdarank_truncation_level: 30]
[lambdarank_norm: 1]
[label_gain: ]
[lambdarank_position_bias_regularization: 0]
[eval_at: ]
[multi_error_top_k: 1]
[auc_mu_weights: ]
[num_machines: 1]
[local_listen_port: 12400]
[time_out: 120]
[machine_list_filename: ]
[machines: ]
[gpu_platform_id: -1]
[gpu_device_id: -1]
[gpu_device_id_list: ]
[gpu_use_dp: 0]
[num_gpu: 1]

end of parameters
