tree
version=v4
num_class=1
num_tree_per_iteration=1
label_index=0
max_feature_idx=153
objective=binary sigmoid:1
feature_names=numero_de_cliente foto_mes active_quarter cliente_vip internet cliente_edad cliente_antiguedad mrentabilidad mrentabilidad_annual mcomisiones mactivos_margen mpasivos_margen cproductos tcuentas ccuenta_corriente mcuenta_corriente_adicional mcuenta_corriente ccaja_ahorro mcaja_ahorro mcaja_ahorro_adicional mcaja_ahorro_dolares cdescubierto_preacordado mcuentas_saldo ctarjeta_debito ctarjeta_debito_transacciones mautoservicio ctarjeta_visa ctarjeta_visa_transacciones mtarjeta_visa_consumo ctarjeta_master ctarjeta_master_transacciones mtarjeta_master_consumo cprestamos_personales mprestamos_personales cprestamos_prendarios mprestamos_prendarios cprestamos_hipotecarios mprestamos_hipotecarios cplazo_fijo mplazo_fijo_dolares mplazo_fijo_pesos cinversion1 minversion1_pesos minversion1_dolares cinversion2 minversion2 cseguro_vida cseguro_auto cseguro_vivienda cseguro_accidentes_personales ccaja_seguridad cpayroll_trx mpayroll mpayroll2 cpayroll2_trx ccuenta_debitos_automaticos mcuenta_debitos_automaticos ctarjeta_visa_debitos_automaticos mttarjeta_visa_debitos_automaticos ctarjeta_master_debitos_automaticos mttarjeta_master_debitos_automaticos cpagodeservicios mpagodeservicios cpagomiscuentas mpagomiscuentas ccajeros_propios_descuentos mcajeros_propios_descuentos ctarjeta_visa_descuentos mtarjeta_visa_descuentos ctarjeta_master_descuentos mtarjeta_master_descuentos ccomisiones_mantenimiento mcomisiones_mantenimiento ccomisiones_otras mcomisiones_otras cforex cforex_buy mforex_buy cforex_sell mforex_sell ctransferencias_recibidas mtransferencias_recibidas ctransferencias_emitidas mtransferencias_emitidas cextraccion_autoservicio mextraccion_autoservicio ccheques_depositados mcheques_depositados ccheques_emitidos mcheques_emitidos ccheques_depositados_rechazados mcheques_depositados_rechazados ccheques_emitidos_rechazados mcheques_emitidos_rechazados tcallcenter ccallcenter_transacciones thomebanking chomebanking_transacciones ccajas_transacciones ccajas_consultas ccajas_depositos ccajas_extracciones ccajas_otras catm_trx matm catm_trx_other matm_other ctrx_quarter tmobile_app cmobile_app_trx Master_delinquency Master_status Master_mfinanciacion_limite Master_Fvencimiento Master_Finiciomora Master_msaldototal Master_msaldopesos Master_msaldodolares Master_mconsumospesos Master_mconsumosdolares Master_mlimitecompra Master_madelantopesos Master_madelantodolares Master_fultimo_cierre Master_mpagado Master_mpagospesos Master_mpagosdolares Master_fechaalta Master_mconsumototal Master_cconsumos Master_cadelantosefectivo Master_mpagominimo Visa_delinquency Visa_status Visa_mfinanciacion_limite Visa_Fvencimiento Visa_Finiciomora Visa_msaldototal Visa_msaldopesos Visa_msaldodolares Visa_mconsumospesos Visa_mconsumosdolares Visa_mlimitecompra Visa_madelantopesos Visa_madelantodolares Visa_fultimo_cierre Visa_mpagado Visa_mpagospesos Visa_mpagosdolares Visa_fechaalta Visa_mconsumototal Visa_cconsumos Visa_cadelantosefectivo Visa_mpagominimo
feature_infos=[12159854:77722076] [202104:202104] [0:1] [0:1] [0:4] [19:101] [1:376] [-239774.32000000001:645741.12] [-603976.89000000001:6868191.71] [-32909.18:341624.25] [-313906.75:299888.78000000003] [-62197.190000000002:519043.78999999998] [3:17] [1:2] [1:3] [-82991.339999999997:2108268.0299999998] [-2195857.5:21365751.859999999] [2:8] [-8280.1299999999992:30787954.780000001] [-1190.8199999999999:2654243.8300000001] [-26336.5:135638177.87] [0:1] [-2232579.79:328744518.88999999] [0:301] [0:162] [0:1400273.4399999999] [0:3] [0:634] [0:2837240.7200000002] [0:2] [0:356] [0:1779727.1100000001] [0:506] [0:7038000] [0:19] [0:20442808.949999999] [0:20] [0:35851430.100000001] [0:99] [0:59597784] [0:32117593.73] [0:11] [0:108203113.08] [0:117252843.86] [0:52] [0:355653815.48000002] [0:3] [0:11] [0:4] [0:5] [0:6] [0:126] [0:60648897.310000002] [0:317432.5] [0:4] [0:134] [0:7283353.5099999998] [0:72] [0:722029.88] [0:58] [0:557086.31999999995] [0:42] [0:8517858.4399999995] [0:678] [0:230670200.97999999] [0:12] [0:23460] [0:15] [0:74972.639999999999] [0:15] [0:78459.029999999999] [0:38] [-15494.48:12465.219999999999] [0:256] [-32909.18:341624.25] [0:18] [0:15] [0:11759.32] [0:18] [0:3628.9099999999999] [0:902] [0:531368551.08999997] [0:259] [0:154341745.75999999] [0:101] [0:2011695] [0:140] [0:63679162.43] [0:89] [0:15356358.539999999] [0:13] [0:4222800] [0:14] [0:2366424.8700000001] [0:1] [0:101] [0:1] [0:12022] [0:1] [0:34] [0:8] [0:9] [0:52] [0:101] [0:2011695] [0:57] [0:1642602.8] [0:3437] [0:1] [0:1] [0:1] [0:9] [0:550790361] [-2251:6880] [2:207] [-1008582:2798756.1099999999] [-990227.02000000002:2797981.7999999998] [-630945.59999999998:1087846.4399999999] [-45738.199999999997:1774651.05] [0:9649.6599999999999] [985.32000000000005:9212742] [0:52785] [0:214.69] [2:3320] [0:787680.82999999996] [-1271748.3799999999:49814.739999999998] [0:9334.25] [2:7632] [-45738.199999999997:1774651.05] [0:126] [0:20] [0:1361723.97] [0:1] [0:9] [0:124710817.52] [-2914148:5845] [5:208] [-890074.31999999995:7278914.8899999997] [-1044057.17:8538167.1600000001] [-702902.58999999997:738213.71999999997] [-60767.610000000001:2779277.9500000002] [0:13403.35] [1011.71:16422000] [0:191476.91] [0:2047.8800000000001] [2:163] [0:1994100] [-2855922.9199999999:70457.759999999995] [0:10844.469999999999] [2:12628] [-60767.610000000001:2779277.9500000002] [0:180] [0:16] [0:2073101.55]
tree_sizes=1097 1086 1147 1124 1133 1145 1102 1121 1119 1121 1135 1125 1134 1140 1142 1120 1132 1139 1137 1141 1129 1129 1142 1129 1141 1132 1142 1131 1133 1142 1141 1136 1126 1138 1143 1145 1128 1133 1144 1139 1127 1141 1132 1150 1141 1125 1146 1130 1147 1141 1135 1143 1137 1143 1157 1148 1133 1137 1136 1133 1138 1133 1139 1137 1144 1146 1135 1142 1136 1130 1141 1150 1133 1143 1149 1146 1130 1138 1152 1153 1147 1154 1152 1143 1144 1129 1150 1142 1134 1141 1147 1150 1142 1139 1139 1144 1144 1140 1139 1138 1159 1131 1131 1131 1146 1144 1135 1147 1136 1144 1140 1127 1152 1159 1133 1142 1147 1144 1144 1135 1132 1157 1124 1136 1144 1145 1136 1136 1156 1140 1140 1140 1141 1134 1140 1131 1149 1146 1142 1107 1140 1133 1136 1131 1135 1125 1128 1148 1143 1147 1131 1137 1138 1135 1136 1135 1149 1140 1150 1139 1129 1145 1148 1143 1140 1144 1139 1150 1132 1136 1147 1148 1137 1140 1145 1134 1130 1159 1136 1148 1129 1142 1148 1139 1147 1127 1136 1150 1122 1134 1147 1138 1139 1138 1141 1136 1134 1150 1140 1136 1137 1133 1147 1136 1126 1151 1144 1145 1128 1138 1141 1125 1133 1130 1138 1135 1130 1146 1133 1127 1154 1147 1136 1153 1145 1133 1133 1128 1133 1138 1129 1126 1138 1141 1143 1138 1136 1128 1128 1141 1145 1140 1145 1129 1133 1146 1141 1126 1145 1134 1130 1139 1155 1135 1123 1144 1136 1134 1148 1147 1138 1120 1124 1143 1139 1143 1142 1146 1133 1139 1151 1134 1154 1139 1138 1137 1136 1125 1140 1132 1140 1158 1146 1137 1149 1125 1126 1143 1140 1133 1124 1153 1133 1130 1141 1131 1134 1135 1144 1123 1149 1145 1123 1122 1135 1144 1134 1143 1146 1132 1131 1144 1144 1140 1138 1135 1131 1125 1125 1126 1132 1149 1139 1132 1151 1143 1132 1163 1137 1133 1138 1144 1132 1117 1124 1130 1137 1129 1141 1135 1144 1125 1139 1147 1154 1140 1146 1135 1135 1166 1136 1139 1147 1148 1142 1140 1137 1126 1147 1144 1134 1145 1141 1138 1139 1129 1134 1139 1142 1129 1143 1126 1144 1128 1145 1137 1134 1138 1148 1138 1126 1150 1131 1128 1146 1130 1133 1140 1135 1129 1149 1141 1142 1130 1143

Tree=0
num_leaves=9
num_cat=0
split_feature=18 27 29 27 18 85 27 18
split_gain=4185.45 3311.65 692.856 440.883 448.896 233.48 182.535 88.6431
threshold=252.93500000000003 1.0000000180025095e-35 1.0000000180025095e-35 2.5000000000000004 5971.0600000000004 1.0000000180025095e-35 3.5000000000000004 1949.6600000000001
decision_type=2 2 2 2 2 2 2 2
left_child=1 2 -1 4 5 7 -3 -2
right_child=3 6 -4 -5 -6 -7 -8 -9
leaf_value=-3.4374763094317964 -3.9865554543311137 -4.0970539042221192 -3.8690136044731123 -4.3945569953659698 -4.3524414942222052 -4.3092489495370829 -4.3067063060393753 -4.1671886923385983
leaf_weight=40.988394021987915 30.639587342739105 30.194614082574844 42.86999523639679 1465.8817677199841 290.63110649585724 40.378144979476929 103.76776427030563 30.563306212425232
leaf_count=3224 2410 2375 3372 115301 22860 3176 8162 2404
internal_value=-4.33916 -4.02793 -3.65809 -4.37565 -4.30498 -4.16917 -4.25945 -4.07676
internal_weight=2075.91 217.821 83.8584 1858.09 392.212 101.581 133.962 61.2029
internal_count=163284 17133 6596 146151 30850 7990 10537 4814
is_linear=0
shrinkage=1


Tree=1
num_leaves=9
num_cat=0
split_feature=18 137 9 11 9 27 73 9
split_gain=2616.59 1149.05 555.285 278.006 201.508 267.641 98.1684 86.8632
threshold=952.04500000000019 4483.3200000000006 1579.095 271.98500000000007 1579.095 2.5000000000000004 4.5000000000000009 1786.0550000000001
decision_type=2 10 2 2 2 2 2 2
left_child=1 2 -1 4 -2 -6 -3 -4
right_child=3 6 7 -5 5 -7 -8 -9
leaf_value=0.17404535261329387 -0.019356383342211788 0.12292717752369152 0.4857590415929931 -0.056366006254491237 0.24551493447307368 0.0081927193137666839 -0.0019457583651313764 0.34795245491991045
leaf_weight=104.97883113287389 262.2259723059833 49.742381008341908 53.342898186296225 1350.5753714274615 43.860275639221072 68.657262995839119 123.45764923095703 49.820100545883179
leaf_count=4909 20865 3490 2330 111266 3100 5700 9256 2368
internal_value=-0.00117678 0.176724 0.295558 -0.0404977 0.0166917 0.100703 0.0339173 0.419209
internal_weight=2106.66 381.342 208.142 1725.32 374.744 112.518 173.2 103.163
internal_count=163284 22353 9607 140931 29665 8800 12746 4698
is_linear=0
shrinkage=0.0750466


Tree=2
num_leaves=9
num_cat=0
split_feature=25 147 32 26 51 147 147 135
split_gain=1613.04 1046.41 876.114 871.686 167.153 111.553 82.0179 47.2113
threshold=1.0000000180025095e-35 -4623.8949999999995 1.0000000180025095e-35 1.0000000180025095e-35 1.0000000180025095e-35 -6139.0949999999984 -13999.084999999997 -1901.4999999999998
decision_type=2 8 2 2 2 8 10 10
left_child=1 6 3 -3 5 -2 -1 -5
right_child=4 2 -4 7 -6 -7 -8 -9
leaf_value=-0.021390859668696468 -0.034593401034530839 0.47885800513253551 -0.004045737400325617 0.099302973817102902 -0.069071930594162986 0.051277167566982799 0.056839505882802531 0.18843503652177859
leaf_weight=280.36325035151094 346.59231292270124 69.274479738436639 107.32018499914557 43.078594201244414 903.81333772931248 112.97559399623424 103.28316649328917 150.03275983501226
leaf_count=23170 29682 2228 4370 2428 76950 8155 7806 8495
internal_value=-0.00163639 0.0864948 0.176594 0.250478 -0.0503343 -0.0134838 -0.000330113 0.168552
internal_weight=2116.73 753.352 369.706 262.386 1363.38 459.568 383.646 193.111
internal_count=163284 48497 17521 13151 114787 37837 30976 10923
is_linear=0
shrinkage=0.0750466


Tree=3
num_leaves=9
num_cat=0
split_feature=137 72 85 81 72 83 81 137
split_gain=1295.45 697.889 232.725 122.548 120.635 104.29 102.95 58.7543
threshold=2950.8750000000005 1708.4500000000003 1.0000000180025095e-35 8797.7650000000012 1708.4500000000003 5324.8300000000008 35190.005000000012 16998.050000000003
decision_type=10 2 2 2 2 2 2 10
left_child=1 2 5 -3 -2 -1 7 -6
right_child=4 3 -4 -5 6 -7 -8 -9
leaf_value=0.10545978324023396 -0.05359477046223466 0.21070855202361219 -0.04243152700119289 0.089096189183256555 0.075413523970615695 -0.015168412696993009 -0.046343201656585696 -0.0044053412103311571
leaf_weight=159.72698483522981 1085.4488987801597 198.04190321452916 171.28434748295695 61.054009173996747 92.56056968588382 54.015644901432097 182.62356819119304 118.34642333351076
leaf_count=7333 96738 6296 13320 3354 6739 3854 16012 9638
internal_value=-0.00200292 0.0868256 0.0227454 0.182052 -0.0406894 0.0749754 -0.00509337 0.0306247
internal_weight=2123.1 644.123 385.027 259.096 1478.98 213.743 393.531 210.907
internal_count=163284 34157 24507 9650 129127 11187 32389 16377
is_linear=0
shrinkage=0.0750466


Tree=4
num_leaves=9
num_cat=0
split_feature=51 137 55 55 4 5 72 116
split_gain=1213.39 907.595 118.579 87.7611 69.8733 116.798 43.5864 43.4232
threshold=1.0000000180025095e-35 5971.2200000000012 1.0000000180025095e-35 1.0000000180025095e-35 1.0000000180025095e-35 39.500000000000007 1287.6450000000002 400.57500000000005
decision_type=2 10 2 2 2 2 2 10
left_child=1 2 4 7 5 -1 -2 -3
right_child=6 3 -4 -5 -6 -7 -8 -9
leaf_value=0.22364053769650993 -0.067443114051521105 0.034242186375741723 0.052988712131638006 -0.045976518557441635 0.081027908778685945 0.12540347112536177 0.027151414531457398 -0.020548567857591172
leaf_weight=94.733733648434281 930.05979005713016 195.95921866409481 121.74629480205476 270.72306111454964 98.167386709712446 243.01691722217947 28.267250066623092 139.4278258793056
leaf_count=3594 86196 16092 6701 24370 2208 10022 2143 11958
internal_value=-0.00211751 0.0493782 0.118471 -0.0141919 0.136759 0.152957 -0.0646529 0.0114645
internal_weight=2122.1 1163.77 557.664 606.11 435.918 337.751 958.327 335.387
internal_count=163284 74945 22525 52420 15824 13616 88339 28050
is_linear=0
shrinkage=0.0750466


Tree=5
num_leaves=9
num_cat=0
split_feature=138 32 10 111 82 111 32 111
split_gain=900.47 346.09 507.851 188.074 85.8573 73.7144 58.5913 69.4903
threshold=5216.3500000000013 1.0000000180025095e-35 1.0000000180025095e-35 1.0000000180025095e-35 1.0000000180025095e-35 6.5000000000000009 1.0000000180025095e-35 1.0000000180025095e-35
decision_type=10 2 2 8 2 8 2 8
left_child=1 2 5 -4 6 -1 7 -2
right_child=4 -3 3 -5 -6 -7 -8 -9
leaf_value=0.0061304324637447083 -0.011603702696030921 -0.029707374199421165 0.10822196160029075 0.22933130850311975 -0.055458481997840904 0.10452639138097786 -0.062370369981267305 0.10033685452205478
leaf_weight=272.3131348611787 339.36482409760356 186.28623783122748 178.42436797916889 121.31978189572692 821.4721573907882 50.894741241820157 115.92506137583405 34.398598348721862
leaf_count=17834 30104 8543 7598 2610 81333 2289 10377 2596
internal_value=-0.00221058 0.0600404 0.0868784 0.15724 -0.0406314 0.0216246 -0.0157584 -0.00130147
internal_weight=2120.4 809.238 622.952 299.744 1311.16 323.208 489.688 373.763
internal_count=163284 38874 30331 10208 124410 20123 43077 32700
is_linear=0
shrinkage=0.0750466


Tree=6
num_leaves=9
num_cat=0
split_feature=51 64 32 30 20 127 141 9
split_gain=999.207 375.572 367.605 259.365 197.051 47.1535 54.7263 38.318
threshold=1.0000000180025095e-35 476.68500000000006 1.0000000180025095e-35 1.0000000180025095e-35 419.75000000000006 610.50000000000011 inf 448.33500000000004
decision_type=2 2 2 2 2 8 8 2
left_child=1 2 3 4 5 -1 7 -7
right_child=-2 -3 -4 -5 -6 6 -8 -9
leaf_value=0.09217451362925648 -0.063552169649016846 -0.026661083334692474 -0.026874281069927571 0.0021360667352875785 0.01871051832029404 0.1837529744874932 0.17548255404316118 0.096958076359002179
leaf_weight=112.63289947248995 876.9809150910005 335.55068112630397 188.60771444346756 147.17552846018225 100.6771214781329 36.888645941391587 189.10943581070751 128.21680069249123
leaf_count=5000 88339 29072 9773 11231 6032 2353 3550 7934
internal_value=-0.00225605 0.0411351 0.0663193 0.0909128 0.113935 0.134471 0.14792 0.11635
internal_weight=2115.84 1238.86 903.308 714.7 567.525 466.848 354.215 165.105
internal_count=163284 74945 45873 36100 24869 18837 13837 10287
is_linear=0
shrinkage=0.0750466


Tree=7
num_leaves=9
num_cat=0
split_feature=107 33 29 107 74 5 33 29
split_gain=1312.4 326.402 139.02 94.2057 84.2183 39.7156 26.4364 32.3228
threshold=38.500000000000007 27559.105000000007 1.0000000180025095e-35 79.500000000000014 1397.7000000000003 42.500000000000007 4895.2500000000009 1.0000000180025095e-35
decision_type=2 2 2 2 2 2 2 2
left_child=1 2 -1 6 -4 -6 7 -2
right_child=3 -3 4 -5 5 -7 -8 -9
leaf_value=0.15330538964804855 0.055863964447756209 -0.044765224329094716 0.037656114643807859 -0.05586050296391399 0.15528317960452634 0.086037894871186543 -0.054572761454612366 -0.013475545657964423
leaf_weight=207.24120044894516 43.314716522581875 96.984155178070068 170.23006399814039 1006.555225180462 68.978353390470147 144.10547116585076 72.633248969912529 300.79674638900906
leaf_count=3798 2540 3449 9258 104797 2234 5603 5841 25764
internal_value=-0.0023093 0.082831 0.103786 -0.0434372 0.0770124 0.108454 -0.0134314 -0.0047475
internal_weight=2110.84 687.539 590.555 1423.3 383.314 213.084 416.745 344.111
internal_count=163284 24342 20893 138942 17095 7837 34145 28304
is_linear=0
shrinkage=0.0750466


Tree=8
num_leaves=9
num_cat=0
split_feature=11 51 51 11 131 16 28 56
split_gain=850.91 296.238 185.851 108.956 74.4982 50.1616 24.9589 24.3723
threshold=136.92000000000004 1.0000000180025095e-35 1.0000000180025095e-35 475.70500000000004 76.245000000000019 -7736.8999999999987 1395.8750000000002 69.980000000000018
decision_type=2 2 2 2 8 2 2 2
left_child=1 4 3 6 -1 -6 -2 -8
right_child=2 -3 -4 -5 5 -7 7 -9
leaf_value=0.1097423694334746 0.06802804702781115 -0.042101515004970821 -0.066023611957671313 -0.03259279883749322 0.10159570664083442 0.036930168522202558 0.033812444609487909 -0.02578570640986326
leaf_weight=307.6524617029354 68.631335114128888 127.41603420395404 665.33532454445958 446.34562090970576 99.372596894390881 211.03277749754488 120.75310066621751 56.83360066358
leaf_count=10195 2643 11027 77312 39836 1767 6225 9154 5125
internal_value=-0.00233043 0.0620913 -0.0376973 -0.0104847 0.0835712 0.0576321 0.029593 0.0147391
internal_weight=2103.37 745.474 1357.9 692.564 618.058 310.405 246.218 177.587
internal_count=163284 29214 134070 56758 18187 7992 16922 14279
is_linear=0
shrinkage=0.0750466


Tree=9
num_leaves=9
num_cat=0
split_feature=52 28 8 12 7 8 137 113
split_gain=711.788 373.52 139.684 140.249 116.875 68.9063 26.979 23.8687
threshold=16685.650000000005 10333.675000000001 14788.655000000001 5.5000000000000009 1261.8700000000001 16678.810000000001 31032.320000000003 -1962.9999999999998
decision_type=2 2 2 2 2 2 10 10
left_child=1 2 4 -4 7 6 -3 -1
right_child=-2 5 3 -5 -6 -7 -8 -9
leaf_value=0.027840147872291634 -0.063720160522649186 0.027323601999018621 0.099838892158130896 0.0044405155072382843 0.13157449185880318 -0.051096837973979625 -0.020986143900392884 0.075679001316056566
leaf_weight=110.93226448073983 705.42217473592609 136.52857896266505 117.07759627513587 335.52186789223924 196.17819889029488 245.57242290163413 124.45239722775295 124.84620395442471
leaf_count=3429 84455 11865 1897 14260 4704 24592 12317 5765
internal_value=-0.00231405 0.0288246 0.0582523 0.029118 0.0887789 -0.0225629 0.00428643 0.0531711
internal_weight=2096.53 1391.11 884.556 452.599 431.957 506.553 260.981 235.778
internal_count=163284 78829 30055 16157 13898 48774 24182 9194
is_linear=0
shrinkage=0.0750466


Tree=10
num_leaves=9
num_cat=0
split_feature=107 107 107 127 107 5 58 84
split_gain=843.136 83.3128 56.1632 34.3133 32.5431 23.9236 20.5848 13.6024
threshold=45.500000000000007 22.500000000000004 85.500000000000014 610.50000000000011 12.500000000000002 39.500000000000007 1.0000000180025095e-35 1.0000000180025095e-35
decision_type=2 2 2 10 2 2 2 2
left_child=1 3 7 -1 -5 -3 -7 -2
right_child=2 5 -4 4 -6 6 -8 -9
leaf_value=0.056302184416564732 -0.0075131008782997047 0.056309121295459404 -0.054151211122557948 0.11945599124997709 0.059054347189262953 -0.013468637359645165 0.032757341888693628 -0.03664194648003101
leaf_weight=381.99065714236349 225.59873597929254 78.783861078321934 826.59249089844525 120.45387332327664 86.178936155512929 116.50409148074687 101.54127371869981 150.53458022838458
leaf_count=7750 19050 3991 99379 2525 3003 5964 6479 15143
internal_value=-0.0022955 0.0532817 -0.0432117 0.0696287 0.0942647 0.0208649 0.00805828 -0.0191709
internal_weight=2088.18 885.453 1202.73 588.623 206.633 296.829 218.045 376.133
internal_count=163284 29712 133572 13278 5528 16434 12443 34193
is_linear=0
shrinkage=0.0750466


Tree=11
num_leaves=9
num_cat=0
split_feature=107 18 18 71 8 107 107 134
split_gain=718.27 104.506 56.9101 50.5718 116.27 36.2646 31.6799 22.9438
threshold=45.500000000000007 27674.390000000003 13442.075000000003 1.0000000180025095e-35 9683.5850000000009 22.500000000000004 91.500000000000014 93605.400000000009
decision_type=2 2 2 2 2 2 2 10
left_child=1 3 6 -1 7 -6 -2 -5
right_child=2 -3 -4 4 5 -7 -8 -9
leaf_value=0.028066498827176586 0.00031528125686944449 -0.034554912728171253 -0.054907096001943996 0.089191572948827902 0.058970150950316907 0.0089276076184831698 -0.0399247761961153 0.14167162639491176
leaf_weight=271.64161537773907 211.92305189510807 80.859539284836501 711.56682919245213 92.450415912549943 269.69903795421124 116.9124584486708 229.52498456090689 95.263519506901503
leaf_count=10166 16946 5833 90514 1575 4377 4726 26112 3035
internal_value=-0.00223439 0.0469557 -0.0417748 0.0547467 0.0673658 0.0438371 -0.020607 0.115825
internal_weight=2079.84 926.827 1153.01 845.967 574.325 386.611 441.448 187.714
internal_count=163284 29712 133572 23879 13713 9103 43058 4610
is_linear=0
shrinkage=0.0750466


Tree=12
num_leaves=9
num_cat=0
split_feature=107 32 111 71 8 25 32 28
split_gain=618.092 149.505 102.101 62.02 115.221 36.8042 32.5099 39.3973
threshold=52.500000000000007 1.5000000000000002 1.0000000180025095e-35 1.0000000180025095e-35 9683.5850000000009 7648.2250000000013 1.0000000180025095e-35 7437.8550000000005
decision_type=2 2 8 2 2 2 2 2
left_child=1 2 3 -1 -5 6 7 -2
right_child=5 -3 -4 4 -6 -7 -8 -9
leaf_value=0.00059487347050286323 0.03094792980005449 -0.043902978100426218 0.08452516246302115 0.10109340947056766 0.017148344325421318 -0.055035166089942883 -0.062964878433768828 -0.029508131645102978
leaf_weight=231.30029581487179 80.005704758223146 109.58059068769217 302.86227218667045 150.39220205601305 237.53532178560272 603.29175390396267 104.28459016792476 251.69354607863352
leaf_count=13227 5614 3445 5213 4625 8666 80575 11758 30161
internal_value=-0.00218082 0.038969 0.0488174 0.0313529 0.0496923 -0.0430295 -0.0264167 -0.0149262
internal_weight=2070.95 1031.67 922.09 619.228 387.928 1039.28 435.984 331.699
internal_count=163284 35176 31731 26518 13291 128108 47533 35775
is_linear=0
shrinkage=0.0750466


Tree=13
num_leaves=9
num_cat=0
split_feature=111 24 33 138 10 138 149 96
split_gain=424.534 319.111 186.162 104.051 59.6799 42.1592 24.6319 19.1803
threshold=1.0000000180025095e-35 1.5000000000000002 17595.285000000003 21996.515000000003 1.0000000180025095e-35 6957.295000000001 636.50000000000011 1.0000000180025095e-35
decision_type=10 2 2 10 2 10 10 2
left_child=1 2 3 4 -1 -3 -6 -8
right_child=-2 5 -4 -5 6 -7 7 -9
leaf_value=0.019232013609725675 0.25389357486151104 -0.017445277775964312 -0.052446598674804924 -0.017606504663527034 0.043245611630587523 -0.055432246349101558 0.058673835301827827 0.10435861588523668
leaf_weight=383.31534369802102 35.841942040715367 234.62675055768341 184.72493973467499 213.2212279974483 246.71883161226287 550.88215428916737 121.45846549235284 90.191273146308959
leaf_count=18491 565 22482 10937 21682 3157 80315 2529 3126
internal_value=-0.00213097 -0.00666223 0.0170517 0.0292216 0.0410844 -0.0440858 0.0593587 0.0781417
internal_weight=2060.98 2025.14 1239.63 1054.91 841.684 785.509 458.369 211.65
internal_count=163284 162719 59922 48985 27303 102797 8812 5655
is_linear=0
shrinkage=0.0750466


Tree=14
num_leaves=9
num_cat=0
split_feature=28 33 29 55 33 74 104 94
split_gain=326.904 186.586 104.268 68.4551 46.6523 45.3532 36.4927 40.8169
threshold=2982.1750000000006 17595.285000000003 1.0000000180025095e-35 1.0000000180025095e-35 27559.105000000007 1213.8100000000002 2404.6500000000005 1.0000000180025095e-35
decision_type=2 2 2 2 2 2 2 2
left_child=1 2 -1 4 6 -4 7 -2
right_child=3 -3 5 -5 -6 -7 -8 -9
leaf_value=0.076340020220559218 -0.001953966080112563 -0.047088934012965739 -0.0020767538935455455 -0.05229255999815851 -0.068804234108080925 0.042694042058766382 -0.040302113854446826 0.083247592324021041
leaf_weight=322.98377268621698 350.06183441588655 153.44580272212625 238.01463879272342 471.9600742761977 76.080262765288353 274.28236450813711 129.4970333520323 34.816488549113274
leaf_count=5193 31381 7521 14647 66544 10174 6236 18305 3283
internal_value=-0.00208292 0.0289735 0.0429467 -0.0309853 -0.0139541 0.0218934 -0.00584131 0.00575345
internal_weight=2051.14 988.727 835.281 1062.42 590.456 512.297 514.375 384.878
internal_count=163284 33597 26076 129687 63143 20883 52969 34664
is_linear=0
shrinkage=0.0750466


Tree=15
num_leaves=9
num_cat=0
split_feature=18 84 30 12 12 117 6 18
split_gain=384.869 86.971 64.0839 31.104 24.3426 17.8032 29.1204 18.4859
threshold=11352.675000000001 1.5000000000000002 1.5000000000000002 5.5000000000000009 7.5000000000000009 -871.16999999999996 20.500000000000004 952.04500000000019
decision_type=2 2 2 2 2 10 2 2
left_child=1 2 4 -2 5 -1 -7 -8
right_child=3 -3 -4 -5 -6 6 7 -9
leaf_value=0.030034447231793361 0.033475526829562799 -0.028239118545208056 -0.021397309668959488 -0.046279060867126944 0.010786098352330978 0.015106639135043445 0.073322134500774114 0.037422651320762286
leaf_weight=356.34114887518808 28.585251881740987 158.7867926126346 116.71908727148548 753.29455476719886 161.51701634190977 94.36226372141391 251.74460038403049 118.95701199490577
leaf_count=6370 2337 17433 10260 102054 9301 2653 5783 7093
internal_value=-0.00201247 0.0236794 0.0311764 -0.0433633 0.0374193 0.0426564 0.0523275 0.0618021
internal_weight=2040.31 1258.43 1099.64 781.88 982.922 821.405 465.064 370.702
internal_count=163284 58893 41460 104391 31200 21899 15529 12876
is_linear=0
shrinkage=0.0750466


Tree=16
num_leaves=9
num_cat=0
split_feature=24 32 133 137 72 137 72 5
split_gain=276.247 103.94 75.9379 60.5762 42.4424 37.2196 23.2136 21.4528
threshold=1.5000000000000002 1.5000000000000002 1.0000000180025095e-35 18877.255000000001 1057.6200000000001 11960.225000000002 1708.4500000000003 42.500000000000007
decision_type=2 2 8 10 2 10 2 2
left_child=1 2 3 6 -2 -6 -1 -8
right_child=4 -3 -4 -5 5 -7 7 -9
leaf_value=0.0095798642890039497 -0.050064566714179505 -0.045485902520715514 0.058682354903136155 -0.020359482551065008 0.029453218896295073 -0.040009442077127512 0.062065049639533756 0.024866896058032422
leaf_weight=296.28837572969496 537.16659474326298 129.41234603431076 290.64195727277547 213.42747296812013 81.750908419955522 92.714304328896105 131.91220868099481 258.28957902174443
leaf_count=15771 84329 7134 3040 23468 5602 13001 2959 7980
internal_value=-0.00193069 0.0183885 0.0253315 0.0145604 -0.0396197 -0.00746063 0.0254168 0.0374422
internal_weight=2031.6 1319.97 1190.56 899.918 711.632 174.465 686.49 390.202
internal_count=163284 60352 53218 50178 102932 18603 26710 10939
is_linear=0
shrinkage=0.0750466


Tree=17
num_leaves=9
num_cat=0
split_feature=52 50 16 98 4 147 10 149
split_gain=402.911 111.412 65.9141 76.6695 52.6573 30.0431 25.0312 19.1557
threshold=16685.650000000005 1.0000000180025095e-35 -1.0000000180025095e-35 1.0000000180025095e-35 1.5000000000000002 -31205.244999999999 -1075.2549999999999 636.50000000000011
decision_type=2 2 2 2 2 8 2 10
left_child=1 2 3 4 5 -1 -4 -7
right_child=-2 -3 6 -5 -6 7 -8 -9
leaf_value=-0.0074287250489486097 -0.059162097160808558 -0.061210770860650077 -0.02871213541287768 0.11583068875048884 -0.035705382911965199 0.025685838808861546 0.01052127155391573 0.050459773246388465
leaf_weight=86.511968471575528 514.89473735913634 94.365136979613453 122.26479219039902 61.374814501497895 65.420434547588229 317.35333916824311 365.00430841976777 394.02985737286508
leaf_count=9870 84455 7500 14275 3000 1400 5171 21648 15965
internal_value=-0.00185229 0.0177375 0.0230138 0.0347843 0.0290225 0.0343297 0.000676887 0.0394079
internal_weight=2021.22 1506.32 1411.96 924.69 863.316 797.895 487.269 711.383
internal_count=163284 78829 71329 35406 32406 31006 35923 21136
is_linear=0
shrinkage=0.0750466


Tree=18
num_leaves=9
num_cat=0
split_feature=52 33 16 16 138 74 96 71
split_gain=360.876 166.096 96.6858 48.9744 38.1561 28.1622 28.1384 23.0124
threshold=16685.650000000005 17595.285000000003 -1.0000000180025095e-35 -14461.189999999999 19815.575000000004 513.96500000000015 1.0000000180025095e-35 1.0000000180025095e-35
decision_type=2 2 2 2 8 2 2 2
left_child=1 2 3 -1 6 -4 -5 -2
right_child=7 -3 5 4 -6 -7 -8 -9
leaf_value=0.08176843176942647 -0.061792562977552333 -0.049649921894582463 0.019721959073421138 0.028677152769531422 0.01207350714911147 -0.016656693206434012 0.067641671769744088 0.014921216774806805
leaf_weight=137.37016096152365 462.62090070359409 189.46313305478543 209.13770393654704 217.47471971949562 293.32627215562388 280.71848930930719 200.72160661313683 23.123772791121155
leaf_count=2700 81391 12898 11642 4249 14929 25442 6969 3064
internal_value=-0.00179341 0.0161166 0.0254241 0.0407445 0.0328242 -0.0011253 0.0473789 -0.0581406
internal_weight=2013.96 1528.21 1338.75 848.893 711.523 489.856 418.196 485.745
internal_count=163284 78829 65931 28847 26147 37084 11218 84455
is_linear=0
shrinkage=0.0750466


Tree=19
num_leaves=9
num_cat=0
split_feature=28 16 21 103 95 135 96 118
split_gain=192.829 65.3977 35.4374 29.937 26.7606 17.0077 16.7596 16.3004
threshold=7437.8550000000005 -68.659999999999982 1.0000000180025095e-35 1.5000000000000002 1.0000000180025095e-35 -1567.4999999999998 1.0000000180025095e-35 603.7750000000002
decision_type=2 2 2 2 2 10 2 10
left_child=1 2 -1 4 7 -4 -7 -2
right_child=3 -3 5 -5 -6 6 -8 -9
leaf_value=0.072989997812333049 -0.019614358020837459 -0.0058958692904269253 0.015549748413199354 -0.055654496329971478 0.024534147370361699 0.02131189039016607 0.061649159051483417 -0.04946300122793594
leaf_weight=95.640141955111176 386.07326254947111 444.98361524753273 442.74999285489321 200.67271031951532 62.028345750179142 121.21003880957142 111.26100866682827 140.55462214071304
leaf_count=1489 47523 28539 10751 38468 8058 2701 4013 21742
internal_value=-0.00173907 0.0170122 0.030236 -0.0306227 -0.0220893 0.0241803 0.0406174 -0.0275808
internal_weight=2005.17 1215.84 770.861 789.329 588.656 675.221 232.471 526.628
internal_count=163284 47493 18954 115791 77323 17465 6714 69265
is_linear=0
shrinkage=0.0750466


Tree=20
num_leaves=9
num_cat=0
split_feature=27 98 55 8 7 84 84 8
split_gain=159.727 74.0756 52.57 46.3325 61.81 36.9934 34.213 28.3915
threshold=2.5000000000000004 1.0000000180025095e-35 1.0000000180025095e-35 9683.5850000000009 1462.8150000000003 3.5000000000000004 1.0000000180025095e-35 12961.865000000002
decision_type=2 2 2 2 2 2 2 2
left_child=1 5 3 4 6 7 -2 -1
right_child=2 -3 -4 -5 -6 -7 -8 -9
leaf_value=0.028801021337806643 0.019147030924920858 0.090118833160671902 -0.047283166871950402 -0.032891419618860336 0.099649336148289663 -0.035991388302974867 -0.044651602022492333 0.0031994579116269217
leaf_weight=486.8948693536222 135.15727778756991 72.808655060827732 370.97303146542981 246.9445380307734 39.094917275942862 83.779872764833272 72.860116921365261 488.94534576684237
leaf_count=12722 12376 2585 64323 30862 3401 9291 13171 14553
internal_value=-0.00165175 0.016896 -0.025933 -0.00990176 0.0130723 0.0118647 -0.00319906 0.0159733
internal_weight=1997.46 1132.43 865.03 494.057 247.112 1059.62 208.017 975.84
internal_count=163284 39151 124133 59810 28948 36566 25547 27275
is_linear=0
shrinkage=0.0750466


Tree=21
num_leaves=9
num_cat=0
split_feature=52 22 33 16 97 22 10 71
split_gain=297.654 144.302 181.408 30.3263 37.0051 25.3245 23.917 22.3052
threshold=16685.650000000005 6061.1650000000009 17595.285000000003 -14461.189999999999 7.5000000000000009 78916.440000000017 -193.11999999999998 1.0000000180025095e-35
decision_type=2 2 2 2 2 2 2 2
left_child=1 2 3 -1 -5 -3 -6 -2
right_child=7 5 -4 4 6 -7 -8 -9
leaf_value=0.073774663932966555 -0.060183169666168428 -0.0053646383319742785 -0.049126566263965075 0.024335485231610242 0.031950577855475289 -0.040053714708818938 0.078308603038307931 0.015988340761305325
leaf_weight=139.00141833908856 415.23453482566401 278.85142577020451 143.88076824648306 526.63943732250482 107.31252386979759 206.15338287968189 150.69680527970195 22.842229241505265
leaf_count=2297 81391 23089 7763 10512 7724 22803 4641 3064
internal_value=-0.00158045 0.0138347 0.0292563 0.0414663 0.0357428 -0.0201094 0.0590271 -0.0562114
internal_weight=1990.61 1552.54 1067.53 923.65 784.649 485.005 258.009 438.077
internal_count=163284 78829 32937 25174 22877 45892 12365 84455
is_linear=0
shrinkage=0.0750466


Tree=22
num_leaves=9
num_cat=0
split_feature=18 99 50 153 153 96 115 85
split_gain=198.496 107.352 41.6035 41.425 34.072 32.4965 19.3259 11.2869
threshold=13442.075000000003 1.0000000180025095e-35 1.0000000180025095e-35 651.0150000000001 475.06500000000005 1.0000000180025095e-35 1158.7700000000002 20560.050000000003
decision_type=2 2 2 8 10 2 10 2
left_child=1 2 3 5 7 -1 -5 -2
right_child=4 -3 -4 6 -6 -7 -8 -9
leaf_value=0.011802869523377202 -0.0014320686542594375 0.11598212723226663 -0.058336283909799218 0.0065737389641037976 -0.050577684258401902 0.048075632183030938 -0.024084867695965372 -0.040695029980996549
leaf_weight=321.35605607996695 144.10108939791098 55.842502161161974 48.671028252225369 568.17811969970353 394.35937854484655 245.27262031240389 145.43761363532394 57.765370524954051
leaf_count=7518 13561 1887 2202 27183 77205 8841 16482 8405
internal_value=-0.00153898 0.0140488 0.00976547 0.0123545 -0.0377423 0.027504 0.000325398 -0.0126674
internal_weight=1980.98 1384.76 1328.92 1280.24 596.226 566.629 713.616 201.866
internal_count=163284 64113 62226 60024 99171 16359 43665 21966
is_linear=0
shrinkage=0.0750466


Tree=23
num_leaves=9
num_cat=0
split_feature=24 56 116 85 147 140 149 5
split_gain=142.94 49.0833 27.754 21.2066 13.8243 12.0539 10.2322 14.9553
threshold=4.5000000000000009 1169.9700000000003 2777.4150000000004 14134.650000000001 -12321.749999999998 1998.6300000000003 489.50000000000006 36.500000000000007
decision_type=2 2 10 2 10 10 8 2
left_child=1 2 3 4 6 -2 -1 -8
right_child=5 -3 -4 -5 -6 -7 7 -9
leaf_value=-0.0070511434295353606 -0.024571125585180036 -0.028750354673133964 -0.014659417583926809 -0.017772687513162046 0.033990548874917224 -0.050641647627540878 0.039391820540517986 0.012866577926067895
leaf_weight=100.68066948908381 164.5490817471873 172.46907814079896 170.33996853092685 88.07567760697566 308.82433041278273 254.15677079535089 151.99942450714298 563.57318348623812
leaf_count=2778 23944 20964 16783 10507 10643 55593 3613 18459
internal_value=-0.00147319 0.00900087 0.013707 0.01769 0.0204661 -0.0403961 0.0153493 0.018501
internal_weight=1974.67 1555.96 1383.49 1213.15 1125.08 418.706 816.253 715.573
internal_count=163284 83747 62783 46000 35493 79537 24850 22072
is_linear=0
shrinkage=0.0750466


Tree=24
num_leaves=9
num_cat=0
split_feature=133 11 32 20 116 104 138 25
split_gain=170.573 149.402 84.2111 27.0996 20.4051 17.9873 14.9921 14.5478
threshold=1.0000000180025095e-35 475.70500000000004 1.0000000180025095e-35 10921.325000000003 2777.4150000000004 4164.1500000000005 1513.9350000000002 13149.170000000002
decision_type=10 2 2 2 10 2 8 2
left_child=1 2 3 4 5 -1 -4 -3
right_child=-2 7 6 -5 -6 -7 -8 -9
leaf_value=0.027295348783337413 0.14267225245761619 -0.027121287498217281 0.0069999612861086288 -0.019596031835941802 -0.011804886700521239 -0.0098437052105791855 -0.043079681144371669 -0.051566376358721432
leaf_weight=852.6504617871251 45.221398812718689 334.91230632737279 41.452940269140527 103.61226331675425 98.583765778224915 80.368599516572431 179.23893698584288 232.15686278045177
leaf_count=22161 604 45707 2095 8214 8200 8921 16670 50712
internal_value=-0.00139528 -0.00478322 0.00874449 0.0169907 0.0206654 0.0240963 -0.0336731 -0.0371291
internal_weight=1968.2 1922.98 1355.91 1135.22 1031.6 933.019 220.692 567.069
internal_count=163284 162680 66261 47496 39282 31082 18765 96419
is_linear=0
shrinkage=0.0750466


Tree=25
num_leaves=9
num_cat=0
split_feature=107 16 111 134 20 85 56 24
split_gain=169.17 37.2807 17.0377 14.4763 20.6134 15.4705 12.2644 9.41146
threshold=66.500000000000014 -14461.189999999999 1.0000000180025095e-35 1076107.5600000003 48105.080000000009 17067.150000000005 280.34000000000003 8.5000000000000018
decision_type=2 2 8 8 2 2 2 2
left_child=1 -1 6 4 5 -3 -2 -4
right_child=2 3 7 -5 -6 -7 -8 -9
leaf_value=0.046207784937215383 -0.028424460989003704 0.01916827222706198 0.023795362103719978 -0.0057864945179310024 -0.031507115779151454 -0.022699855029875513 -0.05106827459118711 -0.03345634846844163
leaf_weight=172.04812384722754 308.24035000707954 775.94698481122032 41.533975441474468 288.85168953612447 53.664456016849726 53.106738085625693 239.29201022582129 26.481805660063401
leaf_count=2399 56818 28888 4373 5493 4071 6132 50902 4208
internal_value=-0.00133919 0.013587 -0.0339201 0.00879657 0.0135686 0.0164863 -0.0383206 0.00150453
internal_weight=1959.17 1343.62 615.548 1171.57 882.718 829.054 547.532 68.0158
internal_count=163284 46983 116301 44584 39091 35020 107720 8581
is_linear=0
shrinkage=0.0750466


Tree=26
num_leaves=9
num_cat=0
split_feature=133 81 99 85 95 128 95 20
split_gain=127.855 83.3113 50.5592 40.7231 26.9367 21.7117 17.8818 15.8406
threshold=1.0000000180025095e-35 56108.485000000008 1.0000000180025095e-35 20560.050000000003 1.0000000180025095e-35 694.53000000000009 1.5000000000000002 65848.940000000017
decision_type=10 2 2 2 2 10 2 2
left_child=1 2 3 4 5 7 -3 -1
right_child=-2 6 -4 -5 -6 -7 -8 -9
leaf_value=0.0065382002331031081 0.11758313155890915 -0.041653602516261073 0.073091589500498003 -0.0391423747224698 0.044591700435427234 -0.0313183391132539 0.023318568326944383 -0.034333826517586992
leaf_weight=1108.9099537178408 49.677989627234638 332.36293359193951 56.150944647844881 132.61383026302792 87.956427263095975 103.36434616148472 25.701989730121568 56.106944693252444
leaf_count=44336 604 61632 2709 25278 6009 12209 4800 5707
internal_value=-0.00127061 -0.00437303 0.00318566 0.000549391 0.00443019 0.00164518 -0.0369899 0.00456981
internal_weight=1952.85 1903.17 1545.1 1488.95 1356.34 1268.38 358.065 1165.02
internal_count=163284 162680 96248 93539 68261 62252 66432 50043
is_linear=0
shrinkage=0.0750466


Tree=27
num_leaves=9
num_cat=0
split_feature=11 24 116 26 113 149 72 11
split_gain=127.964 35.4403 19.8873 17.393 16.9753 11.8886 11.3205 8.98138
threshold=475.70500000000004 8.5000000000000018 2777.4150000000004 1.0000000180025095e-35 -2054.4999999999995 489.50000000000006 1708.4500000000003 18.395000000000003
decision_type=2 2 10 2 8 10 2 2
left_child=1 2 4 -2 -1 7 -5 -6
right_child=3 -3 -4 6 5 -7 -8 -9
leaf_value=-0.017674826193680798 0.026099579784551234 -0.035683208748188706 -0.01443805728931349 -0.043708202535057486 0.0013685092134894151 0.025272915039499702 -0.019594464361855312 0.023095998518455906
leaf_weight=76.301900673890486 26.842062067706138 87.684766882332042 128.90262675704435 338.95516640297137 284.1660184264183 669.02744723251089 162.07759562670253 172.00490749138407
leaf_count=3481 1398 16007 11239 73579 3449 26878 21550 5703
internal_value=-0.00121235 0.0105291 0.0135749 -0.0327547 0.0165802 0.0189031 -0.0359077 0.00956113
internal_weight=1945.96 1418.09 1330.4 527.875 1201.5 1125.2 501.033 456.171
internal_count=163284 66757 50750 96527 39511 36030 95129 9152
is_linear=0
shrinkage=0.0750466


Tree=28
num_leaves=9
num_cat=0
split_feature=52 33 8 20 2 81 21 134
split_gain=197.746 115.494 53.4338 33.1654 21.3097 20.1248 19.8418 14.4331
threshold=16685.650000000005 27559.105000000007 14788.655000000001 203.56500000000003 1.0000000180025095e-35 8797.7650000000012 1.0000000180025095e-35 106977.60000000002
decision_type=2 2 2 2 2 2 2 10
left_child=1 2 4 5 -1 7 -6 -4
right_child=-2 -3 3 -5 6 -7 -8 -9
leaf_value=0.005965708406483747 -0.051707942219580499 -0.050519724922066973 0.032158706565346473 -0.029739561177571323 0.082225304449664721 -0.015100814361620073 0.032157705139574846 0.00017826250098596319
leaf_weight=168.94381913542747 355.81432753358968 158.75221528601833 208.68479366414249 154.64259102405049 48.218078655190766 126.73866958986036 590.66529983957298 128.36878828308545
leaf_count=1580 84455 11888 3311 14885 928 11066 30309 4862
internal_value=-0.00114922 0.0102005 0.0169591 0.000357445 0.0296685 0.0103927 0.0359364 0.0199788
internal_weight=1940.83 1585.01 1426.26 618.435 807.827 463.792 638.883 337.054
internal_count=163284 78829 66941 34124 32817 19239 31237 8173
is_linear=0
shrinkage=0.0750466


Tree=29
num_leaves=9
num_cat=0
split_feature=111 18 94 131 27 12 115 84
split_gain=124.48 88.0907 39.4578 29.0368 21.4212 18.3958 16.5596 14.373
threshold=1.0000000180025095e-35 13442.075000000003 1.0000000180025095e-35 392.95500000000004 1.5000000000000002 6.5000000000000009 1.0000000180025095e-35 2.5000000000000004
decision_type=10 2 2 10 2 2 8 2
left_child=1 2 3 7 -3 -4 -7 -1
right_child=-2 4 5 -5 -6 6 -8 -9
leaf_value=0.0075157042725548465 0.10942901205725666 -0.0055325157151090952 0.086972178702957217 -0.034074012691745571 -0.040896934423450396 0.060774596971471313 -0.020970282577090694 -0.026718870197441319
leaf_weight=1093.0872071732301 55.720656885765493 131.19068353739567 44.100532162003219 115.62971042981371 364.44388453382999 29.553459903690964 26.446787521243095 73.726892549777403
leaf_count=32835 565 13811 1716 13632 85300 2108 2999 10318
internal_value=-0.00111201 -0.00439148 0.00533977 0.0017977 -0.0315362 0.0507191 0.0221696 0.00535254
internal_weight=1933.9 1878.18 1382.54 1282.44 495.635 100.101 56.0002 1166.81
internal_count=163284 162719 63608 56785 99111 6823 5107 43153
is_linear=0
shrinkage=0.0750466


Tree=30
num_leaves=9
num_cat=0
split_feature=25 21 64 115 72 115 84 83
split_gain=81.8261 27.0872 21.11 16.6797 15.1296 11.6774 11.0112 14.0188
threshold=7648.2250000000013 1.0000000180025095e-35 11572.960000000001 2964.0000000000005 1057.6200000000001 77121.545000000013 2.5000000000000004 1.0000000180025095e-35
decision_type=2 2 2 10 2 8 2 2
left_child=1 -1 3 6 -2 -6 7 -3
right_child=4 2 -4 -5 5 -7 -8 -9
leaf_value=0.034917137230287658 -0.042272954226976356 0.0069378407225186654 -0.033686189211951226 -0.017790064520621218 -0.020806328541436849 0.043283971616670296 -0.021458841348746576 0.032170421189744253
leaf_weight=168.02308147540316 266.5962786313612 944.39757059677504 82.991019487613812 154.72330486564897 81.567271437495947 19.921761440811679 65.383722535334527 142.75246067577973
leaf_count=3567 69815 24604 13113 17095 12367 1990 9176 11557
internal_value=-0.00106134 0.00645595 0.00301618 0.00534622 -0.0328854 -0.00822574 0.00845218 0.0102511
internal_weight=1926.36 1558.27 1390.25 1307.26 368.085 101.489 1152.53 1087.15
internal_count=163284 79112 75545 62432 84172 14357 45337 36161
is_linear=0
shrinkage=0.0750466


Tree=31
num_leaves=9
num_cat=0
split_feature=107 99 95 12 39 5 5 25
split_gain=95.6249 67.6002 49.5749 25.0292 22.7608 13.5252 12.5886 12.5182
threshold=85.500000000000014 1.0000000180025095e-35 1.5000000000000002 7.5000000000000009 1.0000000180025095e-35 61.500000000000007 67.500000000000014 14700.440000000001
decision_type=2 2 2 2 2 2 2 2
left_child=1 2 4 7 5 -1 -7 -2
right_child=3 -3 -4 -5 -6 6 -8 -9
leaf_value=-0.00050713823327144564 0.0024257202918843254 0.082248858269008449 0.065449253026203205 -0.051716140947744495 -0.045081572657069961 0.037249559920432149 0.0038087213452565423 -0.03385830362558831
leaf_weight=1053.3297515581362 111.91569144604728 65.712094557238743 71.23360048700124 202.56183962617069 57.258810652187094 114.32761421427131 142.32470531971194 102.68786743050441
leaf_count=43405 19883 1803 3119 53404 5224 4816 5538 26092
internal_value=-0.00100394 0.00781297 0.0044126 -0.0327953 0.00123258 0.00325695 0.0187052 -0.0149362
internal_weight=1921.35 1504.19 1438.47 417.165 1367.24 1309.98 256.652 214.604
internal_count=163284 63905 62102 99379 58983 53759 10354 45975
is_linear=0
shrinkage=0.0750466


Tree=32
num_leaves=9
num_cat=0
split_feature=52 8 135 10 153 5 9 127
split_gain=152.554 53.9311 36.4317 35.9166 27.0917 20.12 24.3099 19.7135
threshold=16685.650000000005 14788.655000000001 -1567.4999999999998 -3005.3049999999998 651.0150000000001 36.500000000000007 1656.3400000000004 1221.5000000000002
decision_type=2 2 10 2 10 2 2 8
left_child=1 2 -1 -4 7 -5 -7 -3
right_child=-2 4 3 5 -6 6 -8 -9
leaf_value=0.0077466698588996982 -0.048650659058274891 0.036349424942482687 -0.021890470489266723 0.08491428758444608 -0.029654169515265706 0.019759759733817751 0.066488227940927347 -0.0039257180766112164
leaf_weight=505.87981910677627 315.54496674914844 81.382423589471728 48.176357299787924 64.933857885189354 207.77755970694125 158.43276026775129 103.770662921248 430.60833688010462
leaf_count=15059 84455 2757 6570 2913 27890 7430 4703 11507
internal_value=-0.000958499 0.00844149 0.0208901 0.0386059 -0.00679901 0.047515 0.0382532 0.00247613
internal_weight=1916.51 1600.96 881.193 375.314 719.768 327.137 262.203 511.991
internal_count=163284 78829 36675 21616 42154 15046 12133 14264
is_linear=0
shrinkage=0.0750466


Tree=33
num_leaves=9
num_cat=0
split_feature=52 33 71 39 113 116 72 2
split_gain=136.302 97.8205 24.7341 22.4309 20.3642 12.1981 11.024 18.6537
threshold=16685.650000000005 27559.105000000007 1.0000000180025095e-35 82168.650000000009 -2054.4999999999995 3435.7150000000006 387.90500000000003 1.0000000180025095e-35
decision_type=2 2 2 2 8 10 2 2
left_child=1 3 -2 4 -1 6 7 -6
right_child=2 -3 -4 -5 5 -7 -8 -9
leaf_value=-0.02094271187825688 -0.052848128773999789 -0.049465283669545931 0.036265624204649217 -0.031633087129166716 -0.0021406754892608205 -0.0023932185092398021 0.015682758871163875 0.040528245976021622
leaf_weight=80.857348628574982 282.03427025163546 152.48046928993426 18.704917468130589 58.971566268708557 72.962408812716603 148.66366986278445 821.78881096886471 275.91836899612099
leaf_count=3517 81391 11888 3064 6447 783 16373 25151 14670
internal_value=-0.000925298 0.00772945 -0.0473056 0.0137062 0.0156158 0.0178563 0.0204278 0.0316048
internal_weight=1912.38 1611.64 300.739 1459.16 1400.19 1319.33 1170.67 348.881
internal_count=163284 78829 84455 66941 60494 56977 40604 15453
is_linear=0
shrinkage=0.0750466


Tree=34
num_leaves=9
num_cat=0
split_feature=51 32 71 56 21 147 147 6
split_gain=122.215 52.4815 41.0433 33.0291 19.9146 9.33002 7.96952 6.67725
threshold=1.0000000180025095e-35 1.5000000000000002 1.0000000180025095e-35 8668.8100000000031 1.0000000180025095e-35 1.0000000180025095e-35 -31205.244999999999 145.50000000000003
decision_type=2 2 2 2 2 8 10 2
left_child=1 3 5 4 -1 -2 -6 -8
right_child=2 -3 -4 -5 6 -7 7 -9
leaf_value=0.040800009637284203 -0.058554959321366888 -0.040977793507386465 0.040117496734131688 -0.044554694875977401 0.0055043004493979262 -0.026960497729604693 0.02365219119070347 0.0068416074764193549
leaf_weight=139.07394630089402 227.45251506497152 115.43845626804978 30.553271407959983 56.749900480499491 697.78866958059371 68.492362545570359 360.9921091911383 210.77185126021504
leaf_count=2091 74855 7442 3676 8948 26409 9808 17025 13030
internal_value=-0.000892826 0.00774059 -0.0426935 0.0115785 0.01384 -0.0512429 0.0108866 0.0174552
internal_weight=1907.31 1580.81 326.498 1465.38 1408.63 295.945 1269.55 571.764
internal_count=163284 74945 88339 67503 58555 84663 56464 30055
is_linear=0
shrinkage=0.0750466


Tree=35
num_leaves=9
num_cat=0
split_feature=50 153 95 8 71 149 153 142
split_gain=60.4762 48.1611 34.5397 24.0463 36.1114 17.4213 14.4724 20.171
threshold=1.0000000180025095e-35 651.0150000000001 1.0000000180025095e-35 9683.5850000000009 1.0000000180025095e-35 489.50000000000006 3853.3050000000007 154836.00000000003
decision_type=2 10 2 2 2 8 10 10
left_child=1 2 5 4 -3 -1 7 -6
right_child=-2 3 -4 -5 6 -7 -8 -9
leaf_value=-0.015995902044813458 -0.060310920219141965 -0.024324809591886144 0.059494216263584442 -0.029909173766433119 0.011972415069978416 0.011360268137368346 0.001740368146444434 0.087741600453537003
leaf_weight=151.83684005937539 91.712212848011404 167.52614403143525 77.333086193073541 303.11733460077085 41.175330732017756 960.39707566646393 71.026817799080163 38.096676790621132
leaf_count=7305 11035 38550 3613 55839 2263 35080 7191 2408
internal_value=-0.000857188 0.00215447 0.0109977 -0.0147869 -0.000364343 0.00762573 0.0263425 0.0483857
internal_weight=1902.22 1810.51 1189.57 620.942 317.825 1112.23 150.299 79.272
internal_count=163284 152249 45998 106251 50412 42385 11862 4671
is_linear=0
shrinkage=0.0750466


Tree=36
num_leaves=9
num_cat=0
split_feature=52 33 95 8 73 98 71 5
split_gain=105.559 80.7138 48.9164 27.9224 23.2613 21.0238 20.3144 17.052
threshold=16685.650000000005 27559.105000000007 1.0000000180025095e-35 11254.315000000002 9.5000000000000018 1.0000000180025095e-35 1.0000000180025095e-35 39.500000000000007
decision_type=2 2 2 2 2 2 2 2
left_child=1 2 4 -4 5 -1 -2 -6
right_child=6 -3 3 -5 7 -7 -8 -9
leaf_value=0.00866456158076883 -0.050005284704533422 -0.047469004088292445 0.089523162789663449 0.014695423016552448 0.025427374735942383 0.048707772809131758 0.028408116127924796 -0.0313317951371343
leaf_weight=1120.3363844510168 250.86082951095887 142.88807298522443 67.635704295011237 48.030885834712535 38.605474591022357 79.054444094421342 20.098130303667858 130.84596761828288
leaf_count=36383 81391 11888 2989 3111 4475 2831 3064 17152
internal_value=-0.00081944 0.00640153 0.0115867 0.0584507 0.00762673 0.0113039 -0.044189 -0.0184006
internal_weight=1898.36 1627.4 1484.51 115.667 1368.84 1199.39 270.959 169.451
internal_count=163284 78829 66941 6100 60841 39214 84455 21627
is_linear=0
shrinkage=0.0750466


Tree=37
num_leaves=9
num_cat=0
split_feature=51 50 32 17 22 16 153 107
split_gain=94.3983 60.9503 45.9632 40.112 39.6281 19.4145 27.3282 19.2254
threshold=1.0000000180025095e-35 1.0000000180025095e-35 1.5000000000000002 3.5000000000000004 78916.440000000017 -14461.189999999999 5389.9350000000004 45.500000000000007
decision_type=2 2 2 2 2 2 8 2
left_child=1 2 4 7 5 -1 -7 -2
right_child=3 -3 -4 -5 -6 6 -8 -9
leaf_value=0.042090086042212378 -0.0095330718094294668 -0.059499135140381541 -0.037802157635308788 0.084005587231132633 -0.025448203605310235 0.02127873446918925 -0.0047174662673528742 -0.056245034087912919
leaf_weight=157.00908784731291 64.091070562368259 75.204775792779401 106.61468301853165 14.094905885285696 134.51491817901842 803.91887146094814 317.77031020959839 219.8141798080178
leaf_count=2620 6289 7071 7217 3580 16996 29080 11961 78470
internal_value=-0.000793756 0.00644989 0.00971321 -0.039565 0.0132978 0.0173738 0.0139141 -0.0456999
internal_weight=1893.03 1595.03 1519.83 298 1413.21 1278.7 1121.69 283.905
internal_count=163284 74945 67874 88339 60657 43661 41041 84759
is_linear=0
shrinkage=0.0750466


Tree=38
num_leaves=9
num_cat=0
split_feature=50 32 56 137 13 8 135 73
split_gain=49.9622 54.2111 28.3458 16.3672 15.8155 13.9388 17.6726 17.6834
threshold=1.0000000180025095e-35 1.0000000180025095e-35 4810.0000000000009 10375.225000000002 1.5000000000000002 9683.5850000000009 -1567.4999999999998 8.5000000000000018
decision_type=2 2 2 10 2 2 10 2
left_child=1 2 4 -3 5 6 -1 -8
right_child=-2 3 -4 -5 -6 -7 7 -9
leaf_value=0.008028674054942871 -0.057827515136131866 -0.017655900120176891 -0.030661159961681981 -0.059375770399943267 -0.036064242815697742 0.0035876439112767188 0.039513042792254809 -0.011123493169396948
leaf_weight=397.87810509093106 82.647724229027517 161.1799867429072 105.33349567302503 78.877521846792661 41.41380631015636 713.21564984857105 261.50506102223881 45.617515255813487
leaf_count=22340 11035 11817 22903 23411 795 45954 16857 8172
internal_value=-0.000769773 0.00184277 0.00693654 -0.0313641 0.00964976 0.0109847 0.0184679 0.0319919
internal_weight=1887.67 1805.02 1564.96 240.058 1459.63 1418.22 705.001 307.123
internal_count=163284 152249 117021 35228 94118 93323 47369 25029
is_linear=0
shrinkage=0.0750466


Tree=39
num_leaves=9
num_cat=0
split_feature=133 11 32 50 94 8 115 85
split_gain=123.584 44.9345 41.1461 34.8892 16.6398 15.6226 14.3833 11.8923
threshold=8.0000000000000018 665.45500000000015 1.5000000000000002 1.0000000180025095e-35 1.0000000180025095e-35 9683.5850000000009 2964.0000000000005 20560.050000000003
decision_type=10 2 2 2 2 2 10 2
left_child=1 2 3 4 6 -6 7 -1
right_child=-2 -3 -4 -5 5 -7 -8 -9
leaf_value=0.010225486832759969 0.15926630743587383 -0.02785076273281567 -0.040789886606319992 -0.056617491313166846 0.060965719124593552 0.0016853416803272346 -0.019787835338352718 -0.022681236122852052
leaf_weight=1076.0183443154674 26.801469362573698 336.68392992671579 114.61520443169866 48.433429723721929 62.049805646878667 41.974785863538273 112.52874235389754 65.625100467121229
leaf_count=34978 244 80379 12411 2826 3887 2243 13681 12635
internal_value=-0.000734507 -0.00304259 0.00244798 0.0059711 0.00820301 0.0370456 0.00581073 0.00833391
internal_weight=1884.73 1857.93 1521.25 1406.63 1358.2 104.025 1254.17 1141.64
internal_count=163284 163040 82661 70250 67424 6130 61294 47613
is_linear=0
shrinkage=0.0750466


Tree=40
num_leaves=9
num_cat=0
split_feature=133 22 73 21 17 107 96 22
split_gain=99.2472 65.315 17.0104 13.3143 12.5704 9.28863 8.88763 11.0026
threshold=8.0000000000000018 26219.395 8.5000000000000018 1.0000000180025095e-35 3.5000000000000004 103.50000000000001 1.0000000180025095e-35 6061.1650000000009
decision_type=10 2 2 2 2 2 2 2
left_child=1 2 3 -1 -3 -6 -5 -8
right_child=-2 4 -4 6 5 -7 7 -9
leaf_value=0.027334308336838892 0.13836767672571212 -0.033509794546969701 -0.018767902387440891 -0.0017170359707212419 0.061862820135856852 -0.029308547092343495 0.016452655037538629 -0.012787482058215179
leaf_weight=163.47711704135872 28.462084700120613 367.88452671270352 158.00854532886297 611.65196236793417 14.050906943390148 11.399547258974051 436.90175442339387 86.891037154593505
leaf_count=3901 244 80883 23485 18273 1733 3350 22272 9143
internal_value=-0.00070499 -0.0028443 0.00448195 0.0073102 -0.0299811 0.0210261 0.00442721 0.0116021
internal_weight=1878.73 1850.27 1456.93 1298.92 393.335 25.4505 1135.44 523.793
internal_count=163284 163040 77074 53589 85966 5083 49688 31415
is_linear=0
shrinkage=0.0750466


Tree=41
num_leaves=9
num_cat=0
split_feature=133 99 107 8 9 107 25 83
split_gain=80.8075 37.3399 29.6686 21.5477 36.0699 23.5182 10.1044 10.7578
threshold=8.0000000000000018 1.5000000000000002 85.500000000000014 11254.315000000002 1656.3400000000004 1.0000000180025095e-35 14700.440000000001 1407.6450000000002
decision_type=10 2 2 2 2 2 2 2
left_child=1 2 3 4 -1 -5 7 -4
right_child=-2 -3 6 5 -6 -7 -8 -9
leaf_value=-0.00074931343788472104 0.12184343361674975 0.067178221357934123 -0.038778770658041063 0.032423064194513136 0.036216494325352365 -0.01371164929762638 -0.038704363237277613 0.00053058572794671861
leaf_weight=564.10187801648863 29.83731213468127 42.137541820295155 58.442779670236632 68.988459632731974 201.86358965118416 635.39179710065946 153.32263720361516 119.14529381261673
leaf_count=25133 244 1945 12110 586 6257 30993 55331 30685
internal_value=-0.000671845 -0.00265489 -0.00428852 0.000280648 0.00899271 -0.00919312 -0.0245909 -0.0124058
internal_weight=1873.23 1843.39 1801.26 1470.35 765.965 704.38 330.911 177.588
internal_count=163284 163040 161095 62969 31390 31579 98126 42795
is_linear=0
shrinkage=0.0750466


Tree=42
num_leaves=9
num_cat=0
split_feature=50 18 72 8 73 56 28 73
split_gain=40.7663 29.925 12.6039 25.0195 24.6978 15.4287 9.46724 9.32714
threshold=1.0000000180025095e-35 27674.390000000003 1708.4500000000003 11254.315000000002 2.5000000000000004 280.34000000000003 7437.8550000000005 7.5000000000000009
decision_type=2 2 2 2 2 2 2 2
left_child=1 2 5 4 -4 -1 -3 -6
right_child=-2 6 3 -5 7 -7 -8 -9
leaf_value=0.0020834204038077996 -0.055197340781306385 -0.0053192978781028523 0.0033899133828793741 0.00035855395055104587 0.031917804932412176 -0.031552035683448415 -0.035682688420995333 0.065485598869761311
leaf_weight=580.6212135492824 74.080391858355142 98.547061978722923 159.79566163802519 506.29543329868466 152.80302310851403 88.515557673759758 139.98960575379897 67.086945880204439
leaf_count=41330 11035 15560 1293 16968 3574 18854 50110 4560
internal_value=-0.00064143 0.0016118 0.00540822 0.0112797 0.0258426 -0.00236599 -0.0231386 0.0421591
internal_weight=1867.73 1793.65 1555.12 885.981 379.686 669.137 238.537 219.89
internal_count=163284 152249 86579 26395 9427 60184 65670 8134
is_linear=0
shrinkage=0.0750466


Tree=43
num_leaves=9
num_cat=0
split_feature=111 153 140 24 95 20 149 46
split_gain=57.3135 30.1599 17.6023 13.9206 14.8397 10.7343 10.8117 10.0767
threshold=1.0000000180025095e-35 651.0150000000001 1.0000000180025095e-35 9.5000000000000018 2.5000000000000004 3581.3600000000001 489.50000000000006 1.0000000180025095e-35
decision_type=10 10 10 2 2 2 8 2
left_child=1 2 5 7 -5 6 -1 -3
right_child=-2 3 -4 4 -6 -7 -8 -9
leaf_value=-0.018161271602232933 0.070340365584053793 -0.0085860639070401562 0.020567641973897776 -0.051740298579762749 0.067634285065895833 -0.028101723997191606 0.0049543651267406107 -0.045454020818903131
leaf_weight=135.4022423226852 61.989500204101205 461.22618059522938 272.69108004285954 86.04631597304251 6.2939173122867933 76.201552899903618 719.54295131680556 45.908409541356377
leaf_count=5413 565 65959 20424 37450 2204 4925 17483 8861
internal_value=-0.000611072 -0.00305005 0.0037987 -0.0168034 -0.0436037 -0.00111217 0.00129342 -0.0119235
internal_weight=1865.3 1803.31 1203.84 599.475 92.3402 931.147 854.945 507.135
internal_count=163284 162719 48245 114474 39654 27821 22896 74820
is_linear=0
shrinkage=0.0750466


Tree=44
num_leaves=9
num_cat=0
split_feature=51 111 50 17 8 95 107 74
split_gain=66.5855 42.5333 38.3092 35.7874 24.6419 29.37 16.5302 15.8356
threshold=1.0000000180025095e-35 1.0000000180025095e-35 1.0000000180025095e-35 3.5000000000000004 11254.315000000002 1.0000000180025095e-35 59.500000000000007 1660.8950000000002
decision_type=2 10 2 2 2 2 2 2
left_child=1 2 4 6 5 7 -2 -1
right_child=3 -3 -4 -5 -6 -7 -8 -9
leaf_value=0.0021858006448038743 -0.014788933569822213 0.06701160413345307 -0.0563553728050551 0.079217854532040166 -0.0048634975716605622 0.060210502399653802 -0.055575682971110943 0.026778820356838103
leaf_weight=476.62829096987844 84.043088108184747 60.361832512542605 59.297015042160638 14.521261385292744 712.84027706470806 71.852328199893236 167.49737592064776 213.51791618461721
leaf_count=15184 10914 419 7056 3580 39399 3056 73845 9831
internal_value=-0.000580023 0.00521931 0.00278804 -0.0353352 0.00516595 0.0145484 -0.0419483 0.00979441
internal_weight=1860.56 1594.5 1534.14 266.062 1474.84 761.999 251.54 690.146
internal_count=163284 74945 74526 88339 67470 28071 84759 25015
is_linear=0
shrinkage=0.0750466


Tree=45
num_leaves=9
num_cat=0
split_feature=33 22 83 16 22 16 10 149
split_gain=71.4855 59.1315 15.1407 23.3201 30.3025 20.1776 18.8795 11.9781
threshold=27559.105000000007 26219.395 1.0000000180025095e-35 -3350.2649999999999 6061.1650000000009 -14461.189999999999 -627.07499999999993 636.50000000000011
decision_type=2 2 2 2 2 2 2 10
left_child=1 2 5 -4 6 -1 -5 -7
right_child=-2 -3 3 4 -6 7 -8 -9
leaf_value=0.032028702790776679 -0.0473521820491637 -0.023899346900609752 -0.022727223055750895 0.017337680017687589 -0.0033914240870949143 -0.0070326048040785186 0.083400452173234746 0.010117921452733472
leaf_weight=164.17233425052837 167.3152811670443 339.89950455108192 39.173976114485413 34.884945066529326 56.969638095237315 370.4656454490032 80.779309256584384 602.09008142084349
leaf_count=2335 28835 75995 5238 5884 9617 6771 5665 22944
internal_value=-0.000562037 0.00407463 0.0111255 0.0295472 0.0414093 0.00769295 0.0634756 0.00358495
internal_weight=1855.75 1688.44 1348.54 211.808 172.634 1136.73 115.664 972.556
internal_count=163284 134449 58454 26404 21166 32050 11549 29715
is_linear=0
shrinkage=0.0750466


Tree=46
num_leaves=9
num_cat=0
split_feature=111 32 153 8 94 16 57 8
split_gain=39.35 28.1342 23.7932 18.1638 14.7674 11.1624 9.93848 11.5884
threshold=1.0000000180025095e-35 1.5000000000000002 651.0150000000001 16678.810000000001 1.0000000180025095e-35 -14461.189999999999 1.0000000180025095e-35 9683.5850000000009
decision_type=10 2 10 2 2 2 2 2
left_child=1 2 4 -4 5 -1 -7 -8
right_child=-2 -3 3 -5 -6 6 7 -9
leaf_value=0.025703705456532947 0.057334055643038194 -0.037939505453508798 -0.0036102839637225381 -0.032960015935130538 0.038850523211199597 -0.0027535462173483923 0.040494530210222396 0.0020328132445156491
leaf_weight=117.36406069260556 63.872961202636361 118.54847560927738 374.82017456251197 173.83501953433733 72.789513316238299 743.0383853224339 70.947430058033206 116.67378995951731
leaf_count=1297 565 18333 60379 41196 3180 25173 4005 9156
internal_value=-0.000545182 -0.00261279 -0.00010425 -0.0129094 0.00616407 0.00389386 0.00114346 0.0165768
internal_weight=1851.89 1788.02 1669.47 548.655 1120.81 1048.02 930.66 187.621
internal_count=163284 162719 144386 101575 42811 39631 38334 13161
is_linear=0
shrinkage=0.0750466


Tree=47
num_leaves=9
num_cat=0
split_feature=111 108 107 16 16 112 113 127
split_gain=34.3582 22.665 26.953 24.9557 14.1643 11.6561 10.5392 10.1722
threshold=8.0000000000000018 1.0000000180025095e-35 103.50000000000001 -176.96999999999997 -10288.865 1.0000000180025095e-35 -2054.4999999999995 2104.5000000000005
decision_type=10 2 2 2 2 10 8 8
left_child=1 2 4 -3 5 -1 -6 -8
right_child=-2 3 -4 -5 6 -7 7 -9
leaf_value=0.032153668713049893 0.078293573720003048 0.0003683403344046757 -0.026859124108393174 0.14959791419964949 -0.02735855349444485 -5.543625883984048e-05 0.0077259401248346649 -0.006263554995985016
leaf_weight=133.66976784635335 30.636755094164982 13.82532350253314 229.52822773274966 11.612532255938275 89.2565612194594 120.16385977994651 489.36648688022979 728.5383916082792
leaf_count=1268 245 2136 79216 2844 6436 3448 30183 37508
internal_value=-0.000518253 -0.00184787 -0.0028472 0.0684925 0.000683511 0.016906 -0.00246668 -0.000642434
internal_weight=1846.6 1815.96 1790.52 25.4379 1561 253.834 1307.16 1217.9
internal_count=163284 163039 158059 4980 78843 4716 74127 67691
is_linear=0
shrinkage=0.0750466


Tree=48
num_leaves=9
num_cat=0
split_feature=33 111 20 55 127 153 82 20
split_gain=60.3485 29.2273 19.9382 16.6221 14.0193 10.5273 16.0109 12.1369
threshold=27559.105000000007 1.0000000180025095e-35 109749.33500000001 1.5000000000000002 145.50000000000003 5389.9350000000004 1.0000000180025095e-35 203.56500000000003
decision_type=2 10 2 2 8 10 2 2
left_child=1 2 3 4 -1 6 7 -6
right_child=-2 -3 -4 -5 5 -7 -8 -9
leaf_value=-0.033700362576065991 -0.045159667676896394 0.055295237774211428 -0.036454009000193244 -0.02230815989613277 0.0081634718783957956 -0.014087312244660645 0.027507664139618162 -0.01824001868033041
leaf_weight=48.666023398400284 155.93893041426782 59.507639437681064 73.470535499975085 128.38951409386937 924.24822858686093 118.61493488843553 223.64414402865805 109.68639533931855
leaf_count=3697 28835 391 17408 28293 25963 18509 33888 6300
internal_value=-0.000493331 0.00363732 0.0017476 0.00355459 0.00588499 0.00728484 0.00930067 0.00536242
internal_weight=1842.17 1686.23 1626.72 1553.25 1424.86 1376.19 1257.58 1033.93
internal_count=163284 134449 134058 116650 88357 84660 66151 32263
is_linear=0
shrinkage=0.0750466


Tree=49
num_leaves=9
num_cat=0
split_feature=51 8 107 140 56 127 107 129
split_gain=52.3138 20.8957 18.9997 18.9724 12.9473 12.646 10.6858 10.6008
threshold=1.0000000180025095e-35 9683.5850000000009 45.500000000000007 953.55500000000018 6037.6250000000009 510.50000000000006 1.0000000180025095e-35 9.5000000000000018
decision_type=2 2 2 10 2 10 2 8
left_child=1 3 -2 5 6 -1 -3 -5
right_child=2 4 -4 7 -6 -7 -8 -9
leaf_value=-0.0048281116036862698 0.0021286064695928528 0.023838633694717868 -0.044950772401345408 0.0072165189789588609 -0.042127716631303998 0.019503623747269831 -0.0042275873256651369 0.041367363577533005
leaf_weight=287.28719374351203 65.619508404866792 85.456440629437566 182.6762308353791 73.501745507935993 46.143238591263071 206.96953943232074 721.0156837963732 168.65282123780344
leaf_count=4735 6552 675 81787 8143 9297 3999 37881 10215
internal_value=-0.000473466 0.00453224 -0.0325087 0.0137922 -0.00346569 0.00536078 -0.0012536 0.0310015
internal_weight=1837.32 1589.03 248.296 736.411 852.615 494.257 806.472 242.155
internal_count=163284 74945 88339 27092 47853 8734 38556 18358
is_linear=0
shrinkage=0.0750466


Tree=50
num_leaves=9
num_cat=0
split_feature=50 10 96 137 9 113 113 142
split_gain=32.1619 15.0247 19.0319 13.3973 11.5949 10.0615 9.45173 7.80097
threshold=1.0000000180025095e-35 -627.07499999999993 1.0000000180025095e-35 16998.050000000003 1579.095 -2054.4999999999995 -1536.4999999999998 2459808.8900000006
decision_type=2 2 2 8 2 8 8 8
left_child=1 5 -3 4 6 -1 -4 -7
right_child=-2 2 3 -5 -6 7 -8 -9
leaf_value=-0.058792738069039029 -0.052213132825012866 -0.0030047759082559391 -0.019198840102670849 -0.0018024428431795561 0.033531878566190262 -0.011477062183446072 0.018064561649600238 0.031925840188878847
leaf_weight=23.86626658460591 65.212211164296605 746.45649138267618 50.326587161398493 193.3696062520612 230.30311930633616 339.593760272488 160.90476660034619 25.042187533923425
leaf_count=4729 11035 26630 5484 22351 7721 66362 17255 1717
internal_value=-0.000454835 0.00145225 0.00511922 0.0146706 0.0218849 -0.0115861 0.00918643 -0.00849627
internal_weight=1835.07 1769.86 1381.36 634.904 441.534 388.502 211.231 364.636
internal_count=163284 152249 79441 52811 30460 72808 22739 68079
is_linear=0
shrinkage=0.0750466


Tree=51
num_leaves=9
num_cat=0
split_feature=50 95 73 21 72 149 0 138
split_gain=28.9092 24.2026 17.135 13.4797 12.1224 10.142 9.15546 8.41569
threshold=1.0000000180025095e-35 4.5000000000000009 9.5000000000000018 1.0000000180025095e-35 1708.4500000000003 489.50000000000006 34241628.000000007 1513.9350000000002
decision_type=2 2 2 2 2 8 2 8
left_child=1 2 3 -1 -4 -5 -6 -7
right_child=-2 -3 4 5 6 7 -8 -9
leaf_value=0.022466872926459904 -0.050711381014632129 0.054956939256426481 -0.037842396709107204 -0.015853546223072383 -0.022753649835344614 0.011430530311658461 0.019777205446240512 -0.0019784266694713943
leaf_weight=173.06327608181164 62.220911540323868 46.168226997018792 106.48808836005628 189.95099176571239 60.323617576621473 413.1375796943903 54.0443989506457 728.33961260970682
leaf_count=4887 11035 4227 36886 13458 8625 12017 6034 66115
internal_value=-0.000432633 0.00133331 -0.000101597 0.00276386 -0.0196214 0.000202803 -0.00265577 0.00287471
internal_weight=1833.74 1771.52 1725.35 1504.49 220.856 1331.43 114.368 1141.48
internal_count=163284 152249 148022 96477 51545 91590 14659 78132
is_linear=0
shrinkage=0.0750466


Tree=52
num_leaves=9
num_cat=0
split_feature=52 32 22 94 97 16 109 16
split_gain=49.8112 22.6143 18.4621 19.2594 14.1205 13.8003 10.728 14.0043
threshold=65522.015000000007 1.5000000000000002 78916.440000000017 1.0000000180025095e-35 7.5000000000000009 -14461.189999999999 1.0000000180025095e-35 -4047.3549999999991
decision_type=2 2 2 2 2 2 2 2
left_child=1 2 3 5 -5 -1 -7 -8
right_child=-2 -3 -4 4 -6 6 7 -9
leaf_value=0.02527956768398492 -0.043574730480689737 -0.032007651987604135 -0.020445322830119506 0.0049668012596768294 0.055431974553417925 -0.0038716555855762671 -0.01992395664360825 0.016216637471154902
leaf_weight=166.76082600117661 139.14301950315712 97.192799361480866 143.03615504945628 51.885345619055443 78.42844362987671 678.84848560328828 70.973032583249733 404.78986547474051
leaf_count=3183 66939 9863 25654 1672 4225 18652 3273 29823
internal_value=-0.000412693 0.00313695 0.00527889 0.00781353 0.0353389 0.00509897 0.00218428 0.0108253
internal_weight=1831.06 1691.91 1594.72 1451.69 130.314 1321.37 1154.61 475.763
internal_count=163284 96345 86482 60828 5897 54931 51748 33096
is_linear=0
shrinkage=0.0750466


Tree=53
num_leaves=9
num_cat=0
split_feature=133 153 147 25 18 29 135 18
split_gain=37.6897 18.6434 15.1052 13.8332 8.82071 17.445 9.03243 7.95502
threshold=8.0000000000000018 651.0150000000001 -9242.2649999999976 16350.765000000001 252.93500000000003 1.0000000180025095e-35 -1993.4999999999998 55363.020000000011
decision_type=10 10 8 2 2 2 10 2
left_child=1 2 -1 -3 -4 -6 -7 -8
right_child=-2 3 4 -5 5 6 7 -9
leaf_value=0.036525471798706327 0.07949475070564492 -0.0079323065059588305 -0.0041209898466908843 -0.039649707238054673 0.034325506213649909 -0.028656610305395722 0.010464677796705563 -0.026338961860770328
leaf_weight=72.681989970675204 32.661648294888437 473.79932460305281 691.28237884014379 92.576078483834863 116.93176767206751 50.115428384044208 259.87373758119065 37.900634277029894
leaf_count=8610 244 68344 7679 46310 6387 4967 13657 7086
internal_value=-0.000398121 -0.00185171 0.00334054 -0.0131166 0.00125427 0.00924836 0.000819493 0.00578032
internal_weight=1827.82 1795.16 1228.79 566.375 1156.1 464.822 347.89 297.774
internal_count=163284 163040 48386 114654 39776 32097 25710 20743
is_linear=0
shrinkage=0.0750466


Tree=54
num_leaves=9
num_cat=0
split_feature=99 29 17 18 46 96 10 115
split_gain=31.9499 20.336 18.7223 14.6705 9.78169 9.79956 11.5263 10.6122
threshold=1.0000000180025095e-35 1.0000000180025095e-35 3.5000000000000004 36158.410000000011 1.0000000180025095e-35 1.0000000180025095e-35 -627.07499999999993 1.0000000180025095e-35
decision_type=2 2 2 2 2 2 2 10
left_child=2 -2 3 4 5 7 -7 -1
right_child=1 -3 -4 -5 -6 6 -8 -9
leaf_value=-0.0033901053427494361 0.080246654175841287 0.0070941066081710016 0.039545468204219232 -0.025425207911773787 -0.02495577207359425 -0.0098267095076668542 0.01200381632997069 -0.03488679873097477
leaf_weight=660.52746034716256 43.640389463165775 42.001669434423093 57.452863870305009 162.87859299546108 95.665412816102616 185.64851466374239 511.54707274533575 66.29414786840789
leaf_count=19051 673 4801 6954 56533 11343 27600 29580 6749
internal_value=-0.000379322 0.0443702 -0.00258186 -0.00402034 -0.00172618 -0.00016562 0.00619081 -0.00626295
internal_weight=1825.66 85.6421 1740.01 1682.56 1519.68 1424.02 697.196 726.822
internal_count=163284 5474 157810 150856 94323 82980 57180 25800
is_linear=0
shrinkage=0.0750466


Tree=55
num_leaves=9
num_cat=0
split_feature=99 4 50 141 94 8 10 113
split_gain=26.9242 21.6392 21.7003 21.0461 12.8963 17.1396 13.8307 11.9354
threshold=1.0000000180025095e-35 1.5000000000000002 1.0000000180025095e-35 4.4850000000000012 1.0000000180025095e-35 23206.245000000003 -500.88999999999993 -713.99999999999989
decision_type=2 2 2 8 2 2 2 10
left_child=1 2 4 -2 6 7 -1 -6
right_child=3 -3 -4 -5 5 -7 -8 -9
leaf_value=-0.014820101585193585 0.0030732948749720504 -0.043204070123486475 -0.04785787804353174 0.0769301858160608 0.018219025419111624 -0.030516638613066263 0.0026598566269864302 0.068997484251878349
leaf_weight=328.83176195668057 42.999351940758061 70.242861156119034 53.160388904681895 43.929076563334092 82.574234326311853 28.434396528231446 1134.3784909435781 38.097830246319063
leaf_count=67049 3950 2159 10249 1524 6594 3945 64349 3465
internal_value=-0.000361003 -0.00240223 -0.000681381 0.0403967 0.000874095 0.0218995 -0.00126847 0.0342505
internal_weight=1822.65 1735.72 1665.48 86.9284 1612.32 149.106 1463.21 120.672
internal_count=163284 157810 155651 5474 145402 14004 131398 10059
is_linear=0
shrinkage=0.0750466


Tree=56
num_leaves=9
num_cat=0
split_feature=56 17 39 7 131 127 63 81
split_gain=17.7424 16.3145 17.829 15.7577 9.93763 10.1118 6.02909 8.02781
threshold=8668.8100000000031 3.5000000000000004 25863.355000000003 1261.8700000000001 568.90500000000009 145.50000000000003 3.5000000000000004 35190.005000000012
decision_type=2 2 2 2 10 8 2 2
left_child=1 2 4 -3 5 -1 -6 -8
right_child=-2 3 -4 -5 6 -7 7 -9
leaf_value=-0.031898324693850559 -0.039801513377921524 -0.0040837560826753432 -0.037596442166648952 0.071966753259802244 -0.022614429706118669 0.0042164788024365461 -0.041453704205241207 0.064380924716769414
leaf_weight=45.037064624426421 62.003127001575194 27.249922474729829 69.386250303359702 35.120843031443655 132.3943302645348 1431.7799407565617 6.4668373807217021 10.740520166931672
leaf_count=3915 20045 2891 14923 3464 21837 89361 2321 4527
internal_value=-0.000346336 0.00104508 -0.000341328 0.0387401 0.00124805 0.00311512 -0.017183 0.0246063
internal_weight=1820.18 1758.18 1695.8 62.3708 1626.42 1476.82 149.602 17.2074
internal_count=163284 143239 136884 6355 121961 93276 28685 6848
is_linear=0
shrinkage=0.0750466


Tree=57
num_leaves=9
num_cat=0
split_feature=51 4 135 7 82 94 82 18
split_gain=36.8777 22.1785 14.7754 14.6175 12.4878 20.4574 13.1395 12.5138
threshold=1.0000000180025095e-35 1.5000000000000002 -2114.9999999999995 1655.0800000000002 1.0000000180025095e-35 1.0000000180025095e-35 6.5000000000000009 252.93500000000003
decision_type=2 2 10 2 2 2 2 2
left_child=1 4 3 -2 -1 6 7 -6
right_child=2 -3 -4 -5 5 -7 -8 -9
leaf_value=0.0022386601509210621 -0.017351778455570253 -0.039050498870491439 -0.036647876289255955 0.087343065306228276 -0.025169842008343057 0.068214351565860726 -0.032003278059744261 0.025701368043480156
leaf_weight=1233.4224098868435 22.936195549031254 65.507896129973233 193.18144367216155 11.167796163470483 31.942042096401565 41.622220829827711 33.959200446552131 184.75243778969161
leaf_count=37366 4945 1484 81434 1960 1379 3986 7673 23057
internal_value=-0.000331211 0.00370784 -0.0286083 0.0169319 0.00554373 0.0194913 0.0114006 0.0182027
internal_weight=1818.49 1591.21 227.285 34.104 1525.7 292.276 250.654 216.694
internal_count=163284 74945 88339 6905 73461 36095 32109 24436
is_linear=0
shrinkage=0.0750466


Tree=58
num_leaves=9
num_cat=0
split_feature=133 12 13 94 24 81 107 16
split_gain=29.4767 14.5833 9.17285 9.05345 11.2314 9.52174 7.92516 7.39263
threshold=8.0000000000000018 8.5000000000000018 1.5000000000000002 1.0000000180025095e-35 8.5000000000000018 3571.4900000000002 103.50000000000001 -10288.865
decision_type=10 2 2 2 2 2 2 2
left_child=1 2 3 4 7 -5 -3 -1
right_child=-2 6 -4 5 -6 -7 -8 -9
leaf_value=0.013107903688244545 0.069885693214314842 -0.012160836894791964 -0.034907387583627061 -0.00012222503252412137 -0.024933520248092072 0.038800159803091948 -0.049876022069764749 -0.0013105120281812184
leaf_weight=243.93462204129901 33.067401397740468 93.635331987286918 40.505002952879295 70.671091203112155 98.802030777384061 70.921412557712756 47.194642717833631 1118.9602014637785
leaf_count=5757 244 11918 809 3177 38037 8450 24757 70135
internal_value=-0.000321753 -0.00162263 0.00036305 0.00125411 -0.000501076 0.0193734 -0.0247999 0.00127014
internal_weight=1817.69 1784.62 1643.79 1603.29 1461.7 141.593 140.83 1362.89
internal_count=163284 163040 126365 125556 113929 11627 36675 75892
is_linear=0
shrinkage=0.0750466


Tree=59
num_leaves=9
num_cat=0
split_feature=33 52 5 18 83 83 74 58
split_gain=49.4154 31.8184 18.5696 16.9371 10.0102 13.1656 6.45802 10.2393
threshold=27559.105000000007 65522.015000000007 39.500000000000007 1.0000000180025095e-35 1.0000000180025095e-35 5324.8300000000008 1660.8950000000002 232.54500000000004
decision_type=2 2 2 2 2 2 2 2
left_child=1 2 3 -1 -5 -6 7 -7
right_child=-2 -3 -4 4 5 6 -8 -9
leaf_value=0.0022123672407281473 -0.042555665238957575 -0.037247789136921276 0.0006174588889007735 0.019348247413967113 0.095646603060874275 -0.0085865893807159904 0.061827906432600388 0.063570419838660977
leaf_weight=204.94879570265766 143.57195515697822 102.20087537472136 1097.2025203585508 163.19094762403984 25.794069283700082 31.263796807266772 28.856596737983637 17.152451209025458
leaf_count=2435 28835 53134 59495 6856 2187 3293 3436 3613
internal_value=-0.000305924 0.00332501 0.00596882 0.0184294 0.0309123 0.0492224 0.0337257 0.0169765
internal_weight=1814.18 1670.61 1568.41 471.207 266.258 103.067 77.2728 48.4162
internal_count=163284 134449 81315 21820 19385 12529 10342 6906
is_linear=0
shrinkage=0.0750466


Tree=60
num_leaves=9
num_cat=0
split_feature=33 52 99 96 8 52 81 147
split_gain=44.0099 28.0528 15.463 10.2793 22.4285 11.8984 10.7375 16.2801
threshold=27559.105000000007 65522.015000000007 1.0000000180025095e-35 1.0000000180025095e-35 14788.655000000001 1.0000000180025095e-35 8797.7650000000012 -41886.234999999993
decision_type=2 2 2 2 2 2 2 8
left_child=1 2 3 -1 5 6 -5 -8
right_child=-2 -3 -4 4 -6 -7 7 -9
leaf_value=-0.002527058053469108 -0.041056387850677917 -0.035799824492490098 0.038619289303135303 0.014574265633254009 -0.0061240174051812955 -0.019473551858372528 -0.01336798813479346 0.049989481468422824
leaf_weight=734.73257763270522 137.8700066038873 98.4998393356218 75.511185211245902 266.74130323703866 299.67444646195509 39.038366799883079 27.568080933997408 133.22098056040704
leaf_count=21240 28835 53134 2964 7895 27711 8312 4642 8551
internal_value=-0.000300076 0.00305462 0.00548227 0.00381521 0.00989666 0.0201867 0.0238081 0.0391265
internal_weight=1812.86 1674.99 1576.49 1500.98 766.243 466.569 427.53 160.789
internal_count=163284 134449 81315 78351 57111 29400 21088 13193
is_linear=0
shrinkage=0.0750466


Tree=61
num_leaves=9
num_cat=0
split_feature=33 50 52 95 105 16 105 16
split_gain=39.1489 26.9508 24.1842 14.7581 11.3647 9.27463 10.56 8.88158
threshold=27559.105000000007 1.0000000180025095e-35 65522.015000000007 3.5000000000000004 1.0000000180025095e-35 -176.96999999999997 1.5000000000000002 -14461.189999999999
decision_type=2 2 2 2 2 2 2 2
left_child=1 2 3 4 7 -6 -7 -1
right_child=-2 -3 -4 -5 5 6 -8 -9
leaf_value=0.020109919378787207 -0.039553891441144434 -0.048784984634377096 -0.032861778128858245 0.044057700813995508 0.00756920352402416 0.11765890602008951 0.027496463896840507 0.0018078091415695157
leaf_weight=169.67938874498941 132.57497121515917 55.150463318626862 91.761083357443567 57.632598087424412 29.099431227019522 13.069652676640546 16.618644504866097 1245.2177539715776
leaf_count=2637 28835 10385 50338 2554 3242 2224 3225 59844
internal_value=-0.000293965 0.00280745 0.0045605 0.00680296 0.00534601 0.0376775 0.0671886 0.00400266
internal_weight=1810.8 1678.23 1623.08 1531.32 1473.68 58.7877 29.6883 1414.9
internal_count=163284 134449 124064 73726 71172 8691 5449 62481
is_linear=0
shrinkage=0.0750466


Tree=62
num_leaves=9
num_cat=0
split_feature=4 56 95 26 11 104 80 11
split_gain=15.4882 15.3555 12.0287 8.65833 11.5032 9.3015 10.385 10.7603
threshold=1.5000000000000002 8668.8100000000031 5.5000000000000009 1.0000000180025095e-35 18.395000000000003 21172.650000000005 2.5000000000000004 823.92000000000019
decision_type=2 2 2 2 2 2 2 2
left_child=1 2 3 4 -1 6 7 -5
right_child=-2 -3 -4 5 -6 -7 -8 -9
leaf_value=0.00031534014065491881 -0.035815465919540594 -0.037035416446539959 0.04442852792001499 -2.1171615265245566e-05 0.026742449610606921 -0.024883817158186473 0.018318878010491254 -0.026094161254934738
leaf_weight=222.6895194936078 66.561229954939336 57.58693275769474 37.453328120696824 921.48950754420366 158.99699095904361 89.57320299994899 154.76763014029711 98.694532536901534
leaf_count=2179 2213 19998 2978 43056 4706 32763 31940 23451
internal_value=-0.000287145 0.00107096 0.00237433 0.00141754 0.0113239 -0.00157262 0.000204527 -0.00254352
internal_weight=1807.81 1741.25 1683.66 1646.21 381.687 1264.52 1174.95 1020.18
internal_count=163284 161071 141073 138095 6885 131210 98447 66507
is_linear=0
shrinkage=0.0750466


Tree=63
num_leaves=9
num_cat=0
split_feature=133 22 99 153 56 80 153 8
split_gain=23.2538 20.9495 17.6588 9.15348 8.27765 11.5721 9.065 8.07685
threshold=8.0000000000000018 65850.970000000016 1.5000000000000002 1026.3750000000002 7648.2050000000008 4.5000000000000009 1612.8750000000002 18628.875000000004
decision_type=10 2 2 10 2 2 10 2
left_child=1 2 4 7 5 -1 -7 -3
right_child=-2 3 -4 -5 -6 6 -8 -9
leaf_value=-0.00031506906190402749 0.061880060495168976 0.012756466376791625 0.050231632203333113 -0.041988970191112827 -0.035217055702389484 0.058490689631597863 0.00070899343999420252 -0.02750742058602109
leaf_weight=1429.6984893367044 33.275823172880337 49.726724485575687 40.790808447927702 89.823122993693687 36.284841792832594 34.418183146393858 27.516663920891006 64.394455182424281
leaf_count=76495 244 8134 1204 44416 9223 3810 7832 11926
internal_value=-0.000274715 -0.00144147 0.00150018 -0.0240682 0.000199195 0.00106072 0.0328192 -0.00996299
internal_weight=1805.93 1772.65 1568.71 203.944 1527.92 1491.63 61.9348 114.121
internal_count=163284 163040 98564 64476 97360 88137 11642 20060
is_linear=0
shrinkage=0.0750466


Tree=64
num_leaves=9
num_cat=0
split_feature=131 149 153 80 81 94 7 140
split_gain=9.86217 7.20365 9.83941 7.81434 14.5306 11.2912 10.3424 8.58143
threshold=392.95500000000004 636.50000000000011 3853.3050000000007 2.5000000000000004 29325.005000000001 1.0000000180025095e-35 1842.0450000000003 8303.6200000000008
decision_type=10 8 10 2 2 2 2 10
left_child=1 -1 3 6 -5 -6 7 -3
right_child=-2 2 -4 4 5 -7 -8 -9
leaf_value=-0.010022896839008475 -0.016477712171572359 -0.0056525662048287377 -0.015116455782077107 0.06122401488245377 -0.0046486539082825256 0.072849157654476845 0.011930632888469607 0.024671652397134626
leaf_weight=251.85781941312598 189.10950575384777 542.40446142049041 139.14556218666257 39.688909281569067 74.307547211588826 12.347610196855383 495.7844480247586 58.197672016802244
leaf_count=16909 42462 22245 29509 3390 15927 1693 22347 8802
internal_value=-0.000263445 0.00163667 0.00379292 0.00594479 0.023618 0.00639411 0.00390818 -0.00271418
internal_weight=1802.84 1613.73 1361.88 1222.73 126.344 86.6552 1096.39 600.602
internal_count=163284 120822 103913 74404 21010 17620 53394 31047
is_linear=0
shrinkage=0.0750466


Tree=65
num_leaves=9
num_cat=0
split_feature=33 71 39 33 140 10 8 96
split_gain=35.0976 23.9767 12.0971 9.98983 11.8625 8.93213 10.1866 16.6556
threshold=17595.285000000003 1.5000000000000002 82168.650000000009 1.0000000180025095e-35 56366.985000000008 -3005.3049999999998 9683.5850000000009 1.0000000180025095e-35
decision_type=2 2 2 2 8 2 2 2
left_child=1 2 3 5 -5 -1 7 -7
right_child=-2 -3 -4 4 -6 6 -8 -9
leaf_value=-0.021557872942359703 -0.035826503563762574 0.070696408421169921 -0.030391446366919789 -0.00074533307390553408 0.080319965146365871 -0.001363864679766708 -0.0028869737016625021 0.021605696078730325
leaf_weight=85.842219748126809 143.73139836773043 28.810766000067815 63.833346339582931 20.403315793024376 20.262812336324714 367.7089219763875 726.98248585063266 344.23920046683634
leaf_count=18614 31239 1552 15334 3693 808 13765 50977 27302
internal_value=-0.000251743 0.00283206 0.00163201 0.00293781 0.0396473 0.00195876 0.00336169 0.00974231
internal_weight=1801.81 1658.08 1629.27 1565.44 40.6661 1524.77 1438.93 711.948
internal_count=163284 132045 130493 115159 4501 110658 92044 41067
is_linear=0
shrinkage=0.0750466


Tree=66
num_leaves=9
num_cat=0
split_feature=51 112 16 5 16 113 142 5
split_gain=20.6091 15.4372 11.877 11.218 17.8706 24.8736 13.0926 8.75515
threshold=1.0000000180025095e-35 66394503.095000006 -1.0000000180025095e-35 39.500000000000007 -471.88999999999993 -2054.4999999999995 182988.00000000003 63.500000000000007
decision_type=2 8 2 2 2 10 10 2
left_child=3 7 -3 4 -1 -6 -7 -2
right_child=1 2 -4 -5 5 6 -8 -9
leaf_value=7.4751125261517177e-06 -0.037507787493653397 0.061021957272691059 -0.030727348527959764 -0.0015321829568997235 -0.010006431287628193 0.026715720670048588 0.073294916756735565 0.020975197989082896
leaf_weight=283.01738382171607 153.09566459694179 19.739319642365444 13.300522578181697 1114.8528071803739 62.480418595368974 77.831278590427246 60.330803987511899 15.915431307163088
leaf_count=7253 76360 3672 3771 57536 2139 3771 4246 4536
internal_value=-0.00024581 -0.0228289 0.0240873 0.00260868 0.0121535 0.0292862 0.0470553 -0.0320006
internal_weight=1800.56 202.051 33.0398 1598.51 483.66 200.643 138.162 169.011
internal_count=163284 88339 7443 74945 17409 10156 8017 80896
is_linear=0
shrinkage=0.0750466


Tree=67
num_leaves=9
num_cat=0
split_feature=33 21 52 4 127 94 97 63
split_gain=30.8751 19.3792 17.2337 9.17688 7.5673 6.18624 11.6821 6.08248
threshold=27559.105000000007 1.0000000180025095e-35 69684.140000000014 1.5000000000000002 145.50000000000003 1.0000000180025095e-35 32.500000000000007 1.0000000180025095e-35
decision_type=2 2 2 2 8 2 2 2
left_child=1 -1 3 4 -3 -6 -7 -2
right_child=7 2 -4 -5 5 6 -8 -9
leaf_value=0.027741191174262946 -0.02871049532057102 -0.028670080918566303 -0.034358161741709851 -0.03185757843909235 0.0020927032325491119 0.00083552252008645513 0.046546167497662362 -0.072091501079929163
leaf_weight=154.53257581905928 100.60927896393696 41.803995385940652 78.661689870001283 44.449520166614093 1226.8342806114815 78.13473200390581 52.743690085364506 22.223938025475945
leaf_count=3067 16350 2549 50020 658 71135 3009 4011 12485
internal_value=-0.00024074 0.00241919 -0.000150758 0.00171273 0.00277894 0.00374726 0.0192568 -0.0365593
internal_weight=1799.99 1677.16 1522.63 1443.97 1399.52 1357.71 130.878 122.833
internal_count=163284 134449 131382 81362 80704 78155 7020 28835
is_linear=0
shrinkage=0.0750466


Tree=68
num_leaves=9
num_cat=0
split_feature=51 17 113 72 18 16 72 141
split_gain=16.1338 34.3865 9.11021 9.88158 10.5171 10.8205 9.32632 8.58689
threshold=1.0000000180025095e-35 3.5000000000000004 -2054.4999999999995 387.90500000000003 952.04500000000019 -118.94499999999998 1708.4500000000003 38.570000000000007
decision_type=2 2 8 2 2 2 2 8
left_child=2 7 -1 4 5 -4 -5 -2
right_child=1 -3 3 6 -6 -7 -8 -9
leaf_value=-0.021982932522451294 -0.040245474466418907 0.097286442389118419 0.01698523579091437 -0.021756296078189012 0.025945923157088813 -0.013308014911089358 0.0018890313963435261 -0.0050859923420182359
leaf_weight=82.926812079909723 123.82355599911534 12.986273756891022 144.22124029841507 104.21125801774906 195.32622679485939 123.08038858952932 953.79387104982743 57.190040765708545
leaf_count=4240 73048 3580 3131 6801 19862 2388 38523 11711
internal_value=-0.000233484 -0.0206743 0.00223947 0.00356042 0.0127091 0.00303656 -0.000439983 -0.0291371
internal_weight=1797.56 194 1603.56 1520.63 462.628 267.302 1058.01 181.014
internal_count=163284 88339 74945 70705 25381 5519 45324 84759
is_linear=0
shrinkage=0.0750466


Tree=69
num_leaves=9
num_cat=0
split_feature=33 22 24 22 63 138 5 22
split_gain=27.2009 22.4494 15.0657 11.9326 10.1574 14.3535 7.09222 8.67493
threshold=27559.105000000007 6061.1650000000009 1.0000000180025095e-35 -3026.8199999999993 1.0000000180025095e-35 13933.140000000001 42.500000000000007 -9370.4499999999989
decision_type=2 2 2 2 2 10 2 2
left_child=1 2 -1 -4 -5 -6 -2 -8
right_child=6 -3 3 4 5 -7 7 -9
leaf_value=0.004265313061630918 -0.05623324117448663 -0.01178455462228049 -0.0012425033949530013 0.026669064609554607 0.11104576140281815 0.01470706267875751 0.030545193233367709 -0.033645029109990857
leaf_weight=1046.4646910545998 50.669993834831985 465.57797683071112 51.990249793569092 77.485499708447605 22.942834101442713 14.040189049672334 15.329845808213575 52.347117824829184
leaf_count=20393 13311 93881 7088 7016 2344 3727 2091 13433
internal_value=-0.000227828 0.00222397 0.00760111 0.028572 0.0421134 0.0744719 -0.0350014 -0.019105
internal_weight=1796.85 1678.5 1212.92 166.459 114.469 36.983 118.347 67.677
internal_count=163284 134449 40568 20175 13087 6071 28835 15524
is_linear=0
shrinkage=0.0750466


Tree=70
num_leaves=9
num_cat=0
split_feature=108 138 71 133 56 7 64 9
split_gain=20.5633 20.8733 19.8315 15.609 10.3671 10.472 9.61066 7.28638
threshold=1.0000000180025095e-35 19815.575000000004 1.5000000000000002 8.0000000000000018 11582.655000000002 1655.0800000000002 16914.280000000002 389.19000000000005
decision_type=2 8 2 10 2 2 2 2
left_child=2 -2 3 4 5 6 7 -1
right_child=1 -3 -4 -5 -6 -7 -8 -9
leaf_value=-3.0012509024062772e-05 0.13058538718662527 0.0029027785372684541 0.058172410637405622 0.053637068470065746 -0.042932531411094009 0.0034285227994877254 -0.045729346390782744 -0.014623764844704564
leaf_weight=423.32411909956136 13.520517377648501 15.451726549945308 31.072371347516309 27.631792875472456 36.240325217018835 857.16814021917526 37.181079009664245 353.64891195402015
leaf_count=30227 842 4160 1743 210 14099 57265 12036 42702
internal_value=-0.000223725 0.0624886 -0.0012524 -0.00231653 -0.00322197 -0.0023609 -0.0084562 -0.00667254
internal_weight=1795.24 28.9722 1766.27 1735.19 1707.56 1671.32 814.154 776.973
internal_count=163284 5002 158282 156539 156329 142230 84965 72929
is_linear=0
shrinkage=0.0750466


Tree=71
num_leaves=9
num_cat=0
split_feature=50 71 17 56 13 145 131 146
split_gain=20.3813 15.2822 13.8154 7.91751 7.18462 6.81238 6.74963 8.11239
threshold=1.0000000180025095e-35 1.5000000000000002 3.5000000000000004 8668.8100000000031 1.5000000000000002 5.5000000000000009 392.95500000000004 1.0000000180025095e-35
decision_type=2 2 2 2 2 8 10 10
left_child=1 2 3 4 6 -4 7 -1
right_child=-2 -3 5 -5 -6 -7 -8 -9
leaf_value=0.0009490474364934261 -0.046128552017257379 0.05256393930305827 0.014709209315801055 -0.032736027982220674 -0.032291420954069276 0.067856487765892537 -0.014315485150560541 0.027398188135325127
leaf_weight=1347.9065673260193 52.850423089053947 31.996013366559055 32.484673465136439 43.185900218726601 38.294124418403953 23.344188537274022 153.94109922714415 68.636857525736559
leaf_count=88950 11035 1572 3907 16253 811 2000 32099 6657
internal_value=-0.000216716 0.00117797 0.000215239 -0.00102562 -0.000174393 0.0369321 0.000608737 0.00223061
internal_weight=1792.64 1739.79 1707.79 1651.96 1608.78 55.8289 1570.48 1416.54
internal_count=163284 152249 150677 144770 128517 5907 127706 95607
is_linear=0
shrinkage=0.0750466


Tree=72
num_leaves=9
num_cat=0
split_feature=33 50 22 97 25 16 18 115
split_gain=24.4258 20.7234 16.0209 14.8285 13.2159 8.86951 8.71907 9.23018
threshold=17595.285000000003 1.0000000180025095e-35 6061.1650000000009 36.500000000000007 1525.2650000000001 -118.94499999999998 252.93500000000003 22079.930000000004
decision_type=2 2 2 2 2 2 2 8
left_child=1 2 3 -1 -5 -6 -4 -8
right_child=-2 -3 6 4 5 -7 7 -9
leaf_value=0.0050555930744262028 -0.031505501327946488 -0.045455449717314834 -0.044317921278696569 0.017452759177960655 0.04082343337774285 0.11650926251607559 -0.010838055620789017 0.018953428018161775
leaf_weight=1031.9543168051168 130.23940986490925 49.760333000740502 35.438955172605347 110.83004038443323 23.322903026535641 13.927866554528007 324.7288852778147 71.461148871574551
leaf_count=26957 31239 10327 1234 4866 4036 2014 70233 12378
internal_value=-0.000208988 0.00224435 0.00371709 0.00824236 0.0304505 0.069122 -0.0086546 -0.00546454
internal_weight=1791.66 1661.42 1611.66 1180.04 148.081 37.2508 431.629 396.19
internal_count=163284 132045 121718 37873 10916 6050 83845 82611
is_linear=0
shrinkage=0.0750466


Tree=73
num_leaves=9
num_cat=0
split_feature=50 99 52 134 4 111 83 94
split_gain=16.2167 18.8645 17.1756 14.944 14.3155 11.7352 9.66998 10.603
threshold=1.0000000180025095e-35 1.0000000180025095e-35 65522.015000000007 93605.400000000009 1.5000000000000002 1.0000000180025095e-35 1407.6450000000002 1.0000000180025095e-35
decision_type=2 2 2 10 2 10 2 2
left_child=1 2 4 -3 5 6 -1 -8
right_child=-2 3 -4 -5 -6 -7 7 -9
leaf_value=-0.0016461879635910615 -0.042919061512812363 0.065606249792296983 -0.032468246011340421 0.0022589835677612391 -0.035252727304509263 0.040989976282157628 0.0078445167404438045 0.04920470181652431
leaf_weight=1179.7062530357507 48.699138130381471 44.357357200060505 90.9948430962977 39.785441051266389 58.814891116577201 43.302198060555384 243.6956275034172 40.744671366468538
leaf_count=43348 11035 1080 62333 3639 1696 270 35688 4195
internal_value=-0.000205862 0.000988634 -0.000771386 0.0356536 0.0010701 0.00248728 0.00134856 0.0137692
internal_weight=1790.1 1741.4 1657.26 84.1428 1566.26 1507.45 1464.15 284.44
internal_count=163284 152249 147530 4719 85197 83501 83231 39883
is_linear=0
shrinkage=0.0750466


Tree=74
num_leaves=9
num_cat=0
split_feature=108 83 52 111 107 11 107 83
split_gain=16.4432 23.8827 13.0958 9.58904 6.10516 5.11809 6.68589 7.54411
threshold=1.0000000180025095e-35 1.0000000180025095e-35 65522.015000000007 1.0000000180025095e-35 59.500000000000007 18.395000000000003 12.500000000000002 2582.5950000000007
decision_type=2 2 2 10 2 2 2 2
left_child=2 -2 3 5 -4 -1 -7 -8
right_child=1 -3 4 -5 -6 6 7 -9
leaf_value=-0.0060239338110799952 -0.0074433667207304578 0.12637190120194841 0.0070128270969832453 0.029988911774714831 -0.039235475217451472 0.015817773986149 -0.0051593313647691997 0.010537183305890981
leaf_weight=625.19623880076688 16.172988641948908 14.026096861023687 20.787611227482557 59.394615728640929 70.919395378645277 178.12850695755333 551.82684250661987 250.83880048207357
leaf_count=9987 1455 3547 5277 441 59402 3307 39019 40849
internal_value=-0.000199151 0.0547077 -0.00114283 0.000377518 -0.0287522 -0.000717605 0.00266485 -0.000254057
internal_weight=1787.29 30.1991 1757.09 1665.39 91.707 1605.99 980.794 802.666
internal_count=163284 5002 158282 93603 64679 93162 83175 79868
is_linear=0
shrinkage=0.0750466


Tree=75
num_leaves=9
num_cat=0
split_feature=133 108 153 71 153 74 153 83
split_gain=13.5577 12.9425 19.7355 11.4602 9.39354 8.55482 13.8683 8.06378
threshold=8.0000000000000018 1.0000000180025095e-35 2046.8850000000002 1.5000000000000002 651.0150000000001 2126.0350000000003 4779.9750000000013 37776.215000000004
decision_type=10 2 8 2 10 2 10 2
left_child=1 3 -3 4 7 -6 -7 -1
right_child=-2 2 -4 -5 5 6 -8 -9
leaf_value=-0.00055903130867043696 0.04707300761938147 0.11881224497243612 -0.0072781489190020168 0.04313201344102624 -0.017900753286511785 0.022842836908665815 -0.022568325570069356 0.027463835961606509
leaf_weight=1129.9767002087901 33.536967746680602 12.676825477217792 15.587341601290971 31.219824693456758 347.35226196431904 88.116247814614326 66.429779597849119 60.952530183421914
leaf_count=38708 244 1051 3928 1732 80704 12176 16059 8682
internal_value=-0.000192613 -0.00109722 0.0492749 -0.00192302 -0.00275394 -0.0113654 0.00332339 0.000875197
internal_weight=1785.85 1752.31 28.2642 1724.05 1692.83 501.898 154.546 1190.93
internal_count=163284 163040 4979 158061 156329 108939 28235 47390
is_linear=0
shrinkage=0.0750466


Tree=76
num_leaves=9
num_cat=0
split_feature=33 22 17 11 17 72 8 8
split_gain=21.1987 15.747 15.633 10.7463 9.18648 8.02993 5.99571 5.42286
threshold=27559.105000000007 6061.1650000000009 3.5000000000000004 18.395000000000003 2.5000000000000004 3398.6200000000003 9683.5850000000009 1349.8850000000002
decision_type=2 2 2 2 2 2 2 2
left_child=1 3 5 -1 -2 6 -3 -5
right_child=4 2 -4 7 -6 -7 -8 -9
leaf_value=-0.00088087874221000296 -0.038831738978214986 -0.0056376099976685893 0.040745665086509952 0.025815310989300479 0.037052724434540482 0.034165144602490052 -0.024116894004206101 0.0093395225323496481
leaf_weight=594.31958667834988 100.48308572580572 174.69864942366257 31.750045832770411 147.02107677276945 9.8669840682123304 18.734304796147626 227.86379612903693 479.33410429910873
leaf_count=7122 26800 35291 5279 11210 2035 2952 50359 22236
internal_value=-0.000187338 0.00191317 -0.0100354 0.00634782 -0.0320465 -0.0138624 -0.0160975 0.0132068
internal_weight=1784.07 1673.72 453.047 1220.67 110.35 421.297 402.562 626.355
internal_count=163284 134449 93881 40568 28835 88602 85650 33446
is_linear=0
shrinkage=0.0750466


Tree=77
num_leaves=9
num_cat=0
split_feature=50 4 71 7 127 83 147 127
split_gain=14.5314 10.5396 10.1236 9.84966 5.79397 8.07927 9.54582 7.8603
threshold=1.0000000180025095e-35 1.5000000000000002 1.5000000000000002 1655.0800000000002 2292.5000000000005 30311.090000000004 -19379.904999999995 610.50000000000011
decision_type=2 2 2 2 10 2 10 10
left_child=1 2 3 -1 7 -6 -7 -5
right_child=-2 -3 -4 4 5 6 -8 -9
leaf_value=-0.0046368238240779439 -0.041436519442708167 -0.0299217439065214 0.042660419050028882 0.004621987014428933 -0.0085045543596086997 -0.0015538517749481969 0.089778251829215325 0.022713377512064491
leaf_weight=817.58201176385046 46.826837521861307 60.203239543538075 33.85276851512026 393.44474121491658 198.25893768732203 15.913426874758445 10.832209243177202 206.11223038093885
leaf_count=89554 11035 2181 1540 14425 18847 6732 2850 16120
internal_value=-0.000183323 0.000929312 0.00203751 0.00120007 0.00698755 -0.00328142 0.0354364 0.0108413
internal_weight=1783.03 1736.2 1676 1642.14 824.562 225.005 26.7456 599.557
internal_count=163284 152249 150068 148528 58974 28429 9582 30545
is_linear=0
shrinkage=0.0750466


Tree=78
num_leaves=9
num_cat=0
split_feature=108 38 71 4 27 12 72 72
split_gain=10.823 9.63598 9.41153 8.09991 6.70007 5.85418 5.49295 5.11049
threshold=1.0000000180025095e-35 1.0000000180025095e-35 1.5000000000000002 1.5000000000000002 32.500000000000007 4.5000000000000009 2333.3600000000006 2333.3600000000006
decision_type=2 2 2 2 2 2 2 2
left_child=1 2 3 4 5 -1 -3 -7
right_child=-2 6 -4 -5 -6 7 -8 -9
leaf_value=0.014708730220097497 0.042501475690043686 -0.035058813702817063 0.039232724609002061 -0.027993632103005855 -0.036648574623719544 -0.0026916617914060259 0.019582911072473237 0.0088700311867959056
leaf_weight=159.31045279168757 32.848091095860582 66.784690591302933 34.137960502819624 58.532813922676723 26.967991847166559 1124.9331706948869 12.264146157889625 266.28730964573333
leaf_count=2189 5002 18129 1548 2114 10699 109129 1668 12806
internal_value=-0.000176985 -0.000978432 0.000233349 -0.000580425 0.000436738 0.00108175 -0.0265813 -0.00047869
internal_weight=1782.07 1749.22 1670.17 1636.03 1577.5 1550.53 79.0488 1391.22
internal_count=163284 158282 138485 136937 134823 124124 19797 121935
is_linear=0
shrinkage=0.0750466


Tree=79
num_leaves=9
num_cat=0
split_feature=33 21 56 5 107 20 109 105
split_gain=18.4523 13.9169 8.79955 7.14443 7.25866 6.97368 6.94267 9.25994
threshold=27559.105000000007 1.0000000180025095e-35 8668.8100000000031 42.500000000000007 103.50000000000001 109749.33500000001 1.0000000180025095e-35 1.0000000180025095e-35
decision_type=2 2 2 2 2 2 2 2
left_child=1 -1 5 -2 -5 6 -3 -8
right_child=3 2 -4 4 -6 -7 7 -9
leaf_value=0.022987703159318019 -0.05339283227580717 -0.0031418683540894434 -0.033501521854544254 -0.0019388477814286837 -0.068595967333816149 -0.025909998831937887 0.0046700844592026764 0.037474949090293377
leaf_weight=157.54754582629539 44.503345906676259 788.45667464696453 44.041732616489753 50.865620430995477 11.232586237922076 54.0710989049403 576.61789887721534 52.90767079271609
leaf_count=3067 13311 29628 16782 6883 8641 14259 54224 16489
internal_value=-0.000169495 0.00175877 -0.000447273 -0.0304432 -0.0139961 0.000541663 0.00155033 0.00742713
internal_weight=1780.24 1673.64 1516.1 106.602 62.0982 1472.05 1417.98 629.526
internal_count=163284 134449 131382 28835 15524 114600 100341 70713
is_linear=0
shrinkage=0.0750466


Tree=80
num_leaves=9
num_cat=0
split_feature=33 50 108 33 144 10 8 58
split_gain=16.4081 14.591 13.2039 8.41171 7.58731 6.7678 10.5125 12.5453
threshold=17595.285000000003 1.0000000180025095e-35 1.0000000180025095e-35 1.0000000180025095e-35 182.06500000000003 1023.9800000000001 9683.5850000000009 232.54500000000004
decision_type=2 2 2 2 8 2 2 2
left_child=1 2 3 5 -5 6 7 -1
right_child=-2 -3 -4 4 -6 -7 -8 -9
leaf_value=-0.0010616271744359161 -0.027114565698128264 -0.040801165544293978 0.052057884429937647 0.0030042528628650674 0.066241334948754005 0.016255901739785049 -0.0079880917834613038 0.019562266797213571
leaf_weight=550.41508412771509 118.74378740825341 44.152663050219417 30.22944232734153 21.233331976021873 21.511577211669646 149.45606779729133 605.15347321721492 237.9137994646444
leaf_count=24975 31239 10327 3461 4010 524 5562 53201 29985
internal_value=-0.000164953 0.00176274 0.00292574 0.00198909 0.0348286 0.00107932 -0.000548427 0.00516256
internal_weight=1778.81 1660.07 1615.91 1585.68 42.7449 1542.94 1393.48 788.329
internal_count=163284 132045 121718 118257 4534 113723 108161 54960
is_linear=0
shrinkage=0.0750466


Tree=81
num_leaves=9
num_cat=0
split_feature=86 111 127 127 138 127 138 98
split_gain=9.38278 7.21014 5.81342 6.35855 10.1921 9.23363 12.9433 8.80271
threshold=1.0000000180025095e-35 1.0000000180025095e-35 145.50000000000003 1221.5000000000002 70187.215000000011 610.50000000000011 6957.295000000001 1.0000000180025095e-35
decision_type=2 10 8 10 8 10 10 2
left_child=1 2 -1 5 -5 7 -7 -4
right_child=-2 -3 3 4 -6 6 -8 -9
leaf_value=-0.026916408775454342 -0.044147416249556683 0.025325957197066176 -0.0010899551115595566 -0.0019255751616599689 -0.030980348518413713 0.036715667253519269 -0.011404902863442853 0.029139927002389501
leaf_weight=45.383146002539434 26.89957254086039 63.5668187130359 729.19744834693847 631.67022665406694 76.199353264266392 100.72455883893417 45.792864198621828 58.611238649929874
leaf_count=4961 5605 561 38532 77770 18677 4274 10367 2537
internal_value=-0.000161513 0.00051416 -0.000420437 0.000311796 -0.00505321 0.00437646 0.021676 0.00115908
internal_weight=1778.05 1751.15 1687.58 1642.2 707.87 934.326 146.517 787.809
internal_count=163284 157679 157118 152157 96447 55710 14641 41069
is_linear=0
shrinkage=0.0750466


Tree=82
num_leaves=9
num_cat=0
split_feature=99 134 52 4 4 111 82 81
split_gain=11.591 12.5553 11.9291 9.70257 7.48446 7.00514 5.98078 11.2442
threshold=1.0000000180025095e-35 106977.60000000002 65522.015000000007 1.5000000000000002 1.0000000180025095e-35 1.0000000180025095e-35 1.0000000180025095e-35 42044.910000000011
decision_type=2 10 2 2 2 10 2 2
left_child=2 -2 3 5 -4 6 7 -1
right_child=1 -3 4 -5 -6 -7 -8 -9
leaf_value=-0.00048596251812285028 0.051028906993482052 -0.0056895442825713287 -0.034343055269656753 -0.031006873587178282 0.060952377337676653 0.030312265221511099 0.0091370666269871628 -0.031210526218288837
leaf_weight=1103.6017600676569 50.197605033201398 39.103093257348519 80.615450724260882 55.203596361272503 4.9252998526499132 44.629433003603481 325.85836270690197 71.425762865168508
leaf_count=33983 1319 4155 63208 1727 1887 278 46339 10388
internal_value=-0.00015564 0.026193 -0.00155101 -9.18505e-05 -0.0288561 0.00101239 0.000141147 -0.0023536
internal_weight=1775.56 89.3007 1686.26 1600.72 85.5408 1545.52 1500.89 1175.03
internal_count=163284 5474 157810 92715 65095 90988 90710 44371
is_linear=0
shrinkage=0.0750466


Tree=83
num_leaves=9
num_cat=0
split_feature=22 133 13 8 113 22 96 85
split_gain=11.1835 7.37724 7.10802 7.35148 12.2849 11.5701 9.08227 8.27006
threshold=239470.10500000001 8.0000000000000018 1.5000000000000002 9683.5850000000009 -2054.4999999999995 -9370.4499999999989 1.0000000180025095e-35 2404.6500000000005
decision_type=2 10 2 2 8 2 2 2
left_child=1 2 3 4 -1 -5 -6 -7
right_child=-2 -3 -4 5 6 7 -8 -9
leaf_value=-0.029413858861034644 -0.029427384111003766 0.036126325241892195 -0.031688811015235081 0.011600143435690708 -1.4247184144943652e-05 -0.012586477144836933 0.016368004653876885 0.012506120662988797
leaf_weight=51.2464722978184 70.558299409371102 33.137140170903876 38.069399179890752 203.18975896312622 364.90089165233076 526.93743233112036 398.99626223332598 86.054744511318859
leaf_count=6204 26875 238 828 6137 17635 35530 41330 28507
internal_value=-0.00015026 0.00106308 0.000367078 0.00111515 0.00615624 -0.00391952 0.00854248 -0.00906386
internal_weight=1773.09 1702.53 1669.39 1631.33 815.144 816.182 763.897 612.992
internal_count=163284 136409 136171 135343 65169 70174 58965 64037
is_linear=0
shrinkage=0.0750466


Tree=84
num_leaves=9
num_cat=0
split_feature=50 17 71 4 7 7 146 8
split_gain=11.1448 7.93655 9.62914 8.03627 7.14354 7.07149 13.9926 11.3984
threshold=1.0000000180025095e-35 3.5000000000000004 1.5000000000000002 1.5000000000000002 1261.8700000000001 1655.0800000000002 1.0000000180025095e-35 16678.810000000001
decision_type=2 2 2 2 2 2 10 2
left_child=1 2 3 5 -3 -1 7 -7
right_child=-2 4 -4 -5 -6 6 -8 -9
leaf_value=-0.0050452656908786019 -0.037940494175155853 -0.0024861650776008969 0.045131319001721779 -0.029454319934669924 0.046467700300998338 0.012624989818193551 0.049063203711037083 -0.0058447259484848768
leaf_weight=784.70522377232555 42.87772622142802 29.085580586979631 25.928607467445545 53.918545937893214 39.706555336131714 351.88863237333135 38.612405228835996 404.51475965621648
leaf_count=86504 11035 2943 977 2068 3559 12253 4862 39083
internal_value=-0.000145813 0.00079181 -0.000243574 -0.00096375 0.0257698 8.68156e-06 0.00499708 0.00274762
internal_weight=1771.24 1728.36 1659.57 1633.64 68.7921 1579.72 795.016 756.403
internal_count=163284 152249 145747 144770 6502 142702 56198 51336
is_linear=0
shrinkage=0.0750466


Tree=85
num_leaves=9
num_cat=0
split_feature=87 20 97 20 7 8 149 12
split_gain=8.4372 6.61696 7.73963 20.5235 5.67372 14.6019 33.5061 20.8194
threshold=1.0000000180025095e-35 109749.33500000001 147.50000000000003 3.8350000000000004 1655.0800000000002 16678.810000000001 636.50000000000011 4.5000000000000009
decision_type=2 2 2 2 2 2 10 2
left_child=1 2 4 -4 -1 6 -6 -7
right_child=-2 -3 3 -5 5 7 -8 -9
leaf_value=-0.0039124426482226877 -0.04271744591167511 -0.024633369665984135 0.092151407265500238 -0.02301880921012155 -0.01074032874745701 0.041615952944643195 0.034499457427965251 -0.0094986610567208921
leaf_weight=804.89317052072147 25.832064679911127 57.1168549201102 17.975287755107274 16.914189595059725 157.13553517748369 50.289279329357669 223.1294907675474 417.11581643426325
leaf_count=78248 5605 17592 4412 6481 3000 427 9024 38495
internal_value=-0.000142059 0.00048836 0.00133868 0.0363176 0.000600192 0.0048851 0.0158052 -0.00399911
internal_weight=1770.4 1744.57 1687.45 34.8895 1652.56 847.67 380.265 467.405
internal_count=163284 157679 140087 10893 129194 50946 12024 38922
is_linear=0
shrinkage=0.0750466


Tree=86
num_leaves=9
num_cat=0
split_feature=86 38 11 123 94 25 150 73
split_gain=7.53273 6.57358 6.0527 7.7554 7.61588 11.6228 8.67667 11.1237
threshold=1.0000000180025095e-35 1.0000000180025095e-35 18.395000000000003 19.500000000000004 1.0000000180025095e-35 1525.2650000000001 3519.0050000000006 9.5000000000000018
decision_type=2 2 2 10 2 2 8 2
left_child=1 2 -1 4 6 -6 -4 -8
right_child=-2 -3 3 -5 5 -7 7 -9
leaf_value=-0.0041929154499155798 -0.041199551506839988 -0.021056053662685287 -0.0064905319536801599 -0.025053912132890599 0.0079786823496476034 0.057713031915602529 0.014185961995303769 -0.014618767900410098
leaf_weight=654.81802781659644 24.813627846422605 76.586319454625482 291.84223689560895 45.961109228810528 81.458217598526971 39.199289482203312 463.93554134271108 90.184017739942647
leaf_count=12470 5605 19830 29011 5702 3724 8281 48595 30066
internal_value=-0.000141903 0.00044227 0.00142972 0.00506579 0.00649793 0.0241364 0.00398219 0.00949794
internal_weight=1768.8 1743.98 1667.4 1012.58 966.619 120.658 845.962 554.12
internal_count=163284 157679 137849 125379 119677 12005 107672 78661
is_linear=0
shrinkage=0.0750466


Tree=87
num_leaves=9
num_cat=0
split_feature=133 56 38 112 71 74 141 46
split_gain=8.06088 9.33615 6.25958 5.65201 5.5778 4.32345 4.74468 4.09982
threshold=8.0000000000000018 11582.655000000002 1.0000000180025095e-35 139352.40000000002 1.5000000000000002 1790.595 1.0000000180025095e-35 1.0000000180025095e-35
decision_type=10 2 2 8 2 2 8 2
left_child=1 2 4 -4 7 6 -5 -1
right_child=-2 -3 3 5 -6 -7 -8 -9
leaf_value=0.0012131103780254951 0.036331950172043583 -0.040118551522762211 -0.04807946214124232 0.0061910668916272827 0.031524117266067311 0.028026643571874302 -0.053239177224477886 -0.014989841690581216
leaf_weight=1502.4629779701645 33.486071235965937 33.428566841728752 27.940046589530539 16.318654379487274 32.809419695986435 14.856933602306524 14.105425207788356 93.418997719389154
leaf_count=113742 244 15019 5811 6185 1293 3208 3019 14763
internal_value=-0.00013838 -0.000842131 -7.06725e-05 -0.0215359 0.000894341 -0.0051576 -0.0213624 0.000264629
internal_weight=1768.83 1735.34 1701.91 73.2211 1628.69 45.281 30.4241 1595.88
internal_count=163284 163040 148021 18223 129798 12412 9204 128505
is_linear=0
shrinkage=0.0750466


Tree=88
num_leaves=9
num_cat=0
split_feature=33 95 5 20 33 7 18 7
split_gain=14.1922 8.36671 6.9923 9.71289 9.40625 9.18168 8.71712 11.3129
threshold=27559.105000000007 5.5000000000000009 39.500000000000007 203.56500000000003 4895.2500000000009 2825.8100000000004 1.0000000180025095e-35 1462.8150000000003
decision_type=2 2 2 2 2 2 2 2
left_child=1 2 3 5 -4 6 -1 -8
right_child=-2 -3 4 -5 -6 -7 7 -9
leaf_value=-0.0061318174832457059 -0.027562812711441297 0.035999778456166406 -0.0038137430829431776 -0.014616062958128733 0.03753280100973231 0.038681947477886842 0.0046384328765367161 0.040681807771582451
leaf_weight=145.87393327133032 100.20629154110793 38.707477882184321 1084.6695116417832 88.710520314925816 31.899787264002953 64.841381886566523 135.36236502332031 76.909569637791719
leaf_count=1909 28835 2383 86247 17292 3733 3096 16460 3329
internal_value=-0.000132448 0.00151646 0.000696721 0.00796136 -0.00263249 0.0126964 0.00799176 0.0176975
internal_weight=1767.18 1666.97 1628.27 511.698 1116.57 422.987 358.146 212.272
internal_count=163284 134449 132066 42086 89980 24794 21698 19789
is_linear=0
shrinkage=0.0750466


Tree=89
num_leaves=9
num_cat=0
split_feature=133 131 11 64 80 11 131 153
split_gain=6.91367 7.19206 6.34917 5.09848 7.41216 6.58238 4.33787 4.37532
threshold=8.0000000000000018 392.95500000000004 52.845000000000006 25194.515000000003 4.5000000000000009 136.92000000000004 9471.9750000000022 6128.9250000000011
decision_type=10 10 2 2 2 2 10 10
left_child=1 3 -3 4 -1 -6 -4 -8
right_child=-2 2 6 -5 5 -7 7 -9
leaf_value=0.00047416937979455462 0.033637034076899885 -0.044884328202980432 -0.013976185351654609 -0.023596560422298823 0.061754939369686485 0.010073881288727018 0.057984021158009082 -0.0099133887176692682
leaf_weight=1450.2986329324776 33.502587677445263 33.105746897897916 117.33228233248519 46.716322973865317 20.412648524012184 43.368600897607394 10.302169183327353 11.109081047237849
leaf_count=93187 244 3266 34098 14027 1401 12012 1082 3967
internal_value=-0.000129554 -0.000782468 -0.0153539 0.000821898 0.00157532 0.026614 -0.0083076 0.0227559
internal_weight=1766.15 1732.65 171.849 1560.8 1514.08 63.7812 138.744 21.4113
internal_count=163284 163040 42413 120627 106600 13413 39147 5049
is_linear=0
shrinkage=0.0750466


Tree=90
num_leaves=9
num_cat=0
split_feature=56 71 11 127 5 125 5 5
split_gain=6.12979 5.49671 4.76089 4.55418 5.58893 8.35503 7.92028 18.7615
threshold=11582.655000000002 1.5000000000000002 -1.0000000180025095e-35 145.50000000000003 43.500000000000007 -714.92999999999995 61.500000000000007 67.500000000000014
decision_type=2 2 2 8 2 8 2 2
left_child=1 2 -1 -4 -5 -6 -7 -8
right_child=-2 -3 3 4 5 6 7 -9
leaf_value=-0.022725426391600769 -0.032392920203500021 0.02899785031876978 -0.024350173758602191 0.0063435160747832486 -0.020968850581244647 -0.0052819726561044011 0.031560036902150396 -0.0075370039518961188
leaf_weight=51.004230384161929 32.543317093513906 37.252029707073234 40.334491660934873 680.33697902128915 121.39604648767272 523.55259941119584 127.62333774598665 150.81204858995625
leaf_count=5179 15033 1475 4516 61779 24066 36613 7188 7435
internal_value=-0.000124237 0.000481964 -0.000144724 0.000555807 0.00118221 -0.00262058 0.00015678 0.0103835
internal_weight=1764.86 1732.31 1695.06 1644.06 1603.72 923.384 801.988 278.435
internal_count=163284 148251 146776 141597 137081 75302 51236 14623
is_linear=0
shrinkage=0.0750466


Tree=91
num_leaves=9
num_cat=0
split_feature=33 33 133 109 63 80 109 81
split_gain=12.7183 7.63617 8.22741 7.51336 7.39798 6.2883 8.40759 9.45821
threshold=17595.285000000003 1.0000000180025095e-35 8.0000000000000018 1.0000000180025095e-35 1.0000000180025095e-35 2.5000000000000004 1.0000000180025095e-35 380830.73000000004
decision_type=2 2 10 2 2 2 2 2
left_child=1 2 5 -3 -2 -1 -7 -8
right_child=4 3 -4 -5 -6 6 7 -9
leaf_value=-0.0018993660710487042 -0.015918470513671686 0.060879904857635808 0.040248523892198483 -6.2676109340612161e-05 -0.067523143205446265 -0.013673444457888009 0.02584645757083294 -0.048051635295951474
leaf_weight=1367.4725983396056 93.841104832536075 23.879741355282022 29.063555186614394 21.789620988100069 18.776245907865814 53.20567372548976 145.221586548505 10.456858646473846
leaf_count=82409 17666 1185 175 3672 13573 8931 31498 4175
internal_value=-0.000120929 0.00154344 0.00068264 0.0318032 -0.0245223 -4.68431e-05 0.0120808 0.0208828
internal_weight=1763.71 1651.09 1605.42 45.6694 112.617 1576.36 208.884 155.678
internal_count=163284 132045 127188 4857 31239 127013 44604 35673
is_linear=0
shrinkage=0.0750466


Tree=92
num_leaves=9
num_cat=0
split_feature=33 147 52 24 149 135 135 74
split_gain=11.1529 7.87993 7.08488 9.26714 6.36569 6.66681 7.69188 10.942
threshold=17595.285000000003 -21440.649999999998 73897.235000000015 1.0000000180025095e-35 352.50000000000006 -805.49999999999989 -989.49999999999989 943.84000000000015
decision_type=2 8 2 2 8 10 8 2
left_child=2 -2 3 -1 -5 6 -6 -8
right_child=1 -3 -4 4 5 -7 7 -9
leaf_value=-0.00059555620242804851 -0.067009483969080838 -0.014035703296539711 -0.02322075763551542 -0.019855469169729498 0.014816219443061291 -0.0052503306551647463 0.087997323549677056 0.020498729789879374
leaf_weight=1248.1666563085455 19.14753534803458 90.858465537239681 63.196992759025306 29.676140228344593 191.15469579742057 63.175000202027149 21.811102004605345 35.608287369046593
leaf_count=35193 14259 16980 47509 3610 28568 11284 2352 3529
internal_value=-0.000118366 -0.0232563 0.00142164 0.00240134 0.0133573 0.0165189 0.0220515 0.0461385
internal_weight=1762.79 110.006 1652.79 1589.59 341.425 311.749 248.574 57.4194
internal_count=163284 31239 132045 84536 49343 45733 34449 5881
is_linear=0
shrinkage=0.0750466


Tree=93
num_leaves=9
num_cat=0
split_feature=56 113 71 153 60 74 153 16
split_gain=5.41122 5.7905 5.21548 4.61119 3.90286 5.99454 15.5678 6.34597
threshold=11582.655000000002 -2054.4999999999995 1.5000000000000002 1026.3750000000002 1079.3350000000003 3171.9350000000004 8252.0550000000021 -354.2999999999999
decision_type=2 8 2 10 2 2 8 2
left_child=1 3 4 -1 5 -3 7 -7
right_child=-2 2 -4 -5 -6 6 -8 -9
leaf_value=-0.0085590168470129156 -0.030939628013835783 0.00064557547339803693 0.029969567119278614 -0.048186172671886934 -0.017188522920492638 0.021898316224767421 -0.029937390429540755 0.080454513047768461
leaf_weight=70.221584368468029 31.505226394438068 1477.4032421736192 35.386995152162854 21.633148231572704 64.873399932519533 21.252846766001312 19.985978627955774 20.456371481675887
leaf_count=5486 15033 111574 1346 5755 15089 1755 3767 3479
internal_value=-0.000116919 0.000444003 0.00147137 -0.0178918 0.000842645 0.00160266 0.0245219 0.0506173
internal_weight=1762.72 1731.21 1639.36 91.8547 1603.97 1539.1 61.6952 41.7092
internal_count=163284 148251 137010 11241 135664 120575 9001 5234
is_linear=0
shrinkage=0.0750466


Tree=94
num_leaves=9
num_cat=0
split_feature=39 131 11 125 16 97 104 104
split_gain=6.92573 4.62865 6.19441 8.82817 4.92154 5.63843 8.81833 14.7784
threshold=313319.83000000002 568.90500000000009 52.845000000000006 -2639.3199999999993 -6095.0899999999992 32.500000000000007 2404.6500000000005 17653.650000000005
decision_type=2 10 2 10 2 2 2 2
left_child=1 -1 -3 4 -4 -6 -7 -8
right_child=-2 2 3 -5 5 6 7 -9
leaf_value=0.0017907131496848606 -0.031847164571952941 -0.042199255623044982 -0.051141941483285984 0.038887753105568884 -0.02754007298926851 -0.0062497205165409544 0.18470967773754235 -0.00083694772178061975
leaf_weight=1572.7178461167932 37.901460269262316 30.449308104129159 16.58561332973477 21.820281214793795 38.129559320615954 34.536223064307705 4.0364997920842125 6.027897142470465
leaf_count=115720 11043 2994 4135 4183 10004 9252 2172 3781
internal_value=-0.000113938 0.000583582 -0.0119406 -0.00433459 -0.0138308 -0.00635073 0.0117643 0.0735797
internal_weight=1762.2 1724.3 151.585 121.136 99.3158 82.7302 44.6006 10.0644
internal_count=163284 152241 36521 33527 29344 25209 15205 5953
is_linear=0
shrinkage=0.0750466


Tree=95
num_leaves=9
num_cat=0
split_feature=33 32 52 12 32 57 127 153
split_gain=9.78171 9.08305 6.57835 5.78111 5.11146 5.65382 10.5355 6.05623
threshold=27559.105000000007 10.500000000000002 65522.015000000007 8.5000000000000018 1.0000000180025095e-35 1.0000000180025095e-35 4883.5000000000009 475.06500000000005
decision_type=2 2 2 2 2 2 10 10
left_child=2 -2 4 -4 5 -1 7 -7
right_child=1 -3 3 -5 -6 6 -8 -9
leaf_value=-0.0017999743519571854 -0.035166043647845285 0.024438497706090127 -0.01264062448075654 -0.075164505594770684 0.024161536776372301 0.023578529142719119 -0.019498992819130517 0.0053433899431264342
leaf_weight=1032.5756895265658 75.363175098231295 17.799986665355391 62.077017307543429 9.6193810725526401 57.574538637389196 163.72974466043524 68.471645318932133 274.63107315840898
leaf_count=28532 26448 2387 42002 11132 4042 6272 9336 33133
internal_value=-0.000112172 -0.0237779 0.00120909 -0.0210293 0.00220749 0.0013864 0.00787803 0.0121543
internal_weight=1761.84 93.1632 1668.68 71.6964 1596.98 1539.41 506.832 438.361
internal_count=163284 28835 134449 53134 81315 77273 48741 39405
is_linear=0
shrinkage=0.0750466


Tree=96
num_leaves=9
num_cat=0
split_feature=99 141 4 45 135 141 6 138
split_gain=9.60324 15.8294 6.92096 5.66858 4.8149 6.25362 5.36596 7.13939
threshold=1.0000000180025095e-35 4.4850000000000012 1.5000000000000002 1.0000000180025095e-35 -532.49999999999989 1.1700000000000002 289.50000000000006 1513.9350000000002
decision_type=2 8 2 2 10 10 2 10
left_child=2 -2 3 4 6 -6 -1 -8
right_child=1 -3 -4 -5 5 -7 7 -9
leaf_value=0.00044571635751027261 -0.0080972389518378651 0.055267400120678802 -0.027784151025436889 -0.035830736802171019 -0.0069472790402489038 -0.053259695348410824 0.05425933574737004 -0.0016031545920473806
leaf_weight=1404.866928190022 43.922630337096052 44.904502853052691 54.128517854289385 25.183954670777894 117.86678939397098 19.078984634674271 24.665050651296042 26.978319940652
leaf_count=127813 3950 1524 2159 4897 12040 4637 683 5581
internal_value=-0.00011009 0.0239353 -0.00138694 -0.000504203 5.41192e-05 -0.0133994 0.00131906 0.025077
internal_weight=1761.6 88.8271 1672.77 1618.64 1593.46 136.946 1456.51 51.6434
internal_count=163284 5474 157810 155651 150754 16677 134077 6264
is_linear=0
shrinkage=0.0750466


Tree=97
num_leaves=9
num_cat=0
split_feature=22 95 4 22 123 142 51 5
split_gain=7.78707 6.23337 6.48722 7.6712 9.46686 7.82799 6.39876 9.47688
threshold=239470.10500000001 5.5000000000000009 1.5000000000000002 -22789.309999999994 12.500000000000002 154836.00000000003 1.0000000180025095e-35 57.500000000000007
decision_type=2 2 2 2 8 10 2 2
left_child=1 2 3 4 -1 -5 -7 -8
right_child=-2 -3 -4 5 -6 6 7 -9
leaf_value=-0.00068363315431813542 -0.025546491605461248 0.029469052778750341 -0.0255632274205118 -0.0051472496312307443 0.04171755185492295 0.0085242377478472308 -0.030571979396243818 0.03806332864568341
leaf_weight=62.795803817833075 65.251966825220734 41.870485885970993 53.477496511419304 852.76335206560907 56.194224495528033 560.33810881816316 53.114960389662883 14.402215742069528
leaf_count=4136 26875 3030 2156 54521 730 34514 32146 5176
internal_value=-0.000106431 0.000872954 0.000148652 0.00100824 0.0193407 -0.000465051 0.00589439 -0.0159313
internal_weight=1760.21 1694.96 1653.09 1599.61 118.99 1480.62 627.855 67.5172
internal_count=163284 136409 133379 131223 4866 126357 71836 37322
is_linear=0
shrinkage=0.0750466


Tree=98
num_leaves=9
num_cat=0
split_feature=33 8 33 16 83 83 142 95
split_gain=8.58007 7.22286 5.57184 19.4499 6.1157 12.0133 9.36052 8.87047
threshold=17595.285000000003 25989.965000000004 1.0000000180025095e-35 -1222.1199999999997 2582.5950000000007 5324.8300000000008 208324.80000000002 1.5000000000000002
decision_type=2 2 2 2 2 2 8 2
left_child=2 -2 4 -4 -1 -6 7 -7
right_child=1 -3 3 -5 5 6 -8 -9
leaf_value=-0.0018519718608946136 -0.037222923109714832 0.0027331294596460716 -0.019889009185638056 0.076032681926402335 0.050973382871744036 -0.015881684681430482 0.018192060107178793 0.041001091472008595
leaf_weight=1283.5047988615406 62.241824506374542 43.141515794384759 24.615840414509876 23.056860482131015 35.376264014004846 126.05985065213463 143.33716961737082 17.595030360331293
leaf_count=54944 19412 11827 1940 2917 5069 26599 38594 1982
internal_value=-0.000103595 -0.0208658 0.00121962 0.0265034 0.000469031 0.00971007 0.00462372 -0.00891461
internal_weight=1758.93 105.383 1653.55 47.6727 1605.87 322.368 286.992 143.655
internal_count=163284 31239 132045 4857 127188 72244 67175 28581
is_linear=0
shrinkage=0.0750466


Tree=99
num_leaves=9
num_cat=0
split_feature=52 127 16 5 16 113 16 111
split_gain=6.29672 6.3032 5.23651 5.06231 9.15971 11.0827 5.50404 5.37893
threshold=65522.015000000007 6448.5000000000009 -253.11499999999998 39.500000000000007 -609.50499999999988 -2054.4999999999995 -14461.189999999999 1.0000000180025095e-35
decision_type=2 8 2 2 2 10 2 10
left_child=3 -2 -3 4 6 -6 -1 -5
right_child=1 2 -4 7 5 -7 -8 -9
leaf_value=0.016086839362040715 -0.03064127080652564 0.069644297505376929 -0.018851141870949276 -0.0028825018877625128 -0.007501380980806013 0.028006781042620641 -0.0081743011467869057 0.024659492294581652
leaf_weight=70.005703851842554 65.608711912922445 7.1650101436971454 7.9378855686372827 1113.4963800668629 69.613337547925767 171.38263545848895 212.61017984522914 41.421805736841634
leaf_count=2021 60590 2230 4119 69740 3473 12797 8007 307
internal_value=-0.000104178 -0.0205791 0.0231322 0.000880351 0.0070012 0.01775 -0.00216467 -0.00189469
internal_weight=1759.24 80.7116 15.1029 1678.53 523.612 240.996 282.616 1154.92
internal_count=163284 66939 6349 96345 26298 16270 10028 70047
is_linear=0
shrinkage=0.0750466


Tree=100
num_leaves=9
num_cat=0
split_feature=50 21 51 71 135 25 32 9
split_gain=9.49111 7.41634 7.4142 14.6636 11.5985 8.25689 9.78594 5.02589
threshold=1.0000000180025095e-35 1.0000000180025095e-35 1.0000000180025095e-35 1.0000000180025095e-35 -2114.9999999999995 1.0000000180025095e-35 1.0000000180025095e-35 2798.8850000000007
decision_type=2 2 2 2 10 2 2 2
left_child=1 -1 5 4 -4 -3 7 -7
right_child=-2 2 3 -5 -6 6 -8 -9
leaf_value=0.015058777362310495 -0.035917499029289923 -0.0021869246094668678 0.030802763175797589 0.036652164883759629 -0.035467104348660433 0.012193791427210556 -0.035902158066968094 0.043416351916364865
leaf_weight=182.28640165791148 40.705406924142153 1093.8328057914332 17.149464203990647 24.496339135745075 112.10484928418009 232.29075805004686 22.07871711376356 33.184018824715167
leaf_count=5651 11035 31643 4793 3202 73882 20888 6015 6175
internal_value=-0.000101548 0.000747341 -0.000952038 -0.0165849 -0.0266744 0.000787926 0.012104 0.0160966
internal_weight=1758.13 1717.42 1535.14 153.751 129.254 1381.39 287.553 265.475
internal_count=163284 152249 146598 81877 78675 64721 33078 27063
is_linear=0
shrinkage=0.0750466


Tree=101
num_leaves=9
num_cat=0
split_feature=21 133 10 22 39 73 22 125
split_gain=7.43908 9.5774 7.99434 7.53592 5.83224 5.08467 5.00293 4.75393
threshold=1.0000000180025095e-35 8.0000000000000018 -3005.3049999999998 -1525.53 82168.650000000009 7.5000000000000009 54211.545000000006 -7683.0649999999987
decision_type=2 10 2 2 2 2 2 10
left_child=3 2 6 -1 -4 -6 7 -2
right_child=1 -3 4 -5 5 -7 -8 -9
leaf_value=0.030167093552789178 -0.024580257371456759 0.043791117713506113 -0.00030695528481833908 -2.6535025366175559e-05 -0.044846226002930305 0.0037952381281579281 -0.055236370823100504 0.024634918049489453
leaf_weight=87.182670225040056 51.874276853457559 25.542790722101927 1405.4852255376172 99.902604789473116 31.429003449433367 19.683909499348374 22.267619152844418 14.047261655694454
leaf_count=870 9234 174 117337 4931 5688 8105 13956 2989
internal_value=-0.000102 -0.0017873 -0.00254093 0.0140438 -0.00121254 -0.0261141 -0.0244816 -0.014093
internal_weight=1757.42 1570.33 1544.79 187.085 1456.6 51.1129 88.1892 65.9215
internal_count=163284 157483 157309 5801 131130 13793 26179 12223
is_linear=0
shrinkage=0.0750466


Tree=102
num_leaves=9
num_cat=0
split_feature=33 8 95 8 81 16 115 30
split_gain=7.37957 6.99558 5.20614 5.83173 5.02316 8.20601 5.46831 4.628
threshold=32887.870000000003 43644.710000000006 5.5000000000000009 -8804.7999999999975 5865.4350000000004 -118.94499999999998 2296.6450000000004 3.5000000000000004
decision_type=2 2 2 2 2 2 8 2
left_child=2 -2 3 4 -1 -6 -7 -5
right_child=1 -3 -4 7 5 6 -8 -9
leaf_value=0.036146622563108612 -0.033837344467787654 0.016160436182306084 0.027474151213727566 0.00016457962526575769 -0.031094113090656943 0.0001569462479162141 0.077179646841519622 -0.019357495610052605
leaf_weight=46.266336854620022 64.50402627006406 20.857316036752309 40.817368530551903 1467.2702500691812 22.32754247909179 11.73868379520718 9.3074246708565624 71.735326380498009
leaf_count=3804 21792 5841 2431 100950 4327 2810 3035 18294
internal_value=-9.85795e-05 -0.0216208 0.00100187 0.000338422 0.0189458 0.000597851 0.0342194 -0.000745373
internal_weight=1754.82 85.3613 1669.46 1628.65 89.64 43.3737 21.0461 1539.01
internal_count=163284 27633 135651 133220 13976 10172 5845 119244
is_linear=0
shrinkage=0.0750466


Tree=103
num_leaves=9
num_cat=0
split_feature=16 52 98 105 16 105 27 84
split_gain=4.74213 4.26798 5.32611 5.16669 9.00791 7.93555 4.59945 4.24361
threshold=2347.2300000000005 65522.015000000007 1.0000000180025095e-35 1.0000000180025095e-35 -2764.8049999999994 1.5000000000000002 1.5000000000000002 2.5000000000000004
decision_type=2 2 2 2 2 2 2 2
left_child=1 3 6 -1 -5 -6 -3 -4
right_child=-2 2 7 4 5 -7 -8 -9
leaf_value=0.00037243500081802122 -0.02671747927395984 0.002639250583384975 -0.010895422759359716 -0.028703084204299702 0.064443963733164134 0.0081707232913044436 -0.037719775986277411 0.10865993282536109
leaf_weight=1568.9224756159383 36.89381884096656 24.880699202039978 3.4558067105390355 16.09297813262674 26.908147573427414 29.681839587952709 44.075305051912437 3.2395282508659875
leaf_count=78798 7306 9002 2296 2368 3782 5594 51647 2491
internal_value=-9.64605e-05 0.00047547 -0.0169526 0.00127862 0.0208394 0.0349283 -0.0231574 0.0469513
internal_weight=1754.15 1717.26 75.6513 1641.61 72.683 56.59 68.956 6.69533
internal_count=163284 155978 65436 90542 11744 9376 60649 4787
is_linear=0
shrinkage=0.0750466


Tree=104
num_leaves=9
num_cat=0
split_feature=50 21 133 7 83 22 51 127
split_gain=8.34046 5.3005 7.61676 5.70353 7.03756 7.72822 6.74721 6.90292
threshold=1.0000000180025095e-35 1.0000000180025095e-35 8.0000000000000018 1.0000000180025095e-35 30311.090000000004 26219.395 1.0000000180025095e-35 4159.5000000000009
decision_type=2 2 10 2 2 2 2 8
left_child=1 -1 3 6 5 -5 7 -3
right_child=-2 2 -4 4 -6 -7 -8 -9
leaf_value=0.0127051500693009 -0.034298284046387212 0.0011737259385374843 0.04067430670289196 0.0012827583696753098 0.018841771520278074 -0.016774576063125029 -0.042047567833104559 -0.030353180719830418
leaf_weight=184.4937556796649 39.25270622469543 155.29039311752422 24.585093788802624 999.32734047211125 108.74589702040248 154.06458137191657 35.793888805274037 52.282739094778663
leaf_count=5651 11035 11122 168 40746 30112 36060 24505 3885
internal_value=-9.43818e-05 0.000688663 -0.00076025 -0.00143688 0.000591451 -0.00112925 -0.0119561 -0.00676715
internal_weight=1753.84 1714.58 1530.09 1505.5 1262.14 1153.39 243.367 207.573
internal_count=163284 152249 146598 146430 106918 76806 39512 15007
is_linear=0
shrinkage=0.0750466


Tree=105
num_leaves=9
num_cat=0
split_feature=108 82 33 5 8 10 8 125
split_gain=6.86984 16.3803 5.23694 6.80582 5.26417 5.07497 12.072 5.45478
threshold=1.0000000180025095e-35 1.0000000180025095e-35 32887.870000000003 42.500000000000007 37731.905000000006 -3005.3049999999998 -8804.7999999999975 -1112.6649999999997
decision_type=2 2 2 2 2 2 2 10
left_child=2 -2 5 -4 -5 7 -7 -1
right_child=1 -3 3 4 -6 6 -8 -9
leaf_value=-0.024358469035862779 -0.017979000116628039 0.086013863830376486 -0.045399487499467442 -0.018820309799872939 0.033573532338165686 0.038394483542038657 -2.976038333614836e-05 0.037476657558038827
leaf_weight=75.3016663161834 17.317526233440731 16.812137393309968 33.314289996298612 32.417949737107847 16.195932872462436 47.504716470837593 1503.9143548572611 8.9943772411206719
leaf_count=19290 1455 3547 12347 9814 4478 5401 104829 2123
internal_value=-9.25234e-05 0.0332475 -0.000754991 -0.0192707 -0.00136507 0.000172406 0.0011468 -0.0177607
internal_weight=1751.77 34.1297 1717.64 81.9282 48.6139 1635.72 1551.42 84.296
internal_count=163284 5002 158282 26639 14292 131643 110230 21413
is_linear=0
shrinkage=0.0750466


Tree=106
num_leaves=9
num_cat=0
split_feature=10 80 63 5 5 104 120 97
split_gain=4.53889 6.85768 10.1874 8.24472 7.78757 13.1345 5.43998 5.95502
threshold=-3005.3049999999998 4.5000000000000009 1.0000000180025095e-35 57.500000000000007 38.500000000000007 2404.6500000000005 154836.00000000003 3.5000000000000004
decision_type=2 2 2 2 2 2 8 2
left_child=6 -2 -3 4 -4 -6 -1 -8
right_child=1 2 3 -5 5 -7 7 -9
leaf_value=-0.05122434178421513 -0.00033418443738413326 -0.0060634892888400908 0.020868889396918413 -0.018965418857870481 0.046850349056433427 0.16891159539544973 0.029710507786201754 -0.019440623821725414
leaf_weight=19.733784469135571 1570.8272783902503 41.216017473750981 16.079028924214072 9.1291769595554779 14.136251068804997 7.6528775945334919 18.694173952724668 53.940595437466982
leaf_count=4298 116102 6438 4534 2796 3775 3047 2434 19860
internal_value=-9.22535e-05 0.000809204 0.0211697 0.0450528 0.0604862 0.0897213 -0.0162834 -0.00679049
internal_weight=1751.41 1659.04 88.2134 46.9973 37.8682 21.7891 92.3686 72.6348
internal_count=163284 136692 20590 14152 11356 6822 26592 22294
is_linear=0
shrinkage=0.0750466


Tree=107
num_leaves=9
num_cat=0
split_feature=50 13 127 73 138 73 72 104
split_gain=7.3534 5.42658 4.4954 4.17617 7.50753 7.19846 6.67008 6.3821
threshold=1.0000000180025095e-35 1.5000000000000002 991.50000000000011 9.5000000000000018 178101.13000000003 6.5000000000000009 1708.4500000000003 1.0000000180025095e-35
decision_type=2 2 10 2 8 2 2 2
left_child=1 3 -2 5 6 -1 -5 -8
right_child=2 -3 -4 4 -6 -7 7 -9
leaf_value=0.00060485806369491328 0.00032658571676024193 -0.027983746353491615 -0.052869242624615405 -0.020759308076250052 -0.055978397853026669 0.016109303916101794 -0.0012047603721792675 0.044947057069856258
leaf_weight=1278.1472386418318 14.397017518538631 36.52804163005203 23.634441509333556 80.265322579725762 17.378310970205348 194.28700904808647 85.812085743324133 21.006052334996639
leaf_count=67804 1577 828 9458 36310 3087 30255 9833 4132
internal_value=-9.27136e-05 0.000631746 -0.0327317 0.00125508 -0.00879522 0.00265066 -0.00441234 0.00787111
internal_weight=1751.46 1713.42 38.0315 1676.9 204.462 1472.43 187.083 106.818
internal_count=163284 152249 11035 151421 53362 98059 50275 13965
is_linear=0
shrinkage=0.0750466


Tree=108
num_leaves=9
num_cat=0
split_feature=99 148 153 96 46 20 140 82
split_gain=7.27707 10.5414 5.79372 7.89356 7.29144 5.81793 6.74219 4.84404
threshold=1.0000000180025095e-35 18.98 3853.3050000000007 1.0000000180025095e-35 1.0000000180025095e-35 836.7600000000001 9483.6900000000023 6.5000000000000009
decision_type=2 8 8 2 2 2 8 2
left_child=2 -2 3 5 -4 -1 -7 -5
right_child=1 -3 4 7 -6 6 -8 -9
leaf_value=-0.002570201219434395 -0.0038024685408839876 0.047900071332432355 -0.0053017646504045111 0.0088603054190144869 -0.040704874049605801 -0.056260654094071411 0.00055296932353404585 -0.023649564101015236
leaf_weight=448.48612206871621 46.653014709183481 42.38829672819702 504.73572839474946 599.5666900316719 35.038039434162783 25.666724533657543 21.718505863056635 26.974349524301942
leaf_count=22525 4551 923 51348 60496 7910 3695 2712 9124
internal_value=-9.10832e-05 0.0208106 -0.00121076 0.00186179 -0.00759987 -0.00521247 -0.0302207 0.00746066
internal_weight=1751.23 89.0413 1662.19 1122.41 539.774 495.871 47.3852 626.541
internal_count=163284 5474 157810 98552 59258 28932 6407 69620
is_linear=0
shrinkage=0.0750466


Tree=109
num_leaves=9
num_cat=0
split_feature=50 17 51 5 137 112 151 5
split_gain=6.55976 6.13552 10.0299 9.40339 7.8435 7.54478 6.39455 7.52979
threshold=1.0000000180025095e-35 3.5000000000000004 1.0000000180025095e-35 59.500000000000007 8892.4500000000025 720815.33500000008 4.5000000000000009 43.500000000000007
decision_type=2 2 2 2 8 10 10 2
left_child=1 2 5 -4 -3 6 -1 -8
right_child=-2 4 3 -5 -6 -7 7 -9
leaf_value=-0.0017096969431817887 -0.031377765991274294 -0.0036542076674584301 -0.027564608725935583 0.024154763265442841 0.046576698298576559 0.025315470861662196 0.031504914272313257 0.0012601201368805763
leaf_weight=1230.9189837975428 36.940841087111039 33.848936055146623 121.79829472323763 23.641935801526415 36.265153484680923 71.263811013748636 75.316315537056653 120.58356097002979
leaf_count=33803 11035 1826 74047 7132 4676 6287 8663 15815
internal_value=-8.88824e-05 0.000585611 -0.000341884 -0.0191574 0.0223268 0.00148481 0.000294561 0.0128881
internal_weight=1750.58 1713.64 1643.52 145.44 70.1141 1498.08 1426.82 195.9
internal_count=163284 152249 145747 81179 6502 64568 58281 24478
is_linear=0
shrinkage=0.0750466


Tree=110
num_leaves=9
num_cat=0
split_feature=20 27 7 9 134 2 81 134
split_gain=3.9946 3.8881 3.60721 6.44043 7.29123 6.03006 4.65399 5.97776
threshold=198651.37500000003 6.5000000000000009 1655.0800000000002 511.12500000000006 93605.400000000009 1.0000000180025095e-35 8797.7650000000012 1076107.5600000003
decision_type=2 2 2 2 8 2 2 8
left_child=2 -2 3 4 -1 -6 7 -5
right_child=1 -3 -4 6 5 -7 -8 -9
leaf_value=-0.014265750399027034 -0.0084222723167453935 -0.061831533460100882 0.0037717503239545636 0.0010235188496187839 -0.011784103938896047 0.012427639280866321 -0.022023656529672569 -0.033216934951716202
leaf_weight=111.25258043296344 25.055041435305611 11.067481266021785 883.03088961052708 188.56960143125616 72.111197070917115 294.66871031308256 130.93723020960169 33.874229586450383
leaf_count=11955 4267 7839 60995 15051 900 28606 32613 1058
internal_value=-8.88334e-05 -0.0247862 0.000431528 -0.00311607 0.00256294 0.00766746 -0.0107983 -0.00419069
internal_weight=1750.57 36.1225 1714.44 831.414 478.032 366.78 353.381 222.444
internal_count=163284 12106 151178 90183 41461 29506 48722 16109
is_linear=0
shrinkage=0.0750466


Tree=111
num_leaves=9
num_cat=0
split_feature=99 33 148 5 33 58 147 6
split_gain=6.10087 10.1538 8.83557 6.67124 6.16823 6.31457 6.04438 5.42398
threshold=1.0000000180025095e-35 17595.285000000003 18.98 51.500000000000007 1.0000000180025095e-35 232.54500000000004 -80579.88499999998 227.50000000000003
decision_type=2 2 8 2 2 2 10 2
left_child=1 4 -2 -3 5 -1 -6 -7
right_child=2 3 -4 -5 6 7 -8 -9
leaf_value=-0.0037959229887788767 -0.0036583442932917841 -0.039745570175268294 0.043493655993606925 0.0030426059046888432 0.053508802225916613 0.010125824529470645 -0.00091502899893286592 -0.011444123321831211
leaf_weight=1041.8995923832554 46.61622998661187 61.020264331236831 43.052744701722986 30.921400466955674 23.92673670341901 402.04776340691024 22.116628822710481 78.4720820417715
leaf_count=47464 4551 21951 923 8171 882 59614 3835 15893
internal_value=-8.63487e-05 -0.00111605 0.0189807 -0.0253552 0.000304823 -0.000513623 0.0273667 0.00660331
internal_weight=1750.07 1660.4 89.669 91.9417 1568.46 1522.42 46.0434 480.52
internal_count=163284 157810 5474 30122 127688 122971 4717 75507
is_linear=0
shrinkage=0.0750466


Tree=112
num_leaves=9
num_cat=0
split_feature=21 133 153 102 150 125 149 127
split_gain=5.71743 6.88893 6.36064 10.7666 10.7317 11.8017 7.80213 9.50366
threshold=1.0000000180025095e-35 8.0000000000000018 651.0150000000001 1.0000000180025095e-35 3519.0050000000006 -16121.229999999998 636.50000000000011 1221.5000000000002
decision_type=2 10 8 2 10 10 10 8
left_child=-1 2 4 -4 6 -6 -2 -8
right_child=1 -3 3 -5 5 -7 7 -9
leaf_value=0.012292601663655705 -0.013743523463399248 0.037081737140546238 -0.0055258498733941116 -0.054667872196691017 0.041128042259599866 -0.022154848725053997 0.022150120565452912 -0.001655146253049882
leaf_weight=187.64179431494267 190.27501650099293 25.543030587723479 706.57931235792057 26.034491650876589 71.24503729584103 21.637915774670546 123.9793584200379 396.56580342953384
leaf_count=5801 9014 174 113716 3827 7026 3159 5103 15464
internal_value=-8.48226e-05 -0.00157185 -0.00221451 -0.00727218 0.00239581 0.0263857 -0.000738957 0.00401461
internal_weight=1749.5 1561.86 1536.32 732.614 803.703 92.883 710.82 520.545
internal_count=163284 157483 157309 117543 39766 10185 29581 20567
is_linear=0
shrinkage=0.0750466


Tree=113
num_leaves=9
num_cat=0
split_feature=50 13 113 113 137 150 153 150
split_gain=5.76572 4.54031 4.27196 4.20491 5.26578 4.39812 5.27894 9.35257
threshold=1.0000000180025095e-35 1.5000000000000002 -1079.9999999999998 -2054.4999999999995 2950.8750000000005 1.0000000180025095e-35 651.0150000000001 3519.0050000000006
decision_type=2 2 10 8 10 8 8 10
left_child=1 3 -2 4 -1 -5 7 -7
right_child=2 -3 -4 5 -6 6 -8 -9
leaf_value=-0.00024389914571389484 -0.0008481659039122633 -0.026048838941437478 -0.053011239346201347 -0.0083182661748894115 -0.039487423638163349 0.004777566910669816 -0.00082774486690066708 0.03078330555400649
leaf_weight=49.225011373695452 15.887141033483202 35.425301633193158 19.940373543038731 204.92613967020588 31.631252887484152 552.42272208470968 748.22443689788633 90.668235115430434
leaf_count=3294 2582 828 8453 13529 8185 19468 98345 8600
internal_value=-8.46707e-05 0.000538682 -0.0298804 0.00110029 -0.0155961 0.00194603 0.00345785 0.00844407
internal_weight=1748.35 1712.52 35.8275 1677.1 80.8563 1596.24 1391.32 643.091
internal_count=163284 152249 11035 151421 11479 139942 126413 28068
is_linear=0
shrinkage=0.0750466


Tree=114
num_leaves=9
num_cat=0
split_feature=17 52 5 39 135 97 112 33
split_gain=5.48287 7.54722 7.09401 5.88847 5.46543 6.65279 4.84575 4.73634
threshold=3.5000000000000004 16685.650000000005 65.500000000000014 25863.355000000003 -2114.9999999999995 3.5000000000000004 164689.20000000004 32887.870000000003
decision_type=2 2 2 2 10 2 8 2
left_child=1 3 4 7 5 -3 -5 -1
right_child=-2 2 -4 6 -6 -7 -8 -9
leaf_value=0.0021136805453525393 0.019940332938376184 0.056121984485445926 0.054169742241923703 -0.054443973483736821 -0.032488895656923616 -0.029015371074053799 -0.0062886285317261346 -0.01891762708534633
leaf_weight=1447.1105066402233 73.769616648060037 9.6098793014098209 6.9137897752370909 19.298462396109244 87.200009241358202 11.186530029081039 30.163617190512014 62.930169525672682
leaf_count=57403 7578 2216 2735 2286 72102 4063 4518 10383
internal_value=-8.28928e-05 -0.000965056 -0.0195263 0.000402607 -0.0242442 0.010326 -0.0250772 0.00123721
internal_weight=1748.18 1674.41 114.91 1559.5 107.996 20.7964 49.4621 1510.04
internal_count=163284 155706 81116 74590 78381 6279 6804 67786
is_linear=0
shrinkage=0.0750466


Tree=115
num_leaves=9
num_cat=0
split_feature=108 83 22 24 137 9 153 24
split_gain=5.66465 12.9698 5.97067 10.2405 7.80826 7.31391 4.72674 4.46676
threshold=1.0000000180025095e-35 1.0000000180025095e-35 111795.30500000001 25.500000000000004 18877.255000000001 448.33500000000004 1026.3750000000002 1.0000000180025095e-35
decision_type=2 2 2 2 8 2 10 2
left_child=2 -2 7 5 -5 6 -4 -1
right_child=1 -3 3 4 -6 -7 -8 -9
leaf_value=-0.0015813663976535417 -0.017014244758619387 0.074437470041001846 0.016562727792526825 -0.0023559920611140634 0.17187293929235961 -0.038198580496179191 -0.043918606437706169 0.0081067455570928999
leaf_weight=1259.6844798702805 17.052890949766152 17.903541227497044 30.965743618711713 3.0825712972291504 2.7331762673420599 65.7531269833853 9.5132436463027243 340.46769131114706
leaf_count=39552 1455 3547 6782 2216 3219 29201 5260 72052
internal_value=-8.21314e-05 0.0298243 -0.000692704 -0.01744 0.0795249 -0.0227484 0.0023486 0.000479993
internal_weight=1747.16 34.9564 1712.2 112.048 5.81575 106.232 40.479 1600.15
internal_count=163284 5002 158282 46678 5435 41243 12042 111604
is_linear=0
shrinkage=0.0750466


Tree=116
num_leaves=9
num_cat=0
split_feature=8 153 7 55 95 153 38 142
split_gain=5.24894 10.7401 5.43564 4.97419 6.80388 6.67312 6.03422 7.66667
threshold=-8804.7999999999975 7043.8650000000007 -1795.6649999999997 1.5000000000000002 5.5000000000000009 2046.8850000000002 1.0000000180025095e-35 208324.80000000002
decision_type=2 10 2 2 2 8 2 8
left_child=1 2 -1 4 6 -5 -2 -8
right_child=3 -3 -4 5 -6 -7 7 -9
leaf_value=0.0081214860478792429 0.0001773477203512733 -0.016850784655499298 0.052937321327205328 -0.00087798892685407364 0.031810764775709321 -0.037590287680205448 -0.053230344923888145 0.0032558144078335379
leaf_weight=25.335209110809956 1443.2809732021124 34.642470683938882 38.261011345181032 67.001881665622932 37.048289056736394 47.762555893015815 27.410337619745405 26.729026501459884
leaf_count=4378 94753 7974 4291 15833 2251 21093 5528 7183
internal_value=-8.25953e-05 0.0167698 0.0350838 -0.00108643 4.07047e-05 -0.0161569 -0.000745331 -0.0253427
internal_weight=1747.47 98.2387 63.5962 1649.23 1534.47 114.764 1497.42 54.1394
internal_count=163284 16643 8669 146641 109715 36926 107464 12711
is_linear=0
shrinkage=0.0750466


Tree=117
num_leaves=9
num_cat=0
split_feature=99 33 22 18 27 18 123 107
split_gain=5.50786 4.79843 5.62395 10.9639 12.7657 7.83958 7.24091 5.57008
threshold=2.5000000000000004 32887.870000000003 6061.1650000000009 7623.4400000000005 4.5000000000000009 252.93500000000003 19.500000000000004 103.50000000000001
decision_type=2 2 2 2 2 2 10 2
left_child=1 2 3 -1 -5 -4 -7 -3
right_child=-2 7 5 4 -6 6 -8 -9
leaf_value=0.00087381098175241378 0.031252153675265688 -0.0098752651133211192 -0.042355456763193237 0.055904843228804825 -0.00268448876610854 -0.0019613152120961236 -0.049471768585093355 -0.063754701482792026
leaf_weight=1126.5987527011603 31.033279198905802 64.697450417821528 32.947067282744683 45.493981077335775 38.813397936930414 375.21717137881205 18.980513295464334 12.973194068203155
leaf_count=27446 950 11127 1333 3801 9588 88215 4501 16323
internal_value=-8.18561e-05 -0.000648613 0.000215602 0.00282728 0.0289315 -0.00718821 -0.00424893 -0.0188747
internal_weight=1746.75 1715.72 1638.05 1210.91 84.3074 427.145 394.198 77.6706
internal_count=163284 162334 134884 40835 13389 94049 92716 27450
is_linear=0
shrinkage=0.0750466


Tree=118
num_leaves=9
num_cat=0
split_feature=50 33 147 22 109 22 22 17
split_gain=5.0152 4.59775 8.87211 5.68856 8.03186 6.94491 4.97862 9.64477
threshold=1.0000000180025095e-35 17595.285000000003 -21440.649999999998 3393.0150000000008 1.0000000180025095e-35 -9370.4499999999989 6061.1650000000009 3.5000000000000004
decision_type=2 2 8 2 2 2 2 2
left_child=1 6 -3 5 -5 -4 -1 -8
right_child=-2 2 3 4 -6 -7 7 -9
leaf_value=0.0038698778582389498 -0.028318631465127381 -0.06903797861380119 0.019602730642569077 0.11141186052183583 -0.0045765794811906801 -0.032365572976758586 -0.0090298594443340482 0.033774465883633725
leaf_weight=1204.2743080814544 34.721267381210055 14.756165646147563 21.630269901957945 5.2031458850688059 9.5042525829194329 43.828582303030998 379.74912380405294 32.15732222556835
leaf_count=37873 11035 13699 2567 1613 5669 6983 79589 4256
internal_value=-8.18608e-05 0.000491113 -0.0155608 -0.00571724 0.0364575 -0.0151931 0.00143388 -0.00568815
internal_weight=1745.82 1711.1 94.9224 80.1663 14.7074 65.4589 1616.18 411.906
internal_count=163284 152249 30531 16832 7282 9550 121718 83845
is_linear=0
shrinkage=0.0750466


Tree=119
num_leaves=9
num_cat=0
split_feature=8 153 107 28 7 142 7 74
split_gain=4.50417 8.83401 5.67544 6.75543 7.57349 5.05555 4.77824 7.29632
threshold=-8804.7999999999975 7043.8650000000007 22.500000000000004 21895.940000000006 -1795.6649999999997 208324.80000000002 1.0000000180025095e-35 513.96500000000015
decision_type=2 10 2 2 2 10 2 2
left_child=1 2 -1 -4 -5 -3 7 -2
right_child=6 5 3 4 -6 -7 -8 -9
leaf_value=0.0038205201970353273 -0.0024816214367604761 -0.053238853206704483 0.078977461516472988 -0.029581780833623745 0.064615876906770828 0.0066822334794069179 0.00050441972515446901 -0.033441129318692385
leaf_weight=25.346148120239377 143.05590004278929 12.626210922600874 20.699592279997887 9.6795193635916821 9.549511159595566 21.320235526836768 1441.1361235256991 61.219041568852845
leaf_count=564 13159 1887 3042 2885 2178 6087 117129 16353
internal_value=-8.17914e-05 0.0154464 0.0315949 0.0492257 0.0171986 -0.0156051 -0.00101817 -0.0117599
internal_weight=1744.63 99.2212 65.2748 39.9286 19.229 33.9464 1645.41 204.275
internal_count=163284 16643 8669 8105 5063 7974 146641 29512
is_linear=0
shrinkage=0.0750466


Tree=120
num_leaves=9
num_cat=0
split_feature=21 22 133 10 57 22 0 112
split_gain=4.75425 5.72683 5.59701 4.48611 6.94903 6.90574 6.29303 8.66092
threshold=1.0000000180025095e-35 -1525.53 8.0000000000000018 -386.05499999999995 2.5000000000000004 239470.10500000001 26921913.500000004 114015.60000000002
decision_type=2 2 10 2 2 2 2 10
left_child=1 -1 3 5 -5 -2 -6 -8
right_child=2 -3 -4 4 6 -7 7 -9
leaf_value=0.025135393603233063 -0.0065314847215441427 -0.0010813193939027189 0.033421065739043528 -0.0014093336083292041 -0.0074362276950484217 -0.049136238666729837 0.0060908711982378978 0.062550483318107211
leaf_weight=88.122511541703716 358.86541472142562 100.38116398286365 25.505497495876625 1056.436816901085 31.083878624514909 22.787281045188138 30.925914696766995 30.288952583250648
leaf_count=870 70825 4931 174 52900 5697 17676 4457 5754
internal_value=-8.12881e-05 0.0111746 -0.00144499 -0.00202607 0.000315944 -0.00907528 0.0200632 0.0340269
internal_weight=1744.4 188.504 1555.89 1530.39 1148.74 381.653 92.2987 61.2149
internal_count=163284 5801 157483 157309 68808 88501 15908 10211
is_linear=0
shrinkage=0.0750466


Tree=121
num_leaves=9
num_cat=0
split_feature=33 150 11 29 139 97 81 150
split_gain=4.10148 5.83849 4.48551 4.88496 7.95444 6.41707 9.16695 8.37656
threshold=115002.37000000001 1.0000000180025095e-35 18.395000000000003 1.0000000180025095e-35 -4994.5599999999986 41.500000000000007 20172.080000000005 15822.210000000001
decision_type=2 10 2 2 10 2 2 10
left_child=2 -2 -1 -4 -5 6 7 -6
right_child=1 -3 3 4 5 -7 -8 -9
leaf_value=-0.0044936712888413279 -0.0064518328307899796 -0.069300450002326541 0.01232321933801369 -0.043120405561489612 8.9188690361263843e-05 0.013142432642549872 -0.017589702972691124 0.035953762417647507
leaf_weight=634.85397240009479 31.644457162670733 11.296521740478054 264.26134751769132 22.815496311202878 370.73874847266416 207.35778138449677 158.80502635567245 40.704055920075916
leaf_count=11467 4137 10275 11519 1480 26843 52462 37108 7993
internal_value=-7.96135e-05 -0.0229855 0.000499133 0.00347627 0.000555418 0.0018369 -0.00227411 0.00363727
internal_weight=1742.48 42.941 1699.54 1064.68 800.421 777.606 570.248 411.443
internal_count=163284 14412 148872 137405 125886 124406 71944 34836
is_linear=0
shrinkage=0.0750466


Tree=122
num_leaves=9
num_cat=0
split_feature=8 151 20 31 120 137 84 83
split_gain=4.07483 8.1971 7.86121 8.02639 7.82884 12.4004 6.24471 5.68179
threshold=9683.5850000000009 1.5000000000000002 3581.3600000000001 7211.295000000001 211140.00000000003 15235.610000000002 2.5000000000000004 3873.2450000000003
decision_type=2 10 2 2 10 10 2 2
left_child=1 -1 6 4 5 -4 -3 -6
right_child=-2 2 3 -5 7 -7 -8 -9
leaf_value=-0.0015630660454580096 -0.0037100262742074904 0.012617398680502805 0.084104525607586716 -0.02631202603165899 0.052521831862127957 -0.031149426534959966 -0.028075585991262586 0.14725410680243603
leaf_weight=583.7476163934989 870.80630503220891 221.46518177221878 11.099521156967969 7.6281284033320835 6.9003470888346765 9.9891758882149571 23.491948931870866 7.3786653048955486
leaf_count=24173 91902 21239 1740 4131 1256 3441 11861 3541
internal_value=-7.90683e-05 0.00354816 0.0139098 0.0435067 0.0585653 0.0295117 0.00871485 0.101475
internal_weight=1742.51 871.701 287.953 42.9958 35.3677 21.0887 244.957 14.279
internal_count=163284 71382 47209 14109 9978 5181 33100 4797
is_linear=0
shrinkage=0.0750466


Tree=123
num_leaves=9
num_cat=0
split_feature=21 16 4 13 135 0 73 124
split_gain=4.16849 8.49734 4.45814 4.3063 4.43757 4.02554 3.63013 3.24968
threshold=1.0000000180025095e-35 -1517.8349999999998 1.5000000000000002 1.5000000000000002 -532.49999999999989 52138181.000000007 2.5000000000000004 2838.3850000000007
decision_type=2 2 2 2 10 2 2 8
left_child=1 -1 3 4 -2 7 -3 -6
right_child=2 6 -4 -5 5 -7 -8 -9
leaf_value=0.030365336944732958 0.0012483575367488865 -0.014507096079153382 -0.024109735420983238 -0.02844397081739471 -0.012884692498917613 0.017686532344955125 0.01220285829267872 -0.047230177479381574
leaf_weight=73.616888108488638 1338.700598028212 62.520337804453447 47.044972685398534 30.754339954233728 98.60757880780875 20.601730718452018 52.909679797798162 18.412497018674912
leaf_count=769 136545 1658 2000 756 14727 1605 3374 1850
internal_value=-8.00603e-05 0.0104422 -0.00136001 -0.000649854 -7.08542e-05 -0.0129033 -0.00226405 -0.0182888
internal_weight=1743.17 189.047 1554.12 1507.08 1476.32 137.622 115.43 117.02
internal_count=163284 5801 157483 155483 154727 18182 5032 16577
is_linear=0
shrinkage=0.0750466


Tree=124
num_leaves=9
num_cat=0
split_feature=39 99 141 18 153 95 150 8
split_gain=4.54044 5.33311 9.94882 5.41649 9.68237 9.22104 6.08248 7.21202
threshold=313319.83000000002 1.0000000180025095e-35 4.4850000000000012 1949.6600000000001 475.06500000000005 1.5000000000000002 3519.0050000000006 6800.3600000000015
decision_type=2 2 8 2 10 2 10 2
left_child=1 3 -3 6 -5 -6 -1 -8
right_child=-2 2 -4 4 5 -7 7 -9
leaf_value=-0.0061966753510782693 -0.027086318939957742 -0.0077900595993718839 0.042823247971002079 0.014551427358305377 -0.0094919068434713583 0.032387758461507238 0.026210078307201252 -0.0066743505112906807
leaf_weight=876.82668537966674 34.361675324435055 42.109430712444009 45.513936287228717 304.01219425235467 255.36323718626954 33.493368881812785 76.87182110278809 73.450382187176729
leaf_count=14982 11043 3646 1423 28373 85878 6557 4620 6762
internal_value=-7.68292e-05 0.000466664 0.0184999 -0.000508714 0.00520301 -0.0046359 -0.00380551 0.0101421
internal_weight=1742 1707.64 87.6234 1620.02 592.869 288.857 1027.15 150.322
internal_count=163284 152241 5069 147172 120808 92435 26364 11382
is_linear=0
shrinkage=0.0750466


Tree=125
num_leaves=9
num_cat=0
split_feature=50 39 73 39 134 73 25 8
split_gain=4.36318 4.92628 4.39753 4.74727 4.03873 6.67563 7.5169 7.71185
threshold=1.0000000180025095e-35 313319.83000000002 7.5000000000000009 857069.45500000019 139352.40000000002 9.5000000000000018 1.0000000180025095e-35 18628.875000000004
decision_type=2 2 2 2 10 2 2 2
left_child=1 4 -3 -4 5 6 7 -1
right_child=-2 2 3 -5 -6 -7 -8 -9
leaf_value=-0.0080254728199125065 -0.026824474569485099 -0.051144954477633321 -0.040712033589974217 0.050320934944042793 0.0054398869247816268 -0.021355832632285694 0.014921587051799225 0.0089368362798775622
leaf_weight=533.2734478332568 33.681713300400588 19.410413896097452 6.3724375084275362 6.534898482990684 685.37544224152225 91.578898623920395 155.44744242975139 210.55991792632267
leaf_count=11316 11035 3843 2956 2898 81928 18034 25809 5465
internal_value=-7.6178e-05 0.000451127 -0.0285706 0.00537735 0.00101066 -0.00205302 -8.73025e-05 -0.00322388
internal_weight=1742.23 1708.55 32.3177 12.9073 1676.24 990.86 899.281 743.833
internal_count=163284 152249 9697 5854 142552 60624 42590 16781
is_linear=0
shrinkage=0.0750466


Tree=126
num_leaves=9
num_cat=0
split_feature=22 150 112 25 12 127 142 99
split_gain=4.31485 6.64227 5.6246 8.12404 10.9301 11.1564 8.0993 4.39601
threshold=305328.60000000003 7173.1900000000014 720815.33500000008 2376.4950000000003 7.5000000000000009 3233.5000000000005 1245067.9450000001 1.0000000180025095e-35
decision_type=2 10 10 2 2 10 8 2
left_child=2 -2 7 6 -5 -6 -4 -1
right_child=1 -3 3 4 5 -7 -8 -9
leaf_value=-0.0013541159240369888 -0.0022670729670587015 -0.06152011573258976 0.032731447018964931 0.13326167123164553 -0.077280867372315667 0.082640840975808566 -0.019232059493781543 0.016456311012853633
leaf_weight=1527.4727865689201 31.393757365331112 16.129423916325322 34.854540786429425 7.5176876035548075 4.3268573997192998 5.6844576204384794 32.781808972533327 82.25274392432766
leaf_count=124324 8076 13424 2627 2394 2204 3782 2663 3790
internal_value=-7.49948e-05 -0.0223776 0.000550351 0.0193457 0.0648756 0.0135232 0.00754591 -0.00044405
internal_weight=1742.41 47.5232 1694.89 85.1654 17.529 10.0113 67.6363 1609.73
internal_count=163284 21500 141784 13670 8380 5986 5290 128114
is_linear=0
shrinkage=0.0750466


Tree=127
num_leaves=9
num_cat=0
split_feature=44 46 138 74 55 125 105 8
split_gain=3.64077 3.76739 8.95415 5.2041 3.33551 8.00657 3.20131 7.88328
threshold=1.0000000180025095e-35 1.0000000180025095e-35 3423.4750000000004 1939.825 2.5000000000000004 -3860.5749999999994 1.0000000180025095e-35 11254.315000000002
decision_type=2 2 8 2 2 10 2 2
left_child=1 4 -3 -4 6 -6 -1 -8
right_child=-2 2 3 -5 5 -7 7 -9
leaf_value=0.0010079914882082865 -0.028394229324895107 0.01838160057076671 -0.050262371330086417 -0.0083142369250998587 -0.029669571733858195 0.063636958298033827 -0.0014994969179654058 0.046546890802226862
leaf_weight=1486.77239486701 25.199770055711269 32.591487851517741 33.846342443895992 32.795971302024554 42.27938746316795 5.902550263926968 52.273577037252835 30.42856782572926
leaf_count=95974 5166 1977 10440 5855 15422 2820 14857 10773
internal_value=-7.60472e-05 0.000339595 -0.013854 -0.0296189 0.00121029 -0.018239 0.00180737 0.0161782
internal_weight=1742.09 1716.89 99.2338 66.6423 1617.66 48.1819 1569.47 82.7021
internal_count=163284 158118 18272 16295 139846 18242 121604 25630
is_linear=0
shrinkage=0.0750466


Tree=128
num_leaves=9
num_cat=0
split_feature=50 39 99 33 147 58 141 52
split_gain=3.81507 4.28607 4.96226 7.45191 6.59296 5.08527 6.79345 6.23347
threshold=1.0000000180025095e-35 313319.83000000002 1.0000000180025095e-35 17595.285000000003 -25805.769999999997 232.54500000000004 3.0950000000000002 69684.140000000014
decision_type=2 2 2 2 8 2 10 2
left_child=1 2 3 5 -5 -1 7 -7
right_child=-2 -3 -4 4 -6 6 -8 -9
leaf_value=-0.0017548775555271867 -0.025414973974289306 -0.027056962263389991 0.018581000240615726 -0.078289620204426091 -0.013938613348977434 0.012508180258961424 -0.019848183622647852 -0.031581905641476699
leaf_weight=1033.6241177651827 32.831524272100069 31.404456818941981 85.111707068354008 10.197107775908078 74.310555581723747 409.75202647579135 45.782869177288376 18.892337480836431
leaf_count=43939 11035 9697 4395 10963 17922 33210 10864 21259
internal_value=-7.50724e-05 0.00041171 0.000925898 -1.76497e-05 -0.0217035 0.00119758 0.00763002 0.0105649
internal_weight=1741.91 1709.08 1677.67 1592.56 84.5077 1508.05 474.427 428.644
internal_count=163284 152249 142552 138157 28885 109272 65333 54469
is_linear=0
shrinkage=0.0750466


Tree=129
num_leaves=9
num_cat=0
split_feature=17 52 10 135 138 0 112 149
split_gain=3.94772 6.0606 8.1167 14.9315 5.98529 4.55198 6.27205 4.98532
threshold=3.5000000000000004 1.0000000180025095e-35 298.7000000000001 -1355.4999999999998 12094.745000000001 15842220.000000002 720815.33500000008 489.50000000000006
decision_type=2 2 2 8 8 2 10 10
left_child=1 5 -3 -4 -2 -1 7 -7
right_child=4 2 3 -5 -6 6 -8 -9
leaf_value=-0.013362708398702851 -0.0044479954052042085 -0.023614209357189921 -0.038822973636387939 0.085244033856305912 0.037744428664237543 -0.0056217472240735426 0.024215618197010375 0.0039849485144176121
leaf_weight=122.14557645997411 37.810367822617991 117.65788073877047 10.433493403514147 11.468540701811436 37.931981539091794 468.07996682850353 66.620064225091483 869.13844782904198
leaf_count=9018 2204 72271 6262 5291 5374 9382 6731 46751
internal_value=-7.41961e-05 -0.000836206 -0.0158056 0.0261421 0.0166821 0.000532833 0.00174186 0.000622221
internal_weight=1741.29 1665.54 139.56 21.902 75.7423 1525.98 1403.84 1337.22
internal_count=163284 155706 83824 11553 7578 71882 62864 56133
is_linear=0
shrinkage=0.0750466


Tree=130
num_leaves=9
num_cat=0
split_feature=13 46 153 97 149 83 109 135
split_gain=3.26769 3.07176 9.68923 3.4903 17.3517 6.59186 3.4497 2.77322
threshold=1.5000000000000002 1.0000000180025095e-35 1612.8750000000002 147.50000000000003 5660.5000000000009 30311.090000000004 1.0000000180025095e-35 -1171.4999999999998
decision_type=2 2 8 2 8 2 2 8
left_child=1 3 6 -1 5 -5 -3 -4
right_child=-2 2 7 4 -6 -7 -8 -9
leaf_value=0.00062547764674985922 -0.023141639260637933 -0.010270241954010403 -0.062723104051239265 0.028207799517121924 0.12800712940996303 -0.042010527581893907 0.028467982190389422 -0.02412737323915682
leaf_weight=1570.8041238448059 33.913421989302151 24.943357934913365 15.922094754161661 18.178530018107271 7.2593550863457486 12.853420018662289 26.919282914270298 30.704126438708045
leaf_count=130640 829 1594 6616 4842 2779 5544 4268 6172
internal_value=-7.44144e-05 0.000383711 -0.0124819 0.00117119 0.0235575 -0.000876601 0.00983682 -0.0373072
internal_weight=1741.5 1707.58 98.4889 1609.1 38.2913 31.032 51.8626 46.6262
internal_count=163284 162455 18650 143805 13165 10386 5862 12788
is_linear=0
shrinkage=0.0750466


Tree=131
num_leaves=9
num_cat=0
split_feature=108 16 64 17 115 83 115 83
split_gain=4.40799 16.5982 4.59842 8.80934 7.63141 4.7572 6.06874 8.67006
threshold=1.0000000180025095e-35 -176.96999999999997 13076.395000000002 3.5000000000000004 25799.010000000006 53371.560000000005 12352.975000000002 175657.12500000003
decision_type=2 2 2 2 10 2 8 2
left_child=2 -2 5 4 -4 -1 7 -7
right_child=1 -3 3 -5 -6 6 -8 -9
leaf_value=-0.00055090017031616655 -0.023602955814805374 0.078730298789278647 -0.031239150925319276 0.054268243291089986 0.04969463265637284 0.016431679491064669 -0.014402067882432111 0.091003286359206972
leaf_weight=1543.0431957074179 18.412586302234558 17.327034224450472 76.994690262959921 8.8753685389965522 7.1728273785556658 37.318640379562567 20.837649859284284 11.482659909619541
leaf_count=105991 2152 2850 26904 2107 4219 10541 5259 3261
internal_value=-7.44065e-05 0.0260095 -0.000620937 -0.0168433 -0.0243419 0.000315003 0.0195015 0.0339779
internal_weight=1741.46 35.7396 1705.73 93.0429 84.1675 1612.68 69.639 48.8013
internal_count=163284 5002 158282 33230 31123 125052 19061 13802
is_linear=0
shrinkage=0.0750466


Tree=132
num_leaves=9
num_cat=0
split_feature=21 33 9 147 9 153 107 147
split_gain=3.88908 5.22903 3.95073 3.77519 3.57537 2.91704 6.73635 6.04514
threshold=1.0000000180025095e-35 17595.285000000003 511.12500000000006 -25805.769999999997 2120.0400000000004 3853.3050000000007 12.500000000000002 -9242.2649999999976
decision_type=2 2 2 8 2 10 2 8
left_child=2 5 -1 -3 -5 7 -7 -2
right_child=1 3 -4 4 -6 6 -8 -9
leaf_value=0.022014528204270509 0.010619159450246114 -0.067281977659108871 0.00019100358276040959 -0.026078955190695488 0.017318428594844636 0.04213127240292306 -0.013616726782975456 -0.0018305709018187981
leaf_weight=85.611788514390355 279.01589227165096 8.9961679013285885 102.83648398178048 41.513047950604232 14.400949081798897 13.192630601115523 163.48533374705585 1032.5326138206219
leaf_count=3387 48774 12183 2414 13579 2630 180 39886 40251
internal_value=-7.5605e-05 -0.00131091 0.0101054 -0.0221613 -0.0149017 -0.0004015 -0.009454 0.000817957
internal_weight=1741.58 1553.14 188.448 64.9102 55.914 1488.23 176.678 1311.55
internal_count=163284 157483 5801 28392 16209 129091 40066 89025
is_linear=0
shrinkage=0.0750466


Tree=133
num_leaves=9
num_cat=0
split_feature=4 5 5 23 11 137 99 51
split_gain=3.31273 4.5572 7.94262 5.98741 5.12626 4.98453 4.8839 4.62912
threshold=1.5000000000000002 67.500000000000014 63.500000000000007 2.5000000000000004 18.395000000000003 42061.195000000014 1.5000000000000002 1.0000000180025095e-35
decision_type=2 2 2 2 2 8 2 2
left_child=1 2 3 6 -5 -6 7 -1
right_child=-2 -3 -4 4 5 -7 -8 -9
leaf_value=0.0024059611974058706 -0.018824931474787514 -0.010713959558809712 0.022267841601504371 -0.044500346312520776 -0.017919720442788306 0.032270486519084006 0.030056967277246622 -0.01298197980858929
leaf_weight=1161.5322236871652 51.492200583365047 182.15912618772563 100.19755677894136 28.66448952882638 47.39924212727783 14.569699826584836 33.302944917042623 121.63253939947026
leaf_count=52194 2213 12598 7588 854 6699 3598 1219 76321
internal_value=-7.35421e-05 0.000497973 0.00185295 0.000399237 -0.018258 -0.00611935 0.00168371 0.000947322
internal_weight=1740.95 1689.46 1507.3 1407.1 90.6334 61.9689 1316.47 1283.16
internal_count=163284 161071 148473 140885 11151 10297 129734 128515
is_linear=0
shrinkage=0.0750466


Tree=134
num_leaves=9
num_cat=0
split_feature=22 28 25 22 153 125 51 139
split_gain=3.74724 5.93802 4.2206 6.86378 7.75791 5.81249 5.45246 9.82611
threshold=305328.60000000003 14896.805000000002 1.0000000180025095e-35 -1525.53 838.69500000000005 -4536.1249999999991 1.0000000180025095e-35 4880.0000000000009
decision_type=2 2 2 2 8 8 2 8
left_child=2 -2 3 -1 -5 -4 -7 -8
right_child=1 -3 5 4 -6 6 7 -9
leaf_value=0.003582009073037551 -0.0026599551302477513 -0.060173149014998359 -0.014610984139974857 -5.6191174654402443e-05 -0.017150121593816448 0.016184028654308628 -0.017855837121681394 0.061014003610361779
leaf_weight=688.24298457716941 31.512427860499884 14.88660043702839 58.097474773705471 350.68135303654708 260.68015055466822 261.87923776257958 63.83983888932562 10.337091868328569
leaf_count=13425 7244 14256 24891 11311 19991 22870 46506 2790
internal_value=-7.15514e-05 -0.0211124 0.000504845 -0.00155825 -0.00734492 0.00730729 0.0110965 -0.00686475
internal_weight=1740.16 46.399 1693.76 1299.6 611.362 394.154 336.056 74.1769
internal_count=163284 21500 141784 44727 31302 97057 72166 49296
is_linear=0
shrinkage=0.0750466


Tree=135
num_leaves=9
num_cat=0
split_feature=16 12 80 83 16 83 153 6
split_gain=3.58819 6.46227 5.97417 11.7755 8.31582 10.8669 11.5508 11.9639
threshold=2347.2300000000005 6.5000000000000009 4.5000000000000009 1407.6450000000002 -2274.0149999999999 92470.055000000008 475.06500000000005 68.500000000000014
decision_type=2 2 2 2 2 2 10 2
left_child=2 -2 -1 -4 -5 6 -6 -8
right_child=1 -3 3 4 5 -7 7 -9
leaf_value=-0.00067778364579582572 -0.067072888168426548 0.00023712544140909106 -0.027962426127081601 -0.025288472293103839 0.10906580819986898 -0.0099805180273492607 0.11843987327166994 0.0051208765844270639
leaf_weight=1607.0592052144275 12.518138093786545 22.421714289288502 23.390786410440342 11.582968593786061 18.085606687571271 15.745062302958102 6.9164667640143334 21.74175675681181
leaf_count=130136 1460 5846 3711 3719 2073 5768 2172 8399
internal_value=-7.16477e-05 -0.0238785 0.000416353 0.0184575 0.0331163 0.0439422 0.0621054 0.0324696
internal_weight=1739.46 34.9399 1704.52 97.4626 74.0719 62.4889 46.7438 28.6582
internal_count=163284 7306 155978 25842 22131 18412 12644 10571
is_linear=0
shrinkage=0.0750466


Tree=136
num_leaves=9
num_cat=0
split_feature=108 72 22 135 135 22 95 23
split_gain=3.75801 4.52857 4.35142 14.2309 10.3404 5.77824 6.30635 5.41842
threshold=1.0000000180025095e-35 1.0000000180025095e-35 -9370.4499999999989 -1689.4999999999998 -532.49999999999989 319.2050000000001 1.5000000000000002 1.5000000000000002
decision_type=2 2 2 8 8 2 2 2
left_child=2 -2 3 -1 5 -4 -7 -8
right_child=1 -3 4 -5 -6 6 7 -9
leaf_value=-0.021932508915331151 0.053183825057956019 -2.4012115150885873e-05 0.0070277644054955136 0.016531227662050729 -0.013278237018890277 -0.0068065818180941219 0.040458081585178197 -0.012679852257168986
leaf_weight=70.6333570376446 16.297498972970061 20.144115250528557 521.73003086227982 232.47847894098959 361.64087905326596 469.24826947179827 30.912983565722243 16.616922268898634
leaf_count=3730 3480 1522 22473 6987 23685 94894 4230 2283
internal_value=-7.42005e-05 0.0237717 -0.000584389 0.00756812 -0.00234929 0.00145651 -0.00416813 0.0218805
internal_weight=1739.7 36.4416 1703.26 303.112 1400.15 1038.51 516.778 47.5299
internal_count=163284 5002 158282 10717 147565 123880 101407 6513
is_linear=0
shrinkage=0.0750466


Tree=137
num_leaves=9
num_cat=0
split_feature=8 21 142 147 141 108 73 146
split_gain=3.62674 5.21048 4.99639 3.81835 4.35812 3.6918 3.89402 3.81406
threshold=-8804.7999999999975 1.0000000180025095e-35 856148.06500000006 -9242.2649999999976 1.0000000180025095e-35 1.0000000180025095e-35 12.500000000000002 3491.3000000000006
decision_type=2 2 8 8 10 2 2 8
left_child=1 -1 3 4 -3 6 -2 -8
right_child=5 2 -4 -5 -6 -7 7 -9
leaf_value=0.056737983106991158 -0.00075206775830028068 -0.0052422330978963349 -0.034408987769218281 0.04970288695114726 0.042293008820315968 0.02428670950794511 -0.014151037811139426 -0.076824414331251464
leaf_weight=13.718757586553691 1554.0508939385982 44.48292371701973 13.820222728441875 14.215959670997107 14.372073860788076 32.075800779559358 45.53867780984001 6.2150513952219617
leaf_count=680 123495 8622 2075 1186 4080 4280 16838 2028
internal_value=-7.33773e-05 0.0137567 0.00697059 0.0147969 0.00636562 -0.000922914 -0.00142647 -0.0216774
internal_weight=1738.49 100.61 86.8912 73.071 58.855 1637.88 1605.8 51.7537
internal_count=163284 16643 15963 13888 12702 146641 142361 18866
is_linear=0
shrinkage=0.0750466


Tree=138
num_leaves=9
num_cat=0
split_feature=50 5 5 5 5 80 33 82
split_gain=3.31172 5.21672 3.45955 3.2396 7.71489 7.07862 12.9332 8.43532
threshold=1.0000000180025095e-35 63.500000000000007 44.500000000000007 67.500000000000014 61.500000000000007 2.5000000000000004 8897.4100000000017 1.0000000180025095e-35
decision_type=2 2 2 2 2 2 2 2
left_child=3 2 -2 4 5 -1 7 -7
right_child=1 -3 -4 -5 -6 6 -8 -9
leaf_value=-0.0025316589834114911 -0.0057439980629090228 0.013017755342860366 -0.072457815765064867 -0.009276857067196994 0.017240504893896846 -0.0072923242574194245 -0.055303589149178357 0.028308130549456592
leaf_weight=1175.0615010919064 6.7790819049332702 12.833212212666693 12.358511513506526 175.61741557442292 157.07021182749304 52.404718243269599 14.559299037529852 131.65831588202855
leaf_count=85527 2290 3719 5026 10084 10682 6251 9942 29763
internal_value=-7.11862e-05 -0.0240016 -0.0488259 0.000377177 0.00148475 -0.000316804 0.0127864 0.0181723
internal_weight=1738.34 31.9708 19.1376 1706.37 1530.75 1373.68 198.622 184.063
internal_count=163284 11035 7316 152249 142165 131483 45956 36014
is_linear=0
shrinkage=0.0750466


Tree=139
num_leaves=9
num_cat=0
split_feature=60 20 22 99 5 148 72 18
split_gain=3.43471 4.19206 7.9046 4.12291 3.82417 3.66124 5.53765 7.20697
threshold=1079.3350000000003 3581.3600000000001 78916.440000000017 2.5000000000000004 39.500000000000007 3.52 1.0000000180025095e-35 7623.4400000000005
decision_type=2 2 2 2 2 10 2 2
left_child=3 4 -3 5 -2 -1 7 -7
right_child=1 2 -4 -5 -6 6 -8 -9
leaf_value=-0.00039361466115567012 0.01145023375548683 0.084477173230532998 -0.032731129942831644 0.028130936060724591 -0.03611220884090402 0.12425785178401406 -0.0031938254875761517 0.015079176052575756
leaf_weight=1609.4056420569032 12.22431687467906 6.053222228176308 6.9742801088941633 30.090301520249341 43.04822854232043 5.8376222537408493 16.950449988275068 8.172042087717271
leaf_count=136533 2512 1699 4936 768 8895 526 2472 4943
internal_value=-7.13546e-05 -0.0165668 0.0217296 0.000603095 -0.0255931 9.8134e-05 0.0256608 0.0605723
internal_weight=1738.76 68.3 13.0275 1670.46 55.2725 1640.37 30.9601 14.0097
internal_count=163284 18042 6635 145242 11407 144474 7941 5469
is_linear=0
shrinkage=0.0750466


Tree=140
num_leaves=9
num_cat=0
split_feature=127 13 107 107 80 112 95 125
split_gain=3.1401 3.6117 3.37498 3.74564 4.42964 6.80738 9.43434 6.75054
threshold=145.50000000000003 1.5000000000000002 12.500000000000002 260.50000000000006 2.5000000000000004 139352.40000000002 1.5000000000000002 -3860.5749999999994
decision_type=8 2 2 2 2 8 2 10
left_child=-1 2 -2 4 -4 6 -6 -7
right_child=1 -3 3 -5 5 7 -8 -9
leaf_value=-0.020527253350722887 0.0055516088244632056 -0.02710878907770058 -0.0033899067193696951 -0.03524204737451235 -0.018797001346007137 0.013507767579898482 0.046025839310902032 0.067919636247984153
leaf_weight=41.25576064127381 569.68180802639108 26.40956712490879 866.8679575884089 18.290128353764885 72.409279467363376 113.56093677951867 15.320363241131416 14.478659780594169
leaf_count=5079 6482 584 93139 9292 16186 26393 1599 4530
internal_value=-7.01478e-05 0.000427179 0.000862477 -0.00156394 -0.000994984 0.00862679 -0.00747689 0.0196606
internal_weight=1738.27 1697.02 1670.61 1100.93 1082.64 215.769 87.7296 128.04
internal_count=163284 158205 157621 151139 141847 48708 17785 30923
is_linear=0
shrinkage=0.0750466


Tree=141
num_leaves=9
num_cat=0
split_feature=8 28 105 97 0 135 0 123
split_gain=3.39116 6.22127 7.76049 8.80139 12.2135 5.67347 5.42541 5.31503
threshold=9683.5850000000009 1395.8750000000002 1.0000000180025095e-35 36.500000000000007 35799005.000000007 -1048.9999999999998 42644405.000000007 5.5000000000000009
decision_type=2 2 2 2 2 10 2 8
left_child=-1 5 7 6 -5 -2 -4 -3
right_child=1 2 3 4 -6 -7 -8 -9
leaf_value=0.0032271102538946714 0.0049339345106198243 -0.0076567960655438113 0.025118936517774294 0.010521115567006391 0.16428648807609889 -0.015106577968598699 -0.076249298903598467 -0.028854161619865048
leaf_weight=873.67406574733468 452.83661147333623 186.10866809469371 7.426826631897713 6.9602787387193512 4.9985955996162375 96.516717757069273 4.9593490985789686 103.76321350696526
leaf_count=71382 13727 40432 4379 4694 3084 3355 2793 19438
internal_value=-6.9355e-05 -0.00340439 -0.0118267 0.0288699 0.0747923 0.00141299 -0.0154683 -0.0152447
internal_weight=1737.24 863.57 314.217 24.3451 11.9589 549.353 12.3862 289.872
internal_count=163284 91902 74820 14950 7778 17082 7172 59870
is_linear=0
shrinkage=0.0750466


Tree=142
num_leaves=9
num_cat=0
split_feature=56 80 83 83 153 149 131 11
split_gain=3.34867 4.19725 8.95283 5.29253 9.39527 6.26114 3.54575 5.05277
threshold=11582.655000000002 4.5000000000000009 1407.6450000000002 68621.085000000006 651.0150000000001 4894.5000000000009 568.90500000000009 52.845000000000006
decision_type=2 2 2 2 10 8 10 2
left_child=1 6 -3 4 -4 -5 -1 -8
right_child=-2 2 3 5 -6 -7 7 -9
leaf_value=0.00043197650587117442 -0.025749358431305078 -0.026202940203675879 0.07837041800225085 -0.025323948704189473 0.013921169311347334 0.057813855538824503 -0.04196881463513949 -0.0048312001425871451
leaf_weight=1487.5787860196433 28.137532906301203 22.623709698484163 21.985292855490115 17.521582939130898 30.290017056489887 7.1973879910729002 26.381261851318413 94.694383399051731
leaf_count=98151 15033 3457 2193 5559 10056 2154 2333 24348
internal_value=-7.04602e-05 0.000352506 0.015301 0.0274964 0.0410264 -0.00111683 -0.000573199 -0.0129231
internal_weight=1736.41 1708.27 99.618 76.9943 52.2753 24.719 1608.65 121.076
internal_count=163284 148251 23419 19962 12249 7713 124832 26681
is_linear=0
shrinkage=0.0750466


Tree=143
num_leaves=9
num_cat=0
split_feature=7 6 127 6 127 127 6 151
split_gain=3.42671 12.9479 10.8273 8.14662 9.94871 7.88758 5.74264 5.51844
threshold=1655.0800000000002 20.500000000000004 1221.5000000000002 76.500000000000014 1922.5000000000002 753.50000000000011 289.50000000000006 1.5000000000000002
decision_type=2 2 8 2 8 10 2 8
left_child=7 -2 5 4 -4 -3 -5 -1
right_child=1 2 3 6 -6 -7 -8 -9
leaf_value=-0.014245528710113333 -0.026104456718829796 0.011476104843441673 -0.011411222025873788 -0.0068080193346195623 0.02416362288166686 0.046694974847260123 0.022673121724876826 -6.7665460473411134e-05
leaf_weight=204.19597294862615 77.751355070191494 104.88641823687067 62.626016690614051 403.71419757003969 151.07672142895899 54.383867714372172 40.990403534960933 636.79888555410798
leaf_count=18501 2618 7694 4185 39345 4380 3666 5710 77185
internal_value=-7.00733e-05 0.00316082 0.0059436 0.00169623 0.0137383 0.0235018 -0.00409061 -0.00351009
internal_weight=1736.42 895.429 817.678 658.407 213.703 159.27 444.705 840.995
internal_count=163284 67598 64980 53620 8565 11360 45055 95686
is_linear=0
shrinkage=0.0750466


Tree=144
num_leaves=9
num_cat=0
split_feature=8 73 73 118 138 151 151 0
split_gain=3.21144 9.36815 6.81116 6.72689 5.48851 13.4044 8.17074 7.59552
threshold=9683.5850000000009 1.0000000180025095e-35 2.5000000000000004 5692.1350000000011 12094.745000000001 1.5000000000000002 3.5000000000000004 49848695.500000007
decision_type=2 2 2 8 10 10 10 2
left_child=2 -2 -1 -4 5 -5 -6 -8
right_child=1 -3 3 4 6 -7 7 -9
leaf_value=-0.0043881874940307616 0.031655171330683601 -0.0050731326963593341 -0.0081575513366268313 0.0090082559078093396 -0.020858250394754533 0.048419719330755354 0.025883235242039601 -0.02281929621643651
leaf_weight=381.76954818534432 41.070503495808225 820.3390203668896 102.3239080690837 162.03858222484996 54.428663152459194 69.42753155878745 80.885088201855979 23.210186305303068
leaf_count=9692 1142 90760 18850 8676 8059 4203 17246 4656
internal_value=-7.00644e-05 -0.00332199 0.00313471 0.00896841 0.0134618 0.0208296 0.00270395 0.015024
internal_weight=1735.49 861.41 874.084 492.314 389.99 231.466 158.524 104.095
internal_count=163284 91902 71382 61690 42840 12879 29961 21902
is_linear=0
shrinkage=0.0750466


Tree=145
num_leaves=9
num_cat=0
split_feature=22 28 97 97 6 5 25 6
split_gain=3.04546 5.60285 4.76399 4.00342 20.6394 14.7864 8.27297 3.07503
threshold=305328.60000000003 14896.805000000002 17.500000000000004 147.50000000000003 171.50000000000003 55.500000000000007 3329.2250000000004 131.50000000000003
decision_type=2 2 2 2 2 2 2 2
left_child=3 2 -2 7 6 -6 -5 -1
right_child=1 -3 -4 4 5 -7 -8 -9
leaf_value=0.0022517473870532594 -0.028279230776244675 -0.05903808304996052 0.030754331378564162 0.023143146441706734 0.18300902605693664 0.022829235016361304 -0.06293155524146532 -0.0045435864065440637
leaf_weight=1076.569147022019 17.076033434030254 13.857378019416499 14.020249104134562 14.249242032652548 6.3686848248689767 6.6189348730549682 11.257198739185695 575.56304027039005
leaf_count=72509 2818 14256 4426 2037 2604 1983 4762 57889
internal_value=-7.07626e-05 -0.0193494 -0.00166302 0.000441856 0.0243666 0.101376 -0.0148457 -0.000115583
internal_weight=1735.58 44.9537 31.0963 1690.63 38.4941 12.9876 25.5064 1652.13
internal_count=163284 21500 7244 141784 11386 4587 6799 130398
is_linear=0
shrinkage=0.0750466


Tree=146
num_leaves=9
num_cat=0
split_feature=8 138 58 8 11 95 16 131
split_gain=3.03932 5.59809 4.36854 3.88571 3.08912 3.14013 2.89705 7.91509
threshold=-8804.7999999999975 36105.985000000008 232.54500000000004 -14931.834999999997 -1.0000000180025095e-35 5.5000000000000009 -10288.865 14023.215000000002
decision_type=2 10 2 2 2 2 2 8
left_child=1 2 -1 -3 -2 6 7 -6
right_child=4 3 -4 -5 5 -7 -8 -9
leaf_value=0.012103035225891028 -0.02075677601200944 -0.027006828335054266 0.053400356576479201 0.027180137933393765 -0.0064210872900003742 0.020040132793062718 -0.00227262721024548 0.020597351857287439
leaf_weight=44.27136084871745 42.783563552053238 25.592904450058995 21.399501359228452 10.515551357784714 126.43626174902602 41.540958280325867 1304.8763574995355 118.10983481117
leaf_count=3676 3926 7243 3238 2486 7356 2913 130571 1875
internal_value=-7.31644e-05 0.0125093 0.0255602 -0.0112264 -0.000857029 -0.000321893 -0.000867811 0.00662816
internal_weight=1735.53 101.779 65.6709 36.1085 1633.75 1590.96 1549.42 244.546
internal_count=163284 16643 6914 9729 146641 142715 139802 9231
is_linear=0
shrinkage=0.0750466


Tree=147
num_leaves=9
num_cat=0
split_feature=10 85 127 147 147 74 147 127
split_gain=3.11656 5.60377 5.09077 4.61663 3.68475 8.45387 7.87612 7.17412
threshold=-3005.3049999999998 39354.150000000009 3233.5000000000005 -68179.834999999977 -7681.6749999999993 2126.0350000000003 -31205.244999999999 3001.5000000000005
decision_type=2 2 10 8 8 2 10 10
left_child=1 2 3 -1 5 -2 -7 -8
right_child=4 -3 -4 -5 -6 6 7 -9
leaf_value=0.047104672637354135 -0.00018029831216649948 -0.076191481121427942 -0.040136983130313074 -0.0068398256437014315 -0.0014444891722104362 -0.00060288549186483787 0.05386450045287277 0.0054864914805358746
leaf_weight=10.936881720263044 302.49904631853133 7.4314298096323901 20.717392645648943 48.813258040972869 1217.1221263151238 49.203837349406967 51.874460251252458 25.874805124989507
leaf_count=3655 69023 5954 8271 8712 48327 10988 4386 3968
internal_value=-7.06909e-05 -0.0138391 -0.00808065 0.00303437 0.000664306 0.0066409 0.0228942 0.0377644
internal_weight=1734.47 87.899 80.4675 59.7501 1646.57 429.452 126.953 77.7493
internal_count=163284 26592 20638 12367 136692 88365 19342 8354
is_linear=0
shrinkage=0.0750466


Tree=148
num_leaves=9
num_cat=0
split_feature=113 8 8 153 137 113 123 56
split_gain=3.17933 6.22229 4.8231 6.42271 5.84921 8.95054 5.40539 5.29331
threshold=-2054.4999999999995 12961.865000000002 9683.5850000000009 3853.3050000000007 13570.625000000002 -653.99999999999989 19.500000000000004 6037.6250000000009
decision_type=8 2 2 8 10 8 10 2
left_child=1 -1 3 4 -2 -6 7 -4
right_child=2 -3 6 -5 5 -7 -8 -9
leaf_value=-0.026569100473972124 0.0056988490489693223 0.017688763504795316 -0.00091483373883534229 -0.0054217341654496445 0.045285895632386219 -0.0012382761805766606 -0.035209357889632614 -0.030929887718209093
leaf_weight=62.88522867597203 478.83000954757881 25.004697327734903 763.48974076806189 245.07633061657179 56.17857481156534 39.780258200720709 28.981470739643555 34.590255055176385
leaf_count=7685 21712 4298 66015 26727 9745 6403 4412 16287
internal_value=-7.05436e-05 -0.0139777 0.000671628 0.00475063 0.00908789 0.025999 -0.00337189 -0.00221574
internal_weight=1734.82 87.8899 1646.93 819.865 574.789 95.9588 827.061 798.08
internal_count=163284 11983 151301 64587 37860 16148 86714 82302
is_linear=0
shrinkage=0.0750466


Tree=149
num_leaves=9
num_cat=0
split_feature=45 33 32 116 150 13 149 127
split_gain=3.09871 3.01717 8.99001 4.03879 5.45077 2.90545 2.89101 2.88796
threshold=1.0000000180025095e-35 115002.37000000001 10.500000000000002 1.0000000180025095e-35 1.0000000180025095e-35 1.5000000000000002 4617.5000000000009 145.50000000000003
decision_type=2 2 2 8 10 2 8 8
left_child=1 5 3 4 -3 7 -2 -1
right_child=6 2 -4 -5 -6 -7 -8 -9
leaf_value=-0.020953283047625205 -0.052999162027786637 0.061066367196861093 0.034039658424502052 -0.061543265715829409 -0.059136454510029836 -0.02160251331769614 -0.0013309409614735228 0.0016847771728142691
leaf_weight=32.377598530394607 11.946868758088387 4.1999038240537647 12.174341502148307 19.896181558739045 4.299924292081414 31.980750917224213 12.460263260203645 1605.518054752818
leaf_count=4419 2431 858 1761 7811 3742 803 2728 138731
internal_value=-7.03081e-05 0.000308565 -0.0199129 -0.0430443 0.000257722 0.000799855 -0.0266216 0.00123727
internal_weight=1734.85 1710.45 40.5704 28.396 8.49983 1669.88 24.4071 1637.9
internal_count=163284 158125 14172 12411 4600 143953 5159 143150
is_linear=0
shrinkage=0.0750466


Tree=150
num_leaves=9
num_cat=0
split_feature=4 5 5 23 18 82 5 58
split_gain=3.03417 3.09324 6.15763 4.86701 5.39774 5.11598 4.35081 4.31613
threshold=1.5000000000000002 67.500000000000014 63.500000000000007 2.5000000000000004 3102.7650000000003 2.5000000000000004 76.500000000000014 232.54500000000004
decision_type=2 2 2 2 2 2 2 2
left_child=1 2 3 7 -5 -6 -3 -1
right_child=-2 6 -4 4 5 -7 -8 -9
leaf_value=-0.0013917122350407627 -0.018097741821529761 -0.015342570940570999 0.019356575155874349 -0.03121015143355596 -0.010896460191002148 0.05495112496062457 0.012467670228398215 0.0079766353971704989
leaf_weight=918.00270338572591 51.025658135564299 136.45996846418711 102.32049188442033 55.020719492589706 24.514026100761839 9.1165390605419798 41.262993148964597 396.63701975439835
leaf_count=52265 2213 9751 7588 2006 5248 3897 2847 77469
internal_value=-6.87239e-05 0.000477776 0.00158304 0.000287094 -0.0167325 0.00695344 -0.0088857 0.00143479
internal_weight=1734.36 1683.33 1505.61 1403.29 88.6513 33.6306 177.723 1314.64
internal_count=163284 161071 148473 140885 11151 9145 12598 129734
is_linear=0
shrinkage=0.0750466


Tree=151
num_leaves=9
num_cat=0
split_feature=0 149 149 135 112 125 128 113
split_gain=2.99253 7.41158 5.45836 4.7273 4.33966 8.71125 5.53739 3.80047
threshold=15842220.000000002 2810.5000000000005 3571.5000000000005 -866.99999999999989 720815.33500000008 -2639.3199999999993 30318.230000000003 -624.49999999999989
decision_type=2 8 10 10 10 10 8 10
left_child=1 -1 -3 -4 -2 6 7 -6
right_child=4 2 3 -5 5 -7 -8 -9
leaf_value=-0.043025369200329878 -5.5868272862778516e-05 0.02479348107186357 0.003662235930359691 -0.034871354909705804 -0.07744219965273591 0.077949586230142143 0.01828712337601995 0.0019846025213388092
leaf_weight=30.953691028051253 1518.4566850880728 31.681550461406005 42.867629496322479 30.823481454768626 6.3712713437635102 11.616942368891612 55.019983113979833 7.2577764780144225
leaf_count=2862 130962 1434 6476 5557 2136 2209 8813 2835
internal_value=-6.70328e-05 -0.0107401 -0.0012562 -0.0124556 0.000843084 0.0178493 0.007679 -0.0351456
internal_weight=1735.05 136.326 105.373 73.6911 1598.72 80.266 68.649 13.629
internal_count=163284 16329 13467 12033 146955 15993 13784 4971
is_linear=0
shrinkage=0.0750466


Tree=152
num_leaves=9
num_cat=0
split_feature=17 18 97 71 153 120 18 120
split_gain=2.94067 7.6921 10.536 4.84436 4.37446 6.32927 7.86639 6.10908
threshold=3.5000000000000004 1949.6600000000001 14.500000000000002 1.5000000000000002 475.06500000000005 182988.00000000003 252.93500000000003 253368.00000000003
decision_type=2 2 2 2 8 8 2 8
left_child=3 -2 -3 4 -1 6 -6 -7
right_child=1 2 -4 -5 5 7 -8 -9
leaf_value=0.0029005840925449482 -0.015463668940695209 0.074661804558437725 0.0028421635227835404 0.029928011803774621 0.0017809205062992029 0.018459616908552016 -0.02446782407429058 -0.0036017048169016963
leaf_weight=757.72024319466436 29.984825278952485 19.903326422063401 27.260342556968681 28.522564691025764 104.35247139773855 81.874008040969784 167.53580544173019 517.63928282978668
leaf_count=34001 744 1891 4943 1119 4158 18272 40460 57696
internal_value=-6.63699e-05 0.0142559 0.0331504 -0.000732943 -0.00126975 -0.00489604 -0.0143934 -0.000588846
internal_weight=1734.79 77.1485 47.1637 1657.64 1629.12 871.402 271.888 599.513
internal_count=163284 7578 6834 155706 154587 120586 44618 75968
is_linear=0
shrinkage=0.0750466


Tree=153
num_leaves=9
num_cat=0
split_feature=22 133 153 142 81 150 31 153
split_gain=2.83025 8.53786 4.12038 6.70701 12.1031 9.23106 7.53471 8.92789
threshold=-22789.309999999994 8.0000000000000018 475.06500000000005 154836.00000000003 75817.000000000015 29747.050000000003 6398.6450000000013 4275.5850000000009
decision_type=2 8 8 10 2 10 2 10
left_child=1 -1 -2 -4 5 -5 7 -7
right_child=2 -3 3 4 -6 6 -8 -9
leaf_value=-0.0109633042330444 0.0030272468494582138 0.027666682057281119 -0.0096250722832605575 0.005729714889951918 -0.026450547222332251 0.11920805093708312 -0.01776128314745859 0.031404394542888625
leaf_weight=57.840826987936452 769.89113525262655 72.752486368524842 534.44144603604218 206.6861375015942 57.798140307026188 10.739582951369814 7.7933271126712489 16.607936312087986
leaf_count=4827 35146 716 46732 32190 32508 2467 3588 5110
internal_value=-6.67873e-05 0.0105572 -0.000931782 -0.00458619 0.00440166 0.0117755 0.0473349 0.0658856
internal_weight=1734.55 130.593 1603.96 834.067 299.625 241.827 35.1408 27.3475
internal_count=163284 5543 157741 122595 75863 43355 11165 7577
is_linear=0
shrinkage=0.0750466


Tree=154
num_leaves=9
num_cat=0
split_feature=16 12 82 71 22 133 16 5
split_gain=2.81854 6.09245 3.38448 2.90821 3.10902 6.6359 4.535 6.04595
threshold=2347.2300000000005 6.5000000000000009 1.5000000000000002 1.5000000000000002 -22789.309999999994 8.0000000000000018 -471.88999999999993 39.500000000000007
decision_type=2 2 2 2 2 8 2 2
left_child=3 -2 -3 4 5 -1 -6 -8
right_child=1 2 -4 -5 6 -7 7 -9
leaf_value=-0.0083052645700052406 -0.065798101152487659 0.028270026184322439 -0.030817336848691364 0.021052841949127515 -0.0051993533163203131 0.026219849003081178 0.012862422621488409 -0.0014360702586543558
leaf_weight=55.629671442024119 11.531871526633038 12.062367763639488 9.9741145465923164 37.400589045428205 753.22973035723408 71.849488048581406 240.46144003587688 541.85428552217127
leaf_count=4739 1460 2035 3811 1379 47334 704 30693 71129
internal_value=-6.77204e-05 -0.0216021 0.00152601 0.000357393 -0.000108037 0.0111537 -0.00104297 0.00295888
internal_weight=1733.99 33.5684 22.0365 1700.43 1663.02 127.479 1535.55 782.316
internal_count=163284 7306 5846 155978 154599 5443 149156 101822
is_linear=0
shrinkage=0.0750466


Tree=155
num_leaves=9
num_cat=0
split_feature=7 6 6 153 145 7 137 51
split_gain=3.17328 11.6035 6.85288 10.5035 6.6052 6.33895 7.22754 5.74209
threshold=1655.0800000000002 20.500000000000004 115.50000000000001 134.89500000000001 5.5000000000000009 2527.4600000000005 1.0000000180025095e-35 1.0000000180025095e-35
decision_type=2 2 2 10 10 2 8 2
left_child=7 -2 4 -4 5 6 -3 -1
right_child=1 2 3 -5 -6 -7 -8 -9
leaf_value=-0.0010209487565858296 -0.024899156726283046 0.035270333361557694 -0.011952308201400115 0.013490238813293193 0.036670149031687783 -0.0017181616128228295 0.0063660487677848678 -0.019715433043045572
leaf_weight=733.12382345901278 76.526046630275232 79.777116660610773 227.06189419687871 152.93805802771021 53.872751144532231 178.7984054222652 125.16330210959859 105.9014881076655
leaf_count=35995 2618 1143 7646 34023 3695 12992 5481 59691
internal_value=-6.55876e-05 0.00304506 0.00566056 -0.00171248 0.0120629 0.00860835 0.0176176 -0.00338056
internal_weight=1733.16 894.138 817.612 380 437.612 383.739 204.94 839.025
internal_count=163284 67598 64980 41669 23311 19616 6624 95686
is_linear=0
shrinkage=0.0750466


Tree=156
num_leaves=9
num_cat=0
split_feature=21 102 108 138 10 18 22 138
split_gain=3.34566 6.9542 3.62198 11.8564 3.63399 6.95239 11.4743 9.54873
threshold=1.0000000180025095e-35 1.0000000180025095e-35 1.0000000180025095e-35 19815.575000000004 -193.11999999999998 1949.6600000000001 1417.5900000000004 1513.9350000000002
decision_type=2 2 2 8 2 2 2 10
left_child=-1 2 4 -4 -2 -6 7 -7
right_child=1 -3 3 -5 5 6 -8 -9
leaf_value=0.0093876565282781533 -0.0067307730434320433 -0.030397893625647963 0.06751709263214592 -0.021796914326236327 -0.0025610634887330798 0.05642091078580478 0.0021446457909238253 0.005406344932933402
leaf_weight=187.97552884719335 427.29197790840772 44.662246548705298 17.199902015883708 16.307608609829913 723.99541041380144 48.06135894212639 231.17348928393039 36.250109178290586
leaf_count=5801 91923 4688 797 3910 14243 2620 33437 5865
internal_value=-6.57439e-05 -0.00121595 -0.000347229 0.0240493 -0.000904552 0.00149039 0.0107879 0.034487
internal_weight=1732.92 1544.94 1500.28 33.5075 1466.77 1039.48 315.485 84.3115
internal_count=163284 157483 152795 4707 148088 56165 41922 8485
is_linear=0
shrinkage=0.0750466


Tree=157
num_leaves=9
num_cat=0
split_feature=21 56 56 139 112 85 56 137
split_gain=2.85233 2.73655 3.12424 8.7156 6.81331 9.05617 3.29368 6.97972
threshold=1.0000000180025095e-35 11582.655000000002 2970.1600000000003 332.86000000000007 57007.80000000001 17067.150000000005 1169.9700000000003 10375.225000000002
decision_type=2 2 2 8 10 2 2 8
left_child=-1 2 6 4 -4 -6 -2 -8
right_child=1 -3 3 -5 5 -7 7 -9
leaf_value=0.0086376697799288669 -0.00081960461663877979 -0.025646965851119325 -0.040976918783752612 0.08425493274842645 0.031830800188910373 -0.042881759543144111 0.0038604246421876163 -0.050761246403885379
leaf_weight=188.92642017421895 1384.6993120371772 25.2248497229848 14.45705637156061 8.7815736064803769 45.235702903526544 11.450179212282817 30.460413824926945 23.218801165923651
leaf_count=5801 103560 14765 3268 2718 12241 8705 3484 8742
internal_value=-6.61592e-05 -0.0011315 -0.000724204 0.0137176 0.00501075 0.0167393 -0.00152667 -0.019766
internal_weight=1732.45 1543.53 1518.3 79.9245 71.1429 56.6859 1438.38 53.6792
internal_count=163284 157483 142718 26932 24214 20946 115786 12226
is_linear=0
shrinkage=0.0750466


Tree=158
num_leaves=9
num_cat=0
split_feature=33 151 11 151 4 127 151 83
split_gain=2.7257 4.93579 3.3353 3.33796 10.8059 6.80425 7.18553 5.83515
threshold=115002.37000000001 1.0000000180025095e-35 -1.0000000180025095e-35 4.5000000000000009 1.0000000180025095e-35 510.50000000000006 7.5000000000000009 175657.12500000003
decision_type=2 10 2 10 2 8 10 2
left_child=2 -2 -1 -4 5 6 -5 -7
right_child=1 -3 3 4 -6 7 -8 -9
leaf_value=-0.018783087443936107 -0.0050610214833874505 -0.067722089169522118 -0.00049890149469177122 -0.0023025755564507222 0.08841840290953791 -0.0014671951289246985 0.068398981888520574 0.06101053263453917
leaf_weight=49.589137128568836 30.941450754398829 9.1804290458021551 1381.3595699344951 14.334638072708911 9.2501494218595308 209.89301471192084 18.601541210548021 8.7708661705692048
leaf_count=4976 4062 10350 76354 2169 1239 55345 3559 5230
internal_value=-6.61393e-05 -0.0193987 0.000392343 0.000971375 0.00875738 0.00582862 0.0376279 0.00103886
internal_weight=1731.92 40.1219 1691.8 1642.21 260.85 251.6 32.9362 218.664
internal_count=163284 14412 148872 143896 67542 66303 5728 60575
is_linear=0
shrinkage=0.0750466


Tree=159
num_leaves=9
num_cat=0
split_feature=113 0 27 16 74 16 107 51
split_gain=2.57906 3.57353 4.02199 3.47827 5.48724 3.19394 9.46161 8.91961
threshold=-2054.4999999999995 49848695.500000007 3.5000000000000004 2347.2300000000005 1213.8100000000002 -471.88999999999993 38.500000000000007 1.0000000180025095e-35
decision_type=8 2 2 2 2 2 2 2
left_child=1 2 -1 5 -5 -2 -7 -8
right_child=3 -3 -4 4 -6 6 7 -9
leaf_value=0.013592528636895106 -0.0020221022510207112 -0.031243780957926535 -0.032289620885398169 0.014687560808109585 -0.049836581058496907 -0.0022889578763742756 0.021241569031223494 -0.011367139629406114
leaf_weight=35.998582472340786 867.73138325775653 34.903968163351237 15.347444288992845 12.288245420022578 18.747496653468261 444.90991969022434 243.62509329810564 58.608531756919547
leaf_count=2584 49669 4480 4919 3023 3885 13426 31574 49724
internal_value=-6.63125e-05 -0.0127163 -0.00012175 0.000596581 -0.024289 0.00107485 0.00467164 0.0149182
internal_weight=1732.16 86.25 51.346 1645.91 31.0357 1614.87 747.144 302.234
internal_count=163284 11983 7503 151301 6908 144393 94724 81298
is_linear=0
shrinkage=0.0750466


Tree=160
num_leaves=9
num_cat=0
split_feature=39 140 11 81 18 4 22 133
split_gain=3.04156 4.14277 5.63106 5.88171 2.61802 7.73625 7.5868 8.68627
threshold=313319.83000000002 29747.050000000003 1683.4950000000001 8797.7650000000012 1949.6600000000001 1.0000000180025095e-35 -1525.53 6.5000000000000009
decision_type=2 8 2 2 2 2 2 8
left_child=4 2 -2 -4 6 -6 -1 -8
right_child=1 -3 3 -5 5 -7 7 -9
leaf_value=0.0027124598736575811 -0.039117574818005429 -0.055485904673919069 -0.021773147111766814 0.10088638771918639 0.0030663945166880184 0.064344190613422877 -0.0039716146254252611 -0.030527575867315915
leaf_weight=702.34711230181711 9.9795502379274712 13.070165719145736 4.160224755680245 4.6768618996211444 613.71607235330157 11.827032329973006 280.81537386030686 92.128292380424682
leaf_count=15666 2559 3727 1765 2992 122742 2186 9979 1668
internal_value=-6.58469e-05 -0.0230294 -0.000484958 0.0431421 0.000364669 0.00422496 -0.00188103 -0.0105317
internal_weight=1732.72 31.8868 18.8166 8.83709 1700.83 625.543 1075.29 372.944
internal_count=163284 11043 7316 4757 152241 124928 27313 11647
is_linear=0
shrinkage=0.0750466


Tree=161
num_leaves=9
num_cat=0
split_feature=8 153 7 134 16 153 150 8
split_gain=2.86417 6.43254 4.08221 6.35406 7.41078 4.99823 4.46439 4.10632
threshold=-8804.7999999999975 12251.985000000002 1.0000000180025095e-35 106977.60000000002 -4047.3549999999991 2844.5250000000001 7173.1900000000014 9683.5850000000009
decision_type=2 10 2 8 2 8 10 2
left_child=1 -1 3 -2 -5 6 -6 -4
right_child=2 -3 7 4 5 -7 -8 -9
leaf_value=0.022046043640107815 -0.033254101742726111 -0.023700664520738643 0.0052407885623182698 0.033824424333531569 -0.01026069287010788 -0.031276970449499092 0.029971387986799953 -0.002888243276560501
leaf_weight=79.900440361001529 52.639122962151305 22.099039686319884 609.66104554836784 25.60080877778455 57.535306377336383 42.711794258226291 21.278867862733023 821.62868814990361
leaf_count=11795 7169 4848 33806 3343 4989 10650 3361 83323
internal_value=-6.53509e-05 0.0121346 -0.000828288 -0.0108779 -0.00287207 -0.0106026 0.000601479 0.000574336
internal_weight=1733.06 101.999 1631.06 199.766 147.127 121.526 78.8142 1431.29
internal_count=163284 16643 146641 29512 22343 19000 8350 117129
is_linear=0
shrinkage=0.0750466


Tree=162
num_leaves=9
num_cat=0
split_feature=44 112 46 153 112 9 112 39
split_gain=2.72027 3.08803 2.61101 8.02922 3.44463 4.69401 3.08248 5.18542
threshold=1.0000000180025095e-35 139352.40000000002 1.0000000180025095e-35 1612.8750000000002 228031.20000000004 2120.0400000000004 720815.33500000008 25863.355000000003
decision_type=2 10 2 8 8 2 10 2
left_child=2 -2 6 -4 5 -5 7 -1
right_child=1 -3 3 4 -6 -7 -8 -9
leaf_value=0.0010166460634696973 -0.054348538041168883 -0.00024510345225502823 0.0083063866314765974 -0.039959641145945794 -0.052609819215750135 0.039050865139836743 0.014803669970699347 -0.023878677912064678
leaf_weight=1477.7767314008561 11.029230816457131 12.879841136913454 51.797606235755666 11.149793775235596 26.190883014303836 6.8282950443681321 86.272775311321311 48.67245843251294
leaf_count=110639 1169 3997 5777 4663 6327 1505 15960 13247
internal_value=-6.45398e-05 -0.025203 0.000287213 -0.0117389 -0.0352462 -0.0099505 0.00100284 0.000222832
internal_weight=1732.6 23.9091 1708.69 95.9666 44.169 17.9781 1612.72 1526.45
internal_count=163284 5166 158118 18272 12495 6168 139846 123886
is_linear=0
shrinkage=0.0750466


Tree=163
num_leaves=9
num_cat=0
split_feature=4 25 18 52 84 52 58 25
split_gain=2.48935 2.64813 4.97083 5.57746 5.86145 4.61703 8.1131 2.60944
threshold=1.5000000000000002 35114.595000000008 41411.110000000008 1.0000000180025095e-35 1.0000000180025095e-35 185888.54500000001 1545.3650000000002 1.0000000180025095e-35
decision_type=2 2 2 2 2 2 2 2
left_child=1 7 -3 4 -4 -5 -7 -1
right_child=-2 2 3 5 -6 6 -8 -9
leaf_value=-0.00065593476234919424 -0.016554073277054063 -0.037356072951966357 -0.014189607929570882 -0.075172936507653915 0.079216357163351625 0.19917993616497179 -0.075094824723605763 0.0065379333981301878
leaf_weight=1263.9532450370607 50.06262030081416 28.463486387612647 6.9990065322563195 6.0014290715444059 8.2362943526895815 1.0941041146797945 1.3654415374658126 366.26939644261802
leaf_count=46922 2213 11523 2330 8405 3005 1719 3551 83616
internal_value=-6.29592e-05 0.000427767 -0.0162176 0.00917347 0.0363062 -0.0396833 0.0469135 0.000960344
internal_weight=1732.45 1682.38 52.1598 23.6963 15.2353 8.46097 2.45955 1630.22
internal_count=163284 161071 30533 19010 5335 13675 5270 130538
is_linear=0
shrinkage=0.0750466


Tree=164
num_leaves=9
num_cat=0
split_feature=73 134 80 16 20 73 16 63
split_gain=2.69813 7.66592 7.13387 6.90534 9.7727 6.07919 8.03503 7.90309
threshold=9.5000000000000018 57007.80000000001 2.5000000000000004 -985.6149999999999 1.0000000180025095e-35 6.5000000000000009 -784.20999999999992 1.5000000000000002
decision_type=2 10 2 2 2 2 2 2
left_child=5 -2 -3 4 -4 -1 -7 -8
right_child=1 2 3 -5 -6 6 7 -9
leaf_value=-0.00082873993250425285 -0.050245137331419255 -0.014505643204394332 -0.0059870059758590655 0.0024985096247597946 0.10981970285022793 -0.0049450650626872844 0.038041345472847113 -0.0040752947390879871
leaf_weight=1326.6005662489042 21.78386891666014 114.86258972236101 7.3985609847659388 50.659879792801803 9.2163814799641823 82.155682777225593 84.355924787174445 35.717682985472493
leaf_count=71929 2774 30976 2451 19085 3730 9322 11375 11642
internal_value=-6.2611e-05 -0.00817114 -0.00313904 0.0162679 0.0582515 0.00101894 0.0131395 0.0255131
internal_weight=1732.75 203.921 182.137 67.2748 16.6149 1528.83 202.229 120.074
internal_count=163284 59016 56242 25266 6181 104268 32339 23017
is_linear=0
shrinkage=0.0750466


Tree=165
num_leaves=9
num_cat=0
split_feature=0 146 20 147 133 20 20 147
split_gain=2.53157 6.20902 5.19714 4.05404 3.263 3.36482 6.87507 6.7563
threshold=15842220.000000002 47174.240000000005 18.100000000000005 -25805.769999999997 8.0000000000000018 34.560000000000009 1.0000000180025095e-35 -7681.6749999999993
decision_type=2 8 2 10 10 2 2 8
left_child=1 2 -1 -4 5 6 -2 -7
right_child=4 -3 3 -5 -6 7 -8 -9
leaf_value=-0.030886149800244646 0.00015214517056495074 0.022168378144794484 -0.025141393142171915 0.022923580734038836 0.025853610465830786 0.0067311234492364097 0.017860775001011419 -0.014515622068896524
leaf_weight=66.931268904492754 1077.1399966360841 27.100840745410096 16.820600330338493 23.962273761258984 28.680963924853131 139.13801462250922 139.45801979687531 213.83820714172907
leaf_count=5755 67823 1322 5347 3905 218 49362 14632 14920
internal_value=-6.42113e-05 -0.00993999 -0.0180184 0.00309953 0.000768824 0.000310448 0.00218208 -0.00614047
internal_weight=1733.07 134.815 107.714 40.7829 1598.26 1569.57 1216.6 352.976
internal_count=163284 16329 15007 9252 146955 146737 82455 64282
is_linear=0
shrinkage=0.0750466


Tree=166
num_leaves=9
num_cat=0
split_feature=7 73 63 135 28 48 112 103
split_gain=2.9877 3.05041 7.7524 6.08244 9.89753 5.33791 4.2883 4.5577
threshold=2050.3150000000005 9.5000000000000018 1.0000000180025095e-35 -1355.4999999999998 8877.1900000000023 1.0000000180025095e-35 360218.03500000009 1.0000000180025095e-35
decision_type=2 2 2 8 2 2 8 2
left_child=-1 -2 5 -4 -5 -3 -6 -8
right_child=1 2 3 4 6 -7 7 -9
leaf_value=-0.002402452698889584 0.0062938517769791967 -0.045509530411522343 0.056835987661100394 -0.058290625762505127 0.068016891559132528 0.0054737037405884923 -0.048362710818846064 0.064455620018745829
leaf_weight=1107.9926491766018 530.66908197488374 33.712211445013963 13.541405599986318 11.465731941272681 8.8798568487654865 17.606119302006846 5.4070330089125473 3.2163950354588451
leaf_count=106086 31631 5593 5120 1664 4252 2951 3115 2872
internal_value=-6.27495e-05 0.00408838 -0.00838512 0.015316 -0.00409225 -0.0280184 0.031411 -0.00628335
internal_weight=1732.49 624.498 93.8288 42.5104 28.969 51.3183 17.5033 8.62343
internal_count=163284 57198 25567 17023 11903 8544 10239 5987
is_linear=0
shrinkage=0.0750466


Tree=167
num_leaves=9
num_cat=0
split_feature=21 28 147 127 112 56 112 142
split_gain=2.81335 2.98744 5.69874 5.77726 5.51911 4.55403 4.93137 4.65491
threshold=1.0000000180025095e-35 1395.8750000000002 -1.0000000180025095e-35 610.50000000000011 228031.20000000004 11582.655000000002 1348452.2050000003 154836.00000000003
decision_type=2 2 8 8 8 2 8 10
left_child=-1 2 4 -4 -2 7 -7 -3
right_child=1 5 3 -5 -6 6 -8 -9
leaf_value=0.0085879858467296701 0.026166522037703477 -0.010962545601206261 -0.013627659574935391 0.0027148467849078704 -0.0019486974172042398 -0.060245129690958125 0.042993338500591942 0.001553800178609325
leaf_weight=188.65856845508824 95.085743269170052 290.49130754311045 159.2061935433594 518.9015432104934 67.053250447861501 14.783444069995314 3.1634394577522462 394.76277391450276
leaf_count=5801 3693 42573 6470 12078 2312 11038 2505 76814
internal_value=-6.2953e-05 -0.00112037 0.00190007 -0.00112205 0.0145394 -0.00472947 -0.0420476 -0.0037521
internal_weight=1732.11 1543.45 840.247 678.108 162.139 703.201 17.9469 685.254
internal_count=163284 157483 24553 18548 6005 132930 13543 119387
is_linear=0
shrinkage=0.0750466


Tree=168
num_leaves=9
num_cat=0
split_feature=41 39 97 5 58 107 5 5
split_gain=2.54457 2.30639 2.46626 13.4417 9.45256 8.01956 7.27116 7.25168
threshold=1.0000000180025095e-35 58697.880000000012 36.500000000000007 34.500000000000007 2721.1550000000007 22.500000000000004 61.500000000000007 67.500000000000014
decision_type=2 2 2 2 2 2 2 2
left_child=1 2 6 4 -4 -5 -1 -8
right_child=-2 -3 3 5 -6 -7 7 -9
leaf_value=-0.0032593865068325074 -0.024092297704105797 -0.015619475919231362 0.022439239867218155 0.035809242148020476 0.094654515059246089 -0.0057602409833283326 0.023711129093224564 -0.0012296696791273022
leaf_weight=1100.732407675805 24.46655114067471 49.866048386928014 39.450451629913005 29.864422901649959 13.771953701347227 209.43950200124527 125.12627887578128 138.14456724669435
leaf_count=74147 5779 16073 5677 615 3513 45797 5765 5918
internal_value=-6.1946e-05 0.000282605 0.000761301 0.00701412 0.0411258 -0.000572492 -0.00057969 0.0106241
internal_weight=1730.86 1706.4 1656.53 292.526 53.2224 239.304 1364 263.271
internal_count=163284 157505 141432 55602 9190 46412 85830 11683
is_linear=0
shrinkage=0.0750466


Tree=169
num_leaves=9
num_cat=0
split_feature=8 28 105 58 97 104 134 6
split_gain=2.41608 4.95422 6.58059 12.8272 8.6144 5.78012 4.81274 6.52607
threshold=9683.5850000000009 1395.8750000000002 1.0000000180025095e-35 10950.740000000002 36.500000000000007 4164.1500000000005 139352.40000000002 227.50000000000003
decision_type=2 2 2 2 2 2 10 2
left_child=-1 -2 6 4 -4 -6 -3 -8
right_child=1 2 3 -5 5 -7 7 -9
leaf_value=0.0027059456953504252 0.0013891486068236961 -0.025085721911086867 -0.047066021641120497 0.14107133454744056 0.0015324441398961277 0.11647365018875068 0.0020805594219951659 -0.035991238957286044
leaf_weight=876.3294052989404 546.25408049965336 121.06748157408583 10.311826366469182 4.5058440275279272 5.7835016209428414 4.2930886544927489 130.63537072526742 31.465178672089678
leaf_count=71382 17082 19060 5834 3465 2712 2939 30386 10424
internal_value=-6.26414e-05 -0.00290257 -0.0105126 0.0264801 0.00115546 0.0505027 -0.0137648 -0.00530952
internal_weight=1730.65 854.316 308.062 24.8943 20.3884 10.0766 283.168 162.101
internal_count=163284 91902 74820 14950 11485 5651 59870 40810
is_linear=0
shrinkage=0.0750466


Tree=170
num_leaves=9
num_cat=0
split_feature=50 97 22 123 146 97 22 22
split_gain=2.83355 3.82678 2.3612 5.16402 3.36537 4.15946 6.2276 5.25699
threshold=1.0000000180025095e-35 11.500000000000002 6061.1650000000009 19.500000000000004 1.0000000180025095e-35 36.500000000000007 -5649.0549999999994 -9370.4499999999989
decision_type=2 2 2 10 10 2 2 2
left_child=2 -2 4 -4 5 7 -7 -1
right_child=1 -3 3 -5 -6 6 -8 -9
leaf_value=0.0082569101496353763 6.4524582502351021e-06 -0.053400055807436203 -0.0027659533574233329 -0.043890555397881705 0.01830046206719152 -0.019386331244956732 0.019578137007167113 -0.0038026580961454596
leaf_weight=275.8393320716059 17.882192409349958 13.085740479229569 405.45243748606299 17.958420979779476 67.22401164805342 28.224943301458552 127.27338336859248 777.13573793382238
leaf_count=7314 2110 8925 93903 4247 4240 4134 10274 28137
internal_value=-6.42193e-05 -0.0225609 0.000345805 -0.0045102 0.00195754 0.00104843 0.0125056 -0.000643511
internal_weight=1730.08 30.9679 1699.11 423.411 1275.7 1208.47 155.498 1052.98
internal_count=163284 11035 152249 98150 54099 49859 14408 35451
is_linear=0
shrinkage=0.0750466


Tree=171
num_leaves=9
num_cat=0
split_feature=50 135 33 33 108 139 138 135
split_gain=2.48585 2.85277 2.40918 4.0555 2.32747 2.55923 5.00841 4.61239
threshold=1.0000000180025095e-35 -1171.4999999999998 175039.38000000003 453889.19500000007 1.0000000180025095e-35 990.2650000000001 29617.135000000006 -989.49999999999989
decision_type=2 10 2 2 2 10 8 10
left_child=2 -2 4 -4 5 -1 -7 -8
right_child=1 -3 3 -5 -6 6 7 -9
leaf_value=-0.00012804884408658263 -5.1060700353893873e-05 -0.04623678219697152 -0.039516740237961007 0.026178001982670996 0.019263612214137131 0.05938325017988158 -0.046621405167328878 0.037391815157685498
leaf_weight=1608.1101603645875 16.320390700606371 13.98739903408932 19.763464472176569 7.2277680508996118 37.099539485017885 11.959330181009134 7.6084185829968192 7.1287146710856195
leaf_count=131828 3388 7647 7036 2317 4163 2093 2548 2264
internal_value=-6.27838e-05 -0.0213663 0.000317264 -0.0219249 0.000676341 0.00025453 0.0232999 -0.00598214
internal_weight=1729.21 30.3078 1698.9 26.9912 1671.91 1634.81 26.6965 14.7371
internal_count=163284 11035 152249 9353 142896 138733 6905 4812
is_linear=0
shrinkage=0.0750466


Tree=172
num_leaves=9
num_cat=0
split_feature=60 4 116 63 113 116 22 16
split_gain=2.64997 2.54894 4.71286 10.3675 11.5483 4.93339 3.61431 4.56248
threshold=1079.3350000000003 1.5000000000000002 19720.290000000005 1.0000000180025095e-35 -805.49999999999989 45741.250000000007 6061.1650000000009 -7736.8999999999987
decision_type=2 2 10 2 8 10 2 2
left_child=1 2 6 5 -5 -4 -1 -8
right_child=-2 -3 3 4 -6 -7 7 -9
leaf_value=0.0024553833347953969 -0.014776500410926 -0.016368892767915293 0.030869661665583369 0.012849523307005343 0.1630476943753611 -0.031293344125398574 -0.050975678013494341 -0.0044099639471089983
leaf_weight=1182.1359201511041 66.279345366136113 48.819256339709682 15.670863727900725 5.8813836629888101 5.6552199433717742 13.286401144745467 12.232725822337668 379.06856927759873
leaf_count=44831 18042 2086 2978 2737 2984 2067 2470 85089
internal_value=-6.10316e-05 0.000525546 0.00103658 0.0263156 0.0864764 0.00234754 0.000386 -0.00586569
internal_weight=1729.03 1662.75 1613.93 40.4939 11.5366 28.9573 1573.44 391.301
internal_count=163284 145242 143156 10766 5721 5045 132390 87559
is_linear=0
shrinkage=0.0750466


Tree=173
num_leaves=9
num_cat=0
split_feature=10 11 11 18 29 139 7 85
split_gain=2.8345 4.24041 4.89334 3.80859 7.66096 4.1405 4.55266 6.58952
threshold=-3005.3049999999998 136.92000000000004 271.98500000000007 1949.6600000000001 1.0000000180025095e-35 -678.59499999999991 4188.7300000000005 2404.6500000000005
decision_type=2 2 2 2 2 10 2 2
left_child=1 -1 -3 -2 -5 -6 -7 -8
right_child=3 2 -4 4 5 6 7 -9
leaf_value=-0.045019486222581499 -0.0021017209539034949 0.048697032291717145 -0.012182657630304409 0.022851218815514517 -0.044329392589151737 -5.715900515681455e-05 0.0049506568112720768 0.065991841707313995
leaf_weight=18.615759268686816 1042.7799057789744 8.4911249938741076 59.82166487926952 114.64957219617645 10.957589338275282 428.15278430337639 30.331104093125759 14.83025154226925
leaf_count=2041 24818 1009 23542 10308 1613 82244 8677 9032
internal_value=-6.16081e-05 -0.013268 -0.00461545 0.000637673 0.00540722 0.00127742 0.00233325 0.0249956
internal_weight=1728.63 86.9285 68.3128 1641.7 598.921 484.272 473.314 45.1614
internal_count=163284 26592 24551 136692 111874 101566 99953 17709
is_linear=0
shrinkage=0.0750466


Tree=174
num_leaves=9
num_cat=0
split_feature=7 8 102 145 150 8 150 8
split_gain=2.52494 10.8811 5.83413 6.14464 5.1769 4.72944 8.42919 5.93181
threshold=2050.3150000000005 18628.875000000004 1.0000000180025095e-35 5.5000000000000009 3519.0050000000006 23206.245000000003 -1.0000000180025095e-35 9683.5850000000009
decision_type=2 2 2 8 10 2 10 2
left_child=5 4 3 -3 -2 7 -7 -1
right_child=1 2 -4 -5 -6 6 -8 -9
leaf_value=9.4382235808067726e-05 0.010744076572935531 -0.012124294528968852 -0.043870189806881114 0.0073815486386317073 0.038213871660681353 0.048227798997407062 -0.0075746571991528707 -0.01255146711191648
leaf_weight=753.74043491498014 192.36356620642619 174.16469935447822 19.696432431144785 190.37774958142836 48.350225757887529 28.164572168730956 33.236206417703215 289.00881671732714
leaf_count=66664 4711 28672 1937 15432 6446 1418 11251 26753
internal_value=-6.11832e-05 0.00375067 -0.00408711 -0.00193761 0.0162617 -0.0022187 0.018022 -0.00341055
internal_weight=1729.1 624.953 384.239 364.542 240.714 1104.15 61.4008 1042.75
internal_count=163284 57198 46041 44104 11157 106086 12669 93417
is_linear=0
shrinkage=0.0750466


Tree=175
num_leaves=9
num_cat=0
split_feature=6 133 16 60 141 60 16 115
split_gain=2.59966 5.06832 3.50796 2.94006 3.68866 3.09349 3.15122 2.87754
threshold=289.50000000000006 6.5000000000000009 -176.96999999999997 1079.3350000000003 2.2850000000000006 433.49500000000006 -471.88999999999993 18982.210000000003
decision_type=2 8 2 2 10 2 2 8
left_child=3 2 -2 5 7 -1 -7 -5
right_child=1 -3 -4 4 -6 6 -8 -9
leaf_value=-0.0004835245001924699 0.026848895880207724 0.051712483485020437 -0.011996129486004144 -0.01169819506845389 0.023699299597414954 0.049931869961814784 -0.0011269029737247646 -0.04917057204346427
leaf_weight=1570.9133938548111 21.599602381364093 15.656984026485587 33.246385579743219 31.390568593058564 10.388753350605837 13.953912355147624 13.292909693682303 18.252311184041897
leaf_count=132189 2188 263 7697 6253 4461 1898 3072 5263
internal_value=-6.10486e-05 0.0140527 0.00330193 -0.000661138 -0.0169658 -4.86872e-05 0.0250218 -0.0254757
internal_weight=1728.69 70.503 54.846 1658.19 60.0316 1598.16 27.2468 49.6429
internal_count=163284 10148 9885 153136 15977 137159 4970 11516
is_linear=0
shrinkage=0.0750466


Tree=176
num_leaves=9
num_cat=0
split_feature=27 27 107 142 31 28 107 7
split_gain=2.72454 3.67904 7.27491 7.05031 7.62274 3.78187 3.67223 2.6307
threshold=35.500000000000007 23.500000000000004 66.500000000000014 309672.00000000006 6398.6450000000013 55410.135000000002 137.50000000000003 -1155.8299999999997
decision_type=2 2 2 10 2 2 2 2
left_child=1 -1 -3 5 -5 -4 -2 -8
right_child=6 2 3 4 -6 -7 7 -9
leaf_value=-0.00023150875165481435 -0.066906780361300378 0.091942422040735161 -0.049543502028484329 0.091004667139712225 -0.027819814213447612 0.024121383866789702 0.039118582466858495 -0.025945400006265017
leaf_weight=1666.8814443988304 7.949457904349404 7.0957820277981218 11.296985545603098 8.5515962771823961 4.7182299026535466 6.0149079526090636 5.2369665258520426 10.551276578029496
leaf_count=137730 1521 544 4206 4350 2809 2585 3262 6277
internal_value=-5.89544e-05 0.000292672 0.0234828 0.00759835 0.0487553 -0.0239491 -0.0253086 -0.00436365
internal_weight=1728.3 1704.56 37.6775 30.5817 13.2698 17.3119 23.7377 15.7882
internal_count=163284 152224 14494 13950 7159 6791 11060 9539
is_linear=0
shrinkage=0.0750466


Tree=177
num_leaves=9
num_cat=0
split_feature=8 153 12 153 102 140 138 83
split_gain=2.28432 5.44308 2.96351 5.46076 6.13515 3.91134 4.6191 4.20387
threshold=-8804.7999999999975 12251.985000000002 4.5000000000000009 475.06500000000005 1.0000000180025095e-35 1.0000000180025095e-35 1.0000000180025095e-35 14077.235000000002
decision_type=2 10 2 8 2 10 10 2
left_child=1 -1 -2 5 -5 6 -4 -7
right_child=2 -3 3 4 -6 7 -8 -9
leaf_value=0.019652298267929417 0.0087693907264080207 -0.022640084284826133 0.0016040426999359683 -0.0052068885951431325 -0.040034799549054208 0.0059423418546999457 -0.018621331846085484 0.03251398253677356
leaf_weight=81.555979412936722 165.53253598936135 21.698827910331602 444.22518552026304 652.09871722252137 29.787254519033013 219.68617588294728 74.220893749050447 39.573677674263308
leaf_count=11795 2125 4848 14859 106091 3497 10331 3766 5972
internal_value=-5.91311e-05 0.0107646 -0.000746835 -0.00182607 -0.0067283 0.00247216 -0.00129143 0.00999826
internal_weight=1728.38 103.255 1625.12 1459.59 681.886 777.706 518.446 259.26
internal_count=163284 16643 146641 144516 109588 34928 18625 16303
is_linear=0
shrinkage=0.0750466


Tree=178
num_leaves=9
num_cat=0
split_feature=22 0 140 0 12 21 4 11
split_gain=2.39996 6.34214 8.32657 2.81673 6.55157 3.58533 3.98955 3.39862
threshold=409658.84500000003 23493831.000000004 10829.135000000002 15842220.000000002 6.5000000000000009 1.0000000180025095e-35 1.5000000000000002 18.395000000000003
decision_type=2 2 8 2 2 2 2 2
left_child=3 2 -2 4 -1 7 -7 -5
right_child=1 -3 -4 5 -6 6 -8 -9
leaf_value=0.0080791637645655553 0.1166979936768861 -0.039274498831599482 -0.030216684256915018 0.0021015708880346459 -0.025961815608735561 0.00063573261946453703 -0.023108581259063628 0.023120837528390625
leaf_weight=58.797408541722689 3.8992361154050723 24.870896238007845 4.9067972605880641 98.971292311500292 69.457283601852396 1348.9229886071917 41.066825418871304 77.054014687331801
leaf_count=2304 1526 11035 3564 1384 11309 126376 1909 3877
internal_value=-5.79431e-05 -0.0198957 0.0348359 0.000336371 -0.010356 0.00121206 -6.57859e-05 0.0113026
internal_weight=1727.95 33.6769 8.80603 1694.27 128.255 1566.02 1389.99 176.025
internal_count=163284 16125 5090 147159 13613 133546 128285 5261
is_linear=0
shrinkage=0.0750466


Tree=179
num_leaves=9
num_cat=0
split_feature=10 81 135 116 135 151 58 81
split_gain=2.44636 3.30728 3.86386 3.93009 3.28491 7.22325 4.84911 5.39167
threshold=-3005.3049999999998 48679.555000000008 -1689.4999999999998 19720.290000000005 -348.99999999999994 1.5000000000000002 232.54500000000004 120485.42000000003
decision_type=2 2 8 10 10 10 2 2
left_child=1 -1 -3 -4 6 -6 -2 -8
right_child=4 2 3 -5 5 -7 7 -9
leaf_value=-0.0017479865625787134 -0.0013223261134164312 0.026362638087087584 -0.063592822722541464 0.0042765167832968867 0.0034964459505746077 -0.040704367002237722 0.0056283612773134336 0.037406423569828401
leaf_weight=56.327302420475462 1095.9573845008345 5.1397088784578955 17.772524685500692 6.5859328152655499 54.079908077103028 33.859590148487769 425.27332850960738 32.357705835820525
leaf_count=11131 54600 2445 9031 3985 2693 6220 57383 15796
internal_value=-5.75354e-05 -0.0124089 -0.0327662 -0.0452426 0.000588244 -0.0135223 0.00138696 0.00787529
internal_weight=1727.35 85.8255 29.4982 24.3585 1641.53 87.9395 1553.59 457.631
internal_count=163284 26592 15461 13016 136692 8913 127779 73179
is_linear=0
shrinkage=0.0750466


Tree=180
num_leaves=9
num_cat=0
split_feature=64 63 63 64 81 142 8 8
split_gain=2.41401 7.45719 10.4456 7.75161 7.15919 4.19225 3.88289 3.69459
threshold=25194.515000000003 4.5000000000000009 8.5000000000000018 11572.960000000001 11730.585000000001 105570.00000000001 9683.5850000000009 -8804.7999999999975
decision_type=2 2 2 2 2 8 2 2
left_child=1 7 3 4 -3 -2 -5 -1
right_child=5 2 -4 6 -6 -7 -8 -9
leaf_value=0.013979922230301541 0.03167718572346092 -0.017614555523214826 0.10783040984145963 0.015087303989670788 0.07423647446730032 -0.024276091180409638 -0.062556621584532998 -0.0012580037898753515
leaf_weight=95.181063512682158 8.9730396661907417 7.2868923860623935 8.1158260224183305 6.4931652562881927 13.887657895938899 47.271082959967316 8.2191423786025535 1532.1937491477802
leaf_count=12679 2558 2536 3699 2458 4953 18730 3722 111949
internal_value=-5.71001e-05 0.000457508 0.0309424 0.0135542 0.0426274 -0.0153495 -0.0282891 -0.000366776
internal_weight=1727.62 1671.38 44.0027 35.8869 21.1746 56.2441 14.7123 1627.37
internal_count=163284 141996 17368 13669 7489 21288 6180 124628
is_linear=0
shrinkage=0.0750466


Tree=181
num_leaves=9
num_cat=0
split_feature=7 12 145 135 16 22 22 4
split_gain=2.42439 7.11735 5.25282 6.3745 8.16503 6.03251 4.59519 4.72602
threshold=1655.0800000000002 4.5000000000000009 19.500000000000004 -1048.9999999999998 -609.50499999999988 1417.5900000000004 -9370.4499999999989 1.0000000180025095e-35
decision_type=2 2 10 8 2 2 2 2
left_child=-1 -2 3 4 -3 -6 -5 -8
right_child=1 2 -4 6 5 -7 7 -9
leaf_value=-0.0029728054980216636 0.022098505542625897 -0.0038833271209159359 0.024219834089876997 0.0050722679261598529 0.036598720038028561 0.0071089283877870712 -0.010030050784438244 -0.040807824604036626
leaf_weight=832.74953712066053 94.784016016696114 231.16026892737136 48.760082740489452 99.641954211649136 61.365362587894197 107.51680736207345 219.72570238139087 32.21858820921625
leaf_count=95686 719 10858 4962 2071 2105 21606 24118 1159
internal_value=-5.82919e-05 0.00265298 0.000350197 -0.00119829 0.00528082 0.0178244 -0.00857036 -0.0139659
internal_weight=1727.92 895.173 800.389 751.629 400.042 168.882 351.586 251.944
internal_count=163284 67598 66879 61917 34569 23711 27348 25277
is_linear=0
shrinkage=0.0750466


Tree=182
num_leaves=9
num_cat=0
split_feature=17 29 33 140 140 38 147 82
split_gain=2.35638 4.53891 4.06366 3.61784 3.19966 2.99013 5.29257 4.67661
threshold=3.5000000000000004 1.0000000180025095e-35 175039.38000000003 552.33500000000015 6174.3750000000009 1.0000000180025095e-35 -6139.0949999999984 6.5000000000000009
decision_type=2 2 2 10 8 2 10 2
left_child=2 -2 5 -3 -5 7 -7 -1
right_child=1 3 -4 4 -6 6 -8 -9
leaf_value=0.0011137854540388919 0.040488662416953869 -0.021479204082422508 -0.031069268807072965 0.045632740745852392 -0.0028360371362429202 -0.030543556484054563 0.020018359217667387 -0.02384177701770139
leaf_weight=1521.9605139211781 23.22588702577923 23.349373147677397 24.384750789864484 13.216686970103181 18.280683691929884 42.901458866461326 16.010907226496784 43.500802341724921
leaf_count=112072 764 1300 9203 1376 4138 15888 2776 15767
internal_value=-5.75263e-05 0.0126821 -0.00066078 0.000906945 0.0175021 -0.000204294 -0.0168021 0.000420324
internal_weight=1726.83 78.0726 1648.76 54.8467 31.4974 1624.37 58.9124 1565.46
internal_count=163284 7578 155706 6814 5514 146503 18664 127839
is_linear=0
shrinkage=0.0750466


Tree=183
num_leaves=9
num_cat=0
split_feature=22 112 97 112 20 83 112 112
split_gain=2.07949 4.43961 6.15751 3.03083 5.67733 7.62575 4.14838 6.43039
threshold=409658.84500000003 278704.80000000005 17.500000000000004 720815.33500000008 3581.3600000000001 2582.5950000000007 228031.20000000004 164689.20000000004
decision_type=2 8 2 10 2 2 10 10
left_child=3 2 -2 6 -5 -6 7 -1
right_child=1 -3 -4 4 5 -7 -8 -9
leaf_value=-0.00084698959571014281 -0.040785647890488164 -0.045961892404046412 0.051572758456964463 0.0052025979681313769 -0.0026491263935029411 0.10389451068172224 -0.0087490516066231101 0.014006019833837277
leaf_weight=1130.8261427473008 7.5324915362471101 16.670674783155846 8.8328352802782302 75.15178185714467 6.9425201387311963 8.3147218093981774 279.77974332927624 192.03919626593779
leaf_count=76218 2145 9549 4431 9555 1207 4104 33279 22796
internal_value=-5.64011e-05 -0.0187038 0.00906283 0.00030746 0.0136761 0.0554138 -0.000446699 0.00130921
internal_weight=1726.09 33.036 16.3653 1693.05 90.409 15.2572 1602.65 1322.87
internal_count=163284 16125 6576 147159 14866 5311 132293 99014
is_linear=0
shrinkage=0.0750466


Tree=184
num_leaves=9
num_cat=0
split_feature=41 150 125 145 150 25 25 33
split_gain=2.18072 4.34452 2.40179 5.12735 4.56484 2.8057 4.39815 7.51038
threshold=1.0000000180025095e-35 7173.1900000000014 -28173.074999999993 5.5000000000000009 12306.960000000001 35114.595000000008 1.0000000180025095e-35 4895.2500000000009
decision_type=2 8 8 8 8 2 2 2
left_child=2 -2 3 4 -1 6 -4 -8
right_child=1 -3 5 -5 -6 -7 7 -9
leaf_value=0.041640635010928378 -0.060129250262117927 0.0046932079549871601 -0.00087728875727718784 -0.061973354548328814 -0.029851304732101926 -0.017258403380985887 0.011728248698270646 -0.030147710712951224
leaf_weight=9.0368675719837501 10.050031876533465 13.844946482939124 1272.6877174072761 10.871501359415559 11.344701069374425 47.88674355659532 324.52532124868958 26.057702965648787
leaf_count=1834 1639 4140 44394 3323 4757 27439 59031 16727
internal_value=-5.66818e-05 -0.0225706 0.000259323 -0.0203531 0.0018471 0.000644805 0.00117295 0.00861574
internal_weight=1726.31 23.895 1702.41 31.2531 20.3816 1671.16 1623.27 350.583
internal_count=163284 5779 157505 9914 6591 147591 120152 75758
is_linear=0
shrinkage=0.0750466


Tree=185
num_leaves=9
num_cat=0
split_feature=148 127 131 25 5 142 127 63
split_gain=2.1929 8.27264 3.93888 2.36659 4.48773 4.1636 3.34877 3.93089
threshold=5.9250000000000007 2528.5000000000005 1.0000000180025095e-35 35114.595000000008 38.500000000000007 77418.000000000015 991.50000000000011 2.5000000000000004
decision_type=10 8 8 2 2 8 8 2
left_child=3 -2 -3 -1 -5 -6 -7 -8
right_child=1 2 -4 4 5 6 7 -9
leaf_value=8.2436801954710451e-05 -0.018165411329506342 0.02301676843244611 0.1046904894841733 -0.050909357628870028 0.071212175029955707 0.03548414509021363 -0.0500777075367939 0.013010413238240403
leaf_weight=1649.770779384402 14.617045797320317 6.688474539369051 6.6143410242657419 14.963864183009717 3.9166966831107848 6.7351717569181373 13.800368531767164 9.3180352643794304
leaf_count=126822 3152 1933 2701 8774 1555 3159 7327 7861
internal_value=-5.61095e-05 0.0208053 0.0636261 -0.000399027 -0.0166978 -0.00153837 -0.011083 -0.0246496
internal_weight=1726.42 27.9199 13.3028 1698.5 48.7341 33.7703 29.8536 23.1184
internal_count=163284 7786 4634 155498 28676 19902 18347 15188
is_linear=0
shrinkage=0.0750466


Tree=186
num_leaves=9
num_cat=0
split_feature=50 97 39 73 9 82 149 83
split_gain=2.11541 3.54409 2.80894 4.00787 5.97211 2.15334 10.6306 4.36725
threshold=1.0000000180025095e-35 11.500000000000002 313319.83000000002 7.5000000000000009 1388.5400000000002 6.5000000000000009 5408.5000000000009 37776.215000000004
decision_type=2 2 2 2 2 2 8 2
left_child=2 -2 5 -4 -5 7 -7 -1
right_child=1 -3 3 4 -6 6 -8 -9
leaf_value=0.00025558684214206184 0.0015268004066917597 -0.051353258521530339 -0.046558372627836186 -0.048399351480602856 0.057065726007081645 -0.033049781462507373 0.048429473166609206 0.017734511283007504
leaf_weight=1531.5102631881491 17.578289961402337 12.01852246923954 16.856391526365773 5.4728099796739098 6.7579648966857349 39.521124518829311 11.684641996991557 84.975239920360764
leaf_count=105054 2110 8925 3843 3369 2485 14957 2918 19623
internal_value=-5.575e-05 -0.0199465 0.000291203 -0.0228293 0.00987409 0.00069446 -0.014457 0.00117442
internal_weight=1726.38 29.5968 1696.78 29.0872 12.2308 1667.69 51.2058 1616.49
internal_count=163284 11035 152249 9697 5854 142552 17875 124677
is_linear=0
shrinkage=0.0750466


Tree=187
num_leaves=9
num_cat=0
split_feature=11 0 127 127 22 18 138 72
split_gain=2.11578 6.65703 2.1519 2.35431 7.74524 9.11163 7.69056 7.35428
threshold=-1.0000000180025095e-35 39510640.500000007 145.50000000000003 1221.5000000000002 -9370.4499999999989 252.93500000000003 -1.0000000180025095e-35 3398.6200000000003
decision_type=2 2 8 8 2 2 10 2
left_child=1 -1 -2 -4 -5 6 -6 -7
right_child=2 -3 3 4 5 7 -8 -9
leaf_value=0.0094252984472266103 -0.017542505846269599 -0.045952213998842202 0.0053774023666528998 0.012651381120592822 -0.025830669627231025 0.00022966619616107762 -0.0039309351919946051 0.04123354265785098
leaf_weight=27.321107792904513 36.837096922041383 22.127350500890316 456.40183775958576 196.20097210010863 153.21576783352066 588.37285661147871 219.97012727327092 25.71150486037368
leaf_count=3077 4849 2588 38993 5553 1813 97177 5638 3596
internal_value=-5.5664e-05 -0.0153552 0.00039554 0.000798489 -0.000967354 -0.00367382 -0.0129221 0.00194648
internal_weight=1726.16 49.4485 1676.71 1639.87 1183.47 987.27 373.186 614.084
internal_count=163284 5665 157619 152770 113777 108224 7451 100773
is_linear=0
shrinkage=0.0750466


Tree=188
num_leaves=9
num_cat=0
split_feature=73 85 97 24 55 129 73 151
split_gain=1.96224 6.77525 9.77348 8.59337 8.47632 9.29993 6.95824 5.98126
threshold=9.5000000000000018 2404.6500000000005 32.500000000000007 1.5000000000000002 1.5000000000000002 1.5000000000000002 13.500000000000002 6.5000000000000009
decision_type=2 2 2 2 2 8 2 8
left_child=-1 -2 7 -4 5 -5 -7 -3
right_child=1 2 3 4 -6 6 -8 -9
leaf_value=0.00086241065720370561 -0.015890959500820291 0.010258560186514021 0.11579362937735767 -0.04293225658375497 -0.045432796190044804 0.042681843504928735 0.15728176216722101 -0.062561629198421759
leaf_weight=1525.6377023665991 142.02750456571448 15.51238827999987 6.9807120555851716 4.5448832433430715 7.4613839578705656 8.8405103069962916 4.5043005617808367 10.758288218177766
leaf_count=104268 27481 7368 2142 2504 6153 4504 2460 6404
internal_value=-5.51284e-05 -0.00703231 0.0144373 0.0420633 0.0217608 0.0497857 0.081363 -0.0195625
internal_weight=1726.27 200.63 58.6025 32.3318 25.3511 17.8897 13.3448 26.2707
internal_count=163284 59016 31535 17763 15621 9468 6964 13772
is_linear=0
shrinkage=0.0750466


Tree=189
num_leaves=9
num_cat=0
split_feature=6 142 11 107 107 107 118 6
split_gain=2.31465 6.66668 2.5838 3.88063 7.19321 2.39249 6.15521 6.16182
threshold=289.50000000000006 119646.00000000001 93.555000000000021 91.500000000000014 153.50000000000003 171.50000000000003 1981.5700000000004 40.500000000000007
decision_type=2 10 2 2 2 2 8 2
left_child=5 -2 -3 -4 -5 -1 -7 -8
right_child=1 2 3 4 -6 6 7 -9
leaf_value=-8.8291840676740134e-05 0.041096764025613179 0.020932648018351981 -0.038279631923518208 -0.034640985090953411 0.099206648714569079 -0.064289886007926039 0.076478575049055669 -0.012848010423470859
leaf_weight=1598.6860764501434 28.725132580184436 13.690749434135794 18.954531176088498 5.4521620810337463 3.8639084884234762 11.691032623955833 4.8771492211963041 40.17753850126428
leaf_count=121903 1551 466 2513 2509 3109 7117 2009 22107
internal_value=-5.79287e-05 0.0132413 -0.00582755 -0.0187868 0.0208733 -0.000625801 -0.0157689 -0.00317845
internal_weight=1726.12 70.6865 41.9614 28.2706 9.31607 1655.43 56.7457 45.0547
internal_count=163284 10148 8597 8131 5618 153136 31233 24116
is_linear=0
shrinkage=0.0750466


Tree=190
num_leaves=9
num_cat=0
split_feature=21 16 18 33 63 33 16 50
split_gain=2.0794 5.14935 7.72953 3.07848 3.66943 3.93028 4.46905 3.43476
threshold=1.0000000180025095e-35 -1517.8349999999998 252.93500000000003 17595.285000000003 1.0000000180025095e-35 43848.475000000006 -253.11499999999998 1.0000000180025095e-35
decision_type=2 2 2 2 2 2 2 2
left_child=1 -1 -3 7 5 -5 -7 -2
right_child=3 2 -4 4 -6 6 -8 -9
leaf_value=0.022793408928084211 0.0001858760621504518 -0.023955285655731049 0.015035373056338024 -0.044126579442608074 -0.059974489337901886 -0.009985463190570143 0.055114350834807091 -0.027448557337366085
leaf_weight=74.131903002926265 1450.3066182049079 52.143682884110603 63.512919071938086 13.496046599870168 9.6751850888103927 29.237791989322428 7.4529697937505288 25.781588942227245
leaf_count=769 118905 872 4160 3135 12801 8777 3679 10186
internal_value=-5.7676e-05 0.00735314 -0.00254353 -0.000973388 -0.017657 -0.00949894 0.00323822 -0.000296791
internal_weight=1725.74 189.789 115.657 1535.95 59.862 50.1868 36.6908 1476.09
internal_count=163284 5801 5032 157483 28392 15591 12456 129091
is_linear=0
shrinkage=0.0750466


Tree=191
num_leaves=9
num_cat=0
split_feature=99 11 137 33 33 137 137 11
split_gain=2.12677 5.69528 5.3 3.44242 5.31981 4.47539 3.41044 3.55656
threshold=1.0000000180025095e-35 52.845000000000006 15235.610000000002 17595.285000000003 1.0000000180025095e-35 16998.050000000003 10375.225000000002 52.845000000000006
decision_type=2 2 8 2 2 8 10 2
left_child=3 -2 -3 4 -1 -6 7 -5
right_child=1 2 -4 6 5 -7 -8 -9
leaf_value=-0.00067401569185840632 0.032996927236007244 -0.030124552407993731 0.018234491994883226 -0.022814331973890878 0.049475536275606878 0.0029137215660467678 -0.047188362118589698 0.013873455118119755
leaf_weight=1510.7891222741237 38.504989688502974 24.78698150729906 26.31408028864098 37.215474892567727 22.177647515374701 24.436011591511487 15.812012878106541 24.797426384313439
leaf_count=122971 536 1514 3424 3214 1674 3043 19989 6919
internal_value=-5.64313e-05 0.011201 -0.00522245 -0.000673306 9.64138e-05 0.0250667 -0.0160766 -0.00814379
internal_weight=1724.83 89.6061 51.1011 1635.23 1557.4 46.6137 77.8249 62.0129
internal_count=163284 5474 4938 157810 127688 4717 30122 10133
is_linear=0
shrinkage=0.0750466


Tree=192
num_leaves=9
num_cat=0
split_feature=60 141 107 80 145 150 107 112
split_gain=1.78469 3.94469 6.05679 3.08503 5.09751 3.38097 2.90477 2.25471
threshold=1079.3350000000003 0.79500000000000015 85.500000000000014 1.0000000180025095e-35 5.5000000000000009 7173.1900000000014 182.50000000000003 720815.33500000008
decision_type=2 10 2 2 8 8 2 10
left_child=7 3 -3 -2 5 -5 -4 -1
right_child=1 2 6 4 -6 -7 -8 -9
leaf_value=-0.00023392764487065239 -0.048576953128096338 0.078339105441610074 -0.050189193169342249 0.047399529798763704 -0.05110920605644767 -0.014731393992029714 0.031405253919831594 0.012139547386469787
leaf_weight=1572.4333515084145 17.266073229595349 6.1434390909271341 5.8899456008912221 9.0348568113659002 10.520824775077925 10.864224184759225 4.2162767155787151 87.559421200256111
leaf_count=130116 2402 669 2893 1708 3108 4010 3252 15126
internal_value=-5.51486e-05 -0.0123588 0.0195741 -0.0232404 -0.0088596 0.0134781 -0.0161483 0.000418734
internal_weight=1723.93 63.9356 16.2497 47.686 30.4199 19.8991 10.1062 1659.99
internal_count=163284 18042 6814 11228 8826 5718 6145 145242
is_linear=0
shrinkage=0.0750466


Tree=193
num_leaves=9
num_cat=0
split_feature=7 52 117 16 151 0 16 135
split_gain=2.11487 4.96115 16.9136 7.30709 4.40621 5.30171 5.14767 5.06054
threshold=2050.3150000000005 1.0000000180025095e-35 -871.16999999999996 -253.11499999999998 1.5000000000000002 35799005.000000007 -1870.675 -927.99999999999989
decision_type=2 2 10 2 8 2 2 8
left_child=4 -2 -3 -4 6 -6 -1 -7
right_child=1 2 3 -5 5 7 -8 -9
leaf_value=-0.027125688126651545 0.0018125860975322055 0.11944707897417253 0.049772436463569214 -0.032208824791784073 -0.0066376883261963808 0.011482360730236009 -0.0038512603680483544 -0.0040320998032087572
leaf_weight=75.122777742795734 588.94956161106893 9.0156236459079064 10.079189116273481 15.600753601300314 338.46384617522381 308.25129579133863 186.11076017275991 192.26378624394056
leaf_count=3964 33363 2006 5930 15899 40675 33447 16564 11436
internal_value=-5.4131e-05 0.0034372 0.0310147 -3.17812e-05 -0.00203316 0.00061695 -0.0105443 0.00552276
internal_weight=1723.86 623.645 34.6956 25.6799 1100.21 838.979 261.234 500.515
internal_count=163284 57198 23835 21829 106086 85558 20528 44883
is_linear=0
shrinkage=0.0750466


Tree=194
num_leaves=9
num_cat=0
split_feature=0 149 140 109 113 151 8 141
split_gain=1.95664 6.40445 5.23882 4.96017 4.66443 2.7542 8.25377 7.40199
threshold=15842220.000000002 2810.5000000000005 7173.1900000000014 1.0000000180025095e-35 -501.99999999999994 4.5000000000000009 16678.810000000001 3.0650000000000004
decision_type=2 8 10 2 8 10 2 10
left_child=1 -1 -3 -4 -5 -2 7 -7
right_child=5 2 3 4 -6 6 -8 -9
leaf_value=-0.040003211574953269 -0.00067961717308510255 0.010079734822659496 -0.062495817180239603 -0.037968392251110726 0.047812314720691564 0.023939087836076126 -0.013913554289701832 -0.0140517665419597
leaf_weight=28.980318761168746 1340.9890541034219 75.670747088417556 12.725713632571569 7.6894621097671916 6.6641791726906376 144.87192897278146 70.445290546402248 36.076329006689775
leaf_count=2862 79917 4379 3315 3092 2681 28809 29537 8692
internal_value=-5.54101e-05 -0.0088453 -5.73186e-05 -0.0283844 0.0018583 0.000671737 0.00788016 0.0163647
internal_weight=1724.11 131.73 102.75 27.0794 14.3536 1592.38 251.394 180.948
internal_count=163284 16329 13467 9088 5773 146955 67038 37501
is_linear=0
shrinkage=0.0750466


Tree=195
num_leaves=9
num_cat=0
split_feature=113 5 97 5 32 97 51 141
split_gain=1.95954 4.78799 6.26168 2.79446 7.66089 5.58276 8.77494 8.66472
threshold=-2054.4999999999995 43.500000000000007 3.5000000000000004 43.500000000000007 1.5000000000000002 41.500000000000007 1.0000000180025095e-35 0.79500000000000015
decision_type=8 2 2 2 2 2 2 8
left_child=1 2 -1 4 5 -2 7 -7
right_child=3 -3 -4 -5 -6 6 -8 -9
leaf_value=0.0015818582532303586 0.0025972416757603324 0.0069197395996380131 -0.056031781097850633 -0.0021654339176142533 -0.034733827399424023 0.013270285390551676 -0.028228747901527872 0.060455105956265423
leaf_weight=20.089430490093946 561.15460128619816 41.503861899287585 22.549890110920387 937.21326600715838 27.498838994051766 63.229813970574469 17.422314964835095 33.547859861741017
leaf_count=1829 36487 5021 5133 84822 8500 4268 14356 2868
internal_value=-5.58448e-05 -0.0112253 -0.0288872 0.000517203 0.00409434 0.00567533 0.0208004 0.0296268
internal_weight=1724.21 84.1432 42.6393 1640.07 702.853 675.355 114.2 96.7777
internal_count=163284 11983 6962 151301 66479 57979 21492 7136
is_linear=0
shrinkage=0.0750466


Tree=196
num_leaves=9
num_cat=0
split_feature=81 116 116 58 106 63 138 63
split_gain=1.81611 7.81738 4.79092 7.08097 5.45839 2.68925 3.86249 2.49723
threshold=133292.36000000002 45741.250000000007 11379.470000000003 6461.2000000000007 8240.3250000000025 1.5000000000000002 5216.3500000000013 4.5000000000000009
decision_type=2 8 8 2 2 2 8 2
left_child=7 2 4 -4 5 -2 -7 -1
right_child=1 -3 3 -5 -6 6 -8 -9
leaf_value=-0.00010469249163928375 0.00055804087025706085 -0.054567481762761189 0.12441658934673697 -0.017042663869323651 0.065180142361035226 0.016808744426126555 -0.058722244640738823 0.015456974199858918
leaf_weight=1588.135720562088 25.45368634249462 18.018866027448894 4.123501378697255 3.8571044797790819 5.3203775453075641 5.3542220296003507 13.247600775164758 60.282062523499917
leaf_count=111107 7118 5132 2463 2744 3578 1088 9173 20881
internal_value=-5.64911e-05 -0.0114479 0.00209833 0.056048 -0.00662153 -0.0152927 -0.0369819 0.000464392
internal_weight=1723.79 75.3754 57.3565 7.98061 49.3759 44.0555 18.6018 1648.42
internal_count=163284 31296 26164 5207 20957 17379 10261 131988
is_linear=0
shrinkage=0.0750466


Tree=197
num_leaves=9
num_cat=0
split_feature=21 133 5 5 5 153 135 135
split_gain=1.89535 3.29783 3.38547 4.88141 4.32361 4.20252 6.39582 3.58996
threshold=1.0000000180025095e-35 8.0000000000000018 76.500000000000014 67.500000000000014 61.500000000000007 5389.9350000000004 -624.49999999999989 -1689.4999999999998
decision_type=2 10 2 2 2 10 10 8
left_child=-1 2 3 4 5 -2 -7 -6
right_child=1 -3 -4 -5 7 6 -8 -9
leaf_value=0.0070235853340366279 -0.00073532091313034025 0.025961169049991246 0.021189949843185625 -0.016414788076734941 0.032369705040796226 -0.023319969173941087 0.031091719104329566 0.0048816942726702776
leaf_weight=189.53417671218631 1099.2727038260527 25.259529282222502 36.520043658703798 120.49475649696615 35.403662806504144 93.810428703080106 13.979830790936829 109.5838244503102
leaf_count=5801 98471 174 2762 9532 2082 28885 5712 9865
internal_value=-5.65118e-05 -0.000931112 -0.00138125 -0.00194103 -0.000651127 -0.00212194 -0.0162631 0.0115938
internal_weight=1723.86 1534.32 1509.07 1472.55 1352.05 1207.06 107.79 144.987
internal_count=163284 157483 157309 154547 145015 133068 34597 11947
is_linear=0
shrinkage=0.0750466


Tree=198
num_leaves=9
num_cat=0
split_feature=46 120 153 113 120 150 120 153
split_gain=1.77153 7.66367 5.88195 4.02702 2.6909 3.19778 2.06873 4.72681
threshold=1.0000000180025095e-35 588362.69500000007 1612.8750000000002 -1263.4999999999998 253368.00000000003 7173.1900000000014 154836.00000000003 651.0150000000001
decision_type=2 8 10 10 8 8 8 8
left_child=6 2 3 -2 5 -4 7 -1
right_child=1 -3 4 -5 -6 -7 -8 -9
leaf_value=0.0022869560509408689 -0.0046119462604508419 -0.041133977511065178 -0.05065789426885893 0.040598837026911493 -0.07602201195010419 0.019758184994244182 0.0025338541655957445 -0.011555930077492668
leaf_weight=361.17201821341587 20.627638818965352 30.332308154480415 6.791193080771337 24.01255210841191 5.1651326562205204 7.808363807020215 1041.0922260078696 225.76297501255613
leaf_count=16625 2422 4346 2218 2600 3176 3905 91085 36907
internal_value=-5.53142e-05 -0.0100315 0.00461667 0.0197075 -0.0294673 -0.0129969 0.000525212 -0.00303767
internal_weight=1722.76 94.7372 64.4049 44.6402 19.7647 14.5996 1628.03 586.935
internal_count=163284 18667 14321 5022 9299 6123 144617 53532
is_linear=0
shrinkage=0.0750466


Tree=199
num_leaves=9
num_cat=0
split_feature=64 18 134 18 83 142 25 83
split_gain=2.02082 4.48172 8.19461 3.35677 2.68719 6.67088 2.82034 3.29776
threshold=25194.515000000003 18220.110000000004 431161.07000000001 64558.765000000007 134898.68000000002 588362.69500000007 35114.595000000008 37776.215000000004
decision_type=2 2 10 2 2 8 2 2
left_child=4 -2 3 -3 6 -6 7 -1
right_child=1 2 -4 -5 5 -7 -8 -9
leaf_value=-0.0002682045891042397 -0.037001451973740364 0.062857584117684079 -0.047162316923894318 -0.0012505327599078091 0.00070752669507259777 0.081654899360899383 -0.020442696833655679 0.015800162483894216
leaf_weight=1526.105244015087 25.804624330401566 10.796333384358155 10.520737558812469 8.0148897331528115 20.596598452870243 7.9457138188681702 37.092849649952768 75.492838060734357
leaf_count=94182 5334 4276 7895 3783 5437 2663 22323 17391
internal_value=-5.44543e-05 -0.0141899 0.00587844 0.0355431 0.000413015 0.023242 1.53859e-05 0.000489193
internal_weight=1722.37 55.1366 29.332 18.8112 1667.23 28.5423 1638.69 1601.6
internal_count=163284 21288 15954 8059 141996 8100 133896 111573
is_linear=0
shrinkage=0.0750466


Tree=200
num_leaves=9
num_cat=0
split_feature=6 142 0 151 18 8 142 115
split_gain=2.13861 5.35102 4.88907 2.95597 7.95389 8.0002 7.22233 6.77914
threshold=289.50000000000006 119646.00000000001 14632853.000000002 4.5000000000000009 252.93500000000003 16678.810000000001 1037556.6200000002 25799.010000000006
decision_type=2 10 2 10 2 2 10 10
left_child=2 -2 -1 -4 -5 -6 7 -7
right_child=1 -3 3 4 5 6 -8 -9
leaf_value=-0.022972151057470396 0.03717027797688123 -0.0047245282546479229 -0.001250166511116788 0.030720547829002364 0.0097078944533456647 -0.045294221564791487 0.048893249587393349 0.04144388821664223
leaf_weight=53.245901743681316 29.43617605977488 41.205981937291654 1347.0711228377622 62.908675417231279 134.43363589768887 41.661199333277182 6.629956207902068 5.7786694141941544
leaf_count=6336 1551 8597 80233 4613 34800 19035 4385 3734
internal_value=-5.42673e-05 0.0127328 -0.000601152 0.000144032 0.00761417 -9.70455e-05 -0.024475 -0.0347286
internal_weight=1722.37 70.6422 1651.73 1598.48 251.412 188.503 54.0698 47.4399
internal_count=163284 10148 153136 146800 66567 61954 27154 22769
is_linear=0
shrinkage=0.0750466


Tree=201
num_leaves=9
num_cat=0
split_feature=18 120 46 147 104 104 81 81
split_gain=1.82315 5.17688 7.90118 5.56466 4.68166 10.3763 8.92738 6.19784
threshold=1949.6600000000001 400242.26000000007 1.0000000180025095e-35 -37831.119999999995 39921.000000000007 8269.6500000000015 69044.115000000005 1920.7850000000001
decision_type=2 8 2 8 2 2 2 2
left_child=-1 3 4 -2 5 7 -7 -3
right_child=1 2 -4 -5 -6 6 -8 -9
leaf_value=-0.00195811418723947 -0.026337812785251942 -0.0047459779997168806 -0.04128607523673896 0.0011711908332196271 -0.021357443782574183 0.11156728709408242 0.0087817150723590101 0.024155826141772248
leaf_weight=1071.5223571328388 46.568755653352127 66.903388526206982 14.609911878522324 374.16435390228071 17.594259964695084 11.917025577302413 7.92317724105851 111.31679596174217
leaf_count=27573 18525 5939 5636 69168 8413 3731 3647 20652
internal_value=-5.50718e-05 0.00307728 0.0121235 -0.00187364 0.0157418 0.0190374 0.0705199 0.0133062
internal_weight=1722.52 650.998 230.265 420.733 215.655 198.06 19.8402 178.22
internal_count=163284 135711 48018 87693 42382 33969 7378 26591
is_linear=0
shrinkage=0.0750466


Tree=202
num_leaves=9
num_cat=0
split_feature=7 74 74 116 31 113 113 113
split_gain=2.14509 4.1736 4.10578 5.41105 4.7829 3.85872 5.87513 3.8015
threshold=278.72500000000008 1.0000000180025095e-35 659.20500000000015 77957.780000000013 3112.9700000000007 -1475.4999999999998 -1597.9999999999998 -805.49999999999989
decision_type=2 2 2 8 2 10 10 8
left_child=2 -2 4 5 7 6 -4 -1
right_child=1 -3 3 -5 -6 -7 -8 -9
leaf_value=0.010838867715737246 0.022725186760340597 0.00067049152687711317 -0.034634842195743927 0.022335060927157511 -0.029956867041336488 -0.034011303299861857 0.038355775883283767 -0.0053560155862037197
leaf_weight=149.63689888581393 50.339034427775914 1207.7374114423001 12.832185844212292 16.417859560693614 28.666229459784518 65.761580369467993 12.036346564698759 179.62193305071924
leaf_count=12304 2300 106900 3279 2462 6771 17620 2026 9622
internal_value=-5.68136e-05 0.00155296 -0.00441237 -0.0173074 -0.000555741 -0.0244887 0.000692549 0.00200401
internal_weight=1723.05 1258.08 464.973 107.048 357.925 90.6301 24.8685 329.259
internal_count=163284 109200 54084 25387 28697 22925 5305 21926
is_linear=0
shrinkage=0.0750466


Tree=203
num_leaves=9
num_cat=0
split_feature=11 134 33 97 95 5 33 5
split_gain=1.8158 4.42051 2.02429 5.73437 2.21129 2.35243 7.7418 6.81022
threshold=-1.0000000180025095e-35 214834.95000000004 115002.37000000001 5.5000000000000009 5.5000000000000009 39.500000000000007 4895.2500000000009 49.500000000000007
decision_type=2 8 2 2 2 2 2 2
left_child=1 -1 4 -4 5 -2 -7 -8
right_child=2 -3 3 -5 -6 6 7 -9
leaf_value=-0.04228788345603339 0.0044710443195657311 0.0039497958366444845 0.0060636532674014669 -0.055602802820226754 0.017419556802855458 -0.0031962855256210962 -0.0060255817176632616 0.046775459004616084
leaf_weight=19.266009991762985 513.84416558429803 29.43912495384393 22.504874122332694 13.640244635818815 43.610415675670083 1023.2415873056452 23.239898989937501 33.717215513781412
leaf_count=2389 44954 3276 4635 9088 2786 83743 6008 6405
internal_value=-5.61904e-05 -0.0143402 0.000359453 -0.0172077 0.000747183 0.000291054 -0.00169734 0.0252313
internal_weight=1722.5 48.7051 1673.8 36.1451 1637.65 1594.04 1080.2 56.9571
internal_count=163284 5665 157619 13723 143896 141110 96156 12413
is_linear=0
shrinkage=0.0750466


Tree=204
num_leaves=9
num_cat=0
split_feature=148 112 16 8 112 134 9 22
split_gain=1.9798 3.48123 6.76189 2.33026 4.15251 3.83355 3.21978 2.75935
threshold=5.9250000000000007 529449.63500000013 -1.0000000180025095e-35 -8804.7999999999975 190026.00000000003 267444.00000000006 1934.7000000000003 -1525.53
decision_type=10 8 2 2 8 10 2 2
left_child=3 2 -2 4 -1 -6 -7 -5
right_child=1 -3 -4 7 5 6 -8 -9
leaf_value=-0.0094324309442765306 0.042955718534553385 0.061118766226591417 -0.04437306016972975 0.0023212718516458079 0.039658478530271969 0.024242029091004286 -0.025437895509083507 -0.0039468971978747049
leaf_weight=36.580176448536804 10.88886427452235 8.1226178643264557 9.2234839079392277 728.53329896158903 33.700481913772819 16.986915941262854 12.947302960574232 865.36325001302612
leaf_count=5930 1875 2856 3055 24355 2950 4158 2591 115514
internal_value=-5.54777e-05 0.0196533 0.00290691 -0.000383954 0.0107161 0.0222984 0.00275421 -0.00108186
internal_weight=1722.35 28.235 20.1123 1694.11 100.215 63.6347 29.9342 1593.9
internal_count=163284 7786 4930 155498 15629 9699 6749 139869
is_linear=0
shrinkage=0.0750466


Tree=205
num_leaves=9
num_cat=0
split_feature=7 6 102 46 142 24 25 120
split_gain=1.94276 5.94995 4.60441 4.18874 4.23488 3.9032 7.43584 8.94483
threshold=2050.3150000000005 20.500000000000004 1.0000000180025095e-35 1.0000000180025095e-35 91494.000000000015 1.0000000180025095e-35 3329.2250000000004 800917.97000000009
decision_type=2 2 2 2 8 2 2 10
left_child=3 -2 -3 5 -5 -1 -7 -8
right_child=1 2 -4 4 -6 6 7 -9
leaf_value=-0.0036505109481110689 -0.021750564889937971 0.0068585457227632466 -0.026341262822897515 0.015840642126341113 -0.036255309193279087 0.024579615379895343 -0.0054869730253933185 0.076667311250171302
leaf_weight=780.91309828202793 49.218289973046922 549.69803233959101 24.578864157894714 11.592559856944716 36.326684093217409 88.977949930489558 172.52372211697002 7.8015548460589335
leaf_count=27593 1992 52960 2246 2018 8900 9753 53770 4052
internal_value=-5.42702e-05 0.00329139 0.0054376 -0.00195386 -0.0236523 -0.000963798 0.00682701 -0.00193267
internal_weight=1721.63 623.495 574.277 1098.14 47.9192 1050.22 269.303 180.325
internal_count=163284 57198 55206 106086 10918 95168 67575 57822
is_linear=0
shrinkage=0.0750466


Tree=206
num_leaves=9
num_cat=0
split_feature=41 140 148 71 112 141 74 141
split_gain=1.96805 4.04861 2.12851 3.59691 6.54188 1.96314 3.56937 3.12943
threshold=1.0000000180025095e-35 7173.1900000000014 5.9250000000000007 1.0000000180025095e-35 190026.00000000003 3.5050000000000003 744.69000000000017 28.130000000000006
decision_type=2 8 10 2 10 10 2 10
left_child=2 -2 5 4 -4 -1 -7 -8
right_child=1 -3 3 -5 -6 6 7 -9
leaf_value=0.00035947286645647493 -0.059078113897262516 0.0042585563579196411 0.11762647950015988 0.00058059154982391934 -0.0035671742418167045 -0.04473409924786606 -0.015395423370209492 0.0339205240213949
leaf_weight=1619.1634984964039 9.608874944613488 13.915820390007868 4.9945301289553772 17.816435241460567 5.039447749770261 15.429422730227087 25.868531189227724 10.067139553251762
leaf_count=136828 1639 4140 1789 2709 2802 4008 6624 2745
internal_value=-5.43043e-05 -0.0216119 0.000244295 0.0208204 0.0567584 -9.87414e-05 -0.0145429 -0.00157989
internal_weight=1721.9 23.5247 1698.38 27.8504 10.034 1670.53 51.3651 35.9357
internal_count=163284 5779 157505 7300 4591 150205 13377 9369
is_linear=0
shrinkage=0.0750466


Tree=207
num_leaves=9
num_cat=0
split_feature=8 52 147 8 138 7 8 135
split_gain=1.85761 3.62561 5.78429 3.19563 4.38493 2.55568 7.41446 6.10086
threshold=-1.0000000180025095e-35 1.0000000180025095e-35 -1.0000000180025095e-35 -8804.7999999999975 26813.160000000003 2050.3150000000005 18628.875000000004 -1355.4999999999998
decision_type=2 2 8 2 10 2 2 10
left_child=1 -1 3 4 -3 -2 7 -7
right_child=5 2 -4 -5 -6 6 -8 -9
leaf_value=0.009430870150738211 -0.0036713371490116045 0.048393722448593163 0.042880003738414323 -0.05913668190602818 -0.048855059301066532 0.0038432643162265331 -0.0037352896587349188 0.029241924205833037
leaf_weight=215.49679100975845 868.62674718177914 4.8360589090225439 6.8503118601947817 13.68543926951315 5.6762799972184439 141.37602589860035 379.79239693273848 85.46139600422066
leaf_count=13118 74134 2547 1275 10075 6269 5385 46041 4440
internal_value=-5.33064e-05 0.00597649 -0.0179995 -0.0352343 -0.00411708 -0.00106101 0.0026767 0.0134123
internal_weight=1721.8 246.545 31.0481 24.1978 10.5123 1475.26 606.63 226.837
internal_count=163284 33284 20166 18891 8816 130000 55866 9825
is_linear=0
shrinkage=0.0750466


Tree=208
num_leaves=9
num_cat=0
split_feature=6 23 12 0 12 5 120 58
split_gain=1.82657 4.74526 5.75682 4.21382 4.43343 2.76521 2.27018 2.17978
threshold=289.50000000000006 1.5000000000000002 6.5000000000000009 14632853.000000002 6.5000000000000009 65.500000000000014 253368.00000000003 3684.2700000000004
decision_type=2 2 2 2 2 2 10 2
left_child=3 -2 -3 4 -1 -4 -6 -5
right_child=1 2 5 7 6 -7 -8 -9
leaf_value=0.0023040066712739777 -0.010865915798398221 0.060161237394752043 0.029618114406977855 -0.0010319826629768421 -0.064297127818752631 -0.022385424082240583 -0.021732983209167896 0.0067655109536324748
leaf_weight=23.849541416275315 30.18885481554571 17.979572262149304 11.464918007015514 1361.0852338748282 13.234377399308871 11.570327600533345 15.119898816090425 237.08344538618439
leaf_count=1086 4290 695 2895 91692 2139 2268 3111 55108
internal_value=-5.28602e-05 0.0117158 0.028337 -0.000560606 -0.0215422 0.00349736 -0.0415998 0.000124752
internal_weight=1721.58 71.2037 41.0148 1650.37 52.2038 23.0352 28.3543 1598.17
internal_count=163284 10148 5858 153136 6336 5163 5250 146800
is_linear=0
shrinkage=0.0750466


Tree=209
num_leaves=9
num_cat=0
split_feature=107 16 16 147 127 151 127 38
split_gain=1.73578 10.8314 6.57837 5.90532 12.6505 9.66764 6.68569 3.06298
threshold=12.500000000000002 -4047.3549999999991 -2764.8049999999994 -12321.749999999998 1747.5000000000002 6.5000000000000009 2528.5000000000005 1.5000000000000002
decision_type=2 2 2 8 10 10 8 2
left_child=2 3 -1 4 5 -2 -5 -3
right_child=1 7 -4 6 -6 -7 -8 -9
leaf_value=0.010592167509754556 -0.00098772304830846425 0.0022356198061033112 -0.0051094194742009411 -0.043732255979698209 -0.042255305871759852 0.076306574943362432 -0.010698400323952511 -0.030628362392473487
leaf_weight=318.92334128450602 24.565175901021576 901.39880357167385 284.18585282447748 65.08151297492077 23.224904859785966 14.48880438467131 73.445822480476636 16.260337910816816
leaf_count=2652 3726 127603 4869 4391 6911 3670 2603 6859
internal_value=-5.15458e-05 -0.0018014 0.00319356 -0.0175889 0.00160491 0.027688 -0.026218 0.00165329
internal_weight=1721.57 1118.47 603.109 200.806 62.2789 39.054 138.527 917.659
internal_count=163284 155763 7521 21301 14307 7396 6994 134462
is_linear=0
shrinkage=0.0750466


Tree=210
num_leaves=9
num_cat=0
split_feature=99 71 103 18 135 107 18 112
split_gain=1.99921 2.52006 2.25067 12.1553 3.12154 3.71477 2.90557 5.19471
threshold=2.5000000000000004 1.5000000000000002 5.5000000000000009 5971.0600000000004 -927.99999999999989 66.500000000000014 7623.4400000000005 190026.00000000003
decision_type=2 2 2 2 10 2 2 8
left_child=1 2 6 -4 5 -5 -1 -8
right_child=-2 -3 3 4 -6 -7 7 -9
leaf_value=-0.0029731215657706998 0.018839383653182457 0.018340355470343291 0.077835162852699091 0.057088368159764043 -0.063110550205454544 -0.017258746810521346 -0.0048592887865097061 0.01328239493458911
leaf_weight=1255.3102713634944 30.977149252721574 39.469789567439875 12.507965760167279 5.0267794788233031 5.3928025249006195 15.321762490126273 168.64886661815035 187.97008847901088
leaf_count=43967 950 1764 2839 1225 3870 9976 46106 52587
internal_value=-5.33395e-05 -0.000399709 -0.000847943 0.0171442 -0.0123462 0.00110751 -0.00127488 0.004703
internal_weight=1720.63 1689.65 1650.18 38.2493 25.7413 20.3485 1611.93 356.619
internal_count=163284 162334 160570 17910 15071 11201 142660 98693
is_linear=0
shrinkage=0.0750466


Tree=211
num_leaves=9
num_cat=0
split_feature=64 22 57 113 142 22 113 142
split_gain=1.89663 4.28236 3.26497 6.83743 3.98122 4.00055 3.06322 6.20312
threshold=13076.395000000002 -1525.53 6.5000000000000009 -1475.4999999999998 309672.00000000006 9727.2900000000027 -1355.4999999999998 479067.86000000004
decision_type=2 2 2 10 10 2 10 8
left_child=2 -2 -1 -4 -5 -6 -3 -8
right_child=1 6 3 4 5 -7 7 -9
leaf_value=1.5408559433782552e-05 0.031974654235193578 -0.035290276582549428 0.076536215194333151 -0.021240977643458236 -0.0043043674847477445 0.077252299442389386 0.013421641386308103 -0.041579782704589362
leaf_weight=1587.7359845547689 11.733913197622313 30.615185779348394 9.713990848104002 16.105340241309026 7.2312824546825123 6.3724044417976984 33.914548173284857 17.51133734857649
leaf_count=117538 2538 9219 2215 4001 1262 3675 11819 11017
internal_value=-5.29705e-05 -0.0104309 0.000545122 0.021879 0.00400766 0.0338994 -0.016496 -0.00530722
internal_weight=1720.93 93.775 1627.16 39.423 29.709 13.6037 82.0411 51.4259
internal_count=163284 34593 128691 11153 8938 4937 32055 22836
is_linear=0
shrinkage=0.0750466


Tree=212
num_leaves=9
num_cat=0
split_feature=10 125 23 0 147 135 141 0
split_gain=2.07379 7.02386 3.08741 3.5415 6.17985 3.39697 4.3003 4.86241
threshold=-3005.3049999999998 -367.86499999999995 1.5000000000000002 28166114.000000004 -37831.119999999995 -1840.4999999999998 1.1700000000000002 34241628.000000007
decision_type=2 10 2 2 8 10 10 2
left_child=1 2 5 -4 -5 -1 -7 -8
right_child=-2 -3 3 4 -6 6 7 -9
leaf_value=0.029998722793564712 0.00053852731212036256 0.057309176538298853 -0.076307010617211721 0.032321044717837213 -0.056013571196719916 -0.033113430275004199 0.078397933240376277 -0.023663231466382204
leaf_weight=10.855123872253897 1636.5206655253096 7.5965018242823126 9.2432966773958487 7.6245380282289261 10.748319129254016 27.699755633564564 4.8533975536338385 5.7362355970926728
leaf_count=1800 136692 1908 4328 3243 2179 8189 2602 2343
internal_value=-5.29511e-05 -0.0115276 -0.0183399 -0.0384176 -0.0193557 -0.00705746 -0.017563 0.023113
internal_weight=1720.88 84.3572 76.7607 27.6162 18.3729 49.1445 38.2894 10.5896
internal_count=163284 26592 24684 9750 5422 14934 13134 4945
is_linear=0
shrinkage=0.0750466


Tree=213
num_leaves=9
num_cat=0
split_feature=17 134 64 6 151 6 23 120
split_gain=1.72303 3.73286 3.58176 3.66791 4.43581 5.41246 3.79434 3.16419
threshold=3.5000000000000004 66861.000000000015 13076.395000000002 189.50000000000003 19.500000000000004 227.50000000000003 1.5000000000000002 253368.00000000003
decision_type=2 10 2 2 8 2 2 8
left_child=2 -2 -1 6 5 -5 -4 -3
right_child=1 7 3 4 -6 -7 -8 -9
leaf_value=0.00023498427315322011 0.034184808254084278 0.017723977410414135 -0.012119048518514886 0.08790335005483145 -0.043002979634879195 -0.0022513990165525036 -0.052003648492320267 -0.018886251365981304
leaf_weight=1558.691366819734 25.819744195177918 26.573825267863867 40.439295463538656 5.9535374449660656 6.3407103639674451 10.134773564544956 20.115594433225851 26.609947687578824
leaf_count=123316 1039 2770 14319 3175 2423 5314 7159 3769
internal_value=-5.28735e-05 0.0107726 -0.000573836 -0.015766 0.0101587 0.0311107 -0.0253682 -0.00059357
internal_weight=1720.68 79.0035 1641.68 82.9839 22.429 16.0883 60.5549 53.1838
internal_count=163284 7578 155706 32390 10912 8489 21478 6539
is_linear=0
shrinkage=0.0750466


Tree=214
num_leaves=9
num_cat=0
split_feature=10 6 18 11 85 104 18 95
split_gain=1.76757 5.91555 3.90354 3.57966 3.11664 3.49683 2.84328 6.06372
threshold=-3005.3049999999998 31.500000000000004 952.04500000000019 421.10500000000008 35229.000000000007 2404.6500000000005 1949.6600000000001 1.5000000000000002
decision_type=2 2 2 2 2 2 2 2
left_child=1 -1 -3 -4 5 -5 -2 -8
right_child=6 2 3 4 -6 -7 7 -9
leaf_value=0.04754368436475525 -0.0018973797980390923 0.0053754498495584974 -0.064669708152539945 -0.020402188896663342 -0.075591199451617616 0.049304037878403643 0.0020954970604608885 0.027323579622386972
leaf_weight=8.7820978125473612 1034.1343130693422 26.757796136378602 12.643127881327016 25.730763138286424 4.6147391779795717 4.8109922774001452 543.32171686886068 59.537580209886073
leaf_count=1701 24818 1909 3077 11092 5111 3702 104382 7492
internal_value=-5.21363e-05 -0.0107135 -0.0175756 -0.0304233 -0.0181075 -0.00942194 0.000490633 0.00458699
internal_weight=1720.33 83.3395 74.5574 47.7996 35.1565 30.5418 1636.99 602.859
internal_count=163284 26592 24891 22982 19905 14794 136692 111874
is_linear=0
shrinkage=0.0750466


Tree=215
num_leaves=9
num_cat=0
split_feature=63 74 74 25 149 10 149 127
split_gain=1.89075 6.05986 6.1127 2.52317 4.73266 1.96892 9.90053 11.9032
threshold=8.5000000000000018 391.17500000000007 2806.0050000000006 3329.2250000000004 3571.5000000000005 -627.07499999999993 1714.5000000000002 3893.5000000000005
decision_type=2 2 2 2 10 2 8 10
left_child=5 -2 3 -3 -5 6 -1 -8
right_child=1 2 -4 4 -6 -7 7 -9
leaf_value=-0.02446970159417906 0.096700774173320903 -0.063498932918355164 0.073355496075487053 0.053902576889047635 -0.057087638591427181 0.00091310474472704661 0.012536985012626381 -0.028981200447851647
leaf_weight=105.85853562520606 4.7586825195430746 5.4055634387623313 4.9976997806261343 4.609625176071857 4.0777517776623426 1365.2958641514833 175.72050787554144 49.945031048782766
leaf_count=19349 1589 1408 2492 2351 3412 79303 35701 17679
internal_value=-5.16771e-05 0.0209319 0.00204512 -0.0232433 0.00180509 -0.000346607 -0.0055344 0.00334805
internal_weight=1720.67 23.8493 19.0906 14.0929 8.68738 1696.82 331.524 225.666
internal_count=163284 11252 9663 7171 5763 152032 72729 53380
is_linear=0
shrinkage=0.0750466


Tree=216
num_leaves=9
num_cat=0
split_feature=22 151 27 7 10 138 138 22
split_gain=1.74568 3.94106 5.55986 4.28979 3.94336 9.1424 6.66932 8.14705
threshold=319.2050000000001 5.5000000000000009 23.500000000000004 1655.0800000000002 -193.11999999999998 29617.135000000006 19815.575000000004 -9370.4499999999989
decision_type=2 10 2 2 2 8 8 2
left_child=1 4 3 -3 5 -1 -6 -8
right_child=-2 2 -4 -5 6 -7 7 -9
leaf_value=-0.02189644242633863 -0.0030676216660976497 0.011487655173971824 -0.016230194500570578 0.048770825439185005 0.0080303643564545966 0.017193119326358534 0.0072689818668676409 -0.017112954115556741
leaf_weight=113.52048903948889 664.17355690200748 42.850655664882652 22.351171497051837 29.241771758352115 489.01546232448891 47.923397191447293 141.58632342935016 169.68478362094174
leaf_count=6449 123633 4933 4789 3441 10086 3260 2446 4247
internal_value=-5.30053e-05 0.00184273 0.0164716 0.0266103 0.000406154 -0.010293 0.00256452 -0.00602247
internal_weight=1720.35 1056.17 94.4436 72.0924 961.73 161.444 800.287 311.271
internal_count=163284 39651 13163 8374 26488 9709 16779 6693
is_linear=0
shrinkage=0.0750466


Tree=217
num_leaves=9
num_cat=0
split_feature=11 112 112 82 16 82 118 140
split_gain=1.58769 5.59554 2.20086 8.05385 7.97872 6.34532 7.20498 6.34476
threshold=-1.0000000180025095e-35 190026.00000000003 228031.20000000004 1.0000000180025095e-35 -2274.0149999999999 7.5000000000000009 8632.3700000000008 39666.395000000011
decision_type=2 10 10 2 2 2 10 10
left_child=1 -1 -2 -4 -5 6 7 -6
right_child=2 -3 3 4 5 -7 -8 -9
leaf_value=-0.038112420859108945 0.001767097110688203 0.013154865133500669 -0.012418929939309193 -0.035080722812056632 0.027840562872024507 -0.031507623912244397 0.095599720457084508 -0.040755978732574923
leaf_weight=24.979927857802977 1308.8525949977084 23.057431140361587 248.56451515275148 17.433861685212833 68.596683545569249 11.796316902844408 7.8761757519041558 8.5393851969729422
leaf_count=2383 102025 3282 17152 5801 16268 7036 4368 4969
internal_value=-5.31086e-05 -0.0135047 0.00033344 -0.00483858 0.0116545 0.0200708 0.0272278 0.0202466
internal_weight=1719.7 48.0374 1671.66 362.807 114.242 96.8086 85.0122 77.1361
internal_count=163284 5665 157619 55594 38442 32641 25605 21237
is_linear=0
shrinkage=0.0750466


Tree=218
num_leaves=9
num_cat=0
split_feature=6 0 5 10 11 115 9 6
split_gain=1.55955 3.61379 2.44176 3.6946 2.2182 2.06959 2.12558 4.73678
threshold=289.50000000000006 14632853.000000002 57.500000000000007 -109.73499999999999 136.92000000000004 -1.0000000180025095e-35 2120.0400000000004 20.500000000000004
decision_type=2 2 2 2 2 8 2 2
left_child=1 4 -2 -4 -1 -3 -7 -8
right_child=2 5 3 -5 -6 6 7 -9
leaf_value=-0.006891752962215573 0.035074555170708253 -0.013711929553198948 -0.022189963113939809 0.01825029371356857 -0.038587307226568023 -0.00092158442752904562 -0.02194116023199446 0.0082991824793268252
leaf_weight=29.673994996337569 17.588805905928893 58.820576578316832 20.524427444961475 33.474660142706853 21.406370881873954 1174.2356916868084 31.982436205385966 332.01977146114405
leaf_count=837 3328 4213 5157 1663 5499 112625 927 29035
internal_value=-5.411e-05 -0.000525114 0.0107896 0.00287942 -0.0201745 0.000103352 0.000631634 0.00564217
internal_weight=1719.73 1648.14 71.5879 53.9991 51.0804 1597.06 1538.24 364.002
internal_count=163284 153136 10148 6820 6336 146800 142587 29962
is_linear=0
shrinkage=0.0750466


Tree=219
num_leaves=9
num_cat=0
split_feature=8 125 0 18 81 97 5 97
split_gain=1.94056 5.63377 3.89084 5.31241 4.87526 4.3957 3.60462 3.56754
threshold=-1.0000000180025095e-35 -8696.0399999999991 52138181.000000007 15722.845000000003 3571.4900000000002 9.5000000000000018 38.500000000000007 28.500000000000004
decision_type=2 8 2 2 2 2 2 2
left_child=1 7 3 6 -5 -4 -3 -1
right_child=-2 2 5 4 -6 -7 -8 -9
leaf_value=-0.053570220006477653 -0.001081566559246874 0.043289162596399297 0.0099366809955415691 0.042506345091251618 -0.0384909335603053 -0.030120830550616491 0.015072238838112123 -0.00080803426547554336
leaf_weight=13.275525178416503 1473.8610539375768 35.045803402164893 41.74256116817196 5.6613547099404995 16.051482132636011 24.474382850283291 93.588590878400282 15.816279727650906
leaf_count=3148 130000 2795 3068 2235 7252 3527 6098 5161
internal_value=-5.23042e-05 0.00612296 0.0102884 0.0169641 -0.0173719 -0.00486894 0.0227598 -0.0248851
internal_weight=1719.52 245.656 216.564 150.347 21.7128 66.2169 128.634 29.0918
internal_count=163284 33284 24975 18380 9487 6595 8893 8309
is_linear=0
shrinkage=0.0750466


Tree=220
num_leaves=9
num_cat=0
split_feature=99 22 96 12 85 57 10 139
split_gain=1.76159 7.66741 3.13168 5.03709 5.98929 7.26014 5.15839 4.79163
threshold=1.0000000180025095e-35 -1.0000000180025095e-35 1.0000000180025095e-35 9.5000000000000018 8269.6500000000015 3.5000000000000004 -627.07499999999993 -1.0000000180025095e-35
decision_type=2 2 2 2 2 2 2 10
left_child=2 -2 -1 6 -5 -6 7 -4
right_child=1 -3 3 4 5 -7 -8 -9
leaf_value=-0.0041065673678534241 0.029226069985091464 -0.015215813589357642 0.041602508423208437 -0.053103792840090105 -0.048005184449922932 0.12812490757736064 0.0069829047111830298 -0.0088024453819072427
leaf_weight=766.28518746639747 51.098135939399072 38.215248893593525 11.177374240527568 17.699419203589063 2.699231110236723 2.5759431531150767 615.9581432908999 213.69696914564156
leaf_count=42319 1097 4377 1599 6105 2923 2998 49115 52751
internal_value=-5.18744e-05 0.0102104 -0.000614146 0.00248399 -0.0321852 0.0380017 0.00343128 -0.00629707
internal_weight=1719.41 89.3134 1630.09 863.807 22.9746 5.27517 840.832 224.874
internal_count=163284 5474 157810 115491 12026 5921 103465 54350
is_linear=0
shrinkage=0.0750466


Tree=221
num_leaves=9
num_cat=0
split_feature=50 28 58 142 120 0 0 0
split_gain=1.55196 3.13408 3.67898 1.75212 4.10346 8.16009 5.87344 5.46726
threshold=1.0000000180025095e-35 1.0000000180025095e-35 12258.370000000001 154836.00000000003 253368.00000000003 26921913.500000004 31507133.500000004 26921913.500000004
decision_type=2 2 2 10 8 2 2 2
left_child=3 -2 -3 -1 5 -5 7 -6
right_child=1 2 -4 4 6 -7 -8 -9
leaf_value=-0.0018291787879010522 0.0047584601370673218 -0.067945892679503961 0.028616651144685347 -0.016406228478280029 -0.00083829943878855587 0.015838330853912251 -0.0095424613395558213 0.026433644922208139
leaf_weight=975.29794802005199 15.753198787373551 9.5944751373026502 2.8919299267490706 54.226084577745496 123.58949357539495 239.11870543525765 235.84311960177365 62.253407514806895
leaf_count=63066 885 5867 4283 7194 18365 28264 26703 8657
internal_value=-5.18629e-05 -0.0174998 -0.0455814 0.000239632 0.00306148 0.00987778 -0.00168027 0.00829722
internal_weight=1718.57 28.2396 12.4864 1690.33 715.031 293.345 421.686 185.843
internal_count=163284 11035 10150 152249 89183 35458 53725 27022
is_linear=0
shrinkage=0.0750466


Tree=222
num_leaves=9
num_cat=0
split_feature=80 9 120 80 16 109 12 138
split_gain=1.68382 9.15504 4.60968 7.79332 5.95901 3.53887 3.55238 5.08394
threshold=4.5000000000000009 389.19000000000005 211140.00000000003 7.5000000000000009 -1.0000000180025095e-35 1.0000000180025095e-35 6.5000000000000009 21996.515000000003
decision_type=2 2 10 2 2 2 2 8
left_child=-1 -2 5 -4 -5 -3 -7 -8
right_child=1 2 3 4 -6 6 7 -9
leaf_value=-0.00065923168302436876 0.045835595714079844 -0.055608379758821762 -0.015715396606765852 0.10746985097698827 0.010170618690953297 0.015024681997480102 -0.069500661347698126 0.010106965388954319
leaf_weight=1610.9440092306231 28.129187326958345 11.118048031115903 17.005525927150305 7.2086173498355492 6.9752341509101807 19.289722703411826 9.4061671762028727 8.6941086597398662
leaf_count=135173 5392 1740 6699 2032 3740 2423 2097 3988
internal_value=-5.15269e-05 0.00902766 -0.00396369 0.0185449 0.0596207 -0.0184361 -0.00738277 -0.0312627
internal_weight=1718.77 107.827 79.6974 31.1894 14.1839 48.508 37.39 18.1003
internal_count=163284 28111 22719 12471 5772 10248 8508 6085
is_linear=0
shrinkage=0.0750466


Tree=223
num_leaves=9
num_cat=0
split_feature=99 16 72 108 16 11 142 72
split_gain=1.52536 4.69237 2.52219 2.01652 9.41067 2.18111 3.47221 2.38223
threshold=1.0000000180025095e-35 -4047.3549999999991 1.0000000180025095e-35 1.0000000180025095e-35 -176.96999999999997 18.395000000000003 1531764.9800000002 2333.3600000000006
decision_type=2 2 2 2 2 2 10 2
left_child=3 -2 -3 5 -5 -1 7 -7
right_child=1 2 -4 4 -6 6 -8 -9
leaf_value=-0.0045697089862868859 0.02984486697838221 0.011373816595444931 -0.021671165326824587 -0.022774895115466924 0.054029787281358772 3.6236486799090367e-05 -0.032501011087657732 0.009716515466805669
leaf_weight=594.85334456640703 37.222457953437697 26.168816760418849 25.867123948883091 17.352620912948623 18.631913512712345 807.87547370396351 16.955469244730921 174.01542323187459
leaf_count=12493 974 2906 1594 2052 2714 123060 3854 13637
internal_value=-5.22626e-05 0.00950015 -0.00505288 -0.000575452 0.0169927 -0.000972127 0.00117038 0.00175182
internal_weight=1718.94 89.2584 52.0359 1629.68 35.9845 1593.7 998.846 981.891
internal_count=163284 5474 4500 157810 4766 153044 140551 136697
is_linear=0
shrinkage=0.0750466


Tree=224
num_leaves=9
num_cat=0
split_feature=56 20 149 10 56 112 112 112
split_gain=1.53983 4.64865 1.94256 6.66736 7.32074 7.38183 3.46362 6.57695
threshold=11582.655000000002 1.0000000180025095e-35 5660.5000000000009 -1249.4199999999998 70.440000000000012 190026.00000000003 228031.20000000004 190026.00000000003
decision_type=2 2 10 2 2 8 10 10
left_child=2 -2 6 -4 -5 -6 7 -1
right_child=1 -3 3 4 5 -7 -8 -9
leaf_value=-2.425303502990302e-05 0.020746907740598106 -0.045642653293527444 -0.028254836313499777 0.0061295006626668289 0.012655085200447459 0.096111469540166458 -0.0073438002339867546 0.023360254301080123
leaf_weight=1174.4362554716754 10.002022054159172 14.626390716308377 21.666336389829667 74.367342438650667 12.081132810850251 11.79848541787578 327.91880270426009 71.883592607609899
leaf_count=82130 4266 10767 7710 5714 2131 2594 40265 7707
internal_value=-5.06159e-05 -0.0186807 0.000220216 0.00942776 0.0177379 0.0538894 -0.000481144 0.00132449
internal_weight=1718.78 24.6284 1694.15 119.913 98.247 23.8796 1574.24 1246.32
internal_count=163284 15033 148251 18149 10439 4725 130102 89837
is_linear=0
shrinkage=0.0750466


Tree=225
num_leaves=9
num_cat=0
split_feature=8 9 8 22 145 22 23 48
split_gain=1.69654 6.10122 8.68176 6.99461 9.80657 6.63752 6.04112 5.28146
threshold=9683.5850000000009 1388.5400000000002 12961.865000000002 43807.725000000006 5.5000000000000009 158755.75500000003 1.5000000000000002 1.0000000180025095e-35
decision_type=2 2 2 2 8 2 2 2
left_child=-1 2 -2 6 -5 -6 -4 -3
right_child=1 7 3 4 5 -7 -8 -9
leaf_value=0.0022593950613946146 -0.022119922739213354 -0.0082528910377438324 0.014861258725199358 -0.030937112205502139 -0.015679130233300403 0.07771095800591804 0.051981902935694775 0.015013020950129328
leaf_weight=876.75280272171585 40.570747729067079 579.30494617558361 74.243500342337938 32.572179933969892 7.3772945851160356 10.229197164790092 36.995252011281991 60.709718014790269
leaf_count=71382 7258 35208 9397 17467 3050 5150 4242 10130
internal_value=-5.11985e-05 -0.00245715 0.00891426 0.0167144 -0.00654537 0.0385796 0.0272067 -0.00604596
internal_weight=1718.76 842.003 201.988 161.417 50.1787 17.6065 111.239 640.015
internal_count=163284 91902 46564 39306 25667 8200 13639 45338
is_linear=0
shrinkage=0.0750466


Tree=226
num_leaves=9
num_cat=0
split_feature=113 8 8 12 72 9 113 52
split_gain=1.6413 5.55194 2.77113 12.3009 6.49601 6.71898 7.77775 5.82251
threshold=-2054.4999999999995 12961.865000000002 9683.5850000000009 4.5000000000000009 387.90500000000003 1786.0550000000001 -927.99999999999989 16685.650000000005
decision_type=8 2 2 2 2 2 10 2
left_child=1 -1 -2 -4 7 6 -6 -5
right_child=2 -3 3 4 5 -7 -8 -9
leaf_value=-0.02282259428024775 0.003530673452236587 0.019860038542321341 0.023824936908314751 0.015283932604081086 -0.0096301036704147403 -0.0030481639404396268 -0.039208057917502426 -0.019927979530311959
leaf_weight=58.730560069605417 825.36696859406402 24.2503198060258 88.114603884518147 122.4140290519008 145.73778522190696 344.28928518166504 76.275782195451029 33.736961183967651
leaf_count=7685 64587 4298 1026 13271 4585 25797 4245 37790
internal_value=-5.24938e-05 -0.010349 0.000469786 -0.00264698 -0.00587565 -0.00961243 -0.019792 0.00767628
internal_weight=1718.92 82.9809 1635.94 810.568 722.454 566.303 222.014 156.151
internal_count=163284 11983 151301 86714 85688 34627 8830 51061
is_linear=0
shrinkage=0.0750466


Tree=227
num_leaves=9
num_cat=0
split_feature=81 125 83 120 0 125 17 0
split_gain=1.59109 11.2206 12.0018 9.9165 5.72396 4.96269 4.79479 4.61912
threshold=15997.960000000001 -4536.1249999999991 3873.2450000000003 211140.00000000003 42644405.000000007 -714.92999999999995 3.5000000000000004 34241628.000000007
decision_type=2 10 2 10 2 10 2 2
left_child=-1 4 5 -4 6 -3 -2 -5
right_child=1 2 3 7 -6 -7 -8 -9
leaf_value=0.0012614450912110408 -0.0043342138122798926 0.019884747558915353 0.018216260560806333 0.060847937476602984 -0.019910340502738998 -0.048746512640572191 0.03569609711413417 0.1440602095823264
leaf_weight=1290.375170149573 200.43741192195193 12.318410962721829 17.211674966762075 7.6637564091070072 152.43881173133195 11.44870015971537 18.398970850572368 7.3701513060077559
leaf_count=68450 47857 2765 5032 3291 28165 2164 3268 2292
internal_value=-5.29047e-05 -0.00402214 0.0272878 0.0571118 -0.00874574 -0.0131752 -0.00096861 0.101642
internal_weight=1717.66 427.288 56.0127 32.2456 371.275 23.7671 218.836 15.0339
internal_count=163284 94834 15544 10615 79290 4929 51125 5583
is_linear=0
shrinkage=0.0750466


Tree=228
num_leaves=9
num_cat=0
split_feature=16 112 112 16 147 9 27 11
split_gain=1.4293 5.2086 2.93972 1.91006 5.54438 4.27792 4.91229 14.7937
threshold=2347.2300000000005 164689.20000000004 360218.03500000009 -176.96999999999997 -1.0000000180025095e-35 2506.1000000000004 25.500000000000004 823.92000000000019
decision_type=2 10 8 2 8 2 2 2
left_child=3 -2 -3 -1 5 6 -5 -8
right_child=1 2 -4 4 -6 -7 7 -9
leaf_value=-0.0018292565218722525 -0.047878582499866922 0.046199765442358133 -0.018747537207423337 0.0040255755390180541 -0.0048340819310605677 0.02853598251408139 -0.025598002770260836 0.12643182316149135
leaf_weight=1010.5837047150089 14.918117652909133 7.9281646411873199 7.7735553866423297 330.3658409724394 277.00859420515189 54.432264442162705 7.3698652882667357 7.0561694725747657
leaf_count=62205 2599 1784 2923 59138 14846 12656 1915 5218
internal_value=-5.51705e-05 -0.016124 0.0140459 0.000236518 0.00332368 0.00898408 0.00589742 0.048764
internal_weight=1717.44 30.6198 15.7017 1686.82 676.233 399.224 344.792 14.426
internal_count=163284 7306 4707 155978 93773 78927 66271 7133
is_linear=0
shrinkage=0.0750466


Tree=229
num_leaves=9
num_cat=0
split_feature=7 118 141 141 97 12 127 2
split_gain=1.6959 2.90123 8.15353 2.8795 8.09192 2.856 3.75891 8.25842
threshold=278.72500000000008 694.53000000000009 0.79500000000000015 1.1700000000000002 41.500000000000007 4.5000000000000009 510.50000000000006 1.0000000180025095e-35
decision_type=2 10 10 10 2 2 10 2
left_child=1 3 -3 -1 -5 -2 -7 -8
right_child=5 2 -4 4 -6 6 7 -9
leaf_value=-7.4995010563850201e-06 0.01194477859627621 -0.041873780080018533 0.029185200368548013 -0.047584972916029623 0.02465159856275816 -0.005096150856090568 0.030747801252593875 0.0011688261176518104
leaf_weight=377.81316686442187 129.10993202484678 32.541054430381337 12.621701999934883 24.360164419760622 13.615033324555041 456.1437223196881 58.20235370285809 613.72864176130133
leaf_count=31822 1370 9004 5188 4370 3700 25715 424 81691
internal_value=-5.59211e-05 -0.00394972 -0.0220148 -0.0019875 -0.0216864 0.00137175 0.000161655 0.00373094
internal_weight=1718.14 460.951 45.1628 415.788 37.9752 1257.18 1128.07 671.931
internal_count=163284 54084 14192 39892 8070 109200 107830 82115
is_linear=0
shrinkage=0.0750466


Tree=230
num_leaves=9
num_cat=0
split_feature=27 16 27 30 24 10 120 10
split_gain=1.59827 5.91128 3.14364 4.63565 3.77679 3.09392 2.41803 1.87535
threshold=32.500000000000007 -68.659999999999982 23.500000000000004 2.5000000000000004 2.5000000000000004 -3555.6149999999993 305273.25000000006 -2568.9149999999995
decision_type=2 2 2 2 2 2 8 2
left_child=2 7 -1 4 -4 -3 -6 -2
right_child=1 5 3 -5 6 -7 -8 -9
leaf_value=-0.00021720889241889072 -0.075813734601660257 0.064005639417313492 0.026408450774039215 0.069964230259469504 -0.075833371256446069 -0.0116509410601456 0.0082692645298366382 -0.024208790771419478
leaf_weight=1655.2317343256109 7.3326408096418154 5.376499936752225 16.707586907570661 8.7547558452988579 4.1684030246542525 7.0177348019278707 3.5779138544839952 8.638417126592687
leaf_count=137730 3406 3553 2803 4462 2343 3374 2505 3108
internal_value=-5.53263e-05 -0.0177216 0.000241461 0.0231031 0.00632636 0.0211682 -0.0369876 -0.0479017
internal_weight=1716.81 28.3653 1688.44 33.2087 24.4539 12.3942 7.74632 15.9711
internal_count=163284 13441 149843 12113 7651 6927 4848 6514
is_linear=0
shrinkage=0.0750466


Tree=231
num_leaves=9
num_cat=0
split_feature=81 83 116 52 113 147 18 97
split_gain=1.65008 8.02673 6.64568 5.04017 12.1568 4.3344 5.60334 4.77218
threshold=133292.36000000002 3873.2450000000003 45741.250000000007 118596.87000000001 -624.49999999999989 -1305.0149999999996 15722.845000000003 70.500000000000014
decision_type=2 2 8 2 10 8 2 2
left_child=-1 -2 3 5 -5 6 -3 -8
right_child=1 2 -4 4 -6 -7 7 -9
leaf_value=0.0004418130978657963 -0.051647057290568163 0.07505917170761732 -0.045813892526163746 -0.0079380283210517769 0.21555682451469163 -0.04210601799801187 0.036538630888578172 -0.034164358808356166
leaf_weight=1642.1771561516925 19.999276673243003 7.8593761146075876 11.854782091928426 3.3468599225416256 2.3214643851224528 7.7995996107856618 10.700703971444456 10.805979738428503
leaf_count=131988 5718 1683 4133 4969 4046 911 4691 5145
internal_value=-5.43573e-05 -0.0109637 0.00391386 0.0176766 0.0835944 0.00762311 0.0208311 0.00101409
internal_weight=1716.87 74.688 54.6888 42.834 5.66832 37.1657 29.3661 21.5067
internal_count=163284 31296 25578 21445 9015 12430 11519 9836
is_linear=0
shrinkage=0.0750466


Tree=232
num_leaves=9
num_cat=0
split_feature=39 0 18 27 83 83 147 147
split_gain=1.67059 4.49437 1.98275 6.04573 7.48131 6.26984 5.75065 4.86174
threshold=313319.83000000002 22275446.000000004 18220.110000000004 1.5000000000000002 34076.275000000009 1.0000000180025095e-35 -140209.23499999996 -1305.0149999999996
decision_type=2 2 2 2 2 2 8 8
left_child=2 -2 -1 4 5 -4 -5 -8
right_child=1 -3 3 6 -6 -7 7 -9
leaf_value=-0.00072034921424433062 0.031674402031034526 -0.03533190412818029 0.02648652703806827 0.077217200585285334 0.064104132937289282 -0.028109398483218733 -0.0019950792390738782 -0.065790041706177582
leaf_weight=1476.6351984466237 7.6286622859843218 21.601121179430265 39.634987092576921 4.9140672663579608 19.472735436276707 16.897195028024726 122.95952932951877 7.1173557166403034
leaf_count=73282 3129 7914 4509 3350 2961 3207 63187 1745
internal_value=-5.60774e-05 -0.017844 0.000252009 0.00705697 0.0239867 0.0101681 -0.00247509 -0.00548572
internal_weight=1716.86 29.2298 1687.63 210.996 76.0049 56.5322 134.991 130.077
internal_count=163284 11043 152241 78959 10677 7716 68282 64932
is_linear=0
shrinkage=0.0750466


Tree=233
num_leaves=9
num_cat=0
split_feature=135 140 9 6 23 137 6 10
split_gain=1.82763 6.03887 4.00459 2.98147 4.22059 5.04685 1.99454 5.98389
threshold=-348.99999999999994 552.33500000000015 1786.0550000000001 289.50000000000006 1.5000000000000002 1316.4200000000003 227.50000000000003 -1.0000000180025095e-35
decision_type=10 10 2 2 2 10 2 2
left_child=3 -2 -3 6 -5 -6 -1 -8
right_child=1 2 -4 4 5 -7 7 -9
leaf_value=0.00054719633073158048 0.0081035367934518508 -0.050684563725270977 -0.0048593990241655094 -0.0059639635507279876 0.059040315022954724 0.0045446300766956976 0.0092855369929959776 -0.028262503807636681
leaf_weight=1463.4734942659397 47.54056698414206 24.4631319264372 19.145922275358316 28.162029940380307 19.511014139730833 18.786725939384269 45.087934506846068 50.877409023905784
leaf_count=130287 2246 5362 3276 3811 477 4502 10259 3064
internal_value=-5.63678e-05 -0.0103971 -0.0305657 0.000523346 0.0160903 0.0323078 -0.000140082 -0.0106211
internal_weight=1717.05 91.1496 43.6091 1625.9 66.4598 38.2977 1559.44 95.9653
internal_count=163284 10884 8638 152400 8790 4979 143610 13323
is_linear=0
shrinkage=0.0750466


Tree=234
num_leaves=9
num_cat=0
split_feature=135 64 134 8 9 138 8 30
split_gain=1.68003 1.85562 4.16817 3.11147 7.11946 2.60974 2.16883 3.59503
threshold=-136.99999999999997 25194.515000000003 93605.400000000009 29166.560000000001 2120.0400000000004 44059.625000000007 -8804.7999999999975 3.5000000000000004
decision_type=10 2 8 2 2 8 2 2
left_child=1 6 -3 4 5 -4 -1 -8
right_child=-2 2 3 -5 -6 -7 7 -9
leaf_value=0.011472862957951815 -0.018634357974413214 0.033683631659000575 -0.053066178895368382 -0.048994199190856562 0.046745675857757379 0.0060596384352551314 0.00075577462051544856 -0.01738659990923476
leaf_weight=98.730497933240258 26.979511330409878 8.7935679696784046 12.907587116969809 16.275745440834726 9.1249839322808821 6.2354979439151093 1473.6508622792535 64.193830297968816
leaf_count=14290 2162 2493 4579 8585 2742 2699 106000 19734
internal_value=-5.48809e-05 0.000241741 -0.0135334 -0.0228547 -0.00780449 -0.0338071 0.000690684 -1.53756e-06
internal_weight=1716.89 1689.91 53.3374 44.5438 28.2681 19.1431 1636.58 1537.84
internal_count=163284 161122 21098 18605 10020 7278 140024 125734
is_linear=0
shrinkage=0.0750466


Tree=235
num_leaves=9
num_cat=0
split_feature=153 147 112 112 147 135 5 107
split_gain=1.60345 4.15685 8.4028 5.95598 5.36423 5.26267 8.49315 5.39194
threshold=475.06500000000005 -9242.2649999999976 95013.000000000015 95013.000000000015 -21440.649999999998 -1749.9999999999998 44.500000000000007 12.500000000000002
decision_type=8 8 10 10 10 10 2 2
left_child=1 2 -1 5 -4 6 -3 -7
right_child=-2 3 4 -5 -6 7 -8 -9
leaf_value=-0.012013313677373377 -0.0022012202621519545 0.00075108703071554664 0.014134094905469621 -0.0056325532848649617 0.066557919651034678 -0.011616470443595775 0.043912861825361679 0.011383758765171319
leaf_weight=28.797856529796263 914.73456990029445 51.793200174884987 22.163642467981845 390.18172131788015 21.810733435457223 98.411007000133395 50.91923794367176 137.76170817296224
leaf_count=2239 127354 2519 2824 16441 1758 1008 2105 7036
internal_value=-5.37705e-05 0.00239603 0.019499 0.000688893 0.0401356 0.00796721 0.0221483 0.00179977
internal_weight=1716.57 801.839 72.7722 729.067 43.9744 338.885 102.712 236.173
internal_count=163284 35930 6821 29109 4582 12668 4624 8044
is_linear=0
shrinkage=0.0750466


Tree=236
num_leaves=9
num_cat=0
split_feature=22 16 10 52 52 22 113 20
split_gain=1.67917 4.88643 3.50811 3.30168 4.01474 12.8733 3.67337 6.50471
threshold=319.2050000000001 -7736.8999999999987 1875.5950000000003 65522.015000000007 132262.69000000003 6061.1650000000009 -562.99999999999989 6276.0250000000005
decision_type=2 2 2 2 2 2 10 2
left_child=-1 -2 3 -3 -5 -6 -7 -8
right_child=1 2 -4 4 5 6 7 -9
leaf_value=0.0018085118104500639 -0.042230555576482455 -0.0014256424211651791 0.030294590936628743 -0.040057222728722162 0.21154026005647542 -0.042665896491610539 0.13507536420162158 -0.044316245299384674
leaf_weight=1053.479708190298 17.422082353590667 584.54862989882167 18.455810925908736 27.65156602456409 1.5682271522382496 9.2136634707112517 2.1392468170051862 2.4331433254374133
leaf_count=39651 4117 63701 4542 27871 1209 14149 3411 4633
internal_value=-5.39568e-05 -0.00301141 -0.00195372 -0.00290212 -0.0229708 0.00780015 -0.0153762 0.0396142
internal_weight=1716.91 663.432 646.01 627.554 43.0058 15.3543 13.7861 4.57239
internal_count=163284 123633 119516 114974 51273 23402 22193 8044
is_linear=0
shrinkage=0.0750466


Tree=237
num_leaves=9
num_cat=0
split_feature=7 8 147 7 9 9 80 8
split_gain=1.49032 5.1901 8.53139 4.98112 3.23873 3.1105 4.5169 4.81556
threshold=278.72500000000008 1349.8850000000002 -58981.204999999994 1261.8700000000001 1.0000000180025095e-35 655.8850000000001 3.5000000000000004 2732.7600000000007
decision_type=2 2 10 2 2 2 2 2
left_child=5 2 -2 -4 -3 6 -1 -8
right_child=1 4 3 -5 -6 -7 7 -9
leaf_value=-0.0029551965244831706 -0.014005672527771188 0.019246105203819766 0.014442273750783323 0.056991924555374475 -0.00089167831864781953 -0.015182460387290793 0.052590305945406236 -0.0083966205348488185
leaf_weight=326.10403490986209 30.737490939005511 46.866349128176807 33.173944372912956 29.076468117767945 1117.1324258741461 103.23758097865539 17.67735557683773 12.411453851667828
leaf_count=22770 2037 2145 4094 2151 98773 25387 3822 2105
internal_value=-5.47973e-05 0.00128212 0.0183436 0.0343167 -8.08661e-05 -0.00371255 -0.000388156 0.0274336
internal_weight=1716.42 1256.99 92.9879 62.2504 1164 459.43 356.193 30.0888
internal_count=163284 109200 8282 6245 100918 54084 28697 5927
is_linear=0
shrinkage=0.0750466


Tree=238
num_leaves=9
num_cat=0
split_feature=33 33 7 113 151 138 85 138
split_gain=1.47699 3.58377 1.83656 5.63263 8.49391 9.90016 2.18979 3.7029
threshold=175039.38000000003 453889.19500000007 5005.1550000000016 -593.49999999999989 7.5000000000000009 10376.35 39354.150000000009 44059.625000000007
decision_type=2 2 2 8 8 8 2 10
left_child=2 -2 6 4 5 -4 -1 -8
right_child=1 -3 3 -5 -6 -7 7 -9
leaf_value=0.00010440998541502154 -0.035845626876207543 0.02691771502975453 0.12393772657378628 -0.0023784426325100302 -0.00039334958943290454 0.014291419301018248 -0.0076673898161283734 -0.065104196945848375
leaf_weight=1511.0580822948341 18.094949125439602 7.1477180020774531 9.3139539170006156 78.587101911380159 20.943656394811114 9.2377154131245351 54.911583351469744 7.1439806941125417
leaf_count=109332 7206 2402 1528 9225 4466 3052 19830 6243
internal_value=-5.43972e-05 -0.0180735 0.000214555 0.00924115 0.0323616 0.0693399 -0.000463007 -0.0142796
internal_weight=1716.44 25.2427 1691.2 118.082 39.4953 18.5517 1573.11 62.0556
internal_count=163284 9608 153676 18271 9046 4580 135405 26073
is_linear=0
shrinkage=0.0750466


Tree=239
num_leaves=9
num_cat=0
split_feature=107 16 16 135 23 11 107 125
split_gain=1.52414 9.18212 5.13378 4.50678 3.95608 4.04382 4.14114 4.70762
threshold=12.500000000000002 -4047.3549999999991 -2764.8049999999994 -1110.4999999999998 1.5000000000000002 52.845000000000006 91.500000000000014 -18219.769999999993
decision_type=2 2 2 8 2 2 2 10
left_child=2 4 -1 -4 5 -2 -7 -8
right_child=1 -3 3 -5 -6 6 7 -9
leaf_value=0.0095176840951361769 -0.023384771143824468 0.0014585638975278708 0.0050939922890985137 -0.013883624583471693 -0.030346059621712804 0.014267097061067786 -0.057226488035817813 0.025746646176600486
leaf_weight=318.77096667257138 55.500098066428109 918.55325590618122 141.10876443673624 140.79763840325177 72.397357085956173 52.259483146175626 11.080823451287872 5.9025602485562549
leaf_count=2652 2428 134462 2796 2073 7904 2991 4571 3407
internal_value=-5.45515e-05 -0.00169546 0.00299327 -0.00438434 -0.0163913 -0.00829234 0.00380466 -0.0283892
internal_weight=1716.37 1115.69 600.677 281.906 197.14 124.743 69.2429 16.9834
internal_count=163284 155763 7521 4869 21301 13397 10969 7978
is_linear=0
shrinkage=0.0750466


Tree=240
num_leaves=9
num_cat=0
split_feature=10 125 97 141 30 18 95 141
split_gain=1.40521 7.98399 2.69755 3.72397 7.67883 2.37671 4.84339 4.72544
threshold=-3005.3049999999998 -1.0000000180025095e-35 3.5000000000000004 0.79500000000000015 5.5000000000000009 1949.6600000000001 1.5000000000000002 7.3550000000000013
decision_type=2 10 2 10 2 2 2 10
left_child=1 2 -1 -4 -5 -2 7 -7
right_child=5 -3 3 4 -6 6 -8 -9
leaf_value=0.0064775789258646518 -0.0017680652658028514 0.066603422924597602 -0.038819068311691594 -0.030721603042806495 0.077881290450079244 0.0033864679894099942 0.024206307998825699 -0.031233817142238881
leaf_weight=20.29159105711733 1028.9769325818997 7.0634982253650369 37.395712228832053 11.61341910806914 5.3585292649786416 520.7018100192181 61.028930564280017 23.19361924468285
leaf_count=2950 24818 1593 13205 5852 2992 96169 7492 8213
internal_value=-5.38145e-05 -0.00965737 -0.0168724 -0.0255873 0.00356743 0.000426526 0.00415953 0.00191014
internal_weight=1715.62 81.7227 74.6593 54.3677 16.9719 1633.9 604.924 543.895
internal_count=163284 26592 24999 22049 8844 136692 111874 104382
is_linear=0
shrinkage=0.0750466


Tree=241
num_leaves=9
num_cat=0
split_feature=22 151 71 11 107 153 84 153
split_gain=1.71025 4.20036 2.29934 2.20052 5.64044 11.1356 6.69977 9.15843
threshold=305328.60000000003 7.5000000000000009 1.0000000180025095e-35 1958.5550000000001 38.500000000000007 651.0150000000001 1.0000000180025095e-35 7043.8650000000007
decision_type=2 10 2 2 2 8 2 8
left_child=3 2 -2 -1 -5 -6 -7 -8
right_child=1 -3 -4 4 5 6 7 -9
leaf_value=-0.00014570840537715869 0.016793621121993462 -0.06546530067435985 -0.022068031758189163 -0.026326098229843522 0.086685378206703398 -0.038336045586310298 -0.020640110154883592 0.12391618165424571
leaf_weight=1625.8797323340077 16.139755518313905 7.6087975689970326 18.294046678871382 12.874581778800346 13.052093185317061 12.085599768410249 5.4536399133885398 4.5093121270001584
leaf_count=124334 9130 9181 3189 873 3129 6064 4439 2945
internal_value=-5.379e-05 -0.0150034 -0.00385286 0.000321702 0.0161622 0.0317466 -0.000775611 0.0447872
internal_weight=1715.9 42.0426 34.4338 1673.85 47.9752 35.1006 22.0486 9.96295
internal_count=163284 21500 12319 141784 17450 16577 13448 7384
is_linear=0
shrinkage=0.0750466


Tree=242
num_leaves=9
num_cat=0
split_feature=22 107 81 10 115 58 10 80
split_gain=1.65134 5.30207 5.25925 6.45423 5.69315 6.72549 5.04507 4.75054
threshold=319.2050000000001 38.500000000000007 29325.005000000001 1875.5950000000003 1.0000000180025095e-35 10950.740000000002 39.975000000000001 2.5000000000000004
decision_type=2 2 2 2 10 2 2 2
left_child=-1 -2 4 7 5 -3 -6 -4
right_child=1 2 3 -5 6 -7 -8 -9
leaf_value=0.0017927840443102924 -0.010254618171191564 0.014364590873996127 -0.026663055025759524 0.058801085019819899 -0.021924427572499534 0.068527810410894591 0.040854969558483611 -0.00014676041968043492
leaf_weight=1052.8152460583078 305.24014929993427 116.98943833476187 57.131696241942336 8.2900541948220035 38.184276670899635 14.513242000932221 8.8872711087460612 113.94281691045944
leaf_count=39651 12525 23553 23700 3114 13757 4570 2808 39606
internal_value=-5.49114e-05 -0.00298818 0.00320843 -0.00586829 0.0123253 0.0203423 -0.0100715 -0.00900209
internal_weight=1715.99 663.179 357.939 179.365 178.574 131.503 47.0715 171.075
internal_count=163284 123633 111108 66420 44688 28123 16565 63306
is_linear=0
shrinkage=0.0750466


Tree=243
num_leaves=9
num_cat=0
split_feature=8 138 12 58 58 55 118 138
split_gain=1.45917 3.71558 3.87267 5.75133 3.06558 2.20792 5.32688 11.1926
threshold=-8804.7999999999975 36105.985000000008 6.5000000000000009 7936.6050000000005 232.54500000000004 1.5000000000000002 603.7750000000002 29617.135000000006
decision_type=2 10 2 2 2 2 10 8
left_child=1 4 -3 -4 -1 -2 -7 -8
right_child=5 2 3 -5 -6 6 7 -9
leaf_value=0.007358650721157314 0.00012221746091849539 -0.051397792064713656 -0.030985208274885417 0.039668040176407258 0.04080031856785394 -0.018406835224125815 0.080812475743994694 -0.04380922086588801
leaf_weight=45.374858988307096 1505.7542132650833 9.7601857303525303 13.083953765928529 12.873048131443282 23.399773845838354 88.82147706068281 9.5583251235693734 7.0545331650446341
leaf_count=3676 109715 1161 4467 4101 3238 26562 4239 6125
internal_value=-5.55529e-05 0.0085385 -0.0110986 0.00405438 0.0187368 -0.000612911 -0.0111116 0.0278928
internal_weight=1715.68 104.492 35.7172 25.957 68.7746 1611.19 105.434 16.6129
internal_count=163284 16643 9729 8568 6914 146641 36926 10364
is_linear=0
shrinkage=0.0750466


Tree=244
num_leaves=9
num_cat=0
split_feature=39 81 7 81 63 131 81 135
split_gain=1.6354 3.71655 5.81755 1.73234 4.88362 7.28518 10.7756 8.53799
threshold=351900.43000000005 8797.7650000000012 2825.8100000000004 15997.960000000001 1.0000000180025095e-35 1378.2750000000003 120485.42000000003 -1048.9999999999998
decision_type=2 2 2 2 2 8 2 8
left_child=3 -2 -3 -1 -5 -6 7 -7
right_child=1 2 -4 4 5 6 -8 -9
leaf_value=0.001608245759106613 -0.042946273363058847 -0.046674302260864907 0.059653629356755056 -0.010377563021637719 -0.0034182453648381687 0.010993033960104176 -0.021983801410047195 0.093333337172979314
leaf_weight=1274.1018550519129 15.175755772104823 5.1438493258301587 6.63781216485404 256.29345868308337 115.44261204932991 12.246435307120917 13.727364041635154 16.852066802790436
leaf_count=64366 3665 2831 3690 38131 36888 3862 6609 3242
internal_value=-5.56046e-05 -0.0183941 0.0132311 0.000237147 -0.00397675 0.00638848 0.0328237 0.0586795
internal_weight=1715.62 26.9574 11.7817 1688.66 414.562 158.268 42.8259 29.0985
internal_count=163284 10186 6521 153098 88732 50601 13713 7104
is_linear=0
shrinkage=0.0750466


Tree=245
num_leaves=9
num_cat=0
split_feature=24 0 127 127 127 24 134 98
split_gain=1.33139 4.81203 3.85342 4.92692 3.71519 6.37909 4.32341 4.18526
threshold=1.0000000180025095e-35 59645539.500000007 753.50000000000011 444.50000000000006 3655.5000000000005 8.5000000000000018 529449.63500000013 1.0000000180025095e-35
decision_type=2 2 10 8 10 2 10 2
left_child=-1 4 3 -3 5 7 -7 -2
right_child=1 2 -4 -5 -6 6 -8 -9
leaf_value=-0.0012529211897877373 0.020061911911059528 -0.033871549591369204 -0.057935524038556001 0.017622371475435883 -0.0089806596091235313 -0.003433947989248334 -0.07586307836681068 -0.016134937313638662
leaf_weight=1292.0911196921315 200.83945769234015 20.358212852355791 10.661719713738419 21.53336445446439 69.841629644821296 75.142445411709559 4.9471109664791575 19.760560060960415
leaf_count=48497 34884 4716 2905 3795 28617 33061 3678 3131
internal_value=-5.64665e-05 0.00359748 -0.0176542 -0.00740233 0.00661166 0.0102333 -0.00790788 0.0168195
internal_weight=1715.18 423.085 52.5533 41.8916 370.531 300.69 80.0896 220.6
internal_count=163284 114787 11416 8511 103371 74754 36739 38015
is_linear=0
shrinkage=0.0750466


Tree=246
num_leaves=9
num_cat=0
split_feature=60 11 7 11 140 108 9 140
split_gain=1.39724 2.72476 4.27286 9.69176 3.29797 2.19582 1.87668 5.91009
threshold=1079.3350000000003 180.44000000000003 132.94500000000002 823.92000000000019 8303.6200000000008 1.0000000180025095e-35 3165.5400000000004 5236.5900000000011
decision_type=2 2 2 2 8 2 2 8
left_child=5 -2 -3 -4 -5 6 -1 -8
right_child=1 2 3 4 -6 -7 7 -9
leaf_value=-0.00059525075207289807 -0.034015819310686389 -0.03851675331766629 0.050351669227622839 0.024492028627853244 -0.059176553268349169 0.019084202702151165 0.044316297093007037 -0.0022409562163052316
leaf_weight=1545.1785427423547 19.877444982013913 11.916023168318132 17.793859060668186 3.7293764125643047 9.1953701037509727 34.538660270161927 21.921539914781533 51.272866215256727
leaf_count=130062 1876 4807 3532 1614 6213 3986 1873 9321
internal_value=-5.59737e-05 -0.0110694 -0.000371208 0.0144258 -0.0350344 0.000360549 -3.90438e-05 0.0117028
internal_weight=1715.42 62.5121 42.6346 30.7186 12.9247 1652.91 1618.37 73.1944
internal_count=163284 18042 16166 11359 7827 145242 141256 11194
is_linear=0
shrinkage=0.0750466


Tree=247
num_leaves=9
num_cat=0
split_feature=39 6 74 5 50 5 5 5
split_gain=1.42934 2.78636 2.01108 5.67674 1.95073 4.52233 2.80194 1.88459
threshold=313319.83000000002 94.500000000000014 1397.7000000000003 57.500000000000007 1.0000000180025095e-35 67.500000000000014 44.500000000000007 67.500000000000014
decision_type=2 2 2 2 2 2 2 2
left_child=4 -2 3 -3 7 6 -6 -1
right_child=1 2 -4 -5 5 -7 -8 -9
leaf_value=0.0013883722369899987 -0.051857688915972769 -0.076118889308018356 0.023220439703189304 0.036563290676474958 0.0015234606783425496 0.026349757651989984 -0.060807612714045507 -0.0070856028772427323
leaf_weight=1495.9800970393517 8.7891532968569681 5.497963778201667 9.7488028147999994 4.6455350321302831 6.0253969180394114 8.241244051825559 12.463236213345224 164.01525908302574
leaf_count=133467 2357 3675 3298 1713 2068 2287 5334 9085
internal_value=-5.52357e-05 -0.0166678 -0.0011196 -0.0245125 0.000227248 -0.0198851 -0.0404941 0.000551104
internal_weight=1715.41 28.6815 19.8923 10.1435 1686.73 26.7299 18.4886 1660
internal_count=163284 11043 8686 5388 152241 9689 7402 142552
is_linear=0
shrinkage=0.0750466


Tree=248
num_leaves=9
num_cat=0
split_feature=63 57 112 112 146 9 112 112
split_gain=1.54379 4.5635 6.01398 3.05265 1.37289 5.22975 2.54022 4.26466
threshold=8.5000000000000018 3.5000000000000004 139352.40000000002 278704.80000000005 1.0000000180025095e-35 2120.0400000000004 933800.96000000008 228031.20000000004
decision_type=2 2 10 8 10 2 10 10
left_child=4 2 -2 -4 6 -6 7 -1
right_child=1 -3 3 -5 5 -7 -8 -9
leaf_value=0.00041394998941807513 -0.0050859190348093953 -0.038147876862157586 0.12484941086727729 0.037705032279636001 -0.0038114605437387867 0.033089182729912237 0.014071489883552162 -0.0098437788241918268
leaf_weight=1251.7672135425728 9.3139632138409123 5.9957312569895285 4.4787630493501611 4.5779679161132671 65.954957480829762 32.18716974407107 61.725235086923931 279.1766262734136
leaf_count=92705 2531 4202 1808 2711 8324 3874 11361 35768
internal_value=-5.36776e-05 0.0187015 0.0372557 0.0807999 -0.00032396 0.00829065 -0.000854803 -0.00145661
internal_weight=1715.18 24.3664 18.3707 9.05673 1690.81 98.1421 1592.67 1530.94
internal_count=163284 11252 7050 4519 152032 12198 139834 128473
is_linear=0
shrinkage=0.0750466


Tree=249
num_leaves=9
num_cat=0
split_feature=73 134 73 128 83 83 83 95
split_gain=1.59558 6.56284 5.1286 3.91249 6.02314 4.58699 4.85121 7.01289
threshold=9.5000000000000018 57007.80000000001 6.5000000000000009 603.7750000000002 3873.2450000000003 47319.67500000001 2582.5950000000007 1.5000000000000002
decision_type=2 10 2 8 2 2 2 2
left_child=2 -2 -1 4 -3 6 -5 -8
right_child=1 3 -4 5 -6 -7 7 -9
leaf_value=-0.00094420735099360156 -0.047158499340253721 -0.063525943515001654 0.01185267060385922 -0.0027006758454605701 0.0065700487744262638 -0.024112136746652454 0.015176957486158134 0.092707472314037656
leaf_weight=1313.2353391124216 19.990589152213943 13.535726821511163 203.74664007415595 74.335628398381232 14.09128863744081 28.582926801069334 39.849977676718481 7.8680560898355898
leaf_count=71929 2774 3028 32339 14912 5954 14401 16443 1504
internal_value=-5.29158e-05 -0.00638442 0.000774548 -0.00181199 -0.0277732 0.00294933 0.00928667 0.0279607
internal_weight=1715.24 198.254 1516.98 178.264 27.627 150.637 122.054 47.718
internal_count=163284 59016 104268 56242 8982 47260 32859 17947
is_linear=0
shrinkage=0.0750466


Tree=250
num_leaves=9
num_cat=0
split_feature=82 137 85 115 97 82 83 83
split_gain=1.56189 6.21128 5.76053 4.02953 3.05304 2.74367 5.91599 7.80652
threshold=6.5000000000000009 60464.195000000007 2404.6500000000005 6092.5500000000011 116.50000000000001 4.5000000000000009 78894.220000000016 37776.215000000004
decision_type=2 8 2 10 2 2 2 2
left_child=5 3 -3 4 -2 -1 7 -7
right_child=1 2 -4 -5 -6 6 -8 -9
leaf_value=-0.00015473950384052999 -0.052870464471404033 -0.017494120446318536 0.077636746796711176 0.020413081114042036 0.0013604730210100462 0.0039219751146990769 -0.026782034626944267 0.077610779052544834
leaf_weight=1616.2330396015095 24.158845152318467 7.2235611184114514 7.1169641408614552 7.8064699512106008 7.7131871284800573 19.284194656240288 11.909709663714237 13.956954943274466
leaf_count=127401 8357 2670 3342 4322 2879 5701 4140 4472
internal_value=-5.3336e-05 -0.0126117 0.0297177 -0.0279104 -0.0397463 0.000354994 0.0186016 0.0348617
internal_weight=1715.4 54.019 14.3405 39.6785 31.872 1661.38 45.1509 33.2411
internal_count=163284 21570 6012 15558 11236 141714 14313 10173
is_linear=0
shrinkage=0.0750466


Tree=251
num_leaves=9
num_cat=0
split_feature=64 17 127 145 141 64 64 127
split_gain=1.70127 4.59558 3.01357 4.74023 3.01916 2.50263 2.96242 3.57632
threshold=13076.395000000002 3.5000000000000004 4553.5000000000009 5.5000000000000009 1.0000000180025095e-35 22002.650000000005 61845.390000000007 3655.5000000000005
decision_type=2 2 10 8 10 2 2 8
left_child=-1 2 4 -4 5 -2 7 -7
right_child=1 -3 3 -5 -6 6 -8 -9
leaf_value=0.00051182462807616456 -0.035632086943643067 0.037971717310368094 0.053368039784704495 -0.036406401001589844 -0.051632733385857901 -0.0074364182279302955 -0.037341087668973372 0.053426707599935813
leaf_weight=1622.5547012250227 19.079235777262511 10.057337962622112 8.0515229907723516 5.6278787103110526 15.221688990454821 17.324718431740624 9.5839289665873348 7.9244766706669898
leaf_count=128691 5710 2203 4246 3124 7878 6138 3352 1942
internal_value=-5.35954e-05 -0.0099321 -0.0157498 0.0164337 -0.0221179 -0.0137846 -0.00181808 0.0116655
internal_weight=1715.43 92.8708 82.8135 13.6794 69.134 53.9124 34.8331 25.2492
internal_count=163284 34593 32390 7370 25020 17142 11432 8080
is_linear=0
shrinkage=0.0750466


Tree=252
num_leaves=9
num_cat=0
split_feature=33 32 115 96 138 112 49 25
split_gain=1.33011 6.24827 4.05033 1.35159 4.14116 5.77662 4.07599 4.17674
threshold=175039.38000000003 10.500000000000002 1.0000000180025095e-35 1.0000000180025095e-35 1513.9350000000002 95013.000000000015 1.0000000180025095e-35 1.0000000180025095e-35
decision_type=2 2 8 2 8 8 2 2
left_child=3 2 -2 -1 5 -5 7 -6
right_child=1 -3 -4 4 6 -7 -8 -9
leaf_value=-0.0020812692122327298 0.012490205137453806 0.033451678662024711 -0.069747593829557086 0.027045514650208435 -0.0039407624592166339 0.0028077632726770832 -0.018699517036740252 0.0092815624187420794
leaf_weight=783.72876730781536 4.814643722025723 8.8300866379995551 11.264157530778904 79.232976646962925 363.45932588143842 183.95431760329666 66.253899996248947 213.63640535185732
leaf_count=40227 3099 1286 5223 3566 22658 7726 13570 65929
internal_value=-5.26055e-05 -0.0172682 -0.0451223 0.000201094 0.00217427 0.0101046 -0.00106994 0.000954041
internal_weight=1715.17 24.9089 16.0788 1690.27 906.537 263.187 643.35 577.096
internal_count=163284 9608 8322 153676 113449 11292 102157 88587
is_linear=0
shrinkage=0.0750466


Tree=253
num_leaves=9
num_cat=0
split_feature=135 60 135 8 30 30 30 99
split_gain=1.44034 1.57849 3.54897 2.97978 5.62438 2.81353 5.48077 2.58343
threshold=-136.99999999999997 1079.3350000000003 -440.49999999999994 1349.8850000000002 3.5000000000000004 5.5000000000000009 10.500000000000002 2.5000000000000004
decision_type=10 2 8 2 2 2 2 2
left_child=1 7 3 -3 -5 -6 -7 -1
right_child=-2 2 -4 4 5 6 -8 -9
leaf_value=0.00026723045196061631 -0.017380812913038925 -0.035277829998855391 -0.054716164599429865 0.03510958364758051 -0.064266800259769691 0.039622671430007472 -0.053508137107971532 0.022962049804365184
leaf_weight=1598.0796424086984 26.594929986000352 12.980637461274453 9.1401074240311555 19.35526796510203 6.0550236742801671 7.7309088661186234 6.5948095655694488 28.75750946921471
leaf_count=142466 2162 3548 2369 4049 1989 2908 3041 752
internal_value=-5.19057e-05 0.000221004 -0.0115457 -0.00406071 0.00613705 -0.0213777 -0.00324987 0.000668406
internal_weight=1715.29 1688.69 61.8568 52.7166 39.736 20.3807 14.3257 1626.84
internal_count=163284 161122 17904 15535 11987 7938 5949 143218
is_linear=0
shrinkage=0.0750466


Tree=254
num_leaves=9
num_cat=0
split_feature=22 18 82 116 22 138 11 139
split_gain=1.49112 6.34458 10.6236 8.29084 12.9122 6.6446 4.44295 4.29233
threshold=319.2050000000001 4482.5900000000011 1.0000000180025095e-35 7648.8500000000013 -1525.53 8664.0150000000012 52.845000000000006 2393.6150000000002
decision_type=2 2 2 8 2 8 2 8
left_child=1 -1 5 4 -4 -3 -2 -8
right_child=6 2 3 -5 -6 -7 7 -9
leaf_value=0.00010160021020324168 -0.015765259032859278 0.030123270778777793 0.021961954469900159 0.004015949415239208 0.13314144743340489 -0.033665075134957152 -0.0020497168762059616 0.021082185268443465
leaf_weight=978.97476734850352 122.17064943697187 16.5329905121107 11.625642458806395 13.253958478144339 11.910569981606388 20.727306412649341 489.89630971461429 49.768166031240071
leaf_count=26143 6658 1364 3138 3146 1635 4225 110146 6829
internal_value=-5.06945e-05 0.00170371 0.0228841 0.0514904 0.0782247 -0.00536116 -0.00284207 8.35203e-05
internal_weight=1714.86 1053.03 74.0505 36.7902 23.5362 37.2603 661.835 539.664
internal_count=163284 39651 13508 7919 4773 5589 123633 116975
is_linear=0
shrinkage=0.0750466


Tree=255
num_leaves=9
num_cat=0
split_feature=82 153 6 140 138 116 57 6
split_gain=1.43281 6.11715 6.20058 2.96545 4.30523 5.83797 2.25231 4.79629
threshold=6.5000000000000009 9905.9850000000024 135.50000000000003 1.0000000180025095e-35 26813.160000000003 1.0000000180025095e-35 6.5000000000000009 131.50000000000003
decision_type=2 8 2 10 10 10 2 2
left_child=6 3 -3 -2 5 -5 -1 -8
right_child=1 2 -4 4 -6 -7 7 -9
leaf_value=-0.00011810322995423104 -0.062927739459024648 -0.01481728423164109 0.084673903360454814 -0.024354880389934365 -0.050405277422175335 0.065713715532949385 0.051195884204941568 -0.00097241693345337409
leaf_weight=1617.4911524677782 9.8993810531046602 7.8335467252854851 6.4187758536600086 11.240032253150281 11.849958602520926 6.3386136235312724 15.198774444768786 28.607767091662936
leaf_count=128299 2200 2422 2753 3605 7951 2639 3406 10009
internal_value=-5.29285e-05 -0.0121319 0.0299903 -0.0273968 -0.0154447 0.00812259 0.000336644 0.0171275
internal_weight=1714.88 53.5803 14.2523 39.328 29.4286 17.5786 1661.3 43.8065
internal_count=163284 21570 5175 16395 14195 6244 141714 13415
is_linear=0
shrinkage=0.0750466


Tree=256
num_leaves=9
num_cat=0
split_feature=8 7 149 147 123 142 113 97
split_gain=1.40767 8.38495 12.1388 4.81859 4.31695 4.16465 7.23281 7.66921
threshold=9683.5850000000009 1261.8700000000001 942.50000000000011 -34380.424999999996 19.500000000000004 588362.69500000007 -562.99999999999989 7.5000000000000009
decision_type=2 2 10 10 10 10 10 2
left_child=1 -1 -3 -4 5 -2 7 -7
right_child=4 2 3 -5 -6 6 -8 -9
leaf_value=-0.0036708892164918293 -0.0028287888613643432 -0.0049006658145580913 0.0093249464961899214 0.033899471964477304 -0.030538315437689725 0.0045490641614413952 -0.012124622448272908 0.072119345791361589
leaf_weight=545.56310449703597 742.84702842154911 144.22070449552666 74.905261406485806 112.32398891935009 29.324693583914268 18.96753702677961 27.878768595881411 18.873519003116598
leaf_count=60700 72062 3055 3180 4447 4608 1269 7363 6600
internal_value=-5.29132e-05 0.0020487 0.0114631 0.0240679 -0.00225265 -0.0012268 0.0168809 0.0382503
internal_weight=1714.9 877.013 331.45 187.229 837.892 808.567 65.7198 37.8411
internal_count=163284 71382 10682 7627 91902 87294 15232 7869
is_linear=0
shrinkage=0.0750466


Tree=257
num_leaves=9
num_cat=0
split_feature=8 127 0 151 9 9 149 5
split_gain=1.39223 7.27796 6.02623 5.78894 4.50368 5.95681 4.97606 2.94804
threshold=-1.0000000180025095e-35 3893.5000000000005 47919824.000000007 1.0000000180025095e-35 511.12500000000006 1656.3400000000004 1894.5000000000002 38.500000000000007
decision_type=2 10 2 8 2 2 10 2
left_child=1 2 3 -1 -5 6 -6 -4
right_child=-2 -3 7 4 5 -7 -8 -9
leaf_value=-0.017991399291558574 -0.00093166363041087108 -0.034182289504493688 0.0066021313075289179 0.042510037520189864 -0.063711513050212776 0.029725412477233291 0.011493690843989107 -0.020219115291308251
leaf_weight=19.354142598269391 1467.5574258869137 23.925050929557983 52.832919036374733 52.16973465080082 8.6715182238895085 37.762062236846759 11.561671565572395 40.983929655400061
leaf_count=1641 130000 5746 7281 5480 1527 3918 3925 3766
internal_value=-5.3941e-05 0.00515557 0.00936967 0.0198614 0.0265115 0.01212 -0.0207377 -0.00511474
internal_weight=1714.82 247.261 223.336 129.519 110.165 57.9953 20.2332 93.8168
internal_count=163284 33284 27538 16491 14850 9370 5452 11047
is_linear=0
shrinkage=0.0750466


Tree=258
num_leaves=9
num_cat=0
split_feature=113 7 120 4 111 20 113 20
split_gain=1.3432 2.30451 2.27593 1.64281 1.85593 1.59364 9.78923 2.88906
threshold=-2054.4999999999995 2050.3150000000005 182988.00000000003 1.5000000000000002 1.0000000180025095e-35 109749.33500000001 -409.99999999999994 48105.080000000009
decision_type=8 2 10 2 10 2 10 2
left_child=1 2 -1 4 5 7 -7 -2
right_child=3 -3 -4 -5 -6 6 -8 -9
leaf_value=-0.004191368181404434 0.00029290301342429348 0.013020073989577443 -0.033226031507899635 -0.013534153214418672 0.015017856854297129 -0.030878283938153717 0.060159159275713636 0.023542563474824113
leaf_weight=35.874230957768305 1462.3042882666059 19.580915810882288 26.390384419406473 46.196333043058985 50.229351700036204 35.423239062098219 8.1903712889834406 30.733955533612971
leaf_count=4874 122661 3036 4073 2140 390 13846 3422 8842
internal_value=-5.38622e-05 -0.00943564 -0.0164975 0.000416328 0.000822446 0.000358433 -0.013782 0.000771494
internal_weight=1714.92 81.8455 62.2646 1633.08 1586.88 1536.65 43.6136 1493.04
internal_count=163284 11983 8947 151301 149161 148771 17268 131503
is_linear=0
shrinkage=0.0750466


Tree=259
num_leaves=9
num_cat=0
split_feature=72 74 153 140 112 80 153 140
split_gain=1.44969 4.93717 4.70909 1.88617 5.02585 3.27582 2.80948 6.068
threshold=2506.0200000000004 3171.9350000000004 3853.3050000000007 1.0000000180025095e-35 228031.20000000004 1.0000000180025095e-35 651.0150000000001 953.55500000000018
decision_type=2 2 8 8 10 2 8 8
left_child=3 -2 -3 4 5 -1 -5 -8
right_child=1 2 -4 6 -6 -7 7 -9
leaf_value=0.010114260539588062 -0.024384280248847551 0.027813934941145872 -0.019509936012948325 0.004962628974408744 -0.03130618089713761 -0.011147200745123407 -0.034019735096308415 -0.0003022723381442161
leaf_weight=80.537161225951422 53.823240488654847 29.065403108015744 19.985010550382867 675.12866764150385 36.960799750466322 82.743689366987383 31.400357019720104 704.5349727197563
leaf_count=3522 1828 2093 3638 33065 3431 8240 4782 102685
internal_value=-5.22655e-05 -0.00868953 0.00853238 0.00049918 -0.00631681 -0.000660131 0.00146643 -0.0017409
internal_weight=1714.18 102.874 49.0504 1611.31 200.242 163.281 1411.06 735.935
internal_count=163284 7559 5731 155725 15193 11762 140532 107467
is_linear=0
shrinkage=0.0750466


Tree=260
num_leaves=9
num_cat=0
split_feature=22 17 28 16 10 52 141 131
split_gain=1.40041 4.17009 9.50883 4.20058 4.22904 4.53993 4.61039 7.26896
threshold=6061.1650000000009 3.5000000000000004 1395.8750000000002 -7736.8999999999987 1023.9800000000001 73897.235000000015 3.0650000000000004 1.0000000180025095e-35
decision_type=2 2 2 2 2 2 10 10
left_child=-1 3 -3 -2 5 -5 -7 -8
right_child=1 2 -4 4 -6 6 7 -9
leaf_value=0.0011878544597178479 -0.051871566940454229 0.066493603754295513 -0.0093703170104432361 -0.0041001484563540158 0.032497007973943594 -0.047023409260788511 0.16167888255104856 -0.075121218470174167
leaf_weight=1285.2113119699952 10.983993130947054 15.013024279818636 24.47389123008179 335.07900718362362 16.386315805117192 23.962230124234342 1.5845946264889783 1.353843767071339
leaf_count=55779 3451 764 5158 51993 5335 34542 3256 3006
internal_value=-5.12419e-05 -0.00376478 0.0194733 -0.00612153 -0.0047934 -0.00648149 -0.0361438 0.0525766
internal_weight=1714.05 428.837 39.4869 389.35 378.366 361.98 26.9007 2.93844
internal_count=163284 107505 5922 101583 98132 92797 40804 6262
is_linear=0
shrinkage=0.0750466


Tree=261
num_leaves=9
num_cat=0
split_feature=73 133 73 141 8 73 131 104
split_gain=1.40917 4.69499 4.2014 4.61179 3.59868 5.29619 5.61627 4.54547
threshold=9.5000000000000018 inf 6.5000000000000009 1.5250000000000001 29166.560000000001 15.500000000000002 76.245000000000019 4164.1500000000005
decision_type=2 8 2 10 2 2 8 2
left_child=2 4 3 -1 -2 7 -7 -6
right_child=1 -3 -4 -5 5 6 -8 -9
leaf_value=0.0002169421939166833 0.0023968742490240273 -0.058085822057171707 0.010691955574365584 -0.019567248686740087 -0.049697486399142433 0.098590254917023695 -0.025203085853629108 0.010472725732617781
leaf_weight=1240.4877239197976 142.72578697910285 9.2944822272402217 205.82412398064298 70.108599366962153 27.300489317581196 3.8514397789222103 4.4474763473372159 9.5424827258066198
leaf_count=62425 37656 706 32339 9504 9363 1895 3003 6393
internal_value=-5.19633e-05 -0.00602036 0.000724037 -0.000841387 -0.0034445 -0.0219133 0.0322481 -0.0341132
internal_weight=1713.58 197.162 1516.42 1310.6 187.868 45.1419 8.29892 36.843
internal_count=163284 59016 104268 71929 58310 20654 4898 15756
is_linear=0
shrinkage=0.0750466


Tree=262
num_leaves=9
num_cat=0
split_feature=64 17 82 5 5 10 137 85
split_gain=1.53568 3.71507 3.34615 5.47036 7.11089 7.45096 8.43559 5.34394
threshold=13076.395000000002 3.5000000000000004 2.5000000000000004 36.500000000000007 44.500000000000007 -386.05499999999995 16998.050000000003 2404.6500000000005
decision_type=2 2 2 2 2 2 8 2
left_child=-1 2 -2 -4 7 6 -6 -5
right_child=1 -3 3 4 5 -7 -8 -9
leaf_value=0.00048363232916341095 -0.029268037190921452 0.032490152706600731 -0.056418819072911401 0.017124307309086258 0.13218599618667101 -0.06076476196528801 -0.013677488853264945 0.12134964696342464
leaf_weight=1621.3745758422883 43.056033621233837 10.521941416576736 7.4833190278823158 6.3409227685533569 3.2350586818065503 9.3343142421545053 7.2087895074982944 4.9206639437052218
leaf_count=128691 13554 2203 3274 2273 1313 2984 6147 2845
internal_value=-5.18352e-05 -0.00947837 -0.0148914 0.00117692 0.0150626 -0.0120419 0.0315048 0.0626648
internal_weight=1713.48 92.101 81.5791 38.5231 31.0397 19.7782 10.4438 11.2616
internal_count=163284 34593 32390 18836 15562 10444 7460 5118
is_linear=0
shrinkage=0.0750466


Tree=263
num_leaves=9
num_cat=0
split_feature=64 7 141 56 134 7 116 151
split_gain=1.35206 4.34928 4.35636 6.62803 3.59688 2.14932 1.54715 1.51617
threshold=25194.515000000003 421.61500000000007 1.0000000180025095e-35 2233.0500000000006 214834.95000000004 2050.3150000000005 1.0000000180025095e-35 1.0000000180025095e-35
decision_type=2 2 8 2 10 2 8 8
left_child=7 6 3 4 -3 -4 -2 -1
right_child=1 2 5 -5 -6 -7 -8 -9
leaf_value=-0.006003012866878839 -0.076262077550560123 0.091120372706024466 0.0095036305557758133 -0.039500582997711642 0.01433528698881336 -0.042480888286831685 -0.025066304639426291 0.0011365081305445214
leaf_weight=189.04631290119505 6.2152592385882581 7.1675104423702596 6.8764459364101667 6.1302036227934869 6.5993409133188834 12.849674476703511 7.1477696547526648 1471.2872331057388
leaf_count=12792 2714 2138 1960 3607 2554 4553 3762 129204
internal_value=-5.30115e-05 -0.0118542 0.000632172 0.0254089 0.0543123 -0.0243593 -0.0488779 0.000323599
internal_weight=1713.32 52.9862 39.6232 19.8971 13.7669 19.7261 13.363 1660.33
internal_count=163284 21288 14812 8299 4692 6513 6476 141996
is_linear=0
shrinkage=0.0750466


Tree=264
num_leaves=9
num_cat=0
split_feature=8 149 151 28 112 58 149 149
split_gain=1.41529 4.83462 6.52455 8.35343 6.14012 3.79397 2.53701 3.55199
threshold=-8804.7999999999975 636.50000000000011 3.5000000000000004 26116.130000000005 164689.20000000004 7157.0650000000014 636.50000000000011 1189.5000000000002
decision_type=2 8 8 2 10 2 8 8
left_child=1 -1 -3 -4 -5 -6 -2 -8
right_child=6 2 3 4 5 -7 7 -9
leaf_value=0.046151331733692437 -0.0077972815884667455 -0.028153948015207174 0.043051017740819514 -0.068216834241393826 -0.031265123555692331 0.033707266537062672 0.012397828770571341 -0.00060561963751721063
leaf_weight=16.160665202733071 235.55538114054252 28.357112441901336 30.512671117376158 8.1843707904663479 8.3153952338807375 12.936204163568616 130.76037193571665 1242.3840358468615
leaf_count=2527 18978 3660 2000 1704 2882 3870 9673 117990
internal_value=-5.20298e-05 0.0084125 0.00150599 0.0155358 -0.0129858 0.00828466 -0.000601703 0.000632659
internal_weight=1713.17 104.466 88.3058 59.9486 29.436 21.2516 1608.7 1373.14
internal_count=163284 16643 14116 10456 8456 6752 146641 127663
is_linear=0
shrinkage=0.0750466


Tree=265
num_leaves=9
num_cat=0
split_feature=109 145 22 153 137 24 97 140
split_gain=1.22146 4.09901 4.72838 8.32126 6.9047 5.03639 5.1755 5.03829
threshold=1.0000000180025095e-35 19.500000000000004 -5649.0549999999994 7043.8650000000007 13570.625000000002 3.5000000000000004 85.500000000000014 552.33500000000015
decision_type=2 10 2 8 8 2 2 10
left_child=1 2 4 5 -1 -4 7 -7
right_child=-2 -3 3 -5 -6 6 -8 -9
leaf_value=-0.0079564510451365818 0.0021495878016540696 0.018355058195385115 -0.0045462623614078036 -0.023577140970463133 0.014524794370697718 0.010317029089055884 -0.022106320657200744 0.076414386649619026
leaf_weight=140.43015260992979 776.19834362021084 53.198182948697649 404.04454415457076 133.11218061836553 170.19084175800162 13.428050294893184 9.6333069520496775 12.579499611474601
leaf_count=1935 117389 3405 18016 7518 3245 2224 4534 5018
internal_value=-5.18668e-05 -0.00187627 -0.00309457 -0.00713771 0.00436114 -0.00216077 0.0248825 0.0422874
internal_weight=1712.82 936.617 883.419 572.798 310.621 439.685 35.6409 26.0075
internal_count=163284 45895 42490 37310 5180 29792 11776 7242
is_linear=0
shrinkage=0.0750466


Tree=266
num_leaves=9
num_cat=0
split_feature=107 16 150 112 8 17 33 139
split_gain=1.61298 7.73903 4.57825 4.73699 3.74904 6.15328 6.06638 5.52984
threshold=12.500000000000002 -4047.3549999999991 4363.6450000000013 164689.20000000004 33046.075000000004 2.5000000000000004 12850.695000000002 108.87000000000002
decision_type=2 2 10 10 2 2 2 10
left_child=-1 2 -2 -4 6 7 -3 -6
right_child=1 4 3 -5 5 -7 -8 -9
leaf_value=0.0030943120684995464 -0.022757480393205274 0.0042847293626217886 0.027386182954445532 -0.016357502846018709 -0.025413505352556074 0.031201980024815348 -0.02690462788750092 0.038075191026877668
leaf_weight=597.57784652424743 137.43548107082825 776.52681162046429 24.578308193504199 32.218423860243092 83.061643498903322 15.802192784802171 36.785723571498238 8.5189152617167547
leaf_count=7521 7932 86616 4433 8936 23578 3570 16002 4696
internal_value=-5.16596e-05 -0.00173783 -0.0153507 0.00257221 0.00113396 -0.0120454 0.00287405 -0.0195077
internal_weight=1712.51 1114.93 194.232 56.7967 920.695 107.383 813.313 91.5806
internal_count=163284 155763 21301 13369 134462 31844 102618 28274
is_linear=0
shrinkage=0.0750466


Tree=267
num_leaves=9
num_cat=0
split_feature=27 85 64 115 27 23 5 48
split_gain=1.31037 4.04355 12.0495 5.26346 2.78191 5.34841 4.62758 1.59323
threshold=32.500000000000007 2404.6500000000005 1.0000000180025095e-35 1.0000000180025095e-35 23.500000000000004 1.5000000000000002 41.500000000000007 1.0000000180025095e-35
decision_type=2 2 2 8 2 2 2 2
left_child=4 3 -3 -2 7 6 -6 -1
right_child=1 2 -4 -5 5 -7 -8 -9
leaf_value=-0.00089258012661657749 -0.076522426137010963 0.13029806766796465 -0.047079638389497795 0.0030647647660249416 -0.04247680627441329 0.061915281763381222 0.028022611684507322 0.0078792630848744227
leaf_weight=1524.5709242391649 9.2080664983586775 3.6437554635140241 5.2859110452418463 9.5170762123343611 8.8271581009939855 11.941602427708856 12.917335908003222 126.27483695530827
leaf_count=121001 2325 2363 4579 4174 3361 4416 4336 16729
internal_value=-5.19767e-05 -0.0162554 0.0252994 -0.0360721 0.000214034 0.0215637 -0.000596565 -0.000221613
internal_weight=1712.19 27.6548 8.92967 18.7251 1684.53 33.6861 21.7445 1650.85
internal_count=163284 13441 6942 6499 149843 12113 7697 137730
is_linear=0
shrinkage=0.0750466


Tree=268
num_leaves=9
num_cat=0
split_feature=73 20 20 129 57 129 112 142
split_gain=1.30907 6.43787 8.41987 7.25103 6.52496 9.4797 12.8199 5.30322
threshold=9.5000000000000018 3581.3600000000001 198651.37500000003 3.5000000000000004 3.5000000000000004 1.0000000180025095e-35 164689.20000000004 63342.000000000007
decision_type=2 2 2 10 2 10 10 10
left_child=-1 7 3 4 5 6 -3 -2
right_child=1 2 -4 -5 -6 -7 -8 -9
leaf_value=0.00069486611194338353 -0.053439604250232732 -0.033499927674969815 -0.055216330701101941 -0.047496042288490997 -0.00064770770400626048 0.14523127350437534 0.1073194114399704 -0.0082785527712430362
leaf_weight=1515.7385285383534 16.41431564036975 7.2452295272851241 7.1590842358000364 5.3173768575770728 10.697089463206792 6.6816096567872583 7.3191276939778618 135.81674212168764
leaf_count=104268 2225 2161 5672 3201 5377 2595 2797 34988
internal_value=-5.2522e-05 -0.00581322 0.0193241 0.033646 0.0471533 0.0712205 0.037267 -0.013148
internal_weight=1712.39 196.651 44.4195 37.2604 31.9431 21.246 14.5644 152.231
internal_count=163284 59016 21803 16131 12930 7553 4958 37213
is_linear=0
shrinkage=0.0750466


Tree=269
num_leaves=9
num_cat=0
split_feature=39 142 18 80 83 18 129 10
split_gain=1.42152 4.37378 2.60834 9.28335 8.4702 6.12569 5.96988 5.88155
threshold=25863.355000000003 800917.97000000009 18220.110000000004 1.0000000180025095e-35 14077.235000000002 55363.020000000011 13.500000000000002 -39.959999999999987
decision_type=2 8 2 2 2 2 8 2
left_child=2 -2 -1 6 5 -5 -4 -8
right_child=1 -3 3 4 -6 -7 7 -9
leaf_value=-0.00075964683774875144 -0.021222678008732392 0.035158295373234456 -0.015909812781467466 -0.0052636908841820797 0.01524974503661492 -0.053587993506272795 0.078785432051419899 0.023980827303315064
leaf_weight=1457.1400853589057 46.532339236156076 9.297466625701416 10.901304036506188 44.129175013940767 76.064399652353131 22.208540626357717 18.356805677691227 27.625884056473296
leaf_count=71602 15162 3712 4874 13746 34220 10104 6322 3542
internal_value=-5.53058e-05 -0.0118334 0.000341675 0.00839432 -0.00184289 -0.0214417 0.0340219 0.0458594
internal_weight=1712.26 55.8298 1656.43 199.286 142.402 66.3377 56.884 45.9827
internal_count=163284 18874 144410 72808 58070 23850 14738 9864
is_linear=0
shrinkage=0.0750466


Tree=270
num_leaves=9
num_cat=0
split_feature=134 113 134 7 149 7 134 141
split_gain=1.45454 1.98864 1.69772 4.4443 5.05318 6.09534 3.20355 2.55485
threshold=1378588.4800000002 -562.99999999999989 529449.63500000013 1.0000000180025095e-35 2555.5000000000005 1261.8700000000001 527473.65000000014 1.7600000000000002
decision_type=10 10 10 2 10 2 10 10
left_child=2 -2 6 -4 -5 -6 7 -1
right_child=1 -3 3 4 5 -7 -8 -9
leaf_value=0.00093342647717589266 0.0029362584809721507 -0.040781578916089287 -0.021294724273485166 -0.0034377258532351921 0.085383391990923679 0.019298297550154296 -0.023244258992384519 -0.011054589032911928
leaf_weight=1449.0940833711011 11.884270563850807 11.560378912005943 20.55376243210776 34.670406616944092 10.307011392582352 33.116603497783217 33.812304194392709 107.55381414593103
leaf_count=111017 2134 2415 5405 3251 1795 8289 5487 23491
internal_value=-5.63895e-05 -0.0186207 0.000201281 0.00975458 0.0179265 0.0349842 -0.000391259 0.000105136
internal_weight=1712.55 23.4446 1689.11 98.6478 78.094 43.4236 1590.46 1556.65
internal_count=163284 4549 158735 18740 13335 10084 139995 134508
is_linear=0
shrinkage=0.0750466


Tree=271
num_leaves=9
num_cat=0
split_feature=113 150 150 6 150 6 6 97
split_gain=1.20233 4.41062 2.94514 2.30784 1.6401 4.2293 6.87939 3.66849
threshold=-2054.4999999999995 953.55500000000018 8303.6200000000008 76.500000000000014 1.0000000180025095e-35 40.500000000000007 85.500000000000014 5.5000000000000009
decision_type=8 8 8 2 8 2 2 2
left_child=1 -1 -3 -4 5 -2 -7 -8
right_child=4 2 3 -5 -6 6 7 -9
leaf_value=0.025224456857168828 0.013641218389758845 -0.045279851803130468 0.0038218954418415972 -0.030519142652333235 0.0012750476380133343 -0.03203328409296495 -0.01604081432865305 0.014089562845589753
leaf_weight=16.843286542632995 47.09891073752442 16.476464556701103 30.722397440878922 17.187378969567362 1432.3672025921105 59.355360922476393 40.905190198329365 51.299866559371367
leaf_count=2310 3616 3216 3382 3075 137216 3702 1988 4779
internal_value=-5.50148e-05 -0.00896614 -0.0179103 -0.00849777 0.000388783 -0.00600133 -0.0121054 0.000722738
internal_weight=1712.26 81.2295 64.3862 47.9098 1631.03 198.659 151.56 92.2051
internal_count=163284 11983 9673 6457 151301 14085 10469 6767
is_linear=0
shrinkage=0.0750466


Tree=272
num_leaves=9
num_cat=0
split_feature=107 16 4 147 74 10 149 149
split_gain=1.34806 6.59115 6.9834 6.07527 6.15337 4.2651 5.24498 6.92588
threshold=12.500000000000002 -4047.3549999999991 1.0000000180025095e-35 -13999.084999999997 450.91000000000003 1.0000000180025095e-35 1714.5000000000002 3317.0000000000005
decision_type=2 2 2 8 2 2 10 10
left_child=-1 2 3 4 -2 6 -3 -8
right_child=1 5 -4 -5 -6 -7 7 -9
leaf_value=0.0028181261116898416 0.049144988520667898 -0.012186771730284969 0.0072379670881455417 -0.036178396623972764 -0.016399318384240118 0.0081921729055363154 0.014949624827439174 -0.0053544822666910111
leaf_weight=598.73394372157054 10.139489257664534 210.75354100107779 58.977317433855205 83.264353986211063 39.463766277971445 310.89158410179152 153.59999399813569 246.39543453765782
leaf_count=7521 2045 30937 3679 5190 10387 26562 25288 51675
internal_value=-5.35249e-05 -0.00159764 -0.014253 -0.0237924 -0.00300129 0.00103665 -0.00260576 0.00244238
internal_weight=1712.22 1113.49 191.845 132.868 49.6033 921.641 610.749 399.995
internal_count=163284 155763 21301 17622 12432 134462 107900 76963
is_linear=0
shrinkage=0.0750466


Tree=273
num_leaves=9
num_cat=0
split_feature=64 131 31 81 150 9 81 113
split_gain=1.23533 5.18063 4.15959 3.30682 6.22974 2.66703 3.41391 6.1434
threshold=13076.395000000002 3618.7050000000004 1.0000000180025095e-35 69044.115000000005 6174.3750000000009 172.97500000000002 42044.910000000011 -1475.4999999999998
decision_type=2 10 2 2 10 2 2 10
left_child=-1 2 5 -4 -5 -2 -7 -8
right_child=1 -3 3 4 -6 6 7 -9
leaf_value=0.00042359201437373249 -0.042176457056822984 0.057910360920242855 -0.069832389384259425 0.056416717231237139 -0.055359252720696875 0.022438839442205906 -0.062489188330549866 0.011675967431605795
leaf_weight=1620.7566130618452 8.5230677678955526 6.1552292832402591 11.194129795305345 4.51835487557946 7.4197697195331784 26.047367994888191 9.9556726348600915 17.085259312838392
leaf_count=128691 1613 3741 4996 1595 5335 6715 3058 7540
internal_value=-5.38654e-05 -0.00856709 -0.0133956 -0.0405302 -0.0130542 -0.00320777 0.00304846 -0.0156295
internal_weight=1711.66 90.8989 84.7436 23.1323 11.9381 61.6114 53.0883 27.0409
internal_count=163284 34593 30852 11926 6930 18926 17313 10598
is_linear=0
shrinkage=0.0750466


Tree=274
num_leaves=9
num_cat=0
split_feature=22 11 0 147 107 107 127 5
split_gain=1.36427 3.74715 5.28837 5.60899 3.67987 6.45272 8.41458 7.24644
threshold=6061.1650000000009 596.98500000000013 35799005.000000007 -52197.869999999988 38.500000000000007 66.500000000000014 3655.5000000000005 47.500000000000007
decision_type=2 2 2 10 2 2 10 2
left_child=1 -1 -3 -4 -2 6 -6 -7
right_child=4 2 3 -5 5 7 -8 -9
leaf_value=0.00018191628988117319 -0.012495414093532633 0.040438089038603284 -0.030568896005077301 0.025878805812125334 0.03063634647089615 0.0073680810311753143 -0.025628862544000288 -0.023286202646306237
leaf_weight=1211.0262946739858 165.30238254023425 32.165111985616022 18.594870901293689 21.236818667937769 68.757451546698576 95.791792732870817 19.135982214949763 79.456515449303879
leaf_count=43762 8964 5852 2349 3816 10123 49192 3027 36199
internal_value=-5.36131e-05 0.0011708 0.0178043 -0.00047302 -0.00372024 0.00179221 0.0183864 -0.00653038
internal_weight=1711.47 1283.02 71.9968 39.8317 428.444 263.142 87.8934 175.248
internal_count=163284 55779 12017 6165 107505 98541 13150 85391
is_linear=0
shrinkage=0.0750466


Tree=275
num_leaves=9
num_cat=0
split_feature=82 6 137 20 82 82 127 142
split_gain=1.26811 5.10642 5.21516 3.56695 5.58873 2.10585 5.56852 8.58141
threshold=6.5000000000000009 227.50000000000003 -1.0000000180025095e-35 10921.325000000003 8.5000000000000018 4.5000000000000009 3462.5000000000005 154836.00000000003
decision_type=2 2 10 2 2 2 8 10
left_child=5 2 -2 -4 -5 -1 7 -7
right_child=1 -3 3 4 -6 6 -8 -9
leaf_value=-0.00014219766169059998 0.035269941385528816 0.0560102134465374 -0.044940502046405123 -0.059897606465889978 0.049385323180593889 -0.016193031670388283 -0.017555522661974503 0.068090172302945895
leaf_weight=1612.2078617602183 8.1071343412768311 5.6411022115526057 28.269832153819152 4.4052361479862139 6.5605498131244531 10.936216090609379 17.323254217892099 18.004419075197802
leaf_count=127401 726 3226 11066 2540 4012 2994 5300 6019
internal_value=-5.43214e-05 -0.0114833 -0.0195255 -0.0308477 0.00548358 0.000310806 0.0160971 0.0362409
internal_weight=1711.46 52.9839 47.3428 39.2356 10.9658 1658.47 46.2639 28.9406
internal_count=163284 21570 18344 17618 6552 141714 14313 9013
is_linear=0
shrinkage=0.0750466


Tree=276
num_leaves=9
num_cat=0
split_feature=39 147 24 18 149 74 116 64
split_gain=1.26557 3.74389 2.71839 1.46035 4.52454 7.65095 7.03602 7.54065
threshold=351900.43000000005 -34380.424999999996 3.5000000000000004 18220.110000000004 5660.5000000000009 117.34500000000001 22765.300000000003 3314.0650000000005
decision_type=2 10 2 2 8 2 10 2
left_child=3 -2 -3 -1 6 -6 -5 -8
right_child=1 2 -4 4 5 -7 7 -9
leaf_value=-0.00064132198462893766 -0.049923264279908765 -0.01859672758636801 0.046088578011164887 -0.0036022167871592663 0.098001161425442504 0.013530743871543151 -0.0060862435784280267 0.11699201769149192
leaf_weight=1472.1331063381494 10.936257230803678 9.0076848084845533 6.1620712310104855 158.45540126351625 7.2443304041589718 36.297308950219303 5.3955574090432474 5.8358817931475642
leaf_count=73394 4396 1921 3869 58710 909 13119 3082 3884
internal_value=-5.45688e-05 -0.0164516 0.00767894 0.000199419 0.00600391 0.0275847 0.000466284 0.0578655
internal_weight=1711.47 26.106 15.1698 1685.36 213.228 43.5416 169.687 11.2314
internal_count=163284 10186 5790 153098 79704 14028 65676 6966
is_linear=0
shrinkage=0.0750466


Tree=277
num_leaves=9
num_cat=0
split_feature=63 64 7 64 22 112 63 115
split_gain=1.39527 10.5551 3.57832 3.43262 5.88227 3.7246 2.2167 9.90635
threshold=8.5000000000000018 25194.515000000003 2050.3150000000005 13076.395000000002 -1525.53 95013.000000000015 3.5000000000000004 1.0000000180025095e-35
decision_type=2 2 2 2 2 8 2 8
left_child=3 -2 -3 6 -5 -6 -1 -8
right_child=1 2 -4 4 5 -7 7 -9
leaf_value=-6.1730569682895577e-05 0.079507491852832429 -0.064104569384090468 0.0099668613747572066 0.036792007046323821 0.007009503550500844 -0.036396971988682948 -0.012560763507069098 0.062401911006575564
leaf_weight=1576.3897199212151 9.5268366783147957 6.3788494629861807 8.6596986229687882 9.9386372090484638 14.829434406317885 44.671602345439169 24.719073007961924 16.593325373622065
leaf_count=113742 3699 3570 3983 2153 4378 18075 7578 6106
internal_value=-5.47972e-05 0.0177018 -0.0214518 -0.00031334 -0.0166519 -0.0255788 0.000387991 0.0175484
internal_weight=1711.71 24.5654 15.0385 1687.14 69.4397 59.501 1617.7 41.3124
internal_count=163284 11252 7553 152032 24606 22453 127426 13684
is_linear=0
shrinkage=0.0750466


Tree=278
num_leaves=9
num_cat=0
split_feature=28 5 109 22 22 149 149 96
split_gain=1.33983 4.53053 3.35812 6.37153 6.01899 6.01327 3.83767 3.00155
threshold=1395.8750000000002 61.500000000000007 1.0000000180025095e-35 -9370.4499999999989 3393.0150000000008 2090.5000000000005 636.50000000000011 1.0000000180025095e-35
decision_type=2 2 2 2 2 8 10 2
left_child=1 2 3 -1 6 -5 -4 -6
right_child=-2 -3 4 5 7 -7 -8 -9
leaf_value=0.0078137218968524508 -0.0025338998191180065 0.012156690091280908 0.0032545790940046592 0.0012615950394928882 0.0064778232199452944 -0.018737357233680807 0.023458198771360898 -0.022723893077887098
leaf_weight=162.65262058252119 715.16746835753565 189.76378856207884 118.79814837584854 147.81102655867289 32.25136428415135 198.23979669258551 95.530090888438281 51.446893221938808
leaf_count=1550 134319 4552 4104 3646 3442 4422 2132 5117
internal_value=-5.54469e-05 0.0017233 -0.000730905 -0.00443695 0.00559496 -0.0101951 0.0122597 -0.0114716
internal_weight=1711.66 996.494 806.73 508.703 298.026 346.051 214.328 83.6983
internal_count=163284 28965 24413 9618 14795 8068 6236 8559
is_linear=0
shrinkage=0.0750466


Tree=279
num_leaves=9
num_cat=0
split_feature=80 74 5 10 73 118 73 11
split_gain=1.2002 6.9888 10.7663 3.60575 3.36109 3.7089 3.14932 3.63706
threshold=4.5000000000000009 391.17500000000007 41.500000000000007 298.7000000000001 7.5000000000000009 4275.6550000000007 12.500000000000002 52.845000000000006
decision_type=2 2 2 2 2 8 2 2
left_child=6 2 -2 4 -3 -6 -1 -8
right_child=1 3 -4 -5 5 -7 7 -9
leaf_value=-2.1404371249429335e-05 -0.0017189771431449204 -0.035074480882951398 0.089275020349958309 0.033329714969327372 -0.034373570220810314 0.013870169650453871 -0.074508664484064485 -0.011769399995462339
leaf_weight=1558.461416461324 16.511138869529535 21.829710423760844 13.160231616499003 12.291382616218469 12.322030859690132 33.038490816262311 6.0619094173180192 36.768603739532409
leaf_count=119133 2882 4187 2502 2943 4615 10982 895 15145
internal_value=-5.41202e-05 0.00756001 0.0386399 -0.00404245 -0.0108791 0.000764922 -0.000573142 -0.020649
internal_weight=1710.44 109.153 29.6714 79.4816 67.1902 45.3605 1601.29 42.8305
internal_count=163284 28111 5384 22727 19784 15597 135173 16040
is_linear=0
shrinkage=0.0750466


Tree=280
num_leaves=9
num_cat=0
split_feature=135 81 9 10 60 118 81 135
split_gain=1.38247 6.39581 2.99126 1.84638 3.15608 3.91952 3.70114 3.90037
threshold=-348.99999999999994 23460.585000000003 1206.4850000000004 -3005.3049999999998 1339.6050000000002 4275.6550000000007 42044.910000000011 -1355.4999999999998
decision_type=10 2 2 2 2 10 2 10
left_child=3 -2 -3 4 5 6 7 -1
right_child=1 2 -4 -5 -6 -7 -8 -9
leaf_value=-0.020047057172070757 0.0013646235680321035 -0.079149615818689428 -0.019760487497185262 0.001006008027469208 -0.056518689665566557 0.040519224820483236 -0.04175626533388857 0.026781459663829155
leaf_weight=24.116224925347524 70.074174780800604 8.9737629412720725 10.211768855840999 1545.7348079485209 7.7086513746253322 8.9184369940139714 17.53340022406428 17.134287644778851
leaf_count=3254 4715 3264 2905 127779 4626 3448 9407 3886
internal_value=-5.40428e-05 -0.00914673 -0.0475389 0.000446597 -0.0110199 -0.00583937 -0.0128727 -0.000595825
internal_weight=1710.41 89.2597 19.1855 1621.15 75.411 67.7023 58.7839 41.2505
internal_count=163284 10884 6169 152400 24621 19995 16547 7140
is_linear=0
shrinkage=0.0750466


Tree=281
num_leaves=9
num_cat=0
split_feature=135 18 138 21 113 140 95 147
split_gain=1.29975 1.26952 4.6765 5.44467 5.35398 4.99528 4.75402 5.3459
threshold=-136.99999999999997 1949.6600000000001 1513.9350000000002 1.0000000180025095e-35 -1962.9999999999998 1.0000000180025095e-35 1.5000000000000002 -17521.144999999993
decision_type=10 2 10 2 8 10 2 10
left_child=1 -1 5 -4 -5 -3 -6 -8
right_child=-2 2 3 4 6 -7 7 -9
leaf_value=-0.001417536655587643 -0.016635343084797131 0.0061126704493569333 0.052709281171706215 -0.033384548499447081 -0.004237579182077688 0.034522959050139551 -0.0011643634454351242 0.049484977436573652
leaf_weight=1039.4006129616791 26.213662148278672 196.51850132250547 9.9625710081600101 31.039833798664404 316.97653306928441 42.370445051710703 26.581445899282699 21.015099198470125
leaf_count=27162 2162 15520 1025 11484 95414 3328 5096 2093
internal_value=-5.31078e-05 0.000205037 0.00282195 -0.00208435 -0.0034642 0.0111517 -0.000916776 0.0211986
internal_weight=1710.08 1683.87 644.464 405.575 395.613 238.889 364.573 47.5965
internal_count=163284 161122 133960 115112 114087 18848 102603 7189
is_linear=0
shrinkage=0.0750466


Tree=282
num_leaves=9
num_cat=0
split_feature=0 113 12 115 21 115 73 22
split_gain=1.36118 4.81436 5.95065 7.79343 2.27947 2.51411 2.21968 6.89107
threshold=15842220.000000002 -1171.4999999999998 6.5000000000000009 713.80000000000007 1.0000000180025095e-35 -1.0000000180025095e-35 6.5000000000000009 26219.395
decision_type=2 8 2 8 2 8 2 2
left_child=1 -1 -3 -4 -2 -6 7 -7
right_child=4 2 3 -5 5 6 -8 -9
leaf_value=-0.038730820545393875 0.0085695865369066569 0.017632337627145417 0.0012290705072665702 -0.060029087320290983 -0.016243405646159066 0.00066881853800853795 0.0054772210849678817 -0.018642187202025741
leaf_weight=22.833153115972891 177.25592966431577 51.186265528616786 37.184481432917892 17.064431830389367 54.639887903049384 897.65709155931108 334.68178777166304 117.72159929281406
leaf_count=3248 5386 1973 5913 5195 4154 33385 77067 26963
internal_value=-5.26792e-05 -0.007488 -0.000722021 -0.0180402 0.000550192 -0.000461757 0.000176961 -0.00157007
internal_weight=1710.22 128.268 105.435 54.2489 1581.96 1404.7 1350.06 1015.38
internal_count=163284 16329 13081 11108 146955 141569 137415 60348
is_linear=0
shrinkage=0.0750466


Tree=283
num_leaves=9
num_cat=0
split_feature=13 72 52 138 150 151 116 138
split_gain=1.10914 1.15484 5.96234 7.03114 6.66364 6.02031 5.51992 8.1595
threshold=1.5000000000000002 387.90500000000003 1.0000000180025095e-35 54590.010000000002 39666.395000000011 33.500000000000007 6619.4550000000008 54590.010000000002
decision_type=2 2 2 8 8 8 8 8
left_child=1 2 6 -4 -5 -6 -1 -8
right_child=-2 -3 3 4 5 -7 7 -9
leaf_value=0.012510778446991524 -0.014372352230216377 -0.0012512681171899175 -0.022049614721087071 0.097847713584618912 -0.075232683568157835 0.022654010917191349 -0.02707092423256538 0.0079955156677299511
leaf_weight=310.82366136231394 29.928172637359239 1086.2268996852017 92.121747383635011 5.1806203868945886 4.4049073290261793 17.993078746496394 58.197827967200283 104.43291955651694
leaf_count=18095 829 50031 65101 7187 7585 4849 4816 4791
internal_value=-5.22094e-05 0.000202989 0.00286613 -0.0120978 0.0211444 0.00340309 0.00664937 -0.0045531
internal_weight=1709.31 1679.38 593.155 119.7 27.5786 22.398 473.454 162.631
internal_count=163284 162455 112424 84722 19621 12434 27702 9607
is_linear=0
shrinkage=0.0750466


Tree=284
num_leaves=9
num_cat=0
split_feature=33 147 147 21 85 85 56 147
split_gain=1.19787 3.56718 1.34706 7.45457 4.19214 5.11068 4.87524 4.51149
threshold=175039.38000000003 -1.0000000180025095e-35 -7681.6749999999993 1.0000000180025095e-35 35229.000000000007 23510.590000000004 169.85500000000002 -10789.794999999998
decision_type=2 8 8 2 2 2 2 10
left_child=2 -2 3 -1 5 7 -7 -5
right_child=1 -3 -4 4 -6 6 -8 -9
leaf_value=0.049194291132492331 -0.066415502915055977 -0.00011658194540781974 -0.0011744592218514292 -0.0013115289238977974 -0.025602250215044628 0.080469904336507719 -0.019146953299195437 0.019636089040919624
leaf_weight=19.31272548830384 6.071699170476677 18.487313882356833 1193.4314290013281 359.98163382363873 29.835753440203916 8.9967025838741375 3.9957658355524464 69.004136250805459
leaf_count=1099 7189 2419 46781 69366 22344 4025 3531 6530
internal_value=-5.29696e-05 -0.0165076 0.000186921 0.00349506 0.00162445 0.00346239 0.0498333 0.00205798
internal_weight=1709.12 24.559 1684.56 491.127 471.814 441.978 12.9925 428.986
internal_count=163284 9608 153676 106895 105796 83452 7556 75896
is_linear=0
shrinkage=0.0750466


Tree=285
num_leaves=9
num_cat=0
split_feature=125 72 145 22 9 145 112 9
split_gain=1.29486 4.7496 2.94592 1.74407 4.62508 5.23273 8.94544 4.0554
threshold=-28173.074999999993 1708.4500000000003 5.5000000000000009 239470.10500000001 389.19000000000005 5.5000000000000009 190026.00000000003 61.785000000000004
decision_type=8 2 8 2 2 10 10 2
left_child=1 2 -1 -2 7 -6 -7 -5
right_child=3 -3 -4 4 5 6 -8 -9
leaf_value=0.039826002986018218 0.00064359632080679982 -0.043717049149149832 -0.031133827451521729 -0.025514449138389638 -0.054248206148829331 0.102779362006859 -0.047953358493427981 0.043912037188229912
leaf_weight=9.6160570498886955 1630.0816061199357 15.92814945496866 5.0126324500297423 8.2065709895796335 19.966731391439684 3.7772908709157473 5.3695777201501187 11.213075587307683
leaf_count=4684 128124 3417 2369 1371 12177 1855 4701 4586
internal_value=-5.24984e-05 -0.0153624 0.0155111 0.000226196 -0.013793 -0.032714 0.0142932 0.014573
internal_weight=1709.17 30.5568 14.6287 1678.61 48.5332 29.1136 9.14687 19.4196
internal_count=163284 10470 7053 152814 24690 18733 6556 5957
is_linear=0
shrinkage=0.0750466


Tree=286
num_leaves=9
num_cat=0
split_feature=80 31 137 25 9 112 31 104
split_gain=1.1688 3.7056 6.0297 6.13047 4.45603 4.95472 7.85676 4.55315
threshold=2.5000000000000004 18195.095000000005 23022.290000000005 4305.3500000000013 116.42500000000003 139352.40000000002 6398.6450000000013 23518.650000000005
decision_type=2 2 8 2 2 10 2 2
left_child=-1 4 -3 -4 -2 -6 7 -7
right_child=1 2 3 -5 5 6 -8 -9
leaf_value=-0.00084897382184323294 0.026091876881113672 0.094740680456225426 0.058045040905405028 -0.04277330211650579 -0.013526586851549545 0.026779803838139001 -0.058037216397225817 -0.02680353677187498
leaf_weight=1467.3120048109749 36.129923742500978 6.5516027505273087 6.7211241125114629 6.8678523825501543 104.37111815906428 62.294691250998767 8.2843754795730984 10.426088165431791
leaf_count=106452 3890 1732 2656 4677 19101 14871 4160 5745
internal_value=-5.25144e-05 0.0047837 0.0356033 0.00709157 0.00198141 -0.00271773 0.0112089 0.0190975
internal_weight=1708.96 241.647 20.1406 13.589 221.506 185.376 81.0052 72.7208
internal_count=163284 56832 9065 7333 47767 43877 24776 20616
is_linear=0
shrinkage=0.0750466


Tree=287
num_leaves=9
num_cat=0
split_feature=96 97 127 127 7 127 25 97
split_gain=1.21751 4.16059 3.78045 3.78327 6.18065 5.79895 5.42869 5.29314
threshold=1.0000000180025095e-35 1.0000000180025095e-35 145.50000000000003 1221.5000000000002 -680.09499999999991 610.50000000000011 803.5100000000001 41.500000000000007
decision_type=2 2 8 8 2 10 2 2
left_child=-1 -2 -3 4 -4 7 -5 -6
right_child=1 2 3 6 5 -7 -8 -9
leaf_value=-0.0022037042428972066 0.022665305205649276 -0.032272557819505145 -0.020077124914249418 -0.006325345246754782 -0.0054959336012045373 0.032328417349393769 0.0087121373765725197 0.030088531847846267
leaf_weight=793.90611126556269 50.890472408475034 19.281733910736875 32.887357760986561 431.551662514702 81.024884129858037 69.568641800469777 196.89995483594612 33.184753930521765
leaf_count=42980 2153 3314 6009 26130 6712 8288 62650 5048
internal_value=-5.3076e-05 0.00181234 0.000584648 0.0013343 0.00988589 0.0152478 -0.00161396 0.00484349
internal_weight=1709.2 915.289 864.399 845.117 216.666 183.778 628.452 114.21
internal_count=163284 120304 118151 114837 26057 20048 88780 11760
is_linear=0
shrinkage=0.0750466


Tree=288
num_leaves=9
num_cat=0
split_feature=8 149 151 28 20 20 113 151
split_gain=1.36174 4.19301 5.66083 6.74834 4.87589 2.22569 5.07614 7.52756
threshold=-8804.7999999999975 636.50000000000011 3.5000000000000004 26116.130000000005 55.415000000000006 55.415000000000006 -927.99999999999989 10.500000000000002
decision_type=2 8 8 2 2 2 10 8
left_child=1 -1 -3 -4 -5 -2 -7 -8
right_child=5 2 3 4 -6 6 7 -9
leaf_value=0.042902659862569095 0.00085520939521058952 -0.026497360327358041 0.038778965824421363 -0.033737028107388274 0.031473273105294658 -0.014765572846691206 0.014516540077569964 -0.020341137141523344
leaf_weight=16.553541892986686 1265.8862641452797 27.478610026184469 31.246752160004689 19.009691212759211 9.7802197717865038 177.28710428178238 111.45794548229787 50.791467887434919
leaf_count=2527 82985 3660 2000 4098 4358 26875 23363 13418
internal_value=-5.26696e-05 0.00826647 0.00171503 0.0146278 -0.0115844 -0.000591944 -0.00598733 0.0036045
internal_weight=1709.49 104.069 87.5153 60.0367 28.7899 1605.42 339.537 162.249
internal_count=163284 16643 14116 10456 8456 146641 63656 36781
is_linear=0
shrinkage=0.0750466


Tree=289
num_leaves=9
num_cat=0
split_feature=63 83 83 27 0 113 153 131
split_gain=1.19786 3.39555 6.07912 4.20467 1.35077 5.75824 2.48267 5.32635
threshold=8.5000000000000018 37776.215000000004 10206.270000000002 5.5000000000000009 15842220.000000002 -1171.4999999999998 7043.8650000000007 240.46500000000003
decision_type=2 2 2 2 2 8 8 8
left_child=4 2 -2 -3 5 -1 7 -7
right_child=1 3 -4 -5 -6 6 -8 -9
leaf_value=-0.043121862216217721 -0.0041269903693663991 0.035389517047166884 0.092648156818240054 -0.061843335600702744 0.0003037389819499388 0.0043087451325679246 0.017310119033618503 -0.042102504042529493
leaf_weight=21.523509163017479 8.165180508061896 4.6249127920782467 6.6193748682544529 5.4639315412505312 1560.9101607136363 51.891569134510064 31.007894776754256 19.035262046336356
leaf_count=2899 3047 1097 2840 4268 137808 5454 2941 2930
internal_value=-5.2525e-05 0.0162962 0.0392014 -0.01727 -0.000293949 -0.00785066 -0.000403143 -0.00814705
internal_weight=1709.24 24.8734 14.7846 10.0888 1684.37 123.458 101.935 70.9268
internal_count=163284 11252 5887 5365 152032 14224 11325 8384
is_linear=0
shrinkage=0.0750466


Tree=290
num_leaves=9
num_cat=0
split_feature=135 135 140 83 83 83 73 129
split_gain=1.39222 6.55463 4.69708 3.92439 7.49492 8.60058 8.13978 6.77364
threshold=-927.99999999999989 -989.49999999999989 3519.0050000000006 5324.8300000000008 1407.6450000000002 2582.5950000000007 8.5000000000000018 inf
decision_type=8 10 10 2 2 2 2 8
left_child=1 3 -3 4 6 -6 -1 -8
right_child=-2 2 -4 -5 5 -7 7 -9
leaf_value=0.0035958517099084954 -0.0025927495097230742 0.0082086902278482553 0.059915606655733519 -0.0089739917993208445 -0.013024757782194543 0.059787951304859283 -0.054863068759604255 -0.0039702415343266561
leaf_weight=662.70556659085196 709.97015197827022 21.933744291065523 18.026211732195407 195.51134158912646 14.011765026887586 26.257954347254781 25.21147226654557 35.424351812709574
leaf_count=32870 53927 1219 4461 52516 2247 4357 6384 5303
internal_value=-5.18502e-05 0.00175377 0.031534 0.000513033 0.00294205 0.0344529 0.00118778 -0.0251307
internal_weight=1709.05 999.082 39.96 959.122 763.611 40.2697 723.341 60.6358
internal_count=163284 109357 5680 103677 51161 6604 44557 11687
is_linear=0
shrinkage=0.0750466


Tree=291
num_leaves=9
num_cat=0
split_feature=135 16 18 112 16 135 153 16
split_gain=1.18658 5.46773 10.2091 8.76369 6.80426 5.41571 4.24712 4.29502
threshold=-927.99999999999989 -7736.8999999999987 252.93500000000003 3346199.5050000004 -784.20999999999992 -989.49999999999989 1.0000000180025095e-35 1.0000000180025095e-35
decision_type=8 2 2 8 2 10 10 2
left_child=5 -2 -3 4 -4 -1 -6 -8
right_child=1 2 3 -5 6 -7 7 -9
leaf_value=0.00046771418327261143 0.0086005480735352226 -0.018804299430609402 -0.036172441507294893 0.01997616982640733 -0.020462072014020144 0.028274791685021266 0.011263179040380081 -0.040558058223876453
leaf_weight=959.25851650083041 187.18496473960658 216.71098220872227 36.246932474492496 105.62663072029591 42.99417128078494 41.137947762325894 110.19846903799225 9.8094786555784577
leaf_count=103677 4497 3765 6523 8127 3304 5680 24843 2868
internal_value=-5.31966e-05 -0.00240239 -0.00635108 0.00250088 -0.00676318 0.00161119 -0.000223421 0.0070273
internal_weight=1709.17 708.772 521.587 304.876 199.249 1000.4 163.002 120.008
internal_count=163284 53927 49430 45665 37538 109357 31015 27711
is_linear=0
shrinkage=0.0750466


Tree=292
num_leaves=9
num_cat=0
split_feature=81 97 63 113 149 127 97 120
split_gain=1.1592 7.49977 7.47053 6.96113 5.19909 10.4387 7.04587 4.73613
threshold=15997.960000000001 36.500000000000007 4.5000000000000009 -593.49999999999989 4617.5000000000009 3893.5000000000005 130.50000000000003 182988.00000000003
decision_type=2 2 2 8 10 10 2 8
left_child=-1 2 7 4 6 -6 -3 -2
right_child=1 3 -4 -5 5 -7 -8 -9
leaf_value=0.0010664787420531278 -0.028713779129366051 0.024911139121512826 0.037211545699257088 -0.0079701487097840265 0.11861726445850715 0.010237139404251194 -0.031177430105068505 -0.006709866233180462
leaf_weight=1286.664708129415 90.645353662615889 58.915494342132661 16.309899839195168 79.622727943688915 8.5924028655645106 11.988092272203174 16.05020171756405 140.45763746818375
leaf_count=68450 17442 14549 6031 21049 2578 4715 5409 23061
internal_value=-5.35507e-05 -0.00346378 -0.0118761 0.00841801 0.022075 0.0554861 0.0129025 -0.0153404
internal_weight=1709.25 422.582 247.413 175.169 95.5462 20.5805 74.9657 231.103
internal_count=163284 94834 46534 48300 27251 7293 19958 40503
is_linear=0
shrinkage=0.0750466


Tree=293
num_leaves=9
num_cat=0
split_feature=64 63 64 64 142 129 135 63
split_gain=1.12278 3.00861 11.4894 3.72652 5.50939 3.37476 2.36941 2.34358
threshold=13076.395000000002 8.5000000000000018 25194.515000000003 29265.620000000006 119646.00000000001 2.5000000000000004 -744.49999999999989 4.5000000000000009
decision_type=2 2 2 2 8 8 8 2
left_child=7 3 -3 5 -5 -2 -7 -1
right_child=1 2 -4 4 -6 6 -8 -9
leaf_value=5.5111078744293009e-06 -0.073051967434654266 0.096715886029124495 -0.0208837100299686 0.06593788461829185 -0.012697869077074608 -0.033507777146631945 0.013284595373581742 0.021144035719448243
leaf_weight=1588.8290862242911 8.5970243284791632 6.8294518678430931 14.858935025081335 6.3169484252212014 24.40154982374861 20.411304033971646 8.6892222688384226 30.098284948146102
leaf_count=118883 3739 2434 7553 1922 9816 6774 2355 9808
internal_value=-5.52906e-05 -0.00820879 0.0161472 -0.0159298 0.00347278 -0.0317404 -0.0195359 0.000398508
internal_weight=1709.03 90.1044 21.6884 68.416 30.7185 37.6976 29.1005 1618.93
internal_count=163284 34593 9987 24606 11738 12868 9129 128691
is_linear=0
shrinkage=0.0750466


Tree=294
num_leaves=9
num_cat=0
split_feature=82 153 63 107 137 27 57 113
split_gain=1.14655 4.91477 2.76801 2.34774 2.31189 5.10601 2.08231 5.68172
threshold=6.5000000000000009 9905.9850000000024 1.5000000000000002 97.500000000000014 23022.290000000005 6.5000000000000009 6.5000000000000009 -1597.9999999999998
decision_type=2 8 2 2 10 2 2 10
left_child=6 3 -3 -2 5 -5 -1 -8
right_child=1 2 -4 4 -6 -7 7 -9
leaf_value=-0.00014927117201183563 -0.060316768437689267 -0.0086939389816533975 0.056506317455992543 -0.032387930160615842 -0.04498395141852643 0.045823881062997597 0.070982069512192145 0.0030894161694495249
leaf_weight=1612.5178587413066 8.4044649199458927 6.9343395696287171 7.7833189009488706 11.463811625082604 9.8245517129571436 7.9690401869684129 8.6321106449649943 35.460392072963259
leaf_count=128299 1641 1745 3430 3330 7741 3683 1978 11437
internal_value=-5.49445e-05 -0.0109866 0.0257867 -0.0253571 -0.0153145 -0.000314765 0.000290699 0.0163809
internal_weight=1708.99 52.3795 14.7177 37.6619 29.2574 19.4329 1656.61 44.0925
internal_count=163284 21570 5175 16395 14754 7013 141714 13415
is_linear=0
shrinkage=0.0750466


Tree=295
num_leaves=9
num_cat=0
split_feature=148 18 127 81 123 123 128 137
split_gain=1.19662 8.32386 7.48365 1.78712 5.67549 4.41667 5.19056 3.51845
threshold=5.9250000000000007 3102.7650000000003 2528.5000000000005 166963.90500000003 12.500000000000002 5.5000000000000009 3634.8400000000006 1316.4200000000003
decision_type=10 2 8 2 8 8 10 8
left_child=3 -2 -3 -1 5 6 7 -5
right_child=1 2 -4 4 -6 -7 -8 -9
leaf_value=0.00011229122031671166 0.074817352238492923 -0.062183257143533038 0.029173870030941535 0.01350466349334576 -0.061030344163925096 0.054638794383953582 0.046285841532999618 -0.046744115165394874
leaf_weight=1629.4090425080321 9.0574001388158667 9.1228105905174761 11.31158290224357 7.961131424788622 11.319560473685668 6.729670064652054 6.7420913145751902 17.369481888575137
leaf_count=134368 552 2832 4402 1002 3014 3669 3816 9629
internal_value=-5.3917e-05 0.0149319 -0.011612 -0.00031706 -0.0142748 -0.000635122 -0.012233 -0.0278086
internal_weight=1709.02 29.4918 20.4344 1679.53 50.1219 38.8024 32.0727 25.3306
internal_count=163284 7786 7234 155498 21130 18116 14447 10631
is_linear=0
shrinkage=0.0750466


Tree=296
num_leaves=9
num_cat=0
split_feature=39 142 150 134 5 39 134 142
split_gain=1.15755 3.86991 1.88266 3.53369 3.24742 1.8079 1.58993 4.63943
threshold=25863.355000000003 800917.97000000009 1376.0350000000003 187492.32000000004 53.500000000000007 234606.79000000001 214834.95000000004 208324.80000000002
decision_type=2 8 8 10 2 2 8 10
left_child=6 2 -2 5 -5 -4 7 -1
right_child=1 -3 3 4 -6 -7 -8 -9
leaf_value=0.0006807186841472655 0.0047595979139062033 0.032838746592691398 -0.07816731975483128 0.032343744807248082 -0.037319696415633229 -0.030065286886661977 -0.0021601330957540716 0.018932900289172234
leaf_weight=786.55693108947889 12.617368270755835 9.4800389952843016 8.1083455013595103 7.5047969035940678 7.5702253905365069 9.62338776026081 780.36575347392409 87.119919689022936
leaf_count=71466 2918 3712 2447 4024 2492 3281 63981 8963
internal_value=-5.40647e-05 -0.0107743 -0.0198764 -0.0293514 -0.00263915 -0.0520613 0.000301784 0.00250076
internal_weight=1708.95 54.9042 45.4241 32.8068 15.075 17.7317 1654.04 873.677
internal_count=163284 18874 15162 12244 6516 5728 144410 80429
is_linear=0
shrinkage=0.0750466


Tree=297
num_leaves=9
num_cat=0
split_feature=7 147 5 5 20 82 94 83
split_gain=1.14025 4.7174 5.9196 3.59609 2.25526 2.02035 3.46566 3.88133
threshold=5005.1550000000016 -25805.769999999997 42.500000000000007 53.500000000000007 34.560000000000009 6.5000000000000009 1.0000000180025095e-35 42330.955000000009
decision_type=2 10 2 2 2 2 2 2
left_child=5 2 -2 -3 -4 -1 7 -7
right_child=1 3 4 -5 -6 6 -8 -9
leaf_value=-0.00015184709820156159 0.022780637005801869 0.053552973599633714 -0.007141402008395378 0.0033156481435711138 -0.039897954086185489 -0.076338807800813896 0.02212831612475645 -0.014605333996824796
leaf_weight=1537.4255869730687 35.211035921196526 18.219371878501988 43.958186523224867 14.341897672631601 16.200071621118695 7.3406786771574835 10.05218273784976 26.237222700299753
leaf_count=125218 3690 4462 4008 3170 5466 3415 1951 11904
internal_value=-5.23624e-05 0.00676235 -0.00165822 0.0314255 -0.0159624 -0.000603772 -0.0165286 -0.0281013
internal_weight=1708.99 127.931 95.3693 32.5613 60.1583 1581.06 43.6301 33.5779
internal_count=163284 20796 13164 7632 9474 142488 17270 15319
is_linear=0
shrinkage=0.0750466


Tree=298
num_leaves=9
num_cat=0
split_feature=125 140 139 128 7 125 140 16
split_gain=1.2221 2.90686 2.67063 1.66559 4.35439 3.78651 4.7538 4.19807
threshold=-28173.074999999993 12306.960000000001 1.0000000180025095e-35 5692.1350000000011 4188.7300000000005 -12437.629999999999 1998.6300000000003 -1.0000000180025095e-35
decision_type=8 8 8 10 2 10 10 2
left_child=1 -1 -3 -2 5 -5 -7 -8
right_child=3 2 -4 4 -6 6 7 -9
leaf_value=0.013248548662503627 -0.00019421180246147115 -0.056358832479331634 0.0032074822195649264 -0.024626549432201664 0.06641368766967555 0.067003895517287942 0.029734542366449315 -0.044875792421559889
leaf_weight=12.257242284607853 1628.7148836437364 11.333341427260168 6.7721542995259396 15.83094434257873 7.5074967991813528 8.7535595463486988 10.420292644938856 7.1696514011509853
leaf_count=2644 137556 5267 2559 5346 3063 1101 2930 2818
internal_value=-5.12517e-05 -0.014973 -0.0340787 0.000218688 0.0137547 0.00438085 0.0218126 -0.000676589
internal_weight=1708.76 30.3627 18.1055 1678.4 49.6819 42.1744 26.3435 17.5899
internal_count=163284 10470 7826 152814 15258 12195 6849 5748
is_linear=0
shrinkage=0.0750466


Tree=299
num_leaves=9
num_cat=0
split_feature=18 146 83 116 148 134 96 64
split_gain=1.1843 3.87114 4.03252 6.80754 11.5611 11.0358 8.2376 6.1124
threshold=21090.000000000004 9971.7750000000015 30311.090000000004 11379.470000000003 3.52 509372.61000000004 1.0000000180025095e-35 11572.960000000001
decision_type=2 10 2 10 8 8 2 2
left_child=-1 2 -2 4 6 -5 -4 -8
right_child=1 -3 3 5 -6 -7 7 -9
leaf_value=-0.00077748538536609327 -0.00012746982560424356 -0.03940880863413062 0.08327337480809166 0.14162221408911885 0.064367181022291511 -0.018864230370939594 -0.0012076319807730921 -0.069181310608504465
leaf_weight=1504.8846258517624 127.02094923352797 10.345283211153399 4.7143451500487563 6.2082721129063403 16.921236984791904 3.9476492519233952 23.832227516966668 10.839250016802906
leaf_count=79773 46281 5625 2686 3621 4407 3297 10558 7036
internal_value=-5.03624e-05 0.00531804 0.00770951 0.0226872 0.0124868 0.0792405 -0.00980238 -0.0224581
internal_weight=1708.71 203.829 193.484 66.463 56.3071 10.1559 39.3858 34.6715
internal_count=163284 83511 77886 31605 24687 6918 20280 17594
is_linear=0
shrinkage=0.0750466


Tree=300
num_leaves=9
num_cat=0
split_feature=102 153 27 103 25 27 116 151
split_gain=1.14551 2.18712 1.35488 4.01369 5.81424 3.14621 3.28844 3.33083
threshold=1.0000000180025095e-35 1.0000000180025095e-35 32.500000000000007 1.0000000180025095e-35 8898.0150000000012 23.500000000000004 2134.6100000000001 12.500000000000002
decision_type=2 10 2 2 2 2 10 10
left_child=2 -2 5 -4 -5 -1 7 -7
right_child=1 -3 3 4 -6 6 -8 -9
leaf_value=0.00010683230612875744 0.0036418779425763294 -0.025398393989020992 -0.036820807529402574 0.087748870478398105 -0.050042876836092612 -0.030996873289266931 0.057929573989348546 0.029918998286752957
leaf_weight=1594.0567899177831 30.263775613533653 28.231194030931874 17.235603278915736 4.1330994078416543 2.9597234035109068 8.1184920336263549 10.645842193881434 13.398734903129478
leaf_count=134152 785 4188 6793 2370 3410 2280 5303 4003
internal_value=-5.30369e-05 -0.0103737 0.000312725 -0.0172665 0.0302505 0.000575712 0.0238142 0.00693532
internal_weight=1709.04 58.495 1650.55 24.3284 7.09282 1626.22 32.1631 21.5172
internal_count=163284 4973 158311 12573 5780 145738 11586 6283
is_linear=0
shrinkage=0.0750466


Tree=301
num_leaves=9
num_cat=0
split_feature=99 26 96 28 149 58 58 58
split_gain=1.17275 3.26104 2.22953 3.61227 3.4709 3.33592 12.435 5.59513
threshold=1.0000000180025095e-35 1.0000000180025095e-35 1.0000000180025095e-35 1395.8750000000002 1366.5000000000002 4689.4600000000009 7157.0650000000014 15734.315000000001
decision_type=2 2 2 2 10 2 2 2
left_child=2 -2 5 4 -4 -1 -7 -8
right_child=1 -3 3 -5 -6 6 7 -9
leaf_value=-0.0047644625658098743 0.024976818603197365 -0.0041659069211011212 0.0010014047569921801 -0.0020643245079642381 0.015669185959365128 0.07080887007474225 -0.034382902708445351 0.031910394728507242
leaf_weight=710.33813082686629 37.960098426090553 50.253325692325234 197.20879130151297 497.74716340071518 168.48847129387286 15.540411969621344 20.513632406340552 11.023208513921416
leaf_count=32301 382 5092 8661 100762 6068 2892 4365 2761
internal_value=-5.19115e-05 0.00837482 -0.000510527 0.00209631 0.00775932 -0.00348229 0.015864 -0.0112111
internal_weight=1709.07 88.2134 1620.86 863.444 365.697 757.415 47.0773 31.5368
internal_count=163284 5474 157810 115491 14729 42319 10018 7126
is_linear=0
shrinkage=0.0750466


Tree=302
num_leaves=9
num_cat=0
split_feature=39 20 151 16 20 16 7 12
split_gain=1.09004 3.6694 5.03047 1.26978 3.61334 6.08114 5.64954 2.91874
threshold=351900.43000000005 104.79500000000002 4.5000000000000009 -176.96999999999997 836.7600000000001 -10288.865 724.37500000000011 4.5000000000000009
decision_type=2 2 8 2 2 2 2 2
left_child=3 -2 -3 4 7 -6 -7 -1
right_child=1 2 -4 -5 5 6 -8 -9
leaf_value=0.010968583120291277 -0.040597302690930065 0.065059730674681446 -0.035054959671642148 0.002662307099671463 -0.053648733617689362 -0.03834820127387159 0.0087381746286125141 -0.0017639176765451656
leaf_weight=116.2860211742227 14.351138168775835 5.8339434319041148 5.4835788305263131 687.78993428317244 19.029433772499033 20.653304429481068 47.030363991287231 791.98507293387229
leaf_count=837 3498 2446 4242 92165 1965 5688 5268 47175
internal_value=-5.13025e-05 -0.0153997 0.016552 0.000182818 -0.00153115 -0.0161678 -0.00562998 -0.000133775
internal_weight=1708.44 25.6687 11.3175 1682.77 994.984 86.7131 67.6837 908.271
internal_count=163284 10186 6688 153098 60933 12921 10956 48012
is_linear=0
shrinkage=0.0750466


Tree=303
num_leaves=9
num_cat=0
split_feature=5 5 6 5 9 6 9 153
split_gain=1.15148 2.9847 6.77 4.62006 3.81451 4.94163 4.66514 4.08334
threshold=76.500000000000014 67.500000000000014 227.50000000000003 61.500000000000007 1656.3400000000004 105.50000000000001 332.88500000000005 1214.0550000000003
decision_type=2 2 2 2 2 2 2 8
left_child=1 3 -3 -1 5 -5 -7 -6
right_child=-2 2 -4 4 7 6 -8 -9
leaf_value=-0.00085142064938336043 0.012127802042592386 -0.00077772923656775541 -0.038634658946115473 -0.015888004498655777 0.040917998370616167 0.042976413176469906 -0.0036243379468632129 0.004859812700993657
leaf_weight=1366.7008549610173 42.637047761476424 97.636798544812336 36.569478597314628 43.868939740743372 41.077357269725326 23.398324452611632 25.05315590072496 31.063163330602038
leaf_count=138249 2872 5918 3915 2106 1565 1584 3102 3973
internal_value=-5.02215e-05 -0.000362005 -0.0110933 0.000578588 0.0124622 0.00235901 0.0188802 0.0253916
internal_weight=1708.01 1665.37 134.206 1531.16 164.461 92.3204 48.4515 72.1405
internal_count=163284 160412 9833 150579 12330 6792 4686 5538
is_linear=0
shrinkage=0.0750466


Tree=304
num_leaves=9
num_cat=0
split_feature=125 16 27 16 97 142 149 27
split_gain=1.16539 2.43397 2.84496 2.27383 1.61167 11.6873 3.9993 1.82687
threshold=-28173.074999999993 -26.824999999999996 14.500000000000002 -2764.8049999999994 147.50000000000003 105570.00000000001 2306.5000000000005 11.500000000000002
decision_type=8 2 2 2 2 10 10 2
left_child=1 3 -3 -1 -2 -6 -7 -8
right_child=4 2 -4 -5 5 6 7 -9
leaf_value=-0.0036904547043687861 -0.00014234827744400076 -0.023349082508542476 0.053804866897964515 -0.055156405130012347 0.088786297011783477 -0.048399430426921609 0.033007747751840358 -0.012739661536887426
leaf_weight=9.2562104175776785 1639.5421134388116 5.5730661551233407 5.2061108521838833 10.1216872044879 9.2719562949896481 9.3514160977683805 10.310946928597334 9.3966085910542443
leaf_count=2526 140526 1883 3252 2809 1907 2768 2601 5012
internal_value=-4.95204e-05 -0.0146714 0.0139146 -0.0305727 0.000213285 0.0154249 -0.00798279 0.0111953
internal_weight=1708.03 30.1571 10.7792 19.3779 1677.87 38.3309 29.059 19.7076
internal_count=163284 10470 5135 5335 152814 12288 10381 7613
is_linear=0
shrinkage=0.0750466


Tree=305
num_leaves=9
num_cat=0
split_feature=4 10 22 116 71 120 10 28
split_gain=1.1574 1.92763 2.74125 7.59841 2.73407 1.95999 1.86812 1.48713
threshold=1.5000000000000002 567.17500000000007 -1.0000000180025095e-35 400.57500000000005 1.0000000180025095e-35 77418.000000000015 1875.5950000000003 1395.8750000000002
decision_type=2 2 2 10 2 10 2 2
left_child=1 7 5 4 -4 -3 -5 -1
right_child=-2 2 3 6 -6 -7 -8 -9
leaf_value=0.00143610610525396 -0.011687404883989835 0.017058629147577407 -0.0026516290175935438 0.0091113683653278477 -0.038444737837532404 0.00077601009660162193 0.058836762759880347 -0.0034492215772279249
leaf_weight=771.18886608187313 46.804528081265744 115.37159705556405 22.286151551556031 7.8179026987800198 26.089329677735805 65.146080682257889 9.3369923592981632 643.97910768657039
leaf_count=23423 2213 3145 3983 2336 1839 4171 3049 119125
internal_value=-4.895e-05 0.000278962 0.00640986 -0.00673736 -0.0219552 0.0111825 0.0361757 -0.000786986
internal_weight=1708.02 1661.22 246.048 65.5304 48.3755 180.518 17.1549 1415.17
internal_count=163284 161071 18523 11207 5822 7316 5385 142548
is_linear=0
shrinkage=0.0750466


Tree=306
num_leaves=9
num_cat=0
split_feature=8 83 27 8 83 140 128 83
split_gain=1.32034 4.76757 3.23561 8.25669 9.31524 8.65529 9.15722 5.8209
threshold=-1.0000000180025095e-35 47319.67500000001 15.500000000000002 6800.3600000000015 134898.68000000002 17914.180000000004 21067.580000000005 2582.5950000000007
decision_type=2 2 2 2 2 10 8 2
left_child=1 -1 -2 7 5 6 -5 -4
right_child=2 -3 3 4 -6 -7 -8 -9
leaf_value=0.0082394805777441862 -0.0017480478580873299 -0.029085763165759559 0.081352069014172884 0.11269742291983409 0.098347120208285954 -0.031676449669193682 -0.009766115079974505 0.0064713029911081382
leaf_weight=224.84593095974287 1381.9514748010915 21.080090244014173 14.171773014957582 5.5632763717603648 4.7395721463481086 35.573828749207678 9.0053074256720702 9.9528540522824169
leaf_count=26220 97197 7064 2047 2799 4033 16835 3342 3747
internal_value=-4.72396e-05 0.00504007 -0.000903596 0.0138672 -0.00221765 -0.0117233 0.0369988 0.0504593
internal_weight=1706.88 245.926 1460.96 79.0066 54.882 50.1424 14.5686 24.1246
internal_count=163284 33284 130000 32803 27009 22976 6141 5794
is_linear=0
shrinkage=0.0750466


Tree=307
num_leaves=9
num_cat=0
split_feature=142 103 103 51 103 149 153 84
split_gain=1.11213 4.43291 4.62827 6.77316 5.08849 8.73002 4.8536 3.81686
threshold=154836.00000000003 3.5000000000000004 1.0000000180025095e-35 1.0000000180025095e-35 1.5000000000000002 2306.5000000000005 2046.8850000000002 5.5000000000000009
decision_type=10 2 2 2 2 10 10 2
left_child=7 2 -2 6 -5 -6 -4 -1
right_child=1 -3 3 4 5 -7 -8 -9
leaf_value=-0.0026079880559173678 0.0014158441072686997 -0.026178441235399481 0.018220806278754251 -0.065422492083044695 0.09245838648321926 -0.05773146314875973 0.067078849471584476 0.022633777626995158
leaf_weight=942.60701281513684 634.51713440061758 29.803198370274913 31.059633057710016 7.4283955587234258 4.4622662730935172 4.2611521992275811 18.138807962222927 34.991109084970958
leaf_count=52960 57306 18267 2470 6971 3659 6142 4158 11351
internal_value=-4.97295e-05 0.00216731 0.00337439 0.0223909 -0.0197757 0.0190947 0.0362341 -0.00170451
internal_weight=1707.27 729.671 699.867 65.3503 16.1518 8.72342 49.1984 977.598
internal_count=163284 98973 80706 23400 16772 9801 6628 64311
is_linear=0
shrinkage=0.0750466


Tree=308
num_leaves=9
num_cat=0
split_feature=107 20 135 18 141 20 20 135
split_gain=1.23194 3.42396 5.88033 5.92739 4.92218 3.79721 3.73765 3.72184
threshold=12.500000000000002 1.0000000180025095e-35 -1840.4999999999998 252.93500000000003 2.2850000000000006 3.8350000000000004 6276.0250000000005 -228.49999999999997
decision_type=2 2 10 2 8 2 2 10
left_child=-1 7 3 -3 6 -4 -5 -2
right_child=1 2 5 4 -6 -7 -8 -9
leaf_value=0.0026983687456200054 -0.0037862528169027901 -0.04508459920277566 0.029112695464415278 -0.054786012580456712 0.016800624027175911 0.0049994743985690409 0.0087581946408937898 -0.033581717543765537
leaf_weight=597.10290604142938 652.29679712398411 24.872954101796495 41.701283433949357 12.848358208327229 33.980571093497929 311.68741838876394 8.7728275346253195 24.498025330980454
leaf_count=7521 64358 693 5655 3027 3682 72378 3365 2605
internal_value=-5.06517e-05 -0.00152856 0.00367568 -0.0146328 -0.00101042 0.00784493 -0.0290029 -0.00486476
internal_weight=1707.76 1110.66 433.863 80.4747 55.6018 353.389 21.6212 676.795
internal_count=163284 155763 88800 10767 10074 78033 6392 66963
is_linear=0
shrinkage=0.0750466


Tree=309
num_leaves=9
num_cat=0
split_feature=112 147 81 52 25 84 115 9
split_gain=1.08635 5.42854 1.76657 6.48526 13.3164 4.62073 3.5879 4.70075
threshold=41172.30000000001 -1.0000000180025095e-35 166963.90500000003 118596.87000000001 5340.5650000000014 5.5000000000000009 57176.19000000001 3165.5400000000004
decision_type=8 8 2 2 2 2 8 2
left_child=1 -1 -2 6 -5 -6 7 -4
right_child=2 -3 3 4 5 -7 -8 -9
leaf_value=-0.0099390189780247593 -2.5519936713928666e-05 0.028567067863949695 -0.026418546410950351 0.21355455856502828 -0.075215730907879932 0.095499670179803348 -0.060600231121465765 0.040032441959692716
leaf_weight=43.43541757119965 1572.4684312733789 39.255421760768513 27.315671967277012 2.0672145506914594 2.7694786036345249 1.3178589871777147 11.220923068409318 7.681524489682487
leaf_count=5204 133819 1161 8120 1763 5262 2344 2450 3161
internal_value=-5.00918e-05 0.00834079 -0.000477118 -0.0140362 0.0583324 -0.0201729 -0.023673 -0.0118332
internal_weight=1707.53 82.6908 1624.84 52.3727 6.15455 4.08734 46.2181 34.9972
internal_count=163284 6365 156919 23100 9369 7606 13731 11281
is_linear=0
shrinkage=0.0750466


Tree=310
num_leaves=9
num_cat=0
split_feature=72 9 20 20 97 97 0 55
split_gain=1.06466 5.37754 5.57611 2.32176 9.50331 8.48411 7.17616 10.749
threshold=2506.0200000000004 3165.5400000000004 1.0000000180025095e-35 104.79500000000002 28.500000000000004 130.50000000000003 31507133.500000004 1.0000000180025095e-35
decision_type=2 2 2 2 2 2 2 2
left_child=3 -2 -3 -1 6 -6 7 -5
right_child=1 2 -4 4 5 -7 -8 -9
leaf_value=0.0017178866693669226 -0.024459003796617324 -0.016786839508669004 0.033665999142598935 -0.015117940159131314 0.021939586140422795 -0.035124988979121523 -0.028555034847101708 0.054427405343607314
leaf_weight=1330.4862743897202 51.660505929921783 23.11546231092143 26.45944106476054 47.860742840173771 85.528748433771398 17.71230000487958 107.33630154373441 16.949587922305
leaf_count=94963 1814 1797 3948 4623 26679 9013 15057 5390
internal_value=-5.09027e-05 -0.00751532 0.0101412 0.000419659 -0.00585249 0.0121494 -0.0166487 0.00306998
internal_weight=1707.11 101.235 49.5749 1605.87 275.388 103.241 172.147 64.8103
internal_count=163284 7559 5745 155725 60762 35692 25070 10013
is_linear=0
shrinkage=0.0750466


Tree=311
num_leaves=9
num_cat=0
split_feature=125 9 150 135 135 150 81 125
split_gain=1.10505 3.26023 3.62178 1.36272 5.74526 4.53966 3.01099 5.13729
threshold=-28173.074999999993 2299.4850000000006 12306.960000000001 -927.99999999999989 -989.49999999999989 3519.0050000000006 15997.960000000001 -4536.1249999999991
decision_type=8 2 8 8 10 10 2 10
left_child=1 2 -1 4 6 -6 -2 -8
right_child=3 -3 -4 -5 5 -7 7 -9
leaf_value=0.045521773467780136 0.0033143783540807892 -0.040139689062707581 -0.026669165580014115 -0.0023402373833473072 0.0068035794201132954 0.057313552757783985 -0.010961648845837651 0.019630470784683246
leaf_weight=7.8151256614146423 699.05486225092318 14.366375234925725 7.8408446804296545 694.92668292316466 22.106481573144265 18.331657059055942 206.60096498470648 36.355768384248222
leaf_count=1815 43134 5037 3618 49725 1173 3974 45162 9646
internal_value=-5.23159e-05 -0.0143231 0.00936701 0.000203108 0.00200212 0.0297011 0.000813075 -0.00638388
internal_weight=1707.4 30.0223 15.656 1677.38 982.45 40.4381 942.012 242.957
internal_count=163284 10470 5433 152814 103089 5147 97942 54808
is_linear=0
shrinkage=0.0750466


Tree=312
num_leaves=9
num_cat=0
split_feature=107 107 149 18 73 106 149 28
split_gain=1.07432 2.5038 3.40387 10.0872 7.08439 6.40583 6.04233 9.60521
threshold=22.500000000000004 38.500000000000007 1714.5000000000002 1949.6600000000001 4.5000000000000009 11765.190000000001 3571.5000000000005 1395.8750000000002
decision_type=2 2 8 2 2 2 8 2
left_child=-1 -2 3 4 -3 -5 7 -4
right_child=1 2 6 5 -6 -7 -8 -9
leaf_value=0.0018438625918279653 -0.007682859244207042 -0.0039833274060797931 0.056793608891582407 0.010530365546018142 -0.058059490794364239 -0.053192736203080661 -0.0025702210594861293 0.0076786315407697441
leaf_weight=847.87137757390155 284.28498274076264 24.351301566006441 27.13365424060612 101.17253371517472 31.031882154864434 9.7400522324696777 252.56891272600024 129.23829394990116
leaf_count=13278 11064 1655 2614 28334 3929 4744 62518 35148
internal_value=-5.15057e-05 -0.00192118 0.000926267 -0.00812655 -0.0342829 0.00493437 0.00460759 0.0162011
internal_weight=1707.39 859.522 575.237 166.296 55.3832 110.913 408.941 156.372
internal_count=163284 150006 138942 38662 5584 33078 100280 37762
is_linear=0
shrinkage=0.0750466


Tree=313
num_leaves=9
num_cat=0
split_feature=8 149 135 113 58 9 107 135
split_gain=1.14027 3.57698 3.88404 4.91226 3.93216 2.3983 2.24091 4.19322
threshold=-8804.7999999999975 636.50000000000011 -624.49999999999989 -409.99999999999994 1208.2600000000002 655.8850000000001 22.500000000000004 -348.99999999999994
decision_type=2 8 8 8 2 2 2 10
left_child=1 -1 3 4 -3 -6 -2 -8
right_child=6 2 -4 -5 5 -7 7 -9
leaf_value=0.038959151050478973 0.0021985707678186858 -0.024358913451755445 0.023527530580412022 -0.049707817054065635 0.049862883010935444 0.002910950312465656 -0.0020584227441470949 -0.025617540890201695
leaf_weight=17.077166743370981 818.68342642730568 18.440253664513875 29.556584178901176 13.417207567015792 9.9649972371280473 15.909090185518833 738.79259996566361 45.14945354064821
leaf_count=2527 12597 2974 2887 2152 1796 4307 124735 9309
internal_value=-5.25236e-05 0.00754824 0.00140297 -0.00992405 0.00212142 0.0209937 -0.000547497 -0.00341526
internal_weight=1706.99 104.365 87.2881 57.7315 44.3143 25.8741 1602.63 783.942
internal_count=163284 16643 14116 11229 9077 6103 146641 134044
is_linear=0
shrinkage=0.0750466


Tree=314
num_leaves=9
num_cat=0
split_feature=0 6 71 116 140 71 0 55
split_gain=1.05553 1.7999 6.1453 3.80159 3.5251 3.08193 1.85687 5.14731
threshold=70230055.500000015 40.500000000000007 1.0000000180025095e-35 2134.6100000000001 -1.0000000180025095e-35 1.5000000000000002 31507133.500000004 1.0000000180025095e-35
decision_type=2 2 2 8 10 2 2 2
left_child=1 2 3 4 -1 6 7 -3
right_child=-2 5 -4 -5 -6 -7 -8 -9
leaf_value=0.0146011492479868 -0.0081734962189454925 -0.0019867123516934455 -0.0029012137440858569 -0.0030065648695407308 0.04717451846345988 0.02227700952831432 -0.0035000074448770491 0.0159334226247414
leaf_weight=42.212672441717586 85.594041727252261 375.35478701765169 169.64399868894543 28.75469453077767 33.609311863076073 31.95503650014507 820.35417266335753 118.8590282463565
leaf_count=2846 5442 28391 3862 4158 6357 1604 77995 32629
internal_value=-5.13651e-05 0.000377578 0.00591943 0.0202283 0.0290398 -0.000751026 -0.0013108 0.0023231
internal_weight=1706.34 1620.74 274.221 104.577 75.822 1346.52 1314.57 494.214
internal_count=163284 157842 17223 13361 9203 140619 139015 61020
is_linear=0
shrinkage=0.0750466


Tree=315
num_leaves=9
num_cat=0
split_feature=56 28 107 149 10 56 107 129
split_gain=1.17045 3.28067 2.09528 1.4963 5.20034 4.92549 3.22557 3.14094
threshold=11582.655000000002 1395.8750000000002 123.50000000000001 5660.5000000000009 -1249.4199999999998 70.440000000000012 22.500000000000004 9.5000000000000018
decision_type=2 2 2 10 2 2 2 8
left_child=3 -2 -3 -1 7 6 -6 -5
right_child=1 2 -4 4 5 -7 -8 -9
leaf_value=-0.00043950357413619176 0.021782806762689701 -0.010152395434691168 -0.065323806783966584 -0.065742935538870326 0.024578681367924071 0.043574222495140251 -0.0072824844993088014 -0.004501225007211479
leaf_weight=1562.3186168448456 8.2038582265959139 7.9994665146368771 7.5224983535354113 7.2731960309156447 29.900578024680726 25.770957641627319 44.571918061970791 13.417980946442183
leaf_count=130102 1423 4267 9343 3650 564 4725 5150 4060
internal_value=-5.02878e-05 -0.0166025 -0.0368904 0.00018302 0.00822521 0.0152955 0.00550972 -0.0260284
internal_weight=1706.98 23.7258 15.522 1683.25 120.935 100.243 74.4725 20.6912
internal_count=163284 15033 13610 148251 18149 10439 5714 7710
is_linear=0
shrinkage=0.0750466


Tree=316
num_leaves=9
num_cat=0
split_feature=39 81 81 73 5 113 85 25
split_gain=1.02755 3.31531 3.49904 1.31991 5.76041 6.74272 5.99411 5.6869
threshold=351900.43000000005 8797.7650000000012 69044.115000000005 9.5000000000000018 39.500000000000007 -501.99999999999994 11788.650000000001 13149.170000000002
decision_type=2 2 2 2 2 10 2 2
left_child=3 -2 -3 -1 -5 6 -6 -8
right_child=1 2 -4 4 5 -7 7 -9
leaf_value=0.00092299075126942834 -0.039636787734381222 0.057118754046823081 -0.025452653934918329 0.014074269115331635 -0.034729180256594293 0.011920446650947571 0.055451732587082067 -0.030694742648281887
leaf_weight=1493.6178534196624 13.945330911119528 5.6265922299899085 5.9435147439990033 57.321621367331318 74.648943253189827 38.448337576965059 9.0346747285839246 8.2629964149555217
leaf_count=98371 3665 2171 4350 16487 15899 11936 3808 6597
internal_value=-4.92747e-05 -0.0149965 0.0147022 0.00017756 -0.00575366 -0.01447 -0.0255054 0.0143001
internal_weight=1706.85 25.5154 11.5701 1681.33 187.717 130.395 91.9466 17.2977
internal_count=163284 10186 6521 153098 54727 38240 26304 10405
is_linear=0
shrinkage=0.0750466


Tree=317
num_leaves=9
num_cat=0
split_feature=0 149 150 25 118 6 27 104
split_gain=1.09543 4.67828 3.56609 5.51468 4.06808 2.51264 5.3566 2.0784
threshold=15842220.000000002 2810.5000000000005 7173.1900000000014 1.0000000180025095e-35 inf 266.50000000000006 1.5000000000000002 39921.000000000007
decision_type=2 8 10 2 8 2 2 2
left_child=1 -1 -3 -4 -5 7 -7 -2
right_child=5 2 3 4 -6 6 -8 -9
leaf_value=-0.035065023895039835 0.00055621108539973029 0.0086726919286301829 -0.054150119967514336 -0.039719154960195138 0.055989576396483512 0.051169515153873434 -0.0076663289175322594 -0.014610104116190311
leaf_weight=26.114645007504805 1492.2488562599747 75.764137098682113 14.418697947574403 4.1811605578886866 6.2250622630290309 16.659886401204858 18.274708630659916 52.686562427629724
leaf_count=2862 118525 4379 2890 3208 2990 521 4379 23530
internal_value=-4.94042e-05 -0.00676333 0.000584271 -0.0241011 0.0175344 0.000489045 0.0203918 3.89979e-05
internal_weight=1706.57 126.704 100.589 24.8249 10.4062 1579.87 34.9346 1544.94
internal_count=163284 16329 13467 9088 6198 146955 4900 142055
is_linear=0
shrinkage=0.0750466


Tree=318
num_leaves=9
num_cat=0
split_feature=80 0 97 112 20 0 142 112
split_gain=1.07494 4.32758 6.53294 4.17458 11.232 3.8467 3.33106 3.41004
threshold=4.5000000000000009 44238857.000000007 9.5000000000000018 444316.4150000001 34.560000000000009 35799005.000000007 77418.000000000015 139352.40000000002
decision_type=2 2 2 10 2 2 10 10
left_child=-1 3 -3 5 -5 6 -2 -8
right_child=1 2 -4 4 -6 -7 7 -9
leaf_value=-0.00054126042400676829 0.032192276020867001 0.037291478448189336 -0.033308268644636936 0.12259842371965302 -0.0057877928250672549 0.038525700307618239 -0.042814103177995597 0.0081542025271433491
leaf_weight=1596.8405887718582 10.441973057055291 10.206981256898869 26.669716963700921 7.0150515964824072 8.4733753318141662 16.818927978748434 14.66110389500682 14.913063406916079
leaf_count=135173 1315 2030 6424 2038 4843 3505 3412 4544
internal_value=-4.86443e-05 0.00715491 -0.0137672 0.0178228 0.0523612 0.00841055 -0.00424696 -0.0171128
internal_weight=1706.04 109.2 36.8767 72.3235 15.4884 56.8351 40.0161 29.5742
internal_count=163284 28111 8454 19657 6881 12776 9271 7956
is_linear=0
shrinkage=0.0750466


Tree=319
num_leaves=9
num_cat=0
split_feature=33 33 0 72 33 64 0 9
split_gain=1.09933 3.03684 1.75474 1.28082 1.37551 10.7965 7.56733 7.37824
threshold=175039.38000000003 453889.19500000007 42644405.000000007 -1.0000000180025095e-35 8897.4100000000017 1.0000000180025095e-35 31507133.500000004 1579.095
decision_type=2 2 2 2 2 2 2 2
left_child=3 2 -2 -1 -5 6 -6 -8
right_child=1 -3 -4 4 5 -7 7 -9
leaf_value=-0.010865825730907759 -0.058199279232764752 0.024724836186074513 -0.01000605895490154 6.3328504229194464e-05 0.062329843626121137 -0.057012100907534433 -0.029301636645329813 0.028660639175900979
leaf_weight=57.116959514951304 8.2074219423111625 7.2675283709695568 8.8358228013594253 1542.319544705013 18.462476339969726 11.625624088634138 20.054286796428642 32.273990984354896
leaf_count=4352 4037 2402 3169 125690 3946 10233 6077 3378
internal_value=-4.92378e-05 -0.0158938 -0.0332142 0.000179791 0.000568095 0.0100142 0.0210216 0.00644718
internal_weight=1706.16 24.3108 17.0432 1681.85 1624.74 82.4164 70.7908 52.3283
internal_count=163284 9608 7206 153676 149324 23634 13401 9455
is_linear=0
shrinkage=0.0750466


Tree=320
num_leaves=9
num_cat=0
split_feature=103 142 103 85 142 116 115 142
split_gain=1.10771 13.5652 5.87324 3.94093 4.37004 4.07946 3.88201 3.78223
threshold=5.5000000000000009 182988.00000000003 9.5000000000000018 39354.150000000009 154836.00000000003 400.57500000000005 713.80000000000007 400242.26000000007
decision_type=2 10 2 2 10 8 8 10
left_child=3 2 6 -1 -5 7 -2 -6
right_child=1 -3 -4 4 5 -7 -8 -9
leaf_value=0.0002302892237206603 0.036073294484861421 -0.045457467737207241 -0.00070301703678083132 -0.047924116030288073 0.055954359246353606 -0.044807414964053681 0.11051079629895365 -0.02849862190311955
leaf_weight=1625.5777101557751 7.835471376780335 14.571691268219181 9.674401878812203 20.412604816308885 8.460918573730849 7.0109909312695899 7.948521173424524 4.616031031751846
leaf_count=127005 2594 10235 2995 6678 3812 4786 2333 2846
internal_value=-4.94209e-05 0.0122871 0.0453386 -0.000345826 -0.0234695 0.00138045 0.0735586 0.0261433
internal_weight=1706.11 40.0301 25.4584 1666.08 40.5005 20.0879 15.784 13.0769
internal_count=163284 18157 7922 145127 18122 11444 4927 6658
is_linear=0
shrinkage=0.0750466


Tree=321
num_leaves=9
num_cat=0
split_feature=109 16 107 150 32 16 16 149
split_gain=1.14189 4.48408 5.11229 4.70649 4.04171 9.81822 5.59266 4.03567
threshold=1.0000000180025095e-35 -3350.2649999999999 12.500000000000002 552.33500000000015 1.0000000180025095e-35 -471.88999999999993 -2274.0149999999999 3571.5000000000005
decision_type=2 2 2 8 2 2 2 10
left_child=4 2 -2 -4 6 -6 -1 -3
right_child=1 7 3 -5 5 -7 -8 -9
leaf_value=0.0035074889494197702 0.013557267474093674 0.0086804062945670425 -0.049147814166757009 -0.010137995626054958 -0.0046388115731462688 0.054315361189142021 -0.0086622000730103219 -0.0048827022622182602
leaf_weight=383.6513152863954 40.638525009388104 448.23031734968845 21.413841775471155 93.358358618167586 46.802516462565109 24.103412960353126 477.22909204819734 170.57314081340337
leaf_count=6187 402 60151 1911 16617 4689 3833 31186 38308
internal_value=-5.04824e-05 0.00207953 -0.00931701 -0.0174163 -0.00182029 0.0154018 -0.00323878 0.00494174
internal_weight=1706 774.214 155.411 114.772 931.786 70.9059 860.88 618.803
internal_count=163284 117389 18930 18528 45895 8522 37373 98459
is_linear=0
shrinkage=0.0750466


Tree=322
num_leaves=9
num_cat=0
split_feature=149 7 8 72 8 149 107 149
split_gain=1.13808 5.1152 9.07283 8.03161 9.61664 7.41164 7.29083 5.04168
threshold=636.50000000000011 568.82500000000016 6800.3600000000015 1.0000000180025095e-35 1349.8850000000002 1189.5000000000002 45.500000000000007 3571.5000000000005
decision_type=10 2 2 2 2 10 2 10
left_child=-1 3 -3 6 -5 -4 -2 -8
right_child=1 2 5 4 -6 -7 7 -9
leaf_value=-0.002632346062315253 -0.0093562158463058667 0.020196445059895513 0.023556219551486544 -0.0025844839352722254 -0.053047916316461122 -0.002757165771315111 0.030018171751862249 -0.0039846384658641619
leaf_weight=614.93727718786522 165.19034998778079 169.48763400941607 68.548940583305011 45.733600284904242 39.7571397991087 500.18514116007736 60.345286466075322 41.412460267498318
leaf_count=29492 4951 10598 5033 4584 4446 67547 20550 16083
internal_value=-5.06366e-05 0.00140499 0.00495611 -0.00603323 -0.0260523 0.00041436 0.00037792 0.01618
internal_weight=1705.6 1090.66 738.222 352.439 85.4907 568.734 266.948 101.758
internal_count=163284 133792 83178 50614 9030 72580 41584 36633
is_linear=0
shrinkage=0.0750466


Tree=323
num_leaves=9
num_cat=0
split_feature=151 25 9 153 139 131 64 56
split_gain=1.06909 3.7356 7.99005 6.97367 4.37978 3.77849 3.87123 7.55845
threshold=4.5000000000000009 14700.440000000001 740.52500000000009 2844.5250000000001 220.48000000000005 5401.6650000000009 11572.960000000001 3411.1250000000005
decision_type=10 2 2 10 8 10 2 2
left_child=-1 5 3 -3 -4 6 7 -2
right_child=1 2 4 -5 -6 -7 -8 -9
leaf_value=-0.00088795795271953985 0.0046697164752528449 -0.013804089349957405 -0.053298040220627778 0.10073915957772259 0.021901872289180349 0.048611371589190273 -0.024599644103380929 0.059468644392062127
leaf_weight=1423.7666297519236 192.1521268316701 7.2578309094278648 22.829536011745404 5.0949832147653069 5.3921952395721773 12.085886715427476 21.702847223223216 15.305005171265291
leaf_count=86454 25235 4956 18558 4194 4259 4052 9864 5712
internal_value=-5.20323e-05 0.00417109 -0.0168971 0.0334399 -0.0389299 0.00771451 0.00555761 0.00871247
internal_weight=1705.59 281.82 40.5745 12.3528 28.2217 241.246 229.16 207.457
internal_count=163284 76830 31967 9150 22817 44863 40811 30947
is_linear=0
shrinkage=0.0750466


Tree=324
num_leaves=9
num_cat=0
split_feature=138 134 151 113 80 146 11 55
split_gain=0.99478 4.08898 3.66828 7.52505 3.61582 1.67571 4.84793 5.37113
threshold=97358.630000000019 160466.40000000002 23.500000000000004 -713.99999999999989 1.0000000180025095e-35 1.0000000180025095e-35 93.555000000000021 1.0000000180025095e-35
decision_type=10 10 10 10 2 10 2 2
left_child=5 -2 4 -4 -3 -1 -7 -8
right_child=1 2 3 -5 -6 6 7 -9
leaf_value=-0.0003460953550692851 0.035731716377260372 -0.0024262969582218956 0.09689806300490468 -0.043782623010627866 -0.059101345479824381 0.034306926605145449 0.011117699079351871 -0.038274243403693418
leaf_weight=1567.4532896437031 8.4106819764820084 10.569464693418924 3.912684669436203 4.7303605756751477 15.84325865853816 30.947827023614082 47.140357800015408 16.825622092211233
leaf_count=136786 1250 1415 2065 3304 6894 1292 5212 5066
internal_value=-5.28244e-05 -0.0112604 -0.0225349 0.0199032 -0.0364219 0.000240224 0.00992299 -0.00187437
internal_weight=1705.83 43.4665 35.0558 8.64305 26.4127 1662.37 94.9138 63.966
internal_count=163284 14928 13678 5369 8309 148356 11570 10278
is_linear=0
shrinkage=0.0750466


Tree=325
num_leaves=9
num_cat=0
split_feature=147 21 135 147 30 6 22 30
split_gain=1.09131 4.43898 4.39525 6.92227 5.23678 4.95262 4.62057 4.5076
threshold=-7681.6749999999993 1.0000000180025095e-35 -1355.4999999999998 -10789.794999999998 1.5000000000000002 31.500000000000004 -9370.4499999999989 2.5000000000000004
decision_type=8 2 10 10 2 2 2 2
left_child=1 -1 4 -4 6 -6 -3 -7
right_child=-2 2 3 -5 5 7 -8 -9
leaf_value=0.036661723051711385 -0.0012652059509984286 0.023132346740098342 0.0028628796596742259 0.037382008120989921 0.076029001669777024 0.054942612770641941 -0.016647336706853765 -0.0099172872307830822
leaf_weight=21.023631414987904 1211.2279541676653 18.432563033755287 224.46184092347676 38.301151529654817 6.833986675776031 7.9665291346527729 152.51220551912957 24.885732715380527
leaf_count=1170 50090 2444 60697 4155 2177 2487 29679 10385
internal_value=-5.23898e-05 0.00291878 0.00142024 0.0078945 -0.00665642 0.0179025 -0.012358 0.00581095
internal_weight=1705.65 494.418 473.394 262.763 210.631 39.6862 170.945 32.8523
internal_count=163284 113194 112024 64852 47172 15049 32123 12872
is_linear=0
shrinkage=0.0750466


Tree=326
num_leaves=9
num_cat=0
split_feature=22 11 128 129 83 57 57 27
split_gain=1.00568 3.57819 3.70046 5.97363 6.1474 5.2307 3.89732 11.7652
threshold=319.2050000000001 52.845000000000006 5692.1350000000011 4.5000000000000009 27020.265000000003 5.5000000000000009 6.5000000000000009 13.500000000000002
decision_type=2 2 8 8 2 2 2 2
left_child=-1 -2 5 4 -4 -3 -5 -8
right_child=1 2 3 6 -6 -7 7 -9
leaf_value=0.0013887776346722166 -0.014109228560679031 -0.0070402302438589293 0.011772211863452606 -0.00040331683530286548 0.098160674238133253 -0.063857372834036821 0.11566332550935381 -0.0048046421337471492
leaf_weight=1049.3721441725374 119.36442395367794 86.747198515826767 12.749562139317279 398.74366766505227 7.2928260159815173 10.198475263843646 6.6140675145015875 14.743539847901955
leaf_count=39651 6658 24955 4345 70071 3572 5347 1578 7107
internal_value=-5.24418e-05 -0.0023563 0.000255709 0.0031792 0.0432064 -0.0130173 0.00126957 0.0325021
internal_weight=1705.83 656.454 537.089 440.144 20.0424 96.9457 420.101 21.3576
internal_count=163284 123633 116975 86673 7917 30302 78756 8685
is_linear=0
shrinkage=0.0750466


Tree=327
num_leaves=9
num_cat=0
split_feature=138 50 11 107 153 147 7 20
split_gain=0.994254 2.25739 1.76013 4.51875 3.25086 5.30447 4.70229 4.20104
threshold=-1.0000000180025095e-35 1.0000000180025095e-35 18.395000000000003 12.500000000000002 475.06500000000005 -7681.6749999999993 1.0000000180025095e-35 3581.3600000000001
decision_type=8 2 2 2 8 10 2 2
left_child=-1 2 -2 -4 -5 7 -7 -6
right_child=1 -3 3 4 5 6 -8 -9
leaf_value=-0.0096346852272017874 -0.0026305590050869415 -0.021953909374273096 0.013681998053740221 0.0061138851630373019 -0.0031680993720313729 0.016427949857808398 -0.029138699980164946 0.017201290104812979
leaf_weight=58.891120310279803 590.53893090263682 25.301733050870098 170.17355781170772 332.34704072676686 377.11966000083612 15.67793390598308 68.411710579552164 67.1835663838865
leaf_count=2104 12209 10907 3120 25749 66727 2741 9416 30311
internal_value=-5.33824e-05 0.000289264 0.000636354 0.00250774 0.000298524 -0.00335921 -0.0206431 -8.80222e-05
internal_weight=1705.65 1646.75 1621.45 1030.91 860.74 528.393 84.0896 444.303
internal_count=163284 161180 150273 138064 134944 109195 12157 97038
is_linear=0
shrinkage=0.0750466


Tree=328
num_leaves=9
num_cat=0
split_feature=102 74 99 32 8 8 27 8
split_gain=1.01835 2.61155 1.4711 2.51874 8.1811 1.9814 1.55156 3.0055
threshold=1.0000000180025095e-35 1213.8100000000002 1.0000000180025095e-35 2.5000000000000004 43644.710000000006 16678.810000000001 29.500000000000004 5445.8800000000001
decision_type=2 2 2 2 2 2 2 2
left_child=2 -2 3 6 5 -5 -1 -8
right_child=1 -3 -4 4 -6 -7 7 -9
leaf_value=0.00074119618842159545 0.0075325371561318676 -0.024543731256848778 0.012878971082278017 -0.01876274699552713 0.031655433935227933 -0.055665620496813235 0.0049734091385137584 -0.042610971465232551
leaf_weight=1520.656604434877 26.362030689588209 31.23053569133026 50.676961682380352 16.032026839026003 13.572909976990557 16.761461014934866 16.615698157675983 13.590029450383552
leaf_count=129485 2071 2902 3732 4386 2949 3984 6040 7735
internal_value=-5.20682e-05 -0.00986136 0.000290756 -0.000108643 -0.0173441 -0.0376246 0.000406649 -0.0164355
internal_weight=1705.5 57.5926 1647.91 1597.23 46.3664 32.7935 1550.86 30.2057
internal_count=163284 4973 158311 154579 11319 8370 143260 13775
is_linear=0
shrinkage=0.0750466


Tree=329
num_leaves=9
num_cat=0
split_feature=5 5 6 5 83 20 57 5
split_gain=0.942285 2.63346 6.20146 3.95287 5.60238 3.78511 2.8929 2.8192
threshold=76.500000000000014 67.500000000000014 227.50000000000003 61.500000000000007 1407.6450000000002 1.6450000000000002 1.0000000180025095e-35 57.500000000000007
decision_type=2 2 2 2 2 2 2 2
left_child=1 3 -3 7 6 -6 -5 -1
right_child=-2 2 -4 4 5 -7 -8 -9
leaf_value=0.00023994420362431152 0.010921612847953311 -0.0006548491993606983 -0.037243000945290802 0.0096597991693839046 -0.046502543632807619 0.0062463478496784181 0.03242851891990544 -0.01216604368368796
leaf_weight=1251.1868662585807 42.971360804353026 97.308135023717114 35.647842476291771 84.557368316836801 13.819705521653306 17.193219934762965 50.019134113051223 112.43353999839746
leaf_count=127574 2872 5918 3915 2381 1682 4145 4122 10675
internal_value=-5.0493e-05 -0.000334151 -0.0104648 0.000546649 0.0114959 -0.0172591 0.0181224 -0.000782957
internal_weight=1705.14 1662.17 132.956 1529.21 165.589 31.0129 134.577 1363.62
internal_count=163284 160412 9833 150579 12330 5827 6503 138249
is_linear=0
shrinkage=0.0750466


Tree=330
num_leaves=9
num_cat=0
split_feature=33 97 33 74 149 149 74 22
split_gain=1.04167 4.34237 1.21594 7.75886 8.97575 9.26406 7.44944 6.41451
threshold=115002.37000000001 5.5000000000000009 1.0000000180025095e-35 2126.0350000000003 1894.5000000000002 1366.5000000000002 117.34500000000001 3393.0150000000008
decision_type=2 2 2 2 8 10 2 2
left_child=2 -2 -1 4 5 -4 -6 -8
right_child=1 -3 3 -5 6 -7 7 -9
leaf_value=-0.00028336813500436976 0.0066996021844400507 -0.047916884419935565 -0.00135385412239799 0.051162110096419008 0.025063201504566451 0.095536076494679156 -0.052726740939654883 0.018182015054416616
leaf_weight=1571.4268962920523 23.059071934943859 12.721850561183144 14.011662935050483 19.162196854310423 15.808670905724282 9.2117505099822647 30.215511479771521 9.4265069984048733
leaf_count=127188 4772 9640 3719 4602 1191 2007 4276 5889
internal_value=-4.95533e-05 -0.0127192 0.000222023 0.00833951 -0.00209055 0.0370783 -0.0184949 -0.0358653
internal_weight=1705.04 35.7809 1669.26 97.8363 78.6741 23.2234 55.4507 39.642
internal_count=163284 14412 148872 21684 17082 5726 11356 10165
is_linear=0
shrinkage=0.0750466


Tree=331
num_leaves=9
num_cat=0
split_feature=96 107 134 151 9 11 127 127
split_gain=1.01002 8.24315 6.35177 4.09414 4.92013 4.3921 7.34378 3.50275
threshold=1.0000000180025095e-35 1.0000000180025095e-35 80233.200000000012 1.0000000180025095e-35 579.65500000000009 93.555000000000021 3893.5000000000005 145.50000000000003
decision_type=2 2 8 8 2 2 8 8
left_child=-1 -2 3 -3 -5 -6 -7 -4
right_child=1 2 7 4 5 6 -8 -9
leaf_value=-0.0020165369220167258 0.052486179897525374 -0.010282779325623137 -0.033495466982348371 6.3340759860176923e-05 0.051423722800120107 0.038313909533405667 -0.027452554832884817 -0.0013273093546306367
leaf_weight=790.06410297129833 17.615841046907008 29.418941578431259 19.576236345926191 41.438851799139229 35.757244149324833 27.826109560086479 14.569289555332942 728.87797435794664
leaf_count=42980 145 2064 3118 6147 840 4587 1901 101502
internal_value=-5.08562e-05 0.00164628 0.000648369 0.014798 0.0209677 0.0320518 0.0157131 -0.00216869
internal_weight=1705.14 915.08 897.465 149.01 119.591 78.1526 42.3954 748.454
internal_count=163284 120304 120159 15539 13475 7328 6488 104620
is_linear=0
shrinkage=0.0750466


Tree=332
num_leaves=9
num_cat=0
split_feature=97 6 116 25 97 24 97 5
split_gain=1.0066 12.0479 7.60818 6.51014 4.92507 3.51607 2.44704 7.03641
threshold=147.50000000000003 171.50000000000003 1.0000000180025095e-35 3329.2250000000004 116.50000000000001 1.5000000000000002 94.500000000000014 39.500000000000007
decision_type=2 2 10 2 2 2 2 2
left_child=4 3 -3 -2 6 -6 -1 -8
right_child=1 2 -4 -5 5 -7 7 -9
leaf_value=-0.00024529404563242358 0.011643119505983245 0.11026313941702595 0.0084514985118125489 -0.063334040666589028 -0.0057531717151128323 -0.060847328564514892 0.06847966239255289 -0.004571273151718608
leaf_weight=1602.220023307565 15.507286277133973 8.6381780066412848 7.9274478769971202 11.256592044310763 13.347291879717888 12.761521593545693 11.282380880375056 21.726741146792847
leaf_count=133221 2405 2659 3673 5858 2000 5474 2351 5643
internal_value=-5.03998e-05 0.0112417 0.0615414 -0.0198914 -0.000344911 -0.0326822 0.000171401 0.0203972
internal_weight=1704.67 43.3295 16.5656 26.7639 1661.34 26.1088 1635.23 33.0091
internal_count=163284 14595 6332 8263 148689 7474 141215 7994
is_linear=0
shrinkage=0.0750466


Tree=333
num_leaves=9
num_cat=0
split_feature=18 5 5 18 80 73 73 18
split_gain=0.966821 4.5081 5.5096 5.45718 9.79715 7.59206 14.1276 7.38225
threshold=21090.000000000004 53.500000000000007 38.500000000000007 27674.390000000003 4.5000000000000009 9.5000000000000018 7.5000000000000009 64558.765000000007
decision_type=2 2 2 2 2 2 2 2
left_child=-1 2 -2 -4 5 6 -5 -8
right_child=1 -3 3 4 -6 -7 7 -9
leaf_value=-0.00071237951584099564 -0.0053003339211513739 -0.0086486349548270235 0.069658012628524363 -0.0096268497050773453 0.076755790635314319 -0.05434278250833028 0.03482560804425136 0.17117456909234982
leaf_weight=1499.6578975448665 49.399654348937929 83.436154857446581 13.806916508170614 26.427383044680028 12.275358802439767 10.623312058834925 4.7244238734947412 4.2465740057177754
leaf_count=79773 21883 26648 4288 9052 6527 9929 2221 2963
internal_value=-5.1671e-05 0.0047831 0.0140066 0.0272342 0.0171866 0.00129773 0.0179959 0.0993687
internal_weight=1704.6 204.94 121.504 72.104 58.2971 46.0217 35.3984 8.971
internal_count=163284 83511 56863 34980 30692 24165 14236 5184
is_linear=0
shrinkage=0.0750466


Tree=334
num_leaves=9
num_cat=0
split_feature=82 125 133 81 9 81 57 9
split_gain=0.991658 4.55594 4.40886 3.4393 4.02843 2.4115 1.71729 5.51649
threshold=6.5000000000000009 -3240.0249999999996 8.0000000000000018 91568.920000000013 655.8850000000001 227284.42000000001 6.5000000000000009 448.33500000000004
decision_type=2 10 8 2 2 2 2 2
left_child=6 2 3 -2 -5 -6 -1 -8
right_child=1 -3 -4 4 5 -7 7 -9
leaf_value=-0.00013840115187669199 -0.055055227034726706 0.044295197348239689 0.029543383070813552 0.03968015181166952 -0.064902653318620884 0.001699648019122549 -0.03385086641027938 0.029010382451286048
leaf_weight=1608.4056694716955 17.202437875383112 7.381955728788852 8.4052641888410999 6.408503582470078 6.5364948905462352 5.7596244180008398 10.168931503623751 34.664677044370364
leaf_count=128299 7533 3104 544 2794 3254 4341 1358 12057
internal_value=-5.4625e-05 -0.01029 -0.0193833 -0.0308363 -0.00856238 -0.0337055 0.00026542 0.0147525
internal_weight=1704.93 51.6943 44.3123 35.9071 18.7046 12.2961 1653.24 44.8336
internal_count=163284 21570 18466 17922 10389 7595 141714 13415
is_linear=0
shrinkage=0.0750466


Tree=335
num_leaves=9
num_cat=0
split_feature=22 33 140 16 123 83 123 16
split_gain=1.03201 4.23801 11.2591 5.62013 4.40181 4.17007 7.36651 4.18688
threshold=6061.1650000000009 62662.055000000008 2710.7250000000008 -354.2999999999999 19.500000000000004 37776.215000000004 5.5000000000000009 -118.94499999999998
decision_type=2 2 8 2 10 2 8 2
left_child=5 4 -3 -4 -2 -1 7 -7
right_child=1 2 3 -5 -6 6 -8 -9
leaf_value=0.00010671042444533414 -0.0027769613350048564 0.19519128099154401 0.10251839944814872 -0.044449735943109449 -0.041884898470313063 0.019406381560448049 -0.013371257561774057 0.072829660753075204
leaf_weight=1224.8418238694558 399.47627803558498 2.2010482474443034 2.1073329554301381 4.8107907753292238 16.894794971269221 18.528539494187498 21.136667682283587 14.91118851257488
leaf_count=48371 92676 1999 3459 4672 4699 3650 2119 1639
internal_value=-5.36752e-05 -0.0032554 0.0473538 0.000318298 -0.00436382 0.00101111 0.0213082 0.0432285
internal_weight=1704.91 425.49 9.11917 6.91812 416.371 1279.42 54.5764 33.4397
internal_count=163284 107505 10130 8131 97375 55779 7408 5289
is_linear=0
shrinkage=0.0750466


Tree=336
num_leaves=9
num_cat=0
split_feature=33 140 10 11 5 10 7 104
split_gain=0.983615 4.17461 1.42699 3.32506 7.94 3.86766 3.34747 2.24092
threshold=115002.37000000001 1.0000000180025095e-35 567.17500000000007 18.395000000000003 42.500000000000007 1875.5950000000003 4188.7300000000005 21172.650000000005
decision_type=2 10 2 2 2 2 2 2
left_child=2 -2 7 -4 6 -6 -5 -1
right_child=1 -3 3 4 5 -7 -8 -9
leaf_value=3.4240951012301208e-05 0.00015062128995123208 -0.065031970904547334 -0.0060923412949329056 0.014237356517565344 0.015958116651786491 -0.014481366149666434 0.048651725858647674 -0.012609983337101106
leaf_weight=1334.6918371158599 28.742272934243374 6.8530913042955026 90.261743753711926 30.10338284451791 40.581735696185206 55.880899390089326 33.781972471708286 83.903654986456786
leaf_count=101082 4137 10275 1701 2575 3713 3746 2238 33817
internal_value=-5.45803e-05 -0.0123988 0.000208658 0.00542922 0.0119148 -0.00167551 0.0324353 -0.000713609
internal_weight=1704.8 35.5954 1669.21 250.61 160.348 96.4626 63.8854 1418.6
internal_count=163284 14412 148872 13973 12272 7459 4813 134899
is_linear=0
shrinkage=0.0750466


Tree=337
num_leaves=9
num_cat=0
split_feature=56 9 27 9 149 103 9 149
split_gain=1.00256 2.66174 3.16738 1.85891 4.22016 1.58874 8.07216 8.28037
threshold=11582.655000000002 389.19000000000005 4.5000000000000009 1934.7000000000003 3317.0000000000005 5.5000000000000009 332.88500000000005 2306.5000000000005
decision_type=2 2 2 2 10 2 2 8
left_child=5 -2 -3 4 -4 -1 7 -7
right_child=1 2 3 -5 -6 6 -8 -9
leaf_value=-0.00019260036322859211 -0.061837521927353645 0.029830327210415439 -0.075479799908703585 -0.061337744679212797 0.087697828399878081 0.0010717432127333012 -0.013187752099976953 0.11000511875956037
leaf_weight=1642.3692795089637 5.3745231922202974 8.984945180541219 1.7326187920680225 5.3413562301020647 1.8411774475980562 7.7078926425165237 22.946491954402518 8.0181191147239588
leaf_count=132016 2713 2044 2100 5018 3158 2622 11541 2072
internal_value=-5.27479e-05 -0.0155217 -0.00161526 -0.033307 0.00858738 0.000161425 0.0151964 0.0566129
internal_weight=1704.32 23.2746 17.9001 8.91515 3.5738 1681.04 38.6725 15.726
internal_count=163284 15033 12320 10276 5258 148251 16235 4694
is_linear=0
shrinkage=0.0750466


Tree=338
num_leaves=9
num_cat=0
split_feature=125 145 16 9 16 58 113 103
split_gain=0.944796 3.86199 2.45532 1.52463 3.00462 6.27186 5.31835 1.56945
threshold=-28173.074999999993 5.5000000000000009 -26.824999999999996 3165.5400000000004 -471.88999999999993 1545.3650000000002 -653.99999999999989 5.5000000000000009
decision_type=8 10 2 2 2 2 8 2
left_child=1 2 -1 7 -5 -6 -7 -2
right_child=3 -3 -4 4 5 6 -8 -9
leaf_value=-0.016418221274528758 -0.00068950712070014444 -0.059491933035703687 0.035858958312397778 -0.0043326246528652169 0.060271806913055094 -0.040948037522056203 0.030846839296904734 0.014897301284169178
leaf_weight=13.875407096219536 1557.6561194545593 7.5914379060818638 7.9642862435330253 39.786251555845411 16.508766790138907 10.180625386972677 13.538906636576032 37.25273038572368
leaf_count=3759 124139 3407 3304 4280 1789 2412 4118 16076
internal_value=-5.25169e-05 -0.013382 0.00264571 0.000181704 0.0102905 0.0247529 3.1866e-05 -0.000325442
internal_weight=1704.35 29.4311 21.8397 1674.92 80.0146 40.2283 23.7195 1594.91
internal_count=163284 10470 7063 152814 12599 8319 6530 140215
is_linear=0
shrinkage=0.0750466


Tree=339
num_leaves=9
num_cat=0
split_feature=6 23 97 151 127 74 74 118
split_gain=0.987871 3.25552 4.19109 1.8631 1.79207 8.12239 4.67359 5.69753
threshold=289.50000000000006 1.5000000000000002 11.500000000000002 5.5000000000000009 3655.5000000000005 62.105000000000011 2305.3550000000005 927.0150000000001
decision_type=2 2 2 8 10 2 2 10
left_child=4 -2 -3 -4 -1 -6 -7 -8
right_child=1 2 3 -5 5 6 7 -9
leaf_value=0.00049164661949990861 -0.010417438435457461 0.043634169203674369 0.019536104441097459 -0.027132482730085932 0.033317102741376267 -0.021110146820595217 0.020363852467375806 -0.034940180662788242
leaf_weight=1434.9083269058892 29.859388661723642 22.941734392552462 9.6187525885598024 9.6525343188977768 24.493107668624361 119.52989991821778 39.219380033548077 14.322877462150243
leaf_count=119534 4290 1265 1306 3287 1546 22127 5150 4779
internal_value=-5.13755e-05 0.00854697 0.0219615 -0.00383909 -0.000430986 -0.00713203 -0.0128564 0.00556969
internal_weight=1704.55 72.0724 42.213 19.2713 1632.47 197.565 173.072 53.5423
internal_count=163284 10148 5858 4593 153136 33602 32056 9929
is_linear=0
shrinkage=0.0750466


Tree=340
num_leaves=9
num_cat=0
split_feature=142 12 142 48 118 80 141 64
split_gain=1.00194 4.20134 6.76697 9.16174 8.39338 3.35667 7.39728 5.99616
threshold=154836.00000000003 6.5000000000000009 105570.00000000001 1.0000000180025095e-35 4275.6550000000007 7.5000000000000009 2.2850000000000006 11572.960000000001
decision_type=10 2 8 2 8 2 8 2
left_child=1 -1 3 4 -3 7 -7 -2
right_child=5 2 -4 -5 -6 6 -8 -9
leaf_value=0.001341630208474763 0.0029461923123442054 -0.051002311830806245 -0.024027179693180949 0.038699305952316118 0.00067381906657592856 -0.0012598873981289002 0.082506481509887111 -0.024601695595818169
leaf_weight=715.46142805951968 655.7024034241922 21.509631187502237 109.15578764063139 28.655186189982487 99.995450375574364 16.659414113985807 9.2252205088898318 47.739709205223335
leaf_count=27653 67534 5616 14620 3471 12951 5681 3014 22744
internal_value=-5.04947e-05 -0.00162452 -0.00980823 0.000527928 -0.00847423 0.00205326 0.0285942 0.00107663
internal_weight=1704.1 974.777 259.316 150.16 121.505 729.327 25.8846 703.442
internal_count=163284 64311 36658 22038 18567 98973 8695 90278
is_linear=0
shrinkage=0.0750466


Tree=341
num_leaves=9
num_cat=0
split_feature=81 120 141 120 81 83 74 81
split_gain=0.982271 8.01084 6.49055 4.235 4.0309 3.62474 6.33734 3.36815
threshold=133292.36000000002 77418.000000000015 4.4850000000000012 182988.00000000003 227284.42000000001 21526.975000000002 659.20500000000015 281530.07500000007
decision_type=2 8 10 10 2 2 2 2
left_child=-1 -2 3 -3 -4 7 -7 -5
right_child=1 2 4 5 -6 6 -8 -9
leaf_value=0.0003260914687206584 0.063287842358957277 -0.055573664712010362 -0.016439322697562993 -0.07673708332382316 0.085708451559492027 0.059084804986841238 -0.022985153032624293 0.0015527764808042088
leaf_weight=1631.9400236511456 7.7746609389905634 19.080585313013216 3.7962184069601772 7.4126047155004908 5.0969840875650334 8.155357971347259 15.130102320123568 5.3131972970004426
leaf_count=131988 2838 5179 2210 4090 3413 3001 9075 1490
internal_value=-5.17749e-05 -0.00864511 -0.0173855 -0.0269887 0.0421049 -0.011843 0.00575853 -0.04405
internal_weight=1703.7 71.7597 63.9851 55.0918 8.8932 36.0113 23.2855 12.7258
internal_count=163284 31296 28458 22835 5623 17656 12076 5580
is_linear=0
shrinkage=0.0750466


Tree=342
num_leaves=9
num_cat=0
split_feature=63 64 147 64 16 64 142 127
split_gain=0.929831 5.78901 2.54753 2.27479 5.31243 4.32469 4.78454 3.65577
threshold=8.5000000000000018 25194.515000000003 -52197.869999999988 13076.395000000002 1.0000000180025095e-35 29265.620000000006 182988.00000000003 4159.5000000000009
decision_type=2 2 10 2 2 2 8 8
left_child=3 -2 -3 -1 5 -5 -7 -8
right_child=1 2 -4 4 -6 6 7 -9
leaf_value=0.00029213233822070379 0.05448874642269793 -0.06131816489646897 0.0056333114413255718 -0.024913787555611914 -0.075988269621906995 0.064584081056127896 -0.034167777426000003 0.033014475172156423
leaf_weight=1612.2324558677055 11.201597931245489 4.9269970653976989 9.1360516293152596 32.632291787026134 6.9482289892011968 7.9550248201212552 10.498888734814502 8.0667298629750785
leaf_count=127426 3699 2993 4560 11654 2836 2514 4728 2874
internal_value=-5.21935e-05 0.0142378 -0.0178232 -0.000267307 -0.0139122 -0.00662065 0.0158881 -0.0049772
internal_weight=1703.6 25.2646 14.063 1678.33 66.1012 59.1529 26.5206 18.5656
internal_count=163284 11252 7553 152032 24606 21770 10116 7602
is_linear=0
shrinkage=0.0750466


Tree=343
num_leaves=9
num_cat=0
split_feature=99 113 120 134 150 147 7 113
split_gain=0.942709 1.34439 3.90811 7.04748 9.30203 7.12053 6.84698 6.22121
threshold=2.5000000000000004 -1263.4999999999998 182988.00000000003 187492.32000000004 3519.0050000000006 -7681.6749999999993 -294.21499999999997 -197.99999999999997
decision_type=2 10 10 8 10 10 2 10
left_child=1 -1 6 4 -4 -5 -3 -8
right_child=-2 2 3 5 -6 -7 7 -9
leaf_value=-0.0021335516898219019 0.013043342802989381 -0.033975782773894125 0.057448899362160959 0.010618194648795211 -0.010971930051832834 -0.01381874950086873 -0.0039135350872792959 0.028639978249271673
leaf_weight=955.37663594660216 30.408859652512547 37.277400602989474 32.441416011071851 228.947749358073 17.084080820615782 95.029439870057104 269.19480389260571 37.692320965647014
leaf_count=69897 950 6251 2294 44871 4620 6202 25045 3154
internal_value=-5.17391e-05 -0.000289752 0.00216476 0.00748081 0.0338468 0.00345032 -0.00360445 8.47345e-05
internal_weight=1703.45 1673.04 717.667 373.503 49.5255 323.977 344.165 306.887
internal_count=163284 162334 92437 57987 6914 51073 34450 28199
is_linear=0
shrinkage=0.0750466


Tree=344
num_leaves=9
num_cat=0
split_feature=102 141 135 113 20 149 113 113
split_gain=0.933804 1.94156 1.25269 2.48698 2.34008 1.5632 3.25497 4.16059
threshold=1.0000000180025095e-35 10.535000000000002 -348.99999999999994 -624.49999999999989 3.8350000000000004 1714.5000000000002 -1263.4999999999998 -805.49999999999989
decision_type=2 8 10 10 2 10 8 8
left_child=2 -2 5 -4 -5 6 -1 -8
right_child=1 -3 3 4 -6 -7 7 -9
leaf_value=-0.007331965065600834 -0.022051610311515035 0.0057212318932395815 -0.021715693540638303 0.018904327088019399 -0.01786781142779139 0.0034198717114036835 0.017428913233297857 -0.00063444642605185286
leaf_weight=323.50926646947391 31.310447043736531 25.906417791233253 41.390696921111157 24.699658501749582 16.099630955028715 690.18418263642116 84.928483830793994 465.13591503373436
leaf_count=30240 3838 1135 4361 2240 3885 94676 6494 16415
internal_value=-5.18456e-05 -0.00947674 0.000275785 -0.00875487 0.00439383 0.00075043 -0.00135862 0.00215449
internal_weight=1703.16 57.2169 1645.95 82.19 40.7993 1563.76 873.574 550.064
internal_count=163284 4973 158311 10486 6125 147825 53149 22909
is_linear=0
shrinkage=0.0750466


Tree=345
num_leaves=9
num_cat=0
split_feature=72 147 39 153 125 107 7 147
split_gain=1.02171 5.51334 2.38671 3.29216 5.89964 4.79534 6.3593 2.5255
threshold=2506.0200000000004 -100216.99499999998 11730.585000000001 1.0000000180025095e-35 -2063.0949999999998 116.50000000000001 2825.8100000000004 -6139.0949999999984
decision_type=2 10 2 8 8 2 2 8
left_child=2 -2 -1 -4 -5 7 -7 -6
right_child=1 -3 3 4 5 6 -8 -9
leaf_value=0.00095111339035282066 -0.027051679902006912 0.0082638210559457369 -0.044527259019950763 -0.075658219645733632 -0.031937854675591376 0.0089183881623039387 0.15752898765362061 0.015084378594234999
leaf_weight=1548.5086859987905 44.682286384177132 56.225871402362827 15.33897870948749 5.4575647395686246 11.770641901963243 4.3813258458976625 2.5747056429609074 14.185284910352495
leaf_count=136847 2183 5376 2430 4530 4200 3725 2324 1669
internal_value=-4.96047e-05 -0.00737394 0.000411684 -0.015141 -0.00339325 0.00858996 0.0639251 -0.00623953
internal_weight=1703.13 100.908 1602.22 53.7085 38.3695 32.912 6.95603 25.9559
internal_count=163284 7559 155725 18878 16448 11918 6049 5869
is_linear=0
shrinkage=0.0750466


Tree=346
num_leaves=9
num_cat=0
split_feature=109 33 113 113 127 5 4 33
split_gain=0.979908 4.47979 6.18558 10.3129 3.61653 3.9843 3.95086 5.18584
threshold=1.0000000180025095e-35 4895.2500000000009 -1536.4999999999998 -713.99999999999989 263.50000000000006 36.500000000000007 1.0000000180025095e-35 4895.2500000000009
decision_type=2 2 10 8 8 2 2 2
left_child=1 -1 -3 -4 5 -2 7 -6
right_child=4 2 3 -5 6 -7 -8 -9
leaf_value=-0.0031249558325125767 -0.045656579106134423 0.0022029944528424474 0.10875313927996214 -0.0005778938318976455 0.0066875933019890825 -0.0013469312516317621 -0.014633593001644353 -0.020701434938151454
leaf_weight=863.62964503821877 18.19672669945794 45.738544949830612 9.4825648694668399 9.9657612045839432 620.41600089088206 30.731401986015044 63.458835907778848 41.540728805753133
leaf_count=37674 3742 3620 1990 2611 82658 4501 4182 22306
internal_value=-4.94552e-05 -0.00169306 0.0172774 0.0527295 0.00192203 -0.017826 0.00325401 0.00496881
internal_weight=1703.16 928.817 65.1869 19.4483 774.344 48.9281 725.416 661.957
internal_count=163284 45895 8221 4601 117389 8243 109146 104964
is_linear=0
shrinkage=0.0750466


Tree=347
num_leaves=9
num_cat=0
split_feature=81 125 151 56 106 56 63 84
split_gain=0.934744 7.44396 7.05265 8.83961 3.46395 9.75261 10.3499 6.11522
threshold=15997.960000000001 -4536.1249999999991 17.500000000000004 2594.0100000000007 1.0000000180025095e-35 525.36000000000013 1.5000000000000002 3.5000000000000004
decision_type=2 10 8 2 2 2 2 2
left_child=-1 4 3 -3 -2 6 7 -6
right_child=1 2 -4 -5 5 -7 -8 -9
leaf_value=0.00095556422937661341 -0.010112449253980452 0.017882747570835002 -0.040138138318714475 0.10038420541991951 0.039500410489854164 -0.043420571378075555 0.089451491665015273 -0.034303670316498697
leaf_weight=1283.6823518279575 310.76233554135433 40.9146303919606 8.8303850900219896 8.9064791300788766 13.167340197183877 13.543232863058618 11.680288887338063 12.163831505265987
leaf_count=68450 60554 8688 2568 4288 2423 7809 4762 3742
internal_value=-4.98994e-05 -0.00312322 0.0216755 0.0326315 -0.00714872 0.0110695 0.0310085 0.00406027
internal_weight=1703.65 419.969 58.6515 49.8211 361.317 50.5547 37.0115 25.3312
internal_count=163284 94834 15544 12976 79290 18736 10927 6165
is_linear=0
shrinkage=0.0750466


Tree=348
num_leaves=9
num_cat=0
split_feature=115 81 112 116 127 125 85 143
split_gain=0.949675 1.24411 8.01059 3.14435 2.51938 5.53204 5.15683 4.6111
threshold=-164.97999999999999 166963.90500000003 69676.200000000012 45741.250000000007 3001.5000000000005 -7683.0649999999987 8269.6500000000015 22921.630000000001
decision_type=8 2 8 8 10 10 2 8
left_child=-1 -2 -3 4 7 6 -6 -4
right_child=1 2 3 -5 5 -7 -8 -9
leaf_value=-0.014350002683617641 0.00053356536048935891 0.075478486273699866 -0.04527018947068253 -0.054525971548587612 -0.063275083636841187 0.09800115033998863 0.049007438768541141 0.03282478086972844
leaf_weight=25.769040163444515 1625.4798188875525 5.3830806443584143 16.497460100844368 11.889025010109888 5.1759972708750848 3.4434663936945062 4.1512659957429605 5.7395813388575325
leaf_count=2461 137759 1749 8457 3942 2782 2284 3271 579
internal_value=-5.25308e-05 0.000167067 -0.0112281 -0.0211807 -0.00985632 0.0167097 -0.0133017 -0.0251132
internal_weight=1703.53 1677.76 52.2799 46.8968 35.0078 12.7707 9.32726 22.237
internal_count=163284 160823 23064 21315 17373 8337 6053 9036
is_linear=0
shrinkage=0.0750466


Tree=349
num_leaves=9
num_cat=0
split_feature=99 115 115 105 149 63 144 24
split_gain=0.932076 4.97737 2.56203 1.79021 4.53182 4.34141 3.13144 2.48387
threshold=1.0000000180025095e-35 -1.0000000180025095e-35 -164.97999999999999 2.5000000000000004 2555.5000000000005 1.0000000180025095e-35 1.0000000180025095e-35 1.0000000180025095e-35
decision_type=2 10 8 2 10 2 8 2
left_child=2 -2 -1 7 6 -6 -5 -4
right_child=1 -3 3 4 5 -7 -8 -9
leaf_value=-0.024737072142972105 0.028237280679660366 -0.0079386216389800233 -0.0014137414095907038 -0.063682057351049662 -0.02966111545476946 0.066858134432014715 -0.0068631134154082656 0.0055978112416904353
leaf_weight=24.118637511255656 37.346212168817146 50.229862604144728 1184.6811048655909 11.625821725979678 4.8270696957497403 5.7522890067257322 10.305102365600758 374.50650375124042
leaf_count=2380 785 4689 44725 6225 2435 4290 1727 96028
internal_value=-5.21965e-05 0.00748834 -0.000460888 -9.30367e-05 -0.0175228 0.0228191 -0.0369835 0.000270387
internal_weight=1703.39 87.5761 1615.82 1591.7 32.5103 10.5794 21.9309 1559.19
internal_count=163284 5474 157810 155430 14677 6725 7952 140753
is_linear=0
shrinkage=0.0750466


Tree=350
num_leaves=9
num_cat=0
split_feature=13 135 39 12 12 9 135 103
split_gain=0.932871 1.16548 0.931968 3.51182 2.89531 2.58474 4.2963 1.4109
threshold=1.5000000000000002 -136.99999999999997 82168.650000000009 7.5000000000000009 9.5000000000000018 1656.3400000000004 -1171.4999999999998 5.5000000000000009
decision_type=2 10 2 2 2 2 8 2
left_child=1 2 7 -4 5 6 -5 -1
right_child=-2 -3 3 4 -6 -7 -8 -9
leaf_value=0.0003780450652732726 -0.013281661984931498 -0.015899363725289644 -0.041175931847385848 0.030808131698115436 -0.041103536092400472 0.04572557815079345 -0.051819700841186943 0.015029535776888321
leaf_weight=1566.0615976595041 29.492592434165999 25.001205623455462 14.147434518054068 8.3558831783693659 6.343399396161657 9.7496516146802588 6.1544245819395718 37.912629546553944
leaf_count=127895 829 2155 3146 3684 3785 2312 3605 15873
internal_value=-5.06779e-05 0.000182464 0.000426328 -0.0102557 0.00403815 0.0158416 -0.00423777 0.000724358
internal_weight=1703.22 1673.73 1648.73 44.7508 30.6034 24.26 14.5103 1603.97
internal_count=163284 162455 160300 16532 13386 9601 7289 143768
is_linear=0
shrinkage=0.0750466


Tree=351
num_leaves=9
num_cat=0
split_feature=102 97 25 112 112 5 5 97
split_gain=0.878108 1.4792 1.26907 3.75802 7.83739 2.8249 4.52067 2.32086
threshold=1.0000000180025095e-35 7.5000000000000009 35114.595000000008 190026.00000000003 278704.80000000005 45.500000000000007 38.500000000000007 20.500000000000004
decision_type=2 2 2 10 10 2 2 2
left_child=2 -2 -1 7 -5 6 -6 -4
right_child=1 -3 3 4 5 -7 -8 -9
leaf_value=0.00062075025522128821 0.0018225999939983156 -0.022496739021561424 -0.050248745398866694 0.090484681839179334 -0.047928959079049795 -0.052566405229479023 0.089152613238415404 -0.0076131587453270857
leaf_weight=1600.3939117079544 31.018300959058251 25.803807382702871 14.171646025099109 5.4123562513586903 2.6874367767404674 6.3551711646555304 2.7325296923072528 14.597151728567949
leaf_count=128701 1089 3884 7143 3560 2462 5849 2861 7735
internal_value=-4.89014e-05 -0.00922119 0.000267671 -0.0120281 0.0157366 -0.0186208 0.0211821 -0.0286157
internal_weight=1703.17 56.8221 1646.35 45.9563 17.1875 11.7751 5.41997 28.7688
internal_count=163284 4973 158311 29610 14732 11172 5323 14878
is_linear=0
shrinkage=0.0750466


Tree=352
num_leaves=9
num_cat=0
split_feature=8 127 140 51 115 134 127 72
split_gain=0.992547 5.75253 3.9014 3.78361 5.10474 3.50884 2.50511 2.48479
threshold=-1.0000000180025095e-35 3893.5000000000005 10829.135000000002 1.0000000180025095e-35 -1.0000000180025095e-35 214834.95000000004 510.50000000000006 1579.1950000000002
decision_type=2 10 8 2 10 8 10 2
left_child=1 3 -3 5 -5 7 -6 -1
right_child=-2 2 -4 4 6 -7 -8 -9
leaf_value=0.01062774375892566 -0.00079473758372992876 -0.0013555196719185337 -0.063809458369539204 0.048220664864090289 -0.0029179592645141575 0.0012080112262640591 -0.053557684355249748 0.034117432803538045
leaf_weight=55.896918717466178 1455.8514888537588 11.560893017505803 10.986891897682655 5.3578090693026779 9.2124240523144199 94.103048453120209 13.659532809560913 46.429861150259967
leaf_count=2973 130000 1854 3892 1481 4672 4796 11252 2364
internal_value=-4.81795e-05 0.00434844 -0.0317875 0.0079752 -0.0177152 0.0116673 -0.0331609 0.021286
internal_weight=1703.06 247.207 22.5478 224.66 28.2298 196.43 22.872 102.327
internal_count=163284 33284 5746 27538 17405 10133 15924 5337
is_linear=0
shrinkage=0.0750466


Tree=353
num_leaves=9
num_cat=0
split_feature=149 80 118 115 11 20 115 151
split_gain=0.902058 3.60948 5.94543 10.5811 3.52547 8.77156 2.78453 2.42955
threshold=5660.5000000000009 1.0000000180025095e-35 1577.3950000000002 12352.975000000002 318.30500000000006 34.560000000000009 -1.0000000180025095e-35 1.0000000180025095e-35
decision_type=10 2 10 10 2 2 8 8
left_child=6 -2 4 -4 -3 -6 -1 -8
right_child=1 2 3 -5 5 -7 7 -9
leaf_value=-0.017299886785614463 0.020899735132929559 -0.030145695333113016 0.1227366714611533 -0.024590805190931157 0.0533237796477746 -0.033823407535700824 -0.0084245101264451457 0.0011176696896854866
leaf_weight=53.876775977806574 53.172021034623867 34.020734296298542 5.2558668825658952 5.7482142497806308 12.104984238889303 14.0601915051202 169.0105231155012 1355.7590732055146
leaf_count=3929 4913 1897 1795 3221 3171 6302 13008 125048
internal_value=-4.7707e-05 0.00610602 -0.00494345 0.0457771 -0.0142169 0.00649413 -0.000532483 5.99828e-05
internal_weight=1703.01 124.362 71.19 11.0041 60.1859 26.1652 1578.65 1524.77
internal_count=163284 21299 16386 5016 11370 9473 141985 138056
is_linear=0
shrinkage=0.0750466


Tree=354
num_leaves=9
num_cat=0
split_feature=109 84 24 150 137 57 24 81
split_gain=0.843714 3.74946 8.17292 10.3617 5.47998 3.5633 8.70884 8.14186
threshold=1.0000000180025095e-35 1.0000000180025095e-35 10.500000000000002 12306.960000000001 1316.4200000000003 6.5000000000000009 4.5000000000000009 20172.080000000005
decision_type=2 2 2 8 10 2 2 2
left_child=1 -1 4 -4 -3 -2 7 -7
right_child=5 2 3 -5 -6 6 -8 -9
leaf_value=-0.00019665537502563729 0.00072154739591615642 -0.0078805080360257965 0.11423699495455428 -0.033711706088791031 -0.053063456169514016 0.004625470725417513 -0.035329188131550338 0.094232081729919162
leaf_weight=856.20135396090154 743.2614608875142 32.793821741041029 5.4973958728915004 5.1765049048226501 28.047952731468285 11.016249293985313 9.2160560188740401 11.858375064582559
leaf_count=28971 104870 2753 3004 2681 8486 1793 6694 4032
internal_value=-4.84627e-05 -0.00157552 -0.0180835 0.0424865 -0.0287098 0.00177867 0.026263 0.0510782
internal_weight=1703.07 927.717 71.5157 10.6739 60.8418 775.352 32.0907 22.8746
internal_count=163284 45895 16924 5685 11239 117389 12519 5825
is_linear=0
shrinkage=0.0750466


Tree=355
num_leaves=9
num_cat=0
split_feature=22 149 148 149 127 109 142 27
split_gain=0.99489 3.25507 3.01544 4.06005 10.4189 4.59351 5.11744 4.98238
threshold=319.2050000000001 636.50000000000011 5.9250000000000007 2810.5000000000005 1408.5000000000002 1.0000000180025095e-35 105570.00000000001 2.5000000000000004
decision_type=2 10 8 10 8 2 10 2
left_child=1 -1 3 5 -5 -3 -7 -8
right_child=-2 2 -4 4 -6 6 7 -9
leaf_value=-0.0033309127129682904 -0.002342663685732738 -0.018393027349472613 0.012876087019502883 0.04536628004260479 0.00071745360148391015 -0.018929954704893153 0.03991381615549467 0.00055045299192196145
leaf_weight=461.27863766004884 655.88746733921607 92.004589737340211 189.75796881557653 36.447841978484576 152.98104783447252 36.846692346633063 28.627359803162108 49.292442624177966
leaf_count=11561 123633 3222 3090 1846 10627 2948 674 5683
internal_value=-5.07253e-05 0.00138472 0.00509697 0.0013712 0.00930829 -0.00590019 0.00411491 0.0150124
internal_weight=1703.12 1047.24 585.958 396.2 189.429 206.771 114.766 77.9198
internal_count=163284 39651 28090 25000 12473 12527 9305 6357
is_linear=0
shrinkage=0.0750466


Tree=356
num_leaves=9
num_cat=0
split_feature=18 22 5 5 142 51 135 135
split_gain=0.916889 7.10975 4.50698 6.06861 8.2837 9.78023 5.82579 6.03712
threshold=21090.000000000004 1417.5900000000004 47.500000000000007 38.500000000000007 238705.50000000003 1.0000000180025095e-35 -1048.9999999999998 -805.49999999999989
decision_type=2 2 2 2 10 2 10 10
left_child=-1 -2 3 6 -5 -6 -3 -8
right_child=1 2 -4 4 5 -7 7 -9
leaf_value=-0.00069468808742724963 0.056905352950767908 -0.022344994951095109 -0.0098448830941006739 0.0049926928121936049 0.10358393888440136 -0.017360173284436214 0.10079114808332536 -0.0080703530957655749
leaf_weight=1497.6092958847648 13.68828694280546 33.101584674215701 102.16306920951047 25.5642249369821 13.756025302334821 5.1850483348798653 5.0808141001944023 6.5908831995129713
leaf_count=79773 3886 14943 37271 10670 3273 7792 2323 3353
internal_value=-5.01769e-05 0.00465526 0.000919321 0.013237 0.0328618 0.0704759 -0.00627036 0.0393182
internal_weight=1702.74 205.13 191.442 89.2786 44.5053 18.9411 44.7733 11.6717
internal_count=163284 83511 79625 42354 21735 11065 20619 5676
is_linear=0
shrinkage=0.0750466


Tree=357
num_leaves=9
num_cat=0
split_feature=138 9 9 9 148 27 27 134
split_gain=0.906625 6.2632 5.84465 2.2017 2.91968 1.70432 1.9568 1.74893
threshold=97358.630000000019 2120.0400000000004 938.67500000000007 3165.5400000000004 2.3450000000000002 13.500000000000002 25.500000000000004 764666.67500000016
decision_type=10 2 2 2 8 2 2 8
left_child=3 2 -2 -1 -5 -3 -7 -8
right_child=1 5 -4 4 -6 6 7 -9
leaf_value=-0.0003729428031846616 -0.020789042096826225 -0.069278858018781364 0.060125500573161274 0.021530173813229758 -0.011755361822420891 0.014744217178156469 -0.065009999965618501 -0.0034029447877814136
leaf_weight=1583.9645320144623 10.04336287316619 6.777675304567313 10.067352120902795 55.907749826145391 20.205737725025756 4.9669305536976962 6.9313423527955793 4.1484697964665438
leaf_count=138089 2102 1006 4013 8737 1530 1791 3163 2853
internal_value=-5.23057e-05 -0.0108193 0.0197165 0.000226164 0.0126939 -0.0377245 -0.0243969 -0.0419433
internal_weight=1703.01 42.9351 20.1107 1660.08 76.1135 22.8244 16.0467 11.0798
internal_count=163284 14928 6115 148356 10267 8813 7807 6016
is_linear=0
shrinkage=0.0750466


Tree=358
num_leaves=9
num_cat=0
split_feature=28 151 10 97 151 97 127 10
split_gain=0.931944 3.88466 5.14304 7.66638 3.85921 3.61736 3.11456 2.58467
threshold=1395.8750000000002 1.5000000000000002 1.0000000180025095e-35 7.5000000000000009 1.0000000180025095e-35 24.500000000000004 610.50000000000011 1.0000000180025095e-35
decision_type=2 10 2 2 10 2 8 2
left_child=4 2 5 -4 6 -2 7 -1
right_child=1 -3 3 -5 -6 -7 -8 -9
leaf_value=0.0033240403525523418 -0.0099709912814309968 0.0014387197771651352 -0.019026218798764673 0.031590375546683355 0.013816769020258928 -0.035149077133505673 0.001880709457289124 -0.01615015187939391
leaf_weight=58.542634537297999 89.828231042787593 502.34478536685174 33.740239580783964 33.670144638799684 124.03032914629875 50.039427955203791 699.43375166246915 111.4685540747887
leaf_count=4286 10058 110585 2325 3395 4174 7956 17762 2743
internal_value=-5.084e-05 -0.002128 -0.0107721 0.00625576 0.00143284 -0.0189788 -0.000333781 -0.0094443
internal_weight=1703.1 709.623 207.278 67.4104 993.475 139.868 869.445 170.011
internal_count=163284 134319 23734 5720 28965 18014 24791 7029
is_linear=0
shrinkage=0.0750466


Tree=359
num_leaves=9
num_cat=0
split_feature=72 148 11 22 127 82 127 18
split_gain=1.00646 3.52231 3.54565 1.4775 3.53414 6.28177 4.83585 4.59902
threshold=2506.0200000000004 1.0000000180025095e-35 136.92000000000004 6061.1650000000009 1221.5000000000002 1.0000000180025095e-35 1408.5000000000002 11352.675000000001
decision_type=2 8 2 2 10 2 10 2
left_child=3 2 -2 -1 5 7 -6 -5
right_child=1 -3 -4 4 6 -7 -8 -9
leaf_value=0.001710602932194443 -0.017792778571931955 -0.02292648875715509 0.020706761556430961 0.00027768037781936264 -0.057578777485751839 -0.011267276257791389 -0.0072858075780438568 0.033388095457676292
leaf_weight=1207.4810448743128 22.511184145936568 45.087015526778487 33.553349317374341 45.517130311611254 11.350291471295348 78.326770151010351 209.7512185333635 49.126029733457926
leaf_count=53291 766 1770 5023 2911 3076 21810 66243 8394
internal_value=-5.01145e-05 -0.00731024 0.00524832 0.000408424 -0.00358161 0.00445357 -0.00986761 0.0174642
internal_weight=1702.7 101.152 56.0645 1601.55 394.071 172.97 221.102 94.6432
internal_count=163284 7559 5789 155725 102434 33115 69319 11305
is_linear=0
shrinkage=0.0750466


Tree=360
num_leaves=9
num_cat=0
split_feature=8 149 149 137 0 11 149 11
split_gain=0.92958 3.01898 2.89061 2.24784 3.11814 1.91165 2.80421 1.70003
threshold=-8804.7999999999975 636.50000000000011 1537.5000000000002 20863.215000000004 31507133.500000004 93.555000000000021 2555.5000000000005 1958.5550000000001
decision_type=2 8 8 8 2 2 10 2
left_child=1 -1 -3 -4 -5 -6 -7 -2
right_child=7 2 3 4 5 6 -8 -9
leaf_value=0.035132459010319313 -0.00098922372609327579 -0.030435756480183165 0.028961492167008326 0.025590203117947033 -0.033311216404228086 0.029215503701491383 -0.024948544520748524 0.011719795476539818
leaf_weight=17.616991706832778 1535.9741783893101 13.803305218638341 19.331300527890566 17.154921155311058 15.40701828773217 10.447239575663845 11.106155915202178 61.657773844257463
leaf_count=2527 116864 2275 1926 4164 997 1786 2968 29777
internal_value=-4.94671e-05 0.00679516 0.00107346 0.0069952 -0.000851693 -0.0131245 0.00130555 -0.000498742
internal_weight=1702.5 104.867 87.2499 73.4466 54.1153 36.9604 21.5534 1597.63
internal_count=163284 16643 14116 11841 9915 5751 4754 146641
is_linear=0
shrinkage=0.0750466


Tree=361
num_leaves=9
num_cat=0
split_feature=112 149 24 55 113 24 24 112
split_gain=0.960807 5.00312 4.30111 3.09766 6.15797 2.77692 3.81938 2.75438
threshold=228031.20000000004 5939.5000000000009 1.5000000000000002 2.5000000000000004 -501.99999999999994 1.0000000180025095e-35 7.5000000000000009 360218.03500000009
decision_type=10 10 2 2 10 2 2 10
left_child=3 7 -3 -1 5 -5 -7 -2
right_child=1 2 -4 4 -6 6 -8 -9
leaf_value=0.0015032419822500558 -0.01444990452690675 0.038147684770497875 -0.018783543400657361 -0.067919971646956734 0.042820978825236389 0.011313436136890238 -0.058775325885990555 -0.00070464127159243983
leaf_weight=1289.0238202176097 137.52070712032582 27.348093496852925 10.284335521276715 10.208532965898486 6.8168298153977949 10.173941744039441 7.6875065683871062 203.76450697485825
leaf_count=92512 14947 3565 5773 1372 2475 3287 5144 34209
internal_value=-4.76445e-05 -0.00337976 0.0225893 0.000906044 -0.0211597 -0.0366974 -0.0188525 -0.00624329
internal_weight=1702.83 378.918 37.6324 1323.91 34.8868 28.07 17.8614 341.285
internal_count=163284 58494 9338 104790 12278 9803 8431 49156
is_linear=0
shrinkage=0.0750466


Tree=362
num_leaves=9
num_cat=0
split_feature=60 151 153 28 131 131 60 137
split_gain=0.891051 2.72704 4.54939 10.4798 2.69262 2.65964 2.01711 3.60155
threshold=1079.3350000000003 4.5000000000000009 838.69500000000005 20006.000000000004 5401.6650000000009 1202.3250000000003 433.49500000000006 8892.4500000000025
decision_type=2 10 10 2 10 8 2 8
left_child=6 -2 -3 -4 5 -5 -1 -8
right_child=1 2 3 4 -6 -7 7 -9
leaf_value=-6.6738296104395679e-05 -0.023180105074624164 -0.053626851057683986 0.12190737980111201 0.008636460601579939 0.047959500401865161 -0.061467096871174583 -0.0033297082885319789 0.050574050987981234
leaf_weight=1613.7331143769215 33.733766782686871 5.2600647741946913 4.8033947665517216 7.0950056955098271 4.2094765496285609 5.3433760306243139 16.056359531430644 12.350698828217903
leaf_count=139832 5330 1025 1346 4025 2443 3873 1156 4254
internal_value=-4.71526e-05 -0.00899569 0.00891783 0.0242544 -0.00392133 -0.0214792 0.000282232 0.0201063
internal_weight=1702.59 60.4451 26.7113 21.4513 16.6479 12.4384 1642.14 28.4071
internal_count=163284 18042 12712 11687 10341 7898 145242 5410
is_linear=0
shrinkage=0.0750466


Tree=363
num_leaves=9
num_cat=0
split_feature=0 125 31 0 10 56 18 31
split_gain=0.96771 3.60057 2.65979 2.50098 2.59583 1.72518 4.87365 6.11878
threshold=15842220.000000002 -1.0000000180025095e-35 4996.0400000000009 13401921.500000002 39.975000000000001 4317.5350000000008 5971.0600000000004 10148.585000000001
decision_type=2 8 2 2 2 2 2 2
left_child=1 2 -1 -3 -5 -2 -7 -8
right_child=5 3 -4 4 -6 6 7 -9
leaf_value=-0.011179136878389015 0.0010039950820648507 0.016253184944797359 -0.067571397561797322 0.0018290401501893667 -0.027501917875747423 -0.039544576332745628 -0.0080703557581791041 0.06884297972077473
leaf_weight=10.516912534168116 1504.1712394604574 32.736620625369142 8.5320110182542503 47.518731432815912 26.454148924940455 22.837073326429163 43.140750261747598 6.7347736558117495
leaf_count=2217 116596 3333 4239 5483 1057 3561 21673 5125
internal_value=-4.70227e-05 -0.00638241 -0.0364372 -0.00101726 -0.00866028 0.000458232 -0.0108317 0.00231538
internal_weight=1702.64 125.758 19.0489 106.71 73.9729 1576.88 72.7126 49.8755
internal_count=163284 16329 6456 9873 6540 146955 30359 26798
is_linear=0
shrinkage=0.0750466


Tree=364
num_leaves=9
num_cat=0
split_feature=6 120 2 6 134 6 135 135
split_gain=1.04955 2.19218 3.47962 3.28362 5.22508 4.46473 8.35434 2.87369
threshold=115.50000000000001 182988.00000000003 1.0000000180025095e-35 135.50000000000003 214834.95000000004 155.50000000000003 -927.99999999999989 -1263.4999999999998
decision_type=2 10 2 2 10 2 8 8
left_child=-1 2 -2 4 -3 6 -5 -4
right_child=1 3 7 5 -6 -7 -8 -9
leaf_value=0.0015196472789371581 -0.026144330602936923 0.024498849294170639 -0.012595708298983488 0.068304150096412372 -0.029804790251352738 0.0024098547464075472 -0.0049674996662879946 0.00099027605878083307
leaf_weight=997.82652590374482 41.509228070732206 13.972685895986613 128.5427778724661 17.569454017148018 34.916105812408659 174.81234106082411 17.486677003498698 275.85483410615689
leaf_count=74194 328 2027 17164 2968 5985 36770 2621 21227
internal_value=-4.62147e-05 -0.00226352 -0.00545214 0.0032313 -0.0142845 0.0073116 0.0317548 -0.0033282
internal_weight=1702.49 704.664 445.907 258.757 48.8888 209.868 35.0561 404.398
internal_count=163284 89090 38719 50371 8012 42359 5589 38391
is_linear=0
shrinkage=0.0750466


Tree=365
num_leaves=9
num_cat=0
split_feature=22 149 149 85 22 80 24 22
split_gain=0.916762 4.30991 3.51382 6.40036 3.43145 4.99036 3.12823 6.21198
threshold=-1525.53 636.50000000000011 1189.5000000000002 17067.150000000005 43807.725000000006 1.0000000180025095e-35 1.0000000180025095e-35 111795.30500000001
decision_type=2 8 8 2 2 2 2 2
left_child=1 -1 3 4 5 -2 -4 -8
right_child=2 -3 6 -5 -6 -7 7 -9
leaf_value=-0.011528733114109919 0.0042128860355154039 0.004271179600818179 -0.0076432319760504387 -0.027654511234724292 -0.012068589087504279 0.031677363652033545 0.0081401283280951916 -0.021407375763750933
leaf_weight=114.4653291225186 82.222542818220973 645.93467587788473 476.21614010533722 26.030716613138793 27.73759201361645 68.139180053360178 212.49802807086235 49.386042123563129
leaf_count=4693 2994 23021 28957 9560 6818 5842 46606 34793
internal_value=-4.56873e-05 0.00189277 -0.00161006 0.00710451 0.0121848 0.0166589 -0.00402018 0.00256807
internal_weight=1702.63 760.4 942.23 204.13 178.099 150.362 738.1 261.884
internal_count=163284 27714 135570 25214 15654 8836 110356 81399
is_linear=0
shrinkage=0.0750466


Tree=366
num_leaves=9
num_cat=0
split_feature=85 17 7 127 127 85 147 11
split_gain=0.955455 6.62691 5.28689 7.42493 6.74046 4.59434 8.06526 6.82837
threshold=8269.6500000000015 3.5000000000000004 2825.8100000000004 991.50000000000011 2773.5000000000005 20560.050000000003 -140209.23499999996 180.44000000000003
decision_type=2 2 2 10 10 2 10 2
left_child=-1 2 5 -4 -5 6 -2 -8
right_child=1 -3 3 4 -6 -7 7 -9
leaf_value=-0.00066329044821111024 0.05891551691175461 0.047130191570822169 0.065953491884344129 -0.057248284026799108 0.03095610676215016 -0.017705320400833745 -0.054997960664217388 0.016257248624933097
leaf_weight=1518.8419068097696 14.253427426581764 18.921922887475375 15.01753089710928 8.0084782763342464 12.488524945773859 81.115716993688238 11.611045898805967 21.786708314969474
leaf_count=94176 1461 3233 3970 4216 7331 37084 1817 9996
internal_value=-4.57567e-05 0.00507389 0.000229846 0.025865 -0.00350664 -0.00684045 0.0116546 -0.0085153
internal_weight=1702.05 183.203 164.281 35.5145 20.497 128.767 47.6512 33.3978
internal_count=163284 69108 65875 15517 11547 50358 13274 11813
is_linear=0
shrinkage=0.0750466


Tree=367
num_leaves=9
num_cat=0
split_feature=73 153 85 56 83 142 124 73
split_gain=0.936094 5.62934 5.25951 7.33267 3.99158 4.10155 4.38736 3.88424
threshold=9.5000000000000018 31829.355000000007 70419.000000000015 169.85500000000002 92470.055000000008 182988.00000000003 7752.9700000000012 11.500000000000002
decision_type=2 8 2 2 2 10 8 2
left_child=-1 2 4 -4 5 6 7 -2
right_child=1 -3 3 -5 -6 -7 -8 -9
leaf_value=0.00058296542880758716 -0.024610454739999503 -0.052116355494563407 0.1206198325334253 -0.028318840051730767 -0.039890241925385983 0.010746792634503038 -0.059027182849471616 0.012848284468349749
leaf_weight=1508.5473676566698 31.575682901200707 13.279413404792647 4.5188800220785188 3.166053641860799 16.004828927177641 84.020506467363248 10.280565458222553 30.796249582775999
leaf_count=104268 6603 3275 2553 3378 7826 25274 1623 8484
internal_value=-4.75666e-05 -0.00495965 -0.00148769 0.0592598 -0.00419122 -0.000544413 -0.0136024 -0.00611514
internal_weight=1702.19 193.642 180.363 7.68493 172.678 156.673 72.6525 62.3719
internal_count=163284 59016 55741 5931 49810 41984 16710 15087
is_linear=0
shrinkage=0.0750466


Tree=368
num_leaves=9
num_cat=0
split_feature=72 149 140 71 5 5 149 5
split_gain=0.911467 5.21339 5.84986 2.85584 1.33343 3.4091 2.59896 2.50603
threshold=2506.0200000000004 1537.5000000000002 953.55500000000018 1.5000000000000002 76.500000000000014 69.500000000000014 3839.0000000000005 61.500000000000007
decision_type=2 10 10 2 2 2 8 2
left_child=3 -2 -3 4 5 7 -7 -1
right_child=1 2 -4 -5 -6 6 -8 -9
leaf_value=-0.00072189298708966849 -0.027643877216741573 0.036714286744800449 -0.011408283906364685 0.022841333306146787 0.013739523169095502 0.00069564220816935079 -0.025593140776268859 0.0086971023957632138
leaf_weight=1261.7701177616732 40.867756004052353 23.115675019795162 36.997537576980903 31.280217990213714 38.474381800602714 35.954947080235797 51.540090276361298 182.04071907156231
leaf_count=131959 1469 618 5472 1179 2590 2213 3997 13787
internal_value=-4.80257e-05 -0.00696315 0.00709656 0.00038812 -5.92934e-05 -0.000405992 -0.0147901 0.000465687
internal_weight=1702.04 100.981 60.1132 1601.06 1569.78 1531.31 87.495 1443.81
internal_count=163284 7559 6090 155725 154546 151956 6210 145746
is_linear=0
shrinkage=0.0750466


Tree=369
num_leaves=9
num_cat=0
split_feature=8 20 20 8 81 24 120 24
split_gain=0.874708 4.52226 8.48565 5.52707 3.98694 3.9403 4.98977 3.86153
threshold=9683.5850000000009 1.0000000180025095e-35 34.560000000000009 4104.1750000000011 15997.960000000001 2.5000000000000004 211140.00000000003 4.5000000000000009
decision_type=2 2 2 2 2 2 8 2
left_child=1 4 3 -3 -1 -6 -7 -4
right_child=-2 2 7 -5 5 6 -8 -9
leaf_value=0.0010626151169186996 -0.0017965594839336545 0.01348914936074419 0.0062257739700455643 0.05364116150562398 -0.02429761507122279 -0.017472979408080312 0.035922163462017924 -0.022201898857623564
leaf_weight=504.13583988645405 826.97814736843429 45.759141022063886 141.06606567337258 33.402496405813508 76.758961397154053 23.844050698058709 16.803057574298691 33.255826309542499
leaf_count=18226 91902 5020 11885 2154 6975 7243 4112 15767
internal_value=-4.65297e-05 0.00160741 0.0100555 0.0304314 -0.00183798 -0.014293 0.00459997 0.000802555
internal_weight=1702 875.025 253.484 79.1616 621.542 117.406 40.6471 174.322
internal_count=163284 71382 34826 7174 36556 18330 11355 27652
is_linear=0
shrinkage=0.0750466


Tree=370
num_leaves=9
num_cat=0
split_feature=138 50 72 11 10 72 148 20
split_gain=0.892583 1.9318 2.60675 2.74055 4.84195 1.45238 2.65989 3.275
threshold=-1.0000000180025095e-35 1.0000000180025095e-35 1579.1950000000002 533.97500000000014 -627.07499999999993 2506.0200000000004 1.0100000000000002 1.0000000180025095e-35
decision_type=8 2 2 2 2 2 8 2
left_child=-1 5 3 -3 -5 -2 7 -7
right_child=1 2 -4 4 -6 6 -8 -9
leaf_value=-0.0091600583468843724 0.0011515772710679281 -0.019927316053560913 -0.037529387104749089 -0.025664091133084845 0.16231879122090778 -0.01563985653674627 -0.023516677351502063 0.021183283954341221
leaf_weight=58.446495640630019 1525.1344840627412 4.9979765634125233 16.637791651215593 1.5164081642583389 1.5713486372160312 28.078793679385853 38.783402555862267 26.385475190533725
leaf_count=2104 144289 1202 4386 3835 1484 1754 1212 3018
internal_value=-4.65442e-05 0.00027763 -0.0205416 0.0144138 0.0699997 0.000595679 -0.00849645 0.00219929
internal_weight=1701.55 1643.11 24.7235 8.08573 3.08776 1618.38 93.2477 54.4643
internal_count=163284 161180 10907 6521 5319 150273 5984 4772
is_linear=0
shrinkage=0.0750466


Tree=371
num_leaves=9
num_cat=0
split_feature=22 16 81 22 9 81 22 120
split_gain=0.876399 5.20094 4.39131 4.301 4.25293 3.29658 6.35814 5.66192
threshold=-1525.53 -253.11499999999998 1920.7850000000001 -3026.8199999999993 2120.0400000000004 1920.7850000000001 319.2050000000001 91494.000000000015
decision_type=2 2 2 2 2 2 2 10
left_child=1 2 -1 4 -4 -2 7 -7
right_child=5 -3 3 -5 -6 6 -8 -9
leaf_value=0.0033777442538710299 -0.0063431847874851326 0.022347828466387484 -0.030927739646582169 0.0058127628078679262 -0.0009758720465967509 0.0011437632310461205 -0.0017937954497370067 0.035805396497598257
leaf_weight=524.7679588054616 437.36830297330926 63.859828829288745 67.810050142916225 59.692609828060085 44.039409210847225 51.891301292738717 397.92092159894355 54.331203467059822
leaf_count=11209 35603 1545 9005 2642 3313 3090 93399 3478
internal_value=-4.52165e-05 0.00185018 -2.96958e-05 -0.0104535 -0.0191345 -0.00157555 0.00256061 0.0188727
internal_weight=1701.68 760.17 696.31 171.542 111.849 941.512 504.143 106.223
internal_count=163284 27714 26169 14960 12318 135570 99967 6568
is_linear=0
shrinkage=0.0750466


Tree=372
num_leaves=9
num_cat=0
split_feature=95 25 125 120 120 120 134 151
split_gain=0.872156 1.70491 3.91164 3.812 7.16233 3.69502 2.45742 1.52458
threshold=5.5000000000000009 35114.595000000008 -2063.0949999999998 211140.00000000003 305273.25000000006 1037556.6200000002 66861.000000000015 4.5000000000000009
decision_type=2 2 10 10 8 8 10 10
left_child=1 7 3 6 -5 -6 -3 -1
right_child=-2 2 -4 4 5 -7 -8 -9
leaf_value=-0.00093094053528467574 0.010005519856419079 -0.013044579437522104 0.049529899772927384 0.076384989457552163 -0.05604175415738627 0.051325545174853916 -0.060930646684052521 0.0054015614793941017
leaf_weight=1354.3205035090223 47.27458739339454 10.469085832668499 4.7657483249222414 5.4187273952802544 7.6542107543823468 2.3624109346837949 14.25244835743524 254.33346141228139
leaf_count=70120 3369 3339 3434 3213 7483 2543 10027 59756
internal_value=-4.51008e-05 -0.000332441 -0.0147525 -0.0223815 0.0068807 -0.0307193 -0.0406518 7.02488e-05
internal_weight=1700.85 1653.58 44.9226 40.1569 15.4353 10.0166 24.7215 1608.65
internal_count=163284 159915 30039 26605 13239 10026 13366 129876
is_linear=0
shrinkage=0.0750466


Tree=373
num_leaves=9
num_cat=0
split_feature=82 0 135 0 0 82 82 0
split_gain=0.899231 4.29866 2.92332 2.64761 5.16442 1.47566 1.46353 7.76883
threshold=6.5000000000000009 17055618.500000004 -1749.9999999999998 35799005.000000007 42644405.000000007 9.5000000000000018 4.5000000000000009 23493831.000000004
decision_type=2 2 10 2 2 2 2 2
left_child=6 -2 -3 -4 -5 -6 -1 -8
right_child=1 2 3 4 5 -7 7 -9
leaf_value=-0.00012588316761078306 0.051118590649245198 0.0098261073515587098 -0.055379108511968325 0.051055630341955482 -0.064767240981333601 -0.011278568997399934 -0.05706399603681838 0.026352179686564059
leaf_weight=1602.461228756702 5.7755276371603932 14.732939334087858 13.696959491906457 5.2206174818347817 5.9816143322250337 5.6474041792994285 7.4603749919187967 40.015757031106659
leaf_count=127401 2988 4072 6974 2355 2773 2408 2770 11543
internal_value=-4.4695e-05 -0.0098538 -0.017631 -0.0308738 -0.0109537 -0.0387915 0.000258835 0.0132442
internal_weight=1700.99 51.0551 45.2795 30.5466 16.8496 11.629 1649.94 47.4761
internal_count=163284 21570 18582 14510 7536 5181 141714 14313
is_linear=0
shrinkage=0.0750466


Tree=374
num_leaves=9
num_cat=0
split_feature=138 104 142 142 119 48 142 145
split_gain=0.837465 3.86693 4.51938 2.51092 1.34871 1.33432 4.82353 4.74023
threshold=97358.630000000019 5923.6500000000005 365976.00000000006 493684.90500000009 3.5050000000000003 1.0000000180025095e-35 119646.00000000001 5.5000000000000009
decision_type=10 2 10 10 8 2 10 8
left_child=5 2 -2 -3 -4 -1 7 -7
right_child=1 3 4 -5 -6 6 -8 -9
leaf_value=-0.00039710093830297146 0.0052574251537023369 -0.008720621843876562 -0.02604195631234368 0.082232982700148546 -0.068219645904635251 0.002028096968676459 -0.0050574909177200358 0.045791667910056746
leaf_weight=1528.8409565846341 18.582953568146877 3.1267065442953017 8.1326724331693203 3.7713040116873344 8.9897227591891333 27.524057455519142 73.749717496893027 28.241651185715455
leaf_count=129794 3165 1896 3901 3164 2802 3056 13659 1847
internal_value=-4.4415e-05 -0.0104337 -0.0203714 0.0410058 -0.0481864 0.000222486 0.00753629 0.0241915
internal_weight=1700.96 42.6034 35.7053 6.89801 17.1224 1658.36 129.515 55.7657
internal_count=163284 14928 9868 5060 6703 148356 18562 4903
is_linear=0
shrinkage=0.0750466


Tree=375
num_leaves=9
num_cat=0
split_feature=112 150 85 17 96 150 16 5
split_gain=0.88239 5.83978 1.4444 5.90538 4.09271 7.82694 4.9822 7.62995
threshold=41172.30000000001 3519.0050000000006 8269.6500000000015 3.5000000000000004 1.0000000180025095e-35 39666.395000000011 -176.96999999999997 65.500000000000014
decision_type=8 8 2 2 2 8 2 2
left_child=1 -1 -2 4 5 -4 -6 -8
right_child=2 -3 3 -5 6 -7 7 -9
leaf_value=-0.019170491876073462 -0.0012120764039588393 0.022434205295263396 -0.049524294084268859 0.045338648459394261 -0.010832404063237976 0.012306886160527272 0.012903471485488817 0.093532122094767356
leaf_weight=29.617002013452293 1442.5793789356553 53.008854073757902 22.315415100511018 19.145173069056909 43.224860514679222 23.857025242205964 59.632529915696978 7.4340884010816799
leaf_count=2339 90495 4026 12595 3138 16892 4244 27420 2135
internal_value=-4.35362e-05 0.00752112 -0.000429793 0.00599645 0.00118247 -0.0175765 0.00903573 0.0218409
internal_weight=1700.81 82.6259 1618.19 175.609 156.464 46.1724 110.291 67.0666
internal_count=163284 6365 156919 66424 63286 16839 46447 29555
is_linear=0
shrinkage=0.0750466


Tree=376
num_leaves=9
num_cat=0
split_feature=107 153 27 9 141 120 107 107
split_gain=0.825195 2.61046 5.15798 3.69692 8.09194 10.2196 8.67176 3.6131
threshold=12.500000000000002 5389.9350000000004 4.5000000000000009 1388.5400000000002 1.7850000000000004 211140.00000000003 85.500000000000014 230.50000000000003
decision_type=2 10 2 2 10 8 2 2
left_child=-1 -2 -3 4 5 -4 -7 -5
right_child=1 2 3 7 -6 6 -8 -9
leaf_value=0.0022053592918611338 3.768810527394746e-05 -0.041160132378457052 -0.015368219517400313 -0.020268835937834264 -0.035818206378776106 0.025778209937975572 0.14918777019640589 0.038416261865364391
leaf_weight=596.2553356110293 980.69827116515035 26.104823508921982 9.8270461236716091 57.368141021187512 11.172267406898753 6.5357647482978773 6.2959058967594501 6.5870520887051489
leaf_count=7521 115686 2938 4259 16144 5308 1023 4437 5968
internal_value=-4.45296e-05 -0.00125902 -0.0115235 -0.00361174 0.0164511 0.0422234 0.0863296 -0.0142246
internal_weight=1700.84 1104.59 123.891 97.7862 33.831 22.6587 12.8317 63.9552
internal_count=163284 155763 40077 37139 15027 9719 5460 22112
is_linear=0
shrinkage=0.0750466


Tree=377
num_leaves=9
num_cat=0
split_feature=83 123 83 127 20 12 9 22
split_gain=0.837156 6.54816 6.11378 12.7365 5.52388 7.47838 7.12973 6.50467
threshold=5324.8300000000008 19.500000000000004 2582.5950000000007 2104.5000000000005 1.0000000180025095e-35 8.5000000000000018 332.88500000000005 1417.5900000000004
decision_type=2 10 2 10 2 2 2 2
left_child=2 4 -1 -4 -2 6 -6 -8
right_child=1 -3 3 -5 5 -7 7 -9
leaf_value=-0.00013888294683064807 -0.012575007799808245 -0.055571946884054063 0.059256710006219189 -0.025776124002693877 -0.010512781307829256 -0.034326279205138116 0.056254522354893269 0.01337638229032757
leaf_weight=1335.7248903151267 136.39156757462206 13.046220974348669 27.517462994183006 15.513523500510017 47.774145547336957 20.998405333861683 26.937569282856202 76.549811137075267
leaf_count=72275 26173 3847 3491 3048 9139 14394 3001 27916
internal_value=-4.6246e-05 -0.00349348 0.000758079 0.0286007 -0.00129221 0.00764126 0.0134673 0.0245375
internal_weight=1700.45 321.698 1378.76 43.031 308.651 172.26 151.262 103.487
internal_count=163284 84470 78814 6539 80623 54450 40056 30917
is_linear=0
shrinkage=0.0750466


Tree=378
num_leaves=9
num_cat=0
split_feature=72 81 99 116 82 149 8 82
split_gain=0.901463 2.24301 1.27541 3.33524 1.56815 3.58804 3.24259 2.45918
threshold=-1.0000000180025095e-35 5865.4350000000004 1.0000000180025095e-35 -1.0000000180025095e-35 6.5000000000000009 4894.5000000000009 11254.315000000002 4.5000000000000009
decision_type=2 2 2 10 2 8 2 2
left_child=1 -1 4 -4 7 -6 -7 -2
right_child=2 -3 3 -5 5 6 -8 -9
leaf_value=-0.024045632042111048 -0.00031828540758262707 0.0055123536317571772 0.026339267011107878 -0.0039261643908778641 -0.029200296956316246 0.0530620743125279 -0.016094639727597414 0.017735241061272684
leaf_weight=28.89919246503996 1470.2079548114466 28.937516229088942 36.47219100665825 46.845950926086516 29.766292193015943 7.0165753110532014 8.3774405464118882 43.758828066784645
leaf_count=1235 120104 3251 741 4513 14879 1614 3512 13435
internal_value=-4.83652e-05 -0.00925685 0.0002759 0.00932241 -0.000207536 -0.013988 0.0154269 0.000203523
internal_weight=1700.28 57.8367 1642.45 83.3181 1559.13 45.1603 15.394 1513.97
internal_count=163284 4486 158798 5254 153544 20005 5126 133539
is_linear=0
shrinkage=0.0750466


Tree=379
num_leaves=9
num_cat=0
split_feature=135 135 97 7 25 153 139 58
split_gain=0.928801 3.28992 11.0286 2.79032 7.60709 4.19856 4.03581 5.14298
threshold=-927.99999999999989 -989.49999999999989 17.500000000000004 6214.4350000000004 8898.0150000000012 475.06500000000005 219.39000000000001 1.0000000180025095e-35
decision_type=8 10 2 2 2 10 10 2
left_child=1 3 -3 6 -5 -6 -1 -8
right_child=-2 2 -4 4 5 -7 7 -9
leaf_value=0.00065781397881318094 -0.0021370767606965313 0.055858846778867606 -0.020082862519993566 -0.001113030653106828 0.02686251572171424 0.12931579423548828 0.017653178059469369 -0.049509781814650322
leaf_weight=893.56046707181758 702.30565033685616 23.880783929524114 19.617552328554666 22.101471366213449 4.2928313207994488 4.7402703522952834 9.5161422688961483 19.743600544482433
leaf_count=88260 53927 1810 3870 3323 1100 3643 1503 5848
internal_value=-4.64247e-05 0.0014256 0.0216095 0.000505259 0.0226022 0.0806266 -0.000240258 -0.0276664
internal_weight=1699.76 997.453 43.4983 953.955 31.1346 9.0331 922.82 29.2597
internal_count=163284 109357 5680 103677 8066 4743 95611 7351
is_linear=0
shrinkage=0.0750466


Tree=380
num_leaves=9
num_cat=0
split_feature=39 97 97 74 138 18 81 97
split_gain=0.88736 5.07419 3.03763 2.36799 1.3194 1.17395 6.94466 5.59044
threshold=351900.43000000005 7.5000000000000009 32.500000000000007 1790.595 8664.0150000000012 18220.110000000004 29325.005000000001 1.0000000180025095e-35
decision_type=2 2 2 2 10 2 2 2
left_child=5 -2 -3 4 -4 -1 -7 -8
right_child=1 2 3 -5 -6 6 7 -9
leaf_value=-0.00059797140908846003 -0.066972437476385552 0.047853264264838269 -0.076172211707643225 0.027228207722678373 -0.010602854016731958 0.019116143621876164 -0.067606027436388896 -0.0030809812382323323
leaf_weight=1460.7755703596522 7.2553014246714183 6.6048485050014305 3.4716882913889986 4.3335165475045869 3.4419198557079653 105.10173627407812 8.1756413924522331 100.79309087578531
leaf_count=73394 1806 1982 1189 1886 3323 30704 3030 45970
internal_value=-4.7304e-05 -0.0140512 0.00745672 -0.0162661 -0.0435287 0.000162626 0.0053528 -0.00792213
internal_weight=1699.95 25.1073 17.852 11.2471 6.91361 1674.85 214.07 108.969
internal_count=163284 10186 8380 6398 4512 153098 79704 49000
is_linear=0
shrinkage=0.0750466


Tree=381
num_leaves=9
num_cat=0
split_feature=134 83 141 64 16 135 138 16
split_gain=0.891892 4.74307 6.32286 4.70179 5.04566 3.70703 3.52604 3.41778
threshold=214834.95000000004 5324.8300000000008 1.1700000000000002 25194.515000000003 -118.94499999999998 -1355.4999999999998 -1.0000000180025095e-35 -7736.8999999999987
decision_type=8 2 8 2 2 10 10 2
left_child=1 6 3 4 -3 -4 -1 -2
right_child=7 2 5 -5 -6 -7 -8 -9
leaf_value=-0.018938123855589791 0.0063209932812447042 -0.02380925501928088 -0.013732066491297721 0.052354671048760931 0.010540960916981517 -0.050881543093574538 0.0054166889593318373 -0.0047959518455886734
leaf_weight=35.185835041971586 211.51471110905732 40.603997949147924 38.007248727496517 9.3006843755665596 59.192641183295564 25.130900501923861 690.39215993839389 590.79154257416712
leaf_count=851 7869 9653 7306 3638 15323 5768 46408 66468
internal_value=-4.68351e-05 0.00157806 -0.00961757 0.00132112 -0.00343502 -0.0285187 0.00423564 -0.00186515
internal_weight=1700.12 897.813 172.235 109.097 99.7966 63.1381 725.578 802.306
internal_count=163284 88947 41688 28614 24976 13074 47259 74337
is_linear=0
shrinkage=0.0750466


Tree=382
num_leaves=9
num_cat=0
split_feature=80 20 150 20 18 113 128 20
split_gain=0.923558 3.75028 7.46419 7.14042 6.32516 6.4604 6.44154 5.17043
threshold=2.5000000000000004 3581.3600000000001 29747.050000000003 419.75000000000006 7623.4400000000005 -653.99999999999989 30318.230000000003 8.2250000000000014
decision_type=2 2 8 2 2 10 8 2
left_child=-1 3 4 7 -3 -6 -7 -2
right_child=1 2 -4 -5 5 6 -8 -9
leaf_value=-0.00075902632764775473 -0.003529544935931338 0.085749328364196548 -0.020186139450516758 -0.051940941053217199 -0.014182044689941397 0.11760295793947695 0.0074793404028341108 0.027785237053301118
leaf_weight=1457.8331106151186 134.41344467074487 11.707443250345021 16.819946919297763 14.218787456370135 14.503246717958062 5.7468033878376463 6.2394763335314565 38.116292436942786
leaf_count=106452 23750 1315 7403 3813 6547 2479 2747 8778
internal_value=-4.66115e-05 0.00424921 0.0214697 -0.000824024 0.0398128 0.0195104 0.0602779 0.0033887
internal_weight=1699.6 241.765 55.0169 186.749 38.197 26.4895 11.9863 172.53
internal_count=163284 56832 20491 36341 13088 11773 5226 32528
is_linear=0
shrinkage=0.0750466


Tree=383
num_leaves=9
num_cat=0
split_feature=107 18 27 27 80 97 134 107
split_gain=0.828902 3.52055 3.28102 5.18854 1.89115 1.57718 8.82197 2.18201
threshold=230.50000000000003 3102.7650000000003 12.500000000000002 32.500000000000007 5.5000000000000009 147.50000000000003 93605.400000000009 153.50000000000003
decision_type=2 2 2 2 2 2 10 2
left_child=5 -2 -3 -4 -5 -1 -7 -8
right_child=1 2 3 4 -6 6 7 -9
leaf_value=-0.00020170693217744443 -0.066423631385642889 0.039281425653387866 -0.075606057672879895 -0.015631119085649962 0.077019388818513557 0.078530619509135341 -0.018061064143262067 0.02853503443053388
leaf_weight=1638.1220536471519 5.5282000217130216 7.667124666206294 5.4925413366822777 2.5050295655041737 2.4584929531738453 9.3561335595659312 20.85119724817196 7.7688918551034467
leaf_count=138207 1652 3189 4743 2833 1868 1837 4841 4114
internal_value=-4.80592e-05 -0.0139993 0.001992 -0.0253512 0.0302598 0.000148806 0.0152683 -0.0054126
internal_weight=1699.75 23.6514 18.1232 10.4561 4.96352 1676.1 37.9762 28.6201
internal_count=163284 14285 12633 9444 4701 148999 10792 8955
is_linear=0
shrinkage=0.0750466


Tree=384
num_leaves=9
num_cat=0
split_feature=8 128 128 142 24 23 142 113
split_gain=0.904648 2.77309 5.90627 3.29028 4.08836 3.31873 4.82166 7.51678
threshold=-1.0000000180025095e-35 603.7750000000002 5692.1350000000011 238705.50000000003 1.0000000180025095e-35 1.5000000000000002 91494.000000000015 -805.49999999999989
decision_type=2 10 10 10 2 2 10 8
left_child=1 3 -3 5 -5 6 -1 -8
right_child=-2 2 -4 4 -6 -7 7 -9
leaf_value=0.0019243290644888982 -0.0007619996282832636 -0.050066698802658557 0.013360300875961297 -0.020274895164836968 0.019850952923159054 -0.0039652624425027634 0.052893107626811271 -0.0031344031030706948
leaf_weight=44.908234213544347 1452.4629414164478 15.400897163464832 17.854053715584087 42.929101219098811 21.444673941272868 43.899890670482819 40.723307372369163 20.163837840080305
leaf_count=2766 130000 4000 5432 2634 6925 4164 4883 2480
internal_value=-4.75791e-05 0.00414801 -0.0160138 0.00728007 -0.00690787 0.0133813 0.0205793 0.0343386
internal_weight=1699.79 247.324 33.255 214.069 64.3738 149.695 105.795 60.8871
internal_count=163284 33284 9432 23852 9559 14293 10129 7363
is_linear=0
shrinkage=0.0750466


Tree=385
num_leaves=9
num_cat=0
split_feature=33 33 33 33 7 125 127 72
split_gain=0.83905 2.65443 1.676 2.27977 1.20087 4.87223 3.3485 2.73552
threshold=175039.38000000003 453889.19500000007 300519.73500000004 225465.98000000004 5005.1550000000016 -41294.289999999994 1221.5000000000002 2333.3600000000006
decision_type=2 2 2 2 2 10 10 2
left_child=4 2 3 -2 -1 6 -6 -7
right_child=1 -3 -4 -5 5 7 -8 -9
leaf_value=-0.00040450835391083226 -0.048539263340226076 0.023377961521463167 -0.06479157118269803 0.020553448505195127 0.0076206596361611647 0.016475202445408878 -0.025221173187766364 0.065905579099511391
leaf_weight=1557.6256064362119 5.3516068280041562 7.3306485381845041 5.483814456610161 5.4070905873263655 68.867991492814326 16.128759679724684 23.434301838773536 10.352742133871287
leaf_count=135405 2402 2402 2402 2402 3758 5215 7496 1802
internal_value=-4.75438e-05 -0.0141075 -0.0310256 -0.0138147 0.000150163 0.00742363 -0.000717437 0.0357996
internal_weight=1699.98 23.5732 16.2425 10.7587 1676.41 118.784 92.3023 26.4815
internal_count=163284 9608 7206 4804 153676 18271 11254 7017
is_linear=0
shrinkage=0.0750466


Tree=386
num_leaves=9
num_cat=0
split_feature=104 104 140 134 104 153 9 103
split_gain=0.808423 2.48691 3.54455 2.89671 2.70876 3.94401 4.78631 2.65793
threshold=39921.000000000007 52843.650000000009 8303.6200000000008 106977.60000000002 123223.65000000001 2844.5250000000001 835.43500000000006 6.5000000000000009
decision_type=2 2 8 10 2 8 2 2
left_child=-1 2 -2 7 5 6 -5 -3
right_child=1 3 -4 4 -6 -7 -8 -9
leaf_value=0.00026357094441659942 0.0074400813039777218 -0.011095812932559176 -0.06222490331755378 -0.021779473461397966 -0.062755296944114913 -0.059926664273503384 0.073021095982177098 0.045447372069390819
leaf_weight=1641.0479514938825 7.085530280635794 7.9104816684703136 9.8058817739429305 6.7343535682175624 5.5430201083017883 4.7973807616217519 5.4082401918049072 11.472755629421952
leaf_count=136394 3083 2596 4101 3236 3762 5369 1822 2921
internal_value=-4.61154e-05 -0.00869537 -0.0330022 0.00111148 -0.0172175 -0.00231677 0.0204441 0.0223716
internal_weight=1699.81 58.7576 16.8914 41.8662 22.483 16.94 12.1426 19.3832
internal_count=163284 26890 7184 19706 14189 10427 5058 5517
is_linear=0
shrinkage=0.0750466


Tree=387
num_leaves=9
num_cat=0
split_feature=6 25 25 82 147 6 113 81
split_gain=0.904274 3.51615 8.21272 9.45832 4.00219 4.05804 4.44002 3.65034
threshold=131.50000000000003 10238.335000000001 16350.765000000001 1.5000000000000002 -1305.0149999999996 135.50000000000003 -2054.4999999999995 1.0000000180025095e-35
decision_type=2 2 2 2 10 2 10 2
left_child=-1 4 3 -3 5 -2 -7 -8
right_child=1 2 -4 -5 -6 6 7 -9
leaf_value=0.001240776557739711 -0.032284841461421659 0.096449395479972833 -0.0031906769887835485 -0.0022513610919745264 0.012975927645477997 -0.015778968894029213 0.009366913247290316 -0.007566840550839604
leaf_weight=1095.0623752294741 33.098221006848689 11.96313509834363 52.924231564402817 10.071563011874785 64.593841322672233 143.98466218205249 134.81541467937222 153.1290614754389
leaf_count=84913 2539 3060 31225 4039 2037 5178 7979 22314
internal_value=-4.54261e-05 -0.0023751 0.0128377 0.0513355 -0.00452821 -0.00695959 -0.00501894 0.000361532
internal_weight=1699.64 604.58 74.9589 22.0347 529.621 465.027 431.929 287.944
internal_count=163284 78371 38324 7099 40047 38010 35471 30293
is_linear=0
shrinkage=0.0750466


Tree=388
num_leaves=9
num_cat=0
split_feature=148 10 6 116 116 116 27 150
split_gain=0.959413 2.96618 2.27429 1.24841 4.07319 1.88571 8.2828 4.49918
threshold=5.9250000000000007 -910.38999999999987 135.50000000000003 45741.250000000007 77957.780000000013 19720.290000000005 13.500000000000002 20211.775000000005
decision_type=10 2 2 10 8 10 2 10
left_child=3 2 -2 5 -5 -1 -7 -8
right_child=1 -3 -4 4 -6 6 7 -9
leaf_value=-0.00038051051166457787 -0.050464099267508479 0.031715331471100117 0.016935040942963855 -0.04594302554116271 0.0095785046708169036 -0.0091421417065064674 0.11976224069338606 0.026756353302871246
leaf_weight=1605.269090877051 5.6910342475994202 18.58157387490246 5.5885758631197859 13.545314409099772 16.514973266358542 22.805557678384503 5.2821294162713439 6.5766486508223352
leaf_count=137180 2047 2988 2751 4068 4052 4728 1994 3476
internal_value=-4.59451e-05 0.0132872 -0.0170706 -0.000284355 -0.0154398 -6.55308e-06 0.017311 0.068183
internal_weight=1699.85 29.8612 11.2796 1669.99 30.0603 1639.93 34.6643 11.8588
internal_count=163284 7786 4798 155498 8120 147378 10198 5470
is_linear=0
shrinkage=0.0750466


Tree=389
num_leaves=9
num_cat=0
split_feature=22 6 12 6 108 64 115 22
split_gain=0.832294 4.93159 1.41592 1.18314 1.00072 2.12711 6.03387 4.3973
threshold=409658.84500000003 227.50000000000003 7.5000000000000009 94.500000000000014 1.0000000180025095e-35 13076.395000000002 25799.010000000006 -1525.53
decision_type=2 2 2 2 2 2 10 2
left_child=4 2 3 -2 5 -1 7 -7
right_child=1 -3 -4 -5 -6 6 -8 -9
leaf_value=0.00050037933146369624 -0.038456490800351489 0.043270843607818771 -0.055828172142862099 0.0029446584108387907 0.012108419447504419 0.027046172595698286 0.051462908733456235 -0.026747494349955291
leaf_weight=1553.5714640586466 7.2217814686864648 6.8976906435486844 7.5021876291398248 8.4200755101592204 38.675155694489149 9.9780790813310869 7.5625977390645849 60.144817679448806
leaf_count=115275 2087 4227 6521 3290 4411 1887 3690 21896
internal_value=-4.54628e-05 -0.0124259 -0.0290253 -0.0161701 0.000177258 -0.000105615 -0.0122244 -0.019093
internal_weight=1699.97 30.0417 23.144 15.6419 1669.93 1631.26 77.6855 70.1229
internal_count=163284 16125 11898 5377 147159 142748 27473 23783
is_linear=0
shrinkage=0.0750466


Tree=390
num_leaves=9
num_cat=0
split_feature=28 147 10 97 63 147 147 127
split_gain=0.888068 3.46724 2.22247 5.62134 3.28453 2.50778 5.01052 4.81361
threshold=1395.8750000000002 -1305.0149999999996 1023.9800000000001 1.0000000180025095e-35 1.5000000000000002 -7681.6749999999993 -10789.794999999998 753.50000000000011
decision_type=2 8 2 2 2 8 10 10
left_child=1 -1 5 -4 -5 6 -2 -8
right_child=2 -3 3 4 -6 -7 7 -9
leaf_value=0.016494234688388988 -0.0033152297934136775 9.9905036759856498e-05 0.064482502902813876 -0.012788005341052962 0.041453414545191115 -0.0093898942566353356 -0.0070644529931898912 0.033860338865539449
leaf_weight=78.93824354471144 358.89524877332769 912.57662285003244 9.7594662258270528 26.58945395822775 8.2346096044630013 235.22414171526179 25.701681086666213 43.723447537993707
leaf_count=2821 93280 26144 1474 5577 3954 21040 2998 5996
internal_value=-4.45913e-05 0.00140512 -0.00207446 0.0141452 3.80945e-05 -0.00316426 0.000254721 0.0187097
internal_weight=1699.64 991.515 708.128 44.5835 34.8241 663.545 428.32 69.4251
internal_count=163284 28965 134319 11005 9531 123314 102274 8994
is_linear=0
shrinkage=0.0750466


Tree=391
num_leaves=9
num_cat=0
split_feature=148 127 72 127 127 135 149 107
split_gain=0.794276 4.98435 1.76322 1.13562 3.49966 4.38492 5.39198 3.12317
threshold=5.9250000000000007 2528.5000000000005 1624.8900000000001 1221.5000000000002 610.50000000000011 -1110.4999999999998 1537.5000000000002 59.500000000000007
decision_type=10 8 2 8 10 8 10 2
left_child=3 -2 -3 4 5 6 -1 -6
right_child=1 2 -4 -5 7 -7 -8 -9
leaf_value=-0.0031800519661246162 -0.019525979139821546 0.066891572248143877 0.016461148187687857 -0.0015399565574691295 0.017030244306994045 -0.025163114820115004 0.023514805316025185 -0.0086158869180204822
leaf_weight=244.05187290588219 14.589149934308809 7.7480805377031157 7.8715380640333024 1170.563262753602 129.70226194962743 39.425245519981218 51.629314350907407 33.689672377151055
leaf_count=22156 3152 3220 1414 111228 3683 3038 4526 10867
internal_value=-4.42188e-05 0.012016 0.0414771 -0.0002625 0.0027372 -0.00165352 0.00148118 0.0117423
internal_weight=1699.27 30.2088 15.6196 1669.06 498.498 335.106 295.681 163.392
internal_count=163284 7786 4634 155498 44270 29720 26682 14550
is_linear=0
shrinkage=0.0750466


Tree=392
num_leaves=9
num_cat=0
split_feature=13 33 115 107 107 22 33 107
split_gain=0.773725 1.07972 2.68745 1.11548 3.91631 1.00492 3.68788 25.726
threshold=1.5000000000000002 175039.38000000003 1.0000000180025095e-35 30.500000000000004 85.500000000000014 319.2050000000001 1.0000000180025095e-35 22.500000000000004
decision_type=2 2 8 2 2 2 2 2
left_child=1 5 -3 -4 -5 -1 -7 -8
right_child=-2 2 3 4 -6 6 7 -9
leaf_value=0.0018786729439881763 -0.012177045481148141 0.030574802634999995 -0.044093613354333802 0.044714434680391109 -0.075457117094359066 -0.0032766197905741527 0.13209346402055297 -0.015981463909424939
leaf_weight=1003.2528023926443 29.091456720256247 5.3634080440906473 11.384774274003581 3.7106812963611437 2.5957735972729097 609.08026458230916 8.876900593750177 25.853397104760461
leaf_count=34927 829 3303 831 1083 4370 102112 480 15349
internal_value=-4.33981e-05 0.000167956 -0.0159603 -0.0300683 -0.00474888 0.00039371 -0.00192031 0.0218658
internal_weight=1699.21 1670.12 23.0546 17.6912 6.30645 1647.06 643.811 34.7303
internal_count=163284 162455 9587 6284 5453 152868 117941 15829
is_linear=0
shrinkage=0.0750466


Tree=393
num_leaves=9
num_cat=0
split_feature=102 74 139 145 11 139 150 111
split_gain=0.817836 2.77907 1.06598 4.55909 4.17882 4.0432 2.04901 5.80633
threshold=1.0000000180025095e-35 1068.0300000000002 790.20500000000004 5.5000000000000009 368.24500000000006 109.96500000000002 25962.100000000002 inf
decision_type=2 2 10 10 2 10 10 8
left_child=2 -2 5 4 -4 6 -1 -8
right_child=1 -3 3 -5 -6 -7 7 -9
leaf_value=-0.00012154419498730519 0.0093671031276120961 -0.024104585916109079 0.029241373753584973 0.058138006115579483 -0.036481307453091361 -0.029814089015351885 0.0060611951763168519 0.079790079372197675
leaf_weight=1513.4897275698972 25.552838612752566 30.820702488040752 10.549937561276243 9.2630200859707639 11.268079075984131 25.225708257559745 65.891550758630729 6.6201225533741299
leaf_count=116415 1918 3055 1120 2772 5157 6192 25395 1260
internal_value=-4.47677e-05 -0.00893263 0.000260315 0.0140264 -0.0047016 -5.2356e-06 0.000468881 0.0127924
internal_weight=1698.68 56.3735 1642.31 31.081 21.818 1611.23 1586 72.5117
internal_count=163284 4973 158311 9049 6277 149262 143070 26655
is_linear=0
shrinkage=0.0750466


Tree=394
num_leaves=9
num_cat=0
split_feature=80 33 149 25 25 63 138 8
split_gain=0.872459 4.85755 4.06525 4.48544 5.65554 5.06832 4.49039 3.96942
threshold=2.5000000000000004 8897.4100000000017 352.50000000000006 5340.5650000000014 1.0000000180025095e-35 1.0000000180025095e-35 13933.140000000001 14788.655000000001
decision_type=2 2 8 2 2 2 8 2
left_child=-1 2 -2 4 7 6 -5 -4
right_child=1 -3 3 5 -6 -7 -8 -9
leaf_value=-0.00073700195068450479 -0.035213313865986647 -0.038683879969384993 0.019128699134912587 0.0034247636799077919 0.039538517074273798 0.010467782015347831 -0.050516022560232361 -0.015892146786185144
leaf_weight=1457.0129996726914 12.287159615427298 14.056960686697037 49.646611998923618 16.009206730992446 45.455508108076174 56.543980223873859 19.016302276519127 28.802843140872938
leaf_count=106452 2374 11314 3709 2430 6193 20860 5936 4016
internal_value=-4.41489e-05 0.00413045 0.00677286 0.00916707 0.0184753 -0.00342811 -0.0258612 0.00627074
internal_weight=1698.83 241.819 227.762 215.474 123.905 91.5695 35.0255 78.4495
internal_count=163284 56832 45518 43144 13918 29226 8366 7725
is_linear=0
shrinkage=0.0750466


end of trees

feature_importances:
mrentabilidad_annual=93
cliente_edad=89
mcuentas_saldo=88
mcuenta_corriente=87
mprestamos_personales=76
ctrx_quarter=70
Master_fechaalta=70
Visa_fechaalta=68
Visa_mpagominimo=67
Visa_Fvencimiento=64
mcaja_ahorro=63
Master_Fvencimiento=59
mcomisiones=57
mtransferencias_emitidas=57
Master_mfinanciacion_limite=57
Visa_mpagospesos=57
mrentabilidad=56
chomebanking_transacciones=56
mpasivos_margen=54
mtransferencias_recibidas=52
mactivos_margen=51
mcaja_ahorro_dolares=50
cliente_antiguedad=49
numero_de_cliente=47
Visa_mlimitecompra=47
Visa_msaldopesos=45
ccomisiones_otras=39
mautoservicio=38
ctarjeta_visa_transacciones=38
mcomisiones_mantenimiento=37
Visa_cconsumos=36
ccaja_seguridad=35
mpayroll=35
Visa_mfinanciacion_limite=35
Visa_mconsumototal=35
mcuenta_debitos_automaticos=34
mpagomiscuentas=33
ctransferencias_emitidas=32
Visa_mconsumospesos=32
mcomisiones_otras=31
Visa_msaldototal=31
Visa_mconsumosdolares=31
Master_msaldototal=30
Master_mpagospesos=30
cproductos=29
ctarjeta_debito_transacciones=29
cpagomiscuentas=29
ctransferencias_recibidas=29
ccajas_consultas=29
Master_msaldopesos=29
ccomisiones_mantenimiento=28
mextraccion_autoservicio=28
Master_mlimitecompra=28
internet=27
mplazo_fijo_dolares=27
Visa_status=27
cdescubierto_preacordado=26
mtarjeta_visa_consumo=26
ccallcenter_transacciones=26
ccaja_ahorro=25
cpayroll_trx=24
mttarjeta_visa_debitos_automaticos=24
cprestamos_personales=22
thomebanking=19
matm=19
Master_status=19
Master_mpagominimo=19
tmobile_app=16
ctarjeta_visa_debitos_automaticos=14
cextraccion_autoservicio=14
cmobile_app_trx=14
Visa_fultimo_cierre=14
Visa_mpagosdolares=14
tcuentas=13
ccuenta_debitos_automaticos=13
tcallcenter=13
catm_trx=13
Visa_msaldodolares=13
ctarjeta_debito=12
Master_mconsumospesos=12
Master_fultimo_cierre=12
ctarjeta_master_transacciones=11
mttarjeta_master_debitos_automaticos=11
cseguro_vida=10
ccajas_otras=10
Master_mconsumototal=10
ctarjeta_master=9
mtarjeta_master_consumo=9
catm_trx_other=9
Master_cconsumos=9
Visa_mpagado=8
cplazo_fijo=6
ccajas_transacciones=6
active_quarter=5
cseguro_vivienda=5
ctarjeta_visa=4
cinversion1=3
matm_other=3
cinversion2=2
minversion2=2
ccheques_depositados=2
Master_msaldodolares=2
Master_mpagado=2
Visa_madelantodolares=2
cseguro_accidentes_personales=1
mcheques_depositados=1
Master_mconsumosdolares=1
Visa_madelantopesos=1

parameters:
[boosting: gbdt]
[objective: binary]
[metric: auc]
[tree_learner: serial]
[device_type: cpu]
[data_sample_strategy: bagging]
[data: ]
[valid: ]
[num_iterations: 395]
[learning_rate: 0.0750466]
[num_leaves: 9]
[num_threads: 0]
[seed: 862307]
[deterministic: 0]
[force_col_wise: 0]
[force_row_wise: 1]
[histogram_pool_size: -1]
[max_depth: -1]
[min_data_in_leaf: 2230]
[min_sum_hessian_in_leaf: 1.06535e-05]
[bagging_fraction: 1]
[pos_bagging_fraction: 1]
[neg_bagging_fraction: 1]
[bagging_freq: 0]
[bagging_seed: 4986]
[bagging_by_query: 0]
[feature_fraction: 0.218412]
[feature_fraction_bynode: 1]
[feature_fraction_seed: 23530]
[extra_trees: 0]
[extra_seed: 9942]
[early_stopping_round: 0]
[early_stopping_min_delta: 0]
[first_metric_only: 0]
[max_delta_step: 0]
[lambda_l1: 0]
[lambda_l2: 0]
[linear_lambda: 0]
[min_gain_to_split: 0]
[drop_rate: 0.1]
[max_drop: 50]
[skip_drop: 0.5]
[xgboost_dart_mode: 0]
[uniform_drop: 0]
[drop_seed: 20700]
[top_rate: 0.2]
[other_rate: 0.1]
[min_data_per_group: 100]
[max_cat_threshold: 32]
[cat_l2: 10]
[cat_smooth: 10]
[max_cat_to_onehot: 4]
[top_k: 20]
[monotone_constraints: ]
[monotone_constraints_method: basic]
[monotone_penalty: 0]
[feature_contri: ]
[forcedsplits_filename: ]
[refit_decay_rate: 0.9]
[cegb_tradeoff: 1]
[cegb_penalty_split: 0]
[cegb_penalty_feature_lazy: ]
[cegb_penalty_feature_coupled: ]
[path_smooth: 0]
[interaction_constraints: ]
[verbosity: -100]
[saved_feature_importance_type: 0]
[use_quantized_grad: 0]
[num_grad_quant_bins: 4]
[quant_train_renew_leaf: 0]
[stochastic_rounding: 1]
[linear_tree: 0]
[max_bin: 31]
[max_bin_by_feature: ]
[min_data_in_bin: 3]
[bin_construct_sample_cnt: 200000]
[data_random_seed: 30690]
[is_enable_sparse: 1]
[enable_bundle: 1]
[use_missing: 1]
[zero_as_missing: 0]
[feature_pre_filter: 0]
[pre_partition: 0]
[two_round: 0]
[header: 0]
[label_column: ]
[weight_column: ]
[group_column: ]
[ignore_column: ]
[categorical_feature: ]
[forcedbins_filename: ]
[precise_float_parser: 0]
[parser_config_file: ]
[objective_seed: 22033]
[num_class: 1]
[is_unbalance: 0]
[scale_pos_weight: 1]
[sigmoid: 1]
[boost_from_average: 1]
[reg_sqrt: 0]
[alpha: 0.9]
[fair_c: 1]
[poisson_max_delta_step: 0.7]
[tweedie_variance_power: 1.5]
[lambdarank_truncation_level: 30]
[lambdarank_norm: 1]
[label_gain: ]
[lambdarank_position_bias_regularization: 0]
[eval_at: ]
[multi_error_top_k: 1]
[auc_mu_weights: ]
[num_machines: 1]
[local_listen_port: 12400]
[time_out: 120]
[machine_list_filename: ]
[machines: ]
[gpu_platform_id: -1]
[gpu_device_id: -1]
[gpu_device_id_list: ]
[gpu_use_dp: 0]
[num_gpu: 1]

end of parameters
