tree
version=v4
num_class=1
num_tree_per_iteration=1
label_index=0
max_feature_idx=153
objective=binary sigmoid:1
feature_names=numero_de_cliente foto_mes active_quarter cliente_vip internet cliente_edad cliente_antiguedad mrentabilidad mrentabilidad_annual mcomisiones mactivos_margen mpasivos_margen cproductos tcuentas ccuenta_corriente mcuenta_corriente_adicional mcuenta_corriente ccaja_ahorro mcaja_ahorro mcaja_ahorro_adicional mcaja_ahorro_dolares cdescubierto_preacordado mcuentas_saldo ctarjeta_debito ctarjeta_debito_transacciones mautoservicio ctarjeta_visa ctarjeta_visa_transacciones mtarjeta_visa_consumo ctarjeta_master ctarjeta_master_transacciones mtarjeta_master_consumo cprestamos_personales mprestamos_personales cprestamos_prendarios mprestamos_prendarios cprestamos_hipotecarios mprestamos_hipotecarios cplazo_fijo mplazo_fijo_dolares mplazo_fijo_pesos cinversion1 minversion1_pesos minversion1_dolares cinversion2 minversion2 cseguro_vida cseguro_auto cseguro_vivienda cseguro_accidentes_personales ccaja_seguridad cpayroll_trx mpayroll mpayroll2 cpayroll2_trx ccuenta_debitos_automaticos mcuenta_debitos_automaticos ctarjeta_visa_debitos_automaticos mttarjeta_visa_debitos_automaticos ctarjeta_master_debitos_automaticos mttarjeta_master_debitos_automaticos cpagodeservicios mpagodeservicios cpagomiscuentas mpagomiscuentas ccajeros_propios_descuentos mcajeros_propios_descuentos ctarjeta_visa_descuentos mtarjeta_visa_descuentos ctarjeta_master_descuentos mtarjeta_master_descuentos ccomisiones_mantenimiento mcomisiones_mantenimiento ccomisiones_otras mcomisiones_otras cforex cforex_buy mforex_buy cforex_sell mforex_sell ctransferencias_recibidas mtransferencias_recibidas ctransferencias_emitidas mtransferencias_emitidas cextraccion_autoservicio mextraccion_autoservicio ccheques_depositados mcheques_depositados ccheques_emitidos mcheques_emitidos ccheques_depositados_rechazados mcheques_depositados_rechazados ccheques_emitidos_rechazados mcheques_emitidos_rechazados tcallcenter ccallcenter_transacciones thomebanking chomebanking_transacciones ccajas_transacciones ccajas_consultas ccajas_depositos ccajas_extracciones ccajas_otras catm_trx matm catm_trx_other matm_other ctrx_quarter tmobile_app cmobile_app_trx Master_delinquency Master_status Master_mfinanciacion_limite Master_Fvencimiento Master_Finiciomora Master_msaldototal Master_msaldopesos Master_msaldodolares Master_mconsumospesos Master_mconsumosdolares Master_mlimitecompra Master_madelantopesos Master_madelantodolares Master_fultimo_cierre Master_mpagado Master_mpagospesos Master_mpagosdolares Master_fechaalta Master_mconsumototal Master_cconsumos Master_cadelantosefectivo Master_mpagominimo Visa_delinquency Visa_status Visa_mfinanciacion_limite Visa_Fvencimiento Visa_Finiciomora Visa_msaldototal Visa_msaldopesos Visa_msaldodolares Visa_mconsumospesos Visa_mconsumosdolares Visa_mlimitecompra Visa_madelantopesos Visa_madelantodolares Visa_fultimo_cierre Visa_mpagado Visa_mpagospesos Visa_mpagosdolares Visa_fechaalta Visa_mconsumototal Visa_cconsumos Visa_cadelantosefectivo Visa_mpagominimo
feature_infos=[12159854:77722076] [202104:202104] [0:1] [0:1] [0:4] [19:101] [1:376] [-239774.32000000001:645741.12] [-603976.89000000001:6868191.71] [-32909.18:341624.25] [-313906.75:299888.78000000003] [-62197.190000000002:519043.78999999998] [3:17] [1:2] [1:3] [-82991.339999999997:2108268.0299999998] [-2195857.5:21365751.859999999] [2:8] [-8280.1299999999992:30787954.780000001] [-1190.8199999999999:2654243.8300000001] [-26336.5:135638177.87] [0:1] [-2232579.79:328744518.88999999] [0:301] [0:162] [0:1400273.4399999999] [0:3] [0:634] [0:2837240.7200000002] [0:2] [0:356] [0:1779727.1100000001] [0:506] [0:7038000] [0:19] [0:20442808.949999999] [0:20] [0:35851430.100000001] [0:99] [0:59597784] [0:32117593.73] [0:11] [0:108203113.08] [0:117252843.86] [0:52] [0:355653815.48000002] [0:3] [0:11] [0:4] [0:5] [0:6] [0:126] [0:60648897.310000002] [0:317432.5] [0:4] [0:134] [0:7283353.5099999998] [0:72] [0:722029.88] [0:58] [0:557086.31999999995] [0:42] [0:8517858.4399999995] [0:678] [0:230670200.97999999] [0:12] [0:23460] [0:15] [0:74972.639999999999] [0:15] [0:78459.029999999999] [0:38] [-15494.48:12465.219999999999] [0:256] [-32909.18:341624.25] [0:18] [0:15] [0:11759.32] [0:18] [0:3628.9099999999999] [0:902] [0:531368551.08999997] [0:259] [0:154341745.75999999] [0:101] [0:2011695] [0:140] [0:63679162.43] [0:89] [0:15356358.539999999] [0:13] [0:4222800] [0:14] [0:2366424.8700000001] [0:1] [0:101] [0:1] [0:12022] [0:1] [0:34] [0:8] [0:9] [0:52] [0:101] [0:2011695] [0:57] [0:1642602.8] [0:3437] [0:1] [0:1] [0:1] [0:9] [0:550790361] [-2251:6880] [2:207] [-1008582:2798756.1099999999] [-990227.02000000002:2797981.7999999998] [-630945.59999999998:1087846.4399999999] [-45738.199999999997:1774651.05] [0:9649.6599999999999] [985.32000000000005:9212742] [0:52785] [0:214.69] [2:3320] [0:787680.82999999996] [-1271748.3799999999:49814.739999999998] [0:9334.25] [2:7632] [-45738.199999999997:1774651.05] [0:126] [0:20] [0:1361723.97] [0:1] [0:9] [0:124710817.52] [-2914148:5845] [5:208] [-890074.31999999995:7278914.8899999997] [-1044057.17:8538167.1600000001] [-702902.58999999997:738213.71999999997] [-60767.610000000001:2779277.9500000002] [0:13403.35] [1011.71:16422000] [0:191476.91] [0:2047.8800000000001] [2:163] [0:1994100] [-2855922.9199999999:70457.759999999995] [0:10844.469999999999] [2:12628] [-60767.610000000001:2779277.9500000002] [0:180] [0:16] [0:2073101.55]
tree_sizes=1096 1126 1127 1122 1132 1114 1121 1126 1123 1130 1115 1129 1136 1141 1136 1125 1135 1147 1131 1136 1130 1133 1132 1147 1142 1127 1130 1149 1123 1143 1148 1137 1131 1134 1125 1133 1139 1143 1128 1130 1145 1137 1135 1148 1141 1140 1148 1136 1134 1140 1131 1138 1144 1150 1137 1140 1137 1135 1128 1135 1152 1148 1150 1154 1141 1145 1137 1144 1135 1153 1162 1143 1143 1140 1149 1140 1145 1144 1148 1136 1140 1141 1138 1142 1152 1129 1141 1150 1139 1132 1149 1125 1142 1136 1140 1148 1139 1127 1142 1137 1148 1139 1155 1137 1134 1145 1153 1140 1140 1135 1132 1138 1147 1130 1142 1140 1140 1129 1141 1142 1142 1145 1142 1142 1156 1127 1139 1144 1149 1156 1130 1139 1140 1131 1152 1147 1132 1134 1151 1151 1144 1133 1153 1139 1135 1131 1145 1135 1129 1133 1147 1142 1149 1138 1147 1140 1152 1142 1148 1140 1141 1137 1139 1138 1147 1140 1133 1136 1143 1142 1140 1135 1147 1129 1138 1136 1150 1148 1134 1142 1119 1134 1116 1148 1139 1139 1139 1129 1132 1133 1128 1141 1140 1148 1139 1125 1120 1131 1150 1150 1136 1120 1141 1146 1135 1146 1135 1139 1137 1148 1140 1136 1143 1150 1143 1137 1148 1158 1140 1138 1138 1144 1133 1138 1142 1127 1126 1133 1142 1140 1137 1133 1152 1141 1123 1137 1147 1134 1133 1135 1136 1138 1131 1152 1133 1139 1159 1153 1141 1137 1139 1142 1140 1141 1142 1128 1137 1122 1130 1151 1144 1131 1135 1138 1135 1140 1141 1137 1132 1152 1132 1137 1134 1146 1131 1131 1138 1140 1149 1139 1134 1135 1141 1136 1144 1131 1137 1141 1126 1142 1140 1130 1148 1143 1140 1135 1150 1148 1134 1147 1143 1143 1154 1137 1127 1147 1144 1143 1140 1131 1141 1131 1136 1138 1124 1127 1135 1129 1152 1135 1128 1139 1136 1153 1145 1130 1130 1144 1143 1141 1147 1140 1137 1151 1128 1124 1133 1144 1141 1135 1133 1137 1132 1131 1137 1145 1139 1136 1135 1131 1149 1139 1148 1148 1138 1135 1140 1153 1128 1149 1137 1125 1150 1135 1139 1141 1123 1148 1147 1132 1139 1140 1122 1143 1144 1144 1143 1133 1134 1136 1135 1146 1133 1137 1134 1155 1133 1140 1128 1141 1137 1125 1139 1138 1142

Tree=0
num_leaves=9
num_cat=0
split_feature=12 84 147 84 83 8 113 84
split_gain=3089.69 1577.63 1031.88 938.711 555.708 340.892 267.009 93.4784
threshold=5.5000000000000009 1.0000000180025095e-35 -2974.2299999999996 1.0000000180025095e-35 5324.8300000000008 16678.810000000001 -1263.4999999999998 1.0000000180025095e-35
decision_type=2 2 8 2 2 2 8 2
left_child=1 -1 7 4 5 6 -4 -2
right_child=2 -3 3 -5 -6 -7 -8 -9
leaf_value=-3.6719197421716445 -4.3659988341491367 -4.312006382297275 -4.087668557491261 -4.3771507349039451 -4.3324555174658856 -4.1815281055267928 -3.8084243956774921 -4.4022772010070632
leaf_weight=57.248988300561905 756.72152623534203 34.91133064031601 39.869604110717773 171.64525672793388 59.867973774671555 69.69552606344223 37.352326810359955 848.6021476984024
leaf_count=4503 59521 2746 3136 13501 4709 5482 2938 66748
internal_value=-4.33916 -3.91439 -4.3589 -4.24742 -4.13973 -4.0612 -3.9526 -4.38518
internal_weight=2075.91 92.1603 1983.75 378.431 206.785 146.917 77.2219 1605.32
internal_count=163284 7249 156035 29766 16265 11556 6074 126269
is_linear=0
shrinkage=1


Tree=1
num_leaves=9
num_cat=0
split_feature=26 51 51 153 81 12 74 81
split_gain=1942.32 939.741 879.954 1283.28 372.377 249.368 171.901 87.1451
threshold=1.0000000180025095e-35 1.0000000180025095e-35 1.0000000180025095e-35 475.06500000000005 15997.960000000001 6.5000000000000009 1588.4450000000004 48679.555000000008
decision_type=2 2 2 10 2 2 2 2
left_child=1 6 3 4 5 -2 -1 -5
right_child=2 -3 -4 7 -6 -7 -8 -9
leaf_value=0.28420573832209739 0.36119931617317813 -0.022822220419827944 -0.068010818200288661 0.0011317833262908157 0.048162356294997044 0.17175779203163447 0.47664215709908608 -0.054303372616584217
leaf_weight=50.936579933390021 60.883151249960065 46.38708654884249 1043.0024893917143 365.61651636194438 86.380903193727136 109.54752146732062 53.711729894392192 283.58999204263091
leaf_count=2469 3749 3300 85039 28821 6638 7446 2809 23013
internal_value=-0.00092167 0.258344 -0.0210129 0.0330907 0.175097 0.239432 0.382976 -0.0230837
internal_weight=2100.06 151.035 1949.02 906.018 256.812 170.431 104.648 649.207
internal_count=163284 8578 154706 69667 17833 11195 5278 51834
is_linear=0
shrinkage=0.0750466


Tree=2
num_leaves=9
num_cat=0
split_feature=107 16 107 16 16 33 153 153
split_gain=3354.49 1396.73 365.79 160.322 135.121 111.741 97.5061 45.7768
threshold=22.500000000000004 -118.94499999999998 52.500000000000007 -7736.8999999999987 -1.0000000180025095e-35 4895.2500000000009 475.06500000000005 299.11500000000007
decision_type=2 2 2 2 2 2 10 10
left_child=1 3 4 -1 5 6 -2 -4
right_child=2 -3 7 -5 -6 -7 -8 -9
leaf_value=0.49777947718808385 0.20439356842756742 0.068775389698484735 -0.025767860900918271 0.33683336798428937 -0.011632176913387421 -0.030436319883902593 0.063413572910454741 -0.059706834410518377
leaf_weight=58.983032478019595 48.612880067899823 138.17303521279246 272.54379129689187 85.220024540089071 159.32791574951261 34.305026154965162 64.01206598430872 1252.1426543649286
leaf_count=2311 2847 7140 20527 3827 11843 2270 4938 107581
internal_value=-0.00147541 0.239285 -0.0386065 0.402665 0.0362373 0.0881459 0.124265 -0.0536401
internal_weight=2113.32 282.376 1830.94 144.203 306.258 146.93 112.625 1524.69
internal_count=163284 13278 150006 6138 21898 10055 7785 128108
is_linear=0
shrinkage=0.0750466


Tree=3
num_leaves=9
num_cat=0
split_feature=107 72 51 107 28 107 81 107
split_gain=2358.04 288.914 233.672 215.977 167.831 73.4606 42.8872 40.685
threshold=30.500000000000004 1708.4500000000003 1.0000000180025095e-35 12.500000000000002 7437.8550000000005 12.500000000000002 48679.555000000008 66.500000000000014
decision_type=2 2 2 2 2 2 2 2
left_child=1 5 4 -3 6 -1 -2 -6
right_child=2 3 -4 -5 7 -7 -8 -9
leaf_value=0.1310288793527328 0.071673597802504638 0.27851632607125576 -0.067570442682153176 0.13357729016923614 0.002639694509992443 0.042735441600672601 -0.0059953354957165937 -0.044336002885861481
leaf_weight=110.12187466956675 136.73917520139366 121.72552757244557 937.11286687571555 110.43415490910411 139.22212189622223 102.44067887496203 56.619349683634937 408.53516366798431
leaf_count=4123 8316 3398 85396 5266 10980 5877 4070 35858
internal_value=-0.00195213 0.151693 -0.0426672 0.209571 -0.011178 0.0884775 0.0489305 -0.0323963
internal_weight=2122.95 444.722 1678.23 232.16 741.116 212.563 193.359 547.757
internal_count=163284 18664 144620 8664 59224 10000 12386 46838
is_linear=0
shrinkage=0.0750466


Tree=4
num_leaves=9
num_cat=0
split_feature=24 137 33 16 52 137 16 16
split_gain=1164.49 619.315 656.584 621.521 142.594 97.156 89.0202 49.5269
threshold=1.0000000180025095e-35 5971.2200000000012 17595.285000000003 -118.94499999999998 1.0000000180025095e-35 4483.3200000000006 -7736.8999999999987 -1.0000000180025095e-35
decision_type=2 10 2 2 2 10 2 2
left_child=1 2 3 6 5 7 -1 -2
right_child=4 -3 -4 -5 -6 -7 -8 -9
leaf_value=0.31505718423272011 0.10325352894005548 -0.0076628977093732061 -0.040293772132570252 0.056765607172258606 -0.067887807280850671 -0.035918010137919405 0.21474668048292411 0.005011493488639906
leaf_weight=77.941282371990383 45.822604388929904 374.76537509728223 110.66067262366414 162.81015742290765 782.55888041760772 352.68260728381574 138.12917032837868 78.25963940192014
leaf_count=1733 2363 30069 3795 8245 76034 31662 4655 4728
internal_value=-0.00213798 0.0649423 0.120525 0.167495 -0.0481769 -0.0158236 0.250931 0.0412915
internal_weight=2123.63 864.307 489.541 378.881 1259.32 476.765 216.07 124.082
internal_count=163284 48497 18428 14633 114787 38753 6388 7091
is_linear=0
shrinkage=0.0750466


Tree=5
num_leaves=9
num_cat=0
split_feature=11 25 12 25 11 4 27 16
split_gain=1316.66 266.186 128.256 118.938 86.5867 71.299 105.329 81.8597
threshold=136.92000000000004 1525.2650000000001 4.5000000000000009 5340.5650000000014 475.70500000000004 1.0000000180025095e-35 2.5000000000000004 -68.659999999999982
decision_type=2 2 2 2 2 2 2 2
left_child=1 2 -1 4 -2 6 7 -4
right_child=3 -3 5 -5 -6 -7 -8 -9
leaf_value=0.20852525599979585 0.017288880111181178 -0.0095871194603714162 0.1658698373593126 -0.059355920733180446 -0.039181527407521073 0.041471890928203727 0.042130924992159105 0.0738904360842422
leaf_weight=67.44287177734077 255.99421400390565 126.2534792041406 178.41589999850839 850.27585502620786 379.80562614556402 99.434640641324222 86.743110419251025 78.457896271720529
leaf_count=1273 18251 10701 5083 83817 32002 2874 5981 3302
internal_value=-0.00230913 0.0879823 0.112113 -0.0409968 -0.0164447 0.0974366 0.113631 0.137776
internal_weight=2122.82 636.748 510.494 1486.08 635.8 443.052 343.617 256.874
internal_count=163284 29214 18513 134070 50253 17240 14366 8385
is_linear=0
shrinkage=0.0750466


Tree=6
num_leaves=9
num_cat=0
split_feature=11 22 28 4 24 7 26 11
split_gain=1077.43 206.367 111.658 111.954 111.284 85.8194 77.4303 60.5576
threshold=136.92000000000004 319.2050000000001 2982.1750000000006 1.0000000180025095e-35 1.5000000000000002 1655.0800000000002 1.0000000180025095e-35 665.45500000000015
decision_type=2 2 2 2 2 2 2 2
left_child=1 2 3 5 6 -1 -2 -8
right_child=4 -3 -4 -5 -6 -7 7 -9
leaf_value=0.10228340993197409 0.091710742566637971 0.011134105070263486 0.030814780322425028 0.059749456050937018 -0.05575159973644904 0.18777529314054098 0.0050830094584498947 -0.047328050248133538
leaf_weight=126.87488470505923 37.374479090794921 203.25372674036771 100.76743035763502 121.11430422309786 893.64844274148345 138.12155273556709 256.42182919569314 240.71718155406415
leaf_count=4184 1101 11956 7173 2910 92672 2991 19064 21233
internal_value=-0.00234447 0.0746491 0.101164 0.119524 -0.0395501 0.146844 -0.012463 -0.0202947
internal_weight=2118.29 690.132 486.878 386.111 1428.16 264.996 534.513 497.139
internal_count=163284 29214 17258 10085 134070 7175 41398 40297
is_linear=0
shrinkage=0.0750466


Tree=7
num_leaves=9
num_cat=0
split_feature=27 33 111 9 16 56 153 16
split_gain=756.192 423.931 418.938 155.725 122.522 65.5464 53.98 50.067
threshold=2.5000000000000004 17595.285000000003 1.0000000180025095e-35 1388.5400000000002 -4047.3549999999991 1.0000000180025095e-35 651.0150000000001 -118.94499999999998
decision_type=2 2 8 2 2 2 10 2
left_child=1 2 3 -1 -4 6 -2 -5
right_child=5 -3 4 7 -6 -7 -8 -9
leaf_value=-0.00060441633269815861 0.026583243135200937 -0.052231168977412874 0.22439289387670563 0.10884850498771052 0.11188933340306484 -0.058285357658574365 -0.033265331783850834 0.031294374901676282
leaf_weight=268.04683830775321 101.31766105815768 180.58692725468427 99.042972865514457 150.71575672086328 121.2728326190263 600.20573452115059 523.04138491582125 68.049104171805084
leaf_count=18133 7726 8122 1398 3582 4096 64323 52084 3820
internal_value=-0.00234574 0.0503925 0.0766006 0.0377409 0.162465 -0.0405769 -0.0235534 0.0847245
internal_weight=2112.28 887.714 707.128 486.812 220.316 1224.56 624.359 218.765
internal_count=163284 39151 31029 25535 5494 124133 59810 7402
is_linear=0
shrinkage=0.0750466


Tree=8
num_leaves=9
num_cat=0
split_feature=52 150 32 29 8 74 8 31
split_gain=793.856 292.104 288.402 205.007 94.7166 73.4686 73.2738 46.3511
threshold=16685.650000000005 5236.5900000000011 1.0000000180025095e-35 1.0000000180025095e-35 12961.865000000002 1397.7000000000003 9683.5850000000009 1106.3200000000004
decision_type=2 10 2 2 2 2 2 2
left_child=1 2 3 -1 5 -5 7 -3
right_child=-2 6 -4 4 -6 -7 -8 -9
leaf_value=0.13715366850287369 -0.064432663584423303 0.056933682266424937 -0.027501006242338845 0.043162425351938878 0.01444284719890338 0.12036805892439503 -0.040817313082585537 -0.024379373031861773
leaf_weight=224.44987514987588 747.97597664222121 93.117844758555293 184.65090800169855 145.19433571211994 223.19714242778718 133.00726224202663 284.42402856238186 68.545660662464797
leaf_count=4306 84455 8364 7476 7392 11482 4910 27972 6927
internal_value=-0.00235995 0.0318648 0.0562399 0.077543 0.0508585 0.0800742 -0.0178866 0.0224568
internal_weight=2104.56 1356.59 910.5 725.849 501.399 278.202 446.088 161.664
internal_count=163284 78829 35566 28090 23784 12302 43263 15291
is_linear=0
shrinkage=0.0750466


Tree=9
num_leaves=9
num_cat=0
split_feature=107 11 107 116 107 11 81 104
split_gain=893.947 131.502 62.0453 29.619 25.5311 22.2929 15.0086 14.6599
threshold=45.500000000000007 368.24500000000006 85.500000000000014 702.78000000000009 12.500000000000002 271.98500000000007 1.0000000180025095e-35 10615.650000000001
decision_type=2 2 2 8 2 2 2 2
left_child=1 3 5 -1 -5 7 -3 -2
right_child=2 6 -4 4 -6 -7 -8 -9
leaf_value=0.082499972364399016 0.019995769624396781 0.011617613750818498 -0.054852482387784569 0.069848510997336785 0.028605750210293986 -0.032347448397360305 -0.038018598579233835 -0.035871742963123128
leaf_weight=388.94432040769607 103.36495662573725 73.360613970085979 854.23802007036284 198.83984339237213 147.05257456190884 230.93618363561109 64.450453193858266 35.550972061697394
leaf_count=13053 7442 4102 99379 2707 5127 23437 4723 3314
internal_value=-0.0023611 0.0556755 -0.0437351 0.0682915 0.0523146 -0.0180575 -0.0115959 0.00569831
internal_weight=2096.74 872.648 1224.09 734.837 345.892 369.852 137.811 138.916
internal_count=163284 29712 133572 20887 7834 34193 8825 10756
is_linear=0
shrinkage=0.0750466


Tree=10
num_leaves=9
num_cat=0
split_feature=51 11 33 5 26 11 119 33
split_gain=667.609 358.393 358.126 69.4588 60.4761 37.2484 30.0222 27.781
threshold=1.0000000180025095e-35 271.98500000000007 17595.285000000003 39.500000000000007 1.0000000180025095e-35 665.45500000000015 inf 1.0000000180025095e-35
decision_type=2 2 2 2 2 2 8 2
left_child=1 2 3 -1 -5 7 -6 -3
right_child=-2 5 -4 4 6 -7 -8 -9
leaf_value=0.11842210386498397 -0.060760314138394431 0.018924861143359582 -0.048481501249374073 0.10880651136973661 0.0048312083814091465 -0.034598889023989825 0.060545117499964003 -0.056090820757366627
leaf_weight=204.8954811594449 720.65649539185688 165.79031206760556 143.61450423067436 135.57739431969821 67.60407905606553 336.61842993972823 280.43392189359292 33.406252304557711
leaf_count=5878 88339 12733 5605 1569 3884 33282 9068 2926
internal_value=-0.00230367 0.0284924 0.0593165 0.0818017 0.0662866 -0.0193777 0.0497231 0.00634436
internal_weight=2088.6 1367.94 832.125 688.511 483.615 535.815 348.038 199.197
internal_count=163284 74945 26004 20399 14521 48941 12952 15659
is_linear=0
shrinkage=0.0750466


Tree=11
num_leaves=9
num_cat=0
split_feature=22 28 71 8 71 8 73 137
split_gain=575.532 193.473 66.5602 61.6669 40.2767 39.0245 33.1598 31.0684
threshold=6061.1650000000009 10333.675000000001 1.0000000180025095e-35 9683.5850000000009 1.0000000180025095e-35 14788.655000000001 4.5000000000000009 16998.050000000003
decision_type=2 2 2 2 2 2 2 10
left_child=1 2 -1 -4 -2 7 -3 -6
right_child=4 6 3 -5 5 -7 -8 -9
leaf_value=0.02559788997180424 -0.055504174288849698 0.029216277657317415 0.10873610608791122 0.052909792949447212 0.045704812084587078 -0.041725931428789609 -0.02962037653976687 -0.028548920239617248
leaf_weight=281.61039211275056 616.68219321407378 70.420381034724414 165.27641237946227 342.10479641053826 65.1185203185305 245.40712133375928 230.63595905760303 61.904481205623597
leaf_count=13808 75484 5742 3002 7448 3688 21667 25779 6666
internal_value=-0.00228583 0.0353257 0.0548559 0.0710949 -0.0437355 -0.0242486 -0.0158578 0.00951736
internal_weight=2079.16 1090.05 788.992 507.381 989.112 372.43 301.056 127.023
internal_count=163284 55779 24258 10450 107505 32021 31521 10354
is_linear=0
shrinkage=0.0750466


Tree=12
num_leaves=9
num_cat=0
split_feature=51 32 133 153 73 153 149 7
split_gain=552.708 194.144 181.914 117.398 32.491 26.53 25.2033 18.1758
threshold=1.0000000180025095e-35 1.0000000180025095e-35 1.0000000180025095e-35 651.0150000000001 8.5000000000000018 134.89500000000001 636.50000000000011 2527.4600000000005
decision_type=2 2 8 10 2 8 10 2
left_child=1 2 3 6 -5 -3 -1 -8
right_child=-2 5 -4 4 -6 -7 7 -9
leaf_value=0.017932014091092973 -0.059208076774488631 0.019434503350770467 0.095232241491460701 0.0089732174599166607 -0.033744615537966031 -0.047789783908864979 0.065480523325680148 0.026708748821637249
leaf_weight=130.44257417041808 655.10354407969862 39.474783421494067 239.09371992759407 266.61714958539233 160.73123325966299 203.56814075959846 285.44540285551921 89.431009552441537
leaf_count=3607 88339 1820 2711 22304 18370 12323 9143 4667
internal_value=-0.0022184 0.0241698 0.0368307 0.0218592 -0.00709351 -0.0368713 0.0463446 0.0562311
internal_weight=2069.91 1414.8 1171.76 932.667 427.348 243.043 505.319 374.876
internal_count=163284 74945 60802 58091 40674 14143 17417 13810
is_linear=0
shrinkage=0.0750466


Tree=13
num_leaves=9
num_cat=0
split_feature=138 16 71 8 153 16 149 71
split_gain=319.149 108.814 79.4257 78.0858 66.2562 36.5045 40.9316 56.8294
threshold=6957.295000000001 -1.0000000180025095e-35 1.0000000180025095e-35 9683.5850000000009 1413.4650000000001 -14461.189999999999 636.50000000000011 1.0000000180025095e-35
decision_type=10 2 2 2 10 2 10 2
left_child=1 5 -2 4 -4 -1 -7 -8
right_child=2 -3 3 -5 -6 6 7 -9
leaf_value=0.078700923316042476 -0.051793247841793073 -0.0061151327513859618 0.14083819654224827 -0.032728525496380723 0.01137179479754509 0.015050127135694133 -0.0041154896937066494 0.074634905907433644
leaf_weight=134.25529613345861 559.06418846873567 386.15313922427595 27.260036511346698 267.49986208416522 121.43553649494424 283.50535751646385 68.189600658137351 212.25507633760571
leaf_count=2076 79015 25527 1815 27565 11038 6919 4569 4760
internal_value=-0.00216448 0.0258516 -0.0333146 -0.00849284 0.0351066 0.0435313 0.0351588 0.0554869
internal_weight=2059.62 1084.36 975.26 416.195 148.696 698.205 563.95 280.445
internal_count=163284 43851 119433 40418 12853 18324 16248 9329
is_linear=0
shrinkage=0.0750466


Tree=14
num_leaves=9
num_cat=0
split_feature=107 52 52 11 11 115 115 4
split_gain=491.82 92.7764 73.8038 41.5017 39.4369 26.7036 25.0851 23.7316
threshold=59.500000000000007 1.0000000180025095e-35 16685.650000000005 368.24500000000006 533.97500000000014 713.80000000000007 5238.9400000000014 1.0000000180025095e-35
decision_type=2 2 2 2 2 8 10 2
left_child=2 4 3 5 6 -1 -2 -7
right_child=1 -3 -4 -5 -6 7 -8 -9
leaf_value=0.05470593323257332 0.026473353943827233 -0.066196878661203121 -0.032204685097984305 -0.00043508733307547819 -0.037032743404127662 0.041276424389770978 -0.035974416083624609 0.0032715395297366686
leaf_weight=478.59875758457929 128.2870770660229 474.05926792649552 96.034525850787759 146.89706821693107 257.74301265506074 280.96166031947359 50.484570648986846 137.98033404443413
leaf_count=12802 10252 76028 9993 9694 31085 6274 4920 2236
internal_value=-0.0020829 -0.0432103 0.0307539 0.0365429 -0.0182466 0.0425949 0.00883829 0.0287594
internal_weight=2051.05 910.574 1140.47 1044.44 436.515 897.541 178.772 418.942
internal_count=163284 122285 40999 31006 46257 21312 15172 8510
is_linear=0
shrinkage=0.0750466


Tree=15
num_leaves=9
num_cat=0
split_feature=107 33 107 33 153 127 0 7
split_gain=428.427 170.84 42.9552 29.6265 32.1231 21.2136 19.1786 19.1689
threshold=59.500000000000007 27559.105000000007 22.500000000000004 8897.4100000000017 299.11500000000007 610.50000000000011 46112960.000000007 1462.8150000000003
decision_type=2 2 2 2 10 8 2 2
left_child=1 2 5 4 -2 -1 -7 -4
right_child=3 -3 7 -5 -6 6 -8 -9
leaf_value=0.025798706863225808 -0.0038105567120999889 -0.04997198270334946 0.0019019338213460645 -0.068665272203724551 -0.043173766818172005 0.046413206088740409 0.077228979666844833 0.03510995939626272
leaf_weight=151.85802037082613 148.87169059645385 140.42676234152168 193.46396911283955 182.75193941965699 541.32765792356804 304.2655359278433 181.65326362522319 198.18437874503434
leaf_count=3614 14385 5713 13468 27076 80824 5053 2448 10703
internal_value=-0.00201183 0.0276765 0.0382687 -0.0417975 -0.0346834 0.0502818 0.0579332 0.0187061
internal_weight=2042.8 1169.85 1029.43 872.951 690.199 637.777 485.919 391.648
internal_count=163284 40999 35286 122285 95209 11115 7501 24171
is_linear=0
shrinkage=0.0750466


Tree=16
num_leaves=9
num_cat=0
split_feature=11 98 85 72 26 64 11 4
split_gain=318.925 91.9066 50.7108 33.3387 21.2815 20.0357 18.7813 18.3937
threshold=271.98500000000007 1.0000000180025095e-35 10615.650000000001 1708.4500000000003 1.0000000180025095e-35 839.90500000000009 1469.9150000000002 1.0000000180025095e-35
decision_type=2 2 2 2 2 2 2 2
left_child=1 2 5 4 -2 7 -5 -1
right_child=3 -3 -4 6 -6 -7 -8 -9
leaf_value=0.033329330890621428 0.024302798945309852 0.1134426887036409 -0.028205361539609692 -0.0011508116099220034 -0.048473878565732688 -0.010831427838024994 -0.043824673426643958 0.0065647069883291243
leaf_weight=710.54737917752936 23.540433900430799 61.38981322478503 114.38500843895599 190.76426958618686 584.96595304552466 82.230565656907856 83.513836686033756 181.56647444376722
leaf_count=20202 1650 2412 13066 17369 89213 6172 9748 3452
internal_value=-0.00193895 0.024103 0.0190654 -0.0358672 -0.0456585 0.0246148 -0.0141444 0.0278821
internal_weight=2032.9 1150.12 1088.73 882.784 608.506 974.344 274.278 892.114
internal_count=163284 45304 42892 117980 90863 29826 27117 23654
is_linear=0
shrinkage=0.0750466


Tree=17
num_leaves=9
num_cat=0
split_feature=111 25 99 137 137 16 149 55
split_gain=312.819 231.125 71.278 62.3881 22.743 22.489 18.4032 12.59
threshold=1.0000000180025095e-35 4305.3500000000013 1.0000000180025095e-35 18877.255000000001 4483.3200000000006 -1.0000000180025095e-35 636.50000000000011 1.0000000180025095e-35
decision_type=10 2 2 10 10 2 10 2
left_child=1 2 3 5 -3 6 -1 -5
right_child=-2 4 -4 7 -6 -7 -8 -9
leaf_value=0.011066626966130711 0.20192885867451474 -0.021093566295000494 0.10179926914382417 -0.013633666386771083 -0.052802938984584907 -0.00043843561660801165 0.034838791511595739 -0.049220774104196639
leaf_weight=357.92134473659098 41.554132990539074 177.83841724786907 47.297336120158434 164.1419585281983 449.06599875213578 326.00925771100447 376.16151144169271 84.973775348626077
leaf_count=6097 565 18021 2334 17254 77513 17569 12160 11771
internal_value=-0.00185421 -0.00612364 0.0112919 0.0080222 -0.0438077 0.0159638 0.023248 -0.0257725
internal_weight=2024.96 1983.41 1356.51 1309.21 626.904 1060.09 734.083 249.116
internal_count=163284 162719 67185 64851 95534 35826 18257 29025
is_linear=0
shrinkage=0.0750466


Tree=18
num_leaves=9
num_cat=0
split_feature=18 33 21 28 31 6 95 96
split_gain=304.837 219.875 78.3776 43.4703 42.8031 24.1194 21.3043 19.2344
threshold=5971.0600000000004 17595.285000000003 1.0000000180025095e-35 2982.1750000000006 2558.5000000000005 20.500000000000004 1.5000000000000002 1.0000000180025095e-35
decision_type=2 2 2 2 2 2 2 2
left_child=1 2 -1 -2 5 -4 -5 -7
right_child=3 -3 4 6 -6 7 -8 -9
leaf_value=0.10243022717832402 -0.0081523702867504558 -0.052033369265564525 0.0055147606370584143 -0.049151885304789276 -0.016540274005246693 0.0312729000841106 0.005174970317595803 0.057348038181836918
leaf_weight=96.185822527855635 244.5948370997794 180.91608471795917 116.92445068946108 589.33345875982195 94.897341881878674 368.66292566573247 43.665832923725247 280.58799471752718
leaf_count=1457 18639 11933 2960 94287 7686 7419 7125 11778
internal_value=-0.00178628 0.0238401 0.0381797 -0.0350218 0.0310026 0.0368912 -0.0454043 0.0425418
internal_weight=2015.77 1138.17 957.259 877.594 861.073 766.175 632.999 649.251
internal_count=163284 43233 31300 120051 29843 22157 101412 19197
is_linear=0
shrinkage=0.0750466


Tree=19
num_leaves=9
num_cat=0
split_feature=51 33 11 107 129 82 10 7
split_gain=324.66 162.109 105.245 32.573 26.4423 18.8394 17.9834 16.7942
threshold=1.0000000180025095e-35 17595.285000000003 596.98500000000013 45.500000000000007 1.0000000180025095e-35 1.0000000180025095e-35 567.17500000000007 886.22500000000014
decision_type=2 2 2 2 10 2 2 2
left_child=1 2 4 7 5 6 -1 -2
right_child=3 -3 -4 -5 -6 -7 -8 -9
leaf_value=0.030195644638097263 -0.035206585990268519 -0.050044643175549998 -0.017516464124165299 -0.062321512543947286 -0.00028945122336982722 0.066306791299118886 0.059425652734143068 0.037476904437421826
leaf_weight=681.20732307620347 51.04162901872769 185.32243934413418 263.57824501302093 422.29336419515312 104.79237253405154 127.24209896568209 143.51814777823165 27.57723135733977
leaf_count=15481 4054 12125 31142 81787 6636 7529 2032 2498
internal_value=-0.00172831 0.0156831 0.0249087 -0.0540643 0.0354904 0.039429 0.0352822 -0.00971131
internal_weight=2006.57 1505.66 1320.34 500.912 1056.76 951.968 824.725 78.6189
internal_count=163284 74945 62820 88339 31678 25042 17513 6552
is_linear=0
shrinkage=0.0750466


Tree=20
num_leaves=9
num_cat=0
split_feature=107 18 18 18 72 5 107 116
split_gain=253.15 53.4851 34.0299 17.2611 16.1481 24.0427 15.0577 14.0253
threshold=66.500000000000014 952.04500000000019 11352.675000000001 24182.040000000005 1708.4500000000003 42.500000000000007 97.500000000000014 1077.6100000000004
decision_type=2 2 2 2 2 2 2 8
left_child=1 7 6 4 -3 -6 -2 -1
right_child=2 3 -4 -5 5 -7 -8 -9
leaf_value=0.039652346050133458 0.0095693445630325603 -0.0087539767065566883 -0.05030047201376505 -0.024464684078057904 0.061649969320168474 0.0047215788400440592 -0.029859705061700884 0.019633491284918824
leaf_weight=410.27078287117183 87.356499835848808 187.91898219380528 457.94709967216477 131.70099002635106 59.933531811926514 137.95453618327156 145.24855391215533 379.35415462171659
leaf_count=8051 9267 11773 85512 12988 2034 5573 21522 6564
internal_value=-0.00167226 0.0177453 -0.0384274 -0.00100636 0.00700149 0.0219632 -0.0150518 0.0300348
internal_weight=1997.69 1307.13 690.552 517.508 385.807 197.888 232.605 789.625
internal_count=163284 46983 116301 32368 19380 7607 30789 14615
is_linear=0
shrinkage=0.0750466


Tree=21
num_leaves=9
num_cat=0
split_feature=22 98 31 113 22 8 20 134
split_gain=243.512 63.7224 34.7603 27.5844 27.2486 27.0101 27.5465 15.0769
threshold=6061.1650000000009 1.0000000180025095e-35 539.49500000000012 -1962.9999999999998 65850.970000000016 9683.5850000000009 1.0000000180025095e-35 139352.40000000002
decision_type=2 2 2 10 2 2 2 10
left_child=1 2 3 -1 -2 6 7 -5
right_child=4 -3 -4 5 -6 -7 -8 -9
leaf_value=0.0068140649055468717 -0.020150040229988803 0.084448750233673556 -0.017281844963457527 0.017933732380760684 -0.048444601099054435 0.014256158892160253 0.096442483107005428 0.058112328578168046
leaf_weight=464.98784234840423 372.11237700120546 78.880803707754239 163.87022106233053 114.1377085277345 395.35252014594153 248.67087524919771 54.126465733861551 97.559260674519464
leaf_count=13676 43005 3610 17171 4264 64500 9501 3108 4449
internal_value=-0.00159392 0.0192102 0.0147094 0.0200616 -0.0347257 0.0320344 0.0486654 0.0364498
internal_weight=1989.7 1222.23 1143.35 979.482 767.465 514.494 265.823 211.697
internal_count=163284 55779 52169 34998 107505 21322 11821 8713
is_linear=0
shrinkage=0.0750466


Tree=22
num_leaves=9
num_cat=0
split_feature=52 133 94 118 6 20 16 133
split_gain=267.921 131.388 56.3782 37.6792 32.6529 30.3357 21.3385 14.7635
threshold=16685.650000000005 1.0000000180025095e-35 1.0000000180025095e-35 329.42500000000007 115.50000000000001 419.75000000000006 -14461.189999999999 8.0000000000000018
decision_type=2 10 2 10 2 2 2 8
left_child=1 2 3 5 -4 6 -1 -2
right_child=7 -3 4 -5 -6 -7 -8 -9
leaf_value=0.042249049388383496 -0.058859432437389093 0.13826494754557306 0.10618043668107385 -0.028293441897305531 0.02168425230814279 -0.016727637928695232 0.010534197941727712 -0.0017261952997124847
leaf_weight=137.62719378457405 388.1557018707972 45.550344865769148 49.809028375661001 168.48923309496604 53.343286666087806 207.08887337474152 906.19620734849013 27.261701307026669
leaf_count=2381 81358 473 2947 18697 4524 15371 34436 3097
internal_value=-0.00152294 0.0126732 0.00891586 0.00502284 0.0624848 0.00951031 0.0147158 -0.0551101
internal_weight=1983.52 1568.1 1522.55 1419.4 103.152 1250.91 1043.82 415.417
internal_count=163284 78829 78356 70885 7471 52188 36817 84455
is_linear=0
shrinkage=0.0750466


Tree=23
num_leaves=9
num_cat=0
split_feature=133 137 32 32 112 73 116 113
split_gain=127.712 106.384 73.246 36.6305 23.6714 18.1553 12.1895 14.7026
threshold=1.0000000180025095e-35 5971.2200000000012 1.5000000000000002 1.0000000180025095e-35 28503.900000000005 9.5000000000000018 2777.4150000000004 -1962.9999999999998
decision_type=10 10 2 2 10 2 10 10
left_child=1 2 4 5 -1 -3 7 -6
right_child=-2 3 -4 -5 6 -7 -8 -9
leaf_value=0.031272396852513006 0.1164779589674366 -0.0096266406161361253 -0.046027443231348712 -0.061771338686719357 -0.016283368797514859 -0.036869400521952936 -0.022480504570493554 0.015934046831936041
leaf_weight=368.20662672119215 50.386296784039587 410.28273776383139 119.68041464174166 136.19769828557037 94.203111191978678 207.42613396071829 68.014757782919332 520.93112380849198
leaf_count=7739 604 53975 5204 26601 5292 38209 4300 21360
internal_value=-0.00146701 -0.00455428 0.00960151 -0.0265423 0.015934 -0.0187747 0.00766684 0.0110002
internal_weight=1975.33 1924.94 1171.04 753.907 1051.36 617.709 683.149 615.134
internal_count=163284 162680 43895 118785 38691 92184 30952 26652
is_linear=0
shrinkage=0.0750466


Tree=24
num_leaves=9
num_cat=0
split_feature=107 95 29 25 139 113 73 96
split_gain=177.496 65.2013 21.8638 18.7031 13.8489 15.5146 14.1341 13.6186
threshold=79.500000000000014 1.5000000000000002 1.0000000180025095e-35 14700.440000000001 -678.59499999999991 -2054.4999999999995 8.5000000000000018 1.0000000180025095e-35
decision_type=2 2 2 2 10 10 2 2
left_child=1 2 -1 -2 -4 -6 7 -7
right_child=3 -3 4 -5 5 6 -8 -9
leaf_value=0.0217994279420392 -0.024334580372777467 0.085068397214049685 -0.036758244653030958 -0.052347206489900162 -0.027404203649333544 0.00045150250737787089 -0.022185639122455428 0.021769583729961177
leaf_weight=478.89169282629155 271.50566195417196 66.346818094607443 49.304498855024576 265.50287732225843 79.310966996243224 339.94935855804943 80.757426450494677 335.17057519149967
leaf_count=9560 47145 2952 1016 57652 4633 12222 7226 20878
internal_value=-0.00139783 0.0124192 0.00888386 -0.0381843 0.00189098 0.0041726 0.00748581 0.0110351
internal_weight=1966.74 1429.73 1363.38 537.009 884.493 835.188 755.877 675.12
internal_count=163284 58487 55535 104797 45975 44959 40326 33100
is_linear=0
shrinkage=0.0750466


Tree=25
num_leaves=9
num_cat=0
split_feature=51 22 17 8 73 10 8 22
split_gain=215.772 80.1082 35.2912 32.9759 31.1886 33.6333 25.7021 23.0237
threshold=1.0000000180025095e-35 6061.1650000000009 3.5000000000000004 11254.315000000002 2.5000000000000004 -627.07499999999993 9683.5850000000009 -22789.309999999994
decision_type=2 2 2 2 2 2 2 2
left_child=1 3 -2 4 -1 -6 -3 -5
right_child=2 6 -4 7 5 -7 -8 -9
leaf_value=0.018835577354264322 -0.054046002310019596 0.010440575879608565 0.056087535620647389 0.042047767643422398 0.020914534604111731 0.07652161212230732 -0.028233000874225471 0.0020372808090101022
leaf_weight=302.92427377449349 396.33109812787734 143.89259758801199 17.093356400728226 98.763735758606344 101.65678228298202 154.15245290426537 295.61999379354529 450.37235121941194
leaf_count=4330 84759 12751 3580 1838 6972 4109 30407 14538
internal_value=-0.00132962 0.0115384 -0.0494924 0.0222934 0.0351292 0.0544238 -0.0155716 0.00923328
internal_weight=1960.81 1547.38 413.424 1107.87 558.734 255.809 439.513 549.136
internal_count=163284 74945 88339 31787 15411 11081 43158 16376
is_linear=0
shrinkage=0.0750466


Tree=26
num_leaves=9
num_cat=0
split_feature=51 32 71 94 73 16 153 153
split_gain=192.538 89.1452 57.2383 55.3031 42.1981 31.4173 21.761 14.6362
threshold=1.0000000180025095e-35 1.5000000000000002 1.0000000180025095e-35 1.0000000180025095e-35 9.5000000000000018 -14461.189999999999 651.0150000000001 1413.4650000000001
decision_type=2 2 2 2 2 2 8 8
left_child=1 3 -2 4 5 -1 -5 -6
right_child=2 -3 -4 6 7 -7 -8 -9
leaf_value=0.049679843117094884 -0.055891350282403919 -0.047469226705704644 0.057786531364869338 0.10803221092637727 0.004164213967271963 0.012416802010719874 0.039632845234147659 -0.039401626010555309
leaf_weight=146.28171329014003 367.07881663949229 136.1034299635794 26.764607147546485 44.363037622533739 72.749211084796116 988.83595292409882 63.969585178885609 107.7663799514994
leaf_count=1884 84663 7442 3676 1409 5997 37042 4973 16198
internal_value=-0.00127973 0.0105568 -0.0481661 0.016103 0.0118591 0.0172189 0.0676429 -0.0218442
internal_weight=1953.91 1560.07 393.843 1423.97 1315.63 1135.12 108.333 180.516
internal_count=163284 74945 88339 67503 61121 38926 6382 22195
is_linear=0
shrinkage=0.0750466


Tree=27
num_leaves=9
num_cat=0
split_feature=32 29 55 5 20 116 82 32
split_gain=98.3509 79.7912 47.0103 24.913 25.2568 18.0737 12.1618 13.0693
threshold=1.0000000180025095e-35 1.0000000180025095e-35 1.0000000180025095e-35 39.500000000000007 203.56500000000003 7648.8500000000013 1.0000000180025095e-35 1.5000000000000002
decision_type=2 2 2 2 2 10 2 2
left_child=1 -1 3 4 -3 -5 7 -2
right_child=6 2 -4 5 -6 -7 -8 -9
leaf_value=0.033626290226412746 -0.006349975272176892 0.038240525513377657 -0.026819476711152642 0.001933385243647653 -0.019035418521218126 -0.039595938322937257 -0.063003973868490201 -0.045268419383986853
leaf_weight=433.08868294674903 78.35518527473323 195.12910202052444 356.03092475165613 539.43602505954914 55.748904238920659 66.270759479142725 94.433677070308477 127.95336428214796
leaf_count=10072 7092 11905 56443 32899 7493 8376 20303 8701
internal_value=-0.00123578 0.00597563 -0.00389987 0.00562644 0.0255129 -0.00261036 -0.0406976 -0.0304873
internal_weight=1946.45 1645.7 1212.62 856.585 250.878 605.707 300.742 206.309
internal_count=163284 127188 117116 60673 19398 41275 36096 15793
is_linear=0
shrinkage=0.0750466


Tree=28
num_leaves=9
num_cat=0
split_feature=52 11 4 72 98 31 97 20
split_gain=174.229 37.8791 37.8985 29.3677 25.3636 14.7296 16.9431 16.3535
threshold=16685.650000000005 665.45500000000015 1.5000000000000002 1287.6450000000002 1.0000000180025095e-35 5680.9500000000007 36.500000000000007 419.75000000000006
decision_type=2 2 2 2 2 2 2 2
left_child=1 2 4 -2 5 6 7 -1
right_child=3 -3 -4 -5 -6 -7 -8 -9
leaf_value=0.016351781824397088 -0.054434552772530363 -0.018087633741550618 -0.04013140849722148 0.067652916904247795 0.056454435094544127 -0.018105670692723081 0.041256964233700087 -0.013766921916849178
leaf_weight=880.12392407190055 325.04345463053323 244.11595246195793 69.08708642795682 11.488815404474733 85.350906548788771 74.915648156777024 134.4953078944236 114.7713723378256
leaf_count=20291 82736 34731 1374 1719 2758 6709 8578 4388
internal_value=-0.00117662 0.00913019 0.0140202 -0.0502666 0.0169211 0.0141193 0.0162569 0.0128773
internal_weight=1939.39 1602.86 1358.74 336.532 1289.66 1204.31 1129.39 994.895
internal_count=163284 78829 44098 84455 42724 39966 33257 24679
is_linear=0
shrinkage=0.0750466


Tree=29
num_leaves=9
num_cat=0
split_feature=51 50 133 72 5 110 133 130
split_gain=148.657 78.0606 52.5656 49.6502 28.1439 15.1572 14.9636 12.1594
threshold=1.0000000180025095e-35 1.0000000180025095e-35 1.0000000180025095e-35 1287.6450000000002 39.500000000000007 1.0000000180025095e-35 8.0000000000000018 1.5000000000000002
decision_type=2 2 10 2 2 8 8 8
left_child=1 2 4 6 5 -1 -2 -6
right_child=3 -3 -4 -5 7 -7 -8 -9
leaf_value=0.036508902444148561 -0.056334340610461942 -0.061234239902812092 0.085993876393645155 0.07039277054546754 -0.013464394674694529 0.0066893968508075254 0.0051735907469838659 0.007259008444538184
leaf_weight=278.29103373456746 310.24597482988611 84.992272462463006 53.154984129592776 19.799104555509984 198.03789731231518 146.56077571911737 23.998990260995924 818.57566136820242
leaf_count=14148 83060 7071 452 2143 19838 2615 3136 30821
internal_value=-0.00112583 0.00872534 0.0127036 -0.0450781 0.010001 0.0262221 -0.051918 0.00322206
internal_weight=1933.66 1579.61 1494.62 354.044 1441.47 424.852 334.245 1016.61
internal_count=163284 74945 67874 88339 67422 16763 86196 50659
is_linear=0
shrinkage=0.0750466


Tree=30
num_leaves=9
num_cat=0
split_feature=32 55 21 104 138 138 96 63
split_gain=84.5867 54.041 51.0516 25.1839 20.8147 18.0657 15.048 11.7074
threshold=1.0000000180025095e-35 1.5000000000000002 1.0000000180025095e-35 21172.650000000005 1513.9350000000002 21996.515000000003 1.0000000180025095e-35 1.5000000000000002
decision_type=2 2 2 2 8 10 2 2
left_child=1 2 -1 5 -2 6 -4 -7
right_child=4 -3 3 -5 -6 7 -8 -9
leaf_value=0.057085196783046487 0.0079545658337017867 -0.032923260883821172 0.0049698728091666835 -0.029676178811180169 -0.047565262063364817 -0.00012497802942281632 0.02338614698158157 -0.039220943372912744
leaf_weight=120.51092767785303 45.179192136740312 183.38161125872284 547.5827243339736 102.40323042240925 240.36402011639439 170.83847327390686 459.63160035037436 57.709882024908438
leaf_count=2290 2764 32017 13354 20545 33332 20015 25789 13178
internal_value=-0.00108167 0.00547397 0.0103012 0.00608796 -0.0387808 0.00905161 0.0133739 -0.00999695
internal_weight=1927.6 1642.06 1458.68 1338.17 285.543 1235.76 1007.21 228.548
internal_count=163284 127188 95171 92881 36096 72336 39143 33193
is_linear=0
shrinkage=0.0750466


Tree=31
num_leaves=9
num_cat=0
split_feature=33 111 11 95 24 115 5 153
split_gain=112.388 101.529 71.4455 36.6565 28.736 17.8443 16.9848 15.8879
threshold=27559.105000000007 1.0000000180025095e-35 475.70500000000004 1.0000000180025095e-35 8.5000000000000018 2964.0000000000005 39.500000000000007 475.06500000000005
decision_type=2 10 2 2 2 10 2 10
left_child=1 2 3 4 5 6 -1 -4
right_child=-2 -3 7 -5 -6 -7 -8 -9
leaf_value=0.027925843125789381 -0.05311554504056476 0.10733707309973094 -0.0038620016700884256 0.059352962444181714 -0.042745425824979255 -0.022706303563594474 0.0067742390387744225 -0.034884197772448715
leaf_weight=306.8862978653051 208.05637489049695 53.208657457027584 138.5601684327703 82.739966354565695 60.406662063440308 84.512053952086717 705.00285536330193 282.63726075831801
leaf_count=9080 28835 391 16068 4350 10806 7170 19844 66740
internal_value=-0.00102952 0.00529319 0.0020238 0.0110974 0.00764591 0.0104222 0.0131891 -0.0246789
internal_weight=1922.01 1713.95 1660.75 1239.55 1156.81 1096.4 1011.89 421.197
internal_count=163284 134449 134058 51250 46900 36094 28924 82808
is_linear=0
shrinkage=0.0750466


Tree=32
num_leaves=9
num_cat=0
split_feature=51 33 111 18 133 153 81 127
split_gain=120.584 86.665 69.5507 29.7649 19.9639 12.025 10.9562 20.7382
threshold=1.0000000180025095e-35 27559.105000000007 1.0000000180025095e-35 27674.390000000003 8.0000000000000018 5389.9350000000004 3571.4900000000002 2104.5000000000005
decision_type=2 2 10 2 8 10 2 8
left_child=1 2 3 5 -2 6 -1 -8
right_child=4 -3 -4 -5 -6 -7 7 -9
leaf_value=0.011465928023434038 -0.04789717258588852 -0.048081090055803119 0.096682197926708985 -0.019666052156137287 0.021579423955755739 -0.010810123073179303 0.051226570998769337 0.01226989730698006
leaf_weight=798.63943120022304 301.24274402623996 143.43344541592523 53.953130130656064 169.14441195409745 25.245368211530149 101.48076382977888 128.49142956035212 191.9018296750728
leaf_count=14499 85122 11164 327 23688 3217 9429 6472 9366
internal_value=-0.000989538 0.00755516 0.013083 0.00983732 -0.042525 0.013926 0.0161693 0.0278932
internal_weight=1913.53 1587.04 1443.61 1389.66 326.488 1220.51 1119.03 320.393
internal_count=163284 74945 63781 63454 88339 39766 30337 15838
is_linear=0
shrinkage=0.0750466


Tree=33
num_leaves=9
num_cat=0
split_feature=107 20 12 16 56 138 85 85
split_gain=79.4843 23.5102 22.3538 17.7174 12.9863 12.5384 11.1972 7.49799
threshold=85.500000000000014 10921.325000000003 7.5000000000000009 -14461.189999999999 70.580000000000013 21996.515000000003 17067.150000000005 39354.150000000009
decision_type=2 2 2 2 2 8 2 2
left_child=1 3 4 -1 7 6 -5 -2
right_child=2 -3 -4 5 -6 -7 -8 -9
leaf_value=0.031403517292057821 0.011769834081417402 -0.023228890981657827 -0.049692917714128489 0.014349177765750834 -0.034429932162520396 -0.0044492211392614597 -0.020638787315982326 -0.038514688207596362
leaf_weight=185.58479391038418 94.982602944597602 132.79777377168648 186.76654691016302 738.61963448231108 96.107436815509573 395.26978082139976 55.377155358437449 20.263798465020955
leaf_count=2818 18973 11442 53404 24103 21754 17415 8127 5248
internal_value=-0.00095089 0.00692488 -0.0307758 0.00983746 -0.0140593 0.00647208 0.0119089 0.0029283
internal_weight=1905.77 1507.65 398.12 1374.85 211.354 1189.27 793.997 115.246
internal_count=163284 63905 99379 52463 45975 49645 32230 24221
is_linear=0
shrinkage=0.0750466


Tree=34
num_leaves=9
num_cat=0
split_feature=51 50 95 107 22 5 16 31
split_gain=101.551 66.5155 36.2406 29.9914 29.3366 18.5757 15.671 11.022
threshold=1.0000000180025095e-35 1.0000000180025095e-35 1.0000000180025095e-35 45.500000000000007 26219.395 43.500000000000007 -68.659999999999982 2558.5000000000005
decision_type=2 2 2 2 2 2 2 2
left_child=1 2 4 6 7 -4 -2 -1
right_child=3 -3 5 -5 -6 -7 -8 -9
leaf_value=0.013619345675523153 0.05453430022317144 -0.060245185131542367 0.082297146593468928 -0.052466457294397376 -0.018612904235834282 0.023673938442141013 -0.022698861882202631 -0.012855426493376877
leaf_weight=1077.1138510655146 23.188462888821959 79.39075726014562 53.774759953375906 242.95146388059948 216.67383049684577 70.156961362576112 40.883365559624508 96.498785171192139
leaf_count=26862 1439 7071 2372 81787 25318 4227 5113 9095
internal_value=-0.000900031 0.00671408 0.0102248 -0.0404212 0.00675841 0.0491109 0.00525287 0.0114425
internal_weight=1900.63 1593.61 1514.22 307.023 1390.29 123.932 64.0718 1173.61
internal_count=163284 74945 67874 88339 61275 6599 6552 35957
is_linear=0
shrinkage=0.0750466


Tree=35
num_leaves=9
num_cat=0
split_feature=18 4 28 56 113 96 18 82
split_gain=64.2787 26.8048 22.9248 17.8948 15.1129 11.9938 13.0776 15.5785
threshold=13442.075000000003 1.5000000000000002 7437.8550000000005 4810.0000000000009 -2054.4999999999995 1.0000000180025095e-35 3102.7650000000003 1.0000000180025095e-35
decision_type=2 2 2 2 8 2 2 2
left_child=1 3 -2 4 -1 -6 -7 -8
right_child=2 -3 -4 -5 5 6 7 -9
leaf_value=-0.02020851512382538 -0.005334334903384667 -0.037627343097301043 -0.03977650724600218 -0.033622644747247944 0.0062295352955824401 0.028523388449613055 -0.015888750122217646 0.03042019872139758
leaf_weight=82.424444161006249 184.60207550192717 72.504183374345303 265.19628889905289 52.861721944180317 674.59399923135061 395.08091583265923 97.575425559305586 70.452960818307474
leaf_count=4663 22898 2159 76273 6527 17970 15623 7284 9887
internal_value=-0.000865398 0.00684412 -0.0256411 0.00919255 0.010907 0.0129791 0.021065 0.00352822
internal_weight=1895.29 1445.49 449.798 1372.99 1320.13 1237.7 563.109 168.028
internal_count=163284 64113 99171 61954 55427 50764 32794 17171
is_linear=0
shrinkage=0.0750466


Tree=36
num_leaves=9
num_cat=0
split_feature=51 71 8 12 135 10 9 10
split_gain=86.4812 46.6528 40.3451 42.3922 28.0735 25.1603 23.4149 11.4227
threshold=1.0000000180025095e-35 1.0000000180025095e-35 9683.5850000000009 4.5000000000000009 -1901.4999999999998 -3005.3049999999998 1656.3400000000004 -1249.4199999999998
decision_type=2 2 2 2 10 2 2 2
left_child=2 -2 4 -4 -1 -6 -7 -5
right_child=1 -3 3 7 5 6 -8 -9
leaf_value=-0.0017673362089440294 -0.048129860739399427 0.055145702452618517 0.043727304241655295 -0.037983363785219368 -0.016702921522036698 0.024460019666124728 0.063023492302772779 -0.0072783435633514025
leaf_weight=236.57303921016864 263.53714039956685 27.174718792550266 91.598060467746109 75.344733694102615 57.391961952438578 288.89823149517179 127.9475461835973 723.21154170273803
leaf_count=4873 84663 3676 729 12632 7079 10077 5063 34492
internal_value=-0.000820589 -0.038476 0.00601709 -0.00462874 0.0193489 0.0298828 0.0362968 -0.0101754
internal_weight=1891.68 290.712 1600.97 890.154 710.811 474.238 416.846 798.556
internal_count=163284 88339 74945 47853 27092 22219 15140 47124
is_linear=0
shrinkage=0.0750466


Tree=37
num_leaves=9
num_cat=0
split_feature=133 50 32 11 107 32 7 146
split_gain=98.7033 52.5716 57.496 27.7487 16.6856 16.5385 16.2251 10.1822
threshold=8.0000000000000018 1.0000000180025095e-35 1.0000000180025095e-35 823.92000000000019 45.500000000000007 2.5000000000000004 2050.3150000000005 1.0000000180025095e-35
decision_type=10 2 2 2 2 2 2 8
left_child=1 2 3 6 5 -4 -1 -8
right_child=-2 -3 4 -5 -6 -7 7 -9
leaf_value=0.0038127459793946255 0.13673471177847824 -0.060648566526455561 0.01056453338610824 -0.019549395106329089 -0.056060558158599623 -0.041554620978880345 0.012743558970709319 0.037476967500009575
leaf_weight=908.52399823337328 28.941386333201081 84.824204169563018 65.803066016407683 218.03480092179962 107.56384446495213 71.59987995098345 252.46738242381252 149.10701726842672
leaf_count=53544 244 11027 2716 51678 30171 2273 9472 2159
internal_value=-0.000789911 -0.00293217 -0.000171046 0.00523968 -0.0339238 -0.0165945 0.00936524 0.0219272
internal_weight=1886.87 1857.92 1773.1 1528.13 244.967 137.403 1310.1 401.574
internal_count=163284 163040 152013 116853 35160 4989 65175 11631
is_linear=0
shrinkage=0.0750466


Tree=38
num_leaves=9
num_cat=0
split_feature=22 98 29 95 137 153 149 95
split_gain=69.6063 27.4858 31.1494 27.6006 19.7401 14.0469 15.6121 13.1384
threshold=26219.395 1.0000000180025095e-35 1.0000000180025095e-35 1.0000000180025095e-35 37889.265000000007 3853.3050000000007 489.50000000000006 1.5000000000000002
decision_type=2 2 2 2 8 10 10 2
left_child=1 3 -3 5 -5 6 -1 -2
right_child=7 2 -4 4 -6 -7 -8 -9
leaf_value=-0.0068084639611361098 -0.032498772985476973 0.087459657737579313 0.0040145561387112047 0.060783442265456768 -0.0083014476926239807 -0.021921166784726723 0.010992199437830516 0.023142497571055212
leaf_weight=478.10065421904437 366.81053146207705 48.919083812972531 51.950765094370581 77.059003858361393 33.386447971919551 136.87654511036817 661.32876388786826 25.566562534892
leaf_count=12668 80735 753 4508 4718 2817 19344 32475 5266
internal_value=-0.000756184 0.00666002 0.0444831 0.00390884 0.0398998 0.00079435 0.0035231 -0.0288733
internal_weight=1880 1487.62 100.87 1386.75 110.445 1276.31 1139.43 392.377
internal_count=163284 77283 5261 72022 7535 64487 45143 86001
is_linear=0
shrinkage=0.0750466


Tree=39
num_leaves=9
num_cat=0
split_feature=22 32 99 96 8 22 80 16
split_gain=60.9968 54.6984 38.7196 16.9111 23.1209 14.4643 9.84667 9.74462
threshold=26219.395 1.0000000180025095e-35 1.0000000180025095e-35 1.0000000180025095e-35 14788.655000000001 6061.1650000000009 1.5000000000000002 -471.88999999999993
decision_type=2 2 2 2 2 2 2 2
left_child=1 2 3 -1 5 6 -5 -8
right_child=-2 -3 -4 4 -6 -7 7 -9
leaf_value=0.00082249416578226856 -0.027497198378641913 -0.029446523697405653 0.071852511675470798 0.02884939383532736 -0.0018132606648034728 -0.0014010767529818817 0.031732336304066362 0.085459649280098068
leaf_weight=652.75323130667675 381.61674671946093 209.39815898030065 57.966359565034509 225.10969395318534 203.86716654582415 68.753430153476074 36.073244947940111 40.199459912022576
leaf_count=17646 86001 23349 1706 8823 10787 7998 3482 3492
internal_value=-0.000719248 0.00612017 0.0119172 0.00908517 0.0184814 0.0296596 0.0367453 0.0600493
internal_weight=1875.74 1494.12 1284.72 1226.76 574.003 370.136 301.382 76.2727
internal_count=163284 77283 53934 52228 34582 23795 15797 6974
is_linear=0
shrinkage=0.0750466


Tree=40
num_leaves=9
num_cat=0
split_feature=51 27 5 11 31 81 140 115
split_gain=68.0998 20.1866 19.9768 15.4549 14.4955 9.95959 10.3334 9.37875
threshold=1.0000000180025095e-35 1.0000000180025095e-35 39.500000000000007 18.395000000000003 539.49500000000012 42044.910000000011 3519.0050000000006 18982.210000000003
decision_type=2 2 2 2 2 2 10 8
left_child=2 7 3 -1 5 6 -4 -2
right_child=1 -3 4 -5 -6 -7 -8 -9
leaf_value=0.0032431720348994391 -0.022687922299345475 -0.048008607833309021 0.0021354588244177158 0.030500808482773853 -0.020960969537053259 -0.019187799209848685 0.023979264089508168 0.033142699602430867
leaf_weight=214.40835284907371 44.890123746241443 197.36351063183974 720.10507413046435 258.27077736053616 162.71863951231353 99.905355987371877 146.84048656700179 27.221886464511044
leaf_count=2651 7453 77131 13697 14758 20477 12465 10897 3755
internal_value=-0.000687813 -0.0355929 0.00518272 0.0181367 -0.000237987 0.00324964 0.00583529 -0.00161217
internal_weight=1871.72 269.476 1602.25 472.679 1129.57 966.851 866.946 72.112
internal_count=163284 88339 74945 17409 57536 37059 24594 11208
is_linear=0
shrinkage=0.0750466


Tree=41
num_leaves=9
num_cat=0
split_feature=52 99 56 83 153 9 131 10
split_gain=72.8885 40.1935 24.3401 15.8828 29.4437 10.4345 8.73893 6.84767
threshold=65522.015000000007 1.0000000180025095e-35 8668.8100000000031 1.0000000180025095e-35 1214.0550000000003 2120.0400000000004 1049.8350000000003 1875.5950000000003
decision_type=2 2 2 2 8 2 10 2
left_child=1 2 3 6 5 -5 -1 -2
right_child=7 -3 -4 4 -6 -7 -8 -9
leaf_value=0.0010400105288088106 -0.052125159980661848 0.056505095926101735 -0.045411025364610211 0.033304675565631325 -0.0036982553401373967 0.084365594446552214 -0.02617812549885784 0.014666868351835938
leaf_weight=1194.099290648941 155.08512996509671 78.184344551991671 60.195158199872822 116.05419610906392 157.91095291206148 27.972927714581601 70.350022917729802 9.1551250016782415
leaf_count=37643 63355 3630 10559 10234 26114 2308 5857 3584
internal_value=-0.000654851 0.0039452 0.00141882 0.00321846 0.018683 0.0432217 -0.000474322 -0.048402
internal_weight=1869.01 1704.77 1626.58 1566.39 301.938 144.027 1264.45 164.24
internal_count=163284 96345 92715 82156 38656 12542 43500 66939
is_linear=0
shrinkage=0.0750466


Tree=42
num_leaves=9
num_cat=0
split_feature=52 94 56 138 97 30 5 142
split_gain=65.4371 26.3479 21.8287 12.7746 11.2439 11.0395 11.2039 13.9663
threshold=65522.015000000007 1.0000000180025095e-35 8668.8100000000031 54590.010000000002 7.5000000000000009 1.0000000180025095e-35 40.500000000000007 105570.00000000001
decision_type=2 2 2 8 2 2 2 10
left_child=1 2 5 4 -3 -1 7 -7
right_child=-2 3 -4 -5 -6 6 -8 -9
leaf_value=0.0049853997565372666 -0.047065704329157194 0.014733103942138195 -0.045466349460166061 -0.0038612594055582269 0.064740580003916928 -0.035373210198072512 -0.02609352251782893 0.037622448331693405
leaf_weight=1305.1507285378175 156.55701816407964 39.470673830248415 55.486525428714231 37.573754709796049 70.646678214543499 22.823984144604765 136.4727177118184 41.793512076837942
leaf_count=51071 66939 1749 10226 2845 4678 2543 17676 5557
internal_value=-0.000627245 0.00362582 0.000760626 0.0339232 0.0468158 0.00246352 -0.0139044 0.0118392
internal_weight=1865.98 1709.42 1561.73 147.691 110.117 1506.24 201.09 64.6175
internal_count=163284 96345 87073 9272 6427 76847 25776 8100
is_linear=0
shrinkage=0.0750466


Tree=43
num_leaves=9
num_cat=0
split_feature=52 111 153 5 135 16 96 112
split_gain=58.6685 45.704 17.1221 15.5306 16.4174 24.8659 8.80819 9.61456
threshold=65522.015000000007 1.0000000180025095e-35 5389.9350000000004 39.500000000000007 -1840.4999999999998 -471.88999999999993 1.0000000180025095e-35 164689.20000000004
decision_type=2 10 10 2 10 2 2 8
left_child=1 2 3 4 -1 -6 7 -5
right_child=-2 -3 -4 6 5 -7 -8 -9
leaf_value=-0.00062414775708471884 -0.045700075584458801 0.066928609702749803 -0.022770509177664509 -0.023042129831147947 0.0042148494311502766 0.051702308588833241 0.0053508264111568477 -0.0014018425500047147
leaf_weight=206.86461676273029 149.41336024703924 61.366047414951026 155.02475738839712 171.47954030055553 124.00229264469817 124.40796740958467 515.44058682431933 355.01425554393791
leaf_count=6312 66939 466 23979 6712 4807 9190 36403 8476
internal_value=-0.000599152 0.00333332 0.000971308 0.00342959 0.0149925 0.0279974 -0.00162284 -0.00845011
internal_weight=1863.01 1713.6 1652.23 1497.21 455.275 248.41 1041.93 526.494
internal_count=163284 96345 95879 71900 20309 13997 51591 15188
is_linear=0
shrinkage=0.0750466


Tree=44
num_leaves=9
num_cat=0
split_feature=33 52 21 56 8 12 71 135
split_gain=73.3853 47.8706 32.4057 21.9291 11.0016 21.7865 17.5058 18.0004
threshold=27559.105000000007 65522.015000000007 1.0000000180025095e-35 8668.8100000000031 9683.5850000000009 4.5000000000000009 1.0000000180025095e-35 -1505.9999999999998
decision_type=2 2 2 2 2 2 2 10
left_child=1 2 -1 4 6 -6 -4 -8
right_child=-2 -3 3 -5 5 -7 7 -9
leaf_value=0.041573796704886423 -0.047672961725970471 -0.042088174617262684 -0.00065766468397198817 -0.043515542877858852 0.041199284486859576 -0.0047325319854737806 0.0088550965239554916 0.042009879109957675
leaf_weight=143.66558593255468 169.33158035180531 117.35634394397493 299.245682597626 52.298247990198433 63.970658518839628 640.2567809515167 205.82151094241999 167.10150252655149
leaf_count=2232 28835 53134 19801 9608 386 36964 4745 7579
internal_value=-0.000572188 0.00414792 0.00759885 0.00418242 0.00599478 -0.000560175 0.0128624 0.0237113
internal_weight=1859.05 1689.72 1572.36 1428.69 1376.4 704.227 672.169 372.923
internal_count=163284 134449 81315 79083 69475 37350 32125 12324
is_linear=0
shrinkage=0.0750466


Tree=45
num_leaves=9
num_cat=0
split_feature=12 24 4 20 5 29 10 57
split_gain=25.9903 16.8004 18.4444 12.4674 13.7685 13.0135 10.8065 9.34591
threshold=8.5000000000000018 8.5000000000000018 1.5000000000000002 203.56500000000003 39.500000000000007 1.0000000180025095e-35 -1075.2549999999999 1.0000000180025095e-35
decision_type=2 2 2 2 2 2 2 2
left_child=1 2 3 4 6 -6 -1 -7
right_child=-2 -3 -4 -5 5 7 -8 -9
leaf_value=-0.010945099892509141 -0.029696513686339042 -0.022984200483627145 -0.034646350468681836 -0.0095751036296446435 0.016161981184250728 -0.010446647911971987 0.025702968450153321 0.0098118929778956802
leaf_weight=52.335325037012808 157.679008221603 137.55007222411223 65.353628339595161 240.22228673961945 308.06009419460315 352.59629304520786 337.8187482887879 201.57257530395873
leaf_count=5661 36683 42331 1687 26414 6410 13651 11414 19033
internal_value=-0.000553135 0.00215714 0.00437684 0.00608546 0.00908935 0.00379623 0.020787 -0.00307784
internal_weight=1853.19 1695.51 1557.96 1492.61 1252.38 862.229 390.154 554.169
internal_count=163284 126601 84270 82583 56169 39094 17075 32684
is_linear=0
shrinkage=0.0750466


Tree=46
num_leaves=9
num_cat=0
split_feature=133 99 12 38 149 16 74 149
split_gain=60.2041 32.3312 18.6027 12.4692 8.2156 9.03931 6.96819 9.16858
threshold=8.0000000000000018 1.5000000000000002 8.5000000000000018 1.0000000180025095e-35 636.50000000000011 -4047.3549999999991 2126.0350000000003 4024.5000000000005
decision_type=10 2 2 2 8 2 2 8
left_child=1 2 3 4 5 -1 -6 -8
right_child=-2 -3 -4 -5 6 -7 7 -9
leaf_value=-0.032295985162017975 0.10254237031317449 0.062963412750971184 -0.02915060058386764 -0.03498746730760275 -0.00079797268119944666 -0.0025191190715018979 0.024852918204478644 -0.0013499219458268637
leaf_weight=86.133673303178512 31.378054641652852 41.765698433155194 149.72193909389898 60.325607934501022 1006.7137496272335 172.21651264978573 155.90386794076767 145.30326289718505
leaf_count=3771 244 1945 36081 11028 74556 14353 11200 10106
internal_value=-0.000523531 -0.00230233 -0.00383689 -0.00150686 -0.000217343 -0.0124467 0.00219829 0.0122126
internal_weight=1849.46 1818.08 1776.32 1626.6 1566.27 258.35 1307.92 301.207
internal_count=163284 163040 161095 125014 113986 18124 95862 21306
is_linear=0
shrinkage=0.0750466


Tree=47
num_leaves=9
num_cat=0
split_feature=33 22 21 97 22 20 6 74
split_gain=64.7035 45.5861 21.6659 13.4646 11.7311 10.0865 6.43328 9.36593
threshold=27559.105000000007 6061.1650000000009 1.0000000180025095e-35 41.500000000000007 239470.10500000001 1.0000000180025095e-35 20.500000000000004 1660.8950000000002
decision_type=2 2 2 2 2 2 2 2
left_child=1 2 -1 6 -3 -5 -4 -8
right_child=-2 4 3 5 -6 -7 7 -9
leaf_value=0.040484671642504952 -0.046028138742453081 -0.0098006553227059472 -0.0094030167690438791 0.016400102746470635 -0.0396250257369688 0.062328487664917942 0.00078711718675091762 0.01727646115056021
leaf_weight=131.96199637942482 160.48784775019158 405.2032767420169 143.93525754055008 80.218826223979704 90.949163486482576 40.539798154961318 453.33609340013936 339.12983533414081
leaf_count=1710 28835 68629 3933 6216 25252 4377 15100 9232
internal_value=-0.000495672 0.00384036 0.0118131 0.00823409 -0.0152677 0.0318187 0.00519261 0.00784361
internal_weight=1845.76 1685.27 1189.12 1057.16 496.152 120.759 936.401 792.466
internal_count=163284 134449 40568 38858 93881 10593 28265 24332
is_linear=0
shrinkage=0.0750466


Tree=48
num_leaves=9
num_cat=0
split_feature=50 95 25 138 16 138 80 5
split_gain=44.7156 24.4151 25.1345 9.97881 7.50465 11.9412 11.9134 9.29494
threshold=1.0000000180025095e-35 5.5000000000000009 14700.440000000001 6957.295000000001 -14461.189999999999 21996.515000000003 2.5000000000000004 43.500000000000007
decision_type=2 2 2 10 2 8 2 2
left_child=1 2 4 -4 -1 6 -6 -8
right_child=-2 -3 3 -5 5 -7 7 -9
leaf_value=0.017406508421756697 -0.056549220254695262 0.06412964531322296 -0.0042114237375096304 -0.040408264484586634 0.004201643455138797 -0.00771925555285126 0.058902599273624776 0.0081233220170100866
leaf_weight=198.48614696587902 76.759610844193958 34.875674692215398 71.462188210571185 107.29910159902647 790.82579935493413 480.5344498133054 42.022350235725753 39.277646114700474
leaf_count=5784 11035 3163 13297 46566 32355 42128 4616 4340
internal_value=-0.000476893 0.00196198 0.000708658 -0.0259381 0.00377955 0.00177997 0.00701396 0.0343701
internal_weight=1841.54 1764.78 1729.91 178.761 1551.15 1352.66 872.126 81.3
internal_count=163284 152249 149086 59863 89223 83439 41311 8956
is_linear=0
shrinkage=0.0750466


Tree=49
num_leaves=9
num_cat=0
split_feature=17 107 98 94 94 74 74 107
split_gain=21.2123 21.212 13.6451 16.2725 9.55488 9.4118 8.45786 8.22976
threshold=3.5000000000000004 91.500000000000014 1.0000000180025095e-35 1.0000000180025095e-35 1.0000000180025095e-35 2126.0350000000003 391.17500000000007 22.500000000000004
decision_type=2 2 2 2 2 2 2 2
left_child=1 2 3 5 -3 -1 -6 -2
right_child=7 4 -4 -5 6 -7 -8 -9
leaf_value=-0.0061578184694446522 0.0064184160774029267 -0.027335294800333625 0.028400757253865209 0.027658271670769178 0.077797044293814704 0.0091459865224437446 -0.0059763310124869799 0.062761878820377495
leaf_weight=1011.1095243394375 22.929453416261822 228.09319586935453 99.034201295929961 107.41125727037434 8.7662711295997706 291.59770398330875 30.0697491572937 40.193435308057815
leaf_count=46740 384 78809 3765 4536 1860 11730 8266 7194
internal_value=-0.000456039 -0.00197544 0.00147379 -0.00041732 -0.0214765 -0.00273222 0.0129334 0.0422951
internal_weight=1839.2 1776.08 1509.15 1410.12 266.929 1302.71 38.836 63.1229
internal_count=163284 155706 66771 63006 88935 58470 10126 7578
is_linear=0
shrinkage=0.0750466


Tree=50
num_leaves=9
num_cat=0
split_feature=22 94 83 137 17 131 17 22
split_gain=33.3549 16.6035 13.4423 11.0866 10.7754 11.5233 10.15 8.55533
threshold=65850.970000000016 1.0000000180025095e-35 2582.5950000000007 13570.625000000002 3.5000000000000004 392.95500000000004 3.5000000000000004 -22789.309999999994
decision_type=2 2 2 10 2 10 2 2
left_child=1 4 -3 -4 5 7 -2 -1
right_child=6 2 3 -5 -6 -7 -8 -9
leaf_value=0.021162587604401803 -0.032070143067825616 0.013726897200684963 0.101218691279998 0.021017738155605752 0.037882064120732979 -0.02149486373930105 0.029333789306777679 -7.3383442631505032e-06
leaf_weight=118.35702196182683 207.45626467821421 109.41414911125321 21.466162972850725 17.721258870325983 43.086545323953032 130.16404765483458 16.35661195369903 1173.414227943751
leaf_count=3134 60517 5075 1585 3787 3116 20930 3983 61157
internal_value=-0.000433059 0.00333264 0.0272349 0.0649504 0.000908163 -0.000212196 -0.0275826 0.00193233
internal_weight=1837.44 1613.62 148.602 39.1874 1465.02 1421.94 223.813 1291.77
internal_count=163284 98784 10447 5372 88337 85221 64500 64291
is_linear=0
shrinkage=0.0750466


Tree=51
num_leaves=9
num_cat=0
split_feature=52 22 131 82 22 20 22 120
split_gain=39.0291 15.9362 10.9179 12.3937 12.4188 15.2888 9.62342 7.8534
threshold=65522.015000000007 239470.10500000001 568.90500000000009 1.0000000180025095e-35 6061.1650000000009 1.0000000180025095e-35 -22789.309999999994 565969.56500000006
decision_type=2 2 10 2 2 2 2 10
left_child=1 2 3 6 5 -5 -1 -6
right_child=-2 -3 -4 4 7 -7 -8 -9
leaf_value=0.022951659249120373 -0.04051292626920959 -0.034048048379113391 -0.015568320629282741 0.01659778865360691 -0.0036369148412043035 0.068158229572122309 0.00058620792641045317 0.050952180723235589
leaf_weight=120.03440183983184 127.21674154140055 64.393848114879802 146.14915424253559 84.583380903466605 109.61864413827425 52.48857318982482 1113.2646315406309 17.166943417512812
leaf_count=1675 66939 12117 19285 5373 16241 3285 34863 3506
internal_value=-0.000412371 0.00257496 0.00401005 0.00592125 0.0206833 0.0363417 0.00276299 0.00375452
internal_weight=1834.92 1707.7 1643.31 1497.16 263.858 137.072 1233.3 126.786
internal_count=163284 96345 84228 64943 28405 8658 36538 19747
is_linear=0
shrinkage=0.0750466


Tree=52
num_leaves=9
num_cat=0
split_feature=133 71 153 21 83 104 127 127
split_gain=45.6148 19.3673 18.3827 16.5146 9.69531 8.61688 7.5873 19.4263
threshold=8.0000000000000018 1.5000000000000002 651.0150000000001 1.0000000180025095e-35 37776.215000000004 14721.150000000001 510.50000000000006 991.50000000000011
decision_type=10 2 10 2 2 2 8 8
left_child=1 2 4 -4 6 -5 -1 -8
right_child=-2 -3 3 5 -6 -7 7 -9
leaf_value=-0.012748002538367803 0.087989422218369612 0.059841467369651208 0.062843981701270493 -0.012611991735182963 0.031068569248731914 -0.039865601153855568 0.033524692986050902 -0.00038531539692939908
leaf_weight=197.43525879515801 32.306914451532066 28.093720987671986 15.209114787227007 463.82949121436104 62.178425355639774 76.050536568101961 107.13731457525864 850.1935092099593
leaf_count=8319 244 1800 1176 78099 8820 34119 4057 26650
internal_value=-0.000394521 -0.00198075 -0.00296088 -0.0142785 0.00220145 -0.0164511 0.000647099 0.00340964
internal_weight=1832.43 1800.13 1772.03 555.089 1216.94 539.88 1154.77 957.331
internal_count=163284 163040 161240 113394 47846 112218 39026 30707
is_linear=0
shrinkage=0.0750466


Tree=53
num_leaves=9
num_cat=0
split_feature=56 12 98 83 26 147 118 141
split_gain=23.2454 9.83971 14.7211 11.5192 11.2902 10.5648 10.6661 10.4376
threshold=4317.5350000000008 7.5000000000000009 1.0000000180025095e-35 1.0000000180025095e-35 1.0000000180025095e-35 -41886.234999999993 3044.0200000000004 3.0950000000000002
decision_type=2 2 2 2 2 8 8 10
left_child=1 2 3 -1 -4 -3 -7 -5
right_child=-2 5 4 7 -6 6 -8 -9
leaf_value=-0.00077636812749862325 -0.031144710815708604 -0.043036587326348151 0.059456817633391085 0.022309431939069552 0.0084599551588352608 -0.036066111848672304 0.0024465889188619071 -0.037753808891787019
leaf_weight=1044.0146300423075 128.57128410588484 46.127091975533403 46.708633845904842 213.75346130906837 51.306598025839776 49.076280310051516 231.76231459126575 17.639288443606347
leaf_count=32932 35084 16167 494 31313 4264 9535 29052 4443
internal_value=-0.00037672 0.00194974 0.0047352 0.00258132 0.0327622 -0.00975061 -0.00428347 0.0177308
internal_weight=1828.96 1700.39 1373.42 1275.41 98.0152 326.966 280.839 231.393
internal_count=163284 128200 73446 68688 4758 54754 38587 35756
is_linear=0
shrinkage=0.0750466


Tree=54
num_leaves=9
num_cat=0
split_feature=52 32 8 73 131 73 151 151
split_gain=33.2328 32.6657 15.6411 16.9108 13.7588 13.1687 7.52942 7.31524
threshold=65522.015000000007 1.5000000000000002 9683.5850000000009 2.5000000000000004 568.90500000000009 1.0000000180025095e-35 1.5000000000000002 10.500000000000002
decision_type=2 2 2 2 10 2 8 10
left_child=1 2 3 -1 6 -4 -5 -7
right_child=-2 -3 5 4 -6 7 -8 -9
leaf_value=0.00081908209959934586 -0.038490637992585848 -0.037562905953602871 0.04103462186610065 0.011910534892230736 -0.010233208604468535 -0.0025088835987647383 0.035758401288376533 -0.033797326997653976
leaf_weight=362.93108472286258 120.2408552171546 108.26642815914238 37.841083775623702 106.47784156550188 60.036486040393356 737.12234137876658 248.76618050178513 44.632748094038107
leaf_count=6956 66939 9863 724 5163 8273 37013 17278 11075
internal_value=-0.00035776 0.00232977 0.00503287 0.0126528 0.0229949 -0.00220234 0.0286104 -0.00429523
internal_weight=1826.32 1706.07 1597.81 778.212 415.281 819.596 355.244 781.755
internal_count=163284 96345 86482 37670 30714 48812 22441 48088
is_linear=0
shrinkage=0.0750466


Tree=55
num_leaves=9
num_cat=0
split_feature=51 113 16 113 95 22 134 16
split_gain=24.488 16.3826 22.4021 12.8132 12.9577 11.591 9.37458 14.9041
threshold=1.0000000180025095e-35 -75.499999999999986 -1.0000000180025095e-35 -2054.4999999999995 2.5000000000000004 239470.10500000001 160466.40000000002 -354.2999999999999
decision_type=2 8 2 8 2 2 10 2
left_child=3 -2 -3 -1 5 6 -5 -8
right_child=1 2 -4 4 -6 -7 7 -9
leaf_value=-0.024934095943581518 -0.033577265419363608 0.077992824604469796 -0.045384314377397629 -0.00048940376251165876 0.03467948394258339 -0.032166729159095499 -0.00024117862859424099 0.025622080675287359
leaf_weight=88.71416856860742 176.61877386807464 18.792866094561759 14.8288434841088 896.15189010987524 75.669990775175393 51.426500236149877 258.43216619244777 243.93750759446993
leaf_count=4240 80651 3831 3857 26308 3569 9350 11798 19680
internal_value=-0.000345516 -0.0244371 0.0235774 0.00279202 0.00440428 0.00282428 0.00411097 0.0123173
internal_weight=1824.57 210.24 33.6217 1614.33 1525.62 1449.95 1398.52 502.37
internal_count=163284 88339 7688 74945 70705 67136 57786 31478
is_linear=0
shrinkage=0.0750466


Tree=56
num_leaves=9
num_cat=0
split_feature=133 32 52 8 7 141 10 10
split_gain=36.0475 27.6375 26.9702 14.8515 33.2491 30.009 13.6733 12.9539
threshold=8.0000000000000018 1.5000000000000002 65522.015000000007 9683.5850000000009 1261.8700000000001 1.5250000000000001 -1.0000000180025095e-35 1875.5950000000003
decision_type=10 2 2 2 2 8 2 2
left_child=1 2 3 4 -1 -6 -5 -4
right_child=-2 -3 7 6 5 -7 -8 -9
leaf_value=-0.0011565782080268211 0.077461865111559267 -0.037183728041733984 -0.04253318760033109 -0.017500121543552516 0.063620411123997175 0.012516388962043762 0.003096763002859168 0.096626648898828008
leaf_weight=496.34591157181421 32.939566903514788 116.03196124109672 96.177248799009249 278.73677943937946 102.10172205802519 176.73154763987986 520.46987045300193 3.9209076750557861
leaf_count=31129 244 18425 56381 32406 4031 2442 16285 1941
internal_value=-0.000333008 -0.00176418 0.000690192 0.00309173 0.0104927 0.0312294 -0.00408675 -0.0370822
internal_weight=1823.46 1790.52 1674.48 1574.39 775.179 278.833 799.207 100.098
internal_count=163284 163040 144615 86293 37602 6473 48691 58322
is_linear=0
shrinkage=0.0750466


Tree=57
num_leaves=9
num_cat=0
split_feature=33 22 22 123 112 12 12 74
split_gain=50.572 24.1052 7.10196 7.3107 7.67309 8.69854 5.91971 5.57719
threshold=27559.105000000007 6061.1650000000009 239470.10500000001 19.500000000000004 933800.96000000008 7.5000000000000009 4.5000000000000009 391.17500000000007
decision_type=2 2 2 10 10 2 2 2
left_child=1 6 3 4 -3 -6 -1 -4
right_child=-2 2 7 -5 5 -7 -8 -9
leaf_value=0.022730597949386869 -0.042805645753319063 -0.0074511656808479076 -0.0024080916566186416 -0.052939813994177652 0.090717016297933301 -0.005094999218947978 0.0069408591109907276 -0.046103585192452529
leaf_weight=153.1035389311146 145.23426433088025 348.32779056031723 24.137984901550226 18.635431475588121 9.8378819584613684 11.663718054769559 1056.5067482441082 51.662249811459333
leaf_count=1039 28835 59906 5832 3275 1981 3467 39529 19420
internal_value=-0.00032574 0.00336004 -0.0111766 -0.00707649 -0.00476547 0.038743 0.00893941 -0.0321891
internal_weight=1819.11 1673.88 464.265 388.465 369.829 21.5016 1209.61 75.8002
internal_count=163284 134449 93881 68629 65354 5448 40568 25252
is_linear=0
shrinkage=0.0750466


Tree=58
num_leaves=9
num_cat=0
split_feature=33 55 113 8 7 113 74 153
split_gain=45.0705 13.0283 10.0017 11.982 19.3739 18.9407 14.7291 15.1535
threshold=27559.105000000007 1.5000000000000002 -2054.4999999999995 14788.655000000001 1655.0800000000002 -1171.4999999999998 744.69000000000017 7043.8650000000007
decision_type=2 2 8 2 2 8 2 8
left_child=1 2 -1 4 -4 -6 7 -5
right_child=-2 -3 3 6 5 -7 -8 -9
leaf_value=-0.018967371067319602 -0.041311176078583214 -0.018974768835235609 0.004028544821727739 0.0011931029797107283 0.0021461711440207594 0.041220865136021675 -0.0078900647893169543 0.061404722177669679
leaf_weight=91.599396173784044 139.42207321594469 138.19396832922939 590.28351433773059 62.352889088157099 108.42349918920081 196.46310782694491 450.66152141947532 37.817881036491599
leaf_count=7946 28835 33915 45793 10987 2899 4669 26739 1501
internal_value=-0.000313675 0.00309722 0.00508096 0.00660435 0.0119632 0.0273252 -0.00210438 0.023925
internal_weight=1815.22 1675.8 1537.6 1446 895.17 304.887 550.832 100.171
internal_count=163284 134449 100534 92588 53361 7568 39227 12488
is_linear=0
shrinkage=0.0750466


Tree=59
num_leaves=9
num_cat=0
split_feature=111 52 94 10 10 81 74 0
split_gain=23.6404 20.8192 12.0263 10.5609 10.1004 10.0972 9.5265 11.8584
threshold=1.0000000180025095e-35 65522.015000000007 1.0000000180025095e-35 3952.5500000000006 -500.88999999999993 75817.000000000015 2512.6750000000006 31507133.500000004
decision_type=10 2 2 2 2 2 2 2
left_child=1 2 4 -3 5 6 -1 -8
right_child=-2 3 -4 -5 -6 -7 7 -9
leaf_value=-0.014962855286343264 0.04473915118652818 -0.038612066357842381 0.020690004191029798 0.092913318974079728 0.0013325175902160751 -0.042955482146850299 -0.019577700027008621 0.050982335923583165
leaf_weight=207.08557962294435 63.331472137535457 102.30708982812939 146.17286754859379 3.5578570935176677 1179.4604907769244 55.11163841013331 23.7464630837203 30.83024896052666
leaf_count=19693 565 65162 9158 1678 44717 15314 3610 3387
internal_value=-0.000303263 -0.00193493 0.000144256 -0.0341918 -0.00186294 -0.0137607 -0.0076117 0.0202815
internal_weight=1811.6 1748.27 1642.41 105.865 1496.23 316.774 261.662 54.5767
internal_count=163284 162719 95879 66840 86721 42004 26690 6997
is_linear=0
shrinkage=0.0750466


Tree=60
num_leaves=9
num_cat=0
split_feature=50 133 51 72 141 56 149 131
split_gain=38.5556 24.5792 17.3859 34.3541 12.5488 10.3856 10.7072 9.96743
threshold=1.0000000180025095e-35 8.0000000000000018 1.0000000180025095e-35 1287.6450000000002 38.570000000000007 6776.1400000000012 636.50000000000011 568.90500000000009
decision_type=2 10 2 2 8 2 10 8
left_child=1 2 5 4 -4 6 -1 -8
right_child=-2 -3 3 -5 -6 -7 7 -9
leaf_value=-0.0033533472538435113 -0.054821956908532803 0.066813352863558884 -0.044675543047062484 0.081147296868586599 -0.00028064858337136384 -0.029140505087483295 0.014463520534458971 -0.0037522501398292159
leaf_weight=584.69378492108081 70.188721684564371 32.253498231759295 117.66576963517582 16.873524392489344 51.577185481612105 53.505111063481309 653.05380897701252 228.33189573441632
leaf_count=10997 11035 236 70771 1926 11624 9529 31277 15889
internal_value=-0.000290952 0.00191133 0.00068408 -0.0209655 -0.0311461 0.00333568 0.00452091 0.00974454
internal_weight=1808.14 1737.95 1705.7 186.116 169.243 1519.58 1466.08 881.386
internal_count=163284 152249 152013 84321 82395 67692 58163 47166
is_linear=0
shrinkage=0.0750466


Tree=61
num_leaves=9
num_cat=0
split_feature=32 22 56 149 131 109 22 32
split_gain=19.1509 17.1078 9.16607 7.4386 7.73167 8.19719 15.4785 9.78245
threshold=1.5000000000000002 65850.970000000016 6776.1400000000012 489.50000000000006 568.90500000000009 1.0000000180025095e-35 -5649.0549999999994 1.0000000180025095e-35
decision_type=2 2 2 8 10 2 2 2
left_child=1 2 3 -1 5 6 -5 -7
right_child=-2 -3 -4 4 -6 7 -8 -9
leaf_value=-0.0086589978672170654 -0.031236532710287614 -0.019546127511374821 -0.029536386662424155 0.018725554367610486 -0.012269890117763244 0.020054543476555161 -0.0041556391847318765 -0.022738798130999247
leaf_weight=186.77823761000764 105.97270748298615 190.50152713572606 43.730249254673254 261.05703886161791 103.69315866858233 421.88860182836652 459.73832585342461 32.395663548493758
leaf_count=10355 18451 60936 9054 2678 14388 27214 14820 5388
internal_value=-0.00028407 0.00164566 0.00432048 0.00533073 0.00737408 0.00910753 0.00413145 0.0170029
internal_weight=1805.76 1699.78 1509.28 1465.55 1278.77 1175.08 720.795 454.284
internal_count=163284 144833 83897 74843 64488 50100 17498 32602
is_linear=0
shrinkage=0.0750466


Tree=62
num_leaves=9
num_cat=0
split_feature=108 71 64 51 71 146 80 64
split_gain=26.0717 19.6237 11.9854 8.1457 16.5615 11.8247 8.35934 8.56295
threshold=1.0000000180025095e-35 1.5000000000000002 11572.960000000001 1.0000000180025095e-35 1.0000000180025095e-35 13169.080000000002 2.5000000000000004 1.0000000180025095e-35
decision_type=2 2 2 2 2 8 2 2
left_child=1 2 3 6 5 -5 -1 -8
right_child=-2 -3 -4 4 -6 -7 7 -9
leaf_value=-0.00085517791665493527 0.072775746613358505 0.057814661118617876 -0.025590892336197012 -0.036060366949418408 0.04418613707950169 0.029860296203905824 0.0059900482224226189 0.046701606136429603
leaf_weight=1338.5969000352197 27.104213743295986 30.983036892896052 117.45192034880165 113.87809811293846 21.26842362358002 17.708483066526242 93.140264363610186 42.316915725183208
leaf_count=41756 5002 1743 35230 57591 2415 5034 8608 5905
internal_value=-0.000272068 -0.00138729 -0.00243883 -0.000767401 -0.0172578 -0.027189 0.0009426 0.0187084
internal_weight=1802.45 1775.34 1744.36 1626.91 152.855 131.587 1474.05 135.457
internal_count=163284 158282 156539 121309 65040 62625 56269 14513
is_linear=0
shrinkage=0.0750466


Tree=63
num_leaves=9
num_cat=0
split_feature=50 99 17 137 137 94 81 151
split_gain=34.5321 26.636 15.3644 14.7622 10.6295 10.0631 9.70395 9.8644
threshold=1.0000000180025095e-35 1.0000000180025095e-35 3.5000000000000004 1.0000000180025095e-35 10375.225000000002 1.0000000180025095e-35 100325.62000000001 4.5000000000000009
decision_type=2 2 2 10 8 2 2 10
left_child=1 2 4 -3 5 -1 7 -6
right_child=-2 3 -4 -5 6 -7 -8 -9
leaf_value=0.0015563528948524582 -0.053304676619603308 0.075671319885844995 0.038683802186892907 0.011308605533022762 -0.010846922893766552 0.030449575898410595 -0.035654673749601663 0.0099836213214772873
leaf_weight=786.01961821917212 66.573558432981372 40.763842161919456 55.109007542021573 39.534168285958003 501.05530188896228 74.307495422894135 66.113123920920771 171.98291408992372
leaf_count=42214 11035 732 6019 3987 28759 3213 27214 40111
internal_value=-0.000263291 0.00177209 -0.000276417 0.0439828 -0.00161877 0.0040519 -0.00821907 -0.00552405
internal_weight=1801.46 1734.89 1654.59 80.298 1599.48 860.327 739.151 673.038
internal_count=163284 152249 147530 4719 141511 45427 96084 68870
is_linear=0
shrinkage=0.0750466


Tree=64
num_leaves=9
num_cat=0
split_feature=33 52 106 109 24 149 20 97
split_gain=36.7693 13.3434 10.6343 12.6865 17.1158 9.29461 8.03047 10.0441
threshold=27559.105000000007 73897.235000000015 1.0000000180025095e-35 1.0000000180025095e-35 4.5000000000000009 206.50000000000003 104.79500000000002 17.500000000000004
decision_type=2 2 2 2 2 8 2 2
left_child=1 2 5 -4 -5 -1 -7 -8
right_child=-2 -3 3 4 -6 6 7 -9
leaf_value=-0.030127373384255991 -0.038707832115481774 -0.029027557186385215 -0.02017913666479464 0.098017571775989354 0.0097819246558874823 0.0065183500334499789 -0.020067527297532823 0.0091255402637994785
leaf_weight=46.623544355505146 129.93649094674038 71.296761151053943 18.294028668082319 24.240172504563816 25.308431770594325 1211.9708193316474 157.28489718330093 114.84136115497677
leaf_count=2284 28835 48463 2382 2840 5922 45211 9376 17971
internal_value=-0.000254298 0.00273788 0.00415463 0.0332294 0.0529486 0.00286602 0.00390252 -0.00774762
internal_weight=1799.8 1669.86 1598.56 67.8426 49.5486 1530.72 1484.1 272.126
internal_count=163284 134449 85986 11144 8762 74842 72558 27347
is_linear=0
shrinkage=0.0750466


Tree=65
num_leaves=9
num_cat=0
split_feature=50 108 52 95 21 141 58 142
split_gain=31.0357 22.4962 13.2647 10.5848 7.41223 6.85274 6.60407 6.56231
threshold=1.0000000180025095e-35 1.0000000180025095e-35 65522.015000000007 4.5000000000000009 1.0000000180025095e-35 38.570000000000007 1545.3650000000002 154836.00000000003
decision_type=2 2 2 2 2 8 2 10
left_child=1 2 3 4 -1 -4 -3 -6
right_child=-2 6 5 -5 7 -7 -8 -9
leaf_value=0.0156271651019603 -0.051782872051439742 0.10600368789750572 -0.040397224497802649 0.038066925367952274 -0.0052778306649305601 0.0067950295959341538 0.032510992354777321 0.0050853180320290714
leaf_weight=175.17594289116096 63.490690980106592 13.645623302727474 64.710016890021507 44.803151507338043 787.34261832968332 23.66766086476855 13.901898147189057 611.35808990057558
leaf_count=3654 11035 1261 53885 2343 34297 7962 3289 45558
internal_value=-0.000248069 0.00163823 0.000552546 0.00209832 0.00107441 -0.0277591 0.0689155 -0.000748202
internal_weight=1798.1 1734.61 1707.06 1618.68 1573.88 88.3777 27.5475 1398.7
internal_count=163284 152249 147699 85852 83509 61847 4550 79855
is_linear=0
shrinkage=0.0750466


Tree=66
num_leaves=9
num_cat=0
split_feature=99 148 4 111 56 113 131 57
split_gain=19.1852 14.5459 13.5887 18.0032 15.5803 9.15048 6.02917 7.11982
threshold=1.0000000180025095e-35 18.98 1.5000000000000002 1.0000000180025095e-35 11582.655000000002 -2054.4999999999995 568.90500000000009 1.5000000000000002
decision_type=2 8 2 10 2 8 10 2
left_child=2 -2 3 4 5 -1 7 -7
right_child=1 -3 -4 -5 -6 6 -8 -9
leaf_value=-0.023930665270361421 0.0046748077873851107 0.066308651688166714 -0.036366217194622859 0.046446577490583917 -0.049037828467573805 -0.00057368115035729003 -0.015533908664613851 0.013405096040043378
leaf_weight=90.912276519287843 44.92164509795839 41.478144489577971 62.37304182886146 44.421344204514753 38.680496693908935 1102.0190575481392 119.82091807218967 252.16197570203803
leaf_count=10793 4551 923 2159 343 14289 56683 30587 42956
internal_value=-0.0002395 0.0342635 -0.00198241 -0.000681073 -0.00198656 -0.000823579 0.000601601 0.00202931
internal_weight=1796.79 86.3998 1710.39 1648.02 1603.59 1564.91 1474 1354.18
internal_count=163284 5474 157810 155651 155308 141019 130226 99639
is_linear=0
shrinkage=0.0750466


Tree=67
num_leaves=9
num_cat=0
split_feature=50 71 17 52 83 16 56 142
split_gain=27.8812 14.5782 15.7601 25.1812 11.0702 12.9124 10.2107 10.716
threshold=1.0000000180025095e-35 1.5000000000000002 3.5000000000000004 16685.650000000005 1.0000000180025095e-35 -3350.2649999999999 6776.1400000000012 208324.80000000002
decision_type=2 2 2 2 2 2 2 10
left_child=1 2 3 4 -1 -6 7 -7
right_child=-2 -3 -4 -5 5 6 -8 -9
leaf_value=-0.00097092389321619692 -0.050291780315394843 0.051755875678030396 0.040436166519723711 -0.031414840207181709 -0.026628622401202555 0.014413384961252804 -0.024097700367717884 0.049093744931777261
leaf_weight=1232.5976141514257 60.538922165549593 31.933999366825446 54.09064128267346 138.02247940225061 35.478426816698629 137.69380694290157 24.46210563351633 78.951570647011977
leaf_count=36032 11035 1572 5907 77761 3570 11227 6013 10167
internal_value=-0.000229066 0.00151954 0.000576587 -0.000732314 0.00207376 0.0156423 0.0218624 0.0270519
internal_weight=1793.77 1733.23 1701.3 1647.21 1509.18 276.586 241.107 216.645
internal_count=163284 152249 150677 144770 67009 30977 27407 21394
is_linear=0
shrinkage=0.0750466


Tree=68
num_leaves=9
num_cat=0
split_feature=56 4 22 17 10 138 10 22
split_gain=11.367 11.3827 10.2055 13.9125 5.88282 7.02467 13.9835 5.6894
threshold=8668.8100000000031 1.5000000000000002 6061.1650000000009 3.5000000000000004 -1444.4349999999997 48897.205000000009 -386.05499999999995 -22789.309999999994
decision_type=2 2 2 2 2 10 2 2
left_child=1 2 7 4 -4 -6 -7 -1
right_child=-2 -3 3 -5 5 6 -8 -9
leaf_value=0.020812930818228013 -0.034303453560046493 -0.030782590063585354 -0.029618342640949556 0.042624899623586253 -0.0095943566808088451 0.11253183655773102 -0.024819348029115364 0.0037609790486766927
leaf_weight=122.17870307614794 53.481513335515046 61.89590291318018 81.052364946779562 28.594486429588869 305.1425052646664 7.9416534229239941 8.8006961219653004 1123.9539679078734
leaf_count=4516 20045 2166 29613 4793 49174 3355 3720 45902
internal_value=-0.000225336 0.000822371 0.00198841 -0.00795813 -0.0115478 -0.00699749 0.0403325 0.00543286
internal_weight=1793.04 1739.56 1677.66 431.532 402.937 321.885 16.7423 1246.13
internal_count=163284 143239 141073 90655 85862 56249 7075 50418
is_linear=0
shrinkage=0.0750466


Tree=69
num_leaves=9
num_cat=0
split_feature=50 133 39 96 138 8 150 51
split_gain=24.9044 16.6934 10.3451 11.7309 15.1208 11.6625 14.9293 9.60591
threshold=1.0000000180025095e-35 8.0000000000000018 82168.650000000009 1.0000000180025095e-35 3423.4750000000004 8212.8900000000012 1376.0350000000003 1.0000000180025095e-35
decision_type=2 10 2 2 8 2 8 2
left_child=1 2 3 -1 -5 6 -6 -8
right_child=-2 -3 -4 4 5 -7 7 -9
leaf_value=-0.0048703499746062008 -0.048717266475727612 0.054732806085288299 -0.030063583222479054 0.022317464552581448 -0.021108245299096943 -0.0094166407934729579 0.029597721101384439 -0.015127616076137003
leaf_weight=816.26974723272724 57.706026002619183 32.432597491657361 60.619977995258523 271.69396008085459 57.743512192973867 297.0375139619282 165.13334530009888 32.342380529211368
leaf_count=39301 11035 236 15006 12094 6231 48735 11567 19079
internal_value=-0.000216785 0.00139795 0.000380926 0.00150611 0.00782312 0.000692337 0.0124577 0.0222726
internal_weight=1790.98 1733.27 1700.84 1640.22 823.951 552.257 255.219 197.476
internal_count=163284 152249 152013 137007 97706 85612 36877 30646
is_linear=0
shrinkage=0.0750466


Tree=70
num_leaves=9
num_cat=0
split_feature=111 56 21 10 96 10 94 82
split_gain=12.8308 12.4154 8.93949 8.22511 10.3645 11.3125 10.1606 10.9592
threshold=1.0000000180025095e-35 11582.655000000002 1.0000000180025095e-35 -3005.3049999999998 1.0000000180025095e-35 -386.05499999999995 1.0000000180025095e-35 1.0000000180025095e-35
decision_type=10 2 2 2 2 2 2 2
left_child=1 2 -1 -4 -5 6 -6 -8
right_child=-2 -3 3 4 5 -7 7 -9
leaf_value=0.015338868465832097 0.033009835184606956 -0.044211772443082012 -0.024867903195198656 -0.0076692252546482643 -0.016212125638569851 0.011176482518513572 -0.011565486123942535 0.072101240065423455
leaf_weight=179.78633472404908 63.166913955879863 37.370454686431913 86.246056083706208 682.73052604869008 184.17916620196775 520.60477312107105 18.794689081434626 16.609363178082276
leaf_count=5443 565 15011 22066 34356 38856 42156 1486 3345
internal_value=-0.000210875 -0.00142644 -0.00047975 -0.00236422 -0.00100022 0.0051511 -0.00913435 0.0276857
internal_weight=1789.49 1726.32 1688.95 1509.16 1422.92 740.188 219.583 35.4041
internal_count=163284 162719 147708 142265 120199 85843 43687 4831
is_linear=0
shrinkage=0.0750466


Tree=71
num_leaves=9
num_cat=0
split_feature=99 71 141 17 4 22 153 82
split_gain=15.2191 14.9457 14.5941 11.1039 11.6199 12.5435 7.33274 8.43685
threshold=1.0000000180025095e-35 1.5000000000000002 4.4850000000000012 3.5000000000000004 1.5000000000000002 65850.970000000016 299.11500000000007 1.0000000180025095e-35
decision_type=2 2 8 2 2 2 8 2
left_child=1 3 -2 4 5 -1 7 -7
right_child=2 -3 -4 -5 -6 6 -8 -9
leaf_value=-0.00037555977787438337 -0.001413809944088226 0.049840754977315514 0.060002429523150276 0.030879254374110043 -0.03720730159197367 -0.026776258521271492 -0.034993529326082157 0.031200513363038515
leaf_weight=1401.0913645369292 42.117072210501647 31.021257447078824 45.151185383962002 53.579889824846759 56.736746986804064 32.223575588432141 99.987429273955058 25.184475719783222
leaf_count=89669 3950 1653 1524 6331 2049 3726 48153 6229
internal_value=-0.000203079 -0.00177227 0.030362 -0.00273171 -0.00384664 -0.00263215 -0.0227197 -0.00134229
internal_weight=1787.09 1699.82 87.2683 1668.8 1615.22 1558.49 157.395 57.4081
internal_count=163284 157810 5474 156157 149826 147777 58108 9955
is_linear=0
shrinkage=0.0750466


Tree=72
num_leaves=9
num_cat=0
split_feature=50 7 146 146 74 135 74 116
split_gain=22.2352 7.66711 10.9702 11.3033 8.87854 7.544 6.60426 6.01634
threshold=1.0000000180025095e-35 1655.0800000000002 1.0000000180025095e-35 11715.525000000003 450.91000000000003 -1901.4999999999998 1588.4450000000004 4154.7250000000013
decision_type=2 2 10 10 2 10 2 10
left_child=1 4 -3 -4 7 6 -6 -1
right_child=-2 2 3 -5 5 -7 -8 -9
leaf_value=0.0053315002808628801 -0.047162703358815859 0.0043703841205074059 0.08037483917292873 0.001666317337166406 -0.058398695668074929 -0.0067692602863297178 -0.01492052018079491 -0.028515717620341777
leaf_weight=444.6621045745851 55.020851693901932 832.22409033693839 22.222734223789303 19.114946775865974 33.039282483252464 298.71118801709963 48.648493017186411 31.684014033147832
leaf_count=32969 11035 55963 1395 3861 4592 46175 1700 5594
internal_value=-0.000196006 0.00129746 0.00624471 0.0439793 -0.0037469 -0.0122959 -0.0325056 0.00308016
internal_weight=1785.33 1730.31 873.562 41.3377 856.745 380.399 81.6878 476.346
internal_count=163284 152249 61219 5256 91030 52467 6292 38563
is_linear=0
shrinkage=0.0750466


Tree=73
num_leaves=9
num_cat=0
split_feature=108 153 64 95 8 153 107 30
split_gain=16.503 21.0921 9.51019 9.44214 7.23925 10.8464 9.16507 8.26396
threshold=1.0000000180025095e-35 2046.8850000000002 13076.395000000002 5.5000000000000009 -8804.7999999999975 7043.8650000000007 22.500000000000004 3.5000000000000004
decision_type=2 8 2 2 2 10 2 2
left_child=2 -2 3 4 5 6 -1 -6
right_child=1 -3 -4 -5 7 -7 -8 -9
leaf_value=0.0055026122180962264 0.12174489641544074 -0.00489059856858524 -0.023070519955273889 0.038507688351657854 -0.00062034743263149404 -0.016961015163481002 0.066409723346784785 -0.028340207698322319
leaf_weight=24.734140776097775 14.113789185154021 15.589495727093889 104.61614059476415 35.572753437620122 1466.2632945340301 28.57713059958769 31.808088157267775 63.18145072835614
leaf_count=553 1067 3935 33230 2628 94221 5317 6260 16073
internal_value=-0.000189459 0.0552814 -0.00112843 0.000262662 -0.000579969 0.0207212 0.0397662 -0.00176546
internal_weight=1784.46 29.7033 1754.75 1650.14 1614.56 85.1194 56.5422 1529.44
internal_count=163284 5002 158282 125052 122424 12130 6813 110294
is_linear=0
shrinkage=0.0750466


Tree=74
num_leaves=9
num_cat=0
split_feature=50 32 113 111 55 113 20 11
split_gain=19.738 16.0435 9.36624 7.74284 6.8431 11.3712 7.14605 7.60516
threshold=1.0000000180025095e-35 1.5000000000000002 -2054.4999999999995 1.0000000180025095e-35 2.5000000000000004 -501.99999999999994 109749.33500000001 18.395000000000003
decision_type=2 2 8 10 2 10 2 2
left_child=1 2 -1 4 6 -6 7 -4
right_child=-2 -3 3 -5 5 -7 -8 -9
leaf_value=-0.019905110809560235 -0.045486334824753075 -0.02829510405055892 -0.0016753638461912744 0.031885816051270381 -0.04401599294841757 0.036359946062947228 -0.024646873103451615 0.0097317701690913094
leaf_weight=95.013811822835123 52.569870609004283 98.037641851406079 539.30594820069382 55.533993957506027 38.653691388579318 13.332556520268552 46.422470508143306 844.78535166825168
leaf_count=10659 11035 18073 8122 408 11953 4970 11927 86137
internal_value=-0.000184321 0.00119142 0.0029616 0.00437422 0.00334364 -0.0234025 0.00431562 0.00528702
internal_weight=1783.66 1731.09 1633.05 1538.03 1482.5 51.9862 1430.51 1384.09
internal_count=163284 152249 134176 123517 123109 16923 106186 94259
is_linear=0
shrinkage=0.0750466


Tree=75
num_leaves=9
num_cat=0
split_feature=133 39 8 138 11 5 58 83
split_gain=13.7737 9.21521 8.86811 11.2121 11.0028 7.82513 7.93521 15.5533
threshold=8.0000000000000018 82168.650000000009 9683.5850000000009 1513.9350000000002 1.0000000180025095e-35 43.500000000000007 4689.4600000000009 18768.025000000005
decision_type=10 2 2 10 2 2 2 2
left_child=1 2 4 -4 -1 6 -5 -8
right_child=-2 -3 3 5 -6 -7 7 -9
leaf_value=-0.01166707010813137 0.04739511090643253 -0.029585053189443659 0.0015211799318048307 -0.012024081536620887 0.0097733915884060212 -0.02425657480672231 -0.0038996710226932847 0.11162822173304315
leaf_weight=168.96124490298098 33.627808049088344 61.680623364198254 514.39796934620244 83.046059918939136 666.76916257082485 223.07986492366763 20.619623797072567 9.6274863483558857
leaf_count=4802 244 16750 15006 14813 61346 40799 4644 4880
internal_value=-0.000178831 -0.00109396 -5.19485e-05 -0.00544556 0.00543873 -0.0160994 -3.76295e-05 0.0328722
internal_weight=1781.81 1748.18 1686.5 850.771 835.73 336.373 113.293 30.2471
internal_count=163284 163040 146290 80142 66148 65136 24337 9524
is_linear=0
shrinkage=0.0750466


Tree=76
num_leaves=9
num_cat=0
split_feature=50 17 39 55 96 8 94 18
split_gain=17.405 8.17299 9.00295 8.58752 8.85658 12.6063 11.6046 7.7315
threshold=1.0000000180025095e-35 3.5000000000000004 25863.355000000003 1.5000000000000002 1.0000000180025095e-35 33046.075000000004 1.0000000180025095e-35 1949.6600000000001
decision_type=2 2 2 2 2 2 2 2
left_child=1 2 3 4 -1 6 -6 -3
right_child=-2 7 -4 -5 5 -7 -8 -9
leaf_value=-0.0030151377423186785 -0.043751517467029273 -0.0043125662776867246 -0.028232292039112629 -0.019085019831779269 0.007992037922229845 -0.017783932488369375 0.036277740280297732 0.047324266386635089
leaf_weight=764.73582479407196 50.163427974795923 27.281147685833275 61.073359169793548 110.24859150272096 539.92807048925897 89.675350308039924 96.249957727122819 40.685376252280548
leaf_count=30799 11035 715 16059 30684 49184 12679 6342 5787
internal_value=-0.000173601 0.00109008 4.69068e-05 0.00112578 0.00262064 0.00855831 0.0122715 0.0265977
internal_weight=1780.04 1729.88 1661.91 1600.84 1490.59 725.853 636.178 67.9665
internal_count=163284 152249 145747 129688 99004 68205 55526 6502
is_linear=0
shrinkage=0.0750466


Tree=77
num_leaves=9
num_cat=0
split_feature=50 127 39 153 97 153 10 81
split_gain=15.5194 8.62672 7.19128 6.78813 10.7404 14.3591 7.80812 9.16393
threshold=1.0000000180025095e-35 145.50000000000003 82168.650000000009 5389.9350000000004 36.500000000000007 1.0000000180025095e-35 -386.05499999999995 15997.960000000001
decision_type=2 8 2 10 2 8 2 2
left_child=1 -1 3 4 -3 -6 -7 -8
right_child=-2 2 -4 -5 5 6 7 -9
leaf_value=-0.029949678455167932 -0.04216097927015057 0.0016625588269439601 -0.024865902632979376 -0.012267048468509217 0.057316524700705272 -0.0075946543363024097 0.003416946390854918 0.049443714541820338
leaf_weight=49.27625513143721 48.225179007189581 1251.9180704976025 54.66596679732902 152.48969657902489 45.185696016531438 79.264274369459599 54.353358060732717 44.153001179744024
leaf_count=4994 11035 64656 14742 33387 3845 19287 4145 7193
internal_value=-0.000169059 0.00100062 0.00190733 0.00280669 0.00436519 0.0195407 0.0099388 0.0240473
internal_weight=1779.53 1731.31 1682.03 1627.36 1474.87 222.956 177.771 98.5064
internal_count=163284 152249 147255 132513 99126 34470 30625 11338
is_linear=0
shrinkage=0.0750466


Tree=78
num_leaves=9
num_cat=0
split_feature=50 99 32 142 5 0 96 10
split_gain=13.8193 14.493 16.7602 8.94959 8.93821 8.10613 7.96394 14.3179
threshold=1.0000000180025095e-35 1.0000000180025095e-35 1.5000000000000002 105570.00000000001 51.500000000000007 34241628.000000007 1.0000000180025095e-35 -386.05499999999995
decision_type=2 2 2 10 2 2 2 2
left_child=1 2 6 -3 -4 -6 -1 -8
right_child=-2 3 4 -5 5 -7 7 -9
leaf_value=-0.0044203343089284867 -0.040572509770861624 0.054880276827361782 -0.047848104962739384 0.0057375378655221739 0.045118167736143119 -0.035920754754538535 -0.0075081317693988557 0.013480448196040025
leaf_weight=743.99134940002114 46.423112827440491 43.668102355120936 62.401920651464025 39.979153028602013 13.468516136286782 14.367095341818638 277.83339477062691 536.5780991492793
leaf_count=35413 11035 1073 12810 3646 2865 1830 57669 36943
internal_value=-0.000164842 0.000918033 -0.000628156 0.0313925 -0.0320733 0.00329067 0.00119264 0.00632027
internal_weight=1778.71 1732.29 1648.64 83.6473 90.2375 27.8356 1558.4 814.411
internal_count=163284 152249 147530 4719 17505 4695 130025 94612
is_linear=0
shrinkage=0.0750466


Tree=79
num_leaves=9
num_cat=0
split_feature=99 22 4 22 80 138 127 5
split_gain=10.7089 13.8291 8.73566 7.5008 7.88997 13.8208 8.0501 7.47607
threshold=1.0000000180025095e-35 -3026.8199999999993 1.5000000000000002 65850.970000000016 4.5000000000000009 5216.3500000000013 145.50000000000003 39.500000000000007
decision_type=2 2 2 2 2 8 8 2
left_child=2 -2 3 4 6 -6 -1 -8
right_child=1 -3 -4 -5 5 -7 7 -9
leaf_value=-0.03335384184216781 0.060399962988991168 0.00021706346988798858 -0.03043935534088589 -0.015603337963724996 0.083028665934674173 0.0064442256591687036 0.0091462174043535141 -0.0028330790865733891
leaf_weight=39.625467606703751 36.859735630016075 51.61509717188892 56.749996246217052 166.07387913443381 17.738585228798911 52.697100642253645 429.49032556562452 926.02763506441261
leaf_count=3184 735 4739 2159 62111 1368 12202 25087 51699
internal_value=-0.000160825 0.02529 -0.00149449 -0.000487765 0.00122507 0.0257313 -1.21559e-05 0.000962512
internal_weight=1776.88 88.4748 1688.4 1631.65 1465.58 70.4357 1395.14 1355.52
internal_count=163284 5474 157810 155651 93540 13570 79970 76786
is_linear=0
shrinkage=0.0750466


Tree=80
num_leaves=9
num_cat=0
split_feature=133 56 52 10 83 16 64 10
split_gain=10.9029 9.5743 6.40326 10.6546 10.0124 12.5811 11.0951 10.2337
threshold=8.0000000000000018 11582.655000000002 65522.015000000007 3952.5500000000006 1407.6450000000002 -4047.3549999999991 2206.9200000000005 -1444.4349999999997
decision_type=10 2 2 2 2 2 2 2
left_child=1 2 4 -4 6 -6 -1 -7
right_child=-2 -3 3 -5 5 7 -8 -9
leaf_value=-0.00040376095453480604 0.042236887062684587 -0.040548838337209139 -0.026716074704524497 0.11393771333185471 -0.030328405508885461 -0.0096229684176271871 -0.032069126913270136 0.026373946777541953
leaf_weight=1264.8709315984452 33.524129761499353 33.757044427387882 75.669109774869867 3.1598248151130965 33.165652328985743 56.533435543067753 65.548788388608955 208.61809591008932
leaf_count=40341 244 15019 59044 1513 4196 13033 7106 22788
internal_value=-0.000154948 -0.00097108 -0.000188663 -0.021078 0.000822357 0.0132483 -0.00196389 0.018699
internal_weight=1774.85 1741.32 1707.57 78.8289 1628.74 298.317 1330.42 265.152
internal_count=163284 163040 148021 60557 87464 40017 47447 35821
is_linear=0
shrinkage=0.0750466


Tree=81
num_leaves=9
num_cat=0
split_feature=33 133 56 32 82 81 51 80
split_gain=29.2039 9.51747 9.1087 8.98908 7.38825 11.1721 11.0972 9.738
threshold=27559.105000000007 8.0000000000000018 8668.8100000000031 10.500000000000002 1.0000000180025095e-35 56108.485000000008 1.0000000180025095e-35 2.5000000000000004
decision_type=2 10 2 2 2 2 2 2
left_child=1 2 4 -2 5 -1 7 -6
right_child=3 -3 -4 -5 6 -7 -8 -9
leaf_value=0.0014424476901540614 -0.04526531958657877 0.04425700510633692 -0.032983539051467434 0.0088266394098346704 0.0079111597692121116 -0.032702213093035129 -0.013453416140953372 0.037129146708356348
leaf_weight=1181.7541550063761 99.375112605310278 30.104677680064924 41.620892963430379 20.950347620499087 163.47930102987448 56.552400240441784 73.803646461252356 105.83423911564751
leaf_count=38093 26448 180 16967 2387 12022 10965 43336 12886
internal_value=-0.000151466 0.00244667 0.00167116 -0.0358472 0.00258322 -0.00011691 0.012328 0.0193932
internal_weight=1773.47 1653.15 1623.04 120.325 1581.42 1238.31 343.117 269.314
internal_count=163284 134449 134269 28835 117302 49058 68244 24908
is_linear=0
shrinkage=0.0750466


Tree=82
num_leaves=9
num_cat=0
split_feature=33 50 149 7 84 22 7 6
split_gain=25.8761 14.2993 7.92337 11.7813 12.8877 11.4194 11.403 10.1207
threshold=27559.105000000007 1.0000000180025095e-35 636.50000000000011 1655.0800000000002 1.0000000180025095e-35 305328.60000000003 4188.7300000000005 115.50000000000001
decision_type=2 2 8 2 2 2 2 2
left_child=1 2 -1 -4 7 6 -6 -5
right_child=-2 -3 3 4 5 -7 -8 -9
leaf_value=-0.0086319733111734648 -0.034367412076071281 -0.040062387739634164 -0.0015671186468878672 0.017897979279154569 0.036789907807750134 -0.035536481420865594 0.11357972757348135 -0.0012090580244876114
leaf_weight=258.60967067189631 116.29828328386066 43.783699040446663 651.00017205846962 332.70966344760382 51.821392967307474 9.394579598127164 13.789183623128336 294.17648307068157
leaf_count=17855 28835 10385 63020 8779 9123 5874 3568 15845
internal_value=-0.000149853 0.00225423 0.00340395 0.00570466 0.0124492 0.0418481 0.0529286 0.00893169
internal_weight=1771.58 1655.28 1611.5 1352.89 701.891 75.0052 65.6106 626.886
internal_count=163284 134449 124064 106209 43189 18565 12691 24624
is_linear=0
shrinkage=0.0750466


Tree=83
num_leaves=9
num_cat=0
split_feature=99 22 133 56 74 74 64 138
split_gain=9.04948 11.4472 7.11233 8.06786 7.01057 6.82052 7.04653 6.36674
threshold=1.0000000180025095e-35 -3026.8199999999993 8.0000000000000018 13787.450000000003 1068.0300000000002 2126.0350000000003 25194.515000000003 70187.215000000011
decision_type=2 2 10 2 2 2 2 10
left_child=2 -2 3 5 -3 6 -1 -7
right_child=1 4 -4 -5 -6 7 -8 -9
leaf_value=-0.0030950241001704666 0.055095998271256892 0.028066055732952597 0.037407636385207971 -0.045005432351532836 -0.027405528794991009 0.01042065859337217 -0.037517370844527061 -0.023568445488259499
leaf_weight=1213.4060237375088 36.984994396974798 25.663078867073637 26.2104104119353 24.201932125317398 25.662496905890293 349.25919962362968 34.443862600252032 34.065785421349574
leaf_count=103151 735 2079 194 11903 2660 21419 11318 9825
internal_value=-0.000149832 0.0232667 -0.00137958 -0.00199371 0.000330578 -0.00135554 -0.00404517 0.00740007
internal_weight=1769.9 88.3106 1681.59 1655.38 51.3256 1631.17 1247.85 383.325
internal_count=163284 5474 157810 157616 4739 145713 114469 31244
is_linear=0
shrinkage=0.0750466


Tree=84
num_leaves=9
num_cat=0
split_feature=108 138 21 133 25 4 13 127
split_gain=12.4682 12.7989 8.33294 11.6147 6.45789 6.84681 5.25446 5.39024
threshold=1.0000000180025095e-35 19815.575000000004 1.0000000180025095e-35 8.0000000000000018 35114.595000000008 1.5000000000000002 1.5000000000000002 145.50000000000003
decision_type=2 8 2 10 2 2 2 8
left_child=2 -2 -1 4 5 6 7 -4
right_child=1 -3 3 -5 -6 -7 -8 -9
leaf_value=0.01390044338895189 0.097048405553043934 -8.5346868178058991e-05 -0.029883628681474237 0.048844928864405508 -0.029269657424554407 -0.030272111526426237 -0.031745464192639732 -0.00028165106235682972
leaf_weight=188.90670981674339 14.936103986023225 15.640171857376119 35.553900925122434 24.146876432467252 53.322605289882631 48.975397855276242 32.111415500752628 1353.7332132748852
leaf_count=5729 842 4160 3848 160 28655 1879 744 117267
internal_value=-0.000143123 0.0473632 -0.000979493 -0.00279552 -0.00361389 -0.00268349 -0.00173291 -0.00103921
internal_weight=1767.33 30.5763 1736.75 1547.84 1523.7 1470.37 1421.4 1389.29
internal_count=163284 5002 158282 152553 152393 123738 121859 121115
is_linear=0
shrinkage=0.0750466


Tree=85
num_leaves=9
num_cat=0
split_feature=33 5 16 74 127 5 16 51
split_gain=22.9893 6.84404 11.664 6.94719 6.30848 6.79994 11.1064 22.7117
threshold=27559.105000000007 42.500000000000007 -10288.865 2126.0350000000003 145.50000000000003 39.500000000000007 -471.88999999999993 1.0000000180025095e-35
decision_type=2 2 2 2 8 2 2 2
left_child=4 -2 -3 -4 -1 6 -6 -8
right_child=1 2 3 -5 5 -7 7 -9
leaf_value=-0.025893442460206337 -0.054754960164442715 0.045327200009559858 -0.048474582031644002 0.016219626980970001 0.00027784955236181014 -0.00044348293175645555 0.032577631364485042 -0.035732768442783308
leaf_weight=44.137122514570365 47.140495158615522 13.352894637850111 39.843651483941358 12.214272629658806 285.39839622328873 1101.8578597913438 189.19795784942107 32.056162876309827
leaf_count=4388 13311 2225 9535 3764 13565 89592 8639 18265
internal_value=-0.000137816 -0.0329558 -0.0172455 -0.0332955 0.00209721 0.00286527 0.0100611 0.0226806
internal_weight=1765.2 112.551 65.4108 52.0579 1652.65 1608.51 506.653 221.254
internal_count=163284 28835 15524 13299 134449 130061 40469 26904
is_linear=0
shrinkage=0.0750466


Tree=86
num_leaves=9
num_cat=0
split_feature=50 39 7 146 127 16 5 147
split_gain=10.8466 6.1922 5.83907 9.64864 7.62677 7.49473 11.1233 6.56634
threshold=1.0000000180025095e-35 313319.83000000002 1655.0800000000002 1.0000000180025095e-35 2773.5000000000005 -609.50499999999988 32.500000000000007 -25805.769999999997
decision_type=2 2 2 10 8 2 2 8
left_child=1 2 -1 5 -5 -4 -7 -8
right_child=-2 -3 3 4 -6 6 7 -9
leaf_value=-0.0030171385270708062 -0.037435309296603055 -0.030802572967810127 -0.0011971454734833091 0.075239882626006907 0.010660435502393434 0.059773755869297368 -0.02163608494319005 0.013909356555367319
leaf_weight=837.16719253317569 42.846673677995568 34.245018707617419 532.58630041804281 19.530845991248498 21.79048393672565 27.017904907348566 33.873837409977568 215.34167693636846
leaf_count=87895 11035 9697 17661 1919 2823 2763 11094 18397
internal_value=-0.000137793 0.000790481 0.00143168 0.00581261 0.0411844 0.00400552 0.0140364 0.00907795
internal_weight=1764.4 1721.55 1687.31 850.141 41.3213 808.82 276.233 249.216
internal_count=163284 152249 142552 54657 4742 49915 32254 29491
is_linear=0
shrinkage=0.0750466


Tree=87
num_leaves=9
num_cat=0
split_feature=108 86 17 51 107 107 150 32
split_gain=10.4126 8.24493 7.85233 9.58624 12.2968 8.73526 8.39666 7.11786
threshold=1.0000000180025095e-35 1.0000000180025095e-35 3.5000000000000004 1.0000000180025095e-35 59.500000000000007 22.500000000000004 1998.6300000000003 1.5000000000000002
decision_type=2 2 2 2 2 2 10 2
left_child=1 2 3 7 -5 -4 -7 -1
right_child=-2 -3 5 4 -6 6 -8 -9
leaf_value=0.0016066673220513172 0.042676534699187814 -0.043972670434054839 -0.010907935432075222 0.0056272303967095883 -0.038471437043684789 0.077564985701718769 0.012268491243360654 -0.022893202660704277
leaf_weight=1422.7508376713668 31.427466466702754 24.684774393535918 25.166528972098604 61.979852774587926 83.712433312452049 21.864321404049406 22.510887763957726 70.075091709732078
leaf_count=58364 5002 5379 379 10768 70152 1836 4814 6590
internal_value=-0.000134223 -0.000910699 -0.00028837 -0.00133665 -0.0197112 0.0244107 0.044441 0.000456613
internal_weight=1764.17 1732.74 1708.06 1638.52 145.692 69.5417 44.3752 1492.83
internal_count=163284 158282 152903 145874 80920 7029 6650 64954
is_linear=0
shrinkage=0.0750466


Tree=88
num_leaves=9
num_cat=0
split_feature=108 153 56 95 120 85 73 73
split_gain=8.61443 12.7292 6.12507 7.08798 5.97037 7.46497 5.74626 7.64084
threshold=1.0000000180025095e-35 1413.4650000000001 4317.5350000000008 5.5000000000000009 211140.00000000003 17067.150000000005 10.500000000000002 6.5000000000000009
decision_type=2 8 2 2 10 2 2 2
left_child=2 -2 3 -1 -4 6 7 -6
right_child=1 -3 4 -5 5 -7 -8 -9
leaf_value=-0.00053838014598709186 0.088760329607551466 -0.0054933544980711691 -0.034597928127470298 0.032723477956920162 0.0010457473239742544 -0.057501725119744308 -0.033812546761956962 0.094360467306903326
leaf_weight=1601.2342419209017 15.036119577358475 17.418203818699112 57.263109595616697 36.913854659971548 10.598830976785399 8.3280412948952272 7.1726350109238401 9.2594951942737662
leaf_count=121835 736 4266 16190 2601 2747 6948 3937 4024
internal_value=-0.000132127 0.0381745 -0.000850428 0.000211139 -0.0196257 0.00462152 0.0237612 0.0445563
internal_weight=1763.22 32.4543 1730.77 1638.15 92.6221 35.359 27.031 19.8583
internal_count=163284 5002 158282 124436 33846 17656 10708 6771
is_linear=0
shrinkage=0.0750466


Tree=89
num_leaves=9
num_cat=0
split_feature=50 17 7 4 22 9 10 64
split_gain=9.63393 5.56211 8.09856 6.98918 8.41811 6.22029 12.1072 6.54837
threshold=1.0000000180025095e-35 3.5000000000000004 1261.8700000000001 1.5000000000000002 6061.1650000000009 2506.1000000000004 -1918.8199999999999 1745.0100000000002
decision_type=2 2 2 2 2 2 2 2
left_child=1 3 -3 4 -1 -6 -7 -8
right_child=-2 2 -4 -5 5 6 7 -9
leaf_value=0.0038630269920742867 -0.035891589723547564 -0.0077884913770118426 0.043396890089554045 -0.027135128732402453 -0.01262903623511495 -0.034026361999688767 0.015762639430716555 0.080791713904878756
leaf_weight=1200.9882804956578 41.42497083870694 30.628688019816764 40.33566252712626 52.34939756244421 338.91921056609135 19.588365538744256 24.954461895540589 13.406773442373376
leaf_count=50461 11035 2943 3559 2087 79413 7188 3149 3449
internal_value=-0.000128341 0.000732405 0.0213049 -0.000152282 0.000731737 -0.00874405 0.0139774 0.0384895
internal_weight=1762.6 1721.17 70.9644 1650.21 1597.86 396.869 57.9496 38.3612
internal_count=163284 152249 6502 145747 143660 93199 13786 6598
is_linear=0
shrinkage=0.0750466


Tree=90
num_leaves=9
num_cat=0
split_feature=99 115 32 108 52 107 32 115
split_gain=7.52599 9.73263 8.76854 9.09939 5.71829 6.3272 5.12521 5.00294
threshold=1.0000000180025095e-35 -1.0000000180025095e-35 2.5000000000000004 1.0000000180025095e-35 73897.235000000015 59.500000000000007 10.500000000000002 22079.930000000004
decision_type=2 10 2 2 2 2 2 8
left_child=2 -2 3 4 -1 -6 -4 -7
right_child=1 -3 6 -5 5 7 -8 -9
leaf_value=-0.00010396398159709794 0.050651492492432879 0.00012665561227911859 -0.044575006786539244 0.040690471729458784 0.024206370068668569 -0.049962781873693449 0.0020452565746788775 0.011183198951189181
leaf_weight=1525.472281742288 36.874166538531426 51.408611235645367 40.628164682319039 30.076501560542965 11.999534851463975 35.769142518765875 19.730363821872743 9.5478040089074039
leaf_count=89193 785 4689 9203 4374 4051 40759 2351 7879
internal_value=-0.000125493 0.02123 -0.00125225 -0.000201289 -0.000978324 -0.0242493 -0.0293355 -0.03708
internal_weight=1761.51 88.2828 1673.22 1612.87 1582.79 57.3165 60.3585 45.3169
internal_count=163284 5474 157810 146256 141882 52689 11554 48638
is_linear=0
shrinkage=0.0750466


Tree=91
num_leaves=9
num_cat=0
split_feature=33 17 8 12 9 16 10 33
split_gain=18.6469 9.46895 6.39529 13.7309 11.6151 11.7987 14.697 9.62295
threshold=27559.105000000007 2.5000000000000004 9683.5850000000009 4.5000000000000009 1656.3400000000004 -471.88999999999993 -1075.2549999999999 4895.2500000000009
decision_type=2 2 2 2 2 2 2 2
left_child=2 -2 4 -4 -1 -6 -7 -5
right_child=1 -3 3 7 5 6 -8 -9
leaf_value=0.00093521447333214189 -0.037546664718737258 0.040717969407100173 0.024950410069915482 -0.0080453090578106005 0.0056566358873869323 0.0054045025060219642 0.062965303383347812 0.036305917059781256
leaf_weight=603.07747746663517 97.119724742005928 9.5636000569211301 88.903015880379826 698.05629495499306 131.05188769189408 42.111795940145385 61.418533467192901 28.684517283312744
leaf_count=48880 26800 2035 663 68585 5095 6410 1557 3259
internal_value=-0.000121283 -0.0305307 0.00184095 -0.00288912 0.00644671 0.020616 0.039552 -0.00629476
internal_weight=1759.99 106.683 1653.3 815.644 837.66 234.582 103.53 726.741
internal_count=163284 28835 134449 72507 61942 13062 7967 71844
is_linear=0
shrinkage=0.0750466


Tree=92
num_leaves=9
num_cat=0
split_feature=71 8 28 74 118 2 74 109
split_gain=7.20019 4.86756 12.6806 12.648 8.13498 7.17866 6.43338 6.8489
threshold=1.5000000000000002 9683.5850000000009 1395.8750000000002 1660.8950000000002 694.53000000000009 1.0000000180025095e-35 513.96500000000015 1.0000000180025095e-35
decision_type=2 2 2 2 10 2 2 2
left_child=1 3 6 4 5 -1 7 -3
right_child=-2 2 -4 -5 -6 -7 -8 -9
leaf_value=-0.015615440884051387 0.033183848297268767 0.034695635567428371 -0.016515601510376912 0.017838554109854108 -0.035946349442370185 0.0043025501936870625 -0.0017814238137710682 -0.0041295338007540294
leaf_weight=132.22244873316959 35.813645630521933 62.631941598112462 324.34011990921863 239.48035083746072 38.37822766728641 444.51805457084265 437.53624708519783 43.26606724888552
leaf_count=1333 1813 2826 73858 14744 10202 44463 9250 4795
internal_value=-0.000121155 -0.000813672 -0.00477281 0.0032065 -0.0024901 -0.000263811 0.00223569 0.0188331
internal_weight=1758.19 1722.37 867.774 854.599 615.119 576.741 543.434 105.898
internal_count=163284 161471 90729 70742 55998 45796 16871 7621
is_linear=0
shrinkage=0.0750466


Tree=93
num_leaves=9
num_cat=0
split_feature=108 138 7 8 107 22 137 94
split_gain=5.99045 7.50678 5.8141 13.999 19.2216 10.484 7.87888 6.84263
threshold=1.0000000180025095e-35 19815.575000000004 1655.0800000000002 16678.810000000001 22.500000000000004 -22789.309999999994 13570.625000000002 1.0000000180025095e-35
decision_type=2 8 2 2 2 2 8 2
left_child=2 -2 7 4 -4 -5 -6 -1
right_child=1 -3 3 5 6 -7 -8 -9
leaf_value=-0.0076848108007005148 0.065527094059482829 -0.0050362386124614238 0.0019091762215083007 0.020539938825597383 0.022551634517586207 -0.0096115155378731464 0.059549976033345685 0.013395835483768923
leaf_weight=739.77264378101972 17.395456563011976 16.587623458734015 254.85919359256513 76.959825290861772 84.391517753043445 416.15279816072143 52.633624704234535 98.235038363665808
leaf_count=83612 842 4160 2185 2143 4478 49261 7444 9159
internal_value=-0.000118258 0.0310841 -0.000733667 0.00350844 0.0140962 -0.00490579 0.0367633 -0.00521364
internal_weight=1756.99 33.9831 1723 884.997 391.884 493.113 137.025 838.008
internal_count=163284 5002 158282 65511 14107 51404 11922 92771
is_linear=0
shrinkage=0.0750466


Tree=94
num_leaves=9
num_cat=0
split_feature=33 5 107 133 39 33 107 83
split_gain=16.3597 6.80449 6.39767 5.08811 6.03142 5.43796 21.8739 7.93309
threshold=27559.105000000007 42.500000000000007 103.50000000000001 8.0000000000000018 313319.83000000002 1.0000000180025095e-35 22.500000000000004 2582.5950000000007
decision_type=2 2 2 10 2 2 2 2
left_child=3 -2 -3 4 5 7 -7 -1
right_child=1 2 -4 -5 -6 6 -8 -9
leaf_value=-0.0017208764340493972 -0.052186748690645206 -0.0022764955525296305 -0.067783438436811866 0.032448707396785091 -0.030219969589265015 0.073191285502248946 -0.019012091681767748 0.011897183118161665
leaf_weight=1231.3371767576464 42.346842006358202 51.072390739922412 10.048806714374221 29.754338061902672 33.838138520412031 27.339536026120186 30.833810776137398 299.52458319264406
leaf_count=51360 13311 6883 8641 180 10465 385 6626 65433
internal_value=-0.00011681 -0.0290655 -0.0130464 0.00169562 0.00113178 0.00179941 0.0243204 0.000943599
internal_weight=1756.1 103.468 61.1212 1652.63 1622.87 1589.04 58.1733 1530.86
internal_count=163284 28835 15524 134449 134269 123804 7011 116793
is_linear=0
shrinkage=0.0750466


Tree=95
num_leaves=9
num_cat=0
split_feature=50 5 11 120 80 82 73 38
split_gain=8.31768 4.60653 4.48471 6.70785 4.47469 7.2456 6.18122 6.88373
threshold=1.0000000180025095e-35 63.500000000000007 -1.0000000180025095e-35 211140.00000000003 4.5000000000000009 1.0000000180025095e-35 9.5000000000000018 1.0000000180025095e-35
decision_type=2 2 2 10 2 2 2 2
left_child=2 -2 3 -1 6 -6 7 -4
right_child=1 -3 4 -5 5 -7 -8 -9
leaf_value=-0.045488437118242749 -0.054539111223262104 -0.0021627509374659141 0.002951622147375012 0.0078960445239316251 -0.022985690393092947 0.027675855592832744 -0.013610715496589954 -0.026408452138961352
leaf_weight=28.611722418834688 24.194966927854693 15.52601493388647 1360.0131723604864 24.699617079924792 20.105814464506693 75.994408161437605 159.4407493936742 46.513150271581253
leaf_count=2313 7316 3719 74092 2931 3075 21109 39370 9359
internal_value=-0.000115525 -0.0340664 0.000670635 -0.0207549 0.00135787 0.0170766 0.000393241 0.0019807
internal_weight=1755.1 39.721 1715.38 53.3113 1662.07 96.1002 1565.97 1406.53
internal_count=163284 11035 152249 5244 147005 24184 122821 83451
is_linear=0
shrinkage=0.0750466


Tree=96
num_leaves=9
num_cat=0
split_feature=86 71 134 22 111 83 72 83
split_gain=7.01354 6.65133 4.4407 4.36442 10.6449 5.60402 10.9454 8.74875
threshold=1.0000000180025095e-35 1.5000000000000002 267444.00000000006 -22789.309999999994 8.0000000000000018 2582.5950000000007 2333.3600000000006 3873.2450000000003
decision_type=2 2 8 2 8 2 2 2
left_child=1 3 -2 4 -1 -5 7 -7
right_child=2 -3 -4 5 -6 6 -8 -9
leaf_value=-0.0080366430355496669 -0.012763411495769121 0.032526824884778149 -0.077851440097142802 -0.0036142873869184772 0.034931426299570502 0.052779953753106457 0.041275841003731835 -0.0016596955257023409
leaf_weight=66.357876591850072 13.989183246361792 35.655009454698302 10.213785100801031 1241.5896598039981 63.589691904111532 17.766012148742448 46.249921965354588 258.99837383949489
leaf_count=4607 2768 1660 2837 67263 702 2866 7307 73274
internal_value=-0.000112064 0.000449138 -0.0402309 -0.000225808 0.0129897 -0.00132342 0.00748213 0.00183489
internal_weight=1754.41 1730.21 24.203 1694.55 129.948 1564.6 323.014 276.764
internal_count=163284 157679 5605 156019 5309 150710 83447 76140
is_linear=0
shrinkage=0.0750466


Tree=97
num_leaves=9
num_cat=0
split_feature=10 8 135 83 153 8 112 8
split_gain=4.90246 10.678 8.00927 6.2969 7.86288 10.6634 14.7486 7.05196
threshold=-3005.3049999999998 -8804.7999999999975 -989.49999999999989 37776.215000000004 1214.0550000000003 33046.075000000004 82344.60000000002 9683.5850000000009
decision_type=2 2 8 2 10 2 10 2
left_child=-1 2 -2 -3 5 6 -5 -8
right_child=1 3 -4 4 -6 -7 7 -9
leaf_value=-0.016853843881409935 0.007917240297159147 -0.0015454583379046621 0.065987145480396997 0.0055788827325722228 -0.0097667935064696763 -0.021812895966810502 0.048931973698995393 0.12264252336034144
leaf_weight=93.233403577847639 30.267352427646983 1496.4750381466874 23.970814782413072 24.92212407765328 39.316961714823265 15.935663220996501 15.314760040491821 13.985201581526779
leaf_count=26592 4599 100427 2061 2606 18807 3408 2065 2719
internal_value=-0.000108751 0.000831626 0.0335815 -0.000274444 0.0170998 0.0321561 0.0480173 0.0841148
internal_weight=1753.42 1660.19 54.2382 1605.95 109.475 70.1577 54.2221 29.3
internal_count=163284 136692 6660 130032 29605 10798 7390 4784
is_linear=0
shrinkage=0.0750466


Tree=98
num_leaves=9
num_cat=0
split_feature=8 149 74 22 138 105 120 56
split_gain=4.66392 8.86623 10.2515 8.48987 9.00036 12.074 8.26921 8.23594
threshold=9683.5850000000009 1714.5000000000002 1588.4450000000004 -9370.4499999999989 1513.9350000000002 1.0000000180025095e-35 457651.93000000005 4317.5350000000008
decision_type=2 10 2 2 8 2 8 2
left_child=1 -1 -3 -2 -5 -6 -4 -7
right_child=3 2 6 4 5 7 -8 -9
leaf_value=-0.0027344612061498347 0.0091000312523385474 0.00099739984130286347 0.036761789375283932 0.0040615270648789057 -0.01768839986067916 0.048995819826692835 0.00087345668220029397 -0.059445452486305915
leaf_weight=501.66091760994459 212.47444941452704 199.93408939854999 120.39800361773814 225.83651241974439 411.86306529850117 24.988298501368266 51.680474937849795 4.6837842564273151
leaf_count=30683 6183 28984 6830 11093 59913 10745 4885 3968
internal_value=-0.000108189 0.00377581 0.012555 -0.00396494 -0.00812451 -0.0143574 0.0259834 0.0318782
internal_weight=1753.52 873.673 372.013 879.846 667.372 441.535 172.078 29.6721
internal_count=163284 71382 40699 91902 85719 74626 11715 14713
is_linear=0
shrinkage=0.0750466


Tree=99
num_leaves=9
num_cat=0
split_feature=32 12 151 7 12 95 83 24
split_gain=4.64306 7.01948 9.66908 5.46659 10.8866 7.25644 7.76497 6.73506
threshold=1.5000000000000002 5.5000000000000009 15.500000000000002 2050.3150000000005 4.5000000000000009 1.5000000000000002 1.0000000180025095e-35 9.5000000000000018
decision_type=2 2 8 2 2 2 2 2
left_child=3 -2 -3 5 -5 7 -7 -1
right_child=1 2 -4 4 -6 6 -8 -9
leaf_value=-0.0026956121772400967 -0.047910075601760686 -0.036245842768492416 0.027851511066056212 0.037178448298214463 0.0031712537720541729 0.0010327518561458744 0.046447065119622967 -0.028909302467180979
leaf_weight=940.44204519294726 28.15945333027048 24.521528632030822 28.847484545811312 59.006361966719851 522.28499759714759 56.993925067275995 33.766242719255388 58.643169444214436
leaf_count=61546 1562 12466 4423 423 47990 2335 4055 28484
internal_value=-0.000107044 -0.0175948 -0.00159938 0.000746119 0.00662329 -0.00238859 0.0179286 -0.00423427
internal_weight=1752.67 81.5285 53.369 1671.14 581.291 1089.85 90.7602 999.085
internal_count=163284 18451 16889 144833 48413 96420 6390 90030
is_linear=0
shrinkage=0.0750466


Tree=100
num_leaves=9
num_cat=0
split_feature=50 99 127 16 153 150 5 150
split_gain=7.27398 7.42934 4.76742 4.47177 9.39587 10.2717 8.52279 6.56681
threshold=1.0000000180025095e-35 1.5000000000000002 991.50000000000011 -176.96999999999997 651.0150000000001 1.0000000180025095e-35 51.500000000000007 5236.5900000000011
decision_type=2 2 10 2 8 10 2 10
left_child=1 3 -2 -1 5 -5 -7 -6
right_child=2 -3 -4 4 7 6 -8 -9
leaf_value=-0.0034367439809465687 0.0019646091610324226 0.029622336482887451 -0.052790420374372357 0.0027774446733719676 -0.014224061352533929 0.045752558857180284 0.0081853092007424504 0.0076172103903116416
leaf_weight=989.03908816287003 14.256495534020358 48.339172036299715 24.085971895619878 220.39034748982522 182.01511352941452 75.883073709206656 61.638077355863061 135.05368170443398
leaf_count=58882 1577 1682 9458 13232 21969 7732 5254 43498
internal_value=-0.0001042 0.000619658 -0.0324314 -0.000222859 0.0044864 0.0128202 0.0289146 -0.00492089
internal_weight=1750.7 1712.36 38.3425 1664.02 674.98 357.911 137.521 317.069
internal_count=163284 152249 11035 150567 91685 26218 12986 65467
is_linear=0
shrinkage=0.0750466


Tree=101
num_leaves=9
num_cat=0
split_feature=11 0 95 0 142 116 112 6
split_gain=4.2947 5.6019 4.80424 3.60945 6.55863 5.49727 5.47919 4.49804
threshold=-1.0000000180025095e-35 39510640.500000007 5.5000000000000009 15842220.000000002 52785.000000000007 1077.6100000000004 1348452.2050000003 289.50000000000006
decision_type=2 2 2 2 10 8 10 2
left_child=1 -1 3 4 -2 7 -5 -6
right_child=2 -3 -4 6 5 -7 -8 -9
leaf_value=0.00088533042024073819 0.020540770097238335 -0.047402525348037877 0.025638129492319892 0.00029027719850789071 -0.021945878679923543 -0.047088257495053104 0.03137913716327799 0.018504083022215026
leaf_weight=30.12763923802413 27.489341712760506 24.561737760071992 41.975474134014803 1490.5937468751072 49.696074911640608 31.092778387406725 32.626589057035744 22.489288530254271
leaf_count=3077 769 2588 3235 131474 5002 6331 7426 3382
internal_value=-0.000102188 -0.0208014 0.000565295 -7.10122e-05 -0.0120361 -0.020707 0.000956184 -0.00934373
internal_weight=1750.65 54.6894 1695.96 1653.99 130.767 103.278 1523.22 72.1854
internal_count=163284 5665 157619 154384 15484 14715 138900 8384
is_linear=0
shrinkage=0.0750466


Tree=102
num_leaves=9
num_cat=0
split_feature=50 108 71 17 74 27 22 112
split_gain=6.43466 5.18871 5.7269 6.18917 5.45956 8.25238 8.39313 5.14998
threshold=1.0000000180025095e-35 1.0000000180025095e-35 1.5000000000000002 3.5000000000000004 2126.0350000000003 2.5000000000000004 -22789.309999999994 69676.200000000012
decision_type=2 2 2 2 2 2 2 10
left_child=1 2 3 4 5 6 -1 -7
right_child=-2 -3 -4 -5 -6 7 -8 -9
leaf_value=0.02527857873175195 -0.030981654399960142 0.029679880172644495 0.029956116554433108 0.022912006316368604 0.0064509319608705143 -0.025169640789073813 -0.0021743482378167229 -0.0065567802907425367
leaf_weight=68.121246594033437 37.189132989486097 33.809723934478825 35.157182786206249 60.453180197422625 368.23246993026987 134.48482409931603 791.08289772739226 221.80512223539699
leaf_count=983 11035 4550 1514 5727 28718 22409 30327 58021
internal_value=-9.84594e-05 0.000571956 -1.40678e-05 -0.000654915 -0.0015545 -0.00397973 2.23299e-06 -0.0135824
internal_weight=1750.34 1713.15 1679.34 1644.18 1583.73 1215.49 859.204 356.29
internal_count=163284 152249 147699 146185 140458 111740 31310 80430
is_linear=0
shrinkage=0.0750466


Tree=103
num_leaves=9
num_cat=0
split_feature=10 11 11 131 142 138 11 11
split_gain=4.37851 4.70764 4.5493 4.43481 5.72848 6.89962 5.60334 5.57757
threshold=-3005.3049999999998 136.92000000000004 271.98500000000007 392.95500000000004 588362.69500000007 12094.745000000001 52.845000000000006 823.92000000000019
decision_type=2 2 2 10 10 10 2 2
left_child=1 -1 -3 4 -2 -6 -5 -7
right_child=3 2 -4 6 5 7 -8 -9
leaf_value=-0.047694117759353165 0.00080431408210976147 0.042727958405842592 -0.01415042531277912 -0.039870016811522427 0.0065853233788402826 0.028116452963178419 -0.0038550295498900513 0.10035530394783551
leaf_weight=20.541667234254419 1429.0265508264274 9.0714578645565762 62.380190863827011 31.55416558633442 62.378304774756543 18.34613444382558 106.27000324665278 8.9591510864993307
leaf_count=2041 95325 1009 23542 2493 3037 2373 28017 5447
internal_value=-9.57738e-05 -0.0160318 -0.00692918 0.000789211 0.00195896 0.0203572 -0.0121005 0.0518188
internal_weight=1748.53 91.9933 71.4516 1656.53 1518.71 89.6836 137.824 27.3053
internal_count=163284 26592 24551 136692 106182 10857 30510 7820
is_linear=0
shrinkage=0.0750466


Tree=104
num_leaves=9
num_cat=0
split_feature=33 32 20 8 6 105 105 129
split_gain=13.7512 8.74154 4.60278 4.77704 7.67377 4.52731 9.10827 14.1113
threshold=27559.105000000007 10.500000000000002 109749.33500000001 14788.655000000001 135.50000000000003 1.0000000180025095e-35 1.5000000000000002 17.500000000000004
decision_type=2 2 2 2 2 2 2 8
left_child=2 -2 5 4 -4 -1 7 -7
right_child=1 -3 3 -5 -6 6 -8 -9
leaf_value=0.0013313073265369749 -0.037904247288801575 0.018971812705823227 -0.030733847609539681 -0.040300678689325811 0.055010354097606969 -0.0293646238728105 -0.0020908282012445292 0.076954501515274595
leaf_weight=1511.8554559362965 80.755443919930258 18.753422811394557 14.250133827066749 29.557287508112495 10.006126353386206 9.6529641986417101 47.809785267847474 25.882830707603716
leaf_count=93657 26448 2387 3528 10785 3107 3569 14747 5056
internal_value=-9.30846e-05 -0.0271854 0.00154179 -0.0200451 0.00463712 0.00227001 0.0192978 0.0480739
internal_weight=1748.52 99.5089 1649.01 53.8135 24.2563 1595.2 83.3456 35.5358
internal_count=163284 28835 134449 17420 6635 117029 23372 8625
is_linear=0
shrinkage=0.0750466


Tree=105
num_leaves=9
num_cat=0
split_feature=127 8 12 140 127 48 140 142
split_gain=5.10021 5.96468 9.80645 7.38224 9.3827 7.26626 14.7449 5.69612
threshold=145.50000000000003 9683.5850000000009 4.5000000000000009 953.55500000000018 444.50000000000006 1.0000000180025095e-35 1376.0350000000003 588362.69500000007
decision_type=8 2 2 10 8 2 10 10
left_child=-1 3 -3 -2 -5 7 -7 -4
right_child=1 2 5 4 -6 6 -8 -9
leaf_value=-0.025062108730554446 -0.00018415102630710549 0.019042254793124679 -0.01125359856623063 0.047332086837827858 0.0091488515227246912 0.049609632760438158 -0.014064950093623824 0.012480622304658592
leaf_weight=44.891928342811298 535.81787032814464 94.390962402860168 627.81745648311335 42.185245003129239 257.37925541067671 37.061849678022554 45.784025285363896 62.63088349388272
leaf_count=5079 19940 1033 61370 5759 42094 2330 12987 12692
internal_value=-9.3686e-05 0.000564468 -0.00379336 0.00509081 0.0145259 -0.00658075 0.0144204 -0.00910066
internal_weight=1747.96 1703.07 867.685 835.382 299.565 773.294 82.8459 690.448
internal_count=163284 158205 90412 67793 47853 89379 15317 74062
is_linear=0
shrinkage=0.0750466


Tree=106
num_leaves=9
num_cat=0
split_feature=21 32 138 149 138 135 97 125
split_gain=6.43877 6.61788 8.13313 4.04212 5.77196 9.85737 5.28859 5.02577
threshold=1.0000000180025095e-35 1.5000000000000002 1.0000000180025095e-35 636.50000000000011 1513.9350000000002 -927.99999999999989 5.5000000000000009 -8696.0399999999991
decision_type=2 2 8 8 8 10 2 8
left_child=-1 3 -3 -2 5 6 -5 -6
right_child=1 2 -4 4 7 -7 -8 -9
leaf_value=0.013012640117958054 -0.0093667115356984836 0.042548307614782385 -0.039248985454823998 0.0088576278592345219 -0.021417338882637266 -0.0092794047940909161 0.030701688236406417 -0.00073964725558417304
leaf_weight=188.37079098494723 254.34915656567318 8.018812749593053 46.811233523054398 186.01435663102893 72.38993975619087 123.29205807976541 93.948167255584849 774.23761949225445
leaf_count=5801 19595 844 15769 4180 21928 3679 4597 86891
internal_value=-9.2963e-05 -0.00167642 -0.0272863 -0.000742932 0.00101199 0.00840148 0.0161879 -0.00250767
internal_weight=1747.43 1559.06 54.83 1504.23 1249.88 403.255 279.963 846.628
internal_count=163284 157483 16613 140870 121275 12456 8777 108819
is_linear=0
shrinkage=0.0750466


Tree=107
num_leaves=9
num_cat=0
split_feature=99 56 28 148 18 115 7 149
split_gain=5.25018 4.17621 4.9952 3.79003 7.11181 6.16093 4.18627 12.3129
threshold=2.5000000000000004 11582.655000000002 1395.8750000000002 3.5550000000000002 7623.4400000000005 1.0000000180025095e-35 1655.0800000000002 489.50000000000006
decision_type=2 2 2 10 2 8 2 8
left_child=1 3 -3 6 -5 -6 -1 -8
right_child=-2 2 -4 4 5 -7 7 -9
leaf_value=-0.0044891408645542094 0.03074647085734954 0.019200928149095849 -0.049411756771236617 0.070936781883368105 -0.049667373313467905 0.043770409607141486 -0.027178157582598554 0.005747674669399413
leaf_weight=807.79331537049438 30.549986540339887 8.4965102742280596 20.143949098870507 11.985169136954939 8.4214555862708931 7.5260863125731694 69.667513380292803 781.58660787779081
leaf_count=83995 950 1408 13531 1011 2809 3407 3411 52762
internal_value=-9.10519e-05 -0.000640174 -0.029057 -0.000157731 0.0272561 -0.0055715 -0.000619287 0.00305299
internal_weight=1746.17 1715.62 28.6405 1686.98 27.9327 15.9475 1659.05 851.254
internal_count=163284 162334 14939 147395 7227 6216 140168 56173
is_linear=0
shrinkage=0.0750466


Tree=108
num_leaves=9
num_cat=0
split_feature=50 127 149 7 127 9 142 127
split_gain=5.64931 4.6021 4.05462 6.91304 13.2616 7.91568 8.17402 7.16403
threshold=1.0000000180025095e-35 991.50000000000011 636.50000000000011 1655.0800000000002 1221.5000000000002 448.33500000000004 105570.00000000001 753.50000000000011
decision_type=2 10 8 2 8 2 8 10
left_child=2 -2 -1 5 7 6 -4 -5
right_child=1 -3 3 4 -6 -7 -8 -9
leaf_value=-0.0081128587457025975 0.004463186723914765 -0.050616537458767777 -0.016908970933188008 0.014309174948392962 0.0026305736876793876 -0.012185362012128777 0.010078545937229439 0.050948798494309347
leaf_weight=259.22598119235772 13.871043078062938 22.244078781019198 81.319396516817505 72.87451306694129 646.81064398141461 313.79977278508886 283.79983548745804 51.15067554412235
leaf_count=21081 1577 9458 8223 4879 47539 46576 20485 3466
internal_value=-8.89646e-05 -0.0294616 0.000531754 0.00207747 0.00694094 -0.00344445 0.00406788 0.0294201
internal_weight=1745.1 36.1151 1708.98 1449.75 770.836 678.919 365.119 124.025
internal_count=163284 11035 152249 131168 55884 75284 28708 8345
is_linear=0
shrinkage=0.0750466


Tree=109
num_leaves=9
num_cat=0
split_feature=8 153 127 149 127 74 138 134
split_gain=4.57431 9.39314 4.84137 4.83598 7.83417 8.1998 6.36314 6.57863
threshold=-8804.7999999999975 12251.985000000002 510.50000000000006 636.50000000000011 1221.5000000000002 1588.4450000000004 3423.4750000000004 139352.40000000002
decision_type=2 10 8 8 8 2 8 10
left_child=1 2 -1 -2 5 -5 -7 -8
right_child=3 -3 -4 4 -6 6 7 -9
leaf_value=0.063897922439222418 -0.010732072637099851 -0.026183028971638933 0.018232901802857766 -0.002142052005437582 -0.0019768870113486565 0.040877588729576426 -0.014986387111821391 0.031424356755759747
leaf_weight=16.744861080864212 246.23053998462274 23.309929651441053 59.671538396316464 115.99154804472346 1143.4836320358809 69.746992869419046 33.682450437234365 35.153952099310118
leaf_count=2646 18978 4848 9149 16309 105097 1008 1598 3651
internal_value=-8.76932e-05 0.0155187 0.0282393 -0.00103422 0.000673794 0.01258 0.024902 0.00871504
internal_weight=1744.02 99.7263 76.4164 1644.29 1398.06 254.575 138.583 68.8364
internal_count=163284 16643 11795 146641 127663 22566 6257 5249
is_linear=0
shrinkage=0.0750466


Tree=110
num_leaves=9
num_cat=0
split_feature=99 148 4 8 135 60 8 8
split_gain=4.68504 7.95794 5.35843 4.48844 8.67751 6.34581 5.37402 5.20924
threshold=1.0000000180025095e-35 18.98 1.5000000000000002 9683.5850000000009 -1901.4999999999998 1079.3350000000003 5445.8800000000001 -1.0000000180025095e-35
decision_type=2 8 2 2 10 2 2 2
left_child=2 -2 3 4 6 -6 7 -1
right_child=1 -3 -4 -5 5 -7 -8 -9
leaf_value=0.0029214870334460111 -0.0050726580933502189 0.040010560471653883 -0.024810093267222277 -0.0042835627636734104 0.010227468068137749 -0.028940386216817812 0.010142779874195238 -0.02452862327902168
leaf_weight=58.804088017757749 45.539090094185667 42.753653719555587 51.508745446713874 783.16524731499521 558.27222977345809 24.310895245755091 64.247628709257697 115.23715882982651
leaf_count=4907 4551 923 2159 86718 50265 5499 2844 5418
internal_value=-8.60745e-05 0.0167578 -0.000984384 -0.000219295 0.00365828 0.00859301 -0.00840645 -0.0152539
internal_weight=1743.84 88.2927 1655.55 1604.04 820.872 582.583 238.289 174.041
internal_count=163284 5474 157810 155651 68933 55764 13169 10325
is_linear=0
shrinkage=0.0750466


Tree=111
num_leaves=9
num_cat=0
split_feature=113 10 0 17 52 10 151 0
split_gain=3.77893 6.52324 5.71659 4.20367 8.43799 7.22429 6.07008 8.8343
threshold=-2054.4999999999995 -627.07499999999993 44238857.000000007 3.5000000000000004 16685.650000000005 1875.5950000000003 4.5000000000000009 35799005.000000007
decision_type=8 2 2 2 2 2 10 2
left_child=1 -1 -3 4 6 -6 -2 -8
right_child=3 2 -4 -5 5 -7 7 -9
leaf_value=-0.05514938033580661 -0.00060223348469783209 0.01830493128115622 -0.024105604417477288 0.018486523181136368 -0.025843882862145045 0.053276387870718214 -0.00088087420958061591 0.029590843643944327
leaf_weight=18.21822450896434 1259.6352939162171 32.716970156470779 39.524109248581226 71.856728015744011 98.229099315380154 6.9600426983088246 117.51171913625149 98.499987070186762
leaf_count=4822 37369 3470 3691 7083 70054 3852 20713 12230
internal_value=-8.34343e-05 -0.0150188 -0.00489847 0.000734048 -7.28888e-05 -0.0206087 0.00139098 0.013014
internal_weight=1743.15 90.4593 72.2411 1652.69 1580.84 105.189 1475.65 216.012
internal_count=163284 11983 7161 151301 144218 73906 70312 32943
is_linear=0
shrinkage=0.0750466


Tree=112
num_leaves=9
num_cat=0
split_feature=33 32 21 50 127 80 120 80
split_gain=11.5868 8.19973 7.46693 7.28037 5.18898 4.44334 4.53322 6.88009
threshold=27559.105000000007 10.500000000000002 1.0000000180025095e-35 1.0000000180025095e-35 991.50000000000011 4.5000000000000009 211140.00000000003 10.500000000000002
decision_type=2 2 2 2 10 2 10 2
left_child=2 -2 -1 5 -5 -4 7 -7
right_child=1 -3 3 4 -6 6 -8 -9
leaf_value=0.016810479111084447 -0.036199370663051671 0.019160423479788139 -0.00054588036313560015 0.0045726191924423745 -0.058851896061052782 0.017566141842283934 0.03812811676015148 -0.046608856626304776
leaf_weight=159.79489351637312 77.361686324038601 18.713634313244256 1366.8782338418532 11.368277980174755 20.127101437828969 42.357585922305589 34.346566855805577 12.09518375166226
leaf_count=3067 26448 2387 100728 1424 8820 8380 9783 2247
internal_value=-8.28753e-05 -0.0254163 0.00139494 -0.000261436 -0.0359588 0.00051092 0.0167781 0.00331143
internal_weight=1743.04 96.0753 1646.97 1487.17 31.4954 1455.68 88.7993 54.4528
internal_count=163284 28835 134449 131382 10244 121138 20410 10627
is_linear=0
shrinkage=0.0750466


Tree=113
num_leaves=9
num_cat=0
split_feature=21 133 64 131 137 85 85 74
split_gain=4.57276 8.1825 5.27212 5.01623 3.76226 4.55153 10.6299 4.06335
threshold=1.0000000180025095e-35 8.0000000000000018 13076.395000000002 3618.7050000000004 16998.050000000003 8269.6500000000015 27037.650000000005 1790.595
decision_type=2 10 2 10 10 2 2 2
left_child=-1 2 -2 4 7 -6 -7 -4
right_child=1 -3 3 -5 5 6 -8 -9
leaf_value=0.01089700644872992 -0.0010146100962911092 0.040474528789735349 -0.027864910966022859 0.046248563181205737 -0.062501849737368109 0.093018341993746284 -0.063348396025836251 0.014789237978934023
leaf_weight=190.29375608474948 1432.9298484337123 25.808264273335226 33.34346773631114 6.1125389813823849 22.963670548269874 4.0101820654963358 6.2874974337682943 20.197562658766401
leaf_count=5801 123408 174 8895 3715 10543 2894 5389 2465
internal_value=-8.26201e-05 -0.00142915 -0.00213792 -0.0194615 -0.0240887 -0.0439115 -0.00245515 -0.0117743
internal_weight=1741.95 1551.65 1525.84 92.9149 86.8024 33.2614 10.2977 53.541
internal_count=163284 157483 157309 33901 30186 18826 8283 11360
is_linear=0
shrinkage=0.0750466


Tree=114
num_leaves=9
num_cat=0
split_feature=50 27 16 153 10 16 112 27
split_gain=4.29736 4.1077 3.94399 7.47853 9.68654 5.86651 5.77055 7.55529
threshold=1.0000000180025095e-35 1.0000000180025095e-35 -176.96999999999997 651.0150000000001 39.975000000000001 2347.2300000000005 164689.20000000004 23.500000000000004
decision_type=2 2 2 8 2 2 10 2
left_child=2 -2 -1 4 -4 6 -5 -8
right_child=1 -3 3 5 -6 -7 7 -9
leaf_value=-0.002510500933590351 -0.001045377937011537 -0.053234407512293566 0.0076505544543868948 -0.008204699298755315 0.045084107390138135 -0.04615769064023871 0.004721781518733874 0.061272945226403273
leaf_weight=1021.0177022830903 17.413877450308064 16.581690846891433 320.46606356254779 206.14480373967672 44.315892158279894 17.193955606984673 81.323062853960437 15.908236209550521
leaf_count=59743 886 10149 23039 28876 3408 4816 24383 7984
internal_value=-8.08774e-05 -0.0265011 0.000445486 0.00484923 0.0121982 -0.00351329 -0.0010964 0.0139742
internal_weight=1740.37 33.9956 1706.37 685.352 364.782 320.57 303.376 97.2313
internal_count=163284 11035 152249 92506 26447 66059 61243 32367
is_linear=0
shrinkage=0.0750466


Tree=115
num_leaves=9
num_cat=0
split_feature=33 58 97 71 25 56 0 58
split_gain=10.3076 5.78621 4.58501 4.22496 3.83406 5.85911 5.84679 6.52714
threshold=27559.105000000007 941.47000000000014 5.5000000000000009 1.5000000000000002 1.0000000180025095e-35 70.580000000000013 31507133.500000004 7936.6050000000005
decision_type=2 2 2 2 2 2 2 2
left_child=3 2 -2 4 -1 -6 7 -7
right_child=1 -3 -4 -5 5 6 -8 -9
leaf_value=-0.0013241325078157523 -0.00084829348495498759 -0.06034370503842585 -0.039860225827970816 0.026645304118359227 0.013668109531466273 0.030803432989952969 -0.018890158332402488 -0.032646944637497809
leaf_weight=1225.2662954829284 47.974014001214528 19.759003041574033 26.251528804627014 36.224890471086837 260.40867442943272 35.553514156024903 77.096414130865014 12.286371737602165
leaf_count=39656 5998 14862 7975 1569 48049 12088 25295 7792
internal_value=-8.0205e-05 -0.0242531 -0.0146457 0.00129934 0.000729272 0.0072584 -0.00610155 0.0145079
internal_weight=1740.82 93.9845 74.2255 1646.84 1610.61 385.345 124.936 47.8399
internal_count=163284 28835 13973 134449 132880 93224 45175 19880
is_linear=0
shrinkage=0.0750466


Tree=116
num_leaves=9
num_cat=0
split_feature=33 17 95 147 33 135 25 25
split_gain=9.04678 8.75455 4.37871 4.29528 3.93959 5.66752 5.45896 7.37212
threshold=27559.105000000007 2.5000000000000004 5.5000000000000009 -25805.769999999997 1.0000000180025095e-35 -1444.9999999999998 1.0000000180025095e-35 35114.595000000008
decision_type=2 2 2 8 2 8 2 2
left_child=2 3 4 -2 6 -6 -1 -8
right_child=1 -3 -4 -5 5 -7 7 -9
leaf_value=-0.0026186025398197933 -0.07248527909979105 0.04701867774182434 0.025674517760962398 -0.023683070708636161 0.054199560645082571 0.0037723428285288537 0.01188539006210499 -0.019970853793129472
leaf_weight=1181.9704049222637 11.85553737941518 9.0628327348240401 40.15824447068735 70.903758073152858 18.40683278227516 39.465229539084248 322.052322683885 46.867290977097582
leaf_count=37737 10562 2035 2383 16238 2988 4039 63736 23566
internal_value=-7.94254e-05 -0.0230059 0.00119726 -0.0306741 0.000586255 0.0198113 -0.000131133 0.0078384
internal_weight=1740.74 91.8221 1648.92 82.7593 1608.76 57.8721 1550.89 368.92
internal_count=163284 28835 134449 26800 132066 7027 125039 87302
is_linear=0
shrinkage=0.0750466


Tree=117
num_leaves=9
num_cat=0
split_feature=50 5 46 138 74 149 97 149
split_gain=3.7782 4.90957 3.69766 7.97398 5.53868 5.70304 5.0878 18.9277
threshold=1.0000000180025095e-35 63.500000000000007 1.0000000180025095e-35 3423.4750000000004 1939.825 4617.5000000000009 147.50000000000003 5408.5000000000009
decision_type=2 2 2 8 2 8 2 8
left_child=2 -2 6 -4 -5 -6 -1 -8
right_child=1 -3 3 4 5 -7 7 -9
leaf_value=0.00064276534157231167 -0.04899830281910076 0.0098528201769118931 0.017184429438825408 -0.049268849704395393 -0.039121589891686577 0.023106216733451552 0.00017075660340779559 0.13187004002377214
leaf_weight=1572.3168810917268 19.723790382842708 13.412456929458129 32.143528152038925 34.500970416687778 15.752233990322564 17.520381766546052 27.784622801598744 7.8916629969025953
leaf_count=123046 7316 3719 1934 10321 3107 2394 8886 2561
internal_value=-7.87516e-05 -0.0251773 0.000408201 -0.0136 -0.0282005 -0.00635426 0.00127864 0.0293029
internal_weight=1741.05 33.1362 1707.91 99.9171 67.7736 33.2726 1607.99 35.6763
internal_count=163284 11035 152249 17756 15822 5501 134493 11447
is_linear=0
shrinkage=0.0750466


Tree=118
num_leaves=9
num_cat=0
split_feature=8 81 151 150 80 111 55 125
split_gain=3.56973 5.40616 5.23292 10.2635 3.87421 3.58395 4.11256 8.97738
threshold=-8804.7999999999975 5865.4350000000004 3.5000000000000004 12306.960000000001 2.5000000000000004 1.0000000180025095e-35 1.5000000000000002 -3860.5749999999994
decision_type=2 2 8 8 2 10 2 10
left_child=1 -1 -3 -4 -5 6 -2 -8
right_child=5 2 3 4 -6 -7 7 -9
leaf_value=0.030561023774869547 -0.00055729746696106389 -0.034775145294885006 0.087230803279190541 -0.047153081127910668 0.015953956344624039 0.017385290235416438 -0.023742318542267053 0.042034702533717765
leaf_weight=51.747632073151181 1472.5992655420559 19.209338241671503 8.1660311272862582 9.5802896986351751 12.797703539770735 58.074487494159257 95.383727936146897 13.317509882319426
leaf_count=4618 109251 3459 2063 2318 4185 537 30967 5886
internal_value=-7.90699e-05 0.0135784 -0.00408504 0.0152162 -0.0110629 -0.000924662 -0.00159711 -0.0156837
internal_weight=1740.88 101.501 49.7534 30.544 22.378 1639.37 1581.3 108.701
internal_count=163284 16643 12025 8566 6503 146641 146104 36853
is_linear=0
shrinkage=0.0750466


Tree=119
num_leaves=9
num_cat=0
split_feature=127 153 107 9 58 127 129 58
split_gain=3.51843 3.64607 8.01085 7.5397 6.58726 16.0287 7.90965 7.51917
threshold=145.50000000000003 3853.3050000000007 12.500000000000002 3165.5400000000004 4177.2050000000008 444.50000000000006 1.0000000180025095e-35 6461.2000000000007
decision_type=8 10 2 2 2 10 10 2
left_child=-1 3 -3 -2 6 -6 -4 -7
right_child=1 2 4 -5 5 7 -8 -9
leaf_value=-0.021488062174097142 0.00071235863862921197 0.037436694526466988 -0.040153329309355425 0.029719830508341528 0.070790991948358112 0.035620416169866082 0.01141593212828397 -0.025497982654952359
leaf_weight=42.18030573015858 1445.3565821234952 18.895847283769399 70.583253595141286 52.291457813895249 15.22392547012714 14.012842520387492 21.963175955046609 59.361877862953406
leaf_count=5079 99486 241 13498 5375 2762 4643 8123 24077
internal_value=-7.78449e-05 0.000454107 -0.00906201 0.00172518 -0.0139124 0.000713915 -0.0279149 -0.0138258
internal_weight=1739.87 1697.69 200.041 1497.65 181.145 88.5986 92.5464 73.3747
internal_count=163284 158205 53344 104861 53103 31482 21621 28720
is_linear=0
shrinkage=0.0750466


Tree=120
num_leaves=9
num_cat=0
split_feature=22 74 8 6 149 22 17 120
split_gain=4.02937 5.31632 3.62267 5.52847 4.77484 6.60091 4.05458 4.55319
threshold=305328.60000000003 391.17500000000007 -8804.7999999999975 31.500000000000004 489.50000000000006 -9370.4499999999989 3.5000000000000004 800917.97000000009
decision_type=2 2 2 2 8 2 2 10
left_child=2 -2 3 -1 5 -4 7 -6
right_child=1 -3 4 -5 6 -7 -8 -9
leaf_value=0.054487118273828614 0.012616035842836062 -0.040150567434663831 -0.03915494404714763 0.0066233993762728127 -0.00069539701466573092 -0.0042291891685761395 0.020328564384883188 0.019960701235801744
leaf_weight=16.209566410834668 16.541175073187333 30.734415166960389 39.189952910295688 84.134445341675018 1293.0267838284053 137.08419177157339 59.202008124440908 63.030585667518608
leaf_count=2060 4742 16758 1905 13365 99537 11514 4835 8568
internal_value=-7.85597e-05 -0.0216882 0.00052527 0.0143553 -0.000346694 -0.011994 0.00110401 0.000264714
internal_weight=1739.15 47.2756 1691.88 100.344 1591.53 176.274 1415.26 1356.06
internal_count=163284 21500 141784 15425 126359 13419 112940 108105
is_linear=0
shrinkage=0.0750466


Tree=121
num_leaves=9
num_cat=0
split_feature=11 135 140 6 134 140 8 104
split_gain=3.67034 3.83763 7.53145 5.25004 7.65979 4.37986 10.5873 12.2415
threshold=-1.0000000180025095e-35 -348.99999999999994 552.33500000000015 289.50000000000006 106977.60000000002 4363.6450000000013 8212.8900000000012 17653.650000000005
decision_type=2 10 10 2 10 10 2 2
left_child=-1 3 -3 5 -5 -2 7 -7
right_child=1 2 -4 4 -6 6 -8 -9
leaf_value=-0.019474107292497 -0.0015381221624223371 0.0061209434669993587 -0.036646637264852955 0.053035409065674187 0.00042303668202401138 0.028503862200543843 -0.0055853382789589614 -0.041882364511616872
leaf_weight=53.255041808704846 1211.0677569267427 48.602030526657472 44.354188707497087 26.812311347472132 37.218191733780259 146.39683116377273 156.056395481035 15.378056319197638
leaf_count=5665 61007 2210 8350 1404 7167 22445 46946 8090
internal_value=-7.64065e-05 0.000536343 -0.0142857 0.00140129 0.0224541 0.000519595 0.00836034 0.0218131
internal_weight=1739.14 1685.89 92.9562 1592.93 64.0305 1528.9 317.831 161.775
internal_count=163284 157619 10560 147059 8571 138488 77481 30535
is_linear=0
shrinkage=0.0750466


Tree=122
num_leaves=9
num_cat=0
split_feature=33 98 32 107 85 137 95 85
split_gain=7.98591 7.34935 6.21224 13.5856 3.98551 7.181 6.5115 6.82848
threshold=17595.285000000003 1.0000000180025095e-35 1.0000000180025095e-35 22.500000000000004 1.0000000180025095e-35 70229.690000000017 1.5000000000000002 20560.050000000003
decision_type=2 2 2 2 2 8 2 2
left_child=2 -2 4 -4 -1 6 7 -6
right_child=1 -3 3 -5 5 -7 -8 -9
leaf_value=-0.0011050307465642702 -0.027583400394664118 0.033829595480258989 0.068865325173361275 -0.012608704076488503 0.013319702571008372 0.040299355269576113 0.042654675029202782 -0.017093052559407781
leaf_weight=1364.7430936602104 91.646272878271702 12.467629802798909 23.186347994953394 22.921787232065981 86.989399676414905 36.197338689584285 21.513394077235716 79.649935993278632
leaf_count=66153 28474 2765 257 4600 19498 7599 3394 30544
internal_value=-7.64175e-05 -0.0202292 0.00120672 0.0283621 0.000418796 0.00968838 0.00379936 -0.00121693
internal_weight=1739.32 104.114 1635.2 46.1081 1589.09 224.35 188.153 166.639
internal_count=163284 31239 132045 4857 127188 61035 53436 50042
is_linear=0
shrinkage=0.0750466


Tree=123
num_leaves=9
num_cat=0
split_feature=33 98 33 107 10 107 10 56
split_gain=6.97635 6.3781 5.18633 10.9225 4.07526 5.61947 6.25447 7.983
threshold=17595.285000000003 1.0000000180025095e-35 1.0000000180025095e-35 22.500000000000004 -3005.3049999999998 52.500000000000007 1875.5950000000003 1169.9700000000003
decision_type=2 2 2 2 2 2 2 2
left_child=2 -2 4 -4 -1 -6 7 -7
right_child=1 -3 3 -5 5 6 -8 -9
leaf_value=-0.015914806445646173 -0.026225103360879191 0.030334920835695708 0.060617659315647526 -0.011805261402020211 -0.0011705528235882064 0.014750652104721816 0.051162020396445088 -0.011941211652955766
leaf_weight=81.943974229616288 89.253839495991997 12.844784293432893 24.316332218237221 22.655224664398702 1174.6966327516711 226.39526950691652 19.453484340148862 87.494145515491255
leaf_count=21363 28474 2765 257 4600 27509 45045 3110 30161
internal_value=-7.68769e-05 -0.0191094 0.0011102 0.0256868 0.000384158 0.00126981 0.00986963 0.00731051
internal_weight=1739.05 102.099 1636.96 46.9716 1589.98 1508.04 333.343 313.889
internal_count=163284 31239 132045 4857 127188 105825 78316 75206
is_linear=0
shrinkage=0.0750466


Tree=124
num_leaves=9
num_cat=0
split_feature=21 16 102 111 16 113 149 140
split_gain=4.09985 7.29903 6.07807 4.43562 4.70659 8.37934 4.97654 5.63736
threshold=1.0000000180025095e-35 -1222.1199999999997 1.0000000180025095e-35 1.0000000180025095e-35 -6095.0899999999992 -75.499999999999986 636.50000000000011 10829.135000000002
decision_type=2 2 2 10 2 8 10 8
left_child=1 -1 3 4 5 6 -2 -8
right_child=2 -3 -4 -5 -6 -7 7 -9
leaf_value=0.028408255062674411 -0.034839644707253016 -0.0016115562439695931 -0.028574509658377763 0.02208813782623785 0.00095245584519292525 0.0050699065089924436 -0.026531588290421706 0.007785833563366912
leaf_weight=75.669948876660783 74.010202264311374 114.84779796020302 44.863614794165187 47.244311554706655 1143.9446656184009 130.48157967504812 54.54377815330372 53.307464028104732
leaf_count=818 3804 4983 4688 449 135969 2005 4451 6117
internal_value=-7.66814e-05 0.0103117 -0.00135489 -0.000542692 -0.00127687 -0.0094417 -0.0198535 -0.00956957
internal_weight=1738.91 190.518 1548.4 1503.53 1456.29 312.343 181.861 107.851
internal_count=163284 5801 157483 152795 152346 16377 14372 10568
is_linear=0
shrinkage=0.0750466


Tree=125
num_leaves=9
num_cat=0
split_feature=13 153 107 72 153 83 127 127
split_gain=3.41241 3.3905 7.34968 5.3836 6.72718 7.63805 14.7312 5.3047
threshold=1.5000000000000002 5389.9350000000004 12.500000000000002 1287.6450000000002 9905.9850000000024 2582.5950000000007 4553.5000000000009 1922.5000000000002
decision_type=2 10 2 2 10 2 8 8
left_child=1 -1 -3 4 7 -6 -7 -4
right_child=-2 2 3 -5 5 6 -8 -9
leaf_value=0.001439710695363849 -0.023412533522200539 0.037612874357475755 0.01123275468892266 -0.028436435806543217 -0.011286813117129913 0.021974916224444557 0.19808152810475502 -0.05902515243274406
leaf_weight=1552.7808806905959 34.581888656597584 16.040874160593376 11.192937468113088 80.238335829635616 14.704238931808506 10.774882108584276 3.5586890669510476 13.178680599303332
leaf_count=122276 829 185 4796 13525 3755 7142 2555 8221
internal_value=-7.41865e-05 0.00039988 -0.0103867 -0.0161478 0.00231378 0.0267143 0.0656981 -0.0267584
internal_weight=1737.05 1702.47 149.689 133.648 53.4094 29.0378 14.3336 24.3716
internal_count=163284 162455 40179 39994 26469 13452 9697 13017
is_linear=0
shrinkage=0.0750466


Tree=126
num_leaves=9
num_cat=0
split_feature=33 8 21 5 5 5 83 81
split_gain=6.22933 8.5419 5.0222 3.89596 3.72942 12.455 8.6163 9.25342
threshold=32887.870000000003 43644.710000000006 1.0000000180025095e-35 61.500000000000007 67.500000000000014 61.500000000000007 2582.5950000000007 42044.910000000011
decision_type=2 2 2 2 2 2 2 2
left_child=2 3 -1 -2 5 6 7 -4
right_child=1 -3 4 -5 -6 -7 -8 -9
leaf_value=0.013394668826464834 -0.041013600351977646 0.023676698297356222 -0.0029520394109205875 0.011419989012360231 -0.011023223924453929 0.022582728656424477 0.010300660572297886 -0.032671638687040871
leaf_weight=164.06662244049949 54.505192598706344 19.265866169676883 857.62375799402798 9.3500818829706969 166.54935338991345 133.99924711514177 267.63184457916213 63.362810711478232
leaf_count=3123 20036 5841 31243 1756 11313 10572 65501 13899
internal_value=-7.47944e-05 -0.0201215 0.000933114 -0.033336 -0.000439819 0.000892886 -0.00155232 -0.00499671
internal_weight=1736.35 83.1211 1653.23 63.8553 1489.17 1322.62 1188.62 920.987
internal_count=163284 27633 135651 21792 132528 121215 110643 45142
is_linear=0
shrinkage=0.0750466


Tree=127
num_leaves=9
num_cat=0
split_feature=33 32 99 39 96 10 8 7
split_gain=5.50337 8.89828 4.26801 4.63571 4.89803 9.73347 10.6089 11.3511
threshold=115002.37000000001 10.500000000000002 2.5000000000000004 25863.355000000003 1.0000000180025095e-35 -627.07499999999993 16678.810000000001 1065.7050000000002
decision_type=2 2 2 2 2 2 2 2
left_child=2 -2 3 4 -1 -6 7 -7
right_child=1 -3 -4 -5 5 6 -8 -9
leaf_value=-0.0034326710797318066 -0.047021326377945157 0.026389001645979369 0.029083168901599041 -0.020090486626930932 -0.0082108094721280184 0.0040690977595148293 -0.0027203182385672612 0.030352259798506302
leaf_weight=766.82400418359612 32.284111965396733 13.061785418351063 29.152270348291495 61.565216566013987 231.12962755255285 177.52546689865994 230.91046563800046 193.32078956629266
leaf_count=35726 12624 1788 831 18117 51110 12387 22369 8332
internal_value=-7.51616e-05 -0.0258756 0.000616939 0.00011741 0.000895115 0.00487963 0.00990756 0.0177704
internal_weight=1735.77 45.3459 1690.43 1661.28 1599.71 832.886 601.757 370.846
internal_count=163284 14412 148872 148041 129924 94198 43088 20719
is_linear=0
shrinkage=0.0750466


Tree=128
num_leaves=9
num_cat=0
split_feature=33 147 142 33 18 106 126 106
split_gain=4.93565 7.23991 5.67409 4.22894 4.92336 4.03374 7.63612 10.1968
threshold=17595.285000000003 -21440.649999999998 182988.00000000003 1.0000000180025095e-35 252.93500000000003 1.0000000180025095e-35 2.3450000000000002 3460.3500000000004
decision_type=2 8 10 2 2 2 8 2
left_child=3 -2 -3 5 -5 -1 -7 -8
right_child=1 2 -4 4 -6 6 7 -9
leaf_value=-0.00067249772016566092 -0.063357520702534309 -0.016496900400344603 0.036024672103260602 -0.0028287765894557449 0.045423514474453017 -0.022223529864207302 0.084414259888465612 0.01300928964792164
leaf_weight=1501.4362084907407 15.584686774396685 68.082939171770704 13.960004688255138 22.347428638720885 25.497202571437811 22.120386572292773 14.455888835946096 51.002003807130677
leaf_count=101749 14259 11970 5010 565 4292 9827 1883 13729
internal_value=-7.50803e-05 -0.0164673 -0.0075601 0.000902603 0.0228857 0.000240701 0.0158965 0.0287785
internal_weight=1734.49 97.6276 82.0429 1636.86 47.8446 1589.01 87.5783 65.4579
internal_count=163284 31239 16980 132045 4857 127188 25439 15612
is_linear=0
shrinkage=0.0750466


Tree=129
num_leaves=9
num_cat=0
split_feature=108 135 20 71 71 129 103 135
split_gain=3.86645 4.99987 4.23531 4.56375 4.26294 4.97209 5.51519 3.80386
threshold=1.0000000180025095e-35 -1263.4999999999998 109749.33500000001 1.5000000000000002 1.0000000180025095e-35 13.500000000000002 1.0000000180025095e-35 -532.49999999999989
decision_type=2 10 2 2 2 8 2 10
left_child=2 -2 3 7 5 -4 -7 -1
right_child=1 -3 4 -5 -6 6 -8 -9
leaf_value=0.0005744734107459553 -0.0046260396343800556 0.05222729968524991 -0.054414754079276761 0.026344794075424321 -0.041007104969711675 0.052045939563448482 -0.044007533981863654 -0.012715395321270084
leaf_weight=1479.7090742643195 16.912819322533323 17.966215084845317 6.2469994694038204 36.432353523734491 28.711738840822363 11.644529574914488 4.7358448372178819 132.12626611614542
leaf_count=124101 2122 2880 5342 1597 4445 3976 3821 15000
internal_value=-7.48178e-05 0.0246592 -0.000582404 7.87607e-05 -0.0218094 0.00255039 0.0242752 -0.000514931
internal_weight=1734.49 34.879 1699.61 1648.27 51.3391 22.6274 16.3804 1611.84
internal_count=163284 5002 158282 140698 17584 13139 7797 139101
is_linear=0
shrinkage=0.0750466


Tree=130
num_leaves=9
num_cat=0
split_feature=39 112 107 18 7 73 134 73
split_gain=3.49023 6.41722 5.33934 9.85492 4.91108 3.8747 8.92004 8.86608
threshold=25863.355000000003 164689.20000000004 85.500000000000014 31639.660000000003 3616.7500000000005 9.5000000000000018 57007.80000000001 6.5000000000000009
decision_type=2 8 2 2 2 2 10 2
left_child=5 -2 -3 -4 -5 7 -7 -1
right_child=1 2 3 4 -6 6 -8 -9
leaf_value=-0.00033083053456476778 -0.048439184323078088 -0.019743739113828897 0.12479264600095483 -0.059707060221813775 0.051974773485350872 -0.054138459401421438 -0.0035953970921681466 0.0171861748190444
leaf_weight=1295.5926939213459 23.517907137334987 24.289507323803264 4.8545113720319923 4.7969947176316037 4.1239783699711552 22.263076037779683 168.54846695932792 186.10829651618405
leaf_count=64817 5785 3267 1935 4474 3413 2586 48599 28408
internal_value=-7.29126e-05 -0.0176188 0.00142309 0.0387453 -0.0080789 0.000573138 -0.00949255 0.00186938
internal_weight=1734.1 61.5829 38.065 13.7755 8.92097 1672.51 190.812 1481.7
internal_count=163284 18874 13089 9822 7887 144410 51185 93225
is_linear=0
shrinkage=0.0750466


Tree=131
num_leaves=9
num_cat=0
split_feature=33 150 0 139 22 112 25 8
split_gain=4.47773 5.60132 3.59557 5.11827 4.5404 6.32159 5.62459 6.84163
threshold=115002.37000000001 1.0000000180025095e-35 15842220.000000002 554.4000000000002 409658.84500000003 720815.33500000008 2376.4950000000003 2732.7600000000007
decision_type=2 10 2 8 2 10 2 2
left_child=2 -2 3 -1 5 -4 -7 -8
right_child=1 -3 4 -5 -6 6 7 -9
leaf_value=-0.01886720123150883 -0.0078325878222922207 -0.069053722241663951 0.0010318839443077563 0.016532306466383102 -0.027411103053615226 0.012572687002405365 -0.0011790295696553483 0.099806039852608538
leaf_weight=106.05025807366474 32.259582732935087 11.38811044248723 1450.3962325645334 29.375023006636184 29.879406048152305 58.496659315562283 5.9905430875442134 10.231953310649258
leaf_count=13642 4137 10275 109321 1711 13030 4183 2645 4340
internal_value=-7.3285e-05 -0.0238058 0.000539503 -0.0111887 0.00156092 0.00212853 0.0234158 0.0625149
internal_weight=1734.07 43.6477 1690.42 135.425 1554.99 1525.12 74.7192 16.2225
internal_count=163284 14412 148872 15353 133519 120489 11168 6985
is_linear=0
shrinkage=0.0750466


Tree=132
num_leaves=9
num_cat=0
split_feature=44 7 134 125 83 123 118 150
split_gain=3.20698 3.1016 7.52286 6.65131 4.33477 9.725 8.65146 11.076
threshold=1.0000000180025095e-35 1.0000000180025095e-35 106977.60000000002 -7683.0649999999987 30311.090000000004 5.5000000000000009 4275.6550000000007 13973.205000000002
decision_type=2 2 8 8 2 8 10 10
left_child=1 2 -1 -4 -3 6 -6 -8
right_child=-2 4 3 -5 5 -7 7 -9
leaf_value=-0.029005201551832345 -0.026770369996554137 0.00047419960495288593 -0.034660339658291218 0.0050928616443786335 0.022256065174909686 -0.012117739343759279 0.18134454073181405 0.018798972952093887
leaf_weight=66.262098430815968 24.974992412877327 1310.7018125948744 27.206419285350421 184.1404522369703 65.65162061490264 45.273381596176478 4.664632080588488 4.7807676655138494
leaf_count=8808 5166 82922 8919 24642 18148 10097 1678 2904
internal_value=-7.26027e-05 0.000317626 -0.00694188 -2.45184e-05 0.00172587 0.0153552 0.0319177 0.0990725
internal_weight=1733.66 1708.68 277.609 211.347 1431.07 120.37 75.097 9.4454
internal_count=163284 158118 42369 33561 115749 32827 22730 4582
is_linear=0
shrinkage=0.0750466


Tree=133
num_leaves=9
num_cat=0
split_feature=60 12 22 85 11 11 9 150
split_gain=3.09772 3.49354 10.1587 4.34672 7.41938 5.48161 4.9899 8.16146
threshold=1079.3350000000003 5.5000000000000009 -9370.4499999999989 35229.000000000007 52.845000000000006 3582.1750000000006 3165.5400000000004 5236.5900000000011
decision_type=2 2 2 2 2 2 2 8
left_child=1 2 -1 6 -5 -6 -3 -8
right_child=-2 3 -4 4 5 -7 7 -9
leaf_value=0.011842338783972549 -0.015852480561698738 0.0023993795841489103 -0.013503914286166801 0.046536704906829221 -0.034433911208871015 0.043421879281676026 0.063391362667777923 0.0058282437422559645
leaf_weight=130.57778874353971 67.350006645356189 1126.1048316331944 280.07839273707941 9.090056752014787 50.348368245984602 5.6663706303952486 20.203292131693161 44.266339575675374
leaf_count=883 18042 98017 6315 1984 24485 3963 1591 8004
internal_value=-7.35059e-05 0.000564249 -0.00544448 0.00252934 -0.0163525 -0.0265581 0.00356186 0.0238672
internal_weight=1733.69 1666.34 410.656 1255.68 65.1048 56.0147 1190.57 64.4696
internal_count=163284 145242 7198 138044 30432 28448 107612 9595
is_linear=0
shrinkage=0.0750466


Tree=134
num_leaves=9
num_cat=0
split_feature=33 17 147 21 153 147 135 135
split_gain=3.93597 8.37261 4.66641 4.4398 3.04135 6.63597 8.88488 7.93178
threshold=32887.870000000003 2.5000000000000004 -21440.649999999998 1.0000000180025095e-35 3853.3050000000007 -9242.2649999999976 -348.99999999999994 -1749.9999999999998
decision_type=2 2 8 2 10 8 10 10
left_child=3 2 -2 -1 5 6 7 -5
right_child=1 -3 -4 4 -6 -7 -8 -9
leaf_value=0.012396141349705988 -0.071341338813642213 0.053309852678721778 -0.016978428419526265 -0.01367765285441251 -0.0098106377988317704 -0.0021072375797445996 -0.041729292500472116 0.020463235016562234
leaf_weight=164.73407322228013 10.464759212885836 8.6076257381500891 59.200862395904551 46.659681416815147 177.38167735505704 1034.7929273307382 16.933964970390662 214.5540792180982
leaf_count=3123 11718 1969 13946 8537 41536 41018 3474 37963
internal_value=-7.26452e-05 -0.016517 -0.0251445 0.000705062 -0.000587221 0.000658886 0.0109497 0.0143648
internal_weight=1733.33 78.2732 69.6656 1655.06 1490.32 1312.94 278.148 261.214
internal_count=163284 27633 25664 135651 132528 90992 49974 46500
is_linear=0
shrinkage=0.0750466


Tree=135
num_leaves=9
num_cat=0
split_feature=99 134 108 16 25 7 116 57
split_gain=3.25086 6.51095 4.14239 14.7372 4.21483 5.39173 4.65671 3.67956
threshold=1.0000000180025095e-35 106977.60000000002 1.0000000180025095e-35 -354.2999999999999 35114.595000000008 2825.8100000000004 11379.470000000003 6.5000000000000009
decision_type=2 10 2 2 2 2 8 2
left_child=2 -2 4 -4 7 -6 -7 -1
right_child=1 -3 3 -5 5 6 -8 -9
leaf_value=-0.0012537571830044797 0.031920192253699374 -0.0092392413117175168 -0.027745772972518876 0.072484946901172742 -0.041495572102366166 -0.017077514386973892 0.065267335160431442 0.022642969812854886
leaf_weight=1525.6404446628367 49.655787184019573 38.372403887289693 15.573425662762018 17.597292885046045 31.610764850742271 11.515655199858884 5.8239739672935693 37.173655727223377
leaf_count=113164 1319 4155 1854 2912 18782 7141 2511 11446
internal_value=-7.23492e-05 0.0139784 -0.000824269 0.0254273 -0.00136454 -0.0230488 0.0105802 -0.000685341
internal_weight=1732.96 88.0282 1644.94 33.1707 1611.76 48.9504 17.3396 1562.81
internal_count=163284 5474 157810 4766 153044 28434 9652 124610
is_linear=0
shrinkage=0.0750466


Tree=136
num_leaves=9
num_cat=0
split_feature=8 153 10 151 58 99 10 10
split_gain=3.50836 7.22736 5.57937 4.07678 4.38753 3.89048 3.80504 3.2062
threshold=-8804.7999999999975 12251.985000000002 -386.05499999999995 3.5000000000000004 4689.4600000000009 2.5000000000000004 -3005.3049999999998 -3555.6149999999993
decision_type=2 10 2 10 2 2 2 2
left_child=1 2 3 -1 -5 6 7 -2
right_child=5 -3 -4 4 -6 -7 -8 -9
leaf_value=-0.0013874680395825159 -0.010376670895009023 -0.024132428009605199 0.065344825040474092 0.0034176372525258542 0.065204303686479559 0.02613790057841724 -0.00080485228877742829 -0.055818218095059498
leaf_weight=37.42029349659424 30.078028294377873 22.366183040023316 15.026455794955835 11.823125755661751 14.303579979808999 29.407103680103319 1559.5574849899276 12.329278990662713
leaf_count=4304 12474 4848 851 2963 3677 853 129341 3973
internal_value=-7.13429e-05 0.013506 0.0242199 0.0144955 0.037244 -0.00091143 -0.00140797 -0.0235881
internal_weight=1732.31 100.94 78.5735 63.547 26.1267 1631.37 1601.96 42.4073
internal_count=163284 16643 11795 10944 6640 146641 145788 16447
is_linear=0
shrinkage=0.0750466


Tree=137
num_leaves=9
num_cat=0
split_feature=27 115 27 107 112 0 12 115
split_gain=3.08623 6.8489 3.55341 8.74437 6.88398 4.27742 4.25665 3.39444
threshold=35.500000000000007 10768.525000000001 23.500000000000004 66.500000000000014 278704.80000000005 35799005.000000007 7.5000000000000009 2964.0000000000005
decision_type=2 8 2 2 10 2 2 10
left_child=2 -2 7 -4 5 -5 -6 -1
right_child=1 -3 3 4 6 -7 -8 -9
leaf_value=0.00090713304099883547 -0.056557171196965204 0.026118325641448961 0.10037986255656886 -0.059129722599247085 0.098908262429533766 0.011689769202358018 0.008735438850632082 -0.010490667539212803
leaf_weight=1506.3519912472439 15.555649720103245 8.8560004530809255 6.7630432993464629 9.0170140543486976 5.5847588963370054 10.278590435213117 6.2455308775679441 163.09220093768818
leaf_count=101750 6463 4597 544 3665 1837 3776 4672 35980
internal_value=-6.93945e-05 -0.0265644 0.000309433 0.0230355 0.00623009 -0.0214048 0.0513036 -0.000206347
internal_weight=1731.74 24.4117 1707.33 37.8889 31.1259 19.2956 11.8303 1669.44
internal_count=163284 11060 152224 14494 13950 7441 6509 137730
is_linear=0
shrinkage=0.0750466


Tree=138
num_leaves=9
num_cat=0
split_feature=108 72 7 71 99 147 96 72
split_gain=2.70194 5.22119 3.33372 6.18052 4.51499 3.90893 4.68987 4.88325
threshold=1.0000000180025095e-35 387.90500000000003 2050.3150000000005 1.5000000000000002 1.0000000180025095e-35 -31205.244999999999 1.0000000180025095e-35 1708.4500000000003
decision_type=2 2 2 2 2 10 2 2
left_child=2 -2 3 -1 5 -4 -7 -8
right_child=1 -3 4 -5 -6 6 7 -9
leaf_value=-0.0038519004381326895 0.051907758750573907 -0.0054083121623572216 -0.0026705806588850122 0.034924844122673007 0.029262657897793431 -0.0042010831422127247 -0.0095738852092307307 0.025230467089026012
leaf_weight=1059.3694968437012 16.188213860048563 20.022288869091426 350.36105613808468 23.666809923452092 37.198030201099755 82.675773165436112 28.369294784024532 113.69316486737807
leaf_count=102008 3497 1505 25552 924 2454 6876 11937 8531
internal_value=-6.90562e-05 0.0202153 -0.000502309 -0.00300454 0.00392366 0.0022847 0.0100099 0.0182802
internal_weight=1731.54 36.2105 1695.33 1083.04 612.297 575.099 224.738 142.062
internal_count=163284 5002 158282 102932 55350 52896 27344 20468
is_linear=0
shrinkage=0.0750466


Tree=139
num_leaves=9
num_cat=0
split_feature=50 127 16 147 127 16 84 84
split_gain=3.36405 3.71448 3.33636 6.46384 5.23887 4.47378 4.37737 4.38098
threshold=1.0000000180025095e-35 991.50000000000011 -176.96999999999997 -1.0000000180025095e-35 5606.5000000000009 2347.2300000000005 1.0000000180025095e-35 3.5000000000000004
decision_type=2 10 2 8 10 2 2 2
left_child=2 -2 -1 4 5 -4 -5 -8
right_child=1 -3 3 6 -6 -7 7 -9
leaf_value=-0.0023515171000220245 0.0058764315916077425 -0.045659671316684455 0.014712872664799566 -0.0082666296577246119 -0.021506350144607656 -0.022206701481717193 0.038784618377319252 -0.008781996297244599
leaf_weight=1011.6839284039233 13.567735025993896 18.777631558892608 357.45291295878269 239.31251295813126 26.849769396081683 19.493213781337545 24.33081287521054 19.762722096769721
leaf_count=59743 1577 9458 66787 7776 5429 5296 3111 4107
internal_value=-6.70083e-05 -0.0240421 0.000389457 0.00442466 0.0105222 0.0128036 -0.00426315 0.0174653
internal_weight=1731.23 32.3454 1698.89 687.202 403.796 376.946 283.406 44.0935
internal_count=163284 11035 152249 92506 77512 72083 14994 7218
is_linear=0
shrinkage=0.0750466


Tree=140
num_leaves=9
num_cat=0
split_feature=56 95 82 139 82 0 135 125
split_gain=2.92795 2.83473 3.11207 8.37143 5.60425 7.98727 4.88027 4.00051
threshold=11582.655000000002 5.5000000000000009 6.5000000000000009 2994.6850000000004 4.5000000000000009 26921913.500000004 -1840.4999999999998 -4536.1249999999991
decision_type=2 2 2 8 2 2 10 10
left_child=1 2 4 7 -1 -6 -7 -4
right_child=-2 -3 3 -5 5 6 -8 -9
leaf_value=-0.0003047237521778047 -0.024491770741477095 0.019176034584340224 -0.042192240546817382 0.052640795143374143 -0.034610040193373597 -0.0040941026330253687 0.063887299198353453 0.019739401579676043
leaf_weight=1571.1539423616778 27.204960862141888 43.768105975250364 35.133118437195662 7.8332203813479273 8.8579866489599208 8.0359516793396306 22.882989519624974 7.0535941197886123
leaf_count=115566 15033 3118 13194 1193 2987 1695 7579 2919
internal_value=-6.58655e-05 0.000323938 -0.000172838 -0.0186079 0.000399576 0.0282188 0.0462187 -0.0318373
internal_weight=1731.92 1704.72 1660.95 50.0199 1610.93 39.7769 30.9189 42.1867
internal_count=163284 148251 145133 17306 127827 12261 9274 16113
is_linear=0
shrinkage=0.0750466


Tree=141
num_leaves=9
num_cat=0
split_feature=39 147 81 8 73 9 20 147
split_gain=3.20355 3.86419 4.58059 3.4455 9.00321 6.30546 8.69244 7.46813
threshold=313319.83000000002 -34380.424999999996 1920.7850000000001 9683.5850000000009 1.0000000180025095e-35 1579.095 1.0000000180025095e-35 -17521.144999999993
decision_type=2 10 2 2 2 2 2 8
left_child=3 -2 -3 5 -5 -1 -7 -8
right_child=1 2 -4 4 -6 6 7 -9
leaf_value=-0.0020920228719728041 -0.051814799783950649 -0.04044318369893006 0.036105829497312898 0.031541643127554961 -0.004793126100009976 0.0037374537795036938 -0.00056804868070350694 0.041752064148007008
leaf_weight=473.71503230414964 14.737226077533704 8.2876185775239737 9.3915007233663328 40.349413266871125 797.96819981832596 277.30271648414782 33.990253656105779 75.980734055832727
leaf_count=52384 4738 2022 4283 1054 82639 7855 6673 1636
internal_value=-6.54515e-05 -0.0234356 0.000221179 0.000380362 -0.00304428 0.00371483 0.0108178 0.0286716
internal_weight=1731.72 32.4163 17.6791 1699.31 838.318 860.989 387.274 109.971
internal_count=163284 11043 6305 152241 83693 68548 16164 8309
is_linear=0
shrinkage=0.0750466


Tree=142
num_leaves=9
num_cat=0
split_feature=33 58 21 113 4 125 116 31
split_gain=3.54954 4.03831 3.68176 3.3245 3.72536 3.19915 5.77652 4.15728
threshold=115002.37000000001 1.0000000180025095e-35 1.0000000180025095e-35 -2054.4999999999995 1.5000000000000002 -28173.074999999993 19720.290000000005 8091.6550000000016
decision_type=2 2 2 8 2 8 10 2
left_child=2 -2 -1 -4 5 -5 7 -7
right_child=1 -3 3 4 -6 6 -8 -9
leaf_value=0.010792674685330714 -0.0096927628780553859 -0.067058993656320592 -0.015301382847543068 -0.0243011403145038 -0.02234118509530153 0.0012490992208667078 0.031077346037876534 -0.022947361910829869
leaf_weight=174.51728074801213 33.203373402750003 8.7277529510865843 83.207886976299051 28.060223961685551 40.380944556338363 1285.6995276041271 35.72440941008972 41.275361012339999
leaf_count=3970 5902 8510 10907 8863 1214 104112 8751 11055
internal_value=-6.46075e-05 -0.0216333 0.000470899 -0.000718609 0.000129248 0.000781681 0.00129818 0.000496472
internal_weight=1730.8 41.9311 1688.87 1514.35 1431.14 1390.76 1362.7 1326.97
internal_count=163284 14412 148872 144902 133995 132781 123918 115167
is_linear=0
shrinkage=0.0750466


Tree=143
num_leaves=9
num_cat=0
split_feature=64 63 120 147 81 120 18 113
split_gain=3.27266 6.60298 10.7157 11.1205 7.72386 4.63008 8.03019 4.57729
threshold=25194.515000000003 4.5000000000000009 182988.00000000003 -34380.424999999996 15997.960000000001 253368.00000000003 18220.110000000004 -1355.4999999999998
decision_type=2 2 10 10 2 8 2 10
left_child=1 -1 4 -4 -3 6 -2 -6
right_child=5 2 3 -5 7 -7 -8 -9
leaf_value=-0.00023992531206575008 -0.03457901623568415 -0.056299488007078485 -0.00031426023615993077 0.11493960296458952 0.070991906971390753 -0.035408260375206911 0.052255401136237278 -0.010454204785178207
leaf_weight=1626.7542502547949 12.336167393194048 9.6575246513602924 7.7130035553200313 12.129732113775388 7.5635336765335524 33.991551372793765 11.673945794806057 7.9932851239645952
leaf_count=124628 2702 2493 4628 5375 2129 13399 5187 2743
internal_value=-6.30078e-05 0.000544999 0.0288841 0.0701397 -0.00358238 -0.0175879 0.0076407 0.0291439
internal_weight=1729.81 1671.81 45.0571 19.8427 25.2143 58.0017 24.0101 15.5568
internal_count=163284 141996 17368 10003 7365 21288 7889 4872
is_linear=0
shrinkage=0.0750466


Tree=144
num_leaves=9
num_cat=0
split_feature=33 8 138 32 146 32 16 8
split_gain=3.12856 9.08927 5.04301 7.82487 4.29361 3.55794 19.8118 4.24924
threshold=17595.285000000003 25989.965000000004 15804.530000000002 11.500000000000002 3491.3000000000006 1.0000000180025095e-35 -1222.1199999999997 9683.5850000000009
decision_type=2 2 8 2 8 2 2 2
left_child=5 4 -3 -4 -2 7 -7 -1
right_child=1 2 3 -5 -6 6 -8 -9
leaf_value=0.0038030836223136412 -0.053044962065554938 0.054215573326471339 -0.03487061804732134 0.053675718908930407 -0.011365550324441644 -0.025659011302771772 0.070061894160617172 -0.0039675392280036385
leaf_weight=827.81362381614599 28.450351193529059 12.443255121877881 16.283181777129361 8.5838498563462036 27.255514366755961 25.164541666985315 23.59737233161286 760.38384384607343
leaf_count=58586 15573 2636 8104 1087 3839 1940 2917 68602
internal_value=-6.49678e-05 -0.0134532 0.0152118 -0.00430531 -0.0326522 0.000695785 0.0206632 8.27301e-05
internal_weight=1729.98 93.0162 37.3103 24.867 55.7059 1636.96 48.7619 1588.2
internal_count=163284 31239 11827 9191 19412 132045 4857 127188
is_linear=0
shrinkage=0.0750466


Tree=145
num_leaves=9
num_cat=0
split_feature=11 0 0 113 134 20 5 5
split_gain=3.14818 5.21474 2.84683 4.43071 5.20572 6.60034 3.9962 9.31417
threshold=-1.0000000180025095e-35 39510640.500000007 15842220.000000002 -1171.4999999999998 106977.60000000002 203.56500000000003 61.500000000000007 67.500000000000014
decision_type=2 2 2 8 10 2 2 2
left_child=1 -1 3 -2 -5 -6 -4 -8
right_child=2 -3 6 4 5 -7 7 -9
leaf_value=0.0027350711211126472 -0.039518580194812115 -0.045111170437212737 -0.0003285917605682987 0.015258924538015136 -0.03409122596937271 0.019972617904627458 0.02463731493805096 -0.0036385845441769928
leaf_weight=29.276066819838888 23.659461315182853 22.836366744188126 1283.658910216087 46.52957510802662 42.916476142054307 18.073871834883903 125.24707385994043 137.79291370712599
leaf_count=3077 3138 2588 123845 2279 4712 5715 9294 8636
internal_value=-6.62502e-05 -0.0182318 0.000497945 -0.0101166 -0.00364678 -0.01807 0.00139819 0.00982505
internal_weight=1729.99 52.1124 1677.88 131.179 107.52 60.9903 1546.7 263.04
internal_count=163284 5665 157619 15844 12706 10427 141775 17930
is_linear=0
shrinkage=0.0750466


Tree=146
num_leaves=9
num_cat=0
split_feature=44 5 5 136 127 5 9 128
split_gain=2.76073 3.08415 9.97309 4.95738 4.88968 4.63014 5.81224 17.219
threshold=1.0000000180025095e-35 61.500000000000007 67.500000000000014 168.50000000000003 3462.5000000000005 43.500000000000007 2299.4850000000006 -1.0000000180025095e-35
decision_type=2 2 2 8 10 2 2 10
left_child=1 3 -3 -1 -4 6 -5 -8
right_child=-2 2 4 5 -6 -7 7 -9
leaf_value=-0.034904528625016078 -0.02517916042433432 0.02072284980688956 0.0020281401158506154 0.00084735350231181629 -0.026328947025997529 -0.0054207790158669446 -0.0012091037484315904 0.068599690618412201
leaf_weight=24.25719855214993 24.305795567503083 154.60363608204716 132.20188046374824 633.83051858805629 46.219909153194749 622.79968908195224 62.342789031892607 29.230166086490499
leaf_count=1250 5166 11803 6593 62343 5386 62166 3659 4918
internal_value=-6.52303e-05 0.000292682 0.00677135 -0.00127936 -0.00531772 -0.000674364 0.0034007 0.0210739
internal_weight=1729.79 1705.49 333.025 1372.46 178.422 1348.2 725.403 91.573
internal_count=163284 158118 23782 134336 11979 133086 70920 8577
is_linear=0
shrinkage=0.0750466


Tree=147
num_leaves=9
num_cat=0
split_feature=33 32 115 7 58 4 58 74
split_gain=3.08841 7.49358 4.06907 3.06389 4.46011 4.25238 5.10556 7.83709
threshold=115002.37000000001 10.500000000000002 1.0000000180025095e-35 1.0000000180025095e-35 232.54500000000004 1.0000000180025095e-35 1208.2600000000002 1939.825
decision_type=2 2 8 2 2 2 2 2
left_child=3 2 -2 -1 -5 6 7 -6
right_child=1 -3 -4 4 5 -7 -8 -9
leaf_value=-0.0068945780470501174 0.0010073391461311188 0.026604656676249554 -0.061222088734992942 -0.00083129712135023091 0.0053069892134176393 0.039194027417466894 0.0013363511765980881 0.048878792290486084
leaf_weight=270.29100090823704 8.5015942668687803 13.023684481275266 19.472391583029093 1014.7545637697112 64.378292699118902 23.905224018701119 279.25013826681243 36.391043641575379
leaf_count=40090 4668 1788 7956 43890 6815 1599 54264 2214
internal_value=-6.57049e-05 -0.0204179 -0.0423099 0.000428319 0.0018235 0.00849298 0.00656172 0.0210422
internal_weight=1729.97 40.9977 27.974 1688.97 1418.68 403.925 380.019 100.769
internal_count=163284 14412 12624 148872 108782 64892 63293 9029
is_linear=0
shrinkage=0.0750466


Tree=148
num_leaves=9
num_cat=0
split_feature=27 16 30 27 107 142 125 31
split_gain=2.62096 5.69266 5.75095 3.02229 6.49513 5.9825 6.6243 6.61287
threshold=35.500000000000007 -68.659999999999982 1.5000000000000002 23.500000000000004 66.500000000000014 309672.00000000006 -3240.0249999999996 6398.6450000000013
decision_type=2 2 2 2 2 10 8 2
left_child=3 -2 -3 -1 -5 6 -6 -7
right_child=1 2 -4 4 5 7 -8 -9
leaf_value=-0.00020206897028707637 -0.058430977430543249 -0.029126025975068748 0.083298779765343958 0.084051792284993043 0.042323979761066118 0.079909465696686971 -0.056454154464820397 -0.028709615076588112
leaf_weight=1667.6400744647617 12.915648926376891 6.4425787056861719 4.2550518265670689 7.4370595095388117 5.7295877002907218 9.1618232027612958 11.494690736319177 4.8161744832759714
leaf_count=137730 5357 2957 2746 544 2834 4350 3957 2809
internal_value=-6.49395e-05 -0.0248962 0.0155917 0.000278701 0.0210283 0.00600667 -0.023596 0.0424843
internal_weight=1729.89 23.6133 10.6976 1706.28 38.6393 31.2023 17.2243 13.978
internal_count=163284 11060 5703 152224 14494 13950 6791 7159
is_linear=0
shrinkage=0.0750466


Tree=149
num_leaves=9
num_cat=0
split_feature=39 81 17 83 81 148 71 4
split_gain=2.96633 3.23614 3.84962 3.93907 4.61207 2.91827 2.96846 2.75547
threshold=25863.355000000003 3571.4900000000002 2.5000000000000004 37776.215000000004 20172.080000000005 5.9250000000000007 1.0000000180025095e-35 1.5000000000000002
decision_type=2 2 2 2 2 10 2 2
left_child=5 -2 3 4 -3 7 -7 -1
right_child=1 2 -4 -5 -6 6 -8 -9
leaf_value=0.00067493147251677119 -0.034492417028865574 0.026567335782601606 0.056299377530379648 0.038005086038564624 -0.053539323498822164 0.059238332229734091 0.0065035013507337277 -0.017201678236263687
leaf_weight=1593.3361152553771 28.977641952435079 5.8088220640129391 5.663344118402164 6.5909012752526897 13.351969554612877 9.369220874559689 16.775754442154721 50.087514208360517
leaf_count=135399 5487 1535 1519 4141 6192 4241 2570 2200
internal_value=-6.51965e-05 -0.0164045 0.000280122 -0.0120397 -0.029254 0.000525837 0.0254014 0.000130096
internal_weight=1729.96 60.3927 31.415 25.7517 19.1608 1669.57 26.145 1643.42
internal_count=163284 18874 13387 11868 7727 144410 6811 137599
is_linear=0
shrinkage=0.0750466


Tree=150
num_leaves=9
num_cat=0
split_feature=13 16 135 51 135 107 71 55
split_gain=2.73705 3.4168 6.04222 9.28149 4.4542 5.21079 13.4571 9.43531
threshold=1.5000000000000002 -176.96999999999997 -1901.4999999999998 1.0000000180025095e-35 -532.49999999999989 52.500000000000007 1.0000000180025095e-35 1.0000000180025095e-35
decision_type=2 2 10 2 10 2 2 2
left_child=1 -1 -3 4 5 -4 7 -7
right_child=-2 2 3 -5 -6 6 -8 -9
leaf_value=-0.0023692143545497447 -0.021310069065672836 -0.0080394736259929763 0.0091012341318069002 -0.017895207772460526 -0.0067135927927751754 0.088688407105601136 0.010432355722539779 0.017248579246998109
leaf_weight=1025.2063253441083 33.486741801025346 163.29079773306876 252.51100692088949 65.133118846038997 59.198706562710868 27.19199407051201 87.01978150375362 16.872824978148856
leaf_count=62205 829 14888 9027 46934 6273 3452 15682 3994
internal_value=-6.34062e-05 0.000355994 0.00451843 0.0085556 0.0124464 0.0154033 0.027543 0.0613334
internal_weight=1729.91 1696.42 671.218 507.927 442.794 383.596 131.085 44.0648
internal_count=163284 162455 100250 85362 38428 32155 23128 7446
is_linear=0
shrinkage=0.0750466


Tree=151
num_leaves=9
num_cat=0
split_feature=64 17 51 85 85 97 148 20
split_gain=3.20378 6.29181 5.62016 4.83697 5.03962 4.55377 11.7832 7.57295
threshold=11572.960000000001 3.5000000000000004 1.0000000180025095e-35 2404.6500000000005 29360.190000000006 41.500000000000007 1.0000000180025095e-35 419.75000000000006
decision_type=2 2 2 2 2 2 10 2
left_child=5 2 3 -2 -5 7 -7 -1
right_child=1 -3 -4 4 -6 6 -8 -9
leaf_value=0.0012051287279870083 -0.021498552827081033 0.042627537548257613 -0.055408222910545327 0.052330155559807259 -0.020668290946468718 0.0060250618253322131 0.074292730196174536 -0.015744931771755462
leaf_weight=1227.660951774058 55.223933775385376 10.440007608842278 18.884120908242039 12.162266209918018 9.4765671155910223 212.64663441447919 15.261397069851226 168.8716941137136
leaf_count=62207 9675 2333 19974 2326 2947 36564 3954 23304
internal_value=-6.48975e-05 -0.0126941 -0.0187263 -0.00971401 0.020361 0.000760653 0.0105965 -0.000844509
internal_weight=1730.63 106.187 95.7469 76.8628 21.6388 1624.44 227.908 1396.53
internal_count=163284 37255 34922 14948 5273 126029 40518 85511
is_linear=0
shrinkage=0.0750466


Tree=152
num_leaves=9
num_cat=0
split_feature=11 16 113 153 58 16 58 113
split_gain=2.72075 4.37388 2.39556 4.66546 2.96846 7.25293 12.6894 7.83189
threshold=-1.0000000180025095e-35 -1222.1199999999997 -2054.4999999999995 1026.3750000000002 232.54500000000004 -176.96999999999997 941.47000000000014 -713.99999999999989
decision_type=2 2 8 10 2 2 2 10
left_child=1 -1 3 -2 -4 -6 7 -7
right_child=2 -3 4 -5 5 6 -8 -9
leaf_value=-0.042160139521899023 -0.0022987363646776722 0.0020379509951684986 -0.0010766973895053513 -0.044523117148310254 -0.0030477693756602205 0.081196753922559914 0.0074724305470499543 0.014581941775756517
leaf_weight=22.220058908045758 64.735468389684684 29.157367062587582 1097.0673136487603 19.081867437373148 251.79314645238264 23.717171688294911 205.50350025993612 17.111570869281422
leaf_count=2304 5529 3361 55109 6006 33489 3051 51946 2489
internal_value=-6.55937e-05 -0.0170771 0.000454957 -0.0119115 0.00110474 0.00590912 0.0150646 0.0532781
internal_weight=1730.39 51.3774 1679.01 83.8173 1595.19 498.125 246.332 40.8287
internal_count=163284 5665 157619 11535 146084 90975 57486 5540
is_linear=0
shrinkage=0.0750466


Tree=153
num_leaves=9
num_cat=0
split_feature=73 149 73 113 149 149 113 18
split_gain=2.90872 8.40869 7.16758 6.34184 5.19125 4.42184 8.23071 9.08676
threshold=9.5000000000000018 352.50000000000006 6.5000000000000009 -409.99999999999994 5660.5000000000009 1894.5000000000002 -1414.4999999999998 21090.000000000004
decision_type=2 10 2 8 8 8 10 2
left_child=2 -2 -1 4 5 -4 -7 -8
right_child=1 -3 3 -5 -6 6 7 -9
leaf_value=-0.00093664485743686179 -0.062554897231922119 -0.0041879783125785344 -0.0075861423541994958 0.033851617345517435 -0.028518280545619137 0.069133987545969139 -0.0073826339075098663 0.06525673544749902
leaf_weight=1324.8709001708012 14.994920634329899 190.61002842700691 42.803301754000131 63.68883321202884 21.666529182293743 16.652790756037575 43.043958134621789 12.520115373503357
leaf_count=71929 1862 57154 8016 7762 3466 3171 3960 5964
internal_value=-6.54742e-05 -0.00844472 0.00106406 0.0142926 0.0051791 0.0115267 0.022855 0.00898502
internal_weight=1730.85 205.605 1525.25 200.376 136.687 115.02 72.2169 55.5641
internal_count=163284 59016 104268 32339 24577 21111 13095 9924
is_linear=0
shrinkage=0.0750466


Tree=154
num_leaves=9
num_cat=0
split_feature=39 72 73 132 72 72 73 16
split_gain=2.80926 3.78631 3.25206 6.31974 5.77103 5.75272 5.6951 5.60959
threshold=25863.355000000003 2333.3600000000006 9.5000000000000018 1.0000000180025095e-35 1708.4500000000003 1.0000000180025095e-35 6.5000000000000009 -784.20999999999992
decision_type=2 2 2 8 2 2 2 2
left_child=2 -2 6 4 5 -4 -1 -8
right_child=1 -3 3 -5 -6 -7 7 -9
leaf_value=-0.00010663104423481713 -0.024490949841586347 0.025855523461659757 -0.0087897435817484611 -0.0571206084754406 0.0068598966599612444 -0.057243978107401193 -0.0016762938749125588 0.024403225578493403
leaf_weight=1289.853122289187 49.951081562918262 10.116614418548123 56.053161518182606 14.087278403982053 100.47572987875901 18.306683877926844 78.575297013980162 113.61700953605032
leaf_count=64817 17225 1649 31203 1107 15292 3583 8911 19497
internal_value=-6.61294e-05 -0.0160116 0.000507075 -0.00876581 -0.00486965 -0.0207187 0.00168913 0.013741
internal_weight=1731.04 60.0677 1670.97 188.923 174.836 74.3598 1482.05 192.192
internal_count=163284 18874 144410 51185 50078 34786 93225 28408
is_linear=0
shrinkage=0.0750466


Tree=155
num_leaves=9
num_cat=0
split_feature=50 5 5 16 120 16 18 27
split_gain=2.8727 4.61367 3.81086 2.55852 5.95306 2.68673 6.20829 7.30129
threshold=1.0000000180025095e-35 63.500000000000007 44.500000000000007 2347.2300000000005 586837.18000000005 -176.96999999999997 252.93500000000003 3.5000000000000004
decision_type=2 2 2 2 8 2 2 2
left_child=3 2 -2 5 -5 6 -1 -8
right_child=1 -3 -4 4 -6 -7 7 -9
leaf_value=0.0024086567290376739 -0.00084648311726028339 0.011348701581748296 -0.072347983232912819 0.0047191702343937249 -0.064482903475010359 0.0044368214053087827 -0.00037291821883893994 -0.022925796237605409
leaf_weight=675.0520586289058 6.5188665907408057 13.169385417819283 11.792277284454029 18.508868905286366 11.260309188641257 665.6292096578909 186.2453443028935 142.85764091516103
leaf_count=13245 2290 3719 5026 4182 2149 86175 9376 37122
internal_value=-6.54487e-05 -0.0225285 -0.0468931 0.000350631 -0.0214568 0.000739417 -0.0017115 -0.0101627
internal_weight=1731.03 31.4805 18.3111 1699.55 29.7692 1669.78 1004.16 329.103
internal_count=163284 11035 7316 152249 6331 145918 59743 46498
is_linear=0
shrinkage=0.0750466


Tree=156
num_leaves=9
num_cat=0
split_feature=46 138 9 149 151 18 109 51
split_gain=2.52809 7.32192 4.92113 5.06635 3.36116 17.8235 4.94592 7.94827
threshold=1.0000000180025095e-35 3423.4750000000004 1934.7000000000003 4617.5000000000009 4.5000000000000009 252.93500000000003 1.0000000180025095e-35 1.0000000180025095e-35
decision_type=2 8 2 8 10 2 2 2
left_child=4 -2 -3 -4 -1 -6 -7 -8
right_child=1 2 3 -5 5 6 7 -9
leaf_value=-0.00082608286598745613 0.017179953499645524 -0.047075601829281673 -0.037689549343798076 0.021432570221082543 0.04609067874052912 -0.019916290399221173 0.014435554460141624 -0.031686012297642743
leaf_weight=1377.5349041872068 32.747928842742112 32.374218500663119 15.156165687356404 17.692142662068363 55.680668059780146 60.161012281521835 112.98101070313714 25.860721462999209
leaf_count=78010 1999 10616 3303 2749 4217 14567 19518 28305
internal_value=-6.45773e-05 -0.0117736 -0.0263111 -0.0058463 0.000638234 0.00855845 -0.00194301 0.00584493
internal_weight=1730.19 97.9705 65.2225 32.8483 1632.22 254.683 199.003 138.842
internal_count=163284 18667 16668 6052 144617 66607 62390 47823
is_linear=0
shrinkage=0.0750466


Tree=157
num_leaves=9
num_cat=0
split_feature=64 115 147 112 112 107 107 147
split_gain=2.78599 6.96194 7.96139 4.68986 4.85183 4.4557 3.91184 3.49593
threshold=13076.395000000002 25799.010000000006 -52197.869999999988 228031.20000000004 139352.40000000002 116.50000000000001 103.50000000000001 -140209.23499999996
decision_type=2 10 10 8 10 2 2 10
left_child=-1 3 -3 4 5 -2 -6 -5
right_child=1 2 -4 7 6 -7 -8 -9
leaf_value=0.00066626229556572927 0.0056922285193411071 -0.019849853791618362 0.12953634415913717 -0.0043610832277930249 -0.0015003886008745622 -0.055463650220256629 0.080606633527850524 -0.048589687733974436
leaf_weight=1633.7674300564249 17.639316578679431 4.0414084384101443 3.995769909648514 14.626048768615872 6.8595786630030471 10.828695406737095 6.2415750181971816 32.276551381775789
leaf_count=128691 3630 2636 2234 2564 1340 4668 3360 14161
internal_value=-6.56374e-05 -0.0124557 0.0544191 -0.0185309 -0.000177334 -0.0175703 0.0376166 -0.0347975
internal_weight=1730.28 96.5089 8.03718 88.4718 41.5692 28.468 13.1012 46.9026
internal_count=163284 34593 4870 29723 12998 8298 4700 16725
is_linear=0
shrinkage=0.0750466


Tree=158
num_leaves=9
num_cat=0
split_feature=60 99 118 113 118 4 46 107
split_gain=2.66473 3.31386 3.12312 15.7278 4.71995 3.18687 2.48908 5.32834
threshold=1079.3350000000003 2.5000000000000004 5692.1350000000011 -501.99999999999994 15272.305000000002 1.5000000000000002 1.0000000180025095e-35 85.500000000000014
decision_type=2 2 10 10 10 2 2 2
left_child=1 2 5 4 -4 6 -1 -8
right_child=-2 -3 3 -5 -6 -7 7 -9
leaf_value=0.00089558479404156996 -0.014819345790833896 0.025538866994659074 -0.037389031483766842 0.1130344505674982 0.02667020955291087 -0.01956598917105316 -0.0027923253077546699 -0.049787671954049276
leaf_weight=1469.5680557351261 66.301844925477781 29.297727515993756 13.27733583440204 8.2132250716385879 12.649544803978641 47.437395725071838 66.177504735009279 17.098273497515038
leaf_count=116913 18042 768 4170 2697 4123 1920 4560 10091
internal_value=-6.53817e-05 0.000522587 7.41593e-05 0.0225341 -0.00613497 -0.000404997 0.000180347 -0.0124415
internal_weight=1730.02 1663.72 1634.42 34.1401 25.9269 1600.28 1552.84 83.2758
internal_count=163284 145242 144474 10990 8293 133484 131564 14651
is_linear=0
shrinkage=0.0750466


Tree=159
num_leaves=9
num_cat=0
split_feature=64 116 113 30 30 151 27 72
split_gain=2.41703 4.65068 5.19736 3.52549 5.25358 3.2368 5.70047 9.61695
threshold=13076.395000000002 26569.950000000004 -653.99999999999989 1.0000000180025095e-35 4.5000000000000009 4.5000000000000009 2.5000000000000004 2323.1300000000006
decision_type=2 10 10 2 2 10 2 2
left_child=5 3 -3 -2 -5 6 -1 -8
right_child=1 2 -4 4 -6 -7 7 -9
leaf_value=0.0016208856744372392 -0.0082778827259988291 -0.019168568333579498 0.10027276040415511 -0.066182469357305485 0.018982886715410038 0.0085641133799526613 -0.01718111335681366 0.018142090644898773
leaf_weight=1109.8703679609098 66.220778200015047 3.9866457828466082 4.2276291398738959 15.388557713446064 5.5508118506331803 245.09756292862221 225.35446821767982 53.765452752064448
leaf_count=34064 18964 2242 2461 7707 3219 56328 34525 3774
internal_value=-6.4852e-05 -0.0116777 0.0423041 -0.0167651 -0.043606 0.000612937 -0.000790106 -0.010377
internal_weight=1729.46 95.3744 8.21427 87.1601 20.9394 1634.09 1388.99 279.12
internal_count=163284 34593 4703 29890 10926 128691 72363 38299
is_linear=0
shrinkage=0.0750466


Tree=160
num_leaves=9
num_cat=0
split_feature=33 33 50 72 11 4 9 150
split_gain=2.56484 3.88968 2.54653 3.47607 2.7757 3.0585 3.91212 7.39341
threshold=175039.38000000003 453889.19500000007 1.0000000180025095e-35 1624.8900000000001 18.395000000000003 1.0000000180025095e-35 3165.5400000000004 5236.5900000000011
decision_type=2 2 2 2 2 2 2 8
left_child=2 -2 4 -4 -1 6 -6 -8
right_child=1 -3 3 -5 5 -7 7 -9
leaf_value=-0.0033058550287256572 -0.039864403609998197 0.023799025060373485 0.011330327313700482 -0.040765240350074158 0.00048867047641918055 0.016111362770692476 0.058337426032742654 0.0031941323230176692
leaf_weight=615.99715448382631 20.148193189063026 7.3865290912362971 11.583055566530676 19.122269881474494 896.85358984925188 91.948776078752417 19.408906157383171 46.504079852915311
leaf_count=11386 7206 2402 6590 4190 116353 4136 1540 9481
internal_value=-6.45438e-05 -0.0227859 0.000303165 -0.0211131 0.000696765 0.00303446 0.00178555 0.0194318
internal_weight=1728.95 27.5347 1701.42 30.7053 1670.71 1054.72 962.767 65.913
internal_count=163284 9608 153676 10780 142896 131510 127374 11021
is_linear=0
shrinkage=0.0750466


Tree=161
num_leaves=9
num_cat=0
split_feature=127 0 127 96 127 28 151 28
split_gain=2.38666 2.98981 2.79841 8.5596 7.62082 10.9584 7.13396 9.38147
threshold=145.50000000000003 47919824.000000007 1221.5000000000002 1.0000000180025095e-35 610.50000000000011 4577.1250000000009 1.5000000000000002 11777.855000000001
decision_type=8 2 8 2 10 2 10 2
left_child=1 -1 3 -2 6 -6 -5 -8
right_child=2 -3 -4 4 5 -7 7 -9
leaf_value=0.0042497367778635111 -0.0045442231520269978 -0.037011433397353792 -0.0015144531747331381 -0.0084288094890104977 0.060431899619828901 0.0052582571034795519 0.071141526307179487 0.0057483439041400158
leaf_weight=18.170320870536671 239.43559626421484 21.705371257085062 1225.0901785169517 85.010935152771708 42.651180645625573 38.643414784375636 17.758850209393131 40.610194146211143
leaf_count=2218 13875 2861 117625 6663 2131 8466 1506 7939
internal_value=-6.27719e-05 -0.0182098 0.000365611 0.00532833 0.0158495 0.0342051 0.00544213 0.0256443
internal_weight=1729.08 39.8757 1689.2 464.11 224.675 81.2946 143.38 58.369
internal_count=163284 5079 158205 40580 26705 10597 16108 9445
is_linear=0
shrinkage=0.0750466


Tree=162
num_leaves=9
num_cat=0
split_feature=8 138 150 120 5 7 72 8
split_gain=2.95266 6.40551 5.47207 4.74622 5.26814 4.42954 6.29151 4.60383
threshold=-8804.7999999999975 36105.985000000008 1998.6300000000003 211140.00000000003 45.500000000000007 1.0000000180025095e-35 387.90500000000003 1.0000000180025095e-35
decision_type=2 10 10 8 2 2 2 2
left_child=1 2 -1 -3 -5 6 -2 -7
right_child=5 3 -4 4 -6 7 -8 -9
leaf_value=0.011474001200833918 -0.0041903081980516543 -0.055145985308807988 0.058066996853131853 -0.032950697161237712 0.034516808804552386 0.0192594891334021 -0.036172033277047447 -0.00034474415185537335
leaf_weight=43.925305473319895 156.54105008520492 10.555107055130064 20.975126621378877 11.773535811968033 14.60285549072796 70.999942982751236 44.488029793174064 1355.1990050414497
leaf_count=3273 25048 2554 3641 3878 3297 6288 4464 110841
internal_value=-6.30195e-05 0.0123339 0.0265324 -0.0126173 0.00440158 -0.00083882 -0.0112679 0.000631206
internal_weight=1729.06 101.832 64.9004 36.9315 26.3764 1627.23 201.029 1426.2
internal_count=163284 16643 6914 9729 7175 146641 29512 117129
is_linear=0
shrinkage=0.0750466


Tree=163
num_leaves=9
num_cat=0
split_feature=10 125 8 83 80 83 83 138
split_gain=2.58968 6.09573 5.78796 4.89308 4.50587 6.67939 5.06846 7.203
threshold=-3005.3049999999998 -714.92999999999995 -8804.7999999999975 37776.215000000004 4.5000000000000009 1407.6450000000002 92470.055000000008 5216.3500000000013
decision_type=2 10 2 2 2 2 2 8
left_child=1 3 -2 -1 -4 -6 7 -7
right_child=2 -3 4 -5 5 6 -8 -9
leaf_value=-0.0091403137190274181 0.023890827040341702 0.049387463007103088 -0.0012064034343066586 -0.054339372554415039 -0.022243602272534132 0.087270053264714764 -0.0073373844019621257 0.022603380748159426
leaf_weight=61.347203895740677 57.993372048367746 8.0758889155440539 1498.3378103343639 17.291190578343958 19.435736411440303 13.267340211474218 17.183847272350249 36.088461374474718
leaf_count=14506 6660 2235 110641 9851 2938 1346 5012 10095
internal_value=-6.27004e-05 -0.0127024 0.000604678 -0.0190788 -0.000247705 0.01646 0.0277651 0.0399864
internal_weight=1729.02 86.7143 1642.31 78.6384 1584.31 85.9754 66.5396 49.3558
internal_count=163284 26592 136692 24357 130032 19391 16453 11441
is_linear=0
shrinkage=0.0750466


Tree=164
num_leaves=9
num_cat=0
split_feature=11 120 135 151 151 18 151 25
split_gain=2.2743 5.78247 2.60227 5.38569 3.51974 8.30818 9.41351 5.09236
threshold=-1.0000000180025095e-35 211140.00000000003 -348.99999999999994 1.5000000000000002 1.5000000000000002 252.93500000000003 5.5000000000000009 1.0000000180025095e-35
decision_type=2 10 10 10 10 2 10 2
left_child=1 -1 4 -4 -2 6 -6 -7
right_child=2 -3 3 -5 5 7 -8 -9
leaf_value=-0.040630292133880877 -0.0012346518266031347 0.010135621211824951 0.0029460984608650404 -0.034649764770265476 0.007997694706423867 -0.0080336444780809389 0.05112574302802432 0.0097989251461406343
leaf_weight=25.777627354240394 1102.7058365684825 24.788211553764995 53.8375010957825 35.682887875853339 81.537291852451744 185.22680669157126 43.822221138587338 175.77571363512834
leaf_count=2382 47382 3283 2799 7761 3341 20459 3736 72141
internal_value=-6.2712e-05 -0.015744 0.000409672 -0.0120396 0.00111101 0.0064292 0.0230741 0.000649211
internal_weight=1729.15 50.5658 1678.59 89.5204 1589.07 486.362 125.36 361.003
internal_count=163284 5665 157619 10560 147059 99677 7077 92600
is_linear=0
shrinkage=0.0750466


Tree=165
num_leaves=9
num_cat=0
split_feature=39 150 11 9 82 95 11 138
split_gain=2.53524 3.50904 5.43625 4.8248 2.92413 7.96936 4.38661 6.33743
threshold=313319.83000000002 29747.050000000003 1683.4950000000001 835.43500000000006 6.5000000000000009 1.0000000180025095e-35 421.10500000000008 19815.575000000004
decision_type=2 8 2 2 2 2 2 10
left_child=4 2 -2 -4 6 -6 7 -1
right_child=1 -3 3 -5 5 -7 -8 -9
leaf_value=0.0010041703158615283 -0.039098327237040223 -0.052670558613643031 -0.011456902556458303 0.09862752999924701 -0.030779763385432847 0.041925319874714331 0.0098458400119119469 -0.015199660528085107
leaf_weight=1231.3576814870466 10.022388659519494 12.199471520096269 4.6795683869859186 4.3051329933405214 44.047088079179957 10.518597786718599 259.62058311677538 152.80695154974819
leaf_count=38615 2559 3727 2489 2268 17636 2251 75611 18128
internal_value=-6.25142e-05 -0.021259 -0.00109787 0.0412914 0.000326963 -0.0167644 0.000894315 -0.000784676
internal_weight=1729.56 31.2066 19.0071 8.9847 1698.35 54.5657 1643.79 1384.16
internal_count=163284 11043 7316 4757 152241 19887 132354 56743
is_linear=0
shrinkage=0.0750466


Tree=166
num_leaves=9
num_cat=0
split_feature=20 97 97 135 8 20 116 142
split_gain=2.65922 8.95779 10.7984 10.5122 6.31322 5.65975 7.11782 8.73554
threshold=55.415000000000006 20.500000000000004 130.50000000000003 -1171.4999999999998 16678.810000000001 3581.3600000000001 6619.4550000000008 154836.00000000003
decision_type=2 2 2 10 2 2 8 8
left_child=-1 3 4 -2 5 -3 7 -7
right_child=1 2 -4 -5 -6 6 -8 -9
leaf_value=0.0014895866993792474 -0.028303767657722561 0.0066136579164120064 -0.040337496961068545 0.0058121008275048916 -0.0036226688909412239 0.011348791929648903 -0.0096061924134928228 0.08931783186187206
leaf_weight=1353.1237804194461 136.03915976706776 35.208632951376785 22.449081139751797 81.248289557977841 55.65846156736734 12.390836836326342 9.9115765868773433 23.332034547049261
leaf_count=92620 14140 5159 10457 10643 18407 2494 3445 5919
internal_value=-6.21854e-05 -0.00564307 0.00789592 -0.0155471 0.0158284 0.02922 0.0466616 0.0622735
internal_weight=1729.36 376.238 158.951 217.287 136.502 80.8431 45.6344 35.7229
internal_count=163284 70664 45881 24783 35424 17017 11858 8413
is_linear=0
shrinkage=0.0750466


Tree=167
num_leaves=9
num_cat=0
split_feature=7 8 8 12 146 127 74 8
split_gain=2.39909 6.51132 6.1634 5.62618 5.28907 9.19805 5.0373 10.3062
threshold=1655.0800000000002 1349.8850000000002 29166.560000000001 4.5000000000000009 1.0000000180025095e-35 2104.5000000000005 513.96500000000015 11254.315000000002
decision_type=2 2 2 2 10 8 2 2
left_child=2 -2 6 -3 -5 -6 -1 -8
right_child=1 3 -4 4 5 -7 7 -9
leaf_value=0.00093663166630165821 0.035292375235393351 0.0187848222661595 0.033752481380236822 -0.0022787384373145684 0.067259587964420373 -0.0028052893045415143 -0.0032504131987059278 -0.032954477916029873
leaf_weight=471.30572614795165 33.119813848177728 93.288551887788344 24.993412018207891 722.65936777310708 17.250275275291642 27.178412874891364 250.50473227359544 89.214260632204969
leaf_count=41661 2178 695 6484 58906 1610 4209 34455 13086
internal_value=-6.39986e-05 0.00263967 -0.00295355 0.00138272 -0.000733617 0.0243987 -0.00408473 -0.0110511
internal_weight=1729.51 893.496 836.018 860.377 767.088 44.4287 811.025 339.719
internal_count=163284 67598 95686 65420 64725 5819 89202 47541
is_linear=0
shrinkage=0.0750466


Tree=168
num_leaves=9
num_cat=0
split_feature=97 0 138 55 74 97 25 124
split_gain=2.97272 13.0441 17.3087 5.34357 5.0808 3.93484 3.3174 3.24832
threshold=147.50000000000003 32756022.000000004 24328.295000000002 1.0000000180025095e-35 1213.8100000000002 116.50000000000001 1.0000000180025095e-35 1.0000000180025095e-35
decision_type=2 2 10 2 2 2 2 10
left_child=5 2 -2 -3 -4 7 -7 -1
right_child=1 3 4 -5 -6 6 -8 -9
leaf_value=0.00034515567382290588 0.13032580644778344 0.0052505232793218027 0.058668198681487697 -0.07618222009744656 -0.051021309788121909 0.0020642939907007923 -0.052379870096868987 -0.025207978609663825
leaf_weight=1633.5834164584703 10.363952110092216 13.138544764522523 3.906004188469522 6.9331793532728616 6.0806881156458985 10.846415211017304 15.047800272950552 28.506593836973479
leaf_count=136334 2310 3090 2007 3426 3762 1425 6049 4881
internal_value=-6.37358e-05 0.0200484 0.0623864 -0.022878 -0.00811945 -0.000545363 -0.0295746 -9.31075e-05
internal_weight=1728.41 40.4224 20.3506 20.0717 9.98669 1687.98 25.8942 1662.09
internal_count=163284 14595 8079 6516 5769 148689 7474 141215
is_linear=0
shrinkage=0.0750466


Tree=169
num_leaves=9
num_cat=0
split_feature=13 33 138 0 139 138 140 99
split_gain=2.55696 2.81876 3.05572 2.58759 4.65142 4.40331 5.11107 2.82793
threshold=1.5000000000000002 175039.38000000003 1.0000000180025095e-35 15842220.000000002 554.4000000000002 8664.0150000000012 25962.100000000002 1.5000000000000002
decision_type=2 2 10 2 8 10 10 2
left_child=1 3 -3 4 5 -1 -7 -5
right_child=-2 2 -4 7 -6 6 -8 -9
leaf_value=-0.0043203082537426442 -0.020690892543266164 -0.0083856223990457224 -0.065536930468246046 0.0010317219355037222 0.017149240714408313 -0.052135357267662226 0.0085046406179195774 0.020183136436166371
leaf_weight=61.750427895356552 33.200568062951788 19.461376347011541 7.2250151285152233 1492.5745647822951 28.966318794278777 29.768290624211659 10.621077868669088 44.725002358303755
leaf_count=3162 829 2238 7349 135698 1743 6289 4449 1527
internal_value=-6.52206e-05 0.00033876 -0.0238586 0.000725801 -0.00939455 -0.0169222 -0.036189 0.0015889
internal_weight=1728.29 1695.09 26.6864 1668.41 131.106 102.14 40.3894 1537.3
internal_count=163284 162455 9587 152868 15643 13900 10738 137225
is_linear=0
shrinkage=0.0750466


Tree=170
num_leaves=9
num_cat=0
split_feature=97 134 55 64 97 60 134 64
split_gain=2.4729 12.6868 3.2043 2.90245 4.50386 2.84749 2.72111 2.55634
threshold=147.50000000000003 93605.400000000009 1.5000000000000002 1.0000000180025095e-35 204.50000000000003 1079.3350000000003 93605.400000000009 13076.395000000002
decision_type=2 10 2 2 2 2 8 2
left_child=5 -2 3 -3 -5 7 -7 -1
right_child=1 2 -4 4 -6 6 -8 -9
leaf_value=0.00073296332632540962 0.097155209368375975 -0.022685118864684221 -0.051904943414906118 -0.0086567700264400787 0.072692844428126721 0.013202032493171636 -0.025480657467001497 -0.013438069231521198
leaf_weight=1552.3984481713997 8.9495325697134813 10.47592236188939 6.2890377968906241 8.3948058858150016 7.0535208453402438 13.224705962275037 45.405864432981616 75.164417944815796
leaf_count=109571 2124 2008 4380 3069 3014 2311 12800 24007
internal_value=-6.31654e-05 0.0181106 -0.00384969 0.00780817 0.0284865 -0.000506817 -0.0167554 7.8514e-05
internal_weight=1727.36 41.1628 32.2133 25.9242 15.4483 1686.19 58.6306 1627.56
internal_count=163284 14595 12471 8091 6083 148689 15111 133578
is_linear=0
shrinkage=0.0750466


Tree=171
num_leaves=9
num_cat=0
split_feature=44 56 97 5 103 6 97 97
split_gain=2.37522 2.63847 7.53776 8.44761 8.7641 8.90317 5.63087 8.66317
threshold=1.0000000180025095e-35 1169.9700000000003 94.500000000000014 55.500000000000007 1.0000000180025095e-35 131.50000000000003 77.500000000000014 57.500000000000007
decision_type=2 2 2 2 2 2 2 2
left_child=1 2 -1 4 -4 -6 7 -3
right_child=-2 6 3 -5 5 -7 -8 -9
leaf_value=9.0893892901598293e-05 -0.0236495384302567 -0.0078310431548116299 0.022796267825032402 -0.01292146456413747 0.043616833482795832 0.16708110882366284 -0.036646727155724867 0.058755547908738173
leaf_weight=1463.8421828694118 23.714266665971081 124.25632444749499 34.602573456970276 22.370038229888451 8.0862468218110717 5.5452304741484104 32.614673964420945 12.073621028313935
leaf_count=89389 5166 32982 5829 4350 3016 2728 15154 4670
internal_value=-6.23627e-05 0.000266013 0.00124606 0.0251962 0.0428745 0.0938416 -0.00863529 -0.00193402
internal_weight=1727.11 1703.39 1534.45 70.6041 48.2341 13.6315 168.945 136.33
internal_count=163284 158118 105312 15923 11573 5744 52806 37652
is_linear=0
shrinkage=0.0750466


Tree=172
num_leaves=9
num_cat=0
split_feature=21 133 16 10 140 127 98 83
split_gain=2.52497 5.59713 5.28454 4.1847 6.79843 7.18857 6.39588 6.18682
threshold=1.0000000180025095e-35 8.0000000000000018 -1222.1199999999997 -109.73499999999999 8303.6200000000008 3893.5000000000005 1.0000000180025095e-35 47319.67500000001
decision_type=2 10 2 2 10 10 2 2
left_child=2 3 -1 4 -2 6 -6 -5
right_child=1 -3 -4 7 5 -7 -8 -9
leaf_value=0.023491543389665786 -0.014377625062000843 0.033706095912897305 -0.0020818661537422641 -0.00011072551661434892 0.015661435737887731 -0.022346103685213312 -0.036245271148710061 0.028643341844329585
leaf_weight=75.611230715818238 302.29238461959176 25.627105645718984 114.30630969224148 957.71406187755565 145.19420548531707 47.578235820121336 14.725405337470873 44.083360323544184
leaf_count=818 41749 174 4983 45023 38328 19502 4281 8426
internal_value=-6.39883e-05 -0.00107257 0.00809959 -0.0016622 -0.00719749 0.00326285 0.0108819 0.00115458
internal_weight=1727.13 1537.21 189.918 1511.59 509.79 207.498 159.92 1001.8
internal_count=163284 157483 5801 157309 103860 62111 42609 53449
is_linear=0
shrinkage=0.0750466


Tree=173
num_leaves=9
num_cat=0
split_feature=20 112 138 9 57 129 20 11
split_gain=2.55369 4.26268 4.47395 3.54698 2.28225 8.81216 6.09953 4.83706
threshold=198651.37500000003 82344.60000000002 6957.295000000001 1388.5400000000002 6.5000000000000009 28.500000000000004 1.0000000180025095e-35 665.45500000000015
decision_type=2 10 8 2 2 8 2 2
left_child=4 -2 -3 -4 -1 -6 -7 -8
right_child=1 2 3 -5 5 6 7 -9
leaf_value=-0.00011623970416668964 -0.060658919650461371 0.029555992146108795 -0.075536580536822676 0.0083075414293549716 -0.023245967158750248 0.0074752375310346295 0.12446090992813455 0.03636262959930741
leaf_weight=1645.9601260761701 10.333600055615532 11.853267649537885 6.0683295003691438 5.3443130194937112 18.443255021731602 13.331456051979332 6.7007612016168405 7.3712255763966823
leaf_count=136161 1976 1801 4759 3570 8066 2152 1045 3754
internal_value=-6.3089e-05 -0.0205501 -0.00273566 -0.036274 0.000343785 0.0168593 0.0438513 0.078313
internal_weight=1725.41 33.5995 23.2659 11.4126 1691.81 45.8467 27.4034 14.072
internal_count=163284 12106 10130 8329 151178 15017 6951 4799
is_linear=0
shrinkage=0.0750466


Tree=174
num_leaves=9
num_cat=0
split_feature=50 28 7 107 150 30 107 134
split_gain=2.12375 3.8738 2.23113 7.09495 10.0945 7.60307 4.68756 4.32902
threshold=1.0000000180025095e-35 1.0000000180025095e-35 5005.1550000000016 12.500000000000002 17914.180000000004 1.0000000180025095e-35 38.500000000000007 878247.68000000005
decision_type=2 2 2 2 8 2 2 8
left_child=2 -2 -1 -4 5 -5 -6 -8
right_child=1 -3 3 4 6 -7 7 -9
leaf_value=-0.00047503648442170958 0.005194945260475984 -0.048843609552417844 0.034629634131232094 0.004245838554118332 -0.055893537425269729 0.080537937979879806 -0.03515677659568401 0.024822663060528764
leaf_weight=1571.9767737033653 16.126802145081459 13.920122695168173 42.957954697776586 24.532372697198298 18.256859815097414 10.508017731270227 14.298343909780671 12.883810888328297
leaf_count=134243 885 10150 669 4972 624 3526 5807 2408
internal_value=-6.26605e-05 -0.01984 0.000287843 0.0100031 -0.00314191 0.0271245 -0.0264819 -0.00672769
internal_weight=1725.46 30.0469 1695.41 123.437 80.4794 35.0404 45.439 27.1822
internal_count=163284 11035 152249 18006 17337 8498 8839 8215
is_linear=0
shrinkage=0.0750466


Tree=175
num_leaves=9
num_cat=0
split_feature=6 134 127 74 74 125 6 72
split_gain=2.52612 6.07253 3.50725 9.23839 4.64862 5.26434 3.71539 4.35178
threshold=289.50000000000006 106977.60000000002 3655.5000000000005 62.105000000000011 2305.3550000000005 -4536.1249999999991 189.50000000000003 897.20000000000016
decision_type=2 10 10 2 2 8 2 2
left_child=2 -2 -1 -4 6 -6 -5 -8
right_child=1 -3 3 4 5 -7 7 -9
leaf_value=0.00064866118005050242 0.039926395548364364 -0.0046890237075287895 0.033205538677077942 -0.035605543744273931 -0.037555268368239227 0.015614848452445259 0.018378611938939703 -0.024778592059199429
leaf_weight=1447.8379838007786 29.365245598062756 41.410805864075883 24.749797052936628 67.77703626600487 13.981687887422593 41.964229973687907 20.209726940523979 37.717891730964766
leaf_count=119534 1552 8596 1546 11256 4463 5466 8707 2164
internal_value=-6.2011e-05 0.0138221 -0.000656037 -0.00980811 -0.0156687 0.00232687 -0.0236778 -0.00972195
internal_weight=1725.01 70.7761 1654.24 206.4 181.651 55.9459 125.705 57.9276
internal_count=163284 10148 153136 33602 32056 9929 22127 10871
is_linear=0
shrinkage=0.0750466


Tree=176
num_leaves=9
num_cat=0
split_feature=33 140 80 73 138 120 138 138
split_gain=2.17039 4.97056 2.56296 5.13152 5.23384 4.50737 5.38136 4.68235
threshold=115002.37000000001 1.0000000180025095e-35 2.5000000000000004 9.5000000000000018 70187.215000000011 154836.00000000003 6957.295000000001 97358.630000000019
decision_type=2 10 2 2 8 10 8 10
left_child=2 -2 3 -1 -5 6 -4 -7
right_child=1 -3 5 4 -6 7 -8 -9
leaf_value=0.00053604831172842054 -0.0030702701620667163 -0.067098224016590644 0.019305258539566855 -0.0091723710003313707 -0.053425444249238584 0.024593505696832742 -0.013083770923699523 -0.0257349918505166
leaf_weight=1327.2701195306327 30.160598853515694 8.8270366442484356 44.187926153565058 107.06905480593559 17.514235917540645 94.558077896264876 83.454130578698823 11.699245920768588
leaf_count=67521 4137 10275 4069 23913 5370 24648 17358 5993
internal_value=-6.12164e-05 -0.0175666 0.000343643 -0.00083087 -0.0153936 0.00763405 -0.00187113 0.0190522
internal_weight=1724.74 38.9876 1685.75 1451.85 124.583 233.899 127.642 106.257
internal_count=163284 14412 148872 96804 29283 52068 21427 30641
is_linear=0
shrinkage=0.0750466


Tree=177
num_leaves=9
num_cat=0
split_feature=109 33 29 153 135 125 137 135
split_gain=2.34543 4.96726 4.34292 4.30558 6.41024 4.17828 3.90498 3.33437
threshold=1.0000000180025095e-35 4895.2500000000009 1.0000000180025095e-35 1214.0550000000003 -683.49999999999989 -14116.894999999999 31032.320000000003 -1505.9999999999998
decision_type=2 2 2 8 10 8 10 10
left_child=-1 3 -3 4 7 6 -4 -2
right_child=1 2 5 -5 -6 -7 -8 -9
leaf_value=-0.0025563287781770511 0.0077268626393751346 0.0044118593682255201 0.10767634262410533 -0.0015974805970500779 -0.013906609158600198 -0.046972660129380922 -0.038771000429682838 0.022997378451920587
leaf_weight=951.08232597311871 196.68067678586522 26.640648778695322 2.0421216960057791 327.73343705263323 53.945903300504142 27.947640005959329 2.0597774546058645 136.36897782055166
leaf_count=45895 16547 4627 1512 59801 4343 17513 3019 10027
internal_value=-6.05332e-05 0.00300857 -0.0179794 0.004732 0.0100922 -0.0365917 0.0341375 0.0139795
internal_weight=1724.5 773.419 58.6902 714.729 386.996 32.0495 4.1019 333.05
internal_count=163284 117389 26671 90718 30917 22044 4531 26574
is_linear=0
shrinkage=0.0750466


Tree=178
num_leaves=9
num_cat=0
split_feature=12 22 131 56 0 135 153 120
split_gain=2.75208 9.03668 4.79793 5.54608 7.88555 5.29073 4.39244 4.81178
threshold=5.5000000000000009 -9370.4499999999989 9471.9750000000022 69.980000000000018 30335252.500000004 -1628.4999999999998 5389.9350000000004 91494.000000000015
decision_type=2 2 8 2 2 10 8 10
left_child=1 -1 6 5 -5 -4 -2 -8
right_child=2 -3 3 4 -6 -7 7 -9
leaf_value=0.010865257302517129 0.0015309020843078001 -0.013076341053020333 0.036148687310414054 0.033960751801372625 -0.035024829724260791 0.0050885599828212041 -0.040062807939538529 -0.0053069036596946331
leaf_weight=130.3830736571399 1024.1556511284798 278.33293592484551 65.433801665676583 14.497517392166626 26.191526327384054 58.50064617051612 29.088534505011921 98.067485149776985
leaf_count=890 106351 6359 3055 2982 4436 5141 5000 29070
internal_value=-5.9623e-05 -0.00543881 0.0016111 0.0135948 -0.0104452 0.0214874 -0.000102423 -0.0132578
internal_weight=1724.65 408.716 1315.94 164.623 40.689 123.934 1151.31 127.156
internal_count=163284 7249 156035 15614 7418 8196 140421 34070
is_linear=0
shrinkage=0.0750466


Tree=179
num_leaves=9
num_cat=0
split_feature=6 142 16 82 142 82 120 10
split_gain=2.12002 5.57086 5.39332 4.27886 5.30649 4.1973 6.58849 6.39028
threshold=289.50000000000006 105570.00000000001 -176.96999999999997 6.5000000000000009 63342.000000000007 4.5000000000000009 154836.00000000003 -193.11999999999998
decision_type=2 10 2 2 10 2 10 2
left_child=3 -2 -3 5 -5 -1 -7 -8
right_child=1 2 -4 4 -6 6 7 -9
leaf_value=-0.00054926079688424737 0.039593695850673787 0.028131154995912806 -0.025084623473713746 0.032976539906588269 -0.031671362976265612 -0.0046818292314946743 0.086096925668376748 -0.00022804729768669807
leaf_weight=1555.6264012701631 26.864255690496066 17.95115094920402 26.649029152775256 8.4947559177671774 45.201489774528454 22.829990599773737 12.920996512319109 7.7122223131409546
leaf_count=119468 1267 1928 6953 1019 19213 5304 6202 1930
internal_value=-5.91188e-05 0.0125959 -0.00366578 -0.000606308 -0.0214441 9.34085e-05 0.0230957 0.0538306
internal_weight=1724.25 71.4644 44.6002 1652.79 53.6962 1599.09 43.4632 20.6332
internal_count=163284 10148 8881 153136 20232 132904 13436 8132
is_linear=0
shrinkage=0.0750466


Tree=180
num_leaves=9
num_cat=0
split_feature=0 133 122 137 137 11 18 0
split_gain=2.11685 3.79164 3.27924 3.98712 3.37792 2.72966 7.42253 5.53324
threshold=15842220.000000002 8.0000000000000018 inf 52892.525000000001 13570.625000000002 318.30500000000006 952.04500000000019 39510640.500000007
decision_type=2 10 8 8 8 2 2 2
left_child=2 5 4 -4 -1 -2 7 -7
right_child=1 -3 3 -5 -6 6 -8 -9
leaf_value=-0.0060957486956592956 -0.0014554527749636649 0.028194193803907971 -0.012456423255792305 0.019721867886576025 -0.060934517014701456 0.053532794786462522 0.00087537077309290392 0.0090508499426759249
leaf_weight=12.674286244582616 1218.627972993756 27.75787492771633 77.401389047765406 30.128287464031018 12.630186366179261 28.884666433237726 281.29368417535625 34.634858767385595
leaf_count=1494 47237 218 7066 2197 5572 2506 93996 2998
internal_value=-5.90989e-05 0.000700694 -0.00916054 -0.00344052 -0.0334673 0.000212565 0.00610762 0.0292784
internal_weight=1724.03 1591.2 132.834 107.53 25.3045 1563.44 344.813 63.5195
internal_count=163284 146955 16329 9263 7066 146737 99500 5504
is_linear=0
shrinkage=0.0750466


Tree=181
num_leaves=9
num_cat=0
split_feature=12 104 80 134 80 104 18 137
split_gain=2.55629 3.78916 5.53843 6.71834 4.59316 4.35629 8.69598 12.3553
threshold=5.5000000000000009 21172.650000000005 1.0000000180025095e-35 267444.00000000006 7.5000000000000009 5923.6500000000005 4482.5900000000011 1316.4200000000003
decision_type=2 2 2 8 2 2 2 8
left_child=-1 5 3 -3 -4 -2 -7 -8
right_child=1 2 4 -5 -6 6 7 -9
leaf_value=-0.0052553732009979646 0.0016835435411828273 -0.0048851684244813646 -0.031890578247458536 0.092642349011124836 0.02951869799967187 -0.018884446412495731 0.13055453743754211 0.021818288984364262
leaf_weight=407.0337148312683 1179.1459980913969 15.740926522561496 57.162978716245561 5.3233586740207093 7.7951281517907764 17.498461138144194 7.5969938468624605 26.120063107704482
leaf_count=7249 99368 6483 27190 2912 3434 2310 1339 12999
internal_value=-5.76118e-05 0.00154957 -0.0136777 0.019762 -0.0245213 0.0026142 0.0240409 0.0463183
internal_weight=1723.42 1316.38 86.0224 21.0643 64.9581 1230.36 51.2155 33.7171
internal_count=163284 156035 40019 9395 30624 116016 16648 14338
is_linear=0
shrinkage=0.0750466


Tree=182
num_leaves=9
num_cat=0
split_feature=39 112 20 74 39 103 112 74
split_gain=2.42252 5.52199 4.25398 4.55281 3.20493 2.85178 12.248 7.28361
threshold=25863.355000000003 164689.20000000004 87620.260000000024 1790.595 313319.83000000002 5.5000000000000009 164689.20000000004 334.99500000000006
decision_type=2 8 2 2 2 2 10 2
left_child=5 -2 3 4 -3 -1 7 -7
right_child=1 2 -4 -5 -6 6 -8 -9
leaf_value=9.4507180881261397e-06 -0.045439248531157446 0.024707368201007204 -0.052773627440090391 0.053057980666344817 -0.035153545998599399 0.10097275608358196 -0.039426793295195946 0.016831491786581991
leaf_weight=1629.2939472532544 21.397390875332349 9.4592088714234759 6.5263975297821153 10.864035514812711 10.775404070333023 10.153694941051073 12.278290698894123 13.49501027176302
leaf_count=128490 5785 2690 4506 2376 3517 3147 7737 5036
internal_value=-5.89642e-05 -0.0150004 0.00231018 0.0138701 -0.00716997 0.000470623 0.0213849 0.052958
internal_weight=1724.24 59.0224 37.625 31.0986 20.2346 1665.22 35.927 23.6487
internal_count=163284 18874 13089 8583 6207 144410 15920 8183
is_linear=0
shrinkage=0.0750466


Tree=183
num_leaves=9
num_cat=0
split_feature=109 16 108 74 5 134 51 134
split_gain=2.07287 6.17507 7.84254 5.44055 13.2704 5.392 5.33074 6.98493
threshold=1.0000000180025095e-35 -3350.2649999999999 1.0000000180025095e-35 1588.4450000000004 44.500000000000007 106977.60000000002 1.5000000000000002 360218.03500000009
decision_type=2 2 2 2 2 8 2 10
left_child=-1 -2 3 6 -5 -6 -3 -8
right_child=1 2 -4 4 5 -7 7 -9
leaf_value=-0.0024099029496760654 -0.010362325837221364 0.00045759401968961368 0.050566043498322846 0.027344065969290673 0.018853011363199255 -0.013378811624568278 -0.051093460240407167 0.069078340628501947
leaf_weight=949.52954013369163 159.02200476231519 272.42466496664565 21.675495524777944 151.42465191223528 40.522706233605277 104.89998674024719 21.602096454109418 3.117153204711939
leaf_count=45895 18930 46159 3170 12010 3330 15169 15344 3277
internal_value=-5.95646e-05 0.00282123 0.00622644 0.00460843 0.0117943 -0.00439727 -0.00257026 -0.0359395
internal_weight=1724.22 774.689 615.667 593.991 296.847 145.423 297.144 24.7192
internal_count=163284 117389 98459 95289 30509 18499 64780 18621
is_linear=0
shrinkage=0.0750466


Tree=184
num_leaves=9
num_cat=0
split_feature=12 12 95 12 63 24 63 58
split_gain=2.14965 3.54662 2.98354 7.39941 5.46763 4.84142 5.55423 5.18832
threshold=5.5000000000000009 4.5000000000000009 1.5000000000000002 6.5000000000000009 1.0000000180025095e-35 5.5000000000000009 4.5000000000000009 1.0000000180025095e-35
decision_type=2 2 2 2 2 2 2 2
left_child=1 -1 5 -4 -5 -2 -7 -8
right_child=2 -3 3 4 -6 6 7 -9
leaf_value=0.0032072797636996217 0.0019929553274615937 -0.010951538636301304 0.037807183867478798 -0.014025994132048584 0.033575649864900969 -0.020616232821252248 0.060942763966600075 -0.0085226086340566901
leaf_weight=175.42140416786424 1071.2140442588225 230.63669795595342 42.505022099721828 52.795446252261172 18.300624025087018 107.8931391724218 9.8641556412112568 15.683483661308854
leaf_count=2337 79341 4912 2044 4512 4409 48302 4843 12584
internal_value=-6.04547e-05 -0.00483478 0.00141016 0.0130363 -0.001773 0.000313796 -0.0131659 0.0182985
internal_weight=1724.31 406.058 1318.26 113.601 71.0961 1204.65 133.441 25.5476
internal_count=163284 7249 156035 10965 8921 145070 65729 17427
is_linear=0
shrinkage=0.0750466


Tree=185
num_leaves=9
num_cat=0
split_feature=39 112 150 5 151 27 112 134
split_gain=2.12031 5.00549 4.77322 3.69298 2.97099 5.76424 5.25942 5.52099
threshold=25863.355000000003 164689.20000000004 953.55500000000018 55.500000000000007 1.5000000000000002 1.5000000000000002 190026.00000000003 93605.400000000009
decision_type=2 8 8 2 8 2 8 10
left_child=4 3 -3 -2 5 6 7 -1
right_child=1 2 -4 -5 -6 -7 -8 -9
leaf_value=-0.0045169897291982243 -0.070549983253107129 0.057033429613050163 -0.010891632673575227 -0.0057832288702227702 0.0021462948594583703 -0.01694097667986719 -0.010241857003707678 0.027349616501589812
leaf_weight=57.053091760943062 12.091000559626993 7.2032231933662842 30.486924255299527 8.4051063457518449 1289.0276917968658 148.46881428051347 105.57980526833853 66.090595526038669
leaf_count=2475 4259 1609 11480 1526 118209 17543 3625 2558
internal_value=-5.96835e-05 -0.0141418 0.00208999 -0.0439902 0.000432078 -0.00542613 0.00204837 0.0125857
internal_weight=1724.41 58.1863 37.6901 20.4961 1666.22 377.192 228.723 123.144
internal_count=163284 18874 13089 5785 144410 26201 8658 5033
is_linear=0
shrinkage=0.0750466


Tree=186
num_leaves=9
num_cat=0
split_feature=22 150 11 134 135 150 153 57
split_gain=2.22857 7.1931 3.42511 10.0367 7.48989 6.80768 20.2227 3.86433
threshold=305328.60000000003 7173.1900000000014 1958.5550000000001 529449.63500000013 -866.99999999999989 1.0000000180025095e-35 838.69500000000005 6.5000000000000009
decision_type=2 10 2 8 8 10 10 2
left_child=2 -2 7 5 -5 -4 -7 -1
right_child=1 -3 3 4 -6 6 -8 -9
leaf_value=-0.00076577632626807128 0.0047468416611519924 -0.059934838476178157 -0.054186271147067172 0.13238958383833652 0.02371224562335135 0.11234247405912792 -0.036408850728829101 0.023120250348192622
leaf_weight=1594.9219816789882 29.047316183710791 14.525168364323688 10.033786803302066 6.4699349154398078 7.9727077104907931 8.3384608527849213 13.449801377042602 39.080572738677802
leaf_count=114753 8076 13424 1948 2759 2573 1986 8184 9581
internal_value=-5.88806e-05 -0.0168152 0.000375643 0.020512 0.0723969 -0.00303632 0.0205189 -0.000194492
internal_weight=1723.84 43.5725 1680.27 46.2647 14.4426 31.822 21.7883 1634
internal_count=163284 21500 141784 17450 5332 12118 10170 124334
is_linear=0
shrinkage=0.0750466


Tree=187
num_leaves=9
num_cat=0
split_feature=13 20 147 12 7 20 20 112
split_gain=2.18849 2.41917 7.54567 9.40993 6.49325 11.1717 18.1097 10.0837
threshold=1.5000000000000002 55.415000000000006 -7681.6749999999993 8.5000000000000018 724.37500000000011 16705.170000000002 26626.215000000004 278704.80000000005
decision_type=2 2 8 2 2 2 2 8
left_child=1 -1 3 4 -3 -6 -7 -8
right_child=-2 2 -4 -5 5 6 7 -9
leaf_value=0.0018179365006076949 -0.019331154375025274 -0.0039518324194473889 -0.013788762937320077 -0.03773324234941533 0.0065809494661206638 0.18118348513610597 0.075531903534103412 -0.026073531150312454
leaf_weight=1318.8567052146936 32.567894636420533 54.419903506324772 222.79939746874152 21.686722358341285 44.603734607309889 6.1096629515304839 14.10674632862356 9.0175711344381835
leaf_count=91791 829 17784 15977 15936 8839 1796 5750 4582
internal_value=-6.18151e-05 0.000309172 -0.0050292 0.00798647 0.0157171 0.0302135 0.0662708 0.0359098
internal_weight=1724.17 1691.6 372.744 149.944 128.258 73.8377 29.234 23.1243
internal_count=163284 162455 70664 54687 38751 20967 12128 10332
is_linear=0
shrinkage=0.0750466


Tree=188
num_leaves=9
num_cat=0
split_feature=22 33 97 22 24 97 28 113
split_gain=2.18445 4.86032 7.05563 6.53531 5.15767 6.5869 5.17403 4.9509
threshold=6061.1650000000009 32887.870000000003 9.5000000000000018 -9370.4499999999989 1.0000000180025095e-35 41.500000000000007 10333.675000000001 -562.99999999999989
decision_type=2 2 2 2 2 2 2 8
left_child=1 4 3 -3 -1 6 -6 -7
right_child=-2 2 -4 -5 5 7 -8 -9
leaf_value=0.00043635250809350736 -0.0046625964157585948 0.035013847204142003 -0.059701223368386486 -0.02585647660898072 0.014515459781327924 0.05664609078612777 -0.017893606819287439 0.0085160598922435944
leaf_weight=1041.4310481144203 435.16421842240925 15.952746323891914 17.370237803974305 26.328937458041764 99.540501266325009 29.891731907278881 38.463550018888782 20.15155440325907
leaf_count=20635 107505 2139 7476 4996 5522 4569 8168 2274
internal_value=-6.51333e-05 0.00148681 -0.0194333 -0.00289029 0.00250181 0.0139406 0.00548263 0.037265
internal_weight=1724.29 1289.13 59.6519 42.2817 1229.48 188.047 138.004 50.0433
internal_count=163284 55779 14611 7135 41168 20533 13690 6843
is_linear=0
shrinkage=0.0750466


Tree=189
num_leaves=9
num_cat=0
split_feature=8 153 107 150 150 112 131 107
split_gain=2.48046 5.10273 3.69296 5.60553 5.0585 3.34259 3.10811 8.47427
threshold=-8804.7999999999975 12251.985000000002 22.500000000000004 12306.960000000001 4363.6450000000013 228031.20000000004 392.95500000000004 12.500000000000002
decision_type=2 10 2 10 8 10 10 2
left_child=1 2 -1 4 -4 -5 -2 -8
right_child=6 -3 3 5 -6 -7 7 -9
leaf_value=-0.002677501691588501 0.00019955688512565085 -0.021454799230158715 0.019793583899532157 -0.031759869604384837 0.076288911395663878 0.03271799957877141 0.044772207137610327 -0.018153376699610292
leaf_weight=27.299082440091297 1488.6968334998783 21.289434101727238 17.572120607681427 10.015000187115222 18.141019662369217 8.2651913503214001 13.409325207583604 119.20101577806417
leaf_count=618 111456 4848 3303 2374 2921 2579 160 35025
internal_value=-6.508e-05 0.0112521 0.0198177 0.0311912 0.0484912 -0.0026069 -0.000781133 -0.0117905
internal_weight=1723.89 102.582 81.2924 53.9933 35.7131 18.2802 1621.31 132.61
internal_count=163284 16643 11795 11177 6224 4953 146641 35185
is_linear=0
shrinkage=0.0750466


Tree=190
num_leaves=9
num_cat=0
split_feature=6 133 107 118 6 6 11 80
split_gain=2.07345 3.45184 2.349 6.15666 6.72672 4.33243 8.66311 10.2596
threshold=289.50000000000006 6.5000000000000009 171.50000000000003 1981.5700000000004 40.500000000000007 145.50000000000003 823.92000000000019 2.5000000000000004
decision_type=2 8 2 8 2 2 2 2
left_child=2 -2 -1 -4 -5 -6 -7 -8
right_child=1 -3 3 4 5 6 7 -9
leaf_value=-7.1411571817323632e-05 0.0034179774724522175 0.042608359633944805 -0.064480720646930723 0.081346508948680354 -0.034328330616154465 -0.045915720716578394 -0.051526703197873031 0.1133379851016925
leaf_weight=1595.5143624211523 54.802600277524107 16.459204017592128 11.560971764160056 4.7531181415870369 23.064636498931577 7.4129975972973652 3.1018063128394697 6.7566756971446011
leaf_count=121903 9885 263 7117 2009 10763 3359 2966 5019
internal_value=-6.40098e-05 0.0124697 -0.000604619 -0.015622 -0.00309457 -0.0130449 0.0153773 0.0614661
internal_weight=1723.43 71.2618 1652.16 56.6502 45.0892 40.3361 17.2715 9.85848
internal_count=163284 10148 153136 31233 24116 22107 11344 7985
is_linear=0
shrinkage=0.0750466


Tree=191
num_leaves=9
num_cat=0
split_feature=8 10 113 8 11 28 8 10
split_gain=2.18156 5.08399 3.57326 3.5676 3.51812 4.17475 5.27608 3.13392
threshold=-1.0000000180025095e-35 -627.07499999999993 -562.99999999999989 -27169.434999999998 18.395000000000003 21895.940000000006 -8804.7999999999975 1.0000000180025095e-35
decision_type=2 2 10 2 2 2 2 2
left_child=1 2 3 -1 -5 6 -6 -2
right_child=7 -3 -4 4 5 -7 -8 -9
leaf_value=-0.025951708242211022 -0.0050767171320532265 0.020510696840240299 -0.023447329036591281 -0.022549688405978187 0.061258127055605974 -0.0026518879090546691 0.010224423794137754 0.0018917942606518788
leaf_weight=18.673896340123974 645.56782354377174 91.394691844681802 33.653417803252523 16.031570336341247 18.996113317756681 38.431385133015283 28.567006394878263 831.78810084430006
leaf_count=3581 92085 5785 7337 1348 2143 9410 3680 37915
internal_value=-6.41876e-05 0.00648303 -0.00182294 0.00420634 0.00972619 0.0157432 0.0306066 -0.00115327
internal_weight=1723.1 245.748 154.353 120.7 102.026 85.9945 47.5631 1477.36
internal_count=163284 33284 27499 20162 16581 15233 5823 130000
is_linear=0
shrinkage=0.0750466


Tree=192
num_leaves=9
num_cat=0
split_feature=12 29 5 16 0 147 0 5
split_gain=2.07131 5.59943 8.1336 7.59407 5.70465 5.62682 6.85518 4.94533
threshold=5.5000000000000009 1.0000000180025095e-35 55.500000000000007 -4047.3549999999991 59645539.500000007 -6139.0949999999984 24777691.000000004 57.500000000000007
decision_type=2 2 2 2 2 10 2 2
left_child=-1 2 -2 4 5 6 -3 -8
right_child=1 3 -4 -5 -6 -7 7 -9
leaf_value=-0.0047564066923102954 0.0017176346207369428 -0.032292515719992136 0.036628258642308259 0.0026771508482514249 -0.035260054518202112 -0.029429036324105734 0.00040500733541285578 0.037221599424076914
leaf_weight=404.97627045743866 103.20232495637174 28.64443236619627 59.116483231591701 913.32436300074005 48.609166091882798 45.934413813396532 92.148381163138765 26.444926006231981
leaf_count=7249 7363 2815 3063 125530 2887 2008 11166 1203
internal_value=-6.25011e-05 0.00138041 0.0144321 -0.000453654 -0.0122802 -0.00649764 0.00065637 0.00861468
internal_weight=1722.4 1317.42 162.319 1155.11 241.781 193.172 147.238 118.593
internal_count=163284 156035 10426 145609 20079 17192 15184 12369
is_linear=0
shrinkage=0.0750466


Tree=193
num_leaves=9
num_cat=0
split_feature=21 16 5 16 151 108 25 5
split_gain=2.36665 5.34899 3.46135 3.09534 3.70828 3.4427 3.05956 5.31158
threshold=1.0000000180025095e-35 -1517.8349999999998 43.500000000000007 -6095.0899999999992 4.5000000000000009 1.0000000180025095e-35 29094.785000000003 38.500000000000007
decision_type=2 2 2 2 8 2 2 2
left_child=1 -1 -3 4 -2 6 -5 -8
right_child=3 2 -4 5 -6 -7 7 -9
leaf_value=0.023792581651238483 -0.020157487720437253 0.012101030347858534 -0.013891311475197616 0.00097237051215363446 -0.0025941877553869552 0.025390214078259907 -0.052949031726539433 -0.001828682322302038
leaf_weight=72.917572692385875 92.410875420422599 52.71406223885424 63.750693829395459 1102.6662201698928 253.24805283544265 31.171292980397993 16.404796073184116 37.878662350831291
leaf_count=769 6056 2453 2579 102772 11330 4276 10024 23025
internal_value=-6.19635e-05 0.00785296 -0.00212671 -0.00103925 -0.00728968 0.00077918 0.000116093 -0.0172776
internal_weight=1723.16 189.382 116.465 1533.78 345.659 1188.12 1156.95 54.2835
internal_count=163284 5801 5032 157483 17386 140097 135821 33049
is_linear=0
shrinkage=0.0750466


Tree=194
num_leaves=9
num_cat=0
split_feature=7 8 153 72 8 0 135 140
split_gain=2.03758 5.97805 8.3804 5.66995 11.8255 5.87064 6.41514 8.59003
threshold=278.72500000000008 1349.8850000000002 3489.6750000000006 1.0000000180025095e-35 -4950.0049999999992 47919824.000000007 -1840.4999999999998 7173.1900000000014
decision_type=2 2 8 2 2 2 10 10
left_child=3 2 -2 5 -5 6 -1 -8
right_child=1 -3 -4 4 -6 -7 7 -9
leaf_value=0.024858886373483317 0.039605052307896044 5.7956073119711436e-05 -0.0062067843746749308 0.0098055605060066494 -0.043787599937559894 -0.012862633455319785 -0.013107997326304093 0.024074362345948522
leaf_weight=76.188551674382325 52.41330725797161 1165.330942583927 39.390298684676964 40.730743677539067 53.837979223633738 131.40706961873002 112.26192160877326 50.840582037688364
leaf_count=5174 4402 100918 3880 3749 4885 14545 9490 16241
internal_value=-5.98108e-05 0.00151048 0.0199485 -0.00430269 -0.020705 -0.000118298 0.00688027 -0.00151791
internal_weight=1722.4 1257.13 91.8036 465.267 94.5687 370.698 239.291 163.103
internal_count=163284 109200 8282 54084 8634 45450 30905 25731
is_linear=0
shrinkage=0.0750466


Tree=195
num_leaves=9
num_cat=0
split_feature=64 83 85 140 20 20 83 85
split_gain=1.96855 3.85809 3.43164 4.50412 3.39114 5.61697 3.06999 6.96856
threshold=25194.515000000003 110263.17000000001 10615.650000000001 22906.025000000005 8.2250000000000014 836.7600000000001 134898.68000000002 2404.6500000000005
decision_type=2 2 2 8 2 2 2 2
left_child=6 2 4 -4 -2 -6 -1 -8
right_child=1 -3 3 -5 5 -7 7 -9
leaf_value=-2.2505296022378731e-05 -0.040991008650777913 -0.05474160169553452 0.076623941289168621 -0.019056973967900497 0.057758630225642281 -0.029974084363676688 -0.0022693794630269208 0.07626708098898341
leaf_weight=1639.7169544230273 16.177208536017133 10.591294296138583 5.9068040622514655 5.2192845337376639 7.1206267846355358 9.7207768541484239 18.320239400094582 9.7490568344437616
leaf_count=133896 3601 5557 3503 2737 1787 4103 3753 4347
internal_value=-6.0844e-05 -0.014065 -0.00430573 0.0317397 -0.0164517 0.00711973 0.000398765 0.025008
internal_weight=1722.52 54.736 44.1447 11.1261 33.0186 16.8414 1667.79 28.0693
internal_count=163284 21288 15731 6240 9491 5890 141996 8100
is_linear=0
shrinkage=0.0750466


Tree=196
num_leaves=9
num_cat=0
split_feature=127 5 5 5 27 5 6 22
split_gain=2.23242 4.76663 2.23983 7.56392 6.44937 4.07679 6.35196 5.7938
threshold=145.50000000000003 43.500000000000007 67.500000000000014 63.500000000000007 2.5000000000000004 76.500000000000014 227.50000000000003 319.2050000000001
decision_type=8 2 2 2 2 2 2 2
left_child=1 -1 3 -2 -5 6 7 -4
right_child=2 -3 5 4 -6 -7 -8 -9
leaf_value=-0.040885971964917181 -0.00011925703525265663 0.011600838822215893 0.011437102129555425 0.035247452412245778 -0.0047173457067460033 0.012770718412089606 -0.039839725001537318 -0.025312842538300882
leaf_weight=22.052450563973252 1402.904957081395 17.46040967333829 58.13505183228699 64.931949467296363 35.000195179738512 42.477511263328779 38.19412223564359 41.342862678731763
leaf_count=3259 138141 1820 1258 1910 5608 2840 3906 4542
internal_value=-6.0141e-05 -0.0176925 0.000353828 0.00130172 0.0212502 -0.00755363 -0.0138245 -0.00383612
internal_weight=1722.5 39.5129 1682.99 1502.84 99.9321 180.15 137.672 99.4779
internal_count=163284 5079 158205 145659 7518 12546 9706 5800
is_linear=0
shrinkage=0.0750466


Tree=197
num_leaves=9
num_cat=0
split_feature=102 7 12 125 81 16 22 137
split_gain=1.96943 3.4106 6.22268 7.11471 8.58212 4.43803 3.73854 9.0763
threshold=1.0000000180025095e-35 5005.1550000000016 4.5000000000000009 -41294.289999999994 35190.005000000012 -253.11499999999998 -9370.4499999999989 5971.2200000000012
decision_type=2 2 2 10 2 2 2 8
left_child=1 -1 -3 6 -5 -6 -4 -8
right_child=-2 2 3 4 5 -7 7 -9
leaf_value=-0.00051048396324260574 -0.013245856732019943 0.059538178451365595 0.014624055583260701 0.004755867262685399 0.14630067928368026 0.045690913880112677 0.026397071279092011 -0.043150423362180404
leaf_weight=1542.6328300540627 61.509826783367316 14.088036547880618 33.534260732922121 14.199688113218146 4.9239158662785485 4.9533283230739453 16.437134375344616 29.599562396442703
leaf_count=138731 4973 117 1117 3007 1388 3142 2640 8169
internal_value=-5.93375e-05 0.000429169 0.012741 0.00638017 0.0421244 0.095846 -0.00443547 -0.0183189
internal_weight=1721.88 1660.37 117.736 103.648 24.0769 9.87724 79.571 46.0367
internal_count=163284 158311 19580 19463 7537 4530 11926 10809
is_linear=0
shrinkage=0.0750466


Tree=198
num_leaves=9
num_cat=0
split_feature=109 153 112 103 147 25 73 151
split_gain=1.96286 3.64682 7.50982 7.72024 10.2508 7.73548 5.59879 4.54583
threshold=1.0000000180025095e-35 1214.0550000000003 114015.60000000002 1.0000000180025095e-35 -140209.23499999996 6442.4250000000011 7.5000000000000009 1.5000000000000002
decision_type=2 8 8 2 10 2 2 10
left_child=-1 -2 -3 7 -5 6 -6 -4
right_child=1 2 3 4 5 -7 -8 -9
leaf_value=-0.0023493937798214461 0.0075929207638140202 -0.020824051054598877 -0.013434193719697896 0.074337113689895151 -0.0034476537285935372 -0.023496015180284623 0.086039894520361676 0.0085274871780914169
leaf_weight=947.49413043462118 410.45185603727441 95.306753453085548 109.83004909624287 18.43630114435291 7.1842038471477272 21.42155696142072 8.7132246355395164 102.73308705178897
leaf_count=45895 36094 23011 5083 3468 2070 18527 3443 25693
internal_value=-5.89622e-05 0.0027446 -0.00272808 0.00369961 0.0285551 0.00593786 0.0455996 -0.00281998
internal_weight=1721.57 774.077 363.625 268.318 55.7553 37.319 15.8974 212.563
internal_count=163284 117389 81295 58284 27508 24040 5513 30776
is_linear=0
shrinkage=0.0750466


Tree=199
num_leaves=9
num_cat=0
split_feature=50 149 109 142 16 116 71 16
split_gain=1.96962 2.87511 2.08514 4.24838 2.00176 3.83009 3.78363 2.66856
threshold=1.0000000180025095e-35 636.50000000000011 1.0000000180025095e-35 769464.67500000016 2347.2300000000005 1.0000000180025095e-35 1.5000000000000002 -176.96999999999997
decision_type=2 10 2 10 2 8 2 2
left_child=4 -2 -3 -4 6 -6 7 -1
right_child=1 2 3 -5 5 -7 -8 -9
leaf_value=-0.0024036825164827605 0.016499757279683336 -0.054447611193703893 -0.047781070010696543 0.061436007250866474 0.003680994822866972 -0.051977983596941127 0.024850321937488214 0.0037930208524785069
leaf_weight=974.14385319459689 8.8644000895583321 12.205886595207632 5.246667696597795 3.2473986636941845 16.808097519016883 11.887810363477913 35.504806047742022 654.27252305198635
leaf_count=59151 565 3743 3364 3363 3423 2908 1212 85555
internal_value=-5.98638e-05 -0.0192632 -0.0345781 -0.00602588 0.000275555 -0.0193768 0.000614478 8.60571e-05
internal_weight=1722.18 29.5644 20.7 8.49407 1692.62 28.6959 1663.92 1628.42
internal_count=163284 11035 10470 6727 152249 6331 145918 144706
is_linear=0
shrinkage=0.0750466


Tree=200
num_leaves=9
num_cat=0
split_feature=39 112 128 142 11 73 128 72
split_gain=1.97429 4.44248 3.3049 2.59101 2.46915 5.40252 5.25806 5.41398
threshold=25863.355000000003 164689.20000000004 17903.090000000004 800917.97000000009 318.30500000000006 9.5000000000000018 1981.5700000000004 2323.1300000000006
decision_type=2 8 8 8 2 2 8 2
left_child=4 -2 -3 -4 -1 -6 -7 -8
right_child=1 2 3 -5 5 6 7 -9
leaf_value=-0.0010742845816439611 -0.042623585119941618 0.049683451372838291 -0.021131630123297343 0.028881789675239935 0.011464525409623226 -0.043201322387067281 -0.013535662043954722 0.033007984135718947
leaf_weight=1315.2428045038141 19.702609179999854 6.5723801964377344 23.71734290168752 7.7369901626188939 260.72762200313809 20.599790544716598 48.130184728035601 19.892777631659555
leaf_count=49322 5785 3976 6653 2460 54789 10142 24318 5839
internal_value=-5.78309e-05 -0.0137016 0.00128359 -0.00882956 0.000415346 0.00602354 -0.0099838 7.56594e-05
internal_weight=1722.32 57.7293 38.0267 31.4543 1664.59 349.35 88.6228 68.023
internal_count=163284 18874 13089 9113 144410 95088 40299 30157
is_linear=0
shrinkage=0.0750466


Tree=201
num_leaves=9
num_cat=0
split_feature=22 18 5 22 38 120 150 5
split_gain=2.09525 5.42321 9.91606 7.26726 4.0802 4.07441 3.36812 4.144
threshold=319.2050000000001 5971.0600000000004 40.500000000000007 -1525.53 1.5000000000000002 105570.00000000001 5236.5900000000011 39.500000000000007
decision_type=2 2 2 2 2 10 8 2
left_child=1 6 5 -4 -2 -3 -1 -8
right_child=4 2 3 -5 -6 -7 7 -9
leaf_value=-0.0058896296013657441 -0.0024530802515302938 -0.047223183076371043 0.016759614290658965 0.083207954844657483 -0.041801436835045287 0.017153230361231602 0.011812178517514735 -0.00050350683787691425
leaf_weight=303.0053299634892 652.05386931118665 11.309420293284349 19.911462028929236 17.344124020426534 15.187597997031842 10.848071293319661 230.65401893737726 462.24805117382857
leaf_count=9359 116867 2425 4126 2373 6766 2676 6483 12209
internal_value=-5.70786e-05 0.00202411 0.0240501 0.0476943 -0.00334872 -0.0157052 0.000710098 0.00359615
internal_weight=1722.56 1055.32 59.4131 37.2556 667.241 22.1575 995.907 692.902
internal_count=163284 39651 11600 6499 123633 5101 28051 18692
is_linear=0
shrinkage=0.0750466


Tree=202
num_leaves=9
num_cat=0
split_feature=13 22 151 134 134 10 24 22
split_gain=1.95081 2.23079 4.77767 4.96295 4.18495 3.75463 4.2951 6.44578
threshold=1.5000000000000002 319.2050000000001 5.5000000000000009 93605.400000000009 160466.40000000002 -3005.3049999999998 1.0000000180025095e-35 54211.545000000006
decision_type=2 2 10 10 10 2 2 2
left_child=1 2 -1 -4 -5 6 -3 -8
right_child=-2 5 3 4 -6 -7 7 -9
leaf_value=0.00090713156902333359 -0.018377076972636436 -0.048509845200916286 0.053483547913010208 -0.02067805851204051 0.020896531296150343 -0.0015365664732836285 0.031538283167275825 -0.043678753962616106
leaf_weight=935.60982835469258 32.124592126114294 21.253079766596784 18.680727022350766 18.497501260313584 51.887494451832026 617.97738463097267 13.987756607457415 11.85470250144135
leaf_count=25812 829 4861 2801 2314 7899 101539 5602 11627
internal_value=-5.68816e-05 0.000291412 0.00248821 0.019097 0.00997054 -0.00309319 -0.0235188 -0.002966
internal_weight=1721.87 1689.75 1024.68 89.0657 70.385 665.073 47.0955 25.8425
internal_count=163284 162455 38826 13014 10213 123629 22090 17229
is_linear=0
shrinkage=0.0750466


Tree=203
num_leaves=9
num_cat=0
split_feature=6 0 113 142 22 142 120 120
split_gain=1.95934 4.47952 4.99408 4.06084 3.3537 3.41735 7.41048 8.32539
threshold=289.50000000000006 14632853.000000002 -653.99999999999989 119646.00000000001 409658.84500000003 154836.00000000003 253368.00000000003 400242.26000000007
decision_type=2 2 10 10 2 10 8 8
left_child=1 2 -1 -2 5 -3 -7 -8
right_child=3 4 -4 -5 -6 6 7 -9
leaf_value=-0.0044162347339638886 0.032676035380747565 -0.0023637788781121494 -0.052185277469293183 -0.0034876662082927853 -0.025804462056700058 0.014209742104655075 -0.017304164296658327 0.0060542110209836058
leaf_weight=33.360478259961383 30.774202809603594 918.44173452334144 19.549044383711589 40.504832997461563 27.599035999721309 271.54561453475617 131.38095300067107 248.44931132678721
leaf_count=3299 1551 57772 3037 8597 13176 31819 13009 31024
internal_value=-5.63659e-05 -0.000582522 -0.022066 0.0121257 0.000129051 0.00058499 0.00474276 -0.00202531
internal_weight=1721.61 1650.33 52.9095 71.279 1597.42 1569.82 651.376 379.83
internal_count=163284 153136 6336 10148 146800 133624 75852 44033
is_linear=0
shrinkage=0.0750466


Tree=204
num_leaves=9
num_cat=0
split_feature=12 112 11 74 8 0 74 8
split_gain=1.96973 3.14991 6.44299 8.5485 4.76423 5.2988 4.90831 4.11286
threshold=5.5000000000000009 720815.33500000008 1.0000000180025095e-35 117.34500000000001 1349.8850000000002 59645539.500000007 2305.3550000000005 8212.8900000000012
decision_type=2 8 2 2 2 2 2 2
left_child=-1 7 -3 -4 6 -6 -5 -2
right_child=1 2 3 4 5 -7 -8 -9
leaf_value=-0.004636765076493455 0.0041333501522966944 0.039215169731236878 0.039719572438209907 0.055543104018753765 -0.012348058089623547 0.031989157878515709 -0.0092731365888676243 -0.0051683573318478272
leaf_weight=404.46273070128518 548.46522342864955 34.238530652895861 32.213742769294186 14.931867323946792 135.5660462111955 17.095478949260723 11.764040675916474 523.01872807879408
leaf_count=7249 53348 1387 2247 3681 19567 1017 1858 72930
internal_value=-5.58711e-05 0.00135065 0.00901246 0.00412476 -0.00226829 -0.00738305 0.0269806 -0.000407051
internal_weight=1721.76 1317.29 245.81 211.571 179.357 152.662 26.6959 1071.48
internal_count=163284 156035 29757 28370 26123 20584 5539 126278
is_linear=0
shrinkage=0.0750466


Tree=205
num_leaves=9
num_cat=0
split_feature=127 5 96 107 153 85 80 83
split_gain=2.10647 4.26212 2.25834 9.45547 7.58467 10.9788 7.9567 8.5092
threshold=145.50000000000003 43.500000000000007 1.0000000180025095e-35 1.0000000180025095e-35 3853.3050000000007 1.0000000180025095e-35 2.5000000000000004 10206.270000000002
decision_type=8 2 2 2 8 2 2 2
left_child=1 -1 -2 -4 -5 -6 -7 -8
right_child=2 -3 3 4 5 6 7 -9
leaf_value=-0.039761214617719823 -0.0025765736131466163 0.009932977315758441 0.058145059992822337 0.0062326703286707582 -0.017715997013277539 -0.0071996883703110085 -0.013850981553807642 0.078534948091241091
leaf_weight=21.454776968155784 790.23916745688621 17.771899468316406 17.133375964593142 628.32765184717937 192.49446958184853 28.364980212469163 8.1140438730708428 18.229615570640817
leaf_count=3259 41402 1820 135 68968 23467 12314 2887 9032
internal_value=-5.54228e-05 -0.0172469 0.000345293 0.0029319 0.00185143 -0.00928458 0.0203817 0.0500794
internal_weight=1722.13 39.2267 1682.9 892.664 875.531 247.203 54.7086 26.3437
internal_count=163284 5079 158205 116803 116668 47700 24233 11919
is_linear=0
shrinkage=0.0750466


Tree=206
num_leaves=9
num_cat=0
split_feature=7 123 84 84 112 84 18 147
split_gain=2.02575 6.89521 4.93969 5.6795 7.72019 5.30544 5.53827 7.82473
threshold=1655.0800000000002 19.500000000000004 1.0000000180025095e-35 2.5000000000000004 139352.40000000002 4.5000000000000009 5971.0600000000004 -13999.084999999997
decision_type=2 10 2 2 8 2 2 8
left_child=-1 2 -2 4 -4 -5 -7 -8
right_child=1 -3 3 5 -6 6 7 -9
leaf_value=-0.002721033282082683 0.0016087871247734598 -0.031502361394941517 -0.0018957219976360302 -0.024765934482388997 0.059462658033453811 0.075317549584626553 0.065330374569272154 -0.029566039109748674
leaf_weight=831.26546563037482 755.18450758513063 32.49769947394816 18.094315863017982 23.339665283920112 31.926305444161699 8.2460592885472597 7.4580310006258514 14.232111821278524
leaf_count=95686 34877 3473 3365 6949 6881 1587 6228 4238
internal_value=-5.63856e-05 0.00242968 0.00371417 0.0191063 0.0372671 0.00205521 0.0229662 0.00306355
internal_weight=1722.24 890.979 858.481 103.296 50.0206 53.2759 29.9362 21.6901
internal_count=163284 67598 64125 29248 10246 19002 12053 10466
is_linear=0
shrinkage=0.0750466


Tree=207
num_leaves=9
num_cat=0
split_feature=63 135 112 71 21 7 8 135
split_gain=2.05837 3.79182 4.6283 7.4132 2.15785 2.71372 8.78599 21.2245
threshold=8.5000000000000018 -744.49999999999989 517025.11000000004 1.0000000180025095e-35 1.0000000180025095e-35 568.82500000000016 5445.8800000000001 -1901.4999999999998
decision_type=2 10 8 2 2 2 2 10
left_child=4 2 3 -2 -1 -6 7 -7
right_child=1 -3 -4 -5 5 6 -8 -9
leaf_value=0.0071903008293558012 0.12975253340887036 -0.03379512269119031 -0.015218571938055101 0.012066459804142667 -0.0060131254439324076 -0.027367899861377266 -0.0024243682873751368 0.030233008278503736
leaf_weight=189.2777386827147 5.4693422869004333 5.3218754926947431 6.0932401800782818 6.7163219113353989 474.00770118325454 48.442837005117326 846.28219076829009 140.5815195322939
leaf_count=5654 3528 3130 3023 1571 58191 2115 77222 8850
internal_value=-5.71717e-05 0.0219535 0.0381846 0.064888 -0.000362995 -0.00131023 0.000842962 0.0154711
internal_weight=1722.19 23.6008 18.2789 12.1857 1698.59 1509.31 1035.31 189.024
internal_count=163284 11252 8122 5099 152032 146378 88187 10965
is_linear=0
shrinkage=0.0750466


Tree=208
num_leaves=9
num_cat=0
split_feature=48 28 11 18 28 71 81 4
split_gain=1.92337 6.19989 7.40979 8.91304 12.7503 3.02279 2.93935 2.83548
threshold=1.0000000180025095e-35 40761.920000000006 180.44000000000003 3102.7650000000003 1395.8750000000002 1.0000000180025095e-35 42044.910000000011 1.5000000000000002
decision_type=2 2 2 2 2 2 2 2
left_child=7 2 -2 -4 -5 6 -6 -1
right_child=1 -3 3 4 5 -7 -8 -9
leaf_value=-0.00023625248275653169 -0.00098907124387672676 -0.038518788086824789 0.093212724316641987 0.099355440312746277 -0.075930960169245096 0.01102656194582147 0.012321124620959356 -0.019287604012943185
leaf_weight=1545.3583934946055 70.734454062199802 14.005719630766178 12.024043675242863 8.2812137976579816 5.6254008536270721 17.171672136100824 3.4163429409636592 45.287769641363411
leaf_count=139965 2921 7322 1073 920 3091 3175 2851 1966
internal_value=-5.81675e-05 0.00867316 0.0143102 0.0375736 0.018179 -0.00746581 -0.0425857 -0.000778669
internal_weight=1721.91 131.259 117.253 46.5187 34.4946 26.2134 9.04174 1590.65
internal_count=163284 21353 14031 11110 10037 9117 5942 141931
is_linear=0
shrinkage=0.0750466


Tree=209
num_leaves=9
num_cat=0
split_feature=56 20 39 20 20 50 137 58
split_gain=1.87319 4.75549 2.33677 3.66152 4.19792 1.99004 2.56553 1.98084
threshold=11582.655000000002 1.0000000180025095e-35 351900.43000000005 104.79500000000002 87620.260000000024 1.0000000180025095e-35 1.0000000180025095e-35 3684.2700000000004
decision_type=2 2 2 2 2 2 10 2
left_child=2 -2 5 -4 -5 7 -7 -1
right_child=1 -3 3 4 -6 6 -8 -9
leaf_value=-0.00017473838915966534 0.019336711109993791 -0.047257616068578069 -0.046589676356972018 0.048843200602599682 -0.043978388479675674 0.00070544902652672854 -0.045882305243610873 0.0071076312624657042
leaf_weight=1396.0820080737431 10.118346286242742 14.980557727170888 14.805329190246995 6.5831510404423152 4.7054976365725452 15.282271462710925 11.795715606160227 247.68191214806939
leaf_count=82783 4266 10767 3148 2484 3197 796 7102 48741
internal_value=-5.88923e-05 -0.0204108 0.000242128 -0.0220424 0.010152 0.000590151 -0.0195891 0.000922567
internal_weight=1722.03 25.0989 1696.94 26.094 11.2886 1670.84 27.078 1643.76
internal_count=163284 15033 148251 8829 5681 139422 7898 131524
is_linear=0
shrinkage=0.0750466


Tree=210
num_leaves=9
num_cat=0
split_feature=21 133 74 50 5 5 5 74
split_gain=1.75076 4.28155 3.35988 2.51925 8.02094 3.06898 5.69706 6.75085
threshold=1.0000000180025095e-35 8.0000000000000018 513.96500000000015 1.0000000180025095e-35 67.500000000000014 67.500000000000014 61.500000000000007 1660.8950000000002
decision_type=2 10 2 2 2 2 2 2
left_child=2 3 -1 5 -5 6 -2 -8
right_child=1 -3 -4 4 -6 -7 7 -9
leaf_value=0.017595418134543028 -0.001544735871988296 0.029549916905339951 -0.0024044843418980157 -0.054955093660444175 0.037709677919964005 -0.011177250400210316 -0.00054572873978845434 0.03283801063848734
leaf_weight=87.031248106286512 1193.1723214595368 25.570098071941175 103.64665643456829 16.507000721734588 7.7218708166892602 150.67711120071181 75.30534594108758 62.371183906703664
leaf_count=3392 126381 174 2409 8310 2569 9725 5849 4475
internal_value=-5.71825e-05 -0.000901574 0.00672409 -0.00141869 -0.0254223 -0.00102613 0.000123164 0.014578
internal_weight=1722 1531.32 190.678 1505.75 24.2289 1481.53 1330.85 137.677
internal_count=163284 157483 5801 157309 10879 146430 136705 10324
is_linear=0
shrinkage=0.0750466


Tree=211
num_leaves=9
num_cat=0
split_feature=82 153 6 140 112 153 81 83
split_gain=1.90683 6.08116 5.71391 3.00145 3.09639 4.70406 2.60103 2.57659
threshold=6.5000000000000009 9905.9850000000024 135.50000000000003 1.0000000180025095e-35 431161.07000000001 1612.8750000000002 91568.920000000013 53371.560000000005
decision_type=2 8 2 10 8 10 2 2
left_child=7 3 -3 -2 5 -5 -7 -1
right_child=1 2 -4 4 -6 6 -8 -9
leaf_value=-0.00018848034286624252 -0.063390012760001543 -0.014935162241721797 0.07909023003364013 0.0336739594481478 -0.052352665677015936 -0.075785757321658015 0.0010854928050314824 0.015222205740790019
leaf_weight=1602.241560704937 10.448010119387616 8.0433629056533373 6.6490663961249075 10.83391274586757 9.4415299755892175 5.0242884345389012 4.8934875401319005 63.525683430036224
leaf_count=125116 2200 2422 2753 3071 5448 2639 3037 16598
internal_value=-5.60504e-05 -0.0137616 0.0276161 -0.0287202 -0.0167232 -0.000512581 -0.037857 0.000399221
internal_weight=1721.1 55.3337 14.6924 40.6412 30.1932 20.7517 9.91778 1665.77
internal_count=163284 21570 5175 16395 14195 8747 5676 141714
is_linear=0
shrinkage=0.0750466


Tree=212
num_leaves=9
num_cat=0
split_feature=97 134 97 9 97 8 134 112
split_gain=1.75871 9.26317 3.68863 3.14649 2.56372 4.00186 2.63496 9.07068
threshold=147.50000000000003 93605.400000000009 116.50000000000001 579.65500000000009 94.500000000000014 16678.810000000001 1076107.5600000003 828608.47500000009
decision_type=2 10 2 2 2 2 10 10
left_child=2 -2 4 -4 6 -6 7 -1
right_child=1 -3 3 -5 5 -7 -8 -9
leaf_value=-0.00082339320331515644 0.078344217232632338 -0.0044440815262136489 0.0087812173085779315 -0.047581941780987853 0.039796882399842345 -0.015138487192018102 -0.01884224077537601 0.036141749235318585
leaf_weight=1539.7750804222596 9.9584962598382827 32.300280448776903 8.3364068144146604 16.859867336017487 21.508768958803557 11.44069897700683 42.59170109612387 38.317009031758062
leaf_count=120735 2124 12471 2130 5344 4195 3799 6545 5941
internal_value=-5.52607e-05 0.0150654 -0.000435872 -0.0289337 -1.65249e-06 0.0207222 -0.000422982 7.41423e-05
internal_weight=1721.09 42.2588 1678.83 25.1963 1653.63 32.9495 1620.68 1578.09
internal_count=163284 14595 148689 7474 141215 7994 133221 126676
is_linear=0
shrinkage=0.0750466


Tree=213
num_leaves=9
num_cat=0
split_feature=10 118 137 137 147 147 118 17
split_gain=1.86873 5.32232 5.42793 5.18465 4.47042 5.34341 4.40201 6.07175
threshold=1.0000000180025095e-35 1286.9450000000004 16998.050000000003 -1.0000000180025095e-35 -1305.0149999999996 -13999.084999999997 1577.3950000000002 2.5000000000000004
decision_type=2 8 10 8 8 10 8 2
left_child=3 4 -3 -1 5 -2 7 -5
right_child=1 2 -4 6 -6 -7 -8 -9
leaf_value=-0.033741848903236858 0.06977369239637371 0.002272338719354206 -0.022306437342642507 -0.0097098758948644791 0.0032403937645614409 0.013029171207283662 0.00071458822352378493 -0.069981561087786498
leaf_weight=28.988331494452723 17.707629743028519 737.77445986502426 54.329267345481639 100.95120359775501 37.749541777076956 19.792853072525759 713.51946352289815 10.381503224780316
leaf_count=1665 3727 20948 11996 22258 1060 2037 97868 1725
internal_value=-5.5002e-05 0.00239846 0.000586515 -0.0025473 0.0214715 0.0398238 -0.00145101 -0.0153301
internal_weight=1721.19 867.354 792.104 853.841 75.25 37.5005 824.852 111.333
internal_count=163284 39768 32944 123516 6824 5764 121851 23983
is_linear=0
shrinkage=0.0750466


Tree=214
num_leaves=9
num_cat=0
split_feature=41 149 7 149 7 72 137 147
split_gain=1.87717 2.3623 1.93433 4.74125 5.4251 4.50119 4.08177 5.06388
threshold=1.0000000180025095e-35 3839.0000000000005 278.72500000000008 489.50000000000006 1842.0450000000003 1.0000000180025095e-35 10375.225000000002 -15710.014999999998
decision_type=2 8 2 8 2 2 8 8
left_child=2 -2 5 4 -4 -1 -7 -8
right_child=1 -3 3 -5 -6 6 7 -9
leaf_value=-0.00022186445143132508 -0.043042241243285595 0.0046603478921682746 0.0029385927711620703 0.0032430318216630891 -0.029804712298485851 -0.042230944976177735 -0.022977630523546965 0.022805600523723515
leaf_weight=363.60909183113472 12.712363525519324 10.825784848990223 59.268781304410368 1128.6930670845395 54.893445506073476 28.829524868415319 41.713536665409265 20.192387938310276
leaf_count=43605 2889 2890 5641 96563 3287 991 6409 1009
internal_value=-5.48569e-05 -0.0211026 0.000237051 0.00176889 -0.0128056 -0.00395327 -0.0189064 -0.00804412
internal_weight=1720.74 23.5381 1697.2 1242.86 114.162 454.345 90.7354 61.9059
internal_count=163284 5779 157505 105491 8928 52014 8409 7418
is_linear=0
shrinkage=0.0750466


Tree=215
num_leaves=9
num_cat=0
split_feature=148 127 10 24 74 107 24 17
split_gain=1.78001 7.42712 3.02041 2.10917 7.57016 9.13399 3.83386 9.63005
threshold=5.9250000000000007 2528.5000000000005 -627.07499999999993 8.5000000000000018 3171.9350000000004 52.500000000000007 1.0000000180025095e-35 3.5000000000000004
decision_type=10 8 2 2 2 2 2 2
left_child=3 -2 -3 6 5 -5 -1 -8
right_child=1 2 -4 4 -6 -7 7 -9
leaf_value=-0.0014368822954284948 -0.018397850070306088 0.022466853355046515 0.092497257546766951 0.065293936323347096 0.052391399284458094 -0.022313786675626838 0.0043085672266950171 0.057147986111754395
leaf_weight=1281.24699248447 14.862253993062042 6.8459652206965984 7.0309110958332877 7.202582331665325 9.9195750148810458 96.535887243560865 275.67361414363768 20.898184834612039
leaf_count=46561 3152 3338 1296 658 4091 49055 52433 2700
internal_value=-5.36768e-05 0.0184666 0.0579487 -0.000368346 -0.0102421 -0.0162312 0.000342908 0.00803194
internal_weight=1720.22 28.7391 13.8769 1691.48 113.658 103.738 1577.82 296.572
internal_count=163284 7786 4634 155498 53804 49713 101694 55133
is_linear=0
shrinkage=0.0750466


Tree=216
num_leaves=9
num_cat=0
split_feature=64 147 146 127 113 142 135 57
split_gain=1.9222 3.48735 3.48916 4.32995 7.53705 4.67173 3.1959 2.65055
threshold=11572.960000000001 -1305.0149999999996 5162.4900000000007 4883.5000000000009 -593.49999999999989 105570.00000000001 -805.49999999999989 6.5000000000000009
decision_type=2 10 10 10 10 8 10 2
left_child=7 2 3 5 -5 -2 -7 -1
right_child=1 -3 -4 4 -6 6 -8 -9
leaf_value=8.7309615125784728e-05 0.028986333266289587 -0.059172122262635705 -0.056472713198264732 -0.02881016240864203 0.098293811486092772 -0.0089126201764832668 -0.051779657777693944 0.019533042689581108
leaf_weight=1578.4695524312719 15.192206726725997 7.5408679021093112 7.1634789194067698 4.6656590459424478 6.0148071576622879 48.771620435501966 12.256661364197504 40.490155609957583
leaf_count=115181 4262 1277 3334 2482 3339 16697 5864 10848
internal_value=-5.47501e-05 -0.0100675 -0.00613094 -0.00198113 0.0427697 -0.00825188 -0.0175219 0.000573647
internal_weight=1720.57 101.605 94.0644 86.901 10.6805 76.2205 61.0283 1618.96
internal_count=163284 37255 35978 32644 5821 26823 22561 126029
is_linear=0
shrinkage=0.0750466


Tree=217
num_leaves=9
num_cat=0
split_feature=33 33 102 111 127 149 151 127
split_gain=1.87577 3.32993 1.95036 2.27166 2.63998 4.41055 10.6306 6.92027
threshold=175039.38000000003 453889.19500000007 1.0000000180025095e-35 1.0000000180025095e-35 2104.5000000000005 1714.5000000000002 1.0000000180025095e-35 263.50000000000006
decision_type=2 2 2 10 10 10 10 10
left_child=2 -2 3 4 5 -1 -7 -8
right_child=1 -3 -4 -5 -6 6 7 -9
leaf_value=-0.00072436763175657247 -0.036926090672916072 0.022396095431307741 -0.013105979990146243 0.016271014131364187 -0.004652514085939234 -0.010090761005908198 -2.1377235865428905e-05 0.028931600912318188
leaf_weight=823.98344287930013 18.682927178882895 7.4559820724698502 59.388958459891001 51.36538745983853 446.82296395980666 102.39223763603513 69.342032034197473 141.1068229549237
leaf_count=48490 7206 2402 4553 437 69591 4276 6441 19888
internal_value=-5.43171e-05 -0.0200048 0.000253451 0.000738709 0.000234921 0.0021559 0.00974216 0.0193917
internal_weight=1720.54 26.1389 1694.4 1635.01 1583.65 1136.82 312.841 210.449
internal_count=163284 9608 153676 149123 148686 79095 30605 26329
is_linear=0
shrinkage=0.0750466


Tree=218
num_leaves=9
num_cat=0
split_feature=63 74 74 84 22 120 107 107
split_gain=1.83255 5.39067 6.50473 4.07474 2.07176 3.76641 4.99524 14.0505
threshold=8.5000000000000018 391.17500000000007 2806.0050000000006 1.0000000180025095e-35 6061.1650000000009 1037556.6200000002 38.500000000000007 66.500000000000014
decision_type=2 2 2 2 2 8 2 2
left_child=4 -2 3 -3 -1 -6 -7 -8
right_child=1 2 -4 -5 5 6 7 -9
leaf_value=0.0011420925518731159 0.090432736850787593 -0.058422581578832296 0.076987343739543981 0.023087122770730689 -0.0087590983801401519 -0.010006372724290585 0.078342625634825094 -0.0061950566523182342
leaf_weight=1283.9003914728673 4.9369138591791879 8.0520023821445665 4.8905003893723906 6.0491255821316363 322.53613464106638 42.698321078671142 17.680357592413202 29.627231617021607
leaf_count=54600 1589 3136 2492 4035 82961 1604 1822 11045
internal_value=-5.36287e-05 0.0205697 0.00240868 -0.0234564 -0.000344524 -0.00497112 0.00860308 0.0253994
internal_weight=1720.37 23.9285 18.9916 14.1011 1696.44 412.542 90.0059 47.3076
internal_count=163284 11252 9663 7171 152032 97432 14471 12867
is_linear=0
shrinkage=0.0750466


Tree=219
num_leaves=9
num_cat=0
split_feature=27 141 137 27 125 140 125 131
split_gain=1.78014 2.9679 3.11978 2.33022 5.0279 3.15225 2.40437 4.40324
threshold=32.500000000000007 10.535000000000002 106262.51500000001 23.500000000000004 -2063.0949999999998 25962.100000000002 -2639.3199999999993 392.95500000000004
decision_type=2 10 10 2 8 10 8 10
left_child=3 2 -2 6 5 -5 7 -1
right_child=1 -3 -4 4 -6 -7 -8 -9
leaf_value=0.0093368646706296094 -0.01362058020063326 0.030085912018192301 -0.07552840999664498 0.10589797197135656 1.8014643092769575e-05 0.0249203254225373 0.00076336049708278404 -0.018068991779101887
leaf_weight=48.868126746754569 16.829544248106693 5.6735281961773572 6.3009659622912286 4.9552171263057954 23.466568580583044 5.9683281840225391 1506.1637053315535 101.79654298591413
leaf_count=7455 6929 2906 3606 2207 6775 3131 103271 27004
internal_value=-5.45771e-05 -0.0185542 -0.0304848 0.0002605 0.0195958 0.061654 -0.000140835 -0.00917989
internal_weight=1720.02 28.804 23.1305 1691.22 34.3901 10.9235 1656.83 150.665
internal_count=163284 13441 10535 149843 12113 5338 137730 34459
is_linear=0
shrinkage=0.0750466


Tree=220
num_leaves=9
num_cat=0
split_feature=12 21 7 84 142 58 95 113
split_gain=1.86478 8.91829 4.00278 3.9374 4.33012 9.34015 3.58323 3.68588
threshold=5.5000000000000009 1.0000000180025095e-35 2050.3150000000005 2.5000000000000004 800917.97000000009 7157.0650000000014 1.5000000000000002 -624.49999999999989
decision_type=2 2 2 2 10 2 2 10
left_child=2 -2 -1 -3 6 -6 7 -5
right_child=1 3 -4 4 5 -7 -8 -9
leaf_value=-0.010434105742349943 0.028226067713520854 0.0012157543634571451 0.0049266177123497091 -0.013748714691619692 0.11328263641650001 -0.053292032746249718 0.020480736335483505 -0.048040256269249855
leaf_weight=248.03881729168643 65.882489432638977 1138.7204484862468 155.40400019523804 67.85202526271496 4.3516699597712423 3.3593262946269533 12.290404317485807 23.861591365248387
leaf_count=5149 2860 101654 2100 29459 2380 3169 3624 12889
internal_value=-5.34809e-05 0.00131463 -0.00451724 -0.000103269 -0.0135482 0.0407137 -0.0175712 -0.0226705
internal_weight=1719.76 1316.32 403.443 1250.44 111.715 7.711 104.004 91.7136
internal_count=163284 156035 7249 153175 51521 5549 45972 42348
is_linear=0
shrinkage=0.0750466


Tree=221
num_leaves=9
num_cat=0
split_feature=16 153 112 153 16 57 112 112
split_gain=1.80288 4.10578 5.31374 5.40427 4.78298 4.23188 7.77964 7.78611
threshold=-176.96999999999997 651.0150000000001 933800.96000000008 3853.3050000000007 2347.2300000000005 1.0000000180025095e-35 228031.20000000004 69676.200000000012
decision_type=2 8 10 8 2 2 10 10
left_child=-1 5 4 -4 -3 -2 7 -7
right_child=1 2 3 -5 -6 6 -8 -9
leaf_value=-0.0020806512451097773 0.002724570964261657 -0.0036336730143081927 0.08208318806955979 -0.00058881149127997174 -0.049144382833082666 0.007340224388062905 -0.0084524741489391524 0.053338768326780167
leaf_weight=1013.9958606865221 258.46351351515477 293.91256462129604 8.0375096126372245 9.9864154708511688 13.607824263370274 37.899704982999538 38.009966451307264 45.734059769936721
leaf_count=62205 17194 59372 2841 5828 4672 2949 4321 3902
internal_value=-5.35709e-05 0.00285927 -0.00332632 0.0362776 -0.00564753 0.00815695 0.0196994 0.0324939
internal_weight=1719.65 705.652 325.544 18.0239 307.52 380.107 121.644 83.6338
internal_count=163284 101079 72713 8669 64044 28366 11172 6851
is_linear=0
shrinkage=0.0750466


Tree=222
num_leaves=9
num_cat=0
split_feature=142 125 9 9 140 83 115 73
split_gain=1.66403 2.5135 3.45812 2.27177 4.49385 5.22014 7.97078 2.919
threshold=1531764.9800000002 -28173.074999999993 1934.7000000000003 3165.5400000000004 5236.5900000000011 3873.2450000000003 2296.6450000000004 12.500000000000002
decision_type=10 8 2 2 8 2 8 2
left_child=1 2 -1 7 -5 -6 -7 -3
right_child=-2 3 -4 4 5 6 -8 -9
leaf_value=0.0088864139329877748 -0.019622591108602285 0.00051857387893154412 -0.043001357227444456 0.040181561765010532 -0.017201335509958414 -0.0082787046502594951 0.092147425062561808 -0.020248749987806205
leaf_weight=12.396985557648806 24.130780851281088 1551.9594223219719 17.36906600108523 23.964650282938237 32.70276443113471 10.895382813654578 7.5255413336853971 39.0782637470802
leaf_count=4443 4530 123204 5253 1917 3689 3094 2730 14424
internal_value=-5.40993e-05 0.00022434 -0.0213911 0.000610509 0.0133665 0.000796663 0.0327486 8.49736e-06
internal_weight=1720.02 1695.89 29.7661 1666.13 75.0883 51.1237 18.4209 1591.04
internal_count=163284 158754 9696 149058 11430 9513 5824 137628
is_linear=0
shrinkage=0.0750466


Tree=223
num_leaves=9
num_cat=0
split_feature=11 0 10 0 125 153 12 137
split_gain=1.72411 4.73632 2.18164 5.48134 7.94981 11.0209 6.75758 3.67548
threshold=-1.0000000180025095e-35 39510640.500000007 298.7000000000001 24777691.000000004 -1.0000000180025095e-35 6128.9250000000011 4.5000000000000009 16998.050000000003
decision_type=2 2 2 2 8 8 2 8
left_child=1 -1 -2 -4 5 -5 -6 -8
right_child=2 -3 3 4 6 -7 7 -9
leaf_value=0.0062337414299711742 -0.0010633617695385046 -0.040897949230242828 -0.01513553771119445 0.072417641408877284 0.028020452200072765 -0.0071625533727537856 0.0090303412847856559 -0.011236739056288319
leaf_weight=28.082730650829035 1312.4440647441879 20.978587571557 60.088258698429854 24.428043754243845 55.519120043842122 16.368238012702932 96.606329869515321 105.35512978810948
leaf_count=3077 133833 2588 4677 3733 443 3632 5132 6169
internal_value=-5.34912e-05 -0.0139197 0.000353675 0.0055433 0.00970908 0.0404886 0.00483225 -0.00154218
internal_weight=1719.87 49.0613 1670.81 358.365 298.277 40.7963 257.481 201.961
internal_count=163284 5665 157619 23786 19109 7365 11744 11301
is_linear=0
shrinkage=0.0750466


Tree=224
num_leaves=9
num_cat=0
split_feature=46 112 74 74 147 112 148 71
split_gain=1.68203 7.03643 9.27632 3.82253 4.38479 3.14028 2.28835 2.50076
threshold=1.0000000180025095e-35 278704.80000000005 2512.6750000000006 582.92500000000007 -10789.794999999998 82344.60000000002 5.9250000000000007 1.0000000180025095e-35
decision_type=2 8 2 2 10 10 10 2
left_child=6 2 3 -2 5 -5 -1 -8
right_child=1 -3 -4 4 -6 -7 7 -9
leaf_value=0.00014269373419074021 -0.044250107661235299 -0.033921905285506856 0.06581574331666494 0.011778697163888881 0.036309064572170036 -0.052972541473732315 0.050662452803002314 0.0042210667494311941
leaf_weight=1596.8680862528709 12.214114391412293 39.571782823079047 12.032027267632655 8.4751849819695071 14.047613275641199 8.3982109550888691 10.543825303087944 17.154568702037068
leaf_count=137723 2307 7314 1800 2019 1792 3435 4422 2472
internal_value=-5.32028e-05 -0.0097734 0.00754849 -0.00870446 0.00533643 -0.0204492 0.000513645 0.0218997
internal_weight=1719.31 94.7389 55.1672 43.1351 30.921 16.8734 1624.57 27.6984
internal_count=163284 18667 11353 9553 7246 5454 144617 6894
is_linear=0
shrinkage=0.0750466


Tree=225
num_leaves=9
num_cat=0
split_feature=8 138 120 6 138 6 6 8
split_gain=2.01951 4.44506 4.02141 3.24094 1.99366 1.97004 4.3002 2.90538
threshold=-8804.7999999999975 36105.985000000008 211140.00000000003 105.50000000000001 15804.530000000002 20.500000000000004 40.500000000000007 4104.1750000000011
decision_type=2 10 8 2 10 2 2 2
left_child=1 4 -3 -4 -1 -2 7 -7
right_child=5 2 3 -5 -6 6 -8 -9
leaf_value=0.011246920958715293 -0.0084262405471546963 -0.052922758054862247 0.032513800905467398 -0.020283152408252909 0.037726385009417135 -0.0041427663300762614 -0.0013174379685858234 0.017450801728209914
leaf_weight=41.612547566488502 166.84867859337101 9.5600656348033208 12.077798060428906 14.302099724805883 26.031547164318908 49.040679773190277 1276.4793888013019 123.38431654336819
leaf_count=2569 9807 2554 2562 4613 4345 3196 126718 6920
internal_value=-5.28406e-05 0.0101053 -0.0112226 0.00388946 0.021437 -0.000704067 0.00018518 0.0113092
internal_weight=1719.34 103.584 35.94 26.3799 67.6441 1615.75 1448.9 172.425
internal_count=163284 16643 9729 7175 6914 146641 136834 10116
is_linear=0
shrinkage=0.0750466


Tree=226
num_leaves=9
num_cat=0
split_feature=80 31 128 138 56 58 7 58
split_gain=1.674 4.01291 6.30078 4.17751 2.30417 7.89647 2.78921 2.92202
threshold=4.5000000000000009 18195.095000000005 21067.580000000005 5216.3500000000013 6037.6250000000009 3684.2700000000004 3181.8900000000008 5237.2400000000007
decision_type=2 2 10 8 2 2 2 2
left_child=-1 3 -3 -2 6 -6 7 -5
right_child=1 2 -4 4 5 -7 -8 -9
leaf_value=-0.00065707401875985771 0.028476534710281311 0.11211655144359357 -0.00079980937442598681 -0.0053306326589889685 -0.034336412360016257 0.1058909000171005 0.022524722389506167 -0.043849372150450365
leaf_weight=1611.2925276544775 28.039786869587264 5.188210349166182 6.0039890193766041 30.988933642271149 4.9917285856281506 4.1353156115164893 11.152070255462602 17.274902616012696
leaf_count=135173 2538 2413 2805 6614 2259 3207 3099 5176
internal_value=-5.14075e-05 0.00900363 0.0515432 0.00407405 -0.0059086 0.0291983 -0.0113015 -0.0191175
internal_weight=1719.07 107.775 11.1922 96.5827 68.543 9.12704 59.4159 48.2638
internal_count=163284 28111 5218 22893 20355 5466 14889 11790
is_linear=0
shrinkage=0.0750466


Tree=227
num_leaves=9
num_cat=0
split_feature=6 12 81 149 81 116 141 6
split_gain=1.75596 2.85921 3.82341 4.73637 2.5268 5.10705 6.56222 3.00772
threshold=289.50000000000006 6.5000000000000009 1920.7850000000001 5939.5000000000009 166963.90500000003 45741.250000000007 4.4850000000000012 135.50000000000003
decision_type=2 2 2 10 2 8 8 2
left_child=4 -2 -3 -4 -1 6 7 -6
right_child=1 2 3 -5 5 -7 -8 -9
leaf_value=-1.9377078187920545e-05 0.028130590816745894 -0.026509951278102233 -0.027555223565987882 0.047032624628232336 -0.046916053761053539 -0.057425388391155942 0.040014873704634045 0.0046046751966477874
leaf_weight=1595.2855984271246 32.014161600280204 18.842436689101305 7.4954485557882444 13.307627612681244 15.013562039609498 13.063451435908062 13.134738393124278 11.099742091199003
leaf_count=131827 1283 2217 2219 4429 6861 3556 4225 6667
internal_value=-5.13874e-05 0.0114488 -0.00202187 0.0201583 -0.000551571 -0.0167813 -0.00325319 -0.0250166
internal_weight=1719.26 71.6597 39.6455 20.8031 1647.6 52.3115 39.248 26.1133
internal_count=163284 10148 8865 6648 153136 21309 17753 13528
is_linear=0
shrinkage=0.0750466


Tree=228
num_leaves=9
num_cat=0
split_feature=48 147 145 113 113 20 147 20
split_gain=1.5538 5.47957 3.35882 4.06728 4.04211 2.56727 8.88351 7.8696
threshold=1.0000000180025095e-35 -41886.234999999993 5.5000000000000009 -318.49999999999994 -440.49999999999994 55.415000000000006 -7681.6749999999993 3581.3600000000001
decision_type=2 8 8 8 8 2 8 2
left_child=5 -2 3 -3 -4 -1 7 -7
right_child=1 2 4 -5 -6 6 -8 -9
leaf_value=0.00084953799579218377 -0.035710690765731516 0.01299625324982487 0.0054107094692205674 -0.028955158578942371 0.049093593148246219 -0.011919031935575438 -0.016478032965059768 0.025130024149346369
leaf_weight=1254.8422720904127 14.539450050213416 52.765838609782804 22.628174853871315 17.2777734745614 25.234523580435052 58.152870238094692 201.01036098765326 72.601247616288674
leaf_count=82048 7011 7558 3319 1672 1793 13761 14296 31826
internal_value=-5.07968e-05 0.00775828 0.0131186 0.00264803 0.0284415 -0.000702678 -0.00657367 0.00865246
internal_weight=1719.05 132.446 117.906 70.0436 47.8627 1586.61 331.764 130.754
internal_count=163284 21353 14342 9230 5112 141931 59883 45587
is_linear=0
shrinkage=0.0750466


Tree=229
num_leaves=9
num_cat=0
split_feature=64 7 24 151 16 108 18 10
split_gain=1.77823 4.13052 3.12903 6.0359 2.52888 10.9372 5.66052 7.80716
threshold=25194.515000000003 421.61500000000007 7.5000000000000009 4.5000000000000009 -176.96999999999997 1.0000000180025095e-35 252.93500000000003 -39.959999999999987
decision_type=2 2 2 8 2 2 2 2
left_child=4 -2 -3 -4 6 -6 -1 -8
right_child=1 2 3 -5 5 -7 7 -9
leaf_value=0.0018179345842503495 -0.049334708455786191 -0.014872382477632938 0.10356317781343534 -0.0084126480548147291 0.0023776175387739498 0.062438234902246828 -0.023248989698950905 0.00053961079618924262
leaf_weight=682.44676873548815 13.537108799086125 28.739684693139679 4.177140437979685 7.7251306659582051 652.11452172738609 17.535193380837882 143.53684969927053 169.39733602080014
leaf_count=13440 6476 8291 2079 4442 83327 2216 28106 14907
internal_value=-5.08122e-05 -0.0134308 -0.00147184 0.0308856 0.000384564 0.00395034 -0.00201434 -0.0103718
internal_weight=1719.21 54.1791 40.642 11.9023 1665.03 669.65 995.381 312.934
internal_count=163284 21288 14812 6521 141996 85543 56453 43013
is_linear=0
shrinkage=0.0750466


Tree=230
num_leaves=9
num_cat=0
split_feature=60 153 147 60 16 18 116 16
split_gain=1.6431 3.06726 6.32657 2.65283 3.91005 2.3791 2.09723 9.96953
threshold=1079.3350000000003 651.0150000000001 -10789.794999999998 433.49500000000006 -471.88999999999993 11352.675000000001 19720.290000000005 -6095.0899999999992
decision_type=2 10 8 2 2 2 10 2
left_child=3 -2 5 6 -5 -3 -1 -8
right_child=1 2 -4 4 -6 -7 7 -9
leaf_value=-0.0004319418968999692 -0.029967749428598235 0.010347101736174692 0.074193110478335239 0.051089290055425084 -0.005097770159378308 -0.033135678194982893 -0.029658765683512833 0.04528656867266815
leaf_weight=1585.3697518854415 28.844234683336254 14.153085271853344 5.8666331470740252 14.125952233898717 13.780098331057159 14.193511437224513 16.228075389142759 26.032431664494652
leaf_count=129734 2682 3589 1394 1986 3424 10377 2436 7662
internal_value=-5.16335e-05 -0.0119415 0.00325592 0.000401238 0.0233439 -0.0114253 7.88091e-06 0.0165075
internal_weight=1718.59 63.0575 34.2132 1655.54 27.9061 28.3466 1627.63 42.2605
internal_count=163284 18042 15360 145242 5410 13966 139832 10098
is_linear=0
shrinkage=0.0750466


Tree=231
num_leaves=9
num_cat=0
split_feature=13 127 0 72 72 31 58 58
split_gain=1.64211 2.21671 4.17025 2.69208 9.50931 6.2692 8.84438 8.18218
threshold=1.5000000000000002 145.50000000000003 52138181.000000007 387.90500000000003 1708.4500000000003 3706.1800000000007 4177.2050000000008 5237.2400000000007
decision_type=2 8 2 2 2 2 2 2
left_child=1 2 -1 5 -5 6 -3 -8
right_child=-2 3 -4 4 -6 -7 7 -9
leaf_value=0.0061719459766197858 -0.01703474129819596 0.0032307635701804074 -0.048356841608399266 -0.022726592059110796 0.00077827599123422126 -0.018749742886577773 0.089236135421854684 0.020591756450217266
leaf_weight=16.852855465913311 31.476117301732302 434.98122896494169 14.867416251068788 107.62164952726198 976.52143054112457 57.239521846799107 11.42645922028896 67.853488422668306
leaf_count=2495 829 52204 2339 7668 41747 29797 3272 22933
internal_value=-5.1205e-05 0.000265606 -0.0193859 0.000642107 -0.00155503 0.00481009 0.0074324 0.0304853
internal_weight=1718.84 1687.36 31.7203 1655.64 1084.14 571.501 514.261 79.2799
internal_count=163284 162455 4834 157621 49415 108206 78409 26205
is_linear=0
shrinkage=0.0750466


Tree=232
num_leaves=9
num_cat=0
split_feature=109 145 135 123 27 71 51 63
split_gain=1.55105 4.32693 4.04823 4.48464 4.1111 9.37574 7.3246 6.32263
threshold=1.0000000180025095e-35 19.500000000000004 -348.99999999999994 5.5000000000000009 2.5000000000000004 1.5000000000000002 1.0000000180025095e-35 4.5000000000000009
decision_type=2 10 10 8 2 2 2 2
left_child=1 -1 4 -4 -2 6 7 -6
right_child=2 -3 3 -5 5 -7 -8 -9
leaf_value=-0.003335323127974861 0.0089714692416088468 0.018756674734564691 -0.0024016231181562125 -0.055462175123469494 -0.0030497106026112822 0.073972262619339216 -0.030295233940075567 0.036221473161729779
leaf_weight=890.33987448767584 390.04105658693516 52.897662576357106 25.593494776788248 13.812813213677144 260.35697046989844 8.8527989105496072 51.575970708841851 25.336242971941829
leaf_count=42490 22007 3405 5099 2338 27243 953 52929 6820
internal_value=-5.21537e-05 -0.00209638 0.00243401 -0.0210006 0.00368845 -0.00226493 -0.00426604 0.000432991
internal_weight=1718.81 943.238 775.569 39.4063 736.163 346.122 337.269 285.693
internal_count=163284 45895 117389 7437 109952 87945 86992 34063
is_linear=0
shrinkage=0.0750466


Tree=233
num_leaves=9
num_cat=0
split_feature=82 0 147 112 12 29 12 52
split_gain=1.64305 5.41615 4.34287 3.03828 2.33299 3.26783 5.91853 3.21466
threshold=6.5000000000000009 17055618.500000004 -140209.23499999996 529449.63500000013 5.5000000000000009 1.0000000180025095e-35 6.5000000000000009 69684.140000000014
decision_type=2 2 10 8 2 2 2 2
left_child=4 -2 -3 -4 -1 6 -6 -7
right_child=1 2 3 -5 5 7 -8 -9
leaf_value=-0.0046789083742756468 0.056746663900717954 0.015975591690668894 -0.023046434870704128 -0.076361968508343009 0.022638798290222244 0.0012672618892896517 -0.0072439934060490692 -0.020175050604379088
leaf_weight=393.90504926341237 5.6409828734413159 13.134788353649126 28.034009931026958 7.6659262013163234 103.73619004656939 1067.5163620920921 58.309709097677114 40.886100581354185
leaf_count=6757 2988 2407 12081 4094 4272 76200 5274 49211
internal_value=-5.26874e-05 -0.0128778 -0.0209202 -0.034495 0.000367089 0.00193161 0.0118859 0.00047631
internal_weight=1718.83 54.4757 48.8347 35.6999 1664.35 1270.45 162.046 1108.4
internal_count=163284 21570 18582 16175 141714 134957 9546 125411
is_linear=0
shrinkage=0.0750466


Tree=234
num_leaves=9
num_cat=0
split_feature=64 22 120 22 16 120 6 145
split_gain=1.66688 4.55478 3.72716 6.20094 3.98058 5.00542 3.76104 6.68429
threshold=13076.395000000002 -1525.53 305273.25000000006 19850.095000000005 -68.659999999999982 91494.000000000015 135.50000000000003 5.5000000000000009
decision_type=2 2 8 2 2 10 2 10
left_child=-1 -2 3 -3 -5 -6 -4 -8
right_child=1 2 6 4 5 -7 7 -9
leaf_value=0.00050548319050038471 0.034285650701982522 -0.035408282668896382 -0.062808900530175862 0.079029885492254232 -0.051217031929781033 0.028972456010691622 0.016527201001649686 -0.076155616067945228
leaf_weight=1626.4329330844539 11.525679499061878 18.588388752617902 15.094070253426251 5.3243487196959931 6.0741789596140761 15.754776073074025 13.645356539542265 6.4558969584522847
leaf_count=128691 2538 3784 5435 2678 2412 6972 6545 4229
internal_value=-5.17323e-05 -0.00985324 -0.0161388 -0.00201232 0.0208496 0.00665873 -0.0344982 -0.0132396
internal_weight=1718.9 92.4627 80.937 45.7417 27.1533 21.829 35.1953 20.1013
internal_count=163284 34593 32055 15846 12062 9384 16209 10774
is_linear=0
shrinkage=0.0750466


Tree=235
num_leaves=9
num_cat=0
split_feature=8 28 18 125 135 134 135 57
split_gain=1.89845 4.52183 3.44695 4.30345 2.91357 2.80982 2.46359 3.93748
threshold=-8804.7999999999975 21895.940000000006 9395.760000000002 -1112.6649999999997 -1048.9999999999998 360218.03500000009 -348.99999999999994 1.5000000000000002
decision_type=2 2 2 8 8 10 10 2
left_child=1 4 -3 5 -1 -4 -2 -8
right_child=6 2 3 -5 -6 -7 7 -9
leaf_value=0.0071541295009577496 4.7105737199999879e-06 0.008601420376463104 -0.038651372611760722 -0.067943952912967287 0.040784160040501942 0.048823381440433633 -0.0035889797615458918 -0.040569194373069252
leaf_weight=29.504843219765462 1530.3247904739092 27.931003112356848 4.053179652488323 9.5553827112144081 28.546386506051931 4.2227577234407363 62.700563581347524 21.872696533426279
leaf_count=3093 136734 3544 2136 3938 1461 2471 4545 5362
internal_value=-5.19773e-05 0.00978529 -0.00785528 -0.0336331 0.0236915 0.00598221 -0.000684365 -0.013153
internal_weight=1718.71 103.814 45.7623 17.8313 58.0512 8.27594 1614.9 84.5733
internal_count=163284 16643 12089 8545 4554 4607 146641 9907
is_linear=0
shrinkage=0.0750466


Tree=236
num_leaves=9
num_cat=0
split_feature=13 127 151 135 74 149 134 81
split_gain=1.43906 1.95763 2.17683 1.76088 2.04392 8.88535 5.50754 6.30926
threshold=1.5000000000000002 145.50000000000003 15.500000000000002 -136.99999999999997 659.20500000000015 4024.5000000000005 93605.400000000009 75817.000000000015
decision_type=2 8 8 10 2 8 8 2
left_child=1 2 -1 4 5 -3 -6 -8
right_child=-2 3 -4 -5 6 -7 7 -9
leaf_value=-0.038743194033631245 -0.016060476787813936 -0.0031346245454217658 0.00091369798524967177 -0.018768822398384101 0.0087486962523337358 0.016865711626470499 -0.0017903283677978734 -0.02436582701659001
leaf_weight=15.180474547181804 31.049650065833703 316.61622177326899 16.024643417556945 26.034003410029982 255.12118530463704 206.81965830383342 774.9289200471776 76.614321521215061
leaf_count=3076 829 43466 1758 2129 16020 18687 46817 30502
internal_value=-5.07925e-05 0.00024381 -0.0183783 0.000594692 0.000903943 0.0047679 -0.00092365 -0.00382147
internal_weight=1718.39 1687.34 31.2051 1656.13 1630.1 523.436 1106.66 851.543
internal_count=163284 162455 4834 157621 155492 62153 93339 77319
is_linear=0
shrinkage=0.0750466


Tree=237
num_leaves=9
num_cat=0
split_feature=33 33 10 8 71 81 5 5
split_gain=1.72864 2.89729 1.82323 3.20787 8.5541 7.98242 6.82587 5.81313
threshold=175039.38000000003 453889.19500000007 567.17500000000007 14788.655000000001 1.0000000180025095e-35 42044.910000000011 63.500000000000007 63.500000000000007
decision_type=2 2 2 2 2 2 2 2
left_child=2 -2 3 -1 6 7 -5 -6
right_child=1 -3 -4 4 5 -7 -8 -9
leaf_value=0.001446225727838037 -0.03567502804991473 0.019320440580894757 0.0060339925761476749 0.0054836668376284335 -0.012187584002439553 -0.038379666463127793 0.06343060773922346 0.013050134791914096
leaf_weight=1022.1355869113922 18.14276318666089 7.6784173176929462 259.35686836668538 53.323579878960118 224.04474113633478 51.779507694074709 14.578916363039751 66.704530582108418
leaf_count=81560 7206 2402 15794 26729 9619 12051 3914 4009
internal_value=-4.99957e-05 -0.0193211 0.000244109 -0.000804112 -0.00640834 -0.0112322 0.0179251 -0.00639747
internal_weight=1717.74 25.8212 1691.92 1432.57 410.431 342.529 67.9025 290.749
internal_count=163284 9608 153676 137882 56322 25679 30643 13628
is_linear=0
shrinkage=0.0750466


Tree=238
num_leaves=9
num_cat=0
split_feature=11 149 56 113 8 39 151 112
split_gain=1.74083 4.31945 5.81817 6.67069 5.37342 6.34879 5.01702 6.5591
threshold=318.30500000000006 1894.5000000000002 70.440000000000012 -501.99999999999994 9683.5850000000009 58697.880000000012 2.5000000000000004 95013.000000000015
decision_type=2 8 2 8 2 2 8 10
left_child=-1 2 3 -2 5 -3 7 -6
right_child=1 4 -4 -5 6 -7 -8 -9
leaf_value=-0.0013444482983967245 0.012711140187467 0.028716290486140442 -0.035209780355871599 -0.034625789239173518 -0.014234837392217202 -0.0362895114007293 -0.0066351859469768112 0.049205135050504042
leaf_weight=1327.7834875848621 75.001120003911637 96.022666168186333 31.060484230667498 21.593141190325696 15.020090477642951 9.2792063608085282 117.81325967476823 23.601182463165969
leaf_count=50667 15593 23431 13995 3046 3394 3443 43389 6326
internal_value=-5.04573e-05 0.00436192 -0.00695597 0.00212922 0.00988191 0.022988 0.00105973 0.0245329
internal_weight=1717.17 389.391 127.655 96.5943 261.736 105.302 156.435 38.6213
internal_count=163284 112617 32634 18639 79983 26874 53109 9720
is_linear=0
shrinkage=0.0750466


Tree=239
num_leaves=9
num_cat=0
split_feature=97 149 83 131 39 127 81 149
split_gain=1.63608 11.8048 5.06988 3.08983 2.54643 3.11109 3.21633 2.2626
threshold=147.50000000000003 5939.5000000000009 34076.275000000009 41.055000000000007 313319.83000000002 1408.5000000000002 15997.960000000001 2306.5000000000005
decision_type=2 8 2 8 2 8 2 10
left_child=4 2 7 -4 -1 -6 -7 -2
right_child=1 -3 3 -5 5 6 -8 -9
leaf_value=-5.5446700485391918e-05 0.04989669341841356 0.099988697573403312 -0.0045167854486686566 -0.076208513567062708 -0.066007815897229552 -0.031841100989915681 0.032887142610514397 -0.0003248992287426422
leaf_weight=1649.6181374190928 8.1950212881620264 7.4911744288710898 6.8892841905471842 6.6577817336055896 7.1314667474689513 11.569026126380779 6.9033642290014532 13.174343337916069
leaf_count=139693 2042 2449 2725 3433 1972 3007 4017 3946
internal_value=-5.1453e-05 0.0145059 -0.0038341 -0.0397501 -0.000419966 -0.0239054 -0.00765134 0.0189348
internal_weight=1717.63 42.4076 34.9164 13.5471 1675.22 25.6039 18.4724 21.3694
internal_count=163284 14595 12146 6158 148689 8996 7024 5988
is_linear=0
shrinkage=0.0750466


Tree=240
num_leaves=9
num_cat=0
split_feature=63 118 10 10 6 16 141 141
split_gain=1.59588 3.01838 3.08546 1.51127 5.51987 3.30396 3.36524 4.02995
threshold=8.5000000000000018 11457.295000000002 -910.38999999999987 -3005.3049999999998 31.500000000000004 -7736.8999999999987 0.79500000000000015 2.9250000000000003
decision_type=2 8 2 2 2 2 10 10
left_child=3 -2 -3 4 -1 -6 -7 -8
right_child=1 2 -4 -5 5 6 7 -9
leaf_value=0.048261361479599724 -0.026883316422854908 0.079457759104419337 0.013193775141536981 0.00016972659755920959 0.019451941795854685 -0.035724073945027447 0.055157761350607903 -0.022302459726100475
leaf_weight=8.0848744653194426 6.0504536067091976 5.8054589277544499 12.433233182098773 1614.5737994914198 11.580854920845011 42.172524987332508 5.7181177220227282 11.175979455683771
leaf_count=1643 3702 4013 3537 128286 2210 12103 2495 5295
internal_value=-5.13861e-05 0.0190486 0.0342859 -0.00032536 -0.0104782 -0.0172003 -0.0243865 0.00391538
internal_weight=1717.6 24.2891 18.2387 1693.31 78.7324 70.6475 59.0666 16.8941
internal_count=163284 11252 7550 152032 23746 22103 19893 7790
is_linear=0
shrinkage=0.0750466


Tree=241
num_leaves=9
num_cat=0
split_feature=102 147 83 22 57 83 83 142
split_gain=1.57922 2.05302 1.69939 7.76344 5.92602 2.53852 4.30193 7.23583
threshold=1.0000000180025095e-35 -140209.23499999996 175657.12500000003 6061.1650000000009 1.5000000000000002 92470.055000000008 53371.560000000005 208324.80000000002
decision_type=2 10 2 2 2 2 2 10
left_child=2 -2 5 -4 -5 6 -1 -8
right_child=1 -3 3 4 -6 -7 7 -9
leaf_value=-0.00014145525051734661 0.0029136088787071108 -0.02478537752744811 0.081954543128735111 -0.046618278838916324 0.044450914638389107 -0.021624432349675159 -0.0038654205330216742 0.058961393046768
leaf_weight=1560.9989050266668 28.086340385183576 32.519759092136155 7.7720331467025998 9.7258053505975131 6.8645410302242444 29.765207406837362 23.05612710699279 18.696269184340053
leaf_count=127885 1067 3906 966 2952 4779 9278 5312 7139
internal_value=-5.0495e-05 -0.011949 0.000384734 0.0200591 -0.00893683 9.11288e-05 0.000494415 0.0242677
internal_weight=1717.48 60.6061 1656.88 24.3624 16.5903 1632.52 1602.75 41.7524
internal_count=163284 4973 158311 8697 7731 149614 140336 12451
is_linear=0
shrinkage=0.0750466


Tree=242
num_leaves=9
num_cat=0
split_feature=8 10 112 112 147 39 73 85
split_gain=1.52314 3.05387 3.69138 6.11462 3.0775 1.86623 5.85304 7.0852
threshold=-8804.7999999999975 -386.05499999999995 190026.00000000003 278704.80000000005 -28410.649999999998 58697.880000000012 7.5000000000000009 8269.6500000000015
decision_type=2 2 8 8 10 2 2 2
left_child=1 2 4 -4 -1 -2 -7 -8
right_child=5 -3 3 -5 -6 6 7 -9
leaf_value=-0.045322446472205083 -0.00018079467539458422 0.036897305357464542 0.05829641994113096 0.00023660134976337692 0.001785591739160812 -0.038276030147340392 -0.017433996984986311 0.077332975937554616
leaf_weight=13.034154452441724 1566.7484249363506 17.951864644575835 13.666344306064273 40.463730801275233 19.487810747086769 26.748071356843866 12.681025226227577 6.8397954922857016
leaf_count=2827 130613 961 2543 7381 2931 6189 4949 4890
internal_value=-5.03623e-05 0.00872535 0.00288891 0.0148951 -0.0170944 -0.000619466 -0.0154737 0.0157709
internal_weight=1717.62 104.604 86.652 54.1301 32.522 1613.02 46.2689 19.5208
internal_count=163284 16643 15682 9924 5758 146641 16028 9839
is_linear=0
shrinkage=0.0750466


Tree=243
num_leaves=9
num_cat=0
split_feature=95 124 151 120 39 120 135 149
split_gain=1.46286 2.09721 2.41815 4.11161 3.83724 3.51925 3.91604 3.75103
threshold=5.5000000000000009 704.27500000000009 1.5000000000000002 52785.000000000007 82168.650000000009 253368.00000000003 -1840.4999999999998 1894.5000000000002
decision_type=2 10 8 10 2 10 10 10
left_child=1 2 3 -1 -4 6 -5 -7
right_child=-2 -3 4 5 -6 7 -8 -9
leaf_value=-0.020482606279073664 0.013201500331271746 -0.022069558298827098 0.0021251165596670577 0.024156135131086397 -0.023940711168520024 -0.034561269006110951 -0.0012802183314227307 -0.0023942583263237512
leaf_weight=80.094552909780759 45.668661093710398 24.808318818049884 1245.3057478718056 43.679336626129952 32.641869132827196 31.298839626979316 155.23393381234564 58.723638391285931
leaf_count=4328 3369 6016 112531 4840 13036 2821 11993 4350
internal_value=-5.01587e-05 -0.000412158 -8.5934e-05 -0.00543717 0.00145933 -0.0012665 0.00430535 -0.013578
internal_weight=1717.45 1671.79 1646.98 369.03 1277.95 288.936 198.913 90.0225
internal_count=163284 159915 153899 28332 125567 24004 16833 7171
is_linear=0
shrinkage=0.0750466


Tree=244
num_leaves=9
num_cat=0
split_feature=80 16 6 135 72 72 140 135
split_gain=1.76793 4.70599 4.06165 5.98678 4.27251 6.03316 4.87146 8.60348
threshold=4.5000000000000009 1.0000000180025095e-35 40.500000000000007 -1444.9999999999998 1624.8900000000001 2333.3600000000006 10829.135000000002 -1048.9999999999998
decision_type=2 2 2 10 2 2 10 10
left_child=-1 2 -2 -4 6 -6 -5 -8
right_child=1 -3 3 4 5 -7 7 -9
leaf_value=-0.00067058033785411604 0.055695286717234296 -0.039550106271973279 -0.01478960444212494 0.080390387411754305 -0.030666947511322398 0.042059803146862182 -0.076043242915997095 0.060631317047210913
leaf_weight=1609.821673039396 11.756588392283446 10.072652148895939 35.722066937130876 12.610970794701645 13.383699231580978 12.354237392191861 3.9957807211540022 7.3937424273171946
leaf_count=135173 2443 3296 7401 3428 2219 2690 2048 4586
internal_value=-4.89178e-05 0.00927878 0.0143379 0.0086485 0.0254817 0.00424197 0.0482591 0.0126818
internal_weight=1717.11 107.29 97.2171 85.4605 49.7384 25.7379 24.0005 11.3895
internal_count=163284 28111 24815 22372 14971 4909 10062 6634
is_linear=0
shrinkage=0.0750466


Tree=245
num_leaves=9
num_cat=0
split_feature=7 64 116 71 16 58 20 96
split_gain=1.55863 3.35835 3.73372 3.57324 3.45647 3.77841 4.07899 8.50278
threshold=1655.0800000000002 25194.515000000003 26569.950000000004 1.5000000000000002 583.0250000000002 9791.8950000000023 104.79500000000002 1.0000000180025095e-35
decision_type=2 2 8 2 2 2 2 2
left_child=1 3 -3 4 5 6 -1 -8
right_child=-2 2 -4 -5 -6 -7 7 -9
leaf_value=0.00053771661661265052 0.0021269052196711412 -0.047116175419704621 0.025650437917716335 0.027472716674195867 0.025209804086475149 -0.023010992363996251 -0.048162591418655108 -0.002007480155881149
leaf_weight=593.96577037771931 891.20125616193764 17.698469732198646 5.1202964675740104 23.137136493052822 24.634745020593982 51.338983694455237 31.459370270451473 78.750694819756973
leaf_count=45448 67598 8022 2145 763 3553 13659 4562 17534
internal_value=-4.98453e-05 -0.00239812 -0.0307881 -0.00159165 -0.00245362 -0.00335563 -0.00192263 -0.0151824
internal_weight=1717.31 826.105 22.8188 803.287 780.15 755.515 704.176 110.21
internal_count=163284 95686 10167 85519 84756 81203 67544 22096
is_linear=0
shrinkage=0.0750466


Tree=246
num_leaves=9
num_cat=0
split_feature=99 116 98 72 116 25 24 64
split_gain=1.77004 4.94245 2.684 5.74082 6.14626 2.43214 3.61146 4.2608
threshold=1.0000000180025095e-35 -1.0000000180025095e-35 1.0000000180025095e-35 897.20000000000016 1.0000000180025095e-35 35114.595000000008 1.0000000180025095e-35 839.90500000000009
decision_type=2 10 2 2 8 2 2 2
left_child=2 -2 5 4 -4 6 7 -1
right_child=1 -3 3 -5 -6 -7 -8 -9
leaf_value=-0.00034706397936644297 0.031088458195877348 -0.0049878506319100246 0.047119347030961989 -0.042652445825615719 -0.039682734038672063 -0.017719921507482573 0.0072229855165979332 -0.018262825920893861
leaf_weight=1122.4950202476211 37.201413348957431 50.312870612511688 11.376307911541517 24.876903533651785 7.7063743032786087 42.92944573472414 339.66088267611667 80.096989110192226
leaf_count=34752 766 4708 2894 2737 2788 27211 77360 10068
internal_value=-4.9492e-05 0.0103478 -0.000608015 -0.0188998 0.0120651 -0.000100755 0.000389684 -0.00154032
internal_weight=1716.66 87.5143 1629.14 43.9596 19.0827 1585.18 1542.25 1202.59
internal_count=163284 5474 157810 8419 5682 149391 122180 44820
is_linear=0
shrinkage=0.0750466


Tree=247
num_leaves=9
num_cat=0
split_feature=0 149 127 150 113 111 16 147
split_gain=1.65015 6.19822 5.55367 4.31196 3.59228 2.70786 2.68692 5.65693
threshold=15842220.000000002 2810.5000000000005 5238.5000000000009 7173.1900000000014 -501.99999999999994 1.0000000180025095e-35 -176.96999999999997 -1.0000000180025095e-35
decision_type=2 8 10 8 8 10 2 10
left_child=1 -1 3 -3 -4 6 -2 -8
right_child=5 2 4 -5 -6 -7 7 -9
leaf_value=-0.039433163673363941 -0.0026140669146244972 0.036030386321305598 -0.059995310207393973 -0.0018745182535801536 -0.0037268955535595498 0.017171921533795726 0.0051014962070766619 -0.033589385089181523
leaf_weight=28.027655784746457 894.66744497197033 25.067409185550787 11.916895602758812 51.891000173962311 13.778002646738971 53.774731801080634 615.11333477983226 22.04539479851519
leaf_count=2862 57266 2367 2309 6053 2738 526 87140 2023
internal_value=-4.85971e-05 -0.00815427 0.00038587 0.0104721 -0.0298233 0.000619451 3.83768e-05 0.00376281
internal_weight=1716.28 130.681 102.653 76.9584 25.6949 1585.6 1531.83 637.159
internal_count=163284 16329 13467 8420 5047 146955 146429 89163
is_linear=0
shrinkage=0.0750466


Tree=248
num_leaves=9
num_cat=0
split_feature=80 9 64 31 137 150 105 106
split_gain=1.56198 6.04047 5.73122 5.33074 10.1378 4.92017 4.47231 7.84192
threshold=2.5000000000000004 116.42500000000003 1745.0100000000002 18195.095000000005 23022.290000000005 46702.920000000006 1.0000000180025095e-35 4721.3250000000007
decision_type=2 2 2 2 8 10 2 2
left_child=2 -2 -1 6 -5 -6 -3 -8
right_child=1 3 -4 4 5 -7 7 -9
leaf_value=0.00046106016453549055 0.034216225359257231 -0.0084245938734552831 -0.016337871575247836 0.12281626784185735 -0.031187338109673689 0.06851209831055495 0.070903632623951579 -0.0062651476452450063
leaf_weight=1350.8345638171231 35.343267658976401 154.83254425348787 124.95928707060193 5.6540956846256449 8.4154096525944642 4.1687405995744475 11.825966953470926 19.890862190652115
leaf_count=70025 4243 32454 36427 1659 4329 2724 2953 8470
internal_value=-4.80127e-05 0.00556516 -0.000961349 0.000620415 0.0393442 0.00184001 -0.00316547 0.0225081
internal_weight=1715.92 240.131 1475.79 204.788 18.2382 12.5842 186.549 31.7168
internal_count=163284 56832 106452 52589 8712 7053 43877 11423
is_linear=0
shrinkage=0.0750466


Tree=249
num_leaves=9
num_cat=0
split_feature=33 97 135 99 58 135 113 63
split_gain=1.58235 3.96468 1.63179 1.58045 1.87091 5.23941 4.8228 4.04376
threshold=115002.37000000001 5.5000000000000009 -989.49999999999989 2.5000000000000004 232.54500000000004 -228.49999999999997 -2054.4999999999995 5.5000000000000009
decision_type=2 2 8 2 2 10 8 2
left_child=3 -2 -3 4 -1 6 -6 -8
right_child=1 2 -4 -5 5 -7 7 -9
leaf_value=-0.0017619636335325123 0.0027184903698997611 -0.077365633251771329 -0.024380114439278004 0.017557463801021484 -0.028220249864995699 -0.032779570369250381 0.0084889194651564942 -0.02020740171488964
leaf_weight=1116.6026675104295 24.243074605248694 5.9843379043231835 7.226442211391257 29.333446907709003 23.259670050996647 21.350158547804313 458.39769394499126 29.432002664590982
leaf_count=56647 4772 5974 3666 831 4951 3692 67772 14979
internal_value=-4.97353e-05 -0.0153057 -0.048382 0.000290711 -1.64333e-05 0.0036442 0.00516576 0.0067576
internal_weight=1715.83 37.4539 13.2108 1678.38 1649.04 532.44 511.089 487.83
internal_count=163284 14412 9640 148872 148041 91394 87702 82751
is_linear=0
shrinkage=0.0750466


Tree=250
num_leaves=9
num_cat=0
split_feature=7 73 73 0 7 0 73 151
split_gain=1.63672 4.73056 2.89535 5.30335 6.25519 5.05638 4.9487 6.58852
threshold=278.72500000000008 1.0000000180025095e-35 6.5000000000000009 46112960.000000007 2050.3150000000005 49848695.500000007 9.5000000000000018 25.500000000000004
decision_type=2 2 2 2 2 2 2 8
left_child=-1 -2 3 4 -3 -5 -4 -8
right_child=1 2 6 5 -6 -7 7 -9
leaf_value=-0.0038735212016337162 0.025557537641543233 -0.014608254665364463 0.015890927126721507 0.024840645026361838 0.0017560321233915791 0.0012931356059211229 0.002907631594564003 -0.044537653801448217
leaf_weight=460.84288049324641 43.895982123387512 266.53173995381076 160.38694878985734 61.397438003026764 259.77557165051985 314.10019919159822 129.99084361997757 18.87793580097059
leaf_count=54084 1456 15255 21575 2894 13700 13044 37358 3918
internal_value=-4.86017e-05 0.00135598 0.000478771 -0.00167005 -0.00653114 0.00514338 0.00674485 -0.00310887
internal_weight=1715.8 1254.96 1211.06 901.805 526.307 375.498 309.256 148.869
internal_count=163284 109200 107744 44893 28955 15938 62851 41276
is_linear=0
shrinkage=0.0750466


Tree=251
num_leaves=9
num_cat=0
split_feature=134 125 18 22 84 9 125 8
split_gain=1.42447 2.26313 4.81672 3.68425 4.27599 2.25243 6.48864 3.94516
threshold=1378588.4800000002 -28173.074999999993 252.93500000000003 9727.2900000000027 1.0000000180025095e-35 2120.0400000000004 -2063.0949999999998 11254.315000000002
decision_type=10 8 2 2 2 2 10 2
left_child=1 2 -1 -4 -5 -3 7 -7
right_child=-2 5 3 4 -6 6 -8 -9
leaf_value=0.034310044338294855 -0.018340137543400584 -0.00096428233501899389 -0.066632685786369522 -0.042366818702862102 0.055711965788258842 0.012300577392952573 0.035886797489052359 -0.003870219893233752
leaf_weight=6.8996784771807169 23.646998508967954 1270.1646875078641 11.643378424390905 6.679412525118094 4.0043852651024281 139.79961686938077 36.038563887765122 216.64600672894449
leaf_count=698 4549 119087 2686 3155 3154 7222 4087 18646
internal_value=-4.83959e-05 0.000207264 -0.0204947 -0.0374307 -0.00560599 0.000571173 0.00554024 0.00247204
internal_weight=1715.52 1691.88 29.2269 22.3272 10.6838 1662.65 392.484 356.446
internal_count=163284 158735 9693 8995 6309 149042 29955 25868
is_linear=0
shrinkage=0.0750466


Tree=252
num_leaves=9
num_cat=0
split_feature=7 112 27 140 7 58 153 27
split_gain=1.42201 3.9308 2.55648 3.98756 7.40744 9.47596 5.66318 3.44767
threshold=5005.1550000000016 114015.60000000002 29.500000000000004 22906.025000000005 3181.8900000000008 1545.3650000000002 9905.9850000000024 13.500000000000002
decision_type=2 8 2 10 2 2 10 2
left_child=2 -2 3 -1 5 -5 7 -7
right_child=1 -3 -4 4 -6 6 -8 -9
leaf_value=-0.0010775346458331569 0.043350515315587784 0.0027283611697555706 -0.021735796194444174 0.066674339634988658 0.080451968878553784 0.0095652469409135601 0.047710506998417883 -0.034194536064391351
leaf_weight=1482.0506321172379 15.228001438197678 112.73287609361432 31.769374970253921 12.469387829187324 9.0380820477384969 16.377316099853488 9.0754498072947154 26.624500151076063
leaf_count=106712 3291 17505 13739 3516 3219 3811 2980 8511
internal_value=-4.78156e-05 0.00756261 -0.000661293 -0.000230906 0.0168208 0.00791092 -0.00615941 -0.0175285
internal_weight=1715.37 127.961 1587.4 1555.64 73.5847 64.5467 52.0773 43.0018
internal_count=163284 20796 142488 128749 22037 18818 15302 12322
is_linear=0
shrinkage=0.0750466


Tree=253
num_leaves=9
num_cat=0
split_feature=12 21 84 56 118 107 81 134
split_gain=1.50228 6.93877 3.30713 4.85871 4.65299 6.60895 4.50772 4.37469
threshold=5.5000000000000009 1.0000000180025095e-35 2.5000000000000004 169.85500000000002 2451.8550000000005 137.50000000000003 1.0000000180025095e-35 139352.40000000002
decision_type=2 2 2 2 10 2 2 8
left_child=-1 -2 -3 4 6 -6 7 -4
right_child=1 2 3 -5 5 -7 -8 -9
leaf_value=-0.0040776897577761472 0.024616108769019159 0.00110806108320516 -0.012144601814208518 -0.03685106689283086 0.12495841010415237 -0.009769726382944724 -0.02002404185328837 0.062088234590715559
leaf_weight=399.75412646046607 67.474769679771271 1138.5034472588704 9.2501521999147389 32.547468363582084 3.7282000113154918 4.5570451328676427 51.078642852633493 8.6541923223448958
leaf_count=7249 2860 101654 2629 23498 1665 3317 17141 3271
internal_value=-4.86448e-05 0.00117543 -9.15996e-05 -0.012529 -0.00228384 0.0508553 -0.00866615 0.0237364
internal_weight=1715.55 1315.79 1248.32 109.816 77.2682 8.28525 68.983 17.9043
internal_count=163284 156035 153175 51521 28023 4982 23041 5900
is_linear=0
shrinkage=0.0750466


Tree=254
num_leaves=9
num_cat=0
split_feature=11 138 127 5 126 153 80 127
split_gain=1.50746 4.92669 6.25139 4.25205 5.00499 4.35771 4.05939 18.7924
threshold=318.30500000000006 19815.575000000004 3655.5000000000005 59.500000000000007 1.4150000000000003 4779.9750000000013 1.0000000180025095e-35 1221.5000000000002
decision_type=2 10 10 2 8 10 2 10
left_child=1 -1 3 4 5 -3 7 -2
right_child=6 2 -4 -5 -6 -7 -8 -9
leaf_value=0.00021595455247689867 0.041221395035015915 0.043462736411701612 -0.055458607836245712 0.022268246680136904 -0.028384437772908978 -0.016486104783013874 -0.001584821612878636 -0.014343000855201299
leaf_weight=1200.7671698397135 71.122532303517801 12.416908540719307 18.709754533861997 20.522879655145516 57.551892064848289 15.174820598262157 253.27169003085055 66.178635606387616
leaf_count=35647 8412 2237 3156 1286 5501 2840 88299 15906
internal_value=-4.90739e-05 -0.00125675 -0.0154747 -0.008395 -0.015786 0.0104922 0.00404836 0.0144396
internal_weight=1715.72 1325.14 124.376 105.667 85.1436 27.5917 390.573 137.301
internal_count=163284 50667 15020 11864 10578 5077 112617 24318
is_linear=0
shrinkage=0.0750466


Tree=255
num_leaves=9
num_cat=0
split_feature=85 17 0 120 0 127 85 153
split_gain=1.48491 9.73301 7.0489 10.0014 6.89005 10.1713 7.58848 4.93295
threshold=8269.6500000000015 3.5000000000000004 44238857.000000007 856148.06500000006 35799005.000000007 3462.5000000000005 35229.000000000007 9905.9850000000024
decision_type=2 2 2 8 2 8 2 10
left_child=-1 2 4 -4 7 6 -6 -2
right_child=1 -3 3 -5 5 -7 -8 -9
leaf_value=-0.00081115320475534387 -0.0049412753627601086 0.059652727692518372 -0.034142401630118502 0.034140977329496155 0.1188770042545486 -0.016058850220283753 0.018844266829573495 0.067562774418226348
leaf_weight=1533.6197021463176 64.102685544612541 17.449290509841376 51.201304856542265 15.811280032381545 10.734470821491419 9.8133627598745061 7.0932973140115783 5.7598594324481374
leaf_count=94176 26484 3233 20210 2956 3889 4116 3744 4476
internal_value=-5.06324e-05 0.0063591 0.000706547 -0.0180313 0.0135847 0.0453005 0.0790761 0.00103636
internal_weight=1715.59 181.966 164.516 67.0126 97.5037 27.6411 17.8278 69.8625
internal_count=163284 69108 65875 23166 42709 11749 7633 30960
is_linear=0
shrinkage=0.0750466


Tree=256
num_leaves=9
num_cat=0
split_feature=102 74 72 18 81 39 18 80
split_gain=1.55373 2.81472 1.80994 6.37874 2.4918 2.31548 3.32903 4.41754
threshold=1.0000000180025095e-35 1068.0300000000002 2506.0200000000004 3102.7650000000003 35190.005000000012 11730.585000000001 13442.075000000003 1.5000000000000002
decision_type=2 2 2 2 2 2 2 2
left_child=2 -2 5 -4 -5 -1 -7 -8
right_child=1 -3 3 4 -6 6 7 -9
leaf_value=0.0015369908990121289 0.0060827024217026395 -0.026605450748948049 -0.023927916775705604 0.033909718075333335 -0.0062534683975407467 0.0083019228019432009 -0.054964359944099692 0.0021407393425947004
leaf_weight=1505.8493237236053 26.93649551728231 33.025678220190457 62.485846461677284 19.521335735407774 15.694430287952853 21.354000988430926 17.585851647156236 13.47575751779368
leaf_count=133009 1918 3055 1738 1621 3601 2242 7373 8727
internal_value=-5.36999e-05 -0.0119211 0.000376017 -0.00953247 0.0160104 0.000997269 -0.0145084 -0.0301899
internal_weight=1715.93 59.9622 1655.97 97.7016 35.2158 1558.26 52.4156 31.0616
internal_count=163284 4973 158311 6960 5222 151351 18342 16100
is_linear=0
shrinkage=0.0750466


Tree=257
num_leaves=9
num_cat=0
split_feature=80 74 5 120 80 82 138 5
split_gain=1.4435 8.61987 10.2804 3.30475 7.72485 4.92952 3.99613 3.89256
threshold=4.5000000000000009 391.17500000000007 41.500000000000007 211140.00000000003 7.5000000000000009 2.5000000000000004 26813.160000000003 51.500000000000007
decision_type=2 2 2 10 2 2 8 2
left_child=-1 2 -2 5 7 -3 -6 -5
right_child=1 3 -4 4 6 -7 -8 -9
leaf_value=-0.00061712284992857078 0.002654763272921119 -0.045583322635401678 0.093007562065272262 0.0071376218902884378 0.096874172968199862 0.0035709185186748277 0.018357387814559416 -0.065944570398313071
leaf_weight=1607.6676808064267 15.624368756878541 19.78358973221475 12.987810412389079 11.400318416568554 6.7346993906558037 27.412017242973889 7.9722403725281765 6.413940817137699
leaf_count=135173 2882 3404 2502 4168 1177 6843 4592 2543
internal_value=-5.21132e-05 0.00833297 0.0436682 -0.00434966 0.0140577 -0.0170337 0.0543123 -0.0191753
internal_weight=1716 108.329 28.6122 79.7168 32.5212 47.1956 14.7069 17.8143
internal_count=163284 28111 5384 22727 12480 10247 5769 6711
is_linear=0
shrinkage=0.0750466


Tree=258
num_leaves=9
num_cat=0
split_feature=82 125 142 11 28 20 11 82
split_gain=1.57034 5.61 4.18311 2.54991 2.75818 4.32369 2.2449 4.48919
threshold=6.5000000000000009 -3240.0249999999996 2459808.8900000006 1025.2150000000004 37185.225000000013 203.56500000000003 421.10500000000008 4.5000000000000009
decision_type=2 10 8 2 2 2 2 2
left_child=6 2 3 -2 -5 -6 -1 -8
right_child=1 -3 -4 4 5 -7 7 -9
leaf_value=-0.00089623547619662402 -0.046785568222187657 0.049473080057125578 0.026928167056661793 -0.037251577498360292 0.092949504181368506 -0.030172811625311491 0.0035328815724361634 0.037143784004949588
leaf_weight=1377.8283933234125 24.763826426558808 7.1127748943144971 8.123938500251823 7.6461735325246973 3.1137868194455223 3.3181448171399097 259.73936096266789 24.490745284221703
leaf_count=57188 7839 3104 998 4078 2268 3283 73539 10987
internal_value=-5.30332e-05 -0.0126383 -0.0220448 -0.0322876 -0.00678535 0.0294324 0.000356455 0.00642897
internal_weight=1716.14 54.0786 46.9659 38.8419 14.0781 6.43193 1662.06 284.23
internal_count=163284 21570 18466 17468 9629 5551 141714 84526
is_linear=0
shrinkage=0.0750466


Tree=259
num_leaves=9
num_cat=0
split_feature=7 134 73 134 140 81 12 80
split_gain=1.38434 4.56894 3.85643 3.35875 5.0329 4.26198 8.86394 4.5596
threshold=278.72500000000008 106977.60000000002 1.0000000180025095e-35 93605.400000000009 1.0000000180025095e-35 133292.36000000002 6.5000000000000009 2.5000000000000004
decision_type=2 8 2 8 8 2 2 2
left_child=1 -1 -2 4 -4 7 -7 -5
right_child=2 -3 3 5 -6 6 -8 -9
leaf_value=-0.01662938700471837 0.022869055190650873 0.00071491031881334131 -0.014021714765762366 -0.0025293015708760243 0.011848104205493645 -0.078846017916998343 -0.0042401829659524833 0.014936442091917869
leaf_weight=113.68103322169918 44.756865309318528 345.53588282647252 51.195133860648639 775.63343274412728 245.24976519440679 12.220315299113279 33.710253524332984 94.429542911388126
leaf_count=12388 1456 41696 3148 48472 21597 2121 17044 15362
internal_value=-5.23188e-05 -0.00357874 0.00123578 0.000437194 0.00738047 -0.00180987 -0.0240899 -0.000633712
internal_weight=1716.41 459.217 1257.2 1212.44 296.445 915.994 45.9306 870.063
internal_count=163284 54084 109200 107744 24745 82999 19165 63834
is_linear=0
shrinkage=0.0750466


Tree=260
num_leaves=9
num_cat=0
split_feature=109 16 58 135 135 73 64 151
split_gain=1.35061 4.85383 4.87277 6.66028 3.86037 4.55672 3.85825 4.05252
threshold=1.0000000180025095e-35 -3350.2649999999999 3684.2700000000004 -989.49999999999989 -348.99999999999994 6.5000000000000009 1745.0100000000002 4.5000000000000009
decision_type=2 2 2 8 10 2 2 10
left_child=6 2 -2 -4 -3 -6 -1 -8
right_child=1 4 3 -5 5 -7 7 -9
leaf_value=-0.00074403404001769367 -0.015467610406675176 0.0066030227160961338 -0.0069503398034912647 0.073305842606870203 -0.046016767696661888 0.01243480508613821 -0.0079079261125905419 -0.05176927077032837
leaf_weight=883.8963455624762 130.36255989148776 588.44138673456655 17.297697484675155 8.779499247919377 17.366640230167835 13.23642650590318 40.032236221970379 16.860470928157156
leaf_count=31315 11760 92067 4670 2500 2209 4183 6666 7914
internal_value=-5.19621e-05 0.00226683 -0.00954382 0.0200698 0.00525153 -0.0207353 -0.00196333 -0.0209065
internal_weight=1716.27 775.484 156.44 26.0772 619.044 30.6031 940.789 56.8927
internal_count=163284 117389 18930 7170 98459 6392 45895 14580
is_linear=0
shrinkage=0.0750466


Tree=261
num_leaves=9
num_cat=0
split_feature=63 63 0 149 27 0 0 123
split_gain=1.57691 2.92441 3.66327 8.36322 1.67714 6.72621 7.01344 6.30401
threshold=8.5000000000000018 14.500000000000002 35799005.000000007 3839.0000000000005 2.5000000000000004 49848695.500000007 70230055.500000015 5.5000000000000009
decision_type=2 2 2 10 2 2 2 8
left_child=4 2 3 -2 -1 7 -7 -6
right_child=1 -3 -4 -5 5 6 -8 -9
leaf_value=0.001331979811051766 0.13091742175438995 -0.031719701836656879 -0.011714805348580262 0.0054367196286424294 0.0072657234780110934 -0.023593213536063438 0.03338576704683148 -0.012560210887126267
leaf_weight=1134.6852942569094 5.0551385621774951 5.0804333630476313 6.8558241895971141 7.3277207961255044 287.65105944537027 124.88088345963843 13.479673345842455 131.67218023190799
leaf_count=37710 1814 2694 2687 4057 62208 21957 2785 27372
internal_value=-5.16061e-05 0.0189226 0.0322959 0.0566626 -0.000324262 -0.00369412 -0.0180421 0.00104016
internal_weight=1716.69 24.3191 19.2387 12.3829 1692.37 557.684 138.361 419.323
internal_count=163284 11252 8558 5871 152032 114322 24742 89580
is_linear=0
shrinkage=0.0750466


Tree=262
num_leaves=9
num_cat=0
split_feature=22 33 22 33 74 27 27 96
split_gain=1.60345 4.48842 7.54278 3.99052 13.9861 16.8666 5.62742 3.69883
threshold=319.2050000000001 17595.285000000003 -9370.4499999999989 1.0000000180025095e-35 1588.4450000000004 4.5000000000000009 15.500000000000002 1.0000000180025095e-35
decision_type=2 2 2 2 2 2 2 2
left_child=1 7 -3 -2 -5 -6 -7 -1
right_child=3 2 -4 4 5 6 -8 -9
leaf_value=-0.0010208806691576245 -0.0044595016322111058 0.015349656638699907 -0.03923598000625525 -0.020627730241571787 0.12083360116612739 -0.075706323802507552 0.060282389844187996 0.0082218535465493191
leaf_weight=564.63649029742373 620.44604738673297 23.235794771419023 36.896852617772311 22.58381768997333 12.045650670319448 4.5008595648605469 2.767694074760584 429.21884803261491
leaf_count=10627 102115 4713 8165 14020 1337 2517 3644 16146
internal_value=-5.21978e-05 0.00176617 -0.0181436 -0.00294577 0.0194703 0.0663563 -0.023925 0.0029708
internal_weight=1716.33 1053.99 60.1326 662.344 41.898 19.3142 7.26855 993.855
internal_count=163284 39651 12878 123633 21518 7498 6161 26773
is_linear=0
shrinkage=0.0750466


Tree=263
num_leaves=9
num_cat=0
split_feature=4 5 5 27 99 149 149 57
split_gain=1.41853 2.67665 5.71264 6.81707 3.48166 3.06432 3.56122 2.85937
threshold=1.5000000000000002 67.500000000000014 63.500000000000007 2.5000000000000004 1.5000000000000002 3075.5000000000005 5939.5000000000009 2.5000000000000004
decision_type=2 2 2 2 2 8 8 2
left_child=1 2 4 -4 7 -3 -7 -1
right_child=-2 5 3 -5 -6 6 -8 -9
leaf_value=-0.0018284937238419717 -0.012850157217477559 0.0047537961466120205 0.032887925108672722 -0.0076096745928450008 0.024130571254578483 -0.03189551312034633 -0.0047273037764569235 0.0084549018505119602
leaf_weight=1182.9244571172167 47.448369881945837 63.224411372779286 65.764231659588404 36.349075810552677 33.097545322889346 46.165895624371842 66.049319196143188 174.78724453643008
leaf_count=93508 2213 3627 1931 5657 1381 4422 4549 45996
internal_value=-5.48644e-05 0.000309035 0.00133948 0.0184721 8.16084e-05 -0.00845969 -0.0159044 -0.000504644
internal_weight=1715.81 1668.36 1492.92 102.113 1390.81 175.44 112.215 1357.71
internal_count=163284 161071 148473 7588 140885 12598 8971 139504
is_linear=0
shrinkage=0.0750466


Tree=264
num_leaves=9
num_cat=0
split_feature=56 97 147 97 149 56 25 56
split_gain=1.44384 2.97771 3.59591 1.83119 11.3609 7.64358 7.05705 2.1653
threshold=11582.655000000002 32.500000000000007 -37831.119999999995 147.50000000000003 5939.5000000000009 280.34000000000003 3329.2250000000004 2970.1600000000003
decision_type=2 2 10 2 8 2 2 2
left_child=3 2 -2 7 5 6 -5 -1
right_child=1 -3 -4 4 -6 -7 -8 -9
leaf_value=-0.00079294540257982243 -0.037243985461602541 -0.045568805960312354 0.043731823978348773 0.051629728260136565 0.099651907921129587 -0.066933023145022474 -0.028344353871556972 0.01190176390529399
leaf_weight=1571.0182030462529 5.6277476542654767 11.648692544026742 6.8454881188808958 14.48629807998441 7.456954618841336 7.9687280149937569 10.882502705044315 79.501117640360462
leaf_count=111361 2489 8855 3689 2105 1909 4050 4221 24605
internal_value=-5.32718e-05 -0.0182842 0.00719668 0.000206743 0.0159138 -0.00281679 0.0173231 -0.000181475
internal_weight=1715.44 24.1219 12.4732 1691.31 40.7945 33.3375 25.3688 1650.52
internal_count=163284 15033 6178 148251 12285 10376 6326 135966
is_linear=0
shrinkage=0.0750466


Tree=265
num_leaves=9
num_cat=0
split_feature=102 33 32 22 142 82 73 22
split_gain=1.47314 2.48907 5.25373 5.85042 6.09127 7.17886 2.45501 2.37313
threshold=1.0000000180025095e-35 17595.285000000003 10.500000000000002 3393.0150000000008 91494.000000000015 1.0000000180025095e-35 6.5000000000000009 319.2050000000001
decision_type=2 2 2 2 8 2 2 2
left_child=1 7 3 6 -5 -6 -3 -1
right_child=-2 2 -4 4 5 -7 -8 -9
leaf_value=0.0033539906376806638 -0.011646389167512983 -0.027192111370026167 0.023410122532321359 0.11863413547691397 0.045475484333574311 -0.063518572740884002 -0.068810616886568324 -0.0026147897294138442
leaf_weight=959.67599847438396 59.590141701255561 35.854251455886697 17.83439801984423 2.7050286098419773 7.4083946078280842 6.2955289841793274 10.268808514043483 615.93924348439577
leaf_count=26056 4973 6125 2338 2228 3690 8786 6986 102102
internal_value=-5.35924e-05 0.000363572 -0.0125192 -0.0227664 0.0157186 -0.00459596 -0.036458 0.00102068
internal_weight=1715.57 1655.98 80.3664 62.532 16.409 13.7039 46.1231 1575.62
internal_count=163284 158311 30153 27815 14704 12476 13111 128158
is_linear=0
shrinkage=0.0750466


Tree=266
num_leaves=9
num_cat=0
split_feature=6 28 56 102 6 116 116 142
split_gain=1.52963 3.54062 3.77756 2.32923 2.78613 1.99886 5.29316 2.52542
threshold=289.50000000000006 2982.1750000000006 525.36000000000013 1.0000000180025095e-35 85.500000000000014 45741.250000000007 77957.780000000013 154836.00000000003
decision_type=2 2 2 2 2 10 8 10
left_child=3 -2 -3 5 -5 7 -7 -1
right_child=1 2 -4 4 -6 6 -8 -9
leaf_value=-0.0022107290938502638 0.026060021402800233 -0.023439486903620008 0.032136683481090819 0.0011122759136462722 -0.032499525354005521 -0.053494257347006996 0.011005162969108764 0.0039075100516405724
leaf_weight=901.80017576651699 38.790462941979058 23.681385823461824 9.7132827301720663 27.888720075894526 27.669310308430795 13.63902435640375 15.098270323331237 656.62721180726567
leaf_count=59052 1176 4373 4599 1542 2952 3842 3686 82062
internal_value=-5.33994e-05 0.0106387 -0.00727442 -0.000523234 -0.0156273 5.4758e-06 -0.0196069 0.000367127
internal_weight=1714.91 72.1851 33.3947 1642.72 55.558 1587.16 28.7373 1558.43
internal_count=163284 10148 8972 153136 4494 148642 7528 141114
is_linear=0
shrinkage=0.0750466


Tree=267
num_leaves=9
num_cat=0
split_feature=112 120 83 56 28 131 83 142
split_gain=1.54162 7.53478 5.85045 4.66797 5.52425 4.10943 9.27024 3.7613
threshold=228031.20000000004 211140.00000000003 1.0000000180025095e-35 4317.5350000000008 1395.8750000000002 1777.0950000000003 92470.055000000008 586124.29000000015
decision_type=10 10 2 2 2 10 2 8
left_child=1 3 -2 -1 -5 -4 7 -7
right_child=2 -3 5 4 -6 6 -8 -9
leaf_value=0.00066953766421107936 -0.010553551279625499 0.02351294785269388 0.004406580861957333 0.0057821674913334439 -0.04442774180275532 0.13822977845168974 -0.044007660536124503 0.044010092336177316
leaf_weight=1200.3478554414069 262.39392925987158 79.821576038655621 108.4001934929056 21.774720258421439 28.486131379797371 4.5569944581420687 4.2778530248851885 5.0094117466524049
leaf_count=79142 18079 9051 32424 2604 13993 2448 2878 2665
internal_value=-5.1628e-05 0.00115816 -0.00423617 -0.000268662 -0.0226751 0.00932388 0.0478262 0.088892
internal_weight=1715.07 1330.43 384.638 1250.61 50.2609 122.244 13.8443 9.56641
internal_count=163284 104790 58494 95739 16597 40415 7991 5113
is_linear=0
shrinkage=0.0750466


Tree=268
num_leaves=9
num_cat=0
split_feature=82 138 104 129 58 97 135 138
split_gain=1.30718 4.59105 5.22841 5.18507 4.64112 2.23427 6.15731 5.7617
threshold=6.5000000000000009 70187.215000000011 2404.6500000000005 3.5000000000000004 1208.2600000000002 147.50000000000003 -744.49999999999989 21996.515000000003
decision_type=2 8 2 8 2 2 10 10
left_child=5 3 -3 4 -2 -1 7 -7
right_child=1 2 -4 -5 -6 6 -8 -9
leaf_value=-7.8086206642218105e-05 -0.034205762543797535 -0.013860796227730524 0.075453788258065452 -0.043490282745228329 0.062729392620640118 0.070294340390773702 -0.037889469375753777 -0.00097748354030167874
leaf_weight=1628.0803972095237 5.2289132261612377 8.8924637971795146 6.3112101865535797 26.803131401109567 5.9439340994358645 13.825713302328952 8.0390707694396024 11.875035371567717
leaf_count=131991 2142 3254 2751 10268 3155 2288 2467 4968
internal_value=-5.25902e-05 -0.0116347 0.0232147 -0.0255866 0.0173636 0.000318046 0.019433 0.0373632
internal_weight=1715 53.1797 15.2037 37.976 11.1728 1661.82 33.7398 25.7007
internal_count=163284 21570 6005 15565 5297 141714 9723 7256
is_linear=0
shrinkage=0.0750466


Tree=269
num_leaves=9
num_cat=0
split_feature=0 149 8 135 111 153 57 151
split_gain=1.45144 5.62745 3.93267 2.40439 2.31665 2.05355 4.39749 2.33614
threshold=15842220.000000002 2810.5000000000005 9683.5850000000009 -927.99999999999989 1.0000000180025095e-35 20451.255000000001 3.5000000000000004 6.5000000000000009
decision_type=2 8 2 10 10 10 2 10
left_child=1 -1 -3 -4 5 7 -7 -2
right_child=4 2 3 -5 -6 6 -8 -9
leaf_value=-0.037951560239614365 -0.00060139439351832794 0.020037899954199693 -0.0011828750259808467 -0.032447744019869953 0.015913613353621663 -0.041417954578898436 0.022232678631835635 0.0090767736369017551
leaf_weight=27.312535696988562 1347.1526097270571 36.772437715439082 45.974540355442514 19.827999046679906 53.563657834616606 18.396741121841846 9.1553254885402549 156.81800298443977
leaf_count=2862 92944 3401 5278 4788 526 3997 3691 45797
internal_value=-5.26259e-05 -0.00767947 0.000381053 -0.0106038 0.000572344 3.57967e-05 -0.0202674 0.000407742
internal_weight=1714.97 129.888 102.575 65.8025 1585.09 1531.52 27.5521 1503.97
internal_count=163284 16329 13467 10066 146955 146429 7688 138741
is_linear=0
shrinkage=0.0750466


Tree=270
num_leaves=9
num_cat=0
split_feature=33 6 21 6 56 116 6 6
split_gain=1.36163 2.92739 1.78075 1.35755 4.59663 5.4462 4.31271 6.40809
threshold=175039.38000000003 76.500000000000014 1.0000000180025095e-35 76.500000000000014 1873.6050000000002 77957.780000000013 54.500000000000007 40.500000000000007
decision_type=2 2 2 2 2 8 2 2
left_child=3 -2 -3 4 5 6 7 -1
right_child=1 2 -4 -5 -6 -7 -8 -9
leaf_value=0.0013325199842551931 -0.042384359181971434 0.039214396985566266 -0.018350877441959988 -0.0017163281794194052 -0.022485631588569498 0.013860986134170177 0.010627415136870887 -0.021239377166211836
leaf_weight=262.75895077453606 12.861705046990211 5.7662570448155748 6.369849747308761 929.9092480343752 39.142952702412003 216.9525071509488 143.70210959143878 96.980620270544023
leaf_count=15879 3554 823 5231 105314 10781 5065 9863 6774
internal_value=-5.09841e-05 -0.0174378 0.00900025 0.000206279 0.00256015 0.00392102 -0.000362494 -0.00475254
internal_weight=1714.44 24.9978 12.1361 1689.45 759.537 720.394 503.442 359.74
internal_count=163284 9608 6054 153676 48362 37581 32516 22653
is_linear=0
shrinkage=0.0750466


Tree=271
num_leaves=9
num_cat=0
split_feature=63 64 64 16 64 150 56 63
split_gain=1.35795 11.04 3.29339 5.10833 4.31767 4.67465 2.3154 2.16917
threshold=8.5000000000000018 25194.515000000003 13076.395000000002 1.0000000180025095e-35 29265.620000000006 12306.960000000001 1493.2650000000001 3.5000000000000004
decision_type=2 2 2 2 2 8 2 2
left_child=2 -2 7 4 -4 -6 -3 -1
right_child=1 6 3 -5 5 -7 -8 -9
leaf_value=-6.5423594189045243e-05 0.081215391398994474 -0.00052499203236022003 -0.027088298521564403 -0.075969265063418431 0.050208790220739 -0.012950163563440644 -0.061773728403010382 0.017385110410756566
leaf_weight=1578.7743101626802 9.4378321946151136 9.8862954822652664 34.311624826757907 7.2491890684577802 11.174738771156624 16.121542736173073 5.3611132780042672 41.163918182484849
leaf_count=113742 3699 3676 11654 2836 3786 6330 3877 13684
internal_value=-4.9831e-05 0.0174246 -0.000305256 -0.0163798 -0.00936812 0.0129063 -0.0220605 0.000378008
internal_weight=1713.48 24.6852 1688.8 68.8571 61.6079 27.2963 15.2474 1619.94
internal_count=163284 11252 152032 24606 21770 10116 7553 127426
is_linear=0
shrinkage=0.0750466


Tree=272
num_leaves=9
num_cat=0
split_feature=60 81 123 60 150 60 81 64
split_gain=1.42194 3.22409 4.96028 8.89436 7.56725 2.25595 2.30602 5.02132
threshold=1079.3350000000003 23460.585000000003 5.5000000000000009 3338.9950000000003 13973.205000000002 433.49500000000006 15997.960000000001 1.0000000180025095e-35
decision_type=2 2 8 2 10 2 2 2
left_child=5 -2 3 -3 -5 6 -1 -8
right_child=1 2 -4 4 -6 -7 7 -9
leaf_value=0.0015706802433273113 -0.025903389676762534 -0.041216438323559014 -0.040181415408580105 0.1246615067602667 0.0049304721286729082 0.021356209425646266 -0.011803706032369382 0.0059590957498804643
leaf_weight=1241.5245600766029 35.704555068617992 6.3812916636961807 8.1123294376320683 6.3422591311882552 5.5961345595878811 28.351149982690913 237.51745864846271 143.95362929174553
leaf_count=60699 6435 2467 3897 1846 3397 5410 34362 44771
internal_value=-5.01099e-05 -0.011195 0.00867313 0.0303069 0.0685375 0.000369249 2.64036e-06 -0.00510066
internal_weight=1713.48 62.1366 26.432 18.3197 11.9384 1651.35 1623 381.471
internal_count=163284 18042 11607 7710 5243 145242 139832 79133
is_linear=0
shrinkage=0.0750466


Tree=273
num_leaves=9
num_cat=0
split_feature=13 16 17 51 149 24 16 9
split_gain=1.38361 1.7873 2.95098 2.90438 4.78429 6.19315 7.90601 3.8542
threshold=1.5000000000000002 -176.96999999999997 3.5000000000000004 1.0000000180025095e-35 352.50000000000006 1.0000000180025095e-35 -1.0000000180025095e-35 2506.1000000000004
decision_type=2 2 2 2 10 2 2 2
left_child=1 2 -1 4 -3 -6 -7 -8
right_child=-2 3 -4 -5 5 6 7 -9
leaf_value=-0.0026140330305026585 -0.015788450246398366 -0.0085837409614168622 0.017772591298579637 -0.0098991766348883337 0.0020703221641154555 0.049973781846586185 0.0052198649867335623 0.039209886313458897
leaf_weight=963.82356278668885 30.894078902900219 116.32628490406933 41.719667092322197 83.332037615103218 308.52545903127611 38.217639590933686 107.56170535183628 22.765087895160832
leaf_count=59665 829 4008 2540 55990 16350 2696 14657 6549
internal_value=-5.04923e-05 0.000238527 -0.0017682 0.0032203 0.0050627 0.00839018 0.0199589 0.0111571
internal_weight=1713.17 1682.27 1005.54 676.728 593.396 477.07 168.544 130.327
internal_count=163284 162455 62205 100250 44260 40252 23902 21206
is_linear=0
shrinkage=0.0750466


Tree=274
num_leaves=9
num_cat=0
split_feature=22 151 73 7 120 22 38 73
split_gain=1.35451 3.92835 6.9432 8.47775 7.29295 5.00521 3.46688 3.99815
threshold=319.2050000000001 5.5000000000000009 4.5000000000000009 1655.0800000000002 253368.00000000003 -3026.8199999999993 1.5000000000000002 6.5000000000000009
decision_type=2 10 2 2 8 2 2 2
left_child=1 -1 -3 5 -5 -4 7 -2
right_child=6 2 3 4 -6 -7 -8 -9
leaf_value=0.00018050819160992957 -0.0062606677143639293 0.047430389152055483 0.013694966534956509 0.067337707128444821 -0.006253252476594473 -0.043760624166102248 -0.039432660978225224 0.0061013483652998923
leaf_weight=958.78178376190408 418.65169614320803 28.171286734956084 13.886765864674087 15.869709642465752 14.5268331292973 22.175197105951156 14.172034088085637 227.3728099783948
leaf_count=26488 47570 1837 3968 2410 2340 2608 6766 69297
internal_value=-5.00629e-05 0.00162027 0.0162078 0.00297281 0.0321678 -0.0216356 -0.00271525 -0.00190977
internal_weight=1713.61 1053.41 94.6298 66.4585 30.3965 36.062 660.197 646.025
internal_count=163284 39651 13163 11326 4750 6576 123633 116867
is_linear=0
shrinkage=0.0750466


Tree=275
num_leaves=9
num_cat=0
split_feature=13 127 5 23 5 116 5 5
split_gain=1.2308 1.68835 3.66768 1.83095 4.63841 5.72593 3.73849 6.11848
threshold=1.5000000000000002 145.50000000000003 42.500000000000007 2.5000000000000004 65.500000000000014 1544.9900000000002 67.500000000000014 61.500000000000007
decision_type=2 8 2 2 2 8 2 2
left_child=1 2 -1 6 5 -5 7 -3
right_child=-2 3 -4 4 -6 -7 -8 -9
leaf_value=-0.043344301725968253 -0.01497776960024797 0.00079589810141877178 0.0086187502734581638 -0.029847040629471817 0.017627904761685236 0.0092683159056923137 -0.0099785124929582802 0.017331863423543616
leaf_weight=15.231959708831711 30.555959336925298 1238.4958692369828 15.368772535759488 61.5320678378921 29.615949520793947 32.058521623512206 150.49414895356495 140.29776695961664
leaf_count=3003 829 122813 1831 6967 3028 4570 9985 10258
internal_value=-5.08523e-05 0.00022014 -0.0172466 0.000543588 -0.00825731 -0.0164485 0.00125263 0.0024785
internal_weight=1713.65 1683.1 30.6007 1652.49 123.207 93.5906 1529.29 1378.79
internal_count=163284 162455 4834 157621 14565 11537 143056 133071
is_linear=0
shrinkage=0.0750466


Tree=276
num_leaves=9
num_cat=0
split_feature=131 64 113 113 125 7 104 7
split_gain=1.4049 3.18911 7.3145 7.17228 3.90265 3.13083 3.02446 2.79644
threshold=392.95500000000004 2722.4100000000003 -501.99999999999994 -409.99999999999994 -7683.0649999999987 -1795.6649999999997 4164.1500000000005 1.0000000180025095e-35
decision_type=10 2 10 10 10 2 2 2
left_child=-1 5 4 -4 6 -2 -3 -7
right_child=1 2 3 -5 -6 7 -8 -9
leaf_value=0.00062926940136150773 0.017399795898322769 -0.054625011637357918 0.14366447010237995 0.014154242598861276 0.030051551803416548 -0.044890427915773898 0.017069462492113951 -0.011928680773611465
leaf_weight=1557.7904391191714 16.892837543953647 10.459215015178414 4.1016171853989363 5.8334734199434006 9.1447730515701569 17.397476907701275 4.8508131502730967 86.917286512170904
leaf_count=120822 4351 5209 2351 3396 4456 4324 3675 14700
internal_value=-4.98902e-05 -0.00684941 0.0133209 0.0676214 -0.00873936 -0.0125723 -0.0319094 -0.017426
internal_weight=1713.39 155.597 34.3899 9.93509 24.4548 121.208 15.31 104.315
internal_count=163284 42462 19087 5747 13340 23375 8884 19024
is_linear=0
shrinkage=0.0750466


Tree=277
num_leaves=9
num_cat=0
split_feature=60 141 134 139 60 112 125 153
split_gain=1.34177 4.45955 3.54045 3.27582 1.99165 1.86534 8.18701 4.88196
threshold=1079.3350000000003 2.2850000000000006 93605.400000000009 220.48000000000005 8398.8100000000031 720815.33500000008 -3240.0249999999996 6128.9250000000011
decision_type=2 10 8 10 2 10 10 8
left_child=5 2 -2 -3 -4 -1 7 -7
right_child=1 3 4 -5 -6 6 -8 -9
leaf_value=-0.00024405626534362179 0.01520387313378713 0.078627345828905251 -0.041200681249658616 -0.0041690840304016126 -0.0023706604021339018 0.010120255845239181 0.064450467436232659 -0.039958547662985011
leaf_weight=1562.6402954124987 12.137259043516677 4.8515152453182946 28.932404946799579 6.0441338842920231 10.014481259198872 61.749469560865691 13.630344708921255 13.330196916898783
leaf_count=130116 2092 2344 7522 2699 3385 7248 2478 5400
internal_value=-4.99636e-05 -0.0108903 -0.0201871 0.0326978 -0.0312162 0.000356905 0.0109429 0.0012289
internal_weight=1713.33 61.9798 51.0841 10.8956 38.9469 1651.35 88.71 75.0797
internal_count=163284 18042 12999 5043 10907 145242 15126 12648
is_linear=0
shrinkage=0.0750466


Tree=278
num_leaves=9
num_cat=0
split_feature=46 142 72 81 83 57 83 83
split_gain=1.43713 6.67187 5.44046 2.96831 2.00365 5.226 2.68986 2.9181
threshold=1.0000000180025095e-35 91494.000000000015 1.0000000180025095e-35 1.0000000180025095e-35 175657.12500000003 2.5000000000000004 92470.055000000008 53371.560000000005
decision_type=2 8 2 2 2 2 2 2
left_child=4 -2 3 -3 6 -6 7 -1
right_child=1 2 -4 -5 5 -7 -8 -9
leaf_value=1.6654925888911649e-05 0.032007772012970608 -0.017033776035897317 -0.0039434460996377336 -0.067539833367540769 -0.00062464674537334461 0.074140430561633899 -0.022566708369593156 0.019924555762477425
leaf_weight=1522.8983526571228 17.972616096747515 11.416479284156596 48.805111181982284 15.386030601983292 17.862050042338527 7.4663830818517445 28.8497296790365 42.628589980413381
leaf_count=115811 3185 2925 4260 8297 4374 4179 8683 11570
internal_value=-4.94682e-05 -0.00909201 -0.0188618 -0.0460269 0.000472975 0.0214148 0.000140291 0.000558738
internal_weight=1713.29 93.5802 75.6076 26.8025 1619.71 25.3284 1594.38 1565.53
internal_count=163284 18667 15482 11222 144617 8553 136064 127381
is_linear=0
shrinkage=0.0750466


Tree=279
num_leaves=9
num_cat=0
split_feature=12 16 73 16 5 5 113 52
split_gain=1.4083 3.79201 5.88405 2.88302 6.0417 3.25672 8.34722 8.79724
threshold=5.5000000000000009 -4047.3549999999991 2.5000000000000004 -4047.3549999999991 55.500000000000007 39.500000000000007 -2054.4999999999995 1.0000000180025095e-35
decision_type=2 2 2 2 2 2 8 2
left_child=1 -1 -3 4 -2 6 -5 -8
right_child=3 2 -4 5 -6 -7 7 -9
leaf_value=0.003929898374295626 -0.012245591573245637 -0.022172734403107942 0.0028097846696249675 -0.031091106379875333 0.011099868837465382 0.00015880769466845385 0.017488015930004909 -0.024125108458329169
leaf_weight=184.36042656149948 210.88944628852005 116.17992909980239 97.786827595729847 26.431078853514919 88.689577109016682 695.10762852164953 261.72078819305716 32.123797755508349
leaf_count=1550 18525 2256 3443 4671 3621 92547 12222 24449
internal_value=-4.91267e-05 -0.00395843 -0.0107553 0.00113507 -0.00533423 0.00304378 0.00930516 0.0129388
internal_weight=1713.29 398.327 213.967 1314.96 299.579 1015.38 320.276 293.845
internal_count=163284 7249 5699 156035 22146 133889 41342 36671
is_linear=0
shrinkage=0.0750466


Tree=280
num_leaves=9
num_cat=0
split_feature=27 16 71 64 27 104 58 58
split_gain=1.34252 4.91117 3.10143 4.3126 1.91285 2.05251 3.90984 3.54199
threshold=32.500000000000007 -68.659999999999982 1.0000000180025095e-35 1.0000000180025095e-35 23.500000000000004 5806.3500000000013 7157.0650000000014 5237.2400000000007
decision_type=2 2 2 2 2 2 2 2
left_child=4 -2 3 -3 -1 7 -7 -6
right_child=1 2 -4 -5 5 6 -8 -9
leaf_value=-0.00014832237365392537 -0.045776383224249845 0.11845289837310753 -0.018634144171761142 -0.0056322547954735609 0.055092095605270681 -0.075875929177918175 0.038753356353838107 0.0019010994934391986
leaf_weight=1650.2629452614101 14.882773104778609 3.0885082340882928 6.5513634723829455 3.2242998246911156 13.062809154689605 3.4245093856625308 3.2818419821105635 15.319465845195735
leaf_count=137730 6514 1421 2251 3255 2927 2375 2390 4421
internal_value=-4.92213e-05 -0.0164226 0.0175374 0.0550758 0.000220343 0.0175591 -0.0197806 0.026382
internal_weight=1713.1 27.7469 12.8642 6.31281 1685.35 35.0886 6.70635 28.3823
internal_count=163284 13441 6927 4676 149843 12113 4765 7348
is_linear=0
shrinkage=0.0750466


Tree=281
num_leaves=9
num_cat=0
split_feature=103 107 127 106 103 127 0 0
split_gain=1.33754 11.5594 6.18216 4.37331 3.47152 2.63954 2.28176 2.15329
threshold=5.5000000000000009 97.500000000000014 339.50000000000006 1.0000000180025095e-35 3.5000000000000004 3233.5000000000005 39510640.500000007 49848695.500000007
decision_type=2 2 10 2 2 10 2 2
left_child=4 2 -2 5 -1 -3 -6 -8
right_child=1 3 -4 -5 6 -7 7 -9
leaf_value=8.6216920324112223e-05 0.10085620923858729 -0.069260788154255987 0.016723036170752471 0.028109810069500862 -0.046490707667873894 0.0044699252384243267 0.02752946893616174 -0.030575791238450101
leaf_weight=1643.9287401540605 8.8060703838491481 10.303710033904283 11.143316217072423 5.7317161955597831 14.941846210316728 3.7225644288955655 6.4687989514040956 8.0768538891024928
leaf_count=132605 1584 5724 3510 4104 6801 3235 2710 3011
internal_value=-4.85576e-05 0.0135645 0.0538612 -0.0271225 -0.000371573 -0.0496927 -0.0258934 -0.004735
internal_weight=1713.12 39.7074 19.9494 19.758 1673.42 14.0263 29.4875 14.5457
internal_count=163284 18157 5094 13063 145127 8959 12522 5721
is_linear=0
shrinkage=0.0750466


Tree=282
num_leaves=9
num_cat=0
split_feature=8 127 131 22 71 127 131 127
split_gain=1.34627 3.03746 3.97888 3.29917 3.2539 2.58922 2.24899 3.70258
threshold=-8804.7999999999975 510.50000000000006 392.95500000000004 319.2050000000001 1.0000000180025095e-35 1922.5000000000002 392.95500000000004 991.50000000000011
decision_type=2 8 8 2 2 10 10 10
left_child=1 -1 5 -4 -5 -3 -2 -8
right_child=6 2 3 4 -6 -7 7 -9
leaf_value=0.032646009520429738 0.00024033969988745011 -0.037262481133830287 0.00082594383461154924 0.010339242601606447 0.076406710861229257 0.0019936189583671911 0.013686244378759512 -0.016939997840547977
leaf_weight=22.471962578172679 1479.7754153624282 17.717729909421905 27.618006124694148 8.4915805980599544 8.3043567788990913 20.309924450546532 28.607152974438577 99.761532339522091
leaf_count=3165 111456 2231 1846 3866 1487 4048 6581 28604
internal_value=-4.88993e-05 0.00818788 0.00152107 0.0167766 0.0430048 -0.0162965 -0.000586258 -0.0101149
internal_weight=1713.06 104.914 82.4416 44.4139 16.7959 38.0277 1608.14 128.369
internal_count=163284 16643 13478 7199 5353 6279 146641 35185
is_linear=0
shrinkage=0.0750466


Tree=283
num_leaves=9
num_cat=0
split_feature=10 127 120 115 97 10 147 8
split_gain=1.42229 4.17984 4.17387 4.64945 7.91367 4.10443 3.39622 2.9937
threshold=-3005.3049999999998 3233.5000000000005 154836.00000000003 1678.7950000000003 3.5000000000000004 -5498.3249999999989 -37831.119999999995 2732.7600000000007
decision_type=2 10 8 10 2 2 8 2
left_child=1 2 -1 4 -4 -5 -6 -3
right_child=-2 7 3 5 6 -7 -8 -9
leaf_value=-0.040002574668627076 0.00043712074314613159 -0.059814952407516622 0.041136553504720869 0.080661791471199951 -0.0033806460470333739 0.0056508941377068867 -0.063651577576868401 0.0011467230483457767
leaf_weight=11.85707523851306 1630.9654854185974 13.442464634394129 12.364411482487411 8.013638680862643 10.203066530169961 8.4302566185160668 10.880827222787959 6.8481440568830285
leaf_count=3000 136692 5103 1085 3085 3384 2802 2304 5829
internal_value=-4.78718e-05 -0.0096896 2.06302e-05 0.0095323 -0.00653084 0.0422061 -0.0344848 -0.0392402
internal_weight=1713.01 82.0399 61.7493 49.8922 33.4483 16.4439 21.0839 20.2906
internal_count=163284 26592 15660 12660 6773 5887 5688 10932
is_linear=0
shrinkage=0.0750466


Tree=284
num_leaves=9
num_cat=0
split_feature=11 112 112 20 83 11 82 112
split_gain=1.34225 3.98607 1.89817 6.52271 6.76164 8.47785 10.2317 4.84475
threshold=-1.0000000180025095e-35 190026.00000000003 228031.20000000004 16705.170000000002 3873.2450000000003 1958.5550000000001 2.5000000000000004 164689.20000000004
decision_type=2 10 10 2 2 2 2 10
left_child=1 -1 7 -4 -5 6 -6 -2
right_child=2 -3 3 4 5 -7 -8 -9
leaf_value=-0.034129521517648483 -0.00025839794912455732 0.0091906244941430369 -0.0082607774067279382 -0.0094458861067693196 0.15291438641926638 -0.016008589836549011 0.031418714260187761 0.012655954969872858
leaf_weight=23.893075416373904 1112.0394074346677 23.957565159835212 317.10635238172836 20.096956580173355 6.5245294311116657 7.5543056383248759 9.7188335703049216 191.82214717760689
leaf_count=2383 78376 3282 37120 4653 1898 7308 4615 23649
internal_value=-4.79912e-05 -0.0124403 0.000308181 -0.00450765 0.022606 0.0496735 0.0802203 0.00164154
internal_weight=1712.71 47.8506 1664.86 361.001 43.8946 23.7977 16.2434 1303.86
internal_count=163284 5665 157619 55594 18474 13821 6513 102025
is_linear=0
shrinkage=0.0750466


Tree=285
num_leaves=9
num_cat=0
split_feature=6 23 138 82 149 82 140 140
split_gain=1.3298 4.14018 6.4622 2.88255 5.14257 2.40078 3.95604 6.38601
threshold=289.50000000000006 1.5000000000000002 1513.9350000000002 6.5000000000000009 4894.5000000000009 4.5000000000000009 1376.0350000000003 12306.960000000001
decision_type=2 2 10 2 8 2 8 8
left_child=3 -2 -3 5 -5 -1 -7 -8
right_child=1 2 -4 4 -6 6 7 -9
leaf_value=-0.00043344337652390411 -0.011157895531796309 0.055974726748306218 -0.002944833406438347 -0.033927884202108897 0.01852981033800721 0.06155230571625582 -0.036360470252976951 0.029023736161930949
leaf_weight=1544.367488540267 30.485974685654583 20.052452603667916 21.970719231861949 35.115437369218853 15.029908226262704 9.0124016603222099 12.955537230038319 23.993467570007848
leaf_count=119468 4290 507 5351 15707 4525 2006 4129 7301
internal_value=-4.9429e-05 0.00989628 0.0251702 -0.000489031 -0.0182049 6.95761e-05 0.0169717 0.00609788
internal_weight=1712.98 72.5091 42.0232 1640.47 50.1453 1590.33 45.9614 36.949
internal_count=163284 10148 5858 153136 20232 132904 13436 11430
is_linear=0
shrinkage=0.0750466


Tree=286
num_leaves=9
num_cat=0
split_feature=22 150 9 127 11 142 73 129
split_gain=1.3071 6.89758 3.24363 4.25055 3.12687 7.42147 10.2302 11.124
threshold=305328.60000000003 7173.1900000000014 389.19000000000005 1922.5000000000002 1958.5550000000001 588362.69500000007 7.5000000000000009 1.0000000180025095e-35
decision_type=2 10 2 10 2 8 2 10
left_child=4 2 -2 -4 -1 6 -6 -8
right_child=1 -3 3 -5 5 -7 7 -9
leaf_value=-0.00027291106472779358 0.034586179046736061 -0.058255746373133716 -0.057573113014556608 0.022916700158414006 -0.043801771319647118 0.06199366425841548 0.098748981935475266 -0.030614632072996768
leaf_weight=1624.9722141020738 13.307093174153126 13.087927652848519 7.2384700556394801 7.5483965186540445 15.877814360977938 15.437403725421971 8.5797286766010057 6.6416828418005016
leaf_count=124334 3346 13424 1870 2860 4341 5326 4203 3580
internal_value=-4.90361e-05 -0.0132573 0.00770573 -0.0164847 0.000276384 0.0194568 -0.00165823 0.0423027
internal_weight=1712.69 41.1819 28.094 14.7869 1671.51 46.5366 31.0992 15.2214
internal_count=163284 21500 8076 4730 141784 17450 12124 7783
is_linear=0
shrinkage=0.0750466


Tree=287
num_leaves=9
num_cat=0
split_feature=147 147 150 153 23 73 137 74
split_gain=1.28803 5.31598 10.2763 3.84145 4.10934 6.08787 6.13118 8.69792
threshold=-7681.6749999999993 -10789.794999999998 3519.0050000000006 3853.3050000000007 1.5000000000000002 10.500000000000002 42061.195000000014 1213.8100000000002
decision_type=10 10 10 10 2 2 10 2
left_child=1 3 -3 -1 -5 6 -6 -8
right_child=-2 2 -4 4 5 -7 7 -9
leaf_value=0.0015225845441163147 -0.0035808345809281521 -0.0049302328939477419 0.05049072186512582 -0.020694536513107983 -0.015639850608234775 -0.050681058104716667 0.10415971362569397 0.010240465327747916
leaf_weight=1054.2677780182821 434.50694156650388 41.215576017326384 34.713500604011642 95.266024329779611 18.646487973775947 9.0369523521003412 8.2772857470463368 16.876611424113435
leaf_count=75311 28300 4935 4897 31542 3906 6195 2756 5442
internal_value=-5.09754e-05 0.00114886 0.0204073 -6.73011e-05 -0.0113848 0.0054006 0.0169714 0.0411461
internal_weight=1712.81 1278.3 75.9291 1202.37 148.103 52.8373 43.8004 25.1539
internal_count=163284 134984 9832 125152 49841 18299 12104 8198
is_linear=0
shrinkage=0.0750466


Tree=288
num_leaves=9
num_cat=0
split_feature=0 116 0 4 131 145 22 28
split_gain=1.35542 3.40237 2.23996 2.18444 2.29723 7.33696 4.00866 2.53934
threshold=15842220.000000002 702.78000000000009 13401921.500000002 1.5000000000000002 5401.6650000000009 5.5000000000000009 -1525.53 1395.8750000000002
decision_type=2 10 2 2 10 8 2 2
left_child=1 2 -1 4 7 6 -6 -2
right_child=3 -3 -4 -5 5 -7 -8 -9
leaf_value=0.013345304605164752 0.0032256979197926436 -0.038053599134476 -0.0096882390512550032 -0.015879218018076225 0.093077683680100887 -0.020222950626756168 0.021027592535244607 -0.0030150602051786956
leaf_weight=34.351186389390932 875.05395214804594 17.655207351126592 77.254927238620439 44.298761709858809 7.8516776900360172 13.598530213470438 9.7489166315936018 632.71187433628074
leaf_count=3429 25136 6145 6755 2116 1544 2471 3825 111863
internal_value=-5.22655e-05 -0.00744137 -0.00259876 0.000550998 0.00102394 0.0211804 0.0531694 0.000606855
internal_weight=1712.53 129.261 111.606 1583.26 1538.96 31.1991 17.6006 1507.77
internal_count=163284 16329 10184 146955 144839 7840 5369 136999
is_linear=0
shrinkage=0.0750466


Tree=289
num_leaves=9
num_cat=0
split_feature=22 11 118 10 118 10 11 103
split_gain=1.20847 4.14918 3.67536 6.96436 6.89768 5.30329 3.35206 3.25143
threshold=319.2050000000001 52.845000000000006 5692.1350000000011 1.0000000180025095e-35 13210.410000000002 -1075.2549999999999 421.10500000000008 2.5000000000000004
decision_type=2 2 8 2 8 2 2 2
left_child=6 -2 3 -3 5 -4 -1 -6
right_child=1 2 4 -5 7 -7 -8 -9
leaf_value=0.00034979910800433223 -0.015111946358170494 -0.024683880483039534 -0.0036837342650557856 0.021690245094897947 0.0035977136577764811 0.084020298643813537 0.016762655153193692 -0.017573537632347428
leaf_weight=977.44468462381337 121.24706277110818 72.333661810283047 6.253593622741394 24.387901758971566 378.53003143462047 10.243312627400881 75.494630783410685 45.797730673280057
leaf_count=28305 6658 24904 3752 5398 58820 3113 11346 20988
internal_value=-5.06803e-05 -0.0025716 0.000256961 -0.0129909 0.00316367 0.0507737 0.00152658 0.0013127
internal_weight=1711.73 658.793 537.546 96.7216 440.825 16.4969 1052.94 424.328
internal_count=163284 123633 116975 30302 86673 6865 39651 79808
is_linear=0
shrinkage=0.0750466


Tree=290
num_leaves=9
num_cat=0
split_feature=8 128 128 135 135 134 5 113
split_gain=1.44937 3.22788 5.97639 5.29178 4.28701 3.04957 4.51151 4.65876
threshold=-1.0000000180025095e-35 603.7750000000002 5692.1350000000011 -805.49999999999989 -1171.4999999999998 214834.95000000004 38.500000000000007 -1414.4999999999998
decision_type=2 10 10 10 8 8 2 10
left_child=1 3 -3 5 -4 6 7 -1
right_child=-2 2 4 -5 -6 -7 -8 -9
leaf_value=0.017595659958205549 -0.00094729605935642129 -0.050325505226321635 -0.023025890285645782 -0.020462714076036899 0.050568685007263192 0.0032037277340606998 0.0088137879569829235 0.068441106592620524
leaf_weight=21.480140963634767 1464.8309159706005 15.606168436370352 9.0395334112690744 30.160946080319263 8.7951938055339287 86.338396984804604 56.186461710893127 19.239545545970032
leaf_count=2824 130000 4000 2687 4261 2745 8082 5995 2690
internal_value=-5.08392e-05 0.0052689 -0.0164102 0.00866603 0.0132673 0.0134604 0.0225987 0.0416195
internal_weight=1711.68 246.846 33.4409 213.405 17.8347 183.245 96.9061 40.7197
internal_count=163284 33284 9432 23852 5432 19591 11509 5514
is_linear=0
shrinkage=0.0750466


Tree=291
num_leaves=9
num_cat=0
split_feature=85 17 147 104 135 63 147 64
split_gain=1.30209 7.36782 4.2901 9.0148 4.80356 6.93377 6.0388 4.86553
threshold=8269.6500000000015 3.5000000000000004 -15710.014999999998 21172.650000000005 -1840.4999999999998 1.0000000180025095e-35 -25805.769999999997 13076.395000000002
decision_type=2 2 10 2 8 2 8 2
left_child=-1 2 3 4 -2 -6 7 -7
right_child=1 -3 -4 -5 5 6 -8 -9
leaf_value=-0.00076551453260853151 0.08803861298794699 0.050703066461616667 -0.015141080885812947 -0.01069172768143377 -0.004199512934391211 -0.033317769583759073 0.098109235035705872 0.083103198751445603
leaf_weight=1529.2968764499419 7.6846914121524605 18.599379819932437 59.881097750572735 55.23112878846041 22.816934065451278 5.2316243939239921 9.7659416975238873 3.2951820938487799
leaf_count=94176 2433 3233 21926 26529 5752 3534 3238 2463
internal_value=-5.04973e-05 0.00594094 0.00086154 0.0100733 0.0335775 0.023397 0.0578187 0.0116731
internal_weight=1711.8 182.506 163.907 104.026 48.7944 41.1097 18.2927 8.52681
internal_count=163284 69108 65875 43949 17420 14987 9235 5997
is_linear=0
shrinkage=0.0750466


Tree=292
num_leaves=9
num_cat=0
split_feature=8 28 113 112 149 153 112 138
split_gain=1.29386 4.67426 5.9445 5.08823 4.57299 6.592 5.76536 6.09506
threshold=9683.5850000000009 1395.8750000000002 -593.49999999999989 114015.60000000002 4617.5000000000009 651.0150000000001 528076.86500000011 17748.170000000002
decision_type=2 2 10 10 10 10 10 10
left_child=4 2 -2 -3 6 -6 -1 -8
right_child=1 3 -4 -5 5 -7 7 -9
leaf_value=0.0017437251421931195 0.0057690938386194693 -0.019936281750739054 -0.014834543714583278 -0.00044904239327028296 0.034591893344874079 -0.0017368652501758199 -0.041349951555775283 0.0095953406527530746
leaf_weight=704.77490302749538 438.22136967044935 142.37676540016764 96.174145882941957 160.56268322417509 55.223356317612343 57.338394108612192 36.706744519717176 20.676026867054134
leaf_count=51530 13549 26290 3533 48530 1844 11801 1295 4912
internal_value=-5.19409e-05 -0.00216057 0.0020611 -0.00960774 0.00196657 0.0160862 -0.000118735 -0.0229935
internal_weight=1712.05 837.335 534.396 302.939 874.719 112.562 762.158 57.3828
internal_count=163284 91902 17082 74820 71382 13645 57737 6207
is_linear=0
shrinkage=0.0750466


Tree=293
num_leaves=9
num_cat=0
split_feature=48 134 131 134 137 116 149 18
split_gain=1.2279 4.8113 3.03805 2.90126 4.2321 2.84405 2.02995 4.73333
threshold=1.0000000180025095e-35 106977.60000000002 5401.6650000000009 267444.00000000006 10375.225000000002 3435.7150000000006 5660.5000000000009 21090.000000000004
decision_type=2 10 8 10 10 8 10 2
left_child=6 5 3 -3 -5 -2 -1 -8
right_child=1 2 -4 4 -6 -7 7 -9
leaf_value=-0.0013438505427576263 0.040700230365446254 -0.025417307058849911 0.032126934196573496 0.036178182928021115 -0.021430590007806595 0.0071435807176224954 0.00061112094122252856 0.038620718609289451
leaf_weight=1475.9838543464684 27.534313187854423 36.822588671651829 10.435802109330323 13.890664953840316 14.87037820234127 29.427207791224646 78.120700622426739 24.158014355540217
leaf_count=126089 2555 6185 2121 1215 6848 2429 5418 10424
internal_value=-5.18306e-05 0.00687366 -0.00548284 -0.0114674 0.00639261 0.0233643 -0.000635357 0.00958891
internal_weight=1711.24 132.981 76.0194 65.5836 28.761 56.9615 1578.26 102.279
internal_count=163284 21353 16369 14248 8063 4984 141931 15842
is_linear=0
shrinkage=0.0750466


Tree=294
num_leaves=9
num_cat=0
split_feature=24 72 135 16 73 57 57 104
split_gain=1.30163 4.34779 4.62952 5.14623 4.16885 4.59715 6.00534 7.50661
threshold=8.5000000000000018 3398.6200000000003 -805.49999999999989 -3350.2649999999999 14.500000000000002 4.5000000000000009 2.5000000000000004 1.0000000180025095e-35
decision_type=2 2 8 2 2 2 2 2
left_child=-1 2 3 -2 5 6 -5 -8
right_child=1 -3 -4 4 -6 -7 7 -9
leaf_value=0.00050646715935215563 -0.057727257580529698 0.061585496569044114 -0.034461255735337433 -0.0014031311503667002 0.077131043021745491 -0.055177711410874623 0.13696972486152845 -0.011496464094478449
leaf_weight=1595.7850456482174 8.0363410572408593 4.8803711616019418 32.772156423157867 50.63990189587912 4.315579047684877 7.2960551945961916 4.2256824385185601 3.5121460761256458
leaf_count=106430 5669 1185 13744 22892 3391 4990 2017 2966
internal_value=-5.07568e-05 -0.00773768 -0.0107912 -0.000849356 0.0056815 0.000986379 0.00800577 0.069582
internal_weight=1711.46 115.678 110.798 78.0257 69.9894 65.6738 58.3777 7.73783
internal_count=163284 56854 55669 41925 36256 32865 27875 4983
is_linear=0
shrinkage=0.0750466


Tree=295
num_leaves=9
num_cat=0
split_feature=12 22 73 32 27 72 0 118
split_gain=1.44407 6.11512 2.75724 2.48411 10.0685 6.37681 6.12075 7.82466
threshold=5.5000000000000009 -5649.0549999999994 2.5000000000000004 1.0000000180025095e-35 3.5000000000000004 1708.4500000000003 35799005.000000007 5692.1350000000011
decision_type=2 2 2 2 2 2 2 10
left_child=1 -1 -3 -2 5 -5 7 -6
right_child=3 2 -4 4 6 -7 -8 -9
leaf_value=0.0068045343457730249 0.00022459255225236552 -0.019637302089698605 -0.0031001032537955431 -0.0033377127420192538 -0.01474022717750376 0.045011819733484684 -0.056421411094235999 0.13135935824147132
leaf_weight=169.12292684504064 1216.2611779863437 123.26227928927983 105.28120217850665 23.364316702233737 11.067431617268996 44.862158391166304 15.539284221473279 2.5380193744804265
leaf_count=1335 122345 2367 3547 5187 9290 2511 13708 2994
internal_value=-5.14834e-05 -0.00401371 -0.0120192 0.00114797 0.0126819 0.0284544 -0.0242408 0.0125138
internal_weight=1711.3 397.666 228.543 1313.63 97.3712 68.2265 29.1447 13.6055
internal_count=163284 7249 5914 156035 33690 7698 25992 12284
is_linear=0
shrinkage=0.0750466


Tree=296
num_leaves=9
num_cat=0
split_feature=109 127 6 22 138 128 11 150
split_gain=1.32645 4.38146 5.07031 4.07927 5.83584 4.62282 5.38912 4.53377
threshold=1.0000000180025095e-35 263.50000000000006 12.500000000000002 1417.5900000000004 1.0000000180025095e-35 927.0150000000001 915.67500000000007 1.0000000180025095e-35
decision_type=2 8 2 2 8 8 2 10
left_child=-1 2 -2 4 -3 6 -5 -7
right_child=1 3 -4 5 -6 7 -8 -9
leaf_value=-0.0019518305736680916 0.0080716091032939259 0.026665949536246292 -0.04005536659760045 -0.040354594538185511 0.0042008472062929868 -0.011367689289857754 0.018439794495121915 0.008381372798418954
leaf_weight=936.78082448970508 21.761973729382589 82.037240993537125 28.441738551398885 33.167525360937361 315.90661136091148 103.78514198462653 11.941463879555156 177.32404879731894
leaf_count=45895 3010 1951 5233 7685 24874 11707 7451 55478
internal_value=-5.21249e-05 0.00224602 -0.0191936 0.00373236 0.00883209 -0.00248865 -0.0247903 0.00109005
internal_weight=1711.15 774.366 50.2037 724.162 397.944 326.218 45.109 281.109
internal_count=163284 117389 8243 109146 26825 82321 15136 67185
is_linear=0
shrinkage=0.0750466


Tree=297
num_leaves=9
num_cat=0
split_feature=99 116 96 12 104 151 137 71
split_gain=1.2771 3.95758 2.53709 5.17524 7.91739 9.79236 4.29747 5.29076
threshold=1.0000000180025095e-35 -1.0000000180025095e-35 1.0000000180025095e-35 9.5000000000000018 8269.6500000000015 6.5000000000000009 1316.4200000000003 1.5000000000000002
decision_type=2 10 2 2 2 10 8 2
left_child=2 -2 -1 6 -5 -6 -4 -8
right_child=1 -3 3 4 5 -7 7 -9
leaf_value=-0.003682423397553401 0.027228252883781823 -0.0050694348964857722 0.011526111606071837 -0.054449774320100619 -0.045716252544984605 0.17558018573690368 -0.0014818048120700581 0.040662974714586908
leaf_weight=761.78977471496273 37.438552293286193 49.77550235327908 247.67115724232281 18.588532977864819 2.4461483710429084 2.0869530660838791 573.82570305664467 17.281356461760879
leaf_count=42319 766 4708 10908 7127 2041 2858 91543 1014
internal_value=-5.17991e-05 0.00879506 -0.000526995 0.00226193 -0.0327634 0.0561644 0.00322743 -0.000249678
internal_weight=1710.9 87.2141 1623.69 861.9 23.1216 4.5331 838.778 591.107
internal_count=163284 5474 157810 115491 12026 4899 103465 92557
is_linear=0
shrinkage=0.0750466


Tree=298
num_leaves=9
num_cat=0
split_feature=64 112 31 20 20 83 127 72
split_gain=1.32465 3.68585 5.34552 3.92296 2.73763 2.11917 7.88852 4.2626
threshold=25194.515000000003 431161.07000000001 6398.6450000000013 203.56500000000003 419.75000000000006 134898.68000000002 3001.5000000000005 1.0000000180025095e-35
decision_type=2 8 2 2 2 2 10 2
left_child=5 2 3 -2 -3 -1 7 -7
right_child=1 4 -4 -5 -6 6 -8 -9
leaf_value=-3.8578305024730811e-05 -0.033248938108403583 -0.014139382074952165 0.066866631874728202 0.030774754741636406 -0.067896502177814774 0.026630352916802158 0.081656084915975105 -0.041756259175729726
leaf_weight=1628.6386021877706 15.421921444794867 13.976443866489719 6.3069284225748552 8.2861310788066458 8.6296518994904527 11.269461804098688 8.4148542259499646 9.427554013898769
leaf_count=133896 4316 4555 3293 3461 5663 3497 3154 1449
internal_value=-5.19378e-05 -0.0117743 0.00546275 -0.0108722 -0.0346606 0.000320159 0.0203894 -0.00451996
internal_weight=1710.37 52.6211 30.015 23.7081 22.6061 1657.75 29.1119 20.697
internal_count=163284 21288 11070 7777 10218 141996 8100 4946
is_linear=0
shrinkage=0.0750466


Tree=299
num_leaves=9
num_cat=0
split_feature=20 58 82 138 25 32 95 127
split_gain=1.25562 3.81087 3.2554 4.66416 1.65743 4.2999 4.5263 3.15532
threshold=198651.37500000003 4689.4600000000009 1.0000000180025095e-35 3423.4750000000004 1.0000000180025095e-35 1.0000000180025095e-35 1.5000000000000002 3655.5000000000005
decision_type=2 2 2 10 2 2 2 10
left_child=4 2 -2 -4 -1 7 -7 -6
right_child=1 -3 3 -5 5 6 -8 -9
leaf_value=-0.0011146120154979279 -0.025550266903979286 -0.064534933289359345 0.080397355580484497 -0.019337673835593282 0.0096153471673048208 -0.034329253986425778 0.043420629287748196 -0.0090566542770286092
leaf_weight=1270.2876823191673 13.38833221703681 6.8268759828333705 5.2440520098680263 5.3197961857003975 316.72789739786458 26.83191726475798 5.0033670886605242 60.746971897893673
leaf_count=46137 1568 5709 1011 3818 60059 22655 2781 19546
internal_value=-5.16704e-05 -0.0150723 -0.000974443 0.0301723 0.000223587 0.00437667 -0.0221098 0.00661046
internal_weight=1710.38 30.7791 23.9522 10.5638 1679.6 409.31 31.8353 377.475
internal_count=163284 12106 6397 4829 151178 105041 25436 79605
is_linear=0
shrinkage=0.0750466


Tree=300
num_leaves=9
num_cat=0
split_feature=125 9 18 8 18 16 80 16
split_gain=1.39666 3.55418 2.15831 1.55209 5.65136 3.61061 3.27987 2.67298
threshold=-28173.074999999993 2299.4850000000006 9395.760000000002 -1.0000000180025095e-35 13442.075000000003 -6095.0899999999992 1.0000000180025095e-35 -784.20999999999992
decision_type=8 2 2 2 2 2 2 2
left_child=1 -1 -3 4 5 -2 -6 -7
right_child=3 2 -4 -5 6 7 -8 -9
leaf_value=0.0090713101776333949 -0.010091556963079298 -0.068858967147089931 -0.011768585649837827 -0.00068809034372110402 0.019111748801314114 0.031519892527324206 -0.032011008792069522 0.0099067606316759933
leaf_weight=15.653966170719288 37.124133194076421 7.9480359605076938 7.0266343231305655 1441.9476818906423 9.220891645521986 44.493371366916108 30.270227214030456 116.89854835344886
leaf_count=5433 2939 1367 3670 122492 2844 3961 13337 7241
internal_value=-5.08929e-05 -0.0159323 -0.0420702 0.000238654 0.00585326 0.0110111 -0.0200742 0.0158652
internal_weight=1710.58 30.6286 14.9747 1679.95 238.007 198.516 39.4911 161.392
internal_count=163284 10470 5037 152814 30322 14141 16181 11202
is_linear=0
shrinkage=0.0750466


Tree=301
num_leaves=9
num_cat=0
split_feature=72 27 80 39 125 153 80 39
split_gain=1.2323 4.02574 3.29704 2.39539 3.46405 5.63266 5.44838 5.03625
threshold=2506.0200000000004 1.0000000180025095e-35 1.5000000000000002 11730.585000000001 -2063.0949999999998 1.0000000180025095e-35 1.0000000180025095e-35 214032.61500000002
decision_type=2 2 2 2 8 8 2 2
left_child=3 -2 -3 -1 -5 -6 -7 -8
right_child=1 2 -4 4 5 6 7 -9
leaf_value=0.00099597432286752541 -0.024739570015216573 0.019704116377368835 -0.017563929266788462 -0.064880839306057481 -0.046965443837325392 -0.029960238705504516 -0.0098005523918643853 0.065612313743886388
leaf_weight=1554.9697758652728 45.241662456654012 34.62161207074314 21.779938144805783 6.8676460746974044 14.382366177160291 12.338457994716007 8.7386307747146947 11.618571160207464
leaf_count=136847 660 2568 4331 4872 2088 2926 3124 5868
internal_value=-4.96565e-05 -0.00806362 0.00531274 0.000456626 -0.01509 -0.00782657 0.00939008 0.0332402
internal_weight=1710.56 101.643 56.4016 1608.92 53.9457 47.078 32.6957 20.3572
internal_count=163284 7559 6899 155725 18878 14006 11918 8992
is_linear=0
shrinkage=0.0750466


Tree=302
num_leaves=9
num_cat=0
split_feature=16 147 10 149 81 147 106 127
split_gain=1.23667 4.69753 4.08602 5.56422 5.11159 5.8673 4.01208 8.44205
threshold=-176.96999999999997 -1.0000000180025095e-35 1.0000000180025095e-35 636.50000000000011 20172.080000000005 -13999.084999999997 1.0000000180025095e-35 444.50000000000006
decision_type=2 10 2 10 2 8 2 8
left_child=-1 2 6 -4 -5 -6 -2 -8
right_child=1 -3 3 4 5 -7 7 -9
leaf_value=-0.0017435852540557226 -0.0018286896798342727 -0.030656519877120952 -0.0053794965144738941 0.033207062861897889 0.034995144800929898 -0.029965251862740842 0.096503639254185772 0.0069780383808545517
leaf_weight=1003.2399258568485 471.43189435860495 23.473360266398231 58.003876357659465 81.263496534415026 13.674699105218677 18.323660730868145 7.1854847104223145 34.010879538736845
leaf_count=62205 66721 2201 3002 5336 4208 2786 2074 14751
internal_value=-4.9239e-05 0.00235381 0.00348682 0.0135226 0.0232028 -0.00220402 0.000133922 0.0225931
internal_weight=1710.61 707.367 683.894 171.266 113.262 31.9984 512.628 41.1964
internal_count=163284 101079 98878 15332 12330 6994 83546 16825
is_linear=0
shrinkage=0.0750466


Tree=303
num_leaves=9
num_cat=0
split_feature=134 134 7 134 131 81 137 5
split_gain=1.26677 1.59777 4.61795 3.13887 3.0356 2.4029 2.28094 3.41494
threshold=1378588.4800000002 529449.63500000013 1.0000000180025095e-35 527473.65000000014 392.95500000000004 20172.080000000005 10375.225000000002 57.500000000000007
decision_type=10 10 2 10 8 2 10 2
left_child=1 3 5 -1 6 -3 -4 -8
right_child=-2 2 4 -5 -6 -7 7 -9
leaf_value=0.00010326384164332188 -0.017408715761115388 -4.5954133903709729e-05 0.015629438399955953 -0.023166142669618275 -0.015157813234517207 -0.05158408802527141 0.02218210872080412 0.089164224245517815
leaf_weight=1555.4107272500769 23.352886587357716 12.01158360214504 46.399851629299519 33.348527012347404 13.059550004490118 8.8480200330186545 11.64632183214235 6.7836216200739718
leaf_count=134508 4549 1621 2379 5487 4387 3784 4424 2145
internal_value=-4.96861e-05 0.00019054 0.00945303 -0.000385168 0.0178516 -0.0219069 0.0245011 0.0468366
internal_weight=1710.86 1687.51 98.7489 1588.76 77.8893 20.8596 64.8298 18.4299
internal_count=163284 158735 18740 139995 13335 5405 8948 6569
is_linear=0
shrinkage=0.0750466


Tree=304
num_leaves=9
num_cat=0
split_feature=80 82 97 97 18 6 18 6
split_gain=1.15303 3.23264 4.19135 6.01987 3.34531 4.74275 7.38182 4.02403
threshold=4.5000000000000009 1.0000000180025095e-35 7.5000000000000009 17.500000000000004 11352.675000000001 189.50000000000003 41411.110000000008 123.50000000000001
decision_type=2 2 2 2 2 2 2 2
left_child=-1 -2 -3 -4 -5 6 -6 -8
right_child=1 2 3 4 5 -7 7 -9
leaf_value=-0.0005566502286843977 -0.019986093692572576 0.051752225794691575 -0.048218378333658281 0.034585743075009313 -0.049612274236447894 0.042451494339062708 -0.012799387599402133 0.076600661512489385
leaf_weight=1601.7836602249781 19.828889392811107 13.670177868596509 9.8180033489879843 27.750417028317315 15.789459548313973 10.764754220606845 5.9657449751821314 5.4044382317933923
leaf_count=135173 3527 2790 2610 3748 4629 4949 3041 2817
internal_value=-4.8433e-05 0.00742051 0.0135154 0.00659156 0.0147853 0.000296763 -0.0164113 0.029694
internal_weight=1710.78 108.992 89.163 75.4928 65.6748 37.9244 27.1596 11.3702
internal_count=163284 28111 24584 21794 19184 15436 10487 5858
is_linear=0
shrinkage=0.0750466


Tree=305
num_leaves=9
num_cat=0
split_feature=102 141 27 103 82 27 141 27
split_gain=1.22092 1.85379 1.6265 3.59897 4.77307 2.1309 4.43608 2.90521
threshold=1.0000000180025095e-35 10.535000000000002 32.500000000000007 1.0000000180025095e-35 2.5000000000000004 16.500000000000004 1.7850000000000004 11.500000000000002
decision_type=2 8 2 2 2 2 10 2
left_child=2 -2 5 -4 -5 7 -7 -1
right_child=1 -3 3 4 -6 6 -8 -9
leaf_value=0.00072792288827695025 -0.023030217805446205 0.0037371166741817789 -0.037332705649712222 0.097462235402115308 -0.024735345994882096 0.023100594386209698 -0.014276628215528853 -0.014186162219299244
leaf_weight=1463.7581518257821 31.607534944601866 27.035828808091537 17.466977587154364 3.0329600411223501 4.4293756143715655 60.803676481743423 25.334544893265047 77.453063381881293
leaf_count=96102 3838 1135 6793 2272 3508 19380 9493 20763
internal_value=-4.86839e-05 -0.0106899 0.000328999 -0.018695 0.0249301 0.000620426 0.0121074 -2.15796e-05
internal_weight=1710.92 58.6434 1652.28 24.9293 7.46234 1627.35 86.1382 1541.21
internal_count=163284 4973 158311 12573 5780 145738 28873 116865
is_linear=0
shrinkage=0.0750466


Tree=306
num_leaves=9
num_cat=0
split_feature=50 127 142 153 6 142 145 127
split_gain=1.24085 2.62023 3.77554 3.79707 1.46853 2.43738 3.83615 2.05666
threshold=1.0000000180025095e-35 991.50000000000011 769464.67500000016 651.0150000000001 289.50000000000006 119646.00000000001 5.5000000000000009 3655.5000000000005
decision_type=2 10 10 10 2 10 10 10
left_child=4 -2 -3 -4 7 -6 -7 -1
right_child=1 2 3 -5 5 6 -8 -9
leaf_value=0.0007494865027450466 0.0088168706386358552 -0.063286430079715364 -0.048268389981665362 0.086957255828458549 0.026722867730961851 0.018523643038010913 -0.0296716695637355 -0.0074545903268150998
leaf_weight=1418.3891691215231 12.967294712840159 10.078180499765947 2.3760891480196724 2.3029612083109896 30.619596798002021 22.168835259155458 16.025019803775649 195.85661362656174
leaf_count=114698 1577 4870 659 3929 1401 3740 2585 29825
internal_value=-4.76257e-05 -0.0157951 -0.0374218 0.0182877 0.000211778 0.0109485 -0.00169769 -0.000245915
internal_weight=1710.78 27.7245 14.7572 4.67905 1683.06 68.8135 38.1939 1614.25
internal_count=163284 11035 9458 4588 152249 7726 6325 144523
is_linear=0
shrinkage=0.0750466


Tree=307
num_leaves=9
num_cat=0
split_feature=8 149 21 11 0 149 149 123
split_gain=1.30371 3.88342 4.80736 3.06501 4.57117 2.36146 3.60926 4.4221
threshold=-8804.7999999999975 636.50000000000011 1.0000000180025095e-35 915.67500000000007 32756022.000000004 636.50000000000011 1189.5000000000002 19.500000000000004
decision_type=2 8 2 2 2 8 8 10
left_child=1 -1 -3 -4 -5 -2 -7 -8
right_child=5 2 3 4 -6 6 7 -9
leaf_value=0.041229727364199206 -0.0075493496577594583 0.041735550572452561 -0.013459563257523613 0.071229923066418233 -0.013644094325955284 0.012522169352724993 0.00022058987647507016 -0.024153443272158372
leaf_weight=16.713101264906072 233.66356035926583 14.212928949433261 59.39507683877855 6.5798219216976559 7.8229859187040347 129.75273281971386 1198.9141515922474 43.440260616207524
leaf_count=2527 18978 613 8210 2556 2737 9673 112337 5653
internal_value=-4.63105e-05 0.00806666 0.00176905 -0.00592821 0.02513 -0.000575416 0.000612213 -0.000631674
internal_weight=1710.49 104.724 88.0108 73.7979 14.4028 1605.77 1372.11 1242.35
internal_count=163284 16643 14116 13503 5293 146641 127663 117990
is_linear=0
shrinkage=0.0750466


Tree=308
num_leaves=9
num_cat=0
split_feature=12 21 115 103 120 120 147 8
split_gain=1.23191 5.28304 2.69801 2.98033 5.60523 4.5257 6.44919 3.97112
threshold=5.5000000000000009 1.0000000180025095e-35 -164.97999999999999 3.5000000000000004 126684.00000000001 63342.000000000007 -31205.244999999999 6800.3600000000015
decision_type=2 2 8 2 8 10 10 2
left_child=-1 -2 -3 -4 5 -5 -7 -8
right_child=1 2 3 4 -6 6 7 -9
leaf_value=-0.0037142678133194919 0.021280521112267019 -0.025289518815597187 0.0012369456747068209 -0.040507642725578337 -0.035333675738142431 -0.026169581282044604 0.02265864071575632 0.11975308920331657
leaf_weight=396.11681313451845 68.953877842264774 23.42217259611607 1165.6922604641741 6.2488684102936558 34.364239801956501 5.9402611265177265 4.5309014714875921 4.9798422262538224
leaf_count=7249 2860 2408 122222 2646 18908 2054 2085 2852
internal_value=-4.56819e-05 0.00106013 -5.96042e-05 0.000424076 -0.0164772 0.0133842 0.0351797 0.0734975
internal_weight=1710.25 1314.13 1245.18 1221.76 56.0641 21.6999 15.451 9.51074
internal_count=163284 156035 153175 150767 28545 9637 6991 4937
is_linear=0
shrinkage=0.0750466


Tree=309
num_leaves=9
num_cat=0
split_feature=103 107 81 137 103 74 151 135
split_gain=1.36719 9.56051 4.0315 3.19414 2.84663 6.63996 4.00658 2.66846
threshold=5.5000000000000009 97.500000000000014 148410.38500000004 5971.2200000000012 3.5000000000000004 513.96500000000015 2.5000000000000004 -866.99999999999989
decision_type=2 2 2 8 2 2 8 8
left_child=4 3 -3 -2 -1 -6 -7 -8
right_child=1 2 -4 -5 5 6 7 -9
leaf_value=3.4871367563482301e-05 0.022105619447274832 -0.047865368919249224 0.027468082337332493 0.08136348596853854 -0.064564698497059078 0.066665830936075518 -0.044439359862832553 0.031718078444807389
leaf_weight=1642.5343151673451 11.283625620329984 13.110201760126076 5.7580428945666418 9.3831336111979926 12.598356850507118 4.688001003905808 6.9606581499374443 4.1277957585698459
leaf_count=132605 2276 9023 4040 2818 4869 1571 4156 1926
internal_value=-4.58886e-05 0.0137477 -0.0248758 0.0490099 -0.000372255 -0.0239396 0.00850179 -0.0160889
internal_weight=1710.44 39.535 18.8682 20.6668 1670.91 28.3748 15.7765 11.0885
internal_count=163284 18157 13063 5094 145127 12522 7653 6082
is_linear=0
shrinkage=0.0750466


Tree=310
num_leaves=9
num_cat=0
split_feature=33 33 33 33 10 96 113 119
split_gain=1.19754 2.41206 1.5521 2.23916 1.33224 5.01901 4.88234 4.73031
threshold=175039.38000000003 453889.19500000007 300519.73500000004 225465.98000000004 1.0000000180025095e-35 1.0000000180025095e-35 -1475.4999999999998 11.720000000000002
decision_type=2 2 2 2 2 2 10 8
left_child=4 2 3 -2 -1 6 -6 -7
right_child=1 -3 -4 -5 5 7 -8 -9
leaf_value=-0.0019375924278086437 -0.049802707231021433 0.018263873639815416 -0.064361547731438887 0.017360091179756516 0.0040799596123191608 0.02650298809166627 -0.010850644884228404 0.0047847700051915267
leaf_weight=834.47965737072354 5.5839330466478767 7.714417691217931 5.6758421478098162 5.5988250284408423 277.66212238891239 70.687272180577565 221.94598647742896 281.03939854315831
leaf_count=118812 2402 2402 2402 2402 5814 9065 6676 13309
internal_value=-4.64603e-05 -0.0164941 -0.0323992 -0.0161766 0.000193286 0.00228198 -0.00255281 0.00914953
internal_weight=1710.39 24.573 16.8586 11.1828 1685.81 851.335 499.608 351.727
internal_count=163284 9608 7206 4804 153676 34864 12490 22374
is_linear=0
shrinkage=0.0750466


Tree=311
num_leaves=9
num_cat=0
split_feature=0 5 22 0 97 150 142 84
split_gain=1.27406 3.1833 1.99122 4.19279 4.42523 6.6254 2.4465 4.17776
threshold=15842220.000000002 49.500000000000007 409658.84500000003 24777691.000000004 17.500000000000004 3519.0050000000006 154836.00000000003 4.5000000000000009
decision_type=2 2 2 2 2 10 10 2
left_child=1 -1 6 -4 -5 -6 7 -2
right_child=2 -3 3 4 5 -7 -8 -9
leaf_value=0.019219582810030399 -0.0027246793036413319 -0.012487148019211292 0.040833852305295688 -0.071539133477196301 0.053646155867410512 -0.061765408454593058 0.0044033646098424438 0.022150955373492782
leaf_weight=21.38389690362601 866.64628196044214 107.4095336133214 5.1328908597533909 9.8400995278316277 5.7503152182525792 5.4626685530492978 648.72081330910987 39.768728581112555
leaf_count=3302 44443 13027 3060 3003 1873 5473 76006 13097
internal_value=-4.52548e-05 -0.0072228 0.000539333 -0.0199831 -0.0348108 -0.0025793 0.000884898 -0.00163327
internal_weight=1710.12 128.793 1581.32 26.186 21.0531 11.213 1555.14 906.415
internal_count=163284 16329 146955 13409 10349 7346 133546 57540
is_linear=0
shrinkage=0.0750466


Tree=312
num_leaves=9
num_cat=0
split_feature=39 20 38 73 117 20 20 118
split_gain=1.07646 3.14902 3.88144 1.32458 6.29348 6.31144 6.02948 4.00592
threshold=351900.43000000005 104.79500000000002 1.5000000000000002 9.5000000000000018 220.99000000000004 3581.3600000000001 198651.37500000003 4275.6550000000007
decision_type=2 2 2 2 8 2 2 8
left_child=3 -2 -3 -1 5 7 -7 -5
right_child=1 2 -4 4 -6 6 -8 -9
leaf_value=0.00093337634808959185 -0.039313134312973938 0.052827471666154632 -0.033991849466640522 -0.027025297071124169 -0.038251558401982431 0.039734604824367033 -0.047234000361043894 0.0015987336756456243
leaf_weight=1496.8098745299121 13.993971124351448 6.3928451612391637 5.3083168816174293 41.674105157825579 28.471952993633749 31.503703248410602 5.235874539982432 81.167359990828118
leaf_count=98371 3498 3377 3311 11444 5601 13409 4037 20236
internal_value=-4.49516e-05 -0.0152896 0.0134413 0.000187538 -0.00574897 5.00424e-05 0.0273404 -0.008112
internal_weight=1710.56 25.6951 11.7012 1684.86 188.053 159.581 36.7396 122.841
internal_count=163284 10186 6688 153098 54727 49126 17446 31680
is_linear=0
shrinkage=0.0750466


Tree=313
num_leaves=9
num_cat=0
split_feature=125 123 129 153 57 0 27 73
split_gain=1.19479 2.1026 3.59267 4.25645 1.56969 6.37098 4.64463 1.85254
threshold=-28173.074999999993 5.5000000000000009 2.5000000000000004 2563.0050000000006 6.5000000000000009 37799697.500000007 11.500000000000002 12.500000000000002
decision_type=8 10 10 10 2 2 2 2
left_child=1 2 -1 -4 7 6 -6 -2
right_child=4 -3 3 -5 5 -7 -8 -9
leaf_value=-0.04063674685726313 0.00025817655388800831 -0.045871479782242354 -0.024542279007906075 0.061596931456700275 0.048453086316359383 0.056019816347015382 -0.020491275006351065 -0.01535602275601081
leaf_weight=8.3416278245749762 1590.8664782276455 8.7402691420256797 5.9236633450964273 7.1068814375048532 7.1212412114837234 14.030381857142855 24.220451091618088 43.977784667315973
leaf_count=2093 123379 3419 1089 3869 1244 3455 9807 14929
internal_value=-4.52578e-05 -0.0148618 -0.00218016 0.0224382 0.00022028 0.0139892 -0.00482622 -0.00016185
internal_weight=1710.33 30.1124 21.3722 13.0305 1680.22 45.3721 31.3417 1634.84
internal_count=163284 10470 7051 4958 152814 14506 11051 138308
is_linear=0
shrinkage=0.0750466


Tree=314
num_leaves=9
num_cat=0
split_feature=64 63 64 16 7 134 30 138
split_gain=1.19385 3.20374 12.1008 5.48789 3.58987 3.54665 2.91445 4.75873
threshold=11572.960000000001 8.5000000000000018 25194.515000000003 1.0000000180025095e-35 2050.3150000000005 66861.000000000015 3.5000000000000004 48897.205000000009
decision_type=2 2 2 2 2 8 2 8
left_child=-1 3 -3 5 -4 -2 -7 -8
right_child=1 2 4 -5 -6 6 7 -9
leaf_value=0.00044504961181858667 0.038043535343993504 0.096082529836792177 -0.064249676816139703 -0.075977470566036528 0.009857005132381828 -0.021833907838146979 0.072916950235627262 -0.037323276306092806
leaf_weight=1611.9024506718852 8.0629125911145803 7.3148407371827515 6.3893395810609936 7.58682438843607 8.6867896387620913 51.398523236526671 5.0271930459039122 3.9288106167514343
leaf_count=126029 1952 2742 3570 3030 3983 16705 2388 2885
internal_value=-4.4827e-05 -0.00806994 0.0168792 -0.01542 -0.0215498 -0.00870476 -0.01495 0.0245569
internal_weight=1710.3 98.3952 22.391 76.0043 15.0761 68.4174 60.3545 8.956
internal_count=163284 37255 10295 26960 7553 23930 21978 5273
is_linear=0
shrinkage=0.0750466


Tree=315
num_leaves=9
num_cat=0
split_feature=8 74 8 56 0 153 0 138
split_gain=1.14132 4.57831 8.36855 6.11132 5.15569 8.58514 4.90288 4.19763
threshold=9683.5850000000009 1068.0300000000002 12961.865000000002 1169.9700000000003 34241628.000000007 9905.9850000000024 14632853.000000002 1513.9350000000002
decision_type=2 2 2 2 2 8 2 10
left_child=-1 2 -2 4 5 7 -3 -4
right_child=1 6 3 -5 -6 -7 -8 -9
leaf_value=0.0018483841184877561 -0.022689804935624391 -0.031048102743533396 0.045772628816447558 -0.021732109177862089 0.009101319520265912 0.079108328311819423 -0.0034034708113208196 -0.0049461762501040703
leaf_weight=874.94440334790397 39.24860116171476 38.422026693213411 16.719194412362413 20.656780854475073 73.75338719739193 19.775854584320768 606.19791099090526 20.408419125695218
leaf_count=71382 6545 5367 1640 12587 11250 1479 46297 6737
internal_value=-4.57904e-05 -0.00203014 0.00818928 0.0161989 0.0221957 0.0391676 -0.00505121 0.0178934
internal_weight=1710.13 835.182 190.562 151.314 130.657 56.9035 644.62 37.1276
internal_count=163284 91902 40238 33693 21106 9856 51664 8377
is_linear=0
shrinkage=0.0750466


Tree=316
num_leaves=9
num_cat=0
split_feature=7 125 150 73 0 82 94 82
split_gain=1.13623 3.3442 3.24911 2.1819 3.08238 1.85792 4.26843 2.72539
threshold=5005.1550000000016 -41294.289999999994 22906.025000000005 6.5000000000000009 26921913.500000004 6.5000000000000009 1.0000000180025095e-35 8.5000000000000018
decision_type=2 10 8 2 2 2 2 2
left_child=5 3 -3 -2 -5 -1 7 -7
right_child=1 2 -4 4 -6 6 -8 -9
leaf_value=-0.00016593186616394514 0.0065555085783548447 0.04966628378921243 -0.0019521646129179481 0.016911176379229037 -0.038945964633656904 -0.054511124020403229 0.028425859564368779 -0.011002660851051317
leaf_weight=1538.0143589958625 75.350358440968193 17.40060875364361 11.34583120628122 8.5896548836408346 15.796182853044227 13.538202749498849 9.5284128651019255 20.217644871502671
leaf_count=125218 5281 4480 3537 3138 4360 6378 1951 8941
internal_value=-4.60203e-05 0.00674097 0.0292932 0.000240871 -0.0192709 -0.000597473 -0.0159314 -0.0284523
internal_weight=1709.78 128.483 28.7464 99.7362 24.3858 1581.3 43.2843 33.7558
internal_count=163284 20796 8017 12779 7498 142488 17270 15319
is_linear=0
shrinkage=0.0750466


Tree=317
num_leaves=9
num_cat=0
split_feature=10 11 11 129 10 107 83 10
split_gain=1.05716 4.80169 6.31282 3.82428 5.86272 3.28663 6.07506 2.76096
threshold=-3005.3049999999998 136.92000000000004 225.00500000000002 1.5000000000000002 -4315.5249999999987 195.50000000000003 34076.275000000009 -5498.3249999999989
decision_type=2 2 2 8 2 2 2 2
left_child=1 -1 -3 4 -4 7 -7 -5
right_child=-2 2 3 5 -6 6 -8 -9
leaf_value=-0.043436515566093334 0.00036891123903251208 0.074615575197797032 0.061682056151651336 -0.057734548667913325 -0.035415002531519565 0.11587763258736293 -0.025722744297372497 -0.012785069088788122
leaf_weight=17.326332038870532 1629.4381079100385 5.967716134771762 9.5077074388545935 11.57557857284973 5.5447069622568952 2.739799050169494 4.5241663780016097 22.963800388994972
leaf_count=2041 136692 640 4212 3770 2626 1983 4003 7317
internal_value=-4.49821e-05 -0.0084594 0.00118708 -0.00652015 0.0259154 -0.0181994 0.0276856 -0.0278495
internal_weight=1709.59 80.1498 62.8235 56.8558 15.0524 41.8033 7.26397 34.5394
internal_count=163284 26592 24551 23911 6838 17073 5986 11087
is_linear=0
shrinkage=0.0750466


Tree=318
num_leaves=9
num_cat=0
split_feature=12 21 16 10 112 99 150 112
split_gain=1.17287 4.38787 4.47584 4.30662 5.8635 4.45638 4.68936 4.05171
threshold=5.5000000000000009 1.0000000180025095e-35 -6095.0899999999992 -109.73499999999999 41172.30000000001 1.0000000180025095e-35 8303.6200000000008 228031.20000000004
decision_type=2 2 2 2 8 2 8 8
left_child=-1 -2 -3 5 -5 6 7 -4
right_child=1 2 3 4 -6 -7 -8 -9
leaf_value=-0.0036276073332823671 0.01932123376877256 -0.0099594268078875958 -0.0026830537899742821 0.036278212404033512 0.004268772623766558 -0.040752094804686861 0.0064553346597492267 -0.024765974103835898
leaf_weight=395.63245216125506 69.955701558988949 210.8545245996329 145.66954314849681 34.131393216786819 578.59318249807166 17.621528045698142 188.08295000473663 68.939130680289054
leaf_count=7249 2860 16366 23777 2436 40335 3174 55065 12022
internal_value=-4.53998e-05 0.00103329 4.79039e-06 0.0020386 0.00605184 -0.00381182 -0.00219534 -0.00977679
internal_weight=1709.48 1313.85 1243.89 1033.04 612.725 420.313 402.692 214.609
internal_count=163284 156035 153175 136809 42771 94038 90864 35799
is_linear=0
shrinkage=0.0750466


Tree=319
num_leaves=9
num_cat=0
split_feature=95 4 81 141 116 85 116 141
split_gain=1.10004 1.65039 1.47802 5.57549 7.61297 6.18141 2.85134 4.02682
threshold=5.5000000000000009 1.5000000000000002 166963.90500000003 4.4850000000000012 5756.7800000000016 70419.000000000015 45741.250000000007 2.2850000000000006
decision_type=2 2 2 10 8 2 8 8
left_child=1 2 -1 5 -5 6 7 -4
right_child=-2 -3 3 4 -6 -7 -8 -9
leaf_value=0.00044363861931046055 0.011393173223712185 -0.014459339761065483 -0.042235277090533693 0.12247305562830207 -0.03222387934956409 0.042949979050011064 -0.072125403174900002 0.018753975556079588
leaf_weight=1567.1859873242629 46.074978545082558 45.492664643505123 19.426294100636373 3.7604228977015728 3.4220980489171779 6.8476352227016823 8.7422090494601417 8.8858882199874625
leaf_count=134765 3369 2161 10270 2386 2344 3789 2239 1961
internal_value=-4.53674e-05 -0.000362138 3.41616e-05 -0.0125279 0.048768 -0.0225561 -0.0346616 -0.0230936
internal_weight=1709.84 1663.76 1618.27 51.0845 7.18252 43.902 37.0544 28.3122
internal_count=163284 159915 157754 22989 4730 18259 14470 12231
is_linear=0
shrinkage=0.0750466


Tree=320
num_leaves=9
num_cat=0
split_feature=22 149 149 85 108 22 85 149
split_gain=1.11193 5.85343 3.60844 7.3986 6.39594 4.10375 3.42175 7.32142
threshold=-1525.53 636.50000000000011 1189.5000000000002 17067.150000000005 1.0000000180025095e-35 43807.725000000006 8269.6500000000015 1894.5000000000002
decision_type=2 8 8 2 2 2 2 8
left_child=1 -1 3 5 6 -2 -4 -8
right_child=2 -3 4 -5 -6 -7 7 -9
leaf_value=-0.013415013278548861 0.017597479020207484 0.0048662098000480276 -0.0076818791715798761 -0.029482665706311115 0.032524444266583033 -0.013516577797896322 -0.037636523005943251 0.015797202679227625
leaf_weight=116.3555591080476 149.26627761586496 647.9487246394001 609.92767856914725 27.089178983525926 25.77350229802687 28.419793877917982 17.291939054183786 87.624557147631094
leaf_count=4693 8836 23021 60830 9560 3823 6818 6961 38742
internal_value=-4.54196e-05 0.00208313 -0.00176625 0.0070512 -0.0042042 0.012621 -0.00552844 0.00699046
internal_weight=1709.7 764.304 945.393 204.775 740.618 177.686 714.844 104.916
internal_count=163284 27714 135570 25214 110356 15654 106533 45703
is_linear=0
shrinkage=0.0750466


Tree=321
num_leaves=9
num_cat=0
split_feature=24 95 27 120 120 140 12 127
split_gain=1.1408 5.05893 5.56418 10.0474 8.2044 3.46893 4.70808 3.2376
threshold=8.5000000000000018 1.0000000180025095e-35 8.5000000000000018 211140.00000000003 305273.25000000006 552.33500000000015 6.5000000000000009 3001.5000000000005
decision_type=2 2 2 10 10 8 2 8
left_child=-1 2 3 5 -5 -2 -7 -3
right_child=1 7 -4 4 -6 6 -8 -9
leaf_value=0.00047413361732477892 0.021719133281971482 -0.0014349730555748047 -0.041089315395966254 0.10778331153860517 0.00030250330736337648 -0.0097491703504815237 -0.065019826312111798 0.05718481525186539
leaf_weight=1594.1923399377447 9.1675529465464916 11.467188487687965 30.532965187099762 7.3141191364393334 8.8272373139616302 23.962886726134457 13.609686098361633 9.8767508973905915
leaf_count=106430 3866 3400 27999 2746 4476 4675 7062 2630
internal_value=-4.60923e-05 -0.00727293 -0.0148047 -0.00204188 0.0490052 -0.0196706 -0.0297695 0.0256909
internal_weight=1708.95 114.758 93.4144 62.8815 16.1414 46.7401 37.5726 21.3439
internal_count=163284 56854 50824 22825 7222 15603 11737 6030
is_linear=0
shrinkage=0.0750466


Tree=322
num_leaves=9
num_cat=0
split_feature=112 145 0 85 112 150 112 0
split_gain=1.22087 3.27166 4.79701 4.16307 4.41435 3.22308 2.46572 5.25366
threshold=720815.33500000008 5.5000000000000009 26921913.500000004 2404.6500000000005 1120550.1800000004 6174.3750000000009 228031.20000000004 31507133.500000004
decision_type=10 10 2 2 8 8 10 2
left_child=6 3 -3 5 -5 -2 -1 -8
right_child=1 2 -4 4 -6 -7 7 -9
leaf_value=0.00080820555501643222 0.03279090274613862 -0.045592980245324634 0.013818899234889513 0.11415816526185973 0.020102763265771727 -0.0049454014258644317 0.0048781395732242295 -0.015841829622647255
leaf_weight=1329.7807303625868 20.084724283260588 13.529079830686898 17.625332527339197 4.7243526238225941 6.9368222831071771 34.89217393652325 120.96424076207495 160.18773632528791
leaf_count=104790 1449 3379 3325 2181 3803 5480 19364 19513
internal_value=-4.75825e-05 0.00809413 -0.0119812 0.0174797 0.0582079 0.00884081 -0.000541829 -0.00692717
internal_weight=1708.73 97.7925 31.1544 66.6381 11.6612 54.9769 1610.93 281.152
internal_count=163284 19617 6704 12913 5984 6929 143667 38877
is_linear=0
shrinkage=0.0750466


Tree=323
num_leaves=9
num_cat=0
split_feature=50 113 134 134 28 149 113 103
split_gain=1.12379 2.80314 4.36411 1.32059 4.27328 5.35179 4.56589 4.2425
threshold=1.0000000180025095e-35 -1079.9999999999998 692430.67000000016 139352.40000000002 1395.8750000000002 2306.5000000000005 -2054.4999999999995 4.5000000000000009
decision_type=2 10 10 10 2 10 10 2
left_child=3 -2 -3 4 -1 -6 -7 -5
right_child=1 2 -4 7 5 6 -8 -9
leaf_value=0.0017038609582959556 0.0082277078728483517 -0.071250455836484622 0.018971979673001887 0.0036826467245190358 -0.019757531269444354 -0.026278461362308339 0.006533888386673908 -0.030434811759142946
leaf_weight=675.58823134225531 14.0629297000487 8.6697590839021341 4.6330088719550977 687.15590008655454 140.12561878765882 29.365729957127769 127.95482621227529 21.159323094516367
leaf_count=18050 2582 4251 4202 76322 20244 3740 21053 12840
internal_value=-4.71819e-05 -0.0151329 -0.0398283 0.000198353 -0.00159611 -0.00909133 0.000409078 0.00266346
internal_weight=1708.72 27.3657 13.3028 1681.35 973.034 297.446 157.321 708.315
internal_count=163284 11035 8453 152249 63087 45037 24793 89162
is_linear=0
shrinkage=0.0750466


Tree=324
num_leaves=9
num_cat=0
split_feature=99 153 33 8 113 32 153 9
split_gain=1.27871 4.27595 3.18658 6.60516 6.02203 3.71342 6.65034 3.02914
threshold=1.0000000180025095e-35 3853.3050000000007 17595.285000000003 23206.245000000003 -1171.4999999999998 1.0000000180025095e-35 2844.5250000000001 2120.0400000000004
decision_type=2 8 2 2 8 2 8 2
left_child=2 -2 5 7 -5 -1 -7 -4
right_child=1 -3 3 4 -6 6 -8 -9
leaf_value=-0.00043091425887483039 -0.0072408795807956689 0.026161925288185742 -0.044572107157625544 0.069241850859881174 -0.0073892201988111691 0.050030059987662398 -0.0064155636036770146 0.014305015185981498
leaf_weight=1497.7653287830726 44.815739633020712 41.636478620568596 34.823357721446882 7.2045713024144789 29.118546592014354 22.840174179247697 24.222894333186559 5.7313705639289756
leaf_count=122971 2834 2640 15240 3646 8929 2055 2662 2307
internal_value=-4.67171e-05 0.00884633 -0.0005208 -0.0154332 0.0078103 0.000221308 0.0209781 -0.0362513
internal_weight=1708.16 86.4522 1621.71 76.8778 36.3231 1544.83 47.0631 40.5547
internal_count=163284 5474 157810 30122 12575 127688 4717 17547
is_linear=0
shrinkage=0.0750466


Tree=325
num_leaves=9
num_cat=0
split_feature=48 97 131 63 97 97 9 131
split_gain=1.12413 5.59328 3.79475 3.89951 4.26248 4.11621 4.38958 3.31223
threshold=1.0000000180025095e-35 9.5000000000000018 24486.375000000004 2.5000000000000004 63.500000000000007 24.500000000000004 1656.3400000000004 568.90500000000009
decision_type=2 2 8 2 2 2 2 8
left_child=-1 7 3 5 -5 -3 -7 -2
right_child=1 2 -4 4 -6 6 -8 -9
leaf_value=-0.00060621566862351941 0.0086551484925656997 0.01881386125331452 -0.051217321913833325 -0.011758273367966763 0.076139470501600123 -0.06358337826946768 -0.0022478406059766708 0.042676870726259315
leaf_weight=1574.5760084053545 42.732993412286305 15.117790351781876 10.236188745280741 5.7941576001667254 6.7003525005029587 12.097579290159048 14.385850380003829 25.87509899449924
leaf_count=141931 4283 1792 1257 2617 3753 2515 3028 2108
internal_value=-4.67113e-05 0.0065802 -0.00931662 -0.00138802 0.0353781 -0.0124304 -0.0302658 0.0214862
internal_weight=1707.52 132.94 64.3319 54.0957 12.4945 41.6012 26.4834 68.6081
internal_count=163284 21353 14962 13705 6370 7335 5543 6391
is_linear=0
shrinkage=0.0750466


Tree=326
num_leaves=9
num_cat=0
split_feature=80 33 64 31 31 31 11 11
split_gain=1.2318 5.17405 4.89251 4.57404 4.86334 5.36669 4.58695 3.65043
threshold=2.5000000000000004 8897.4100000000017 1745.0100000000002 18195.095000000005 4336.1750000000011 694.6400000000001 1147.6250000000002 93.555000000000021
decision_type=2 2 2 2 2 2 2 2
left_child=2 3 -1 4 5 -2 -5 -4
right_child=1 -3 7 6 -6 -7 -8 -9
leaf_value=0.0004448609697967197 0.0043287477094520856 -0.039072230469200414 -0.040158559394182433 0.0098291339091175454 -0.028014189064253219 0.047520882463324615 0.084278920226111817 -0.008489876626673375
leaf_weight=1344.385765124779 166.6520754512967 14.164825109628508 26.040272101432492 10.439482723035328 23.076344517055986 17.946347426986904 8.4199066555720474 96.34448591254295
leaf_count=70025 26494 11314 2359 2764 7729 4452 4079 34068
internal_value=-4.63209e-05 0.00492954 -0.000862867 0.00768091 0.00446735 0.00852781 0.0430678 -0.0152281
internal_weight=1707.47 240.699 1466.77 226.534 207.675 184.598 18.8594 122.385
internal_count=163284 56832 106452 45518 38675 30946 6843 36427
is_linear=0
shrinkage=0.0750466


Tree=327
num_leaves=9
num_cat=0
split_feature=125 127 151 103 112 85 23 103
split_gain=1.11908 2.22832 2.62745 1.53684 7.72946 4.44669 4.31842 8.44412
threshold=-28173.074999999993 3462.5000000000005 9.5000000000000018 5.5000000000000009 164689.20000000004 39354.150000000009 1.5000000000000002 9.5000000000000018
decision_type=8 10 8 2 10 2 2 2
left_child=1 2 -1 5 6 -2 7 -5
right_child=3 -3 -4 4 -6 -7 -8 -9
leaf_value=0.025117481787613298 0.00046115516138383326 -0.042615716625116908 -0.030145432094478203 0.099876539580957893 -0.034096835157077683 -0.025559637684108624 -0.0040233274568710386 -0.0082305722831112239
leaf_weight=10.850975441964698 1600.7226261935775 10.340024013642504 8.7547017998358552 10.943129619405232 12.351568762130226 37.862583927874766 9.1376067645014682 6.4780313877927247
leaf_count=2732 118556 4684 3054 3967 8514 17012 2494 2271
internal_value=-4.67682e-05 -0.0144265 0.000440429 0.000209931 0.0149506 -0.000140104 0.0377608 0.0596771
internal_weight=1707.44 29.9457 19.6057 1677.5 38.9103 1638.59 26.5588 17.4212
internal_count=163284 10470 5786 152814 17246 135568 8732 6238
is_linear=0
shrinkage=0.0750466


Tree=328
num_leaves=9
num_cat=0
split_feature=24 12 139 24 113 113 81 0
split_gain=1.10387 5.9189 6.36123 4.09691 6.88186 6.01506 4.75248 4.02549
threshold=1.0000000180025095e-35 6.5000000000000009 -4994.5599999999986 9.5000000000000018 -805.49999999999989 -1536.4999999999998 20172.080000000005 59645539.500000007
decision_type=2 2 10 2 10 10 2 2
left_child=-1 3 -3 4 5 6 -2 -4
right_child=1 2 7 -5 -6 -7 -8 -9
leaf_value=-0.0011417161836667542 -0.0011503485203399565 -0.077805458962062202 0.00087654208975975769 -0.0078179074981697058 -0.014094572868684286 0.051017800686634689 0.038258684312809377 -0.032196165689600903
leaf_weight=1284.53763010896 42.49782930467336 6.4568651897570808 214.94915424525516 39.024093114847346 27.298399817955215 40.542092376810615 28.990833873242082 22.939208007957859
leaf_count=48497 2776 1338 81891 10483 3369 4236 3435 7259
internal_value=-4.70428e-05 0.00327956 -0.00430752 0.0136739 0.0196935 0.0279265 0.0148312 -0.00231261
internal_weight=1707.24 422.698 244.345 178.353 139.329 112.031 71.4887 237.888
internal_count=163284 114787 90488 24299 13816 10447 6211 89150
is_linear=0
shrinkage=0.0750466


Tree=329
num_leaves=9
num_cat=0
split_feature=8 137 0 150 150 148 8 102
split_gain=1.27295 2.80547 3.61286 2.84152 2.60563 1.66956 2.75028 1.70999
threshold=-8804.7999999999975 31032.320000000003 47919824.000000007 22906.025000000005 39666.395000000011 5.9250000000000007 18628.875000000004 1.0000000180025095e-35
decision_type=2 10 2 10 8 10 2 2
left_child=1 2 -1 -3 -5 7 -7 -2
right_child=5 3 -4 4 -6 6 -8 -9
leaf_value=0.030601654175282982 -0.00043006915317496755 -0.031588159942229695 -0.0042350172881519587 0.042604620702503905 -0.014879584009343466 0.037805236944490464 -0.011887218724383176 -0.014348604596152469
leaf_weight=41.851066682842429 1525.2467677610484 16.83401464817598 27.972835061815204 8.1711268928938789 9.7282025712593185 15.896584139787594 10.361241205879194 51.387779537641109
leaf_count=4235 135849 4122 2722 2262 3302 2877 3895 4020
internal_value=-4.7808e-05 0.00797522 0.0166454 -0.0094543 0.0113622 -0.000571153 0.0181968 -0.000883721
internal_weight=1707.45 104.557 69.8239 34.7333 17.8993 1602.89 26.2578 1576.63
internal_count=163284 16643 6957 9686 5564 146641 6772 139869
is_linear=0
shrinkage=0.0750466


Tree=330
num_leaves=9
num_cat=0
split_feature=99 153 98 72 81 125 81 97
split_gain=1.17604 3.60794 1.91921 4.92164 4.61265 2.38861 3.97947 2.01035
threshold=1.0000000180025095e-35 3853.3050000000007 1.0000000180025095e-35 897.20000000000016 20172.080000000005 -28173.074999999993 83116.845000000016 36.500000000000007
decision_type=2 8 2 2 2 8 2 2
left_child=2 -2 5 4 -4 6 -1 -7
right_child=1 -3 3 -5 -6 7 -8 -9
leaf_value=-0.0020970071137531052 -0.0063967637432823165 0.024286701073434096 0.045679261819341788 -0.039405423402991364 -0.028654993617358439 -0.00097544532172201602 -0.066474045940755469 0.0060538619925189115
leaf_weight=16.37997648031342 44.501746847456161 41.908255527067013 10.401657871946556 23.283548308655554 8.5792241538374565 1275.2213116331059 8.0732313400785625 279.33762206218489
leaf_count=4234 2834 2640 1886 2737 3796 84972 4601 55584
internal_value=-4.62005e-05 0.00848451 -0.000500866 -0.0162831 0.0120807 -7.84329e-05 -0.0233511 0.000287646
internal_weight=1707.69 86.41 1621.28 42.2644 18.9809 1579.01 24.4532 1554.56
internal_count=163284 5474 157810 8419 5682 149391 8835 140556
is_linear=0
shrinkage=0.0750466


Tree=331
num_leaves=9
num_cat=0
split_feature=6 23 138 0 120 120 16 108
split_gain=1.13573 3.48008 4.99908 2.93914 2.85068 2.53773 2.15474 8.27379
threshold=289.50000000000006 1.5000000000000002 1513.9350000000002 14632853.000000002 126684.00000000001 493684.90500000009 -176.96999999999997 1.0000000180025095e-35
decision_type=2 2 10 2 10 8 2 2
left_child=3 -2 -3 4 -1 -4 -5 -8
right_child=1 2 5 6 -6 -7 7 -9
leaf_value=-0.00071727115369526876 -0.010376341708057651 0.049231217514176757 0.021851437914204998 -0.0021795101954060186 -0.036567407150786026 -0.029501342033302586 0.0019900299841389257 0.05283660783488018
leaf_weight=25.36645669372956 30.156149403886957 20.821687445066345 11.569214751980327 940.10072692939229 24.612505220651656 10.196373248429152 625.94132498154886 18.558022669934871
leaf_count=1984 4290 507 2422 57950 4352 2929 86467 2383
internal_value=-4.49947e-05 0.00913022 0.0229429 -0.000453318 -0.0183719 -0.00220544 0.000111843 0.00345413
internal_weight=1707.32 72.7434 42.5873 1634.58 49.979 21.7656 1584.6 644.499
internal_count=163284 10148 5858 153136 6336 5351 146800 88850
is_linear=0
shrinkage=0.0750466


Tree=332
num_leaves=9
num_cat=0
split_feature=11 131 134 107 107 117 97 97
split_gain=1.13128 3.17088 3.17102 4.60465 5.3182 4.30045 3.76261 5.77766
threshold=318.30500000000006 9471.9750000000022 509372.61000000004 12.500000000000002 38.500000000000007 1.0000000180025095e-35 28.500000000000004 11.500000000000002
decision_type=2 10 8 2 2 8 2 2
left_child=-1 2 5 -4 -5 -2 7 -6
right_child=1 -3 3 4 6 -7 -8 -9
leaf_value=-0.0010983291852545494 0.0018785875550974369 0.040784160383556894 0.055204214418743569 -0.027959376269251802 0.010907297028809142 -0.025554407117075132 0.0027627673515209748 0.083767314832050785
leaf_weight=1315.6815913003493 247.48676688518208 12.436092988302333 13.242352762608787 18.442825772071956 15.305963080890253 36.993837230266763 37.641039351926338 10.224156594105805
leaf_count=50667 73697 4338 297 1173 4921 7115 17385 3691
internal_value=-4.42248e-05 0.00349575 0.00227329 0.0141559 0.00749553 -0.0016888 0.0178466 0.0400859
internal_weight=1707.45 391.773 379.337 94.8563 81.614 284.481 63.1712 25.5301
internal_count=163284 112617 108279 27467 27170 80812 25997 8612
is_linear=0
shrinkage=0.0750466


Tree=333
num_leaves=9
num_cat=0
split_feature=120 120 151 46 17 83 32 83
split_gain=1.00535 3.45692 4.04601 4.17476 3.59806 3.31223 6.1072 4.1915
threshold=154836.00000000003 253368.00000000003 1.0000000180025095e-35 1.0000000180025095e-35 2.5000000000000004 1407.6450000000002 1.0000000180025095e-35 92470.055000000008
decision_type=8 8 8 2 2 2 2 2
left_child=-1 4 -3 5 -2 -4 7 -7
right_child=1 2 3 -5 -6 6 -8 -9
leaf_value=-0.0024739064580118126 0.0065677799450789267 -0.018151526645264506 -0.00057205239096366886 -0.02273276280335345 0.039504153997974974 0.022488299603382243 -0.042187921466798381 -0.0095541300834146286
leaf_weight=614.17806526615277 208.47695947633201 69.972621319213431 600.93117408463604 40.721210975186295 20.518556913137218 113.01751967345081 10.95448159317675 28.864317638470311
leaf_count=60489 25539 4491 23951 8300 1923 21892 7444 9255
internal_value=-4.42414e-05 0.00132046 -0.000851314 0.000672359 0.00951896 0.00193679 0.0118012 0.0159696
internal_weight=1707.63 1093.46 864.461 794.489 228.996 753.767 152.836 141.882
internal_count=163284 102795 75333 70842 27462 62542 38591 31147
is_linear=0
shrinkage=0.0750466


Tree=334
num_leaves=9
num_cat=0
split_feature=81 97 8 81 115 8 137 120
split_gain=1.12209 7.54302 5.69871 10.9809 7.33879 6.3129 5.06376 5.0797
threshold=15997.960000000001 36.500000000000007 18628.875000000004 42044.910000000011 1.0000000180025095e-35 9683.5850000000009 20863.215000000004 400242.26000000007
decision_type=2 2 2 2 10 2 8 10
left_child=-1 -2 4 -4 -3 6 -6 -8
right_child=1 2 3 -5 5 -7 7 -9
leaf_value=0.001056277582452576 -0.011855450052519629 0.0043859334409313121 0.040382777283422919 -0.030649582820349141 0.060357673164997246 0.10214812527321074 -0.032343538251401273 0.052813071967350307
leaf_weight=1286.880150924585 246.60228508190448 74.44763692138622 17.200403112993627 42.648662966276788 15.126251758352739 8.3761789190484688 10.263067089550534 6.4086305198798064
leaf_count=68450 46534 13397 3379 18710 2822 3092 3926 2974
internal_value=-4.40339e-05 -0.0034068 0.00853478 -0.0102351 0.0183354 0.0441854 0.028917 0.000390816
internal_weight=1707.95 421.073 174.471 59.8491 114.622 40.1741 31.7979 16.6717
internal_count=163284 94834 48300 22089 26211 12814 9722 6900
is_linear=0
shrinkage=0.0750466


Tree=335
num_leaves=9
num_cat=0
split_feature=27 107 25 27 107 25 25 115
split_gain=1.07889 3.3703 3.95642 2.72167 2.83003 6.57414 7.61654 2.68424
threshold=29.500000000000004 195.50000000000003 10238.335000000001 23.500000000000004 66.500000000000014 1.0000000180025095e-35 5340.5650000000014 2964.0000000000005
decision_type=2 2 2 2 2 2 2 8
left_child=3 -2 -3 -1 -5 -6 -7 -8
right_child=1 2 -4 4 5 6 7 -9
leaf_value=-0.00015771534670162179 -0.028123562803110048 0.063034976401673853 -0.028547398650440078 0.065977943234260955 -0.046187845068641084 0.11980057606986177 -0.04126693620489956 0.04566885437967539
leaf_weight=1645.2359870794662 24.904008827146754 5.9515743959991578 4.7987817327511948 6.7495466006075757 7.4363498750517492 4.597006539184803 4.347849717169078 3.704566250353313
leaf_count=137730 8097 3471 4984 394 1709 1519 2857 2523
internal_value=-4.64751e-05 -0.012964 0.0221541 0.000228972 0.0239363 0.00980873 0.042728 -0.00127156
internal_weight=1707.73 35.6544 10.7504 1672.07 26.8353 20.0858 12.6494 8.05242
internal_count=163284 16552 8455 146732 9002 8608 6899 5380
is_linear=0
shrinkage=0.0750466


Tree=336
num_leaves=9
num_cat=0
split_feature=22 135 135 135 113 137 106 115
split_gain=1.14345 2.89617 4.7064 4.29675 4.31729 2.89407 7.64479 6.24648
threshold=-1525.53 -927.99999999999989 -989.49999999999989 -1110.4999999999998 -927.99999999999989 16998.050000000003 1208.1900000000003 2964.0000000000005
decision_type=2 8 10 10 10 10 2 10
left_child=-1 2 3 5 -5 -2 -7 -8
right_child=1 -3 -4 4 -6 6 7 -9
leaf_value=0.0021147549364567047 0.004805025991534719 -0.0071927674086184916 0.031761715662265398 0.012945498435299531 -0.034943067783458799 -0.01646723661877084 0.085914450166172343 -0.033631596817348508
leaf_weight=762.7545149361722 412.10131656774956 351.26437879671994 27.432948720035711 15.028776374434527 35.999515254098696 91.7350614908637 7.8761386245550948 3.580821561279663
leaf_count=27714 41404 45399 4996 2170 6316 27128 4963 3194
internal_value=-4.67305e-05 -0.00179133 0.00140415 -6.63908e-05 -0.020839 0.00199067 -0.00924856 0.0485509
internal_weight=1707.77 945.019 593.755 566.322 51.0283 515.293 103.192 11.457
internal_count=163284 135570 90171 85175 8486 76689 35285 8157
is_linear=0
shrinkage=0.0750466


Tree=337
num_leaves=9
num_cat=0
split_feature=99 11 153 33 63 9 32 153
split_gain=1.01731 3.52835 4.79026 2.45498 4.22134 4.07365 3.36358 5.41283
threshold=1.0000000180025095e-35 52.845000000000006 2293.2150000000006 17595.285000000003 1.0000000180025095e-35 2299.4850000000006 1.0000000180025095e-35 3489.6750000000006
decision_type=2 2 8 2 2 2 2 8
left_child=3 -2 -3 6 5 -5 -1 -8
right_child=1 2 -4 4 -6 -7 7 -9
leaf_value=-0.00045122024439040717 0.025167546761810159 -0.028414050551167132 0.01854452129831563 -0.015173347529512613 -0.05999351673624647 0.035570373199155292 0.044490605631922066 -0.006186465147911633
leaf_weight=1498.4666302746436 37.604642984755628 24.963121654067436 23.994572452966167 54.490846982558651 9.6781740240203344 10.651772883521515 24.393279626478034 23.122101155580822
leaf_count=122971 536 1951 2987 13944 13127 3051 2363 2354
internal_value=-4.70775e-05 0.00787965 -0.00539926 -0.000470421 -0.0137468 -0.00687601 0.000172117 0.01983
internal_weight=1707.37 86.5623 48.9577 1620.8 74.8208 65.1426 1545.98 47.5154
internal_count=163284 5474 4938 157810 30122 16995 127688 4717
is_linear=0
shrinkage=0.0750466


Tree=338
num_leaves=9
num_cat=0
split_feature=60 153 147 56 113 60 137 147
split_gain=1.12904 2.65911 5.12074 4.25697 2.41777 2.10482 3.19434 1.91389
threshold=1079.3350000000003 651.0150000000001 -10789.794999999998 1169.9700000000003 -593.49999999999989 433.49500000000006 8892.4500000000025 -31205.244999999999
decision_type=2 10 8 2 8 2 8 8
left_child=5 -2 3 4 -3 7 -7 -1
right_child=1 2 -4 -5 -6 6 -8 -9
leaf_value=-0.0081810292721946707 -0.027404004309041718 0.029069933932626305 0.065621591879856583 -0.06362573068291992 -0.021984375474259927 -0.0016255762752664165 0.049021048360034632 0.00078749301491429214
leaf_weight=147.45748916291541 27.442627763301061 11.74517586413276 6.2083260510553364 6.3681055580846069 9.4092123751779635 16.022288885069429 12.473956562197602 1469.4733461271817
leaf_count=42246 2682 4554 1394 5607 3805 1156 4254 97586
internal_value=-4.62617e-05 -0.0100573 0.00405566 -0.00983194 0.0063616 0.000325926 0.0205445 -3.03996e-05
internal_weight=1706.6 61.1734 33.7308 27.5225 21.1544 1645.43 28.4962 1616.93
internal_count=163284 18042 15360 13966 8359 145242 5410 139832
is_linear=0
shrinkage=0.0750466


Tree=339
num_leaves=9
num_cat=0
split_feature=5 5 5 97 97 5 85 118
split_gain=1.06368 2.80374 4.46081 8.51458 5.50632 5.62261 6.98346 6.03968
threshold=76.500000000000014 67.500000000000014 61.500000000000007 36.500000000000007 36.500000000000007 34.500000000000007 8269.6500000000015 15272.305000000002
decision_type=2 2 2 2 2 2 2 8
left_child=1 2 4 -4 -1 -6 -7 -8
right_child=-2 -3 3 -5 5 6 7 -9
leaf_value=-0.0031394467074036454 0.011674211171493063 -0.010708613584153983 0.020808712677757042 -0.021714727765595302 0.029272195311782958 -0.0043665863967735303 0.073910876617110696 0.011687710854534003
leaf_weight=1106.3088899703716 42.528666803258602 135.08364642493234 131.53371895266537 33.216808488232346 59.504035161438878 155.9383748153723 12.456137371811563 29.814352800778579
leaf_count=81050 2872 9833 6549 5781 10674 25451 7798 13276
internal_value=-4.54255e-05 -0.000344983 0.000570756 0.0122352 -0.000838107 0.00904107 0.00296751 0.0300234
internal_weight=1706.38 1663.86 1528.77 164.751 1364.02 257.713 198.209 42.2705
internal_count=163284 160412 150579 12330 138249 57199 46525 21074
is_linear=0
shrinkage=0.0750466


Tree=340
num_leaves=9
num_cat=0
split_feature=60 81 8 8 97 8 81 97
split_gain=1.02222 2.32622 3.54141 4.06712 2.82628 1.77286 4.49569 4.08338
threshold=1079.3350000000003 23460.585000000003 29166.560000000001 11254.315000000002 20.500000000000004 -1.0000000180025095e-35 75817.000000000015 32.500000000000007
decision_type=2 2 2 2 2 2 2 2
left_child=5 4 3 -3 -2 6 -1 -8
right_child=1 2 -4 -5 -6 -7 7 -9
leaf_value=0.0099604059195569274 -0.001109739268532265 -0.0008277167187529642 -0.032991261457930542 0.072920825068049283 -0.044447179936594507 -0.00070049207161057255 -0.057490073299501135 0.0027929664619681435
leaf_weight=210.04002820376627 17.028596587833817 11.817555552516756 8.5613864498627645 6.5435284213981495 16.872981525844807 1409.9989308049871 11.138107975413734 14.654782384443022
leaf_count=19886 2629 4139 4883 2585 3806 115654 4192 5510
internal_value=-4.6252e-05 -0.00960026 0.00686887 0.0254548 -0.022679 0.00030683 0.00632941 -0.023239
internal_weight=1706.66 60.824 26.9225 18.3611 33.9016 1645.83 235.833 25.7929
internal_count=163284 18042 11607 6724 6435 145242 29588 9702
is_linear=0
shrinkage=0.0750466


Tree=341
num_leaves=9
num_cat=0
split_feature=11 28 127 127 9 104 104 9
split_gain=1.06642 4.24322 7.66858 3.35727 4.40242 3.15341 7.73798 6.77459
threshold=318.30500000000006 21895.940000000006 3001.5000000000005 510.50000000000006 448.33500000000004 17653.650000000005 2404.6500000000005 2506.1000000000004
decision_type=2 2 8 8 2 2 2 2
left_child=1 3 -3 4 -1 6 -2 -8
right_child=5 2 -4 -5 -6 -7 7 -9
leaf_value=0.0038834503950275555 0.0021002300419206942 -0.0011859219034816239 -0.054716003133263982 0.0016710634459668526 -0.018078679837867897 -0.013310401357520209 0.022902755031717563 0.10462785541276773
leaf_weight=89.513285571680171 300.11169014624375 44.140761983750963 22.887555339819301 1037.2918984338703 120.7452207360293 54.783985160532211 30.146456599989506 7.0481958069358361
leaf_count=6217 63277 6330 3947 31234 2939 33483 13855 2002
internal_value=-4.54657e-05 -0.00106998 -0.0194644 -8.16907e-05 -0.00872875 0.00338948 0.00610181 0.0383892
internal_weight=1706.67 1314.58 67.0283 1247.55 210.259 392.09 337.306 37.1947
internal_count=163284 50667 10277 40390 9156 112617 79134 15857
is_linear=0
shrinkage=0.0750466


Tree=342
num_leaves=9
num_cat=0
split_feature=131 63 131 5 84 8 131 125
split_gain=1.09858 5.75336 5.68005 5.24902 4.1068 2.85897 6.68951 3.69883
threshold=392.95500000000004 1.5000000000000002 1378.2750000000003 40.500000000000007 1.0000000180025095e-35 2732.7600000000007 1202.3250000000003 -2063.0949999999998
decision_type=10 2 10 2 2 2 10 10
left_child=-1 5 -3 -4 -5 6 -2 -7
right_child=1 2 3 4 -6 7 -8 -9
leaf_value=0.00055286398528563358 0.042779853637239781 -0.017442502858575643 0.09699925825496343 -0.02200070492840335 0.063301333190894302 -0.033001821179977846 -0.018946991068747795 0.0035914510434576271
leaf_weight=1552.822448721442 14.742100870369539 12.769025531758414 7.3649285431965863 6.8708113198772462 5.9152976106724964 54.31828056872655 30.030088512467046 21.800727679928059
leaf_count=120822 2614 7103 3889 3621 3963 13288 5795 2189
internal_value=-4.63889e-05 -0.00609623 0.0217178 0.0465324 0.017463 -0.0136703 0.00137775 -0.0225214
internal_weight=1706.63 153.811 32.9201 20.151 12.7861 120.891 44.7722 76.119
internal_count=163284 42462 18576 11473 7584 23886 8409 15477
is_linear=0
shrinkage=0.0750466


Tree=343
num_leaves=9
num_cat=0
split_feature=22 107 137 0 0 150 16 55
split_gain=1.06209 3.65691 5.41354 4.50746 5.10063 8.60275 9.37533 5.93699
threshold=-1525.53 30.500000000000004 7430.2150000000011 26921913.500000004 29151941.000000004 3519.0050000000006 -26.824999999999996 1.0000000180025095e-35
decision_type=2 2 8 2 2 10 2 2
left_child=-1 2 -2 -3 5 -5 -7 -6
right_child=1 3 -4 4 7 6 -8 -9
leaf_value=0.002036305084470098 -0.00098661649402740866 -0.0092949489473460063 -0.018837469464609503 -0.0081176599665497094 0.011205991110400753 0.13400748243675803 0.025585141617748011 -0.0096777186383718468
leaf_weight=762.44937631489665 296.00647125105024 132.34016912371499 141.38048017509573 14.776608751455568 224.33400446836276 7.4241498059745927 11.371717147252641 116.47339845056194
leaf_count=27714 8029 35484 4470 2376 37574 2112 4212 41313
internal_value=-4.70161e-05 -0.00172948 -0.00675671 0.00260988 0.00681814 0.0347275 0.0684107 0.00406883
internal_weight=1706.56 944.107 437.387 506.72 374.38 33.5725 18.7959 340.807
internal_count=163284 135570 12499 123071 87587 8700 6324 78887
is_linear=0
shrinkage=0.0750466


Tree=344
num_leaves=9
num_cat=0
split_feature=138 74 74 74 125 80 20 123
split_gain=1.09357 6.49971 4.93322 2.47095 2.59991 2.78857 2.43281 2.03216
threshold=97358.630000000019 2126.0350000000003 943.84000000000015 3171.9350000000004 -7683.0649999999987 1.5000000000000002 18.100000000000005 12.500000000000002
decision_type=10 2 2 2 10 2 2 10
left_child=3 2 -2 7 5 -5 -3 -1
right_child=1 6 -4 4 -6 -7 -8 -9
leaf_value=-0.00095908249094480043 -0.019072545232817838 -0.059736882419616909 0.056100550708331608 0.019517207466248496 0.039878858801284736 -0.014168317746439204 -0.010863194798842154 0.011821507647500444
leaf_weight=1515.5912540457898 9.4817974977049762 13.272844337225253 10.211760845481875 34.814578403596897 16.528318811503595 22.974038428589665 10.101863209762994 73.464017579598476
leaf_count=130364 2112 3417 4007 2979 2470 4814 5392 7729
internal_value=-4.83959e-05 -0.011855 0.0199072 0.000257302 0.0136323 0.00612543 -0.0386151 -0.00036822
internal_weight=1706.44 43.0683 19.6936 1663.37 74.3169 57.7886 23.3747 1589.06
internal_count=163284 14928 6119 148356 10263 7793 8809 138093
is_linear=0
shrinkage=0.0750466


Tree=345
num_leaves=9
num_cat=0
split_feature=10 22 131 120 97 109 74 67
split_gain=1.06316 4.52801 4.23273 3.75859 3.00395 4.19971 2.98192 1.96764
threshold=-3005.3049999999998 54211.545000000006 3618.7050000000004 154836.00000000003 3.5000000000000004 1.0000000180025095e-35 1660.8950000000002 1.0000000180025095e-35
decision_type=2 2 10 8 2 2 2 2
left_child=1 3 -3 -1 -5 -6 -7 -2
right_child=7 2 -4 4 5 6 -8 -9
leaf_value=-0.036574104820301108 2.3624954379555009e-05 -0.06345257604993397 0.043159845256703737 0.034964919688202527 -0.039845936189710711 0.049660155253295764 -0.0057077868322026343 0.020156447333841157
leaf_weight=12.665914728433561 1598.6921420171893 12.522437745671594 2.5192724274738785 16.946541087032529 11.867918264695616 8.7393597429017991 14.680907581696372 27.815583587905166
leaf_count=2589 130143 11699 2383 1590 1940 2780 3611 6549
internal_value=-4.73574e-05 -0.00849669 -0.0455965 0.000101757 0.00899495 -0.00347668 0.014953 0.000367925
internal_weight=1706.45 79.9424 15.0417 64.9006 52.2347 35.2882 23.4203 1626.51
internal_count=163284 26592 14082 12510 9921 8331 6391 136692
is_linear=0
shrinkage=0.0750466


Tree=346
num_leaves=9
num_cat=0
split_feature=64 56 56 56 118 138 135 18
split_gain=1.0762 2.72983 9.23573 4.48531 4.34649 3.80071 3.47009 3.74284
threshold=11572.960000000001 2970.1600000000003 4317.5350000000008 1169.9700000000003 2451.8550000000005 12094.745000000001 -1840.4999999999998 31639.660000000003
decision_type=2 2 2 2 8 8 10 2
left_child=1 3 -3 -1 -4 -5 -6 -8
right_child=-2 2 4 5 6 -7 7 -9
leaf_value=0.00043487951963452377 -0.0076948661882374888 0.05486828569815231 0.041770168196432506 -0.0032446246676881229 -0.046589406502129532 -0.045268516518413494 0.015254366275916984 -0.036096052954365208
leaf_weight=1476.5307738434985 97.686928979839195 22.385119784961717 10.760666692902303 26.179600578525424 11.695473968986333 22.571018299968273 27.083254018476509 11.342046157995354
leaf_count=88521 37255 5579 5165 2808 2805 6547 6071 8533
internal_value=-4.67209e-05 0.00041775 0.0136496 -0.000304591 -0.0015058 -0.0227012 -0.0107969 9.71958e-05
internal_weight=1706.23 1608.55 83.2666 1525.28 60.8814 48.7506 50.1208 38.4253
internal_count=163284 126029 28153 97876 22574 9355 17409 14604
is_linear=0
shrinkage=0.0750466


Tree=347
num_leaves=9
num_cat=0
split_feature=6 82 139 125 11 5 81 11
split_gain=1.10323 2.40673 5.15515 2.89202 2.76972 5.97002 2.84521 2.58868
threshold=289.50000000000006 6.5000000000000009 2994.6850000000004 -12437.629999999999 1290.9050000000004 47.500000000000007 83116.845000000016 421.10500000000008
decision_type=2 2 8 8 2 2 2 2
left_child=1 7 3 -3 6 -6 -5 -1
right_child=-2 2 -4 4 5 -7 -8 -9
leaf_value=-0.0013060270629960721 0.0090131209299250045 -0.075719326496796219 0.035224532361108937 -0.055600080671639913 0.068210632896885809 -0.056804688051248491 -0.0045919209225340615 0.0068111688635734153
leaf_weight=1319.0813522271546 72.47800330649352 6.1405154795611452 8.7627261924362738 13.635693522738622 5.1814755497725837 3.6787785182650623 11.231912303628631 265.87188834095105
leaf_count=55199 10148 3967 1452 4396 3716 2593 4108 77705
internal_value=-4.69849e-05 -0.000448959 -0.0168936 -0.0283487 -0.0197244 0.0163043 -0.0325613 5.5612e-05
internal_weight=1706.06 1633.58 48.6311 39.8684 33.7279 8.86025 24.8676 1584.95
internal_count=163284 153136 20232 18780 14813 6309 8504 132904
is_linear=0
shrinkage=0.0750466


Tree=348
num_leaves=9
num_cat=0
split_feature=39 73 137 113 141 129 113 135
split_gain=1.03017 1.9535 2.11487 4.09903 1.1725 5.75306 4.20504 4.03963
threshold=351900.43000000005 4.5000000000000009 16998.050000000003 -562.99999999999989 1.7600000000000002 2.5000000000000004 -713.99999999999989 -440.49999999999994
decision_type=2 2 8 8 10 10 8 8
left_child=4 -2 -3 -4 -1 7 -7 -6
right_child=1 2 3 -5 5 6 -8 -9
leaf_value=0.00075487044628591115 -0.04346286591476084 -0.020013604810770143 0.097310782556234487 -0.026233793588177443 -0.0081599884477326044 0.07410014092481601 -0.0011524143666398197 -0.056582388844969654
leaf_weight=1550.754448612654 8.8682476667072496 10.646094380823341 3.0256710634312185 3.024326531871341 102.47951178776748 7.9151006458405391 8.8671200156495633 10.717896266614842
leaf_count=122041 1803 3484 2596 2303 21290 2995 4286 2486
internal_value=-4.64051e-05 -0.0149981 0.000121234 0.0355522 0.000181013 -0.00666554 0.0343394 -0.0127448
internal_weight=1706.3 25.5643 16.6961 6.05 1680.73 129.98 16.7822 113.197
internal_count=163284 10186 8383 4899 153098 31057 7281 23776
is_linear=0
shrinkage=0.0750466


Tree=349
num_leaves=9
num_cat=0
split_feature=7 5 118 81 109 137 18 137
split_gain=1.07223 4.68139 4.46147 7.63213 4.2408 3.22203 1.7534 6.90975
threshold=5005.1550000000016 53.500000000000007 37573.990000000005 35190.005000000012 1.0000000180025095e-35 16998.050000000003 111286.64000000001 16998.050000000003
decision_type=2 2 8 2 2 8 2 8
left_child=6 2 3 -2 -4 -3 -1 -8
right_child=1 5 4 -5 -6 -7 7 -9
leaf_value=-0.00024732960442882667 0.0055832002845471428 0.011351283228179385 0.024550106622101692 0.10045324546604262 -0.014813620361751852 -0.029093470242071501 -0.049294202760013998 0.027525325902666768
leaf_weight=1550.3114931640594 10.458607334756381 18.715368013305124 35.823342852067071 8.7894627083423966 27.055442626789954 27.239681512010065 16.886308802695567 10.819902046117024
leaf_count=126797 2073 2938 2032 3177 5160 5416 6559 9132
internal_value=-4.57574e-05 0.00655789 0.0172903 0.0489048 0.00761271 -0.0126222 -0.000581751 -0.0192944
internal_weight=1706.1 128.082 82.1269 19.2481 62.8788 45.955 1578.02 27.7062
internal_count=163284 20796 12442 5250 7192 8354 142488 15691
is_linear=0
shrinkage=0.0750466


Tree=350
num_leaves=9
num_cat=0
split_feature=16 147 9 147 153 153 153 99
split_gain=1.02307 4.09147 3.34523 4.73242 3.45793 4.64486 3.7657 3.53539
threshold=-176.96999999999997 -1.0000000180025095e-35 3165.5400000000004 -7681.6749999999993 651.0150000000001 1.0000000180025095e-35 838.69500000000005 1.0000000180025095e-35
decision_type=2 10 2 8 8 10 8 2
left_child=-1 2 4 -4 5 -2 -6 -8
right_child=1 -3 3 -5 6 -7 7 -9
leaf_value=-0.0015931389063603978 -5.4589755501140559e-05 -0.029133342210514373 0.0070650423288835737 0.066124421187412269 -0.038389130127434133 0.01746936909040097 -0.003804062467168592 0.037127122259118114
leaf_weight=998.3757807561251 213.57701697709126 22.805811710988564 24.316333479248897 11.142919342964886 16.96510973443219 141.7067980426491 264.62384649590194 12.443613547238781
leaf_count=62205 13415 2201 8431 819 3255 12421 58747 1790
internal_value=-4.5958e-05 0.00213707 0.0031785 0.0256242 0.00195274 0.00693493 -0.00406732 -0.00196577
internal_weight=1705.96 707.581 684.776 35.4593 649.316 355.284 294.033 277.067
internal_count=163284 101079 98878 9250 89628 25836 63792 60537
is_linear=0
shrinkage=0.0750466


Tree=351
num_leaves=9
num_cat=0
split_feature=24 107 24 51 142 107 107 120
split_gain=1.07719 5.63174 3.22372 5.51058 4.73795 4.45178 9.67052 4.40039
threshold=8.5000000000000018 45.500000000000007 16.500000000000004 1.5000000000000002 588362.69500000007 66.500000000000014 79.500000000000014 154836.00000000003
decision_type=2 2 2 2 8 2 2 8
left_child=-1 -2 4 -4 5 -3 -7 -8
right_child=1 2 3 -5 -6 6 7 -9
leaf_value=0.00045970281461189566 0.071890104019370155 -0.067029432249668078 0.014575015853202261 -0.062713946597558565 -0.061415690673212425 0.092913318278872239 -0.042492064518761169 0.0087046182554934223
leaf_weight=1591.8539923706312 4.8688594549166728 6.8912902440060853 39.995075861243095 5.9711202279077034 13.283944463538772 5.2962171023900728 17.826948711212026 20.133912550418245
leaf_count=106430 371 1104 19804 8298 4615 1503 9454 11705
internal_value=-4.55183e-05 -0.00708373 -0.0105985 0.00453499 -0.021565 -0.0110089 -0.00208421 -0.0153381
internal_weight=1706.12 114.267 109.399 45.9662 63.4323 50.1484 43.2571 37.9609
internal_count=163284 56854 56483 28102 28381 23766 22662 21159
is_linear=0
shrinkage=0.0750466


Tree=352
num_leaves=9
num_cat=0
split_feature=116 116 116 135 116 81 116 126
split_gain=0.981594 5.33001 1.36328 7.24471 4.36054 1.66444 5.20855 3.62102
threshold=45741.250000000007 77957.780000000013 19720.290000000005 -989.49999999999989 31427.105000000007 15997.960000000001 702.78000000000009 1.0000000180025095e-35
decision_type=10 10 10 10 10 2 10 8
left_child=2 -2 5 4 -4 6 -1 -7
right_child=1 -3 3 -5 -6 7 -8 -9
leaf_value=0.0025580456953086354 -0.046941776466013149 0.01416068313396357 0.01796045305184037 0.06324372100432471 -0.045278980731783082 0.0085542141415486939 -0.016175404943637693 -0.0085128887558971796
leaf_weight=1161.325488423382 14.452534297553937 18.122003707535441 14.888368256704782 11.714513621134754 10.451668793384668 92.002956098303912 90.070773537746391 292.90855596464871
leaf_count=48943 4410 4410 4133 4245 2651 27373 13627 53492
internal_value=-4.65843e-05 -0.012949 0.000204581 0.014439 -0.00812308 -0.000117761 0.00120968 -0.00443345
internal_weight=1705.94 32.5745 1673.36 37.0546 25.34 1636.31 1251.4 384.912
internal_count=163284 8820 154464 11029 6784 143435 62570 80865
is_linear=0
shrinkage=0.0750466


Tree=353
num_leaves=9
num_cat=0
split_feature=147 147 25 150 16 116 25 80
split_gain=1.11745 4.43738 8.48333 5.348 3.91341 3.41395 3.35768 3.24532
threshold=-7681.6749999999993 -10789.794999999998 803.5100000000001 4363.6450000000013 -4943.454999999999 1.0000000180025095e-35 1525.2650000000001 1.0000000180025095e-35
decision_type=10 10 2 8 2 10 2 2
left_child=1 -1 -3 -4 -2 6 7 -6
right_child=4 2 3 -5 5 -7 -8 -9
leaf_value=-5.2242237423828975e-05 -0.018973779556957813 0.036012284682101624 -0.045108357462096543 0.024959013403686347 0.0077594787996818305 -0.015673157918129184 0.018302413844388559 -0.010196758938735688
leaf_weight=1196.2201778357621 74.637389715799145 51.627666444026545 15.23377241946582 10.271894927778705 116.7755121512746 64.755323670275175 65.750713302290023 110.16766782251943
leaf_count=125152 3057 2826 4035 2971 3004 6834 11593 3812
internal_value=-4.63049e-05 0.00107271 0.0185191 -0.0168901 -0.00334404 -8.04581e-05 0.00336926 -0.000957227
internal_weight=1705.44 1273.35 77.1333 25.5057 432.087 357.449 292.694 226.943
internal_count=163284 134984 9832 7006 28300 25243 18409 6816
is_linear=0
shrinkage=0.0750466


Tree=354
num_leaves=9
num_cat=0
split_feature=58 97 97 149 138 81 64 97
split_gain=1.02661 6.70769 6.63473 4.57638 1.72252 3.29073 2.86448 1.4162
threshold=26388.150000000005 41.500000000000007 11.500000000000002 4617.5000000000009 97358.630000000019 8797.7650000000012 1.0000000180025095e-35 41.500000000000007
decision_type=2 2 2 10 10 2 2 2
left_child=4 2 -2 -3 7 -6 -7 -1
right_child=1 3 -4 -5 5 6 -8 -9
leaf_value=-0.00089499321101491329 -0.0026385800546799986 -0.075933722078549412 0.099495668958754696 0.02026530147764459 0.0056081326965204681 -0.069759158477797623 -0.006986754238535656 0.0050788424854944052
leaf_weight=1379.5523408241265 7.1032274777262518 5.6796057248293419 7.2263793801812426 5.4649558298424381 17.59294969745315 8.9517213805593219 7.545071424186971 266.71151534778255
leaf_count=90361 2034 2462 2477 3347 2591 3059 4671 52282
internal_value=-4.62499e-05 0.0149063 0.0488674 -0.0287606 -0.000272931 -0.0169704 -0.0410492 7.2829e-05
internal_weight=1705.83 25.4742 14.3296 11.1446 1680.35 34.0897 16.4968 1646.26
internal_count=163284 10320 4511 5809 152964 10321 7730 142643
is_linear=0
shrinkage=0.0750466


Tree=355
num_leaves=9
num_cat=0
split_feature=102 9 7 113 150 150 135 107
split_gain=1.06762 2.11368 1.92655 3.7978 11.4953 6.53491 6.12163 4.56802
threshold=1.0000000180025095e-35 938.67500000000007 5005.1550000000016 -593.49999999999989 7173.1900000000014 7173.1900000000014 -866.99999999999989 12.500000000000002
decision_type=2 2 2 10 8 10 10 2
left_child=2 -2 -1 4 -4 -5 -7 -6
right_child=1 -3 3 5 7 6 -8 -9
leaf_value=-0.00041225900234004103 0.0058612270611242768 -0.023070074690689658 0.06575740667053985 -0.050509229717069747 0.02099687943449283 0.08586499181942582 -0.038949030966956295 -0.015805744129438019
leaf_weight=1529.1117274405783 25.782089337706566 31.719655614181647 20.572561790735563 13.800481865539043 37.832414781558327 5.0964068954290269 3.9117872900733328 38.147548738777914
leaf_count=138731 1767 3206 3547 2463 567 2736 2435 7832
internal_value=-4.61019e-05 -0.0100981 0.000304531 0.00948718 0.0159935 -0.0180549 0.0316648 0.00251925
internal_weight=1705.97 57.5017 1648.47 119.361 96.5525 22.8087 9.00819 75.98
internal_count=163284 4973 158311 19580 11946 7634 5171 8399
is_linear=0
shrinkage=0.0750466


Tree=356
num_leaves=9
num_cat=0
split_feature=8 73 22 74 116 22 80 22
split_gain=1.01253 4.35406 4.24484 4.21062 7.96125 7.89383 6.53434 5.37361
threshold=9683.5850000000009 1.0000000180025095e-35 -9370.4499999999989 1588.4450000000004 8739.4750000000022 -9370.4499999999989 4.5000000000000009 14268.340000000002
decision_type=2 2 2 2 10 2 2 2
left_child=3 -2 -3 4 6 -5 -1 -8
right_child=1 2 -4 5 -6 -7 7 -9
leaf_value=-0.0029985705026721577 0.021677684308639637 0.0066508980399856742 -0.0062528859440265485 -0.01684731173196255 -0.042157436809639126 0.012082934058427813 0.060681328029397116 -0.0042107869818677774
leaf_weight=421.39822517301491 41.818104375706753 188.63362263102863 601.12081591342303 63.213853398559877 27.558524840552309 332.60874135289896 17.169904175751075 12.360941100441776
leaf_count=39220 1142 6024 84736 1474 8920 15317 2320 4131
internal_value=-4.64727e-05 -0.00192122 -0.0031708 0.00173664 -0.00300017 0.0074627 -0.000607078 0.033519
internal_weight=1705.88 831.573 789.754 874.31 478.488 395.823 450.929 29.5308
internal_count=163284 91902 90760 71382 54591 16791 45671 6451
is_linear=0
shrinkage=0.0750466


Tree=357
num_leaves=9
num_cat=0
split_feature=50 27 57 99 9 142 134 113
split_gain=1.01569 2.51885 4.23343 1.24047 2.63247 1.65748 2.82916 3.24034
threshold=1.0000000180025095e-35 1.0000000180025095e-35 4.5000000000000009 1.0000000180025095e-35 1061.5900000000001 154836.00000000003 214834.95000000004 -2054.4999999999995
decision_type=2 2 2 2 2 10 10 8
left_child=3 -2 -3 5 -5 -1 -7 -8
right_child=1 2 -4 4 -6 6 7 -9
leaf_value=-0.0023770444066011282 0.0047042026123428745 -0.067093188681822041 0.043376116568499504 0.022710833417253121 -0.0039659720987592281 0.0084172838082906473 -0.033932240356221735 -6.4656295483680288e-05
leaf_weight=911.05184130552152 15.845294221478982 8.5712261688177005 2.5305922540628663 40.860692878921327 42.50476389385949 273.85672637356947 16.58164921342086 393.09840635674891
leaf_count=61500 886 5978 4171 2149 2570 30736 3004 52290
internal_value=-4.68685e-05 -0.0145012 -0.0419124 0.00018526 0.00910938 -0.000281295 0.00251202 -0.00143543
internal_weight=1704.9 26.9471 11.1018 1677.95 83.3655 1594.59 683.537 409.68
internal_count=163284 11035 10149 152249 4719 147530 86030 55294
is_linear=0
shrinkage=0.0750466


Tree=358
num_leaves=9
num_cat=0
split_feature=72 9 6 9 9 6 28 9
split_gain=1.10137 5.97642 1.80199 3.63212 8.12244 6.74718 8.16978 5.55527
threshold=2506.0200000000004 3165.5400000000004 85.500000000000014 279.00500000000005 511.12500000000006 20.500000000000004 1395.8750000000002 389.19000000000005
decision_type=2 2 2 2 2 2 2 2
left_child=2 -2 3 -1 7 -6 -7 -5
right_child=1 -3 -4 4 5 6 -8 -9
leaf_value=-0.004496080955843848 -0.025495495937503009 0.010990137729003237 -0.0020358003366671385 0.065875990884358193 -0.014643905181959469 0.016019313108987316 -0.0059665617157433652 0.006083680150729953
leaf_weight=249.05591460053438 51.663559348482522 49.520924583015585 816.58321127357067 20.957348112162435 89.796031723791202 262.88246760718175 149.22044805266705 15.025857914846709
leaf_count=17786 1814 5745 100216 4495 4098 4180 20781 4169
internal_value=-4.53009e-05 -0.00763898 0.000433871 0.00299658 0.00646591 0.00399662 0.00805834 0.0409079
internal_weight=1704.71 101.184 1603.52 786.938 537.882 501.899 412.103 35.9832
internal_count=163284 7559 155725 55509 37723 29059 24961 8664
is_linear=0
shrinkage=0.0750466


Tree=359
num_leaves=9
num_cat=0
split_feature=109 135 0 116 0 141 81 0
split_gain=1.10488 2.44089 1.93717 4.99639 2.13314 4.74208 8.49576 4.22749
threshold=1.0000000180025095e-35 -348.99999999999994 15842220.000000002 -1.0000000180025095e-35 31507133.500000004 1.7950000000000002 1.0000000180025095e-35 24777691.000000004
decision_type=2 10 2 10 2 8 2 2
left_child=2 -2 3 -1 5 6 -4 -8
right_child=1 -3 4 -5 -6 -7 7 -9
leaf_value=0.0085943178399104248 0.0029958656778128834 -0.016787418067609798 0.03682461021555742 -0.029106017672697531 -0.0031933203323083041 -0.0039724906954385674 0.017581904068420237 -0.024505360554320597
leaf_weight=34.736672747134435 736.03729678036188 36.884965703191483 57.14382041884528 46.037482650204765 595.10700961623752 144.14778302294144 25.390116741964448 28.561654655410166
leaf_count=1084 109952 7437 3511 5335 23405 5025 3720 3815
internal_value=-4.56357e-05 0.00205178 -0.00178669 -0.0128931 -0.0007317 0.00500764 0.0166595 -0.00469877
internal_weight=1704.05 772.922 931.125 80.7742 850.35 255.243 111.096 53.9518
internal_count=163284 117389 45895 6419 39476 16071 11046 7535
is_linear=0
shrinkage=0.0750466


Tree=360
num_leaves=9
num_cat=0
split_feature=112 134 80 57 74 134 112 20
split_gain=1.02906 3.4002 5.72891 4.10482 5.64734 2.45021 2.04269 5.89815
threshold=720815.33500000008 1076107.5600000003 1.5000000000000002 1.5000000000000002 2126.0350000000003 764666.67500000016 228031.20000000004 1.6450000000000002
decision_type=10 10 2 2 2 10 10 2
left_child=6 2 -2 -3 -5 -4 -1 -8
right_child=1 3 5 4 -6 -7 7 -9
leaf_value=0.0007255805378406175 0.036704762761897193 -0.027946665897657715 -0.037187975479386293 0.071113219028365635 -0.017409451848432046 0.016174283206152041 -0.015231820465641163 0.0070457457624274675
leaf_weight=1326.7692010610281 37.113842739974643 25.182480196642246 10.886269562306099 7.0437781722557729 9.5776652716485824 8.7343531376955053 167.65802446363978 111.41154983070828
leaf_count=104790 4088 2263 3248 2882 3999 3137 14188 24689
internal_value=-4.51753e-05 0.007399 0.0193654 -0.00884134 0.0201044 -0.0134331 -0.000501969 -0.00633806
internal_weight=1704.38 98.5384 56.7345 41.8039 16.6214 19.6206 1605.84 279.07
internal_count=163284 19617 10473 9144 6881 6385 143667 38877
is_linear=0
shrinkage=0.0750466


Tree=361
num_leaves=9
num_cat=0
split_feature=147 119 57 81 6 25 25 57
split_gain=1.05025 2.7096 5.5659 5.62484 5.87571 3.87481 5.43949 4.90868
threshold=-31205.244999999999 3.5050000000000003 2.5000000000000004 69044.115000000005 115.50000000000001 8898.0150000000012 1525.2650000000001 3.5000000000000004
decision_type=8 8 2 2 2 2 2 2
left_child=1 5 -3 4 -4 6 -1 -8
right_child=-2 2 3 -5 -6 -7 7 -9
leaf_value=0.0022586573329560944 0.00057479908231188644 -0.032007989906224381 0.054276944052892462 -0.03602409348213019 -0.005174995473859933 -0.02559222869080147 0.10059038912837628 0.0059479183569244786
leaf_weight=38.511836896075692 1534.5052156856691 47.882908229567875 15.334238628917772 15.001775347585861 24.040738330888416 16.504518015303802 7.0514737462344765 5.4888935781027612
leaf_count=8553 109150 10468 2186 8079 5924 13698 2650 2576
internal_value=-4.49377e-05 -0.00564504 -0.0133501 0.00307962 0.017978 0.00601799 0.0162372 0.0591656
internal_weight=1704.32 169.816 102.26 54.3768 39.375 67.5567 51.0522 12.5404
internal_count=163284 54134 26657 16189 8110 27477 13779 5226
is_linear=0
shrinkage=0.0750466


Tree=362
num_leaves=9
num_cat=0
split_feature=12 111 12 142 11 151 127 120
split_gain=0.967601 2.42895 4.75918 3.84711 3.67699 2.39152 4.30372 2.41077
threshold=5.5000000000000009 1.0000000180025095e-35 6.5000000000000009 1531764.9800000002 93.555000000000021 17.500000000000004 510.50000000000006 1037556.6200000002
decision_type=2 8 2 8 2 10 10 10
left_child=-1 3 -3 5 -4 7 -7 -2
right_child=1 2 4 -5 -6 6 -8 -9
leaf_value=-0.0033199311828349802 0.00053606462150577669 0.018786647183717538 -0.024275333677900864 -0.022376470117457036 0.013555352783690343 0.044671152893454885 -0.031490325692064454 0.021467042667336407
leaf_weight=391.51591220019327 1039.5484003498955 107.59972527404534 33.145989231103158 42.793461308369842 25.680973257147343 4.944909694662786 26.965831815939964 31.943498472987812
leaf_count=7249 120776 4647 1308 5264 4472 1191 13505 4872
internal_value=-4.56067e-05 0.000931026 0.00940308 -0.000299109 -0.00776031 0.000557122 -0.0196883 0.00116006
internal_weight=1704.14 1312.62 166.427 1146.2 58.827 1103.4 31.9107 1071.49
internal_count=163284 156035 10427 145608 5780 140344 14696 125648
is_linear=0
shrinkage=0.0750466


Tree=363
num_leaves=9
num_cat=0
split_feature=72 9 10 38 120 81 22 138
split_gain=0.994169 5.23043 4.93924 1.74583 2.90582 3.26278 3.36929 1.73356
threshold=2506.0200000000004 3165.5400000000004 -386.05499999999995 1.0000000180025095e-35 154836.00000000003 3571.4900000000002 3393.0150000000008 8664.0150000000012
decision_type=2 2 2 2 8 2 2 8
left_child=3 -2 -3 -1 -5 -6 -7 -8
right_child=1 2 -4 4 5 6 7 -9
leaf_value=0.00088698947162535252 -0.024202885741749433 0.036529393102327543 -0.010989091946170117 -0.035633732512500536 -0.026283482399073427 0.069656561104050732 -0.029223237144950738 0.020958112837278945
leaf_weight=1546.0439486419241 50.901632186953066 22.04693610124832 27.922263259748433 19.885982235336996 15.654813588159412 5.4610340952585856 6.3171391523319462 10.038192901989079
leaf_count=135905 1814 4014 1731 6237 3758 778 1746 7301
internal_value=-4.46081e-05 -0.00727114 0.00997656 0.000410017 -0.0124466 -0.000141224 0.0186177 0.0015759
internal_weight=1704.27 100.871 49.9692 1603.4 57.3572 37.4712 21.8164 16.3553
internal_count=163284 7559 5745 155725 19820 13583 9825 9047
is_linear=0
shrinkage=0.0750466


Tree=364
num_leaves=9
num_cat=0
split_feature=6 153 16 115 6 120 135 129
split_gain=1.0421 2.54799 3.2162 1.8019 2.50177 2.15775 6.81191 2.49822
threshold=289.50000000000006 9905.9850000000024 -176.96999999999997 -1.0000000180025095e-35 123.50000000000001 588362.69500000007 -927.99999999999989 12.500000000000002
decision_type=2 8 2 8 2 10 10 8
left_child=3 2 -2 4 -1 -5 7 -7
right_child=1 -3 -4 5 -6 6 -8 -9
leaf_value=-0.028399980857389373 0.022894324660361738 0.032874128589211869 -0.014409742337252562 -0.00069372297442525232 0.0021403278553207158 0.0025791410058110995 -0.014667275807866172 0.034258714170909275
leaf_weight=30.257593450083732 21.739109353695312 18.410750342985921 32.440174300299077 1465.4216101851962 30.168357686745367 19.939191184525953 38.726326078349302 47.221957076374565
leaf_count=1783 1616 1802 6730 130576 2694 4376 8682 5025
internal_value=-4.3816e-05 0.00875444 0.000558289 -0.000435219 -0.0131524 5.38297e-05 0.0103995 0.0248535
internal_weight=1704.33 72.59 54.1793 1631.74 60.426 1571.31 105.887 67.1611
internal_count=163284 10148 8346 153136 4477 148659 18083 9401
is_linear=0
shrinkage=0.0750466


Tree=365
num_leaves=9
num_cat=0
split_feature=150 120 120 120 10 9 107 107
split_gain=0.991431 4.57233 3.37708 3.69603 4.71661 3.89099 3.05347 6.53121
threshold=3519.0050000000006 45747.000000000007 52785.000000000007 253368.00000000003 -109.73499999999999 2299.4850000000006 52.500000000000007 22.500000000000004
decision_type=8 8 8 8 2 2 2 2
left_child=2 -2 -1 5 -5 6 7 -4
right_child=1 -3 3 4 -6 -7 -8 -9
leaf_value=-0.02582709058691399 0.024693356576114739 0.00022408954477718914 0.0097456175964941646 -0.02544130507988606 -0.00072865067963995213 0.030602811513762627 0.01608867408244298 -0.017855099398248735
leaf_weight=33.551405807069386 44.679371889311369 1150.2384024714752 102.50213973148493 66.153453139411795 126.9990190926128 28.438935265854525 60.239060637743023 91.287899229660979
leaf_count=2724 3981 116672 1915 8592 6047 1614 17295 4444
internal_value=-4.25993e-05 0.00113902 -0.00281562 -0.00119233 -0.00919257 0.00427825 0.00133118 -0.00325614
internal_weight=1704.09 1194.92 509.172 475.621 193.152 282.468 254.029 193.79
internal_count=163284 120653 42631 39907 14639 25268 23654 6359
is_linear=0
shrinkage=0.0750466


Tree=366
num_leaves=9
num_cat=0
split_feature=83 131 149 140 83 10 149 9
split_gain=0.956036 4.75081 5.70941 4.34764 2.26594 3.67199 3.1716 2.66915
threshold=175657.12500000003 1.0000000180025095e-35 4617.5000000000009 2710.7250000000008 92470.055000000008 1.0000000180025095e-35 2306.5000000000005 1579.095
decision_type=2 8 8 10 2 2 10 2
left_child=4 3 -3 -2 -1 6 -6 -8
right_child=1 2 -4 -5 5 -7 7 -9
leaf_value=9.8854301084619204e-05 0.0017310555219339889 -0.067109424077209101 0.034154256508342543 0.083590165265667982 -0.06688503915865246 0.022917052963870078 0.025728458639299109 -0.048120222612817377
leaf_weight=1647.4116561948094 7.2447140012245672 6.7208026238222347 5.8786080876707283 7.3728364416047043 10.364180078574924 7.8587897380621135 5.8435245514028775 5.2176445858794978
leaf_count=143960 1170 3121 1963 3397 2884 1665 2756 2368
internal_value=-4.24881e-05 0.01391 -0.019862 0.0430194 -0.000268972 -0.0209614 -0.037056 -0.00910657
internal_weight=1703.91 27.217 12.5994 14.6176 1676.7 29.2841 21.4253 11.0612
internal_count=163284 9651 5084 4567 153633 9673 8008 5124
is_linear=0
shrinkage=0.0750466


Tree=367
num_leaves=9
num_cat=0
split_feature=102 116 96 10 128 6 113 81
split_gain=1.00804 2.63328 1.40178 5.70374 4.32893 3.85463 3.46422 4.64335
threshold=1.0000000180025095e-35 1077.6100000000004 1.0000000180025095e-35 1.0000000180025095e-35 694.53000000000009 61.500000000000007 -440.49999999999994 3571.4900000000002
decision_type=2 8 2 2 8 2 10 2
left_child=2 -2 -1 -4 -5 -6 7 -7
right_child=1 -3 3 4 5 6 -8 -9
leaf_value=-0.0020336207344858327 0.006825367521120734 -0.025406599937575814 -0.0024757017472006202 0.032421447147596941 0.01851675191004569 -0.015468551749535139 0.023713459949433885 0.0098513245665362952
leaf_weight=771.7797107980582 27.610660868775994 29.556688063476031 534.99176796327765 42.296558006677515 102.84513241546119 88.278527017193483 30.65805460901538 75.831624168113194
leaf_count=42359 2337 2636 91253 4125 5134 3860 2847 8733
internal_value=-4.24253e-05 -0.00983922 0.000297687 0.00235421 0.00995612 0.00676336 0.000557121 -0.0037688
internal_weight=1703.85 57.1673 1646.68 874.902 339.91 297.613 194.768 164.11
internal_count=163284 4973 158311 115952 24699 20574 15440 12593
is_linear=0
shrinkage=0.0750466


Tree=368
num_leaves=9
num_cat=0
split_feature=16 18 138 84 138 135 97 80
split_gain=0.976086 3.39952 4.67441 4.75247 12.909 3.45052 7.80939 4.46259
threshold=-176.96999999999997 252.93500000000003 13933.140000000001 1.0000000180025095e-35 6957.295000000001 -989.49999999999989 70.500000000000014 1.0000000180025095e-35
decision_type=2 2 10 2 8 10 2 2
left_child=1 -1 3 -3 -5 7 -7 -4
right_child=-2 2 5 4 -6 6 -8 -9
leaf_value=0.0014551372617176408 0.0020910195089523334 -0.0078775240230272991 0.0023298229192613659 -0.01249404893137337 0.064034725394827532 -0.023973841523775474 0.052771863875630702 -0.042094314341881142
leaf_weight=677.44713140407475 707.16246275090271 162.8846842585408 16.987758565605873 30.902934706620727 20.748418574970856 26.687459518374453 10.36868520172993 50.875635912020698
leaf_count=13682 101079 5306 4709 4260 4400 7551 4231 18066
internal_value=-4.15272e-05 -0.00155427 -0.00793611 -0.00158767 0.0182477 -0.0209172 -0.00249961 -0.0309739
internal_weight=1704.07 996.903 319.456 214.536 51.6514 104.92 37.0561 67.8634
internal_count=163284 62205 48523 13966 8660 34557 11782 22775
is_linear=0
shrinkage=0.0750466


Tree=369
num_leaves=9
num_cat=0
split_feature=8 28 112 5 11 145 72 112
split_gain=1.09527 3.20145 5.50059 6.69914 2.22892 6.69325 8.89606 7.35995
threshold=-8804.7999999999975 21895.940000000006 190026.00000000003 45.500000000000007 1958.5550000000001 5.5000000000000009 1.0000000180025095e-35 228031.20000000004
decision_type=2 2 10 2 2 8 2 10
left_child=1 -1 -3 -4 -2 -6 7 -7
right_child=4 2 3 -5 5 6 -8 -9
leaf_value=0.018833089296003969 -0.0010863729312935476 -0.041633341944795385 -0.026271176773303165 0.046649238273412469 -0.0048211559124206249 0.14757440145979511 -0.0018681814045178804 0.022370335211435194
leaf_weight=59.512105971954952 1538.3820189111148 16.84525326567109 13.358173213352531 15.134539954282443 39.203285555780894 6.3003049009639671 10.49535341855062 4.5566553220396599
leaf_count=4554 116864 4048 4464 3577 20172 2321 2740 4544
internal_value=-4.3209e-05 0.00738724 -0.00763696 0.0124621 -0.000530459 0.0135922 0.0473996 0.0950264
internal_weight=1703.79 104.85 45.338 28.4927 1598.94 60.5556 21.3523 10.857
internal_count=163284 16643 12089 8041 146641 29777 9605 6865
is_linear=0
shrinkage=0.0750466


Tree=370
num_leaves=9
num_cat=0
split_feature=8 12 5 150 106 150 150 150
split_gain=0.965418 4.72678 5.1938 6.91014 4.60933 5.29507 8.03229 4.01556
threshold=9683.5850000000009 4.5000000000000009 63.500000000000007 7173.1900000000014 3577.6500000000005 7173.1900000000014 13973.205000000002 953.55500000000018
decision_type=2 2 2 10 2 8 10 10
left_child=4 -2 -3 -4 7 -6 -7 -1
right_child=1 2 3 -5 5 6 -8 -9
leaf_value=-0.0010353699206977717 0.014291794698628787 -0.0070555614785902249 0.016354725504279941 -0.024262731768406098 -0.055155242618396216 0.026818766962216817 -0.066096554689815193 0.0097927800068396444
leaf_weight=528.05887435508339 90.694681904802565 587.75587666043248 122.36431494670796 29.223512037061482 16.82671898172066 17.660025092900472 7.450625114376634 303.88730405079878
leaf_count=17670 1033 75794 6315 8760 6159 3940 4537 39076
internal_value=-4.47922e-05 -0.0018777 -0.0038612 0.00852438 0.00169616 -0.0225794 -0.000750301 0.00291986
internal_weight=1703.92 830.038 739.344 151.588 873.884 41.9374 25.1107 831.946
internal_count=163284 91902 90869 15075 71382 14636 8477 56746
is_linear=0
shrinkage=0.0750466


Tree=371
num_leaves=9
num_cat=0
split_feature=109 145 16 33 33 16 149 149
split_gain=1.04434 3.72856 3.8999 3.57701 11.3644 3.42802 4.10107 5.46982
threshold=1.0000000180025095e-35 19.500000000000004 -10288.865 1.0000000180025095e-35 17595.285000000003 -3350.2649999999999 3571.5000000000005 5660.5000000000009
decision_type=2 10 2 2 2 2 10 10
left_child=1 2 -1 -4 -5 -2 -7 -8
right_child=5 -3 3 4 -6 6 7 -9
leaf_value=0.0065159126169906769 -0.0080950371080093248 0.017574116381534544 -0.007077731587521667 0.056096092042849315 -0.016842009996106879 0.008233839164445941 -0.014002832247364198 0.015544961674675924
leaf_weight=192.91715708320589 152.31934497822203 53.083944453341246 634.92421794499933 20.795632341021701 28.545377129526514 449.45562631590474 121.42369632310147 49.737825505044384
leaf_count=3234 18930 3405 32433 992 5831 60151 26110 12198
internal_value=-4.54935e-05 -0.00173939 -0.00290817 -0.00556514 0.013899 0.00199319 0.00446917 -0.00541654
internal_weight=1703.2 930.266 877.182 684.265 49.341 772.936 620.617 171.162
internal_count=163284 45895 42490 39256 6823 117389 98459 38308
is_linear=0
shrinkage=0.0750466


Tree=372
num_leaves=9
num_cat=0
split_feature=64 115 139 125 8 74 150 25
split_gain=1.00154 4.61362 3.3478 3.52317 4.52649 6.6837 4.81653 3.0126
threshold=13076.395000000002 36779.510000000002 1.0000000180025095e-35 -3860.5749999999994 29166.560000000001 1790.595 2710.7250000000008 20013.610000000004
decision_type=2 10 10 10 2 2 8 2
left_child=-1 2 3 4 5 6 -2 -6
right_child=1 -3 -4 -5 7 -7 -8 -9
leaf_value=0.0003819268259180232 -0.05900004822005965 0.054163724231440592 -0.057827755535295351 -0.05054103303580379 -0.057301654800163103 0.048034019089528014 0.0078447028888627493 0.0079806187101335094
leaf_weight=1613.922261877261 8.3554340005557641 6.2908975566833751 8.2615967261917813 9.3557282821602694 11.198425994556148 17.216433605264683 22.205122719166866 6.1772840102003093
leaf_count=128691 2921 3588 4999 3995 3963 3304 7996 3827
internal_value=-4.55981e-05 -0.00779301 -0.012502 -0.00747623 -0.00129225 0.0106368 -0.010431 -0.034093
internal_weight=1702.98 89.0609 82.77 74.5084 65.1527 47.777 30.5606 17.3757
internal_count=163284 34593 31005 26006 22011 14221 10917 7790
is_linear=0
shrinkage=0.0750466


Tree=373
num_leaves=9
num_cat=0
split_feature=33 32 97 7 149 32 149 149
split_gain=0.926861 3.76273 1.77647 1.15723 3.21156 3.54739 6.71205 5.11201
threshold=175039.38000000003 10.500000000000002 1.5000000000000002 278.72500000000008 636.50000000000011 1.0000000180025095e-35 2306.5000000000005 4292.5000000000009
decision_type=2 2 2 2 10 2 10 10
left_child=3 2 -2 -1 -5 -6 -7 -8
right_child=1 -3 -4 4 5 6 7 -9
leaf_value=-0.0031095442455682785 -0.012469161358941726 0.020585856272331098 -0.066160048344151706 -0.0038038898157562208 0.0028758896814438553 0.048197695725594854 -0.038923969467772358 0.031045256874906915
leaf_weight=446.75206888327011 6.7801422473112343 9.9055260380118835 7.1105753409278805 438.70512904967472 742.09703529435592 27.861267982190839 12.567445385043358 11.052988636225562
leaf_count=51396 1644 1286 6678 16442 70906 5334 4859 4739
internal_value=-4.58296e-05 -0.014753 -0.0399532 0.000162608 0.00134889 0.00419745 0.0232474 -0.00618244
internal_weight=1702.83 23.7962 13.8907 1679.04 1232.28 793.579 51.4817 23.6204
internal_count=163284 9608 8322 153676 102280 85838 14932 9598
is_linear=0
shrinkage=0.0750466


Tree=374
num_leaves=9
num_cat=0
split_feature=102 153 133 82 16 153 97 153
split_gain=0.908018 3.42295 1.18669 1.36167 3.32592 6.65496 3.27748 2.4673
threshold=1.0000000180025095e-35 1413.4650000000001 8.0000000000000018 6.5000000000000009 -1.0000000180025095e-35 9905.9850000000024 51.500000000000007 1214.0550000000003
decision_type=2 8 10 2 2 8 2 8
left_child=2 -2 3 -1 5 -5 -6 -8
right_child=1 -3 -4 4 6 -7 7 -9
leaf_value=0.00039201368416651357 0.010914049195814457 -0.02605115883156052 0.015654205967599488 -0.020814619158694307 -0.062780467159230316 0.066683531324799539 0.02674160492643993 -0.034339684232289912
leaf_weight=1570.7607341387593 25.723441520916822 31.245086995526435 27.788124938088004 14.304706898909901 10.58564655457849 7.4428873822407686 6.4687542449883013 8.7793278435665343
leaf_count=137758 1307 3666 209 5499 4963 2203 1802 5877
internal_value=-4.51873e-05 -0.00935997 0.000277175 1.31396e-05 -0.0124943 0.00913071 -0.0306989 -0.00842693
internal_weight=1703.1 56.9685 1646.13 1618.34 47.5813 21.7476 25.8337 15.2481
internal_count=163284 4973 158311 158102 20344 7702 12642 7679
is_linear=0
shrinkage=0.0750466


Tree=375
num_leaves=9
num_cat=0
split_feature=58 135 113 139 137 135 58 125
split_gain=0.965348 5.74911 3.93787 1.74798 4.82799 3.09397 2.1596 3.08731
threshold=26388.150000000005 -624.49999999999989 -653.99999999999989 790.20500000000004 28105.610000000004 -989.49999999999989 9791.8950000000023 -9775.8699999999972
decision_type=2 8 10 10 8 10 2 8
left_child=3 2 -2 6 -5 -6 -1 -8
right_child=1 -3 -4 4 5 -7 7 -9
leaf_value=1.8962626087835861e-05 0.021915617197378924 0.080713462039279205 -0.046689627531643338 0.049284123764597135 -0.042623191719467768 0.024733116735829411 -0.05289177188274697 -0.0072210489541078915
leaf_weight=1568.7332851096994 12.157586119482406 5.7206082904667737 7.694126555627915 14.249690684508094 8.257053217639621 7.1811050840324269 9.4763290970713552 69.284116983077183
leaf_count=123246 4014 2751 3555 2503 2957 2491 4929 16838
internal_value=-4.39809e-05 0.0144271 -0.0046744 -0.000264625 0.0177835 -0.0112922 -0.000589851 -0.0127161
internal_weight=1702.75 25.5723 19.8517 1677.18 29.6878 15.4382 1647.49 78.7604
internal_count=163284 10320 7569 152964 7951 5448 145013 21767
is_linear=0
shrinkage=0.0750466


Tree=376
num_leaves=9
num_cat=0
split_feature=147 16 147 140 7 116 107 56
split_gain=0.973833 3.57648 3.55802 7.60513 6.05382 2.84573 4.85532 7.16101
threshold=-7681.6749999999993 -4943.454999999999 -10789.794999999998 3519.0050000000006 1261.8700000000001 1.0000000180025095e-35 38.500000000000007 1493.2650000000001
decision_type=10 2 10 10 2 10 2 2
left_child=2 -2 -1 -4 -5 6 -3 -8
right_child=1 5 3 4 -6 -7 7 -9
leaf_value=-1.8145237114541936e-05 -0.01817573700446172 -0.0031876027400912933 -0.0057080083277071111 0.0083177334838826361 0.06899194136848541 -0.01441389943368724 0.029914165909136897 -0.020637818850635748
leaf_weight=1193.7287897088822 73.73136645856448 205.80232719135529 41.315011278607926 17.170940623310344 20.106358431219633 63.56122466184388 66.599519622519438 20.683137315578279
leaf_count=125152 3057 5077 4935 2354 2543 6834 8330 5002
internal_value=-4.36811e-05 -0.00312955 0.00100015 0.0164669 0.0410437 -1.89738e-05 0.00310285 0.017935
internal_weight=1702.7 430.378 1272.32 78.5923 37.2773 356.646 293.085 87.2827
internal_count=163284 28300 134984 9832 4897 25243 18409 13332
is_linear=0
shrinkage=0.0750466


Tree=377
num_leaves=9
num_cat=0
split_feature=22 149 56 6 127 149 115 149
split_gain=0.949348 3.98701 3.61125 5.05729 3.91048 3.65663 3.64089 2.84802
threshold=-1525.53 636.50000000000011 1.0000000180025095e-35 145.50000000000003 991.50000000000011 1894.5000000000002 1678.7950000000003 1189.5000000000002
decision_type=2 8 2 2 10 10 8 8
left_child=1 -1 3 4 -3 -6 -4 -2
right_child=7 2 6 -5 5 -7 -8 -9
leaf_value=-0.011071399815984418 0.006154869244860914 0.011635064566073338 0.032681886254860078 -0.0097733638102462227 -0.015860870871780671 0.0082236823849397723 0.0019217828139449613 -0.0038226916715387344
leaf_weight=113.15354786462194 206.31486180607772 268.31937182408001 46.707016951218975 150.61682693639705 70.691312070697677 71.323765905846813 40.431842718463486 735.56783585876974
leaf_count=4693 25214 4890 4031 4434 2076 2879 4711 110356
internal_value=-4.42734e-05 0.00192659 0.00419598 0.00198805 0.00630518 -0.00376496 0.0184094 -0.00163716
internal_weight=1703.13 761.244 648.09 560.951 410.334 142.015 87.1389 941.883
internal_count=163284 27714 23021 14279 9845 4955 8742 135570
is_linear=0
shrinkage=0.0750466


Tree=378
num_leaves=9
num_cat=0
split_feature=11 149 97 97 116 11 23 73
split_gain=0.972311 3.43965 4.49305 8.04436 5.57452 4.89161 3.48798 3.03078
threshold=318.30500000000006 1714.5000000000002 32.500000000000007 77.500000000000014 400.57500000000005 665.45500000000015 1.5000000000000002 9.5000000000000018
decision_type=2 8 2 2 8 2 2 2
left_child=-1 2 4 5 6 -4 -2 -3
right_child=1 7 3 -5 -6 -7 -8 -9
leaf_value=-0.001024033000141785 0.010774645420307078 0.012703764438907875 0.0085808579854102125 -0.025574978372706114 -0.048421622953582072 0.079537751071028229 -0.030829492441527228 -0.0044921893292851857
leaf_weight=1310.5462009460707 31.255996688854793 198.11863692054612 11.329178200972821 17.328171699615268 24.073450325485283 10.583129898055629 17.819364091101306 81.459217121209349
leaf_count=50667 6282 43524 2001 5963 6555 3940 4193 40159
internal_value=-4.32189e-05 0.00323614 -0.00785182 0.012635 -0.0188419 0.0428514 -0.0043319 0.00769346
internal_weight=1702.51 391.967 112.389 39.2405 73.1488 21.9123 49.0754 279.578
internal_count=163284 112617 28934 11904 17030 5941 10475 83683
is_linear=0
shrinkage=0.0750466


Tree=379
num_leaves=9
num_cat=0
split_feature=12 23 0 116 0 147 147 6
split_gain=0.956604 2.15802 3.4172 3.33031 6.25537 4.87257 2.54876 7.21983
threshold=5.5000000000000009 2.5000000000000004 49848695.500000007 1544.9900000000002 28166114.000000004 -1305.0149999999996 -41886.234999999993 31.500000000000004
decision_type=2 2 2 8 2 8 8 2
left_child=-1 6 3 5 -5 -3 7 -2
right_child=1 2 -4 4 -6 -7 -8 -9
leaf_value=-0.0033022678165093794 0.068550847430082745 0.0072303282738033743 -0.037239024028868153 -0.017211547695811347 0.064897388982906021 -0.034862289864482449 0.0028102817474021792 -0.015768879230111527
leaf_weight=390.94386377874616 6.1259449065601066 34.949100031341914 20.105389836799077 10.628432613266343 10.279665889001079 27.815478788459586 1115.8731187461403 86.121926384030303
leaf_count=7249 1545 6428 2204 2786 2035 1140 107362 32535
internal_value=-4.38809e-05 0.000927113 -0.00945798 -0.00278258 0.0231581 -0.0114239 0.0018192 -0.0101694
internal_weight=1702.84 1311.9 103.778 83.6727 20.9081 62.7646 1208.12 92.2479
internal_count=163284 156035 14593 12389 4821 7568 141442 34080
is_linear=0
shrinkage=0.0750466


Tree=380
num_leaves=9
num_cat=0
split_feature=39 140 80 103 18 81 120 113
split_gain=0.989737 3.28606 3.82106 1.54511 7.13349 3.23141 5.35862 3.36799
threshold=351900.43000000005 29747.050000000003 1.5000000000000002 5.5000000000000009 5971.0600000000004 91568.920000000013 105570.00000000001 -1171.4999999999998
decision_type=2 8 2 2 2 2 10 8
left_child=3 2 -2 -1 -5 7 -7 -6
right_child=1 -3 -4 4 5 6 -8 -9
leaf_value=-0.00017126714561622967 -0.024109403039724288 -0.051662920562752616 0.049617158311966753 0.057238344253151302 0.012899508750267272 0.08967773084506013 -0.023313974698132758 -0.060418742082396587
leaf_weight=1639.0657382411059 10.036065701939153 8.8497985638023255 6.5384410770311652 14.237740533279064 5.8100996569974086 4.0725189832755841 5.6341463759740691 8.9863162179990486
leaf_count=136188 3448 3473 3265 2845 3364 1858 4114 4729
internal_value=-4.38338e-05 -0.0147399 0.00497483 0.00017886 0.0149922 -0.00955531 0.0240927 -0.0316289
internal_weight=1703.23 25.4243 16.5745 1677.81 38.7408 24.5031 9.70667 14.7964
internal_count=163284 10186 6713 153098 16910 14065 5972 8093
is_linear=0
shrinkage=0.0750466


Tree=381
num_leaves=9
num_cat=0
split_feature=135 58 97 81 23 137 81 112
split_gain=0.935554 1.05942 2.80792 5.97104 5.54507 7.78322 6.8293 5.64934
threshold=-136.99999999999997 232.54500000000004 1.0000000180025095e-35 5865.4350000000004 1.5000000000000002 37889.265000000007 35190.005000000012 278704.80000000005
decision_type=10 2 2 2 2 10 2 8
left_child=1 -1 3 -3 5 6 -4 -8
right_child=-2 2 4 -5 -6 -7 7 -9
leaf_value=-0.0011274687235420262 -0.014363661017188603 0.02147260286183713 0.0044219703911214086 -0.016217024683598761 -0.011797553338871678 -0.018930413651378944 0.049618692504134219 -0.0010877104356907226
leaf_weight=1137.6143003008065 25.313756028197531 99.40382842422332 149.07010684210491 31.074408467096873 147.30998419188836 54.229311400230927 41.624630146097843 17.609996969422355
leaf_count=62101 2162 5894 17587 5120 31300 21673 12305 5142
internal_value=-4.39103e-05 0.000172121 0.00290832 0.0124965 -0.000144182 0.00639462 0.0129876 0.0345441
internal_weight=1703.25 1677.94 540.322 130.478 409.844 262.534 208.305 59.2346
internal_count=163284 161122 99021 11014 88007 56707 35034 17447
is_linear=0
shrinkage=0.0750466


Tree=382
num_leaves=9
num_cat=0
split_feature=150 120 120 120 10 107 22 138
split_gain=0.89296 3.79041 3.01601 2.96117 4.05792 3.19691 8.3925 6.38607
threshold=3519.0050000000006 45747.000000000007 52785.000000000007 253368.00000000003 -109.73499999999999 73.500000000000014 26219.395 5216.3500000000013
decision_type=8 8 8 8 2 2 2 8
left_child=2 -2 -1 5 -5 -4 7 -7
right_child=1 -3 3 4 -6 6 -8 -9
leaf_value=-0.024648591211455892 0.022312849616622669 0.00023466219206276953 0.00030207514246222042 -0.023717379298621274 -0.0005860682860422935 0.086454285628172672 -0.020679665810592451 0.014129985122479925
leaf_weight=32.915891326309065 45.528886566618894 1149.7563511648295 240.19033185964508 64.411106348979956 126.79765772990686 12.740697543926215 16.130948851145149 14.936991126432988
leaf_count=2724 3981 116672 10612 8592 6047 1533 8093 5030
internal_value=-4.46759e-05 0.00107563 -0.00268003 -0.00115834 -0.00837814 0.00370255 0.0223464 0.0474226
internal_weight=1703.41 1195.29 508.124 475.208 191.209 283.999 43.8086 27.6777
internal_count=163284 120653 42631 39907 14639 25268 14656 6563
is_linear=0
shrinkage=0.0750466


Tree=383
num_leaves=9
num_cat=0
split_feature=8 149 21 149 25 8 149 139
split_gain=1.03083 3.25876 3.60268 3.01233 2.39984 4.09507 4.30458 1.7191
threshold=-8804.7999999999975 636.50000000000011 1.0000000180025095e-35 1537.5000000000002 803.5100000000001 -14931.834999999997 3571.5000000000005 990.2650000000001
decision_type=2 8 2 10 2 2 10 10
left_child=1 -1 -3 -4 -5 6 -6 -2
right_child=7 2 3 4 5 -7 -8 -9
leaf_value=0.03697913226137732 -0.00083303561196944461 0.035340066172733692 -0.030158784800783881 -0.0081206936403884853 0.040405138053459126 0.070040792119695675 -0.04981510535736574 0.018697076535750506
leaf_weight=17.248698658906505 1572.5605160178156 14.591903348060439 20.195612859107314 33.759234319335519 6.3803399770654305 7.1605168135174635 5.5860125808558223 25.80010966690952
leaf_count=2527 138894 613 2342 3264 2420 2641 2836 7747
internal_value=-4.47701e-05 0.00716107 0.00129474 -0.00550294 0.00391238 0.025151 -0.00171057 -0.000517788
internal_weight=1703.28 104.922 87.6736 73.0817 52.8861 19.1269 11.9664 1598.36
internal_count=163284 16643 14116 13503 11161 7897 5256 146641
is_linear=0
shrinkage=0.0750466


Tree=384
num_leaves=9
num_cat=0
split_feature=5 5 151 5 7 5 134 151
split_gain=0.966346 3.69859 3.25054 4.46387 4.14565 2.73623 4.33576 4.33151
threshold=67.500000000000014 61.500000000000007 1.5000000000000002 76.500000000000014 1842.0450000000003 57.500000000000007 66861.000000000015 5.5000000000000009
decision_type=2 2 8 2 2 2 10 8
left_child=1 5 -2 4 -4 -1 -7 -8
right_child=2 -3 3 -5 -6 6 7 -9
leaf_value=0.00028527084132662107 0.014112179213918176 0.011144201426668901 -0.0039270695225993649 0.012625577750598874 -0.03388986538812578 -0.034090676168121954 -0.02071069834478944 0.014714342531316477
leaf_weight=1247.9475354763831 38.157373930233007 165.89279247654395 53.853350448101992 34.869015647464039 50.295925629094199 34.493776854571479 37.070358791528633 40.872240895442701
leaf_count=127574 1849 12330 3780 2501 4575 1463 3890 5322
internal_value=-4.39097e-05 0.000565091 -0.00529013 -0.0106156 -0.0183967 -0.000724985 -0.011938 -0.0021342
internal_weight=1703.45 1526.28 177.176 139.018 104.149 1360.38 112.436 77.9426
internal_count=163284 150579 12705 10856 8355 138249 10675 9212
is_linear=0
shrinkage=0.0750466


Tree=385
num_leaves=9
num_cat=0
split_feature=112 134 140 112 113 147 11 140
split_gain=1.01981 2.74087 5.01908 3.93179 3.74807 2.69187 1.60906 2.07794
threshold=720815.33500000008 1076107.5600000003 10829.135000000002 1348452.2050000003 -501.99999999999994 -68179.834999999977 -1.0000000180025095e-35 34230.270000000011
decision_type=10 10 10 10 10 8 2 10
left_child=6 2 -2 -3 -5 -4 -1 -8
right_child=1 3 5 4 -6 -7 7 -9
leaf_value=-0.01582020350154913 0.032535514656509265 -0.039480058862176849 -0.053346651549245623 0.035367306480652234 -0.020812860858073889 0.0075957797321564054 -0.00061578803482216483 0.015212127933825245
leaf_weight=37.691935752238351 40.086060083947814 14.133642059414795 6.6424273414168056 14.472339560962153 12.434467310720722 10.589986649613822 1519.3627113061211 48.195821767533744
leaf_count=4670 3609 3203 3268 3273 2668 3596 121035 17962
internal_value=-4.3071e-05 0.00737465 0.0179752 -0.00743038 0.00940471 -0.0158952 -0.000497579 -0.000129146
internal_weight=1703.61 98.3589 57.3185 41.0404 26.9068 17.2324 1605.25 1567.56
internal_count=163284 19617 10473 9144 5941 6864 143667 138997
is_linear=0
shrinkage=0.0750466


Tree=386
num_leaves=9
num_cat=0
split_feature=24 74 127 72 8 72 9 58
split_gain=1.12563 5.4455 5.16944 3.65278 3.18468 4.66834 5.45991 6.06346
threshold=8.5000000000000018 2806.0050000000006 3462.5000000000005 1774.0450000000003 16678.810000000001 1708.4500000000003 655.8850000000001 3684.2700000000004
decision_type=2 2 10 2 2 2 2 2
left_child=-1 3 -3 4 5 6 7 -2
right_child=1 2 -4 -5 -6 -7 -8 -9
leaf_value=0.00047506842809707611 -0.01047455909470275 0.00057102502349290929 0.090055052020715148 -0.068334419639492217 -0.029800396828587258 0.040013599691678177 -0.052527721395845002 0.06843514005952947
leaf_weight=1589.3485232623689 29.314359710359895 9.7069752325196514 5.8134455632971358 6.4489523412630652 30.415117035359344 12.904555393928602 12.945611707495571 6.7464756141334865
leaf_count=106430 12545 3245 2736 1055 19686 1034 12763 3790
internal_value=-4.22332e-05 -0.00723563 0.0340888 -0.0137289 -0.00991472 -0.000145447 -0.0107203 0.00428834
internal_weight=1703.64 114.295 15.5204 98.7751 92.3261 61.911 49.0064 36.0608
internal_count=163284 56854 5981 50873 49818 30132 29098 16335
is_linear=0
shrinkage=0.0750466


Tree=387
num_leaves=9
num_cat=0
split_feature=120 81 151 18 81 120 28 96
split_gain=0.973352 3.23292 4.37902 5.45475 5.36447 4.48911 4.95887 6.17376
threshold=154836.00000000003 11730.585000000001 4.5000000000000009 1.0000000180025095e-35 1920.7850000000001 126684.00000000001 4577.1250000000009 1.0000000180025095e-35
decision_type=8 2 10 2 2 10 2 2
left_child=1 2 5 -4 -5 6 7 -1
right_child=-2 -3 3 4 -6 -7 -8 -9
leaf_value=-0.0028822224301537133 0.0013016400221446639 -0.011273837332611156 0.061470090877457188 -0.011680294338048184 0.048943388695634124 -0.021783698773323815 -0.01667203229765259 0.020569632876048318
leaf_weight=166.76225245713431 1090.5809284984352 168.8817264091731 13.948380272217035 27.028582950691089 11.813677051944977 54.549275911915174 68.047683424718343 101.821242748847
leaf_count=3744 102795 34753 815 5167 2533 2246 7787 3444
internal_value=-4.31435e-05 -0.00243621 0.000925532 0.0212141 0.00675809 -0.00181246 0.00142377 0.00600848
internal_weight=1703.43 612.853 443.971 52.7906 38.8423 391.18 336.631 268.583
internal_count=163284 60489 25736 8515 7700 17221 14975 7188
is_linear=0
shrinkage=0.0750466


Tree=388
num_leaves=9
num_cat=0
split_feature=27 8 5 80 97 5 97 5
split_gain=0.925654 3.28273 5.32813 8.8046 6.04375 6.14927 5.9913 8.04332
threshold=2.5000000000000004 6800.3600000000015 43.500000000000007 6.5000000000000009 11.500000000000002 32.500000000000007 14.500000000000002 51.500000000000007
decision_type=2 2 2 2 2 2 2 2
left_child=-1 -2 3 4 -3 -6 7 -4
right_child=1 2 6 -5 5 -7 -8 -9
leaf_value=0.0011952596728681424 0.0031559061363227179 -0.024932493661769313 -0.037752814773151462 0.07476614762212723 0.055990554726811533 -0.00059246073501403363 -0.027946432232984153 0.015673289129504102
leaf_weight=1134.3713493064165 285.87277816824553 37.663279140643681 22.552896368145412 9.3409763292975168 14.509621597964722 42.506102393770561 102.578374096473 53.562269184178149
leaf_count=39151 47750 8842 5301 3228 3798 13248 33340 8626
internal_value=-4.34621e-05 -0.0025148 -0.00824888 0.00525445 -0.00160353 0.013807 -0.0161094 -0.000156846
internal_weight=1702.96 568.586 282.714 104.02 94.679 57.0157 178.694 76.1152
internal_count=163284 124133 76383 29116 25888 17046 47267 13927
is_linear=0
shrinkage=0.0750466


Tree=389
num_leaves=9
num_cat=0
split_feature=6 5 134 102 7 85 120 73
split_gain=0.927126 2.32592 3.01433 1.59927 1.59711 3.48472 12.0758 5.29459
threshold=289.50000000000006 59.500000000000007 160466.40000000002 1.0000000180025095e-35 5005.1550000000016 11788.650000000001 126684.00000000001 8.5000000000000018
decision_type=2 2 10 2 2 2 10 2
left_child=3 -2 -3 4 -1 -6 -7 -8
right_child=1 2 -4 -5 5 6 7 -9
leaf_value=-0.00065312678596009125 0.028349566062660845 0.015609558638751336 -0.021375178124365148 -0.013240215569046577 0.0034792033036076743 0.12007377926165953 -0.076935675560962105 0.041396443788120837
leaf_weight=1462.1809268891525 22.418721978927351 28.124320073839044 22.213729214226987 52.982147546977103 99.649763716837697 6.4201312719851549 4.1493976909050598 4.3747833475190419
leaf_count=131262 4053 1410 4685 4494 10738 1756 2119 2767
internal_value=-4.53933e-05 0.00824318 -0.000711474 -0.000415417 1.55161e-05 0.00854717 0.0423407 -0.0162052
internal_weight=1702.51 72.7568 50.338 1629.76 1576.78 114.594 14.9443 8.52418
internal_count=163284 10148 6095 153136 148642 17380 6642 4886
is_linear=0
shrinkage=0.0750466


Tree=390
num_leaves=9
num_cat=0
split_feature=48 5 0 134 112 20 20 39
split_gain=0.976338 3.72692 9.37822 4.83904 4.39763 3.26464 8.21708 2.22939
threshold=1.0000000180025095e-35 51.500000000000007 39510640.500000007 106977.60000000002 164689.20000000004 55.415000000000006 1646.6400000000001 25863.355000000003
decision_type=2 2 2 10 10 2 2 2
left_child=7 5 3 -3 -5 -2 -7 -1
right_child=1 2 -4 4 -6 6 -8 -9
leaf_value=-7.9776904654759012e-05 -0.021399245291571452 0.025966576127438575 0.058325391346143604 -0.055730211648019619 0.0013305340657998772 0.080393813271781273 -0.031600784585039302 -0.016934393970287391
leaf_weight=1524.1314062440701 37.233770668074612 24.827429018405383 21.763662480729181 11.356033626745555 23.040676393507965 6.8678664874605584 7.9730133923644644 45.51867574193011
leaf_count=126101 5321 1784 1743 1511 5975 1327 3692 15830
internal_value=-4.53254e-05 0.00612679 0.016198 0.000717031 -0.017508 -0.0095362 0.0202266 -0.000568548
internal_weight=1702.71 133.062 80.9878 59.2241 34.3967 52.0747 14.8409 1569.65
internal_count=163284 21353 11013 9270 7486 10340 5019 141931
is_linear=0
shrinkage=0.0750466


Tree=391
num_leaves=9
num_cat=0
split_feature=24 18 7 8 24 8 7 150
split_gain=0.965214 5.76103 7.00959 12.1726 7.86125 5.57949 5.27945 3.87358
threshold=8.5000000000000018 3102.7650000000003 4188.7300000000005 33046.075000000004 13.500000000000002 16678.810000000001 1065.7050000000002 1998.6300000000003
decision_type=2 2 2 2 2 2 2 10
left_child=-1 -2 5 -4 -5 -3 -7 -6
right_child=1 2 3 4 7 6 -8 -9
leaf_value=0.00043163047985633594 -0.05025911967660298 0.0030629496171326945 0.15434839309983153 -0.076274259177700754 0.10702292931256883 0.03892597745067649 -0.056722769911680848 0.0039627543617389918
leaf_weight=1589.1223412748595 14.880184312869458 58.671538034403511 4.2165659747970521 4.2342622454352741 3.6667561207177624 3.9140158016534796 19.159082858867805 4.6697609274815477
leaf_count=106430 3034 29694 1583 2451 1252 3869 10972 3999
internal_value=-4.57293e-05 -0.00673446 -0.000161413 0.0440086 0.00699773 -0.0092323 -0.0404974 0.049293
internal_weight=1702.53 113.412 98.532 16.7873 12.5708 81.7446 23.0731 8.33652
internal_count=163284 56854 53820 9285 7702 44535 14841 5251
is_linear=0
shrinkage=0.0750466


Tree=392
num_leaves=9
num_cat=0
split_feature=11 81 141 83 125 131 153 74
split_gain=0.964015 3.77017 10.5088 8.38756 10.8957 12.4612 8.31292 6.18583
threshold=421.10500000000008 20172.080000000005 1.7600000000000002 2582.5950000000007 -2063.0949999999998 123.16500000000001 2844.5250000000001 226.60500000000005
decision_type=2 2 10 2 10 10 8 2
left_child=-1 2 6 -3 -5 -6 7 -2
right_child=1 3 -4 4 5 -7 -8 -9
leaf_value=-0.00090091767154263573 -0.025808008719166279 -0.030270524374632707 -0.03811008041498723 -0.0014547450893531342 0.0021220714615264491 0.15241890941525324 0.045406891380824321 0.018093800490034104
leaf_weight=1386.2882801135456 24.701098445104435 49.088305481850512 20.622909760321818 95.970719938042748 6.5764859322971443 5.8889199374625605 45.92140591533007 67.390313007918849
leaf_count=61394 3826 17114 7515 42475 2934 2630 11278 14118
internal_value=-4.80875e-05 0.00369137 0.0118578 -0.00453265 0.00711871 0.0731255 0.0193244 0.0063183
internal_weight=1702.45 316.16 158.636 157.524 108.436 12.4654 138.013 92.0914
internal_count=163284 101890 36737 65153 48039 5564 29222 17944
is_linear=0
shrinkage=0.0750466


Tree=393
num_leaves=9
num_cat=0
split_feature=147 18 20 147 18 20 0 149
split_gain=0.888283 3.52132 3.23127 3.01086 7.682 3.36119 3.2456 4.55725
threshold=-7681.6749999999993 9395.760000000002 836.7600000000001 -10789.794999999998 4482.5900000000011 79.560000000000016 24777691.000000004 1537.5000000000002
decision_type=10 2 2 10 2 2 2 8
left_child=3 -2 -3 6 -5 -6 7 -1
right_child=1 2 -4 4 5 -7 -8 -9
leaf_value=-0.033976976465169444 -0.0065801508198864858 0.019119909558519638 -0.011220936452215814 0.034291614320933597 -0.032392177466370242 0.017381706995282544 0.0018239583567917586 -0.0036835360610653557
leaf_weight=33.131671823446595 336.44216783981665 64.987981861049775 28.411149262177787 47.409193498417153 19.804287176535581 12.441138751219112 980.54342980057709 179.46659834532647
leaf_count=2769 10669 10607 7024 2204 4176 3452 94914 27469
internal_value=-5.1631e-05 -0.00300128 0.00989051 0.000944508 0.0150711 -0.0131881 1.41196e-06 -0.00840452
internal_weight=1702.64 429.841 93.3991 1272.8 79.6546 32.2454 1193.14 212.598
internal_count=163284 28300 17631 134984 9832 7628 125152 30238
is_linear=0
shrinkage=0.0750466


Tree=394
num_leaves=9
num_cat=0
split_feature=142 73 81 134 146 73 137 140
split_gain=0.893934 3.26905 7.24993 9.49448 4.4473 2.65179 4.38839 3.50575
threshold=154836.00000000003 9.5000000000000018 83116.845000000016 93605.400000000009 3491.3000000000006 2.5000000000000004 1316.4200000000003 5236.5900000000011
decision_type=10 2 2 8 8 2 10 10
left_child=1 5 4 -4 -3 -1 -7 -8
right_child=-2 2 3 -5 -6 6 7 -9
leaf_value=-0.0045162119330745959 0.0019381960283649385 -0.015965690023214553 0.095666054761998312 -0.035985965698009791 -0.064290263935065914 0.010231359689154765 -0.012249808783098734 0.0075767076519093913
leaf_weight=420.82263640202291 728.31289115101299 59.58307110521946 6.9488559847186453 5.5486631076969397 13.080195371387161 258.74030768043303 126.45580867121771 83.325406575177112
leaf_count=9240 98973 12097 3180 2429 1599 9174 12893 13699
internal_value=-5.07932e-05 -0.0015373 -0.0155837 0.037215 -0.0246647 -0.000192261 0.00369148 -0.00437469
internal_weight=1702.82 974.505 85.1608 12.4975 72.6633 889.344 468.522 209.781
internal_count=163284 64311 19305 5609 13696 45006 35766 26592
is_linear=0
shrinkage=0.0750466


end of trees

feature_importances:
mrentabilidad_annual=95
mcuenta_corriente=86
cliente_edad=83
mcuentas_saldo=78
Visa_mpagominimo=71
mpasivos_margen=69
Visa_fechaalta=67
ctrx_quarter=66
mprestamos_personales=65
Master_fechaalta=65
numero_de_cliente=63
mactivos_margen=61
Master_mfinanciacion_limite=58
Visa_Fvencimiento=57
mtransferencias_recibidas=56
mrentabilidad=55
mcomisiones_otras=55
chomebanking_transacciones=55
Master_Fvencimiento=54
Visa_msaldopesos=53
Visa_mpagospesos=53
Master_mlimitecompra=52
cliente_antiguedad=48
Visa_mfinanciacion_limite=47
cproductos=45
mcaja_ahorro_dolares=45
ccomisiones_otras=45
Visa_mconsumototal=44
mtransferencias_emitidas=43
mcuenta_debitos_automaticos=42
Visa_msaldototal=41
mcaja_ahorro=40
mcomisiones=38
cprestamos_personales=38
mcomisiones_mantenimiento=37
Master_msaldopesos=37
ctarjeta_visa_transacciones=36
mpagomiscuentas=36
ctransferencias_recibidas=35
ccaja_seguridad=34
Visa_mlimitecompra=34
Visa_cconsumos=34
mttarjeta_visa_debitos_automaticos=32
Master_mpagospesos=32
ccomisiones_mantenimiento=31
ctransferencias_emitidas=30
ccajas_consultas=30
Master_mpagominimo=29
mplazo_fijo_dolares=28
mautoservicio=27
cpayroll_trx=27
cdescubierto_preacordado=26
Visa_mconsumospesos=26
ccaja_ahorro=25
mtarjeta_visa_consumo=25
mextraccion_autoservicio=25
Visa_status=25
internet=23
ctarjeta_debito_transacciones=23
ccallcenter_transacciones=23
mpayroll=22
thomebanking=20
Master_msaldototal=20
ctarjeta_visa_debitos_automaticos=19
cpagomiscuentas=18
Master_mconsumospesos=18
tmobile_app=17
Visa_mconsumosdolares=17
cextraccion_autoservicio=16
Master_status=16
mtarjeta_master_consumo=15
catm_trx=15
cmobile_app_trx=15
mttarjeta_master_debitos_automaticos=14
matm=14
ccajas_otras=13
tcallcenter=12
ccuenta_debitos_automaticos=11
ccajas_transacciones=11
Master_cconsumos=11
tcuentas=10
Visa_msaldodolares=10
Master_fultimo_cierre=9
Visa_mpagado=9
ctarjeta_debito=8
ctarjeta_master=8
matm_other=8
Master_mconsumototal=8
Visa_fultimo_cierre=8
Visa_mpagosdolares=8
ctarjeta_master_transacciones=7
cplazo_fijo=6
cseguro_vida=6
cseguro_vivienda=6
ctarjeta_visa=5
catm_trx_other=4
cinversion2=3
Master_mconsumosdolares=3
Master_mpagosdolares=3
ccheques_depositados=2
Master_msaldodolares=2
Master_mpagado=2
active_quarter=1
cinversion1=1
ctarjeta_visa_descuentos=1
Master_delinquency=1
Master_madelantodolares=1
Master_cadelantosefectivo=1
Visa_delinquency=1
Visa_Finiciomora=1

parameters:
[boosting: gbdt]
[objective: binary]
[metric: auc]
[tree_learner: serial]
[device_type: cpu]
[data_sample_strategy: bagging]
[data: ]
[valid: ]
[num_iterations: 395]
[learning_rate: 0.0750466]
[num_leaves: 9]
[num_threads: 0]
[seed: 817111]
[deterministic: 0]
[force_col_wise: 0]
[force_row_wise: 1]
[histogram_pool_size: -1]
[max_depth: -1]
[min_data_in_leaf: 2230]
[min_sum_hessian_in_leaf: 1.06535e-05]
[bagging_fraction: 1]
[pos_bagging_fraction: 1]
[neg_bagging_fraction: 1]
[bagging_freq: 0]
[bagging_seed: 5611]
[bagging_by_query: 0]
[feature_fraction: 0.218412]
[feature_fraction_bynode: 1]
[feature_fraction_seed: 27923]
[extra_trees: 0]
[extra_seed: 8947]
[early_stopping_round: 0]
[early_stopping_min_delta: 0]
[first_metric_only: 0]
[max_delta_step: 0]
[lambda_l1: 0]
[lambda_l2: 0]
[linear_lambda: 0]
[min_gain_to_split: 0]
[drop_rate: 0.1]
[max_drop: 50]
[skip_drop: 0.5]
[xgboost_dart_mode: 0]
[uniform_drop: 0]
[drop_seed: 2358]
[top_rate: 0.2]
[other_rate: 0.1]
[min_data_per_group: 100]
[max_cat_threshold: 32]
[cat_l2: 10]
[cat_smooth: 10]
[max_cat_to_onehot: 4]
[top_k: 20]
[monotone_constraints: ]
[monotone_constraints_method: basic]
[monotone_penalty: 0]
[feature_contri: ]
[forcedsplits_filename: ]
[refit_decay_rate: 0.9]
[cegb_tradeoff: 1]
[cegb_penalty_split: 0]
[cegb_penalty_feature_lazy: ]
[cegb_penalty_feature_coupled: ]
[path_smooth: 0]
[interaction_constraints: ]
[verbosity: -100]
[saved_feature_importance_type: 0]
[use_quantized_grad: 0]
[num_grad_quant_bins: 4]
[quant_train_renew_leaf: 0]
[stochastic_rounding: 1]
[linear_tree: 0]
[max_bin: 31]
[max_bin_by_feature: ]
[min_data_in_bin: 3]
[bin_construct_sample_cnt: 200000]
[data_random_seed: 14171]
[is_enable_sparse: 1]
[enable_bundle: 1]
[use_missing: 1]
[zero_as_missing: 0]
[feature_pre_filter: 0]
[pre_partition: 0]
[two_round: 0]
[header: 0]
[label_column: ]
[weight_column: ]
[group_column: ]
[ignore_column: ]
[categorical_feature: ]
[forcedbins_filename: ]
[precise_float_parser: 0]
[parser_config_file: ]
[objective_seed: 2095]
[num_class: 1]
[is_unbalance: 0]
[scale_pos_weight: 1]
[sigmoid: 1]
[boost_from_average: 1]
[reg_sqrt: 0]
[alpha: 0.9]
[fair_c: 1]
[poisson_max_delta_step: 0.7]
[tweedie_variance_power: 1.5]
[lambdarank_truncation_level: 30]
[lambdarank_norm: 1]
[label_gain: ]
[lambdarank_position_bias_regularization: 0]
[eval_at: ]
[multi_error_top_k: 1]
[auc_mu_weights: ]
[num_machines: 1]
[local_listen_port: 12400]
[time_out: 120]
[machine_list_filename: ]
[machines: ]
[gpu_platform_id: -1]
[gpu_device_id: -1]
[gpu_device_id_list: ]
[gpu_use_dp: 0]
[num_gpu: 1]

end of parameters
