tree
version=v4
num_class=1
num_tree_per_iteration=1
label_index=0
max_feature_idx=153
objective=binary sigmoid:1
feature_names=numero_de_cliente foto_mes active_quarter cliente_vip internet cliente_edad cliente_antiguedad mrentabilidad mrentabilidad_annual mcomisiones mactivos_margen mpasivos_margen cproductos tcuentas ccuenta_corriente mcuenta_corriente_adicional mcuenta_corriente ccaja_ahorro mcaja_ahorro mcaja_ahorro_adicional mcaja_ahorro_dolares cdescubierto_preacordado mcuentas_saldo ctarjeta_debito ctarjeta_debito_transacciones mautoservicio ctarjeta_visa ctarjeta_visa_transacciones mtarjeta_visa_consumo ctarjeta_master ctarjeta_master_transacciones mtarjeta_master_consumo cprestamos_personales mprestamos_personales cprestamos_prendarios mprestamos_prendarios cprestamos_hipotecarios mprestamos_hipotecarios cplazo_fijo mplazo_fijo_dolares mplazo_fijo_pesos cinversion1 minversion1_pesos minversion1_dolares cinversion2 minversion2 cseguro_vida cseguro_auto cseguro_vivienda cseguro_accidentes_personales ccaja_seguridad cpayroll_trx mpayroll mpayroll2 cpayroll2_trx ccuenta_debitos_automaticos mcuenta_debitos_automaticos ctarjeta_visa_debitos_automaticos mttarjeta_visa_debitos_automaticos ctarjeta_master_debitos_automaticos mttarjeta_master_debitos_automaticos cpagodeservicios mpagodeservicios cpagomiscuentas mpagomiscuentas ccajeros_propios_descuentos mcajeros_propios_descuentos ctarjeta_visa_descuentos mtarjeta_visa_descuentos ctarjeta_master_descuentos mtarjeta_master_descuentos ccomisiones_mantenimiento mcomisiones_mantenimiento ccomisiones_otras mcomisiones_otras cforex cforex_buy mforex_buy cforex_sell mforex_sell ctransferencias_recibidas mtransferencias_recibidas ctransferencias_emitidas mtransferencias_emitidas cextraccion_autoservicio mextraccion_autoservicio ccheques_depositados mcheques_depositados ccheques_emitidos mcheques_emitidos ccheques_depositados_rechazados mcheques_depositados_rechazados ccheques_emitidos_rechazados mcheques_emitidos_rechazados tcallcenter ccallcenter_transacciones thomebanking chomebanking_transacciones ccajas_transacciones ccajas_consultas ccajas_depositos ccajas_extracciones ccajas_otras catm_trx matm catm_trx_other matm_other ctrx_quarter tmobile_app cmobile_app_trx Master_delinquency Master_status Master_mfinanciacion_limite Master_Fvencimiento Master_Finiciomora Master_msaldototal Master_msaldopesos Master_msaldodolares Master_mconsumospesos Master_mconsumosdolares Master_mlimitecompra Master_madelantopesos Master_madelantodolares Master_fultimo_cierre Master_mpagado Master_mpagospesos Master_mpagosdolares Master_fechaalta Master_mconsumototal Master_cconsumos Master_cadelantosefectivo Master_mpagominimo Visa_delinquency Visa_status Visa_mfinanciacion_limite Visa_Fvencimiento Visa_Finiciomora Visa_msaldototal Visa_msaldopesos Visa_msaldodolares Visa_mconsumospesos Visa_mconsumosdolares Visa_mlimitecompra Visa_madelantopesos Visa_madelantodolares Visa_fultimo_cierre Visa_mpagado Visa_mpagospesos Visa_mpagosdolares Visa_fechaalta Visa_mconsumototal Visa_cconsumos Visa_cadelantosefectivo Visa_mpagominimo
feature_infos=[12159854:77722076] [202104:202104] [0:1] [0:1] [0:4] [19:101] [1:376] [-239774.32000000001:645741.12] [-603976.89000000001:6868191.71] [-32909.18:341624.25] [-313906.75:299888.78000000003] [-62197.190000000002:519043.78999999998] [3:17] [1:2] [1:3] [-82991.339999999997:2108268.0299999998] [-2195857.5:21365751.859999999] [2:8] [-8280.1299999999992:30787954.780000001] [-1190.8199999999999:2654243.8300000001] [-26336.5:135638177.87] [0:1] [-2232579.79:328744518.88999999] [0:301] [0:162] [0:1400273.4399999999] [0:3] [0:634] [0:2837240.7200000002] [0:2] [0:356] [0:1779727.1100000001] [0:506] [0:7038000] [0:19] [0:20442808.949999999] [0:20] [0:35851430.100000001] [0:99] [0:59597784] [0:32117593.73] [0:11] [0:108203113.08] [0:117252843.86] [0:52] [0:355653815.48000002] [0:3] [0:11] [0:4] [0:5] [0:6] [0:126] [0:60648897.310000002] [0:317432.5] [0:4] [0:134] [0:7283353.5099999998] [0:72] [0:722029.88] [0:58] [0:557086.31999999995] [0:42] [0:8517858.4399999995] [0:678] [0:230670200.97999999] [0:12] [0:23460] [0:15] [0:74972.639999999999] [0:15] [0:78459.029999999999] [0:38] [-15494.48:12465.219999999999] [0:256] [-32909.18:341624.25] [0:18] [0:15] [0:11759.32] [0:18] [0:3628.9099999999999] [0:902] [0:531368551.08999997] [0:259] [0:154341745.75999999] [0:101] [0:2011695] [0:140] [0:63679162.43] [0:89] [0:15356358.539999999] [0:13] [0:4222800] [0:14] [0:2366424.8700000001] [0:1] [0:101] [0:1] [0:12022] [0:1] [0:34] [0:8] [0:9] [0:52] [0:101] [0:2011695] [0:57] [0:1642602.8] [0:3437] [0:1] [0:1] [0:1] [0:9] [0:550790361] [-2251:6880] [2:207] [-1008582:2798756.1099999999] [-990227.02000000002:2797981.7999999998] [-630945.59999999998:1087846.4399999999] [-45738.199999999997:1774651.05] [0:9649.6599999999999] [985.32000000000005:9212742] [0:52785] [0:214.69] [2:3320] [0:787680.82999999996] [-1271748.3799999999:49814.739999999998] [0:9334.25] [2:7632] [-45738.199999999997:1774651.05] [0:126] [0:20] [0:1361723.97] [0:1] [0:9] [0:124710817.52] [-2914148:5845] [5:208] [-890074.31999999995:7278914.8899999997] [-1044057.17:8538167.1600000001] [-702902.58999999997:738213.71999999997] [-60767.610000000001:2779277.9500000002] [0:13403.35] [1011.71:16422000] [0:191476.91] [0:2047.8800000000001] [2:163] [0:1994100] [-2855922.9199999999:70457.759999999995] [0:10844.469999999999] [2:12628] [-60767.610000000001:2779277.9500000002] [0:180] [0:16] [0:2073101.55]
tree_sizes=1101 1102 1133 1132 1128 1138 1121 1122 1127 1132 1128 1125 1121 1140 1134 1124 1135 1140 1142 1116 1122 1139 1141 1125 1127 1134 1119 1142 1135 1136 1149 1134 1136 1141 1145 1138 1143 1145 1147 1140 1140 1144 1137 1119 1145 1133 1143 1130 1148 1144 1137 1136 1144 1139 1137 1123 1136 1148 1128 1137 1150 1136 1142 1138 1133 1131 1141 1138 1143 1144 1126 1137 1151 1150 1146 1141 1137 1136 1143 1144 1145 1121 1129 1147 1144 1145 1140 1143 1150 1146 1159 1144 1134 1144 1147 1147 1141 1139 1122 1137 1134 1156 1150 1129 1145 1139 1148 1146 1136 1151 1141 1130 1133 1128 1144 1138 1134 1133 1130 1143 1153 1131 1146 1151 1133 1152 1146 1139 1144 1138 1142 1132 1150 1148 1126 1125 1140 1139 1151 1143 1142 1149 1155 1127 1118 1142 1145 1144 1144 1128 1130 1139 1133 1144 1138 1135 1153 1134 1143 1152 1154 1139 1133 1143 1133 1140 1130 1124 1133 1133 1151 1130 1151 1138 1120 1162 1135 1154 1141 1154 1136 1147 1138 1137 1127 1134 1135 1128 1134 1143 1129 1133 1137 1144 1142 1129 1142 1134 1143 1122 1147 1142 1148 1136 1151 1143 1145 1129 1145 1145 1139 1140 1132 1135 1143 1144 1136 1123 1144 1143 1138 1147 1141 1111 1133 1116 1140 1154 1138 1136 1128 1144 1132 1132 1129 1141 1141 1108 1148 1146 1139 1143 1141 1151 1144 1132 1132 1147 1126 1146 1137 1141 1130 1129 1145 1147 1140 1145 1133 1145 1140 1145 1137 1146 1136 1140 1140 1149 1136 1140 1126 1134 1139 1138 1128 1128 1144 1139 1134 1133 1151 1138 1126 1143 1134 1139 1140 1139 1136 1139 1129 1128 1139 1144 1130 1121 1126 1130 1137 1152 1129 1137 1147 1157 1132 1135 1136 1138 1131 1131 1129 1158 1140 1144 1139 1128 1141 1129 1132 1139 1143 1145 1134 1138 1134 1128 1136 1144 1120 1136 1131 1144 1137 1116 1147 1132 1144 1135 1146 1132 1136 1148 1127 1149 1131 1133 1140 1143 1137 1142 1134 1132 1137 1136 1137 1138 1133 1137 1135 1142 1137 1137 1124 1130 1134 1133 1136 1142 1141 1141 1141 1149 1132 1142 1131 1143 1133 1138 1133 1141 1137 1134 1146 1142 1136 1142 1136 1132 1134 1143 1135 1125 1153 1139 1142

Tree=0
num_leaves=9
num_cat=0
split_feature=26 16 51 152 16 51 81 73
split_gain=3073.29 2042.44 934.443 1319.85 884.51 587.435 310.461 219.343
threshold=1.0000000180025095e-35 -6095.0899999999992 1.0000000180025095e-35 14.000000000000002 -68.659999999999982 1.0000000180025095e-35 15997.960000000001 8.5000000000000018
decision_type=2 2 2 8 2 2 2 2
left_child=1 -1 3 6 -5 -3 7 -2
right_child=2 5 -4 4 -6 -7 -8 -9
leaf_value=-3.4195505591647817 -4.2353575467962736 -3.9636485884995496 -4.4074838362209325 -3.7279405478956358 -4.2213845189792947 -4.3735604826655043 -4.3723083183781171 -4.3670634686924243
leaf_weight=29.622505605220795 223.68170112371445 43.378536105155945 1081.1451734602451 34.288368076086044 50.726951658725739 36.055547595024109 472.53617525100708 104.47972148656845
leaf_count=2330 17594 3412 85039 2697 3990 2836 37168 8218
internal_value=-4.33916 -3.95138 -4.36066 -4.30351 -4.02237 -4.14971 -4.33337 -4.27729
internal_weight=2075.91 109.057 1966.86 885.713 85.0153 79.4341 800.698 328.161
internal_count=163284 8578 154706 69667 6687 6248 62980 25812
is_linear=0
shrinkage=1


Tree=1
num_leaves=9
num_cat=0
split_feature=107 22 107 22 22 153 153 133
split_gain=4459.93 1255.51 399.456 157.454 147.006 82.8773 77.3602 55.9204
threshold=22.500000000000004 -1525.53 52.500000000000007 6061.1650000000009 6061.1650000000009 651.0150000000001 299.11500000000007 1.0000000180025095e-35
decision_type=2 2 2 2 2 8 8 8
left_child=1 7 4 6 5 -2 -3 -1
right_child=2 3 -4 -5 -6 -7 -8 -9
leaf_value=0.44680312675174261 0.16786086364770461 0.29590336326854733 -0.054444419504554337 0.05290567472490295 -0.013515059846590263 0.051427934782896111 0.14101514087777506 0.55648910254786699
leaf_weight=51.908228925429285 53.199315962381661 38.312289319932461 1579.7806042004377 53.478524968959391 143.99477455299348 97.592840785160661 34.528706583194435 52.809840344823897
leaf_count=2856 3811 2558 128108 3760 11187 6900 2162 1942
internal_value=-0.00113567 0.309975 -0.0394796 0.15069 0.0407175 0.0925054 0.222482 0.502118
internal_weight=2105.61 231.038 1874.57 126.32 294.787 150.792 72.841 104.718
internal_count=163284 13278 150006 8480 21898 10711 4720 4798
is_linear=0
shrinkage=0.0750466


Tree=2
num_leaves=9
num_cat=0
split_feature=25 151 2 71 8 85 71 8
split_gain=1550.33 827.665 384.128 228.179 285.358 87.3155 79.9593 73.5077
threshold=1.0000000180025095e-35 1.5000000000000002 1.0000000180025095e-35 1.0000000180025095e-35 11254.315000000002 1.0000000180025095e-35 1.0000000180025095e-35 16678.810000000001
decision_type=2 10 2 2 2 2 2 2
left_child=1 2 -1 5 -5 -4 -2 -8
right_child=6 -3 3 4 -6 -7 7 -9
leaf_value=0.32936269103246724 -0.060598764652012249 0.0013134316639548818 0.090093589155423842 0.31811790638339249 0.12117574142030862 -0.041271622916751419 0.025013678763934524 -0.046787889963102999
leaf_weight=61.930922158993781 1016.4815064761788 363.71023030951619 94.435059579089284 57.353514430113137 149.29606342036277 40.811851101927459 132.9404108999297 202.80617702938616
leaf_count=2123 87517 28592 5257 2824 6684 3017 10747 16523
internal_value=-0.00175763 0.0834295 0.157388 0.126237 0.175835 0.0504531 -0.0501107 -0.0183577
internal_weight=2119.77 767.538 403.827 341.896 206.65 135.247 1352.23 335.747
internal_count=163284 48497 19905 17782 9508 8274 114787 27270
is_linear=0
shrinkage=0.0750466


Tree=3
num_leaves=9
num_cat=0
split_feature=107 16 107 111 8 95 153 137
split_gain=2303.8 394.951 192.859 128.129 83.6899 46.7584 36.2985 32.8462
threshold=30.500000000000004 -118.94499999999998 66.500000000000014 1.0000000180025095e-35 12961.865000000002 1.0000000180025095e-35 651.0150000000001 4483.3200000000006
decision_type=2 2 2 8 2 2 10 10
left_child=1 3 5 4 -1 6 -2 -4
right_child=2 -3 7 -5 -6 -7 -8 -9
leaf_value=0.20747452908236241 0.02470476952560902 0.06106911853980234 -0.027440772362697593 0.26140692278988942 0.094253998572101802 0.094465100442870889 -0.024611285727323996 -0.061095885862824231
leaf_weight=84.694157555699348 150.94868423603475 176.20971018169075 191.49754336569458 124.30154706444591 64.979476243257523 30.342226405628026 189.68393383920193 1110.0316954143345
leaf_count=3019 11027 10244 16064 3056 2345 2233 15059 100237
internal_value=-0.00197647 0.148718 -0.0425387 0.205091 0.158321 0.00519461 -0.00275726 -0.0561441
internal_weight=2122.69 450.185 1672.5 273.975 149.674 370.975 340.633 1301.53
internal_count=163284 18664 144620 8420 5364 28319 26086 116301
is_linear=0
shrinkage=0.0750466


Tree=4
num_leaves=9
num_cat=0
split_feature=107 16 52 138 107 52 138 107
split_gain=1798.4 301.161 177.304 141.363 98.4898 87.1697 77.647 39.0936
threshold=38.500000000000007 -68.659999999999982 1.0000000180025095e-35 5216.3500000000013 12.500000000000002 1.0000000180025095e-35 6957.295000000001 85.500000000000014
decision_type=2 2 2 10 2 2 8 2
left_child=1 4 3 -2 -1 -3 -6 -5
right_child=2 5 -4 7 6 -7 -8 -9
leaf_value=0.18434824834280519 0.059144040993174517 0.063892510278977757 -0.06806336399353273 -0.0056192603972722768 0.16277287509150937 -0.048905672443522306 0.062041619018440394 -0.047291791174995303
leaf_weight=202.86390768084675 115.24994807317853 173.11212894972414 857.17023591510952 198.27494396455586 78.409292889758945 49.652547081932425 95.70015319250524 351.63322823494673
leaf_count=3854 7926 9521 82744 16091 3103 3700 4164 32181
internal_value=-0.0021389 0.107931 -0.0455021 -0.0164279 0.148811 0.0387507 0.107405 -0.0322663
internal_weight=2122.07 599.738 1522.33 665.158 376.973 222.765 174.109 549.908
internal_count=163284 24342 138942 56198 11121 13221 7267 48272
is_linear=0
shrinkage=0.0750466


Tree=5
num_leaves=9
num_cat=0
split_feature=11 32 111 51 51 11 153 32
split_gain=1246.94 694.311 611.396 258.504 194.62 119.354 98.3943 66.4753
threshold=136.92000000000004 1.0000000180025095e-35 1.0000000180025095e-35 1.0000000180025095e-35 1.0000000180025095e-35 475.70500000000004 1413.4650000000001 1.0000000180025095e-35
decision_type=2 2 8 2 2 2 8 2
left_child=1 2 3 6 5 7 -1 -2
right_child=4 -3 -4 -5 -6 -7 -8 -9
leaf_value=0.1412476998920007 0.049973744735672933 -0.035708874488154622 0.27534767549294137 -0.047829495686307802 -0.067219615966434595 -0.034733314188543307 0.034815166010597622 -0.045403155823704598
leaf_weight=198.70984620507807 194.11848430428654 191.5923388870433 125.78505267202854 69.310822845436633 751.9405282177031 470.15254262275994 64.896062854677439 52.229734213091433
leaf_count=7091 13472 8893 3362 6237 77312 39836 3631 3450
internal_value=-0.00223767 0.0842767 0.134393 0.0811361 -0.0405503 -0.0125618 0.115046 0.0297523
internal_weight=2118.74 650.294 458.702 332.917 1468.44 716.501 263.606 246.348
internal_count=163284 29214 20321 16959 134070 56758 10722 16922
is_linear=0
shrinkage=0.0750466


Tree=6
num_leaves=9
num_cat=0
split_feature=18 115 85 26 18 149 150 149
split_gain=1044.68 189.69 126.235 80.6305 58.891 40.0452 43.7988 38.4293
threshold=3102.7650000000003 1158.7700000000002 2404.6500000000005 1.0000000180025095e-35 13442.075000000003 489.50000000000006 2710.7250000000008 636.50000000000011
decision_type=2 10 2 2 2 8 10 10
left_child=1 2 5 -2 -5 -1 7 -7
right_child=3 -3 -4 4 -6 6 -8 -9
leaf_value=0.044674995562919387 0.047016759926436856 -0.012886863299083919 -0.011142729364929625 -0.018798593691975181 -0.05506573584887927 0.093488152482815057 0.058511425994158088 0.14044797873443837
leaf_weight=70.950653851032257 55.246802436187863 133.85043714381754 67.767723108641803 341.88710824679583 960.86877853889018 205.16972922161222 92.309182270430028 188.14985596761107
leaf_count=2193 3637 9663 5197 29667 97187 3749 6196 5795
internal_value=-0.00238322 0.0681841 0.0855645 -0.0417823 -0.045548 0.0973393 0.105034 0.115952
internal_weight=2116.2 758.198 624.347 1358 1302.76 556.579 485.629 393.32
internal_count=163284 32793 23130 130491 126854 17933 15740 9544
is_linear=0
shrinkage=0.0750466


Tree=7
num_leaves=9
num_cat=0
split_feature=72 151 32 29 133 32 8 8
split_gain=476.362 281.9 294.728 206.503 178.955 225.392 83.5176 78.4151
threshold=1708.4500000000003 2.5000000000000004 1.5000000000000002 1.0000000180025095e-35 1.0000000180025095e-35 1.0000000180025095e-35 12961.865000000002 16678.810000000001
decision_type=2 10 2 2 8 2 2 2
left_child=4 2 3 -2 -1 -6 -5 -3
right_child=1 7 -4 6 5 -7 -8 -9
leaf_value=-0.039225365418961149 0.18220096270474795 0.033389874761131144 -0.047661295896514376 0.11206657178835741 0.14181642126442934 -0.044427447610568639 0.028616941526447 -0.046751176818420441
leaf_weight=1187.114093025215 133.31608379725367 114.50273854658008 85.453198911622167 128.23847793973982 73.211305929347873 73.17378232255578 142.71327161230147 172.13449947629124
leaf_count=115535 2791 9563 2358 4218 2331 3379 7101 16008
internal_value=-0.00236264 0.0443719 0.078969 0.105736 -0.0295713 0.0487184 0.0681127 -0.0147373
internal_weight=2109.86 776.358 489.721 404.268 1333.5 146.385 270.952 286.637
internal_count=163284 42039 16468 14110 121245 5710 11319 25571
is_linear=0
shrinkage=0.0750466


Tree=8
num_leaves=9
num_cat=0
split_feature=24 10 8 71 8 71 8 10
split_gain=646.643 210.552 116.723 78.091 77.0362 72.6684 60.2079 80.1357
threshold=1.0000000180025095e-35 -386.05499999999995 29166.560000000001 1.0000000180025095e-35 12961.865000000002 1.0000000180025095e-35 16678.810000000001 -386.05499999999995
decision_type=2 2 2 2 2 2 2 2
left_child=1 -1 3 -3 -5 -2 7 -7
right_child=5 2 -4 4 -6 6 -8 -9
leaf_value=-0.012779928776215688 -0.055462744175442689 0.040619174587347442 0.011760241920093225 0.13611828365996428 0.065762085383707619 -0.012192480659722614 -0.041344540362049001 0.11578825483420693
leaf_weight=301.05839264951646 768.72902644518763 187.09673627372831 193.18960798531771 173.92123412434012 176.70085413008928 91.80450139567256 171.25190271437168 39.372377500869334
leaf_count=21927 87517 8965 8358 3758 5489 8223 16523 2524
internal_value=-0.00235762 0.0400383 0.061794 0.0797699 0.100661 -0.0432024 -0.0120385 0.0262206
internal_weight=2103.12 1031.97 730.908 537.719 350.622 1071.16 302.429 131.177
internal_count=163284 48497 26570 18212 9247 114787 27270 10747
is_linear=0
shrinkage=0.0750466


Tree=9
num_leaves=9
num_cat=0
split_feature=22 32 133 84 58 22 84 6
split_gain=616.09 518.471 300.076 109.446 47.5583 36.383 29.4221 26.5534
threshold=6061.1650000000009 1.0000000180025095e-35 1.0000000180025095e-35 1.5000000000000002 5823.4300000000012 65850.970000000016 2.5000000000000004 20.500000000000004
decision_type=2 2 8 2 2 2 2 2
left_child=1 2 3 4 7 6 -2 -1
right_child=5 -3 -4 -5 -6 -7 -8 -9
leaf_value=0.030203888658998649 -0.015862464349719101 -0.047865200416418022 0.1547107501603649 -0.027228237932941626 0.0051194503779148593 -0.056753240232632084 -0.058922122096765173 0.077295772473423563
leaf_weight=83.911086088512093 315.10074406629428 294.38124838471413 177.63030366878957 101.62910530297086 80.351566162891686 574.66173303499818 124.75363845424727 343.45365837449208
leaf_count=2746 28657 18714 2610 10597 6598 64500 14348 14514
internal_value=-0.00231221 0.0370986 0.0688807 0.0438604 0.0580901 -0.0443196 -0.0280753 0.0680495
internal_weight=2095.87 1081.36 786.976 609.345 507.716 1014.52 439.854 427.365
internal_count=163284 55779 37065 34455 23858 107505 43005 17260
is_linear=0
shrinkage=0.0750466


Tree=10
num_leaves=9
num_cat=0
split_feature=107 33 111 18 107 137 127 18
split_gain=785.068 292.299 168.051 80.826 63.5171 36.6775 43.6068 36.2043
threshold=45.500000000000007 17595.285000000003 1.0000000180025095e-35 27674.390000000003 85.500000000000014 7430.2150000000011 610.50000000000011 952.04500000000019
decision_type=2 2 8 2 2 8 10 2
left_child=1 2 3 5 7 6 -1 -2
right_child=4 -3 -4 -5 -6 -7 -8 -9
leaf_value=0.034681181115560386 0.034532254983402372 -0.048260448463833455 0.11989904757626134 -0.036688396316829963 -0.054038038868684031 0.022460768631509323 0.091351730007944082 -0.027404859842832092
leaf_weight=125.7768603968434 64.882124457973987 142.66020741779357 245.53739863913506 60.935383610893041 823.53289838833734 134.58626323286444 195.07835150277242 293.99630081048235
leaf_count=3829 4457 4454 4145 5061 99379 6336 5887 29736
internal_value=-0.00229687 0.0503275 0.068787 0.0444833 -0.0425558 0.0553435 0.0691366 -0.0162072
internal_weight=2086.99 904.574 761.914 516.377 1182.41 455.441 320.855 358.878
internal_count=163284 29712 25258 21113 133572 16052 9716 34193
is_linear=0
shrinkage=0.0750466


Tree=11
num_leaves=9
num_cat=0
split_feature=18 147 147 72 72 18 149 72
split_gain=552.268 105.648 59.0522 40.7343 34.8312 30.1 24.6546 20.7652
threshold=5971.0600000000004 -10789.794999999998 -2974.2299999999996 1708.4500000000003 1057.6200000000001 252.93500000000003 636.50000000000011 1708.4500000000003
decision_type=2 8 8 2 2 2 10 2
left_child=1 5 7 -3 -4 -1 -5 -2
right_child=2 3 4 6 -6 -7 -8 -9
leaf_value=0.026995590568480138 -0.05771514202226051 0.029750964885633745 -0.027781226819981231 0.047679673574374318 0.034688430074534052 -0.025336875992435202 0.08254780614806792 -0.030222015024347924
leaf_weight=101.12809833651409 598.41184917325154 323.26437351340428 154.13871455146 235.97685891808942 74.59512239228934 159.57073575025424 221.33092273352668 208.67467016447335
leaf_count=6827 78918 13018 15853 3221 4213 14519 5648 21067
internal_value=-0.00226878 0.0363269 -0.0410675 0.0501416 -0.0074085 -0.00503651 0.0645554 -0.0506067
internal_weight=2077.09 1041.27 1035.82 780.572 228.734 260.699 457.308 807.087
internal_count=163284 43233 120051 21887 20066 21346 8869 99985
is_linear=0
shrinkage=0.0750466


Tree=12
num_leaves=9
num_cat=0
split_feature=22 81 55 150 22 81 112 9
split_gain=427.007 95.549 54.3513 36.7246 35.236 27.0613 22.7938 22.173
threshold=6061.1650000000009 42044.910000000011 1.0000000180025095e-35 2710.7250000000008 65850.970000000016 29325.005000000001 28503.900000000005 1579.095
decision_type=2 2 2 10 2 2 10 2
left_child=1 2 -1 7 5 6 -2 -4
right_child=4 -3 3 -5 -6 -7 -8 -9
leaf_value=0.04497605488132559 0.04855803900722986 -0.024723438898048435 -0.0096404671974349553 -0.044650704162447999 -0.053961584301400981 -0.044807861002353837 -0.016937223259926113 0.058283516630532391
leaf_weight=817.15047948295251 35.892404293641448 165.71335275098681 51.645200700499117 67.16067158523947 502.51991108618677 191.39586519449949 180.05399260763079 56.874637415632606
leaf_count=26649 2494 16859 3629 7047 64500 22986 17525 1595
internal_value=-0.00218824 0.0280295 0.0368345 -0.00103484 -0.040665 -0.0242616 -0.00605127 0.0259581
internal_weight=2068.41 1158.54 992.831 175.681 909.862 407.342 215.946 108.52
internal_count=163284 55779 38920 12271 107505 43005 20019 5224
is_linear=0
shrinkage=0.0750466


Tree=13
num_leaves=9
num_cat=0
split_feature=51 32 11 147 113 22 118 147
split_gain=538.472 218.241 254.206 45.5929 40.3288 34.7348 19.2221 18.3491
threshold=1.0000000180025095e-35 1.0000000180025095e-35 475.70500000000004 -4623.8949999999995 -1263.4999999999998 6061.1650000000009 603.7750000000002 1.0000000180025095e-35
decision_type=2 2 2 8 8 2 10 8
left_child=1 2 3 6 -5 -4 -1 -2
right_child=7 -3 5 4 -6 -7 -8 -9
leaf_value=0.043077959475254002 -0.064681717680641376 -0.039154263311699133 0.025602347241881134 0.040861081162806519 0.084305968205916668 -0.032351706627282401 -0.00973417338753459 -0.030889215041832962
leaf_weight=215.26946776080877 535.47532275505364 254.50608028052375 76.060426526237279 171.71525206789374 402.18865577923134 248.66931757656857 47.35271843476221 108.90199461160228
leaf_count=12172 78120 14143 5768 3866 7037 28213 3746 10219
internal_value=-0.00209991 0.0237845 0.0375785 0.0594552 0.071307 -0.0187773 0.0335555 -0.0589707
internal_weight=2060.14 1415.76 1161.26 836.526 573.904 324.73 262.622 644.377
internal_count=163284 74945 60802 26821 10903 33981 15918 88339
is_linear=0
shrinkage=0.0750466


Tree=14
num_leaves=9
num_cat=0
split_feature=107 51 12 137 51 137 5 21
split_gain=481.133 104.999 89.5388 60.7963 55.3281 60.2353 30.38 28.6501
threshold=59.500000000000007 1.0000000180025095e-35 4.5000000000000009 4483.3200000000006 1.0000000180025095e-35 5971.2200000000012 39.500000000000007 1.0000000180025095e-35
decision_type=2 2 2 10 2 8 2 2
left_child=2 3 -1 -2 5 6 -4 -7
right_child=1 -3 4 -5 -6 7 -8 -9
leaf_value=0.091290898654754565 0.045684323539309811 -0.066512143007929861 0.079252071970221813 -0.028743981563292189 -0.026452570946473273 0.056461046017197071 0.03627031356029186 0.0012107930531462326
leaf_weight=121.07873388240114 75.54067533230409 489.35745619144291 125.99577688612044 340.06860368326306 113.12996917963028 61.565099410247058 349.57243510661647 373.79166046762839
leaf_count=1615 5453 76974 2975 39858 11087 1320 9179 14823
internal_value=-0.00205754 -0.0429542 0.0302619 -0.015216 0.0230462 0.0291936 0.0476578 0.0090239
internal_weight=2050.1 904.967 1145.13 415.609 1024.05 910.925 475.568 435.357
internal_count=163284 122285 40999 45311 39384 28297 12154 16143
is_linear=0
shrinkage=0.0750466


Tree=15
num_leaves=9
num_cat=0
split_feature=28 18 18 148 131 116 5 5
split_gain=354.911 95.7523 57.7445 59.7627 27.9911 15.31 13.2342 15.2035
threshold=2982.1750000000006 11352.675000000001 27674.390000000003 227.54000000000002 310.84500000000008 2777.4150000000004 39.500000000000007 59.500000000000007
decision_type=2 2 2 8 10 8 2 2
left_child=2 4 3 5 -2 -1 -5 -8
right_child=1 -3 -4 6 -6 -7 7 -9
leaf_value=0.089778492922247932 0.0037224141873977612 -0.052138369849622571 -0.023708772735089648 0.042039775323188491 -0.036732975895961785 0.043595067338408545 0.010854726082580115 0.040664592108585355
leaf_weight=125.95857941359282 357.87102360650897 585.42301931325346 97.569219418801367 220.57846372434869 131.79611122654751 59.533530447632074 324.91019661026075 136.98200798034668
leaf_count=4992 27019 88785 10498 5370 13883 2347 7826 2564
internal_value=-0.00199519 -0.0316551 0.0310302 0.0371836 -0.00716634 0.074956 0.0269172 0.0196954
internal_weight=2040.62 1075.09 965.532 867.963 489.667 185.492 682.471 461.892
internal_count=163284 129687 33597 23099 40902 7339 15760 10390
is_linear=0
shrinkage=0.0750466


Tree=16
num_leaves=9
num_cat=0
split_feature=52 33 22 111 11 138 81 127
split_gain=416.336 246.095 182.214 68.8207 46.1453 45.8616 24.1869 17.5894
threshold=16685.650000000005 17595.285000000003 6061.1650000000009 1.0000000180025095e-35 596.98500000000013 19815.575000000004 1.0000000180025095e-35 610.50000000000011
decision_type=2 2 2 8 2 8 2 10
left_child=1 2 3 5 -4 6 7 -1
right_child=-2 -3 4 -5 -6 -7 -8 -9
leaf_value=0.012564917893639244 -0.059481958414325097 -0.054736971077169572 0.016539913822649053 0.079119141706368773 -0.034266283971498293 0.00017986665502403291 0.072821000592845395 0.050693200465628169
leaf_weight=116.40740006603301 524.85029207682237 222.55931583372876 186.43074984196573 299.65424553770572 218.90241522435099 156.93519608210772 142.78914715349674 164.34855111595243
leaf_count=2150 84455 12898 13178 3948 27579 10366 5275 3435
internal_value=-0.00191359 0.0181224 0.0307369 0.0499113 -0.0108983 0.0348337 0.0476739 0.0348844
internal_weight=2032.88 1508.03 1285.47 880.135 405.333 580.48 423.545 280.756
internal_count=163284 78829 65931 25174 40757 21226 10860 5585
is_linear=0
shrinkage=0.0750466


Tree=17
num_leaves=9
num_cat=0
split_feature=27 24 24 95 116 141 27 21
split_gain=266.914 67.3422 53.7746 26.4676 22.7726 18.9848 29.4065 15.9169
threshold=2.5000000000000004 1.5000000000000002 8.5000000000000018 1.0000000180025095e-35 3435.7150000000006 53.975000000000009 1.0000000180025095e-35 1.0000000180025095e-35
decision_type=2 2 2 2 10 8 2 2
left_child=2 3 5 4 -2 6 -1 -7
right_child=1 -3 -4 -5 -6 7 -8 -9
leaf_value=0.086422773595416141 -0.0052583425543109834 -0.049724873929228502 -0.035884315787303132 0.044107571063927639 -0.045422255943938984 0.046008029233762876 0.030636666251323528 0.016989025719682589
leaf_weight=72.611417428590357 300.31071590958163 499.7945987819694 78.49460214888677 46.079660434275866 108.13468337105587 130.01643722783774 199.24421654781327 587.35600835224614
leaf_count=2025 23840 84028 9666 4137 12128 2961 10590 13909
internal_value=-0.0018731 -0.0307136 0.0239043 -0.00980891 -0.0158916 0.0286485 0.0455369 0.0222484
internal_weight=2022.04 954.32 1067.72 454.525 408.445 989.228 271.856 717.372
internal_count=163284 124133 39151 40105 35968 29485 12615 16870
is_linear=0
shrinkage=0.0750466


Tree=18
num_leaves=9
num_cat=0
split_feature=52 137 4 26 18 18 83 107
split_gain=354.705 118.555 40.3014 47.2693 34.5841 20.2823 20.4103 15.3893
threshold=16685.650000000005 10375.225000000002 1.0000000180025095e-35 1.0000000180025095e-35 15722.845000000003 36158.410000000011 1.0000000180025095e-35 85.500000000000014
decision_type=2 10 2 2 2 2 2 2
left_child=1 2 3 -1 7 6 -5 -3
right_child=-2 4 -4 5 -6 -7 -8 -9
leaf_value=0.068567714384847475 -0.057987983435982084 0.011006419961574646 -0.00012364036798843221 0.025437926292758525 -0.042425175147843532 -0.013509853498559498 0.063973410385576121 -0.025460645186909551
leaf_weight=203.67797432700172 481.34366417117417 212.3038860540837 203.77455250453204 495.41363366320729 169.64661421533674 62.50034483987838 91.743381323292851 94.045270273461938
leaf_count=3143 84455 12143 2790 12421 24994 6530 5442 11366
internal_value=-0.00178688 0.0158584 0.0298622 0.0370227 -0.0152418 0.0271329 0.0314591 -0.000188502
internal_weight=2014.45 1533.11 1057.11 853.335 475.996 649.657 587.157 306.349
internal_count=163284 78829 30326 27536 48503 24393 17863 23509
is_linear=0
shrinkage=0.0750466


Tree=19
num_leaves=9
num_cat=0
split_feature=10 55 4 94 55 16 9 73
split_gain=146.381 50.6636 52.2147 40.3814 34.3121 32.827 21.8522 16.9881
threshold=-386.05499999999995 1.0000000180025095e-35 1.5000000000000002 1.0000000180025095e-35 1.0000000180025095e-35 -14461.189999999999 1579.095 8.5000000000000018
decision_type=2 2 2 2 2 2 2 2
left_child=4 2 3 5 -1 -2 -3 -8
right_child=1 6 -4 -5 -6 -7 7 -9
leaf_value=-0.015728029610606264 0.056167085361639099 -0.031818398285577497 -0.0436753176047446 0.085357832908124001 -0.049937261898171791 0.01539175015143673 0.028718178488620561 -0.02579496510309293
leaf_weight=393.11607484566048 130.12950353417546 170.8170046643354 66.106631247792393 59.13204304035753 284.728747329209 764.34314031759277 86.237701362464577 51.37744149658829
leaf_count=43524 2563 22691 1272 3334 46885 34117 3513 5385
internal_value=-0.00172065 0.0127621 0.0208233 0.0252945 -0.0300976 0.0213238 -0.013889 0.00836616
internal_weight=2005.99 1328.14 1019.71 953.605 677.845 894.473 308.432 137.615
internal_count=163284 72875 41286 40014 90409 36680 31589 8898
is_linear=0
shrinkage=0.0750466


Tree=20
num_leaves=9
num_cat=0
split_feature=52 111 33 153 5 56 135 115
split_gain=307.754 218.24 182.17 106.516 38.246 27.0685 23.0834 18.3677
threshold=16685.650000000005 1.0000000180025095e-35 27559.105000000007 651.0150000000001 39.500000000000007 1169.9700000000003 -1840.4999999999998 77121.545000000013
decision_type=2 10 2 10 2 2 10 8
left_child=1 2 3 4 6 -5 -1 -6
right_child=-2 -3 -4 5 7 -7 -8 -9
leaf_value=0.038173369667289077 -0.05656703728127694 0.17841992324211528 -0.058089329923526202 0.001156772502931349 0.015836036645828094 -0.040623027819005002 0.084417044157855239 0.043723878527177476
leaf_weight=125.64933847496286 446.18322099000216 44.250289577059448 196.34486334212124 358.4717723284848 394.53064026031643 115.46774765476584 117.77871620561928 200.66124084033072
leaf_count=2053 84455 426 11794 28773 13424 16036 3430 2893
internal_value=-0.00163313 0.014148 0.00933058 0.0194159 0.0354874 -0.0090222 0.0605476 0.0252381
internal_weight=1999.34 1553.15 1508.9 1312.56 838.62 473.94 243.428 595.192
internal_count=163284 78829 78403 66609 21800 44809 5483 16317
is_linear=0
shrinkage=0.0750466


Tree=21
num_leaves=9
num_cat=0
split_feature=107 4 133 28 113 10 97 71
split_gain=229.719 52.6708 36.9854 21.9033 19.0103 18.0646 15.8359 15.1511
threshold=66.500000000000014 1.5000000000000002 1.0000000180025095e-35 5998.3400000000011 -2054.4999999999995 -193.11999999999998 7.5000000000000009 1.0000000180025095e-35
decision_type=2 2 8 2 8 2 2 2
left_child=1 2 4 -2 -1 -6 -7 -5
right_child=3 -3 -4 7 5 6 -8 -9
leaf_value=-0.022898657147363957 -0.012014167964865203 -0.043742672960615077 0.041850027420645801 -0.054572364662440774 -0.0014602219253709299 0.014761276870499647 0.041419803290162184 -0.028213197462789857
leaf_weight=77.955625472124666 149.68586391024292 76.680495417211205 330.50419471506029 323.97650614357553 240.94188217818737 410.00616508582607 180.85284154489636 197.79117771005258
leaf_count=3972 18019 1361 4504 70076 16973 11490 8683 28206
internal_value=-0.00159689 0.016617 0.0203488 -0.0373203 0.0125376 0.0158587 0.022921 -0.0445802
internal_weight=1988.39 1316.94 1240.26 671.454 909.757 831.801 590.859 521.768
internal_count=163284 46983 45622 116301 41118 37146 20173 98282
is_linear=0
shrinkage=0.0750466


Tree=22
num_leaves=9
num_cat=0
split_feature=52 137 95 17 26 55 149 137
split_gain=259.967 68.2093 60.1243 30.2732 20.1517 14.9368 14.2911 19.8414
threshold=16685.650000000005 16998.050000000003 1.0000000180025095e-35 3.5000000000000004 1.0000000180025095e-35 1.0000000180025095e-35 489.50000000000006 4483.3200000000006
decision_type=2 10 2 2 2 2 8 8
left_child=1 2 6 -2 -3 -6 -1 -8
right_child=3 4 -4 -5 5 -7 7 -9
leaf_value=-0.0061580266515328681 -0.059072907802605636 0.056984342829466926 0.084853677073591621 0.043027870389798537 -0.0089796425233538701 -0.042005866690322247 0.030797822120017044 0.0096658022271954684
leaf_weight=139.01815139874816 391.98999967193231 19.64135070797056 77.121596693759784 17.06756579130888 207.43433961411938 122.77488096081652 468.60114205023274 537.00171235669404
leaf_count=4271 81116 242 2942 3339 20745 19037 12539 19053
internal_value=-0.00152066 0.0123503 0.0207167 -0.0548128 -0.0168663 -0.0212591 0.0163953 0.0195131
internal_weight=1980.65 1571.59 1221.74 409.058 349.851 330.209 1144.62 1005.6
internal_count=163284 78829 38805 84455 40024 39782 35863 31592
is_linear=0
shrinkage=0.0750466


Tree=23
num_leaves=9
num_cat=0
split_feature=107 99 32 22 12 22 32 27
split_gain=185.313 117.681 104.801 52.5595 27.0604 27.4258 27.0057 20.7909
threshold=79.500000000000014 1.0000000180025095e-35 1.5000000000000002 26219.395 7.5000000000000009 6061.1650000000009 1.0000000180025095e-35 3.5000000000000004
decision_type=2 2 2 2 2 2 2 2
left_child=1 2 3 -1 5 6 7 -2
right_child=4 -3 -4 -5 -6 -7 -8 -9
leaf_value=0.021851901369468067 0.089407415434998125 0.11986909507828303 -0.053883604079748217 -0.021275175664452747 -0.055651157528015686 -0.039399097039216374 -0.068139869982076315 0.0043765177026814147
leaf_weight=1049.0175992359873 23.415871135890484 55.507134564453736 136.93613987974823 187.61672525829636 268.69926389493048 180.67572057526559 19.635062606306747 52.517481082351878
leaf_count=31282 1813 1650 5261 20294 55726 36079 2990 8189
internal_value=-0.00145895 0.01274 0.00841081 0.0153089 -0.0386947 -0.0222014 0.0103116 0.0305978
internal_weight=1974.02 1429.08 1373.57 1236.63 544.943 276.244 95.5684 75.9334
internal_count=163284 58487 56837 51576 104797 49071 12992 10002
is_linear=0
shrinkage=0.0750466


Tree=24
num_leaves=9
num_cat=0
split_feature=33 24 30 5 8 142 127 5
split_gain=180.962 114.964 44.6905 26.1413 14.939 18.893 18.407 14.0663
threshold=17595.285000000003 4.5000000000000009 1.0000000180025095e-35 39.500000000000007 11254.315000000002 119646.00000000001 2528.5000000000005 43.500000000000007
decision_type=2 2 2 2 2 10 8 2
left_child=1 2 3 -1 6 -6 -5 -4
right_child=-2 -3 7 4 5 -7 -8 -9
leaf_value=0.041739297524170021 -0.056701865750098432 -0.03210922579155133 0.011997064954017225 0.011762580768761187 0.023043067652461592 -0.0091888260313310252 0.044207910808017628 -0.02681799954230284
leaf_weight=322.76901029585861 285.01993464352563 325.18688874528743 82.441230973927304 211.56979217426851 198.66472121165134 211.41711361333728 184.23102445108816 145.18229278828949
leaf_count=11245 31239 63906 8716 8627 5069 12933 6522 15027
internal_value=-0.00140693 0.00796596 0.0175746 0.0236923 0.0164642 0.00642596 0.0268647 -0.0127599
internal_weight=1966.48 1681.46 1356.28 1128.65 805.883 410.082 395.801 227.624
internal_count=163284 132045 68139 44396 33151 18002 15149 23743
is_linear=0
shrinkage=0.0750466


Tree=25
num_leaves=9
num_cat=0
split_feature=153 24 85 151 56 10 127 10
split_gain=130.434 37.6892 36.3925 23.4775 18.628 17.3638 12.9601 11.2973
threshold=651.0150000000001 4.5000000000000009 20560.050000000003 13.500000000000002 1169.9700000000003 -109.73499999999999 610.50000000000011 1.0000000180025095e-35
decision_type=10 2 2 8 2 2 8 2
left_child=2 4 3 5 -2 -1 -5 -8
right_child=1 -3 -4 6 -6 -7 7 -9
leaf_value=0.011749470183743182 -0.0071869407506646521 -0.049514379376657126 -0.027271096159831323 -0.0081444695082384267 -0.04401510303641365 0.048184802445297957 -0.00099107062992091614 0.022214205174690464
leaf_weight=114.0656172237359 420.3038941884879 249.22619328391738 108.63911984907463 156.39730029506609 94.797616091556847 207.98307844414376 160.61437878664583 446.99015213712119
leaf_count=9261 38647 60139 14270 4472 15980 8822 5767 5926
internal_value=-0.00134649 -0.0255565 0.0141423 0.018285 -0.0139647 0.0352799 0.0111211 0.0160801
internal_weight=1959.02 764.328 1194.69 1086.05 515.102 322.049 764.002 607.605
internal_count=163284 114766 48518 34248 54627 18083 16165 11693
is_linear=0
shrinkage=0.0750466


Tree=26
num_leaves=9
num_cat=0
split_feature=51 33 8 28 107 7 73 10
split_gain=193.577 145.56 45.0666 68.4592 32.0597 31.221 48.6585 17.0535
threshold=1.0000000180025095e-35 17595.285000000003 9683.5850000000009 1395.8750000000002 45.500000000000007 1261.8700000000001 2.5000000000000004 298.7000000000001
decision_type=2 2 2 2 2 2 2 2
left_child=1 2 5 7 -2 -1 -7 -4
right_child=4 -3 3 -5 -6 6 -8 -9
leaf_value=0.020769574804558807 -0.0024244700008272503 -0.051211489923779469 0.013564163353813961 -0.019893660680046447 -0.05824985797714681 0.022440112548573563 0.090279280551821314 0.043714278797533861
leaf_weight=380.9165830812417 70.568777716020122 188.58008653530851 255.69821063615382 315.13531117234379 323.67765868385322 122.56250321306288 115.81598214642145 180.05814507836476
leaf_count=18945 6552 12125 5744 31148 81787 988 4259 1736
internal_value=-0.00127747 0.0106048 0.0191126 0.0067523 -0.0482573 0.0340994 0.0553997 0.0260224
internal_weight=1953.01 1558.77 1370.19 750.892 394.246 619.295 238.378 435.756
internal_count=163284 74945 62820 38628 88339 24192 5247 7480
is_linear=0
shrinkage=0.0750466


Tree=27
num_leaves=9
num_cat=0
split_feature=11 32 50 95 24 29 153 135
split_gain=108.7 96.081 60.1093 49.2468 43.3527 26.1629 24.4371 19.4888
threshold=475.70500000000004 1.5000000000000002 1.0000000180025095e-35 1.0000000180025095e-35 8.5000000000000018 1.0000000180025095e-35 475.06500000000005 -1628.4999999999998
decision_type=2 2 2 2 2 2 10 10
left_child=1 2 3 4 5 -1 -2 -7
right_child=6 -3 -4 -5 -6 7 -8 -9
leaf_value=0.034978106914833593 -0.0054658775908965262 -0.048355324779754634 -0.060285775396241366 0.073028027901621842 -0.044597235432560507 -0.0036958342016287925 -0.041615378573839693 0.021300726633931948
leaf_weight=366.85552614578046 148.85866520297714 146.10525465314277 55.860812711529434 89.155101286014542 64.601077805971727 313.4100307803601 360.07574884057976 399.69207488792017
leaf_count=5600 17962 10576 2189 4797 11811 12853 78565 18931
internal_value=-0.00124127 0.00932279 0.0158576 0.0193052 0.0151205 0.0186927 -0.031042 0.0103147
internal_weight=1944.61 1435.68 1289.57 1233.71 1144.56 1079.96 508.934 713.102
internal_count=163284 66757 56181 53992 49195 37384 96527 31784
is_linear=0
shrinkage=0.0750466


Tree=28
num_leaves=9
num_cat=0
split_feature=33 11 116 26 85 2 26 16
split_gain=138.882 97.816 26.2769 25.9331 21.0883 14.2447 18.0973 14.458
threshold=17595.285000000003 475.70500000000004 2777.4150000000004 1.0000000180025095e-35 11788.650000000001 1.0000000180025095e-35 1.0000000180025095e-35 -4047.3549999999991
decision_type=2 2 10 2 2 2 2 2
left_child=1 2 4 -3 5 -1 -7 -8
right_child=-2 3 -4 -5 -6 6 7 -9
leaf_value=0.0073929959917228456 -0.053485277760659575 0.05882887844739098 -0.015085215663480771 -0.028345992554396515 -0.014501168469966486 0.048101886778745329 -0.0014411093664704298 0.027744805040611973
leaf_weight=232.43656755518168 249.23417743295431 20.160022944677621 128.1178370276466 411.79640342155471 87.974013071507215 199.31091731972992 118.78866389673203 489.53186516230926
leaf_count=1958 31239 825 11071 80906 11322 1822 3429 20712
internal_value=-0.00119191 0.00652871 0.017122 -0.0242774 0.02078 0.0237642 0.0284759 0.0220456
internal_weight=1937.35 1688.12 1256.16 431.956 1128.04 1040.07 807.631 608.321
internal_count=163284 132045 50314 81731 39243 27921 25963 24141
is_linear=0
shrinkage=0.0750466


Tree=29
num_leaves=9
num_cat=0
split_feature=18 99 28 30 113 133 16 18
split_gain=88.3926 89.9851 31.8776 20.5697 20.7207 17.3793 15.1993 11.0262
threshold=13442.075000000003 1.0000000180025095e-35 7437.8550000000005 1.5000000000000002 -1962.9999999999998 8.0000000000000018 -471.88999999999993 252.93500000000003
decision_type=2 2 2 2 10 8 2 2
left_child=1 3 -2 4 -1 6 7 -6
right_child=2 -3 -4 -5 5 -7 -8 -9
leaf_value=-0.0035377630725456255 -0.0042265563112830213 0.098479506813048803 -0.043956035332543344 -0.023198808490231541 0.011091474477148236 0.056242110485699527 0.025982987414431506 -0.017092555366919449
leaf_weight=552.87358559272252 183.01299098134041 59.548719942802563 300.50617965124547 138.26016528299078 258.59406672278419 55.418457004707307 269.89298018207774 112.05292412894778
leaf_count=16013 22898 1887 76273 16060 5468 667 13424 10594
internal_value=-0.00113942 0.0081453 -0.0289183 0.00426719 0.007308 0.0159239 0.0124357 0.00257096
internal_weight=1930.16 1446.64 483.519 1387.09 1248.83 695.958 640.54 370.647
internal_count=163284 64113 99171 62226 46166 30153 29486 16062
is_linear=0
shrinkage=0.0750466


Tree=30
num_leaves=9
num_cat=0
split_feature=133 24 99 12 72 125 74 12
split_gain=77.3484 59.881 43.0627 22.8087 18.5981 16.3074 13.4198 13.116
threshold=1.0000000180025095e-35 4.5000000000000009 1.0000000180025095e-35 7.5000000000000009 1708.4500000000003 -1.0000000180025095e-35 391.17500000000007 6.5000000000000009
decision_type=10 2 2 2 2 8 2 2
left_child=1 2 3 -1 6 -5 -3 -6
right_child=-2 4 -4 5 7 -7 -8 -9
leaf_value=0.0049454623144551402 0.084791128679538821 -0.019760535294848496 0.065265487087522764 -0.045007325776189502 0.044941962575666475 -0.0071898938494661902 -0.055422579117427401 -0.021289783153147966
leaf_weight=1154.1469601963181 57.31360900378786 93.959956887178123 59.280381856486201 88.921461951453239 24.551184248179197 231.16447575995699 161.70662831701338 53.611612568842247
leaf_count=46849 604 20137 2922 14205 2169 19243 48339 8816
internal_value=-0.00108312 -0.00371882 0.00255139 2.95917e-05 -0.0325223 -0.0176958 -0.0423164 -0.00048618
internal_weight=1924.66 1867.34 1533.51 1474.23 333.829 320.086 255.667 78.1628
internal_count=163284 162680 83219 80297 79461 33448 68476 10985
is_linear=0
shrinkage=0.0750466


Tree=31
num_leaves=9
num_cat=0
split_feature=52 12 98 96 138 138 12 12
split_gain=149.368 28.4659 33.3348 30.4843 25.6811 20.2868 14.4463 11.562
threshold=16685.650000000005 7.5000000000000009 1.0000000180025095e-35 1.0000000180025095e-35 6957.295000000001 36105.985000000008 4.5000000000000009 5.5000000000000009
decision_type=2 2 2 2 8 8 2 2
left_child=1 2 3 -1 -5 -3 -6 -2
right_child=7 5 -4 4 6 -7 -8 -9
leaf_value=-0.00073031509811990602 0.0052821667912384147 4.8861820088867927e-05 0.057991498072363278 0.043150839512218701 0.056433827065689141 -0.04134489245210634 0.0037853422510865063 -0.052310664519629353
leaf_weight=654.81295463745482 21.046136189252138 247.53896979405545 87.825772068463266 219.15553920390084 32.904653904028237 91.266464388929307 271.90580821712501 292.10511578130536
leaf_count=13611 2569 18462 3709 6442 469 15021 21115 81886
internal_value=-0.00102811 0.00822005 0.0133884 0.0100653 0.0235568 -0.0111017 0.00946881 -0.04844
internal_weight=1918.56 1605.41 1266.6 1178.78 523.966 338.805 304.81 313.151
internal_count=163284 78829 45346 41637 28026 33483 21584 84455
is_linear=0
shrinkage=0.0750466


Tree=32
num_leaves=9
num_cat=0
split_feature=52 95 12 131 12 27 55 131
split_gain=133.554 47.3484 31.9657 21.7055 12.4401 11.6325 10.6721 7.93323
threshold=16685.650000000005 1.0000000180025095e-35 6.5000000000000009 392.95500000000004 5.5000000000000009 1.0000000180025095e-35 1.5000000000000002 41.055000000000007
decision_type=2 2 2 10 2 2 2 8
left_child=1 3 -3 4 -1 -2 -6 -4
right_child=5 2 7 -5 6 -7 -8 -9
leaf_value=0.019646076780234306 -0.020807437301344808 0.091532872338090251 0.037308826087228096 -0.022675708868539399 0.0051631818155500331 -0.055446759129204971 -0.022098959232965818 -0.01497387111055489
leaf_weight=325.11265312391333 71.934995642630383 59.605810183566064 40.540642115287483 156.3345088318456 917.45661120326258 226.57924174936488 88.688657131511718 27.387753077317029
leaf_count=4190 10508 1766 2871 17833 38753 73947 10479 2937
internal_value=-0.000983619 0.0075397 0.051424 0.00377742 0.00688391 -0.0470995 0.00276011 0.0162292
internal_weight=1913.64 1615.13 127.534 1487.59 1331.26 298.514 1006.15 67.9284
internal_count=163284 78829 7574 71255 53422 84455 49232 5808
is_linear=0
shrinkage=0.0750466


Tree=33
num_leaves=9
num_cat=0
split_feature=52 33 111 56 17 115 109 18
split_gain=119.344 105.08 97.0963 37.9657 37.1623 17.2586 17.2203 9.11701
threshold=16685.650000000005 27559.105000000007 1.0000000180025095e-35 8668.8100000000031 3.5000000000000004 2964.0000000000005 1.0000000180025095e-35 1.0000000180025095e-35
decision_type=2 2 10 2 2 10 2 2
left_child=1 2 3 5 -2 6 -1 -8
right_child=4 -3 -4 -5 -6 -7 7 -9
leaf_value=0.0080837945701955349 -0.051725396116848149 -0.051070128905125335 0.1142797568462743 -0.050261395567871119 0.076875778373734077 -0.011878872459310725 0.0069024781681075549 0.032367979077496813
leaf_weight=751.58002075133845 271.6608061993029 158.73826233111322 51.648511656560004 57.402134533273056 13.273721178993581 150.84978891559877 102.30020134011284 350.32824436575174
leaf_count=17963 81116 11888 332 8684 3339 15904 1965 22093
internal_value=-0.000939109 0.00692593 0.0132138 0.00951823 -0.0457345 0.0120506 0.0150482 0.0266124
internal_weight=1907.78 1622.85 1464.11 1412.46 284.935 1355.06 1204.21 452.628
internal_count=163284 78829 66941 66609 84455 57925 42021 24058
is_linear=0
shrinkage=0.0750466


Tree=34
num_leaves=9
num_cat=0
split_feature=25 12 12 12 135 131 125 135
split_gain=53.3656 25.5401 14.6619 14.6169 14.4975 14.1996 13.6356 11.0157
threshold=14700.440000000001 7.5000000000000009 4.5000000000000009 5.5000000000000009 -1567.4999999999998 392.95500000000004 -1.0000000180025095e-35 -927.99999999999989
decision_type=2 2 2 2 10 8 8 10
left_child=1 2 -1 -2 -4 7 -3 -6
right_child=3 6 4 -5 5 -7 -8 -9
leaf_value=0.029486856512671054 0.032868570723761141 -0.038693916920273991 -0.0018772466828653942 -0.039282499400475741 0.034586391985002927 -0.004300223457442914 -0.0051822661465588836 0.0080204271941649898
leaf_weight=165.49667914351448 17.030915348324925 94.239549748366699 644.39089955645613 221.23764961084817 204.7141956561245 150.26985931780655 249.22475660673808 154.06297333259135
leaf_count=1794 1866 17949 24828 63176 10656 11064 23382 8569
internal_value=-0.000909656 0.00385108 0.00859791 -0.0341253 0.00560074 0.0150669 -0.0143772 0.0231787
internal_weight=1900.67 1662.4 1318.93 238.269 1153.44 509.047 343.464 358.777
internal_count=163284 98242 56911 65042 55117 30289 41331 19225
is_linear=0
shrinkage=0.0750466


Tree=35
num_leaves=9
num_cat=0
split_feature=33 111 11 95 8 131 95 104
split_gain=106.812 85.3013 46.0583 28.243 21.614 20.0336 15.8915 14.7737
threshold=27559.105000000007 1.0000000180025095e-35 665.45500000000015 1.0000000180025095e-35 9683.5850000000009 392.95500000000004 1.5000000000000002 21172.650000000005
decision_type=2 10 2 2 2 10 2 2
left_child=1 2 3 5 -5 7 -4 -1
right_child=-2 -3 6 4 -6 -7 -8 -9
leaf_value=0.0098644709971858254 -0.052608639069964491 0.09758980988129258 -0.02866515743945457 0.076413509482593678 0.0046534839256608378 -0.028017270959814312 0.039283479463391384 -0.029279073303257911
leaf_weight=1084.8976205539657 200.83581381733529 54.555559529690072 285.36889483535197 57.773287833551876 40.010096394340508 94.684647268615663 20.797809194074944 57.165106933913194
leaf_count=37917 28835 391 65394 3618 2000 11618 4314 9197
internal_value=-0.000858887 0.00527188 0.00220218 0.00822479 0.0470514 0.00515497 -0.0240494 0.00790517
internal_weight=1896.09 1695.25 1640.7 1334.53 97.7834 1236.75 306.167 1142.06
internal_count=163284 134449 134058 64350 5618 58732 69708 47114
is_linear=0
shrinkage=0.0750466


Tree=36
num_leaves=9
num_cat=0
split_feature=111 22 99 138 94 8 104 140
split_gain=83.7469 58.8182 39.9513 22.2057 16.6319 12.8223 12.6119 12.5828
threshold=8.0000000000000018 65850.970000000016 1.5000000000000002 21996.515000000003 1.0000000180025095e-35 8212.8900000000012 8269.6500000000015 1.0000000180025095e-35
decision_type=10 2 2 10 2 2 2 10
left_child=1 2 3 4 6 -5 7 -1
right_child=-2 -3 -4 5 -6 -7 -8 -9
leaf_value=0.00010129911040144513 0.13051639933667222 -0.035481063180587136 0.079401524911382443 -0.0021033562366890193 0.035911608097783709 -0.034788568124753838 -0.023830724903724017 0.018336490247335857
leaf_weight=816.25750840257388 26.951453032088466 264.84787789755501 37.356338641955517 133.26051680929959 90.936406775261275 137.1819891592022 93.584526125458069 288.42211066838354
leaf_count=16623 245 64474 1204 21207 4425 22500 15086 17520
internal_value=-0.00082548 -0.00272674 0.00270527 0.000868251 0.00496961 -0.0186829 0.00262142 0.00486235
internal_weight=1888.8 1861.85 1597 1559.64 1289.2 270.443 1198.26 1104.68
internal_count=163284 163039 98565 97361 53654 43707 49229 34143
is_linear=0
shrinkage=0.0750466


Tree=37
num_leaves=9
num_cat=0
split_feature=107 99 8 71 107 10 137 104
split_gain=49.5436 44.4706 21.251 33.0341 20.1914 19.0918 14.8614 13.2602
threshold=85.500000000000014 1.0000000180025095e-35 9683.5850000000009 1.0000000180025095e-35 22.500000000000004 -386.05499999999995 5971.2200000000012 1.0000000180025095e-35
decision_type=2 2 2 2 2 2 10 2
left_child=1 2 3 7 -5 -6 -4 -1
right_child=-2 -3 6 4 5 -7 -8 -9
leaf_value=0.00085453000859245004 -0.025869764581933016 0.063094233167911143 -0.00059863819056757113 0.013857719336437872 0.024215279244721073 0.080957573748893952 -0.025435735910064854 -0.040927879086157526
leaf_weight=270.04838083393406 358.9489617345389 71.046269617509097 587.71638781088404 234.05400827527046 72.500791904982179 61.916594360489398 176.40709333342966 50.830538573674858
leaf_count=12481 99379 1803 16325 2207 4714 1707 17025 7643
internal_value=-0.000785843 0.00512018 0.00228639 0.0118402 0.0271709 0.0503524 -0.00633258 -0.00576424
internal_weight=1883.47 1524.52 1453.47 689.35 368.471 134.417 764.123 320.879
internal_count=163284 63905 62102 28752 8628 6421 33350 20124
is_linear=0
shrinkage=0.0750466


Tree=38
num_leaves=9
num_cat=0
split_feature=52 111 32 21 113 115 109 23
split_gain=90.4988 56.0475 50.3436 31.2261 14.4578 13.6592 11.0728 6.61807
threshold=65522.015000000007 1.0000000180025095e-35 1.5000000000000002 1.0000000180025095e-35 -2054.4999999999995 2964.0000000000005 1.0000000180025095e-35 1.5000000000000002
decision_type=2 10 2 2 8 10 2 2
left_child=1 2 3 -1 -5 6 -6 -8
right_child=-2 -3 -4 4 5 -7 7 -9
leaf_value=0.040672265901276379 -0.051060567252405681 0.075387965917814145 -0.044238536736530047 -0.026729145761225776 0.0012193625927105418 -0.016029050988261483 0.022977564449157929 0.0041309880922219379
leaf_weight=131.73164664790966 181.86515454086475 60.8107656724751 122.60575931158382 89.546558457077481 671.99856121721677 160.58904650690965 297.6768410258228 162.06962923030369
leaf_count=2589 66939 466 9785 5633 20800 22767 21811 12494
internal_value=-0.000748632 0.00464314 0.00201387 0.00576042 0.00243235 0.00445296 0.00735926 0.0163338
internal_weight=1878.89 1697.03 1636.22 1513.61 1381.88 1292.33 1131.75 459.746
internal_count=163284 96345 95879 86094 83505 77872 55105 34305
is_linear=0
shrinkage=0.0750466


Tree=39
num_leaves=9
num_cat=0
split_feature=33 21 18 133 7 109 80 151
split_gain=88.992 43.3453 33.1592 18.5069 18.7915 11.6326 9.32651 14.8624
threshold=27559.105000000007 1.0000000180025095e-35 27674.390000000003 1.0000000180025095e-35 1655.0800000000002 1.0000000180025095e-35 1.5000000000000002 11.500000000000002
decision_type=2 2 2 10 2 2 2 8
left_child=1 -1 3 4 -3 -6 -7 -8
right_child=-2 2 -4 -5 5 6 7 -9
leaf_value=0.043876093405933299 -0.050288588232051859 -0.004963711460169563 -0.024720796892894956 0.052481123860349053 0.0057738230144957761 0.016999799293053564 0.078922235863745735 0.0060987518096114988
leaf_weight=145.24512563610915 183.93116023472976 644.18001104122959 238.74325411592145 45.948446163441986 398.17762751062401 149.56767284742091 40.827469968004152 25.731048825196922
leaf_count=3067 28835 47082 64180 312 8133 5598 4072 2005
internal_value=-0.000717878 0.0046822 0.00099323 0.00569953 0.00399149 0.0133822 0.0273995 0.0507692
internal_weight=1872.35 1688.42 1543.18 1304.43 1258.48 614.304 216.126 66.5585
internal_count=163284 134449 131382 67202 66890 19808 11675 6077
is_linear=0
shrinkage=0.0750466


Tree=40
num_leaves=9
num_cat=0
split_feature=51 72 8 97 7 72 137 16
split_gain=72.1799 55.8145 34.4459 26.1228 27.9124 29.6715 23.2019 14.0136
threshold=1.0000000180025095e-35 1287.6450000000002 9683.5850000000009 1.0000000180025095e-35 1261.8700000000001 1.0000000180025095e-35 5971.2200000000012 -14461.189999999999
decision_type=2 2 2 2 2 2 10 2
left_child=2 -2 3 -1 5 -5 7 -4
right_child=1 -3 6 4 -6 -7 -8 -9
leaf_value=0.0035459828780754748 -0.044970805202464936 0.09635258700449234 0.024179699793726209 0.037929233684267046 0.064270471457164441 -0.016539974879596426 -0.023775668923451104 -0.002787507218397709
leaf_weight=362.35101691028103 256.71432425407693 16.767104109399952 139.49442804418504 156.10796668683179 106.81101998349186 88.118373790057376 251.44746507424861 488.87404974829406
leaf_count=6289 86196 2143 1273 10002 4109 6692 32997 13583
internal_value=-0.000687834 -0.0363063 0.00542625 0.0176808 0.0322711 0.0182764 -0.00451019 0.00319907
internal_weight=1866.69 273.481 1593.2 713.388 351.037 244.226 879.816 628.368
internal_count=163284 88339 74945 27092 20803 16694 47853 14856
is_linear=0
shrinkage=0.0750466


Tree=41
num_leaves=9
num_cat=0
split_feature=33 51 111 17 94 99 141 140
split_gain=78.5654 54.1508 41.0337 31.045 24.0327 13.0644 13.0249 9.12421
threshold=27559.105000000007 1.0000000180025095e-35 1.0000000180025095e-35 3.5000000000000004 1.0000000180025095e-35 1.0000000180025095e-35 38.570000000000007 17914.180000000004
decision_type=2 2 10 2 2 2 8 8
left_child=1 2 4 6 5 -1 -3 -6
right_child=-2 3 -4 -5 7 -7 -8 -9
leaf_value=0.0025490707220468989 -0.04868849416205806 -0.048321666553895873 0.072066939981697525 0.087316946693514613 0.059147720581419802 0.040665343728481698 -0.0057903755698727865 0.016003267572361434
leaf_weight=1246.1014204823878 173.94805062992964 153.73373907711357 56.740468916017562 11.940581867820582 63.186731973662972 52.789540033787489 55.082531695719808 49.025359261082485
leaf_count=55451 28835 58655 327 2942 3066 2182 9071 2755
internal_value=-0.000665829 0.00428114 0.00949293 -0.0303728 0.00697683 0.00409819 -0.0371026 0.0402979
internal_weight=1862.55 1688.6 1467.84 220.757 1411.1 1298.89 208.816 112.212
internal_count=163284 134449 63781 70668 63454 57633 67726 5821
is_linear=0
shrinkage=0.0750466


Tree=42
num_leaves=9
num_cat=0
split_feature=138 94 98 12 58 134 138 134
split_gain=28.7593 19.9359 19.7984 18.2897 9.11808 12.7126 11.4938 9.3256
threshold=12094.745000000001 1.0000000180025095e-35 1.0000000180025095e-35 8.5000000000000018 232.54500000000004 139352.40000000002 5216.3500000000013 214834.95000000004
decision_type=10 2 2 2 2 8 10 8
left_child=1 2 4 -2 -1 6 -6 -7
right_child=3 -3 -4 -5 5 7 -8 -9
leaf_value=-0.0028720907615850176 -0.0092020117056117873 0.037539347517571819 0.0386917035857407 -0.046436027914343828 0.017406809542787654 0.064907131000225549 -0.036396033050099141 0.016760749414111049
leaf_weight=970.14759670675267 426.08438798389398 99.136176567175426 79.946334636770189 89.992603194667026 53.520311181200668 34.879733373061754 38.41133788053412 64.659517661086284
leaf_count=35715 75969 4275 3335 28533 2856 2885 4438 5278
internal_value=-0.000640914 0.0051538 0.00256788 -0.0156948 8.1723e-05 0.0150482 -0.00507336 0.0336318
internal_weight=1856.78 1340.7 1241.56 516.077 1161.62 191.471 91.9316 99.5393
internal_count=163284 58782 54507 104502 51172 15457 7294 8163
is_linear=0
shrinkage=0.0750466


Tree=43
num_leaves=9
num_cat=0
split_feature=33 52 95 22 153 12 153 96
split_gain=69.8588 58.0448 29.3778 24.5704 14.6352 10.9981 11.6884 12.338
threshold=27559.105000000007 65522.015000000007 1.5000000000000002 26219.395 1026.3750000000002 4.5000000000000009 3489.6750000000006 1.0000000180025095e-35
decision_type=2 2 2 2 8 2 10 2
left_child=1 2 3 5 -4 -1 7 -7
right_child=-2 -3 4 -5 -6 6 -8 -9
leaf_value=0.0289403714434355 -0.04715188627049912 -0.044768579459712764 0.077054150956008788 -0.016906918477824839 0.019529197943460544 0.0022015111586274438 -0.013805202418517888 0.019451806686856393
leaf_weight=144.713913931977 165.4028693344444 127.3341815022286 48.20756663987413 236.54602983279619 51.537618134520017 526.61568500869907 134.3367081930628 419.55744085123297
leaf_count=957 28835 53134 1526 36416 3690 10449 12060 16217
internal_value=-0.000606056 0.00395256 0.00792554 0.00523664 0.0473314 0.00951176 0.00690966 0.00985073
internal_weight=1854.25 1688.85 1561.51 1461.77 99.7452 1225.22 1080.51 946.173
internal_count=163284 134449 81315 76099 5216 39683 38726 26666
is_linear=0
shrinkage=0.0750466


Tree=44
num_leaves=9
num_cat=0
split_feature=133 50 52 8 151 113 129 71
split_gain=68.5385 60.2783 60.119 14.1182 27.855 15.3585 13.9488 13.0476
threshold=8.0000000000000018 1.0000000180025095e-35 65522.015000000007 9683.5850000000009 1.5000000000000002 -1171.4999999999998 9.5000000000000018 1.0000000180025095e-35
decision_type=10 2 2 2 10 10 8 2
left_child=1 2 3 4 5 -1 -6 -8
right_child=-2 -3 -4 -5 6 -7 7 -9
leaf_value=-0.0047420436002441457 0.11101038530628383 -0.063011244338477393 -0.045978384902173305 -0.0020398271056392197 0.0072121727328266902 0.023611254438870018 0.022009921846425438 0.066317619519967452
leaf_weight=396.92099667992443 30.485139614669606 88.092934501706623 142.99491899716668 817.64163503074087 72.430689882021397 147.61223831807729 65.826286206254736 86.774584223050624
leaf_count=10996 244 11027 63935 49103 10554 4011 7753 5661
internal_value=-0.000584283 -0.00245526 0.000627943 0.00482681 0.0121224 0.00294398 0.0343325 0.0472049
internal_weight=1848.78 1818.29 1730.2 1587.21 769.565 544.533 225.032 152.601
internal_count=163284 163040 152013 88078 38975 15007 23968 13414
is_linear=0
shrinkage=0.0750466


Tree=45
num_leaves=9
num_cat=0
split_feature=50 52 99 56 113 131 97 22
split_gain=55.9555 55.5924 28.4511 16.1899 14.3213 16.4163 16.0712 15.3239
threshold=1.0000000180025095e-35 65522.015000000007 1.5000000000000002 8668.8100000000031 -2054.4999999999995 568.90500000000009 36.500000000000007 6061.1650000000009
decision_type=2 2 2 2 8 8 2 2
left_child=1 2 3 4 -1 6 -6 -8
right_child=-2 -3 -4 -5 5 -7 7 -9
leaf_value=-0.023406580059610511 -0.060188724700814267 -0.043600652201466701 0.064168422470722991 -0.037512910563189998 0.0095272667249498063 -0.0021082033871651818 0.059320675770317674 0.011168152655439908
leaf_weight=88.7769242831273 84.585084890015423 137.05293309723493 46.279989915899932 50.089337677811272 710.07073567120824 579.69879181333818 78.917529500206001 70.448691124329343
leaf_count=5501 11035 63972 1289 9089 30032 26286 4772 11308
internal_value=-0.00056491 0.00229842 0.00617127 0.00447032 0.00584665 0.00765121 0.014234 0.0366095
internal_weight=1845.92 1761.33 1624.28 1578 1527.91 1439.14 859.437 149.366
internal_count=163284 152249 88277 86988 77899 72398 46112 16080
is_linear=0
shrinkage=0.0750466


Tree=46
num_leaves=9
num_cat=0
split_feature=50 51 72 22 149 27 28 151
split_gain=50.5569 44.8111 45.9514 12.4833 13.1535 12.0674 9.16176 15.2781
threshold=1.0000000180025095e-35 1.0000000180025095e-35 1287.6450000000002 239470.10500000001 489.50000000000006 1.5000000000000002 2982.1750000000006 1.5000000000000002
decision_type=2 2 2 2 10 2 2 10
left_child=1 3 5 4 -1 -3 -6 -8
right_child=-2 2 -4 -5 6 -7 7 -9
leaf_value=-0.0015691483299012157 -0.058795634194584084 -0.013888772546405297 0.092634024359855655 -0.029392512849925258 0.020292792772554639 -0.051660676238029349 -0.016732556394391532 0.013926009550636302
leaf_weight=526.18946451030206 80.258522161166184 73.115785776404664 16.213252430316061 52.148656696546823 495.34478576271795 136.69691486982629 125.61684435373172 337.48901758110151
leaf_count=9678 11035 14196 1931 8032 8843 68248 5721 35600
internal_value=-0.000544108 0.002108 -0.0290915 0.00669673 0.00796438 -0.0384979 0.0131983 0.00560991
internal_weight=1843.07 1762.81 226.026 1536.79 1484.64 209.813 958.451 463.106
internal_count=163284 152249 84375 67874 59842 82444 50164 41321
is_linear=0
shrinkage=0.0750466


Tree=47
num_leaves=9
num_cat=0
split_feature=33 51 107 94 74 12 97 31
split_gain=60.4166 28.7887 18.953 15.9649 14.8615 11.9432 11.011 9.90452
threshold=27559.105000000007 1.0000000180025095e-35 59.500000000000007 1.0000000180025095e-35 582.92500000000007 5.5000000000000009 32.500000000000007 3706.1800000000007
decision_type=2 2 2 2 2 2 2 2
left_child=1 3 4 7 -3 -4 -5 -1
right_child=-2 2 5 6 -6 -7 -8 -9
leaf_value=0.006649329520109222 -0.045265821847417058 -0.011927618563192308 0.06121450432479128 0.015037858145500342 0.069133109634032866 -0.047188290455567321 0.059383079883046336 -0.016264055930374343
leaf_weight=1242.5175166703993 155.61171277228277 54.514741970575415 6.0237454703310496 83.22267392417416 16.622057894361205 115.04322229372337 50.774702099617571 116.18152590293903
leaf_count=42938 28835 8140 1247 2533 1894 59387 3355 14955
internal_value=-0.000524836 0.00360729 -0.0237303 0.00712735 0.0070133 -0.0417947 0.0318413 0.00469002
internal_weight=1840.51 1684.9 192.204 1492.7 71.1368 121.067 133.997 1358.7
internal_count=163284 134449 70668 63781 10034 60634 5888 57893
is_linear=0
shrinkage=0.0750466


Tree=48
num_leaves=9
num_cat=0
split_feature=33 133 153 57 51 149 120 96
split_gain=53.9661 51.0486 26.2106 16.2366 15.4351 12.6981 8.53692 8.02182
threshold=17595.285000000003 8.0000000000000018 651.0150000000001 1.0000000180025095e-35 1.0000000180025095e-35 636.50000000000011 253368.00000000003 1.0000000180025095e-35
decision_type=2 10 10 2 2 8 10 2
left_child=1 2 3 5 -4 -1 -5 -7
right_child=-2 -3 4 6 -6 7 -8 -9
leaf_value=-0.013123622188899021 -0.041348916302202249 0.10253010364136103 -0.0058418242959518366 0.037513539927629194 -0.03894969684035663 0.0022983436147451957 0.0042912149059992606 0.018641127735445472
leaf_weight=191.06460566725582 165.74948386254255 28.837411448359489 437.63252157345414 143.24968399945647 96.859094191691838 434.03505041019525 62.596897552721202 277.17669963161461
leaf_count=8364 31239 179 42245 8664 49993 6873 5209 10518
internal_value=-0.000504384 0.00354596 0.00180822 0.00839204 -0.0118415 0.00405307 0.0274108 0.00866753
internal_weight=1837.2 1671.45 1642.61 1108.12 534.492 902.276 205.847 711.212
internal_count=163284 132045 131866 39628 92238 25755 13873 17391
is_linear=0
shrinkage=0.0750466


Tree=49
num_leaves=9
num_cat=0
split_feature=133 56 21 22 16 5 113 5
split_gain=45.1827 27.6216 22.2319 11.8705 10.4132 25.1268 20.738 7.8927
threshold=8.0000000000000018 4810.0000000000009 1.0000000180025095e-35 65850.970000000016 -471.88999999999993 39.500000000000007 -2054.4999999999995 43.500000000000007
decision_type=10 2 2 2 2 2 10 2
left_child=1 2 7 4 -4 6 -6 -1
right_child=-2 -3 3 -5 5 -7 -8 -9
leaf_value=0.044251469123013365 0.087993230874489251 -0.036871050494825759 -0.0057042426333205722 -0.021589688327905004 -0.012544479131180071 -0.0023347318091488647 0.049244068525420008 0.011789837707405519
leaf_weight=75.250784950214438 31.940695573808625 119.78256421809783 789.53463240363635 163.24386409658473 41.481826417031698 398.99520606908482 116.53695382922888 95.998343667830341
leaf_count=2468 244 32553 37324 45461 2881 29208 10521 2624
internal_value=-0.000483108 -0.00205239 0.000428615 -0.00247798 -0.000161047 0.00769611 0.0330238 0.0260542
internal_weight=1832.76 1800.82 1681.04 1509.79 1346.55 557.014 158.019 171.249
internal_count=163284 163040 130487 125395 79934 42610 13402 5092
is_linear=0
shrinkage=0.0750466


Tree=50
num_leaves=9
num_cat=0
split_feature=51 32 153 82 8 113 22 8
split_gain=28.2088 24.164 16.5733 18.1584 30.4541 14.5764 12.2437 10.9384
threshold=1.0000000180025095e-35 1.5000000000000002 5389.9350000000004 1.0000000180025095e-35 14788.655000000001 -75.499999999999986 -22789.309999999994 18628.875000000004
decision_type=2 2 10 2 2 8 2 2
left_child=1 2 3 6 -5 -2 -1 -7
right_child=5 -3 -4 4 -6 7 -8 -9
leaf_value=0.029993214640574126 -0.034580579589319496 -0.033708649184624663 -0.018670030783920516 0.049964299426643009 -0.00348080088764878 -0.0097570976110381551 0.0014672171211671864 0.080691093350381507
leaf_weight=92.297363372286782 180.3924586197827 95.308389572543092 147.34028261282947 136.17963088175748 107.40721832669806 24.400188727129716 1035.0426963104401 10.891730581060981
leaf_count=801 80651 7442 17809 8892 13481 5012 26520 2676
internal_value=-0.000461206 0.00294602 0.00524699 0.00781747 0.0263982 -0.0259513 0.00380269 0.0181569
internal_weight=1829.26 1613.58 1518.27 1370.93 243.587 215.684 1127.34 35.2919
internal_count=163284 74945 67503 49694 22373 88339 27321 7688
is_linear=0
shrinkage=0.0750466


Tree=51
num_leaves=9
num_cat=0
split_feature=33 50 95 22 113 82 31 95
split_gain=46.2096 51.4868 25.0687 21.7988 12.2932 10.1033 12.2573 10.1681
threshold=27559.105000000007 1.0000000180025095e-35 5.5000000000000009 26219.395 -2054.4999999999995 1.0000000180025095e-35 539.49500000000012 1.0000000180025095e-35
decision_type=2 2 2 2 8 2 2 2
left_child=1 2 3 4 -1 6 -6 -7
right_child=-2 -3 -4 -5 5 7 -8 -9
leaf_value=-0.020672579560197531 -0.041751709186787549 -0.058215041486840334 0.07169467002583256 -0.014891867170988386 0.010072606816719785 0.019720299756619715 -0.017246970751592042 0.072822503963911794
leaf_weight=76.606170815299265 140.75858707685256 73.969979177054483 31.888525584596209 270.86478170508053 935.37811028887518 171.19803695543669 102.64218239008915 23.041654966189526
leaf_count=4852 28835 10385 2198 67134 20029 20355 7441 2055
internal_value=-0.000442803 0.00300678 0.00581674 0.00448692 0.00849729 0.0103107 0.00737117 0.0260195
internal_weight=1826.35 1685.59 1611.62 1579.73 1308.87 1232.26 1038.02 194.24
internal_count=163284 134449 124064 121866 54732 49880 27470 22410
is_linear=0
shrinkage=0.0750466


Tree=52
num_leaves=9
num_cat=0
split_feature=133 56 22 80 120 116 98 96
split_gain=36.7589 23.4627 11.7644 9.42984 11.0991 8.94695 14.2806 9.9379
threshold=8.0000000000000018 4810.0000000000009 65850.970000000016 5.5000000000000009 211140.00000000003 1077.6100000000004 1.0000000180025095e-35 1.0000000180025095e-35
decision_type=10 2 2 2 10 10 2 2
left_child=1 2 3 5 -5 6 7 -1
right_child=-2 -3 -4 4 -6 -7 -8 -9
leaf_value=-0.0043136100087769521 0.07875213514750104 -0.034825010285943238 -0.018921722630422376 0.0094766102995488891 0.089798850477749159 -0.014413520719699447 0.034026649559538637 0.0094147878377626795
leaf_weight=696.92023885628441 32.432701040292159 113.88848531595431 160.85070946195628 28.18815791682573 14.763644634746013 176.99712336796802 81.290770072489977 517.48352843913017
leaf_count=20491 244 32553 46169 4542 2992 23384 3048 29861
internal_value=-0.000429036 -0.0018634 0.000375767 0.00242375 0.0370854 0.00141283 0.00357477 0.00153636
internal_weight=1822.82 1790.38 1676.49 1515.64 42.9518 1472.69 1295.69 1214.4
internal_count=163284 163040 130487 84318 7534 76784 53400 50352
is_linear=0
shrinkage=0.0750466


Tree=53
num_leaves=9
num_cat=0
split_feature=51 17 4 113 99 32 10 81
split_gain=23.0343 37.3193 25.571 12.2532 12.7944 13.8365 9.1461 8.38094
threshold=1.0000000180025095e-35 3.5000000000000004 1.5000000000000002 -2054.4999999999995 1.0000000180025095e-35 2.5000000000000004 -1.0000000180025095e-35 133292.36000000002
decision_type=2 2 2 8 2 2 2 2
left_child=2 6 3 -1 5 7 -2 -5
right_child=1 -3 -4 4 -6 -7 -8 -9
leaf_value=-0.023286773893578791 -0.045559762392053289 0.10050164229117561 -0.042369114685848488 0.0072470003143483555 0.036163100396645068 -0.035453290407994609 -0.012418533416755433 -0.021622582859924858
leaf_weight=83.885484647005796 115.55585479427828 12.73443395050708 68.146006739232689 1277.8051780466922 76.117318918928504 47.01761292910669 78.934432587353513 59.259962440817617
leaf_count=4199 62263 3580 1484 50959 2952 3770 22496 11581
internal_value=-0.000407382 -0.0239601 0.00261991 0.00460544 0.00620779 0.0045604 -0.0321093 0.00596747
internal_weight=1819.46 207.225 1612.23 1544.09 1460.2 1384.08 194.49 1337.07
internal_count=163284 88339 74945 73461 69262 66310 84759 62540
is_linear=0
shrinkage=0.0750466


Tree=54
num_leaves=9
num_cat=0
split_feature=33 111 39 55 4 94 82 118
split_gain=39.2671 20.6208 18.677 14.4652 11.8746 11.4846 15.1475 11.7601
threshold=27559.105000000007 8.0000000000000018 82168.650000000009 1.5000000000000002 1.5000000000000002 1.0000000180025095e-35 1.0000000180025095e-35 329.42500000000007
decision_type=2 10 2 2 2 2 2 10
left_child=1 2 3 4 5 7 -7 -1
right_child=-2 -3 -4 -5 -6 6 -8 -9
leaf_value=0.0068000418615065776 -0.039646255114309754 0.066127549948598804 -0.036072063658904321 -0.021134149166954361 -0.030881153327753794 0.011134815668384588 0.068124350483644694 -0.018529831033275181
leaf_weight=1172.6895061816904 133.00994437979534 28.38946533005219 70.863666240009479 125.5645687347278 49.067761830519885 86.305374550924171 37.75900274264859 113.194482732506
leaf_count=61645 28835 178 15628 29029 704 3087 4847 19331
internal_value=-0.000391351 0.00270949 0.00162192 0.00330762 0.00541111 0.00667412 0.0284796 0.00457029
internal_weight=1816.84 1683.83 1655.44 1584.58 1459.02 1409.95 124.064 1285.88
internal_count=163284 134449 134271 118643 89614 88910 7934 80976
is_linear=0
shrinkage=0.0750466


Tree=55
num_leaves=9
num_cat=0
split_feature=52 5 18 17 115 9 112 116
split_gain=27.1147 16.7517 13.6405 10.3477 8.85168 8.05507 8.46135 7.63377
threshold=65522.015000000007 39.500000000000007 1.0000000180025095e-35 2.5000000000000004 1158.7700000000002 1579.095 164689.20000000004 2777.4150000000004
decision_type=2 2 2 2 10 2 8 8
left_child=1 2 -1 -2 -3 7 -7 -4
right_child=3 4 5 -5 -6 6 -8 -9
leaf_value=-0.00082646143871661372 -0.042728741502340829 -0.00033220010950410679 0.023395006406208663 0.041488035545706341 -0.019378107385888774 0.018290573238027071 0.054640313046256883 -0.013561472946100163
leaf_weight=215.95146701904014 103.61745882872492 1037.1946634838823 98.650193304754794 8.9246664905222115 158.42213359015295 71.393636193417478 72.88594313361682 46.23104235692881
leaf_count=3275 63570 47382 9452 3369 22665 3681 4471 5419
internal_value=-0.000375469 0.00198524 0.0134442 -0.0360503 -0.00285583 0.0241018 0.0366534 0.0116023
internal_weight=1813.27 1700.73 505.112 112.542 1195.62 289.161 144.28 144.881
internal_count=163284 96345 26298 66939 70047 23023 8152 14871
is_linear=0
shrinkage=0.0750466


Tree=56
num_leaves=9
num_cat=0
split_feature=111 32 22 10 8 80 9 0
split_gain=19.6548 16.9204 17.2403 9.94433 12.1691 11.9629 20.5586 10.198
threshold=1.0000000180025095e-35 1.5000000000000002 239470.10500000001 -3005.3049999999998 -8804.7999999999975 4.5000000000000009 389.19000000000005 47919824.000000007
decision_type=10 2 2 2 2 2 2 2
left_child=1 2 3 -1 7 -6 -7 -5
right_child=-2 -3 -4 4 5 6 -8 -9
leaf_value=-0.02253993766661281 0.040382059704189753 -0.031670187418390505 -0.034550519747229266 0.068718203023848484 0.00035205559193616094 0.10399898348100151 0.0091054368706565986 -0.0017826286788519463
leaf_weight=90.003925667318981 64.326450775144622 101.0210524838767 77.632813987380359 28.676486742391717 1361.2837088488159 16.994673624867573 52.828193276654929 19.354587721987627
leaf_count=18319 565 18333 26115 3448 80762 3238 10387 2117
internal_value=-0.000358068 -0.00185748 -2.8627e-05 0.00167933 0.00315305 0.00190601 0.0322022 0.0403092
internal_weight=1812.12 1747.8 1646.77 1569.14 1479.14 1431.11 69.8229 48.0311
internal_count=163284 162719 144386 118271 99952 94387 13625 5565
is_linear=0
shrinkage=0.0750466


Tree=57
num_leaves=9
num_cat=0
split_feature=133 99 39 138 96 22 20 22
split_gain=25.3682 17.0082 14.6516 12.0895 14.4672 8.98702 8.10805 7.93679
threshold=8.0000000000000018 1.5000000000000002 82168.650000000009 21996.515000000003 1.0000000180025095e-35 1417.5900000000004 55.415000000000006 -5649.0549999999994
decision_type=10 2 2 10 2 2 2 2
left_child=1 2 3 4 6 7 -1 -6
right_child=-2 -3 -4 -5 5 -7 -8 -9
leaf_value=-0.0023138930457059803 0.064880285409602168 0.043563743797684865 -0.036755685028338196 -0.015277451737684852 -0.0020488038010143678 -0.00065449289197559756 -0.02477770056355999 0.023732883872113919
leaf_weight=636.53915620764019 32.973001305246726 45.843497694237158 68.527770342770964 289.69281683035661 88.580131796188653 262.43605903652497 105.48881853668718 279.25444189651171
leaf_count=20498 244 1945 16583 70365 3342 34792 6287 9228
internal_value=-0.000342959 -0.00155364 -0.00274885 -0.00134667 0.00159412 0.00995488 -0.00550741 0.0175243
internal_weight=1809.34 1776.36 1730.52 1661.99 1372.3 630.271 742.028 367.835
internal_count=163284 163040 161095 144512 74147 47362 26785 12570
is_linear=0
shrinkage=0.0750466


Tree=58
num_leaves=9
num_cat=0
split_feature=56 111 39 5 97 5 137 74
split_gain=17.1191 11.8568 11.8199 9.96427 9.34161 13.1466 9.86419 8.89929
threshold=8668.8100000000031 1.0000000180025095e-35 82168.650000000009 39.500000000000007 36.500000000000007 34.500000000000007 10375.225000000002 1790.595
decision_type=2 10 2 2 2 2 10 2
left_child=1 2 3 4 6 7 -1 -6
right_child=-2 -3 -4 -5 5 -7 -8 -9
leaf_value=0.010412429456224585 -0.039380399257230719 0.032720083509114574 -0.032401510123422926 -0.002899347699067118 0.039450246191318358 -2.9825742836728364e-05 -0.020297459545933066 0.11355178284018792
leaf_weight=349.29578507028054 61.074504372547381 64.095989692956209 61.71475376264425 1114.6680450671702 33.790384841442574 38.154143445310183 70.856529732991476 12.50591973174596
leaf_count=13089 20045 537 14026 84162 7374 7364 15103 1584
internal_value=-0.000325882 0.00104095 -0.000166974 0.00106157 0.00981124 0.0325868 0.00523336 0.0594671
internal_weight=1806.16 1745.08 1680.99 1619.27 504.603 84.4504 420.152 46.2963
internal_count=163284 143239 142702 128676 44514 16322 28192 8958
is_linear=0
shrinkage=0.0750466


Tree=59
num_leaves=9
num_cat=0
split_feature=133 32 39 127 95 115 25 0
split_gain=20.0933 15.4292 12.3133 10.7687 9.99807 9.89479 10.1165 9.48196
threshold=8.0000000000000018 1.5000000000000002 82168.650000000009 145.50000000000003 5.5000000000000009 3644.1150000000002 35114.595000000008 32756022.000000004
decision_type=10 2 2 8 2 10 2 2
left_child=1 2 3 -1 5 6 -5 -3
right_child=-2 7 -4 4 -6 -7 -8 -9
leaf_value=-0.032921268545985628 0.057444638531734128 0.0051855701760351982 -0.031831532075480631 0.005070346492107634 0.04626710038646098 -0.015692773421716523 -0.033066094124146815 -0.045353460451220309
leaf_weight=49.32220822625095 33.299265353009105 29.918771725846455 64.52973519108491 1325.8323443393456 29.10656447103247 161.62510587839643 40.367843257437926 69.417946454777848
leaf_count=4553 244 6995 16189 72048 2286 33642 15897 11430
internal_value=-0.000310638 -0.00139712 0.000311305 0.00160261 0.0026963 0.00186623 0.00394351 -0.0301318
internal_weight=1803.42 1770.12 1670.78 1606.25 1556.93 1527.83 1366.2 99.3367
internal_count=163284 163040 144615 128426 123873 121587 87945 18425
is_linear=0
shrinkage=0.0750466


Tree=60
num_leaves=9
num_cat=0
split_feature=133 153 25 95 143 113 95 46
split_gain=17.0813 18.6705 10.1007 11.4554 9.48869 8.26153 8.05667 7.20004
threshold=8.0000000000000018 651.0150000000001 16350.765000000001 2.5000000000000004 1.0000000180025095e-35 -1263.4999999999998 1.0000000180025095e-35 1.0000000180025095e-35
decision_type=10 10 2 2 8 8 2 2
left_child=1 4 7 -4 6 -6 -1 -3
right_child=-2 2 3 -5 5 -7 -8 -9
leaf_value=0.0098153090890780691 0.05277977040431249 -0.0056372725302283357 -0.044015778311866163 0.064356354601177196 -0.013208479685950273 0.0038648145766799762 0.044355071747838884 -0.039669963745109359
leaf_weight=342.52288923895685 33.513619315577671 433.21738956036279 79.116428121866193 5.9032189818681209 216.38410256028874 608.47093701700214 42.785548672778532 38.089180454611778
leaf_count=24101 244 60566 43923 2387 7788 13988 2509 7778
internal_value=-0.000296408 -0.00130336 -0.0126825 -0.0364911 0.00392777 -0.00061402 0.0136507 -0.00838766
internal_weight=1800 1766.49 556.326 85.0196 1210.16 824.855 385.308 471.307
internal_count=163284 163040 114654 46310 48386 21776 26610 68344
is_linear=0
shrinkage=0.0750466


Tree=61
num_leaves=9
num_cat=0
split_feature=33 133 153 17 17 64 96 153
split_gain=30.9759 14.3411 12.5037 10.7884 10.5384 9.28043 12.2904 8.13478
threshold=27559.105000000007 8.0000000000000018 3853.3050000000007 3.5000000000000004 2.5000000000000004 13076.395000000002 1.0000000180025095e-35 475.06500000000005
decision_type=2 10 10 2 2 2 2 8
left_child=1 2 3 5 -2 6 -1 -8
right_child=4 -3 -4 -5 -6 -7 7 -9
leaf_value=-0.0027118832737460883 -0.043106731136910659 0.053418753175014863 -0.0161380705746332 0.03808765467539741 0.037999712709125312 -0.023612183806303227 0.020143607303357226 0.0029256937354697125
leaf_weight=703.09876581531717 113.14929905813187 30.45060029765591 200.12027635338018 50.117765908245929 9.8043012603884545 71.882593572780024 318.5578174625989 300.15715878468473
leaf_count=24308 26800 180 41441 4342 2035 16072 15361 32745
internal_value=-0.00028261 0.00238714 0.00144188 0.00387856 -0.0366393 0.00264839 0.00407648 0.0117907
internal_weight=1797.34 1674.38 1643.93 1443.81 122.954 1393.7 1321.81 618.715
internal_count=163284 134449 134269 92828 28835 88486 72414 48106
is_linear=0
shrinkage=0.0750466


Tree=62
num_leaves=9
num_cat=0
split_feature=4 21 153 58 127 127 127 85
split_gain=16.8253 15.2866 11.5472 10.3485 15.8687 11.9519 14.7041 7.26588
threshold=1.5000000000000002 1.0000000180025095e-35 651.0150000000001 232.54500000000004 991.50000000000011 610.50000000000011 1221.5000000000002 35229.000000000007
decision_type=2 2 10 2 8 8 8 2
left_child=1 -1 3 5 -5 -3 -7 -4
right_child=-2 2 7 4 -6 6 -8 -9
leaf_value=0.022003235768039104 -0.037215911039244522 -0.015729401786035796 -0.0075937085631414556 0.061609234946440487 0.008244144663275537 0.033760938003173327 0.00032299252020179692 -0.039037943153794684
leaf_weight=177.74443079158664 66.841609486669768 210.71196444198722 476.56612764246529 39.147112920763902 158.22361385350814 85.985185993893538 534.3387473373441 45.323495004849974
leaf_count=5588 2213 9914 87602 2825 11820 3182 15337 24803
internal_value=-0.000271585 0.00115744 -0.00123257 0.00338134 0.0188287 -0.000287407 0.00495794 -0.0103245
internal_weight=1794.88 1728.04 1550.3 1028.41 197.371 831.036 620.324 521.89
internal_count=163284 161071 155483 43078 14645 28433 18519 112405
is_linear=0
shrinkage=0.0750466


Tree=63
num_leaves=9
num_cat=0
split_feature=50 71 17 72 31 72 107 140
split_gain=40.7345 19.4614 14.926 11.3129 10.6226 12.0553 9.92673 12.3628
threshold=1.0000000180025095e-35 1.5000000000000002 3.5000000000000004 1708.4500000000003 3706.1800000000007 387.90500000000003 30.500000000000004 1998.6300000000003
decision_type=2 2 2 2 2 2 2 10
left_child=1 2 3 4 5 -1 -4 -8
right_child=-2 -3 6 -5 -6 -7 7 -9
leaf_value=0.0002443626638111943 -0.056462549075760163 0.062056673068075725 0.0034481816396828742 0.0051610166845469842 -0.03338214162528115 -0.028236961593976696 0.11997741777227373 0.023983377375122635
leaf_weight=537.53384612430818 69.804728409682866 29.877191861101892 23.87964473827742 923.70274868875276 78.906959973683115 99.134564242733177 13.979462005198004 16.444124429253861
leaf_count=75718 11035 1572 470 35646 28742 4664 1525 3912
internal_value=-0.000261016 0.0020153 0.000956082 -0.000326207 -0.00740941 -0.00419042 0.0396652 0.0680921
internal_weight=1793.26 1723.46 1693.58 1639.28 715.575 636.668 54.3032 30.4236
internal_count=163284 152249 150677 144770 109124 80382 5907 5437
is_linear=0
shrinkage=0.0750466


Tree=64
num_leaves=9
num_cat=0
split_feature=33 71 56 7 149 149 85 103
split_gain=27.3591 15.5312 13.4183 9.38719 13.0062 9.41934 7.90259 10.611
threshold=27559.105000000007 1.5000000000000002 8668.8100000000031 1655.0800000000002 636.50000000000011 1189.5000000000002 2404.6500000000005 2.5000000000000004
decision_type=2 2 2 2 8 8 2 2
left_child=1 2 3 -1 -5 -6 -7 -8
right_child=-2 -3 -4 4 5 6 7 -9
leaf_value=-0.003398372279107349 -0.035098742897185412 0.054639139909233449 -0.036648452926866491 -0.017340824260565581 0.040008565076160074 0.006290298299557049 0.059547882348281067 -0.0025458737755091969
leaf_weight=786.64215084398165 118.52005289727822 31.231088462402113 51.071658199420199 99.010562652081717 60.538590918877162 581.00345530215418 37.767462609917857 26.288148966559675
leaf_count=72006 28835 1569 16638 3759 2437 23003 7727 7310
internal_value=-0.000254787 0.00221284 0.00121588 0.00243115 0.0081305 0.0117047 0.00904837 0.0340649
internal_weight=1792.07 1673.55 1642.32 1591.25 804.608 705.598 645.059 64.0556
internal_count=163284 134449 132880 116242 44236 40477 38040 15037
is_linear=0
shrinkage=0.0750466


Tree=65
num_leaves=9
num_cat=0
split_feature=33 56 80 20 9 18 20 134
split_gain=24.2122 13.8629 10.8563 12.5907 11.3653 10.0475 23.7335 8.99803
threshold=27559.105000000007 8668.8100000000031 2.5000000000000004 104.79500000000002 116.42500000000003 11352.675000000001 1.0000000180025095e-35 692430.67000000016
decision_type=2 2 2 2 2 2 2 10
left_child=1 2 3 -1 -4 6 -6 -5
right_child=-2 -3 4 7 5 -7 -8 -9
leaf_value=0.0040767490631208195 -0.033617232086471362 -0.036527261040359083 0.063753262572166819 -0.020040159456978748 -0.0054544752610372798 -0.007132069853898206 0.071188049248066959 0.027604069788493651
leaf_weight=1190.6607694334816 114.61070405360078 50.905301169492304 28.231178323680069 209.24847076949663 50.198684899078216 79.682498015172314 41.623670485976618 24.99117254675366
leaf_count=49461 28835 16981 3101 24631 4284 26896 4429 4666
internal_value=-0.00024634 0.0020363 0.00324463 0.000947793 0.0196301 0.012367 0.0292881 -0.014957
internal_weight=1790.15 1675.54 1624.64 1424.9 199.736 171.505 91.8224 234.24
internal_count=163284 134449 117468 78758 38710 35609 8713 29297
is_linear=0
shrinkage=0.0750466


Tree=66
num_leaves=9
num_cat=0
split_feature=108 82 52 4 4 39 113 64
split_gain=26.1709 25.7568 17.1839 15.4398 11.6619 9.36929 8.36752 8.17213
threshold=1.0000000180025095e-35 1.0000000180025095e-35 65522.015000000007 1.5000000000000002 1.0000000180025095e-35 25863.355000000003 -2054.4999999999995 13076.395000000002
decision_type=2 2 2 2 2 2 8 2
left_child=2 -2 3 5 -4 6 -1 -8
right_child=1 -3 4 -5 -6 -7 7 -9
leaf_value=-0.019989340395055084 0.0043128379555864285 0.1518318541835369 -0.038161147983560011 -0.036145850748868794 0.074544014588410035 -0.027065499073046281 0.0056839670745926427 -0.019131608545551237
leaf_weight=84.236052381806076 14.232684699934909 12.538084363215601 92.675886428565718 62.521576877159532 5.4761527553782789 60.641930416459218 1377.5885836263187 79.02659548871452
leaf_count=5530 1455 3547 62799 1732 1880 8809 62740 14792
internal_value=-0.000240422 0.0734033 -0.00135922 0.000440645 -0.031873 0.00186897 0.00300771 0.00433763
internal_weight=1788.94 26.7708 1762.17 1664.01 98.152 1601.49 1540.85 1456.62
internal_count=163284 5002 158282 93603 64679 91871 83062 77532
is_linear=0
shrinkage=0.0750466


Tree=67
num_leaves=9
num_cat=0
split_feature=33 52 8 151 135 8 147 8
split_gain=21.1608 13.0866 9.73501 27.8493 8.30284 7.08232 6.88731 6.76711
threshold=17595.285000000003 65522.015000000007 9683.5850000000009 1.5000000000000002 -1840.4999999999998 4104.1750000000011 -21440.649999999998 33046.075000000004
decision_type=2 2 2 10 10 2 8 2
left_child=1 2 3 5 -4 -1 -2 -8
right_child=6 -3 4 -5 -6 -7 7 -9
leaf_value=-0.0070509026463205851 -0.067065928091129753 -0.027383628210168237 0.00812759110846192 0.031022114770071812 -0.0079616660560395836 0.01020100737331394 -0.034564904335519467 0.0069384861377520882
leaf_weight=319.0618211964611 22.950920271367067 81.122975635866169 277.75445577007486 235.79748364794068 516.65118163527222 231.08047486003488 70.864536561770365 32.170051739958581
leaf_count=8942 14259 52064 6288 22178 38290 4283 12654 4326
internal_value=-0.000235135 0.00201337 0.00352239 0.00944413 -0.00233625 0.000195549 -0.0298879 -0.0216065
internal_weight=1787.45 1661.47 1580.35 785.94 794.406 550.142 125.986 103.035
internal_count=163284 132045 79981 35403 44578 13225 31239 16980
is_linear=0
shrinkage=0.0750466


Tree=68
num_leaves=9
num_cat=0
split_feature=108 16 33 99 95 5 5 63
split_gain=20.7877 24.7712 15.9945 12.1722 11.2031 10.4628 7.47763 7.61553
threshold=1.0000000180025095e-35 -176.96999999999997 27559.105000000007 2.5000000000000004 4.5000000000000009 39.500000000000007 42.500000000000007 1.0000000180025095e-35
decision_type=2 2 2 2 2 2 2 2
left_child=2 -2 3 4 5 -1 -4 -8
right_child=1 -3 6 -5 -6 -7 7 -9
leaf_value=0.0078057060586342649 0.00050041890668227275 0.1412324748661479 -0.053095100006733363 0.048819252399365014 0.037208950127368412 -0.005422265418247852 -0.0013542194758486888 -0.075327845557938811
leaf_weight=486.64984422986163 15.773065191868229 12.728436647565102 44.290103205828927 28.90509854501579 43.613354307133704 1093.3688364299014 51.685803887550719 9.2391480637306795
leaf_count=40609 2152 2850 12838 727 2994 86156 8921 6037
internal_value=-0.000228379 0.0633497 -0.00125928 0.000547063 -0.000312314 -0.00134802 -0.0296302 -0.0125722
internal_weight=1786.25 28.5015 1757.75 1652.54 1623.63 1580.02 105.215 60.925
internal_count=163284 5002 158282 130486 129759 126765 27796 14958
is_linear=0
shrinkage=0.0750466


Tree=69
num_leaves=9
num_cat=0
split_feature=71 51 71 8 140 16 71 16
split_gain=12.3472 11.4338 29.4625 12.2858 16.9611 15.0261 9.51142 9.95946
threshold=1.5000000000000002 1.0000000180025095e-35 1.0000000180025095e-35 9683.5850000000009 1376.0350000000003 -14461.189999999999 1.0000000180025095e-35 -471.88999999999993
decision_type=2 2 2 2 10 2 2 2
left_child=1 3 -3 4 -1 -5 7 -7
right_child=-2 2 -4 5 -6 6 -8 -9
leaf_value=0.00048490132119011187 0.044681472133115512 -0.030382610795999635 0.061733817549794213 0.016371924906113541 0.025109955827885597 -0.02123989758416845 -0.014000657924017704 0.026280565058753719
leaf_weight=520.15803193300962 33.834106399619486 158.05032793825376 22.316021986713167 147.32956363627454 225.96057776955422 37.702529858855996 566.7473343827296 72.803131824475713
leaf_count=9291 1813 84663 3258 2757 17360 1946 33695 8501
internal_value=-0.000222277 -0.00108991 -0.0189854 0.000965065 0.00794255 -0.00534847 -0.0100735 0.0100674
internal_weight=1784.9 1751.07 180.366 1570.7 746.119 824.583 677.253 110.506
internal_count=163284 161471 87921 73550 26651 46899 44142 10447
is_linear=0
shrinkage=0.0750466


Tree=70
num_leaves=9
num_cat=0
split_feature=52 17 32 127 74 17 107 81
split_gain=13.0711 8.25261 7.5611 7.82531 7.30868 6.6323 7.58573 6.21924
threshold=65522.015000000007 2.5000000000000004 2.5000000000000004 145.50000000000003 62.105000000000011 3.5000000000000004 38.500000000000007 166963.90500000003
decision_type=2 2 2 8 2 2 2 2
left_child=2 4 3 -1 -2 7 -7 -5
right_child=1 -3 -4 5 -6 6 -8 -9
leaf_value=-0.029102706411800888 0.027012302776468919 0.040924905115334649 -0.024823367673311249 0.0030236914951852142 -0.042909686924151043 0.0019758944592327262 0.056642389293272727 -0.024756956910363379
leaf_weight=43.634012047899887 9.4964345052721892 8.9276642822078411 60.24225325929001 1483.2718822103343 74.223229370341869 29.820254555670545 27.461173826653976 46.817683525674511
leaf_count=2754 2544 3369 6476 71827 61026 561 4210 10517
internal_value=-0.000217509 -0.0276642 0.00128603 0.0022504 -0.0349783 0.00311224 0.0281834 0.00217366
internal_weight=1783.89 92.6473 1691.25 1631.01 83.7197 1587.37 57.2814 1530.09
internal_count=163284 66939 96345 89869 63570 87115 4771 82344
is_linear=0
shrinkage=0.0750466


Tree=71
num_leaves=9
num_cat=0
split_feature=21 52 16 113 137 96 135 135
split_gain=14.9248 11.7338 8.61961 6.50586 5.48288 12.1705 8.7838 7.21806
threshold=1.0000000180025095e-35 69684.140000000014 -1870.675 -75.499999999999986 4483.3200000000006 1.0000000180025095e-35 -1840.4999999999998 -1171.4999999999998
decision_type=2 2 2 8 8 2 10 10
left_child=2 4 -1 -3 5 7 -7 -2
right_child=1 3 -4 -5 -6 6 -8 -9
leaf_value=0.040547035402512498 0.0011534881844147669 -0.038617747866042128 0.0071489396749696591 0.027955998497790711 -0.0053844056420309745 -0.0092391128413773782 0.020223732928445707 -0.021343255611898489
leaf_weight=70.953137766511645 272.22922286600806 69.692087516537867 112.57161209196784 9.3799349869659618 792.99669770890614 72.338984415458981 268.57925185270142 113.94350931246299
leaf_count=711 6568 58321 5090 3926 74104 3002 9280 2282
internal_value=-0.000208573 -0.00253479 0.0200611 -0.0307204 -0.00106862 0.00363835 0.0139721 -0.00548437
internal_weight=1782.68 1599.16 183.525 79.072 1520.09 727.091 340.918 386.173
internal_count=163284 157483 5801 62247 95236 21132 12282 8850
is_linear=0
shrinkage=0.0750466


Tree=72
num_leaves=9
num_cat=0
split_feature=50 99 147 32 153 72 147 38
split_gain=36.5562 14.85 15.3837 10.9297 8.12721 11.7738 10.2335 8.59454
threshold=1.0000000180025095e-35 1.0000000180025095e-35 -140209.23499999996 2.5000000000000004 3853.3050000000007 2333.3600000000006 -68179.834999999977 1.0000000180025095e-35
decision_type=2 2 10 2 10 2 10 2
left_child=1 3 -3 4 5 7 -7 -1
right_child=-2 2 -4 -5 -6 6 -8 -9
leaf_value=0.001859433190242239 -0.055001228574602677 0.064612900278779972 0.00071001874220357993 -0.030909631875834152 -0.013169087523124668 0.0049578469003578561 0.037094812128236822 -0.029203689116073298
leaf_weight=1103.4817465559463 66.012503170408309 42.240941733994987 42.628327287209686 60.774744209251367 186.73141134830075 126.21135826944374 100.03742211568169 52.553273155965144
leaf_count=74780 11035 1041 3678 11354 41875 1743 5629 12149
internal_value=-0.000199415 0.0019104 0.0325156 0.000316666 0.0015262 0.00351137 0.0191674 0.000447306
internal_weight=1780.67 1714.66 84.8693 1629.79 1569.02 1382.28 226.249 1156.04
internal_count=163284 152249 4719 147530 136176 94301 7372 86929
is_linear=0
shrinkage=0.0750466


Tree=73
num_leaves=9
num_cat=0
split_feature=50 33 137 96 8 20 16 20
split_gain=32.8683 17.2463 6.93685 6.26611 12.4632 11.2694 11.2055 9.28189
threshold=1.0000000180025095e-35 27559.105000000007 4483.3200000000006 1.0000000180025095e-35 14788.655000000001 1.0000000180025095e-35 -14461.189999999999 104.79500000000002
decision_type=2 2 10 2 2 2 2 2
left_child=1 3 -3 7 5 -5 -6 -1
right_child=-2 2 -4 4 6 -7 -8 -9
leaf_value=0.0017756979744309577 -0.053458526204601627 -0.014817190109176284 -0.056987454559239495 0.0066706277755995995 0.048586708030707818 0.029290480069806175 -0.0076178069092033389 -0.023660036149598954
leaf_weight=680.0581839515944 62.939999064139556 68.391691205266397 32.36568958699354 331.90242293424672 21.448265210783575 198.07598279567901 291.40686869737692 91.694052788981935
leaf_count=23911 11035 7150 21035 22083 991 29978 37928 9173
internal_value=-0.000194817 0.00175955 -0.0283633 0.00363936 0.00811306 0.0151247 -0.00376462 -0.00124639
internal_weight=1778.28 1715.34 100.757 1614.59 842.834 529.978 312.855 771.752
internal_count=163284 152249 28185 124064 90980 52061 38919 33084
is_linear=0
shrinkage=0.0750466


Tree=74
num_leaves=9
num_cat=0
split_feature=21 153 39 13 153 140 72 58
split_gain=12.6245 10.7123 6.84721 5.92204 5.28575 9.94833 8.43025 9.75624
threshold=1.0000000180025095e-35 5389.9350000000004 313319.83000000002 1.5000000000000002 475.06500000000005 3519.0050000000006 2333.3600000000006 1.0000000180025095e-35
decision_type=2 10 2 2 8 10 2 2
left_child=-1 2 3 4 5 -2 -6 -8
right_child=1 -3 -4 -5 6 -7 7 -9
leaf_value=0.018406594838738171 0.0027267631828473706 -0.02074791729661065 -0.033427024386065284 -0.031491322297311337 -0.0076966355405461455 0.032150008648948104 -0.0028605733862924563 0.043409727678982601
leaf_weight=184.257435645035 664.0546170080197 160.18233609863091 34.268371328362264 31.793391290819272 523.59710742474999 71.707469476677943 65.109286538499873 42.364000895700883
leaf_count=5801 24934 39821 8849 662 69229 7224 1757 5007
internal_value=-0.000191109 -0.00234214 -0.000284575 0.000527463 0.00127224 0.00559436 -0.0037669 0.0153783
internal_weight=1777.33 1593.08 1432.89 1398.63 1366.83 735.762 631.07 107.473
internal_count=163284 157483 117662 108813 108151 32158 75993 6764
is_linear=0
shrinkage=0.0750466


Tree=75
num_leaves=9
num_cat=0
split_feature=71 17 22 24 22 24 123 24
split_gain=9.59211 10.6469 9.25809 8.90855 7.39426 7.59974 6.98173 6.2865
threshold=1.5000000000000002 3.5000000000000004 111795.30500000001 25.500000000000004 -22789.309999999994 1.0000000180025095e-35 12.500000000000002 1.5000000000000002
decision_type=2 2 2 2 2 2 8 2
left_child=1 2 4 -4 6 -6 -1 -7
right_child=-2 -3 3 -5 5 7 -8 -9
leaf_value=-0.00078248922549074764 0.03868177808826069 0.029885984851701398 -0.027947782124146135 0.06221225413910008 -0.0049773474239675165 0.027204863797939311 0.034470607120505987 0.0022682418924328826
leaf_weight=63.401280724589014 35.058060307550477 60.796074086858425 107.18984072894091 6.5493262363597742 1128.1245358995802 74.922403503791429 63.15725516769453 237.18527888524113
leaf_count=4410 1813 6884 39705 5235 36592 7851 898 59896
internal_value=-0.000183842 -0.000966322 -0.00208246 -0.0227562 -0.000581675 -0.00210995 0.0168101 0.00825435
internal_weight=1776.38 1741.33 1680.53 113.739 1566.79 1440.23 126.559 312.108
internal_count=163284 161471 154587 44940 109647 104339 5308 67747
is_linear=0
shrinkage=0.0750466


Tree=76
num_leaves=9
num_cat=0
split_feature=33 56 95 83 95 20 24 74
split_gain=13.3572 10.7988 10.9535 7.361 12.2033 11.9563 9.12265 14.9785
threshold=27559.105000000007 8668.8100000000031 5.5000000000000009 1.0000000180025095e-35 1.5000000000000002 203.56500000000003 8.5000000000000018 2806.0050000000006
decision_type=2 2 2 2 2 2 2 2
left_child=1 2 3 5 6 -1 -5 -8
right_child=-2 -3 -4 4 -6 -7 7 -9
leaf_value=0.0016022427446879383 -0.026916689594506053 -0.033816356720698326 0.042788909533646328 0.01365578494885007 0.059049371817231501 -0.020651336837059189 -0.031219136815709116 0.080250658103530256
leaf_weight=1097.3297417931026 99.319839167088503 47.623868313472485 37.027828038204461 246.37292861621245 27.694292410160415 155.20799141869065 57.154499011288863 7.7043201337801284
leaf_count=35775 28835 16981 2121 35631 3405 12532 25413 2591
internal_value=-0.000176183 0.00140835 0.00243847 0.00149965 0.0113113 -0.00115531 0.00706348 -0.0179781
internal_weight=1775.44 1676.12 1628.49 1591.46 338.926 1252.54 311.232 64.8588
internal_count=163284 134449 117468 115347 67040 48307 63635 28004
is_linear=0
shrinkage=0.0750466


Tree=77
num_leaves=9
num_cat=0
split_feature=33 5 10 113 33 5 64 64
split_gain=11.7515 10.022 11.6444 11.479 8.74607 8.63222 7.43438 6.95828
threshold=17595.285000000003 39.500000000000007 1023.9800000000001 -2054.4999999999995 1.0000000180025095e-35 42.500000000000007 1.0000000180025095e-35 8005.8200000000006
decision_type=2 2 2 10 2 2 2 2
left_child=1 2 3 -1 -3 -2 -7 -5
right_child=5 4 -4 7 -6 6 -8 -9
leaf_value=-0.011871303096686905 -0.048326551196304211 -0.0035999904800294207 0.042832950893105175 0.017394953752759436 0.035914149167993945 0.0045136625291630657 -0.067465690842206591 -0.022151131820732868
leaf_weight=138.04239111253992 46.763433651649393 1117.145384915435 54.769905416178517 293.09721936768619 32.464600269275252 55.270898402435705 9.4654662428656575 27.401260394224664
leaf_count=6964 14420 86930 1915 24940 3188 9910 6909 8108
internal_value=-0.000172537 0.0014089 0.0101277 0.00622126 -0.00248412 -0.0237582 -0.00601084 0.0140139
internal_weight=1774.42 1662.92 513.311 458.541 1149.61 111.5 64.7364 320.498
internal_count=163284 132045 41927 40012 90118 31239 16819 33048
is_linear=0
shrinkage=0.0750466


Tree=78
num_leaves=9
num_cat=0
split_feature=4 16 71 134 45 73 27 140
split_gain=11.0172 8.34554 10.7234 9.60991 6.37064 6.23393 8.59368 7.61392
threshold=1.5000000000000002 -14461.189999999999 1.5000000000000002 93605.400000000009 21.175000000000001 2.5000000000000004 2.5000000000000004 1.0000000180025095e-35
decision_type=2 2 2 10 2 2 2 10
left_child=1 3 4 -1 5 -3 7 -7
right_child=-2 2 -4 -5 -6 6 -8 -9
leaf_value=0.029253035577369614 -0.031581424182222477 -0.0076760437120086088 0.043161236103829527 -0.0058001889032677622 -0.041780120031038807 0.0030463602111509224 -0.0042712051137556665 0.023839706034910469
leaf_weight=115.7714664467785 60.720449245447526 532.2360847806267 30.505709020100767 71.099160285230028 22.098508686380228 292.45163770305226 498.4307176618313 150.07406154682394
leaf_count=1318 2213 14681 1673 6878 4490 15393 108779 7859
internal_value=-0.000166747 0.000947021 -0.000886322 0.0159162 -0.00178494 -0.001185 0.00248655 0.010098
internal_weight=1773.39 1712.67 1525.8 186.871 1495.29 1473.19 940.956 442.526
internal_count=163284 161071 152875 8196 151202 146712 132031 23252
is_linear=0
shrinkage=0.0750466


Tree=79
num_leaves=9
num_cat=0
split_feature=4 111 10 6 22 83 22 149
split_gain=9.64494 12.0917 9.46501 7.35703 6.20936 5.9219 12.8298 5.75995
threshold=1.5000000000000002 1.0000000180025095e-35 -3005.3049999999998 31.500000000000004 54211.545000000006 37776.215000000004 3393.0150000000008 2306.5000000000005
decision_type=2 10 2 2 2 2 2 10
left_child=1 2 3 -1 -5 -4 -7 -8
right_child=-2 -3 5 4 -6 6 7 -9
leaf_value=0.042848410129115652 -0.029890116574314805 0.035119936217662122 -0.00017160652551383737 -0.017533071145222887 -0.062596561165458406 0.054988584419863457 -0.020069095750974934 0.020915943807157434
leaf_weight=8.6602983627817576 59.394266702322057 56.155630638299044 1446.9386723907373 63.983464620978339 23.562923161051003 35.552367011376191 38.459445502638118 38.790386718668742
leaf_count=1682 2213 415 103197 11327 13442 4828 10213 15967
internal_value=-0.000159561 0.000871816 -0.000289588 -0.0231346 -0.0296618 0.00111952 0.0176811 0.000511215
internal_weight=1771.5 1712.1 1655.95 96.2067 87.5464 1559.74 112.802 77.2498
internal_count=163284 161071 160656 26451 24769 134205 31008 26180
is_linear=0
shrinkage=0.0750466


Tree=80
num_leaves=9
num_cat=0
split_feature=50 33 95 52 25 22 16 16
split_gain=29.3215 12.0253 8.47218 7.00923 7.92869 9.10116 10.8618 16.0191
threshold=1.0000000180025095e-35 27559.105000000007 5.5000000000000009 73897.235000000015 1.0000000180025095e-35 239470.10500000001 -176.96999999999997 -1.0000000180025095e-35
decision_type=2 2 2 2 2 2 2 2
left_child=1 2 3 4 -1 6 -6 -8
right_child=-2 -3 -4 -5 5 -7 7 -9
leaf_value=0.00051079911974114662 -0.051899195525485109 -0.024533345275238042 0.038156011246282255 -0.022639784767771617 0.00036920058164788689 -0.031064628951704251 0.073429350038422977 0.017644198900246572
leaf_weight=1196.7778362163226 59.597558458510321 93.398618760780664 38.0471468513133 60.927312345476821 123.83643859659787 23.602427132951561 36.781151279865298 136.87960335362004
leaf_count=31833 11035 28185 2198 45055 12894 6920 3370 21794
internal_value=-0.000153866 0.00164932 0.00316178 0.00231846 0.00332028 0.0137916 0.0173503 0.0294594
internal_weight=1769.85 1710.25 1616.85 1578.8 1517.88 321.1 297.497 173.661
internal_count=163284 152249 124064 121866 76811 44978 38058 25164
is_linear=0
shrinkage=0.0750466


Tree=81
num_leaves=9
num_cat=0
split_feature=56 33 5 51 151 135 81 33
split_gain=9.08535 8.80417 8.01418 12.5922 17.5705 13.4207 10.9463 7.05541
threshold=11582.655000000002 27559.105000000007 39.500000000000007 1.0000000180025095e-35 1.5000000000000002 inf 35190.005000000012 4895.2500000000009
decision_type=2 2 2 2 10 8 2 2
left_child=1 2 3 4 -1 -5 -6 -4
right_child=-2 -3 7 5 6 -7 -8 -9
leaf_value=0.0052873125955923087 -0.037232806538335918 -0.022286709568252874 -0.0027083918583696714 -0.036024214610573077 0.024882155428138538 0.082652426337289434 0.076740912212118748 0.032101234316500707
leaf_weight=343.34035754436627 36.449352318129968 89.560555047908565 1094.4220431535214 51.170237734506372 82.85381140303798 5.9954967686207956 31.692149709328078 33.806280866643647
leaf_count=5123 15033 26496 78176 25955 4255 531 4185 3530
internal_value=-0.000153075 0.000626877 0.00187569 0.0096324 0.0137786 -0.0235775 0.0392302 -0.00166535
internal_weight=1769.29 1732.84 1643.28 515.052 457.886 57.1657 114.546 1128.23
internal_count=163284 148251 121755 40049 13563 26486 8440 81706
is_linear=0
shrinkage=0.0750466


Tree=82
num_leaves=9
num_cat=0
split_feature=21 32 134 39 25 131 0 74
split_gain=11.1525 6.55555 5.7038 5.63341 4.00786 4.0021 5.04824 4.697
threshold=1.0000000180025095e-35 1.5000000000000002 160466.40000000002 82168.650000000009 1.0000000180025095e-35 568.90500000000009 15842220.000000002 1939.825
decision_type=2 2 10 2 2 10 2 2
left_child=-1 3 -3 5 -4 -2 -7 -8
right_child=1 2 4 -5 -6 6 7 -9
leaf_value=0.017331053092441352 0.0008710652457525062 -0.040738425782508053 0.051603189591911611 -0.024682302293130329 -0.033281838382886141 -0.06018695049811832 -0.020625516714734282 0.008895193278412027
leaf_weight=184.11601696049911 1337.2994954305759 42.635214074223768 7.5182929118745943 55.73843737973948 5.3702839107718319 11.510382152016971 72.368383781547891 52.286428750405321
leaf_count=5801 95834 8637 1872 16023 6104 3017 16508 9488
internal_value=-0.000151467 -0.00218261 -0.0275135 -0.00126287 0.0162341 -0.00037696 -0.012634 -0.00824306
internal_weight=1768.84 1584.73 55.5238 1529.2 12.8886 1473.46 136.165 124.655
internal_count=163284 157483 16613 140870 7976 124847 29013 25996
is_linear=0
shrinkage=0.0750466


Tree=83
num_leaves=9
num_cat=0
split_feature=133 86 4 51 17 24 8 141
split_gain=9.4468 8.3025 7.61506 6.04381 17.4213 10.9266 10.7907 7.84339
threshold=8.0000000000000018 1.0000000180025095e-35 1.5000000000000002 1.0000000180025095e-35 3.5000000000000004 1.0000000180025095e-35 33046.075000000004 38.570000000000007
decision_type=10 2 2 2 2 2 2 8
left_child=1 2 3 5 7 -1 -7 -5
right_child=-2 -3 -4 4 -6 6 -8 -9
leaf_value=-0.0010279118758368827 0.039707205223764759 -0.04281628506953597 -0.027526259619883111 -0.032926567116488101 0.066597223185132295 0.021238619858285318 -0.018673961551435719 0.0040268025498839087
leaf_weight=1197.7525037162122 32.876707028597593 26.211874937580433 55.792070639086887 98.629580174630973 14.075154119695069 248.85633192522801 45.057105791929644 48.136750677891541
leaf_count=34496 244 5603 2181 71444 3455 23903 10597 11361
internal_value=-0.000144928 -0.000900303 -0.000257151 0.000663511 -0.0131579 0.00215382 0.01512 -0.0208065
internal_weight=1767.39 1734.51 1708.3 1652.51 160.841 1491.67 293.913 146.766
internal_count=163284 163040 157437 155256 86260 68996 34500 82805
is_linear=0
shrinkage=0.0750466


Tree=84
num_leaves=9
num_cat=0
split_feature=99 142 4 95 25 17 18 51
split_gain=9.04083 13.1379 8.32394 6.31508 8.70777 7.30662 8.20526 4.72196
threshold=1.0000000180025095e-35 119646.00000000001 1.5000000000000002 5.5000000000000009 35114.595000000008 3.5000000000000004 7623.4400000000005 1.0000000180025095e-35
decision_type=2 10 2 2 2 2 2 2
left_child=2 -2 3 4 5 7 -7 -1
right_child=1 -3 -4 -5 -6 6 -8 -9
leaf_value=0.0001565610552753659 0.049496685517672834 -0.0080073460030893572 -0.030102587996359433 0.029792461160157414 -0.030928366444117943 0.0017024120725873631 0.059968753755447926 -0.015389680009916612
leaf_weight=1354.6143276612274 48.599478291318519 41.470251640595961 54.985712146095466 38.068590923008742 53.399456687198835 31.85282290854957 23.769470894010738 119.76409347957815
leaf_count=58236 1312 4162 2159 3107 28847 1185 4169 60107
internal_value=-0.000141841 0.0230205 -0.00138627 -0.000412466 -0.00113866 -9.89536e-05 0.0266018 -0.00110626
internal_weight=1766.52 90.0697 1676.45 1621.47 1583.4 1530 55.6223 1474.38
internal_count=163284 5474 157810 155651 152544 123697 5354 118343
is_linear=0
shrinkage=0.0750466


Tree=85
num_leaves=9
num_cat=0
split_feature=33 32 127 32 109 140 51 141
split_gain=7.25034 7.93167 6.7124 6.3282 7.43551 6.73146 6.44175 12.7495
threshold=17595.285000000003 10.500000000000002 145.50000000000003 1.0000000180025095e-35 1.0000000180025095e-35 56366.985000000008 1.0000000180025095e-35 38.570000000000007
decision_type=2 2 8 2 2 8 2 8
left_child=2 -2 -1 4 -4 -5 -6 -8
right_child=1 -3 3 5 6 -7 7 -9
leaf_value=-0.027438565596788325 -0.029111095798199128 0.025364251775478269 -0.0035032127974501713 -0.0007585808640728388 0.0097427504850196769 0.056505228741845263 -0.029470570061205001 0.032759085853454571
leaf_weight=45.274873744376237 84.833368664782029 18.300400093401549 882.98279462059145 22.105668474483537 596.38285507040564 24.238054720073706 64.946178615035024 25.951211181265535
leaf_count=4347 28824 2415 36571 3930 36755 849 43984 5609
internal_value=-0.000136892 -0.0194448 0.00106133 0.0018595 0.00105286 0.0291907 0.00690628 -0.011704
internal_weight=1765.02 103.134 1661.88 1616.61 1570.26 46.3437 687.28 90.8974
internal_count=163284 31239 132045 127698 122919 4779 86348 49593
is_linear=0
shrinkage=0.0750466


Tree=86
num_leaves=9
num_cat=0
split_feature=56 4 22 113 58 135 22 153
split_gain=7.82569 6.46118 7.57799 6.60391 6.15861 11.2503 12.3316 7.2344
threshold=11582.655000000002 1.5000000000000002 -22789.309999999994 -2054.4999999999995 232.54500000000004 -348.99999999999994 305328.60000000003 651.0150000000001
decision_type=2 2 2 8 2 10 2 8
left_child=1 2 -1 -4 -5 6 7 -6
right_child=-2 -3 3 4 5 -7 -8 -9
leaf_value=0.019664221270715564 -0.035374587172705571 -0.02466572646936372 -0.019940509536951683 -0.0021833798813784026 0.026564215039717995 -0.031056483031426184 -0.044081404443697861 0.0064394091171478176
leaf_weight=118.9688883384224 34.788047495821957 55.289638561051106 88.126030313840602 986.58829825758585 165.76267525510048 37.924014842603356 21.372262197342934 255.91281747102039
leaf_count=4610 15033 2183 10778 49698 9581 6279 10930 54192
internal_value=-0.00013313 0.000575552 0.00140891 1.28572e-05 0.00121104 0.00817382 0.0115319 0.0143506
internal_weight=1764.73 1729.94 1674.65 1555.69 1467.56 480.972 443.048 421.675
internal_count=163284 148251 146068 141458 130680 80982 74703 63773
is_linear=0
shrinkage=0.0750466


Tree=87
num_leaves=9
num_cat=0
split_feature=86 153 9 16 83 20 153 16
split_gain=7.61584 6.29813 7.1867 9.74729 6.42299 8.29665 7.78362 7.45248
threshold=1.0000000180025095e-35 3853.3050000000007 3165.5400000000004 -784.20999999999992 37776.215000000004 104.79500000000002 1214.0550000000003 -14461.189999999999
decision_type=2 10 2 2 2 2 10 2
left_child=1 2 4 -4 5 7 -6 -1
right_child=-2 -3 3 -5 6 -7 -8 -9
leaf_value=0.018070337323543208 -0.041203311425372244 -0.011946717207781479 -0.003348202303596279 0.061716282982868527 0.032975079760445773 -0.013601060186988844 -0.018524211623386286 0.00010221505422448525
leaf_weight=148.83352537889732 25.06314234965248 203.40254868235206 25.636573569237953 26.240589629975148 68.484875987633131 216.79983886875561 21.787064818185172 1027.5962745396246
leaf_count=2780 5605 51100 1346 3662 10857 26439 10094 51401
internal_value=-0.000129567 0.000462478 0.00210641 0.0295628 0.00114628 -0.000110678 0.0205458 0.00237541
internal_weight=1763.84 1738.78 1535.38 51.8772 1483.5 1393.23 90.2719 1176.43
internal_count=163284 157679 106579 5008 101571 80620 20951 54181
is_linear=0
shrinkage=0.0750466


Tree=88
num_leaves=9
num_cat=0
split_feature=21 7 52 25 25 123 131 27
split_gain=8.7007 7.64444 7.91556 8.48102 7.82694 7.10578 6.02582 5.89166
threshold=1.0000000180025095e-35 1655.0800000000002 1.0000000180025095e-35 1.0000000180025095e-35 3329.2250000000004 19.500000000000004 1.0000000180025095e-35 8.5000000000000018
decision_type=2 2 2 2 2 10 10 2
left_child=-1 2 3 -2 -5 -3 -6 -4
right_child=1 5 7 4 6 -7 -8 -9
leaf_value=0.015227204052174509 -0.0090226623766814958 0.0045413476943292948 -0.014383047451778968 0.034181131649719358 0.010179792576752148 -0.031107998043197027 -0.03076491540916089 -0.052621565011167749
leaf_weight=185.94998963869875 501.414809456066 783.23681863251841 71.647458559455117 53.853433533047792 72.335989543178584 32.808896688162349 28.109928726829821 33.21303740645817
leaf_count=5801 16618 62386 25511 3948 8043 3429 6010 31538
internal_value=-0.000126043 -0.00193684 -0.00734969 -0.00428809 0.0110975 0.00310808 -0.00127864 -0.0264945
internal_weight=1762.57 1576.62 760.575 655.714 154.299 816.046 100.446 104.86
internal_count=163284 157483 91668 34619 18001 65815 14053 57049
is_linear=0
shrinkage=0.0750466


Tree=89
num_leaves=9
num_cat=0
split_feature=50 33 147 5 151 5 7 56
split_gain=25.9766 7.83558 8.28987 9.67517 6.4077 12.0509 7.40808 6.67266
threshold=1.0000000180025095e-35 17595.285000000003 -21440.649999999998 42.500000000000007 1.5000000000000002 67.500000000000014 2050.3150000000005 1.0000000180025095e-35
decision_type=2 2 8 2 10 2 2 2
left_child=1 4 -3 -4 6 7 -1 -6
right_child=-2 2 3 -5 5 -7 -8 -9
leaf_value=-0.0049565617469976399 -0.050236699793977477 -0.068118061695677051 -0.039939647195832748 0.011722136636750473 0.0203242897147278 -0.021089702446778449 0.007832445357494798 -9.5692655614434328e-05
leaf_weight=710.29432008150616 56.389135030622128 16.109480647966848 34.509361389529658 49.994115723005962 306.32511044424609 61.856924027524656 398.03920855640899 127.69626853664522
leaf_count=27594 11035 13699 8038 8794 37203 6308 11449 39164
internal_value=-0.000122827 0.00153475 -0.0187809 -0.0093754 0.00280891 0.00989976 -0.000363607 0.0143164
internal_weight=1761.21 1704.82 100.613 84.5035 1604.21 495.878 1108.33 434.021
internal_count=163284 152249 30531 16832 121718 82675 39043 76367
is_linear=0
shrinkage=0.0750466


Tree=90
num_leaves=9
num_cat=0
split_feature=50 108 137 99 148 64 96 116
split_gain=23.2617 17.5879 15.9663 10.3639 12.4766 6.42343 7.96796 5.7525
threshold=1.0000000180025095e-35 1.0000000180025095e-35 18877.255000000001 1.0000000180025095e-35 1.3050000000000004 13076.395000000002 1.0000000180025095e-35 1.0000000180025095e-35
decision_type=2 2 8 2 8 2 2 10
left_child=1 3 -3 5 -5 6 7 -1
right_child=-2 2 -4 4 -6 -7 -8 -9
leaf_value=-0.0030870896880959339 -0.04862729631443654 0.11515999881225217 0.0027968090198015922 -0.0025732668267216046 0.055510279839317174 -0.020405447630534909 0.0057672838832921987 -0.025712878343875385
leaf_weight=692.74890724310535 53.977673569344915 14.47558381478302 14.020635320106523 42.013649482803885 41.304945351206698 89.989189824147616 742.78296759870136 69.649326102415216
leaf_count=27257 11035 939 3611 3515 1009 28097 77963 9858
internal_value=-0.000122503 0.0014113 0.0598754 0.000418737 0.0262215 -0.000928987 0.000235438 -0.00515408
internal_weight=1760.96 1706.99 28.4962 1678.49 83.3186 1595.17 1505.18 762.398
internal_count=163284 152249 4550 147699 4524 143175 115078 37115
is_linear=0
shrinkage=0.0750466


Tree=91
num_leaves=9
num_cat=0
split_feature=56 95 38 134 16 95 16 29
split_gain=6.51812 5.4374 4.65496 6.83669 4.5253 9.07845 4.97291 5.94536
threshold=11582.655000000002 4.5000000000000009 1.0000000180025095e-35 187492.32000000004 -176.96999999999997 1.5000000000000002 -14461.189999999999 1.0000000180025095e-35
decision_type=2 2 2 10 2 2 2 2
left_child=1 2 4 -4 6 -6 7 -1
right_child=-2 -3 3 -5 5 -7 -8 -9
leaf_value=0.018541650302001125 -0.03315379475769191 0.023761377941954674 -0.039794286964551465 0.0087241794332941127 0.0035750184320889953 0.046815582002695207 -0.0053024819019969012 -0.0079622523340229946
leaf_weight=119.6751688872173 33.012546580052003 54.845625875343103 39.274025407241425 28.030669093015604 593.14097733948438 28.667479781113798 783.56326970206283 79.221720063200337
leaf_count=1183 15033 4152 7856 9929 71090 2740 44787 6514
internal_value=-0.000121451 0.000510193 -0.000252697 -0.0195876 0.00055847 0.00556856 -0.00261246 0.007985
internal_weight=1759.43 1726.42 1671.57 67.3047 1604.27 621.808 982.46 198.897
internal_count=163284 148251 144099 17785 126314 73830 52484 7697
is_linear=0
shrinkage=0.0750466


Tree=92
num_leaves=9
num_cat=0
split_feature=50 71 13 4 5 5 97 127
split_gain=20.8243 5.69295 5.10275 5.29743 7.25812 13.9017 10.008 8.59631
threshold=1.0000000180025095e-35 1.5000000000000002 1.5000000000000002 1.5000000000000002 67.500000000000014 61.500000000000007 28.500000000000004 145.50000000000003
decision_type=2 2 2 2 2 2 2 8
left_child=1 2 3 4 5 7 -7 -1
right_child=-2 -3 -4 -5 -6 6 -8 -9
leaf_value=-0.038264838115688427 -0.047042636669484023 0.030982431353426317 -0.02731585445789874 -0.022020049762638452 -0.013056084541204441 0.037109218608617135 -0.010368549759084278 0.0022711690905628818
leaf_weight=30.175151746894699 51.694843142555328 35.642829206393799 35.90081670100335 53.141088889591629 160.54591272992548 108.36674462624069 32.505666242199368 1250.2196514456009
leaf_count=4343 11035 1572 827 2142 9705 5222 5115 123323
internal_value=-0.000116774 0.00130475 0.000671662 0.00128622 0.0020692 0.00377774 0.0261539 0.00131585
internal_weight=1758.19 1706.5 1670.86 1634.95 1581.81 1421.27 140.872 1280.39
internal_count=163284 152249 150677 149850 147708 138003 10337 127666
is_linear=0
shrinkage=0.0750466


Tree=93
num_leaves=9
num_cat=0
split_feature=108 16 56 16 105 16 105 115
split_gain=13.36 18.0518 6.30197 5.26865 5.13805 7.97126 10.3765 12.1824
threshold=1.0000000180025095e-35 -176.96999999999997 4317.5350000000008 -4047.3549999999991 1.0000000180025095e-35 -2764.8049999999994 1.5000000000000002 1.0000000180025095e-35
decision_type=2 2 2 2 2 2 2 8
left_child=2 -2 4 -4 -1 -6 7 -7
right_child=1 -3 3 -5 5 6 -8 -9
leaf_value=-0.00088524986341202456 -0.0062830913592363206 0.10918689931460893 -0.070202068173919663 -0.013621037727286586 -0.024546842719450308 0.10797426810066357 0.0042365000699892642 0.009415359664959556
leaf_weight=1548.6189293066709 15.904103231790943 14.647896655718794 10.432918341321054 83.060671766055748 19.1125135938928 15.987089338654187 36.921402094856603 12.653719403737341
leaf_count=97496 2152 2850 3653 30193 5690 4089 13475 3686
internal_value=-0.000115327 0.049078 -0.000985704 -0.0199349 9.89929e-05 0.0180998 0.0305321 0.0644302
internal_weight=1757.34 30.552 1726.79 93.4936 1633.29 84.6747 65.5622 28.6408
internal_count=163284 5002 158282 33846 124436 26940 21250 7775
is_linear=0
shrinkage=0.0750466


Tree=94
num_leaves=9
num_cat=0
split_feature=99 116 71 72 72 6 127 6
split_gain=6.2347 10.5061 7.18895 5.22306 9.90657 8.58042 14.6402 10.0141
threshold=1.0000000180025095e-35 -1.0000000180025095e-35 1.5000000000000002 1708.4500000000003 387.90500000000003 20.500000000000004 1221.5000000000002 115.50000000000001
decision_type=2 10 2 2 2 2 8 2
left_child=2 -2 3 4 -1 -5 -7 -8
right_child=1 -3 -4 5 -6 6 7 -9
leaf_value=-0.0028894747743262567 0.049547012457901676 -0.0023885424325372621 0.03304352080421108 -0.020499815729430736 -0.027337514156850762 0.024153370657437754 0.0089999108373621118 -0.0092015694871788924
leaf_weight=584.32834300173272 37.383919715124648 53.089437688700855 33.911260711873183 88.136660844378639 111.09331554951495 165.17962675233139 318.14826604540576 366.18293265477405
leaf_count=109058 766 4708 1653 1400 7385 5664 10392 22258
internal_value=-0.000115341 0.0190714 -0.00115668 -0.00186686 -0.00679504 0.00178821 0.00410059 -0.00073963
internal_weight=1757.45 90.4734 1666.98 1633.07 695.422 937.647 849.511 684.331
internal_count=163284 5474 157810 156157 116443 39714 38314 32650
is_linear=0
shrinkage=0.0750466


Tree=95
num_leaves=9
num_cat=0
split_feature=21 33 8 7 8 149 137 51
split_gain=6.91802 9.05325 7.08981 6.22468 17.3541 33.7691 7.26052 5.12148
threshold=1.0000000180025095e-35 17595.285000000003 37731.905000000006 1655.0800000000002 16678.810000000001 636.50000000000011 -1.0000000180025095e-35 1.0000000180025095e-35
decision_type=2 2 2 2 2 10 10 2
left_child=-1 3 -3 7 5 -5 -6 -2
right_child=1 2 -4 4 6 -7 -8 -9
leaf_value=0.013533228946900122 -0.0029977069687595875 -0.043365593913062522 0.0075043246764285214 -0.01478222213051847 0.0092550520855706007 0.034132710835248603 -0.012461422831562629 -0.021642246964452112
leaf_weight=186.96750277787214 638.04735456692288 50.01132048596628 22.315407331683673 123.59898836581851 122.98911496970686 222.7201308987278 293.91064715432003 95.380085629076348
leaf_count=5801 30435 21049 7343 2253 1900 9317 37763 47423
internal_value=-0.000112335 -0.00173842 -0.0276704 -0.00048523 0.0042592 0.0166753 -0.00605487 -0.00542237
internal_weight=1755.94 1568.97 72.3267 1496.65 763.219 346.319 416.9 733.427
internal_count=163284 157483 28392 129091 51233 11570 39663 77858
is_linear=0
shrinkage=0.0750466


Tree=96
num_leaves=9
num_cat=0
split_feature=8 28 74 106 145 113 138 113
split_gain=5.73092 11.4691 10.7033 8.62575 8.40792 10.0457 9.01823 8.21989
threshold=9683.5850000000009 1395.8750000000002 1660.8950000000002 1.0000000180025095e-35 5.5000000000000009 -1171.4999999999998 6957.295000000001 -653.99999999999989
decision_type=2 2 2 2 10 8 10 10
left_child=2 7 -1 -3 5 -4 -7 -2
right_child=1 3 4 -5 -6 6 -8 -9
leaf_value=-0.00098199973402318306 0.0069844601116156851 -0.018773722567751699 -0.012841995143886691 0.027246604561431593 0.043527988417119148 0.041898690067458416 0.00061887370968016146 -0.015480351463364767
leaf_weight=623.97224593504507 437.1096425949072 308.54443771521619 68.587244507783907 24.78045659714553 54.541011957277078 65.626924744574353 54.607910299164359 116.09629299215158
leaf_count=56469 13029 59870 3806 14950 4306 701 6100 4053
internal_value=-0.000112654 -0.00435583 0.00422443 -0.0153524 0.0175735 0.0100766 0.0231503 0.00226997
internal_weight=1753.87 886.531 867.335 333.325 243.363 188.822 120.235 553.206
internal_count=163284 91902 71382 74820 14913 10607 6801 17082
is_linear=0
shrinkage=0.0750466


Tree=97
num_leaves=9
num_cat=0
split_feature=21 4 52 4 5 5 107 5
split_gain=5.5911 5.43693 5.39293 7.07938 5.88805 8.53054 7.66201 10.1521
threshold=1.0000000180025095e-35 1.5000000000000002 69684.140000000014 1.0000000180025095e-35 67.500000000000014 61.500000000000007 45.500000000000007 32.500000000000007
decision_type=2 2 2 2 2 2 2 2
left_child=-1 2 4 -4 5 6 -2 -8
right_child=1 -3 3 -5 -6 -7 7 -9
leaf_value=0.012090897763266622 -0.0040732275712238976 -0.026367144625668738 -0.027315302673201983 0.10023357546253195 -0.013227271981889471 0.019514659134568027 0.040141759621883204 0.0037531074108976426
leaf_weight=188.71891614855849 828.72441026521847 48.313008805271238 61.00187690265011 2.5533571652194942 164.47425014278269 137.54479081119644 51.424824992835056 269.32887247078179
leaf_count=5801 18216 2000 60660 1180 10909 9097 8019 47402
internal_value=-0.000110916 -0.00158384 -0.000793529 -0.022191 0.000143379 0.00185207 -0.000261406 0.00958712
internal_weight=1752.08 1563.37 1515.05 63.5552 1451.5 1287.02 1149.48 320.754
internal_count=163284 157483 155483 61840 93643 82734 73637 55421
is_linear=0
shrinkage=0.0750466


Tree=98
num_leaves=9
num_cat=0
split_feature=33 5 0 0 5 9 128 33
split_gain=5.36573 6.33201 6.80293 7.7726 5.64664 7.37256 16.2707 6.83932
threshold=32887.870000000003 49.500000000000007 32756022.000000004 23493831.000000004 43.500000000000007 2299.4850000000006 -1.0000000180025095e-35 4895.2500000000009
decision_type=2 2 2 2 2 2 10 2
left_child=4 -2 3 -3 5 -1 -7 -6
right_child=1 2 -4 -5 7 6 -8 -9
leaf_value=0.0029804867972701081 -0.035780873355479768 -0.01092187785917326 -0.023424092401455841 0.10058956028158132 -0.0041119831183527361 0.0036938442165609683 0.071862109366217744 0.031223986738552711
leaf_weight=619.86114543145231 49.390967836166965 6.884073943787369 18.11947228416102 7.2047214389313012 929.21712293592282 60.21602183203504 29.322441875367076 31.90827911629458
leaf_count=52306 18718 2649 3816 2450 72248 3174 4198 3725
internal_value=-0.000108259 -0.0188991 0.00698891 0.0461028 0.000809606 0.0058882 0.0260179 -0.00293887
internal_weight=1752.12 81.5992 32.2083 14.0888 1670.53 709.4 89.5385 961.125
internal_count=163284 27633 8915 5099 135651 59678 7372 75973
is_linear=0
shrinkage=0.0750466


Tree=99
num_leaves=9
num_cat=0
split_feature=56 80 74 81 56 131 153 137
split_gain=5.17211 6.09255 12.8251 5.7226 5.13455 5.11341 5.07648 5.03654
threshold=11582.655000000002 4.5000000000000009 391.17500000000007 56108.485000000008 4317.5350000000008 568.90500000000009 1026.3750000000002 83900.485000000015
decision_type=2 2 2 2 2 10 8 10
left_child=1 3 -3 5 7 -1 -4 -5
right_child=-2 2 6 4 -6 -7 -8 -9
leaf_value=0.0018279628443167789 -0.030446639602456634 0.065295468189385655 0.030542548650268692 -0.0066583720466432674 -0.063129646853922972 -0.015500512678944573 -0.011528214278912544 -0.066792498561215261
leaf_weight=1395.9625156965922 31.083933589819935 24.782466164324433 24.423459466954228 104.858618236045 11.822345039036007 102.98243844063836 47.704683560397825 8.4785225050873105
leaf_count=69370 15033 4753 3054 29180 6116 16680 15612 3486
internal_value=-0.000107047 0.000440929 0.0187202 -0.0006498 -0.0160661 0.00063744 0.00271745 -0.0111569
internal_weight=1752.1 1721.02 96.9106 1624.1 125.159 1498.94 72.1281 113.337
internal_count=163284 148251 23419 124832 38782 86050 18666 32666
is_linear=0
shrinkage=0.0750466


Tree=100
num_leaves=9
num_cat=0
split_feature=17 7 56 97 81 138 31 81
split_gain=5.7827 10.8876 5.20653 5.55204 8.95218 8.46356 7.64805 6.84845
threshold=3.5000000000000004 1261.8700000000001 11582.655000000002 41.500000000000007 15997.960000000001 1513.9350000000002 2558.5000000000005 20172.080000000005
decision_type=2 2 2 2 2 8 2 2
left_child=2 -2 3 4 6 -5 -1 -7
right_child=1 -3 -4 5 -6 7 -8 -9
leaf_value=0.0018966587523118041 -0.012415506019102102 0.045955032591474938 -0.033194822404823257 0.041576909397609177 -0.015240804480718779 -0.0096835623111390656 -0.025914817292311536 0.017356207003936676
leaf_weight=1093.0333598734287 31.875282994355075 41.336121070547961 27.830384244312881 39.770440801425138 247.93062525974528 105.51520270864421 58.67791240583756 105.497071507285
leaf_count=37353 3287 4291 14058 2844 43006 16660 8474 33311
internal_value=-0.000104684 0.0205413 -0.00100533 -0.000462536 -0.002305 0.00982045 0.000479707 0.00383516
internal_weight=1751.47 73.2114 1678.25 1650.42 1399.64 250.783 1151.71 211.012
internal_count=163284 7578 155706 141648 88833 52815 45827 49971
is_linear=0
shrinkage=0.0750466


Tree=101
num_leaves=9
num_cat=0
split_feature=50 111 96 10 151 127 149 127
split_gain=18.0522 4.91201 5.4004 9.44539 12.2479 7.82713 7.37143 12.9257
threshold=1.0000000180025095e-35 1.0000000180025095e-35 1.0000000180025095e-35 -627.07499999999993 1.5000000000000002 4883.5000000000009 352.50000000000006 1221.5000000000002
decision_type=2 10 2 2 8 10 10 8
left_child=1 2 -1 4 -4 -6 -5 -8
right_child=-2 -3 3 6 5 -7 7 -9
leaf_value=-0.004126550871465318 -0.045059891206769356 0.022338730953813783 -0.038042866513441416 -0.0055696084731272719 0.0073985762544844487 -0.038532328993170398 0.03473379113145704 0.0065845561473658687
leaf_weight=775.97431365589728 48.89845573513594 59.676049967412837 58.316384982812451 143.03321063103795 160.3915649674309 24.025579183304217 123.76955571725557 356.48241571812832
leaf_count=41637 11035 550 7752 6930 41740 8004 11382 34254
internal_value=-0.000103029 0.00118883 0.000420168 0.00449414 -0.00806487 0.00141477 0.00938515 0.0138391
internal_weight=1750.57 1701.67 1641.99 866.019 242.734 184.417 623.285 480.252
internal_count=163284 152249 151699 110062 57496 49744 52566 45636
is_linear=0
shrinkage=0.0750466


Tree=102
num_leaves=9
num_cat=0
split_feature=108 137 8 7 7 8 151 127
split_gain=10.7773 12.5253 5.5361 9.14451 6.95592 6.62846 12.9257 11.6632
threshold=1.0000000180025095e-35 16998.050000000003 -8804.7999999999975 -1795.6649999999997 1.0000000180025095e-35 9683.5850000000009 1.5000000000000002 510.50000000000006
decision_type=2 8 2 2 2 2 10 10
left_child=2 -2 3 -1 -4 6 7 -6
right_child=1 -3 4 -5 5 -7 -8 -9
leaf_value=-0.0072981921226267909 0.09093034650979559 -0.0032900229947178889 -0.014969649215536195 0.039573243268408775 -0.010953936567324603 -0.0044220291251153539 0.025679244698242541 0.013311952782155134
leaf_weight=45.562073251858237 15.683927003148709 16.106573039694926 201.72862463496858 48.287397584717837 252.73661513965635 827.58623461675597 142.43938302510651 199.69970314025704
leaf_count=9479 861 4141 28493 6442 8218 80820 18110 6720
internal_value=-0.000102997 0.0431938 -0.000904159 0.0168181 -0.00192819 -7.86963e-05 0.00596371 -0.000243278
internal_weight=1749.83 31.7905 1718.04 93.8495 1624.19 1422.46 594.876 452.436
internal_count=163284 5002 158282 15921 142361 113868 33048 14938
is_linear=0
shrinkage=0.0750466


Tree=103
num_leaves=9
num_cat=0
split_feature=99 148 11 12 127 39 150 12
split_gain=5.25168 10.2986 4.92505 6.66056 6.31603 5.05769 5.84486 5.1743
threshold=1.0000000180025095e-35 18.98 18.395000000000003 4.5000000000000009 610.50000000000011 58697.880000000012 1376.0350000000003 8.5000000000000018
decision_type=2 8 2 2 10 2 8 2
left_child=2 -2 4 -4 -1 7 -7 -5
right_child=1 -3 3 5 -6 6 -8 -9
leaf_value=-0.012656858979092063 -0.0067727172445721899 0.04393653775886823 0.026550891627647975 0.003603941984790842 0.0027635637021656847 0.022698730610328906 -0.035422183873507741 -0.016726605581261583
leaf_weight=366.39810961410694 47.095445863044006 43.289121419933508 59.14060361526208 850.46666550790542 252.81247508926026 12.756233453823368 41.277507714868989 76.877318205792108
leaf_count=6097 4551 923 1336 101501 6634 2834 13698 25710
internal_value=-0.000102275 0.0175142 -0.00106162 0.00209202 -0.00636098 0.000618056 -0.0217011 0.00191853
internal_weight=1750.11 90.3846 1659.73 1040.52 619.211 981.378 54.0337 927.344
internal_count=163284 5474 157810 145079 12731 143743 16532 127211
is_linear=0
shrinkage=0.0750466


Tree=104
num_leaves=9
num_cat=0
split_feature=21 33 153 151 151 153 0 151
split_gain=5.01097 7.27572 4.853 6.89477 7.79145 4.33618 6.32186 4.3227
threshold=1.0000000180025095e-35 17595.285000000003 3853.3050000000007 4.5000000000000009 9.5000000000000018 9905.9850000000024 37799697.500000007 4.5000000000000009
decision_type=2 2 10 10 10 10 2 10
left_child=-1 2 7 -4 5 6 -5 -2
right_child=1 -3 3 4 -6 -7 -8 -9
leaf_value=0.011443833853048672 -0.00038819417884372159 -0.025316469692360719 -0.028151802433631017 -0.029513867592078667 -0.016124138671421148 0.055756350588215195 0.04820684028826687 0.012922590628200266
leaf_weight=188.96100488118827 1154.8009096341993 69.021893860946875 81.191631859779591 12.910552079410992 58.843229467660422 16.833562938918476 10.84609806370281 155.96489495583228
leaf_count=5801 58024 28392 9213 3849 20819 3400 2785 31001
internal_value=-9.82421e-05 -0.00149595 -0.000393532 -0.0119258 0.00132347 0.0266171 0.00596952 0.00119562
internal_weight=1749.37 1560.41 1491.39 180.625 99.4334 40.5902 23.7567 1310.77
internal_count=163284 157483 129091 40066 30853 10034 6634 89025
is_linear=0
shrinkage=0.0750466


Tree=105
num_leaves=9
num_cat=0
split_feature=50 39 17 7 73 73 131 74
split_gain=15.8539 5.4758 5.14037 7.72204 4.66521 5.55939 8.91323 6.70762
threshold=1.0000000180025095e-35 313319.83000000002 3.5000000000000004 1261.8700000000001 8.5000000000000018 7.5000000000000009 1049.8350000000003 1660.8950000000002
decision_type=2 2 2 2 2 2 10 2
left_child=1 2 4 -4 5 6 -1 -7
right_child=-2 -3 3 -5 -6 7 -8 -9
leaf_value=0.0018682466941405621 -0.043218428206130782 -0.029241167741416448 -0.0069693256394845965 0.043974267381698573 -0.010191131040923918 -0.0050324514310455511 -0.031240902867562235 0.026577922213041987
leaf_weight=1198.0411490396655 46.733219280533376 32.878650064667454 29.611227753921412 38.605493489012588 190.69054268642503 58.841834672581172 47.613084848606377 105.75842849888431
leaf_count=57544 11035 9697 2818 3051 48243 17050 5580 8266
internal_value=-9.59183e-05 0.0010881 0.00168552 0.0218609 0.000825843 0.00231553 0.000602704 0.0152777
internal_weight=1748.77 1702.04 1669.16 68.2167 1600.95 1410.25 1245.65 164.6
internal_count=163284 152249 142552 5869 136683 88440 63124 25316
is_linear=0
shrinkage=0.0750466


Tree=106
num_leaves=9
num_cat=0
split_feature=50 142 0 140 52 120 113 98
split_gain=14.1137 4.59279 7.56436 5.73497 10.3356 9.0896 6.307 4.31285
threshold=1.0000000180025095e-35 154836.00000000003 15842220.000000002 1.0000000180025095e-35 1.0000000180025095e-35 1037556.6200000002 -1263.4999999999998 1.0000000180025095e-35
decision_type=2 10 2 10 2 8 10 2
left_child=1 -1 -3 6 7 -6 -4 -5
right_child=-2 2 3 4 5 -7 -8 -9
leaf_value=-0.0022632879521109601 -0.041580185723271879 -0.018455401704771921 -0.01019318036050606 0.022099707103846809 -0.032981064345802669 0.075305600319110128 0.012085842672491217 -0.010176251579219633
leaf_weight=1000.7786179022223 44.997245932740043 66.36691317941586 151.70334548887331 281.20862451428548 37.119090607433463 4.9476363667927208 135.46886446398275 25.424884472362464
leaf_count=63066 11035 9501 7943 24948 33862 4099 5491 3339
internal_value=-9.47935e-05 0.00100134 0.00565383 0.00817015 0.0146379 -0.020245 0.00031659 0.0194235
internal_weight=1748.02 1703.02 702.239 635.872 348.7 42.0667 287.172 306.634
internal_count=163284 152249 89183 79682 66248 37961 13434 28287
is_linear=0
shrinkage=0.0750466


Tree=107
num_leaves=9
num_cat=0
split_feature=50 108 72 64 120 10 64 81
split_gain=12.5465 9.53248 4.54624 4.44438 4.63184 5.55524 5.02914 12.8917
threshold=1.0000000180025095e-35 1.0000000180025095e-35 1624.8900000000001 13076.395000000002 182988.00000000003 -1075.2549999999999 3948.2500000000005 11730.585000000001
decision_type=2 2 2 2 8 2 2 2
left_child=1 3 -3 4 5 -1 -6 -8
right_child=-2 2 -4 -5 6 -7 7 -9
leaf_value=-0.022253257059768682 -0.039948112553307866 0.070087296617770328 0.013334635973658719 -0.015910097672648074 0.0031894236168059022 -0.0012199801877614744 -0.027254862385714864 0.060965103474254448
leaf_weight=81.447274284699233 43.384111246457906 15.850688576159884 15.94773259985959 91.766132388758706 921.93083593227493 537.02470529628044 14.36068310572591 26.626221928352606
leaf_count=14719 11035 3391 1159 29125 54237 36740 4163 8715
internal_value=-9.42947e-05 0.000919822 0.0416244 0.00014623 0.00107796 -0.00398988 0.00433298 0.0300553
internal_weight=1748.34 1704.95 31.7984 1673.16 1581.39 618.472 962.918 40.9869
internal_count=163284 152249 4550 147699 118574 51459 67115 12878
is_linear=0
shrinkage=0.0750466


Tree=108
num_leaves=9
num_cat=0
split_feature=17 107 16 52 4 107 146 16
split_gain=4.29307 6.62145 8.00802 5.85094 5.51592 3.71287 5.90936 3.64072
threshold=3.5000000000000004 22.500000000000004 -1.0000000180025095e-35 49202.980000000003 1.5000000000000002 59.500000000000007 13169.080000000002 -14461.189999999999
decision_type=2 2 2 2 2 2 10 2
left_child=3 -2 -3 4 7 -5 -7 -1
right_child=1 2 -4 5 -6 6 -8 -9
leaf_value=0.011178689423652919 -0.013999043723774716 0.060474758724033795 4.7906183382947484e-05 0.0055024785118652601 -0.024777581892752375 -0.034438549275852881 0.088271657418905303 -0.00037279095674787517
leaf_weight=173.129051306576 25.05921888910234 27.446552601235453 22.458768434531521 23.06496949220309 48.502380898484262 58.868897531297989 2.29646634456003 1366.7820884131361
leaf_count=4059 384 2883 4311 6813 1574 62834 3266 77160
internal_value=-9.36007e-05 0.0174762 0.033281 -0.000881043 0.000141059 -0.0201558 -0.0298314 0.000925918
internal_weight=1747.61 74.9645 49.9053 1672.64 1588.41 84.2303 61.1654 1539.91
internal_count=163284 7578 7194 155706 82793 72913 66100 81219
is_linear=0
shrinkage=0.0750466


Tree=109
num_leaves=9
num_cat=0
split_feature=99 141 71 11 120 80 83 51
split_gain=4.60634 11.2171 5.49378 4.22991 5.46777 3.65037 7.98621 6.87093
threshold=1.0000000180025095e-35 4.4850000000000012 1.5000000000000002 -1.0000000180025095e-35 211140.00000000003 2.5000000000000004 1407.6450000000002 1.0000000180025095e-35
decision_type=2 8 2 2 10 2 2 2
left_child=2 -2 3 4 -1 -5 -7 -8
right_child=1 -3 -4 5 -6 6 7 -9
leaf_value=-0.047102687609021948 -0.010853063146902316 0.042085706050177307 0.028496575874076991 -0.0023588728154869832 0.0031111413018870327 -0.012130870924248525 0.027441214396264412 -0.01414813410001451
leaf_weight=25.807449690124486 43.756587916257558 46.494961689997581 34.836485141713638 1364.7611604537233 23.185245311717154 70.904137262623408 108.87046153142001 28.158975198632106
leaf_count=2316 3950 1524 1653 99080 3117 10977 17218 23449
internal_value=-9.11125e-05 0.0164194 -0.000990649 -0.00162408 -0.0233396 -0.0009476 0.00831521 0.0188948
internal_weight=1746.78 90.2515 1656.52 1621.69 48.9927 1572.69 207.934 137.029
internal_count=163284 5474 157810 156157 5433 150724 51644 40667
is_linear=0
shrinkage=0.0750466


Tree=110
num_leaves=9
num_cat=0
split_feature=108 16 133 125 133 57 0 120
split_gain=7.3084 12.953 7.8669 3.42614 3.42144 3.50941 13.3948 6.80126
threshold=1.0000000180025095e-35 -176.96999999999997 8.0000000000000018 -28173.074999999993 6.5000000000000009 6.5000000000000009 37799697.500000007 800917.97000000009
decision_type=2 2 10 8 10 2 2 8
left_child=2 -2 3 -1 5 -5 7 -7
right_child=1 -3 -4 4 -6 6 -8 -9
leaf_value=-0.026453847705014983 -0.012738402532687364 0.080450413726435077 0.038044344941425071 -0.001102968641702457 -0.02825598210272192 -0.027032646272659951 0.090915494039539316 0.056741207630261324
leaf_weight=30.273226632139995 16.548039681976661 17.061840499867685 28.914521241560578 1587.8439584528969 25.49581749382196 21.457856469278344 11.22988171201723 7.3198807277512961
leaf_count=9713 2152 2850 221 134396 324 7010 3253 3365
internal_value=-8.84679e-05 0.0345683 -0.000768635 -0.00143521 -0.000977112 -0.000549863 0.0214021 -0.005724
internal_weight=1746.15 33.6099 1712.54 1683.62 1653.35 1627.85 40.0076 28.7777
internal_count=163284 5002 158282 158061 148348 148024 13628 10375
is_linear=0
shrinkage=0.0750466


Tree=111
num_leaves=9
num_cat=0
split_feature=10 8 125 97 31 7 99 83
split_gain=5.12642 11.3744 6.0499 5.1847 8.75608 7.63327 5.07062 4.87141
threshold=-3005.3049999999998 -8804.7999999999975 -714.92999999999995 147.50000000000003 8091.6550000000016 2282.7150000000006 2.5000000000000004 37776.215000000004
decision_type=2 2 10 2 2 2 2 2
left_child=2 -2 7 6 5 -5 -3 -1
right_child=1 3 -4 4 -6 -7 -8 -9
leaf_value=-0.013538473434221432 0.035050356987715615 -0.0014358236452937203 0.043155509887956876 0.019118193448817322 -0.043542645331779803 0.10760171447421302 0.030174862779588953 -0.056557237475125484
leaf_weight=65.741629462849232 53.09940394408477 1539.9358607561735 8.5035931662714557 14.578179603122413 6.9405605629435732 8.8088488599751127 29.119934594607912 19.141788125707535
leaf_count=14506 6660 119649 2235 3822 3064 2855 642 9851
internal_value=-8.73828e-05 0.000879351 -0.0171937 -0.000255124 0.0304787 0.052446 -0.000849164 -0.0232395
internal_weight=1745.87 1652.48 93.387 1599.38 30.3276 23.387 1569.06 84.8834
internal_count=163284 136692 26592 130032 9741 6677 120291 24357
is_linear=0
shrinkage=0.0750466


Tree=112
num_leaves=9
num_cat=0
split_feature=153 151 8 7 153 58 147 140
split_gain=4.66752 8.76963 13.07 14.1197 9.3972 8.52904 7.91377 7.38054
threshold=475.06500000000005 4.5000000000000009 16678.810000000001 1655.0800000000002 3489.6750000000006 232.54500000000004 -9242.2649999999976 5236.5900000000011
decision_type=10 8 2 2 10 2 8 10
left_child=5 -2 3 7 -5 -1 -7 -3
right_child=1 2 -4 4 -6 6 -8 -9
leaf_value=-0.00018997986918345392 -0.013524469514395154 -0.049268647235569701 -0.019791841546073149 0.093763809249835142 0.013778358599997112 0.046125248950458692 0.0090742342963906972 0.011992067580705489
leaf_weight=984.05951318856387 332.68857428391493 12.268215264077297 78.356254309401265 19.88758002409304 14.164409785807946 41.554780607533758 148.4625427784631 113.98233742486627
leaf_count=31585 47278 2465 33385 2358 3228 4695 7637 30653
internal_value=-8.64838e-05 -0.00564964 0.00532781 0.0176064 0.0604927 0.00262075 0.0171769 0.00603915
internal_weight=1745.42 571.347 238.659 160.303 34.052 1174.08 190.017 126.251
internal_count=163284 119367 72089 38704 5586 43917 12332 33118
is_linear=0
shrinkage=0.0750466


Tree=113
num_leaves=9
num_cat=0
split_feature=22 97 6 20 20 73 8 6
split_gain=4.53497 5.89608 21.6264 21.8293 6.55766 5.39046 4.53967 4.10302
threshold=305328.60000000003 147.50000000000003 171.50000000000003 34.560000000000009 1.6450000000000002 8.5000000000000018 -8804.7999999999975 31.500000000000004
decision_type=2 2 2 2 2 2 2 2
left_child=1 6 4 -4 -3 -2 7 -1
right_child=5 2 3 -5 -6 -7 -8 -9
leaf_value=0.051501416761862907 -0.0060969320386324464 0.026273932086656213 0.21040713132221373 0.010482120313317021 -0.05179316546614568 -0.06038231581440065 -0.0010537644749010477 0.0090098648145683444
leaf_weight=15.326737174342268 33.652369403353077 12.799430626299001 6.2120784014768997 6.0925665652466705 11.509165556315564 14.847166136460144 1567.4500697901094 77.588360039851977
leaf_count=1928 11261 2825 1886 2701 3974 10239 116743 11727
internal_value=-8.81549e-05 0.000558528 0.0303476 0.111416 -0.0106878 -0.0227153 -9.83602e-05 0.016019
internal_weight=1745.48 1696.98 36.6132 12.3046 24.3086 48.4995 1660.37 92.9151
internal_count=163284 141784 11386 4587 6799 21500 130398 13655
is_linear=0
shrinkage=0.0750466


Tree=114
num_leaves=9
num_cat=0
split_feature=50 108 153 133 153 58 127 127
split_gain=11.1877 6.35202 8.73415 6.0702 4.95976 7.98131 7.65451 7.16268
threshold=1.0000000180025095e-35 1.0000000180025095e-35 1824.0150000000003 8.0000000000000018 475.06500000000005 232.54500000000004 991.50000000000011 610.50000000000011
decision_type=2 2 8 10 10 2 8 8
left_child=1 3 -3 4 5 7 -7 -1
right_child=-2 2 -4 -5 -6 6 -8 -9
leaf_value=-0.013142150667886524 -0.03844396980241091 0.07128809988517737 -0.0048080067748282719 0.03503709584821043 -0.0064360020261431004 0.046173953828972075 0.0086994341961774482 0.0030104200050614224
leaf_weight=194.94312901745434 41.807708079199074 16.871002476313151 17.110198203052278 27.69797636452131 521.53246895290795 39.41459639579989 138.80528467547265 747.41648330050521
leaf_count=9144 11035 882 3668 213 106316 2280 8778 20968
internal_value=-9.0184e-05 0.000850943 0.0329722 0.000197264 -0.00039039 0.00242332 0.0169872 -0.000331014
internal_weight=1745.6 1703.79 33.9812 1669.81 1642.11 1120.58 178.22 942.36
internal_count=163284 152249 4550 147699 147486 41170 11058 30112
is_linear=0
shrinkage=0.0750466


Tree=115
num_leaves=9
num_cat=0
split_feature=33 150 80 16 9 149 125 81
split_gain=4.25951 5.64442 3.55022 6.92692 6.20643 7.0169 6.51707 9.48853
threshold=115002.37000000001 1.0000000180025095e-35 2.5000000000000004 2347.2300000000005 116.42500000000003 352.50000000000006 -3860.5749999999994 23460.585000000003
decision_type=2 10 2 2 2 8 10 2
left_child=2 -2 -1 4 -4 -6 7 -7
right_child=1 -3 3 -5 5 6 -8 -9
leaf_value=-0.00086096501828481951 -0.0072339839530450182 -0.068962659984129662 0.042201727788963667 -0.048920462791402407 -0.055193381629089044 0.040791798565787671 0.045723646637524241 -0.0051528744676251972
leaf_weight=1468.358013822457 31.963931266749569 11.28925270160107 32.696343140138197 11.029354472630073 9.7560533285432012 31.953983300772961 24.974046189352521 121.85960089166474
leaf_count=96804 4137 10275 3662 3314 2098 3679 6922 32393
internal_value=-8.87212e-05 -0.0233454 0.000502782 0.0091241 0.0120178 0.0067834 0.0101653 0.0043919
internal_weight=1743.88 43.2532 1700.63 232.269 221.24 188.544 178.788 153.814
internal_count=163284 14412 148872 52068 48754 45092 42994 36072
is_linear=0
shrinkage=0.0750466


Tree=116
num_leaves=9
num_cat=0
split_feature=7 12 9 58 97 57 147 96
split_gain=4.40924 7.76205 7.28935 6.96196 8.98793 9.51008 6.56234 6.21511
threshold=1655.0800000000002 4.5000000000000009 511.12500000000006 4177.2050000000008 11.500000000000002 4.5000000000000009 -31205.244999999999 1.0000000180025095e-35
decision_type=2 2 2 2 2 2 10 2
left_child=2 -2 3 -1 -5 -6 -3 -8
right_child=1 6 -4 4 5 -7 7 -9
leaf_value=-0.0012023291441372642 0.023813712990121732 -0.0047456047725141443 -0.012059958909002164 -0.012389007904615251 0.082991344570432807 0.0035606038765906671 -0.0042473900546058799 0.016610634254749915
leaf_weight=430.14157310471637 95.395134350517765 455.96245937093045 360.45518245932908 20.532000047795009 20.533755935204681 14.472626060131004 127.09116828534752 219.26815156167868
leaf_count=34808 719 31881 52031 2863 3655 2329 8929 26069
internal_value=-8.75592e-05 0.00357604 -0.0039745 0.00202626 0.0270315 0.0501524 0.0011698 0.00895711
internal_weight=1743.85 897.717 846.135 485.68 55.5384 35.0064 802.322 346.359
internal_count=163284 67598 95686 43655 8847 5984 66879 34998
is_linear=0
shrinkage=0.0750466


Tree=117
num_leaves=9
num_cat=0
split_feature=39 97 140 7 7 52 112 5
split_gain=4.04294 4.10584 6.10901 5.99479 3.68566 6.11831 17.4423 6.54918
threshold=313319.83000000002 7.5000000000000009 29747.050000000003 3616.7500000000005 1655.0800000000002 1.0000000180025095e-35 28503.900000000005 59.500000000000007
decision_type=2 2 8 2 2 2 10 2
left_child=4 -2 3 -3 -1 -6 -7 -8
right_child=1 2 -4 -5 5 6 7 -9
leaf_value=-0.0031522638218473833 -0.064234960692796703 -0.017345662552229666 -0.059074570987945225 0.081045760909355502 0.0024324818738809643 0.10951642858589473 -0.019393329437910528 0.062905393955742753
leaf_weight=833.25551171597181 10.699373468538395 8.8762338740198192 8.3732926624652446 5.7446964297341756 835.2606603460008 11.714126443446728 21.88677728295443 7.2496444353091638
leaf_count=92288 1981 3189 3111 2762 35812 2465 18700 2976
internal_value=-8.64655e-05 -0.0258299 -0.00795981 0.0213132 0.000420968 0.00381941 0.0321776 0.00108401
internal_weight=1743.06 33.6936 22.9942 14.6209 1709.37 876.111 40.8505 29.1364
internal_count=163284 11043 9062 5951 152241 59953 24141 21676
is_linear=0
shrinkage=0.0750466


Tree=118
num_leaves=9
num_cat=0
split_feature=108 82 21 5 8 9 22 5
split_gain=4.83755 12.9086 4.49106 4.01351 3.62977 7.94868 8.86178 6.32684
threshold=1.0000000180025095e-35 1.0000000180025095e-35 1.0000000180025095e-35 43.500000000000007 9683.5850000000009 1579.095 -9370.4499999999989 76.500000000000014
decision_type=2 2 2 2 2 2 2 2
left_child=2 -2 3 -1 5 -4 -7 -6
right_child=1 -3 4 -5 7 6 -8 -9
leaf_value=0.022587932115090192 -0.018847560217648367 0.071721068358237966 -0.0054442986410703749 0.00046568264171626024 -0.006900058184589726 -0.016437078025222079 0.015459283317608733 0.031041034384018871
leaf_weight=83.285664436378283 17.377047043730272 18.089719844545471 404.98401628038118 103.69278042501537 742.38623242227914 59.121191741156508 288.17851117319515 25.606860627303831
leaf_count=2782 1455 3547 50715 2947 84011 1391 14201 2235
internal_value=-8.59616e-05 0.0273467 -0.000655852 0.0103196 -0.00200572 0.00169936 0.0100295 -0.005635
internal_weight=1742.72 35.4668 1707.26 186.978 1520.28 752.284 347.3 767.993
internal_count=163284 5002 158282 5729 152553 66307 15592 86246
is_linear=0
shrinkage=0.0750466


Tree=119
num_leaves=9
num_cat=0
split_feature=8 120 109 134 141 55 120 5
split_gain=3.82135 4.74399 5.43459 7.45286 5.26089 4.62611 5.27892 7.41154
threshold=-8804.7999999999975 211140.00000000003 1.0000000180025095e-35 267444.00000000006 2.2850000000000006 1.5000000000000002 182988.00000000003 59.500000000000007
decision_type=2 8 2 8 8 2 10 2
left_child=1 -1 -3 -4 -5 -2 -7 -8
right_child=5 2 3 4 -6 6 7 -9
leaf_value=-0.0073586060625104978 0.00013462637945851864 -0.00026659780263905839 0.098065523321058543 -0.0049612326202938019 0.061087610381444307 -0.028054549665016307 0.024658849191280179 -0.045075226021622748
leaf_weight=36.726221358083421 1527.7183612418521 25.570490353551577 10.559092266033984 15.526850197631576 12.072945209671159 71.215250418768846 30.912316470072255 11.883700648613738
leaf_count=6165 109715 2059 2012 4251 2156 16659 15668 4599
internal_value=-8.42343e-05 0.0141245 0.0265049 0.0444446 0.0239304 -0.000953652 -0.0155363 0.00529492
internal_weight=1742.19 100.456 63.7294 38.1589 27.5998 1641.73 114.011 42.796
internal_count=163284 16643 10478 8419 6407 146641 36926 20267
is_linear=0
shrinkage=0.0750466


Tree=120
num_leaves=9
num_cat=0
split_feature=46 153 108 71 28 123 58 20
split_gain=4.45593 10.2917 3.73733 4.04961 3.77551 6.13505 8.2407 6.34647
threshold=1.0000000180025095e-35 1612.8750000000002 1.0000000180025095e-35 1.5000000000000002 1395.8750000000002 5.5000000000000009 496.29500000000007 3581.3600000000001
decision_type=2 8 2 2 2 8 2 2
left_child=2 -2 3 4 -1 7 -7 -6
right_child=1 -3 -4 -5 5 6 -8 -9
leaf_value=0.0028171602506426893 0.0076316628995730116 -0.040039578723710854 0.025550459325403375 0.025420769499081671 -0.0037689038547013298 -0.035978648776337586 -0.0040393771265480596 0.020483764097564992
leaf_weight=933.70437136609689 53.048782293059048 49.124372361882706 33.827980277172173 35.469694020604948 367.87842025520513 71.720520675939042 124.42753805824759 72.792074018041603
leaf_count=26072 5869 12798 4376 1525 53971 8647 23644 26382
internal_value=-8.2748e-05 -0.0152884 0.000864681 0.00034471 -0.000221624 -0.00467709 -0.0157178 0.000237269
internal_weight=1741.99 102.173 1639.82 1605.99 1570.52 636.819 196.148 440.67
internal_count=163284 18667 144617 140241 138716 112644 32291 80353
is_linear=0
shrinkage=0.0750466


Tree=121
num_leaves=9
num_cat=0
split_feature=50 5 8 137 151 20 20 97
split_gain=9.93495 4.07404 3.17051 6.38321 9.07537 7.71561 4.90057 10.239
threshold=1.0000000180025095e-35 63.500000000000007 -8804.7999999999975 31032.320000000003 4.5000000000000009 55.415000000000006 203.56500000000003 20.500000000000004
decision_type=2 2 2 10 8 2 2 2
left_child=2 -2 3 4 -1 -5 -4 -8
right_child=1 -3 6 5 -6 -7 7 -9
leaf_value=0.0012568662027605197 -0.056302795924073272 -0.0076597572888772412 0.0018132958381189088 -0.035154853346192914 0.058039975877596399 0.038949887802336054 -0.022418188318936737 0.0076226088138166385
leaf_weight=33.53982664711657 24.256687395223707 16.155866720459017 1340.3903674433095 24.63308425899595 30.059201941592619 11.657882667117518 147.8812676432135 112.51914924070297
leaf_count=4204 7316 3719 87425 4770 2638 4270 17928 31014
internal_value=-8.13251e-05 -0.0368566 0.00079255 0.0137641 0.0280946 -0.0113499 -1.68769e-05 -0.00943754
internal_weight=1741.09 40.4126 1700.68 99.89 63.599 36.291 1600.79 260.4
internal_count=163284 11035 152249 15882 6842 9040 136367 48942
is_linear=0
shrinkage=0.0750466


Tree=122
num_leaves=9
num_cat=0
split_feature=44 56 104 125 74 55 140 21
split_gain=3.64082 3.89194 4.92294 4.90848 19.703 5.37937 5.88782 4.16629
threshold=1.0000000180025095e-35 1169.9700000000003 70419.000000000015 -3860.5749999999994 2126.0350000000003 1.5000000000000002 953.55500000000018 1.0000000180025095e-35
decision_type=2 2 2 10 2 2 8 2
left_child=1 7 3 5 -5 6 -3 -1
right_child=-2 2 -4 4 -6 -7 -8 -9
leaf_value=0.012346473976442599 -0.028358954070480759 0.047297930714056031 -0.066678371023519215 -0.026019012685770216 0.13001761836598458 -0.025658199891684507 -0.007920348786285291 0.00012923382769443396
leaf_weight=177.6936196818715 25.269931271323003 13.639583217925974 8.3055582469460187 13.387700484177914 6.9100739860296008 78.348589469307626 53.666682745999424 1363.3537167199247
leaf_count=4524 5166 2256 5150 5467 1967 26271 11695 100788
internal_value=-8.07036e-05 0.000335892 -0.0102946 -0.00747275 0.0271013 -0.0122908 0.00326961 0.00153797
internal_weight=1740.58 1715.31 174.258 165.953 20.2978 145.655 67.3063 1541.05
internal_count=163284 158118 52806 47656 7434 40222 13951 105312
is_linear=0
shrinkage=0.0750466


Tree=123
num_leaves=9
num_cat=0
split_feature=50 95 120 28 151 120 83 18
split_gain=8.75996 3.36442 4.01016 8.83813 8.38877 6.62454 7.47533 6.05644
threshold=1.0000000180025095e-35 5.5000000000000009 154836.00000000003 2982.1750000000006 1.5000000000000002 253368.00000000003 3873.2450000000003 252.93500000000003
decision_type=2 2 10 2 10 10 2 2
left_child=1 2 3 -1 -5 -4 -7 -6
right_child=-2 -3 5 4 7 6 -8 -9
leaf_value=0.0019139338400597581 -0.035221572200730078 0.021289449808376541 0.01576428039492191 -0.031115170034889072 0.016312224133071214 -0.0072288631098589963 0.017446712301101973 -0.012070454071831193
leaf_weight=758.70060120424023 39.054794082614535 43.661970601591747 212.61313680346939 98.90755032011657 56.745236339658732 270.24705026470474 92.918196188395086 166.81887509347871
leaf_count=21308 11035 3163 26103 10892 3363 18270 31158 37992
internal_value=-8.05681e-05 0.00072645 0.000184598 -0.00250965 -0.0129173 0.00524374 -0.000915456 -0.00486634
internal_weight=1739.67 1700.61 1656.95 1081.17 322.472 575.778 363.165 223.564
internal_count=163284 152249 149086 73555 52247 75531 49428 41355
is_linear=0
shrinkage=0.0750466


Tree=124
num_leaves=9
num_cat=0
split_feature=133 7 5 145 140 17 95 80
split_gain=4.27584 3.64938 4.71593 4.36602 6.6887 5.29072 4.31701 15.7325
threshold=8.0000000000000018 1655.0800000000002 27.500000000000004 19.500000000000004 9483.6900000000023 3.5000000000000004 1.5000000000000002 1.0000000180025095e-35
decision_type=10 2 2 10 8 2 2 2
left_child=1 6 -3 5 -5 -4 -1 -8
right_child=-2 2 3 4 -6 -7 7 -9
leaf_value=-0.0058828585015230994 0.026986367244464769 0.031455568740279882 -0.00091920640998469647 0.049559522738350716 -0.006206214058243978 0.028740849041924161 -0.03061600574701949 0.040779847441409479
leaf_weight=750.42432465632737 32.261510564014316 31.11818127699371 767.81458943195321 25.959177922501112 22.711383252302767 35.434531839433475 28.326291467048577 44.991977522731759
leaf_count=88863 244 1482 57602 1932 3000 3445 1433 5283
internal_value=-8.0182e-05 -0.000591793 0.00275985 0.00171168 0.0235373 0.000389217 -0.0041847 0.0131963
internal_weight=1739.04 1706.78 883.038 851.92 48.6706 803.249 823.743 73.3183
internal_count=163284 163040 67461 65979 4932 61047 95579 6716
is_linear=0
shrinkage=0.0750466


Tree=125
num_leaves=9
num_cat=0
split_feature=50 46 116 72 5 28 133 108
split_gain=7.76936 4.06785 7.31395 4.08446 3.95109 3.81303 3.53849 4.16446
threshold=1.0000000180025095e-35 1.0000000180025095e-35 1.0000000180025095e-35 1.0000000180025095e-35 63.500000000000007 10333.675000000001 8.0000000000000018 1.0000000180025095e-35
decision_type=2 2 8 2 2 2 10 2
left_child=1 6 3 5 -2 -3 7 -1
right_child=4 2 -4 -5 -6 -7 -8 -9
leaf_value=0.00055704991698722476 -0.053924464157066379 0.0038998722447165803 -0.035303607359193266 0.021625033262677791 -0.0046397117637984294 -0.065487653100590806 0.027436855988219079 0.02846676228119303
leaf_weight=1541.1452391818602 22.326450282314909 11.88616909614939 47.574767783502466 32.576873275684193 15.53616303221497 7.139473919698502 29.271307962364517 30.709872978535714
leaf_count=130333 7316 1975 9439 2039 3719 4303 211 3949
internal_value=-7.85223e-05 0.000670198 -0.0140786 0.00548972 -0.0337015 -0.0221382 0.00158377 0.00110233
internal_weight=1738.17 1700.3 99.1773 51.6025 37.8626 19.0256 1601.13 1571.86
internal_count=163284 152249 17756 8317 11035 6278 134493 134282
is_linear=0
shrinkage=0.0750466


Tree=126
num_leaves=9
num_cat=0
split_feature=10 125 6 2 107 151 127 107
split_gain=4.52221 6.94844 5.01928 3.96526 4.08033 3.58452 5.82922 4.84051
threshold=-3005.3049999999998 -367.86499999999995 31.500000000000004 1.0000000180025095e-35 1.0000000180025095e-35 4.5000000000000009 3233.5000000000005 97.500000000000014
decision_type=2 10 2 2 2 8 10 2
left_child=1 2 -1 -2 -5 -4 7 -7
right_child=3 -3 5 4 -6 6 -8 -9
leaf_value=0.034214605552292006 -0.0078990643044810228 0.05068380768166722 -0.051577597799303238 0.029243165403944192 0.0017701493972145982 0.026321612716455802 -0.053479651385876591 -0.030787424602813595
leaf_weight=7.9113026783234082 248.89610003191046 7.9651773444420533 25.422480683249887 31.141370229888707 1365.5154658663232 18.740197024031659 16.571325833858282 15.088995196303584
leaf_count=1530 2119 1908 5641 402 134171 1728 8494 7291
internal_value=-7.63035e-05 -0.0162962 -0.0226676 0.000827559 0.00238272 -0.0286026 -0.0170139 0.000848998
internal_weight=1737.25 91.6995 83.7343 1645.55 1396.66 75.823 50.4005 33.8292
internal_count=163284 26592 24684 136692 134573 23154 17513 9019
is_linear=0
shrinkage=0.0750466


Tree=127
num_leaves=9
num_cat=0
split_feature=10 8 6 22 99 96 8 9
split_gain=3.96129 7.39674 7.47104 6.01445 4.01803 4.87772 8.71908 13.6478
threshold=-3005.3049999999998 -8804.7999999999975 105.50000000000001 54211.545000000006 1.0000000180025095e-35 1.0000000180025095e-35 14788.655000000001 1656.3400000000004
decision_type=2 2 2 2 2 2 2 2
left_child=3 2 -2 -1 5 -3 7 -7
right_child=1 4 -4 -5 -6 6 -8 -9
leaf_value=-0.0052120090680245366 0.0059373489057805862 -0.0054299199398701028 0.062262680908390038 -0.052288157752218414 0.016143735476571455 0.00060566873307906627 -0.0063481726139710251 0.028235630223754152
leaf_weight=70.729380953554937 34.564184716582531 735.25847940085805 21.520543123078824 19.498244429029 80.62087355634867 302.27408830473723 321.55962697811628 150.97256942868262
leaf_count=12510 3748 36565 2912 14082 3964 34220 48645 6638
internal_value=-7.4455e-05 0.00076443 0.0275502 -0.0153852 -0.000179988 -0.0010515 0.00310344 0.00980897
internal_weight=1737 1646.77 56.0847 90.2276 1590.69 1510.06 774.806 453.247
internal_count=163284 136692 6660 26592 130032 126068 89503 40858
is_linear=0
shrinkage=0.0750466


Tree=128
num_leaves=9
num_cat=0
split_feature=33 133 64 7 112 141 83 7
split_gain=4.16951 4.36306 4.51939 5.93621 6.33638 7.74678 4.7818 6.43154
threshold=115002.37000000001 8.0000000000000018 25194.515000000003 421.61500000000007 228031.20000000004 1.0000000180025095e-35 37776.215000000004 1.0000000180025095e-35
decision_type=2 10 2 2 8 8 2 2
left_child=1 2 6 -4 5 -5 -1 -8
right_child=-2 -3 3 4 -6 -7 7 -9
leaf_value=-0.00035880607541027138 -0.02315822190919465 0.028878435652109926 -0.061246985484107661 0.074018116268556464 -0.031096509737276387 -0.024854136016777089 -0.018849297804156694 0.025635129088654292
leaf_weight=1498.3004882838723 42.97814269727678 29.996037470875308 15.008064033718254 9.5050335429114075 24.562697618363018 8.4137133659532974 23.36531111298973 84.512517372590082
leaf_count=100658 14412 196 5994 3010 8649 1875 8447 20043
internal_value=-7.43804e-05 0.000511391 -6.8209e-08 -0.0206748 -0.00634124 0.0275928 0.000739937 0.0160002
internal_weight=1736.64 1693.66 1663.67 57.4895 42.4814 17.9187 1606.18 107.878
internal_count=163284 148872 148676 19528 13534 4885 129148 28490
is_linear=0
shrinkage=0.0750466


Tree=129
num_leaves=9
num_cat=0
split_feature=46 138 72 13 72 72 71 98
split_gain=3.30455 8.0636 4.19938 3.02574 3.65138 10.3736 7.21957 7.14949
threshold=1.0000000180025095e-35 3423.4750000000004 407.47000000000008 1.5000000000000002 387.90500000000003 1708.4500000000003 1.5000000000000002 1.0000000180025095e-35
decision_type=2 8 2 2 2 2 2 2
left_child=3 -2 -3 4 6 -6 7 -1
right_child=1 2 -4 -5 5 -7 -8 -9
leaf_value=0.001679247845146959 0.01697054932618736 -0.051851253744892335 -0.013215283781115144 -0.021535452580323359 -0.023518210278456141 0.0011144875075973606 0.049581947412559398 0.031737461189211419
leaf_weight=486.68146811895713 32.971489886476775 26.142577488273673 40.219124668365112 33.657020605634898 107.28711616767396 939.06160874532361 20.717215040509473 49.059132074413355
leaf_count=90201 1999 12281 4387 812 7117 37911 727 7849
internal_value=-7.34331e-05 -0.013364 -0.0284356 0.000733303 0.00120092 -0.00141122 0.00611272 0.00443176
internal_weight=1735.8 99.3332 66.3617 1636.46 1602.81 1046.35 556.458 535.741
internal_count=163284 18667 16668 144617 143805 45028 98777 98050
is_linear=0
shrinkage=0.0750466


Tree=130
num_leaves=9
num_cat=0
split_feature=127 60 141 107 139 127 118 113
split_gain=3.55864 3.38954 4.26905 6.65291 3.65958 3.24017 3.02299 16.1144
threshold=145.50000000000003 1079.3350000000003 0.79500000000000015 85.500000000000014 1.0000000180025095e-35 3233.5000000000005 5692.1350000000011 -501.99999999999994
decision_type=8 2 10 2 10 8 10 10
left_child=-1 6 5 -4 -5 -3 -2 -8
right_child=1 2 3 4 -6 -7 7 -9
leaf_value=-0.021626375588107233 0.000675748611603175 -0.0058635885606526912 0.079309315336792419 0.026399423607963313 -0.061727316730160429 -0.043854154110305833 -0.0056276778449175207 0.11539333601068825
leaf_weight=42.094011631532339 1591.0847942670152 22.996049698900606 6.1112553596176467 5.1555331079507578 5.4691538171682623 28.086409415598609 25.961366067291237 8.1393423413537658
leaf_count=5079 129347 4605 669 2944 3199 6597 8121 2723
internal_value=-7.22741e-05 0.000463636 -0.0159744 0.0169209 -0.0189646 -0.0267517 0.00114959 0.0232583
internal_weight=1735.1 1693 67.8184 16.7359 10.6247 51.0825 1625.19 34.1007
internal_count=163284 158205 18014 6812 6143 11202 140191 10844
is_linear=0
shrinkage=0.0750466


Tree=131
num_leaves=9
num_cat=0
split_feature=45 7 6 6 138 0 5 58
split_gain=3.13947 2.90569 11.6359 7.32421 8.34745 7.42411 7.65492 6.83498
threshold=1.0000000180025095e-35 1655.0800000000002 20.500000000000004 115.50000000000001 1513.9350000000002 42644405.000000007 51.500000000000007 232.54500000000004
decision_type=2 2 2 2 8 2 2 2
left_child=1 -1 -3 4 -4 -6 -7 -5
right_child=-2 2 3 7 5 6 -8 -9
leaf_value=-0.0028990292826210828 -0.026737968929312256 -0.024770378611140953 0.025315423765899001 -0.0097191421357966483 0.023518829314785512 0.0041629889201530235 -0.03236664943996502 0.011147233420879565
leaf_weight=823.68393964702045 24.514257141607231 76.0793193957943 173.43866548227379 231.97164705507748 77.91747668095195 142.66141475596669 41.766926325144595 142.85771948517504
leaf_count=93201 5159 2612 4138 10563 6211 9947 2674 28779
internal_value=-7.18848e-05 0.000310311 0.00329159 0.00592532 0.0125412 0.00409601 -0.00410977 -0.0017664
internal_weight=1734.89 1710.38 886.693 810.614 435.784 262.346 184.428 374.829
internal_count=163284 158125 64924 62312 22970 18832 12621 39342
is_linear=0
shrinkage=0.0750466


Tree=132
num_leaves=9
num_cat=0
split_feature=50 39 16 135 51 81 10 20
split_gain=6.75839 4.42995 3.87188 7.27273 8.18515 5.63488 11.6116 5.39783
threshold=1.0000000180025095e-35 313319.83000000002 -176.96999999999997 -1901.4999999999998 1.0000000180025095e-35 110435.25500000002 -284.26499999999993 203.56500000000003
decision_type=2 2 2 10 2 2 2 2
left_child=1 2 7 -4 -5 -6 -7 -1
right_child=-2 -3 3 4 5 6 -8 -9
leaf_value=0.00018008337441757295 -0.031999790097036608 -0.027212059507309549 -0.0076614531880346212 0.013819918091750882 -0.026541865669413515 -0.027891515451182555 0.13675746669279229 -0.017111294242351586
leaf_weight=887.21594398305751 36.550636401061638 31.617626855470007 172.71847953794349 432.57944908877835 48.912050187616842 6.3474273022293346 3.8911183595337189 114.83726745199237
leaf_count=44316 11035 9697 14056 30836 28436 7937 2858 14113
internal_value=-7.11454e-05 0.000616093 0.00114406 0.00558632 0.0102396 -0.0159443 0.0346827 -0.00180154
internal_weight=1734.67 1698.12 1666.5 664.449 491.73 59.1506 10.2385 1002.05
internal_count=163284 152249 142552 84123 70067 39231 10795 58429
is_linear=0
shrinkage=0.0750466


Tree=133
num_leaves=9
num_cat=0
split_feature=50 153 142 58 10 8 22 58
split_gain=5.95635 3.29891 8.40429 5.10081 8.21303 4.9929 4.94122 6.16146
threshold=1.0000000180025095e-35 475.06500000000005 154836.00000000003 232.54500000000004 -193.11999999999998 -4950.0049999999992 239470.10500000001 1.0000000180025095e-35
decision_type=2 8 8 2 2 2 2 2
left_child=1 3 5 4 -1 -3 -4 -8
right_child=-2 2 6 -5 -6 -7 7 -9
leaf_value=-0.025590681436787596 -0.030482212690419657 0.014567873825165775 0.0029753028784310232 0.014857572709167143 0.0036791745931421542 -0.018601773759589976 0.022859175429607508 -0.060442256022728423
leaf_weight=60.068675502290716 35.531111723223148 29.09136106200458 653.82623928649264 189.56397957305308 533.65182484834804 210.4511272849777 7.4893495356736848 15.050136460427892
leaf_count=4602 11035 4694 64302 11280 17939 34708 2830 11894
internal_value=-7.17717e-05 0.000564128 -0.00249381 0.00413982 0.000717846 -0.0145735 0.00178434 -0.0327631
internal_weight=1734.72 1699.19 915.908 783.284 593.721 239.542 676.366 22.5395
internal_count=163284 152249 118428 33821 22541 39402 79026 14724
is_linear=0
shrinkage=0.0750466


Tree=134
num_leaves=9
num_cat=0
split_feature=11 0 39 142 148 63 16 134
split_gain=3.39779 6.8037 3.53626 4.75335 2.96817 3.61104 2.37076 4.61859
threshold=-1.0000000180025095e-35 39510640.500000007 25863.355000000003 800917.97000000009 3.52 1.5000000000000002 -14461.189999999999 214834.95000000004
decision_type=2 2 2 8 10 2 2 8
left_child=1 -1 4 -4 6 -6 -2 -8
right_child=2 -3 3 -5 5 -7 7 -9
leaf_value=0.005599881298640602 0.00857828931760409 -0.048960563945331485 -0.026530212163457013 0.033132997712906835 0.03905390592609332 -0.017126143860675284 0.0034370070255553176 -0.0052517263489954965
leaf_weight=28.590867573679134 189.92384079132898 23.413231675083807 50.00672170274629 8.851749027729964 23.513508721713151 8.8759648179220658 789.1261729359685 611.59247812982358
leaf_count=3077 7662 2588 14815 3636 4143 4173 71504 51686
internal_value=-7.14015e-05 -0.0189643 0.000512766 -0.0175574 0.00116807 0.0236584 0.000710114 -0.000356734
internal_weight=1733.89 52.0041 1681.89 58.8585 1623.03 32.3895 1590.64 1400.72
internal_count=163284 5665 157619 18451 139168 8316 130852 123190
is_linear=0
shrinkage=0.0750466


Tree=135
num_leaves=9
num_cat=0
split_feature=33 5 16 5 10 52 16 7
split_gain=3.70472 6.81285 7.60993 3.76326 7.73017 8.9958 10.4413 7.27207
threshold=27559.105000000007 42.500000000000007 -10288.865 43.500000000000007 1875.5950000000003 65522.015000000007 -609.50499999999988 278.72500000000008
decision_type=2 2 2 2 2 2 2 2
left_child=3 -2 -3 4 5 6 -1 -8
right_child=1 2 -4 -5 -6 -7 7 -9
leaf_value=-0.0049868480657168836 -0.043361647463357633 0.051767408121185764 -0.01567445426825111 -0.0024070288634556645 0.033946550636334227 -0.037030910406804049 0.00094474739534071688 0.024053397870595183
leaf_weight=316.06258053095371 31.024846278305631 12.630032421155191 37.107878291040834 943.50063161477738 47.880856701784069 30.580462273450394 132.45727739240101 182.18394400915713
leaf_count=9322 13311 2225 13299 75324 1909 27725 8467 11702
internal_value=-6.9256e-05 -0.0157636 0.00145117 0.000697697 0.00482834 0.00272002 0.00464739 0.0143251
internal_weight=1733.43 80.7628 49.7379 1652.67 709.165 661.284 630.704 314.641
internal_count=163284 28835 15524 134449 59125 57216 29491 20169
is_linear=0
shrinkage=0.0750466


Tree=136
num_leaves=9
num_cat=0
split_feature=25 55 16 9 135 9 51 16
split_gain=3.11295 5.79313 6.55922 10.3885 9.14238 7.64366 7.93545 6.89223
threshold=1.0000000180025095e-35 1.5000000000000002 -176.96999999999997 2506.1000000000004 -1110.4999999999998 1934.7000000000003 1.0000000180025095e-35 -1.0000000180025095e-35
decision_type=2 2 2 2 8 2 2 2
left_child=-1 2 -2 5 -5 6 7 -4
right_child=1 -3 3 4 -6 -7 -8 -9
leaf_value=-0.0018584845576924054 -0.0031170763213867404 -0.014158245319433464 0.062715510955348136 0.11063188201483537 0.019111306803474528 -0.027689416900019529 -0.0089075880413479833 0.018429276182066138
leaf_weight=1316.5148219680268 138.3003632774853 69.687600990248029 25.42629938191385 12.00269452852808 12.600984354292452 23.966604456880304 45.113361382864241 89.311559751746245
leaf_count=48497 28505 34479 1186 2608 3598 3711 31521 9179
internal_value=-6.96333e-05 0.00558598 0.00955437 0.0179626 0.0637588 0.0118329 0.0177585 0.0282433
internal_weight=1732.92 416.409 346.722 208.422 24.6037 183.818 159.851 114.738
internal_count=163284 114787 80308 51803 6206 45597 41886 10365
is_linear=0
shrinkage=0.0750466


Tree=137
num_leaves=9
num_cat=0
split_feature=22 140 97 149 55 97 80 80
split_gain=3.2663 5.58231 3.94021 14.2639 6.10144 3.92622 3.12327 5.7104
threshold=409658.84500000003 7173.1900000000014 147.50000000000003 5660.5000000000009 1.0000000180025095e-35 17.500000000000004 6.5000000000000009 10.500000000000002
decision_type=2 10 2 8 2 2 2 2
left_child=2 5 6 4 -4 -2 -1 -8
right_child=1 -3 3 -5 -6 -7 7 -9
leaf_value=-0.00070464724918677948 -0.030347091546993589 -0.06334794727273417 0.026503943797443759 0.11511239118031293 -0.042790215183527942 0.031205039144807507 0.041495947975402028 -0.011556357322022532
leaf_weight=1612.1896055216275 12.231414524445428 12.346877366591796 19.640169270001937 7.7514621494774465 11.259100604060221 11.163218288245842 26.909430445492035 19.859847193038149
leaf_count=124725 2224 10122 4514 2332 5249 3779 6353 3986
internal_value=-7.08666e-05 -0.0225225 0.000401831 0.0240889 0.00125448 -0.000976258 -0.000150034 0.0189681
internal_weight=1733.35 35.7415 1697.61 38.6507 30.8993 23.3946 1658.96 46.7693
internal_count=163284 16125 147159 12095 9763 6003 135064 10339
is_linear=0
shrinkage=0.0750466


Tree=138
num_leaves=9
num_cat=0
split_feature=10 85 22 146 74 24 94 10
split_gain=3.02705 5.86933 4.35671 3.61147 10.0784 4.35708 6.74086 10.2909
threshold=-3005.3049999999998 39354.150000000009 54211.545000000006 1.0000000180025095e-35 2126.0350000000003 1.0000000180025095e-35 1.0000000180025095e-35 -500.88999999999993
decision_type=2 2 2 10 2 2 2 2
left_child=1 2 -1 5 -5 -2 -7 -8
right_child=3 -3 -4 4 -6 6 7 -9
leaf_value=0.00061880217540630916 -0.0023492214186435004 -0.076515990005568385 -0.044657708289584631 -0.0012494949619350068 0.053842297679037282 0.0027807583677241115 0.079604270825552242 0.0089568397809081397
leaf_weight=65.463332090293989 1200.5552597329806 7.6367003637496955 14.647643408439761 61.963701321095868 26.786222764676495 303.32117531158292 17.147039764946385 35.976486240251688
leaf_count=10362 38169 5954 10276 7750 2906 79137 4167 4563
internal_value=-7.08605e-05 -0.0136522 -0.00765964 0.000653267 0.0153781 -0.000186059 0.00709977 0.0317602
internal_weight=1733.5 87.7477 80.111 1645.75 88.7499 1557 356.445 53.1235
internal_count=163284 26592 20638 136692 10656 126036 87867 8730
is_linear=0
shrinkage=0.0750466


Tree=139
num_leaves=9
num_cat=0
split_feature=50 149 5 16 6 140 16 135
split_gain=5.21134 3.94865 5.06774 3.40437 3.69597 5.68226 4.0141 8.3303
threshold=1.0000000180025095e-35 636.50000000000011 63.500000000000007 2347.2300000000005 289.50000000000006 6174.3750000000009 -176.96999999999997 -1901.4999999999998
decision_type=2 10 2 2 2 10 2 10
left_child=3 -2 -3 4 6 -6 -1 -8
right_child=1 2 -4 -5 5 -7 7 -9
leaf_value=-0.0027504106758807867 0.013938611941087571 -0.07296385734232623 -0.0054737746771775066 -0.024025723677487329 0.033411464157086762 -0.014248262816980401 -0.0096121305727826043 0.010081890738591483
leaf_weight=975.48103485618776 8.9592468597184034 14.579599658303779 10.98897896013659 31.249898962159932 44.903345094135148 20.530749039404327 163.65443419211806 463.70633589753561
leaf_count=57823 565 6920 3550 6331 2229 5269 13606 66991
internal_value=-7.09912e-05 -0.0289348 -0.0439577 0.00051541 0.000975111 0.0184576 0.000261408 0.00494447
internal_weight=1734.05 34.5278 25.5686 1699.53 1668.28 65.4341 1602.84 627.361
internal_count=163284 11035 10470 152249 145918 7498 138420 80597
is_linear=0
shrinkage=0.0750466


Tree=140
num_leaves=9
num_cat=0
split_feature=21 56 12 28 113 28 125 145
split_gain=2.93418 3.10964 3.82973 4.0374 3.19942 6.2335 3.40173 4.11233
threshold=1.0000000180025095e-35 11582.655000000002 6.5000000000000009 1395.8750000000002 -2054.4999999999995 5998.3400000000011 -28173.074999999993 5.5000000000000009
decision_type=2 2 2 2 8 2 8 8
left_child=-1 4 -3 -4 5 -2 7 -6
right_child=1 2 3 -5 6 -7 -8 -9
leaf_value=0.0087324955716126564 -0.0010303774990917947 0.016275700847172215 0.022567829767513786 -0.064769453054747947 -0.0038729022449257109 -0.045201231367903619 0.00062880829244198796 -0.063793503749499519
leaf_weight=189.928485312048 56.782381781347794 7.973266465720374 3.781761359699888 14.078684942734979 17.54189950806904 26.340949447403545 1407.6922841857886 10.202119667123041
leaf_count=5801 4007 2033 857 11875 5658 7128 122957 2968
internal_value=-6.97399e-05 -0.00115223 -0.0269707 -0.0462767 -0.000713011 -0.0150277 0.000115924 -0.0259071
internal_weight=1734.32 1544.39 25.8337 17.8604 1518.56 83.1233 1435.44 27.744
internal_count=163284 157483 14765 12732 142718 11135 131583 8626
is_linear=0
shrinkage=0.0750466


Tree=141
num_leaves=9
num_cat=0
split_feature=50 113 112 17 7 33 83 85
split_gain=4.57516 4.34794 3.78869 4.80398 4.82228 4.77018 4.99289 4.60905
threshold=1.0000000180025095e-35 -1079.9999999999998 720815.33500000008 3.5000000000000004 1261.8700000000001 32887.870000000003 16422.695000000003 1.0000000180025095e-35
decision_type=2 10 10 2 2 2 2 2
left_child=2 -2 3 5 -5 -1 -7 -4
right_child=1 -3 7 4 -6 6 -8 -9
leaf_value=-0.00030701777139732653 0.0022863616527048504 -0.052007080797133044 0.0082803712451312936 -0.005077499981916739 0.03552667836293847 -0.013092251386891485 -0.075546973832811531 0.055812760689738818
leaf_weight=1475.8808910953157 15.135645785583618 18.412990085747879 72.927906686963979 27.648137007985497 40.755444854701636 60.830129602014495 8.1783787136155279 13.63784573729208
leaf_count=107314 2582 8453 7560 2597 3019 16012 7997 7750
internal_value=-6.79696e-05 -0.0275123 0.000473675 -0.000347026 0.0191148 -0.00120874 -0.0204939 0.0157688
internal_weight=1733.41 33.5486 1699.86 1613.29 68.4036 1544.89 69.0085 86.5658
internal_count=163284 11035 152249 136939 5616 131323 24009 15310
is_linear=0
shrinkage=0.0750466


Tree=142
num_leaves=9
num_cat=0
split_feature=0 149 149 133 21 4 115 33
split_gain=3.17547 7.4196 5.89573 4.63316 5.00418 5.04484 4.00966 4.07564
threshold=15842220.000000002 2810.5000000000005 3571.5000000000005 8.0000000000000018 1.0000000180025095e-35 1.5000000000000002 -1.0000000180025095e-35 22588.435000000001
decision_type=2 8 10 10 2 2 8 2
left_child=1 -1 -3 4 -2 6 -6 -8
right_child=3 2 -4 -5 5 -7 7 -9
leaf_value=-0.043491066387697161 0.012423592356016276 0.025576659046871439 -0.013098787453698409 0.031127691677441754 -0.020311261081950305 -0.026920523721905749 0.0012818292856444002 -0.021357699675848382
leaf_weight=30.753280576907855 171.72744203770708 31.540378169884207 74.950149035870709 28.010715227224864 54.464789595316688 41.517216359774466 1253.7438410111572 46.442887531338783
leaf_count=2862 5321 1434 12033 218 4118 1899 111946 23453
internal_value=-6.68795e-05 -0.0110209 -0.00164389 0.000875138 0.000334672 -0.00115225 -0.000362511 0.000473142
internal_weight=1733.15 137.244 106.491 1595.91 1567.9 1396.17 1354.65 1300.19
internal_count=163284 16329 13467 146955 146737 141416 139517 135399
is_linear=0
shrinkage=0.0750466


Tree=143
num_leaves=9
num_cat=0
split_feature=73 153 73 11 25 16 9 25
split_gain=3.43959 9.39053 7.33373 7.1253 7.93563 7.38649 6.64081 6.42382
threshold=9.5000000000000018 31829.355000000007 6.5000000000000009 1683.4950000000001 16350.765000000001 -985.6149999999999 1656.3400000000004 2376.4950000000003
decision_type=2 8 2 2 2 2 2 2
left_child=2 -2 -1 4 5 -4 7 -7
right_child=1 -3 3 -5 -6 6 -8 -9
leaf_value=-0.0008519486396391517 -0.0042067976643539885 -0.060899059891665733 -0.0029195758292139074 0.0632871921524783 -0.031306349495032158 -0.020915229498077326 0.045028376485561336 0.044745695933584906
leaf_weight=1324.0844992781422 189.72819006198915 18.017934481733391 66.512584849137056 15.592080062862804 22.499455812649103 22.069302534990129 59.480152882286347 13.539848903194068
leaf_count=71929 55741 3275 5445 7907 9151 2292 3853 3691
internal_value=-6.50875e-05 -0.00912375 0.00116994 0.0145762 0.0104507 0.0162645 0.0296833 0.00405136
internal_weight=1731.52 207.746 1523.78 199.693 184.101 161.602 95.0893 35.6092
internal_count=163284 59016 104268 32339 24432 15281 9836 5983
is_linear=0
shrinkage=0.0750466


Tree=144
num_leaves=9
num_cat=0
split_feature=39 112 74 18 148 18 18 22
split_gain=3.01181 6.3239 4.04601 3.25999 2.64327 8.15275 5.77097 2.91884
threshold=25863.355000000003 164689.20000000004 1790.595 13442.075000000003 5.9250000000000007 5971.0600000000004 36158.410000000011 -22789.309999999994
decision_type=2 8 2 2 10 2 2 2
left_child=4 -2 3 -3 7 -6 -7 -1
right_child=1 2 -4 -5 5 6 -8 -9
leaf_value=0.011002422840184546 -0.047626997533539481 0.020411995223416413 0.035910096349576606 -0.036731619885080925 0.075001034694152188 -0.046050121886961635 0.047042298986344988 -0.00077098654895807407
leaf_weight=128.65672660610289 22.877083365543513 8.8834038749773772 13.187847321045409 15.318158384645356 10.6010951238859 9.6998300027407804 6.1146738391544195 1516.4650153949624
leaf_count=5303 5785 870 3713 8506 771 2276 3764 132296
internal_value=-6.63459e-05 -0.0165485 0.00246712 -0.0157565 0.000527912 0.0240791 -0.010056 0.000149753
internal_weight=1731.8 60.2665 37.3894 24.2016 1671.54 26.4156 15.8145 1645.12
internal_count=163284 18874 13089 9376 144410 6811 6040 137599
is_linear=0
shrinkage=0.0750466


Tree=145
num_leaves=9
num_cat=0
split_feature=20 134 116 20 134 60 10 20
split_gain=3.20445 4.19404 4.46241 3.60023 5.04568 3.51511 3.57212 3.54424
threshold=109749.33500000001 106977.60000000002 2777.4150000000004 48105.080000000009 214834.95000000004 1079.3350000000003 -2212.1799999999994 203.56500000000003
decision_type=2 10 8 2 8 2 2 2
left_child=3 -2 -3 5 -5 7 -7 -1
right_child=1 2 -4 4 -6 6 -8 -9
leaf_value=0.0020038506631027413 -0.050918704024850436 0.010160224245801566 -0.051001622549240948 -0.002404397699310386 0.057382078871183934 -0.052900388703741537 -0.0082871140304201247 -0.0089520248288610018
leaf_weight=1397.2253960388043 15.619176752647034 28.003038575792743 8.8391387401061348 17.059706148109402 14.888431324128758 12.810041433298464 47.91743560705072 188.76636849414717
leaf_count=92390 3141 9763 5256 4653 4745 5236 9034 29066
internal_value=-6.53067e-05 -0.0183297 -0.00451367 0.000505489 0.0254572 2.13979e-05 -0.017698 0.000699871
internal_weight=1731.13 52.4614 36.8422 1678.67 31.9481 1646.72 60.7275 1585.99
internal_count=163284 18160 15019 145124 9398 135726 14270 121456
is_linear=0
shrinkage=0.0750466


Tree=146
num_leaves=9
num_cat=0
split_feature=8 153 153 120 8 83 131 8
split_gain=3.48508 6.34648 4.28402 8.61992 7.48609 5.02752 4.98422 4.65384
threshold=-1.0000000180025095e-35 3489.6750000000006 475.06500000000005 182988.00000000003 1349.8850000000002 37776.215000000004 1378.2750000000003 4104.1750000000011
decision_type=2 10 10 10 2 2 10 2
left_child=1 -1 5 6 -5 7 -4 -2
right_child=2 -3 3 4 -6 -7 -8 -9
leaf_value=0.017021597144050299 -0.010481393802665688 -0.0087223622018768807 -0.020489344236939173 0.07710202782061143 0.0016143031180311594 0.021806604270656591 0.016960172233042189 0.0022940819471339467
leaf_weight=159.38969273863768 199.69730394006183 81.512479898192396 218.73145209524228 7.7587337577060671 159.51047392220062 61.97640131447406 22.03151636140683 820.0365422908726
leaf_count=14623 5402 18661 34191 1459 48030 7250 6548 27120
internal_value=-6.38998e-05 0.00831078 -0.00141815 -0.00797068 0.00511578 0.00105354 -0.0170624 -0.000207775
internal_weight=1730.64 240.902 1489.74 408.032 167.269 1081.71 240.763 1019.73
internal_count=163284 33284 130000 90228 49489 39772 40739 32522
is_linear=0
shrinkage=0.0750466


Tree=147
num_leaves=9
num_cat=0
split_feature=20 112 20 119 55 153 153 115
split_gain=2.82415 5.14237 2.97629 4.37512 3.42877 3.26016 3.40382 4.01736
threshold=109749.33500000001 82344.60000000002 48105.080000000009 1.0000000180025095e-35 1.5000000000000002 2046.8850000000002 9905.9850000000024 22079.930000000004
decision_type=2 10 2 8 2 8 8 8
left_child=2 -2 4 -4 -1 -6 7 -7
right_child=1 -3 3 -5 5 6 -8 -9
leaf_value=0.00091408283018198076 -0.052477348724451235 -0.0013871826124211032 0.070338906501053705 0.0070161528531924979 -0.0012869596219743078 -0.065232469170555252 -0.0091006316816476789 0.018744319455499484
leaf_weight=1541.41724600405 16.136674292167299 35.517352419799863 8.198392180951485 24.536866469396045 58.07597584490577 17.540902487366111 24.917432941045263 3.9265666960927801
leaf_count=103470 3238 14922 3634 5764 12430 10598 6965 2263
internal_value=-6.38149e-05 -0.0173477 0.000468042 0.022875 2.23842e-05 -0.0131355 -0.0279703 -0.0498725
internal_weight=1730.27 51.654 1678.61 32.7353 1645.88 104.461 46.3849 21.4675
internal_count=163284 18160 145124 9398 135726 32256 19826 12861
is_linear=0
shrinkage=0.0750466


Tree=148
num_leaves=9
num_cat=0
split_feature=50 149 6 0 23 150 22 153
split_gain=4.02806 3.38453 3.01679 5.76806 4.95502 4.23953 7.98053 7.92815
threshold=1.0000000180025095e-35 636.50000000000011 289.50000000000006 14632853.000000002 1.5000000000000002 8303.6200000000008 305328.60000000003 1214.0550000000003
decision_type=2 10 2 2 2 10 2 10
left_child=2 -2 3 -1 -4 -5 7 -7
right_child=1 -3 4 5 -6 6 -8 -9
leaf_value=-0.024312013816200548 0.012895514607326028 -0.041103991795138163 -0.0076008494069545168 -0.00099131322477141173 0.033754336635610803 0.037448461583473182 -0.05396682208993344 0.0047748777848832299
leaf_weight=54.023924553861434 9.0371277642552723 23.629545116313238 28.488732716592494 1344.3002287450072 38.192346889394685 55.927592061329051 10.492301955295259 165.87383185665385
leaf_count=5483 565 10470 3427 78268 4299 6642 8574 45556
internal_value=-6.24123e-05 -0.0261652 0.000439969 -0.000199838 0.0160858 0.000626395 0.00998819 0.0130136
internal_weight=1729.97 32.6667 1697.3 1630.62 66.6811 1576.59 232.294 221.801
internal_count=163284 11035 152249 144523 7726 139040 60772 52198
is_linear=0
shrinkage=0.0750466


Tree=149
num_leaves=9
num_cat=0
split_feature=73 142 85 20 24 20 84 72
split_gain=2.7299 7.92658 7.84994 10.9953 14.9578 10.9426 10.665 6.97848
threshold=9.5000000000000018 63342.000000000007 5900.1900000000014 3581.3600000000001 2.5000000000000004 87620.260000000024 3.5000000000000004 1708.4500000000003
decision_type=2 10 2 2 2 2 2 2
left_child=-1 -2 7 4 -4 6 -5 -3
right_child=1 2 3 5 -6 -7 -8 -9
leaf_value=0.001031011300572395 -0.05046749793894581 -0.033824341928312324 0.076491480241768134 0.2128085854793918 -0.035168282346814454 -0.0054421475049920695 0.046726857466185524 0.0011241661701853621
leaf_weight=1525.1200892009147 22.265852537966566 51.570097565450851 9.7814416026303679 4.4200519703081209 21.849985664237465 5.3409431360050794 4.2922471814854362 85.575359446971561
leaf_count=104268 2773 17410 3092 2516 13551 4844 3218 11612
internal_value=-6.21408e-05 -0.00819096 -0.00304234 0.0239006 -0.000639539 0.0791363 0.130986 -0.0120173
internal_weight=1730.22 205.096 182.83 45.6847 31.6314 14.0532 8.7123 137.145
internal_count=163284 59016 56243 27221 16643 10578 5734 29022
is_linear=0
shrinkage=0.0750466


Tree=150
num_leaves=9
num_cat=0
split_feature=8 12 113 12 127 8 10 9
split_gain=3.11256 13.1681 7.50401 7.17818 5.6634 7.20471 10.1102 6.90867
threshold=9683.5850000000009 4.5000000000000009 -2054.4999999999995 4.5000000000000009 1221.5000000000002 12961.865000000002 -109.73499999999999 1061.5900000000001
decision_type=2 2 8 2 8 2 2 2
left_child=2 -2 -1 -4 5 -3 -7 -6
right_child=1 4 3 -5 7 6 -8 -9
leaf_value=-0.023433568864195224 0.023829167963136819 -0.019477241099544879 -0.01569471201683394 0.0073503769309159533 0.005597519630346123 -0.025607816564763151 0.026694889771635661 -0.0140191770244345
leaf_weight=56.13056070003222 90.442734941956587 46.300495974224759 85.022932159947231 727.27283537338735 128.50495263421544 26.619237433369562 95.457326686802844 474.34209990880481
leaf_count=6795 1033 3241 1301 63286 29132 7050 8156 43290
internal_value=-6.62772e-05 -0.00326187 0.00310444 0.00493825 -0.00643888 0.00572974 0.0152901 -0.00983761
internal_weight=1730.09 861.667 868.426 812.296 771.224 168.377 122.077 602.847
internal_count=163284 91902 71382 64587 90869 18447 15206 72422
is_linear=0
shrinkage=0.0750466


Tree=151
num_leaves=9
num_cat=0
split_feature=8 138 151 8 7 142 72 2
split_gain=2.80732 5.22006 6.25283 4.10821 3.89586 6.00113 6.10659 4.41971
threshold=-8804.7999999999975 36105.985000000008 4.5000000000000009 -14931.834999999997 1.0000000180025095e-35 119646.00000000001 387.90500000000003 1.0000000180025095e-35
decision_type=2 10 8 2 2 8 2 2
left_child=1 2 -1 -3 5 -2 7 -7
right_child=4 3 -4 -5 -6 6 -8 -9
leaf_value=0.0022225720518791077 -0.032661754469063442 -0.027110994774120406 0.04859289813909326 0.028822326512476296 0.00054147982859722879 -0.025417366949441089 -0.031886659269869444 0.012399143522147564
leaf_weight=33.877502957162505 51.737287852578447 25.5701862985552 31.705987654633645 10.404994732365592 1430.5752306875802 21.462205598596483 31.951683985498676 92.091798975852726
leaf_count=4240 7166 7243 2674 2486 117129 338 3614 18394
internal_value=-6.65238e-05 0.0120388 0.0246401 -0.0109336 -0.000821768 -0.0107092 -0.00290357 0.00525166
internal_weight=1729.38 101.559 65.5835 35.9752 1627.82 197.243 145.506 113.554
internal_count=163284 16643 6914 9729 146641 29512 22346 18732
is_linear=0
shrinkage=0.0750466


Tree=152
num_leaves=9
num_cat=0
split_feature=64 115 151 8 11 85 153 7
split_gain=3.04029 4.91414 3.59606 11.5829 8.81389 9.58311 7.9023 5.79039
threshold=25194.515000000003 18982.210000000003 4.5000000000000009 6800.3600000000015 93.555000000000021 17653.650000000005 8252.0550000000021 724.37500000000011
decision_type=2 10 10 2 2 2 10 2
left_child=2 -2 6 4 -4 7 -1 -6
right_child=1 -3 3 -5 5 -7 -8 -9
leaf_value=7.546398653420599e-05 -0.024637471252271864 0.046280084261307204 -0.022215211187402203 -0.0067673995822845811 0.030209130798118423 -0.02802456833563503 -0.031341715646487474 0.071890343058067338
leaf_weight=1369.8786311703298 51.326502754021931 6.1639005140568761 18.70485116110649 131.59667610100951 66.020107568227104 12.473914456695637 46.624721617081377 26.228416345766163
leaf_count=73017 17069 4219 2458 39557 11619 7279 5222 2844
internal_value=-6.53014e-05 -0.017034 0.000518318 0.00872194 0.0252365 0.033712 -0.000958644 0.0420601
internal_weight=1729.02 57.4904 1671.53 255.024 123.427 104.722 1416.5 92.2485
internal_count=163284 21288 141996 63757 24200 21742 78239 14463
is_linear=0
shrinkage=0.0750466


Tree=153
num_leaves=9
num_cat=0
split_feature=33 107 24 33 33 115 107 0
split_gain=2.88311 4.14647 2.73955 6.52617 6.34467 7.42765 6.0585 4.46111
threshold=115002.37000000001 97.500000000000014 1.0000000180025095e-35 1.0000000180025095e-35 4895.2500000000009 9407.0200000000023 22.500000000000004 59645539.500000007
decision_type=2 2 2 2 2 10 2 2
left_child=2 -2 3 -1 7 -6 -5 -4
right_child=1 -3 4 6 5 -7 -8 -9
leaf_value=-0.0026236641010751005 -0.0094599453160312263 -0.075336240091069998 0.011008802470754323 0.03740652669083086 -0.054701433768226053 0.060226661193007049 -0.0067568763889083632 -0.01337465105770573
leaf_weight=1206.7550775866621 34.087983069941401 6.3899749173870068 338.45564342842772 45.330539102898911 17.568874260487068 3.8635634252423179 28.489535494743905 48.287469503127795
leaf_count=38334 5257 9155 80792 1257 10608 4124 4789 8968
internal_value=-6.65147e-05 -0.0198594 0.000407904 -0.00129861 0.00576176 -0.0339837 0.0203625 0.00796436
internal_weight=1729.23 40.478 1688.75 1280.58 408.176 21.4324 73.8201 386.743
internal_count=163284 14412 148872 44380 104492 14732 6046 89760
is_linear=0
shrinkage=0.0750466


Tree=154
num_leaves=9
num_cat=0
split_feature=112 125 129 25 10 25 112 120
split_gain=2.69119 11.4635 8.43007 4.68982 9.16346 7.41768 3.87641 8.84095
threshold=720815.33500000008 -2639.3199999999993 12.500000000000002 803.5100000000001 -910.38999999999987 13149.170000000002 228031.20000000004 211140.00000000003
decision_type=10 10 8 2 2 2 10 10
left_child=6 2 -2 -4 5 -5 7 -1
right_child=1 -3 3 4 -6 -7 -8 -9
leaf_value=-0.00060393570489908279 -0.044864931940903033 0.076159557320447713 0.0030114234188005282 0.19638122852393747 -0.0025899197049066474 0.037573041051648069 -0.0086518232565927534 0.02519916776583701
leaf_weight=1266.8113444833507 17.309313479890989 13.543919429357627 48.372745599663176 3.3044741321464208 7.9904163241590158 3.3214531733756303 289.58343518157199 79.477271526484401
leaf_count=95739 7004 2722 2903 1406 2467 3115 38877 9051
internal_value=-6.59695e-05 0.0122933 0.00152094 0.0142677 0.0515204 0.116774 -0.00077496 0.000919334
internal_weight=1729.71 93.8423 80.2984 62.9891 14.6163 6.62593 1635.87 1346.29
internal_count=163284 19617 16895 9891 6988 4521 143667 104790
is_linear=0
shrinkage=0.0750466


Tree=155
num_leaves=9
num_cat=0
split_feature=82 94 6 82 120 127 127 140
split_gain=2.62163 6.62893 4.15662 3.87703 6.82796 6.9465 8.16688 5.21039
threshold=6.5000000000000009 1.0000000180025095e-35 189.50000000000003 4.5000000000000009 154836.00000000003 3462.5000000000005 1578.5000000000002 953.55500000000018
decision_type=2 2 2 2 10 10 10 10
left_child=3 2 -2 -1 7 6 -6 -5
right_child=1 -3 -4 4 5 -7 -8 -9
leaf_value=-0.00012066459992981787 -0.038983774975929246 0.037405985164994313 0.018499358796182017 0.028477258586582486 0.032273197189460763 -0.013816508786668787 0.14541122038718304 -0.042688890953485013
leaf_weight=1628.8967297805393 37.643764368123811 10.683746688860991 8.727174623312747 12.16760507723666 8.1883013845363184 6.0329077373680766 6.4034609511581939 11.061421621998305
leaf_count=127401 14339 2445 4786 1552 2678 3381 2754 3948
internal_value=-6.74173e-05 -0.0158867 -0.0281652 0.000472153 0.0224917 0.0539181 0.0819228 -0.00541132
internal_weight=1729.81 57.0547 46.3709 1672.75 43.8537 20.6247 14.5918 23.229
internal_count=163284 21570 19125 141714 14313 8813 5432 5500
is_linear=0
shrinkage=0.0750466


Tree=156
num_leaves=9
num_cat=0
split_feature=11 112 33 151 151 28 115 11
split_gain=2.82798 5.32355 3.15876 6.11537 3.17389 9.33283 6.10442 5.84365
threshold=-1.0000000180025095e-35 190026.00000000003 115002.37000000001 1.0000000180025095e-35 1.5000000000000002 1395.8750000000002 16352.290000000003 52.845000000000006
decision_type=2 10 2 10 10 2 8 2
left_child=1 -1 4 -4 5 7 -7 -2
right_child=2 -3 3 -5 -6 6 -8 -9
leaf_value=-0.040802817630120107 -0.0018739534193603653 0.0077454987145202684 -0.0044995112699384582 -0.075687031167793031 0.0058645947814467535 -0.0099686538934266912 -0.045069349729331097 0.011236167296979398
leaf_weight=26.483617209516524 643.1409770892642 24.478517059236765 29.721459553671593 8.8112113559582195 511.41387023305651 180.03808679248323 33.0227687049628 272.66532850312069
leaf_count=2383 7565 3282 3995 9728 98836 18566 2885 16044
internal_value=-6.76124e-05 -0.0174837 0.000461072 -0.0207779 0.000960006 -0.00126193 -0.015409 0.00202936
internal_weight=1729.78 50.9621 1678.81 38.5327 1640.28 1128.87 213.061 915.806
internal_count=163284 5665 157619 13723 143896 45060 21451 23609
is_linear=0
shrinkage=0.0750466


Tree=157
num_leaves=9
num_cat=0
split_feature=64 7 11 83 85 83 83 134
split_gain=2.80691 4.07734 4.80849 2.8146 7.02125 3.25713 5.87034 9.51982
threshold=25194.515000000003 421.61500000000007 1469.9150000000002 134898.68000000002 2404.6500000000005 78894.220000000016 53371.560000000005 187492.32000000004
decision_type=2 2 2 2 2 2 2 10
left_child=3 -2 -3 5 -5 6 -1 -8
right_child=1 2 -4 4 -6 -7 7 -9
leaf_value=-8.8623713694237167e-05 -0.051016798709183228 0.013325932433082603 -0.039890988196373184 -0.0032687004743024517 0.075100008575340882 -0.025434367674303314 -0.002001200983385814 0.085244668141827046
leaf_weight=1587.7929905684796 14.369822521592139 28.095132276968798 14.496535064874477 18.569262066546802 9.855999088384122 27.691052837384632 17.098815273791846 11.977865211742026
leaf_count=118516 6476 6535 8277 3753 4347 7492 3586 4302
internal_value=-6.68754e-05 -0.0164495 -0.00478702 0.000490918 0.0239044 8.623e-05 0.000523304 0.0339389
internal_weight=1729.95 56.9615 42.5917 1672.99 28.4253 1644.56 1616.87 29.0767
internal_count=163284 21288 14812 141996 8100 133896 126404 7888
is_linear=0
shrinkage=0.0750466


Tree=158
num_leaves=9
num_cat=0
split_feature=44 17 7 64 131 95 112 82
split_gain=2.70887 3.26119 5.21856 4.58243 4.99139 5.61631 4.54049 4.97686
threshold=1.0000000180025095e-35 3.5000000000000004 1261.8700000000001 11572.960000000001 3618.7050000000004 1.5000000000000002 720815.33500000008 1.0000000180025095e-35
decision_type=2 2 2 2 8 2 10 2
left_child=1 3 -3 6 5 -5 -1 -8
right_child=-2 2 -4 4 -6 -7 7 -9
leaf_value=-0.00037439339714887053 -0.025191009976709866 -0.0086060248838415957 0.031910035435362846 -0.032856355529265809 0.017767769522498721 0.034553903422210763 0.0064230303753196093 0.049170003147670623
leaf_weight=1464.2669258176065 23.835871598599624 29.920057726587402 44.582959663268412 64.960339483961434 18.775379580101799 7.7962310351067563 54.480346754295169 21.350774650101812
leaf_count=107415 5166 3120 3907 25867 5673 1646 3709 6781
internal_value=-6.65544e-05 0.000284452 0.015639 -0.000416662 -0.0167305 -0.025633 0.000552909 0.0184587
internal_weight=1729.97 1706.13 74.503 1631.63 91.532 72.7566 1540.1 75.8311
internal_count=163284 158118 7027 151091 33186 27513 117905 10490
is_linear=0
shrinkage=0.0750466


Tree=159
num_leaves=9
num_cat=0
split_feature=46 120 142 71 151 60 108 120
split_gain=2.54672 7.60391 5.5246 4.91847 2.84614 2.80055 3.64172 2.68203
threshold=1.0000000180025095e-35 588362.69500000007 91494.000000000015 1.0000000180025095e-35 2.5000000000000004 1079.3350000000003 1.0000000180025095e-35 588362.69500000007
decision_type=2 8 8 2 10 2 2 10
left_child=5 2 -2 4 -4 6 7 -1
right_child=1 -3 3 -5 -6 -7 -8 -9
leaf_value=-0.00010354232785269822 0.043411696206293288 -0.042368313502813108 -0.013748831225291101 0.0069950893313246 -0.076396034022192777 -0.015158396228341703 0.026749497179561956 0.012408876177284865
leaf_weight=1437.5795934159469 14.549394808469513 31.234607369036894 8.7941634691378585 34.758349619136425 7.6260373607219654 60.867571878581657 30.917573255610478 103.42241819962146
leaf_count=110755 2721 4346 2348 3256 5996 15817 3492 14553
internal_value=-6.54627e-05 -0.0118821 0.00260533 -0.00899538 -0.0428441 0.000636262 0.00124786 0.000736213
internal_weight=1729.75 96.9626 65.7279 51.1786 16.4202 1632.79 1571.92 1541
internal_count=163284 18667 14321 11600 8344 144617 128800 125308
is_linear=0
shrinkage=0.0750466


Tree=160
num_leaves=9
num_cat=0
split_feature=10 2 12 24 134 134 10 24
split_gain=2.57649 2.85382 2.88551 8.38148 8.21982 7.24572 5.67611 5.37024
threshold=-3005.3049999999998 1.0000000180025095e-35 6.5000000000000009 1.0000000180025095e-35 139352.40000000002 93605.400000000009 -193.11999999999998 8.5000000000000018
decision_type=2 2 2 2 10 8 2 2
left_child=-1 -2 3 6 5 -4 -3 -5
right_child=1 2 4 7 -6 -7 -8 -9
leaf_value=-0.012712725391349029 -0.0068637262572196524 -0.015017013190877641 -0.0013766461494196865 0.027954356397963936 0.0046908871433896304 -0.026906239437241988 0.0045436076328800468 -0.0029368090540850232
leaf_weight=86.177078645298025 245.46538888500072 103.80370882622083 147.8192108202129 123.5972190410539 443.23852910949063 108.61955064152426 428.21149721939582 42.625360779187758
leaf_count=26592 2119 4826 21189 11586 65453 13473 7533 10513
internal_value=-6.38936e-05 0.000599397 0.00190988 0.00532297 -0.0014962 -0.0121902 0.000727053 0.0200328
internal_weight=1729.56 1643.38 1397.92 698.238 699.677 256.439 532.015 166.223
internal_count=163284 136692 134573 34458 100115 34662 12359 22099
is_linear=0
shrinkage=0.0750466


Tree=161
num_leaves=9
num_cat=0
split_feature=50 113 107 120 38 120 107 58
split_gain=3.46673 4.02259 2.97696 5.41331 2.57334 5.56957 10.3332 7.96114
threshold=1.0000000180025095e-35 -1079.9999999999998 45.500000000000007 856148.06500000006 1.0000000180025095e-35 154836.00000000003 85.500000000000014 941.47000000000014
decision_type=2 10 2 10 2 8 2 2
left_child=4 -2 -3 -4 -1 -6 -7 -8
right_child=1 2 3 -5 5 6 7 -9
leaf_value=0.00098322814457850352 0.0038983409419913575 -0.076091958347076008 -0.059189684721271875 0.08028944333133195 -0.042959043015039965 -0.024707619276564834 0.12340606606350615 0.0092493704339081228
leaf_weight=1631.9923960375745 14.840731603741007 9.9161627213761694 4.6530054798713527 2.36298805198021 24.011753960228816 27.415364379608945 5.6324533892038735 8.8413796763197734
leaf_count=133604 2582 946 4465 3042 6096 3203 2888 6458
internal_value=-6.34726e-05 -0.0246239 -0.0496232 -0.0122131 0.00039613 -0.014143 0.00237502 0.0536731
internal_weight=1729.67 31.7729 16.9322 7.01599 1697.89 65.901 41.8892 14.4738
internal_count=163284 11035 8453 7507 152249 18645 12549 9346
is_linear=0
shrinkage=0.0750466


Tree=162
num_leaves=9
num_cat=0
split_feature=135 5 74 7 129 5 72 109
split_gain=2.55636 3.48011 8.45944 3.30285 5.02911 18.7734 6.00878 6.42544
threshold=-532.49999999999989 43.500000000000007 1213.8100000000002 5005.1550000000016 7.5000000000000009 44.500000000000007 2333.3600000000006 1.0000000180025095e-35
decision_type=10 2 2 2 8 2 2 2
left_child=3 2 -2 -1 5 -5 7 -6
right_child=1 -3 -4 4 6 -7 -8 -9
leaf_value=-0.00018048208451983559 -0.028069872153578913 -0.017899925333115577 0.034909139137060799 0.12447224213318857 0.038759473392337818 -0.007057304339458512 -0.020819728040901174 -0.010364330708432623
leaf_weight=1463.0578726387757 21.726897283610015 95.993000302783912 26.86374875553156 9.7273638864571712 36.490972654035431 16.442102226534189 33.6591169608364 25.458507288829423
leaf_count=126885 3868 12482 2191 2475 2765 4533 2475 5610
internal_value=-6.35574e-05 -0.00961622 0.00674861 0.000807927 0.0126828 0.0418331 0.00470394 0.0185718
internal_weight=1729.42 144.584 48.5906 1584.84 121.778 26.1695 95.6086 61.9495
internal_count=163284 18541 6059 144743 17858 7008 10850 8375
is_linear=0
shrinkage=0.0750466


Tree=163
num_leaves=9
num_cat=0
split_feature=11 148 153 153 138 81 28 116
split_gain=2.49202 2.40326 4.61405 2.56073 2.43066 5.19382 2.52918 5.59279
threshold=-1.0000000180025095e-35 5.9250000000000007 3489.6750000000006 8252.0550000000021 97358.630000000019 8797.7650000000012 49726.835000000006 2777.4150000000004
decision_type=2 10 8 8 10 2 2 8
left_child=-1 4 -3 -4 6 -6 -2 -8
right_child=1 2 3 -5 5 -7 7 -9
leaf_value=-0.016516711546211447 9.1007237226032063e-06 0.047600972757754274 -0.050059166304886285 0.022144012341393467 0.0087191491335079172 -0.044241414682125217 -0.0024021742583976956 0.050930668748598924
leaf_weight=50.338759499725711 1562.3199944680819 16.470052012402451 5.7040074515316492 5.3715086529446134 20.81010108339251 20.90615113300737 29.468028364739439 17.740767515188054
leaf_count=5665 120388 2624 2301 2629 2966 9606 9589 7516
internal_value=-6.39181e-05 0.000429421 0.0224137 -0.0150414 6.26853e-05 -0.0178221 0.000526229 0.01764
internal_weight=1729.13 1678.79 27.5456 11.0755 1651.25 41.7163 1609.53 47.2088
internal_count=163284 157619 7554 4930 150065 12572 137493 17105
is_linear=0
shrinkage=0.0750466


Tree=164
num_leaves=9
num_cat=0
split_feature=8 149 74 11 142 123 142 120
split_gain=2.64224 6.5765 7.87334 7.64305 7.60714 6.19223 6.07262 6.04457
threshold=9683.5850000000009 1714.5000000000002 1588.4450000000004 136.92000000000004 309672.00000000006 5.5000000000000009 493684.90500000009 457651.93000000005
decision_type=2 10 2 2 10 10 10 8
left_child=1 -1 3 -3 5 -5 -6 -4
right_child=-2 2 7 4 6 -7 -8 -9
leaf_value=-0.0028662076899953824 -0.0030183613806797956 -0.01399187891973846 0.030652981553315504 0.013196387047578846 0.09616181941700401 -0.043745168697966068 0.021884235123662651 0.00026437165502068749
leaf_weight=492.65718663299413 857.97569234688126 104.24723406491103 126.05637408764596 56.261901460864465 9.8776130952101102 13.298315275751518 16.645251259171346 52.100757057080045
leaf_count=30683 91902 4776 6830 14011 2486 3333 4378 4885
internal_value=-6.23097e-05 0.00284906 0.0102883 8.0966e-05 0.0153496 0.00231047 0.0495466 0.0217661
internal_weight=1729.12 871.145 378.487 200.33 96.0831 69.5602 26.5229 178.157
internal_count=163284 71382 40699 28984 24208 17344 6864 11715
is_linear=0
shrinkage=0.0750466


Tree=165
num_leaves=9
num_cat=0
split_feature=50 5 149 38 81 84 113 150
split_gain=2.99848 4.11527 4.37433 2.30335 3.85739 4.1296 4.92521 3.2772
threshold=1.0000000180025095e-35 63.500000000000007 636.50000000000011 1.0000000180025095e-35 3571.4900000000002 2.5000000000000004 -562.99999999999989 7173.1900000000014
decision_type=2 2 10 2 2 2 10 8
left_child=3 2 -2 -1 7 6 -6 -5
right_child=1 -3 -4 4 5 -7 -8 -9
leaf_value=0.00091191456427593056 0.0089726872646061929 0.0082262985219369745 -0.071912575058698885 -0.0056132784235658319 0.038613210945098127 -0.045193496843844563 -0.034465871755412762 -0.053941049980020792
leaf_weight=1633.2006504652381 5.4447085965948707 13.368954358058543 12.21038758720533 14.40890634308016 18.815708683585399 7.3732280690092002 7.1744523209563367 17.501284046426012
leaf_count=133604 396 3719 6920 2369 5543 4780 2765 3188
internal_value=-6.29026e-05 -0.0231836 -0.0469681 0.000359417 -0.0134646 0.00437723 0.0184401 -0.0321189
internal_weight=1729.5 31.0241 17.6551 1698.47 65.2736 33.3634 25.9902 31.9102
internal_count=163284 11035 7316 152249 18645 13088 8308 5557
is_linear=0
shrinkage=0.0750466


Tree=166
num_leaves=9
num_cat=0
split_feature=0 139 6 150 150 6 142 21
split_gain=2.3281 6.26615 5.10277 4.46911 4.63934 3.5044 3.41601 5.32423
threshold=15842220.000000002 554.4000000000002 289.50000000000006 4363.6450000000013 34230.270000000011 266.50000000000006 154836.00000000003 1.0000000180025095e-35
decision_type=2 8 2 8 8 2 10 2
left_child=1 2 -1 -4 -5 6 -2 -8
right_child=5 -3 3 4 -6 -7 7 -9
leaf_value=-0.030458726906641063 -0.0027428746853331671 0.02105187284696072 0.0371133938035626 -0.047063708900322777 0.020349912588898834 0.024416508250210276 0.041633620863663415 0.0031405117678342479
leaf_weight=67.487881354678393 912.69319360359805 29.433206892585076 14.276722026315836 12.584793534824714 10.585344111019365 34.440941938861215 20.912532935559284 626.7632402672607
leaf_count=8416 59027 1903 1112 2849 2049 4900 756 82272
internal_value=-6.15571e-05 -0.00954833 -0.0181314 0.00408529 -0.0162656 0.000737734 0.000215089 0.0043834
internal_weight=1729.18 134.368 104.935 37.4469 23.1701 1594.81 1560.37 647.676
internal_count=163284 16329 14426 6010 4898 146955 142055 83028
is_linear=0
shrinkage=0.0750466


Tree=167
num_leaves=9
num_cat=0
split_feature=20 120 97 20 0 104 83 137
split_gain=2.32583 4.61205 3.83291 14.97 16.7984 3.67205 5.3222 5.58648
threshold=109749.33500000001 91494.000000000015 147.50000000000003 3.8350000000000004 32756022.000000004 2404.6500000000005 2582.5950000000007 4483.3200000000006
decision_type=2 10 2 2 2 2 2 8
left_child=2 -2 -1 4 -4 6 -3 -8
right_child=1 5 3 -5 -6 -7 7 -9
leaf_value=-0.00013280058170190607 -0.050513406166990849 -0.018794476708026267 0.13767873432285765 -0.026795696499268024 0.0027337061637541251 -0.046647668979484642 0.11148285511318222 0.0088833073551452847
leaf_weight=1639.8849277178524 15.185530568691318 14.842698674758141 9.9139916988351633 17.776416436450745 10.91556189451512 7.7683703681432226 4.7779171109141325 7.9823112031190222
leaf_count=133219 3238 2383 2261 7104 2540 6232 806 5501
internal_value=-6.0246e-05 -0.0159196 0.000417444 0.0237905 0.0669619 -0.00106787 0.0117598 0.0473005
internal_weight=1729.05 50.5568 1678.49 38.606 20.8296 35.3713 27.6029 12.7602
internal_count=163284 18160 145124 11905 4801 14922 8690 6307
is_linear=0
shrinkage=0.0750466


Tree=168
num_leaves=9
num_cat=0
split_feature=82 149 0 0 0 127 107 149
split_gain=2.5453 10.5471 4.8647 5.3682 3.65658 3.3576 8.12224 10.65
threshold=6.5000000000000009 4894.5000000000009 37799697.500000007 44238857.000000007 29151941.000000004 3655.5000000000005 38.500000000000007 1714.5000000000002
decision_type=2 8 2 2 2 10 2 10
left_child=5 2 -2 -4 -3 6 -1 -8
right_child=1 4 3 -5 -6 -7 7 -9
leaf_value=-0.0017184331374279329 -0.071134164063641356 0.067294359972787252 0.038098664565227328 -0.038701705193321757 -0.0024329597121802503 -0.0078754556176533711 -0.0022166624834254441 0.022121489410070774
leaf_weight=1031.6283082467562 14.680771050585461 8.8295699320497096 7.1768000873198643 17.936324985341344 8.1413376830751059 233.67329732771759 189.32005382843272 217.69619538044572
leaf_count=20929 6452 3963 2781 6715 1659 34272 35507 51006
internal_value=-6.22492e-05 -0.0156906 -0.0368158 -0.0167538 0.0338445 0.000468235 0.00182347 0.0108008
internal_weight=1729.08 56.7648 39.7939 25.1131 16.9709 1672.32 1438.64 407.016
internal_count=163284 21570 15948 9496 5622 141714 107442 86513
is_linear=0
shrinkage=0.0750466


Tree=169
num_leaves=9
num_cat=0
split_feature=27 131 27 151 151 31 28 27
split_gain=2.95458 4.90377 3.56897 3.65716 3.60148 3.58932 6.04763 2.73679
threshold=35.500000000000007 3618.7050000000004 23.500000000000004 7.5000000000000009 12.500000000000002 6398.6450000000013 49726.835000000006 2.5000000000000004
decision_type=2 8 2 10 10 2 2 2
left_child=2 -2 7 -4 -5 6 -6 -1
right_child=1 -3 3 4 5 -7 -8 -9
leaf_value=0.0018390609663023537 -0.044025352401705409 0.037690608994668771 0.077774016736775572 -0.030005826624028505 -0.0095317330811989145 -0.019037711713532465 0.081555034133321005 -0.0047192164764742767
leaf_weight=1146.4215112385318 18.873316974189951 5.2967187172762342 5.8286183375421379 8.1280886320382688 6.7462630070731455 6.6423770508263251 10.486345368230102 521.32592613623638
leaf_count=39151 8392 2668 1979 2887 1871 3622 4135 98579
internal_value=-6.31876e-05 -0.0261178 0.000306036 0.0230992 0.0131414 0.0278306 0.0458962 -0.00021101
internal_weight=1729.75 24.17 1705.58 37.8317 32.0031 23.875 17.2326 1667.75
internal_count=163284 11060 152224 14494 12515 9628 6006 137730
is_linear=0
shrinkage=0.0750466


Tree=170
num_leaves=9
num_cat=0
split_feature=39 82 139 24 137 24 108 64
split_gain=2.45867 2.82071 6.29157 3.35439 3.57627 2.84997 7.07471 5.78501
threshold=313319.83000000002 6.5000000000000009 2994.6850000000004 4.5000000000000009 13570.625000000002 1.0000000180025095e-35 1.0000000180025095e-35 2206.9200000000005
decision_type=2 2 8 2 10 2 2 2
left_child=1 5 3 4 -3 7 -7 -1
right_child=-2 2 -4 -5 -6 6 -8 -9
leaf_value=0.00040265427681369481 -0.021043142652006765 -0.036634624829082169 0.040897908299297188 -0.047470857864689957 0.025010105738856363 0.0047757915150539558 0.062745816849290412 -0.022057606810216932
leaf_weight=1211.7060983726333 30.894445005826128 10.796046199058766 8.9407793192949594 23.660068869830866 10.412082638133141 352.24810129781326 12.269686527630254 68.221932722408383
leaf_count=36323 11043 1408 1481 12701 4297 85423 2709 7899
internal_value=-6.21702e-05 0.000319513 -0.0165884 -0.0280436 -0.00637028 0.000872769 0.00672707 -0.000794509
internal_weight=1729.15 1698.25 53.809 44.8682 21.2081 1644.45 364.518 1279.93
internal_count=163284 152241 19887 18406 5705 132354 88132 44222
is_linear=0
shrinkage=0.0750466


Tree=171
num_leaves=9
num_cat=0
split_feature=27 57 118 27 99 153 81 120
split_gain=2.6359 3.40981 7.07481 7.00962 3.51006 3.8902 6.85961 6.82209
threshold=35.500000000000007 6.5000000000000009 inf 14.500000000000002 1.0000000180025095e-35 651.0150000000001 110435.25500000002 182988.00000000003
decision_type=2 2 8 2 2 8 2 10
left_child=1 4 -3 -4 5 -1 7 -7
right_child=-2 2 3 -5 -6 6 -8 -9
leaf_value=0.0026046507881042412 -0.024956017846776236 -0.017735132002427604 0.093286153681924888 0.011825761502710606 0.014532611662423339 -0.007168509568031705 -0.032952678241630576 0.0098282170827407728
leaf_weight=807.47315873254047 23.626643567182327 15.383652207798148 10.552083424867307 13.638836702713887 85.983782320698083 550.96545706600227 45.989597354560829 175.32008126129222
leaf_count=38081 11060 6327 1921 4172 4199 42957 22392 32175
internal_value=-6.13374e-05 0.000283573 0.0220551 0.0473588 -0.000233677 -0.00103739 -0.00484542 -0.00306562
internal_weight=1728.93 1705.31 39.5746 24.1909 1665.73 1579.75 772.275 726.286
internal_count=163284 152224 12420 6093 139804 135605 97524 75132
is_linear=0
shrinkage=0.0750466


Tree=172
num_leaves=9
num_cat=0
split_feature=41 60 31 22 21 16 22 149
split_gain=2.16741 2.3099 3.88121 6.37448 2.22099 3.49645 5.57616 3.32873
threshold=1.0000000180025095e-35 1079.3350000000003 20610.465000000004 19850.095000000005 1.0000000180025095e-35 -6095.0899999999992 -9370.4499999999989 636.50000000000011
decision_type=2 2 2 2 2 2 2 10
left_child=1 2 4 -4 -1 6 7 -6
right_child=-2 -3 3 -5 5 -7 -8 -9
leaf_value=0.0080317883614110207 -0.022413349224486793 -0.013846918701484953 0.0050922722629078076 0.085816939079156773 -0.0083414350371219213 0.001374787725824809 -0.024546794589860321 0.0096282047403746206
leaf_weight=186.60990582709201 24.09168820247578 63.002844826321962 18.227162491697531 7.8958322227081217 162.20456278807978 1095.4146959141981 80.912950907626509 90.423084062596899
leaf_count=5484 5779 17110 3676 4498 3228 113024 5901 4584
internal_value=-6.11664e-05 0.000254728 0.000795905 0.0294918 0.000331905 -0.000673637 -0.00740108 -0.00190956
internal_weight=1728.78 1704.69 1641.69 26.123 1615.57 1428.96 333.541 252.628
internal_count=163284 157505 140395 8174 132221 126737 13713 7812
is_linear=0
shrinkage=0.0750466


Tree=173
num_leaves=9
num_cat=0
split_feature=22 140 80 82 140 120 18 18
split_gain=2.09772 5.09887 3.20772 6.70229 5.00341 6.50639 5.73193 5.25101
threshold=409658.84500000003 7173.1900000000014 4.5000000000000009 1.0000000180025095e-35 10829.135000000002 211140.00000000003 11352.675000000001 64558.765000000007
decision_type=2 10 2 2 8 10 2 2
left_child=2 -2 -1 -4 5 -5 -6 -8
right_child=1 -3 3 4 6 -7 7 -9
leaf_value=-0.00051952987562457992 0.0013927830747792445 -0.061439171394719327 -0.024012192749438225 0.021763932939773703 0.035159181886071179 0.090701257847980832 -0.038832056400396227 0.03985425439074642
leaf_weight=1593.1358116197771 22.787397199204861 10.684702839236705 21.539307772571192 23.332073350924475 21.461980690102791 11.516645414991215 18.005345636960559 6.5010650557451291
leaf_count=122705 6003 10122 3280 5264 2972 2889 6431 3618
internal_value=-5.94234e-05 -0.0186639 0.000307864 0.0131859 0.0230999 0.044546 0.00684157 -0.0179581
internal_weight=1728.96 33.4721 1695.49 102.356 80.8171 34.8487 45.9684 24.5064
internal_count=163284 16125 147159 24454 21174 8153 13021 10049
is_linear=0
shrinkage=0.0750466


Tree=174
num_leaves=9
num_cat=0
split_feature=73 137 80 131 64 80 64 112
split_gain=2.39386 6.33127 6.31899 10.2469 19.3959 9.38466 6.89316 6.50268
threshold=9.5000000000000018 154355.21500000003 2.5000000000000004 1378.2750000000003 1.0000000180025095e-35 4.5000000000000009 10202.01 190026.00000000003
decision_type=2 8 2 8 2 2 2 10
left_child=-1 2 -2 6 -5 -6 7 -4
right_child=1 -3 3 4 5 -7 -8 -9
leaf_value=0.00096068275481330217 -0.014278215712557812 -0.052648308143336764 -0.011196132112545597 -0.049583650173545317 0.20469086186733723 0.06571952897989379 -0.041103776243993972 0.0548074768803219
leaf_weight=1525.4410489754009 118.78811928977666 16.243156115629972 19.618582103470544 5.6050645181967438 4.5352100277304981 6.9010993975389283 17.214616129393107 14.70963420920816
leaf_count=104268 31087 3714 4696 1978 2348 3491 7385 4317
internal_value=-5.95115e-05 -0.00770258 -0.00380627 0.0143312 0.0647796 0.12083 -0.00234834 0.0170864
internal_weight=1729.06 203.615 187.372 68.5842 17.0414 11.4363 51.5428 34.3282
internal_count=163284 59016 55302 24215 7817 5839 16398 9013
is_linear=0
shrinkage=0.0750466


Tree=175
num_leaves=9
num_cat=0
split_feature=50 138 95 108 111 24 107 95
split_gain=2.64974 2.58334 2.04484 1.9265 2.38915 2.47384 7.41078 3.98493
threshold=1.0000000180025095e-35 -1.0000000180025095e-35 5.5000000000000009 1.0000000180025095e-35 1.0000000180025095e-35 9.5000000000000018 52.500000000000007 1.0000000180025095e-35
decision_type=2 10 2 2 10 2 2 2
left_child=2 -2 3 4 5 -1 -7 -8
right_child=1 -3 -4 -5 -6 6 7 -9
leaf_value=-0.00026233325573799383 0.017641158622614526 -0.03411970132703037 0.016101173206029631 0.017259871053312777 0.015393709973852891 0.074494043016385125 -0.024569888038027714 0.02333552789391672
leaf_weight=1475.7237720632766 7.0835440163937191 23.270577237668476 45.070374037873989 35.234560788718227 51.705706044012913 5.1407699175470034 74.420152769398555 11.258929500298107
leaf_count=97579 269 10766 3163 4381 476 485 42203 3962
internal_value=-6.31538e-05 -0.0220406 0.000329596 -0.000100303 -0.000478291 -0.00100217 -0.0130236 -0.0182747
internal_weight=1728.91 30.3541 1698.55 1653.48 1618.25 1566.54 90.8199 85.6791
internal_count=163284 11035 152249 149086 144705 144229 46650 46165
is_linear=0
shrinkage=0.0750466


Tree=176
num_leaves=9
num_cat=0
split_feature=73 148 73 131 18 131 95 72
split_gain=2.04172 6.03175 6.01058 5.4883 4.95366 10.1273 4.91944 5.05346
threshold=9.5000000000000018 2.3450000000000002 6.5000000000000009 1049.8350000000003 64558.765000000007 475.06500000000005 4.5000000000000009 2323.1300000000006
decision_type=2 8 2 10 2 8 2 2
left_child=2 6 3 -1 -4 -6 7 -2
right_child=1 -3 4 -5 5 -7 -8 -9
leaf_value=-1.6401265134847011e-05 -0.012759379016075632 -0.038578616074174066 0.0094652760755846235 -0.025572096769414597 0.01698467698919778 0.15161393102999896 0.047269995881305593 0.017792251235079461
leaf_weight=1273.8586173620097 121.15603955931874 29.389236978444387 186.60813868098558 49.154946977843792 11.813073765068113 4.2895320992502084 10.787405687748103 40.746517640458478
leaf_count=65776 42162 6792 23520 6153 6423 2396 1793 8269
internal_value=-6.0988e-05 -0.00714957 0.000877881 -0.000965892 0.0129115 0.0528482 -0.00180082 -0.00507036
internal_weight=1727.8 202.079 1525.72 1323.01 202.711 16.1026 172.69 161.903
internal_count=163284 59016 104268 71929 32339 8819 52224 50431
is_linear=0
shrinkage=0.0750466


Tree=177
num_leaves=9
num_cat=0
split_feature=127 13 135 63 146 135 127 17
split_gain=2.35971 3.11169 2.7045 4.57076 3.58825 5.23255 10.9306 4.99848
threshold=145.50000000000003 1.5000000000000002 -532.49999999999989 1.5000000000000002 1.0000000180025095e-35 -1263.4999999999998 2104.5000000000005 3.5000000000000004
decision_type=8 2 10 2 10 10 10 2
left_child=-1 2 4 -4 7 -6 -7 -2
right_child=1 -3 3 -5 5 6 -8 -9
leaf_value=-0.018144419552525149 -0.00014803157685507824 -0.025266070163416057 -0.0033175671761586792 -0.04032718140302631 -0.00073093908562944451 0.085218712884815903 0.004123654443693653 0.021177946712622978
leaf_weight=39.708618299147929 1372.3517653355048 26.263579923659563 119.07126982853151 22.316467763110268 44.538795221116743 15.728501618588778 23.122137357804604 64.822472515639674
leaf_count=5079 122439 584 10127 8263 5264 1548 4267 5713
internal_value=-6.14864e-05 0.000363844 0.000768869 -0.00915912 0.00169201 0.0168265 0.0369546 0.000813858
internal_weight=1727.92 1688.21 1661.95 141.388 1520.56 83.3894 38.8506 1437.17
internal_count=163284 158205 157621 18390 139231 11079 5815 128152
is_linear=0
shrinkage=0.0750466


Tree=178
num_leaves=9
num_cat=0
split_feature=11 0 127 127 27 147 147 11
split_gain=2.11087 6.16007 2.47933 3.05272 6.08039 7.07004 6.35631 5.95675
threshold=-1.0000000180025095e-35 39510640.500000007 145.50000000000003 1221.5000000000002 16.500000000000004 -25805.769999999997 -2974.2299999999996 915.67500000000007
decision_type=2 2 8 10 2 10 10 2
left_child=1 -1 -2 4 6 7 -4 -6
right_child=2 -3 3 -5 5 -7 -8 -9
leaf_value=0.0080703902118407812 -0.01867217483561091 -0.045254631813579478 8.3712473705903524e-05 -0.0028820994113581124 -0.0095700031262039836 0.0893615632324892 0.01963542135465654 0.064327487454006252
leaf_weight=27.806192241547251 37.568610651753261 21.739501100189955 787.29173128544062 709.50689710150073 18.989242817013295 9.4577893700188707 106.29084694071207 9.0815161779864848
leaf_count=3077 4849 2588 41266 97176 3665 2051 4938 3674
internal_value=-6.08687e-05 -0.0153274 0.00038985 0.000826353 0.00365219 0.0332447 0.00240937 0.0143375
internal_weight=1727.73 49.5457 1678.19 1640.62 931.111 37.5285 893.583 28.0708
internal_count=163284 5665 157619 152770 55594 9390 46204 7339
is_linear=0
shrinkage=0.0750466


Tree=179
num_leaves=9
num_cat=0
split_feature=50 28 33 32 32 138 138 106
split_gain=2.33276 3.07119 2.52008 6.56481 4.34385 6.37144 3.73996 3.7299
threshold=1.0000000180025095e-35 1.0000000180025095e-35 17595.285000000003 10.500000000000002 1.0000000180025095e-35 21996.515000000003 12094.745000000001 1.0000000180025095e-35
decision_type=2 2 2 2 2 8 8 2
left_child=2 -2 4 6 7 -6 -4 -1
right_child=1 -3 3 -5 5 -7 -8 -9
leaf_value=-0.00058867231998443201 0.00086592687371896549 -0.047620281306750098 0.0002612815313031377 0.029164476781970601 0.051925153115186577 -0.0028409198865085301 -0.035213785964466858 0.015417359807732173
leaf_weight=1473.9143948559795 16.392416455550123 13.349121236800782 26.622947735602793 17.553332168638008 22.833998751040781 25.132073755739839 45.074245353778679 86.826002421315934
leaf_count=92836 885 10150 5967 2378 1844 2853 22186 24185
internal_value=-6.0545e-05 -0.0208965 0.000304419 -0.0119702 0.00098541 0.0232302 -0.022041 0.000301764
internal_weight=1727.7 29.7415 1697.96 89.2505 1608.71 47.9661 71.6972 1560.74
internal_count=163284 11035 152249 30531 121718 4697 28153 117021
is_linear=0
shrinkage=0.0750466


Tree=180
num_leaves=9
num_cat=0
split_feature=56 151 127 56 127 58 129 151
split_gain=2.21439 2.20252 5.65223 5.48566 7.16669 8.94011 5.4357 5.35762
threshold=11582.655000000002 4.5000000000000009 510.50000000000006 2970.1600000000003 3001.5000000000005 7157.0650000000014 2.5000000000000004 7.5000000000000009
decision_type=2 10 8 2 10 2 8 10
left_child=1 -1 7 6 -5 -6 -4 -3
right_child=-2 2 3 4 5 -7 -8 -9
leaf_value=-0.00090845393820525994 -0.021786916469152588 0.0018970751005187359 -0.021655264391545213 -0.0014412199110288724 0.15709583427842588 0.021058986886544305 0.0055462026495515628 0.059549978162055414
leaf_weight=1428.3289154881459 26.020417424351763 16.389322012415505 56.296746042651648 13.122010818937271 4.8369532760880229 6.2188320914938231 156.092022261073 20.349703852731182
leaf_count=80162 15033 2508 14862 6023 2886 4017 33609 4184
internal_value=-5.96454e-05 0.000272596 0.00644491 0.00219183 0.0360627 0.0805757 -0.00166394 0.033831
internal_weight=1727.65 1701.63 273.306 236.567 24.1778 11.0558 212.389 36.739
internal_count=163284 148251 68089 61397 12926 6903 48471 6692
is_linear=0
shrinkage=0.0750466


Tree=181
num_leaves=9
num_cat=0
split_feature=10 120 97 109 74 99 5 97
split_gain=2.54706 4.60576 3.93963 5.1562 3.10304 2.91716 4.0926 10.0302
threshold=-3005.3049999999998 154836.00000000003 3.5000000000000004 1.0000000180025095e-35 943.84000000000015 1.0000000180025095e-35 61.500000000000007 14.500000000000002
decision_type=2 8 2 2 2 2 2 2
left_child=1 -1 -3 -4 -5 6 -2 -8
right_child=5 2 3 4 -6 -7 7 -9
leaf_value=-0.047250095788372456 -0.0020055727763994544 0.025102217260007824 -0.049763912052482949 0.041983123331374689 -0.011198956866377964 0.014213848806860638 0.017124048486537622 -0.012517463538020726
leaf_weight=17.305366922246321 1260.0361122292925 19.031639554821595 16.231301754760352 8.1716422057834261 25.339596437590444 84.097858905432076 203.88497020322393 93.907142674681381
leaf_count=4298 112311 2434 4416 3660 11784 4133 8101 12147
internal_value=-6.03389e-05 -0.0126439 -0.00393611 -0.0150463 0.00176938 0.000599367 -0.000135597 0.00777676
internal_weight=1728.01 86.0795 68.7742 49.7425 33.5112 1641.93 1557.83 297.792
internal_count=163284 26592 22294 19860 15444 136692 132559 20248
is_linear=0
shrinkage=0.0750466


Tree=182
num_leaves=9
num_cat=0
split_feature=134 112 27 149 27 16 11 112
split_gain=1.99188 4.00004 4.24972 6.97954 4.4731 5.90967 8.52518 3.75398
threshold=1378588.4800000002 720815.33500000008 12.500000000000002 1894.5000000000002 17.500000000000004 -1222.1199999999997 1147.6250000000002 228031.20000000004
decision_type=10 10 2 10 2 2 2 10
left_child=1 7 3 -3 -4 -6 -7 -1
right_child=-2 2 4 -5 5 6 -8 -9
leaf_value=0.0011291758611803209 -0.021358520287699377 -0.0038096376193805658 -0.076252461855060016 0.049866811485799141 -0.060744293372716869 0.11326216421174924 -0.022928862376636824 -0.0083190597420591591
leaf_weight=1338.6241609177778 24.379830942785702 23.296821137410006 4.7465644944677505 32.925622844853933 4.9154968679504245 4.7507253471158002 5.6878814596966549 287.74931985426338
leaf_count=104539 4549 1357 2032 4287 2140 1345 4440 38595
internal_value=-5.94648e-05 0.000245503 0.0170365 0.027625 -0.0125799 0.00710379 0.0390532 -0.000542472
internal_weight=1727.08 1702.7 76.3231 56.2224 20.1007 15.3541 10.4386 1626.37
internal_count=163284 158735 15601 5644 9957 7925 5785 143134
is_linear=0
shrinkage=0.0750466


Tree=183
num_leaves=9
num_cat=0
split_feature=4 111 127 123 82 18 20 9
split_gain=2.08485 3.1276 3.40877 4.16969 4.12157 5.43688 6.38752 7.54389
threshold=1.5000000000000002 1.0000000180025095e-35 2104.5000000000005 19.500000000000004 2.5000000000000004 5971.0600000000004 34.560000000000009 938.67500000000007
decision_type=2 10 10 10 2 2 2 2
left_child=1 2 -1 4 -4 -6 7 -7
right_child=-2 -3 3 -5 5 6 -8 -9
leaf_value=0.0019774090588896382 -0.015339552451872322 0.018157987740812138 -0.006816363076568523 -0.030987119156461466 -0.023737831616637155 0.11323539903341032 0.004329098999725182 0.019751937801765165
leaf_weight=1157.5782694082827 48.866840716087609 53.973737092048395 363.98769262010319 33.850018920351431 16.88105500004167 8.2995603871022485 31.658717444464855 11.736907711041566
leaf_count=85776 2213 415 41312 4986 2225 3504 18306 4547
internal_value=-5.93904e-05 0.000385609 -0.00020506 -0.00562166 -0.00363671 0.0132402 0.0253154 0.0584749
internal_weight=1726.83 1677.97 1623.99 466.414 432.564 68.5762 51.6952 20.0365
internal_count=163284 161071 160656 74880 69894 28582 26357 8051
is_linear=0
shrinkage=0.0750466


Tree=184
num_leaves=9
num_cat=0
split_feature=8 120 128 16 80 56 106 56
split_gain=2.2442 2.82397 3.91123 3.84281 7.03591 2.08339 5.8201 4.69811
threshold=-8804.7999999999975 211140.00000000003 17903.090000000004 -1870.675 2.5000000000000004 4317.5350000000008 1.0000000180025095e-35 21253.200000000001
decision_type=2 8 8 2 2 2 2 2
left_child=1 2 -1 -3 -5 -2 7 -7
right_child=5 3 -4 4 -6 6 -8 -9
leaf_value=-0.03496308176017713 -0.00013760184683168081 -0.0040004590665616542 0.01505020789653575 0.013950308905969419 0.081339400469834691 0.0029439038560392108 -0.068102424497767142 -0.053468305696502641
leaf_weight=15.323566589941038 1545.8613857753626 24.197730237578071 20.70679444916459 30.105990859312442 12.286922724801114 58.291003967564393 9.4006646842026367 9.6978381053049798
leaf_count=3496 115419 2754 2669 4072 3652 18669 7052 5501
internal_value=-5.87333e-05 0.0107042 -0.00622024 0.0198616 0.033482 -0.000739162 -0.0127554 -0.00510266
internal_weight=1725.87 102.621 36.0304 66.5906 42.3929 1623.25 77.3895 67.9888
internal_count=163284 16643 6165 10478 7724 146641 31222 24170
is_linear=0
shrinkage=0.0750466


Tree=185
num_leaves=9
num_cat=0
split_feature=10 6 8 129 142 23 142 83
split_gain=2.31938 5.53826 4.52553 5.03165 4.62606 7.67907 5.36663 3.96291
threshold=-3005.3049999999998 31.500000000000004 -1.0000000180025095e-35 7.5000000000000009 238705.50000000003 1.5000000000000002 119646.00000000001 37776.215000000004
decision_type=2 2 2 8 8 2 10 2
left_child=1 -1 3 -2 5 6 -5 -4
right_child=2 -3 7 4 -6 -7 -8 -9
leaf_value=0.043472563595063574 -0.010971217359904854 -0.018703361792480798 -0.0019450447099528076 0.020191924392719281 0.0041059226606804163 -0.004408190396031215 0.068646107474220883 0.013112533039949682
leaf_weight=9.02314799546002 43.00485994524206 76.257333194564126 1347.3208703671007 23.155651962399133 68.247183003775717 23.673184924453381 28.992079061426921 106.19777789239015
leaf_count=1701 7713 24891 89645 2192 4627 2303 2941 27271
internal_value=-5.81097e-05 -0.0121248 0.000569136 0.0115559 0.0182803 0.0310389 0.0471305 -0.0008449
internal_weight=1725.87 85.2805 1640.59 187.073 144.068 75.8209 52.1477 1453.52
internal_count=163284 26592 136692 19776 12063 7436 5133 116916
is_linear=0
shrinkage=0.0750466


Tree=186
num_leaves=9
num_cat=0
split_feature=39 107 5 39 20 107 20 18
split_gain=2.13914 3.89995 3.89638 2.90463 2.09251 6.01167 6.60338 5.79883
threshold=313319.83000000002 123.50000000000001 59.500000000000007 1114936.5000000002 203.56500000000003 30.500000000000004 3581.3600000000001 111286.64000000001
decision_type=2 2 2 2 2 2 2 2
left_child=4 2 -2 -3 -1 -6 -7 -8
right_child=1 3 -4 -5 5 6 7 -9
leaf_value=0.0014425631059267843 -0.060359252917466528 -0.011634784105951637 0.00051905756854323708 0.091891530529739196 -0.020336356212248968 -0.020226812163882005 0.018297170638330845 -0.033018171936560023
leaf_weight=1425.7069386090006 13.446066251399321 3.5301821224129517 10.579985170486905 2.6889574817505491 100.24327325276681 49.552310934441266 106.44861583493002 14.038034341961973
leaf_count=97975 3776 3200 1901 2166 2774 10742 30483 10267
internal_value=-5.79765e-05 -0.0198406 -0.0335512 0.0331267 0.000294815 -0.00575942 0.00283413 0.0123184
internal_weight=1726.23 30.2452 24.0261 6.21914 1695.99 270.282 170.039 120.487
internal_count=163284 11043 5677 5366 152241 54266 51492 40750
is_linear=0
shrinkage=0.0750466


Tree=187
num_leaves=9
num_cat=0
split_feature=7 51 112 103 51 18 56 51
split_gain=2.27311 5.00951 12.539 6.15232 5.03086 9.02798 3.6807 3.66519
threshold=1655.0800000000002 1.0000000180025095e-35 28503.900000000005 2.5000000000000004 1.5000000000000002 55363.020000000011 70.580000000000013 1.0000000180025095e-35
decision_type=2 2 10 2 2 2 2 2
left_child=7 -2 -3 4 6 -6 -4 -1
right_child=1 2 3 -5 5 -7 -8 -9
leaf_value=-0.001036421434461628 0.0012780453621467 0.089154469188090502 0.019456537904072597 -0.056431818249987185 0.1302932507672144 -0.029503556306397737 -0.0598254237898578 -0.016323077512813415
leaf_weight=728.93547518420746 852.10438798179894 12.989418352779465 10.784385943450621 7.7672369770443757 5.0635585947820783 3.281713205473352 4.7507543580868505 100.51582205117302
leaf_count=35995 38950 2674 5555 8899 2365 3505 5650 59691
internal_value=-5.7295e-05 0.00256184 0.027069 0.00158675 0.0204576 0.0674544 -0.00478844 -0.00288891
internal_weight=1726.19 896.741 44.6371 31.6476 23.8804 8.34527 15.5351 829.451
internal_count=163284 67598 28648 25974 17075 5870 11205 95686
is_linear=0
shrinkage=0.0750466


Tree=188
num_leaves=9
num_cat=0
split_feature=50 5 5 16 134 63 8 8
split_gain=2.03595 3.8779 4.21479 2.69554 3.46659 2.82276 7.76446 9.51629
threshold=1.0000000180025095e-35 61.500000000000007 44.500000000000007 2347.2300000000005 360218.03500000009 4.5000000000000009 1349.8850000000002 8212.8900000000012
decision_type=2 2 2 2 8 2 2 2
left_child=3 2 -2 5 -5 -1 -7 -8
right_child=1 -3 -4 4 -6 6 7 -9
leaf_value=3.6145782100580771e-05 0.0018845754931194622 0.0082901283855649592 -0.079514349330461365 -0.0031036462339322102 -0.056373933151247141 -0.039094853710480298 0.081900682102817743 0.010002991666803405
leaf_weight=1597.1274776396276 6.0218148440144459 14.204489431502223 8.8446601101659308 19.402878097993383 10.660068263750871 12.123630460420825 13.577505522247518 43.862653723695985
leaf_count=119821 2290 4269 4476 3882 2449 5804 3784 16509
internal_value=-5.84178e-05 -0.0197507 -0.0465429 0.000278976 -0.0219928 0.000680704 0.0154792 0.0269979
internal_weight=1725.83 29.071 14.8665 1696.75 30.0629 1666.69 69.5638 57.4402
internal_count=163284 11035 6766 152249 6331 145918 26097 20293
is_linear=0
shrinkage=0.0750466


Tree=189
num_leaves=9
num_cat=0
split_feature=153 4 27 8 140 140 149 149
split_gain=2.23711 7.17623 5.32987 5.31236 3.96373 3.36613 3.33601 4.18093
threshold=5389.9350000000004 1.5000000000000002 1.0000000180025095e-35 -8804.7999999999975 1.0000000180025095e-35 8303.6200000000008 636.50000000000011 1189.5000000000002
decision_type=10 2 2 2 10 8 8 8
left_child=3 2 -2 4 -1 -6 -5 -8
right_child=1 -3 -4 6 5 -7 7 -9
leaf_value=0.0047096671576209378 0.032251166821999404 -0.071460639300656478 -0.010454285457448337 -0.008484925679344767 0.066803063364512708 0.014950889485053492 0.014528782543975351 -1.7684436145697803e-05
leaf_weight=32.944270570733352 19.117003906867467 9.65167988410394 118.39253023132733 227.60671921401081 15.341503783194637 13.048240775420711 123.01404688466573 1166.6710082314385
leaf_count=1802 524 919 38839 17146 2355 2805 7967 90927
internal_value=-5.81727e-05 -0.00890777 -0.00451724 0.000766797 0.0224198 0.0429712 -0.000108492 0.0013698
internal_weight=1725.79 147.161 137.51 1578.63 61.334 28.3897 1517.29 1289.69
internal_count=163284 40282 39363 123002 6962 5160 116040 98894
is_linear=0
shrinkage=0.0750466


Tree=190
num_leaves=9
num_cat=0
split_feature=82 6 131 135 82 0 112 28
split_gain=2.11075 4.69398 4.17559 2.99212 2.47509 8.96828 7.31335 7.55175
threshold=6.5000000000000009 189.50000000000003 475.06500000000005 -866.99999999999989 4.5000000000000009 23493831.000000004 139352.40000000002 28503.825000000004
decision_type=2 2 8 10 2 2 10 2
left_child=4 3 -3 -2 -1 -6 -7 -8
right_child=1 2 -4 -5 5 6 7 -9
leaf_value=-6.5310818442849825e-05 -0.016326246521240137 -0.009571410663999377 0.082713874735525036 -0.066938980749492644 -0.057110664052569822 0.0012937696124369544 0.028552139904084388 0.12797960459756569
leaf_weight=1623.8797277974409 35.938237739777833 6.7024567759108296 4.6959732890445602 8.0523769472565601 7.562918428435295 20.260673466873413 11.162563902042168 7.0003077803739862
leaf_count=127401 12412 3119 2299 3740 2770 4787 2927 3829
internal_value=-5.71742e-05 -0.0144701 0.0284487 -0.0255908 0.000420898 0.01759 0.0322933 0.0668733
internal_weight=1725.26 55.389 11.3984 43.9906 1669.87 45.9865 38.4235 18.1629
internal_count=163284 21570 5418 16152 141714 14313 11543 6756
is_linear=0
shrinkage=0.0750466


Tree=191
num_leaves=9
num_cat=0
split_feature=64 116 64 64 151 74 151 30
split_gain=1.9731 3.03111 2.34558 3.96197 3.0892 2.1214 1.91622 3.559
threshold=25194.515000000003 19720.290000000005 84328.445000000022 34151.395000000011 9.5000000000000018 1213.8100000000002 4.5000000000000009 2.5000000000000004
decision_type=2 10 2 2 8 2 10 2
left_child=6 2 3 -2 5 -5 7 -1
right_child=1 -3 -4 4 -6 -7 -8 -9
leaf_value=7.4452882243811221e-05 -0.044675272795295318 0.035981775141135465 -0.053359397890822946 -0.004565911668459331 -0.024126751028450653 0.054001553155550414 0.0062980843108302311 -0.019208866377393372
leaf_weight=1352.6786977800439 13.658151255396659 6.0577106175187501 9.6875053271487541 6.1351386859023505 11.129627713971784 8.0579244484852079 261.76132301749931 56.141920546062465
leaf_count=68222 4523 4087 3952 2988 3476 2262 63757 10017
internal_value=-5.77547e-05 -0.0140797 -0.0203108 -0.0120976 0.0054736 0.028685 0.000401586 -0.000693993
internal_weight=1725.31 54.7261 48.6683 38.9808 25.3227 14.1931 1670.58 1408.82
internal_count=163284 21288 17201 13249 8726 5250 141996 78239
is_linear=0
shrinkage=0.0750466


Tree=192
num_leaves=9
num_cat=0
split_feature=46 112 137 142 6 142 112 142
split_gain=1.99879 6.66862 4.41504 4.21397 4.94077 3.17083 2.21671 4.39198
threshold=1.0000000180025095e-35 278704.80000000005 2950.8750000000005 91494.000000000015 163.50000000000003 154836.00000000003 720815.33500000008 1245067.9450000001
decision_type=2 8 10 8 2 10 10 8
left_child=6 3 -3 -2 5 -5 -1 -8
right_child=1 2 -4 4 -6 -7 7 -9
leaf_value=-0.00011224362423112935 0.040266278458181523 -0.013815039348225965 -0.065079059994998356 -0.050494732225377169 0.035039971391798173 -0.00076851347048881508 0.027207186663762428 -0.0058203599281564846
leaf_weight=1538.7810601433157 14.89014671620316 23.771657855817466 15.71783072551443 12.967718441410399 11.619501978701008 16.300158627156634 49.01883291433478 42.19612838386638
leaf_count=127092 2720 1297 6017 2186 3035 3412 9266 8259
internal_value=-5.59735e-05 -0.0106219 -0.0342194 0.0060847 -0.00636337 -0.0228007 0.000561565 0.0119286
internal_weight=1725.26 95.267 39.4895 55.7775 40.8874 29.2679 1630 91.215
internal_count=163284 18667 7314 11353 8633 5598 144617 17525
is_linear=0
shrinkage=0.0750466


Tree=193
num_leaves=9
num_cat=0
split_feature=153 112 81 125 129 112 81 18
split_gain=2.20547 5.17771 6.81355 6.98578 4.85326 4.11925 5.02608 10.2219
threshold=475.06500000000005 164689.20000000004 75817.000000000015 -7683.0649999999987 1.0000000180025095e-35 228031.20000000004 11730.585000000001 1949.6600000000001
decision_type=10 10 2 10 8 10 2 2
left_child=-1 -2 5 -4 -5 -3 -7 -8
right_child=1 2 3 4 -6 6 7 -9
leaf_value=0.0017916142897058715 -0.010413927221972147 0.024654721608888683 -0.035512086265664079 0.085616145522349391 -0.010937837052052693 -0.0099836901156824739 -0.039723216611272323 0.041699196472788538
leaf_weight=1170.7064925966697 309.17679612884967 73.228722247182304 39.194192403514535 5.0810881621655399 6.9317845762107035 74.475742719927439 11.555667270484262 34.939644016145394
leaf_count=43917 52837 12112 22591 2510 4313 13814 1226 9964
internal_value=-5.51417e-05 -0.00395358 0.00418552 -0.0201664 0.0299016 0.0106067 0.00210285 0.021463
internal_weight=1725.29 554.584 245.407 51.2071 12.0129 194.2 120.971 46.4953
internal_count=163284 119367 66530 29414 6823 37116 25004 11190
is_linear=0
shrinkage=0.0750466


Tree=194
num_leaves=9
num_cat=0
split_feature=11 2 12 149 22 11 5 12
split_gain=1.90654 2.42747 3.44889 7.28529 5.66185 5.12362 7.27266 7.9613
threshold=-1.0000000180025095e-35 1.0000000180025095e-35 6.5000000000000009 206.50000000000003 305328.60000000003 2810.6050000000005 55.500000000000007 7.5000000000000009
decision_type=2 2 2 10 2 2 2 2
left_child=-1 -2 -3 -4 5 -5 7 -7
right_child=1 2 3 4 -6 6 -8 -9
leaf_value=-0.014638182979014439 -0.0065370988479670766 0.0052858357044581932 -0.033240809075781537 9.4526959546777006e-06 -0.03322684701037884 0.010248637796207907 -0.016855483149669042 0.13742384205192903
leaf_weight=49.061998953922739 244.67876519518904 705.90887760288024 39.936984258518351 638.41512134636287 28.147528386454724 5.172993283740654 7.5853347497268251 5.9737448049581872
leaf_count=5665 2121 36793 4106 88202 18308 1654 2805 3630
internal_value=-5.62412e-05 0.000370666 0.00155167 -0.002083 -0.000267217 0.00114454 0.0398299 0.0784042
internal_weight=1724.88 1675.82 1431.14 725.232 685.295 657.147 18.7321 11.1467
internal_count=163284 157619 155498 118705 114599 96291 8089 5284
is_linear=0
shrinkage=0.0750466


Tree=195
num_leaves=9
num_cat=0
split_feature=7 12 125 83 125 22 138 52
split_gain=2.23464 9.23183 8.13345 5.55099 7.69026 4.43217 8.89753 3.31345
threshold=5005.1550000000016 4.5000000000000009 -41294.289999999994 2582.5950000000007 -3860.5749999999994 -9370.4499999999989 6957.295000000001 69684.140000000014
decision_type=2 2 10 2 10 2 8 2
left_child=7 -2 5 -4 -5 -3 -7 -1
right_child=1 2 3 4 -6 6 -8 -9
leaf_value=-0.0001809901001584083 0.065449065194283979 0.011218471203972367 0.0091423103307387288 0.027484868628622004 0.15503220472317122 0.018918688410916689 -0.046678000601169715 -0.019111436010974068
leaf_weight=1543.5100321469399 14.697592817479743 36.388459584464727 14.757962393952768 6.5241796038917528 4.4976810135558463 18.170874410978289 32.43047734537322 53.892027193967806
leaf_count=86220 125 1192 2496 3595 1921 2733 8734 56268
internal_value=-5.66099e-05 0.00950573 0.00221448 0.039237 0.079533 -0.00875732 -0.0231223 -0.000819652
internal_weight=1724.87 127.467 112.77 25.7798 11.0219 86.9898 50.6014 1597.4
internal_count=163284 20796 20671 8012 5516 12659 11467 142488
is_linear=0
shrinkage=0.0750466


Tree=196
num_leaves=9
num_cat=0
split_feature=135 113 145 142 147 73 125 145
split_gain=1.95158 5.61889 3.88491 4.14954 3.75603 5.15678 2.2576 3.9897
threshold=-532.49999999999989 -197.99999999999997 5.5000000000000009 208324.80000000002 -13999.084999999997 7.5000000000000009 -28173.074999999993 5.5000000000000009
decision_type=10 10 10 10 8 2 8 8
left_child=6 2 4 -4 5 -2 7 -1
right_child=1 -3 3 -5 -6 -7 -8 -9
leaf_value=7.4229803099619857e-05 -0.017346625600833991 0.031179798267937316 -0.010281427311862669 -0.055981184971558115 -0.014672869276666332 0.053432205488158656 0.0010758067951137861 -0.060171658204189821
leaf_weight=18.006466994564111 10.660359703648284 17.615230666393472 23.826753540888603 21.099205894852275 56.005961287988612 12.708825931522368 1554.7270966362685 9.4344666758261138
leaf_count=5995 1883 1932 1995 4222 3453 5056 135851 2897
internal_value=-5.70076e-05 -0.00848754 -0.014109 -0.031744 -0.0041276 0.0211449 0.000699189 -0.0206389
internal_weight=1724.08 141.916 124.301 44.926 79.3751 23.3692 1582.17 27.4409
internal_count=163284 18541 16609 6217 10392 6939 144743 8892
is_linear=0
shrinkage=0.0750466


Tree=197
num_leaves=9
num_cat=0
split_feature=33 58 5 13 16 33 33 5
split_gain=2.15153 3.57449 3.40963 2.3928 2.11595 6.2887 13.0605 5.46186
threshold=115002.37000000001 1.0000000180025095e-35 42.500000000000007 1.5000000000000002 -176.96999999999997 1.0000000180025095e-35 12850.695000000002 43.500000000000007
decision_type=2 2 2 2 2 2 2 2
left_child=3 2 -2 4 -1 7 -7 -6
right_child=1 -3 -4 -5 5 6 -8 -9
leaf_value=-0.0014634103459992389 -0.03664231398275853 -0.065343558157801782 0.013615916376829212 -0.020045525690515334 0.0107636146320756 0.10709938703379583 0.0014637692077583639 -0.0033699492753504192
leaf_weight=988.54915390551105 12.749155161029195 7.177465180753642 18.832438270957937 31.797432579565793 261.82089005670423 10.097073607481436 18.987482957307293 373.91183362536322
leaf_count=53248 2997 8510 2905 805 35291 1512 6714 51302
internal_value=-5.59939e-05 -0.0175375 -0.0066728 0.000346085 0.000738255 0.00401202 0.0381365 0.00245083
internal_weight=1723.92 38.7591 31.5816 1685.16 1653.37 664.817 29.0846 635.733
internal_count=163284 14412 5902 148872 148067 94819 8226 86593
is_linear=0
shrinkage=0.0750466


Tree=198
num_leaves=9
num_cat=0
split_feature=39 0 33 32 115 13 135 74
split_gain=1.947 3.94943 1.91361 6.31661 3.96386 2.13416 1.93289 1.72199
threshold=313319.83000000002 22275446.000000004 175039.38000000003 10.500000000000002 1.0000000180025095e-35 1.5000000000000002 -136.99999999999997 659.20500000000015
decision_type=2 2 2 2 8 2 10 2
left_child=2 -2 5 4 -4 6 7 -1
right_child=1 -3 3 -5 -6 -7 -8 -9
leaf_value=0.0048533811056120412 0.025962796541348775 -0.035608572514356215 0.0089950083292638285 0.030828532556986813 -0.070270501781066336 -0.018837933014346952 -0.019315075789372308 -0.00039806577360171276
leaf_weight=518.64753866367755 8.0245846825891949 21.824974665905756 5.0488874281454645 9.0364734787835896 11.993481027906457 31.235561861889437 26.047984128857934 1092.3110391553491
leaf_count=57432 3129 7914 3011 1279 5128 806 1900 82685
internal_value=-5.61181e-05 -0.0190561 0.000278612 -0.0198932 -0.0467877 0.000593949 0.000964727 0.00129264
internal_weight=1724.17 29.8496 1694.32 26.0788 17.0424 1668.24 1637.01 1610.96
internal_count=163284 11043 152241 9418 8139 142823 142017 140117
is_linear=0
shrinkage=0.0750466


Tree=199
num_leaves=9
num_cat=0
split_feature=5 107 5 4 9 5 23 112
split_gain=1.73836 10.2214 9.95758 5.4081 4.68482 4.14266 4.90698 4.18143
threshold=61.500000000000007 85.500000000000014 67.500000000000014 1.5000000000000002 1656.3400000000004 57.500000000000007 2.5000000000000004 933800.96000000008
decision_type=2 2 2 2 2 2 2 8
left_child=3 2 4 5 -2 6 -1 -8
right_child=1 -3 -4 -5 -6 -7 7 -9
leaf_value=0.0020107459735132565 0.012002060287636561 -0.034302491000656674 -0.0033499279285742179 -0.028746218377599629 0.03976733886724608 -0.014204892651757518 -0.028914667276143495 0.011770185612866224
leaf_weight=1159.682159207061 80.305014305798977 33.961265482577801 165.7586728333772 39.105854606903449 59.646626320143696 112.74071334436576 53.402746382314945 19.394140319238431
leaf_count=116593 3607 11924 7079 1991 2425 10560 7375 1730
internal_value=-5.456e-05 0.00475629 0.00909532 -0.001235 0.0238355 -0.00043524 0.000824335 -0.0180756
internal_weight=1724 339.672 305.71 1384.33 139.952 1345.22 1232.48 72.7969
internal_count=163284 25035 13111 138249 6032 136258 125698 9105
is_linear=0
shrinkage=0.0750466


Tree=200
num_leaves=9
num_cat=0
split_feature=6 28 5 6 123 141 112 148
split_gain=1.83792 4.63911 7.33799 2.11706 6.29724 5.10684 3.48146 2.90151
threshold=289.50000000000006 2982.1750000000006 57.500000000000007 227.50000000000003 5.5000000000000009 1.0000000180025095e-35 114015.60000000002 1.0000000180025095e-35
decision_type=2 2 2 2 10 8 10 10
left_child=3 -2 -3 7 5 6 -5 -1
right_child=1 2 -4 4 -6 -7 -8 -9
leaf_value=-0.00043944568309341327 0.02977927642881369 0.050385242002730223 -0.02910715394750896 0.041459375656776286 -0.042580481734453897 -0.018761537775842895 -0.0032562280094245227 0.018362365514567217
leaf_weight=1497.0706412203035 37.823495024807926 8.8399017565061495 25.139267954458774 19.562717729182623 26.406438352070836 41.320498627514098 19.66268557206422 47.698740685673329
leaf_count=127270 1176 2954 6018 2419 4615 3653 4021 11158
internal_value=-5.48865e-05 0.0116991 -0.00842669 -0.000565847 -0.0107768 -0.000350163 0.0190446 0.000141109
internal_weight=1723.52 71.8027 33.9792 1651.72 106.952 80.5459 39.2254 1544.77
internal_count=163284 10148 8972 153136 14708 10093 6440 138428
is_linear=0
shrinkage=0.0750466


Tree=201
num_leaves=9
num_cat=0
split_feature=27 0 0 135 147 147 0 27
split_gain=1.95761 6.23574 6.33936 6.92497 5.72839 9.04345 5.28698 5.16028
threshold=2.5000000000000004 49848695.500000007 26921913.500000004 -1355.4999999999998 -6139.0949999999984 -10789.794999999998 70230055.500000015 13.500000000000002
decision_type=2 2 2 10 10 10 2 2
left_child=-1 2 3 -2 5 -5 7 -3
right_child=1 6 -4 4 -6 -7 -8 -9
leaf_value=0.0017490452091581106 -0.037363309342158729 -0.030777648368645424 0.0070820715365949791 -0.0047809875816698074 -0.042317118798730756 0.06002811359515843 0.025725696447614004 0.0046853350368535095
leaf_weight=1142.6655800839872 42.941274833508942 96.072538002896181 295.96766570581167 70.188140108626612 16.17426437323229 14.658705790596285 14.412222167826256 30.428377501477371
leaf_count=39151 9299 14157 63367 22642 1507 1842 2835 8484
internal_value=-5.42079e-05 -0.00360166 0.000799113 -0.0121178 -0.00138666 0.00641586 -0.0173409 -0.0222474
internal_weight=1723.51 580.843 439.93 143.962 101.021 84.8468 140.913 126.501
internal_count=163284 124133 98657 35290 25991 24484 25476 22641
is_linear=0
shrinkage=0.0750466


Tree=202
num_leaves=9
num_cat=0
split_feature=0 149 140 140 112 112 120 0
split_gain=1.78859 6.54903 5.06774 4.42393 2.60557 2.99812 7.44053 5.90273
threshold=15842220.000000002 2810.5000000000005 6174.3750000000009 34230.270000000011 720815.33500000008 228031.20000000004 182988.00000000003 59645539.500000007
decision_type=2 8 10 8 10 10 10 2
left_child=1 -1 -3 -4 5 6 -2 -7
right_child=4 2 3 -5 -6 7 -8 -9
leaf_value=-0.040267294404714278 -0.0010351304130665694 0.010756242546020943 -0.043725108670271906 0.023112735948584769 0.013578781534806239 -0.0040798301247347239 0.014954175113669109 -0.045771723711982092
leaf_weight=28.553683371163061 1057.4377315701822 74.054351550355932 21.37718446638246 7.5460844023200506 83.076258750992565 236.18611681269431 193.97815645380615 20.810584674360143
leaf_count=2862 74365 4047 5468 3952 15993 31422 22915 2260
internal_value=-5.53713e-05 -0.00846599 0.000351897 -0.0262871 0.000639738 -7.28834e-05 0.00144332 -0.00745588
internal_weight=1723.02 131.531 102.978 28.9233 1591.49 1508.41 1251.42 256.997
internal_count=163284 16329 13467 9420 146955 130962 97280 33682
is_linear=0
shrinkage=0.0750466


Tree=203
num_leaves=9
num_cat=0
split_feature=7 6 127 6 127 58 145 151
split_gain=2.09813 5.3318 7.91935 6.36343 6.01569 9.90318 3.87668 3.83197
threshold=2050.3150000000005 20.500000000000004 1221.5000000000002 40.500000000000007 753.50000000000011 1.0000000180025095e-35 19.500000000000004 1.5000000000000002
decision_type=2 2 8 2 10 2 10 8
left_child=7 -2 4 -4 5 -3 -5 -1
right_child=1 2 3 6 -6 -7 -8 -9
leaf_value=-0.010003920964981032 -0.020454865212643142 -0.0097033656282063431 0.034790837613590919 -0.0031471735217171886 0.046296446099238747 0.046148924188365435 0.026750208117020599 0.00043451320916327002
leaf_weight=259.31446793233772 48.601150634145597 49.31623000746913 29.33382328323205 403.41232969267548 40.324884104673401 28.048293001760612 26.000457402165921 838.59810403199026
leaf_count=20528 1992 2969 620 41546 3111 3357 3603 85558
internal_value=-5.4957e-05 0.00341594 0.00542857 0.000973211 0.0227953 0.0105457 -0.00133692 -0.00203093
internal_weight=1722.95 625.037 576.436 458.747 117.689 77.3645 429.413 1097.91
internal_count=163284 57198 55206 45769 9437 6326 45149 106086
is_linear=0
shrinkage=0.0750466


Tree=204
num_leaves=9
num_cat=0
split_feature=33 137 99 102 5 5 4 5
split_gain=1.67999 4.12469 1.88294 2.17599 2.11731 6.49164 4.7138 4.20652
threshold=115002.37000000001 4483.3200000000006 2.5000000000000004 1.0000000180025095e-35 61.500000000000007 67.500000000000014 1.5000000000000002 43.500000000000007
decision_type=2 10 2 2 2 2 2 2
left_child=2 -2 3 4 6 -6 7 -1
right_child=1 -3 -4 -5 5 -7 -8 -9
leaf_value=0.0037758671507538378 -0.0034248814895898828 -0.065876360914656706 0.018839464659374867 -0.016765177181227511 0.017338944746758109 -0.0043168014245209465 -0.028786452174735522 -0.0049063544537298427
leaf_weight=686.03654699602339 30.210462604365603 7.4188354617208452 30.284283582546777 42.699744840956555 148.14924475138469 164.54942204093823 33.34660279466334 579.98388809515927
leaf_count=64012 3995 10417 831 3928 11034 11429 1173 56465
internal_value=-5.47124e-05 -0.0157376 0.000295505 -4.38724e-05 0.000399035 0.00594318 -0.000935189 -0.000201595
internal_weight=1722.68 37.6293 1685.05 1654.77 1612.07 312.699 1299.37 1266.02
internal_count=163284 14412 148872 148041 144113 22463 121650 120477
is_linear=0
shrinkage=0.0750466


Tree=205
num_leaves=9
num_cat=0
split_feature=27 135 135 18 27 80 18 106
split_gain=1.7792 5.63234 6.64265 6.27262 5.81629 9.52133 7.98881 5.09886
threshold=2.5000000000000004 -1355.4999999999998 -348.99999999999994 252.93500000000003 7.5000000000000009 3.5000000000000004 1.0000000180025095e-35 2287.3500000000004
decision_type=2 10 10 2 2 2 2 2
left_child=-1 4 3 -3 5 -2 -6 -8
right_child=1 2 -4 -5 6 -7 7 -9
leaf_value=0.0016646220906011628 -0.029468426854285062 0.028739093428041266 -0.027345311315595259 0.0013480391854930516 0.038667470478657366 0.03276535311493553 -0.014991182751357621 0.037028202660348508
leaf_weight=1142.7388903842202 120.46952854093979 59.998072229362151 35.222427118324049 218.79523576286829 24.318063914353843 15.64330369116942 93.129978523049431 11.976956155644073
leaf_count=39151 15662 3543 8626 57641 2136 3785 24256 8484
internal_value=-5.31382e-05 -0.00344014 0.0033631 0.00724277 -0.0114854 -0.022316 -9.52316e-05 -0.00906356
internal_weight=1722.29 579.554 314.016 278.793 265.538 136.113 129.425 105.107
internal_count=163284 124133 69810 61184 54323 19447 34876 32740
is_linear=0
shrinkage=0.0750466


Tree=206
num_leaves=9
num_cat=0
split_feature=8 113 106 58 113 58 113 127
split_gain=1.84533 5.36655 7.31072 5.82366 5.44521 5.40835 4.60945 4.55539
threshold=9683.5850000000009 -2054.4999999999995 3577.6500000000005 232.54500000000004 -1536.4999999999998 5237.2400000000007 -1079.9999999999998 1221.5000000000002
decision_type=2 8 2 2 8 2 10 10
left_child=1 -1 3 6 -5 -6 -3 -2
right_child=7 2 -4 4 5 -7 -8 -9
leaf_value=-0.020651567951024272 0.0024788521081034599 -0.0034894362471149516 -0.028366734406600421 0.04419123138564704 0.020215325696352735 -0.0036796040361923238 0.012024677499774653 -0.0085630432461612487
leaf_weight=53.544356484897435 462.31003340960888 377.46867097101494 37.792077342972334 31.103759838588303 133.50038521258102 88.854366047184158 151.00871452992942 386.21843891735716
leaf_count=6795 29025 15064 13018 3587 12259 14029 6630 62877
internal_value=-5.46075e-05 0.00236717 0.00387075 0.00542883 0.0147808 0.0106668 0.000943613 -0.00254701
internal_weight=1721.8 873.272 819.728 781.936 253.459 222.355 528.477 848.528
internal_count=163284 71382 64587 51569 29875 26288 21694 91902
is_linear=0
shrinkage=0.0750466


Tree=207
num_leaves=9
num_cat=0
split_feature=153 5 97 113 104 97 56 5
split_gain=1.82092 5.53106 12.7427 5.85856 5.55855 7.78658 5.02987 4.0083
threshold=5389.9350000000004 55.500000000000007 1.5000000000000002 -501.99999999999994 10615.650000000001 36.500000000000007 70.440000000000012 32.500000000000007
decision_type=10 2 2 8 2 2 2 2
left_child=-1 3 -3 4 7 -6 -5 -2
right_child=1 2 -4 6 5 -7 -8 -9
leaf_value=0.00068629684320352597 0.0038934460133536251 0.087512101149433918 -0.0093826520803502473 -0.0087930894421147134 -0.056341574427600141 0.085483108264448729 0.055531163039480358 -0.047361237937512068
leaf_weight=1576.1673098984957 10.416969785135732 10.320241335022727 29.47788025193131 27.976270876748458 3.7947583702261891 5.1244377737912146 9.0649152386595215 49.082252606071052
leaf_count=123002 2286 995 8630 4559 3129 4032 4891 11760
internal_value=-5.46737e-05 -0.00809482 0.0157436 -0.0170909 -0.0301058 0.0251424 0.00694868 -0.0383877
internal_weight=1721.43 145.258 39.7981 105.46 68.4184 8.9192 37.0412 59.4992
internal_count=163284 40282 9625 30657 21207 7161 9450 14046
is_linear=0
shrinkage=0.0750466


Tree=208
num_leaves=9
num_cat=0
split_feature=8 21 135 135 27 135 140 145
split_gain=1.75439 3.33274 6.05536 6.1345 2.99593 2.52108 5.57193 3.13051
threshold=-8804.7999999999975 1.0000000180025095e-35 -1689.4999999999998 -1355.4999999999998 7.5000000000000009 -348.99999999999994 552.33500000000015 5.5000000000000009
decision_type=2 2 8 10 2 10 10 10
left_child=1 -1 -3 -4 -5 -2 -7 -8
right_child=5 2 3 4 -6 6 7 -9
leaf_value=0.042346358723833126 3.7630054772283487e-05 0.037739507804953533 -0.036678242842664202 0.041536681647263367 -0.0026942528773240154 0.0044324596723751344 -0.017895947346625987 -0.061872610844482576
leaf_weight=14.822593831369884 1531.629443740886 22.333917455966002 25.133992703576951 12.203967627508971 29.406348276048448 46.350381005609961 24.925690319580099 14.373807233328987
leaf_count=680 136734 3974 3361 990 7638 2148 4900 2859
internal_value=-5.57553e-05 0.00939711 0.00391436 -0.00740417 0.0102783 -0.000663047 -0.0131929 -0.0339804
internal_weight=1721.18 103.901 89.0782 66.7443 41.6103 1617.28 85.6499 39.2995
internal_count=163284 16643 15963 11989 8628 146641 9907 7759
is_linear=0
shrinkage=0.0750466


Tree=209
num_leaves=9
num_cat=0
split_feature=39 142 125 127 46 81 116 125
split_gain=1.66357 4.43873 2.46434 3.50399 1.98825 5.29311 6.53985 3.96877
threshold=25863.355000000003 800917.97000000009 -9775.8699999999972 339.50000000000006 1.0000000180025095e-35 15997.960000000001 1.0000000180025095e-35 -1548.9699999999998
decision_type=2 8 10 10 2 2 8 8
left_child=4 2 3 -2 -1 6 -6 -7
right_child=1 -3 -4 -5 5 7 -8 -9
leaf_value=0.00099816266939148704 0.012021464741088577 0.034405403907942105 0.018574400126462002 -0.041209610441913083 0.022776213580042597 0.012616591716046698 -0.026162800338127852 -0.053526903374629203
leaf_weight=1573.7808925246845 8.9714382825259218 9.3956878107401263 7.1318008115922558 31.134045930539287 35.665876766470319 6.7298937204968752 27.036486265287749 21.213856974443846
leaf_count=127457 1671 3712 3449 10042 3528 3718 3741 5966
internal_value=-5.47173e-05 -0.0127036 -0.0220737 -0.029302 0.000375666 -0.010432 0.00167431 -0.0375971
internal_weight=1721.06 56.633 47.2373 40.1055 1664.43 90.6461 62.7024 27.9438
internal_count=163284 18874 15162 11713 144410 16953 7269 9684
is_linear=0
shrinkage=0.0750466


Tree=210
num_leaves=9
num_cat=0
split_feature=153 96 127 81 57 127 57 127
split_gain=1.6277 4.70337 4.46223 4.43539 4.03118 9.30619 8.42011 3.968
threshold=475.06500000000005 1.0000000180025095e-35 4159.5000000000009 100325.62000000001 6.5000000000000009 4159.5000000000009 8.5000000000000018 145.50000000000003
decision_type=8 2 8 2 2 10 2 10
left_child=1 2 -1 4 -2 6 -6 -3
right_child=3 7 -4 -5 5 -7 -8 -9
leaf_value=-0.0077610954990252915 -0.0017195218551159664 -0.0092045050205600432 0.011174250016917244 -0.020197805990497423 0.090215859464995482 -0.041293578236265387 -0.0012946220546056642 0.01125205279396288
leaf_weight=305.03770954938955 814.64584408548944 63.217662770286552 91.002432927823975 71.237321507332126 13.018844051108323 8.543158511289219 10.022374313008184 343.99074577983629
leaf_count=10597 81619 3323 2463 36761 2935 3258 2781 19547
internal_value=-5.38808e-05 0.00241292 -0.00341012 -0.00221358 -0.00069963 0.0256061 0.050411 0.00807624
internal_weight=1720.72 803.249 396.04 917.468 846.23 31.5844 23.0412 407.208
internal_count=163284 35930 13060 127354 90593 8974 5716 22870
is_linear=0
shrinkage=0.0750466


Tree=211
num_leaves=9
num_cat=0
split_feature=10 22 127 129 151 128 80 25
split_gain=1.88345 4.36886 4.49311 6.05478 7.21772 3.97826 2.90551 3.37795
threshold=-3005.3049999999998 54211.545000000006 3233.5000000000005 4.5000000000000009 3.5000000000000004 15272.305000000002 4.5000000000000009 35114.595000000008
decision_type=2 2 10 8 10 10 2 2
left_child=1 2 3 -1 -5 -3 7 -2
right_child=6 5 -4 4 -6 -7 -8 -9
leaf_value=0.042195477719677743 0.00023476099012485166 -0.063882856659129961 -0.040064777886309855 -0.043361636069867322 0.024552465556622348 0.036427618548778254 0.013292205034515963 -0.024481322647470098
leaf_weight=18.320489766181709 1510.8400596633455 13.012786901421348 14.370591502334717 18.478588816586125 16.849957172096765 2.6863852008173117 94.34128118163062 31.798069339660287
leaf_count=3652 97252 11349 4172 1537 3149 2733 20590 18850
internal_value=-5.43214e-05 -0.0110334 -0.00279723 0.00718537 -0.01097 -0.0467181 0.000507173 -0.000274706
internal_weight=1720.7 83.7188 68.0196 53.649 35.3285 15.6992 1636.98 1542.64
internal_count=163284 26592 12510 8338 4686 14082 136692 116102
is_linear=0
shrinkage=0.0750466


Tree=212
num_leaves=9
num_cat=0
split_feature=7 85 140 138 127 85 10 17
split_gain=2.17818 4.61027 11.3412 3.67868 4.08745 2.56327 4.46162 4.518
threshold=5005.1550000000016 11788.650000000001 17914.180000000004 26813.160000000003 5238.5000000000009 39354.150000000009 -3005.3049999999998 2.5000000000000004
decision_type=2 2 8 10 8 2 2 2
left_child=5 3 -3 4 -2 -1 -7 -8
right_child=1 2 -4 -5 -6 6 7 -9
leaf_value=-0.00018773089880568715 0.030791709587765597 0.11973649270090003 -0.0089008177899362381 -0.024386854399688001 -0.0020538108248670463 -0.076315807831184024 -0.017872976426975416 0.040265967902424385
leaf_weight=1529.3390417682385 34.726592847961001 6.8752879672574618 8.8013786145129398 20.828474419717168 55.348045335498682 6.1373883535416089 49.652357907973055 8.8731712679946195
leaf_count=114307 4229 3716 4099 6972 1780 5314 21316 1551
internal_value=-5.40941e-05 0.0094214 0.0475154 0.00403664 0.0106092 -0.000806544 -0.0154421 -0.00905842
internal_weight=1720.58 126.58 15.6767 110.903 90.0746 1594 64.6629 58.5255
internal_count=163284 20796 7815 12981 6009 142488 28181 22867
is_linear=0
shrinkage=0.0750466


Tree=213
num_leaves=9
num_cat=0
split_feature=11 5 109 8 5 64 103 113
split_gain=1.75464 3.60138 4.79199 4.16397 3.07566 7.13098 4.98059 8.27695
threshold=18.395000000000003 61.500000000000007 1.0000000180025095e-35 11254.315000000002 39.500000000000007 13076.395000000002 2.5000000000000004 -259.49999999999994
decision_type=2 2 2 2 2 2 2 8
left_child=1 2 -1 -4 5 6 -2 -8
right_child=4 -3 3 -5 -6 -7 7 -9
leaf_value=-0.010481831779493205 0.013657557855742773 0.0089582340043108614 0.014579114748317348 -0.011838165295468784 -0.00090197080825057604 -0.031464765145731169 -0.044265860043423644 0.050629020944064219
leaf_weight=366.53964402703423 286.50600225261223 112.35073410689802 97.613269030774973 51.246095690003131 754.8312075260983 24.28644413881193 20.212214943732761 6.958882056533187
leaf_count=4723 28647 1707 4616 2078 102003 7998 9558 1954
internal_value=-5.43478e-05 -0.00321639 -0.00587031 0.00548474 0.00176207 0.00771212 0.0107454 -0.019962
internal_weight=1720.54 627.75 515.399 148.859 1092.79 337.964 313.677 27.1711
internal_count=163284 13124 11417 6694 150160 48157 40159 11512
is_linear=0
shrinkage=0.0750466


Tree=214
num_leaves=9
num_cat=0
split_feature=7 8 146 146 153 8 16 10
split_gain=1.88887 6.63891 6.3723 7.36199 4.9146 4.66503 14.8844 11.7843
threshold=1655.0800000000002 29166.560000000001 1.0000000180025095e-35 11715.525000000003 1.0000000180025095e-35 16678.810000000001 -471.88999999999993 39.975000000000001
decision_type=2 2 10 10 10 2 2 2
left_child=1 -1 5 -4 -3 6 -2 -7
right_child=2 4 3 -5 -6 7 -8 -9
leaf_value=-0.0038118944591774518 -0.0036147690670313565 0.066293314931387182 0.056583751850700706 -0.0033690265027263989 -0.0019261583759220438 -0.02108533648203326 0.027257919701673294 0.0043566120003054555
leaf_weight=801.12872345875985 259.46558986195305 13.460911388116076 25.414703923495836 21.123222863108822 10.655391671175492 155.47495533898473 133.05290363618406 301.11205672787401
leaf_count=89202 5299 910 1519 4496 5574 29022 8079 19183
internal_value=-5.38415e-05 -0.00264403 0.00233276 0.0293716 0.0361517 0.000850806 0.00685022 -0.00430677
internal_weight=1720.89 825.245 895.643 46.5379 24.1163 849.106 392.518 456.587
internal_count=163284 95686 67598 6015 6484 61583 13378 48205
is_linear=0
shrinkage=0.0750466


Tree=215
num_leaves=9
num_cat=0
split_feature=148 72 112 27 85 16 115 107
split_gain=1.63102 4.01837 5.81109 2.09542 5.50874 4.24899 2.771 2.00665
threshold=5.9250000000000007 1.0000000180025095e-35 190026.00000000003 32.500000000000007 2404.6500000000005 -68.659999999999982 1.0000000180025095e-35 38.500000000000007
decision_type=10 2 10 2 2 2 8 2
left_child=3 2 -2 7 6 -6 -5 -1
right_child=1 -3 -4 4 5 -7 -8 -9
leaf_value=-0.0017845783801329401 0.10522753565004345 -0.0065286517189397982 0.0017643511419321916 -0.076351924439294783 -0.021361502488781686 0.089739858230567113 -0.016152263097270862 0.0038389650500491317
leaf_weight=1147.4808626669401 5.7448057944493502 16.50415604612499 6.5355860356166886 8.4260295647673065 4.1563422498820755 3.633518957487464 8.8078778191829787 519.00136652044603
leaf_count=24102 1956 2534 3296 2027 3149 2910 3542 119768
internal_value=-5.54403e-05 0.0176585 0.0501648 -0.000356881 -0.0219122 0.0304608 -0.0455852 -3.32085e-05
internal_weight=1720.29 28.7845 12.2804 1691.51 25.0238 7.78986 17.2339 1666.48
internal_count=163284 7786 5252 155498 11628 6059 5569 143870
is_linear=0
shrinkage=0.0750466


Tree=216
num_leaves=9
num_cat=0
split_feature=82 6 142 116 73 55 150 82
split_gain=1.79632 4.64707 3.85072 2.28825 5.00287 2.27399 3.80821 2.12963
threshold=6.5000000000000009 227.50000000000003 52785.000000000007 11379.470000000003 10.500000000000002 1.0000000180025095e-35 2710.7250000000008 4.5000000000000009
decision_type=2 2 10 10 2 2 10 2
left_child=7 2 -2 5 -5 6 -4 -1
right_child=1 -3 3 4 -6 -7 -8 -9
leaf_value=-7.1486111706159811e-05 0.026976922085119769 0.0489295100257746 -0.06016220539814375 -0.054768550038645315 0.070490201846448983 -0.0609542948230083 0.0080508469518997382 0.016203429038477105
leaf_weight=1619.8469329616164 7.8357744472450568 5.9814068666901212 8.1276817127363774 3.5873345099771532 3.5959858336718753 14.613481590669833 10.648460028678526 46.584542723632694
leaf_count=127401 757 3226 1490 2113 2355 7720 3909 14313
internal_value=-5.45732e-05 -0.0134757 -0.0211865 -0.0304882 0.00793625 -0.0387547 -0.0214767 0.000383474
internal_weight=1720.82 54.3901 48.4087 40.5729 7.18332 33.3896 18.7761 1666.43
internal_count=163284 21570 18344 17587 4468 13119 5399 141714
is_linear=0
shrinkage=0.0750466


Tree=217
num_leaves=9
num_cat=0
split_feature=39 151 5 9 18 115 5 31
split_gain=1.624 2.76589 4.02515 6.14256 1.77412 8.3257 12.0327 8.66969
threshold=313319.83000000002 15.500000000000002 63.500000000000007 1388.5400000000002 21090.000000000004 22079.930000000004 43.500000000000007 3706.1800000000007
decision_type=2 8 2 2 2 10 2 2
left_child=4 2 3 -2 -1 7 -7 -6
right_child=1 -3 -4 -5 5 6 -8 -9
leaf_value=-0.00061295306058255033 -0.066115180687838532 -0.04893619355417865 0.050912583002105792 0.039427397266154525 0.0089172275027289884 0.152701488547209 0.004596171488871861 -0.042910760436900466
leaf_weight=1502.6636465726606 7.7710255204674521 10.28017343680767 5.8868692111027476 5.173082286515637 155.67150337409657 5.2571536260329577 7.4926678360698133 20.580784226853211
leaf_count=78316 4923 2613 1621 1886 52390 3290 5230 13015
internal_value=-5.34682e-05 -0.0176282 -0.000536662 -0.0239353 0.000248969 0.00710169 0.0656647 0.00286533
internal_weight=1720.78 29.1112 18.831 12.9441 1691.67 189.002 12.7498 176.252
internal_count=163284 11043 8430 6809 152241 73925 8520 65405
is_linear=0
shrinkage=0.0750466


Tree=218
num_leaves=9
num_cat=0
split_feature=27 151 120 0 0 125 64 73
split_gain=1.62034 7.32942 4.00589 3.99322 5.28739 7.74148 6.64008 7.11504
threshold=2.5000000000000004 1.5000000000000002 126684.00000000001 49848695.500000007 35799005.000000007 -1.0000000180025095e-35 11572.960000000001 11.500000000000002
decision_type=2 10 10 2 2 10 2 2
left_child=-1 2 -2 4 5 -3 7 -6
right_child=1 3 -4 -5 6 -7 -8 -9
leaf_value=0.001582191082830214 -0.035707950280208837 -0.0053882892379245881 -0.0060712790729698166 -0.012561588356993574 0.014774717499699615 0.061266596494048094 -0.033000080418466964 0.069406501296435663
leaf_weight=1143.1790104726952 53.401978967896866 227.63726466748358 49.491833435618901 101.47296211550565 106.29570225760835 10.255565422085054 13.943625695339504 15.367024193281393
leaf_count=39151 7388 56982 8033 20133 16872 2530 6841 5354
internal_value=-5.49783e-05 -0.00329375 -0.0214527 0.000640051 0.0042267 -0.0025148 0.0160532 0.0216752
internal_weight=1721.04 577.866 102.894 474.972 373.499 237.893 135.606 121.663
internal_count=163284 124133 15421 108712 88579 59512 29067 22226
is_linear=0
shrinkage=0.0750466


Tree=219
num_leaves=9
num_cat=0
split_feature=7 147 81 129 134 72 52 24
split_gain=1.72901 4.29916 4.84427 7.14675 4.42387 4.08812 2.54797 6.32099
threshold=5005.1550000000016 -25805.769999999997 1.0000000180025095e-35 12.500000000000002 360218.03500000009 2333.3600000000006 69684.140000000014 12.500000000000002
decision_type=2 10 2 8 8 2 2 2
left_child=6 4 -3 -4 -2 -6 -1 -8
right_child=1 2 3 -5 5 -7 7 -9
leaf_value=-0.00017866766924625407 -0.031404783116829517 0.065494018757818531 0.062736059751825182 -0.032937078995776518 0.021927901648952385 -0.014021945935238181 -0.00092722824444775164 -0.059488515511653198
leaf_weight=1540.6958486611256 19.609293773341051 13.891119857231386 7.4944752511510186 10.64073337053196 47.912318334758311 28.360456820693798 37.656248142528057 14.331411913237387
leaf_count=86220 4830 2219 2286 3127 5502 2832 34194 22074
internal_value=-5.58739e-05 0.00833883 0.0321449 0.00660037 0.000387165 0.00856069 -0.000730053 -0.0170708
internal_weight=1720.59 127.908 32.0263 18.1352 95.8821 76.2728 1592.68 51.9877
internal_count=163284 20796 7632 5413 13164 8334 142488 56268
is_linear=0
shrinkage=0.0750466


Tree=220
num_leaves=9
num_cat=0
split_feature=8 28 140 52 81 118 140 17
split_gain=1.81857 4.32578 5.07729 2.70759 3.11295 2.63025 3.21529 2.45995
threshold=-1.0000000180025095e-35 21895.940000000006 4363.6450000000013 16685.650000000005 3571.4900000000002 5692.1350000000011 22906.025000000005 3.5000000000000004
decision_type=2 2 10 2 2 8 10 2
left_child=1 2 -1 5 -5 -3 -7 -2
right_child=7 3 -4 4 -6 6 -8 -9
leaf_value=0.006608347174501563 -0.0017276954666162845 -0.02662620838371817 0.040583442574798852 0.039666477611433881 -0.065847383701244697 -0.010266238698419913 0.028489362929263403 0.012857500704816298
leaf_weight=136.67446177045349 1405.9663983235223 19.488808317342773 30.256743534097041 1.9601090195210407 8.0101953663051955 28.876240126046469 20.698033631528233 68.290826614360412
leaf_count=9601 123553 2917 3479 2566 9282 2573 2866 6447
internal_value=-5.54038e-05 0.00591844 0.0127664 -0.00854562 -0.0451039 -0.00326788 0.00591483 -0.00105208
internal_weight=1720.22 245.965 166.931 79.0334 9.9703 69.0631 49.5743 1474.26
internal_count=163284 33284 13080 20204 11848 8356 5439 130000
is_linear=0
shrinkage=0.0750466


Tree=221
num_leaves=9
num_cat=0
split_feature=22 151 153 109 22 10 22 32
split_gain=1.69946 6.55886 4.72816 6.81818 11.2074 6.66705 4.61705 3.84902
threshold=319.2050000000001 5.5000000000000009 1612.8750000000002 1.0000000180025095e-35 -5649.0549999999994 -1.0000000180025095e-35 -5649.0549999999994 1.0000000180025095e-35
decision_type=2 10 10 2 2 2 2 2
left_child=1 2 3 6 -5 -6 -1 -2
right_child=7 -3 -4 4 5 -7 -8 -9
leaf_value=0.0040803575104415481 -0.0045179020547955135 0.02110822073878562 -0.014331161509597415 -0.012220761825178334 0.0041133890905004598 0.033073447967399798 -0.0092447616801038714 0.018865395593789948
leaf_weight=292.50964489050239 622.06676818487176 90.730186729735578 114.25111966875193 76.921480110788252 73.395584436584613 114.79574593048892 293.28356479712966 42.34487126842123
leaf_count=3160 102115 13163 9605 2852 3013 3118 4740 21518
internal_value=-5.40711e-05 0.00181702 3.53585e-06 0.00192826 0.011914 0.0217789 -0.002591 -0.00302762
internal_weight=1720.3 1055.89 965.157 850.906 265.113 188.191 585.793 664.412
internal_count=163284 39651 26488 16883 8983 6131 7900 123633
is_linear=0
shrinkage=0.0750466


Tree=222
num_leaves=9
num_cat=0
split_feature=50 97 134 97 153 12 28 134
split_gain=1.70671 3.01843 2.29514 1.65675 5.537 5.10165 4.57337 4.12131
threshold=1.0000000180025095e-35 11.500000000000002 692430.67000000016 36.500000000000007 299.11500000000007 4.5000000000000009 5998.3400000000011 93605.400000000009
decision_type=2 2 8 2 8 2 2 10
left_child=3 -2 -3 -1 -5 -6 -7 -8
right_child=1 2 -4 4 5 6 7 -9
leaf_value=-0.00087549562218129889 0.0012096365079277516 -0.076191798818755013 -0.0056900007123725765 0.02018235650462533 0.052861326464872155 -0.026192460973235136 0.025210421125286132 -0.0041561736102432596
leaf_weight=1375.0294249073122 17.288491061943208 6.7653601471502016 4.2244495054856097 96.072410047832818 9.3435688753961568 41.334984951747174 33.536845665119472 136.30522163477144
leaf_count=90128 2110 4577 4348 7547 201 3741 8258 42374
internal_value=-5.42099e-05 -0.0183388 -0.0490911 0.000251447 0.00514599 -0.00140477 -0.00380579 0.00164252
internal_weight=1719.9 28.2783 10.9898 1691.62 316.593 220.521 211.177 169.842
internal_count=163284 11035 8925 152249 62121 54574 54373 50632
is_linear=0
shrinkage=0.0750466


Tree=223
num_leaves=9
num_cat=0
split_feature=6 135 147 56 148 85 135 140
split_gain=1.69995 3.85173 3.66882 2.23657 5.03124 5.06144 5.04563 4.24867
threshold=289.50000000000006 -624.49999999999989 -1305.0149999999996 525.36000000000013 3.52 20560.050000000003 inf 953.55500000000018
decision_type=2 10 8 2 10 2 8 8
left_child=3 2 -2 -1 5 7 -7 -5
right_child=1 -3 -4 4 -6 6 -8 -9
leaf_value=0.00042588475859006497 0.0012110183997450976 -0.021456051965446015 0.039678667293633132 0.019727866992907666 0.051125969389197605 -0.053928530502057273 0.030281074460107103 -0.011938037763484738
leaf_weight=1467.1691304691303 27.823669054148922 15.796101450940112 28.031399097999383 30.156991572432162 7.6538140169695899 23.915728612533712 4.8139397821796619 114.34459470009097
leaf_count=98006 6175 3171 802 4914 4153 17951 823 27289
internal_value=-5.28641e-05 0.0112632 0.0205164 -0.000544844 -0.00841848 -0.0110493 -0.0398184 -0.00532947
internal_weight=1719.71 71.6512 55.8551 1648.05 180.885 173.231 28.7297 144.502
internal_count=163284 10148 6977 153136 55130 50977 18774 32203
is_linear=0
shrinkage=0.0750466


Tree=224
num_leaves=9
num_cat=0
split_feature=8 127 150 150 127 20 74 58
split_gain=1.67736 3.44246 5.5156 4.56739 5.18768 2.40056 5.56622 8.06754
threshold=-8804.7999999999975 510.50000000000006 953.55500000000018 10829.135000000002 3462.5000000000005 55.415000000000006 2806.0050000000006 5823.4300000000012
decision_type=2 8 8 10 8 2 2 2
left_child=1 -1 -3 -4 -5 -2 -7 -8
right_child=5 2 3 4 -6 6 7 -9
leaf_value=0.035608589872700755 0.00085548448955872244 -0.04024165999877273 0.027300176230880512 0.012441421321912643 -0.054873772339195756 -0.0098576244526267214 0.042308687417082588 -0.025808784224649408
leaf_weight=21.919079394097935 1272.2614905865285 14.288662727660267 39.981086794196017 17.513716828099863 10.204654322549684 299.5980821110461 28.490195421123644 14.920678485871575
leaf_count=3165 82985 1495 4305 4377 3301 53643 3666 6347
internal_value=-5.21766e-05 0.00919018 0.00212737 0.0110698 -0.012341 -0.00064672 -0.00621858 0.0188961
internal_weight=1719.18 103.907 81.9881 67.6995 27.7184 1615.27 343.009 43.4109
internal_count=163284 16643 13478 11983 7678 146641 63656 10013
is_linear=0
shrinkage=0.0750466


Tree=225
num_leaves=9
num_cat=0
split_feature=63 83 83 22 22 116 84 6
split_gain=1.6024 5.48315 8.06343 5.11559 4.43268 6.62967 5.45355 9.71794
threshold=4.5000000000000009 68621.085000000006 1407.6450000000002 14268.340000000002 6061.1650000000009 4154.7250000000013 1.0000000180025095e-35 145.50000000000003
decision_type=2 2 2 2 2 8 2 2
left_child=-1 2 3 -2 -4 6 -6 -8
right_child=1 -3 4 -5 5 -7 7 -9
leaf_value=-0.0005445568244462248 -0.062731558301394458 -0.028805696482442803 0.076516726745934141 0.016824368783154124 0.012418859901696751 -0.03236073351350216 0.01700488845300982 0.17313102613974549
leaf_weight=1643.0057700056186 8.6097314488906722 15.752030206061134 12.498438969607376 9.6589362525646703 11.77605845067592 8.5769975227558479 4.8048130117313104 4.2151453287297045
leaf_count=131763 1475 8619 2688 4010 3820 4988 2826 3095
internal_value=-5.20973e-05 0.0106093 0.0209329 -0.0206691 0.039084 0.0231561 0.0460532 0.0899647
internal_weight=1718.9 75.8922 60.1401 18.2687 41.8715 29.373 20.796 9.01996
internal_count=163284 31521 22902 5485 17417 14729 9741 5921
is_linear=0
shrinkage=0.0750466


Tree=226
num_leaves=9
num_cat=0
split_feature=0 12 125 83 10 4 125 145
split_gain=1.52545 6.081 4.19965 3.6158 2.31147 5.71562 6.97458 7.12095
threshold=15842220.000000002 6.5000000000000009 -367.86499999999995 1.0000000180025095e-35 298.7000000000001 1.0000000180025095e-35 -41294.289999999994 5.5000000000000009
decision_type=2 2 8 2 2 2 10 8
left_child=1 -1 -3 -4 -2 6 -6 -8
right_child=4 2 3 -5 5 -7 7 -9
leaf_value=0.0097735456441057581 -0.00092802382209401205 -0.060026956540174696 -0.025555896151059045 0.016741353383096926 0.0065418037728499035 -0.0078389926093467496 0.019261356327946337 0.084919556029757384
leaf_weight=59.580599937500665 1241.8398174036174 13.739456836388852 40.876687555757599 15.775485215139268 190.93115975946057 113.28982887776874 29.495719649530656 13.588919070640257
leaf_count=2497 124074 5641 3489 4702 11248 3926 5582 2125
internal_value=-5.37309e-05 -0.00787062 -0.0228049 -0.0137777 0.000585593 0.00599774 0.0126963 0.03997
internal_weight=1719.12 129.972 70.3916 56.6522 1589.15 347.306 234.016 43.0846
internal_count=163284 16329 13832 8191 146955 22881 18955 7707
is_linear=0
shrinkage=0.0750466


Tree=227
num_leaves=9
num_cat=0
split_feature=11 142 2 113 73 142 10 113
split_gain=1.73069 3.99246 1.89472 3.16705 6.67267 9.17727 7.49652 7.76308
threshold=-1.0000000180025095e-35 238705.50000000003 1.0000000180025095e-35 -805.49999999999989 6.5000000000000009 77418.000000000015 -1918.8199999999999 -259.49999999999994
decision_type=2 10 2 10 2 8 2 10
left_child=1 -1 -2 -4 -5 -6 -7 -8
right_child=2 -3 3 4 5 6 7 -9
leaf_value=-0.034246578971141549 -0.0057851534127102856 0.0088778555031415532 0.0038239626296174343 -0.010865813192853391 0.052130734077593652 -0.031332716208406525 0.0010032929465117939 0.051549924065891733
leaf_weight=25.779718705660343 242.18043293827213 22.770078674375327 969.53319030278726 283.27326874998107 22.838025817196467 31.742176782020579 99.948704313363123 20.647512340910907
leaf_count=2522 2121 3143 88809 21565 3800 16076 21301 3947
internal_value=-5.33274e-05 -0.014021 0.000352698 0.00139365 -0.00374598 0.00776731 0.00111651 0.00965748
internal_weight=1718.71 48.5498 1670.16 1427.98 458.45 175.176 152.338 120.596
internal_count=163284 5665 157619 155498 66689 45124 41324 25248
is_linear=0
shrinkage=0.0750466


Tree=228
num_leaves=9
num_cat=0
split_feature=8 22 74 127 74 74 109 74
split_gain=1.74498 4.23483 6.52547 6.58149 7.06899 5.53227 7.37882 4.62062
threshold=9683.5850000000009 -9370.4499999999989 1.0000000180025095e-35 2292.5000000000005 174.28500000000003 2512.6750000000006 1.0000000180025095e-35 450.91000000000003
decision_type=2 2 2 8 2 2 2 2
left_child=-1 -2 -3 4 -4 -5 -7 -6
right_child=1 2 3 5 7 6 -8 -9
leaf_value=0.002301258954114821 0.0068680728645536156 0.024369182855945255 -0.042006553504750278 -0.017311958647463481 0.043726366194135301 -0.020044754466368362 0.031579506178735936 0.0035087096859403762
leaf_weight=872.59914436916915 206.34024065310587 38.714555013575591 18.02806195327139 321.02611687637364 17.647714920214639 29.670516450807554 32.866447173450069 182.15631937020225
leaf_count=71382 6183 2780 3099 38834 5618 4470 8679 22239
internal_value=-5.36559e-05 -0.00248132 -0.00549511 -0.00741761 0.00300005 -0.013334 0.0070865 0.00706094
internal_weight=1719.05 846.45 640.11 601.395 217.832 383.563 62.537 199.804
internal_count=163284 91902 85719 82939 30956 51983 13149 27857
is_linear=0
shrinkage=0.0750466


Tree=229
num_leaves=9
num_cat=0
split_feature=73 117 84 73 135 120 118 127
split_gain=1.63638 5.23577 5.99788 5.03284 4.34324 4.16853 5.48971 6.29533
threshold=9.5000000000000018 220.99000000000004 1.5000000000000002 6.5000000000000009 -1689.4999999999998 565969.56500000006 927.0150000000001 3233.5000000000005
decision_type=2 8 2 2 8 10 8 10
left_child=3 2 4 -1 -2 6 -4 -8
right_child=1 -3 5 -5 -6 -7 7 -9
leaf_value=-0.00091732801206367192 0.021217929343611462 -0.035766435926859151 -0.045260830890500529 0.01174605429811016 -0.015431087357681752 0.07445478529382582 0.055135201061789159 -0.023804290738631825
leaf_weight=1314.8796876323286 21.906654075861297 29.265914957961286 7.2515583616623198 204.2078196573475 107.97350108766295 7.4791371327046354 17.004596501776181 8.5508213119373959
leaf_count=71929 4420 5876 4409 32339 24343 6140 8418 5410
internal_value=-5.40933e-05 -0.0064454 -0.00140265 0.000784985 -0.00924956 0.0238954 0.0123691 0.0287221
internal_weight=1718.52 199.432 170.166 1519.09 129.88 40.2861 32.807 25.5554
internal_count=163284 59016 53140 104268 28763 24377 18237 13828
is_linear=0
shrinkage=0.0750466


Tree=230
num_leaves=9
num_cat=0
split_feature=82 153 0 129 82 57 0 27
split_gain=1.57234 5.02352 4.30759 3.90407 4.29235 2.75754 6.77972 5.02603
threshold=6.5000000000000009 9905.9850000000024 32756022.000000004 3.5000000000000004 8.5000000000000018 6.5000000000000009 37799697.500000007 11.500000000000002
decision_type=2 8 2 8 2 2 2 2
left_child=5 3 -3 4 -2 -1 7 -7
right_child=1 2 -4 -5 -6 6 -8 -9
leaf_value=-0.00014460107966387194 -0.044468015648847933 0.07051124019810695 -0.011430052200624532 -0.041862720949751533 0.049701971920193204 0.054977498924920168 0.061978844611783962 -0.01880217331379587
leaf_weight=1621.9577464080248 4.6634309020046185 6.4724156839765774 8.1791404947816755 27.782489811612322 6.5617506866328768 6.7837622951192342 14.009280272604881 22.275509554539894
leaf_count=128299 2262 2620 2555 10804 3329 1163 3145 9107
internal_value=-5.44216e-05 -0.0126987 0.024768 -0.0267715 0.0105796 0.000353069 0.0190953 -0.00157863
internal_weight=1718.69 53.6592 14.6516 39.0077 11.2252 1665.03 43.0686 29.0593
internal_count=163284 21570 5175 16395 5591 141714 13415 10270
is_linear=0
shrinkage=0.0750466


Tree=231
num_leaves=9
num_cat=0
split_feature=8 7 113 73 148 7 4 142
split_gain=1.49402 7.09731 8.2715 5.79462 5.32879 5.25294 9.24991 4.88399
threshold=9683.5850000000009 1261.8700000000001 -1079.9999999999998 1.0000000180025095e-35 1.0000000180025095e-35 1842.0450000000003 1.0000000180025095e-35 105570.00000000001
decision_type=2 2 10 2 8 2 2 8
left_child=1 -1 4 -2 -3 6 -5 -7
right_child=3 2 -4 5 -6 7 -8 -9
leaf_value=-0.0031889341464858738 0.025015182681447985 0.017067300514883053 0.02818166893025786 -0.017159523830827611 -0.0064308897491432582 0.015518067157382472 0.032150247291667489 -0.0029026127616996809
leaf_weight=540.80542625671842 41.569952706573531 89.051206745521995 104.87285815508949 231.9265802472446 139.49272161792032 98.951644974811643 23.606387329353311 448.41620301687362
leaf_count=60700 1142 4462 4472 33649 1748 10380 1167 45564
internal_value=-5.42611e-05 0.0021204 0.0107322 -0.00230554 0.00272508 -0.00372006 -0.0126042 0.000427427
internal_weight=1718.69 874.222 333.417 844.471 228.544 802.901 255.533 547.368
internal_count=163284 71382 10682 91902 6210 90760 34816 55944
is_linear=0
shrinkage=0.0750466


Tree=232
num_leaves=9
num_cat=0
split_feature=16 135 22 74 127 74 135 127
split_gain=1.6241 3.88643 5.54519 6.025 6.18118 6.46903 3.90969 3.58576
threshold=-176.96999999999997 -1901.4999999999998 319.2050000000001 3171.9350000000004 4883.5000000000009 3692.0200000000004 -1840.4999999999998 263.50000000000006
decision_type=2 10 2 2 8 2 10 10
left_child=-1 7 -3 6 5 -5 -4 -2
right_child=1 2 3 4 -6 -7 -8 -9
leaf_value=-0.001982190357230496 -0.00069206999830072552 0.018853523813108595 0.033901375613592147 0.100717428826304 -0.024350940092273898 0.015911260866496621 -0.0028948209300477183 -0.025321180947606558
leaf_weight=1011.7309046645296 129.87093058470782 137.82802136758255 17.057212947373046 9.702996369242106 7.2333417080026257 10.599692210769716 349.22762356460044 44.768858945491957
leaf_count=62205 8877 5045 3024 1865 2985 3685 69189 6409
internal_value=-5.43017e-05 0.00270732 0.00589794 0.00136379 0.0352185 0.0564416 -0.00118129 -0.00700574
internal_weight=1718.02 706.289 531.649 393.821 27.536 20.3027 366.285 174.64
internal_count=163284 101079 85793 80748 8535 5550 72213 15286
is_linear=0
shrinkage=0.0750466


Tree=233
num_leaves=9
num_cat=0
split_feature=27 71 74 147 147 18 128 74
split_gain=1.5538 4.82354 4.22212 5.82736 9.04012 5.40675 5.18213 4.30584
threshold=2.5000000000000004 1.5000000000000002 2126.0350000000003 -31205.244999999999 -7681.6749999999993 252.93500000000003 24820.975000000002 62.105000000000011
decision_type=2 2 2 10 10 2 8 2
left_child=-1 2 7 -4 5 -5 -7 -2
right_child=1 -3 3 4 -6 6 -8 -9
leaf_value=0.0015501374447253954 0.011102592639098539 0.041957134900951862 -0.011415054268583252 0.061298747500166992 -0.017534741470523384 0.049860761948475218 0.00094536117368807567 -0.01190842722013807
leaf_weight=1141.336398279891 53.16350149815662 13.005469424555484 71.604829526602771 22.20928623812506 31.735634291497263 18.373994117340771 36.287362109531387 330.57138978626244
leaf_count=39151 5138 1361 20042 1096 2308 3627 4586 85975
internal_value=-5.43761e-05 -0.00322846 -0.00427051 0.005205 0.0161627 0.0300745 0.0173879 -0.00872043
internal_weight=1718.29 576.951 563.946 180.211 108.606 76.8706 54.6614 383.735
internal_count=163284 124133 122772 31659 11617 9309 8213 91113
is_linear=0
shrinkage=0.0750466


Tree=234
num_leaves=9
num_cat=0
split_feature=6 146 16 18 8 60 60 10
split_gain=1.79343 2.39025 2.59892 2.5397 4.70464 2.27202 3.1615 5.68236
threshold=289.50000000000006 27047.830000000005 -176.96999999999997 18220.110000000004 29166.560000000001 1079.3350000000003 433.49500000000006 -39.959999999999987
decision_type=2 8 2 2 2 2 2 2
left_child=5 2 -2 -4 -5 6 -1 -8
right_child=1 -3 3 4 -6 -7 7 -9
leaf_value=-0.00046978749159632858 0.023656396664428214 0.037377862145146032 -0.027775861928587504 0.051110156908944077 -0.037028784259575065 -0.015168105849815396 -0.0087136888453357778 0.059681609337726281
leaf_weight=1561.4550459899656 22.834260708892543 15.782561127622101 18.361439908407192 8.23598017444783 5.8217242598957446 57.845127161705932 13.772621333402641 13.593684375846349
leaf_count=132189 1974 1256 1162 2447 3309 15977 3560 1410
internal_value=-5.48463e-05 0.0116203 0.00426295 -0.00939673 0.0146091 -0.000558504 -2.66043e-05 0.0252604
internal_weight=1717.7 71.036 55.2534 32.4191 14.0577 1646.67 1588.82 27.3663
internal_count=163284 10148 8892 6918 5756 153136 137159 4970
is_linear=0
shrinkage=0.0750466


Tree=235
num_leaves=9
num_cat=0
split_feature=16 147 22 16 11 115 11 10
split_gain=1.54712 4.65385 3.40504 7.0541 5.79332 4.18166 6.7529 5.41218
threshold=-176.96999999999997 -1.0000000180025095e-35 26219.395 -1.0000000180025095e-35 136.92000000000004 25799.010000000006 1958.5550000000001 -1444.4349999999997
decision_type=2 10 2 2 2 10 2 2
left_child=-1 2 -2 -4 -5 7 -7 -6
right_child=1 -3 3 4 5 6 -8 -9
leaf_value=-0.0019361285283126526 0.0070890001326305982 -0.030310694336566264 0.039269856748245534 -0.055052101624969159 -0.036982592846141055 0.11777876446391286 -0.029006214057767005 -0.0010306709222632619
leaf_weight=1010.983615772584 490.36796448363384 23.340995546124759 18.581447927877889 14.349120836834116 29.145989084617213 3.8773468195395244 3.2403762051208105 123.54364431275644
leaf_count=62205 31340 2201 4341 2005 19245 1940 2961 37046
internal_value=-5.32568e-05 0.00264129 0.00376722 -0.00468412 -0.00937374 -0.00527228 0.0509542 -0.00789331
internal_weight=1717.43 706.447 683.106 192.738 174.156 159.807 7.11772 152.69
internal_count=163284 101079 98878 67538 63197 61192 4901 56291
is_linear=0
shrinkage=0.0750466


Tree=236
num_leaves=9
num_cat=0
split_feature=8 138 140 112 127 131 0 115
split_gain=1.54065 4.13348 5.4244 4.60646 4.31867 2.41834 5.11134 4.10945
threshold=-8804.7999999999975 36105.985000000008 1998.6300000000003 190026.00000000003 3462.5000000000005 392.95500000000004 15842220.000000002 10768.525000000001
decision_type=2 10 10 8 8 10 2 10
left_child=1 2 -1 -3 -5 -2 -7 -8
right_child=5 3 -4 4 -6 6 7 -9
leaf_value=0.0049496811784726751 0.00023467677345927901 -0.054763538784501048 0.050151784427212506 0.027251596404168438 -0.036980481081534435 -0.063946891240494547 -0.023683936613214152 0.0047480632257421882
leaf_weight=45.87886480375164 1483.6797053781229 10.093829492871008 22.180505289117718 16.990075749212341 9.0278718275185366 9.3342129560296581 46.831803737521113 73.666747708495677
leaf_count=3273 111456 2554 3641 4141 3034 3936 10882 20367
internal_value=-5.37004e-05 0.00879183 0.019681 -0.0117309 0.00496394 -0.000624783 -0.0104464 -0.00630204
internal_weight=1717.68 104.171 68.0594 36.1118 26.0179 1613.51 129.833 120.499
internal_count=163284 16643 6914 9729 7175 146641 35185 31249
is_linear=0
shrinkage=0.0750466


Tree=237
num_leaves=9
num_cat=0
split_feature=80 83 31 138 83 118 81 5
split_gain=1.58052 5.44973 8.91491 11.8338 9.38064 6.31526 5.81167 5.75635
threshold=2.5000000000000004 1407.6450000000002 18195.095000000005 26813.160000000003 34076.275000000009 inf 23460.585000000003 59.500000000000007
decision_type=2 2 2 8 2 8 2 2
left_child=-1 5 7 -4 -5 -2 -7 -3
right_child=1 2 3 4 -6 6 -8 -9
leaf_value=-0.00097230317586177967 -0.045333287759788267 0.013642432528822432 0.16831540213143231 0.10966637887215401 -0.030938703491200533 0.035187906619481311 -0.015343150375637032 -0.029046785945826062
leaf_weight=1476.8691898158668 21.526352790586316 126.59488649877949 4.6007868480846792 4.4507363647408038 6.6879881324730377 19.80114797193346 36.352194901231996 20.698527765453036
leaf_count=106452 5060 31798 1409 2154 4094 966 5793 5558
internal_value=-5.32277e-05 0.00558567 0.0133801 0.0670645 0.0252433 -0.0107732 0.00247543 0.0076435
internal_weight=1717.58 240.713 163.033 15.7395 11.1387 77.6797 56.1533 147.293
internal_count=163284 56832 45013 7657 6248 11819 6759 37356
is_linear=0
shrinkage=0.0750466


Tree=238
num_leaves=9
num_cat=0
split_feature=99 141 96 134 0 0 123 135
split_gain=1.4493 9.24164 2.37659 5.98724 6.44767 6.18951 5.65874 4.54502
threshold=1.0000000180025095e-35 4.4850000000000012 1.0000000180025095e-35 80233.200000000012 70230055.500000015 64376656.000000007 19.500000000000004 -440.49999999999994
decision_type=2 8 2 8 2 2 10 10
left_child=2 -2 -1 -4 5 6 7 -5
right_child=1 -3 3 4 -6 -7 -8 -9
leaf_value=-0.0036267318896582874 -0.015588703371116624 0.032421014697500201 0.016174749447913372 0.0025072890710717104 -0.041139346819761301 0.03841214125405195 -0.032087680038160912 -0.0220525372654428
leaf_weight=761.77182843490118 43.748954342130673 46.671359471109099 142.5979319571743 601.46390072304621 21.493042992849951 23.549690683641529 30.921586270716944 45.658689238247462
leaf_count=42319 3950 1524 15105 82007 2127 2471 4877 8904
internal_value=-5.5753e-05 0.009192 -0.000569551 0.00212066 -0.000650909 0.000589438 -0.000724212 0.000774434
internal_weight=1717.88 90.4203 1627.46 865.685 723.087 701.594 678.044 647.123
internal_count=163284 5474 157810 115491 100386 98259 95788 90911
is_linear=0
shrinkage=0.0750466


Tree=239
num_leaves=9
num_cat=0
split_feature=125 140 135 107 149 111 107 134
split_gain=1.5187 3.25268 2.98778 2.17799 4.61507 4.33849 5.29731 3.94848
threshold=-28173.074999999993 12306.960000000001 -927.99999999999989 38.500000000000007 352.50000000000006 6.5000000000000009 260.50000000000006 47506.500000000007
decision_type=8 8 10 2 8 10 2 8
left_child=1 -1 -3 -2 -5 6 7 -6
right_child=3 2 -4 4 5 -7 -8 -9
leaf_value=0.013688470739103479 -0.0016043945726819801 -0.056612076045985539 0.0070014749538152296 -0.025633801515726334 -0.03241795823743604 0.055980947134980932 -0.042254776666516933 0.0072742762667614416
leaf_weight=12.243507043503994 1145.6467204070796 12.794201160444574 6.1604628432214694 27.751326351521129 14.546555967579478 9.5184514110005676 13.102443872630827 475.74217724986829
leaf_count=2644 24184 4619 3207 7570 2517 227 6921 111395
internal_value=-5.51375e-05 -0.0164618 -0.035937 0.000248401 0.00417443 0.00578722 0.00483813 0.00609663
internal_weight=1717.51 31.1982 18.9547 1686.31 540.661 512.91 503.391 490.289
internal_count=163284 10470 7826 152814 128630 121060 120833 113912
is_linear=0
shrinkage=0.0750466


Tree=240
num_leaves=9
num_cat=0
split_feature=46 153 80 120 97 22 83 153
split_gain=1.5195 5.93366 6.06097 2.84028 2.26543 9.33331 4.46517 2.6874
threshold=1.0000000180025095e-35 1612.8750000000002 1.0000000180025095e-35 253368.00000000003 147.50000000000003 78916.440000000017 21526.975000000002 3149.5050000000006
decision_type=2 8 2 10 2 2 2 8
left_child=4 2 -2 -3 -1 6 -6 -7
right_child=1 3 -4 -5 5 7 -8 -9
leaf_value=3.788342824120838e-05 0.033732096924730358 -0.021197518828648877 -0.017293728557134187 -0.071605664662144616 0.06359714104447417 -0.075945015942357572 0.0048064580311438978 0.0048757147819399405
leaf_weight=1584.3888476097673 25.361862928388291 33.265225854911478 27.140921341000649 7.7648540754371416 17.412776482604389 6.0989652199459643 12.498078712309505 3.7368044662816837
leaf_count=131448 1889 7780 3980 5018 3097 2994 3374 3704
internal_value=-5.38385e-05 -0.00935507 0.00735468 -0.0307372 0.000481813 0.0181778 0.0390318 -0.0452396
internal_weight=1717.67 93.5329 52.5028 41.0301 1624.14 39.7466 29.9109 9.83577
internal_count=163284 18667 5869 12798 144617 13169 6471 6698
is_linear=0
shrinkage=0.0750466


Tree=241
num_leaves=9
num_cat=0
split_feature=6 82 125 31 148 57 120 125
split_gain=1.63431 3.1551 3.49632 6.41329 3.59882 3.07612 7.02726 3.0784
threshold=289.50000000000006 6.5000000000000009 -12437.629999999999 5680.9500000000007 24.845000000000002 6.5000000000000009 586837.18000000005 -1.0000000180025095e-35
decision_type=2 2 10 2 8 2 8 8
left_child=1 5 4 -4 -3 -1 7 -7
right_child=-2 2 3 -5 -6 6 -8 -9
leaf_value=-0.00046779867170437019 0.01107968930151151 -0.046673175379733298 -0.026824018321837596 0.085313378151076855 0.0020126830468410409 -0.035691823843486334 0.069204513767293127 0.018159504799249777
leaf_weight=1557.7549774851286 71.181410075701933 25.261263094738752 7.5213630539328715 4.6470784890698269 12.926680237036633 9.126758330885421 11.809817811284118 17.331711874801844
leaf_count=121837 10148 12519 3306 2627 1780 3440 3972 3655
internal_value=-5.36061e-05 -0.000534955 -0.0190304 0.0160008 -0.0301929 4.85968e-05 0.0210691 -0.000416326
internal_weight=1717.56 1646.38 50.3564 12.1684 38.1879 1596.02 38.2683 26.4585
internal_count=163284 153136 20232 5933 14299 132904 11067 7095
is_linear=0
shrinkage=0.0750466


Tree=242
num_leaves=9
num_cat=0
split_feature=153 151 141 97 136 141 18 85
split_gain=1.4083 4.18251 6.12853 5.43569 5.59522 4.54271 9.63489 5.0733
threshold=475.06500000000005 4.5000000000000009 1.7600000000000002 77.500000000000014 75.000000000000014 1.7600000000000002 252.93500000000003 4750.6500000000005
decision_type=8 8 10 2 8 8 2 2
left_child=-1 2 3 4 -2 6 -3 -7
right_child=1 5 -4 -5 -6 7 -8 -9
leaf_value=0.0022397576429138144 -0.048782314581581457 0.044581827545478757 0.025353887353657411 -0.042667140281473552 -0.0057040276668300534 -0.0051235607342341258 0.0018586575793424376 0.020650335544429268
leaf_weight=803.11098156699882 18.308224536129273 39.482450977855478 26.472319562923076 29.898197835622341 234.23475855017386 397.47732395607454 120.34557674194821 48.231463083953713
leaf_count=35930 768 3245 4316 8785 33409 19315 42313 15203
internal_value=-5.32976e-05 -0.00206716 -0.0091731 -0.0124092 -0.00882701 0.00155792 0.0124126 -0.00233449
internal_weight=1717.56 914.45 308.914 282.441 252.543 605.537 159.828 445.709
internal_count=163284 127354 47278 42962 34177 80076 45558 34518
is_linear=0
shrinkage=0.0750466


Tree=243
num_leaves=9
num_cat=0
split_feature=102 9 115 5 25 118 5 25
split_gain=1.5603 2.44548 1.82051 2.42715 2.16137 4.22707 5.60316 3.21929
threshold=1.0000000180025095e-35 1206.4850000000004 -1.0000000180025095e-35 49.500000000000007 35114.595000000008 5692.1350000000011 41.500000000000007 1.0000000180025095e-35
decision_type=2 2 8 2 2 10 2 2
left_child=2 -2 3 -1 7 6 -6 -4
right_child=1 -3 4 -5 5 -7 -8 -9
leaf_value=-0.027576692707715043 0.0046262148661676576 -0.025474254170097757 -0.00050534288011999553 0.0019110730704476042 -0.054961537159823215 0.052401211726296471 0.00092447039592390146 0.007656928289576188
leaf_weight=30.007243417505379 27.841001368758953 33.483143078112334 1195.427393142978 33.019913851781894 17.557837899847073 4.6865904313726778 23.799732073254745 352.3610005289429
leaf_count=2548 2070 2903 44927 2174 10659 3858 14258 79887
internal_value=-5.35886e-05 -0.0118087 0.000381496 -0.0121281 0.000876178 -0.0151468 -0.0228012 0.00135283
internal_weight=1718.18 61.3241 1656.86 63.0272 1593.83 46.0442 41.3576 1547.79
internal_count=163284 4973 158311 4722 153589 28775 24917 124814
is_linear=0
shrinkage=0.0750466


Tree=244
num_leaves=9
num_cat=0
split_feature=102 97 10 12 125 18 113 113
split_gain=1.34558 2.10256 3.7139 3.8109 5.37657 3.52525 5.06732 5.02151
threshold=1.0000000180025095e-35 36.500000000000007 -1667.6399999999996 7.5000000000000009 -7683.0649999999987 75844.105000000025 -562.99999999999989 -927.99999999999989
decision_type=2 2 2 2 10 2 8 10
left_child=1 -1 3 4 -3 -4 7 -7
right_child=-2 2 5 -5 -6 6 -8 -9
leaf_value=-0.00093240559476318312 -0.011008964903315792 -0.012851084872111507 0.0074473416685129877 -0.036634578188789943 0.049313901860828395 0.034423525702028578 -0.0034932716491568854 0.13879163164075062
leaf_weight=1347.2983120014014 60.887265079045392 31.420254374988872 228.41231563415931 20.824164926169033 10.438949365601728 6.8073734862191486 8.2783710582916701 4.1971123417224572
leaf_count=92119 4973 8113 31092 13972 2686 3259 4404 2666
internal_value=-5.20283e-05 0.000350425 0.00591897 -0.0103996 0.00265177 0.0100487 0.0408622 0.0742295
internal_weight=1718.56 1657.68 310.379 62.6834 41.8592 247.695 19.2829 11.0045
internal_count=163284 158311 66192 24771 10799 41421 10329 5925
is_linear=0
shrinkage=0.0750466


Tree=245
num_leaves=9
num_cat=0
split_feature=5 5 5 149 137 149 32 32
split_gain=1.38511 6.99371 3.76666 4.21043 2.60143 3.52476 2.47324 7.1797
threshold=67.500000000000014 63.500000000000007 76.500000000000014 3839.0000000000005 5971.2200000000012 3839.0000000000005 2.5000000000000004 10.500000000000002
decision_type=2 2 2 8 10 10 2 2
left_child=1 6 3 -2 -3 -6 -1 -8
right_child=2 4 -4 -5 5 -7 7 -9
leaf_value=-0.00011254423253099589 0.0028107945783881817 0.027785422684207674 0.013380737312136699 -0.023713542771827873 0.026825883734014108 -0.022012241526770615 -0.040767583135715574 0.020389502834684384
leaf_weight=1390.2316130672089 59.167747945572046 69.821840271026304 41.994530220232264 78.322111715635401 16.567822700977558 16.724426819948349 28.76665280177167 17.320766204469692
leaf_count=131916 3598 2264 2872 6235 2056 3333 8790 2220
internal_value=-5.16503e-05 0.000675759 -0.00629062 -0.012299 0.0195544 0.00229196 -0.000679548 -0.0177833
internal_weight=1718.92 1539.43 179.484 137.49 103.114 33.2922 1436.32 46.0874
internal_count=163284 150579 12705 9833 7653 5389 142926 11010
is_linear=0
shrinkage=0.0750466


Tree=246
num_leaves=9
num_cat=0
split_feature=73 134 85 20 64 147 97 120
split_gain=1.63453 6.1308 6.38193 9.20261 9.303 15.4614 5.9427 5.86801
threshold=9.5000000000000018 57007.80000000001 5900.1900000000014 3581.3600000000001 2722.4100000000003 -34380.424999999996 147.50000000000003 91494.000000000015
decision_type=2 10 2 2 2 10 2 8
left_child=-1 -2 -3 6 -5 -6 7 -4
right_child=1 2 3 4 5 -7 -8 -9
leaf_value=0.00078718887008242134 -0.046124940830647963 -0.010435384356367211 0.043296957542674028 -0.0012766236156965072 -0.0078480380706032402 0.1972484150811431 0.081179967373817344 -0.03502740510062765
leaf_weight=1519.4929189801833 19.752840586210368 133.04685860681911 7.3797201400011607 6.0150049979638416 3.3261729255627861 5.4818743818032081 4.2844972373441115 19.951901788222131
leaf_count=104268 2774 29021 3309 3636 3483 3459 2177 11157
internal_value=-5.08434e-05 -0.00644209 -0.0020749 0.0218776 0.0706675 0.119798 -0.000997231 -0.0138793
internal_weight=1718.73 199.239 179.486 46.4392 14.8231 8.80805 31.6161 27.3316
internal_count=163284 59016 56242 27221 10578 6942 16643 14466
is_linear=0
shrinkage=0.0750466


Tree=247
num_leaves=9
num_cat=0
split_feature=11 142 8 25 25 25 142 58
split_gain=1.4567 3.59092 1.78217 4.60217 7.74685 8.44063 5.04849 5.01015
threshold=-1.0000000180025095e-35 479067.86000000004 -1.0000000180025095e-35 8898.0150000000012 1.0000000180025095e-35 3329.2250000000004 238705.50000000003 7157.0650000000014
decision_type=2 8 2 2 2 2 10 2
left_child=1 -1 3 4 6 -6 -2 -5
right_child=2 -3 -4 7 5 -7 -8 -9
leaf_value=-0.033306400085815244 0.011436366230565329 0.0077864615267144817 -0.00066519613854731864 -0.0037217650162698146 0.069552547666182712 0.0023595669325464051 -0.018076785438937551 -0.075797229748169909
leaf_weight=24.184456853876327 112.64304654142325 23.726418857215322 1440.0994799870678 22.388551430769443 23.137977901333215 19.321270113330684 45.962825521608465 7.1716386066364057
leaf_count=3362 4731 2303 127038 10759 3369 4123 3510 4089
internal_value=-5.43187e-05 -0.0129564 0.00031567 0.00644052 0.0105054 0.0389761 0.00288367 -0.0212081
internal_weight=1718.64 47.9109 1670.72 230.625 201.065 42.4592 158.606 29.5602
internal_count=163284 5665 157619 30581 15733 7492 8241 14848
is_linear=0
shrinkage=0.0750466


Tree=248
num_leaves=9
num_cat=0
split_feature=22 127 8 20 20 9 8 10
split_gain=1.56189 4.25004 2.12815 5.66661 10.4027 4.72234 6.79034 6.71037
threshold=-22789.309999999994 2292.5000000000005 9683.5850000000009 1.0000000180025095e-35 3.8350000000000004 1579.095 -8804.7999999999975 -1075.2549999999999
decision_type=2 8 2 2 2 2 2 2
left_child=1 -1 3 -2 -5 6 -6 -7
right_child=2 -3 -4 4 5 7 -8 -9
leaf_value=-0.0078697363659662959 -0.0020763676374654094 0.019601364297453856 -0.0036421113311221839 0.049106506770437708 0.039330226697669023 -0.011103910505530459 -0.012484523131371146 0.031110375980413156
leaf_weight=55.369536943246203 600.79483150099077 74.252054018343188 740.05750611533222 35.3465761145344 16.625966508053352 31.416477447206489 99.444854453358857 65.262582726871187
leaf_count=3619 34930 1924 88645 2957 5234 6459 18138 1378
internal_value=-5.44166e-05 0.00786673 -0.000700599 0.00186379 0.0114053 0.00514162 -0.00506259 0.0173926
internal_weight=1718.57 129.622 1588.95 848.891 248.096 212.75 116.071 96.6791
internal_count=163284 5543 157741 69096 34166 31209 23372 7837
is_linear=0
shrinkage=0.0750466


Tree=249
num_leaves=9
num_cat=0
split_feature=22 137 137 104 22 127 104 151
split_gain=1.33461 3.83244 1.93177 3.28112 7.16589 4.22987 4.03941 8.51199
threshold=-22789.309999999994 106262.51500000001 -1.0000000180025095e-35 21172.650000000005 319.2050000000001 753.50000000000011 5923.6500000000005 18.500000000000004
decision_type=2 8 10 2 2 8 2 8
left_child=1 -1 -2 6 5 -5 -4 -8
right_child=2 -3 3 4 -6 -7 7 -9
leaf_value=-0.0078526655148338804 -0.005514129207555115 0.018261252896336445 0.00084262212181307103 -0.020139384074304226 -0.027403556781896651 0.050764116298911303 0.0054950597072089885 0.079811673738064234
leaf_weight=54.68577939840543 356.81676790499478 75.143268857926159 1104.1420504594898 7.5482931989427042 58.442896720540375 12.730573706016001 36.720954462189184 11.366902420792028
leaf_count=4033 9663 1510 94607 1843 31668 4168 13205 2587
internal_value=-5.39636e-05 0.00726171 -0.000652154 0.000757191 -0.0140661 0.0243721 0.00176993 0.0230619
internal_weight=1717.6 129.829 1587.77 1230.95 78.7218 20.2789 1152.23 48.0879
internal_count=163284 5543 157741 148078 37679 6011 110399 15792
is_linear=0
shrinkage=0.0750466


Tree=250
num_leaves=9
num_cat=0
split_feature=135 64 63 63 73 135 20 64
split_gain=1.37046 1.46248 5.61061 10.3489 5.81965 4.64762 5.87101 4.13177
threshold=-136.99999999999997 25194.515000000003 4.5000000000000009 8.5000000000000018 11.500000000000002 -1263.4999999999998 1.6450000000000002 8005.8200000000006
decision_type=10 2 2 2 2 8 2 2
left_child=1 2 7 4 5 6 -4 -1
right_child=-2 -3 3 -5 -6 -7 -8 -9
leaf_value=0.00049112741726369642 -0.016996194058666508 -0.012202377636535559 0.073624567462550042 0.10195701680492272 0.064086252169400185 -0.034815337445099806 -0.024728764629093233 -0.023251499106122221
leaf_weight=1550.6940511439097 26.473421972279539 51.807818804302769 6.9696662158239615 8.3651798187656805 8.5419183873764251 15.300312269702774 6.7080911533339531 42.409000958645265
leaf_count=111535 2162 21098 2106 3666 4014 4691 2694 11318
internal_value=-5.34173e-05 0.000211862 0.000604272 0.0264765 0.00964792 -0.00639897 0.0253884 -0.00014091
internal_weight=1717.27 1690.8 1638.99 45.8852 37.52 28.9781 13.6778 1593.1
internal_count=163284 161122 140024 17171 13505 9491 4800 122853
is_linear=0
shrinkage=0.0750466


Tree=251
num_leaves=9
num_cat=0
split_feature=50 5 5 99 141 58 74 97
split_gain=1.42188 3.68425 4.06758 1.99185 8.12167 1.87803 4.54305 6.21053
threshold=1.0000000180025095e-35 61.500000000000007 44.500000000000007 1.0000000180025095e-35 4.4850000000000012 3684.2700000000004 744.69000000000017 11.500000000000002
decision_type=2 2 2 2 8 2 2 2
left_child=3 2 -2 5 -5 -1 7 -7
right_child=1 -3 -4 4 -6 6 -8 -9
leaf_value=-0.0014792417620283185 0.0025836150264283604 0.010466754420405596 -0.079846120995481565 -0.012698723090210801 0.03322687261130939 -0.0083801213801271233 -0.0012507379781133696 0.036042375475365457
leaf_weight=1354.1325034676174 5.9104135531033553 13.773755462195366 7.8488834125673748 41.525454513233854 45.394310128442157 27.170774723384966 170.53555716636583 50.985275573457329
leaf_count=91255 2290 4269 4476 3413 1306 5588 39074 11613
internal_value=-5.39948e-05 -0.0169711 -0.0444378 0.000221656 0.0112862 -0.000378363 0.00561595 0.020599
internal_weight=1717.28 27.5331 13.7593 1689.74 86.9198 1602.82 248.692 78.1561
internal_count=163284 11035 6766 152249 4719 147530 56275 17201
is_linear=0
shrinkage=0.0750466


Tree=252
num_leaves=9
num_cat=0
split_feature=27 4 120 74 81 22 22 22
split_gain=1.66267 4.57614 4.57288 6.03117 6.29762 5.68928 5.65536 5.59375
threshold=2.5000000000000004 1.0000000180025095e-35 77418.000000000015 1790.595 23460.585000000003 -9370.4499999999989 1417.5900000000004 1.0000000180025095e-35
decision_type=2 2 10 2 2 2 2 2
left_child=-1 2 3 4 -2 -4 -6 -5
right_child=1 -3 5 7 6 -7 -8 -9
leaf_value=0.0016094238845346782 -0.03879584063701963 0.032263418163099106 -0.031579835016414426 0.025434038221267285 -0.045357085517348621 0.0024156046969594528 0.025203161658452891 -0.01860697120160211
leaf_weight=1139.5752417499261 70.588195590786199 19.646602739583614 30.020385544818055 31.48655330411566 9.4197749251616205 362.67260783604979 19.938350160977279 33.548437878675031
leaf_count=39151 9671 3207 5542 1983 2475 87655 8401 5199
internal_value=-5.28373e-05 -0.00333398 -0.00458806 -0.0150725 -0.026647 -0.000183261 0.00256338 0.00271539
internal_weight=1716.9 577.321 557.674 164.981 99.9463 392.693 29.3581 65.035
internal_count=163284 124133 120926 27729 20547 93197 10876 7182
is_linear=0
shrinkage=0.0750466


Tree=253
num_leaves=9
num_cat=0
split_feature=39 147 18 6 0 97 6 0
split_gain=1.53375 2.97033 2.85245 4.55888 20.7738 5.55698 4.88373 7.51032
threshold=25863.355000000003 -6139.0949999999984 21090.000000000004 189.50000000000003 28166114.000000004 130.50000000000003 131.50000000000003 28166114.000000004
decision_type=2 10 2 2 2 2 2 2
left_child=2 -2 -1 5 -5 6 7 -4
right_child=1 -3 3 4 -6 -7 -8 -9
leaf_value=-0.0007146076765785095 -0.023161170132385878 0.01508162055955428 0.072168245381047283 0.0063756953806352028 0.13987124035987153 -0.052586419650187032 -0.0175682830504463 0.0074143367425622431
leaf_weight=1483.5684241526633 40.112851636432424 16.001317386391747 11.620682239959931 37.182821974331091 7.9728362311852825 9.6252566073417238 33.886132235369587 76.464074182526929
leaf_count=76358 16065 2809 3401 16246 3574 5095 14809 24927
internal_value=-5.33499e-05 -0.012256 0.000359065 0.00937095 0.0299461 0.00231083 0.00664301 0.0159571
internal_weight=1716.43 56.1142 1660.32 176.752 45.1557 131.596 121.971 88.0848
internal_count=163284 18874 144410 68052 19820 48232 43137 28328
is_linear=0
shrinkage=0.0750466


Tree=254
num_leaves=9
num_cat=0
split_feature=127 10 16 127 140 50 127 16
split_gain=1.31688 3.54283 1.51902 8.11138 2.64097 2.32068 5.66567 2.19695
threshold=145.50000000000003 -1.0000000180025095e-35 2347.2300000000005 753.50000000000011 1376.0350000000003 1.0000000180025095e-35 991.50000000000011 -176.96999999999997
decision_type=8 2 2 10 10 2 10 2
left_child=1 -1 5 -4 -5 7 -7 -2
right_child=2 -3 3 4 -6 6 -8 -9
leaf_value=-0.038980625360533858 -0.001329534710519476 0.0074793732249326507 -0.070175114607582814 0.045660362524758233 -0.011741200435829241 0.017120405178072524 -0.053514046155987822 0.004311855561667498
leaf_weight=17.209567031339247 980.98559973855299 19.970919969386159 10.303934627228957 7.92917171993395 10.481313407371998 11.618995985621952 14.226327372773993 644.0246047500641
leaf_count=2943 58283 2136 1682 1123 4363 1379 8603 82772
internal_value=-5.54907e-05 -0.0140254 0.000253759 -0.0168589 0.012981 0.000551411 -0.0217597 0.000906263
internal_weight=1716.75 37.1805 1679.57 28.7144 18.4105 1650.86 25.8453 1625.01
internal_count=163284 5079 158205 7168 5486 151037 9982 141055
is_linear=0
shrinkage=0.0750466


Tree=255
num_leaves=9
num_cat=0
split_feature=27 21 74 8 72 85 97 125
split_gain=1.43153 6.57087 3.97785 5.59427 7.41895 6.31261 6.03121 5.23169
threshold=2.5000000000000004 1.0000000180025095e-35 2126.0350000000003 6800.3600000000015 533.71500000000015 2404.6500000000005 28.500000000000004 -367.86499999999995
decision_type=2 2 2 2 2 2 2 10
left_child=-1 -2 3 5 7 -3 -7 -5
right_child=1 2 -4 4 -6 6 -8 -9
leaf_value=0.0014847153120833866 0.040982754861640255 0.0060228651351801445 0.0046306021300124688 -0.006909053726638254 -0.033249634291035057 -0.054853958670147834 0.0010795874187888405 0.072371606339968489
leaf_weight=1141.2168827415426 18.42926404276659 164.64908969659155 179.60335668136668 71.224135407775975 93.284729832739686 21.143978996780788 22.316811808612329 5.0180824900780854
leaf_count=39151 1249 16782 32016 39728 9140 11396 11277 2545
internal_value=-5.43721e-05 -0.00310549 -0.00456359 -0.00893633 -0.0190566 -0.000692321 -0.0261325 -0.00169099
internal_weight=1716.89 575.669 557.24 377.637 169.527 208.11 43.4608 76.2422
internal_count=163284 124133 122884 90868 51413 39455 22673 42273
is_linear=0
shrinkage=0.0750466


Tree=256
num_leaves=9
num_cat=0
split_feature=13 127 95 73 139 84 106 73
split_gain=1.42259 1.84644 1.7625 2.33559 9.47194 4.94268 7.3608 4.79734
threshold=1.5000000000000002 145.50000000000003 5.5000000000000009 9.5000000000000018 3881.9600000000005 7.5000000000000009 4721.3250000000007 6.5000000000000009
decision_type=2 8 2 2 8 2 2 2
left_child=1 -1 3 7 5 -5 -7 -3
right_child=-2 2 -4 4 -6 6 -8 -9
leaf_value=-0.017958784006827086 -0.015970065645502581 -0.00053198268382051721 0.015387137832871871 -0.0060210605417833282 -0.073362178372883266 -0.0062247273450492784 0.14627705890101433 0.012128622781407956
leaf_weight=30.830482595800277 31.059946977999061 1229.3220686270433 44.052226850380976 166.72973978230766 11.614601589321863 4.3086758139961594 3.0403400147188222 195.34401912226258
leaf_count=4834 829 66620 3205 48537 2445 3200 2647 30967
internal_value=-5.51444e-05 0.000238176 0.000577282 0.000172151 -0.00774422 -0.00336617 0.0568663 0.00120398
internal_weight=1716.3 1685.24 1654.41 1610.36 185.693 174.079 7.34902 1424.67
internal_count=163284 162455 157621 154416 56829 54384 5847 97587
is_linear=0
shrinkage=0.0750466


Tree=257
num_leaves=9
num_cat=0
split_feature=28 151 120 10 27 8 24 24
split_gain=1.34086 5.67712 6.85395 7.23397 5.15337 5.59922 6.78735 6.55704
threshold=1395.8750000000002 1.5000000000000002 52785.000000000007 1.0000000180025095e-35 2.5000000000000004 6800.3600000000015 23.500000000000004 12.500000000000002
decision_type=2 10 10 2 2 2 2 2
left_child=-1 2 -2 -4 -3 7 -7 -6
right_child=1 4 3 -5 5 6 -8 -9
leaf_value=0.0017201349003079743 -0.040599677234238282 0.030009952290935869 -0.016455817970321855 0.016841044588408734 0.011634016633398941 -0.010540078760274478 0.058184345790962121 -0.040118086157884432
leaf_weight=1000.1252295761005 40.438407665758859 34.056225323940453 120.31869890634698 52.90661304338937 211.54230769547939 233.67153313332801 8.3839560590968158 14.749782903239973
leaf_count=28965 3263 2213 15778 4693 29285 61335 7377 10375
internal_value=-5.48295e-05 -0.00253391 -0.0127805 -0.00628626 0.00182379 -0.000225789 -0.0081597 0.0082608
internal_weight=1716.19 716.068 213.664 173.225 502.404 468.348 242.055 226.292
internal_count=163284 134319 23734 20471 110585 108372 68712 39660
is_linear=0
shrinkage=0.0750466


Tree=258
num_leaves=9
num_cat=0
split_feature=33 33 7 125 81 138 16 16
split_gain=1.80912 3.76181 2.15239 3.48275 7.93563 3.74401 4.45897 2.13909
threshold=175039.38000000003 453889.19500000007 5005.1550000000016 -41294.289999999994 35190.005000000012 6957.295000000001 -985.6149999999999 -4047.3549999999991
decision_type=2 2 2 10 2 10 2 2
left_child=2 -2 7 5 -5 -4 -7 -1
right_child=1 -3 3 4 -6 6 -8 -9
leaf_value=-0.0051295917893622736 -0.037350060195119217 0.026565546455738175 0.011296148767296833 -0.00030463050066778329 0.081917015361748821 0.012678919541605356 -0.056923319712488936 0.001163906631623181
leaf_weight=412.3307503920114 18.797989391136984 7.1620702857217102 69.680905729539518 16.068617806247861 11.232334330430602 9.591676201793236 11.280172602140736 1159.4593102011659
leaf_count=17737 7206 2402 3468 2733 4284 1456 6330 117668
internal_value=-5.57065e-05 -0.0197165 0.000246366 0.0100282 0.0335235 0.00294451 -0.0249376 -0.000487079
internal_weight=1715.6 25.9601 1689.64 117.854 27.301 90.5528 20.8718 1571.79
internal_count=163284 9608 153676 18271 7017 11254 7786 135405
is_linear=0
shrinkage=0.0750466


Tree=259
num_leaves=9
num_cat=0
split_feature=125 140 137 107 107 116 147 20
split_gain=1.25576 2.83141 3.21974 1.6949 3.77523 3.9971 4.85939 6.63235
threshold=-28173.074999999993 12306.960000000001 60464.195000000007 38.500000000000007 260.50000000000006 19720.290000000005 -41886.234999999993 3581.3600000000001
decision_type=8 8 8 2 2 8 10 2
left_child=1 -1 -3 -2 5 6 -5 -8
right_child=3 2 -4 4 -6 -7 7 -9
leaf_value=0.012528635532991626 -0.0014223443545970846 -0.067782830833145152 -0.0044533622563882793 -0.011871193618138837 -0.036238971235719258 0.016752628528153769 0.00023553142846989447 0.027285719850463883
leaf_weight=12.390844656536499 1142.2968596397986 8.4753048268339644 9.6916595164284463 115.99513343603849 13.029055182273622 119.16211597457004 229.20076657098798 65.677267922061219
leaf_count=2644 24184 3215 4611 30083 7214 20259 47165 23909
internal_value=-5.47729e-05 -0.015132 -0.033998 0.000218597 0.0036702 0.00465123 0.00114156 0.00626034
internal_weight=1715.92 30.5578 18.167 1685.36 543.064 530.035 410.873 294.878
internal_count=163284 10470 7826 152814 128630 121416 101157 71074
is_linear=0
shrinkage=0.0750466


Tree=260
num_leaves=9
num_cat=0
split_feature=33 58 6 13 108 6 33 153
split_gain=1.62506 3.16384 3.4345 1.66671 1.82994 2.59822 5.2847 12.1711
threshold=115002.37000000001 1.0000000180025095e-35 76.500000000000014 1.5000000000000002 1.0000000180025095e-35 76.500000000000014 1.0000000180025095e-35 134.89500000000001
decision_type=2 2 2 2 2 2 2 8
left_child=3 2 -2 4 5 6 -1 -8
right_child=1 -3 -4 -5 -6 -7 7 -9
leaf_value=0.0019401873323049233 -0.02886059297293805 -0.063976407010639447 0.021139706154132579 -0.017105149393802581 0.017007333337842871 -0.0024971543148696296 0.077104527994152627 -0.003691585201103987
leaf_weight=681.82058768559182 16.69960266418639 6.3095328687122665 14.416448476342337 30.455831188941374 37.470361648622202 885.43625983349193 17.592085608208436 26.048594536110613
leaf_count=38844 2829 8510 3073 805 4428 98411 1045 5339
internal_value=-5.3888e-05 -0.0155205 -0.00569484 0.000290904 0.00061232 0.000230963 0.00356067 0.0288783
internal_weight=1716.25 37.4256 31.1161 1678.82 1648.37 1610.9 725.461 43.6407
internal_count=163284 14412 5902 148872 148067 143639 45228 6384
is_linear=0
shrinkage=0.0750466


Tree=261
num_leaves=9
num_cat=0
split_feature=11 0 131 153 131 120 73 138
split_gain=1.28171 5.35339 1.48224 6.07893 2.61363 4.87463 2.40746 3.49866
threshold=-1.0000000180025095e-35 39510640.500000007 9471.9750000000022 12251.985000000002 2633.3850000000007 400242.26000000007 12.500000000000002 19815.575000000004
decision_type=2 2 10 10 10 10 2 8
left_child=1 -1 4 -4 6 -6 -2 -8
right_child=2 -3 3 -5 5 -7 7 -9
leaf_value=0.009602306450079626 0.00096343102908347797 -0.041413944501957983 0.051243723432511566 -0.023457762734020116 -0.036517760301210789 0.029479384152526478 0.0012357131865768816 -0.039703376006234976
leaf_weight=27.066081286215194 1561.3138583017399 20.252609713323181 13.979908591658388 10.933496114244006 25.95213625229735 8.3250019478546147 27.813425900334551 20.365044295220287
leaf_count=3077 125122 2588 1894 3297 6891 3658 5568 11189
internal_value=-5.31513e-05 -0.0122329 0.000292228 0.0184602 1.68689e-05 -0.0204888 0.000453576 -0.0160692
internal_weight=1716 47.3187 1668.68 24.9134 1643.77 34.2771 1609.49 48.1785
internal_count=163284 5665 157619 5191 152428 10549 141879 16757
is_linear=0
shrinkage=0.0750466


Tree=262
num_leaves=9
num_cat=0
split_feature=22 151 5 140 112 103 12 103
split_gain=1.37738 4.61733 6.47157 5.45613 5.73719 3.05455 4.74951 4.44209
threshold=319.2050000000001 5.5000000000000009 55.500000000000007 20211.775000000005 95013.000000000015 2.5000000000000004 5.5000000000000009 1.5000000000000002
decision_type=2 10 2 10 10 2 2 2
left_child=1 -1 3 4 -3 7 -7 -2
right_child=5 2 -4 -5 -6 6 -8 -9
leaf_value=7.9700542163448331e-05 -0.0025147137961261997 -0.0087640786907355935 0.046534278004958685 -0.021627418801164752 0.050242835273127062 0.040264003849262597 -0.02536294431547919 0.027808951010418446
leaf_weight=960.99128398904395 567.90715632796218 17.39496290914758 29.627757748512522 26.902398341957451 19.892982514749747 6.9638333802140542 57.433315884446074 28.576357208177797
leaf_count=26488 82053 2359 2710 5386 2708 950 30388 10242
internal_value=-5.20107e-05 0.0016311 0.0175223 0.00413146 0.0227159 -0.00273836 -0.0182661 -0.00106197
internal_weight=1715.69 1054.81 93.8181 64.1903 37.2879 660.881 64.3971 596.484
internal_count=163284 39651 13163 10453 5067 123633 31338 92295
is_linear=0
shrinkage=0.0750466


Tree=263
num_leaves=9
num_cat=0
split_feature=33 107 142 134 33 16 107 27
split_gain=1.51878 4.0278 4.84154 6.10322 2.69957 15.6476 3.09865 7.91323
threshold=17595.285000000003 123.50000000000001 182988.00000000003 214834.95000000004 1.0000000180025095e-35 -1222.1199999999997 52.500000000000007 12.500000000000002
decision_type=2 2 10 8 2 2 2 2
left_child=4 2 -2 -4 6 -6 -1 -8
right_child=1 -3 3 -5 5 -7 7 -9
leaf_value=-0.0019645571390491576 -0.013252605399704256 -0.058110457776070296 0.091938736770845533 -0.0064265490955791324 -0.024886637521543967 0.05882643571411509 0.013384654342678583 -0.0095229907174144129
leaf_weight=1194.9555123921818 63.777490704633237 8.7137337278686555 6.0992461800487918 8.5080680845667302 24.791112594402875 25.521117627955391 256.18846270437189 127.04537830755908
leaf_count=29195 10519 15264 2099 3357 1940 2917 54586 43407
internal_value=-5.22061e-05 -0.00970737 -0.00432658 0.0346456 0.000464189 0.0175772 -8.13694e-05 0.00579057
internal_weight=1715.6 87.0985 78.3848 14.6073 1628.5 50.3122 1578.19 383.234
internal_count=163284 31239 15975 5456 132045 4857 127188 97993
is_linear=0
shrinkage=0.0750466


Tree=264
num_leaves=9
num_cat=0
split_feature=63 5 5 121 107 10 153 107
split_gain=2.02248 7.34956 7.05587 2.70894 1.69043 2.36537 2.60328 6.50365
threshold=8.5000000000000018 47.500000000000007 40.500000000000007 16932.260000000006 12.500000000000002 3952.5500000000006 5389.9350000000004 22.500000000000004
decision_type=2 2 2 8 2 2 10 2
left_child=4 2 -2 -3 -1 6 -6 -8
right_child=1 3 -4 -5 5 -7 7 -9
leaf_value=0.0028388522928395467 0.0087860537521330904 -0.060504683569656131 0.13357751837512802 0.010155465017654335 -0.00019737144199542686 -0.021587066243638858 -0.071678261492069503 -0.0068002291393766297
leaf_weight=601.0043915353599 5.2272151039378532 4.7299252583420612 4.9856079153178143 8.632879685232183 943.65445013233693 34.046843397345583 9.4942114885197935 104.30045396843343
leaf_count=7520 2194 3133 2480 3445 106266 4212 318 33716
internal_value=-5.33046e-05 0.0217759 0.0697057 -0.0148555 -0.000357373 -0.00211729 -0.00149042 -0.0122132
internal_weight=1716.08 23.5756 10.2128 13.3628 1692.5 1091.5 1057.45 113.795
internal_count=163284 11252 4674 6578 152032 144512 140300 34034
is_linear=0
shrinkage=0.0750466


Tree=265
num_leaves=9
num_cat=0
split_feature=39 97 73 39 48 97 115 46
split_gain=1.41413 4.0502 3.02405 4.03983 1.46544 4.98288 4.93224 2.58659
threshold=313319.83000000002 7.5000000000000009 7.5000000000000009 857069.45500000019 1.0000000180025095e-35 5.5000000000000009 57176.19000000001 1.0000000180025095e-35
decision_type=2 2 2 2 2 2 8 2
left_child=4 -2 -3 -4 7 -6 -7 -1
right_child=1 2 3 -5 5 6 -8 -9
leaf_value=0.00029271473405561492 -0.06023461283503577 -0.026436559835921896 -0.023026599805029961 0.074441033199425313 0.024149068550738617 0.0040317092410742435 -0.047014939566130717 -0.013778016394648139
leaf_weight=1481.6678082629232 8.4435937401631254 10.405059911685386 4.2605381087732876 5.469670228256291 58.24620646764015 56.542504408716923 13.137190899566574 77.424078346681199
leaf_count=118785 1981 3168 2885 3009 4901 12472 2038 14045
internal_value=-5.28925e-05 -0.016607 0.00168799 0.0317632 0.000227541 0.00794921 -0.00559247 -0.000406034
internal_weight=1715.6 28.5789 20.1353 9.73021 1687.02 127.926 69.6797 1559.09
internal_count=163284 11043 9062 5894 152241 19411 14510 132830
is_linear=0
shrinkage=0.0750466


Tree=266
num_leaves=9
num_cat=0
split_feature=148 10 153 141 142 58 107 142
split_gain=1.24783 3.37723 2.58577 2.29595 8.84276 11.1542 7.77096 3.04732
threshold=5.9250000000000007 -910.38999999999987 4275.5850000000009 1.7850000000000004 365976.00000000006 694.42000000000007 171.50000000000003 238705.50000000003
decision_type=10 2 10 10 10 2 2 10
left_child=3 2 -2 -1 7 -6 -7 -5
right_child=1 -3 -4 4 5 6 -8 -9
leaf_value=0.00039696899251133336 0.021086132816798872 0.035320206670946909 -0.050796719159367842 -0.017414227981168016 0.096758899657178474 -0.0313305095845385 0.070979276105671105 -0.055678984867556562
leaf_weight=1580.2822239816451 5.3297808010574972 18.148552427355753 5.9813183305277562 60.926142230651749 8.3979058117965923 16.240227497213713 5.6309548589224496 14.513701083502381
leaf_count=129852 1404 2988 3394 11879 1600 4264 4817 3086
internal_value=-5.17441e-05 0.0152603 -0.0169256 -0.000319295 -0.011027 0.0232395 -0.00498983 -0.0247759
internal_weight=1715.45 29.4597 11.3111 1685.99 105.709 30.2691 21.8712 75.4398
internal_count=163284 7786 4798 155498 25646 10681 9081 14965
is_linear=0
shrinkage=0.0750466


Tree=267
num_leaves=9
num_cat=0
split_feature=63 64 64 16 64 119 147 56
split_gain=1.63237 9.71225 3.81997 5.39896 4.17465 5.18554 2.68407 3.73125
threshold=8.5000000000000018 25194.515000000003 13076.395000000002 1.0000000180025095e-35 29265.620000000006 1.0000000180025095e-35 -52197.869999999988 1.0000000180025095e-35
decision_type=2 2 2 2 2 8 10 2
left_child=2 -2 -1 4 -4 -6 -3 -8
right_child=1 6 3 -5 5 -7 7 -9
leaf_value=0.00041356484733964631 0.077642259741326242 -0.062519890275663847 -0.027386786519805688 -0.076077072838902318 0.062529163288958078 -0.0090883745369246972 0.051815849142528299 -0.043367532387862236
leaf_weight=1620.8866064650301 9.6540202832966333 5.2258064535876647 34.763820184681208 7.8595040107429659 8.0204468293468398 19.630055998373791 4.6882951570587448 4.5907258819415802
leaf_count=127426 3699 2993 11654 2836 4367 5749 1743 2817
internal_value=-5.23905e-05 0.0193173 -0.000329093 -0.0174587 -0.0100772 0.0116854 -0.0195023 0.00472459
internal_weight=1715.32 24.1588 1691.16 70.2738 62.4143 27.6505 14.5048 9.27902
internal_count=163284 11252 152032 24606 21770 10116 7553 4560
is_linear=0
shrinkage=0.0750466


Tree=268
num_leaves=9
num_cat=0
split_feature=6 142 0 12 120 120 22 142
split_gain=1.48142 5.43932 3.86655 3.90124 2.99965 3.62224 2.62621 3.76166
threshold=289.50000000000006 119646.00000000001 14632853.000000002 6.5000000000000009 253368.00000000003 493684.90500000009 409658.84500000003 309672.00000000006
decision_type=2 10 2 2 10 10 2 10
left_child=2 -2 3 -1 -3 -6 -4 -8
right_child=1 4 6 -5 5 -7 7 -9
leaf_value=0.0012134119213474484 0.034951706484204495 -0.02760306214952098 0.00053632335371151191 -0.040281928954789936 0.047140943985344262 -0.015125730540292669 -0.001950419003820711 -0.060784113149512424
leaf_weight=24.047562610998284 29.881459081250796 20.360782989904692 1565.9377350297664 27.186461729482289 9.5091889013692725 11.779830685623891 16.866836619617974 9.6064491176830398
leaf_count=1086 1551 2585 133624 5250 1990 4022 5934 7242
internal_value=-5.27233e-05 0.0105196 -0.000512831 -0.0208054 -0.00700907 0.012687 0.000140059 -0.0232996
internal_weight=1715.18 71.5313 1643.65 51.234 41.6498 21.289 1592.41 26.4733
internal_count=163284 10148 153136 6336 8597 6012 146800 13176
is_linear=0
shrinkage=0.0750466


Tree=269
num_leaves=9
num_cat=0
split_feature=33 32 112 11 112 137 141 83
split_gain=1.33987 5.32742 3.50044 1.67064 4.89822 3.76081 4.61306 7.78835
threshold=175039.38000000003 10.500000000000002 278704.80000000005 421.10500000000008 57007.80000000001 -1.0000000180025095e-35 1.7850000000000004 2582.5950000000007
decision_type=2 2 8 2 8 8 10 2
left_child=3 2 -2 -1 -5 -6 -7 -8
right_child=1 -3 -4 4 5 6 7 -9
leaf_value=-0.0009183260204233103 0.0064447810321970611 0.027605882624424764 -0.069136983331493124 -0.028602705925695564 -0.032541479669043263 0.014069617578770831 -0.049592486548179597 0.012365459928294497
leaf_weight=1378.584144462131 5.155512378178174 9.3045982083276595 10.438322839733701 22.444790793408174 12.458397477355902 228.14752427310304 18.568547955395843 29.707583742047973
leaf_count=57035 3737 1286 4585 6293 1257 67194 5231 16666
internal_value=-5.16306e-05 -0.0173339 -0.0441487 0.000202999 0.00516833 0.00779218 0.00961002 -0.0114656
internal_weight=1714.81 24.8984 15.5938 1689.91 311.327 288.882 276.424 48.2761
internal_count=163284 9608 8322 153676 96641 90348 89091 21897
is_linear=0
shrinkage=0.0750466


Tree=270
num_leaves=9
num_cat=0
split_feature=60 20 140 20 112 20 112 147
split_gain=1.32907 3.91733 11.7047 1.95306 7.0187 7.04106 5.18139 6.79229
threshold=1079.3350000000003 3581.3600000000001 7173.1900000000014 203.56500000000003 190026.00000000003 16705.170000000002 278704.80000000005 -7681.6749999999993
decision_type=2 2 8 2 10 2 10 8
left_child=3 -2 -3 -1 -5 -6 7 -7
right_child=1 2 -4 4 5 6 -8 -9
leaf_value=0.0014687920116133698 -0.02024118410146044 0.12350725017835407 -0.028386072727209645 -0.015073560063099701 -0.010422766497650547 0.10894050368087725 0.012256521613954153 0.015414047786397156
leaf_weight=1392.6029378620451 49.656665275516389 4.4978608980090922 7.8331737853995946 163.84584740730133 46.960579032457645 8.8980280153973563 32.262964544263923 8.600235422440166
leaf_count=92390 11407 1487 5148 26401 8847 3601 12897 1106
internal_value=-5.151e-05 -0.01084 0.0270184 0.000353017 -0.00561024 0.0104205 0.0300907 0.0629731
internal_weight=1715.16 61.9877 12.331 1653.17 260.568 96.7218 49.7612 17.4983
internal_count=163284 18042 6635 145242 52852 26451 17604 4707
is_linear=0
shrinkage=0.0750466


Tree=271
num_leaves=9
num_cat=0
split_feature=63 118 27 80 22 27 27 80
split_gain=1.32487 3.13894 2.2743 3.10422 1.63148 4.13686 5.85484 5.2272
threshold=8.5000000000000018 11457.295000000002 2.5000000000000004 3.5000000000000004 319.2050000000001 23.500000000000004 12.500000000000002 1.0000000180025095e-35
decision_type=2 8 2 2 2 2 2 2
left_child=4 -2 -3 -4 -1 6 -6 -7
right_child=1 2 3 -5 5 7 -8 -9
leaf_value=0.0015111010810754356 -0.028589352595093185 0.0010646661222682499 0.092282410316096866 0.011974536706761917 -0.0022304180145978256 0.089720331969559641 -0.026602458807718433 0.0093316554351515896
leaf_weight=1052.0738323377482 6.2822717778617516 7.5045681965275497 5.8015793755503164 5.0883563630259232 542.86625879209987 5.433710477920612 61.835982878829782 28.188052583854187
leaf_count=38999 3702 1190 3461 2899 70833 2441 24279 15480
internal_value=-5.29215e-05 0.0172104 0.0328524 0.0547583 -0.000304936 -0.00329809 -0.00472267 0.0223235
internal_weight=1715.07 24.6768 18.3945 10.8899 1690.4 638.324 604.702 33.6218
internal_count=163284 11252 7550 6360 152032 113033 95112 17921
is_linear=0
shrinkage=0.0750466


Tree=272
num_leaves=9
num_cat=0
split_feature=7 85 72 10 82 140 72 10
split_gain=1.2935 3.19467 8.99773 10.0252 2.41915 3.18211 2.76742 2.55598
threshold=5005.1550000000016 11788.650000000001 1.0000000180025095e-35 1875.5950000000003 6.5000000000000009 953.55500000000018 1774.0450000000003 1.0000000180025095e-35
decision_type=2 2 2 2 2 8 2 2
left_child=4 -2 3 -3 -1 -6 7 -7
right_child=1 2 -4 -5 5 6 -8 -9
leaf_value=-0.00014260173663086897 0.0025699218927939744 0.016025510866844943 -0.020853766897867894 0.17448945445622718 -0.06622083028842364 -0.012585751593138456 -0.054112713449318395 0.037244765698018982
leaf_weight=1542.0802010280977 111.40507792094741 4.9085789684168066 7.9322794283725662 4.1490965340981347 6.5519101990139461 23.422628150317909 6.4935760386542816 7.7041823507388463
leaf_count=125218 12981 3855 2180 1780 2053 11829 1679 1709
internal_value=-5.21925e-05 0.00719281 0.0375056 0.0886139 -0.00063862 -0.0179549 -0.00954897 -0.000252223
internal_weight=1714.65 128.395 16.99 9.05768 1586.25 44.1723 37.6204 31.1268
internal_count=163284 20796 7815 5635 142488 17270 15217 13538
is_linear=0
shrinkage=0.0750466


Tree=273
num_leaves=9
num_cat=0
split_feature=39 120 85 20 20 39 16 49
split_gain=1.32878 4.58234 4.01791 3.91407 2.65862 2.01209 1.48002 3.47002
threshold=25863.355000000003 182988.00000000003 8269.6500000000015 104.79500000000002 55.415000000000006 234606.79000000001 -176.96999999999997 1.0000000180025095e-35
decision_type=2 8 2 2 2 2 2 2
left_child=6 5 4 -4 -3 -2 -1 -8
right_child=1 2 3 -5 -6 -7 7 -9
leaf_value=-0.0015108665030799675 -0.068420686619493284 0.0096309332896952708 -0.0018532610792174001 0.092572325996514021 -0.038242571135456004 -0.019273748260867831 0.0014575342736229734 0.021319454523014359
leaf_weight=990.94400115287499 8.5395048477221298 15.075257970753229 4.9926418114209792 4.8976897641869073 11.530006903217325 10.411598209258953 614.26495387986961 53.885266397783198
leaf_count=59192 2485 2053 2207 4185 4644 3300 74561 10657
internal_value=-5.22747e-05 -0.0114806 0.00406596 0.0449063 -0.0111162 -0.0414197 0.000329657 0.00305937
internal_weight=1714.54 55.4467 36.4956 9.89033 26.6053 18.9511 1659.09 668.15
internal_count=163284 18874 13089 6392 6697 5785 144410 85218
is_linear=0
shrinkage=0.0750466


Tree=274
num_leaves=9
num_cat=0
split_feature=112 140 58 5 72 140 9 9
split_gain=1.32825 5.95352 1.85317 3.56017 4.44235 3.67239 3.27919 3.27509
threshold=41172.30000000001 3519.0050000000006 4177.2050000000008 32.500000000000007 -2505.8599999999992 13973.205000000002 116.42500000000003 3165.5400000000004
decision_type=8 8 2 2 2 8 2 2
left_child=1 -1 7 5 -5 -4 -6 -2
right_child=2 -3 3 4 6 -7 -8 -9
leaf_value=-0.017912410921129992 -0.0022850455311304273 0.024065346161984819 0.070328559793880682 0.047513077321827156 -0.030676268559497507 0.00497776608917828 0.0031836181055502756 0.016889181185575999
leaf_weight=29.46236437389598 1341.4895589433545 53.728489642744535 9.330312055317334 11.868376199698103 17.608054090032965 10.069592536652637 189.15821650962744 52.119896739217438
leaf_count=2339 91401 4026 1806 1714 1531 2972 52277 5218
internal_value=-5.10702e-05 0.00919876 -0.000522681 0.00559697 0.00286305 0.036408 0.000300137 -0.00156794
internal_weight=1714.83 83.1909 1631.64 238.035 218.635 19.3999 206.766 1393.61
internal_count=163284 6365 156919 60300 55522 4778 53808 96619
is_linear=0
shrinkage=0.0750466


Tree=275
num_leaves=9
num_cat=0
split_feature=39 97 55 97 11 72 137 9
split_gain=1.29657 3.65707 2.30588 8.81857 1.60151 5.35504 8.52706 14.4181
threshold=313319.83000000002 7.5000000000000009 1.0000000180025095e-35 51.500000000000007 1958.5550000000001 1.0000000180025095e-35 34187.80000000001 389.19000000000005
decision_type=2 2 2 2 2 2 8 2
left_child=4 -2 -3 -4 -1 6 -6 -8
right_child=1 2 3 -5 5 -7 7 -9
leaf_value=-0.00020066239339181242 -0.059043915180049013 -0.020259893243084397 0.11230104017449696 -0.041817425478613002 0.0065298739536088233 -0.011501722396891706 0.24826710159174803 0.037289554326318579
leaf_weight=1633.3199680669168 7.9761797525443425 11.947397045556501 3.9673750866113533 4.421092772809061 18.340666831900307 25.867240386652156 2.5142891841787804 6.6476954180643588
leaf_count=127068 1981 3950 1788 3324 9448 7518 562 7645
internal_value=-4.99899e-05 -0.0159768 0.000915065 0.0310738 0.000217351 0.0130101 0.0360644 0.0951873
internal_weight=1715 28.312 20.3359 8.38847 1686.69 53.3699 27.5027 9.16198
internal_count=163284 11043 9062 5112 152241 25173 17655 8207
is_linear=0
shrinkage=0.0750466


Tree=276
num_leaves=9
num_cat=0
split_feature=102 153 7 107 107 117 153 107
split_gain=1.2544 2.60436 2.07325 4.74884 11.652 5.34358 4.87422 4.44829
threshold=1.0000000180025095e-35 1.0000000180025095e-35 5005.1550000000016 12.500000000000002 38.500000000000007 21907.440000000002 31829.355000000007 195.50000000000003
decision_type=2 10 2 2 2 8 8 2
left_child=2 -2 -1 -4 -5 6 7 -6
right_child=1 -3 3 4 5 -7 -8 -9
leaf_value=-0.00040636591352148117 0.0042929835310268729 -0.026933064074869055 0.029908135854310819 -0.039932410917762264 0.0067395767736327375 0.069553316991674288 -0.054610218607478792 0.079204236858229832
leaf_weight=1535.026147512252 31.358113873026014 28.912306046735466 42.736742081935517 27.979240031578229 27.329661037729238 10.049449547597758 5.9075255546777035 5.7799233531377459
leaf_count=138731 785 4188 680 1356 10538 1483 1625 3898
internal_value=-5.16685e-05 -0.0106865 0.000335665 0.00984487 -0.00128407 0.0207544 0.00818547 0.0193897
internal_weight=1715.08 60.2704 1654.81 119.783 77.0458 49.0666 39.0171 33.1096
internal_count=163284 4973 158311 19580 18900 17544 16061 14436
is_linear=0
shrinkage=0.0750466


Tree=277
num_leaves=9
num_cat=0
split_feature=81 116 0 127 7 6 64 109
split_gain=1.51348 5.22987 5.01293 4.30271 8.54369 7.49844 6.57089 6.53972
threshold=15997.960000000001 702.78000000000009 59645539.500000007 1408.5000000000002 1462.8150000000003 20.500000000000004 1.0000000180025095e-35 1.0000000180025095e-35
decision_type=2 10 2 8 2 2 2 2
left_child=1 -1 3 4 5 -2 -5 -8
right_child=2 -3 -4 6 -6 -7 7 -9
leaf_value=0.0027957623125139672 0.044439432381158508 -0.01333697648971521 -0.027303644304165122 -0.015682599914074093 0.037440610125226051 -0.022420610556829573 -0.0225015970200012 0.017721875581056059
leaf_weight=1164.6224619738205 12.197778105066389 125.35243227085812 46.09561663014756 161.41629140503574 43.115341281903966 41.893186648039773 30.521401736178632 89.575526574341438
leaf_count=48943 2304 19507 8837 24573 7427 11133 9251 31309
internal_value=-5.13754e-05 0.00122807 -0.0039365 -0.00109238 0.0125203 -0.00734334 -0.00579284 0.00749949
internal_weight=1714.79 1289.97 424.815 378.72 97.2063 54.091 281.513 120.097
internal_count=163284 68450 94834 85997 20864 13437 65133 40560
is_linear=0
shrinkage=0.0750466


Tree=278
num_leaves=9
num_cat=0
split_feature=2 73 16 83 73 16 5 149
split_gain=1.27542 2.73 1.66575 7.2302 6.5136 4.36737 3.69922 2.9649
threshold=1.0000000180025095e-35 1.0000000180025095e-35 -4047.3549999999991 1.0000000180025095e-35 8.5000000000000018 -10288.865 38.500000000000007 3571.5000000000005
decision_type=2 2 2 2 2 2 2 10
left_child=-1 -2 3 5 -5 -3 -6 -4
right_child=1 2 7 4 6 -7 -8 -9
leaf_value=-0.0050969696179545831 0.013231610898615501 0.008222850726366868 0.0041361771984001552 -0.051968562901029525 0.065129120464019682 -0.010236461020970779 -0.021285242460870123 -0.0044352078198853818
leaf_weight=242.37126899580471 92.883242692332715 153.16776666626902 713.8757701444556 30.474958592785697 4.7406741762242728 136.53016423635017 6.7802890305656547 333.44704588092782
leaf_count=2137 3106 5122 77940 6021 2182 5862 3294 57620
internal_value=-5.2482e-05 0.000778172 -6.0626e-05 -0.00469534 -0.0337962 -0.000476738 0.0142728 0.00140722
internal_weight=1714.27 1471.9 1379.02 331.694 41.9959 289.698 11.521 1047.32
internal_count=163284 161147 158041 22481 11497 10984 5476 135560
is_linear=0
shrinkage=0.0750466


Tree=279
num_leaves=9
num_cat=0
split_feature=22 151 73 27 27 149 118 73
split_gain=1.23144 4.31578 6.92338 5.02232 3.82453 3.6364 3.42941 8.07958
threshold=319.2050000000001 5.5000000000000009 4.5000000000000009 17.500000000000004 3.5000000000000004 636.50000000000011 5692.1350000000011 2.5000000000000004
decision_type=2 10 2 2 2 10 8 2
left_child=1 4 -3 -4 5 -1 7 -2
right_child=6 2 3 -5 -6 -7 -8 -9
leaf_value=-0.0027337035074393797 0.053269991807462447 0.048125592252669561 0.02076418237569785 -0.021263112350573272 -0.0119295378830847 0.0072230345613639507 -0.00013143005952555 -0.020412741874670296
leaf_weight=443.00887411888834 9.1152069687632302 28.029244595796627 39.302122094064543 27.026346569837187 130.09691649153501 387.09731043044303 546.38770520018988 104.11857610091738
leaf_count=8006 693 1837 4898 6428 11466 7016 91611 31329
internal_value=-5.15044e-05 0.00153932 0.0168543 0.00363965 3.43326e-05 0.00190935 -0.00259481 -0.0144814
internal_weight=1714.18 1054.56 94.3577 66.3285 960.203 830.106 659.621 113.234
internal_count=163284 39651 13163 11326 26488 15022 123633 32022
is_linear=0
shrinkage=0.0750466


Tree=280
num_leaves=9
num_cat=0
split_feature=13 99 116 115 17 52 27 113
split_gain=1.14268 1.25756 5.38579 2.64325 2.37912 3.43939 2.52323 6.25773
threshold=1.5000000000000002 1.0000000180025095e-35 -1.0000000180025095e-35 -164.97999999999999 3.5000000000000004 73897.235000000015 23.500000000000004 -1079.9999999999998
decision_type=2 2 10 8 2 2 2 10
left_child=1 3 -3 -1 5 -5 -7 -8
right_child=-2 2 -4 4 -6 6 7 -9
leaf_value=-0.0248577942684012 -0.014468004176393906 0.030368591128901137 -0.0069163188149949737 0.00011324364962277259 0.013779812238293389 -0.027118802536211517 -0.075136268154548186 0.09631363363102724
leaf_weight=24.262607350621693 30.415278436616063 37.84406971642602 51.529530965770391 1455.7475885817676 68.507680383188926 40.342402940698776 1.9695993221848764 3.0642903764960456
leaf_count=2370 829 763 4698 91289 6805 46114 3578 6838
internal_value=-5.15281e-05 0.000208966 0.00887148 -0.000276763 0.000103199 -0.000520969 -0.0208676 0.0292308
internal_weight=1713.68 1683.27 89.3736 1593.89 1569.63 1501.12 45.3763 5.03389
internal_count=163284 162455 5461 156994 154624 147819 56530 10416
is_linear=0
shrinkage=0.0750466


Tree=281
num_leaves=9
num_cat=0
split_feature=6 12 120 120 127 6 123 6
split_gain=1.29284 3.84875 3.65473 4.40324 1.87739 3.39242 4.04002 3.54545
threshold=289.50000000000006 6.5000000000000009 253368.00000000003 493684.90500000009 3655.5000000000005 145.50000000000003 19.500000000000004 244.50000000000003
decision_type=2 2 10 10 10 2 10 2
left_child=4 -2 -3 -4 -1 -6 7 -7
right_child=1 2 3 -5 5 6 -8 -9
leaf_value=0.00046091724531022323 0.029539612318348119 -0.028632786366872442 0.054001098880062548 -0.015248216760832661 -0.030345439517026243 0.0062064103144952388 -0.038407471882856856 -0.023140970941894854
leaf_weight=1442.1430458962923 31.363674258347601 19.71351599128684 9.5355512249898329 11.299080237042288 30.503006950815688 123.29060947631569 16.504798791000212 28.55371101918854
leaf_count=119534 1283 2926 1940 3999 4556 21140 2691 5215
internal_value=-5.00537e-05 0.00979891 -0.00547037 0.0164457 -0.000481656 -0.00731751 -0.00314511 0.000687754
internal_weight=1712.91 71.9118 40.5481 20.8346 1641 198.852 168.349 151.844
internal_count=163284 10148 8865 5939 153136 33602 29046 26355
is_linear=0
shrinkage=0.0750466


Tree=282
num_leaves=9
num_cat=0
split_feature=5 5 28 28 28 5 32 32
split_gain=1.24177 5.84049 3.49677 4.45036 10.3232 3.08527 2.78487 6.0705
threshold=67.500000000000014 61.500000000000007 7437.8550000000005 14896.805000000002 34017.540000000008 76.500000000000014 1.5000000000000002 10.500000000000002
decision_type=2 2 2 2 2 2 2 2
left_child=1 6 -3 -4 -5 -2 -1 -8
right_child=5 2 3 4 -6 -7 7 -9
leaf_value=-0.00025026241366864124 -0.011497259272235523 0.021167341651412094 -0.036181717137247098 0.049602352476303319 -0.037319518454733837 0.011686256880073574 -0.033676645706525038 0.019613841626333797
leaf_weight=1315.9820833003 135.80079831544208 114.97292107559042 15.416987585009336 18.278595456335101 13.290185481313527 42.430375113432092 39.095768714912992 17.395574527812641
leaf_count=121638 9833 3808 1680 2877 3965 2872 14457 2154
internal_value=-4.8877e-05 0.000639829 0.014118 -0.00313148 0.013009 -0.00597811 -0.000950664 -0.0172667
internal_weight=1712.66 1534.43 161.959 46.9858 31.5688 178.231 1372.47 56.4913
internal_count=163284 150579 12330 8522 6842 12705 138249 16611
is_linear=0
shrinkage=0.0750466


Tree=283
num_leaves=9
num_cat=0
split_feature=58 0 63 0 142 115 112 112
split_gain=1.23587 5.05857 3.61932 1.69093 4.00251 2.70503 2.45557 2.23004
threshold=26388.150000000005 41179171.000000007 1.5000000000000002 15842220.000000002 119646.00000000001 1.0000000180025095e-35 720815.33500000008 720815.33500000008
decision_type=2 2 2 2 10 8 8 10
left_child=3 2 -2 4 -1 -6 -7 -5
right_child=1 -3 -4 7 5 6 -8 -9
leaf_value=0.0065245286685875594 0.058631288283989384 -0.041480073607838487 -0.012310815509157793 -0.00028209877726170063 -0.010528759510267209 -0.067808223614586965 -0.017827158386615503 0.01264730066688329
leaf_weight=54.104519613949378 12.770476842277281 6.3307880637530607 5.9314282655118395 1484.9965974215211 46.91902059867698 10.867685494720719 11.284498229799281 79.134480395578976
leaf_count=3029 4031 1765 4524 125756 5872 3115 1981 13211
internal_value=-4.90747e-05 0.0165035 0.0361315 -0.000294647 -0.00876051 -0.0207335 -0.0423475 0.000372042
internal_weight=1712.34 25.0327 18.7019 1687.31 123.176 69.0712 22.1522 1564.13
internal_count=163284 10320 8555 152964 13997 10968 5096 138967
is_linear=0
shrinkage=0.0750466


Tree=284
num_leaves=9
num_cat=0
split_feature=81 83 131 22 150 147 147 141
split_gain=1.27756 9.6813 7.4892 5.10112 6.23167 6.47289 9.32695 5.44437
threshold=56108.485000000008 2582.5950000000007 5401.6650000000009 6061.1650000000009 552.33500000000015 -21440.649999999998 -13999.084999999997 5.1050000000000013
decision_type=2 2 10 2 10 10 8 8
left_child=-1 -2 3 -3 -5 7 -7 -6
right_child=1 2 -4 4 5 6 -8 -9
leaf_value=0.0006922239314917178 -0.029490028171069951 0.022742052712570175 0.077059886855395568 -0.04093276653329786 -0.033057426952560566 0.098483781808111279 0.0012674580720368148 0.045002480463936102
leaf_weight=1514.8344914899681 64.845067100477536 41.964062078612187 7.8358187259145771 24.72256103854852 26.339834624563991 8.1647230871967604 17.409200845662784 6.2205662084625137
leaf_count=96771 17926 7580 3889 5736 16703 3901 6335 4443
internal_value=-4.7942e-05 -0.005725 0.00589179 0.0014241 -0.00937268 0.00404876 0.0323047 -0.0181443
internal_weight=1712.34 197.502 132.657 124.821 82.8569 58.1343 25.5739 32.5604
internal_count=163284 66513 48587 44698 37118 31382 10236 21146
is_linear=0
shrinkage=0.0750466


Tree=285
num_leaves=9
num_cat=0
split_feature=80 64 97 58 64 112 58 85
split_gain=1.32898 6.37907 3.65339 3.57779 3.82841 3.41693 8.12103 5.1859
threshold=2.5000000000000004 1745.0100000000002 7.5000000000000009 12258.370000000001 3314.0650000000005 139352.40000000002 6461.2000000000007 29360.190000000006
decision_type=2 2 2 2 2 8 2 2
left_child=1 -1 -3 4 -4 6 -2 -7
right_child=5 2 3 -5 -6 7 -8 -9
leaf_value=0.00061586512811785785 0.0039991681727661451 -0.041398189460602697 -0.040142128463540309 -0.053369095967652665 0.0014095852761687674 0.018167488061338576 -0.054980038216638771 -0.019465904087057274
leaf_weight=1344.9115748367149 74.325431583085447 27.197489487822168 15.02296362148263 9.8030598439572696 74.017549490261445 126.27584119391031 15.974379303441308 24.64765444435352
leaf_count=70025 14231 6058 2997 5920 21452 26779 5106 10716
internal_value=-5.03739e-05 -0.000897067 -0.0170407 -0.0103386 -0.00560104 0.00511266 -0.00643448 0.0120215
internal_weight=1712.18 1470.95 126.041 98.8436 89.0405 241.223 90.2998 150.923
internal_count=163284 106452 36427 30369 24449 56832 19337 37495
is_linear=0
shrinkage=0.0750466


Tree=286
num_leaves=9
num_cat=0
split_feature=151 138 20 83 63 51 72 125
split_gain=1.26366 4.08126 2.71078 2.46217 4.9253 2.61063 9.54372 9.66148
threshold=1.5000000000000002 1513.9350000000002 79.560000000000016 175657.12500000003 3.5000000000000004 1.0000000180025095e-35 1708.4500000000003 -1548.9699999999998
decision_type=10 10 2 2 2 2 2 10
left_child=1 2 -1 5 -5 -2 7 -7
right_child=3 -3 -4 4 -6 6 -8 -9
leaf_value=0.0024344768803570001 0.003934304752872173 -0.010208067359598439 -0.0092448256595453783 0.065004645071453981 -0.028561966744163402 -0.037177701223455262 0.063017665832063932 0.072107921308555784
leaf_weight=800.94386361288343 472.17681129201992 238.08714151183904 130.10433246080356 9.4811261563581848 4.7588489245831616 43.299786106626016 7.9555151212316551 5.0916917875420031
leaf_count=20397 46077 24307 6587 4066 3865 50596 1372 6017
internal_value=-5.05501e-05 -0.0014398 0.000802415 0.00294195 0.0337357 0.00211228 -0.0131559 -0.0256788
internal_weight=1711.9 1169.14 931.048 542.764 14.24 528.524 56.347 48.3915
internal_count=163284 51291 26984 111993 7931 104062 57985 56613
is_linear=0
shrinkage=0.0750466


Tree=287
num_leaves=9
num_cat=0
split_feature=2 81 97 113 81 95 113 151
split_gain=1.24111 2.20682 9.16577 5.68429 4.34722 5.1422 5.06268 3.96025
threshold=1.0000000180025095e-35 15997.960000000001 36.500000000000007 -593.49999999999989 62361.94000000001 1.5000000000000002 -1414.4999999999998 1.5000000000000002
decision_type=2 2 2 8 2 2 10 8
left_child=-1 -2 -3 4 6 -6 -4 -5
right_child=1 2 3 7 5 -7 -8 -9
leaf_value=-0.005031365994591766 0.0026054813763841996 -0.013150433162860437 0.0060959272550694535 -0.047145100850911795 -0.0052882690619989563 0.062526499358792051 0.056126226772544079 0.0012116399206012437
leaf_weight=241.9716135316994 1050.6440309824802 245.87208245611509 18.232137890776357 11.148686503416682 39.917358249194876 7.4769948162775099 30.360470828318284 66.032383589612436
leaf_count=2137 66343 46506 3120 2123 17569 1607 4953 18926
internal_value=-5.10384e-05 0.000768932 -0.00383578 0.0093896 0.0215819 0.00541028 0.0373547 -0.00577342
internal_weight=1711.66 1469.68 419.04 173.168 95.987 47.3944 48.5926 77.1811
internal_count=163284 161147 94804 48298 27249 19176 8073 21049
is_linear=0
shrinkage=0.0750466


Tree=288
num_leaves=9
num_cat=0
split_feature=8 125 27 8 81 7 150 125
split_gain=1.33994 4.51679 3.36449 6.8957 8.06737 10.8543 5.72673 9.0617
threshold=-1.0000000180025095e-35 -8696.0399999999991 15.500000000000002 6800.3600000000015 227284.42000000001 3181.8900000000008 17914.180000000004 -28173.074999999993
decision_type=2 8 2 2 2 2 10 10
left_child=1 -1 -2 -4 6 -6 7 -5
right_child=2 -3 3 4 5 -7 -8 -9
leaf_value=-0.023251852342711384 -0.0017702008897011003 0.0087033090145163736 0.046946076309312926 -0.019202569476126152 -0.042540336330479066 0.16987994881461715 -0.028282771094308649 0.099596823205568785
leaf_weight=28.114119114294226 1386.1106036166821 218.72780276876074 24.783648100716164 9.2189878752178611 2.271587252907465 3.356790158273725 33.117195688538231 5.9499858982926517
leaf_count=8309 97197 24975 5794 3306 2452 3087 15536 2628
internal_value=-5.12407e-05 0.00506377 -0.000913195 0.0141812 -0.000880233 0.0841481 -0.0107914 0.0273961
internal_weight=1711.65 246.842 1464.81 78.6982 53.9145 5.62838 48.2862 15.169
internal_count=163284 33284 130000 32803 27009 5539 21470 5934
is_linear=0
shrinkage=0.0750466


Tree=289
num_leaves=9
num_cat=0
split_feature=20 71 28 20 147 20 28 115
split_gain=1.17758 4.55221 4.98895 5.03927 3.29952 2.36136 5.4975 4.82985
threshold=109749.33500000001 1.0000000180025095e-35 1.0000000180025095e-35 198651.37500000003 -19379.904999999995 48105.080000000009 1.0000000180025095e-35 3644.1150000000002
decision_type=2 2 2 2 10 2 2 8
left_child=5 2 -2 -4 -3 -1 -7 -8
right_child=1 4 3 -5 -6 6 7 -9
leaf_value=-0.00012679782663233425 0.078929526587642226 -0.057505082190954945 0.052922308348921733 -0.037996184271911933 -0.0050468132966783284 0.073505129878307721 0.02192094958950349 -0.053155758694901856
leaf_weight=1631.1150889118471 5.1502955876494552 13.83599641948331 5.2486947266279449 9.9272834538132866 13.190644841910396 8.1756467862141999 18.892263079271292 6.4816994527463967
leaf_count=135726 958 2928 4224 8373 1677 662 5736 3000
internal_value=-5.3387e-05 -0.0117232 0.0151078 -0.00655153 -0.0319023 0.000278571 0.0199868 0.00274284
internal_weight=1712.02 47.3529 20.3263 15.176 27.0266 1664.66 33.5496 25.374
internal_count=163284 18160 13555 12597 4605 145124 9398 8736
is_linear=0
shrinkage=0.0750466


Tree=290
num_leaves=9
num_cat=0
split_feature=82 6 131 5 5 5 103 112
split_gain=1.27714 4.02099 3.41178 3.04555 5.21302 3.5228 2.20978 11.7614
threshold=6.5000000000000009 189.50000000000003 674.47500000000014 51.500000000000007 42.500000000000007 32.500000000000007 5.5000000000000009 164689.20000000004
decision_type=2 2 8 2 2 2 2 10
left_child=6 3 -3 4 5 -2 -1 -8
right_child=1 2 -4 -5 -6 -7 7 -9
leaf_value=-9.5382879241464008e-05 0.0059389977034470251 -0.0078064636497063751 0.075123211514390734 -0.067049852984524261 0.038595120933508878 -0.0516096830030746 0.048383286755100077 -0.043737875892980074
leaf_weight=1623.8556215755416 9.6090591213778698 6.5032503955399052 4.8985103709715085 7.1543937502101462 8.2785903398871579 15.909279177868482 24.273004583454167 11.505309036500874
leaf_count=126032 3467 3294 2124 2894 3406 6385 8171 7511
internal_value=-5.29596e-05 -0.0115937 0.0278224 -0.0225681 -0.0131518 -0.0299394 0.000311094 0.0187597
internal_weight=1711.99 52.3531 11.4018 40.9513 33.7969 25.5183 1659.63 35.7783
internal_count=163284 21570 5418 16152 13258 9852 141714 15682
is_linear=0
shrinkage=0.0750466


Tree=291
num_leaves=9
num_cat=0
split_feature=112 73 81 141 10 74 58 24
split_gain=1.24562 4.52839 1.87168 5.64988 5.4533 4.25285 2.84913 7.718
threshold=41172.30000000001 4.5000000000000009 166963.90500000003 4.4850000000000012 -1249.4199999999998 226.60500000000005 15734.315000000001 4.5000000000000009
decision_type=8 2 2 10 2 2 2 2
left_child=1 -1 6 5 -5 -4 -2 -8
right_child=2 -3 3 4 -6 -7 7 -9
leaf_value=0.023460999612963527 -0.00061734544634150666 -0.01218481752666343 0.02020431112921757 -0.015874873620141505 0.11395702190602285 -0.036184585459891373 0.031150073667444468 -0.048372587328271717
leaf_weight=49.170464595765225 1527.2212553178315 33.917296299132431 9.5428961395700735 3.7713266686178031 3.5251400172255662 35.760949393695228 40.80413533112187 8.2660565594251221
leaf_count=1859 119714 4506 1627 3165 1640 16668 8157 5948
internal_value=-5.29516e-05 0.00891 -0.000510141 -0.0144361 0.0468508 -0.0243067 -4.54369e-05 0.0177542
internal_weight=1711.98 83.0878 1628.89 52.6003 7.29647 45.3038 1576.29 49.0702
internal_count=163284 6365 156919 23100 4805 18295 133819 14105
is_linear=0
shrinkage=0.0750466


Tree=292
num_leaves=9
num_cat=0
split_feature=33 33 96 11 104 137 96 107
split_gain=1.31118 3.21333 1.61363 1.57545 3.06568 5.44953 5.67424 6.65885
threshold=175039.38000000003 453889.19500000007 1.0000000180025095e-35 421.10500000000008 35229.000000000007 31032.320000000003 1.0000000180025095e-35 73.500000000000014
decision_type=2 2 2 2 2 8 2 2
left_child=3 2 -2 -1 -5 6 -6 -8
right_child=1 -3 -4 4 5 -7 7 -9
leaf_value=-0.00089227795600522086 -0.013634744084850799 0.024850552416170919 -0.059316941096629584 0.007480469841007387 -0.06197760488724359 -0.061733793118180211 0.10398690173874343 -0.0044593461709887755
leaf_weight=1375.4571521042462 9.5109026713817038 7.2474660528405357 8.0329653753187813 280.78957939109114 5.2638534446814473 10.38079965112138 4.583243255292472 10.481284959598268
leaf_count=57035 2162 2402 5044 77517 3168 7756 1273 6927
internal_value=-5.26642e-05 -0.0171861 -0.0345517 0.000199127 0.00501835 -0.0174941 0.00509714 0.0285344
internal_weight=1711.75 24.7913 17.5439 1686.96 311.499 30.7092 20.3284 15.0645
internal_count=163284 9608 7206 153676 96641 19124 11368 8200
is_linear=0
shrinkage=0.0750466


Tree=293
num_leaves=9
num_cat=0
split_feature=72 151 71 101 71 103 9 85
split_gain=1.18343 6.82331 3.70949 2.13333 3.88908 2.86526 9.64915 3.90738
threshold=2506.0200000000004 3.5000000000000004 1.5000000000000002 1.0000000180025095e-35 1.0000000180025095e-35 5.5000000000000009 332.88500000000005 39354.150000000009
decision_type=2 8 2 2 2 2 2 2
left_child=2 -2 3 5 -5 7 -7 -1
right_child=1 -3 -4 4 -6 6 -8 -9
leaf_value=0.00050845003588380702 0.019781404549359758 -0.021586192390269227 0.026370700627391542 0.007091808723692479 -0.038693709856754986 0.070325917221085277 -0.011157067468500568 -0.024592081629805945
leaf_weight=1468.455930695819 33.543921130039962 67.937188035230065 30.489749956799642 20.04730365954947 21.821748299058527 13.790899478472054 20.135428626957946 35.779698546300551
leaf_count=114438 1727 5832 1179 5562 1826 4699 11571 16450
internal_value=-5.20861e-05 -0.0079124 0.000443203 -5.7118e-05 -0.0167712 0.000397841 0.0219654 -8.85904e-05
internal_weight=1712 101.481 1610.52 1580.03 41.8691 1538.16 33.9263 1504.24
internal_count=163284 7559 155725 154546 7388 147158 16270 130888
is_linear=0
shrinkage=0.0750466


Tree=294
num_leaves=9
num_cat=0
split_feature=135 138 120 16 120 16 28 115
split_gain=1.23767 1.29545 3.61134 3.94468 5.84476 1.9952 1.83394 4.33987
threshold=-136.99999999999997 97358.630000000019 154836.00000000003 -68.659999999999982 800917.97000000009 -10288.865 49726.835000000006 1678.7950000000003
decision_type=10 10 8 2 8 2 2 8
left_child=1 6 -3 5 -5 -4 -1 -8
right_child=-2 2 3 4 -6 -7 7 -9
leaf_value=7.4298288452670725e-05 -0.016242102390417332 0.033935522770780033 -0.013740767947799026 -0.029611909289684032 0.083739712210122788 -0.057350928779751315 -0.0035438704858585641 0.039810580276479851
leaf_weight=1589.0487062637158 26.185327137808599 7.6815279828915655 9.9977367901274174 6.4987521254406575 4.2292239273192545 14.445323901084523 31.845138910597598 21.978727018435166
leaf_count=126414 2162 1475 2106 3451 3023 4783 10445 9425
internal_value=-5.17255e-05 0.000199769 -0.0126816 -0.022863 0.015074 -0.0395134 0.000535765 0.0141597
internal_weight=1711.91 1685.73 42.8526 35.171 10.728 24.4431 1642.87 53.8239
internal_count=163284 161122 14838 13363 6474 6889 146284 19870
is_linear=0
shrinkage=0.0750466


Tree=295
num_leaves=9
num_cat=0
split_feature=27 11 74 107 27 107 11 6
split_gain=1.18542 5.36428 4.0283 2.96886 2.74778 6.68587 8.41542 10.7837
threshold=32.500000000000007 1025.2150000000004 2305.3550000000005 195.50000000000003 23.500000000000004 66.500000000000014 823.92000000000019 145.50000000000003
decision_type=2 2 2 2 2 2 2 2
left_child=4 -2 -3 -4 -1 -6 -7 -8
right_child=1 2 3 -5 5 6 7 -9
leaf_value=-0.00023223432497511209 -0.048839930146421927 0.070059509063088388 -0.05837160996164048 0.03032610587277448 0.084544762448385616 -0.034756361738750241 -0.016628966324737413 0.12668977904097758
leaf_weight=1650.9532641674268 13.645749411554791 5.1517333943202166 4.2521896406469732 4.2491431884041049 7.3792807578574857 14.446460497933005 6.3107650484289461 5.5635199815542364
leaf_count=137730 4537 3979 1618 3307 494 4546 3086 3987
internal_value=-5.05925e-05 -0.0155639 0.0176942 -0.0140386 0.000200792 0.0214146 0.00371544 0.0505209
internal_weight=1711.95 27.2988 13.6531 8.50133 1684.65 33.7 26.3207 11.8743
internal_count=163284 13441 8904 4925 149843 12113 11619 7073
is_linear=0
shrinkage=0.0750466


Tree=296
num_leaves=9
num_cat=0
split_feature=63 64 64 104 104 5 112 16
split_gain=1.10285 7.42373 3.15038 5.48453 6.87702 4.50218 4.79266 5.79304
threshold=8.5000000000000018 25194.515000000003 13076.395000000002 5923.6500000000005 21172.650000000005 39.500000000000007 95013.000000000015 -354.2999999999999
decision_type=2 2 2 2 2 2 8 2
left_child=2 -2 -1 5 -5 -4 -7 -8
right_child=1 -3 3 4 -6 6 7 -9
leaf_value=0.00038388151406607414 0.063218980247951001 -0.019391323471199699 -0.063082473411370243 0.08100623463287851 -0.017355018505791193 0.03618424381532219 0.028237267755950361 -0.048513688845084647
leaf_weight=1618.2748230088318 10.620258118207859 14.479181126282127 14.80005379504655 6.5906212155332495 10.197246629602885 8.2831021064630459 7.4806936633476644 21.3340359318554
leaf_count=127426 3699 7553 4037 2701 6531 2010 2046 7281
internal_value=-5.19254e-05 0.0155634 -0.000284257 -0.016026 0.0212599 -0.0280872 -0.0141259 -0.0285881
internal_weight=1712.06 25.0994 1686.96 68.6858 16.7879 51.8979 37.0978 28.8147
internal_count=163284 11252 152032 24606 9232 15374 11337 9327
is_linear=0
shrinkage=0.0750466


Tree=297
num_leaves=9
num_cat=0
split_feature=7 134 97 5 105 25 5 5
split_gain=1.25703 3.88869 4.55209 5.26299 3.93179 17.2418 6.58433 3.8238
threshold=278.72500000000008 106977.60000000002 17.500000000000004 41.500000000000007 1.0000000180025095e-35 3329.2250000000004 41.500000000000007 49.500000000000007
decision_type=2 8 2 2 2 2 2 2
left_child=1 2 3 -1 7 -6 -7 -3
right_child=-2 4 -4 -5 5 6 -8 -9
leaf_value=-0.0043713184249877871 0.001172019829919884 -0.0081206326161162266 0.0058932500058640827 -0.044335082404109993 0.11068891475506347 -0.076554448449837942 0.041007546135736379 0.0085424880616757487
leaf_weight=33.939522807751928 1256.333074558283 194.29069881797932 37.195324495649402 40.954777627335716 8.8994246136717283 6.6812179231455939 4.4837464251831989 129.0968465592332
leaf_count=3666 109200 20591 5757 2965 1637 4527 3136 11805
internal_value=-5.25402e-05 -0.00342974 -0.0155669 -0.0262249 0.000531379 0.0327674 -0.0293426 -0.00146869
internal_weight=1711.87 455.542 112.09 74.8943 343.452 20.0644 11.165 323.388
internal_count=163284 54084 12388 6631 41696 9300 7663 32396
is_linear=0
shrinkage=0.0750466


Tree=298
num_leaves=9
num_cat=0
split_feature=39 140 11 81 50 112 71 81
split_gain=1.17704 3.69519 5.1064 4.04515 1.73478 2.52705 1.69938 1.47685
threshold=351900.43000000005 29747.050000000003 1683.4950000000001 11730.585000000001 1.0000000180025095e-35 28503.900000000005 1.0000000180025095e-35 15997.960000000001
decision_type=2 8 2 2 2 10 2 2
left_child=4 2 -2 -4 7 -6 -7 -1
right_child=1 -3 3 -5 5 6 -8 -9
leaf_value=0.0017569998288304357 -0.03843263078214694 -0.053506012781240946 -0.0063916854546020481 0.096323487969213209 0.01544352784184768 0.0048388246274928036 -0.048578240714490732 -0.0034657352533852231
leaf_weight=1257.5639719035926 7.8237329759904268 9.3922294914946196 4.293703802439266 4.3440673806371706 8.1666992275131651 4.4953646301423769 13.213463272044464 402.53619121132579
leaf_count=61599 2212 3473 1791 2710 629 4471 4672 81727
internal_value=-5.3622e-05 -0.0159449 0.00548583 0.0452653 0.000190064 -0.0190919 -0.0350184 0.000490606
internal_weight=1711.83 25.8537 16.4615 8.63777 1685.98 25.8755 17.7088 1660.1
internal_count=163284 10186 6713 4501 153098 9772 9143 143326
is_linear=0
shrinkage=0.0750466


Tree=299
num_leaves=9
num_cat=0
split_feature=72 72 71 72 107 149 149 98
split_gain=1.16829 1.58966 10.0397 5.84895 5.88525 4.97346 6.35108 4.7085
threshold=-1.0000000180025095e-35 387.90500000000003 1.0000000180025095e-35 1708.4500000000003 22.500000000000004 4024.5000000000005 489.50000000000006 1.0000000180025095e-35
decision_type=2 2 2 2 2 10 8 2
left_child=-1 2 7 4 -3 6 -5 -2
right_child=1 3 -4 5 -6 -7 -8 -9
leaf_value=-0.01048083946614041 -0.00049271351297157438 0.00040283736636865787 0.057737152382535732 -0.016591134808881129 -0.035091886673899599 -0.01010485560496373 0.0054522079750122686 0.023911556552968408
leaf_weight=58.432996982184704 495.25770183523309 50.324214432970621 18.623757428582394 82.238005460814747 55.129341184883742 200.48573257819498 701.88746229330718 48.924353108901414
leaf_count=4486 99614 724 770 1849 7269 17095 23095 8382
internal_value=-5.20608e-05 0.000316622 0.00355561 -0.00135569 -0.0181532 0.000443358 0.00314033 0.00170134
internal_weight=1711.3 1652.87 562.806 1090.06 105.454 984.611 784.125 544.182
internal_count=163284 158798 108766 50032 7993 42039 24944 107996
is_linear=0
shrinkage=0.0750466


Tree=300
num_leaves=9
num_cat=0
split_feature=24 22 24 112 18 149 153 7
split_gain=1.24958 4.47013 9.84128 7.36916 6.97636 7.19108 6.35545 12.9926
threshold=1.0000000180025095e-35 94149.585000000006 25.500000000000004 278704.80000000005 41411.110000000008 3075.5000000000005 475.06500000000005 2282.7150000000006
decision_type=2 2 2 8 2 10 8 2
left_child=-1 4 -3 -4 -2 -6 -7 -8
right_child=1 2 3 -5 5 6 7 -9
leaf_value=-0.0012129229646973315 0.0035798194575327336 -0.022577037096451594 0.15360770816064351 -0.0062289379628288535 0.010231218071112633 0.15124230211937567 -0.032103640089955462 0.15345766881036885
leaf_weight=1288.0699067893224 318.41878028693645 64.39943364573719 3.2750326277346167 3.2234867912179652 19.004564141636365 4.7939023974486163 5.1935329132538754 3.5969226471170259
leaf_count=48497 55821 38599 2775 3373 6969 1032 4277 1941
internal_value=-5.18605e-05 0.00349284 -0.0136951 0.0743233 0.00696454 0.0400358 0.0817326 0.0438253
internal_weight=1709.98 421.906 70.898 6.49852 351.008 32.5889 13.5844 8.79046
internal_count=163284 114787 44747 6148 70040 14219 7250 6218
is_linear=0
shrinkage=0.0750466


Tree=301
num_leaves=9
num_cat=0
split_feature=6 142 0 12 0 112 142 112
split_gain=1.16294 4.32384 3.06534 3.49126 2.93712 2.66487 1.88528 4.89436
threshold=289.50000000000006 119646.00000000001 14632853.000000002 6.5000000000000009 14632853.000000002 228031.20000000004 154836.00000000003 228031.20000000004
decision_type=2 10 2 2 2 10 10 8
left_child=2 -2 3 -1 -3 -5 -4 -8
right_child=1 4 6 5 -6 -7 7 -9
leaf_value=0.0018527593883690882 0.030639959015002126 0.015800878486459818 -0.0021044676304832369 -0.063366699545055943 -0.024431666362489793 -0.015053601377819669 0.010544036338114631 -0.002403900901891875
leaf_weight=23.878739795356523 30.6544933896148 18.398775107623806 916.75561687931531 12.232387067486345 22.987924575153556 13.555248416210814 287.09125028826747 384.80088635220682
leaf_count=1086 1551 3869 60346 2139 4728 3111 34064 52390
internal_value=-5.48476e-05 0.00927714 -0.000465201 -0.0188244 -0.00654598 -0.037971 0.000108769 0.00312859
internal_weight=1710.36 72.0412 1638.31 49.6664 41.3867 25.7876 1588.65 671.892
internal_count=163284 10148 153136 6336 8597 5250 146800 86454
is_linear=0
shrinkage=0.0750466


Tree=302
num_leaves=9
num_cat=0
split_feature=135 135 83 83 5 83 135 151
split_gain=1.11115 6.85332 3.16577 11.3023 11.8976 6.68145 5.19994 6.71836
threshold=-927.99999999999989 -989.49999999999989 5324.8300000000008 1407.6450000000002 39.500000000000007 14077.235000000002 -1505.9999999999998 9.5000000000000018
decision_type=8 10 2 2 2 2 10 10
left_child=1 2 3 -1 -5 -4 -7 -8
right_child=-2 -3 5 4 -6 6 7 -9
leaf_value=0.00038370240648625327 -0.0023228826994560001 0.032129583598224327 -0.031992376314731327 0.086089295732335841 0.0019733994086920843 -0.011941933488461325 0.029956692947922723 -0.032725300376184568
leaf_weight=728.65656749258414 710.29008892062893 39.662197472237494 49.723198147017683 18.232580651090757 19.706091204177937 85.200161739033319 46.788277071591438 12.126181050308331
leaf_count=44557 53927 5680 10952 2974 3630 23461 11598 6505
internal_value=-5.31542e-05 0.00155886 0.000296404 0.00246298 0.0423978 -0.00827201 -8.78851e-05 0.0170551
internal_weight=1710.39 1000.1 960.433 766.595 37.9387 193.838 144.115 58.9145
internal_count=163284 109357 103677 51161 6604 52516 41564 18103
is_linear=0
shrinkage=0.0750466


Tree=303
num_leaves=9
num_cat=0
split_feature=102 147 99 115 32 32 108 97
split_gain=1.33385 1.80015 1.67503 2.49537 2.94952 2.4349 2.30157 1.61675
threshold=1.0000000180025095e-35 -140209.23499999996 1.0000000180025095e-35 -164.97999999999999 2.5000000000000004 10.500000000000002 1.0000000180025095e-35 130.50000000000003
decision_type=2 10 2 8 2 2 2 2
left_child=2 -2 3 -1 6 -6 7 -5
right_child=1 -3 -4 4 5 -7 -8 -9
leaf_value=-0.024095804507755263 0.0029385253353489925 -0.023140350356556112 0.013664465676724009 0.00082827010855227436 -0.032617901543717201 0.0027244982356051262 0.01999147108084938 -0.013840874559528434
leaf_weight=24.010315486004401 27.788637165591354 32.158176118097799 51.511893974175109 1451.211245907697 27.47058075172481 18.287180701872785 34.554169686769455 43.585993877325109
leaf_count=2324 1067 3906 3732 122729 8900 2285 4180 14161
internal_value=-5.48664e-05 -0.0110514 0.000344499 -8.45727e-05 0.000281445 -0.0184932 0.000843178 0.00040054
internal_weight=1710.58 59.9468 1650.63 1599.12 1575.11 45.7578 1529.35 1494.8
internal_count=163284 4973 158311 154579 152255 11185 141070 136890
is_linear=0
shrinkage=0.0750466


Tree=304
num_leaves=9
num_cat=0
split_feature=57 128 27 18 18 18 27 135
split_gain=1.1463 4.36648 5.23176 5.14667 2.33758 6.02986 1.7727 7.08404
threshold=6.5000000000000009 603.7750000000002 12.500000000000002 18220.110000000004 64558.765000000007 111286.64000000001 2.5000000000000004 -1840.4999999999998
decision_type=2 8 2 2 2 2 2 10
left_child=6 -2 -3 -4 -5 -6 -1 -8
right_child=1 2 3 4 5 -7 7 -9
leaf_value=0.001277199299062936 -0.044448610886930313 0.064753593880179802 0.028005094795785824 -0.064311474241327798 0.096044347061152655 -0.075282565377273764 -0.02769183932068723 -0.00078084198143487174
leaf_weight=1138.6501559234266 6.7950839792574698 11.027389397680961 19.305034133722078 6.6491624760355972 2.1788444480025646 2.4668452114447064 62.57900247186717 460.42771469706713
leaf_count=39127 2476 1924 3619 3877 1697 3213 14072 93279
internal_value=-5.23704e-05 0.0113296 0.0204347 0.00446332 -0.035774 0.00507035 -0.000384054 -0.00400081
internal_weight=1710.08 48.4224 41.6273 30.5999 11.2949 4.64569 1661.66 523.007
internal_count=163284 16806 14330 12406 8787 4910 146478 107351
is_linear=0
shrinkage=0.0750466


Tree=305
num_leaves=9
num_cat=0
split_feature=97 6 6 55 97 24 97 83
split_gain=1.14726 11.1326 6.36764 5.14903 3.77567 4.06743 2.83316 6.78699
threshold=147.50000000000003 171.50000000000003 209.50000000000003 1.0000000180025095e-35 116.50000000000001 1.5000000000000002 94.500000000000014 1.0000000180025095e-35
decision_type=2 2 2 2 2 2 2 2
left_child=4 3 -3 -2 6 -6 -1 -8
right_child=1 2 -4 -5 5 -7 7 -9
leaf_value=-0.00036560335707677791 0.0038793001381206074 0.11426023225091209 0.020375073403592441 -0.067959956960694942 0.00054559200121797994 -0.059708167272930934 -0.021458187723144544 0.048928408966169158
leaf_weight=1608.7983082305445 18.133595143050119 7.0413143207679267 9.637153316274178 8.1420267296552975 12.795349451424046 12.44846317149222 12.506161485256596 20.140917376108519
leaf_count=133221 3928 2278 4054 4335 2000 5474 1700 6294
internal_value=-5.23259e-05 0.0120574 0.0600115 -0.0183815 -0.000364419 -0.0291673 7.85414e-05 0.0219653
internal_weight=1709.64 42.9541 16.6785 26.2756 1666.69 25.2438 1641.45 32.6471
internal_count=163284 14595 6332 8263 148689 7474 141215 7994
is_linear=0
shrinkage=0.0750466


Tree=306
num_leaves=9
num_cat=0
split_feature=8 149 151 120 120 139 83 141
split_gain=1.36358 4.95987 5.14944 3.10952 2.57163 1.81773 6.48007 4.30616
threshold=-8804.7999999999975 636.50000000000011 3.5000000000000004 211140.00000000003 565969.56500000006 990.2650000000001 1407.6450000000002 3.5050000000000003
decision_type=2 8 8 8 8 10 2 10
left_child=1 -1 -3 -4 -5 7 -7 -2
right_child=5 2 3 4 -6 6 -8 -9
leaf_value=0.046688172005141804 -0.00033738150633384734 -0.025882711290749254 -0.015922825866264294 0.047453440782909306 0.010117597037470406 0.054642547225435337 -0.020709512494931075 -0.027474441607389169
leaf_weight=16.014959842384997 1546.2428246550016 27.169027550211467 15.253857692448944 16.006270193859564 29.61188821077576 13.652662074551701 12.145882441315278 33.649261656760245
leaf_count=2527 129901 3660 3162 3767 3527 2059 5688 8993
internal_value=-5.31758e-05 0.00827218 0.00128419 0.0134096 0.0232178 -0.000592697 0.019167 -0.000915359
internal_weight=1709.75 104.056 88.041 60.872 45.6182 1605.69 25.7985 1579.89
internal_count=163284 16643 14116 10456 7294 146641 7747 138894
is_linear=0
shrinkage=0.0750466


Tree=307
num_leaves=9
num_cat=0
split_feature=48 11 140 18 151 22 39 81
split_gain=1.12313 5.30152 7.91481 5.11548 3.70972 6.88205 2.66138 4.1701
threshold=1.0000000180025095e-35 18.395000000000003 1376.0350000000003 5971.0600000000004 8.5000000000000018 54211.545000000006 25863.355000000003 1920.7850000000001
decision_type=2 2 10 2 10 2 2 2
left_child=6 -2 -3 -4 -5 -6 -1 -8
right_child=1 2 3 4 5 -7 7 -9
leaf_value=-7.1911555891957828e-05 -0.022207138935406878 0.044228029854754214 0.017469508858874067 -0.042369520633268321 0.067211756735067657 -0.058355929048111987 -0.04313923986499342 0.0020007825112945735
leaf_weight=1530.7742770578579 28.308064188284334 33.851516770283524 40.350985406243126 19.78890547694937 5.7599529100425553 4.2884701528596452 20.929917327241128 25.65371624718955
leaf_count=126101 1308 2909 3320 7102 2328 4386 4253 11577
internal_value=-5.25029e-05 0.00658786 0.0144227 4.76483e-05 -0.0235131 0.0136219 -0.000609661 -0.0182805
internal_weight=1709.71 132.348 104.04 70.1883 29.8373 10.0484 1577.36 46.5836
internal_count=163284 21353 20045 17136 13816 6714 141931 15830
is_linear=0
shrinkage=0.0750466


Tree=308
num_leaves=9
num_cat=0
split_feature=8 28 112 125 63 127 6 97
split_gain=1.14584 3.40646 6.07236 4.9602 1.66235 9.07586 3.17822 16.1503
threshold=-8804.7999999999975 21895.940000000006 190026.00000000003 -1112.6649999999997 4.5000000000000009 610.50000000000011 198.50000000000003 46.500000000000007
decision_type=2 2 10 8 2 8 2 2
left_child=1 -1 -3 -4 -2 -6 -7 -8
right_child=4 2 3 -5 5 6 7 -9
leaf_value=0.019412244020727932 -0.0010760864197137045 -0.042712722734669757 0.053042527906903919 -0.011531153623807385 0.075843451085708363 -0.011375119847890183 0.11707643377502371 -0.026763738184904823
leaf_weight=59.259760002674739 1531.910912236227 17.413592620943746 10.986801937671769 17.16909352788662 10.289002694051304 43.608207065773968 6.8967278704076334 12.125579733751236
leaf_count=4554 118246 4048 4268 3773 3166 16424 2384 6421
internal_value=-5.25683e-05 0.00754915 -0.00787794 0.0136663 -0.00054912 0.0105215 -0.000209644 0.025387
internal_weight=1709.66 104.829 45.5695 28.1559 1604.83 72.9195 62.6305 19.0223
internal_count=163284 16643 12089 8041 146641 28395 25229 8805
is_linear=0
shrinkage=0.0750466


Tree=309
num_leaves=9
num_cat=0
split_feature=24 0 81 127 27 27 24 142
split_gain=1.0983 3.29611 3.8048 3.12059 3.12043 4.66665 7.18762 4.59761
threshold=1.0000000180025095e-35 59645539.500000007 5865.4350000000004 444.50000000000006 29.500000000000004 23.500000000000004 3.5000000000000004 309672.00000000006
decision_type=2 2 2 8 2 2 2 8
left_child=-1 4 -3 -4 5 7 -7 -2
right_child=1 2 3 -5 -6 6 -8 -9
leaf_value=-0.0011440566145132702 0.011742963083008862 0.009711216430471627 -0.063619839759426963 -0.013145183206627357 -0.025037406248025675 0.12324634960266614 0.0033838513722985468 -0.0067338619160126683
leaf_weight=1286.9917471626586 230.18233886973576 20.876360807220408 11.081399110704298 18.275239522907214 17.719133662133572 4.8895832338221208 6.6491552562956713 113.12154448037836
leaf_count=48497 57687 3330 3268 4818 11871 1656 4910 27247
internal_value=-5.3881e-05 0.00326463 -0.014781 -0.0321981 0.00569774 0.0072325 0.054176 0.00565469
internal_weight=1709.79 422.795 50.233 29.3566 372.562 354.843 11.5387 343.304
internal_count=163284 114787 11416 8086 103371 91500 6566 84934
is_linear=0
shrinkage=0.0750466


Tree=310
num_leaves=9
num_cat=0
split_feature=80 9 18 135 82 131 138 81
split_gain=1.29113 6.39085 6.84536 3.54936 5.39909 4.61555 6.40275 7.35408
threshold=4.5000000000000009 389.19000000000005 13442.075000000003 -1171.4999999999998 2.5000000000000004 2011.6950000000002 5216.3500000000013 148410.38500000004
decision_type=2 2 2 10 2 8 8 2
left_child=-1 2 -2 4 -3 6 -5 -8
right_child=1 3 -4 5 -6 -7 7 -9
leaf_value=-0.00059009378988543611 0.067720934515108591 -0.048150189350077643 -0.0048358635501105848 0.0580703887622381 0.0048529491786387918 0.06779958259809904 -0.05607161771165755 0.043183435349557583
leaf_weight=1601.6646179110644 17.456388654849437 18.634541636156428 12.615666487631641 7.7055272141005853 25.822845726780542 7.2854417736589303 12.643800662739524 6.2985537270842533
leaf_count=135173 1742 3255 3650 466 7528 3176 3895 4399
internal_value=-5.34867e-05 0.00787057 0.0372823 -0.00341229 -0.0173636 0.0148659 0.000393945 -0.0230682
internal_weight=1710.13 108.463 30.0721 78.3907 44.4574 33.9333 26.6479 18.9424
internal_count=163284 28111 5392 22719 10783 11936 8760 8294
is_linear=0
shrinkage=0.0750466


Tree=311
num_leaves=9
num_cat=0
split_feature=102 9 111 108 56 18 106 31
split_gain=1.15815 2.34937 1.42424 1.83194 2.16761 4.56879 6.01701 5.02572
threshold=1.0000000180025095e-35 1061.5900000000001 1.0000000180025095e-35 1.0000000180025095e-35 4317.5350000000008 5971.0600000000004 1.0000000180025095e-35 10148.585000000001
decision_type=2 2 10 2 2 2 2 2
left_child=2 -2 3 4 -1 -6 7 -7
right_child=1 -3 -4 -5 5 6 -8 -9
leaf_value=0.00015526699189674092 0.0060900008174867995 -0.023885734408717739 0.012404834301147477 0.016829979518704904 -0.041410349978358248 0.00012646572844535948 -0.065047202211358721 0.077507314120404402
leaf_weight=1488.5399783562698 26.858946546986772 32.59736474345118 53.126602755510248 35.262753226814311 22.285886295321689 39.069908454488541 7.0699666045102267 5.377735076960561
leaf_count=120627 1917 3056 513 4746 3564 17807 6852 4202
internal_value=-5.40378e-05 -0.0103444 0.000316603 -8.53781e-05 -0.000467165 -0.013021 -0.000740072 0.0094888
internal_weight=1710.19 59.4563 1650.73 1597.61 1562.34 73.8035 51.5176 44.4476
internal_count=163284 4973 158311 157798 153052 32425 28861 22009
is_linear=0
shrinkage=0.0750466


Tree=312
num_leaves=9
num_cat=0
split_feature=7 8 153 113 128 95 113 113
split_gain=1.28648 4.07719 8.07875 3.23795 3.55891 7.81529 3.2593 4.10743
threshold=278.72500000000008 1349.8850000000002 3489.6750000000006 -259.49999999999994 694.53000000000009 1.5000000000000002 -2054.4999999999995 -805.49999999999989
decision_type=2 2 8 10 10 2 8 8
left_child=3 2 -2 4 6 -6 -1 -8
right_child=1 -3 -4 -5 5 -7 7 -9
leaf_value=-0.023986801724446595 0.035186150862137555 -3.2717997834370129e-05 -0.0091952146140221042 -0.029920370689169209 -0.038558814821065782 0.048349298923282616 0.01090669116645239 -0.0051575618834945186
leaf_weight=28.97082464885716 53.967048700287705 1160.2316195037056 40.386168868505592 24.654719077774644 33.055126088467659 7.0748274760517225 164.91222632067183 196.39877052170687
leaf_count=3615 4402 100918 3880 3772 11837 1321 17851 15688
internal_value=-5.25362e-05 0.0011873 0.0161895 -0.00347068 -0.0019556 -0.0232371 0.000232628 0.0021746
internal_weight=1709.65 1254.58 94.3532 455.066 430.412 40.13 390.282 361.311
internal_count=163284 109200 8282 54084 50312 13158 37154 33539
is_linear=0
shrinkage=0.0750466


Tree=313
num_leaves=9
num_cat=0
split_feature=72 11 0 48 134 150 20 20
split_gain=1.07986 1.45893 4.57332 1.52869 5.62005 4.29797 6.3597 4.35875
threshold=-1.0000000180025095e-35 -1.0000000180025095e-35 39510640.500000007 1.0000000180025095e-35 106977.60000000002 22906.025000000005 1.6450000000000002 203.56500000000003
decision_type=2 2 2 2 10 8 2 2
left_child=-1 2 -2 -3 -5 6 -6 -8
right_child=1 3 -4 4 5 -7 7 -9
leaf_value=-0.010103998903447153 0.007410127713684083 6.4717814278756839e-06 -0.042075415615068779 0.027075240336315781 -0.015875615407103878 -0.035924876531103649 0.080125726732236308 0.008820916216909204
leaf_weight=58.147058261813072 25.125700085175595 1487.0183636925749 18.09153698922637 53.096695674770672 29.52407436743124 18.889985060108302 8.3989068736373174 11.356796299058258
leaf_count=4486 2956 133733 2535 4689 3236 6302 1479 3868
internal_value=-5.23499e-05 0.000301554 -0.0133054 0.000667197 0.00876927 -0.00548905 0.00617765 0.0391353
internal_weight=1709.65 1651.5 43.2172 1608.28 121.266 68.1698 49.2798 19.7557
internal_count=163284 158798 5491 153307 19574 14885 8583 5347
is_linear=0
shrinkage=0.0750466


Tree=314
num_leaves=9
num_cat=0
split_feature=80 16 147 153 147 140 8 81
split_gain=1.1939 4.35446 3.98489 3.84802 5.34054 10.1886 5.01451 4.92763
threshold=2.5000000000000004 1.0000000180025095e-35 -1.0000000180025095e-35 1612.8750000000002 -10789.794999999998 4363.6450000000013 8212.8900000000012 281530.07500000007
decision_type=2 2 8 10 10 10 2 2
left_child=-1 2 3 4 5 -2 -7 -5
right_child=1 -3 -4 7 -6 6 -8 -9
leaf_value=-0.00085554968442502842 0.1011548345714525 -0.02936026966091787 -0.0095199487217149867 -0.0038219456944246304 0.0089445600519758358 0.056033376847257503 -0.01546622477754509 0.058908351304563518
leaf_weight=1468.1983882994327 12.650973284853533 19.291414310909204 55.910047669996857 74.520577693498126 48.903173107648399 10.07868216815041 12.225405818715442 7.7897436552757418
leaf_count=106452 2054 5451 4236 28036 6003 1670 3405 5977
internal_value=-5.14311e-05 0.00483984 0.00781072 0.0136419 0.0249562 0.0473571 0.0168427 0.00211477
internal_weight=1709.57 241.37 222.079 166.169 83.8582 34.9551 22.3041 82.3103
internal_count=163284 56832 51381 47145 13132 7129 5075 34013
is_linear=0
shrinkage=0.0750466


Tree=315
num_leaves=9
num_cat=0
split_feature=82 149 0 0 151 0 11 82
split_gain=1.20099 6.4316 5.40433 4.82917 2.92303 2.05017 1.6595 4.26541
threshold=6.5000000000000009 4894.5000000000009 37799697.500000007 44238857.000000007 25.500000000000004 56872981.500000007 421.10500000000008 4.5000000000000009
decision_type=2 8 2 2 8 2 2 2
left_child=6 2 -2 -4 -3 -5 -1 -8
right_child=1 4 3 5 -6 -7 7 -9
leaf_value=-0.00078472473410361881 -0.070307396531263194 0.057481767515648541 0.044976602848713056 -0.053044271506451808 -0.0031742277601797346 0.0043279498797525922 0.0026742552614848454 0.035221987595310117
leaf_weight=1371.5080802331868 12.269994375795248 8.354842543354609 6.7006300492266773 9.4080471884435593 9.6342617138311635 5.593540937976285 261.52383762434965 24.829754561224945
leaf_count=57188 6452 4182 2781 4083 1440 2632 73539 10987
internal_value=-5.1927e-05 -0.0112866 -0.0304995 -0.00799286 0.0249968 -0.0316523 0.000300193 0.00549647
internal_weight=1709.82 51.9613 33.9722 21.7022 17.9891 15.0016 1657.86 286.354
internal_count=163284 21570 15948 9496 5622 6715 141714 84526
is_linear=0
shrinkage=0.0750466


Tree=316
num_leaves=9
num_cat=0
split_feature=27 21 135 9 9 16 135 18
split_gain=1.06725 5.14355 4.77621 5.77222 6.17826 5.59031 4.49688 6.66234
threshold=2.5000000000000004 1.0000000180025095e-35 -1355.4999999999998 2120.0400000000004 61.785000000000004 -471.88999999999993 -348.99999999999994 4482.5900000000011
decision_type=2 2 10 2 2 2 10 2
left_child=-1 -2 3 4 -3 -5 -4 -8
right_child=1 2 6 5 -6 -7 7 -9
leaf_value=0.0012765137354255581 0.035464569921565069 0.017662537004015273 0.0054146898490119765 -0.013173643217873815 -0.023590609882496109 0.031157615939662809 -0.060767334462669353 0.0090668505964328384
leaf_weight=1138.7713302349666 19.221108426878345 23.389373494803294 271.09427364175917 34.047914028873492 162.48772631605971 30.257706729115853 14.957519049761688 15.844001931523051
leaf_count=39151 1249 2231 60661 3886 42440 5122 1280 7264
internal_value=-5.14027e-05 -0.00269834 -0.00402701 -0.0116948 -0.0183996 0.00768553 0.00232735 -0.0248453
internal_weight=1710.07 571.3 552.079 250.183 185.877 64.3056 301.896 30.8015
internal_count=163284 124133 122884 53679 44671 9008 69205 8544
is_linear=0
shrinkage=0.0750466


Tree=317
num_leaves=9
num_cat=0
split_feature=7 149 8 127 12 8 0 149
split_gain=1.09018 7.03974 8.51134 7.07147 7.31199 6.27154 8.19715 5.61302
threshold=1655.0800000000002 489.50000000000006 16678.810000000001 1221.5000000000002 4.5000000000000009 29166.560000000001 31507133.500000004 636.50000000000011
decision_type=2 8 2 8 2 2 2 10
left_child=5 -2 7 -4 -5 -1 -7 -3
right_child=1 2 3 4 -6 6 -8 -9
leaf_value=-0.0031801159192761733 -0.021794437131422977 -0.0026587498518876626 0.01909575560134252 0.020376554203671272 -0.010823185051772913 -0.010275986278921572 0.077999937732483718 0.017993723722529598
leaf_weight=790.70418102647091 66.201646046578389 103.15592705013114 68.647032907158064 48.204076763708144 345.71814115555662 11.311420776142315 12.439511698054956 263.28019303066503
leaf_count=89202 3793 1358 7316 435 43442 3539 2945 11254
internal_value=-5.1975e-05 0.0017556 0.00363623 -0.00313179 -0.00700529 -0.00203877 0.0359584 0.0121798
internal_weight=1709.66 895.207 829.005 462.569 393.922 814.455 23.7509 366.436
internal_count=163284 67598 63805 51193 43877 95686 6484 12612
is_linear=0
shrinkage=0.0750466


Tree=318
num_leaves=9
num_cat=0
split_feature=73 95 124 20 151 7 11 103
split_gain=1.18217 5.63105 6.65063 5.29376 9.92665 5.05743 5.256 4.60866
threshold=9.5000000000000018 6.5000000000000009 704.27500000000009 3581.3600000000001 9.5000000000000018 278.72500000000008 915.67500000000007 1.0000000180025095e-35
decision_type=2 2 8 2 8 2 2 2
left_child=-1 2 3 -2 5 -5 -7 -8
right_child=1 -3 -4 4 -6 6 7 -9
leaf_value=0.00065841156413141196 -0.010243756853061527 0.056384973421777694 -0.041289090640123996 -0.016913346264084517 -0.037670928541135136 0.084784593579045137 -0.041491374524082164 0.073944158640192659
leaf_weight=1512.4709343344812 117.9811335516124 7.9373901445651418 28.866599026411677 6.1046357522527641 11.681662496129773 15.731600915600213 4.3896077246154155 3.5017192490504385
leaf_count=104268 31759 1129 6671 2997 8195 2953 2770 2542
internal_value=-5.2543e-05 -0.00553332 -0.00814396 -0.00214116 0.0209443 0.0439777 0.0597131 0.00973231
internal_weight=1708.67 196.194 188.257 159.39 41.4092 29.7276 23.6229 7.89133
internal_count=163284 59016 57887 51216 19457 11262 8265 5312
is_linear=0
shrinkage=0.0750466


Tree=319
num_leaves=9
num_cat=0
split_feature=41 150 58 0 109 107 131 0
split_gain=1.82506 4.72615 1.23535 4.54926 8.25914 4.08395 2.11157 1.43292
threshold=1.0000000180025095e-35 7173.1900000000014 26388.150000000005 41179171.000000007 1.0000000180025095e-35 103.50000000000001 181.81500000000003 15842220.000000002
decision_type=2 8 2 2 2 2 8 2
left_child=2 -2 7 4 -4 -6 -7 -1
right_child=1 -3 3 -5 5 6 -8 -9
leaf_value=-0.007920732133553994 -0.059875067098605246 0.0083405385688043714 -0.032031451472402404 -0.039950747444527979 0.1211732629963764 -0.0088434814930728276 0.074430111897338697 0.00060122424530208553
leaf_weight=119.76326474035704 10.008101985487881 13.350449722278428 6.6887667285273027 6.0231762765142767 5.3121584853506647 3.3704635720114311 3.4914861973043116 1540.4046408866043
leaf_count=13329 1639 4140 2267 1703 1111 2236 2367 134492
internal_value=-5.35553e-05 -0.0208868 0.000235239 0.0168317 0.0349632 0.0717717 0.0335277 -1.35433e-05
internal_weight=1708.41 23.3586 1685.05 24.8861 18.8629 12.1741 6.86195 1660.17
internal_count=163284 5779 157505 9684 7981 5714 4603 147821
is_linear=0
shrinkage=0.0750466


Tree=320
num_leaves=9
num_cat=0
split_feature=73 123 146 72 74 128 73 147
split_gain=0.998859 5.25242 4.10414 4.41432 9.4958 6.21168 3.80335 3.67939
threshold=9.5000000000000018 19.500000000000004 11715.525000000003 1708.4500000000003 1068.0300000000002 694.53000000000009 6.5000000000000009 -41886.234999999993
decision_type=2 8 8 2 2 8 2 10
left_child=6 2 3 4 -2 -5 -1 -7
right_child=1 -3 -4 5 -6 7 -8 -9
leaf_value=-0.00089722743109625148 0.011226352683133562 -0.034084803447339856 -0.043481351482091535 -0.025844966067550254 -0.048644307140901608 -0.0089682026937049839 0.010060918035532142 0.03227271759379078
leaf_weight=1306.7960269215073 38.531086779637008 29.839706976064008 11.322001205333434 17.811784096960764 24.347686609862649 15.441345403739431 206.58230473860112 57.752226364138551
leaf_count=71929 17442 6224 3956 2566 17812 4431 32339 6585
internal_value=-5.28438e-05 -0.00510749 0.000126427 0.00333486 -0.0119565 0.0139002 0.000598604 0.0235723
internal_weight=1708.42 195.046 165.206 153.884 62.8788 91.0054 1513.38 73.1936
internal_count=163284 59016 52792 48836 35254 13582 104268 11016
is_linear=0
shrinkage=0.0750466


Tree=321
num_leaves=9
num_cat=0
split_feature=5 5 5 22 120 136 109 22
split_gain=1.07675 4.99343 2.62381 3.92165 4.33842 2.57242 2.19507 5.13347
threshold=67.500000000000014 63.500000000000007 76.500000000000014 9727.2900000000027 77418.000000000015 168.50000000000003 1.0000000180025095e-35 319.2050000000001
decision_type=2 2 2 2 10 8 2 2
left_child=1 5 3 -2 -5 -1 -7 -8
right_child=2 -3 -4 4 -6 6 7 -9
leaf_value=-0.025685691114988068 -0.0030237287044426733 0.016364779733586705 0.01059071285492006 0.005511164482346129 -0.050222381469638686 -0.0030803317041086472 0.0093581825497004618 -0.0036113262065549782
leaf_weight=22.614762779863668 98.614252026887698 105.21824097676654 42.799450285525381 11.678167089157794 24.097624529713357 715.89886812035093 342.88278965689278 344.64199188831572
leaf_count=1284 2916 7653 2872 1512 5405 35127 23940 82575
internal_value=-5.31765e-05 0.000587711 -0.00559167 -0.0107453 -0.0320295 -0.000576378 -0.000171766 0.00285684
internal_weight=1708.45 1531.26 177.189 134.39 35.7758 1426.04 1403.42 687.525
internal_count=163284 150579 12705 9833 6917 142926 141642 106515
is_linear=0
shrinkage=0.0750466


Tree=322
num_leaves=9
num_cat=0
split_feature=80 64 81 18 83 80 123 104
split_gain=1.03287 5.73366 4.05567 5.96508 5.38668 4.6306 4.56219 5.43125
threshold=2.5000000000000004 1745.0100000000002 56108.485000000008 9395.760000000002 68621.085000000006 1.5000000000000002 12.500000000000002 5923.6500000000005
decision_type=2 2 2 2 2 2 8 2
left_child=1 2 3 -1 5 -4 7 -5
right_child=-2 -3 4 6 -6 -7 -8 -9
leaf_value=-0.00041204439073458279 0.0044891858318919942 -0.016236605012368364 -0.0067570550908249601 0.0010442492704390929 0.033697623212482174 -0.05805175190256117 0.039653351847952892 0.044927442521113484
leaf_weight=1145.747538739306 242.11233273870312 124.0757184066415 19.857420697972884 94.972479506373929 8.4305800956590229 19.790054060747934 34.145340072494946 19.07440306846911
leaf_count=31146 56832 36427 5509 13027 1830 5995 3832 8686
internal_value=-5.18663e-05 -0.000801781 0.00062524 0.00142048 -0.0207773 -0.0323608 0.0155886 0.00838374
internal_weight=1708.21 1466.09 1342.02 1293.94 48.0781 39.6475 148.192 114.047
internal_count=163284 106452 70025 56691 13334 11504 25545 21713
is_linear=0
shrinkage=0.0750466


Tree=323
num_leaves=9
num_cat=0
split_feature=102 153 7 12 140 113 18 107
split_gain=0.983482 2.30185 1.86701 4.98587 5.29227 6.29589 5.52009 4.01309
threshold=1.0000000180025095e-35 1214.0550000000003 5005.1550000000016 4.5000000000000009 17914.180000000004 -593.49999999999989 5971.0600000000004 12.500000000000002
decision_type=2 8 2 2 8 10 2 2
left_child=2 -2 -1 -4 5 6 -5 -6
right_child=1 -3 3 4 7 -7 -8 -9
leaf_value=-0.00041755884521975226 0.0068658794053257271 -0.022946421582627437 0.050821078511736839 0.011694062169258992 0.012309675230856826 -0.019190106396234495 0.080585864427588194 -0.024813079862747261
leaf_weight=1529.745859948529 26.449698827345856 32.520989973466385 14.346925137971992 12.942915136482045 28.535056444583461 11.938538774575134 13.262878178293247 38.567212454016044
leaf_count=138731 1216 3757 117 1171 547 3459 4418 9868
internal_value=-5.20589e-05 -0.00957492 0.000288423 0.00931878 0.0036613 0.0259817 0.0465605 -0.00902673
internal_weight=1708.31 58.9707 1649.34 119.594 105.247 38.1443 26.2058 67.1023
internal_count=163284 4973 158311 19580 19463 9048 5589 10415
is_linear=0
shrinkage=0.0750466


Tree=324
num_leaves=9
num_cat=0
split_feature=33 33 33 33 133 50 127 74
split_gain=1.12684 2.80264 1.5656 2.15945 1.09422 1.21726 3.60166 1.88666
threshold=175039.38000000003 453889.19500000007 300519.73500000004 225465.98000000004 8.0000000000000018 1.0000000180025095e-35 991.50000000000011 2806.0050000000006
decision_type=2 2 2 2 10 2 10 2
left_child=4 2 3 -2 5 -1 -7 -8
right_child=1 -3 -4 -5 -6 6 7 -9
leaf_value=0.00017251412604021309 -0.049882020802825146 0.022424006047675842 -0.065225929889760142 0.0157991158910545 0.014281773004207184 0.013494532997004332 -0.061807800353053541 0.0014177426503283318
leaf_weight=1628.4818917921584 5.5967435900884137 7.4023344059414731 5.6396961436430493 5.6806011979651885 30.432775601919275 11.781993916517424 9.3122039912186647 3.7198974052489566
leaf_count=142701 2402 2402 2402 2402 202 1533 5971 3269
internal_value=-5.09489e-05 -0.0160898 -0.0329421 -0.0167973 0.000180712 -7.88512e-05 -0.0165753 -0.0437606
internal_weight=1708.05 24.3194 16.917 11.2773 1683.73 1653.3 24.8141 13.0321
internal_count=163284 9608 7206 4804 153676 153474 10773 9240
is_linear=0
shrinkage=0.0750466


Tree=325
num_leaves=9
num_cat=0
split_feature=8 24 25 0 24 58 73 0
split_gain=1.14388 2.31419 3.51837 8.29404 2.89873 2.46413 1.77173 5.4419
threshold=-8804.7999999999975 1.0000000180025095e-35 3329.2250000000004 32756022.000000004 4.5000000000000009 496.29500000000007 12.500000000000002 35799005.000000007
decision_type=2 2 2 2 2 2 2 2
left_child=1 -1 -3 -4 -5 -6 -2 -8
right_child=6 2 3 4 5 -7 7 -9
leaf_value=-0.00030910549110424468 -9.1450158249722517e-05 0.060156868516571496 0.06567895792453389 -0.066445999453355151 0.042878455799058295 -0.03372157236271122 -0.03559093900838859 0.013755714914615611
leaf_weight=69.939448213357537 1551.554824244874 10.307786708947786 8.886656371902065 5.9369607562002775 4.2541472696520923 5.3266970184995444 29.127878220798266 22.162977304999004
leaf_count=4583 126797 1781 3681 1348 2018 3232 12417 7427
internal_value=-4.87729e-05 0.00755297 0.0233938 0.00786601 -0.025242 0.000290858 -0.0005451 -0.0142681
internal_weight=1707.5 104.652 34.7122 24.4045 15.5178 9.58084 1602.85 51.2909
internal_count=163284 16643 12060 10279 6598 5250 146641 19844
is_linear=0
shrinkage=0.0750466


Tree=326
num_leaves=9
num_cat=0
split_feature=39 150 6 50 6 142 142 150
split_gain=1.06763 3.12357 1.88178 1.34201 2.95402 1.26472 1.93589 1.11555
threshold=351900.43000000005 29747.050000000003 135.50000000000003 1.0000000180025095e-35 61.500000000000007 77418.000000000015 769464.67500000016 3519.0050000000006
decision_type=2 8 2 2 2 10 8 10
left_child=3 2 -2 7 -5 -6 -7 -1
right_child=1 -3 -4 4 5 6 -8 -9
leaf_value=-0.00065926527443816243 -0.028944343710075187 -0.051647020229183153 0.022993364981822476 0.027247917757408573 -0.0048893441609044342 -0.066336669752270414 -0.0022909530309159938 0.0038823949394010664
leaf_weight=1254.7306755556019 6.2600134206495595 8.7456259724258434 10.550280706770534 6.3227269486578761 6.3444143399683552 8.4274506164383602 3.8826540670274889 402.239507211405
leaf_count=58887 2449 3473 4264 958 414 4366 4034 84439
internal_value=-4.83288e-05 -0.015272 0.0036522 0.000182984 -0.0170829 -0.0321083 -0.0461364 0.00044325
internal_weight=1707.5 25.5559 16.8103 1681.95 24.9772 18.6545 12.3101 1656.97
internal_count=163284 10186 6713 153098 9772 8814 8400 143326
is_linear=0
shrinkage=0.0750466


Tree=327
num_leaves=9
num_cat=0
split_feature=112 28 113 20 142 103 142 142
split_gain=1.02403 3.92868 1.41175 1.36143 8.63936 3.78761 4.3799 3.42988
threshold=41172.30000000001 1395.8750000000002 -1171.4999999999998 55.415000000000006 105570.00000000001 3.5000000000000004 182988.00000000003 238705.50000000003
decision_type=8 2 10 2 10 2 10 10
left_child=1 -1 -3 7 -5 -6 -7 -2
right_child=3 2 -4 4 5 6 -8 -9
leaf_value=0.02150049569818388 0.0028633476733062151 -0.027797911554598802 0.0030176542203164008 -0.021997073938534922 0.0058688572621232241 0.045383887149450026 -0.056132116839058874 -0.0062125011861128019
leaf_weight=49.571125203423435 969.40182597665716 16.082149235786346 17.466731712260298 110.08764750056798 221.59572813527211 3.0532262615815844 11.079866307212795 309.34898707336288
leaf_count=1437 58668 2630 2298 11308 46970 1577 8834 29562
internal_value=-4.63175e-05 0.00807823 -0.0117542 -0.000462005 -0.00463963 0.00346646 -0.0342012 0.000667764
internal_weight=1707.69 83.12 33.5489 1624.57 345.816 235.729 14.1331 1278.75
internal_count=163284 6365 4928 156919 68689 57381 10411 88230
is_linear=0
shrinkage=0.0750466


Tree=328
num_leaves=9
num_cat=0
split_feature=33 150 7 8 150 8 150 8
split_gain=0.991556 2.62577 1.42256 4.01402 4.83369 2.77446 2.28026 2.19093
threshold=175039.38000000003 inf 5005.1550000000016 62976.255000000012 17914.180000000004 124763.48500000002 22906.025000000005 37731.905000000006
decision_type=2 8 2 2 8 2 8 2
left_child=2 -2 7 4 -4 6 -5 -1
right_child=1 -3 3 5 -6 -7 -8 -9
leaf_value=0.00016889424819759854 -0.056277585583839558 -0.00018366367124659851 0.050295708172788556 0.0054920567402818709 0.0057101256636079315 0.014672754663027763 -0.033259619135081575 -0.013590897309516644
leaf_weight=1496.4078156138603 6.4179915517797781 17.556294915993934 21.52697763060678 13.757067350976284 37.63953813432272 23.075412121106638 22.602689844463384 68.140654582144634
leaf_count=121736 7459 2149 3602 3518 3583 4512 3056 13669
internal_value=-4.55461e-05 -0.0152002 0.000170312 0.00809448 0.021932 -0.00568052 -0.0185975 -0.000430385
internal_weight=1707.12 23.9743 1683.15 118.602 59.1665 59.4352 36.3598 1564.55
internal_count=163284 9608 153676 18271 7185 11086 6574 135405
is_linear=0
shrinkage=0.0750466


Tree=329
num_leaves=9
num_cat=0
split_feature=125 74 153 83 74 153 139 153
split_gain=0.979785 4.17379 5.10142 1.60416 1.35405 4.99169 3.67575 2.95688
threshold=-28173.074999999993 2305.3550000000005 4779.9750000000013 2582.5950000000007 3171.9350000000004 8252.0550000000021 990.2650000000001 2293.2150000000006
decision_type=8 2 8 2 2 8 8 10
left_child=1 2 -1 -3 -2 7 -7 -6
right_child=4 3 -4 -5 5 6 -8 -9
leaf_value=-0.022289517796729122 -0.00027806289233077728 -0.067590031387678745 0.066878481031174358 -0.018127949687173007 0.0096502213633673957 -0.050182126186739576 0.012996556288508066 0.046176795861288006
leaf_weight=8.7664970409550733 1598.6847125705021 7.0793157919269998 6.1475925181521243 7.7198979499112284 39.548732933641077 11.461516621965529 9.4729695169244224 18.237694155983263
leaf_count=2571 140219 1472 2849 3578 3190 3830 1147 4428
internal_value=-4.42068e-05 -0.0135527 0.0144656 -0.0417885 0.000195081 0.00980381 -0.0215934 0.0211782
internal_weight=1707.12 29.7133 14.9141 14.7992 1677.41 78.7209 20.9345 57.7864
internal_count=163284 10470 5420 5050 152814 12595 4977 7618
is_linear=0
shrinkage=0.0750466


Tree=330
num_leaves=9
num_cat=0
split_feature=6 23 134 5 81 112 147 10
split_gain=1.05811 4.46748 4.73472 5.01694 1.82501 3.96577 4.98023 4.55793
threshold=289.50000000000006 1.5000000000000002 106977.60000000002 67.500000000000014 166963.90500000003 1532369.6600000001 -15710.014999999998 -1444.4349999999997
decision_type=2 2 10 2 2 8 10 2
left_child=4 -2 -3 -4 -1 6 7 -6
right_child=1 2 3 -5 5 -7 -8 -9
leaf_value=8.937179736625261e-06 -0.012733398410591356 0.055129591292104291 0.034813566170380526 -0.033878540578345766 -0.028286676177865695 -0.0539816453864118 -0.045159192229015717 0.036052679138212307
leaf_weight=1584.8731845082384 30.90756698081168 17.161382092730491 13.166892618070053 10.982893758472981 9.4350658950697817 11.160354001974154 11.305647029358626 18.092557650777053
leaf_count=131827 4290 707 3168 1983 7998 3357 3734 6220
internal_value=-4.37012e-05 0.00884596 0.0249909 0.00357362 -0.000436394 -0.014554 -0.00322289 0.0140004
internal_weight=1707.09 72.2187 41.3112 24.1498 1634.87 49.9936 38.8333 27.5276
internal_count=163284 10148 5858 5151 153136 21309 17952 14218
is_linear=0
shrinkage=0.0750466


Tree=331
num_leaves=9
num_cat=0
split_feature=135 72 148 10 10 128 97 12
split_gain=1.02499 1.16977 4.31952 3.24402 1.75218 5.98748 8.42061 9.2808
threshold=-136.99999999999997 2506.0200000000004 1.0100000000000002 -386.05499999999995 1.0000000180025095e-35 1577.3950000000002 41.500000000000007 7.5000000000000009
decision_type=10 2 8 2 2 8 2 2
left_child=1 4 3 -3 5 6 -1 -8
right_child=-2 2 -4 -5 -6 -7 7 -9
leaf_value=-0.034840566096269419 -0.014913586388291804 0.027502578768778596 -0.02508417991238187 -0.0091915317143674274 0.0031571855937385222 0.00070208971744651564 0.034312305510012131 -0.049158332651387665
leaf_weight=65.670809376155376 25.713420160608621 23.444600932905814 44.58187631373039 32.213532996322101 797.97931319354757 680.77246732237154 25.900706790020195 10.560999309835095
leaf_count=12570 2162 3990 1609 1927 37260 93584 4994 5188
internal_value=-4.34769e-05 0.000183967 -0.00767762 0.00626495 0.000682451 -0.00183993 -0.018784 0.0101353
internal_weight=1706.84 1681.12 100.24 55.6581 1580.88 782.905 102.133 36.4617
internal_count=163284 161122 7526 5917 153596 116336 22752 10182
is_linear=0
shrinkage=0.0750466


Tree=332
num_leaves=9
num_cat=0
split_feature=58 153 18 81 140 153 131 18
split_gain=1.06416 3.5927 11.4829 3.96799 3.53734 3.28413 5.52876 3.26558
threshold=3684.2700000000004 9905.9850000000024 11352.675000000001 62361.94000000001 39666.395000000011 8252.0550000000021 1378.2750000000003 90728.695000000022
decision_type=2 10 2 2 10 10 10 2
left_child=5 7 -3 -4 -5 -1 -7 -2
right_child=1 2 3 4 -6 6 -8 -9
leaf_value=-0.00016698764144717864 -0.0016584488653237014 0.056189264960782838 -0.076451930943715593 0.055593840680811725 -0.041714347817252161 -0.035138179558528396 0.019947393857363886 0.034643623832061578
leaf_weight=1388.177413260365 213.78428083119434 24.784446125782779 5.7623581336756606 3.9938610082781434 4.4462731092767172 36.409783815034643 14.288606708942096 14.930634883341552
leaf_count=88222 38564 4768 3158 2358 3983 5871 3820 12540
internal_value=-4.38441e-05 0.00430082 0.0253582 -0.0284445 0.00433177 -0.000852166 -0.0196131 0.00071137
internal_weight=1706.58 267.702 38.9869 14.2025 8.44013 1438.88 50.6984 228.715
internal_count=163284 65371 14267 9499 6341 97913 9691 51104
is_linear=0
shrinkage=0.0750466


Tree=333
num_leaves=9
num_cat=0
split_feature=60 81 60 6 138 60 138 81
split_gain=1.07227 2.79278 4.29614 4.70255 4.54497 2.30118 3.60042 1.89469
threshold=1079.3350000000003 23460.585000000003 2946.7350000000006 198.50000000000003 32720.145 433.49500000000006 10376.35 15997.960000000001
decision_type=2 2 2 2 10 2 8 2
left_child=5 -2 -3 4 -4 7 -7 -1
right_child=1 2 3 -5 -6 6 -8 -9
leaf_value=0.0013636979319055257 -0.023910121321287517 -0.038524262655078703 0.041040776613655135 0.085887487390978387 -0.048411892816773078 -0.0018047909179157101 0.052257262467142462 -0.0047074815268530988
leaf_weight=1239.8900978471429 34.432771375070843 7.7314341356350296 7.6253565862207342 5.5532820255666584 5.5107988279842175 16.066246593101823 12.211069181083987 377.69176285697176
leaf_count=60699 6435 2998 1944 3165 3500 1145 4265 79133
internal_value=-4.45537e-05 -0.00982718 0.00852629 0.0279901 0.00351414 0.000317147 0.021541 -5.38714e-05
internal_weight=1706.71 60.8536 26.4209 18.6894 13.1362 1645.86 28.2773 1617.58
internal_count=163284 18042 11607 8609 5444 145242 5410 139832
is_linear=0
shrinkage=0.0750466


Tree=334
num_leaves=9
num_cat=0
split_feature=2 28 21 113 0 0 132 0
split_gain=1.01153 1.92279 5.4067 2.66843 3.47389 4.48877 12.8114 4.08659
threshold=1.0000000180025095e-35 1395.8750000000002 1.0000000180025095e-35 -805.49999999999989 59645539.500000007 46112960.000000007 1.0000000180025095e-35 28166114.000000004
decision_type=2 2 2 10 2 2 8 2
left_child=-1 3 -3 4 5 7 -7 -2
right_child=1 2 -4 -5 -6 6 -8 -9
leaf_value=-0.0045603305683559409 0.014826115911694035 0.033454675701888585 -0.0033395442371574042 -0.0045241432525438821 -0.0058910233221867178 0.040068228216718946 -0.003825814149859105 -0.0029925565605615481
leaf_weight=240.03042851411738 114.94175053568324 23.259009684217745 682.35263665825551 185.16861374510336 114.12011568601156 79.465633207459177 70.829280262303655 196.26528938904084
leaf_count=2137 3935 1386 132853 6285 4129 3139 1948 7472
internal_value=-4.41762e-05 0.000695058 -0.0021267 0.00331216 0.00583297 0.00873208 0.0193823 0.00358862
internal_weight=1706.43 1466.4 705.612 760.791 575.622 461.502 150.295 311.207
internal_count=163284 161147 134239 26908 20623 16494 5087 11407
is_linear=0
shrinkage=0.0750466


Tree=335
num_leaves=9
num_cat=0
split_feature=140 22 11 60 7 113 74 134
split_gain=0.979215 4.46407 4.19737 5.13408 3.84942 9.77436 8.38579 9.37824
threshold=15822.210000000001 305328.60000000003 740.22000000000014 694.58500000000015 3181.8900000000008 -653.99999999999989 1660.8950000000002 187492.32000000004
decision_type=10 2 2 2 2 10 2 10
left_child=-1 2 -2 4 5 6 7 -4
right_child=1 -3 3 -5 -6 -7 -8 -9
leaf_value=-0.00062136256136091444 -0.0018698319840976807 -0.053499952926189594 0.016182140996334363 -0.027518501746781873 0.068192129177346475 -0.027318504987944244 0.006149334102674266 0.15216842542906464
leaf_weight=1546.786452194583 92.071116324369541 6.8975697830715026 4.8868773523099609 9.3652608946713354 12.998132929209531 14.611775001043503 11.817059088635686 6.8736821654383675
leaf_count=109361 16581 9914 2569 5911 5347 7105 3558 2938
internal_value=-4.40174e-05 0.00555416 0.00822301 0.0235693 0.0329163 0.0209098 0.0507984 0.0956619
internal_weight=1706.31 159.521 152.624 60.5528 51.1875 38.1894 23.5776 11.7606
internal_count=163284 53923 44009 27428 21517 16170 9065 5507
is_linear=0
shrinkage=0.0750466


Tree=336
num_leaves=9
num_cat=0
split_feature=39 81 81 74 18 80 63 63
split_gain=0.992658 2.40369 2.83425 2.54028 1.52731 8.30182 9.82608 4.59905
threshold=313319.83000000002 1920.7850000000001 69044.115000000005 1068.0300000000002 18220.110000000004 1.0000000180025095e-35 1.0000000180025095e-35 1.0000000180025095e-35
decision_type=2 2 2 2 2 2 2 2
left_child=4 -2 -3 -4 -1 7 -7 -6
right_child=1 2 3 -5 5 6 -8 -9
leaf_value=-0.00067556491332477575 -0.037493718826290483 0.036914863053948761 -0.075738992329723656 0.018521497968416751 0.041861874058105868 -0.023694411622963939 0.014612703551273471 -0.0052734297967786054
leaf_weight=1466.9656151869976 13.073393560616752 7.9572817255029786 3.3208043213139717 3.1259418372328582 44.856278157449196 70.66879681901446 80.866676623023977 15.75251731996377
leaf_count=73282 3258 3062 2503 2220 8282 22374 40650 7653
internal_value=-4.63807e-05 -0.0141951 0.00695116 -0.0300333 0.000185153 0.00613697 -0.00325188 0.0296112
internal_weight=1706.59 27.4774 14.404 6.44675 1679.11 212.144 151.535 60.6088
internal_count=163284 11043 7785 4723 152241 78959 63024 15935
is_linear=0
shrinkage=0.0750466


Tree=337
num_leaves=9
num_cat=0
split_feature=25 128 11 81 57 74 57 52
split_gain=1.02757 3.26722 3.57498 6.01673 8.1522 3.24475 2.95153 1.6461
threshold=35114.595000000008 5692.1350000000011 318.30500000000006 110435.25500000002 1.0000000180025095e-35 2512.6750000000006 3.5000000000000004 96176.610000000015
decision_type=2 10 2 2 2 2 2 2
left_child=7 2 -2 4 -4 -6 -5 -1
right_child=1 -3 3 6 5 -7 -8 -9
leaf_value=-4.113548905450616e-05 -0.056392627101327156 0.042685948099587624 0.071809090711310822 -0.071674522290434112 -0.048249199413356161 0.040866623101932793 0.010753679315319094 0.018343733451668457
leaf_weight=1630.3962738619766 10.317763611486042 5.6763992840196797 9.1286322486575973 8.5248246253722737 8.2260712346278506 3.1947676761901667 3.4313450702188666 27.897399108122499
leaf_count=102337 3220 4125 4552 6178 7873 1330 3330 30339
internal_value=-4.67569e-05 -0.0108141 -0.0179057 -0.00568936 0.0189385 -0.0233207 -0.0480181 0.000268152
internal_weight=1706.79 48.4998 42.8234 32.5056 20.5495 11.4208 11.9562 1658.29
internal_count=163284 30608 26483 23263 13755 9203 9508 132676
is_linear=0
shrinkage=0.0750466


Tree=338
num_leaves=9
num_cat=0
split_feature=72 140 72 107 135 19 56 72
split_gain=0.976238 4.60055 1.46179 5.21219 8.34743 6.94026 6.6871 4.66424
threshold=-1.0000000180025095e-35 5236.5900000000011 387.90500000000003 52.500000000000007 -440.49999999999994 1.0000000180025095e-35 1169.9700000000003 1708.4500000000003
decision_type=2 10 2 2 10 2 2 2
left_child=1 -1 3 -2 5 6 -5 -4
right_child=2 -3 7 4 -6 -7 -8 -9
leaf_value=-0.030710107838408759 -0.0015214360554862707 0.011630558551927178 -0.016546794590904426 0.02453677486519314 -0.044929887254999003 0.10196869401743568 -0.01086988501579397 0.00026932429398224348
leaf_weight=29.032706967729609 384.2962216901069 28.780139688866257 102.57647404410181 119.87985120634767 12.575367724173701 5.4256603344474561 40.088230708198353 984.19339831420712
leaf_count=1027 16879 3459 7993 50369 7993 1662 31863 42039
internal_value=-4.67805e-05 -0.00963226 0.000289273 0.00339567 0.0140134 0.018495 0.0156638 -0.00131789
internal_weight=1706.85 57.8128 1649.04 562.265 177.969 165.394 159.968 1086.77
internal_count=163284 4486 158798 108766 91887 83894 82232 50032
is_linear=0
shrinkage=0.0750466


Tree=339
num_leaves=9
num_cat=0
split_feature=8 153 107 81 151 9 16 95
split_gain=1.04379 4.32908 5.87041 6.25173 4.43026 4.55989 1.83604 1.31603
threshold=-8804.7999999999975 12251.985000000002 22.500000000000004 15997.960000000001 3.5000000000000004 655.8850000000001 -471.88999999999993 5.5000000000000009
decision_type=2 10 2 2 8 2 2 2
left_child=1 2 -1 -4 -5 -6 -3 -2
right_child=7 6 3 4 5 -7 -8 -9
leaf_value=-0.012170989739191427 -0.00088189160113777822 -0.045071780786118981 0.055580242991212926 -0.037413049689313693 0.065810087182311003 -0.0090800843819385628 -0.0012671015822534118 0.012357753703591028
leaf_weight=29.239761941949837 1558.8018792066828 10.589761466676466 26.538439225403636 9.3554288664145151 8.6185630117006458 9.7692736141871119 10.972716620955905 43.462966567007243
leaf_count=618 143628 2027 3917 2397 1756 3107 2821 3013
internal_value=-4.75527e-05 0.00719806 0.0149375 0.02954 0.00463058 0.0260217 -0.0227805 -0.000522754
internal_weight=1707.35 105.084 83.5215 54.2817 27.7433 18.3878 21.5625 1602.26
internal_count=163284 16643 11795 11177 7260 4863 4848 146641
is_linear=0
shrinkage=0.0750466


Tree=340
num_leaves=9
num_cat=0
split_feature=82 149 20 82 20 74 8 149
split_gain=1.02456 5.66941 2.39739 6.67914 2.28018 2.26731 1.42428 2.6923
threshold=6.5000000000000009 4894.5000000000009 10921.325000000003 8.5000000000000018 1.6450000000000002 659.20500000000015 -8804.7999999999975 636.50000000000011
decision_type=2 8 2 2 2 2 2 10
left_child=6 2 5 -4 -3 -2 7 -1
right_child=1 4 3 -5 -6 -7 -8 -9
leaf_value=0.025854875217636013 -0.013445508734765559 0.052408857603594726 -0.076338635731242818 0.053083659064902665 -0.00082414324259251872 -0.061006804343843847 -0.00028251385340725098 5.5935058452608894e-06
leaf_weight=34.686060083346092 9.4223923861191015 8.1911936482965775 3.6721514478113004 5.7815883924968148 10.143901534093855 14.081110457606881 1555.8872258376523 65.630409573515863
leaf_count=2659 3740 1222 2264 3569 4400 6375 127817 11238
internal_value=-4.72091e-05 -0.0104932 -0.0291029 0.00281167 0.0229577 -0.0419398 0.000276301 0.00894341
internal_weight=1707.5 51.2923 32.9572 9.45374 18.3351 23.5035 1656.2 100.316
internal_count=163284 21570 15948 5833 5622 10115 141714 13897
is_linear=0
shrinkage=0.0750466


Tree=341
num_leaves=9
num_cat=0
split_feature=112 112 146 55 81 80 103 57
split_gain=1.117 2.30191 4.28111 3.96273 3.89117 7.27116 5.16829 4.36558
threshold=720815.33500000008 228031.20000000004 1641.4400000000003 1.5000000000000002 56108.485000000008 6.5000000000000009 1.0000000180025095e-35 1.0000000180025095e-35
decision_type=10 10 10 2 2 2 2 2
left_child=1 -1 3 4 7 6 -6 -3
right_child=-2 2 -4 -5 5 -7 -8 -9
leaf_value=0.00078267740981040714 0.0077629875672733991 -0.007114987701333203 0.027710322659225642 0.023604822990514099 0.013992996207803213 0.073122703909207692 -0.057800715591587462 -0.029547890633066554
leaf_weight=1330.3929124187616 97.277142972568527 126.92040033687226 18.971964279094209 19.194856850605902 18.776387128339596 8.2048239841133164 8.0762649675134508 79.436492969040955
leaf_count=104790 19617 5361 3681 9648 4915 2005 4008 9259
internal_value=-4.63287e-05 -0.00051818 -0.00670834 -0.00921396 -0.0118234 0.0112924 -0.00759984 -0.0157505
internal_weight=1707.25 1609.97 279.581 260.609 241.414 35.0575 26.8527 206.357
internal_count=163284 143667 38877 35196 25548 10928 8923 14620
is_linear=0
shrinkage=0.0750466


Tree=342
num_leaves=9
num_cat=0
split_feature=64 17 131 12 24 135 58 80
split_gain=1.03958 5.41529 4.59925 3.53747 2.44993 7.67737 10.6263 6.13493
threshold=11572.960000000001 3.5000000000000004 3618.7050000000004 5.5000000000000009 10.500000000000002 -1567.4999999999998 232.54500000000004 4.5000000000000009
decision_type=2 2 10 2 2 10 2 2
left_child=-1 2 3 -2 -5 -6 -7 -8
right_child=1 -3 -4 4 5 6 7 -9
leaf_value=0.00040976888475253526 0.027487874433883005 0.043845166514415217 0.050323520429421696 -0.03030399639812292 -0.075659176663562769 0.16630196017353654 -0.075513620578096519 0.06954449507904524
leaf_weight=1609.5510575005565 8.5172132393345219 10.319928283752231 5.9031571779869401 58.997143622492331 4.5197070108733888 2.7859435600403213 3.5522353735086654 3.0536170742957438
leaf_count=126029 754 2333 3675 19107 3302 1807 4220 2057
internal_value=-4.6373e-05 -0.00756498 -0.0136403 -0.0182775 -0.0236238 0.00470623 0.0433813 -0.00845915
internal_weight=1707.2 97.6489 87.329 81.4259 72.9086 13.9115 9.3918 6.60585
internal_count=163284 37255 34922 31247 30493 11386 8084 6277
is_linear=0
shrinkage=0.0750466


Tree=343
num_leaves=9
num_cat=0
split_feature=33 64 134 33 134 134 33 107
split_gain=0.948937 5.95988 4.83107 7.11396 2.54815 3.71572 2.52303 15.6142
threshold=17595.285000000003 1.0000000180025095e-35 160466.40000000002 125994.71000000001 57007.80000000001 93605.400000000009 1.0000000180025095e-35 22.500000000000004
decision_type=2 2 10 2 10 8 2 2
left_child=6 2 4 -4 -2 -6 -1 -8
right_child=1 -3 3 -5 5 -7 7 -9
leaf_value=-0.00017469618359713035 8.4899994671585875e-05 -0.061093384992463584 0.08253300349357294 -0.026567447221094387 -0.0058889963655685109 -0.077710027860861286 0.060808406571119522 -0.022730053567953153
leaf_weight=1571.9727383197092 43.096638837536375 10.368588975663895 8.4837540874741517 5.5799822525059417 10.277640880245601 6.7028079589772451 23.952609058469534 26.589325253409697
leaf_count=127188 4194 13573 3695 3426 3668 2683 257 4600
internal_value=-4.78753e-05 -0.0078009 -0.000347955 0.0392459 -0.00961667 -0.0342394 0.000355945 0.0168601
internal_weight=1707.02 84.5094 74.1408 14.0637 60.0771 16.9804 1622.51 50.5419
internal_count=163284 31239 17666 7121 10545 6351 132045 4857
is_linear=0
shrinkage=0.0750466


Tree=344
num_leaves=9
num_cat=0
split_feature=25 7 123 118 135 25 138 141
split_gain=0.983944 4.96172 6.08308 7.08613 5.81683 1.82611 3.2633 2.41201
threshold=35114.595000000008 6214.4350000000004 5.5000000000000009 75347.420000000027 -1110.4999999999998 42859.455000000009 5216.3500000000013 1.0000000180025095e-35
decision_type=2 2 10 8 8 2 10 8
left_child=-1 2 5 -4 -3 6 -2 -7
right_child=1 4 3 -5 -6 7 -8 -9
leaf_value=0.00025880978613823186 0.039904702836979999 0.10587055941795365 -0.05008657669550725 0.10491811303346764 -0.020982276793989445 -0.022124591368275763 -0.047239141507924833 -0.070176962379864344
leaf_weight=1658.3501550310875 4.456211572090977 4.0955803526921954 2.7764934474362226 4.1345416857639066 4.0481271959524729 11.819210820419814 5.296905273732591 11.71391342780589
leaf_count=132676 1053 2168 2705 2899 2468 8944 4396 5975
internal_value=-4.8841e-05 -0.0106029 -0.0214247 0.0426453 0.0428137 -0.0347272 -0.00742301 -0.0460433
internal_weight=1706.69 48.341 40.1973 6.91104 8.14371 33.2862 9.75312 23.5331
internal_count=163284 30608 25972 5604 4636 20368 5449 14919
is_linear=0
shrinkage=0.0750466


Tree=345
num_leaves=9
num_cat=0
split_feature=39 138 28 138 112 151 22 112
split_gain=0.952282 2.46972 6.68479 1.41041 3.70209 5.55876 2.81228 2.21969
threshold=351900.43000000005 19815.575000000004 37185.225000000013 97358.630000000019 139352.40000000002 23.500000000000004 9727.2900000000027 360218.03500000009
decision_type=2 10 2 10 8 10 2 8
left_child=3 -2 -3 -1 -5 7 -7 -6
right_child=1 2 -4 4 5 6 -8 -9
leaf_value=0.00051534970030340469 -0.027229308803183739 0.11174943786551357 -0.05039965339445885 0.031523398686482018 -0.012657787874926767 -0.015418793205243029 0.075311690027563494 -0.058151732952832616
leaf_weight=1639.5045949161677 19.522773702034105 2.7992214977857648 2.9315356016145415 8.2725610485795169 9.6244855128979925 3.726999873114436 3.9772892568016687 16.218580655332971
leaf_count=138988 4888 2041 3257 1462 2509 1294 3590 5255
internal_value=-4.90595e-05 -0.014514 0.028803 0.000168204 -0.0134413 -0.0245293 0.0314202 -0.0412089
internal_weight=1706.58 25.2535 5.73076 1681.32 41.8199 33.5474 7.70429 25.8431
internal_count=163284 10186 5298 153098 14110 12648 4884 7764
is_linear=0
shrinkage=0.0750466


Tree=346
num_leaves=9
num_cat=0
split_feature=82 153 127 120 127 8 141 38
split_gain=0.942458 4.0719 1.71177 1.68148 2.19816 3.11399 2.58561 1.37609
threshold=6.5000000000000009 9905.9850000000024 6448.5000000000009 493684.90500000009 3655.5000000000005 5445.8800000000001 1.7600000000000002 1.0000000180025095e-35
decision_type=2 8 8 8 10 2 8 2
left_child=7 3 -3 4 5 -2 -7 -1
right_child=1 2 -4 -5 -6 6 -8 -9
leaf_value=0.00066997496134443976 0.0098538197279882962 -0.0057153803722976059 0.04609864298364974 -0.051622761056333066 0.027206675609458979 -0.076019952552093858 -0.0078685397994734743 -0.011185236120375957
leaf_weight=1598.3904749242024 8.5920265544591583 6.3933084899208525 8.1925858753311331 9.0320248930993312 5.6955233493281403 7.7275620515702004 5.2758096280244908 57.113224208720567
leaf_count=124361 3558 4271 904 5181 2148 3736 1772 17353
internal_value=-4.82977e-05 -0.0101058 0.0233875 -0.0235553 -0.0142663 -0.0252043 -0.0483691 0.000260982
internal_weight=1706.41 50.9088 14.5859 36.3229 27.2909 21.5954 13.0034 1655.5
internal_count=163284 21570 5175 16395 11214 9066 5508 141714
is_linear=0
shrinkage=0.0750466


Tree=347
num_leaves=9
num_cat=0
split_feature=10 10 127 140 149 122 10 122
split_gain=0.957429 2.61898 4.10637 3.90712 3.84623 2.3468 3.23839 2.21926
threshold=-3005.3049999999998 -4315.5249999999987 1747.5000000000002 8303.6200000000008 1894.5000000000002 1.0000000180025095e-35 -8004.0899999999992 1.0000000180025095e-35
decision_type=2 2 10 10 10 8 2 8
left_child=1 2 3 -1 -3 6 -4 -6
right_child=-2 4 5 -5 7 -7 -8 -9
leaf_value=-0.001992989983079385 0.00034589975214460836 -0.054346794615711548 0.04646749145357057 0.057524647062297887 -0.032420399988306314 -0.056002212952054334 -0.031146015212836001 0.018278157861640672
leaf_weight=14.329227933910262 1626.7202465255982 13.826856514647259 4.7925059811996116 10.965736232406924 8.3430852862948104 7.1836205451650121 8.2221737901281813 11.65682947274672
leaf_count=1941 136692 3009 2823 3356 4220 3192 4644 3407
internal_value=-4.6677e-05 -0.00809776 0.00366101 0.0238088 -0.023912 -0.0215707 -0.00256573 -0.00287105
internal_weight=1706.04 79.32 45.4933 25.295 33.8268 20.1983 13.0147 19.9999
internal_count=163284 26592 15956 5297 10636 10659 7467 7627
is_linear=0
shrinkage=0.0750466


Tree=348
num_leaves=9
num_cat=0
split_feature=80 109 140 58 149 149 5 123
split_gain=0.970473 4.6491 6.00334 5.83737 5.85731 4.75824 5.72213 4.23715
threshold=2.5000000000000004 1.0000000180025095e-35 9483.6900000000023 18235.655000000002 4024.5000000000005 352.50000000000006 61.500000000000007 5.5000000000000009
decision_type=2 2 10 2 10 8 2 10
left_child=-1 2 -2 5 -5 -3 7 -7
right_child=1 3 -4 4 -6 6 -8 -9
leaf_value=-0.00077364788212056618 0.00053382739762008536 -0.042336796689032098 -0.05458916141346537 0.0073947274963482917 0.10893554635961243 0.019447590122209518 -0.034919209012022681 -0.015773955384394911
leaf_weight=1463.8807303655281 40.365988980018301 10.57849479575634 15.361937932289036 6.3014666486560582 6.4994927812595051 125.42699281427122 14.782726895547055 22.720734244203868
leaf_count=106452 4730 2691 6078 2800 3854 26940 3301 6438
internal_value=-4.58143e-05 0.00435623 -0.0146614 0.0100447 0.0589505 0.00643653 0.00960321 0.0140458
internal_weight=1705.92 242.038 55.7279 186.31 12.801 173.509 162.93 148.148
internal_count=163284 56832 10808 46024 6654 39370 36679 33378
is_linear=0
shrinkage=0.0750466


Tree=349
num_leaves=9
num_cat=0
split_feature=112 20 127 20 82 141 149 112
split_gain=0.989179 2.46009 5.17108 3.73329 5.76116 3.77963 3.01377 1.89374
threshold=720815.33500000008 21948.550000000003 3893.5000000000005 18.100000000000005 1.0000000180025095e-35 1.0000000180025095e-35 3839.0000000000005 228031.20000000004
decision_type=10 2 8 2 2 8 8 10
left_child=7 3 -3 6 -5 -6 -2 -1
right_child=1 2 -4 4 5 -7 -8 -9
leaf_value=0.00068390650556432811 -0.0013654208955956378 0.070699281069224906 -0.02171934179226967 -0.05173034181560842 0.055200250361059078 -0.026730188359933155 0.034061369320279117 -0.0061304454405854683
leaf_weight=1330.772982152208 32.125638235841507 9.0298348123660581 5.4784946100712668 14.979460491562351 6.7874119612624755 5.9520796160877589 23.356679041781717 277.59686844663975
leaf_count=104790 2854 3351 3752 1516 2522 2589 3033 38877
internal_value=-4.68238e-05 0.00728468 0.0358011 0.0023121 -0.0201785 0.0169211 0.0135484 -0.000492218
internal_weight=1706.08 97.7096 14.5083 83.2013 27.719 12.7395 55.4823 1608.37
internal_count=163284 19617 7103 12514 6627 5111 5887 143667
is_linear=0
shrinkage=0.0750466


Tree=350
num_leaves=9
num_cat=0
split_feature=147 18 11 27 27 25 57 25
split_gain=0.982281 5.08373 4.94301 4.01127 3.69516 2.92994 6.68094 5.24369
threshold=-31205.244999999999 90728.695000000022 2810.6050000000005 16.500000000000004 25.500000000000004 13149.170000000002 1.0000000180025095e-35 803.5100000000001
decision_type=8 2 2 2 2 2 2 2
left_child=1 5 3 -3 -4 7 -7 -1
right_child=-2 2 4 -5 -6 6 -8 -9
leaf_value=-0.014050296620554306 0.00055207726581884512 0.15222960813027611 -0.043399380628119953 0.027848807111475235 0.069194441309333166 0.066052060624325087 -0.051735587266487991 0.019322186434042241
leaf_weight=98.46881067636059 1536.4471202732821 2.9600899371462202 4.504585596861034 2.8820778708632133 2.582856600345167 3.1716681869447738 18.71561064652451 36.289166438328721
leaf_count=13126 109150 2065 4812 2823 3378 1983 13680 12267
internal_value=-4.61667e-05 -0.00546661 0.0397614 0.0908697 -0.00236713 -0.00919975 -0.0346671 -0.00506337
internal_weight=1706.02 169.575 12.9296 5.84217 7.08744 156.645 21.8873 134.758
internal_count=163284 54134 13078 4888 8190 41056 15663 25393
is_linear=0
shrinkage=0.0750466


Tree=351
num_leaves=9
num_cat=0
split_feature=85 84 56 135 8 25 150 142
split_gain=0.966859 4.98054 6.49697 5.77236 4.52262 5.07856 4.30027 2.23528
threshold=39354.150000000009 5.5000000000000009 827.6500000000002 -866.99999999999989 8212.8900000000012 2376.4950000000003 1.0000000180025095e-35 119646.00000000001
decision_type=2 2 2 10 2 2 10 10
left_child=-1 3 4 -2 7 -6 -7 -3
right_child=1 2 -4 -5 5 6 -8 -9
leaf_value=0.00032800547237781951 -0.047129780391794773 0.019832859736317373 -0.045139859266238695 0.034704706486806659 0.10672035286333853 -0.025063986874792488 0.070459865756413664 -0.039775237554924792
leaf_weight=1633.988127258699 24.997534315936722 8.387332932816209 9.6612849232287754 6.0244021643711667 6.0648076015186261 5.5442426054651133 5.0917949827576194 6.1345450386970688
leaf_count=130373 9783 2098 8104 3268 1391 1193 3890 3184
internal_value=-4.67899e-05 -0.00856363 0.00864097 -0.0312377 0.0252824 0.0519162 0.0206662 -0.00534767
internal_weight=1705.89 71.9059 40.884 31.0219 31.2227 16.7008 10.636 14.5219
internal_count=163284 32911 19860 13051 11756 6474 5083 5282
is_linear=0
shrinkage=0.0750466


Tree=352
num_leaves=9
num_cat=0
split_feature=151 71 5 135 11 5 11 131
split_gain=0.945675 5.1775 6.70403 4.32166 4.2766 4.24658 3.61815 5.0315
threshold=1.5000000000000002 1.5000000000000002 67.500000000000014 -348.99999999999994 -1.0000000180025095e-35 43.500000000000007 52.845000000000006 9471.9750000000022
decision_type=10 2 2 10 2 2 2 10
left_child=-1 2 3 4 -2 -5 -6 -8
right_child=1 -3 -4 5 6 -7 7 -9
leaf_value=-0.001255770417186531 -0.029391686566404576 0.047553909722034896 -0.022324653743650325 0.013282569038250147 0.027636287772910911 -0.04687321122484301 0.0038847705978633531 0.058615859450344886
leaf_weight=1162.179430095518 18.254644736452974 14.017590175652002 59.785141712218774 10.616639974645297 45.760753066049801 17.508971925667538 367.91210961587194 9.7096470015549112
leaf_count=51291 4029 1272 9044 2803 1528 4128 85396 3793
internal_value=-4.73057e-05 0.00253647 0.00134482 0.00435716 0.00617366 -0.0241661 0.0077071 0.00529205
internal_weight=1705.74 543.565 529.548 469.763 441.637 28.1256 423.383 377.622
internal_count=163284 111993 110721 101677 94746 6931 90717 89189
is_linear=0
shrinkage=0.0750466


Tree=353
num_leaves=9
num_cat=0
split_feature=7 146 8 8 147 7 8 142
split_gain=0.950785 6.22825 10.8745 5.77569 7.33909 6.66021 4.57047 5.38081
threshold=2050.3150000000005 1.0000000180025095e-35 20804.765000000003 23206.245000000003 -17521.144999999993 886.22500000000014 9683.5850000000009 586124.29000000015
decision_type=2 10 2 2 10 2 2 8
left_child=3 -2 -3 6 5 -5 7 -1
right_child=1 2 -4 4 -6 -7 -8 -9
leaf_value=0.0038347555192194183 0.0004564842735556464 0.077480084766178875 -0.0062806980337972865 0.077891254599323556 -0.016476038595024216 0.014872774489937006 -0.010875803272795925 -0.011425455804869025
leaf_weight=573.95103225140429 589.94389032451454 16.44495232153713 18.606237697388678 15.74712464641925 19.229144285292932 23.601826329045252 280.10910668557699 168.28999065947937
leaf_count=55761 52018 1062 4118 4576 3941 4152 26753 10903
internal_value=-4.74086e-05 0.00228257 0.0330173 -0.00139461 0.0215229 0.0400922 -0.00270772 0.000374773
internal_weight=1705.92 624.995 35.0512 1080.93 58.5781 39.349 1022.35 742.241
internal_count=163284 57198 5180 106086 12669 8728 93417 66664
is_linear=0
shrinkage=0.0750466


Tree=354
num_leaves=9
num_cat=0
split_feature=27 0 0 0 72 135 10 135
split_gain=1.04163 4.65879 7.49875 5.12276 4.99164 5.80733 6.34873 5.4098
threshold=2.5000000000000004 44238857.000000007 35799005.000000007 70230055.500000015 -2505.8599999999992 -1355.4999999999998 1023.9800000000001 -1110.4999999999998
decision_type=2 2 2 2 2 10 2 10
left_child=-1 2 4 -3 -2 -6 7 -7
right_child=1 3 -4 -5 5 6 -8 -9
leaf_value=0.0012652644722042723 0.044078907260865136 -0.015190342121883575 0.01961416071256732 0.032753940234197858 -0.022637316989912091 0.022969155463836256 0.054065095483111482 -0.0098946635825672286
leaf_weight=1136.0255984579735 11.512513549785579 185.22280888965906 102.10351186689104 13.463748178978674 83.952598911148925 36.39122490581849 12.00074534280702 125.4862494305662
leaf_count=39151 1547 35103 20977 2835 19514 8674 3529 31954
internal_value=-4.83596e-05 -0.00266584 0.00229569 -0.0119415 -0.00426946 -0.00642828 0.00139783 -0.00250664
internal_weight=1706.16 570.133 371.447 198.687 269.343 257.831 173.878 161.877
internal_count=163284 124133 86195 37938 65218 63671 44157 40628
is_linear=0
shrinkage=0.0750466


Tree=355
num_leaves=9
num_cat=0
split_feature=64 146 18 129 151 151 118 9
split_gain=0.885808 3.46474 4.04298 4.50931 3.5261 7.71494 4.10918 4.47585
threshold=11572.960000000001 5162.4900000000007 7623.4400000000005 2.5000000000000004 1.5000000000000002 3.5000000000000004 4275.6550000000007 1786.0550000000001
decision_type=2 10 2 8 8 8 10 2
left_child=-1 2 -2 -4 -5 -6 7 -7
right_child=1 -3 3 4 5 6 -8 -9
leaf_value=0.00037001915998902644 -0.026758817689115873 -0.057866269015206515 -0.030972507400866052 -0.023508525438517145 0.097648604960653557 0.023948566804993299 0.070298479597814392 -0.039789544262979676
leaf_weight=1608.9741190649638 27.924655545934911 7.002282234860103 13.353769542654844 9.2133641813597915 7.3070448623293478 16.328090745521429 5.6423898419452589 10.008284144768366
leaf_count=126029 4423 3391 8262 3033 2813 7585 4142 3606
internal_value=-4.94118e-05 -0.00702249 -0.00305688 0.00764379 0.0182764 0.0280759 0.0121787 -0.000273033
internal_weight=1705.75 96.7799 89.7776 61.8529 48.4992 39.2858 31.9788 26.3364
internal_count=163284 37255 33864 29441 21179 18146 15333 11191
is_linear=0
shrinkage=0.0750466


Tree=356
num_leaves=9
num_cat=0
split_feature=116 116 31 60 150 31 150 142
split_gain=1.10659 5.97579 1.74109 6.77748 4.34622 2.07216 6.00033 3.41646
threshold=45741.250000000007 77957.780000000013 20610.465000000004 1079.3350000000003 15822.210000000001 8091.6550000000016 3519.0050000000006 105570.00000000001
decision_type=10 10 2 2 8 2 8 8
left_child=2 -2 5 4 -4 -1 -7 -8
right_child=1 -3 3 -5 -6 6 7 -9
leaf_value=0.00037501396823554241 -0.048706254507790356 0.015457621005781498 0.011582004107360487 -0.030793796715169259 0.086586103262688743 0.023460088366446114 0.011277318934306266 -0.045821331026703646
leaf_weight=1596.1165265841682 14.967821566384371 18.012311777380091 9.1893405308928795 9.838063803572366 8.2642676807672633 15.474206043901175 7.617797127521043 26.200270972533417
leaf_count=130283 4410 4410 2376 3829 2813 3257 2495 9411
internal_value=-4.95869e-05 -0.0136627 0.00021882 0.0190186 0.0470964 -9.30047e-05 -0.0152478 -0.0329594
internal_weight=1705.68 32.9801 1672.7 27.2917 17.4536 1645.41 49.2923 33.8181
internal_count=163284 8820 154464 9018 5189 145446 15163 11906
is_linear=0
shrinkage=0.0750466


Tree=357
num_leaves=9
num_cat=0
split_feature=125 72 150 153 101 6 57 113
split_gain=1.07052 4.97979 5.31469 3.75168 1.49659 2.44599 1.6531 4.90928
threshold=-28173.074999999993 1708.4500000000003 12306.960000000001 7043.8650000000007 1.0000000180025095e-35 131.50000000000003 6.5000000000000009 -1597.9999999999998
decision_type=8 2 8 8 2 2 2 10
left_child=1 2 -1 -4 6 -6 -2 -8
right_child=4 -3 3 -5 5 -7 7 -9
leaf_value=0.072507101655405318 0.00017721707500828503 -0.043430084377975318 -0.076059437020981863 0.024690610867521161 0.0016640901700330391 -0.033715332997516875 0.06427231799539164 0.0021779168940618031
leaf_weight=5.8943504539274745 1586.5933821501408 15.612704516526717 3.7686108295688401 4.6500851434429942 26.050529627730612 19.056438344369326 9.0252339945345721 34.901762234548642
leaf_count=1870 132092 3417 2352 2831 3465 3779 2028 11450
internal_value=-4.94797e-05 -0.0141184 0.0178548 -0.0204099 0.000201783 -0.0132827 0.000574821 0.0149358
internal_weight=1705.55 29.9258 14.313 8.4187 1675.63 45.107 1630.52 43.927
internal_count=163284 10470 7053 5183 152814 7244 145570 13478
is_linear=0
shrinkage=0.0750466


Tree=358
num_leaves=9
num_cat=0
split_feature=149 7 81 131 131 138 135 5
split_gain=0.974788 5.9957 8.3045 3.8816 3.04638 2.78431 3.38583 3.82778
threshold=5660.5000000000009 3181.8900000000008 1.0000000180025095e-35 674.47500000000014 1.0000000180025095e-35 8664.0150000000012 -1048.9999999999998 57.500000000000007
decision_type=10 2 2 8 8 10 10 2
left_child=-1 3 -3 5 -4 -2 -7 -8
right_child=1 2 4 -5 -6 6 7 -9
leaf_value=-0.00055019926033812055 0.018631790164059053 0.10338664149853394 -0.026667193885062921 -0.028351214911558616 0.045191979979004551 -0.038485204041409898 0.043645297511895456 -0.02271662865213616
leaf_weight=1581.854575887633 46.089711921595153 7.9382752439305504 7.2019424189929824 22.955748321707688 6.168453945801958 13.691420466417183 9.7020010429814665 9.8804527745814976
leaf_count=141985 2022 1479 2614 4285 2718 3224 2703 2254
internal_value=-4.86226e-05 0.00636919 0.0425846 -0.0011729 0.00648515 0.00668837 -0.00985521 0.010162
internal_weight=1705.48 123.628 21.3087 102.319 13.3704 79.3636 33.2739 19.5825
internal_count=163284 21299 6811 14488 5332 10203 8181 4957
is_linear=0
shrinkage=0.0750466


Tree=359
num_leaves=9
num_cat=0
split_feature=134 50 6 58 58 58 137 55
split_gain=0.917034 1.54026 2.07984 3.57808 3.55388 1.20253 2.37082 2.43366
threshold=47506.500000000007 1.0000000180025095e-35 155.50000000000003 2289.0500000000006 12258.370000000001 232.54500000000004 106262.51500000001 2.5000000000000004
decision_type=8 2 2 2 2 2 10 2
left_child=-1 5 -3 -4 -5 -2 7 -7
right_child=1 2 3 4 -6 6 -8 -9
leaf_value=0.0091057953203907867 -0.0015128205633690391 0.0020385201326476102 -0.069779202137594309 -0.046397483330603846 0.099544524471966545 0.0027198296842070083 -0.022066557796927365 0.027430740379698646
leaf_weight=59.48159610861876 1095.1351813759338 12.777926320498411 8.0945342388458794 2.1149562579576009 1.6911558112083183 482.04876379590132 20.659169699511949 23.542529280398412
leaf_count=3643 58924 3973 1657 2109 3212 69882 7401 12483
internal_value=-4.84762e-05 -0.000379272 -0.0189867 -0.0415619 0.0184484 -9.60538e-05 0.00285226 0.00387048
internal_weight=1705.55 1646.06 24.6786 11.9006 3.80611 1621.39 526.25 505.591
internal_count=163284 159641 10951 6978 5321 148690 89766 82365
is_linear=0
shrinkage=0.0750466


Tree=360
num_leaves=9
num_cat=0
split_feature=82 94 83 55 28 74 55 138
split_gain=0.939483 3.41934 3.75728 3.50384 3.39625 6.34905 3.29241 1.56449
threshold=6.5000000000000009 1.0000000180025095e-35 34076.275000000009 1.5000000000000002 2982.1750000000006 2305.3550000000005 1.0000000180025095e-35 15804.530000000002
decision_type=2 2 2 2 2 2 2 8
left_child=-1 2 -2 6 -5 -6 7 -4
right_child=1 -3 3 4 5 -7 -8 -9
leaf_value=0.00026177222219726256 -0.076690675013411314 0.026166575140489888 -0.035080152603379412 0.09520912605330735 -0.075425474659005357 0.090710919324341929 -0.067206875013240491 0.010193892806204865
leaf_weight=1655.0217842381321 5.7386683734812314 11.362466773078266 7.0785338018868114 2.9959542821816267 3.0456807818231937 2.2544715145900227 7.3410299750526056 10.946089565195505
leaf_count=141714 2668 2445 1663 591 3626 2189 3792 4596
internal_value=-4.66775e-05 -0.0101031 -0.0205627 -0.0109939 0.0313431 -0.00475774 -0.0248407 -0.00758589
internal_weight=1705.78 50.7629 39.4004 33.6618 8.29611 5.30015 25.3657 18.0246
internal_count=163284 21570 19125 16457 6406 5815 10051 6259
is_linear=0
shrinkage=0.0750466


Tree=361
num_leaves=9
num_cat=0
split_feature=72 22 33 33 16 18 16 56
split_gain=1.07557 1.35894 5.32562 8.00925 4.64856 3.82223 7.6752 5.75032
threshold=-1.0000000180025095e-35 319.2050000000001 62662.055000000008 115002.37000000001 -7736.8999999999987 5971.0600000000004 -68.659999999999982 525.36000000000013
decision_type=2 2 2 2 2 2 2 2
left_child=-1 5 4 -4 -3 -2 7 -7
right_child=1 2 3 -5 -6 6 -8 -9
leaf_value=-0.010072815181167736 0.00084962717818516437 -0.044520099553415682 0.11310182050182423 0.00024063188793227696 -0.0025217406182660345 -0.010732272799856947 0.065880597725763948 0.0534731504729795
leaf_weight=58.199138498415778 969.92086356416075 15.227273070264344 5.5615114390193403 9.7490730214994965 587.83672873479873 33.352391838498079 15.492515999889291 10.276872511357395
leaf_count=4486 27440 2778 4009 8284 104852 5692 1944 3799
internal_value=-4.62241e-05 0.00030799 -0.0024725 0.041237 -0.00358219 0.00197885 0.0205042 0.00439131
internal_weight=1705.62 1647.42 618.375 15.3106 603.064 1029.04 59.1218 43.6293
internal_count=163284 158798 119923 12293 107630 38875 11435 9491
is_linear=0
shrinkage=0.0750466


Tree=362
num_leaves=9
num_cat=0
split_feature=27 115 7 27 27 23 6 6
split_gain=0.955509 2.47735 3.66434 3.62397 1.98274 6.15325 2.82931 1.8323
threshold=32.500000000000007 10768.525000000001 -680.09499999999991 39.500000000000007 23.500000000000004 1.5000000000000002 85.500000000000014 145.50000000000003
decision_type=2 8 2 2 2 2 2 2
left_child=4 3 -3 -2 -1 6 -6 -8
right_child=1 2 -4 -5 5 -7 7 -9
leaf_value=-0.00019890018364175554 0.0096590816831404625 0.07003541742833469 -0.023066925821148082 -0.061003895623220561 -0.04014850746413396 0.061534274683767806 0.046645920839606295 -0.0072479254888817048
leaf_weight=1644.0513722701421 6.9976658688046909 4.0923717998302891 5.6929227848986574 9.8288853185504177 8.2184472251810821 11.953562899499046 6.0201031899850923 8.6691453550120041
leaf_count=137730 3018 2263 3213 4947 2167 4416 2036 3494
internal_value=-4.69904e-05 -0.014156 0.01587 -0.0316172 0.000176646 0.0178873 -0.00488825 0.0148394
internal_weight=1705.52 26.6118 9.78529 16.8266 1678.91 34.8613 22.9077 14.6892
internal_count=163284 13441 5476 7965 149843 12113 7697 5530
is_linear=0
shrinkage=0.0750466


Tree=363
num_leaves=9
num_cat=0
split_feature=27 0 5 0 4 27 28 127
split_gain=0.94371 4.13549 5.67923 5.205 4.80371 4.1602 4.20222 4.10364
threshold=2.5000000000000004 49848695.500000007 32.500000000000007 70230055.500000015 1.0000000180025095e-35 13.500000000000002 34017.540000000008 4883.5000000000009
decision_type=2 2 2 2 2 2 2 8
left_child=-1 2 -2 5 7 -3 -7 -4
right_child=1 3 4 -5 -6 6 -8 -9
leaf_value=0.0012029257018002118 0.034345161511999692 -0.027294841798176716 0.0015654251190857552 0.029416893277862746 0.044047958007682818 0.037063832041936133 -0.01949265461365355 -0.016459467670966822
leaf_weight=1136.467177319606 26.981677009674058 89.313998512840953 303.03355647622084 13.866017641040342 12.798621493593599 13.028515888583572 17.123881200643154 92.956287480050378
leaf_count=39151 5711 14157 68492 2835 2052 2938 5546 22402
internal_value=-4.62751e-05 -0.00254086 0.000997793 -0.0141062 -0.00120327 -0.0191578 0.00494478 -0.00266581
internal_weight=1705.57 569.103 435.77 133.332 408.788 119.466 30.1524 395.99
internal_count=163284 124133 98657 25476 92946 22641 8484 90894
is_linear=0
shrinkage=0.0750466


Tree=364
num_leaves=9
num_cat=0
split_feature=5 83 135 11 5 8 138 99
split_gain=0.976164 6.03516 4.26642 4.00763 3.87891 3.92309 6.37032 3.75277
threshold=61.500000000000007 11847.590000000002 -927.99999999999989 533.97500000000014 67.500000000000014 12961.865000000002 5216.3500000000013 1.0000000180025095e-35
decision_type=2 2 10 2 2 2 8 2
left_child=7 4 3 -3 -2 -6 -7 -1
right_child=1 2 -4 -5 5 6 -8 -9
leaf_value=-0.0017850035161074778 0.016098269733595783 -0.034279949363867315 -0.060681398325339857 0.023204669625068317 -0.013030582857219229 0.034178963834878777 -0.0088668926433328014 0.017363594445715436
leaf_weight=1306.4061949553466 143.7035972622507 14.64331332904476 12.282270081538625 12.801816699163281 77.027170268778718 35.721274186391383 42.27992262920543 60.30284197833862
leaf_count=134190 7806 1053 4000 4062 2676 1410 4028 4059
internal_value=-4.65561e-05 0.00356167 -0.0239184 -0.00746617 0.00721615 -0.00101713 0.0108463 -0.000940116
internal_weight=1705.17 338.459 39.7274 27.4451 298.732 155.028 78.0012 1366.71
internal_count=163284 25035 9115 5115 15920 8114 5438 138249
is_linear=0
shrinkage=0.0750466


Tree=365
num_leaves=9
num_cat=0
split_feature=5 5 5 28 7 99 23 16
split_gain=0.921975 1.88177 3.7216 3.91556 4.11827 3.90674 3.51812 6.22598
threshold=76.500000000000014 67.500000000000014 63.500000000000007 1395.8750000000002 1065.7050000000002 1.5000000000000002 2.5000000000000004 -26.824999999999996
decision_type=2 2 2 2 2 2 2 2
left_child=1 2 5 -4 -5 6 -1 -8
right_child=-2 -3 3 4 -6 -7 7 -9
leaf_value=-0.00025286601021031634 0.010856450661167817 -0.0089559673184890238 0.026540906300717947 -0.028659231889359493 0.016453456898013228 0.024108060167895771 -0.030649130570827837 0.011507877409102037
leaf_weight=1302.0015493700826 42.591911628051093 131.06784437765555 60.324359748839925 19.560118834087007 27.307317708566188 35.145816457141336 56.275854411230284 30.381906806297138
leaf_count=130418 2872 9833 1435 2307 3911 1406 4865 6237
internal_value=-4.62067e-05 -0.000325597 0.000413244 0.0138983 -0.00237432 -0.000601985 -0.00122738 -0.015869
internal_weight=1704.66 1662.06 1531 107.192 46.8674 1423.81 1388.66 86.6578
internal_count=163284 160412 150579 7653 6218 142926 141520 11102
is_linear=0
shrinkage=0.0750466


Tree=366
num_leaves=9
num_cat=0
split_feature=125 18 18 8 107 8 20 51
split_gain=0.966059 3.86675 6.20413 3.86513 1.52198 3.49926 6.12089 4.13623
threshold=-28173.074999999993 252.93500000000003 24182.040000000005 23206.245000000003 38.500000000000007 51557.755000000012 26626.215000000004 1.0000000180025095e-35
decision_type=8 2 2 2 2 2 2 2
left_child=1 -1 -3 -4 -2 7 -7 -6
right_child=4 2 3 -5 5 6 -8 -9
leaf_value=0.036903672381827714 -0.0013713041899704164 -0.057501595621511581 0.069198020826378881 -0.034331330026130549 0.0048623889880833621 0.038840997756581515 -0.032467098939435425 -0.013124347896600235
leaf_weight=6.6420392050968102 1133.3672891758033 14.622342155734261 4.640314289678825 3.6116982128542077 412.17234784810898 33.296325235902259 8.5128182215221369 87.246464548758013
leaf_count=739 24184 3911 2786 3034 40781 11071 5735 71043
internal_value=-4.50746e-05 -0.0135039 -0.0281408 0.0238858 0.00019215 0.00346613 0.0243219 0.00172018
internal_weight=1704.11 29.5164 22.8744 8.25201 1674.6 541.228 41.8091 499.419
internal_count=163284 10470 9731 5820 152814 128630 16806 111824
is_linear=0
shrinkage=0.0750466


Tree=367
num_leaves=9
num_cat=0
split_feature=33 64 0 33 115 33 33 72
split_gain=1.04263 4.75208 4.68806 3.86356 1.65929 1.66534 1.52794 8.00342
threshold=32887.870000000003 1.0000000180025095e-35 31507133.500000004 125994.71000000001 1.0000000180025095e-35 125994.71000000001 8897.4100000000017 1708.4500000000003
decision_type=2 2 2 2 8 2 2 2
left_child=6 2 3 -2 -4 -6 -1 -8
right_child=1 -3 4 -5 5 -7 7 -9
leaf_value=-3.8956825064861129e-05 0.068353781722472071 -0.065372701939214517 0.0080633734473672027 -0.0045216542167345582 -0.040905086286264998 -0.0067123273764808956 -0.025080998710899419 0.04125461889797287
leaf_weight=1593.0066925940982 8.2526129853467882 7.5257325555812704 12.859654453868641 8.1370097866647466 16.075394908959424 16.013719066861995 17.220181708348719 25.282826645030582
leaf_count=129596 2395 11956 4065 2101 3621 3495 4516 1539
internal_value=-4.51544e-05 -0.00909088 -0.00218555 0.0321731 -0.0147137 -0.0238416 0.000335721 0.0143786
internal_weight=1704.37 68.8641 61.3384 16.3896 44.9488 32.0891 1635.51 42.503
internal_count=163284 27633 15677 4496 11181 7116 135651 6055
is_linear=0
shrinkage=0.0750466


Tree=368
num_leaves=9
num_cat=0
split_feature=8 147 135 134 134 135 138 113
split_gain=0.981881 2.78941 4.49185 3.10549 3.57171 3.92286 4.04233 4.38257
threshold=-1.0000000180025095e-35 -12321.749999999998 -1444.9999999999998 720815.33500000008 509372.61000000004 -1444.9999999999998 32720.145 -1355.4999999999998
decision_type=2 8 8 10 10 10 10 8
left_child=1 3 -3 4 5 6 7 -1
right_child=-2 2 -4 -5 -6 -7 -8 -9
leaf_value=0.021283883976835463 -0.00078745626345515165 0.02834882265622217 -5.157975017690027e-05 -0.042490818398675204 0.037983717215520151 0.0094881424506573636 -0.051397795546190693 -0.036377315168078524
leaf_weight=16.519874214882293 1456.6461138666291 54.481499929201163 73.918623431934975 10.712722478259819 12.276199894195086 50.255637823334837 15.936181243410827 13.482581113508788
leaf_count=2900 130000 4765 3137 3191 3374 9551 4133 2233
internal_value=-4.48138e-05 0.00432449 0.011999 -0.00394352 -0.000136528 -0.00500139 -0.0208525 -0.00462806
internal_weight=1704.23 247.583 128.4 119.183 108.47 96.1943 45.9386 30.0025
internal_count=163284 33284 7902 25382 22191 18817 9266 5133
is_linear=0
shrinkage=0.0750466


Tree=369
num_leaves=9
num_cat=0
split_feature=102 8 33 8 113 127 8 33
split_gain=1.07362 2.22977 2.07592 8.67598 5.84258 3.54524 3.18711 2.71783
threshold=1.0000000180025095e-35 16678.810000000001 12850.695000000002 23206.245000000003 -1171.4999999999998 1408.5000000000002 43644.710000000006 1.0000000180025095e-35
decision_type=2 2 2 2 8 10 2 2
left_child=2 -2 7 5 -5 -4 -6 -1
right_child=1 -3 3 4 6 -7 -8 -9
leaf_value=0.00047348662931399166 0.003635860017340431 -0.025679732783431705 -0.020625222080403412 0.072370675878561094 -0.021466196206790428 -0.067733819825409214 0.024991770844132871 0.021304935065245244
leaf_weight=1518.1446873210921 31.380580410240327 27.346600730143564 38.257360340270679 7.9974275595031941 17.244038901435488 11.763741205814311 16.063577562477803 36.112285547797001
leaf_count=123444 2204 2769 9963 3721 4569 8507 4599 3508
internal_value=-4.44544e-05 -0.0100151 0.000311375 -0.0106848 0.0147699 -0.031704 0.000939525 0.000957494
internal_weight=1704.31 58.7272 1645.58 91.3261 41.305 50.0211 33.3076 1554.26
internal_count=163284 4973 158311 31359 12889 18470 9168 126952
is_linear=0
shrinkage=0.0750466


Tree=370
num_leaves=9
num_cat=0
split_feature=101 83 11 72 11 153 39 153
split_gain=0.913718 2.75887 7.52059 1.41321 4.10909 5.38984 1.79339 3.13795
threshold=1.0000000180025095e-35 3873.2450000000003 596.98500000000013 2506.0200000000004 136.92000000000004 3489.6750000000006 11730.585000000001 1.0000000180025095e-35
decision_type=2 2 2 2 2 8 2 8
left_child=3 -2 -3 6 -5 -6 -1 -8
right_child=1 2 -4 4 5 -7 7 -9
leaf_value=0.0012564371282931053 -0.024836476367237688 -0.042984608451603089 0.055348711005844549 -0.022555528744210556 0.031052882034697141 -0.021859264326043806 -0.042580056560872617 -0.0011242845089819578
leaf_weight=1510.5523168421255 28.67014529402195 7.728060780867966 10.112050250058017 53.282856376223208 25.303458569098439 18.971738329658365 14.52213141422544 35.231910743849767
leaf_count=130512 2528 1104 4344 1121 2169 3781 2283 15442
internal_value=-4.4239e-05 -0.0104184 0.0127522 0.000246802 -0.00851581 0.00838025 0.000794684 -0.0132243
internal_weight=1704.37 46.5103 17.8401 1657.86 97.5581 44.2752 1560.31 49.754
internal_count=163284 7976 5448 155308 7071 5950 148237 17725
is_linear=0
shrinkage=0.0750466


Tree=371
num_leaves=9
num_cat=0
split_feature=116 116 31 153 112 31 125 116
split_gain=0.940176 5.28105 1.53033 3.43793 4.28771 1.79095 5.18409 4.67646
threshold=45741.250000000007 77957.780000000013 20610.465000000004 1214.0550000000003 360218.03500000009 8091.6550000000016 -6763.4499999999989 9997.3950000000023
decision_type=10 10 2 8 10 2 8 10
left_child=2 -2 5 -4 -5 6 -1 -7
right_child=1 -3 3 4 -6 7 -8 -9
leaf_value=0.029808115270945713 -0.046862762540510951 0.014155123861185418 0.054060947344200097 -0.027005426309793332 0.051031388555314583 -0.053604461857177987 -0.00028137332706333932 -0.00049357112972703938
leaf_weight=32.927481260385321 14.269016168067536 18.149657517329615 9.5773957279416226 12.164743402965543 5.8831848305708254 12.614078202144809 1562.9694495632907 35.941051473250354
leaf_count=6758 4410 4410 1489 4475 3054 3542 123525 11621
internal_value=-4.36967e-05 -0.0127018 0.000201722 0.0177184 -0.00156733 -9.25427e-05 0.000339451 -0.0142912
internal_weight=1704.5 32.4187 1672.08 27.6253 18.0479 1644.45 1595.9 48.5551
internal_count=163284 8820 154464 9018 7529 145446 130283 15163
is_linear=0
shrinkage=0.0750466


Tree=372
num_leaves=9
num_cat=0
split_feature=81 116 7 5 25 25 108 8
split_gain=0.965495 6.95098 3.90642 7.47611 5.01282 1.40306 4.57672 3.2296
threshold=166963.90500000003 45741.250000000007 3616.7500000000005 47.500000000000007 8898.0150000000012 1.0000000180025095e-35 1.0000000180025095e-35 -8804.7999999999975
decision_type=2 8 2 2 2 2 2 2
left_child=5 2 4 -4 -2 -1 7 -7
right_child=1 -3 3 -5 -6 6 -8 -9
leaf_value=-0.000944434435622619 0.013860511420170259 -0.057324655434992121 0.096604676044515059 -0.018062270141029946 -0.053051792642106028 0.026191906542844007 0.044930739957737539 0.00054210400229062338
leaf_weight=1258.7769041249749 17.302361736468814 13.154194504139012 6.456315266766067 6.3536786794211366 9.9214579552390187 30.035913447120947 14.941708429458229 347.54449854081895
leaf_count=44527 4202 4010 2926 3853 8481 9290 2855 83140
internal_value=-4.34324e-05 -0.00999554 0.00555572 0.0397306 -0.010525 0.000277123 0.00419453 0.0025825
internal_weight=1704.49 53.188 40.0338 12.81 27.2238 1651.3 392.522 377.58
internal_count=163284 23472 19462 6779 12683 139812 95285 92430
is_linear=0
shrinkage=0.0750466


Tree=373
num_leaves=9
num_cat=0
split_feature=0 149 150 24 138 120 10 150
split_gain=0.87847 5.62341 3.2166 5.7559 3.91135 2.03358 1.55602 4.42031
threshold=15842220.000000002 2810.5000000000005 7173.1900000000014 1.0000000180025095e-35 48897.205000000009 1419820.3100000003 298.7000000000001 8303.6200000000008
decision_type=2 8 10 2 10 10 2 10
left_child=1 -1 -3 -4 -5 6 7 -2
right_child=5 2 3 4 -6 -7 -8 -9
leaf_value=-0.036779430241745285 -0.003212499124637756 0.0097204586511429516 -0.053029383866091032 -0.015249160037490172 0.0817621180422404 0.021883395090620893 0.0045703645768642191 0.0088509747017748979
leaf_weight=26.519212098498429 1006.4981384457997 75.397549856066689 13.921682032229912 6.1313831572961117 3.7860203562927381 24.513796714173623 341.86019284106305 206.09763582363257
leaf_count=2862 65360 4379 2890 3108 3090 4729 22272 54594
internal_value=-4.39983e-05 -0.00608056 0.00212316 -0.0219054 0.0217854 0.000436779 9.85659e-05 -0.00116214
internal_weight=1704.73 125.756 99.2366 23.8391 9.9174 1578.97 1554.46 1212.6
internal_count=163284 16329 13467 9088 6198 146955 142226 119954
is_linear=0
shrinkage=0.0750466


Tree=374
num_leaves=9
num_cat=0
split_feature=73 5 22 84 149 5 149 22
split_gain=0.943147 4.73294 5.53279 4.92398 5.1559 4.28762 5.73998 3.91312
threshold=9.5000000000000018 39.500000000000007 305328.60000000003 1.5000000000000002 2555.5000000000005 30.500000000000004 2090.5000000000005 54211.545000000006
decision_type=2 2 2 2 10 2 8 2
left_child=-1 5 3 4 -3 -2 -7 -8
right_child=1 2 -4 -5 -6 6 7 -9
leaf_value=0.000589007759440042 -0.027771345244814762 -0.042669668567288377 -0.075630346280827876 0.019140647866801998 -0.0055458921381789494 0.059040888185380537 -0.010839488768723529 0.050743094189609587
leaf_weight=1510.6578232375914 11.862890855602016 30.275241739172088 7.4514743495965368 27.30487878470467 69.296046198986005 16.15120346936601 24.008071450192805 7.6670945744626797
leaf_count=104268 3718 4884 7756 13977 15186 4194 4497 4804
internal_value=-4.36027e-05 -0.00496925 -0.0127827 -0.00909162 -0.0168336 0.0126145 0.0226318 0.00406681
internal_weight=1704.67 194.017 134.328 126.876 99.5713 59.6893 47.8264 31.6752
internal_count=163284 59016 41803 34047 20070 17213 13495 9301
is_linear=0
shrinkage=0.0750466


Tree=375
num_leaves=9
num_cat=0
split_feature=147 104 104 150 0 135 150 16
split_gain=1.07147 5.04455 6.39897 13.4747 5.73904 4.35205 4.75258 4.22744
threshold=-31205.244999999999 39921.000000000007 2404.6500000000005 56366.985000000008 39510640.500000007 -624.49999999999989 56366.985000000008 -1.0000000180025095e-35
decision_type=8 2 2 10 2 8 10 2
left_child=1 2 5 4 -4 6 -1 -7
right_child=-2 -3 3 -5 -6 7 -8 -9
leaf_value=-0.0085277947923426689 0.00058166428976079822 -0.059896250456454962 -0.031228936189548036 0.15692111649728849 0.05683559186058449 0.050895791011579705 -0.054837126142617779 -0.016846626049588486
leaf_weight=103.98741010573076 1534.6363331229277 9.1514354552632522 9.7927761204191537 4.1582702189898546 7.2556868969186317 12.476024828818483 14.1835073167922 8.8817082766649929
leaf_count=20353 109150 9100 5933 2539 3966 2621 5643 3979
internal_value=-4.43676e-05 -0.00569949 -0.00261381 0.0357945 0.00625061 -0.00845142 -0.0140861 0.0227248
internal_weight=1704.52 169.887 160.735 21.2067 17.0485 139.529 118.171 21.3577
internal_count=163284 54134 45034 12438 9899 32596 25996 6600
is_linear=0
shrinkage=0.0750466


Tree=376
num_leaves=9
num_cat=0
split_feature=72 72 8 23 149 46 8 138
split_gain=0.916616 1.1919 5.76456 4.73025 10.4375 6.13713 5.96038 8.28272
threshold=-1.0000000180025095e-35 387.90500000000003 12961.865000000002 1.5000000000000002 1537.5000000000002 1.0000000180025095e-35 37731.905000000006 6957.295000000001
decision_type=2 2 2 2 8 2 2 8
left_child=-1 2 -2 5 -5 -4 7 -6
right_child=1 -3 3 4 6 -7 -8 -9
leaf_value=-0.00935099743716967 -0.0012527104229583886 -0.0011770680102924948 0.012173247965182829 -0.023500595055352333 0.1471992153475202 -0.060452700068825735 0.016038914524419853 0.048345827992757683
leaf_weight=57.613016516072094 425.07196535217372 1083.233828182827 85.32133526396774 12.183399528211337 7.1787669974255586 7.0982169367339329 12.369204202109357 14.24841540778152
leaf_count=4486 63296 50032 25478 3383 1217 4526 5386 5480
internal_value=-4.64162e-05 0.000279122 0.00307854 0.0163813 0.0360513 0.00659526 0.0575194 0.0814648
internal_weight=1704.32 1646.71 563.471 138.399 45.9798 92.4196 33.7964 21.4272
internal_count=163284 158798 108766 45470 15466 30004 12083 6697
is_linear=0
shrinkage=0.0750466


Tree=377
num_leaves=9
num_cat=0
split_feature=147 33 135 153 107 7 7 153
split_gain=0.933903 4.74498 2.89007 6.8951 4.67251 4.50079 6.8263 6.19961
threshold=-31205.244999999999 8897.4100000000017 -624.49999999999989 7043.8650000000007 137.50000000000003 886.22500000000014 -294.21499999999997 2046.8850000000002
decision_type=8 2 8 10 2 2 2 10
left_child=1 2 4 -4 5 6 -1 -7
right_child=-2 -3 3 -5 -6 7 -8 -9
leaf_value=-0.020259324102658269 0.00053516227415254577 -0.056728031840039696 -0.0091348550815267167 0.071304223511894929 0.017662846634513705 0.0079742475324474493 0.037216216711654856 -0.048342661486825859
leaf_weight=31.025139986997601 1535.4361453685215 9.5489305827613844 16.132842693478782 9.5568840136702402 33.315364272296847 16.127158269180654 18.624407873034215 34.689145765561989
leaf_count=5363 109150 11142 5158 3683 17905 1627 2956 6300
internal_value=-4.76676e-05 -0.0053423 -0.00226538 0.0207894 -0.00669255 -0.014769 0.00130075 -0.0304698
internal_weight=1704.46 169.02 159.471 25.6897 133.781 100.466 49.6495 50.8163
internal_count=163284 54134 42992 8841 34151 16246 8319 7927
is_linear=0
shrinkage=0.0750466


Tree=378
num_leaves=9
num_cat=0
split_feature=82 127 24 24 115 52 52 55
split_gain=0.92769 2.31194 2.52184 3.49902 3.11764 1.97941 5.29309 1.16911
threshold=6.5000000000000009 4883.5000000000009 4.5000000000000009 25.500000000000004 2296.6450000000004 29325.005000000001 91348.450000000012 2.5000000000000004
decision_type=2 10 2 2 8 2 2 2
left_child=7 2 4 5 -2 -4 -7 -1
right_child=1 -3 3 -5 -6 6 -8 -9
leaf_value=0.00058266546894303057 -0.024908654815019825 0.033818577193131152 -0.061169675045387069 0.028327940757444509 0.032341592333837189 0.083255724797510214 -0.075627719688857217 -0.011995549916443209
leaf_weight=1611.0348853757678 11.151916070263724 5.9641158246204204 14.079241721047316 4.2570533943035107 10.309673902537725 2.1185888664567747 2.6681013163529315 42.721333427168702
leaf_count=123925 2827 3058 3822 2747 2744 1837 4535 17789
internal_value=-4.83765e-05 -0.0100631 -0.0159332 -0.0331284 0.0025931 -0.0469958 -0.00530591 0.000257734
internal_weight=1704.3 50.5487 44.5846 23.123 21.4616 18.8659 4.78669 1653.76
internal_count=163284 21570 18512 12941 5571 10194 6372 141714
is_linear=0
shrinkage=0.0750466


Tree=379
num_leaves=9
num_cat=0
split_feature=8 12 12 106 113 113 20 20
split_gain=0.954969 6.60741 4.75387 4.83664 6.59728 5.91155 4.26844 6.49241
threshold=9683.5850000000009 4.5000000000000009 4.5000000000000009 3577.6500000000005 -2054.4999999999995 -1475.4999999999998 1.0000000180025095e-35 3.8350000000000004
decision_type=2 2 2 2 8 8 2 2
left_child=2 -2 -1 4 -4 -5 -6 -8
right_child=1 -3 3 5 6 -7 7 -9
leaf_value=-0.015306558365790247 0.017276130265346912 -0.004201965462343399 -0.022481833807192195 0.025511139707386572 0.0027393634906353781 -0.041450848691655238 0.045909229112255701 0.0098499006638304732
leaf_weight=83.788658810284687 90.51360734141781 741.60376084590325 46.800699543013252 10.260862008095499 488.94360518538815 26.867639701438748 33.261203810997358 181.96987651006202
leaf_count=1304 1033 90869 5174 4311 25177 10110 2269 23037
internal_value=-4.71209e-05 -0.00186568 0.00168848 0.00349534 0.00480257 -0.0229452 0.00661594 0.0154224
internal_weight=1704.01 832.117 871.893 788.104 750.975 37.1285 704.175 215.231
internal_count=163284 91902 71382 70078 55657 14421 50483 25306
is_linear=0
shrinkage=0.0750466


Tree=380
num_leaves=9
num_cat=0
split_feature=48 97 7 147 147 8 7 20
split_gain=0.9494 4.57352 6.41124 2.41457 2.13416 2.06035 4.16747 9.0599
threshold=1.0000000180025095e-35 9.5000000000000018 3616.7500000000005 -17521.144999999993 -12321.749999999998 9683.5850000000009 1261.8700000000001 1.0000000180025095e-35
decision_type=2 2 2 10 8 2 2 2
left_child=5 3 -3 -2 -4 6 -1 -8
right_child=1 2 4 -5 -6 -7 7 -9
leaf_value=-0.0022342887960349034 0.0060794457235188093 -0.02064447634623753 0.0069977054494408672 0.034132508372679463 0.067937861450997242 -0.00340701042169548 0.00088168085593613515 0.029063900147548387
leaf_weight=501.45937284959427 36.473198592440895 50.360834020250422 6.2533482711578472 32.837208121116419 6.7088450405790336 749.53795233557912 230.69511547294042 89.040391071762315
leaf_count=55873 3759 10215 3695 2632 1052 76453 5084 4521
internal_value=-4.72033e-05 0.00604994 -0.00852975 0.0193702 0.0385385 -0.000562049 0.00203466 0.0087299
internal_weight=1703.37 132.633 63.323 69.3104 12.9622 1570.73 821.195 319.736
internal_count=163284 21353 14962 6391 4747 141931 65478 9605
is_linear=0
shrinkage=0.0750466


Tree=381
num_leaves=9
num_cat=0
split_feature=27 16 10 27 27 5 10 48
split_gain=0.977973 2.79997 5.63272 2.9613 2.69916 4.79321 3.14465 1.48141
threshold=29.500000000000004 -68.659999999999982 -3555.6149999999993 35.500000000000007 23.500000000000004 41.500000000000007 -1249.4199999999998 1.0000000180025095e-35
decision_type=2 2 2 2 2 2 2 2
left_child=4 3 -3 -2 7 -6 -7 -1
right_child=1 2 -4 -5 5 6 -8 -9
leaf_value=-0.00081974833291534679 0.0045195037684804922 0.065387273805024307 -0.024673309972710101 -0.056572931229734329 -0.017241552281946387 0.07562195691059663 0.0096390660237383671 0.0076682253520715983
leaf_weight=1515.6785103279726 7.4070609291857208 6.3702322893586851 10.132162586095545 11.26397483360506 10.015596797332366 9.8475335328544151 6.9310522731102528 125.38542556072525
leaf_count=121001 2679 4113 4403 5357 3422 3623 1957 16729
internal_value=-4.6622e-05 -0.0124305 0.0100918 -0.0323367 0.00021454 0.0238415 0.0483651 -0.000171225
internal_weight=1703.03 35.1734 16.5024 18.671 1667.86 26.7942 16.7786 1641.06
internal_count=163284 16552 8516 8036 146732 9002 5580 137730
is_linear=0
shrinkage=0.0750466


Tree=382
num_leaves=9
num_cat=0
split_feature=102 63 5 128 127 137 128 113
split_gain=0.907771 1.21 5.62178 1.42658 4.81194 4.38739 3.35221 11.6867
threshold=1.0000000180025095e-35 8.5000000000000018 47.500000000000007 17903.090000000004 3462.5000000000005 18877.255000000001 5692.1350000000011 -501.99999999999994
decision_type=2 2 2 10 10 10 10 10
left_child=1 3 -3 6 5 -5 -1 -8
right_child=-2 2 -4 4 -6 -7 7 -9
leaf_value=-0.00021644231539598693 -0.0092460888300322196 0.056149803614938529 -0.015940091160170977 -0.035327301947432152 -0.061818628761216944 0.039590280230197943 -0.0038793374379471968 0.089006071347603563
leaf_weight=1555.9689898987672 58.334097641045446 11.16359770726922 13.411535883583836 8.0753750291314699 9.0107882947404487 9.6796291422378982 26.882375347364359 10.65156374116077
leaf_count=127676 4973 4488 6202 1058 4112 3890 7767 3118
internal_value=-4.60407e-05 0.000280237 0.0168078 2.95593e-05 -0.0171524 0.00551608 0.000318161 0.0224801
internal_weight=1703.18 1644.84 24.5751 1620.27 26.7658 17.755 1593.5 37.5339
internal_count=163284 158311 10690 147621 9060 4948 138561 10885
is_linear=0
shrinkage=0.0750466


Tree=383
num_leaves=9
num_cat=0
split_feature=10 22 141 118 141 115 58 127
split_gain=0.935064 3.4128 7.28101 3.77488 2.45172 1.90351 1.43506 4.79802
threshold=-3005.3049999999998 54211.545000000006 10.535000000000002 927.0150000000001 0.79500000000000015 25799.010000000006 3684.2700000000004 444.50000000000006
decision_type=2 2 8 8 10 8 2 8
left_child=1 3 -3 -1 5 -5 -2 -8
right_child=6 2 -4 4 -6 -7 7 -9
leaf_value=0.033202607091330105 -0.00057029713268714729 -0.068699126179641579 0.072656728439847842 -0.032513606764780822 0.018517039306015927 0.0017624116137903794 0.039614626719400754 0.0023631582297951076
leaf_weight=14.275600191447666 1391.4619545236301 11.003439322584196 2.5227392022907233 24.387338653777988 12.492401843277547 14.580837005325519 21.450138867855458 211.28606303833294
leaf_count=2936 87563 11755 2327 4225 3337 2012 2628 46501
internal_value=-4.64063e-05 -0.00800564 -0.0423351 -0.000941848 -0.0104138 -0.0196884 0.000342012 0.00579644
internal_weight=1703.46 79.2624 13.5262 65.7362 51.4606 38.9682 1624.2 232.736
internal_count=163284 26592 14082 12510 9574 6237 136692 49129
is_linear=0
shrinkage=0.0750466


Tree=384
num_leaves=9
num_cat=0
split_feature=131 63 82 107 22 135 128 103
split_gain=0.935575 7.79745 8.72046 8.71897 6.89635 6.37565 5.73174 5.47902
threshold=568.90500000000009 1.5000000000000002 1.0000000180025095e-35 12.500000000000002 6061.1650000000009 -1567.4999999999998 11457.295000000002 1.0000000180025095e-35
decision_type=10 2 2 2 2 10 10 2
left_child=-1 3 -3 -2 -4 -6 -5 -7
right_child=1 2 4 6 5 7 -8 -9
leaf_value=0.00047288087411479098 0.042231176905966519 -0.062170517133358125 0.10391828727122472 -0.035548052624377893 -0.058896634084849249 0.0077787543575284805 0.005379710381541036 0.10858828685418585
leaf_weight=1567.1660313532584 12.900937061873263 5.0743004708783728 7.8701691612213862 65.98851285159617 4.3940427833658822 8.0643373606831066 27.22097349703381 4.870146224187919
leaf_count=124790 168 2446 2819 14055 2734 4861 7411 4000
internal_value=-4.59382e-05 -0.00600763 0.0275876 -0.0155923 0.0456623 0.019204 -0.0235955 0.045736
internal_weight=1703.55 136.383 30.273 106.11 25.1987 17.3285 93.2095 12.9345
internal_count=163284 38494 16860 21634 14414 11595 21466 8861
is_linear=0
shrinkage=0.0750466


Tree=385
num_leaves=9
num_cat=0
split_feature=27 20 55 56 56 74 149 22
split_gain=0.937743 2.72818 4.30222 4.21384 5.55616 7.68154 7.63357 9.39594
threshold=2.5000000000000004 1.0000000180025095e-35 1.0000000180025095e-35 11582.655000000002 2970.1600000000003 3171.9350000000004 5660.5000000000009 9727.2900000000027
decision_type=2 2 2 2 2 2 8 2
left_child=-1 2 -2 4 -3 6 7 -6
right_child=1 3 -4 -5 5 -7 -8 -9
leaf_value=0.0011983608236079352 -0.0027004112905548642 0.00098836896490964599 -0.024230087870994572 -0.048694446975155098 0.073255792591619601 0.12135280489436824 0.10705871853265078 -0.037024270561456712
leaf_weight=1134.6601766459407 259.87555888569341 205.54873103250975 65.435295911285721 8.417771352192629 6.4341291987721076 4.9302277760511961 4.4860907145502997 13.44067260382826
leaf_count=39151 26838 49933 22023 9539 1859 2090 2549 9302
internal_value=-4.81462e-05 -0.00253573 -0.00703104 0.00347589 0.00534592 0.0359248 0.0186357 -0.00132297
internal_weight=1703.23 568.568 325.311 243.258 234.84 29.2911 24.3609 19.8748
internal_count=163284 124133 48861 75272 65733 15800 13710 11161
is_linear=0
shrinkage=0.0750466


Tree=386
num_leaves=9
num_cat=0
split_feature=81 115 82 74 18 74 82 82
split_gain=0.954163 5.71224 3.63186 3.66584 3.10238 4.01028 2.37953 2.53725
threshold=166963.90500000003 57176.19000000001 8.5000000000000018 1397.7000000000003 1949.6600000000001 3692.0200000000004 1.0000000180025095e-35 2.5000000000000004
decision_type=2 8 2 2 2 2 2 2
left_child=-1 2 4 -4 -2 6 -6 -8
right_child=1 -3 3 -5 5 -7 7 -9
leaf_value=0.00026883899624003944 0.042581760057958419 -0.055393583028714236 0.097137591451744956 -0.0028264484791768554 -0.076905633479411303 0.049954092967774422 0.021161873227030257 -0.038248791190571695
leaf_weight=1649.8009643086748 5.6808869717242478 12.044573961376498 4.1895744216753865 4.0763124206810062 4.9184513712716642 4.0984677459923651 6.1395416699961087 11.887069559559221
leaf_count=139812 328 3536 2100 2677 2098 1938 3239 7556
internal_value=-4.96693e-05 -0.00995778 0.00339306 0.0478404 -0.00783394 -0.0184245 -0.0306383 -0.0180146
internal_weight=1702.84 53.0349 40.9903 8.26589 32.7244 27.0435 22.9451 18.0266
internal_count=163284 23472 19936 4777 15159 14831 12893 10795
is_linear=0
shrinkage=0.0750466


Tree=387
num_leaves=9
num_cat=0
split_feature=138 127 127 8 149 151 138 151
split_gain=0.954336 2.18381 1.86382 1.50613 4.05995 3.74 5.22698 2.78902
threshold=97358.630000000019 1747.5000000000002 2773.5000000000005 -8804.7999999999975 636.50000000000011 3.5000000000000004 36105.985000000008 15.500000000000002
decision_type=10 8 8 2 8 8 8 8
left_child=3 -2 -3 4 -1 -6 -7 -8
right_child=1 2 -4 -5 5 6 7 -9
leaf_value=0.043393159986319152 0.01130448188588821 -0.059315590603213106 -0.013020381734648055 -0.00032833198715977191 -0.021637381992641279 0.04910680258258536 -0.025842710491195093 0.014834301916857731
leaf_weight=16.360202850497899 15.494981642527817 6.42760408845061 20.576838112828682 1562.9263257977289 25.126467020239943 16.221046218721312 15.855557085071721 23.658271999650879
leaf_count=2333 3809 2470 8649 134671 3507 2124 3938 1783
internal_value=-4.88383e-05 -0.0111534 -0.0240396 0.000235436 0.00929853 0.00240036 0.0132371 -0.001488
internal_weight=1702.65 42.4994 27.0044 1660.15 97.2215 80.8613 55.7349 39.5138
internal_count=163284 14928 11119 148356 13685 11352 7845 5721
is_linear=0
shrinkage=0.0750466


Tree=388
num_leaves=9
num_cat=0
split_feature=0 149 10 10 149 145 119 74
split_gain=0.824168 1.89298 1.66387 2.72514 5.72801 5.0939 4.32 3.07797
threshold=70230055.500000015 489.50000000000006 -3005.3049999999998 -4315.5249999999987 1894.5000000000002 5.5000000000000009 3.5050000000000003 2806.0050000000006
decision_type=2 8 2 2 10 10 8 2
left_child=2 -2 3 5 -5 6 7 -1
right_child=1 -3 -4 4 -6 -7 -8 -9
leaf_value=0.072765782761350456 -0.017182905259464022 0.0054439022547858942 0.00086335438006474345 -0.068830405689227034 -0.0027692595351519844 -0.041507554808187304 -0.0095451443072065729 0.0050547930160400618
leaf_weight=9.252556508565247 47.526341382481405 37.063276482522269 1542.2221843662255 11.767533742686284 19.881371741101702 11.4652044264958 17.006354787003147 6.3937896432316839
leaf_count=3889 3844 1598 131747 2765 7627 4846 4347 2621
internal_value=-4.75985e-05 -0.00726888 0.000329935 -0.0105277 -0.0273318 0.001527 0.0166375 0.0450961
internal_weight=1702.58 84.5896 1617.99 75.7668 31.6489 44.1179 32.6527 15.6463
internal_count=163284 5442 157842 26095 10392 15703 10857 6510
is_linear=0
shrinkage=0.0750466


Tree=389
num_leaves=9
num_cat=0
split_feature=72 57 24 83 83 22 151 104
split_gain=0.8251 1.37558 4.91329 6.69009 2.22924 1.7136 4.02903 2.81022
threshold=-1.0000000180025095e-35 6.5000000000000009 4.5000000000000009 3873.2450000000003 34076.275000000009 319.2050000000001 5.5000000000000009 17653.650000000005
decision_type=2 2 2 2 2 2 10 2
left_child=-1 5 3 -3 -4 6 -2 -7
right_child=1 2 4 -5 -6 7 -8 -9
leaf_value=-0.0089018707510525839 0.00043658205417739139 0.0048649838307577263 -0.0037608353076043341 0.078071086143405244 -0.075733421673030293 -0.001487526050937784 0.018468446272784638 -0.018039930408103338
leaf_weight=57.268975184218107 936.74706396655893 22.610012392009594 6.1526963562951078 10.203548385765314 3.9990965680860882 525.07485867464584 75.405758603610593 64.908027890583526
leaf_count=4486 26148 3471 4295 4279 3665 75801 10486 30653
internal_value=-4.67647e-05 0.000261498 0.0135131 0.0276288 -0.032113 -9.38776e-05 0.00177996 -0.00330857
internal_weight=1702.37 1645.1 42.9654 32.8136 10.1518 1602.14 1012.15 589.983
internal_count=163284 158798 15710 7750 7960 143088 36634 106454
is_linear=0
shrinkage=0.0750466


Tree=390
num_leaves=9
num_cat=0
split_feature=82 125 85 134 64 107 5 16
split_gain=0.901111 4.03845 2.98975 3.71708 2.58898 2.29397 1.17886 3.89386
threshold=6.5000000000000009 -3240.0249999999996 2404.6500000000005 527473.65000000014 6107.7850000000008 195.50000000000003 43.500000000000007 -2764.8049999999994
decision_type=2 10 2 8 2 2 2 2
left_child=6 2 5 4 -4 -2 7 -1
right_child=1 -3 3 -5 -6 -7 -8 -9
leaf_value=-0.0050016626205411736 -0.05230488196529931 0.04076815702098615 -0.054417695049420858 0.044857255568575984 0.014547296704078255 -0.00013721212294134572 -0.0014913894405924454 0.006627153287172719
leaf_weight=249.51765089718447 16.389203632713365 7.5212846105732742 6.6360219542248178 7.3521103339076026 5.6981885284594682 6.683141075876164 939.20029514594012 463.25725444780164
leaf_count=13935 4608 3104 3733 3352 3318 3455 79585 48194
internal_value=-4.6169e-05 -0.00994336 -0.0188636 0.00261967 -0.0225571 -0.037194 0.000255065 0.00255631
internal_weight=1702.26 50.28 42.7587 19.6863 12.3342 23.0723 1651.98 712.775
internal_count=163284 21570 18466 10403 7051 8063 141714 62129
is_linear=0
shrinkage=0.0750466


Tree=391
num_leaves=9
num_cat=0
split_feature=27 127 64 58 27 125 5 7
split_gain=0.943251 4.24627 3.31435 4.28709 2.14228 4.07898 2.08077 1.82619
threshold=29.500000000000004 1408.5000000000002 3314.0650000000005 7157.0650000000014 23.500000000000004 -2063.0949999999998 49.500000000000007 278.72500000000008
decision_type=2 10 2 2 2 8 2 2
left_child=4 -2 -3 -4 -1 -6 -7 -5
right_child=1 2 3 7 5 6 -8 -9
leaf_value=-0.00013768992800402261 0.021963261221006676 -0.054680689267041678 0.079126063598422808 0.01171541104399711 0.064022185271249768 -0.020604376684301776 0.02935043940878625 -0.075669346003533061
leaf_weight=1639.9128904579454 12.91398607810015 13.832145735982978 2.8886411080047747 2.56675864181625 8.5468619037692388 10.562365389197572 8.4552400099523748 2.8340792155931922
leaf_count=137730 3864 5953 2037 2070 3920 3062 2020 2628
internal_value=-4.49983e-05 -0.0122314 -0.0321932 0.00533019 0.000211051 0.020959 0.00160557 -0.0341396
internal_weight=1702.51 35.0356 22.1216 8.28948 1667.48 27.5645 19.0176 5.40084
internal_count=163284 16552 12688 6735 146732 9002 5082 4698
is_linear=0
shrinkage=0.0750466


Tree=392
num_leaves=9
num_cat=0
split_feature=6 141 142 4 74 95 116 74
split_gain=0.97407 3.95921 7.43664 3.75104 3.36612 5.1373 3.72321 3.55293
threshold=115.50000000000001 1.7850000000000004 208324.80000000002 1.0000000180025095e-35 1.0000000180025095e-35 1.0000000180025095e-35 -1.0000000180025095e-35 2512.6750000000006
decision_type=2 8 8 2 2 2 8 2
left_child=-1 3 -3 4 -2 6 -6 -8
right_child=1 2 -4 -5 5 -7 7 -9
leaf_value=0.0014617563219664659 0.02672246470451245 -0.025940381993851923 -0.00095432518027180411 0.035141963097079142 0.036787583214036551 -0.023393168402468138 -0.0034752160034052268 0.018076754947551239
leaf_weight=999.14900278342611 27.090861363136355 94.926677867678791 228.75862990107339 19.420632502777153 17.308620224229344 48.387959884741576 213.53398658120022 53.967645696380259
leaf_count=74194 1964 9003 18695 1591 1805 5896 40310 9826
internal_value=-4.43692e-05 -0.00218377 -0.00828195 0.00301465 0.00128289 -0.000785485 0.00305546 0.000872829
internal_weight=1702.54 703.395 323.685 379.71 360.289 333.198 284.81 267.502
internal_count=163284 89090 27698 61392 59801 57837 51941 50136
is_linear=0
shrinkage=0.0750466


Tree=393
num_leaves=9
num_cat=0
split_feature=73 95 132 83 118 18 73 18
split_gain=0.930199 4.33417 5.74219 4.36226 3.6867 3.74937 3.19531 4.72226
threshold=9.5000000000000018 6.5000000000000009 1.0000000180025095e-35 92470.055000000008 329.42500000000007 3102.7650000000003 6.5000000000000009 75844.105000000025
decision_type=2 2 8 2 8 2 2 2
left_child=6 2 3 4 5 -2 -1 -8
right_child=1 -3 -4 -5 -6 -7 7 -9
leaf_value=-0.00079493124088668161 0.010820651943449302 0.047958020018416231 -0.0614757501050784 -0.039373249599895008 0.00417558991307061 -0.057147594194553446 0.0060956883224659733 0.050092759915510841
leaf_weight=1301.2522224109343 7.4530369916774388 8.347744952354331 10.408262635133722 17.743885401497664 137.96094870252637 11.820524784350253 192.78531856076643 14.793572510275679
leaf_count=71929 975 1129 1110 9910 40016 5876 24648 7691
internal_value=-4.41359e-05 -0.00493949 -0.0073214 -0.00410013 -0.000119563 -0.0308644 0.000584429 0.00923124
internal_weight=1702.57 193.734 185.387 174.978 157.235 19.2736 1508.83 207.579
internal_count=163284 59016 57887 56777 46867 6851 104268 32339
is_linear=0
shrinkage=0.0750466


Tree=394
num_leaves=9
num_cat=0
split_feature=28 140 140 28 18 106 10 24
split_gain=0.981689 3.29692 2.75649 4.40341 6.30357 4.68134 6.78316 10.0356
threshold=1395.8750000000002 1.0000000180025095e-35 3519.0050000000006 7437.8550000000005 252.93500000000003 1208.1900000000003 -1667.6399999999996 1.5000000000000002
decision_type=2 10 10 2 2 2 2 2
left_child=1 -1 -2 -4 -5 -6 -7 -8
right_child=2 -3 3 4 5 6 7 -9
leaf_value=-0.00010236530177278974 -0.0076488288736105466 0.013302961736474756 0.022638327895535076 0.016334610631275802 -0.010229019261647177 -0.033874750162044033 0.13904809887739372 0.016066663112224565
leaf_weight=876.3697076264034 299.52491244827115 117.13857728921721 50.22359777219026 88.266619157708192 241.22310971776369 8.8581111033063298 4.8549582863888672 16.22881271082133
leaf_count=25035 35601 3930 4013 6319 68468 7724 1482 10712
internal_value=-4.42724e-05 0.00147818 -0.00217711 0.00182361 -0.00108484 -0.00675503 0.0212328 0.0443856
internal_weight=1702.69 993.508 709.18 409.655 359.432 271.165 29.9419 21.0838
internal_count=163284 28965 134319 98718 94705 88386 19918 12194
is_linear=0
shrinkage=0.0750466


end of trees

feature_importances:
cliente_edad=104
mrentabilidad_annual=100
mcuentas_saldo=76
mprestamos_personales=74
Visa_mpagominimo=74
Master_fechaalta=72
mcuenta_corriente=69
numero_de_cliente=65
mrentabilidad=60
mactivos_margen=60
ctrx_quarter=60
mcaja_ahorro=58
ctarjeta_visa_transacciones=57
Visa_Fvencimiento=56
Visa_cconsumos=55
Visa_fechaalta=54
mcaja_ahorro_dolares=53
Master_mfinanciacion_limite=52
cliente_antiguedad=51
Master_Fvencimiento=51
mtransferencias_recibidas=50
mcomisiones_mantenimiento=49
mpasivos_margen=46
mcomisiones_otras=46
Visa_mconsumospesos=46
Master_mlimitecompra=44
chomebanking_transacciones=42
Visa_mlimitecompra=42
Visa_msaldopesos=40
Visa_mpagospesos=40
mtransferencias_emitidas=39
cproductos=38
mttarjeta_visa_debitos_automaticos=38
ccomisiones_otras=38
ctarjeta_debito_transacciones=37
ccaja_seguridad=37
mpagomiscuentas=37
mtarjeta_visa_consumo=35
ctransferencias_emitidas=35
Master_mpagospesos=35
mcuenta_debitos_automaticos=34
ccallcenter_transacciones=33
Visa_mfinanciacion_limite=33
mpayroll=32
mplazo_fijo_dolares=31
Visa_msaldototal=31
mcomisiones=30
mautoservicio=30
cprestamos_personales=30
Master_mpagominimo=30
cpayroll_trx=29
ctransferencias_recibidas=29
Master_msaldototal=29
Visa_mconsumototal=28
internet=27
ccomisiones_mantenimiento=27
ccajas_consultas=27
ccaja_ahorro=24
mextraccion_autoservicio=24
Master_msaldopesos=24
Visa_status=24
Visa_mconsumosdolares=24
cdescubierto_preacordado=23
ccuenta_debitos_automaticos=20
Master_status=19
cpagomiscuentas=18
tmobile_app=18
thomebanking=16
mtarjeta_master_consumo=15
ctarjeta_visa_debitos_automaticos=15
matm=15
cmobile_app_trx=14
Master_mconsumospesos=14
Visa_mpagosdolares=14
mttarjeta_master_debitos_automaticos=12
Master_fultimo_cierre=12
Master_mconsumototal=12
catm_trx=11
active_quarter=10
cseguro_vida=10
Master_cconsumos=10
Visa_mpagado=10
tcuentas=9
cextraccion_autoservicio=9
tcallcenter=9
ccajas_otras=9
matm_other=9
Visa_fultimo_cierre=9
ctarjeta_debito=8
ctarjeta_visa=6
ccajas_transacciones=6
Visa_msaldodolares=6
cplazo_fijo=5
cseguro_vivienda=5
ctarjeta_master=3
ctarjeta_master_transacciones=3
ccajas_extracciones=3
catm_trx_other=3
Master_mconsumosdolares=3
cinversion1=2
cinversion2=2
minversion2=2
ccheques_depositados=2
Master_msaldodolares=2
Master_madelantodolares=2
Visa_delinquency=2
Visa_Finiciomora=2
mcaja_ahorro_adicional=1
cseguro_accidentes_personales=1
Master_madelantopesos=1
Master_mpagado=1
Visa_madelantopesos=1
Visa_cadelantosefectivo=1

parameters:
[boosting: gbdt]
[objective: binary]
[metric: auc]
[tree_learner: serial]
[device_type: cpu]
[data_sample_strategy: bagging]
[data: ]
[valid: ]
[num_iterations: 395]
[learning_rate: 0.0750466]
[num_leaves: 9]
[num_threads: 0]
[seed: 405157]
[deterministic: 0]
[force_col_wise: 0]
[force_row_wise: 1]
[histogram_pool_size: -1]
[max_depth: -1]
[min_data_in_leaf: 2230]
[min_sum_hessian_in_leaf: 1.06535e-05]
[bagging_fraction: 1]
[pos_bagging_fraction: 1]
[neg_bagging_fraction: 1]
[bagging_freq: 0]
[bagging_seed: 30910]
[bagging_by_query: 0]
[feature_fraction: 0.218412]
[feature_fraction_bynode: 1]
[feature_fraction_seed: 24936]
[extra_trees: 0]
[extra_seed: 1956]
[early_stopping_round: 0]
[early_stopping_min_delta: 0]
[first_metric_only: 0]
[max_delta_step: 0]
[lambda_l1: 0]
[lambda_l2: 0]
[linear_lambda: 0]
[min_gain_to_split: 0]
[drop_rate: 0.1]
[max_drop: 50]
[skip_drop: 0.5]
[xgboost_dart_mode: 0]
[uniform_drop: 0]
[drop_seed: 19515]
[top_rate: 0.2]
[other_rate: 0.1]
[min_data_per_group: 100]
[max_cat_threshold: 32]
[cat_l2: 10]
[cat_smooth: 10]
[max_cat_to_onehot: 4]
[top_k: 20]
[monotone_constraints: ]
[monotone_constraints_method: basic]
[monotone_penalty: 0]
[feature_contri: ]
[forcedsplits_filename: ]
[refit_decay_rate: 0.9]
[cegb_tradeoff: 1]
[cegb_penalty_split: 0]
[cegb_penalty_feature_lazy: ]
[cegb_penalty_feature_coupled: ]
[path_smooth: 0]
[interaction_constraints: ]
[verbosity: -100]
[saved_feature_importance_type: 0]
[use_quantized_grad: 0]
[num_grad_quant_bins: 4]
[quant_train_renew_leaf: 0]
[stochastic_rounding: 1]
[linear_tree: 0]
[max_bin: 31]
[max_bin_by_feature: ]
[min_data_in_bin: 3]
[bin_construct_sample_cnt: 200000]
[data_random_seed: 12390]
[is_enable_sparse: 1]
[enable_bundle: 1]
[use_missing: 1]
[zero_as_missing: 0]
[feature_pre_filter: 0]
[pre_partition: 0]
[two_round: 0]
[header: 0]
[label_column: ]
[weight_column: ]
[group_column: ]
[ignore_column: ]
[categorical_feature: ]
[forcedbins_filename: ]
[precise_float_parser: 0]
[parser_config_file: ]
[objective_seed: 29538]
[num_class: 1]
[is_unbalance: 0]
[scale_pos_weight: 1]
[sigmoid: 1]
[boost_from_average: 1]
[reg_sqrt: 0]
[alpha: 0.9]
[fair_c: 1]
[poisson_max_delta_step: 0.7]
[tweedie_variance_power: 1.5]
[lambdarank_truncation_level: 30]
[lambdarank_norm: 1]
[label_gain: ]
[lambdarank_position_bias_regularization: 0]
[eval_at: ]
[multi_error_top_k: 1]
[auc_mu_weights: ]
[num_machines: 1]
[local_listen_port: 12400]
[time_out: 120]
[machine_list_filename: ]
[machines: ]
[gpu_platform_id: -1]
[gpu_device_id: -1]
[gpu_device_id_list: ]
[gpu_use_dp: 0]
[num_gpu: 1]

end of parameters
