tree
version=v4
num_class=1
num_tree_per_iteration=1
label_index=0
max_feature_idx=153
objective=binary sigmoid:1
feature_names=numero_de_cliente foto_mes active_quarter cliente_vip internet cliente_edad cliente_antiguedad mrentabilidad mrentabilidad_annual mcomisiones mactivos_margen mpasivos_margen cproductos tcuentas ccuenta_corriente mcuenta_corriente_adicional mcuenta_corriente ccaja_ahorro mcaja_ahorro mcaja_ahorro_adicional mcaja_ahorro_dolares cdescubierto_preacordado mcuentas_saldo ctarjeta_debito ctarjeta_debito_transacciones mautoservicio ctarjeta_visa ctarjeta_visa_transacciones mtarjeta_visa_consumo ctarjeta_master ctarjeta_master_transacciones mtarjeta_master_consumo cprestamos_personales mprestamos_personales cprestamos_prendarios mprestamos_prendarios cprestamos_hipotecarios mprestamos_hipotecarios cplazo_fijo mplazo_fijo_dolares mplazo_fijo_pesos cinversion1 minversion1_pesos minversion1_dolares cinversion2 minversion2 cseguro_vida cseguro_auto cseguro_vivienda cseguro_accidentes_personales ccaja_seguridad cpayroll_trx mpayroll mpayroll2 cpayroll2_trx ccuenta_debitos_automaticos mcuenta_debitos_automaticos ctarjeta_visa_debitos_automaticos mttarjeta_visa_debitos_automaticos ctarjeta_master_debitos_automaticos mttarjeta_master_debitos_automaticos cpagodeservicios mpagodeservicios cpagomiscuentas mpagomiscuentas ccajeros_propios_descuentos mcajeros_propios_descuentos ctarjeta_visa_descuentos mtarjeta_visa_descuentos ctarjeta_master_descuentos mtarjeta_master_descuentos ccomisiones_mantenimiento mcomisiones_mantenimiento ccomisiones_otras mcomisiones_otras cforex cforex_buy mforex_buy cforex_sell mforex_sell ctransferencias_recibidas mtransferencias_recibidas ctransferencias_emitidas mtransferencias_emitidas cextraccion_autoservicio mextraccion_autoservicio ccheques_depositados mcheques_depositados ccheques_emitidos mcheques_emitidos ccheques_depositados_rechazados mcheques_depositados_rechazados ccheques_emitidos_rechazados mcheques_emitidos_rechazados tcallcenter ccallcenter_transacciones thomebanking chomebanking_transacciones ccajas_transacciones ccajas_consultas ccajas_depositos ccajas_extracciones ccajas_otras catm_trx matm catm_trx_other matm_other ctrx_quarter tmobile_app cmobile_app_trx Master_delinquency Master_status Master_mfinanciacion_limite Master_Fvencimiento Master_Finiciomora Master_msaldototal Master_msaldopesos Master_msaldodolares Master_mconsumospesos Master_mconsumosdolares Master_mlimitecompra Master_madelantopesos Master_madelantodolares Master_fultimo_cierre Master_mpagado Master_mpagospesos Master_mpagosdolares Master_fechaalta Master_mconsumototal Master_cconsumos Master_cadelantosefectivo Master_mpagominimo Visa_delinquency Visa_status Visa_mfinanciacion_limite Visa_Fvencimiento Visa_Finiciomora Visa_msaldototal Visa_msaldopesos Visa_msaldodolares Visa_mconsumospesos Visa_mconsumosdolares Visa_mlimitecompra Visa_madelantopesos Visa_madelantodolares Visa_fultimo_cierre Visa_mpagado Visa_mpagospesos Visa_mpagosdolares Visa_fechaalta Visa_mconsumototal Visa_cconsumos Visa_cadelantosefectivo Visa_mpagominimo
feature_infos=[12159854:77722076] [202104:202104] [0:1] [0:1] [0:4] [19:101] [1:376] [-239774.32000000001:645741.12] [-603976.89000000001:6868191.71] [-32909.18:341624.25] [-313906.75:299888.78000000003] [-62197.190000000002:519043.78999999998] [3:17] [1:2] [1:3] [-82991.339999999997:2108268.0299999998] [-2195857.5:21365751.859999999] [2:8] [-8280.1299999999992:30787954.780000001] [-1190.8199999999999:2654243.8300000001] [-26336.5:135638177.87] [0:1] [-2232579.79:328744518.88999999] [0:301] [0:162] [0:1400273.4399999999] [0:3] [0:634] [0:2837240.7200000002] [0:2] [0:356] [0:1779727.1100000001] [0:506] [0:7038000] [0:19] [0:20442808.949999999] [0:20] [0:35851430.100000001] [0:99] [0:59597784] [0:32117593.73] [0:11] [0:108203113.08] [0:117252843.86] [0:52] [0:355653815.48000002] [0:3] [0:11] [0:4] [0:5] [0:6] [0:126] [0:60648897.310000002] [0:317432.5] [0:4] [0:134] [0:7283353.5099999998] [0:72] [0:722029.88] [0:58] [0:557086.31999999995] [0:42] [0:8517858.4399999995] [0:678] [0:230670200.97999999] [0:12] [0:23460] [0:15] [0:74972.639999999999] [0:15] [0:78459.029999999999] [0:38] [-15494.48:12465.219999999999] [0:256] [-32909.18:341624.25] [0:18] [0:15] [0:11759.32] [0:18] [0:3628.9099999999999] [0:902] [0:531368551.08999997] [0:259] [0:154341745.75999999] [0:101] [0:2011695] [0:140] [0:63679162.43] [0:89] [0:15356358.539999999] [0:13] [0:4222800] [0:14] [0:2366424.8700000001] [0:1] [0:101] [0:1] [0:12022] [0:1] [0:34] [0:8] [0:9] [0:52] [0:101] [0:2011695] [0:57] [0:1642602.8] [0:3437] [0:1] [0:1] [0:1] [0:9] [0:550790361] [-2251:6880] [2:207] [-1008582:2798756.1099999999] [-990227.02000000002:2797981.7999999998] [-630945.59999999998:1087846.4399999999] [-45738.199999999997:1774651.05] [0:9649.6599999999999] [985.32000000000005:9212742] [0:52785] [0:214.69] [2:3320] [0:787680.82999999996] [-1271748.3799999999:49814.739999999998] [0:9334.25] [2:7632] [-45738.199999999997:1774651.05] [0:126] [0:20] [0:1361723.97] [0:1] [0:9] [0:124710817.52] [-2914148:5845] [5:208] [-890074.31999999995:7278914.8899999997] [-1044057.17:8538167.1600000001] [-702902.58999999997:738213.71999999997] [-60767.610000000001:2779277.9500000002] [0:13403.35] [1011.71:16422000] [0:191476.91] [0:2047.8800000000001] [2:163] [0:1994100] [-2855922.9199999999:70457.759999999995] [0:10844.469999999999] [2:12628] [-60767.610000000001:2779277.9500000002] [0:180] [0:16] [0:2073101.55]
tree_sizes=1098 1123 1116 1113 1113 1114 1116 1100 1113 1133 1133 1136 1146 1127 1124 1142 1128 1127 1121 1133 1141 1118 1135 1137 1138 1119 1145 1138 1135 1134 1139 1131 1123 1132 1134 1139 1147 1137 1139 1138 1141 1141 1139 1126 1138 1141 1148 1130 1144 1139 1135 1144 1142 1152 1135 1144 1145 1138 1137 1138 1137 1142 1133 1141 1142 1130 1147 1140 1136 1144 1134 1132 1134 1152 1147 1144 1140 1146 1141 1146 1136 1141 1145 1132 1151 1136 1144 1138 1152 1150 1126 1144 1151 1155 1141 1151 1143 1141 1149 1137 1136 1142 1125 1147 1135 1138 1133 1139 1143 1142 1145 1141 1142 1147 1127 1141 1134 1144 1142 1131 1145 1138 1151 1138 1137 1127 1144 1151 1154 1127 1136 1147 1137 1135 1146 1144 1151 1146 1147 1149 1132 1136 1145 1144 1157 1147 1148 1142 1136 1142 1136 1141 1148 1139 1141 1140 1135 1132 1128 1138 1142 1134 1124 1115 1139 1145 1136 1142 1137 1146 1136 1148 1139 1139 1153 1136 1129 1136 1144 1140 1139 1142 1140 1133 1146 1156 1143 1142 1152 1137 1141 1140 1139 1146 1127 1127 1148 1139 1128 1142 1138 1137 1141 1139 1141 1136 1135 1133 1146 1127 1135 1137 1136 1129 1140 1140 1142 1128 1159 1129 1139 1148 1134 1135 1140 1135 1122 1129 1143 1140 1145 1129 1135 1129 1128 1145 1136 1141 1140 1139 1127 1137 1140 1142 1136 1137 1159 1135 1138 1146 1155 1140 1139 1137 1150 1130 1141 1132 1142 1143 1134 1130 1146 1145 1129 1131 1125 1135 1144 1146 1138 1139 1133 1131 1135 1149 1129 1141 1147 1140 1124 1127 1129 1141 1139 1129 1129 1137 1122 1136 1141 1137 1163 1135 1121 1148 1133 1136 1134 1151 1135 1154 1137 1123 1130 1142 1142 1142 1140 1124 1136 1131 1131 1139 1135 1122 1137 1138 1149 1129 1139 1145 1132 1139 1125 1147 1136 1143 1136 1138 1147 1123 1130 1132 1138 1129 1133 1131 1131 1148 1130 1130 1116 1131 1132 1131 1130 1121 1122 1145 1144 1144 1130 1140 1129 1133 1128 1133 1131 1131 1134 1146 1136 1152 1144 1145 1148 1128 1132 1122 1136 1137 1127 1125 1139 1119 1138 1137 1138 1142 1132 1131 1135 1130 1145 1132 1140 1134 1130 1127 1136 1141 1137 1115 1133

Tree=0
num_leaves=9
num_cat=0
split_feature=18 144 71 11 52 32 11 31
split_gain=4185.45 2659.83 1102.98 481.135 525.699 321.354 359.624 228.36
threshold=252.93500000000003 1.0000000180025095e-35 1.0000000180025095e-35 136.92000000000004 1.0000000180025095e-35 1.0000000180025095e-35 52.845000000000006 694.6400000000001
decision_type=2 8 2 2 2 2 2 2
left_child=1 5 -3 4 7 6 -1 -2
right_child=3 2 -4 -5 -6 -7 -8 -9
leaf_value=-3.9259849430514566 -4.1133855368128689 -3.9955629311127909 -3.4115370505752871 -4.3904341322296343 -4.3919769710243575 -4.3888757392889017 -4.2358308262648006 -4.349001858670265
leaf_weight=30.067478865385056 95.236991196870804 32.012647688388824 42.247032672166824 1615.8504699170589 116.39229133725166 42.781000584363937 70.712607800960541 30.614160299301147
leaf_count=2365 7491 2518 3323 127097 9155 3365 5562 2408
internal_value=-4.33916 -4.02793 -3.66331 -4.37565 -4.27702 -4.21654 -4.14339 -4.1707
internal_weight=2075.91 217.821 74.2597 1858.09 242.243 143.561 100.78 125.851
internal_count=163284 17133 5841 146151 19054 11292 7927 9899
is_linear=0
shrinkage=1


Tree=1
num_leaves=9
num_cat=0
split_feature=26 33 24 144 74 31 64 33
split_gain=1952.8 2198.11 852.31 508.102 232.079 133.193 114.323 122.514
threshold=1.0000000180025095e-35 1.0000000180025095e-35 1.0000000180025095e-35 266.00000000000006 1588.4450000000004 3112.9700000000007 476.68500000000006 17595.285000000003
decision_type=2 2 2 8 2 2 2 2
left_child=1 -1 3 5 -5 6 7 -2
right_child=2 -3 -4 4 -6 -7 -8 -9
leaf_value=0.5593469933447236 0.091232311701008817 -0.01466214776943413 -0.054161734187729252 0.091633113554319148 0.30586709060402051 -0.041816028539233066 -0.031305687580969514 -0.051599612391814105
leaf_weight=71.8502680324018 221.07146867364645 78.757462838664651 1357.7533284462988 58.538113199174404 55.460098795592785 140.43794897198677 83.936776828020811 39.930694723501801
leaf_count=3936 16269 4642 110866 3913 2497 11246 6759 3156
internal_value=-0.00121844 0.25918 -0.021257 0.0532816 0.195858 0.0197953 0.0448797 0.0693805
internal_weight=2107.74 150.608 1957.13 599.375 113.998 485.377 344.939 261.002
internal_count=163284 8578 154706 43840 6410 37430 26184 19425
is_linear=0
shrinkage=0.0750466


Tree=2
num_leaves=9
num_cat=0
split_feature=28 22 22 84 16 24 8 138
split_gain=1914.61 1134.61 192.649 184.606 153.538 149.716 130.086 99.5953
threshold=2982.1750000000006 1.0000000180025095e-35 26219.395 1.0000000180025095e-35 -14461.189999999999 1.5000000000000002 20804.765000000003 21996.515000000003
decision_type=2 2 2 2 2 2 2 10
left_child=1 4 3 -3 -1 7 -6 -2
right_child=5 2 -4 -5 6 -7 -8 -9
leaf_value=0.34883778889364175 0.026281158620935625 0.14851358015377053 -0.032361713135466978 -0.014503648232623021 0.24806759883181839 -0.062235580899675423 0.11389768528384867 -0.039517141177870932
leaf_weight=54.685707971453667 215.50603970140219 96.714387003332376 166.19029649998993 65.702102279290557 130.03679813724011 1007.8549747401848 59.239450047723949 324.86606605164707
leaf_count=1890 16295 5862 12700 4877 5628 87209 2640 26183
internal_value=-0.00178452 0.115469 0.0244434 0.0825685 0.238076 -0.0451474 0.206075 -0.0132761
internal_weight=2120.8 572.569 328.607 162.416 243.962 1548.23 189.276 540.372
internal_count=163284 33597 23439 10739 10158 129687 8268 42478
is_linear=0
shrinkage=0.0750466


Tree=3
num_leaves=9
num_cat=0
split_feature=11 153 103 22 11 149 22 103
split_gain=1635 475.994 329.353 149.272 105.688 76.1988 85.0947 75.2012
threshold=136.92000000000004 651.0150000000001 1.0000000180025095e-35 -1525.53 368.24500000000006 206.50000000000003 1417.5900000000004 1.0000000180025095e-35
decision_type=2 10 2 2 2 10 2 2
left_child=1 2 3 -1 7 -5 -7 -2
right_child=4 -3 -4 5 -6 6 -8 -9
leaf_value=0.22293489449931167 0.023741823864804175 0.0016479367386988512 -0.0047638825996727261 0.053847873321436902 -0.05253817366405155 0.2371169215217914 0.090817334940786629 -0.049667572785393369
leaf_weight=193.99434556439519 202.77930247597396 173.48617580253631 64.832074505276978 56.117476608604193 1215.1726930905133 45.657856024801731 43.940011700615287 128.33138693682849
leaf_count=5322 15809 12589 4083 2450 107254 2230 2540 11007
internal_value=-0.00204245 0.105641 0.150239 0.17982 -0.0422966 0.122421 0.16537 -0.00471008
internal_weight=2124.31 578.028 404.542 339.71 1546.28 145.715 89.5979 331.111
internal_count=163284 29214 16625 12542 134070 7220 4770 26816
is_linear=0
shrinkage=0.0750466


Tree=4
num_leaves=9
num_cat=0
split_feature=52 27 22 22 7 127 55 31
split_gain=1231.85 1099 288.152 112.119 70.4411 72.5498 51.7765 47.9789
threshold=1.0000000180025095e-35 2.5000000000000004 6061.1650000000009 6061.1650000000009 3616.7500000000005 610.50000000000011 1.0000000180025095e-35 539.49500000000012
decision_type=2 2 2 2 2 8 2 2
left_child=1 2 4 6 5 -1 7 -3
right_child=-2 3 -4 -5 -6 -7 -8 -9
leaf_value=0.11341732677219817 -0.064751557262524087 0.074952215564407509 0.032325274845538654 -0.040816686123602265 0.099060348954097488 0.19911861507718792 -0.028282317304062787 -0.0055418745370749622
leaf_weight=72.333947042003274 965.81973971705884 113.1823308179155 124.2774020684883 387.16693645063788 76.635100076906383 240.93100861366838 77.018587648868561 66.037738285958767
leaf_count=2336 87371 7984 8766 35306 2161 7480 6363 5517
internal_value=-0.00217368 0.0500376 0.131835 -0.0153307 0.163553 0.17933 0.0231777 0.0452923
internal_weight=2123.4 1157.58 514.177 643.406 389.9 313.265 256.239 179.22
internal_count=163284 75913 20743 55170 11977 9816 19864 13501
is_linear=0
shrinkage=0.0750466


Tree=5
num_leaves=9
num_cat=0
split_feature=18 28 28 72 4 72 18 149
split_gain=1181.25 311.477 139.385 122.231 96.9506 95.0477 49.559 36.13
threshold=3102.7650000000003 10333.675000000001 5998.3400000000011 1708.4500000000003 1.0000000180025095e-35 1708.4500000000003 21090.000000000004 3075.5000000000005
decision_type=2 2 2 2 2 2 2 8
left_child=1 4 3 -2 5 7 -5 -1
right_child=2 -3 -4 6 -6 -7 -8 -9
leaf_value=0.054946251193376039 -0.027477238046620545 -0.0058609064940165429 -0.056601569498787037 0.12076055807872078 0.0532717296929862 0.15868746574068252 0.0066710198935125316 0.12469497021709655
leaf_weight=101.6387651450932 268.8439950728789 194.58790178783238 1037.9533886304125 52.442220031283796 146.89733744319528 211.47376852948219 36.27672656159848 71.077070917934179
leaf_count=4742 22602 15711 102128 2875 4005 5636 2886 2699
internal_value=-0.00229638 0.0753655 -0.0426809 -0.00227131 0.105127 0.124954 0.0741099 0.0836497
internal_weight=2121.19 725.675 1395.52 357.563 531.087 384.19 88.7189 172.716
internal_count=163284 32793 130491 28363 17082 13077 5761 7441
is_linear=0
shrinkage=0.0750466


Tree=6
num_leaves=9
num_cat=0
split_feature=52 28 22 18 4 22 151 25
split_gain=990.032 652.926 173.296 94.765 84.1224 31.6685 40.6772 29.6823
threshold=16685.650000000005 7437.8550000000005 6061.1650000000009 11352.675000000001 1.0000000180025095e-35 -5649.0549999999994 10.500000000000002 5340.5650000000014
decision_type=2 2 2 2 2 2 8 2
left_child=1 2 4 -3 5 -1 -7 -4
right_child=-2 3 7 -5 -6 6 -8 -9
leaf_value=0.15831967581471423 -0.065728730950352629 0.011920856439517005 0.044255449772393166 -0.048920160107694906 0.057739084986047538 0.1499495025036881 0.090546494837046798 -0.022338723694050287
leaf_weight=119.42762380558997 837.79125420656055 276.34071954060346 105.56883671972901 301.48921387642622 136.58449806831777 102.09117694571614 178.32377836573869 58.630298217758536
leaf_count=2217 84455 22273 6697 30746 3031 4423 4536 4906
internal_value=-0.00232026 0.0392322 0.0879376 -0.0198236 0.108587 0.125957 0.112173 0.0204768
internal_weight=2116.25 1278.46 700.626 577.83 536.427 399.843 280.415 164.199
internal_count=163284 78829 25810 53019 14207 11176 8959 11603
is_linear=0
shrinkage=0.0750466


Tree=7
num_leaves=9
num_cat=0
split_feature=107 22 107 107 22 153 135 22
split_gain=1275.91 141.49 95.1973 47.5948 39.7241 36.4113 30.6902 23.4078
threshold=38.500000000000007 -1.0000000180025095e-35 79.500000000000014 12.500000000000002 26219.395 1413.4650000000001 -1901.4999999999998 26219.395
decision_type=2 2 2 2 2 8 10 2
left_child=1 3 7 -1 6 -5 -3 -2
right_child=2 4 -4 5 -6 -7 -8 -9
leaf_value=0.13001022278678379 0.00074729919637410468 0.020356545854071449 -0.055772898381033796 0.10928932899858 -0.0067269763583105453 0.039341273380212108 0.079831797733091889 -0.03621757481980812
leaf_weight=244.12053134571761 260.02775814011693 79.542819493450224 1001.4109451221302 94.531804885715246 75.515008826740086 75.2977574467659 126.69199116528034 153.39927259180695
leaf_count=3688 18635 3110 104797 2820 5869 2593 6262 15510
internal_value=-0.00234819 0.080864 -0.043265 0.108786 0.0398413 0.0782763 0.0568928 -0.0129683
internal_weight=2110.54 695.7 1414.84 413.95 281.75 169.83 206.235 413.427
internal_count=163284 24342 138942 9101 15241 5413 9372 34145
is_linear=0
shrinkage=0.0750466


Tree=8
num_leaves=9
num_cat=0
split_feature=27 81 153 9 73 81 9 137
split_gain=659.787 192.251 59.3907 39.8191 37.5161 30.7188 32.2337 30.1158
threshold=2.5000000000000004 15997.960000000001 651.0150000000001 1579.095 1.0000000180025095e-35 48679.555000000008 1579.095 16998.050000000003
decision_type=2 2 10 2 2 2 2 10
left_child=1 3 -2 4 -1 6 -4 -8
right_child=2 -3 5 -5 -6 -7 7 -9
leaf_value=0.083052569311501317 0.0021574199880346847 -0.014822110363514761 -0.049397647446925069 0.080966912101725963 0.02672800529295279 -0.06045552080410959 0.030771403965092946 -0.029732659472383776
leaf_weight=97.929077743552625 166.75333640817553 225.33373802807182 326.59949044976383 387.08761630672961 208.19442468136549 462.11586624756455 64.540129395201802 164.23499365895987
leaf_count=3056 14974 16302 34871 7954 11839 53208 4974 16106
internal_value=-0.00233445 0.0453971 -0.0393568 0.0649718 0.0447463 -0.0461605 -0.0342659 -0.0126638
internal_weight=2102.79 918.545 1184.24 693.211 306.124 1017.49 555.375 228.775
internal_count=163284 39151 124133 22849 14895 109159 55951 21080
is_linear=0
shrinkage=0.0750466


Tree=9
num_leaves=9
num_cat=0
split_feature=52 138 32 29 22 22 32 96
split_gain=760.52 308.657 290.374 283.867 70.2584 65.5896 67.4649 32.9087
threshold=16685.650000000005 12094.745000000001 1.0000000180025095e-35 1.0000000180025095e-35 54211.545000000006 9727.2900000000027 1.0000000180025095e-35 1.0000000180025095e-35
decision_type=2 10 2 2 2 2 2 2
left_child=1 2 3 -1 7 6 -3 -5
right_child=-2 5 -4 4 -6 -7 -8 -9
leaf_value=0.15505016270226285 -0.064135322660529889 0.03382527300397168 -0.027528607725041832 0.041913487987958256 -0.015998989571781471 -0.042954926603077898 -0.06097583381651786 0.084364164824105387
leaf_weight=200.0038921572268 729.40869728056714 182.01370993396267 179.20695489738137 224.19971757289022 78.61412697378546 256.43006541766226 55.069219727534801 190.01950598694384
leaf_count=3886 84455 14310 5846 5705 6745 29278 5007 8052
internal_value=-0.00226716 0.0307796 0.0576202 0.0796446 0.0490431 -0.0166483 0.011805 0.0613874
internal_weight=2094.97 1365.56 872.044 692.837 492.833 493.513 237.083 414.219
internal_count=163284 78829 30234 24388 20502 48595 19317 13757
is_linear=0
shrinkage=0.0750466


Tree=10
num_leaves=9
num_cat=0
split_feature=111 25 153 12 81 137 74 116
split_gain=610.557 458.781 180.677 67.6641 40.82 29.5113 27.3412 25.0522
threshold=1.0000000180025095e-35 3329.2250000000004 651.0150000000001 6.5000000000000009 56108.485000000008 4483.3200000000006 1588.4450000000004 2777.4150000000004
decision_type=10 2 10 2 2 10 2 10
left_child=1 2 3 -1 7 6 -3 -4
right_child=-2 5 4 -5 -6 -7 -8 -9
leaf_value=0.064318614356258949 0.33978070929536158 -0.039940810095999042 0.011035367813736444 0.01980478512291808 -0.053644043211571041 -0.057782473945487661 0.024366480882493866 -0.035764821897342466
leaf_weight=425.22438260586932 28.981304937973619 166.21435207314789 229.24036504048854 351.13616611203179 118.86573801143095 629.61653224471956 47.985480841714889 89.59614902548492
leaf_count=9950 565 15928 17458 13606 13757 80549 2873 8598
internal_value=-0.00227618 -0.0070934 0.0224477 0.0441857 -0.0161093 -0.0495965 -0.0255346 -0.00211594
internal_weight=2086.86 2057.88 1214.06 776.361 437.702 843.816 214.2 318.837
internal_count=163284 162719 63369 23556 39813 99350 18801 26056
is_linear=0
shrinkage=0.0750466


Tree=11
num_leaves=9
num_cat=0
split_feature=11 85 116 27 113 81 85 11
split_gain=485.384 150.129 62.7086 43.0305 26.5801 22.8725 22.5216 26.1256
threshold=271.98500000000007 1.0000000180025095e-35 2777.4150000000004 1.5000000000000002 -1263.4999999999998 29325.005000000001 4750.6500000000005 665.45500000000015
decision_type=2 2 10 2 8 2 2 2
left_child=1 2 4 5 -1 -2 7 -5
right_child=3 -3 -4 6 -6 -7 -8 -9
leaf_value=0.030844757852589791 0.016455359552177466 -0.024902739983504688 -0.015355558141546802 -0.011356173680751088 0.061267317997307974 -0.039319521102564495 -0.060664562751562651 -0.049484659248429659
leaf_weight=226.379352345597 102.62942171469331 207.89086219295859 84.695113875903189 158.28300059400499 566.48630909295753 69.418551229871809 381.53336742753163 280.69896182324737
leaf_count=7250 7282 18228 5087 16846 14739 6542 52189 35121
internal_value=-0.00224345 0.0324401 0.0460244 -0.0401728 0.0525811 -0.0060489 -0.047328 -0.0357367
internal_weight=2078.01 1085.45 877.561 992.563 792.866 172.048 820.515 438.982
internal_count=163284 45304 27076 117980 21989 13824 104156 51967
is_linear=0
shrinkage=0.0750466


Tree=12
num_leaves=9
num_cat=0
split_feature=25 153 111 149 71 111 71 153
split_gain=436.857 133.486 39.5215 50.6136 38.1871 37.716 28.5984 23.8115
threshold=3329.2250000000004 651.0150000000001 1.0000000180025095e-35 636.50000000000011 1.0000000180025095e-35 1.0000000180025095e-35 1.0000000180025095e-35 1026.3750000000002
decision_type=2 10 8 10 2 8 2 10
left_child=1 2 3 -1 -2 -3 -5 -6
right_child=4 5 -4 6 7 -7 -8 -9
leaf_value=-0.0022964928678974456 -0.056339925350693314 -0.017547829877775697 0.061762778294800022 0.013576962425833391 0.013890267462332599 0.049582510761800466 0.061368243402280885 -0.039022655807250832
leaf_weight=187.89655127935112 577.83883202401921 380.82287932140753 338.62627356639132 102.31012918008491 78.51969293365255 53.793903088197112 226.94379227096215 122.82412724290043
leaf_count=5217 77635 36594 6028 5679 5986 3423 6864 15858
internal_value=-0.00216172 0.0246311 0.0418324 0.0287821 -0.0465329 -0.00923889 0.0465179 -0.0183878
internal_weight=2069.58 1290.39 855.777 517.15 779.183 434.617 329.254 201.344
internal_count=163284 63805 23788 17760 99479 40017 12543 21844
is_linear=0
shrinkage=0.0750466


Tree=13
num_leaves=9
num_cat=0
split_feature=133 138 33 56 116 72 33 81
split_gain=337.125 297.069 256.496 90.5422 75.4169 60.5465 35.7525 38.5658
threshold=1.0000000180025095e-35 6957.295000000001 17595.285000000003 280.34000000000003 123579.52 1708.4500000000003 27559.105000000007 48679.555000000008
decision_type=10 10 2 2 8 2 2 2
left_child=1 2 3 4 -1 -3 7 -7
right_child=-2 5 -4 -5 -6 6 -8 -9
leaf_value=0.032666921738313724 0.23139103465154429 -0.049264812458746803 -0.055989746786196413 -0.018301456052526231 0.084366974310514126 0.023479181567601586 -0.072298437220423881 -0.038022395225253039
leaf_weight=511.44748965464532 34.253491916693747 655.96350104780868 198.56849031988531 133.98097639903426 230.53793436614797 166.31148278247565 42.267493193969131 87.707111153751612
leaf_count=20891 604 89224 8239 10529 3995 13765 4619 11418
internal_value=-0.00208073 -0.0060265 0.0210206 0.0384777 0.0487303 -0.0365469 -0.00839004 0.00224402
internal_weight=2061.04 2026.78 1074.53 875.966 741.985 952.25 296.286 254.019
internal_count=163284 162680 43654 35415 24886 119026 29802 25183
is_linear=0
shrinkage=0.0750466


Tree=14
num_leaves=9
num_cat=0
split_feature=24 33 22 111 8 72 72 8
split_gain=345.261 264.53 179.789 99.5568 55.2732 52.7719 46.4351 42.2893
threshold=1.5000000000000002 17595.285000000003 6061.1650000000009 1.0000000180025095e-35 12961.865000000002 1624.8900000000001 1057.6200000000001 16678.810000000001
decision_type=2 2 2 8 2 2 2 2
left_child=1 2 3 4 5 -1 -2 -8
right_child=6 -3 -4 -5 -6 -7 7 -9
leaf_value=0.026470911552786025 -0.052245186307274594 -0.055086110406348483 -0.013898701192806135 0.092545135961010425 0.0047682852045957888 0.087017684423846609 0.038567283713383138 -0.037115833619258826
leaf_weight=170.99145126016811 585.81300085922703 211.60561204329133 289.43370851455256 266.81712135113776 196.54467538837343 154.17455403506756 67.10782202379778 109.31227882951498
leaf_count=8078 84329 11052 26485 3708 6725 4304 6593 12010
internal_value=-0.00203832 0.0216295 0.0366889 0.0552574 0.0361875 0.0551786 -0.0420802 -0.008327
internal_weight=2051.8 1289.57 1077.96 788.528 521.711 325.166 762.233 176.42
internal_count=163284 60352 49300 22815 19107 12382 102932 18603
is_linear=0
shrinkage=0.0750466


Tree=15
num_leaves=9
num_cat=0
split_feature=52 111 32 138 5 113 127 71
split_gain=484.518 234.526 160.615 109.451 65.4297 36.2926 26.2929 22.0022
threshold=16685.650000000005 1.0000000180025095e-35 1.0000000180025095e-35 21996.515000000003 39.500000000000007 -259.49999999999994 3462.5000000000005 1.0000000180025095e-35
decision_type=2 10 2 10 2 8 10 2
left_child=1 2 3 4 -1 -6 -5 -2
right_child=7 -3 -4 6 5 -7 -8 -9
leaf_value=0.071895889145192834 -0.063928176961410621 0.19508512985981122 -0.038857111135894115 0.0015091975446010352 0.01458784917307061 0.051935679330960299 -0.048593018379980375 0.0080763248078497205
leaf_weight=254.26259071473032 544.49936811672524 42.214365258812904 251.34738255478442 177.06822349969298 438.29421689966694 220.13777526374906 88.462725673336536 24.997851036023349
leaf_count=8425 81391 426 14901 19173 19759 4920 11225 3064
internal_value=-0.00199013 0.0207534 0.0156055 0.0272238 0.0395611 0.0270746 -0.0151826 -0.0607676
internal_weight=2041.28 1471.79 1429.57 1178.23 912.695 658.432 265.531 569.497
internal_count=163284 78829 78403 63502 33104 24679 30398 84455
is_linear=0
shrinkage=0.0750466


Tree=16
num_leaves=9
num_cat=0
split_feature=11 85 81 153 151 27 21 85
split_gain=282.435 89.2339 30.793 27.3669 20.7271 24.7018 15.515 15.4604
threshold=368.24500000000006 2404.6500000000005 35190.005000000012 475.06500000000005 2.5000000000000004 2.5000000000000004 1.0000000180025095e-35 20560.050000000003
decision_type=2 2 2 10 8 2 2 2
left_child=1 2 4 7 5 -1 -6 -2
right_child=3 -3 -4 -5 6 -7 -8 -9
leaf_value=0.066658872439018385 -0.0012974283970940831 -0.025283586277689542 -0.013469132589726132 -0.046886372763540997 0.051242207529364855 0.013851794670797085 0.021281205044280223 -0.04682085991753724
leaf_weight=171.89051386434585 143.16926675476134 208.40739709185436 90.47603668551892 554.22060727886856 115.57339342869818 70.289963734336197 617.08211601013318 59.467494088225067
leaf_count=4600 12997 22374 7325 86964 2017 4093 15621 7293
internal_value=-0.00194882 0.0196262 0.0284119 -0.0382575 0.0322989 0.0513323 0.0260074 -0.0146571
internal_weight=2030.58 1273.72 1065.31 756.857 974.836 242.18 732.656 202.637
internal_count=163284 56030 33656 107254 26331 8693 17638 20290
is_linear=0
shrinkage=0.0750466


Tree=17
num_leaves=9
num_cat=0
split_feature=51 33 50 12 8 7 149 153
split_gain=415.857 224.826 136.873 80.3694 112.875 49.7874 91.1488 40.3937
threshold=1.0000000180025095e-35 17595.285000000003 1.0000000180025095e-35 5.5000000000000009 14788.655000000001 1261.8700000000001 636.50000000000011 651.0150000000001
decision_type=2 2 2 2 2 2 10 8
left_child=1 2 3 -1 5 -5 -7 -6
right_child=-2 -3 -4 4 7 6 -8 -9
leaf_value=0.074888959006731787 -0.056572776532403529 -0.053430084842295882 -0.060681865103836649 0.030715824964096236 0.021106904702545448 0.0098528380258284098 0.1126135763386432 -0.027614263889438349
leaf_weight=258.16102287219837 564.1420548488386 205.60729344747961 85.039771282114089 309.90553273819387 189.5491517293267 73.715643689967692 142.76106591103598 193.85284975171089
leaf_count=3237 88339 12125 6658 19765 7725 1429 6066 17940
internal_value=-0.00185779 0.0193044 0.0312397 0.0379326 0.0274459 0.0500058 0.077621 -0.00352713
internal_weight=2022.73 1458.59 1252.99 1167.95 909.784 526.382 216.477 383.402
internal_count=163284 74945 62820 56162 52925 27260 7495 25665
is_linear=0
shrinkage=0.0750466


Tree=18
num_leaves=9
num_cat=0
split_feature=52 111 73 95 22 116 95 141
split_gain=368.895 156.821 95.0469 53.1872 37.7065 25.2752 14.3916 12.4098
threshold=16685.650000000005 1.0000000180025095e-35 9.5000000000000018 1.0000000180025095e-35 26219.395 2777.4150000000004 1.5000000000000002 1.7600000000000002
decision_type=2 10 2 2 2 10 2 8
left_child=1 2 3 4 5 7 -4 -1
right_child=-2 -3 6 -5 -6 -7 -8 -9
leaf_value=0.038691412005687452 -0.058337988923617419 0.14826264703075126 -0.034237783614903802 0.08229675066288003 -0.016417138421862161 -0.019008242125023465 0.031825792869087446 0.019850823726137251
leaf_weight=291.84548362949863 491.73704493464902 49.177347355522215 240.059747769963 74.491767444182187 164.27521450072527 76.314894347917289 20.128700091969222 605.19566310290247
leaf_count=12946 84455 426 26588 4186 16800 5029 2361 10493
internal_value=-0.00183082 0.016432 0.0120287 0.0208629 0.0168403 0.0224532 -0.029127 0.0259805
internal_weight=2013.23 1521.49 1472.31 1212.12 1137.63 973.356 260.188 897.041
internal_count=163284 78829 78403 49454 45268 28468 28949 23439
is_linear=0
shrinkage=0.0750466


Tree=19
num_leaves=9
num_cat=0
split_feature=51 55 31 98 17 140 0 55
split_gain=332.654 67.4456 51.6714 69.5987 27.9863 18.939 14.3085 14.7681
threshold=1.0000000180025095e-35 1.5000000000000002 539.49500000000012 1.0000000180025095e-35 3.5000000000000004 46702.920000000006 15842220.000000002 1.0000000180025095e-35
decision_type=2 2 2 2 2 8 2 2
left_child=1 2 3 5 -2 6 -1 -8
right_child=4 -3 -4 -5 -6 -7 7 -9
leaf_value=-0.0058093131184195745 -0.058044458220541759 -0.030670944377755166 -0.012750328348134622 0.09953294606521472 0.029718348377616326 0.014593601111812748 0.046252579342179544 0.0079424580529177998
leaf_weight=43.571512106340379 485.1247401512228 156.10280676418915 209.86938298773021 71.360958691686392 21.36503235436976 624.84138779202476 322.77745081298053 68.739662845153362
leaf_count=2820 84759 16610 19478 3012 3580 11619 16173 5233
internal_value=-0.00176869 0.0160158 0.0214498 0.0277944 -0.0543424 0.0229646 0.0349863 0.0395264
internal_weight=2003.75 1497.26 1341.16 1131.29 506.49 1059.93 435.089 391.517
internal_count=163284 74945 58335 38857 88339 35845 24226 21406
is_linear=0
shrinkage=0.0750466


Tree=20
num_leaves=9
num_cat=0
split_feature=51 56 94 30 98 137 27 137
split_gain=297.062 70.6542 56.4287 42.3244 56.1931 34.1421 19.9247 16.5352
threshold=1.0000000180025095e-35 4810.0000000000009 1.0000000180025095e-35 1.0000000180025095e-35 1.0000000180025095e-35 25456.255000000001 1.0000000180025095e-35 20863.215000000004
decision_type=2 2 2 2 2 8 2 8
left_child=1 2 3 4 -1 -4 -2 -5
right_child=6 -3 5 7 -6 -7 -8 -9
leaf_value=0.016401117786826791 -0.023901496569335913 -0.040387379970010059 0.10810331384637507 0.0042472149979445777 0.086456784827332128 0.02154918572420091 -0.061133911418151263 -0.039243940302896282
leaf_weight=1024.1511332304217 103.07425974775106 121.15320234186947 61.68732052994892 100.90258370665833 68.817951397504658 43.95671994285658 377.1161048412323 96.149355406407267
leaf_count=33687 11208 14341 2867 6984 2630 3111 77131 11325
internal_value=-0.00169912 0.0145865 0.0193586 0.0150403 0.0208121 0.0720896 -0.0531419 -0.0169738
internal_weight=1997.01 1516.82 1395.67 1290.02 1092.97 105.644 480.19 197.052
internal_count=163284 74945 60604 54626 36317 5978 88339 18309
is_linear=0
shrinkage=0.0750466


Tree=21
num_leaves=9
num_cat=0
split_feature=22 73 24 81 24 11 141 7
split_gain=180.599 62.6922 37.1659 22.3793 17.1432 16.8451 14.7517 21.5409
threshold=26219.395 8.5000000000000018 8.5000000000000018 42044.910000000011 4.5000000000000009 665.45500000000015 1.1700000000000002 1261.8700000000001
decision_type=2 2 2 2 2 2 8 2
left_child=1 2 3 6 5 -2 7 -1
right_child=4 -3 -4 -5 -6 -7 -8 -9
leaf_value=0.017737494296201823 -0.0024591748984828885 -0.026964917857852485 -0.03399932020618146 -0.012802587911206222 -0.053529125681680903 -0.041453554246348959 0.017832961526979756 0.053210699916273765
leaf_weight=186.62951983744279 102.33672924758866 202.73385879397392 73.01693650521338 100.15907067712396 256.22602866357192 159.84732432616875 709.38668003631756 199.43742566928267
leaf_count=10997 10413 23525 11208 10381 51393 24195 13534 7638
internal_value=-0.00163434 0.011786 0.0179786 0.0211529 -0.0397243 -0.0262331 0.0242575 0.0360625
internal_weight=1989.77 1471.36 1268.63 1195.61 518.41 262.184 1095.45 386.067
internal_count=163284 77283 53758 42550 86001 34608 32169 18635
is_linear=0
shrinkage=0.0750466


Tree=22
num_leaves=9
num_cat=0
split_feature=18 99 28 12 94 153 12 135
split_gain=161.8 105.353 43.311 42.0622 49.4452 19.3158 17.107 23.3875
threshold=13442.075000000003 1.0000000180025095e-35 1395.8750000000002 7.5000000000000009 1.0000000180025095e-35 3853.3050000000007 4.5000000000000009 -1689.4999999999998
decision_type=2 2 2 2 2 8 2 10
left_child=1 3 -2 4 6 -5 -1 -8
right_child=2 -3 -4 5 -6 -7 7 -9
leaf_value=0.035347228263138589 0.0051040923108183782 0.1120927852140355 -0.046166082086153012 -0.0053751268811826946 0.071505814545008414 -0.048544869236413477 -0.0057423289512149554 0.018871565095240937
leaf_weight=130.42370387399569 117.07526511140168 56.817502464400604 447.46781579568051 198.89041942940094 79.458632302004844 82.622867541154847 448.00489489757456 422.40017355722375
leaf_count=1658 12062 1887 87109 13167 3707 10342 13860 19492
internal_value=-0.00155347 0.011969 -0.0355336 0.00779164 0.0145245 -0.0180452 0.0100006 0.00620258
internal_weight=1983.16 1418.62 564.543 1361.8 1080.29 281.513 1000.83 870.405
internal_count=163284 64113 99171 62226 38717 23509 35010 33352
is_linear=0
shrinkage=0.0750466


Tree=23
num_leaves=9
num_cat=0
split_feature=32 28 111 56 8 7 8 127
split_gain=147.583 119.445 56.9162 56.825 43.3046 73.4651 24.8892 41.9312
threshold=1.0000000180025095e-35 2982.1750000000006 1.0000000180025095e-35 1.0000000180025095e-35 9683.5850000000009 1462.8150000000003 9683.5850000000009 610.50000000000011
decision_type=2 2 8 2 2 2 2 10
left_child=1 2 6 4 5 -3 7 -1
right_child=-2 3 -4 -5 -6 -7 -8 -9
leaf_value=-0.0032198731239791536 -0.045830192646862909 0.0061727591283220664 0.049952416644427358 -0.04016472943942636 -0.022280739102427689 0.1202280657500172 -0.0045358755842051859 0.056500755909697241
leaf_weight=128.2138104562182 348.18529849057086 195.46801015222445 351.38233775109984 291.41292824828997 209.2654220694676 37.987445719307289 277.33102248189971 136.92894660891034
leaf_count=4902 36096 22711 4820 51686 24660 2886 11397 4126
internal_value=-0.00148396 0.00800056 0.0264228 -0.0144298 0.00250981 0.0247316 0.0111818 0.0276219
internal_weight=1976.18 1627.99 893.856 734.134 442.721 233.455 542.474 265.143
internal_count=163284 127188 25245 101943 50257 25597 20425 9028
is_linear=0
shrinkage=0.0750466


Tree=24
num_leaves=9
num_cat=0
split_feature=51 50 133 138 96 113 138 27
split_gain=230.735 81.7354 67.2924 36.7041 21.4169 20.9876 18.1892 17.9058
threshold=1.0000000180025095e-35 1.0000000180025095e-35 1.0000000180025095e-35 21996.515000000003 1.0000000180025095e-35 -1536.4999999999998 5216.3500000000013 1.5000000000000002
decision_type=2 2 10 10 2 10 8 2
left_child=1 2 3 4 -1 -6 -7 -2
right_child=7 -3 -4 -5 5 6 -8 -9
leaf_value=0.009736397781154817 -0.026100940318644066 -0.060708407359705098 0.1016487162877979 -0.012860450084510604 0.012303053334464397 0.060047048159040939 0.022737981502088236 -0.060073529383681788
leaf_weight=647.93891524896026 122.68633175035939 82.23589509120211 50.110296424943954 251.10106881894171 212.73936472879723 162.79883345635608 134.31090568797663 303.60261989478022
leaf_count=13286 14783 7071 452 31520 7155 5604 9857 73556
internal_value=-0.00142985 0.0120861 0.0161891 0.0131495 0.0187906 0.030297 0.0431812 -0.0502962
internal_weight=1967.52 1541.24 1459 1408.89 1157.79 509.849 297.11 426.289
internal_count=163284 74945 67874 67422 35902 22616 15461 88339
is_linear=0
shrinkage=0.0750466


Tree=25
num_leaves=9
num_cat=0
split_feature=107 8 107 96 22 22 22 85
split_gain=191.309 37.576 34.1814 33.7763 25.4777 17.3354 13.0224 12.9458
threshold=66.500000000000014 11254.315000000002 22.500000000000004 1.0000000180025095e-35 54211.545000000006 -9370.4499999999989 -1525.53 27037.650000000005
decision_type=2 2 2 2 2 2 2 2
left_child=1 3 5 -1 7 -3 -5 -2
right_child=4 2 -4 6 -6 -7 -8 -9
leaf_value=0.012721972407150412 -0.014633937189008826 0.035055597326144605 -0.017938752990343462 0.070796092669660887 -0.053296067291273126 0.0033229670245491037 0.036208852478049988 -0.046880523804562181
leaf_weight=368.75809055170976 279.71426831651479 165.17379920650274 275.10899059684016 89.845110354013741 260.57558050914668 234.76675499486737 193.02522832527757 93.573443635134026
leaf_count=10019 39993 1466 17239 2294 58356 4742 11223 17952
internal_value=-0.0013727 0.0148314 0.00242245 0.0276864 -0.035288 0.0164284 0.0471944 -0.0227173
internal_weight=1960.54 1326.68 675.05 651.628 633.863 399.941 282.87 373.288
internal_count=163284 46983 23447 23536 116301 6208 13517 57945
is_linear=0
shrinkage=0.0750466


Tree=26
num_leaves=9
num_cat=0
split_feature=133 153 56 98 84 147 84 4
split_gain=122.839 93.1898 32.0466 30.9956 24.4189 18.0382 14.8725 14.4535
threshold=8.0000000000000018 651.0150000000001 1.0000000180025095e-35 1.0000000180025095e-35 3.5000000000000004 -25805.769999999997 2.5000000000000004 1.0000000180025095e-35
decision_type=10 10 2 2 2 10 2 2
left_child=1 3 6 4 5 7 -3 -1
right_child=-2 2 -4 -5 -6 -7 -8 -9
leaf_value=0.008681544916995269 0.15381907335601869 -0.0058892761729741712 -0.044718518792185816 0.0558985696420322 -0.032514319661946081 0.024674770945448302 -0.043251864026087217 -0.015833595217844977
leaf_weight=576.02673322148621 28.331843223422766 355.8060312627349 283.6112872408703 74.647176888305694 85.815580326830968 300.11963013629429 72.174000183586031 177.08472662838176
leaf_count=15101 244 38655 59349 3279 11371 16169 16650 2466
internal_value=-0.00130889 -0.0035917 -0.0251546 0.00905066 0.00598049 0.00911699 -0.0121901 0.00291712
internal_weight=1953.62 1925.29 711.591 1213.69 1139.05 1053.23 427.98 753.111
internal_count=163284 163040 114654 48386 45107 33736 55305 17567
is_linear=0
shrinkage=0.0750466


Tree=27
num_leaves=9
num_cat=0
split_feature=107 98 4 147 107 107 140 107
split_gain=155.593 40.7208 37.7022 12.1731 12.0858 9.45998 11.3832 9.52161
threshold=66.500000000000014 1.0000000180025095e-35 1.5000000000000002 -2974.2299999999996 103.50000000000001 45.500000000000007 3519.0050000000006 22.500000000000004
decision_type=2 2 2 10 2 2 10 2
left_child=1 2 3 5 -2 6 7 -1
right_child=4 -3 -4 -5 -6 -7 -8 -9
leaf_value=0.013672718013986533 -0.01895963346350036 0.063119590319269253 -0.04352313542558655 0.030774671594941769 -0.041085757471329268 -0.0081633823961506681 0.035795259824171866 -0.0068225914057586925
leaf_weight=600.38018573774025 218.76142191165127 85.237120062345639 71.196815948467702 178.36736600054428 381.49973130994476 145.94603757630102 103.88141148304567 162.13891942775808
leaf_count=8974 33340 2540 1315 6129 82961 14253 6303 7469
internal_value=-0.00124347 0.0129164 0.00952536 0.0126973 -0.033022 0.00951223 0.0124897 0.00931468
internal_weight=1947.41 1347.15 1261.91 1190.71 600.261 1012.35 866.401 762.519
internal_count=163284 46983 44443 43128 116301 36999 22746 16443
is_linear=0
shrinkage=0.0750466


Tree=28
num_leaves=9
num_cat=0
split_feature=107 4 107 29 96 131 74 127
split_gain=136.967 31.4441 26.4466 17.3056 15.6077 13.5988 13.8348 11.9314
threshold=85.500000000000014 1.5000000000000002 22.500000000000004 1.0000000180025095e-35 1.0000000180025095e-35 310.84500000000008 1588.4450000000004 2104.5000000000005
decision_type=2 2 2 2 2 10 2 8
left_child=1 2 3 -1 -5 6 -4 -8
right_child=-2 -3 5 4 -6 -7 7 -9
leaf_value=0.034360062740140432 -0.036942990175838679 -0.037633208606802755 -0.0068656603847690361 0.0008869734730610389 0.029970911685473844 -0.026191674360688429 0.039249981915194999 0.0060718125668536857
leaf_weight=340.14467153022997 460.19680529856123 74.357117976760492 262.18230741168372 275.73905683774501 166.76959645980969 89.276129537727684 92.152566908160225 180.83768831705675
leaf_count=3651 99379 1587 27127 4680 4244 8651 4659 9306
internal_value=-0.00118069 0.00992843 0.0124418 0.0216318 0.0118479 0.00092346 0.00544674 0.0172717
internal_weight=1941.66 1481.46 1407.1 782.653 442.509 624.449 535.173 272.99
internal_count=163284 63905 62318 12575 8924 49743 41092 13965
is_linear=0
shrinkage=0.0750466


Tree=29
num_leaves=9
num_cat=0
split_feature=52 50 8 95 107 153 135 153
split_gain=173.066 68.8639 47.5807 62.0777 36.237 30.25 29.7567 27.5931
threshold=16685.650000000005 1.0000000180025095e-35 11254.315000000002 1.0000000180025095e-35 22.500000000000004 475.06500000000005 -1628.4999999999998 3853.3050000000007
decision_type=2 2 2 2 2 8 10 10
left_child=1 2 3 6 -4 -6 -1 -8
right_child=-2 -3 4 -5 5 -7 7 -9
leaf_value=0.0051266993651671363 -0.050166696349046747 -0.059203877313646368 0.016287171987412533 0.095303769004922545 0.012105262088660569 -0.031120904508641349 0.048927160501798461 -0.0059300326911006212
leaf_weight=366.18714496260509 335.03265832038596 78.914342005969957 385.12790769105777 66.961930999066681 140.44981666468084 259.91057226061821 236.27680577547289 66.084465142339468
leaf_count=10419 84455 7500 5359 3275 7371 28069 9350 7486
internal_value=-0.00112035 0.00915029 0.0126967 0.0264137 -0.000147457 -0.0159568 0.0195136 0.0369375
internal_weight=1934.95 1599.91 1521 735.51 785.488 400.36 668.548 302.361
internal_count=163284 78829 71329 30530 40799 35440 27255 16836
is_linear=0
shrinkage=0.0750466


Tree=30
num_leaves=9
num_cat=0
split_feature=51 8 113 153 96 17 153 135
split_gain=150.256 63.1032 38.5466 35.4827 41.3538 35.3613 23.4614 20.6684
threshold=1.0000000180025095e-35 11254.315000000002 -2054.4999999999995 3853.3050000000007 1.0000000180025095e-35 3.5000000000000004 651.0150000000001 -1567.4999999999998
decision_type=2 2 8 8 2 2 10 10
left_child=1 2 -1 4 -4 -2 -3 -6
right_child=5 6 3 -5 7 -7 -8 -9
leaf_value=-0.034501416637700677 -0.050386579986370278 0.0025036149291853289 0.019365566481773025 0.0065010395914084458 0.035933469496746528 0.062962276281700633 -0.025610489821308167 0.083123717122975282
leaf_weight=56.926360370125622 338.63929054723121 604.02905268408358 220.83778111240827 239.42017717519775 84.198210327886045 16.244442457100376 231.14603016665205 137.8506707039196
leaf_count=2261 84759 15633 4913 12306 3488 3580 29998 6346
internal_value=-0.00108553 0.00885779 0.0248275 0.0297774 0.0423604 -0.0451982 -0.00527734 0.0652298
internal_weight=1929.29 1574.41 739.233 682.307 442.887 354.884 835.175 222.049
internal_count=163284 74945 29314 27053 14747 88339 45631 9834
is_linear=0
shrinkage=0.0750466


Tree=31
num_leaves=9
num_cat=0
split_feature=32 22 99 29 22 25 84 151
split_gain=114.019 100.095 48.4841 17.8228 16.8942 13.9947 13.4461 17.2596
threshold=1.0000000180025095e-35 26219.395 1.0000000180025095e-35 1.0000000180025095e-35 -5649.0549999999994 4305.3500000000013 2.5000000000000004 16.500000000000004
decision_type=2 2 2 2 2 2 2 8
left_child=1 2 3 4 -1 -3 7 -5
right_child=-2 5 -4 6 -6 -7 -8 -9
leaf_value=0.046308892680173873 -0.042520061863549667 -0.011580104165201706 0.085181295807437427 0.020475514813104143 0.013557137595006543 -0.040983920830864599 -0.024396489975881008 -0.0023551614147552017
leaf_weight=157.36703652259894 312.70347994728945 168.90007107029669 56.323191692354158 435.30513436510228 203.28564410889521 198.07074893545359 66.900743026519194 326.26399925397709
leaf_count=1328 36096 21727 1706 26160 4491 51527 12252 7997
internal_value=-0.00104724 0.00699577 0.0171454 0.0139229 0.027848 -0.0274507 0.00786094 0.0106946
internal_weight=1925.12 1612.42 1245.45 1189.12 360.653 366.971 828.47 761.569
internal_count=163284 127188 53934 52228 5819 73254 46409 34157
is_linear=0
shrinkage=0.0750466


Tree=32
num_leaves=9
num_cat=0
split_feature=133 11 99 4 8 9 11 147
split_gain=84.211 60.512 42.0361 26.1625 20.5502 51.4189 28.3969 16.8622
threshold=8.0000000000000018 665.45500000000015 1.0000000180025095e-35 1.5000000000000002 9683.5850000000009 1579.095 1.0000000180025095e-35 -12321.749999999998
decision_type=10 2 2 2 2 2 2 10
left_child=1 2 3 4 5 -1 -7 -8
right_child=-2 -3 -4 -5 -6 6 7 -9
leaf_value=-0.0041218250869596634 0.12156630284579209 -0.030678443401994018 0.065066473744481101 -0.043130302792954656 -0.0059383279430849133 0.0018851508896908674 0.037231412723848188 0.083979966787183932
leaf_weight=425.66289489087649 31.05872333003208 360.38624743605033 60.025486877653748 71.973095334134996 689.72945068730041 87.344592592911795 124.67638042755425 66.704388057347387
leaf_count=36347 244 80379 1992 1941 34182 1430 4984 1785
internal_value=-0.00100177 -0.00301969 0.00351182 0.000991616 0.00326947 0.0122856 0.0373427 0.0535253
internal_weight=1917.56 1886.5 1526.12 1466.09 1394.12 704.388 278.725 191.381
internal_count=163284 163040 82661 80669 78728 44546 8199 6769
is_linear=0
shrinkage=0.0750466


Tree=33
num_leaves=9
num_cat=0
split_feature=22 25 5 29 22 135 131 135
split_gain=70.5512 28.964 19.7274 15.6558 19.0072 15.3764 17.2334 11.5242
threshold=65850.970000000016 14700.440000000001 39.500000000000007 1.0000000180025095e-35 -9370.4499999999989 -1567.4999999999998 568.90500000000009 -805.49999999999989
decision_type=2 2 2 2 2 10 8 8
left_child=1 2 5 4 -4 -1 -7 -6
right_child=-2 -3 3 -5 7 6 -8 -9
leaf_value=0.011248965057710258 -0.036072038733622171 -0.027865216398085809 0.041263969655527678 -0.004225803306587235 0.025130265559462978 0.055669191801152505 -0.0019606402922747496 -0.0084896225979681616
leaf_weight=297.18296760949306 275.7479689985048 138.55936152115464 108.88530783215538 691.59092188905925 89.947866467526183 111.9551325943321 39.546728379093111 158.79602348199114
leaf_count=11913 64500 29950 1062 40041 3058 6044 3504 3212
internal_value=-0.000955466 0.00496176 0.00799832 0.00236634 0.0151144 0.0211683 0.040626 0.00366761
internal_weight=1912.21 1636.46 1497.9 1049.22 357.629 448.685 151.502 248.744
internal_count=163284 98784 68834 47373 7332 21461 9548 6270
is_linear=0
shrinkage=0.0750466


Tree=34
num_leaves=9
num_cat=0
split_feature=33 107 95 21 81 116 153 73
split_gain=148.373 63.5875 40.7322 31.6918 17.988 14.7241 12.1527 8.47436
threshold=17595.285000000003 85.500000000000014 1.5000000000000002 1.0000000180025095e-35 29325.005000000001 1077.6100000000004 475.06500000000005 2.5000000000000004
decision_type=2 2 2 2 2 10 10 2
left_child=1 2 3 -1 5 7 -3 -5
right_child=-2 6 -4 4 -6 -7 -8 -9
leaf_value=0.048503558697674309 -0.054398496665235697 0.0023007889119420343 0.070040737953151411 0.0067715209771275651 -0.017280376315824096 -0.016272681213882475 -0.03091774451822412 0.021358203426117068
leaf_weight=117.88641240959987 253.23696039197966 83.343998086638749 70.605607146862894 438.85865694656968 142.8084614132531 98.972943899221718 242.49054989544675 458.8406391358003
leaf_count=1788 31239 11830 2565 7867 17073 5924 66135 18863
internal_value=-0.000904343 0.00728688 0.014576 0.0114615 0.00762928 0.0111985 -0.0224209 0.0142272
internal_weight=1907.04 1653.81 1327.97 1257.37 1139.48 996.672 325.835 897.699
internal_count=163284 132045 54080 51515 49727 32654 77965 26730
is_linear=0
shrinkage=0.0750466


Tree=35
num_leaves=9
num_cat=0
split_feature=51 71 50 8 113 153 140 56
split_gain=111.164 58.2754 56.8533 30.207 23.2636 32.5067 21.118 18.508
threshold=1.0000000180025095e-35 1.0000000180025095e-35 1.0000000180025095e-35 9683.5850000000009 -1962.9999999999998 3853.3050000000007 953.55500000000018 6037.6250000000009
decision_type=2 2 2 2 8 8 10 2
left_child=2 -2 3 4 -1 6 -6 -5
right_child=1 -3 -4 7 5 -7 -8 -9
leaf_value=-0.016501812938706197 -0.050834989961914039 0.069586430440191513 -0.058458660546530282 0.0033865374319669295 0.027254373609747584 0.0033391964091304838 0.063915735755852091 -0.044863727760147333
leaf_weight=78.77728320332244 291.74177011358552 24.536333958851174 70.872587172780186 775.61659231828526 263.56728421454318 215.18992055999115 133.21733932080679 47.516633472638205
leaf_count=3317 84663 3676 7071 34323 4726 10687 7353 7468
internal_value=-0.00087052 -0.0414929 0.00723669 0.0103122 0.0218843 0.0268256 0.0395631 0.000601217
internal_weight=1901.04 316.278 1584.76 1513.89 690.752 611.975 396.785 823.133
internal_count=163284 88339 74945 67874 26083 22766 12079 41791
is_linear=0
shrinkage=0.0750466


Tree=36
num_leaves=9
num_cat=0
split_feature=111 18 31 153 72 104 18 96
split_gain=55.7978 42.9133 20.1463 14.6951 12.3258 12.2152 9.14004 8.16007
threshold=1.0000000180025095e-35 27674.390000000003 2558.5000000000005 475.06500000000005 1624.8900000000001 21172.650000000005 5971.0600000000004 1.0000000180025095e-35
decision_type=10 2 2 10 2 2 2 2
left_child=1 2 5 -3 -4 7 -7 -1
right_child=-2 3 4 -5 -6 6 -8 -9
leaf_value=0.00088972817010327294 0.067950674384176651 -0.0077379158368291508 -0.04124149000737537 -0.04347327021913449 -0.0014383450150491218 0.0016146231586956186 -0.051387482466152663 0.012799588201271268
leaf_weight=708.36082100938074 64.157554146600887 102.40363746648654 92.172797347418964 176.53437636047602 83.52154656406492 36.292481911485083 37.01110234321095 597.11174041533377
leaf_count=17914 565 16011 18119 57022 7920 4433 8342 32958
internal_value=-0.000842722 -0.00325005 0.00161357 -0.0303541 -0.0223199 0.00466336 -0.0251462 0.00633719
internal_weight=1897.57 1833.41 1554.47 278.938 175.694 1378.78 73.3036 1305.47
internal_count=163284 162719 89686 73033 26039 63647 12775 50872
is_linear=0
shrinkage=0.0750466


Tree=37
num_leaves=9
num_cat=0
split_feature=51 32 17 133 56 8 153 11
split_gain=93.684 78.6893 33.869 27.3626 27.5422 22.3047 19.7643 18.6661
threshold=1.0000000180025095e-35 1.5000000000000002 3.5000000000000004 1.0000000180025095e-35 8668.8100000000031 9683.5850000000009 651.0150000000001 1.0000000180025095e-35
decision_type=2 2 2 10 2 2 10 2
left_child=1 3 -2 4 5 7 -7 -1
right_child=2 -3 -4 -5 -6 6 -8 -9
leaf_value=-0.001697126670386979 -0.045378031674894334 -0.047904006299991642 0.067974828909281679 0.063232349003874005 -0.044343395873064718 0.0094957191102110847 -0.019697448291545131 0.028576557912944528
leaf_weight=149.02934870333411 282.34755355049856 137.22928430256434 15.669554312946273 55.477207175455987 51.547995132394135 529.46634505921975 173.38162275031209 498.0327306217514
leaf_count=2207 84759 7442 3580 360 8940 12552 22463 20981
internal_value=-0.000796596 0.00642339 -0.039418 0.0115405 0.00949427 0.0115501 0.00229422 0.021604
internal_weight=1892.18 1594.16 298.017 1456.94 1401.46 1349.91 702.848 647.062
internal_count=163284 74945 88339 67503 67143 58203 35015 23188
is_linear=0
shrinkage=0.0750466


Tree=38
num_leaves=9
num_cat=0
split_feature=33 133 107 95 147 55 111 111
split_gain=123.48 48.2022 38.8795 21.9199 14.3968 14.257 13.0323 12.2807
threshold=27559.105000000007 8.0000000000000018 59.500000000000007 1.5000000000000002 -41886.234999999993 1.5000000000000002 1.0000000180025095e-35 1.0000000180025095e-35
decision_type=2 10 2 2 10 2 8 8
left_child=1 2 7 5 -5 6 -4 -1
right_child=-2 -3 3 4 -6 -7 -8 -9
leaf_value=0.0061540366737173812 -0.054488562575344922 0.099423519866006504 -0.0170145287629208 -0.017026676299098847 0.077408473086067089 -0.04298326981073821 0.030486125437681935 0.022410727726586116
leaf_weight=806.22641343250871 213.69047081435565 30.596386736258864 265.40470054454636 15.049736769753506 22.967215546988882 107.75027932575904 37.074009888223372 387.49552732193843
leaf_count=30042 28835 180 59512 2646 4215 29114 3633 5107
internal_value=-0.000769474 0.00609379 0.00435469 -0.0144906 0.0400245 -0.0195426 -0.0111925 0.0114311
internal_weight=1886.25 1672.56 1641.97 448.246 38.017 410.229 302.479 1193.72
internal_count=163284 134449 134269 99120 6861 92259 63145 35149
is_linear=0
shrinkage=0.0750466


Tree=39
num_leaves=9
num_cat=0
split_feature=52 32 50 99 94 7 51 74
split_gain=89.1462 66.6273 54.2368 34.0691 24.2873 15.9925 13.0204 13.863
threshold=65522.015000000007 1.5000000000000002 1.0000000180025095e-35 1.0000000180025095e-35 1.0000000180025095e-35 1655.0800000000002 1.0000000180025095e-35 513.96500000000015
decision_type=2 2 2 2 2 2 2 2
left_child=1 2 3 4 5 6 7 -1
right_child=-2 -3 -4 -5 -6 -7 -8 -9
leaf_value=0.01248135940058733 -0.050857033405843244 -0.045890486069787031 -0.05586953696709835 0.062989515056410983 0.041574109512761158 0.014563945759992139 -0.034722800510228191 -0.010943894151960096
leaf_weight=302.69767976878211 180.66691515676212 135.49791971244849 69.433853274211287 70.27846861735452 121.35014589421917 668.77437901136 62.062459977576509 268.48009643587284
leaf_count=10750 66939 9863 7782 2712 6920 29562 12874 15882
internal_value=-0.000739012 0.00459173 0.00896787 0.0119819 0.00946342 0.00647064 -0.00207681 0.0014704
internal_weight=1879.24 1698.58 1563.08 1493.64 1423.36 1302.01 633.24 571.178
internal_count=163284 96345 86482 78700 75988 69068 39506 26632
is_linear=0
shrinkage=0.0750466


Tree=40
num_leaves=9
num_cat=0
split_feature=32 133 56 20 16 127 115 97
split_gain=62.0973 40.2086 31.647 18.2335 17.7977 13.372 12.9774 11.2356
threshold=1.0000000180025095e-35 8.0000000000000018 4810.0000000000009 109749.33500000001 -14461.189999999999 145.50000000000003 8179.2300000000005 36.500000000000007
decision_type=2 10 2 2 2 8 10 2
left_child=1 2 3 4 -1 -6 7 -7
right_child=-2 -3 -4 -5 5 6 -8 -9
leaf_value=0.031428467772333234 -0.034864577840846504 0.089309359996363358 -0.035798667452045838 -0.034454549746456301 -0.034775271564999613 0.0052990275959313412 -0.019726885523870936 0.026018885314968206
leaf_weight=158.21024287410546 258.51722632057499 31.061929336283356 109.68196961539797 60.228533090557903 46.493982998421416 935.177032553358 99.497259773896076 174.9738199551357
leaf_count=3634 36096 175 26253 12400 3541 43262 14937 22986
internal_value=-0.000714971 0.00475035 0.00309244 0.00598523 0.00770731 0.00471964 0.00623767 0.00856474
internal_weight=1873.84 1615.32 1584.26 1474.58 1414.35 1256.14 1209.65 1110.15
internal_count=163284 127188 127013 100760 88360 84726 81185 66248
is_linear=0
shrinkage=0.0750466


Tree=41
num_leaves=9
num_cat=0
split_feature=99 24 115 127 10 82 20 10
split_gain=36.5295 31.7979 14.9243 10.0414 8.28053 8.33786 12.1322 10.1832
threshold=1.5000000000000002 8.5000000000000018 2964.0000000000005 145.50000000000003 -3005.3049999999998 1.0000000180025095e-35 203.56500000000003 -1444.4349999999997
decision_type=2 2 10 8 2 2 2 2
left_child=1 2 3 -1 -5 6 -6 -7
right_child=-2 -3 -4 4 5 7 -8 -9
leaf_value=-0.032012157138761731 0.063115923367133106 -0.032482630752964953 -0.018666832974764746 -0.023860322620143613 0.0059706718519083098 -0.025910827844492314 -0.018174620098833593 0.024519285937765197
leaf_weight=43.516216725111008 49.217315518530086 178.54434995469637 194.19250248349272 55.332243997137994 987.03738082235213 25.391474029049277 132.9947262754431 201.57955874840263
leaf_count=2832 1984 56345 30266 7892 28135 5380 7807 22643
internal_value=-0.000680277 -0.00240682 0.000867396 0.00349104 0.00459275 0.00576155 0.00310361 0.0188776
internal_weight=1867.81 1818.59 1640.04 1445.85 1402.34 1347 1120.03 226.971
internal_count=163284 161300 104955 74689 71857 63965 35942 28023
is_linear=0
shrinkage=0.0750466


Tree=42
num_leaves=9
num_cat=0
split_feature=32 29 8 71 5 147 27 32
split_gain=54.674 25.8505 29.5601 25.1695 18.9285 13.9509 11.6338 18.4116
threshold=1.0000000180025095e-35 1.0000000180025095e-35 16678.810000000001 1.0000000180025095e-35 40.500000000000007 -41886.234999999993 4.5000000000000009 1.5000000000000002
decision_type=2 2 2 2 2 10 2 2
left_child=1 -1 3 -3 5 -5 7 -2
right_child=6 2 -4 4 -6 -7 -8 -9
leaf_value=0.019508997345307245 0.0093880894845868642 -0.0082809458598988982 -0.019549674650783562 0.015624441683607519 0.007269148342268477 0.061438809746261695 -0.058239668677822383 -0.041135930399529369
leaf_weight=457.72820073529147 63.77817928546574 359.9847533114953 356.0901713881176 70.146397900301963 290.18424454634078 80.269007373834029 74.155939340125769 111.88041875965428
leaf_count=10072 4932 51740 47306 1910 12624 3536 24768 6396
internal_value=-0.000642622 0.00441301 -0.00156089 0.00644031 0.0184681 0.0400732 -0.0333142 -0.0227917
internal_weight=1864.22 1614.4 1156.67 800.584 440.6 150.415 249.815 175.659
internal_count=163284 127188 117116 69810 18070 5446 36096 11328
is_linear=0
shrinkage=0.0750466


Tree=43
num_leaves=9
num_cat=0
split_feature=52 95 8 5 31 5 5 113
split_gain=73.1829 22.208 18.0051 15.1526 17.097 12.0827 9.89368 8.15056
threshold=65522.015000000007 1.0000000180025095e-35 20804.765000000003 39.500000000000007 539.49500000000012 61.500000000000007 67.500000000000014 -1079.9999999999998
decision_type=2 2 2 2 2 2 2 10
left_child=1 3 7 -1 5 -5 -7 -3
right_child=-2 2 -4 4 -6 6 -8 -9
leaf_value=0.012916977191516694 -0.048419524971998695 0.030446712029395889 -0.013393629966228214 -0.0051550393016648261 -0.0272254130886115 0.029466791786411574 0.00085690762889115927 0.071995210839941606
leaf_weight=452.09779238281772 164.41081079549622 67.297645167447627 37.287619311013259 671.25200117693748 147.02817825321108 121.95609067706391 154.08271914080251 43.961761426180601
leaf_count=23657 66939 3232 3338 29621 21223 5651 6921 2702
internal_value=-0.000615201 0.0040218 0.0317382 0.0013594 -0.00341541 0.000280124 0.013497 0.0468637
internal_weight=1859.37 1694.96 148.547 1546.42 1094.32 947.291 276.039 111.259
internal_count=163284 96345 9272 87073 63416 42193 12572 5934
is_linear=0
shrinkage=0.0750466


Tree=44
num_leaves=9
num_cat=0
split_feature=107 95 4 133 104 85 95 24
split_gain=34.7351 19.4744 18.0595 9.43035 8.55552 8.384 6.85513 9.29587
threshold=85.500000000000014 2.5000000000000004 1.5000000000000002 1.0000000180025095e-35 35229.000000000007 17067.150000000005 1.0000000180025095e-35 8.5000000000000018
decision_type=2 2 2 8 2 2 2 2
left_child=1 2 3 5 6 -1 7 -2
right_child=4 -3 -4 -5 -6 -7 -8 -9
leaf_value=0.0023229558424434447 -0.0092972047537346076 0.044233094141363782 -0.036532137879401239 0.01461694058346316 -0.048579010932261246 -0.025292179804201325 0.012182750806811323 -0.039495401453232284
leaf_weight=963.29833156184759 139.0057028097799 65.564920382923447 64.078913913923316 362.91857843357138 58.433908385923132 66.17151528026443 39.009612858179025 97.803982453770004
leaf_count=43044 33519 2363 1529 4952 21788 12017 8805 35267
internal_value=-0.000587492 0.00422332 0.00242223 0.00421494 -0.0224937 0.00054793 -0.0169674 -0.0217693
internal_weight=1856.29 1522.03 1456.47 1392.39 334.253 1029.47 275.819 236.81
internal_count=163284 63905 61542 60013 99379 55061 77591 68786
is_linear=0
shrinkage=0.0750466


Tree=45
num_leaves=9
num_cat=0
split_feature=51 17 8 113 96 99 137 28
split_gain=52.59 32.97 23.1922 23.7092 24.8342 22.7468 11.5705 10.8971
threshold=1.0000000180025095e-35 3.5000000000000004 14788.655000000001 -2054.4999999999995 1.0000000180025095e-35 1.0000000180025095e-35 31032.320000000003 13327.210000000001
decision_type=2 2 2 8 2 2 10 2
left_child=2 7 3 -1 -5 -4 -6 -2
right_child=1 -3 5 4 6 -7 -8 -9
leaf_value=-0.032849851602631139 -0.024894420540504992 0.075929414345399251 -0.0096133573747851468 0.0028279096217821115 0.033735109830566275 0.047967839781063157 0.00021246910635996176 -0.057374674854835828
leaf_weight=61.51662958227098 130.35521787567995 14.843382328050209 635.81022181524895 438.10976561135612 356.39169996092096 41.13853463344276 69.256576480460353 105.06028121022973
leaf_count=2557 32278 3580 38974 9313 13276 1956 8869 52481
internal_value=-0.000555504 -0.0325498 0.00444183 0.0121648 0.0153707 -0.00611412 0.0282807 -0.0393896
internal_weight=1852.48 250.259 1602.22 925.275 863.758 676.949 425.648 235.415
internal_count=163284 88339 74945 34015 31458 40930 22145 84759
is_linear=0
shrinkage=0.0750466


Tree=46
num_leaves=9
num_cat=0
split_feature=107 39 21 153 25 96 7 57
split_gain=27.9353 15.9602 14.421 9.75778 9.54192 8.12679 8.12094 7.25675
threshold=85.500000000000014 1.0000000180025095e-35 1.0000000180025095e-35 1612.8750000000002 26525.745000000006 1.0000000180025095e-35 1.0000000180025095e-35 1.5000000000000002
decision_type=2 2 2 10 2 2 2 2
left_child=1 2 -1 4 5 -2 7 -4
right_child=3 -3 6 -5 -6 -7 -8 -9
leaf_value=0.025594168631037587 -0.033081368821459976 -0.035455012811210912 -0.021420586781911395 -0.031621097119126154 -0.034115175625145856 0.020707158767549121 0.0049589578694206951 0.010549853505596611
leaf_weight=172.50059175072238 20.386908603832126 56.450194715871476 133.18059484858532 188.31379360985011 43.374602722469717 70.617544623441063 1107.9082694888348 57.142140717478469
leaf_count=3650 3925 5615 7577 68554 13360 13540 42506 4557
internal_value=-0.00053457 0.00370465 0.00520769 -0.0205972 -0.00514865 0.0086574 0.00249887 -0.0118218
internal_weight=1849.87 1527.18 1470.73 322.693 134.379 91.0045 1298.23 190.323
internal_count=163284 63905 58290 99379 30825 17465 54640 12134
is_linear=0
shrinkage=0.0750466


Tree=47
num_leaves=9
num_cat=0
split_feature=52 32 95 10 11 133 95 72
split_gain=55.2882 46.9675 17.035 15.7825 11.445 9.67608 7.74096 9.1625
threshold=65522.015000000007 1.5000000000000002 4.5000000000000009 -386.05499999999995 1.0000000180025095e-35 8.0000000000000018 1.5000000000000002 3398.6200000000003
decision_type=2 2 2 2 2 8 2 2
left_child=1 2 3 5 -5 6 7 -1
right_child=-2 -3 -4 4 -6 -7 -8 -9
leaf_value=-0.017184115391665977 -0.044904774184872306 -0.041742755316819778 0.053968881504025908 -0.0044013296904310863 0.013676475398977303 0.038086794160506109 0.032105389317311474 0.035346879389485053
leaf_weight=308.2274248288013 145.51116071385331 121.13646524574142 41.88076120079495 251.63005654630251 912.42383284878451 24.058369056438096 21.879741338198073 19.907918191864155
leaf_count=40065 66939 9863 2270 2862 35829 375 2090 2991
internal_value=-0.00050545 0.00329234 0.00674511 0.00545928 0.00976865 -0.00795076 -0.0111152 -0.0139971
internal_weight=1846.66 1701.14 1580.01 1538.13 1164.05 374.073 350.015 328.135
internal_count=163284 96345 86482 84212 38691 45521 45146 43056
is_linear=0
shrinkage=0.0750466


Tree=48
num_leaves=9
num_cat=0
split_feature=33 51 5 107 18 111 137 120
split_gain=83.1367 34.3224 30.4259 26.1429 19.2232 13.6658 12.4348 11.3685
threshold=27559.105000000007 1.0000000180025095e-35 39.500000000000007 45.500000000000007 1.0000000180025095e-35 1.0000000180025095e-35 60464.195000000007 182988.00000000003
decision_type=2 2 2 2 2 8 8 10
left_child=1 2 4 -3 -1 6 -4 -6
right_child=-2 3 5 -5 7 -7 -8 -9
leaf_value=0.0081522851936769829 -0.049422745700497227 0.022999306021764504 -0.0007975093923817206 -0.040400721030805185 0.028999766575869512 0.014566569593916326 -0.034006287033189711 0.064939341671920225
leaf_weight=196.63089850498363 176.7644505193457 48.661181472474709 647.87010965414811 148.15203347639181 161.87758020649198 321.33330666006077 70.404005210381001 71.449006077717058
leaf_count=2219 28835 5911 35393 64757 7172 5270 8442 5285
internal_value=-0.00048577 0.00470532 0.00864686 -0.0247253 0.025438 0.00170243 -0.00405258 0.0400051
internal_weight=1843.14 1666.38 1469.56 196.813 429.957 1039.61 718.274 233.327
internal_count=163284 134449 63781 70668 14676 49105 43835 12457
is_linear=0
shrinkage=0.0750466


Tree=49
num_leaves=9
num_cat=0
split_feature=55 30 11 11 134 113 113 7
split_gain=18.6039 10.7383 8.63988 11.4737 12.083 11.3701 9.39121 8.55319
threshold=1.5000000000000002 1.0000000180025095e-35 18.395000000000003 823.92000000000019 529449.63500000013 -713.99999999999989 -1263.4999999999998 1655.0800000000002
decision_type=2 2 2 2 8 10 10 2
left_child=1 2 6 7 -5 -6 -1 -4
right_child=-2 -3 3 4 5 -7 -8 -9
leaf_value=-0.0082743555639660463 -0.024885135074412264 -0.012729499015211559 0.0051120872581872992 -0.025324180036463535 0.069971212791912832 -0.025656572540079147 0.011592857601272375 0.021914488479100172
leaf_weight=440.34659723110963 160.48845276387874 243.02893966669217 352.09951361024287 91.065310567733832 16.920430121361282 11.946747403475454 192.61615288129542 331.0552255915245
leaf_count=5967 41099 43653 30307 21135 2272 3344 2815 12692
internal_value=-0.00047396 0.00185929 0.00432821 0.00949604 -0.0119127 0.0303954 -0.00222859 0.0132545
internal_weight=1839.57 1679.08 1436.05 803.087 119.932 28.8672 632.963 683.155
internal_count=163284 122185 78532 69750 26751 5616 8782 42999
is_linear=0
shrinkage=0.0750466


Tree=50
num_leaves=9
num_cat=0
split_feature=73 95 72 137 20 16 95 58
split_gain=17.7182 12.8918 13.3895 12.8969 10.8028 14.0503 12.8166 8.88603
threshold=9.5000000000000018 4.5000000000000009 1708.4500000000003 106262.51500000001 203.56500000000003 -14461.189999999999 1.0000000180025095e-35 1899.3750000000002
decision_type=2 2 2 8 2 2 2 2
left_child=4 2 -2 7 5 -1 -7 -4
right_child=1 -3 3 -5 -6 6 -8 -9
leaf_value=0.02444097184366472 -0.041079052662846657 0.058883175062101202 0.027848064846014559 -0.066532213511947796 -0.012178872597378189 -0.00042335184487352371 0.027076598292188031 -0.015978569298886944
leaf_weight=182.5478023821488 115.79698191699572 11.39976960851345 48.621834696386941 16.764388718060218 240.67579151713289 1061.1457135304809 104.88249813660514 56.137861603870988
leaf_count=4802 40282 1984 4521 2359 34061 59408 5997 9870
internal_value=-0.000447676 -0.0190733 -0.022818 -0.00541745 0.00246727 0.00508111 0.00205023 0.00436257
internal_weight=1837.97 248.721 237.321 121.524 1589.25 1348.58 1166.03 104.76
internal_count=163284 59016 57032 16750 104268 70207 65405 14391
is_linear=0
shrinkage=0.0750466


Tree=51
num_leaves=9
num_cat=0
split_feature=50 99 17 22 149 8 7 94
split_gain=39.4814 29.3475 20.4542 19.1438 10.7935 15.0529 35.3033 10.9476
threshold=1.0000000180025095e-35 1.5000000000000002 3.5000000000000004 65850.970000000016 636.50000000000011 9683.5850000000009 1261.8700000000001 1.0000000180025095e-35
decision_type=2 2 2 2 10 2 2 2
left_child=1 2 3 4 -1 6 7 -6
right_child=-2 -3 -4 -5 5 -7 -8 -9
leaf_value=-0.0064794499602504113 -0.055378061124450026 0.059397483359677671 0.045195319113771691 -0.024837590669519533 -0.0045563846493147262 -0.0032168421506450031 0.045548028454877772 0.03641609707849125
leaf_weight=587.8976862175623 70.790913944714703 48.422112603671849 54.965476564946584 174.67848462681286 257.89358497760259 444.44686262973119 153.10937736171763 42.827195588848554
leaf_count=21096 11035 1682 6190 54027 26481 34690 4781 3302
internal_value=-0.000424584 0.00178045 0.000154438 -0.00133618 0.00142608 0.00660003 0.0162139 0.00127872
internal_weight=1835.03 1764.24 1715.82 1660.85 1486.17 898.277 453.83 300.721
internal_count=163284 152249 150567 144377 90350 69254 34564 29783
is_linear=0
shrinkage=0.0750466


Tree=52
num_leaves=9
num_cat=0
split_feature=111 12 99 95 24 80 12 80
split_gain=22.3906 19.4584 18.678 9.52836 13.2157 10.9744 7.70737 7.45221
threshold=1.0000000180025095e-35 8.5000000000000018 1.5000000000000002 1.0000000180025095e-35 8.5000000000000018 1.0000000180025095e-35 6.5000000000000009 2.5000000000000004
decision_type=10 2 2 2 2 2 2 2
left_child=1 2 3 4 7 -5 -7 -1
right_child=-2 -3 -4 5 -6 6 -8 -9
leaf_value=-0.0025184763125579057 0.042469125658703456 -0.027902892192749416 0.051625097270625933 -0.0074750731146276906 -0.028399060857566272 0.061453546245769215 0.014604101988262031 0.01627193898707532
leaf_weight=1206.2390325054293 66.114423051243648 149.65507780702319 39.09300226601772 55.439020353602245 104.3243181007565 36.405331548419781 43.298540640273131 131.86525387817528
leaf_count=54393 565 36649 1335 2471 37755 2473 6442 21201
internal_value=-0.00040904 -0.002014 0.000382546 -0.00088727 -0.0026725 0.0181672 0.0360029 -0.00066675
internal_weight=1832.43 1766.32 1616.66 1577.57 1442.43 135.143 79.7039 1338.1
internal_count=163284 162719 126070 124735 113349 11386 8915 75594
is_linear=0
shrinkage=0.0750466


Tree=53
num_leaves=9
num_cat=0
split_feature=56 21 111 12 4 147 11 5
split_gain=19.2369 17.3387 14.1742 11.879 9.89917 8.51127 7.18122 11.8836
threshold=8668.8100000000031 1.0000000180025095e-35 1.0000000180025095e-35 8.5000000000000018 1.5000000000000002 -4623.8949999999995 1.0000000180025095e-35 32.500000000000007
decision_type=2 2 10 2 2 10 2 2
left_child=1 -1 3 4 6 -5 -3 -8
right_child=-2 2 -4 5 -6 -7 7 -9
leaf_value=0.022707146161198774 -0.040890415532593663 -0.011323774782574009 0.036237634452569868 -0.034950233631522491 -0.033605303488707571 0.010929580275535287 0.023649767041050176 4.518562774380039e-05
leaf_weight=186.61149556317832 63.742674453067593 240.87828966008965 54.181093659135513 100.34336684877053 49.95631767087616 29.457979876257014 137.16237749048742 966.77795670926571
leaf_count=5441 20045 5362 447 27242 1434 2917 15148 85248
internal_value=-0.00038796 0.00107447 -0.00148254 -0.00282306 -0.000802213 -0.024538 0.000416332 0.00297801
internal_weight=1829.11 1765.37 1578.76 1524.58 1394.77 129.801 1344.82 1103.94
internal_count=163284 143239 137798 137351 107192 30159 105758 100396
is_linear=0
shrinkage=0.0750466


Tree=54
num_leaves=9
num_cat=0
split_feature=33 39 94 83 131 107 149 149
split_gain=74.0158 17.7231 11.3217 14.3673 9.801 12.1522 10.2607 9.19414
threshold=27559.105000000007 82168.650000000009 1.0000000180025095e-35 2582.5950000000007 392.95500000000004 12.500000000000002 489.50000000000006 4024.5000000000005
decision_type=2 2 2 2 10 2 8 8
left_child=1 2 4 -4 6 -6 -1 -5
right_child=-2 -3 3 7 5 -7 -8 -9
leaf_value=-0.011742106870462695 -0.047890706733121652 -0.032669209048948843 0.010883313634160197 0.03689317270995205 0.054325993402965025 -0.022181363005941462 0.0085307244583885718 0.10966492367178074
leaf_weight=160.33551060350146 167.63745667395415 69.466598416154739 105.39670137048233 27.933763847104274 12.901040810625998 124.82478996086866 1142.7726169854286 15.043897401192224
leaf_count=9787 28835 15632 4262 3999 154 26101 72131 2383
internal_value=-0.000368063 0.00443491 0.00605679 0.0257957 0.00402411 -0.0150148 0.00603634 0.0623662
internal_weight=1826.31 1658.67 1589.21 148.374 1440.83 137.726 1303.11 42.9777
internal_count=163284 134449 118817 10644 108173 26255 81918 6382
is_linear=0
shrinkage=0.0750466


Tree=55
num_leaves=9
num_cat=0
split_feature=33 10 25 96 10 138 74 60
split_gain=66.1965 17.3122 13.9399 12.3046 15.3324 9.81291 7.69387 6.3603
threshold=27559.105000000007 1.0000000180025095e-35 29094.785000000003 1.0000000180025095e-35 567.17500000000007 19815.575000000004 1660.8950000000002 1.0000000180025095e-35
decision_type=2 2 2 2 2 10 2 2
left_child=1 2 7 4 -3 6 -5 -1
right_child=-2 3 -4 5 -6 -7 -8 -9
leaf_value=0.0015954993828229409 -0.04642339852779534 -0.0035343221849485932 -0.036657703227265283 0.018176205339305102 0.026444601636789907 -0.0094244490712719915 0.043889350727793097 -0.021370026463571085
leaf_weight=724.59637081268011 160.24588516319636 354.70475807733601 65.14959078899119 155.30772326898295 131.77676459564827 43.420124186610337 113.38647599541582 74.942844726727344
leaf_count=68193 28835 6576 26998 6951 2677 7224 2557 13273
internal_value=-0.000357293 0.00408086 -0.0032771 0.0120478 0.00458629 0.0236777 0.0290269 -0.000557118
internal_weight=1823.53 1663.28 864.689 798.596 486.482 312.114 268.694 799.539
internal_count=163284 134449 108464 25985 9253 16732 9508 81466
is_linear=0
shrinkage=0.0750466


Tree=56
num_leaves=9
num_cat=0
split_feature=50 71 99 29 22 13 8 12
split_gain=35.1431 23.2362 23.8232 21.6169 12.3258 8.88971 8.60976 22.1711
threshold=1.0000000180025095e-35 1.5000000000000002 1.0000000180025095e-35 1.0000000180025095e-35 111795.30500000001 1.5000000000000002 9683.5850000000009 4.5000000000000009
decision_type=2 2 2 2 2 2 2 2
left_child=1 2 4 -4 5 6 -1 -8
right_child=-2 -3 3 -5 -6 -7 7 -9
leaf_value=0.0070476425512495059 -0.053913263002914789 0.068088874012627087 0.077858890241699064 0.0013003422554007029 -0.024351277860507389 -0.034276994628170777 0.03343437362434943 -0.0089095847781596425
leaf_weight=745.77477306505898 66.456016112933867 29.18438053142745 41.74608040304156 41.342026817728765 122.22179001761833 40.476897125598043 77.928804401541129 654.83545164694078
leaf_count=54732 11035 1572 613 3976 40719 814 867 48956
internal_value=-0.000345175 0.00168499 0.000561102 0.0397658 -0.00142365 0.000421139 0.00137104 -0.00440634
internal_weight=1819.97 1753.51 1724.33 83.0881 1641.24 1519.02 1478.54 732.764
internal_count=163284 152249 150677 4589 146088 105369 104555 49823
is_linear=0
shrinkage=0.0750466


Tree=57
num_leaves=9
num_cat=0
split_feature=32 108 71 72 5 11 72 24
split_gain=28.0575 23.368 17.7877 13.5327 16.5487 22.6819 11.3748 10.7969
threshold=1.5000000000000002 1.0000000180025095e-35 1.5000000000000002 1708.4500000000003 43.500000000000007 18.395000000000003 2333.3600000000006 8.5000000000000018
decision_type=2 2 2 2 2 2 2 2
left_child=1 2 3 7 5 -5 -7 -1
right_child=-2 -3 -4 4 -6 6 -8 -9
leaf_value=-0.0041505639773644579 -0.035733925895201725 0.071891252485778809 0.058634974739242285 -0.00093697641477179477 -0.0021946155444183134 0.025606377931754323 0.067586921612956138 -0.031606875813804815
leaf_weight=641.62987131311093 117.89174587937305 26.61671408766415 29.639911471633241 175.56493469676934 543.36951456021052 139.57649409293663 49.151063025346957 92.261879502853844
leaf_count=60790 18451 4327 1595 1539 24581 6077 3232 42692
internal_value=-0.000331275 0.002127 0.00101588 -2.44923e-05 0.00610253 0.0184783 0.0365395 -0.00760226
internal_weight=1815.7 1697.81 1671.19 1641.55 907.662 364.292 188.728 733.892
internal_count=163284 144833 140506 138911 35429 10848 9309 103482
is_linear=0
shrinkage=0.0750466


Tree=58
num_leaves=9
num_cat=0
split_feature=33 133 10 142 18 10 138 128
split_gain=55.9 17.9408 14.0864 10.6057 9.52194 13.2094 15.8997 13.5938
threshold=27559.105000000007 8.0000000000000018 -386.05499999999995 52785.000000000007 252.93500000000003 1.0000000180025095e-35 12094.745000000001 37573.990000000005
decision_type=2 10 2 10 2 2 10 8
left_child=1 2 3 -1 -4 -6 -7 -8
right_child=-2 -3 4 -5 5 6 7 -9
leaf_value=0.036411805255022592 -0.044196917580391806 0.059307810961754769 0.00080464891039306382 -0.012443280714597575 0.003701323713720046 0.037226583136110429 0.03853953657269623 -0.045974758508663928
leaf_weight=26.732036407804117 150.01381382608088 31.973011325811967 685.42643574171234 392.00198798743077 295.91114042681875 187.27062526432564 17.737663044768851 27.087232019985095
leaf_count=1168 28835 180 8347 76932 28023 9869 4890 5040
internal_value=-0.000320711 0.00363451 0.00254391 -0.00932437 0.00663943 0.0142138 0.0276167 -0.0125316
internal_weight=1814.15 1664.14 1632.17 418.734 1213.43 528.007 232.096 44.8249
internal_count=163284 134449 134269 78100 56169 47822 19799 9930
is_linear=0
shrinkage=0.0750466


Tree=59
num_leaves=9
num_cat=0
split_feature=50 32 56 39 10 5 5 104
split_gain=31.823 24.8137 14.2719 14.0678 9.45516 13.2419 8.73953 7.18183
threshold=1.0000000180025095e-35 1.5000000000000002 8668.8100000000031 82168.650000000009 1023.9800000000001 42.500000000000007 45.500000000000007 21172.650000000005
decision_type=2 2 2 2 2 2 2 2
left_child=1 2 3 4 7 -6 -3 -1
right_child=-2 6 -4 -5 5 -7 -8 -9
leaf_value=0.0059245044910973361 -0.052522252126740478 -0.053546565880362558 -0.035189455017196142 -0.030982246123579804 0.049571493001361995 0.0055396861293638446 -0.011095955464784557 -0.016583248897656565
leaf_weight=1285.4611926036305 63.443660862394609 56.498653490096331 50.980747284309473 58.451356605626643 65.982797209289856 92.239492771506775 52.876402145950124 85.12979677086696
leaf_count=74839 11035 10214 15666 12307 2977 4227 7859 24160
internal_value=-0.000311049 0.00158437 0.00389496 0.0051503 0.00653176 0.0239021 -0.0330242 0.00452651
internal_weight=1811.06 1747.62 1638.25 1587.26 1528.81 158.222 109.375 1370.59
internal_count=163284 152249 134176 118510 106203 7204 18073 98999
is_linear=0
shrinkage=0.0750466


Tree=60
num_leaves=9
num_cat=0
split_feature=33 21 7 149 6 149 71 39
split_gain=47.4009 23.5495 11.0103 16.4102 11.8766 11.883 6.82428 6.41003
threshold=27559.105000000007 1.0000000180025095e-35 1655.0800000000002 636.50000000000011 61.500000000000007 4024.5000000000005 1.0000000180025095e-35 25863.355000000003
decision_type=2 2 2 8 2 8 2 2
left_child=1 -1 7 -4 -5 6 -6 -3
right_child=-2 2 3 4 5 -7 -8 -9
leaf_value=0.031355910470039397 -0.04203863342238072 -0.0046300931316251553 -0.021532395120205515 0.027749389233358464 -0.017520037199460967 -0.005157396698998085 0.023541428243701323 -0.039735557318700113
leaf_weight=152.41107702691806 141.26673860382289 718.38890764705138 100.46720517211361 175.63179351075087 26.011227867100388 278.92397542542312 184.38925756106619 30.53883161599515
leaf_count=3067 28835 71571 4176 5966 9518 23112 9377 7662
internal_value=-0.000300015 0.00323755 0.000407592 0.00673735 0.0110086 0.00499985 0.0184651 -0.00606158
internal_weight=1808.03 1666.76 1514.35 765.423 664.956 489.324 210.4 748.928
internal_count=163284 134449 131382 52149 47973 42007 18895 79233
is_linear=0
shrinkage=0.0750466


Tree=61
num_leaves=9
num_cat=0
split_feature=71 22 95 22 12 153 83 127
split_gain=15.3397 12.4665 9.72566 8.68093 16.0243 10.5365 12.251 13.9797
threshold=1.5000000000000002 239470.10500000001 5.5000000000000009 -22789.309999999994 5.5000000000000009 475.06500000000005 1.0000000180025095e-35 263.50000000000006
decision_type=2 2 2 2 2 8 2 10
left_child=1 2 3 4 -1 6 -5 -8
right_child=-2 -3 -4 5 -6 -7 7 -9
leaf_value=0.04628583198719205 0.050466338952808734 -0.031127839701792372 0.038783402363356423 -0.00024806952318070293 -0.0057654900849851741 -0.0081804555067205836 -0.025289367423996106 0.037857581425993131
leaf_weight=60.269064140738919 32.922976092202589 75.22844043240184 35.817096128012054 585.16951190243708 74.467839437071234 814.7841532798484 24.520870285516139 101.37392858840758
leaf_count=399 1813 26561 2956 15970 4919 97904 2687 10075
internal_value=-0.000290178 -0.00123341 9.22866e-05 -0.00074224 0.0175175 -0.00235463 0.00432098 0.0255583
internal_weight=1804.55 1771.63 1696.4 1660.59 134.737 1525.85 711.064 125.895
internal_count=163284 161471 134910 131954 5318 126636 28732 12762
is_linear=0
shrinkage=0.0750466


Tree=62
num_leaves=9
num_cat=0
split_feature=52 4 133 4 8 12 113 94
split_gain=31.7149 13.6313 14.8994 12.16 12.074 18.3067 13.6691 11.9867
threshold=65522.015000000007 1.5000000000000002 1.0000000180025095e-35 1.0000000180025095e-35 9683.5850000000009 4.5000000000000009 -2054.4999999999995 1.0000000180025095e-35
decision_type=2 2 10 2 2 2 8 2
left_child=1 2 4 -2 6 -6 -1 -8
right_child=3 -3 -4 -5 5 -7 7 -9
leaf_value=-0.027068172157364043 -0.04327991041674778 -0.03224125010884285 0.043404713741893246 0.069099397841821383 0.031800951070151989 -0.0077236544672109938 0.0084287538226715635 0.03964776136093115
leaf_weight=54.854452399304137 112.4599014618434 61.769912265532184 51.482248438289389 5.6974952348973593 72.626788029912859 723.21027605968993 642.40435230720323 77.637746077729389
leaf_count=3506 64998 1765 337 1941 683 53752 32571 3731
internal_value=-0.000276744 0.00236037 0.00367791 -0.037861 0.00237583 -0.0041167 0.00904382 0.0117949
internal_weight=1802.14 1683.99 1622.22 118.157 1570.73 795.837 774.897 720.042
internal_count=163284 96345 94580 66939 94243 54435 39808 36302
is_linear=0
shrinkage=0.0750466


Tree=63
num_leaves=9
num_cat=0
split_feature=133 56 153 8 7 80 138 149
split_gain=14.6966 15.7846 9.37847 10.0874 9.49202 8.79887 8.92217 8.80862
threshold=8.0000000000000018 11582.655000000002 5389.9350000000004 -8804.7999999999975 -1795.6649999999997 4.5000000000000009 5216.3500000000013 636.50000000000011
decision_type=10 2 10 2 2 2 8 8
left_child=1 2 3 4 -1 7 -7 -5
right_child=-2 -3 -4 5 -6 6 -8 -9
leaf_value=-0.0053685293916458888 0.048041879129286043 -0.047047745959393962 -0.017742352315192361 -0.014350301097226709 0.057934784467765912 0.066680023098758479 0.00815762963404916 0.0017575717281912201
leaf_weight=22.0414797179983 34.780407473677769 41.337159667804372 154.80152504518628 226.81886404572288 33.793434778228402 21.644780127739068 45.544084362336434 1217.6428663613624
leaf_count=3162 244 15019 34723 14549 3368 2263 11746 78210
internal_value=-0.000267448 -0.00122016 -0.000120233 0.00162009 0.0329451 0.000463058 0.0270105 -0.000771792
internal_weight=1798.4 1763.62 1722.29 1567.49 55.8349 1511.65 67.1889 1444.46
internal_count=163284 163040 148021 113298 6530 106768 14009 92759
is_linear=0
shrinkage=0.0750466


Tree=64
num_leaves=9
num_cat=0
split_feature=50 99 134 56 134 12 25 9
split_gain=28.1214 16.6366 15.3168 9.32165 8.41327 15.0482 11.7278 8.92719
threshold=1.0000000180025095e-35 1.0000000180025095e-35 93605.400000000009 11582.655000000002 139352.40000000002 6.5000000000000009 1.0000000180025095e-35 1579.095
decision_type=2 2 10 2 10 2 2 2
left_child=1 3 -3 4 5 6 -1 -8
right_child=-2 2 -4 -5 -6 -7 7 -9
leaf_value=-0.0023557763222241375 -0.05083084225249742 0.063802153582737955 0.00022966181625058555 -0.038955222342015997 0.0072207683420360772 -0.018738786525025676 0.0058840003586998575 0.047672048971807192
leaf_weight=573.94525258603971 59.854852840129752 45.13871705433121 40.492187080148142 34.203072064672597 651.95774470455945 272.8958763028495 67.770943424897268 50.059388834866695
leaf_count=10004 11035 1080 3639 12337 76921 32744 12791 2733
internal_value=-0.000255302 0.00148801 0.0337407 -0.000184985 0.000635278 -0.00381542 0.00207164 0.0236374
internal_weight=1796.32 1736.46 85.6309 1650.83 1616.63 964.671 691.776 117.83
internal_count=163284 152249 4719 147530 135193 58272 25528 15524
is_linear=0
shrinkage=0.0750466


Tree=65
num_leaves=9
num_cat=0
split_feature=52 32 5 60 5 72 9 123
split_gain=27.6942 17.0879 14.5948 7.39183 6.96008 6.27304 6.04766 5.98209
threshold=65522.015000000007 1.5000000000000002 39.500000000000007 879.29000000000008 45.500000000000007 533.71500000000015 61.785000000000004 5.5000000000000009
decision_type=2 2 2 2 2 2 2 10
left_child=1 2 7 -4 -3 6 -2 -1
right_child=5 4 3 -5 -6 -7 -8 -9
leaf_value=0.017870927595923763 0.010167389030659823 -0.050653072711228965 0.00062804422662827075 -0.027521685630610793 -0.0092216787849856274 0.056816174383638743 -0.045823103929363951 -0.0079801901186033579
leaf_weight=428.45789646083722 12.236173780052921 44.4775214351248 1049.1843711126712 55.306417301413603 46.931672927283216 3.9419824829674317 96.939830667455681 57.137630257406272
leaf_count=19862 2701 4761 54284 8835 5102 1039 63199 3501
internal_value=-0.000246091 0.00217192 0.00398581 -0.000781529 -0.0293812 -0.0361897 -0.0395478 0.0148292
internal_weight=1794.61 1681.5 1590.09 1104.49 91.4092 113.118 109.176 485.596
internal_count=163284 96345 86482 63119 9863 66939 65900 23363
is_linear=0
shrinkage=0.0750466


Tree=66
num_leaves=9
num_cat=0
split_feature=108 16 51 71 5 16 127 73
split_gain=18.3422 24.3521 15.3695 48.0203 11.4775 14.471 20.3414 11.3446
threshold=1.0000000180025095e-35 -176.96999999999997 1.0000000180025095e-35 1.0000000180025095e-35 39.500000000000007 -471.88999999999993 339.50000000000006 8.5000000000000018
decision_type=2 2 2 2 2 2 10 2
left_child=2 -2 4 -4 5 -1 -7 -6
right_child=1 -3 3 -5 7 6 -8 -9
leaf_value=-4.3911738516369708e-05 -0.0026837082753183258 0.13563033451865819 -0.034785694463812557 0.081809431643780559 -0.00011329053442156127 -0.0052564912437626232 0.044733785421641387 -0.023292225769151732
leaf_weight=279.14916626241757 16.091050949937202 12.929810015077235 170.60441261366941 22.520245492516551 957.49061359022744 72.189345892576966 125.60875441273674 135.78701573441504
leaf_count=7031 2152 2850 82017 3543 34141 2455 7467 21628
internal_value=-0.000237538 0.05894 -0.00121147 -0.0211895 0.00124567 0.0109598 0.0264891 -0.00299216
internal_weight=1792.37 29.0209 1763.35 193.125 1570.22 476.947 197.798 1093.28
internal_count=163284 5002 158282 85560 72722 16953 9922 55769
is_linear=0
shrinkage=0.0750466


Tree=67
num_leaves=9
num_cat=0
split_feature=33 133 33 151 99 28 55 80
split_gain=38.2086 10.663 10.1012 11.4092 10.4207 6.25388 6.16936 8.27649
threshold=27559.105000000007 8.0000000000000018 1.0000000180025095e-35 14.500000000000002 1.5000000000000002 8877.1900000000023 2.5000000000000004 2.5000000000000004
decision_type=2 10 2 8 2 2 2 2
left_child=1 2 4 5 6 -4 7 -1
right_child=-2 -3 3 -5 -6 -7 -8 -9
leaf_value=-0.0012840028108484839 -0.039254044809128266 0.045763968039511056 0.034354082317584238 0.066022301856158205 0.038300660147191273 -0.040199365772718668 -0.024509767192015204 0.01574289845690573
leaf_weight=1293.6120583752054 131.02115685335593 31.968373845331371 12.669222462165637 28.941586228029337 40.869498757761903 12.678317420766687 56.159555026213638 183.60123019444291
leaf_count=72253 28835 180 1167 1885 1478 4204 17716 35566
internal_value=-0.000237483 0.0028411 0.00199852 0.0338257 0.000900932 -0.00293602 -9.58955e-05 0.000832252
internal_weight=1791.52 1660.5 1628.53 54.2891 1574.24 25.3475 1533.37 1477.21
internal_count=163284 134449 134269 7256 127013 5371 125535 107819
is_linear=0
shrinkage=0.0750466


Tree=68
num_leaves=9
num_cat=0
split_feature=33 21 133 39 13 153 9 6
split_gain=33.937 17.1777 11.9163 10.1424 9.28687 8.02483 8.59194 5.84314
threshold=27559.105000000007 1.0000000180025095e-35 8.0000000000000018 313319.83000000002 1.5000000000000002 3853.3050000000007 3165.5400000000004 31.500000000000004
decision_type=2 2 10 2 2 10 2 2
left_child=1 -1 3 4 5 6 -3 -7
right_child=-2 2 -4 -5 -6 7 -8 -9
leaf_value=0.026363521230064718 -0.037744718185796902 0.0021506203013654545 0.050162857477552406 -0.038463597161344565 -0.03754567903494295 0.032592575183857303 0.034999694458639694 -0.017849381920023791
leaf_weight=155.53631364519242 126.22287998380489 1185.0108941809158 26.380926514044404 39.04482184961671 35.615727580152452 14.065686840040142 46.607993370096665 160.71541108761448
leaf_count=3067 28835 77866 148 10362 746 1992 4220 36048
internal_value=-0.000229097 0.0026184 0.000168406 -0.000722105 0.000299805 0.00125821 0.00339372 -0.01379
internal_weight=1789.2 1662.98 1507.44 1481.06 1442.02 1406.4 1231.62 174.781
internal_count=163284 134449 131382 131234 120872 120126 82086 38040
is_linear=0
shrinkage=0.0750466


Tree=69
num_leaves=9
num_cat=0
split_feature=32 64 5 5 135 120 116 96
split_gain=10.8552 9.5201 8.84898 8.34496 6.96339 7.65079 5.9918 7.63589
threshold=1.5000000000000002 11572.960000000001 45.500000000000007 39.500000000000007 -1840.4999999999998 91494.000000000015 8739.4750000000022 1.0000000180025095e-35
decision_type=2 2 2 2 8 8 10 2
left_child=1 3 -2 4 5 -1 7 -5
right_child=2 -3 -4 6 -6 -7 -8 -9
leaf_value=-0.040644859072931694 -0.048249520983582622 -0.019452165207703289 -0.0022704504470305188 -0.0060188760459565331 0.014779436010738707 0.0066675632227438568 -0.022350369712621988 0.0070826977727297723
leaf_weight=28.239223635580856 46.623100655036978 117.43415762548102 47.685155953047797 508.51255139039131 413.22587793075945 60.467143692891113 69.498827613540925 493.85482426773524
leaf_count=2677 10321 33950 8130 19245 29775 5753 12230 41203
internal_value=-0.000221612 0.00116017 -0.0250011 0.00269822 0.010684 -0.00839411 -0.00104134 0.000436118
internal_weight=1785.54 1691.23 94.3083 1573.8 501.932 88.7064 1071.87 1002.37
internal_count=163284 144833 18451 110883 38205 8430 72678 60448
is_linear=0
shrinkage=0.0750466


Tree=70
num_leaves=9
num_cat=0
split_feature=17 108 22 32 29 5 24 120
split_gain=16.4105 15.0661 13.9237 12.2087 8.8394 8.50311 6.57878 12.6177
threshold=3.5000000000000004 1.0000000180025095e-35 111795.30500000001 1.5000000000000002 1.0000000180025095e-35 61.500000000000007 25.500000000000004 305273.25000000006
decision_type=2 2 2 2 2 2 2 8
left_child=1 2 3 -1 -2 -5 -4 -8
right_child=4 -3 6 5 -6 -7 7 -9
leaf_value=0.00089621231537068754 0.07886538029535517 0.051922834715648715 -0.032147310687149579 -0.038177687919979254 0.01861947842980469 0.028499389529379443 0.14746157614540492 -0.054472940081501046
leaf_weight=1488.6565985300113 19.614894081838429 29.103752646944486 109.03485302563058 72.672052752575837 45.608833920967299 12.64622822095407 3.3691444238065733 3.6099110586219467
leaf_count=92117 764 4749 38563 13741 6814 1436 2261 2839
internal_value=-0.000211617 -0.00161349 -0.00253545 -0.00068609 0.0367374 -0.0282945 -0.027626 0.0430111
internal_weight=1784.32 1719.09 1689.99 1573.97 65.2237 85.3183 116.014 6.97906
internal_count=163284 155706 150957 107294 7578 15177 43663 5100
is_linear=0
shrinkage=0.0750466


Tree=71
num_leaves=9
num_cat=0
split_feature=33 22 95 17 17 33 138 5
split_gain=27.4152 10.5246 11.5963 10.3611 9.90619 8.28503 8.56201 8.14355
threshold=27559.105000000007 239470.10500000001 5.5000000000000009 2.5000000000000004 3.5000000000000004 1.0000000180025095e-35 1513.9350000000002 39.500000000000007
decision_type=2 2 2 2 2 2 10 2
left_child=1 2 4 -2 5 7 -7 -1
right_child=3 -3 -4 -5 -6 6 -8 -9
leaf_value=0.008556129427742417 -0.041703228428041583 -0.026622144437681447 0.045747515869071963 0.03933086268300532 0.034311778878707504 0.055980087662574098 -0.0066310640548344589 -0.0034775949032692368
leaf_weight=465.64064808672993 108.8051708425628 68.069843146076892 35.787257805059198 9.6769069372094219 53.382085550110787 30.890625341446139 20.440232831169851 990.30948919407092
leaf_count=32168 26800 25252 2082 2035 4465 968 5335 64179
internal_value=-0.000205481 0.00227726 0.00350948 -0.0350848 0.00254093 0.00141573 0.031048 0.00037102
internal_weight=1783 1664.52 1596.45 118.482 1560.66 1507.28 51.3309 1455.95
internal_count=163284 134449 109197 28835 107115 102650 6303 96347
is_linear=0
shrinkage=0.0750466


Tree=72
num_leaves=9
num_cat=0
split_feature=52 13 107 83 153 147 30 153
split_gain=20.5649 8.54 7.30643 6.38942 11.3321 10.6988 7.3481 5.83402
threshold=65522.015000000007 1.5000000000000002 59.500000000000007 1.0000000180025095e-35 1214.0550000000003 -9242.2649999999976 2.5000000000000004 9905.9850000000024
decision_type=2 2 2 2 8 8 2 8
left_child=1 3 -2 6 5 -5 -1 -4
right_child=2 -3 7 4 -6 -7 -8 -9
leaf_value=0.0014907508727755726 0.0071162967067204047 -0.032899509374988034 -0.051971443944707846 0.059694042442562767 -0.0021227740969262791 0.015144842979051727 -0.024960106127894406 -0.00019108477454395987
leaf_weight=1234.7002534995554 20.808630979794543 39.007820028346032 67.89377934060758 39.210151747858617 168.33910536533222 134.52987000421854 62.126565626822412 14.953702929400604
leaf_count=39501 5322 806 52193 5617 33708 9305 7408 9424
internal_value=-0.000199828 0.00180421 -0.0326398 0.0026302 0.0117537 0.0251988 0.00022358 -0.0426253
internal_weight=1781.57 1677.91 103.656 1638.91 342.079 173.74 1296.83 82.8475
internal_count=163284 96345 66939 95539 48630 14922 46909 61617
is_linear=0
shrinkage=0.0750466


Tree=73
num_leaves=9
num_cat=0
split_feature=99 141 86 133 39 7 113 141
split_gain=9.99405 15.2809 11.504 7.6726 7.42825 6.66027 6.77381 6.59014
threshold=1.0000000180025095e-35 4.4850000000000012 1.0000000180025095e-35 8.0000000000000018 82168.650000000009 1655.0800000000002 -2054.4999999999995 1.1700000000000002
decision_type=2 8 2 10 2 2 10 8
left_child=2 -2 3 4 5 6 -1 -7
right_child=1 -3 -4 -5 -6 7 -8 -9
leaf_value=-0.015796069751896222 -0.0071577274503097062 0.054302963770190414 -0.052905453308766948 0.039032661920907714 -0.02808910424670524 0.013138075588652287 -0.00068989638430071957 -0.00091877392592258861
leaf_weight=242.4817346353957 44.924853843549499 46.227002960193204 24.167136217525695 26.858328417409211 56.723478762054583 300.75599291050457 538.34639462624909 500.29535975478939
leaf_count=15598 3950 1524 5156 193 15614 32456 68699 20094
internal_value=-0.00019362 0.0240116 -0.00149944 -0.0007535 -0.00140563 -0.000448811 -0.00538103 0.00435889
internal_weight=1780.78 91.1519 1689.63 1665.46 1638.6 1581.88 780.828 801.051
internal_count=163284 5474 157810 152654 152461 136847 84297 52550
is_linear=0
shrinkage=0.0750466


Tree=74
num_leaves=9
num_cat=0
split_feature=108 82 64 22 111 134 73 134
split_gain=12.0886 20.558 10.362 6.71344 12.2681 6.73849 5.82183 6.76742
threshold=1.0000000180025095e-35 1.0000000180025095e-35 13076.395000000002 -22789.309999999994 8.0000000000000018 139352.40000000002 9.5000000000000018 106977.60000000002
decision_type=2 2 2 2 8 10 2 8
left_child=2 -2 3 4 -1 6 -5 -8
right_child=1 -3 -4 5 -6 -7 7 -9
leaf_value=-0.0059260133005897215 -0.011855347861711359 0.10976548002107978 -0.023759371711854854 -0.0032356151851729953 0.03998080261968321 0.0050629378225873645 -0.0097698076073004479 -0.057023187219338391
leaf_weight=66.401261962397257 16.461064456991156 14.924464312614871 105.96029030924547 812.77900338603649 64.761683675867971 618.09343842795352 54.716538749693427 24.808810290967813
leaf_count=3946 1455 3547 33230 38351 703 67728 10777 3547
internal_value=-0.000184664 0.0459779 -0.00101374 0.000454452 0.0167405 -0.000959826 -0.00513176 -0.024511
internal_weight=1778.91 31.3855 1747.52 1641.56 131.163 1510.4 892.304 79.5253
internal_count=163284 5002 158282 125052 4649 120403 52675 14324
is_linear=0
shrinkage=0.0750466


Tree=75
num_leaves=9
num_cat=0
split_feature=33 33 107 98 51 25 112 8
split_gain=24.2669 12.9006 27.1662 8.67178 8.51229 19.2296 15.8562 13.4089
threshold=17595.285000000003 1.0000000180025095e-35 30.500000000000004 1.0000000180025095e-35 1.0000000180025095e-35 1.0000000180025095e-35 66394503.095000006 29166.560000000001
decision_type=2 2 2 2 2 2 8 2
left_child=1 4 -3 -2 5 -1 -6 -7
right_child=3 2 -4 -5 6 7 -8 -9
leaf_value=-0.0011789314054759556 -0.038063163497659022 0.10108106689314511 -0.020308357624414332 0.025290340307602872 -0.02484071217454396 0.028689370467943381 0.043525932173957761 -0.01395158683505076
leaf_weight=1170.9268257471267 116.15644526926917 21.897181087639183 19.746396404923871 13.592148119903866 136.61104742254247 225.38405694521498 22.212645747116767 50.916536507022101
leaf_count=29674 28474 363 4494 2765 62377 20282 4009 10846
internal_value=-0.000178082 0.00228258 0.0435211 -0.0314264 0.0012133 0.00302324 -0.0152791 0.0208315
internal_weight=1777.44 1647.69 41.6436 129.749 1606.05 1447.23 158.824 276.301
internal_count=163284 132045 4857 31239 127188 60802 66386 31128
is_linear=0
shrinkage=0.0750466


Tree=76
num_leaves=9
num_cat=0
split_feature=33 52 83 8 20 120 10 20
split_gain=21.6068 15.7168 8.94529 10.2503 9.67783 9.59551 12.0223 9.00023
threshold=27559.105000000007 65522.015000000007 1.0000000180025095e-35 18628.875000000004 203.56500000000003 211140.00000000003 -1444.4349999999997 1.0000000180025095e-35
decision_type=2 2 2 2 2 8 2 2
left_child=1 2 4 5 -1 6 -4 -7
right_child=-2 -3 3 -5 -6 7 -8 -9
leaf_value=0.0032061895990593225 -0.032235504517566516 -0.029481054160545146 -0.035664978614352687 -0.0051745638065887828 -0.017046128557631227 0.016877189393594168 0.021641954677224129 0.061910287000370101
leaf_weight=1103.1909814756946 111.01805764183518 84.988117888744455 26.016723350156099 100.91963257174939 151.08947221317794 46.89086587523343 99.348224115907215 53.527379864361137
leaf_count=29782 28835 53134 4615 18251 9818 3579 8369 6901
internal_value=-0.000178641 0.00195758 0.00364762 0.0147084 0.000766614 0.0235956 0.00974917 0.0408818
internal_weight=1776.99 1665.97 1580.98 326.703 1254.28 225.783 125.365 100.418
internal_count=163284 134449 81315 41715 39600 23464 12984 10480
is_linear=0
shrinkage=0.0750466


Tree=77
num_leaves=9
num_cat=0
split_feature=50 71 32 10 10 74 118 73
split_gain=24.9881 10.3245 7.02378 7.89633 6.72683 8.27073 7.32744 6.69929
threshold=1.0000000180025095e-35 1.5000000000000002 1.5000000000000002 -3005.3049999999998 1023.9800000000001 1660.8950000000002 694.53000000000009 7.5000000000000009
decision_type=2 2 2 2 2 2 10 2
left_child=1 2 3 -1 5 6 -5 -7
right_child=-2 -3 -4 4 -6 7 -8 -9
leaf_value=-0.020140023633430416 -0.049311274729813399 0.042929125294159529 -0.020675061914799075 -0.0015220510303323883 0.017617300160566864 0.0024966828974467906 -0.031404102001562004 0.020538904982576656
leaf_weight=87.931484645203454 56.438730755704455 33.124687892734073 82.925987644062843 799.92396033773548 158.58828378206817 328.63669604004826 49.049961142969551 179.0598513824516
leaf_count=20887 11035 1572 17926 65068 8318 8198 12246 18034
internal_value=-0.000175875 0.00143713 0.000621995 0.0017236 0.00299236 0.00128277 -0.0032485 0.00886001
internal_weight=1775.68 1719.24 1686.12 1603.19 1515.26 1356.67 848.974 507.697
internal_count=163284 152249 150677 132751 111864 103546 77314 26232
is_linear=0
shrinkage=0.0750466


Tree=78
num_leaves=9
num_cat=0
split_feature=52 10 56 109 32 85 107 73
split_gain=14.2388 11.0939 6.36556 6.70772 10.6712 16.8914 7.9223 7.51226
threshold=65522.015000000007 1875.5950000000003 8668.8100000000031 1.0000000180025095e-35 1.0000000180025095e-35 1.0000000180025095e-35 22.500000000000004 11.500000000000002
decision_type=2 2 2 2 2 2 2 2
left_child=2 -2 3 -1 5 -5 -6 -7
right_child=1 -3 -4 4 6 7 -8 -9
leaf_value=-0.0019411675983925117 -0.03489185035625228 0.075115041862355125 -0.027663372941959245 0.0048322080681151491 0.018498449201610732 0.028592307226135986 -0.038390447604374295 0.082602063258520694
leaf_weight=947.72736505890498 89.033624925330514 5.4808672393555744 41.329767808085307 506.94175789138535 19.80086983658839 101.57339463091921 45.390010272385553 16.920061510812957
leaf_count=30035 63355 3584 11158 27122 762 12489 11057 3722
internal_value=-0.000170573 -0.0285126 0.00142421 0.00215799 0.00778314 0.0107949 -0.0211112 0.0363045
internal_weight=1774.2 94.5145 1679.68 1638.35 690.626 625.435 65.1909 118.493
internal_count=163284 66939 96345 85187 55152 43333 11819 16211
is_linear=0
shrinkage=0.0750466


Tree=79
num_leaves=9
num_cat=0
split_feature=50 52 17 17 39 46 115 95
split_gain=22.3125 12.9598 10.7619 7.2287 7.13521 6.87588 7.92725 6.94862
threshold=1.0000000180025095e-35 65522.015000000007 3.5000000000000004 3.5000000000000004 25863.355000000003 1.0000000180025095e-35 1.0000000180025095e-35 1.0000000180025095e-35
decision_type=2 2 2 2 2 2 8 2
left_child=1 3 -3 4 5 7 -7 -1
right_child=-2 2 -4 -5 -6 6 -8 -9
leaf_value=0.0023759255549434116 -0.047677853746505995 -0.033680389895783487 0.068578181969754556 0.028734925869740639 -0.025530926197615753 0.0044898238445530807 -0.040060028827631176 0.020123789895318347
leaf_weight=1293.0584491479676 53.976738026103703 82.941909124638187 6.231786028132773 58.566592916438822 51.713672034675255 45.988346916768933 44.035215730080381 137.44834991905373
leaf_count=62453 11035 61872 2100 4402 7344 3404 4236 6438
internal_value=-0.000167094 0.00132389 -0.0265342 0.00284719 0.00188286 0.00281522 -0.0173018 0.00408121
internal_weight=1773.96 1719.98 89.1737 1630.81 1572.24 1520.53 90.0236 1430.51
internal_count=163284 152249 63972 88277 83875 76531 7640 68891
is_linear=0
shrinkage=0.0750466


Tree=80
num_leaves=9
num_cat=0
split_feature=33 71 99 8 33 151 7 8
split_gain=17.4184 8.36887 10.1079 6.80378 6.46227 7.27511 9.38259 6.82976
threshold=27559.105000000007 1.5000000000000002 2.5000000000000004 25989.965000000004 1.0000000180025095e-35 14.500000000000002 1462.8150000000003 9683.5850000000009
decision_type=2 2 2 2 2 8 2 2
left_child=1 2 4 -2 7 6 -6 -1
right_child=3 -3 -4 -5 5 -7 -8 -9
leaf_value=0.0040999068579612077 -0.046461255063447754 0.038572302606820576 0.04563468226459217 -0.0079636091355887138 -0.056299859935413275 0.049377804700460395 0.037769058592483515 -0.005866888550835005
leaf_weight=797.67387175481417 59.628761030500755 33.97296856000321 28.008347326715011 45.647758206934668 11.080024422350109 31.093269859120483 12.95231166310259 752.51416521292413
leaf_count=57786 17624 1569 718 11211 3216 1840 2082 67238
internal_value=-0.000163152 0.00170621 0.000939395 -0.0297687 0.000159584 0.0254094 -0.00560109 -0.000738316
internal_weight=1772.57 1667.29 1633.32 105.277 1605.31 55.1256 24.0323 1550.19
internal_count=163284 134449 132880 28835 132162 7138 5298 125024
is_linear=0
shrinkage=0.0750466


Tree=81
num_leaves=9
num_cat=0
split_feature=21 133 32 64 80 64 138 20
split_gain=12.0756 9.41601 9.4106 7.50643 5.04321 10.5952 7.85138 7.75113
threshold=1.0000000180025095e-35 8.0000000000000018 1.5000000000000002 13076.395000000002 4.5000000000000009 1.0000000180025095e-35 5216.3500000000013 55.415000000000006
decision_type=2 10 2 2 2 2 8 2
left_child=-1 2 3 4 -2 6 -6 -7
right_child=1 -3 -4 -5 5 7 -8 -9
leaf_value=0.01798256732914378 -0.0014904957323394698 0.041454736018748856 -0.032540915756146677 -0.022120855143723014 0.044688178890694409 0.092986344511217012 -0.028483337188404945 0.012771749719570258
leaf_weight=185.07734022778459 1338.0719984812895 27.25588530744426 58.604893991781864 96.607636916945921 12.020817781565709 14.552550564811101 26.390722857700894 12.710082548466742
leaf_count=5801 94657 174 16596 30956 927 3339 6231 4603
internal_value=-0.000157754 -0.00227434 -0.00303887 -0.0018865 -0.000493949 0.0198101 -0.00558445 0.0555896
internal_weight=1771.29 1586.21 1558.96 1500.35 1403.75 65.6742 38.4115 27.2626
internal_count=163284 157483 157309 140713 109757 15100 7158 7942
is_linear=0
shrinkage=0.0750466


Tree=82
num_leaves=9
num_cat=0
split_feature=50 21 51 123 83 5 126 10
split_gain=19.8038 8.83492 9.85736 15.9336 11.5151 15.9535 10.9752 19.1305
threshold=1.0000000180025095e-35 1.0000000180025095e-35 1.0000000180025095e-35 1.0000000180025095e-35 1.0000000180025095e-35 47.500000000000007 3.5550000000000002 -627.07499999999993
decision_type=2 2 2 10 2 2 8 2
left_child=1 -1 4 -4 -3 6 7 -6
right_child=-2 2 3 -5 5 -7 -8 -9
leaf_value=0.016813323450611973 -0.04600583668507105 -0.0020597935660134591 0.043787939326103656 -0.027337670424003657 0.01414399599328907 -0.0071232870044972826 0.01690239742998546 0.10593990049801189
leaf_weight=182.90077359101269 51.504034938436234 1094.9680129250628 20.325931902625598 139.36401648246101 26.455754902475746 110.95529161120066 117.97722436412005 24.746202156355139
leaf_count=5651 11035 33578 5073 76804 4950 15156 8507 2530
internal_value=-0.00015264 0.00122224 -0.000635743 -0.0182845 0.0014138 0.0149911 0.0294948 0.0585095
internal_weight=1769.2 1717.69 1534.79 159.69 1375.1 280.134 169.179 51.202
internal_count=163284 152249 146598 81877 64721 31143 15987 7480
is_linear=0
shrinkage=0.0750466


Tree=83
num_leaves=9
num_cat=0
split_feature=52 10 24 8 7 18 9 7
split_gain=9.7218 16.0452 6.49147 6.16643 17.7345 18.736 12.0771 14.9718
threshold=65522.015000000007 3952.5500000000006 12.500000000000002 9683.5850000000009 1261.8700000000001 1.0000000180025095e-35 1061.5900000000001 1842.0450000000003
decision_type=2 2 2 2 2 2 2 2
left_child=3 2 -2 4 -1 -6 -5 -8
right_child=1 -3 -4 6 5 -7 7 -9
leaf_value=-0.0027561869891451754 -0.017285914577839158 0.14369326130894783 -0.063037973056500954 0.014354873049587186 0.0016942403283918279 0.038644616411018698 -0.026588251746606142 -0.0012458686519984431
leaf_weight=518.15045598751749 59.374688076291932 3.0784839279949656 24.744362211524276 172.85569318418857 156.38504953036318 152.80007842605119 177.63825633758097 503.23527261425625
leaf_count=33374 39627 1709 25603 17446 1377 5579 9705 28864
internal_value=-0.000153157 -0.0245858 -0.0307443 0.00111418 0.00573133 0.0199552 -0.00336024 -0.00785764
internal_weight=1768.26 87.1975 84.1191 1681.06 827.336 309.185 853.729 680.874
internal_count=163284 66939 65230 96345 40330 6956 56015 38569
is_linear=0
shrinkage=0.0750466


Tree=84
num_leaves=9
num_cat=0
split_feature=17 18 150 56 46 131 124 148
split_gain=9.4902 9.87306 9.17696 8.34579 7.34401 7.17445 5.86485 5.13382
threshold=3.5000000000000004 1949.6600000000001 1998.6300000000003 11582.655000000002 1.0000000180025095e-35 909.07500000000016 1.0000000180025095e-35 1.0000000180025095e-35
decision_type=2 2 10 2 2 10 8 10
left_child=3 -2 -3 4 5 7 -6 -1
right_child=1 2 -4 -5 6 -7 -8 -9
leaf_value=0.0013872073410217177 -0.0068576482170405011 0.084583305646858023 0.013696387572016536 -0.039191936406516033 -0.0091117228884872396 -0.017559081990250861 -0.049989262056745566 0.028953015551677935
leaf_weight=1414.8575904079771 28.680724273901433 21.383500557974912 19.81822347297566 32.063562462251866 72.003940071619581 112.29859697131906 27.247771245834883 39.102118102193344
leaf_count=94392 744 1858 4976 14058 13596 23779 2416 7465
internal_value=-0.000151857 0.0269516 0.0504864 -0.0012676 -0.0005375 0.000716973 -0.0203339 0.00212855
internal_weight=1767.46 69.8824 41.2017 1697.57 1665.51 1566.26 99.2517 1453.96
internal_count=163284 7578 6834 155706 141648 125636 16012 101857
is_linear=0
shrinkage=0.0750466


Tree=85
num_leaves=9
num_cat=0
split_feature=33 32 32 11 12 8 153 83
split_gain=14.8447 10.4586 8.60958 7.38098 14.8412 11.3108 9.84121 10.9159
threshold=17595.285000000003 1.0000000180025095e-35 10.500000000000002 18.395000000000003 4.5000000000000009 8212.8900000000012 299.11500000000007 1407.6450000000002
decision_type=2 2 2 2 2 2 10 2
left_child=1 3 -2 -1 -5 -6 7 -7
right_child=2 -3 -4 4 5 6 -8 -9
leaf_value=-0.0058137045055281058 -0.035227941995182192 0.038154593185952886 0.01952047317687447 0.040759529636363347 0.011526960144100505 -0.0041406190850426343 -0.015917981572745488 0.030022773551231584
leaf_weight=608.87001545447856 96.763815996644553 43.112699870282086 19.424505549512105 60.297512264922261 418.93651855512871 202.18155657796888 246.48981541674584 71.232208423956763
leaf_count=9413 28824 4857 2415 772 48006 7821 53069 8107
internal_value=-0.00014705 0.00167749 -0.026075 0.000699489 0.0046686 0.00235064 -0.00504361 0.00475993
internal_weight=1767.31 1651.12 116.188 1608.01 999.138 938.84 519.904 273.414
internal_count=163284 132045 31239 127188 117775 117003 68997 15928
is_linear=0
shrinkage=0.0750466


Tree=86
num_leaves=9
num_cat=0
split_feature=87 11 135 94 25 74 131 18
split_gain=8.48351 6.28228 7.45713 5.88905 8.8079 9.27218 5.8551 6.38541
threshold=1.0000000180025095e-35 18.395000000000003 -348.99999999999994 1.0000000180025095e-35 1525.2650000000001 391.17500000000007 9471.9750000000022 27674.390000000003
decision_type=2 2 10 2 2 2 8 2
left_child=1 -1 3 6 -5 -6 7 -3
right_child=-2 2 -4 4 5 -7 -8 -9
leaf_value=-0.0052519949412420525 -0.042926892102845081 0.0033348471336592791 -0.02089439588059808 0.0063502249701605732 0.098059351505000975 0.024002253720855769 0.01345343478051244 -0.015688413228218994
leaf_weight=664.25993105591624 25.72386565132183 525.45219760993496 63.620914352621185 81.706179106025957 14.151200055668594 29.104462684888858 240.26146008304204 122.55353026281227
leaf_count=12974 5605 53079 9798 4011 2309 7210 15368 52930
internal_value=-0.000144439 0.000487647 0.00402817 0.00559307 0.020847 0.0482302 0.00344713 -0.000262911
internal_weight=1766.83 1741.11 1076.85 1013.23 124.962 43.2557 888.267 648.006
internal_count=163284 157679 144705 134907 13530 9519 121377 106009
is_linear=0
shrinkage=0.0750466


Tree=87
num_leaves=9
num_cat=0
split_feature=50 33 13 39 5 11 112 57
split_gain=17.3225 14.9317 7.71926 7.38434 6.26563 5.82068 5.31201 8.12585
threshold=1.0000000180025095e-35 27559.105000000007 1.5000000000000002 313319.83000000002 42.500000000000007 52.845000000000006 1348452.2050000003 1.5000000000000002
decision_type=2 2 2 2 2 2 10 2
left_child=1 2 3 5 -3 -1 -7 -8
right_child=-2 4 -4 -5 -6 6 7 -9
leaf_value=-0.0001351798835006861 -0.04410471918195067 -0.05024597693667722 -0.03081115760493568 -0.030896285892011308 -0.011672188828240159 0.0079276768132144383 -0.0024407949916156997 0.084041464932277335
leaf_weight=785.08070330417831 49.070987248385791 39.786009830480907 37.498657753691077 34.116442736180034 58.715921091818018 738.07747208676301 11.543359738891015 13.021323981112799
leaf_count=12545 11035 13160 796 9152 15025 96225 1647 3699
internal_value=-0.00013972 0.00111616 0.00284179 0.00363956 -0.0272526 0.00440083 0.0090703 0.043402
internal_weight=1766.91 1717.84 1619.34 1581.84 98.5019 1547.72 762.642 24.5647
internal_count=163284 152249 124064 123268 28185 114116 101571 5346
is_linear=0
shrinkage=0.0750466


Tree=88
num_leaves=9
num_cat=0
split_feature=50 99 141 71 17 16 56 46
split_gain=15.4407 8.37478 13.1501 8.524 9.31369 6.5482 5.69157 4.56632
threshold=1.0000000180025095e-35 1.0000000180025095e-35 4.4850000000000012 1.5000000000000002 3.5000000000000004 -1.0000000180025095e-35 6776.1400000000012 1.0000000180025095e-35
decision_type=2 2 8 2 2 2 2 2
left_child=1 3 -3 4 6 -6 7 -1
right_child=-2 2 -4 -5 5 -7 -8 -9
leaf_value=-0.00012593701694724903 -0.042488447737795407 -0.0062108608356055521 0.051974379849772802 0.038072025039974408 0.053215858324100293 -0.0011354032226729906 -0.02670650131932293 -0.017741857573178168
leaf_weight=1409.6539097999921 47.18872389192984 42.646701640042011 44.915321630862309 32.149196961370762 29.866985322732944 21.45056599000236 50.788769716775278 88.050389843061566
leaf_count=106957 11035 3413 1306 1442 2353 3128 19907 13743
internal_value=-0.000137244 0.001025 0.0236355 -0.000188159 -0.000957022 0.0304972 -0.00199942 -0.00116158
internal_weight=1766.71 1719.52 87.562 1631.96 1599.81 51.3176 1548.49 1497.7
internal_count=163284 152249 4719 147530 146088 5481 140607 120700
is_linear=0
shrinkage=0.0750466


Tree=89
num_leaves=9
num_cat=0
split_feature=33 108 21 32 10 11 64 149
split_gain=11.7734 12.182 9.81082 8.13063 7.33048 6.3823 8.00482 5.94008
threshold=27559.105000000007 1.0000000180025095e-35 1.0000000180025095e-35 10.500000000000002 -3005.3049999999998 136.92000000000004 1.0000000180025095e-35 3075.5000000000005
decision_type=2 2 2 2 2 2 2 8
left_child=1 2 -1 -2 5 -4 7 -7
right_child=3 -3 4 -5 -6 6 -8 -9
leaf_value=0.018113298489984296 -0.036264302210942324 0.048572337144633146 -0.065007158827988867 0.018696139656180721 -0.00016038067375948444 0.036321891445638153 -0.043642438702733932 -0.023449629254502936
leaf_weight=160.19262607765268 77.972168934022193 30.201601341832429 16.482410500088008 18.818184300762368 1395.9717406340933 20.949871308926959 27.401762001536554 16.932512857223628
leaf_count=3021 26448 3963 1476 2387 106434 3614 12235 3706
internal_value=-0.000132903 0.00134355 0.000472702 -0.0255788 -0.00143961 -0.0232794 -0.0127443 0.00960546
internal_weight=1764.92 1668.13 1637.93 96.7904 1477.74 81.7666 65.2841 37.8824
internal_count=163284 134449 130486 28835 127465 21031 19555 7320
is_linear=0
shrinkage=0.0750466


Tree=90
num_leaves=9
num_cat=0
split_feature=33 98 33 95 153 112 64 83
split_gain=10.4192 8.35732 8.32285 6.04731 5.96679 4.97992 6.87786 6.85087
threshold=17595.285000000003 1.0000000180025095e-35 1.0000000180025095e-35 5.5000000000000009 1824.0150000000003 720815.33500000008 10202.01 5324.8300000000008
decision_type=2 2 2 2 8 10 2 2
left_child=2 -2 3 5 -4 -1 7 -7
right_child=1 -3 4 -5 -6 6 -8 -9
leaf_value=-0.0012774108781728381 -0.030046390914938263 0.035508754197601272 0.06294410649652242 0.030214439503288795 0.0080013495261070221 0.013001861441824757 -0.034224130675340046 0.066063306874557179
leaf_weight=1484.1152328878816 96.575108529665158 12.353558030503335 20.596000664983876 37.57663660965045 24.227018262114143 57.33417489612475 12.597368456859838 18.008443111000815
leaf_count=108654 28474 2765 1523 2149 3334 4008 6794 5583
internal_value=-0.000130024 -0.0226118 0.00135017 0.000461936 0.0332473 -0.000249235 0.0171027 0.0256846
internal_weight=1763.38 108.929 1654.45 1609.63 44.823 1572.06 87.94 75.3426
internal_count=163284 31239 132045 127188 4857 125039 16385 9591
is_linear=0
shrinkage=0.0750466


Tree=91
num_leaves=9
num_cat=0
split_feature=21 13 39 147 107 147 97 107
split_gain=7.70263 5.30492 5.00574 6.7163 4.65651 5.29206 5.94482 7.08114
threshold=1.0000000180025095e-35 1.5000000000000002 82168.650000000009 -6139.0949999999984 171.50000000000003 -140209.23499999996 32.500000000000007 260.50000000000006
decision_type=2 2 2 10 2 8 2 2
left_child=-1 2 4 -4 -2 -6 -7 -8
right_child=1 -3 3 -5 5 6 7 -9
leaf_value=0.01420367352473351 0.00047380996807979672 -0.031628582554071256 -0.038659563660705283 0.022107168151816001 0.050064986117947123 -0.060782248725389655 0.012821110334121109 -0.061460413438370859
leaf_weight=188.64753323892364 1426.8860884666792 32.972506530582905 41.061995205964195 13.648725462349828 5.3848994298023172 19.754686662345193 24.382980824011611 10.272909340419572
leaf_count=5801 110889 756 14071 2490 2998 9515 12047 4717
internal_value=-0.000126441 -0.00184354 -0.0012064 -0.0235 -0.000385978 -0.0209029 -0.0279265 -0.00919787
internal_weight=1763.01 1574.36 1541.39 54.7107 1486.68 59.7955 54.4106 34.6559
internal_count=163284 157483 156727 16561 140166 29277 26279 16764
is_linear=0
shrinkage=0.0750466


Tree=92
num_leaves=9
num_cat=0
split_feature=4 111 113 8 142 85 120 113
split_gain=7.45604 8.22388 5.98608 6.71808 7.97231 7.81003 7.79235 7.36338
threshold=1.5000000000000002 1.0000000180025095e-35 -2054.4999999999995 9683.5850000000009 493684.90500000009 27037.650000000005 182988.00000000003 -653.99999999999989
decision_type=2 10 8 2 8 2 10 10
left_child=1 2 -1 4 5 6 -4 -5
right_child=-2 -3 3 7 -6 -7 -8 -9
leaf_value=-0.018864865696189254 -0.026656127375275632 0.028955545813728362 0.0066616312739448394 0.00061763394470578487 -0.0065203979482147175 -0.023051111927742857 0.02627279122943017 -0.015544137327816903
leaf_weight=91.297077184834052 57.690547021862585 56.397404941904824 368.09853193923482 547.6650807553815 215.01755517284619 36.696940476598684 165.37633930204902 223.584015739194
leaf_count=11885 2213 415 22339 47757 14389 13405 13841 37040
internal_value=-0.000122107 0.000776158 -0.000188344 0.000907177 0.00579367 0.0104374 0.0127411 -0.00406764
internal_weight=1761.82 1704.13 1647.74 1556.44 785.189 570.172 533.475 771.249
internal_count=163284 161071 160656 148771 63974 49585 36180 84797
is_linear=0
shrinkage=0.0750466


Tree=93
num_leaves=9
num_cat=0
split_feature=33 21 133 102 138 25 83 22
split_gain=9.03725 6.73788 5.67607 5.09413 5.09402 3.97339 6.22589 12.3099
threshold=27559.105000000007 1.0000000180025095e-35 8.0000000000000018 1.0000000180025095e-35 5216.3500000000013 35114.595000000008 37776.215000000004 3393.0150000000008
decision_type=2 2 10 2 10 2 2 2
left_child=1 -1 3 5 -2 6 -3 -8
right_child=4 2 -4 -5 -6 -7 7 -9
leaf_value=0.015555566233108362 -0.011637220800342457 -0.00094496331048178758 0.034245159999698779 -0.026932383232625541 -0.050402749361829126 -0.021987449567799466 0.057726123857750174 0.00026670763901978845
leaf_weight=164.70992723613745 65.162196526216576 1293.6991600483889 26.120787671301514 41.608754209592007 27.002097100485116 46.034841448214138 31.054054066509707 64.850390660489211
leaf_count=3067 7175 79813 148 3774 21660 23975 3265 20407
internal_value=-0.000118168 0.0011458 -0.000432943 -0.00104612 -0.0229947 -0.000295869 0.000422731 0.0188722
internal_weight=1760.24 1668.08 1503.37 1477.25 92.1643 1435.64 1389.6 95.9044
internal_count=163284 134449 131382 131234 28835 127460 103485 23672
is_linear=0
shrinkage=0.0750466


Tree=94
num_leaves=9
num_cat=0
split_feature=50 33 7 8 113 127 133 6
split_gain=13.6581 9.05961 8.09066 14.5717 18.5287 10.2452 13.3602 9.14652
threshold=1.0000000180025095e-35 17595.285000000003 2050.3150000000005 18628.875000000004 -1171.4999999999998 1221.5000000000002 1.0000000180025095e-35 40.500000000000007
decision_type=2 2 2 2 8 8 8 2
left_child=1 2 -1 4 -4 7 -7 -5
right_child=-2 -3 3 5 -6 6 -8 -9
leaf_value=-0.0014704844591161333 -0.040844148529218222 -0.020553373752514259 -0.0039626971082064215 -0.0040744443579561656 0.041158970570933304 -0.020460097594202101 0.013230863949594522 0.058044305725432371
leaf_weight=1063.1730455634242 45.177776581636863 103.58170930818596 80.845848627766827 24.62621042918181 140.03517605559318 157.1656103998248 114.64523852989078 29.153797664825106
leaf_count=83494 11035 30531 3366 1747 5220 23243 1218 3430
internal_value=-0.000114387 0.000959656 0.00234403 0.00976526 0.0246437 -0.000328309 -0.00624982 0.0295997
internal_weight=1758.4 1713.23 1609.64 546.472 220.881 325.591 271.811 53.78
internal_count=163284 152249 121718 38224 8586 29638 24461 5177
is_linear=0
shrinkage=0.0750466


Tree=95
num_leaves=9
num_cat=0
split_feature=50 108 52 98 22 149 5 149
split_gain=12.1386 8.6532 6.83528 6.99589 5.83003 8.60806 8.88865 6.23055
threshold=1.0000000180025095e-35 1.0000000180025095e-35 65522.015000000007 1.0000000180025095e-35 -22789.309999999994 636.50000000000011 30.500000000000004 1189.5000000000002
decision_type=2 2 2 2 2 10 2 10
left_child=1 2 4 -4 -1 -6 -7 -8
right_child=-2 -3 3 -5 5 6 7 -9
leaf_value=0.01681345779707431 -0.039232681237830594 0.039461539804036973 -0.028241896381361487 0.053849664515884577 -0.0078388874310159878 0.031606058482751664 0.020114976344591862 2.3111126026429346e-05
leaf_weight=124.23871149597107 43.567017286404734 32.127278782514622 71.672001525221276 6.3659620924881883 524.1478834974987 62.013366184168262 97.610274216975085 794.10698450106429
leaf_count=3173 11035 4550 57567 4280 16125 3793 4632 58129
internal_value=-0.000114407 0.000880911 0.000143187 -0.0215453 0.00119962 -0.000112971 0.00413301 0.00222243
internal_weight=1755.85 1712.28 1680.16 78.038 1602.12 1477.88 953.731 891.717
internal_count=163284 152249 147699 61847 85852 82679 66554 62761
is_linear=0
shrinkage=0.0750466


Tree=96
num_leaves=9
num_cat=0
split_feature=108 153 21 22 153 127 142 12
split_gain=6.57745 16.8289 6.73991 5.72763 5.279 3.66791 4.85464 8.47468
threshold=1.0000000180025095e-35 2046.8850000000002 1.0000000180025095e-35 -1525.53 5389.9350000000004 145.50000000000003 154836.00000000003 6.5000000000000009
decision_type=2 8 2 2 10 8 10 2
left_child=2 -2 3 -1 5 -4 7 -7
right_child=1 -3 4 -5 -6 6 -8 -9
leaf_value=0.026703481689869826 0.088536989837981181 -0.017289942241520778 -0.022905266148777331 0.00040037692915715468 -0.016169645941479672 0.00098749522531861155 0.0049975345440402665 -0.016006234389027183
leaf_weight=87.456624630489387 16.009026329760673 17.954452185309492 41.725921453966293 99.867136506305542 142.24032085346698 549.06067035906017 564.13510701199993 236.44980964463321
leaf_count=858 1067 3935 4630 4871 37553 20231 61391 28748
internal_value=-0.000112012 0.0325926 -0.000757454 0.0126806 -0.00239885 -0.000991062 -0.000313558 -0.00412786
internal_weight=1754.9 33.9635 1720.94 187.324 1533.61 1391.37 1349.65 785.51
internal_count=163284 5002 158282 5729 152553 115000 110370 48979
is_linear=0
shrinkage=0.0750466


Tree=97
num_leaves=9
num_cat=0
split_feature=50 52 11 12 107 115 105 105
split_gain=10.7545 6.57773 9.27445 10.4727 7.05511 6.4536 6.23144 9.52544
threshold=1.0000000180025095e-35 65522.015000000007 52.845000000000006 4.5000000000000009 59.500000000000007 22079.930000000004 1.0000000180025095e-35 1.5000000000000002
decision_type=2 2 2 2 2 8 2 2
left_child=1 2 -1 -4 -3 -6 -5 -8
right_child=-2 4 3 6 5 -7 7 -9
leaf_value=-0.0035790742728943241 -0.037613628510496974 0.021336745855556189 0.048308852499361163 0.0040016980238354273 -0.046123761314257584 0.010800049452205933 0.066249048925479975 0.0018363010228435912
leaf_weight=851.56758561113384 42.027461284204037 17.747297030728078 34.27458749600919 693.83900683021056 46.510965905894409 14.781887698496574 23.549913363181986 28.673242096614558
leaf_count=14068 11035 5166 559 63358 47941 10865 4172 6120
internal_value=-0.000108651 0.000812617 0.00183668 0.0077468 -0.0203308 -0.0323955 0.00588335 0.0308831
internal_weight=1752.97 1710.94 1631.9 780.337 79.0402 61.2929 746.062 52.2232
internal_count=163284 152249 88277 74209 63972 58806 73650 10292
is_linear=0
shrinkage=0.0750466


Tree=98
num_leaves=9
num_cat=0
split_feature=50 4 16 137 108 71 72 16
split_gain=9.53126 6.50833 7.18271 9.97641 8.01683 8.7627 6.48025 7.38972
threshold=1.0000000180025095e-35 1.5000000000000002 -14461.189999999999 106262.51500000001 1.0000000180025095e-35 1.5000000000000002 2333.3600000000006 -471.88999999999993
decision_type=2 2 2 8 2 2 2 2
left_child=1 2 3 -1 5 6 -4 -8
right_child=-2 -3 4 -5 -6 -7 7 -9
leaf_value=-0.0023667779180792468 -0.036027176810008735 -0.02449501758176801 -0.0039690733342898476 0.032926984003640455 0.037266810193036778 0.039612981248159727 -0.0020719635709265981 0.025706244982911776
leaf_weight=88.003851092929835 40.639874826083542 55.665639424551046 1195.9148095953569 92.536257384665078 31.585782049776753 29.380625474150293 123.43098169798031 95.797480863489909
leaf_count=6106 11035 2181 123961 1805 4176 1391 4477 8152
internal_value=-0.000107182 0.000745338 0.00159345 0.0157231 -0.000134725 -0.000952542 -0.00179475 0.0100664
internal_weight=1752.96 1712.32 1656.65 180.54 1476.11 1444.52 1415.14 219.228
internal_count=163284 152249 150068 7911 142157 137981 136590 12629
is_linear=0
shrinkage=0.0750466


Tree=99
num_leaves=9
num_cat=0
split_feature=86 17 52 18 4 8 127 6
split_gain=7.15305 7.04406 12.0102 9.3262 8.56301 5.84619 5.86729 8.25824
threshold=1.0000000180025095e-35 3.5000000000000004 16685.650000000005 1949.6600000000001 1.5000000000000002 -1.0000000180025095e-35 3655.5000000000005 85.500000000000014
decision_type=2 2 2 2 2 2 8 2
left_child=1 2 4 -3 5 6 7 -1
right_child=-2 3 -4 -5 -6 -7 -8 -9
leaf_value=0.0083929487596524407 -0.040666130440952998 -0.0093376907357945842 -0.023195419152450467 0.04597017453953435 -0.028980539132893352 0.00045205420476926927 -0.0041194614070490408 0.046611647501286692
leaf_weight=81.820948279899312 24.148299253720324 28.861464873771183 121.98347296932479 42.391066143260105 50.947364423424006 1283.3566073552502 65.657684399862774 52.128168219525833
leaf_count=4694 5605 728 80000 6541 1441 56482 3809 3984
internal_value=-0.000104244 0.000462877 -0.000531295 0.0235672 0.00127106 0.00231035 0.0142582 0.0232663
internal_weight=1751.3 1727.15 1655.89 71.2525 1533.91 1482.96 199.607 133.949
internal_count=163284 157679 150410 7269 70410 68969 12487 8678
is_linear=0
shrinkage=0.0750466


Tree=100
num_leaves=9
num_cat=0
split_feature=7 17 74 51 7 12 148 12
split_gain=6.12156 11.4037 9.34546 8.84133 6.97034 8.39626 6.57989 7.66606
threshold=1655.0800000000002 3.5000000000000004 513.96500000000015 1.0000000180025095e-35 278.72500000000008 5.5000000000000009 2.3450000000000002 4.5000000000000009
decision_type=2 2 2 2 2 2 8 2
left_child=2 6 3 4 5 -1 -2 -8
right_child=1 -3 -4 -5 -6 -7 7 -9
leaf_value=-0.020153315422836951 0.0098946073783689088 0.044996670711563803 -0.013716520654029627 -0.020648129935182571 0.023574378141259508 0.0082560124989088969 0.016962222030945655 -0.0077533791602935652
leaf_weight=78.874305807403289 377.29493690573145 37.04913614114048 365.93028372008121 80.169409688256565 102.26728576957248 227.82799370028079 86.046682273212355 395.74978251534048
leaf_count=1193 49960 3844 52054 29240 4469 8730 632 13162
internal_value=-0.000103335 0.00423083 -0.00464568 0.00214031 0.00660748 0.000950016 0.00247276 -0.00333928
internal_weight=1751.21 896.141 855.069 489.139 408.97 306.702 859.091 481.796
internal_count=163284 67598 95686 43632 14392 9923 63754 13794
is_linear=0
shrinkage=0.0750466


Tree=101
num_leaves=9
num_cat=0
split_feature=22 140 11 142 120 52 80 73
split_gain=5.05423 8.6695 6.15915 8.14749 8.34071 8.29353 6.43234 5.82549
threshold=305328.60000000003 7173.1900000000014 52.845000000000006 565969.56500000006 457651.93000000005 1.0000000180025095e-35 2.5000000000000004 8.5000000000000018
decision_type=2 10 2 8 8 2 2 2
left_child=2 -2 -1 5 -5 6 7 -4
right_child=1 -3 3 4 -6 -7 -8 -9
leaf_value=-0.003837704048859168 0.00095479590636969515 -0.063538892662914209 0.004412997535646679 -0.03012302914371667 0.023318176352267749 -0.019858821020203109 0.021014670970738027 -0.018777388735121039
leaf_weight=867.75687403346819 30.72387350066856 18.996913142953417 362.45991827221587 18.095153919595759 180.68892740251613 91.50225812564895 107.39377366454573 73.353101537417388
leaf_count=18030 8076 13424 18673 1164 24195 56082 14499 9141
internal_value=-0.000101529 -0.0236864 0.000587764 0.00519516 0.0184535 0.0010428 0.00456364 0.000509748
internal_weight=1750.97 49.7208 1701.25 833.493 198.784 634.709 543.207 435.813
internal_count=163284 21500 141784 123754 25359 98395 42313 27814
is_linear=0
shrinkage=0.0750466


Tree=102
num_leaves=9
num_cat=0
split_feature=113 22 58 125 148 22 58 71
split_gain=4.73046 4.91005 6.22088 6.57854 6.76293 6.16349 5.92878 6.33413
threshold=-2054.4999999999995 305328.60000000003 232.54500000000004 -4536.1249999999991 3.52 -22789.309999999994 1208.2600000000002 1.0000000180025095e-35
decision_type=8 2 2 8 8 2 2 2
left_child=-1 2 5 -4 6 -2 7 -5
right_child=1 -3 3 4 -6 -7 -8 -9
leaf_value=-0.016609440054719881 0.015168574228874262 -0.023238109567478512 -0.011081734110876354 -0.0023478282950333482 0.057108477028195076 -0.003439167989907239 0.0048509419792839969 0.038153551429066644
leaf_weight=92.578398521189229 111.34474190717447 46.43412180012092 80.659286314476049 31.280021329424926 18.174972576249274 1006.4797829700692 292.89430390197958 71.36205158251687
leaf_count=11983 2333 20550 24387 5489 3654 48951 43134 2803
internal_value=-9.99536e-05 0.000821543 0.0015145 0.00852435 0.0123469 -0.00158568 0.01029 0.0258108
internal_weight=1751.21 1658.63 1612.2 494.371 413.711 1117.82 395.536 102.642
internal_count=163284 151301 130751 79467 55080 51284 51426 8292
is_linear=0
shrinkage=0.0750466


Tree=103
num_leaves=9
num_cat=0
split_feature=21 16 153 32 150 0 0 150
split_gain=5.14744 8.6883 6.24795 7.1444 5.47845 5.39056 9.1222 5.45552
threshold=1.0000000180025095e-35 -1222.1199999999997 475.06500000000005 1.0000000180025095e-35 3519.0050000000006 46112960.000000007 59645539.500000007 1.0000000180025095e-35
decision_type=2 2 8 2 10 2 2 10
left_child=1 -1 4 -4 5 7 -7 -2
right_child=2 -3 3 -5 -6 6 -8 -9
leaf_value=0.031219574165744897 -0.009934107060739137 -0.0015330319931093333 -0.0040269631320502567 -0.029678183353832349 0.022124470145602756 0.020776281737131624 -0.0061722603677845586 0.009527133293981813
leaf_weight=76.003659614332719 287.90040222858079 114.0835852183227 726.94915321373264 66.768767950488837 78.295778281622916 162.08431687857956 125.53639967137133 112.9538035398291
leaf_count=818 10785 4983 93908 28274 7979 5879 4821 5837
internal_value=-9.71417e-05 0.0115626 -0.00151745 -0.00618478 0.00331391 0.00117471 0.00901418 -0.00445027
internal_weight=1750.58 190.087 1560.49 793.718 766.771 688.475 287.621 400.854
internal_count=163284 5801 157483 122182 35301 27322 10700 16622
is_linear=0
shrinkage=0.0750466


Tree=104
num_leaves=9
num_cat=0
split_feature=7 149 135 72 16 151 135 16
split_gain=4.97424 12.6761 7.87355 11.7899 8.49789 6.28652 7.22422 10.4442
threshold=1655.0800000000002 489.50000000000006 -1048.9999999999998 533.71500000000015 -10288.865 1.5000000000000002 -805.49999999999989 -7736.8999999999987
decision_type=2 8 8 2 2 8 8 2
left_child=5 -2 -3 -4 -5 -1 -7 -8
right_child=1 2 3 4 -6 6 7 -9
leaf_value=-0.015505737917111118 -0.026657978477741245 0.014625094392418376 0.034339213746260866 0.013422329950411862 -0.010840024000785998 0.0057317160725115397 0.025743060077844205 -0.017280167090904918
leaf_weight=209.19724407515605 70.900557220433257 366.10968002943264 49.911206601187587 111.42869069709559 300.72420616651652 396.56827882188372 37.545724970419542 206.87437044360559
leaf_count=18501 3793 33432 14480 1459 14434 56520 1362 19303
internal_value=-9.4333e-05 0.00379725 0.00640454 -0.000108888 -0.00428051 -0.0042097 -0.000523044 -0.0106713
internal_weight=1749.26 899.074 828.174 462.064 412.153 850.186 640.988 244.42
internal_count=163284 67598 63805 30373 15893 95686 77185 20665
is_linear=0
shrinkage=0.0750466


Tree=105
num_leaves=9
num_cat=0
split_feature=50 99 153 153 52 97 5 16
split_gain=8.52442 5.6309 10.3963 7.06404 9.17243 11.4998 16.3748 8.08375
threshold=1.0000000180025095e-35 1.0000000180025095e-35 3853.3050000000007 5389.9350000000004 16685.650000000005 36.500000000000007 34.500000000000007 -10288.865
decision_type=2 2 8 8 2 2 2 2
left_child=1 3 -3 4 5 -1 -7 -5
right_child=-2 2 -4 7 -6 6 -8 -9
leaf_value=0.0012189126610749413 -0.034603824715115632 -0.0053677354811569626 0.046430130256150982 0.0074841606577847244 -0.019945604448402529 0.068697189558791269 0.011323781105549208 -0.013944437084525543
leaf_weight=853.43884561449522 39.402901234789169 45.926504185132217 41.581631647946779 138.51323537505232 90.681579872732982 34.148864139657235 156.02047433133703 348.87714695816976
leaf_count=29499 11035 2508 2211 5857 58986 1985 14645 36558
internal_value=-9.34299e-05 0.000702158 0.0192453 -0.000298455 0.00294831 0.00493762 0.0216264 -0.00785457
internal_weight=1748.59 1709.19 87.5081 1621.68 1134.29 1043.61 190.169 487.39
internal_count=163284 152249 4719 147530 105115 46129 16630 42415
is_linear=0
shrinkage=0.0750466


Tree=106
num_leaves=9
num_cat=0
split_feature=10 97 138 4 39 97 7 97
split_gain=5.3034 5.72715 8.46866 6.1212 5.90045 4.40875 3.87579 8.14792
threshold=-3005.3049999999998 147.50000000000003 24328.295000000002 1.5000000000000002 58697.880000000012 3.5000000000000004 5005.1550000000016 11.500000000000002
decision_type=2 2 10 2 2 2 2 2
left_child=5 3 -3 4 6 -1 -2 -8
right_child=1 2 -4 -5 -6 -7 7 -9
leaf_value=0.010930185221511913 0.00093483113330216153 0.063775278949958089 -0.013970785632364834 -0.025103837115523556 -0.02439389834899474 -0.026830315568733137 0.033628095984734555 -0.010639481456040318
leaf_weight=23.143181934865424 1421.4729863204702 19.311033541482175 13.34286525059724 51.861623836535728 49.51173493960232 70.345989926849143 59.952584648068296 38.426601376209874
leaf_count=3176 99738 4093 6259 2045 12267 23416 4131 8159
internal_value=-9.32317e-05 0.000889748 0.0320071 0.000262998 0.00110128 -0.0174827 0.00193183 0.0163373
internal_weight=1747.37 1653.88 32.6539 1621.23 1569.36 93.4892 1519.85 98.3792
internal_count=163284 136692 10352 126340 124295 26592 112028 12290
is_linear=0
shrinkage=0.0750466


Tree=107
num_leaves=9
num_cat=0
split_feature=33 17 56 125 33 82 9 5
split_gain=6.21055 10.0452 6.08505 5.97124 5.17375 6.26619 7.86818 16.5462
threshold=32887.870000000003 2.5000000000000004 8668.8100000000031 -12437.629999999999 1.0000000180025095e-35 1.0000000180025095e-35 3165.5400000000004 47.500000000000007
decision_type=2 2 2 10 2 2 2 2
left_child=2 -2 4 -4 5 -1 -7 -8
right_child=1 -3 3 -5 -6 6 7 -9
leaf_value=-0.0017585715121430053 -0.02874184211124681 0.058266906897778352 -0.042328133467567586 0.027649284737675774 0.023124880465276831 0.0063979260274412619 0.10535666255927965 -0.012557787676946859
leaf_weight=1210.8271099255217 75.064696199580794 8.2992100474948511 32.53460453345906 8.7052651709818729 60.731935479168897 323.45381981355604 13.943086868268439 12.906246560785801
leaf_count=46229 25664 1969 12507 4596 7610 58831 2506 3372
internal_value=-9.09915e-05 -0.0200798 0.000910957 -0.0275567 0.00163482 0.0007988 0.00963839 0.0486762
internal_weight=1746.47 83.3639 1663.1 41.2399 1621.86 1561.13 350.303 26.8493
internal_count=163284 27633 135651 17103 118548 110938 64709 5878
is_linear=0
shrinkage=0.0750466


Tree=108
num_leaves=9
num_cat=0
split_feature=113 138 16 116 71 13 16 52
split_gain=4.16684 5.62414 5.10378 7.62389 6.78543 5.40389 5.58746 11.0547
threshold=-2054.4999999999995 3423.4750000000004 2347.2300000000005 2777.4150000000004 1.5000000000000002 1.5000000000000002 -471.88999999999993 16685.650000000005
decision_type=8 10 2 8 2 2 2 2
left_child=1 -1 4 -4 5 6 -2 -8
right_child=2 -3 3 -5 -6 -7 7 -9
leaf_value=-0.00091365483395399101 -0.0028230835535180548 -0.039169105902478407 0.0001990756143564713 -0.073425652726468074 0.035485627925927771 -0.032780187305871587 0.0093693447661530958 -0.021571922107500141
leaf_weight=55.990303006023169 857.1776723069197 35.282528528492549 20.485854874859797 12.914995974337215 32.177859381132293 26.732226506341249 633.47589486303332 72.473087970050983
leaf_count=3565 49167 8418 4198 2710 1252 543 43079 50352
internal_value=-9.14888e-05 -0.0157017 0.000769184 -0.0282692 0.00136714 0.0006766 0.00124877 0.0061929
internal_weight=1746.71 91.2728 1655.44 33.4009 1622.04 1589.86 1563.13 705.949
internal_count=163284 11983 151301 6908 144393 143141 142598 93431
is_linear=0
shrinkage=0.0750466


Tree=109
num_leaves=9
num_cat=0
split_feature=33 33 24 56 17 9 127 17
split_gain=5.46802 6.71683 5.3525 7.25864 5.96893 5.87301 8.31954 5.24646
threshold=17595.285000000003 1.0000000180025095e-35 1.0000000180025095e-35 280.34000000000003 3.5000000000000004 2798.8850000000007 3462.5000000000005 2.5000000000000004
decision_type=2 2 2 2 2 2 10 2
left_child=1 2 -1 4 5 6 -4 -2
right_child=7 -3 3 -5 -6 -7 -8 -9
leaf_value=-0.0023084951507253934 -0.023047467414869519 0.029170097537423292 0.014251610591774487 -0.0079966254856351036 0.05588138573796482 0.049061207111756891 -0.024860769982256458 0.034031053908196419
leaf_weight=1217.9274528305978 88.870975691563217 46.136572812116356 192.98583039984806 114.19378554496507 18.365442619891837 21.503325676050736 36.407170855760342 10.100244629822553
leaf_count=38334 29014 4857 32122 40600 2347 4184 9601 2225
internal_value=-8.98665e-05 0.000939338 0.000125997 0.00785841 0.0145825 0.0115595 0.00804405 -0.0172225
internal_weight=1746.49 1647.52 1601.38 383.456 269.262 250.896 229.393 98.9712
internal_count=163284 132045 127188 88854 48254 45907 41723 31239
is_linear=0
shrinkage=0.0750466


Tree=110
num_leaves=9
num_cat=0
split_feature=21 7 51 32 149 7 7 5
split_gain=4.91846 5.46511 6.43601 5.706 4.7727 5.8598 5.22328 5.69232
threshold=1.0000000180025095e-35 1.0000000180025095e-35 1.0000000180025095e-35 2.5000000000000004 489.50000000000006 1842.0450000000003 1655.0800000000002 67.500000000000014
decision_type=2 2 2 2 8 2 2 2
left_child=-1 2 -2 4 5 -3 7 -6
right_child=1 3 -4 -5 6 -7 -8 -9
leaf_value=0.011347629834156801 -0.0067683134858703507 0.00022656642497867566 -0.04138991308878185 -0.029721455025391662 -0.00065807878887005531 -0.030690842282055649 0.0068052365012744014 -0.028576209379021996
leaf_weight=188.89485962984327 214.35589034954319 91.47791496431455 35.20694052996987 34.33939911199559 364.26844975964923 55.455011494021164 716.53753750599572 46.367536650039256
leaf_count=5801 16546 7447 25545 8504 37753 3085 55924 2679
internal_value=-8.86721e-05 -0.00147522 -0.0116525 0.000465919 0.00127952 -0.0114422 0.00293786 -0.00381049
internal_weight=1746.9 1558.01 249.563 1308.45 1274.11 146.933 1127.17 410.636
internal_count=163284 157483 42091 115392 106888 10532 96356 40432
is_linear=0
shrinkage=0.0750466


Tree=111
num_leaves=9
num_cat=0
split_feature=50 95 127 112 85 85 107 97
split_gain=7.5811 4.71541 4.52054 4.48519 6.04542 6.41396 5.19654 4.60857
threshold=1.0000000180025095e-35 5.5000000000000009 991.50000000000011 720815.33500000008 2404.6500000000005 35229.000000000007 171.50000000000003 20.500000000000004
decision_type=2 2 10 10 2 2 2 2
left_child=1 3 -2 6 -5 -6 -1 -8
right_child=2 -3 -4 4 5 -7 7 -9
leaf_value=-0.00011091083519524407 2.411653343610344e-05 0.02544648043733436 -0.053214641762717216 0.0083789347992289324 0.1109268290427023 0.0040277928997602547 -0.060670833914828533 -0.01016449829960798
leaf_weight=1529.4999432643817 14.422189840784993 42.138611900722026 23.815095205209218 73.411693464266136 7.2292108469846408 5.6174656841467367 14.350779121188678 34.968512181570986
leaf_count=110574 1577 3163 9458 7724 3569 3797 6967 16455
internal_value=-8.63859e-05 0.000653802 -0.0331343 2.63663e-05 0.01669 0.0641831 -0.000884046 -0.0248607
internal_weight=1745.45 1707.22 38.2373 1665.08 86.2584 12.8467 1578.82 49.3193
internal_count=163284 152249 11035 149086 15090 7366 133996 23422
is_linear=0
shrinkage=0.0750466


Tree=112
num_leaves=9
num_cat=0
split_feature=8 153 131 95 20 149 72 153
split_gain=4.73823 10.4212 6.05456 6.09452 4.96323 4.77414 4.51014 4.92801
threshold=-8804.7999999999975 7043.8650000000007 392.95500000000004 5.5000000000000009 55.415000000000006 489.50000000000006 1579.1950000000002 1.0000000180025095e-35
decision_type=2 10 10 2 2 8 2 10
left_child=1 -1 3 5 -3 6 7 -2
right_child=2 4 -4 -5 -6 -7 -8 -9
leaf_value=0.033926202050215806 0.011964237358663239 -0.035444697229438583 -0.015797296172089418 0.032527457271652523 0.02691944446420106 0.0011531306874075194 -0.02559919450977266 -0.027030830024262129
leaf_weight=63.7373426779086 57.172853042080533 24.542088849033462 142.99914286796411 32.460340130593977 10.163528395103638 1309.8647091562307 77.374421653599711 26.811575217405334
leaf_count=8669 4418 4310 35185 1899 3664 98085 1533 5521
internal_value=-8.48415e-05 0.0159085 -0.00104096 0.000362353 -0.0171814 -0.000347321 -0.0125276 -0.000484727
internal_weight=1745.13 98.443 1646.68 1503.68 34.7056 1471.22 161.359 83.9844
internal_count=163284 16643 146641 111456 7974 109557 11472 9939
is_linear=0
shrinkage=0.0750466


Tree=113
num_leaves=9
num_cat=0
split_feature=39 11 18 138 120 11 80 138
split_gain=4.36604 4.4822 5.71819 6.76945 8.69474 5.89492 11.6404 5.75107
threshold=313319.83000000002 52.845000000000006 1.0000000180025095e-35 1513.9350000000002 126684.00000000001 180.44000000000003 1.5000000000000002 97358.630000000019
decision_type=2 2 2 10 10 2 2 10
left_child=1 -1 -3 5 -5 -4 -7 -6
right_child=-2 2 3 4 7 6 -8 -9
leaf_value=-0.003348460928633507 -0.026614201314383579 0.018047548728385085 -0.00022009326801340537 -0.013865241582167455 0.009784106002486366 0.042213830079904757 -0.0089424572645005612 -0.029018801689605075
leaf_weight=865.3176237497828 34.247377226449316 142.41816996542912 103.5893235061958 231.69969699993089 232.57940951407363 73.019478432106553 38.134230678348104 23.704555817123037
leaf_count=18281 11043 6153 4454 43064 57168 7112 5340 10669
internal_value=-8.30509e-05 0.000448164 0.00433541 0.00155644 -0.00332976 0.0126599 0.0246633 0.0061951
internal_weight=1744.71 1710.46 845.145 702.727 487.984 214.743 111.154 256.284
internal_count=163284 152241 133960 127807 110901 16906 12452 67837
is_linear=0
shrinkage=0.0750466


Tree=114
num_leaves=9
num_cat=0
split_feature=50 5 99 22 5 5 9 140
split_gain=6.72269 4.66265 4.57833 7.24503 3.30543 11.5913 7.90769 7.0141
threshold=1.0000000180025095e-35 63.500000000000007 1.0000000180025095e-35 -1525.53 61.500000000000007 67.500000000000014 1656.3400000000004 7173.1900000000014
decision_type=2 2 2 2 2 2 2 10
left_child=2 -2 4 -4 7 6 -6 -1
right_child=1 -3 3 -5 5 -7 -8 -9
leaf_value=-0.0043079771772460843 -0.05315713244019634 0.0012808137826692623 0.039159741896011957 -0.0039308313062969896 0.0069092942037077502 -0.0070272056231985239 0.043086330381816577 0.010514237252215345
leaf_weight=1109.0358434909576 22.467734090372687 14.631918867584316 43.28419015937834 44.638414299988654 77.816027275519446 157.91964555410959 60.473634270078037 214.60039317111659
leaf_count=67602 7316 3719 836 3883 5853 9475 4334 60266
internal_value=-8.24604e-05 -0.0316871 0.00060412 0.0172826 -0.000301161 0.0068651 0.0227294 -0.00190486
internal_weight=1744.87 37.0997 1707.77 87.9226 1619.85 296.209 138.29 1323.64
internal_count=163284 11035 152249 4719 147530 19662 10187 127868
is_linear=0
shrinkage=0.0750466


Tree=115
num_leaves=9
num_cat=0
split_feature=115 97 138 74 137 134 134 137
split_gain=3.09502 7.24087 11.0492 6.43631 8.92179 6.33109 5.67855 4.67874
threshold=2964.0000000000005 41.500000000000007 24328.295000000002 2305.3550000000005 46958.700000000004 160466.40000000002 214834.95000000004 42061.195000000014
decision_type=10 2 8 2 10 10 10 10
left_child=-1 3 5 4 -2 -3 -5 -4
right_child=1 2 7 6 -6 -7 -8 -9
leaf_value=0.0010274326541362666 -0.042359393281597213 0.074208344620891792 -0.044539868949720847 0.041684997429804846 0.025914185969923689 0.0083484368243295481 -0.020590530917261755 0.0061875335990444636
leaf_weight=1553.5350987066195 70.530364776888746 16.648806748053175 18.579878477525199 14.836382221779784 12.724542085707069 16.238282358754077 18.565564831144002 22.813672327414679
leaf_count=115326 13385 3410 6706 2051 3739 3693 3688 11286
internal_value=-8.07609e-05 -0.00909742 0.0092172 -0.0207592 -0.0319246 0.0416895 0.00707084 -0.0165819
internal_weight=1744.47 190.937 74.2806 116.657 83.2549 32.8871 33.4019 41.3936
internal_count=163284 47958 25095 22863 17124 7103 5739 17992
is_linear=0
shrinkage=0.0750466


Tree=116
num_leaves=9
num_cat=0
split_feature=10 8 6 6 80 73 125 20
split_gain=4.70767 9.28971 7.95182 6.66059 5.20776 6.04643 5.77826 5.614
threshold=-3005.3049999999998 -8804.7999999999975 105.50000000000001 31.500000000000004 4.5000000000000009 9.5000000000000018 -11091.484999999999 16705.170000000002
decision_type=2 2 2 2 2 2 8 2
left_child=3 2 -2 -1 5 -3 -7 -8
right_child=1 4 -4 -5 -6 6 7 -9
leaf_value=0.044871500138242489 0.0088357696919187101 0.00033077984988302736 0.06789044880893351 -0.023253084418097137 0.017907762116830369 -0.056027922662402675 -0.017246289553387393 0.025065189037133132
leaf_weight=8.9557359556783904 33.733614405995468 1368.1746814865764 20.734894329070812 82.932791000159341 84.708773308360833 17.648998265794944 106.17962594208075 21.184830071753822
leaf_count=1701 3748 76080 2912 24891 19391 6882 19474 8205
internal_value=-8.04656e-05 0.000838939 0.0313165 -0.0166135 -0.000199969 -0.00121365 -0.015785 -0.0102085
internal_weight=1744.25 1652.37 54.4685 91.8885 1597.9 1513.19 145.013 127.364
internal_count=163284 136692 6660 26592 130032 110641 34561 27679
is_linear=0
shrinkage=0.0750466


Tree=117
num_leaves=9
num_cat=0
split_feature=50 127 153 18 10 134 135 18
split_gain=5.91952 4.28221 4.11745 7.42152 7.63845 6.73692 6.67481 5.11998
threshold=1.0000000180025095e-35 991.50000000000011 475.06500000000005 252.93500000000003 1.0000000180025095e-35 139352.40000000002 -1263.4999999999998 7623.4400000000005
decision_type=2 10 8 2 2 8 10 2
left_child=2 -2 3 -1 -5 6 -4 -6
right_child=1 -3 5 4 7 -7 -8 -9
leaf_value=-0.002744903603239699 0.0020810077927827363 -0.050937086310717479 -0.023096940359167685 0.003952408764135302 0.016750652896302908 0.00096947944921207323 0.0028144982333069249 0.048290723798439621
leaf_weight=391.33382574745337 14.097088297174194 21.922617159871152 153.0009977426962 249.09629156015581 101.4945932526316 684.13530533364974 88.306924824326416 40.575562435726169
leaf_count=4841 1577 9458 25765 20852 3223 79021 13642 4905
internal_value=-8.00002e-05 -0.0301873 0.000554948 0.00456215 0.0118723 -0.0028333 -0.0136146 0.0257586
internal_weight=1743.96 36.0197 1707.94 782.5 391.166 925.443 241.308 142.07
internal_count=163284 11035 152249 33821 28980 118428 39407 8128
is_linear=0
shrinkage=0.0750466


Tree=118
num_leaves=9
num_cat=0
split_feature=64 17 146 134 32 21 6 6
split_gain=4.19898 4.07711 5.14732 3.74985 3.73281 4.45716 4.44549 3.34126
threshold=25194.515000000003 3.5000000000000004 1.0000000180025095e-35 93605.400000000009 2.5000000000000004 1.0000000180025095e-35 47.500000000000007 131.50000000000003
decision_type=2 2 10 8 2 2 2 2
left_child=1 2 4 -2 7 -6 -7 -1
right_child=3 -3 -4 -5 5 6 -8 -9
leaf_value=0.0020637943351498418 0.023047142104199662 0.018281718459082514 0.01764171282969431 -0.027823690931295809 0.0098478123847074717 0.00776324064926314 -0.055065159918668956 -0.0054743040806941694
leaf_weight=976.97481111163506 9.7401623770856514 70.501303250843193 86.610834628198063 50.332278622772719 16.687375329434872 8.711032679435446 23.328240709932288 500.98873529874982
leaf_count=64403 2556 6046 10633 18732 1304 1347 7025 51238
internal_value=-7.91349e-05 0.00061643 -0.000155544 -0.0195755 -0.0011652 -0.0216024 -0.037983 -0.000491412
internal_weight=1743.87 1683.8 1613.3 60.0724 1526.69 48.7266 32.0393 1477.96
internal_count=163284 141996 135950 21288 125317 9676 8372 115641
is_linear=0
shrinkage=0.0750466


Tree=119
num_leaves=9
num_cat=0
split_feature=50 16 5 11 95 5 137 11
split_gain=5.18037 4.75381 4.43643 4.36057 4.95698 9.3093 7.35273 5.37656
threshold=1.0000000180025095e-35 2347.2300000000005 63.500000000000007 18.395000000000003 1.5000000000000002 57.500000000000007 11960.225000000002 475.70500000000004
decision_type=2 2 2 2 2 2 8 2
left_child=1 3 -2 -1 -5 6 -6 -8
right_child=2 -3 -4 4 5 -7 7 -9
leaf_value=-0.0038373711828757792 -0.050816969979541743 -0.027678328735051827 0.0036007579807051009 0.0023449437731461907 0.058016342770256038 -0.018366374417059201 -0.011298510087706904 0.044901031520235328
leaf_weight=634.85586027096724 20.735230151716678 33.047015657502925 14.226538149683618 938.42735130754591 35.581781471963041 26.677153966782498 24.036187349192915 15.949031329204443
leaf_count=12370 7316 6331 3719 123843 1890 1995 2021 3799
internal_value=-7.67765e-05 0.000508384 -0.0286735 0.00106432 0.00405457 0.019746 0.0332007 0.011118
internal_weight=1743.54 1708.57 34.9618 1675.53 1040.67 102.244 75.567 39.9852
internal_count=163284 152249 11035 145918 133548 9705 7710 5820
is_linear=0
shrinkage=0.0750466


Tree=120
num_leaves=9
num_cat=0
split_feature=113 0 135 64 46 0 123 96
split_gain=3.71247 3.78632 4.33613 3.75959 3.46216 5.25307 7.15087 4.12121
threshold=-2054.4999999999995 49848695.500000007 -2114.9999999999995 25194.515000000003 1.0000000180025095e-35 56872981.500000007 12.500000000000002 1.0000000180025095e-35
decision_type=8 2 10 2 2 2 8 2
left_child=1 2 -1 4 7 6 -6 -2
right_child=3 -3 -4 -5 5 -7 -8 -9
leaf_value=0.026499029815160991 -0.0017748739471035399 -0.033339940520741219 -0.018165144910904877 -0.018341461397615961 -0.0062200096617617967 0.024000124008925192 -0.057324375244456244 0.0060777833684721666
leaf_weight=19.139206303167157 732.3974494105787 36.999799831726705 33.968959840436582 56.217944405005255 50.863624380581314 17.56378971299273 22.130068102516816 774.382704203912
leaf_count=1894 32408 4480 5609 20261 10758 1844 2269 83761
internal_value=-7.53502e-05 -0.0149094 -0.002069 0.000733006 0.00140433 -0.0128474 -0.0217137 0.00226086
internal_weight=1743.66 90.108 53.1082 1653.56 1597.34 90.5575 72.9937 1506.78
internal_count=163284 11983 7503 151301 131040 14871 13027 116169
is_linear=0
shrinkage=0.0750466


Tree=121
num_leaves=9
num_cat=0
split_feature=33 99 138 33 105 121 105 147
split_gain=4.4077 6.76436 4.64015 3.80186 3.4219 6.19986 10.5289 7.52025
threshold=27559.105000000007 1.0000000180025095e-35 5216.3500000000013 1.0000000180025095e-35 1.0000000180025095e-35 inf 1.5000000000000002 -1.0000000180025095e-35
decision_type=2 2 10 2 2 8 2 8
left_child=3 2 -2 4 -1 -6 -7 -8
right_child=1 -3 -4 -5 5 6 7 -9
leaf_value=-0.00076786457183769736 -0.012187349095022381 0.05135154721484618 -0.053808262399186471 0.019233325992849399 -0.018664509022768033 0.061349709442439809 -0.031229712052949065 0.036463231273942839
leaf_weight=1511.8918586532454 54.498145911304164 7.4284638597018775 20.860277106141439 60.517337753000902 23.427313690408482 27.748992192457081 19.874840532109374 17.278160348214442
leaf_count=101749 6909 1048 20878 7261 10234 5438 7827 1940
internal_value=-7.32386e-05 -0.0169735 -0.0237086 0.000769228 7.09509e-05 0.0144286 0.026374 0.000251178
internal_weight=1743.53 82.7869 75.3584 1660.74 1600.22 88.3293 64.902 37.153
internal_count=163284 28835 27787 134449 127188 25439 15205 9767
is_linear=0
shrinkage=0.0750466


Tree=122
num_leaves=9
num_cat=0
split_feature=56 108 7 52 116 107 51 72
split_gain=4.44719 4.82633 4.68514 8.55886 24.3672 9.65668 5.72802 11.4616
threshold=11582.655000000002 1.0000000180025095e-35 1655.0800000000002 1.0000000180025095e-35 -1.0000000180025095e-35 45.500000000000007 1.0000000180025095e-35 533.71500000000015
decision_type=2 2 2 2 10 2 2 2
left_child=1 2 6 -4 -5 -6 -1 -8
right_child=-2 -3 3 4 5 -7 7 -9
leaf_value=-0.0018526760932014834 -0.028833911567438392 0.028251324628925843 0.0020242580588902656 0.13311615957315256 0.071447072164026931 -0.023833103801263845 -0.026414351156059012 0.092850443775493355
leaf_weight=707.30801155483641 29.762070149794454 34.403851989802206 828.65661045214802 10.929463110427603 8.2538335048593598 21.849801821284927 97.439997848203348 4.7598608876287463
leaf_count=32140 15033 4403 33601 2671 1340 20415 52958 723
internal_value=-7.29668e-05 0.000426557 -0.000143524 0.00368093 0.0371371 0.00229087 -0.0042523 -0.0208597
internal_weight=1743.36 1713.6 1679.2 869.69 41.0331 30.1036 809.508 102.2
internal_count=163284 148251 143848 58027 24426 21755 85821 53681
is_linear=0
shrinkage=0.0750466


Tree=123
num_leaves=9
num_cat=0
split_feature=60 99 71 17 153 23 57 145
split_gain=3.60412 4.54496 5.09863 4.99216 6.37317 7.04053 6.34333 4.91827
threshold=1079.3350000000003 2.5000000000000004 1.5000000000000002 3.5000000000000004 475.06500000000005 2.5000000000000004 1.0000000180025095e-35 5.5000000000000009
decision_type=2 2 2 2 8 2 2 8
left_child=1 2 3 4 5 6 -1 -5
right_child=-2 -3 -4 7 -6 -7 -8 -9
leaf_value=0.0015730605370350868 -0.016997780264115015 0.02933339116928247 0.028395267287962135 0.0026027295671688625 -0.0058674299556388193 -0.022732839576841232 0.018267747782518731 0.046784539933143
leaf_weight=502.52648316735576 68.114791680120106 30.466558501138934 35.052964558883104 34.06794546652236 823.70608862675726 52.371140775547246 172.0712262338202 24.320076413307106
leaf_count=19162 18042 768 1475 3784 105333 2610 10186 1924
internal_value=-7.57592e-05 0.000612556 8.03394e-05 -0.000536493 -0.00134762 0.00377363 0.00583141 0.0210056
internal_weight=1742.7 1674.58 1644.12 1609.06 1550.67 726.969 674.598 58.388
internal_count=163284 145242 144474 142999 137291 31958 29348 5708
is_linear=0
shrinkage=0.0750466


Tree=124
num_leaves=9
num_cat=0
split_feature=39 120 20 39 56 4 10 8
split_gain=4.15577 5.72091 4.2315 5.13772 4.0166 3.99581 3.89961 6.07123
threshold=25863.355000000003 182988.00000000003 87620.260000000024 313319.83000000002 11582.655000000002 1.5000000000000002 567.17500000000007 14788.655000000001
decision_type=2 8 2 2 2 2 2 2
left_child=4 -2 3 -3 5 6 7 -1
right_child=1 2 -4 -5 -6 -7 -8 -9
leaf_value=0.0033773789084895595 -0.048349004435565363 0.044091886197842725 -0.054287071476691151 -0.016251730282026682 -0.028435967203671791 -0.019360984690450445 0.010485024036287665 -0.0077214194875640171
leaf_weight=966.85210513808124 23.469726664639893 14.036100060002353 7.0361139414526397 18.315451302150905 26.346607585488528 52.067881575014326 244.64376248295594 389.36301588561037
leaf_count=71096 5785 3549 4506 5034 12853 2175 16203 42083
internal_value=-7.38623e-05 -0.019019 -0.00154235 0.00992906 0.000635281 0.00109866 0.00176411 0.000190966
internal_weight=1742.13 62.8574 39.3877 32.3516 1679.27 1652.93 1600.86 1356.22
internal_count=163284 18874 13089 8583 144410 131557 129382 113179
is_linear=0
shrinkage=0.0750466


Tree=125
num_leaves=9
num_cat=0
split_feature=27 5 27 5 127 81 131 125
split_gain=3.45014 4.31283 3.2667 7.77868 9.7964 3.87155 3.73626 6.02264
threshold=35.500000000000007 39.500000000000007 23.500000000000004 45.500000000000007 3462.5000000000005 23460.585000000003 392.95500000000004 -2639.3199999999993
decision_type=2 2 2 2 8 2 10 10
left_child=2 -2 6 5 -5 -4 -1 -8
right_child=1 -3 3 4 -6 -7 7 -9
leaf_value=0.00092723627873684926 0.023142453957513392 -0.046835764299066225 0.029464575788029152 0.10208012798038128 -0.0028068912945929344 -0.041652934705469054 -0.02080609315009091 0.013851653911601211
leaf_weight=1532.4744840112689 6.8206793887875419 18.184344629211409 7.0951266473493915 10.94331037005759 9.257925377438367 10.98726712213829 107.0218252583436 38.360881539047114
leaf_count=105887 2850 8210 2415 3232 4052 4795 27004 4839
internal_value=-7.21923e-05 -0.0277476 0.000331053 0.0220071 0.054012 -0.013748 -0.000163529 -0.0116613
internal_weight=1741.15 25.005 1716.14 38.2836 20.2012 18.0824 1677.86 145.383
internal_count=163284 11060 152224 14494 7284 7210 137730 31843
is_linear=0
shrinkage=0.0750466


Tree=126
num_leaves=9
num_cat=0
split_feature=39 112 80 134 20 11 123 134
split_gain=3.63163 5.23983 4.93907 7.15294 5.67641 4.22169 6.91979 4.14679
threshold=25863.355000000003 164689.20000000004 1.0000000180025095e-35 720815.33500000008 8.2250000000000014 52.845000000000006 19.500000000000004 509372.61000000004
decision_type=2 8 2 8 2 2 10 8
left_child=5 -2 -3 4 -4 7 -7 -1
right_child=1 2 3 -5 -6 6 -8 -9
leaf_value=0.0011043565199212117 -0.046906262157462346 -0.031607922143140066 0.052087655942214636 0.094589417141622306 -0.038366180168772204 0.005947362060872592 -0.027092720308380551 -0.0095686026621336108
leaf_weight=521.82496496616659 22.414541981197544 17.190095993311843 6.405691361796932 5.6836583897602386 10.018287935898114 782.11918214593607 37.407839142790181 337.70841109652247
leaf_count=11987 5785 3079 1882 2906 5222 120478 5913 6032
internal_value=-7.17317e-05 -0.0179513 -0.00143609 0.0220244 -0.00308731 0.000585416 0.00443923 -0.00308902
internal_weight=1740.77 61.7123 39.2977 22.1076 16.424 1679.06 819.527 859.533
internal_count=163284 18874 13089 10010 7104 144410 126391 18019
is_linear=0
shrinkage=0.0750466


Tree=127
num_leaves=9
num_cat=0
split_feature=33 99 33 25 52 141 153 73
split_gain=3.98323 7.98531 5.09935 4.9633 6.08596 7.70825 6.85896 5.62177
threshold=17595.285000000003 1.0000000180025095e-35 1.0000000180025095e-35 1.0000000180025095e-35 1.0000000180025095e-35 38.570000000000007 6128.9250000000011 2.5000000000000004
decision_type=2 2 2 2 2 8 8 2
left_child=2 -2 3 -1 6 -6 -5 -7
right_child=1 -3 -4 4 5 7 -8 -9
leaf_value=-0.0022806581419602032 -0.021977867261485387 0.052569177350759944 0.024964339397814193 0.018799165227814867 -0.024593724033889035 -0.024095490586085129 -0.0082413542209737595 0.050438095326548402
leaf_weight=1214.5709281415038 86.338771081289451 8.9296804450859764 47.728955872560618 229.58218252928054 60.664781173400115 8.6950590183842014 68.622415897159954 16.542943669221131
leaf_count=38334 30122 1117 4857 22886 50296 1882 8720 5070
internal_value=-7.07902e-05 -0.0149904 0.000792527 7.08714e-05 0.00750655 -0.0100939 0.0125766 0.0247596
internal_weight=1741.68 95.2685 1646.41 1598.68 384.107 85.9028 298.205 25.238
internal_count=163284 31239 132045 127188 88854 57248 31606 6952
is_linear=0
shrinkage=0.0750466


Tree=128
num_leaves=9
num_cat=0
split_feature=45 46 131 118 71 147 25 118
split_gain=3.55679 3.33641 5.36782 4.99693 3.94052 3.98047 3.19556 5.31938
threshold=1.0000000180025095e-35 1.0000000180025095e-35 1.0000000180025095e-35 603.7750000000002 1.0000000180025095e-35 -7681.6749999999993 35114.595000000008 5692.1350000000011
decision_type=2 2 8 10 2 8 2 10
left_child=1 6 4 -4 5 -3 -1 -8
right_child=-2 2 3 -5 -6 -7 7 -9
leaf_value=0.0017297566160322194 -0.028019210670782495 -0.066656833497247409 -0.047390027023074967 0.0089119698855595463 0.017172769761672507 0.0049832554576880418 -0.026644978543841701 0.059810256419341977
leaf_weight=1571.7603413433753 25.273232033636305 7.6905097400740488 32.844063785640174 12.166849250483208 36.125475144363008 10.110517875305961 41.636534846329596 4.4350535325938827
leaf_count=114684 5159 4725 4339 4966 2483 1759 21893 3276
internal_value=-7.08558e-05 0.000340583 -0.0130377 -0.0321711 0.00293238 -0.0259671 0.00115872 -0.0183224
internal_weight=1742.04 1716.77 98.9374 45.0109 53.9265 17.801 1617.83 46.0716
internal_count=163284 158125 18272 9305 8967 6484 139853 25169
is_linear=0
shrinkage=0.0750466


Tree=129
num_leaves=9
num_cat=0
split_feature=56 39 7 149 95 81 138 118
split_gain=3.39987 3.66811 3.71251 5.68428 4.22262 10.7277 5.69576 5.19408
threshold=11582.655000000002 313319.83000000002 2050.3150000000005 489.50000000000006 1.5000000000000002 1.0000000180025095e-35 10376.35 694.53000000000009
decision_type=2 2 2 8 2 2 8 10
left_child=1 2 4 -4 7 -6 -7 -1
right_child=-2 -3 3 -5 5 6 -8 -9
leaf_value=-0.0017118708074186383 -0.025960126887245218 -0.025421768455438091 -0.020840369978413313 0.0075995044938952381 -0.018566183620036404 0.058623656950149462 0.011402486320490342 -0.022609908973377474
leaf_weight=918.8384584803207 28.103415399295045 30.536478990812611 42.618825926008867 555.21237751845911 36.310590042106924 27.024766292015556 30.76077531628107 72.249094465376402
leaf_count=69108 15033 9581 2478 41662 1491 993 4206 18732
internal_value=-6.90722e-05 0.000355559 0.00082326 0.00557205 -0.00179286 0.0134 0.0334866 -0.00323531
internal_weight=1741.65 1713.55 1683.01 597.831 1085.18 94.0961 57.7855 991.088
internal_count=163284 148251 138670 44140 94530 6690 5199 87840
is_linear=0
shrinkage=0.0750466


Tree=130
num_leaves=9
num_cat=0
split_feature=22 140 80 83 83 153 10 13
split_gain=3.45722 7.82403 4.91269 11.3561 7.87432 10.9401 6.12886 3.85843
threshold=305328.60000000003 7173.1900000000014 4.5000000000000009 1407.6450000000002 68621.085000000006 651.0150000000001 -1249.4199999999998 1.5000000000000002
decision_type=2 10 2 2 2 10 2 2
left_child=2 -2 7 -4 5 -5 -6 -1
right_child=1 -3 3 4 6 -7 -8 -9
leaf_value=3.556634454497973e-05 0.0025442867894334945 -0.061758022684919769 -0.028703647508469668 0.090494817830419363 -0.051691644972838229 0.01885677686168372 0.025709201158519636 -0.025391981327874815
leaf_weight=1562.2598087505903 30.081355509733839 16.504108189445105 23.416979471134255 20.471882715341053 9.2592740655891266 29.031829938008741 15.253122831200015 34.34850452747196
leaf_count=117711 8076 13424 3533 2146 4016 10093 3461 824
internal_value=-6.77494e-05 -0.0202365 0.000486882 0.0168466 0.0312576 0.0484821 -0.00352807 -0.000511467
internal_weight=1740.63 46.5855 1694.04 97.4331 74.0161 49.5037 24.5124 1596.61
internal_count=163284 21500 141784 23249 19716 12239 7477 118535
is_linear=0
shrinkage=0.0750466


Tree=131
num_leaves=9
num_cat=0
split_feature=10 125 151 138 4 10 150 106
split_gain=3.22506 5.93534 3.86873 5.47918 3.50889 3.52531 5.4665 7.84613
threshold=-3005.3049999999998 -714.92999999999995 4.5000000000000009 44059.625000000007 1.5000000000000002 298.7000000000001 8303.6200000000008 2287.3500000000004
decision_type=2 10 10 10 2 2 10 2
left_child=1 2 -1 -4 5 6 -2 -8
right_child=4 -3 3 -5 -6 -7 7 -9
leaf_value=-0.037900100784152055 -0.0026168610384065876 0.046486037424833176 0.039008985594762839 -0.021374210698572132 -0.018960592862220505 0.0080191591795325933 0.0067283785807783457 0.063089459908258372
leaf_weight=37.437374265726248 1072.0635903049551 8.2675931104240572 11.660068229270108 30.870809423118772 49.701287225834676 344.00006365522131 171.45607113610458 15.139317470027889
leaf_count=6691 64030 2235 3949 13717 2098 23381 37422 9761
internal_value=-6.89463e-05 -0.0140481 -0.0203065 -0.00481983 0.000677538 0.00128655 -0.000553517 0.0113012
internal_weight=1740.6 88.2358 79.9683 42.5309 1652.36 1602.66 1258.66 186.595
internal_count=163284 26592 24357 17666 136692 134594 111213 47183
is_linear=0
shrinkage=0.0750466


Tree=132
num_leaves=9
num_cat=0
split_feature=8 153 127 20 20 8 81 81
split_gain=4.56917 7.98993 4.60708 4.44929 6.65037 14.6618 6.68809 4.57684
threshold=-8804.7999999999975 12251.985000000002 510.50000000000006 55.415000000000006 1.0000000180025095e-35 9683.5850000000009 5865.4350000000004 11730.585000000001
decision_type=2 10 8 2 2 2 2 2
left_child=1 2 -1 4 7 6 -6 -2
right_child=3 -3 -4 -5 5 -7 -8 -9
leaf_value=0.061738191873634878 0.0013162488926995752 -0.023978397926390536 0.017330327815586914 -0.0084505199627455899 0.021318820817512952 -0.0047099747837840216 0.066367471894670779 -0.010681379305521207
leaf_weight=16.920277884026291 886.78186296008062 22.184270419398672 59.162195282216999 354.72233575674181 47.665681075159227 98.232878859671473 30.397782410604123 224.38858991731831
leaf_count=2646 31755 4848 9149 63656 1944 11215 4202 33869
internal_value=-6.79317e-05 0.0156511 0.0272064 -0.00100854 0.00104187 0.014583 0.0388607 -0.00110654
internal_weight=1740.46 98.2667 76.0825 1642.19 1287.47 176.296 78.0635 1111.17
internal_count=163284 16643 11795 146641 82985 17361 6146 65624
is_linear=0
shrinkage=0.0750466


Tree=133
num_leaves=9
num_cat=0
split_feature=50 5 5 39 11 5 6 5
split_gain=4.35084 4.08752 3.56233 3.3714 3.71759 4.38345 4.28218 3.77084
threshold=1.0000000180025095e-35 63.500000000000007 44.500000000000007 313319.83000000002 52.845000000000006 67.500000000000014 123.50000000000001 59.500000000000007
decision_type=2 2 2 2 2 2 2 2
left_child=3 2 -2 4 7 -6 -7 -1
right_child=1 -3 -4 -5 5 6 -8 -9
leaf_value=-0.005111190066570433 -0.0058012544512739718 0.0039560021205968928 -0.072760863561130734 -0.024466007514713003 0.0064031174814032782 0.012985264594220995 -0.021707565679487742 0.0074176804364520605
leaf_weight=675.44900736855925 6.9347897064944872 14.144287821793112 12.614289843972072 30.025961456500227 738.40934346872382 29.148030961761833 64.109272404413787 169.17985334763944
leaf_count=14893 2290 3719 5026 9697 116997 2041 5985 2636
internal_value=-6.84956e-05 -0.0267739 -0.0490078 0.000458834 0.00090529 0.00446689 -0.0108642 -0.00260165
internal_weight=1740.01 33.6934 19.5491 1706.32 1676.3 831.667 93.2573 844.629
internal_count=163284 11035 7316 152249 142552 125023 8026 17529
is_linear=0
shrinkage=0.0750466


Tree=134
num_leaves=9
num_cat=0
split_feature=21 50 133 72 9 153 120 112
split_gain=4.10113 4.8343 4.317 4.22926 3.99146 3.95281 5.05012 7.8757
threshold=1.0000000180025095e-35 1.0000000180025095e-35 8.0000000000000018 1579.1950000000002 511.12500000000006 475.06500000000005 182988.00000000003 228031.20000000004
decision_type=2 2 10 2 2 8 8 8
left_child=4 2 5 -3 -1 -2 -7 -8
right_child=1 3 -4 -5 -6 6 7 -9
leaf_value=0.022303364491949786 0.0025908841510002526 0.010050686313552989 0.029895868516820981 -0.050728773061851425 0.0004279707507033774 -0.01347507288182054 0.020288275131439257 -0.0049588860631012577
leaf_weight=86.002424867328955 746.11028191479272 9.4687942369200773 25.447042952873744 20.209624459370389 103.52352780943329 264.17459119622072 84.182108870998491 401.35280907779088
leaf_count=3387 33148 6509 168 4376 2414 44893 18393 49996
internal_value=-6.65747e-05 -0.00134003 -0.000754817 -0.0313373 0.0103545 -0.00127625 -0.00512482 -0.00058153
internal_weight=1740.47 1550.95 1521.27 29.6784 189.526 1495.82 749.71 485.535
internal_count=163284 157483 146598 10885 5801 146430 113282 68389
is_linear=0
shrinkage=0.0750466


Tree=135
num_leaves=9
num_cat=0
split_feature=8 28 140 12 64 97 46 111
split_gain=3.71867 4.38555 8.98451 5.76645 4.98621 5.84321 2.77508 3.87756
threshold=-8804.7999999999975 26116.130000000005 2710.7250000000008 6.5000000000000009 4600.9100000000008 28.500000000000004 1.0000000180025095e-35 1.0000000180025095e-35
decision_type=2 2 8 2 2 2 2 8
left_child=1 2 -1 -3 5 -5 -2 -8
right_child=6 3 -4 4 -6 -7 7 -9
leaf_value=-0.0076154686411588875 -0.00016428460028085112 -0.059390888554666448 0.050677711761777725 -0.0080922430168458796 -0.044343382260355807 0.068665776826524236 -0.0037792098015405392 -0.037654472120620536
leaf_weight=25.472850702848518 1546.6459172224568 8.7552945171482843 35.845276940541225 12.098937532296992 7.220041532542381 10.375406252584069 66.191638115466048 26.710097190007218
leaf_count=2521 129586 1329 3008 2694 4085 3006 15042 2013
internal_value=-6.49945e-05 0.014002 0.0264615 -0.00586788 0.00991321 0.0273435 -0.000920984 -0.0135187
internal_weight=1739.32 99.7678 61.3181 38.4497 29.6944 22.4743 1639.55 92.9017
internal_count=163284 16643 5529 11114 9785 5700 146641 17055
is_linear=0
shrinkage=0.0750466


Tree=136
num_leaves=9
num_cat=0
split_feature=21 16 137 147 46 16 28 80
split_gain=3.40145 7.90481 2.98384 4.49936 4.21377 3.81597 4.1959 3.78246
threshold=1.0000000180025095e-35 -1517.8349999999998 1316.4200000000003 -1.0000000180025095e-35 1.0000000180025095e-35 -1222.1199999999997 10333.675000000001 5.5000000000000009
decision_type=2 2 8 8 2 2 2 2
left_child=1 -1 3 -2 7 -6 -7 -4
right_child=2 -3 4 -5 5 6 -8 -9
leaf_value=0.028707464640116979 0.014234903925577283 -0.0026855129514184732 -0.00363848047139286 -0.00086639532826460143 -0.040467128749466001 0.025169194347816826 -0.028071426206857729 0.017324189152945528
leaf_weight=73.407830779120559 149.60109749772528 117.45199185531237 849.17357618200185 431.96295915261726 32.39140208002209 15.004886425493167 18.7600172458624 51.412841894962185
leaf_count=769 6216 5032 103292 14550 6080 2139 8345 16861
internal_value=-6.41237e-05 0.00938874 -0.00122938 0.00301825 -0.00378463 -0.0220651 -0.00441167 -0.00244176
internal_weight=1739.17 190.86 1548.31 581.564 966.743 66.1563 33.7649 900.586
internal_count=163284 5801 157483 20766 136717 16564 10484 120153
is_linear=0
shrinkage=0.0750466


Tree=137
num_leaves=9
num_cat=0
split_feature=50 127 6 28 97 39 134 99
split_gain=3.34737 4.10373 3.46051 6.43043 3.86435 3.69872 3.83593 9.40702
threshold=1.0000000180025095e-35 991.50000000000011 289.50000000000006 2982.1750000000006 36.500000000000007 313319.83000000002 139352.40000000002 1.0000000180025095e-35
decision_type=2 10 2 2 2 2 10 2
left_child=2 -2 5 -4 -5 6 7 -1
right_child=1 -3 3 4 -6 -7 -8 -9
leaf_value=-0.0046895151239223906 0.008045051018835913 -0.046480770065704315 0.039434305443882357 -0.030576742582129512 0.022556329215301846 -0.028250908343475673 0.0045627612660167488 0.027811634543356483
leaf_weight=900.45053155712958 13.199771916180906 18.911602007166948 34.788050843664678 17.694689556446978 13.660975539445642 26.217102519294713 660.13059904481634 53.113686592521844
leaf_count=57449 1577 9458 986 2752 3988 8611 77020 1443
internal_value=-6.21525e-05 -0.0240673 0.000389672 0.0172191 -0.00742783 -0.000289123 0.000165162 -0.0028792
internal_weight=1738.17 32.1114 1706.06 66.1437 31.3557 1639.91 1613.69 953.564
internal_count=163284 11035 152249 7726 6740 144523 135912 58892
is_linear=0
shrinkage=0.0750466


Tree=138
num_leaves=9
num_cat=0
split_feature=33 151 113 140 151 4 80 74
split_gain=3.78246 5.76752 3.65548 3.55711 2.99004 6.90871 4.22254 7.77248
threshold=115002.37000000001 1.0000000180025095e-35 -2054.4999999999995 953.55500000000018 1.5000000000000002 1.0000000180025095e-35 7.5000000000000009 2806.0050000000006
decision_type=2 10 8 8 10 2 2 2
left_child=2 -2 3 -1 -4 6 -6 -8
right_child=1 -3 4 -5 5 -7 7 -9
leaf_value=0.015178427553348896 -0.0057827265340030078 -0.068878859269138684 -0.00089961817004910862 -0.022250086063163671 0.0026238395908584678 0.047461542535833144 0.0098598871933932401 0.10780373291182721
leaf_weight=18.041426282725297 31.344054033805151 11.03050246411294 1098.8019469180581 68.969060707779136 463.58125280415697 21.72816483045608 17.824884522204233 6.1332952164739245
leaf_count=2139 4062 10350 41254 8864 85844 1992 6280 2499
internal_value=-6.08322e-05 -0.0222073 0.000492796 -0.0144894 0.00130346 0.00605685 0.00421157 0.0349335
internal_weight=1737.45 42.3746 1695.08 87.0105 1608.07 509.268 487.539 23.9582
internal_count=163284 14412 148872 11003 137869 96615 94623 8779
is_linear=0
shrinkage=0.0750466


Tree=139
num_leaves=9
num_cat=0
split_feature=33 64 98 18 26 96 25 33
split_gain=3.35337 6.90994 5.70683 4.85175 4.58349 4.31586 4.18633 4.12711
threshold=17595.285000000003 1.0000000180025095e-35 1.0000000180025095e-35 1949.6600000000001 1.0000000180025095e-35 1.0000000180025095e-35 803.5100000000001 1.0000000180025095e-35
decision_type=2 2 2 2 2 2 2 2
left_child=7 2 3 -2 -5 -6 -7 -1
right_child=1 -3 -4 4 5 6 -8 -9
leaf_value=6.7818754281798283e-05 -0.026494944881714656 -0.064173311211203302 0.043848914630765054 0.07634012883478386 -0.051850449660431695 0.074553234217052275 -0.032453598400663121 0.022225892812701278
leaf_weight=1595.4456038258504 48.807287549527246 13.214760178954746 11.291317140370664 5.4125302915344955 6.2322600852567112 4.9878290862397989 3.5067111884563928 48.789352038656943
leaf_count=127188 5714 13573 1420 1148 3408 1669 4307 4857
internal_value=-6.06439e-05 -0.013889 -0.00560749 -0.0137069 0.0172846 -0.00441998 0.0303787 0.000725315
internal_weight=1737.69 93.4527 80.2379 68.9466 20.1393 14.7268 8.49454 1644.23
internal_count=163284 31239 17666 16246 10532 9384 5976 132045
is_linear=0
shrinkage=0.0750466


Tree=140
num_leaves=9
num_cat=0
split_feature=0 134 56 56 97 138 97 5
split_gain=3.27571 6.21997 7.37003 4.19511 9.97859 11.9952 7.62102 6.31332
threshold=15842220.000000002 106977.60000000002 525.36000000000013 1169.9700000000003 94.500000000000014 1513.9350000000002 94.500000000000014 55.500000000000007
decision_type=2 10 2 2 2 10 2 2
left_child=1 -1 -3 4 -2 -6 -5 -7
right_child=3 2 -4 6 5 7 -8 -9
leaf_value=0.0081877106123704017 0.00079496627019714388 -0.035522571484947633 0.021410671621866263 -0.0039855185588588693 0.10122649835325184 0.032101854209485838 -0.05114849361754889 -0.024740894849265234
leaf_weight=55.440233565866947 1378.1708697749273 65.543644330035022 15.91494325685562 134.05160126864212 11.26156928995624 39.208867335109971 22.540898985957028 15.298076548875541
leaf_count=3131 83662 6852 6346 37456 725 11007 10811 3294
internal_value=-6.04576e-05 -0.0112024 -0.0243993 0.000892553 0.00215782 0.0307162 -0.0107745 0.0161482
internal_weight=1737.43 136.899 81.4586 1600.53 1443.94 65.7685 156.593 54.5069
internal_count=163284 16329 13198 146955 98688 15026 48267 14301
is_linear=0
shrinkage=0.0750466


Tree=141
num_leaves=9
num_cat=0
split_feature=7 17 46 0 21 5 116 83
split_gain=3.40175 6.21667 4.6884 5.96943 3.65017 4.24864 4.09502 5.31768
threshold=1655.0800000000002 3.5000000000000004 1.0000000180025095e-35 49848695.500000007 1.0000000180025095e-35 67.500000000000014 7648.8500000000013 1407.6450000000002
decision_type=2 2 2 2 2 2 8 2
left_child=2 -2 4 -4 -1 6 -6 -8
right_child=1 -3 3 -5 5 -7 7 -9
leaf_value=0.011146575801614883 0.0017893741135495435 0.031882194444402066 -0.048279921733454599 0.013221328910549971 0.0012429613290791646 -0.021615269627772285 -0.021355983121376675 0.01037611254840088
leaf_weight=100.35622953184065 858.66423738550657 40.485742573073367 27.465203761930752 13.141338008790624 474.21019662904291 70.59345623349509 111.67439805265167 40.540605243404571
leaf_count=3631 63754 3844 7242 2530 55929 4826 7691 13837
internal_value=-6.16718e-05 0.00314435 -0.00350172 -0.0283765 -0.00223497 -0.00416163 -0.00219474 -0.0129045
internal_weight=1737.13 899.15 837.981 40.6065 797.375 697.019 626.425 152.215
internal_count=163284 67598 95686 9772 85914 82283 77457 21528
is_linear=0
shrinkage=0.0750466


Tree=142
num_leaves=9
num_cat=0
split_feature=8 7 9 137 120 146 137 112
split_gain=3.15977 4.86112 6.74753 5.61903 8.21797 4.63132 4.57628 5.05083
threshold=-8804.7999999999975 1.0000000180025095e-35 511.12500000000006 7430.2150000000011 126684.00000000001 1.0000000180025095e-35 31032.320000000003 190026.00000000003
decision_type=2 2 2 8 10 8 10 8
left_child=6 2 3 -2 -5 -4 -1 -8
right_child=1 -3 5 4 -6 -7 7 -9
leaf_value=0.024522421608759483 -0.018065721342461531 0.0006786363337716319 -0.041437764839595735 -0.0076774295740896564 0.044726279408905049 0.018425228572811623 -0.054132304129555157 0.0089997189374016254
leaf_weight=65.660332274652319 69.619092298555188 1434.7095366558679 51.225926019375038 45.294572422950296 26.841643507206754 8.4841256726285774 10.00864472620742 24.876721373278997
leaf_count=6957 3635 117129 14726 4724 4794 1633 2544 7142
internal_value=-6.06979e-05 -0.000854223 -0.0117703 -0.0028566 0.0118218 -0.0329319 0.0128523 -0.00911292
internal_weight=1736.72 1636.17 201.465 141.755 72.1362 59.7101 100.546 34.8854
internal_count=163284 146641 29512 13153 9518 16359 16643 9686
is_linear=0
shrinkage=0.0750466


Tree=143
num_leaves=9
num_cat=0
split_feature=127 5 127 22 82 5 120 20
split_gain=2.99446 4.43901 4.32666 8.88933 6.6854 8.22358 7.51209 8.39783
threshold=145.50000000000003 43.500000000000007 1221.5000000000002 -9370.4499999999989 1.0000000180025095e-35 59.500000000000007 211140.00000000003 16705.170000000002
decision_type=8 2 8 2 2 2 10 2
left_child=1 -1 -2 -4 5 -5 -6 -8
right_child=2 -3 3 4 6 -7 7 -9
leaf_value=-0.04207624173655565 0.006622144244144707 0.0075388125310476128 0.012447172517930838 -0.013220505440077086 -0.0038207395156856822 0.0044116222830881211 0.0090973988700855483 0.059613457100151063
leaf_weight=22.892039761958586 461.67019222596718 18.254487777616305 203.29212305773399 546.15662789787166 181.87256649928895 204.85228710413503 72.556872119312175 24.892652971597272
leaf_count=3259 40580 1820 5980 31002 33979 11771 20611 14282
internal_value=-6.07811e-05 -0.0200647 0.000424735 -0.00189458 -0.00472431 -0.008411 0.00518802 0.0220013
internal_weight=1736.44 41.1465 1695.29 1233.62 1030.33 751.009 279.322 97.4495
internal_count=163284 5079 158205 117625 111645 42773 68872 34893
is_linear=0
shrinkage=0.0750466


Tree=144
num_leaves=9
num_cat=0
split_feature=33 138 10 96 125 131 125 116
split_gain=3.22107 4.33383 3.47312 6.84454 8.43656 9.01457 5.44098 7.39442
threshold=115002.37000000001 5216.3500000000013 1.0000000180025095e-35 1.0000000180025095e-35 -28173.074999999993 1049.8350000000003 -9775.8699999999972 11379.470000000003
decision_type=2 10 2 2 10 10 8 10
left_child=2 -2 6 -4 -5 -6 -1 -8
right_child=1 -3 3 4 5 -7 7 -9
leaf_value=-0.024420807248898332 -0.0079999509200554351 -0.067072885542789284 -0.0017647277000967512 0.0065047895334407026 0.057691461591033937 -0.002928521353013953 -0.0024367737726811224 0.043999916318611339
leaf_weight=61.641371875666664 32.329580306919524 8.9255256996111694 500.45984420580498 284.08056619035051 40.737164649966871 20.90586391533725 767.09903835526347 19.811482824996347
leaf_count=19191 3981 10431 11612 13753 3800 3250 92611 4655
internal_value=-6.13476e-05 -0.0207804 0.000443017 0.00384511 0.0119658 0.0371326 -0.00294958 -0.00126767
internal_weight=1735.99 41.2551 1694.74 846.183 345.724 61.643 848.552 786.911
internal_count=163284 14412 148872 32415 20803 7050 116457 97266
is_linear=0
shrinkage=0.0750466


Tree=145
num_leaves=9
num_cat=0
split_feature=45 11 142 56 85 18 6 25
split_gain=3.17199 3.25391 5.23941 3.48006 5.32292 5.41857 9.73852 6.59515
threshold=1.0000000180025095e-35 -1.0000000180025095e-35 479067.86000000004 4317.5350000000008 17067.150000000005 5971.0600000000004 145.50000000000003 1.0000000180025095e-35
decision_type=2 2 8 2 2 2 2 2
left_child=1 2 -1 -3 5 -5 -7 -8
right_child=-2 3 -4 4 -6 6 7 -9
leaf_value=-0.040924779393510802 -0.026802622545745267 0.0016810760114358719 0.0074733062009558586 -0.034514182430636156 -0.050517624632286713 -0.022510717270152077 -0.0034378285314365948 0.083887651925029755
leaf_weight=27.088326755074377 24.628271661968029 1577.662618473325 23.549398648261558 21.917658226782805 17.762791329489119 22.635947052258416 8.1018033269720053 12.213921116548589
leaf_count=3284 5159 120248 2169 2597 12801 8023 2007 6996
internal_value=-6.1729e-05 0.000323197 -0.0184169 0.000894757 -0.0141181 -0.00415107 0.0113428 0.0490627
internal_weight=1735.56 1710.93 50.6377 1660.29 82.6321 64.8693 42.9517 20.3157
internal_count=163284 158125 5453 152672 32424 19623 17026 9003
is_linear=0
shrinkage=0.0750466


Tree=146
num_leaves=9
num_cat=0
split_feature=108 112 21 5 50 5 5 5
split_gain=3.3175 3.07266 3.03303 3.84143 3.42292 6.48134 3.33668 9.18439
threshold=1.0000000180025095e-35 228031.20000000004 1.0000000180025095e-35 43.500000000000007 1.0000000180025095e-35 61.500000000000007 67.500000000000014 61.500000000000007
decision_type=2 8 2 2 2 2 2 2
left_child=2 -2 3 -1 6 -6 7 -4
right_child=1 -3 4 -5 5 -7 -8 -9
leaf_value=0.020345123255723466 0.042987947511067624 -0.0010410915925976453 -0.0020598764351251581 -0.0011870965419705014 -0.062765847442382894 0.0099413482402485407 -0.011574979168833124 0.018547798361221796
leaf_weight=84.319613390805898 19.201989202250843 16.682256037078332 1191.6891474462464 104.4890033355332 14.364951882718744 13.296793466179222 155.43589240386791 135.66839517735934
leaf_count=2782 2240 2762 122617 2947 6406 4032 9487 10011
internal_value=-6.19251e-05 0.0225193 -0.000538784 0.00842893 -0.00165976 -0.027816 -0.00117181 4.64213e-05
internal_weight=1735.15 35.8842 1699.26 188.809 1510.46 27.6617 1482.79 1327.36
internal_count=163284 5002 158282 5729 152553 10438 142115 132628
is_linear=0
shrinkage=0.0750466


Tree=147
num_leaves=9
num_cat=0
split_feature=8 73 7 147 7 4 150 8
split_gain=3.27782 12.7872 12.1905 19.0289 6.79814 7.94907 6.57575 6.5102
threshold=9683.5850000000009 1.0000000180025095e-35 1261.8700000000001 -31205.244999999999 1842.0450000000003 1.0000000180025095e-35 1376.0350000000003 16678.810000000001
decision_type=2 2 2 10 2 2 8 2
left_child=2 -2 6 -4 5 -3 -1 -6
right_child=1 4 3 -5 7 -7 -8 -9
leaf_value=-0.017699452364987555 0.038324964393973628 -0.019458816663362792 3.3340041076757632e-05 0.037238429446533119 0.014789212227831819 0.025041702034235808 0.0011748920460102218 -0.0048920037856436203
leaf_weight=139.6570004456662 39.59495583147509 239.35316003013213 196.09594169320917 127.93506853225699 120.62681421982415 24.965267654333729 406.71075905534963 439.66617441128255
leaf_count=12395 1142 33649 5101 5581 5813 1167 48305 50131
internal_value=-6.06055e-05 -0.00333457 0.00319006 0.0147228 -0.00533491 -0.0152557 -0.00364958 -0.000654788
internal_weight=1734.61 864.206 870.399 324.031 824.611 264.318 546.368 560.293
internal_count=163284 91902 71382 10682 90760 34816 60700 55944
is_linear=0
shrinkage=0.0750466


Tree=148
num_leaves=9
num_cat=0
split_feature=27 151 20 149 52 83 95 9
split_gain=2.81557 3.70272 6.20826 5.42812 7.22415 5.71069 9.95984 8.2094
threshold=35.500000000000007 4.5000000000000009 198651.37500000003 4894.5000000000009 56039.700000000004 5324.8300000000008 1.0000000180025095e-35 1934.7000000000003
decision_type=2 10 2 10 2 2 2 2
left_child=1 -1 3 4 -3 7 -7 -5
right_child=-2 2 -4 5 -6 6 -8 -9
leaf_value=-0.0011687423827457617 -0.025623740394261907 0.022563305534814858 -0.05147084983844849 0.0080097766333373909 -0.029608093902416577 -0.0031574763538111828 0.11693062744554285 -0.056051682683859606
leaf_weight=1454.3201284247989 23.935285257197393 162.1849592511353 9.3272282536418043 23.59419789515232 16.465579013623937 17.319628948345784 5.0162396316445657 21.562217243750638
leaf_count=86231 11060 21899 6100 4277 20195 8838 1197 3487
internal_value=-6.28425e-05 0.000294983 0.00862757 0.0109049 0.0177549 -0.00722673 0.0238122 -0.0225796
internal_weight=1733.73 1709.79 255.47 246.143 178.651 67.4923 22.3359 45.1564
internal_count=163284 152224 65993 59893 42094 17799 10035 7764
is_linear=0
shrinkage=0.0750466


Tree=149
num_leaves=9
num_cat=0
split_feature=33 134 108 10 8 9 116 113
split_gain=2.87206 4.47161 3.38661 3.59902 5.8165 7.64621 9.84904 7.21403
threshold=115002.37000000001 66861.000000000015 1.0000000180025095e-35 1023.9800000000001 9683.5850000000009 1656.3400000000004 7648.8500000000013 -2054.4999999999995
decision_type=2 10 2 2 2 2 10 10
left_child=2 -2 3 4 5 6 7 -1
right_child=1 -3 -4 -5 -6 -7 -8 -9
leaf_value=-0.011450374532354981 -0.0007469565807175924 -0.052404242078951169 0.023378276970636328 0.01004766201612037 -0.0065786452778160151 0.014252597720925389 -0.04235209620017899 0.0066529448254115005
leaf_weight=185.87232955257787 25.58107658852532 14.954954973902202 35.395426428833161 176.5224207075953 653.90839852175122 237.76929981503781 31.741122247047315 372.25752073558397
leaf_count=9145 3862 10550 4440 9651 70227 13232 8703 33474
internal_value=-6.38365e-05 -0.0198049 0.000408699 -8.16405e-05 -0.00128852 0.00289115 -0.00168851 0.00062405
internal_weight=1734 40.536 1693.47 1658.07 1481.55 827.64 589.871 558.13
internal_count=163284 14412 148872 144432 134781 64554 51322 42619
is_linear=0
shrinkage=0.0750466


Tree=150
num_leaves=9
num_cat=0
split_feature=64 115 115 140 72 58 142 142
split_gain=2.75116 4.51009 2.53243 4.76751 2.9652 6.621 2.77411 5.24598
threshold=25194.515000000003 18982.210000000003 30709.125000000004 4363.6450000000013 1287.6450000000002 6461.2000000000007 588362.69500000007 1531764.9800000002
decision_type=2 10 10 10 2 2 10 10
left_child=2 -2 6 -4 5 -5 -1 -8
right_child=1 -3 3 4 -6 -7 7 -9
leaf_value=0.00016848082800083322 -0.023792686022107518 0.043546064381805388 -0.039547695009927629 0.092425787849740385 -0.01677693981660924 -0.028785715644285031 0.021036131194592321 -0.021232842523748699
leaf_weight=1524.7843484880505 50.44422501826557 6.3014058432636366 24.540772776934318 5.6562153198101459 12.129390362330012 4.6038626940317045 84.58120493579554 20.555316382247838
leaf_count=116590 17069 4219 2062 2980 2853 2833 12048 2630
internal_value=-6.33724e-05 -0.016315 0.000486591 -0.0167008 0.00834145 0.0380362 0.000981465 0.0127721
internal_weight=1733.6 56.7456 1676.85 46.9302 22.3895 10.2601 1629.92 105.137
internal_count=163284 21288 141996 10728 8666 5813 131268 14678
is_linear=0
shrinkage=0.0750466


Tree=151
num_leaves=9
num_cat=0
split_feature=8 138 57 8 107 134 129 134
split_gain=2.70122 4.31734 6.01341 3.96851 3.26199 4.48506 6.2203 3.56817
threshold=-8804.7999999999975 36105.985000000008 1.0000000180025095e-35 -14931.834999999997 22.500000000000004 764666.67500000016 12.500000000000002 214834.95000000004
decision_type=2 10 2 2 2 10 8 8
left_child=1 2 -1 -3 7 -6 -7 -2
right_child=4 3 -4 -5 5 6 -8 -9
leaf_value=0.0070053841558349447 0.0077406370535954352 -0.025640806064068142 0.054843765475741692 0.030008937888201706 -0.0055672082730003217 -0.01598043860095151 0.042763173646652906 -0.0020964187382302951
leaf_weight=44.035691695229616 388.25198141502915 24.861834370240103 22.289709767697786 10.169050865886673 755.00147444789764 16.806470084771718 25.639798674659687 446.49778605301981
leaf_count=3499 6462 7243 3415 2486 120493 6635 6916 6135
internal_value=-6.20063e-05 0.0118258 0.0230822 -0.00948634 -0.000800219 -0.00423274 0.0195038 0.00247891
internal_weight=1733.55 101.356 66.3254 35.0309 1632.2 797.448 42.4463 834.75
internal_count=163284 16643 6914 9729 146641 134044 13551 12597
is_linear=0
shrinkage=0.0750466


Tree=152
num_leaves=9
num_cat=0
split_feature=11 120 113 138 140 38 120 128
split_gain=2.56218 6.24268 2.35246 4.31934 3.45362 2.43676 4.51701 4.43056
threshold=-1.0000000180025095e-35 211140.00000000003 -2054.4999999999995 3423.4750000000004 8303.6200000000008 1.0000000180025095e-35 182988.00000000003 6499.9550000000008
decision_type=2 10 8 10 8 2 10 8
left_child=1 -1 3 -2 -5 -4 -7 -8
right_child=2 -3 5 4 -6 6 7 -9
leaf_value=-0.042116570750562687 0.0012599930353685647 0.010415343939848498 0.0016708762864101395 -0.053777797494462057 -0.0022677179490418957 -0.032699022797569435 0.067184266886551103 -0.0065117148884558454
leaf_weight=26.261790180622484 52.666828649191302 24.745281205847277 1536.7491047734147 19.132685091841267 11.884401367184184 32.646006596063671 5.7168561948492425 23.401164965245702
leaf_count=2382 3433 3283 127298 4182 3920 6959 3066 8761
internal_value=-6.1103e-05 -0.0166315 0.000441341 -0.0118243 -0.0340414 0.00108346 -0.013532 0.00795731
internal_weight=1733.2 51.0071 1682.2 83.6839 31.0171 1598.51 61.764 29.118
internal_count=163284 5665 157619 11535 8102 146084 18786 11827
is_linear=0
shrinkage=0.0750466


Tree=153
num_leaves=9
num_cat=0
split_feature=13 60 95 4 151 150 103 153
split_gain=2.70781 2.76688 3.17512 3.87634 2.61597 6.77435 2.19795 6.4798
threshold=1.5000000000000002 1079.3350000000003 5.5000000000000009 1.5000000000000002 4.5000000000000009 13973.205000000002 2.5000000000000004 20451.255000000001
decision_type=2 2 2 2 10 8 2 8
left_child=1 2 3 6 -3 -6 -1 -8
right_child=-2 4 -4 -5 5 -7 7 -9
leaf_value=0.001773761350740577 -0.021241409042663927 -0.028224238147861319 0.021529693774147884 -0.020457636532905075 0.053560384948225223 -0.024092054233999544 -0.019904717780866419 0.033945440659512348
leaf_weight=1458.0164440909357 33.336758836638182 36.26830883709772 41.187551610863011 48.535516701522283 9.5737944679785851 18.659090666638807 71.981455447701592 15.251344003918346
leaf_count=104443 829 5309 2894 2034 2970 9729 32139 2937
internal_value=-5.97729e-05 0.000355725 0.000957172 0.000425524 -0.0148897 0.00223995 0.00108145 -0.0104898
internal_weight=1732.81 1699.47 1634.97 1593.78 64.5012 28.2329 1545.25 87.2328
internal_count=163284 162455 144447 141553 18008 12699 139519 35076
is_linear=0
shrinkage=0.0750466


Tree=154
num_leaves=9
num_cat=0
split_feature=0 139 133 56 140 119 56 140
split_gain=2.65929 6.86149 4.21714 4.18344 3.68806 5.95995 3.4639 2.95894
threshold=15842220.000000002 554.4000000000002 8.0000000000000018 8668.8100000000031 17914.180000000004 1.0000000180025095e-35 827.6500000000002 8303.6200000000008
decision_type=2 8 10 2 10 8 2 10
left_child=1 6 3 7 5 -5 -1 -2
right_child=2 -3 -4 4 -6 -7 -8 -9
leaf_value=-0.02545573610868011 -0.00052634287993257489 0.021833019031603257 0.029353174749055359 0.047344995072745415 -0.075265272655885132 -0.035470058286560281 0.010054999125676091 0.008809338378092604
leaf_weight=86.673671268341423 1313.0881416947086 29.484248723449127 28.602951736422256 6.6915122704995218 6.8891527000196211 18.221995221720135 18.831965468885755 223.79611099073372
leaf_count=8126 72535 1903 218 3806 6356 6860 6300 57180
internal_value=-5.85053e-05 -0.010173 0.000796292 0.000275595 -0.0266657 -0.0132268 -0.0191173 0.000833089
internal_weight=1732.28 134.99 1597.29 1568.69 31.8027 24.9135 105.506 1536.88
internal_count=163284 16329 146955 146737 17022 10666 14426 129715
is_linear=0
shrinkage=0.0750466


Tree=155
num_leaves=9
num_cat=0
split_feature=10 125 85 151 74 81 141 99
split_gain=2.91611 6.7856 4.78909 4.4858 6.60742 4.50333 3.3083 2.48727
threshold=-3005.3049999999998 -367.86499999999995 35229.000000000007 4.5000000000000009 659.20500000000015 56108.485000000008 1.1700000000000002 1.0000000180025095e-35
decision_type=2 10 2 10 2 2 8 2
left_child=1 2 3 -1 -5 -6 -7 -2
right_child=7 -3 -4 4 5 6 -8 -9
leaf_value=-0.033933441102180467 -3.2970196570166548e-05 0.053546984413922055 -0.076858198896123026 0.073362106913929415 0.014110111230027715 -0.077639049881647604 -0.003049043910357525 0.013108398103310543
leaf_weight=33.720542576673324 1559.1849951896838 7.7539204910026447 7.5513353715286931 6.3769349761787444 18.048478346652704 7.2585284720335013 6.2175604084695815 85.566844428904005
leaf_count=5176 132559 1908 5853 1812 4794 3495 3554 4133
internal_value=-5.72917e-05 -0.0134532 -0.0200149 -0.0140217 0.00369348 -0.0103994 -0.0432249 0.000650699
internal_weight=1731.68 86.9273 79.1734 71.622 37.9015 31.5246 13.4761 1644.75
internal_count=163284 26592 24684 18831 13655 11843 7049 136692
is_linear=0
shrinkage=0.0750466


Tree=156
num_leaves=9
num_cat=0
split_feature=44 11 18 85 85 7 11 11
split_gain=2.63482 2.69171 4.49592 4.60684 10.4687 9.12999 10.3906 10.362
threshold=1.0000000180025095e-35 52.845000000000006 1.0000000180025095e-35 2404.6500000000005 35229.000000000007 4188.7300000000005 93.555000000000021 1958.5550000000001
decision_type=2 2 2 2 2 2 2 2
left_child=1 -1 -3 -4 5 6 -5 -7
right_child=-2 2 3 4 -6 7 -8 -9
leaf_value=-0.0027125018711920612 -0.02485503506619037 0.01529714467694473 -0.0026130360145641619 0.089125279887052877 -0.013379624330850388 0.16112976269950421 0.0097847286146257994 0.017255561490514871
leaf_weight=847.54163915048412 23.799131558225781 144.98067379076383 540.9152701535495 10.360253528910105 61.780069386841205 5.6338155921475828 90.523333854365774 5.6433072579093277
leaf_count=18188 5166 6180 63676 970 31309 1956 32592 3247
internal_value=-5.68751e-05 0.000288786 0.00324716 0.000803288 0.0114273 0.0250913 0.0179326 0.0891321
internal_weight=1731.18 1707.38 859.837 714.856 173.941 112.161 100.884 11.2771
internal_count=163284 158118 139930 133750 70074 38765 33562 5203
is_linear=0
shrinkage=0.0750466


Tree=157
num_leaves=9
num_cat=0
split_feature=64 115 7 85 151 131 64 142
split_gain=2.27069 5.37583 3.99298 4.85828 4.08285 2.66833 5.75255 12.2102
threshold=25194.515000000003 22079.930000000004 421.61500000000007 10615.650000000001 9.5000000000000018 568.90500000000009 2722.4100000000003 493684.90500000009
decision_type=2 10 2 2 8 10 2 10
left_child=5 2 -2 -4 -5 -1 -7 -8
right_child=1 -3 3 4 -6 6 7 -9
leaf_value=0.001316691512503768 -0.059824589045058919 0.053224903361761229 -0.026398256254800714 0.086046249456406945 -0.012972931136800217 -0.016549064825929778 -0.0041122439017331558 0.1331786296960587
leaf_weight=1542.5116735496886 12.4234079465823 5.8252886428672346 27.930753581600584 4.6420394223314334 4.7399208818096676 112.01544347289746 16.641775771749966 4.6727969383973678
leaf_count=110221 5121 3812 7429 2721 2205 21110 7488 3177
internal_value=-5.85743e-05 -0.0149845 -0.0229734 -0.0107037 0.0360201 0.000436284 -0.00974926 0.0259861
internal_weight=1731.4 55.5614 49.7361 37.3127 9.38196 1675.84 133.33 21.3146
internal_count=163284 21288 17476 12355 4926 141996 31775 10665
is_linear=0
shrinkage=0.0750466


Tree=158
num_leaves=9
num_cat=0
split_feature=6 135 137 73 73 16 6 9
split_gain=2.65609 4.8971 4.58556 3.13918 7.91097 10.6551 10.6092 12.4961
threshold=289.50000000000006 -624.49999999999989 7430.2150000000011 9.5000000000000018 6.5000000000000009 -784.20999999999992 145.50000000000003 1656.3400000000004
decision_type=2 10 10 2 2 2 2 2
left_child=3 2 -2 4 -1 -6 7 -7
right_child=1 -3 -4 -5 5 6 -8 -9
leaf_value=-0.0016212663442962834 0.040112492174865073 -0.021839882217637847 -0.0066701075277873171 -0.009752576791517786 -0.0059357818068103271 -0.024808963211787532 0.05918319594857737 0.040118524724228069
leaf_weight=1279.7823558080599 36.723702609611792 16.302457007030171 17.386842538558994 189.61265448300401 81.00045488338219 29.918748701711593 42.723671911633573 37.770984626095014
leaf_count=68808 1603 3171 5374 54110 8995 8998 8850 3375
internal_value=-5.90515e-05 0.014217 0.0250803 -0.000664312 0.000507014 0.0147366 0.029902 0.0114207
internal_weight=1731.22 70.413 54.1105 1660.81 1471.2 191.414 110.413 67.6897
internal_count=163284 10148 6977 153136 99026 30218 21223 12373
is_linear=0
shrinkage=0.0750466


Tree=159
num_leaves=9
num_cat=0
split_feature=50 27 16 9 58 63 57 150
split_gain=2.56671 3.87983 3.69987 6.33681 3.21706 2.96147 5.01317 5.27227
threshold=1.0000000180025095e-35 1.0000000180025095e-35 2347.2300000000005 1388.5400000000002 12258.370000000001 4.5000000000000009 3.5000000000000004 2710.7250000000008
decision_type=2 2 2 2 2 2 2 10
left_child=2 -2 5 -4 -3 -1 7 -7
right_child=1 4 3 -5 -6 6 -8 -9
leaf_value=0.00015145530996687882 0.0036824283557664282 -0.06918312389844844 0.014707310872329972 -0.053633593786910336 0.014852134693099506 0.0064771241500054116 -0.023401875074699974 0.053700893456479083
leaf_weight=1600.2723214904327 16.1586453592754 11.134915243226713 13.09355004700774 18.350938591982413 3.3338125553600539 31.529281390183314 14.369324344726918 23.048267103040416
leaf_count=119821 886 5866 3133 3198 4283 7085 7938 11074
internal_value=-6.06222e-05 -0.0215928 0.000327152 -0.0251763 -0.0498201 0.000807583 0.0160364 0.0264199
internal_weight=1731.29 30.6274 1700.66 31.4445 14.4687 1669.22 68.9469 54.5775
internal_count=163284 11035 152249 6331 10149 145918 26097 18159
is_linear=0
shrinkage=0.0750466


Tree=160
num_leaves=9
num_cat=0
split_feature=97 20 11 97 124 9 82 20
split_gain=2.446 22.4471 7.1016 4.32751 3.60614 3.05705 7.02729 6.25792
threshold=147.50000000000003 3.8350000000000004 421.10500000000008 116.50000000000001 1.0000000180025095e-35 3165.5400000000004 1.0000000180025095e-35 1.0000000180025095e-35
decision_type=2 2 2 2 10 2 2 2
left_child=3 2 -2 4 5 -1 -7 -8
right_child=1 -3 -4 -5 -6 6 7 -9
leaf_value=-0.00027722029531721941 0.028668759936035605 -0.035167360888649031 0.11882970738446472 -0.030897387183761907 -0.02645638771848139 -0.0021165059202238002 -0.0049289131266141619 0.071004231459006112
leaf_weight=1560.1162529237081 9.4137095215119206 21.421494945989252 10.307512872161167 25.971845415224379 28.573499367492332 48.006625542431721 9.2020709053467744 18.206903274975048
leaf_count=125002 1318 9794 3483 7474 4881 4469 1811 5052
internal_value=-5.9914e-05 0.0180197 0.0757924 -0.000500039 -2.56251e-05 0.000436133 0.0151932 0.045511
internal_weight=1731.22 41.1427 19.7212 1690.08 1664.11 1635.53 75.4156 27.409
internal_count=163284 14595 4801 148689 141215 136334 11332 6863
is_linear=0
shrinkage=0.0750466


Tree=161
num_leaves=9
num_cat=0
split_feature=10 83 83 112 28 83 112 83
split_gain=2.54149 4.48622 3.53216 4.18163 5.24202 6.25906 5.18649 4.90469
threshold=-3005.3049999999998 92470.055000000008 37776.215000000004 82344.60000000002 21895.940000000006 92470.055000000008 190026.00000000003 134898.68000000002
decision_type=2 2 2 10 2 2 10 2
left_child=1 -1 -2 -4 5 6 -5 -6
right_child=2 -3 3 4 7 -7 -8 -9
leaf_value=-0.0066091316733164589 -0.00037078130268056544 -0.061366665137327907 -0.005301144412291011 0.029649881564803384 -0.02689574265128029 0.0086331608713515664 0.095023045776585754 0.046585890240943291
leaf_weight=76.475406526547886 1527.5895572377922 9.470127285068882 43.712783093673352 13.806406196061291 16.912680752611781 22.593754118883226 13.536106958250455 7.3343522739996834
leaf_count=20665 105502 5927 7695 2842 8901 4366 3182 4204
internal_value=-6.19496e-05 -0.0126427 0.000595158 0.0131109 0.0239603 0.0378614 0.0620133 -0.00466869
internal_weight=1731.43 85.9455 1645.49 117.896 74.1833 49.9363 27.3425 24.247
internal_count=163284 26592 136692 31190 23495 10390 6024 13105
is_linear=0
shrinkage=0.0750466


Tree=162
num_leaves=9
num_cat=0
split_feature=82 6 74 82 120 83 83 27
split_gain=2.49112 6.22484 7.32444 3.28291 6.35364 6.07579 9.93217 5.98859
threshold=6.5000000000000009 189.50000000000003 1588.4450000000004 4.5000000000000009 154836.00000000003 78894.220000000016 37776.215000000004 2.5000000000000004
decision_type=2 2 2 2 10 2 2 2
left_child=3 -2 -3 -1 7 6 -6 -5
right_child=1 2 -4 4 5 -7 -8 -9
leaf_value=-8.3722509148489126e-05 -0.027379525944518136 0.10207085370408728 -0.022782088572153681 0.032144158227792936 0.023090823681874071 -0.0088521355620514129 0.14848989093364895 -0.044377014463757636
leaf_weight=1630.3729879669736 46.316032806946168 5.0262038464279595 5.5888031791546382 11.371400977295709 8.1727135480541637 6.6808237074765193 6.2989774306552127 11.672565296415994
leaf_count=127401 16152 2606 2812 1182 3048 3068 2697 4318
internal_value=-6.14874e-05 -0.0154996 0.0363358 0.000463368 0.0206451 0.0503443 0.0776723 -0.00661646
internal_weight=1731.5 56.931 10.615 1674.57 44.1965 21.1525 14.4717 23.044
internal_count=163284 21570 5418 141714 14313 8813 5745 5500
is_linear=0
shrinkage=0.0750466


Tree=163
num_leaves=9
num_cat=0
split_feature=4 7 140 72 115 153 132 57
split_gain=2.20972 2.59169 5.17523 8.53022 7.2536 8.17897 6.54315 2.54179
threshold=1.5000000000000002 5005.1550000000016 17914.180000000004 2333.3600000000006 1678.7950000000003 838.69500000000005 inf 6.5000000000000009
decision_type=2 2 8 2 10 10 8 2
left_child=1 7 4 6 5 -3 -4 -1
right_child=-2 2 3 -5 -6 -7 -8 -9
leaf_value=-0.00090274687330970998 -0.015654462475461546 0.049936883175998162 -0.0213116789606006 -0.03318057772996337 0.087086981999798987 -0.031707330609103052 0.037011812837399231 0.017977417786052149
leaf_weight=1524.0353541554105 49.721560247533489 15.622721484047362 15.832302183014688 27.886952868553635 10.449706797444376 12.391867177779202 34.310187580587808 41.246529978383478
leaf_count=127749 2213 2426 7011 2994 3353 3476 777 13285
internal_value=-6.25134e-05 0.000398461 0.0111975 9.18127e-05 0.0337266 0.0138227 0.0185964 -0.000405238
internal_weight=1731.5 1681.78 116.494 78.0294 38.4643 28.0146 50.1425 1565.28
internal_count=163284 161071 20037 10782 9255 5902 7788 141034
is_linear=0
shrinkage=0.0750466


Tree=164
num_leaves=9
num_cat=0
split_feature=22 58 25 16 74 22 25 12
split_gain=2.6695 7.36904 3.48541 11.7918 17.5561 14.2203 9.5789 7.13933
threshold=239470.10500000001 7157.0650000000014 1.0000000180025095e-35 -176.96999999999997 2512.6750000000006 1417.5900000000004 5340.5650000000014 7.5000000000000009
decision_type=2 2 2 2 2 2 2 2
left_child=2 -2 -1 7 5 -5 -7 -4
right_child=1 -3 3 4 -6 6 -8 -9
leaf_value=-0.0014023006178398524 -0.0021314449167543752 -0.06893967040808667 0.00091043301478768214 0.047771268581115814 0.075171682331506257 0.024391966639381653 -0.015104733761875147 -0.03436103190714105
leaf_weight=1287.4928789744445 44.214269592179335 11.774796871632132 124.05809596493782 43.982879816408968 26.703311691955605 54.281886116143141 95.29207362791567 43.706664834338881
leaf_count=43896 16394 10481 17895 4495 6778 7785 35742 19818
internal_value=-6.18947e-05 -0.0161816 0.00047676 0.00671161 0.0181292 0.0102595 -0.000770986 -0.00827861
internal_weight=1731.51 55.9891 1675.52 388.025 220.26 193.557 149.574 167.765
internal_count=163284 26875 136409 92513 54800 48022 43527 37713
is_linear=0
shrinkage=0.0750466


Tree=165
num_leaves=9
num_cat=0
split_feature=0 12 116 111 153 112 94 12
split_gain=2.50017 6.8669 8.092 3.5252 4.29215 4.91348 4.72655 6.31925
threshold=15842220.000000002 6.5000000000000009 1077.6100000000004 1.0000000180025095e-35 5389.9350000000004 66394503.095000006 1.0000000180025095e-35 6.5000000000000009
decision_type=2 2 8 10 8 8 2 2
left_child=1 -1 -3 4 6 -6 -2 -8
right_child=3 2 -4 -5 5 -7 7 -9
leaf_value=0.0088749439295056597 0.00094879808648825606 -0.0099697202804034466 -0.065608989226166814 0.019223715278479034 -0.017725040831757213 -0.00083162145771073232 0.03801555725037957 0.0022808582137352168
leaf_weight=60.408153319338453 970.98780057834301 53.677117802482826 20.284982401979505 56.197379555436783 140.04920629581102 315.19483819178276 47.484920736402273 67.472927467417321
leaf_count=2497 94469 7816 6016 526 33805 8984 2098 7073
internal_value=-6.56842e-05 -0.00989731 -0.0252294 0.00076134 8.81349e-05 -0.00602864 0.00265237 0.0170416
internal_weight=1731.76 134.37 73.9621 1597.39 1541.19 455.244 1085.95 114.958
internal_count=163284 16329 13832 146955 146429 42789 103640 9171
is_linear=0
shrinkage=0.0750466


Tree=166
num_leaves=9
num_cat=0
split_feature=41 150 56 97 5 107 5 5
split_gain=2.39738 4.15244 2.49133 3.79048 9.85852 8.31244 6.60837 9.48005
threshold=1.0000000180025095e-35 7173.1900000000014 11582.655000000002 36.500000000000007 34.500000000000007 22.500000000000004 61.500000000000007 67.500000000000014
decision_type=2 8 2 2 2 2 2 2
left_child=2 -2 3 6 -5 -6 -1 -8
right_child=1 -3 -4 4 5 -7 7 -9
leaf_value=-0.0035925567016922232 -0.060540119360963027 0.002555763553393397 -0.023162942219271083 0.036599186022647286 0.038370931112849449 -0.0035304834450046165 0.024593142591217084 -0.0036372710874498812
leaf_weight=1112.447229788595 10.007903078905654 14.222849395628147 25.179384974180721 56.214513253769837 30.489201454212889 212.55642585695023 125.39407282973843 143.8477887854533
leaf_count=74085 1639 4140 14235 9445 659 46929 5995 6157
internal_value=-6.46047e-05 -0.0235044 0.000268292 0.000619274 0.00827667 0.0017259 -0.00103924 0.00951049
internal_weight=1730.36 24.2308 1706.13 1680.95 299.26 243.046 1381.69 269.242
internal_count=163284 5779 157505 143270 57033 47588 86237 12152
is_linear=0
shrinkage=0.0750466


Tree=167
num_leaves=9
num_cat=0
split_feature=33 97 11 134 39 9 83 11
split_gain=2.49996 4.63497 2.60443 3.20002 2.47803 4.23226 3.87717 3.01873
threshold=115002.37000000001 5.5000000000000009 -1.0000000180025095e-35 187492.32000000004 25863.355000000003 2299.4850000000006 37776.215000000004 136.92000000000004
decision_type=2 2 2 10 2 2 2 2
left_child=2 -2 3 -1 7 6 -6 -4
right_child=1 -3 4 -5 5 -7 -8 -9
leaf_value=-0.036324891328645942 0.0012371300823921434 -0.05168739446617044 -0.00099008554955783623 0.0021163987682407642 -0.034350681910503798 0.030140406038538174 0.022015927691880564 0.0058613612643727527
leaf_weight=23.9033077201384 24.768242316931719 14.941633373731745 1025.6813301359798 24.901247523412167 37.864046059105021 9.8135782033386914 8.3969136416708334 559.87399789724805
leaf_count=1916 4772 9640 20299 3060 10498 2892 4406 105801
internal_value=-6.42316e-05 -0.0186768 0.000372994 -0.0167112 0.000880897 -0.0146235 -0.0241195 0.00142922
internal_weight=1730.14 39.7099 1690.43 48.8046 1641.63 56.0745 46.261 1585.56
internal_count=163284 14412 148872 4976 143896 17796 14904 126100
is_linear=0
shrinkage=0.0750466


Tree=168
num_leaves=9
num_cat=0
split_feature=135 97 149 137 27 145 127 127
split_gain=2.31947 3.22999 12.2795 4.16693 3.65733 3.46003 9.29281 4.19718
threshold=-532.49999999999989 147.50000000000003 5408.5000000000009 5971.2200000000012 16.500000000000004 19.500000000000004 3462.5000000000005 145.50000000000003
decision_type=10 2 8 8 2 10 8 8
left_child=1 5 3 -3 -5 7 -7 -1
right_child=-2 2 -4 4 -6 6 -8 -9
leaf_value=-0.025947819197240717 -0.0091974381496727573 0.048780675932066003 0.10726126995973989 -0.041728099037382907 0.021876270946289713 0.033724718638901037 -0.017844350119925564 2.8162190446038638e-05
leaf_weight=35.912874053632549 143.55257868103217 7.4164593530585998 7.6644167181766525 12.857098648695684 8.4299402968681516 54.09441020545637 30.934644087006745 1429.5716933419972
leaf_count=4548 18541 941 2703 4538 4236 4584 3413 119780
internal_value=-6.23071e-05 0.000764076 0.0228715 0.000337704 -0.01654 0.000245538 0.0149632 -0.0006084
internal_weight=1730.43 1586.88 36.3679 28.7035 21.287 1550.51 85.0291 1465.48
internal_count=163284 144743 12418 9715 8774 132325 7997 124328
is_linear=0
shrinkage=0.0750466


Tree=169
num_leaves=9
num_cat=0
split_feature=64 131 120 120 134 137 147 80
split_gain=2.34873 4.76096 5.08334 4.21003 3.9667 3.16595 3.04744 2.66582
threshold=11572.960000000001 3618.7050000000004 253368.00000000003 154836.00000000003 93605.400000000009 5971.2200000000012 -12321.749999999998 4.5000000000000009
decision_type=2 10 10 10 10 8 8 2
left_child=7 2 3 4 -2 -4 -5 -1
right_child=1 -3 5 6 -6 -7 -8 -9
leaf_value=-4.9969876293584471e-05 0.0044370136351573547 0.051360654683999356 -0.0064786654457931062 0.064393392185214379 -0.039220338422162659 -0.05533667329315025 -0.0034659558460818597 0.014118185135499209
leaf_weight=1548.5257768619776 28.611513680014468 6.4567118213817585 11.265383642778032 7.8352971418789821 19.855555878195446 22.168253267445834 7.1086460011429136 78.589681778601516
leaf_count=109360 5563 3942 1900 3615 6229 14382 1624 16669
internal_value=-6.23005e-05 -0.0110354 -0.0151954 -0.00271071 -0.0134481 -0.0388741 0.0321136 0.000634352
internal_weight=1730.42 103.301 96.8446 63.411 48.4671 33.4336 14.9439 1627.12
internal_count=163284 37255 33313 17031 11792 16282 5239 126029
is_linear=0
shrinkage=0.0750466


Tree=170
num_leaves=9
num_cat=0
split_feature=33 32 22 134 150 32 134 120
split_gain=2.2774 8.33508 7.09608 9.5439 4.17146 3.6576 3.5303 4.42613
threshold=17595.285000000003 10.500000000000002 3393.0150000000008 80233.200000000012 953.55500000000018 1.0000000180025095e-35 160466.40000000002 253368.00000000003
decision_type=2 2 2 10 8 2 10 10
left_child=5 2 6 -4 -5 -1 -2 -8
right_child=1 -3 3 4 -6 -7 7 -9
leaf_value=-4.6935672946671319e-05 -0.045420834839586768 0.036561649807411375 0.08862890319240331 0.070827411839307367 -0.048734347501070696 0.02070060180461333 0.039461292663699417 -0.050399156324160574
leaf_weight=1590.8308362776297 43.825770102535898 16.484460398241936 6.8242980256618493 2.0414156988626901 8.4311294578656089 49.338858991861343 6.9886008258690691 5.5297528116498142
leaf_count=127188 7982 2415 3365 1355 10572 4857 2707 2843
internal_value=-6.10356e-05 -0.0116758 -0.0224737 0.0195719 -0.0254281 0.000577183 -0.0353811 -0.00023291
internal_weight=1730.3 90.1254 73.641 17.2968 10.4725 1640.17 56.3441 12.5184
internal_count=163284 31239 28824 15292 11927 132045 13532 5550
is_linear=0
shrinkage=0.0750466


Tree=171
num_leaves=9
num_cat=0
split_feature=10 11 137 25 10 25 25 113
split_gain=2.25172 5.42626 6.51721 7.72139 6.35976 4.66821 5.13688 5.13353
threshold=1.0000000180025095e-35 18.395000000000003 25456.255000000001 10238.335000000001 1023.9800000000001 29094.785000000003 1.0000000180025095e-35 -927.99999999999989
decision_type=2 2 10 2 2 2 2 10
left_child=5 -2 3 -3 -4 6 -1 -7
right_child=1 2 4 -5 -6 7 -8 -9
leaf_value=-0.005312488461019252 -0.0028329327305949303 0.0085692369799680052 -0.049552120659893284 0.043639370756507319 0.0064631044740301926 -0.045464112223965229 0.0077901206126024117 0.0036206667973012951
leaf_weight=567.73143171143602 472.11591346412752 314.64268570030254 19.829557689125068 39.833801967397449 26.90240113116306 29.023644323995541 239.65304600236414 20.459039535187912
leaf_count=32624 6363 12736 4367 9446 6856 15110 59726 16056
internal_value=-6.13954e-05 0.0026203 0.00903731 0.0125102 -0.0173056 -0.0027946 -0.00142329 -0.0251696
internal_weight=1730.19 873.324 401.208 354.476 46.732 856.867 807.384 49.4827
internal_count=163284 39768 33405 22182 11223 123516 92350 31166
is_linear=0
shrinkage=0.0750466


Tree=172
num_leaves=9
num_cat=0
split_feature=82 26 81 72 104 150 39 12
split_gain=2.34976 4.81373 3.37475 3.13133 4.33432 6.65182 2.58899 4.67545
threshold=6.5000000000000009 1.0000000180025095e-35 62361.94000000001 1287.6450000000002 21172.650000000005 17914.180000000004 25863.355000000003 7.5000000000000009
decision_type=2 2 2 2 2 10 2 2
left_child=6 -2 -3 4 5 -4 -1 -8
right_child=1 2 3 -5 -6 -7 7 -9
leaf_value=0.00098258997859008101 0.039306503947603905 -0.048848944720693913 -0.0052731048052189157 -0.035976175528125168 -0.056291878743244712 0.1075658508272633 -0.046344281401300771 0.00033487716261910197
leaf_weight=1620.4589968477994 7.8787200360966372 18.783050669022487 8.4745167246583204 12.971118872697842 3.9027250754843399 4.5071112051009541 18.474227824815898 34.941513494137325
leaf_count=125721 561 7131 3693 3717 3141 3327 3283 12710
internal_value=-6.14271e-05 -0.0151116 -0.0239265 -0.00824702 0.0130554 0.0339036 0.000446732 -0.0158095
internal_weight=1730.39 56.5172 48.6385 29.8555 16.8844 12.9816 1673.87 53.4157
internal_count=163284 21570 21009 13878 10161 7020 141714 15993
is_linear=0
shrinkage=0.0750466


Tree=173
num_leaves=9
num_cat=0
split_feature=50 127 142 58 127 81 83 97
split_gain=2.17974 3.73239 3.70467 2.08519 7.50936 6.59668 5.10823 10.4081
threshold=1.0000000180025095e-35 991.50000000000011 769464.67500000016 232.54500000000004 753.50000000000011 110435.25500000002 3873.2450000000003 51.500000000000007
decision_type=2 10 10 2 8 2 2 2
left_child=3 -2 -3 5 6 -1 -5 -8
right_child=1 2 -4 4 -6 -7 7 -9
leaf_value=-0.00037812714100941337 0.010446617821123794 -0.066133253422906421 0.010183599204324441 0.032633247916494128 -9.1539840838802697e-05 -0.030222163597022057 -0.043700705210865977 0.055423833941748095
leaf_weight=1122.350216770421 12.803523289716397 11.911018386617799 5.1232411051423687 74.511016225813364 434.57769711337096 43.323186099696613 15.827079203627365 9.5749947926815349
leaf_count=50845 1577 4870 4588 6211 77978 9944 4411 2860
internal_value=-6.05292e-05 -0.0201687 -0.0431801 0.000292367 0.00417366 -0.0014873 0.0227254 -0.00633695
internal_weight=1730 29.8378 17.0343 1700.16 534.491 1165.67 99.9131 25.4021
internal_count=163284 11035 9458 152249 91460 60789 13482 7271
is_linear=0
shrinkage=0.0750466


Tree=174
num_leaves=9
num_cat=0
split_feature=13 33 147 21 16 109 51 147
split_gain=2.2699 2.70993 3.08968 2.32755 3.91868 6.54277 6.93644 7.85057
threshold=1.5000000000000002 175039.38000000003 -1.0000000180025095e-35 1.0000000180025095e-35 -3350.2649999999999 1.0000000180025095e-35 1.0000000180025095e-35 -2974.2299999999996
decision_type=2 2 8 2 2 2 2 8
left_child=1 3 -3 -1 -5 -6 -7 -8
right_child=-2 2 -4 4 5 6 7 -9
leaf_value=0.008835750707388533 -0.01967879522450423 -0.066266720146928026 -0.0081405556143928359 -0.0059057749892194224 -0.0040688045088682337 0.011434592927497463 -0.031124471394657856 0.018391178756799634
leaf_weight=176.8145540842379 32.590346571407281 6.9995672316181299 19.494100220072145 474.2648943138629 476.40981606071 466.02820519823581 48.796753445665672 28.604540311651363
leaf_count=4373 829 7188 2399 22522 34837 37035 45398 8703
internal_value=-6.05548e-05 0.000316116 -0.0234974 0.000693696 -0.000269847 0.00235108 0.00797922 -0.0128254
internal_weight=1730 1697.41 26.4937 1670.92 1494.1 1019.84 543.429 77.4013
internal_count=163284 162455 9587 152868 148495 125973 91136 54101
is_linear=0
shrinkage=0.0750466


Tree=175
num_leaves=9
num_cat=0
split_feature=8 21 127 11 81 82 148 113
split_gain=2.66939 4.0384 4.17521 5.25884 4.14397 3.89331 2.80613 4.81037
threshold=-8804.7999999999975 1.0000000180025095e-35 3655.5000000000005 136.92000000000004 8797.7650000000012 1.0000000180025095e-35 5.9250000000000007 -624.49999999999989
decision_type=2 2 8 2 2 2 10 8
left_child=1 -1 3 -3 -5 -6 -2 -8
right_child=6 2 -4 4 5 -7 7 -9
leaf_value=0.048797904556651492 -0.0011825654643030363 -0.012168607389539343 -0.020852788024061691 0.061221087051092429 -0.030015963372295874 0.03485940238078284 -0.0062455973321187434 0.059994007580100137
leaf_weight=14.248850230156675 1603.9270990352197 23.556865425925935 24.113284626808309 16.568639319375507 8.0643570670363278 14.718057106849299 13.421776550454522 11.435159166900123
leaf_count=680 139869 2236 4433 2526 1529 5239 3421 3351
internal_value=-5.97385e-05 0.0117624 0.00569827 0.0158756 0.0326638 0.0118953 -0.000794786 0.0242272
internal_weight=1730.05 101.27 87.0212 62.9079 39.3511 22.7824 1628.78 24.8569
internal_count=163284 16643 15963 11530 9294 6768 146641 6772
is_linear=0
shrinkage=0.0750466


Tree=176
num_leaves=9
num_cat=0
split_feature=6 142 6 153 55 137 6 83
split_gain=2.46488 6.42327 2.68772 6.83479 3.58851 5.46495 7.6554 8.41889
threshold=289.50000000000006 119646.00000000001 227.50000000000003 1413.4650000000001 2.5000000000000004 37889.265000000007 145.50000000000003 1407.6450000000002
decision_type=2 10 2 8 2 8 2 2
left_child=2 -2 4 -4 -1 6 -6 -8
right_child=1 -3 3 -5 5 -7 7 -9
leaf_value=0.00074961171482566705 0.040831626337377573 -0.0052202451216690968 0.005429254952720417 -0.032332842511305596 -0.034460565892611608 -0.065055576359688227 -0.023103299109178618 0.10823228214600744
leaf_weight=1510.44577811419 28.938424981381104 41.548789862492413 58.293935667868936 50.275948045378755 18.033510894267241 11.726067173500267 5.3046039551554696 5.7053989741325495
leaf_count=121003 1551 8597 4910 9798 6726 6071 1421 3207
internal_value=-5.86337e-05 0.0136863 -0.000642348 -0.0120574 0.000156594 -0.0218137 -0.00435521 0.044955
internal_weight=1730.27 70.4872 1659.79 108.57 1551.22 40.7696 29.0435 11.01
internal_count=163284 10148 153136 14708 138428 17425 11354 4628
is_linear=0
shrinkage=0.0750466


Tree=177
num_leaves=9
num_cat=0
split_feature=60 141 20 150 64 108 64 16
split_gain=2.16644 4.60619 5.3734 10.268 4.71759 3.70637 3.87842 3.85181
threshold=1079.3350000000003 0.79500000000000015 203.56500000000003 13973.205000000002 1261.1750000000004 1.0000000180025095e-35 13076.395000000002 -68.659999999999982
decision_type=2 10 2 8 2 2 2 2
left_child=5 2 -2 -4 -3 6 -1 -8
right_child=1 4 3 -5 -6 -7 7 -9
leaf_value=0.0007985389973383173 -0.039993036242973901 0.05481045561221537 0.081959139824754737 -0.053170638698485401 -0.028502239598873963 0.025504956409152485 0.005331013401723427 -0.028561839389710044
leaf_weight=1552.0196329638929 35.720646178258903 9.5511138511465088 6.5744748462020635 6.110401229630952 6.3881072332806061 32.635151249472983 29.950037309597974 51.11434820222712
leaf_count=113299 6294 2581 2090 2844 4233 3986 8648 19309
internal_value=-5.88167e-05 -0.0135708 -0.0250929 0.0168661 0.0214205 0.000463134 -3.7296e-05 -0.0160398
internal_weight=1730.06 64.3447 48.4055 12.6849 15.9392 1665.72 1633.08 81.0644
internal_count=163284 18042 11228 4934 6814 145242 141256 27957
is_linear=0
shrinkage=0.0750466


Tree=178
num_leaves=9
num_cat=0
split_feature=41 112 135 83 27 83 112 146
split_gain=2.15829 2.22641 3.78775 8.91832 7.33614 6.28409 3.63834 6.13624
threshold=1.0000000180025095e-35 720815.33500000008 -927.99999999999989 3873.2450000000003 12.500000000000002 30311.090000000004 228031.20000000004 1641.4400000000003
decision_type=2 10 8 2 2 2 10 10
left_child=1 6 4 -4 -3 -5 -1 -8
right_child=-2 2 3 5 -6 -7 7 -9
leaf_value=0.0012477786930377428 -0.022493404754347929 0.041233489874210841 -0.031330515788227181 0.10748224141499201 -0.023976338675589671 0.0030975015598697867 -0.011029345827147641 0.034144880415699963
leaf_weight=1331.6993609401434 23.818096979150141 38.990989410118345 26.293058737603133 5.2844462818356979 12.941234209814864 8.4290497787678742 264.11725836453479 18.095120189322188
leaf_count=102529 5779 3480 2631 1836 5628 4370 33550 3481
internal_value=-5.86816e-05 0.000254565 0.0116139 -0.00574111 0.0249835 0.0433218 -0.000392536 -0.00813283
internal_weight=1729.67 1705.85 91.9388 40.0066 51.9322 13.7135 1613.91 282.212
internal_count=163284 157505 17945 8837 9108 6206 139560 37031
is_linear=0
shrinkage=0.0750466


Tree=179
num_leaves=9
num_cat=0
split_feature=0 125 135 33 33 10 150 10
split_gain=2.18544 5.08247 3.97602 2.50884 3.37022 2.95473 5.48451 4.46789
threshold=15842220.000000002 -367.86499999999995 -1689.4999999999998 175039.38000000003 453889.19500000007 298.7000000000001 8303.6200000000008 -386.05499999999995
decision_type=2 8 10 2 2 2 10 2
left_child=1 -1 -3 5 -5 6 -2 -8
right_child=3 2 -4 4 -6 -7 7 -9
leaf_value=-0.045250566352977001 -0.0028725999061250253 0.016181692982006106 -0.013385750160081339 -0.039683340466295222 0.02271351896907715 0.0072994827726640572 0.0040388334565439766 0.029235996127027025
leaf_weight=18.986607279308373 1025.3554477023208 38.845210303563363 75.202387353907397 18.180603129894738 6.6615452674159306 338.22361753679434 154.7677561739074 53.276618758434779
leaf_count=6202 63844 1850 8277 6725 2222 18744 46537 8883
internal_value=-5.8558e-05 -0.00929997 -0.00331492 0.000711533 -0.0229513 0.00108556 -0.000618421 0.0104914
internal_weight=1729.5 133.034 114.048 1596.47 24.8421 1571.62 1233.4 208.044
internal_count=163284 16329 10127 146955 8947 138008 119264 55420
is_linear=0
shrinkage=0.0750466


Tree=180
num_leaves=9
num_cat=0
split_feature=8 149 21 57 28 142 31 149
split_gain=2.35112 4.05002 5.32682 4.06044 6.5461 3.82559 3.57581 3.02255
threshold=-8804.7999999999975 636.50000000000011 1.0000000180025095e-35 1.0000000180025095e-35 26116.130000000005 238705.50000000003 3112.9700000000007 636.50000000000011
decision_type=2 8 2 2 2 10 2 8
left_child=1 -1 -3 -4 -5 -6 -7 -2
right_child=7 2 3 4 5 6 -8 -9
leaf_value=0.045396915240716179 -0.0085575566879890954 0.047447768413810605 -0.027615271831878414 0.044986758287399717 -0.052204776332384052 -0.019104851178548776 0.047749481384977685 0.00058992596476353711
leaf_weight=16.211063597969769 238.35504852463782 13.6688047843636 25.649897593069909 18.010156714037294 9.3371940029464913 11.805083652903706 7.2873472933788426 1388.7238831870091
leaf_count=2527 18978 613 2842 2148 2423 3000 3090 127663
internal_value=-5.7332e-05 0.010997 0.00449437 -0.00364995 0.00958672 -0.0128392 0.00641263 -0.000750113
internal_weight=1729.05 101.97 85.7585 72.0897 46.4398 28.4296 19.0924 1627.08
internal_count=163284 16643 14116 13503 10661 8513 6090 146641
is_linear=0
shrinkage=0.0750466


Tree=181
num_leaves=9
num_cat=0
split_feature=50 28 58 142 28 56 28 28
split_gain=1.87079 3.49709 3.28738 2.01631 5.30744 6.58694 4.69886 7.09112
threshold=1.0000000180025095e-35 1.0000000180025095e-35 12258.370000000001 154836.00000000003 1395.8750000000002 4810.0000000000009 16530.325000000001 20006.000000000004
decision_type=2 2 2 10 2 2 2 2
left_child=3 -2 -3 4 -1 6 -6 -8
right_child=1 2 -4 -5 5 -7 7 -9
leaf_value=0.0017442034563582517 0.004791924850426588 -0.068402680422426893 0.019082391527824667 0.003303721981857822 -0.013714769729786136 -0.057126497270631148 0.047415820186837113 -0.0045276613360659586
leaf_weight=681.71642771031475 15.937520253370169 10.067511860790544 3.1841379097259042 714.11855264911719 204.32820710473607 15.948958472388766 19.212964543497947 64.469590620603412
leaf_count=18029 885 5867 4283 89183 19482 7010 3426 15119
internal_value=-5.64098e-05 -0.0188944 -0.0473816 0.00026708 -0.00193296 -0.01018 -0.00758032 0.00739822
internal_weight=1728.98 29.1892 13.2516 1699.79 985.676 303.96 288.011 83.6826
internal_count=163284 11035 10150 152249 63066 45037 38027 18545
is_linear=0
shrinkage=0.0750466


Tree=182
num_leaves=9
num_cat=0
split_feature=8 12 12 51 95 140 142 140
split_gain=2.18968 10.7914 4.57006 3.72623 5.72955 3.79569 4.69196 4.49971
threshold=9683.5850000000009 4.5000000000000009 4.5000000000000009 1.0000000180025095e-35 1.5000000000000002 7173.1900000000014 238705.50000000003 12306.960000000001
decision_type=2 2 2 2 2 10 10 10
left_child=2 -2 -1 5 -5 6 -4 -7
right_child=1 -3 3 4 -6 7 -8 -9
leaf_value=-0.013959652444957546 0.021401869347320385 -0.0057020573473451535 0.0073038188789933478 -0.016655970256982785 0.051743812546891171 0.035652850291823288 -0.0086009912878155306 0.0074622144815403458
leaf_weight=84.89675133858691 92.814817934238818 761.58391706795555 424.58385998987069 76.943729699502001 7.5763348733671583 48.565299872811011 138.55008675421413 92.865678644251602
leaf_count=1304 1033 90869 9755 40707 3064 2799 3821 9932
internal_value=-5.61029e-05 -0.00275771 0.00258497 0.00436499 -0.0105246 0.00615116 0.0033907 0.0171425
internal_weight=1728.38 854.399 873.982 789.085 84.5201 704.565 563.134 141.431
internal_count=163284 91902 71382 70078 43771 26307 13576 12731
is_linear=0
shrinkage=0.0750466


Tree=183
num_leaves=9
num_cat=0
split_feature=6 12 16 56 81 57 6 81
split_gain=2.30202 3.87219 5.30472 2.57335 2.45203 3.98652 5.00638 6.06343
threshold=289.50000000000006 6.5000000000000009 -1.0000000180025095e-35 525.36000000000013 166963.90500000003 6.5000000000000009 131.50000000000003 20172.080000000005
decision_type=2 2 2 2 2 2 2 2
left_child=4 -2 -3 -4 5 -1 -7 -8
right_child=1 2 3 -5 -6 6 7 -9
leaf_value=-0.00066782459011787061 0.033182735326591432 0.025719462404685759 -0.048985845735117273 0.0069975844113417587 -0.016617812526990194 0.058928462142610577 -0.034101498692729049 0.045301811875904707
leaf_weight=1568.7767770106439 30.819153600255959 19.437360017011088 13.071659045883282 7.1556641821844087 52.260236150294077 14.365643421144339 11.947642290040678 9.907922305599639
leaf_count=121815 1283 2541 2919 3405 21309 3187 2936 3889
internal_value=-5.54658e-05 0.0132275 -0.00227748 -0.029181 -0.000620398 -9.95067e-05 0.0245149 0.00189491
internal_weight=1727.74 70.4838 39.6647 20.2273 1657.26 1605 36.2212 21.8556
internal_count=163284 10148 8865 6324 153136 131827 10012 6825
is_linear=0
shrinkage=0.0750466


Tree=184
num_leaves=9
num_cat=0
split_feature=107 2 0 5 57 64 128 64
split_gain=2.25871 3.61871 3.05272 5.8757 4.55724 5.19531 6.55288 5.34389
threshold=12.500000000000002 1.0000000180025095e-35 49848695.500000007 30.500000000000004 1.0000000180025095e-35 11572.960000000001 5692.1350000000011 6981.1050000000005
decision_type=2 2 2 2 2 2 10 2
left_child=1 -1 3 -2 -5 7 -7 -6
right_child=2 -3 -4 4 5 6 -8 -9
leaf_value=-0.0034497841864275722 0.03782518521524824 0.0083970302920032009 -0.0084070425505874315 -0.0067447250203903379 0.0057204236642901356 -0.031892547067057408 0.041473013980033183 0.05002038851453075
leaf_weight=242.50816995161586 22.913850656033901 361.95815527788363 308.23747152240503 373.78157523535265 355.26047748146448 38.609605112582358 8.3371953376336005 16.027898067444767
leaf_count=2137 3272 5384 35248 33712 53172 18307 5761 6291
internal_value=-5.47303e-05 0.00364416 -0.0020454 0.000360815 -0.000723068 0.00465856 -0.0188637 0.00763278
internal_weight=1727.63 604.466 1123.17 814.931 792.017 418.235 46.9468 371.288
internal_count=163284 7521 155763 120515 117243 83531 24068 59463
is_linear=0
shrinkage=0.0750466


Tree=185
num_leaves=9
num_cat=0
split_feature=135 16 18 135 16 16 117 16
split_gain=2.00332 11.6509 11.5163 6.51715 5.25607 5.52734 7.21564 4.57536
threshold=-927.99999999999989 -7736.8999999999987 252.93500000000003 -989.49999999999989 -784.20999999999992 -1.0000000180025095e-35 -1.0000000180025095e-35 -3350.2649999999999
decision_type=8 2 2 10 2 2 10 2
left_child=3 -2 -3 7 -4 6 -6 -1
right_child=1 2 4 -5 5 -7 -8 -9
leaf_value=-0.0076637119635865527 0.013010334853822407 -0.021651091400011334 -0.019516169180774944 0.031746657849951967 0.050142734714635373 -0.0028093237342765491 0.0050197754390281929 0.0040187827983075748
leaf_weight=258.0548366807634 188.21655397967697 224.58656055741449 59.165041496897175 40.142809600343753 30.300299019687372 164.74571470985029 58.481400206626859 703.58050907732468
leaf_count=17758 4497 3765 8038 5680 1354 29549 6724 85919
internal_value=-5.4479e-05 -0.00305774 -0.00868662 0.00212051 0.000624909 0.00532518 0.0204198 0.000883785
internal_weight=1727.27 725.496 537.279 1001.78 312.692 253.527 88.7817 961.635
internal_count=163284 53927 49430 109357 45665 37627 8078 103677
is_linear=0
shrinkage=0.0750466


Tree=186
num_leaves=9
num_cat=0
split_feature=153 10 150 113 11 113 113 74
split_gain=2.59851 5.71578 6.93054 5.25551 5.77188 4.54463 9.06131 5.78863
threshold=475.06500000000005 -193.11999999999998 1.0000000180025095e-35 -197.99999999999997 225.00500000000002 -593.49999999999989 -1079.9999999999998 334.99500000000006
decision_type=8 2 10 8 2 10 10 2
left_child=1 2 -1 4 -3 6 7 -6
right_child=-2 3 -4 -5 5 -7 -8 -9
leaf_value=-0.03502778595821536 -0.0027565896941776449 -0.00075462433335384146 0.0030092303471399144 0.019489577676635145 -0.012759504007436277 -0.0088222441215739921 0.076748653992271834 0.039162409358605418
leaf_weight=45.957441203157941 927.96830373389093 473.89139797420648 65.327656555597059 125.9390687480045 23.939472063750145 22.684686068467272 17.302742087944353 24.437914497269958
leaf_count=2964 127354 9957 7253 3587 4240 3015 2095 2819
internal_value=-5.49457e-05 0.00308089 -0.0126989 0.00563258 0.00252877 0.0201372 0.0301393 0.0134689
internal_weight=1727.45 799.48 111.285 688.195 562.256 88.3648 65.6801 48.3774
internal_count=163284 35930 10217 25713 22126 12169 9154 7059
is_linear=0
shrinkage=0.0750466


Tree=187
num_leaves=9
num_cat=0
split_feature=0 142 56 112 112 112 112 0
split_gain=2.08402 4.40733 6.59684 3.66742 3.19049 3.33267 7.38667 6.12888
threshold=15842220.000000002 119646.00000000001 525.36000000000013 701728.4800000001 720815.33500000008 228031.20000000004 164689.20000000004 59645539.500000007
decision_type=2 10 2 8 10 10 10 2
left_child=1 -1 -3 -4 5 6 -2 -7
right_child=4 2 3 -5 -6 7 -8 -9
leaf_value=0.0070195906579794132 -0.00089332845708369824 -0.03188216482952367 -0.004099081762637082 0.071853325764200088 0.015084273822500952 -0.0043902047584362175 0.015304246042750181 -0.046471778197072669
leaf_weight=55.437690032515093 1068.4363771178723 61.146437613089802 10.159348456549193 5.5290757772527295 82.306827082584277 237.12315915430008 186.19977836433827 21.237907371792971
leaf_count=3130 74388 6853 3830 2516 15993 31422 22892 2260
internal_value=-5.55423e-05 -0.00910765 -0.0207437 0.0226688 0.000695002 -8.77728e-05 0.00151054 -0.00784941
internal_weight=1727.58 132.273 76.8349 15.6884 1595.3 1513 1254.64 258.361
internal_count=163284 16329 13199 6346 146955 130962 97280 33682
is_linear=0
shrinkage=0.0750466


Tree=188
num_leaves=9
num_cat=0
split_feature=153 22 29 151 147 153 141 125
split_gain=2.25747 9.12264 11.1451 5.26894 6.27816 6.88909 6.78133 6.32934
threshold=475.06500000000005 -9370.4499999999989 1.0000000180025095e-35 4.5000000000000009 -12321.749999999998 1026.3750000000002 1.7600000000000002 -367.86499999999995
decision_type=8 2 2 10 10 10 10 8
left_child=-1 2 -2 -3 6 -6 -5 -8
right_child=1 3 -4 4 5 -7 7 -9
leaf_value=0.0028615339858346295 0.022599041473902116 -0.010731383591450068 -0.016854325184084015 0.0075266290596687725 -0.0093628523949826226 0.056400983370115579 0.0061736699060411628 -0.043204372971429358
leaf_weight=801.36934133837713 144.55332423770597 504.21549267908813 55.927256250062783 123.26947589524571 14.620839708193669 23.216616757239535 24.63260299729518 35.968574410704605
leaf_count=35930 1668 50580 7548 38303 1839 4574 11895 10947
internal_value=-5.51051e-05 -0.00257809 0.0115929 -0.00649174 0.0031502 0.0309891 -0.00257857 -0.0231336
internal_weight=1727.77 926.404 200.481 725.924 221.708 37.8375 183.871 60.6012
internal_count=163284 127354 9216 118138 67558 6413 61145 22842
is_linear=0
shrinkage=0.0750466


Tree=189
num_leaves=9
num_cat=0
split_feature=10 6 81 8 6 83 39 127
split_gain=2.32914 5.24165 5.17057 4.36659 6.20698 3.71289 5.04784 4.25748
threshold=-3005.3049999999998 31.500000000000004 48679.555000000008 -8804.7999999999975 105.50000000000001 37776.215000000004 58697.880000000012 2528.5000000000005
decision_type=2 2 2 2 2 2 2 10
left_child=1 -1 -3 4 -2 6 -5 -7
right_child=3 2 -4 5 -6 7 -8 -9
leaf_value=0.041804636500643338 0.0012024758691133411 -0.0042137464858133236 -0.045247128818876471 -0.00047883339714972219 0.05105115944520066 0.0029599776052785867 -0.028595073088830948 0.034234985766844042
leaf_weight=9.0546742184742453 36.186652227326704 49.324276582856328 26.634328028372693 1432.1932406492815 23.015765485542943 76.795676921672566 36.889053687256819 36.00883959312705
leaf_count=1701 3748 10297 14594 90639 2912 16506 9788 13099
internal_value=-5.5904e-05 -0.012168 -0.0186018 0.000571537 0.0205818 -0.000177352 -0.00118484 0.0129434
internal_weight=1726.1 85.0133 75.9586 1641.09 59.2024 1581.89 1469.08 112.805
internal_count=163284 26592 24891 136692 6660 130032 100427 29605
is_linear=0
shrinkage=0.0750466


Tree=190
num_leaves=9
num_cat=0
split_feature=10 64 129 97 97 149 55 112
split_gain=2.02447 3.09964 3.44687 3.41066 3.03451 12.6812 5.94752 2.52308
threshold=-3005.3049999999998 1.0000000180025095e-35 4.5000000000000009 3.5000000000000004 147.50000000000003 5408.5000000000009 1.0000000180025095e-35 190026.00000000003
decision_type=2 2 8 2 2 8 2 10
left_child=1 2 -1 -4 -2 6 -6 -3
right_child=4 7 3 -5 5 -7 -8 -9
leaf_value=0.023294468223789527 4.7346678202114948e-05 -0.06186637112590887 0.013248096975095909 -0.033533395164743164 0.022368015367854325 0.10052313047657541 -0.052224380076591033 -0.014470499450061007
leaf_weight=20.304138271403644 1606.6759030508183 10.187452535785271 14.425616204083779 22.415731349767157 17.317835459223719 8.7703811475184903 9.2281098372477555 16.687820363526043
leaf_count=4510 126340 4509 1428 4512 3601 2556 4195 11633
internal_value=-5.5736e-05 -0.0114178 -0.00153275 -0.0152156 0.00052566 0.022286 -0.00356238 -0.0324366
internal_weight=1726.01 84.0208 57.1455 36.8413 1641.99 35.3163 26.5459 26.8753
internal_count=163284 26592 10450 5940 136692 10352 7796 16142
is_linear=0
shrinkage=0.0750466


Tree=191
num_leaves=9
num_cat=0
split_feature=127 113 147 18 150 10 96 0
split_gain=2.01152 9.17998 7.92956 14.1741 7.72422 7.68606 8.20283 5.30289
threshold=1221.5000000000002 -1263.4999999999998 -19379.904999999995 252.93500000000003 6174.3750000000009 -193.11999999999998 1.0000000180025095e-35 44238857.000000007
decision_type=8 10 8 2 8 2 2 2
left_child=1 2 3 -1 -4 7 -7 -3
right_child=-2 5 4 -5 -6 6 -8 -9
leaf_value=0.070169076888204021 -0.0016989058259569072 0.018073809426001262 0.0076670238459859682 -0.0068389623864932034 -0.017265785151165506 0.012024261391981416 0.053677256691745584 -0.0349615010396385
leaf_weight=21.975618815115013 1222.8532301787236 21.905291023147583 113.98991015335559 34.743312290582253 181.25493728985748 61.663806404787465 46.864781486925494 20.606541062530596
leaf_count=1365 117625 3802 11149 9720 10244 2125 3396 3858
internal_value=-5.57092e-05 0.00393907 -0.00270239 0.0229976 -0.00763958 0.0194154 0.0300108 -0.00763372
internal_weight=1725.86 503.004 351.964 56.7189 295.245 151.04 108.529 42.5118
internal_count=163284 45659 32478 11085 21393 13181 5521 7660
is_linear=0
shrinkage=0.0750466


Tree=192
num_leaves=9
num_cat=0
split_feature=8 73 9 115 140 135 135 9
split_gain=2.21262 10.2873 5.32558 8.4777 5.96591 7.74504 10.5597 5.44609
threshold=9683.5850000000009 1.0000000180025095e-35 1656.3400000000004 8179.2300000000005 8303.6200000000008 -1567.4999999999998 -744.49999999999989 511.12500000000006
decision_type=2 2 2 10 10 10 10 2
left_child=2 -2 3 4 -1 -6 7 -7
right_child=1 -3 -4 -5 5 6 -8 -9
leaf_value=-0.0018989614369475311 0.034354807569207814 -0.0046098715590639763 0.011717832730528479 -0.038057541367794621 -0.017824174777243993 0.081703062329329654 -0.017877836147456944 0.022700335303840812
leaf_weight=514.05810382687923 40.042994541232474 812.06293408798228 255.1829664756915 33.201124560429889 20.410699435295101 22.082184222825163 14.284624713200172 14.659524532871727
leaf_count=30744 1142 90760 14941 9609 5423 2887 3083 4695
internal_value=-5.77054e-05 -0.00277881 0.0025956 -0.00116689 0.000925028 0.0212463 0.0368747 0.0581616
internal_weight=1725.99 852.106 873.879 618.696 585.495 71.437 51.0263 36.7417
internal_count=163284 91902 71382 56441 46832 16088 10665 7582
is_linear=0
shrinkage=0.0750466


Tree=193
num_leaves=9
num_cat=0
split_feature=153 17 25 7 49 8 8 153
split_gain=2.11063 5.20418 6.14273 4.26304 6.32831 5.74037 5.09075 6.40102
threshold=475.06500000000005 3.5000000000000004 1.0000000180025095e-35 2050.3150000000005 1.0000000180025095e-35 -1.0000000180025095e-35 14788.655000000001 5389.9350000000004
decision_type=8 2 2 2 2 2 2 8
left_child=-1 3 -3 5 6 -2 7 -5
right_child=1 2 -4 4 -6 -7 -8 -9
leaf_value=0.0027584107500114095 0.003695675957727127 -0.0025581837369831307 0.052638005714944022 0.045338256228055783 -0.026221516291501573 -0.012968468320972452 0.00054271472111831276 0.0029771116689249794
leaf_weight=801.76913033597884 167.94715496228673 25.397584796955925 20.538327396468958 37.547675747213361 37.210027265071403 379.48049141489173 212.82320435360452 43.208302177212317
leaf_count=35930 28097 1445 4476 3029 7690 51818 28839 1960
internal_value=-5.91498e-05 -0.00250359 0.0221205 -0.00379157 0.00293474 -0.00785602 0.00663019 0.022673
internal_weight=1725.92 924.153 45.9359 878.217 330.789 547.428 293.579 80.756
internal_count=163284 127354 5921 121433 41518 79915 33828 4989
is_linear=0
shrinkage=0.0750466


Tree=194
num_leaves=9
num_cat=0
split_feature=22 0 107 97 150 80 74 22
split_gain=2.10616 5.90562 11.1961 4.51418 6.06048 2.84962 12.8739 6.6736
threshold=409658.84500000003 23493831.000000004 66.500000000000014 17.500000000000004 5236.5900000000011 4.5000000000000009 391.17500000000007 9727.2900000000027
decision_type=2 2 2 2 10 2 2 2
left_child=5 2 -2 -3 -5 -1 7 -7
right_child=1 3 -4 4 -6 6 -8 -9
leaf_value=-0.00047063601951826696 0.12474509885028537 -0.07207504843170498 -0.044084654890662274 0.038964727195350164 -0.063011655816845494 0.098193378245774912 -0.0028569937483509953 0.021252474850169539
leaf_weight=1590.3625750356878 4.1032857753889385 11.449563161731932 4.8002239366905997 7.1714189660997345 6.0522343263546645 12.387653170804699 76.862175751977702 13.024396456050452
leaf_count=122705 705 3153 4385 2377 5505 1493 19625 3336
internal_value=-5.89722e-05 -0.0186709 0.0337225 -0.0375775 -0.00770808 0.000310232 0.0124527 0.058759
internal_weight=1726.21 33.5767 8.90351 24.6732 13.2237 1692.64 102.274 25.412
internal_count=163284 16125 5090 11035 7882 147159 24454 4829
is_linear=0
shrinkage=0.0750466


Tree=195
num_leaves=9
num_cat=0
split_feature=82 153 5 5 5 82 83 83
split_gain=2.03798 6.53058 3.02021 6.54776 3.17336 2.49808 4.50944 6.5332
threshold=6.5000000000000009 9905.9850000000024 53.500000000000007 43.500000000000007 34.500000000000007 4.5000000000000009 78894.220000000016 37776.215000000004
decision_type=2 8 2 2 2 2 2 2
left_child=5 2 3 4 -2 -1 7 -7
right_child=1 -3 -4 -5 -6 6 -8 -9
leaf_value=-7.4819921385958459e-05 -0.0097580441975385814 0.029326199182249733 -0.067774201392386144 0.038175990310608462 -0.064777637644504837 0.0028096279943199283 -0.02350906925645567 0.069149465534614263
leaf_weight=1625.4447542265407 11.166561531837944 14.382686051794733 9.0264848478182085 8.4264246351340244 12.527625605835054 19.425283971177123 11.207173913722725 14.678026991477962
leaf_count=127401 4014 5175 3601 3812 4968 5701 4140 4472
internal_value=-6.04131e-05 -0.0142043 -0.02942 -0.0186418 -0.0388481 0.000409677 0.0177903 0.0313622
internal_weight=1726.29 55.5298 41.1471 32.1206 23.6942 1670.76 45.3105 34.1033
internal_count=163284 21570 16395 12794 8982 141714 14313 10173
is_linear=0
shrinkage=0.0750466


Tree=196
num_leaves=9
num_cat=0
split_feature=21 74 137 18 74 109 134 74
split_gain=1.92429 3.05392 2.87491 4.95452 4.03477 3.77631 3.68341 4.37249
threshold=1.0000000180025095e-35 513.96500000000015 1316.4200000000003 252.93500000000003 174.28500000000003 1.0000000180025095e-35 139352.40000000002 62.105000000000011
decision_type=2 2 8 2 2 2 8 2
left_child=1 -1 3 -2 -5 -6 -4 -8
right_child=2 -3 6 4 5 -7 7 -9
leaf_value=0.017320583545298827 -0.0030537622005453631 -0.0017081480153913464 -0.010214489901494461 -0.0021092101043214506 0.0064687839299961076 0.028734875228627246 0.015843757768099619 -0.0026128833677368296
leaf_weight=87.909547080940683 317.3184498657065 103.3376119054592 308.68149908819396 88.354342935315799 85.584394043136854 86.010476347335498 82.873205498592142 566.14231921351893
leaf_count=3392 3677 2409 45505 6945 3697 6447 4646 86566
internal_value=-5.98895e-05 0.00703869 -0.000944328 0.00323897 0.0109205 0.0176295 -0.00346588 -0.000256143
internal_weight=1726.21 191.247 1534.96 577.268 259.949 171.595 957.697 649.016
internal_count=163284 5801 157483 20766 17089 10144 136717 91212
is_linear=0
shrinkage=0.0750466


Tree=197
num_leaves=9
num_cat=0
split_feature=107 63 115 151 104 151 80 104
split_gain=2.00383 3.37695 3.76786 3.53746 6.22754 2.78943 4.64186 5.68335
threshold=12.500000000000002 8.5000000000000018 57176.19000000001 3.5000000000000004 2404.6500000000005 4.5000000000000009 8.5000000000000018 14721.150000000001
decision_type=2 2 10 8 2 10 2 2
left_child=-1 2 5 -3 -5 -2 7 -7
right_child=1 3 -4 4 -6 6 -8 -9
leaf_value=0.0034250093331160466 -0.0040610677759939226 0.06760274741955663 -0.032717415210361755 -0.03006599605056785 0.072770310615900974 0.0063853064675959779 0.050744555657171446 -0.031522228635043455
leaf_weight=604.43205335823586 812.71674928269204 7.8211345322888546 22.796375561923924 9.6841347455774649 5.0439494707607073 226.90507274885385 11.840953859435102 24.699546752366587
leaf_count=7521 73030 3037 6155 4603 3611 43421 4456 17450
internal_value=-5.81691e-05 -0.00193541 -0.0025253 0.0268132 0.00515251 -0.00188574 0.00482505 0.002664
internal_weight=1725.94 1121.51 1098.96 22.5492 14.7281 1076.16 263.446 251.605
internal_count=163284 155763 144512 11251 8214 138357 65327 60871
is_linear=0
shrinkage=0.0750466


Tree=198
num_leaves=9
num_cat=0
split_feature=33 8 7 6 18 5 148 7
split_gain=1.90592 8.02797 6.65739 4.47462 7.85379 2.52908 6.12193 6.71861
threshold=32887.870000000003 43644.710000000006 8314.2500000000018 163.50000000000003 952.04500000000019 43.500000000000007 1.0000000180025095e-35 886.22500000000014
decision_type=2 2 2 2 2 2 10 2
left_child=5 3 -3 -2 -5 6 7 -1
right_child=1 2 -4 4 -6 -7 -8 -9
leaf_value=-0.0068483329282426732 -0.036506698322704249 0.07926371801092251 -0.01266836353440689 0.094647083390609191 -0.037820801595698006 -0.0021031013349747806 0.038301218714947814 0.0083488897406370239
leaf_weight=268.49538542849405 44.472296093070327 8.6076751736854948 9.1548030100420856 4.3759444420793425 5.9454984288968262 936.3330006684555 27.871815185408195 420.31558593494992
leaf_count=30533 15626 3780 2061 757 5409 75973 5688 23457
internal_value=-5.748e-05 -0.0119622 0.0318818 -0.0261751 0.0183411 0.000465055 0.00382031 0.00242508
internal_weight=1725.57 72.5562 17.7625 54.7937 10.3214 1653.02 716.683 688.811
internal_count=163284 27633 5841 21792 6166 135651 59678 53990
is_linear=0
shrinkage=0.0750466


Tree=199
num_leaves=9
num_cat=0
split_feature=102 97 138 81 72 64 81 51
split_gain=2.2481 2.44489 8.87872 7.47404 7.35083 8.44472 6.44885 6.391
threshold=1.0000000180025095e-35 36.500000000000007 1513.9350000000002 8797.7650000000012 387.90500000000003 25194.515000000003 15997.960000000001 1.0000000180025095e-35
decision_type=2 2 8 2 2 2 2 2
left_child=1 6 -3 -4 5 7 -1 -5
right_child=-2 2 3 4 -6 -7 -8 -9
leaf_value=0.0015263082719112111 -0.013929985967462167 0.034308700165752055 -0.016013144702564232 0.053686732306310936 -0.0040656872596464434 -0.041102682603235768 -0.011949171920606081 0.0026685557951960821
leaf_weight=1108.485497497808 63.379488236503676 53.452063887918484 94.976229283449356 43.882296975007193 87.895790853526705 8.7214172090571065 244.04671219830925 20.191713684347633
leaf_count=46628 4973 3768 15559 5742 14124 6948 45491 20051
internal_value=-5.80794e-05 0.000471029 0.00649248 0.000676978 0.0105416 0.0281791 -0.000905166 0.0376093
internal_weight=1725.03 1661.65 309.12 255.667 160.691 72.7954 1352.53 64.074
internal_count=163284 158311 66192 62424 46865 32741 92119 25793
is_linear=0
shrinkage=0.0750466


Tree=200
num_leaves=9
num_cat=0
split_feature=20 18 74 28 123 16 16 10
split_gain=2.03126 9.24991 7.33288 8.32683 5.57377 5.12607 5.98311 4.57523
threshold=55.415000000000006 252.93500000000003 2806.0050000000006 28503.825000000004 5.5000000000000009 -1.0000000180025095e-35 -176.96999999999997 -1667.6399999999996
decision_type=2 2 2 2 10 2 2 2
left_child=-1 -2 4 -4 5 6 -3 -5
right_child=1 2 3 7 -6 -7 -8 -9
leaf_value=0.0012910740245170122 -0.024372769385473357 0.0041257651774470432 0.064054368987897792 -0.03516550665796235 -0.025645821651554251 -0.00725187822697081 0.05022183896799514 0.042371130522504664
leaf_weight=1353.001235537402 100.86052599427057 51.662041354713438 21.254828354554775 11.100351237988436 47.871958409756189 109.20256266613069 22.882604873251694 6.9819697341335987
leaf_count=92620 2769 10927 2727 5630 13917 29580 2805 2309
internal_value=-5.89998e-05 -0.00497177 0.00225004 0.0322074 -0.00283779 0.00310442 0.0182757 -0.00522696
internal_weight=1724.82 371.817 270.956 39.3371 231.619 183.747 74.5446 18.0823
internal_count=163284 70664 67895 10666 57229 43312 13732 7939
is_linear=0
shrinkage=0.0750466


Tree=201
num_leaves=9
num_cat=0
split_feature=22 27 22 95 58 58 103 104
split_gain=1.83221 3.17637 1.92531 1.74357 1.80203 4.60556 4.51661 4.64535
threshold=409658.84500000003 6.5000000000000009 1144297.6400000004 5.5000000000000009 3684.2700000000004 6461.2000000000007 1.0000000180025095e-35 17653.650000000005
decision_type=2 2 2 2 2 2 2 2
left_child=3 2 -2 4 -1 6 -6 -8
right_child=1 -3 -4 -5 5 -7 7 -9
leaf_value=-0.0011603869801840448 -0.020559879320026619 -0.052867650558785784 0.023497019185447943 0.014832519599929594 0.012147021571545827 -0.0016889847401670981 0.10078069732912827 0.015107794061528863
leaf_weight=1399.5892309989249 13.413849504093378 10.006249420932361 9.573472278589179 45.143879748509789 71.744929570806562 161.32016941604888 7.2039679303088615 7.055388830092852
leaf_count=88629 3796 10340 1989 3171 8276 40337 2656 4090
internal_value=-5.95237e-05 -0.0175745 -0.00221161 0.000282003 -0.000116845 0.00578848 0.0198141 0.0583906
internal_weight=1725.05 32.9936 22.9873 1692.06 1646.91 247.324 86.0043 14.2594
internal_count=163284 16125 5785 147159 143988 55359 15022 6746
is_linear=0
shrinkage=0.0750466


Tree=202
num_leaves=9
num_cat=0
split_feature=6 23 27 20 127 64 57 6
split_gain=1.95128 4.81993 8.53171 3.83372 3.27491 4.506 4.07885 5.09375
threshold=289.50000000000006 1.5000000000000002 1.0000000180025095e-35 79.560000000000016 3655.5000000000005 25194.515000000003 1.0000000180025095e-35 94.500000000000014
decision_type=2 2 2 2 10 2 2 2
left_child=4 -2 -3 -4 5 6 7 -1
right_child=1 2 3 -5 -6 -7 -8 -9
leaf_value=0.0025225414076203816 -0.010612857726261816 0.0698300793908401 -0.025156612375300549 0.035697479374090325 -0.0094723009972453379 -0.025122601184493464 0.0075914292551992066 -0.0088778244335303395
leaf_weight=666.19196874243062 30.204516874866385 16.86350012870389 14.006810388429587 9.9880840545920346 204.46952545321619 37.160413714624156 416.17892674781979 330.10337302851622
leaf_count=30791 4290 358 2044 3456 33602 12787 59177 16779
internal_value=-5.78868e-05 0.012119 0.0289234 0.000174434 -0.000581023 0.000673082 0.00135173 -0.00125475
internal_weight=1725.17 71.0629 40.8584 23.9949 1654.1 1449.63 1412.47 996.295
internal_count=163284 10148 5858 5500 153136 119534 106747 47570
is_linear=0
shrinkage=0.0750466


Tree=203
num_leaves=9
num_cat=0
split_feature=102 135 0 112 16 28 71 73
split_gain=1.93912 2.77927 4.34222 4.9332 3.58832 4.73001 3.25438 2.84406
threshold=1.0000000180025095e-35 -348.99999999999994 52138181.000000007 57007.80000000001 -609.50499999999988 5998.3400000000011 1.5000000000000002 2.5000000000000004
decision_type=2 10 2 10 2 2 2 2
left_child=1 6 3 -3 -5 -6 7 -1
right_child=-2 2 -4 4 5 -7 -8 -9
leaf_value=-0.0034407895283276868 -0.012993408852159992 -0.05430712283153892 0.017847953398679294 -0.034231659391830635 0.035185253558398147 -0.025537565551265632 0.023589756336819152 0.0031893088941576256
leaf_weight=592.41866103516077 62.87734864799495 18.872919795649068 20.28545904483326 19.225137636560248 15.869330666617318 13.262717250281638 35.595905799003958 946.65267186213168
leaf_count=15341 4973 1333 1547 1882 1057 4667 1555 130929
internal_value=-5.67122e-05 0.000432659 -0.0125843 -0.0217666 -0.00906669 0.00754046 0.0011561 0.000637254
internal_weight=1725.06 1662.18 87.5156 67.2301 48.3572 29.132 1574.67 1539.07
internal_count=163284 158311 10486 8939 7606 5724 147825 146270
is_linear=0
shrinkage=0.0750466


Tree=204
num_leaves=9
num_cat=0
split_feature=13 0 139 137 140 111 56 0
split_gain=1.84765 1.80917 4.80933 3.74801 5.33565 2.69619 2.89718 3.65499
threshold=1.5000000000000002 15842220.000000002 554.4000000000002 7430.2150000000011 25962.100000000002 1.0000000180025095e-35 8668.8100000000031 47919824.000000007
decision_type=2 2 8 10 10 10 2 2
left_child=1 2 3 -1 -5 6 -3 -8
right_child=-2 5 -4 4 -6 -7 7 -9
leaf_value=-0.0046780843539837181 -0.017968782860867203 0.00085315623035336896 0.01821481732760644 -0.051246377981248675 0.012476245410490352 0.017189272079354986 -0.006981062999112283 -0.066803690701014579
leaf_weight=61.762917307700263 31.828800638089888 1478.598019656125 29.837150884548464 28.264882766608935 10.025439263445149 55.791308561965707 21.572086087990105 7.843321248987194
leaf_count=3282 829 128615 1898 6510 4614 525 13486 3525
internal_value=-5.49651e-05 0.000281681 -0.00822884 -0.0161147 -0.0345621 0.000988569 0.000389198 -0.0229322
internal_weight=1725.52 1693.7 129.89 100.053 38.2903 1563.8 1508.01 29.4154
internal_count=163284 162455 16304 14406 11124 146151 145626 17011
is_linear=0
shrinkage=0.0750466


Tree=205
num_leaves=9
num_cat=0
split_feature=82 139 58 125 85 24 38 140
split_gain=1.88361 5.7503 3.48805 4.49358 2.6462 4.93504 2.19616 4.60643
threshold=6.5000000000000009 2994.6850000000004 232.54500000000004 -3240.0249999999996 5900.1900000000014 7.5000000000000009 1.0000000180025095e-35 3519.0050000000006
decision_type=2 8 2 10 2 2 2 8
left_child=6 2 -2 4 -4 -6 -1 -8
right_child=1 -3 3 -5 5 -7 7 -9
leaf_value=0.00092052448174779415 -0.049521064912750948 0.040880298615159731 -0.040106547114642253 0.062829848192274634 0.072774835481706407 -0.041772802249188515 0.014479068012488112 -0.029176646200511101
leaf_weight=1609.726188003373 18.64290443484424 9.0730394694437546 14.488125632171434 4.3182126534993612 4.0356148485116119 4.458492817964725 21.050106947877794 38.527980819559161
leaf_count=124361 5758 1572 5974 2149 2058 4059 4616 12737
internal_value=-5.34445e-05 -0.0137162 -0.0244981 -0.00741045 -0.0206081 0.0126496 0.000396849 -0.0137522
internal_weight=1724.32 55.0164 45.9434 27.3004 22.9822 8.49411 1669.3 59.5781
internal_count=163284 21570 19998 14240 12091 6117 141714 17353
is_linear=0
shrinkage=0.0750466


Tree=206
num_leaves=9
num_cat=0
split_feature=127 5 127 16 10 5 147 142
split_gain=1.77625 4.13954 2.42117 5.82016 5.81646 5.60324 6.35213 5.58425
threshold=145.50000000000003 42.500000000000007 1221.5000000000002 -4047.3549999999991 -500.88999999999993 43.500000000000007 -1305.0149999999996 119646.00000000001
decision_type=8 2 8 2 2 2 8 10
left_child=1 -1 3 -2 7 6 -6 -5
right_child=2 -3 -4 4 5 -7 -8 -9
leaf_value=-0.039886314752449456 -0.0069876482163627549 0.009418954230818349 -0.0014505234992531145 -0.038818767016680751 0.05187645042496717 0.0053624907872368809 0.015126781843853337 0.0053538108418486937
leaf_weight=19.806376753564109 154.92546228011997 18.592755936057074 1218.3905880418242 21.741381582527538 42.339210656529758 115.07141639407928 70.761463327005913 62.321634989548329
leaf_count=3125 8400 1954 117625 4282 5572 7572 3019 11735
internal_value=-5.28975e-05 -0.0160128 0.000310691 0.00490408 0.0108045 0.0170217 0.028884 -0.00607063
internal_weight=1723.95 38.3991 1685.55 467.161 312.235 228.172 113.101 84.063
internal_count=163284 5079 158205 40580 32180 16163 8591 16017
is_linear=0
shrinkage=0.0750466


Tree=207
num_leaves=9
num_cat=0
split_feature=20 135 142 49 64 135 83 18
split_gain=1.70836 6.80438 3.87641 7.84289 9.53962 14.6775 8.2368 9.64319
threshold=203.56500000000003 -1355.4999999999998 238705.50000000003 1.0000000180025095e-35 1.0000000180025095e-35 -1110.4999999999998 2582.5950000000007 90728.695000000022
decision_type=2 10 10 2 2 10 2 2
left_child=-1 -2 -3 4 -4 -6 -7 -8
right_child=1 2 3 -5 5 6 7 -9
leaf_value=0.00099116649083100901 -0.017575624741926379 -0.007520585913956445 -0.0129299882961327 0.084225566486926931 0.14197752427277122 -0.063944303929657942 0.078508741862397036 -0.056861312816591611
leaf_weight=1442.424028549638 134.78608499302572 67.120565088851436 43.885850063656108 8.6959730241323978 6.5032180587259054 5.7126659281275414 10.9655281455598 4.0614254418123883
leaf_count=102000 23435 13026 6706 3419 3261 1991 4822 4624
internal_value=-5.28394e-05 -0.005398 0.00577197 0.016949 0.008724 0.0436067 0.0127611 0.0419215
internal_weight=1724.16 281.731 146.945 79.8247 71.1287 27.2428 20.7396 15.027
internal_count=163284 61284 37849 24823 21404 14698 11437 9446
is_linear=0
shrinkage=0.0750466


Tree=208
num_leaves=9
num_cat=0
split_feature=33 140 13 99 5 5 5 140
split_gain=1.74662 4.62789 2.07419 1.83337 2.04903 3.47102 8.72151 4.79031
threshold=115002.37000000001 1.0000000180025095e-35 1.5000000000000002 2.5000000000000004 76.500000000000014 67.500000000000014 63.500000000000007 7173.1900000000014
decision_type=2 10 2 2 2 2 2 8
left_child=2 -2 3 4 5 6 -1 -7
right_child=1 -3 -4 -5 -6 7 -8 -9
leaf_value=-0.00059616460938922576 -0.0023545543870267891 -0.066389354892681829 -0.018893337394351041 0.018888150820884415 0.017192005453956737 0.0066260405879297055 0.022892097349130468 -0.023335739503226493
leaf_weight=1362.1704181567402 29.879056724210386 8.0740890307843056 31.118568734847941 30.513606108077511 39.556174372366513 48.428298557999369 95.259397106310644 79.206027759530116
leaf_count=128300 4137 10275 805 829 2711 2863 7068 6296
internal_value=-5.6117e-05 -0.0159772 0.000302225 0.000663126 0.000320823 -0.000100207 0.000939057 -0.0119673
internal_weight=1724.21 37.9531 1686.25 1655.13 1624.62 1585.06 1457.43 127.634
internal_count=163284 14412 148872 148067 147238 144527 135368 9159
is_linear=0
shrinkage=0.0750466


Tree=209
num_leaves=9
num_cat=0
split_feature=8 12 7 5 97 23 2 97
split_gain=1.7186 9.17397 7.8111 6.04599 8.89431 5.84035 5.03024 4.26752
threshold=9683.5850000000009 4.5000000000000009 1261.8700000000001 63.500000000000007 51.500000000000007 1.5000000000000002 1.0000000180025095e-35 46.500000000000007
decision_type=2 2 2 2 2 2 2 2
left_child=2 -2 -1 7 5 -5 -4 -3
right_child=1 3 6 4 -6 -7 -8 -9
leaf_value=-0.003277390703414612 0.01982132234993312 -0.011226238415036421 -0.0052450702230945377 0.00087500118232085506 -0.034127094285954014 0.032909890449717184 0.016453230666728533 0.00643281993868713
leaf_weight=542.51538700735728 92.679864953068318 512.41798171106711 78.814528121845797 68.15913782921416 23.658446430574259 60.503959883957577 254.39946769777816 90.717950761012617
leaf_count=60700 1033 47024 482 4400 6143 4532 10200 28770
internal_value=-5.46575e-05 -0.00246245 0.00227727 -0.00519623 0.00816315 0.0159394 0.011321 -0.00857013
internal_weight=1723.87 848.137 875.729 755.457 152.322 128.663 333.214 603.136
internal_count=163284 91902 71382 90869 15075 8932 10682 75794
is_linear=0
shrinkage=0.0750466


Tree=210
num_leaves=9
num_cat=0
split_feature=0 149 12 131 16 22 0 18
split_gain=1.6802 6.82455 5.36712 5.33693 4.30406 2.54721 3.9726 2.94518
threshold=15842220.000000002 2810.5000000000005 6.5000000000000009 41.055000000000007 -176.96999999999997 409658.84500000003 24777691.000000004 18220.110000000004
decision_type=2 8 2 8 2 2 2 2
left_child=1 -1 -3 4 -4 7 -7 -2
right_child=5 2 3 -5 -6 6 -8 -9
leaf_value=-0.040503143041232932 -0.00018148449647213046 0.018316329103654931 0.029584991543771255 -0.054543123565500957 -0.022545267984121469 0.035789640636236464 -0.036197163766203869 0.0098863691322061791
leaf_weight=28.782967367693345 1378.9471493553719 50.294765393162379 15.243273981886881 14.609107232798122 21.502483938216759 5.3711077719908671 22.009490494046986 185.67880112454441
leaf_count=2862 67932 1943 1527 5080 4917 3060 10349 65614
internal_value=-5.4712e-05 -0.00824348 0.00089112 -0.0161744 -0.000920028 0.000616191 -0.0220759 0.0010133
internal_weight=1722.44 130.433 101.65 51.3549 36.7458 1592.01 27.3806 1564.63
internal_count=163284 16329 13467 11524 6444 146955 13409 133546
is_linear=0
shrinkage=0.0750466


Tree=211
num_leaves=9
num_cat=0
split_feature=138 71 112 135 135 135 16 112
split_gain=1.80014 4.50686 3.94034 5.68583 4.46192 5.90458 3.90143 7.57482
threshold=1513.9350000000002 1.5000000000000002 95013.000000000015 -1749.9999999999998 -1505.9999999999998 -927.99999999999989 -10288.865 164689.20000000004
decision_type=8 2 10 10 10 8 2 10
left_child=2 6 3 -1 -4 -6 7 -2
right_child=1 -3 4 -5 5 -7 -8 -9
leaf_value=0.024923363283542773 0.01536921019167955 0.029403451210478902 -0.011224944195330764 0.0022733123867275233 0.020138768262993587 -0.0091427126896545443 -0.0046047068564251652 -0.020342961877412177
leaf_weight=92.829876368166879 146.6509067051993 25.429505260133737 161.48933995928383 190.53604453269509 83.708589167916216 72.270371594990138 906.09933547060791 43.334885408188711
leaf_count=3628 3771 1579 6864 5571 2487 2383 130156 6845
internal_value=-5.40805e-05 -0.0018299 0.00326065 0.00969341 -0.00248109 0.00657166 -0.00255452 0.00722343
internal_weight=1722.35 1121.51 600.834 283.366 317.468 155.979 1096.09 189.986
internal_count=163284 142351 20933 9199 11734 4870 140772 10616
is_linear=0
shrinkage=0.0750466


Tree=212
num_leaves=9
num_cat=0
split_feature=102 33 22 16 16 16 149 109
split_gain=1.75831 2.42896 4.20605 9.99169 5.12273 5.07598 3.0818 3.06042
threshold=1.0000000180025095e-35 17595.285000000003 14268.340000000002 -985.6149999999999 -7736.8999999999987 -471.88999999999993 5660.5000000000009 1.0000000180025095e-35
decision_type=2 2 2 2 2 2 8 2
left_child=1 -1 4 -4 -3 6 -6 -5
right_child=-2 2 3 7 5 -7 -8 -9
leaf_value=0.0010582219499508749 -0.012444451891310956 0.010587798606357689 0.16244321367169606 0.062545299751983821 -0.076951124341906998 -0.0086662023804101943 -0.019233921147770242 -0.044549342014435646
leaf_weight=1578.5791085541605 62.16508273634463 22.80789521857514 2.524790339582978 2.172287209510614 15.553974065031069 24.352736647324495 7.8346212888500295 4.8763767722593894
leaf_count=128158 4973 4752 3950 1698 6347 5447 1309 6650
internal_value=-5.31755e-05 0.000411227 -0.0123359 0.034341 -0.0186699 -0.0326474 -0.0576172 -0.0115445
internal_weight=1720.87 1658.7 80.1227 9.57345 70.5492 47.7413 23.3886 7.04866
internal_count=163284 158311 30153 12298 17855 13103 7656 8348
is_linear=0
shrinkage=0.0750466


Tree=213
num_leaves=9
num_cat=0
split_feature=8 153 58 97 153 20 97 97
split_gain=1.80744 4.91231 2.85582 4.0046 3.4391 2.81813 6.81189 12.1342
threshold=-8804.7999999999975 12251.985000000002 1208.2600000000002 5.5000000000000009 3489.6750000000006 55.415000000000006 20.500000000000004 130.50000000000003
decision_type=2 10 2 2 8 2 2 2
left_child=1 2 3 -1 -4 -2 -7 -8
right_child=5 -3 4 -5 -6 6 7 -9
leaf_value=0.027573992204175737 0.00096041457428533829 -0.022390757233269932 0.069727877702165389 -0.013634910603497048 0.01627078914312317 -0.015517816091352643 0.014591542767004572 -0.049967264537368224
leaf_weight=27.547276431447244 1273.7493713165586 21.43804079182155 11.123741275616341 25.64560609104592 17.348975105218415 202.57901103429322 122.45169932004865 18.931914954784588
leaf_count=1723 82985 4848 1618 3782 4672 22707 31881 9068
internal_value=-5.32642e-05 0.0095808 0.0179737 0.00770616 0.0371554 -0.000667284 -0.00669492 0.00594682
internal_weight=1720.82 103.104 81.6656 53.1929 28.4727 1617.71 343.963 141.384
internal_count=163284 16643 11795 5505 6290 146641 63656 40949
is_linear=0
shrinkage=0.0750466


Tree=214
num_leaves=9
num_cat=0
split_feature=16 50 63 147 20 147 84 0
split_gain=1.60091 2.89943 2.96435 4.58418 4.04021 3.99167 7.64699 8.4011
threshold=2347.2300000000005 1.0000000180025095e-35 4.5000000000000009 -21440.649999999998 1646.6400000000001 -2974.2299999999996 1.0000000180025095e-35 37799697.500000007
decision_type=2 2 2 10 2 10 2 2
left_child=1 2 -1 4 -4 6 -5 -8
right_child=-2 -3 3 5 -6 -7 7 -9
leaf_value=-2.2202869793536321e-06 -0.016969378128096683 -0.023882176861259149 0.013859379154648724 0.017451804434245065 -0.04104023742130989 -0.0062418155970926639 0.16246365318400183 0.019571389390459038
leaf_weight=1593.3679773739568 30.942370304239375 27.568250370555688 25.079373813958227 14.31913226919278 10.801128905750373 9.0900806164427177 5.6686876599123917 3.9195533278762014
leaf_count=119821 7306 10060 8683 3296 7083 1564 3144 2327
internal_value=-5.33915e-05 0.000256359 0.000656695 0.0158995 -0.00266708 0.0360883 0.0521831 0.104051
internal_weight=1720.76 1689.81 1662.25 68.878 35.8805 32.9975 23.9074 9.58824
internal_count=163284 155978 145918 26097 15766 10331 8767 5471
is_linear=0
shrinkage=0.0750466


Tree=215
num_leaves=9
num_cat=0
split_feature=107 25 108 18 25 105 97 127
split_gain=1.67354 3.4024 9.41865 3.83488 4.82154 5.15859 4.6876 4.40105
threshold=12.500000000000002 1.0000000180025095e-35 1.0000000180025095e-35 1949.6600000000001 29094.785000000003 2.5000000000000004 1.5000000000000002 3462.5000000000005
decision_type=2 2 2 2 2 2 2 10
left_child=-1 -2 3 6 5 7 -3 -5
right_child=1 2 -4 4 -6 -7 -8 -9
leaf_value=0.0031310365241598282 -0.0049473090806368501 0.01264342744330501 0.062124086431174223 0.017984669005664786 -0.014399252576958985 -0.030978244242258 -0.023867575470764527 -0.0072776529946028444
leaf_weight=603.38836099416949 703.95655836878723 29.1989886491574 14.942928680884505 186.03670845511442 56.387083137975424 16.274877950392693 61.554525533767446 49.087412487371694
leaf_count=7521 41210 1972 3790 42409 35862 7662 6110 16748
internal_value=-5.38447e-05 -0.0017736 0.00362966 0.00143646 0.00543387 0.0098823 -0.0121205 0.0127106
internal_weight=1720.83 1117.44 413.483 398.54 307.786 251.399 90.7535 235.124
internal_count=163284 155763 114553 110763 102681 66819 8082 59157
is_linear=0
shrinkage=0.0750466


Tree=216
num_leaves=9
num_cat=0
split_feature=4 7 147 113 82 138 150 138
split_gain=1.78637 2.33182 5.64359 13.4674 3.0426 4.50057 4.23464 3.50465
threshold=1.5000000000000002 5005.1550000000016 -23472.079999999998 -713.99999999999989 6.5000000000000009 -1.0000000180025095e-35 953.55500000000018 26813.160000000003
decision_type=2 2 10 8 2 10 10 10
left_child=1 4 -3 -4 -1 -6 -7 -8
right_child=-2 2 3 -5 5 6 7 -9
leaf_value=0.00017570563670482112 -0.014239479453282931 0.0012646905480383015 0.096909068389775824 -0.0077386089003099257 0.033628750715985152 -0.070243523465573374 0.013334220671400819 -0.039826166994456486
leaf_weight=1510.6669072818277 48.58461321946379 87.229212197213201 12.743455131367226 15.172174569652272 7.5409597999459939 10.566437425721231 13.346187677663695 14.652389741537261
leaf_count=123783 2213 13147 2974 3916 602 2632 4692 9325
internal_value=-5.39042e-05 0.000358317 0.0106636 0.0400329 -0.000403903 -0.0193948 -0.029763 -0.014486
internal_weight=1720.5 1671.92 115.145 27.9156 1556.77 46.106 38.565 27.9986
internal_count=163284 161071 20037 6890 141034 17251 16649 14017
is_linear=0
shrinkage=0.0750466


Tree=217
num_leaves=9
num_cat=0
split_feature=73 134 85 72 8 27 8 120
split_gain=1.86931 7.97254 8.75077 7.19649 6.37057 5.84394 10.3587 5.0738
threshold=9.5000000000000018 57007.80000000001 10615.650000000001 1708.4500000000003 29166.560000000001 5.5000000000000009 8212.8900000000012 565969.56500000006
decision_type=2 10 2 2 2 2 2 10
left_child=-1 -2 3 -3 5 -5 -7 -4
right_child=1 2 7 4 -6 6 -8 -9
leaf_value=0.00084202836051730447 -0.04993408688361519 -0.032046502483871531 0.016094665378942441 -0.010712462568931269 -0.031426996828474489 -0.0042924369225082418 0.075973524683199622 0.083291246402042163
leaf_weight=1520.8301157204533 21.603778202454123 53.253639872418717 30.025842010085398 28.021728787192842 22.432725882215891 18.533664651324216 17.706563432286202 8.0185621331947896
leaf_count=104268 2774 19331 18099 1245 5501 2339 3018 6709
internal_value=-5.41397e-05 -0.00688251 -0.00165715 -0.010333 0.0030048 0.0150243 0.0349246 0.0302576
internal_weight=1720.43 199.597 177.993 139.948 86.6947 64.262 36.2402 38.0444
internal_count=163284 59016 56242 31434 12103 6602 5357 24808
is_linear=0
shrinkage=0.0750466


Tree=218
num_leaves=9
num_cat=0
split_feature=11 102 99 11 125 149 104 85
split_gain=1.70023 1.66833 2.41827 2.75695 7.96851 12.2415 3.97881 7.0364
threshold=-1.0000000180025095e-35 1.0000000180025095e-35 1.0000000180025095e-35 136.92000000000004 -1.0000000180025095e-35 3571.5000000000005 21172.650000000005 8269.6500000000015
decision_type=2 2 2 2 10 8 2 2
left_child=-1 2 3 -2 6 -6 7 -5
right_child=1 -3 -4 4 5 -7 -8 -9
leaf_value=-0.013853718065434666 -0.0021308138714215756 -0.012024228693833515 0.016906896660554758 0.0016676533445282307 0.0030075377145631389 0.10963177074657424 -0.015635767625340354 0.030964438763864136
leaf_weight=48.871611479462445 986.38008753828763 59.216507645451202 50.851789296364586 437.64814761933849 15.179342270654162 10.099119370455808 60.543701303668058 51.6168260698214
leaf_count=5665 22680 4765 3643 65710 3336 2310 32841 22334
internal_value=-5.62726e-05 0.000347131 0.000801501 0.000277001 0.00440685 0.0456055 0.00251266 0.00475843
internal_weight=1720.41 1671.54 1612.32 1561.47 575.087 25.2785 549.809 489.265
internal_count=163284 157619 152854 149211 126531 5646 120885 88044
is_linear=0
shrinkage=0.0750466


Tree=219
num_leaves=9
num_cat=0
split_feature=138 96 120 120 9 9 7 102
split_gain=1.6726 5.24925 6.07924 4.0608 4.28753 3.64461 4.30363 3.15386
threshold=1513.9350000000002 1.0000000180025095e-35 105570.00000000001 211140.00000000003 1579.095 116.42500000000003 568.82500000000016 1.0000000180025095e-35
decision_type=8 2 8 8 2 2 2 2
left_child=1 -1 -3 -4 -5 6 -2 -7
right_child=5 2 3 4 -6 7 -8 -9
leaf_value=-0.0030573222068887794 0.0011890739891645982 0.028618287214169494 -0.011814809469602427 -0.0043509631426939975 0.023988168131096256 -0.0029505802873211074 0.026508892256182238 -0.025991862331725488
leaf_weight=337.72464805898198 161.37399483356057 78.225017974211369 62.972976479286444 53.280813473953458 69.012266394347535 874.10242328103413 49.375031001858588 34.78888682219258
leaf_count=9238 8385 3661 2780 3681 1573 126352 3532 4082
internal_value=-5.62511e-05 0.0031366 0.0110755 0.00366846 0.0116413 -0.00177072 0.00712109 -0.00383251
internal_weight=1720.86 601.216 263.491 185.266 122.293 1119.64 210.749 908.891
internal_count=163284 20933 11695 8034 5254 142351 11917 130434
is_linear=0
shrinkage=0.0750466


Tree=220
num_leaves=9
num_cat=0
split_feature=27 103 64 116 27 23 151 97
split_gain=1.6988 4.63926 9.14002 4.3255 2.89341 5.09233 3.74069 2.16684
threshold=32.500000000000007 1.0000000180025095e-35 1.0000000180025095e-35 11379.470000000003 23.500000000000004 1.5000000000000002 13.500000000000002 147.50000000000003
decision_type=2 2 2 8 2 2 10 2
left_child=4 3 -3 -2 7 6 -6 -1
right_child=1 2 -4 -5 5 -7 -8 -9
leaf_value=-0.00058762805610748474 -0.06029088711504943 0.12394850130867273 -0.040695587741557196 0.012598499491753788 0.036071842315739122 0.061236130013718325 -0.027059412692836012 0.018297805900676145
leaf_weight=1623.5237233147382 14.085189027158776 3.383775067406531 4.3275880298569973 6.7985143390469647 9.3135110905823257 12.006277611326366 12.223583145692826 34.953126265783794
leaf_count=127559 4261 2072 4038 3070 3184 4416 4513 10171
internal_value=-5.48115e-05 -0.018194 0.0315509 -0.0365624 0.000251739 0.0220732 0.000241097 -0.000189609
internal_weight=1720.62 28.5951 7.71136 20.8837 1692.02 33.5434 21.5371 1658.48
internal_count=163284 13441 6110 7331 149843 12113 7697 137730
is_linear=0
shrinkage=0.0750466


Tree=221
num_leaves=9
num_cat=0
split_feature=21 125 127 129 118 71 8 125
split_gain=1.80769 2.09958 3.27985 3.76897 2.23353 4.15119 5.70509 5.48451
threshold=1.0000000180025095e-35 -28173.074999999993 3462.5000000000005 3.5000000000000004 5692.1350000000011 1.0000000180025095e-35 12961.865000000002 -8696.0399999999991
decision_type=2 8 10 10 10 2 2 10
left_child=-1 2 3 -2 -3 6 -6 -7
right_child=1 4 -4 -5 5 7 -8 -9
leaf_value=0.0068343517249604153 -0.037391366448862685 -0.0010530300039159615 -0.055584554094858123 0.029558726973146088 -0.048093372646797188 0.0036788625212318183 0.04691535314391751 0.066263315266630221
leaf_weight=190.7384568875932 9.1001135821279657 1453.0632614007409 10.044348808332868 9.8741551616076304 10.520844383328948 18.099565304692078 5.3797096451671669 13.975403507349254
leaf_count=5801 2287 132018 4642 3429 4852 3483 4615 2157
internal_value=-5.47444e-05 -0.000913546 -0.0209076 -0.00255073 -0.000527014 0.0154047 -0.0159486 0.0309476
internal_weight=1720.8 1530.06 29.0186 18.9743 1501.04 47.9755 15.9006 32.075
internal_count=163284 157483 10358 5716 147125 15107 9467 5640
is_linear=0
shrinkage=0.0750466


Tree=222
num_leaves=9
num_cat=0
split_feature=6 82 138 82 28 120 138 120
split_gain=1.71483 3.56533 5.58852 2.97513 5.65853 6.25882 6.04409 2.87359
threshold=289.50000000000006 6.5000000000000009 97358.630000000019 4.5000000000000009 28503.825000000004 400242.26000000007 5216.3500000000013 588362.69500000007
decision_type=2 2 8 2 2 10 8 8
left_child=1 3 7 -1 6 -6 -5 -3
right_child=-2 2 -4 4 5 -7 -8 -9
leaf_value=-0.00046655439382278216 0.0113643494832995 -0.024010485256617302 0.025162910021527308 0.040271529786501156 0.017411367643337464 0.13114792849147625 -0.024180329250236034 -0.076551947363961328
leaf_weight=1553.2887005265638 71.020084527448489 32.602539924919256 11.901211289956334 14.45380742812995 6.4528545412831573 4.7166893725880072 18.922379940271636 7.1477880553829882
leaf_count=119468 10148 13050 3762 1615 3231 2933 5657 3420
internal_value=-5.38462e-05 -0.000545467 -0.0199512 8.18426e-05 0.0192042 0.0654402 0.00373103 -0.0334583
internal_weight=1720.51 1649.49 51.6515 1597.83 44.5457 11.1695 33.3762 39.7503
internal_count=163284 153136 20232 132904 13436 6164 7272 16470
is_linear=0
shrinkage=0.0750466


Tree=223
num_leaves=9
num_cat=0
split_feature=72 72 6 6 141 145 147 148
split_gain=1.60033 8.3354 6.37956 8.38279 5.46706 5.20269 7.18565 4.88295
threshold=387.90500000000003 1708.4500000000003 20.500000000000004 131.50000000000003 1.7850000000000004 12.500000000000002 -1305.0149999999996 3.5550000000000002
decision_type=2 2 2 2 8 8 8 10
left_child=7 5 -3 -4 -5 6 -2 -1
right_child=1 2 3 4 -6 -7 -8 -9
leaf_value=0.0019853983726578713 -0.030035588170499849 -0.018672752756433174 0.0082437794668430622 0.0023180091406097931 -0.016216018329243281 -0.046146396261709632 0.016200332450984314 0.047106593177593331
leaf_weight=608.30013742952724 45.173909747372818 89.658674762584269 538.56179604244971 187.1560089227969 172.02018370930091 33.203374219992838 32.586697513856052 13.814511099333684
leaf_count=107332 5903 1473 17823 15386 7357 1099 991 5920
internal_value=-5.3878e-05 -0.00177644 0.00041519 0.00232154 -0.00655849 -0.0212783 -0.0106598 0.00298735
internal_weight=1720.48 1098.36 987.397 897.738 359.176 110.964 77.7606 622.115
internal_count=163284 50032 42039 40566 22743 7993 6894 113252
is_linear=0
shrinkage=0.0750466


Tree=224
num_leaves=9
num_cat=0
split_feature=21 16 102 5 83 82 149 105
split_gain=1.56941 5.14786 4.95171 2.82036 2.34593 7.88422 9.22311 2.75945
threshold=1.0000000180025095e-35 -1517.8349999999998 1.0000000180025095e-35 43.500000000000007 175657.12500000003 11.500000000000002 3075.5000000000005 1.5000000000000002
decision_type=2 2 2 2 2 2 8 2
left_child=1 -1 4 -3 7 6 -6 -2
right_child=2 3 -4 -5 5 -7 -8 -9
leaf_value=0.021890010106675052 8.9961386154738788e-05 0.0092283235507941933 -0.026049855374472838 -0.014095178884478378 0.0029321407925089202 -0.044540482877351802 0.11781497248290992 -0.018384858072973201
leaf_weight=73.79340601687727 1416.878050571926 53.943259289662819 42.708785438389896 63.658269764971919 9.155354242997424 6.7109518138167905 6.903464545535825 47.044467138703112
leaf_count=769 123825 2453 4688 2579 2561 3001 3012 20396
internal_value=-5.39648e-05 0.00635267 -0.000855715 -0.0033968 -0.000131954 0.0237713 0.0523187 -0.000503744
internal_weight=1720.8 191.395 1529.4 117.602 1486.69 22.7698 16.0588 1463.92
internal_count=163284 5801 157483 5032 152795 8574 5573 144221
is_linear=0
shrinkage=0.0750466


Tree=225
num_leaves=9
num_cat=0
split_feature=73 123 153 5 8 0 58 0
split_gain=1.70462 8.13931 5.93285 5.95749 6.65247 5.0716 5.97158 5.34035
threshold=9.5000000000000018 19.500000000000004 31829.355000000007 39.500000000000007 9683.5850000000009 47919824.000000007 232.54500000000004 37799697.500000007
decision_type=2 8 8 2 2 2 2 2
left_child=-1 2 3 4 -2 6 -5 -8
right_child=1 -3 -4 5 -6 -7 7 -9
leaf_value=0.00080122009515487785 -0.0012607603953804091 -0.040285143427514297 -0.067395196661224538 -0.038501182202876787 0.052953357410917244 -0.050290856006998758 -0.00049469863540409892 0.05192163417285426
leaf_weight=1520.9123243951562 27.025418415098102 33.556821799775207 6.9936765477723375 18.819225876814016 24.128067285042562 13.243871288268563 61.98460168458405 13.295114816024578
leaf_count=104268 7575 6224 2490 4556 7680 3142 23184 4165
internal_value=-5.34746e-05 -0.00658418 0.000249451 0.00323428 0.0243109 -0.00680966 -0.000689934 0.00876252
internal_weight=1719.96 199.047 165.49 158.496 51.1535 107.343 94.0989 75.2797
internal_count=163284 59016 52792 50302 15255 35047 31905 27349
is_linear=0
shrinkage=0.0750466


Tree=226
num_leaves=9
num_cat=0
split_feature=10 18 27 115 22 127 10 115
split_gain=1.64913 5.6921 9.90447 8.79853 6.27778 4.93058 7.89333 4.86548
threshold=1.0000000180025095e-35 252.93500000000003 2.5000000000000004 436.10500000000008 -1525.53 610.50000000000011 298.7000000000001 4417.3200000000006
decision_type=2 2 2 10 2 10 2 8
left_child=-1 5 -3 -4 -5 6 -2 -6
right_child=1 2 3 4 7 -7 -8 -9
leaf_value=-0.0024054071459467656 -0.018356467801726728 0.019490366187303838 -0.028540617112889188 -0.040953752094614305 0.1044916326994197 0.0068427585268042209 0.0037747521746724828 0.021215187038325183
leaf_weight=849.94846499852611 183.08040645367873 207.77253824243235 54.36136348589207 5.9550410045594644 5.8076478554321485 220.49270516339311 179.99961038475158 12.362001190253071
leaf_count=123516 1705 10768 10751 1990 1706 4252 3128 5468
internal_value=-5.44616e-05 0.00224275 0.0109107 -0.0118018 0.0259167 -0.00200914 -0.00738475 0.0478332
internal_weight=1719.78 869.831 286.259 78.4861 24.1247 583.573 363.08 18.1696
internal_count=163284 39768 30683 19915 9164 9085 4833 7174
is_linear=0
shrinkage=0.0750466


Tree=227
num_leaves=9
num_cat=0
split_feature=135 131 18 5 18 57 113 30
split_gain=1.48746 1.56254 4.33884 8.3425 5.89728 7.93026 4.46601 3.65623
threshold=-136.99999999999997 568.90500000000009 24182.040000000005 59.500000000000007 31639.660000000003 1.5000000000000002 -624.49999999999989 3.5000000000000004
decision_type=10 10 2 2 2 2 8 2
left_child=1 -1 -3 4 -4 7 -7 -6
right_child=-2 2 3 -5 5 6 -8 -9
leaf_value=0.00090508841989928891 -0.017480651593338198 -0.01375611161651976 0.12213646752661203 -0.061774496683258608 0.13537821353506085 -0.075375699885379829 0.030798842626984912 0.028024844957446914
leaf_weight=1554.0981257469048 27.153817888720369 112.81559941286469 4.1698016982372854 5.4791242632127242 3.5229109092324533 4.7101691678890347 4.2394279433519824 3.6255652538311551
leaf_count=123025 2162 20004 2199 3371 1919 4048 3853 2703
internal_value=-5.52914e-05 0.000224248 -0.00741196 0.0203862 0.0425971 0.0219945 -0.0250808 0.0809307
internal_weight=1719.81 1692.66 138.563 25.747 20.2679 16.0981 8.9496 7.14848
internal_count=163284 161122 38097 18093 14722 12523 7901 4622
is_linear=0
shrinkage=0.0750466


Tree=228
num_leaves=9
num_cat=0
split_feature=6 0 113 134 0 134 120 20
split_gain=1.63915 4.38056 4.96233 3.86122 3.55771 2.10908 5.03376 6.73148
threshold=289.50000000000006 14632853.000000002 -653.99999999999989 106977.60000000002 14632853.000000002 139352.40000000002 253368.00000000003 16705.170000000002
decision_type=2 2 10 10 2 10 8 2
left_child=1 2 -1 -2 -5 -3 -7 -8
right_child=3 5 -4 4 -6 6 7 -9
leaf_value=-0.0044223696014278578 0.031250692037318305 -0.0021486236373867719 -0.052502757387422758 0.020998165060499802 -0.023729033628042587 0.011018897505496004 -0.0057269775018803891 0.025537649826359046
leaf_weight=33.208064904341882 30.553114423448278 929.27455174876741 19.010424293410324 17.87927065338954 22.773351809011729 281.19619064507424 342.14511410832347 43.743910328050333
leaf_count=3299 1552 60366 3037 3868 4728 34047 36162 16225
internal_value=-5.56115e-05 -0.000537122 -0.0219263 0.0110925 -0.00405774 0.000162539 0.00338207 -0.00218286
internal_weight=1719.78 1648.58 52.2185 71.2057 40.6526 1596.36 667.085 385.889
internal_count=163284 153136 6336 10148 8596 146800 86434 52387
is_linear=0
shrinkage=0.0750466


Tree=229
num_leaves=9
num_cat=0
split_feature=8 113 134 11 113 135 115 11
split_gain=1.73753 4.50415 4.26928 5.89611 7.13392 4.95208 4.34076 4.85187
threshold=9683.5850000000009 -2054.4999999999995 444316.4150000001 180.44000000000003 -1597.9999999999998 -744.49999999999989 8179.2300000000005 93.555000000000021
decision_type=2 8 8 2 10 10 10 2
left_child=1 -1 6 -4 -5 -6 -3 -8
right_child=-2 2 3 4 5 -7 7 -9
leaf_value=-0.019099647846393602 -0.0024795451289162207 0.0087353226735667686 -0.011841484621056718 0.064751136664319045 -0.015932529060593826 0.044644430305690888 -0.062928168768145512 -0.0024785723975731234
leaf_weight=52.132561882233858 845.8506705503878 555.29212721085059 172.44905336854572 13.171799594394541 27.688111506744459 10.476010476808371 9.6313651348718832 33.446382889473171
leaf_count=6795 91902 39703 4318 1454 5943 2868 1214 9087
internal_value=-5.46328e-05 0.00229141 0.00364781 -0.00519521 0.0171311 0.000695781 0.00695502 -0.015994
internal_weight=1720.14 874.287 822.155 223.785 51.3359 38.1641 598.37 43.0777
internal_count=163284 71382 64587 14583 10265 8811 50004 10301
is_linear=0
shrinkage=0.0750466


Tree=230
num_leaves=9
num_cat=0
split_feature=107 11 123 8 20 8 7 113
split_gain=1.67921 5.31152 2.79522 3.7037 3.4786 8.33622 13.9221 5.99786
threshold=12.500000000000002 18.395000000000003 19.500000000000004 8212.8900000000012 1.0000000180025095e-35 16678.810000000001 1462.8150000000003 -927.99999999999989
decision_type=2 2 10 2 2 2 2 10
left_child=1 -1 4 -4 -2 6 -6 -7
right_child=2 -3 3 -5 5 7 -8 -9
leaf_value=-0.0015905708046786572 -0.0044332755359103452 0.013630514805489395 0.0034071941436845479 -0.038412901589906144 -0.0009369443663691762 -0.024396286858192919 0.034653537390156378 0.0048330544451286005
leaf_weight=415.65725484746508 647.79835439714589 187.30181082285708 21.804957687720162 26.327578124168213 163.88102423187956 76.469786929195834 99.474622617039131 81.868002042045191
leaf_count=4010 64184 3511 2513 4694 35798 15147 7915 25512
internal_value=-5.42327e-05 0.00313767 -0.00177627 -0.0194676 -0.000980068 0.00432469 0.0125063 -0.00928336
internal_weight=1720.58 602.959 1117.62 48.1325 1069.49 421.693 263.356 158.338
internal_count=163284 7521 155763 7207 148556 84372 43713 40659
is_linear=0
shrinkage=0.0750466


Tree=231
num_leaves=9
num_cat=0
split_feature=8 81 118 118 58 73 80 118
split_gain=1.66707 2.62962 3.22811 2.8902 2.36282 2.22895 4.31468 4.93541
threshold=-8804.7999999999975 83116.845000000016 13210.410000000002 13210.410000000002 496.29500000000007 12.500000000000002 4.5000000000000009 24820.975000000002
decision_type=2 2 8 8 2 2 2 8
left_child=1 2 -1 -3 -4 -2 -7 -8
right_child=5 3 4 -5 -6 6 7 -9
leaf_value=-0.0092147540643490403 -0.00013317083149340275 0.020011963730053022 0.011301271968278978 -0.046110615368890114 0.040797431322056731 -0.027691835897899177 -0.021207942990731025 0.073620155191972902
leaf_weight=24.077628319399086 1563.6405819034826 6.251877193211838 38.46217063174845 9.2037992966579605 25.393970973258547 40.424199618562852 6.6496769398854649 5.7760736779709987
leaf_count=4550 126797 2765 2404 3349 3575 14749 2875 2220
internal_value=-5.46037e-05 0.00918402 0.0142017 -0.0193638 0.0230311 -0.000645498 -0.0158034 0.0228726
internal_weight=1719.88 103.389 87.9338 15.4557 63.8561 1616.49 52.85 12.4258
internal_count=163284 16643 10529 6114 5979 146641 19844 5095
is_linear=0
shrinkage=0.0750466


Tree=232
num_leaves=9
num_cat=0
split_feature=39 6 18 128 137 27 30 58
split_gain=1.58124 3.05253 2.2897 4.13403 2.93728 1.76109 5.55251 2.54648
threshold=25863.355000000003 47.500000000000007 27674.390000000003 15272.305000000002 18877.255000000001 29.500000000000004 7.5000000000000009 3684.2700000000004
decision_type=2 2 2 8 10 2 2 2
left_child=5 -2 -3 -4 -5 7 -7 -1
right_child=1 2 3 4 -6 6 -8 -9
leaf_value=-0.00048053243479766606 -0.052699526739513093 0.010724360321554412 0.034563893772128582 -0.05849854874858694 0.013915894160471112 -0.03098883657230837 0.044172691820442277 0.0080341235519857321
leaf_weight=1397.8128949027487 8.9171540566858294 25.087772944494645 5.4498215067505971 12.748900956667059 4.1919803039090757 28.245289426178715 6.884831838824538 230.42876740205975
leaf_count=84006 1920 3804 4059 4653 4438 10872 3848 45684
internal_value=-5.32269e-05 -0.0124118 -0.00484514 -0.0222901 -0.0405798 0.000365782 -0.0162586 0.000724462
internal_weight=1719.77 56.3956 47.4785 22.3907 16.9409 1663.37 35.1301 1628.24
internal_count=163284 18874 16954 13150 9091 144410 14720 129690
is_linear=0
shrinkage=0.0750466


Tree=233
num_leaves=9
num_cat=0
split_feature=20 97 97 9 72 0 25 25
split_gain=1.62245 8.49464 9.3692 7.00884 5.0267 4.87854 4.86903 6.80078
threshold=55.415000000000006 20.500000000000004 130.50000000000003 2506.1000000000004 3193.5000000000005 28166114.000000004 13149.170000000002 1.0000000180025095e-35
decision_type=2 2 2 2 2 2 2 2
left_child=4 6 3 -3 -1 -5 7 -2
right_child=1 2 -4 5 -6 -7 -8 -9
leaf_value=0.0021348517500888666 -0.017553537993592171 0.0069174501303312869 -0.038011336018478746 0.010874814665244148 -0.020206762767555193 0.072808950229708791 -0.047576826489074693 0.01775851439604641
leaf_weight=1291.1527031021669 151.27101722575026 106.62194649516096 20.926162544505132 11.931351410423305 59.323192718089558 17.922830006762524 22.134436213738809 38.543131357229868
leaf_count=90001 6602 28226 10457 3709 2619 3489 11722 6459
internal_value=-5.20139e-05 -0.00445957 0.0087471 0.0159167 0.00115344 0.0480567 -0.0142674 -0.0103832
internal_weight=1719.83 369.351 157.402 136.476 1350.48 29.8542 211.949 189.814
internal_count=163284 70664 45881 35424 92620 7198 24783 13061
is_linear=0
shrinkage=0.0750466


Tree=234
num_leaves=9
num_cat=0
split_feature=60 11 7 11 149 115 64 11
split_gain=1.5699 3.2438 4.51596 9.81172 2.3324 1.86508 10.5146 5.96834
threshold=1079.3350000000003 180.44000000000003 132.94500000000002 823.92000000000019 3075.5000000000005 18982.210000000003 1.0000000180025095e-35 1025.2150000000004
decision_type=2 2 2 2 8 10 2 2
left_child=5 -2 -3 -4 -5 -1 -7 -8
right_child=1 2 3 4 -6 6 7 -9
leaf_value=-4.2142295234199451e-05 -0.036294059078696123 -0.039040704024333975 0.051915716114766294 0.0098803060800763242 -0.057666177525016085 -0.0062028250744605206 0.032406427978767256 0.13882680420459317
leaf_weight=1610.4867620324749 20.395208303107211 11.89534786421609 17.564496844432146 4.3807074799333323 8.3994788889776828 34.467893258235563 7.5398218213085766 4.8948357916324312
leaf_count=133569 1876 4807 3532 2118 5709 5630 2859 3184
internal_value=-5.32737e-05 -0.011716 0.000151221 0.0155148 -0.034513 0.00038748 0.0151394 0.0742982
internal_weight=1720.02 62.6352 42.24 30.3447 12.7802 1657.39 46.9026 12.4347
internal_count=163284 18042 16166 11359 7827 145242 11673 6043
is_linear=0
shrinkage=0.0750466


Tree=235
num_leaves=9
num_cat=0
split_feature=10 118 106 18 12 149 120 28
split_gain=1.66937 5.41593 6.63798 7.09453 6.02189 7.29296 10.0103 5.75975
threshold=1.0000000180025095e-35 1577.3950000000002 1.0000000180025095e-35 7623.4400000000005 7.5000000000000009 3571.5000000000005 126684.00000000001 34017.540000000008
decision_type=2 8 2 2 2 8 10 2
left_child=1 4 -3 -4 5 6 -1 -5
right_child=-2 2 3 7 -6 -7 -8 -9
leaf_value=-0.025452580770330972 0.0022567258815356993 -0.0020095096856770447 0.063609729597625342 -0.011001961338245058 -0.0457792204484632 -0.038793107010176936 0.037277095626522608 0.06321827321850286
leaf_weight=26.8189775625724 870.14005637760783 681.51171003536911 18.177348376597365 26.433498058253463 31.020610137453332 27.719744218265987 30.759634210593504 7.5765856687721671
leaf_count=4068 39768 78000 3085 11627 11785 4067 4305 6579
internal_value=-5.39712e-05 -0.00241937 -3.41963e-05 0.0257613 -0.0174642 -0.00716681 0.00805885 0.00553243
internal_weight=1720.16 850.018 733.699 52.1874 116.319 85.2984 57.5786 34.0101
internal_count=163284 123516 99291 21291 24225 12440 8373 18206
is_linear=0
shrinkage=0.0750466


Tree=236
num_leaves=9
num_cat=0
split_feature=10 63 115 128 97 153 153 58
split_gain=1.58261 2.83548 3.28319 2.76187 2.55447 4.72357 7.62816 2.63821
threshold=-3005.3049999999998 1.0000000180025095e-35 1678.7950000000003 927.0150000000001 147.50000000000003 2293.2150000000006 3489.6750000000006 18235.655000000002
decision_type=2 2 8 10 2 8 10 2
left_child=1 2 -1 -4 7 -6 -7 -2
right_child=4 -3 3 -5 5 6 -8 -9
leaf_value=-0.019637374574819684 -0.00042999161127646202 -0.030791169952033629 0.03503703534574016 -0.012140009765152145 -0.0027320383126227719 0.11800635214050657 0.0084485132642684799 0.021001643301189098
leaf_weight=27.058185208556097 1568.6204637453411 25.85695095949086 17.884577767625164 11.471613222751328 20.876394513303239 5.9962202205933854 8.879818810237337 33.03017113379974
leaf_count=4533 116867 16142 2316 3601 4301 1604 4447 9473
internal_value=-5.54686e-05 -0.0102121 -0.000779848 0.0166015 0.00045485 0.0202945 0.052609 1.1984e-05
internal_weight=1719.67 82.2713 56.4144 29.3562 1637.4 35.7524 14.876 1601.65
internal_count=163284 26592 10450 5917 136692 10352 6051 126340
is_linear=0
shrinkage=0.0750466


Tree=237
num_leaves=9
num_cat=0
split_feature=4 22 72 109 22 7 140 142
split_gain=1.43384 2.08819 4.01714 3.69637 7.85374 9.4609 8.61994 5.93147
threshold=1.5000000000000002 319.2050000000001 -2505.8599999999992 1.0000000180025095e-35 -3026.8199999999993 1261.8700000000001 8303.6200000000008 63342.000000000007
decision_type=2 2 2 2 2 2 8 10
left_child=1 3 -3 -1 7 6 -6 -5
right_child=-2 2 -4 4 5 -7 -8 -9
leaf_value=-0.00097279744790408824 -0.012867324792396641 0.035696974301307312 -0.0038555732556425511 -0.028892085004144433 -0.021834869868240341 0.033427314798799297 0.021634023183719864 0.0043966210222408436
leaf_weight=643.73027150887719 47.820718718750868 14.793377335714466 645.72507025208142 40.815142972067406 47.515669869571866 107.9667977727695 55.941025102380081 115.3250077309458
leaf_count=12828 2213 1996 121557 1184 3182 3957 3955 12412
internal_value=-5.43886e-05 0.000312114 -0.00296973 0.00245562 0.00845997 0.0178872 0.0016696 -0.00430507
internal_weight=1719.63 1671.81 660.518 1011.29 367.564 211.423 103.457 156.14
internal_count=163284 161071 123553 37518 24690 11094 7137 13596
is_linear=0
shrinkage=0.0750466


Tree=238
num_leaves=9
num_cat=0
split_feature=112 85 56 135 112 112 73 56
split_gain=1.58163 4.07558 9.03603 4.04484 2.74441 3.77997 7.2971 4.20469
threshold=720815.33500000008 4750.6500000000005 1169.9700000000003 -927.99999999999989 228031.20000000004 190026.00000000003 6.5000000000000009 4317.5350000000008
decision_type=10 2 2 10 10 10 2 2
left_child=4 3 -3 -2 5 7 -7 -1
right_child=1 2 -4 -5 -6 6 -8 -9
leaf_value=0.00068829580419657479 0.01598181573193954 0.08466832165370379 -0.042498937070811565 -0.018228019850433118 -0.0073211947492135953 0.0036431101116923218 0.056452852669661525 -0.021597372156081669
leaf_weight=1210.8245795417752 50.247227104595368 10.229582219284564 4.5451814127627577 31.774429235463685 283.26794084698849 59.48447357727855 19.588932051156007 49.635488141502719
leaf_count=79162 5490 4455 4475 5197 38877 4356 4675 16597
internal_value=-5.41276e-05 0.00926494 0.0455477 0.00272924 -0.000609989 0.000809214 0.0167257 -0.000189289
internal_weight=1719.6 96.7964 14.7748 82.0217 1622.8 1339.53 79.0734 1260.46
internal_count=163284 19617 8930 10687 143667 104790 9031 95759
is_linear=0
shrinkage=0.0750466


Tree=239
num_leaves=9
num_cat=0
split_feature=107 131 64 147 131 116 24 131
split_gain=1.54667 2.89276 6.87219 4.98961 4.72524 4.58495 7.37215 3.9805
threshold=12.500000000000002 568.90500000000009 2722.4100000000003 -58981.204999999994 1378.2750000000003 45741.250000000007 4.5000000000000009 3067.3950000000009
decision_type=2 10 2 8 10 10 2 10
left_child=-1 -2 3 -3 -4 6 -6 -5
right_child=1 2 4 7 5 -7 -8 -9
leaf_value=0.0030067914168736515 -0.00034525649973919653 0.022995859903283976 -0.024508009532614748 -0.016396303958015206 0.10559326418983521 -0.012422739757793427 -0.0020009822985537513 -0.050491065065863344
leaf_weight=603.42084524669917 989.9113398291156 11.79994455756241 10.232839313552175 51.40592239270336 8.6644666295833321 7.0698049788425115 6.1197629996840979 30.863921622447378
leaf_count=7521 117438 4379 5426 10805 3176 4023 4757 5759
internal_value=-5.42204e-05 -0.00170921 -0.0124117 -0.0226414 0.0175789 0.0372854 0.0610559 -0.0291871
internal_weight=1719.49 1116.07 126.157 94.0698 32.0869 21.854 14.7842 82.2698
internal_count=163284 155763 38325 20943 17382 11956 7933 16564
is_linear=0
shrinkage=0.0750466


Tree=240
num_leaves=9
num_cat=0
split_feature=99 8 127 127 11 11 20 20
split_gain=1.54704 1.9176 2.90166 3.95454 2.77037 3.55526 5.03735 2.02346
threshold=2.5000000000000004 -8804.7999999999975 510.50000000000006 1578.5000000000002 93.555000000000021 533.97500000000014 55.415000000000006 55.415000000000006
decision_type=2 2 8 8 2 2 2 2
left_child=1 2 -1 -4 -5 -6 -7 -3
right_child=-2 7 3 4 5 6 -8 -9
leaf_value=0.033528585801466053 0.01640195174003348 0.00038954878694416942 -0.027000710276148886 -0.0070952457889970353 0.047288847158227211 -0.034859407970719784 0.04785336069586775 -0.006158536691717325
leaf_weight=22.30110717408752 31.582282475712418 1246.9918884212639 18.98439666764898 24.900536383935105 19.448631336992548 9.7598637659830292 7.2105140664407363 337.7777009473848
leaf_count=3155 950 82471 3192 1710 2513 2694 3282 63317
internal_value=-5.43682e-05 -0.000362378 0.00958027 0.00292962 0.012196 0.0253859 0.000284275 -0.00100611
internal_weight=1718.96 1687.37 102.605 80.3039 61.3195 36.419 16.9704 1584.77
internal_count=163284 162334 16546 13391 10199 8489 5976 145788
is_linear=0
shrinkage=0.0750466


Tree=241
num_leaves=9
num_cat=0
split_feature=6 153 134 145 73 149 73 6
split_gain=1.52938 3.31352 3.63157 3.96924 2.13335 6.44207 6.19763 6.19859
threshold=289.50000000000006 9905.9850000000024 106977.60000000002 5.5000000000000009 9.5000000000000018 352.50000000000006 6.5000000000000009 189.50000000000003
decision_type=2 8 10 10 2 10 2 2
left_child=4 2 -2 -4 6 -6 -1 -8
right_child=1 -3 3 -5 5 -7 7 -9
leaf_value=-0.0014690420744853769 0.030747329552661882 0.03909510872462154 0.0098259870767414739 -0.039607943659560031 -0.059102754542008647 -0.0042654636225024746 0.0065925869445487249 0.041310722745770898
leaf_weight=1268.3674110169504 16.549772621176089 17.480275881398484 21.211912627471975 16.084396001464484 12.975633770274724 171.95888227038631 158.59365892475216 35.433935461906003
leaf_count=68808 1221 1802 4195 2930 1822 52288 24039 6179
internal_value=-5.27787e-05 0.0107059 0.00148979 -0.0114929 -0.00051861 -0.00811303 0.000441781 0.0129329
internal_weight=1718.66 71.3264 53.8461 37.2963 1647.33 184.935 1462.4 194.028
internal_count=163284 10148 8346 7125 153136 54110 99026 30218
is_linear=0
shrinkage=0.0750466


Tree=242
num_leaves=9
num_cat=0
split_feature=142 142 115 127 148 20 142 127
split_gain=1.38518 2.50265 5.63564 4.37398 4.2167 3.24914 2.75913 4.11619
threshold=1531764.9800000002 588362.69500000007 6092.5500000000011 4553.5000000000009 1.0100000000000002 3.8350000000000004 586124.29000000015 1221.5000000000002
decision_type=10 10 10 8 8 2 10 10
left_child=1 6 3 4 5 -3 -1 -8
right_child=-2 2 -4 -5 -6 -7 7 -9
leaf_value=-5.8291534049109841e-05 -0.018136681706488179 0.0052165640420807563 -0.03304440355443921 0.050291350035048102 -0.013776030395449178 0.048313100800979676 -0.048483703330953941 0.0038350902334043243
leaf_weight=1562.6611025470647 23.526883261876719 21.328186737533542 13.604837851316914 19.392506403857624 25.978081968976767 18.311347646260401 16.543862853992323 17.352112866188691
leaf_count=134519 4530 1982 6164 4156 1627 4815 1713 3778
internal_value=-5.21184e-05 0.000198873 0.0118012 0.0189782 0.00972396 0.0251249 -0.000517771 -0.0217005
internal_weight=1718.7 1695.17 98.615 85.0101 65.6176 39.6395 1596.56 33.896
internal_count=163284 158754 18744 12580 8424 6797 140010 5491
is_linear=0
shrinkage=0.0750466


Tree=243
num_leaves=9
num_cat=0
split_feature=48 142 150 125 113 142 113 72
split_gain=1.45832 6.67375 4.41844 4.2765 3.48787 2.68168 4.1881 2.26934
threshold=1.0000000180025095e-35 119646.00000000001 1998.6300000000003 -1112.6649999999997 -259.49999999999994 208324.80000000002 -927.99999999999989 387.90500000000003
decision_type=2 10 8 8 8 10 10 2
left_child=7 4 -3 -4 -2 -5 -7 -1
right_child=1 2 3 5 -6 6 -8 -9
leaf_value=0.0030879594516308529 0.045322877635583382 0.02380911158333214 -0.054769907649162543 -0.031411497499951771 0.007496186091467353 0.041082237220833429 -0.01685437127589479 -0.0028193621923756395
leaf_weight=573.79750455747853 29.095729426691832 19.851867725727061 13.188363662802656 15.362604386493329 25.993259091184882 12.086556656002356 16.786758564267078 1012.5689793262827
leaf_count=99308 3573 1780 6010 2132 1411 2051 4396 42623
internal_value=-5.12022e-05 0.00751657 -0.00671126 -0.0172623 0.0274747 -0.0060799 0.00739827 -0.000682651
internal_weight=1718.73 132.365 77.2762 57.4243 55.089 44.2359 28.8733 1586.37
internal_count=163284 21353 16369 14589 4984 8579 6447 141931
is_linear=0
shrinkage=0.0750466


Tree=244
num_leaves=9
num_cat=0
split_feature=82 95 18 82 24 24 145 103
split_gain=1.36994 5.37096 3.76735 4.0623 7.14213 5.2534 2.38513 2.14582
threshold=6.5000000000000009 1.0000000180025095e-35 3102.7650000000003 8.5000000000000018 4.5000000000000009 19.500000000000004 5.5000000000000009 5.5000000000000009
decision_type=2 2 2 2 2 2 8 2
left_child=7 2 -2 6 -5 -6 -4 -1
right_child=1 -3 3 4 5 -7 -8 -9
leaf_value=-7.0937649228262705e-05 -0.078808121826258751 0.034995683420452027 -0.067944938673609165 0.054060700844087685 -0.066980737200123805 0.038695007707734146 -0.0043727280119605074 0.018505797633476276
leaf_weight=1630.0238862926708 6.0565605396513993 10.928928212100798 9.4247892469757026 9.5963341210299422 8.1583637986932427 3.9236190900301144 5.134687192916318 35.788944415946389
leaf_count=126032 1226 2445 4926 3254 4743 2767 2209 15682
internal_value=-5.05117e-05 -0.0119028 -0.0240214 -0.0148647 0.00572719 -0.0326626 -0.0455249 0.000328172
internal_weight=1719.04 53.2233 42.2944 36.2378 21.6783 12.082 14.5595 1665.81
internal_count=163284 21570 19125 17899 10764 7510 7135 141714
is_linear=0
shrinkage=0.0750466


Tree=245
num_leaves=9
num_cat=0
split_feature=33 32 112 10 149 135 27 27
split_gain=1.54609 6.49778 3.43049 1.9361 5.09517 6.31335 4.9297 5.34503
threshold=175039.38000000003 10.500000000000002 278704.80000000005 1.0000000180025095e-35 636.50000000000011 -1048.9999999999998 3.5000000000000004 7.5000000000000009
decision_type=2 2 8 2 8 8 2 2
left_child=3 2 -2 -1 -5 6 -6 -8
right_child=1 -3 -4 4 5 -7 7 -9
leaf_value=-0.0023331197834923962 0.0030233332993173513 0.033695679137600076 -0.069725866767161512 -0.011167096225050775 0.018508077629555659 -0.00056564603904051285 -0.029098841734174343 0.016813480707572357
leaf_weight=839.75200417744236 5.413873842568143 8.8079528153830307 11.20836125066853 126.37473284019507 234.79659656187141 435.51486701572867 28.476454052244662 28.647336030640872
leaf_count=118812 3737 1286 4585 4759 6401 13685 3518 6501
internal_value=-5.03316e-05 -0.0184173 -0.0460314 0.000225463 0.00274192 0.00515828 0.0136978 -0.00607401
internal_weight=1718.99 25.4302 16.6222 1693.56 853.81 727.435 291.92 57.1238
internal_count=163284 9608 8322 153676 34864 30105 16420 10019
is_linear=0
shrinkage=0.0750466


Tree=246
num_leaves=9
num_cat=0
split_feature=21 102 133 138 104 134 8 108
split_gain=1.43898 4.40491 3.31094 2.24972 4.22482 5.13603 4.85545 3.21224
threshold=1.0000000180025095e-35 1.0000000180025095e-35 8.0000000000000018 97358.630000000019 5923.6500000000005 320932.80000000005 16678.810000000001 1.0000000180025095e-35
decision_type=2 2 10 10 2 10 2 2
left_child=-1 2 3 7 5 -5 -6 -2
right_child=1 -3 -4 4 6 -7 -8 -9
leaf_value=0.0060902776034899402 -0.00065767497678309204 -0.024812316276891649 0.027219853643377468 0.00058543930648537266 -0.02668603035380469 -0.061784120042702229 0.10965515399099683 0.024118355292855182
leaf_weight=191.05071710760967 1395.0783271847886 41.908560442454473 24.497740383027121 14.812216421163614 3.0615525742923628 14.932548128195775 2.8317377938856225 30.107813373546378
leaf_count=5801 135301 4688 162 2960 2001 5986 2714 3671
internal_value=-5.00137e-05 -0.000818141 -0.000141142 -0.00059998 -0.0192241 -0.0307255 0.0388262 -0.000134268
internal_weight=1718.28 1527.23 1485.32 1460.82 35.6381 29.7448 5.89329 1425.19
internal_count=163284 157483 152795 152633 13661 8946 4715 138972
is_linear=0
shrinkage=0.0750466


Tree=247
num_leaves=9
num_cat=0
split_feature=127 0 123 25 108 12 25 151
split_gain=1.49772 6.2379 5.34163 4.11719 7.572 5.34905 4.09245 3.72567
threshold=1221.5000000000002 59645539.500000007 19.500000000000004 803.5100000000001 1.0000000180025095e-35 9.5000000000000018 5340.5650000000014 13.500000000000002
decision_type=8 2 10 2 2 2 2 10
left_child=1 -1 3 -2 5 7 -7 -5
right_child=2 -3 -4 4 -6 6 -8 -9
leaf_value=0.0088579060313831656 -0.002834475291430862 -0.0093615834620553208 -0.02763707832697224 0.010462949162681576 0.068559917576492685 0.030001554619877711 -0.075545608780852952 -0.0253178216138258
leaf_weight=352.66630313812129 923.35131541005103 151.21351114981735 42.423499523578357 208.34357145131435 11.127873916095266 2.8317506408657191 7.6807294279497 17.788907684080186
leaf_count=33004 36160 12655 5998 52355 2769 1418 8141 10784
internal_value=-4.9051e-05 0.00339027 -0.0014771 -0.000529463 0.00806041 0.00521551 -0.0471143 0.00764822
internal_weight=1717.43 503.88 1213.55 1171.12 247.773 236.645 10.5125 226.132
internal_count=163284 45659 117625 111627 75467 72698 9559 63139
is_linear=0
shrinkage=0.0750466


Tree=248
num_leaves=9
num_cat=0
split_feature=64 18 31 31 72 127 18 127
split_gain=1.42368 3.99475 4.18317 4.69415 3.48764 2.97464 4.76965 4.33431
threshold=11572.960000000001 7623.4400000000005 23459.910000000003 1.0000000180025095e-35 1708.4500000000003 3462.5000000000005 27674.390000000003 610.50000000000011
decision_type=2 2 2 2 2 10 2 8
left_child=-1 4 3 5 -2 7 -7 -3
right_child=1 2 -4 -5 -6 6 -8 -9
leaf_value=0.00048565583224184178 -0.056315138618166796 0.05017915513736599 0.06114022614628975 -0.038880963324496608 -0.0064104233401433251 0.10608017707800266 0.0032226060112578482 -0.015966872415894486
leaf_weight=1618.6256645929643 15.439782518031281 6.9886431207160049 6.0341192521063922 16.296082505112281 16.122863165997842 4.1114426035601337 6.6392097687603382 27.664771959734935
leaf_count=126029 3385 2618 4257 10224 1472 1141 4716 9442
internal_value=-4.94379e-05 -0.00877193 0.00150326 -0.00432908 -0.0308228 0.00807202 0.0425591 -0.00262703
internal_weight=1717.92 99.2969 67.7343 61.7001 31.5626 45.4041 10.7507 34.6534
internal_count=163284 37255 32398 28141 4857 17917 5857 12060
is_linear=0
shrinkage=0.0750466


Tree=249
num_leaves=9
num_cat=0
split_feature=13 153 22 111 22 28 153 0
split_gain=1.39445 1.42756 6.95636 8.149 4.02921 3.92273 6.84142 5.98481
threshold=1.5000000000000002 475.06500000000005 -9370.4499999999989 1.0000000180025095e-35 -5649.0549999999994 16530.325000000001 1026.3750000000002 64376656.000000007
decision_type=2 8 2 8 2 2 10 2
left_child=1 4 3 -3 -1 -4 -7 -8
right_child=-2 2 5 -5 -6 6 7 -9
leaf_value=-0.0075328034925471925 -0.015866581307946256 -0.014318758550218769 -0.0093666950650900457 0.019869376451985249 0.0054207807731708919 0.069974867765949814 -0.0023993553813046365 0.058673346847010519
leaf_weight=173.38001910095045 30.827021241537295 53.888147256377124 461.00837634532218 144.70812742489215 614.76077890911984 8.1684640189996554 221.63133048513191 9.4209931031946308
leaf_count=2989 829 7548 39808 1668 32542 1580 73549 2771
internal_value=-4.92338e-05 0.000239807 -0.00180447 0.0105926 0.00257117 -0.00532047 0.00247711 9.08403e-05
internal_weight=1717.79 1686.97 898.825 198.596 788.141 700.229 239.221 231.052
internal_count=163284 162455 126924 9216 35531 117708 77900 76320
is_linear=0
shrinkage=0.0750466


Tree=250
num_leaves=9
num_cat=0
split_feature=33 33 21 50 113 109 20 33
split_gain=1.37605 3.21099 1.49546 1.87088 3.40064 2.55723 2.28617 2.16455
threshold=175039.38000000003 453889.19500000007 1.0000000180025095e-35 1.0000000180025095e-35 -1079.9999999999998 1.0000000180025095e-35 419.75000000000006 17595.285000000003
decision_type=2 2 2 2 10 2 2 2
left_child=2 -2 -1 7 -5 -6 -7 -4
right_child=1 -3 3 4 5 6 -8 -9
leaf_value=0.0066671312415640472 -0.034645703134561612 0.024667649025654045 0.00028049867310768527 0.010054517842843284 -0.072954359511053515 -0.050573177195676562 0.047711764578434242 -0.016492917043452689
leaf_weight=180.43015266686416 17.800226993564142 7.2275720400684795 1442.1730560683973 10.868780085542314 8.1139307710145641 2.9551721383813847 2.4280350588724104 44.671985720004159
leaf_count=4427 7206 2402 118905 2430 2977 1972 3255 19710
internal_value=-4.89199e-05 -0.0175171 0.000209521 -0.000561481 -0.0211883 -0.0463471 -0.00624286 -0.000223456
internal_weight=1716.67 25.0278 1691.64 1511.21 24.3659 13.4971 5.38321 1486.85
internal_count=163284 9608 153676 149249 10634 8204 5227 138615
is_linear=0
shrinkage=0.0750466


Tree=251
num_leaves=9
num_cat=0
split_feature=5 5 23 116 28 18 113 113
split_gain=1.27517 6.81569 4.14809 5.40157 4.06067 3.73406 3.66169 3.25832
threshold=67.500000000000014 63.500000000000007 2.5000000000000004 400.57500000000005 1395.8750000000002 3102.7650000000003 -713.99999999999989 -624.49999999999989
decision_type=2 2 2 8 2 2 10 10
left_child=1 2 -1 5 -3 -4 -7 -2
right_child=7 4 3 -5 -6 6 -8 -9
leaf_value=0.00035740648321326622 0.00034865312876939422 0.032376871504333951 -0.045755129114434231 0.007640652710560249 0.0022701620453795287 0.021348554493211835 -0.040231883700135661 -0.022104372879547734
leaf_weight=1344.5701567008982 127.76662503562329 58.190242567958194 34.638726487450185 33.433855187891822 44.545452490563548 12.148994703911741 9.8452305603459518 50.902300048488542
leaf_count=131660 6966 1435 1127 4842 6218 2919 2378 5739
internal_value=-4.72525e-05 0.000650155 -0.000687013 -0.0162787 0.0193228 -0.0303998 -0.00621657 -0.00604815
internal_weight=1716.04 1537.37 1434.64 90.0668 102.736 56.633 21.9942 178.669
internal_count=163284 150579 142926 11266 7653 6424 5297 12705
is_linear=0
shrinkage=0.0750466


Tree=252
num_leaves=9
num_cat=0
split_feature=112 125 129 5 97 81 112 17
split_gain=1.56459 10.7707 6.99065 3.08875 4.49114 5.28827 2.39511 2.26666
threshold=720815.33500000008 -2639.3199999999993 12.500000000000002 55.500000000000007 7.5000000000000009 29325.005000000001 1532369.6600000001 3.5000000000000004
decision_type=10 10 8 2 2 2 10 2
left_child=7 2 6 4 -4 -6 -2 -1
right_child=1 -3 3 -5 5 -7 -8 -9
leaf_value=-0.0012109406444357046 -0.066725394665350338 0.069795407880642729 -0.0046864378237962906 -0.0097363631244351025 0.078800727994138342 0.0035345824722380209 -0.0089746887394499923 0.012322271034726174
leaf_weight=1545.9254128969405 10.310398789233661 14.120554696904945 17.606856459111441 26.644270485594461 12.234337368106937 9.2192272606280294 6.6553259148058705 72.993108072427276
leaf_count=137473 4408 2722 1159 3511 1824 3397 2596 6194
internal_value=-4.66274e-05 0.00922177 -0.00112454 0.00996472 0.0234034 0.0464567 -0.0440709 -0.000600761
internal_weight=1715.71 96.791 82.6704 65.7047 39.0604 21.4536 16.9657 1618.92
internal_count=163284 19617 16895 9891 6380 5221 7004 143667
is_linear=0
shrinkage=0.0750466


Tree=253
num_leaves=9
num_cat=0
split_feature=48 134 140 113 121 73 134 134
split_gain=1.32889 5.42307 3.69266 2.87267 2.527 4.15418 2.25043 3.43206
threshold=1.0000000180025095e-35 106977.60000000002 1998.6300000000003 -259.49999999999994 36429.450000000004 7.5000000000000009 214834.95000000004 444316.4150000001
decision_type=2 10 8 8 8 2 10 10
left_child=-1 3 -3 -2 6 -6 -4 -8
right_child=1 2 4 -5 5 -7 7 -9
leaf_value=-0.00065125827369284166 0.040627144998855516 0.021629735766966529 -0.078942297528060271 0.0066291360962001814 -0.033008640510649154 0.016448954005994127 0.028010103286548106 -0.054989584235345106
leaf_weight=1583.2817515083389 30.148549423123768 20.21039361761359 5.5760892359139715 26.127385530595348 17.008550879207178 21.855587886697322 4.7590663417595334 6.8365123531857535
leaf_count=141931 3573 1780 1878 1411 1372 5883 1678 3778
internal_value=-4.70219e-05 0.00717197 -0.00587054 0.0248428 -0.015789 -0.00519573 -0.0397646 -0.0209248
internal_weight=1715.8 132.522 76.2462 56.2759 56.0358 38.8641 17.1717 11.5956
internal_count=163284 21353 16369 4984 14589 7255 7334 5456
is_linear=0
shrinkage=0.0750466


Tree=254
num_leaves=9
num_cat=0
split_feature=148 10 27 103 63 0 138 109
split_gain=1.35188 3.60476 1.87518 4.41425 9.53286 2.22271 3.97577 2.80861
threshold=5.9250000000000007 -910.38999999999987 32.500000000000007 1.0000000180025095e-35 1.0000000180025095e-35 15842220.000000002 8664.0150000000012 1.0000000180025095e-35
decision_type=10 2 2 2 2 2 10 2
left_child=2 -2 5 -4 -5 6 -1 -8
right_child=1 -3 3 4 -6 -7 7 -9
leaf_value=-0.0011945121178213408 -0.017130266835346113 0.036822750053267489 -0.041449791762550439 0.11736541570543879 -0.055213878707162281 0.00075478932833886658 -0.052980752230740662 -0.010490360359690505
leaf_weight=87.645867233761237 11.387967305547138 17.995389933719707 17.331734602668806 3.4968272728365255 3.7206486205559486 1539.1796877997513 17.00696745843743 18.070760464794148
leaf_count=3743 4798 2988 6279 1886 3463 130235 3667 6225
internal_value=-4.62802e-05 0.0159124 -0.000324332 -0.020914 0.0283998 -2.01867e-05 -0.00973981 -0.0310913
internal_weight=1715.84 29.3834 1686.45 24.5492 7.21748 1661.9 122.724 35.0777
internal_count=163284 7786 155498 11628 5349 143870 13635 9892
is_linear=0
shrinkage=0.0750466


Tree=255
num_leaves=9
num_cat=0
split_feature=99 64 7 120 150 22 7 120
split_gain=1.32942 1.37988 3.51956 4.66027 4.80016 4.50434 3.28483 2.06208
threshold=2.5000000000000004 25194.515000000003 421.61500000000007 305273.25000000006 29747.050000000003 19850.095000000005 2527.4600000000005 800917.97000000009
decision_type=2 2 2 8 8 2 2 10
left_child=1 7 -3 4 6 -5 -4 -1
right_child=-2 2 3 5 -6 -7 -8 -9
leaf_value=-0.0005421216542981363 0.015230838796452572 -0.047707627451277539 0.013940160184883896 0.019968283580476715 -0.025713318986750708 -0.056901899021547742 0.089410732497065395 0.012116130990559641
leaf_weight=1557.2706679050243 31.491662229997019 12.168808048645586 6.6677217795586312 6.7853761612968837 7.189749018030855 11.68867543840315 6.3330060798143677 76.018534133347202
leaf_count=129671 950 6446 2409 1249 1991 6835 2237 11496
internal_value=-4.62692e-05 -0.000331938 -0.0125084 -0.00143025 0.023492 -0.0286681 0.0507039 4.70341e-05
internal_weight=1715.61 1684.12 50.8333 38.6645 20.1905 18.4741 13.0007 1633.29
internal_count=163284 162334 21167 14721 6637 8084 4646 141167
is_linear=0
shrinkage=0.0750466


Tree=256
num_leaves=9
num_cat=0
split_feature=113 137 72 72 71 107 46 137
split_gain=1.27356 4.81455 2.1571 8.32313 7.58437 5.25071 4.1371 7.8886
threshold=-2054.4999999999995 2950.8750000000005 387.90500000000003 1708.4500000000003 1.5000000000000002 22.500000000000004 1.0000000180025095e-35 1316.4200000000003
decision_type=8 10 2 2 2 2 2 8
left_child=1 -1 4 5 6 -4 -2 -8
right_child=2 -3 3 -5 -6 -7 7 -9
leaf_value=0.0046565588036018334 0.0039826387900193522 -0.033026836173816798 -0.0038306187567024299 0.00055779141375916113 0.048607527469964322 -0.038193344966064996 0.046786573460896756 -0.04509659677823348
leaf_weight=52.085301062135841 528.13658338720597 30.147015740221832 47.007465760689229 953.28713894453722 20.782291174644342 53.60073276309231 6.7796706559602171 23.515532732195428
leaf_count=3569 90587 8414 657 40441 703 6673 843 11397
internal_value=-4.56852e-05 -0.00915847 0.000413173 -0.00160882 0.00409223 -0.0221379 0.00243558 -0.0245343
internal_weight=1715.34 82.2323 1633.11 1053.9 579.214 100.608 558.432 30.2952
internal_count=163284 11983 151301 47771 103530 7330 102827 12240
is_linear=0
shrinkage=0.0750466


Tree=257
num_leaves=9
num_cat=0
split_feature=127 127 151 9 5 9 9 140
split_gain=1.26616 5.22993 8.95278 6.43002 5.95601 6.0965 5.74353 7.97898
threshold=1221.5000000000002 610.50000000000011 1.5000000000000002 1388.5400000000002 59.500000000000007 1656.3400000000004 332.88500000000005 6174.3750000000009
decision_type=8 10 10 2 2 2 2 10
left_child=1 2 4 -3 5 -1 -4 -8
right_child=-2 3 6 -5 -6 -7 7 -9
leaf_value=-0.0069170549645782634 -0.0013641826843587669 -0.0039058780917132175 -0.014051688810808783 0.026534255575224337 0.015985202044732173 -0.035752163508161537 0.058609623486926735 0.0075380658457769884
leaf_weight=146.9548968302297 1209.6620955562457 65.662795086709593 24.588121447137382 96.546677058613568 42.077651234169025 57.434568924723862 28.722189509251621 43.053958071617672
leaf_count=11940 117625 10705 3504 4464 1797 1585 3066 8598
internal_value=-4.64958e-05 0.0031096 -0.00214347 0.014212 -0.00972659 -0.0150199 0.0172516 0.027975
internal_weight=1714.7 505.041 342.831 162.209 246.467 204.389 96.3643 71.7761
internal_count=163284 45659 30490 15169 15322 13525 15168 11664
is_linear=0
shrinkage=0.0750466


Tree=258
num_leaves=9
num_cat=0
split_feature=6 153 140 6 153 97 140 10
split_gain=1.52663 2.8548 2.21853 1.75647 5.81057 3.96913 2.90123 2.70807
threshold=289.50000000000006 9905.9850000000024 7173.1900000000014 227.50000000000003 1413.4650000000001 1.0000000180025095e-35 22906.025000000005 -1.0000000180025095e-35
decision_type=2 8 10 2 8 2 10 2
left_child=3 2 -2 -1 7 -6 -7 -5
right_child=1 -3 -4 4 5 6 -8 -9
leaf_value=0.00012816965503063043 0.012217809172419377 0.036927885058637644 -0.021018401461514482 0.021815417845404535 -0.0040290708337428361 -0.063200079396509429 -0.0086631513730006139 -0.010733684941028701
leaf_weight=1538.6002641489195 37.090816110812739 17.611646399160236 16.273880846345492 29.815067794046627 20.063571798695193 19.697303183707849 7.618502647071181 27.837062840662838
leaf_count=138428 2629 1802 5717 3497 913 4515 4370 1413
internal_value=-4.74713e-05 0.0107286 0.00208223 -0.000512811 -0.0099025 -0.0293737 -0.0479895 0.00609924
internal_weight=1714.61 70.9763 53.3647 1643.63 105.032 47.3794 27.3158 57.6521
internal_count=163284 10148 8346 153136 14708 9798 8885 4910
is_linear=0
shrinkage=0.0750466


Tree=259
num_leaves=9
num_cat=0
split_feature=80 74 20 22 20 141 104 105
split_gain=1.55903 4.89531 5.6551 6.71453 7.39874 9.02147 6.61435 6.50742
threshold=2.5000000000000004 117.34500000000001 1.0000000180025095e-35 6061.1650000000009 3581.3600000000001 1.7850000000000004 21172.650000000005 1.0000000180025095e-35
decision_type=2 2 2 2 2 10 2 2
left_child=-1 -2 7 -4 5 -5 -6 -3
right_child=1 2 3 4 6 -7 -8 -9
leaf_value=-0.00095800007578382635 0.031430462864976555 -0.021394441389187731 0.037855715095761057 -0.053110671527710748 0.031875066260876099 0.045816138173780323 -0.045820441476076647 0.032130010558562509
leaf_weight=1474.9643021347301 35.172241530986867 77.515823331679712 38.530304237461678 22.386090820278699 36.258658771379487 6.7593143540634619 7.4367083328306753 15.321368637283738
leaf_count=106452 4237 13105 5048 7749 13396 3402 5177 4718
internal_value=-4.62781e-05 0.00557138 0.00111748 0.0125197 -0.000882208 -0.0301679 0.0186517 -0.012561
internal_weight=1714.34 239.381 204.208 111.371 72.8408 29.1454 43.6954 92.8372
internal_count=163284 56832 52595 34772 29724 11151 18573 17823
is_linear=0
shrinkage=0.0750466


Tree=260
num_leaves=9
num_cat=0
split_feature=57 125 6 56 59 11 63 112
split_gain=1.47076 7.38857 3.78856 4.18641 2.14551 2.25612 1.68833 5.38228
threshold=6.5000000000000009 -1.0000000180025095e-35 131.50000000000003 69.980000000000018 1.0000000180025095e-35 915.67500000000007 4.5000000000000009 164689.20000000004
decision_type=2 8 2 2 2 2 2 10
left_child=6 4 -3 -4 -2 -6 -1 -8
right_child=1 2 3 -5 5 -7 7 -9
leaf_value=-0.0009232963899314118 -0.052280769287058583 0.06937799728575407 -0.011276180328350783 0.060699691017389951 0.043315621428585381 -0.037746089615282495 -0.008434108824240602 0.033011465030122603
leaf_weight=1595.9425904400323 8.9601246047868717 11.259832988956989 12.559966419070408 7.1376303903707585 3.7629967200809906 3.9778385700883518 37.80603003451688 33.095127729267915
leaf_count=119588 3736 2198 2693 3554 1255 3370 10640 16250
internal_value=-4.82093e-05 0.0129508 0.0346543 0.014805 -0.0272795 0.00165986 -0.000419877 0.0109118
internal_weight=1714.5 47.6584 30.9574 19.6976 16.701 7.74084 1666.84 70.9012
internal_count=163284 16806 8445 6247 8361 4625 146478 26890
is_linear=0
shrinkage=0.0750466


Tree=261
num_leaves=9
num_cat=0
split_feature=8 149 135 16 9 135 0 120
split_gain=1.47521 3.53263 3.81047 6.26962 3.564 2.52141 6.62068 3.66762
threshold=-8804.7999999999975 636.50000000000011 -1171.4999999999998 -1222.1199999999997 448.33500000000004 -348.99999999999994 52138181.000000007 63342.000000000007
decision_type=2 8 8 2 2 10 2 10
left_child=1 -1 -3 -4 -5 -2 7 -7
right_child=5 2 3 4 -6 6 -8 -9
leaf_value=0.040061819066898943 9.7061799969278724e-05 -0.016821352072828526 -0.017031155752385813 0.0075527266895861426 0.05825783595342135 -0.05494619584171874 0.02316230157083821 -0.014367964754334436
leaf_weight=16.862040752286703 1525.5250563848494 34.533434668537666 20.519358761946933 13.823189073573305 17.938983889149313 17.074795734799409 21.269109694454528 47.282904067758864
leaf_count=2527 136734 6396 2009 1443 4268 1285 1454 7168
internal_value=-4.79329e-05 0.00862916 0.00252401 0.0153022 0.0361905 -0.000606301 -0.0131374 -0.0251338
internal_weight=1714.83 103.677 86.815 52.2815 31.7622 1611.15 85.6268 64.3577
internal_count=163284 16643 14116 7720 5711 146641 9907 8453
is_linear=0
shrinkage=0.0750466


Tree=262
num_leaves=9
num_cat=0
split_feature=107 22 135 81 22 81 135 80
split_gain=1.31016 3.87507 5.44947 3.63448 4.28068 9.12351 5.51081 4.51799
threshold=12.500000000000002 -5649.0549999999994 -927.99999999999989 380830.73000000004 -5649.0549999999994 8797.7650000000012 -1689.4999999999998 2.5000000000000004
decision_type=2 2 8 2 2 2 10 2
left_child=1 -1 -3 4 5 6 -2 -6
right_child=3 2 -4 -5 7 -7 -8 -9
leaf_value=0.0092765332817180551 -0.017747887042560258 0.0059132845296820426 -0.013652641888637676 -0.036662375924953916 -0.0018588440545751776 -0.039773155088460931 0.015080067436915328 0.010754919849647987
leaf_weight=277.85622317146044 55.852945937123877 180.07522046007216 144.50509179674555 16.380743289037127 727.96569538199219 47.945890492748731 59.459094124187686 204.95089657737844
leaf_count=2250 2600 3255 2016 7773 87231 7591 3946 46622
internal_value=-4.75704e-05 0.00277125 -0.00279758 -0.00157393 -0.00104958 -0.0122603 -0.000820596 0.000912253
internal_weight=1714.99 602.437 324.58 1112.56 1096.17 163.258 115.312 932.917
internal_count=163284 7521 5271 155763 147990 14137 6546 133853
is_linear=0
shrinkage=0.0750466


Tree=263
num_leaves=9
num_cat=0
split_feature=57 25 125 25 127 127 127 28
split_gain=1.20683 6.96385 5.46675 3.36243 1.75912 2.36684 4.10808 7.60073
threshold=6.5000000000000009 13149.170000000002 -1.0000000180025095e-35 42859.455000000009 145.50000000000003 1221.5000000000002 610.50000000000011 4577.1250000000009
decision_type=2 2 8 2 8 8 10 2
left_child=4 2 -2 -3 -1 6 -6 -8
right_child=1 3 -4 -5 5 -7 7 -9
leaf_value=-0.016696633958304431 -0.015432947848296538 -0.076722355655850977 0.045145576161226227 0.017065436678373982 -0.00062567608523652414 -0.0018191387628582519 0.0254430152231882 -0.0097062514692752427
leaf_weight=36.429626361310511 12.302546200151481 6.4318513974394573 26.379721154371509 3.2360879187590399 301.44053508261641 1168.2783515233186 108.91097850706137 50.814346538409154
leaf_count=4994 4724 4500 4490 3092 24632 102565 3795 10492
internal_value=-4.75365e-05 0.0116405 0.0258791 -0.0453294 -0.00038677 -2.21288e-05 0.00453026 0.0142608
internal_weight=1714.22 48.3502 38.6823 9.66794 1665.87 1629.44 461.166 159.725
internal_count=163284 16806 9214 7592 146478 141484 38919 14287
is_linear=0
shrinkage=0.0750466


Tree=264
num_leaves=9
num_cat=0
split_feature=20 97 97 5 18 119 5 18
split_gain=1.44979 8.76995 6.82512 6.99547 5.87785 7.64098 6.34908 5.3157
threshold=203.56500000000003 20.500000000000004 130.50000000000003 30.500000000000004 11352.675000000001 1.0000000180025095e-35 45.500000000000007 21090.000000000004
decision_type=2 2 2 2 2 8 2 2
left_child=-1 -2 3 -3 6 -6 -5 -7
right_child=1 2 -4 4 5 7 -8 -9
leaf_value=0.00091708214775550699 -0.017098185042630266 -0.045392417754575219 -0.034288921569750094 0.014056090888898955 0.046929125976304747 -0.061906051800263033 0.069600444700028116 0.0030830624062288276
leaf_weight=1433.9603333154919 152.86552639501679 9.4109908429418265 17.260113121074937 23.137798531148292 17.10368658380321 9.5641996137965162 23.223295578030957 27.381131828356956
leaf_count=102000 21037 2201 9290 2185 9744 1770 2305 12752
internal_value=-4.73224e-05 -0.00498725 0.00958094 0.0164758 0.0222744 0.00545795 0.0418795 -0.013741
internal_weight=1713.91 279.947 127.081 109.821 100.41 54.049 46.3611 36.9453
internal_count=163284 61284 40247 30957 28756 24266 4490 14522
is_linear=0
shrinkage=0.0750466


Tree=265
num_leaves=9
num_cat=0
split_feature=95 4 7 12 129 142 107 107
split_gain=1.25035 1.72588 2.69996 9.54366 5.93415 5.47841 3.44538 4.50733
threshold=5.5000000000000009 1.5000000000000002 5005.1550000000016 4.5000000000000009 7.5000000000000009 238705.50000000003 12.500000000000002 45.500000000000007
decision_type=2 2 2 2 8 8 2 2
left_child=1 2 -1 -4 5 -5 -6 -8
right_child=-2 -3 3 4 6 -7 7 -9
leaf_value=-0.00080932766372692052 0.012185387164954016 -0.014733785905279569 0.06998965819153756 0.087731803971955999 0.014442603356028984 0.010775669282427578 -0.045568706401454294 0.00098743028213330681
leaf_weight=1511.0498429130057 45.788022254986572 45.911925586784491 13.687521689687854 7.6932702808480853 26.096495126723312 16.139824642074018 20.912603835313348 26.620317528961095
leaf_count=138196 3369 2161 110 2355 423 5422 1241 10007
internal_value=-4.92284e-05 -0.000385057 2.1045e-05 0.0113097 0.00306876 0.0356169 -0.00746676 -0.0194954
internal_weight=1713.9 1668.11 1622.2 111.15 97.4625 23.8331 73.6294 47.5329
internal_count=163284 159915 157754 19558 19448 7777 11671 11248
is_linear=0
shrinkage=0.0750466


Tree=266
num_leaves=9
num_cat=0
split_feature=39 74 123 63 63 137 74 74
split_gain=1.41195 3.99343 2.4691 2.42906 2.48308 1.79787 1.35819 4.08542
threshold=25863.355000000003 1790.595 19.500000000000004 1.0000000180025095e-35 2.5000000000000004 4483.3200000000006 659.20500000000015 1588.4450000000004
decision_type=2 2 8 2 2 10 2 2
left_child=6 2 3 -2 -5 -3 -1 -8
right_child=1 5 -4 4 -6 -7 7 -9
leaf_value=0.003375468540206472 -0.052447890054811902 0.042701894990540723 0.011579344606249448 0.032885452808648415 -0.036081843860173962 -0.0059186227416127314 -0.013737210153560726 0.0004845633800915461
leaf_weight=554.87069745493864 18.13487330602948 8.5579982747294725 8.1343792233965342 4.8032617987955728 7.5797936676517566 8.5753230515347223 128.80709455525175 973.83624061884348
leaf_count=58890 4573 545 1390 2595 5755 4016 32121 53399
internal_value=-4.8099e-05 -0.0117914 -0.0251597 -0.0349523 -0.00933013 0.0183671 0.000347137 -0.00117678
internal_weight=1713.3 55.7856 38.6523 30.5179 12.3831 17.1333 1657.51 1102.64
internal_count=163284 18874 14313 12923 8350 4561 144410 85520
is_linear=0
shrinkage=0.0750466


Tree=267
num_leaves=9
num_cat=0
split_feature=146 9 17 18 138 52 9 25
split_gain=1.41947 6.04797 2.70842 6.73439 5.39286 3.90335 6.31273 3.64562
threshold=1.0000000180025095e-35 2120.0400000000004 3.5000000000000004 1949.6600000000001 15804.530000000002 49202.980000000003 61.785000000000004 7648.2250000000013
decision_type=10 2 2 2 8 2 2 2
left_child=2 -2 5 -4 -5 -1 -7 -8
right_child=1 -3 3 4 -6 6 7 -9
leaf_value=-0.0004125673373174946 -0.0040563621297327306 0.035914658818891491 -0.015211939653575656 0.008713663753381529 0.060393955690269688 0.029767519520422656 -0.052205570951251661 -0.014104525905741554
leaf_weight=1466.609929420385 66.689737909660835 31.337928620156163 28.722851936574443 26.32827827463916 20.018183539032179 12.783503597187517 22.513375617634665 38.04390682569101
leaf_count=74702 9053 4372 683 2202 3937 3315 16651 48369
internal_value=-4.67127e-05 0.00872175 -0.000578937 0.0133405 0.0310357 -0.00125748 -0.0181534 -0.0282693
internal_weight=1713.05 98.0277 1615.02 75.0693 46.3465 1539.95 73.3408 60.5573
internal_count=163284 13425 149859 6822 6139 143037 68335 65020
is_linear=0
shrinkage=0.0750466


Tree=268
num_leaves=9
num_cat=0
split_feature=8 120 120 118 116 95 120 72
split_gain=1.32234 2.70874 3.82659 3.63444 3.11641 1.70957 1.75234 3.56032
threshold=-8804.7999999999975 211140.00000000003 305273.25000000006 17903.090000000004 2777.4150000000004 5.5000000000000009 800917.97000000009 2506.0200000000004
decision_type=2 8 8 8 8 2 10 2
left_child=1 3 -3 -1 -4 6 7 -2
right_child=5 2 4 -5 -6 -7 -8 -9
leaf_value=-0.035814939534780543 -0.00083400182306914475 0.049683265233516884 -0.018645946101669236 0.011878892620534339 0.020343093888495679 0.014309400783134944 0.010123037363567025 -0.020400688357784968
leaf_weight=15.542213578748488 1435.9653656419869 15.592866502975083 17.362998718313978 21.373246302893676 34.463357980082947 42.298621675989125 76.161011510364915 54.356540590037184
leaf_count=3496 126050 2709 3289 2669 4480 3013 14272 3306
internal_value=-4.72627e-05 0.00814009 0.0170878 -0.00820125 0.00728089 -0.000578239 -0.000980239 -0.00154766
internal_weight=1713.12 104.335 67.4192 36.9155 51.8264 1608.78 1566.48 1490.32
internal_count=163284 16643 10478 6165 7769 146641 143628 129356
is_linear=0
shrinkage=0.0750466


Tree=269
num_leaves=9
num_cat=0
split_feature=20 20 27 129 124 38 20 5
split_gain=1.26271 3.60622 6.00973 10.6184 3.25296 3.70649 2.26828 6.62057
threshold=109749.33500000001 48105.080000000009 1.0000000180025095e-35 3.5000000000000004 1.0000000180025095e-35 1.0000000180025095e-35 203.56500000000003 71.500000000000014
decision_type=2 2 2 8 8 2 2 2
left_child=1 6 -3 -4 5 -2 -1 -8
right_child=4 2 3 -5 -6 -7 7 -9
leaf_value=0.00085201485941166196 0.0064589980326360645 0.082619376129651603 0.084991912271750861 -0.024698028251233843 -0.05850491929818278 -0.053948779039888706 -0.011643758352722612 0.039727757867576846
leaf_weight=1434.1524929906036 33.638321036201887 7.7813890727993558 6.9750261421540953 17.293677200506863 7.2154531985324857 6.892751468863934 183.83210475227315 15.305382233258568
leaf_count=102000 11503 664 2876 5858 1576 5081 31987 1739
internal_value=-4.59168e-05 0.000299077 0.0252291 0.00682777 -0.0120789 -0.003814 -0.000190125 -0.00769543
internal_weight=1713.09 1665.34 32.0501 24.2687 47.7465 40.5311 1633.29 199.137
internal_count=163284 145124 9398 8734 18160 16584 135726 33726
is_linear=0
shrinkage=0.0750466


Tree=270
num_leaves=9
num_cat=0
split_feature=97 0 22 112 0 113 135 5
split_gain=1.45033 12.1835 10.7501 3.97103 1.50825 4.86452 4.64717 2.00473
threshold=147.50000000000003 32756022.000000004 78916.440000000017 228031.20000000004 15842220.000000002 -1171.4999999999998 -866.99999999999989 61.500000000000007
decision_type=2 2 2 8 2 8 10 2
left_child=4 2 -2 -3 5 -1 -7 -6
right_child=1 3 -4 -5 7 6 -8 -9
leaf_value=-0.040434089630121579 0.087936640392174262 -0.0015820927326200384 -0.028697517556515784 -0.068940329801702671 -0.0009921635829933139 0.0091349612738611287 -0.026007894918134749 0.0061585599116363351
leaf_weight=21.930772316536604 15.081301656879079 13.086634435172529 6.3139466936327144 7.9079230681982144 1281.0029183835613 70.473806583999249 30.305325929592072 266.7977317281202
leaf_count=2867 3568 3637 4511 2879 118076 6318 4971 16457
internal_value=-4.66474e-05 0.0136619 0.0535168 -0.0269536 -0.000394507 -0.00840318 -0.00143286 0.000240422
internal_weight=1712.9 42.3898 21.3952 20.9946 1670.51 122.71 100.779 1547.8
internal_count=163284 14595 8079 6516 148689 14156 11289 134533
is_linear=0
shrinkage=0.0750466


Tree=271
num_leaves=9
num_cat=0
split_feature=6 22 22 115 125 11 25 25
split_gain=1.24769 2.43658 5.15698 2.09895 2.34058 3.61965 3.44948 2.39372
threshold=289.50000000000006 -3026.8199999999993 54211.545000000006 -1.0000000180025095e-35 -28173.074999999993 1290.9050000000004 1525.2650000000001 35114.595000000008
decision_type=2 2 2 8 8 2 2 2
left_child=3 -2 -3 -1 5 -5 -7 -6
right_child=1 2 -4 4 7 6 -8 -9
leaf_value=-0.014115109513248498 -0.015615799743666338 0.030602619754082828 -0.022352363301713533 -0.039245782075278721 0.00093592595273507898 -0.029935628983041085 0.067951814334257579 -0.017138126735704404
leaf_weight=61.128671173426483 16.515983627650712 41.097822448642546 13.84681683362396 19.398742197538017 1510.25563348795 3.9397347992417036 4.1772151025134008 42.428436623076777
leaf_count=4477 501 3439 6208 4728 113183 1392 3218 26138
internal_value=-4.76536e-05 0.00965961 0.0172572 -0.000470291 5.75469e-05 -0.0216388 0.0204401 0.000442037
internal_weight=1712.79 71.4606 54.9446 1641.33 1580.2 27.5157 8.11695 1552.68
internal_count=163284 10148 9647 153136 148659 9338 4610 139321
is_linear=0
shrinkage=0.0750466


Tree=272
num_leaves=9
num_cat=0
split_feature=109 16 107 123 58 116 16 137
split_gain=1.19521 6.6126 6.57915 5.6886 7.95998 7.43641 5.2104 4.82659
threshold=1.0000000180025095e-35 -3350.2649999999999 12.500000000000002 5.5000000000000009 3684.2700000000004 1.0000000180025095e-35 -10288.865 28105.610000000004
decision_type=2 2 2 10 2 8 2 8
left_child=6 2 -2 4 -4 -6 -1 -8
right_child=1 -3 3 -5 5 -7 7 -9
leaf_value=0.0089186655440160745 0.014914308454587306 0.0056780717631746561 -0.024211298998811786 -0.061512009950428534 -0.01657394123637651 0.072548653489725223 -0.0010401450395481104 -0.01466400670097056
leaf_weight=199.32748620296479 40.056654874235392 614.30862242164676 83.060709104367561 16.237919891402271 10.683897985345538 10.411204366571837 537.18811036594343 201.34761403839366
leaf_count=3410 402 98459 9664 3295 2121 3448 27244 15241
internal_value=-4.65167e-05 0.00213475 -0.0114314 -0.020197 -0.013756 0.0274113 -0.00184844 -0.00475443
internal_weight=1712.62 774.759 160.45 120.394 104.156 21.0951 937.863 738.536
internal_count=163284 117389 18930 18528 15233 5569 45895 42485
is_linear=0
shrinkage=0.0750466


Tree=273
num_leaves=9
num_cat=0
split_feature=135 22 120 0 81 11 11 120
split_gain=1.30226 1.5319 3.52169 7.48722 4.51767 3.93709 2.67215 4.06424
threshold=-136.99999999999997 239470.10500000001 305273.25000000006 44238857.000000007 8797.7650000000012 2810.6050000000005 3582.1750000000006 779747.05500000005
decision_type=10 2 10 2 2 2 2 8
left_child=1 -1 3 4 -3 -6 7 -4
right_child=-2 2 6 -5 5 -7 -8 -9
leaf_value=0.00061057783767749525 -0.016494245132606847 0.062505941388000391 -0.062961872161538257 -0.053988346330922338 -0.037566015940308478 0.048632239755561746 -0.07542306700294972 0.027642372616201834
leaf_weight=1635.1437076317297 26.691332835194771 10.227424446769875 5.4136435060718222 9.449722710731292 7.8004815954227507 4.8334563323733164 7.0064599619681749 5.749799734332556
leaf_count=134502 2162 2991 3809 3444 3385 2966 7000 3025
internal_value=-4.73662e-05 0.000213065 -0.0126629 0.00220137 0.0254273 -0.00458853 -0.0390956 -0.0162956
internal_weight=1712.32 1685.62 50.481 32.3111 22.8614 12.6339 18.1699 11.1634
internal_count=163284 161122 26620 12786 9342 6351 13834 6834
is_linear=0
shrinkage=0.0750466


Tree=274
num_leaves=9
num_cat=0
split_feature=33 32 113 22 32 107 107 150
split_gain=1.19357 5.62032 4.62337 1.44045 4.0157 18.5076 6.8324 5.29574
threshold=175039.38000000003 10.500000000000002 -1355.4999999999998 319.2050000000001 1.0000000180025095e-35 22.500000000000004 38.500000000000007 8303.6200000000008
decision_type=2 2 10 2 2 2 2 8
left_child=3 2 -2 -1 6 -6 -5 -7
right_child=1 -3 -4 4 5 7 -8 -9
leaf_value=0.0019290996015259149 -0.069844926505805649 0.03052043275006739 0.020747941917762049 -0.012673717719048782 0.10878160986064711 0.023199667690501219 0.0032040054351241617 -0.046313556732986906
leaf_weight=1036.7423346072574 11.071038844178473 9.0539637862893851 4.4471965526026933 278.5416187219671 9.9363094657892344 12.019070090496827 337.68007119930553 12.688639078462073
leaf_count=35732 4254 1286 4068 11175 480 6177 90940 9172
internal_value=-4.72114e-05 -0.016468 -0.0438829 0.000191881 -0.00257528 0.0222858 -0.00397297 -0.0124988
internal_weight=1712.18 24.5722 15.5182 1687.61 650.866 34.644 616.222 24.7077
internal_count=163284 9608 8322 153676 117944 15829 102115 15349
is_linear=0
shrinkage=0.0750466


Tree=275
num_leaves=9
num_cat=0
split_feature=48 134 149 0 102 137 0 137
split_gain=1.14759 4.68026 2.7598 3.11879 2.77127 2.67638 2.66728 3.25508
threshold=1.0000000180025095e-35 106977.60000000002 5660.5000000000009 24777691.000000004 1.0000000180025095e-35 1316.4200000000003 26921913.500000004 10375.225000000002
decision_type=2 10 10 2 2 10 2 10
left_child=2 5 4 -4 -1 -2 7 -3
right_child=1 6 3 -5 -6 -7 -8 -9
leaf_value=-0.00083060157046689674 0.038113253602339699 0.00070293142797887257 0.0035230810515553134 0.033543279597413864 -0.018997449908547064 0.0056046134445503163 0.0054453597374718807 -0.049739517164305622
leaf_weight=1429.2232797965407 30.356427914492087 14.991777042316246 74.132606039800521 26.442454677240676 48.90966242498871 26.903918393672939 46.993648208292143 13.871532872895839
leaf_count=122671 1114 1361 11361 4481 3418 3870 8693 6315
internal_value=-4.90071e-05 0.00664257 -0.000613243 0.0114158 -0.00143172 0.022839 -0.00558324 -0.0235394
internal_weight=1711.83 133.117 1578.71 100.575 1478.13 57.2603 75.857 28.8633
internal_count=163284 21353 141931 15842 126089 4984 16369 7676
is_linear=0
shrinkage=0.0750466


Tree=276
num_leaves=9
num_cat=0
split_feature=5 5 82 7 151 5 7 58
split_gain=1.38722 5.4473 3.99833 3.84297 3.23638 4.65707 4.31742 3.18287
threshold=67.500000000000014 61.500000000000007 1.0000000180025095e-35 1065.7050000000002 1.5000000000000002 76.500000000000014 1842.0450000000003 1.0000000180025095e-35
decision_type=2 2 2 2 8 2 2 2
left_child=1 -1 7 -4 -2 6 -6 -3
right_child=4 2 3 -5 5 -7 -8 -9
leaf_value=-0.00085566577801896742 0.012990195249794268 0.010634883757917797 -0.042915080919765931 0.011047500639402328 -0.0045917032013138483 0.01215592991456056 -0.03497852614963573 0.034985794548324414
leaf_weight=1371.2510633632346 38.435306153303827 83.73837813805585 12.396747060658528 18.561327393957981 53.816583404473931 34.93727997321912 51.567164235500968 47.310692618601024
leaf_count=138249 1849 2337 2141 3871 3780 2501 4575 3981
internal_value=-4.75519e-05 0.000681859 0.0136957 -0.0105611 -0.00630398 -0.0115888 -0.0194608 0.0194259
internal_weight=1712.01 1533.26 162.007 30.9581 178.756 140.321 105.384 131.049
internal_count=163284 150579 12330 6012 12705 10856 8355 6318
is_linear=0
shrinkage=0.0750466


Tree=277
num_leaves=9
num_cat=0
split_feature=80 64 31 112 58 31 64 64
split_gain=1.14197 6.48694 4.87656 4.46222 7.99147 6.64034 6.62312 9.42633
threshold=2.5000000000000004 1745.0100000000002 18195.095000000005 139352.40000000002 6461.2000000000007 5680.9500000000007 1.0000000180025095e-35 13076.395000000002
decision_type=2 2 2 8 2 2 2 2
left_child=1 -1 3 4 -2 6 -5 -8
right_child=2 -3 -4 5 -6 -7 7 -9
leaf_value=0.00069292846875697539 -0.0016082299757637431 -0.017121485334314585 0.041003005835177006 -0.00086705980429367755 -0.063268538226211798 -0.047548649064068214 0.058954701531571639 -0.0030545327926960585
leaf_weight=1344.8534042386655 71.223250081282458 125.89923349567835 19.219829104182281 69.143664241937586 14.197757612062558 10.42872244004502 33.844580484288599 23.320075049576189
leaf_count=70025 12776 36427 9065 8735 4364 4836 8136 8920
internal_value=-4.68403e-05 -0.000832019 0.00473738 0.00159988 -0.0118567 0.0100064 0.0147584 0.0336583
internal_weight=1712.13 1470.75 241.378 222.158 85.421 136.737 126.308 57.1647
internal_count=163284 106452 56832 47767 17140 30627 25791 17056
is_linear=0
shrinkage=0.0750466


Tree=278
num_leaves=9
num_cat=0
split_feature=21 33 33 107 127 151 145 28
split_gain=1.16069 2.5888 3.43911 3.42591 3.71951 3.55967 1.76566 1.66864
threshold=1.0000000180025095e-35 17595.285000000003 43848.475000000006 103.50000000000001 510.50000000000006 7.5000000000000009 5.5000000000000009 1395.8750000000002
decision_type=2 2 2 2 10 8 10 2
left_child=-1 7 -3 4 -4 -6 -5 -2
right_child=1 2 3 6 5 -7 -8 -9
leaf_value=0.0054645936475786732 0.0021958846724821992 -0.045587287462131282 -0.014576761856243028 -0.075263921821949728 -0.00096911225675807861 0.076764099026393293 0.012803045699289899 -0.0028930883338865649
leaf_weight=191.05189321886428 795.84221377600625 16.244221515129539 21.644006831324077 5.1576992212230826 7.0065767820014999 6.3021406108964593 1.7063456057285291 667.02221635812384
leaf_count=5801 20330 5717 3607 10459 3475 1273 3861 108761
internal_value=-4.8797e-05 -0.000741365 -0.0162826 -0.00489884 0.0046202 0.0358403 -0.0533712 -0.000124534
internal_weight=1711.98 1520.93 58.061 41.8168 34.9527 13.3087 6.86404 1462.86
internal_count=163284 157483 28392 22675 8355 4748 14320 129091
is_linear=0
shrinkage=0.0750466


Tree=279
num_leaves=9
num_cat=0
split_feature=10 120 113 116 81 120 58 153
split_gain=1.28739 3.82757 2.83412 5.03747 4.27274 1.85809 1.83048 5.89448
threshold=-3005.3049999999998 154836.00000000003 -805.49999999999989 22765.300000000003 42044.910000000011 253368.00000000003 3684.2700000000004 9905.9850000000024
decision_type=2 8 10 10 2 10 2 10
left_child=1 -1 4 -4 -3 -6 -2 -8
right_child=6 2 3 -5 5 -7 7 -9
leaf_value=-0.042993516771361692 -0.00061110641483022837 0.027073085608775277 -0.039335780100731896 0.036305878097517216 -0.061548812754437195 0.00038533324401963601 0.002519765705155367 0.041827704734826769
leaf_weight=15.3717212535048 1399.3918415924418 27.960330951349533 19.766921545834524 6.6188496224667679 5.0630217317466286 5.9157929644334217 206.95312688382 23.974566749249789
leaf_count=4298 87563 4004 9208 3571 2154 3357 42087 7042
internal_value=-4.75754e-05 -0.00930026 -0.00137184 -0.0203611 0.0114956 -0.0281764 0.000410409 0.00660066
internal_weight=1711.02 80.6966 65.3249 26.3858 38.9391 10.9788 1630.32 230.928
internal_count=163284 26592 22294 12779 9515 5511 136692 49129
is_linear=0
shrinkage=0.0750466


Tree=280
num_leaves=9
num_cat=0
split_feature=13 134 134 20 141 20 20 141
split_gain=1.19954 1.31499 1.72202 4.5542 4.98666 2.35897 2.51937 7.01522
threshold=1.5000000000000002 1378588.4800000002 529449.63500000013 10921.325000000003 0.79500000000000015 419.75000000000006 3581.3600000000001 inf
decision_type=2 10 10 2 8 2 2 8
left_child=1 2 5 -4 -5 -1 7 -7
right_child=-2 -3 3 4 -6 6 -8 -9
leaf_value=0.0010383729158108502 -0.014824471588678959 -0.017527747595703226 0.0028626634785324603 0.012999139486991862 0.097716488735782647 -0.040656603611381965 -0.0025460750556112696 0.013796442813416082
leaf_weight=1341.293858425337 30.387571186991408 23.187608088171146 81.722390022681793 9.994542527489104 6.4311261097845991 36.626023277080094 160.44756399842663 20.944397571867739
leaf_count=93597 829 4547 11239 4295 3186 6552 38383 656
internal_value=-4.70445e-05 0.000220144 0.000468434 0.0101101 0.0461684 -0.000138446 -0.00737849 -0.0208463
internal_weight=1711.04 1680.65 1657.46 98.1481 16.4257 1559.31 218.018 57.5704
internal_count=163284 162455 157908 18720 7481 139188 45591 7208
is_linear=0
shrinkage=0.0750466


Tree=281
num_leaves=9
num_cat=0
split_feature=83 22 5 83 18 82 18 83
split_gain=1.27338 7.26346 3.22629 3.01281 6.4281 6.02737 3.33634 2.69662
threshold=175657.12500000003 34410.730000000003 43.500000000000007 92470.055000000008 18220.110000000004 3.5000000000000004 55363.020000000011 53371.560000000005
decision_type=2 2 2 2 2 2 2 2
left_child=3 -2 -3 7 -5 -6 -7 -1
right_child=1 2 -4 4 5 6 -8 -9
leaf_value=-0.00037918313287574915 0.055929587117488362 0.02412859216176003 -0.050961018727722802 -0.059622174530023012 0.079524738761099598 -0.062440940342294637 0.020349321479393768 0.018325187549242637
leaf_weight=1608.9718813691507 13.171113535918268 5.2223619982905793 8.4157344645846006 14.595235409178715 4.8096925628688032 5.5086027700945106 5.4572723736218904 44.614197096840144
leaf_count=131076 2101 2858 4692 2188 1566 2237 3682 12884
internal_value=-4.63905e-05 0.0161806 -0.0222074 -0.00030473 -0.0237274 0.00948169 -0.0212396 0.000125466
internal_weight=1710.77 26.8092 13.6381 1683.96 30.3708 15.7756 10.9659 1653.59
internal_count=163284 9651 7550 153633 9673 7485 5919 143960
is_linear=0
shrinkage=0.0750466


Tree=282
num_leaves=9
num_cat=0
split_feature=39 149 120 137 18 103 9 149
split_gain=1.15543 3.37631 2.38407 5.46132 3.59961 1.77177 10.018 10.5126
threshold=313319.83000000002 1366.5000000000002 91494.000000000015 16998.050000000003 64558.765000000007 5.5000000000000009 332.88500000000005 2306.5000000000005
decision_type=2 10 10 10 2 2 2 8
left_child=5 -2 -3 -4 -5 -1 7 -7
right_child=1 2 3 4 -6 6 -8 -9
leaf_value=-0.00016621551558386645 -0.057752709489488234 0.042335105412207481 -0.046660498330141215 -0.013032088625613385 0.11813038831910054 0.0022890139732778154 -0.014574731933021931 0.1284489290981865
leaf_weight=1644.8519049745173 7.628088785366347 5.627865284313887 9.9463527301959385 2.3988959544149102 2.3162134105032237 7.5713814260743648 23.255725474836254 7.3126208691082875
leaf_count=135414 1647 1509 3189 1466 3232 2644 12119 2064
internal_value=-4.6614e-05 -0.0151889 0.000813583 -0.0151246 0.0513991 0.000204566 0.0161953 0.0642723
internal_weight=1710.91 27.9174 20.2893 14.6615 4.71511 1682.99 38.1397 14.884
internal_count=163284 11043 9396 7887 4698 152241 16827 4708
is_linear=0
shrinkage=0.0750466


Tree=283
num_leaves=9
num_cat=0
split_feature=11 135 9 131 32 135 32 153
split_gain=1.41654 4.02108 7.13509 3.96178 3.82495 8.71343 4.88815 5.17924
threshold=180.44000000000003 -348.99999999999994 2120.0400000000004 9471.9750000000022 1.5000000000000002 -624.49999999999989 1.0000000180025095e-35 4275.5850000000009
decision_type=2 10 2 10 2 8 2 10
left_child=-1 3 -3 4 6 -6 -2 -8
right_child=1 2 -4 -5 5 -7 7 -9
leaf_value=-0.0015302298135441215 0.0041185620971957906 -0.04776426439642819 0.029860273931685131 0.04411780434777525 -0.012955688906579516 0.12211073999653485 -0.056497641290559134 0.033081288117189869
leaf_weight=1162.8850724996955 472.97872384575021 21.09540099634069 9.7519971779802272 13.949870107146124 6.0005043781056884 4.8758744354508945 14.635580543996186 4.8363030668406273
leaf_count=34577 93137 6408 2533 4427 8793 1338 7484 4587
internal_value=-4.77433e-05 0.00309746 -0.0232243 0.00466714 0.00357375 0.0475945 0.00260149 -0.0342486
internal_weight=1711.01 548.124 30.8474 517.277 503.327 10.8764 492.451 19.4719
internal_count=163284 128707 8941 119766 115339 10131 105208 12071
is_linear=0
shrinkage=0.0750466


Tree=284
num_leaves=9
num_cat=0
split_feature=8 74 149 8 149 145 106 24
split_gain=1.24962 5.73747 10.3173 7.13855 6.72055 6.36567 5.10198 5.83374
threshold=9683.5850000000009 1068.0300000000002 3317.0000000000005 12961.865000000002 4024.5000000000005 19.500000000000004 3577.6500000000005 1.5000000000000002
decision_type=2 2 8 2 10 10 2 2
left_child=6 2 -2 -4 -3 -6 -1 -8
right_child=1 4 3 -5 5 -7 7 -9
leaf_value=0.0032298885828618714 -0.010420824575506743 -0.0013953221618419379 -0.016587614116735379 0.034078747111562287 -0.026291949031571383 0.018565035516226319 0.013512515239170655 -0.044376970765432483
leaf_weight=832.10898581712536 82.974491605007643 504.29487734056238 19.114173498066521 86.701499864351717 122.9163618895891 20.838034247877658 15.359850279146483 27.105476065848052
leaf_count=56746 20863 28398 2788 16587 20357 2909 2198 12438
internal_value=-4.86368e-05 -0.00212173 0.00939115 0.0249266 -0.00547567 -0.0197897 0.00193501 -0.0234382
internal_weight=1711.41 836.839 188.79 105.816 648.049 143.754 874.574 42.4653
internal_count=163284 91902 40238 19375 51664 23266 71382 14636
is_linear=0
shrinkage=0.0750466


Tree=285
num_leaves=9
num_cat=0
split_feature=138 74 74 5 74 151 83 83
split_gain=1.23808 7.17376 6.57861 3.41246 2.82247 4.33256 4.24117 4.50139
threshold=97358.630000000019 2126.0350000000003 943.84000000000015 43.500000000000007 3171.9350000000004 2.5000000000000004 1.0000000180025095e-35 37776.215000000004
decision_type=10 2 2 2 2 8 2 2
left_child=4 2 -2 -3 -1 -6 -7 -8
right_child=1 3 -4 -5 5 6 7 -9
leaf_value=-0.0003844588703864771 -0.02215568068159178 -0.0048373869111766107 0.063835531832653808 -0.062582375907133475 0.045029388640034966 -0.014509264411814061 0.056518062067966987 -0.010261806768095407
leaf_weight=1592.94395801678 10.039952145834834 9.477267155281881 10.002430858634396 14.70927971477431 19.450989863547875 30.845494065106323 13.289301567790973 9.9346065385243474
leaf_count=138093 2112 2619 4007 6190 1710 3028 2419 3106
internal_value=-4.98514e-05 -0.0124425 0.0207594 -0.0399556 0.000279057 0.0146552 0.00372841 0.0279513
internal_weight=1710.69 44.2289 20.0424 24.1865 1666.46 73.5204 54.0694 23.2239
internal_count=163284 14928 6119 8809 148356 10263 8553 5525
is_linear=0
shrinkage=0.0750466


Tree=286
num_leaves=9
num_cat=0
split_feature=97 149 55 104 83 104 18 97
split_gain=1.22461 10.5148 4.93012 3.71067 3.65058 1.85522 5.72937 7.08173
threshold=147.50000000000003 5939.5000000000009 1.0000000180025095e-35 2404.6500000000005 21526.975000000002 21172.650000000005 5971.0600000000004 3.5000000000000004
decision_type=2 8 2 2 2 2 2 2
left_child=5 2 4 -4 -2 -1 7 -7
right_child=1 -3 3 -5 -6 6 -8 -9
leaf_value=0.00022800251819257163 0.040293609817774106 0.091653074514304655 -0.07680489129350801 0.010618782175320267 -0.01986543624309469 0.05269940106024746 -0.024684352181045862 -0.018386547552782049
leaf_weight=1577.4491639597636 13.506977955614277 7.7398378519128519 7.4269133924335602 4.3276792416454555 9.8048072374294843 14.842077896886623 58.803462142090211 16.857395977356646
leaf_count=111390 2450 2449 3558 3144 2994 2585 31619 3095
internal_value=-4.984e-05 0.0124837 -0.00499055 -0.0446182 0.014991 -0.0003715 -0.0108207 0.0148968
internal_weight=1710.76 42.8062 35.0664 11.7546 23.3118 1667.95 90.5029 31.6995
internal_count=163284 14595 12146 6702 5444 148689 37299 5680
is_linear=0
shrinkage=0.0750466


Tree=287
num_leaves=9
num_cat=0
split_feature=11 125 107 138 80 150 27 7
split_gain=1.35673 3.42203 10.6686 4.19907 4.02269 13.1668 5.21303 4.61523
threshold=180.44000000000003 -1.0000000180025095e-35 73.500000000000014 29617.135000000006 1.0000000180025095e-35 29747.050000000003 4.5000000000000009 1842.0450000000003
decision_type=2 10 2 10 2 10 2 2
left_child=-1 4 -3 -4 5 6 -2 -8
right_child=1 2 3 -5 -6 -7 7 -9
leaf_value=-0.0015021401635387619 0.013918112705427194 -0.011553074450005148 0.1303086564815952 0.038860870006843753 -0.0033530454968417906 0.070026834811246608 0.0020990235330518112 -0.039484502329084729
leaf_weight=1162.2690684035042 108.64568798640903 15.317101375178028 5.6507596007868397 5.6609661554612103 329.13983991846089 18.763864168297005 41.578141855146896 23.543623822140944
leaf_count=34577 9372 1338 2051 2425 95339 4594 8408 5180
internal_value=-5.0484e-05 0.00302669 0.029268 0.0845435 0.0016872 0.0103037 0.00385462 -0.0129348
internal_weight=1710.57 548.3 26.6288 11.3117 521.671 192.531 173.767 65.1218
internal_count=163284 128707 5814 4476 122893 27554 22960 13588
is_linear=0
shrinkage=0.0750466


Tree=288
num_leaves=9
num_cat=0
split_feature=27 11 30 11 27 0 11 11
split_gain=1.17879 9.44681 5.98947 4.62 3.71632 5.50239 6.77274 2.17054
threshold=29.500000000000004 1025.2150000000004 7.5000000000000009 1469.9150000000002 23.500000000000004 35799005.000000007 823.92000000000019 2311.1550000000002
decision_type=2 2 2 2 2 2 2 2
left_child=4 -2 3 -3 -1 6 -6 -5
right_child=1 2 -4 7 5 -7 -8 -9
leaf_value=-0.00020469135790440848 -0.049166155375458973 0.060890589993220876 0.099735247822555342 -0.07602681146801768 -0.055417064982750223 0.063204930035359888 0.054229625398555449 0.004515193740156377
leaf_weight=1649.2068533232923 19.334450731990728 4.3921512245815411 4.6996850986197378 3.7861275348695926 7.0738137075604772 12.87782083926413 5.7531413101296494 3.7518180447450504
leaf_count=137730 6030 1916 2924 2159 1786 3875 3341 3523
internal_value=-5.20193e-05 -0.0134951 0.0279774 -0.000290554 0.000236636 0.028552 -0.00623837 -0.0359391
internal_weight=1710.88 35.9642 16.6298 11.9301 1674.91 25.7048 12.827 7.53795
internal_count=163284 16552 10522 7598 146732 9002 5127 5682
is_linear=0
shrinkage=0.0750466


Tree=289
num_leaves=9
num_cat=0
split_feature=60 153 151 137 24 151 60 137
split_gain=1.21852 2.8689 3.56512 7.79419 4.01217 3.49332 1.94607 3.58841
threshold=1079.3350000000003 651.0150000000001 4.5000000000000009 20863.215000000004 4.5000000000000009 12.500000000000002 433.49500000000006 8892.4500000000025
decision_type=2 10 10 8 2 8 2 8
left_child=6 -2 -3 -4 5 -5 -1 -8
right_child=1 2 3 4 -6 -7 7 -9
leaf_value=-9.6041297722590821e-06 -0.028365235075732045 -0.031557537590484047 0.098016991393944417 0.056024882168414419 -0.060450925871643933 -0.023938015515241814 -0.0034807451687865827 0.050103454913767338
leaf_weight=1621.0059635049274 27.628677952976432 10.682815468418992 5.5884958199949342 6.6619732288927489 5.0193400766283949 5.7178856008231387 16.26047073060181 12.411032685007742
leaf_count=139832 2682 3492 1699 2393 4813 2963 1156 4254
internal_value=-5.28607e-05 -0.0104424 0.00426432 0.0209114 -0.00385433 0.0190924 0.000333198 0.0197142
internal_weight=1710.98 61.2992 33.6705 22.9877 17.3992 12.3799 1649.68 28.6715
internal_count=163284 18042 15360 11868 10169 5356 145242 5410
is_linear=0
shrinkage=0.0750466


Tree=290
num_leaves=9
num_cat=0
split_feature=10 125 83 141 0 0 140 67
split_gain=1.37155 6.48828 4.1902 3.54461 4.14842 4.12539 3.33788 2.38511
threshold=-3005.3049999999998 -1.0000000180025095e-35 37776.215000000004 1.1700000000000002 34241628.000000007 34241628.000000007 5236.5900000000011 1.0000000180025095e-35
decision_type=2 10 2 10 2 2 10 2
left_child=1 2 3 5 -5 -1 -7 -2
right_child=7 -3 -4 4 -6 6 -8 -9
leaf_value=-0.046011248048491042 4.480270699005196e-05 0.05772933991010732 -0.051818910825527816 0.072969935804113234 -0.012814126136657345 -0.02330824485925052 0.028091921936004356 0.0223302910380405
leaf_weight=17.228418274093201 1602.7070185689026 7.3311413245719441 14.916908740910001 6.0236628377533616 6.7133195105197956 15.382244696487762 13.239970537526458 27.511646910021227
leaf_count=5019 130143 1593 10120 2661 2073 1891 3235 6549
internal_value=-5.22393e-05 -0.00959395 -0.0163086 -0.00726735 0.0277555 -0.0169964 0.000468276 0.000420894
internal_weight=1711.05 80.8357 73.5045 58.5876 12.737 45.8506 28.6222 1630.22
internal_count=163284 26592 24999 14879 4734 10145 5126 136692
is_linear=0
shrinkage=0.0750466


Tree=291
num_leaves=9
num_cat=0
split_feature=138 9 9 9 140 140 10 151
split_gain=1.2437 6.32723 5.28936 2.6153 5.5123 6.51527 2.26718 5.30155
threshold=97358.630000000019 2120.0400000000004 938.67500000000007 3165.5400000000004 5236.5900000000011 15822.210000000001 -627.07499999999993 1.5000000000000002
decision_type=10 2 2 2 8 10 2 8
left_child=3 2 -2 6 -5 -6 7 -1
right_child=1 -3 -4 4 5 -7 -8 -9
leaf_value=-0.024269651548332716 -0.021437790707845825 -0.038972055966633258 0.054788980869828252 0.043658657657864947 -0.021531824494341122 0.032960242863240188 0.0009280468692590112 -0.00045054123077925535
leaf_weight=70.746379156033072 9.9125468597485469 23.618720974830467 10.619127032221511 23.967671364502166 31.119321771559044 20.496550919462607 1315.0571809230278 205.48908403950736
leaf_count=10815 2102 8813 4013 2085 2818 5364 75989 51285
internal_value=-5.16572e-05 -0.0124837 0.0179872 0.00027763 0.0139172 0.000106857 -0.000370225 -0.00655083
internal_weight=1711.03 44.1504 20.5317 1666.88 75.5835 51.6159 1591.29 276.235
internal_count=163284 14928 6115 148356 10267 8182 138089 62100
is_linear=0
shrinkage=0.0750466


Tree=292
num_leaves=9
num_cat=0
split_feature=99 10 115 11 115 125 125 10
split_gain=1.17672 7.84415 2.85165 2.39694 3.67015 3.27134 2.50451 4.16275
threshold=1.0000000180025095e-35 -1.0000000180025095e-35 -164.97999999999999 52.845000000000006 1.0000000180025095e-35 -1.0000000180025095e-35 -1112.6649999999997 -109.73499999999999
decision_type=2 2 8 2 8 10 10 2
left_child=2 -2 -1 4 -4 6 -5 -8
right_child=1 -3 3 5 -6 -7 7 -9
leaf_value=-0.025889203467417202 -0.017840967024871673 0.027053800962094834 0.0015287648714361543 0.0025725596386993246 -0.0087756251325925641 0.025724204215137401 -0.0472298007223977 0.011351913600951561
leaf_weight=24.567501763298424 37.649964424786958 52.458860647369875 436.07808310090695 747.47920158249235 351.65374623777461 33.449274017368225 14.958125906490752 12.574354622705867
leaf_count=2380 3917 1557 8920 126370 8860 5781 4033 1466
internal_value=-5.15465e-05 0.00829552 -0.000515616 -0.000125083 -0.00307125 0.00274554 0.00175379 -0.020475
internal_weight=1710.87 90.1088 1620.76 1596.19 787.732 808.461 775.012 27.5325
internal_count=163284 5474 157810 155430 17780 137650 131869 5499
is_linear=0
shrinkage=0.0750466


Tree=293
num_leaves=9
num_cat=0
split_feature=147 128 82 140 81 82 0 27
split_gain=1.29782 4.88545 5.15166 4.05716 6.50455 4.69718 4.34565 4.04996
threshold=-31205.244999999999 694.53000000000009 2.5000000000000004 15822.210000000001 75817.000000000015 1.5000000000000002 29151941.000000004 29.500000000000004
decision_type=8 8 2 10 2 2 2 2
left_child=1 2 -1 -3 7 -6 -7 -5
right_child=-2 3 -4 4 5 6 -8 -9
leaf_value=0.00091148212867807885 0.00064145185370263974 -0.028804412901324922 0.067793914898989005 0.021907706456105253 -0.075776654997823129 0.03299675278076003 -0.041059189868569747 -0.023735288917881087
leaf_weight=21.967513356057683 1538.7995366370578 52.086088096320964 9.2035569015079073 46.880746361037382 9.3756285918334488 7.5940006812652454 10.822848753050492 14.284914658583146
leaf_count=5009 109150 11483 4617 11382 4519 5776 6387 4961
internal_value=-4.99914e-05 -0.00622826 0.0206592 -0.0121704 -0.00243104 -0.0325359 -0.010523 0.011248
internal_weight=1711.01 172.215 31.1711 141.044 88.9581 27.7925 18.4168 61.1657
internal_count=163284 54134 9626 44508 33025 16682 12163 16343
is_linear=0
shrinkage=0.0750466


Tree=294
num_leaves=9
num_cat=0
split_feature=63 135 146 23 55 9 7 9
split_gain=1.1647 5.00008 3.67008 4.20574 6.89648 5.34729 10.1382 7.43703
threshold=4.5000000000000009 -532.49999999999989 5162.4900000000007 1.5000000000000002 1.5000000000000002 511.12500000000006 421.61500000000007 2506.1000000000004
decision_type=2 10 8 2 2 2 2 2
left_child=-1 2 3 5 -5 6 -2 -7
right_child=1 -3 -4 4 -6 7 -8 -9
leaf_value=-0.00047506490252364645 0.14376552252145536 -0.043900274939755402 -0.026001251341891969 -0.031842600696058938 0.069661399967815424 -0.0065114971413203562 0.0090781414286367733 0.084037579868178378
leaf_weight=1633.9541760496386 6.4124043207921186 8.9053011237128867 10.033753016638 14.383298779470353 5.1088634128573167 18.853236420842226 6.1819511137982772 7.0071680993351029
leaf_count=131763 1837 4519 2798 5303 3464 8475 2798 2327
internal_value=-5.03114e-05 0.0089764 0.0159031 0.023159 -0.00523857 0.0375534 0.0776541 0.0180238
internal_weight=1710.84 76.886 67.9807 57.9469 19.4922 38.4548 12.5944 25.8604
internal_count=163284 31521 27002 24204 8767 15437 4635 10802
is_linear=0
shrinkage=0.0750466


Tree=295
num_leaves=9
num_cat=0
split_feature=50 27 58 99 115 58 135 9
split_gain=1.11209 2.91624 4.08339 1.41844 1.31739 1.92333 5.95259 5.38157
threshold=1.0000000180025095e-35 1.0000000180025095e-35 13816.580000000002 2.5000000000000004 -164.97999999999999 232.54500000000004 -348.99999999999994 1934.7000000000003
decision_type=2 2 2 2 8 2 10 2
left_child=3 -2 -3 4 -1 -6 -7 -8
right_child=1 2 -4 -5 5 6 7 -9
leaf_value=-0.017294164515760033 0.0061230154579743267 -0.067511743535451418 0.038668062243975121 0.016180452820378742 -0.0016084946173037914 0.0060816351153160182 -0.048981862446605268 0.011857055978046253
leaf_weight=24.735569169497467 15.605989729971045 9.0176784587738421 2.6361686468644612 30.680204866039276 1109.1821585571452 484.32247454290882 21.704512172804243 13.149571227141676
leaf_count=2224 886 6251 3898 801 59796 83041 4278 2109
internal_value=-5.17363e-05 -0.0150884 -0.0434932 0.000191703 -0.000105036 0.000156075 0.00392595 -0.0260289
internal_weight=1711.03 27.2598 11.6538 1683.77 1653.09 1628.36 519.177 34.8541
internal_count=163284 11035 10149 152249 151448 149224 89428 6387
is_linear=0
shrinkage=0.0750466


Tree=296
num_leaves=9
num_cat=0
split_feature=125 9 140 22 22 140 9 11
split_gain=1.14442 3.94826 4.81112 1.77942 1.74501 7.8192 3.52434 2.9245
threshold=-28173.074999999993 2299.4850000000006 12306.960000000001 3393.0150000000008 239470.10500000001 12306.960000000001 389.19000000000005 318.30500000000006
decision_type=8 2 8 2 2 10 2 2
left_child=1 2 -1 -3 7 6 -6 -2
right_child=4 3 -4 -5 5 -7 -8 -9
leaf_value=0.056455379892307457 -0.0009766571745672577 -0.068086865406976033 -0.027578656294837297 -0.016301159843376649 0.027786717611970102 -0.06872117593925807 -0.018306677527291051 0.0069147891953677855
leaf_weight=7.283220173396332 1299.8233537419401 7.4086101426728401 8.1092965958323457 7.5404327323140024 17.112501448114926 11.230038439780399 20.575646131660505 332.04866446796677
leaf_count=1815 48066 1358 3618 3679 4863 12053 7774 80058
internal_value=-5.03536e-05 -0.0144954 0.0121834 -0.0419657 0.000210408 -0.0137559 0.00262227 0.000629072
internal_weight=1711.13 30.3416 15.3925 14.949 1680.79 48.9182 37.6881 1631.87
internal_count=163284 10470 5433 5037 152814 24690 12637 128124
is_linear=0
shrinkage=0.0750466


Tree=297
num_leaves=9
num_cat=0
split_feature=73 149 85 56 72 74 95 74
split_gain=1.12095 6.40557 6.46699 8.52363 4.239 12.3697 6.08757 6.02851
threshold=9.5000000000000018 352.50000000000006 70419.000000000015 70.440000000000012 1708.4500000000003 1068.0300000000002 1.0000000180025095e-35 744.69000000000017
decision_type=2 10 2 2 2 2 2 2
left_child=-1 -2 4 -4 5 6 7 -3
right_child=1 2 3 -5 -6 -7 -8 -9
leaf_value=0.00064018811258285198 -0.057520896045995459 -0.027560813696853075 0.14781469915559153 -0.01393034065943247 0.0046387919831017759 -0.057897214111915722 0.056699493684253713 0.052029396209172393
leaf_weight=1515.7511597586554 12.434119363166245 24.038060171278634 3.6797688527467463 3.6600800696442093 106.69291108684411 27.8206441156035 10.339833797137542 6.8978923617032697
leaf_count=104268 1862 10130 2093 3981 15810 17758 2130 5252
internal_value=-4.97171e-05 -0.00539696 -0.00185785 0.0671591 -0.00473956 -0.0192208 0.00684779 -0.00981432
internal_weight=1711.31 195.563 183.129 7.33985 175.789 69.0964 41.2758 30.936
internal_count=163284 59016 57154 6074 51080 35270 17512 15382
is_linear=0
shrinkage=0.0750466


Tree=298
num_leaves=9
num_cat=0
split_feature=39 81 134 18 39 140 149 72
split_gain=1.1763 3.38324 8.68228 3.78557 3.59344 3.15245 2.23882 2.20028
threshold=25863.355000000003 1920.7850000000001 720815.33500000008 15722.845000000003 146848.72000000003 1.0000000180025095e-35 4894.5000000000009 2506.0200000000004
decision_type=2 2 8 2 2 10 10 2
left_child=7 3 4 -2 -3 -6 -7 -1
right_child=1 2 -4 -5 5 6 -8 -9
leaf_value=0.00099277272643035559 -0.0046442815256185106 -0.057073314481666047 0.088035559976954669 -0.06318280432475748 -0.045517892851422791 0.0027738698100793916 0.071803066316336386 -0.0105933738069894
leaf_weight=1558.0523851265752 13.74102696821865 7.4499420873635307 5.8693700686690127 11.369716059056371 4.7882736562605741 7.6011743835751968 4.0592989535434754 98.126820659126679
leaf_count=137518 890 2895 2860 4211 1385 4317 2316 6892
internal_value=-5.18784e-05 -0.0108615 0.00625244 -0.0311495 -0.013833 0.00575136 0.0268046 0.000306306
internal_weight=1711.06 54.8788 29.7681 25.1107 23.8987 16.4487 11.6605 1656.18
internal_count=163284 18874 13773 5101 10913 8018 6633 144410
is_linear=0
shrinkage=0.0750466


Tree=299
num_leaves=9
num_cat=0
split_feature=8 125 0 147 147 74 74 39
split_gain=1.23121 4.26861 3.18064 3.45739 2.85012 3.93878 2.40948 2.08288
threshold=-1.0000000180025095e-35 -8696.0399999999991 52138181.000000007 -12321.749999999998 -19379.904999999995 659.20500000000015 -1.0000000180025095e-35 11730.585000000001
decision_type=2 8 2 8 10 2 2 2
left_child=1 -1 3 4 5 -3 -2 -8
right_child=6 2 -4 -5 -6 -7 7 -9
leaf_value=-0.02279633541044114 -0.019843383294812635 0.036512240997855099 -0.0053799872611762743 0.025250440379244749 -0.024012997666158362 -0.0044284160391929485 0.00013373377738388288 -0.016107914498893563
leaf_weight=27.895123412012254 36.779381179196207 21.074761155563465 66.096641462732805 78.895535199018923 17.283492837857921 35.575926839877866 1381.3674472957737 45.949005194043821
leaf_count=8309 2900 4158 6595 4410 2298 7514 111301 15799
internal_value=-5.12473e-05 0.00485191 0.00837479 0.0143235 0.00266336 0.010802 -0.000877835 -0.000389127
internal_weight=1710.92 246.821 218.926 152.83 73.9342 56.6507 1464.1 1427.32
internal_count=163284 33284 24975 18380 13970 11672 130000 127100
is_linear=0
shrinkage=0.0750466


Tree=300
num_leaves=9
num_cat=0
split_feature=8 137 112 137 135 112 137 67
split_gain=1.1759 3.02529 2.65031 2.57095 1.65571 1.58435 4.39714 1.77021
threshold=-8804.7999999999975 31032.320000000003 360218.03500000009 13570.625000000002 -624.49999999999989 41172.30000000001 2950.8750000000005 1.0000000180025095e-35
decision_type=2 8 8 10 8 8 8 2
left_child=1 3 -3 -1 -4 6 -2 -7
right_child=5 2 4 -5 -6 7 -8 -9
leaf_value=0.0033128260623410521 0.025769268781382897 -0.027194841089279519 -0.012611759385963994 0.03720186374862057 0.020849650761208004 -0.0014436179464576337 -0.0093921309279985706 0.017578114786224893
leaf_weight=24.339956584117317 43.81665675296972 19.061657105736231 13.779067002087684 26.156279556995287 21.05350581941093 1497.4240795795886 36.8995471619819 28.070634366629747
leaf_count=2021 1551 4351 4270 4353 1648 132972 4470 7648
internal_value=-4.98211e-05 0.0076683 -0.00469807 0.0208668 0.00761299 -0.000551435 0.00969518 -0.0010936
internal_weight=1710.6 104.39 53.8942 50.4962 34.8326 1606.21 80.7162 1525.49
internal_count=163284 16643 10269 6374 5918 146641 6021 140620
is_linear=0
shrinkage=0.0750466


Tree=301
num_leaves=9
num_cat=0
split_feature=33 151 13 113 140 151 71 52
split_gain=1.18574 4.04952 1.45014 1.74326 2.66011 1.94547 1.63363 11.172
threshold=115002.37000000001 1.0000000180025095e-35 1.5000000000000002 -2054.4999999999995 953.55500000000018 4.5000000000000009 1.0000000180025095e-35 1.0000000180025095e-35
decision_type=2 10 2 8 8 8 2 2
left_child=2 -2 3 4 -1 -6 7 -5
right_child=1 -3 -4 6 5 -7 -8 -9
leaf_value=0.016079090920973697 -0.001245735608419005 -0.064885891391515654 -0.016144451267206473 0.010817163126895034 -0.041504116411007652 -0.010074893583622929 -0.00052150804660109783 -0.017172452949906727
leaf_weight=16.135119564209162 29.319508480837612 6.9698908768668835 29.86979968578089 370.69848543827356 15.125313145876133 41.599285509393667 1098.2524637112474 102.52966404170093
leaf_count=2111 4062 10350 805 19783 2940 5669 48931 68633
internal_value=-4.79181e-05 -0.0134687 0.000242985 0.000540666 -0.0108075 -0.0184553 0.00106681 0.00475293
internal_weight=1710.5 36.2894 1674.21 1644.34 72.8597 56.7246 1571.48 473.228
internal_count=163284 14412 148872 148067 10720 8609 137347 88416
is_linear=0
shrinkage=0.0750466


Tree=302
num_leaves=9
num_cat=0
split_feature=82 138 31 16 138 140 138 72
split_gain=1.19505 4.27599 3.95645 3.54956 1.83769 4.9365 1.64697 4.96695
threshold=6.5000000000000009 70187.215000000011 11362.030000000001 -1.0000000180025095e-35 26813.160000000003 3519.0050000000006 97358.630000000019 1774.0450000000003
decision_type=2 8 2 2 10 10 10 2
left_child=6 2 4 -3 5 -2 -1 -8
right_child=1 3 -4 -5 -6 -7 7 -9
leaf_value=0.00067026488840523149 -0.052436004626828715 0.053899076276306732 0.034341608204868319 -0.019799906145426358 -0.066307149608064275 0.017219802483172366 0.0073473762027438834 -0.047444591705691583
leaf_weight=1619.160992301875 14.332541485482585 8.6472072875803843 5.4292046616355938 6.4080234849088802 7.9181358842888576 9.5470663252399373 22.824460701297539 15.746114526844393
leaf_count=130393 3844 2639 2989 3366 5242 3490 8004 3317
internal_value=-4.715e-05 -0.0112185 -0.024867 0.0225303 -0.0349764 -0.0245876 0.000305175 -0.015021
internal_weight=1710.01 52.2822 37.2269 15.0552 31.7977 23.8796 1657.73 38.5706
internal_count=163284 21570 15565 6005 12576 7334 141714 11321
is_linear=0
shrinkage=0.0750466


Tree=303
num_leaves=9
num_cat=0
split_feature=33 33 33 33 39 74 113 72
split_gain=1.0639 2.65418 1.58362 2.2854 1.00009 1.76518 1.84569 1.24739
threshold=175039.38000000003 453889.19500000007 300519.73500000004 225465.98000000004 313319.83000000002 1790.595 -713.99999999999989 -1.0000000180025095e-35
decision_type=2 2 2 2 2 2 10 2
left_child=4 2 3 -2 7 6 -6 -1
right_child=1 -3 -4 -5 5 -7 -8 -9
leaf_value=-0.01078646802658923 -0.049548667835860052 0.021837533004870464 -0.064155336240456107 0.018643843179103607 -0.045345844171452092 0.012776739777026251 0.0045407998298995084 0.00079102147945451075
leaf_weight=54.182982115555205 5.5547576436365542 7.3815547098120069 5.7352723917192625 5.5169775340100387 11.723412759989516 9.1867988555713946 6.4887218516232705 1603.984109946734
leaf_count=4045 2402 2402 2402 2402 4024 2879 3950 138778
internal_value=-4.65274e-05 -0.0156738 -0.0321486 -0.0155688 0.00017773 -0.0140431 -0.0275719 0.00041271
internal_weight=1709.75 24.1886 16.807 11.0717 1685.57 27.3989 18.2121 1658.17
internal_count=163284 9608 7206 4804 153676 10853 7974 142823
is_linear=0
shrinkage=0.0750466


Tree=304
num_leaves=9
num_cat=0
split_feature=109 64 18 64 64 33 33 150
split_gain=1.1335 4.37987 7.35823 4.24085 3.78155 3.08431 5.89181 2.789
threshold=1.0000000180025095e-35 1745.0100000000002 11352.675000000001 13076.395000000002 34151.395000000011 4895.2500000000009 27559.105000000007 8303.6200000000008
decision_type=2 2 2 2 2 2 2 8
left_child=1 5 -3 7 -5 -1 -7 -4
right_child=-2 2 3 4 -6 6 -8 -9
leaf_value=-0.00174303050442808 0.0020797993170303068 -0.048810912158846816 0.065568146977254993 -0.061283864163303094 0.017314541036712743 0.041206648624674436 -0.0044656184986365021 0.001000093612654931
leaf_weight=813.00764491509108 774.05588301821172 28.652267711227978 7.3294063418252353 7.4904962968339515 6.3871956130697072 28.007974671490956 36.820434258128444 7.7532467418677697
leaf_count=25050 117389 2573 2119 3316 3235 1119 5146 3337
internal_value=-4.45722e-05 -0.00180243 -0.0218471 0.00482986 -0.025109 -0.000486889 0.0152663 0.0323769
internal_weight=1709.5 935.449 57.6126 28.9603 13.8777 877.836 64.8284 15.0827
internal_count=163284 45895 14580 12007 6551 31315 6265 5456
is_linear=0
shrinkage=0.0750466


Tree=305
num_leaves=9
num_cat=0
split_feature=25 16 16 74 134 115 113 113
split_gain=1.15336 6.42757 8.57035 8.99124 7.47244 5.98118 8.89605 8.56694
threshold=1.0000000180025095e-35 -176.96999999999997 -1.0000000180025095e-35 1660.8950000000002 93605.400000000009 22079.930000000004 -624.49999999999989 -624.49999999999989
decision_type=2 2 2 2 10 10 10 8
left_child=-1 -2 3 4 -3 7 -7 -4
right_child=1 2 5 -5 -6 6 -8 -9
leaf_value=-0.0011582383132762541 -0.0080011307613983475 0.052399000679114474 0.01524980045889078 0.068097935509413593 -0.030987573493611021 -0.0026938421079281795 0.14609179116907373 -0.01668215737901144
leaf_weight=1288.9578190634511 168.14739065659705 10.736839589866578 106.75519085919586 27.01892925678294 13.872532850011337 5.1164837226770032 4.0585805327182225 84.991419640993627
leaf_count=48497 40013 1829 34564 2417 3568 2892 2760 26744
internal_value=-4.46495e-05 0.00336723 0.0109363 0.0382088 0.00539321 0.00392838 0.0631213 0.001096
internal_weight=1709.66 420.697 252.55 51.6283 24.6094 200.922 9.17506 191.747
internal_count=163284 114787 74774 7814 5397 66960 5652 61308
is_linear=0
shrinkage=0.0750466


Tree=306
num_leaves=9
num_cat=0
split_feature=10 151 135 10 121 85 5 5
split_gain=1.19271 4.40483 4.62959 6.22765 5.22843 4.56381 4.29642 6.24349
threshold=1.0000000180025095e-35 1.5000000000000002 -683.49999999999989 -1667.6399999999996 36429.450000000004 27037.650000000005 41.500000000000007 61.500000000000007
decision_type=2 10 10 2 8 2 2 2
left_child=1 -1 4 -4 -3 -6 -5 -8
right_child=-2 2 3 6 5 -7 7 -9
leaf_value=-0.0074083993926152437 0.001906656540921264 -0.0063610251601859099 0.020887356860693231 -0.059973474854464075 0.016574869552734951 -0.024854807241880401 0.0095715937269845331 -0.050842348154648866
leaf_weight=427.26567973787314 867.05455206254919 107.96955865597192 21.957590262401027 15.430111527148254 213.29765398946256 16.105717755144724 25.241072689133944 15.581369572055335
leaf_count=32483 39768 34237 9114 2538 27518 10638 4466 2522
internal_value=-4.75219e-05 -0.00205782 0.00344317 -0.013008 0.00725689 0.0136662 -0.0262387 -0.0134876
internal_weight=1709.9 842.849 415.583 78.2101 337.373 229.403 56.2526 40.8224
internal_count=163284 123516 91033 18640 72393 38156 9526 6988
is_linear=0
shrinkage=0.0750466


Tree=307
num_leaves=9
num_cat=0
split_feature=10 83 10 20 118 149 149 83
split_gain=1.13848 3.02068 2.96356 3.65263 3.07204 4.11322 3.81174 1.88267
threshold=-3005.3049999999998 92470.055000000008 -8004.0899999999992 3581.3600000000001 927.0150000000001 1894.5000000000002 3839.0000000000005 37776.215000000004
decision_type=2 2 2 2 10 10 10 2
left_child=1 2 -1 4 5 -4 -7 -2
right_child=7 -3 3 -5 -6 6 -8 -9
leaf_value=0.030185094969561635 -0.00034285739979389803 -0.055749893284268631 -0.018937690174366296 -0.053527826230256481 -0.037693292859098275 0.059018502438219635 -0.0043933373792927992 0.0093724480577067736
leaf_weight=11.789829424551497 1508.4747892079395 7.0369576413249879 18.792596351402608 9.554898361251615 11.237467933338847 11.339788898887493 10.088516880201494 121.37600844746976
leaf_count=3581 105502 5927 2549 5653 3884 2205 2793 31190
internal_value=-4.7972e-05 -0.00879779 -0.00425952 -0.0109154 -0.00300302 0.00668923 0.029164 0.000380647
internal_weight=1709.69 79.8401 72.8031 61.0133 51.4584 40.2209 21.4283 1629.85
internal_count=163284 26592 20665 17084 11431 7547 4998 136692
is_linear=0
shrinkage=0.0750466


Tree=308
num_leaves=9
num_cat=0
split_feature=148 18 131 142 149 22 116 18
split_gain=1.08912 9.57871 6.78793 1.49739 7.68947 9.61235 3.16634 2.04161
threshold=5.9250000000000007 3102.7650000000003 181.81500000000003 1245067.9450000001 2555.5000000000005 1417.5900000000004 1.0000000180025095e-35 7623.4400000000005
decision_type=10 2 8 10 10 2 8 2
left_child=3 -2 -3 7 -5 -6 -7 -1
right_child=1 2 -4 4 5 6 -8 -9
leaf_value=-0.0013469082135114758 0.07983587609732222 -0.044564596396196962 0.044808638501961595 -0.062973084763896139 0.052526603312218721 -0.0032736944666998283 -0.06753291043373863 0.0050333224016925523
leaf_weight=1272.3960595675762 8.8153139851274336 13.699419190419578 7.3561015509403651 12.798029671673246 13.951378944051614 10.064337900782446 7.5646923191097839 363.06052092307618
leaf_count=46204 552 3982 3252 1230 848 2819 3627 100770
internal_value=-4.70491e-05 0.0141572 -0.0133405 -0.000299628 -0.0139015 0.00598489 -0.0308476 6.94607e-05
internal_weight=1709.71 29.8708 21.0555 1679.84 44.3784 31.5804 17.629 1635.46
internal_count=163284 7786 7234 155498 8524 7294 6446 146974
is_linear=0
shrinkage=0.0750466


Tree=309
num_leaves=9
num_cat=0
split_feature=63 146 151 22 73 22 73 84
split_gain=1.0573 3.54447 3.5822 2.95388 2.71047 6.0322 4.3563 3.13127
threshold=4.5000000000000009 1.0000000180025095e-35 16.500000000000004 6061.1650000000009 11.500000000000002 78916.440000000017 8.5000000000000018 1.5000000000000002
decision_type=2 10 8 2 2 2 2 2
left_child=-1 2 4 -4 6 -6 7 -2
right_child=1 -3 3 -5 5 -7 -8 -9
leaf_value=-0.00045379074039163806 0.04412905531599904 -0.043228592886685721 0.02413224615438524 -0.037882480115829738 0.087995244215868088 -0.014945825619859226 -0.027796176138189202 -0.013594333252979334
leaf_weight=1632.8178860218841 20.172375388219738 6.7959978205008147 6.8873519288899869 11.630885859722182 9.1101615640400251 4.9468167513950894 10.544146961133263 7.1753292872363081
leaf_count=131763 5330 3012 849 5224 3165 4202 4715 5024
internal_value=-4.78719e-05 0.0085305 0.0135223 -0.0148178 0.0236247 0.0517691 0.0131838 0.0289839
internal_weight=1710.08 77.2631 70.4671 18.5182 51.9488 14.057 37.8919 27.3477
internal_count=163284 31521 28509 6073 22436 7367 15069 10354
is_linear=0
shrinkage=0.0750466


Tree=310
num_leaves=9
num_cat=0
split_feature=146 127 28 5 112 134 127 8
split_gain=1.07269 4.67993 3.34436 3.18057 1.85275 4.72718 7.74137 7.17258
threshold=1.0000000180025095e-35 3462.5000000000005 11777.855000000001 49.500000000000007 933800.96000000008 1076107.5600000003 2528.5000000000005 2732.7600000000007
decision_type=10 10 2 2 10 8 10 2
left_child=4 2 -2 -4 -1 7 -7 -6
right_child=1 -3 3 -5 5 6 -8 -9
leaf_value=-0.0010316968548806122 0.032624362252214219 -0.020086601211361479 -0.02340401279514695 0.021658370800397363 -0.0031367785139154772 -0.051034615181074765 0.019929501769701957 0.075662389224766716
leaf_weight=1546.9955877825068 38.018330404931476 25.618577990228005 16.576015825692593 18.856438646595052 12.888053147667963 13.30451578000884 24.78818584601504 13.137102064761164
leaf_count=136726 2148 5326 3495 2456 2946 1530 6401 2256
internal_value=-4.75151e-05 0.00753198 0.0171649 0.00057728 -0.000513587 0.011987 -0.00485591 0.0366398
internal_weight=1710.18 99.0694 73.4508 35.4325 1611.11 64.1179 38.0927 26.0252
internal_count=163284 13425 8099 5951 149859 13133 7931 5202
is_linear=0
shrinkage=0.0750466


Tree=311
num_leaves=9
num_cat=0
split_feature=6 23 27 6 137 16 83 138
split_gain=1.09959 3.94118 5.2649 1.46563 4.68896 3.04601 3.34615 2.83801
threshold=289.50000000000006 1.5000000000000002 2.5000000000000004 227.50000000000003 7430.2150000000011 -7736.8999999999987 3873.2450000000003 54590.010000000002
decision_type=2 2 2 2 8 2 2 8
left_child=3 -2 -3 -1 -5 -6 -7 -8
right_child=1 2 -4 4 5 6 7 -9
leaf_value=0.00013805209325480684 -0.011568220846704166 0.045703018031144654 -0.0088347619366574634 0.0081230618367278407 0.0088136056058902932 -0.046954016524419724 0.02494411987354319 -0.047658494486572743
leaf_weight=1534.4628064050758 30.269273708917353 25.075596657392452 16.548001127910538 48.024623372133647 12.482282700764697 30.294733829307006 8.3118885354597314 4.773859505138712
leaf_count=138428 4290 756 5102 3017 717 4532 3832 2610
internal_value=-4.73698e-05 0.00903666 0.0240208 -0.000445988 -0.00907252 -0.0238554 -0.0332555 -0.0015423
internal_weight=1710.24 71.8929 41.6236 1638.35 103.887 55.8628 43.3805 13.0857
internal_count=163284 10148 5858 153136 14708 11691 10974 6442
is_linear=0
shrinkage=0.0750466


Tree=312
num_leaves=9
num_cat=0
split_feature=83 115 58 83 18 115 83 145
split_gain=1.08904 5.94444 5.41836 2.63783 5.91045 5.58335 2.18228 5.55118
threshold=175657.12500000003 12352.975000000002 2721.1550000000007 92470.055000000008 18220.110000000004 713.80000000000007 53371.560000000005 5.5000000000000009
decision_type=2 8 2 2 2 8 2 10
left_child=3 2 -2 6 -5 -6 -1 -8
right_child=1 -3 -4 4 5 -7 7 -9
leaf_value=-0.00034610900267337225 0.0085013769341658434 -0.036308702383510978 0.093411764651555304 -0.058238568871095922 0.047117013990478414 -0.042879440256614665 0.03029369933719063 -0.032961010925500661
leaf_weight=1607.6374275937342 11.756554966266778 8.6741522323191038 6.6136651010338019 13.864742395369833 9.1235271832374547 6.7584596884553312 35.403013797495078 10.02679665400319
leaf_count=131076 2699 3210 3742 2188 3832 3653 9240 3644
internal_value=-4.62129e-05 0.0148938 0.0390709 -0.000286313 -0.0224357 0.0088197 0.000112262 0.0163328
internal_weight=1709.86 27.0444 18.3702 1682.81 29.7467 15.882 1653.07 45.4298
internal_count=163284 9651 6441 153633 9673 7485 143960 12884
is_linear=0
shrinkage=0.0750466


Tree=313
num_leaves=9
num_cat=0
split_feature=81 112 112 25 105 153 25 129
split_gain=1.03989 9.70076 6.47439 3.9318 4.11367 3.25092 4.0927 6.55991
threshold=133292.36000000002 69676.200000000012 164689.20000000004 47884.670000000006 1.0000000180025095e-35 1.0000000180025095e-35 6442.4250000000011 7.5000000000000009
decision_type=2 8 10 2 2 8 2 8
left_child=-1 -2 -3 4 5 -4 -7 -8
right_child=1 2 3 -5 -6 6 7 -9
leaf_value=0.00034110694402110395 0.07353112324238853 -0.05177062813366945 0.035236642269778989 -0.061518553900430456 0.065079907712105159 -0.04423550577555848 0.093050864196406374 -0.034002166086715961
leaf_weight=1638.1231511474443 7.235238292709254 21.479371613579133 8.8643363727023807 5.358892733139327 5.8410227217718775 13.773842241911554 3.9845626391925153 5.3774914730001919
leaf_count=131988 2838 5981 1108 5427 3902 5422 2892 3726
internal_value=-4.66487e-05 -0.00887921 -0.0180979 -0.00135557 0.00716441 -0.00340694 -0.0182129 0.0200726
internal_weight=1710.04 71.9148 64.6795 43.2001 37.8413 32.0002 23.1359 9.36205
internal_count=163284 31296 28458 22477 17050 13148 12040 6618
is_linear=0
shrinkage=0.0750466


Tree=314
num_leaves=9
num_cat=0
split_feature=5 5 27 4 5 149 5 141
split_gain=1.12711 4.70897 5.38356 3.51079 2.41819 3.90359 2.18186 4.53841
threshold=67.500000000000014 63.500000000000007 2.5000000000000004 1.5000000000000002 76.500000000000014 3839.0000000000005 43.500000000000007 1.7850000000000004
decision_type=2 2 2 2 2 8 2 8
left_child=1 3 -3 6 5 -2 -1 -8
right_child=4 2 -4 -5 -6 -7 7 -9
leaf_value=0.0029644307873019178 0.0039025904941930134 0.028212432736295513 -0.0075365587463375981 -0.022643987346812139 0.0097507387927753177 -0.0219112511671135 0.0036323011572843207 -0.0087803803019861557
leaf_weight=721.50588099378001 58.410129530107952 69.05768945851014 36.141189785721508 39.289863840924227 43.114563957173232 75.819346743051938 310.90857554322247 355.67949892979323
leaf_count=72261 3598 1979 5674 2041 2872 6235 45807 22817
internal_value=-4.76947e-05 0.000607727 0.0159308 -0.000521592 -0.00571176 -0.0106783 0.00010458 -0.00299088
internal_weight=1709.93 1532.58 105.199 1427.38 177.344 134.229 1388.09 666.588
internal_count=163284 150579 7653 142926 12705 9833 140885 68624
is_linear=0
shrinkage=0.0750466


Tree=315
num_leaves=9
num_cat=0
split_feature=82 56 5 5 5 116 5 81
split_gain=1.18406 4.12534 6.22491 5.76909 6.16148 4.57364 2.19738 1.56277
threshold=6.5000000000000009 6037.6250000000009 39.500000000000007 53.500000000000007 43.500000000000007 11379.470000000003 34.500000000000007 133292.36000000002
decision_type=2 2 2 2 2 8 2 2
left_child=7 3 -3 4 5 6 -2 -1
right_child=1 2 -4 -5 -6 -7 -8 -9
leaf_value=0.00072137639484904455 -0.022566441604615416 -0.050081367811776745 0.089583548941612301 -0.077041167949733202 0.041494775956421086 0.015678361668812858 -0.077208138141794058 -0.012405315998302101
leaf_weight=1605.1414771491172 8.1386827259502841 2.8123584023742287 4.9796389517409807 8.1584580579183221 10.425677027120399 9.1583294236079329 8.446835919228759 52.758196978992601
leaf_count=120362 2898 1764 4461 3053 3604 2501 3289 21352
internal_value=-4.64836e-05 -0.0111841 0.0391744 -0.0200362 -0.00717806 -0.0268895 -0.0503949 0.000303655
internal_weight=1710.02 52.12 7.792 44.328 36.1695 25.7438 16.5855 1657.9
internal_count=163284 21570 6225 15345 12292 8688 6187 141714
is_linear=0
shrinkage=0.0750466


Tree=316
num_leaves=9
num_cat=0
split_feature=7 149 17 137 149 127 46 127
split_gain=1.1579 6.40952 3.57988 3.15153 3.07536 8.89796 2.8999 4.45843
threshold=1655.0800000000002 489.50000000000006 3.5000000000000004 -1.0000000180025095e-35 1189.5000000000002 753.50000000000011 1.0000000180025095e-35 1578.5000000000002
decision_type=2 8 2 8 8 8 2 8
left_child=3 -2 4 -1 5 -3 -5 -8
right_child=1 2 -4 6 -6 -7 7 -9
leaf_value=-0.027144566514959553 -0.02084347485029631 -0.0090385805820061109 0.025455785777390258 -0.00022675807437073461 0.00064398718163556125 0.034627531395809832 0.013618272976189649 -0.04157829060940553
leaf_weight=27.333216146216728 65.174771065383538 48.966003964698757 40.157707268159356 751.75904715646357 683.59795253212724 56.73403455587686 12.763849512348314 23.262689546289039
leaf_count=1222 3793 2592 3600 84752 54851 2762 3291 6421
internal_value=-4.6694e-05 0.00181749 0.00359808 -0.00209272 0.00248601 0.014399 -0.00122352 -0.0220227
internal_weight=1709.75 894.63 829.456 815.119 789.298 105.7 787.786 36.0265
internal_count=163284 67598 63805 95686 60205 5354 94464 9712
is_linear=0
shrinkage=0.0750466


Tree=317
num_leaves=9
num_cat=0
split_feature=83 83 138 123 128 32 0 128
split_gain=1.05599 11.4176 7.87081 7.26761 6.25477 7.22796 4.88717 7.95572
threshold=5324.8300000000008 2582.5950000000007 13933.140000000001 19.500000000000004 5692.1350000000011 1.0000000180025095e-35 46112960.000000007 9950.5150000000012
decision_type=2 2 8 10 10 2 2 8
left_child=1 -1 -3 4 5 -2 7 -6
right_child=3 2 -4 -5 6 -7 -8 -9
leaf_value=-0.00031135841419420625 -0.0019053830067636108 0.069554425053738961 0.0017828741007294684 -0.058009604097287268 0.1277313874048725 -0.051760585628223277 -0.019151573705625646 0.023071212752313171
leaf_weight=1346.7778680636457 263.0853641683625 22.625855366433825 16.830580490466673 13.40469168435993 5.5143884917424666 17.465073844732615 7.8499169941114806 15.841786751063413
leaf_count=72275 53497 2186 4353 3847 2645 13117 3167 8197
internal_value=-4.61951e-05 0.000854404 0.0406457 -0.00390941 -0.00156823 -0.00500901 0.0314835 0.0500956
internal_weight=1709.4 1386.23 39.4564 323.161 309.757 280.55 29.2061 21.3562
internal_count=163284 78814 6539 84470 80623 66614 14009 10842
is_linear=0
shrinkage=0.0750466


Tree=318
num_leaves=9
num_cat=0
split_feature=22 99 32 138 71 5 135 109
split_gain=1.03502 4.74983 4.00388 8.08867 12.2728 6.07909 4.09218 3.1982
threshold=319.2050000000001 1.0000000180025095e-35 1.0000000180025095e-35 12094.745000000001 1.0000000180025095e-35 47.500000000000007 -989.49999999999989 1.0000000180025095e-35
decision_type=2 2 2 10 2 2 10 2
left_child=1 7 -2 4 5 -4 -5 -1
right_child=2 -3 3 6 -6 -7 -8 -9
leaf_value=-0.0030728681360229302 -0.0039074778795809093 0.021822839375859777 -0.056352495883562954 -0.065504511874518015 0.08814928834336784 0.041999295191230523 0.025172693295426336 0.0057709950946620101
leaf_weight=629.06085411776985 615.19458224105983 60.50697179990857 7.3319257641178428 7.5275813718135378 15.23434915459802 6.8427522001802572 4.4659123674937291 363.29224567158963
leaf_count=13208 102115 1317 3133 9870 1510 1614 5391 25126
internal_value=-4.88135e-05 0.00140947 -0.00238718 0.0202027 0.0413858 -0.00887368 -0.0317398 0.000164797
internal_weight=1709.46 1052.86 656.597 41.4025 29.409 14.1747 11.9935 992.353
internal_count=163284 39651 123633 21518 6257 4747 15261 38334
is_linear=0
shrinkage=0.0750466


Tree=319
num_leaves=9
num_cat=0
split_feature=101 109 8 82 80 148 118 115
split_gain=1.20445 2.53884 1.72997 1.48519 3.92412 2.74764 2.16351 5.51119
threshold=1.0000000180025095e-35 1.0000000180025095e-35 12961.865000000002 6.5000000000000009 1.5000000000000002 18.98 9950.5150000000012 6092.5500000000011
decision_type=2 2 2 2 2 8 8 10
left_child=3 -2 -3 -1 -5 6 7 -6
right_child=1 2 -4 4 5 -7 -8 -9
leaf_value=0.00067239407166661718 -0.034990468523495369 -0.014520184051182243 0.021579589382846077 -0.060738378494857324 -0.03637112791678912 0.029882112988861315 -0.029808137378344528 0.075561284040076851
leaf_weight=1613.8207560422161 17.077074711176465 17.206849696882276 13.220781356498263 7.9948304041899965 5.5894782901395974 10.466443544074535 19.056580685250083 4.4495485623519926
leaf_count=135596 1686 2803 3487 3694 2657 1694 9106 2561
internal_value=-4.96908e-05 -0.0118321 0.00116514 0.000287211 -0.0127838 -0.00309296 -0.0149549 0.0132401
internal_weight=1708.88 47.5047 30.4276 1661.38 47.5569 39.5621 29.0956 10.039
internal_count=163284 7976 6290 155308 19712 16018 14324 5218
is_linear=0
shrinkage=0.0750466


Tree=320
num_leaves=9
num_cat=0
split_feature=11 120 48 5 6 7 16 146
split_gain=1.10949 5.28461 1.44734 5.45198 8.20603 4.6321 4.07593 3.60874
threshold=-1.0000000180025095e-35 211140.00000000003 1.0000000180025095e-35 51.500000000000007 123.50000000000001 1261.8700000000001 -609.50499999999988 1.0000000180025095e-35
decision_type=2 10 2 2 2 2 2 8
left_child=1 -1 -2 5 -5 -4 -7 -6
right_child=2 -3 3 4 7 6 -8 -9
leaf_value=-0.036779734659457469 -0.00036633767810888523 0.013541094155996502 -0.04150997440599636 0.051772662283801826 -0.011568122629064566 -0.01928889775781607 0.034356352583239762 0.033719549081728299
leaf_weight=23.319845552809056 1533.7516514972367 23.698449753903333 18.234967792586758 29.269549357812139 34.508087639180303 17.006485348896604 15.023306983703149 13.901748750540717
leaf_count=2382 137188 3283 4176 2206 7016 1913 3697 1423
internal_value=-4.83169e-05 -0.0114167 0.000273356 0.00794179 0.0204035 -0.0113165 0.00587296 0.00143704
internal_weight=1708.71 47.0183 1661.7 127.944 77.6794 50.2648 32.0298 48.4098
internal_count=163284 5665 157619 20431 10645 9786 5610 8439
is_linear=0
shrinkage=0.0750466


Tree=321
num_leaves=9
num_cat=0
split_feature=146 16 146 120 135 20 137 120
split_gain=0.958728 3.93754 3.74367 1.54572 4.23102 3.84554 5.90649 2.94518
threshold=1.0000000180025095e-35 -354.2999999999999 11715.525000000003 588362.69500000007 -927.99999999999989 1646.6400000000001 11960.225000000002 253368.00000000003
decision_type=10 2 10 10 8 2 10 10
left_child=3 2 -2 7 -5 -6 -7 -1
right_child=1 -3 -4 4 5 6 -8 -9
leaf_value=0.00030244733358059605 0.044363412296606064 -0.0067274722095175543 0.0014699717579041293 0.020159187282324628 -0.021192027834597862 -0.022336023845165233 0.083845053080695439 -0.0088603357351126431
leaf_weight=1260.4266359953017 23.275472700883256 53.480902989838796 22.574507917608571 66.5709532566907 36.227719680859991 6.2133484738296811 5.6185841367478133 234.29394948530626
leaf_count=97176 1113 8721 3591 9939 4711 849 4108 33076
internal_value=-4.80791e-05 0.00710728 0.0232446 -0.000489715 0.00790876 -0.0090602 0.0280858 -0.0011338
internal_weight=1708.68 99.3309 45.85 1609.35 114.631 48.0597 11.8319 1494.72
internal_count=163284 13425 4704 149859 19607 9668 4957 130252
is_linear=0
shrinkage=0.0750466


Tree=322
num_leaves=9
num_cat=0
split_feature=11 28 25 28 138 11 25 28
split_gain=1.01076 2.86219 4.10268 4.44727 7.67726 3.7327 6.19474 3.10902
threshold=180.44000000000003 1395.8750000000002 13149.170000000002 16530.325000000001 19815.575000000004 368.24500000000006 10238.335000000001 13327.210000000001
decision_type=2 2 2 2 10 2 2 2
left_child=-1 5 3 7 -5 -2 -7 -3
right_child=1 2 -4 4 -6 6 -8 -9
leaf_value=-0.001305412166866903 0.024997031558251 -0.0026151976199467368 -0.015834886879053826 0.048671261125207275 0.0043391739684623858 -0.010028306598664247 0.0338672356196053 -0.034347688551449596
leaf_weight=1158.2786182313848 64.613004328952229 100.89609070021106 81.375488752466481 25.417313263464166 163.65662249808247 68.752874343990698 24.580464777136513 21.010116293349711
leaf_count=34577 3777 12998 55827 3343 38976 4575 5624 3587
internal_value=-4.72654e-05 0.00260089 -0.000833062 0.00309253 0.0102988 0.0111312 0.00153212 -0.00808418
internal_weight=1708.58 550.302 392.356 310.98 189.074 157.946 93.3333 121.906
internal_count=163284 128707 114731 58904 42319 13976 10199 16585
is_linear=0
shrinkage=0.0750466


Tree=323
num_leaves=9
num_cat=0
split_feature=8 12 73 73 118 147 142 142
split_gain=1.16183 6.62763 4.78577 4.09434 5.29843 6.01732 6.62188 5.27905
threshold=9683.5850000000009 4.5000000000000009 1.0000000180025095e-35 2.5000000000000004 5692.1350000000011 -21440.649999999998 208324.80000000002 119646.00000000001
decision_type=2 2 2 2 8 10 10 8
left_child=3 -2 -3 -1 5 6 7 -5
right_child=1 2 -4 4 -6 -7 -8 -9
leaf_value=-0.0040390634616002839 0.016987563489066704 0.025387579304930043 -0.0056164759484418911 0.021803674873937584 0.010250652652514179 -0.024973099691404373 0.041361540799834166 -0.051584387678875313
leaf_weight=376.5142102529062 91.681311443157028 29.186309607961448 713.8599633616941 10.456378503968155 396.14214623411317 57.415713208849411 21.739674547111463 11.694180653081274
leaf_count=9692 1033 981 89888 2201 42840 8002 5965 2682
internal_value=-4.73616e-05 -0.00204973 -0.00439866 0.00186511 0.00633394 -0.00898182 0.0119374 -0.0169409
internal_weight=1708.69 834.728 743.046 873.962 497.448 101.306 43.8902 22.1506
internal_count=163284 91902 90869 71382 61690 18850 10848 4883
is_linear=0
shrinkage=0.0750466


Tree=324
num_leaves=9
num_cat=0
split_feature=80 16 16 5 128 104 104 5
split_gain=1.09558 4.01213 4.0555 5.42311 5.04515 5.22192 8.13157 9.1795
threshold=2.5000000000000004 1.0000000180025095e-35 -2764.8049999999994 59.500000000000007 7478.380000000001 33371.850000000006 10615.650000000001 40.500000000000007
decision_type=2 2 2 2 10 2 2 2
left_child=-1 2 -2 4 5 6 -4 -8
right_child=1 -3 3 -5 -6 -7 7 -9
leaf_value=-0.0008179404745935813 -0.01482344514221585 -0.028605615451907186 0.011816113521725374 -0.016712538664769155 0.062728253471213108 -0.027827151954687938 0.013067407449409259 0.13225109897747331
leaf_weight=1467.0309581459696 38.104498756820249 18.843925325569217 110.688779203575 30.708035317377835 12.913420665129705 15.200182748385485 7.4276462968409742 7.1363527376215643
leaf_count=106452 8596 5451 18518 7499 5383 6639 2405 2341
internal_value=-4.75483e-05 0.00464159 0.00746142 0.0120745 0.0178385 0.0137112 0.0187522 0.0714674
internal_weight=1708.05 241.023 222.179 184.074 153.366 140.453 125.253 14.564
internal_count=163284 56832 51381 42785 35286 29903 23264 4746
is_linear=0
shrinkage=0.0750466


Tree=325
num_leaves=9
num_cat=0
split_feature=142 24 24 104 125 18 18 141
split_gain=1.04341 3.39648 4.4199 4.56636 3.94317 3.67089 3.65635 4.98031
threshold=154836.00000000003 9.5000000000000018 1.0000000180025095e-35 8269.6500000000015 -1548.9699999999998 1.0000000180025095e-35 252.93500000000003 53.975000000000009
decision_type=10 2 2 2 8 2 2 8
left_child=1 2 5 4 -4 -1 -7 -8
right_child=-2 -3 3 -5 -6 6 7 -9
leaf_value=0.0018566154000921493 0.0020998118327784409 -0.020850569938743815 -0.025857745341456136 0.034173838367165636 0.0095981998026411809 -0.019966406779437701 -0.012703525431107178 0.0087581480925265926
leaf_weight=403.04354654368217 729.36409847124287 49.274911087448345 21.014912900405761 35.788613243144937 110.84175645999858 110.08941303750908 142.64303704328995 106.26007364015823
leaf_count=5355 98973 18922 4783 10075 9697 2133 9769 3577
internal_value=-4.8929e-05 -0.00164983 -0.000632156 0.0104 0.00394734 -0.0030592 -0.00857822 -0.00354125
internal_weight=1708.32 978.956 929.681 167.645 131.857 762.036 358.993 248.903
internal_count=163284 64311 45389 24555 14480 20834 15479 13346
is_linear=0
shrinkage=0.0750466


Tree=326
num_leaves=9
num_cat=0
split_feature=101 97 72 148 71 123 97 74
split_gain=1.09458 3.2449 1.44877 4.1935 2.41198 2.57689 6.58855 5.7917
threshold=1.0000000180025095e-35 41.500000000000007 2506.0200000000004 1.0000000180025095e-35 1.5000000000000002 12.500000000000002 1.5000000000000002 582.92500000000007
decision_type=2 2 2 8 2 10 2 2
left_child=2 -2 4 -4 5 -1 -7 -8
right_child=1 -3 3 -5 -6 6 7 -9
leaf_value=-0.00025196102142753535 -0.02432177634250016 0.018420260165965509 0.0058546584059310097 -0.02530181839235034 0.022389083128468011 0.043551294910004576 0.037321619001361772 -0.021878132433699179
leaf_weight=1463.9062562240279 32.86531865662073 14.3806977656277 52.489657989010084 45.35098626238323 28.681088086666932 27.011446918735601 13.460884780608465 30.163902604814211
leaf_count=138366 3799 4177 5419 1652 1079 1370 2091 5331
internal_value=-4.82749e-05 -0.011312 0.000272102 -0.00858696 0.000826581 0.000423571 0.0144237 -0.00361143
internal_weight=1708.31 47.246 1661.06 97.8406 1563.22 1534.54 70.6362 43.6248
internal_count=163284 7976 155308 7071 148237 147158 8792 7422
is_linear=0
shrinkage=0.0750466


Tree=327
num_leaves=9
num_cat=0
split_feature=107 20 123 137 107 7 81 71
split_gain=1.0713 3.55537 6.52233 4.72966 5.0073 5.52151 4.50594 6.64979
threshold=22.500000000000004 1.0000000180025095e-35 19.500000000000004 4483.3200000000006 85.500000000000014 1655.0800000000002 1920.7850000000001 1.0000000180025095e-35
decision_type=2 2 10 8 2 2 2 2
left_child=-1 -2 3 4 -3 -6 -5 -8
right_child=1 2 -4 6 5 -7 7 -9
leaf_value=0.0018394155943772647 -0.0061470274845673916 0.010296994442409651 -0.043149001770812809 -0.016882952394186222 0.088857210893543218 0.015847740187712407 -0.013545493087093647 0.017028613724218475
leaf_weight=850.86920232008561 485.70993807592913 91.411555967570166 16.078485600225576 66.489733395232179 10.719834022500438 12.799830762221971 62.417429972307218 111.87622471934083
leaf_count=13278 62924 5815 4350 14813 2532 2620 38716 18236
internal_value=-4.71879e-05 -0.0019192 0.00360404 0.0057173 0.0182426 0.0491241 -0.000261317 0.00607952
internal_weight=1708.37 857.503 371.793 355.715 114.931 23.5197 240.783 174.294
internal_count=163284 150006 87082 82732 10967 5152 71765 56952
is_linear=0
shrinkage=0.0750466


Tree=328
num_leaves=9
num_cat=0
split_feature=8 0 127 16 115 127 107 16
split_gain=1.0302 2.62444 5.22387 4.11329 5.1063 2.53776 2.14288 3.91059
threshold=-8804.7999999999975 59645539.500000007 510.50000000000006 -4047.3549999999991 1678.7950000000003 3462.5000000000005 22.500000000000004 -3350.2649999999999
decision_type=2 2 8 2 8 8 2 2
left_child=1 2 -1 -4 -5 -6 -2 -8
right_child=6 -3 3 4 5 -7 7 -9
leaf_value=0.050832522146747938 0.0021557919358999936 -0.022610118035569778 -0.02920195278806181 -0.011083471589528741 0.060881165191546224 0.016785944677856164 -0.014560552516398933 -0.00082232145667706887
leaf_weight=15.978076735731518 821.90727378823794 14.388135644670909 16.747415069648923 26.615455640407163 11.925015607495881 19.162918083446129 142.79393380541296 638.38715128200602
leaf_count=2170 12597 1880 2066 4314 3130 3083 19893 114151
internal_value=-4.78603e-05 0.00716025 0.011897 0.00354096 0.013044 0.0337004 -0.000519159 -0.00333357
internal_weight=1707.91 104.817 90.4289 74.4508 57.7034 31.0879 1603.09 781.181
internal_count=163284 16643 14763 12593 10527 6213 146641 134044
is_linear=0
shrinkage=0.0750466


Tree=329
num_leaves=9
num_cat=0
split_feature=10 120 135 5 5 119 10 135
split_gain=1.05082 3.37064 3.70567 2.69627 3.66162 3.47446 3.56427 2.32875
threshold=-3005.3049999999998 154836.00000000003 -1840.4999999999998 63.500000000000007 55.500000000000007 3.5050000000000003 -5498.3249999999989 -1263.4999999999998
decision_type=2 8 8 2 2 8 2 10
left_child=1 -1 -3 4 5 6 -4 -7
right_child=-2 2 3 -5 -6 7 -8 -9
leaf_value=-0.041093462594675598 0.00036421720830184649 0.050036945036859848 0.046556326288150998 -0.048275950587984541 0.044682066503782716 -0.052224096325832588 -0.019839783289567061 -0.004931785204055828
leaf_weight=14.569647973430618 1628.1473994952548 7.0945477770183061 9.4414964211446168 7.864595565462877 8.2494082477314787 12.009782098662983 8.7954589635719493 11.459646829597657
leaf_count=4298 136692 2157 4178 2463 3006 2241 3997 4252
internal_value=-4.71143e-05 -0.00847275 -0.00115129 -0.00743207 -0.00100198 -0.0100382 0.0145343 -0.0291322
internal_weight=1707.63 79.4846 64.9149 57.8204 49.9558 41.7064 18.237 23.4694
internal_count=163284 26592 22294 20137 17674 14668 8175 6493
is_linear=0
shrinkage=0.0750466


Tree=330
num_leaves=9
num_cat=0
split_feature=149 18 56 109 83 127 116 48
split_gain=1.06699 3.95136 7.88658 4.52802 3.88164 3.22109 2.24235 2.7708
threshold=5660.5000000000009 21090.000000000004 3835.8500000000004 1.0000000180025095e-35 18768.025000000005 4553.5000000000009 -1.0000000180025095e-35 1.0000000180025095e-35
decision_type=10 2 2 2 2 8 8 2
left_child=6 5 3 -3 -5 -2 -1 -8
right_child=1 2 -4 4 -6 -7 7 -9
leaf_value=-0.016099437705891947 0.018357008087190291 0.015486500326370665 -0.041471310909265424 0.12306087827809062 0.038549972930952491 -0.010879197279191828 -0.00093053041740411935 0.011586950486609978
leaf_weight=50.689918909187327 32.340764884149394 10.506774292804042 6.6097139204575788 6.395684681550847 5.8704604884569562 61.742375896676094 1426.3712221719497 107.06995848402767
leaf_count=3571 2674 3141 5477 2701 2876 4430 122941 15473
internal_value=-4.61527e-05 0.0066734 0.0306972 0.0516437 0.0826148 -0.000829349 -0.000569869 -5.65183e-05
internal_weight=1707.6 123.466 29.3826 22.7729 12.2661 94.0831 1584.13 1533.44
internal_count=163284 21299 14195 8718 5577 7104 141985 138414
is_linear=0
shrinkage=0.0750466


Tree=331
num_leaves=9
num_cat=0
split_feature=22 18 5 16 142 142 107 27
split_gain=1.14089 4.15311 11.1016 8.10221 7.34672 5.32771 4.58322 4.30344
threshold=319.2050000000001 4482.5900000000011 40.500000000000007 -118.94499999999998 154836.00000000003 238705.50000000003 30.500000000000004 8.5000000000000018
decision_type=2 2 2 2 10 8 2 2
left_child=1 6 4 5 -3 -4 -1 -8
right_child=-2 2 3 -5 -6 -7 7 -9
leaf_value=0.003013680073877941 -0.0024983909247875366 -0.051774112220495418 0.048419332160814468 0.08483210366156696 0.02403105537236587 -0.014692666347943091 -0.016500486945728352 0.0053587856043324743
leaf_weight=748.08873254526407 657.28444513055638 16.064818623657633 15.945410253274533 15.863282098260241 13.049186182232004 14.279187968655604 150.9264634948704 76.399189036390453
leaf_count=9241 123633 2960 3405 1573 2982 2588 7854 9048
internal_value=-4.6127e-05 0.00148805 0.0184813 0.0413988 -0.0177975 0.018603 0.000177921 -0.00915406
internal_weight=1707.9 1050.62 75.2019 46.0879 29.114 30.2246 975.414 227.326
internal_count=163284 39651 13508 7566 5942 5993 26143 16902
is_linear=0
shrinkage=0.0750466


Tree=332
num_leaves=9
num_cat=0
split_feature=64 104 104 64 137 22 137 12
split_gain=1.03863 5.62989 6.20271 6.68351 3.39461 3.61128 2.89962 2.87455
threshold=13076.395000000002 2404.6500000000005 27037.650000000005 25194.515000000003 18877.255000000001 9727.2900000000027 4483.3200000000006 6.5000000000000009
decision_type=2 2 2 2 8 2 10 2
left_child=-1 4 3 -3 5 -2 -7 -6
right_child=1 2 -4 -5 7 6 -8 -9
leaf_value=0.00038716763218304197 -0.034286551340609164 0.11258089441887592 -0.018867387949128268 0.0088589287092050474 -0.010225410686762167 -0.010710932248230991 0.043434035628147988 -0.061225268287718251
leaf_weight=1618.2205939683299 14.818365439266925 6.2977629094875756 11.704352081341311 7.8726464483388554 10.368210664688378 12.506852892402096 10.043779501775132 15.573744375207751
leaf_count=128691 1330 2818 8171 3637 1943 2118 3784 10792
internal_value=-4.73652e-05 -0.0079317 0.0215623 0.0549561 -0.0199857 -0.00550694 0.0134046 -0.0408422
internal_weight=1707.41 89.1857 25.8748 14.1704 63.311 37.369 22.5506 25.942
internal_count=163284 34593 14626 6455 19967 7232 5902 12735
is_linear=0
shrinkage=0.0750466


Tree=333
num_leaves=9
num_cat=0
split_feature=147 18 24 85 11 103 134 137
split_gain=1.1922 6.15732 6.39536 5.76778 5.6605 3.06412 7.72355 2.561
threshold=-31205.244999999999 90728.695000000022 16.500000000000004 35229.000000000007 2810.6050000000005 1.0000000180025095e-35 431161.07000000001 70229.690000000017
decision_type=8 2 2 2 2 2 8 10
left_child=1 3 4 5 -3 -1 -7 -6
right_child=-2 2 -4 -5 7 6 -8 -9
leaf_value=-0.010727814854304296 0.00061436165781628355 0.078331506950231555 0.15995647979137398 -0.067818461281444586 -0.075357160895869885 -0.010179768467982613 0.089497188793727242 0.030627337214113745
leaf_weight=128.99054497719771 1536.1214329149261 4.866241778001493 2.2301115855334492 9.1498481360204078 3.2449817499273195 14.240045855842256 6.3217811843587688 2.1249060457112137
leaf_count=24406 109150 3553 3512 7253 3239 6219 3178 2774
internal_value=-4.7626e-05 -0.00598852 0.0447969 -0.00997777 0.0197074 -0.00643898 0.0204661 -0.0334183
internal_weight=1707.29 171.168 12.4662 158.702 10.2361 149.552 20.5618 5.36989
internal_count=163284 54134 13078 41056 9566 33803 9397 6013
is_linear=0
shrinkage=0.0750466


Tree=334
num_leaves=9
num_cat=0
split_feature=147 104 104 142 81 8 135 25
split_gain=1.0402 4.7623 4.79716 10.0112 13.5386 4.51709 5.35417 6.0885
threshold=-31205.244999999999 39921.000000000007 2404.6500000000005 479067.86000000004 69044.115000000005 29166.560000000001 -624.49999999999989 1.0000000180025095e-35
decision_type=8 2 2 10 2 2 8 2
left_child=1 2 5 -4 -5 6 7 -1
right_child=-2 -3 3 4 -6 -7 -8 -9
leaf_value=-0.022187339292288 0.00056799670396862024 -0.058825661170428992 -0.0089640561448683497 0.19926877023880904 0.0067831281936397876 -0.03589373817302012 0.037674334766939648 0.017327592345987984
leaf_weight=61.920613808662893 1536.7955396563066 8.9731214646603785 14.048520395999732 3.8003568116528168 4.4886702298208547 26.227662157407394 16.867859163315188 34.030024787602088
leaf_count=6358 109150 9100 7392 2212 2834 10721 4018 11499
internal_value=-4.87747e-05 -0.00561269 -0.00265399 0.0296276 0.095034 -0.00783998 -0.00131813 -0.0081729
internal_weight=1707.15 170.357 161.384 22.3375 8.28903 139.046 112.818 95.9506
internal_count=163284 54134 45034 12438 5046 32596 21875 17857
is_linear=0
shrinkage=0.0750466


Tree=335
num_leaves=9
num_cat=0
split_feature=7 125 16 0 8 83 8 7
split_gain=1.12882 4.25471 4.71526 5.96457 3.31157 3.66881 2.2107 6.27087
threshold=5005.1550000000016 -41294.289999999994 -6095.0899999999992 26921913.500000004 62976.255000000012 1407.6450000000002 9683.5850000000009 1261.8700000000001
decision_type=2 10 2 2 2 2 2 2
left_child=6 2 -2 -4 -3 -6 7 -1
right_child=1 4 3 -5 5 -7 -8 -9
leaf_value=-0.0030557242880809503 0.014883719869191804 0.058575968582102476 0.023610635069732336 -0.035423910615148872 -0.029661250188349409 0.047299437634829786 -0.0037012054793716742 0.01006970687456012
leaf_weight=538.54279314864561 52.347745763147032 13.90860365977642 13.678461032088306 32.638678465381417 7.3504863021480542 6.6399319250103872 710.96825851747826 331.00652937934501
leaf_count=60700 1821 3305 4419 6539 1286 3426 71637 10151
internal_value=-5.11353e-05 0.00676849 -0.000548354 -0.0179897 0.0326445 0.00686473 -0.000597234 0.00194066
internal_weight=1707.08 126.564 98.6649 46.3171 27.899 13.9904 1580.52 869.549
internal_count=163284 20796 12779 10958 8017 4712 142488 70851
is_linear=0
shrinkage=0.0750466


Tree=336
num_leaves=9
num_cat=0
split_feature=60 135 20 140 0 6 60 20
split_gain=1.02476 3.4224 3.25042 11.4764 2.43078 5.26992 1.73163 2.06191
threshold=1079.3350000000003 -440.49999999999994 3581.3600000000001 9483.6900000000023 32756022.000000004 189.50000000000003 433.49500000000006 55.415000000000006
decision_type=2 8 2 8 2 2 2 2
left_child=6 2 4 -4 5 -2 7 -1
right_child=1 -3 3 -5 -6 -7 -8 -9
leaf_value=0.001338911836793223 -0.072075021791185995 -0.050920973732622846 0.11766114383428371 -0.037263354072517518 0.0073398978381634533 0.0039738333022500214 0.018458014654613566 -0.0052949376194764107
leaf_weight=1284.5871236947614 9.1817492001409864 9.5295396853343828 5.0208102362721529 5.8081725544329856 19.428544768601569 11.635082176522699 29.064701327919465 332.09437276492372
leaf_count=81563 2205 2507 1623 4037 4358 3312 5410 58269
internal_value=-5.03179e-05 -0.00963414 -0.00193077 0.0345667 -0.0117513 -0.0295693 0.000302602 -2.37957e-05
internal_weight=1706.35 60.6039 51.0744 10.829 40.2454 20.8168 1645.75 1616.68
internal_count=163284 18042 15535 5660 9875 5517 145242 139832
is_linear=0
shrinkage=0.0750466


Tree=337
num_leaves=9
num_cat=0
split_feature=58 8 6 138 112 9 8 112
split_gain=1.09386 9.37027 6.8276 1.63395 6.16823 4.2176 2.36409 2.07084
threshold=26388.150000000005 29166.560000000001 145.50000000000003 97358.630000000019 139352.40000000002 1656.3400000000004 -8804.7999999999975 190026.00000000003
decision_type=2 2 2 10 8 2 2 10
left_child=3 2 -2 6 -5 -6 7 -1
right_child=1 -3 -4 4 5 -7 -8 -9
leaf_value=0.0028117889374491434 -0.0016258682581380742 -0.055672723174641385 0.090865522986918384 0.042891458534900291 0.0068189892395541449 -0.055544058524858546 -0.00064518864006766618 0.02571026867166068
leaf_weight=57.886114604812974 8.9809391391600055 7.3987014184294813 8.9989607255483843 7.6606976990005924 9.4482726453188679 17.274042180872129 1552.3915665440886 36.123787149996133
leaf_count=6757 2010 4968 3342 1239 2903 6179 129435 6451
internal_value=-5.00223e-05 0.0154141 0.0446662 -0.000283519 -0.0164751 -0.0334942 5.46224e-05 0.0116106
internal_weight=1706.16 25.3786 17.9799 1680.78 34.383 26.7223 1646.4 94.0099
internal_count=163284 10320 5352 152964 10321 9082 142643 13208
is_linear=0
shrinkage=0.0750466


Tree=338
num_leaves=9
num_cat=0
split_feature=39 107 38 64 131 12 107 80
split_gain=0.993684 4.2982 4.04725 1.31763 3.89294 3.16537 2.85441 2.54736
threshold=351900.43000000005 116.50000000000001 1.5000000000000002 11572.960000000001 3618.7050000000004 5.5000000000000009 45.500000000000007 9.5000000000000018
decision_type=2 2 2 2 10 2 2 2
left_child=3 -2 -3 -1 5 -5 -7 -8
right_child=1 2 -4 4 -6 6 7 -9
leaf_value=0.00068066769113129741 -0.031498643004925289 0.10435859976614638 -0.021915253230643549 0.027792535056180651 0.046626780128838231 0.018085109815812728 -0.028795643548086967 0.019015288727513263
leaf_weight=1587.9201704579073 19.61108154864451 2.9151098310749139 2.8051410141906672 9.6197387192514707 6.6929047850971974 10.696656076266661 58.961824277836513 7.0238787614712228
leaf_count=119080 4831 2582 2773 798 3746 806 25674 2994
internal_value=-5.01346e-05 -0.0148031 0.0424354 0.000172191 -0.00851021 -0.0127862 -0.0178768 -0.0237064
internal_weight=1706.25 25.3313 5.72025 1680.92 92.995 86.3021 76.6824 65.9857
internal_count=163284 10186 5355 153098 34018 30272 29474 28668
is_linear=0
shrinkage=0.0750466


Tree=339
num_leaves=9
num_cat=0
split_feature=96 56 25 97 135 71 58 25
split_gain=1.16289 4.15241 3.54059 3.4 3.34013 5.32661 4.25016 3.75971
threshold=1.0000000180025095e-35 827.6500000000002 5340.5650000000014 1.0000000180025095e-35 -1901.4999999999998 1.5000000000000002 1545.3650000000002 1525.2650000000001
decision_type=2 2 2 2 8 2 2 2
left_child=1 -1 -3 -2 -5 6 -6 -8
right_child=3 2 -4 4 5 -7 7 -9
leaf_value=-0.00086006232114334248 0.02049175698812656 -0.0096110983380223829 -0.055563217454309734 -0.013799622066715112 0.0051800277133985956 0.036937997166900008 -0.013273754900637359 0.0054914730457030839
leaf_weight=751.51048015769084 51.591170523939581 28.198950038899056 14.198052681654643 81.485873501456808 491.81432912192031 24.050018908188576 170.04166152538437 93.031470535039716
leaf_count=31685 2153 3237 8058 11657 43591 1244 18676 42983
internal_value=-4.91106e-05 -0.00214919 -0.0249997 0.00177901 0.000656985 0.00216931 0.00106162 -0.00663774
internal_weight=1705.92 793.907 42.397 912.015 860.423 778.937 754.887 263.073
internal_count=163284 42980 11295 120304 118151 106494 105250 61659
is_linear=0
shrinkage=0.0750466


Tree=340
num_leaves=9
num_cat=0
split_feature=140 18 138 106 107 73 6 107
split_gain=1.11285 6.14802 6.33854 4.54674 5.96099 5.61137 11.1795 4.95116
threshold=3519.0050000000006 252.93500000000003 6957.295000000001 1208.1900000000003 161.50000000000003 7.5000000000000009 163.50000000000003 182.50000000000003
decision_type=10 2 10 2 2 2 2 2
left_child=-1 -2 -3 7 5 -5 -7 -4
right_child=1 2 3 4 -6 6 -8 -9
leaf_value=-0.0011360874970606897 0.0192106682488799 0.026696851920828237 -0.012633266141268409 -0.0094857898475568872 -0.024578101884184588 0.12432359408994009 -0.02398363499537981 0.025042878071850252
leaf_weight=1290.007445868333 103.18856729093204 38.249764822961879 222.36167901404042 6.7543573675029682 10.293244916924776 8.5998046079093893 4.2909127828716001 21.547895084631818
leaf_count=64421 6782 3378 52981 3572 9570 4387 2463 15730
internal_value=-4.83416e-05 0.00333053 -0.0019199 -0.00591695 0.0216842 0.0459238 0.0749568 -0.00930481
internal_weight=1705.29 415.286 312.098 273.848 29.9383 19.6451 12.8907 243.91
internal_count=163284 98863 92081 88703 19992 10422 6850 68711
is_linear=0
shrinkage=0.0750466


Tree=341
num_leaves=9
num_cat=0
split_feature=103 112 24 103 103 10 24 7
split_gain=1.11398 9.16132 3.9774 3.8577 3.13363 3.62836 6.97308 2.32638
threshold=5.5000000000000009 114015.60000000002 1.5000000000000002 9.5000000000000018 3.5000000000000004 -910.38999999999987 4.5000000000000009 724.37500000000011
decision_type=2 10 2 2 2 2 2 2
left_child=4 3 -3 -2 -1 6 -6 -7
right_child=1 2 -4 -5 5 7 -8 -9
leaf_value=8.4879546731031431e-05 0.065945455769900241 0.021417318992356854 -0.057930211916135566 0.0037808781804625851 0.086046739682886675 -0.076484411548056186 -0.055478335272176188 -0.023451326307252732
leaf_weight=1637.0050942621629 14.575945848084304 5.3356862357031813 10.67839366841781 9.1523799960086745 4.1110992062276663 7.0166078486690848 3.7485681552507231 13.861629649049062
leaf_count=132605 4833 1663 8710 2951 1588 1991 3845 5098
internal_value=-5.01372e-05 0.012367 -0.0314926 0.0419676 -0.000346394 -0.0249132 0.0185482 -0.0412743
internal_weight=1705.49 39.7424 16.0141 23.7283 1665.74 28.7379 7.85967 20.8782
internal_count=163284 18157 10373 7784 145127 12522 5433 7089
is_linear=0
shrinkage=0.0750466


Tree=342
num_leaves=9
num_cat=0
split_feature=72 9 31 58 27 58 106 10
split_gain=1.0325 8.97023 4.88028 7.45201 5.23073 4.78081 6.93203 8.31509
threshold=387.90500000000003 1579.095 3706.1800000000007 4177.2050000000008 3.5000000000000004 5237.2400000000007 2287.3500000000004 -627.07499999999993
decision_type=2 2 2 2 2 2 2 2
left_child=2 -2 3 4 -1 -5 -7 -8
right_child=1 -3 -4 5 -6 6 7 -9
leaf_value=0.0047640465368913509 -0.021556621672299343 0.00086913715597622821 -0.018331256116121894 0.06704841076494758 -0.015062514862014251 0.0098248938988244917 0.019099870355434236 0.1872717906106148
leaf_weight=386.59644420138102 112.03060916477443 972.20751868672687 58.0374516595366 12.987764357828381 92.963997710632611 63.789718181182252 3.95461248436186 2.8486045378813278
leaf_count=26652 6741 43291 30404 3360 29545 17736 3596 1959
internal_value=-5.03662e-05 -0.00144804 0.00238921 0.00452466 0.000920618 0.0252036 0.0175049 0.0895159
internal_weight=1705.42 1084.24 621.179 563.141 479.56 83.5807 70.5929 6.80322
internal_count=163284 50032 113252 82848 56197 26651 23291 5555
is_linear=0
shrinkage=0.0750466


Tree=343
num_leaves=9
num_cat=0
split_feature=101 22 71 83 0 12 83 8
split_gain=0.996336 2.42343 5.0494 4.35122 1.28504 4.0272 2.51654 5.06471
threshold=1.0000000180025095e-35 1.0000000180025095e-35 1.0000000180025095e-35 1407.6450000000002 15842220.000000002 6.5000000000000009 16422.695000000003 14788.655000000001
decision_type=2 2 2 2 2 2 2 2
left_child=4 -2 3 -3 5 -1 -7 -8
right_child=1 2 -4 -5 -6 6 7 -9
leaf_value=0.0068960762092657585 0.016013525299830401 -0.027334991564131859 -0.05123860968950314 0.049124586389856333 0.00084061010066639481 -0.027750677961274135 0.065761128079086406 -0.032598330569627194
leaf_weight=58.987786928046262 13.487182866972942 9.3053932289385575 16.486070329003269 7.6282270037636399 1536.9281914921016 50.62360594166239 5.2481740816237998 6.7282644365777742
leaf_count=2411 894 1257 2088 3737 139976 7361 1613 3947
internal_value=-5.19973e-05 -0.010838 -0.0216744 0.00710838 0.000253056 -0.0071739 -0.020432 0.0105036
internal_weight=1705.42 46.9069 33.4197 16.9336 1658.52 121.588 62.6 11.9764
internal_count=163284 7976 7082 4994 155308 15332 12921 5560
is_linear=0
shrinkage=0.0750466


Tree=344
num_leaves=9
num_cat=0
split_feature=83 127 153 83 18 107 153 83
split_gain=0.943946 6.19802 4.87317 2.18969 5.3895 4.44834 4.02446 1.88726
threshold=175657.12500000003 3001.5000000000005 475.06500000000005 92470.055000000008 18220.110000000004 79.500000000000014 4779.9750000000013 53371.560000000005
decision_type=2 10 10 2 2 2 8 2
left_child=3 2 -2 7 -5 -6 -7 -1
right_child=1 -3 -4 4 5 6 -8 -9
leaf_value=-0.00034651323664595772 0.021625910653515299 0.065973824444936421 -0.056433915479825951 -0.056471039541844903 0.064737949907289857 -0.053928783619505455 0.042580234501079707 0.015084327052385325
leaf_weight=1602.9844061719668 10.868263989650591 8.7225048679238153 7.6920922675608372 13.053077454756933 5.3000147680504588 6.8149285942104116 3.7851202469450991 45.917635835581677
leaf_count=131076 1211 4035 4405 2188 843 3739 2903 12884
internal_value=-5.08925e-05 0.0137961 -0.0107249 -0.000276053 -0.0207355 0.00860139 -0.0194668 8.31956e-05
internal_weight=1705.14 27.2829 18.5604 1677.86 28.9531 15.9001 10.6 1648.9
internal_count=163284 9651 5616 153633 9673 7485 6642 143960
is_linear=0
shrinkage=0.0750466


Tree=345
num_leaves=9
num_cat=0
split_feature=7 112 107 107 24 24 7 18
split_gain=1.0522 3.40676 3.06854 7.21722 4.43548 8.89781 3.43853 2.71472
threshold=5005.1550000000016 114015.60000000002 12.500000000000002 38.500000000000007 1.0000000180025095e-35 13.500000000000002 8314.2500000000018 111286.64000000001
decision_type=2 8 2 2 2 2 2 2
left_child=-1 -2 -3 -4 -5 7 -7 -6
right_child=1 2 3 4 5 6 -8 -9
leaf_value=-0.00057825108420361771 0.039369245680957912 0.017958542477453876 -0.040367412373149891 0.038536617606911433 -0.016543365730406226 0.1149395184623099 0.0098221142369561559 -0.076975195065994234
leaf_weight=1578.6722236981423 15.601816757300183 41.832623410213273 24.647003539947036 18.350973354339658 12.907587490688462 3.5269551767532894 3.4837522725292729 6.1962989531248232
leaf_count=142488 3291 629 1117 3504 3543 2106 2497 4109
internal_value=-5.04495e-05 0.00653387 0.00191635 -0.00779371 0.0102617 -0.00960735 0.0627047 -0.0361443
internal_weight=1705.22 126.547 110.945 69.1126 44.4656 26.1146 7.01071 19.1039
internal_count=163284 20796 17505 16876 15759 12255 4603 7652
is_linear=0
shrinkage=0.0750466


Tree=346
num_leaves=9
num_cat=0
split_feature=11 104 104 151 63 151 107 97
split_gain=1.11912 3.5097 6.10433 5.46138 7.62905 4.30788 7.27995 4.94683
threshold=318.30500000000006 17653.650000000005 2404.6500000000005 37.500000000000007 4.5000000000000009 3.5000000000000004 73.500000000000014 147.50000000000003
decision_type=2 2 2 8 2 8 2 2
left_child=-1 2 -2 4 -4 6 -3 -7
right_child=1 5 3 -5 -6 7 -8 -9
leaf_value=-0.0010974026916413129 0.0027152536954153234 0.068940511835064666 0.0022165698562286638 0.097935087507230137 0.090028294989888569 -0.040189236814791328 -0.024171425761010931 0.04575205945272233
leaf_weight=1314.980918239311 296.76349781002318 8.0406377400795481 24.877475985777892 6.3759517123726246 7.1805402135396426 31.044732407546235 11.48262777237869 4.2938386051955595
leaf_count=50667 63277 2406 10836 1285 3736 19514 8461 3102
internal_value=-5.02566e-05 0.00347992 0.00635987 0.0345014 0.0218851 -0.0141162 0.0141766 -0.0297469
internal_weight=1705.04 390.059 335.197 38.434 32.058 54.8618 19.5233 35.3386
internal_count=163284 112617 79134 15857 14572 33483 10867 22616
is_linear=0
shrinkage=0.0750466


Tree=347
num_leaves=9
num_cat=0
split_feature=103 142 84 103 74 74 112 142
split_gain=1.02711 12.9727 5.83864 2.73832 6.339 3.00864 2.40995 2.3127
threshold=5.5000000000000009 182988.00000000003 9.5000000000000018 3.5000000000000004 513.96500000000015 1939.825 114015.60000000002 586124.29000000015
decision_type=2 10 2 2 2 2 8 8
left_child=3 2 -2 -1 -5 6 -6 -3
right_child=1 7 -4 4 5 -7 -8 -9
leaf_value=6.1520161922713038e-05 0.075261881977230827 -0.062411147930921999 0.0027936497131058054 -0.064204545428123733 0.08158471910348096 -0.030955927401659252 0.0035183609528364429 0.0070607810005834234
leaf_weight=1637.4192978592046 14.507182880464827 10.816485624725825 11.016254940661382 12.213371666312016 3.771398394754212 6.5814957545358075 5.4389742113053225 3.5959556027673907
leaf_count=132605 4254 7138 3668 4869 1712 2200 3741 3097
internal_value=-5.12483e-05 0.0118423 0.0439836 -0.000336449 -0.0236051 0.00779442 0.0354844 -0.0450777
internal_weight=1705.36 39.9359 25.5234 1665.42 28.0052 15.7919 9.21037 14.4124
internal_count=163284 18157 7922 145127 12522 7653 5453 10235
is_linear=0
shrinkage=0.0750466


Tree=348
num_leaves=9
num_cat=0
split_feature=8 18 12 113 131 0 18 129
split_gain=0.922485 4.86149 3.54746 5.45308 3.3679 3.01258 2.9773 2.9603
threshold=-1.0000000180025095e-35 13442.075000000003 5.5000000000000009 -1475.4999999999998 1202.3250000000003 47919824.000000007 1949.6600000000001 3.5000000000000004
decision_type=2 2 2 10 8 2 2 8
left_child=1 2 -1 5 7 -4 -5 -3
right_child=-2 4 3 6 -6 -7 -8 -9
leaf_value=-0.011013528184839239 -0.00077180886903315872 -0.070308255766268785 0.04719399221158304 0.013843985527310877 0.01442193319253075 0.013639098812019877 -0.012052230518364548 -0.017865195277649171
leaf_weight=40.099750627559843 1457.2298111556333 8.2893491631011802 32.761742363541998 62.308844425846473 12.348081010485656 27.90388021767285 41.76362805041208 22.561391817125696
leaf_count=976 130000 3984 2587 3012 5766 2427 6146 8386
internal_value=-5.16833e-05 0.0041791 0.009004 0.0138766 -0.0186994 0.03176 0.003452 -0.0319562
internal_weight=1705.27 248.037 204.838 164.738 43.1988 60.6656 104.072 30.8507
internal_count=163284 33284 15148 14172 18136 5014 9158 12370
is_linear=0
shrinkage=0.0750466


Tree=349
num_leaves=9
num_cat=0
split_feature=7 73 149 73 73 135 73 24
split_gain=1.02304 3.55655 4.308 3.1463 4.42683 4.3142 7.97586 4.15602
threshold=278.72500000000008 1.0000000180025095e-35 489.50000000000006 6.5000000000000009 9.5000000000000018 -927.99999999999989 4.5000000000000009 11.500000000000002
decision_type=2 2 10 2 2 10 2 2
left_child=-1 -2 -3 5 -5 -4 -7 -6
right_child=1 2 3 4 7 6 -8 -9
leaf_value=-0.0031079556945393196 0.021737476792182939 -0.0064707511588438116 0.0040138928991700056 0.019501492903551344 -0.0050904842666640165 0.0017252296363885996 -0.034597618415550244 0.031502734144018656
leaf_weight=452.78235703886048 45.135782764438773 369.39136811887693 414.61983737860464 135.47116701790765 116.84723007867797 98.608937929160675 52.001919536327478 20.554779826161393
leaf_count=54084 1456 14192 24395 19634 26233 4426 5618 13246
internal_value=-5.07186e-05 0.00105437 0.000281238 0.00325715 0.00987496 6.2311e-05 -0.0108161 0.000383712
internal_weight=1705.41 1252.63 1207.5 838.104 272.873 565.231 150.611 137.402
internal_count=163284 109200 107744 93552 59113 34439 10044 39479
is_linear=0
shrinkage=0.0750466


Tree=350
num_leaves=9
num_cat=0
split_feature=148 113 141 128 10 113 113 113
split_gain=0.971792 6.1317 1.94104 7.69551 8.17801 5.36077 4.77866 4.09387
threshold=5.9250000000000007 -624.49999999999989 1.7850000000000004 1577.3950000000002 -627.07499999999993 -593.49999999999989 -713.99999999999989 -1475.4999999999998
decision_type=10 8 10 10 2 10 10 10
left_child=2 -2 -1 5 6 7 -5 -4
right_child=1 -3 3 4 -6 -7 -8 -9
leaf_value=0.00036686271806620163 -0.018409473818430128 0.049540208852418458 -0.031482244003855624 0.04124979393004221 0.086992903604336536 -0.047756520234849428 -0.05305256025699237 0.0097475167949747192
leaf_weight=1571.6941691385091 16.0140982681678 14.03403418193375 22.978528927993466 5.6995027097927959 8.5440810486379615 27.177534723164172 6.4526717368571571 33.103854570248586
leaf_count=129852 3971 3815 4295 2317 2610 6269 3332 6823
internal_value=-5.01606e-05 0.0133265 -0.000290035 -0.0102215 0.0307325 -0.0204017 -0.00882372 -0.00714548
internal_weight=1705.7 30.0481 1675.65 103.956 20.6963 83.2599 12.1522 56.0824
internal_count=163284 7786 155498 25646 8259 17387 5649 11118
is_linear=0
shrinkage=0.0750466


Tree=351
num_leaves=9
num_cat=0
split_feature=125 74 150 146 74 63 112 112
split_gain=1.04232 3.40201 3.63878 1.53538 6.51739 2.28681 4.38546 6.30964
threshold=-28173.074999999993 2305.3550000000005 12306.960000000001 1.0000000180025095e-35 2126.0350000000003 4.5000000000000009 139352.40000000002 431161.07000000001
decision_type=8 2 8 10 2 2 10 10
left_child=1 2 -1 5 -5 -2 -7 -8
right_child=3 -3 -4 4 -6 6 7 -9
leaf_value=0.046575895598417995 -0.00096980904386933804 -0.04035277398672045 -0.025883604674587585 -0.0038651480557991822 0.038131344111857188 -0.0058529846817714929 0.057985396895675466 -0.0085624015265373006
leaf_weight=7.7959002969273588 1511.330307913277 14.317772045174022 7.8171393013781199 65.911154715978228 30.415674191881862 34.209507920206306 20.75076726345651 13.083367753533819
leaf_count=1817 114542 5050 3603 8503 3591 9739 8005 8434
internal_value=-5.08172e-05 -0.013932 0.0102969 0.000197124 0.00939545 -0.000363887 0.0130944 0.0322519
internal_weight=1705.63 29.9308 15.613 1675.7 96.3268 1579.37 68.0436 33.8341
internal_count=163284 10470 5420 152814 12094 140720 26178 16439
is_linear=0
shrinkage=0.0750466


Tree=352
num_leaves=9
num_cat=0
split_feature=63 5 81 127 81 0 6 10
split_gain=2.09999 7.2826 5.69782 1.50715 1.42967 4.64516 5.12519 6.90543
threshold=8.5000000000000018 47.500000000000007 42044.910000000011 2528.5000000000005 15997.960000000001 59645539.500000007 61.500000000000007 -1.0000000180025095e-35
decision_type=2 2 2 8 2 2 2 2
left_child=4 3 -3 -2 -1 6 7 -6
right_child=1 2 -4 -5 5 -7 -8 -9
leaf_value=0.00086417680171588089 0.098742040350873153 0.043354145727311416 -0.056488717823788448 0.041024201008209436 -0.0052459602721412115 -0.027036439187473272 -0.0061847124426667602 0.039373877768671822
leaf_weight=1280.8120992000613 5.1055948966641163 5.5557143388177774 7.6540694488821828 5.08641032176729 41.958775735565723 44.830995913574043 278.23490192358213 36.550726772413327
leaf_count=65860 2092 2046 4532 2582 8799 8622 64963 3788
internal_value=-5.02395e-05 0.022276 -0.0144972 0.0699374 -0.000360794 -0.0042678 -0.00140653 0.0155272
internal_weight=1705.79 23.4018 13.2098 10.192 1682.39 401.575 356.744 78.5095
internal_count=163284 11252 6578 4674 152032 86172 77550 12587
is_linear=0
shrinkage=0.0750466


Tree=353
num_leaves=9
num_cat=0
split_feature=73 123 146 73 0 149 123 81
split_gain=0.993764 5.69833 3.86118 3.0983 5.60803 4.72727 7.02702 5.37881
threshold=9.5000000000000018 19.500000000000004 11715.525000000003 6.5000000000000009 41179171.000000007 4024.5000000000005 5.5000000000000009 29325.005000000001
decision_type=2 8 8 2 2 8 10 2
left_child=3 2 -2 -1 5 7 -7 -5
right_child=1 -3 -4 4 -6 6 -8 -9
leaf_value=-0.00075446459272140868 0.0034597836991692439 -0.035255596290353741 -0.042521045064689067 0.05300753406791834 -0.005861918159595152 0.020725070961899877 -0.032742346429372404 -0.00051291866344842587
leaf_weight=1304.2315447016335 153.36267139167921 29.871030436268939 11.024972378025266 35.310560260095372 83.697391244410028 54.262082348344848 18.585441232078665 15.097412689738119
leaf_count=71929 48836 6224 3956 3820 12534 7730 3704 4551
internal_value=-5.03681e-05 -0.00510305 0.000375991 0.000599141 0.00912966 0.0193098 0.00708404 0.0369779
internal_weight=1705.44 194.259 164.388 1511.18 206.953 123.255 72.8475 50.408
internal_count=163284 59016 52792 104268 32339 19805 11434 8371
is_linear=0
shrinkage=0.0750466


Tree=354
num_leaves=9
num_cat=0
split_feature=63 5 129 72 24 7 128 149
split_gain=1.73736 5.75684 4.83336 2.73444 1.4249 4.14622 4.87406 3.62602
threshold=8.5000000000000018 47.500000000000007 13.500000000000002 1.0000000180025095e-35 8.5000000000000018 4188.7300000000005 603.7750000000002 2090.5000000000005
decision_type=2 2 8 2 2 2 10 10
left_child=4 3 -3 -2 -1 -6 7 -7
right_child=1 2 -4 -5 5 6 -8 -9
leaf_value=0.00022941907502662193 0.096706561599260735 -0.076529259776467434 0.019606113949169796 0.021465137059414316 -0.015025031802377197 -0.040978518555414296 0.093561384435880732 0.043549429619183899
leaf_weight=1575.9724701696177 5.6210290068938793 4.5029473826725708 8.5152980087332253 5.271363870220739 89.747888564312689 5.7906148779966298 4.417206767665447 5.644027044268114
leaf_count=100464 3639 2954 3624 1035 43284 1767 2695 3822
internal_value=-5.04478e-05 0.0200365 -0.0136466 0.0602935 -0.000336068 -0.00877542 0.0266078 0.000743647
internal_weight=1705.48 23.9106 13.0182 10.8924 1681.57 105.6 15.8518 11.4346
internal_count=163284 11252 6578 4674 152032 51568 8284 5589
is_linear=0
shrinkage=0.0750466


Tree=355
num_leaves=9
num_cat=0
split_feature=64 104 104 64 64 138 151 135
split_gain=1.11212 4.32058 3.89839 4.84363 3.32586 3.92375 9.04878 3.28815
threshold=13076.395000000002 2404.6500000000005 27037.650000000005 25194.515000000003 16914.280000000002 21996.515000000003 1.5000000000000002 -744.49999999999989
decision_type=2 2 2 2 2 8 10 8
left_child=-1 4 3 -3 -2 6 -6 -4
right_child=1 2 7 -5 5 -7 -8 -9
leaf_value=0.00040028943765963213 -0.056077556171230065 0.085669897434948725 -0.045896442477267117 0.0022949713262578894 -0.030382390299964035 -0.035792216184259998 0.052576222509897318 0.039866438976272955
leaf_weight=1616.128642557961 11.219414179742669 7.3097485279759011 7.4479614808165024 8.4731848398077982 16.664670666996251 21.042347935665926 13.327011567000225 3.803531186653343
leaf_count=128691 2834 2818 5856 3637 2608 11097 3428 2315
internal_value=-5.01634e-05 -0.00820345 0.0168478 0.0409094 -0.0190823 -0.0109492 0.00648084 -0.0169046
internal_weight=1705.42 89.2879 27.0344 15.7829 62.2534 51.034 29.9917 11.2515
internal_count=163284 34593 14626 6455 19967 17133 6036 8171
is_linear=0
shrinkage=0.0750466


Tree=356
num_leaves=9
num_cat=0
split_feature=63 64 64 64 120 64 103 57
split_gain=1.48837 9.30412 3.2769 4.0087 5.7541 3.13851 2.948 1.92513
threshold=8.5000000000000018 25194.515000000003 13076.395000000002 29265.620000000006 182988.00000000003 61845.390000000007 1.5000000000000002 6.5000000000000009
decision_type=2 2 2 2 8 2 2 2
left_child=2 -2 7 6 -5 -6 -4 -1
right_child=1 -3 3 4 5 -7 -8 -9
leaf_value=-5.8499941573474886e-05 0.075047966549615319 -0.019659696070311119 -0.043332578720612996 0.056552470518472668 0.0064504681894202191 -0.052190913291773673 0.0080508588326670457 0.016274606844756605
leaf_weight=1571.1688274242097 9.7649338426699632 14.542296154469566 30.132614249179824 8.4513945247199462 13.135485901489121 8.4447301188488364 7.9468850314260626 41.722039313835921
leaf_count=116374 3699 7553 8387 2966 5165 3607 4481 11052
internal_value=-5.02945e-05 0.0183872 -0.0003169 -0.0164409 0.00406036 -0.016497 -0.0326093 0.000364003
internal_weight=1705.31 24.3072 1681 68.1111 30.0316 21.5802 38.0795 1612.89
internal_count=163284 11252 152032 24606 11738 8772 12868 127426
is_linear=0
shrinkage=0.0750466


Tree=357
num_leaves=9
num_cat=0
split_feature=6 113 18 10 60 141 115 149
split_gain=1.0697 3.32337 2.97355 1.87833 1.6824 2.86791 2.51348 2.32384
threshold=289.50000000000006 -501.99999999999994 5971.0600000000004 -109.73499999999999 1079.3350000000003 2.2850000000000006 18982.210000000003 3075.5000000000005
decision_type=2 10 2 2 2 10 8 8
left_child=4 2 -2 -4 -1 6 7 -6
right_child=1 -3 3 -5 5 -7 -8 -9
leaf_value=9.1009105777552155e-06 -0.015236853220839838 0.034532881549734849 -0.00050901435519094135 0.046610719542746294 0.016158732997870739 0.022361827432098465 -0.045371420572471857 -0.02649992282333348
leaf_weight=1578.0235182546944 32.08328140791491 20.410753163553636 9.8981164184369863 9.1868534519289806 12.499951358588083 10.365776489195921 15.958238047909612 16.93715744268502
leaf_count=137159 948 4105 3945 1150 2166 4461 5263 4087
internal_value=-5.01813e-05 0.00892945 -0.00128362 0.0221728 -0.000443595 -0.0132548 -0.0213876 -0.00838567
internal_weight=1705.36 71.579 51.1683 19.085 1633.78 55.7611 45.3953 29.4371
internal_count=163284 10148 6043 5095 153136 15977 11516 6253
is_linear=0
shrinkage=0.0750466


Tree=358
num_leaves=9
num_cat=0
split_feature=80 24 107 140 97 8 134 107
split_gain=1.00675 4.22896 11.127 8.66293 7.46322 4.01483 5.30326 3.46504
threshold=2.5000000000000004 4.5000000000000009 153.50000000000003 552.33500000000015 57.500000000000007 16678.810000000001 187492.32000000004 123.50000000000001
decision_type=2 2 2 8 2 2 8 2
left_child=7 2 5 -3 -4 -2 -7 -1
right_child=1 3 4 -5 -6 6 -8 -9
leaf_value=-0.00012777984635134826 0.013231922332746719 0.050364240930385079 0.13315894981451951 -0.018204477744305385 0.031132638315989933 -0.04570180170962207 0.0084870407935398288 -0.020961945897035344
leaf_weight=1417.7623342239804 94.974951595107996 12.03666613383848 6.3642927429791625 75.261964771068051 11.047013121851704 17.802936940701329 23.728441126779217 46.431551635808319
leaf_count=76047 9280 3530 2303 30417 4453 2797 4052 30405
internal_value=-4.83755e-05 0.00444397 0.0119274 -0.00875028 0.068426 0.00472109 -0.0147417 -0.000788459
internal_weight=1705.41 241.216 153.918 87.2986 17.4113 136.506 41.5314 1464.19
internal_count=163284 56832 22885 33947 6756 16129 6849 106452
is_linear=0
shrinkage=0.0750466


Tree=359
num_leaves=9
num_cat=0
split_feature=63 64 8 64 104 104 135 64
split_gain=1.23468 7.40522 4.31614 2.88405 4.68667 3.89902 3.94531 3.17481
threshold=8.5000000000000018 25194.515000000003 20804.765000000003 13076.395000000002 5923.6500000000005 21172.650000000005 -744.49999999999989 22002.650000000005
decision_type=2 2 2 2 2 2 8 2
left_child=3 -2 -3 -1 7 -6 -7 -5
right_child=1 2 -4 4 5 6 -8 -9
leaf_value=0.00033957477349830955 0.064556008022920941 -0.064376951171127447 0.018619424896399717 -0.051782026027986518 0.058235367075623143 -0.050734629572782915 0.049503349607282934 -0.012640669950626128
leaf_weight=1613.3894666136866 10.461801582118825 6.3933020056456353 7.8764256879130699 18.524915239551774 7.6445415729285768 5.9960978021445044 3.5036604602087191 31.544652010239588
leaf_count=127426 3699 2989 4564 5263 2701 4794 1737 10111
internal_value=-5.00052e-05 0.016596 -0.0185657 -0.000294966 -0.0155264 0.0183394 -0.0137653 -0.0271223
internal_weight=1705.33 24.7315 14.2697 1680.6 67.2139 17.1443 9.49976 50.0696
internal_count=163284 11252 7553 152032 24606 9232 6531 15374
is_linear=0
shrinkage=0.0750466


Tree=360
num_leaves=9
num_cat=0
split_feature=11 106 107 107 107 147 57 150
split_gain=1.00635 5.05424 3.26887 3.66554 6.02851 5.07954 4.52455 3.6391
threshold=1958.5550000000001 8240.3250000000025 12.500000000000002 45.500000000000007 66.500000000000014 -140209.23499999996 3.5000000000000004 20211.775000000005
decision_type=2 2 2 2 2 8 2 10
left_child=-1 2 -2 -4 -5 -6 7 -7
right_child=1 -3 3 4 5 6 -8 -9
leaf_value=-0.0004154581826230604 0.056405412085181357 0.074985958436412842 -0.038420008356872502 0.067184744633034976 0.072898109684294735 -0.013274952766337869 -0.059674309602635638 0.064771306570678019
leaf_weight=1639.2679066238466 5.7288407072774126 5.9545495606785144 12.735742734977974 7.7734378571076368 4.032943760767921 15.951380057664215 9.4689515203526735 4.26422025064221
leaf_count=131112 218 4637 1769 2057 2734 8723 8512 3522
internal_value=-4.98874e-05 0.00904233 0.00249306 -0.00320257 0.00760751 -0.00612779 -0.0168643 0.0031879
internal_weight=1705.18 65.9101 59.9555 54.2267 41.4909 33.7175 29.6846 20.2156
internal_count=163284 32172 27535 27317 25548 23491 20757 12245
is_linear=0
shrinkage=0.0750466


Tree=361
num_leaves=9
num_cat=0
split_feature=82 6 147 125 80 56 38 127
split_gain=1.15977 4.51141 3.2551 2.37162 2.9437 2.76809 1.53358 2.74866
threshold=6.5000000000000009 227.50000000000003 -140209.23499999996 -4536.1249999999991 3.5000000000000004 1.0000000180025095e-35 1.0000000180025095e-35 1747.5000000000002
decision_type=2 2 10 10 2 2 2 8
left_child=6 2 -2 4 -4 -6 -1 -8
right_child=1 -3 3 -5 5 -7 7 -9
leaf_value=0.00072959229578831609 0.012749243859595015 0.051540344262479783 -0.077180261882151269 0.0067429883676378864 0.0041091596065401317 -0.056953065415786257 0.010361331979130839 -0.023927682139355231
leaf_weight=1596.1698064671455 13.037173872642596 5.7495967811300934 8.8693108088045829 7.1250772558414637 9.1589094975006464 7.6932199723960357 20.420862529799706 37.063843269535937
leaf_count=124361 2394 3226 5538 2950 2873 4589 5143 12210
internal_value=-4.99443e-05 -0.0111257 -0.0189783 -0.0315713 -0.0421848 -0.0237666 0.000295883 -0.0117469
internal_weight=1705.29 51.6333 45.8837 32.8465 25.7214 16.8521 1653.65 57.4847
internal_count=163284 21570 18344 15950 13000 7462 141714 17353
is_linear=0
shrinkage=0.0750466


Tree=362
num_leaves=9
num_cat=0
split_feature=82 0 113 58 145 103 135 0
split_gain=1.01487 4.64925 2.7506 2.59522 1.83643 1.61829 6.23656 6.09428
threshold=6.5000000000000009 17055618.500000004 -1355.4999999999998 232.54500000000004 5.5000000000000009 5.5000000000000009 -2114.9999999999995 31507133.500000004
decision_type=2 2 10 2 8 2 10 2
left_child=5 -2 3 -3 -4 -1 -7 -8
right_child=1 2 4 -5 -6 6 7 -9
leaf_value=-7.9905228453414811e-05 0.053416376283921568 -0.017620371423975791 -0.049849181959475942 0.038392365488397841 -0.0066565171667118317 0.070110639673968841 0.044023951898559517 -0.028972361927630644
leaf_weight=1617.3052581258876 5.7002587653259971 13.430827835864877 16.464297565705241 7.1327601635011879 8.3583747795987602 9.0041012241799745 10.2555458055258 17.319966599241525
leaf_count=126032 2988 3060 8238 3439 3845 1585 5370 8727
internal_value=-4.86539e-05 -0.0104665 -0.0184898 0.00180841 -0.0353052 0.00027314 0.0158824 -0.00182447
internal_weight=1704.97 51.0865 45.3863 20.5636 24.8227 1653.88 36.5796 27.5755
internal_count=163284 21570 18582 6499 12083 141714 15682 14097
is_linear=0
shrinkage=0.0750466


Tree=363
num_leaves=9
num_cat=0
split_feature=96 142 140 135 140 56 142 135
split_gain=0.997944 5.67471 3.75667 4.62061 4.35375 3.62623 3.87126 3.9214
threshold=1.0000000180025095e-35 91494.000000000015 1.0000000180025095e-35 -1567.4999999999998 39666.395000000011 827.6500000000002 77418.000000000015 -1628.4999999999998
decision_type=2 8 8 10 8 2 8 10
left_child=5 2 -2 4 -4 6 7 -1
right_child=1 -3 3 -5 -6 -7 -8 -9
leaf_value=0.001307016554884364 -0.0079001658288770978 -0.00095532639878954592 -0.014185267664460295 0.034166225164281194 0.031541117443554791 -0.023636484348600238 0.0012872316083829345 -0.028698503979713862
leaf_weight=46.066435781172913 31.418257897039439 764.61129936935595 29.717165326630493 67.00576633160199 19.371641787634871 41.334351917659205 652.95177049515769 52.470315384951391
leaf_count=2299 2243 104756 4887 7296 1122 11295 26564 2822
internal_value=-4.80836e-05 0.00164465 0.0151213 0.0213515 0.00385948 -0.00199554 -0.000805215 -0.0146708
internal_weight=1704.95 912.124 147.513 116.095 49.0888 792.823 751.489 98.5368
internal_count=163284 120304 15548 13305 6009 42980 31685 5121
is_linear=0
shrinkage=0.0750466


Tree=364
num_leaves=9
num_cat=0
split_feature=101 149 57 113 129 0 6 113
split_gain=0.966107 2.36545 1.38128 5.88547 4.45315 3.80275 6.1641 1.53973
threshold=1.0000000180025095e-35 3075.5000000000005 6.5000000000000009 -1597.9999999999998 2.5000000000000004 37799697.500000007 198.50000000000003 -2054.4999999999995
decision_type=2 10 2 10 8 2 2 8
left_child=2 -2 7 -4 -5 6 -6 -1
right_child=1 -3 3 4 5 -7 -8 -9
leaf_value=-0.010626800611932167 0.0013425307691186802 -0.034396162809227755 0.068319448163170191 -0.041583651203068152 -0.041156146291565797 0.058479691475991226 0.044330013404616668 0.00039570106517558014
leaf_weight=74.851899006258463 30.972743525122496 15.726320703161035 8.7860194717959512 10.435451789541728 10.46737614886934 8.2886940940243203 8.6979892673780324 1536.5385984249515
leaf_count=10864 3918 4058 2228 4207 3126 1956 4060 128867
internal_value=-4.74859e-05 -0.0106928 0.000252337 0.0129793 0.000146774 0.0160088 -0.0023592 -0.000116313
internal_weight=1704.77 46.6991 1658.07 46.6755 37.8895 27.4541 19.1654 1611.39
internal_count=163284 7976 155308 15577 13349 9142 7186 139731
is_linear=0
shrinkage=0.0750466


Tree=365
num_leaves=9
num_cat=0
split_feature=135 20 113 140 58 21 135 20
split_gain=0.901338 1.04863 4.83133 5.14978 1.69359 5.57938 3.73342 3.39964
threshold=-136.99999999999997 198651.37500000003 -440.49999999999994 1376.0350000000003 232.54500000000004 1.0000000180025095e-35 -228.49999999999997 16705.170000000002
decision_type=10 2 10 10 2 2 8 2
left_child=1 4 3 -3 -1 -6 7 -7
right_child=-2 2 -4 -5 5 6 -8 -9
leaf_value=-0.0012318909096031901 -0.013989477959962049 0.002556302377522517 0.045134254654533718 -0.068565010123122327 0.044624232763055591 0.0014873203392845094 -0.03421851266657424 0.022053691460737081
leaf_weight=1122.2714574824504 25.719778137519825 12.670298076121986 6.1645500426666322 10.473811600884799 18.310818430018116 443.57160051617802 15.163850071716295 50.41123116361905
leaf_count=58790 2162 1964 2782 7250 919 68487 2616 18314
internal_value=-4.70033e-05 0.00016657 -0.0139043 -0.0296295 0.000416549 0.00392393 0.0024602 0.00358613
internal_weight=1704.76 1679.04 29.3087 23.1441 1649.73 527.458 509.147 493.983
internal_count=163284 161122 11996 9214 149126 90336 89417 86801
is_linear=0
shrinkage=0.0750466


Tree=366
num_leaves=9
num_cat=0
split_feature=142 103 134 103 81 10 28 150
split_gain=0.950146 3.53596 3.81156 5.29755 8.39714 4.19176 4.88736 4.77406
threshold=154836.00000000003 3.5000000000000004 214834.95000000004 1.5000000000000002 69044.115000000005 -109.73499999999999 2982.1750000000006 7173.1900000000014
decision_type=10 2 10 2 2 2 2 10
left_child=-1 2 -2 5 -5 7 -7 -4
right_child=1 -3 3 4 -6 6 -8 -9
leaf_value=-0.0015767573535455954 0.0098966193421178815 -0.023974346445914389 -0.025760143993529244 0.073301550681811184 -0.026744799085691984 -0.0029072764962770952 0.022485127722306986 -0.00057141203259487123
leaf_weight=976.31187164520998 277.19897385793774 28.358983378780067 78.990490251029769 12.692773901697366 7.5266725007559208 176.10640236847394 56.350085256752209 91.427715360471666
leaf_count=64311 26099 18267 8773 4234 4330 4682 7693 24895
internal_value=-4.62544e-05 0.00200445 0.00305648 -0.00142498 0.0360594 -0.00330624 0.00324813 -0.0122466
internal_weight=1704.96 728.652 700.293 423.094 20.2194 402.875 232.456 170.418
internal_count=163284 98973 80706 54607 8564 46043 12375 33668
is_linear=0
shrinkage=0.0750466


Tree=367
num_leaves=9
num_cat=0
split_feature=147 18 120 120 28 18 23 28
split_gain=1.03651 5.36503 8.43397 5.3664 4.35364 7.77348 7.13341 6.77726
threshold=-31205.244999999999 90728.695000000022 154836.00000000003 1037556.6200000002 31176.050000000003 952.04500000000019 1.5000000000000002 37185.225000000013
decision_type=8 2 10 10 2 2 2 2
left_child=1 -1 -3 -4 -2 -6 7 -7
right_child=4 2 3 -5 5 6 -8 -9
leaf_value=-0.0094239699524498247 -5.2570804237848274e-05 0.16476554377876346 -0.018846952089810246 0.10835861098731875 0.073254550128837082 0.09008933657492979 -0.057289176689282302 -0.010941748294795311
leaf_weight=157.06862029499734 1498.9320408819949 2.4982400640765254 7.9196640900709081 2.4442762224352919 12.818137879919957 6.3087530238963181 7.9372504763496172 9.1818795170202048
leaf_count=41056 98281 1913 7804 3361 1350 2501 3174 3844
internal_value=-4.6704e-05 -0.0056081 0.04099 0.0111538 0.000568894 0.0262692 0.000562023 0.0302044
internal_weight=1705.11 169.931 12.8622 10.3639 1535.18 36.246 23.4279 15.4906
internal_count=163284 54134 13078 11165 109150 10869 9519 6345
is_linear=0
shrinkage=0.0750466


Tree=368
num_leaves=9
num_cat=0
split_feature=5 32 151 126 145 18 57 57
split_gain=1.01923 4.59411 3.71354 3.00872 2.93431 5.24043 3.18664 6.89334
threshold=43.500000000000007 1.5000000000000002 1.5000000000000002 125.15500000000002 19.500000000000004 952.04500000000019 1.0000000180025095e-35 2.5000000000000004
decision_type=2 2 8 8 10 2 2 2
left_child=1 2 3 -1 -2 -6 -7 -8
right_child=4 -3 -4 -5 5 6 7 -9
leaf_value=0.012094674490476621 -0.0028648896507028859 -0.029139959605743466 0.0061870302753675175 -0.011908662567930607 0.032702074177916637 -0.036485851892784103 0.049989603233589953 -0.027837379673867107
leaf_weight=37.888217497667938 889.44467506514366 25.67777960697822 544.63182685009178 131.43735634705627 37.060198372870218 13.323131692224704 12.090449389937932 13.641441260254849
leaf_count=4277 82069 9115 51055 8994 1100 1297 1811 3566
internal_value=-4.88272e-05 0.0020475 0.00316918 -0.00653769 -0.00165465 0.0124876 -0.00669443 0.0087306
internal_weight=1705.2 739.635 713.957 169.326 965.56 76.1152 39.055 25.7319
internal_count=163284 73441 64326 13271 89843 7774 6674 5377
is_linear=0
shrinkage=0.0750466


Tree=369
num_leaves=9
num_cat=0
split_feature=63 5 5 9 84 25 63 149
split_gain=1.0511 4.42219 4.34512 2.91773 1.30062 5.74916 4.8961 2.08177
threshold=8.5000000000000018 47.500000000000007 39.500000000000007 2299.4850000000006 8.5000000000000018 3329.2250000000004 1.5000000000000002 1366.5000000000002
decision_type=2 2 2 2 2 2 2 10
left_child=4 2 -2 -3 -1 -6 7 -7
right_child=1 3 -4 -5 5 6 -8 -9
leaf_value=-0.00053742837572536776 0.00096378615053481606 -0.041206371237440434 0.091852995493800577 0.032301160899882587 0.054057917829934875 -0.077516029670599257 0.052071423137670735 -0.007713056647815332
leaf_weight=1653.7777396372257 5.6720501488980535 8.4340857501720148 6.2009726275427965 4.7561787469317087 12.143371520554867 5.2925274473454902 4.095144080116369 4.4124201505583187
leaf_count=139756 1907 4279 2767 2299 2632 2096 3738 3810
internal_value=-4.8249e-05 0.015207 0.0484329 -0.0147008 -0.000275874 0.0163971 -0.0167426 -0.0457796
internal_weight=1704.78 25.0633 11.873 13.1903 1679.72 25.9435 13.8001 9.70495
internal_count=163284 11252 4674 6578 152032 12276 9644 5906
is_linear=0
shrinkage=0.0750466


Tree=370
num_leaves=9
num_cat=0
split_feature=83 83 135 16 125 115 22 22
split_gain=0.955389 9.28752 10.7056 8.4121 7.74829 7.61628 6.42943 6.04739
threshold=5324.8300000000008 2582.5950000000007 -927.99999999999989 -3350.2649999999999 -7683.0649999999987 22079.930000000004 1417.5900000000004 9727.2900000000027
decision_type=2 2 8 2 10 10 2 2
left_child=1 -1 -3 4 -2 6 -5 -7
right_child=3 2 -4 5 -6 7 -8 -9
leaf_value=-0.00026312711251472967 -0.05402681014744775 0.064080119566118199 -0.016705212209618799 0.01560350997812953 0.028888328821040959 -0.011303849137315802 -0.010153007812435295 0.07639613682201532
leaf_weight=1342.5469239094618 30.369047713053078 26.658609218494348 14.138223247624408 77.173828889222932 8.0247059882331069 6.7833515738129817 186.4674558397428 12.754488563554331
leaf_count=72275 8313 4577 1962 6842 2802 1809 57546 7158
internal_value=-4.77357e-05 0.000808797 0.0360838 -0.00373237 -0.0366967 0.000736964 -0.00261349 0.0459475
internal_weight=1704.92 1383.34 40.7968 321.573 38.3938 283.179 263.641 19.5378
internal_count=163284 78814 6539 84470 11115 73355 64388 8967
is_linear=0
shrinkage=0.0750466


Tree=371
num_leaves=9
num_cat=0
split_feature=147 33 119 140 151 7 123 140
split_gain=0.976911 3.68097 3.3954 5.41703 5.08857 4.0634 3.39775 5.15088
threshold=-31205.244999999999 8897.4100000000017 3.5050000000000003 15822.210000000001 2.5000000000000004 724.37500000000011 5.5000000000000009 46702.920000000006
decision_type=8 2 8 10 10 2 8 8
left_child=1 2 4 5 -1 -4 7 -5
right_child=-2 -3 3 6 -6 -7 -8 -9
leaf_value=0.063869861280349827 0.0005465137590820729 -0.05240013979898301 -0.0069723037187171925 0.0070782973761843856 0.0021688998638672427 -0.057064386890047794 0.027468220436672314 -0.051316214956508038
leaf_weight=8.7357214266339707 1535.314237077816 8.9127274725119587 16.686321361561568 28.572398248856192 54.446003960636517 20.114615903088634 20.000665518829919 12.114563505687324
leaf_count=1408 109150 11142 2907 6450 19768 2915 5232 4312
internal_value=-5.05238e-05 -0.00545578 -0.00285168 -0.0116344 0.0106999 -0.0343516 0.00214134 -0.0103087
internal_weight=1704.9 169.583 160.67 97.4886 63.1817 36.8009 60.6876 40.687
internal_count=163284 54134 42992 21816 21176 5822 15994 10762
is_linear=0
shrinkage=0.0750466


Tree=372
num_leaves=9
num_cat=0
split_feature=73 0 112 151 22 22 128 73
split_gain=0.947517 4.0643 5.25536 4.90677 4.32949 4.98553 2.22442 1.80351
threshold=12.500000000000002 35799005.000000007 228031.20000000004 3.5000000000000004 78916.440000000017 9727.2900000000027 6499.9550000000008 10.500000000000002
decision_type=2 2 8 10 2 2 8 2
left_child=7 3 6 -2 5 -5 -3 -1
right_child=1 2 -4 4 -6 -7 -8 -9
leaf_value=-0.0001600214090623261 -0.067361231503787228 0.010049450573956545 -0.030378917031336015 -0.024805583695508015 -0.062117041541502188 0.06147077965294661 0.067832075115489734 0.014363307498627475
leaf_weight=1598.509700283611 11.172645859191109 7.0313339420572465 9.5007776000575159 8.1507132258630026 5.5939015706503588 7.0218786138202622 8.045654769492101 49.651602278850987
leaf_count=126337 2597 2324 3421 2460 5718 2742 2625 15060
internal_value=-5.01362e-05 -0.00960476 0.0133369 -0.0272588 -0.00568317 0.0151231 0.0408845 0.0002775
internal_weight=1704.68 56.5169 24.5778 31.9391 20.7665 15.1726 15.077 1648.16
internal_count=163284 21887 8370 13517 10920 5202 4949 141397
is_linear=0
shrinkage=0.0750466


Tree=373
num_leaves=9
num_cat=0
split_feature=138 9 9 5 9 149 150 150
split_gain=0.91438 4.83834 4.49909 3.38671 2.11782 5.72004 5.36423 5.5046
threshold=97358.630000000019 2120.0400000000004 938.67500000000007 43.500000000000007 3165.5400000000004 1537.5000000000002 5236.5900000000011 15822.210000000001
decision_type=10 2 2 2 2 10 8 10
left_child=4 2 -2 -3 -1 -6 -7 -8
right_child=1 3 -4 -5 5 6 7 -9
leaf_value=-0.00035992498220094868 -0.021835603725243374 -0.00015275568917180428 0.047905000801250722 -0.060266195771308463 -0.019874781255581574 0.056477344557185664 -0.024682723522618619 0.03529079965939317
leaf_weight=1585.3792969018427 9.8864530804421538 8.9486395130752516 11.01317025224307 12.86915847045111 22.018479130460037 19.917104173544431 16.007089037113474 18.675035752382428
leaf_count=138089 2102 2626 4013 6187 1648 1593 2193 4833
internal_value=-4.96502e-05 -0.0108909 0.0149146 -0.0356105 0.000228998 0.012415 0.0254367 0.00761079
internal_weight=1704.71 42.7174 20.8996 21.8178 1662 76.6177 54.5992 34.6821
internal_count=163284 14928 6115 8813 148356 10267 8619 7026
is_linear=0
shrinkage=0.0750466


Tree=374
num_leaves=9
num_cat=0
split_feature=125 9 153 125 10 149 149 125
split_gain=1.03518 2.97052 4.97921 1.37246 7.79183 5.39846 4.56045 5.77573
threshold=-28173.074999999993 2299.4850000000006 4779.9750000000013 -6763.4499999999989 135.45500000000001 3075.5000000000005 1714.5000000000002 -8696.0399999999991
decision_type=8 2 8 8 2 8 10 10
left_child=1 2 -1 4 6 -6 -2 -8
right_child=3 -3 -4 -5 5 -7 7 -9
leaf_value=-0.026875639907936545 -0.035452921367278289 -0.03924211802497922 0.058627635530963979 -0.00028660608853586968 0.079032500586789067 0.0092228806168428296 -0.0057659291611902039 0.067138753659413339
leaf_weight=9.326388516181396 19.213427028960723 13.90331660740412 6.5155644388069058 1594.2560107595586 12.647637593838228 12.312047281327976 28.867840859807984 7.7666384834537885
leaf_count=2579 4898 5037 2854 129778 2424 2485 10805 2424
internal_value=-4.94086e-05 -0.0139268 0.00829061 0.000197022 0.00973853 0.044597 -0.0058405 0.00969012
internal_weight=1704.81 29.7453 15.842 1675.06 80.8076 24.9597 55.8479 36.6345
internal_count=163284 10470 5433 152814 23036 4909 18127 13229
is_linear=0
shrinkage=0.0750466


Tree=375
num_leaves=9
num_cat=0
split_feature=5 97 5 97 16 97 16 85
split_gain=0.907435 5.482 4.20346 5.86768 4.89626 4.22525 4.57735 5.62768
threshold=67.500000000000014 14.500000000000002 61.500000000000007 36.500000000000007 -2764.8049999999994 36.500000000000007 -10288.865 58708.650000000009
decision_type=2 2 2 2 2 2 2 2
left_child=2 -2 5 4 -4 -1 -7 -8
right_child=1 -3 3 -5 -6 6 7 -9
leaf_value=-0.002856938155984401 0.0037908081720252028 -0.024784133446367641 0.038502747543589753 -0.017612103031251779 0.0082439317264413423 -0.03093829083294402 0.0078897516874918555 0.063859998239785887
leaf_weight=1103.817798571386 120.77542712260765 55.045548704536486 46.105472053568519 30.807591829206103 86.853594694362982 16.155534424276993 234.67608250693684 10.573436642943305
leaf_count=81050 4682 8023 994 5781 5555 3759 46711 6729
internal_value=-4.9514e-05 -0.00515536 0.000537615 0.0118987 0.0187366 -0.000825219 0.00775399 0.0103028
internal_weight=1704.81 175.821 1528.99 163.767 132.959 1365.22 261.405 245.25
internal_count=163284 12705 150579 12330 6549 138249 57199 53440
is_linear=0
shrinkage=0.0750466


Tree=376
num_leaves=9
num_cat=0
split_feature=60 142 60 116 27 27 128 82
split_gain=0.964526 2.0548 1.72111 1.89278 1.78355 2.15371 1.60281 4.24998
threshold=1079.3350000000003 77418.000000000015 2946.7350000000006 14869.465000000002 4.5000000000000009 17.500000000000004 5692.1350000000011 1.0000000180025095e-35
decision_type=2 8 2 8 2 2 10 2
left_child=6 -2 -3 -4 -5 -6 -1 -8
right_child=1 2 3 4 5 -7 7 -9
leaf_value=-5.9705061908691056e-05 0.025765978568016858 -0.034143094791586802 0.013665724337539615 -0.055120946120066128 0.02364090851679999 -0.038259774667542025 -0.012582985423166184 0.039003340675685789
leaf_weight=1608.0189171739926 8.1108693920941715 17.354898539781061 16.087325985206011 6.0102324085419232 6.7235151457680313 5.9821719238389051 16.305888599659738 20.059824608568306
leaf_count=134176 1432 4447 4370 753 2966 4074 3117 7949
internal_value=-4.91127e-05 -0.00937359 -0.014838 -0.00521133 -0.0214372 -0.00550356 0.000292642 0.0158727
internal_weight=1704.65 60.269 52.1581 34.8032 18.7159 12.7057 1644.38 36.3657
internal_count=163284 18042 16610 12163 7793 7040 145242 11066
is_linear=0
shrinkage=0.0750466


Tree=377
num_leaves=9
num_cat=0
split_feature=73 134 22 83 83 120 73 81
split_gain=1.05526 5.30554 4.94414 3.12526 4.92091 6.76261 10.015 6.21303
threshold=9.5000000000000018 57007.80000000001 305328.60000000003 47319.67500000001 5324.8300000000008 779747.05500000005 4.5000000000000009 42044.910000000011
decision_type=2 10 2 2 2 8 2 2
left_child=3 -2 -3 4 7 -6 -7 -1
right_child=1 2 -4 -5 5 6 -8 -9
leaf_value=0.0026273162945253622 -0.043630662619559127 0.0018231575988855338 -0.052789696907174916 0.015237122725864548 -0.022111664405511683 -0.026076167151527187 0.050311483823587043 -0.019989111395298801
leaf_weight=1206.8799962463836 18.369559588709308 166.10411746909313 9.8920263967302144 78.145480987385781 114.01583049256988 18.347777889579447 20.429799526348688 72.520229850132637
leaf_count=41521 2774 46359 9883 18052 24017 1417 3517 15744
internal_value=-4.72529e-05 -0.00525216 -0.00124641 0.000622567 -0.000174854 -0.0129041 0.0141683 0.00134535
internal_weight=1704.7 194.366 175.996 1510.34 1432.19 152.793 38.7776 1279.4
internal_count=163284 59016 56242 104268 86216 28951 4934 57265
is_linear=0
shrinkage=0.0750466


Tree=378
num_leaves=9
num_cat=0
split_feature=82 95 129 138 51 7 30 138
split_gain=1.01625 3.54198 2.93963 3.91904 2.04153 3.61299 1.61654 1.32654
threshold=6.5000000000000009 1.0000000180025095e-35 5.5000000000000009 26813.160000000003 1.0000000180025095e-35 421.61500000000007 2.5000000000000004 97358.630000000019
decision_type=2 2 8 10 2 2 2 10
left_child=7 2 3 -2 -4 -6 -5 -1
right_child=1 -3 4 6 5 -7 -8 -9
leaf_value=0.0005977841608104321 0.049602456997836504 0.026176882789152069 -0.046553322131220785 -0.075766588746204719 -0.075308998500223309 0.039949085252705671 0.0044513787675105974 -0.013672036001390513
leaf_weight=1615.4395323533431 6.4556876906690359 11.49963960426612 20.577723368819537 2.8503072939674894 2.319627630937247 4.5096174955033348 2.8093041622278179 37.542431113879502
leaf_count=130393 2620 2445 4559 2324 2810 4350 2462 11321
internal_value=-4.82995e-05 -0.0104799 -0.0211458 0.00963783 -0.0347538 0.000800419 -0.0359482 0.000273689
internal_weight=1704 51.0219 39.5223 12.1153 27.407 6.82925 5.65961 1652.98
internal_count=163284 21570 19125 7406 11719 7160 4786 141714
is_linear=0
shrinkage=0.0750466


Tree=379
num_leaves=9
num_cat=0
split_feature=96 134 20 20 9 20 118 123
split_gain=0.880716 5.28242 4.3389 3.6235 3.70896 3.45019 4.45731 4.04149
threshold=1.0000000180025095e-35 80233.200000000012 55.415000000000006 3.8350000000000004 579.65500000000009 1.6450000000000002 1286.9450000000004 12.500000000000002
decision_type=2 8 2 2 2 2 10 10
left_child=2 3 -1 4 -2 -3 7 -7
right_child=1 5 -4 -5 -6 6 -8 -9
leaf_value=0.00036100142081314069 0.0018471380372723871 -0.0050274125052151035 -0.015665255734241809 -0.003232463581543749 0.03190194681600067 0.011353460217604455 -0.017248810422027475 -0.03041639773790299
leaf_weight=680.55392435076828 34.387794642487279 465.57406584938235 110.60608160659012 45.832125536484455 70.607558605695885 240.23553488865855 42.215183056059232 13.795150713029214
leaf_count=30786 4129 40550 12194 6710 4716 43362 17908 2929
internal_value=-4.69498e-05 0.00154167 -0.00187951 0.0143733 0.0220585 -0.000998778 0.00533254 0.00908515
internal_weight=1703.81 912.647 791.16 150.827 104.995 761.82 296.246 254.031
internal_count=163284 120304 42980 15555 8845 104749 64199 46291
is_linear=0
shrinkage=0.0750466


Tree=380
num_leaves=9
num_cat=0
split_feature=58 18 18 27 82 137 139 27
split_gain=0.924232 12.1419 5.91939 1.55477 3.32018 2.75919 2.54511 4.08578
threshold=26388.150000000005 9395.760000000002 64558.765000000007 29.500000000000004 4.5000000000000009 46958.700000000004 790.20500000000004 11.500000000000002
decision_type=2 2 2 2 2 10 10 2
left_child=3 -2 -3 6 5 -5 -1 -8
right_child=1 2 -4 4 -6 -7 7 -9
leaf_value=-0.00034178505755793411 0.070565279675452966 -0.067681717632309638 0.035459601988252543 0.0063585075313303966 0.029952527715674152 -0.050393512540509756 0.048464375296601046 -0.010946505500123396
leaf_weight=1623.2126245225509 11.689915540151562 9.3141035286289462 4.7228615719632208 7.2031880671474999 6.3638880888015583 14.612488669336924 15.238568415375996 11.393885413518545
leaf_count=134034 1873 4026 4421 1976 4450 6477 2367 3660
internal_value=-4.6348e-05 0.01407 -0.0329789 -0.000262776 -0.0177419 -0.0316549 3.57698e-05 0.0230472
internal_weight=1703.75 25.7269 14.037 1678.02 28.1796 21.8157 1649.85 26.6325
internal_count=163284 10320 8447 152964 12903 8453 140061 6027
is_linear=0
shrinkage=0.0750466


Tree=381
num_leaves=9
num_cat=0
split_feature=11 0 55 0 10 31 16 81
split_gain=1.02607 4.2063 8.60438 4.77186 6.01226 4.96741 6.5979 4.83604
threshold=318.30500000000006 31507133.500000004 1.5000000000000002 14632853.000000002 -386.05499999999995 694.6400000000001 -1.0000000180025095e-35 3571.4900000000002
decision_type=2 2 2 2 2 2 2 2
left_child=-1 3 -3 -2 -5 6 -6 -8
right_child=1 2 -4 4 5 -7 7 -9
leaf_value=-0.0010505628716081458 -0.017385067418594895 0.0021370456055541682 -0.042905348107957646 0.0030464404486614562 0.082952552357588846 -0.0084695203252853832 0.056815467788541234 0.00097529821536037188
leaf_weight=1313.5512435181927 25.02107217588582 203.73867816663733 27.057918008378692 69.835492951091055 17.185313305348245 12.127527247110264 15.953205346053435 19.305064457759727
leaf_count=50667 8707 46094 16628 27385 2299 4258 2567 4679
internal_value=-4.67631e-05 0.00333217 -0.00314359 0.0127069 0.0183088 0.0348154 0.044825 0.0262411
internal_weight=1703.78 390.224 230.797 159.428 134.407 64.5711 52.4436 35.2583
internal_count=163284 112617 62722 49895 41188 13803 9545 7246
is_linear=0
shrinkage=0.0750466


Tree=382
num_leaves=9
num_cat=0
split_feature=56 56 56 153 115 6 135 141
split_gain=1.01927 5.46783 4.89339 5.35579 4.23497 5.09907 3.8653 2.80277
threshold=2970.1600000000003 4317.5350000000008 1169.9700000000003 1612.8750000000002 3644.1150000000002 131.50000000000003 -1840.4999999999998 1.5250000000000001
decision_type=2 2 2 8 8 2 8 8
left_child=2 4 -1 -4 5 -2 -3 -8
right_child=1 6 3 -5 -6 -7 7 -9
leaf_value=0.00029161295274526361 0.097803767679261661 -0.050305740822203446 -0.0031482332453934281 -0.049485538454898753 -0.0051916964133905093 0.01700717039850114 -0.0096928978967333254 0.021049812530496557
leaf_weight=1541.2380396275694 8.9127439209678432 8.6235246896085282 34.815590141242865 23.551452082880132 9.074410768540476 8.6866565749132842 40.489076638738879 28.4288023420022
leaf_count=108130 2281 4123 4614 7934 2797 2444 19769 11192
internal_value=-4.76244e-05 0.00714364 -0.000516139 -0.0218456 0.0364524 0.0579244 -0.00293841 0.00298855
internal_weight=1703.82 104.215 1599.61 58.367 26.6738 17.5994 77.5414 68.9179
internal_count=163284 42606 120678 12548 7522 4725 35084 30961
is_linear=0
shrinkage=0.0750466


Tree=383
num_leaves=9
num_cat=0
split_feature=25 16 74 149 10 74 10 81
split_gain=0.917636 4.82976 6.42219 9.84279 6.07232 5.55196 4.76111 7.58938
threshold=1.0000000180025095e-35 -176.96999999999997 2512.6750000000006 5158.5000000000009 -500.88999999999993 1939.825 -2568.9149999999995 91568.920000000013
decision_type=2 2 2 10 2 2 2 2
left_child=-1 4 5 -4 -2 6 7 -3
right_child=1 2 3 -5 -6 -7 -8 -9
leaf_value=-0.0010456557951803937 -0.028086477408312601 0.091393289856614379 0.016006638670933826 0.10689772047404017 0.0028028242027430201 -0.025604277311100616 0.0062114853402728759 -0.035588068657773059
leaf_weight=1282.6837950352037 52.494952758400359 8.9430452753986156 26.351836679692497 9.0026672427893555 112.99108426143812 29.499574618188944 177.95381010981873 3.7676624917103245
leaf_count=48497 21427 4814 6550 3856 18586 5656 49929 3969
internal_value=-4.78305e-05 0.00299227 0.009461 0.0391511 -0.00699578 0.00469328 0.00938092 0.0537539
internal_weight=1703.69 421.005 255.519 35.3545 165.486 220.164 190.665 12.7107
internal_count=163284 114787 74774 10406 40013 64368 58712 8783
is_linear=0
shrinkage=0.0750466


Tree=384
num_leaves=9
num_cat=0
split_feature=142 153 150 142 18 64 150 18
split_gain=0.912094 3.07042 4.56452 5.80912 5.10154 5.92877 5.09413 4.91844
threshold=154836.00000000003 475.06500000000005 5236.5900000000011 105570.00000000001 252.93500000000003 4600.9100000000008 1.0000000180025095e-35 252.93500000000003
decision_type=10 10 8 10 2 2 10 2
left_child=1 -1 6 4 -4 -6 7 -3
right_child=-2 2 3 -5 5 -7 -8 -9
leaf_value=0.00074023823779190644 0.0019595780060125624 0.025232594111287723 0.055219558730797799 -0.018173602839089215 -0.0096326473813072282 0.059297236556482599 -0.031621680233537369 -0.022951108280871026
leaf_weight=752.8475316991935 728.43072653845502 22.675717069752864 15.280524128225805 43.928192418686194 33.822436186650521 8.8708605577030522 73.033536775903485 25.180681644179458
leaf_count=24195 98973 619 1113 10165 8579 3896 11480 4264
internal_value=-4.97802e-05 -0.00155 -0.00928908 0.00241083 0.0180082 0.00468968 -0.0191513 -0.000120305
internal_weight=1704.07 975.639 222.792 101.902 57.9738 42.6933 120.89 47.8564
internal_count=163284 64311 40116 23753 13588 12475 16363 4883
is_linear=0
shrinkage=0.0750466


Tree=385
num_leaves=9
num_cat=0
split_feature=101 23 58 18 18 27 11 28
split_gain=0.860873 2.07936 1.31326 9.0391 6.52252 2.22038 3.93238 5.36265
threshold=1.0000000180025095e-35 1.5000000000000002 26388.150000000005 9395.760000000002 64558.765000000007 29.500000000000004 665.45500000000015 84119.535000000018
decision_type=2 2 2 2 2 2 2 2
left_child=2 -2 5 -4 -5 -1 -7 -8
right_child=1 -3 3 4 -6 6 7 -9
leaf_value=0.00032479033591248347 -0.02247324004549878 0.010353600057403677 0.063045676579886342 -0.066575828382982441 0.047857305169248167 -0.055967070236279684 0.045131083467489549 -0.044291461193972481
leaf_weight=1606.4277187185871 28.924376297338313 17.408321692484606 12.298282010964614 8.2349378623857756 4.2546150175567155 10.964696230681513 8.0225359571099926 7.1371700402937668
leaf_count=133826 5022 2954 1812 3793 3893 3270 4296 4418
internal_value=-4.9907e-05 -0.0101394 0.000232155 0.0173763 -0.0275937 -2.8152e-05 -0.0217311 0.00303106
internal_weight=1703.67 46.3327 1657.34 24.7878 12.4896 1632.55 26.1244 15.1597
internal_count=163284 7976 155308 9498 7686 145810 11984 8714
is_linear=0
shrinkage=0.0750466


Tree=386
num_leaves=9
num_cat=0
split_feature=24 16 16 9 142 135 97 9
split_gain=0.848055 4.07865 6.02028 5.96604 5.93765 4.97622 7.1582 9.23508
threshold=1.0000000180025095e-35 -176.96999999999997 -1.0000000180025095e-35 1656.3400000000004 105570.00000000001 -1263.4999999999998 57.500000000000007 1388.5400000000002
decision_type=2 2 2 2 10 10 2 2
left_child=-1 5 3 4 -3 -2 -7 -8
right_child=1 2 -4 -5 -6 6 7 -9
leaf_value=-0.0010100830280229461 0.0028887020897025006 0.044049100016782319 0.0028313010816606726 0.053795190556276386 -0.029663233586490225 -0.044016013036256477 0.072683329420411266 -0.034418140885844307
leaf_weight=1281.9748832283076 109.1720211376487 11.287113932907234 203.26212850853426 29.46758454821429 13.534567482209239 36.539540897395455 8.1969434100792586 10.147754687701307
leaf_count=48497 24131 1828 66960 2408 3578 9276 3280 3326
internal_value=-4.98523e-05 0.0028699 0.00876104 0.0309623 0.00385583 -0.00637858 -0.0248124 0.0134379
internal_weight=1703.58 421.608 257.551 54.2893 24.8217 164.056 54.8842 18.3447
internal_count=163284 114787 74774 7814 5406 40013 15882 6606
is_linear=0
shrinkage=0.0750466


Tree=387
num_leaves=9
num_cat=0
split_feature=13 80 120 80 120 138 97 0
split_gain=0.971209 1.28005 5.57198 3.21978 6.38313 3.60112 1.37486 6.71512
threshold=1.5000000000000002 10.500000000000002 211140.00000000003 6.5000000000000009 457651.93000000005 12094.745000000001 147.50000000000003 32756022.000000004
decision_type=2 2 10 2 8 8 2 2
left_child=1 3 -3 6 5 -5 -1 -8
right_child=-2 2 -4 4 -6 -7 7 -9
leaf_value=-0.00035748270965622398 -0.013469659967362562 -0.04624920769937256 0.024874754263627643 0.031860567965689125 0.066761814114332879 -0.029148679140463159 0.046034018917169295 -0.02070905084881482
leaf_weight=1580.0438224784098 29.84466729988344 14.830672705520557 10.664322774837272 10.129537342560072 12.202905844475024 11.792108811182059 18.183309471490247 15.925741317277241
leaf_count=136066 829 2914 3672 1227 3446 4263 5917 4950
internal_value=-5.07919e-05 0.000188477 -0.0164987 0.000446589 0.0232588 -0.000957573 -3.5681e-05 0.0148712
internal_weight=1703.62 1673.77 25.495 1648.28 34.1246 21.9216 1614.15 34.1091
internal_count=163284 162455 6586 155869 8936 5490 146933 10867
is_linear=0
shrinkage=0.0750466


Tree=388
num_leaves=9
num_cat=0
split_feature=8 83 24 31 16 97 20 112
split_gain=1.07177 4.72661 3.15049 5.7166 5.92266 3.21491 3.24342 2.6584
threshold=-1.0000000180025095e-35 47319.67500000001 1.0000000180025095e-35 2558.5000000000005 -176.96999999999997 5.5000000000000009 55.415000000000006 190026.00000000003
decision_type=2 2 2 2 2 2 2 10
left_child=1 2 -1 5 -5 -4 -7 -3
right_child=-2 7 3 4 -6 6 -8 -9
leaf_value=0.00208307466923318 -0.00082454504840879476 -0.06159141279181312 0.061644983602440903 -0.066579696816120304 0.024337782571425017 0.0049276477713973759 0.057171223688353208 -0.0072248016271530338
leaf_weight=161.25639050606696 1457.0988783663111 8.6095216294952497 16.443945209624871 7.3562789800435011 8.9389095358419564 22.096992318502092 9.6003829704422952 12.3053135152345
leaf_count=7827 130000 2628 3403 3744 3697 4277 3272 4436
internal_value=-5.01833e-05 0.00452519 0.00768798 0.0217146 -0.0167059 0.0347194 0.020751 -0.0296046
internal_weight=1703.71 246.608 225.693 64.4365 16.2952 48.1413 31.6974 20.9148
internal_count=163284 33284 26220 18393 7441 10952 7549 7064
is_linear=0
shrinkage=0.0750466


Tree=389
num_leaves=9
num_cat=0
split_feature=64 17 131 95 25 64 27 134
split_gain=0.922396 4.73844 3.49211 4.19567 3.626 3.22238 5.91822 5.07024
threshold=11572.960000000001 3.5000000000000004 3618.7050000000004 1.5000000000000002 2376.4950000000003 34151.395000000011 16.500000000000004 320932.80000000005
decision_type=2 2 8 2 2 2 2 8
left_child=-1 2 3 4 -2 6 -6 -7
right_child=1 -3 -4 -5 5 7 -8 -9
leaf_value=0.00037758834254886866 -0.04889503904285418 0.040784791665747909 0.015354892622631568 0.030458945654429262 -0.049189150430639435 0.05602639681118058 0.050922860503523376 -0.044654445731948232
leaf_weight=1607.5423999590466 25.958254270124598 10.351215763058461 19.082780589445065 7.8613934740351388 16.735920986682689 7.7229659552840504 4.1504302494818139 4.4346671456464728
leaf_count=126029 6187 2333 5968 1725 8870 3917 4041 4214
internal_value=-4.97794e-05 -0.00718403 -0.0129613 -0.0210427 -0.0279047 -0.0114154 -0.0292954 0.0193016
internal_weight=1703.84 96.2976 85.9464 66.8636 59.0022 33.044 20.8864 12.1576
internal_count=163284 37255 34922 28954 27229 21042 12911 8131
is_linear=0
shrinkage=0.0750466


Tree=390
num_leaves=9
num_cat=0
split_feature=39 20 38 64 116 142 58 125
split_gain=1.0254 3.66281 4.18298 1.16106 2.6446 2.91325 2.80127 3.14173
threshold=351900.43000000005 104.79500000000002 1.5000000000000002 11572.960000000001 26569.950000000004 309672.00000000006 6461.2000000000007 -3860.5749999999994
decision_type=2 2 2 2 10 8 2 10
left_child=3 -2 -3 -1 6 -6 7 -5
right_child=1 2 -4 4 5 -7 -8 -9
leaf_value=0.00065190081277869652 -0.040364670572684842 0.059054864016107302 -0.03301632494310773 0.0012454325957470527 0.073574760457291513 -0.011431342715792806 -0.038541156825328028 -0.048635111541498188
leaf_weight=1586.3393437943278 14.177021041465197 6.091686094134273 5.1105388842570392 56.819841906689362 4.4720334916128168 4.6125212758825009 17.882235274243612 8.129050110469505
leaf_count=119080 3498 3377 3311 15706 1732 2907 10969 2704
internal_value=-4.96556e-05 -0.0150217 0.0170513 0.000176757 -0.00802358 0.0304144 -0.0122393 -0.00499765
internal_weight=1703.63 25.3792 11.2022 1678.26 91.9157 9.08455 82.8311 64.9489
internal_count=163284 10186 6688 153098 34018 4639 29379 18410
is_linear=0
shrinkage=0.0750466


Tree=391
num_leaves=9
num_cat=0
split_feature=0 113 127 127 140 134 97 21
split_gain=0.883788 4.2608 3.05619 3.83545 6.70523 2.63762 1.97513 1.65962
threshold=15842220.000000002 -1171.4999999999998 2773.5000000000005 5238.5000000000009 8303.6200000000008 47506.500000000007 11.500000000000002 1.0000000180025095e-35
decision_type=2 8 8 8 8 10 2 2
left_child=1 -1 -3 4 -4 -5 -7 -2
right_child=7 2 3 5 -6 6 -8 -9
leaf_value=-0.036249141359381822 0.0072354339561660529 -0.026069492873465539 0.069132530242406079 0.014065539882244085 -0.0075345286964353352 0.00048676492761235378 -0.036385605986985432 -0.000437147965927436
leaf_weight=21.823223299561505 179.1081514608486 20.069104889870687 12.807331234434967 25.255522979081434 12.892035565461812 16.131988207400354 16.602445737315975 1398.7036741033749
leaf_count=3248 5386 2492 1454 545 3150 1247 4193 141569
internal_value=-4.84427e-05 -0.00610759 0.000231995 0.00653922 0.0306727 -0.00415598 -0.0182144 0.000433819
internal_weight=1703.39 125.582 103.758 83.6893 25.6994 57.99 32.7344 1577.81
internal_count=163284 16329 13081 10589 4604 5985 5440 146955
is_linear=0
shrinkage=0.0750466


Tree=392
num_leaves=9
num_cat=0
split_feature=127 127 137 6 150 153 6 107
split_gain=0.879734 3.34476 8.01098 6.45171 5.32377 4.81713 3.75864 2.92184
threshold=1221.5000000000002 610.50000000000011 5971.2200000000012 76.500000000000014 1998.6300000000003 651.0150000000001 40.500000000000007 103.50000000000001
decision_type=8 10 10 2 10 10 2 2
left_child=1 4 -3 6 -1 -6 -4 -7
right_child=-2 2 3 -5 5 7 -8 -9
leaf_value=-0.0074436068903599812 -0.0011530467157762295 0.022163835292949331 -0.013755461739588509 0.018080765059429106 0.040602503471111773 -0.0054762649176587144 -0.068849068311270287 0.032795443281303259
leaf_weight=246.46167150983547 1198.9854214072529 115.43323368435449 16.465638869934995 20.507773833284773 26.620902596045198 51.917293133759813 12.098552015673702 14.337253312332903
leaf_count=15471 117625 4424 3425 4504 2102 5509 2816 7408
internal_value=-4.72849e-05 0.00258408 0.011366 -0.0140339 -0.00167328 0.0136393 -0.0370907 0.0028056
internal_weight=1702.83 503.842 164.505 49.072 339.337 92.8754 28.5642 66.2545
internal_count=163284 45659 15169 10745 30490 15019 6241 12917
is_linear=0
shrinkage=0.0750466


Tree=393
num_leaves=9
num_cat=0
split_feature=142 112 103 58 97 22 58 97
split_gain=0.891576 3.4124 4.27047 3.07706 4.10558 6.89596 9.41823 4.86564
threshold=154836.00000000003 69676.200000000012 4.5000000000000009 18235.655000000002 41.500000000000007 26219.395 26388.150000000005 11.500000000000002
decision_type=10 8 2 2 2 2 2 2
left_child=-1 -2 3 -3 7 -6 -7 -5
right_child=1 2 -4 4 5 6 -8 -9
leaf_value=-0.0015318371087998559 0.03060699611260391 0.00081494802654634749 -0.033836998731497869 0.00996475164902841 -0.050776372978741414 0.15119168913810579 -0.022798814924220367 0.08375436228059098
leaf_weight=974.44066009739436 22.65732033848326 650.28864968460948 19.256282820700108 10.353979382107356 8.5772870370892615 2.9741862149467115 4.2645747625319927 9.7929250111374113
leaf_count=64311 2443 70181 13595 2437 1947 2040 3390 2940
internal_value=-4.73032e-05 0.00193932 0.00101866 0.00199671 0.0233656 -0.0052528 0.0486886 0.0458321
internal_weight=1702.61 728.165 705.508 686.252 35.963 15.816 7.23876 20.1469
internal_count=163284 98973 96530 82935 12754 7377 5430 5377
is_linear=0
shrinkage=0.0750466


Tree=394
num_leaves=9
num_cat=0
split_feature=72 151 23 123 142 142 151 10
split_gain=0.848633 6.95359 2.2545 1.51986 3.73078 3.43886 5.15551 3.43518
threshold=2506.0200000000004 3.5000000000000004 1.5000000000000002 12.500000000000002 105570.00000000001 182988.00000000003 3.5000000000000004 -109.73499999999999
decision_type=2 8 2 10 8 10 8 2
left_child=3 -2 -3 -1 -5 -6 -7 -8
right_child=1 2 -4 4 5 6 7 -9
leaf_value=-0.0001360877328741835 0.021484227098671309 -0.0074541399323787569 -0.034940884221870146 0.039024916850675516 -0.025419868794009981 -0.020239777169616908 0.0087224418015541139 0.069219855179960613
leaf_weight=1528.7496437765512 32.993460765328564 35.22791659179893 32.138051259372332 19.523410329918988 18.567981551368575 14.384240185319866 10.927865562844543 10.239064476503701
leaf_count=146349 1727 2808 3024 1673 1464 1588 3708 943
internal_value=-4.80966e-05 -0.00674263 -0.0205671 0.000371189 0.0109018 0.000756382 0.0144279 0.0379868
internal_weight=1702.75 100.359 67.366 1602.39 73.6426 54.1192 35.5512 21.1669
internal_count=163284 7559 5832 155725 9376 7703 6239 4651
is_linear=0
shrinkage=0.0750466


end of trees

feature_importances:
cliente_edad=99
mrentabilidad_annual=80
mcuentas_saldo=79
mpasivos_margen=69
Visa_mpagominimo=69
mcaja_ahorro=68
mprestamos_personales=66
mactivos_margen=65
mcuenta_corriente=61
ctrx_quarter=61
Visa_Fvencimiento=60
mrentabilidad=59
Master_fechaalta=59
Master_Fvencimiento=57
numero_de_cliente=56
Visa_fechaalta=56
mtransferencias_emitidas=55
chomebanking_transacciones=53
mpagomiscuentas=51
Visa_msaldopesos=51
mcaja_ahorro_dolares=50
mcomisiones=49
cliente_antiguedad=48
Master_mfinanciacion_limite=45
Master_mlimitecompra=45
mautoservicio=43
Visa_mfinanciacion_limite=43
Visa_msaldototal=43
Visa_mconsumospesos=43
Visa_mlimitecompra=43
mcuenta_debitos_automaticos=41
ctarjeta_visa_transacciones=40
ccomisiones_otras=40
mcomisiones_otras=40
mtransferencias_recibidas=40
mcomisiones_mantenimiento=38
Visa_cconsumos=37
cprestamos_personales=36
cproductos=34
mttarjeta_visa_debitos_automaticos=34
Master_mpagospesos=34
Visa_mpagospesos=34
mtarjeta_visa_consumo=33
ccaja_seguridad=33
ccallcenter_transacciones=31
cdescubierto_preacordado=30
ctarjeta_debito_transacciones=30
ctransferencias_emitidas=30
mplazo_fijo_dolares=29
ccomisiones_mantenimiento=29
Master_msaldototal=29
Visa_mconsumototal=29
mpayroll=28
ccajas_consultas=28
ctransferencias_recibidas=27
ccaja_ahorro=25
matm=25
internet=24
mextraccion_autoservicio=23
Master_msaldopesos=23
Master_mpagominimo=21
Visa_status=21
cpayroll_trx=20
catm_trx=19
Master_status=19
Visa_mconsumosdolares=19
ctarjeta_visa_debitos_automaticos=18
cpagomiscuentas=18
thomebanking=18
Master_fultimo_cierre=18
tcuentas=15
mtarjeta_master_consumo=15
tmobile_app=15
Master_mconsumospesos=14
mttarjeta_master_debitos_automaticos=13
Master_mconsumototal=13
cmobile_app_trx=12
Visa_mpagado=12
Visa_mpagosdolares=12
ccuenta_debitos_automaticos=11
Master_cconsumos=11
ctarjeta_debito=10
cseguro_vida=10
Visa_fultimo_cierre=10
ccajas_otras=9
ctarjeta_master=8
cextraccion_autoservicio=8
tcallcenter=8
ccajas_transacciones=8
catm_trx_other=8
ctarjeta_master_transacciones=7
cplazo_fijo=6
matm_other=6
cseguro_vivienda=5
ccajas_extracciones=5
Master_mconsumosdolares=4
Visa_msaldodolares=4
ctarjeta_visa=3
Master_madelantopesos=3
Master_mpagado=3
active_quarter=2
cinversion1=2
minversion2=2
cseguro_accidentes_personales=2
ctarjeta_visa_descuentos=2
ccheques_depositados=2
Master_mpagosdolares=2
Visa_madelantodolares=2
cinversion2=1
ctarjeta_master_debitos_automaticos=1
mcheques_depositados=1
Master_msaldodolares=1
Visa_delinquency=1

parameters:
[boosting: gbdt]
[objective: binary]
[metric: auc]
[tree_learner: serial]
[device_type: cpu]
[data_sample_strategy: bagging]
[data: ]
[valid: ]
[num_iterations: 395]
[learning_rate: 0.0750466]
[num_leaves: 9]
[num_threads: 0]
[seed: 166297]
[deterministic: 0]
[force_col_wise: 0]
[force_row_wise: 1]
[histogram_pool_size: -1]
[max_depth: -1]
[min_data_in_leaf: 2230]
[min_sum_hessian_in_leaf: 1.06535e-05]
[bagging_fraction: 1]
[pos_bagging_fraction: 1]
[neg_bagging_fraction: 1]
[bagging_freq: 0]
[bagging_seed: 6592]
[bagging_by_query: 0]
[feature_fraction: 0.218412]
[feature_fraction_bynode: 1]
[feature_fraction_seed: 31161]
[extra_trees: 0]
[extra_seed: 14491]
[early_stopping_round: 0]
[early_stopping_min_delta: 0]
[first_metric_only: 0]
[max_delta_step: 0]
[lambda_l1: 0]
[lambda_l2: 0]
[linear_lambda: 0]
[min_gain_to_split: 0]
[drop_rate: 0.1]
[max_drop: 50]
[skip_drop: 0.5]
[xgboost_dart_mode: 0]
[uniform_drop: 0]
[drop_seed: 32480]
[top_rate: 0.2]
[other_rate: 0.1]
[min_data_per_group: 100]
[max_cat_threshold: 32]
[cat_l2: 10]
[cat_smooth: 10]
[max_cat_to_onehot: 4]
[top_k: 20]
[monotone_constraints: ]
[monotone_constraints_method: basic]
[monotone_penalty: 0]
[feature_contri: ]
[forcedsplits_filename: ]
[refit_decay_rate: 0.9]
[cegb_tradeoff: 1]
[cegb_penalty_split: 0]
[cegb_penalty_feature_lazy: ]
[cegb_penalty_feature_coupled: ]
[path_smooth: 0]
[interaction_constraints: ]
[verbosity: -100]
[saved_feature_importance_type: 0]
[use_quantized_grad: 0]
[num_grad_quant_bins: 4]
[quant_train_renew_leaf: 0]
[stochastic_rounding: 1]
[linear_tree: 0]
[max_bin: 31]
[max_bin_by_feature: ]
[min_data_in_bin: 3]
[bin_construct_sample_cnt: 200000]
[data_random_seed: 18806]
[is_enable_sparse: 1]
[enable_bundle: 1]
[use_missing: 1]
[zero_as_missing: 0]
[feature_pre_filter: 0]
[pre_partition: 0]
[two_round: 0]
[header: 0]
[label_column: ]
[weight_column: ]
[group_column: ]
[ignore_column: ]
[categorical_feature: ]
[forcedbins_filename: ]
[precise_float_parser: 0]
[parser_config_file: ]
[objective_seed: 17909]
[num_class: 1]
[is_unbalance: 0]
[scale_pos_weight: 1]
[sigmoid: 1]
[boost_from_average: 1]
[reg_sqrt: 0]
[alpha: 0.9]
[fair_c: 1]
[poisson_max_delta_step: 0.7]
[tweedie_variance_power: 1.5]
[lambdarank_truncation_level: 30]
[lambdarank_norm: 1]
[label_gain: ]
[lambdarank_position_bias_regularization: 0]
[eval_at: ]
[multi_error_top_k: 1]
[auc_mu_weights: ]
[num_machines: 1]
[local_listen_port: 12400]
[time_out: 120]
[machine_list_filename: ]
[machines: ]
[gpu_platform_id: -1]
[gpu_device_id: -1]
[gpu_device_id_list: ]
[gpu_use_dp: 0]
[num_gpu: 1]

end of parameters
