primo	envios	tipo	ganancia	rank
141871	4000	public	253916667	1
141871	4500	public	284075000	1
141871	5000	public	292966667	1
141871	5500	public	318541667	1
141871	6000	public	337608333	1
141871	6500	public	342650000	1
141871	7000	public	362725000	1
141871	7500	public	359058333	1
141871	8000	public	371525000	1
141871	8500	public	384908333	1
141871	9000	public	382066667	1
141871	9500	public	386466667	1
141871	10000	public	379775000	1
141871	10500	public	394991667	1
141871	11000	public	394991667	1
141871	11500	public	397191667	1
141871	12000	public	405533333	1
141871	12500	public	410483333	1
141871	13000	public	409383333	1
141871	13500	public	407091667	1
141871	14000	public	399025000	1
141871	14500	public	392241667	1
141871	15000	public	382708333	1
141871	15500	public	390408333	1
141871	16000	public	387383333	1
141871	16500	public	387566667	1
141871	17000	public	380875000	1
141871	17500	public	379133333	1
141871	18000	public	373175000	1
141871	18500	public	371891667	1
141871	19000	public	380600000	1
141871	4000	private	263607143	1
141871	4500	private	284467857	1
141871	5000	private	301871429	1
141871	5500	private	313696429	1
141871	6000	private	333025000	1
141871	6500	private	342650000	1
141871	7000	private	341117857	1
141871	7500	private	356046429	1
141871	8000	private	354632143	1
141871	8500	private	357539286	1
141871	9000	private	367400000	1
141871	9500	private	372585714	1
141871	10000	private	373096429	1
141871	10500	private	368932143	1
141871	11000	private	368146429	1
141871	11500	private	369560714	1
141871	12000	private	377771429	1
141871	12500	private	385864286	1
141871	13000	private	382407143	1
141871	13500	private	373175000	1
141871	14000	private	369560714	1
141871	14500	private	368539286	1
141871	15000	private	362410714	1
141871	15500	private	366182143	1
141871	16000	private	360407143	1
141871	16500	private	356400000	1
141871	17000	private	360053571	1
141871	17500	private	352157143	1
141871	18000	private	347639286	1
141871	18500	private	339546429	1
141871	19000	private	339742857	1
152267	4000	public	250158333	1
152267	4500	public	269866667	1
152267	5000	public	283250000	1
152267	5500	public	306900000	1
152267	6000	public	329175000	1
152267	6500	public	343108333	1
152267	7000	public	343933333	1
152267	7500	public	358875000	1
152267	8000	public	3.74e+08	1
152267	8500	public	379225000	1
152267	9000	public	392058333	1
152267	9500	public	386191667	1
152267	10000	public	391141667	1
152267	10500	public	387933333	1
152267	11000	public	392791667	1
152267	11500	public	390866667	1
152267	12000	public	395541667	1
152267	12500	public	397100000	1
152267	13000	public	397466667	1
152267	13500	public	401683333	1
152267	14000	public	399208333	1
152267	14500	public	393616667	1
152267	15000	public	390408333	1
152267	15500	public	381608333	1
152267	16000	public	377941667	1
152267	16500	public	375191667	1
152267	17000	public	383075000	1
152267	17500	public	393066667	1
152267	18000	public	389491667	1
152267	18500	public	384266667	1
152267	19000	public	387566667	1
152267	4000	private	263646429	1
152267	4500	private	277985714	1
152267	5000	private	304464286	1
152267	5500	private	318685714	1
152267	6000	private	327210714	1
152267	6500	private	345596429	1
152267	7000	private	347600000	1
152267	7500	private	346696429	1
152267	8000	private	358285714	1
152267	8500	private	358403571	1
152267	9000	private	361546429	1
152267	9500	private	364846429	1
152267	10000	private	369796429	1
152267	10500	private	373528571	1
152267	11000	private	375375000	1
152267	11500	private	369128571	1
152267	12000	private	374196429	1
152267	12500	private	369600000	1
152267	13000	private	376514286	1
152267	13500	private	377064286	1
152267	14000	private	375767857	1
152267	14500	private	371092857	1
152267	15000	private	371682143	1
152267	15500	private	366810714	1
152267	16000	private	370739286	1
152267	16500	private	360132143	1
152267	17000	private	359110714	1
152267	17500	private	350900000	1
152267	18000	private	343789286	1
152267	18500	private	338957143	1
152267	19000	private	336757143	1
166297	4000	public	249516667	1
166297	4500	public	273808333	1
166297	5000	public	297183333	1
166297	5500	public	302041667	1
166297	6000	public	327158333	1
166297	6500	public	339441667	1
166297	7000	public	340816667	1
166297	7500	public	351083333	1
166297	8000	public	371433333	1
166297	8500	public	381516667	1
166297	9000	public	3.96e+08	1
166297	9500	public	388941667	1
166297	10000	public	393616667	1
166297	10500	public	384633333	1
166297	11000	public	377666667	1
166297	11500	public	381608333	1
166297	12000	public	387108333	1
166297	12500	public	389491667	1
166297	13000	public	401133333	1
166297	13500	public	402325000	1
166297	14000	public	403791667	1
166297	14500	public	401775000	1
166297	15000	public	398108333	1
166297	15500	public	390500000	1
166297	16000	public	379683333	1
166297	16500	public	373816667	1
166297	17000	public	381241667	1
166297	17500	public	371433333	1
166297	18000	public	381883333	1
166297	18500	public	372533333	1
166297	19000	public	361808333	1
166297	4000	private	259207143	1
166297	4500	private	276296429	1
166297	5000	private	309492857	1
166297	5500	private	316053571	1
166297	6000	private	328075000	1
166297	6500	private	333025000	1
166297	7000	private	339507143	1
166297	7500	private	354750000	1
166297	8000	private	356242857	1
166297	8500	private	355850000	1
166297	9000	private	361428571	1
166297	9500	private	357382143	1
166297	10000	private	357735714	1
166297	10500	private	363942857	1
166297	11000	private	364571429	1
166297	11500	private	368382143	1
166297	12000	private	374667857	1
166297	12500	private	374432143	1
166297	13000	private	371800000	1
166297	13500	private	373646429	1
166297	14000	private	370660714	1
166297	14500	private	370739286	1
166297	15000	private	363667857	1
166297	15500	private	355142857	1
166297	16000	private	354278571	1
166297	16500	private	352864286	1
166297	17000	private	359896429	1
166297	17500	private	358600000	1
166297	18000	private	348621429	1
166297	18500	private	345557143	1
166297	19000	private	339939286	1
188179	4000	public	272525000	1
188179	4500	public	281875000	1
188179	5000	public	308641667	1
188179	5500	public	311391667	1
188179	6000	public	335133333	1
188179	6500	public	350166667	1
188179	7000	public	3.52e+08	1
188179	7500	public	348241667	1
188179	8000	public	353741667	1
188179	8500	public	361900000	1
188179	9000	public	385366667	1
188179	9500	public	390683333	1
188179	10000	public	402233333	1
188179	10500	public	395725000	1
188179	11000	public	385183333	1
188179	11500	public	393800000	1
188179	12000	public	386466667	1
188179	12500	public	394625000	1
188179	13000	public	392608333	1
188179	13500	public	389766667	1
188179	14000	public	387016667	1
188179	14500	public	384633333	1
188179	15000	public	393891667	1
188179	15500	public	384450000	1
188179	16000	public	384633333	1
188179	16500	public	387475000	1
188179	17000	public	404250000	1
188179	17500	public	396916667	1
188179	18000	public	393800000	1
188179	18500	public	3.85e+08	1
188179	19000	public	382800000	1
188179	4000	private	268203571	1
188179	4500	private	290125000	1
188179	5000	private	298296429	1
188179	5500	private	312046429	1
188179	6000	private	326228571	1
188179	6500	private	334714286	1
188179	7000	private	344142857	1
188179	7500	private	349682143	1
188179	8000	private	352825000	1
188179	8500	private	367400000	1
188179	9000	private	369128571	1
188179	9500	private	367635714	1
188179	10000	private	372900000	1
188179	10500	private	379617857	1
188179	11000	private	375492857	1
188179	11500	private	378871429	1
188179	12000	private	374942857	1
188179	12500	private	376946429	1
188179	13000	private	377025000	1
188179	13500	private	372742857	1
188179	14000	private	366850000	1
188179	14500	private	367085714	1
188179	15000	private	360760714	1
188179	15500	private	353021429	1
188179	16000	private	353728571	1
188179	16500	private	356439286	1
188179	17000	private	350035714	1
188179	17500	private	347678571	1
188179	18000	private	341942857	1
188179	18500	private	340214286	1
188179	19000	private	334085714	1
405157	4000	public	261250000	1
405157	4500	public	269225000	1
405157	5000	public	295166667	1
405157	5500	public	314783333	1
405157	6000	public	315241667	1
405157	6500	public	343108333	1
405157	7000	public	358691667	1
405157	7500	public	359700000	1
405157	8000	public	364375000	1
405157	8500	public	364833333	1
405157	9000	public	388483333	1
405157	9500	public	382525000	1
405157	10000	public	391783333	1
405157	10500	public	385916667	1
405157	11000	public	387016667	1
405157	11500	public	384083333	1
405157	12000	public	389308333	1
405157	12500	public	397008333	1
405157	13000	public	390041667	1
405157	13500	public	380966667	1
405157	14000	public	374183333	1
405157	14500	public	389858333	1
405157	15000	public	395266667	1
405157	15500	public	388941667	1
405157	16000	public	392608333	1
405157	16500	public	393158333	1
405157	17000	public	382341667	1
405157	17500	public	380233333	1
405157	18000	public	373725000	1
405157	18500	public	366941667	1
405157	19000	public	369050000	1
405157	4000	private	266750000	1
405157	4500	private	282975000	1
405157	5000	private	305642857	1
405157	5500	private	313735714	1
405157	6000	private	323753571	1
405157	6500	private	334596429	1
405157	7000	private	349132143	1
405157	7500	private	352628571	1
405157	8000	private	359267857	1
405157	8500	private	3.63e+08	1
405157	9000	private	363078571	1
405157	9500	private	366417857	1
405157	10000	private	364807143	1
405157	10500	private	371250000	1
405157	11000	private	366850000	1
405157	11500	private	364178571	1
405157	12000	private	367439286	1
405157	12500	private	372782143	1
405157	13000	private	376553571	1
405157	13500	private	373371429	1
405157	14000	private	364492857	1
405157	14500	private	366417857	1
405157	15000	private	363314286	1
405157	15500	private	360525000	1
405157	16000	private	362882143	1
405157	16500	private	361860714	1
405157	17000	private	351567857	1
405157	17500	private	339114286	1
405157	18000	private	334832143	1
405157	18500	private	330667857	1
405157	19000	private	325835714	1
491299	4000	public	254008333	1
491299	4500	public	263725000	1
491299	5000	public	303508333	1
491299	5500	public	327250000	1
491299	6000	public	345858333	1
491299	6500	public	345491667	1
491299	7000	public	358508333	1
491299	7500	public	359516667	1
491299	8000	public	367950000	1
491299	8500	public	376200000	1
491299	9000	public	381425000	1
491299	9500	public	396366667	1
491299	10000	public	397558333	1
491299	10500	public	409750000	1
491299	11000	public	403333333	1
491299	11500	public	396458333	1
491299	12000	public	397558333	1
491299	12500	public	398016667	1
491299	13000	public	402141667	1
491299	13500	public	402783333	1
491299	14000	public	392241667	1
491299	14500	public	401591667	1
491299	15000	public	393433333	1
491299	15500	public	390316667	1
491299	16000	public	387658333	1
491299	16500	public	386375000	1
491299	17000	public	383350000	1
491299	17500	public	380600000	1
491299	18000	public	373725000	1
491299	18500	public	370241667	1
491299	19000	public	362908333	1
491299	4000	private	268282143	1
491299	4500	private	279046429	1
491299	5000	private	295782143	1
491299	5500	private	317821429	1
491299	6000	private	324775000	1
491299	6500	private	332003571	1
491299	7000	private	350782143	1
491299	7500	private	360564286	1
491299	8000	private	362450000	1
491299	8500	private	365985714	1
491299	9000	private	369246429	1
491299	9500	private	369914286	1
491299	10000	private	370189286	1
491299	10500	private	373607143	1
491299	11000	private	378714286	1
491299	11500	private	382446429	1
491299	12000	private	371760714	1
491299	12500	private	373921429	1
491299	13000	private	372939286	1
491299	13500	private	378164286	1
491299	14000	private	375610714	1
491299	14500	private	372389286	1
491299	15000	private	370385714	1
491299	15500	private	363078571	1
491299	16000	private	358717857	1
491299	16500	private	353767857	1
491299	17000	private	351135714	1
491299	17500	private	349957143	1
491299	18000	private	342689286	1
491299	18500	private	338682143	1
491299	19000	private	336325000	1
531911	4000	public	272341667	1
531911	4500	public	280958333	1
531911	5000	public	304608333	1
531911	5500	public	316891667	1
531911	6000	public	342466667	1
531911	6500	public	352825000	1
531911	7000	public	372533333	1
531911	7500	public	363550000	1
531911	8000	public	360525000	1
531911	8500	public	388025000	1
531911	9000	public	3.85e+08	1
531911	9500	public	386283333	1
531911	10000	public	388758333	1
531911	10500	public	385916667	1
531911	11000	public	390775000	1
531911	11500	public	392058333	1
531911	12000	public	393341667	1
531911	12500	public	400950000	1
531911	13000	public	397741667	1
531911	13500	public	392058333	1
531911	14000	public	396733333	1
531911	14500	public	390683333	1
531911	15000	public	388025000	1
531911	15500	public	384541667	1
531911	16000	public	380875000	1
531911	16500	public	387016667	1
531911	17000	public	376291667	1
531911	17500	public	385091667	1
531911	18000	public	375100000	1
531911	18500	public	371616667	1
531911	19000	public	361716667	1
531911	4000	private	265139286	1
531911	4500	private	287375000	1
531911	5000	private	293739286	1
531911	5500	private	311260714	1
531911	6000	private	327800000	1
531911	6500	private	328860714	1
531911	7000	private	332200000	1
531911	7500	private	354121429	1
531911	8000	private	360917857	1
531911	8500	private	360917857	1
531911	9000	private	359857143	1
531911	9500	private	364807143	1
531911	10000	private	367675000	1
531911	10500	private	371250000	1
531911	11000	private	373096429	1
531911	11500	private	371760714	1
531911	12000	private	378282143	1
531911	12500	private	380521429	1
531911	13000	private	381110714	1
531911	13500	private	393760714	1
531911	14000	private	386257143	1
531911	14500	private	377064286	1
531911	15000	private	372703571	1
531911	15500	private	365553571	1
531911	16000	private	361625000	1
531911	16500	private	366064286	1
531911	17000	private	357303571	1
531911	17500	private	346460714	1
531911	18000	private	342100000	1
531911	18500	private	338092857	1
531911	19000	private	338407143	1
542981	4000	public	265466667	1
542981	4500	public	284625000	1
542981	5000	public	297183333	1
542981	5500	public	326516667	1
542981	6000	public	331100000	1
542981	6500	public	336600000	1
542981	7000	public	352916667	1
542981	7500	public	366666667	1
542981	8000	public	359791667	1
542981	8500	public	379866667	1
542981	9000	public	388300000	1
542981	9500	public	380600000	1
542981	10000	public	378491667	1
542981	10500	public	383900000	1
542981	11000	public	385916667	1
542981	11500	public	389858333	1
542981	12000	public	390316667	1
542981	12500	public	388116667	1
542981	13000	public	386833333	1
542981	13500	public	399758333	1
542981	14000	public	393341667	1
542981	14500	public	397375000	1
542981	15000	public	393433333	1
542981	15500	public	391233333	1
542981	16000	public	388116667	1
542981	16500	public	395725000	1
542981	17000	public	396091667	1
542981	17500	public	398108333	1
542981	18000	public	383900000	1
542981	18500	public	384725000	1
542981	19000	public	371433333	1
542981	4000	private	268085714	1
542981	4500	private	288946429	1
542981	5000	private	298492857	1
542981	5500	private	318135714	1
542981	6000	private	324814286	1
542981	6500	private	335814286	1
542981	7000	private	337464286	1
542981	7500	private	338642857	1
542981	8000	private	348660714	1
542981	8500	private	353414286	1
542981	9000	private	360014286	1
542981	9500	private	365671429	1
542981	10000	private	367360714	1
542981	10500	private	372114286	1
542981	11000	private	370464286	1
542981	11500	private	369560714	1
542981	12000	private	370150000	1
542981	12500	private	362450000	1
542981	13000	private	370071429	1
542981	13500	private	368460714	1
542981	14000	private	373567857	1
542981	14500	private	371053571	1
542981	15000	private	362528571	1
542981	15500	private	354828571	1
542981	16000	private	350664286	1
542981	16500	private	345046429	1
542981	17000	private	339389286	1
542981	17500	private	340882143	1
542981	18000	private	332042857	1
542981	18500	private	329332143	1
542981	19000	private	324814286	1
817111	4000	public	257308333	1
817111	4500	public	283983333	1
817111	5000	public	307358333	1
817111	5500	public	326608333	1
817111	6000	public	337975000	1
817111	6500	public	339625000	1
817111	7000	public	339625000	1
817111	7500	public	356216667	1
817111	8000	public	364100000	1
817111	8500	public	376108333	1
817111	9000	public	369050000	1
817111	9500	public	381333333	1
817111	10000	public	383625000	1
817111	10500	public	380508333	1
817111	11000	public	384908333	1
817111	11500	public	396458333	1
817111	12000	public	394900000	1
817111	12500	public	392425000	1
817111	13000	public	394625000	1
817111	13500	public	388758333	1
817111	14000	public	389491667	1
817111	14500	public	396825000	1
817111	15000	public	390866667	1
817111	15500	public	384175000	1
817111	16000	public	373633333	1
817111	16500	public	372808333	1
817111	17000	public	366666667	1
817111	17500	public	371800000	1
817111	18000	public	375925000	1
817111	18500	public	377391667	1
817111	19000	public	369508333	1
817111	4000	private	266867857	1
817111	4500	private	278221429	1
817111	5000	private	295703571	1
817111	5500	private	307096429	1
817111	6000	private	323439286	1
817111	6500	private	337660714	1
817111	7000	private	347875000	1
817111	7500	private	350978571	1
817111	8000	private	365671429	1
817111	8500	private	364453571	1
817111	9000	private	369835714	1
817111	9500	private	370071429	1
817111	10000	private	365160714	1
817111	10500	private	370425000	1
817111	11000	private	378753571	1
817111	11500	private	374589286	1
817111	12000	private	372900000	1
817111	12500	private	379460714	1
817111	13000	private	374589286	1
817111	13500	private	373175000	1
817111	14000	private	368932143	1
817111	14500	private	365003571	1
817111	15000	private	363628571	1
817111	15500	private	364139286	1
817111	16000	private	355300000	1
817111	16500	private	350153571	1
817111	17000	private	344142857	1
817111	17500	private	344300000	1
817111	18000	private	343317857	1
817111	18500	private	334046429	1
817111	19000	private	328782143	1
862307	4000	public	260883333	1
862307	4500	public	278025000	1
862307	5000	public	289758333	1
862307	5500	public	319641667	1
862307	6000	public	334308333	1
862307	6500	public	339716667	1
862307	7000	public	351541667	1
862307	7500	public	363733333	1
862307	8000	public	371250000	1
862307	8500	public	372991667	1
862307	9000	public	380875000	1
862307	9500	public	383625000	1
862307	10000	public	387658333	1
862307	10500	public	384633333	1
862307	11000	public	390775000	1
862307	11500	public	397833333	1
862307	12000	public	393891667	1
862307	12500	public	380233333	1
862307	13000	public	378675000	1
862307	13500	public	387841667	1
862307	14000	public	386375000	1
862307	14500	public	388025000	1
862307	15000	public	380325000	1
862307	15500	public	376566667	1
862307	16000	public	365750000	1
862307	16500	public	370333333	1
862307	17000	public	368408333	1
862307	17500	public	379316667	1
862307	18000	public	384450000	1
862307	18500	public	378766667	1
862307	19000	public	372808333	1
862307	4000	private	257478571	1
862307	4500	private	276060714	1
862307	5000	private	290675000	1
862307	5500	private	313225000	1
862307	6000	private	328153571	1
862307	6500	private	342335714	1
862307	7000	private	342767857	1
862307	7500	private	349328571	1
862307	8000	private	356321429	1
862307	8500	private	361075000	1
862307	9000	private	367910714	1
862307	9500	private	375375000	1
862307	10000	private	377575000	1
862307	10500	private	373371429	1
862307	11000	private	377810714	1
862307	11500	private	375571429	1
862307	12000	private	376475000	1
862307	12500	private	376828571	1
862307	13000	private	376710714	1
862307	13500	private	375139286	1
862307	14000	private	370267857	1
862307	14500	private	373489286	1
862307	15000	private	365003571	1
862307	15500	private	359542857	1
862307	16000	private	350821429	1
862307	16500	private	341785714	1
862307	17000	private	348110714	1
862307	17500	private	342650000	1
862307	18000	private	342807143	1
862307	18500	private	338171429	1
862307	19000	private	333653571	1
141871	4000	public	265741667	2
141871	4500	public	277200000	2
141871	5000	public	293608333	2
141871	5500	public	3.08e+08	2
141871	6000	public	320008333	2
141871	6500	public	347233333	2
141871	7000	public	361441667	2
141871	7500	public	362541667	2
141871	8000	public	364283333	2
141871	8500	public	376475000	2
141871	9000	public	369600000	2
141871	9500	public	378125000	2
141871	10000	public	370975000	2
141871	10500	public	375283333	2
141871	11000	public	3.74e+08	2
141871	11500	public	380508333	2
141871	12000	public	376658333	2
141871	12500	public	377025000	2
141871	13000	public	376566667	2
141871	13500	public	376933333	2
141871	14000	public	370883333	2
141871	14500	public	379408333	2
141871	15000	public	390958333	2
141871	15500	public	389125000	2
141871	16000	public	379683333	2
141871	16500	public	389033333	2
141871	17000	public	379408333	2
141871	17500	public	371983333	2
141871	18000	public	369600000	2
141871	18500	public	359975000	2
141871	19000	public	364833333	2
141871	4000	private	269539286	2
141871	4500	private	288985714	2
141871	5000	private	300025000	2
141871	5500	private	316642857	2
141871	6000	private	320139286	2
141871	6500	private	332828571	2
141871	7000	private	335382143	2
141871	7500	private	340410714	2
141871	8000	private	353021429	2
141871	8500	private	353296429	2
141871	9000	private	363314286	2
141871	9500	private	365160714	2
141871	10000	private	370582143	2
141871	10500	private	371092857	2
141871	11000	private	370857143	2
141871	11500	private	381425000	2
141871	12000	private	377575000	2
141871	12500	private	386060714	2
141871	13000	private	394900000	2
141871	13500	private	386100000	2
141871	14000	private	381621429	2
141871	14500	private	380325000	2
141871	15000	private	369875000	2
141871	15500	private	362017857	2
141871	16000	private	354278571	2
141871	16500	private	351057143	2
141871	17000	private	344967857	2
141871	17500	private	337935714	2
141871	18000	private	341314286	2
141871	18500	private	332082143	2
141871	19000	private	327642857	2
152267	4000	public	261616667	2
152267	4500	public	277200000	2
152267	5000	public	285175000	2
152267	5500	public	299200000	2
152267	6000	public	312216667	2
152267	6500	public	335775000	2
152267	7000	public	354658333	2
152267	7500	public	359791667	2
152267	8000	public	361716667	2
152267	8500	public	376383333	2
152267	9000	public	377758333	2
152267	9500	public	374550000	2
152267	10000	public	379133333	2
152267	10500	public	381150000	2
152267	11000	public	381700000	2
152267	11500	public	382250000	2
152267	12000	public	390408333	2
152267	12500	public	390775000	2
152267	13000	public	381241667	2
152267	13500	public	393341667	2
152267	14000	public	397466667	2
152267	14500	public	392883333	2
152267	15000	public	387841667	2
152267	15500	public	384908333	2
152267	16000	public	389033333	2
152267	16500	public	386283333	2
152267	17000	public	380508333	2
152267	17500	public	379500000	2
152267	18000	public	369416667	2
152267	18500	public	370241667	2
152267	19000	public	358233333	2
152267	4000	private	265021429	2
152267	4500	private	287414286	2
152267	5000	private	294210714	2
152267	5500	private	309414286	2
152267	6000	private	315621429	2
152267	6500	private	328310714	2
152267	7000	private	333575000	2
152267	7500	private	347875000	2
152267	8000	private	365121429	2
152267	8500	private	365907143	2
152267	9000	private	366103571	2
152267	9500	private	369835714	2
152267	10000	private	374942857	2
152267	10500	private	371721429	2
152267	11000	private	375414286	2
152267	11500	private	374392857	2
152267	12000	private	379539286	2
152267	12500	private	383310714	2
152267	13000	private	385039286	2
152267	13500	private	380639286	2
152267	14000	private	376514286	2
152267	14500	private	372978571	2
152267	15000	private	361782143	2
152267	15500	private	357539286	2
152267	16000	private	350271429	2
152267	16500	private	353807143	2
152267	17000	private	344496429	2
152267	17500	private	342571429	2
152267	18000	private	335107143	2
152267	18500	private	332396429	2
152267	19000	private	325757143	2
166297	4000	public	258316667	2
166297	4500	public	278208333	2
166297	5000	public	288933333	2
166297	5500	public	294250000	2
166297	6000	public	320833333	2
166297	6500	public	336875000	2
166297	7000	public	347050000	2
166297	7500	public	361441667	2
166297	8000	public	371525000	2
166297	8500	public	372350000	2
166297	9000	public	385183333	2
166297	9500	public	386191667	2
166297	10000	public	392608333	2
166297	10500	public	389858333	2
166297	11000	public	379866667	2
166297	11500	public	385091667	2
166297	12000	public	389400000	2
166297	12500	public	398841667	2
166297	13000	public	409383333	2
166297	13500	public	407641667	2
166297	14000	public	405350000	2
166297	14500	public	395358333	2
166297	15000	public	393891667	2
166297	15500	public	394808333	2
166297	16000	public	385183333	2
166297	16500	public	385275000	2
166297	17000	public	369050000	2
166297	17500	public	362816667	2
166297	18000	public	364375000	2
166297	18500	public	361991667	2
166297	19000	public	362816667	2
166297	4000	private	264864286	2
166297	4500	private	283839286	2
166297	5000	private	298885714	2
166297	5500	private	306821429	2
166297	6000	private	321357143	2
166297	6500	private	335696429	2
166297	7000	private	338407143	2
166297	7500	private	345596429	2
166297	8000	private	353060714	2
166297	8500	private	359778571	2
166297	9000	private	361350000	2
166297	9500	private	367989286	2
166297	10000	private	369167857	2
166297	10500	private	364846429	2
166297	11000	private	366771429	2
166297	11500	private	366889286	2
166297	12000	private	373685714	2
166297	12500	private	373567857	2
166297	13000	private	365121429	2
166297	13500	private	371367857	2
166297	14000	private	366850000	2
166297	14500	private	376632143	2
166297	15000	private	368617857	2
166297	15500	private	358010714	2
166297	16000	private	358207143	2
166297	16500	private	347953571	2
166297	17000	private	341550000	2
166297	17500	private	337150000	2
166297	18000	private	335696429	2
166297	18500	private	329646429	2
166297	19000	private	323792857	2
188179	4000	public	262350000	2
188179	4500	public	277658333	2
188179	5000	public	290583333	2
188179	5500	public	300758333	2
188179	6000	public	320650000	2
188179	6500	public	335591667	2
188179	7000	public	364650000	2
188179	7500	public	365475000	2
188179	8000	public	367858333	2
188179	8500	public	372625000	2
188179	9000	public	373725000	2
188179	9500	public	377758333	2
188179	10000	public	382708333	2
188179	10500	public	387933333	2
188179	11000	public	389033333	2
188179	11500	public	385458333	2
188179	12000	public	390133333	2
188179	12500	public	383441667	2
188179	13000	public	381608333	2
188179	13500	public	394441667	2
188179	14000	public	399575000	2
188179	14500	public	395358333	2
188179	15000	public	395358333	2
188179	15500	public	393433333	2
188179	16000	public	388116667	2
188179	16500	public	386008333	2
188179	17000	public	382983333	2
188179	17500	public	372808333	2
188179	18000	public	377758333	2
188179	18500	public	371158333	2
188179	19000	public	369233333	2
188179	4000	private	275707143	2
188179	4500	private	290360714	2
188179	5000	private	298178571	2
188179	5500	private	308746429	2
188179	6000	private	323007143	2
188179	6500	private	329960714	2
188179	7000	private	337150000	2
188179	7500	private	350153571	2
188179	8000	private	351489286	2
188179	8500	private	348660714	2
188179	9000	private	364689286	2
188179	9500	private	365317857	2
188179	10000	private	368696429	2
188179	10500	private	364100000	2
188179	11000	private	365985714	2
188179	11500	private	368303571	2
188179	12000	private	374942857	2
188179	12500	private	377025000	2
188179	13000	private	373882143	2
188179	13500	private	375453571	2
188179	14000	private	370896429	2
188179	14500	private	362489286	2
188179	15000	private	363275000	2
188179	15500	private	357028571	2
188179	16000	private	353807143	2
188179	16500	private	350782143	2
188179	17000	private	341864286	2
188179	17500	private	336010714	2
188179	18000	private	329960714	2
188179	18500	private	325717857	2
188179	19000	private	321042857	2
405157	4000	public	270325000	2
405157	4500	public	278116667	2
405157	5000	public	287100000	2
405157	5500	public	301308333	2
405157	6000	public	330825000	2
405157	6500	public	342466667	2
405157	7000	public	365383333	2
405157	7500	public	369508333	2
405157	8000	public	375283333	2
405157	8500	public	383533333	2
405157	9000	public	380325000	2
405157	9500	public	388391667	2
405157	10000	public	400675000	2
405157	10500	public	395266667	2
405157	11000	public	381150000	2
405157	11500	public	373633333	2
405157	12000	public	382158333	2
405157	12500	public	388025000	2
405157	13000	public	388666667	2
405157	13500	public	382341667	2
405157	14000	public	391233333	2
405157	14500	public	399208333	2
405157	15000	public	393158333	2
405157	15500	public	391783333	2
405157	16000	public	384908333	2
405157	16500	public	379591667	2
405157	17000	public	377850000	2
405157	17500	public	366575000	2
405157	18000	public	363183333	2
405157	18500	public	359791667	2
405157	19000	public	367308333	2
405157	4000	private	266003571	2
405157	4500	private	288592857	2
405157	5000	private	299671429	2
405157	5500	private	313225000	2
405157	6000	private	328075000	2
405157	6500	private	327014286	2
405157	7000	private	349407143	2
405157	7500	private	353139286	2
405157	8000	private	356164286	2
405157	8500	private	362842857	2
405157	9000	private	366575000	2
405157	9500	private	365475000	2
405157	10000	private	368853571	2
405157	10500	private	376671429	2
405157	11000	private	385078571	2
405157	11500	private	384371429	2
405157	12000	private	386217857	2
405157	12500	private	384489286	2
405157	13000	private	378714286	2
405157	13500	private	379067857	2
405157	14000	private	374471429	2
405157	14500	private	370267857	2
405157	15000	private	367360714	2
405157	15500	private	365592857	2
405157	16000	private	358325000	2
405157	16500	private	353532143	2
405157	17000	private	344064286	2
405157	17500	private	338682143	2
405157	18000	private	333064286	2
405157	18500	private	327446429	2
405157	19000	private	323439286	2
491299	4000	public	258041667	2
491299	4500	public	274175000	2
491299	5000	public	283066667	2
491299	5500	public	305800000	2
491299	6000	public	327891667	2
491299	6500	public	346683333	2
491299	7000	public	354200000	2
491299	7500	public	351725000	2
491299	8000	public	364191667	2
491299	8500	public	373450000	2
491299	9000	public	381608333	2
491299	9500	public	374275000	2
491299	10000	public	382158333	2
491299	10500	public	394991667	2
491299	11000	public	388208333	2
491299	11500	public	382066667	2
491299	12000	public	384175000	2
491299	12500	public	380966667	2
491299	13000	public	377483333	2
491299	13500	public	373816667	2
491299	14000	public	374366667	2
491299	14500	public	383625000	2
491299	15000	public	382158333	2
491299	15500	public	382616667	2
491299	16000	public	376750000	2
491299	16500	public	396458333	2
491299	17000	public	391325000	2
491299	17500	public	378400000	2
491299	18000	public	374091667	2
491299	18500	public	369325000	2
491299	19000	public	373083333	2
491299	4000	private	266553571	2
491299	4500	private	283996429	2
491299	5000	private	293542857	2
491299	5500	private	311300000	2
491299	6000	private	321475000	2
491299	6500	private	336207143	2
491299	7000	private	336914286	2
491299	7500	private	341903571	2
491299	8000	private	351489286	2
491299	8500	private	356164286	2
491299	9000	private	367596429	2
491299	9500	private	366810714	2
491299	10000	private	368932143	2
491299	10500	private	364217857	2
491299	11000	private	369482143	2
491299	11500	private	379185714	2
491299	12000	private	380639286	2
491299	12500	private	381228571	2
491299	13000	private	377221429	2
491299	13500	private	376435714	2
491299	14000	private	370700000	2
491299	14500	private	362803571	2
491299	15000	private	362646429	2
491299	15500	private	358521429	2
491299	16000	private	355535714	2
491299	16500	private	346303571	2
491299	17000	private	344575000	2
491299	17500	private	343042857	2
491299	18000	private	336246429	2
491299	18500	private	329646429	2
491299	19000	private	325678571	2
531911	4000	public	254558333	2
531911	4500	public	270233333	2
531911	5000	public	290125000	2
531911	5500	public	304791667	2
531911	6000	public	319275000	2
531911	6500	public	337791667	2
531911	7000	public	350350000	2
531911	7500	public	344666667	2
531911	8000	public	354750000	2
531911	8500	public	365200000	2
531911	9000	public	374275000	2
531911	9500	public	375925000	2
531911	10000	public	388391667	2
531911	10500	public	396275000	2
531911	11000	public	385825000	2
531911	11500	public	386650000	2
531911	12000	public	387291667	2
531911	12500	public	391783333	2
531911	13000	public	385825000	2
531911	13500	public	375833333	2
531911	14000	public	371616667	2
531911	14500	public	380691667	2
531911	15000	public	374091667	2
531911	15500	public	378583333	2
531911	16000	public	379316667	2
531911	16500	public	377758333	2
531911	17000	public	383258333	2
531911	17500	public	376383333	2
531911	18000	public	380966667	2
531911	18500	public	374091667	2
531911	19000	public	368225000	2
531911	4000	private	268046429	2
531911	4500	private	285685714	2
531911	5000	private	299946429	2
531911	5500	private	311732143	2
531911	6000	private	328310714	2
531911	6500	private	325875000	2
531911	7000	private	335421429	2
531911	7500	private	344928571	2
531911	8000	private	349250000	2
531911	8500	private	351842857	2
531911	9000	private	359739286	2
531911	9500	private	367675000	2
531911	10000	private	370975000	2
531911	10500	private	382525000	2
531911	11000	private	378360714	2
531911	11500	private	378792857	2
531911	12000	private	376160714	2
531911	12500	private	381307143	2
531911	13000	private	370503571	2
531911	13500	private	377142857	2
531911	14000	private	375021429	2
531911	14500	private	378203571	2
531911	15000	private	372389286	2
531911	15500	private	366535714	2
531911	16000	private	359150000	2
531911	16500	private	352746429	2
531911	17000	private	344889286	2
531911	17500	private	342335714	2
531911	18000	private	334871429	2
531911	18500	private	332317857	2
531911	19000	private	329332143	2
542981	4000	public	269133333	2
542981	4500	public	284991667	2
542981	5000	public	300758333	2
542981	5500	public	312950000	2
542981	6000	public	330825000	2
542981	6500	public	346591667	2
542981	7000	public	359150000	2
542981	7500	public	3.63e+08	2
542981	8000	public	374183333	2
542981	8500	public	372533333	2
542981	9000	public	376566667	2
542981	9500	public	3.74e+08	2
542981	10000	public	367766667	2
542981	10500	public	383441667	2
542981	11000	public	373083333	2
542981	11500	public	381241667	2
542981	12000	public	377666667	2
542981	12500	public	372166667	2
542981	13000	public	382250000	2
542981	13500	public	374733333	2
542981	14000	public	380783333	2
542981	14500	public	383900000	2
542981	15000	public	381241667	2
542981	15500	public	382708333	2
542981	16000	public	380875000	2
542981	16500	public	377850000	2
542981	17000	public	372075000	2
542981	17500	public	368500000	2
542981	18000	public	365108333	2
542981	18500	public	355300000	2
542981	19000	public	351266667	2
542981	4000	private	260228571	2
542981	4500	private	284075000	2
542981	5000	private	303246429	2
542981	5500	private	312950000	2
542981	6000	private	328075000	2
542981	6500	private	331532143	2
542981	7000	private	345792857	2
542981	7500	private	360642857	2
542981	8000	private	362921429	2
542981	8500	private	356557143	2
542981	9000	private	361900000	2
542981	9500	private	363785714	2
542981	10000	private	367242857	2
542981	10500	private	369167857	2
542981	11000	private	361821429	2
542981	11500	private	366967857	2
542981	12000	private	3.63e+08	2
542981	12500	private	369285714	2
542981	13000	private	368892857	2
542981	13500	private	368185714	2
542981	14000	private	372664286	2
542981	14500	private	373685714	2
542981	15000	private	367753571	2
542981	15500	private	363196429	2
542981	16000	private	360053571	2
542981	16500	private	351135714	2
542981	17000	private	344967857	2
542981	17500	private	350428571	2
542981	18000	private	347953571	2
542981	18500	private	337228571	2
542981	19000	private	328742857	2
817111	4000	public	265466667	2
817111	4500	public	282975000	2
817111	5000	public	281508333	2
817111	5500	public	282516667	2
817111	6000	public	320100000	2
817111	6500	public	335591667	2
817111	7000	public	348975000	2
817111	7500	public	355575000	2
817111	8000	public	367491667	2
817111	8500	public	372991667	2
817111	9000	public	377758333	2
817111	9500	public	372258333	2
817111	10000	public	373450000	2
817111	10500	public	380416667	2
817111	11000	public	373633333	2
817111	11500	public	378033333	2
817111	12000	public	386925000	2
817111	12500	public	387750000	2
817111	13000	public	385458333	2
817111	13500	public	392608333	2
817111	14000	public	397925000	2
817111	14500	public	392791667	2
817111	15000	public	393341667	2
817111	15500	public	383441667	2
817111	16000	public	377483333	2
817111	16500	public	381700000	2
817111	17000	public	376108333	2
817111	17500	public	376750000	2
817111	18000	public	373725000	2
817111	18500	public	360616667	2
817111	19000	public	357500000	2
817111	4000	private	264942857	2
817111	4500	private	277082143	2
817111	5000	private	291067857	2
817111	5500	private	308707143	2
817111	6000	private	324814286	2
817111	6500	private	336246429	2
817111	7000	private	345439286	2
817111	7500	private	351253571	2
817111	8000	private	351646429	2
817111	8500	private	353217857	2
817111	9000	private	351960714	2
817111	9500	private	364532143	2
817111	10000	private	377378571	2
817111	10500	private	379892857	2
817111	11000	private	374157143	2
817111	11500	private	371485714	2
817111	12000	private	382603571	2
817111	12500	private	381464286	2
817111	13000	private	378517857	2
817111	13500	private	385667857	2
817111	14000	private	376317857	2
817111	14500	private	373017857	2
817111	15000	private	368853571	2
817111	15500	private	370739286	2
817111	16000	private	364650000	2
817111	16500	private	358914286	2
817111	17000	private	351096429	2
817111	17500	private	345321429	2
817111	18000	private	337975000	2
817111	18500	private	328664286	2
817111	19000	private	322928571	2
862307	4000	public	272341667	2
862307	4500	public	274266667	2
862307	5000	public	289300000	2
862307	5500	public	301308333	2
862307	6000	public	316433333	2
862307	6500	public	339441667	2
862307	7000	public	344850000	2
862307	7500	public	348791667	2
862307	8000	public	368041667	2
862307	8500	public	369325000	2
862307	9000	public	371158333	2
862307	9500	public	374916667	2
862307	10000	public	379958333	2
862307	10500	public	380691667	2
862307	11000	public	374550000	2
862307	11500	public	375833333	2
862307	12000	public	369600000	2
862307	12500	public	377208333	2
862307	13000	public	382158333	2
862307	13500	public	382708333	2
862307	14000	public	376566667	2
862307	14500	public	390775000	2
862307	15000	public	396091667	2
862307	15500	public	382066667	2
862307	16000	public	383991667	2
862307	16500	public	392791667	2
862307	17000	public	381150000	2
862307	17500	public	373175000	2
862307	18000	public	366483333	2
862307	18500	public	362450000	2
862307	19000	public	349433333	2
862307	4000	private	272996429	2
862307	4500	private	282385714	2
862307	5000	private	300300000	2
862307	5500	private	308510714	2
862307	6000	private	321671429	2
862307	6500	private	331453571	2
862307	7000	private	340921429	2
862307	7500	private	344732143	2
862307	8000	private	356125000	2
862307	8500	private	354789286	2
862307	9000	private	362646429	2
862307	9500	private	364964286	2
862307	10000	private	373017857	2
862307	10500	private	365632143	2
862307	11000	private	364335714	2
862307	11500	private	366142857	2
862307	12000	private	364885714	2
862307	12500	private	367125000	2
862307	13000	private	375217857	2
862307	13500	private	378910714	2
862307	14000	private	368185714	2
862307	14500	private	373882143	2
862307	15000	private	369246429	2
862307	15500	private	360328571	2
862307	16000	private	355575000	2
862307	16500	private	352589286	2
862307	17000	private	345792857	2
862307	17500	private	342139286	2
862307	18000	private	333221429	2
862307	18500	private	326307143	2
862307	19000	private	316957143	2
141871	4000	public	267300000	3
141871	4500	public	290675000	3
141871	5000	public	309650000	3
141871	5500	public	325600000	3
141871	6000	public	320191667	3
141871	6500	public	324500000	3
141871	7000	public	338800000	3
141871	7500	public	366758333	3
141871	8000	public	369691667	3
141871	8500	public	381608333	3
141871	9000	public	382250000	3
141871	9500	public	380783333	3
141871	10000	public	374366667	3
141871	10500	public	392975000	3
141871	11000	public	401775000	3
141871	11500	public	416716667	3
141871	12000	public	414150000	3
141871	12500	public	418916667	3
141871	13000	public	414333333	3
141871	13500	public	411491667	3
141871	14000	public	409200000	3
141871	14500	public	414058333	3
141871	15000	public	405350000	3
141871	15500	public	403058333	3
141871	16000	public	387841667	3
141871	16500	public	381791667	3
141871	17000	public	384725000	3
141871	17500	public	387566667	3
141871	18000	public	384450000	3
141871	18500	public	382983333	3
141871	19000	public	380325000	3
141871	4000	private	264157143	3
141871	4500	private	291067857	3
141871	5000	private	301007143	3
141871	5500	private	309100000	3
141871	6000	private	327917857	3
141871	6500	private	336285714	3
141871	7000	private	349800000	3
141871	7500	private	357460714	3
141871	8000	private	374275000	3
141871	8500	private	374667857	3
141871	9000	private	372035714	3
141871	9500	private	370307143	3
141871	10000	private	373842857	3
141871	10500	private	372939286	3
141871	11000	private	368382143	3
141871	11500	private	369050000	3
141871	12000	private	366221429	3
141871	12500	private	366535714	3
141871	13000	private	372428571	3
141871	13500	private	374432143	3
141871	14000	private	373057143	3
141871	14500	private	367046429	3
141871	15000	private	371564286	3
141871	15500	private	368617857	3
141871	16000	private	363353571	3
141871	16500	private	357303571	3
141871	17000	private	350546429	3
141871	17500	private	348542857	3
141871	18000	private	347521429	3
141871	18500	private	347364286	3
141871	19000	private	341432143	3
152267	4000	public	262991667	3
152267	4500	public	287008333	3
152267	5000	public	291866667	3
152267	5500	public	301216667	3
152267	6000	public	323308333	3
152267	6500	public	338708333	3
152267	7000	public	347141667	3
152267	7500	public	355758333	3
152267	8000	public	363733333	3
152267	8500	public	365108333	3
152267	9000	public	376566667	3
152267	9500	public	376291667	3
152267	10000	public	370883333	3
152267	10500	public	378583333	3
152267	11000	public	391325000	3
152267	11500	public	402783333	3
152267	12000	public	423316667	3
152267	12500	public	417266667	3
152267	13000	public	414425000	3
152267	13500	public	409200000	3
152267	14000	public	410300000	3
152267	14500	public	408741667	3
152267	15000	public	399025000	3
152267	15500	public	396183333	3
152267	16000	public	386833333	3
152267	16500	public	387291667	3
152267	17000	public	399483333	3
152267	17500	public	397008333	3
152267	18000	public	386191667	3
152267	18500	public	383991667	3
152267	19000	public	377941667	3
152267	4000	private	266003571	3
152267	4500	private	281639286	3
152267	5000	private	294485714	3
152267	5500	private	306978571	3
152267	6000	private	328153571	3
152267	6500	private	334910714	3
152267	7000	private	344653571	3
152267	7500	private	355889286	3
152267	8000	private	362685714	3
152267	8500	private	361310714	3
152267	9000	private	366614286	3
152267	9500	private	381660714	3
152267	10000	private	386335714	3
152267	10500	private	382250000	3
152267	11000	private	376003571	3
152267	11500	private	379735714	3
152267	12000	private	382721429	3
152267	12500	private	378242857	3
152267	13000	private	375532143	3
152267	13500	private	372271429	3
152267	14000	private	371014286	3
152267	14500	private	370896429	3
152267	15000	private	366417857	3
152267	15500	private	363707143	3
152267	16000	private	362214286	3
152267	16500	private	361232143	3
152267	17000	private	355221429	3
152267	17500	private	347639286	3
152267	18000	private	348346429	3
152267	18500	private	340646429	3
152267	19000	private	334596429	3
166297	4000	public	261708333	3
166297	4500	public	277291667	3
166297	5000	public	288658333	3
166297	5500	public	303783333	3
166297	6000	public	333025000	3
166297	6500	public	337150000	3
166297	7000	public	340083333	3
166297	7500	public	355208333	3
166297	8000	public	364100000	3
166297	8500	public	379866667	3
166297	9000	public	386833333	3
166297	9500	public	377941667	3
166297	10000	public	369325000	3
166297	10500	public	371158333	3
166297	11000	public	387108333	3
166297	11500	public	405808333	3
166297	12000	public	394900000	3
166297	12500	public	388391667	3
166297	13000	public	396550000	3
166297	13500	public	401683333	3
166297	14000	public	403425000	3
166297	14500	public	410758333	3
166297	15000	public	407366667	3
166297	15500	public	394258333	3
166297	16000	public	387750000	3
166297	16500	public	385458333	3
166297	17000	public	373725000	3
166297	17500	public	382250000	3
166297	18000	public	372075000	3
166297	18500	public	373633333	3
166297	19000	public	369966667	3
166297	4000	private	261839286	3
166297	4500	private	281089286	3
166297	5000	private	302146429	3
166297	5500	private	324735714	3
166297	6000	private	328703571	3
166297	6500	private	335578571	3
166297	7000	private	342964286	3
166297	7500	private	352982143	3
166297	8000	private	357814286	3
166297	8500	private	361271429	3
166297	9000	private	373214286	3
166297	9500	private	380953571	3
166297	10000	private	383860714	3
166297	10500	private	376003571	3
166297	11000	private	371525000	3
166297	11500	private	372153571	3
166297	12000	private	372900000	3
166297	12500	private	374903571	3
166297	13000	private	373764286	3
166297	13500	private	375492857	3
166297	14000	private	373960714	3
166297	14500	private	365317857	3
166297	15000	private	370700000	3
166297	15500	private	356675000	3
166297	16000	private	353964286	3
166297	16500	private	347875000	3
166297	17000	private	342689286	3
166297	17500	private	342964286	3
166297	18000	private	341825000	3
166297	18500	private	338800000	3
166297	19000	private	334871429	3
188179	4000	public	267941667	3
188179	4500	public	272800000	3
188179	5000	public	285358333	3
188179	5500	public	315608333	3
188179	6000	public	323766667	3
188179	6500	public	331741667	3
188179	7000	public	344575000	3
188179	7500	public	345491667	3
188179	8000	public	348516667	3
188179	8500	public	384816667	3
188179	9000	public	389675000	3
188179	9500	public	384816667	3
188179	10000	public	394075000	3
188179	10500	public	397191667	3
188179	11000	public	389583333	3
188179	11500	public	386833333	3
188179	12000	public	397925000	3
188179	12500	public	397466667	3
188179	13000	public	409750000	3
188179	13500	public	411033333	3
188179	14000	public	408008333	3
188179	14500	public	398933333	3
188179	15000	public	392608333	3
188179	15500	public	378308333	3
188179	16000	public	378675000	3
188179	16500	public	376475000	3
188179	17000	public	384266667	3
188179	17500	public	374091667	3
188179	18000	public	371800000	3
188179	18500	public	372258333	3
188179	19000	public	373633333	3
188179	4000	private	262310714	3
188179	4500	private	294014286	3
188179	5000	private	301989286	3
188179	5500	private	308667857	3
188179	6000	private	318528571	3
188179	6500	private	336325000	3
188179	7000	private	350467857	3
188179	7500	private	346146429	3
188179	8000	private	347207143	3
188179	8500	private	352864286	3
188179	9000	private	365710714	3
188179	9500	private	367007143	3
188179	10000	private	373253571	3
188179	10500	private	372703571	3
188179	11000	private	368892857	3
188179	11500	private	380285714	3
188179	12000	private	376317857	3
188179	12500	private	372585714	3
188179	13000	private	372821429	3
188179	13500	private	371485714	3
188179	14000	private	375139286	3
188179	14500	private	375100000	3
188179	15000	private	370739286	3
188179	15500	private	363510714	3
188179	16000	private	354710714	3
188179	16500	private	353296429	3
188179	17000	private	347600000	3
188179	17500	private	343317857	3
188179	18000	private	340371429	3
188179	18500	private	345675000	3
188179	19000	private	342728571	3
405157	4000	public	2.53e+08	3
405157	4500	public	268950000	3
405157	5000	public	273166667	3
405157	5500	public	292416667	3
405157	6000	public	312766667	3
405157	6500	public	328075000	3
405157	7000	public	336691667	3
405157	7500	public	353833333	3
405157	8000	public	360983333	3
405157	8500	public	362450000	3
405157	9000	public	375741667	3
405157	9500	public	387933333	3
405157	10000	public	382158333	3
405157	10500	public	383441667	3
405157	11000	public	403058333	3
405157	11500	public	393433333	3
405157	12000	public	404341667	3
405157	12500	public	408375000	3
405157	13000	public	417908333	3
405157	13500	public	416166667	3
405157	14000	public	414883333	3
405157	14500	public	413875000	3
405157	15000	public	412316667	3
405157	15500	public	402691667	3
405157	16000	public	393433333	3
405157	16500	public	386558333	3
405157	17000	public	380141667	3
405157	17500	public	376658333	3
405157	18000	public	379775000	3
405157	18500	public	370425000	3
405157	19000	public	376108333	3
405157	4000	private	268714286	3
405157	4500	private	283092857	3
405157	5000	private	302500000	3
405157	5500	private	318607143	3
405157	6000	private	335814286	3
405157	6500	private	347325000	3
405157	7000	private	345989286	3
405157	7500	private	347285714	3
405157	8000	private	352864286	3
405157	8500	private	365592857	3
405157	9000	private	366967857	3
405157	9500	private	367242857	3
405157	10000	private	372075000	3
405157	10500	private	373882143	3
405157	11000	private	375689286	3
405157	11500	private	377457143	3
405157	12000	private	373567857	3
405157	12500	private	375767857	3
405157	13000	private	380325000	3
405157	13500	private	377142857	3
405157	14000	private	372192857	3
405157	14500	private	368696429	3
405157	15000	private	365435714	3
405157	15500	private	365632143	3
405157	16000	private	359385714	3
405157	16500	private	358403571	3
405157	17000	private	354082143	3
405157	17500	private	346932143	3
405157	18000	private	351096429	3
405157	18500	private	348032143	3
405157	19000	private	344810714	3
491299	4000	public	260333333	3
491299	4500	public	276375000	3
491299	5000	public	306625000	3
491299	5500	public	317625000	3
491299	6000	public	325600000	3
491299	6500	public	331558333	3
491299	7000	public	337608333	3
491299	7500	public	342375000	3
491299	8000	public	352916667	3
491299	8500	public	363366667	3
491299	9000	public	375925000	3
491299	9500	public	380875000	3
491299	10000	public	3.85e+08	3
491299	10500	public	382800000	3
491299	11000	public	388483333	3
491299	11500	public	396641667	3
491299	12000	public	404616667	3
491299	12500	public	402691667	3
491299	13000	public	400125000	3
491299	13500	public	398291667	3
491299	14000	public	394350000	3
491299	14500	public	389216667	3
491299	15000	public	397375000	3
491299	15500	public	387566667	3
491299	16000	public	380600000	3
491299	16500	public	385275000	3
491299	17000	public	385550000	3
491299	17500	public	378308333	3
491299	18000	public	378858333	3
491299	18500	public	367950000	3
491299	19000	public	370975000	3
491299	4000	private	265571429	3
491299	4500	private	284625000	3
491299	5000	private	305446429	3
491299	5500	private	317232143	3
491299	6000	private	328742857	3
491299	6500	private	336403571	3
491299	7000	private	347167857	3
491299	7500	private	358482143	3
491299	8000	private	364178571	3
491299	8500	private	363628571	3
491299	9000	private	368460714	3
491299	9500	private	363982143	3
491299	10000	private	375571429	3
491299	10500	private	378871429	3
491299	11000	private	383507143	3
491299	11500	private	380796429	3
491299	12000	private	376592857	3
491299	12500	private	382917857	3
491299	13000	private	380089286	3
491299	13500	private	378517857	3
491299	14000	private	373135714	3
491299	14500	private	376121429	3
491299	15000	private	371839286	3
491299	15500	private	372114286	3
491299	16000	private	363314286	3
491299	16500	private	355810714	3
491299	17000	private	347050000	3
491299	17500	private	346225000	3
491299	18000	private	340489286	3
491299	18500	private	336521429	3
491299	19000	private	334439286	3
531911	4000	public	265008333	3
531911	4500	public	283891667	3
531911	5000	public	306533333	3
531911	5500	public	329541667	3
531911	6000	public	333300000	3
531911	6500	public	339533333	3
531911	7000	public	344208333	3
531911	7500	public	348608333	3
531911	8000	public	355941667	3
531911	8500	public	371341667	3
531911	9000	public	380050000	3
531911	9500	public	378400000	3
531911	10000	public	378675000	3
531911	10500	public	388116667	3
531911	11000	public	403700000	3
531911	11500	public	393708333	3
531911	12000	public	390316667	3
531911	12500	public	398475000	3
531911	13000	public	408008333	3
531911	13500	public	397375000	3
531911	14000	public	4.07e+08	3
531911	14500	public	404983333	3
531911	15000	public	398383333	3
531911	15500	public	391691667	3
531911	16000	public	385733333	3
531911	16500	public	382525000	3
531911	17000	public	385825000	3
531911	17500	public	378033333	3
531911	18000	public	374916667	3
531911	18500	public	372258333	3
531911	19000	public	366666667	3
531911	4000	private	266710714	3
531911	4500	private	286117857	3
531911	5000	private	310200000	3
531911	5500	private	313696429	3
531911	6000	private	331728571	3
531911	6500	private	334557143	3
531911	7000	private	336482143	3
531911	7500	private	341667857	3
531911	8000	private	355025000	3
531911	8500	private	360210714	3
531911	9000	private	368264286	3
531911	9500	private	366614286	3
531911	10000	private	370425000	3
531911	10500	private	378164286	3
531911	11000	private	378557143	3
531911	11500	private	380482143	3
531911	12000	private	381150000	3
531911	12500	private	378439286	3
531911	13000	private	376710714	3
531911	13500	private	377339286	3
531911	14000	private	375571429	3
531911	14500	private	372507143	3
531911	15000	private	368264286	3
531911	15500	private	364060714	3
531911	16000	private	365828571	3
531911	16500	private	358560714	3
531911	17000	private	351646429	3
531911	17500	private	346342857	3
531911	18000	private	348464286	3
531911	18500	private	348817857	3
531911	19000	private	339428571	3
542981	4000	public	268216667	3
542981	4500	public	269225000	3
542981	5000	public	295716667	3
542981	5500	public	311391667	3
542981	6000	public	327983333	3
542981	6500	public	336783333	3
542981	7000	public	340908333	3
542981	7500	public	352916667	3
542981	8000	public	361166667	3
542981	8500	public	371800000	3
542981	9000	public	377666667	3
542981	9500	public	383258333	3
542981	10000	public	384266667	3
542981	10500	public	381608333	3
542981	11000	public	369875000	3
542981	11500	public	374091667	3
542981	12000	public	394625000	3
542981	12500	public	398475000	3
542981	13000	public	403516667	3
542981	13500	public	408375000	3
542981	14000	public	402233333	3
542981	14500	public	402691667	3
542981	15000	public	398200000	3
542981	15500	public	394166667	3
542981	16000	public	380325000	3
542981	16500	public	384083333	3
542981	17000	public	378675000	3
542981	17500	public	382250000	3
542981	18000	public	377208333	3
542981	18500	public	369233333	3
542981	19000	public	374275000	3
542981	4000	private	265335714	3
542981	4500	private	287689286	3
542981	5000	private	305407143	3
542981	5500	private	318332143	3
542981	6000	private	326150000	3
542981	6500	private	334164286	3
542981	7000	private	344182143	3
542981	7500	private	347678571	3
542981	8000	private	355928571	3
542981	8500	private	355300000	3
542981	9000	private	370857143	3
542981	9500	private	375532143	3
542981	10000	private	368028571	3
542981	10500	private	365239286	3
542981	11000	private	377339286	3
542981	11500	private	371603571	3
542981	12000	private	371446429	3
542981	12500	private	367439286	3
542981	13000	private	369207143	3
542981	13500	private	367910714	3
542981	14000	private	369757143	3
542981	14500	private	367203571	3
542981	15000	private	365200000	3
542981	15500	private	372428571	3
542981	16000	private	371289286	3
542981	16500	private	364178571	3
542981	17000	private	359425000	3
542981	17500	private	350821429	3
542981	18000	private	347482143	3
542981	18500	private	342257143	3
542981	19000	private	331453571	3
817111	4000	public	257583333	3
817111	4500	public	283983333	3
817111	5000	public	292233333	3
817111	5500	public	300850000	3
817111	6000	public	315791667	3
817111	6500	public	328075000	3
817111	7000	public	333116667	3
817111	7500	public	346133333	3
817111	8000	public	360433333	3
817111	8500	public	369233333	3
817111	9000	public	377300000	3
817111	9500	public	374916667	3
817111	10000	public	393708333	3
817111	10500	public	392700000	3
817111	11000	public	390041667	3
817111	11500	public	398108333	3
817111	12000	public	390500000	3
817111	12500	public	387383333	3
817111	13000	public	404433333	3
817111	13500	public	408466667	3
817111	14000	public	4.07e+08	3
817111	14500	public	405075000	3
817111	15000	public	398566667	3
817111	15500	public	391691667	3
817111	16000	public	388391667	3
817111	16500	public	376658333	3
817111	17000	public	367400000	3
817111	17500	public	369783333	3
817111	18000	public	374733333	3
817111	18500	public	368591667	3
817111	19000	public	369508333	3
817111	4000	private	268321429	3
817111	4500	private	279792857	3
817111	5000	private	286471429	3
817111	5500	private	300850000	3
817111	6000	private	326660714	3
817111	6500	private	339467857	3
817111	7000	private	347521429	3
817111	7500	private	350585714	3
817111	8000	private	357814286	3
817111	8500	private	364257143	3
817111	9000	private	361585714	3
817111	9500	private	358678571	3
817111	10000	private	359267857	3
817111	10500	private	366771429	3
817111	11000	private	365553571	3
817111	11500	private	367596429	3
817111	12000	private	374785714	3
817111	12500	private	378478571	3
817111	13000	private	381385714	3
817111	13500	private	382014286	3
817111	14000	private	377142857	3
817111	14500	private	370896429	3
817111	15000	private	366614286	3
817111	15500	private	362489286	3
817111	16000	private	361546429	3
817111	16500	private	359503571	3
817111	17000	private	356400000	3
817111	17500	private	351450000	3
817111	18000	private	343828571	3
817111	18500	private	337817857	3
817111	19000	private	331925000	3
862307	4000	public	281691667	3
862307	4500	public	290583333	3
862307	5000	public	306441667	3
862307	5500	public	315516667	3
862307	6000	public	315883333	3
862307	6500	public	350258333	3
862307	7000	public	351633333	3
862307	7500	public	358600000	3
862307	8000	public	357408333	3
862307	8500	public	376475000	3
862307	9000	public	368958333	3
862307	9500	public	365750000	3
862307	10000	public	367491667	3
862307	10500	public	387200000	3
862307	11000	public	386100000	3
862307	11500	public	383441667	3
862307	12000	public	385550000	3
862307	12500	public	390133333	3
862307	13000	public	406175000	3
862307	13500	public	405900000	3
862307	14000	public	406725000	3
862307	14500	public	403425000	3
862307	15000	public	409108333	3
862307	15500	public	396183333	3
862307	16000	public	389400000	3
862307	16500	public	379316667	3
862307	17000	public	375283333	3
862307	17500	public	378491667	3
862307	18000	public	369508333	3
862307	18500	public	361991667	3
862307	19000	public	359516667	3
862307	4000	private	257989286	3
862307	4500	private	278535714	3
862307	5000	private	303953571	3
862307	5500	private	316564286	3
862307	6000	private	328192857	3
862307	6500	private	336246429	3
862307	7000	private	338014286	3
862307	7500	private	346814286	3
862307	8000	private	349682143	3
862307	8500	private	354867857	3
862307	9000	private	360446429	3
862307	9500	private	370464286	3
862307	10000	private	367360714	3
862307	10500	private	373842857	3
862307	11000	private	378242857	3
862307	11500	private	373882143	3
862307	12000	private	375335714	3
862307	12500	private	375728571	3
862307	13000	private	379067857	3
862307	13500	private	373685714	3
862307	14000	private	367832143	3
862307	14500	private	365317857	3
862307	15000	private	363667857	3
862307	15500	private	360564286	3
862307	16000	private	350114286	3
862307	16500	private	345792857	3
862307	17000	private	345164286	3
862307	17500	private	344575000	3
862307	18000	private	338210714	3
862307	18500	private	335932143	3
862307	19000	private	337778571	3
141871	4000	public	258225000	4
141871	4500	public	282608333	4
141871	5000	public	298008333	4
141871	5500	public	315425000	4
141871	6000	public	320008333	4
141871	6500	public	324225000	4
141871	7000	public	321933333	4
141871	7500	public	335041667	4
141871	8000	public	331925000	4
141871	8500	public	338066667	4
141871	9000	public	346958333	4
141871	9500	public	367950000	4
141871	10000	public	391783333	4
141871	10500	public	402600000	4
141871	11000	public	419191667	4
141871	11500	public	423225000	4
141871	12000	public	425241667	4
141871	12500	public	430283333	4
141871	13000	public	423683333	4
141871	13500	public	419100000	4
141871	14000	public	409108333	4
141871	14500	public	405991667	4
141871	15000	public	404708333	4
141871	15500	public	412958333	4
141871	16000	public	417358333	4
141871	16500	public	416716667	4
141871	17000	public	410483333	4
141871	17500	public	415616667	4
141871	18000	public	405166667	4
141871	18500	public	394258333	4
141871	19000	public	384358333	4
141871	4000	private	258617857	4
141871	4500	private	275667857	4
141871	5000	private	288710714	4
141871	5500	private	297746429	4
141871	6000	private	309139286	4
141871	6500	private	319117857	4
141871	7000	private	333457143	4
141871	7500	private	342767857	4
141871	8000	private	357460714	4
141871	8500	private	361900000	4
141871	9000	private	365160714	4
141871	9500	private	374235714	4
141871	10000	private	372664286	4
141871	10500	private	365671429	4
141871	11000	private	367203571	4
141871	11500	private	374117857	4
141871	12000	private	372467857	4
141871	12500	private	371092857	4
141871	13000	private	371564286	4
141871	13500	private	366457143	4
141871	14000	private	362096429	4
141871	14500	private	359503571	4
141871	15000	private	352982143	4
141871	15500	private	354946429	4
141871	16000	private	347560714	4
141871	16500	private	337621429	4
141871	17000	private	336364286	4
141871	17500	private	331807143	4
141871	18000	private	326071429	4
141871	18500	private	325246429	4
141871	19000	private	328703571	4
152267	4000	public	267941667	4
152267	4500	public	275825000	4
152267	5000	public	289483333	4
152267	5500	public	312491667	4
152267	6000	public	317991667	4
152267	6500	public	333666667	4
152267	7000	public	355483333	4
152267	7500	public	342008333	4
152267	8000	public	346041667	4
152267	8500	public	343383333	4
152267	9000	public	346133333	4
152267	9500	public	366025000	4
152267	10000	public	372900000	4
152267	10500	public	369966667	4
152267	11000	public	374916667	4
152267	11500	public	372441667	4
152267	12000	public	389950000	4
152267	12500	public	406175000	4
152267	13000	public	417633333	4
152267	13500	public	413783333	4
152267	14000	public	407641667	4
152267	14500	public	407366667	4
152267	15000	public	408650000	4
152267	15500	public	405441667	4
152267	16000	public	395908333	4
152267	16500	public	392700000	4
152267	17000	public	390683333	4
152267	17500	public	386466667	4
152267	18000	public	380416667	4
152267	18500	public	380966667	4
152267	19000	public	374733333	4
152267	4000	private	259167857	4
152267	4500	private	275432143	4
152267	5000	private	289221429	4
152267	5500	private	300575000	4
152267	6000	private	308432143	4
152267	6500	private	316642857	4
152267	7000	private	326935714	4
152267	7500	private	339782143	4
152267	8000	private	343553571	4
152267	8500	private	354907143	4
152267	9000	private	357657143	4
152267	9500	private	356203571	4
152267	10000	private	363471429	4
152267	10500	private	357657143	4
152267	11000	private	351607143	4
152267	11500	private	355025000	4
152267	12000	private	354592857	4
152267	12500	private	351567857	4
152267	13000	private	350585714	4
152267	13500	private	348307143	4
152267	14000	private	345439286	4
152267	14500	private	340057143	4
152267	15000	private	338721429	4
152267	15500	private	340882143	4
152267	16000	private	347325000	4
152267	16500	private	343200000	4
152267	17000	private	333850000	4
152267	17500	private	331728571	4
152267	18000	private	324107143	4
152267	18500	private	324657143	4
152267	19000	private	318685714	4
166297	4000	public	260700000	4
166297	4500	public	276650000	4
166297	5000	public	288291667	4
166297	5500	public	293150000	4
166297	6000	public	283433333	4
166297	6500	public	295166667	4
166297	7000	public	315975000	4
166297	7500	public	346500000	4
166297	8000	public	354750000	4
166297	8500	public	359425000	4
166297	9000	public	367858333	4
166297	9500	public	368683333	4
166297	10000	public	377208333	4
166297	10500	public	400125000	4
166297	11000	public	397375000	4
166297	11500	public	405900000	4
166297	12000	public	424325000	4
166297	12500	public	423683333	4
166297	13000	public	424050000	4
166297	13500	public	420750000	4
166297	14000	public	427716667	4
166297	14500	public	431658333	4
166297	15000	public	429825000	4
166297	15500	public	422675000	4
166297	16000	public	409291667	4
166297	16500	public	403150000	4
166297	17000	public	402783333	4
166297	17500	public	389491667	4
166297	18000	public	390133333	4
166297	18500	public	390408333	4
166297	19000	public	380508333	4
166297	4000	private	254414286	4
166297	4500	private	264078571	4
166297	5000	private	285017857	4
166297	5500	private	291578571	4
166297	6000	private	305957143	4
166297	6500	private	323714286	4
166297	7000	private	343867857	4
166297	7500	private	345714286	4
166297	8000	private	357107143	4
166297	8500	private	360603571	4
166297	9000	private	370346429	4
166297	9500	private	369207143	4
166297	10000	private	371053571	4
166297	10500	private	373017857	4
166297	11000	private	373410714	4
166297	11500	private	370542857	4
166297	12000	private	368146429	4
166297	12500	private	378635714	4
166297	13000	private	379264286	4
166297	13500	private	378321429	4
166297	14000	private	368264286	4
166297	14500	private	372075000	4
166297	15000	private	367360714	4
166297	15500	private	366496429	4
166297	16000	private	360446429	4
166297	16500	private	360721429	4
166297	17000	private	358521429	4
166297	17500	private	357146429	4
166297	18000	private	349800000	4
166297	18500	private	336325000	4
166297	19000	private	331925000	4
188179	4000	public	267666667	4
188179	4500	public	274450000	4
188179	5000	public	279675000	4
188179	5500	public	280408333	4
188179	6000	public	294250000	4
188179	6500	public	307083333	4
188179	7000	public	308641667	4
188179	7500	public	308733333	4
188179	8000	public	320283333	4
188179	8500	public	339441667	4
188179	9000	public	352366667	4
188179	9500	public	353650000	4
188179	10000	public	375466667	4
188179	10500	public	380966667	4
188179	11000	public	384083333	4
188179	11500	public	396641667	4
188179	12000	public	398383333	4
188179	12500	public	396183333	4
188179	13000	public	404250000	4
188179	13500	public	404708333	4
188179	14000	public	405350000	4
188179	14500	public	395266667	4
188179	15000	public	393158333	4
188179	15500	public	390591667	4
188179	16000	public	391966667	4
188179	16500	public	392608333	4
188179	17000	public	390041667	4
188179	17500	public	379775000	4
188179	18000	public	375558333	4
188179	18500	public	373083333	4
188179	19000	public	367033333	4
188179	4000	private	281285714	4
188179	4500	private	283878571	4
188179	5000	private	299710714	4
188179	5500	private	319039286	4
188179	6000	private	335892857	4
188179	6500	private	342178571	4
188179	7000	private	345439286	4
188179	7500	private	346185714	4
188179	8000	private	346735714	4
188179	8500	private	350310714	4
188179	9000	private	350271429	4
188179	9500	private	352078571	4
188179	10000	private	362371429	4
188179	10500	private	365514286	4
188179	11000	private	372821429	4
188179	11500	private	368225000	4
188179	12000	private	366692857	4
188179	12500	private	365278571	4
188179	13000	private	375178571	4
188179	13500	private	371053571	4
188179	14000	private	362135714	4
188179	14500	private	357814286	4
188179	15000	private	357932143	4
188179	15500	private	356675000	4
188179	16000	private	360014286	4
188179	16500	private	363667857	4
188179	17000	private	360839286	4
188179	17500	private	358167857	4
188179	18000	private	349760714	4
188179	18500	private	346892857	4
188179	19000	private	345557143	4
405157	4000	public	263908333	4
405157	4500	public	272433333	4
405157	5000	public	273075000	4
405157	5500	public	304791667	4
405157	6000	public	301033333	4
405157	6500	public	303966667	4
405157	7000	public	311941667	4
405157	7500	public	323766667	4
405157	8000	public	320741667	4
405157	8500	public	343291667	4
405157	9000	public	347600000	4
405157	9500	public	367033333	4
405157	10000	public	386100000	4
405157	10500	public	401133333	4
405157	11000	public	405075000	4
405157	11500	public	402141667	4
405157	12000	public	411583333	4
405157	12500	public	412866667	4
405157	13000	public	4.29e+08	4
405157	13500	public	423591667	4
405157	14000	public	423500000	4
405157	14500	public	413508333	4
405157	15000	public	412775000	4
405157	15500	public	408375000	4
405157	16000	public	402141667	4
405157	16500	public	396458333	4
405157	17000	public	391050000	4
405157	17500	public	383350000	4
405157	18000	public	386283333	4
405157	18500	public	376108333	4
405157	19000	public	377483333	4
405157	4000	private	271896429	4
405157	4500	private	283171429	4
405157	5000	private	310396429	4
405157	5500	private	318017857	4
405157	6000	private	325128571	4
405157	6500	private	334085714	4
405157	7000	private	337739286	4
405157	7500	private	346028571	4
405157	8000	private	346539286	4
405157	8500	private	345517857	4
405157	9000	private	360171429	4
405157	9500	private	360485714	4
405157	10000	private	360957143	4
405157	10500	private	367871429	4
405157	11000	private	381110714	4
405157	11500	private	391010714	4
405157	12000	private	387750000	4
405157	12500	private	387985714	4
405157	13000	private	383428571	4
405157	13500	private	373960714	4
405157	14000	private	368500000	4
405157	14500	private	370425000	4
405157	15000	private	362096429	4
405157	15500	private	355339286	4
405157	16000	private	358796429	4
405157	16500	private	360446429	4
405157	17000	private	352550000	4
405157	17500	private	348778571	4
405157	18000	private	345164286	4
405157	18500	private	345596429	4
405157	19000	private	339507143	4
491299	4000	public	261158333	4
491299	4500	public	273625000	4
491299	5000	public	281691667	4
491299	5500	public	298375000	4
491299	6000	public	307358333	4
491299	6500	public	312583333	4
491299	7000	public	324866667	4
491299	7500	public	339166667	4
491299	8000	public	350533333	4
491299	8500	public	366575000	4
491299	9000	public	378308333	4
491299	9500	public	391233333	4
491299	10000	public	387566667	4
491299	10500	public	395908333	4
491299	11000	public	399758333	4
491299	11500	public	407916667	4
491299	12000	public	398566667	4
491299	12500	public	395816667	4
491299	13000	public	394625000	4
491299	13500	public	401958333	4
491299	14000	public	402416667	4
491299	14500	public	397925000	4
491299	15000	public	394075000	4
491299	15500	public	387291667	4
491299	16000	public	386558333	4
491299	16500	public	392425000	4
491299	17000	public	383900000	4
491299	17500	public	372258333	4
491299	18000	public	365933333	4
491299	18500	public	364008333	4
491299	19000	public	354475000	4
491299	4000	private	269932143	4
491299	4500	private	281089286	4
491299	5000	private	295703571	4
491299	5500	private	322339286	4
491299	6000	private	331846429	4
491299	6500	private	339821429	4
491299	7000	private	343200000	4
491299	7500	private	344142857	4
491299	8000	private	357342857	4
491299	8500	private	354396429	4
491299	9000	private	354867857	4
491299	9500	private	357971429	4
491299	10000	private	366614286	4
491299	10500	private	373253571	4
491299	11000	private	378675000	4
491299	11500	private	375964286	4
491299	12000	private	374471429	4
491299	12500	private	365435714	4
491299	13000	private	362017857	4
491299	13500	private	358089286	4
491299	14000	private	353964286	4
491299	14500	private	348817857	4
491299	15000	private	348110714	4
491299	15500	private	347089286	4
491299	16000	private	352903571	4
491299	16500	private	352746429	4
491299	17000	private	346185714	4
491299	17500	private	344103571	4
491299	18000	private	338171429	4
491299	18500	private	333496429	4
491299	19000	private	327367857	4
531911	4000	public	279400000	4
531911	4500	public	293333333	4
531911	5000	public	295625000	4
531911	5500	public	311391667	4
531911	6000	public	326975000	4
531911	6500	public	339258333	4
531911	7000	public	340633333	4
531911	7500	public	341825000	4
531911	8000	public	357866667	4
531911	8500	public	347050000	4
531911	9000	public	353191667	4
531911	9500	public	361166667	4
531911	10000	public	379316667	4
531911	10500	public	387383333	4
531911	11000	public	391875000	4
531911	11500	public	400308333	4
531911	12000	public	401775000	4
531911	12500	public	392425000	4
531911	13000	public	392791667	4
531911	13500	public	400583333	4
531911	14000	public	413691667	4
531911	14500	public	411766667	4
531911	15000	public	406908333	4
531911	15500	public	401225000	4
531911	16000	public	401591667	4
531911	16500	public	411125000	4
531911	17000	public	405441667	4
531911	17500	public	395541667	4
531911	18000	public	385733333	4
531911	18500	public	380875000	4
531911	19000	public	366116667	4
531911	4000	private	265257143	4
531911	4500	private	275785714	4
531911	5000	private	291303571	4
531911	5500	private	296332143	4
531911	6000	private	320296429	4
531911	6500	private	328389286	4
531911	7000	private	331728571	4
531911	7500	private	343003571	4
531911	8000	private	351057143	4
531911	8500	private	361192857	4
531911	9000	private	359346429	4
531911	9500	private	356714286	4
531911	10000	private	359150000	4
531911	10500	private	353335714	4
531911	11000	private	350625000	4
531911	11500	private	357225000	4
531911	12000	private	357382143	4
531911	12500	private	355889286	4
531911	13000	private	356517857	4
531911	13500	private	355535714	4
531911	14000	private	352275000	4
531911	14500	private	344457143	4
531911	15000	private	345753571	4
531911	15500	private	341117857	4
531911	16000	private	343317857	4
531911	16500	private	340017857	4
531911	17000	private	338525000	4
531911	17500	private	341982143	4
531911	18000	private	340685714	4
531911	18500	private	340410714	4
531911	19000	private	334950000	4
542981	4000	public	271150000	4
542981	4500	public	276100000	4
542981	5000	public	294525000	4
542981	5500	public	309925000	4
542981	6000	public	315241667	4
542981	6500	public	320283333	4
542981	7000	public	321750000	4
542981	7500	public	326516667	4
542981	8000	public	351450000	4
542981	8500	public	356766667	4
542981	9000	public	365933333	4
542981	9500	public	367858333	4
542981	10000	public	383900000	4
542981	10500	public	388666667	4
542981	11000	public	395816667	4
542981	11500	public	403791667	4
542981	12000	public	398383333	4
542981	12500	public	399483333	4
542981	13000	public	407458333	4
542981	13500	public	401225000	4
542981	14000	public	397466667	4
542981	14500	public	391416667	4
542981	15000	public	399666667	4
542981	15500	public	397008333	4
542981	16000	public	401041667	4
542981	16500	public	399850000	4
542981	17000	public	403700000	4
542981	17500	public	394808333	4
542981	18000	public	384908333	4
542981	18500	public	377300000	4
542981	19000	public	374275000	4
542981	4000	private	260935714	4
542981	4500	private	276885714	4
542981	5000	private	299632143	4
542981	5500	private	307960714	4
542981	6000	private	319039286	4
542981	6500	private	333378571	4
542981	7000	private	347678571	4
542981	7500	private	352707143	4
542981	8000	private	349092857	4
542981	8500	private	350742857	4
542981	9000	private	357028571	4
542981	9500	private	369560714	4
542981	10000	private	372900000	4
542981	10500	private	376357143	4
542981	11000	private	378792857	4
542981	11500	private	377732143	4
542981	12000	private	379264286	4
542981	12500	private	374864286	4
542981	13000	private	373803571	4
542981	13500	private	374117857	4
542981	14000	private	363942857	4
542981	14500	private	364178571	4
542981	15000	private	364571429	4
542981	15500	private	364925000	4
542981	16000	private	359267857	4
542981	16500	private	358992857	4
542981	17000	private	358128571	4
542981	17500	private	348582143	4
542981	18000	private	344182143	4
542981	18500	private	345085714	4
542981	19000	private	339310714	4
817111	4000	public	268583333	4
817111	4500	public	276558333	4
817111	5000	public	277383333	4
817111	5500	public	300941667	4
817111	6000	public	309375000	4
817111	6500	public	313500000	4
817111	7000	public	323125000	4
817111	7500	public	320741667	4
817111	8000	public	340358333	4
817111	8500	public	356491667	4
817111	9000	public	367583333	4
817111	9500	public	372533333	4
817111	10000	public	394716667	4
817111	10500	public	413050000	4
817111	11000	public	421391667	4
817111	11500	public	426158333	4
817111	12000	public	425608333	4
817111	12500	public	419191667	4
817111	13000	public	425058333	4
817111	13500	public	436333333	4
817111	14000	public	441466667	4
817111	14500	public	427991667	4
817111	15000	public	413600000	4
817111	15500	public	402508333	4
817111	16000	public	400583333	4
817111	16500	public	403975000	4
817111	17000	public	395266667	4
817111	17500	public	385275000	4
817111	18000	public	387658333	4
817111	18500	public	385458333	4
817111	19000	public	370058333	4
817111	4000	private	252607143	4
817111	4500	private	275117857	4
817111	5000	private	286550000	4
817111	5500	private	302382143	4
817111	6000	private	329410714	4
817111	6500	private	334714286	4
817111	7000	private	336089286	4
817111	7500	private	352039286	4
817111	8000	private	353846429	4
817111	8500	private	350860714	4
817111	9000	private	356321429	4
817111	9500	private	356557143	4
817111	10000	private	360407143	4
817111	10500	private	370621429	4
817111	11000	private	380403571	4
817111	11500	private	372860714	4
817111	12000	private	381739286	4
817111	12500	private	374275000	4
817111	13000	private	381975000	4
817111	13500	private	377928571	4
817111	14000	private	373371429	4
817111	14500	private	365789286	4
817111	15000	private	364885714	4
817111	15500	private	373567857	4
817111	16000	private	367321429	4
817111	16500	private	361939286	4
817111	17000	private	357028571	4
817111	17500	private	355810714	4
817111	18000	private	349289286	4
817111	18500	private	338446429	4
817111	19000	private	333260714	4
862307	4000	public	274175000	4
862307	4500	public	281141667	4
862307	5000	public	283250000	4
862307	5500	public	291958333	4
862307	6000	public	310383333	4
862307	6500	public	309466667	4
862307	7000	public	328716667	4
862307	7500	public	335591667	4
862307	8000	public	343108333	4
862307	8500	public	340908333	4
862307	9000	public	351816667	4
862307	9500	public	368500000	4
862307	10000	public	373541667	4
862307	10500	public	373175000	4
862307	11000	public	382525000	4
862307	11500	public	379775000	4
862307	12000	public	384083333	4
862307	12500	public	384908333	4
862307	13000	public	388941667	4
862307	13500	public	390225000	4
862307	14000	public	394900000	4
862307	14500	public	393616667	4
862307	15000	public	388116667	4
862307	15500	public	395725000	4
862307	16000	public	384633333	4
862307	16500	public	393616667	4
862307	17000	public	391141667	4
862307	17500	public	379683333	4
862307	18000	public	377208333	4
862307	18500	public	374183333	4
862307	19000	public	360891667	4
862307	4000	private	267496429	4
862307	4500	private	284153571	4
862307	5000	private	306035714	4
862307	5500	private	317232143	4
862307	6000	private	322692857	4
862307	6500	private	327014286	4
862307	7000	private	332121429	4
862307	7500	private	336246429	4
862307	8000	private	344810714	4
862307	8500	private	348110714	4
862307	9000	private	348935714	4
862307	9500	private	355142857	4
862307	10000	private	361625000	4
862307	10500	private	378282143	4
862307	11000	private	386060714	4
862307	11500	private	392739286	4
862307	12000	private	383821429	4
862307	12500	private	373253571	4
862307	13000	private	375453571	4
862307	13500	private	374117857	4
862307	14000	private	368185714	4
862307	14500	private	364807143	4
862307	15000	private	358521429	4
862307	15500	private	357617857	4
862307	16000	private	352157143	4
862307	16500	private	349092857	4
862307	17000	private	350939286	4
862307	17500	private	340921429	4
862307	18000	private	338053571	4
862307	18500	private	336992857	4
862307	19000	private	327760714	4
141871	4000	public	265100000	5
141871	4500	public	283250000	5
141871	5000	public	287925000	5
141871	5500	public	300391667	5
141871	6000	public	336966667	5
141871	6500	public	338983333	5
141871	7000	public	351450000	5
141871	7500	public	348608333	5
141871	8000	public	357866667	5
141871	8500	public	362083333	5
141871	9000	public	388116667	5
141871	9500	public	3.85e+08	5
141871	10000	public	390408333	5
141871	10500	public	383900000	5
141871	11000	public	394716667	5
141871	11500	public	395266667	5
141871	12000	public	393800000	5
141871	12500	public	407550000	5
141871	13000	public	395450000	5
141871	13500	public	403333333	5
141871	14000	public	404066667	5
141871	14500	public	394075000	5
141871	15000	public	392058333	5
141871	15500	public	394350000	5
141871	16000	public	395816667	5
141871	16500	public	391966667	5
141871	17000	public	382616667	5
141871	17500	public	379958333	5
141871	18000	public	376383333	5
141871	18500	public	369325000	5
141871	19000	public	364008333	5
141871	4000	private	265100000	5
141871	4500	private	284821429	5
141871	5000	private	300889286	5
141871	5500	private	315189286	5
141871	6000	private	322300000	5
141871	6500	private	334792857	5
141871	7000	private	341235714	5
141871	7500	private	347953571	5
141871	8000	private	352628571	5
141871	8500	private	365750000	5
141871	9000	private	377378571	5
141871	9500	private	371642857	5
141871	10000	private	366967857	5
141871	10500	private	362685714	5
141871	11000	private	371407143	5
141871	11500	private	376671429	5
141871	12000	private	373371429	5
141871	12500	private	368264286	5
141871	13000	private	374235714	5
141871	13500	private	366928571	5
141871	14000	private	367400000	5
141871	14500	private	363039286	5
141871	15000	private	367832143	5
141871	15500	private	361350000	5
141871	16000	private	359935714	5
141871	16500	private	349800000	5
141871	17000	private	340450000	5
141871	17500	private	337660714	5
141871	18000	private	330550000	5
141871	18500	private	329646429	5
141871	19000	private	327996429	5
152267	4000	public	261616667	5
152267	4500	public	284533333	5
152267	5000	public	311941667	5
152267	5500	public	335041667	5
152267	6000	public	331283333	5
152267	6500	public	332750000	5
152267	7000	public	345400000	5
152267	7500	public	349616667	5
152267	8000	public	371433333	5
152267	8500	public	365933333	5
152267	9000	public	373725000	5
152267	9500	public	371250000	5
152267	10000	public	372900000	5
152267	10500	public	384266667	5
152267	11000	public	388575000	5
152267	11500	public	386375000	5
152267	12000	public	394533333	5
152267	12500	public	405716667	5
152267	13000	public	413783333	5
152267	13500	public	419558333	5
152267	14000	public	417450000	5
152267	14500	public	408466667	5
152267	15000	public	398200000	5
152267	15500	public	392883333	5
152267	16000	public	385641667	5
152267	16500	public	382158333	5
152267	17000	public	367675000	5
152267	17500	public	368316667	5
152267	18000	public	373816667	5
152267	18500	public	378675000	5
152267	19000	public	371983333	5
152267	4000	private	261878571	5
152267	4500	private	287414286	5
152267	5000	private	304739286	5
152267	5500	private	312910714	5
152267	6000	private	316878571	5
152267	6500	private	339035714	5
152267	7000	private	354828571	5
152267	7500	private	358521429	5
152267	8000	private	360957143	5
152267	8500	private	362528571	5
152267	9000	private	374117857	5
152267	9500	private	379107143	5
152267	10000	private	377614286	5
152267	10500	private	378242857	5
152267	11000	private	381896429	5
152267	11500	private	386767857	5
152267	12000	private	384057143	5
152267	12500	private	378478571	5
152267	13000	private	372664286	5
152267	13500	private	374117857	5
152267	14000	private	377378571	5
152267	14500	private	375728571	5
152267	15000	private	374628571	5
152267	15500	private	368264286	5
152267	16000	private	361153571	5
152267	16500	private	352432143	5
152267	17000	private	340567857	5
152267	17500	private	336364286	5
152267	18000	private	344221429	5
152267	18500	private	338210714	5
152267	19000	private	332435714	5
166297	4000	public	257125000	5
166297	4500	public	276191667	5
166297	5000	public	292141667	5
166297	5500	public	315058333	5
166297	6000	public	340908333	5
166297	6500	public	339441667	5
166297	7000	public	333941667	5
166297	7500	public	354016667	5
166297	8000	public	371525000	5
166297	8500	public	369875000	5
166297	9000	public	380875000	5
166297	9500	public	380141667	5
166297	10000	public	380691667	5
166297	10500	public	381241667	5
166297	11000	public	377941667	5
166297	11500	public	379591667	5
166297	12000	public	394075000	5
166297	12500	public	398933333	5
166297	13000	public	405441667	5
166297	13500	public	394991667	5
166297	14000	public	393983333	5
166297	14500	public	398566667	5
166297	15000	public	398933333	5
166297	15500	public	399941667	5
166297	16000	public	390408333	5
166297	16500	public	387291667	5
166297	17000	public	379866667	5
166297	17500	public	377758333	5
166297	18000	public	377850000	5
166297	18500	public	371708333	5
166297	19000	public	374091667	5
166297	4000	private	266946429	5
166297	4500	private	281560714	5
166297	5000	private	303796429	5
166297	5500	private	315189286	5
166297	6000	private	336325000	5
166297	6500	private	334596429	5
166297	7000	private	340882143	5
166297	7500	private	347207143	5
166297	8000	private	357775000	5
166297	8500	private	359267857	5
166297	9000	private	361625000	5
166297	9500	private	370582143	5
166297	10000	private	374275000	5
166297	10500	private	366967857	5
166297	11000	private	364453571	5
166297	11500	private	369246429	5
166297	12000	private	370110714	5
166297	12500	private	370385714	5
166297	13000	private	368382143	5
166297	13500	private	373646429	5
166297	14000	private	371721429	5
166297	14500	private	367400000	5
166297	15000	private	372742857	5
166297	15500	private	368382143	5
166297	16000	private	366967857	5
166297	16500	private	361232143	5
166297	17000	private	351057143	5
166297	17500	private	338603571	5
166297	18000	private	329921429	5
166297	18500	private	328625000	5
166297	19000	private	326817857	5
188179	4000	public	256575000	5
188179	4500	public	279675000	5
188179	5000	public	293150000	5
188179	5500	public	309008333	5
188179	6000	public	331191667	5
188179	6500	public	336325000	5
188179	7000	public	340450000	5
188179	7500	public	3.52e+08	5
188179	8000	public	355941667	5
188179	8500	public	367491667	5
188179	9000	public	369508333	5
188179	9500	public	389491667	5
188179	10000	public	386191667	5
188179	10500	public	390958333	5
188179	11000	public	385641667	5
188179	11500	public	374916667	5
188179	12000	public	382250000	5
188179	12500	public	391141667	5
188179	13000	public	400675000	5
188179	13500	public	394808333	5
188179	14000	public	392241667	5
188179	14500	public	386191667	5
188179	15000	public	387658333	5
188179	15500	public	395450000	5
188179	16000	public	384358333	5
188179	16500	public	393158333	5
188179	17000	public	398108333	5
188179	17500	public	387566667	5
188179	18000	public	388300000	5
188179	18500	public	382341667	5
188179	19000	public	372258333	5
188179	4000	private	270325000	5
188179	4500	private	283210714	5
188179	5000	private	300221429	5
188179	5500	private	317782143	5
188179	6000	private	331060714	5
188179	6500	private	329646429	5
188179	7000	private	342807143	5
188179	7500	private	348071429	5
188179	8000	private	353453571	5
188179	8500	private	360289286	5
188179	9000	private	366496429	5
188179	9500	private	371289286	5
188179	10000	private	370346429	5
188179	10500	private	376946429	5
188179	11000	private	380010714	5
188179	11500	private	390107143	5
188179	12000	private	386178571	5
188179	12500	private	387867857	5
188179	13000	private	382996429	5
188179	13500	private	383153571	5
188179	14000	private	377182143	5
188179	14500	private	372703571	5
188179	15000	private	366575000	5
188179	15500	private	364021429	5
188179	16000	private	360132143	5
188179	16500	private	352432143	5
188179	17000	private	354239286	5
188179	17500	private	346971429	5
188179	18000	private	341157143	5
188179	18500	private	338210714	5
188179	19000	private	330746429	5
405157	4000	public	268491667	5
405157	4500	public	283341667	5
405157	5000	public	295625000	5
405157	5500	public	301400000	5
405157	6000	public	330275000	5
405157	6500	public	339533333	5
405157	7000	public	345491667	5
405157	7500	public	345491667	5
405157	8000	public	346225000	5
405157	8500	public	372075000	5
405157	9000	public	376475000	5
405157	9500	public	391966667	5
405157	10000	public	389308333	5
405157	10500	public	384633333	5
405157	11000	public	392608333	5
405157	11500	public	396550000	5
405157	12000	public	396825000	5
405157	12500	public	404891667	5
405157	13000	public	408283333	5
405157	13500	public	406541667	5
405157	14000	public	404341667	5
405157	14500	public	402416667	5
405157	15000	public	403975000	5
405157	15500	public	394166667	5
405157	16000	public	383991667	5
405157	16500	public	377391667	5
405157	17000	public	371616667	5
405157	17500	public	383625000	5
405157	18000	public	381700000	5
405157	18500	public	371983333	5
405157	19000	public	368500000	5
405157	4000	private	269932143	5
405157	4500	private	284782143	5
405157	5000	private	310160714	5
405157	5500	private	319471429	5
405157	6000	private	326739286	5
405157	6500	private	342414286	5
405157	7000	private	345360714	5
405157	7500	private	346146429	5
405157	8000	private	349760714	5
405157	8500	private	358325000	5
405157	9000	private	358796429	5
405157	9500	private	365514286	5
405157	10000	private	373725000	5
405157	10500	private	370228571	5
405157	11000	private	369167857	5
405157	11500	private	379264286	5
405157	12000	private	387789286	5
405157	12500	private	386689286	5
405157	13000	private	379735714	5
405157	13500	private	376553571	5
405157	14000	private	371996429	5
405157	14500	private	375178571	5
405157	15000	private	365867857	5
405157	15500	private	367714286	5
405157	16000	private	363432143	5
405157	16500	private	357617857	5
405157	17000	private	359307143	5
405157	17500	private	350232143	5
405157	18000	private	351842857	5
405157	18500	private	341078571	5
405157	19000	private	330785714	5
491299	4000	public	253458333	5
491299	4500	public	280500000	5
491299	5000	public	292783333	5
491299	5500	public	308183333	5
491299	6000	public	323950000	5
491299	6500	public	338616667	5
491299	7000	public	340541667	5
491299	7500	public	350716667	5
491299	8000	public	361075000	5
491299	8500	public	362266667	5
491299	9000	public	381058333	5
491299	9500	public	377666667	5
491299	10000	public	379225000	5
491299	10500	public	383716667	5
491299	11000	public	387475000	5
491299	11500	public	386283333	5
491299	12000	public	386833333	5
491299	12500	public	390316667	5
491299	13000	public	387841667	5
491299	13500	public	400675000	5
491299	14000	public	404891667	5
491299	14500	public	398566667	5
491299	15000	public	390591667	5
491299	15500	public	398291667	5
491299	16000	public	394808333	5
491299	16500	public	401316667	5
491299	17000	public	391783333	5
491299	17500	public	385733333	5
491299	18000	public	386558333	5
491299	18500	public	379408333	5
491299	19000	public	374458333	5
491299	4000	private	265375000	5
491299	4500	private	281285714	5
491299	5000	private	301950000	5
491299	5500	private	310278571	5
491299	6000	private	324735714	5
491299	6500	private	334950000	5
491299	7000	private	344339286	5
491299	7500	private	350192857	5
491299	8000	private	362253571	5
491299	8500	private	365671429	5
491299	9000	private	367832143	5
491299	9500	private	365357143	5
491299	10000	private	362332143	5
491299	10500	private	370621429	5
491299	11000	private	372939286	5
491299	11500	private	374235714	5
491299	12000	private	381071429	5
491299	12500	private	380364286	5
491299	13000	private	380639286	5
491299	13500	private	377496429	5
491299	14000	private	374903571	5
491299	14500	private	373685714	5
491299	15000	private	370032143	5
491299	15500	private	367517857	5
491299	16000	private	366653571	5
491299	16500	private	356792857	5
491299	17000	private	349092857	5
491299	17500	private	346185714	5
491299	18000	private	340332143	5
491299	18500	private	336325000	5
491299	19000	private	328232143	5
531911	4000	public	264916667	5
531911	4500	public	288475000	5
531911	5000	public	299108333	5
531911	5500	public	321750000	5
531911	6000	public	331283333	5
531911	6500	public	339625000	5
531911	7000	public	348241667	5
531911	7500	public	356400000	5
531911	8000	public	364283333	5
531911	8500	public	371891667	5
531911	9000	public	380783333	5
531911	9500	public	390041667	5
531911	10000	public	397833333	5
531911	10500	public	388666667	5
531911	11000	public	392608333	5
531911	11500	public	385366667	5
531911	12000	public	388025000	5
531911	12500	public	390591667	5
531911	13000	public	384725000	5
531911	13500	public	396641667	5
531911	14000	public	401683333	5
531911	14500	public	402691667	5
531911	15000	public	400491667	5
531911	15500	public	394716667	5
531911	16000	public	394900000	5
531911	16500	public	392975000	5
531911	17000	public	386283333	5
531911	17500	public	386741667	5
531911	18000	public	380691667	5
531911	18500	public	366666667	5
531911	19000	public	367308333	5
531911	4000	private	263607143	5
531911	4500	private	281010714	5
531911	5000	private	297667857	5
531911	5500	private	312321429	5
531911	6000	private	321592857	5
531911	6500	private	332946429	5
531911	7000	private	341039286	5
531911	7500	private	346185714	5
531911	8000	private	359307143	5
531911	8500	private	367832143	5
531911	9000	private	364807143	5
531911	9500	private	374196429	5
531911	10000	private	371642857	5
531911	10500	private	377928571	5
531911	11000	private	383310714	5
531911	11500	private	379342857	5
531911	12000	private	378989286	5
531911	12500	private	378675000	5
531911	13000	private	374117857	5
531911	13500	private	374510714	5
531911	14000	private	377850000	5
531911	14500	private	373489286	5
531911	15000	private	375217857	5
531911	15500	private	365907143	5
531911	16000	private	361900000	5
531911	16500	private	358796429	5
531911	17000	private	351450000	5
531911	17500	private	347325000	5
531911	18000	private	349132143	5
531911	18500	private	344928571	5
531911	19000	private	340725000	5
542981	4000	public	264183333	5
542981	4500	public	284258333	5
542981	5000	public	300483333	5
542981	5500	public	318908333	5
542981	6000	public	334766667	5
542981	6500	public	357408333	5
542981	7000	public	359883333	5
542981	7500	public	360066667	5
542981	8000	public	354108333	5
542981	8500	public	365750000	5
542981	9000	public	373450000	5
542981	9500	public	378125000	5
542981	10000	public	385825000	5
542981	10500	public	386100000	5
542981	11000	public	380325000	5
542981	11500	public	400400000	5
542981	12000	public	393250000	5
542981	12500	public	395083333	5
542981	13000	public	400216667	5
542981	13500	public	405991667	5
542981	14000	public	399850000	5
542981	14500	public	393433333	5
542981	15000	public	382800000	5
542981	15500	public	387016667	5
542981	16000	public	385091667	5
542981	16500	public	378308333	5
542981	17000	public	375008333	5
542981	17500	public	382708333	5
542981	18000	public	377116667	5
542981	18500	public	374275000	5
542981	19000	public	364283333	5
542981	4000	private	263921429	5
542981	4500	private	287532143	5
542981	5000	private	306507143	5
542981	5500	private	311967857	5
542981	6000	private	327957143	5
542981	6500	private	339467857	5
542981	7000	private	345478571	5
542981	7500	private	349328571	5
542981	8000	private	351096429	5
542981	8500	private	361035714	5
542981	9000	private	372664286	5
542981	9500	private	374589286	5
542981	10000	private	367360714	5
542981	10500	private	368028571	5
542981	11000	private	366575000	5
542981	11500	private	371328571	5
542981	12000	private	375178571	5
542981	12500	private	370464286	5
542981	13000	private	376907143	5
542981	13500	private	373646429	5
542981	14000	private	372350000	5
542981	14500	private	375885714	5
542981	15000	private	373371429	5
542981	15500	private	373921429	5
542981	16000	private	362960714	5
542981	16500	private	350939286	5
542981	17000	private	342139286	5
542981	17500	private	341196429	5
542981	18000	private	334950000	5
542981	18500	private	333810714	5
542981	19000	private	329450000	5
817111	4000	public	260333333	5
817111	4500	public	287008333	5
817111	5000	public	285083333	5
817111	5500	public	308183333	5
817111	6000	public	335591667	5
817111	6500	public	340175000	5
817111	7000	public	351633333	5
817111	7500	public	352825000	5
817111	8000	public	360525000	5
817111	8500	public	367950000	5
817111	9000	public	362541667	5
817111	9500	public	370150000	5
817111	10000	public	379041667	5
817111	10500	public	379591667	5
817111	11000	public	391325000	5
817111	11500	public	392975000	5
817111	12000	public	394166667	5
817111	12500	public	402141667	5
817111	13000	public	404891667	5
817111	13500	public	401500000	5
817111	14000	public	407183333	5
817111	14500	public	412041667	5
817111	15000	public	403058333	5
817111	15500	public	410116667	5
817111	16000	public	400033333	5
817111	16500	public	388483333	5
817111	17000	public	375191667	5
817111	17500	public	383350000	5
817111	18000	public	380600000	5
817111	18500	public	374550000	5
817111	19000	public	383441667	5
817111	4000	private	268714286	5
817111	4500	private	287925000	5
817111	5000	private	298964286	5
817111	5500	private	311850000	5
817111	6000	private	326032143	5
817111	6500	private	332710714	5
817111	7000	private	349014286	5
817111	7500	private	355575000	5
817111	8000	private	354632143	5
817111	8500	private	360092857	5
817111	9000	private	374196429	5
817111	9500	private	371721429	5
817111	10000	private	368696429	5
817111	10500	private	369246429	5
817111	11000	private	371289286	5
817111	11500	private	368225000	5
817111	12000	private	377928571	5
817111	12500	private	381582143	5
817111	13000	private	374903571	5
817111	13500	private	369285714	5
817111	14000	private	366064286	5
817111	14500	private	366339286	5
817111	15000	private	366260714	5
817111	15500	private	364021429	5
817111	16000	private	358128571	5
817111	16500	private	351292857	5
817111	17000	private	351489286	5
817111	17500	private	340921429	5
817111	18000	private	339742857	5
817111	18500	private	336835714	5
817111	19000	private	335382143	5
862307	4000	public	264366667	5
862307	4500	public	279858333	5
862307	5000	public	296266667	5
862307	5500	public	300391667	5
862307	6000	public	331558333	5
862307	6500	public	329816667	5
862307	7000	public	347508333	5
862307	7500	public	350075000	5
862307	8000	public	361166667	5
862307	8500	public	381516667	5
862307	9000	public	388300000	5
862307	9500	public	385183333	5
862307	10000	public	388941667	5
862307	10500	public	385183333	5
862307	11000	public	375375000	5
862307	11500	public	377025000	5
862307	12000	public	374458333	5
862307	12500	public	375650000	5
862307	13000	public	380783333	5
862307	13500	public	393433333	5
862307	14000	public	398750000	5
862307	14500	public	405350000	5
862307	15000	public	403883333	5
862307	15500	public	392975000	5
862307	16000	public	384541667	5
862307	16500	public	381516667	5
862307	17000	public	379683333	5
862307	17500	public	369233333	5
862307	18000	public	373633333	5
862307	18500	public	373083333	5
862307	19000	public	367216667	5
862307	4000	private	262271429	5
862307	4500	private	283132143	5
862307	5000	private	294171429	5
862307	5500	private	316760714	5
862307	6000	private	327760714	5
862307	6500	private	338721429	5
862307	7000	private	342925000	5
862307	7500	private	348896429	5
862307	8000	private	348071429	5
862307	8500	private	352707143	5
862307	9000	private	355300000	5
862307	9500	private	362135714	5
862307	10000	private	362882143	5
862307	10500	private	366850000	5
862307	11000	private	379696429	5
862307	11500	private	384489286	5
862307	12000	private	381660714	5
862307	12500	private	378792857	5
862307	13000	private	378950000	5
862307	13500	private	377457143	5
862307	14000	private	374392857	5
862307	14500	private	373921429	5
862307	15000	private	376907143	5
862307	15500	private	372939286	5
862307	16000	private	364767857	5
862307	16500	private	357421429	5
862307	17000	private	355850000	5
862307	17500	private	350114286	5
862307	18000	private	342728571	5
862307	18500	private	337464286	5
862307	19000	private	334478571	5
141871	4000	public	271516667	6
141871	4500	public	301858333	6
141871	5000	public	306991667	6
141871	5500	public	311300000	6
141871	6000	public	330733333	6
141871	6500	public	329083333	6
141871	7000	public	355025000	6
141871	7500	public	355666667	6
141871	8000	public	348608333	6
141871	8500	public	367216667	6
141871	9000	public	368683333	6
141871	9500	public	379591667	6
141871	10000	public	384541667	6
141871	10500	public	382158333	6
141871	11000	public	379500000	6
141871	11500	public	380050000	6
141871	12000	public	381608333	6
141871	12500	public	389400000	6
141871	13000	public	379958333	6
141871	13500	public	386283333	6
141871	14000	public	384725000	6
141871	14500	public	381058333	6
141871	15000	public	381975000	6
141871	15500	public	380325000	6
141871	16000	public	392700000	6
141871	16500	public	385091667	6
141871	17000	public	385458333	6
141871	17500	public	387475000	6
141871	18000	public	381058333	6
141871	18500	public	368316667	6
141871	19000	public	365383333	6
141871	4000	private	263921429	6
141871	4500	private	281560714	6
141871	5000	private	300575000	6
141871	5500	private	318371429	6
141871	6000	private	317114286	6
141871	6500	private	335892857	6
141871	7000	private	344417857	6
141871	7500	private	346500000	6
141871	8000	private	350310714	6
141871	8500	private	360407143	6
141871	9000	private	362135714	6
141871	9500	private	358246429	6
141871	10000	private	356910714	6
141871	10500	private	365003571	6
141871	11000	private	370071429	6
141871	11500	private	373764286	6
141871	12000	private	373882143	6
141871	12500	private	374471429	6
141871	13000	private	368303571	6
141871	13500	private	375807143	6
141871	14000	private	370975000	6
141871	14500	private	371760714	6
141871	15000	private	370582143	6
141871	15500	private	370503571	6
141871	16000	private	364414286	6
141871	16500	private	354317857	6
141871	17000	private	347089286	6
141871	17500	private	345439286	6
141871	18000	private	334832143	6
141871	18500	private	336364286	6
141871	19000	private	328978571	6
152267	4000	public	264825000	6
152267	4500	public	279675000	6
152267	5000	public	302866667	6
152267	5500	public	322850000	6
152267	6000	public	320466667	6
152267	6500	public	332383333	6
152267	7000	public	341183333	6
152267	7500	public	352916667	6
152267	8000	public	361441667	6
152267	8500	public	369141667	6
152267	9000	public	374550000	6
152267	9500	public	388758333	6
152267	10000	public	384633333	6
152267	10500	public	378950000	6
152267	11000	public	379133333	6
152267	11500	public	383350000	6
152267	12000	public	378766667	6
152267	12500	public	401591667	6
152267	13000	public	401866667	6
152267	13500	public	401041667	6
152267	14000	public	388025000	6
152267	14500	public	387016667	6
152267	15000	public	387108333	6
152267	15500	public	380325000	6
152267	16000	public	381700000	6
152267	16500	public	373450000	6
152267	17000	public	373725000	6
152267	17500	public	370608333	6
152267	18000	public	364375000	6
152267	18500	public	360800000	6
152267	19000	public	363916667	6
152267	4000	private	263646429	6
152267	4500	private	280067857	6
152267	5000	private	291342857	6
152267	5500	private	307135714	6
152267	6000	private	319942857	6
152267	6500	private	328192857	6
152267	7000	private	336207143	6
152267	7500	private	346107143	6
152267	8000	private	351096429	6
152267	8500	private	348582143	6
152267	9000	private	359621429	6
152267	9500	private	359032143	6
152267	10000	private	363157143	6
152267	10500	private	372664286	6
152267	11000	private	378085714	6
152267	11500	private	378635714	6
152267	12000	private	375100000	6
152267	12500	private	380246429	6
152267	13000	private	382485714	6
152267	13500	private	380482143	6
152267	14000	private	369560714	6
152267	14500	private	373921429	6
152267	15000	private	376239286	6
152267	15500	private	367360714	6
152267	16000	private	364414286	6
152267	16500	private	356164286	6
152267	17000	private	353689286	6
152267	17500	private	347953571	6
152267	18000	private	348267857	6
152267	18500	private	341157143	6
152267	19000	private	335892857	6
166297	4000	public	260333333	6
166297	4500	public	277933333	6
166297	5000	public	288750000	6
166297	5500	public	300758333	6
166297	6000	public	311575000	6
166297	6500	public	327525000	6
166297	7000	public	348058333	6
166297	7500	public	352183333	6
166297	8000	public	348975000	6
166297	8500	public	357591667	6
166297	9000	public	369691667	6
166297	9500	public	380325000	6
166297	10000	public	3.85e+08	6
166297	10500	public	386925000	6
166297	11000	public	388941667	6
166297	11500	public	389125000	6
166297	12000	public	386375000	6
166297	12500	public	394625000	6
166297	13000	public	395266667	6
166297	13500	public	386466667	6
166297	14000	public	394625000	6
166297	14500	public	388208333	6
166297	15000	public	389583333	6
166297	15500	public	388666667	6
166297	16000	public	377300000	6
166297	16500	public	377208333	6
166297	17000	public	370425000	6
166297	17500	public	366575000	6
166297	18000	public	366941667	6
166297	18500	public	361166667	6
166297	19000	public	362816667	6
166297	4000	private	270285714	6
166297	4500	private	279242857	6
166297	5000	private	302107143	6
166297	5500	private	313460714	6
166297	6000	private	323753571	6
166297	6500	private	323989286	6
166297	7000	private	331689286	6
166297	7500	private	341707143	6
166297	8000	private	351725000	6
166297	8500	private	353532143	6
166297	9000	private	360132143	6
166297	9500	private	359503571	6
166297	10000	private	359857143	6
166297	10500	private	370817857	6
166297	11000	private	369167857	6
166297	11500	private	371446429	6
166297	12000	private	368696429	6
166297	12500	private	373803571	6
166297	13000	private	379028571	6
166297	13500	private	375728571	6
166297	14000	private	369875000	6
166297	14500	private	367125000	6
166297	15000	private	362607143	6
166297	15500	private	359071429	6
166297	16000	private	352157143	6
166297	16500	private	348267857	6
166297	17000	private	342532143	6
166297	17500	private	341825000	6
166297	18000	private	336167857	6
166297	18500	private	334714286	6
166297	19000	private	326935714	6
188179	4000	public	279491667	6
188179	4500	public	297916667	6
188179	5000	public	299016667	6
188179	5500	public	322300000	6
188179	6000	public	338066667	6
188179	6500	public	337425000	6
188179	7000	public	338341667	6
188179	7500	public	358233333	6
188179	8000	public	366391667	6
188179	8500	public	368316667	6
188179	9000	public	365291667	6
188179	9500	public	380875000	6
188179	10000	public	379316667	6
188179	10500	public	383900000	6
188179	11000	public	379958333	6
188179	11500	public	377941667	6
188179	12000	public	390866667	6
188179	12500	public	384541667	6
188179	13000	public	382250000	6
188179	13500	public	389491667	6
188179	14000	public	380050000	6
188179	14500	public	375558333	6
188179	15000	public	372900000	6
188179	15500	public	369875000	6
188179	16000	public	381241667	6
188179	16500	public	381791667	6
188179	17000	public	385916667	6
188179	17500	public	381425000	6
188179	18000	public	375466667	6
188179	18500	public	369600000	6
188179	19000	public	369416667	6
188179	4000	private	258932143	6
188179	4500	private	284821429	6
188179	5000	private	296135714	6
188179	5500	private	310514286	6
188179	6000	private	329685714	6
188179	6500	private	341746429	6
188179	7000	private	346853571	6
188179	7500	private	353257143	6
188179	8000	private	353689286	6
188179	8500	private	353650000	6
188179	9000	private	360446429	6
188179	9500	private	362410714	6
188179	10000	private	370150000	6
188179	10500	private	375257143	6
188179	11000	private	371446429	6
188179	11500	private	382525000	6
188179	12000	private	379342857	6
188179	12500	private	378125000	6
188179	13000	private	376750000	6
188179	13500	private	377575000	6
188179	14000	private	374550000	6
188179	14500	private	372546429	6
188179	15000	private	368185714	6
188179	15500	private	363982143	6
188179	16000	private	358325000	6
188179	16500	private	349446429	6
188179	17000	private	348464286	6
188179	17500	private	341746429	6
188179	18000	private	337228571	6
188179	18500	private	334242857	6
188179	19000	private	335107143	6
405157	4000	public	274450000	6
405157	4500	public	275366667	6
405157	5000	public	292600000	6
405157	5500	public	303691667	6
405157	6000	public	322483333	6
405157	6500	public	326700000	6
405157	7000	public	339716667	6
405157	7500	public	351541667	6
405157	8000	public	361533333	6
405157	8500	public	370150000	6
405157	9000	public	388850000	6
405157	9500	public	389491667	6
405157	10000	public	393158333	6
405157	10500	public	382066667	6
405157	11000	public	375925000	6
405157	11500	public	381700000	6
405157	12000	public	380050000	6
405157	12500	public	384541667	6
405157	13000	public	385733333	6
405157	13500	public	380141667	6
405157	14000	public	383808333	6
405157	14500	public	381975000	6
405157	15000	public	386466667	6
405157	15500	public	383625000	6
405157	16000	public	395633333	6
405157	16500	public	391783333	6
405157	17000	public	384816667	6
405157	17500	public	392791667	6
405157	18000	public	383258333	6
405157	18500	public	379041667	6
405157	19000	public	365566667	6
405157	4000	private	262664286	6
405157	4500	private	283485714	6
405157	5000	private	306742857	6
405157	5500	private	315346429	6
405157	6000	private	325364286	6
405157	6500	private	332200000	6
405157	7000	private	346264286	6
405157	7500	private	351410714	6
405157	8000	private	351057143	6
405157	8500	private	356007143	6
405157	9000	private	366064286	6
405157	9500	private	365003571	6
405157	10000	private	361075000	6
405157	10500	private	357185714	6
405157	11000	private	366889286	6
405157	11500	private	376200000	6
405157	12000	private	379264286	6
405157	12500	private	379696429	6
405157	13000	private	373685714	6
405157	13500	private	369010714	6
405157	14000	private	361939286	6
405157	14500	private	368225000	6
405157	15000	private	357657143	6
405157	15500	private	358089286	6
405157	16000	private	356871429	6
405157	16500	private	356164286	6
405157	17000	private	353650000	6
405157	17500	private	343160714	6
405157	18000	private	341746429	6
405157	18500	private	330196429	6
405157	19000	private	328900000	6
491299	4000	public	255933333	6
491299	4500	public	276466667	6
491299	5000	public	299200000	6
491299	5500	public	297733333	6
491299	6000	public	327983333	6
491299	6500	public	337700000	6
491299	7000	public	358233333	6
491299	7500	public	355483333	6
491299	8000	public	367400000	6
491299	8500	public	367950000	6
491299	9000	public	378033333	6
491299	9500	public	383625000	6
491299	10000	public	387108333	6
491299	10500	public	378308333	6
491299	11000	public	388116667	6
491299	11500	public	381425000	6
491299	12000	public	379408333	6
491299	12500	public	379316667	6
491299	13000	public	394441667	6
491299	13500	public	396916667	6
491299	14000	public	401958333	6
491299	14500	public	392150000	6
491299	15000	public	387750000	6
491299	15500	public	385733333	6
491299	16000	public	380600000	6
491299	16500	public	380600000	6
491299	17000	public	386741667	6
491299	17500	public	395541667	6
491299	18000	public	382066667	6
491299	18500	public	375558333	6
491299	19000	public	364650000	6
491299	4000	private	262742857	6
491299	4500	private	292442857	6
491299	5000	private	296057143	6
491299	5500	private	314757143	6
491299	6000	private	324578571	6
491299	6500	private	330628571	6
491299	7000	private	341471429	6
491299	7500	private	349721429	6
491299	8000	private	353257143	6
491299	8500	private	361664286	6
491299	9000	private	356557143	6
491299	9500	private	359660714	6
491299	10000	private	366810714	6
491299	10500	private	372939286	6
491299	11000	private	375807143	6
491299	11500	private	373175000	6
491299	12000	private	370110714	6
491299	12500	private	374078571	6
491299	13000	private	374667857	6
491299	13500	private	379107143	6
491299	14000	private	382446429	6
491299	14500	private	382721429	6
491299	15000	private	377535714	6
491299	15500	private	372900000	6
491299	16000	private	363314286	6
491299	16500	private	359385714	6
491299	17000	private	351253571	6
491299	17500	private	345125000	6
491299	18000	private	334400000	6
491299	18500	private	325403571	6
491299	19000	private	316721429	6
531911	4000	public	272341667	6
531911	4500	public	284258333	6
531911	5000	public	306716667	6
531911	5500	public	318358333	6
531911	6000	public	336875000	6
531911	6500	public	348425000	6
531911	7000	public	361075000	6
531911	7500	public	362266667	6
531911	8000	public	363550000	6
531911	8500	public	365383333	6
531911	9000	public	380416667	6
531911	9500	public	377391667	6
531911	10000	public	373175000	6
531911	10500	public	381150000	6
531911	11000	public	379041667	6
531911	11500	public	376383333	6
531911	12000	public	378400000	6
531911	12500	public	387200000	6
531911	13000	public	396183333	6
531911	13500	public	401683333	6
531911	14000	public	406083333	6
531911	14500	public	402600000	6
531911	15000	public	397100000	6
531911	15500	public	397650000	6
531911	16000	public	391416667	6
531911	16500	public	381700000	6
531911	17000	public	374825000	6
531911	17500	public	376200000	6
531911	18000	public	369050000	6
531911	18500	public	368866667	6
531911	19000	public	365475000	6
531911	4000	private	263567857	6
531911	4500	private	279675000	6
531911	5000	private	295978571	6
531911	5500	private	315346429	6
531911	6000	private	325482143	6
531911	6500	private	332317857	6
531911	7000	private	341825000	6
531911	7500	private	342100000	6
531911	8000	private	350192857	6
531911	8500	private	345478571	6
531911	9000	private	361821429	6
531911	9500	private	363903571	6
531911	10000	private	374353571	6
531911	10500	private	374864286	6
531911	11000	private	365553571	6
531911	11500	private	369050000	6
531911	12000	private	372114286	6
531911	12500	private	370700000	6
531911	13000	private	369207143	6
531911	13500	private	369207143	6
531911	14000	private	371250000	6
531911	14500	private	371957143	6
531911	15000	private	367242857	6
531911	15500	private	358364286	6
531911	16000	private	349250000	6
531911	16500	private	344771429	6
531911	17000	private	345360714	6
531911	17500	private	347128571	6
531911	18000	private	339978571	6
531911	18500	private	337700000	6
531911	19000	private	330510714	6
542981	4000	public	282058333	6
542981	4500	public	293516667	6
542981	5000	public	290950000	6
542981	5500	public	299750000	6
542981	6000	public	326975000	6
542981	6500	public	334675000	6
542981	7000	public	343291667	6
542981	7500	public	344391667	6
542981	8000	public	358966667	6
542981	8500	public	355575000	6
542981	9000	public	381975000	6
542981	9500	public	379591667	6
542981	10000	public	373816667	6
542981	10500	public	369325000	6
542981	11000	public	376750000	6
542981	11500	public	381425000	6
542981	12000	public	389308333	6
542981	12500	public	380325000	6
542981	13000	public	381700000	6
542981	13500	public	379316667	6
542981	14000	public	388116667	6
542981	14500	public	389033333	6
542981	15000	public	379041667	6
542981	15500	public	379591667	6
542981	16000	public	380325000	6
542981	16500	public	373450000	6
542981	17000	public	378125000	6
542981	17500	public	372625000	6
542981	18000	public	370150000	6
542981	18500	public	360158333	6
542981	19000	public	356216667	6
542981	4000	private	254689286	6
542981	4500	private	277278571	6
542981	5000	private	304307143	6
542981	5500	private	315464286	6
542981	6000	private	326582143	6
542981	6500	private	331925000	6
542981	7000	private	341589286	6
542981	7500	private	349760714	6
542981	8000	private	350585714	6
542981	8500	private	352825000	6
542981	9000	private	354867857	6
542981	9500	private	356675000	6
542981	10000	private	359935714	6
542981	10500	private	367360714	6
542981	11000	private	360250000	6
542981	11500	private	379460714	6
542981	12000	private	373725000	6
542981	12500	private	368932143	6
542981	13000	private	372271429	6
542981	13500	private	372507143	6
542981	14000	private	372664286	6
542981	14500	private	373057143	6
542981	15000	private	368696429	6
542981	15500	private	366103571	6
542981	16000	private	361860714	6
542981	16500	private	353021429	6
542981	17000	private	348660714	6
542981	17500	private	342375000	6
542981	18000	private	339507143	6
542981	18500	private	333575000	6
542981	19000	private	326621429	6
817111	4000	public	272066667	6
817111	4500	public	287558333	6
817111	5000	public	306808333	6
817111	5500	public	304516667	6
817111	6000	public	330183333	6
817111	6500	public	346500000	6
817111	7000	public	348241667	6
817111	7500	public	349616667	6
817111	8000	public	356308333	6
817111	8500	public	375375000	6
817111	9000	public	378491667	6
817111	9500	public	379866667	6
817111	10000	public	376291667	6
817111	10500	public	373633333	6
817111	11000	public	367950000	6
817111	11500	public	372991667	6
817111	12000	public	376658333	6
817111	12500	public	392975000	6
817111	13000	public	394625000	6
817111	13500	public	390225000	6
817111	14000	public	391508333	6
817111	14500	public	385825000	6
817111	15000	public	383625000	6
817111	15500	public	380600000	6
817111	16000	public	391233333	6
817111	16500	public	394533333	6
817111	17000	public	384908333	6
817111	17500	public	381150000	6
817111	18000	public	374825000	6
817111	18500	public	376108333	6
817111	19000	public	380783333	6
817111	4000	private	268400000	6
817111	4500	private	284546429	6
817111	5000	private	299082143	6
817111	5500	private	313421429	6
817111	6000	private	325207143	6
817111	6500	private	3.41e+08	6
817111	7000	private	348896429	6
817111	7500	private	353807143	6
817111	8000	private	358010714	6
817111	8500	private	360053571	6
817111	9000	private	359503571	6
817111	9500	private	356557143	6
817111	10000	private	368303571	6
817111	10500	private	367085714	6
817111	11000	private	373450000	6
817111	11500	private	384646429	6
817111	12000	private	383860714	6
817111	12500	private	379225000	6
817111	13000	private	374589286	6
817111	13500	private	380403571	6
817111	14000	private	385353571	6
817111	14500	private	376003571	6
817111	15000	private	376160714	6
817111	15500	private	375100000	6
817111	16000	private	368185714	6
817111	16500	private	362842857	6
817111	17000	private	356753571	6
817111	17500	private	351292857	6
817111	18000	private	345360714	6
817111	18500	private	336167857	6
817111	19000	private	331807143	6
862307	4000	public	264458333	6
862307	4500	public	266200000	6
862307	5000	public	303783333	6
862307	5500	public	312400000	6
862307	6000	public	326333333	6
862307	6500	public	337791667	6
862307	7000	public	341458333	6
862307	7500	public	333300000	6
862307	8000	public	342375000	6
862307	8500	public	370150000	6
862307	9000	public	369691667	6
862307	9500	public	379683333	6
862307	10000	public	366116667	6
862307	10500	public	361900000	6
862307	11000	public	368775000	6
862307	11500	public	361166667	6
862307	12000	public	358691667	6
862307	12500	public	368500000	6
862307	13000	public	376841667	6
862307	13500	public	378675000	6
862307	14000	public	377116667	6
862307	14500	public	378766667	6
862307	15000	public	380508333	6
862307	15500	public	395633333	6
862307	16000	public	391233333	6
862307	16500	public	385183333	6
862307	17000	public	386741667	6
862307	17500	public	373083333	6
862307	18000	public	373541667	6
862307	18500	public	369966667	6
862307	19000	public	360158333	6
862307	4000	private	259089286	6
862307	4500	private	274842857	6
862307	5000	private	289378571	6
862307	5500	private	313185714	6
862307	6000	private	323714286	6
862307	6500	private	340017857	6
862307	7000	private	340803571	6
862307	7500	private	338800000	6
862307	8000	private	345125000	6
862307	8500	private	354435714	6
862307	9000	private	364846429	6
862307	9500	private	361350000	6
862307	10000	private	372664286	6
862307	10500	private	373685714	6
862307	11000	private	374667857	6
862307	11500	private	369285714	6
862307	12000	private	374275000	6
862307	12500	private	378714286	6
862307	13000	private	374353571	6
862307	13500	private	375925000	6
862307	14000	private	372664286	6
862307	14500	private	371171429	6
862307	15000	private	369639286	6
862307	15500	private	367085714	6
862307	16000	private	360328571	6
862307	16500	private	352707143	6
862307	17000	private	343396429	6
862307	17500	private	339035714	6
862307	18000	private	338053571	6
862307	18500	private	334085714	6
862307	19000	private	329646429	6
141871	4000	public	232375000	7
141871	4500	public	255475000	7
141871	5000	public	270691667	7
141871	5500	public	271333333	7
141871	6000	public	279125000	7
141871	6500	public	300941667	7
141871	7000	public	296908333	7
141871	7500	public	3.08e+08	7
141871	8000	public	311941667	7
141871	8500	public	323033333	7
141871	9000	public	341641667	7
141871	9500	public	357866667	7
141871	10000	public	356308333	7
141871	10500	public	356216667	7
141871	11000	public	349433333	7
141871	11500	public	349341667	7
141871	12000	public	349616667	7
141871	12500	public	345033333	7
141871	13000	public	331833333	7
141871	13500	public	333391667	7
141871	14000	public	327983333	7
141871	14500	public	331650000	7
141871	15000	public	337058333	7
141871	15500	public	324500000	7
141871	16000	public	330733333	7
141871	16500	public	330550000	7
141871	17000	public	323766667	7
141871	17500	public	317716667	7
141871	18000	public	313041667	7
141871	18500	public	312400000	7
141871	19000	public	305250000	7
141871	4000	private	233553571	7
141871	4500	private	262153571	7
141871	5000	private	275275000	7
141871	5500	private	294642857	7
141871	6000	private	301517857	7
141871	6500	private	310239286	7
141871	7000	private	322182143	7
141871	7500	private	326071429	7
141871	8000	private	322025000	7
141871	8500	private	325914286	7
141871	9000	private	325010714	7
141871	9500	private	325128571	7
141871	10000	private	334439286	7
141871	10500	private	341550000	7
141871	11000	private	349957143	7
141871	11500	private	352353571	7
141871	12000	private	348307143	7
141871	12500	private	344771429	7
141871	13000	private	340214286	7
141871	13500	private	338760714	7
141871	14000	private	334007143	7
141871	14500	private	333221429	7
141871	15000	private	326975000	7
141871	15500	private	323714286	7
141871	16000	private	320257143	7
141871	16500	private	319550000	7
141871	17000	private	316957143	7
141871	17500	private	312478571	7
141871	18000	private	304267857	7
141871	18500	private	297471429	7
141871	19000	private	291892857	7
152267	4000	public	248966667	7
152267	4500	public	258225000	7
152267	5000	public	273625000	7
152267	5500	public	295075000	7
152267	6000	public	306258333	7
152267	6500	public	319183333	7
152267	7000	public	323858333	7
152267	7500	public	333850000	7
152267	8000	public	334491667	7
152267	8500	public	342741667	7
152267	9000	public	346408333	7
152267	9500	public	344758333	7
152267	10000	public	356766667	7
152267	10500	public	354658333	7
152267	11000	public	353375000	7
152267	11500	public	366483333	7
152267	12000	public	359700000	7
152267	12500	public	352641667	7
152267	13000	public	364375000	7
152267	13500	public	371341667	7
152267	14000	public	357683333	7
152267	14500	public	366575000	7
152267	15000	public	361808333	7
152267	15500	public	355116667	7
152267	16000	public	347783333	7
152267	16500	public	362725000	7
152267	17000	public	352641667	7
152267	17500	public	349433333	7
152267	18000	public	340725000	7
152267	18500	public	335958333	7
152267	19000	public	322391667	7
152267	4000	private	221728571	7
152267	4500	private	245260714	7
152267	5000	private	263017857	7
152267	5500	private	284467857	7
152267	6000	private	289889286	7
152267	6500	private	297707143	7
152267	7000	private	307489286	7
152267	7500	private	307135714	7
152267	8000	private	306075000	7
152267	8500	private	306467857	7
152267	9000	private	315110714	7
152267	9500	private	324460714	7
152267	10000	private	329528571	7
152267	10500	private	328075000	7
152267	11000	private	334125000	7
152267	11500	private	340292857	7
152267	12000	private	336128571	7
152267	12500	private	338367857	7
152267	13000	private	338839286	7
152267	13500	private	342925000	7
152267	14000	private	346421429	7
152267	14500	private	346539286	7
152267	15000	private	343082143	7
152267	15500	private	332592857	7
152267	16000	private	323950000	7
152267	16500	private	323046429	7
152267	17000	private	320296429	7
152267	17500	private	314600000	7
152267	18000	private	311260714	7
152267	18500	private	306232143	7
152267	19000	private	303403571	7
166297	4000	public	245208333	7
166297	4500	public	272341667	7
166297	5000	public	288566667	7
166297	5500	public	291958333	7
166297	6000	public	307633333	7
166297	6500	public	320558333	7
166297	7000	public	329725000	7
166297	7500	public	344666667	7
166297	8000	public	342558333	7
166297	8500	public	342741667	7
166297	9000	public	349616667	7
166297	9500	public	352550000	7
166297	10000	public	361808333	7
166297	10500	public	3.52e+08	7
166297	11000	public	352733333	7
166297	11500	public	361258333	7
166297	12000	public	354291667	7
166297	12500	public	350716667	7
166297	13000	public	355758333	7
166297	13500	public	360250000	7
166297	14000	public	353558333	7
166297	14500	public	361808333	7
166297	15000	public	359516667	7
166297	15500	public	362725000	7
166297	16000	public	363183333	7
166297	16500	public	355666667	7
166297	17000	public	347691667	7
166297	17500	public	337425000	7
166297	18000	public	330916667	7
166297	18500	public	317075000	7
166297	19000	public	312400000	7
166297	4000	private	240625000	7
166297	4500	private	265925000	7
166297	5000	private	277042857	7
166297	5500	private	287375000	7
166297	6000	private	295585714	7
166297	6500	private	295546429	7
166297	7000	private	292403571	7
166297	7500	private	304071429	7
166297	8000	private	312046429	7
166297	8500	private	323753571	7
166297	9000	private	331021429	7
166297	9500	private	332121429	7
166297	10000	private	335225000	7
166297	10500	private	338642857	7
166297	11000	private	335971429	7
166297	11500	private	347246429	7
166297	12000	private	352589286	7
166297	12500	private	351764286	7
166297	13000	private	348817857	7
166297	13500	private	347678571	7
166297	14000	private	346617857	7
166297	14500	private	350153571	7
166297	15000	private	348778571	7
166297	15500	private	346617857	7
166297	16000	private	345635714	7
166297	16500	private	344928571	7
166297	17000	private	334989286	7
166297	17500	private	327603571	7
166297	18000	private	318607143	7
166297	18500	private	312753571	7
166297	19000	private	306114286	7
188179	4000	public	249700000	7
188179	4500	public	265375000	7
188179	5000	public	279400000	7
188179	5500	public	295166667	7
188179	6000	public	304516667	7
188179	6500	public	310016667	7
188179	7000	public	314233333	7
188179	7500	public	321658333	7
188179	8000	public	336600000	7
188179	8500	public	330733333	7
188179	9000	public	338616667	7
188179	9500	public	336416667	7
188179	10000	public	354383333	7
188179	10500	public	359425000	7
188179	11000	public	357775000	7
188179	11500	public	357958333	7
188179	12000	public	357591667	7
188179	12500	public	354016667	7
188179	13000	public	340816667	7
188179	13500	public	340541667	7
188179	14000	public	337975000	7
188179	14500	public	338250000	7
188179	15000	public	342925000	7
188179	15500	public	349433333	7
188179	16000	public	346683333	7
188179	16500	public	347141667	7
188179	17000	public	344483333	7
188179	17500	public	338433333	7
188179	18000	public	331375000	7
188179	18500	public	319641667	7
188179	19000	public	312583333	7
188179	4000	private	230842857	7
188179	4500	private	253196429	7
188179	5000	private	268400000	7
188179	5500	private	276571429	7
188179	6000	private	285921429	7
188179	6500	private	293778571	7
188179	7000	private	302185714	7
188179	7500	private	312360714	7
188179	8000	private	317742857	7
188179	8500	private	325757143	7
188179	9000	private	332592857	7
188179	9500	private	339035714	7
188179	10000	private	349407143	7
188179	10500	private	341746429	7
188179	11000	private	347953571	7
188179	11500	private	340803571	7
188179	12000	private	344889286	7
188179	12500	private	336207143	7
188179	13000	private	336364286	7
188179	13500	private	337267857	7
188179	14000	private	334439286	7
188179	14500	private	336678571	7
188179	15000	private	330746429	7
188179	15500	private	325600000	7
188179	16000	private	318135714	7
188179	16500	private	314010714	7
188179	17000	private	304935714	7
188179	17500	private	297314286	7
188179	18000	private	296410714	7
188179	18500	private	292796429	7
188179	19000	private	291892857	7
405157	4000	public	242366667	7
405157	4500	public	259508333	7
405157	5000	public	276100000	7
405157	5500	public	281233333	7
405157	6000	public	299658333	7
405157	6500	public	316158333	7
405157	7000	public	336325000	7
405157	7500	public	329633333	7
405157	8000	public	330458333	7
405157	8500	public	350808333	7
405157	9000	public	354108333	7
405157	9500	public	360525000	7
405157	10000	public	368591667	7
405157	10500	public	368591667	7
405157	11000	public	368408333	7
405157	11500	public	358233333	7
405157	12000	public	354658333	7
405157	12500	public	348975000	7
405157	13000	public	343750000	7
405157	13500	public	344391667	7
405157	14000	public	334033333	7
405157	14500	public	352366667	7
405157	15000	public	350441667	7
405157	15500	public	354841667	7
405157	16000	public	359883333	7
405157	16500	public	353100000	7
405157	17000	public	349341667	7
405157	17500	public	345950000	7
405157	18000	public	342925000	7
405157	18500	public	335958333	7
405157	19000	public	328625000	7
405157	4000	private	235557143	7
405157	4500	private	258853571	7
405157	5000	private	271385714	7
405157	5500	private	284114286	7
405157	6000	private	295860714	7
405157	6500	private	308432143	7
405157	7000	private	313146429	7
405157	7500	private	308942857	7
405157	8000	private	320375000	7
405157	8500	private	325010714	7
405157	9000	private	330667857	7
405157	9500	private	333417857	7
405157	10000	private	338603571	7
405157	10500	private	342532143	7
405157	11000	private	346539286	7
405157	11500	private	354828571	7
405157	12000	private	347717857	7
405157	12500	private	347796429	7
405157	13000	private	347678571	7
405157	13500	private	346617857	7
405157	14000	private	342414286	7
405157	14500	private	347914286	7
405157	15000	private	341667857	7
405157	15500	private	335853571	7
405157	16000	private	332907143	7
405157	16500	private	330314286	7
405157	17000	private	326425000	7
405157	17500	private	316092857	7
405157	18000	private	305603571	7
405157	18500	private	299946429	7
405157	19000	private	294446429	7
491299	4000	public	234391667	7
491299	4500	public	243100000	7
491299	5000	public	278391667	7
491299	5500	public	288383333	7
491299	6000	public	295166667	7
491299	6500	public	314325000	7
491299	7000	public	321383333	7
491299	7500	public	323125000	7
491299	8000	public	326700000	7
491299	8500	public	324500000	7
491299	9000	public	329175000	7
491299	9500	public	326700000	7
491299	10000	public	346408333	7
491299	10500	public	346775000	7
491299	11000	public	340266667	7
491299	11500	public	355850000	7
491299	12000	public	352458333	7
491299	12500	public	357958333	7
491299	13000	public	373908333	7
491299	13500	public	375741667	7
491299	14000	public	386466667	7
491299	14500	public	377666667	7
491299	15000	public	376841667	7
491299	15500	public	362816667	7
491299	16000	public	365475000	7
491299	16500	public	357683333	7
491299	17000	public	343841667	7
491299	17500	public	339075000	7
491299	18000	public	336875000	7
491299	18500	public	343108333	7
491299	19000	public	340633333	7
491299	4000	private	234260714	7
491299	4500	private	248600000	7
491299	5000	private	256260714	7
491299	5500	private	277907143	7
491299	6000	private	289928571	7
491299	6500	private	301360714	7
491299	7000	private	316407143	7
491299	7500	private	319589286	7
491299	8000	private	323557143	7
491299	8500	private	333142857	7
491299	9000	private	338210714	7
491299	9500	private	341628571	7
491299	10000	private	338682143	7
491299	10500	private	339310714	7
491299	11000	private	342885714	7
491299	11500	private	343278571	7
491299	12000	private	345517857	7
491299	12500	private	339232143	7
491299	13000	private	337896429	7
491299	13500	private	339467857	7
491299	14000	private	335657143	7
491299	14500	private	333928571	7
491299	15000	private	327210714	7
491299	15500	private	326150000	7
491299	16000	private	322653571	7
491299	16500	private	317350000	7
491299	17000	private	316210714	7
491299	17500	private	309610714	7
491299	18000	private	301910714	7
491299	18500	private	298453571	7
491299	19000	private	287728571	7
531911	4000	public	239066667	7
531911	4500	public	245758333	7
531911	5000	public	275458333	7
531911	5500	public	294250000	7
531911	6000	public	294341667	7
531911	6500	public	306533333	7
531911	7000	public	310108333	7
531911	7500	public	322025000	7
531911	8000	public	3.3e+08	7
531911	8500	public	338158333	7
531911	9000	public	356675000	7
531911	9500	public	358050000	7
531911	10000	public	370791667	7
531911	10500	public	368683333	7
531911	11000	public	369691667	7
531911	11500	public	369691667	7
531911	12000	public	377116667	7
531911	12500	public	377116667	7
531911	13000	public	375466667	7
531911	13500	public	378125000	7
531911	14000	public	369050000	7
531911	14500	public	372441667	7
531911	15000	public	364925000	7
531911	15500	public	354475000	7
531911	16000	public	344575000	7
531911	16500	public	340725000	7
531911	17000	public	337608333	7
531911	17500	public	330825000	7
531911	18000	public	325325000	7
531911	18500	public	323858333	7
531911	19000	public	320650000	7
531911	4000	private	236971429	7
531911	4500	private	255317857	7
531911	5000	private	266946429	7
531911	5500	private	273821429	7
531911	6000	private	294996429	7
531911	6500	private	307842857	7
531911	7000	private	321239286	7
531911	7500	private	323203571	7
531911	8000	private	328428571	7
531911	8500	private	338289286	7
531911	9000	private	326425000	7
531911	9500	private	332907143	7
531911	10000	private	342375000	7
531911	10500	private	344064286	7
531911	11000	private	350703571	7
531911	11500	private	364060714	7
531911	12000	private	363235714	7
531911	12500	private	356164286	7
531911	13000	private	354514286	7
531911	13500	private	351017857	7
531911	14000	private	344692857	7
531911	14500	private	345596429	7
531911	15000	private	343317857	7
531911	15500	private	334439286	7
531911	16000	private	325325000	7
531911	16500	private	321475000	7
531911	17000	private	320453571	7
531911	17500	private	313146429	7
531911	18000	private	306860714	7
531911	18500	private	301989286	7
531911	19000	private	304150000	7
542981	4000	public	234391667	7
542981	4500	public	247683333	7
542981	5000	public	263083333	7
542981	5500	public	263083333	7
542981	6000	public	272066667	7
542981	6500	public	284533333	7
542981	7000	public	307816667	7
542981	7500	public	330641667	7
542981	8000	public	323400000	7
542981	8500	public	334400000	7
542981	9000	public	335225000	7
542981	9500	public	337791667	7
542981	10000	public	337058333	7
542981	10500	public	337791667	7
542981	11000	public	339625000	7
542981	11500	public	350350000	7
542981	12000	public	349891667	7
542981	12500	public	351083333	7
542981	13000	public	343108333	7
542981	13500	public	344758333	7
542981	14000	public	344758333	7
542981	14500	public	352916667	7
542981	15000	public	356125000	7
542981	15500	public	371341667	7
542981	16000	public	362725000	7
542981	16500	public	359516667	7
542981	17000	public	356950000	7
542981	17500	public	344300000	7
542981	18000	public	338433333	7
542981	18500	public	332383333	7
542981	19000	public	319550000	7
542981	4000	private	232689286	7
542981	4500	private	257635714	7
542981	5000	private	261250000	7
542981	5500	private	269892857	7
542981	6000	private	284114286	7
542981	6500	private	292128571	7
542981	7000	private	287650000	7
542981	7500	private	303796429	7
542981	8000	private	315542857	7
542981	8500	private	325757143	7
542981	9000	private	335617857	7
542981	9500	private	336875000	7
542981	10000	private	348975000	7
542981	10500	private	344732143	7
542981	11000	private	344732143	7
542981	11500	private	350350000	7
542981	12000	private	345046429	7
542981	12500	private	348464286	7
542981	13000	private	354239286	7
542981	13500	private	359032143	7
542981	14000	private	350389286	7
542981	14500	private	347678571	7
542981	15000	private	339232143	7
542981	15500	private	338210714	7
542981	16000	private	334832143	7
542981	16500	private	329135714	7
542981	17000	private	326307143	7
542981	17500	private	318371429	7
542981	18000	private	315385714	7
542981	18500	private	309335714	7
542981	19000	private	303050000	7
817111	4000	public	238241667	7
817111	4500	public	247316667	7
817111	5000	public	262808333	7
817111	5500	public	271150000	7
817111	6000	public	302866667	7
817111	6500	public	314050000	7
817111	7000	public	305250000	7
817111	7500	public	319916667	7
817111	8000	public	335041667	7
817111	8500	public	348241667	7
817111	9000	public	348700000	7
817111	9500	public	346591667	7
817111	10000	public	359333333	7
817111	10500	public	359883333	7
817111	11000	public	349341667	7
817111	11500	public	358600000	7
817111	12000	public	342466667	7
817111	12500	public	349800000	7
817111	13000	public	360525000	7
817111	13500	public	353191667	7
817111	14000	public	350166667	7
817111	14500	public	344025000	7
817111	15000	public	341366667	7
817111	15500	public	338891667	7
817111	16000	public	334491667	7
817111	16500	public	322666667	7
817111	17000	public	316616667	7
817111	17500	public	319091667	7
817111	18000	public	315608333	7
817111	18500	public	317350000	7
817111	19000	public	302591667	7
817111	4000	private	248325000	7
817111	4500	private	256221429	7
817111	5000	private	266082143	7
817111	5500	private	283721429	7
817111	6000	private	291342857	7
817111	6500	private	299907143	7
817111	7000	private	299750000	7
817111	7500	private	308392857	7
817111	8000	private	310553571	7
817111	8500	private	322967857	7
817111	9000	private	326700000	7
817111	9500	private	325246429	7
817111	10000	private	326857143	7
817111	10500	private	328978571	7
817111	11000	private	332710714	7
817111	11500	private	326385714	7
817111	12000	private	323085714	7
817111	12500	private	323871429	7
817111	13000	private	327917857	7
817111	13500	private	338132143	7
817111	14000	private	338642857	7
817111	14500	private	338917857	7
817111	15000	private	331414286	7
817111	15500	private	326975000	7
817111	16000	private	326503571	7
817111	16500	private	319785714	7
817111	17000	private	310592857	7
817111	17500	private	304032143	7
817111	18000	private	300025000	7
817111	18500	private	293778571	7
817111	19000	private	291460714	7
862307	4000	public	239341667	7
862307	4500	public	272708333	7
862307	5000	public	282883333	7
862307	5500	public	290308333	7
862307	6000	public	295808333	7
862307	6500	public	304608333	7
862307	7000	public	316708333	7
862307	7500	public	334583333	7
862307	8000	public	347050000	7
862307	8500	public	358508333	7
862307	9000	public	356125000	7
862307	9500	public	354475000	7
862307	10000	public	352091667	7
862307	10500	public	366575000	7
862307	11000	public	371525000	7
862307	11500	public	361258333	7
862307	12000	public	369233333	7
862307	12500	public	366300000	7
862307	13000	public	351816667	7
862307	13500	public	363550000	7
862307	14000	public	362725000	7
862307	14500	public	363091667	7
862307	15000	public	356858333	7
862307	15500	public	357591667	7
862307	16000	public	354933333	7
862307	16500	public	359241667	7
862307	17000	public	348333333	7
862307	17500	public	339075000	7
862307	18000	public	332291667	7
862307	18500	public	329266667	7
862307	19000	public	319366667	7
862307	4000	private	238425000	7
862307	4500	private	264196429	7
862307	5000	private	270050000	7
862307	5500	private	275510714	7
862307	6000	private	284939286	7
862307	6500	private	296096429	7
862307	7000	private	310553571	7
862307	7500	private	306821429	7
862307	8000	private	313264286	7
862307	8500	private	318567857	7
862307	9000	private	317232143	7
862307	9500	private	318725000	7
862307	10000	private	328389286	7
862307	10500	private	329253571	7
862307	11000	private	334203571	7
862307	11500	private	342532143	7
862307	12000	private	338328571	7
862307	12500	private	338800000	7
862307	13000	private	347364286	7
862307	13500	private	343121429	7
862307	14000	private	347403571	7
862307	14500	private	340175000	7
862307	15000	private	338917857	7
862307	15500	private	337817857	7
862307	16000	private	339742857	7
862307	16500	private	329253571	7
862307	17000	private	320571429	7
862307	17500	private	312753571	7
862307	18000	private	311732143	7
862307	18500	private	301242857	7
862307	19000	private	296842857	7
141871	4000	public	256758333	8
141871	4500	public	273441667	8
141871	5000	public	291500000	8
141871	5500	public	285633333	8
141871	6000	public	286458333	8
141871	6500	public	291958333	8
141871	7000	public	287375000	8
141871	7500	public	296541667	8
141871	8000	public	305158333	8
141871	8500	public	319916667	8
141871	9000	public	315791667	8
141871	9500	public	324133333	8
141871	10000	public	333575000	8
141871	10500	public	334216667	8
141871	11000	public	342375000	8
141871	11500	public	383533333	8
141871	12000	public	406633333	8
141871	12500	public	417358333	8
141871	13000	public	417633333	8
141871	13500	public	421483333	8
141871	14000	public	423133333	8
141871	14500	public	409750000	8
141871	15000	public	404341667	8
141871	15500	public	419558333	8
141871	16000	public	420658333	8
141871	16500	public	418091667	8
141871	17000	public	411216667	8
141871	17500	public	411491667	8
141871	18000	public	404341667	8
141871	18500	public	390866667	8
141871	19000	public	380416667	8
141871	4000	private	251389286	8
141871	4500	private	265453571	8
141871	5000	private	285214286	8
141871	5500	private	304228571	8
141871	6000	private	318803571	8
141871	6500	private	328232143	8
141871	7000	private	335696429	8
141871	7500	private	343553571	8
141871	8000	private	348503571	8
141871	8500	private	352392857	8
141871	9000	private	347089286	8
141871	9500	private	350585714	8
141871	10000	private	358325000	8
141871	10500	private	352550000	8
141871	11000	private	359267857	8
141871	11500	private	358128571	8
141871	12000	private	366300000	8
141871	12500	private	376632143	8
141871	13000	private	371014286	8
141871	13500	private	371721429	8
141871	14000	private	379657143	8
141871	14500	private	375178571	8
141871	15000	private	373567857	8
141871	15500	private	374117857	8
141871	16000	private	366575000	8
141871	16500	private	366889286	8
141871	17000	private	359621429	8
141871	17500	private	354003571	8
141871	18000	private	357853571	8
141871	18500	private	353414286	8
141871	19000	private	350821429	8
152267	4000	public	260058333	8
152267	4500	public	279033333	8
152267	5000	public	284075000	8
152267	5500	public	285816667	8
152267	6000	public	293333333	8
152267	6500	public	298558333	8
152267	7000	public	293700000	8
152267	7500	public	299200000	8
152267	8000	public	300941667	8
152267	8500	public	310108333	8
152267	9000	public	330183333	8
152267	9500	public	332108333	8
152267	10000	public	346591667	8
152267	10500	public	367491667	8
152267	11000	public	376108333	8
152267	11500	public	401683333	8
152267	12000	public	408558333	8
152267	12500	public	420658333	8
152267	13000	public	436150000	8
152267	13500	public	428266667	8
152267	14000	public	428633333	8
152267	14500	public	425791667	8
152267	15000	public	428175000	8
152267	15500	public	421666667	8
152267	16000	public	429733333	8
152267	16500	public	419283333	8
152267	17000	public	413325000	8
152267	17500	public	402141667	8
152267	18000	public	407458333	8
152267	18500	public	400308333	8
152267	19000	public	391141667	8
152267	4000	private	251546429	8
152267	4500	private	269342857	8
152267	5000	private	286825000	8
152267	5500	private	305721429	8
152267	6000	private	3.08e+08	8
152267	6500	private	320689286	8
152267	7000	private	326700000	8
152267	7500	private	343985714	8
152267	8000	private	350310714	8
152267	8500	private	361310714	8
152267	9000	private	362921429	8
152267	9500	private	366025000	8
152267	10000	private	366889286	8
152267	10500	private	369717857	8
152267	11000	private	369953571	8
152267	11500	private	370778571	8
152267	12000	private	373332143	8
152267	12500	private	376789286	8
152267	13000	private	386650000	8
152267	13500	private	386100000	8
152267	14000	private	375728571	8
152267	14500	private	376160714	8
152267	15000	private	383782143	8
152267	15500	private	373214286	8
152267	16000	private	376828571	8
152267	16500	private	374235714	8
152267	17000	private	368146429	8
152267	17500	private	365867857	8
152267	18000	private	359660714	8
152267	18500	private	350939286	8
152267	19000	private	341510714	8
166297	4000	public	259600000	8
166297	4500	public	278575000	8
166297	5000	public	291683333	8
166297	5500	public	296358333	8
166297	6000	public	290033333	8
166297	6500	public	292050000	8
166297	7000	public	292875000	8
166297	7500	public	302500000	8
166297	8000	public	307175000	8
166297	8500	public	304975000	8
166297	9000	public	327158333	8
166297	9500	public	344575000	8
166297	10000	public	358691667	8
166297	10500	public	373908333	8
166297	11000	public	386191667	8
166297	11500	public	400583333	8
166297	12000	public	419375000	8
166297	12500	public	424416667	8
166297	13000	public	418550000	8
166297	13500	public	419191667	8
166297	14000	public	412958333	8
166297	14500	public	417725000	8
166297	15000	public	417816667	8
166297	15500	public	417816667	8
166297	16000	public	411308333	8
166297	16500	public	408925000	8
166297	17000	public	399575000	8
166297	17500	public	400675000	8
166297	18000	public	394533333	8
166297	18500	public	388391667	8
166297	19000	public	386100000	8
166297	4000	private	251742857	8
166297	4500	private	272682143	8
166297	5000	private	292992857	8
166297	5500	private	307489286	8
166297	6000	private	315700000	8
166297	6500	private	321907143	8
166297	7000	private	330196429	8
166297	7500	private	345714286	8
166297	8000	private	349210714	8
166297	8500	private	352510714	8
166297	9000	private	357932143	8
166297	9500	private	360682143	8
166297	10000	private	364846429	8
166297	10500	private	377967857	8
166297	11000	private	375060714	8
166297	11500	private	372821429	8
166297	12000	private	370267857	8
166297	12500	private	379892857	8
166297	13000	private	378478571	8
166297	13500	private	377417857	8
166297	14000	private	376160714	8
166297	14500	private	373332143	8
166297	15000	private	380364286	8
166297	15500	private	376435714	8
166297	16000	private	370582143	8
166297	16500	private	364532143	8
166297	17000	private	359896429	8
166297	17500	private	360210714	8
166297	18000	private	360485714	8
166297	18500	private	357617857	8
166297	19000	private	346814286	8
188179	4000	public	249241667	8
188179	4500	public	256850000	8
188179	5000	public	283983333	8
188179	5500	public	296450000	8
188179	6000	public	290216667	8
188179	6500	public	284716667	8
188179	7000	public	296175000	8
188179	7500	public	296175000	8
188179	8000	public	296083333	8
188179	8500	public	304700000	8
188179	9000	public	320466667	8
188179	9500	public	339625000	8
188179	10000	public	361533333	8
188179	10500	public	377391667	8
188179	11000	public	385641667	8
188179	11500	public	398016667	8
188179	12000	public	417083333	8
188179	12500	public	405991667	8
188179	13000	public	423958333	8
188179	13500	public	431933333	8
188179	14000	public	433033333	8
188179	14500	public	430558333	8
188179	15000	public	438350000	8
188179	15500	public	425516667	8
188179	16000	public	418641667	8
188179	16500	public	413416667	8
188179	17000	public	415616667	8
188179	17500	public	416441667	8
188179	18000	public	405350000	8
188179	18500	public	401225000	8
188179	19000	public	387108333	8
188179	4000	private	256182143	8
188179	4500	private	270992857	8
188179	5000	private	296292857	8
188179	5500	private	313735714	8
188179	6000	private	321907143	8
188179	6500	private	332907143	8
188179	7000	private	336639286	8
188179	7500	private	346853571	8
188179	8000	private	353964286	8
188179	8500	private	360485714	8
188179	9000	private	359228571	8
188179	9500	private	358089286	8
188179	10000	private	369914286	8
188179	10500	private	371760714	8
188179	11000	private	376867857	8
188179	11500	private	378635714	8
188179	12000	private	382250000	8
188179	12500	private	384646429	8
188179	13000	private	384017857	8
188179	13500	private	382957143	8
188179	14000	private	387985714	8
188179	14500	private	385117857	8
188179	15000	private	377850000	8
188179	15500	private	371564286	8
188179	16000	private	370582143	8
188179	16500	private	367321429	8
188179	17000	private	360878571	8
188179	17500	private	362882143	8
188179	18000	private	365278571	8
188179	18500	private	358403571	8
188179	19000	private	351096429	8
405157	4000	public	249425000	8
405157	4500	public	275916667	8
405157	5000	public	284258333	8
405157	5500	public	289300000	8
405157	6000	public	290583333	8
405157	6500	public	299475000	8
405157	7000	public	297275000	8
405157	7500	public	295166667	8
405157	8000	public	295625000	8
405157	8500	public	317075000	8
405157	9000	public	340358333	8
405157	9500	public	351633333	8
405157	10000	public	348608333	8
405157	10500	public	360341667	8
405157	11000	public	379408333	8
405157	11500	public	409291667	8
405157	12000	public	415891667	8
405157	12500	public	415983333	8
405157	13000	public	421116667	8
405157	13500	public	430925000	8
405157	14000	public	435508333	8
405157	14500	public	437341667	8
405157	15000	public	430925000	8
405157	15500	public	429825000	8
405157	16000	public	427350000	8
405157	16500	public	420566667	8
405157	17000	public	413325000	8
405157	17500	public	404800000	8
405157	18000	public	405258333	8
405157	18500	public	391600000	8
405157	19000	public	388575000	8
405157	4000	private	252960714	8
405157	4500	private	273821429	8
405157	5000	private	285175000	8
405157	5500	private	313657143	8
405157	6000	private	320178571	8
405157	6500	private	328153571	8
405157	7000	private	328310714	8
405157	7500	private	342571429	8
405157	8000	private	351017857	8
405157	8500	private	353610714	8
405157	9000	private	360132143	8
405157	9500	private	359228571	8
405157	10000	private	362882143	8
405157	10500	private	363353571	8
405157	11000	private	370110714	8
405157	11500	private	369089286	8
405157	12000	private	365475000	8
405157	12500	private	370935714	8
405157	13000	private	380521429	8
405157	13500	private	391246429	8
405157	14000	private	385353571	8
405157	14500	private	377496429	8
405157	15000	private	374746429	8
405157	15500	private	374432143	8
405157	16000	private	369992857	8
405157	16500	private	370542857	8
405157	17000	private	372860714	8
405157	17500	private	369442857	8
405157	18000	private	363746429	8
405157	18500	private	354671429	8
405157	19000	private	348896429	8
491299	4000	public	248783333	8
491299	4500	public	260516667	8
491299	5000	public	283891667	8
491299	5500	public	296083333	8
491299	6000	public	293516667	8
491299	6500	public	296175000	8
491299	7000	public	294066667	8
491299	7500	public	298191667	8
491299	8000	public	306441667	8
491299	8500	public	307908333	8
491299	9000	public	320650000	8
491299	9500	public	336875000	8
491299	10000	public	3.52e+08	8
491299	10500	public	363091667	8
491299	11000	public	378125000	8
491299	11500	public	400583333	8
491299	12000	public	422033333	8
491299	12500	public	426891667	8
491299	13000	public	426616667	8
491299	13500	public	424966667	8
491299	14000	public	431108333	8
491299	14500	public	431200000	8
491299	15000	public	420566667	8
491299	15500	public	413233333	8
491299	16000	public	411125000	8
491299	16500	public	419375000	8
491299	17000	public	408833333	8
491299	17500	public	409750000	8
491299	18000	public	404525000	8
491299	18500	public	390408333	8
491299	19000	public	391325000	8
491299	4000	private	253235714	8
491299	4500	private	269421429	8
491299	5000	private	288475000	8
491299	5500	private	307607143	8
491299	6000	private	315778571	8
491299	6500	private	331139286	8
491299	7000	private	334400000	8
491299	7500	private	341275000	8
491299	8000	private	349525000	8
491299	8500	private	357539286	8
491299	9000	private	354435714	8
491299	9500	private	352982143	8
491299	10000	private	353571429	8
491299	10500	private	351175000	8
491299	11000	private	358089286	8
491299	11500	private	364964286	8
491299	12000	private	367557143	8
491299	12500	private	370975000	8
491299	13000	private	376592857	8
491299	13500	private	378085714	8
491299	14000	private	382525000	8
491299	14500	private	381700000	8
491299	15000	private	380757143	8
491299	15500	private	376828571	8
491299	16000	private	380089286	8
491299	16500	private	375767857	8
491299	17000	private	368500000	8
491299	17500	private	367321429	8
491299	18000	private	365632143	8
491299	18500	private	355182143	8
491299	19000	private	349289286	8
531911	4000	public	259691667	8
531911	4500	public	282425000	8
531911	5000	public	284350000	8
531911	5500	public	289208333	8
531911	6000	public	289666667	8
531911	6500	public	288108333	8
531911	7000	public	290400000	8
531911	7500	public	309925000	8
531911	8000	public	3.19e+08	8
531911	8500	public	330916667	8
531911	9000	public	339350000	8
531911	9500	public	343291667	8
531911	10000	public	369966667	8
531911	10500	public	381150000	8
531911	11000	public	389675000	8
531911	11500	public	416900000	8
531911	12000	public	424325000	8
531911	12500	public	424875000	8
531911	13000	public	418183333	8
531911	13500	public	425425000	8
531911	14000	public	422400000	8
531911	14500	public	427808333	8
531911	15000	public	413875000	8
531911	15500	public	418733333	8
531911	16000	public	409383333	8
531911	16500	public	408833333	8
531911	17000	public	403516667	8
531911	17500	public	396366667	8
531911	18000	public	396916667	8
531911	18500	public	397466667	8
531911	19000	public	398108333	8
531911	4000	private	248560714	8
531911	4500	private	271032143	8
531911	5000	private	297707143	8
531911	5500	private	312125000	8
531911	6000	private	314285714	8
531911	6500	private	326739286	8
531911	7000	private	345400000	8
531911	7500	private	355103571	8
531911	8000	private	353571429	8
531911	8500	private	357107143	8
531911	9000	private	358992857	8
531911	9500	private	358089286	8
531911	10000	private	360014286	8
531911	10500	private	359150000	8
531911	11000	private	371996429	8
531911	11500	private	373685714	8
531911	12000	private	379146429	8
531911	12500	private	384410714	8
531911	13000	private	377064286	8
531911	13500	private	379460714	8
531911	14000	private	379971429	8
531911	14500	private	380010714	8
531911	15000	private	382053571	8
531911	15500	private	376042857	8
531911	16000	private	376121429	8
531911	16500	private	367714286	8
531911	17000	private	364492857	8
531911	17500	private	362057143	8
531911	18000	private	361035714	8
531911	18500	private	352157143	8
531911	19000	private	355810714	8
542981	4000	public	2.53e+08	8
542981	4500	public	261250000	8
542981	5000	public	274175000	8
542981	5500	public	289391667	8
542981	6000	public	286458333	8
542981	6500	public	288291667	8
542981	7000	public	298191667	8
542981	7500	public	301950000	8
542981	8000	public	300300000	8
542981	8500	public	311208333	8
542981	9000	public	326883333	8
542981	9500	public	331833333	8
542981	10000	public	356491667	8
542981	10500	public	360891667	8
542981	11000	public	376016667	8
542981	11500	public	395266667	8
542981	12000	public	413691667	8
542981	12500	public	416900000	8
542981	13000	public	413141667	8
542981	13500	public	422033333	8
542981	14000	public	422308333	8
542981	14500	public	423133333	8
542981	15000	public	413416667	8
542981	15500	public	414608333	8
542981	16000	public	412408333	8
542981	16500	public	401225000	8
542981	17000	public	399025000	8
542981	17500	public	389400000	8
542981	18000	public	397650000	8
542981	18500	public	398016667	8
542981	19000	public	383900000	8
542981	4000	private	251428571	8
542981	4500	private	269107143	8
542981	5000	private	284782143	8
542981	5500	private	302617857	8
542981	6000	private	318803571	8
542981	6500	private	336089286	8
542981	7000	private	334203571	8
542981	7500	private	338092857	8
542981	8000	private	350585714	8
542981	8500	private	357696429	8
542981	9000	private	356478571	8
542981	9500	private	358285714	8
542981	10000	private	365789286	8
542981	10500	private	370975000	8
542981	11000	private	365278571	8
542981	11500	private	367242857	8
542981	12000	private	374275000	8
542981	12500	private	375257143	8
542981	13000	private	372939286	8
542981	13500	private	374628571	8
542981	14000	private	373725000	8
542981	14500	private	372585714	8
542981	15000	private	374392857	8
542981	15500	private	371525000	8
542981	16000	private	374825000	8
542981	16500	private	363117857	8
542981	17000	private	358560714	8
542981	17500	private	361900000	8
542981	18000	private	357578571	8
542981	18500	private	355064286	8
542981	19000	private	350900000	8
817111	4000	public	260425000	8
817111	4500	public	268675000	8
817111	5000	public	284808333	8
817111	5500	public	286458333	8
817111	6000	public	279950000	8
817111	6500	public	282333333	8
817111	7000	public	296725000	8
817111	7500	public	301766667	8
817111	8000	public	317900000	8
817111	8500	public	318541667	8
817111	9000	public	334950000	8
817111	9500	public	345858333	8
817111	10000	public	345766667	8
817111	10500	public	345858333	8
817111	11000	public	346866667	8
817111	11500	public	381791667	8
817111	12000	public	394625000	8
817111	12500	public	403516667	8
817111	13000	public	414608333	8
817111	13500	public	412500000	8
817111	14000	public	410758333	8
817111	14500	public	418275000	8
817111	15000	public	418550000	8
817111	15500	public	419741667	8
817111	16000	public	422675000	8
817111	16500	public	423133333	8
817111	17000	public	408558333	8
817111	17500	public	402600000	8
817111	18000	public	393708333	8
817111	18500	public	401683333	8
817111	19000	public	392333333	8
817111	4000	private	249817857	8
817111	4500	private	265925000	8
817111	5000	private	289653571	8
817111	5500	private	311732143	8
817111	6000	private	324735714	8
817111	6500	private	324500000	8
817111	7000	private	331689286	8
817111	7500	private	339742857	8
817111	8000	private	344614286	8
817111	8500	private	345125000	8
817111	9000	private	349878571	8
817111	9500	private	355417857	8
817111	10000	private	367242857	8
817111	10500	private	361703571	8
817111	11000	private	358914286	8
817111	11500	private	358875000	8
817111	12000	private	360446429	8
817111	12500	private	362135714	8
817111	13000	private	369167857	8
817111	13500	private	364571429	8
817111	14000	private	375532143	8
817111	14500	private	369953571	8
817111	15000	private	372192857	8
817111	15500	private	369325000	8
817111	16000	private	367282143	8
817111	16500	private	360014286	8
817111	17000	private	363903571	8
817111	17500	private	359385714	8
817111	18000	private	357696429	8
817111	18500	private	350350000	8
817111	19000	private	350428571	8
862307	4000	public	252541667	8
862307	4500	public	278666667	8
862307	5000	public	296908333	8
862307	5500	public	295991667	8
862307	6000	public	289666667	8
862307	6500	public	288475000	8
862307	7000	public	290033333	8
862307	7500	public	291041667	8
862307	8000	public	302958333	8
862307	8500	public	311575000	8
862307	9000	public	317075000	8
862307	9500	public	335316667	8
862307	10000	public	346775000	8
862307	10500	public	355391667	8
862307	11000	public	363825000	8
862307	11500	public	397741667	8
862307	12000	public	413416667	8
862307	12500	public	432116667	8
862307	13000	public	429275000	8
862307	13500	public	422766667	8
862307	14000	public	423591667	8
862307	14500	public	420291667	8
862307	15000	public	421941667	8
862307	15500	public	412041667	8
862307	16000	public	410941667	8
862307	16500	public	408833333	8
862307	17000	public	402050000	8
862307	17500	public	396550000	8
862307	18000	public	402050000	8
862307	18500	public	402508333	8
862307	19000	public	389033333	8
862307	4000	private	253196429	8
862307	4500	private	261642857	8
862307	5000	private	289182143	8
862307	5500	private	301360714	8
862307	6000	private	317428571	8
862307	6500	private	323439286	8
862307	7000	private	326700000	8
862307	7500	private	342767857	8
862307	8000	private	346303571	8
862307	8500	private	352825000	8
862307	9000	private	357539286	8
862307	9500	private	359935714	8
862307	10000	private	365239286	8
862307	10500	private	365475000	8
862307	11000	private	370503571	8
862307	11500	private	372467857	8
862307	12000	private	374392857	8
862307	12500	private	373450000	8
862307	13000	private	381739286	8
862307	13500	private	374314286	8
862307	14000	private	374746429	8
862307	14500	private	376946429	8
862307	15000	private	373882143	8
862307	15500	private	377339286	8
862307	16000	private	373882143	8
862307	16500	private	367714286	8
862307	17000	private	363550000	8
862307	17500	private	361978571	8
862307	18000	private	354121429	8
862307	18500	private	349996429	8
862307	19000	private	348700000	8
141871	4000	public	258591667	9
141871	4500	public	281966667	9
141871	5000	public	283616667	9
141871	5500	public	312675000	9
141871	6000	public	313866667	9
141871	6500	public	326241667	9
141871	7000	public	331191667	9
141871	7500	public	345400000	9
141871	8000	public	341550000	9
141871	8500	public	357775000	9
141871	9000	public	384358333	9
141871	9500	public	385641667	9
141871	10000	public	386283333	9
141871	10500	public	396916667	9
141871	11000	public	405625000	9
141871	11500	public	411125000	9
141871	12000	public	408375000	9
141871	12500	public	404066667	9
141871	13000	public	393800000	9
141871	13500	public	386741667	9
141871	14000	public	384725000	9
141871	14500	public	372075000	9
141871	15000	public	375741667	9
141871	15500	public	376841667	9
141871	16000	public	380141667	9
141871	16500	public	378125000	9
141871	17000	public	369691667	9
141871	17500	public	363916667	9
141871	18000	public	357866667	9
141871	18500	public	351816667	9
141871	19000	public	358600000	9
141871	4000	private	261603571	9
141871	4500	private	277514286	9
141871	5000	private	293307143	9
141871	5500	private	305210714	9
141871	6000	private	313342857	9
141871	6500	private	326110714	9
141871	7000	private	342060714	9
141871	7500	private	341471429	9
141871	8000	private	348621429	9
141871	8500	private	348739286	9
141871	9000	private	352275000	9
141871	9500	private	355653571	9
141871	10000	private	365592857	9
141871	10500	private	368107143	9
141871	11000	private	374589286	9
141871	11500	private	371446429	9
141871	12000	private	363982143	9
141871	12500	private	363471429	9
141871	13000	private	359228571	9
141871	13500	private	348896429	9
141871	14000	private	342689286	9
141871	14500	private	350467857	9
141871	15000	private	348110714	9
141871	15500	private	349996429	9
141871	16000	private	350939286	9
141871	16500	private	344732143	9
141871	17000	private	342846429	9
141871	17500	private	338250000	9
141871	18000	private	336914286	9
141871	18500	private	332435714	9
141871	19000	private	330314286	9
152267	4000	public	259600000	9
152267	4500	public	279033333	9
152267	5000	public	284808333	9
152267	5500	public	307450000	9
152267	6000	public	305433333	9
152267	6500	public	326700000	9
152267	7000	public	334766667	9
152267	7500	public	335316667	9
152267	8000	public	355483333	9
152267	8500	public	356675000	9
152267	9000	public	361991667	9
152267	9500	public	366666667	9
152267	10000	public	362908333	9
152267	10500	public	372625000	9
152267	11000	public	385458333	9
152267	11500	public	386100000	9
152267	12000	public	387016667	9
152267	12500	public	393983333	9
152267	13000	public	381241667	9
152267	13500	public	393250000	9
152267	14000	public	387383333	9
152267	14500	public	387933333	9
152267	15000	public	374641667	9
152267	15500	public	379591667	9
152267	16000	public	374458333	9
152267	16500	public	367216667	9
152267	17000	public	375741667	9
152267	17500	public	373175000	9
152267	18000	public	373816667	9
152267	18500	public	367950000	9
152267	19000	public	361441667	9
152267	4000	private	258028571	9
152267	4500	private	264628571	9
152267	5000	private	286510714	9
152267	5500	private	294878571	9
152267	6000	private	313814286	9
152267	6500	private	327485714	9
152267	7000	private	335814286	9
152267	7500	private	348935714	9
152267	8000	private	352078571	9
152267	8500	private	355496429	9
152267	9000	private	357146429	9
152267	9500	private	354357143	9
152267	10000	private	352039286	9
152267	10500	private	358089286	9
152267	11000	private	362803571	9
152267	11500	private	360171429	9
152267	12000	private	358992857	9
152267	12500	private	353650000	9
152267	13000	private	363039286	9
152267	13500	private	357107143	9
152267	14000	private	355692857	9
152267	14500	private	351528571	9
152267	15000	private	348582143	9
152267	15500	private	347246429	9
152267	16000	private	342375000	9
152267	16500	private	338407143	9
152267	17000	private	333967857	9
152267	17500	private	331139286	9
152267	18000	private	325364286	9
152267	18500	private	333378571	9
152267	19000	private	329096429	9
166297	4000	public	269500000	9
166297	4500	public	278300000	9
166297	5000	public	276008333	9
166297	5500	public	295075000	9
166297	6000	public	307358333	9
166297	6500	public	312308333	9
166297	7000	public	324316667	9
166297	7500	public	338708333	9
166297	8000	public	347325000	9
166297	8500	public	362266667	9
166297	9000	public	371800000	9
166297	9500	public	389583333	9
166297	10000	public	405808333	9
166297	10500	public	409475000	9
166297	11000	public	408833333	9
166297	11500	public	408283333	9
166297	12000	public	405716667	9
166297	12500	public	397191667	9
166297	13000	public	394441667	9
166297	13500	public	399575000	9
166297	14000	public	390041667	9
166297	14500	public	379958333	9
166297	15000	public	388391667	9
166297	15500	public	389308333	9
166297	16000	public	382525000	9
166297	16500	public	388391667	9
166297	17000	public	395358333	9
166297	17500	public	391508333	9
166297	18000	public	388666667	9
166297	18500	public	382433333	9
166297	19000	public	376016667	9
166297	4000	private	263214286	9
166297	4500	private	269657143	9
166297	5000	private	293425000	9
166297	5500	private	306467857	9
166297	6000	private	317703571	9
166297	6500	private	330510714	9
166297	7000	private	340292857	9
166297	7500	private	349053571	9
166297	8000	private	355575000	9
166297	8500	private	364100000	9
166297	9000	private	359228571	9
166297	9500	private	361821429	9
166297	10000	private	365082143	9
166297	10500	private	359582143	9
166297	11000	private	360642857	9
166297	11500	private	366378571	9
166297	12000	private	363550000	9
166297	12500	private	369560714	9
166297	13000	private	360525000	9
166297	13500	private	355967857	9
166297	14000	private	356125000	9
166297	14500	private	348660714	9
166297	15000	private	348975000	9
166297	15500	private	344653571	9
166297	16000	private	340489286	9
166297	16500	private	335617857	9
166297	17000	private	336560714	9
166297	17500	private	345282143	9
166297	18000	private	3.41e+08	9
166297	18500	private	330314286	9
166297	19000	private	324421429	9
188179	4000	public	251900000	9
188179	4500	public	271425000	9
188179	5000	public	293791667	9
188179	5500	public	299383333	9
188179	6000	public	318541667	9
188179	6500	public	324041667	9
188179	7000	public	332475000	9
188179	7500	public	359516667	9
188179	8000	public	358966667	9
188179	8500	public	373816667	9
188179	9000	public	380966667	9
188179	9500	public	384908333	9
188179	10000	public	392975000	9
188179	10500	public	399575000	9
188179	11000	public	400950000	9
188179	11500	public	401225000	9
188179	12000	public	398383333	9
188179	12500	public	394625000	9
188179	13000	public	385275000	9
188179	13500	public	387108333	9
188179	14000	public	383900000	9
188179	14500	public	381425000	9
188179	15000	public	375466667	9
188179	15500	public	377483333	9
188179	16000	public	389308333	9
188179	16500	public	390591667	9
188179	17000	public	386100000	9
188179	17500	public	384266667	9
188179	18000	public	380508333	9
188179	18500	public	373633333	9
188179	19000	public	367308333	9
188179	4000	private	261328571	9
188179	4500	private	272603571	9
188179	5000	private	285803571	9
188179	5500	private	293621429	9
188179	6000	private	312910714	9
188179	6500	private	331767857	9
188179	7000	private	338367857	9
188179	7500	private	344850000	9
188179	8000	private	349014286	9
188179	8500	private	351292857	9
188179	9000	private	361585714	9
188179	9500	private	363825000	9
188179	10000	private	367439286	9
188179	10500	private	362253571	9
188179	11000	private	364021429	9
188179	11500	private	363117857	9
188179	12000	private	354121429	9
188179	12500	private	348660714	9
188179	13000	private	345596429	9
188179	13500	private	345596429	9
188179	14000	private	354042857	9
188179	14500	private	359032143	9
188179	15000	private	356085714	9
188179	15500	private	356007143	9
188179	16000	private	353296429	9
188179	16500	private	350389286	9
188179	17000	private	340528571	9
188179	17500	private	332671429	9
188179	18000	private	325639286	9
188179	18500	private	330942857	9
188179	19000	private	321867857	9
405157	4000	public	267575000	9
405157	4500	public	267758333	9
405157	5000	public	293150000	9
405157	5500	public	298100000	9
405157	6000	public	307083333	9
405157	6500	public	330366667	9
405157	7000	public	332016667	9
405157	7500	public	350625000	9
405157	8000	public	351816667	9
405157	8500	public	370150000	9
405157	9000	public	375191667	9
405157	9500	public	375100000	9
405157	10000	public	394991667	9
405157	10500	public	400216667	9
405157	11000	public	406633333	9
405157	11500	public	403425000	9
405157	12000	public	390041667	9
405157	12500	public	389491667	9
405157	13000	public	387108333	9
405157	13500	public	387200000	9
405157	14000	public	377300000	9
405157	14500	public	371433333	9
405157	15000	public	369233333	9
405157	15500	public	359333333	9
405157	16000	public	360891667	9
405157	16500	public	354841667	9
405157	17000	public	360891667	9
405157	17500	public	365658333	9
405157	18000	public	367675000	9
405157	18500	public	359883333	9
405157	19000	public	358416667	9
405157	4000	private	260896429	9
405157	4500	private	280460714	9
405157	5000	private	295507143	9
405157	5500	private	311457143	9
405157	6000	private	322535714	9
405157	6500	private	329057143	9
405157	7000	private	338564286	9
405157	7500	private	348660714	9
405157	8000	private	352078571	9
405157	8500	private	357578571	9
405157	9000	private	362489286	9
405157	9500	private	368028571	9
405157	10000	private	361860714	9
405157	10500	private	365121429	9
405157	11000	private	374157143	9
405157	11500	private	366889286	9
405157	12000	private	360839286	9
405157	12500	private	358717857	9
405157	13000	private	352667857	9
405157	13500	private	353414286	9
405157	14000	private	350585714	9
405157	14500	private	344457143	9
405157	15000	private	339900000	9
405157	15500	private	337071429	9
405157	16000	private	335617857	9
405157	16500	private	338996429	9
405157	17000	private	341903571	9
405157	17500	private	342217857	9
405157	18000	private	342139286	9
405157	18500	private	336835714	9
405157	19000	private	330392857	9
491299	4000	public	262625000	9
491299	4500	public	288933333	9
491299	5000	public	301033333	9
491299	5500	public	298008333	9
491299	6000	public	314325000	9
491299	6500	public	335041667	9
491299	7000	public	338891667	9
491299	7500	public	336416667	9
491299	8000	public	343841667	9
491299	8500	public	348516667	9
491299	9000	public	379316667	9
491299	9500	public	381425000	9
491299	10000	public	371616667	9
491299	10500	public	388758333	9
491299	11000	public	384175000	9
491299	11500	public	384633333	9
491299	12000	public	378308333	9
491299	12500	public	380233333	9
491299	13000	public	377391667	9
491299	13500	public	375558333	9
491299	14000	public	375650000	9
491299	14500	public	380600000	9
491299	15000	public	373175000	9
491299	15500	public	366025000	9
491299	16000	public	363916667	9
491299	16500	public	373266667	9
491299	17000	public	381333333	9
491299	17500	public	379591667	9
491299	18000	public	380416667	9
491299	18500	public	373633333	9
491299	19000	public	360066667	9
491299	4000	private	258303571	9
491299	4500	private	277671429	9
491299	5000	private	290557143	9
491299	5500	private	300496429	9
491299	6000	private	313146429	9
491299	6500	private	328625000	9
491299	7000	private	338760714	9
491299	7500	private	351607143	9
491299	8000	private	353925000	9
491299	8500	private	363707143	9
491299	9000	private	368578571	9
491299	9500	private	368460714	9
491299	10000	private	371878571	9
491299	10500	private	373175000	9
491299	11000	private	374353571	9
491299	11500	private	367085714	9
491299	12000	private	362725000	9
491299	12500	private	357971429	9
491299	13000	private	359975000	9
491299	13500	private	355260714	9
491299	14000	private	352864286	9
491299	14500	private	348385714	9
491299	15000	private	339782143	9
491299	15500	private	343632143	9
491299	16000	private	343750000	9
491299	16500	private	338957143	9
491299	17000	private	331571429	9
491299	17500	private	336246429	9
491299	18000	private	330392857	9
491299	18500	private	327800000	9
491299	19000	private	323400000	9
531911	4000	public	254100000	9
531911	4500	public	271150000	9
531911	5000	public	286458333	9
531911	5500	public	293058333	9
531911	6000	public	305983333	9
531911	6500	public	315058333	9
531911	7000	public	323858333	9
531911	7500	public	350258333	9
531911	8000	public	362358333	9
531911	8500	public	370150000	9
531911	9000	public	381700000	9
531911	9500	public	388941667	9
531911	10000	public	381883333	9
531911	10500	public	379408333	9
531911	11000	public	377758333	9
531911	11500	public	368225000	9
531911	12000	public	379316667	9
531911	12500	public	379133333	9
531911	13000	public	375466667	9
531911	13500	public	373175000	9
531911	14000	public	383716667	9
531911	14500	public	377666667	9
531911	15000	public	375650000	9
531911	15500	public	377941667	9
531911	16000	public	367675000	9
531911	16500	public	364283333	9
531911	17000	public	360616667	9
531911	17500	public	355391667	9
531911	18000	public	371891667	9
531911	18500	public	371800000	9
531911	19000	public	361991667	9
531911	4000	private	252528571	9
531911	4500	private	271150000	9
531911	5000	private	292089286	9
531911	5500	private	305760714	9
531911	6000	private	310435714	9
531911	6500	private	312046429	9
531911	7000	private	327917857	9
531911	7500	private	336246429	9
531911	8000	private	347560714	9
531911	8500	private	360721429	9
531911	9000	private	365985714	9
531911	9500	private	363667857	9
531911	10000	private	362764286	9
531911	10500	private	374039286	9
531911	11000	private	372389286	9
531911	11500	private	386689286	9
531911	12000	private	381150000	9
531911	12500	private	375728571	9
531911	13000	private	373371429	9
531911	13500	private	370425000	9
531911	14000	private	357264286	9
531911	14500	private	352785714	9
531911	15000	private	346578571	9
531911	15500	private	343239286	9
531911	16000	private	342139286	9
531911	16500	private	336521429	9
531911	17000	private	335735714	9
531911	17500	private	326189286	9
531911	18000	private	327760714	9
531911	18500	private	322300000	9
531911	19000	private	321003571	9
542981	4000	public	252633333	9
542981	4500	public	267208333	9
542981	5000	public	282425000	9
542981	5500	public	299658333	9
542981	6000	public	308275000	9
542981	6500	public	309191667	9
542981	7000	public	330825000	9
542981	7500	public	353925000	9
542981	8000	public	348241667	9
542981	8500	public	354933333	9
542981	9000	public	370425000	9
542981	9500	public	376016667	9
542981	10000	public	373358333	9
542981	10500	public	366300000	9
542981	11000	public	395816667	9
542981	11500	public	393250000	9
542981	12000	public	407916667	9
542981	12500	public	401316667	9
542981	13000	public	389033333	9
542981	13500	public	380966667	9
542981	14000	public	374275000	9
542981	14500	public	374641667	9
542981	15000	public	367216667	9
542981	15500	public	357591667	9
542981	16000	public	362908333	9
542981	16500	public	365475000	9
542981	17000	public	3.74e+08	9
542981	17500	public	374733333	9
542981	18000	public	378858333	9
542981	18500	public	365108333	9
542981	19000	public	358050000	9
542981	4000	private	261014286	9
542981	4500	private	283839286	9
542981	5000	private	296960714	9
542981	5500	private	315503571	9
542981	6000	private	326739286	9
542981	6500	private	333417857	9
542981	7000	private	340646429	9
542981	7500	private	342532143	9
542981	8000	private	353610714	9
542981	8500	private	354671429	9
542981	9000	private	367675000	9
542981	9500	private	373921429	9
542981	10000	private	367989286	9
542981	10500	private	367085714	9
542981	11000	private	363078571	9
542981	11500	private	364964286	9
542981	12000	private	364178571	9
542981	12500	private	358364286	9
542981	13000	private	359700000	9
542981	13500	private	357657143	9
542981	14000	private	353453571	9
542981	14500	private	350939286	9
542981	15000	private	351764286	9
542981	15500	private	350389286	9
542981	16000	private	350467857	9
542981	16500	private	342296429	9
542981	17000	private	336285714	9
542981	17500	private	336757143	9
542981	18000	private	329489286	9
542981	18500	private	331453571	9
542981	19000	private	333692857	9
817111	4000	public	252083333	9
817111	4500	public	282516667	9
817111	5000	public	286825000	9
817111	5500	public	301766667	9
817111	6000	public	303600000	9
817111	6500	public	330458333	9
817111	7000	public	342925000	9
817111	7500	public	357866667	9
817111	8000	public	358966667	9
817111	8500	public	356216667	9
817111	9000	public	368775000	9
817111	9500	public	387108333	9
817111	10000	public	392791667	9
817111	10500	public	390133333	9
817111	11000	public	389675000	9
817111	11500	public	390133333	9
817111	12000	public	400858333	9
817111	12500	public	392608333	9
817111	13000	public	385091667	9
817111	13500	public	387016667	9
817111	14000	public	394991667	9
817111	14500	public	388575000	9
817111	15000	public	382066667	9
817111	15500	public	383350000	9
817111	16000	public	380416667	9
817111	16500	public	374825000	9
817111	17000	public	371525000	9
817111	17500	public	370516667	9
817111	18000	public	367583333	9
817111	18500	public	357041667	9
817111	19000	public	347508333	9
817111	4000	private	269107143	9
817111	4500	private	277278571	9
817111	5000	private	288789286	9
817111	5500	private	298885714	9
817111	6000	private	309885714	9
817111	6500	private	327446429	9
817111	7000	private	335460714	9
817111	7500	private	340842857	9
817111	8000	private	342728571	9
817111	8500	private	346264286	9
817111	9000	private	352667857	9
817111	9500	private	355025000	9
817111	10000	private	364375000	9
817111	10500	private	369442857	9
817111	11000	private	367282143	9
817111	11500	private	372585714	9
817111	12000	private	368775000	9
817111	12500	private	374667857	9
817111	13000	private	370817857	9
817111	13500	private	366064286	9
817111	14000	private	365003571	9
817111	14500	private	357539286	9
817111	15000	private	356400000	9
817111	15500	private	348778571	9
817111	16000	private	342964286	9
817111	16500	private	341432143	9
817111	17000	private	335775000	9
817111	17500	private	335421429	9
817111	18000	private	328035714	9
817111	18500	private	325482143	9
817111	19000	private	327210714	9
862307	4000	public	262808333	9
862307	4500	public	292691667	9
862307	5000	public	298100000	9
862307	5500	public	309466667	9
862307	6000	public	311850000	9
862307	6500	public	311666667	9
862307	7000	public	322666667	9
862307	7500	public	334400000	9
862307	8000	public	346866667	9
862307	8500	public	377025000	9
862307	9000	public	388850000	9
862307	9500	public	397466667	9
862307	10000	public	400216667	9
862307	10500	public	401316667	9
862307	11000	public	387658333	9
862307	11500	public	398933333	9
862307	12000	public	391600000	9
862307	12500	public	389950000	9
862307	13000	public	387200000	9
862307	13500	public	381883333	9
862307	14000	public	375283333	9
862307	14500	public	380600000	9
862307	15000	public	375925000	9
862307	15500	public	384633333	9
862307	16000	public	370883333	9
862307	16500	public	375283333	9
862307	17000	public	372258333	9
862307	17500	public	366850000	9
862307	18000	public	353375000	9
862307	18500	public	353558333	9
862307	19000	public	351816667	9
862307	4000	private	253510714	9
862307	4500	private	269775000	9
862307	5000	private	287100000	9
862307	5500	private	298728571	9
862307	6000	private	307921429	9
862307	6500	private	332357143	9
862307	7000	private	333142857	9
862307	7500	private	343042857	9
862307	8000	private	347914286	9
862307	8500	private	346775000	9
862307	9000	private	350350000	9
862307	9500	private	347442857	9
862307	10000	private	350192857	9
862307	10500	private	356792857	9
862307	11000	private	366575000	9
862307	11500	private	365671429	9
862307	12000	private	364885714	9
862307	12500	private	360092857	9
862307	13000	private	354200000	9
862307	13500	private	350978571	9
862307	14000	private	349878571	9
862307	14500	private	349957143	9
862307	15000	private	343317857	9
862307	15500	private	346657143	9
862307	16000	private	343907143	9
862307	16500	private	336521429	9
862307	17000	private	333889286	9
862307	17500	private	327564286	9
862307	18000	private	319982143	9
862307	18500	private	311260714	9
862307	19000	private	311221429	9
141871	4000	public	250983333	10
141871	4500	public	270966667	10
141871	5000	public	275641667	10
141871	5500	public	287100000	10
141871	6000	public	328808333	10
141871	6500	public	350808333	10
141871	7000	public	366208333	10
141871	7500	public	359975000	10
141871	8000	public	359425000	10
141871	8500	public	372441667	10
141871	9000	public	377208333	10
141871	9500	public	386466667	10
141871	10000	public	382341667	10
141871	10500	public	369875000	10
141871	11000	public	387750000	10
141871	11500	public	387658333	10
141871	12000	public	389216667	10
141871	12500	public	385916667	10
141871	13000	public	387291667	10
141871	13500	public	377941667	10
141871	14000	public	392608333	10
141871	14500	public	400858333	10
141871	15000	public	399116667	10
141871	15500	public	392975000	10
141871	16000	public	382616667	10
141871	16500	public	391600000	10
141871	17000	public	378216667	10
141871	17500	public	376108333	10
141871	18000	public	365475000	10
141871	18500	public	366300000	10
141871	19000	public	364650000	10
141871	4000	private	261721429	10
141871	4500	private	285371429	10
141871	5000	private	296725000	10
141871	5500	private	317742857	10
141871	6000	private	325796429	10
141871	6500	private	329725000	10
141871	7000	private	342767857	10
141871	7500	private	350939286	10
141871	8000	private	353532143	10
141871	8500	private	353453571	10
141871	9000	private	363196429	10
141871	9500	private	363157143	10
141871	10000	private	364139286	10
141871	10500	private	367125000	10
141871	11000	private	369678571	10
141871	11500	private	365789286	10
141871	12000	private	367478571	10
141871	12500	private	369678571	10
141871	13000	private	374589286	10
141871	13500	private	369953571	10
141871	14000	private	369167857	10
141871	14500	private	374275000	10
141871	15000	private	371092857	10
141871	15500	private	369796429	10
141871	16000	private	362450000	10
141871	16500	private	353100000	10
141871	17000	private	350192857	10
141871	17500	private	342453571	10
141871	18000	private	335225000	10
141871	18500	private	332514286	10
141871	19000	private	326150000	10
152267	4000	public	261800000	10
152267	4500	public	270966667	10
152267	5000	public	268766667	10
152267	5500	public	291133333	10
152267	6000	public	299291667	10
152267	6500	public	314233333	10
152267	7000	public	347875000	10
152267	7500	public	362725000	10
152267	8000	public	367400000	10
152267	8500	public	372258333	10
152267	9000	public	367400000	10
152267	9500	public	375466667	10
152267	10000	public	381791667	10
152267	10500	public	381700000	10
152267	11000	public	371891667	10
152267	11500	public	367766667	10
152267	12000	public	371433333	10
152267	12500	public	377025000	10
152267	13000	public	383716667	10
152267	13500	public	385641667	10
152267	14000	public	383075000	10
152267	14500	public	382341667	10
152267	15000	public	391600000	10
152267	15500	public	393616667	10
152267	16000	public	387475000	10
152267	16500	public	383075000	10
152267	17000	public	385825000	10
152267	17500	public	374550000	10
152267	18000	public	364100000	10
152267	18500	public	363091667	10
152267	19000	public	361166667	10
152267	4000	private	268085714	10
152267	4500	private	288514286	10
152267	5000	private	293385714	10
152267	5500	private	309728571	10
152267	6000	private	316446429	10
152267	6500	private	332828571	10
152267	7000	private	339625000	10
152267	7500	private	340332143	10
152267	8000	private	334400000	10
152267	8500	private	344103571	10
152267	9000	private	351685714	10
152267	9500	private	355300000	10
152267	10000	private	369089286	10
152267	10500	private	373057143	10
152267	11000	private	368617857	10
152267	11500	private	371171429	10
152267	12000	private	373528571	10
152267	12500	private	373489286	10
152267	13000	private	374550000	10
152267	13500	private	379225000	10
152267	14000	private	371682143	10
152267	14500	private	372782143	10
152267	15000	private	372742857	10
152267	15500	private	364807143	10
152267	16000	private	354082143	10
152267	16500	private	344182143	10
152267	17000	private	340646429	10
152267	17500	private	341550000	10
152267	18000	private	335814286	10
152267	18500	private	329175000	10
152267	19000	private	322928571	10
166297	4000	public	258958333	10
166297	4500	public	271608333	10
166297	5000	public	275733333	10
166297	5500	public	283891667	10
166297	6000	public	313683333	10
166297	6500	public	332475000	10
166297	7000	public	344391667	10
166297	7500	public	345033333	10
166297	8000	public	371158333	10
166297	8500	public	385183333	10
166297	9000	public	376475000	10
166297	9500	public	382341667	10
166297	10000	public	384450000	10
166297	10500	public	384266667	10
166297	11000	public	389675000	10
166297	11500	public	383625000	10
166297	12000	public	387750000	10
166297	12500	public	380783333	10
166297	13000	public	374641667	10
166297	13500	public	384908333	10
166297	14000	public	375008333	10
166297	14500	public	384083333	10
166297	15000	public	377941667	10
166297	15500	public	369416667	10
166297	16000	public	371616667	10
166297	16500	public	371891667	10
166297	17000	public	380325000	10
166297	17500	public	373175000	10
166297	18000	public	376016667	10
166297	18500	public	365933333	10
166297	19000	public	352641667	10
166297	4000	private	270875000	10
166297	4500	private	283525000	10
166297	5000	private	301400000	10
166297	5500	private	314403571	10
166297	6000	private	329135714	10
166297	6500	private	318725000	10
166297	7000	private	334832143	10
166297	7500	private	343200000	10
166297	8000	private	354789286	10
166297	8500	private	352707143	10
166297	9000	private	358796429	10
166297	9500	private	363353571	10
166297	10000	private	371092857	10
166297	10500	private	368814286	10
166297	11000	private	373567857	10
166297	11500	private	370660714	10
166297	12000	private	371250000	10
166297	12500	private	370307143	10
166297	13000	private	378439286	10
166297	13500	private	374825000	10
166297	14000	private	376710714	10
166297	14500	private	370464286	10
166297	15000	private	369167857	10
166297	15500	private	354750000	10
166297	16000	private	349878571	10
166297	16500	private	345832143	10
166297	17000	private	339860714	10
166297	17500	private	342139286	10
166297	18000	private	336992857	10
166297	18500	private	335814286	10
166297	19000	private	329725000	10
188179	4000	public	251075000	10
188179	4500	public	278025000	10
188179	5000	public	279950000	10
188179	5500	public	302683333	10
188179	6000	public	316708333	10
188179	6500	public	352825000	10
188179	7000	public	355758333	10
188179	7500	public	366575000	10
188179	8000	public	364375000	10
188179	8500	public	361625000	10
188179	9000	public	378583333	10
188179	9500	public	390133333	10
188179	10000	public	386650000	10
188179	10500	public	380875000	10
188179	11000	public	380141667	10
188179	11500	public	388575000	10
188179	12000	public	388941667	10
188179	12500	public	386283333	10
188179	13000	public	386283333	10
188179	13500	public	386741667	10
188179	14000	public	384816667	10
188179	14500	public	385641667	10
188179	15000	public	401041667	10
188179	15500	public	402325000	10
188179	16000	public	410850000	10
188179	16500	public	404708333	10
188179	17000	public	399116667	10
188179	17500	public	385458333	10
188179	18000	public	377758333	10
188179	18500	public	367950000	10
188179	19000	public	373175000	10
188179	4000	private	275825000	10
188179	4500	private	291775000	10
188179	5000	private	296450000	10
188179	5500	private	311064286	10
188179	6000	private	312125000	10
188179	6500	private	324146429	10
188179	7000	private	331532143	10
188179	7500	private	338682143	10
188179	8000	private	346696429	10
188179	8500	private	351803571	10
188179	9000	private	361035714	10
188179	9500	private	364728571	10
188179	10000	private	368578571	10
188179	10500	private	365553571	10
188179	11000	private	371367857	10
188179	11500	private	365396429	10
188179	12000	private	372310714	10
188179	12500	private	369521429	10
188179	13000	private	375021429	10
188179	13500	private	377182143	10
188179	14000	private	378792857	10
188179	14500	private	372939286	10
188179	15000	private	367125000	10
188179	15500	private	362646429	10
188179	16000	private	353492857	10
188179	16500	private	347482143	10
188179	17000	private	341235714	10
188179	17500	private	335303571	10
188179	18000	private	333103571	10
188179	18500	private	330235714	10
188179	19000	private	325639286	10
405157	4000	public	269866667	10
405157	4500	public	272891667	10
405157	5000	public	279491667	10
405157	5500	public	301491667	10
405157	6000	public	316616667	10
405157	6500	public	327708333	10
405157	7000	public	335683333	10
405157	7500	public	359241667	10
405157	8000	public	371800000	10
405157	8500	public	379958333	10
405157	9000	public	384175000	10
405157	9500	public	383533333	10
405157	10000	public	374733333	10
405157	10500	public	378766667	10
405157	11000	public	379225000	10
405157	11500	public	369325000	10
405157	12000	public	367675000	10
405157	12500	public	365200000	10
405157	13000	public	370150000	10
405157	13500	public	371983333	10
405157	14000	public	365750000	10
405157	14500	public	378491667	10
405157	15000	public	375283333	10
405157	15500	public	372625000	10
405157	16000	public	367766667	10
405157	16500	public	371800000	10
405157	17000	public	364741667	10
405157	17500	public	368500000	10
405157	18000	public	373083333	10
405157	18500	public	380783333	10
405157	19000	public	374916667	10
405157	4000	private	263057143	10
405157	4500	private	279832143	10
405157	5000	private	293503571	10
405157	5500	private	305289286	10
405157	6000	private	316878571	10
405157	6500	private	325482143	10
405157	7000	private	343278571	10
405157	7500	private	352825000	10
405157	8000	private	349800000	10
405157	8500	private	351803571	10
405157	9000	private	355496429	10
405157	9500	private	362842857	10
405157	10000	private	370542857	10
405157	10500	private	377457143	10
405157	11000	private	370189286	10
405157	11500	private	368932143	10
405157	12000	private	370425000	10
405157	12500	private	373842857	10
405157	13000	private	372507143	10
405157	13500	private	367792857	10
405157	14000	private	369678571	10
405157	14500	private	374432143	10
405157	15000	private	371878571	10
405157	15500	private	365946429	10
405157	16000	private	359385714	10
405157	16500	private	352157143	10
405157	17000	private	344967857	10
405157	17500	private	347285714	10
405157	18000	private	336678571	10
405157	18500	private	332592857	10
405157	19000	private	329607143	10
491299	4000	public	265741667	10
491299	4500	public	271883333	10
491299	5000	public	284075000	10
491299	5500	public	291591667	10
491299	6000	public	313408333	10
491299	6500	public	351083333	10
491299	7000	public	351450000	10
491299	7500	public	359608333	10
491299	8000	public	367308333	10
491299	8500	public	372991667	10
491299	9000	public	374091667	10
491299	9500	public	379958333	10
491299	10000	public	376291667	10
491299	10500	public	380691667	10
491299	11000	public	385641667	10
491299	11500	public	400216667	10
491299	12000	public	390683333	10
491299	12500	public	395175000	10
491299	13000	public	396091667	10
491299	13500	public	386833333	10
491299	14000	public	384266667	10
491299	14500	public	386008333	10
491299	15000	public	388941667	10
491299	15500	public	379133333	10
491299	16000	public	383991667	10
491299	16500	public	392333333	10
491299	17000	public	381975000	10
491299	17500	public	375925000	10
491299	18000	public	377575000	10
491299	18500	public	367400000	10
491299	19000	public	360708333	10
491299	4000	private	269539286	10
491299	4500	private	288121429	10
491299	5000	private	296253571	10
491299	5500	private	303246429	10
491299	6000	private	322967857	10
491299	6500	private	334321429	10
491299	7000	private	344378571	10
491299	7500	private	344810714	10
491299	8000	private	358010714	10
491299	8500	private	362646429	10
491299	9000	private	364532143	10
491299	9500	private	375375000	10
491299	10000	private	373017857	10
491299	10500	private	370346429	10
491299	11000	private	373725000	10
491299	11500	private	376121429	10
491299	12000	private	373135714	10
491299	12500	private	379853571	10
491299	13000	private	375532143	10
491299	13500	private	375571429	10
491299	14000	private	374314286	10
491299	14500	private	369639286	10
491299	15000	private	364453571	10
491299	15500	private	361585714	10
491299	16000	private	354003571	10
491299	16500	private	348071429	10
491299	17000	private	340725000	10
491299	17500	private	342532143	10
491299	18000	private	342610714	10
491299	18500	private	335185714	10
491299	19000	private	327839286	10
531911	4000	public	247133333	10
531911	4500	public	267025000	10
531911	5000	public	276558333	10
531911	5500	public	294250000	10
531911	6000	public	317258333	10
531911	6500	public	334950000	10
531911	7000	public	355758333	10
531911	7500	public	3.63e+08	10
531911	8000	public	368316667	10
531911	8500	public	369783333	10
531911	9000	public	378033333	10
531911	9500	public	383625000	10
531911	10000	public	381883333	10
531911	10500	public	381425000	10
531911	11000	public	403333333	10
531911	11500	public	400675000	10
531911	12000	public	397466667	10
531911	12500	public	392883333	10
531911	13000	public	381608333	10
531911	13500	public	377941667	10
531911	14000	public	377941667	10
531911	14500	public	387200000	10
531911	15000	public	388575000	10
531911	15500	public	379683333	10
531911	16000	public	375008333	10
531911	16500	public	375558333	10
531911	17000	public	375833333	10
531911	17500	public	374458333	10
531911	18000	public	371158333	10
531911	18500	public	367583333	10
531911	19000	public	369508333	10
531911	4000	private	272800000	10
531911	4500	private	285489286	10
531911	5000	private	297903571	10
531911	5500	private	305250000	10
531911	6000	private	322889286	10
531911	6500	private	333378571	10
531911	7000	private	340960714	10
531911	7500	private	344928571	10
531911	8000	private	348150000	10
531911	8500	private	357735714	10
531911	9000	private	362842857	10
531911	9500	private	364375000	10
531911	10000	private	372192857	10
531911	10500	private	373175000	10
531911	11000	private	3.74e+08	10
531911	11500	private	369639286	10
531911	12000	private	363942857	10
531911	12500	private	374550000	10
531911	13000	private	367596429	10
531911	13500	private	366810714	10
531911	14000	private	367596429	10
531911	14500	private	362842857	10
531911	15000	private	367753571	10
531911	15500	private	358207143	10
531911	16000	private	349996429	10
531911	16500	private	348975000	10
531911	17000	private	346500000	10
531911	17500	private	343160714	10
531911	18000	private	342217857	10
531911	18500	private	333535714	10
531911	19000	private	320925000	10
542981	4000	public	255200000	10
542981	4500	public	274358333	10
542981	5000	public	275825000	10
542981	5500	public	315791667	10
542981	6000	public	318816667	10
542981	6500	public	342100000	10
542981	7000	public	347783333	10
542981	7500	public	356033333	10
542981	8000	public	357133333	10
542981	8500	public	361808333	10
542981	9000	public	378675000	10
542981	9500	public	378675000	10
542981	10000	public	379500000	10
542981	10500	public	386741667	10
542981	11000	public	387750000	10
542981	11500	public	392516667	10
542981	12000	public	389491667	10
542981	12500	public	376841667	10
542981	13000	public	372350000	10
542981	13500	public	3.85e+08	10
542981	14000	public	391783333	10
542981	14500	public	390225000	10
542981	15000	public	386191667	10
542981	15500	public	383441667	10
542981	16000	public	384266667	10
542981	16500	public	378216667	10
542981	17000	public	372166667	10
542981	17500	public	372625000	10
542981	18000	public	368775000	10
542981	18500	public	362541667	10
542981	19000	public	363916667	10
542981	4000	private	263057143	10
542981	4500	private	287060714	10
542981	5000	private	291932143	10
542981	5500	private	302303571	10
542981	6000	private	317507143	10
542981	6500	private	331885714	10
542981	7000	private	339664286	10
542981	7500	private	340057143	10
542981	8000	private	348228571	10
542981	8500	private	353296429	10
542981	9000	private	359425000	10
542981	9500	private	364925000	10
542981	10000	private	371642857	10
542981	10500	private	372467857	10
542981	11000	private	377535714	10
542981	11500	private	380992857	10
542981	12000	private	375217857	10
542981	12500	private	378282143	10
542981	13000	private	376278571	10
542981	13500	private	371642857	10
542981	14000	private	371092857	10
542981	14500	private	369403571	10
542981	15000	private	364060714	10
542981	15500	private	358167857	10
542981	16000	private	347600000	10
542981	16500	private	346264286	10
542981	17000	private	343357143	10
542981	17500	private	336089286	10
542981	18000	private	330667857	10
542981	18500	private	332553571	10
542981	19000	private	329607143	10
817111	4000	public	262625000	10
817111	4500	public	264091667	10
817111	5000	public	268491667	10
817111	5500	public	293516667	10
817111	6000	public	307908333	10
817111	6500	public	356583333	10
817111	7000	public	361808333	10
817111	7500	public	362816667	10
817111	8000	public	363733333	10
817111	8500	public	382983333	10
817111	9000	public	377208333	10
817111	9500	public	367491667	10
817111	10000	public	366850000	10
817111	10500	public	386925000	10
817111	11000	public	390683333	10
817111	11500	public	396825000	10
817111	12000	public	392516667	10
817111	12500	public	388025000	10
817111	13000	public	385550000	10
817111	13500	public	387933333	10
817111	14000	public	377666667	10
817111	14500	public	374550000	10
817111	15000	public	383808333	10
817111	15500	public	381241667	10
817111	16000	public	386008333	10
817111	16500	public	390316667	10
817111	17000	public	384450000	10
817111	17500	public	380783333	10
817111	18000	public	387750000	10
817111	18500	public	381150000	10
817111	19000	public	368041667	10
817111	4000	private	274017857	10
817111	4500	private	285175000	10
817111	5000	private	298217857	10
817111	5500	private	311850000	10
817111	6000	private	315896429	10
817111	6500	private	322535714	10
817111	7000	private	328939286	10
817111	7500	private	335578571	10
817111	8000	private	342257143	10
817111	8500	private	347364286	10
817111	9000	private	361625000	10
817111	9500	private	369717857	10
817111	10000	private	372350000	10
817111	10500	private	373960714	10
817111	11000	private	366850000	10
817111	11500	private	376003571	10
817111	12000	private	375492857	10
817111	12500	private	376632143	10
817111	13000	private	381621429	10
817111	13500	private	371957143	10
817111	14000	private	370857143	10
817111	14500	private	361978571	10
817111	15000	private	361939286	10
817111	15500	private	352825000	10
817111	16000	private	345282143	10
817111	16500	private	347364286	10
817111	17000	private	345950000	10
817111	17500	private	351450000	10
817111	18000	private	342964286	10
817111	18500	private	332435714	10
817111	19000	private	324696429	10
862307	4000	public	268858333	10
862307	4500	public	285633333	10
862307	5000	public	301400000	10
862307	5500	public	304975000	10
862307	6000	public	334950000	10
862307	6500	public	338983333	10
862307	7000	public	361716667	10
862307	7500	public	361075000	10
862307	8000	public	369600000	10
862307	8500	public	364375000	10
862307	9000	public	369141667	10
862307	9500	public	379408333	10
862307	10000	public	384358333	10
862307	10500	public	377300000	10
862307	11000	public	381425000	10
862307	11500	public	385275000	10
862307	12000	public	378583333	10
862307	12500	public	379041667	10
862307	13000	public	378766667	10
862307	13500	public	379591667	10
862307	14000	public	373725000	10
862307	14500	public	372900000	10
862307	15000	public	376933333	10
862307	15500	public	374916667	10
862307	16000	public	376200000	10
862307	16500	public	375283333	10
862307	17000	public	375375000	10
862307	17500	public	365750000	10
862307	18000	public	358508333	10
862307	18500	public	352825000	10
862307	19000	public	351816667	10
862307	4000	private	266632143	10
862307	4500	private	291657143	10
862307	5000	private	306114286	10
862307	5500	private	321082143	10
862307	6000	private	323164286	10
862307	6500	private	330078571	10
862307	7000	private	336835714	10
862307	7500	private	350467857	10
862307	8000	private	350742857	10
862307	8500	private	360053571	10
862307	9000	private	361939286	10
862307	9500	private	359896429	10
862307	10000	private	366417857	10
862307	10500	private	365514286	10
862307	11000	private	370817857	10
862307	11500	private	371525000	10
862307	12000	private	375178571	10
862307	12500	private	372625000	10
862307	13000	private	371957143	10
862307	13500	private	373960714	10
862307	14000	private	369403571	10
862307	14500	private	367400000	10
862307	15000	private	358600000	10
862307	15500	private	346107143	10
862307	16000	private	352628571	10
862307	16500	private	350664286	10
862307	17000	private	343553571	10
862307	17500	private	340607143	10
862307	18000	private	338210714	10
862307	18500	private	327289286	10
862307	19000	private	317507143	10
