02_id	03_296	03_209	03_321	03_271	03_298	03_227	03_140	03_299	03_164	03_282	03_231	03_237	03_316	03_108	03_130	03_301	03_288	03_238	03_279	03_264	03_303	03_304	03_180	03_273	03_267	03_287	03_159	03_322	03_53	03_222	03_283	03_276	03_63	03_88	03_254	03_168	03_195	03_194	03_305	03_84	03_165	03_224	03_57	03_103	03_307	03_286	03_143	03_90	03_278	03_269	03_311	03_182	03_197	03_162	03_127	03_79	03_204	03_96	03_117	03_208	03_85	03_148	03_318	03_118	03_75	03_172	03_163	03_251	03_257	03_32	03_97	03_100	03_61	03_104	03_217	03_98	03_46	03_191	03_171	03_77	03_54	03_170	03_139	03_268	03_105	03_152	03_82	03_280	03_49	03_70	03_324	03_233	03_155	03_245	03_313	03_176	03_240	03_232	03_198	03_291	03_249	03_128	03_167	03_308	03_265	03_263	03_244	03_131	03_315	03_166	03_229	03_215	03_202	03_320	03_106	03_86	03_188	03_190	03_266	03_42	03_214	03_123	03_297	03_203	03_157	03_179	03_221	03_196	03_133	03_262	03_93	03_289	03_218	03_51	03_81	03_147	03_138	03_212	03_120	03_255	03_246	03_89	03_260	03_67	03_112	03_129	03_186	03_319	03_206	03_65	03_281	03_207	03_216	03_135	03_34	03_119	03_239	03_91	03_48	03_294	03_295	03_181	03_95	03_178	03_122	03_160	03_258	03_28	03_71	03_220	03_38	03_109	03_211	03_156	03_102	03_50	03_230	03_199	03_277	03_259	03_250	03_183	03_64	03_261	03_270	03_310	03_62	03_153	03_235	03_161	03_66	03_225	03_252	03_150	03_107	03_116	03_76	03_158	03_35	03_134	03_83	03_45	03_248	03_33	03_275	03_141	03_200	03_226	03_234	03_177	03_223	03_184	03_205	03_151	03_285	03_302	03_312	03_126	03_193	03_78	03_69	03_317	03_201	03_290	03_101	03_210	03_137	03_125	03_241	03_132	03_169	03_292	03_142	03_72	03_52	03_115	03_228	03_174	03_36	03_111	03_154	03_47	03_80	03_185	03_149	03_256	03_219	03_293	03_242	03_323	03_113	03_114	03_236	03_145	03_213	03_59	03_124	03_274	03_146	03_40	03_272	03_173	03_94	03_30	03_314	03_309	03_247	03_187	03_99	03_175	03_27	03_31	03_68	03_56	03_300	03_87	03_121	03_189	03_25	03_92	03_44	03_37	03_41	03_58	03_243	03_55	03_253	03_73	03_284	03_306	03_29	03_144	03_110	03_192	03_74	03_39	03_136	03_26	03_43	03_60
02_182	1.15989867	0.83260188	1.08384733	1.51410009	0.91988600	0.22091174	0.42988064	1.40356455	0.96968890	1.20736150	1.42823858	1.20077786	1.32211356	1.29597079	0.99396831	0.87027029	0.46381269	1.08834492	0.98815435	0.83164756	1.45020509	0.99890972	1.25587082	1.38154617	0.97111205	0.98672362	1.02976805	0.80637788	1.17598625	1.19774753	0.76301223	1.44794841	1.12910625	0.42245899	0.26971426	1.18307552	0.57178934	0.98185201	0.30542807	0.95636847	1.03368323	0.48775285	1.11719114	1.34751360	1.04568259	1.54283693	1.08540911	1.14815436	1.01072057	1.34426576	1.11820351	0.50521834	1.42699394	1.43298260	1.02516074	0.79469267	1.09784935	1.23819635	1.03424046	0.98206090	0.99919037	1.29378475	1.33002915	1.02682181	1.20265771	1.17708683	0.66058943	0.92658363	1.56691841	1.46756083	1.15387305	0.58092865	0.90768762	1.06279130	1.05797703	1.31033469	0.94839417	1.03989961	0.86710474	1.09732049	1.01324065	1.62313518	1.46919212	1.17742454	0.78484712	0.71506708	1.14596557	1.20011485	1.13913039	1.65440082	1.32429586	1.60558006	1.02077257	1.27623495	0.76650153	1.07583493	1.54636191	0.89188372	1.59987433	1.04258180	1.90540308	1.40260564	1.01868292	1.25356933	1.05227500	1.14089745	0.26019080	1.34153854	1.40343694	1.35064464	1.17257668	1.31769902	1.21675776	1.08255900	1.10010277	1.15078486	1.31042246	0.96660167	1.10751741	1.27955284	1.27818609	1.48409865	1.42469014	1.11135537	0.76863360	1.51792005	1.45629774	1.10906307	1.58546635	1.51404903	1.45124363	0.39282142	1.21037644	1.51471303	1.06132200	1.23211426	1.37277189	0.75934493	1.68126949	1.58166835	1.83850685	0.97043986	1.81386734	1.28641994	1.58486948	1.47024544	1.63214215	1.40124453	1.37664070	0.91866073	0.64670623	1.65500325	1.25066138	1.41584827	1.10684097	1.12230429	1.22989685	1.47387228	1.00361375	1.30222294	1.76145737	1.23101157	0.95649882	1.40390227	1.62296801	0.83226674	1.30092974	1.36033257	1.30270189	0.79081896	1.34844686	1.89441516	0.91415335	1.28646731	1.43140114	1.60116803	1.55006806	1.51190156	1.35508457	1.65676337	1.41279326	1.17641638	1.26011455	0.40303260	1.60638245	1.09002648	1.04800646	1.27017198	1.60142686	1.06758926	1.45742683	1.19083489	1.64476068	1.26330944	0.88589936	1.74824941	1.11013698	1.52277793	1.35423598	1.48244340	1.40217614	1.23113006	1.32648556	1.54076188	1.49663281	1.68110482	1.53512959	0.87022482	1.62158360	0.46299760	1.49934988	1.25254420	1.31275007	1.09028795	1.55751318	1.70652475	1.11075259	0.72897613	1.71016494	1.10638987	1.75263967	1.01631694	0.95014047	1.44193976	1.38344024	1.25889841	1.21977494	0.64260240	1.41865429	0.39693768	1.43856359	0.99618265	1.68373034	1.52577092	1.45149002	1.08110296	1.71794483	1.57025937	1.30182939	1.18915799	1.46489399	1.43148960	1.56927378	1.22138206	1.35109453	1.30490289	1.96326870	1.65350086	1.26457405	1.26911166	1.07019787	1.51546519	1.72405607	1.10079128	1.14169108	1.30482075	1.50895894	1.65603617	0.97534387	1.53177522	1.80096943	1.64630513	1.76578124	1.07871679	1.57572461	1.31862316	1.37498002	1.35405321	1.43046664	1.37287909	1.32153962	1.59334812	1.13862473	1.50620654	1.09216050	1.41697478	1.36448167	1.67938967	1.09642940	1.37806698	1.02041701	1.53284657	1.54007070	1.14889779	1.23015068	1.92107315	1.55867183	1.64322449	1.07527573	1.42405055	1.66141569	1.62587365	1.81000227	1.20608432	1.45447466	1.15592508	1.57550645	1.65468481	1.44444156	1.94942514
02_305	0.97380039	0.84148997	0.89850511	1.19637028	0.69424221	0.66248525	0.77385600	1.16358549	0.69593471	1.04168960	1.28293598	1.16170996	1.13676996	1.13689373	0.79122709	0.44127597	0.81412055	0.70221355	0.55177445	1.03376397	1.14515256	0.74279293	1.14918552	1.18496378	0.64923832	0.57253171	0.84520903	1.04115278	0.83028979	1.02908761	0.71190925	1.15483785	0.70531872	0.24331863	0.58068848	1.14605166	0.54195701	0.59171597	0.63224564	0.73555625	1.11502985	0.54274723	0.67893713	1.08589843	1.14100172	1.22977814	1.04364778	1.32367540	0.87929041	1.10949610	0.72258485	0.65540712	1.28509929	1.23150749	1.00791305	0.71338286	0.58784709	1.21684203	0.59057197	0.77520354	1.04833669	1.04535855	0.97053385	0.83425017	1.28518061	1.33661098	0.56950114	0.50701555	1.23744492	1.15508781	0.94353748	0.65981248	0.63054423	1.04869765	1.23802552	1.16602643	0.95124047	0.99094216	0.46227930	0.68904695	0.64853498	1.49290004	1.24997696	0.98398748	0.98702663	0.69469890	0.70529663	0.76846194	0.86010815	1.51852522	1.28677503	1.38603021	0.57047980	1.04460507	0.46184314	1.11035678	1.23151680	0.71010144	1.30435826	1.08364243	1.63509458	1.32876112	0.81934491	1.30499033	1.23125462	0.74199279	0.67414811	1.05531307	1.25870129	1.21453815	0.71311040	1.14066532	1.17048865	1.19902667	0.90794915	0.88924887	1.27044223	0.75925173	0.85251167	0.85008089	0.87462481	1.33616569	1.02062719	1.16123955	0.81916676	1.38904919	1.40831294	0.91574230	1.21602514	1.32618575	1.42472497	0.77153781	1.01616397	1.26616696	1.08251416	0.90246218	1.28799820	0.75705297	1.41345261	1.24191884	1.54553010	0.59555902	1.69350069	0.87068914	1.42836296	1.29181024	1.51649567	1.04590955	1.44580413	0.78442701	0.92985230	1.47292810	0.97981044	1.22689587	0.87788924	1.27284718	1.21597340	1.31801590	0.85664424	1.14193120	1.48139630	1.14795716	0.85559073	1.37967123	1.31736642	1.05184578	1.23091624	1.06634371	1.13061440	0.88727321	0.91382484	1.63215443	0.74139582	0.93372536	1.19259966	1.45619071	1.19057965	1.17040080	0.96389584	1.31864011	1.55851070	0.85846477	1.08789675	0.56320360	1.42519218	1.24091457	1.02161852	1.18367272	1.35556576	1.13189483	1.34851106	1.09211376	1.31204860	0.90024772	1.04630768	1.44058897	0.66825396	1.22517024	1.05778163	1.07907557	1.11455339	0.87659456	1.18077939	1.20478974	1.35718440	1.48433027	1.19200322	0.79293232	1.34120396	0.73344877	1.31838190	1.12842503	1.13893004	0.91622465	1.41306137	1.39568553	1.03080038	0.67794004	1.52172711	0.81231198	1.53285481	0.69483452	0.90750451	1.36034109	1.26425687	1.04111348	1.38732562	0.65929552	1.16075855	0.70954846	1.29785045	0.79803814	1.50956466	1.39265486	1.27661830	1.25714088	1.56635827	1.20439189	0.89608533	0.79791850	1.30650967	1.28067966	1.31279343	1.04974020	0.89891324	0.96554351	1.68000480	1.53818868	1.18624878	1.40799922	0.91297620	1.34549890	1.60092980	1.25039117	0.94061125	1.14166147	1.27404785	1.33928967	0.95751157	1.24896931	1.55307875	1.32450411	1.58822552	0.75713996	1.21894196	1.24787397	1.12038584	1.08007980	1.05927891	1.21737387	1.13622695	1.29333592	0.97605547	1.28970587	0.88223522	1.29126142	1.20520816	1.43062953	1.18507705	1.05076350	1.00326184	1.41611447	1.39852538	1.24351367	1.07922241	1.68024315	1.57838771	1.50468009	0.98091533	1.02579031	1.53594625	1.27607067	1.79637396	1.11623322	1.04935383	1.23073020	1.43491165	1.51640990	1.18153699	1.69780427
02_66	0.35300263	0.55986396	0.50976767	0.88405871	0.98493132	1.30470442	1.21997213	0.55687252	1.00598076	0.36599237	0.31628449	0.38775282	0.30289554	0.11800616	0.75492060	1.06048890	1.14811698	1.17499910	0.92336788	0.96932167	0.72891807	1.01765434	0.17237618	0.39598362	0.86885640	1.12156612	0.72749447	1.01467526	0.91018347	0.33704311	1.43091718	0.67021931	1.07622579	1.24507717	1.26470435	1.30039283	1.54734190	1.05559966	1.10967194	0.98430543	1.06389207	1.41330159	1.23819496	0.60973543	0.69227689	0.93903614	0.56514888	1.06159118	0.58080921	1.00553525	1.22237760	1.08347975	0.31848998	1.10253616	0.48125711	1.51022618	1.26494675	1.34233182	1.19541225	0.84855248	1.08912445	0.39245780	0.87782576	0.86728427	1.29530035	1.10671911	1.31568131	1.34991286	1.05155717	0.80812390	1.05757663	1.39043399	0.70180286	1.32732268	0.97862149	0.43618881	1.01980996	1.30683977	1.21748564	1.19490997	0.80624355	0.80871028	0.66474611	0.84949840	0.96782386	0.82822227	0.96316014	1.31132484	0.59733275	0.88133937	1.40640815	0.86936703	1.01183742	0.97374311	1.27819408	1.27062068	0.88019926	0.97525467	0.97469370	1.53490670	1.41819250	0.73330125	0.94010354	0.88471151	1.24903469	0.98470942	1.39834023	0.72557109	0.71288276	0.32835117	1.30285047	1.30535608	1.23652890	1.71922703	1.06792357	1.11223237	1.64227492	1.01120412	1.17952284	1.23322240	1.37490718	0.60528368	1.41374566	1.17151837	1.06514639	0.68102584	0.92482109	0.91820706	1.67314279	1.40910440	1.04178642	1.40801590	0.40644077	1.24333112	1.43672798	1.17642306	1.93879499	1.53867581	1.07525908	1.48474913	1.38235560	1.08276168	1.13600438	1.08951613	0.77830400	0.52448438	1.00991132	0.86930392	1.43728135	1.46484700	1.04438820	0.91551124	1.23840886	1.34785443	0.79764916	1.36605595	1.48349682	1.25525447	1.14212096	0.78909118	1.29951387	1.53121396	1.08670041	1.03179995	1.70136987	1.27572011	0.58661383	0.79251353	0.57793453	1.34059883	1.23074082	1.39131228	1.02918536	0.86252269	1.41104526	1.09217253	1.69426699	1.64162681	1.24636744	1.57065735	1.38218267	0.75241537	1.25828422	1.19362016	0.82754570	1.56190250	1.38546714	1.10622101	1.10123067	1.53966608	0.62726252	1.83706482	1.56169416	1.38419396	0.90789822	1.20599186	1.22982298	0.89245934	1.38417553	1.59142360	0.86687386	1.33759965	0.51880226	1.32459971	1.09597634	1.49815541	1.27689559	1.26607389	0.95761854	1.39578151	0.76151148	1.88122004	1.35197520	0.82276641	1.53576227	1.18622142	0.92235089	1.65892194	1.10987816	1.42658178	1.13933410	1.11490183	1.62912409	1.96020813	1.31201762	1.26374709	1.17736752	1.26200406	1.45726936	1.26891555	0.72793759	1.02057267	1.56914712	1.03052714	0.73091642	1.63031006	1.05358972	1.67852324	1.16242507	1.23140646	1.07000411	1.19989163	1.19575158	1.18588222	1.38146811	1.35102016	1.51321684	1.27172353	1.91243981	1.15441385	1.17343885	0.99797050	0.97741954	1.27831599	1.13067080	0.62852065	1.50654481	1.31390468	1.18064528	1.48364975	1.60915851	1.61224960	1.19317982	0.96093279	1.74010495	1.88930964	0.84534346	1.43877299	1.55924447	0.90356442	1.34403781	1.24704511	1.19428784	1.11911159	1.11815619	0.67707010	1.34609366	1.23707913	1.67899008	0.92771912	1.16461363	1.14375459	1.43707235	1.33637899	1.25263491	1.51411786	1.41429724	1.70529933	1.79484759	1.34142786	1.06533707	1.77194595	1.82311543	1.55406433	1.23650030	1.61992937	1.52053433	1.33013272	1.09131655	1.62858886
02_321	1.00580732	0.77467649	0.90877249	1.41509820	0.71754906	0.28895605	0.52742587	1.28043423	0.82656229	1.09349673	1.34291273	1.15061709	1.18717558	1.17423087	0.83310417	0.74967676	0.56064897	0.98968834	0.84891952	0.88185521	1.35556102	0.87018858	1.13077225	1.25005669	0.77875942	0.81267175	0.82725667	0.87929313	1.13191274	1.04226748	0.85550929	1.36501127	1.05378422	0.41728230	0.41034710	1.26677973	0.69157195	0.85647775	0.27544658	0.74876461	1.11001004	0.64132205	1.03718365	1.26529532	1.03930891	1.44059010	1.02981466	1.21796093	0.96830954	1.31160306	0.99087075	0.57441526	1.32791875	1.43080667	0.97598372	0.91908069	0.99024529	1.26985602	0.86621662	0.81302840	1.02298067	1.19423063	1.21221966	0.90415281	1.27332849	1.19266201	0.70160204	0.89657763	1.49499676	1.40331315	1.06968078	0.70005768	0.79276899	1.15588180	1.09450751	1.14923598	0.88968923	1.08039653	0.82321440	0.98610581	0.84975692	1.55665644	1.34956799	1.02848373	0.75180675	0.52617163	1.04550684	1.13400102	1.03545146	1.57288701	1.42268615	1.55506837	0.87086820	1.25099263	0.72870905	1.03274802	1.49874085	0.90512455	1.56616184	1.14213551	1.86296054	1.27896489	0.82329495	1.25161773	1.12442209	1.06157031	0.30701628	1.21372869	1.33346225	1.20510713	1.03094841	1.22445230	1.30755061	1.12362020	0.98882849	1.03281868	1.35249349	0.75446651	0.91437912	1.15880830	1.23867290	1.42359893	1.32855015	1.13729062	0.82211116	1.38911764	1.43548272	1.01015851	1.50704280	1.53673341	1.41392941	0.40648892	1.06509190	1.44309554	1.06978824	1.17241152	1.44909244	0.90138349	1.61633731	1.47909213	1.75663169	0.78701336	1.74231941	1.16283903	1.49388096	1.39938856	1.53696537	1.32246969	1.40324331	0.93523320	0.70210347	1.59619775	1.13034086	1.30476526	0.97766631	1.16900890	1.24600267	1.39382178	1.01269927	1.22624414	1.69433061	1.27282791	0.91465249	1.39760043	1.57189907	0.80011367	1.16994210	1.24432658	1.19529985	0.83432244	1.29821313	1.84977767	0.70404621	1.22464353	1.36430710	1.50938910	1.45026076	1.43502537	1.32293692	1.60770661	1.39638047	1.02278861	1.12375368	0.49443966	1.54074960	1.06573081	1.08033396	1.21873751	1.54783791	0.99968523	1.39102141	1.20849173	1.58749715	1.11004250	0.85760834	1.71299832	1.02243354	1.41288452	1.22414577	1.42396121	1.36343529	1.10426709	1.24171443	1.46151279	1.36584293	1.67294970	1.42598833	0.87823702	1.58484086	0.41653878	1.37552922	1.24963210	1.14807993	0.88537171	1.47689471	1.62948340	1.07785346	0.77866521	1.59393091	1.11882590	1.70293810	0.82033657	0.98514880	1.52197230	1.34530049	1.17015453	1.22523697	0.48207100	1.29344879	0.47817977	1.28448622	0.82032530	1.69687934	1.37159866	1.38089024	1.04686598	1.61402848	1.52739662	1.20321936	1.03651917	1.45570683	1.32526265	1.49597034	1.13998781	1.28916697	1.22208707	1.92217227	1.58649490	1.35727910	1.34351759	0.87836307	1.41289514	1.65863023	1.16873778	1.01948419	1.14788073	1.43739754	1.59865898	0.87650147	1.40476962	1.79145131	1.60013130	1.64754901	0.92412683	1.48379797	1.36728837	1.31177786	1.20153200	1.34224098	1.21714842	1.24950265	1.51163911	0.95279909	1.44667337	0.95305250	1.27689395	1.28013057	1.56710993	1.16213149	1.26478566	1.02127728	1.40046848	1.44474600	1.18663964	1.09775669	1.83283203	1.54677775	1.69202851	1.19773974	1.39634605	1.59717669	1.53288213	1.86777679	1.21856205	1.42358644	1.16291524	1.51112585	1.62304560	1.39291090	1.87195147
02_266	0.66729384	0.82733421	0.66806266	0.74147703	0.72010425	1.17901908	1.18188923	0.75439835	0.63690907	0.71612826	0.89997780	0.95426247	0.77072818	0.77700484	0.65381312	0.40040560	1.18585577	0.55251559	0.21294522	1.20515075	0.65892074	0.67523480	0.87163769	0.80330580	0.50665981	0.51269764	0.72708812	1.23506902	0.44316466	0.73268709	1.04291116	0.64530291	0.36163010	0.79537022	1.07261535	1.18561080	1.06206191	0.45555913	1.05929181	0.74339063	1.18679316	1.02430525	0.49564381	0.64431691	1.12980779	0.79808743	0.90951306	1.39533686	0.68885321	0.84820430	0.60332237	0.97018257	0.91437534	0.97998214	0.88605531	1.05162663	0.41246067	1.28462285	0.53153022	0.68625371	1.15554125	0.57453489	0.52962165	0.71711610	1.36832804	1.42446847	0.92935580	0.62164600	0.79256062	0.64441486	0.81562677	1.06537996	0.41826227	1.16053707	1.33167016	0.88865462	1.04103888	1.12316867	0.53844716	0.53943443	0.34024546	1.15732830	0.86758809	0.80478328	1.19750443	0.84555176	0.18662631	0.57208636	0.44600772	1.19751845	1.29419913	0.96932830	0.30439847	0.80483330	0.73509936	1.24495157	0.71428291	0.69394704	0.82375167	1.30807946	1.26567514	1.13980515	0.77484997	1.24167359	1.39251560	0.34260754	1.23046788	0.66456445	0.95127966	0.90958548	0.59018754	1.07687053	1.15157696	1.52361193	0.84094751	0.77183743	1.41141320	0.78562485	0.85041350	0.59076682	0.67736657	0.97064086	0.79793116	1.24576881	0.98290673	1.09592400	1.21841624	0.76713900	1.07294356	1.17168226	1.29875385	1.28793835	0.68698245	1.02038910	1.26738277	0.67690132	1.50417004	1.12674479	1.00473867	1.03436094	1.19821349	0.55728791	1.40473159	0.52324463	1.08703834	0.88302080	1.27327205	0.53199116	1.51515693	1.03188437	1.20526640	1.10138601	0.87226819	1.13992610	0.66025328	1.44771976	1.33085566	1.16996577	0.86305346	0.87948316	1.12608909	1.26744006	0.90078096	1.25316963	1.19210058	1.35294259	1.04730777	0.66357417	0.81103320	1.17000368	0.51767428	1.26456640	0.82124355	0.43645344	1.06964008	1.21656372	1.10405240	1.07028882	0.62304348	1.07771131	1.66152700	0.51543052	1.05656853	0.98640625	1.04777424	1.53195237	1.17828909	1.10229948	0.99946896	1.40321125	1.04414015	1.38133539	1.08358487	0.83871714	1.18991552	0.99545695	0.49020121	0.80942737	0.96511109	0.90768724	0.69285023	0.78946331	0.85882288	0.91264086	1.18357098	1.30853980	0.89869561	0.96736362	0.86945890	1.23234768	1.00321257	1.40694878	1.14251595	0.81885933	1.35639216	0.99128937	0.97403076	1.17673179	1.23344514	0.84344253	1.16266472	0.68449172	1.24556969	1.54705798	1.22006027	0.95890695	1.49278210	1.03370222	1.10329385	1.15490611	1.04780279	0.79871937	1.37008967	1.20826396	0.92854809	1.58802944	1.27906839	1.05036482	0.58953378	0.66704485	1.06380819	1.14728726	1.03985523	0.97790165	0.62003552	0.81826301	1.31687374	1.35321342	1.44602674	1.44678454	0.97904106	1.10012138	1.28851540	1.39285269	0.88504475	0.89011912	1.16643803	0.99136805	1.09925066	1.12622201	1.32273231	1.12250594	1.32176646	0.58246902	1.14312644	1.48186963	0.74346236	1.04885071	0.94948794	1.02904193	1.07711630	0.98311435	1.01539124	1.01767216	0.85630200	1.04716217	1.14866252	1.14995743	1.47118077	0.67255105	1.08182949	1.27486900	1.31895539	1.37401984	1.07740721	1.41157660	1.55861743	1.45252524	1.28343942	0.70202005	1.26980068	1.19433247	1.79264283	1.24342544	0.62221222	1.47557466	1.36206198	1.33032620	0.90416686	1.45330403
02_143	0.22037196	0.53015319	0.36236590	0.89054438	0.82677864	1.22249619	1.16134641	0.57533500	0.85201521	0.26037878	0.36835140	0.46417626	0.30605099	0.09119385	0.59650084	0.92602943	1.10804418	1.04176782	0.79695578	0.99755630	0.74437198	0.86805621	0.20285576	0.41863291	0.72450108	0.97681338	0.58164666	1.02692961	0.87851107	0.23015569	1.39288398	0.68499153	0.96718480	1.16254739	1.20644735	1.33343148	1.47667692	0.91262480	1.03480775	0.82478101	1.11206193	1.35430935	1.11473760	0.63333193	0.75291427	0.94172353	0.59123004	1.11470263	0.58023956	1.02820125	1.09002486	1.02284034	0.35583539	1.12400229	0.48460827	1.46767536	1.14346978	1.37514985	1.06172009	0.68799707	1.12463253	0.37594569	0.83296221	0.72452186	1.31331311	1.14229388	1.27138880	1.24817894	1.03752285	0.80701276	0.93182021	1.31395775	0.60458827	1.33452772	1.03161255	0.39472671	0.97304047	1.31683826	1.10487370	1.06279300	0.67034034	0.81906045	0.66681458	0.72687282	0.96568508	0.72590464	0.86544962	1.19526533	0.49572010	0.88575653	1.43790823	0.88243426	0.88226684	1.00195717	1.20853664	1.20077563	0.89919693	0.95499245	0.98502296	1.49770544	1.41726679	0.74451188	0.78402590	0.92539377	1.24668869	0.88094809	1.32338751	0.70643704	0.67433211	0.33254286	1.19050854	1.18273189	1.26701407	1.64796281	0.92789556	0.98155089	1.62449792	0.85398614	1.03825423	1.14117516	1.27027707	0.61987528	1.32521397	1.20022513	1.01359398	0.67655314	0.95188193	0.78964966	1.57999645	1.40438849	1.05422904	1.32983396	0.30865160	1.18196044	1.35327171	1.06911632	1.88874422	1.48275354	1.07705911	1.41201485	1.37625092	0.93867316	1.13691918	1.01977826	0.78418077	0.55262691	1.01042539	0.84756060	1.42040113	1.39245982	1.03371417	0.92388928	1.11710623	1.23832705	0.66930652	1.35053557	1.43129589	1.16456321	1.07683654	0.71229413	1.28410148	1.52963054	0.97902174	1.04617284	1.60520205	1.23725281	0.59976242	0.75153701	0.50943340	1.25290291	1.15559540	1.39068264	0.87656444	0.80783087	1.30823013	1.05198705	1.59258669	1.53973932	1.17171610	1.50012701	1.40748156	0.67308951	1.12709439	1.14487149	0.83750916	1.51386626	1.34769360	1.03383996	1.07385836	1.44839562	0.65291025	1.76676063	1.49010938	1.26576582	0.92594092	1.21302825	1.10680879	0.89791256	1.27345357	1.49388710	0.89249730	1.21474312	0.48273973	1.26268463	1.02505568	1.50754915	1.22457083	1.16846570	0.97533187	1.31093129	0.76407740	1.80891267	1.22518266	0.69012912	1.43023754	1.18582854	0.94816408	1.59231325	1.10177307	1.35019321	1.14424040	0.97481113	1.57892711	1.91273993	1.31696072	1.14023480	1.21363248	1.15286450	1.36892712	1.20176311	0.69721762	0.86855079	1.57844011	0.97721029	0.70912827	1.57057867	1.04982822	1.58403177	1.10273022	1.11856289	1.07861961	1.10587820	1.20334479	1.06450529	1.28909952	1.24136628	1.51242565	1.22615419	1.85579696	1.20690736	1.03653698	0.98517040	0.98775833	1.27047031	0.99664685	0.57722112	1.40628585	1.27995135	1.08618215	1.39689557	1.59250218	1.53218559	1.18684668	0.84391782	1.64259651	1.82508774	0.80570756	1.32532197	1.45566317	0.83500713	1.23313921	1.21899294	1.06505851	1.07901282	0.98416196	0.66864154	1.23450984	1.21612008	1.61688113	0.89556109	1.09972781	1.10411989	1.34116940	1.30489999	1.13521785	1.51079004	1.40610539	1.70269435	1.74213524	1.27070090	1.05194027	1.67686905	1.84574866	1.47581590	1.18403769	1.54513563	1.43295330	1.32895897	1.11353221	1.62192397
02_159	1.19826648	0.98434112	1.13418448	1.33770371	0.97402729	0.63007130	0.77328465	1.31856008	1.03428999	1.30275268	1.51189785	1.31704197	1.32029362	1.35389764	1.09412852	0.79236695	0.78906753	1.03963818	0.86486078	0.99000495	1.30918983	1.08031615	1.32482113	1.35375587	0.91984946	0.86818600	1.07591800	1.04021942	1.01845533	1.23787418	0.57680944	1.35139326	1.03514315	0.18291254	0.46662355	1.09844790	0.39674711	0.94865110	0.63238132	1.00953681	1.08427310	0.45133455	1.01208228	1.25383524	1.19007833	1.36355079	1.15975768	1.34653542	1.03604978	1.17990621	1.01004686	0.74140055	1.50559556	1.34263101	1.17695507	0.62489105	0.88435538	1.09657338	0.84648389	1.08114880	0.94173135	1.27711898	1.14298263	1.15165181	1.29771839	1.32339674	0.38037653	0.73657798	1.41971736	1.37135832	1.26726304	0.74398629	0.86741723	1.01817726	1.21871020	1.33689937	1.02010520	0.85611606	0.77966019	1.00741500	0.93689430	1.72324035	1.41861605	1.23663797	0.92166593	0.81527173	0.99217763	1.08406459	1.15086226	1.72663557	1.29063138	1.61327448	0.87101087	1.09784578	0.42610161	1.21886888	1.43727515	0.78920134	1.53029284	1.10594311	1.81125263	1.43476201	1.08563579	1.39589527	1.26782345	1.06360914	0.51432072	1.20158757	1.52276718	1.38694794	0.90232686	1.41884351	1.21193660	1.20864710	1.22635237	1.18048093	1.20871972	1.01887038	1.07156235	1.03509132	1.18245538	1.58492697	1.20372629	1.09274750	0.96614574	1.56331863	1.56644316	1.23531054	1.38979476	1.43423737	1.54448823	0.66620580	1.24025561	1.47683560	1.23249654	1.22022855	1.26302522	0.75042057	1.59979473	1.38310596	1.66523000	0.87919843	1.89506621	1.03185510	1.63147459	1.52714271	1.66468558	1.24875616	1.52314706	0.81578493	0.89311634	1.69600296	1.23382481	1.45683417	1.16866945	1.28862219	1.30599149	1.57420348	1.05357085	1.42769299	1.64901929	1.03017766	1.13135504	1.52237104	1.54257711	0.97349164	1.33881482	1.25711992	1.38217703	1.04345654	1.17625557	1.81167951	0.98595718	1.20597812	1.45148491	1.65981471	1.34360469	1.36445534	1.24473105	1.52602376	1.50398806	1.04942861	1.33538572	0.47059811	1.64844853	1.16558800	1.04002921	1.40942677	1.58594803	1.17733511	1.55584091	1.02491887	1.51042845	1.07263334	1.00106461	1.63657161	0.99560742	1.35412196	1.25003172	1.30275699	1.26733286	1.11131666	1.43708085	1.39548137	1.54627680	1.53646912	1.32690518	1.02056626	1.56171753	0.63960342	1.46390038	1.04744390	1.33184169	1.12436021	1.65502410	1.53909059	1.03081592	0.38721737	1.65672896	0.98542634	1.73642823	0.93159011	0.74403573	1.36257320	1.23696900	1.33393563	1.34639778	0.69549162	1.27572732	0.69258435	1.45206685	1.08233708	1.55945442	1.53876568	1.52692806	1.17872250	1.73078222	1.43356539	1.03942394	0.99213658	1.47221538	1.51610875	1.37749666	1.35395130	1.14813348	1.22727448	1.84407404	1.74987728	1.17293436	1.45313906	1.11249534	1.48017073	1.81736521	1.31235481	1.23101095	1.31400057	1.51551533	1.53037188	1.09500654	1.38765940	1.69194748	1.54485042	1.71032195	1.00280206	1.35888927	1.25450466	1.37698723	1.23949751	1.25937710	1.38860570	1.40697537	1.43560790	1.16959901	1.50762522	1.15732485	1.44171029	1.47167755	1.54875934	1.22646388	1.20546249	1.18922445	1.53634304	1.62232680	1.33916286	1.29652373	1.76810633	1.67904925	1.55866896	0.95473483	1.29081611	1.75423309	1.41414684	1.80947135	1.26883282	1.29844376	1.30986716	1.66086244	1.64612098	1.23668238	1.77076225
02_306	0.67628092	0.74670407	0.65955991	0.78922776	0.67494729	1.01787315	1.04106342	0.77667321	0.63644989	0.75657816	0.95583249	0.93659397	0.79013831	0.80962997	0.65302736	0.35789037	1.03853122	0.59586799	0.20253256	1.07759755	0.70921005	0.68176128	0.87069295	0.82832181	0.46692031	0.48545319	0.69434076	1.11823475	0.46070906	0.73788192	0.89573134	0.72670731	0.43816451	0.60486963	0.90101976	1.09539066	0.90163899	0.46539527	0.90077088	0.70605059	1.08266519	0.86080135	0.54249320	0.68358413	1.05038328	0.84434770	0.86822797	1.31492289	0.65005668	0.83089647	0.62924533	0.84359277	0.96968286	0.99332670	0.84764816	0.91212849	0.41439790	1.17644583	0.48577156	0.68273609	1.02161495	0.64139785	0.57123941	0.72906592	1.30070153	1.34174642	0.74875181	0.56076111	0.87835899	0.74422932	0.85393573	0.94410865	0.37498648	1.06786005	1.23306649	0.89166670	0.96815486	0.99172295	0.48212723	0.57753596	0.35059919	1.23007352	0.91540569	0.83360686	1.05877816	0.72883670	0.30268105	0.63088877	0.51876937	1.26468034	1.23345215	1.06131117	0.30264100	0.75802587	0.56722140	1.19473946	0.80827642	0.59586729	0.92696252	1.22829566	1.35368048	1.12793235	0.76188738	1.20643596	1.31369500	0.43680796	1.05052018	0.67705269	1.01694238	0.91633244	0.56114318	1.11438684	1.09063182	1.43771335	0.86238388	0.80792629	1.33377115	0.74120059	0.83094290	0.61242562	0.73527909	1.03857511	0.84095934	1.14542231	0.90106114	1.13295985	1.23596697	0.79699689	1.11604077	1.18360250	1.29819151	1.12738319	0.71664281	1.08388999	1.22305151	0.74666541	1.43658865	1.00472563	1.09058182	1.07133286	1.25699762	0.51095289	1.47246623	0.52576351	1.15193474	0.95698413	1.30739199	0.61912247	1.47943096	0.94264165	1.06767754	1.18548330	0.90620785	1.17523284	0.69850470	1.37126953	1.29136971	1.22346511	0.83852365	0.93751807	1.20340040	1.16535053	0.87796218	1.25609834	1.25058734	1.22425173	1.02184986	0.72082462	0.87001575	1.09228808	0.61323403	1.35243899	0.76777681	0.54184328	1.12381224	1.27160840	1.12728306	1.10923777	0.70860523	1.15213659	1.57946839	0.50874530	1.07461006	0.81319117	1.12946497	1.42356498	1.10299910	1.12050875	1.08918793	1.32493793	1.09082979	1.28870592	1.15174969	0.83099131	1.06371358	1.09475252	0.52561691	0.84447700	0.98526048	0.96490889	0.72738530	0.80917418	0.90939280	0.97976147	1.21624607	1.31363687	0.93660575	0.91704164	0.96853008	1.07419495	1.03286226	1.31348532	1.14039632	0.79094048	1.39647476	1.05958419	0.88939178	0.99951000	1.27441242	0.81827975	1.24883406	0.63809698	1.11109427	1.49125306	1.16179104	0.99868153	1.40229359	0.90517150	1.09657954	1.00655070	1.06144820	0.77385349	1.37042113	1.22372952	1.00222998	1.47517898	1.32979575	1.11133693	0.59165933	0.65563993	1.09744614	1.18774031	1.04377872	1.00494076	0.69000901	0.86678790	1.40141438	1.40430251	1.36987901	1.38006746	0.94023690	1.12322783	1.35735234	1.32260669	0.90099850	0.88969202	1.21542998	1.07133960	1.04058661	1.14233575	1.37242218	1.19395414	1.35512061	0.56406393	1.16166170	1.41640565	0.81713807	1.04209661	0.97896653	1.03816061	1.10798978	1.02880276	0.97508547	1.07742480	0.84513047	1.04273061	1.17649278	1.18071760	1.39112784	0.68937901	1.03617650	1.27360684	1.35278573	1.31655447	1.07160561	1.44441585	1.54297035	1.43774999	1.17980868	0.78117987	1.32793174	1.21296922	1.76315379	1.21094656	0.72220273	1.40886889	1.39736970	1.35438900	0.87866549	1.47948399
02_157	1.10726759	0.80062330	1.01594050	1.56904394	0.84863218	0.11052707	0.41981128	1.40772788	0.93980989	1.16176048	1.39780714	1.17630715	1.28906267	1.25180480	0.92815436	0.91829937	0.45087414	1.13255520	1.02850323	0.84549715	1.49726528	0.96970965	1.19895532	1.35935529	0.94659846	1.00387752	0.94696905	0.80826776	1.27527698	1.13899687	0.94600053	1.49277121	1.20009984	0.58230347	0.40905850	1.31899386	0.78032538	1.00449710	0.20266836	0.87893416	1.11402770	0.69169822	1.19142287	1.38934171	1.02940905	1.59604923	1.07875278	1.15731749	1.04403303	1.43754342	1.16003896	0.55296752	1.38904478	1.52640141	0.99300325	0.99758362	1.18299871	1.34533354	1.07030648	0.91388832	1.07289585	1.30130122	1.38346822	0.97766467	1.26557279	1.16592214	0.82710622	1.05823751	1.63805389	1.52853457	1.13529326	0.69621965	0.93379844	1.19875986	1.05457204	1.24495483	0.94503738	1.17061557	0.96416633	1.14593739	1.01983392	1.59969422	1.46680284	1.12965107	0.74309842	0.62377160	1.21637790	1.28456221	1.14551236	1.63026366	1.45565631	1.63521166	1.06165358	1.37592283	0.90800397	1.05134359	1.61944868	1.00984347	1.67096107	1.15162808	1.97439586	1.35316383	0.94214683	1.24639829	1.06495113	1.20245810	0.25617929	1.36563997	1.37636217	1.28895187	1.24262247	1.29143340	1.33720391	1.11608332	1.05656480	1.14520914	1.42263003	0.88338444	1.06811593	1.35544787	1.36950548	1.46626165	1.50906376	1.17850958	0.80685300	1.46655192	1.45703494	1.07279433	1.67193910	1.62183380	1.44228566	0.33541627	1.16770842	1.55163204	1.06942125	1.28187700	1.51841638	0.93459343	1.73146202	1.64746671	1.90213349	0.96735310	1.79012001	1.35667561	1.56436823	1.46359551	1.60826376	1.47094202	1.38884213	1.03967059	0.62803846	1.66386990	1.25482130	1.39547139	1.07692395	1.13721303	1.27421811	1.45026056	1.07533432	1.27249170	1.82043838	1.37071744	0.93967547	1.41046887	1.69139134	0.78866386	1.24392890	1.38713942	1.26924826	0.79560474	1.45377717	1.95741424	0.82493174	1.35098514	1.45560982	1.57677581	1.62246738	1.58563876	1.45234669	1.74316396	1.39075527	1.18671072	1.21237323	0.53173189	1.60956808	1.07862555	1.13513824	1.24925323	1.64021828	1.02965911	1.43281350	1.31284856	1.72514699	1.29979361	0.85496738	1.83066667	1.17932361	1.56455634	1.37631757	1.58261243	1.48623928	1.26781127	1.28952857	1.60885267	1.44763151	1.78143327	1.59695435	0.90320293	1.68492433	0.42052888	1.48271550	1.36882006	1.25867571	1.00490258	1.53120208	1.77381118	1.16610602	0.90104543	1.70322318	1.23616485	1.78810511	0.99527451	1.08811551	1.57997017	1.45475747	1.24901038	1.20167981	0.59995069	1.44631490	0.40481936	1.37959679	0.92093133	1.79070193	1.46800959	1.44054851	1.05133867	1.69529377	1.66505838	1.38967517	1.22832617	1.51941830	1.39221220	1.63855414	1.18806151	1.45887246	1.35682645	2.03942056	1.62993251	1.41641605	1.28632956	0.99176578	1.51319193	1.69953063	1.11118870	1.10062855	1.24807163	1.52901854	1.72871328	0.92355348	1.55809433	1.89504384	1.72626362	1.75355279	1.07705127	1.65428833	1.42904232	1.40067829	1.35597016	1.50176191	1.31542745	1.31187946	1.65382325	1.06012511	1.53038771	1.04483617	1.35622867	1.33204945	1.70177787	1.14424570	1.42142255	1.01837231	1.48620375	1.50427571	1.14881750	1.17792770	1.96315338	1.54697627	1.75843948	1.25649891	1.52875217	1.63740917	1.69886292	1.88922533	1.25597744	1.56504018	1.14884002	1.56038682	1.68932107	1.53081811	2.00663042
02_217	0.67683727	0.81838323	0.79530596	0.32240095	1.15488579	1.39243763	1.34461428	0.28806254	1.20823563	0.85972053	0.84222853	0.78147314	0.50102118	0.67311413	1.06538053	1.02669515	1.26588993	1.20330969	0.81646706	1.00028500	0.22958004	1.24753734	0.65662123	0.43654507	0.88808174	1.04750306	0.93603078	1.16138631	0.56085837	0.67300567	1.10879401	0.42676899	1.02782473	1.03756549	1.20109621	0.97843959	1.31846172	1.11361153	1.20374671	1.16172303	0.94656451	1.25186819	1.18214335	0.27235893	0.87054606	0.41275299	0.70348328	1.24380035	0.60749071	0.49050021	1.15347205	1.18512367	0.82231720	0.85236756	0.86219666	1.22348808	1.05533510	0.89181806	1.02052126	1.13076105	0.76447646	0.52438643	0.41400410	1.19475258	1.29300656	1.19236240	0.95008845	1.14410283	0.74881074	0.62906366	1.35226732	1.42279219	0.65826591	1.09769721	1.07085380	0.68346717	1.04415307	0.84183763	1.14877998	1.15877137	0.77498066	1.19355195	0.60092519	1.07804979	0.97547696	0.93829908	0.76885130	1.23488742	0.78240955	1.17435106	1.20223595	1.00298987	0.87017912	0.37721453	0.88444528	1.41850247	0.65787874	0.69912319	0.89802522	1.48692369	1.27626667	0.83697536	1.15003028	1.09632777	1.41621356	0.95795297	1.36867422	0.27656795	1.14519704	0.65999913	0.97306116	1.55317033	1.09545288	1.75288440	1.36942610	1.25514884	1.36175007	1.18310963	1.20608906	0.87234624	1.32619657	1.05008157	1.10921309	0.93909649	1.23395194	0.92784590	1.17247603	1.25649244	1.42932865	1.22089240	1.20784738	1.43379919	0.68530948	1.24072692	1.60955467	1.25998507	1.70239416	1.40970704	0.94973219	1.18465719	1.02912597	1.04728215	1.41219039	0.61569524	1.02174346	0.87493194	1.13613815	0.52035115	1.58184447	1.27234372	1.14583895	1.13036234	1.29755887	1.49463806	1.04050904	1.46254940	1.52219474	1.52451260	1.19187535	1.19553290	1.11258592	1.07555285	1.36906590	1.24497327	1.64925804	1.28039297	0.72078162	0.59396680	0.94571714	1.55020444	1.01084779	1.27599701	1.20066303	0.79488549	1.52386797	1.30369734	1.44126977	1.48181506	1.14735106	1.41557478	1.37501651	0.51754337	1.45932560	1.07854911	1.05804921	1.51515550	1.26179502	1.38946475	1.16224387	1.60578773	1.00645625	1.55778593	1.39772305	1.16672868	0.91223154	1.01716229	1.16162342	0.37550923	1.28817135	1.39090532	0.47147757	1.23806751	0.99459741	1.11592310	1.27972463	1.15692963	0.89757708	1.42892198	0.90289680	1.38478354	0.73067285	1.56089134	1.45220997	0.99154915	1.76879137	0.81970703	0.57987535	1.30636773	1.04124978	1.25784340	1.18554766	1.07764220	1.28395942	1.76538605	0.91399347	1.47320062	1.21688843	1.24400379	1.25848073	1.33888866	0.86542339	1.24859397	1.27138868	1.13297211	1.06146699	1.61137725	1.16327331	1.54394398	0.67522349	0.99419828	1.08880181	1.44053648	0.70132201	1.49412075	1.13708165	1.31398861	1.31679934	1.53063421	1.70896268	1.34155116	1.29721485	0.95002702	1.30985920	1.46574714	1.36630546	0.77487968	1.59574560	1.12501849	1.32292738	1.29536600	1.41903032	1.51686046	1.11754871	0.92629838	1.46700327	1.72877867	0.97303190	1.32730719	1.37255365	1.02863022	1.55613755	0.95070135	1.31456551	1.19983220	1.31201633	0.85087287	1.60278337	0.99053476	1.73096533	0.53656422	1.38839667	1.19169710	1.65174307	1.52859588	1.42272561	1.21128213	1.58019464	1.49587678	1.56735646	1.20271037	1.36674562	1.50634578	1.71220644	1.61376008	1.02421237	1.74348492	1.72675664	1.31247896	0.48429867	1.27787836
02_226	0.65413058	0.71043359	0.66733612	0.67792787	0.76301380	1.05344627	1.04756608	0.69125228	0.73130881	0.74230701	0.90475911	0.87006052	0.72701769	0.76191601	0.71396990	0.46073729	1.03462386	0.66893581	0.30907968	1.01602020	0.60618644	0.77394603	0.81425555	0.74808883	0.53710419	0.57252821	0.73171056	1.07550814	0.35593886	0.70953407	0.85126510	0.61753170	0.50781403	0.63311601	0.89976620	0.99770147	0.91276123	0.57757108	0.92057944	0.78730175	0.99754526	0.86999136	0.62432572	0.56551880	0.97531775	0.73300597	0.77922123	1.25063248	0.56105905	0.69899237	0.67560189	0.84860233	0.90713928	0.88137079	0.80413770	0.89128634	0.51567901	1.06794771	0.57662937	0.74853507	0.93264158	0.56981119	0.47775334	0.79529785	1.22344606	1.25994383	0.72083544	0.60108822	0.77701005	0.64710158	0.91482917	0.97879217	0.32655139	0.98668424	1.15561174	0.84287385	0.91115173	0.89922997	0.57196633	0.63898280	0.38515450	1.17323543	0.81810498	0.82887814	1.00802232	0.74199906	0.30431703	0.69570252	0.50534865	1.19609077	1.14836220	0.98601817	0.38198921	0.63773773	0.55893441	1.17128214	0.71993026	0.50509096	0.85380145	1.19405674	1.26733679	1.04545828	0.81017675	1.12634918	1.26699176	0.47691719	1.07700207	0.58748962	0.99237160	0.86643777	0.60323008	1.14895939	1.01667768	1.42900824	0.93000903	0.83867563	1.25651577	0.82471816	0.86975962	0.58944639	0.80540556	1.00161808	0.81602378	1.04321478	0.90218624	1.06047862	1.16116732	0.85699594	1.10436798	1.09993601	1.21817423	1.14286338	0.67075023	1.03604749	1.23130481	0.78869614	1.40190321	1.00858547	0.99463371	1.02413983	1.15700521	0.61047353	1.40804207	0.49013465	1.07662319	0.89584104	1.22554538	0.51949796	1.42742669	0.91810945	1.03339654	1.11499797	0.92141763	1.17910534	0.71213703	1.31857214	1.25616958	1.22333180	0.82083690	0.94179335	1.11490709	1.07217503	0.93494653	1.18630099	1.25653690	1.18533519	0.94597760	0.62890594	0.83037588	1.12814418	0.60896287	1.26700512	0.83854573	0.51391993	1.13509174	1.21940874	1.12429147	1.11001514	0.72760862	1.12221344	1.49500114	0.47439007	1.10230995	0.80382280	1.05740939	1.38427044	1.04591212	1.10909266	1.02869905	1.32326456	1.02552317	1.26370252	1.11962519	0.84652662	1.00136449	1.00702408	0.61502285	0.73928149	0.98249660	0.97351872	0.61775793	0.83326684	0.88948230	0.92501241	1.17844377	1.20658508	0.86454191	0.96232686	0.89183713	1.09200612	0.94172412	1.28963546	1.15983159	0.81347521	1.41416825	0.95433539	0.77814776	1.00759472	1.18755889	0.81467750	1.16977744	0.71020243	1.07016144	1.45859795	1.05394542	1.04064421	1.31970535	0.92774218	1.06897032	1.02028408	1.00083166	0.85697873	1.27021952	1.17143255	0.95869935	1.44918058	1.25154486	1.12362823	0.53557359	0.67450862	1.01705284	1.18188206	0.93099066	1.06845810	0.69973284	0.88682672	1.31558236	1.36922557	1.35299385	1.32392388	0.98455456	1.03869638	1.29920275	1.28712909	0.95618558	0.85335572	1.22652238	1.00419475	1.04260755	1.11617965	1.30045770	1.17873220	1.27325292	0.61076356	1.15716228	1.39769303	0.79054295	1.05372633	0.99373329	1.00375731	1.14648511	0.94856090	1.02984840	1.03428927	0.91981245	1.00351250	1.21887556	1.10315988	1.39041913	0.62899159	1.05760360	1.22407085	1.35964257	1.29775197	1.10206740	1.35664821	1.49070221	1.36948382	1.18433451	0.80107192	1.28691724	1.21175652	1.68290701	1.22431969	0.70394133	1.41653860	1.40673765	1.28022145	0.77530661	1.39548268
02_245	0.21162807	0.53495829	0.34823039	0.73526168	0.76421872	1.19057165	1.14100945	0.47932402	0.76497861	0.29425175	0.43593099	0.52379435	0.29849613	0.21224186	0.55677617	0.76659189	1.09634064	0.89593398	0.60918446	0.99808465	0.58291385	0.78797069	0.33283304	0.39102051	0.60353488	0.82988864	0.55691746	1.03907801	0.67804844	0.26367476	1.25771940	0.53472686	0.78388268	1.02923519	1.13589190	1.22561637	1.34237911	0.76795135	1.00965232	0.76936149	1.06303379	1.23487865	0.94201943	0.48597873	0.79386932	0.79632863	0.59313769	1.14586809	0.49148205	0.88350110	0.94250100	0.97037439	0.44097666	1.00563855	0.52374512	1.32105870	0.94672743	1.28139514	0.89798180	0.64568472	1.05767754	0.22584702	0.64984405	0.68215089	1.28206714	1.17684615	1.13158822	1.06942352	0.88698077	0.65051093	0.87310431	1.22573185	0.45147802	1.23148539	1.06225757	0.45394419	0.94427095	1.19748861	0.93943287	0.90834112	0.50986620	0.86061253	0.61630476	0.70013715	0.97913689	0.70524363	0.65728431	1.02054125	0.35127921	0.92042990	1.33925368	0.82472919	0.70128422	0.84610731	1.04061592	1.19068974	0.73905238	0.80808398	0.85054420	1.41766256	1.31681440	0.79337013	0.74721597	0.96144378	1.25436738	0.70032886	1.27439256	0.56610121	0.69412557	0.41675056	1.00628055	1.14194121	1.17038012	1.60386289	0.88227445	0.89787843	1.52629346	0.80404239	0.96066035	0.95623171	1.09879613	0.64466921	1.15313320	1.14889825	0.96501139	0.73520510	0.97277732	0.74569159	1.42364423	1.28802967	1.07505364	1.30000089	0.29008204	1.09425059	1.31716250	0.93599968	1.76351164	1.36118017	0.97924105	1.27077649	1.26030102	0.80424383	1.17110199	0.82337237	0.80278691	0.54750195	1.03164987	0.65777397	1.41998030	1.26893089	1.03836959	0.90749024	1.02598519	1.19323090	0.60662981	1.34827794	1.37909764	1.14461942	0.97926822	0.70604275	1.17875319	1.40431601	0.93171745	1.05515732	1.47961107	1.23803226	0.65621391	0.62204490	0.51930351	1.21698322	0.95471616	1.29689278	0.83264877	0.62376062	1.22552753	1.05617287	1.44264023	1.39754685	0.99125596	1.35654523	1.44034410	0.51598503	1.09376099	1.05717050	0.82458165	1.49581928	1.26331295	1.02328034	0.99257813	1.42487866	0.69710731	1.64315844	1.34964533	1.12601968	0.94101399	1.07833195	0.93194000	0.76198940	1.16436705	1.32175117	0.72411289	1.07984835	0.51330793	1.12102563	1.03358127	1.39368883	1.07642513	1.09413826	0.85365481	1.26889578	0.74414795	1.68003269	1.18616154	0.67105626	1.40234637	1.05194866	0.86563050	1.45290102	1.07471388	1.19024516	1.08445702	0.86127999	1.45560988	1.79269205	1.22539568	1.07415566	1.24708089	1.09702488	1.26347938	1.16232646	0.72946808	0.81998461	1.46629383	0.99729353	0.69846837	1.55875062	1.05870031	1.42599628	0.90602081	0.96203836	1.00717525	1.09226318	1.07608996	1.02165523	1.09298971	1.10598399	1.40042055	1.23187035	1.72627412	1.22552704	0.99694941	0.94823879	1.02338224	1.27180404	0.94295975	0.57938467	1.32360053	1.14420905	1.06374279	1.28892382	1.47202784	1.39861679	1.16379702	0.71342079	1.48891196	1.71457919	0.70369344	1.22442990	1.30021180	0.83290895	1.17378810	1.08747582	1.02382810	1.00612024	0.92054573	0.69996954	1.19541321	1.12944678	1.56144019	0.73429682	1.06164080	1.10393758	1.31901922	1.29574424	1.09704665	1.42160735	1.41643176	1.58903683	1.59532534	1.08622153	1.06694288	1.52586690	1.78845877	1.39398397	0.98911781	1.51368922	1.39779789	1.27617946	0.95959982	1.51662642
02_299	0.35931617	0.45627574	0.50406549	0.88398679	0.96652355	1.20497633	1.11377938	0.56565006	0.99998809	0.39911970	0.38230836	0.31873022	0.32212533	0.19312634	0.75183779	1.03547785	1.03624171	1.16696755	0.91313751	0.84344649	0.74150056	1.01512155	0.13152292	0.40436925	0.85419608	1.10172482	0.71184357	0.89920948	0.88638788	0.34294676	1.33407096	0.68542710	1.07991021	1.16061506	1.15479414	1.21197885	1.45690420	1.05091143	1.00573884	0.96727329	0.95891517	1.32182214	1.23270430	0.60179959	0.57189397	0.93395813	0.46070027	0.96128362	0.50453506	0.95542006	1.20346643	0.99058057	0.36007941	1.05935645	0.40372026	1.42505355	1.25525792	1.24154500	1.17731564	0.83908406	0.97874634	0.42461355	0.86931208	0.86738005	1.19953464	0.99007639	1.22269636	1.30678254	1.04981704	0.82313466	1.06213186	1.31341296	0.65182707	1.23483992	0.85641305	0.42624359	0.92305994	1.20813334	1.18818862	1.18199822	0.79210893	0.82786473	0.65598640	0.83007153	0.83828189	0.74802256	0.95964206	1.30731845	0.60945608	0.88493773	1.33163595	0.88815881	0.99833286	0.92552557	1.20624681	1.19289461	0.90546929	0.89791970	1.00031332	1.44863093	1.41769139	0.67465597	0.91791351	0.79813822	1.15081874	0.98917111	1.29293562	0.71601076	0.73572885	0.34267417	1.28203548	1.29367366	1.16861337	1.62890549	1.06558773	1.09626797	1.55058986	0.99401421	1.15033955	1.21291208	1.37956888	0.65146521	1.39418148	1.05834708	0.99305839	0.66862145	0.88328128	0.92615267	1.65221636	1.36390967	0.98174447	1.29838440	0.40314373	1.22629046	1.37328555	1.17917032	1.86071479	1.45734955	1.07605468	1.46054449	1.36880529	1.06765829	1.13686350	1.07860440	0.78156830	0.56566733	0.98040873	0.87588268	1.36059995	1.38439705	0.92156650	0.92874601	1.21833732	1.32658425	0.78990610	1.26529193	1.41103561	1.24734876	1.08942598	0.80842414	1.29120797	1.43781946	1.06262617	0.97956582	1.68832546	1.15651475	0.52047346	0.78169533	0.58305412	1.27439345	1.23366703	1.39155655	0.99972033	0.88040582	1.39819608	1.07984977	1.66884773	1.61905170	1.25559286	1.56023397	1.27245541	0.74328873	1.23551144	1.08990889	0.84209504	1.45427160	1.29662745	1.07639894	1.10612335	1.45727933	0.62709817	1.75265687	1.54881001	1.35533666	0.78130833	1.21789831	1.22624444	0.88867213	1.35646278	1.57871623	0.85998108	1.31507466	0.55596503	1.31098968	1.07294913	1.44776502	1.25711741	1.22019062	0.98399742	1.29216639	0.74099109	1.79956140	1.32160443	0.80141626	1.52198271	1.18077217	0.82924082	1.56827867	1.09102356	1.38267287	1.14547378	1.09443049	1.53155885	1.88757520	1.23136797	1.25590264	1.06081007	1.17539337	1.41707442	1.16754823	0.70843613	1.01102573	1.51670415	1.00133357	0.75241659	1.52365983	1.04181603	1.66925133	1.14323447	1.20931018	1.04141729	1.18567421	1.16027412	1.19014052	1.37449054	1.33819261	1.51301688	1.26016140	1.83772417	1.07665702	1.14068297	0.96630862	0.99139229	1.19455362	1.12288793	0.62220609	1.49474516	1.31085445	1.11551310	1.45634486	1.58730052	1.60156055	1.17512917	0.95279087	1.71390867	1.81571488	0.86745970	1.41064002	1.54259323	0.88399025	1.33592043	1.23198579	1.17392535	1.11569628	1.11348915	0.67854211	1.34267133	1.22161656	1.60165991	0.92818953	1.12419820	1.11199811	1.42332455	1.26816395	1.23013279	1.49570047	1.35973128	1.65534036	1.72577430	1.35207670	1.07507024	1.74977365	1.75810213	1.50779518	1.24767407	1.55139041	1.50822751	1.29901626	1.06198391	1.60754322
02_252	1.04845856	0.58871262	1.11511376	1.31873577	1.38410679	0.98769771	0.80009072	1.13445342	1.40575139	1.03923577	1.01405157	0.64239110	1.03125508	0.98337626	1.24116704	1.35953081	0.65170349	1.52355245	1.33756748	0.21392995	1.22226530	1.41353302	0.88695847	1.05980822	1.32323805	1.49593472	1.23360467	0.34871237	1.15668362	1.04400395	1.06907434	1.17513710	1.45101925	1.09481372	0.84375610	0.86925940	1.23767707	1.44325418	0.83286359	1.40163121	0.45799230	1.06018295	1.56916225	1.05230704	0.26504811	1.35459816	0.61546300	0.41660823	0.70949440	1.08386990	1.56261618	0.79510556	1.01203610	1.13343228	0.64186543	1.17221975	1.60326013	0.94094057	1.55948220	1.29886663	0.63019055	1.04799861	1.31760707	1.29244094	0.83363533	0.58489642	1.04479886	1.44897210	1.41903398	1.25039451	1.43115157	1.13519764	1.01157468	0.89775030	0.23270291	1.08069996	0.91222693	0.93717468	1.39191351	1.54030438	1.27362120	1.23672494	1.17308005	1.28686444	0.51909659	0.96848834	1.37077717	1.62941460	1.13478192	1.28431773	1.01245850	1.27273175	1.41519475	1.03496482	1.22729749	1.19093282	1.29958044	0.86011033	1.35848014	1.17485504	1.68935872	1.03049673	1.36208700	0.66454208	0.77112303	1.38224868	1.04668581	1.20721921	1.17969018	1.04274827	1.63484341	1.61478821	0.89949901	1.42859125	1.44293471	1.46450406	1.32308068	1.42363137	1.53911170	1.57171824	1.68096658	1.12917409	1.71274532	0.70892029	0.87774120	1.17775811	0.99087643	1.33560499	1.92661398	1.36692535	1.04820914	1.04935055	1.05848659	1.52669096	1.34461313	1.51700143	1.66606701	1.20674163	1.42775596	1.76805202	1.67748036	1.47496477	1.46441691	1.47600023	1.22399993	1.08830988	1.29441929	1.29861219	1.19242185	1.30719572	0.44378152	1.30604541	1.56771197	1.64896256	1.24859352	0.95267144	1.32547702	1.56732632	1.14262442	1.23967463	1.60169553	1.19920872	1.26584256	1.00055108	1.94246844	0.89663808	0.93533224	1.24972218	1.11768170	1.19534414	1.56286195	1.66941672	1.38022293	1.29551177	1.68447138	1.42735957	1.95070349	1.88467718	1.56623434	1.82845551	0.98365542	1.24823509	1.58330836	0.82055756	1.24996816	1.24319588	1.12786034	1.28603813	1.44350516	1.43925797	1.02787310	1.63055775	1.82063938	1.69973495	0.46752076	1.52704647	1.57182279	1.32737158	1.68591661	1.85572871	1.15013971	1.65332890	1.08808222	1.63047538	1.45339062	1.47448881	1.60415379	1.27901653	1.34623442	1.12088473	1.19940281	1.71118995	1.66715101	1.29337111	1.80009550	1.52321698	0.78081916	1.38283327	1.46538987	1.45445713	1.46211333	1.49746851	1.32293929	1.70026916	1.20186554	1.58462806	0.67085743	1.22393787	1.68686252	0.90931002	1.22004564	1.42532218	1.48661971	1.41480507	1.19694692	1.32790083	1.41603213	1.92697118	1.47309896	1.58166162	1.17249635	1.53003026	1.38633861	1.52993240	1.68462415	1.65220607	1.77394840	1.53311835	1.64026228	0.67447616	1.49305952	1.29057460	1.35159340	0.89624124	1.49184679	1.17450361	1.77799444	1.61780225	1.24035863	1.77370860	1.72045968	1.86280177	1.53282075	1.38388348	1.97747698	1.67969935	1.28048964	1.74398141	1.83617589	1.33327283	1.62482602	1.54251621	1.54807009	1.42490018	1.49428046	1.18796264	1.65417102	1.57341376	1.40784972	1.35944833	1.17893960	1.43727075	1.72235304	1.11674760	1.55048455	1.76678565	1.33211822	1.55926434	1.51718931	1.65107286	1.40808857	2.02124543	1.53359342	1.52884213	1.56412167	1.46939822	1.75738275	1.42890252	1.25963103	1.84254972
02_289	0.70784636	0.78167820	0.83622049	0.67734093	1.15073589	1.45243063	1.33216780	0.65720472	1.02341607	0.59338133	0.50181983	0.63072594	0.65492686	0.57853257	0.91889615	0.93053736	1.28974787	0.97430940	0.79955468	1.12684449	0.51040024	1.02163821	0.71773017	0.66656758	0.96998578	1.08599380	1.02476808	1.15013229	0.47329676	0.74878101	1.25030325	0.31944491	0.75237829	1.18881188	1.30233117	1.05376853	1.39282014	0.94175356	1.29577090	1.16732961	1.00681600	1.27824105	0.95504117	0.39004540	0.91971112	0.75720119	0.72647756	1.14987859	0.51517720	0.72545331	1.07508803	1.09961430	0.57575558	0.73693965	0.69644049	1.25927904	1.02158824	1.25683839	1.13606225	0.99781566	1.13092715	0.28972378	0.69889254	0.93625283	1.21560749	1.28368009	1.21561699	1.06599472	0.67944831	0.30317656	0.99243362	1.28467874	0.65981086	1.09930584	1.15892847	0.88055541	1.12681962	1.18862154	0.97895821	1.00405238	0.79399715	0.80817922	0.73210939	0.97595996	1.25329055	1.12104603	0.65500765	0.98148107	0.47240578	0.92128445	1.09606137	0.55949439	0.89640543	0.70623228	1.14454406	1.35585081	0.28230107	0.73577780	0.39056302	1.35968939	1.05912923	1.05796387	1.12799093	0.98429350	1.29026276	0.66098620	1.54576825	0.72441340	0.70429010	0.81864584	1.16122350	1.27474172	0.92936237	1.71143029	1.08746107	1.05524053	1.48535283	1.21261726	1.28786321	1.02394912	0.99836784	0.56737233	1.14662194	1.17735909	1.01204118	0.95666214	0.90141699	0.92479138	1.39575993	1.03698282	1.10030510	1.57685722	0.68024654	1.04515075	1.40244953	0.89098633	1.67388840	1.32077524	0.77637737	1.29035254	1.15530116	1.10601300	1.15024420	0.90968730	0.82817283	0.44317024	1.12179462	0.46041376	1.42736724	1.29896893	1.22902490	0.75089757	1.17208397	1.34153676	0.83491112	1.41154843	1.39349392	1.21818157	0.92493137	0.77415415	1.02064514	1.34828309	1.05990758	0.99652711	1.41413597	1.50274192	0.98307900	0.68469910	0.67583007	1.33075336	0.75547574	1.05203514	1.23368366	0.39998906	1.23685575	1.12292747	1.49222899	1.39513053	0.77416517	1.20894246	1.59805249	0.79361526	1.32749390	1.20056856	0.69669201	1.71194970	1.26672977	1.09496058	0.80920666	1.66613070	0.70119758	1.68927121	1.23491020	1.31879089	1.18673613	0.70668981	0.97275270	0.78249212	1.31364394	1.23574341	0.40704418	1.21655942	0.62525643	1.04430294	1.24200218	1.20981617	1.09532921	1.16472929	0.43102840	1.55952614	0.90913238	1.74874179	1.47712924	1.11736001	1.50658728	0.89881352	0.92758024	1.57218779	1.17226509	1.08553986	0.87507499	1.19484271	1.52686717	1.68130728	1.24928961	1.18457040	1.38690264	1.42052642	1.42176338	1.36634958	1.04773142	1.17349968	1.25842466	1.27646945	0.65377289	1.80687872	1.13764080	1.31575782	0.91889524	1.15621263	0.79572466	1.24465931	1.03085764	1.16208016	0.97947656	1.12763289	1.14491162	1.26293463	1.64228668	1.18017082	1.36505418	1.04860324	0.98329641	1.29816521	1.16225375	0.94819969	1.35375635	0.96426140	1.32069951	1.42488541	1.23786503	1.27116672	1.28147899	0.98168834	1.52613440	1.69679560	0.59691218	1.45090920	1.32994036	1.13936374	1.26686296	1.02863689	1.39578216	0.93946123	1.19349217	1.02521055	1.33250160	1.20045330	1.61838669	0.81263609	1.14578614	1.34708940	1.45854004	1.35204975	1.35300246	1.40911247	1.45418208	1.37938044	1.50083842	0.86258715	1.06249832	1.56938295	1.63802527	1.41153078	0.67567039	1.64916107	1.46759367	1.19407849	0.87450260	1.48097383
02_248	0.35589948	0.28803795	0.44688988	0.95777254	0.82417991	1.02549297	0.92639884	0.69097259	0.81655489	0.28330157	0.40561205	0.30588620	0.46131806	0.28247233	0.58511564	0.86986589	0.87032072	0.99458313	0.79889424	0.77319809	0.81940987	0.82588892	0.29870861	0.55143136	0.75647723	0.97626453	0.63656852	0.77657888	0.82622237	0.38261641	1.21447811	0.72818624	0.93350797	1.01711820	0.99406436	1.15848306	1.29618742	0.88388066	0.84064512	0.83180492	0.90464135	1.15566715	1.07110065	0.65813527	0.54388678	1.00525075	0.42357879	0.88043034	0.41294410	0.97183027	1.06241533	0.79058920	0.39986738	1.02531032	0.25201344	1.28515418	1.13336417	1.24370875	1.07674348	0.66802317	0.97956819	0.43650273	0.88736342	0.67429536	1.09922095	0.94637117	1.12788186	1.14772315	1.04664136	0.81472824	0.86422536	1.10540197	0.52676952	1.13693722	0.81552568	0.53099829	0.81714157	1.17866264	1.00969177	1.02612536	0.68808101	0.78534659	0.72958585	0.70903813	0.79454733	0.64323566	0.86064535	1.14908466	0.48028365	0.86752197	1.25246289	0.85351868	0.88920143	0.95053486	1.11264492	1.04275416	0.91224681	0.79907856	0.96840739	1.28463703	1.39468516	0.75139287	0.77965005	0.73538474	1.00787715	0.84811808	1.14804135	0.79028435	0.61931481	0.49406696	1.20874131	1.11486997	1.08044276	1.45830904	0.86905023	0.93017002	1.46881318	0.86732229	1.04155454	1.15417789	1.21978931	0.59560594	1.31715225	1.03182673	0.78850598	0.72440330	0.81752621	0.73304427	1.55381984	1.28212718	0.93255744	1.14279140	0.39270884	1.13422923	1.17477604	1.00804418	1.72187947	1.27939004	1.07290488	1.41303981	1.39803007	0.95173524	1.10769656	1.06798330	0.78447930	0.55100572	0.99302784	0.87230881	1.23492568	1.23702600	0.79806496	0.89242862	1.07927018	1.19279997	0.63392074	1.13677814	1.26102183	1.09948960	0.90662202	0.65324898	1.27647376	1.39281897	0.84551843	0.89075533	1.54773876	1.06762563	0.61951782	0.78768645	0.48853010	1.05011789	1.12827060	1.36839595	0.86215964	0.79345016	1.23890506	1.02112310	1.57718327	1.49896998	1.12733078	1.45729734	1.26608747	0.74945287	1.08401773	0.94799481	0.81327022	1.36066861	1.17092751	0.91197843	1.03400627	1.31592605	0.59593752	1.62939313	1.45220956	1.27272251	0.76191806	1.19778066	1.07432884	0.97434520	1.25756833	1.45414298	0.87540957	1.19351009	0.46518476	1.24676789	1.01800585	1.42790453	1.24961470	1.00185690	0.96274924	1.14768460	0.81578832	1.69097713	1.21215371	0.74087478	1.36440304	1.21030347	0.84331296	1.45725200	1.13641854	1.22570449	1.11535778	0.99547099	1.43200228	1.74392119	1.23796860	1.07515150	1.03984099	1.03904828	1.35557259	0.98958258	0.77310095	0.86024122	1.47734519	1.01391783	0.67433518	1.42074336	1.06337999	1.53303504	1.12045087	1.13704343	0.97015165	1.06175248	1.20642162	1.00154527	1.26012032	1.19634819	1.49625833	1.16421656	1.68241556	0.99599503	1.02627042	0.98308261	0.95990749	1.04762174	0.95298620	0.67205435	1.34937617	1.26282514	0.97267501	1.40277720	1.52325962	1.47942678	1.22733937	0.86985658	1.62454946	1.66913899	0.78578302	1.33050185	1.43306404	0.87716693	1.16268728	1.22538241	1.07976172	1.03456718	0.96760902	0.76313685	1.17866458	1.25778361	1.42737368	0.96192360	0.94640083	1.12067963	1.29439792	1.11577607	1.10118223	1.53682858	1.27770508	1.57460509	1.57062312	1.23337643	1.01722223	1.66656973	1.69736665	1.33454259	1.15572295	1.38571281	1.36551142	1.25628066	1.11434748	1.63867726
02_208	0.34342488	0.47537552	0.23784153	1.06458152	0.41509679	0.86242241	0.88735628	0.80999955	0.50291491	0.42574190	0.72658174	0.70478715	0.60905440	0.52328008	0.25694524	0.61820815	0.87238107	0.79750960	0.56895068	0.95975869	0.94662548	0.54020568	0.54305228	0.71508001	0.42028587	0.66634448	0.29846931	0.95382204	0.90330918	0.39934029	1.21524183	0.91944376	0.80173281	0.85366255	0.92676247	1.35473157	1.19445230	0.60864070	0.70404054	0.42804892	1.14481755	1.09059257	0.88696069	0.85379361	0.85315038	1.10744388	0.72395261	1.16633790	0.66266176	1.14401390	0.85471858	0.77581346	0.71994088	1.24659688	0.57107673	1.27375712	0.90165414	1.39574281	0.77372733	0.33284926	1.12300839	0.63479479	0.89394535	0.44873503	1.31907314	1.18263750	1.06645219	1.00371904	1.17522315	0.99327268	0.72342995	1.02414475	0.47858382	1.29670291	1.07738867	0.59012894	0.87582487	1.27090378	0.82559503	0.82454402	0.46462708	1.05052824	0.89744675	0.61544646	0.86596693	0.40705194	0.76566713	0.99523696	0.50349514	1.10473582	1.46980320	1.10479984	0.64752309	1.09959410	0.98443721	1.04773470	1.09862670	0.89970549	1.16863082	1.35621879	1.56918520	0.91432676	0.46419635	1.04304462	1.18569853	0.75615851	0.97704450	0.83443440	0.80760484	0.61686701	0.97958950	0.99356855	1.29869343	1.42057144	0.65978977	0.77796671	1.55342059	0.45831428	0.76210632	1.02875742	1.08986841	0.86182541	1.22533004	1.21917104	0.83762243	0.90072390	1.11373578	0.57957417	1.45812688	1.44989072	1.17033828	0.99519346	0.46597789	1.19140338	1.14265447	0.91979211	1.73192051	1.25288473	1.25880385	1.36154488	1.50915150	0.60642572	1.32272653	0.96261537	1.01634029	0.84268929	1.17878222	0.96745959	1.38969699	1.18799425	0.88902005	1.14167130	0.93903211	1.10140156	0.52707102	1.27427284	1.31508730	1.09427645	0.95104566	0.72558674	1.41058164	1.48070411	0.72534142	1.15155814	1.47796670	1.06220971	0.77194552	0.86333933	0.64537921	0.97449757	1.09179973	1.54582549	0.48064700	0.84278064	1.17851706	1.14183837	1.43763520	1.39005755	1.09813679	1.45763376	1.43593010	0.64605422	0.91363586	0.89891273	1.06765467	1.34134704	1.23547343	0.96353494	1.18763471	1.20141853	0.89719003	1.55599885	1.44387130	1.06050432	0.88675971	1.38164401	0.87190200	1.06638786	1.11475228	1.35489396	1.05417222	1.00696011	0.65293968	1.25900224	1.03393194	1.59245270	1.23709880	0.90356048	1.17629986	0.97151740	0.96390395	1.59628543	1.00931822	0.46912026	1.28696265	1.33821535	1.00565510	1.31261574	1.25640211	1.18385645	1.32684664	0.66212394	1.38269411	1.76797636	1.35062517	0.94010742	1.24637013	0.80844784	1.24504248	0.90247873	0.83756734	0.50424727	1.64708213	1.03047915	0.87802150	1.36178594	1.22599666	1.45061227	1.05525259	0.92704706	1.19637229	1.02843316	1.31447624	0.84616719	1.16727494	1.07814245	1.65365749	1.26819733	1.66684529	1.26437467	0.73540983	1.10556923	1.19481913	1.20095543	0.74704339	0.66346181	1.27468304	1.34569838	0.86258474	1.29899875	1.64819022	1.46148368	1.32928397	0.63846675	1.48956478	1.63685849	0.88392216	1.13201735	1.28893228	0.84381771	1.04904122	1.28479594	0.77986568	1.13029886	0.69546587	0.80833020	1.05035563	1.30630012	1.40482993	0.95206433	0.92872154	1.13384414	1.22636047	1.19855627	0.91937991	1.62170332	1.42466608	1.70770905	1.53174622	1.19736958	1.18128556	1.52793869	1.89001740	1.28351782	1.17979580	1.32455953	1.32167390	1.41687332	1.21651810	1.70817333
02_158	0.72396281	0.84220435	0.60499106	1.23878877	0.28450676	0.94481224	1.02344793	1.10393545	0.12675503	0.71916977	1.03385466	1.08178253	0.97699753	0.89952263	0.29872698	0.33610244	1.07340249	0.47443765	0.42957031	1.28921068	1.14395111	0.20801405	0.97631535	1.06379266	0.40817632	0.42744147	0.54200502	1.24237603	0.95745414	0.79445267	1.25625180	1.10455559	0.55966919	0.84238331	1.03127419	1.52540513	1.12820225	0.22268701	0.87726360	0.32643929	1.41168768	1.07504574	0.55440452	1.08640524	1.24117674	1.27831652	1.07592070	1.46954665	0.93292623	1.32219862	0.61387759	0.87981309	1.04562648	1.38218916	0.92451789	1.25003465	0.61071465	1.62590760	0.56591961	0.26593113	1.41420041	0.88100114	1.00488987	0.34624714	1.51303367	1.51062306	1.13711272	0.78256138	1.25216826	1.10404819	0.52895116	0.95181965	0.62137560	1.42451990	1.43128258	0.98093913	1.08373105	1.45254318	0.55101558	0.53554069	0.45545039	1.25232528	1.16274334	0.70464928	1.22508924	0.70207643	0.65871609	0.67823626	0.60294699	1.31791169	1.59889761	1.24141167	0.47868225	1.28755503	0.97732045	1.14387220	1.20173815	1.02321559	1.23371858	1.37668745	1.62080383	1.27545099	0.45324512	1.34679283	1.38406796	0.58068939	1.07149649	1.05946047	0.95841801	1.02353617	0.82507129	0.83437650	1.43537911	1.41666663	0.44937814	0.62186060	1.64050001	0.37995320	0.67907013	0.94458617	0.77430092	1.06850342	1.10025271	1.48639209	0.91434596	1.21158915	1.34510213	0.46152850	1.28307154	1.49553809	1.41094900	1.09914250	0.78900317	1.18741833	1.09831099	0.68521001	1.66278627	1.18800159	1.37059262	1.31495518	1.60830329	0.39962557	1.49799551	0.96976991	1.24680699	1.07426355	1.42042931	1.04944049	1.52619193	1.14224361	1.17438779	1.29795607	0.80422529	1.02578131	0.54837255	1.45217592	1.34363262	1.05087323	0.92699298	0.79488452	1.47748012	1.60354447	0.61116109	1.35559231	1.26337155	1.30599737	1.17223596	1.01715957	0.85756269	0.92056906	0.92368021	1.60416834	0.43011459	0.82613840	1.01614053	1.27376462	1.26705330	1.19453064	0.90705458	1.32114540	1.75259433	0.80468446	0.81598540	1.01624841	1.24404558	1.49974408	1.30771081	1.00187657	1.23079998	1.23540883	1.16067116	1.49778504	1.31993185	0.93367747	1.26072560	1.42879967	0.54533850	1.26149109	1.01272315	1.11670244	1.19959222	0.81949761	0.87703560	1.21525757	1.16996441	1.69701076	1.26910330	0.76522838	1.26302665	1.05771142	1.24316874	1.53695545	0.95775212	0.66057155	1.16546884	1.44260294	1.28325394	1.28566484	1.46306453	1.02789024	1.43108086	0.54201801	1.41422651	1.69197245	1.54599262	0.73983555	1.58226072	0.86010397	1.22583760	0.99936535	1.14744374	0.35741839	1.73312494	1.25590508	1.03167626	1.50144818	1.43911367	1.20240694	1.05072712	0.82314557	1.31803164	1.03191772	1.47538765	0.65520846	0.94651447	0.86929975	1.69137723	1.34123648	1.56367532	1.52452361	0.70808743	1.31356534	1.38009902	1.36487501	0.58083670	0.97060344	1.11416658	1.33668793	0.93255210	1.26385810	1.64179264	1.29526209	1.53592036	0.60508927	1.31970649	1.55227957	0.93799740	1.04590564	1.08396861	1.05133714	0.87622475	1.34607667	0.75754324	1.17001319	0.53952333	1.13481818	0.90274369	1.44283058	1.37850942	1.07372933	0.94238196	1.33674362	1.16924616	1.30115061	0.86197645	1.74549063	1.58088888	1.73319960	1.41694466	0.99764414	1.31697561	1.36114136	2.00994837	1.17253642	1.05384507	1.30926268	1.23256619	1.53480607	1.38457324	1.80309711
02_278	0.99478331	0.86322544	0.91221708	1.22745461	0.71524978	0.61113229	0.77068581	1.17247967	0.79050414	1.10604673	1.34704289	1.19996881	1.14932144	1.17329710	0.85179656	0.56668974	0.79436333	0.84204974	0.63520083	1.00795673	1.18275751	0.84430807	1.16028998	1.19618141	0.66779242	0.62860994	0.83941010	1.04264454	0.92045041	1.04024310	0.72290631	1.22154627	0.84954792	0.18601405	0.54372332	1.17827778	0.56236004	0.71090543	0.57541255	0.75250049	1.12741639	0.57304611	0.82931096	1.13340917	1.14230552	1.25808381	1.06902018	1.34726634	0.93450363	1.14700729	0.82357105	0.70061085	1.34184389	1.30971155	1.05050734	0.76154162	0.69436033	1.18737103	0.62040580	0.83723687	0.99806475	1.10961885	1.00588500	0.92563464	1.32958486	1.32872753	0.51453080	0.64518157	1.31790989	1.24741747	1.06574060	0.74076720	0.69377221	1.09542633	1.22543306	1.15838779	0.96123984	0.95878069	0.61868408	0.81398244	0.70801128	1.57927780	1.28140143	1.04289076	0.91249721	0.63778959	0.81434685	0.92134161	0.95537006	1.59095558	1.35164646	1.48835666	0.64490979	1.06810578	0.43003690	1.14915351	1.32386089	0.76894933	1.41734772	1.15637234	1.73269976	1.31886904	0.85161548	1.34432372	1.27072376	0.87908247	0.56112944	1.06184572	1.35528973	1.21162623	0.73900141	1.24608553	1.24210832	1.23158964	1.01093686	0.99179647	1.29044608	0.76378339	0.86589494	0.90192107	1.03152636	1.42515348	1.09657283	1.14584763	0.90072432	1.41392246	1.48160671	1.02154456	1.30264749	1.42257480	1.47303456	0.69131403	1.04947881	1.36260340	1.16569038	1.05022007	1.35175255	0.83351548	1.49734494	1.29284802	1.59324379	0.62390892	1.76971069	0.89203749	1.49194502	1.37329605	1.55469837	1.12223958	1.50340023	0.84104075	0.89920402	1.56818869	1.06522974	1.30450988	0.96197393	1.30188928	1.28475470	1.41908923	0.97636248	1.24435489	1.56123621	1.14165099	0.96324924	1.45173504	1.43865113	0.98528815	1.21053627	1.11491892	1.20647330	0.97038467	1.04913336	1.72856480	0.74246884	1.05011532	1.31255448	1.52485872	1.25047232	1.26533442	1.11171100	1.43590419	1.52203155	0.86393352	1.15573627	0.52721507	1.51455196	1.19508508	1.06573781	1.27654240	1.46460279	1.12635321	1.41793662	1.10540799	1.41884672	0.92419665	0.98375737	1.54687407	0.80348189	1.24072987	1.11107847	1.20036590	1.18192828	0.95024671	1.25685843	1.29085107	1.39665405	1.53999527	1.22806440	0.90730773	1.44753536	0.64118414	1.33354420	1.12323971	1.16143905	0.90097443	1.50767075	1.45266874	1.01446168	0.59110610	1.54462264	0.93991511	1.62898331	0.69353166	0.87443668	1.43515323	1.25269696	1.15454983	1.35872975	0.59402449	1.17569746	0.68968226	1.29375104	0.83498201	1.57351512	1.39491074	1.36914910	1.20337860	1.60734718	1.33373385	0.93031286	0.82037568	1.39932080	1.35513180	1.32655688	1.15658324	1.02735658	1.07904007	1.77185998	1.62101625	1.25693367	1.44369407	0.90711719	1.37112809	1.68031880	1.29709069	1.02325235	1.13353191	1.37900899	1.43319989	0.97290954	1.27418162	1.64996638	1.44930892	1.60015005	0.78454551	1.27554304	1.30231793	1.21895019	1.09170450	1.13977543	1.22051422	1.24129031	1.34362028	0.95879534	1.38031703	0.93417348	1.27630234	1.29559918	1.44476632	1.23393014	1.06682032	1.07746187	1.40894007	1.47093351	1.29472132	1.11793396	1.69877393	1.62232589	1.57962919	1.04987410	1.16739309	1.61356111	1.32604025	1.84574489	1.20422912	1.18674934	1.26609135	1.52393373	1.57861804	1.18910011	1.71625484
02_139	0.84474258	0.55227002	0.92046480	0.82387645	1.15753466	1.00152008	0.88237142	0.78427658	1.14667611	0.88812888	0.90518215	0.64925598	0.80808293	0.83020269	1.04780041	0.95818252	0.78999854	1.14068085	0.88760844	0.52130856	0.74170011	1.16860971	0.79997459	0.80912759	0.99108340	1.10196116	1.03938116	0.66193530	0.57409018	0.86542993	0.68627828	0.73047348	0.99524424	0.73432667	0.73853751	0.53378600	0.91012201	1.07653444	0.84221101	1.18184986	0.41440367	0.78194859	1.12610585	0.60518209	0.53813518	0.87507956	0.53236050	0.78255486	0.38749921	0.56263484	1.15846600	0.72943649	0.91271981	0.73500776	0.64495276	0.77994603	1.09611046	0.64980254	1.12127423	1.10320810	0.42833170	0.71222243	0.80182069	1.10889998	0.86000535	0.85281649	0.62391509	0.97246124	0.94521004	0.79187501	1.22682602	0.97501560	0.62248874	0.62039808	0.65621092	0.94018378	0.82110420	0.53674607	0.97336273	1.13210850	0.88285441	1.17173542	0.89148974	1.09576291	0.67889589	0.85204806	0.85664704	1.17473835	0.80649377	1.20147096	0.76898689	1.01811762	0.96130084	0.46008627	0.73229018	1.16711266	0.82304520	0.31398301	0.94589782	1.03787682	1.33889502	0.97488199	1.16565464	0.80629317	0.95823990	0.93753351	1.01070115	0.77493974	1.07647079	0.91973107	1.12798186	1.43987187	0.64375508	1.38966258	1.26085929	1.19592624	1.08038152	1.21150993	1.26598555	1.04985625	1.23661132	1.02139166	1.21501545	0.60215012	0.80738622	1.08966841	0.98842489	1.15295801	1.46942856	1.02287250	1.05593397	1.07104552	0.84592120	1.22571830	1.28165324	1.16054217	1.37263554	0.93975607	1.07281738	1.32641191	1.26622282	1.11179212	1.40971820	0.92882381	1.09621325	0.91417016	1.20336948	0.77225612	1.25205538	0.98053330	0.68206698	1.13354374	1.27563800	1.45002612	1.01717487	1.06504500	1.21727936	1.42733498	0.88358974	1.10630683	1.23121271	0.82671354	1.12836705	1.00714300	1.57854137	0.99100436	0.87615615	0.84703266	0.96205107	1.16031853	1.02702214	1.33573590	1.19067891	0.83274089	1.42095558	1.30792478	1.50852388	1.47184062	1.09047648	1.40450647	1.16636275	0.83199002	1.40827435	0.63104322	1.07803207	1.26037653	0.92645057	1.20230743	1.15312693	1.39009701	0.97031929	1.31947821	1.40294074	1.28391340	0.63233729	1.09780120	1.12727574	0.87369983	1.34030003	1.37693239	0.62075494	1.26552483	0.97547142	1.19873395	1.33090943	1.11061315	1.13698869	1.11035881	0.96073531	1.07831999	0.98238819	1.37781445	1.47355617	1.10870486	1.65828913	1.07395761	0.45520462	1.03042694	1.25040180	1.02605777	1.20945890	1.16523297	1.00605013	1.42820995	0.89340845	1.36323416	0.92319043	1.07126044	1.34463954	0.91359057	1.08925016	1.22803707	1.15024796	1.29190380	1.03817208	1.36054163	1.28456590	1.48850680	0.91137605	1.13989408	0.93604582	1.39267684	0.94814753	1.36346694	1.15407796	1.27304770	1.39890366	1.45203432	1.34777987	0.91523933	1.30908220	1.07671464	1.29619258	1.03542268	1.29223791	0.99749909	1.51569907	1.19839055	1.15531525	1.41882635	1.35820771	1.46952121	1.33346380	1.02813589	1.52900094	1.42989717	0.97296735	1.41804891	1.39881084	1.17412919	1.42797542	1.12085445	1.35858205	1.16971859	1.27659477	1.06886453	1.49432309	1.24123133	1.34860680	0.89056222	1.09931582	1.31217202	1.58532784	1.17024506	1.38147903	1.43405827	1.37060927	1.26623421	1.17583053	1.16091045	1.32977203	1.58068074	1.44175600	1.34036336	1.03135112	1.44032177	1.61176993	1.24242992	0.74738369	1.47967052
02_120	0.39177738	0.63460898	0.35668509	0.84353165	0.49122688	1.04527878	1.06147370	0.68770165	0.47932158	0.47459546	0.73450613	0.78996508	0.58814073	0.55430495	0.36955392	0.43723339	1.05497135	0.61860108	0.27811913	1.09551348	0.72790781	0.52398665	0.63929289	0.66515071	0.31928514	0.50404917	0.43450762	1.11279910	0.65082839	0.46615872	1.14988937	0.71142352	0.53441048	0.82174266	1.02020479	1.28219976	1.15033554	0.43426935	0.90184923	0.51049725	1.17239977	1.07604636	0.65330549	0.67760566	0.98727019	0.89717608	0.78837291	1.29366751	0.62905692	0.97531618	0.67909004	0.88364345	0.74346555	1.10080636	0.69951948	1.18557307	0.62590674	1.34787276	0.57856782	0.43186278	1.13889074	0.48986560	0.64696941	0.50647392	1.35961510	1.31790830	1.00449286	0.81215841	0.94703370	0.76457507	0.70778205	1.05846751	0.35213315	1.24545517	1.21692417	0.66060607	0.95536773	1.20495331	0.65402971	0.63075916	0.23746202	1.05540277	0.81133143	0.64518665	1.04396078	0.61480319	0.45228072	0.75624178	0.33747852	1.10615826	1.39590752	0.98635090	0.38762619	0.92704044	0.85342600	1.15143191	0.85683543	0.78752477	0.95234782	1.35510093	1.39333112	0.98831867	0.55464373	1.13872156	1.30975154	0.49222021	1.12562423	0.66341219	0.81945183	0.68156914	0.74215332	0.99975489	1.23050925	1.49723213	0.69185437	0.71954295	1.50214923	0.55146014	0.74706833	0.77726221	0.85579859	0.84890792	0.99100128	1.24089493	0.91082752	0.94312818	1.14646186	0.60028811	1.25216708	1.31241670	1.22221082	1.16922852	0.47266125	1.07500903	1.21281157	0.75059839	1.64559325	1.21210510	1.09241906	1.17308134	1.32396977	0.48019411	1.32895930	0.69224832	0.99899811	0.78928021	1.19156718	0.70070139	1.46517518	1.12284087	1.06956232	1.07459914	0.86083084	1.08785221	0.50733168	1.38243812	1.33316984	1.09829420	0.89703411	0.73781514	1.23888348	1.39044171	0.78171574	1.19125670	1.31993402	1.22872894	0.86554617	0.69258140	0.65500350	1.08266774	0.79475486	1.37929408	0.59895151	0.58007934	1.09560287	1.14168245	1.25287745	1.21480038	0.83683307	1.25333351	1.56281390	0.46313421	0.94753615	0.95366425	1.00593735	1.45731852	1.22018464	1.01023675	1.05398448	1.31309030	0.92186785	1.48937778	1.24758430	0.90768635	1.04394896	1.15938345	0.63621541	0.87428082	1.00380208	1.12082733	0.83340849	0.85776002	0.67952712	1.05883763	1.06903702	1.44913919	1.03249775	0.92546017	0.97626819	1.12200292	0.92356168	1.51906647	1.03914273	0.57303457	1.29766805	1.12930295	0.97173155	1.26047197	1.20057739	1.01825922	1.20785459	0.58794420	1.33404905	1.68368520	1.27975158	0.90698381	1.38379008	0.92007293	1.14636006	1.05083184	0.88151269	0.58263753	1.51245585	1.07475301	0.84081036	1.49754471	1.21022872	1.23910873	0.79172457	0.74155668	1.10847931	1.05093201	1.14832451	0.86238953	0.88603994	0.91500050	1.46332226	1.28314669	1.58355514	1.36292496	0.81291681	1.06111991	1.19921944	1.31245033	0.76067003	0.69639549	1.19298496	1.14123798	0.97187265	1.17921076	1.47866863	1.27729862	1.28256293	0.50734824	1.30106947	1.58029551	0.74328240	1.04944958	1.09563314	0.87844558	1.02749959	1.10013769	0.84432286	1.03331074	0.70939147	0.85856627	1.06142299	1.18326955	1.45770268	0.73972596	0.99067732	1.16555342	1.24330095	1.29463546	0.95916305	1.48593320	1.49007876	1.58892547	1.43126867	0.92938697	1.18414356	1.34263007	1.85460203	1.26229303	0.88673088	1.41167875	1.31757238	1.35529235	1.02710794	1.55553970
02_243	0.62259397	0.64728996	0.71092100	0.59857384	0.95472463	1.20591298	1.12544617	0.59464035	0.86816006	0.61335676	0.66453492	0.66105438	0.62121897	0.60761444	0.79247359	0.69238043	1.08740036	0.81415476	0.55397064	0.96879604	0.45744647	0.88530775	0.69717622	0.63771532	0.74945341	0.84569651	0.85820977	1.01781305	0.24691106	0.67268916	0.97703980	0.37941897	0.59669949	0.87347716	1.03663365	0.90995799	1.10361298	0.75340113	1.05377549	0.97693618	0.88270985	1.00817271	0.78018603	0.35044670	0.84462433	0.67648039	0.65153046	1.10689286	0.39167895	0.59693507	0.87984325	0.89959990	0.69972865	0.71594366	0.65743244	1.00062943	0.77889399	1.06492441	0.87619440	0.85825313	0.92417195	0.33806814	0.52422522	0.84068033	1.13424892	1.19043501	0.90453275	0.81320872	0.66926881	0.40322170	0.93393026	1.07470627	0.42218809	0.93985499	1.06031848	0.81318443	0.95893348	0.94717631	0.75061207	0.82069125	0.57747266	0.96811779	0.71888822	0.88133652	1.05116036	0.89309622	0.44433629	0.82650209	0.41131896	1.03252469	1.01956169	0.74513078	0.65085852	0.53720536	0.81997404	1.22439247	0.44055896	0.49010820	0.58628523	1.20985463	1.13309106	0.99886849	0.96442502	0.97639314	1.20305209	0.52293804	1.26724668	0.58218904	0.81828770	0.78721380	0.89728859	1.20615554	0.86078745	1.53227593	0.99610711	0.93669777	1.30711956	1.01880494	1.08671466	0.80089136	0.88093001	0.75785579	0.97171997	1.01404891	0.87967639	0.97185147	0.97527454	0.86529318	1.24646781	1.00069752	1.10419294	1.31794033	0.61899370	1.01395662	1.28124282	0.81503410	1.49063534	1.09830834	0.84416976	1.14431260	1.11972065	0.86896515	1.25946753	0.67622481	0.91966655	0.63940122	1.13766392	0.38849838	1.37393973	1.06520430	1.04597512	0.90764391	1.04180321	1.25543027	0.74391301	1.29956360	1.27900152	1.20871252	0.80800039	0.82632871	1.03374818	1.13059188	0.96054424	1.03186188	1.33019448	1.28897671	0.90423141	0.59617354	0.71192282	1.18475226	0.63742079	1.13027459	1.03407607	0.36419920	1.17605136	1.14845544	1.31177773	1.25028803	0.70642118	1.14789914	1.48181142	0.59193546	1.21336719	0.93002696	0.84921917	1.50507798	1.09266184	1.06905629	0.88810178	1.47230641	0.82057832	1.44457244	1.16073510	1.09346121	1.00710510	0.81509668	0.78683095	0.69310346	1.14821873	1.09705347	0.37786067	1.02934987	0.71519202	0.95840783	1.19309669	1.14547053	0.95263288	1.02279524	0.62663657	1.29071270	0.87688239	1.49277276	1.32252346	0.95119368	1.45812256	0.87751396	0.74773097	1.25205839	1.14855819	0.90508679	0.99332482	0.96205811	1.25019683	1.52277803	1.08269471	1.10452726	1.27543416	1.15605164	1.23795608	1.13636573	0.98845743	1.00992475	1.20081368	1.20259377	0.77400466	1.59129866	1.16641222	1.21138618	0.69271752	0.92243247	0.84290087	1.20135877	0.91712106	1.10167391	0.82128542	0.99829557	1.19997856	1.29710904	1.45052835	1.16498835	1.17525443	1.00030273	1.11923484	1.22194798	1.05061561	0.85835525	1.28391252	0.94900572	1.15336193	1.26592773	1.22938123	1.21163974	1.24830114	0.78225213	1.34333828	1.51027855	0.64301842	1.25779140	1.16086138	1.04653638	1.19592589	0.94770655	1.21172365	0.95201805	1.04812673	0.96911957	1.26773983	1.11963054	1.46016438	0.66174528	1.05032029	1.25904783	1.40333551	1.26812279	1.22029945	1.35120218	1.42798857	1.31315655	1.28484388	0.79225330	1.15016973	1.39231780	1.59913850	1.28465386	0.63173506	1.50014028	1.42773742	1.19219757	0.73091943	1.40612295
02_231	0.79779859	0.97706452	0.69711632	1.07210389	0.44545274	1.05226083	1.16651765	1.01512096	0.49128346	0.91246385	1.18760325	1.21457147	0.98593062	1.00355918	0.59378197	0.30519165	1.19879605	0.55039359	0.24744855	1.35060155	1.01565478	0.56455139	1.05986188	1.04171450	0.32417397	0.21768473	0.61349691	1.36882863	0.84866025	0.85804044	1.15003060	1.04940461	0.55430632	0.72856999	1.05443606	1.46982486	1.04647996	0.34020936	0.97456888	0.47405199	1.43313421	1.05040007	0.53537503	1.01950556	1.33691516	1.10909512	1.14942626	1.60874682	0.98490934	1.19418649	0.54787419	1.02007355	1.18676336	1.34790133	1.09257253	1.16444051	0.33117810	1.49923695	0.21001132	0.57550364	1.33218882	0.91815057	0.81144051	0.69489046	1.59225043	1.59355648	0.97444474	0.66493829	1.15697505	1.07047811	0.84315308	1.06841948	0.61500928	1.40433971	1.51536980	1.00656075	1.13459716	1.30699352	0.54398604	0.51938633	0.37669127	1.43670525	1.13387362	0.84775457	1.24711293	0.74530181	0.52365507	0.65388854	0.72119990	1.45718447	1.59872237	1.33568304	0.23323478	1.13927004	0.74241514	1.28087062	1.15507783	0.96458057	1.24951626	1.44584677	1.60298896	1.29555978	0.61428340	1.47995527	1.54307840	0.59938380	1.08220257	0.90540949	1.19061072	1.06359926	0.47163222	1.06659667	1.46037374	1.50984642	0.78515295	0.77481733	1.56833400	0.49724022	0.64839419	0.68513867	0.78908291	1.26427089	0.91076972	1.44831120	1.10002018	1.28353109	1.49698826	0.79496093	1.14404321	1.48469273	1.52371029	1.15352256	0.86186862	1.22673789	1.29174350	0.81706789	1.61043120	1.20208412	1.35296129	1.14784849	1.47313362	0.21341481	1.64675830	0.67383356	1.35293219	1.21173628	1.48243871	0.93454146	1.67153621	1.08916850	1.27364488	1.42270447	0.86746214	1.14643447	0.74025330	1.57177097	1.44087792	1.26109253	1.04565749	1.05893396	1.42579488	1.45359053	0.91276706	1.50769616	1.27890321	1.33636452	1.18995591	0.93901888	1.02904238	1.15757387	0.82198821	1.59742810	0.55794055	0.82614016	1.14777734	1.39700595	1.09684215	1.11259912	0.89726993	1.27699984	1.78143324	0.64084459	0.98066740	1.00614542	1.36665354	1.50803612	1.31500234	1.22435232	1.30697823	1.30849457	1.32241925	1.38079211	1.26448712	0.72322807	1.28215869	1.39653568	0.49321310	1.09383374	0.94099620	1.01236231	1.10828907	0.73360416	1.08620919	1.12810306	1.26214061	1.60426238	1.07730894	0.98207182	1.28526439	1.07605393	1.21924882	1.38131947	1.00719705	0.70034127	1.36186236	1.31555875	1.20057452	1.09138733	1.42927007	0.99357492	1.49371321	0.39684766	1.26736258	1.66848776	1.41473296	0.95737886	1.63807023	0.84786229	1.09425190	1.10464949	1.16200965	0.58336473	1.66484640	1.27452979	1.20443107	1.51896110	1.48860156	1.15909375	0.78312377	0.58166096	1.38984877	1.20162178	1.30406610	0.95733053	0.80208622	0.87702831	1.64539582	1.51360373	1.52910536	1.67120735	0.76451864	1.29886848	1.54840939	1.53628095	0.81120687	0.97825524	1.21774420	1.28059168	1.04934038	1.13593676	1.60929213	1.28876725	1.49300126	0.51856133	1.14092724	1.52910547	1.03182864	0.93169674	0.95871472	1.07756101	1.08262565	1.22455051	0.79069353	1.25000317	0.70947154	1.15223143	1.12576741	1.32430424	1.49026331	0.89030082	1.14753354	1.33795413	1.32995267	1.47585538	0.98367507	1.61496016	1.71190553	1.70684868	1.36221560	0.95741168	1.48540396	1.18422751	2.03329977	1.28557826	0.98215681	1.44676121	1.40497209	1.57189423	1.19482927	1.65024534
02_307	0.69823105	0.77883534	0.56317975	1.20269885	0.20434965	0.79111105	0.91502012	1.05511836	0.32679217	0.77887206	1.08926952	1.07005893	0.94169032	0.90738628	0.37553149	0.35943600	0.95375539	0.60004565	0.42205530	1.17132779	1.12170577	0.40399511	0.94018477	1.02305677	0.31320847	0.37551296	0.45569372	1.15540563	0.95486718	0.75794636	1.13785999	1.11971732	0.67418599	0.67789514	0.88048842	1.45196619	1.01044146	0.36718353	0.71277302	0.25548771	1.32864170	0.96857065	0.66622783	1.06888250	1.16432439	1.23797913	1.02208589	1.41929166	0.90252895	1.26699834	0.64753969	0.80823529	1.08515450	1.37875228	0.91034808	1.16318676	0.62573849	1.49523511	0.48415450	0.34505259	1.26960307	0.90901952	0.96200251	0.49503853	1.46667686	1.41830642	0.97743060	0.77237526	1.27225755	1.14970890	0.70698171	0.91200094	0.57548020	1.35906194	1.33496787	0.92051227	0.99332846	1.31521787	0.59124877	0.61344510	0.42933453	1.33479019	1.13956772	0.73009329	1.05857957	0.52031031	0.69585371	0.79076337	0.68154675	1.37170272	1.56766356	1.32251830	0.45442194	1.21849417	0.82788374	1.10419119	1.25145739	0.95797026	1.31620593	1.34420012	1.67459534	1.20086910	0.43031862	1.31903444	1.34249313	0.68974681	0.87634268	0.99359805	1.06609396	0.97721790	0.74899208	0.94829959	1.41550741	1.35607142	0.60963993	0.70752567	1.55299554	0.29054003	0.61162169	0.90299992	0.90829660	1.16433854	1.09568904	1.36990054	0.90964743	1.19742761	1.37420958	0.62815325	1.30036439	1.51050357	1.40124693	0.92218579	0.77770619	1.23890389	1.11559733	0.83389469	1.61811299	1.13558005	1.40860631	1.29129054	1.59198321	0.31642013	1.55906637	0.90409723	1.28480309	1.14557275	1.41195478	1.06421122	1.51502004	1.06984160	1.04910137	1.37620745	0.84991493	1.07632739	0.62409470	1.39370731	1.33019641	1.15261290	0.96231251	0.92284970	1.50432826	1.48614228	0.71378796	1.37655324	1.34709453	1.14387957	1.08478680	1.00149220	0.91937069	0.93100277	1.00083288	1.65919302	0.32610335	0.90881438	1.11845260	1.31683971	1.25381848	1.22615674	1.02060141	1.38744113	1.63272189	0.72996335	0.86160195	0.86921295	1.31579726	1.35929155	1.24319861	1.07137854	1.31391075	1.14326634	1.20891934	1.39811676	1.37324684	0.86907420	1.10991157	1.49250178	0.64026313	1.21051983	0.99896429	1.17577609	1.19824927	0.82427433	0.95953610	1.24008163	1.17234224	1.66660037	1.22928426	0.81868887	1.34051107	0.87027184	1.20216720	1.42362598	0.92979849	0.56918075	1.25818890	1.43774753	1.17083994	1.11095790	1.43360021	1.04780323	1.49842365	0.43574356	1.26940934	1.66641846	1.43723675	0.86516523	1.47016288	0.67658112	1.16103458	0.87382599	1.09221596	0.37705147	1.71178408	1.20575442	1.12135305	1.35486209	1.44261566	1.28525793	0.99393818	0.75493589	1.35668958	1.09272486	1.40867411	0.80918777	1.00473236	0.94047839	1.73745572	1.40978008	1.52664030	1.49743224	0.62972744	1.27993648	1.45324657	1.34069036	0.67607659	0.91144391	1.20002702	1.38069092	0.86964293	1.22199831	1.67837172	1.37625404	1.49722844	0.56275469	1.30260788	1.50876771	1.02406554	0.98924253	1.10186672	1.00528510	0.98694433	1.33168088	0.68228164	1.23226305	0.58635780	1.07825572	1.00803052	1.39799809	1.34537375	1.02401469	0.97346807	1.27685008	1.23127868	1.29130692	0.86842571	1.70454128	1.57471825	1.72898061	1.37327345	1.10267772	1.38979067	1.34441860	1.98554447	1.19920407	1.14269915	1.27812102	1.31429375	1.54460485	1.31215409	1.75887595
02_230	0.55883418	0.26595063	0.52358039	1.09500419	0.62923571	0.61219596	0.58792789	0.89001102	0.66003833	0.58348034	0.80639096	0.62801210	0.73634569	0.66202556	0.52163701	0.65783809	0.54869936	0.86261686	0.66625822	0.65466559	0.98346376	0.68481185	0.64218384	0.81900502	0.61666833	0.78686899	0.57854651	0.64323426	0.83429816	0.60131509	0.94468886	0.94734800	0.84295222	0.63712507	0.61225825	1.08877495	0.93947047	0.71626218	0.43458551	0.65639602	0.85486836	0.80205845	0.92710578	0.85360961	0.63650298	1.13810570	0.59571149	0.90351173	0.51897633	1.03278497	0.92677160	0.47567946	0.80897008	1.11943765	0.45625317	1.00356091	0.95281511	1.16594108	0.87774638	0.56897094	0.87349859	0.71152987	0.94435719	0.60828511	1.06977000	0.96185685	0.82362301	0.91531402	1.18033651	1.00184526	0.81399695	0.77761850	0.46376021	1.02178253	0.81474199	0.75337666	0.73194884	1.02746149	0.77134652	0.88970597	0.61355811	1.09236856	0.96517730	0.75302989	0.62896315	0.39117449	0.81316660	1.02252206	0.60233471	1.15102302	1.21422997	1.11245356	0.74793030	0.97612866	0.83059909	0.94253801	1.09313410	0.68066328	1.15595540	1.11014998	1.55361807	0.94385606	0.67336206	0.87667619	0.93356765	0.80031096	0.73507632	0.89901094	0.86831168	0.76627828	1.04230860	1.06884627	1.04884022	1.23880162	0.78124493	0.86414294	1.34501073	0.68554419	0.90088247	1.07126670	1.10297033	0.91183831	1.24934403	0.97792470	0.60091398	0.99531573	1.02805539	0.70213963	1.47242302	1.30961364	1.08523701	0.76466731	0.62638012	1.20278582	1.01859906	0.95349213	1.52976262	0.98609113	1.26336224	1.38803194	1.51616877	0.75110393	1.35792855	1.01414759	1.06853362	0.88971536	1.20260792	0.98339220	1.22620874	1.00968602	0.57131315	1.16242786	1.01279883	1.17246587	0.65627113	1.05202979	1.16468675	1.15128813	0.80824605	0.80484867	1.41316380	1.25795574	0.70059158	1.03653654	1.48669851	0.86050935	0.80964113	0.91885752	0.74610050	0.80530044	1.09149722	1.53359566	0.66064026	0.86397519	1.20917645	1.19010256	1.46708474	1.40515334	1.09209221	1.45356999	1.26683389	0.75856425	1.01905901	0.59103119	1.09550037	1.17482845	1.02978087	0.94496475	1.19553578	1.11567447	0.91016222	1.39039539	1.44416866	1.13504357	0.65999591	1.36088715	0.92042921	1.10689579	1.17727636	1.36002902	0.99611573	1.07045043	0.74243850	1.27265732	1.12219987	1.47579483	1.26743719	0.78778849	1.16609843	0.77643884	1.02471010	1.45034453	1.12197612	0.68946831	1.34331373	1.34303296	0.83591889	1.09952029	1.30824099	1.06122752	1.32588772	0.80849533	1.16751256	1.57000184	1.21958679	1.00945769	1.03625931	0.72364998	1.27454511	0.62643423	0.95606242	0.69821285	1.50792798	1.13469258	0.92596915	1.20962450	1.27784699	1.44947887	1.06269279	1.00536508	1.10200445	1.10456166	1.27373285	0.93222822	1.17356815	1.11174930	1.63497735	1.29314215	1.45686932	1.02623302	0.86843433	1.12302273	1.23042470	0.97186481	0.85904115	0.80619080	1.30960563	1.34267612	0.82024089	1.35180614	1.57563792	1.46100268	1.38233107	0.76056769	1.50810977	1.46510309	0.91668570	1.21326383	1.31679065	0.96184260	1.09558571	1.28772354	0.92778065	1.13645906	0.82808508	0.92315986	1.12165653	1.34667353	1.21358962	1.00397004	0.82013640	1.19372081	1.29096602	1.02452813	1.00607520	1.62975349	1.32450742	1.54224288	1.30085587	1.18881091	1.21502093	1.55279003	1.70284696	1.17607289	1.16567296	1.19752295	1.35246956	1.35371601	1.14848500	1.70046115
02_170	1.17170003	0.77670173	1.10504883	1.58075499	0.96055307	0.17940780	0.26106248	1.45606617	0.94932340	1.15408726	1.36398855	1.13316547	1.34453039	1.27529358	0.97089429	0.90430928	0.33493825	1.08035572	1.04789373	0.78992472	1.49940083	0.96044981	1.24872679	1.41270549	1.04449318	1.07031642	1.07660926	0.69302017	1.20099889	1.21380426	0.83210561	1.45976531	1.12584007	0.57094305	0.30485077	1.17824227	0.64999465	0.99148442	0.30643369	0.99879472	0.99100035	0.50664695	1.12361289	1.37069245	0.98768839	1.61292716	1.05238670	1.02332657	0.97901143	1.38932852	1.15978021	0.36110911	1.37362392	1.41540631	0.94251994	0.82785958	1.17562188	1.31059899	1.14917046	0.96391138	1.06342793	1.28238728	1.40847858	0.96286737	1.11535983	1.12394854	0.80183286	0.96993227	1.58875228	1.46025751	1.06219174	0.45107815	0.93132220	1.03494700	0.99603264	1.34260832	0.94409771	1.13012642	0.87202851	1.11711282	1.06622677	1.52894362	1.49339400	1.16236029	0.82426802	0.78261555	1.18457998	1.20052188	1.10836586	1.58754720	1.26812548	1.53940057	1.09627450	1.33399898	0.91781203	1.01595286	1.53764277	0.90623758	1.55789070	0.95500359	1.88289201	1.42501010	1.03899442	1.16093946	0.91085327	1.13033398	0.41448734	1.41916538	1.29971057	1.37006613	1.30401417	1.24353715	1.14626800	1.02685384	1.02553399	1.12320442	1.33953000	1.01812759	1.18028635	1.37983787	1.25568690	1.38786383	1.49770634	1.13318442	0.61127650	1.50952412	1.35610933	1.02428686	1.63981786	1.47676061	1.38437273	0.45614265	1.21350213	1.48955254	0.94211947	1.17785989	1.37417093	0.70910011	1.66929596	1.65712214	1.88954492	1.05750308	1.73695607	1.40064661	1.53801754	1.40166597	1.61213931	1.43220411	1.26894597	0.95000122	0.57811864	1.58037969	1.25123179	1.38863238	1.07155201	1.02851385	1.15905710	1.38887789	0.91545619	1.19871761	1.76697094	1.31015704	0.83233220	1.29827316	1.60369870	0.87173419	1.33029855	1.39831818	1.24554063	0.61501407	1.36070291	1.86824422	0.96047127	1.26894867	1.37479411	1.55103853	1.63050133	1.54576498	1.33012827	1.65378884	1.41563402	1.26142446	1.23670936	0.45564453	1.53705775	1.13106580	1.03088933	1.16313626	1.54616117	1.07609549	1.37653695	1.26909566	1.65150208	1.37332690	0.91198658	1.72621468	1.12959496	1.59770986	1.40895844	1.50953838	1.41831156	1.28502184	1.24564913	1.56766170	1.48543121	1.70089685	1.61921402	0.74517158	1.57872559	0.56861462	1.52863793	1.35848134	1.34861781	1.14657070	1.48344762	1.74794904	1.16380911	0.91208568	1.73961231	1.09572958	1.69954318	1.11506509	1.06592170	1.41952665	1.45909233	1.19215002	1.19538404	0.75204478	1.50511666	0.31858634	1.47095354	1.00386472	1.68481018	1.55828315	1.36971977	1.12763694	1.70454046	1.56896292	1.40577355	1.29870468	1.39665758	1.37928131	1.64611921	1.12779354	1.38615643	1.30457179	1.95335006	1.57068465	1.25291961	1.13733654	1.12451273	1.53474041	1.63637661	0.95514171	1.09954576	1.34386298	1.46717050	1.65879321	0.96158363	1.61014091	1.78069286	1.62850563	1.80300040	1.14317359	1.65895665	1.31774992	1.32584400	1.44185193	1.48463959	1.40435231	1.24754597	1.64040313	1.20038258	1.45959701	1.08740929	1.44782784	1.29186749	1.74375165	1.01107987	1.45904535	0.90335401	1.56910157	1.48892568	1.02318950	1.22628576	1.98321431	1.47856045	1.61422621	1.07256492	1.40898097	1.57774874	1.70975466	1.75794420	1.13388077	1.44779326	1.08515852	1.50256908	1.61943598	1.52531228	2.01928573
02_145	0.56732157	0.44200562	0.66762177	0.95875029	1.07727081	1.09601744	1.01305453	0.65208405	1.16746482	0.68853768	0.68401095	0.42500246	0.50046876	0.51475900	0.93501454	1.15290450	0.89536181	1.33625187	1.03920425	0.60472312	0.84246329	1.19169845	0.36448791	0.54402493	0.96077929	1.20848962	0.82081798	0.74100661	0.97537945	0.53642057	1.22047780	0.85122294	1.25169274	1.07895250	1.01691847	1.09446379	1.37229057	1.20857805	0.88548912	1.08254720	0.79058279	1.23257246	1.39104794	0.71560059	0.38919419	1.00272307	0.45035696	0.84372737	0.55887849	0.94238902	1.34030030	0.94555512	0.65925308	1.10988306	0.49290914	1.34487739	1.36750441	1.04454186	1.25783253	1.01078364	0.72273761	0.67040319	0.95771707	1.06287544	1.13092364	0.83100820	1.08093113	1.37219899	1.18632090	1.00447646	1.27172963	1.29829314	0.75163507	1.14580117	0.64556068	0.54688036	0.88314120	1.02574370	1.28662403	1.33584417	0.93233341	1.06698321	0.78844726	1.00616354	0.56029220	0.69727453	1.11054044	1.46974039	0.84495687	1.08739190	1.27597421	1.10851918	1.11724875	0.87721845	1.13380793	1.21685562	1.07227198	0.86491814	1.19549387	1.42189589	1.56761214	0.67698324	1.05392063	0.78572219	1.09282653	1.17333889	1.13559056	0.77352417	0.99802448	0.49101874	1.34399877	1.47996436	1.13140234	1.59708037	1.25995080	1.27119705	1.46710126	1.09628260	1.24495252	1.29636774	1.54877690	0.92125576	1.49773009	0.87514735	1.01784222	0.81756189	0.99528074	1.13869430	1.76342756	1.42415339	1.03731105	1.15940051	0.62474465	1.38373204	1.43711282	1.37672482	1.83453937	1.41523970	1.23393004	1.54555102	1.44863595	1.16560013	1.32289717	1.13701518	0.98113475	0.83456907	1.08384974	1.01762038	1.37334811	1.36490152	0.73289533	1.14701712	1.37132587	1.48201639	0.99372277	1.20140422	1.44007706	1.44495498	1.18048812	1.05914698	1.42378519	1.30316842	1.20540649	1.06475989	1.84620420	0.98163715	0.49937091	0.91615974	0.83698057	1.31604366	1.39105352	1.54580088	1.08899768	1.07403722	1.57694158	1.25108946	1.75996355	1.74094099	1.43107423	1.71124361	1.09959936	0.82587210	1.38737719	0.95448014	1.06631345	1.32760576	1.25909003	1.23490531	1.30589793	1.43662588	0.84147021	1.69655253	1.69182709	1.42815039	0.49971407	1.38313312	1.37765647	0.94705189	1.46395105	1.71688288	0.94450123	1.43575508	0.82645396	1.44335623	1.20967169	1.45825292	1.33141653	1.31287110	1.17953089	1.16535629	0.83272126	1.73728324	1.42552660	0.89604592	1.69714916	1.28150963	0.68751440	1.43225845	1.17792163	1.45764213	1.32983969	1.17543312	1.40952831	1.88029789	1.13308620	1.44502229	0.87266314	1.11491500	1.46764484	1.06961084	0.80042376	1.14721905	1.52984577	1.08181774	1.00202967	1.39881755	1.17328047	1.82179675	1.19666754	1.28677891	1.16061566	1.36052380	1.16008641	1.38702375	1.51438084	1.49480179	1.65145607	1.43530675	1.81964321	1.01074643	1.22000371	1.04395238	1.20244417	1.16961420	1.29634793	0.72301801	1.66378519	1.45772821	1.15098727	1.53397974	1.69268661	1.76068815	1.24573368	1.06173460	1.79819426	1.80707699	1.07874163	1.48722700	1.65856936	0.98602566	1.51368468	1.32281478	1.25003450	1.28812007	1.25582674	0.74933136	1.52160357	1.28535551	1.59320542	0.99775918	1.20582987	1.16177720	1.58458410	1.28451784	1.35139072	1.54163669	1.40157387	1.67693260	1.69293407	1.51857365	1.27080191	1.83509861	1.73532907	1.58371319	1.41154866	1.56621548	1.67288024	1.38430255	1.03231559	1.64272348
02_263	1.22699195	0.77034938	1.28738469	1.25273036	1.43583085	1.02665075	0.80682144	1.25049765	1.33577270	1.14450791	1.13896516	0.85860646	1.23452611	1.17589514	1.29352448	1.17028373	0.73638085	1.28689882	1.20087995	0.56705516	1.17067426	1.33266223	1.17213953	1.24936238	1.34419363	1.39712027	1.39868182	0.55504201	0.85001545	1.25988595	0.66427417	1.08002994	1.16095325	0.89573222	0.73468139	0.39073056	0.85823226	1.27911338	0.94454488	1.46889912	0.28368749	0.67599126	1.26760721	1.00548697	0.68775063	1.29627940	0.79292216	0.58983462	0.66153230	0.88279381	1.37396352	0.65786332	1.17280538	0.82005305	0.81274401	0.64581870	1.34200148	0.83068904	1.44745029	1.33792342	0.70614867	1.05438956	1.22865096	1.27158576	0.64826362	0.87332212	0.80487941	1.07113909	1.20865748	1.04759864	1.30411296	0.81189703	0.94403727	0.38914064	0.66569246	1.36053152	0.97888619	0.73364794	1.07158574	1.31514335	1.22601765	1.27392431	1.27000794	1.33940781	0.91567401	1.17251405	1.13579802	1.28957936	1.05731853	1.35331300	0.45301604	1.13114708	1.27799341	0.83975456	0.99654374	1.20023174	1.05573424	0.50445988	1.06753646	0.78411436	1.43910009	1.32883741	1.43904549	0.81070952	0.74344105	1.11663906	1.09832424	1.25011009	1.17552690	1.33274952	1.46995928	1.50985306	0.31701563	1.28544384	1.37458978	1.34968414	1.05940744	1.50720708	1.56151154	1.37999613	1.29970978	1.14279321	1.45864665	0.71831700	0.67223479	1.40276536	0.99552591	1.27208421	1.63431144	0.96141257	1.12367378	1.12971802	1.20749404	1.34830361	1.18350603	1.23022801	1.22662749	0.71065684	1.26668675	1.58742102	1.54334113	1.42364142	1.50947115	1.34194794	1.30241982	1.10132369	1.42398799	1.10053866	1.12158597	0.99398558	0.68807967	1.23818665	1.45001191	1.58464766	1.22784388	0.93579264	1.13084271	1.48621119	0.81846917	1.20228953	1.41663997	0.91624144	1.13744377	0.96652084	1.62132879	1.12547141	1.26830626	1.21096442	1.17757201	1.03102244	1.17836549	1.43682319	1.46660535	1.03464730	1.46798992	1.45627563	1.71838520	1.60420041	1.16658116	1.48650964	1.27689161	1.27734905	1.56865371	0.68195682	1.21151353	1.35007621	0.88267371	1.21759412	1.24381475	1.47523125	1.11588662	1.34945779	1.50898040	1.59081740	0.88307645	1.21852978	1.29422191	1.31754683	1.57411095	1.48934049	0.91697053	1.48728563	1.15344502	1.39571640	1.55817195	1.20543910	1.47002865	1.04037695	1.09027509	1.19282584	1.35182413	1.46248009	1.70978500	1.46899880	1.70226242	1.36382093	0.81613777	1.14702253	1.55945520	1.00775524	1.30631954	1.49564612	1.08783004	1.24879900	1.15104182	1.43868703	0.99747691	1.28588533	1.61689111	0.88857356	1.46872314	1.46612463	1.16454815	1.61811713	1.16739621	1.45327771	1.52246983	1.54329259	1.27890605	1.47565988	0.94216964	1.52216878	1.29614339	1.42773339	1.31195542	1.40115778	1.50897300	1.50927308	1.17094964	0.70107548	1.58166356	1.36221049	1.39208559	0.83220673	1.43867072	1.39465068	1.57979131	1.35400973	1.29496655	1.69340163	1.37409606	1.52080743	1.64803335	1.35518812	1.73184593	1.33713309	1.12972484	1.70015628	1.57786865	1.50631025	1.47776375	1.38990424	1.64885917	1.27864684	1.47791117	1.45260556	1.56555781	1.57783796	1.19611191	1.30860811	1.06279551	1.61394101	1.68368626	1.04460024	1.56609038	1.72075355	1.35107694	1.15858332	0.99029942	1.23636106	1.41843216	1.78903784	1.29579224	1.26768790	1.14404690	1.38563449	1.64637989	1.31399834	1.12999530	1.74889259
02_315	0.54978828	0.74339061	0.54580098	0.67832998	0.65619234	1.10210191	1.12975638	0.62377804	0.67623749	0.69476555	0.88644336	0.89649042	0.64472538	0.69940408	0.63056607	0.46350846	1.11273038	0.68640397	0.21499010	1.10360444	0.59255069	0.72823241	0.75592992	0.68027032	0.39367264	0.49715406	0.59715485	1.16756591	0.49631745	0.60469758	1.01404938	0.64549989	0.54253727	0.72242643	1.00164808	1.16497665	1.05149393	0.53911019	0.96015360	0.67688100	1.12849259	1.00919162	0.65890624	0.59424032	1.03753756	0.73702393	0.83598813	1.35259153	0.64850053	0.81275400	0.68008650	0.94687263	0.88910056	1.01907666	0.83542674	1.06195040	0.50703598	1.19145872	0.48545060	0.67164978	1.02539307	0.55033109	0.45867450	0.75121819	1.36381404	1.34756060	0.83916207	0.71746831	0.84579375	0.71154108	0.91220842	1.09312594	0.36437264	1.16059703	1.24386049	0.74697364	0.98169358	1.03197010	0.64444284	0.65480871	0.27950510	1.20006075	0.80369454	0.79805910	1.04677554	0.69271515	0.34136631	0.74787154	0.49585562	1.21953914	1.32147700	1.04659136	0.30730795	0.73856093	0.65337751	1.23680263	0.78422457	0.67675529	0.93406815	1.34841507	1.35361088	1.02620122	0.72849557	1.21176862	1.38118725	0.51812246	1.12345892	0.52713181	1.00764914	0.77401013	0.55644675	1.16093344	1.17833575	1.53147338	0.90759984	0.84454178	1.40035432	0.70590600	0.80298361	0.59836892	0.86070583	1.01189388	0.86285330	1.16216852	1.00438954	1.03301326	1.23891111	0.83294576	1.16190973	1.25006043	1.28983746	1.19578417	0.60587357	1.09945487	1.31716141	0.83789719	1.55853339	1.16547361	1.06120677	1.06024928	1.20619295	0.50163762	1.44111657	0.44239190	1.09388337	0.91141253	1.24652039	0.57215269	1.53396630	1.05139777	1.11253608	1.16367355	0.93226485	1.19120154	0.69245059	1.42981390	1.36926947	1.25038851	0.94476741	0.94716076	1.18329118	1.21879179	0.96349725	1.27738112	1.32659490	1.24004121	0.90925299	0.63506302	0.82406490	1.20614293	0.69899946	1.35026081	0.74751937	0.56971508	1.18473019	1.24424911	1.15757859	1.16704269	0.81030602	1.20818733	1.56224306	0.35143790	1.08673718	0.90999171	1.09935104	1.45112332	1.18338334	1.16088101	1.09927424	1.36625640	1.05396967	1.38116657	1.19905854	0.81976792	1.04431668	1.10035858	0.63314023	0.72299536	0.98906557	1.04820663	0.70485441	0.84086272	0.87449712	0.98980968	1.16812467	1.33171284	0.88847319	1.03921375	0.96684557	1.13365437	0.92529391	1.39239414	1.12316368	0.69770446	1.43756577	1.00919358	0.86519733	1.10191692	1.19007924	0.95721695	1.23955302	0.60516835	1.19386532	1.61600137	1.14426126	1.05700739	1.39778277	0.93515789	1.08040331	1.09834103	0.94190278	0.77036747	1.40994372	1.13113494	0.98439859	1.50344503	1.26251409	1.20317185	0.55981223	0.63254949	1.12818227	1.19025202	0.98628071	1.06141614	0.77865660	0.93316348	1.40282953	1.40885162	1.50985626	1.42649537	0.91635836	1.05916680	1.32894569	1.39525738	0.93370505	0.76601351	1.26957925	1.08282858	1.06594907	1.11968973	1.41858174	1.26062625	1.26897197	0.52450209	1.19656693	1.52908912	0.82230219	1.02560480	1.03147155	0.95142778	1.16941134	0.99896070	0.94093378	1.09008696	0.86195505	0.92379112	1.22194796	1.10577840	1.50017148	0.58778168	1.11520759	1.20070459	1.37126494	1.38834193	1.07864814	1.38679109	1.56631967	1.51710474	1.33961883	0.88115236	1.31419341	1.24293270	1.82052433	1.31611241	0.79900095	1.48901223	1.44018394	1.36298318	0.82850867	1.43582737
02_242	0.48570341	0.71433607	0.58288990	0.48440880	0.88613724	1.28977428	1.24541090	0.41903143	0.86204385	0.57882701	0.65143845	0.71416355	0.46032552	0.50907997	0.74737729	0.71870914	1.20673312	0.85272033	0.51280942	1.08131041	0.34014310	0.89320993	0.59688305	0.46975887	0.64402700	0.78358882	0.73384595	1.15425055	0.41331025	0.52691993	1.13129550	0.33681397	0.67118947	0.96475740	1.15785732	1.09859487	1.25011492	0.76312331	1.12170774	0.89661761	1.05145978	1.17660386	0.83961724	0.30225251	0.92758368	0.56379497	0.69792715	1.25559219	0.51597885	0.66426538	0.86673721	1.04531919	0.65589266	0.85186181	0.73008005	1.18825134	0.78170867	1.15327673	0.80254560	0.81384561	1.00643939	0.26858602	0.38995446	0.84901193	1.29225426	1.26940693	1.00961536	0.92058890	0.67092996	0.45483528	0.98490674	1.24230030	0.42973280	1.13361713	1.16249067	0.64790868	0.99817079	1.05284868	0.85816642	0.83577577	0.48459368	0.99355788	0.60029218	0.82305606	1.08249722	0.84707967	0.45344238	0.89880098	0.42008880	1.02435471	1.23345586	0.81086083	0.59213536	0.61750707	0.87987929	1.27842559	0.52518556	0.67486694	0.70384672	1.38714546	1.17998167	0.90313783	0.88552244	1.07238720	1.34909144	0.59500558	1.33221414	0.40659320	0.86187557	0.63371195	0.82518404	1.23049943	1.08851334	1.63478583	1.01541300	0.94019164	1.41583357	0.93296468	0.99606743	0.73979218	0.98416722	0.80593491	0.95329060	1.10806688	1.04593579	0.87004360	1.06412231	0.89740467	1.25310576	1.15059805	1.15307411	1.37972035	0.49339388	1.04077371	1.38969332	0.90052100	1.63726503	1.29230258	0.85805031	1.09993531	1.07521171	0.79434185	1.26290584	0.56906132	0.89050270	0.66372188	1.09451625	0.37935004	1.48565738	1.17607990	1.15076371	0.94770072	1.02678439	1.24227580	0.72364917	1.41639375	1.38817576	1.23560416	0.96612885	0.87134047	1.03794935	1.23658853	1.05420123	1.13518242	1.38521867	1.32005118	0.79603103	0.49746814	0.68963785	1.31717523	0.73147389	1.17374479	0.96208907	0.47036881	1.22499523	1.13237161	1.28714864	1.26804265	0.83287755	1.20361452	1.50761392	0.41896524	1.18583861	1.05333235	0.87698512	1.53655657	1.21331983	1.13449811	0.94592722	1.49233743	0.84555293	1.52514683	1.20051892	1.01550243	1.03974482	0.89483308	0.82940440	0.55719365	1.10081708	1.14655749	0.48082082	0.99985565	0.72712198	0.96083885	1.12681395	1.22116423	0.87814829	1.15239313	0.72625801	1.33227878	0.76142802	1.54927606	1.24992267	0.81929041	1.47944737	0.84376677	0.78910309	1.33408273	1.05565628	1.05202014	1.03889118	0.86634811	1.33511856	1.67749571	1.09839220	1.13769903	1.33154456	1.14990752	1.17616401	1.24246233	0.84553940	0.95774330	1.30560056	1.08357440	0.80849790	1.61485099	1.10475037	1.27967085	0.63949041	0.83627728	0.96521408	1.18871154	0.87587950	1.14267938	0.87931610	1.02833492	1.24067436	1.31986480	1.61057544	1.32211525	1.09494242	0.93907405	1.13518557	1.36730334	1.04635827	0.71129740	1.31623478	0.98140056	1.16187432	1.19481007	1.32058544	1.27508817	1.14878658	0.70119594	1.32450006	1.62791545	0.69898728	1.17761070	1.16082727	0.92973721	1.23832590	0.91744701	1.12171649	0.99197940	1.01986178	0.83812421	1.29030295	1.02528534	1.58724360	0.54497420	1.16028511	1.16400966	1.39888231	1.38810579	1.18558924	1.28683572	1.49202952	1.45720489	1.46867545	0.91045948	1.16999129	1.36716330	1.72799555	1.39525373	0.76246007	1.58077314	1.45990455	1.24241266	0.72560747	1.35679930
02_268	0.30622973	0.43781893	0.31818009	0.84384399	0.57603350	0.96452668	0.93623649	0.64916245	0.56212046	0.35062808	0.60001311	0.59706010	0.50067395	0.42407868	0.38852589	0.54738705	0.91506099	0.71349363	0.44893223	0.91802353	0.71963015	0.59300229	0.49009592	0.58388977	0.45209458	0.64814810	0.45971543	0.93193930	0.64510926	0.37949056	1.09238895	0.66741452	0.64307234	0.81259612	0.92641106	1.16881470	1.12585482	0.56955100	0.80045725	0.59163916	1.01251970	1.02477942	0.76950812	0.61182469	0.78653804	0.89490069	0.59946642	1.10012076	0.46251818	0.91086154	0.77541736	0.76461025	0.59979471	1.01240516	0.50104989	1.14488175	0.78839675	1.24465940	0.74006104	0.46338749	1.01555411	0.40537351	0.68731406	0.51365673	1.20211338	1.13207711	0.97205091	0.87270330	0.93531270	0.73199156	0.71899761	0.99984044	0.29001001	1.13142694	1.02260489	0.57584846	0.82834504	1.12354371	0.72808673	0.73267091	0.36255715	0.93252808	0.73613166	0.60686179	0.89036824	0.54470237	0.55839363	0.86179046	0.29799047	0.99012802	1.28005048	0.89932993	0.54571249	0.87488491	0.87817594	1.04615640	0.83586777	0.70148955	0.91765190	1.25625078	1.35415439	0.86340594	0.58539431	0.94912737	1.14066273	0.57590260	1.06184526	0.66303880	0.71124371	0.58613092	0.88514213	0.99668257	1.11291318	1.41532783	0.71045408	0.74145448	1.42016417	0.63447946	0.81169416	0.87434070	0.95484796	0.73442354	1.06637837	1.09745036	0.79014722	0.83221321	0.98748488	0.60010763	1.31956892	1.24098428	1.07111739	1.08618904	0.37211953	1.04503195	1.13432558	0.79762873	1.60541981	1.16054337	1.04157137	1.21645127	1.31084295	0.63128282	1.22088016	0.79715927	0.88730483	0.67201271	1.08206020	0.71257201	1.32565823	1.08710678	0.90326110	0.97434057	0.88960197	1.07957381	0.48287101	1.23011639	1.24064908	1.05532789	0.82309657	0.66279123	1.20912312	1.32105318	0.74537540	1.03558532	1.35954767	1.10215520	0.73623633	0.66942009	0.54219298	1.00365906	0.87492525	1.33584241	0.64926419	0.60638864	1.10032458	1.05779937	1.33031842	1.27353294	0.90233410	1.28252608	1.40526078	0.52313022	0.95058889	0.86647380	0.90101451	1.35685957	1.12608592	0.91985200	1.00127612	1.25131258	0.77443631	1.47222604	1.27653419	1.00214663	0.88266921	1.13250560	0.76425200	0.87068800	1.04970501	1.20043436	0.79566640	0.93569189	0.56782246	1.07896961	1.00798486	1.38584597	1.06742053	0.88554283	0.93190065	1.05848710	0.84234209	1.51680216	1.05930862	0.58781434	1.28160748	1.11638099	0.85545150	1.26441872	1.13968511	1.02727688	1.13545486	0.70749350	1.29567263	1.63946723	1.20246054	0.92180572	1.20782918	0.89167709	1.17403044	0.95068788	0.80523448	0.64706701	1.44257183	1.01481823	0.74102489	1.40622617	1.12262803	1.30460217	0.86876802	0.84971081	1.00386688	1.01001844	1.12005936	0.87412415	0.98223672	0.97046999	1.43633211	1.20135832	1.55137838	1.18765491	0.84620495	0.98529985	1.08685249	1.15854722	0.78541381	0.64694179	1.20574533	1.14014550	0.90620976	1.21810181	1.44593920	1.30641706	1.22769684	0.60476751	1.37786718	1.54654975	0.71156211	1.11195390	1.17846424	0.83555571	1.03267155	1.09949793	0.89676649	0.98638318	0.76797229	0.79667116	1.06547826	1.17158260	1.38118097	0.78329544	0.91627145	1.11005220	1.22179776	1.17218576	0.96615950	1.46755595	1.36664806	1.52648704	1.41567846	1.00387897	1.09315036	1.42232889	1.74433247	1.22924958	0.94520623	1.34268853	1.29430659	1.27175745	1.01126064	1.54789064
02_312	0.49223002	0.66284015	0.43777179	0.95496757	0.45284006	1.01327579	1.02812492	0.81934608	0.35597356	0.49253377	0.77393865	0.83708633	0.70797806	0.63620141	0.30303167	0.35707010	1.04004540	0.51545689	0.28352255	1.13365435	0.84078334	0.39452917	0.73365530	0.78857183	0.36011774	0.48365931	0.48826923	1.11982015	0.69370944	0.57016311	1.15825469	0.79509435	0.45498760	0.82009001	1.00957455	1.31690863	1.12361830	0.31725390	0.89144233	0.47986872	1.20931992	1.04700713	0.56049275	0.77698500	1.03722812	1.00584671	0.84575142	1.30465619	0.67489892	1.05443920	0.63135309	0.84219723	0.79259258	1.13515215	0.72015372	1.17023211	0.59304066	1.42150661	0.58770965	0.35627079	1.21596218	0.56908336	0.75139122	0.39620458	1.36169556	1.35472553	1.03790354	0.76061896	0.99945763	0.81240830	0.58391945	0.98492824	0.39708188	1.25633141	1.25732697	0.77128408	0.97649089	1.26876562	0.56517664	0.55597341	0.28575736	1.05440432	0.90578891	0.63502730	1.10356654	0.65906228	0.45763440	0.66911107	0.33027374	1.12375761	1.40355099	0.99565518	0.39371557	1.01516192	0.88804695	1.12426920	0.90434364	0.81620853	0.96504233	1.31489093	1.41030576	1.07756421	0.52870534	1.15933264	1.28906216	0.42490283	1.12015445	0.79367973	0.78720689	0.79204642	0.77625567	0.90852406	1.23397385	1.45208206	0.57283550	0.64626194	1.52037655	0.53070139	0.74447125	0.81973480	0.76009393	0.84401853	1.00249355	1.29813475	0.85224876	1.01110197	1.15082450	0.48529273	1.23706405	1.31091816	1.24083831	1.15603603	0.55475253	1.06158541	1.13709582	0.64884050	1.61664198	1.16170447	1.12994180	1.20390707	1.39022188	0.46963283	1.33346359	0.78112495	1.03263859	0.81280386	1.23786431	0.76755178	1.44105035	1.10166408	1.08277376	1.08030994	0.81456920	1.04256835	0.45930338	1.37052603	1.29632674	1.03355474	0.83776045	0.67532531	1.27187151	1.43904008	0.66871889	1.18559917	1.25755838	1.25787111	0.96606002	0.77189794	0.66164182	0.99138266	0.76628117	1.39526480	0.57338220	0.57426724	1.02036232	1.14309953	1.24759679	1.18072360	0.77692254	1.22410430	1.61607982	0.58525195	0.89161715	0.95564371	1.01815468	1.47450246	1.21332659	0.95116601	1.04240233	1.29068777	0.93963805	1.48198127	1.22523082	0.92599798	1.10975570	1.17978712	0.55291662	0.99102195	0.99785757	1.07712767	0.90207696	0.83052292	0.67343616	1.06929725	1.08377213	1.48994861	1.09596843	0.82177653	0.99356608	1.11586491	1.01451131	1.52220169	1.02283461	0.62303825	1.22181787	1.19718322	1.05589412	1.27371415	1.27072781	0.96542445	1.21704157	0.59863132	1.35358657	1.64621437	1.35422637	0.80817029	1.43104449	0.92154489	1.17390658	1.01979331	0.96875823	0.52092471	1.53836267	1.13531388	0.82976465	1.50860774	1.25638905	1.17895997	0.86227978	0.77324845	1.10858504	1.01044791	1.23847222	0.74790335	0.85325913	0.85617259	1.48374918	1.25348499	1.54022352	1.36289849	0.80202401	1.12213461	1.19946908	1.28145156	0.67405919	0.78902877	1.12646014	1.15226619	0.94898640	1.20478732	1.47583563	1.23116434	1.35441349	0.53147701	1.29675799	1.54308112	0.72989092	1.05925487	1.06908897	0.93328824	0.93499788	1.15069902	0.84192774	1.01879827	0.64448217	0.94905741	0.97449755	1.25745272	1.40091308	0.83957711	0.92336193	1.22045527	1.19152078	1.25253262	0.92013082	1.55526062	1.48056757	1.58300098	1.38714696	0.87622995	1.17128303	1.33969040	1.85852794	1.19106777	0.86387684	1.35747220	1.25129788	1.36752972	1.12490230	1.62056783
02_255	0.13417893	0.45631941	0.24350407	0.89108483	0.69893772	1.09407597	1.05668337	0.58512904	0.75067692	0.27941226	0.47906116	0.50283237	0.33345977	0.21198650	0.49413169	0.81533575	1.00849824	0.95993009	0.69368917	0.93838529	0.75402954	0.77545148	0.24758586	0.44974439	0.59947357	0.85968978	0.45869469	0.97033244	0.84123574	0.17295814	1.29719823	0.71649715	0.90017711	1.03234459	1.08846394	1.29662092	1.36064005	0.81253720	0.90695852	0.69913980	1.07822612	1.24474799	1.03417010	0.64810298	0.73624125	0.94036766	0.57736820	1.10311013	0.55034784	1.01122194	0.99983465	0.92535740	0.46192891	1.12685079	0.46835128	1.37416337	1.04542935	1.32544392	0.94445521	0.58350282	1.06345894	0.41138339	0.79436910	0.64738755	1.28607467	1.11585379	1.16010491	1.15010552	1.04461867	0.83270788	0.87762903	1.21299171	0.50923969	1.28479795	1.00222046	0.38222961	0.90202033	1.24595668	1.00494104	0.97575862	0.56596891	0.89111776	0.69155797	0.67012493	0.87886863	0.58485389	0.79884855	1.12337865	0.46134501	0.94516807	1.41559781	0.94084879	0.77735954	0.97542448	1.09223364	1.13517630	0.93156619	0.88911667	1.02399123	1.43349937	1.44548412	0.74612907	0.67575592	0.93321323	1.20676974	0.82244672	1.18790164	0.67925121	0.71592372	0.35666485	1.08804344	1.13078449	1.24613268	1.56271147	0.85545659	0.91197996	1.56412562	0.72792824	0.93078295	1.06530953	1.20868526	0.69655697	1.26248327	1.15453310	0.94403228	0.71321748	0.98776000	0.73260692	1.51979874	1.39288149	1.06606730	1.20108067	0.28072735	1.16718844	1.28432026	1.01887503	1.81560417	1.38974261	1.10738511	1.36219303	1.37995732	0.81461743	1.18969114	0.94927942	0.83825820	0.63340701	1.03659136	0.84011147	1.39568387	1.30021948	0.94942595	0.98501766	1.04824267	1.18878390	0.60633865	1.30331566	1.37796386	1.14466635	1.02224163	0.71659641	1.29665975	1.46509345	0.90662103	1.06199808	1.55822632	1.14129891	0.58838300	0.73530825	0.53216808	1.16789158	1.11235350	1.42020514	0.74725218	0.79061211	1.26653641	1.06570227	1.51885297	1.47589667	1.13465005	1.47069721	1.37445228	0.59597441	1.05812567	1.02985050	0.89947177	1.42531559	1.28041737	1.00735873	1.09548013	1.35228652	0.71580770	1.67008783	1.45671802	1.17051273	0.85352743	1.24325558	1.02052617	0.89289488	1.19977423	1.43362420	0.89828771	1.12850722	0.52467717	1.23237829	1.00579037	1.49743227	1.18384135	1.08545604	1.01877026	1.17758445	0.77737717	1.70821262	1.14223405	0.58062508	1.39034432	1.19317981	0.90139224	1.46559481	1.11236901	1.27743076	1.18628980	0.85127139	1.47511616	1.84610933	1.27396870	1.08147127	1.17949538	1.01924333	1.29483423	1.08592629	0.68921818	0.75580104	1.56595655	0.95743295	0.75249756	1.47481168	1.07836636	1.53098014	1.03677655	1.02048665	1.09266931	1.07421937	1.18427008	1.00703401	1.22867104	1.17637152	1.53357696	1.23394949	1.77471348	1.20100423	0.92452341	0.98049880	1.04750903	1.23011255	0.91847069	0.53904894	1.36008749	1.27333319	0.99403890	1.33260383	1.58686010	1.49968277	1.19179183	0.74235621	1.56794673	1.74378677	0.80867830	1.23561535	1.38074171	0.79376995	1.17768559	1.19818152	0.95560404	1.07541595	0.88847946	0.65662354	1.18013796	1.19834715	1.53625659	0.85495557	1.03682083	1.07247882	1.30087084	1.25602200	1.05458792	1.50333029	1.39228215	1.67594788	1.65256202	1.23252305	1.08396539	1.60267897	1.83205997	1.40541769	1.16285057	1.46392855	1.39679909	1.32956583	1.08735702	1.60626069
02_93	0.91545723	0.65875653	0.87808609	1.11747007	0.83141417	0.57404508	0.62134765	1.05707545	0.85649736	0.98984594	1.17975425	0.98033667	1.03190981	1.03982422	0.86064529	0.64241040	0.60373304	0.89395946	0.68231937	0.73903686	1.05467727	0.89420895	1.02001553	1.07396180	0.75161361	0.77884880	0.87396599	0.78421803	0.77252581	0.95768555	0.55538723	1.07013755	0.84470513	0.17682905	0.37604714	0.91107553	0.51210924	0.78654656	0.48465707	0.86816283	0.83104121	0.42505464	0.88250229	0.96914641	0.88588056	1.15550353	0.85217855	1.07344072	0.70861777	0.95973753	0.90962748	0.51242119	1.18303678	1.10353561	0.84367840	0.60579421	0.81194387	0.97329978	0.79510283	0.87365705	0.75534670	0.96490296	0.94360617	0.91901777	1.08862576	1.10073271	0.37875079	0.67851184	1.20001091	1.09579587	1.05072179	0.64192246	0.59612185	0.84519101	0.96113298	1.07636427	0.82992762	0.75125966	0.65056103	0.88317206	0.73314214	1.41778884	1.16068243	1.02106417	0.72833764	0.62397531	0.79340976	0.96104410	0.85707655	1.44451035	1.09145795	1.31782856	0.72872673	0.87302064	0.43162930	1.06891440	1.16049026	0.52869861	1.25039771	0.99245601	1.60012017	1.19510331	0.92184953	1.11000482	1.05094258	0.84483411	0.56125123	0.97706102	1.21601410	1.10587574	0.87921157	1.25750483	0.97272638	1.17966681	1.03054508	1.01194518	1.15164072	0.88994658	0.98871368	0.94941999	1.04710740	1.25703921	1.12956807	0.91171637	0.71561089	1.29993452	1.27601194	0.99577722	1.34875569	1.24738769	1.29330194	0.67766632	0.95677742	1.28880628	1.09924113	1.02729307	1.27461135	0.70134531	1.35811473	1.30613991	1.50312222	0.77784722	1.63029954	0.90770004	1.34799211	1.20100426	1.42762097	1.00524363	1.33762206	0.78583314	0.67120787	1.40651761	1.10050802	1.31735476	0.92616018	1.12061837	1.17445681	1.37253657	0.83969604	1.13920829	1.45333625	0.97881830	0.91489759	1.24868264	1.45203701	0.88211573	1.08520975	1.02367976	1.08956663	0.89614784	1.00720309	1.59494496	0.85941349	0.94062538	1.30138493	1.42660565	1.33485843	1.31447316	1.05559244	1.40249639	1.35170805	0.84245962	1.20154548	0.31446157	1.35282005	1.13577233	0.92099682	1.17961606	1.33645350	1.14210559	1.24009808	1.10910834	1.39277453	1.05010034	0.77847038	1.39590122	0.86929364	1.14207504	1.17399063	1.23500822	1.00008455	1.03710502	1.11854294	1.24743888	1.35230282	1.38495322	1.20606402	0.85307906	1.27710524	0.66830893	1.22159080	1.15531204	1.24640263	0.94511627	1.51085880	1.34259152	0.80514525	0.63889114	1.45428651	0.88245719	1.47721727	0.84660075	0.82371036	1.34751098	1.11447096	1.16805429	1.14723878	0.68519249	1.22415980	0.58071995	1.22049073	0.92455866	1.40790761	1.35481975	1.22367116	1.17691086	1.49537630	1.35330125	0.91846381	0.92658689	1.20739642	1.32570109	1.21291971	1.15820803	1.04205043	1.10523476	1.64797064	1.52410207	1.18795293	1.18066372	1.01561250	1.26462923	1.52729817	1.09320876	1.05901749	1.07257130	1.38240230	1.34296133	0.95561482	1.32062328	1.52826836	1.42694491	1.51901312	0.83658852	1.35706606	1.26131169	1.09696620	1.19685004	1.20882823	1.18758820	1.24318727	1.26797051	1.07047965	1.27343642	1.00172170	1.19395912	1.30519120	1.38599115	1.15537804	1.00927896	0.97232177	1.36217936	1.46694996	1.14308594	1.16291284	1.62444641	1.47623230	1.42024244	0.96894854	1.12098609	1.48352709	1.40883920	1.65576895	1.15738350	1.10380108	1.22629000	1.50180064	1.43509577	1.04904907	1.64931374
02_141	0.76126846	0.84861677	0.65597090	1.14693146	0.36576822	0.90729665	0.99631186	1.06215689	0.29921278	0.80145119	1.09443946	1.10672064	0.98299702	0.94554357	0.44589581	0.18167452	1.04465303	0.43324224	0.30105664	1.24364950	1.07136128	0.36961419	1.00896291	1.05263131	0.36844732	0.30077058	0.59139784	1.22255182	0.84514759	0.82982647	1.10085821	1.05301446	0.48774240	0.68551744	0.93811107	1.41072622	0.97479818	0.19082246	0.84078259	0.40555950	1.34047409	0.94793962	0.46560654	1.02556488	1.22920045	1.18443407	1.05683625	1.46136160	0.89348071	1.20732792	0.52327063	0.84420383	1.09864469	1.29785400	0.95628666	1.09781032	0.44042570	1.49496626	0.41413003	0.41881164	1.30931360	0.87810759	0.89854180	0.50553618	1.46064810	1.48051649	0.97240951	0.61909248	1.16977183	1.05088405	0.64694312	0.89232191	0.54984579	1.31568786	1.40055253	1.00064084	1.03504299	1.30606224	0.42783794	0.45280160	0.38772883	1.31197544	1.13356784	0.74773396	1.17643320	0.68252928	0.54257468	0.59245997	0.62141799	1.35718742	1.50548211	1.24737173	0.33209418	1.16823319	0.78945000	1.13580959	1.14540050	0.90407114	1.19876543	1.30158078	1.56749793	1.26657595	0.52278279	1.34601935	1.37149114	0.52218126	0.99207314	0.98245102	1.04042164	1.05042991	0.65674432	0.90488623	1.35800604	1.36722691	0.58595040	0.64384190	1.51662466	0.45302064	0.64781795	0.79646671	0.71445355	1.13907284	0.96948363	1.39187494	0.90726065	1.23444230	1.36262200	0.60225353	1.17021189	1.41016853	1.40858761	1.03850025	0.81224124	1.15530767	1.10328277	0.68115058	1.53594266	1.07510657	1.32304978	1.20267072	1.51573812	0.30499488	1.53842948	0.82661643	1.27038932	1.11371549	1.42116718	0.96080917	1.51594082	1.01412254	1.13965026	1.32229097	0.78529652	1.04434380	0.60215601	1.42263038	1.30088991	1.11028246	0.88663228	0.89184971	1.41328506	1.45049376	0.69305836	1.36315402	1.21079199	1.24916556	1.16499877	0.95294212	0.91505427	0.94227328	0.81584892	1.55612629	0.47981961	0.77830628	1.02286934	1.29859457	1.14744932	1.10157008	0.83873651	1.24340397	1.70685882	0.72660139	0.86426063	0.90870653	1.26835339	1.43109598	1.21347332	1.04920383	1.21876622	1.20141558	1.20346107	1.35296250	1.23811973	0.81456840	1.21236945	1.36748747	0.44415829	1.17211371	0.94094155	1.00698086	1.11299065	0.73008402	0.95733394	1.12630540	1.19080112	1.58893206	1.15228410	0.77202661	1.23173131	0.98343163	1.21515537	1.38189886	0.96003844	0.68634551	1.21744718	1.35064963	1.18312832	1.10745207	1.42747226	0.90770861	1.41720108	0.46945758	1.25276936	1.57760155	1.42632373	0.79418416	1.54166772	0.78690448	1.12823913	0.94974809	1.15044141	0.46410070	1.62707174	1.25701758	1.08004285	1.44136751	1.43828576	1.11771767	0.89714933	0.69032246	1.28453121	1.07669158	1.35864071	0.76739023	0.81792023	0.80849494	1.62353569	1.38105533	1.43814806	1.51915209	0.71671772	1.27326467	1.42900840	1.35842472	0.65462926	0.97466564	1.10891871	1.26054372	0.92286651	1.17437635	1.55994193	1.23427946	1.49762917	0.54420571	1.19299641	1.44146444	0.94076312	0.96766034	0.97353208	1.05217028	0.92256987	1.24945542	0.76986775	1.15649117	0.59824622	1.14541037	0.96948632	1.36559100	1.33129227	0.97670485	0.96492490	1.31709178	1.20728482	1.30038059	0.88465458	1.65627783	1.57769027	1.63384206	1.27984907	0.91836832	1.36208690	1.23823947	1.93649491	1.13552804	0.96718554	1.29071452	1.26581315	1.49291171	1.26056549	1.69937618
02_241	0.33622956	0.69154855	0.49240212	0.71555808	0.99011999	1.36784691	1.32643035	0.33116852	1.08486141	0.56691319	0.56464163	0.59623754	0.09247904	0.28464613	0.84192165	1.08038899	1.24940975	1.23289643	0.89090518	1.03822614	0.58965226	1.11725990	0.21376021	0.16477849	0.80828197	1.07232352	0.68293106	1.14600132	0.89927756	0.28128777	1.42410101	0.63274799	1.12972609	1.22623643	1.30567781	1.32676440	1.56189244	1.10054821	1.16167658	0.98190227	1.13492416	1.45961930	1.28167464	0.53890966	0.80327982	0.76665615	0.64496618	1.22631986	0.67116207	0.93000763	1.21531371	1.20354798	0.51906304	1.13557573	0.68537635	1.53536621	1.22682872	1.26393914	1.10786333	0.92363002	1.03015985	0.44826869	0.72219563	1.00460529	1.40474602	1.17672143	1.26109113	1.36219076	1.00851442	0.82888894	1.21683036	1.50503595	0.70442971	1.38111041	1.06635521	0.26641929	1.04478414	1.23339265	1.27038466	1.21727983	0.76286693	1.00179515	0.56521622	0.89818930	0.95185745	0.79515662	0.94312223	1.35845846	0.70129134	1.00559184	1.48964254	1.00327610	0.95693333	0.88628408	1.19541563	1.35484916	0.90505654	0.99416070	1.06354976	1.63912958	1.44729270	0.64788394	0.95348834	1.03159524	1.40393181	1.04404194	1.40374071	0.51088436	0.93836599	0.15979109	1.17918061	1.42677356	1.34358166	1.79603226	1.20234338	1.18327515	1.63033715	0.99883666	1.12345161	1.11944753	1.44987122	0.84861168	1.34089260	1.15459051	1.23067815	0.67125691	1.09618250	1.08000361	1.63160263	1.47034881	1.14217064	1.43103213	0.40330089	1.29114760	1.57385944	1.28526245	1.97020402	1.61833686	1.08671783	1.39020419	1.27858524	1.02915603	1.25953527	0.92612678	0.86587330	0.71629784	1.02630291	0.81409277	1.56954771	1.47835799	1.12794231	1.05844614	1.26697107	1.40421469	0.88811746	1.47492539	1.57704722	1.38997319	1.26905654	0.99756440	1.28227551	1.46621047	1.25730000	1.19423811	1.75177664	1.26612028	0.46854892	0.70364301	0.72724171	1.50114488	1.24909887	1.42551374	1.02358877	0.92566528	1.50840366	1.17194663	1.62270357	1.63000889	1.31852526	1.59406274	1.37160720	0.58424706	1.31726403	1.21877074	0.96677479	1.54522734	1.42662406	1.26624602	1.19845658	1.56132501	0.81344115	1.80453084	1.57013339	1.27871088	0.89265470	1.24315708	1.25772028	0.69484906	1.33789106	1.59229913	0.84310166	1.30627700	0.74165573	1.29535064	1.11209296	1.46862467	1.14394052	1.41167989	1.04498682	1.39204157	0.65168302	1.81919090	1.33095199	0.75237166	1.64824205	1.09519701	0.84257842	1.59147621	1.02269147	1.47741416	1.22495751	1.03640958	1.57112187	2.01159598	1.20469375	1.37816802	1.20642567	1.22928001	1.35970452	1.34437289	0.61425031	1.06036015	1.56912585	0.95319830	0.90958729	1.61470489	1.05262249	1.71192792	1.02433671	1.11787721	1.18211356	1.28785661	1.04766793	1.33838806	1.37392448	1.38410509	1.51975686	1.39739187	1.95963512	1.32919343	1.14304481	0.94158469	1.13420628	1.44052403	1.22017150	0.50997728	1.58167118	1.31311460	1.22303008	1.38727254	1.64140964	1.65849361	1.09099657	0.90396944	1.66534492	1.92187537	0.95590162	1.35124959	1.52438388	0.83593024	1.46288934	1.16515174	1.15174207	1.19974826	1.16806002	0.57291876	1.46408946	1.10335608	1.77959516	0.76833586	1.31835186	1.06676006	1.51900275	1.48315399	1.28479248	1.38928485	1.51806913	1.75182286	1.84356543	1.39899056	1.20721169	1.69326076	1.88669781	1.65557001	1.27938736	1.71115401	1.62950294	1.37663114	0.94749940	1.50253598
02_189	1.05919812	0.76382340	1.13472591	0.96306706	1.38403888	1.11041970	1.00523327	0.92484231	1.42163992	1.14967444	1.13893246	0.84163614	0.98021720	1.04589958	1.30859003	1.22834306	0.88337479	1.43013732	1.14760747	0.50434868	0.91160915	1.44900625	0.97071424	0.96377548	1.21301407	1.33572584	1.23866093	0.73174816	0.83932205	1.06051356	0.74809487	0.95381329	1.29205747	0.87283967	0.82741144	0.52958661	1.01996292	1.35696582	0.95444542	1.40494429	0.40432639	0.90645521	1.41375066	0.80960134	0.61308052	1.00357734	0.70711297	0.83771191	0.66498987	0.67463546	1.41387216	0.92013692	1.13470825	0.90514348	0.86575766	0.88342864	1.34270243	0.47409308	1.33092918	1.36257872	0.16545096	0.96846857	0.98466851	1.38938029	0.93811422	0.85114700	0.65867533	1.21301347	1.14814297	1.04266966	1.52252656	1.16769780	0.88962171	0.69187024	0.63187819	1.08699528	0.95281211	0.40599438	1.24284414	1.40599718	1.13536370	1.40330876	1.05478166	1.33655917	0.64233464	0.99465053	1.13152149	1.46176795	1.10173634	1.40706161	0.84038363	1.26561886	1.20744548	0.55312005	0.84146558	1.33153916	1.05762594	0.56149035	1.20088859	1.17870158	1.52621619	1.06208768	1.39578221	0.93143380	1.06752592	1.23786014	1.05677407	0.91755240	1.34607976	1.06408332	1.31250886	1.70943751	0.77163500	1.51248530	1.54135815	1.46618761	1.10688348	1.42559584	1.46518946	1.24375428	1.52647000	1.27651972	1.41661760	0.52949327	1.03315428	1.24497738	1.17714719	1.44163029	1.67239523	1.19319817	1.19580898	1.13289176	1.06499274	1.45621547	1.49180475	1.46073869	1.47577314	1.09016816	1.27022368	1.48904198	1.38240252	1.33191625	1.60385542	1.09398522	1.29443411	1.16094557	1.34518611	1.00010133	1.38581632	1.13346398	0.72414786	1.36752337	1.51975928	1.68247988	1.28676321	1.15582986	1.38092198	1.68404545	1.14519447	1.38749121	1.40967826	0.77558594	1.39931931	1.18537369	1.82413060	0.99395222	0.96242705	1.04681308	1.22040018	1.37932652	1.29929557	1.52395196	1.39722520	1.12366349	1.68709687	1.51047832	1.69036350	1.69082874	1.37755237	1.63703878	1.10747993	1.01179957	1.64704570	0.71682030	1.31002779	1.27664127	1.04356128	1.44627585	1.39903198	1.51111340	1.18639057	1.39755819	1.62383828	1.46421973	0.58053931	1.31200143	1.40213062	0.98606899	1.54048020	1.61799165	0.82117805	1.49033868	1.23083210	1.40535114	1.51395635	1.19333999	1.28051147	1.36277517	1.20300434	1.14254992	1.10865822	1.43776461	1.66409799	1.28769511	1.90374628	1.21593253	0.45015005	1.04374500	1.36476025	1.25814461	1.42002537	1.36055073	1.01542896	1.54451248	0.87945649	1.63774995	0.87110104	1.19379178	1.48412045	1.02433390	1.21510184	1.46059888	1.23637634	1.42306186	1.29434616	1.38524118	1.43037502	1.73579753	1.07105428	1.32305939	1.14218286	1.62258091	1.00453978	1.63939458	1.40862757	1.52761097	1.56712521	1.66572400	1.46593844	0.98473213	1.49158330	1.20295983	1.50198690	1.15923946	1.54805987	1.14020119	1.76052510	1.40170722	1.32074777	1.56809975	1.52608782	1.71526390	1.42571431	1.23646884	1.70081946	1.54643318	1.23385131	1.58153067	1.60664276	1.32278772	1.68718343	1.26554711	1.52878312	1.39271170	1.50861676	1.17797777	1.74372789	1.33843288	1.48238170	1.03376766	1.31268377	1.41188788	1.80483234	1.31662794	1.58456619	1.49858007	1.48719132	1.36823812	1.29321085	1.43247807	1.53610393	1.74431724	1.47942801	1.54012564	1.30591624	1.58337792	1.83968305	1.37993520	0.79131745	1.53536763
02_276	0.22343209	0.64865615	0.34232470	0.63197725	0.78585108	1.23518805	1.22959987	0.30382399	0.88828808	0.52992458	0.64358715	0.67340958	0.18197056	0.34816827	0.68043384	0.84286203	1.17087749	1.02183950	0.63233103	1.03516205	0.50746032	0.93149142	0.34687964	0.25638456	0.56311685	0.82189823	0.51052790	1.13427102	0.74035926	0.21734933	1.27361433	0.58158039	0.91595320	1.02336853	1.17145533	1.27190895	1.37688143	0.87192688	1.04132116	0.78331750	1.12465408	1.29429635	1.05649650	0.48747711	0.86189263	0.69009203	0.67115053	1.26939723	0.61616965	0.86202760	0.99742551	1.08969486	0.61487721	1.09157338	0.69447006	1.37270554	0.96715733	1.22047847	0.84365565	0.75523982	0.99501460	0.39123119	0.54770828	0.85717819	1.39256754	1.22386781	1.08901572	1.13864962	0.92490502	0.75753575	1.07635248	1.35280838	0.51634820	1.30650919	1.11527824	0.32040481	0.98182289	1.14158486	1.04756335	0.99859086	0.51903185	1.05916399	0.58218638	0.79178024	0.93221625	0.65537742	0.71938925	1.14131224	0.56214050	1.06342829	1.44377549	1.00781269	0.69899104	0.80050608	0.98153246	1.28534439	0.84133855	0.86639343	1.01082576	1.54101827	1.41272274	0.72911582	0.78621680	1.08739227	1.39136171	0.84548555	1.26199520	0.38040314	0.93498432	0.31124548	0.92309972	1.30264152	1.29423895	1.69057132	1.05512841	1.02471780	1.54477779	0.80075164	0.93501297	0.90069182	1.24382893	0.88390293	1.14968271	1.13892793	1.13639385	0.75259582	1.14235935	0.94738000	1.45083785	1.40067860	1.18258276	1.30719788	0.34499699	1.20363539	1.47047650	1.11607512	1.83298487	1.46380948	1.06097199	1.24104742	1.22689173	0.78016537	1.31351881	0.69969867	0.92111155	0.75846569	1.07619073	0.68760160	1.55446207	1.31884826	1.09114314	1.08481677	1.11053619	1.29278621	0.75721281	1.45051031	1.49681387	1.31602179	1.14846753	0.94468645	1.23142753	1.36925097	1.12626769	1.22031100	1.59587490	1.21397517	0.56025612	0.60594592	0.70692667	1.38162516	1.05746019	1.39673422	0.83871293	0.77782139	1.37783561	1.17028793	1.43340617	1.45171548	1.14230295	1.45394194	1.41956262	0.35169623	1.18762955	1.08225749	0.99875160	1.47894629	1.33209014	1.20745717	1.15245271	1.45559870	0.88000855	1.64445653	1.43130253	1.06591762	0.89855041	1.19092657	1.02836139	0.62603702	1.17217599	1.39712856	0.76681781	1.10723767	0.74310471	1.16666563	1.08227108	1.41796175	1.00889102	1.26723217	1.00943697	1.25499435	0.68892898	1.65300191	1.19639407	0.60628864	1.55018814	1.03712824	0.80845930	1.39796703	1.03977729	1.30048162	1.22440768	0.80557952	1.42116678	1.88292372	1.15406601	1.23704590	1.25735411	1.06560236	1.21373735	1.22789377	0.65136694	0.88228325	1.51768769	0.94943133	0.91010247	1.53873284	1.09737922	1.53230591	0.82245566	0.89317810	1.16157443	1.21658301	0.98766536	1.20798937	1.16454145	1.20734292	1.47764957	1.38479472	1.81066465	1.36680602	0.98428284	0.94013256	1.19333231	1.42066170	1.07285763	0.48474045	1.45355333	1.21996053	1.12095433	1.24667229	1.56811587	1.51474886	1.11167853	0.69317807	1.47704788	1.78370226	0.87892643	1.17991420	1.33095309	0.79648929	1.33514811	1.07526960	0.99387090	1.14227425	1.00104878	0.61392020	1.34804146	1.05514529	1.67534688	0.62094970	1.22633268	1.05691726	1.43598790	1.44052352	1.15946316	1.35842065	1.52765516	1.68052090	1.67663308	1.22065213	1.22929581	1.50960608	1.87614190	1.52909591	1.11376243	1.61533239	1.54301149	1.36412995	0.86329091	1.45267379
02_267	0.94052105	0.62634157	0.94796621	1.04920217	0.97401656	0.76815626	0.67962693	1.04508935	0.88394241	0.91715917	1.05000066	0.86493534	1.02843338	0.99274707	0.89938299	0.65659740	0.66843786	0.82841111	0.70931202	0.72620803	0.97224843	0.89893588	1.01338391	1.06150673	0.87774591	0.88383856	1.00659649	0.72565059	0.57764667	0.99261398	0.50867967	0.91999324	0.72071546	0.44452224	0.51861177	0.70430388	0.55423511	0.78812287	0.68561298	1.01189954	0.67662619	0.41511250	0.79633573	0.84984423	0.81742513	1.09439163	0.76308655	0.93097779	0.54871905	0.81731248	0.90771564	0.46594097	1.07228808	0.86341310	0.74615009	0.48406614	0.82486229	0.93635070	0.92734356	0.92555110	0.77835997	0.84959088	0.91409643	0.89909674	0.90878310	1.04975728	0.51804696	0.60189788	1.03538552	0.89306115	0.96172340	0.57073281	0.56172016	0.62839446	0.90422471	1.12917052	0.83101271	0.73819516	0.58061311	0.84564278	0.77396785	1.24187087	1.10271116	1.01584450	0.86340347	0.82658582	0.70310734	0.84551374	0.74239184	1.30016755	0.82217523	1.08920701	0.77846245	0.75649497	0.57711623	1.04638360	0.94173562	0.30509634	0.99117813	0.82060235	1.38733453	1.21285686	1.02048373	0.96593479	0.92205544	0.70510117	0.83244057	0.98531585	1.05241176	1.13664177	0.97867012	1.19335459	0.68476087	1.16687696	1.00087530	0.96867187	1.06922811	1.05038086	1.11686704	0.95918293	0.89730084	1.07822822	1.08333061	0.85627103	0.56070686	1.26576047	1.08318099	0.93149792	1.28591839	0.99675067	1.16543796	0.89530841	0.94620538	1.14652451	1.01492578	0.87145511	1.15467979	0.56235141	1.17441570	1.27571995	1.40144963	0.91758180	1.47999623	0.94385533	1.22148977	1.02691138	1.34985449	0.86050458	1.20144030	0.73590606	0.71668520	1.20304618	1.07687641	1.28225825	0.88334131	1.03202357	1.05892897	1.26428503	0.62469498	1.00112432	1.29379548	0.92226906	0.83632662	1.06002144	1.32534414	1.02144801	1.12852403	0.95788388	0.98320392	0.83132348	0.82399516	1.38575394	1.02235517	0.74772133	1.18135866	1.32360482	1.33514619	1.25058299	0.84489909	1.23849539	1.37117846	0.90770338	1.21496663	0.44953247	1.16268910	1.23858932	0.82021659	1.05619401	1.12860887	1.23381672	1.08648959	1.12883172	1.25176850	1.14154964	0.87406959	1.15287296	0.81528541	1.10896997	1.19436065	1.12236294	0.81108772	1.05450882	0.99910465	1.13247623	1.33736339	1.21807991	1.17954523	0.75302804	1.02943793	0.91004775	1.19600430	1.21228989	1.33404941	1.08634580	1.44186063	1.21731268	0.77972881	0.83580117	1.41595157	0.70460089	1.26806075	1.01079632	0.89696865	1.20297388	1.09263021	1.09705183	1.14163733	0.90958595	1.27884025	0.69239101	1.26024701	1.03135538	1.21789462	1.39557570	1.05404909	1.30814995	1.42050616	1.21592830	0.91343654	1.01903271	0.97122502	1.27278075	1.15899854	1.09905613	0.91410397	1.02471530	1.44781748	1.39919056	1.06954022	1.01818965	1.16737875	1.22009584	1.36662666	0.96397340	1.06084938	1.13640066	1.29095215	1.17554903	1.02027306	1.35672353	1.32055858	1.26348423	1.50232889	0.92218965	1.35720517	1.19408479	0.93158424	1.29492202	1.18430316	1.24194257	1.17123655	1.18481453	1.23513316	1.12286602	1.06770046	1.25054676	1.26133164	1.37429186	1.10242063	1.01280076	0.88933069	1.41098954	1.42728810	1.04671647	1.21774016	1.58191485	1.37797679	1.21986938	0.85307777	0.92235531	1.34558450	1.41816938	1.48459762	1.06483515	0.87108411	1.22581923	1.42175141	1.29197906	0.99430504	1.60641263
02_199	0.40168823	0.69773318	0.24512427	1.03157935	0.27449441	0.97587838	1.05685721	0.80392923	0.48088445	0.58649723	0.88443140	0.91085108	0.65414209	0.64391888	0.30339617	0.55939858	1.05454750	0.76234723	0.45752654	1.14780561	0.93760185	0.54674340	0.66767793	0.74521132	0.20468591	0.49811021	0.15335710	1.17021981	0.93073685	0.45111263	1.27735753	0.95561566	0.77973670	0.86943521	1.03981337	1.47639024	1.23912328	0.54463145	0.83279349	0.27350812	1.31723402	1.17683839	0.83921034	0.89745702	1.06064778	1.06967214	0.89266103	1.39429460	0.81756705	1.18587652	0.76700511	0.94834244	0.86469898	1.33787277	0.79986213	1.34195065	0.77594023	1.46827457	0.58152281	0.33822207	1.22325078	0.71312336	0.82402656	0.53414873	1.49281208	1.36114626	1.09111415	0.97979117	1.17939186	1.03921863	0.80130091	1.14614814	0.52154205	1.42492919	1.27604771	0.61198813	0.98086014	1.32899604	0.82062165	0.75839202	0.34967178	1.19921545	0.92279923	0.64226624	1.00112942	0.44670674	0.70834637	0.95506980	0.58124340	1.22289536	1.61258845	1.21596757	0.50520913	1.13844638	0.94456162	1.15787399	1.14681565	0.99113304	1.24353472	1.48846857	1.61337909	0.97996148	0.39139880	1.24242606	1.38937039	0.75180887	1.04225221	0.78432874	0.96702253	0.66837599	0.80644050	1.03702172	1.45381236	1.51588550	0.71182861	0.78089482	1.61930327	0.29580624	0.62779254	0.90772133	1.07401540	1.02653075	1.13557549	1.33775474	1.02502107	0.96869224	1.29210621	0.67450861	1.38270438	1.53869356	1.31614528	1.07793409	0.52432533	1.22542251	1.26459745	0.94687288	1.78510116	1.35056563	1.30310806	1.28159546	1.48506208	0.41329412	1.43632967	0.83298190	1.11671752	0.98212246	1.25630582	0.96012834	1.54980300	1.22643107	1.07663424	1.26118451	0.90806232	1.10803676	0.57789834	1.44126799	1.42357580	1.16951084	1.07238537	0.86889618	1.42726070	1.52623214	0.85447703	1.32778386	1.46297768	1.16006450	0.83967120	0.84855247	0.76979569	1.12669205	1.06594142	1.59337602	0.36698457	0.87607230	1.20818920	1.21841944	1.33276027	1.33046117	1.10756173	1.44619476	1.55778661	0.53701853	0.90956626	1.00011950	1.18614581	1.40667036	1.32884872	1.09323866	1.26147514	1.24163614	1.05763691	1.55523355	1.42315128	0.91258715	1.02676511	1.42833979	0.80520717	1.02219067	1.03362716	1.29780994	1.10084290	0.91181437	0.81168938	1.22961273	1.06103492	1.63947374	1.15702660	1.01723938	1.25390733	1.01922977	0.98519212	1.56824341	0.93974616	0.35147256	1.32786340	1.32399730	1.08072001	1.29271266	1.26096271	1.21310084	1.40962540	0.46560466	1.39488495	1.83201252	1.37760805	0.97094978	1.40162366	0.79717445	1.15904827	1.03304874	0.84351817	0.43399597	1.70991555	1.02332286	1.00837145	1.41823132	1.27768536	1.41698009	0.95665366	0.77030160	1.31891576	1.07425758	1.29419223	0.90927157	1.10722414	1.04410004	1.68077857	1.36444047	1.72234053	1.48163291	0.63843432	1.13275716	1.32369993	1.39539916	0.75428162	0.65017894	1.28269395	1.34916857	0.91701686	1.20505393	1.69053619	1.45845473	1.32244857	0.51712420	1.38517557	1.67765752	0.95742819	1.00800117	1.20028813	0.82362996	1.08851359	1.25518441	0.66441441	1.19152669	0.65359588	0.82135739	1.08611254	1.25927767	1.51044046	0.87779201	1.06649648	1.12590880	1.25355404	1.35936319	0.89800517	1.58667328	1.55336949	1.78487360	1.58694129	1.19295982	1.29246133	1.41843983	2.00625879	1.35377297	1.18521726	1.41188118	1.36915887	1.49395606	1.20557247	1.66584388
02_308	0.41029215	0.53204901	0.52852687	0.94682531	0.91276612	1.25432133	1.14577461	0.70576311	0.84124542	0.16064721	0.19282281	0.39221053	0.48266359	0.22556421	0.62338033	0.92262761	1.10633351	0.98429450	0.83516899	1.00972291	0.79332517	0.83709835	0.38321993	0.56687920	0.83532326	1.03730319	0.73884706	0.99265107	0.83237332	0.44497623	1.38311135	0.65274141	0.89788287	1.20289354	1.22116733	1.27980437	1.46645458	0.89757934	1.08380151	0.91713895	1.07068967	1.33074285	1.05639315	0.64193011	0.74740645	0.99976039	0.57768320	1.03228473	0.52232312	1.02309023	1.08344184	0.97586516	0.24243221	1.02883185	0.41006864	1.42869282	1.15561120	1.40884214	1.14353674	0.71339580	1.18487556	0.33745421	0.89987271	0.67577312	1.22039650	1.13006423	1.31736164	1.21000472	0.98771162	0.71456221	0.82049183	1.24607250	0.62179255	1.26402726	1.02097192	0.60249747	0.98190774	1.35187722	1.05668200	1.02993365	0.73326529	0.64346083	0.71723616	0.72952573	1.06189909	0.86109307	0.84495834	1.12131105	0.40696952	0.77377326	1.32995081	0.70752552	0.92909515	1.02048590	1.26532760	1.16172255	0.80351836	0.91782717	0.83086074	1.39905235	1.30622455	0.84864793	0.85299216	0.83590630	1.15287547	0.80165165	1.39093112	0.82749906	0.46942420	0.54230976	1.26754396	1.09447118	1.15193854	1.60141868	0.85871772	0.92933802	1.59672877	0.95988135	1.12027058	1.18492260	1.17252516	0.39963701	1.32386054	1.21128468	0.90860491	0.72058890	0.80398142	0.69677478	1.55250457	1.28429037	0.97487445	1.38254657	0.41033583	1.09411926	1.25708635	0.94806781	1.81935289	1.41153834	0.99036906	1.42707111	1.37459403	1.02227421	1.01971676	1.10485404	0.70128720	0.36333472	0.99298265	0.82006628	1.31669220	1.36162580	1.04569836	0.75983067	1.08750603	1.19380502	0.62401379	1.28489412	1.34412157	1.04984103	0.95150154	0.53935009	1.21915929	1.53814451	0.87611436	0.90549066	1.51094015	1.30420314	0.74615127	0.77713006	0.39926264	1.16262408	1.07342845	1.27809250	0.97067047	0.70509661	1.20143466	0.97677773	1.60043017	1.49902130	1.05433969	1.40731495	1.44662461	0.80515849	1.10929714	1.16384943	0.68037504	1.55887782	1.29662720	0.90722958	0.92851804	1.46826998	0.50238064	1.76547866	1.41231594	1.33324096	1.01421629	1.08812286	1.06648664	0.97990923	1.29066883	1.43047346	0.84711208	1.22101839	0.31718903	1.21752511	1.02984915	1.45509066	1.26355437	1.06668179	0.82460764	1.37889216	0.83376003	1.82899211	1.27320772	0.84076018	1.34019538	1.17057228	0.99790166	1.64859611	1.13763316	1.26271301	1.00679721	1.07959443	1.60765867	1.82511971	1.35895407	1.04934050	1.23297053	1.23762629	1.42036335	1.20408644	0.82248123	0.92061002	1.50318786	1.06391970	0.53254445	1.62484355	1.03411338	1.49411431	1.15504819	1.19314727	0.93258259	1.04425132	1.24611142	0.96904199	1.23204282	1.17947829	1.41466431	1.11259678	1.77973021	1.10240078	1.12473352	1.00612998	0.84545525	1.16711976	0.95951006	0.73118109	1.31840309	1.20033658	1.09903919	1.44012624	1.48339704	1.42896038	1.23722982	0.91992129	1.64968302	1.76769300	0.68233952	1.39055463	1.43941259	0.92618851	1.13940028	1.21462242	1.16888194	0.97251084	1.00143805	0.81423692	1.15705572	1.27026305	1.54486649	0.97889532	1.00776957	1.18064233	1.28184188	1.21131167	1.14718895	1.54141375	1.32689129	1.60148541	1.67540809	1.16288263	0.92877463	1.68839456	1.75079010	1.38458761	1.07506800	1.49686061	1.33938587	1.24819416	1.16414062	1.64884858
02_293	0.63427674	0.69622475	0.77765965	0.71046021	1.13861118	1.41859577	1.28559286	0.62210840	1.03166582	0.50529276	0.36255153	0.49548187	0.56859858	0.46183153	0.88908415	0.97528348	1.23673979	1.02610827	0.85207308	1.05094961	0.54766424	1.03008406	0.59471760	0.58379829	0.97439227	1.11872633	0.98205605	1.07396980	0.57168891	0.66684499	1.27708846	0.34462575	0.84396650	1.21215985	1.28252287	1.06318221	1.42710065	0.98726701	1.25120940	1.15047748	0.96328166	1.30325830	1.03585552	0.38403213	0.80892589	0.78069525	0.61553424	1.05900948	0.45245740	0.74972276	1.11518584	1.07075971	0.42696532	0.75335264	0.58858769	1.30786825	1.11111520	1.24246412	1.18464675	0.97094690	1.09639191	0.22619874	0.74098505	0.91814248	1.16129116	1.17987497	1.24300549	1.13964109	0.72740609	0.38116869	0.99455393	1.29560514	0.64948047	1.10283308	1.05946277	0.78516915	1.06051448	1.19568660	1.04805978	1.05510362	0.80773627	0.70711882	0.66243657	0.92308394	1.17188417	1.06699739	0.73972709	1.07027623	0.46735361	0.82183676	1.10972213	0.52747551	0.94623205	0.74874196	1.19104097	1.29455004	0.41647256	0.75977408	0.48960607	1.35454746	1.08087435	0.94735344	1.09336795	0.87279568	1.21701070	0.74291037	1.51928699	0.72238599	0.62687328	0.71766204	1.22635084	1.25824564	0.94510706	1.68048735	1.07702021	1.05250496	1.48068526	1.19556943	1.27539724	1.08570347	1.10216595	0.47897515	1.20961311	1.12454722	0.98629662	0.84304286	0.80352357	0.91342474	1.45556558	1.06439636	1.00353299	1.53498693	0.59540163	1.04217009	1.37274879	0.94786970	1.70632295	1.35522195	0.77726180	1.32507226	1.17116579	1.13334268	1.06278466	0.97842597	0.72979331	0.33352779	1.02839054	0.54637963	1.36077037	1.31644250	1.15697804	0.68689451	1.17292893	1.31628578	0.80395255	1.34144282	1.36383864	1.18250520	0.93121030	0.72743344	1.03234975	1.36271674	1.05118673	0.91174680	1.46224978	1.42955277	0.87215386	0.67418989	0.58410037	1.30841836	0.87925519	1.06664936	1.20862010	0.51284025	1.24743013	1.05206502	1.54170070	1.44420926	0.89349281	1.26881614	1.49887855	0.80197690	1.29694880	1.19057088	0.62175089	1.65190697	1.25011258	1.04369564	0.80802874	1.61842523	0.58012362	1.70990802	1.28738043	1.34834992	1.10127725	0.77478619	1.05314655	0.79451219	1.32330091	1.31856138	0.49573693	1.24753581	0.54067347	1.08443213	1.17047210	1.22363254	1.12789049	1.16957135	0.50170893	1.52397001	0.83101786	1.77246687	1.44580327	1.06979666	1.48266557	0.92907484	0.88795587	1.60720372	1.11205145	1.15198709	0.85439786	1.20691678	1.54057197	1.71335979	1.22741718	1.18514224	1.28557546	1.38971359	1.42392027	1.33176189	0.95635087	1.15929812	1.27495824	1.19534106	0.58494083	1.74660490	1.05653262	1.39413116	0.99241102	1.19399723	0.77537074	1.19817932	1.04265460	1.15912322	1.08401647	1.17128952	1.17819648	1.20267873	1.68248214	1.10666141	1.33533273	0.98873662	0.89494453	1.23549817	1.15132397	0.87942896	1.36478698	1.01058777	1.27108814	1.43310233	1.27641254	1.32575510	1.22332819	1.00052007	1.57948609	1.71678811	0.61649195	1.45668712	1.38880674	1.07336149	1.26685338	1.05406121	1.37443410	0.93042559	1.19238101	0.95007160	1.32174294	1.18765458	1.60212585	0.85203920	1.12610549	1.28024460	1.42575756	1.30213494	1.32674426	1.40518037	1.38402379	1.40994438	1.56330973	0.98810713	0.99732246	1.62294162	1.61790987	1.42063399	0.82055803	1.61720507	1.44856669	1.16388568	0.91991061	1.49243038
02_269	0.41411829	0.62052833	0.58109510	0.70760057	1.02724428	1.36751130	1.26856281	0.46473099	1.00525603	0.40088183	0.30001516	0.43104275	0.31020355	0.20637888	0.79685509	0.99696600	1.20820868	1.09090940	0.84567874	1.01309753	0.55129902	1.01755805	0.32317813	0.34902454	0.86565718	1.07378031	0.79909863	1.06561930	0.73020824	0.42208988	1.35208326	0.44755202	0.96022522	1.21549933	1.27618359	1.19404748	1.49223054	1.00599151	1.17856411	1.02885198	1.02742375	1.37345913	1.13279296	0.41476975	0.74606708	0.76820544	0.54920469	1.09096059	0.49580951	0.83714201	1.13439918	1.09684480	0.29822894	0.92879811	0.53856382	1.42422816	1.16112133	1.26242755	1.13993465	0.88325013	1.06694373	0.20330169	0.72272175	0.88926588	1.24534339	1.13257155	1.26236726	1.24008567	0.84771026	0.58664929	1.03885509	1.37260040	0.62494353	1.23152600	1.02066921	0.51553860	1.00778410	1.22743526	1.13829467	1.10314382	0.74550566	0.75240743	0.55082668	0.83675533	1.04510447	0.90825134	0.81899709	1.19120300	0.50258655	0.81843645	1.29210405	0.70878251	0.93066367	0.82583594	1.20451029	1.27042882	0.66245449	0.86422385	0.77001576	1.46934240	1.23495994	0.75499944	0.97212194	0.88037367	1.25854607	0.86104520	1.45245285	0.61412622	0.68027328	0.43840394	1.20791587	1.27745205	1.13370441	1.70338257	1.07337061	1.06030336	1.54695133	1.06445703	1.17106701	1.09933181	1.25640415	0.56227865	1.26610828	1.12384767	1.06024139	0.67632535	0.87085922	0.92375147	1.53072745	1.24982612	1.00328426	1.46378728	0.40321576	1.11821566	1.42078546	1.07512417	1.83006391	1.47534961	0.89317591	1.34684931	1.21279686	1.06356964	1.07767663	0.96310666	0.70339308	0.41967482	0.95911212	0.66617037	1.41020917	1.38124962	1.10759992	0.79499507	1.17305744	1.30340400	0.77008766	1.36106644	1.42789689	1.21393233	1.05812035	0.77159638	1.12683023	1.42391502	1.09441240	0.98317439	1.57635323	1.32638267	0.64396687	0.64562942	0.53741635	1.35459202	1.05678398	1.21384180	1.08146961	0.69763368	1.32609392	1.03663348	1.57323870	1.51606645	1.09274319	1.40852255	1.40727025	0.68680601	1.24824328	1.19255303	0.71054092	1.57789707	1.31293279	1.08128644	0.95243762	1.55544124	0.58680644	1.75396252	1.40607166	1.30475103	0.97923558	0.99575659	1.13308081	0.74417332	1.30271741	1.44140132	0.67088476	1.25135098	0.52650232	1.16689890	1.07752396	1.33659048	1.13086019	1.24503843	0.75993530	1.44388308	0.69502809	1.79886994	1.34945899	0.88371922	1.50359238	0.99956261	0.85618337	1.61606025	1.02861441	1.30095499	0.98847162	1.10817551	1.56202645	1.85117076	1.21459653	1.22307910	1.21206308	1.29131485	1.37860956	1.30952641	0.74890223	1.06558539	1.41211806	1.03161416	0.65580880	1.65995436	0.99163940	1.53447771	1.01805938	1.15107807	0.93769735	1.17484253	1.04891578	1.18635540	1.22039865	1.24513741	1.32836544	1.22719569	1.81364347	1.17145543	1.20901244	0.92223027	0.92668997	1.28792648	1.12896545	0.67210650	1.42741198	1.14048603	1.20280351	1.39612933	1.44161425	1.46364893	1.12772511	0.93179492	1.61706036	1.80556353	0.73599615	1.38965383	1.44390503	0.91577381	1.31022037	1.09676911	1.24185727	1.01501486	1.13844103	0.74417672	1.33598553	1.13476985	1.65909329	0.81398132	1.17316243	1.14438239	1.41452398	1.34384257	1.26152407	1.39232096	1.39835262	1.57227730	1.70551475	1.18582759	1.02663079	1.65499526	1.73195823	1.50406963	1.04832705	1.62578171	1.48356109	1.23166671	0.95230709	1.49944184
02_281	0.59540776	0.68767731	0.44039710	1.22204680	0.23893864	0.74087149	0.87431754	0.99862679	0.50983206	0.73998824	1.04363521	0.98782347	0.84296354	0.82033324	0.39095949	0.60291359	0.88488220	0.82927067	0.60129007	1.06996224	1.13801251	0.57451446	0.80465848	0.93268815	0.36358034	0.56269647	0.29851057	1.07497827	1.06403145	0.63425142	1.20999895	1.15162143	0.89845811	0.75818396	0.87307156	1.48295302	1.12230611	0.61837058	0.61960101	0.25434317	1.29610176	1.06034772	0.91869177	1.07477972	1.05035872	1.25324055	0.94094729	1.34850140	0.89176600	1.29729435	0.83289471	0.82441184	1.02136393	1.43593269	0.83682545	1.27865772	0.86868133	1.46716954	0.65504046	0.38277524	1.19985914	0.91087345	1.00804077	0.57760328	1.45765709	1.30804483	1.02269707	0.98918521	1.34904807	1.22390289	0.84301733	1.01924756	0.61858171	1.40455832	1.22392193	0.76793622	0.93576101	1.31503777	0.83246176	0.83100415	0.52331768	1.32205905	1.09136202	0.72032118	0.89316259	0.30993723	0.86638927	1.03820650	0.75127673	1.34265112	1.62444498	1.36918958	0.63477517	1.24633279	0.91964003	1.08249205	1.33512918	1.01989175	1.41608209	1.41703711	1.75576135	1.06010672	0.40499597	1.25040924	1.30800305	0.88569576	0.81409234	0.96900084	1.08065932	0.83274413	0.89826776	1.04808329	1.47220647	1.38472768	0.72666803	0.82751002	1.58817797	0.25459210	0.63890222	1.03044328	1.15774940	1.16660069	1.24147319	1.31401364	0.95574507	1.09524026	1.35147452	0.72850474	1.45979115	1.60376465	1.35263764	0.84663983	0.70155823	1.32006428	1.17754705	1.03236968	1.73551705	1.26038456	1.46064163	1.38312992	1.63305894	0.47843423	1.53944635	0.99217318	1.25166025	1.14326526	1.34934870	1.14840042	1.50593670	1.16942327	0.94564709	1.39786273	0.95685607	1.13599995	0.67691732	1.35691823	1.37655902	1.21459531	1.07278778	0.96657815	1.56822937	1.51584361	0.82023143	1.36271715	1.52142334	1.01458905	0.92463067	1.01997834	0.90088864	0.99834023	1.20390968	1.73512471	0.27555880	1.04482163	1.25310646	1.30703601	1.39474874	1.38819319	1.23050084	1.54627176	1.50105793	0.72622969	0.90779901	0.87297572	1.32793112	1.27893452	1.28389120	1.10812060	1.39372223	1.11181803	1.17265367	1.48354250	1.52122301	0.96992606	0.95468552	1.59443283	0.88975822	1.20726723	1.08706879	1.38154729	1.26057761	0.96892400	0.94522541	1.35167739	1.12720909	1.71928589	1.29261349	0.94973258	1.42704463	0.80040111	1.12849859	1.50363221	0.93214541	0.43041635	1.33638098	1.49029214	1.11986499	1.17933227	1.38633129	1.23149069	1.54926996	0.50981519	1.31470423	1.78927117	1.41423283	0.99787171	1.34427749	0.61710633	1.20406349	0.84871296	0.96701358	0.42387352	1.77644853	1.10290648	1.14194343	1.26666076	1.39445925	1.49230967	1.09646249	0.86226442	1.40864372	1.11843374	1.42118358	0.92789751	1.22009036	1.11389261	1.82569489	1.42543931	1.66224872	1.45404263	0.59425733	1.24015114	1.43936810	1.32447878	0.77317246	0.79440638	1.32728489	1.48860663	0.83869775	1.27676958	1.78747689	1.54236326	1.44194651	0.63591725	1.44584526	1.61640239	1.10545291	1.04472469	1.27075035	0.91849545	1.10752093	1.39207030	0.64513793	1.29955050	0.67018044	0.95072374	1.10135167	1.39278503	1.40379160	1.05494103	1.02756384	1.19148222	1.27674737	1.29499328	0.89451378	1.71278678	1.54932412	1.82288408	1.52725944	1.31647225	1.39244540	1.48313983	2.01548163	1.31391879	1.33269099	1.30556200	1.39088783	1.56993157	1.33674968	1.78513033
02_179	0.82117458	0.49201152	0.91731729	0.92580029	1.23294926	1.05479239	0.91593383	0.78215872	1.25087483	0.86300972	0.82860136	0.50626755	0.75205534	0.76008617	1.09448911	1.13609707	0.78875031	1.31498598	1.05386673	0.39012754	0.82273586	1.26834577	0.68940615	0.76123789	1.09041351	1.26108200	1.05900147	0.57104336	0.79362452	0.82204964	0.91650061	0.81038005	1.18547816	0.93059425	0.84778221	0.68299202	1.13031796	1.22969402	0.87297411	1.25224879	0.39018884	0.97769665	1.32842362	0.67284226	0.31132848	0.97586185	0.45129603	0.64797158	0.43568045	0.71917438	1.33744622	0.80831603	0.83553558	0.86712455	0.55518706	1.02308085	1.31472101	0.73914759	1.29409816	1.16253455	0.42980251	0.73784482	0.94487906	1.16888966	0.88135978	0.73861498	0.84019216	1.21831068	1.08720438	0.90952869	1.31472244	1.11948376	0.75170544	0.78043252	0.48183774	0.87072507	0.85883193	0.70415214	1.18149223	1.31597002	1.00939955	1.13297399	0.89593245	1.14468976	0.57504203	0.86419858	1.05428484	1.38562969	0.88878219	1.16895858	0.89291830	1.05722013	1.13586406	0.62844615	0.96667610	1.21085941	0.94075509	0.57465092	1.05738236	1.17269612	1.44860909	0.88959325	1.22667989	0.71010620	0.93596485	1.11555547	1.07914666	0.84133017	1.06771038	0.82549081	1.32962172	1.53091262	0.75873125	1.48559252	1.34126592	1.31393273	1.22370090	1.27609503	1.37016551	1.25258067	1.44257803	0.98259818	1.42324288	0.61928647	0.87777096	1.02743318	0.94690145	1.21701060	1.67716344	1.17698837	1.02068697	1.12449518	0.83604011	1.34164954	1.36876085	1.32124490	1.57231753	1.13927550	1.16119274	1.49821572	1.37990341	1.24811553	1.38467695	1.10963917	1.07061397	0.88750382	1.17476728	0.92813304	1.26671670	1.17891497	0.62165490	1.14309613	1.40504969	1.54127343	1.08860887	1.07020725	1.31399301	1.49060067	1.02782919	1.12819273	1.34417543	1.00346677	1.20651357	0.98648429	1.76119168	0.97825184	0.77405971	0.94141451	0.96054317	1.24003703	1.25211631	1.43753797	1.25622753	0.98742783	1.55255896	1.32315328	1.70784762	1.66866614	1.29357026	1.59368671	1.07886246	0.92485325	1.48886594	0.76072278	1.08037905	1.29375055	1.06046896	1.24696182	1.24342816	1.45685065	0.91320413	1.51379765	1.58766241	1.45381722	0.49975135	1.22982457	1.32617924	0.95395311	1.48715083	1.60227665	0.76173847	1.43800264	0.94491247	1.36705963	1.34765304	1.24477384	1.29354666	1.23130910	1.05545999	1.14773388	0.96700218	1.57349275	1.55409601	1.13140367	1.74109996	1.19665174	0.50494150	1.23448887	1.26420796	1.25715343	1.26713928	1.28515150	1.19483658	1.61938676	0.98582672	1.47377156	0.80922309	1.16009469	1.48199213	0.97683249	1.04462842	1.29666752	1.28914101	1.27872337	1.04514489	1.39214530	1.27133846	1.70248978	1.11464403	1.31043844	1.00869754	1.44580109	1.06194551	1.44242238	1.39018784	1.44971028	1.52174414	1.47562144	1.55522711	0.82074490	1.37764283	1.09972836	1.26309716	1.02811694	1.38018220	0.96820548	1.64727092	1.35119963	1.20950186	1.55564307	1.51095636	1.65331205	1.34197189	1.14250800	1.73310980	1.60890418	1.05331478	1.55037515	1.59897383	1.17760712	1.53141608	1.25593235	1.41885408	1.25347729	1.36044264	1.00255704	1.57594867	1.31484018	1.45202585	1.00436329	1.15707234	1.31002215	1.65266061	1.19263696	1.45465055	1.51545102	1.36488231	1.41585618	1.40031996	1.37097390	1.32232767	1.77829973	1.50438902	1.47381926	1.24408664	1.51447764	1.69273309	1.29966808	0.87756935	1.58351802
02_167	1.28102326	0.90788515	1.36651735	1.13775880	1.57915471	1.24687555	1.06556443	1.17538570	1.51623170	1.25422825	1.20067873	0.92698127	1.22185723	1.21675984	1.45023221	1.31474412	0.96919979	1.45294069	1.28386203	0.66384732	1.07135709	1.52278716	1.19860485	1.21160790	1.43177992	1.50378815	1.49102581	0.76142669	0.84091310	1.30216968	0.74183686	1.02748478	1.28787819	1.01600660	0.93121358	0.24319183	1.01837121	1.43345127	1.13695948	1.60975965	0.29303132	0.87562100	1.41462090	0.93997544	0.75145956	1.18408542	0.85050287	0.75357082	0.73317093	0.74998919	1.50107831	0.92771900	1.23180001	0.78477057	0.94844919	0.77409279	1.42724984	0.65264150	1.52054581	1.50387951	0.58224051	1.07554134	1.17377780	1.46172546	0.79947213	0.95233157	0.82590629	1.20754649	1.16860939	1.03022802	1.52062413	1.09551176	1.03496495	0.47515119	0.74534739	1.37232743	1.10103553	0.60232682	1.24310738	1.46025647	1.30820878	1.38289042	1.24176601	1.47465937	0.96827033	1.28071324	1.19971843	1.43474853	1.16843456	1.43315376	0.48461537	1.18848297	1.35925263	0.66949855	1.02158554	1.39553805	1.00711747	0.56001788	1.07788419	1.01718730	1.43835659	1.32561966	1.58478594	0.92929169	0.98901110	1.24065955	1.26271001	1.17539978	1.33162073	1.33579914	1.49676199	1.72459428	0.41140520	1.50695268	1.59102910	1.52559911	1.09186561	1.64091935	1.67829687	1.38988385	1.45303495	1.25296538	1.49357149	0.67235396	0.96153018	1.43514563	1.11223884	1.47494632	1.70073785	1.00926380	1.22012344	1.31912555	1.26787026	1.44828572	1.44764707	1.41226628	1.34867295	0.95204896	1.25942067	1.59761529	1.46535356	1.52878378	1.60434496	1.29708969	1.36328237	1.17212223	1.45983044	1.06483754	1.31216043	1.13571861	0.87149054	1.31418488	1.60252845	1.74974530	1.38660467	1.12831557	1.32781098	1.68173672	1.04101092	1.38607609	1.40734605	0.82419417	1.38848739	1.11417944	1.77025193	1.23955926	1.26581676	1.20579866	1.29340428	1.32801456	1.24669346	1.44526531	1.61577251	1.10253687	1.65438095	1.56694149	1.78171972	1.70999444	1.27965987	1.57199167	1.29810000	1.27173792	1.74784211	0.84845310	1.28610256	1.46180788	1.02623168	1.43320077	1.33527886	1.65394496	1.21426776	1.43932115	1.59046045	1.64999966	0.91854142	1.20223814	1.43430940	1.21013314	1.67112319	1.58990674	0.82610118	1.60326490	1.28145421	1.43871559	1.66191950	1.14004006	1.43682885	1.31393245	1.10147908	1.36127883	1.33261092	1.52827066	1.84866253	1.56123478	1.91354224	1.28971657	0.73950559	1.20100085	1.54547191	1.16601486	1.35800295	1.59343543	1.13529768	1.39308145	1.06335881	1.65254900	1.04889734	1.42566971	1.66824425	1.12763922	1.48850485	1.63303876	1.13414874	1.65942523	1.29204428	1.57737541	1.55742134	1.67273255	1.23871343	1.52714297	1.03323085	1.69413930	1.18262355	1.65646620	1.38953504	1.54975142	1.49762252	1.66872496	1.33535654	0.87178214	1.72300310	1.37664875	1.50032214	1.08674619	1.63812151	1.42443711	1.76038933	1.38498634	1.47751018	1.74274841	1.41422143	1.63574675	1.63292448	1.44046221	1.79214145	1.49750056	1.23485490	1.78698677	1.67648173	1.57181184	1.69779415	1.37188196	1.77664989	1.39463371	1.65034307	1.46614877	1.78330034	1.54436743	1.44531636	1.25625882	1.30585557	1.66111134	1.86995115	1.28826256	1.73716703	1.65923085	1.50410740	1.21824554	1.15357696	1.33593265	1.55066131	1.84963717	1.35650891	1.49840759	1.18872372	1.62212692	1.85017382	1.38305475	0.97742127	1.68216578
02_166	0.22999495	0.57682181	0.39185423	0.76736377	0.87249694	1.26597280	1.20391932	0.46083234	0.91888993	0.37699457	0.43253491	0.50232495	0.20116157	0.14114946	0.67727414	0.94178335	1.15101282	1.06346201	0.79328749	0.99940523	0.64691513	0.94508575	0.16566096	0.28017504	0.72773394	0.96525751	0.60440147	1.06071691	0.83032579	0.21799421	1.35671537	0.59549616	0.99118250	1.15725000	1.21669427	1.28903655	1.46931176	0.95479896	1.07093913	0.86416042	1.09691408	1.36612191	1.13215438	0.53445612	0.75459995	0.81004808	0.54654985	1.14167534	0.55990639	0.92621361	1.06938340	1.06866962	0.36130416	1.05530579	0.55202231	1.45475667	1.13416001	1.28694798	1.04069660	0.75362717	1.06923423	0.34340741	0.72438929	0.81989453	1.29265991	1.10706121	1.23691198	1.23628792	0.94093583	0.74601800	1.01682416	1.36226270	0.57100584	1.30125156	1.02086738	0.30041412	0.92595620	1.24543649	1.13430208	1.06151541	0.64744916	0.83186860	0.53063437	0.71514526	0.94243305	0.73187802	0.83563816	1.20696982	0.52730712	0.85281330	1.41430372	0.86078490	0.86068285	0.92184193	1.16510682	1.19065915	0.85787116	0.91914351	0.96550655	1.49488111	1.34285247	0.63287998	0.80242326	0.91378351	1.26648654	0.89812803	1.34041845	0.58631878	0.74135933	0.27052784	1.13583894	1.21875413	1.26565855	1.64212571	1.00706427	0.99222579	1.55212692	0.89449520	1.00981787	1.06028221	1.30392193	0.69584127	1.24897898	1.12766239	1.07469651	0.58543026	0.94451042	0.88893555	1.51521343	1.35363767	1.01107821	1.34045503	0.24734319	1.13208360	1.38327184	1.10501740	1.84888231	1.49839705	0.99203817	1.31418611	1.25083906	0.94543828	1.10800834	0.93846005	0.73123101	0.57511834	0.92551367	0.77046222	1.41209172	1.35485467	1.05440359	0.90229500	1.09803877	1.22323991	0.69633530	1.33961412	1.41443830	1.18472520	1.09203612	0.79811291	1.19012192	1.44426333	1.07230126	1.04091719	1.58388349	1.20236514	0.49320710	0.63917205	0.51932758	1.32086895	1.13553027	1.31838751	0.90791820	0.81211370	1.31273192	1.01271513	1.52243866	1.49131631	1.18657817	1.45175875	1.33696443	0.59984047	1.13291185	1.15061661	0.81350101	1.46360245	1.30630188	1.06479042	1.04277134	1.42728835	0.65983116	1.70852369	1.43509456	1.19867336	0.89807187	1.15452244	1.12483358	0.76707043	1.21390923	1.45735686	0.83301063	1.17589764	0.57761453	1.18603212	0.97195560	1.40890136	1.11012694	1.23164048	0.95231621	1.31134490	0.63459964	1.74161096	1.19632067	0.68119255	1.44897155	1.06975934	0.85891298	1.56074301	0.98210095	1.33746747	1.09640055	0.96525182	1.51743971	1.88153167	1.20010310	1.17934375	1.16651083	1.13519973	1.28241567	1.23530378	0.59548606	0.93007454	1.49506706	0.88437515	0.73571269	1.52849981	0.96378193	1.56245026	1.01740668	1.05854626	1.05054031	1.10508251	1.07476316	1.15129805	1.25630525	1.22691481	1.43331876	1.22082236	1.83497650	1.24678983	1.03525138	0.88231017	0.98643774	1.30371706	1.04601195	0.52264025	1.40408606	1.21250671	1.08467663	1.31189430	1.53192878	1.49861216	1.07188410	0.84022773	1.57232550	1.79457146	0.82941495	1.26798155	1.41387032	0.77307257	1.27682291	1.12106045	1.07832426	1.06039449	1.04121958	0.63355776	1.28659302	1.10217182	1.63334621	0.81596055	1.17103399	1.02796213	1.34698622	1.34059818	1.14687353	1.39183154	1.39290228	1.66086019	1.74524947	1.28161080	1.06410275	1.61041603	1.80203526	1.49760752	1.17295203	1.56405580	1.45182347	1.27692430	1.02086822	1.50697295
02_123	1.07142979	0.97014434	1.02129241	1.17080565	0.83855910	0.91574990	0.96357235	1.21147735	0.72731412	1.08305162	1.29767358	1.22830499	1.21602483	1.20082809	0.87719998	0.40491909	1.01040780	0.58733415	0.53030098	1.19192224	1.11789994	0.75704198	1.25520733	1.25632963	0.76044086	0.62083035	1.00238840	1.18078657	0.71627438	1.13669861	0.75142366	1.10240428	0.51705740	0.46882901	0.79065195	1.13207821	0.60059796	0.54043057	0.89333561	0.88187976	1.17893593	0.61105357	0.48460147	1.07027229	1.26537309	1.21104522	1.13537778	1.41104548	0.91411828	1.07882458	0.67309473	0.77974092	1.31909893	1.15405174	1.09066880	0.67319709	0.43196201	1.29102781	0.62914590	0.86782477	1.17803771	1.03762765	0.95272365	0.86938002	1.32465492	1.47537382	0.68989596	0.30892903	1.14267680	1.05338977	0.90353361	0.69647741	0.68353891	1.03824016	1.37655239	1.29225491	1.08621871	1.06219777	0.27544680	0.59267710	0.69292558	1.47846156	1.28882238	1.05476611	1.21692043	0.93690445	0.58083270	0.54874990	0.83269686	1.52505796	1.22532204	1.30583315	0.55711376	1.02112460	0.54339418	1.21701471	1.10520566	0.69703353	1.15620809	1.07619103	1.52001843	1.45835880	0.95011594	1.37693675	1.31596689	0.58548378	0.95630229	1.09626744	1.24001536	1.32615486	0.69831494	1.12989431	1.10829467	1.28982554	0.91842859	0.88149966	1.29558449	0.91705017	0.97292358	0.79710319	0.62504100	1.30823842	0.92454360	1.26555956	0.85819917	1.47151324	1.41772637	0.91086253	1.10435754	1.21708757	1.47592875	1.04066077	1.09488503	1.20565995	1.11823008	0.74879202	1.22784621	0.71933702	1.33669593	1.19784635	1.49593979	0.67974772	1.69171999	0.84436400	1.44173921	1.26673866	1.57086839	0.95194659	1.49148729	0.79725392	1.12177418	1.42275841	0.97547302	1.24389901	0.90629096	1.37022408	1.23572992	1.30073360	0.79602097	1.12089175	1.40299914	1.17626199	0.85915849	1.39267118	1.18050055	1.28374586	1.37525029	1.06546788	1.15444142	0.94618253	0.68046947	1.52407557	0.91474955	0.79148871	1.11556617	1.47294571	1.12831590	1.06943185	0.72334076	1.16409836	1.72352896	0.92120090	1.14581053	0.74525793	1.38673045	1.43091907	1.05802889	1.19240370	1.26112094	1.29294240	1.36290968	1.12442602	1.17831329	0.93312042	1.25038330	1.29131524	0.49671665	1.22875289	1.06958368	0.89545530	1.02614082	0.85358963	1.19001608	1.11226712	1.43033382	1.42546997	1.16325885	0.77769825	1.20907251	1.00607340	1.38553950	1.17274815	1.24408247	1.07902565	1.40284582	1.32780333	1.12177425	0.81017160	1.56811971	0.64333055	1.45320316	0.81401400	0.99990723	1.28404993	1.32860031	1.00450493	1.54557057	0.91399419	1.20898841	0.91115895	1.41447529	0.90901028	1.43704073	1.50815622	1.24627627	1.46514417	1.60464802	1.01498120	0.84022575	0.82337887	1.23969063	1.30760383	1.30941704	1.02829197	0.67910812	0.86314680	1.55869430	1.53537961	1.11224867	1.46086824	1.07078220	1.39539647	1.59006859	1.31558286	0.96824792	1.25752326	1.20880384	1.22136619	1.09794134	1.27125373	1.42549564	1.17068671	1.64492812	0.81295336	1.15106830	1.22404214	1.04200981	1.14446403	0.96416387	1.32755554	1.10044375	1.24485840	1.12565560	1.23210072	0.94216988	1.40588516	1.19721093	1.45307939	1.22983448	1.04829998	1.02685300	1.52627673	1.41624157	1.29943214	1.15877497	1.67711233	1.62709816	1.40872205	0.87802710	0.77690859	1.52501030	1.21253705	1.77192364	1.08260406	0.80730081	1.31240917	1.41476038	1.49324613	1.16263626	1.68026017
02_121	0.45305323	0.75521706	0.60227358	0.47077326	1.04220764	1.41343191	1.36868576	0.13155598	1.10094760	0.64978355	0.62935391	0.66541359	0.22776459	0.41729720	0.90927498	1.01457909	1.29454810	1.16865586	0.79558331	1.06657617	0.31455373	1.13507656	0.42682334	0.19129111	0.80284428	1.02246179	0.77984142	1.18947903	0.69334260	0.43702269	1.31025512	0.42609430	1.01378078	1.15530494	1.29407253	1.19295279	1.47264824	1.05359335	1.21531229	1.04218010	1.07932746	1.38446476	1.17955759	0.31903129	0.86422273	0.54877372	0.67774497	1.26386348	0.61666542	0.72992132	1.14667885	1.21069461	0.61084611	0.98518226	0.75795986	1.40983393	1.09431126	1.14621573	1.02750316	0.98842941	0.96069450	0.35747936	0.51392610	1.05283754	1.38022802	1.23361408	1.14974782	1.23774304	0.82732093	0.64486654	1.23387108	1.47440180	0.64603164	1.27463092	1.11516889	0.46357614	1.07153188	1.10140895	1.17700324	1.14299917	0.71219070	1.04761869	0.52387799	0.95660451	1.02191981	0.88062500	0.79151408	1.24441843	0.66052158	1.05095484	1.36763406	0.93531294	0.86312920	0.66335877	1.06426378	1.40408811	0.69385056	0.86100297	0.90048817	1.58663493	1.32081190	0.75359631	1.02618255	1.07857903	1.43903211	0.93264804	1.43045046	0.31773166	0.98443028	0.40393935	1.04695582	1.45694591	1.22912371	1.80623115	1.24321060	1.18171764	1.53983976	1.06352334	1.14587874	0.96548196	1.32974112	0.87780440	1.19654239	1.10510102	1.23175261	0.77705608	1.11942302	1.11617453	1.50602904	1.33994871	1.17948867	1.47899504	0.48927553	1.23239404	1.59563229	1.21516135	1.86330246	1.53361835	0.96771922	1.26888381	1.13127783	0.99816967	1.30376243	0.73150463	0.90005830	0.71599049	1.06953594	0.59356534	1.59482145	1.39769146	1.18152517	1.03910041	1.25101058	1.42595204	0.91721043	1.50480049	1.56345816	1.42333862	1.21616725	1.03940071	1.16162514	1.32800810	1.28244851	1.21322915	1.66645709	1.33115995	0.60890372	0.58853955	0.78448677	1.52843248	1.07074740	1.30891670	1.09396140	0.77501116	1.48034937	1.21022631	1.51369112	1.53087040	1.16832528	1.46789148	1.43365450	0.47910384	1.36636610	1.18484226	0.95479376	1.58467534	1.37274720	1.30587391	1.12635479	1.61269771	0.86693412	1.71698146	1.44996334	1.20396247	0.95705710	1.07083396	1.15606564	0.48713438	1.29260252	1.45482805	0.61040445	1.24275761	0.80385088	1.17019099	1.18007416	1.32407116	0.99759442	1.40474949	0.89403852	1.43181427	0.65976034	1.72673798	1.38055243	0.85087083	1.68209115	0.92027348	0.75521806	1.49327265	1.01283655	1.35406359	1.15508186	1.02619746	1.47831302	1.90947268	1.10420929	1.38631300	1.26763982	1.26469914	1.30567193	1.37390047	0.72435267	1.12022122	1.43100473	1.03800159	0.92319839	1.66758515	1.08395945	1.58877641	0.82432555	1.02655329	1.10760162	1.33717316	0.87933185	1.37078075	1.20933996	1.30915886	1.37925501	1.43742690	1.85589029	1.35117508	1.20901330	0.93002406	1.17858764	1.47226920	1.25560094	0.60822885	1.55487339	1.17469961	1.28168902	1.32688019	1.50846115	1.55063845	1.08895272	0.86579890	1.54953705	1.84684691	0.88872212	1.32403161	1.41753693	0.91304758	1.47255151	1.02827561	1.21473514	1.15472485	1.20092272	0.68223475	1.49678237	1.02378508	1.77478252	0.59070292	1.33713231	1.12606928	1.56071819	1.51550383	1.33334488	1.28782306	1.55695043	1.62801537	1.72134609	1.23750376	1.24502011	1.58057275	1.82001881	1.62657117	1.08635622	1.74222784	1.65017604	1.33048791	0.72490588	1.38146969
02_303	0.78092555	0.82652325	0.81262532	0.89790762	0.88712351	1.25084909	1.18509792	0.91059663	0.66894557	0.65630073	0.78775663	0.88375736	0.88327172	0.79495197	0.70485021	0.53171425	1.19561832	0.54103162	0.49098222	1.22249539	0.77664230	0.66302942	0.93575869	0.92797665	0.75860007	0.76414732	0.91884804	1.19363874	0.45494273	0.85387404	1.11638077	0.65468226	0.26186553	0.95185299	1.14302070	1.15528699	1.13427846	0.51998582	1.14716917	0.91714413	1.14903664	1.04979245	0.47841475	0.70265676	1.11473084	0.96188726	0.91578840	1.29407984	0.65571578	0.91932896	0.73492903	0.93322786	0.84825043	0.90504228	0.81502195	1.06571549	0.61955478	1.39089250	0.83144925	0.75251229	1.26262655	0.55799817	0.75873411	0.66450070	1.28543108	1.42940142	1.08814782	0.68287978	0.80957188	0.55928123	0.66589061	1.00000763	0.54935529	1.11352114	1.32187285	1.03936927	1.11215436	1.24362824	0.53189443	0.60962274	0.58546570	0.99495114	0.96552793	0.86608951	1.31680535	1.02927618	0.35722613	0.51649189	0.36630970	1.10702201	1.17521563	0.78273197	0.59311064	0.89371857	0.95686252	1.25141610	0.59297864	0.71010762	0.60219155	1.22230497	1.17594185	1.25823801	0.91813979	1.16146421	1.29753575	0.21060308	1.36511336	0.88328127	0.75768721	1.02564985	0.90458475	1.00502776	1.00540077	1.52610586	0.77074649	0.77456338	1.46091133	0.97013358	1.06392154	0.84548424	0.52334192	0.76308275	0.95063517	1.30820030	0.85420213	1.15475650	1.07783664	0.64531987	1.16439070	1.06072815	1.24485892	1.40436219	0.77805577	0.97822958	1.18331116	0.49470475	1.49329054	1.07234590	0.95413697	1.19113882	1.29019279	0.80756135	1.30102100	0.82671220	1.03332771	0.72637881	1.29459657	0.58207045	1.42449976	1.09061855	1.22901309	0.94176469	0.92670105	1.15462448	0.65737152	1.40475116	1.27689700	1.06582808	0.72165030	0.69010690	1.11881029	1.37064785	0.76194140	1.11749911	1.13728749	1.47762164	1.18175664	0.78943714	0.74363289	1.06803575	0.43527888	1.17261193	0.99606456	0.23169530	0.98017884	1.17607324	1.25905661	1.13087003	0.40253581	1.02958447	1.73889718	0.78739652	1.10004435	1.06414692	0.90423553	1.65399545	1.18541159	0.98060961	0.85134908	1.49989042	0.92216400	1.49494095	1.06759592	1.09233038	1.29363228	0.86032826	0.52040369	0.99120461	1.11330380	0.92203798	0.67008661	0.93530359	0.71957979	0.95830360	1.24315503	1.31945290	1.08643328	0.84491806	0.66921476	1.37994664	1.11803912	1.55940507	1.28732918	1.02355390	1.28839030	1.06007198	1.08820062	1.36299982	1.33561257	0.78352699	1.03057619	0.94495136	1.39442177	1.50107158	1.36095271	0.87910152	1.53511113	1.22518259	1.29805831	1.19294972	1.19189694	0.90483018	1.34263503	1.35015407	0.76205227	1.72025740	1.30507729	0.99963587	0.83719386	0.94188647	0.91163933	1.12332657	1.19004441	0.85656089	0.64443505	0.82073544	1.24944451	1.25448170	1.41568253	1.31160322	1.15947122	1.18502017	1.15105177	1.27997383	0.88023710	1.04686761	1.11175467	0.95845296	1.17257865	1.30690916	1.23876100	1.05045391	1.43826902	0.78670117	1.29614038	1.48928183	0.58707894	1.25783882	1.05322207	1.17084807	0.98685412	1.07677716	1.20028845	0.92461134	0.91884592	1.17572751	1.07706581	1.30143860	1.42281064	0.87756948	0.96716456	1.41027645	1.29527516	1.27630574	1.15091426	1.53478936	1.49527427	1.36886285	1.24507773	0.52610009	1.14538531	1.34711617	1.71411153	1.16477784	0.43644452	1.45990381	1.28356281	1.27954260	1.04566110	1.57909481
02_99	0.20399227	0.65696135	0.27364825	0.87200164	0.76203356	1.21584004	1.22671011	0.50136145	0.92162640	0.54229198	0.68144530	0.69708683	0.26547623	0.35987910	0.66298558	0.96542047	1.16421623	1.14269898	0.79355954	1.05310885	0.76022551	0.96384138	0.27969456	0.37113830	0.62031160	0.91921014	0.43011608	1.14077268	0.98396970	0.12617004	1.41939289	0.81191602	1.08764557	1.12862601	1.21889708	1.43557785	1.49780126	0.97305331	1.01689828	0.74850588	1.22334827	1.40418252	1.21053104	0.71909731	0.86851047	0.91427803	0.72370416	1.28834822	0.74858705	1.07933733	1.11895830	1.13149045	0.63555840	1.28183634	0.70305899	1.52883060	1.14169892	1.35905392	0.96336078	0.73729232	1.09113700	0.57223374	0.78987487	0.86455473	1.47020237	1.22215387	1.22572356	1.30724290	1.14073617	0.98000293	1.11728436	1.42537808	0.66179942	1.45208282	1.11872219	0.19129673	1.01130686	1.29263001	1.18856841	1.12707107	0.64981261	1.09495647	0.69829475	0.79856629	0.89754901	0.59059224	0.92955290	1.30512748	0.69180897	1.09814843	1.60176302	1.14277209	0.85129995	1.02764751	1.14033421	1.28821208	1.07346832	1.04455999	1.21438618	1.64082056	1.58379665	0.69721325	0.75164360	1.11114992	1.41087111	1.01732678	1.25267265	0.60371481	0.96846531	0.18678880	1.08922569	1.32739762	1.44795998	1.72237893	1.06432114	1.08550259	1.67023391	0.75641909	0.94678510	1.09419045	1.40915098	0.93514024	1.33222771	1.22945667	1.18960691	0.73091999	1.19462127	0.96860749	1.61416743	1.57543474	1.21352227	1.28193324	0.36974869	1.32232647	1.50013805	1.24314382	1.97534260	1.58535712	1.22820572	1.39830871	1.40276958	0.84860977	1.34056525	0.92309898	0.96610997	0.84233350	1.10244949	0.93241172	1.58679706	1.44245070	1.07792810	1.17879096	1.17881395	1.32392717	0.79514499	1.47390478	1.56238974	1.34329294	1.26245593	0.97302055	1.39698046	1.53040088	1.15222025	1.26990492	1.72721528	1.17933034	0.49754488	0.77988489	0.74213430	1.40218084	1.27674621	1.55912204	0.78752074	0.98086873	1.46267111	1.19810522	1.57506481	1.59277542	1.33672547	1.62523311	1.40018129	0.53337966	1.18728686	1.14920761	1.08666209	1.47093773	1.43153005	1.23024858	1.28501116	1.43776116	0.91090096	1.76236740	1.59457606	1.17695129	0.87141609	1.39762945	1.17621896	0.83500682	1.26116249	1.57483297	1.00693578	1.21429867	0.76037153	1.33480385	1.07090571	1.59562642	1.18522910	1.32286087	1.20032088	1.23426596	0.74792828	1.76980582	1.18024895	0.51939020	1.56662456	1.23504742	0.93027440	1.51058318	1.10042382	1.46682194	1.35124583	0.84381299	1.53777672	2.02104259	1.28403731	1.28112449	1.24127549	1.05701535	1.30114793	1.22980436	0.60038951	0.84747649	1.68912835	0.91592273	0.97242889	1.51456926	1.12734317	1.69582038	1.04448851	1.01950256	1.29163988	1.22121817	1.16916860	1.22137523	1.36940428	1.32960561	1.65351466	1.40516341	1.94683355	1.39371011	0.93630086	1.00407700	1.21861061	1.43793695	1.07944406	0.42949373	1.52773582	1.39618085	1.09805446	1.33831773	1.73816443	1.67158696	1.15460385	0.77079975	1.62145170	1.89160837	1.00175322	1.23370259	1.46987782	0.75867150	1.37125978	1.24007122	0.93734872	1.23929571	0.99597166	0.53951213	1.35586117	1.16067971	1.71614997	0.81551443	1.24957230	1.03025751	1.43790706	1.45170510	1.14086713	1.47907634	1.53563936	1.83418687	1.82406601	1.41926271	1.24985322	1.64571138	1.97738626	1.59708991	1.34488573	1.61712636	1.56683543	1.45412280	1.07646818	1.58749603
02_264	0.21831833	0.52300276	0.35492034	0.90443152	0.81294985	1.21164947	1.15282230	0.58874509	0.83439810	0.24126555	0.36660049	0.46501392	0.32221933	0.10191433	0.57856789	0.91461832	1.09925643	1.03139985	0.78702306	0.99806528	0.75335343	0.84895046	0.22214404	0.43956286	0.71569923	0.97043760	0.57389867	1.02262763	0.87829892	0.23528954	1.39251667	0.69589528	0.95430050	1.15482327	1.20016091	1.33728256	1.47035951	0.89694785	1.02598451	0.81333140	1.11338740	1.34520078	1.10325589	0.64545301	0.75695640	0.95786825	0.60374348	1.11446537	0.58255227	1.04058316	1.08742825	1.01221605	0.37017147	1.13397665	0.47833422	1.46268694	1.13428704	1.38640179	1.05520291	0.67325580	1.13053635	0.37999441	0.84306726	0.70386448	1.31958602	1.15434178	1.26886366	1.24177479	1.05054583	0.81402382	0.91466923	1.30084097	0.60506423	1.33751991	1.03881388	0.41509255	0.98374629	1.32380267	1.09128758	1.05692687	0.66613589	0.82765161	0.69081260	0.73186633	0.97006982	0.72308736	0.86230374	1.18537809	0.48795127	0.90121849	1.44023192	0.88985460	0.87693351	1.00795550	1.20680615	1.20659667	0.90173688	0.95570056	0.98619822	1.49711881	1.43071354	0.76969651	0.77935156	0.93544450	1.24807691	0.87117466	1.31669901	0.71885796	0.67083762	0.35105743	1.18931811	1.17775068	1.26455003	1.64957750	0.91347887	0.97863472	1.63545011	0.84118467	1.04077477	1.14655646	1.25631552	0.61402420	1.33207285	1.21238305	1.00233097	0.70245883	0.96079591	0.77020362	1.58589989	1.41182717	1.07027942	1.32654987	0.32671768	1.19143974	1.34991109	1.05936394	1.89207791	1.47503979	1.09304904	1.42452309	1.39573771	0.92988929	1.15225562	1.02322572	0.80416788	0.55790616	1.03236145	0.85577475	1.42738892	1.39448709	1.03217000	0.93364184	1.12045701	1.24340923	0.66769578	1.35635090	1.43669317	1.16634859	1.07210692	0.70289759	1.30004645	1.53935144	0.96142291	1.05531349	1.60706425	1.24595997	0.62491680	0.76922190	0.51527954	1.23965184	1.15166594	1.40491426	0.86902380	0.80181925	1.30752671	1.06768908	1.59987782	1.54411276	1.16264308	1.50556781	1.42546808	0.67857366	1.12726992	1.14012128	0.84947385	1.52472223	1.35514484	1.03510709	1.08293416	1.45456037	0.66520256	1.77226237	1.49768921	1.27084965	0.93382686	1.22228093	1.09651721	0.91552944	1.28170100	1.49460007	0.89730978	1.21823791	0.47558695	1.27435597	1.04169303	1.52262459	1.24026924	1.15612338	0.97963950	1.30964707	0.79132849	1.81614645	1.23218126	0.69324881	1.43147554	1.20432259	0.96310040	1.58986553	1.12745384	1.34785522	1.15807915	0.97142454	1.58518113	1.91614993	1.33504909	1.13490155	1.22921194	1.15263636	1.38252668	1.19578664	0.72328622	0.85649532	1.59262883	0.99856826	0.71438160	1.57914354	1.07425115	1.58414935	1.10966777	1.12352049	1.08818397	1.11340625	1.22323007	1.05090609	1.28735851	1.24242852	1.52771474	1.23693723	1.85671355	1.20654923	1.03854396	1.00950186	1.00137409	1.27144699	0.99078030	0.59454663	1.40947799	1.29238207	1.09217383	1.41137855	1.60422224	1.53477619	1.21354756	0.84177020	1.65063517	1.82997903	0.80542007	1.33482808	1.46033084	0.85462104	1.22923455	1.23663062	1.06462272	1.08919383	0.97503004	0.68470472	1.23072909	1.23888342	1.61738784	0.90492921	1.09133019	1.12665020	1.34775410	1.30633869	1.13886638	1.53437224	1.41973731	1.71195464	1.73683137	1.26261112	1.06303703	1.68567996	1.85923081	1.47489404	1.17716505	1.54748333	1.43678277	1.34598146	1.12435436	1.64390218
02_209	0.95923288	0.83278739	0.89367472	1.17883133	0.69609119	0.73946805	0.80971014	1.15782136	0.62214255	0.98268595	1.22046548	1.12825120	1.12719648	1.10360502	0.74600938	0.35114430	0.85481192	0.59133864	0.49285657	1.07056988	1.11365887	0.65780444	1.14196263	1.17958565	0.65269390	0.56297990	0.86221746	1.05416809	0.75911000	1.02282410	0.75164827	1.10032837	0.56807031	0.36086600	0.65670294	1.13726235	0.58832719	0.49020763	0.70998518	0.74261735	1.11670712	0.56322736	0.54873588	1.05024906	1.14871514	1.21859243	1.03825656	1.31252961	0.84260582	1.09537027	0.67236622	0.64574747	1.23719973	1.18043186	0.97419301	0.71176744	0.51216858	1.26756393	0.59883842	0.73563314	1.10603503	0.98816054	0.95638286	0.75540807	1.27359964	1.36848334	0.65374158	0.42322565	1.18352971	1.07740809	0.83588275	0.62004751	0.60304594	1.03637288	1.26504783	1.18054839	0.98452463	1.04598055	0.31757725	0.60560392	0.61990590	1.42276469	1.23852601	0.95973867	1.06862452	0.76605570	0.62134133	0.63852044	0.77773749	1.46852108	1.24605158	1.29988475	0.53378695	1.03284217	0.53991120	1.11928133	1.14528241	0.68498819	1.20016465	1.05792782	1.56749136	1.35696456	0.82017434	1.28821341	1.22229618	0.61732757	0.79747803	1.05923698	1.17422361	1.21850219	0.72664611	1.07215482	1.11496784	1.22133291	0.82742029	0.82805153	1.29880226	0.77386940	0.88321768	0.84108044	0.72652767	1.24996296	0.99260136	1.20383747	0.76275919	1.38456137	1.35747774	0.82036145	1.18051201	1.26546125	1.40725706	0.88120570	0.99918885	1.20982379	1.04628887	0.77426076	1.28002374	0.72741366	1.35658024	1.23690701	1.52939914	0.59884119	1.64318649	0.87030401	1.38739191	1.21806478	1.50689148	0.98750087	1.42722379	0.79583962	0.97827240	1.39724769	0.94313585	1.19473665	0.82320537	1.28283534	1.19763058	1.25185549	0.77343875	1.05144133	1.43505291	1.19137969	0.76466483	1.33476199	1.24227861	1.14700095	1.26383586	1.04550424	1.07435595	0.83915100	0.79867685	1.56591038	0.76908658	0.82465709	1.11365411	1.42052826	1.18423077	1.12866624	0.82601951	1.24336847	1.62066035	0.86687266	1.06353038	0.63288298	1.35516661	1.32744490	1.03079421	1.12457695	1.27396795	1.18897162	1.29471855	1.14053827	1.24980051	0.92625019	1.11625208	1.35495289	0.55553737	1.22384071	1.05707801	1.00314686	1.05622270	0.85775187	1.10988107	1.16100476	1.35359085	1.46545823	1.19327405	0.71113694	1.24521716	0.85470244	1.32502042	1.19240284	1.16155637	0.94984020	1.35957680	1.36638593	1.06830328	0.79417847	1.52796094	0.73202582	1.46247669	0.72783406	0.99146979	1.33904454	1.30921158	0.96325580	1.43842334	0.76631278	1.19490811	0.76627748	1.32037861	0.78314668	1.48395220	1.41862288	1.19985028	1.35018213	1.55399101	1.11771005	0.89150193	0.81919717	1.24061382	1.24462947	1.32554958	0.96142843	0.80558531	0.89751612	1.61937270	1.48888005	1.17078365	1.38282268	0.95437826	1.35077982	1.54165714	1.23239727	0.89027263	1.15984353	1.21294651	1.27940290	0.98753409	1.27003369	1.49385300	1.24152410	1.60406957	0.75279787	1.21560095	1.25205145	1.03367243	1.11465397	1.02851148	1.23954000	1.06518375	1.27703663	1.01563432	1.22886287	0.85288539	1.30926313	1.14548445	1.44508734	1.18413422	1.04652835	0.95061738	1.45069073	1.36613877	1.22399457	1.07866233	1.69193313	1.56840794	1.46658201	0.95345109	0.89536479	1.47977876	1.27592416	1.78203310	1.07263489	0.92159764	1.24098158	1.38410033	1.48801440	1.18449895	1.71040819
02_187	0.39691585	0.52279580	0.41410715	1.06431395	0.66108970	1.08992274	1.02987358	0.83140002	0.56374943	0.13778238	0.46244484	0.57889910	0.61075967	0.40174032	0.34364445	0.71923676	1.01796047	0.78941507	0.67562836	1.05388879	0.91648083	0.55677755	0.52915877	0.71765392	0.65160138	0.84511574	0.57192444	1.00451735	0.86287007	0.46240007	1.34200823	0.80862951	0.74510049	1.07074477	1.11757555	1.36322885	1.35068618	0.66020757	0.94394199	0.67313286	1.15991333	1.22193023	0.87684738	0.79381246	0.86436500	1.11632355	0.70936648	1.12289546	0.61243302	1.14334050	0.92567519	0.86175765	0.50423939	1.15538519	0.47678051	1.36479058	0.99101093	1.49956567	0.96926639	0.44396405	1.25459622	0.48488530	0.94140102	0.39217118	1.29137112	1.22663683	1.25736145	1.07269156	1.09114040	0.84111946	0.59060844	1.09326250	0.55632713	1.30874958	1.11833484	0.67477824	0.97795698	1.39741201	0.86924666	0.85593280	0.59299079	0.79627738	0.86749048	0.63185458	1.07101452	0.73185138	0.76177479	0.96158401	0.33110134	0.92272215	1.41224151	0.86506759	0.77482134	1.12215496	1.18010091	1.10224506	0.93371675	0.93344676	0.95079371	1.36271033	1.42368350	0.97415214	0.64646715	0.96653270	1.16847814	0.67345802	1.24794440	0.90382582	0.51446863	0.65043310	1.14730814	0.93080296	1.22367955	1.51050443	0.60539902	0.76731860	1.62490660	0.71914097	0.95735819	1.12644022	1.01329533	0.54651557	1.27256517	1.30227290	0.81179214	0.85860148	0.94623049	0.44152965	1.48658205	1.35707212	1.09204304	1.24723459	0.45479854	1.10588860	1.13927416	0.79827666	1.77793881	1.31249121	1.12603469	1.41548733	1.48562008	0.81537311	1.14493229	1.07426253	0.85968906	0.57243097	1.12255408	0.89703419	1.34338618	1.28741737	1.02127756	0.91185281	0.96173248	1.09440535	0.47217726	1.29818785	1.31180979	0.97208081	0.88416970	0.45566153	1.32060719	1.58398505	0.65615831	1.01140232	1.42215623	1.27128106	0.86110093	0.85234128	0.45619831	0.99308643	1.01504236	1.39670227	0.74056998	0.69262276	1.09577895	1.03455543	1.51782195	1.41067668	0.97315417	1.38340871	1.53706081	0.77826587	0.95418968	1.07693868	0.84178461	1.52375661	1.28701924	0.84612715	1.00250841	1.36114809	0.68129468	1.69680163	1.38868645	1.22121905	1.05486604	1.20987169	0.88347671	1.09311489	1.19996522	1.33934772	0.96844740	1.09075436	0.36862483	1.22546127	1.03383219	1.56326213	1.29099047	0.88480919	0.95853601	1.24015746	0.96856965	1.75929898	1.14016058	0.70576154	1.22203556	1.28863494	1.09410743	1.54311398	1.25297944	1.17589486	1.13835733	0.89367087	1.56011745	1.78563608	1.44542888	0.87325328	1.32542805	1.08885513	1.37001279	1.07451396	0.90009323	0.66381016	1.60189614	1.10349892	0.62517645	1.56556225	1.15814861	1.40022815	1.13997820	1.08382018	1.04004735	0.97225911	1.35367455	0.74727697	1.14615013	1.05988479	1.52495479	1.13228605	1.71092861	1.18415206	0.94611395	1.10471102	0.97745662	1.16410215	0.74989869	0.75472490	1.21558991	1.25138742	0.98567080	1.39557202	1.54657231	1.38113874	1.34336845	0.77659124	1.57007884	1.69836830	0.69522414	1.28156508	1.33492430	0.92404459	0.97848093	1.27483804	0.98784575	0.99881339	0.77670235	0.86996042	0.98994159	1.34308830	1.44929228	1.00879704	0.88369560	1.21103475	1.18754248	1.16951848	0.99606610	1.63801049	1.37035262	1.64963796	1.58498297	1.08543263	0.99624440	1.60790359	1.83657676	1.27144321	1.05366104	1.38554808	1.24541873	1.33322019	1.25777667	1.73258479
02_59	1.04893439	0.53611413	1.04574732	1.39410820	1.11406582	0.51142423	0.30468997	1.25577047	1.10517346	1.02137822	1.13633590	0.82535330	1.14676280	1.07804189	1.03032559	1.04258885	0.16924834	1.21296139	1.11072271	0.35594090	1.30758736	1.11336148	1.02381241	1.19756241	1.11773324	1.21286448	1.09572304	0.26915140	1.07152837	1.07575109	0.77764034	1.25066548	1.19703234	0.71146412	0.36682254	0.88514434	0.80671659	1.14110210	0.41922385	1.14331663	0.59483006	0.62091118	1.25837865	1.14568787	0.58121981	1.42718367	0.73859553	0.61333501	0.71947544	1.14876138	1.27455573	0.34275927	1.13931862	1.16774132	0.68427358	0.83763340	1.31436303	1.02647072	1.29119531	1.05619708	0.75163043	1.09660259	1.29244649	1.04493709	0.81429054	0.75517972	0.78194588	1.10020445	1.42233112	1.27478757	1.15894244	0.65971915	0.85382553	0.79045911	0.56294319	1.17214939	0.78369015	0.91069405	1.03619465	1.24114083	1.08632523	1.31262976	1.27759407	1.13617519	0.54369722	0.78210996	1.18578438	1.32424194	1.02857083	1.36739894	0.99914395	1.32527845	1.17733607	1.10310656	0.96316860	0.96956915	1.34687609	0.72245892	1.37630871	0.88449070	1.70246320	1.18133376	1.12911096	0.81402736	0.65241803	1.16096539	0.63515270	1.25922716	1.15473287	1.17698132	1.40047583	1.33915084	0.87788083	1.08948519	1.15595579	1.20026219	1.19509253	1.16802511	1.29339550	1.39390821	1.38094433	1.19175274	1.51717147	0.80182929	0.55094590	1.29485622	1.07763023	1.09590592	1.69308818	1.29782101	1.12290708	0.63684223	1.06948017	1.40704763	1.00989504	1.25095917	1.38209366	0.79878303	1.47074872	1.62961752	1.71573016	1.20778410	1.53179306	1.37093505	1.31767991	1.18123251	1.38772984	1.28831563	1.09251080	0.98334890	0.22141500	1.36449897	1.32087890	1.42990801	1.06921752	0.82201495	1.09945780	1.38427277	0.87250017	1.13047979	1.60199541	1.12831801	0.94905554	1.04004668	1.67761529	0.74584237	1.09275560	1.24961420	1.09554266	0.77474111	1.36648090	1.68681645	1.11295187	1.19158964	1.42979904	1.40930294	1.70954126	1.62301371	1.35271778	1.64176776	1.12349209	1.19377459	1.32695984	0.44173671	1.31890882	1.06762488	0.92008011	1.11213390	1.40288327	1.15407985	1.13438116	1.32898074	1.64028883	1.46350573	0.60021594	1.54503220	1.27145279	1.41435690	1.46468779	1.58925082	1.20866651	1.38799187	1.09690600	1.50877896	1.39534769	1.48922236	1.53796525	0.89753596	1.38653956	0.74397952	1.31551180	1.42736105	1.43972958	1.16500178	1.55602817	1.56850294	0.88624159	1.04593201	1.54907098	1.15042753	1.50202370	1.25163886	1.06490569	1.42488394	1.24065955	1.30169479	0.85469718	0.89330267	1.51827379	0.46297276	1.30374040	1.16063080	1.48142626	1.42990313	1.20443325	1.11454190	1.50422124	1.65498793	1.36429826	1.37226212	1.18045578	1.37059282	1.45277306	1.25514689	1.44212265	1.38857052	1.78584023	1.46679874	1.31399953	0.80660914	1.25217673	1.34883992	1.43155743	0.76626639	1.22403820	1.21932898	1.53477042	1.55336167	1.00263903	1.62134223	1.65346364	1.64382939	1.62311395	1.20264546	1.73908420	1.37767787	1.22419058	1.52989326	1.58285452	1.31627954	1.35471882	1.51988473	1.33234029	1.35760649	1.23656942	1.29460164	1.40202205	1.60757239	1.08416439	1.35681409	0.93355871	1.45503264	1.52988051	0.94116433	1.32363839	1.82479122	1.31586816	1.47836688	1.17111423	1.44059336	1.42770388	1.79376854	1.54809477	1.22601149	1.40936122	1.17524016	1.54928742	1.44297220	1.33522931	1.87810354
02_228	1.11547500	0.83159004	1.17515387	0.98884267	1.37832279	1.08126481	1.00290716	0.98141992	1.42136968	1.21979589	1.23749098	0.95296597	1.05417391	1.13014241	1.33257539	1.20019324	0.89042110	1.41354114	1.12651496	0.57908362	0.95100149	1.45257876	1.06053313	1.03856700	1.20398082	1.30261175	1.25805821	0.79470495	0.83847457	1.12205666	0.64964449	1.01075623	1.27760155	0.78834747	0.77820863	0.52817222	0.92192373	1.34060443	0.94147729	1.40222828	0.48390240	0.82818325	1.38513122	0.86993742	0.73170952	1.02744551	0.80335107	0.93627598	0.73563852	0.69607055	1.38775479	0.92136725	1.23459657	0.94655345	0.95530372	0.79104380	1.29113075	0.44318277	1.28315881	1.37933923	0.18457366	1.03689219	0.98705184	1.41289739	0.98947345	0.93654044	0.53486849	1.15381004	1.17501175	1.09066791	1.54369233	1.13459011	0.90399011	0.68331015	0.73997189	1.15536074	0.98170868	0.30341002	1.20384170	1.38363883	1.13288258	1.49862855	1.12213309	1.37077110	0.68074046	1.00342392	1.11838323	1.43291647	1.14381346	1.49628910	0.86105052	1.34258865	1.17981846	0.55917489	0.74112723	1.35556072	1.10456282	0.55008100	1.25296147	1.16729340	1.56673534	1.14126504	1.40577829	1.03428666	1.12346883	1.23627477	1.00333367	0.94352581	1.42512431	1.14449661	1.25181498	1.72707273	0.80354513	1.49538771	1.55953936	1.47412603	1.07712826	1.41983366	1.45188670	1.20273351	1.50094628	1.36871913	1.38071827	0.56779692	1.05717376	1.32979499	1.27056526	1.47041098	1.63426660	1.21030082	1.27884263	1.09748899	1.12885842	1.48175490	1.50170312	1.46447610	1.42069090	1.03326023	1.32332709	1.46543753	1.40089497	1.30384281	1.69034170	1.05700286	1.38342588	1.25512953	1.42080764	1.02405199	1.43437259	1.08174003	0.76400160	1.44968806	1.52140376	1.69856118	1.32067465	1.19399650	1.39325751	1.72385620	1.15540635	1.44963437	1.44183472	0.70655118	1.41809691	1.27053647	1.81022947	1.00110654	1.04479193	1.08327820	1.29104521	1.38151429	1.28007325	1.56911828	1.39443172	1.14667246	1.69658695	1.57531293	1.64614376	1.65949190	1.36899952	1.62817055	1.16649991	1.01932807	1.65865525	0.66852688	1.39604965	1.26774867	1.03607624	1.49476035	1.45188245	1.50281019	1.28811917	1.32361027	1.61544229	1.42167086	0.64784946	1.35363537	1.37365180	1.01597587	1.52412699	1.58178990	0.85991914	1.46548087	1.31282239	1.40653574	1.56249831	1.20357771	1.26931092	1.36274068	1.26368186	1.10258544	1.17882623	1.35820428	1.66570430	1.30860722	1.92695273	1.24366013	0.50301848	0.91742170	1.42123015	1.22198063	1.48834359	1.33617494	0.92610317	1.50257717	0.87801216	1.65164865	0.95265563	1.15824881	1.46308626	1.00928711	1.28231925	1.46619137	1.24909112	1.47148092	1.37505888	1.36930485	1.50569853	1.70927827	1.03404150	1.28742202	1.20712640	1.66236888	1.01784753	1.66239611	1.37260353	1.51693534	1.60223326	1.72848544	1.41002708	1.07930935	1.49071862	1.26111670	1.59737954	1.21540637	1.56391715	1.19825662	1.77008724	1.42218744	1.33739743	1.55405583	1.54326780	1.70581265	1.48173845	1.23222747	1.65472976	1.50504527	1.28656806	1.56015880	1.57377437	1.37089400	1.70509942	1.28121304	1.52852993	1.44211311	1.51549759	1.24881059	1.76751033	1.36704584	1.47666508	1.04279231	1.34328035	1.46051262	1.83580914	1.36129492	1.59963769	1.52388495	1.55327506	1.37566081	1.22184460	1.41830073	1.61868701	1.70206162	1.51771635	1.53896811	1.29564953	1.58984390	1.86958702	1.43638217	0.79432654	1.54779671
02_274	0.31810615	0.57140402	0.26620174	0.92688415	0.46428448	1.02005274	1.02053815	0.72686442	0.45702405	0.36408953	0.65980875	0.72276431	0.56201938	0.47856513	0.26127253	0.51978566	1.01820629	0.66341622	0.42886136	1.06812333	0.81171620	0.49478043	0.56024241	0.65207099	0.37620149	0.58063618	0.37460879	1.06712287	0.75837125	0.39470197	1.21636407	0.76165200	0.63496977	0.89470858	1.02949287	1.33121147	1.21520803	0.49810278	0.87029399	0.47184165	1.18066690	1.12910150	0.73963936	0.72772075	0.93449038	0.97212722	0.73560434	1.24012112	0.62294047	1.04489461	0.72913040	0.86107271	0.65196868	1.13673257	0.61931420	1.26182316	0.76518624	1.39694957	0.69165659	0.33703596	1.17383657	0.49331608	0.74748604	0.42652329	1.33145730	1.25651381	1.09032845	0.90678577	1.00395495	0.81699783	0.65408526	1.06832142	0.38363791	1.27867698	1.16653646	0.59523340	0.90773993	1.27181993	0.73937944	0.68540261	0.32190974	0.96557601	0.79559687	0.55478832	1.01005030	0.56987335	0.57700664	0.83956264	0.32243148	1.02224419	1.42912244	0.96292412	0.51029430	1.02009836	0.96299556	1.07899304	0.92815567	0.84985821	0.99618587	1.35322334	1.41081534	0.92312562	0.47663828	1.06591464	1.24684608	0.57529512	1.12473395	0.73457714	0.72388173	0.62043575	0.87123141	0.93224002	1.26388692	1.46155062	0.61837554	0.68213025	1.52695679	0.52171322	0.73233825	0.88547994	0.94057866	0.77723653	1.07298107	1.24504695	0.87712992	0.85666770	1.07508154	0.52797499	1.31498701	1.34147280	1.14820106	1.14088331	0.38763696	1.06213182	1.15547744	0.77212146	1.68533731	1.25502241	1.10318593	1.22837326	1.36742532	0.55225663	1.24307601	0.83120169	0.92299841	0.73162731	1.12412130	0.78819160	1.39948780	1.15819952	1.02428193	1.02289014	0.83840488	1.03105906	0.42151479	1.32495298	1.29683674	1.01761853	0.89191971	0.64386637	1.25920562	1.45345871	0.72734635	1.12079150	1.34017359	1.18090207	0.80068091	0.71856667	0.55449120	1.03445883	0.90313547	1.38934807	0.54761622	0.65756777	1.06948426	1.06126816	1.31291433	1.25797916	0.92347101	1.29548960	1.50673630	0.54665725	0.87743266	0.97809164	0.94882542	1.41837803	1.21897579	0.92206888	1.03607605	1.25790080	0.83180840	1.53314204	1.28577081	0.96891566	1.00830891	1.20363889	0.72676931	0.94268776	1.01593658	1.19421677	0.91722604	0.89151249	0.58461179	1.09922789	0.98500929	1.48870286	1.09775222	0.89902678	1.00765010	1.10179328	0.88957037	1.56991663	0.98637397	0.50775283	1.22559212	1.18084890	0.99583310	1.34481252	1.17025875	1.07876332	1.18474634	0.62879854	1.38721345	1.71460173	1.31197996	0.85598629	1.32475954	0.90463569	1.16670972	1.02147134	0.81205919	0.52776641	1.54550336	1.00661095	0.76601939	1.45517596	1.14584869	1.29340034	0.91552743	0.82001628	1.09177561	0.96400648	1.20657957	0.79806770	0.99022410	0.93872193	1.48949892	1.19617758	1.62381933	1.31301901	0.76080528	1.02717112	1.10973900	1.24835864	0.69543932	0.64468551	1.16574074	1.17652552	0.90000256	1.19954792	1.50599849	1.30948621	1.25118245	0.55589638	1.36399296	1.59878297	0.73810797	1.06227202	1.15255739	0.81032331	0.97536791	1.14170164	0.80802462	1.00393006	0.67335350	0.80827180	0.99473797	1.19869676	1.42617287	0.82949577	0.94122279	1.10796397	1.16691030	1.22896646	0.89553889	1.50848364	1.41408088	1.61691952	1.49861429	1.02325826	1.09999047	1.40271027	1.84318094	1.24342657	0.99483938	1.35620014	1.25239023	1.32715283	1.12143049	1.59171382
02_258	0.75480641	0.66126999	0.87621823	0.57153496	1.20267129	1.26794787	1.15519092	0.55991599	1.17872735	0.80142591	0.74660066	0.60186421	0.64026771	0.68716806	1.05598342	1.00172976	1.07191334	1.15158264	0.86374605	0.78675907	0.45562187	1.19933171	0.69485084	0.61606609	0.98917131	1.12193060	1.03645174	0.91236602	0.44896848	0.77100299	0.94159618	0.44432254	0.96181061	0.96099887	1.04064523	0.69959386	1.16818907	1.09229286	1.09414045	1.22120652	0.64750172	1.05886932	1.12833528	0.32043390	0.66140194	0.64506058	0.55093058	0.95472859	0.38227410	0.42599285	1.16781438	0.97183305	0.76204833	0.65010946	0.67926255	1.02099632	1.09190410	0.79192941	1.13294320	1.12535043	0.64829138	0.50476961	0.62899333	1.12722444	1.02510931	1.01380776	0.86866279	1.05955949	0.75359722	0.55207174	1.24295489	1.20809515	0.62689775	0.82308349	0.85363773	0.83704387	0.95365434	0.73656176	1.05105147	1.14083671	0.84785422	1.05974731	0.71270877	1.08141588	0.90185780	0.97077592	0.77977992	1.16931785	0.71805235	1.09009901	0.89044114	0.85097330	0.94428395	0.31150118	0.88454958	1.29991934	0.55846770	0.47271669	0.73830977	1.23941239	1.19441053	0.91594728	1.19404948	0.87365225	1.15750131	0.88821463	1.28941369	0.58690119	1.00137346	0.79436269	1.11483695	1.47025501	0.75936639	1.59625191	1.29514542	1.21133329	1.22881067	1.25232972	1.29879053	0.99419127	1.22687888	0.89582974	1.16871340	0.78125703	0.98903373	0.98103802	0.96319216	1.16253224	1.44838363	1.01655256	1.06537770	1.34335107	0.74745559	1.17339548	1.43130241	1.14891818	1.53317841	1.18044556	0.90115061	1.27058264	1.11296853	1.13596755	1.31933223	0.82511032	0.97193123	0.75025275	1.12451707	0.55636379	1.37324304	1.14878098	0.95894314	0.99560109	1.28807475	1.46502426	1.00456427	1.25209728	1.34862240	1.42682398	0.97769811	1.06583615	1.09403506	0.97371694	1.21570771	1.02876203	1.57775560	1.21659738	0.82260530	0.69628725	0.87641698	1.34656517	0.94603737	1.19462340	1.25525478	0.69966014	1.42940755	1.25222112	1.50473616	1.47346389	1.02977467	1.35266087	1.29903235	0.73264009	1.44257532	0.92699623	0.93733358	1.45959499	1.09488336	1.24332981	1.04491174	1.55533066	0.87433981	1.48844422	1.35616167	1.28829499	0.83402955	0.90976514	1.13168354	0.65545181	1.34403322	1.35871357	0.36428273	1.27849370	0.88960242	1.12220650	1.30239179	1.06618774	1.03772261	1.24871820	0.75576596	1.33077533	0.85077700	1.53482203	1.51181061	1.11285998	1.68923402	0.89131710	0.52871081	1.26767280	1.13864459	1.10890967	1.07457952	1.19423162	1.22037146	1.58033571	0.92635646	1.39205755	1.08702460	1.24879204	1.35575936	1.18495781	1.00558078	1.27268386	1.13813648	1.24156531	0.93748476	1.56514627	1.18491399	1.47869472	0.82647951	1.13126270	0.88665007	1.39590939	0.82779515	1.39763572	1.11012050	1.27651192	1.25975505	1.43110412	1.52828404	1.05693377	1.37109465	1.00204900	1.19999229	1.21832559	1.32946106	0.92317289	1.52936642	1.08989333	1.27856661	1.40290724	1.30436611	1.43566455	1.23454273	1.01938308	1.53018978	1.59387282	0.87382143	1.43886711	1.40126043	1.13735499	1.46703855	1.01704177	1.40863296	1.11424367	1.31726518	0.98839087	1.53171986	1.13863300	1.55121108	0.74704405	1.21759695	1.29179543	1.60860173	1.32771133	1.43261796	1.32980407	1.44169809	1.31755223	1.37438342	1.09971096	1.26825193	1.58019278	1.52162164	1.46428265	0.91334521	1.61449588	1.64248799	1.21731412	0.60772552	1.38912135
02_202	0.84661598	0.90035922	0.97161067	0.66923958	1.26311896	1.54034637	1.41670914	0.72825315	1.12653295	0.74813203	0.64882547	0.75462143	0.77653896	0.72805769	1.04848169	0.99536280	1.37382208	1.03117545	0.86366046	1.19832528	0.51904901	1.12468565	0.85708100	0.77214385	1.06806490	1.15697836	1.15044580	1.22906615	0.44296286	0.88724112	1.24885526	0.34336162	0.78616595	1.23090025	1.36201480	1.02194208	1.40734314	1.01787317	1.39124724	1.28316632	1.03003810	1.30151725	0.98687694	0.43463597	1.01074009	0.75217173	0.82743500	1.21634549	0.60429206	0.69274271	1.12866938	1.17616472	0.72149844	0.69865931	0.82649088	1.24707578	1.04358269	1.24710157	1.19118034	1.12196710	1.15874910	0.43659791	0.71889651	1.05567065	1.24821158	1.35790394	1.22946083	1.07570669	0.65137480	0.28422095	1.09187964	1.33455116	0.75112476	1.08863155	1.23589918	1.00879371	1.21025802	1.18236642	1.01714121	1.05811463	0.88258541	0.91013273	0.80985645	1.09216697	1.34160736	1.23724955	0.68704162	0.99976948	0.60088013	1.01173621	1.06087528	0.60049669	0.95732596	0.66773293	1.16120609	1.44420977	0.16797480	0.74791896	0.32463149	1.38079175	1.02708308	1.15961485	1.24727689	1.06762565	1.36167898	0.70862907	1.62471309	0.77325028	0.83066394	0.95143607	1.18535745	1.36563165	0.90435719	1.76937431	1.20017691	1.14297635	1.48475152	1.32602579	1.38323319	1.03513772	1.00529668	0.69361081	1.14635766	1.20555000	1.08941194	1.07127761	0.97443995	1.04096655	1.39146502	1.00084034	1.17766288	1.66353464	0.82161249	1.08176690	1.47782345	0.94300360	1.65832693	1.33369975	0.77805064	1.29645134	1.13488480	1.19052689	1.22967653	0.91879186	0.92814002	0.57675465	1.20015983	0.45375383	1.48802638	1.31927497	1.31830864	0.81057154	1.24983527	1.42473686	0.95867220	1.47536339	1.44369244	1.30955225	0.96874843	0.90180047	1.01010511	1.32455810	1.16094342	1.06976121	1.42990643	1.59155675	1.09834261	0.74612434	0.80699739	1.41071904	0.72639020	1.03134261	1.35306147	0.43301214	1.29213427	1.21326024	1.50544424	1.40849001	0.75946100	1.19465628	1.66805325	0.87226463	1.42646474	1.25895421	0.77476682	1.78496031	1.30031089	1.19533853	0.84479288	1.75466021	0.82442668	1.69809912	1.23146674	1.36352646	1.27831076	0.64565589	1.01514082	0.80109224	1.36964986	1.22678735	0.34852493	1.27247244	0.77651972	1.05324655	1.34521428	1.16932109	1.10444083	1.24162762	0.40351579	1.64753206	0.99719060	1.75994583	1.57702445	1.24550310	1.59333505	0.87985844	0.97079610	1.58928512	1.23598902	1.08648021	0.90188676	1.28683990	1.54207396	1.67004159	1.25881611	1.27534511	1.46662421	1.50857364	1.47183385	1.45318323	1.16640484	1.29632668	1.22244657	1.37663575	0.77264920	1.88385593	1.22133469	1.31290675	0.91880956	1.21027715	0.82625141	1.34995653	1.02709019	1.27065548	0.96212218	1.17576072	1.11332533	1.35333334	1.63780929	1.24752933	1.48187635	1.12551490	1.08283968	1.37832819	1.27676511	1.07703542	1.41767845	0.96190557	1.43174821	1.47500369	1.21248901	1.26455220	1.35174016	1.07681431	1.53794582	1.71592847	0.68760409	1.52390164	1.35895369	1.26003240	1.36012045	1.04563469	1.51466166	1.00996281	1.30938329	1.15220068	1.43867117	1.24824690	1.68274128	0.85353853	1.24474936	1.45213186	1.55896526	1.44159604	1.46783614	1.42867781	1.53981273	1.36269087	1.49178231	0.83922160	1.16760173	1.58834892	1.64758764	1.47403641	0.60067273	1.73775213	1.55689137	1.24225777	0.85522956	1.48897794
02_156	1.09536166	1.09974629	1.05946971	1.27431983	0.89287819	1.24517397	1.23191922	1.30477485	0.59849396	0.97426591	1.17836292	1.25410311	1.26409776	1.17146556	0.80452318	0.46815298	1.29476113	0.36281808	0.60492643	1.47251628	1.18700130	0.58063316	1.29946405	1.31944891	0.86792359	0.73566430	1.08152457	1.39990428	0.80457282	1.17444873	1.19494842	1.08840245	0.23541656	0.97116974	1.19500366	1.40701346	1.07729869	0.41232322	1.21394995	0.93142933	1.43019298	1.03763055	0.21508996	1.13033828	1.43552049	1.32217052	1.25556691	1.55171075	1.01397598	1.26811385	0.66497173	1.00092804	1.22893587	1.21996003	1.12637963	1.08517584	0.51771247	1.66063699	0.81555847	0.80115662	1.54605706	0.98821411	1.07636128	0.69713350	1.48687311	1.68799081	1.19446128	0.55475299	1.13001918	0.97383267	0.59868614	0.91156483	0.80683929	1.30162612	1.60260400	1.36695377	1.29143469	1.47361768	0.33890056	0.49194699	0.75475757	1.29649916	1.33101084	1.00998037	1.54697716	1.18122241	0.56347346	0.24795346	0.70460232	1.40343441	1.39393659	1.12899616	0.65837532	1.24944917	1.03570278	1.32075680	1.01626493	0.96235795	0.97674735	1.24983679	1.41716949	1.58150943	0.96776638	1.45189653	1.44815466	0.35177342	1.37763434	1.23757931	1.01922535	1.38046045	0.92828198	0.92183587	1.24409647	1.48256995	0.69491477	0.75111746	1.58579839	0.98420751	1.07571220	0.95507784	0.17406439	1.10417018	1.00099601	1.57488053	0.93374806	1.47673817	1.36569691	0.66311893	1.12508541	1.24787172	1.50573237	1.41447249	1.10116068	1.11398196	1.12817848	0.38545115	1.45463011	1.01518791	1.26847327	1.29428920	1.55994998	0.80215877	1.55233633	1.03829078	1.35512888	1.11534423	1.58001787	0.95775056	1.54858380	1.08759708	1.40612748	1.25095783	0.91186997	1.15382876	0.79601094	1.53743020	1.31930647	1.09674322	0.78352374	0.87421764	1.36604657	1.55522009	0.70481734	1.36526847	1.01965567	1.61697683	1.51481413	1.11345256	1.03376215	0.98381177	0.52290338	1.41650801	1.00659500	0.62447956	0.91124724	1.37980598	1.21601285	1.05215647	0.41674814	1.04599419	1.98269084	1.06391815	1.07112823	1.15470012	1.23056273	1.74574125	1.28568826	1.06466086	1.08377891	1.49541235	1.25937899	1.46343012	1.09526992	1.09980360	1.55582947	1.16537156	0.32723934	1.35378836	1.12687958	0.81268587	1.07901912	0.89086199	1.02801592	1.09607393	1.41365324	1.55711531	1.28833724	0.72968734	1.04301602	1.39010450	1.45701735	1.53424845	1.28937073	1.17575010	1.21987173	1.36913495	1.40498145	1.35210651	1.62290228	0.71799853	1.30990647	0.96370617	1.44607175	1.45570957	1.61733923	0.77720323	1.79375455	1.24201313	1.37102832	1.21785818	1.48935762	0.89126403	1.55379940	1.57926688	1.05860375	1.78257334	1.58696840	0.85709164	1.03969856	0.99710188	1.18284531	1.18976989	1.49660148	0.76151857	0.60048681	0.74644342	1.47816458	1.39043538	1.33330726	1.55478399	1.17388103	1.46663195	1.42615833	1.40971341	0.83026206	1.33701980	1.04373323	1.15253366	1.22503227	1.38245062	1.38604946	1.01225799	1.71626687	0.89956431	1.25233519	1.42563812	0.86833502	1.27112957	0.98487921	1.39077274	0.89415805	1.31183925	1.22439001	1.11154278	0.88743718	1.48348156	1.00386595	1.55752126	1.37304852	1.17783850	1.00205169	1.62714787	1.29546796	1.35794100	1.15206085	1.78500770	1.65581515	1.49572066	1.15591716	0.51384802	1.36702025	1.30744872	1.88386626	1.08390825	0.60377409	1.41904022	1.25395205	1.49585669	1.38022952	1.80652909
02_240	0.40654829	0.63554057	0.55214156	0.84734874	1.01815763	1.35741549	1.25795538	0.57551910	1.03957350	0.43743155	0.38746484	0.47328660	0.34123039	0.23384748	0.79687753	1.07820277	1.20792041	1.16546600	0.95631068	1.02366122	0.74717757	1.05779694	0.23137227	0.36802368	0.89905937	1.11378079	0.75789877	1.07292014	0.92603207	0.38807176	1.43781656	0.63902558	1.11212696	1.29080163	1.30159455	1.31605361	1.57115837	1.09275052	1.16330173	1.00483703	1.11202907	1.46425453	1.24853200	0.59905335	0.73685431	0.87621092	0.51936727	1.10119326	0.60030265	0.96856718	1.17126351	1.13220954	0.24325621	1.04360256	0.56374957	1.54412437	1.28807122	1.32363114	1.20768837	0.86438442	1.13230162	0.42822895	0.84143541	0.91292094	1.25164061	1.04796493	1.35841269	1.34799417	0.96022451	0.77547912	1.08012164	1.43992022	0.68429015	1.32265950	0.99195048	0.38988152	0.92846901	1.31719793	1.26045134	1.16640044	0.79758914	0.71346281	0.51416804	0.74482905	0.99198788	0.85736286	0.96149507	1.31209423	0.61946113	0.72597461	1.41694069	0.79727862	1.01518466	1.00629099	1.30601401	1.17473319	0.90326770	0.99394384	0.97579666	1.50488557	1.29667867	0.57972033	0.90264217	0.82670594	1.22963595	1.00671437	1.44635457	0.71219496	0.69470153	0.36621103	1.29201671	1.23782663	1.28343348	1.65104704	1.07781239	1.04576511	1.56074757	1.04071436	1.11240802	1.17751896	1.41047415	0.65286935	1.32986455	1.12763497	1.11557101	0.48598249	0.83841883	0.96387717	1.57538733	1.33773421	0.90892266	1.41706964	0.33741144	1.11403413	1.38811115	1.17473112	1.87907323	1.57222317	0.95239406	1.36492845	1.24677104	1.11127388	0.98066127	1.09154619	0.61862401	0.52081096	0.82249571	0.84964866	1.34676040	1.41161619	1.08943815	0.80619477	1.14552781	1.22727334	0.75514035	1.29898030	1.39568394	1.15739658	1.11864172	0.80125287	1.16139653	1.48969162	1.13818368	0.95091716	1.61396714	1.22731283	0.48569769	0.68689887	0.47966597	1.36296650	1.23014583	1.26740319	1.03651035	0.90200522	1.32566585	0.93212410	1.59603748	1.54538014	1.27435531	1.47468322	1.27972460	0.76784423	1.16326617	1.24733015	0.71721012	1.47338924	1.31639807	1.03518195	1.00245883	1.44929099	0.55209605	1.76594754	1.45910584	1.30811175	0.93743837	1.14451793	1.25263719	0.84546572	1.27196870	1.52967080	0.90061913	1.26254597	0.57968817	1.21491141	0.92962650	1.39136038	1.17139148	1.29187933	0.95162815	1.39899811	0.60496364	1.80944894	1.24399717	0.80604792	1.43875935	1.08090516	0.90196227	1.68949641	0.93268722	1.40627327	1.02515066	1.12062993	1.59287027	1.90318198	1.21585656	1.21894895	1.11822391	1.23157449	1.33863121	1.30653978	0.58991055	1.05647206	1.47386602	0.85723541	0.68488683	1.54610696	0.87245370	1.61988004	1.14573186	1.19007764	1.00515938	1.08560803	1.11197446	1.21088510	1.35276601	1.29070240	1.40033485	1.14633291	1.88023607	1.21408134	1.13282562	0.84832440	0.87329456	1.27805825	1.11577046	0.61176203	1.42111897	1.22217942	1.12000628	1.36507127	1.51512327	1.51984703	1.03311056	0.99186912	1.64788983	1.82784874	0.87001922	1.35267441	1.49832202	0.79966042	1.31249589	1.15192113	1.19732408	1.04726224	1.15457849	0.70059409	1.32286640	1.12412594	1.65451777	0.94660435	1.21705751	1.02407859	1.33952718	1.33047024	1.20339534	1.39154251	1.32762142	1.66013380	1.82957371	1.37429058	0.99507643	1.68946375	1.75589024	1.53268296	1.25607758	1.58236056	1.44518314	1.22999234	1.11426594	1.52055056
02_249	0.63360021	0.84128816	0.76996928	0.34190170	1.13856369	1.48154995	1.41302348	0.32551381	1.12958793	0.73319754	0.68505190	0.73997531	0.47607154	0.57710087	0.99357703	0.98343051	1.35093936	1.10566557	0.77336827	1.12706342	0.14305010	1.15691094	0.63895612	0.43123150	0.88612244	1.03550342	0.93940331	1.23488268	0.49936355	0.64691630	1.23261824	0.22812992	0.90850719	1.14737348	1.31426783	1.07743881	1.41311878	1.03426257	1.30089214	1.14663384	1.04765100	1.33467798	1.08416692	0.17451930	0.94296494	0.44583396	0.73536359	1.28282118	0.59529751	0.57890388	1.10083119	1.21952037	0.68953637	0.81743051	0.83035411	1.30766414	1.01514493	1.10074198	1.03458105	1.06566894	0.98591980	0.35279065	0.43141551	1.09377251	1.33246424	1.28924939	1.11762322	1.13076011	0.64940985	0.43908960	1.22289281	1.43826619	0.64798627	1.17095702	1.17842139	0.70449148	1.11289362	1.05014189	1.10154260	1.08347508	0.73754293	1.03912085	0.56955984	1.01505720	1.14816772	1.03022056	0.68064649	1.12829396	0.64263479	1.05341120	1.23181796	0.82141490	0.84370044	0.52095886	1.02401637	1.43170495	0.45931354	0.76238850	0.69570664	1.50804547	1.15973306	0.90167582	1.12199072	1.09941770	1.44262140	0.83047755	1.50664589	0.37560351	0.98467946	0.66361021	1.00906203	1.44914010	1.10197461	1.79564972	1.26679325	1.16958396	1.46260593	1.17576921	1.21663034	0.88351182	1.20067828	0.87245704	1.08607071	1.09751032	1.21531219	0.89302670	1.09311984	1.13481229	1.39045455	1.17558187	1.18743160	1.55672612	0.63132830	1.14773082	1.57886844	1.12421692	1.74521490	1.45015873	0.83532150	1.18573459	1.01889459	1.04737445	1.29667430	0.66936739	0.91687470	0.70131210	1.10393045	0.40251265	1.57460941	1.32627645	1.25665138	0.96860056	1.23665458	1.42626461	0.95090038	1.50721198	1.51965323	1.40992450	1.13201855	1.04598205	1.03146192	1.23821980	1.28575157	1.18775132	1.55456376	1.42916608	0.80813596	0.55532756	0.81838422	1.52436637	0.88985213	1.15960181	1.20753478	0.62905875	1.41442388	1.21904469	1.43629378	1.43231635	1.00350940	1.31775939	1.51267881	0.56584903	1.39932005	1.20175780	0.90266208	1.64594790	1.31946451	1.30242218	1.01613310	1.66735269	0.89102384	1.65205439	1.31655641	1.19424668	1.08651434	0.86547246	1.07939086	0.45140503	1.27459816	1.31470787	0.39220963	1.21091982	0.85334245	1.05555845	1.24250690	1.18039212	0.92359652	1.37710543	0.71297066	1.51468727	0.74876170	1.67336028	1.44834228	1.01549528	1.67420764	0.78532491	0.77187346	1.47243595	1.04675650	1.22410659	1.04951057	1.10281878	1.43968964	1.78973353	1.07117833	1.36935543	1.34801174	1.34538425	1.30555092	1.42359815	0.89529410	1.21368594	1.28643406	1.15169697	0.90742852	1.73898483	1.12058796	1.45093925	0.72969225	1.02743442	1.00298907	1.36236787	0.80726476	1.38226328	1.05245533	1.23644764	1.22116789	1.43340963	1.74619160	1.35847836	1.31962818	0.96568148	1.18129823	1.47842661	1.29237723	0.80616652	1.50644061	1.03692718	1.35410492	1.32091982	1.35396377	1.40928698	1.14454564	0.92565555	1.47053098	1.77118637	0.83123683	1.35828044	1.34356947	1.04710347	1.46157190	0.94758545	1.34091916	1.10304778	1.26769593	0.88999650	1.51351551	1.03487482	1.75823212	0.58671308	1.34983851	1.24125342	1.58256593	1.52919333	1.40167701	1.25731860	1.57604419	1.49863431	1.61223238	1.06949322	1.25651568	1.51403485	1.74231812	1.58598234	0.86842428	1.76576732	1.64327974	1.28378468	0.63476981	1.33291630
02_196	0.88309385	1.01704346	0.80836345	1.07068828	0.59261970	1.11161964	1.19366061	1.06595516	0.51962478	0.94128793	1.19519317	1.23365677	1.05508693	1.05372878	0.66869473	0.25603461	1.23290154	0.45431367	0.25458604	1.38301944	1.01209359	0.57338610	1.13248048	1.10476375	0.48067247	0.32628145	0.76334029	1.38625596	0.76857026	0.95053716	1.11061426	1.02019732	0.40860118	0.74451917	1.07736409	1.41652187	1.00520656	0.29498430	1.04708966	0.62645052	1.41708105	1.01040239	0.38054892	1.01124596	1.36902690	1.11185695	1.17594136	1.60582614	0.97666082	1.16110943	0.51411244	1.01612923	1.20821200	1.27868517	1.11440896	1.09138117	0.18417203	1.50121761	0.32982805	0.65520173	1.36193521	0.91839631	0.81907492	0.71376285	1.56119197	1.62544789	0.97726664	0.54585092	1.09871996	1.00487056	0.80274272	1.02019944	0.63397178	1.34708030	1.54495910	1.11109907	1.17293518	1.30364396	0.42116838	0.44369247	0.44498772	1.41763244	1.16798853	0.89825975	1.33054139	0.87951449	0.43657398	0.49448706	0.70232270	1.45351926	1.51989688	1.27582754	0.26476924	1.11124292	0.74650504	1.30210822	1.07599793	0.91830693	1.15145845	1.38366401	1.52500387	1.37487592	0.72925666	1.48331389	1.53287576	0.48269574	1.15938890	0.95380716	1.16822206	1.15629124	0.49899038	1.04599146	1.38249339	1.50339301	0.78519457	0.76203072	1.53789356	0.65870806	0.76235521	0.66718476	0.61923179	1.23915648	0.85586227	1.46035895	1.06655196	1.34242224	1.47348502	0.78334378	1.07424328	1.39224324	1.52670067	1.22881953	0.92886176	1.17794771	1.26435592	0.70458719	1.53131768	1.12534855	1.30224672	1.12751315	1.44776685	0.38136943	1.63626443	0.68699068	1.35903710	1.19208377	1.50920777	0.88203798	1.65130624	1.04683707	1.31754185	1.38048766	0.86387193	1.15092334	0.76117893	1.57052027	1.40757791	1.23743073	0.96968234	1.03631415	1.37421605	1.42813662	0.88405653	1.48253690	1.18458405	1.41702387	1.28266827	0.94969813	1.03989773	1.13178769	0.67107685	1.52435653	0.70878044	0.73204426	1.08410083	1.40144956	1.06504063	1.04522272	0.74001826	1.17405711	1.83836269	0.72247030	1.01470427	1.02555587	1.33439572	1.57004828	1.28678542	1.20476155	1.23944547	1.36538665	1.32054189	1.35591468	1.17714321	0.76917885	1.35849223	1.30050994	0.36183907	1.11602206	0.95600196	0.89438610	1.05006937	0.72792159	1.08998311	1.07156291	1.31124588	1.54809603	1.07398212	0.93009624	1.19922636	1.16304751	1.27236068	1.37141243	1.08809140	0.85230967	1.34389102	1.28057138	1.22727929	1.10466427	1.46715098	0.87650957	1.43698144	0.55582936	1.26776160	1.58246348	1.42950172	0.92383374	1.68623990	0.95327087	1.13265662	1.14086207	1.25620408	0.69130715	1.59785000	1.36011199	1.17922895	1.59104424	1.51549948	1.03690596	0.76595117	0.63783122	1.32792870	1.21484275	1.30533182	0.93620763	0.66057059	0.80879489	1.56844986	1.50013982	1.44437851	1.65579136	0.89425329	1.33245032	1.53535438	1.52210492	0.83331175	1.08217480	1.17029179	1.20849703	1.11053427	1.16631304	1.51977047	1.18233709	1.54160472	0.60279808	1.10694593	1.47571114	0.98267784	0.99854734	0.90837275	1.17030905	1.05148190	1.20356415	0.92844165	1.21026069	0.77083114	1.25082218	1.11824399	1.35713154	1.46603550	0.91746995	1.13011638	1.42027639	1.33894935	1.46594178	1.04371363	1.62573320	1.71419470	1.62528030	1.26774106	0.80041426	1.47478998	1.15864128	1.98476173	1.23597563	0.82535994	1.45536492	1.38423805	1.54520071	1.18678249	1.65132101
02_173	0.86915461	0.97097449	0.79504467	1.10179083	0.57223025	1.07576996	1.13004030	1.09586556	0.42253758	0.88049791	1.14046477	1.18553408	1.05701948	1.02421960	0.60131408	0.15584776	1.18630351	0.30689998	0.29192624	1.35492965	1.04463492	0.47064661	1.11058015	1.10761850	0.50937522	0.33193964	0.76282604	1.33457905	0.76336808	0.94140868	1.09951993	1.00578590	0.33874731	0.76435316	1.04825501	1.39675483	0.98972069	0.19653602	1.01673396	0.60158964	1.38974795	0.98943150	0.27077991	1.00863442	1.32918219	1.13650688	1.12288976	1.54182459	0.92993349	1.16125205	0.42358917	0.94697341	1.14467502	1.22739385	1.05476328	1.07754329	0.27554186	1.51069229	0.42589342	0.57383849	1.38062714	0.89045228	0.85257702	0.61483632	1.47983537	1.56269681	1.01503139	0.49583787	1.06514974	0.96835085	0.67028445	0.94692067	0.58722010	1.30165520	1.49876881	1.10454492	1.10038806	1.32424412	0.35430267	0.31998823	0.42900573	1.31365095	1.13870223	0.79938048	1.32040612	0.87271047	0.41603088	0.39470233	0.63034744	1.35521888	1.47156082	1.18953124	0.29421976	1.14376859	0.80339806	1.19179462	1.06105104	0.89441323	1.10018094	1.29029623	1.45059190	1.34054282	0.66062158	1.40027545	1.43744158	0.39958349	1.15489361	0.99465682	1.06031665	1.15461542	0.59222792	0.89927725	1.33879467	1.40191359	0.65481232	0.62586149	1.48806872	0.65114916	0.72089758	0.69258970	0.54731251	1.16012751	0.83155761	1.43237244	0.97551426	1.28346203	1.37307852	0.67156510	1.02235015	1.31501754	1.43101063	1.19240892	0.88717823	1.07258874	1.13166325	0.57216147	1.46306140	1.07059638	1.23778796	1.10022221	1.42539047	0.42601867	1.52672785	0.77393831	1.27316860	1.12103785	1.43240758	0.87776143	1.53635227	0.98147171	1.27478152	1.28217552	0.74887101	1.02811253	0.64978923	1.47475056	1.29292622	1.09502713	0.85307207	0.92282299	1.31171065	1.42594214	0.76801238	1.37604289	1.07238712	1.37513587	1.26255707	0.92155235	0.94513198	1.01838500	0.63220841	1.44622658	0.67538434	0.69108818	0.94370713	1.29277419	1.03099712	0.96733361	0.67914956	1.08605652	1.78786945	0.77108427	0.89492930	1.01153330	1.23971108	1.51498918	1.20786955	1.06784221	1.13600439	1.27993677	1.23170559	1.31619783	1.09316591	0.77009711	1.34693674	1.24496548	0.29101170	1.14769227	0.88963540	0.82494078	1.05579133	0.65830183	1.01429179	1.00833916	1.21958541	1.50434563	1.07187568	0.80891450	1.14552854	1.13598873	1.24052717	1.34870564	1.01060838	0.83984376	1.20166937	1.26123327	1.22448550	1.14944189	1.42111726	0.79403394	1.34483296	0.58462777	1.26004145	1.50259674	1.41876875	0.77755756	1.63431827	0.92474194	1.09956696	1.08703802	1.22594847	0.64221696	1.54204980	1.30978979	1.07968393	1.53740623	1.44073866	0.94711548	0.82133139	0.66348591	1.23671715	1.08972790	1.31428287	0.81315122	0.61801947	0.69996193	1.50338823	1.37320316	1.37501794	1.58978796	0.84958016	1.27974429	1.43056972	1.42475535	0.71773870	1.07670107	1.04243551	1.14423003	1.02197173	1.13195042	1.44213860	1.07998065	1.50265387	0.61989192	1.07784887	1.39688616	0.91395149	0.97042887	0.86046362	1.12788788	0.91842877	1.17680303	0.91599897	1.11390113	0.71492862	1.25252757	0.99615431	1.34380659	1.36617729	0.96854329	1.03907193	1.37779820	1.21618209	1.36424323	0.95822453	1.60936884	1.61125866	1.55996654	1.23608308	0.75770259	1.37138894	1.13596004	1.90766476	1.12693180	0.79599772	1.35287550	1.25521361	1.46234183	1.23583176	1.64202333
02_279	0.60729491	0.79954107	0.67862810	0.45915492	0.91144436	1.29946570	1.26999058	0.49622543	0.88517440	0.71000196	0.79570694	0.83613615	0.59055411	0.65929731	0.81397916	0.68065494	1.23735265	0.82670488	0.46492978	1.12778866	0.35087426	0.92114295	0.73539894	0.58791673	0.65079029	0.74262177	0.79622914	1.20813453	0.33370772	0.65022521	1.06476035	0.39336104	0.62596563	0.90699990	1.14552141	1.07122032	1.18125434	0.74640823	1.14358172	0.92597709	1.07442254	1.12811171	0.78427649	0.36544127	1.01274291	0.53985931	0.78851245	1.32468502	0.58600642	0.62828786	0.82536367	1.06513967	0.80170795	0.84671740	0.83834310	1.11520076	0.68269716	1.12151427	0.73397990	0.86887870	1.00423941	0.41512229	0.32646800	0.90833334	1.32150873	1.33187001	0.93715356	0.83430161	0.64991336	0.47868374	1.02912211	1.22742178	0.45435653	1.11007785	1.22802309	0.76244613	1.03375792	1.00120147	0.80320119	0.79696598	0.48563866	1.10604983	0.68070607	0.88817294	1.12665038	0.89024846	0.37642102	0.83849762	0.50390807	1.12607681	1.21889472	0.88528517	0.53439021	0.56676692	0.78405436	1.31694378	0.53236483	0.64071795	0.72553900	1.37541106	1.18326038	0.99346674	0.92959664	1.15704334	1.39996874	0.56840898	1.32344016	0.41932318	0.97139910	0.76174940	0.72039017	1.26625087	1.08524168	1.63432669	1.06129757	0.96031414	1.37903482	0.96021043	0.99800939	0.64193352	0.92908959	0.92726819	0.87127599	1.11747870	1.07947314	0.97939130	1.15166067	0.95761410	1.18098176	1.13062539	1.22862705	1.38379478	0.61618975	1.05443782	1.41342926	0.89576196	1.57716438	1.24654047	0.88370045	1.04247426	1.05113527	0.76789839	1.35409879	0.45342534	0.99334724	0.78832108	1.17278311	0.34144539	1.53106400	1.12600497	1.19512515	1.03307290	1.03184337	1.26984652	0.78802748	1.45446607	1.40013945	1.29028126	0.97240978	0.96511296	1.03642529	1.17393389	1.09557115	1.21097239	1.35139824	1.34760048	0.89546401	0.52600036	0.80178079	1.34109653	0.64791120	1.18431323	0.99189572	0.46762985	1.23406207	1.20637021	1.21531799	1.21218550	0.78195318	1.15963865	1.55661648	0.42119938	1.21935547	1.03637746	0.97080047	1.54671146	1.20109014	1.19782586	0.98623862	1.50621807	0.96565640	1.45797880	1.15833242	0.95573087	1.09235957	0.88986141	0.77367136	0.54916796	1.07632648	1.07042128	0.46142131	0.96089776	0.85135112	0.92571329	1.19273955	1.18988010	0.82373616	1.16505797	0.76037772	1.32985085	0.83820993	1.47532274	1.27014914	0.87691813	1.51580616	0.82242334	0.79979332	1.24878003	1.10493704	0.99038523	1.08960241	0.84947521	1.26859676	1.62620422	1.07499398	1.16458785	1.38995729	1.14508513	1.14457563	1.25514847	0.93743486	0.99484734	1.27729001	1.14979851	0.91145099	1.62453890	1.18136729	1.22027588	0.52599242	0.77468496	1.00622831	1.24556016	0.84261985	1.18816705	0.78552112	1.00086322	1.23225621	1.38986699	1.55102164	1.38939737	1.12018498	0.99075824	1.23870256	1.41905891	1.08416921	0.80216475	1.32292832	0.96187532	1.19836959	1.16591741	1.29744213	1.23811165	1.19610495	0.69913582	1.24911225	1.58361194	0.75625040	1.15343404	1.09889044	0.99900530	1.26725431	0.89360542	1.14676295	1.03341724	1.04898290	0.93384384	1.33039726	1.03082549	1.58991304	0.51426414	1.20261359	1.21996134	1.44241937	1.43512488	1.21959767	1.27870227	1.55162402	1.43005360	1.39780652	0.84897585	1.25997402	1.29618849	1.73573674	1.39396311	0.68927852	1.60036050	1.49697487	1.27646241	0.67198248	1.33170298
02_127	0.66866849	0.51892214	0.65391059	1.13426926	0.68478592	0.89167069	0.79263961	1.01794787	0.46010573	0.46858405	0.70334631	0.69630115	0.86461396	0.70023838	0.43187781	0.51691193	0.83120077	0.55288509	0.61426239	0.96909199	1.02050727	0.44013919	0.79349713	0.93950009	0.70472512	0.75995927	0.74291680	0.87148541	0.74764447	0.74141962	1.07159305	0.87367631	0.55360484	0.85195745	0.87574646	1.17354784	1.03841913	0.51051457	0.79400960	0.71081835	1.02906500	0.91763441	0.63963493	0.86572878	0.87096052	1.17606524	0.71584763	1.01737701	0.55267967	1.07848639	0.74732370	0.57968741	0.72481275	1.01583660	0.52673339	1.05848718	0.84224666	1.38843770	0.90942664	0.46367022	1.19492608	0.64255109	0.97451153	0.34576112	1.07596463	1.14416796	1.06965931	0.77232156	1.04178984	0.82858001	0.40578005	0.74143732	0.46732146	1.05827396	1.05550250	0.92806666	0.84074160	1.25745353	0.58019097	0.64551557	0.58928934	0.85005225	0.98235900	0.62666598	1.04865984	0.76062207	0.64765246	0.71114932	0.35406630	0.97086799	1.18264583	0.84513742	0.69871808	1.08615927	1.01002821	0.90482994	0.93594903	0.73245945	0.89865154	1.02654734	1.32526738	1.10089358	0.66240424	0.89558181	0.95089064	0.49316363	1.07877392	1.02286578	0.55385174	0.93736813	1.07099454	0.74611033	1.01264865	1.21798776	0.46192039	0.58816015	1.38923801	0.77397394	0.91824969	1.03562838	0.76887927	0.67468239	1.12503377	1.18169748	0.50676888	1.01006253	0.87904267	0.34953095	1.29446925	1.13009184	1.02443423	1.05763900	0.65619014	0.95955766	0.83244881	0.54284886	1.44815384	0.95747404	1.08457921	1.30745236	1.45441194	0.78847325	1.15389064	1.07515766	0.92959351	0.69729804	1.15870232	0.88509460	1.13118109	0.98581966	0.89202543	0.90563052	0.80444094	0.95932666	0.41814323	1.08125247	1.03757703	0.83147522	0.53965179	0.44397876	1.24518135	1.39425790	0.39678214	0.89133652	1.17711528	1.15921083	1.02541534	0.88185801	0.54430180	0.66531985	0.82746139	1.30398825	0.75086654	0.61426441	0.86812715	1.01016720	1.35246559	1.19665037	0.76380016	1.17380261	1.48349696	0.88328371	0.84085575	0.86211246	0.85903938	1.36803126	1.02102420	0.66462530	0.89720328	1.17789639	0.75636150	1.42241933	1.19267472	1.12871248	1.05183457	1.12465610	0.68286116	1.18169251	1.07560205	1.10427772	0.95312826	0.93419835	0.55165776	1.09222830	1.04346318	1.41558847	1.24369736	0.53380013	0.92421190	1.06847333	1.08172345	1.51220474	1.08168110	0.84142978	1.05357592	1.26678074	1.05284208	1.32670247	1.30772045	0.84739771	1.07987177	0.88915033	1.32493156	1.45020561	1.35860253	0.66776456	1.26525566	0.95331896	1.27559760	0.84255583	1.06830032	0.67740028	1.42027826	1.19330218	0.65336504	1.41234357	1.21062295	1.14737871	1.08697257	1.02140357	0.89645518	0.88680252	1.33740266	0.60517546	0.93519612	0.84517934	1.42561052	1.05007432	1.36323420	1.07666954	0.93476160	1.12696147	1.01381521	0.94970872	0.63749209	0.95666588	1.01579166	1.13359764	0.85208623	1.31805214	1.36026915	1.15107373	1.40807564	0.79691525	1.40069836	1.38617869	0.67171958	1.21085626	1.15712820	1.02707876	0.78797406	1.22104307	1.02647404	0.90314953	0.74661142	1.09416498	0.85623975	1.37159248	1.15121718	1.08006133	0.68741605	1.27412747	1.07735481	0.96101833	0.92831282	1.63412799	1.25219521	1.41872170	1.25456106	0.88937522	1.00278197	1.45534941	1.64157523	0.98636647	0.88723402	1.14964986	1.08908362	1.23181811	1.26537643	1.70412297
02_227	0.45701594	0.67522458	0.40551588	0.87699618	0.46267109	1.03279161	1.06072373	0.74216726	0.44015130	0.53047920	0.79520365	0.84736348	0.65411866	0.62376344	0.36971617	0.38001113	1.06283817	0.57209332	0.22680557	1.12642777	0.76874020	0.48942367	0.70679455	0.72796575	0.29484188	0.45158868	0.45286873	1.13925835	0.66136915	0.52852826	1.13854004	0.75511326	0.49184244	0.79596914	1.01305731	1.29916345	1.12188117	0.37297131	0.89908926	0.48298004	1.20226293	1.05530490	0.60078100	0.72374805	1.03529006	0.92877259	0.83709725	1.32887304	0.67119227	1.00131398	0.63761079	0.88207778	0.80365217	1.12429599	0.74513302	1.16489670	0.56501146	1.36946529	0.52680567	0.42142943	1.16584018	0.54679469	0.66587798	0.49963698	1.37995606	1.35333480	0.99249245	0.76646999	0.96585719	0.79421424	0.68933683	1.03430322	0.36915994	1.25395239	1.25252641	0.71762180	0.97114224	1.21414749	0.59958083	0.58049533	0.22496361	1.09539081	0.85931148	0.65756754	1.07428325	0.62412509	0.42314253	0.70713100	0.36226117	1.14742813	1.40806593	1.02096304	0.33360879	0.95384559	0.82658146	1.15433131	0.88358872	0.79502577	0.97410464	1.34835748	1.40960333	1.03824082	0.54465491	1.17820978	1.32606600	0.45740227	1.10891405	0.70295850	0.84954344	0.74120959	0.70254957	0.98256372	1.24598105	1.48437892	0.66434421	0.69780646	1.50182878	0.53002508	0.71958502	0.75495818	0.80853316	0.89039486	0.96580996	1.26814374	0.90939682	0.99069734	1.18561872	0.58877724	1.22351517	1.31989615	1.25457361	1.15633254	0.52215161	1.07930710	1.19926063	0.71565690	1.62492976	1.18555684	1.11631476	1.16205967	1.34146202	0.41985706	1.36142773	0.68290470	1.03702711	0.83344552	1.23075496	0.71389409	1.47921892	1.10359502	1.08591042	1.11208497	0.83412007	1.07657416	0.50016495	1.39780805	1.32836474	1.09466092	0.89214279	0.75016141	1.25528667	1.39524095	0.76038199	1.21888213	1.28778667	1.23800404	0.91551877	0.71577462	0.69793680	1.06846318	0.76453246	1.39460200	0.56850529	0.57794348	1.07641393	1.16100326	1.21859444	1.18255237	0.80551792	1.23525687	1.59415334	0.47673607	0.93452823	0.94130306	1.04252501	1.45909311	1.21525206	1.01083528	1.06511780	1.29910424	0.96232859	1.46561739	1.22674290	0.87749084	1.07318525	1.17274261	0.56975899	0.90291531	0.97995496	1.08103161	0.85846479	0.81520421	0.71320707	1.04691608	1.08425877	1.46425408	1.02910259	0.89461419	0.99625757	1.10226774	0.96165893	1.49077106	1.01907389	0.57354749	1.27902957	1.14381098	0.99588821	1.22812891	1.22765636	0.98215701	1.22781057	0.53801640	1.31410570	1.66003711	1.29801236	0.87506147	1.41254929	0.90449610	1.12748762	1.03449482	0.91620648	0.54101743	1.51962442	1.10386464	0.86538733	1.49841945	1.23826827	1.19692864	0.77296051	0.69887963	1.12326145	1.04373710	1.16234530	0.82918394	0.84559918	0.87145632	1.46918392	1.28988544	1.55079223	1.38540544	0.78048236	1.08029164	1.22575453	1.31659163	0.72015882	0.72089042	1.16081936	1.13272610	0.95256630	1.15639849	1.47175831	1.25871405	1.30166102	0.45967951	1.26201027	1.54744906	0.74086044	1.01237545	1.04427769	0.88584697	0.99004870	1.09419573	0.80565463	1.02556953	0.65839422	0.88440913	1.02423719	1.18598625	1.42887527	0.74048426	0.96772530	1.17073660	1.22115846	1.28477174	0.92272839	1.48876737	1.49228575	1.57486932	1.39137900	0.89233066	1.19332249	1.29773451	1.85385572	1.22317564	0.87526844	1.38168846	1.29071743	1.35665092	1.03951074	1.55150903
02_229	0.78204754	0.69291901	0.89806860	0.55379779	1.20522600	1.27818882	1.16413492	0.58900901	1.16805144	0.81896506	0.77169606	0.64416552	0.67799008	0.72143396	1.06015348	0.97507464	1.09098144	1.11584445	0.84273716	0.82375148	0.45057027	1.18862379	0.73986824	0.65036262	0.98818003	1.10099343	1.05410303	0.94078220	0.38799116	0.80203608	0.91289626	0.42131902	0.92071471	0.94884781	1.04312827	0.67861969	1.14143555	1.06907335	1.10987082	1.22265313	0.66802079	1.04055591	1.08581818	0.31034387	0.71115475	0.62546361	0.57775503	0.98187982	0.39101477	0.38148652	1.13129928	0.97224682	0.78224461	0.60240160	0.70758931	0.98405777	1.05186725	0.79161723	1.11192755	1.12591793	0.67865256	0.50863366	0.60222066	1.12574004	1.01545991	1.03661053	0.85559287	1.01030193	0.70169243	0.50508133	1.22620534	1.19004269	0.61216586	0.79397433	0.88514391	0.87091091	0.94989710	0.72351744	1.01273612	1.10025529	0.83545032	1.05532672	0.71544162	1.07364436	0.94365087	0.99046836	0.73213551	1.12028024	0.70074476	1.08634977	0.85677188	0.82555544	0.91614740	0.28944123	0.85631340	1.28847917	0.51143232	0.43203806	0.69048957	1.20887085	1.14599310	0.94340869	1.19321759	0.88695507	1.15741810	0.84410706	1.29717739	0.59497758	0.99463918	0.83307585	1.08383064	1.44661199	0.73567707	1.57642418	1.27891635	1.18426922	1.19398562	1.25891846	1.28368574	0.95152292	1.17793933	0.89907070	1.11492851	0.78885880	0.97935272	0.99325482	0.96266569	1.15330508	1.39351733	0.96373616	1.06010686	1.34875570	0.75609698	1.13391680	1.40874943	1.10415026	1.48440375	1.14448591	0.85787351	1.22531512	1.07390074	1.11987838	1.30754087	0.79574448	0.96169487	0.74592066	1.12440738	0.49486953	1.35992176	1.11136129	0.98039563	0.98015310	1.25227825	1.43823321	0.98454887	1.24920612	1.31785683	1.40039833	0.94511806	1.05278121	1.04993760	0.94487617	1.20114803	1.01657312	1.52084646	1.22776379	0.85496745	0.66532199	0.87730496	1.33718776	0.87986257	1.14527479	1.25359364	0.65023688	1.39018836	1.23195335	1.45336002	1.42026245	0.97036348	1.29217057	1.31741225	0.72688137	1.42631717	0.91987508	0.92000363	1.45672773	1.05960244	1.22005137	0.99892608	1.54143695	0.87159907	1.44992493	1.29399393	1.25771099	0.86959290	0.84770584	1.08472484	0.63748079	1.30721945	1.29538616	0.30333471	1.23433350	0.89075459	1.06290548	1.29034995	1.02259016	0.99181113	1.22118459	0.70447980	1.32981837	0.84862945	1.49350422	1.49295292	1.11815750	1.65779526	0.83880400	0.52329080	1.24457236	1.12331874	1.04621043	1.03255118	1.17792147	1.18701013	1.52593580	0.90851411	1.35807737	1.10305535	1.24905945	1.31927076	1.18035647	1.01378036	1.26432411	1.08410172	1.24653297	0.91665750	1.56734955	1.16920893	1.41211772	0.77444281	1.09309659	0.84054940	1.36884171	0.78694695	1.37315123	1.04525016	1.22095969	1.19862065	1.40284057	1.47201450	1.06254319	1.35779211	0.97771040	1.18138720	1.20431142	1.30179682	0.92936972	1.47957613	1.02124445	1.25818610	1.35986459	1.23642744	1.38117634	1.21412723	0.99389650	1.47315989	1.53965313	0.83031496	1.40213424	1.33831827	1.12572301	1.42718873	0.95634748	1.39551543	1.06186787	1.29495882	0.99971273	1.49607742	1.09951515	1.51330220	0.71485139	1.19174970	1.27477764	1.57288545	1.30192939	1.40285491	1.28453784	1.41250929	1.24953861	1.31961689	1.03496422	1.23867757	1.51896348	1.47386040	1.41384571	0.85545932	1.58113271	1.59984665	1.16737309	0.57062873	1.33711004
02_115	0.46708525	0.60687724	0.62244554	0.84666355	1.05025723	1.36986950	1.25509297	0.60398581	0.99676634	0.33536707	0.15517011	0.37372102	0.42201037	0.21942991	0.78543218	1.03050039	1.19517539	1.10463297	0.90468741	1.02204265	0.67937319	0.99665006	0.36943005	0.48427985	0.92615416	1.13611638	0.84320687	1.04025132	0.80137615	0.48369155	1.40830884	0.55114435	0.97637387	1.26697314	1.29861158	1.23560159	1.53147712	1.01976695	1.18895176	1.05648304	1.03977169	1.39450737	1.15349867	0.53845662	0.73858680	0.90857801	0.58109941	1.04677379	0.52321257	0.94271222	1.18582946	1.07956881	0.24599676	0.97870483	0.48422551	1.46197298	1.22108121	1.35186965	1.21652878	0.87828979	1.13865843	0.28081978	0.85599167	0.84748013	1.24433909	1.14765952	1.33387018	1.28503024	0.93853218	0.64885786	0.98670451	1.35542346	0.69016008	1.26180985	1.02504743	0.60626215	1.05375984	1.31539270	1.15495131	1.13985129	0.81406126	0.68953497	0.66743972	0.86215406	1.08861445	0.95723635	0.88697114	1.21180959	0.50833071	0.80351986	1.30375555	0.68879117	1.00279563	0.92555677	1.29167096	1.27950081	0.70926419	0.91856609	0.77474126	1.46955270	1.27802514	0.83889253	1.00026690	0.85968078	1.22801729	0.88054362	1.48391263	0.75771997	0.59237249	0.51775756	1.30711013	1.25467401	1.12740499	1.71356696	1.03835351	1.07132305	1.61261906	1.09188841	1.23679059	1.20675853	1.25656509	0.44408852	1.35803422	1.18775676	1.01861887	0.73522086	0.83045644	0.86905427	1.60463828	1.27968726	1.01032842	1.49084277	0.47753980	1.15190738	1.39753489	1.06363746	1.87071140	1.48387485	0.95435505	1.44823990	1.32226352	1.12267065	1.06068970	1.08522771	0.72121680	0.35730531	1.00439359	0.76824317	1.39393902	1.43064000	1.11022910	0.76695463	1.21049384	1.32203510	0.77825282	1.35692559	1.43642485	1.18950981	1.04484914	0.69627523	1.19718160	1.51225456	1.04017744	0.95349634	1.60261698	1.37555431	0.73666067	0.76397503	0.51415819	1.30940650	1.10167865	1.25561649	1.11457109	0.72093219	1.32353156	1.05118644	1.66014894	1.57484078	1.10194854	1.45299131	1.45776630	0.80672394	1.25910256	1.22701491	0.69091965	1.63320343	1.35398238	1.04842925	0.96155789	1.59145927	0.54403566	1.82379644	1.46057257	1.39958721	1.02828814	1.03807890	1.16373008	0.89249628	1.37675022	1.49462227	0.75016164	1.31882919	0.44324596	1.24551721	1.11977339	1.41352480	1.25407772	1.21303699	0.77050718	1.48566679	0.80789385	1.88306382	1.40128697	0.94733451	1.48979501	1.11154556	0.95721366	1.69135746	1.12638163	1.33296289	1.00434006	1.17986096	1.64469681	1.88314177	1.32427723	1.20858286	1.24879680	1.34551286	1.47836751	1.31621310	0.84494782	1.07678805	1.47674223	1.10920886	0.61209257	1.70989851	1.05003229	1.57099397	1.14031765	1.25333114	0.94412169	1.18092325	1.18252755	1.14189585	1.27842895	1.28389879	1.38708354	1.21437261	1.84708702	1.12407149	1.26108868	1.01503299	0.89495998	1.25591670	1.12695873	0.76412649	1.44173273	1.20778474	1.23453184	1.49655488	1.48908604	1.49197367	1.23085196	1.00251045	1.70753774	1.84828312	0.73527332	1.47939882	1.51685656	0.99711403	1.29549231	1.20462424	1.29416571	1.03780505	1.15017720	0.82252528	1.31920922	1.25705249	1.66208054	0.94040553	1.13953010	1.23107307	1.42256504	1.32173084	1.29266785	1.51097531	1.40382223	1.61284030	1.73252820	1.20312149	1.00616844	1.74794164	1.76136731	1.50699576	1.07273625	1.63196584	1.47802041	1.27449493	1.07561082	1.61918576
02_96	0.88292931	0.87861738	0.80211117	1.46144187	0.60852546	1.02995254	1.02301975	1.31371250	0.28609034	0.69628445	0.98123531	1.06162286	1.13629007	0.96534600	0.40934111	0.60771303	1.09222663	0.56581467	0.75265910	1.34476317	1.34121568	0.20389317	1.07412344	1.23419847	0.77523918	0.79819268	0.80850744	1.22034542	1.10734627	0.95536384	1.41334492	1.22510423	0.66516448	1.08197633	1.14705758	1.60306198	1.27887088	0.46866944	0.98986762	0.63757402	1.45245175	1.17895752	0.67775587	1.23406182	1.26252857	1.50396335	1.12763376	1.39247682	0.99113781	1.48788027	0.82520280	0.86616411	1.02056714	1.43164872	0.88655662	1.36567215	0.91056673	1.80617900	0.95998167	0.39933133	1.58785061	0.96577081	1.26607867	0.19920461	1.47337638	1.52779904	1.37496011	0.95356945	1.37606502	1.17652861	0.20979083	0.91533512	0.81023800	1.47156867	1.44775354	1.15825804	1.17304928	1.65133394	0.67951145	0.70314881	0.75909874	1.11021464	1.30643338	0.77416199	1.37100195	0.93771001	0.87120747	0.76368792	0.64504380	1.24590637	1.59444243	1.16879223	0.82023963	1.47647490	1.27060373	1.12591055	1.26694519	1.14627706	1.21615458	1.33334273	1.63291952	1.40984917	0.65941306	1.28776437	1.28276848	0.66564227	1.24276150	1.31726072	0.77011129	1.17205019	1.19353065	0.68686842	1.41503005	1.40407056	0.20689036	0.63914634	1.74946897	0.69413428	0.95255046	1.24102034	0.78347899	0.91783994	1.32159314	1.60367117	0.79748967	1.28213871	1.23560173	0.17143525	1.44638038	1.49716999	1.37005974	1.22862777	0.91535759	1.19916221	0.96422549	0.60004357	1.71804802	1.20919868	1.41746647	1.52835059	1.77334372	0.79060443	1.39616483	1.29778498	1.22399252	1.00265308	1.45746592	1.20755228	1.42350972	1.26170723	1.21336540	1.20402677	0.88394836	1.02334704	0.56472251	1.40504261	1.29645775	0.89470300	0.85335168	0.57183745	1.55354792	1.78565715	0.34333644	1.24147329	1.26017343	1.43706218	1.32622655	1.19369492	0.81391047	0.75022851	1.03028390	1.60849825	0.70216356	0.88044773	0.93066565	1.23209676	1.48148247	1.31684333	0.91760450	1.36516007	1.83589224	1.10451926	0.83187138	1.15360121	1.16429733	1.62439187	1.36063088	0.83262145	1.17239681	1.31534118	1.07016957	1.66496214	1.38529591	1.24217449	1.39300557	1.44822921	0.70756382	1.49757603	1.19980185	1.22911416	1.32153057	1.02258115	0.76408047	1.33745472	1.21900445	1.79833673	1.50891683	0.60444719	1.24309314	1.22986565	1.39006353	1.74370496	1.10741034	0.91673326	1.02974848	1.59678958	1.45622900	1.54861208	1.59436777	1.07929819	1.38182892	0.90699916	1.62301238	1.70816105	1.74151532	0.60548752	1.63521494	1.09522708	1.45666450	1.04694128	1.30530496	0.54260735	1.79873860	1.40158774	0.91210147	1.63061298	1.48243892	1.24201406	1.34119248	1.14991064	1.26046771	0.97062909	1.69027771	0.38658395	1.09706587	0.93511360	1.72566772	1.21578136	1.59872292	1.41647666	0.92844076	1.42970329	1.25156049	1.23946921	0.53886795	1.15599300	1.06123427	1.40404963	0.99439342	1.48151051	1.65547380	1.30329370	1.67784424	0.88543964	1.53400030	1.60081264	0.90097403	1.29421298	1.25573430	1.20478035	0.73156339	1.50843979	0.98941782	1.13287832	0.63400002	1.29119093	0.75860775	1.63779167	1.31816483	1.33084429	0.80272287	1.47941699	1.09916594	1.17790895	0.92586715	1.92262128	1.50304368	1.74073402	1.47194767	1.02645465	1.19197432	1.57408412	1.98360908	1.09707279	1.11195305	1.25659520	1.10784837	1.53090895	1.61012898	1.98973232
02_102	0.55951161	0.71892549	0.42533436	1.21852922	0.24200547	0.92768476	0.99111860	1.01226125	0.26681366	0.56966381	0.89745374	0.94374416	0.83420978	0.73909216	0.10527821	0.51652126	1.01936129	0.65217442	0.53559641	1.19868984	1.11025183	0.31510595	0.79956414	0.93538108	0.39633624	0.55794524	0.37759272	1.15776927	1.00736562	0.62156903	1.32433297	1.07079937	0.71645103	0.91832040	1.04156693	1.53562761	1.23575385	0.43604187	0.82343517	0.26093815	1.36517403	1.15605938	0.75596914	1.03712066	1.11564163	1.25803942	0.96403039	1.37643559	0.86969519	1.31963509	0.75155139	0.87266527	0.89927379	1.38968411	0.79088188	1.34714575	0.80341358	1.60815204	0.69386476	0.13217783	1.36161888	0.79934973	1.00953541	0.30133569	1.48043313	1.40542932	1.18992758	0.95534705	1.27093104	1.10335269	0.57371689	1.02931155	0.60358833	1.44691719	1.32023671	0.80838444	1.02315937	1.45826053	0.73550621	0.69845993	0.47611561	1.15173787	1.07207671	0.62806952	1.11233906	0.57682219	0.75847360	0.87155531	0.56289203	1.21888587	1.61830498	1.20367565	0.59327939	1.28615251	1.05969532	1.10499841	1.20878863	1.04768171	1.24929889	1.42351364	1.64012332	1.13166962	0.37144480	1.24257936	1.32588429	0.69760073	1.06087777	1.00679798	0.86580597	0.84503087	0.94689589	0.86851551	1.44803202	1.44486532	0.46956580	0.67499057	1.67115717	0.31784826	0.68753406	1.03731184	0.96325336	0.96616682	1.20755233	1.43798018	0.90751461	1.06777022	1.26260232	0.44539994	1.40762268	1.53930719	1.32216847	1.07460611	0.64246694	1.21103203	1.12188374	0.80711411	1.76373841	1.28509546	1.35824679	1.37925792	1.61394783	0.49000503	1.41019898	1.02430585	1.14230281	0.97467423	1.32191144	1.06536839	1.48721792	1.22701422	1.08618894	1.23976581	0.85547232	1.03717410	0.49149055	1.40630330	1.35937815	1.03782448	0.97993418	0.72051858	1.48908570	1.63601830	0.63173823	1.28361272	1.38402957	1.22520698	1.01121781	0.98168620	0.74897522	0.95025544	1.05838465	1.61576527	0.35636251	0.87276212	1.08928688	1.20110629	1.38150909	1.31818810	1.04139016	1.42459840	1.64696747	0.76248189	0.81730321	1.02250300	1.17293725	1.45665526	1.32879191	0.96277967	1.22968305	1.21795796	1.04019052	1.58844800	1.41333440	1.01891026	1.13876272	1.45630613	0.73431757	1.22299377	1.07022165	1.27278835	1.20041620	0.91955155	0.74804805	1.27249608	1.08413960	1.71957902	1.30011780	0.83337641	1.26230440	1.03762920	1.13526057	1.62531539	0.94099202	0.51393106	1.18268197	1.44511127	1.22457274	1.37212085	1.38449910	1.15941105	1.40491639	0.57467613	1.47171014	1.78878862	1.52565197	0.79566416	1.46860501	0.85101544	1.25526864	0.97895296	0.99852104	0.29590568	1.76059548	1.14330601	0.94955150	1.46100521	1.34199486	1.35239266	1.11291215	0.89427274	1.29871469	0.98852980	1.46160242	0.67555765	1.10521307	0.97882786	1.71562240	1.28459045	1.67335686	1.43907222	0.65497430	1.23476739	1.27915134	1.30856523	0.58479492	0.81649721	1.17511712	1.37655196	0.87605958	1.29309919	1.69112914	1.40766221	1.45017240	0.60530944	1.43381824	1.63703259	0.91538821	1.07870980	1.20248768	0.92803552	0.91455869	1.35499016	0.69460168	1.15245788	0.53025557	0.97120844	0.90953480	1.40186244	1.40629123	1.05652480	0.92002195	1.22812219	1.14869906	1.25483141	0.82791374	1.72028975	1.50754514	1.77588678	1.53810124	1.13592388	1.22803161	1.46565505	1.99994829	1.22930608	1.17469485	1.30549282	1.23591424	1.50000595	1.37708984	1.79625016
02_51	0.78884812	0.80140955	0.81211841	0.99904489	0.86694664	1.21807480	1.14135964	0.98017668	0.61070670	0.61207221	0.75919825	0.86279999	0.91685747	0.79363008	0.65356175	0.53652362	1.16072112	0.51177976	0.54331197	1.21819818	0.87172288	0.59042856	0.94078788	0.97309508	0.78163543	0.79184506	0.91866953	1.16238749	0.55580400	0.86442150	1.15517778	0.72932910	0.27590823	0.98004423	1.13613835	1.19662952	1.15173653	0.49626660	1.12239710	0.89745835	1.16188236	1.05343169	0.47813175	0.77635939	1.10518544	1.05973583	0.91679102	1.25920277	0.66662216	1.00358623	0.74942442	0.88860107	0.82657217	0.95017684	0.77444901	1.09419939	0.68127857	1.45450024	0.88346961	0.70146392	1.31050260	0.58801535	0.85861911	0.57825240	1.26804406	1.41818441	1.14219180	0.71404164	0.88480078	0.62623971	0.55182734	0.95148958	0.57620501	1.13394628	1.31036915	1.06044637	1.10715549	1.30833449	0.52279126	0.60870460	0.62112714	0.94237986	1.01045555	0.83770097	1.32530599	1.02841948	0.44413887	0.51811012	0.33886118	1.07865553	1.19058164	0.77029939	0.64546447	0.98678624	1.02461739	1.21048108	0.66811424	0.75524536	0.63524477	1.19539977	1.20691641	1.27855391	0.89243804	1.13173462	1.24663982	0.21799185	1.35715784	0.96878648	0.67270857	1.04379498	0.98584125	0.92748616	1.01267063	1.49008752	0.67315851	0.72920236	1.49188654	0.95522768	1.06942847	0.93228713	0.50488226	0.69924387	1.01800418	1.34048709	0.78383561	1.15758498	1.03885440	0.53643577	1.20897967	1.08153746	1.22189393	1.38501378	0.78232769	0.97621876	1.11168388	0.42051291	1.50582032	1.05799897	0.99149662	1.25404215	1.36409848	0.82821282	1.26462297	0.93404631	1.01812644	0.69528933	1.29710206	0.67629828	1.37863631	1.10555390	1.20533356	0.91581089	0.90572649	1.11774015	0.60446057	1.37032976	1.24215575	0.99262527	0.67419571	0.58419777	1.16310249	1.43469265	0.65143977	1.07270798	1.12358193	1.47370980	1.20239723	0.84775124	0.70305732	0.98322642	0.50749142	1.19772706	0.97341784	0.28742350	0.92938001	1.14628441	1.30558926	1.15263997	0.41589127	1.05110882	1.74484977	0.85637425	1.05503092	1.06714563	0.87881522	1.65310207	1.18543238	0.89996251	0.83561332	1.47416150	0.88000465	1.52505679	1.09103852	1.14343195	1.30255034	0.90599315	0.52454699	1.08319632	1.13336978	0.95381334	0.75705274	0.95229098	0.65223940	1.00159800	1.22624826	1.37552483	1.16559024	0.75590287	0.69375248	1.36876704	1.15333225	1.59878580	1.27236334	1.02391964	1.21787849	1.13651540	1.13892286	1.40962986	1.36904146	0.78932206	1.02591197	0.96545607	1.43657413	1.50136578	1.42375057	0.79881980	1.53077759	1.22598727	1.33707716	1.15635999	1.20901358	0.86102586	1.38432731	1.36282031	0.70365777	1.71566331	1.30808615	1.00510375	0.93957529	0.99817075	0.89734603	1.06924931	1.27385117	0.74791390	0.70419524	0.80869612	1.28639378	1.19746396	1.41504046	1.26664671	1.14266184	1.20847140	1.10138462	1.21796900	0.80900438	1.06348175	1.06627692	0.99468135	1.13528983	1.34487498	1.26030531	1.05464647	1.47027762	0.80799382	1.34342610	1.48411368	0.55495141	1.28105221	1.08031435	1.17418389	0.90421501	1.13504326	1.18685039	0.89786308	0.87001867	1.18935336	0.99291405	1.35499182	1.37137232	0.96107336	0.88452698	1.41870199	1.23728230	1.20882001	1.10928112	1.59314314	1.45085105	1.38010336	1.24968651	0.54936354	1.08867244	1.39090509	1.70897760	1.10829886	0.51322751	1.40259535	1.21474849	1.27364954	1.14144743	1.64215097
02_195	0.27298167	0.54894452	0.42804031	0.87734575	0.90562727	1.26657060	1.19845745	0.54380332	0.93882420	0.32901205	0.35749631	0.43608430	0.27349956	0.07278849	0.68430253	0.99991648	1.13261141	1.12104942	0.86026893	0.98443023	0.72610581	0.95428401	0.15325616	0.38320860	0.79183441	1.04969566	0.64550663	1.02756745	0.89815778	0.26384582	1.41547596	0.67813324	1.03372574	1.20291222	1.23802866	1.32281772	1.51672218	0.99310949	1.07383132	0.90553803	1.09226541	1.38957710	1.18782791	0.61904792	0.72398877	0.93115971	0.58343481	1.09994849	0.58788191	1.01687817	1.16419395	1.06357151	0.35441889	1.12417481	0.49757102	1.49668968	1.20759372	1.35454562	1.12481894	0.77627203	1.09987646	0.38963829	0.84783641	0.80841752	1.31907043	1.13085182	1.29027954	1.30834193	1.05128241	0.81735268	1.01418716	1.36542749	0.65812310	1.34139441	1.01311642	0.39216362	1.00413517	1.31024511	1.17320102	1.14121119	0.73740303	0.83867428	0.66175376	0.79905002	0.95765047	0.77195558	0.92248693	1.26661252	0.56583637	0.90045085	1.43688749	0.89584341	0.94922214	0.98198926	1.24171748	1.25030659	0.89916621	0.97233822	0.99681750	1.53274050	1.43252636	0.72980122	0.86585789	0.92102315	1.26626064	0.94857983	1.36146440	0.69825810	0.72304669	0.30683006	1.24136884	1.26312572	1.26527360	1.69689193	1.01865909	1.06273270	1.64226929	0.92869846	1.11230258	1.18603105	1.33810598	0.63957874	1.37533131	1.18650765	1.05858017	0.68283911	0.95715300	0.87336307	1.63517744	1.42274828	1.06542756	1.37233507	0.36767330	1.22803472	1.41550264	1.14523834	1.92716307	1.52543401	1.09037848	1.45185103	1.38159462	1.01284937	1.15733781	1.04638809	0.80265676	0.56727431	1.01670746	0.86734438	1.44773733	1.43728171	1.04652666	0.93838089	1.19474038	1.30895972	0.75759684	1.37151608	1.47678520	1.23445146	1.12716265	0.78199574	1.30191621	1.53099156	1.05515841	1.06364111	1.67334951	1.25919336	0.58396246	0.77819521	0.56053319	1.31269796	1.20735478	1.40840069	0.95810260	0.85250691	1.37966204	1.09356320	1.65120224	1.60288465	1.22774232	1.55147001	1.39646741	0.70536328	1.20435421	1.17658050	0.85545732	1.54249401	1.38214117	1.09855444	1.11269847	1.50513684	0.67114005	1.80808694	1.54359547	1.32388019	0.91583564	1.22773145	1.18380453	0.88898936	1.33763465	1.55719524	0.88587772	1.28900239	0.53456103	1.30898106	1.07371693	1.50998241	1.25400723	1.24059735	0.98876277	1.35840805	0.76680844	1.85143759	1.29861680	0.75852292	1.50737844	1.19485869	0.93903116	1.62582885	1.11250256	1.40758592	1.16673406	1.04844202	1.60943043	1.95534800	1.31324530	1.22742071	1.20541737	1.20563104	1.42008713	1.24898231	0.71586945	0.95844008	1.58874498	1.00175075	0.75469845	1.60166801	1.06857444	1.65201017	1.13470908	1.18052508	1.10222653	1.17884312	1.20312059	1.15357066	1.34787841	1.31877677	1.53314880	1.27883202	1.90395327	1.20520347	1.11687806	1.00760028	1.01632927	1.30273051	1.09069336	0.61151838	1.48425585	1.31992043	1.15593754	1.45152365	1.62495274	1.58745819	1.20195021	0.91575010	1.70237423	1.87880434	0.85967367	1.39386914	1.52701522	0.88609544	1.32052725	1.25074829	1.14325711	1.13427554	1.07431724	0.68353937	1.32377721	1.24011675	1.67609524	0.91559549	1.16513616	1.14195477	1.41941459	1.35426728	1.22084330	1.52664371	1.44414934	1.73243663	1.78783673	1.32625063	1.09849971	1.73982334	1.86363431	1.54730522	1.22002765	1.61225382	1.51105235	1.36142280	1.10361757	1.64050531
02_165	1.43194562	1.02691519	1.51968129	1.32435116	1.70851050	1.37425005	1.13192148	1.38737664	1.56723461	1.30833863	1.22714198	0.99764767	1.39859480	1.33107877	1.52947016	1.39362522	1.07665546	1.45716524	1.41294428	0.85837392	1.25316800	1.55578704	1.35090339	1.39419152	1.59554197	1.63256757	1.65862078	0.84087954	0.93553292	1.46395681	0.89192103	1.12145084	1.30349317	1.20675247	1.08063737	0.39494540	1.12344728	1.49244874	1.29239484	1.73859075	0.48845224	0.97248024	1.42378923	1.08414485	0.89148603	1.36558440	0.95699546	0.72220201	0.82685239	0.91775382	1.55473402	0.96616165	1.26633082	0.74472078	1.00532805	0.84862122	1.52997938	0.94347422	1.68489972	1.57786558	0.93420496	1.16524619	1.35424888	1.48687072	0.68900704	1.02601663	1.08665657	1.24667305	1.20541269	1.04874305	1.47248482	1.07316635	1.15259891	0.46034501	0.86316090	1.55459974	1.18586454	0.90941487	1.27316591	1.48783445	1.43988118	1.28592656	1.36533431	1.52292793	1.21862384	1.47683069	1.27657891	1.41824483	1.20445479	1.37790015	0.23314335	1.08556400	1.48784705	0.91942544	1.24778451	1.38266185	1.02531020	0.69308664	0.99285701	0.88490595	1.33854866	1.48328518	1.68566639	0.89314002	0.88939478	1.24827763	1.45152731	1.39813584	1.24987067	1.51431366	1.67399465	1.65986942	0.17900912	1.46713600	1.57310874	1.51980687	1.12608295	1.78439864	1.80005344	1.52916916	1.40573428	1.18947367	1.56210926	0.86621600	0.90092888	1.51847375	0.99950394	1.45914793	1.71550485	0.86048548	1.17145580	1.46540734	1.38227473	1.39012681	1.34650950	1.33909232	1.27423209	0.91180803	1.22741555	1.67789750	1.53875262	1.67584921	1.50804692	1.50368432	1.34372847	1.14030837	1.48806177	1.15112286	1.18061971	1.16881523	1.00706123	1.21063540	1.60790407	1.72489296	1.40612341	1.07419075	1.22757145	1.58341963	0.93908583	1.31599861	1.38615619	1.00887841	1.33954213	0.97879344	1.67290291	1.40314012	1.45098659	1.31399163	1.29721308	1.25974105	1.23353542	1.34161131	1.74403407	1.10573380	1.55913218	1.51866314	1.83953888	1.69914057	1.21445983	1.49130762	1.42247588	1.47485573	1.75768066	1.01825555	1.20204011	1.57745612	1.00984179	1.32940979	1.21849874	1.70659463	1.16526871	1.50601435	1.52834456	1.78691734	1.15901296	1.11032199	1.46112531	1.40725983	1.73200148	1.55926144	0.92947145	1.65718752	1.26994688	1.43891755	1.69230122	1.14078715	1.56024515	1.23757692	1.01541702	1.52150189	1.45943230	1.62762175	1.92037257	1.72120102	1.81866011	1.35595058	0.97672146	1.42182833	1.63105524	1.10122608	1.23978927	1.75133788	1.29252169	1.26844421	1.24620936	1.58776761	1.15991352	1.59070361	1.77537327	1.21026924	1.63250660	1.72213989	1.06960484	1.77698628	1.21524334	1.70072451	1.57576980	1.58990918	1.41143302	1.67423659	0.88685899	1.65029451	1.34700440	1.59923981	1.39295272	1.51895410	1.40573627	1.55611091	1.24129613	0.76746672	1.83856872	1.44987616	1.39334576	0.96155711	1.63545718	1.58808235	1.67218972	1.33572978	1.52304052	1.83252382	1.28201172	1.53767959	1.72698231	1.57545475	1.84707060	1.43341680	1.19298433	1.89491560	1.69900818	1.68446572	1.61654196	1.43190394	1.90896958	1.31228554	1.70684839	1.63368620	1.71802549	1.66076579	1.35255679	1.44413469	1.24240803	1.76742206	1.80972598	1.18014709	1.76924729	1.74940125	1.40554625	1.06828635	1.10704878	1.27404761	1.44965425	1.90455324	1.19947032	1.39130805	1.14899394	1.56709101	1.74400237	1.30245844	1.20521206	1.77132323
02_233	0.54019728	0.83619933	0.66070120	0.38439472	1.06446228	1.42646507	1.40461153	0.07311783	1.15805327	0.78868454	0.79689331	0.79641862	0.33567168	0.56615675	0.98325802	1.02997397	1.33020692	1.20723710	0.79620729	1.09701849	0.28774331	1.20241619	0.54142807	0.26583780	0.79772079	1.00183998	0.80215157	1.24791483	0.70471646	0.52047558	1.27206356	0.48834932	1.05914714	1.11978041	1.29003547	1.19104023	1.44499023	1.09163016	1.22933252	1.06279543	1.11092235	1.37994516	1.20828155	0.36432839	0.93430848	0.45881236	0.74772610	1.34524845	0.69395596	0.68945963	1.14592646	1.25889137	0.76237150	1.01452533	0.87550393	1.39177559	1.07275615	1.07671483	0.97955639	1.05083455	0.91508345	0.49715575	0.42904905	1.14252140	1.42606935	1.26755986	1.08626923	1.22878219	0.83205368	0.71315755	1.33009323	1.51340659	0.67176269	1.28407848	1.16147198	0.50474849	1.08238988	1.03071113	1.20208440	1.16129401	0.71736643	1.18300824	0.54553093	1.00994713	1.01062145	0.87862335	0.80098396	1.27388454	0.76339968	1.15523043	1.40108290	1.04964419	0.84493200	0.61209773	0.98811213	1.44113053	0.76621985	0.86591658	0.99454191	1.61832540	1.35849346	0.76317975	1.05542758	1.16315949	1.50695170	0.98753417	1.40948368	0.17380577	1.12749689	0.48593677	0.96515930	1.52790613	1.28160061	1.82110806	1.32711963	1.23087826	1.50576277	1.07808315	1.12668075	0.89333041	1.37659678	1.03950599	1.15020240	1.08208806	1.30961654	0.83841499	1.22477603	1.21840919	1.47394679	1.37029927	1.24738822	1.46757642	0.57525170	1.27201187	1.65452035	1.28659302	1.84741274	1.54924606	1.01103022	1.21170731	1.08570091	0.98303789	1.40135994	0.62596648	0.99704807	0.86959952	1.11355735	0.60653360	1.65535580	1.37823158	1.21481276	1.15203113	1.27635924	1.46515602	0.99395956	1.54635491	1.59977417	1.50776664	1.27794093	1.17171965	1.17296759	1.25754722	1.37457966	1.30867992	1.69233655	1.31180440	0.62294140	0.58560757	0.89936673	1.59642383	1.09331682	1.35186655	1.10894715	0.85198500	1.53720594	1.28164036	1.46326915	1.51759382	1.22325817	1.48297614	1.42397862	0.41800630	1.40657966	1.17838212	1.07119362	1.55501691	1.37650950	1.39793639	1.20840945	1.61007019	1.00092172	1.66284575	1.45767378	1.13835440	0.95543295	1.12443206	1.18017205	0.38303779	1.26954462	1.45066526	0.64040823	1.22813122	0.95409526	1.16484057	1.21747190	1.30126738	0.92404095	1.47430283	0.99186954	1.40881966	0.66654494	1.65621012	1.38000342	0.85787128	1.74869110	0.89334617	0.71472344	1.41604804	1.00500829	1.36966157	1.23674824	0.99826325	1.40895062	1.90878932	1.02805833	1.45696346	1.28331882	1.23225309	1.24864055	1.39607982	0.73850887	1.16443211	1.42475956	1.03517255	1.05588935	1.63660933	1.12856709	1.60519789	0.73635375	0.96496244	1.18809444	1.40303276	0.79612786	1.46530470	1.20593313	1.33433829	1.40456369	1.52441581	1.85144702	1.44466591	1.20963444	0.93791053	1.30016225	1.54962135	1.32061255	0.63513406	1.60356653	1.19591024	1.30831464	1.27779695	1.53229979	1.57591072	1.07414499	0.86623509	1.49704231	1.83898148	0.99448731	1.28133978	1.39836238	0.92814421	1.54689181	1.00216858	1.21632426	1.22856503	1.25075809	0.72054186	1.57468502	0.97774714	1.81092576	0.52747166	1.42288888	1.12292616	1.62000431	1.58987409	1.36880301	1.23738136	1.62175945	1.64794215	1.72049765	1.28369262	1.35686547	1.53027628	1.84956820	1.67511480	1.12633394	1.78114047	1.72044593	1.37641658	0.64206043	1.32296127
02_261	0.99718787	0.48903607	1.06904692	1.32314831	1.32048730	0.98625113	0.75023874	1.14848021	1.26642606	0.88157638	0.84360890	0.49473340	1.01611444	0.89558802	1.11965920	1.25354815	0.63134212	1.37371972	1.25814939	0.37927689	1.19897680	1.25661528	0.85834812	1.06308405	1.28409277	1.44203274	1.20863213	0.28245684	1.06373513	1.01171074	1.09014572	1.09572566	1.29227475	1.10255691	0.86370877	0.86793561	1.22142210	1.31125088	0.85077982	1.34463682	0.46795589	1.01725421	1.42045403	1.00778745	0.27798794	1.36859638	0.57578088	0.25026183	0.59749843	1.09150845	1.47136289	0.67283897	0.87929282	1.04488963	0.46724008	1.13533415	1.51939614	1.09238819	1.52892235	1.18320647	0.81653769	0.93680379	1.31060682	1.11986348	0.76167084	0.67673603	1.11207118	1.35186493	1.34670670	1.12726815	1.21975150	0.99821464	0.94271787	0.85774053	0.38876849	1.10151206	0.92525987	1.06226992	1.25628713	1.42132968	1.20970940	1.04416713	1.16239875	1.19691966	0.72396025	1.00750088	1.27046132	1.47359795	0.98031372	1.15147489	0.91897637	1.08580964	1.35324921	1.05261586	1.26504123	1.13043698	1.16824772	0.80679257	1.17695716	1.06603200	1.57578640	1.09614857	1.29790906	0.55885005	0.65148217	1.22392914	1.12285465	1.23330421	0.95298699	1.05049902	1.62515843	1.44564335	0.75427793	1.38298769	1.26671135	1.33059022	1.36101936	1.37509915	1.51948361	1.55116441	1.49679145	0.89857047	1.66591337	0.83892422	0.67132418	1.15925152	0.81641285	1.13606595	1.85992626	1.25047946	0.97657150	1.11513213	1.00488752	1.40927941	1.19576901	1.32215224	1.61809390	1.10861454	1.33322173	1.75298524	1.67489162	1.43131863	1.33109364	1.48067208	1.12241523	0.90577552	1.26454746	1.22593999	1.08759526	1.27137904	0.51497986	1.12680224	1.47064656	1.54391908	1.11854574	0.90696846	1.23151367	1.39608084	0.95752134	1.01666399	1.52929255	1.28871681	1.05780576	0.83924202	1.80289207	1.03801005	1.01362097	1.21980981	0.96630351	1.01428583	1.42283384	1.55570544	1.34190428	1.13491256	1.51890755	1.32618337	1.91739643	1.79997888	1.38339241	1.70401786	1.14463305	1.25511220	1.48065718	0.85091376	1.08316736	1.35043566	1.10154830	1.10880121	1.28049886	1.45052374	0.86700583	1.65443328	1.71527403	1.69498171	0.68512409	1.39150747	1.44120604	1.35910103	1.64712110	1.74303075	1.07523175	1.59224725	0.89758963	1.55969841	1.40930970	1.45952048	1.61318626	1.09222435	1.17585562	1.19714113	1.22402513	1.76036078	1.63945857	1.29519383	1.64905441	1.50093269	0.89289505	1.46305682	1.48624001	1.33035748	1.32047902	1.48305298	1.40706963	1.63020745	1.30847389	1.41620206	0.83184416	1.26842607	1.70800269	0.89774014	1.25813370	1.34160642	1.45357521	1.44270224	1.00697784	1.43059477	1.38728851	1.79032969	1.47529756	1.57816562	1.02061878	1.41492880	1.44368810	1.33694964	1.57015872	1.53328463	1.68181954	1.39318957	1.57570694	0.52350788	1.48197395	1.30283108	1.19551313	0.76557824	1.36162726	1.19811482	1.64139737	1.52566239	1.21527967	1.78247286	1.62043494	1.71877558	1.57482598	1.34771963	1.95046760	1.63974625	1.11591987	1.75005833	1.77286183	1.34910261	1.46130476	1.52929079	1.54350159	1.29770372	1.39930250	1.22507904	1.50162248	1.61408908	1.33122773	1.37105009	1.01563496	1.48808065	1.61303813	1.00096505	1.48990175	1.81393875	1.27243254	1.48970369	1.44419832	1.48007848	1.26259801	2.00043101	1.50347095	1.40354198	1.39620945	1.40851533	1.61799347	1.36774698	1.30902373	1.89160975
02_71	0.43299021	0.59751885	0.56080359	0.71706448	0.93212118	1.29019708	1.18068440	0.57547742	0.86240221	0.34745477	0.35670938	0.49011949	0.43853226	0.31417219	0.68924242	0.84006473	1.15484977	0.89659065	0.73181937	1.02355523	0.60418500	0.87458638	0.43643109	0.46139724	0.78704016	0.93580496	0.76041687	1.04506011	0.63470233	0.46970115	1.25322449	0.41575760	0.80343404	1.12887957	1.19453033	1.15415197	1.37377229	0.85819789	1.11691306	0.92962334	1.02901606	1.27505636	0.95394332	0.42483568	0.78407469	0.75908492	0.51110936	1.08311114	0.42701784	0.79821995	0.94117615	0.99580041	0.28815056	0.82612576	0.52334843	1.31956007	1.02680520	1.25379504	1.03348680	0.75471543	1.10327489	0.17758861	0.66976899	0.75929981	1.14755639	1.09513090	1.20869709	1.06846681	0.72494606	0.48335142	0.86999698	1.24358399	0.47691794	1.14245880	1.02589290	0.57455440	0.87970709	1.20401588	0.98451117	0.90545981	0.61726417	0.63778534	0.50744314	0.65740615	1.05931249	0.86594729	0.66375696	1.00358335	0.32847194	0.69769683	1.22094607	0.57745317	0.79771375	0.84651647	1.12619810	1.10280896	0.62668552	0.77396977	0.67796609	1.31498746	1.09089652	0.75133102	0.83657526	0.81743282	1.15760744	0.68899920	1.38993043	0.64752418	0.54116494	0.55880637	1.10183901	1.06874314	1.08158404	1.53394310	0.90292652	0.84791837	1.41938688	0.98222754	1.02405045	0.96559001	1.09154087	0.51819958	1.09387797	1.08749268	0.94277602	0.62183498	0.76538194	0.78096599	1.33763733	1.09933552	0.88654123	1.37391791	0.32439692	0.91356146	1.23229808	0.87341182	1.65943763	1.34327079	0.75740237	1.18895569	1.11658950	0.95919564	0.94640033	0.91253964	0.58201042	0.35298589	0.86008912	0.57660150	1.26308895	1.21270244	1.07435167	0.66009075	0.95989079	1.09551547	0.57418756	1.23991212	1.24369096	1.00482005	0.87202046	0.61954181	0.98105341	1.35112291	0.94806864	0.85650783	1.35247589	1.25478088	0.67792500	0.52396265	0.36306588	1.20662289	0.89347376	1.06627363	0.97438918	0.56963101	1.10122108	0.86639180	1.39010736	1.30773139	0.93439582	1.20263686	1.36932163	0.66541641	1.05533587	1.12274258	0.57297916	1.46823504	1.15661062	0.88577142	0.76297873	1.39664825	0.49130074	1.59549637	1.20036071	1.15634311	1.00365718	0.87286460	0.96562810	0.75604764	1.11434772	1.23722461	0.66111862	1.05629031	0.45939772	0.97996743	0.92157592	1.22553103	1.01033249	1.07495038	0.66871817	1.34993873	0.65098046	1.64764067	1.18062142	0.81769998	1.29065241	0.90597258	0.84421055	1.53710434	0.94210649	1.11086451	0.83726812	1.00466784	1.44799190	1.67303147	1.15147824	1.01054922	1.18329910	1.17958240	1.22273556	1.21254727	0.71841863	0.95355935	1.28604850	0.94550557	0.50215762	1.55106113	0.88247305	1.32112852	0.93431348	1.01947449	0.78932048	0.97524136	0.99975324	1.02178252	1.03814264	1.02837254	1.18643687	1.04437045	1.64038445	1.15471763	1.07967938	0.81590803	0.80670481	1.17951405	0.95019522	0.67681940	1.20529052	0.96948764	1.04623819	1.23728001	1.27314739	1.25082053	1.05228421	0.83907702	1.43567113	1.62140394	0.60619130	1.23412833	1.25367828	0.82511949	1.10896014	0.97071368	1.14813539	0.83602037	1.01350292	0.79869674	1.15176958	1.05270879	1.49301963	0.80410403	1.04874707	1.05960190	1.21701316	1.21279090	1.09769725	1.31039242	1.26439196	1.43310155	1.57302743	1.03737619	0.89450920	1.48021066	1.61607636	1.31648131	0.91816889	1.45951274	1.28209741	1.09039195	0.97485368	1.41384754
02_260	0.85286273	0.82507657	0.91684408	1.03318860	1.06308457	1.35244708	1.22471306	1.00919540	0.80874180	0.60133947	0.63980099	0.78036251	0.93540011	0.77460393	0.79846246	0.77841819	1.22841089	0.72791007	0.76778598	1.22497559	0.88863029	0.77543489	0.93815394	0.98614385	0.97875195	1.02432221	1.06496931	1.15510775	0.61588088	0.92046336	1.26135929	0.69370853	0.52096723	1.15861536	1.25396719	1.17798682	1.30318543	0.73885948	1.24612644	1.09031308	1.12715489	1.17856930	0.71174050	0.76499693	1.06484121	1.09775111	0.89348601	1.18039890	0.65224760	1.01125561	0.95382789	0.96675455	0.73767109	0.88882058	0.73490878	1.19898172	0.92610980	1.48599394	1.11933017	0.86082469	1.34804267	0.56260315	0.95656986	0.70687398	1.22249592	1.39410620	1.28137868	0.91488495	0.88281347	0.56390686	0.65398325	1.06072963	0.70667082	1.13393339	1.27924437	1.10752849	1.17047551	1.37326956	0.75011897	0.82492116	0.80892991	0.80048373	1.01361813	0.93229894	1.38674248	1.16912229	0.63629200	0.72645419	0.41165774	0.98449087	1.12872585	0.60910908	0.87241575	1.00752256	1.20304936	1.27098084	0.57605942	0.81245061	0.47496617	1.22343396	1.13793446	1.29337841	1.05730270	1.05322170	1.21623340	0.44942253	1.50884718	1.04096198	0.55624319	1.06599383	1.20433954	1.01724864	0.93966882	1.57471076	0.80672736	0.86892396	1.54275050	1.14706344	1.25872247	1.10562699	0.68149040	0.52278130	1.16653411	1.35296237	0.81236774	1.14593435	0.91793083	0.63669325	1.34504021	1.03728413	1.16451955	1.52440252	0.83013239	0.99758115	1.17256246	0.55630132	1.58117624	1.15426330	0.93478489	1.37042995	1.38164167	1.05778129	1.16992015	1.09211211	0.94715612	0.54693930	1.26815307	0.70949793	1.34735086	1.22876822	1.24755437	0.77680413	1.04581349	1.21028411	0.71393540	1.36939070	1.27570226	1.01354236	0.71162486	0.53681680	1.14584999	1.49688591	0.74385314	0.97588130	1.21662707	1.56324771	1.22955223	0.90230716	0.67459951	1.05953636	0.63634430	1.12710386	1.16280648	0.33268561	1.00199892	1.12539782	1.46848854	1.29078722	0.51638376	1.10942969	1.75392195	0.99117538	1.17878829	1.18461064	0.75008157	1.74822354	1.24145240	0.90180341	0.76313332	1.59682009	0.76548637	1.66075462	1.16147680	1.33892848	1.34658847	0.81429785	0.76373329	1.12962324	1.28578685	1.09641374	0.72528849	1.13778923	0.57647850	1.07479017	1.27292363	1.36359426	1.26840952	0.86066759	0.54211287	1.52435916	1.16860899	1.74941638	1.42329297	1.17154494	1.28122182	1.14481488	1.17419460	1.58677252	1.38462908	0.90917923	0.92309555	1.18193822	1.57050773	1.56112500	1.47350258	0.91107186	1.52656446	1.39968324	1.48114001	1.26907173	1.25505350	1.04401678	1.36319177	1.42142158	0.59686590	1.82364364	1.28647658	1.12150490	1.08562094	1.19938124	0.80184977	1.12385852	1.31793678	0.84762863	0.86677221	0.95693223	1.23730932	1.16534633	1.50407100	1.17569347	1.32059141	1.23050735	0.98710009	1.19115722	0.95369089	1.13556863	1.15292600	1.00887569	1.25169085	1.48280062	1.23826287	1.11494003	1.49610653	0.99319755	1.50641191	1.58301325	0.52451849	1.45840085	1.24941504	1.25639370	0.99976787	1.19038077	1.36594937	0.88784407	1.04156883	1.23500001	1.08657115	1.41649976	1.44500437	1.05958502	0.93296613	1.48587270	1.30737585	1.21457774	1.24730174	1.63210626	1.42684039	1.36760929	1.35465384	0.64475524	1.01728604	1.55432097	1.66442178	1.19264186	0.55414078	1.49022070	1.26610227	1.24517447	1.18691097	1.69115502
02_323	0.58963592	0.69013452	0.57234565	0.78687967	0.62000428	1.01237814	1.02764801	0.73688749	0.57912015	0.66297009	0.87395181	0.87117231	0.72006501	0.72453937	0.56660025	0.35501336	1.02556611	0.57909214	0.19052820	1.06122700	0.69436612	0.62394311	0.79203802	0.76709061	0.41610426	0.47814750	0.62159495	1.09469973	0.48776908	0.65230758	0.95492042	0.69504838	0.43211985	0.65915617	0.92018469	1.12708135	0.96375700	0.43249627	0.88384419	0.64453452	1.08602792	0.90920650	0.55275229	0.65178726	1.01093771	0.84184594	0.81767651	1.28419089	0.61016308	0.84764522	0.62369816	0.83105086	0.88326788	0.99530995	0.77695973	0.97421225	0.46572647	1.20971199	0.50733488	0.60520261	1.03777337	0.56772004	0.57095359	0.65596320	1.28914254	1.31099841	0.81393306	0.61672166	0.86994714	0.71661087	0.79144747	0.95549090	0.32111154	1.09293081	1.19982705	0.81500315	0.93663283	1.03339342	0.50317346	0.56298848	0.29555548	1.15173642	0.86345063	0.76046553	1.04029982	0.67837540	0.29540572	0.64365100	0.42335988	1.19506354	1.25038833	1.00933895	0.29345564	0.78902268	0.63852894	1.15633026	0.78997479	0.61832571	0.90030466	1.23858107	1.33761106	1.07172043	0.69491150	1.15741201	1.28184250	0.40184761	1.05637162	0.65778507	0.92929909	0.83426497	0.61237712	1.06125209	1.10289352	1.43439891	0.78800096	0.75735433	1.35788794	0.68997802	0.78922403	0.64592118	0.74550438	0.95513277	0.86390600	1.15118220	0.86985203	1.05647663	1.18345744	0.71950616	1.13858174	1.19156945	1.24511459	1.12175009	0.61892353	1.05426662	1.19248430	0.70778803	1.47586929	1.03811163	1.05790372	1.08258072	1.25490763	0.47705506	1.40310315	0.56148076	1.07350235	0.87251459	1.25309202	0.59635914	1.44725669	0.97581019	1.03983522	1.12816939	0.85998386	1.12706478	0.60104145	1.35019135	1.27187968	1.15753684	0.82601657	0.84413615	1.18794810	1.21416069	0.81871467	1.20104875	1.24130376	1.20192703	0.95520215	0.67291948	0.78751923	1.07019009	0.63011130	1.32824658	0.70134108	0.49911361	1.08993031	1.20064946	1.14363641	1.11832028	0.70680911	1.15466025	1.55337732	0.46134230	1.02372320	0.82200380	1.06152814	1.41201343	1.10188634	1.04978932	1.03775162	1.29706107	1.00354026	1.33176990	1.14635553	0.84300933	1.03000631	1.07591363	0.51322563	0.82487516	0.96627488	0.98402087	0.72207440	0.78852734	0.80663943	0.96402468	1.14702330	1.33026652	0.93532038	0.88140893	0.92716133	1.06374960	0.96887349	1.35368199	1.08825467	0.70582699	1.33776454	1.04371649	0.87395884	1.06264472	1.22282452	0.83730088	1.19593276	0.59282700	1.15202804	1.51642133	1.17389327	0.93517079	1.36365194	0.89883320	1.08187179	0.98438592	0.97940074	0.68962124	1.37773913	1.16535833	0.91043724	1.46778011	1.25912242	1.11322438	0.61431883	0.64211938	1.05160222	1.10917510	1.03822180	0.92428023	0.71821456	0.83253191	1.37908522	1.32792505	1.39726270	1.33326987	0.86933224	1.06003989	1.26788605	1.27297234	0.81289180	0.79248736	1.16351180	1.04016255	0.97170375	1.11588733	1.35800963	1.19768791	1.29397188	0.48172833	1.17363782	1.42330422	0.72834150	1.00502947	0.96407635	0.94572134	1.03384019	0.99521000	0.89575783	0.99992606	0.75469836	0.94632381	1.09058426	1.13168979	1.36038528	0.65251274	0.96387699	1.19296217	1.27368888	1.25346836	0.98459219	1.40971569	1.47110336	1.42599563	1.21507958	0.78088444	1.22959633	1.21034599	1.73596920	1.16691350	0.75151367	1.35638016	1.32173674	1.29417637	0.88447694	1.45274243
02_236	1.01495800	0.97718899	0.96723975	1.42612322	0.80387451	1.14933538	1.10727318	1.35715216	0.43641303	0.80243254	1.03378753	1.12617381	1.22963651	1.06652247	0.62016797	0.57493926	1.18079222	0.44377001	0.74170192	1.40793281	1.31075161	0.36528648	1.19941750	1.31067992	0.88874380	0.83999689	0.99998188	1.28127660	0.98888936	1.09451841	1.34168210	1.17187454	0.48047971	1.08302586	1.18692058	1.51173603	1.21219985	0.44859101	1.12139729	0.83972455	1.43122270	1.12117426	0.49331359	1.20761181	1.33520641	1.47261684	1.18343254	1.42154178	0.98910295	1.41731562	0.78297242	0.89794255	1.09123341	1.31756040	0.96977663	1.25082086	0.81182160	1.78021366	0.98306621	0.61778202	1.60886881	0.97324423	1.23966937	0.41925957	1.43840094	1.59536315	1.34984221	0.80756697	1.27571688	1.07255084	0.22703779	0.86404576	0.83231904	1.37938092	1.51287181	1.30187330	1.23946163	1.61682756	0.53477965	0.61981674	0.80780643	1.12151518	1.34341400	0.88852231	1.49176740	1.11260326	0.77126786	0.54739857	0.64297971	1.27168493	1.46755087	1.08314541	0.81400435	1.41153479	1.23838853	1.19566143	1.14054501	1.07242280	1.05735201	1.24490823	1.50371610	1.52310878	0.84966333	1.32453189	1.30506479	0.50767749	1.35202440	1.34175402	0.79227704	1.30791000	1.16802618	0.71683189	1.29309720	1.41660685	0.38762126	0.65795959	1.68838482	0.89838119	1.07379528	1.18483102	0.50808009	0.92232952	1.22698669	1.60965687	0.78511267	1.38479136	1.22939460	0.32958614	1.33100211	1.34618910	1.39946629	1.35057093	1.02518705	1.12814529	0.96623415	0.38394918	1.58842036	1.09502352	1.33339417	1.47039257	1.70821150	0.87378332	1.41227016	1.26456459	1.25677346	1.00082795	1.50959886	1.11920551	1.42283208	1.19351448	1.30660307	1.15643737	0.89395883	1.06093408	0.65499370	1.43106935	1.26250405	0.90742154	0.73976278	0.60948874	1.46364310	1.72020862	0.39490895	1.23243147	1.11262007	1.55789602	1.45541722	1.18940977	0.87823909	0.77220048	0.82021135	1.48828380	0.91059356	0.74114003	0.84548747	1.26762640	1.41199376	1.21027193	0.66579067	1.20068519	1.92397660	1.15689090	0.93355149	1.17991145	1.13465888	1.71377775	1.31817453	0.85781637	1.07065172	1.41829332	1.10710866	1.60828240	1.24513980	1.25331321	1.50451816	1.29022539	0.56828287	1.48954861	1.20461030	1.05443336	1.22357175	1.00255091	0.83302117	1.24185186	1.31504649	1.69501231	1.46744526	0.55604159	1.10495476	1.35321351	1.45409328	1.70017444	1.23102188	1.10639682	1.05091536	1.52148914	1.47172600	1.53039958	1.63602271	0.90094540	1.29753297	1.01712985	1.59442565	1.56921772	1.73068991	0.60167291	1.71899139	1.22291796	1.47644972	1.13195556	1.43496477	0.75445192	1.68159440	1.52263983	0.90895355	1.73716546	1.53126957	1.05112240	1.28121814	1.16302191	1.16843678	1.03928185	1.65502007	0.46081340	0.90895645	0.83812596	1.59504403	1.23481118	1.46312410	1.42591472	1.10571005	1.47035839	1.26927290	1.25869368	0.65592398	1.29260933	1.00442936	1.28480283	1.11832373	1.49259548	1.50671623	1.13356326	1.73217763	0.95613430	1.45984844	1.51528085	0.83760349	1.35070244	1.17203306	1.33604596	0.73048388	1.45408202	1.16943915	1.08288586	0.77690762	1.42906640	0.81421896	1.65281931	1.30568664	1.32710745	0.83076238	1.59212524	1.15785266	1.20686647	1.05075136	1.90597681	1.53759728	1.60560887	1.32345618	0.78236639	1.21539140	1.50966737	1.90778959	1.03879882	0.87425495	1.30783824	1.11624522	1.49350425	1.56262018	1.95604502
02_58	0.42318197	0.78918530	0.55228271	0.61136875	1.02011535	1.40839255	1.38872634	0.21816229	1.14763332	0.71078556	0.72574023	0.73448951	0.18149387	0.44597818	0.92421142	1.09660410	1.31135530	1.26869432	0.88350014	1.08723043	0.52263626	1.19077906	0.36694575	0.13360779	0.79955075	1.05098566	0.70669034	1.22643665	0.89072729	0.37105587	1.40083472	0.63392272	1.16482713	1.20783122	1.32419546	1.32777246	1.55265069	1.13793370	1.20176810	1.01010236	1.17371542	1.47353229	1.30565286	0.52516912	0.88645317	0.65700962	0.71540027	1.32424735	0.73756951	0.87732747	1.21136701	1.27200050	0.66815675	1.14720218	0.81864771	1.53168260	1.20237497	1.20146041	1.05961438	0.99427991	0.99482981	0.53286271	0.62666582	1.10255855	1.46024263	1.22478890	1.21518225	1.35740423	0.98273854	0.85300984	1.31863038	1.56344606	0.72283706	1.39757286	1.13042121	0.28917999	1.06587886	1.17554858	1.29957289	1.23283402	0.75694554	1.13048326	0.54229933	0.95130247	0.95873797	0.80879994	0.93753169	1.38217254	0.78804425	1.09845756	1.52464911	1.09047835	0.93345852	0.82806133	1.13462864	1.40687108	0.93191198	1.00005186	1.12160731	1.68430476	1.46019371	0.64049656	0.98851378	1.12511006	1.49187798	1.08654729	1.41023841	0.37687056	1.08213909	0.26593028	1.09704912	1.50385388	1.39571032	1.83022206	1.29677300	1.23333157	1.60473830	1.02014660	1.10624914	1.04135658	1.49076761	1.00376088	1.28652091	1.13837669	1.32568885	0.71927859	1.19970781	1.18995928	1.59278029	1.49184838	1.21162416	1.44712305	0.48354837	1.31874298	1.64978440	1.35234667	1.96476836	1.65082890	1.10054585	1.32248192	1.20914099	1.01650670	1.34908047	0.82042940	0.94950706	0.85232185	1.05643375	0.79469585	1.64229051	1.46941628	1.18749816	1.15154075	1.29254797	1.44493962	0.96794806	1.53308369	1.62453137	1.47815251	1.33436608	1.13496304	1.26935228	1.40457181	1.36453093	1.29376670	1.77422081	1.26836201	0.46937561	0.67219538	0.83746996	1.59004571	1.25657071	1.44486577	1.05088838	0.97647366	1.56426243	1.23866624	1.56917781	1.61274980	1.36018540	1.59751506	1.37204542	0.50880489	1.36268883	1.23476087	1.06469461	1.53356409	1.44166718	1.36867749	1.26313180	1.57722853	0.94660161	1.76318318	1.56805230	1.21027643	0.91010440	1.26670975	1.27989737	0.57837135	1.31164163	1.58212328	0.83950998	1.29132696	0.89736973	1.27698729	1.14685189	1.43445162	1.05874264	1.49736519	1.10875881	1.39567785	0.62951489	1.76229553	1.33537787	0.76298702	1.72242215	1.04350811	0.80569222	1.53637536	0.99304099	1.49667345	1.28627164	1.01263230	1.51977260	2.02190810	1.12784651	1.45557051	1.23884236	1.21355477	1.30140049	1.39489289	0.61276471	1.11800948	1.55609287	0.93671800	1.03621931	1.60227221	1.08361582	1.72416619	0.93731927	1.05655463	1.25321431	1.35971609	0.95582061	1.44541125	1.36156141	1.40834608	1.52392171	1.48762425	1.96990288	1.44066323	1.15591352	0.93751513	1.25301877	1.54073385	1.29732236	0.53081933	1.63347856	1.31834707	1.26980143	1.33506670	1.65552423	1.67373750	1.05960906	0.90601501	1.61193855	1.92943354	1.04913974	1.31155687	1.50614404	0.85039434	1.54792967	1.12715594	1.16689325	1.26903357	1.23164715	0.61018465	1.55566318	1.04441232	1.83957529	0.69648625	1.42487414	1.06428554	1.58811346	1.58131261	1.33486128	1.32630562	1.59813843	1.77537855	1.85940655	1.43340187	1.32252915	1.64399876	1.92442624	1.72074810	1.29696739	1.77531508	1.71037552	1.42125170	0.86464130	1.43504783
02_319	0.81381875	0.93320977	0.93567169	0.45871632	1.25082730	1.55322047	1.42649626	0.63893646	1.17102687	0.81022828	0.73868805	0.81368555	0.70984158	0.73007597	1.07423278	1.00530962	1.40766487	1.03135083	0.88249222	1.20211062	0.47852883	1.19232043	0.80056776	0.63459593	1.03563161	1.08236599	1.10044380	1.27089810	0.49400896	0.83887430	1.20116568	0.17632738	0.90776758	1.23789999	1.35416872	1.02587241	1.40544574	1.08059842	1.39017069	1.24730845	1.07477161	1.36091413	1.03748083	0.31187172	1.00383594	0.47119386	0.69806548	1.26100055	0.59795887	0.49802974	1.00098216	1.22765687	0.66062580	0.53967460	0.88971754	1.28875425	1.06882800	1.10096456	1.14110991	1.11291776	1.11950428	0.47071241	0.51825455	1.13016429	1.15130733	1.19593434	1.21938160	1.06097913	0.31134275	0.20168914	1.17518631	1.42064596	0.65181858	1.05535970	1.18203669	0.85923698	0.98199110	1.09604448	1.11112184	0.99459648	0.80398342	0.82185288	0.45894369	0.90108466	1.25714483	1.16487266	0.66643832	1.04288871	0.64693582	0.78717815	1.10368971	0.53200970	0.90601638	0.66952013	1.12007812	1.24632210	0.42937761	0.74293569	0.51954132	1.32363747	0.76532090	0.86415648	1.13488200	0.95645588	1.31373113	0.79687066	1.60427178	0.61713937	0.86589208	0.87394305	1.08223832	1.27422771	1.04442775	1.61376801	1.22885930	1.02287155	1.25293092	1.30035016	1.19240829	0.83209663	1.15540421	0.83994392	0.90565789	1.02920802	1.18227978	0.77245982	0.86069955	1.13999878	1.15543218	0.86015020	0.93362995	1.58521380	0.67759630	0.81629931	1.39804684	1.00114354	1.51916604	1.39376762	0.44279336	0.96684969	0.74083282	1.16636282	0.99509496	0.82336368	0.66735292	0.62383967	0.85229697	0.34012435	1.32679760	1.16677520	1.30619531	0.66959065	1.05341135	1.20091062	0.87249360	1.32908884	1.26729694	1.17113663	0.95580599	0.96968120	0.65576777	1.14654503	1.26930408	0.94713323	1.27689352	1.40358836	0.86928755	0.40292858	0.68906377	1.45865125	0.78060586	0.76413566	1.28638330	0.61805670	1.16361184	0.93410269	1.24813648	1.19164665	0.92229372	1.00236718	1.40285250	0.77824148	1.25042256	1.27121694	0.62033617	1.53494352	1.11556521	1.09585988	0.67370282	1.53023544	0.73664440	1.48925392	1.00581254	1.13346454	1.19528610	0.53683249	1.06898426	0.55902941	1.09506939	1.10043687	0.46898892	1.07531998	0.86982288	0.76059064	1.03483409	0.87724179	0.76269039	1.30490436	0.52606657	1.54856591	0.64580962	1.53244568	1.33212165	1.11980395	1.44104753	0.51758261	0.80020459	1.54848509	0.82841729	1.05390285	0.68718374	1.20396810	1.37082742	1.54755489	0.94182025	1.21592191	1.27689586	1.36014374	1.14853394	1.44518524	0.88478526	1.29558703	0.97556035	1.03320587	0.74234868	1.64536060	0.86425055	1.21549905	0.77885126	1.03315244	0.71385203	1.14775240	0.70266891	1.33666509	0.90982993	1.04743761	0.85278087	1.15201481	1.55815026	1.33725183	1.32990229	0.76376254	0.94337951	1.36245956	1.23341176	0.93618383	1.26385605	0.72488941	1.26124582	1.15392032	1.00848183	1.10464574	0.96769876	1.04278893	1.28710592	1.55796324	0.77101562	1.27346660	1.19005480	1.00738908	1.31751786	0.73899428	1.42198361	0.86714962	1.32108806	1.05857287	1.40095284	0.90787463	1.60912279	0.77452343	1.32531661	1.15298662	1.37595695	1.40987768	1.32800000	1.07144451	1.35734651	1.25872024	1.55368952	1.00260569	1.06277258	1.35301958	1.49115215	1.42737185	0.78077245	1.62874364	1.42782781	1.01025594	0.79433001	1.15934076
02_87	1.10595027	0.59001202	1.17041156	1.32169544	1.38710784	0.95228319	0.71636268	1.19832423	1.34099292	1.03068371	1.00870249	0.65668451	1.11250177	1.03344482	1.22375403	1.26895225	0.59137569	1.40587068	1.28003217	0.27286822	1.21789302	1.33813077	0.98694670	1.14402143	1.32962930	1.45893939	1.29275314	0.24865197	1.03902450	1.12071112	0.92608794	1.13544070	1.31454710	1.01469382	0.76065828	0.69270180	1.08698207	1.35315906	0.83018211	1.41228050	0.28547788	0.88745955	1.43295901	1.03466785	0.37435567	1.36371421	0.64414534	0.27988819	0.63935133	1.02704638	1.48368393	0.64951708	1.03202918	1.00222762	0.61954214	0.97322798	1.50547341	0.93360861	1.52810476	1.27949688	0.67606670	1.02488813	1.30774248	1.23070889	0.68120640	0.65484012	0.97066708	1.29871688	1.34535761	1.15854047	1.31837998	0.94209181	0.96891363	0.69292782	0.32975747	1.19981107	0.91519487	0.88867618	1.24118649	1.43702618	1.25166693	1.18565798	1.21986235	1.28302574	0.68896073	1.04135792	1.27527146	1.47891187	1.06329258	1.26941555	0.77239266	1.17065911	1.36340561	0.98241963	1.16015860	1.14897363	1.19023268	0.71370009	1.21376046	0.97098673	1.58277558	1.16413282	1.37520973	0.63120820	0.63217619	1.25143445	1.04399297	1.25133322	1.09982716	1.15819238	1.59766074	1.52459736	0.63890777	1.33135470	1.35824555	1.38742079	1.22810914	1.44488336	1.54959458	1.52334205	1.50453311	1.05568051	1.63325315	0.71296620	0.68415253	1.25959353	0.91646114	1.24660904	1.82680466	1.19314364	1.02902075	1.05237837	1.09988412	1.43786631	1.21127258	1.36081025	1.49147491	0.97924190	1.35524975	1.72343444	1.65320431	1.45159301	1.43591076	1.45501503	1.21910357	1.03212032	1.33562872	1.22325971	1.09313777	1.18185223	0.44590878	1.23084126	1.50093754	1.59702045	1.19746330	0.87562664	1.20073976	1.48036000	0.96055542	1.14614361	1.53301564	1.12530093	1.13361360	0.90155728	1.79745840	0.97979531	1.08146799	1.24021174	1.09615239	1.04292649	1.40620947	1.56530146	1.39685330	1.16442216	1.56162048	1.40291561	1.87893644	1.77758933	1.38412244	1.68903675	1.10476459	1.27412792	1.55016546	0.72518244	1.18488507	1.28377727	1.00538994	1.18497935	1.32577198	1.43265144	0.99396580	1.53703792	1.69419902	1.68032783	0.63693400	1.39220885	1.44330774	1.35290616	1.64737735	1.71273068	1.05607718	1.58637948	1.04079064	1.54115572	1.47873035	1.38622634	1.58062555	1.10824913	1.21000816	1.13038942	1.26827029	1.63723339	1.67666235	1.35877878	1.71190295	1.47801432	0.80306181	1.31188485	1.51433832	1.26280330	1.36391030	1.49793147	1.25180225	1.50750076	1.21723717	1.47534126	0.77515145	1.24808227	1.67848076	0.82961963	1.32504796	1.40776659	1.36335434	1.50696583	1.11678051	1.37838336	1.44468657	1.76361286	1.42403386	1.55583981	1.02590470	1.48303578	1.38292375	1.41923224	1.54121821	1.53156805	1.66321087	1.46626153	1.43912820	0.50655507	1.51513402	1.31588809	1.30180067	0.73721877	1.42074760	1.25812950	1.66107524	1.50464278	1.22125478	1.75738074	1.56972112	1.71721489	1.58920954	1.36116482	1.89930463	1.52513459	1.16511483	1.73496219	1.73322408	1.39452049	1.50607950	1.49032616	1.57319996	1.31878712	1.44573848	1.28615503	1.55585141	1.59134053	1.25387274	1.35404221	1.03444333	1.50471614	1.65985631	0.98015450	1.52008129	1.76933304	1.26879871	1.37365223	1.29084064	1.46597544	1.34157454	1.94401013	1.39352302	1.36278704	1.39242676	1.36939187	1.65461485	1.34386531	1.23499721	1.82805255
02_79	0.72715520	0.69389110	0.80092743	1.09714785	1.01515243	1.30462011	1.16439239	0.97427324	0.79367999	0.39422686	0.41755966	0.60014090	0.82624161	0.60467791	0.70083892	0.86478731	1.15584215	0.83893397	0.84869881	1.14204975	0.93733770	0.75570765	0.77177534	0.89734012	0.96980042	1.08120564	0.97194997	1.05623695	0.77693320	0.78804350	1.36122176	0.73981313	0.70777862	1.22281684	1.25327826	1.25521928	1.40542371	0.80978965	1.18163121	1.03677015	1.11017469	1.25825629	0.88017933	0.78705070	0.93222470	1.15819077	0.78470954	1.06767034	0.60864243	1.09680762	1.04639440	0.93584182	0.53873816	0.98246247	0.55767947	1.33138749	1.08500323	1.52761177	1.19813708	0.77833619	1.34144114	0.50591811	1.03264066	0.61776544	1.20194416	1.28924387	1.36173452	1.08433859	0.99551734	0.67354733	0.62147690	1.10565836	0.71551969	1.20843423	1.17212282	0.97661185	1.11740155	1.43914108	0.89633930	0.93741370	0.83029155	0.64210959	0.96369212	0.85207733	1.29203649	1.08473986	0.79010841	0.91881066	0.38573747	0.86144472	1.21758209	0.60129517	0.95843027	1.09518376	1.30839696	1.20956539	0.71812229	0.90087229	0.63627413	1.27857873	1.23321148	1.17442169	0.98670634	0.92946708	1.13701983	0.62552710	1.48383836	1.05268869	0.35123934	0.92327711	1.32048279	0.99073095	1.01777110	1.57369586	0.75476314	0.87824929	1.61311913	1.09016008	1.24882978	1.23079459	0.90190399	0.29050652	1.31094670	1.34123073	0.78061503	1.01328323	0.80541455	0.55590538	1.49331647	1.15822277	1.07058203	1.48102223	0.71538255	1.04650856	1.15241296	0.69787082	1.70914585	1.26315186	0.99386340	1.47460196	1.46135693	1.09266958	1.06438885	1.20179008	0.84067590	0.39423318	1.17745379	0.83639778	1.29127038	1.31949695	1.15937338	0.71132227	1.07629136	1.19410170	0.65505848	1.30907851	1.28643911	0.96442512	0.77478509	0.37486786	1.22375001	1.58814613	0.69978939	0.88750867	1.34991864	1.49096518	1.10381107	0.92786000	0.52130429	1.02604203	0.88470158	1.21179003	1.10487917	0.53294708	1.05463690	1.04934345	1.59476145	1.42228722	0.78057399	1.26770062	1.66226876	1.00494179	1.13524738	1.20115738	0.67138853	1.70629883	1.28505739	0.82751420	0.81397815	1.55778158	0.60007959	1.75954682	1.30665362	1.41408282	1.25192017	0.96397573	0.92242885	1.17220273	1.34001724	1.28586436	0.84269870	1.22218502	0.35956940	1.19355367	1.19013046	1.46013631	1.36245786	0.88355185	0.66696314	1.49311928	1.10479220	1.85115530	1.39070294	1.08736623	1.25735134	1.23872023	1.17495235	1.68170779	1.34796174	1.08688992	0.94689114	1.19794970	1.65417900	1.68971145	1.50944913	0.91966289	1.42861793	1.37287133	1.53104712	1.23423781	1.14793213	0.98985374	1.46871958	1.32955244	0.47848480	1.77417935	1.21297901	1.30818889	1.21888525	1.28087107	0.83706415	1.06465902	1.38849018	0.81148905	1.08433781	1.07272594	1.35152894	1.09532843	1.64135323	1.08425400	1.27424020	1.19697854	0.86691844	1.12257769	0.92506171	1.04039469	1.20877179	1.13841153	1.19676665	1.54023084	1.37213373	1.26276263	1.45978826	1.01864276	1.64090300	1.68505894	0.56506200	1.49764591	1.38813942	1.17716641	1.00893353	1.28057930	1.32249514	0.91654645	1.01851604	1.12645629	1.06490298	1.44431252	1.46517834	1.12362737	0.89884171	1.41982190	1.27287933	1.16196382	1.21270073	1.68261226	1.36274404	1.49125927	1.51345288	0.90395734	0.92706133	1.68650115	1.70865309	1.25083793	0.83240828	1.47256081	1.25695482	1.26149686	1.27692881	1.76535111
02_283	1.12075253	0.74712504	1.17125245	1.06997580	1.33546978	0.95791355	0.81603543	1.07784582	1.33021731	1.16140109	1.19118920	0.89518444	1.10187812	1.12446991	1.26330156	1.11795245	0.73484100	1.29421758	1.10637160	0.47844678	1.03815596	1.35376603	1.06973687	1.09213063	1.20170131	1.26045002	1.25578255	0.63037127	0.80938770	1.13916114	0.49747337	1.01466554	1.19859076	0.73176831	0.62331655	0.39863167	0.77714830	1.26533985	0.83878326	1.35826481	0.34932644	0.67458678	1.28422736	0.89878956	0.65437432	1.09616086	0.70661714	0.76643953	0.64282029	0.71102073	1.28565700	0.73063176	1.17449271	0.82917752	0.86244508	0.64228294	1.26109741	0.49783770	1.28399854	1.29637064	0.37700012	1.02353262	1.03611710	1.31051074	0.74175080	0.77359337	0.54841403	1.03441310	1.12705886	1.04766610	1.40316108	0.93872720	0.83104475	0.45064833	0.61204622	1.18623215	0.81606016	0.38266888	1.09928736	1.27394294	1.10031739	1.36335799	1.10997736	1.25673882	0.66432079	0.98251578	1.07225762	1.32166346	1.06901475	1.36665625	0.67985747	1.22533867	1.15276786	0.67426605	0.75935344	1.14587679	1.09673394	0.42644087	1.18300978	0.90105891	1.44853831	1.12039148	1.32706636	0.85677212	0.87445648	1.14963133	0.93073257	1.03664423	1.29213612	1.19110560	1.27087034	1.54855801	0.64645547	1.25683926	1.42455208	1.32756204	0.90330812	1.38871524	1.38530310	1.18908961	1.39624396	1.27827078	1.31248790	0.44991307	0.85580238	1.27309478	1.09467169	1.35295267	1.52585210	1.03063192	1.10533779	0.96829269	1.09718255	1.32445253	1.26228316	1.32235736	1.21150201	0.82862507	1.23249412	1.40141000	1.37300922	1.28952028	1.53854030	1.13392037	1.27665645	1.17728817	1.31535408	1.02295192	1.18857349	0.89017867	0.61985058	1.31514078	1.38065481	1.53414739	1.20461761	0.94782357	1.15061241	1.53717324	0.93956957	1.31672523	1.34496588	0.64682530	1.26324952	1.07027812	1.63796270	0.88125358	1.05589233	1.05560633	1.17991549	1.16704299	1.20365513	1.44740930	1.33996508	1.09064024	1.51038940	1.42524979	1.55864890	1.52460608	1.27280671	1.48226109	1.06017647	1.08168732	1.50910114	0.55358540	1.27078327	1.12021570	0.80896744	1.29482515	1.30448675	1.32918413	1.17135786	1.17256698	1.47575500	1.37955991	0.64436398	1.26961891	1.29190743	1.10411653	1.41903616	1.45892585	0.88928369	1.36366511	1.23154736	1.30322438	1.44131592	1.10065330	1.25555669	1.16991908	1.19391051	0.99709156	1.16381456	1.24283341	1.55631755	1.29531582	1.73302596	1.22523333	0.52914973	0.91001587	1.37321393	1.05022847	1.35495655	1.32495588	0.82492124	1.28158502	0.85335724	1.48387443	0.82981111	1.06888282	1.39176230	0.84559826	1.27210170	1.40334353	1.11369134	1.41574466	1.25161699	1.22752543	1.41286006	1.56276910	1.07910983	1.27365596	1.04082477	1.49967713	1.05593241	1.52102612	1.28478096	1.37795222	1.49857957	1.54638387	1.20027994	0.92610453	1.42271230	1.19457015	1.45959172	0.98631594	1.43642450	1.22322185	1.59476957	1.32056736	1.18892955	1.48760094	1.39552688	1.54285072	1.44813558	1.22767944	1.57116542	1.30011099	1.20363448	1.49899397	1.47889323	1.32998494	1.53766248	1.24040697	1.49787417	1.30614434	1.44286936	1.29667575	1.61392116	1.36458717	1.24924836	1.12865011	1.18780180	1.41482035	1.66899178	1.15307983	1.48582242	1.51465745	1.36675723	1.21525842	1.07124786	1.33526229	1.48228622	1.62971799	1.33968444	1.34047133	1.22879510	1.38795472	1.68737259	1.29535767	0.93117404	1.54351168
02_73	0.71986501	0.96089198	0.55992728	1.22264290	0.23144124	0.98536416	1.15353389	1.04197056	0.57194802	0.91841608	1.22095910	1.22495566	0.94311068	0.97429216	0.53794091	0.60873775	1.17296818	0.83552761	0.55449943	1.33905920	1.16376416	0.65476280	0.97658550	1.01697992	0.27240978	0.42167749	0.36209971	1.36960107	1.12728150	0.75579053	1.33800586	1.21956053	0.90895041	0.86021013	1.09216425	1.65638691	1.23578023	0.61119679	0.88865410	0.22462655	1.52905017	1.22259443	0.89943936	1.15755632	1.31801247	1.24948350	1.16359301	1.63842409	1.08990513	1.38042464	0.78294812	1.08683452	1.19462826	1.56360450	1.09822300	1.40465741	0.75377786	1.60014810	0.45480713	0.50898330	1.37189364	1.02259828	0.97970522	0.72833212	1.69498942	1.56485189	1.11700244	1.00503428	1.38155761	1.29623303	0.96840698	1.21958356	0.73854824	1.59042714	1.49724425	0.86645260	1.12904908	1.43516988	0.87502996	0.80459804	0.50820633	1.50122432	1.16632720	0.82473328	1.13445796	0.53782237	0.84999256	1.02100298	0.86825953	1.49946788	1.81364425	1.50467886	0.54175206	1.32533621	0.93509318	1.27708670	1.40330287	1.16780259	1.50852303	1.61422057	1.82373507	1.19553899	0.46021764	1.50578312	1.58566379	0.91872754	1.00175127	0.97025045	1.26661376	0.94710926	0.72165465	1.14426500	1.67075081	1.56028689	0.84416876	0.89031485	1.71343099	0.18315991	0.55764786	0.93078639	1.15916647	1.34963502	1.17025702	1.50385752	1.20952994	1.22024185	1.57166087	0.87394350	1.39780493	1.72923081	1.55521537	1.05672578	0.82396435	1.39294850	1.37269939	1.09323826	1.83662403	1.42203823	1.53518100	1.32578280	1.63568976	0.30384715	1.69332604	0.88658721	1.39361863	1.30567645	1.47937382	1.17321947	1.73236598	1.27092677	1.23231716	1.54610088	0.97810552	1.19541707	0.79654456	1.60270846	1.55077286	1.33812319	1.24668999	1.14167637	1.61385820	1.61590748	1.01148060	1.58758871	1.52932289	1.22448736	1.06788120	1.05516692	1.06328698	1.23167054	1.19721116	1.80803104	0.30025848	1.10609504	1.32190848	1.43301419	1.30058839	1.34890193	1.25883828	1.55559942	1.70623752	0.68908491	0.96873420	1.07222076	1.47687483	1.43743927	1.44635861	1.29408076	1.49827462	1.24250594	1.36731612	1.53381331	1.52354773	0.83513117	1.19076286	1.66112942	0.85219581	1.20152052	1.04278411	1.33826757	1.33649185	0.90697072	1.12805440	1.35227557	1.21719809	1.80344755	1.24134512	1.13121858	1.52448261	0.97239881	1.20648221	1.52072545	0.92138750	0.45116550	1.42571728	1.50477334	1.26160982	1.21643830	1.43934048	1.30146723	1.66224641	0.32794413	1.39112043	1.90086693	1.49756112	1.07999725	1.58391132	0.72521807	1.15571621	1.09438306	1.04525140	0.46442263	1.87817978	1.16208042	1.30304118	1.41836222	1.49581801	1.47443909	1.02517090	0.72721949	1.56914722	1.22278377	1.43974603	1.04377388	1.17569595	1.11507509	1.87585525	1.57004769	1.76749805	1.72904395	0.58118012	1.32353412	1.60556600	1.59075720	0.85032605	0.86219861	1.37455876	1.51973958	0.99303885	1.21397296	1.85896243	1.56051282	1.48431859	0.58423440	1.35190682	1.71103842	1.21146761	0.95063395	1.20050626	0.97462201	1.19762815	1.39725352	0.59614970	1.40183950	0.70209032	1.03288068	1.19059729	1.38642899	1.58485760	1.02135168	1.23104923	1.25047230	1.35809800	1.52874772	0.94498473	1.71079953	1.74268550	1.94115586	1.62999502	1.32723581	1.54570468	1.38306920	2.18434443	1.44245511	1.35155256	1.47327280	1.48729056	1.69393860	1.36205141	1.77207960
02_232	1.28192996	0.78124602	1.32546533	1.43761323	1.42684152	0.97359399	0.69421396	1.40979397	1.27795467	1.12789745	1.14238483	0.88358136	1.33785399	1.22353476	1.25425393	1.17373699	0.67479000	1.23845008	1.26414555	0.65857843	1.34931597	1.26012293	1.23623652	1.36832580	1.39604375	1.42992471	1.43163553	0.50887925	0.99129116	1.32198897	0.80446196	1.20572940	1.16453814	0.98767211	0.75072936	0.65338531	0.90561851	1.26020246	0.92588069	1.45765096	0.51023228	0.71217589	1.24853446	1.15467347	0.74929294	1.47463191	0.84213210	0.51053138	0.73575230	1.08798325	1.36574794	0.54885297	1.17225517	0.92082581	0.78905449	0.74823878	1.40273725	1.08343919	1.52058507	1.28771014	0.95856356	1.12742589	1.38353119	1.18889335	0.56428193	0.86907819	0.99432590	1.09031681	1.30984045	1.13791435	1.17298479	0.67360872	0.99531754	0.51519145	0.70187738	1.43829194	0.96386466	0.99245217	1.05566333	1.28946430	1.27631971	1.18264051	1.36168819	1.29077820	1.01395418	1.21159985	1.20051401	1.26403738	1.05449222	1.29440891	0.55187458	1.10800502	1.33687727	1.09345776	1.15531786	1.07271274	1.17340796	0.66493437	1.11466955	0.63250414	1.45778007	1.39753377	1.40660709	0.74239261	0.52670800	1.11496528	1.11496715	1.41919311	1.06344155	1.41597646	1.58159332	1.35742232	0.43476793	1.13911582	1.24757912	1.26422242	1.11661201	1.50637830	1.56004579	1.48746408	1.26329959	1.08136280	1.52357022	0.87471498	0.47705076	1.42091312	0.90066718	1.16276332	1.65473589	0.96869339	1.05536205	1.09527301	1.24062310	1.30200245	0.97019983	1.13986933	1.19621940	0.64440526	1.31001590	1.65804110	1.65966852	1.46135713	1.41750919	1.50679329	1.27317481	1.08302624	1.42127633	1.22449757	0.94656000	0.99042511	0.67123341	1.18425446	1.38360358	1.48244925	1.16113647	0.79694924	0.98451492	1.32778959	0.68969729	1.07631259	1.46265081	1.11395539	0.97678336	0.83514701	1.53495772	1.13299148	1.35006505	1.29863111	1.12929540	0.81206272	1.22136970	1.44460797	1.44491655	1.07593705	1.33961987	1.37506286	1.74919692	1.58392179	1.16015033	1.46301075	1.31084130	1.40281027	1.46878240	0.74165991	1.16360963	1.33546074	0.84304328	1.03842089	1.18723730	1.38601873	1.05373934	1.37800116	1.48997291	1.64944226	0.98600524	1.27076585	1.28396964	1.49405775	1.56996290	1.48237877	1.09067303	1.47767978	1.09403811	1.42256947	1.50764279	1.30934309	1.58269888	0.85514485	1.12846216	1.17885312	1.42910920	1.51415502	1.65923484	1.49123913	1.53081497	1.48313080	0.99919202	1.28008858	1.61404678	0.97069526	1.27078710	1.53313707	1.18886906	1.17846801	1.31075565	1.29408970	1.01686016	1.29281504	1.65654434	0.80173061	1.51817280	1.41877989	1.23031424	1.64033573	1.08509575	1.43032911	1.51535197	1.49215666	1.43298257	1.54737391	0.88926133	1.39822413	1.46648993	1.27335670	1.34587289	1.34152061	1.53682919	1.36341011	1.10538042	0.57916420	1.55149768	1.40012164	1.28968501	0.59432222	1.32667025	1.45570699	1.45288747	1.37435026	1.20335130	1.72649121	1.36341408	1.46736878	1.70218063	1.39795567	1.76437409	1.25934247	1.10001215	1.71389194	1.57607257	1.51720253	1.31809091	1.47009238	1.63613766	1.20710833	1.41553467	1.52060144	1.40732541	1.66750371	1.00697649	1.45994054	0.89584229	1.62801627	1.54091250	0.83314719	1.47892963	1.81810529	1.20967727	1.14154877	0.97653825	1.24113308	1.30181646	1.81837482	1.24072581	1.10024326	1.20335964	1.20851041	1.47701767	1.26924491	1.35635165	1.85416624
02_146	1.28415963	0.77249539	1.35426965	1.55409938	1.56308003	1.14688979	0.85655991	1.43212835	1.45023736	1.10568315	1.03903346	0.74307904	1.30839326	1.16271845	1.34293724	1.43714972	0.77854452	1.50759920	1.48373793	0.61838948	1.43928203	1.42663750	1.15172682	1.34745623	1.54798355	1.66368231	1.49311892	0.44213125	1.22974019	1.30615858	1.18605017	1.29158885	1.43512457	1.29436713	1.01048496	0.90507100	1.31147567	1.49202740	1.05981661	1.58866118	0.57392603	1.10324888	1.55122429	1.23213461	0.58407921	1.59454864	0.81092507	0.16244421	0.81509731	1.25931565	1.63432301	0.78289731	1.07908512	1.10326461	0.71209119	1.18946017	1.70591560	1.24154284	1.76570918	1.39637471	1.04417567	1.16473033	1.54888670	1.29368501	0.68274664	0.77029998	1.29920147	1.46867605	1.48452796	1.27154620	1.32351802	1.02948800	1.16784894	0.85611919	0.55523855	1.40006332	1.08143353	1.22579029	1.38640890	1.56929788	1.44918680	1.10583080	1.38712683	1.38316807	1.00101890	1.29227543	1.45354092	1.58334320	1.17134650	1.24026868	0.83887772	1.14728767	1.57469094	1.25491958	1.46985951	1.20043243	1.30376391	0.95666519	1.25004362	0.99158336	1.60962212	1.34247072	1.52323435	0.61462196	0.55879321	1.36757196	1.31055532	1.50859375	1.04280499	1.35105891	1.85383026	1.52099397	0.70496438	1.37973662	1.39593463	1.46153066	1.39424577	1.62806808	1.74016588	1.75328639	1.58251771	1.00735294	1.81710410	0.97315289	0.70772713	1.36797687	0.82521539	1.27491035	1.96856667	1.22878535	1.02748503	1.27495678	1.26070760	1.48301294	1.18509743	1.40204546	1.58699192	1.10558332	1.42875086	1.90697133	1.81619046	1.67131782	1.37186883	1.72595458	1.24782138	1.04388018	1.39938575	1.40613064	1.01510390	1.34591253	0.70347065	1.17981554	1.60220287	1.64592986	1.28989486	0.87684713	1.21177447	1.44404725	0.98150137	1.11664294	1.61965966	1.39054807	1.14294622	0.81561203	1.83955695	1.21450188	1.29451804	1.42732412	1.13331763	1.02536557	1.53294139	1.58909816	1.58083605	1.27754989	1.56506120	1.41401895	2.05609038	1.89463978	1.46211610	1.75413249	1.26103547	1.53316062	1.61626529	1.01701432	1.15807428	1.47024809	1.13392243	1.14313992	1.32476710	1.56043529	0.97834605	1.72867342	1.77835927	1.90184360	0.96049001	1.44622384	1.58631836	1.60142026	1.80540646	1.82824878	1.24204088	1.75031475	1.06045371	1.67165976	1.56138811	1.51232724	1.79953055	1.12945435	1.24929091	1.37651843	1.44719240	1.86096635	1.81736242	1.56821167	1.68962911	1.64766866	1.11139564	1.62593515	1.66198917	1.37321978	1.35582646	1.73038413	1.52497300	1.57090123	1.46939944	1.49719922	0.95046253	1.48101477	1.88408759	1.01878523	1.51048522	1.55714031	1.46311687	1.65847650	1.10105726	1.55829908	1.52265292	1.83999035	1.68841230	1.79881080	1.02595837	1.51067442	1.62968088	1.42831189	1.68436999	1.63337411	1.71979951	1.41989649	1.53754078	0.40990378	1.70217965	1.47228833	1.24066997	0.67744096	1.50013188	1.47402198	1.69315940	1.60605044	1.35895710	1.95358448	1.61857772	1.75539060	1.75469869	1.58400415	2.08443642	1.63235060	1.23333567	1.94332772	1.89830745	1.57497009	1.52404622	1.67560204	1.77806764	1.36515312	1.58347519	1.49924620	1.57930974	1.80362917	1.29733497	1.61643428	1.06729618	1.68663727	1.68717182	0.96778281	1.64391180	1.96619119	1.26219473	1.44368532	1.43725118	1.55668592	1.31273939	2.13706787	1.41320870	1.40445381	1.48574624	1.42640895	1.64961577	1.40194420	1.52154142	2.03540222
02_82	1.25162022	1.02827812	1.31801672	1.02539008	1.54879713	1.27352531	1.21262586	1.03959583	1.62639417	1.39816901	1.39460664	1.11572881	1.14939724	1.26686540	1.52271178	1.39662350	1.09704825	1.61564691	1.29806854	0.74463910	1.02309196	1.66441491	1.17470044	1.11151894	1.35327622	1.45780113	1.39649774	0.99145737	1.00319299	1.24469863	0.81303823	1.11955763	1.48237998	0.97535334	0.97836792	0.66496819	1.10794235	1.54269491	1.12885981	1.56596635	0.66619636	1.04806845	1.58731902	0.97156620	0.88070368	1.05187760	0.94587230	1.10544656	0.92521132	0.75614872	1.55270533	1.15740233	1.37405983	1.06494681	1.14667830	0.98489736	1.45796240	0.36157158	1.42010615	1.56815875	0.23791099	1.18470838	1.06190598	1.62515352	1.13712412	1.02437880	0.68395699	1.34494868	1.26606376	1.22533401	1.76765149	1.37412989	1.07800132	0.85092530	0.85943792	1.23490848	1.10881289	0.32551829	1.42171966	1.56731318	1.28941103	1.65356177	1.18733843	1.52477494	0.77353963	1.14174397	1.28459031	1.63304851	1.33201792	1.62181880	1.01464561	1.49500635	1.33589863	0.63385079	0.86941176	1.50907547	1.23827392	0.76022618	1.41017449	1.35531965	1.66154831	1.18183158	1.56517745	1.17690250	1.30366572	1.43630540	1.15361992	0.99530688	1.61543063	1.22880028	1.35640992	1.92366837	0.99922509	1.65045436	1.77224777	1.65845430	1.13712810	1.57944486	1.57752691	1.29823450	1.71449366	1.55026899	1.48337476	0.61539580	1.29806582	1.40750848	1.42364085	1.68924087	1.74539524	1.34394937	1.39194326	1.24488961	1.25708034	1.62000196	1.70413311	1.67727392	1.54603016	1.25151762	1.41878133	1.52987873	1.41586103	1.45691700	1.81146472	1.13139978	1.49639461	1.41416717	1.49380470	1.13771289	1.58391822	1.23589672	0.94010118	1.59566176	1.67902949	1.85178054	1.50120524	1.33992506	1.55196655	1.90457058	1.37402749	1.65369388	1.52042371	0.71318250	1.65240675	1.42670370	1.97264608	1.07989972	1.09278706	1.17255350	1.45552011	1.61650003	1.45354526	1.66528631	1.55138906	1.33111661	1.88158863	1.69817118	1.73938561	1.79192153	1.56890368	1.76704237	1.16743909	1.11290036	1.82376875	0.86959635	1.53846539	1.32818536	1.17391601	1.68470825	1.60200317	1.62405352	1.43671529	1.41143892	1.74296107	1.51664996	0.72864830	1.47076888	1.56720869	1.03100808	1.63657832	1.73294658	0.97816385	1.60313794	1.49426536	1.51172407	1.66709873	1.24328485	1.31004784	1.59704503	1.41130991	1.23473164	1.22186204	1.41917923	1.78560428	1.42536792	2.10431147	1.28223072	0.54558042	1.01157805	1.44844717	1.41187533	1.61052491	1.46684087	0.98974520	1.63820859	0.84819099	1.85130585	0.99622299	1.28758146	1.52546954	1.20317160	1.33581739	1.64312405	1.30730671	1.52692712	1.54522010	1.43686053	1.57138744	1.87255872	1.10624550	1.38650545	1.35765013	1.81688846	0.99875850	1.87871860	1.53200572	1.68442290	1.68005572	1.87564935	1.55946254	1.24725235	1.62002855	1.31342088	1.73364664	1.39912649	1.75244173	1.27713609	1.93767399	1.52858496	1.48205042	1.61638754	1.64646996	1.86183908	1.49291783	1.37022139	1.74174482	1.63330245	1.46071311	1.64725048	1.69876955	1.44883973	1.90094493	1.33470743	1.65195479	1.58672294	1.69283843	1.31194222	1.95741757	1.37690175	1.64921490	1.10327224	1.55465641	1.50266191	1.98869876	1.54018556	1.74645637	1.50468891	1.66828196	1.47882600	1.39900192	1.60860467	1.76193604	1.78303391	1.58720749	1.72530104	1.47548968	1.75030790	2.03798368	1.52860547	0.79738754	1.52399296
02_131	1.37950313	0.95071754	1.40957030	1.41376620	1.44054035	1.01698681	0.82013206	1.45456926	1.28148684	1.26438041	1.31492554	1.09748633	1.43910404	1.36176388	1.32020824	1.09366065	0.81622860	1.17037437	1.18974811	0.85730505	1.33836778	1.26986303	1.39111309	1.46420810	1.38160158	1.36165473	1.49032764	0.77604888	0.89901603	1.42955428	0.61623167	1.23266632	1.06144377	0.85332493	0.73979953	0.59874094	0.68725410	1.20005825	1.00084151	1.48140582	0.65232527	0.51524661	1.12669690	1.18949806	0.99232054	1.45602743	1.03321607	0.85849803	0.84974602	1.05765426	1.29824921	0.64182060	1.35953168	0.93736626	1.00239301	0.45578057	1.24528641	1.06194837	1.41712457	1.34596337	0.98863876	1.20601819	1.33928784	1.25163263	0.78960668	1.13188243	0.83340613	0.90570983	1.29233562	1.14714036	1.22404869	0.60594903	1.01749994	0.48022944	0.98161796	1.56202993	1.10041608	0.91289148	0.91600554	1.21718657	1.25942426	1.39932239	1.45882274	1.39316549	1.15411990	1.28694282	1.11581602	1.13161649	1.11371498	1.49359226	0.54304908	1.22911826	1.25988191	1.02547265	0.99186880	1.22702107	1.15461866	0.60215188	1.12210140	0.65439676	1.48558634	1.56057629	1.46452979	1.03925236	0.84574240	1.04952754	1.11776695	1.42054461	1.25128897	1.54910538	1.44484683	1.43040144	0.43725220	1.20432749	1.31203140	1.29729943	1.09418489	1.52338407	1.57115648	1.37843899	1.11421552	1.26336686	1.41652075	0.97341978	0.63022878	1.59821379	1.14807236	1.23478742	1.54319027	0.95485026	1.28802156	1.15049760	1.36193330	1.34921744	1.08203823	1.10620194	1.06447303	0.43173407	1.36804298	1.59451186	1.65212658	1.40917578	1.62729157	1.39938999	1.46072193	1.25147824	1.59361927	1.19192168	1.16828808	0.89700053	0.87858996	1.34361263	1.40752595	1.55619884	1.25363335	1.01885735	1.08970309	1.45688073	0.71899423	1.23117476	1.48512105	1.01349665	1.05187184	1.09666242	1.47876279	1.27233891	1.50984592	1.33774355	1.28539703	0.89784590	1.08102600	1.48985006	1.48499548	1.04119542	1.36587639	1.54634250	1.64839313	1.49711374	1.03609607	1.39271815	1.51378343	1.39531979	1.53956780	0.72325284	1.33352113	1.43893894	0.88859225	1.21530450	1.27609267	1.47755171	1.28364873	1.26150077	1.43392179	1.57346552	1.15260823	1.26709138	1.17336632	1.49337548	1.55341323	1.34713809	1.05727369	1.43071285	1.26856435	1.39356472	1.65307394	1.29138887	1.53785851	0.89082414	1.16700008	1.21771006	1.55281792	1.39664152	1.71897196	1.56755193	1.63152398	1.47964546	1.06671770	1.09415776	1.72758679	0.82647011	1.38965750	1.50565424	1.08091485	1.07683088	1.32432347	1.34903932	1.26402559	1.30835879	1.64372974	0.89063080	1.66283628	1.46261172	1.22464256	1.77040910	1.26257012	1.52270174	1.68383276	1.37978336	1.32523110	1.48019362	1.02620903	1.53596243	1.45775943	1.34917974	1.19151638	1.30503721	1.55416449	1.55252728	0.96480381	0.91471532	1.60890707	1.52599121	1.51851837	0.90163203	1.39718884	1.57265570	1.49242114	1.37083238	1.33111803	1.71870221	1.35849510	1.39943808	1.82240313	1.39090417	1.66077866	1.20370641	1.17863737	1.70558188	1.49240825	1.64683671	1.39145599	1.47394204	1.68572238	1.31746523	1.45759512	1.65657444	1.50310711	1.71758392	1.09657321	1.43403543	1.03209510	1.76916548	1.66618015	1.06695780	1.56912163	1.85703875	1.44921549	1.13877267	0.74178935	1.10114947	1.51341031	1.72708365	1.36581071	1.14521390	1.04974409	1.33536775	1.59504813	1.40990855	1.30198724	1.86599581
02_271	0.83620589	0.81194236	0.92851927	1.02646194	1.17687536	1.43753635	1.25297117	0.99769468	0.97493266	0.57145665	0.50498751	0.66732085	0.87672850	0.69311648	0.88511339	0.97959072	1.26809214	0.90173826	0.97934007	1.19100570	0.94309017	0.95475525	0.82374229	0.88979942	1.10395812	1.15700921	1.10370110	1.12580004	0.78239540	0.88411385	1.35262196	0.65137400	0.85210992	1.33094379	1.33077667	1.20244288	1.45832201	0.98231737	1.30698099	1.17856439	1.12142616	1.35630898	0.97310025	0.73863524	0.95236550	1.05151227	0.69946755	1.07235559	0.60888336	0.97774737	1.02132237	1.04539028	0.46656809	0.76867748	0.67424707	1.37344922	1.19310768	1.44362729	1.29815535	0.92298165	1.36354681	0.55627768	0.99029571	0.83224458	1.04803595	1.15857770	1.43053794	1.11327014	0.77865830	0.54525747	0.78718235	1.22832617	0.72810386	1.13047429	1.14205146	0.98809564	0.98014325	1.41233425	1.04368147	0.95297578	0.89598575	0.35295552	0.78609717	0.75940196	1.32719495	1.18538768	0.82644704	0.97845238	0.50193279	0.53234803	1.14009411	0.26558560	1.03685024	1.09547876	1.37062787	1.05882769	0.69835473	0.89877674	0.54731500	1.18221227	0.90422565	1.02554145	1.03647221	0.76911757	1.06071423	0.73258361	1.59763713	1.04844593	0.31119625	0.98048352	1.36103686	0.92573806	1.02344940	1.45953693	0.88860701	0.82189326	1.42395796	1.24564081	1.23319588	1.17156478	1.03655505	0.40489761	1.17902460	1.22267809	0.89490660	0.81475242	0.54061089	0.77854983	1.32810792	0.91836587	0.78885606	1.53471554	0.70321547	0.76284981	1.07705369	0.75114516	1.56248951	1.31865812	0.68148912	1.28059986	1.19946136	1.22857036	0.72311156	1.23312170	0.53941130	0.32679565	0.88094548	0.77345815	1.07662244	1.22155741	1.22113876	0.34135889	0.95958209	1.02087052	0.65574421	1.15878168	1.09412757	0.78853519	0.71175344	0.48320196	0.91273419	1.47111688	0.89701287	0.64068089	1.18162229	1.43357988	1.03005223	0.77386182	0.37873507	1.11740594	0.88902437	0.87637646	1.21866094	0.63182550	0.90161195	0.74859360	1.45195109	1.26291700	0.86117983	1.05031130	1.48573788	1.06669983	1.04806652	1.29492637	0.31050707	1.57884747	1.12581939	0.68488836	0.49667751	1.44922692	0.40052066	1.63490605	1.08518861	1.35163007	1.27855411	0.73340926	1.03703355	1.09594096	1.19487774	1.17804896	0.83951502	1.14364605	0.52138718	0.97070565	0.96614239	1.19390221	1.19436804	0.98832045	0.55282796	1.54053985	0.92050794	1.73244476	1.29456743	1.15174506	1.11150492	1.01398060	1.10595595	1.74630654	1.08618465	1.03679312	0.60079677	1.29287700	1.58472865	1.53884507	1.32707239	0.89618743	1.30385050	1.38903698	1.37194899	1.32221323	1.03500979	1.15506649	1.20515737	1.14454910	0.31481976	1.66702295	0.92012616	1.19578289	1.20079424	1.26974204	0.58069425	0.89120247	1.22414280	0.95956963	1.04394829	0.98584173	1.04987002	0.82961744	1.55106809	1.11822283	1.30040402	0.96495151	0.59977476	1.08227383	0.98546745	1.06218318	1.06121196	0.90669802	1.14113707	1.37628785	1.10474447	1.06088327	1.22447791	1.13112500	1.50263811	1.55199412	0.61178534	1.41619944	1.30495827	1.08499218	0.99973087	1.09144649	1.41203173	0.73180263	1.17142279	1.17466472	1.08318716	1.26667445	1.41386903	1.15537162	1.02684030	1.27428106	1.13059576	1.13021696	1.19626187	1.45850566	1.16564560	1.32025420	1.55950337	0.98547754	0.75616640	1.56537870	1.49280874	1.21373271	0.86590868	1.41986551	1.13245939	1.01149984	1.26943182	1.55725519
02_25	0.81120359	0.82503135	0.92053484	0.60499027	1.18679746	1.42207891	1.27943000	0.73226108	1.05701827	0.73567001	0.68699435	0.73405229	0.76350664	0.72577057	0.98882893	0.88807911	1.26597104	0.90437052	0.80464152	1.10260733	0.55872246	1.06683729	0.81875326	0.72850812	0.99945193	1.03316525	1.08392652	1.13540165	0.35615736	0.85304656	1.07793088	0.27145014	0.75426666	1.11851511	1.22007232	0.90741365	1.25771265	0.95949105	1.27533949	1.19476445	0.95186696	1.19127248	0.89789190	0.37102666	0.92727746	0.64088140	0.65534300	1.13099490	0.47434449	0.52406092	0.93823873	1.05748575	0.65747281	0.46578351	0.77668088	1.12506090	0.97959551	1.09004896	1.10311414	1.03145133	1.07520170	0.43843967	0.60572384	1.00575870	1.03518535	1.15336300	1.12232076	0.92062336	0.41431016	0.13216402	1.02440267	1.22586283	0.57584337	0.91460216	1.10680412	0.93071304	0.94460584	1.04828921	0.94418516	0.89779699	0.76594092	0.78033953	0.61887457	0.88287155	1.21384269	1.12309761	0.58025046	0.90043831	0.53452723	0.81072868	0.94858777	0.46165822	0.85316766	0.64713930	1.04514998	1.17679819	0.34821779	0.59770956	0.37961141	1.16276548	0.80049198	0.96738129	1.09887013	0.88229737	1.17729490	0.64715569	1.49960067	0.71741292	0.75708477	0.92961980	1.07442413	1.17636619	0.85908769	1.50769469	1.10418709	0.94119685	1.20916541	1.25050177	1.19187709	0.85606498	0.98388991	0.73295174	0.91860774	0.99856129	0.98960216	0.87698473	0.78433278	0.99994236	1.14855418	0.75953767	0.92069296	1.48892519	0.70229031	0.79777175	1.25719789	0.84081480	1.40912883	1.20361226	0.52599772	1.03704778	0.89895491	1.11490732	1.01558773	0.85767096	0.72011318	0.55785412	0.94349126	0.35741651	1.23420996	1.06337049	1.19463635	0.63796345	1.01190428	1.17103880	0.79916124	1.23164342	1.16706455	1.09610181	0.77073241	0.84193664	0.74254145	1.11489562	1.09600772	0.85836076	1.20158560	1.36925650	0.95268800	0.52042727	0.64714957	1.27740168	0.64966651	0.80066007	1.23826482	0.46133483	1.06915896	0.95736985	1.26298310	1.15953480	0.74807062	0.95584539	1.42657372	0.81492786	1.20605198	1.14135679	0.60013348	1.51525508	1.02484146	0.98831141	0.62069419	1.48657176	0.69604215	1.43168357	0.97998820	1.15663790	1.15959001	0.51060111	0.94310443	0.71566542	1.11089674	1.02897199	0.40988211	1.05014555	0.77725178	0.78673122	1.08639118	0.90756440	0.87524873	1.12090178	0.42099558	1.46853588	0.79510547	1.49839607	1.34187903	1.13088623	1.37059969	0.67064163	0.80777023	1.46015347	0.98631822	0.89698524	0.68874232	1.18096472	1.31482028	1.42750279	1.00872281	1.10582184	1.26085830	1.31013834	1.20599371	1.31044802	0.99621605	1.22184997	0.96614182	1.14239730	0.66352483	1.62112257	0.97523473	1.12452714	0.80781682	1.04759039	0.61327220	1.11711131	0.83607352	1.19946019	0.81786344	0.96966279	0.90053927	1.12117519	1.42131883	1.19655043	1.31454034	0.87300130	0.92983948	1.21932797	1.14308627	0.99390963	1.19411064	0.73652489	1.20867607	1.22106677	0.97873886	1.03464122	1.12090522	1.00920234	1.30081384	1.46048129	0.66240650	1.30470493	1.15990549	1.07642550	1.20618863	0.82646198	1.40375462	0.81981528	1.23868163	1.11360598	1.30254815	1.04562388	1.47480867	0.82897100	1.16757517	1.24087415	1.33769557	1.27877772	1.28966304	1.21604139	1.31390484	1.17335177	1.38161825	0.84349601	1.02805805	1.36960974	1.43529920	1.29166318	0.61969006	1.52509319	1.35610921	1.00991760	0.83769831	1.28630270
02_147	0.70440154	0.73303011	0.80374184	0.82834831	1.05882168	1.36436721	1.22204089	0.80793080	0.87744398	0.49884686	0.47493931	0.62643568	0.73367752	0.59114856	0.79519241	0.82365104	1.21585888	0.80374831	0.76905265	1.12795847	0.71271064	0.86704563	0.73889327	0.75411159	0.93430841	1.00487892	0.97999916	1.10056756	0.54309796	0.76015533	1.22861357	0.45721503	0.66320746	1.16540495	1.23896821	1.09977384	1.33464623	0.83054171	1.22518045	1.07091330	1.04130905	1.23052375	0.82817426	0.54178223	0.91815221	0.87760570	0.67805485	1.10221212	0.48991917	0.82366439	0.92823647	0.99039750	0.50096584	0.72085497	0.63561362	1.23777652	0.98717695	1.32821114	1.10806485	0.85194716	1.22215771	0.35834293	0.78386061	0.77140544	1.11182101	1.21249795	1.25046552	0.97005448	0.67811084	0.36201046	0.77937551	1.16364758	0.58093546	1.07077348	1.14033131	0.89722658	0.99998741	1.26290592	0.88416922	0.85090960	0.72911854	0.61723149	0.73038914	0.78632300	1.25092776	1.07762884	0.61589722	0.84791650	0.34156159	0.74587009	1.09363141	0.40836860	0.84943608	0.87930299	1.17325488	1.15564467	0.47977546	0.74336637	0.41951508	1.21211521	0.96694342	1.02553305	0.98436290	0.87581781	1.14925858	0.55333636	1.49603599	0.84782257	0.48467111	0.87415264	1.16100328	1.01880536	0.94377083	1.52383083	0.88384541	0.83398999	1.41246483	1.12871685	1.16651714	1.00409614	0.89219920	0.46094759	1.07202616	1.17611998	0.87609003	0.87388294	0.73560434	0.74287605	1.27509194	0.93927031	0.94872800	1.48285167	0.62728463	0.84830134	1.17351292	0.69701906	1.55399393	1.23640796	0.70653452	1.21603330	1.15335211	1.05996686	0.96239135	0.99929721	0.69144412	0.36083848	0.99894528	0.56245074	1.23530204	1.17477973	1.18047115	0.56772048	0.97454627	1.11328000	0.64567837	1.25562526	1.19625646	0.95674122	0.72516774	0.56225323	0.93689648	1.36795949	0.87958046	0.82552814	1.21693638	1.42234502	0.98656738	0.66931362	0.47049150	1.13995348	0.70842496	0.95344171	1.13054219	0.39782583	0.99006038	0.92570683	1.38636042	1.23925738	0.70165875	1.05528400	1.53604842	0.86355394	1.10523794	1.17571418	0.52549549	1.59929486	1.14163755	0.84839468	0.62477302	1.49442785	0.56396865	1.58767506	1.08967664	1.23986357	1.20460872	0.69222235	0.87924976	0.91885524	1.16940445	1.10644880	0.61301880	1.07977914	0.52094989	0.94015322	1.06900152	1.17910586	1.08757447	0.98037425	0.46129268	1.47578394	0.89755540	1.66801903	1.31045342	1.06008594	1.25275319	0.93236619	0.99230301	1.58038084	1.11738753	0.96178398	0.74214367	1.14681816	1.48982632	1.55158984	1.25980079	0.95047774	1.34057610	1.31863254	1.32882374	1.27274872	1.01609712	1.06673579	1.21264723	1.17755011	0.46931808	1.68487798	1.03083041	1.16397645	0.99124686	1.12172378	0.67320848	1.02090501	1.10705369	0.97082503	0.89989413	0.95810189	1.08585812	1.04019819	1.52833983	1.14776437	1.25059398	0.98860835	0.82235617	1.16546778	0.98287284	0.96834270	1.13924694	0.88989512	1.16761479	1.33701693	1.14413161	1.08679749	1.24606154	0.96921899	1.43277203	1.56159410	0.53493646	1.35633041	1.22946232	1.07243480	1.05688938	1.02292430	1.32716320	0.80074745	1.09175208	1.08162577	1.13822071	1.21095746	1.46101849	0.94511544	1.02219508	1.28780899	1.24745087	1.20902804	1.20464741	1.42422242	1.30981774	1.32660429	1.45525815	0.82249772	0.91529355	1.49182014	1.56896200	1.24636578	0.66616353	1.48188883	1.25439806	1.09903248	1.05943033	1.50620287
02_190	0.69061373	0.89480181	0.52168284	1.30529040	0.10218765	0.93898168	1.08328203	1.09872276	0.44200006	0.81682789	1.13673605	1.15527544	0.94940908	0.92274535	0.38684104	0.60674484	1.11399414	0.78912986	0.60742453	1.31424357	1.22475521	0.51440680	0.94106488	1.04008206	0.35378442	0.50688742	0.34613879	1.30663189	1.16139765	0.73276153	1.38678211	1.23810346	0.88527972	0.92129233	1.08875260	1.67674120	1.27168052	0.56259919	0.84854386	0.07669580	1.51759798	1.23007017	0.88215612	1.18578085	1.27383140	1.33531605	1.12870166	1.56421668	1.06124946	1.43770290	0.79902064	1.01571885	1.11705532	1.56731014	1.00836183	1.43344045	0.82823240	1.67196704	0.60460392	0.35205758	1.42535456	0.99722799	1.07259675	0.56899389	1.64849896	1.52715171	1.20264987	1.03341925	1.41338535	1.29577474	0.81610937	1.15416876	0.74034767	1.59100516	1.45515239	0.87071710	1.10769334	1.51096067	0.85414037	0.78993487	0.54806980	1.39432925	1.18562149	0.75051768	1.14531940	0.53947207	0.88101327	1.00320339	0.80007956	1.42050970	1.79797774	1.44246197	0.61659689	1.39490879	1.04626197	1.20411815	1.40557703	1.18569123	1.47780702	1.56862771	1.81437012	1.20133123	0.37247420	1.43330483	1.49700872	0.88453123	1.01151655	1.06057756	1.13506138	0.93592740	0.88090092	1.01860972	1.64382801	1.51044375	0.67363396	0.80865440	1.74516898	0.09376730	0.59054521	1.04360500	1.12179154	1.23613315	1.24403643	1.53022346	1.10731453	1.18531352	1.48696677	0.71094554	1.44854148	1.71663594	1.49092966	1.04113528	0.78395854	1.36056944	1.26460461	1.00933161	1.84851856	1.39834747	1.52804459	1.40260848	1.69777727	0.39168651	1.60487835	1.02478561	1.32732582	1.22064996	1.44913786	1.20686641	1.65020260	1.29112622	1.18277804	1.47184156	0.93148161	1.12515320	0.68580687	1.54019700	1.49016213	1.21548180	1.17844283	0.99240730	1.62687680	1.69180092	0.85451012	1.49717078	1.49546256	1.22293008	1.07300069	1.08628826	0.97209441	1.10880030	1.20820222	1.79133865	0.18813371	1.07882001	1.24106603	1.35655939	1.37087717	1.37008407	1.22859464	1.55284493	1.70370005	0.78020005	0.88214247	1.07466401	1.40075455	1.44580332	1.43231722	1.16369573	1.43761930	1.20652195	1.26913246	1.59099279	1.52459539	0.94808333	1.19072352	1.65099528	0.83586510	1.28571447	1.07270262	1.35745581	1.36346573	0.92879103	1.00360411	1.37211072	1.16478770	1.84085091	1.32875305	1.00939687	1.48717529	0.97390891	1.22010772	1.59702425	0.89466064	0.43775118	1.30588448	1.55219154	1.30353392	1.31757850	1.45591387	1.28804614	1.60847332	0.42605424	1.46429550	1.89141875	1.57119663	0.95215502	1.55669460	0.76217477	1.22180093	1.03302464	1.04216819	0.29266400	1.89496485	1.16676869	1.19417498	1.42832597	1.46035497	1.46011322	1.13527470	0.83369528	1.50988235	1.11454232	1.51913443	0.86977283	1.20669345	1.07870620	1.87231725	1.45915240	1.76004594	1.63695152	0.53782354	1.32084786	1.49584816	1.48310948	0.70302285	0.85373289	1.29217558	1.51573041	0.91190958	1.26879765	1.84477130	1.54294094	1.50019651	0.60106364	1.42040321	1.69880355	1.13155886	1.00040788	1.22438704	0.94940297	1.06102150	1.43302361	0.55593850	1.32672565	0.57155338	1.01509223	1.03912164	1.43329406	1.50109463	1.09825932	1.09533751	1.23835213	1.24457236	1.41031220	0.84519220	1.76158200	1.64739832	1.91983137	1.62644216	1.30530560	1.42631455	1.44376796	2.14420963	1.34934691	1.35705302	1.37301215	1.36359209	1.64490745	1.44547321	1.83062905
02_88	0.86126601	0.98290491	0.79245514	1.05364680	0.59321977	1.10328115	1.16204407	1.05784043	0.47933897	0.89558561	1.14755086	1.19185700	1.03625520	1.02013761	0.63500921	0.19416669	1.20959719	0.36521095	0.25230376	1.35876607	1.00075144	0.53049538	1.10376264	1.08221402	0.49390754	0.31914720	0.76105837	1.35211998	0.73326595	0.93217096	1.09026455	0.97831106	0.35730501	0.75592239	1.06086944	1.38427392	0.99396175	0.25640974	1.03764611	0.62371882	1.38640022	0.99922200	0.30979846	0.97954769	1.33267097	1.08966128	1.12482781	1.55980697	0.92871051	1.12818966	0.43996741	0.97863102	1.15249961	1.21703727	1.07215329	1.07663142	0.22629460	1.48257927	0.38137462	0.61337419	1.35763453	0.87955723	0.80343537	0.66448038	1.49741805	1.57313597	0.99076471	0.50280049	1.04099696	0.95095732	0.73536136	0.98769431	0.58289941	1.30265527	1.50819000	1.09043662	1.11415828	1.29747954	0.39374458	0.36170588	0.40951461	1.33929282	1.11926184	0.82533563	1.31627297	0.87701622	0.39150840	0.42674697	0.64657476	1.37234942	1.47462186	1.19936209	0.25767293	1.10243210	0.77087652	1.22878496	1.03972021	0.88446202	1.09601178	1.31963660	1.44768926	1.33070807	0.68750893	1.41865604	1.47160296	0.42198093	1.16907080	0.94831382	1.09690501	1.14200909	0.53198822	0.95954355	1.34252792	1.43946815	0.72627510	0.67483144	1.48675871	0.66453281	0.73311426	0.64587200	0.57999275	1.18321947	0.80867334	1.42185592	1.01811980	1.28521168	1.39431304	0.72987215	1.01580748	1.31937374	1.45061829	1.21564343	0.88889964	1.08857016	1.18801798	0.62870845	1.47613640	1.09664229	1.23175416	1.07790053	1.39650019	0.42304226	1.55121978	0.71059664	1.28761960	1.13543132	1.43644954	0.85047069	1.57108124	0.99160492	1.29337220	1.29712414	0.78771194	1.06757216	0.69468380	1.50246026	1.32948158	1.14802764	0.88889571	0.97130438	1.30153052	1.40163052	0.83496556	1.40528157	1.10609239	1.38722804	1.25289523	0.90310150	0.96530817	1.07524991	0.62538546	1.44741506	0.70486840	0.69179979	0.99130488	1.31999860	1.02320424	0.97808471	0.69563088	1.09574113	1.79083780	0.73431679	0.93805776	1.02251637	1.25626555	1.52840357	1.22663513	1.12255024	1.15724926	1.31381277	1.25517223	1.31671999	1.10428416	0.74648863	1.34609246	1.23886853	0.33660493	1.10526369	0.89775536	0.83370261	1.02774115	0.67680142	1.04370867	1.00717404	1.24087752	1.48753819	1.04102357	0.87635017	1.14654151	1.15768005	1.22935822	1.34497211	1.03911256	0.84740535	1.26138208	1.23655891	1.20764627	1.13352472	1.41328775	0.82032272	1.35970313	0.58559130	1.25275526	1.52560180	1.39386964	0.84783853	1.64497613	0.93501420	1.09484169	1.12345592	1.22315809	0.68967689	1.53742773	1.30796290	1.11179234	1.55094937	1.45039248	0.97454027	0.77545222	0.64384509	1.25752878	1.13880274	1.28234083	0.88926289	0.61129495	0.74280720	1.50296966	1.41783098	1.40140135	1.61775044	0.88194235	1.28217140	1.46336127	1.46972509	0.78831441	1.07550253	1.09699919	1.14987167	1.06790157	1.13131490	1.45372946	1.09685209	1.49895650	0.62767644	1.07364693	1.42833922	0.94242087	0.98059937	0.87899533	1.14128596	0.99204960	1.16818046	0.94532806	1.14983137	0.77178610	1.25226622	1.07001740	1.33252825	1.42117848	0.93531758	1.09966415	1.39057433	1.27404705	1.41870497	1.01257878	1.59642255	1.65444729	1.57942307	1.25852160	0.77197015	1.41405471	1.13840372	1.93183464	1.18921426	0.78019771	1.41302650	1.31945219	1.48750823	1.19646302	1.62825094
02_49	0.67152729	0.64815067	0.71050364	1.20911566	0.89090557	1.21009461	1.08845130	1.03157911	0.68104650	0.31015162	0.45629363	0.61942520	0.83148058	0.58638871	0.55712134	0.84268880	1.09152416	0.82388035	0.85461917	1.13912623	1.05681139	0.63859457	0.73638666	0.92152696	0.90749206	1.03729486	0.86191126	1.03337410	0.92106019	0.73346046	1.41602918	0.88112899	0.77096674	1.21767332	1.22009014	1.37557393	1.42321522	0.76934354	1.09281745	0.90958598	1.18375775	1.27678442	0.90690884	0.90681792	0.93353063	1.26185556	0.79859419	1.08295558	0.67746556	1.22750361	1.02884895	0.89269202	0.54547380	1.13195030	0.52871661	1.40140989	1.11677499	1.60872233	1.17684021	0.63074456	1.39278707	0.59818887	1.11357839	0.46206182	1.24754712	1.27613633	1.40016776	1.12779888	1.13038334	0.84718224	0.51123528	1.08330992	0.72241683	1.30324937	1.17473150	0.92772689	1.08139192	1.51813210	0.91655533	0.93000651	0.80536184	0.66761712	1.00619555	0.75728114	1.24575821	0.98841302	0.86636560	0.96490194	0.42245802	0.87215985	1.35329754	0.74783246	0.95850683	1.22822090	1.34671733	1.13478229	0.92415832	0.99585987	0.85775162	1.30936771	1.36518294	1.14535806	0.85399518	0.94036843	1.11787720	0.69878423	1.41113905	1.11144973	0.33035737	0.89076494	1.33946903	0.88943006	1.15640567	1.51992189	0.61655792	0.80947925	1.66928402	0.96071318	1.16183568	1.28024789	0.97175936	0.37925810	1.36910049	1.38805883	0.75945672	0.98378111	0.84304321	0.41575232	1.54057176	1.28867098	1.07636511	1.39144910	0.67928520	1.08559601	1.08393537	0.73134141	1.76584796	1.30352671	1.11688699	1.52202508	1.56184263	1.03911882	1.07061153	1.26855466	0.86578656	0.50710599	1.17441252	0.98092917	1.27559445	1.33851472	1.11530085	0.79547898	1.03135884	1.12364584	0.57679486	1.28269978	1.27847121	0.89766042	0.80740654	0.29569447	1.32647191	1.67190334	0.59751174	0.91822643	1.38265544	1.42435547	1.07123090	0.99095344	0.47498267	0.93698825	1.01732612	1.33913994	0.97570864	0.69375177	1.03423291	1.03029481	1.61884679	1.44880771	0.91683779	1.35152791	1.63806484	1.02465741	1.02088953	1.19544537	0.75259116	1.64869255	1.31300771	0.76622495	0.91664013	1.46568265	0.62977336	1.77634255	1.38178800	1.39829810	1.22552843	1.14956401	0.94908978	1.26504667	1.31834017	1.35261953	1.01916846	1.20803279	0.33705139	1.27124177	1.12604138	1.57743358	1.43014549	0.83293529	0.87816496	1.40963040	1.12582270	1.86841063	1.29163072	0.98514895	1.17625691	1.36275168	1.23817773	1.69773217	1.37102284	1.16241821	1.06045265	1.13557262	1.68204675	1.75148918	1.57047651	0.84576096	1.41491273	1.28173391	1.52441098	1.16889087	1.10916014	0.86269250	1.59198175	1.27100572	0.53088722	1.69696603	1.22269358	1.37490060	1.30529324	1.28345485	0.95861502	0.99027636	1.48886585	0.70625351	1.17751151	1.08980248	1.49057931	1.06892182	1.69689665	1.12382009	1.16290442	1.22256938	0.89251025	1.11019547	0.82383091	1.00561643	1.19388531	1.25689590	1.10977795	1.54318848	1.49866880	1.32687408	1.48005032	0.99862301	1.67337739	1.71250421	0.67610756	1.46218489	1.42189250	1.12632062	0.94987332	1.37301990	1.22202118	0.97945532	0.92730843	1.10206219	0.98523126	1.49686411	1.44121145	1.20298577	0.86296712	1.38713401	1.20325141	1.13673182	1.12488585	1.75886303	1.35645905	1.61323842	1.58673513	1.04317534	0.94107808	1.72076254	1.79762793	1.24738985	1.00508855	1.41235210	1.21147120	1.33177781	1.40252899	1.85142922
02_43	1.06808654	0.82144973	1.01320681	1.57362830	0.85534983	0.83970909	0.75831429	1.45407613	0.57669320	0.85044732	1.07615803	1.04008041	1.29064478	1.11101599	0.67964648	0.72733321	0.84782110	0.70703650	0.92290795	1.16511075	1.45208239	0.51595380	1.19475331	1.38096607	0.99689315	0.99745127	1.03962419	0.98485445	1.11675423	1.13692456	1.22393846	1.31641148	0.76901759	0.98039094	0.93236682	1.40718427	1.06846471	0.67413581	0.84767075	0.89369017	1.24987475	0.92752819	0.78268624	1.30749684	1.15117420	1.61744583	1.09368478	1.15596142	0.94667468	1.47086224	0.97437476	0.59331780	1.12765709	1.35726848	0.83664987	1.13337643	1.04492282	1.69067913	1.14668575	0.67963469	1.47609668	1.08330049	1.39781663	0.49299376	1.24090541	1.37827080	1.25633029	0.91039727	1.44665654	1.24024542	0.40660340	0.57391521	0.88063729	1.24440718	1.27406804	1.33389608	1.11196975	1.52807668	0.65371602	0.84325342	0.95559852	1.15395241	1.43179347	0.94938023	1.28431468	1.00780807	0.99293272	0.84194166	0.78280181	1.31158463	1.35455885	1.19616053	0.99769547	1.45680820	1.23241438	1.03508533	1.31280156	1.02854816	1.23223942	1.04984904	1.65192695	1.50061448	0.89932063	1.15773420	1.01105698	0.76939020	1.09499107	1.45611692	0.82759637	1.33482018	1.34791006	0.78735799	1.17919445	1.20259306	0.46814020	0.78479479	1.59706880	0.94819827	1.15319927	1.37150369	0.81971813	0.96703925	1.42194823	1.46974570	0.47827110	1.41230143	1.15487742	0.43320292	1.52228491	1.37393990	1.31167441	1.07380404	1.08102687	1.24628395	0.76056692	0.65768573	1.51621744	0.90417148	1.46948869	1.63149785	1.85372319	1.00070072	1.44043378	1.43867716	1.30387750	1.06700079	1.52523749	1.29227563	1.23585134	1.12772745	1.00963786	1.23993985	1.01123970	1.13072475	0.73650833	1.19027867	1.12918968	0.95441061	0.67541816	0.65499673	1.60908965	1.65751222	0.15933153	1.12017364	1.28555783	1.33342444	1.42263157	1.31462741	0.93710125	0.40138511	1.08003627	1.62836934	0.91374998	0.94805698	0.97268965	1.30311014	1.58151947	1.38279988	0.93310100	1.39488631	1.74144280	1.27311713	0.98592468	0.96056313	1.21004350	1.52518422	1.19053468	0.78370389	1.19798795	1.26267361	1.09484286	1.55140646	1.42425218	1.40071741	1.30609483	1.46300938	0.82181534	1.61802723	1.32921761	1.28015041	1.33444235	1.15480660	0.85712681	1.40831868	1.34500614	1.74150637	1.62090524	0.30832808	1.25972657	1.11883942	1.50770553	1.66170726	1.27367476	1.13410099	1.08511384	1.67122425	1.40606921	1.42810304	1.70516750	0.95614000	1.40020219	1.11259664	1.49286699	1.48971807	1.71049838	0.70222082	1.50277331	1.10124559	1.56004045	0.81266854	1.46130999	0.78757812	1.70153309	1.55512225	0.96656358	1.54219227	1.57400052	1.26309455	1.43827490	1.30791714	1.17396534	1.06716733	1.73793437	0.50552438	1.16096081	1.01007792	1.74259766	1.23499864	1.36434912	1.16533154	1.10693336	1.50387513	1.28533228	0.95946847	0.70448781	1.32149364	1.10635218	1.44334147	0.98393203	1.60372407	1.60051709	1.32723111	1.78863616	1.05917890	1.62018300	1.42134327	0.95348120	1.44335481	1.33925616	1.35942375	0.77152917	1.57623064	1.17833464	1.15233004	0.81689794	1.43563212	0.83093451	1.74599539	1.06246604	1.45639858	0.61016006	1.58768782	1.17293361	0.94183778	1.04504856	1.99888309	1.38975775	1.57426809	1.21315570	1.03877488	1.21815167	1.66326240	1.79085130	0.92715723	1.13757414	1.08589501	1.12185747	1.48625528	1.63620756	2.05125578
02_197	1.03875979	0.86884604	1.01101807	1.23059501	0.88313175	0.94438475	0.90077980	1.24172902	0.64249964	0.92829046	1.12049751	1.07914650	1.19643148	1.10724490	0.79375154	0.44753412	0.95698601	0.49510593	0.61541043	1.14866895	1.13933216	0.63185268	1.19662815	1.25118009	0.85600386	0.76830337	1.04287325	1.07101362	0.69318648	1.11234857	0.86731006	1.04630942	0.38610936	0.68111371	0.84491946	1.10315675	0.74799391	0.49937829	0.92021261	0.92790185	1.10742217	0.66571750	0.41666194	1.04259997	1.17234221	1.27907366	1.05113436	1.24827171	0.80707791	1.10822653	0.72878448	0.66079840	1.16759935	1.06344797	0.92945144	0.74106187	0.61025924	1.38420326	0.84589257	0.80054447	1.25056361	0.93802785	1.04589093	0.70343033	1.19672542	1.40947017	0.89473147	0.42525748	1.11378204	0.94943096	0.65707517	0.56450892	0.67545893	0.98264458	1.29801746	1.29758209	1.07395785	1.18358882	0.19606988	0.58574349	0.74906138	1.25612990	1.27382649	0.99095890	1.26319157	1.00809324	0.59616927	0.46000457	0.68155706	1.35987427	1.10426984	1.10148026	0.68478984	1.07360601	0.81417704	1.14025434	0.99252997	0.68120222	0.96955738	0.95671032	1.41212749	1.45924608	0.95912853	1.22259871	1.14964544	0.43599863	1.07667848	1.17817369	0.98770455	1.30636869	0.95231975	0.96675778	0.95210319	1.25223305	0.73455881	0.78481770	1.34093174	0.97974386	1.07613948	0.96950750	0.44705009	1.06247418	1.03683226	1.28756335	0.62569867	1.41288599	1.21644020	0.68801928	1.18194873	1.10003998	1.34510098	1.12240079	1.04391093	1.10769528	0.95154557	0.50781629	1.24173836	0.65789056	1.24391671	1.30398622	1.53505592	0.81755568	1.51553046	1.02762431	1.30415347	1.06541282	1.50071701	0.93249748	1.33616240	0.85939968	1.07559089	1.22203788	0.93994120	1.17133806	0.78173575	1.26488481	1.12602325	1.11177946	0.57619192	0.86099541	1.35404696	1.29360381	0.59789103	1.19098222	1.09911371	1.34361658	1.38289987	1.07322414	0.99609848	0.74408408	0.61113386	1.40875405	0.96846501	0.63563828	0.96289885	1.34456548	1.25967120	1.10726730	0.53069898	1.10228613	1.73086890	1.02187752	1.08905522	0.80517305	1.19392430	1.50277938	1.03005650	0.97816980	1.07902501	1.32489469	1.16807286	1.26729225	1.13889290	1.11993047	1.27469227	1.16052547	0.46983316	1.30206285	1.14350661	0.90747164	0.97764370	0.92941951	0.97875010	1.10829493	1.38000053	1.42234037	1.27345967	0.53050503	1.02492030	1.12078940	1.38282863	1.35528190	1.28727173	1.13344261	1.25162261	1.33970335	1.16912860	1.08056701	1.57085692	0.56675981	1.28438319	0.96087407	1.17968511	1.25043205	1.42522288	0.83005409	1.51422819	1.05493892	1.33468733	0.89240594	1.42172829	0.89109021	1.40041113	1.52845738	1.02315268	1.54919657	1.53468564	0.95683584	1.00296884	1.00312865	1.05130393	1.18327536	1.39398835	0.80283775	0.69963735	0.80569615	1.47170971	1.35508124	1.10191902	1.26505535	1.13669959	1.38021387	1.38188232	1.12449052	0.84964780	1.26940867	1.08685161	1.15412555	1.07183492	1.37741545	1.32969398	1.08362248	1.65930930	0.88228012	1.28554575	1.23016516	0.84778700	1.27138943	1.03429600	1.33552672	0.91772847	1.27199892	1.19669091	1.07509167	0.89296153	1.40312845	1.02780312	1.51112330	1.12708349	1.13511518	0.81220720	1.54610489	1.29885880	1.11744134	1.12426129	1.73247372	1.48484401	1.31742557	0.87586486	0.62343651	1.32268969	1.34111822	1.66632967	0.93788989	0.68336156	1.22504559	1.25326370	1.38339268	1.25073945	1.75080054
02_33	0.77523463	0.68317622	0.89591339	0.78710715	1.19462960	1.35099308	1.17189997	0.79027457	1.05037876	0.61471589	0.50931248	0.52643908	0.74306449	0.63093822	0.94769023	0.95531972	1.14582117	0.97239176	0.89987561	0.97140082	0.68936883	1.04577571	0.72751311	0.73710300	1.05370507	1.13415929	1.08136594	0.96812002	0.52363789	0.81569957	1.12407027	0.41930071	0.83612707	1.15381290	1.17394782	0.89370092	1.29221497	1.00411753	1.20170816	1.20672500	0.83632380	1.18019135	0.99270914	0.46846361	0.75386333	0.83035671	0.53020903	0.92389519	0.36184077	0.66760828	1.05635461	0.95396429	0.50920603	0.53656030	0.58490672	1.15995971	1.12202736	1.13260546	1.22619827	1.00399160	1.05346783	0.41426059	0.79789777	0.94099599	0.92483035	1.02789851	1.17702564	1.03348200	0.64481910	0.35279107	0.96399398	1.16350203	0.61865128	0.89130814	0.95424675	0.91282209	0.91680574	1.10356379	0.99781216	1.00062947	0.84793386	0.62382994	0.68518229	0.88251059	1.13535985	1.09775692	0.74077495	1.00763469	0.51480570	0.72024047	0.89919021	0.38547365	0.97524687	0.74879679	1.15279857	1.12530332	0.46963102	0.62854880	0.43289512	1.11641208	0.91585821	0.94640094	1.10754823	0.70110463	1.01932894	0.72847270	1.46577531	0.83733420	0.59238996	0.88669118	1.24853932	1.15574828	0.76947414	1.47733640	1.05873152	0.97095968	1.26971205	1.26072046	1.26897986	1.06383274	1.06003009	0.53694160	1.12916679	0.97381227	0.85644530	0.84751920	0.60549533	0.92473523	1.33618053	0.81693988	0.82425674	1.44592138	0.68381357	0.87572070	1.18845887	0.87379517	1.47669136	1.19031326	0.65182019	1.23596943	1.09089000	1.19298890	0.93886361	1.04726203	0.66472778	0.39572967	0.92845633	0.57897171	1.13068748	1.12939153	1.07124089	0.54535543	1.08483521	1.20273100	0.78629967	1.12624591	1.13928928	1.05819049	0.72496804	0.71550493	0.89386658	1.20621659	1.00238784	0.70503388	1.31076327	1.32702039	0.92260861	0.67219519	0.55124192	1.17094132	0.82427059	0.90585229	1.24806091	0.54289267	1.10112796	0.93668093	1.45002083	1.31484802	0.84473410	1.10988791	1.36754792	0.92000748	1.21755222	1.11103278	0.50742373	1.50928336	1.03729647	0.90068140	0.65199103	1.48529006	0.52922774	1.53215161	1.14010682	1.31690236	1.07841983	0.65771217	1.04243056	0.88080850	1.24183517	1.20261725	0.53243513	1.18442005	0.62840301	0.97106811	1.09885850	1.03186101	1.08849476	1.05625637	0.46160211	1.45153954	0.84826685	1.62040372	1.39832870	1.14985161	1.36002598	0.87822287	0.83636545	1.53745173	1.06938979	0.98841040	0.70772929	1.26371042	1.40142932	1.48193119	1.11072449	1.10283413	1.16612510	1.32871330	1.35271272	1.23894653	1.01335920	1.21646231	1.06691656	1.17603469	0.54632810	1.61129878	0.99280502	1.26722527	1.01728742	1.20732421	0.56936943	1.10750369	1.01263847	1.14410675	1.00745361	1.07884572	1.04206578	1.07111285	1.47641442	1.00165044	1.34994910	0.93709937	0.82290006	1.07154203	1.13640775	1.00488448	1.24630288	0.90300263	1.19317620	1.37770300	1.09455198	1.15814815	1.20490428	1.08404027	1.49187819	1.52144136	0.64847854	1.43315475	1.32390574	1.10969116	1.19545316	1.00664660	1.43708319	0.84450251	1.24234448	1.10094557	1.28065714	1.19013203	1.43483305	0.97210184	1.07230194	1.28301037	1.34095564	1.16889612	1.30903718	1.37206221	1.24278211	1.22878445	1.42209969	0.95449452	0.95014741	1.55704981	1.42372241	1.28591333	0.76664887	1.48674967	1.34818580	1.03343774	0.97732643	1.45521483
02_288	0.95510077	0.90563650	0.93571545	1.40233450	0.92206369	1.21858968	1.08638937	1.32587519	0.64648263	0.69852174	0.87800915	0.98156849	1.14664821	0.95008586	0.66601190	0.80062139	1.17845389	0.63905477	0.94644284	1.33552902	1.33121340	0.60836385	1.05695033	1.20013906	1.00847124	0.98127025	1.00927774	1.19947741	1.07666208	1.01993951	1.41004471	1.10616548	0.80401984	1.26023318	1.23938690	1.50138503	1.36667279	0.76141818	1.15505659	0.92036893	1.38785631	1.29257981	0.80094911	1.15530425	1.18825788	1.41584343	0.96946083	1.26460183	0.89997141	1.36435653	0.81973065	0.92807924	0.83585822	1.18329089	0.84862458	1.40781248	1.11085806	1.72260737	1.18493254	0.63225264	1.60368414	0.91813301	1.24786042	0.52111992	1.21432968	1.31783708	1.49117083	1.00856139	1.15889110	1.01399327	0.35685930	1.02564302	0.79770157	1.33450766	1.33864424	1.15539438	0.98018317	1.63674967	0.88493172	0.73626541	0.86182749	0.71713195	1.12066544	0.58557998	1.39972228	1.09661155	0.90992218	0.82546624	0.63028435	0.83232994	1.43417959	0.83286921	0.97392944	1.46398595	1.40438470	0.85290125	1.17617707	1.10689933	1.04087216	1.13608272	1.26249075	1.23591748	0.75819718	1.01153265	1.06840428	0.73010838	1.43472977	1.32992545	0.48366098	1.19738360	1.33440448	0.39966906	1.31671567	1.20988524	0.41408644	0.46774137	1.53283794	0.99740688	1.00066080	1.23288762	0.91510990	0.76318432	1.21130633	1.45567162	0.79621583	1.03633019	0.85471713	0.44955751	1.27825912	1.19090949	0.99019108	1.32726002	0.85714980	0.82147196	0.72535936	0.55245177	1.52803594	1.24094033	1.09594423	1.35029403	1.52098439	1.06760201	0.93386570	1.39110274	0.87155059	0.80771577	1.10174878	1.13206632	1.05296949	1.14060818	1.23249777	0.79793989	0.69754373	0.71474551	0.46730619	1.13686479	0.97619742	0.44716042	0.63863328	0.39966262	1.22133879	1.67515067	0.54416704	0.86191882	1.00360818	1.37457101	1.23503864	1.04357162	0.53787668	0.76419077	1.00738654	1.23126217	0.94477356	0.87948624	0.59089558	0.81325423	1.36622183	1.13230039	0.93246108	1.08510114	1.61502275	1.20866281	0.64283033	1.26940729	0.78422254	1.48191123	1.14247328	0.42728438	0.78983820	1.17531302	0.77450648	1.55068342	1.11406320	1.24611439	1.40545743	1.18623278	0.88640991	1.44415389	1.05146190	1.10539512	1.27267397	0.96455752	0.70131938	1.09672240	0.91012910	1.51137759	1.37435756	0.65591617	1.05526292	1.34114678	1.20076165	1.65936409	1.00845638	1.04641399	0.68997796	1.38505862	1.38407751	1.70267379	1.32287446	0.98870150	0.99187016	1.13267003	1.58895496	1.49927914	1.57008354	0.43066101	1.45729784	1.17531839	1.32504953	1.14946176	1.18473528	0.86411182	1.50194539	1.19247402	0.62407827	1.51573495	1.14369889	1.08641484	1.37652631	1.22236489	0.93569010	0.63396097	1.55379619	0.54132077	1.05877279	0.80623715	1.39232043	0.77181292	1.47532724	1.31480522	1.03630424	1.18432006	0.86666634	1.06685424	0.60938602	1.18801972	0.79482385	1.14856889	0.91087152	1.34521938	1.33604830	1.01086650	1.44103967	1.08356587	1.43088691	1.43466100	0.83091367	1.27098005	1.20265861	1.11303316	0.61728021	1.33346838	1.19731327	0.86522531	0.90716481	1.34221156	0.70862127	1.48626567	1.20327025	1.39751285	0.86683247	1.33471852	0.83568258	1.03333416	0.91905480	1.71987273	1.19614011	1.51684537	1.52278171	1.06494768	0.88954476	1.49963091	1.69444783	0.99251582	1.08030715	1.15083286	0.84600832	1.22286026	1.62116527	1.80894464
02_160	1.33261783	1.05320013	1.28104381	1.43327623	1.13481610	0.66603444	0.75774244	1.44015957	1.15233620	1.40193640	1.59007626	1.37422087	1.44442932	1.46318930	1.22270972	0.90697925	0.78320118	1.11987952	1.00437550	0.98909708	1.40754177	1.18840780	1.43688985	1.47316162	1.08913746	1.02198235	1.24088821	1.02213577	1.07082041	1.37305504	0.48044719	1.42738649	1.11033544	0.31734409	0.44379966	1.02906264	0.25784680	1.06366064	0.69847260	1.16979861	1.04640251	0.33682932	1.08548591	1.33385735	1.22018355	1.45734257	1.21121298	1.31218889	1.08525146	1.21224714	1.10859466	0.73275926	1.58599337	1.33412343	1.23253382	0.49103214	1.00018761	1.07831269	1.01396514	1.21054276	0.95856962	1.36899411	1.25545300	1.25411968	1.23084991	1.31326098	0.40185801	0.76785607	1.47030223	1.42535027	1.33456001	0.68278517	0.96909610	0.92997261	1.20702009	1.47220613	1.05530748	0.83439550	0.83606061	1.09373346	1.08005206	1.76468066	1.51281125	1.33811820	0.98319752	0.96122212	1.08534703	1.13981286	1.23877368	1.77584599	1.19789434	1.64503495	1.01148053	1.14384283	0.52281144	1.23116974	1.48403675	0.79178122	1.55660612	1.00407671	1.82066869	1.53013559	1.22607496	1.39534318	1.21159284	1.13476449	0.56280973	1.32772799	1.57307027	1.51470167	1.05025440	1.47265381	1.14233516	1.15378802	1.30688274	1.25767071	1.14120819	1.18810244	1.21144640	1.14356683	1.22092967	1.63755164	1.27142819	1.07508633	0.94495024	1.65424228	1.57410690	1.31719781	1.43104210	1.39025947	1.55523197	0.69154534	1.35408552	1.50964302	1.20868965	1.26084131	1.15510928	0.61552704	1.63461060	1.44954019	1.71548488	1.04239133	1.92861413	1.16356126	1.68677588	1.58322925	1.72267044	1.31691760	1.48030108	0.78101033	0.88840880	1.73068458	1.30493482	1.51652651	1.25667092	1.24144303	1.26271675	1.61143647	1.03989430	1.48271273	1.68152810	0.98190463	1.17154245	1.51171130	1.55051381	0.99997795	1.44457501	1.34572220	1.46099762	1.02687285	1.21618431	1.82094755	1.13754947	1.26374195	1.47990387	1.70512422	1.40319757	1.40030803	1.27078596	1.53720828	1.50884252	1.19433088	1.42063541	0.45020187	1.68743595	1.16874417	0.98442057	1.42783465	1.60617557	1.20390193	1.59914679	0.97818330	1.52497124	1.19750249	1.04885488	1.64908265	1.07296511	1.45364742	1.33271489	1.32882912	1.31165105	1.19552253	1.50622851	1.43437775	1.62307835	1.51948276	1.40542804	1.01504214	1.58573665	0.68818870	1.55334622	1.01798307	1.43458726	1.27784962	1.68644137	1.58719125	1.06501138	0.36652869	1.72951325	0.95077668	1.75196344	1.09369713	0.68887126	1.24716931	1.25941534	1.38230600	1.33751326	0.81475542	1.35419843	0.67279185	1.56358522	1.21341398	1.51534510	1.64492160	1.57105744	1.19530517	1.78818393	1.43834695	1.13389705	1.11888599	1.45814373	1.56822896	1.42958682	1.40915957	1.19161364	1.26834375	1.84562262	1.77025629	1.04397201	1.40336624	1.24058963	1.53938607	1.84707066	1.25053510	1.30709594	1.43663607	1.53629564	1.54790445	1.14243830	1.46335633	1.66034825	1.55547266	1.78069863	1.13200518	1.40760983	1.16237322	1.42009850	1.33936232	1.30380651	1.49128764	1.43740714	1.47827692	1.30274125	1.52566419	1.25821827	1.55468394	1.51181996	1.61820781	1.14079502	1.31141642	1.18492690	1.61493231	1.65965778	1.29012950	1.37025792	1.81134440	1.65234935	1.47364616	0.81189424	1.31043557	1.77874911	1.45965751	1.71793590	1.22392444	1.33011134	1.27050975	1.67358597	1.63406535	1.29379108	1.80365498
02_211	0.47909785	0.67030860	0.52533882	0.93370002	0.84056885	1.22931056	1.13645959	0.77375121	0.83970759	0.48461771	0.61046606	0.67652934	0.57561401	0.48296897	0.64326381	0.88269992	1.14817903	0.92237051	0.83981046	1.08723638	0.90132020	0.86823982	0.49361070	0.58495704	0.77455589	0.89490024	0.66268844	1.09636367	0.92260482	0.49950199	1.33768679	0.73904229	0.98804520	1.18269486	1.19257146	1.35201713	1.42526670	0.91875417	1.06330442	0.81170090	1.19861555	1.36524100	1.05304802	0.73082180	0.86360982	0.92808143	0.55176467	1.17069155	0.63894355	1.00926864	0.88286810	1.02630889	0.42144159	1.02202252	0.65232802	1.45735461	1.13861873	1.35624769	1.04627684	0.65054229	1.22997399	0.56716637	0.82917867	0.75052179	1.17454844	1.01560272	1.31285238	1.15042272	0.89701162	0.80781380	0.88347717	1.29751470	0.53689132	1.27906600	1.05860696	0.49858534	0.70593780	1.33489153	1.10579821	0.90533358	0.62820236	0.66504864	0.51035881	0.36718836	1.00892973	0.75991745	0.83951574	1.11182396	0.54821341	0.60254208	1.42947427	0.78149975	0.85060871	1.12202963	1.22297798	0.87255658	1.01319992	0.96569261	1.02737928	1.32843389	1.18380175	0.55299451	0.61322401	0.81074576	1.12919801	0.87945902	1.33572450	0.80123927	0.63172745	0.60109833	1.13997631	0.90106249	1.33258911	1.36871125	0.84287818	0.70956132	1.39801643	0.86801815	0.80782643	1.00326051	1.26775216	0.76104285	1.10096290	1.11360398	1.02273099	0.38607435	0.77901179	0.81193274	1.29987353	1.22234556	0.76846717	1.24572150	0.28670650	0.83984045	1.10719693	0.97730080	1.66137291	1.44532106	0.87055924	1.12825819	1.15116243	0.95481823	0.82600503	1.05949457	0.52040120	0.63731834	0.65567475	0.86795692	1.14626166	1.17442977	1.07116789	0.73449811	0.79709243	0.85163528	0.48857750	1.12640347	1.13247229	0.84100108	0.92429011	0.69765777	1.01537903	1.42392778	0.98284155	0.85332704	1.31527385	1.07575603	0.55218973	0.59162719	0.27714141	1.16557240	1.11835955	1.15219171	0.82257358	0.89376860	1.00427237	0.66930013	1.31212239	1.24078836	1.18226608	1.23130952	1.20183728	0.77430742	0.78295070	1.18344363	0.65962590	1.24815345	1.11652347	0.77284160	0.85125121	1.13067589	0.57013937	1.51851366	1.20877745	1.04347565	0.99690566	1.12336298	1.08149570	0.92775252	0.94339503	1.28135405	1.02328601	0.96029448	0.64330793	0.99691268	0.59918567	1.29513373	1.02134859	1.09779196	1.01173844	1.22071124	0.57251497	1.56970944	0.88529571	0.65475246	1.09409644	1.03702134	0.95126343	1.58476334	0.80070369	1.21201039	0.93216164	0.94535003	1.43263053	1.68907796	1.14216583	0.91910393	1.09674815	0.99128285	1.06220257	1.17758313	0.52395339	0.88055801	1.37288784	0.62107218	0.63262858	1.30407621	0.72101491	1.36980208	1.08832809	0.99659336	0.93696842	0.75196890	1.10374125	1.01986902	1.17039992	1.01505091	1.29992043	0.89647581	1.67807434	1.29997960	0.87125836	0.71749375	0.80651371	1.19141521	0.86250247	0.65555268	1.11375697	1.08286848	0.84971439	1.10175335	1.37078778	1.25279057	0.92805142	0.89794895	1.37923015	1.58405146	0.86394508	1.07813618	1.25272270	0.63834893	1.05364289	1.04773291	1.02779668	0.90235856	0.99591942	0.83570828	1.08298011	1.04254909	1.44320012	1.00961715	1.12320296	0.88017498	1.03023434	1.20542903	0.94085365	1.31634252	1.17988464	1.56850909	1.71713983	1.29501596	0.90949367	1.44273489	1.67671880	1.31601270	1.20518949	1.34575423	1.17078933	1.11530588	1.23221811	1.44628501
02_171	0.73641832	0.65257827	0.85414490	1.12324646	1.19531053	1.38589188	1.20981571	0.93795088	1.05680749	0.43770130	0.21584181	0.38012073	0.75535541	0.51614673	0.88125136	1.13387379	1.16585238	1.14850657	1.08601522	1.03437439	0.96413308	1.03040101	0.63791030	0.81547276	1.13868485	1.30776481	1.05871291	0.96991718	0.93625563	0.76457902	1.46246023	0.76753260	1.03895446	1.37346079	1.32637562	1.24510293	1.56736941	1.10722037	1.23267274	1.20613218	1.02486714	1.40306965	1.20906308	0.78245806	0.74855927	1.17809596	0.65450719	0.90180557	0.59666266	1.10326425	1.29313942	1.02686699	0.34906418	0.99761661	0.44782561	1.47710581	1.36997199	1.47586666	1.42066137	0.96660847	1.27162610	0.53559693	1.12459828	0.85732587	1.13545052	1.12262645	1.46044349	1.34698608	1.07559635	0.76682757	0.91515890	1.28244802	0.84430132	1.23147164	0.99591902	0.89668996	1.10233268	1.44095659	1.19370642	1.21713918	1.01495244	0.52222779	0.90148836	0.94837147	1.20014508	1.12275254	1.03629403	1.25017084	0.60180056	0.75206900	1.22134949	0.60831259	1.18715743	1.11443242	1.45362602	1.23890114	0.81495271	0.98519807	0.76308130	1.36455355	1.28171616	1.03266630	1.12953091	0.74895030	1.07129636	0.93952499	1.55187135	1.07258767	0.39393600	0.81527570	1.52963421	1.19426670	1.03630142	1.65162684	1.00328273	1.09491077	1.63946111	1.25382046	1.39698121	1.41236190	1.25711393	0.19364478	1.50370288	1.25462809	0.88890042	0.88429411	0.66785695	0.82302394	1.70078466	1.22959224	0.94519849	1.53223195	0.70410277	1.15928949	1.27588722	1.02290928	1.84088165	1.42796572	1.01381823	1.60546997	1.48434794	1.30356222	0.96842924	1.35013745	0.73206858	0.28068175	1.06942394	0.94984002	1.25237453	1.46007264	1.09747566	0.66881052	1.26060557	1.33004104	0.82057884	1.25955277	1.34951276	1.09297122	0.95339829	0.54738278	1.27138253	1.61138588	0.93489916	0.78373762	1.58240321	1.44187788	0.96299088	0.97155887	0.53619614	1.18252034	1.16814819	1.25116551	1.25078088	0.78741122	1.26837250	1.02783805	1.78789650	1.63809947	1.10083558	1.46851067	1.50397810	1.09128370	1.28813738	1.27109418	0.60916251	1.68637960	1.33488490	0.91200654	0.90083769	1.61481993	0.42246265	1.88438917	1.49082046	1.58986118	1.13305736	1.05141957	1.23389650	1.17518048	1.49603178	1.54756860	0.89888088	1.42869405	0.35793323	1.33366648	1.18677542	1.47232723	1.45469989	1.10466674	0.75193519	1.55432832	1.01590648	1.97335897	1.50371623	1.15106598	1.40836926	1.27072768	1.10891591	1.81224960	1.28205987	1.31851795	0.94662510	1.37139228	1.73634547	1.82119135	1.47589164	1.15275980	1.25801951	1.46486775	1.63332275	1.29745115	1.06022943	1.17109809	1.48602472	1.27965452	0.48470680	1.76799722	1.11968516	1.57322875	1.36296097	1.45350495	0.83953057	1.15010817	1.38444248	1.05552521	1.36108614	1.31062988	1.40304347	1.10338380	1.79601279	0.93804580	1.38996635	1.13977480	0.75461733	1.07788704	1.12508272	0.99895307	1.39738882	1.25225249	1.25478718	1.64750703	1.45957935	1.48285130	1.38694490	1.17945432	1.83097217	1.81440057	0.71190328	1.63302321	1.60472525	1.15785470	1.21590593	1.34019629	1.43701138	0.99162215	1.20828786	1.04035286	1.24595242	1.44090467	1.55504698	1.19491478	1.01576438	1.36711205	1.37638255	1.16566919	1.33237315	1.66707078	1.28855701	1.54783210	1.69514420	1.20995872	0.88086188	1.86982318	1.66077321	1.40953371	1.11625153	1.54770811	1.38331339	1.23464735	1.29392599	1.77070345
02_198	1.00157739	0.84640590	1.09907523	0.95503919	1.30696575	1.39977740	1.23029364	1.00205422	1.10566350	0.81476682	0.74565682	0.75164128	0.99708338	0.88837799	1.07361872	0.97728715	1.20246562	0.98477214	0.94242659	1.08288350	0.82119527	1.08558534	1.00706680	1.01544140	1.17143647	1.22170559	1.26309259	1.05055755	0.50257732	1.05231557	1.10128469	0.63233132	0.74709375	1.14786453	1.20898134	0.85724410	1.23463493	1.00462197	1.28363695	1.33496484	0.87060157	1.09733820	0.93574024	0.67714608	0.95064685	1.02399084	0.83086995	1.01661899	0.57224234	0.79265982	1.14748762	0.97225817	0.83416743	0.64604351	0.76056934	1.03650365	1.07954554	1.23502409	1.28196814	1.14014140	1.14125420	0.63227008	0.95271540	1.01875145	1.03824333	1.26715471	1.16164107	0.97525210	0.81229725	0.49085249	0.98822699	1.08019639	0.79240773	0.87319397	1.11972740	1.20123551	1.16188898	1.14077879	0.89677065	1.04114021	0.99069840	0.89750911	1.02269790	1.13991636	1.31978528	1.26791971	0.75980266	0.93182777	0.64087845	1.05554351	0.79450274	0.60890082	1.03949662	0.77891356	1.14644711	1.33553171	0.41883733	0.63102412	0.34070584	1.11816247	1.06088780	1.30250661	1.29880938	0.95311764	1.12748808	0.67465478	1.51633207	1.03207115	0.76654595	1.14383222	1.30373101	1.28352238	0.60844615	1.58899816	1.12093236	1.11224276	1.37491252	1.38878462	1.45179133	1.16430007	0.88769755	0.66511136	1.22155381	1.14967630	0.82923520	1.21468420	0.87434803	0.96543661	1.41631239	0.85063559	1.12207103	1.54673742	0.95981582	1.07509097	1.27273983	0.81871476	1.46595280	1.05793205	0.87483666	1.40089980	1.30223223	1.25491036	1.23446224	1.11296103	0.99787448	0.61919916	1.28832167	0.64925884	1.30530295	1.19125618	1.17208993	0.82034670	1.23859188	1.40473438	0.95208602	1.29774219	1.26574510	1.22713949	0.74934761	0.81054142	1.10131788	1.27176723	0.98231088	0.91837029	1.34436621	1.52971090	1.24184761	0.92141951	0.85673430	1.17728196	0.70021021	1.05691880	1.38436904	0.44106701	1.20020962	1.22406994	1.55071450	1.39541859	0.63758400	1.15957714	1.64338604	1.06275523	1.41625088	1.10857358	0.79385179	1.71921966	1.14151694	1.05384974	0.80275199	1.67508038	0.80975362	1.60326506	1.20757669	1.46202923	1.25218511	0.67742781	0.96855466	1.06274487	1.41811745	1.18981781	0.50503189	1.29252102	0.76355625	1.09778332	1.40382491	1.17180895	1.25792458	1.00834436	0.40898607	1.55369426	1.17157660	1.69382985	1.61364699	1.34956098	1.49930818	1.04536875	0.99790972	1.50641061	1.38619767	0.89755644	0.89196417	1.36165478	1.45355263	1.44583929	1.31623525	1.17340793	1.39304756	1.48815955	1.54303362	1.27238985	1.32559015	1.29924220	1.15041532	1.51636843	0.72967981	1.82402575	1.31399960	1.22278005	1.05927948	1.30619604	0.67212369	1.31104387	1.17827067	1.14398617	0.94920419	1.11606893	1.13636874	1.27868676	1.39838512	0.99778775	1.51190105	1.21762888	1.04962563	1.11479064	1.21115694	1.22173743	1.32224296	0.97276192	1.35455861	1.55313154	1.12164953	1.20605566	1.49050799	1.14147454	1.56987948	1.52322369	0.62584134	1.58359457	1.34544141	1.35903114	1.22625430	1.13389344	1.55229126	0.93455333	1.27591949	1.29064548	1.32110785	1.38819338	1.43308531	1.04085060	1.01958950	1.53259005	1.48857307	1.19682064	1.43152381	1.55159423	1.39179141	1.15829586	1.22490607	0.72278546	1.09607164	1.61390587	1.44977644	1.24679600	0.56897612	1.54058240	1.43185361	1.16307371	1.00096311	1.59351252
02_68	0.58561385	0.74879562	0.44875783	1.21576866	0.22219302	0.92958956	1.00389484	1.02070519	0.26582924	0.61180193	0.93577374	0.97915791	0.85450107	0.77291418	0.16644359	0.49328361	1.03553482	0.63744012	0.51375687	1.21741660	1.11231386	0.32298012	0.83094754	0.95207032	0.37232474	0.52165847	0.38639049	1.18233921	1.00465399	0.64496198	1.31364316	1.08031471	0.70135465	0.90044240	1.04169266	1.54008992	1.22000136	0.41225253	0.82798841	0.23396331	1.38145258	1.14793130	0.73523122	1.04461610	1.14543704	1.25440329	0.98860260	1.40563260	0.88957741	1.31856100	0.72792685	0.88565897	0.93369985	1.39698959	0.82420091	1.33350513	0.76640956	1.60721834	0.65336892	0.17523448	1.36498664	0.81699901	0.99870746	0.34366853	1.49628725	1.42704571	1.17366225	0.93063064	1.26900699	1.10995638	0.59233507	1.02858416	0.60512786	1.44992155	1.33958240	0.82627095	1.03025297	1.44866438	0.71090910	0.67180982	0.46549120	1.18276022	1.08359653	0.64200833	1.12664924	0.57479025	0.73746081	0.85065450	0.57396205	1.24712164	1.62360975	1.22500762	0.55883898	1.28526917	1.03023767	1.11421265	1.21327732	1.04524289	1.25792830	1.42710742	1.64435697	1.15021940	0.37307256	1.27002486	1.34521718	0.68282744	1.04785858	1.00513303	0.89634510	0.86324134	0.91026333	0.87704591	1.45829402	1.44541159	0.47316443	0.67227235	1.66338522	0.30631782	0.65740342	1.01019158	0.94457090	0.99823906	1.18138699	1.44597678	0.92115018	1.08711170	1.29391984	0.46964947	1.38409382	1.54230932	1.34187873	1.06720459	0.65470605	1.21442776	1.12884282	0.79584156	1.75088299	1.27297974	1.36220404	1.35916831	1.60758198	0.43426967	1.43306792	0.99817878	1.15875204	0.99753611	1.34144138	1.05378371	1.50487179	1.21576351	1.09730664	1.26682058	0.83617683	1.03563695	0.48687773	1.42389627	1.36129301	1.04728517	0.99034367	0.74197878	1.48991652	1.62695685	0.64094271	1.30460410	1.36540990	1.22453588	1.02436391	0.97428971	0.78245072	0.96659166	1.03757045	1.61806828	0.31580234	0.86601778	1.08849701	1.21088292	1.34843929	1.29491354	1.02506842	1.41181803	1.65967839	0.74209228	0.82138274	1.00890840	1.19485604	1.45203765	1.32174435	0.97285303	1.23357495	1.20752229	1.06261941	1.56830643	1.39415329	0.98780028	1.14490247	1.45478526	0.69318559	1.21232356	1.04576533	1.24519066	1.19870574	0.88142488	0.77061220	1.25217160	1.08836070	1.71892861	1.27615235	0.82749548	1.26560453	1.01762361	1.13637564	1.59601799	0.91929728	0.48997477	1.17930201	1.43260923	1.21765609	1.33944107	1.38212471	1.13613670	1.41043616	0.51436563	1.44592453	1.77241245	1.51941717	0.78290301	1.47710447	0.83852981	1.22427931	0.96806274	0.99710767	0.23173188	1.75383989	1.15080454	0.96289972	1.45998950	1.34513693	1.32297108	1.07794264	0.84377660	1.30171560	0.98229416	1.44339221	0.66265415	1.07697560	0.94419210	1.70572548	1.28865947	1.64892120	1.45292658	0.60740515	1.22410193	1.29153607	1.31277434	0.54740873	0.79985129	1.15039078	1.35493226	0.84931135	1.25571699	1.67547093	1.40083564	1.43627400	0.54353546	1.39325016	1.60797826	0.90091559	1.02911922	1.15123969	0.90404888	0.88746078	1.32468339	0.63164072	1.13230673	0.46565596	0.95536785	0.87763229	1.37131962	1.38282431	1.02469623	0.90142612	1.20159499	1.12602747	1.24355716	0.77950401	1.69131712	1.49700898	1.75198226	1.50694685	1.11108425	1.22292625	1.41476637	1.98512301	1.19606950	1.17033184	1.27651572	1.21173646	1.48208553	1.35671778	1.76179791
02_55	0.90009663	0.85939249	0.99507869	1.19265551	1.27831696	1.50869596	1.30663544	1.10362735	1.10201845	0.61733912	0.49733763	0.66257836	0.93529652	0.72368769	0.96947711	1.16955762	1.31689913	1.09761165	1.17318340	1.22433073	1.10670485	1.07795023	0.83088317	0.95379535	1.23916689	1.32646529	1.17669044	1.14355099	1.01792610	0.93262076	1.52107380	0.82903225	1.08162101	1.49396444	1.43629199	1.34151472	1.62917507	1.15993457	1.37268448	1.27233913	1.19934511	1.51302352	1.19539387	0.89388793	0.95015079	1.21122686	0.73176090	1.04887979	0.73382191	1.14886618	1.20651779	1.13519093	0.42381004	0.93684644	0.68718924	1.55703633	1.41623510	1.56100856	1.48001365	1.00905730	1.45896846	0.69272649	1.17439776	0.92347265	1.08477192	1.12746767	1.59757294	1.33572609	0.97613790	0.76708710	0.89342791	1.35517852	0.89012386	1.26539407	1.12772093	1.00968222	1.02884708	1.55482886	1.24950050	1.14864034	1.06009894	0.14711839	0.85932929	0.81860561	1.35783069	1.25009440	1.05720675	1.20844316	0.67164417	0.43502173	1.26791288	0.41031837	1.22819384	1.27135530	1.55816255	1.07453818	0.90886312	1.07848317	0.76742403	1.28792741	1.03589160	1.01149985	1.11253844	0.71657920	1.04815069	0.96079071	1.68221013	1.18788683	0.27090269	0.99443957	1.56354580	0.99076134	1.15742486	1.51588681	0.97052572	0.94599853	1.54055167	1.33873582	1.33714933	1.37837801	1.26479855	0.38736254	1.38528435	1.29476630	0.97725451	0.77142108	0.47516562	0.86768936	1.52211289	1.07921170	0.73424256	1.59635633	0.75683291	0.88875703	1.12568854	0.94652559	1.71595909	1.47640517	0.81809619	1.44924061	1.33651860	1.37983639	0.60952556	1.43278553	0.48594806	0.35651543	0.84727127	0.98362489	1.05516863	1.38070322	1.24621071	0.35652155	1.07853995	1.08080657	0.74862399	1.15917688	1.15329138	0.80441497	0.86913857	0.51121395	1.04969866	1.62228171	0.98135479	0.59005398	1.34299455	1.45515765	1.02527078	0.91674615	0.40735213	1.18447637	1.14639499	0.99459516	1.29816067	0.86427916	1.01976405	0.71321760	1.62988988	1.44178562	1.10521856	1.24224643	1.45465949	1.20901842	1.10644052	1.40961066	0.31042337	1.60954862	1.22925706	0.68531830	0.62736504	1.48431069	0.28392996	1.78565704	1.26402474	1.51671360	1.29954711	0.92633741	1.24599678	1.23693642	1.32826429	1.39732555	1.03351003	1.30443043	0.52022021	1.14581940	0.95441865	1.33375648	1.36010865	1.09633679	0.74173250	1.61102673	0.95326852	1.88433630	1.35148376	1.20809028	1.13445540	1.16863147	1.20211126	1.91329228	1.11310339	1.24446536	0.66935431	1.42337971	1.73022007	1.68075965	1.43582550	0.98837248	1.27061882	1.47860117	1.49254251	1.38714510	1.03151812	1.23541424	1.33594372	1.14306450	0.31793311	1.69685704	0.88676158	1.39681260	1.40384544	1.43699419	0.67662711	0.89493467	1.36143738	1.02555243	1.28933714	1.15517363	1.17929624	0.77179424	1.70460335	1.09140713	1.36303390	0.99824836	0.45912333	1.06582631	1.05788767	1.09255890	1.15567386	1.07192074	1.17063375	1.49473942	1.24478769	1.24538613	1.23982113	1.26360096	1.67966717	1.67534032	0.74184203	1.52908761	1.48107323	1.09783007	1.06864752	1.23123439	1.47560153	0.80622272	1.25498092	1.18138085	1.12311826	1.35135015	1.46823205	1.30849121	1.07429440	1.27078604	1.13582508	1.12132670	1.23933755	1.54243936	1.10563111	1.43914715	1.73485692	1.22266817	0.67790809	1.73200048	1.52560078	1.30144393	1.13329846	1.44262066	1.14882698	1.04079613	1.43007075	1.65852045
02_98	0.51848709	0.79588431	0.56037026	0.49779018	0.81511762	1.23364642	1.26041000	0.39085557	0.91352847	0.76885165	0.89701093	0.89080743	0.49899629	0.65760432	0.80041441	0.73371182	1.21224835	0.95033357	0.48160463	1.10079036	0.42351329	0.96872356	0.66763651	0.50085075	0.52051330	0.69156937	0.63597065	1.22182494	0.58108333	0.53912378	1.10363351	0.58601985	0.81081341	0.85825702	1.11317592	1.18008007	1.20776467	0.81022319	1.06218010	0.82353264	1.13230235	1.16701172	0.93325465	0.49126196	1.01085967	0.56387977	0.81589623	1.38840621	0.68726880	0.73646987	0.88710769	1.10484431	0.88037500	1.04274182	0.88762659	1.20001703	0.74586741	1.10381443	0.64349700	0.85164449	0.93578637	0.54594227	0.33233449	0.95961494	1.42558460	1.33018914	0.88746811	0.95136840	0.84308513	0.73810588	1.14924477	1.30414424	0.49391721	1.22795912	1.22577858	0.61210337	1.02452253	0.98295518	0.91991002	0.89922929	0.45267372	1.25850001	0.69110873	0.90313034	0.99669035	0.72327647	0.55763572	1.01290719	0.65285711	1.24378159	1.38693717	1.10783862	0.53012687	0.63831322	0.72773570	1.34805760	0.80268217	0.75598873	1.00988288	1.49821385	1.39209747	0.90430180	0.86062264	1.23426737	1.47724453	0.76995004	1.21355788	0.26935398	1.12543276	0.63752549	0.64846007	1.36482441	1.25741497	1.67460775	1.13578995	1.04396203	1.43986829	0.83652155	0.90811472	0.66002389	1.12867800	1.08940288	0.95993695	1.11554314	1.18184709	0.96583619	1.29041343	1.05119150	1.28706428	1.33720882	1.31271362	1.29187376	0.58924033	1.20509382	1.50712078	1.08969633	1.69393767	1.35266610	1.07051703	1.09118436	1.13846153	0.67738225	1.48026266	0.37613924	1.09823146	0.95303655	1.21228159	0.57596706	1.63108880	1.19109056	1.16002845	1.21864108	1.09960203	1.33439059	0.85874072	1.50940539	1.50351063	1.41455500	1.13703936	1.10852601	1.19571087	1.19977803	1.19558570	1.34839256	1.51816846	1.24727984	0.77100332	0.59195217	0.89836181	1.41825233	0.89688560	1.39031270	0.88273986	0.73241839	1.38248259	1.30112184	1.26307480	1.32268469	1.03599097	1.35263016	1.49958091	0.21336155	1.24342749	1.01037510	1.14663459	1.47598416	1.28063686	1.32004492	1.20072920	1.46828934	1.09069496	1.47962821	1.33154630	0.89838583	0.98187076	1.15086224	0.90210065	0.52251746	1.09396288	1.23640219	0.67812926	1.00192886	0.96366646	1.07121347	1.20278941	1.32286104	0.85278436	1.27869381	1.03007726	1.22291088	0.81079450	1.47068115	1.22189977	0.71947633	1.61801557	0.95217708	0.77091076	1.17760186	1.10839560	1.16642049	1.29298154	0.72430129	1.24638953	1.76486857	1.05604870	1.27926495	1.35710346	1.02185396	1.11319315	1.23285799	0.83885368	0.94536107	1.43372262	1.07143839	1.07883277	1.53670050	1.23090488	1.40690556	0.54769012	0.71428338	1.20919014	1.32050239	0.86476305	1.29127544	0.97677323	1.13622122	1.43634328	1.51400063	1.67608117	1.48400758	1.01990689	1.01154725	1.38223250	1.51096544	1.13759822	0.67908554	1.45583549	1.15677519	1.18120047	1.15533680	1.50324331	1.42859615	1.18053000	0.64240570	1.30061291	1.67797188	0.94934158	1.09899317	1.18818057	0.92721017	1.38445479	0.99060930	1.03029971	1.19900911	1.04665279	0.81923086	1.42317989	1.02549456	1.66917480	0.47668652	1.29831043	1.15640364	1.51764705	1.52431940	1.21838564	1.30614569	1.63716894	1.60775590	1.51912128	1.09621192	1.39486638	1.34260255	1.87291836	1.51564702	0.97104376	1.64657559	1.61163730	1.40892076	0.69122335	1.36675601
02_194	0.73114037	0.93552373	0.59677661	1.15044710	0.28225664	0.99175752	1.12854468	1.02466372	0.45737510	0.87085121	1.16803768	1.18821484	0.94842598	0.96020071	0.49750635	0.42742817	1.15969060	0.65446509	0.38997443	1.32622761	1.08556885	0.53916482	0.99644998	1.01828887	0.24420010	0.29174118	0.46926795	1.34267728	0.97969542	0.78031509	1.24010235	1.12075806	0.69869829	0.78606480	1.05708070	1.55380861	1.13342362	0.41869721	0.90254666	0.28806754	1.46629470	1.12023347	0.69210374	1.07344982	1.30766591	1.18354363	1.13249537	1.59456434	1.01122754	1.28362215	0.64047059	1.01677012	1.15353102	1.44089089	1.05216223	1.27040988	0.54823529	1.55536607	0.33620479	0.47702703	1.34975689	0.93737115	0.89536161	0.65014244	1.61743069	1.56017616	1.04673333	0.82137503	1.25697822	1.16151526	0.84005987	1.10479497	0.64488089	1.47995800	1.47756670	0.92086383	1.10607805	1.36762587	0.66901743	0.61929705	0.41465140	1.42266928	1.13671535	0.79426483	1.18665520	0.61428954	0.66117880	0.80973842	0.73631336	1.44483983	1.68155989	1.38595951	0.36532325	1.23426908	0.83327044	1.24201719	1.25574607	1.04583650	1.34757982	1.50097734	1.69272883	1.23787027	0.49293375	1.45992235	1.52345474	0.71091282	1.01739745	0.94057949	1.16782255	0.97909691	0.61680638	1.05192803	1.54072829	1.50834824	0.72694889	0.77954422	1.62884101	0.32796659	0.55961675	0.81400639	0.93662224	1.25290287	1.03298068	1.47061028	1.10066267	1.22429123	1.50221939	0.75967406	1.26275723	1.58630494	1.50427182	1.07952631	0.79385288	1.28201823	1.28218759	0.89124039	1.70772493	1.27608905	1.41718344	1.23373335	1.55136815	0.08633746	1.62885291	0.78731178	1.32648787	1.20501973	1.46266125	1.02314688	1.66680694	1.16812427	1.21650930	1.45269798	0.86305594	1.12741754	0.67968892	1.56138813	1.45581524	1.23868560	1.11175085	1.02214189	1.50495256	1.53933417	0.88234560	1.50075121	1.36153079	1.25886710	1.10901374	0.96586613	1.00704042	1.15016314	0.98101173	1.67416731	0.34431144	0.91799989	1.18970831	1.36471159	1.18261434	1.20905556	1.03393969	1.39136259	1.73351667	0.63262969	0.93591110	0.99809738	1.37927148	1.45659161	1.34591311	1.18836887	1.35230357	1.23854896	1.28636245	1.45358825	1.35886035	0.77936755	1.20971303	1.49611134	0.60772644	1.13500435	0.96137294	1.14861557	1.20019516	0.76515286	1.03281506	1.20348438	1.19769680	1.69988069	1.14360522	0.98057589	1.35923215	0.98576812	1.18103668	1.44030255	0.91491815	0.51238597	1.32684461	1.38575788	1.20286987	1.14429249	1.40642040	1.10308416	1.52938095	0.22904117	1.31318403	1.75109562	1.45570122	0.93298274	1.57741754	0.77898202	1.09430056	1.03870257	1.06168361	0.38116710	1.74776475	1.20546730	1.18122054	1.46390099	1.44621246	1.26858293	0.88134869	0.59709762	1.42383077	1.13456564	1.35062393	0.89064796	0.96624947	0.92046393	1.72070544	1.47070571	1.60465622	1.63991107	0.57305048	1.25879819	1.50548980	1.49135600	0.70218890	0.84780680	1.21288613	1.34372076	0.92773645	1.12665657	1.68501462	1.40513968	1.44162840	0.40717902	1.21467298	1.56479848	1.02763273	0.86951454	1.00436779	0.94508358	1.02781248	1.25309106	0.56192253	1.23155012	0.54307313	1.01673044	1.03229553	1.29702042	1.45212908	0.90329844	1.07646254	1.21691678	1.24538159	1.40610004	0.83396950	1.61233437	1.63884861	1.75630769	1.44198822	1.08940734	1.41757533	1.22636195	2.04106958	1.25974270	1.15772284	1.35935011	1.34024431	1.55225656	1.25268436	1.65743716
02_285	0.39080597	0.49984193	0.50190023	0.63132959	0.85919106	1.14127703	1.07594401	0.45162337	0.85436741	0.46884546	0.54077091	0.50948980	0.38176492	0.38465143	0.68930787	0.76497707	1.02257484	0.91718101	0.61188187	0.87286935	0.48556335	0.88062275	0.43299072	0.42299058	0.66470438	0.85193831	0.67815714	0.94545606	0.52870236	0.41811432	1.08241055	0.45258568	0.76882568	0.91539091	1.02680941	1.02395656	1.20671411	0.80887661	0.95605178	0.86527955	0.89594104	1.10070700	0.93505406	0.35235881	0.70909830	0.69713608	0.51047563	1.05036921	0.36270983	0.69523099	0.94536318	0.89634042	0.53473510	0.85550263	0.50933040	1.14741061	0.91227262	1.08367792	0.89680169	0.76876896	0.87331803	0.23992664	0.55865573	0.80157950	1.15205959	1.07819826	0.96248836	0.97973354	0.79134177	0.56335888	0.95670398	1.14559288	0.39119930	1.04660390	0.93615990	0.54735294	0.86762389	0.98341283	0.88682605	0.90637771	0.55015171	0.90696790	0.59846460	0.78005868	0.89034566	0.70432387	0.59585567	1.00043759	0.39209458	0.95934578	1.15261754	0.80773322	0.68956941	0.65040835	0.88495952	1.16109406	0.63492531	0.61282742	0.77510109	1.29698037	1.24593882	0.79349956	0.84887862	0.88889015	1.16395998	0.67436229	1.18903327	0.50081122	0.76239474	0.50381454	0.96182730	1.20739324	1.00073737	1.53644473	0.96436272	0.94228661	1.36351301	0.90966358	0.99676556	0.88747126	1.07507588	0.70432027	1.08160397	0.98183748	0.89571795	0.77874813	0.94612069	0.84397174	1.36720183	1.15528966	1.02371416	1.22835077	0.37222101	1.07068244	1.28992972	0.93241673	1.62202733	1.21768177	0.90537726	1.20505348	1.16926526	0.82348658	1.19491687	0.73619588	0.80730631	0.56346977	1.03394065	0.51632394	1.35721932	1.15357105	0.92869384	0.92286735	1.03286213	1.22870610	0.65392399	1.26602847	1.29956670	1.18806356	0.91646690	0.77311735	1.11094157	1.21008636	0.95884321	0.99404224	1.44367213	1.14642618	0.64321065	0.54205261	0.61626908	1.20445142	0.86873754	1.22337519	0.89705347	0.54960893	1.24027061	1.06613719	1.38392630	1.35312738	0.92594571	1.29660236	1.34560713	0.46747082	1.16472897	0.90432565	0.82780142	1.40775629	1.12126686	1.02604895	0.94774327	1.38608525	0.69553675	1.51700556	1.27839620	1.10479974	0.81479447	0.97252397	0.89899927	0.64382915	1.14520645	1.25755839	0.54558984	1.04830312	0.57986857	1.03485054	1.06499365	1.25068283	0.97683977	1.05889325	0.75959923	1.18659989	0.69813171	1.54355424	1.21944592	0.73487325	1.43694381	0.92623910	0.65084338	1.29393060	1.03137462	1.06584310	1.02503244	0.86785538	1.28141631	1.64530261	1.06672888	1.10490589	1.11943051	1.06774954	1.19901095	1.06248508	0.73822840	0.88711633	1.30109405	1.03510132	0.70468422	1.49578852	1.03464315	1.35955220	0.76144519	0.89895591	0.88659712	1.11544704	0.90532289	1.06974830	1.01515774	1.05815006	1.29139317	1.22962027	1.56735934	1.09836101	1.01751836	0.86045662	1.01936268	1.15997903	0.97135893	0.56743755	1.29873284	1.02622900	1.01121601	1.22125847	1.33655438	1.36439238	1.09595875	0.66925313	1.40792222	1.56894639	0.62728409	1.17972277	1.21192211	0.81303586	1.17032926	0.94005433	1.03231469	0.91652282	0.93647162	0.67009133	1.20135474	1.00954054	1.44087418	0.58977724	0.98822146	1.04127253	1.31748179	1.18680915	1.08224206	1.28505511	1.31297213	1.39215283	1.41611018	1.00149324	1.03285974	1.42870830	1.60333901	1.29010191	0.92113617	1.42185566	1.37553521	1.13868018	0.74778631	1.36180820
02_39	0.51052173	0.62766227	0.47809795	1.09186431	0.60270987	1.06061573	0.99691495	0.93149410	0.50296809	0.39126164	0.66201396	0.74388968	0.72976813	0.57692646	0.34325364	0.64070968	1.03638980	0.65789049	0.67125893	1.11840984	1.01461190	0.51807635	0.65191555	0.79398621	0.62976244	0.72221183	0.56779978	1.06548202	0.90422795	0.57201088	1.29296870	0.86568556	0.75673169	1.05030232	1.08459606	1.39567155	1.29034496	0.62794599	0.93223864	0.59057584	1.23757991	1.21524913	0.80481926	0.86690714	0.95223454	1.11007836	0.71091037	1.19443021	0.67513964	1.14599441	0.72396784	0.85953589	0.58843761	1.12479184	0.62751090	1.35202916	0.95208916	1.48935255	0.90197359	0.33739394	1.31680221	0.62403393	0.92753814	0.39689572	1.22850643	1.16648483	1.26187085	0.97577769	1.02549018	0.87666334	0.54028403	1.07221879	0.48878567	1.28978650	1.15511815	0.70322224	0.80158686	1.40451627	0.85039043	0.69424109	0.51348220	0.76302009	0.80423810	0.33453440	1.07973913	0.70443809	0.73083912	0.88022573	0.40492412	0.80646882	1.44034643	0.85907429	0.70706112	1.20425310	1.15885154	0.86592904	1.04541765	0.94891032	1.02959663	1.25339342	1.31127340	0.88253061	0.43060758	0.93619412	1.11232570	0.67411604	1.21736459	0.94309793	0.54936405	0.76530868	1.06566764	0.68049351	1.30418252	1.29910457	0.49654785	0.50488438	1.47954940	0.65786913	0.73022006	1.00452646	1.01049450	0.72202006	1.10103660	1.25672684	0.83639670	0.74377871	0.89013694	0.46702899	1.27558948	1.26705541	0.95620603	1.14940731	0.44398616	0.89007711	0.94834828	0.72664705	1.61945333	1.28372128	1.03641448	1.21581755	1.36108594	0.77031899	1.00057373	1.07266703	0.76161006	0.69323656	0.95155125	0.92681094	1.18270336	1.11715830	1.04499066	0.84946847	0.69404512	0.79622685	0.27973759	1.16084719	1.11127708	0.73666395	0.77969330	0.49747338	1.17751425	1.51363197	0.66353257	0.93501852	1.20921859	1.14471289	0.83415454	0.76767734	0.34633780	0.91566884	0.99504212	1.28329864	0.62863764	0.78552845	0.86077317	0.82480283	1.29804982	1.18111171	0.99924718	1.20392071	1.41761160	0.81120302	0.64857425	1.08801401	0.79118048	1.32889979	1.13473950	0.66690599	0.89671445	1.10992644	0.69523514	1.50416632	1.20028000	1.02142945	1.09036339	1.19436051	0.84251177	1.10967964	0.94181993	1.17525816	1.07729462	0.87079885	0.56184405	1.05510104	0.77485132	1.45009305	1.15475314	0.82427830	1.03603479	1.13483536	0.88369206	1.57062095	0.85787730	0.62718390	0.96535016	1.21737064	1.10074646	1.50334522	1.09725409	1.07442301	1.05406713	0.81289749	1.44051159	1.63581848	1.33903132	0.67403532	1.26739724	0.91894156	1.14275798	1.03830365	0.80946800	0.62249653	1.49628629	0.89569905	0.63582674	1.35997774	1.00094753	1.24209515	1.11385787	0.95907312	0.99653753	0.71873918	1.29987226	0.70791403	1.05149825	0.87741222	1.42441026	0.94145021	1.58577541	1.29102186	0.76992333	0.96944477	0.92267565	1.13871067	0.60970358	0.78408096	0.99856490	1.14634479	0.79445571	1.18088216	1.43047266	1.18692441	1.20606373	0.78333955	1.36531623	1.52594631	0.78357923	1.07493885	1.17224360	0.79830477	0.83337961	1.17884760	0.91195804	0.91362454	0.75701095	0.95942689	0.86777995	1.24256716	1.32650542	1.07145851	0.92234619	1.07472781	0.96236777	1.12284891	0.82658399	1.52955667	1.25345379	1.59020794	1.56809841	1.12093013	0.95237041	1.42591104	1.76187228	1.15867962	1.08827322	1.23763623	1.06273606	1.23251243	1.33493278	1.63191263
02_113	1.11485479	0.77233372	1.05012862	1.61943581	0.87769571	0.57391390	0.50079014	1.48789792	0.70254908	0.96293898	1.18899821	1.06223713	1.33067221	1.18032369	0.77370301	0.79177472	0.60680969	0.85317065	0.98760518	1.00935928	1.50948498	0.67110567	1.21976201	1.41734664	1.02480834	1.03481322	1.05207312	0.82455903	1.17515145	1.17590763	1.08790706	1.40240215	0.92691596	0.83712138	0.70146820	1.33025932	0.90591637	0.79828472	0.62505778	0.92034206	1.14418454	0.75323290	0.92485109	1.36243056	1.06882454	1.65877934	1.07055453	1.05915801	0.95568578	1.47337247	1.05196787	0.40452861	1.22578225	1.39546644	0.84963820	1.01950524	1.11901492	1.57732550	1.16907520	0.76506549	1.34643428	1.18047814	1.44209432	0.65294134	1.16238658	1.26064088	1.11559716	0.93489785	1.53552180	1.35505679	0.66567502	0.40594744	0.90549227	1.16095878	1.15297339	1.35253149	1.03320554	1.41338383	0.73201184	0.95770451	1.01051011	1.29507002	1.48011107	1.02102731	1.11291393	0.91724774	1.09662538	0.99454366	0.92367911	1.41518431	1.31896594	1.34092912	1.05755788	1.44557544	1.14809792	0.97946758	1.43436867	0.99301407	1.38602446	0.96461191	1.76417371	1.48199413	0.93488227	1.13075886	0.90745357	0.93345456	0.85673555	1.47951271	1.00825855	1.36601735	1.36504646	0.93437725	1.15669595	1.07608348	0.67626651	0.90406963	1.50817839	0.95846047	1.16820194	1.41044629	1.00635606	1.13330375	1.48282107	1.35285651	0.42643854	1.45939700	1.20896890	0.66328057	1.58944778	1.41885178	1.32524666	0.83396591	1.14606462	1.34504254	0.74635562	0.87921509	1.45199338	0.79441084	1.57380290	1.67293147	1.90643737	1.03817469	1.55076514	1.46958323	1.40515718	1.21023828	1.56139821	1.38862134	1.19946354	1.04829347	0.82455677	1.37367028	1.10570652	1.21523181	0.87053959	1.07657199	1.10332253	1.10567306	0.72677129	0.87201150	1.69573001	1.55417328	0.42197879	1.16583540	1.41546993	1.15655198	1.40313302	1.38047011	1.05052464	0.27832850	1.22236653	1.74538143	0.91915543	1.10470478	1.11619208	1.39966361	1.62773203	1.45893764	1.11693982	1.51321251	1.61478295	1.30599968	1.05390440	0.78729559	1.34462309	1.36828964	1.12060993	0.90377326	1.35056518	1.16129816	1.20590242	1.44916251	1.53559168	1.41379556	1.16838198	1.59910248	0.96488300	1.65854475	1.37431176	1.39140053	1.40360578	1.22392014	1.01483369	1.50220611	1.39949083	1.74895346	1.66456352	0.41417041	1.41584885	0.91555935	1.54510295	1.56594297	1.29958472	1.15051933	1.21695935	1.74628886	1.34760056	1.26980101	1.74758209	1.01485882	1.53665853	1.13530774	1.35973198	1.45341490	1.64666822	0.88817988	1.38471983	0.95735308	1.56794740	0.60273061	1.48938106	0.86427777	1.71849979	1.56625554	1.13635117	1.36844709	1.64370871	1.40319317	1.47726376	1.34374102	1.27122547	1.18306790	1.75321748	0.75789991	1.27866782	1.14478361	1.86046739	1.36026976	1.31565842	1.12560875	1.11854499	1.54620802	1.43013171	0.90867659	0.86128430	1.36195481	1.25401238	1.56701289	0.96339230	1.64240954	1.69883350	1.45023438	1.83212518	1.12696963	1.66938941	1.38110195	1.13400398	1.47435218	1.43299723	1.40467526	0.96167052	1.65109719	1.20515294	1.30121143	0.93335211	1.47556368	1.01630318	1.79734875	1.00869251	1.51197841	0.70212378	1.61377008	1.29632940	0.94108812	1.12530243	2.04782993	1.42212434	1.61672811	1.16344415	1.21861833	1.37519572	1.72442354	1.79376642	0.99850816	1.28421685	1.05839534	1.27187336	1.56537741	1.64884418	2.09804999
02_70	1.04643502	1.02980100	1.07093694	1.08303843	1.08052609	1.37663966	1.27249454	1.17478219	0.79808283	0.87459836	0.97940121	1.07858739	1.14947119	1.04247307	0.90082712	0.64991057	1.32175211	0.50799579	0.71792152	1.38400566	1.01330721	0.77927881	1.18171493	1.17429106	0.99523930	0.90171225	1.16295626	1.31962929	0.60394997	1.12068025	1.15669108	0.82354919	0.36351390	1.09330266	1.24809683	1.20867114	1.16078746	0.65793644	1.30644430	1.10532457	1.26833728	1.11038222	0.44836049	0.90909949	1.28613572	1.12231575	1.06253821	1.38360394	0.82501236	1.02810004	0.72759471	1.01929040	1.01056805	0.88461829	1.00335490	1.08413293	0.73121498	1.50146789	1.00298547	0.91149117	1.45131725	0.80167616	0.94852851	0.80102448	1.26235501	1.50638666	1.23386449	0.64592817	0.82134190	0.65108385	0.67679883	1.00979678	0.72958125	1.11485786	1.45341962	1.28226558	1.16810777	1.37208222	0.58651479	0.59263193	0.78792990	1.00300443	1.10757177	0.93338441	1.50797575	1.25094223	0.51173901	0.40630211	0.58376307	1.10762176	1.15549742	0.75760552	0.76910734	1.07917663	1.10838260	1.22275162	0.72329750	0.82005862	0.61158063	1.12023806	1.04495131	1.41116604	1.05155255	1.21542728	1.29909530	0.33076264	1.51396895	1.12525792	0.80803987	1.29215089	1.04162073	0.90604472	1.03209905	1.44314468	0.81420970	0.73704338	1.41232264	1.16831028	1.16263244	0.92114459	0.42282318	0.88391016	0.90979128	1.39565962	0.90180308	1.27432596	1.06588872	0.74462958	1.03517948	0.91985188	1.24061587	1.50969615	0.99006787	0.85146282	1.08251811	0.36482178	1.34377490	1.04327900	0.91959487	1.15751489	1.28874980	1.00749653	1.25259441	1.03084349	1.07761321	0.85682671	1.32184364	0.73395088	1.34031888	1.02932867	1.37380222	0.90068996	0.87880604	1.07315186	0.75194612	1.37772391	1.16274426	0.95636685	0.61678049	0.75346697	1.04259088	1.40634062	0.80883283	1.08840448	0.91107553	1.58415651	1.38404683	0.91479410	0.83201021	1.04387875	0.36813628	1.04894715	1.17067223	0.43183490	0.79542962	1.14188633	1.18819274	0.98261502	0.29746481	0.81723939	1.81335886	1.05271803	1.07275959	1.20492012	0.89910368	1.69207949	1.13725741	0.91757635	0.74074038	1.49802151	1.00251995	1.43083078	0.89044947	1.14568071	1.49448526	0.78661499	0.57103667	1.18683187	1.08811246	0.74644352	0.84579435	0.92159702	0.89339729	0.88045400	1.26347915	1.25588138	1.13735495	0.81478016	0.69597986	1.49726369	1.25818695	1.52336243	1.31736601	1.23959930	1.15963153	1.09570493	1.25423348	1.47262817	1.39778654	0.64601078	0.95196967	1.13483937	1.42797999	1.33500249	1.42899296	0.79868608	1.63596060	1.33572070	1.31694286	1.29520381	1.36635732	1.08200892	1.25458255	1.44473390	0.81220736	1.75953560	1.33970942	0.78439637	0.99104512	1.06523927	0.85723011	1.08358154	1.29491631	0.87917077	0.54012190	0.72015105	1.13835621	1.17478402	1.28311175	1.40000640	1.29077962	1.26058685	1.15185384	1.29088391	0.93208742	1.28973927	0.97212623	0.88178673	1.23304588	1.32234960	1.08648095	0.80672506	1.51978188	1.01253060	1.23167326	1.37208495	0.70460000	1.31593684	1.00498499	1.32108136	0.92588439	1.11621252	1.38090640	0.89925888	1.07121496	1.43363114	1.06096379	1.40000503	1.36620259	1.11948929	1.03598479	1.52871556	1.24001784	1.28379599	1.21645666	1.58648403	1.47757055	1.27720163	1.20431879	0.45845815	1.15962356	1.30789246	1.64515310	1.08642856	0.35321248	1.43620874	1.19328370	1.25055865	1.24787826	1.62349052
02_45	0.70256322	0.68991056	0.83440197	0.89682850	1.17476700	1.41585015	1.26401763	0.77857417	1.03451392	0.48007907	0.29618047	0.45728602	0.67738690	0.50757761	0.89150374	1.02772577	1.21712388	1.05644045	0.93852950	1.05623071	0.72551045	1.01833002	0.65197225	0.71795174	1.05203668	1.20200747	1.04064221	1.03930344	0.69553365	0.73604005	1.34423130	0.53070726	0.87579073	1.27357828	1.30602696	1.11510134	1.47246662	1.01424170	1.25711578	1.18793466	0.97767221	1.32464099	1.07398433	0.56142365	0.80782232	0.96577306	0.66185283	0.99857456	0.50635034	0.89625260	1.18943174	1.04614937	0.42011340	0.83591143	0.53179710	1.34679074	1.19335313	1.35021896	1.28289351	0.98119285	1.17591165	0.34903800	0.91317511	0.88837355	1.15302359	1.19388748	1.32582858	1.20026457	0.86776773	0.51478346	0.93899332	1.26571067	0.73785020	1.13518662	1.04852271	0.87630653	1.11102453	1.29280159	1.06736939	1.10609618	0.90444087	0.63772996	0.80364093	0.96557905	1.21973589	1.11567217	0.83534986	1.10567182	0.48430738	0.82449128	1.11118733	0.52250209	1.03916176	0.88940995	1.28920660	1.30155443	0.51774888	0.82874303	0.51306144	1.34646641	1.15039355	1.04397161	1.13656900	0.84520928	1.16324585	0.77163258	1.54148790	0.89301852	0.51037910	0.78782095	1.35401403	1.23850574	0.92753664	1.68728639	1.03177271	1.07442180	1.55324287	1.23910586	1.34939748	1.22646557	1.10446533	0.30429969	1.32983748	1.20024648	0.91746988	0.91083456	0.76588570	0.85296426	1.55539263	1.10758510	1.00815376	1.55381316	0.66084401	1.09732270	1.33585437	0.92584865	1.75009903	1.34747166	0.86669812	1.45593087	1.31681957	1.19712613	1.04665892	1.13116931	0.74454450	0.21777664	1.09572041	0.68254840	1.33479594	1.37896979	1.14071647	0.67866212	1.21195720	1.34237869	0.80055631	1.33328697	1.36288580	1.14862076	0.92008860	0.61353721	1.13689957	1.47014596	0.97111058	0.85905103	1.48983948	1.47014798	0.95761467	0.80925146	0.59084863	1.25240488	0.94097934	1.12497626	1.23877858	0.54185581	1.24944250	1.06125116	1.64561369	1.52031642	0.89832642	1.33125783	1.55036760	0.92623517	1.32162470	1.20806131	0.60455431	1.70438575	1.28319532	0.98313279	0.80981898	1.64702117	0.50282656	1.79136072	1.35057974	1.46745516	1.13425354	0.83314265	1.08009609	0.96156511	1.41030378	1.38548905	0.61569737	1.31813500	0.41079343	1.17382501	1.21461622	1.33065129	1.27088519	1.10713871	0.49990376	1.55086381	0.93845092	1.86164918	1.49695160	1.12327288	1.45375039	1.06175795	0.97986000	1.68123378	1.21415851	1.17547119	0.85977425	1.27334821	1.62155151	1.73295365	1.35565741	1.15112999	1.30048568	1.45272885	1.52741724	1.30946168	1.03382247	1.15376561	1.34512742	1.28716146	0.48653132	1.80118714	1.10518501	1.42609040	1.12781401	1.29595482	0.74778733	1.18228200	1.18404154	1.07496665	1.16031883	1.19587530	1.23646186	1.15833856	1.69437553	0.99603725	1.36738412	1.06146882	0.81490202	1.14491734	1.11413780	0.93037169	1.35113658	1.06559170	1.26561044	1.52730969	1.30768520	1.37624451	1.30769565	1.04359679	1.67529379	1.73250800	0.53970788	1.53160933	1.44387923	1.11730063	1.20506629	1.14498268	1.39194079	0.89313669	1.16236585	0.97618007	1.24920943	1.28444464	1.55141190	0.96436375	1.01757060	1.32341713	1.39231982	1.20631839	1.31099523	1.50229495	1.32280447	1.40153649	1.55655432	0.99054108	0.89912972	1.70353698	1.59176058	1.36321210	0.88131766	1.56478629	1.38919536	1.15077000	1.04435997	1.58722715
02_176	0.80998615	0.93756913	0.92173386	0.58995503	1.24580928	1.54701290	1.40951498	0.70993860	1.18817053	0.81639347	0.75751926	0.82354332	0.71990943	0.73174760	1.06947816	1.05805292	1.40705600	1.06614312	0.96715927	1.20654786	0.65393469	1.21436349	0.76876168	0.62929270	1.05958861	1.09981038	1.07939804	1.27083034	0.68854657	0.82434804	1.25930223	0.38985107	1.02527965	1.29978026	1.36830212	1.11841139	1.46231026	1.14005276	1.37992142	1.22720602	1.13388171	1.43256854	1.11924728	0.46065931	0.99024765	0.55574675	0.63335448	1.25296691	0.64310819	0.61060015	0.99021713	1.24398555	0.59602021	0.60297376	0.89106918	1.38287358	1.17314870	1.13408636	1.19281209	1.09013803	1.17209584	0.55744202	0.61337138	1.13981478	1.10070202	1.08498989	1.30180482	1.13498842	0.38112921	0.42364363	1.18481597	1.46381061	0.66358875	1.10436125	1.13824455	0.78884742	0.84833834	1.16115383	1.20233700	1.01115689	0.82661145	0.70893716	0.29838512	0.76877056	1.21967927	1.12937962	0.77409544	1.12620148	0.69342488	0.59437087	1.18608413	0.52797810	0.96058138	0.84334419	1.20248878	1.09691771	0.67104736	0.83788304	0.70025250	1.30603083	0.71625886	0.68298236	1.06270047	0.85705151	1.24694219	0.89827655	1.59998449	0.68791144	0.82478334	0.84210404	1.14661930	1.18587245	1.15939369	1.51315637	1.20574442	0.95308334	1.19493059	1.28832704	1.10500007	0.87080168	1.27574615	0.86484027	0.90503442	0.99140773	1.20433368	0.54534544	0.75523469	1.15369422	1.12682754	0.87356962	0.74393915	1.53559869	0.60100318	0.69114256	1.31593526	1.04629484	1.50601587	1.45633515	0.35332484	0.89761395	0.66637048	1.19636549	0.79159602	0.93608649	0.44843640	0.62869064	0.60064273	0.52075874	1.19525151	1.14368372	1.28197700	0.57453737	0.94974741	1.04975946	0.80484390	1.21983481	1.15607302	1.04055969	0.96154384	0.94863573	0.55600028	1.17167892	1.28376090	0.83169733	1.23087426	1.29069058	0.73894174	0.31963893	0.58646198	1.44583257	0.92511697	0.69435837	1.24210941	0.77638244	1.08712226	0.70882617	1.19777993	1.14308761	1.06643218	0.98259771	1.24146952	0.82716668	1.12375895	1.30436843	0.50659542	1.39203361	1.04328787	0.98081707	0.59982622	1.38109461	0.62921893	1.44554171	0.96130197	1.09153822	1.15592710	0.63642306	1.14833222	0.61998166	0.98429032	1.12638769	0.69324554	1.01797965	0.86807847	0.69664622	0.80302691	0.84532652	0.71633563	1.31170882	0.67086749	1.49459449	0.44487218	1.48525598	1.17947829	1.04922671	1.30615041	0.50122598	0.79527702	1.60498727	0.58844484	1.10304477	0.58243960	1.19688645	1.35665443	1.52900312	0.87124148	1.15317028	1.15084950	1.29277781	1.02301132	1.42431459	0.70612532	1.27597937	0.94266448	0.81071794	0.68110470	1.50637184	0.59984705	1.22884526	0.87480345	1.02422127	0.67334953	0.97738948	0.68810758	1.32249006	1.00113665	1.01343563	0.80741965	0.96810466	1.56216678	1.34226505	1.23338704	0.54128164	0.79066935	1.30309881	1.17557165	0.86483999	1.16569714	0.69368033	1.13009305	1.02780703	0.97330983	1.08220521	0.74778019	1.06348216	1.24068144	1.50293513	0.81979579	1.17013496	1.16696879	0.84137614	1.25456366	0.67759256	1.36193281	0.77979196	1.30636305	1.00624301	1.32944483	0.78284517	1.54242061	0.86207714	1.32172026	0.95938962	1.21919445	1.33791400	1.21685925	0.95178981	1.19455577	1.25664941	1.63520763	1.15207740	0.93613595	1.30643497	1.41688628	1.38299957	0.97923854	1.52514264	1.30429608	0.87500597	0.92912142	1.07161903
02_35	0.27346286	0.65700609	0.32727604	0.65219343	0.71082530	1.17831228	1.17156110	0.43296563	0.81861558	0.55640029	0.71252185	0.73232030	0.32673319	0.43679310	0.62753286	0.75704262	1.14215578	0.92108825	0.58422303	1.04420236	0.59669738	0.87171866	0.42033866	0.34450507	0.49663652	0.70493883	0.45794332	1.13315158	0.73938415	0.28112813	1.21148401	0.60871930	0.87883025	0.97231265	1.11483946	1.26955089	1.30643718	0.81015966	0.99095848	0.69250034	1.14815693	1.25336912	0.98092983	0.53076094	0.88849688	0.67764887	0.63532958	1.27854581	0.61343215	0.84543195	0.85066810	1.04467391	0.62460776	1.04960606	0.71789272	1.32955403	0.90573699	1.19822974	0.76089173	0.67103349	1.02083279	0.45213057	0.50881252	0.81336490	1.32657851	1.16097143	1.06129218	1.04465628	0.85818454	0.75483166	1.01480037	1.29874910	0.40928295	1.26429608	1.10380091	0.31386423	0.83863556	1.12130634	0.99065904	0.87284832	0.41016705	1.01233269	0.50328339	0.62542590	0.91070996	0.58174638	0.65220683	1.06118504	0.52934316	0.98033624	1.43043192	0.97813206	0.60463787	0.85412029	0.92844982	1.12966210	0.89312798	0.83686843	1.02912485	1.44673382	1.32750276	0.63738327	0.64252789	1.03847161	1.32307140	0.79582382	1.20136440	0.41803098	0.90216584	0.40071531	0.83507439	1.16406056	1.31087475	1.54416360	0.96607069	0.87436996	1.42590895	0.72783492	0.75419094	0.78166699	1.20230067	0.91910810	1.00851965	1.08558668	1.09802260	0.64530553	1.08753132	0.90513817	1.29838198	1.32209868	1.07662411	1.20897468	0.23965043	1.06015000	1.34101976	1.03603806	1.71042357	1.40422065	0.97952563	1.08515049	1.12725561	0.69743298	1.21289839	0.67370951	0.82878930	0.77418436	0.95409795	0.67045959	1.43937874	1.18692424	1.06018733	1.03085585	0.93181106	1.11453915	0.62556770	1.34575209	1.35429864	1.17570636	1.06157748	0.90260550	1.12321057	1.30080264	1.07481236	1.14375422	1.44716162	1.09599825	0.49795883	0.48412068	0.62803672	1.30643003	1.00654426	1.30651650	0.72237476	0.78167706	1.23408204	1.02478752	1.26575325	1.28978022	1.11293723	1.32409699	1.32164684	0.32777804	1.01780229	1.03869783	0.94127225	1.32722305	1.20275677	1.08391352	1.05831852	1.27673141	0.83926051	1.49788275	1.28845683	0.90187242	0.88295876	1.15334096	0.95342600	0.62130867	0.98140565	1.26855539	0.82117946	0.93163192	0.75578311	1.02210358	0.90280283	1.32898740	0.87494565	1.18619702	1.01851140	1.14351494	0.57657768	1.50094538	0.99810204	0.47763694	1.38979602	0.95753412	0.77131574	1.33503270	0.90058561	1.19789568	1.14197953	0.69017751	1.30517498	1.75941594	1.05589610	1.10286963	1.18299841	0.92551259	1.02267912	1.15229391	0.52024043	0.79704616	1.42360515	0.78478318	0.85928348	1.38783860	0.96220764	1.40388921	0.75912138	0.74668921	1.09180210	1.04837223	0.91409197	1.13121043	1.07113836	1.05757531	1.38487677	1.24575381	1.69413213	1.37713366	0.81810759	0.79330660	1.11819476	1.35126560	0.94538296	0.42218522	1.29275365	1.10847858	0.95223651	1.05812758	1.45948735	1.38512019	0.97151899	0.61389439	1.31030046	1.63547518	0.85323243	0.99028815	1.17689794	0.63083715	1.20649782	0.95427775	0.87380064	1.02943457	0.91432466	0.61655767	1.22394833	0.92597158	1.54858999	0.62426110	1.17037209	0.89699948	1.26596772	1.34911496	0.99630909	1.23879955	1.40192422	1.59186703	1.61528017	1.19360011	1.14237087	1.34550844	1.78109207	1.40369213	1.10946664	1.47083859	1.39154318	1.24512484	0.89765418	1.33729452
02_239	1.04662405	1.02824046	0.99177585	1.39823001	0.81823107	1.16757438	1.10388892	1.38091612	0.49600416	0.87395024	1.10524161	1.18649163	1.25538865	1.11344733	0.67169573	0.56466919	1.21746075	0.32003482	0.78135170	1.43600877	1.34493491	0.47092246	1.22000180	1.30584884	0.90205189	0.76389093	1.00825558	1.32172025	1.01329434	1.12071371	1.29442670	1.16462886	0.58719220	1.10232698	1.17995305	1.51213017	1.18594832	0.52967665	1.13835215	0.82459462	1.47048527	1.15953585	0.48810878	1.21039384	1.35904828	1.41245104	1.13206134	1.45142451	0.99900865	1.36716514	0.56595007	0.93098432	1.07927978	1.23391232	1.03277022	1.26097731	0.83187644	1.72507233	0.96074909	0.60741853	1.62806067	1.01706807	1.19244445	0.53018822	1.33523818	1.48981820	1.36509744	0.73302030	1.15764780	1.05593342	0.32255500	0.91422358	0.77345482	1.33497284	1.49494691	1.27154272	1.05138532	1.59145629	0.61834131	0.44086585	0.76331410	1.03106818	1.23047335	0.66997867	1.47326033	1.09423458	0.74956142	0.50723389	0.67772108	1.10796800	1.46540064	1.01886144	0.77956388	1.44766230	1.22981351	0.93867328	1.20266332	1.06945810	1.09675546	1.11720502	1.32072644	1.39184600	0.71826161	1.24146620	1.22410680	0.55957365	1.35187486	1.33015283	0.78318402	1.32660515	1.10726568	0.38515756	1.35727906	1.17936363	0.34788051	0.34105498	1.49531603	0.90480012	0.87168207	1.05261195	0.63317254	1.00977501	1.01909336	1.51929833	0.84262208	1.23373981	1.12267917	0.47769494	1.06727104	1.20366726	1.21153824	1.27489524	0.97205404	0.85045303	0.74370561	0.32676100	1.39411835	1.10071966	1.17696673	1.22515846	1.51988652	0.87726743	1.20755230	1.25225883	1.10128674	1.02415845	1.29587874	1.09952001	1.21722424	1.00102689	1.31164210	1.03957892	0.56610624	0.70768136	0.50990728	1.26493285	1.00820661	0.60596431	0.62543521	0.63684316	1.25562294	1.61425055	0.52682317	1.10087567	0.81132788	1.41623514	1.37349782	1.06246504	0.77856863	0.75448955	0.81206988	1.29990690	0.85344931	0.82899929	0.50341211	1.00981936	1.14503702	0.91485411	0.75013910	0.95155187	1.75476718	1.15668167	0.61626545	1.20060955	1.02233292	1.49450794	1.12263348	0.63530923	0.89781724	1.14722019	1.04441865	1.38608240	0.98047121	1.04910236	1.49113799	1.21457121	0.59064453	1.44297235	0.90707382	0.84109711	1.27727019	0.74152978	0.90941988	1.00641435	1.03900975	1.51949557	1.28458342	0.55042516	1.12645292	1.26301828	1.31272914	1.47899382	0.93991390	1.03908262	0.71178898	1.38160079	1.41803929	1.50989649	1.42129990	0.77717510	1.13669064	0.96460259	1.45292225	1.37557716	1.57259961	0.29225910	1.60384883	1.08228277	1.20858310	1.11361008	1.30166364	0.76717155	1.50615912	1.30167002	0.85515218	1.51873468	1.31115899	0.83158910	1.22945104	1.02981607	1.05715009	0.73621824	1.53489664	0.49035951	0.80278346	0.57510617	1.41279541	0.97494349	1.30910134	1.48293375	0.94647242	1.27297263	1.13824643	1.19972667	0.51189231	1.25477561	0.68494135	1.10520436	0.90801513	1.22661742	1.31125577	0.86979245	1.52371449	0.95873414	1.20308338	1.28905100	0.87538457	1.11283290	0.95595228	1.17458032	0.52633276	1.28678630	1.10044562	0.92177753	0.78887887	1.42882436	0.65847320	1.47974492	1.14925044	1.33546111	0.88141589	1.39798699	0.86098357	1.12227432	0.85432854	1.71328248	1.34368171	1.47982289	1.32927455	0.86851170	1.09351838	1.27278825	1.75244259	0.88295747	0.94343933	1.11880803	0.85425104	1.30401186	1.57960197	1.77133149
02_280	0.91618248	0.95830987	0.88760298	1.09371089	0.77796296	1.17817546	1.16740241	1.11109170	0.52577325	0.82855631	1.03612547	1.10837087	1.07539589	1.00044334	0.68115568	0.34961418	1.21327554	0.33261056	0.42983318	1.34647259	1.00347792	0.52649470	1.12251651	1.12813585	0.70624758	0.61106053	0.92219801	1.30108873	0.65456902	0.99247306	1.11750240	0.91890177	0.05838852	0.87571896	1.11507575	1.30770462	1.04199442	0.31208383	1.11515957	0.81124207	1.31666148	0.99585953	0.20772844	0.94911348	1.29563403	1.14388709	1.10110199	1.45689274	0.86180068	1.11284158	0.58523904	0.93546234	1.07645521	1.10959080	0.98986586	1.04198266	0.41898451	1.52157681	0.68658873	0.69152452	1.39532344	0.81085061	0.89173197	0.62321615	1.40861119	1.56418375	1.08266313	0.52089747	0.99296446	0.82795345	0.59211485	0.91420814	0.63268314	1.22159453	1.47170010	1.17969321	1.16627986	1.33794053	0.30514843	0.42048011	0.57974461	1.19550362	1.15395979	0.88592696	1.40046191	1.02656538	0.38149342	0.28502572	0.53765211	1.28991767	1.32659813	1.02740454	0.49259909	1.09053747	0.90944448	1.24731826	0.87978223	0.83243152	0.87800179	1.23096148	1.33756576	1.40823427	0.84797391	1.33633144	1.38072329	0.18112152	1.28845782	1.04377467	0.92571028	1.19175226	0.79950004	0.91683304	1.17511717	1.46037105	0.65875360	0.68833809	1.50248468	0.86857457	0.95471582	0.81715529	0.31608866	0.99581391	0.90586440	1.44076807	0.88446445	1.31290837	1.27063469	0.60948042	1.08382175	1.18963758	1.39228974	1.33066133	0.91782032	1.04020527	1.12329883	0.38784992	1.44864143	1.00968214	1.14519563	1.18807961	1.42506234	0.66234791	1.45672334	0.86564720	1.21597340	0.97756190	1.44468170	0.78447671	1.49451503	1.03554568	1.29179996	1.15568686	0.83587430	1.09931707	0.66308361	1.46751384	1.27802723	1.06059918	0.75165770	0.79094086	1.25945406	1.44461038	0.68908554	1.27479807	1.03822077	1.49133543	1.32915333	0.93396164	0.90322298	0.99531460	0.44626762	1.33192724	0.88376423	0.47578258	0.91389663	1.27318863	1.15185773	1.02559298	0.40106170	1.02230537	1.84649461	0.86440482	1.01522750	1.04998296	1.11803993	1.64143139	1.20679251	1.00735911	0.99848477	1.42094047	1.12703026	1.41519478	1.05142480	0.98832103	1.39684555	1.06875225	0.24567983	1.16220360	1.03299830	0.80559862	0.92168740	0.80039575	0.89597902	0.99242490	1.29016698	1.45621363	1.13812093	0.73652970	0.93084989	1.29244721	1.27454343	1.46918879	1.19180406	1.00762216	1.21004906	1.21815799	1.23185093	1.26840421	1.46229671	0.70130999	1.21079025	0.81697365	1.35170132	1.45586065	1.46893057	0.76093982	1.65318215	1.13599331	1.24855984	1.13873921	1.30422542	0.77992046	1.46392376	1.42530021	0.94107640	1.68823412	1.44056254	0.87760860	0.87027628	0.84584959	1.08476306	1.10858765	1.32506574	0.74528046	0.55078041	0.69380874	1.38741643	1.31614620	1.33479062	1.46236708	1.04661054	1.30106158	1.31678295	1.34082021	0.75430447	1.14127247	1.01888732	1.04616114	1.11358193	1.25760050	1.32174080	1.01956087	1.54710171	0.72306546	1.18357253	1.40123809	0.73335312	1.14796818	0.91266533	1.21551264	0.87069725	1.15866845	1.08739386	1.00129672	0.78258945	1.28870357	0.96509391	1.38309674	1.34397938	0.98116510	0.93970514	1.45723857	1.23236590	1.28973033	1.04620810	1.62577592	1.55748306	1.42990163	1.15479004	0.49931446	1.25833150	1.22769893	1.80381042	1.06245387	0.56457091	1.36914331	1.21613921	1.37918031	1.20222160	1.65349450
02_314	0.75749451	0.78464914	0.85582827	0.80631608	1.10452408	1.40124526	1.25279221	0.82859037	0.92336601	0.57346199	0.54042995	0.67822525	0.77293717	0.64995444	0.85176724	0.84556052	1.25377478	0.81112984	0.79699966	1.15528499	0.71473637	0.91649529	0.78643990	0.77745733	0.97107107	1.01943358	1.02765935	1.13452565	0.52876035	0.80896297	1.21610169	0.43620589	0.67961661	1.18480821	1.26084062	1.08096766	1.33605378	0.86462344	1.26258525	1.11129655	1.05365446	1.24511597	0.83391885	0.53356258	0.95167937	0.84664275	0.68873981	1.12541504	0.51278231	0.78312104	0.91533936	1.02272735	0.53379059	0.65806860	0.68884084	1.22957770	0.99330555	1.30682802	1.12358805	0.90023419	1.23146365	0.39782357	0.76576283	0.83279295	1.08796045	1.20712399	1.25711506	0.95657432	0.60207207	0.30218027	0.82065271	1.18610855	0.59279079	1.04555672	1.15034395	0.92653802	0.98297224	1.24606092	0.89945228	0.84117341	0.75225638	0.60288235	0.70561924	0.78845714	1.27828705	1.11259595	0.60328066	0.84067328	0.38036748	0.71515803	1.06343056	0.35070293	0.85859919	0.87222580	1.17111097	1.13781985	0.45250050	0.73244838	0.36845420	1.18777176	0.87797904	1.02081482	1.01181560	0.86973472	1.14685964	0.55707453	1.52186377	0.85298402	0.50860073	0.91083109	1.15724935	1.01645622	0.93795901	1.50427744	0.91472803	0.82704939	1.35945859	1.17557611	1.16458667	0.97345218	0.89652741	0.50930287	1.01797711	1.15731648	0.90299426	0.85831359	0.71822224	0.79608671	1.21675418	0.86843507	0.90965283	1.49981176	0.64369113	0.78400221	1.16367400	0.68750794	1.50401727	1.23088695	0.61622159	1.15562575	1.07937959	1.08246497	0.91690580	0.99186444	0.64405435	0.37081680	0.96065382	0.51021040	1.20543751	1.14474729	1.20385549	0.52692339	0.94091942	1.08307678	0.64700733	1.24069267	1.15455969	0.93004723	0.71463244	0.59013108	0.85360452	1.32989138	0.91860941	0.79149121	1.15681214	1.41940143	0.99189987	0.61983408	0.48938468	1.16904604	0.66869943	0.85963892	1.15941793	0.38970705	0.95573335	0.87295393	1.33140855	1.18391648	0.68121130	0.98103089	1.51564682	0.87350618	1.10180047	1.18804149	0.47508812	1.57814148	1.09584499	0.82589193	0.53453139	1.47489101	0.54680231	1.54715797	1.00892556	1.21762204	1.22057170	0.59622067	0.87614711	0.88861252	1.12706301	1.05005974	0.58976379	1.04165483	0.56270587	0.85582340	1.03384355	1.10596007	1.02468582	0.99200822	0.38943838	1.48461473	0.85994800	1.62240845	1.29083096	1.07978419	1.22218114	0.84840304	0.96726160	1.57668508	1.05855222	0.91599744	0.64885324	1.15726012	1.45592482	1.49365557	1.21294594	0.93643235	1.32283949	1.33074160	1.27687351	1.28701328	0.99978912	1.09773185	1.12839773	1.15729570	0.43970947	1.67362251	0.96945414	1.10070922	0.95487654	1.09518130	0.59127661	0.98259469	1.04288717	0.98808316	0.85424788	0.90519343	0.98102370	0.98503068	1.47746348	1.15343127	1.24933267	0.92320949	0.77167458	1.15064809	0.97963067	0.96914776	1.08181984	0.78531286	1.14491114	1.27552893	1.04213962	1.02697611	1.18110069	0.97006686	1.37018772	1.50159580	0.49773638	1.31502530	1.16679098	1.04241979	1.03040679	0.93355217	1.33084031	0.71529701	1.10281534	1.08470745	1.11683587	1.13829931	1.42523528	0.92293168	1.02300508	1.23964587	1.20032700	1.18221759	1.17836293	1.33814652	1.24910027	1.23952158	1.42682634	0.79334106	0.85909525	1.42339616	1.48830974	1.20121548	0.64861592	1.44707866	1.20280761	1.00620861	1.02897803	1.41739803
02_122	1.12006997	1.09826746	1.22268477	0.89893245	1.47216723	1.66233944	1.46466773	1.07297487	1.31383740	0.99789334	0.90420835	0.96616069	1.07172061	1.00726587	1.25695983	1.17537981	1.48754004	1.09756934	1.16087255	1.32028398	0.93853377	1.31777453	1.08026903	1.00900273	1.32742601	1.30374935	1.38038004	1.32261226	0.76394651	1.15265957	1.27756066	0.62133637	1.05903426	1.43060085	1.45329994	1.06825886	1.47949535	1.25322216	1.52986676	1.46358984	1.15664173	1.44636592	1.13763277	0.73305856	1.12401576	0.87653023	0.81116849	1.23356161	0.76638269	0.74372139	1.09015792	1.27318152	0.79208360	0.43568536	1.01446145	1.34950187	1.29690545	1.24992498	1.41903825	1.26951848	1.34889164	0.79043873	0.92168031	1.24685434	0.97300067	1.15263423	1.43370083	1.13940594	0.44421916	0.47480554	1.19019814	1.42742413	0.86820759	1.00921833	1.22562061	1.16949492	0.97261919	1.28061729	1.23110823	1.07424336	1.06968458	0.64290962	0.71654864	0.95113094	1.44097762	1.40099661	0.90085404	1.10288887	0.82988641	0.59068275	1.01067585	0.32260371	1.16351915	1.00470406	1.36563307	1.10921062	0.69214118	0.88440459	0.55454624	1.14228837	0.41419335	1.02758755	1.28676229	0.84722276	1.16675305	0.93444512	1.75615797	1.05290859	0.80762378	1.20069722	1.36897434	1.15701613	1.02658537	1.45127701	1.26181418	1.00331161	1.13813390	1.53500890	1.34229927	1.06740318	1.21872580	0.87769398	0.98729531	1.08251168	1.16678617	0.86019294	0.62652157	1.21247119	1.11162904	0.56984244	0.71124947	1.67043276	0.92212628	0.57645976	1.21817961	0.97869736	1.34095638	1.37459127	0.22559971	1.01063429	0.77708732	1.42695552	0.69857143	1.20568978	0.55670958	0.69026886	0.74844174	0.68757352	1.04399191	1.11758299	1.38959430	0.39724601	1.01411988	1.07181328	0.93626356	1.15374672	1.01960955	0.96155164	0.83023404	0.95282649	0.46041401	1.21138548	1.28491745	0.68207785	1.07619601	1.46189715	1.10506786	0.66713492	0.71823999	1.39659070	0.88201785	0.39354461	1.47879067	0.80747089	0.96893208	0.71692936	1.26483718	1.10592219	0.97783297	0.80198079	1.37381215	1.16328300	1.20931403	1.40652824	0.40304607	1.51000014	0.97874856	0.90294408	0.33982911	1.46912420	0.67045738	1.44235593	0.82441159	1.30102312	1.37850482	0.38061436	1.20250737	0.96960946	1.11173555	1.04908637	0.79170885	1.12943616	0.96901047	0.68785545	0.96844699	0.72785903	0.93314621	1.25892102	0.53928508	1.65559023	0.83236559	1.52733548	1.36138546	1.36588884	1.23597571	0.63491586	1.00934362	1.73071087	0.85842115	0.98488371	0.29597386	1.45660254	1.43112784	1.32745939	1.03479878	1.12973897	1.26736609	1.49269975	1.20747987	1.50265387	1.08341624	1.47190009	0.75072369	1.11803664	0.66611367	1.63473773	0.76501623	1.09071540	1.09572978	1.26193941	0.42399998	1.00615811	0.92132089	1.33487009	0.97528824	0.99551821	0.57708807	0.86923852	1.40642103	1.29239077	1.47150773	0.78846087	0.72427669	1.22070068	1.26236088	1.21843338	1.08206959	0.58885163	1.25576288	1.20482877	0.70344199	0.88787174	1.01695622	1.30573331	1.30263828	1.38978496	0.84217522	1.37870416	1.21121657	1.14946164	1.22104540	0.80900518	1.61777383	0.71628254	1.46297646	1.34418671	1.33518699	1.04579612	1.45845380	1.15494796	1.31572226	1.23325451	1.22350002	1.27614735	1.35663986	1.12349593	1.13196092	1.05009876	1.54055279	1.06854540	0.90048325	1.38294418	1.22660186	1.28881045	0.88537176	1.50473624	1.23516674	0.78825333	1.14765352	1.21340308
02_92	0.83974595	1.06729852	0.74963386	0.97021384	0.58423268	1.14858848	1.26717918	0.96111729	0.71812439	1.03421473	1.28372291	1.29399985	0.97920611	1.06045938	0.76469917	0.49007302	1.29560844	0.71168832	0.38085807	1.39005605	0.97412862	0.80024199	1.08237515	1.00098775	0.38172360	0.23406654	0.65390174	1.45333137	0.87604098	0.88263949	1.13826048	1.03939696	0.74153623	0.76607108	1.10904326	1.47653823	1.08562307	0.58981091	1.05288619	0.58248820	1.47424033	1.13671161	0.70783631	0.99770165	1.38112430	0.98459113	1.16131773	1.69041945	1.03798503	1.12371539	0.55945824	1.14759656	1.24198373	1.33815258	1.19717395	1.21124064	0.43020485	1.40843938	0.10414891	0.73489139	1.29316441	0.97177869	0.69506984	0.90757627	1.62093686	1.58119115	0.94876958	0.73251421	1.09696199	1.09057735	1.05884051	1.22486438	0.64051151	1.42362904	1.53828747	0.96432345	1.09562721	1.23481458	0.73932045	0.61121067	0.40317459	1.50826096	1.05265374	0.86438479	1.22772755	0.75313176	0.57157503	0.80078327	0.84098478	1.47485867	1.64407954	1.39394180	0.26048988	1.10016566	0.67817628	1.29047022	1.20124644	0.98970883	1.32492694	1.50391217	1.57094740	1.20576207	0.66203314	1.51638056	1.61517858	0.75546269	1.11674979	0.80261075	1.31885336	1.05440885	0.25793439	1.17638859	1.54326182	1.52572981	0.98087009	0.85266236	1.48766003	0.60156013	0.55665435	0.51165001	0.98383638	1.39699355	0.78541735	1.38959975	1.25538223	1.23016800	1.54996260	1.01339624	1.05017820	1.48932585	1.51707577	1.17114263	0.86677384	1.21118397	1.38728005	0.98527488	1.59121014	1.30310635	1.31465489	0.98219616	1.32888165	0.30580071	1.66022151	0.52517293	1.35013833	1.29751135	1.41938920	0.91148646	1.70415796	1.06476188	1.32841016	1.47037412	0.86793041	1.14897862	0.83216167	1.59406050	1.45966968	1.33809790	1.15315299	1.21833730	1.35203121	1.35287376	1.13102291	1.55864514	1.30022250	1.27792016	1.11555439	0.85043431	1.09351459	1.32623641	0.89539987	1.56728366	0.62441923	0.94031890	1.21803782	1.38582556	0.95534834	1.05579986	1.04278882	1.26149289	1.69678551	0.55565728	1.01253282	1.05583302	1.40936227	1.41793832	1.29328059	1.31647519	1.34119341	1.26369819	1.38245052	1.28591632	1.22629398	0.52060616	1.26209619	1.40490292	0.66241782	0.96606174	0.82639465	1.00616024	1.12153206	0.66516239	1.21766478	1.04920837	1.20428301	1.51542944	0.89559761	1.16360532	1.34995555	1.06615905	1.11521064	1.25036008	0.93371106	0.66911728	1.42666127	1.20437232	1.12502378	1.03714315	1.29803664	1.05468630	1.50357461	0.34820704	1.16409678	1.66915730	1.26503717	1.08312064	1.59700924	0.79537283	0.90997998	1.18652572	1.06591334	0.73381003	1.60008721	1.15416334	1.29436604	1.43380294	1.41595345	1.18926608	0.64199139	0.38578600	1.42844622	1.22780833	1.14864537	1.15897311	0.82387516	0.90951106	1.59599811	1.54618344	1.54564072	1.77099978	0.73282819	1.19576678	1.59618352	1.62544580	0.93900599	0.93071084	1.25933349	1.24034896	1.05040933	0.96074244	1.58206273	1.30181320	1.35135471	0.54239751	0.99811304	1.50896170	1.13745602	0.77421716	0.89751148	0.99285821	1.20640600	1.10887919	0.78682366	1.28077319	0.85121757	1.12179492	1.24948148	1.16543751	1.55185905	0.80501859	1.30516965	1.22240661	1.35838177	1.56454609	1.00552630	1.44943699	1.72156526	1.70308278	1.43623152	1.09083155	1.54293844	1.04578400	2.01644924	1.37191969	1.08287342	1.49501846	1.46804363	1.54422644	1.10920310	1.48284847
02_116	1.09063827	1.06203239	1.16959705	1.10038731	1.37591353	1.59759873	1.39446814	1.18477597	1.18105299	0.89965539	0.84687930	0.95087224	1.10785085	0.98188034	1.13053519	1.12386792	1.44263979	0.99586366	1.15780095	1.35539149	1.10300590	1.17323214	1.07209491	1.07721261	1.29341024	1.26685985	1.31871314	1.30458831	0.90604844	1.12964934	1.37873179	0.78459522	1.01997858	1.46146343	1.45114696	1.24279055	1.51603491	1.16797793	1.47896053	1.36212946	1.25699107	1.46924590	1.07870198	0.88671042	1.14779562	1.08477348	0.83689733	1.22463300	0.81052763	0.98894792	1.03199275	1.21144874	0.72454238	0.68831294	0.95419986	1.42821497	1.30687863	1.45185416	1.42106240	1.13255365	1.48702217	0.81969456	1.06595933	1.08961776	1.00043003	1.17145036	1.53424057	1.14871152	0.68146327	0.63863354	0.99210985	1.35787881	0.87009712	1.12836029	1.25197110	1.16971151	0.94942042	1.45384212	1.18536819	0.99600120	1.05063383	0.42823701	0.81358749	0.80802021	1.47199877	1.36102244	0.93184313	1.04702674	0.75680318	0.43734513	1.14390014	0.29612855	1.15918366	1.21465712	1.45656373	0.97637449	0.85074130	0.99260538	0.66365766	1.11923514	0.59793427	1.06132926	1.16514316	0.81407205	1.08790273	0.88772255	1.73094042	1.18357832	0.58813498	1.20351273	1.42857744	0.91712299	1.12819550	1.35962514	1.05628499	0.83555783	1.25724745	1.44330441	1.26337725	1.16016821	1.15825177	0.75274757	1.06411509	1.21864106	1.06777188	0.82427066	0.53255236	1.03072850	1.14800972	0.72097262	0.64583699	1.61948499	0.87702828	0.50224071	1.03638038	0.83663994	1.39325252	1.37219310	0.45690737	1.10746307	1.00272643	1.38203554	0.50527205	1.32788053	0.44941811	0.61335088	0.73484679	0.83854118	0.93457740	1.14350769	1.36660512	0.25575732	0.87278594	0.88550932	0.76991177	1.09738664	0.92130284	0.67923883	0.74261657	0.73105143	0.64351706	1.40598225	1.10490396	0.56019256	0.97187135	1.44805503	1.13048214	0.76201958	0.56785174	1.24270943	0.92860066	0.54744883	1.36935150	0.82260653	0.76954877	0.52283468	1.29068297	1.08186358	0.96176463	0.81103103	1.41841831	1.21921139	1.02423174	1.41949307	0.24782619	1.49674721	0.99597426	0.63925028	0.16936658	1.36340865	0.52876379	1.49980430	0.82909120	1.31807762	1.41280611	0.59667647	1.14242865	1.14683474	1.06744476	1.04767028	0.97497574	1.07062608	0.82750954	0.74919289	0.83429179	0.97598023	1.07348085	1.09933681	0.63116951	1.60945833	0.89448205	1.59402103	1.23212576	1.29255488	0.97411358	0.86378902	1.14798665	1.80530742	0.92141521	0.97825144	0.26191987	1.40886466	1.52183241	1.34944111	1.22415956	0.89823303	1.29097311	1.45065373	1.22461557	1.43235897	1.06724839	1.33486457	0.95541263	1.08648341	0.46271214	1.60728101	0.72413846	1.03780806	1.22782536	1.27868800	0.41616623	0.76369490	1.13611693	1.10970972	1.01087780	0.88547201	0.73562864	0.59572634	1.41678141	1.25507196	1.35421934	0.81774347	0.49566459	1.10553192	1.06177903	1.19450091	0.88016318	0.66473202	1.11588764	1.21068918	0.79193204	0.84703028	1.06134073	1.26527080	1.33089045	1.36665762	0.75435297	1.33301847	1.18086016	1.07903014	0.98411854	0.92434847	1.51142744	0.57090583	1.31583824	1.32615903	1.09318854	1.13295291	1.33458194	1.25701967	1.15726122	1.18666191	0.98199261	1.12291962	1.18383768	1.25380883	0.98796679	1.11796754	1.56390015	1.06513939	0.67712764	1.39726065	1.26385001	1.13548874	0.96657124	1.34152606	0.98269159	0.75462788	1.34240568	1.35250448
02_162	0.99639017	0.57679218	1.01103031	1.41071555	1.08677735	0.87796710	0.62295879	1.30055413	0.90055807	0.76229463	0.85696392	0.70419285	1.13431417	0.94836222	0.85211827	0.94500049	0.67117008	0.95326630	1.06892968	0.80597977	1.30779342	0.86951695	0.99027821	1.19341717	1.13518979	1.18740079	1.11358347	0.60572378	1.00955475	1.04471544	1.07667287	1.12120495	0.97188262	1.02999548	0.83554940	1.07172370	1.08079869	0.97383229	0.81084749	1.10534638	0.86241233	0.91657943	1.03919227	1.09645158	0.74281840	1.44176939	0.71370959	0.66504795	0.65106142	1.20649667	1.11632904	0.46522971	0.86289912	1.03115556	0.52959360	1.05749490	1.26622109	1.36963990	1.33804604	0.87454739	1.19012065	0.92807327	1.30540171	0.75594249	0.76674697	0.90162526	1.18581871	1.03972634	1.25397107	1.05628934	0.72685094	0.67183338	0.79642956	0.90760034	0.81088524	1.18187663	0.81455622	1.27824809	0.91397988	1.02982164	1.02649600	0.83644942	1.18746499	0.89425953	1.01866552	0.98287618	1.04889994	1.07423078	0.74968168	0.98609006	0.99370294	0.91822186	1.13569807	1.25006833	1.23581475	0.80216599	1.15466127	0.81291378	1.05826360	0.79229211	1.39732659	1.20328095	1.01761884	0.63972496	0.52525623	0.90036382	1.10176709	1.33160724	0.63122816	1.17541955	1.47151610	0.91266061	0.85507574	1.05401701	0.77834722	0.88281728	1.30184533	1.16780582	1.24887097	1.38830047	1.10160239	0.75858989	1.41959097	1.07894909	0.26931268	1.13366307	0.70103962	0.71147079	1.53951428	1.08019288	0.87279442	1.02178673	0.93488535	1.08173764	0.67384194	0.84580469	1.36964948	0.87065929	1.20434702	1.55300754	1.62601590	1.21309703	1.10960973	1.44967153	0.98443797	0.80999897	1.19363464	1.16329409	0.83118136	1.02418754	0.69958879	0.93563151	1.05209800	1.11223977	0.74455204	0.77634039	0.86865385	0.89205379	0.52485736	0.60565090	1.37412391	1.39222965	0.55240878	0.64443108	1.33219524	1.07471727	1.15502183	1.13926520	0.74066009	0.52010245	1.14300426	1.36529287	1.09172048	0.93451770	1.01007624	1.04076793	1.61506237	1.42091783	1.05129003	1.34315145	1.32178716	1.24674050	1.05593925	0.85211183	0.89898922	1.28276116	0.90242398	0.59392075	0.97273210	1.16059324	0.73672714	1.45772273	1.36050809	1.46868903	0.99962034	1.24635163	1.07596006	1.44592858	1.33209667	1.36168424	1.14726281	1.23753816	0.71222497	1.29367548	1.15897219	1.43119861	1.50163068	0.54384064	1.05635769	1.08721269	1.24206838	1.58216266	1.30595526	1.16340614	1.11205091	1.44951178	1.09349019	1.44238179	1.43338181	0.96036343	1.10354323	1.27553240	1.34976233	1.33430465	1.40902323	0.86734257	1.04984287	1.11355922	1.49097383	0.73162186	1.25124023	1.03379124	1.37585468	1.35829894	0.72652625	1.34874953	1.26739504	1.34984773	1.40626406	1.37522620	0.81354610	0.97664205	1.49876069	0.81481159	1.25191326	1.09058638	1.49698114	0.99418310	1.27082812	0.71081647	1.20388777	1.22117787	0.95774718	0.52146590	0.89300657	1.19741072	1.13124881	1.27694899	0.88593907	1.54293544	1.36780298	1.31442360	1.52301028	1.16103083	1.64767689	1.30646188	0.85863797	1.47627487	1.41230068	1.21423147	0.90872416	1.39437112	1.31043797	0.95988312	1.04911539	1.28894293	0.97458261	1.54728641	0.93074227	1.38443463	0.60092687	1.38114772	1.13709974	0.64471648	1.10104176	1.76048310	1.01978764	1.30071340	1.21590006	1.16164112	0.95786513	1.69495091	1.39609738	0.91369885	1.17594583	0.99107206	1.09804545	1.16071361	1.45865660	1.83048848
02_177	1.28286069	0.83941513	1.36452888	1.28340963	1.57872815	1.20554459	0.93861729	1.28986360	1.47988913	1.18174636	1.11431554	0.82860131	1.25638639	1.18776415	1.40169384	1.34224158	0.88446115	1.42032382	1.36940157	0.61209901	1.22918842	1.47656555	1.16812074	1.24877368	1.48668445	1.54577844	1.49986735	0.60483184	0.97496682	1.30340672	0.86138098	1.08499104	1.32937734	1.14114420	0.93390421	0.45952189	1.10183499	1.44978317	1.10167917	1.59624950	0.34435953	0.95826730	1.43406339	1.02126254	0.63908786	1.30696801	0.71670285	0.46421347	0.69355186	0.88523849	1.47733530	0.82769672	1.10225370	0.73595712	0.82471897	0.90678658	1.53800086	0.83688747	1.62292248	1.44209441	0.79694770	1.08367292	1.29644787	1.38783927	0.43249353	0.67384519	1.04577862	1.25488812	1.17709014	1.04988311	1.40262279	1.02970790	1.02926895	0.42744156	0.52533442	1.35881475	0.91608026	0.83859988	1.28201591	1.43242939	1.34166660	1.13064875	1.20040179	1.33430808	0.96080878	1.27466644	1.26106516	1.44361817	1.12216252	1.18959615	0.41726655	1.03131588	1.42600213	0.94355050	1.20763468	1.12875950	1.09470684	0.65434842	1.06927726	0.79171634	1.31304558	1.22588302	1.51347309	0.58984121	0.60727014	1.24925817	1.27826886	1.30845291	1.12460676	1.33518875	1.63303879	1.52688031	0.42818163	1.27023958	1.46089269	1.39359753	0.98851800	1.64695657	1.62847405	1.47898223	1.47966683	1.10698177	1.51615026	0.62424431	0.79077510	1.28020882	0.80274446	1.37337233	1.67456096	0.87173972	0.90101033	1.24369177	1.20092896	1.27720671	1.17950553	1.32581152	1.25046610	0.92905645	1.15185824	1.58832431	1.45894760	1.58327436	1.31176825	1.47686124	1.14287712	1.03458343	1.25344205	1.13918924	0.93937662	1.07130862	0.74075749	1.10325880	1.46363479	1.55072085	1.25118495	0.79427261	1.03914910	1.42441427	0.87427086	1.20225219	1.31230984	0.94550513	1.25393099	0.74985414	1.63028602	1.09817484	1.19999900	1.18490038	1.13241326	1.14580804	1.30163614	1.29741154	1.57490537	1.13355397	1.46623046	1.30339850	1.76231435	1.63839773	1.30337035	1.47881147	1.08843984	1.37162471	1.58083302	0.88215579	1.07174796	1.29067187	0.82177357	1.14325015	1.13892896	1.45059693	0.97276417	1.40395093	1.48711237	1.67687984	0.88320455	1.15231328	1.45599015	1.32489683	1.58842586	1.56430821	0.97691730	1.54518517	1.14284190	1.36256083	1.45133339	1.09143768	1.46483178	1.15566741	1.05607040	1.29930284	1.24702327	1.51535634	1.70959305	1.52527047	1.65525182	1.29178486	0.78314014	1.36951324	1.41761056	1.11215253	1.14447984	1.62305592	1.16938661	1.24278296	1.07764730	1.46932086	0.79357006	1.38807657	1.60666232	1.01048706	1.38932578	1.57938015	1.02121567	1.52916132	1.07967622	1.42395664	1.34151391	1.59530292	1.38051258	1.56882786	0.78214956	1.44407894	1.24345472	1.49955283	1.42793214	1.44089757	1.37481282	1.34993317	1.22356282	0.56549807	1.63317655	1.22122550	1.20349231	0.70432177	1.48694574	1.38494609	1.54949781	1.28312055	1.26884831	1.67063373	1.25558048	1.52707706	1.49811700	1.46291476	1.77017993	1.32670682	1.13251125	1.72408573	1.62762942	1.44213569	1.48921220	1.32376550	1.72171323	1.17603154	1.57403889	1.43116366	1.57099271	1.48882929	1.17271517	1.37646593	1.11064257	1.50038540	1.60722786	0.94930569	1.56492229	1.59582331	1.12622737	1.04099907	1.17383202	1.37430599	1.25956882	1.81866158	1.05302762	1.26955581	1.28439287	1.34190568	1.57329956	1.11490040	1.18831462	1.64002648
02_234	0.55414215	0.57994416	0.62203313	1.09326871	0.88968128	1.22247777	1.10769262	0.89078761	0.73602753	0.19053536	0.31718956	0.50449856	0.68573839	0.43832564	0.56413210	0.86336770	1.08975887	0.88397777	0.82744481	1.07525390	0.93216850	0.70990268	0.59467379	0.77740492	0.86301920	1.03010201	0.80144560	1.00533500	0.86301417	0.60617095	1.39616080	0.77290647	0.79680421	1.20072048	1.21560142	1.32368591	1.43539938	0.80360311	1.07967002	0.90160677	1.12399785	1.28790113	0.95577328	0.78298793	0.84956385	1.14994957	0.70657950	1.05015596	0.59579886	1.13414375	1.05061773	0.91622699	0.41532613	1.08140139	0.44227289	1.39815055	1.11464550	1.52404864	1.15188015	0.65583255	1.29673605	0.46239857	1.01605272	0.54137550	1.23516841	1.22136236	1.35375079	1.15177502	1.06381266	0.76953163	0.63657877	1.14010729	0.66798493	1.27712969	1.09971900	0.79645293	1.04615199	1.43765075	0.95235128	0.96154919	0.76588733	0.64301451	0.89389841	0.75110763	1.17017376	0.92515657	0.83201222	1.01632331	0.35890142	0.83715984	1.32521010	0.71420532	0.92924326	1.12662641	1.29685685	1.15609045	0.83866257	0.94396411	0.81118965	1.34633896	1.33919426	1.03871468	0.85462786	0.89369941	1.12658086	0.70722050	1.39214560	0.98883839	0.34090063	0.73845904	1.30178316	0.98504403	1.13107014	1.56588705	0.70283207	0.86106664	1.64201089	0.95409074	1.14362689	1.23605733	1.03203096	0.30740152	1.34742766	1.31741030	0.79879034	0.88364897	0.82842351	0.51434404	1.54917937	1.28240691	1.03781216	1.38510080	0.55298348	1.09551123	1.16105290	0.79812322	1.79045136	1.33129484	1.05639381	1.48742550	1.48767308	1.00943293	1.05227626	1.18546538	0.78667192	0.38487249	1.11582442	0.88256791	1.30104036	1.35251490	1.07011963	0.77894311	1.05013843	1.16265010	0.56332133	1.29305477	1.30938648	0.96177129	0.86549841	0.34203760	1.28485598	1.61584778	0.69121856	0.90222243	1.43300783	1.37637303	0.94046639	0.89077826	0.43914475	1.03396644	1.01202620	1.30772753	0.95773900	0.64484144	1.10969929	1.00577266	1.61098876	1.47226268	0.93743618	1.37274137	1.57060868	0.91167004	1.07190896	1.15877696	0.70755387	1.62082572	1.30142022	0.81164973	0.90145570	1.47355641	0.53802645	1.77856696	1.38705725	1.37475028	1.12412982	1.09922934	0.96565859	1.13314577	1.30936724	1.37627115	0.91405087	1.20300077	0.19422996	1.23705105	1.09162803	1.53077932	1.35405300	0.90976019	0.80907466	1.38759336	1.00117322	1.85283237	1.28585672	0.90595130	1.24485121	1.26864185	1.12078940	1.66290512	1.27555372	1.18406756	1.01802196	1.08865885	1.64412252	1.77597363	1.48693428	0.91594294	1.33287040	1.26960651	1.47887471	1.16126655	0.98277477	0.85188860	1.54733552	1.20074817	0.46839650	1.68274668	1.13847619	1.40854542	1.21798618	1.22558777	0.91614342	0.99948488	1.37358403	0.77827391	1.18221331	1.10384003	1.44087427	1.07181075	1.71657547	1.07236826	1.12622134	1.11735560	0.83649101	1.10178122	0.84155907	0.85626799	1.22606812	1.20339294	1.08057985	1.48928375	1.47050020	1.37522931	1.36682828	0.91650221	1.65489391	1.72046660	0.59031027	1.41518269	1.40095612	1.01514261	0.99265650	1.27673158	1.16134131	0.92343416	0.90360354	0.93686702	1.01196056	1.37629156	1.45622682	1.06908475	0.85976486	1.27432910	1.21072460	1.12257036	1.09404970	1.64483366	1.30863324	1.57012824	1.59081601	1.04902193	0.87661445	1.68613510	1.74629591	1.26422359	1.01292612	1.41557030	1.23146325	1.25779690	1.27103320	1.73936945
02_225	1.15811784	1.15145376	1.23142718	0.97436132	1.38466422	1.62808593	1.45506189	1.16661112	1.17273137	1.01113405	0.99049124	1.08676777	1.16709143	1.08749978	1.18341867	1.01560811	1.50199477	0.88126352	1.03862810	1.42650865	0.99755755	1.17082728	1.19322274	1.12864698	1.25649471	1.17362356	1.36336389	1.39919503	0.69979882	1.20891548	1.24506852	0.70055121	0.84888236	1.35893351	1.43448315	1.14315501	1.38420925	1.08152835	1.52268176	1.38295333	1.26317255	1.36730749	0.90030328	0.82885067	1.26851039	0.96508306	0.96282861	1.35955632	0.83738828	0.85163222	0.91553064	1.23763568	0.92046741	0.56110885	1.08577121	1.26779210	1.10691927	1.37869347	1.29277650	1.18399872	1.46004447	0.83632253	0.92977078	1.13768018	1.08826075	1.33731657	1.40769454	0.94385759	0.48338222	0.49094934	1.03026132	1.31689381	0.84070024	1.05090981	1.38605107	1.27372745	1.05587649	1.35165562	1.03814403	0.87250403	0.99130353	0.76851266	0.88024998	0.93108406	1.54785065	1.41575261	0.75073878	0.84220934	0.76824158	0.77160146	1.06188386	0.43184737	1.03713655	1.06849854	1.30342700	1.13116339	0.68666726	0.88276736	0.50388483	1.10151471	0.48621076	1.21689637	1.22549137	1.02951627	1.24354689	0.74118212	1.73712450	1.11670703	0.81330644	1.30864320	1.24829446	1.01240330	1.05252438	1.41802484	1.12250143	0.86145554	1.19531095	1.45720134	1.27285214	0.96603712	0.95335547	0.91641967	0.84861183	1.23794566	1.11717126	1.04105786	0.80021615	1.08844316	0.93904946	0.57193778	0.91439328	1.66466238	0.98778518	0.51435618	1.13717888	0.74307188	1.25662536	1.26711401	0.42037248	0.95553004	0.88726891	1.31541022	0.86560469	1.15092224	0.75305407	0.77888143	0.95881167	0.67405848	1.12459481	1.03864841	1.45982464	0.54318533	0.89037978	0.98900319	0.86877004	1.24115246	1.00758466	0.87718722	0.71337736	0.89532327	0.54864671	1.27535534	1.15870500	0.83065703	0.84711599	1.55190416	1.27065899	0.73692089	0.76420062	1.29753800	0.64192733	0.48601036	1.41203816	0.67901070	0.78253739	0.81863621	1.12692171	0.91956010	0.72991793	0.58449431	1.57743752	1.16399438	1.11876980	1.39359604	0.56555294	1.58675462	0.99894352	0.86613254	0.31455698	1.46596934	0.82078041	1.38242882	0.64617064	1.20354500	1.50499860	0.37062234	0.98890971	1.06436553	1.02230408	0.79740188	0.82556921	0.98715254	0.98951271	0.59936863	1.04249473	0.84632936	0.93856780	1.11834479	0.53580619	1.64627764	1.01251322	1.47486920	1.31398150	1.36623278	1.12290182	0.73818199	1.14818416	1.67112913	1.04187947	0.78937744	0.45707283	1.37185458	1.42222490	1.23713061	1.17883216	0.96493728	1.46048391	1.46696928	1.18627332	1.48348151	1.22228504	1.38013229	0.84927431	1.23953213	0.70742731	1.69323224	0.96367620	0.82730341	1.04145495	1.17410981	0.53003872	0.97405922	1.04434150	1.18905574	0.72754728	0.79888925	0.63008531	0.90891297	1.29465427	1.39743952	1.42467016	0.95564303	0.86515613	1.27321452	1.14525747	1.29871076	0.92773955	0.53340346	1.25252894	1.17661531	0.67515306	0.64956311	1.19124505	1.23625176	1.16885569	1.30866588	0.78961164	1.31764793	1.04617896	1.22814078	1.07518675	0.85203118	1.56979645	0.70574451	1.35979361	1.44422394	1.21433502	1.15042290	1.40733853	1.16850844	1.25264904	1.34942387	1.16540175	1.29262958	1.29824337	1.24903092	1.24350542	1.05369734	1.41204221	0.82851753	0.97289494	1.25978859	1.33830566	1.17526059	0.65280728	1.46803590	1.14723162	0.90665777	1.21377183	1.31164839
02_91	0.78219708	0.79348958	0.68313533	1.28731478	0.42348076	0.87968630	0.92598648	1.16337430	0.15808382	0.71036134	1.01175811	1.03769809	1.02876805	0.92201382	0.34436590	0.35440956	0.98682154	0.44980449	0.50743234	1.22608852	1.18315068	0.17377847	1.00438049	1.11704583	0.54120164	0.54482423	0.65535309	1.15181624	0.94010468	0.85296426	1.19847744	1.11616101	0.52113007	0.81865912	0.96407033	1.45360477	1.06135200	0.24470930	0.82517551	0.45858523	1.33681880	0.98641659	0.52795130	1.09822533	1.19098040	1.32933159	1.04390222	1.36998194	0.88808366	1.31403668	0.65228465	0.76629735	1.03294089	1.33204722	0.85925694	1.16387342	0.65891902	1.60504759	0.68523445	0.33071670	1.39107921	0.88455417	1.06478441	0.30513643	1.41517588	1.45326841	1.11512976	0.73889014	1.25574081	1.08813918	0.42252181	0.81431006	0.62681916	1.33544333	1.35871145	1.04778775	1.05093882	1.42302983	0.46556508	0.53461880	0.55023534	1.19588798	1.20010147	0.72926372	1.21267043	0.73821184	0.67116806	0.63846177	0.57176887	1.29029503	1.49379501	1.19058821	0.56094357	1.28531539	0.98010228	1.08293702	1.17651087	0.96334493	1.18046931	1.25982484	1.58951463	1.31133322	0.54506654	1.27087480	1.26494210	0.53010681	1.03053262	1.12914488	0.87959382	1.07270675	0.92327501	0.78088902	1.32887904	1.33566745	0.34700321	0.60177934	1.58731782	0.52660864	0.76687688	1.01036676	0.70054817	1.00016397	1.13207773	1.44818921	0.76473188	1.23459201	1.27307847	0.36139189	1.29863403	1.42120733	1.35413044	1.05210274	0.81649462	1.16156818	0.98122282	0.58144886	1.58270875	1.05927132	1.35035692	1.35595619	1.63399939	0.51000577	1.45565850	1.04735065	1.21922329	1.02150651	1.42409515	1.04726785	1.43036684	1.09058411	1.09160161	1.25375453	0.79293992	1.01358594	0.50406150	1.36463299	1.25013811	0.98265554	0.81747554	0.69274182	1.47227317	1.57504935	0.43729214	1.26058498	1.21200616	1.27664446	1.20512233	1.04164525	0.84142218	0.78165947	0.88496820	1.56675723	0.50896420	0.77515570	0.95817381	1.23994102	1.29827968	1.19223878	0.82776496	1.28849541	1.72693237	0.87902576	0.82823713	0.93481361	1.19596471	1.47439875	1.22565972	0.89383969	1.16688075	1.20293112	1.09603267	1.46901127	1.28749767	1.02097506	1.22950411	1.38183849	0.49902021	1.30801668	1.04743411	1.09356654	1.17596624	0.83684722	0.80758745	1.20264818	1.17869734	1.67030653	1.30935046	0.58702271	1.20045883	1.01916032	1.26893125	1.51859821	0.99742903	0.74038016	1.09878011	1.44742532	1.25825872	1.26306675	1.48613713	0.92769516	1.37206092	0.63576618	1.37768358	1.58914560	1.54898616	0.64518038	1.52390417	0.88744726	1.26112717	0.88787902	1.18659821	0.37317576	1.67520540	1.31190146	0.95157012	1.48967834	1.42987832	1.14370905	1.08503413	0.88362224	1.22131515	0.97966146	1.48745631	0.50730352	0.92768455	0.81161496	1.64760471	1.26345099	1.44969302	1.39064690	0.74336257	1.30474444	1.30415474	1.21380810	0.48405174	0.99993286	1.03379631	1.28917346	0.86176376	1.29079407	1.56627580	1.26089223	1.54892999	0.62467094	1.33542472	1.45053288	0.84145662	1.08076862	1.05761863	1.06470172	0.74643133	1.32921028	0.78328035	1.07467920	0.47143022	1.14777506	0.77681154	1.45277844	1.22663132	1.10170938	0.76008180	1.33398672	1.09436229	1.13895395	0.80443798	1.74466140	1.46477324	1.61424261	1.28567541	0.91574390	1.21681357	1.36197321	1.88852263	1.01336007	1.01828050	1.17163035	1.12179460	1.44530113	1.38559909	1.79548917
02_42	0.55053738	0.39833091	0.60060140	0.93373565	0.90972551	0.95483448	0.84338751	0.75182037	0.95897617	0.62099597	0.71073121	0.51656492	0.59419779	0.56334103	0.76697758	0.92365432	0.80877826	1.06134715	0.88442520	0.65943719	0.88421697	0.99037011	0.46926865	0.60826327	0.82273735	0.97752012	0.72414001	0.72709119	0.86424250	0.54932453	1.04917571	0.79362372	1.06424482	0.93845338	0.86664105	1.04435402	1.17871048	1.00705014	0.75987381	0.89620765	0.83108082	1.08837357	1.15168593	0.69339769	0.50358829	0.94240999	0.28259579	0.84980710	0.44656054	0.85782766	1.02730474	0.77228436	0.58847128	0.94058133	0.46320632	1.18893851	1.17954467	1.01729847	1.08263444	0.79935980	0.82337104	0.63117563	0.85064780	0.88443215	0.92487779	0.68664098	1.00182465	1.11137447	0.99057425	0.88297506	1.04073673	1.10090961	0.50224674	0.99216113	0.63931782	0.54869874	0.51360927	0.97954414	1.07508781	1.03464991	0.73187171	0.87154389	0.63669039	0.66332894	0.59164554	0.56233613	0.90510861	1.21626065	0.66270238	0.84873223	1.17202698	0.93499263	0.91068205	0.92059209	0.99741677	0.82855684	1.03379708	0.71852758	1.09344101	1.14224303	1.32091292	0.53490137	0.78463391	0.60766046	0.87181288	0.96301518	1.01090754	0.77833710	0.80696259	0.59617223	1.16450776	1.12947437	1.08239059	1.24571661	0.99353132	0.92028721	1.18968279	0.94560134	0.93261916	1.06423470	1.34338622	0.86345884	1.20021479	0.76293546	0.82926823	0.60120979	0.79026169	0.94523265	1.42901599	1.17418522	0.74119583	0.94857081	0.43363052	1.03492230	1.08127818	1.10272850	1.52453657	1.20646275	0.99999950	1.24011469	1.23610476	0.98337746	1.04959850	1.04496853	0.72230676	0.73794200	0.81760768	0.88432176	1.05779107	1.04428469	0.64947411	0.94130711	0.98335993	1.08760381	0.66763244	0.92042890	1.06537552	1.07796547	0.89079204	0.84611646	1.15885412	1.15089480	0.98767834	0.79989907	1.47371237	0.73741021	0.42506472	0.68041082	0.59343113	1.07194291	1.17956162	1.28688303	0.86108017	0.93670049	1.20977755	0.89551598	1.41801659	1.37936676	1.23813750	1.37951649	0.92867890	0.75060154	1.02260017	0.81825594	0.84916775	1.02047937	0.91862530	0.87237924	1.01279791	1.05142706	0.64699518	1.37894351	1.34238380	1.13979106	0.53158917	1.19918161	1.13869249	0.90044053	1.09389514	1.39375939	0.93022796	1.07721305	0.72092854	1.11173128	0.83859576	1.23631414	1.07652339	1.03598525	1.06069345	0.92984590	0.62831010	1.42062074	1.04933866	0.69928007	1.30308986	1.08140463	0.59485174	1.29128590	0.91448106	1.15290702	1.06700033	0.96235496	1.15809620	1.55375036	0.94594109	1.09012502	0.71320898	0.84649435	1.11482453	0.85459636	0.59282835	0.93419902	1.27718747	0.80752653	0.77254063	1.10821241	0.87397397	1.48010307	1.03648268	1.02129921	0.89959864	0.95895696	1.00288067	1.12411148	1.24952722	1.12921273	1.38713783	1.06561356	1.50348197	0.97978200	0.90743290	0.73035890	0.94920399	0.92520523	0.96842412	0.60900091	1.26268548	1.15575753	0.74535915	1.17775011	1.38466903	1.42597019	0.97983782	0.87030533	1.45112822	1.43764068	0.88732892	1.13611949	1.30783237	0.68040124	1.15640354	1.04430359	1.01193296	0.95379410	1.01539759	0.73140520	1.17775820	1.03295135	1.24266886	0.93101287	0.97124032	0.85099861	1.17548179	0.98543955	0.98196927	1.29508490	1.05306557	1.40031953	1.47712364	1.32909462	0.98498041	1.48701598	1.46546755	1.22184015	1.27128552	1.18858824	1.27669153	1.05435206	1.03794988	1.39737956
02_36	1.16465383	1.19165856	1.17379273	1.14534169	1.19644681	1.48166516	1.35279384	1.29472677	1.02088052	1.07971579	1.18463969	1.25081417	1.25036505	1.18619272	1.07213988	0.88124733	1.45306595	0.70614129	0.98789106	1.48883182	1.21437115	1.03953890	1.25391018	1.21676007	1.13131021	0.95721593	1.23492022	1.45246031	0.92538096	1.21638727	1.23271953	0.96722569	0.89036386	1.27635011	1.34442398	1.35587707	1.29516513	0.97606568	1.40261055	1.17515390	1.44053659	1.34562020	0.81480569	1.04841693	1.37457114	1.10173002	1.02959368	1.49527440	0.98083993	1.06120545	0.60714984	1.19755540	1.05034857	0.86834272	1.18524181	1.30694713	1.02923188	1.47187137	1.13069117	1.01341340	1.55890114	1.01938296	0.99491869	1.04758295	1.15087637	1.32258143	1.40152030	0.83329229	0.71034181	0.84135288	0.94031271	1.25879007	0.79218322	1.18355827	1.45597206	1.24903848	0.85955816	1.43220139	0.99011092	0.63785544	0.87801518	0.90587709	0.91956770	0.65189606	1.50145604	1.27355973	0.77477330	0.76846705	0.84153897	0.80650881	1.32080356	0.78748440	0.91679206	1.30155508	1.25553331	0.81702313	1.08613046	1.00903783	0.97038715	1.04599046	0.72669266	1.14487997	0.95293380	1.10530702	1.23011000	0.79379761	1.58386158	1.19540727	0.91967529	1.35047558	1.10621119	0.66584357	1.33622216	1.11060514	0.94683189	0.51444683	1.10005850	1.25834071	0.91783704	0.83097753	0.99599316	1.14527731	0.63280518	1.27556377	1.13824555	0.97305714	0.92774948	1.03055858	0.62302435	0.78344552	0.87753735	1.44764439	0.96309353	0.19718434	0.87939535	0.70490971	1.12143458	1.26037800	0.65799948	0.69892915	0.92250260	1.15238778	0.84805181	1.16753803	0.79273485	1.01758181	0.85640003	0.90426172	1.00384563	0.82383832	1.43645052	0.76126115	0.44144245	0.50102469	0.70236177	1.12334552	0.76936297	0.57666949	0.68722823	0.93781368	0.61735419	1.30116350	1.09427977	0.90593427	0.50910426	1.34831668	1.23184582	0.74562245	0.75403902	1.16565667	0.79199531	0.70953786	1.17049702	0.91830602	0.40258948	0.61804814	0.76831897	0.52082557	0.91552000	0.41867904	1.46440230	1.15850317	0.68391971	1.35507425	0.76484606	1.29688162	0.85679164	0.68631563	0.50774527	1.06189185	0.95489419	1.11367856	0.41913590	0.87977610	1.49665225	0.83598807	0.91315618	1.18342508	0.57633426	0.59371268	1.15279970	0.60826178	1.11228141	0.43455979	0.71209263	0.95463864	0.83135591	1.01242449	0.97877020	1.41191978	0.98467256	1.19770186	0.86251675	1.17813902	0.72227224	0.88345057	1.22200140	1.56887954	0.92727062	0.73624516	0.69589482	1.16361922	1.26782227	1.12320046	1.14525027	0.67838412	1.42025681	1.17379480	0.82211254	1.35658864	1.11153791	1.19540624	0.97243040	0.98832161	0.84508334	1.37320856	0.86138968	0.64392754	1.06237504	0.96108335	0.77437111	0.61842108	1.11727787	1.06730069	0.69599897	0.50110501	0.83399582	0.71849262	1.18372030	1.57012357	1.10745431	0.85790490	0.95021726	1.27379215	0.91042856	1.25504013	0.56620679	0.62589923	0.95182393	0.83315439	0.79097873	0.42292476	1.07351061	1.14416437	0.84137723	1.08118843	0.96983882	0.95491205	0.78367518	1.04137206	0.84713235	0.85133818	1.33482181	0.71839131	1.20166468	1.45312698	0.99700219	1.07842042	1.22271259	1.25745688	1.23622850	1.15133871	0.81063619	1.23347929	0.99757456	1.21018573	1.14342321	1.17655647	1.43350277	1.01587137	1.00516570	0.97027079	1.41131066	1.01122254	0.94831733	1.21315616	0.87189998	0.92000964	1.40773036	1.28366971
02_275	0.96476832	0.88412373	1.07220499	0.85035218	1.30481313	1.46773409	1.31426498	0.91817126	1.12056969	0.80631557	0.72486785	0.76993026	0.93765354	0.84988605	1.07915631	0.98118471	1.28200232	0.99336006	0.91254103	1.14136786	0.71755241	1.10683106	0.97453583	0.94569756	1.14523021	1.20024729	1.24070213	1.13319986	0.44770211	1.01453951	1.14781465	0.52731766	0.74832115	1.18069795	1.27389377	0.90524015	1.29368020	1.01046613	1.34166248	1.33186261	0.93267242	1.17273219	0.94069608	0.59477080	0.98825215	0.92288276	0.84082166	1.10530511	0.58683000	0.74001601	1.13387708	1.05968200	0.80972522	0.63457702	0.80632991	1.10690045	1.05732524	1.23436991	1.25060287	1.14592527	1.15518961	0.57532236	0.86708729	1.04158137	1.11754755	1.31315676	1.18585127	0.99788723	0.73177783	0.39357802	1.03143491	1.18097796	0.78087566	0.94514390	1.18287737	1.15454790	1.18919581	1.15511382	0.93735627	1.04203519	0.95474873	0.90886257	0.95361861	1.13148788	1.34528195	1.27845612	0.72396562	0.93974469	0.63548448	1.04213156	0.88452294	0.58759437	1.01064572	0.72464325	1.15190490	1.38480587	0.30484266	0.66784689	0.27835494	1.21234005	1.02139626	1.26585270	1.29281747	1.00731177	1.22936835	0.67933082	1.57459181	0.94718010	0.80404745	1.10173365	1.25567069	1.31587324	0.71339328	1.65866171	1.16369852	1.12467735	1.40782750	1.37997132	1.43857761	1.10728255	0.91469356	0.69051147	1.17928566	1.17139401	0.94328810	1.17954255	0.91112314	1.00505217	1.38843522	0.87873957	1.15047612	1.60745421	0.93264175	1.06420160	1.35561052	0.86104507	1.52224511	1.16258985	0.82509885	1.35089254	1.22741943	1.24418632	1.23712809	1.04073708	0.98576133	0.62101743	1.26009984	0.57675438	1.37701016	1.22900159	1.24959728	0.80523568	1.24758538	1.41477755	0.97232879	1.36942181	1.33354560	1.26365534	0.82317839	0.86393246	1.04814906	1.27900153	1.06504884	0.98440013	1.36352952	1.57181601	1.21347638	0.86544372	0.84551952	1.27201058	0.68402513	1.02700350	1.39388044	0.42876154	1.22665763	1.23020542	1.52550972	1.38616194	0.66324200	1.14867584	1.66559461	1.01074236	1.42464623	1.18151726	0.78680996	1.75600169	1.20306552	1.12136161	0.81165041	1.71841646	0.83707412	1.62955749	1.20125255	1.42385078	1.28760814	0.63608585	0.98622176	0.97839011	1.40084232	1.18461597	0.43583899	1.28860233	0.79742298	1.07356896	1.39595009	1.14658190	1.19990515	1.10979547	0.38857220	1.60932348	1.12724828	1.71491877	1.61463076	1.33834636	1.54255309	0.98018455	1.00368119	1.54161982	1.34313003	0.95995977	0.89217786	1.35305027	1.48875823	1.52069780	1.29262925	1.22184923	1.44329376	1.50669533	1.52360676	1.36402413	1.29551841	1.32337373	1.16162122	1.47882639	0.76703914	1.85642129	1.29657307	1.24366399	1.00998962	1.28207081	0.73576562	1.34307634	1.12818594	1.21324522	0.93298587	1.14227931	1.11549615	1.32234786	1.48599409	1.12289991	1.52749273	1.20469957	1.08462905	1.24340358	1.26073644	1.20625090	1.36767183	0.96777756	1.41236410	1.53533911	1.14677526	1.20083079	1.46192918	1.14537871	1.55464379	1.60101374	0.68010499	1.57956792	1.35798000	1.35672697	1.29849445	1.11410574	1.57273046	0.98813852	1.32034158	1.28332798	1.39420085	1.36010362	1.55129163	0.99583229	1.14237299	1.53827124	1.53891925	1.32541644	1.47802905	1.52375570	1.48021831	1.24519149	1.33096325	0.75327740	1.15779046	1.61070118	1.54115771	1.35725127	0.52375996	1.64561927	1.50320438	1.21686275	0.95809791	1.57189233
02_169	0.37964897	0.67595473	0.22774284	1.05538240	0.36434777	0.98568648	1.05996998	0.79804348	0.56452291	0.57523439	0.85973917	0.87582568	0.62511787	0.61337866	0.35152825	0.66188356	1.04889702	0.85405166	0.56295879	1.12039730	0.95517236	0.62151059	0.61964621	0.72223733	0.32016160	0.60770205	0.17723438	1.14834439	0.98180246	0.40891371	1.31814284	0.97532111	0.86002770	0.92312336	1.06206841	1.49039852	1.29410210	0.64112714	0.82885390	0.34417255	1.31014082	1.21985778	0.93409552	0.90499338	1.02631231	1.09347072	0.87080751	1.36534567	0.82179714	1.20549865	0.85794914	0.96450343	0.83214199	1.36054827	0.76434270	1.38484423	0.87571131	1.47379170	0.68433152	0.40366983	1.21044488	0.71265609	0.86498964	0.58651199	1.48939090	1.32926148	1.12756569	1.06268134	1.21386331	1.06598870	0.84811978	1.18314737	0.56671123	1.44212870	1.22936376	0.55974135	0.97716808	1.33634519	0.89579799	0.84225186	0.45269898	1.17916182	0.91745642	0.66576445	0.97050931	0.41600460	0.77772735	1.04347817	0.60082727	1.21068950	1.62149934	1.22531652	0.59970859	1.15985852	0.99138785	1.16148353	1.16801451	1.01647360	1.26611067	1.51510759	1.64043983	0.94508711	0.44645965	1.21289641	1.36978838	0.81369709	1.04050126	0.80105961	0.94974602	0.59765420	0.89831876	1.07983601	1.46484362	1.54007182	0.74011426	0.83710024	1.63900210	0.38153377	0.67095104	0.98305861	1.15096959	1.00161970	1.20356382	1.33227528	1.02888864	0.92950827	1.28260199	0.70421820	1.45518848	1.57010523	1.29262747	1.07488562	0.47835327	1.26301669	1.28491071	0.99769340	1.83081751	1.38357708	1.31580778	1.33503818	1.51035500	0.48508210	1.41788612	0.89041786	1.08371063	0.95144437	1.24461415	0.97820746	1.54621988	1.27990174	1.03793464	1.26775746	0.94437947	1.13952243	0.57340011	1.43806780	1.43693214	1.18069997	1.11641647	0.85049239	1.45644818	1.55249259	0.86960214	1.30499431	1.51604011	1.12875865	0.77692923	0.85302610	0.77220056	1.15753251	1.12830204	1.61099888	0.37500245	0.90510952	1.25779180	1.19954073	1.39363475	1.39729922	1.16097838	1.50315359	1.52219234	0.54247488	0.95402090	0.99491084	1.17633278	1.39622306	1.33817091	1.08150829	1.26843971	1.24137091	1.00974357	1.60457257	1.46697401	0.98717159	0.96538779	1.44667654	0.86919374	1.01915639	1.07974160	1.36811163	1.11230401	0.95959820	0.75979971	1.25914052	1.04350699	1.66766008	1.18389718	1.03628483	1.25557715	1.00483298	0.94382798	1.60674103	0.94954593	0.26679248	1.33981100	1.33068786	1.04770892	1.32477658	1.23538807	1.25851125	1.40137111	0.48966714	1.41495724	1.86284908	1.38364417	0.99210040	1.34202494	0.82972224	1.17744754	1.00884285	0.76909765	0.41191612	1.72194135	1.00634826	0.97211293	1.41990459	1.23569689	1.46967203	0.98702977	0.80169940	1.30343586	1.05367695	1.28516687	0.90116761	1.18003217	1.07503515	1.68640211	1.33390515	1.74782067	1.42312410	0.59732335	1.08459062	1.26947011	1.34620629	0.73046611	0.52794682	1.28925490	1.35104149	0.86135803	1.20858677	1.69662722	1.52678144	1.26820849	0.47580624	1.43016749	1.68694241	0.91727790	1.00357837	1.22098460	0.72795784	1.07182950	1.23471004	0.57907103	1.14719295	0.59831209	0.68474335	1.04579221	1.21044214	1.48082155	0.84992534	1.00942888	1.03133954	1.21605068	1.29402561	0.83142899	1.54607822	1.47770283	1.76293562	1.60404706	1.23585066	1.21574167	1.43769477	1.96120195	1.32793699	1.25862413	1.36052108	1.33252700	1.43890567	1.19047740	1.62720994
02_111	0.89751763	0.85109954	0.87175302	1.35764343	0.81779813	1.15165630	1.06444356	1.26162442	0.48225654	0.63118100	0.84329212	0.95286442	1.10281429	0.90953757	0.55324113	0.65522730	1.12880963	0.53769954	0.78413113	1.30646553	1.23888079	0.41601507	1.04459681	1.18263919	0.89228748	0.89707572	0.94364206	1.17537509	0.96269024	0.97126545	1.35773614	1.06660667	0.57226749	1.13610443	1.18388354	1.45631905	1.28064204	0.55193635	1.09218961	0.83884406	1.34116072	1.17212878	0.63088571	1.10343085	1.18996724	1.39999831	1.02575295	1.27843023	0.86503326	1.34410043	0.82508192	0.85909611	0.88635184	1.21976699	0.80201043	1.29705203	0.93138583	1.71886847	1.05893551	0.56754152	1.54314120	0.84076213	1.19521037	0.35718529	1.31742708	1.44395997	1.37835582	0.90478148	1.19308790	0.97253725	0.14706395	0.90974049	0.76167501	1.32484294	1.36915440	1.16714978	1.12416286	1.58198861	0.66578979	0.67991559	0.78959983	0.89159119	1.20252426	0.76011585	1.40097442	1.05226402	0.78204342	0.67628996	0.51304955	1.06300568	1.39962489	0.91128609	0.85378558	1.36468565	1.28257236	1.08143409	1.06077070	1.02887479	0.95902170	1.20437983	1.39512199	1.36561056	0.79807981	1.13994390	1.16998769	0.53042766	1.36036286	1.27331116	0.54845397	1.16588007	1.23667549	0.64645110	1.22935545	1.37737048	0.32083943	0.60476921	1.63477285	0.90950560	1.05451083	1.20462936	0.67230087	0.71011740	1.24070038	1.51159447	0.70938716	1.19942673	1.03220305	0.20806282	1.35767829	1.27023382	1.21102816	1.33166283	0.87162378	1.02641934	0.89748203	0.40449623	1.60045771	1.13793814	1.20213609	1.44656713	1.62281158	0.92194379	1.20266484	1.27847182	1.04845973	0.79458666	1.33380135	1.05008367	1.28086230	1.19973915	1.21025566	0.96612752	0.84146417	0.97500796	0.50454078	1.31034031	1.17165492	0.75735317	0.68094042	0.35612335	1.36093324	1.68972556	0.33948935	1.03696623	1.11857152	1.46691904	1.30162232	1.08094893	0.67944026	0.75772781	0.86205395	1.36808395	0.89102897	0.69047384	0.79632052	1.08012415	1.43704451	1.23208424	0.72050096	1.18374857	1.78100420	1.10938481	0.86832475	1.16546903	0.93160689	1.63495713	1.24661908	0.67312728	0.91855982	1.35426974	0.87567858	1.62814537	1.21574294	1.27774904	1.39212232	1.19223022	0.67723965	1.40750487	1.17777952	1.10876531	1.15303618	1.00786050	0.61600024	1.18214347	1.15874505	1.61567546	1.41862792	0.55002271	0.98292034	1.33505784	1.29893652	1.71975965	1.17003433	1.02580105	0.95494803	1.42730003	1.36989366	1.59248595	1.48656965	0.93362318	1.12884410	1.03320368	1.59553735	1.56730643	1.64893021	0.53256405	1.56461751	1.21308408	1.43403801	1.09450386	1.27652055	0.73340290	1.59536203	1.38332590	0.67936026	1.67337411	1.34510438	1.09287340	1.27946479	1.17209800	1.00862334	0.88296462	1.57029180	0.37882060	0.97239444	0.82770587	1.48766616	1.04025560	1.48386756	1.27230952	1.05512803	1.31334491	1.03317784	1.11221392	0.57435905	1.15657120	0.93606200	1.19454520	1.00850982	1.44208237	1.42063985	1.13132127	1.57850198	0.93095899	1.48133534	1.50316784	0.68847220	1.32216966	1.18769679	1.18836367	0.64343336	1.36213233	1.12763394	0.92041667	0.74473996	1.28400421	0.71210919	1.53913350	1.24642695	1.27260725	0.72365691	1.44000342	1.02563660	1.06288048	0.95684274	1.79383865	1.35143511	1.52632589	1.38199453	0.84181487	0.99001565	1.52099244	1.77904216	0.98648451	0.91741910	1.22287222	0.99095101	1.33051338	1.50813315	1.85969837
02_103	1.32566667	1.04971175	1.29637298	1.46874418	1.14870763	0.96408625	0.84065192	1.53183841	0.91647824	1.19660691	1.36280921	1.26798302	1.47562775	1.37761086	1.06981283	0.73964692	0.96723684	0.68639334	0.97147979	1.20380383	1.43456179	0.90711128	1.43662608	1.50557551	1.16515743	1.00663473	1.31866828	1.08821603	0.94610496	1.39238530	0.78788248	1.28089590	0.76965099	0.82194242	0.82170333	1.09152744	0.65021133	0.84295216	0.99309324	1.17502652	1.15121811	0.64671907	0.69101325	1.28245085	1.27192993	1.48423231	1.14082847	1.23233002	0.97434722	1.22690914	0.82663555	0.66785173	1.35347772	1.06697821	1.10793673	0.67675520	0.93223210	1.39447954	1.12937449	1.03536413	1.36269106	1.22056898	1.29020787	0.96389384	1.00143879	1.31766649	1.00497236	0.50574962	1.21956359	1.15285891	0.83743570	0.46561235	0.87955594	0.86316384	1.29479332	1.52958846	0.98366836	1.22967813	0.56447446	0.73078011	1.02470352	1.30846182	1.41789738	1.06439300	1.33928725	1.19294831	0.88923321	0.67109740	0.96263362	1.37225024	1.01759974	1.18803934	0.97704064	1.29344439	0.97931964	0.92800590	1.25402945	0.79032075	1.16304571	0.59270093	1.36424693	1.54574840	1.11660643	1.17419875	0.95820291	0.76775461	1.10661459	1.44856599	1.11456574	1.57080225	1.19088683	0.89707825	0.97153578	0.88485932	0.88430208	0.80759754	1.09993442	1.24080023	1.17237022	1.12683590	0.73634115	1.26943624	1.07310166	1.23566744	0.62582908	1.50005385	1.17130407	0.93042991	1.10590267	0.94823294	1.23951170	1.04976873	1.25603136	1.01639911	0.64493134	0.65766059	0.87103390	0.44877949	1.27679842	1.29107078	1.56000203	1.11378294	1.45996715	1.31610130	1.34801823	1.25552679	1.47775088	1.16803396	1.05879504	0.61288182	1.08330287	1.25599545	0.90279691	1.06110035	0.92094318	1.01417515	0.79247360	1.00925151	0.43036623	1.01796298	1.33068902	1.21207666	0.73950622	1.08493255	0.92065555	1.25131850	1.52444220	1.21957579	1.12235475	0.60086202	0.83691493	1.35723209	1.16326576	0.95478761	0.82246990	1.28034863	1.20464798	0.98971101	0.79427834	0.99362407	1.61166402	1.32121255	1.04714544	0.85394174	1.24638587	1.30822982	0.76488343	0.86614554	1.06456653	1.11231179	1.25184121	1.00763008	1.02822311	1.20002498	1.35960323	1.23464202	0.76746621	1.52526082	1.10652205	0.86509188	1.23091551	0.94603982	1.20661449	1.08461767	1.34497706	1.32066944	1.34746591	0.46551632	1.19972560	1.07276789	1.48944053	1.14346958	1.26131911	1.34484581	1.08442042	1.41996093	1.25582682	1.10961919	1.59123335	0.40342551	1.26529553	1.19979007	1.03567513	0.85388548	1.39228526	0.80256899	1.42900746	1.05864479	1.29547838	0.83765062	1.55015487	1.13045271	1.24759123	1.56607713	1.13165503	1.36054860	1.52484716	0.85597645	1.22370537	1.16668137	1.00059736	1.10577514	1.48141058	0.93003171	0.82232035	0.77694552	1.42264416	1.23113320	0.72120675	1.25987959	1.23337272	1.39528122	1.38832574	0.95248218	0.94111335	1.49157353	0.94023966	1.14893193	0.99205092	1.35454930	1.18485589	0.94664725	1.68272910	1.16414738	1.22479116	0.86088331	1.05905789	1.29436247	1.02481160	1.43359697	0.87457947	1.31763610	1.36995562	1.06746184	1.10742191	1.63913028	1.02372782	1.57832198	0.79835614	1.41854321	0.85611026	1.57521308	1.18319264	0.95122632	1.14217855	1.74439901	1.30271265	1.12838079	0.71994635	0.87451734	1.32994994	1.30055144	1.42704775	0.70791360	0.94379550	0.97485021	1.10894715	1.27778095	1.47786012	1.75640789
02_112	0.42360000	0.78201311	0.53238578	0.84203186	1.01662466	1.39676553	1.38376645	0.44840830	1.16474183	0.69528879	0.71942220	0.72405824	0.27154829	0.43815176	0.90794766	1.18133477	1.30164870	1.35113469	0.99151545	1.09511027	0.73639463	1.20305636	0.32057067	0.31765624	0.85036272	1.13638305	0.68441277	1.21820506	1.06346266	0.34316028	1.52159325	0.81511553	1.26504629	1.29257172	1.36623307	1.45305569	1.64971586	1.19706719	1.18614108	0.99915533	1.24169308	1.55118674	1.40709291	0.70882619	0.88450324	0.88365360	0.76091685	1.31808713	0.82375668	1.06710996	1.31391369	1.29176623	0.66249158	1.29839952	0.79287263	1.64307691	1.32525245	1.33958746	1.16138818	0.98656511	1.08175946	0.63088801	0.83716622	1.09634731	1.51759394	1.23424236	1.32830189	1.48040320	1.16376354	1.01052011	1.32709280	1.60155314	0.82465509	1.50589783	1.11853812	0.24603380	1.11041158	1.30535837	1.38168559	1.32362109	0.85711152	1.13509930	0.68062920	0.97632553	0.95442084	0.78183564	1.07385687	1.49001554	0.84290196	1.12808416	1.62826465	1.17699228	1.04187168	1.01635292	1.25984764	1.42290807	1.08278988	1.12423652	1.24608775	1.75687630	1.60138389	0.66901322	0.98969048	1.13458654	1.49174095	1.18063759	1.40686309	0.60606800	1.06874044	0.11448278	1.24468305	1.52307858	1.48861045	1.86956634	1.28193737	1.28218607	1.72253249	1.01144759	1.14261670	1.21350824	1.58562702	0.99066743	1.44650653	1.23332368	1.33533341	0.72463525	1.23367370	1.17799959	1.74116378	1.62677320	1.23813697	1.43944037	0.48806075	1.42250360	1.66693163	1.41579405	2.08442671	1.72340933	1.23449338	1.48097798	1.38720607	1.06121096	1.36601740	1.00527212	0.97112031	0.86555960	1.11014224	0.95905021	1.66861818	1.58111798	1.16209896	1.21825969	1.34668946	1.48355542	0.97159896	1.56003679	1.67622951	1.48906815	1.41097711	1.10914519	1.42017403	1.55775157	1.34910828	1.31196684	1.87095041	1.26162124	0.44434754	0.81418862	0.86191231	1.59517866	1.39655519	1.57217169	1.02047010	1.07963610	1.62784649	1.25744299	1.70115570	1.73614368	1.46717722	1.73322768	1.38603708	0.62927977	1.38477681	1.26771088	1.11456820	1.55757939	1.51937590	1.36199318	1.34283757	1.58335076	0.92755222	1.88237007	1.69329078	1.33269328	0.88062981	1.40738746	1.35855384	0.77516202	1.40367499	1.71586058	1.00007105	1.37538750	0.84537604	1.40731835	1.15629086	1.60071981	1.22155779	1.50678728	1.21113400	1.38559364	0.69532962	1.87712328	1.34489362	0.70988730	1.72607814	1.20762217	0.89823901	1.62818067	1.06685833	1.60196356	1.36252101	1.03693582	1.62359761	2.12310125	1.27242161	1.46569811	1.22002906	1.24321057	1.39434394	1.37456662	0.57487068	1.06935350	1.69374014	0.96252592	1.03073848	1.62396358	1.10583462	1.83264836	1.10194853	1.15154598	1.31792733	1.34744645	1.11557795	1.40862638	1.50546238	1.47814174	1.64897508	1.47767456	2.05900091	1.40205279	1.11548121	0.98004118	1.22423301	1.50758774	1.26358217	0.42444963	1.66448544	1.42813541	1.22976895	1.41601440	1.76636135	1.80277089	1.09302415	0.91417091	1.73396108	1.99790990	1.06206786	1.35333272	1.58976266	0.79146985	1.52957055	1.23364035	1.09306564	1.28441630	1.17537615	0.44479048	1.50747447	1.11132192	1.83156510	0.80597233	1.37161595	1.01174885	1.55707668	1.52951814	1.27949702	1.41083605	1.55203627	1.84944311	1.93509834	1.53666600	1.26641392	1.74115370	1.96030952	1.72073848	1.45391883	1.73365321	1.68293145	1.44254304	1.01590766	1.52491011
02_74	0.93335401	0.90671777	1.03125909	1.18695423	1.32716185	1.55260043	1.34550489	1.11296412	1.17178678	0.69026034	0.56695111	0.70855363	0.95082343	0.76027141	1.03356369	1.22478568	1.35858121	1.15307608	1.22636906	1.24588729	1.12708993	1.15501604	0.84530728	0.95118074	1.28144007	1.36013984	1.20959902	1.17854003	1.05894554	0.96084180	1.53977600	0.84096763	1.16272499	1.53612014	1.46826479	1.35647603	1.66498457	1.23274029	1.41334195	1.31704842	1.22326311	1.56371559	1.26068060	0.90857317	0.96277377	1.19217472	0.72025792	1.07438593	0.76718196	1.14022453	1.22631130	1.18999275	0.44347669	0.92249056	0.75185767	1.60157498	1.47279756	1.54158419	1.51811983	1.06164887	1.46940809	0.74345512	1.17877276	1.00258342	1.06823494	1.08438328	1.62915941	1.38020888	0.95567812	0.79406134	0.98326650	1.42282261	0.91715925	1.27875295	1.13183133	1.00440757	0.99428536	1.56209759	1.32754663	1.19139602	1.09089759	0.11622764	0.80884171	0.80643687	1.35725243	1.27723701	1.10757829	1.27224614	0.75083644	0.30838297	1.29656771	0.42082137	1.27076011	1.29170926	1.59273285	1.04273772	0.96424789	1.11377545	0.83123406	1.29997882	0.98434392	0.94201718	1.13103496	0.68924310	1.05892854	1.04148769	1.71991370	1.19023632	0.40284043	1.01138117	1.58642777	1.01184100	1.20992836	1.49802326	1.05049175	0.96695501	1.50394425	1.38063334	1.33997566	1.38055944	1.35481727	0.52275320	1.37709148	1.26331466	1.05597627	0.69756109	0.42019991	0.96583100	1.50447828	1.06396323	0.65350107	1.61554752	0.77552743	0.84312973	1.14383303	1.03125713	1.70771784	1.53533542	0.77495751	1.40922382	1.27295543	1.43359169	0.50332608	1.45637796	0.41935148	0.45602342	0.73020543	1.01886557	1.01305553	1.37632047	1.27899747	0.28941308	1.08327408	1.05338479	0.80272797	1.12601308	1.13219114	0.80830367	0.90724292	0.63635678	0.98682914	1.60158762	1.08348814	0.56961419	1.35114340	1.43451241	0.99357916	0.90344153	0.41040857	1.24239609	1.20920501	0.94715130	1.34049122	0.95492201	1.02760073	0.64449381	1.61421039	1.43104267	1.19681458	1.23324868	1.38234124	1.24009630	1.09429405	1.45977821	0.27487981	1.56597284	1.21721423	0.71742507	0.63187371	1.45920140	0.32973775	1.76447278	1.25524267	1.50662376	1.31090252	0.94185373	1.32553207	1.23267847	1.30580985	1.41828504	1.08052795	1.31706830	0.64424974	1.13142331	0.88999324	1.27727064	1.33436546	1.18189366	0.81242610	1.63325045	0.90606080	1.86692891	1.33374448	1.23451391	1.13932823	1.14241377	1.20370899	1.94724509	1.03578316	1.29310472	0.64666214	1.46708435	1.72913834	1.68533670	1.38438201	1.04512097	1.23909691	1.47886720	1.46179617	1.43954986	1.00184352	1.30772100	1.30072523	1.06566739	0.43012035	1.65142976	0.80900361	1.43159490	1.43063436	1.46006621	0.70217133	0.89396036	1.33911200	1.13257363	1.33105345	1.19563281	1.15478354	0.75269701	1.73200981	1.16112793	1.39098051	0.95670933	0.47228984	1.11833730	1.13333505	1.12322993	1.18420124	1.08291657	1.19325305	1.47361936	1.24108947	1.23576068	1.18555753	1.33214990	1.67395006	1.68782640	0.86009947	1.53307662	1.51452511	1.09949876	1.14692727	1.23194463	1.52936778	0.86220973	1.34586239	1.22442890	1.20827600	1.33571399	1.51555587	1.35319389	1.18847920	1.25608830	1.15711794	1.19022289	1.28831321	1.51297411	1.11523728	1.47243118	1.80657778	1.31881015	0.74339343	1.74207318	1.53063855	1.37306613	1.19780322	1.48757130	1.19487394	1.04709839	1.46105597	1.63995312
02_318	0.25494133	0.55809355	0.29425297	0.92010173	0.68453847	1.13474915	1.09146579	0.66783325	0.72477885	0.33609673	0.54326875	0.60673383	0.43308927	0.33177151	0.47899794	0.80148934	1.07457455	0.90698336	0.71072254	1.03037201	0.82278800	0.75439752	0.36253475	0.50961450	0.60556367	0.81981877	0.46947715	1.05023226	0.88472782	0.27709655	1.33140427	0.74408655	0.89918118	1.08358648	1.13728491	1.35985370	1.38967492	0.79946690	0.95581170	0.66295094	1.17109112	1.29833098	1.00629677	0.69724589	0.83202799	0.94903111	0.60628614	1.17121674	0.61507041	1.04083508	0.91866163	0.96881736	0.45269399	1.12558348	0.55227974	1.41608824	1.04021543	1.37807595	0.93400158	0.53941520	1.16135597	0.46795589	0.80027465	0.63769739	1.28393847	1.12035173	1.22685270	1.13226255	1.00333471	0.83516177	0.83483236	1.23967192	0.50061883	1.31638393	1.05438150	0.39426350	0.84090069	1.30279217	1.00849351	0.90238435	0.54459378	0.81863719	0.64191034	0.52863617	0.95331256	0.60819972	0.77863665	1.08612235	0.44351979	0.84961513	1.45476328	0.90345737	0.75314353	1.06268026	1.12822769	1.03887338	0.97189552	0.93453351	1.03442949	1.41364349	1.37147101	0.69918094	0.58300321	0.92614415	1.19841422	0.80198886	1.22551608	0.72763849	0.66008903	0.42217840	1.07356033	1.01250129	1.31361738	1.49616698	0.77863683	0.79670483	1.52569112	0.71612354	0.81689155	1.02011270	1.19690456	0.71046400	1.18285772	1.18278098	0.96832737	0.60284002	0.95375558	0.70543959	1.42404913	1.35885878	0.98573400	1.20165922	0.16237814	1.05520046	1.20772642	0.95745695	1.77143534	1.40801994	1.03405632	1.26725540	1.31186337	0.78988397	1.07224370	0.96779332	0.72142090	0.61857482	0.93419463	0.83126829	1.32899166	1.26137347	1.00148049	0.92394171	0.90444238	1.03852089	0.46694784	1.26909992	1.29224842	1.00359457	0.99531630	0.65131177	1.21306111	1.48107677	0.88714008	1.00375049	1.44061069	1.11340708	0.56446931	0.65864478	0.44635576	1.16050387	1.08854436	1.33568130	0.68147318	0.79880592	1.14929817	0.91190381	1.41106071	1.36700353	1.12160849	1.37499120	1.34352835	0.61122600	0.92412451	1.07525020	0.82413530	1.36135444	1.22454991	0.88781359	0.99607683	1.24437022	0.64576857	1.61793942	1.34541684	1.08838607	0.91172281	1.20262254	0.97996968	0.89466061	1.06839648	1.34896500	0.95506930	1.00634608	0.50535973	1.12121297	0.83681730	1.45957009	1.10170058	1.04931439	1.00846110	1.15905976	0.68298679	1.64644248	0.98435096	0.48906916	1.23633907	1.12874239	0.92241101	1.49592315	0.99015863	1.22981785	1.09023300	0.79188539	1.45334686	1.78800804	1.25021600	0.95439553	1.16090390	0.98553620	1.16793270	1.08912027	0.56361572	0.68835466	1.51373046	0.82947355	0.66135513	1.41781812	0.93239241	1.43170946	1.01791832	0.93738303	1.02996225	0.89529183	1.14419209	0.92236932	1.17716844	1.05194838	1.44060539	1.07553032	1.72433151	1.23977309	0.79126405	0.84633840	0.92488127	1.19523934	0.78316343	0.45509519	1.20479208	1.16630296	0.85563156	1.18864785	1.49288106	1.40784270	1.05304989	0.68279683	1.45391928	1.65556016	0.74791712	1.09078690	1.25782709	0.61797262	1.03969196	1.09110027	0.84703075	0.93608280	0.79651607	0.61189754	1.03362017	1.07668709	1.45228375	0.85093941	0.98941772	0.90751885	1.11482917	1.18027249	0.88335228	1.38814915	1.26114105	1.60792900	1.65032998	1.21485553	0.93990623	1.47627966	1.75550781	1.29970280	1.18169293	1.34667732	1.22752622	1.20115084	1.12778425	1.49677857
02_262	0.92210461	0.76711387	1.00709659	1.08848793	1.23437518	1.35082515	1.12990147	1.07750351	1.03624163	0.67381775	0.61373674	0.64978722	0.96106479	0.78866329	0.95670587	1.01269248	1.15270298	0.94606397	1.04738475	1.06871935	1.02171757	1.01720084	0.88109942	0.96709025	1.17237737	1.20871344	1.17300321	0.98890361	0.79814757	0.96550571	1.23203875	0.73150889	0.91628035	1.27504525	1.21905540	1.06399406	1.35409526	1.04490131	1.22841446	1.23553586	0.98580088	1.24964415	1.02015533	0.78759448	0.85733849	1.10510870	0.62124888	0.91050653	0.55710364	0.93828743	1.05306506	0.93395291	0.55440916	0.67268946	0.63428735	1.25637445	1.24702066	1.33416365	1.35484447	0.98610312	1.27483773	0.65775848	1.05103557	0.89953239	0.83607202	0.99453815	1.35680027	1.08400798	0.80856462	0.61649018	0.83839789	1.12018039	0.73566796	0.96198899	0.99023314	1.05445239	0.86148206	1.30938676	1.04332502	0.98663740	0.96490680	0.37178236	0.83322324	0.79198872	1.24186757	1.17467466	0.88509287	1.01812143	0.58973374	0.53313485	0.97052792	0.31868110	1.09448237	1.08119203	1.32992948	0.92890021	0.77119154	0.80862857	0.60973095	0.99456543	0.88192141	1.01719359	1.08332813	0.59418411	0.85415209	0.79296794	1.50915643	1.11482673	0.37393432	1.05214713	1.40968141	0.92790296	0.88348013	1.30357109	0.92536850	0.84018388	1.26516445	1.30825198	1.25975276	1.20824253	1.08092835	0.49825787	1.19255196	1.08185905	0.77100702	0.83883654	0.38135709	0.84042036	1.32458410	0.78447465	0.63825065	1.42712067	0.76583491	0.73316176	0.94274736	0.77988320	1.41074811	1.18203761	0.68063134	1.28302863	1.20217241	1.28239921	0.68531036	1.29267116	0.53508590	0.41551484	0.84909497	0.82422229	0.88070835	1.10575537	1.08769930	0.36446608	0.95614454	1.00531423	0.68638713	0.96523517	0.92196915	0.76137528	0.59247840	0.53113635	0.90330809	1.35043442	0.87740791	0.43004113	1.15333177	1.30773910	1.02936576	0.80819614	0.45681756	1.01640768	0.92772504	0.84608193	1.24958960	0.70289109	0.88193814	0.70576878	1.44737111	1.24846643	0.89952376	1.03234624	1.34404418	1.13038985	1.05642523	1.18547568	0.32540631	1.44338596	0.95160902	0.58145464	0.46514909	1.34162420	0.36015057	1.51943080	1.05822921	1.37754914	1.18317534	0.73859560	1.07587545	1.14405057	1.19281992	1.17727988	0.86061724	1.14805071	0.58849690	0.95603459	0.95132416	1.09937191	1.20540276	0.90621672	0.59268988	1.44199395	0.93110433	1.62668256	1.29228789	1.19550387	1.07451340	1.01906968	1.01798431	1.66432301	1.07708225	0.95000510	0.55473542	1.33384022	1.46125978	1.37365008	1.23859502	0.89090249	1.14091086	1.33773603	1.34687172	1.19680873	1.05665927	1.19699341	1.07357773	1.15657110	0.33396439	1.54573355	0.89164388	1.17729141	1.22502637	1.29469721	0.40822888	0.85657747	1.19721479	0.97578337	1.06721284	0.97170024	1.01005345	0.74708525	1.39164606	0.94725339	1.30416065	0.91913664	0.55040354	0.87381431	0.99082471	1.09866433	1.01695530	0.87560673	1.04839427	1.36004105	1.00469347	1.04740119	1.20327077	1.16905123	1.48634034	1.39370756	0.63363365	1.41017830	1.28893197	1.08495617	0.96585330	1.06406760	1.42810619	0.66183642	1.19409399	1.20512100	1.05798994	1.25210418	1.23507961	1.19945082	0.93022900	1.23598815	1.07962201	0.94577442	1.16783781	1.42265004	0.98573625	1.15362239	1.42938458	1.01614982	0.69261231	1.54453185	1.28827498	1.08148869	0.92670916	1.26716729	1.06190592	0.87516580	1.26384792	1.51393402
02_161	1.14742940	1.24115083	1.08919433	1.21385323	0.94017977	1.31982322	1.30600245	1.32408960	0.85564117	1.17287816	1.38277663	1.41912796	1.28866822	1.27685973	0.96568669	0.67624963	1.42018391	0.57437551	0.81360035	1.54823792	1.28789136	0.90721194	1.31847652	1.27378296	0.89935501	0.62135960	1.05718266	1.53754732	1.02366942	1.19905565	1.18974969	1.15307958	0.84889011	1.08028018	1.24213030	1.51518338	1.15457430	0.79597298	1.26519808	0.91020501	1.58189153	1.26107628	0.68935803	1.18418660	1.50457899	1.17308803	1.18789641	1.68973871	1.12640311	1.20758283	0.28270971	1.19251966	1.26291219	1.18443921	1.30874249	1.27492936	0.78069863	1.53146356	0.79321512	0.87220768	1.57175181	1.14966769	0.97357942	0.99524581	1.39987065	1.48384384	1.26631390	0.67894758	0.96492439	1.09070904	0.95815196	1.21371662	0.76953297	1.34536521	1.58627398	1.23594109	0.90681014	1.42972486	0.85488245	0.41729156	0.71825856	1.27219820	1.06726712	0.64642678	1.45803308	1.09489128	0.72187975	0.68507878	0.92488973	1.17905085	1.55948116	1.18993776	0.67684693	1.37784658	1.05372163	0.88748284	1.30492071	1.08361795	1.27702227	1.19781250	1.17435301	1.22715743	0.73180086	1.36826133	1.41640101	0.80100245	1.37027734	1.17579321	1.17867730	1.36426087	0.78574520	0.70390859	1.54969492	1.10588764	0.87991973	0.44941871	1.20270715	0.98768612	0.54626428	0.62795255	0.96677065	1.39372847	0.49630261	1.38615340	1.21866634	1.13366786	1.29707905	1.02882925	0.52239857	1.14777717	1.19704018	1.25526511	0.99945823	0.66820959	0.96258277	0.77235508	1.19095618	1.24854407	1.04167191	0.63579727	1.11843593	0.84204253	1.25631608	1.01252309	1.11224724	1.27928611	1.12778808	1.02462100	1.28049987	0.77269907	1.44171560	1.19019202	0.27473343	0.52726697	0.70575038	1.29834623	0.96268751	0.81470996	0.87881988	1.10967187	0.98314359	1.33958517	1.09228469	1.25887229	0.63088923	1.26200750	1.26462791	0.84052524	0.96543925	1.17190923	0.85400502	1.16100326	0.88580617	1.03757417	0.60332707	0.94071160	0.49292014	0.40403139	1.00652784	0.70222217	1.56440702	1.03387202	0.55836915	1.25607358	1.16066859	1.21058547	0.96784749	0.91339084	0.95696868	0.90153089	1.24601326	0.97748867	0.64939365	0.47993931	1.48237129	1.20177427	0.74379352	1.21714746	0.26113975	0.54882671	1.30646145	0.17822367	1.26673470	0.61747716	0.81381381	1.23340645	0.79717932	1.00699049	1.28722466	1.17697674	1.09608870	0.99874865	0.56916876	0.96932667	0.81602552	1.08249167	1.27368815	1.32415993	1.08146619	0.77519752	1.14559405	0.82232698	1.12503356	1.23192995	1.20840332	0.67321772	1.53084105	0.88933342	0.58248247	1.24949870	1.11991440	0.96471776	1.27063364	0.99676462	1.12783814	1.24443603	1.11121878	0.68088032	0.94029311	0.62690155	1.14913399	0.73203698	1.18728381	1.03962427	0.65302410	0.41596315	1.21381311	1.04218734	1.20380152	1.76595287	0.78945797	0.99783367	1.30278517	1.43699078	0.78038013	1.19479568	0.64278061	0.89714441	0.82645794	0.62131486	1.13781323	0.70305923	1.17184198	0.93074700	0.57851758	1.06696454	1.12503259	0.58722929	0.54698009	0.97510144	0.84399454	0.94323553	1.03412369	0.96208435	0.99892830	1.41659342	0.95996579	1.09319283	1.22760121	1.19117512	1.26119948	1.11378669	0.84233922	1.34471464	0.80788398	1.28741855	1.35347462	1.39978966	1.39151974	1.08022190	1.26917264	0.71189825	1.67306907	1.02372502	1.09267562	1.16402818	0.96088839	1.19054532	1.42768525	1.33518754
02_272	0.87429596	0.96105956	0.78453649	1.32782265	0.64517735	1.09306221	1.07632322	1.24906323	0.57386688	0.84292594	1.10357950	1.14959175	1.08993906	1.00056310	0.58662994	0.67465685	1.18295939	0.62081408	0.81255416	1.36136018	1.31689700	0.61239841	1.03664164	1.12596417	0.74871505	0.66454979	0.75291675	1.30325255	1.13929788	0.92240717	1.34475979	1.17434031	0.89014693	1.10499355	1.15109557	1.59656239	1.28002688	0.69650569	1.02023904	0.60006964	1.50193244	1.28352581	0.81359883	1.17863730	1.27217109	1.31445512	1.00743241	1.46624023	1.00188742	1.35435448	0.56879125	0.99836949	0.98910694	1.31853887	1.00493444	1.41658694	0.96678766	1.64363367	0.88664198	0.47812371	1.53955171	1.00757880	1.10792594	0.62418567	1.35582153	1.32184190	1.35719853	0.93847756	1.17875119	1.15274138	0.65471254	1.11733535	0.69794510	1.42849366	1.38654399	0.98889032	0.81491786	1.54391722	0.89461554	0.58878591	0.65655883	1.03440730	1.03053921	0.32826669	1.26173759	0.82426179	0.85683461	0.86947517	0.74294079	1.00482265	1.62728723	1.13318430	0.75147911	1.46777472	1.20768765	0.73229622	1.35298165	1.13968661	1.31469781	1.25230898	1.39627549	1.06492715	0.35582882	1.16790134	1.22491056	0.82246558	1.22012684	1.19029146	0.87019963	1.10013008	1.04219736	0.46294051	1.54968406	1.11358416	0.49399881	0.30767741	1.43978443	0.69189899	0.48090052	0.98545806	1.06694356	1.11500087	0.99923468	1.40392778	1.00442839	0.93136021	1.12689222	0.67160779	1.09129410	1.35363642	1.06844098	1.08763296	0.74947913	0.84731620	0.81432429	0.76054126	1.50492566	1.30874825	1.17837586	1.09818600	1.41379895	0.76605755	1.10670710	1.19313126	0.95355771	1.06316577	1.04847503	1.14141250	1.18240209	1.01873276	1.20931393	1.09078790	0.39060334	0.49239638	0.37592373	1.18712195	0.99875723	0.60658567	0.86097882	0.76912162	1.23277409	1.57348525	0.77370816	1.09909603	0.99461945	1.11918115	1.05692778	0.91374034	0.68853301	0.93100185	1.08636712	1.36041437	0.55417293	1.03880359	0.67981922	0.81565082	1.06019110	0.95056341	1.12345777	1.10993714	1.47167881	0.99965911	0.29434998	1.17711240	1.03617334	1.19167958	1.08510849	0.64564603	0.99983815	0.82481598	0.99074400	1.32665692	1.07247275	0.84104910	1.28357658	1.36919534	0.83377098	1.31100312	0.67324305	1.03387903	1.36692945	0.61008570	0.93395638	0.98634910	0.65931945	1.51485366	1.13383111	0.81768353	1.30562843	1.03680646	1.03520588	1.37125791	0.47131586	0.67152345	0.67125043	1.31906502	1.27839025	1.47511491	1.12955595	1.02602154	1.18178780	0.74123796	1.35777769	1.51328987	1.39552953	0.46376989	1.37638928	0.78967269	0.91806555	1.04749361	0.92843559	0.60361724	1.53566310	0.88187388	0.89553188	1.20297425	1.04469360	1.07995815	1.18368941	0.84889619	1.14869346	0.49097249	1.39532705	0.69633510	1.02589159	0.67704233	1.46697128	0.87445596	1.45953393	1.53668629	0.51993316	1.00060607	1.08256651	1.22035172	0.42844894	0.96127115	0.72945678	1.15081488	0.57343559	0.95101620	1.41355177	1.07650250	1.20285404	0.82681883	1.12167482	1.32037692	0.99670360	0.78693264	0.94725214	0.77538673	0.63834879	1.17769850	0.77560339	0.92830793	0.69979820	1.16466860	0.67651718	1.23068686	1.16927781	1.23974777	0.98876507	0.99903209	0.66186113	1.12036890	0.54259764	1.50183912	1.20213851	1.58714052	1.54738178	1.22238331	1.03721147	1.17522507	1.75957714	0.99499471	1.27240894	1.01567123	0.82025781	1.22568561	1.53905354	1.58943279
02_218	0.76756587	0.88071253	0.65445613	1.13697882	0.37158449	0.91698650	1.03106485	1.04617036	0.41485610	0.85576104	1.14390577	1.14379115	0.97815400	0.96965157	0.50627813	0.30280755	1.07189502	0.54832059	0.33864836	1.25336013	1.06899940	0.48758122	1.01568415	1.04455770	0.33580124	0.29785517	0.56964053	1.25518290	0.88399656	0.82422855	1.11313903	1.07972878	0.57895431	0.67971324	0.95362974	1.43525283	0.99631843	0.32268322	0.83947717	0.39103305	1.36700352	0.97917769	0.56924625	1.03575119	1.25272721	1.17251495	1.08177297	1.50312806	0.93411040	1.21229715	0.57578006	0.89817995	1.13688055	1.34039637	0.99487769	1.12025956	0.46050166	1.48147122	0.36472145	0.48846032	1.28844164	0.90719186	0.88262676	0.61185820	1.50432295	1.49651756	0.95037377	0.67333525	1.19599522	1.09261456	0.76109877	0.95631157	0.58009953	1.34857715	1.40603740	0.97808104	1.04580607	1.28043443	0.50561019	0.52032735	0.41386102	1.37201140	1.13700162	0.78826823	1.15930927	0.63638680	0.57263925	0.68417391	0.67417517	1.40893286	1.54412438	1.31305338	0.32270212	1.16793696	0.74279473	1.17139298	1.18139450	0.92661445	1.25610505	1.35881870	1.61450958	1.25710796	0.54360080	1.38505992	1.41493529	0.59397960	0.95525973	0.95779146	1.10738999	1.02561160	0.61508510	0.99102029	1.40673158	1.40707331	0.66487819	0.71772369	1.52363222	0.44777556	0.60770095	0.78181424	0.80353354	1.19813911	0.97392834	1.39468075	0.96987320	1.23729364	1.42677532	0.69752558	1.19454260	1.46441456	1.44117892	1.01751127	0.80502846	1.21101882	1.17047454	0.76714156	1.57079314	1.11196257	1.35377424	1.19904973	1.51650054	0.18339288	1.58533624	0.78242969	1.29272036	1.15306588	1.44565649	0.95934551	1.56902694	1.04822892	1.13715647	1.39188249	0.80842803	1.08853958	0.62880625	1.46615009	1.34475871	1.17408785	0.97793073	0.95382103	1.44562616	1.44428073	0.77379101	1.41070658	1.26105609	1.21792792	1.13414876	0.94010192	0.97689955	1.03132401	0.86141859	1.59580615	0.42064470	0.81967788	1.10256272	1.32484378	1.13553459	1.13239074	0.90152758	1.29459381	1.69650486	0.66271694	0.91927749	0.88420627	1.32075268	1.40977548	1.22802413	1.10114764	1.26586498	1.19156350	1.23350863	1.35537233	1.26668513	0.78677864	1.17373261	1.40401805	0.47279845	1.13212424	0.93476149	1.04380064	1.12345386	0.71085722	0.98825241	1.13019704	1.19482749	1.61334844	1.11710039	0.83724808	1.26879179	0.93051688	1.18587207	1.35385392	0.93417857	0.60519727	1.26479880	1.33655082	1.14236804	1.05100611	1.40422528	0.94458641	1.45171254	0.32404269	1.21378806	1.60474766	1.40468300	0.84779482	1.52028931	0.76310045	1.07810773	0.93193427	1.09978202	0.40791905	1.64129225	1.24312417	1.11477229	1.42928339	1.42836414	1.15083259	0.83525242	0.59023459	1.31498393	1.08977136	1.31097204	0.80820170	0.85322259	0.81597913	1.63652118	1.40676849	1.44860533	1.53274189	0.61741590	1.23312991	1.44956065	1.37125252	0.63968101	0.88890933	1.12306337	1.25408379	0.86941203	1.10998781	1.57187741	1.30797902	1.44200573	0.39852879	1.15847531	1.42943389	0.93664068	0.87205787	0.91880525	0.96872559	0.93144792	1.19432365	0.62241983	1.13977514	0.50828500	1.05278370	0.95436494	1.28293004	1.31553076	0.89040712	0.95256176	1.22520245	1.19127206	1.28593896	0.80122787	1.58316998	1.55081942	1.61569098	1.27154065	0.95564764	1.35164505	1.16945766	1.91623552	1.11753148	1.04583868	1.25103275	1.25747420	1.46201084	1.20298333	1.61834758
02_181	1.17035227	0.89540550	1.23932812	1.00965424	1.47977494	1.17986564	1.06703092	1.02078297	1.53349420	1.28094966	1.27183015	0.97667380	1.08355095	1.16746595	1.42297624	1.32354373	0.97111318	1.51233825	1.25934763	0.59519248	1.01820649	1.56807121	1.07132118	1.04114939	1.30889216	1.39946219	1.33020667	0.83007769	0.95138911	1.16513488	0.74226313	1.04003389	1.41738946	0.95345453	0.87885847	0.56251333	1.05363091	1.47317654	1.02941544	1.48935526	0.52812539	0.99176755	1.51141186	0.90101661	0.71334253	1.01974189	0.75077785	0.91609542	0.78012398	0.68040473	1.44706936	1.01970733	1.22153500	0.90914087	0.99910206	0.93853344	1.43782340	0.29670947	1.40429787	1.45968386	0.25311699	1.09273595	1.03159412	1.51453173	0.89390759	0.76700220	0.71804188	1.27085406	1.15479344	1.12616126	1.63641563	1.26309939	0.96244915	0.68704777	0.64007120	1.14418697	0.88496068	0.33402925	1.35688704	1.46309588	1.21631212	1.45314201	1.05330953	1.35776991	0.65643667	1.05708544	1.21959274	1.55050704	1.21791455	1.41088534	0.87590649	1.32746027	1.28641525	0.66882153	0.88938813	1.27883642	1.18185226	0.65194542	1.31024099	1.16040941	1.49599244	1.01610781	1.44599213	0.93251741	1.06610158	1.35124239	1.09431685	0.98342598	1.44138500	1.15272303	1.35671428	1.74447387	0.89011439	1.44278847	1.63526751	1.50160501	0.95198996	1.51661360	1.46661150	1.25114675	1.64847549	1.40852061	1.39385074	0.36687032	1.14299475	1.22596001	1.19650750	1.56788706	1.63302212	1.16796121	1.13798442	1.12325772	1.12788088	1.43053227	1.49543493	1.55219991	1.39562127	1.14956986	1.25543492	1.42038292	1.30190878	1.41733697	1.58242937	1.15715027	1.29146838	1.26482818	1.28013118	1.07122598	1.32687273	1.08595047	0.77627598	1.40411261	1.51487296	1.65938646	1.34587844	1.08960946	1.31892693	1.69660186	1.20053016	1.49317753	1.36046778	0.63073553	1.51882239	1.18224170	1.81238430	0.88936035	0.95309523	1.04868854	1.28296332	1.45772003	1.38635645	1.49078409	1.45934501	1.25462400	1.70040049	1.47326693	1.63552039	1.65791391	1.49458951	1.62036015	0.93254443	1.09006839	1.65111521	0.78643215	1.34522058	1.12790958	0.95428042	1.46671938	1.41397529	1.42524823	1.23819554	1.28721760	1.59110549	1.44239381	0.58821352	1.34525118	1.49874382	1.00452850	1.49490041	1.62562030	0.94416457	1.48036902	1.35450831	1.36622971	1.46109501	1.08973993	1.22143219	1.44808295	1.29766174	1.12056885	1.06660410	1.31350670	1.62582299	1.33212653	1.89712191	1.17332557	0.38391879	1.04351755	1.27275076	1.28645428	1.41457618	1.41447726	0.89630054	1.47143448	0.70535848	1.68239402	0.73746637	1.17700260	1.39296063	1.06426298	1.18855011	1.55039505	1.13231836	1.35727675	1.36405869	1.25519559	1.36020884	1.74519129	1.09849859	1.32723373	1.15167841	1.60699386	0.92052549	1.73714002	1.45683131	1.54017683	1.52004551	1.63959203	1.41531560	1.06898387	1.49806335	1.12041844	1.51558329	1.17095413	1.60385902	1.17965353	1.75010940	1.37768716	1.28720207	1.48368158	1.47145862	1.71035027	1.32158031	1.31254395	1.63948315	1.45765140	1.33306544	1.53024208	1.58807832	1.29233123	1.72710790	1.20667309	1.56267346	1.39608663	1.59156276	1.22924197	1.78614902	1.25282116	1.44728029	1.09803285	1.40118536	1.32799502	1.77995683	1.32145875	1.58411370	1.37822279	1.41230808	1.30776282	1.33109784	1.54602686	1.55152919	1.68314600	1.36618283	1.54328695	1.42665949	1.54249123	1.82960519	1.30741324	0.84176485	1.41376908
02_41	1.00196206	0.73174858	1.07893944	1.11132652	1.35985284	1.20771748	0.98462974	1.06465440	1.33843686	0.97521783	0.93583629	0.70671165	0.97097451	0.92611761	1.19291995	1.25692440	0.96924932	1.32404068	1.26335659	0.71194180	1.11845297	1.35637186	0.85127586	0.93230833	1.27527126	1.35153411	1.20953313	0.76052210	1.02704674	1.00152886	1.06852820	0.94398329	1.34173060	1.20433967	1.02428614	0.90113039	1.28791853	1.36809001	1.05273082	1.34645335	0.75063450	1.21537542	1.41241129	0.87981967	0.56547862	1.09089501	0.38778410	0.70518707	0.62333099	0.85541484	1.27813928	0.93575478	0.78631307	0.77683946	0.72071756	1.23350327	1.50067340	0.91296687	1.46985240	1.20783907	0.89641858	0.91836394	1.10229413	1.24627960	0.57868269	0.35075700	1.18311974	1.29449655	1.00674468	0.97606318	1.30972619	1.23545870	0.83256380	0.82012334	0.50505033	0.95641492	0.50384754	0.98559906	1.34607302	1.29304928	1.12119786	0.83987511	0.77684285	0.92732866	0.78905790	1.01820315	1.17877227	1.43814565	0.97703464	0.76167259	0.96346661	0.89359365	1.27390329	1.03475169	1.24308755	0.77851910	1.14501297	0.80473645	1.13572399	0.97793501	1.15106108	0.66020447	1.17848899	0.29971405	0.66090347	1.22638785	1.26831038	1.08071519	0.94159821	0.99976520	1.48801277	1.27887534	0.98125638	1.14552412	1.29910763	1.13517231	0.95115649	1.40404705	1.27019088	1.29049476	1.56812607	1.01619908	1.32442211	0.55251049	0.94466882	0.71448677	0.56304741	1.26613271	1.48852575	0.95335512	0.41423316	1.13916329	0.83194043	0.98663136	1.07085291	1.29642959	1.36225352	1.24383276	0.90966791	1.29850966	1.16720866	1.41138198	0.88683644	1.35173939	0.68915687	0.87019119	0.68624394	1.05294480	0.75263344	1.03521990	0.76142966	0.85516258	1.15484388	1.17555728	0.97263564	0.64581002	0.88388078	1.12482124	0.90957185	1.05778054	1.04567135	1.02648322	1.24478134	0.53111040	1.49248452	0.78445679	0.70886306	0.85620257	0.78833035	1.19324693	1.34456316	1.11504031	1.30021834	1.15773537	1.26510798	0.82793950	1.52454412	1.44295297	1.41055700	1.35561201	0.64449485	1.15158448	1.21648369	1.00971549	0.79320923	0.94851720	0.74636112	0.89666231	0.95028169	1.09703786	0.66865959	1.33108115	1.32402566	1.38989433	0.71463253	1.13601314	1.43162726	1.09547138	1.24251210	1.48714807	1.05224098	1.28871927	0.98606251	1.13004590	0.90323823	0.99535099	1.17822899	1.20349217	1.09157212	1.15576791	0.74785767	1.40841001	1.27379892	1.16239075	1.35773208	1.06635814	0.64522808	1.47319429	0.88636277	1.20467564	0.92515160	1.38791782	1.16089861	1.37622779	0.82521982	1.27441886	0.43642359	1.12693340	1.23049020	1.03539963	0.85851631	1.36760729	1.00171768	0.93972095	0.86712628	1.08650840	0.79183051	1.54402189	1.27361759	1.33115509	0.73005974	1.04734194	1.01878878	1.39570839	1.40627381	1.27742194	1.23026371	0.97904872	1.40252200	0.87452760	1.27948666	0.72365344	0.87405389	0.79370882	1.26674840	1.01702277	1.32494604	1.12803729	0.92902048	1.29788774	1.20518415	1.41040087	0.97677186	1.28371514	1.55239805	1.33237955	1.07932936	1.37192335	1.46423180	0.95943091	1.32610733	1.07852988	1.42922085	0.97314269	1.40418127	1.10642172	1.38155321	1.11139563	1.19472964	1.23503590	1.15417321	0.98858476	1.25839274	0.94275522	1.24694999	1.25601119	0.84499629	1.19913637	1.51036264	1.50163193	0.98587010	1.60697482	1.12470828	1.26282028	1.40772734	1.20805959	1.32733447	0.87531228	1.19179674	1.36143751
02_163	0.53481606	0.59393843	0.62709536	0.90098299	1.05861291	1.17985978	1.14525611	0.55693642	1.20312848	0.75969271	0.77969030	0.59873505	0.42785521	0.53985578	0.96146644	1.18004675	1.03487184	1.38123581	1.03091747	0.76555905	0.80227884	1.23946951	0.36082585	0.45874564	0.91246571	1.17992209	0.76124320	0.92781801	1.02434780	0.47951213	1.29906283	0.86927412	1.29884037	1.11854132	1.11478215	1.21565644	1.44980966	1.23551378	0.96312086	1.05461090	0.95451979	1.33504491	1.43354833	0.72283518	0.59583682	0.94056956	0.58305734	1.05024325	0.68692279	0.96873814	1.34843944	1.08689990	0.73328208	1.20330198	0.65982767	1.43967361	1.36027236	1.08389136	1.20707081	1.03441122	0.77386646	0.70569180	0.89834306	1.12829871	1.29069192	0.96460951	1.11305292	1.42102520	1.20242367	1.05253665	1.35772430	1.42651392	0.78454928	1.27746432	0.81016143	0.42619576	0.94920433	1.06080101	1.34478981	1.35958128	0.91238447	1.17450810	0.75444099	1.02632874	0.62012302	0.66960283	1.11985962	1.51711996	0.89943087	1.16584644	1.42270762	1.20789468	1.09210014	0.89733119	1.12725428	1.30361855	1.12299254	0.95657209	1.27904927	1.56311474	1.62488089	0.63143951	1.04162368	0.95102398	1.26607786	1.22110789	1.17673887	0.67671927	1.11035679	0.37578386	1.28342436	1.55024401	1.29084262	1.69737554	1.32212570	1.31532571	1.53455014	1.06273668	1.19640541	1.25310168	1.61129847	1.03812518	1.48134262	0.96121313	1.17404425	0.80175435	1.14450785	1.21658150	1.76674233	1.52998353	1.14104306	1.21363610	0.60130213	1.43876042	1.55663529	1.44928934	1.92454345	1.53403180	1.27372686	1.51517166	1.42375591	1.11964949	1.40132622	1.06056087	1.03034945	0.92608746	1.11279503	1.01668955	1.51254022	1.43472753	0.86879205	1.24778653	1.38929222	1.51689531	1.02994698	1.34320412	1.54796091	1.52229336	1.30930022	1.15754936	1.45069575	1.34588213	1.31213544	1.20862242	1.89661946	1.01762979	0.40363638	0.88499791	0.91153260	1.45551755	1.43055927	1.60131728	1.05664961	1.12721009	1.64819648	1.29875542	1.73513345	1.75766882	1.49634904	1.75720694	1.14937796	0.72652426	1.41716505	1.03259557	1.15604781	1.35814766	1.34948807	1.33830008	1.38126260	1.46954375	0.94302795	1.73324318	1.72368507	1.37326855	0.55077555	1.44208222	1.40058259	0.85570606	1.44378684	1.74378350	0.98172067	1.42131670	0.91182307	1.44995857	1.20965026	1.50913185	1.27409009	1.42540303	1.25455182	1.18868846	0.77013386	1.74562403	1.39540555	0.80850033	1.75906436	1.25982289	0.69642782	1.43797072	1.13110037	1.53316312	1.40059815	1.10508010	1.43107150	1.97643043	1.12524339	1.50522886	0.95586496	1.11284938	1.41569847	1.16194760	0.69866162	1.13496861	1.59513101	1.02360068	1.08936749	1.42723397	1.16996794	1.86312000	1.13676241	1.21559994	1.26782382	1.39853632	1.10421049	1.45494656	1.53758367	1.52091976	1.68689250	1.50674990	1.90871578	1.18817106	1.16686788	1.01354062	1.28119110	1.32235063	1.32315511	0.59842813	1.70759405	1.47831257	1.17266270	1.47449542	1.75121438	1.82030076	1.17411661	1.00235134	1.76844303	1.87276212	1.13192807	1.41860438	1.64201878	0.90354981	1.57008021	1.28789579	1.17454933	1.33330563	1.24825326	0.61768000	1.56531481	1.19846140	1.68931120	0.90369208	1.30415693	1.07980809	1.61313944	1.40034427	1.33766110	1.47069776	1.47762303	1.75396687	1.77986280	1.57283959	1.33132947	1.79268991	1.82517259	1.66097704	1.47541410	1.63370773	1.72369205	1.42791302	0.98018406	1.57333941
02_207	0.86394679	0.82992715	0.97359115	1.09321128	1.27333885	1.51066546	1.31921690	1.01500562	1.09242729	0.58261909	0.42102621	0.60758839	0.87560155	0.67424188	0.96500676	1.12946494	1.31258834	1.07697819	1.10541721	1.19343584	0.98275715	1.06789667	0.80269403	0.89758398	1.20193452	1.30174291	1.16714496	1.12999784	0.89788887	0.89741784	1.46895486	0.71412755	0.99371587	1.44161299	1.41874739	1.25631147	1.58761514	1.11425667	1.36804857	1.27303315	1.13176568	1.46006472	1.14149008	0.78138480	0.92763336	1.12804108	0.72571387	1.03832747	0.66437157	1.05506953	1.20415035	1.12130316	0.41386361	0.86690345	0.64777493	1.48311867	1.34011896	1.50195061	1.43102094	1.02388443	1.38639751	0.58072000	1.09080522	0.92502475	1.10286979	1.17426968	1.52451956	1.28328842	0.90624961	0.63955270	0.90094758	1.32908036	0.85148833	1.21039050	1.11703673	0.99773097	1.08070980	1.47569016	1.18033675	1.12756591	1.02546653	0.31806407	0.84662068	0.89170045	1.35303193	1.24274001	0.96928124	1.15256931	0.59284193	0.57572558	1.18346437	0.35253672	1.17256185	1.14673240	1.48066703	1.17554396	0.73656268	0.99088056	0.60279731	1.30006257	1.02395092	1.05589790	1.15201107	0.76463828	1.09149226	0.87083661	1.66711902	1.10680980	0.29874902	0.95193748	1.50537733	1.08144216	1.05281019	1.59242122	0.99034297	0.99364999	1.54323194	1.33954725	1.36504852	1.32901520	1.17923818	0.26724840	1.35579956	1.27826661	0.95163530	0.83787257	0.56765715	0.85866180	1.52107406	1.04766259	0.83216057	1.61632651	0.73638401	0.94348192	1.20293586	0.90078156	1.71612499	1.42314889	0.78535644	1.44740831	1.31248339	1.33356982	0.75563590	1.33871390	0.55175647	0.19406493	0.94932509	0.85210680	1.15638152	1.38580983	1.23412638	0.42653049	1.12145443	1.18050347	0.75844898	1.23607273	1.22215854	0.91716447	0.87131219	0.50000778	1.04879385	1.57488232	0.96921356	0.65967673	1.36295250	1.49477178	1.03186944	0.86884038	0.47932616	1.21912987	1.03647696	0.98289601	1.30467671	0.71497612	1.08463299	0.82869228	1.62908274	1.45582834	0.98470845	1.23659600	1.51784641	1.12851009	1.20380677	1.35541933	0.35057049	1.67325829	1.24211590	0.77503194	0.61721322	1.56666419	0.29786000	1.79646429	1.25663171	1.51524882	1.27260067	0.81535713	1.16989800	1.14150540	1.36118179	1.36451937	0.87170554	1.30390176	0.43700195	1.12223529	1.06059980	1.31191595	1.31956323	1.08597863	0.56360099	1.62018438	0.94942494	1.88324010	1.42168618	1.20491594	1.23866723	1.09654605	1.13096642	1.85041925	1.14509053	1.18893830	0.65705291	1.38790643	1.70138887	1.67473078	1.41691779	1.02672047	1.29672786	1.50823240	1.50894065	1.37558230	1.04664141	1.21913666	1.30210595	1.22351346	0.26279577	1.77219520	0.94954340	1.36467222	1.30153957	1.39019619	0.62060992	0.98670239	1.28577756	1.01776814	1.21533236	1.13725274	1.13220029	0.88159157	1.67656170	1.03154881	1.38098931	1.00357683	0.51860986	1.07081449	1.06241238	1.04345313	1.18877568	1.00516028	1.20704331	1.49894984	1.20132162	1.26188682	1.25061855	1.18516572	1.66428303	1.67350920	0.58932453	1.53000798	1.43803911	1.10348399	1.07989660	1.16003981	1.45547722	0.75577599	1.21327012	1.11199637	1.13171191	1.30363468	1.47544886	1.18216795	1.01886720	1.28180810	1.20219703	1.11690707	1.25132854	1.49620025	1.14258782	1.36106023	1.64634074	1.08878442	0.67345226	1.69907360	1.49382276	1.28101576	1.00832453	1.46765000	1.19204488	1.01414550	1.28868168	1.59772563
02_200	1.30347334	1.27220021	1.25958221	1.60345177	1.13641041	1.39619169	1.28180386	1.62209567	0.90299947	1.14005897	1.31985747	1.39264458	1.48436424	1.34498755	1.00490894	0.95634869	1.42656091	0.72279103	1.16054695	1.62087174	1.60803525	0.89436882	1.42025988	1.50285102	1.22846829	1.06377088	1.27669046	1.49986195	1.30431496	1.36365888	1.48454383	1.37414866	1.02820962	1.40597293	1.39447582	1.68786294	1.41733629	0.97758142	1.37320942	1.11719949	1.66391300	1.43605932	0.90478224	1.43461242	1.52295063	1.58135905	1.25215833	1.57639101	1.22023813	1.53388118	0.76458042	1.17389967	1.21738763	1.32331184	1.26218072	1.51191849	1.21669636	1.85709802	1.28661055	0.91269134	1.84285693	1.27981180	1.41770728	0.90294643	1.33125832	1.48037585	1.63982911	1.02845925	1.25662389	1.26118157	0.72223167	1.18759596	1.02465890	1.46670527	1.60515152	1.44170405	1.03401898	1.78621410	1.05143367	0.74826218	1.05847177	1.01941535	1.30482435	0.69511704	1.63204783	1.32750424	1.08241922	0.88752596	0.99696558	1.00499810	1.61198625	1.09216231	1.11478508	1.70820885	1.52137784	0.76691639	1.47142630	1.31484553	1.32228941	1.13087823	1.24398880	1.40528850	0.89323594	1.25297953	1.23453864	0.96827664	1.57919523	1.56273602	0.92640408	1.53794170	1.38323689	0.18104871	1.57645002	1.02337256	0.69761290	0.43490222	1.44927021	1.19959327	0.97293341	1.23891597	1.06455075	1.22512891	1.10108281	1.58781521	1.09326322	1.21364234	1.08400548	0.86646397	1.03379667	1.20443081	1.08362139	1.40589436	1.15398053	0.69370253	0.63364183	0.72091150	1.34916758	1.33549448	1.17716825	1.19765610	1.49736583	1.22748887	1.00691337	1.54043578	1.06004035	1.20713626	1.15090662	1.34447449	1.02517882	1.04208061	1.48611501	1.01288106	0.51949093	0.39689852	0.72342969	1.16705739	0.82784502	0.30876993	0.76591242	0.86965292	1.18459676	1.70707025	0.89119352	1.04351316	0.67858342	1.43670835	1.46772656	1.18397170	0.86754553	0.92325408	1.12951402	1.21703302	1.10531008	1.18423625	0.25785555	0.80346570	1.12481650	0.84285383	1.12466072	0.89005492	1.66859346	1.44080498	0.45189039	1.46335721	1.02427057	1.39806961	1.09610336	0.54106937	0.87890787	0.99658468	1.11140465	1.35569871	0.90955242	1.14632481	1.65944733	1.32004333	1.01570790	1.63385759	0.84497524	0.93477274	1.55391396	0.82468562	1.16061907	1.00071469	0.85228048	1.48265271	1.34978956	0.83877685	1.33532297	1.40421481	1.35095638	1.46929271	0.83860776	1.24339947	0.30702482	1.44736500	1.57895961	1.76207687	1.34000277	0.97172611	1.08754965	1.25207737	1.54622078	1.32339478	1.59556155	0.39873750	1.60303475	1.19391030	1.16205136	1.31554333	1.35410513	1.09375703	1.46719325	1.20957869	0.97557141	1.41606599	1.18545533	0.89297892	1.48579061	1.23943583	1.09851651	0.52837959	1.63640592	0.81738578	1.05179897	0.68754209	1.36504192	0.72925082	1.34773890	1.64627247	1.07883919	1.24356457	1.08410510	1.25879788	0.74780123	1.45116744	0.53400460	1.14292087	0.92357462	1.18718152	1.25998179	0.76751061	1.46282379	1.29116080	1.20307455	1.23460653	1.15880746	1.15211088	1.06517700	1.23070968	0.63375863	1.35637695	1.32449467	0.97119586	1.12135102	1.64225480	0.77522129	1.52175235	1.15661955	1.62114754	1.15089545	1.38340126	0.66756769	1.18497197	0.93379864	1.70379933	1.22687139	1.52157375	1.57749541	1.23973586	1.09468553	1.30621273	1.69322167	0.96325684	1.26774474	1.09090395	0.71220900	1.25077985	1.84183052	1.78286976
02_101	1.22242724	1.21245395	1.31736223	1.08128374	1.55293235	1.76598743	1.55663759	1.22795435	1.37801620	1.06928438	0.97476916	1.07078752	1.19339545	1.10234261	1.32378911	1.28197924	1.59552997	1.16288455	1.29200714	1.45605395	1.12237241	1.37635345	1.17980807	1.13527013	1.43941368	1.40447928	1.47125607	1.43234799	0.96144925	1.25554450	1.44233155	0.79842643	1.17368634	1.58524392	1.58228291	1.25284128	1.62226784	1.34583212	1.64170847	1.53952512	1.31642297	1.59295016	1.22970966	0.91743690	1.24182402	1.05023852	0.92559241	1.32445586	0.91734366	0.95714144	1.15894435	1.37758256	0.84484253	0.63116207	1.11359725	1.51513826	1.42916733	1.43383946	1.54348772	1.32485161	1.53353844	0.92592489	1.09268013	1.29650363	1.04801676	1.22460818	1.61678169	1.26516164	0.61711413	0.66050205	1.21328825	1.52795080	0.99964775	1.16551137	1.33959614	1.26441514	1.04406036	1.47828743	1.35105530	1.14879616	1.18100961	0.57556976	0.81930933	0.96507546	1.56900412	1.51231137	1.04547830	1.18979234	0.93366193	0.49325123	1.16563796	0.35741680	1.28853439	1.22126667	1.54602937	1.10700663	0.87735440	1.07248921	0.70268517	1.21051561	0.39949924	1.09337386	1.33378618	0.89866708	1.21468689	1.04960428	1.88269662	1.21746142	0.80733954	1.30703826	1.50864291	1.11086042	1.18703238	1.46646132	1.28575925	1.01472178	1.24215319	1.61351940	1.40072288	1.20282172	1.31260072	0.92242343	1.08770013	1.22722242	1.25596330	0.87985246	0.60843436	1.25372477	1.15985271	0.66960793	0.69269528	1.76866230	1.01318462	0.53609458	1.21145655	1.03312225	1.41526875	1.50323741	0.34150957	1.08397733	0.87119923	1.54086255	0.54095237	1.37907536	0.53666075	0.76245118	0.71168055	0.88224388	1.01259113	1.21541230	1.50718129	0.30634067	1.02613023	1.01932071	0.98359297	1.17975105	1.01951055	0.87608708	0.89490693	0.97158381	0.49709476	1.38270275	1.33604082	0.67514125	1.05765968	1.55088153	1.20116259	0.80553040	0.73372309	1.43678515	1.02250294	0.36902595	1.55374378	0.95741900	0.91971572	0.62670412	1.32482593	1.13242486	1.09687089	0.81619527	1.43104797	1.31651232	1.18207783	1.55986087	0.36548800	1.56815187	1.06710644	0.86820659	0.31753014	1.48924144	0.69476725	1.53317192	0.84777628	1.38811103	1.51690482	0.53509331	1.31123327	1.14585387	1.14714154	1.11480887	1.00466149	1.19310751	1.03107678	0.76412303	0.92973581	0.84118563	1.05980894	1.31757966	0.68934128	1.76143712	0.92201239	1.63065189	1.36814173	1.45104917	1.15338608	0.79003957	1.19322410	1.90171920	0.89263205	1.09768109	0.24687445	1.56571552	1.57712838	1.39194669	1.17948059	1.12180717	1.35529849	1.58134356	1.27370562	1.61061946	1.15225044	1.54536341	0.86019511	1.12853353	0.68939962	1.68378579	0.74189669	1.13189959	1.27883962	1.38551671	0.51802988	0.95632897	1.09839128	1.35914384	1.09286603	1.04505987	0.61922360	0.76449441	1.49938650	1.39223415	1.53378455	0.85953486	0.66031504	1.27900905	1.29735432	1.32897975	1.05595892	0.68880422	1.30573870	1.26753206	0.75750671	0.87084671	1.06625436	1.43508660	1.37471939	1.45680406	0.95247700	1.44885696	1.29581257	1.21468906	1.22512756	0.94605099	1.70328703	0.76298795	1.54154063	1.46094502	1.34143608	1.15775214	1.51219464	1.33639173	1.39542321	1.29170553	1.18110848	1.32867885	1.39616086	1.22388629	1.13289967	1.16259898	1.68752366	1.19642062	0.88522500	1.46514113	1.29075657	1.34047910	1.02675202	1.54049895	1.19687470	0.83615408	1.36424793	1.32766835
02_273	1.54403025	1.30378730	1.58822398	1.28101643	1.71858082	1.44703055	1.27293198	1.46475862	1.69546390	1.58540436	1.59969266	1.39073945	1.50913638	1.54839871	1.66437450	1.44560784	1.30613216	1.50462656	1.49106753	1.13175696	1.40363867	1.73059611	1.48797922	1.43267874	1.58906418	1.51089450	1.65369392	1.22377532	1.16784164	1.55867630	0.80542871	1.27596193	1.55047576	1.23249928	1.12736670	0.81733739	1.10745479	1.63363828	1.36332818	1.70984785	1.02147929	1.19018519	1.54118099	1.22954893	1.19308157	1.22076737	1.02758425	1.23753949	1.09733366	0.87708826	1.35749369	1.24062192	1.46633698	0.82499107	1.37592617	1.04434743	1.56760998	0.68572860	1.58536957	1.64104481	1.03817533	1.41751113	1.25042541	1.70792009	0.73503571	0.85051017	1.09291906	1.23061233	1.08222454	1.25763053	1.71944558	1.37339554	1.15015088	0.69424432	1.05112958	1.50582406	0.77829475	0.80771273	1.48148675	1.41884565	1.40278729	1.46245738	1.17645065	1.33515074	1.16302738	1.41391493	1.34216921	1.52825978	1.43136441	1.31772353	0.93079458	1.32479407	1.44512263	1.13544830	1.16174434	1.00729435	1.42607706	0.91083722	1.42993338	0.87148734	1.15552005	1.17063814	1.54803979	1.00918389	1.04410216	1.46977642	1.40704158	1.35301228	1.55427638	1.59406339	1.47500881	1.57405964	1.12804888	1.03670350	1.71198792	1.39196205	0.22686827	1.76425713	1.46039715	1.23070629	1.70312122	1.65656197	1.16577483	0.54911280	1.31905908	1.29010567	1.14267033	1.73652138	1.24459001	0.80774823	0.93841937	1.27133620	1.38211415	1.08549320	1.25962992	1.53729881	0.82591281	1.17440313	1.08602139	1.08986053	1.03978751	1.64569348	1.37315378	1.41561731	1.25716304	1.48666777	1.09649438	1.25351108	0.96218123	0.75471029	1.17350426	1.32725604	1.31253250	1.36534361	1.41241896	0.83335763	0.87260002	1.47470462	1.09648638	1.62464984	1.03148551	0.46952879	1.66274810	1.06896745	1.41356685	0.95735705	1.26813401	1.11464579	1.36462250	1.47842525	1.40479229	1.15809011	1.65501866	1.46086202	1.40839148	1.23727694	1.28724039	1.26628065	1.56122061	1.22550108	0.82204680	1.44618395	1.47797592	1.14634180	1.31248100	0.85088863	0.54360239	1.32859401	1.23030014	1.13885257	1.35742794	0.78873986	1.18868912	1.33404148	1.15460560	1.25793327	1.58410728	1.28619734	1.22306040	1.34642989	1.28324282	1.31028136	1.63263651	1.06791877	1.26230714	0.61741544	1.08192298	1.48001987	1.41929114	1.26827546	1.16313658	0.86857903	1.45747844	1.58542451	1.60089971	1.07513659	0.84682043	1.25241216	1.11718569	1.11182935	1.22288185	1.61651062	0.71262792	0.92643904	0.52132120	1.56954245	0.86824944	1.23896279	1.11436944	1.27740018	1.35597873	1.77206535	0.62890341	1.28267702	1.44875659	1.01070430	1.19384310	1.44285996	1.26672249	1.37876183	1.04122033	1.40679371	0.95993868	1.82160977	1.35533549	1.35200689	1.18817349	1.38053857	1.02222747	1.39907520	1.57716196	1.02805164	1.47154576	1.20549231	1.64191586	1.52971636	1.45773613	1.15201057	1.23558523	1.22270810	1.05670671	1.31035590	1.20990776	1.58590242	1.29912809	0.97449442	1.51973573	1.40437488	1.38930690	1.39056127	1.63826968	1.08910649	1.76852452	1.30128570	1.79033583	1.66023934	1.74974334	1.21518477	1.24549745	1.46230250	1.58018177	1.33083002	1.55312013	1.32374303	1.57084492	1.20414572	1.20610908	1.01997502	1.32936888	1.62231259	1.53797888	1.40169136	1.00743588	1.38700852	1.49925477	1.37492932	1.60491183	1.07489865	1.28193514	1.23394856
02_286	0.26306106	0.70584673	0.31357165	0.72859716	0.74286274	1.21895676	1.24645494	0.39472250	0.90946096	0.62130340	0.76495826	0.77414505	0.27508617	0.45081460	0.69117966	0.88285107	1.18914751	1.08031148	0.67714644	1.07358681	0.63309718	0.96171818	0.40042016	0.34026890	0.52893882	0.81275472	0.43291000	1.18361027	0.87016228	0.22428847	1.32508219	0.73132873	1.00405759	1.03565931	1.18665272	1.36965957	1.41198297	0.91091741	1.02257185	0.72955388	1.20980741	1.33979672	1.12522894	0.62829376	0.92512367	0.77342842	0.75001991	1.34464481	0.73268182	0.96665111	1.02876123	1.13575149	0.71816914	1.21711212	0.77421495	1.43636925	1.00646877	1.27035101	0.82538723	0.75752303	1.02921010	0.54468008	0.62234389	0.89882533	1.47249790	1.26048042	1.11222182	1.19845626	1.03896010	0.90502261	1.13753917	1.40246680	0.58657448	1.39571807	1.15620486	0.26462832	1.00013407	1.18425091	1.10591534	1.04253426	0.54965423	1.16034801	0.65359851	0.80996737	0.91251187	0.58043902	0.80356070	1.21687309	0.66681584	1.14962618	1.55368285	1.14415088	0.72015252	0.90634058	0.99380466	1.30411177	0.99358959	0.95910471	1.16270347	1.61287525	1.52597135	0.72598656	0.75180979	1.16372968	1.44886378	0.93729526	1.22136071	0.44202953	1.03165872	0.28797411	0.92121658	1.34175975	1.41213415	1.71162257	1.08315082	1.06227749	1.59323320	0.74206502	0.88004922	0.93367376	1.33012862	1.00080256	1.19518744	1.18863752	1.20360583	0.77608920	1.24529311	1.00029085	1.49776309	1.51447257	1.24626828	1.26926731	0.38013030	1.28210969	1.51260105	1.19728556	1.89420887	1.52400209	1.16987333	1.27378403	1.29575501	0.74105835	1.38833263	0.72959356	0.99441757	0.87912209	1.12438673	0.80285429	1.61494546	1.36378388	1.10186450	1.20540626	1.12882830	1.31361429	0.78936153	1.49764111	1.54779898	1.36631687	1.24085656	1.02197959	1.32506770	1.42186254	1.17470871	1.30667937	1.65687271	1.17532568	0.52760911	0.67269943	0.79463203	1.42749397	1.16036928	1.50449740	0.76657948	0.90099565	1.43985377	1.21708572	1.44799178	1.49462508	1.24966991	1.53832289	1.41768293	0.33502682	1.19242261	1.09285121	1.11055222	1.44988425	1.37928345	1.26051613	1.25674945	1.42496849	0.96801376	1.66384927	1.50101438	1.04794930	0.87761514	1.32148710	1.07569385	0.68026142	1.17303056	1.46167919	0.90205383	1.11121255	0.82393500	1.22869936	1.08222212	1.50958605	1.03751933	1.31544761	1.14905260	1.20056284	0.70510586	1.65392410	1.14868261	0.48963715	1.57652963	1.11605443	0.84228776	1.38557799	1.05479465	1.37399126	1.32853173	0.73164966	1.42524438	1.94503166	1.18598952	1.27137956	1.26203282	1.01455920	1.19005652	1.21945058	0.59555861	0.83449916	1.60565620	0.91909184	1.00180883	1.50278797	1.12563425	1.59746887	0.85517027	0.86055294	1.26577784	1.23073345	1.02784864	1.23599898	1.24235599	1.24592997	1.57270521	1.43045586	1.86145499	1.43381499	0.89523924	0.95138929	1.26379731	1.46508220	1.06697850	0.38316379	1.48578768	1.29706878	1.08332337	1.22185539	1.65530176	1.60104724	1.09753482	0.64704476	1.48530161	1.81114971	0.96186067	1.12228602	1.34132262	0.72388691	1.35704487	1.11086159	0.88417516	1.19733316	0.96263173	0.52326617	1.35166228	1.04056665	1.68939122	0.63279026	1.25283453	0.98860088	1.43298668	1.46433182	1.11001897	1.36146992	1.54550919	1.75022772	1.72735413	1.31915102	1.27402539	1.50283978	1.93144314	1.55400529	1.24745019	1.60216208	1.55787595	1.40883005	0.91782153	1.45569737
02_44	1.10247595	0.79369777	1.13717922	1.39277136	1.26262557	1.14754018	0.87760668	1.35136561	1.09063867	0.89250339	0.92764087	0.82401003	1.19749693	1.03026550	1.03251360	1.09735648	0.95284474	1.03912056	1.21874266	0.98003394	1.35597751	1.07454575	1.05646346	1.21064753	1.28329244	1.28489031	1.24969514	0.83673100	1.08349317	1.14295871	1.17092956	1.10242619	1.13573468	1.24303639	1.04845054	1.12419808	1.24728642	1.16216452	1.06811619	1.26057453	0.99424282	1.15929057	1.16199273	1.11167837	0.85060193	1.38840456	0.68431796	0.78935424	0.73588497	1.16666260	1.11195714	0.77528553	0.83299556	0.89946652	0.73186914	1.22849068	1.40903064	1.35966579	1.46450776	1.02061366	1.30966585	0.99836179	1.30957367	0.96189039	0.62128112	0.77449199	1.36116676	1.13864409	1.11922211	1.02413626	0.89749584	0.97038362	0.86163463	0.92853994	0.87703818	1.20532162	0.66861854	1.34962865	1.13403142	1.07702139	1.10801711	0.63373779	1.05669413	0.79439835	1.13305555	1.14345757	1.12853113	1.16981257	0.86477452	0.68150583	1.02775420	0.76382986	1.24362923	1.32679244	1.38741425	0.57539041	1.20118452	0.92181083	1.06276720	0.74474300	1.12476946	1.05936214	1.06840092	0.46933076	0.50131499	1.03619274	1.33929323	1.36295591	0.63796239	1.24723095	1.54496565	0.82285228	0.99260019	0.92032202	0.93596771	0.83101009	1.13292673	1.33110210	1.24311757	1.36763491	1.27157542	0.84977851	1.32444091	1.01170662	0.65988998	0.94777973	0.39882003	0.92913468	1.39180641	0.88594285	0.51242601	1.17585291	0.95334155	0.80171895	0.59390803	0.94249168	1.25493673	1.08046881	0.98266498	1.37955839	1.40574006	1.38017246	0.74797459	1.52220023	0.74728923	0.82547532	0.87126221	1.17915876	0.48123762	0.96368785	0.91703587	0.68395442	0.94347793	0.89685674	0.78264620	0.56422982	0.61210321	0.67827667	0.52702016	0.72392386	1.10912559	1.34005494	0.85895067	0.32690702	1.17703611	1.06022037	1.10977649	1.05122653	0.64284168	0.75948649	1.20861512	1.09115255	1.23718642	1.06480870	0.84266957	0.71706845	1.49179072	1.27329637	1.18345915	1.15706388	1.12708551	1.34356527	0.93303072	1.10429468	0.68167153	1.15083811	0.76386737	0.42543240	0.75967709	1.03690642	0.63376389	1.35923899	1.17441751	1.42239400	1.12386757	1.12731419	1.23796536	1.42792367	1.19135923	1.29545250	1.22198600	1.18950608	0.86153197	1.12379936	0.90250549	1.19764525	1.38149060	0.80403572	1.05514445	1.23281604	1.10164967	1.50146112	1.19765702	1.25227128	0.92908795	1.30211052	1.11464589	1.61483855	1.19179372	1.00022769	0.85464814	1.40868509	1.35580621	1.22627062	1.26307783	0.86985758	0.96091634	1.17179376	1.34890487	0.99511894	1.16544578	1.23630690	1.15729062	1.15259977	0.68578465	1.23101990	0.99023299	1.28550614	1.45461149	1.41164820	0.65617753	0.78834160	1.40586956	1.01584720	1.26786130	1.05527494	1.26821623	0.69662102	1.26265732	0.91711826	1.26664702	1.03317567	0.75411201	0.63232769	1.00696981	1.26595688	1.00605903	1.13426451	0.88554076	1.40681194	1.16497232	1.12399499	1.32107521	1.32947235	1.54269649	1.22768458	0.98334363	1.42887856	1.38986975	1.16340256	0.95961244	1.28723375	1.45427784	0.87387779	1.26506793	1.39124902	1.05644039	1.43382280	0.98658722	1.48077010	0.92106369	1.27626008	1.00321463	0.76362870	1.14153611	1.59791251	0.84614112	1.23169434	1.41140877	1.30590325	0.86403442	1.62368270	1.24603760	0.98971279	1.25268397	1.02626099	1.00447272	0.97824874	1.53800228	1.69158786
02_29	0.80198257	0.83316151	0.82119208	0.95276832	0.88129638	1.23726673	1.13942115	0.98763109	0.64824525	0.65586959	0.79928416	0.89545524	0.92151739	0.81580665	0.68289682	0.54049728	1.18893931	0.44560968	0.58996017	1.23204358	0.89247577	0.64788940	0.93768917	0.94597267	0.79375550	0.74091554	0.92038093	1.18648871	0.57766820	0.86929584	1.12011916	0.69313150	0.39991410	1.00862749	1.13766178	1.18844423	1.14590895	0.55947898	1.13555790	0.88612567	1.18809303	1.09543132	0.48686554	0.75264420	1.11038470	0.97964570	0.84173989	1.26708496	0.65553625	0.93215762	0.58978295	0.91309139	0.77556567	0.83815550	0.80612474	1.10815931	0.71119913	1.39697500	0.87584797	0.69146268	1.32026688	0.60654344	0.79334232	0.64107370	1.16182678	1.30982572	1.16285276	0.66302125	0.72430667	0.56777782	0.57625385	0.99214642	0.49467956	1.08322698	1.27108033	1.01003979	0.93132322	1.27653165	0.59317677	0.47333724	0.57664039	0.81308274	0.86657984	0.64567655	1.30390645	1.00478539	0.39463602	0.49353902	0.33239804	0.89388859	1.17042487	0.65635672	0.61176545	1.01632907	1.01962056	1.00904687	0.71261891	0.73877420	0.64307692	1.09030219	1.00229643	1.13762685	0.79695515	1.02835971	1.16148927	0.26072923	1.35863962	0.94400612	0.61132040	1.03328172	0.94266853	0.75305642	1.05956738	1.32403541	0.63521199	0.52663860	1.31664457	0.96642222	0.91202449	0.80408979	0.60336932	0.73817168	0.82065030	1.24691258	0.81104535	0.98389244	0.91255539	0.59696287	0.99176736	0.92606550	1.02273709	1.32943824	0.68847877	0.70828169	0.96184219	0.34021823	1.35297372	1.06031031	0.78529676	1.02732808	1.16227484	0.82581217	1.04920883	0.91776594	0.81484641	0.66076512	1.08059843	0.60647593	1.19988759	0.95613305	1.19315173	0.76574830	0.64812153	0.86294265	0.42683211	1.22856033	1.03167918	0.76300960	0.57241234	0.54582469	0.93517323	1.33585104	0.69839306	0.91502007	0.88893151	1.34768276	1.09795576	0.66649299	0.57315174	0.97685583	0.47275742	0.97953002	0.92204961	0.37524416	0.70147960	0.88287588	1.08365645	0.91935144	0.48227773	0.81933201	1.58592068	0.83447386	0.85606584	1.07339673	0.71486604	1.47330981	1.00026049	0.69706832	0.59911056	1.27062645	0.75713995	1.35603292	0.83363335	0.98049238	1.26882112	0.77556420	0.52228980	1.00540538	0.88559511	0.76781739	0.79008313	0.72753408	0.66510211	0.73521218	0.96984116	1.19576938	0.96330403	0.73134323	0.65847507	1.29400770	0.97336301	1.42094968	1.04823810	0.94276656	0.98371717	0.95030804	1.05387455	1.39717623	1.13273339	0.66017789	0.80736358	0.90753265	1.31119887	1.33678655	1.26261119	0.61397316	1.40083693	1.12806877	1.09218524	1.12555087	1.04484565	0.84393509	1.19189243	1.15499542	0.56827862	1.55008519	1.05812253	0.80874626	0.86138375	0.85674794	0.71979933	0.80299383	1.11792586	0.71611989	0.58709574	0.55827398	1.06220747	0.93779311	1.27876858	1.27280297	0.99725859	0.96601092	0.91229604	1.12592912	0.66966435	0.97612364	0.79797284	0.74582968	0.93409281	1.08657429	1.02972818	0.84097269	1.22855417	0.76386210	1.11628299	1.28392894	0.49239567	1.05868786	0.85901632	0.97426312	0.72371290	0.90523501	1.09462352	0.64499126	0.82736206	1.13190626	0.83133845	1.13275517	1.21720360	0.92497177	0.85802187	1.18975287	0.97328036	1.08265356	0.90875732	1.35930881	1.22351097	1.20857253	1.23428021	0.60133682	0.89195668	1.16207130	1.51791381	0.93860010	0.60006109	1.21959139	0.96988855	1.02213592	1.12524704	1.41577767
02_215	1.30280673	1.28004797	1.27955474	1.35858580	1.14863788	1.42013567	1.33333003	1.48677112	0.87225346	1.16961413	1.33129251	1.40258211	1.44521331	1.35302934	1.04890183	0.72088390	1.44878432	0.45324374	0.90933217	1.60081171	1.36283383	0.86860318	1.45868393	1.45492607	1.13021866	0.90089824	1.30916544	1.52036598	0.94946429	1.37350448	1.22122492	1.16497637	0.63602017	1.18665942	1.31914694	1.43758551	1.15996099	0.76867321	1.39429606	1.15221556	1.53534733	1.20174099	0.48820159	1.23991699	1.54665469	1.35582800	1.27861466	1.61212520	1.11857779	1.27163800	0.56561153	1.13946427	1.28757226	1.09384867	1.28634694	1.17621116	0.81595593	1.66840467	1.05229238	0.99405700	1.68927812	1.15578600	1.16771472	0.95000981	1.33966313	1.60571262	1.37329759	0.59817928	0.99621008	0.99982952	0.75670729	1.05279922	0.90433033	1.25534373	1.64328191	1.49183863	1.15016610	1.54210492	0.68867343	0.46520897	0.92721126	1.17865875	1.28648476	0.90834046	1.66508129	1.36073954	0.72348941	0.38813444	0.87640225	1.20778817	1.36327607	1.02036442	0.86472565	1.40748131	1.21201207	1.06770802	1.14909128	1.05152247	1.01974168	1.05465761	1.08250712	1.53232601	1.03647749	1.36965549	1.35418555	0.60963080	1.54785448	1.38689937	1.02888047	1.55517026	1.07627055	0.66774679	1.32528513	1.20506096	0.80699072	0.56543861	1.32787527	1.23241236	1.03913247	0.93097644	0.56993247	1.22613995	0.77343000	1.52296075	1.04978106	1.38122680	1.21681008	0.89603012	0.74047227	0.96841445	1.27402590	1.47208243	1.18283067	0.71215425	0.88230146	0.39593351	1.13344457	1.06726061	1.03993507	1.00924759	1.32491799	1.06857724	1.26941150	1.21983603	1.18888862	1.17781507	1.34929746	1.02560693	1.25667319	0.87796864	1.51383129	1.07629488	0.61108422	0.78658824	0.79067480	1.34109181	0.96438131	0.76326809	0.65068247	0.94259272	1.05197677	1.46885763	0.90007457	1.17504105	0.44937853	1.56184229	1.54781961	1.05301477	1.00162447	1.02074430	0.59564350	1.07583582	1.17067134	0.84183539	0.44736700	1.07103612	0.89535727	0.60653488	0.61595820	0.56235017	1.83109351	1.26473847	0.84676595	1.31666255	1.07827271	1.55854458	1.03849788	0.83035135	0.79625644	1.25820346	1.20698637	1.20464185	0.61855262	1.00324918	1.66744553	1.00832550	0.61340423	1.41923854	0.83301703	0.42850654	1.23033088	0.67064367	1.17899701	0.75583759	1.15267521	1.28653755	1.12579598	0.78534131	1.05776525	1.44203720	1.37532149	1.29608440	1.08339007	1.30469400	0.82601453	1.20775140	1.43781011	1.48832328	1.40567856	0.52120172	1.03552778	1.14461525	1.34823652	1.10657265	1.47751255	0.56792297	1.71017656	1.26108706	1.11652305	1.31498260	1.45636912	1.11656428	1.25277118	1.42128695	1.00923750	1.61260303	1.33963887	0.38985679	1.12631714	1.01624628	0.98616724	0.88612946	1.41141810	0.86899362	0.49500622	0.40366604	1.14168605	1.04299298	1.07392146	1.62743897	1.18610235	1.27483483	1.24256546	1.33379797	0.82995332	1.45046261	0.59847196	0.85815562	1.09304550	1.11553423	0.99970619	0.48888140	1.51198475	1.11540583	0.93782045	1.08235563	0.96064568	1.10875471	0.73458163	1.32614271	0.71636180	1.12343062	1.34715986	0.88812668	1.08101833	1.63045930	0.89353791	1.40779287	1.17443586	1.34930743	1.10747476	1.48609267	0.96820739	1.25774140	1.05227911	1.56504887	1.39027706	1.24193801	1.18860548	0.70524533	1.20430295	1.03113454	1.59908656	0.87398349	0.76383580	1.21821451	0.92034082	1.20934897	1.52108720	1.59102648
02_224	1.35788448	1.15945774	1.34569063	1.56224680	1.31147598	1.27179888	1.07047032	1.60972879	1.11748310	1.20129111	1.31781808	1.27504101	1.49009253	1.36290520	1.16696091	1.07775119	1.21777271	0.92974260	1.27435481	1.35765925	1.58453984	1.11374442	1.39770777	1.48806575	1.35896917	1.22408355	1.39363051	1.23554828	1.23888206	1.40784241	1.22345113	1.33300173	1.15936497	1.30802872	1.18411161	1.37305892	1.22727424	1.16556976	1.24715795	1.29711542	1.36944772	1.24418719	1.07577243	1.36664217	1.29887391	1.53136397	1.05965144	1.26637685	1.07474777	1.35220016	0.93298582	0.99322990	1.19546946	1.08123589	1.15459997	1.28156492	1.35396754	1.55877714	1.42776342	1.09826573	1.60114689	1.28308246	1.41583632	1.08655105	0.89947760	1.11839432	1.47007950	1.02176658	1.18561902	1.21753551	0.94368784	1.03816175	0.99921942	1.11645280	1.29219634	1.45606971	0.76634181	1.52426194	1.11829706	0.92866966	1.16689878	0.95772249	1.24795965	0.80251258	1.42344323	1.30784460	1.15548398	1.05081879	1.06163670	0.91383637	1.27032337	1.01519076	1.23638591	1.56471762	1.42758011	0.45250238	1.43248758	1.11677684	1.27750507	0.72363750	1.10733503	1.28864178	1.06745408	0.93927697	0.84074623	1.07694564	1.43751167	1.55067876	0.94929896	1.54668817	1.48065628	0.57794325	1.30036440	0.66139010	0.93669842	0.66265298	1.06289117	1.37999265	1.12108707	1.28518776	1.21792300	1.22726571	1.13353108	1.24937792	0.91946464	1.15754295	0.82927193	1.05240413	1.07708917	0.90547447	0.76783935	1.22568236	1.17691366	0.62237679	0.35706262	0.88105106	1.00965999	1.10175303	1.06398203	1.18215520	1.38797805	1.38095995	0.88635768	1.57835842	0.96904717	1.17634985	0.99912358	1.31651014	0.55034874	0.78914028	1.23241604	0.92655118	0.68232824	0.56764443	0.83967235	0.72121939	0.34581382	0.47119048	0.57165194	0.95441246	1.06974716	1.39844285	0.97062509	0.72240862	0.77074093	1.16805357	1.37405399	1.14861369	0.89090273	0.81484245	1.18347059	1.07652204	1.25294698	1.22019431	0.48234801	0.71358652	1.18043072	0.90993492	1.19798761	0.88197711	1.31564070	1.48215079	0.70059377	1.26546975	0.93926207	1.09253914	0.69865767	0.43205507	0.79815833	0.81068112	1.00630242	1.10626844	0.88928672	1.24426412	1.43880250	1.22438498	1.17104299	1.58758814	0.92384932	1.01463762	1.46307035	0.94779064	1.19126497	0.95913217	0.83880911	1.20239873	1.31209861	0.80708018	1.27543687	1.25054706	1.26819033	1.25456702	0.97478292	1.34205485	0.55112322	1.34771619	1.35112715	1.60879746	1.23723153	0.85055650	0.95360577	1.38899457	1.28056666	0.97074274	1.33363336	0.67024339	1.24852450	1.13317288	1.13692152	1.11979165	1.32667372	1.27482380	1.14418060	1.18659193	0.95383131	1.15162808	1.06953629	0.97270732	1.47614093	1.31950611	0.85378731	0.60860250	1.48764431	1.02288793	1.12591208	0.80323648	1.22320164	0.62328047	1.04199216	1.35510263	1.19725202	1.10545204	0.98850755	0.91238100	0.93917225	1.46400254	0.65139453	1.06093077	0.82004788	1.19191208	1.04580354	0.80402809	1.35941151	1.38570636	1.23562612	0.92556371	1.16880231	1.22756381	1.13448642	1.23109020	0.79359667	1.26249342	1.44825440	0.89276288	1.28178522	1.63635936	0.93978844	1.44338695	0.85168462	1.61992987	1.07535440	1.30873679	0.75210273	0.90655697	1.02868942	1.57463038	0.90843770	1.20686688	1.36943864	1.30757982	1.02411979	1.33976321	1.28392316	0.81745581	1.30663845	0.87306144	0.75896852	1.00385364	1.72788144	1.64788472
02_140	1.27714439	0.98674933	1.29538411	1.18474900	1.35550341	1.05603353	0.88898029	1.30438138	1.30446831	1.28809410	1.36420070	1.15401016	1.30792939	1.30999698	1.30282841	1.06155526	0.94556048	1.13456923	1.14888025	0.89222669	1.24618812	1.33491663	1.27354648	1.27085763	1.25950773	1.17458187	1.34621431	0.93446211	0.91242043	1.30662714	0.48621918	1.11871878	1.18348099	0.84906535	0.74470378	0.69179438	0.72497117	1.24398182	0.98722040	1.35530018	0.82711160	0.78711713	1.16948426	1.06425799	0.98777599	1.15543672	0.82884400	1.03080227	0.82593423	0.80827468	1.04036393	0.82943298	1.26389427	0.75089087	1.07898536	0.69262093	1.22142423	0.73440025	1.26239677	1.27949287	0.89601183	1.17608377	1.08278750	1.32740308	0.60461200	0.78689115	0.79165245	0.85520697	0.99833598	1.07887752	1.33391315	0.93716471	0.83182720	0.47685570	0.88561380	1.31645197	0.55295684	0.69226345	1.06661013	1.06743035	1.09086682	1.28782652	1.08942627	1.06947518	0.95309630	1.09551260	1.03145320	1.16863080	1.10977978	1.21319711	0.78335220	1.16432118	1.11525121	0.99369293	0.85029769	0.76613347	1.23568583	0.59219529	1.23096148	0.57021907	1.16924467	1.11163651	1.22620337	0.86084764	0.79264312	1.11359603	1.04882377	1.19712611	1.27472711	1.39106938	1.21044120	1.25585724	0.89712974	0.80157086	1.32264526	1.06600086	0.39820449	1.41459390	1.17920891	1.02742643	1.32691689	1.39220210	0.99760662	0.54343187	0.91436041	1.19409277	1.00512302	1.35080938	1.10516335	0.73683365	0.87625849	0.93029750	1.13996201	0.94621150	0.92150718	1.16946733	0.71064215	0.76666262	1.03830870	1.03679092	1.13656831	1.29081495	1.30239211	1.20299070	1.14026936	1.25838052	1.09606738	1.05790329	0.83895149	0.42420063	0.86281209	1.19506000	1.02957387	1.13968989	1.07834439	0.67121866	0.65865737	1.21569286	0.73513863	1.29291486	1.04817436	0.53912847	1.24503133	0.90911566	1.19188714	0.77086370	1.14417626	0.96319325	1.12255240	1.06996655	1.10862925	1.16079779	1.30038357	1.15320164	1.13571442	1.11809852	1.14300188	1.07798899	1.22509588	1.07770273	0.93320464	1.20017100	1.19936559	0.75622423	1.16444298	0.77401854	0.24477432	1.03188694	1.06307672	0.91638159	1.15871112	0.67198062	1.04771456	1.12288292	0.94981057	1.15475431	1.20134093	1.19611026	1.02932461	1.10341008	1.09740036	1.03113851	1.33139273	0.94139437	1.13321695	0.80165272	1.02059722	1.04876947	1.22642788	0.92839897	1.09578814	0.77524128	1.22492319	1.29673171	1.33909967	1.06943982	0.72065123	0.95923190	1.14587249	0.75450607	1.13420225	1.28443121	0.52521094	0.78260390	0.67967532	1.21550169	0.82880897	0.92982850	1.00423214	0.87041947	1.22730835	1.38915532	0.76619791	1.21639589	1.19696481	0.91239051	1.17028242	1.18555387	1.06377684	1.11586222	0.87020992	1.16279522	0.98061786	1.42227970	1.07247197	1.03976870	1.20195629	1.21071457	0.77054981	1.15635384	1.26170064	0.97396597	1.31536012	0.90675462	1.26542519	1.30503567	1.18533465	1.02806341	0.91587420	1.10822208	1.01719428	1.13563844	1.22776297	1.24789814	1.15205908	0.76393284	1.21421007	1.18597408	1.12974268	1.19945063	1.27681775	1.00557279	1.43607847	1.06943665	1.39953968	1.44495499	1.38799652	1.17590885	0.90703238	1.25332767	1.17615519	1.21775885	1.29739079	0.99784265	1.24632262	1.27079647	1.06374093	0.91912780	0.97595456	1.29086316	1.32539399	1.23699841	1.03568684	1.02262601	1.22783709	1.04946819	1.32532545	0.98864559	1.15810885	1.29585505
02_324	1.24887186	1.22258410	1.21839217	1.43172182	1.10311517	1.38011798	1.27349534	1.50280707	0.83474982	1.09113829	1.26038147	1.33792153	1.40996170	1.29031566	0.97207123	0.79209325	1.40289976	0.52733549	0.98966569	1.56720767	1.43275697	0.82720228	1.38525494	1.42448611	1.13421870	0.94261268	1.24970856	1.46703931	1.07822623	1.31367760	1.32400728	1.20880894	0.77985135	1.26693215	1.32667146	1.52014712	1.26783963	0.81966415	1.34782402	1.09160800	1.55444623	1.29010455	0.65905106	1.27658667	1.48679419	1.41991687	1.20819879	1.54601646	1.10838513	1.35225579	0.61254871	1.11211844	1.18441110	1.15109123	1.21063073	1.31271045	0.98487395	1.72647812	1.13629281	0.90340376	1.72453090	1.14893836	1.24306146	0.87210499	1.28613847	1.50156745	1.47623510	0.78680206	1.06534004	1.06255741	0.66430252	1.08067091	0.90259203	1.31531678	1.57108368	1.41464320	1.04321052	1.62267860	0.82326462	0.53830914	0.94234809	1.02157877	1.23700087	0.74430253	1.61364940	1.29902734	0.84320130	0.60767571	0.85224618	1.04378407	1.43430069	0.97596315	0.93965265	1.51335117	1.33069630	0.88114235	1.24537196	1.12940071	1.09827752	1.04933609	1.09870575	1.42410854	0.92325282	1.25342214	1.24216114	0.71570092	1.53115454	1.42673605	0.88737291	1.48755023	1.20244706	0.40321123	1.39850279	1.09655560	0.66926905	0.40564309	1.34977494	1.18280429	0.95897504	1.04778279	0.77891719	1.14423878	0.89521268	1.51455625	1.00647906	1.23841548	1.09062643	0.80785024	0.85599584	1.02947348	1.11727331	1.40954756	1.09522774	0.62319125	0.70974974	0.44589885	1.21516549	1.15757689	1.03052559	1.06244732	1.36146198	1.09538146	1.07290826	1.33897185	1.03899014	1.10320408	1.20313441	1.11187660	1.09873668	0.92837185	1.44976072	0.97333663	0.45407057	0.55069195	0.64730091	1.22008118	0.83742123	0.46361253	0.63887282	0.80222439	1.05750094	1.55638405	0.81704604	1.03178661	0.46972395	1.46144070	1.45207375	1.04237855	0.86624458	0.93622916	0.81354632	1.07049999	1.08537037	0.93357067	0.21334349	0.85640127	0.96900468	0.67673933	0.80976937	0.66473876	1.71576762	1.29293337	0.63329969	1.33770587	0.96494818	1.45072628	1.00450838	0.57977421	0.72105210	1.09699863	1.06668131	1.26165819	0.68182473	1.04321835	1.61016288	1.08437785	0.74623095	1.46561766	0.77914691	0.64572372	1.32862537	0.66359806	1.07666755	0.78972123	0.94462454	1.34169264	1.17780944	0.72409636	1.10689752	1.38240756	1.29110007	1.35400819	0.91287006	1.21152412	0.51677033	1.25414415	1.44264034	1.59534667	1.30500393	0.68166964	0.95791404	1.13729945	1.40774173	1.16732038	1.49334211	0.31830364	1.59940392	1.20394578	1.07920456	1.25731770	1.33412700	1.03185972	1.29727363	1.27558006	0.87669635	1.50220388	1.18061930	0.57202059	1.24734436	1.06100899	0.93412216	0.60280552	1.45626727	0.72871698	0.73880958	0.39021339	1.16407483	0.78089717	1.15472780	1.55860023	1.05969797	1.16695513	1.05348610	1.20906653	0.66076837	1.36616579	0.37281463	0.88738985	0.91268647	1.07261637	1.03187203	0.58124957	1.40268970	1.11417668	1.01340122	1.08410112	0.93226236	1.04887302	0.79667467	1.18322005	0.49931773	1.13752746	1.25166527	0.76804381	0.99684247	1.54744116	0.68007267	1.36842451	1.06761582	1.40710667	1.01161255	1.33657521	0.68695761	1.10800177	0.86873399	1.54194533	1.19179202	1.27628003	1.32328916	0.90572657	1.00965090	1.08752127	1.54560411	0.77493147	0.98409854	1.04685158	0.65631830	1.09889479	1.61523512	1.59275443
02_250	1.12517240	0.78422448	1.14260117	1.25833536	1.14826787	0.95211077	0.79816769	1.26941464	0.94218430	0.97634687	1.07361673	0.94057629	1.22571457	1.12196052	0.99973885	0.78474694	0.81869906	0.83831299	0.89091008	0.92024543	1.15573352	0.92323895	1.18998599	1.27012016	1.09988999	1.08211333	1.22501963	0.82372666	0.70181193	1.18484844	0.74919301	1.03543840	0.70022457	0.76613552	0.76858095	0.80713135	0.74249184	0.85113635	0.91144531	1.18690115	0.80049168	0.57454279	0.79195127	1.01137030	0.96935044	1.30998236	0.92640155	0.93764859	0.68874044	1.00843858	1.02406141	0.54258259	1.12982718	0.89902436	0.80960629	0.59193909	0.95396325	1.20342337	1.15409346	1.03230594	1.07065491	0.94859272	1.14358216	0.91628019	0.91506309	1.19652269	0.86038718	0.68431386	1.12524647	0.92960124	0.86856101	0.50594416	0.77398873	0.68792696	1.03790658	1.35121012	1.02453246	1.02133429	0.58344302	0.90292052	0.97857652	1.18191322	1.28474508	1.13383120	1.15817084	1.09809954	0.81108378	0.80389051	0.77969971	1.31209475	0.74661073	1.02281660	0.96757800	0.97581901	0.89782434	1.12535088	0.94058192	0.52418096	0.89458019	0.75713019	1.36491594	1.43865954	1.18684293	1.00450362	0.89047327	0.68071130	1.08260916	1.24141942	0.95959590	1.33037889	1.22417986	1.15030558	0.57840626	1.21729525	0.95782223	1.00403312	1.20629388	1.24234958	1.31745001	1.17477428	0.76224466	0.98842953	1.22276395	1.08764878	0.43443205	1.41259172	1.05000543	0.87420943	1.37104287	0.94360547	1.20855879	1.12134644	1.10184795	1.16364482	0.94552732	0.73319907	1.16399155	0.48285268	1.20450773	1.44221914	1.54757745	1.10716884	1.45611749	1.19346083	1.25528979	0.98900803	1.46845494	0.95691916	1.17095330	0.87787768	0.88368258	1.15592581	1.13531566	1.32375201	0.92261621	1.08216527	1.04200885	1.19480844	0.52564180	0.88893045	1.35297883	1.15606567	0.71020562	0.99784138	1.25553966	1.27109494	1.36113840	1.12294848	1.02990122	0.74371502	0.78192287	1.35466979	1.19864939	0.70166460	1.11432162	1.34290749	1.46546836	1.30270083	0.68741266	1.20668213	1.57708131	1.15060446	1.28989060	0.68981597	1.12331671	1.45784264	0.89896431	0.96760888	1.04575592	1.38000380	1.06020622	1.29822426	1.23854812	1.36791255	1.12986974	1.08935745	0.80939075	1.32529797	1.33810826	1.11658319	0.89005777	1.16631035	0.95335017	1.19011156	1.44665434	1.31422769	1.36938165	0.58963675	0.92739006	1.14759158	1.37676257	1.40362926	1.48021822	1.29524709	1.37500719	1.32843363	1.02573757	1.11095641	1.57406667	0.61874465	1.20088165	1.21580263	1.13673944	1.14147304	1.34423553	1.01694994	1.30398342	1.18717717	1.47189813	0.80688784	1.45393301	1.12420417	1.24525265	1.59922885	0.96876207	1.53988565	1.50624265	1.12970644	1.12059999	1.22413063	0.86696483	1.26666237	1.35720398	0.96926815	0.92459729	0.99877435	1.41178316	1.32913360	1.00220538	0.91207477	1.33064724	1.35206278	1.28586558	0.84635215	1.03734220	1.31530594	1.20897934	1.15251730	1.11178912	1.51471493	1.24024614	1.21356414	1.65228135	1.06505602	1.47182261	1.17527158	0.82099027	1.46066761	1.22262796	1.39451335	1.04444234	1.27701939	1.38160268	1.03077399	1.09093292	1.40726252	1.14760479	1.52581755	1.00277731	1.19452036	0.71856976	1.55856671	1.38307222	0.91123170	1.25639272	1.71078444	1.31526948	1.09654624	0.73691232	0.75902379	1.23655968	1.51074582	1.39402652	0.90287840	0.79353595	1.16989879	1.30444945	1.24593502	1.18650943	1.72646654
02_212	0.76646827	0.97993111	0.63410830	1.14289393	0.37714086	1.02852354	1.14021278	1.05331017	0.56042104	0.92577207	1.21374631	1.22753367	0.97070452	0.99558924	0.57595770	0.50908906	1.19733139	0.67130596	0.52361529	1.34917938	1.13476055	0.64868425	1.00491800	1.01017625	0.35910412	0.26694441	0.49852649	1.37323257	1.03605099	0.80704387	1.23803403	1.13111903	0.82469273	0.85577100	1.07520073	1.57358854	1.15890888	0.56832900	0.93575617	0.32941125	1.50272847	1.18939078	0.76697781	1.09119004	1.31852011	1.14411179	1.08979897	1.61177514	1.03063076	1.26279016	0.52568272	1.06142959	1.13967494	1.40289353	1.09911303	1.32312197	0.66847770	1.51932193	0.41313991	0.50284941	1.37577700	0.98596305	0.87825180	0.73681878	1.55654942	1.46962077	1.10065746	0.84209048	1.19378695	1.17429549	0.89929133	1.17375631	0.62444104	1.47206356	1.46064378	0.87825391	0.95536364	1.36958530	0.79860428	0.58341302	0.41308498	1.36914037	1.03569852	0.62613652	1.16262293	0.60604927	0.71176873	0.86446322	0.79302540	1.33282265	1.70331053	1.35966206	0.42147658	1.28749776	0.88398052	1.07164983	1.32586415	1.07679456	1.39791356	1.44924456	1.59237385	1.09731006	0.33956874	1.39895790	1.47779469	0.80464616	1.04490275	0.94294498	1.17324606	0.99149017	0.61391179	0.94038559	1.60385754	1.36431828	0.75693011	0.65557123	1.50301656	0.39070888	0.26745602	0.72857282	1.06098314	1.31014032	0.90651137	1.40005794	1.15834408	1.08376943	1.43433467	0.85005887	1.11144070	1.52306373	1.37280872	1.02798964	0.75183176	1.13164275	1.18955450	0.93436787	1.61307587	1.32676479	1.32672266	1.05148185	1.41339268	0.31498263	1.49576374	0.82623247	1.22000781	1.22978629	1.28762895	1.04719616	1.54281422	1.06301042	1.22841433	1.38686075	0.67917825	0.91971753	0.62462393	1.45059025	1.31967672	1.11221299	1.08818364	1.05720478	1.37418638	1.47413426	0.97161237	1.42663879	1.24399670	1.12870215	1.01590568	0.87438283	0.94475723	1.16496570	1.04098275	1.57186682	0.30669136	1.02038412	1.07027275	1.19851196	1.00342339	1.05122196	1.13843446	1.28278226	1.57869291	0.67485242	0.73358275	1.05419112	1.31741867	1.26699556	1.23414700	1.10004659	1.28011892	1.02439524	1.25094064	1.30880229	1.23423301	0.57742304	1.19854446	1.47825123	0.72310435	1.11083586	0.72650011	1.07670777	1.27097205	0.59067275	1.09552051	1.07252701	0.97544579	1.58752355	1.00564424	1.02673803	1.40187036	0.92328702	1.05259105	1.28969670	0.64008244	0.43245008	1.17443506	1.29975174	1.17208632	1.17778752	1.22221893	1.09506928	1.44885222	0.24672834	1.22622273	1.66717938	1.32607499	0.86748255	1.48003959	0.63074683	0.85856043	1.05728834	0.92366670	0.48296066	1.64905873	0.97914030	1.16975440	1.26771111	1.27639053	1.20925282	0.88975194	0.49544353	1.38214428	0.96753673	1.26784949	0.95467364	0.96742592	0.83476286	1.62765659	1.33220201	1.55500329	1.68952032	0.38900557	1.10273007	1.43431765	1.47502526	0.67973778	0.82568849	1.08898693	1.26597312	0.78089532	0.90846946	1.59802021	1.29615102	1.26506179	0.52310075	1.05171146	1.45786781	1.09829376	0.65039037	0.91063924	0.79535054	0.99130518	1.15634233	0.53821136	1.17507070	0.64748407	1.03469560	1.00672023	1.16634443	1.39649247	0.96345796	1.15545432	1.04694826	1.09193763	1.38675762	0.71944003	1.47434528	1.52924492	1.71954406	1.51047505	1.20592124	1.36695346	1.08658466	1.96508955	1.23161749	1.24468960	1.27430609	1.23548433	1.45279882	1.30477041	1.53436296
02_322	1.05981860	0.79984579	1.12763354	0.99807858	1.39235956	1.12226438	1.03308435	0.93239083	1.47153445	1.19075715	1.18881490	0.88613354	0.97278362	1.06239231	1.33566598	1.29559531	0.91707255	1.50279256	1.21270376	0.52146819	0.97489086	1.50669892	0.95195749	0.94539852	1.22634709	1.36020630	1.21989644	0.77913566	0.96874535	1.04614921	0.84286972	1.02359525	1.39955900	0.93969792	0.86987862	0.69586751	1.10918325	1.42728018	0.95186204	1.40076803	0.55342292	1.02076395	1.50827060	0.86726893	0.62725771	1.02024855	0.70246518	0.89298630	0.74440433	0.74693471	1.44908854	0.99304097	1.14732196	0.99833920	0.90788584	1.01746717	1.42298009	0.47933755	1.36106081	1.38294789	0.19585435	1.02520776	1.01391672	1.44405724	0.97652295	0.77702163	0.73955014	1.30590834	1.20057258	1.13311155	1.59204444	1.26644384	0.92591392	0.81105411	0.58685348	1.02685529	0.89433860	0.45741506	1.34476150	1.45843118	1.16507611	1.42663619	1.02273493	1.31832469	0.54502683	0.94411567	1.20753046	1.55998166	1.16168925	1.40136493	0.98511546	1.33582432	1.24903388	0.68649888	0.89456945	1.29428517	1.17864685	0.69006714	1.32270924	1.24900184	1.57371343	0.95659953	1.37808427	0.92753760	1.08396491	1.33150179	1.03335327	0.92264399	1.39150458	1.01829626	1.34412258	1.73369366	0.95134954	1.50194585	1.57898871	1.48868669	1.09842410	1.42451588	1.42243285	1.27017954	1.64909415	1.34316684	1.44313287	0.48840513	1.11846442	1.17190296	1.20790613	1.50250136	1.70144667	1.27975233	1.15825421	1.08467675	1.03805859	1.47719663	1.51552435	1.54481799	1.52972801	1.20164504	1.29881469	1.47919726	1.37177214	1.34564977	1.58617123	1.13245839	1.26728168	1.20749629	1.28642452	1.06555135	1.38132942	1.17186487	0.70044263	1.41249897	1.51334399	1.66539692	1.29184731	1.14209753	1.38378649	1.69206386	1.23545688	1.43365902	1.42916879	0.80375130	1.46612546	1.19803598	1.86650826	0.86207199	0.84819434	1.03344205	1.23817598	1.44573349	1.40943668	1.56059044	1.36881362	1.22982224	1.72546755	1.47169768	1.68707105	1.71601035	1.50242458	1.69279927	0.95838083	1.00527427	1.63360153	0.75068517	1.33896642	1.15947318	1.04170021	1.45378241	1.43971772	1.43222236	1.18852569	1.39596126	1.65734719	1.44801615	0.43489513	1.39536233	1.47718220	0.97250152	1.51287865	1.68053170	0.93940632	1.48471788	1.26514396	1.41586582	1.44144668	1.22414855	1.25545193	1.42894781	1.30050531	1.07312138	1.02173694	1.40993414	1.59684385	1.22243330	1.89717152	1.21719831	0.35718174	1.06733406	1.27270439	1.34333131	1.44439631	1.33699067	0.98868633	1.59323231	0.80784498	1.66149118	0.71922386	1.14264229	1.41475478	1.01526223	1.10041548	1.45366963	1.26336897	1.32150126	1.31985899	1.27882228	1.34892594	1.79607428	1.09558829	1.29962605	1.18552165	1.58542163	0.95771093	1.67643403	1.49382701	1.55106771	1.59160764	1.63670173	1.51720266	1.02430646	1.41913782	1.10559721	1.48450382	1.15874446	1.54292401	1.04942111	1.76094234	1.42011080	1.24008894	1.49653575	1.55764422	1.78058836	1.30245610	1.22238574	1.68886494	1.54292456	1.27999015	1.50768272	1.60501243	1.20708167	1.69581488	1.22743690	1.45545105	1.38384984	1.49859893	1.07749226	1.73531463	1.23653529	1.46540575	1.02632927	1.33646193	1.26120168	1.75612033	1.29279380	1.51935914	1.39978256	1.40543511	1.39243953	1.38827767	1.55279545	1.50497911	1.71522762	1.44800381	1.54631604	1.45705965	1.52775120	1.81318922	1.32775069	0.81870379	1.44381659
02_311	1.62692933	1.62004287	1.61548096	1.48920686	1.50213754	1.73696349	1.64341442	1.71769255	1.27457768	1.53574233	1.66050527	1.72289286	1.72693206	1.67435855	1.44101368	1.06120371	1.76414914	0.83643469	1.21546202	1.87353318	1.55970467	1.28430296	1.76456098	1.70291953	1.44444754	1.16971660	1.64001032	1.82109020	1.15518503	1.69120706	1.34778809	1.36021303	0.99557384	1.43521319	1.57915247	1.56926596	1.33174639	1.15088770	1.71618618	1.49912043	1.76195080	1.44053075	0.84001778	1.45074598	1.83057494	1.45864215	1.53447439	1.88799877	1.40027127	1.37439548	0.79667345	1.46990914	1.58697243	1.17814283	1.63606803	1.33591051	1.06279297	1.75666629	1.29209564	1.37624440	1.89006650	1.45120023	1.32222212	1.36846476	1.49256260	1.79749022	1.56008620	0.81177769	1.05166369	1.18863522	1.19339275	1.36879043	1.19273932	1.38738031	1.89568151	1.76620919	1.33806617	1.66711531	1.04343450	0.78692048	1.21910276	1.43853852	1.45300871	1.18668826	1.92255380	1.67515791	0.98789614	0.72877460	1.23601547	1.39675272	1.49549136	1.22597535	1.13842467	1.56953521	1.39250004	1.25689225	1.35315164	1.26833243	1.22529549	1.18885672	1.01502178	1.71922705	1.35475693	1.60338479	1.59840046	0.97453142	1.82666973	1.58123135	1.38361885	1.85300017	1.22048576	0.98052076	1.53203041	1.30878861	1.23588002	0.88968179	1.29339558	1.57302353	1.26219121	1.00614409	0.91486520	1.57570498	0.72879953	1.65146930	1.40842517	1.58405678	1.43143644	1.33237324	0.52815732	0.96549756	1.43234397	1.72849840	1.48179552	0.76033308	1.13396957	0.83422750	1.03096961	1.28657659	1.09772280	0.90620927	1.24897000	1.37918391	1.41567663	1.37594919	1.39157956	1.48781664	1.46010500	1.20748320	1.39243099	0.94575576	1.81155478	1.26519413	0.82963495	0.94159444	1.15757912	1.50429654	1.06692258	1.02081293	0.93713169	1.34440436	0.99838931	1.47998602	1.33728496	1.38995692	0.33031356	1.75967385	1.78253981	1.21646094	1.30473268	1.36917600	0.80453806	1.03146574	1.51056703	1.15345731	0.65467005	1.22666931	0.76597163	0.45126665	0.91698345	0.36421488	1.94930011	1.51567516	1.08512950	1.59278507	1.29252177	1.66257844	1.13284817	1.14019975	0.95185326	1.40270415	1.49524054	1.13455532	0.45935874	1.07516436	1.93318147	1.07525675	0.96500865	1.55765388	0.88419973	0.33189998	1.42856854	0.81815272	1.55909375	0.73302629	1.30907492	1.19542798	1.12480370	1.18212145	1.26980727	1.69263854	1.53951414	1.22477348	1.25603499	1.61270188	1.02829756	1.22215856	1.61768632	1.63595980	1.47379481	0.69821280	1.14371700	1.43074398	1.39835308	1.02763499	1.49914521	0.94842533	1.89952290	1.48517626	1.12611900	1.62759474	1.67515443	1.50465662	1.17467182	1.56018938	1.32926431	1.72153058	1.45769656	0.32980979	1.25185169	1.18263953	1.16587250	1.12655384	1.45565463	1.30914632	0.61032755	0.64973969	1.06766484	1.23026907	1.07589694	1.92994210	1.47274644	1.40245477	1.48287295	1.61831581	1.22317129	1.74054066	0.78112748	0.88832263	1.36653804	1.12625956	0.91863110	0.28157431	1.59484863	1.43494365	0.81739993	1.07160062	1.30293321	1.22704702	0.80164779	1.56330428	1.08457151	1.17627989	1.66527092	1.12003193	1.47442764	1.93241020	1.26286549	1.48625906	1.38731017	1.56313518	1.50413668	1.66390250	1.19241690	1.55884421	1.35503266	1.55819688	1.57818324	1.27260068	1.34560467	0.97313180	1.48014639	0.96880822	1.63935720	1.13823765	0.95147528	1.46047761	1.16169609	1.32181782	1.67382438	1.56570135
02_148	1.29741170	0.91800343	1.24332013	1.63878548	1.12114126	0.57799025	0.40870501	1.58443897	1.04940141	1.23385341	1.41852071	1.21283239	1.46092471	1.37126262	1.08532137	0.99638079	0.60025566	1.05556902	1.19697133	0.93571424	1.61404880	1.05948971	1.34524461	1.49592751	1.21148072	1.14855105	1.23298644	0.80846392	1.27265872	1.33949401	0.86906979	1.48622694	1.21310231	0.84260910	0.54975177	1.20253774	0.75665875	1.11158026	0.63464722	1.12993036	1.08757586	0.73112393	1.15550380	1.42960608	1.06748769	1.63673487	1.02110346	1.02719071	1.02360469	1.39051593	1.07752731	0.51224256	1.35673413	1.29959867	1.03061551	0.92616813	1.30130553	1.33512595	1.29510024	1.03592817	1.23836067	1.35693370	1.46596228	1.05175217	0.87600349	0.95555529	1.03314600	0.97061034	1.49351342	1.44640933	1.05440494	0.57188312	0.96312959	0.96174713	0.99691774	1.41680025	0.70495750	1.22400306	0.99352321	1.06392434	1.14430876	1.36513850	1.43118696	1.01665721	0.97124470	0.95917800	1.23331950	1.19406676	1.15225223	1.37265281	1.21392387	1.41608521	1.19198269	1.46654709	1.10203275	0.59877395	1.59264520	0.96581629	1.54477439	0.64654574	1.65161695	1.34248225	1.03226885	0.99307166	0.65892836	1.17761531	0.74282571	1.52726826	1.21888128	1.48592889	1.40510154	0.99606852	1.18823540	0.53768266	1.00042787	0.94948565	1.06892344	1.18263333	1.11531335	1.36748270	1.31307104	1.40034681	1.37322083	1.05713235	0.64389316	1.37955438	1.14812158	1.07965946	1.43112377	1.25278859	1.09511171	0.52582956	1.22868659	1.20865622	0.52572757	1.11571907	1.07277703	0.72925591	1.49574259	1.47576499	1.72681176	1.21843428	1.45274170	1.52915170	1.35352063	1.38258955	1.37041332	1.45649419	0.85075904	0.71296902	0.70551021	1.40025758	1.02245510	1.07257188	0.99204509	0.65347921	0.71173535	1.08353125	0.73288261	1.15159850	1.54823769	1.24324376	0.87610753	1.04005216	1.31625289	0.73467601	1.32830245	1.33425790	1.14846856	0.50741089	1.36434974	1.62880665	1.05549607	1.33571924	1.08405377	1.25350445	1.43887886	1.30200403	1.35937933	1.40854939	1.19546774	1.39959546	0.99541483	0.71057823	1.37040743	0.82999356	0.70502968	0.87126810	1.33066156	0.69541837	1.26118704	1.01758893	1.39636680	1.30402228	1.03680173	1.61203371	1.19277063	1.64536192	1.19321222	1.34768540	1.50719329	1.13493565	1.28146211	1.36318175	1.21492594	1.48966849	1.51375372	0.67724721	1.54897836	0.62493593	1.43368574	1.14502332	1.13089696	1.21953863	1.13261218	1.63601038	1.18981052	1.10833620	1.54330006	0.96055913	1.47687244	1.23058633	0.97055022	1.09410229	1.33385912	0.99430402	1.03930586	0.74019660	1.30378473	0.45614375	1.40611157	1.12029200	1.44325336	1.38327772	1.26180536	0.84420750	1.46410316	1.36979478	1.47041832	1.30621456	1.20162724	1.07970983	1.58756540	1.09860428	1.33412140	1.12065308	1.72629586	1.23137072	0.99719722	1.14936188	1.08651035	1.34753021	1.42494364	0.74258278	1.01658962	1.40772237	1.16530661	1.47242604	0.72584143	1.41111949	1.51660200	1.36798099	1.61619829	1.26931222	1.47066284	0.97139790	1.32510843	1.30506639	1.33838117	1.30806125	1.05412215	1.50599968	1.26904978	1.26268114	1.16837845	1.54560284	1.13027792	1.62324269	0.66796433	1.57883604	0.90864717	1.41025434	1.17369482	0.79676577	1.07922992	1.81659832	1.14180839	1.39555277	1.09241649	1.44943667	1.38174327	1.53978655	1.46348477	0.88437334	1.48890757	0.74837563	1.19117083	1.35329889	1.64686985	1.86306599
02_186	0.51078470	0.64678389	0.64755332	0.79900971	1.06663578	1.36755627	1.24366853	0.61582988	1.03719865	0.46471963	0.37904041	0.46706245	0.45044749	0.34700956	0.82972280	1.04013067	1.20576684	1.10176225	0.93446666	1.01503098	0.70411675	1.05034000	0.39508732	0.45384152	0.93456065	1.10842375	0.85051943	1.05435999	0.81995589	0.50792746	1.36130904	0.54129331	1.02651735	1.26414245	1.28084015	1.21125703	1.50875811	1.05946361	1.17984635	1.05177728	1.05036804	1.40377336	1.17206736	0.51708776	0.74434591	0.82782792	0.48793535	1.05495725	0.52547736	0.86610330	1.11967525	1.09262794	0.22290896	0.89929752	0.54206610	1.44782551	1.23292956	1.26896345	1.20483172	0.89615088	1.11204051	0.35790182	0.79632524	0.91979592	1.15201944	1.02435209	1.31697564	1.25870841	0.83130656	0.63256642	1.03423477	1.37394266	0.64070074	1.20845718	0.95706580	0.53539430	0.89102464	1.24824783	1.18143450	1.09438961	0.79882224	0.60817920	0.49341808	0.74280382	1.04185769	0.91434409	0.86957324	1.21810437	0.53293798	0.65361709	1.27508320	0.64618141	0.98194936	0.93526194	1.25437553	1.12839832	0.76190611	0.89000908	0.81131132	1.39661246	1.14791492	0.65369518	0.94599972	0.75542775	1.15160853	0.90160967	1.45091201	0.72466742	0.59308355	0.49633934	1.26962307	1.18723272	1.15726813	1.59225637	1.03786100	0.99199441	1.45746297	1.10765802	1.11989268	1.12105001	1.30552130	0.55510915	1.23881539	1.07687142	1.03530051	0.50764477	0.74492065	0.93226294	1.48004337	1.18313684	0.81914136	1.41972548	0.34282395	1.00505920	1.31091178	1.05599807	1.75880616	1.46519767	0.79900059	1.28856937	1.15193208	1.10624128	0.88822514	1.05644164	0.49053676	0.35635640	0.79459770	0.70527857	1.25948902	1.32990810	1.06849217	0.69045909	1.06793715	1.17329218	0.67925901	1.24028409	1.28922961	1.06912286	1.01400076	0.70176230	1.03807483	1.40681065	1.07641859	0.82073667	1.48443311	1.22811435	0.56291070	0.58506664	0.44491970	1.31915278	1.09176802	1.10680806	1.06559425	0.76018892	1.22977257	0.83199535	1.51147004	1.44639764	1.13105778	1.33776893	1.27588530	0.76097720	1.15326694	1.19112736	0.57047518	1.45517539	1.20072137	0.92397744	0.82386480	1.41973953	0.38933512	1.68958305	1.31351216	1.28635811	0.94506342	0.95743863	1.15546866	0.78545364	1.21244672	1.40454791	0.76709302	1.18075020	0.48033970	1.07105566	0.89520149	1.26978445	1.07987995	1.19750642	0.75585438	1.38904108	0.55310317	1.72821211	1.22938979	0.84959674	1.35329203	0.93652264	0.81568225	1.63887021	0.86723525	1.25928805	0.83766212	1.11267825	1.51180772	1.75744442	1.15201322	1.12433652	1.07161134	1.25675342	1.27279733	1.25650990	0.60149910	1.04977864	1.31286599	0.89944837	0.50166350	1.55423716	0.77214204	1.47002267	1.05082645	1.12819503	0.79935946	0.98944271	0.99751638	1.12546106	1.22790621	1.15439609	1.21185718	1.01148874	1.73165513	1.09805619	1.11953998	0.72282707	0.70218398	1.14915343	1.03019300	0.59375311	1.27919018	1.02332970	1.03954930	1.27423974	1.31429385	1.40131237	0.93948578	0.92462775	1.54187095	1.68052365	0.66458912	1.28313090	1.35719878	0.73676744	1.18088536	0.97593354	1.17284220	0.82494935	1.08657666	0.67282571	1.19673022	0.99150727	1.51348455	0.85186186	1.08054002	0.93589392	1.21725797	1.17727177	1.10630473	1.24501878	1.15567751	1.44116754	1.68087712	1.21737927	0.79353696	1.56114645	1.55365003	1.36396635	1.13471933	1.45251214	1.29286955	1.01192769	1.00626486	1.36251486
02_222	1.43333172	1.26023341	1.40039586	1.42853496	1.26731958	1.17411437	1.07492424	1.57487186	1.13007499	1.39538544	1.55736981	1.46882655	1.55198981	1.51382334	1.25557634	0.89168799	1.21661392	0.82513406	1.09587799	1.37522851	1.49371838	1.15646772	1.53494105	1.53550110	1.24538445	1.00506006	1.39719022	1.32995340	1.06857591	1.48837208	0.81878102	1.33073362	1.02893650	0.96770968	0.98801717	1.20388962	0.78303400	1.06159744	1.17917657	1.26618889	1.34173050	0.93382374	0.88312458	1.33977128	1.42830715	1.39441212	1.19779650	1.46241770	1.12725276	1.18805852	0.72018945	0.98728518	1.46253568	1.05174083	1.34419807	0.88958759	1.03726811	1.32069458	1.14267225	1.18063206	1.43853892	1.36115875	1.23863422	1.22027071	1.03785010	1.28921817	1.09321659	0.60398175	1.11418842	1.22726208	1.13248411	0.91578955	0.93720375	0.95873562	1.41318863	1.54164796	0.83050607	1.22663002	0.89195884	0.75693829	1.06152322	1.39419290	1.32015842	0.99309116	1.39051294	1.26336236	0.97594979	0.84838013	1.15204548	1.32523780	1.19796678	1.27297062	1.02095172	1.37038264	1.01636085	0.75526744	1.41362866	0.93400470	1.34292855	0.66755726	1.19985124	1.41978177	1.11397482	1.24115785	1.10514126	0.99796829	1.23751349	1.43516196	1.32216387	1.64653572	1.11037925	0.90677567	1.26031008	0.66435905	1.11791562	0.77752787	0.78736827	1.33360207	1.01836872	0.94931097	1.06195580	1.52686368	0.78746496	1.15857735	1.03067634	1.39885034	1.22667633	1.23117739	0.71863349	0.87191223	1.14021385	1.08823380	1.29994335	0.78725513	0.70589965	0.91823133	0.58007744	0.82545461	1.16220766	0.90557669	1.27600563	1.20067018	1.37293875	1.29114706	1.30363786	1.43562150	1.27674280	1.21608136	0.97634745	0.28805669	1.26795976	1.28138014	0.72334227	0.82568866	1.01290920	0.95381264	0.59655546	0.97950079	0.65500526	1.27883447	1.09236956	1.03634717	1.13423030	1.14016237	0.69985724	1.13467834	1.47517766	1.12163454	1.18376585	0.95543679	0.97797112	1.20187358	1.22770104	1.19286593	0.72638997	1.13047311	0.80244752	0.61158720	1.08519712	0.75336266	1.41723470	1.35330164	0.89890374	1.06529296	1.28333414	1.01918331	0.56954657	0.94555828	1.05359038	0.82929048	1.36374504	0.55093922	0.75428807	0.92238682	1.43495733	1.25374425	0.97956589	1.46540233	0.75712224	0.68797371	1.37151975	0.72879136	1.45587442	0.83404845	1.12167960	1.06135890	1.08189785	0.89483558	1.37029991	1.07711150	1.36136410	0.70953578	1.01342582	1.35561774	0.98563731	1.25640859	1.24304027	1.13052526	1.34135708	0.53176702	1.22496407	1.21933734	0.81440090	0.65588107	1.13034237	0.90310842	1.37687382	0.94390485	0.91231129	1.06132660	1.45116700	1.29983116	1.03558601	1.32548395	1.28945725	1.06964437	1.34012844	0.75581577	1.17214721	1.04279236	1.07191602	1.00500453	1.31063853	1.23611437	0.81664491	0.71130525	1.26331567	1.15845478	0.65623451	1.56620072	1.18231145	1.21462889	1.44211336	1.18446436	1.08727952	1.52742036	0.84065636	1.03507706	0.93970820	1.01010468	1.03538491	0.72040410	1.45118664	1.27671255	0.85081995	0.61468163	1.30099990	1.04550015	0.85874267	1.34303903	1.03011074	1.15424367	1.41528267	1.11146095	1.31310636	1.71898459	1.18877931	1.38450654	0.90602515	1.46654943	1.23737632	1.41632415	1.09640081	1.17428747	1.14134127	1.49644623	1.27786679	1.13359607	1.01458453	1.16249086	1.42798042	1.00217807	1.37660118	0.88556468	1.14757700	1.01968719	1.11297496	1.19885596	1.52166902	1.51419734
02_132	1.17944474	0.69459202	1.25718341	1.45433029	1.49464291	1.15281526	0.88138547	1.32099631	1.38817778	1.00224708	0.92190766	0.62928758	1.19392056	1.04846630	1.26424702	1.37987275	0.79969751	1.45392443	1.40736830	0.60104450	1.33189796	1.36657718	1.04074775	1.23429575	1.46577911	1.59703705	1.40688765	0.46297416	1.15412214	1.19651293	1.19162129	1.18745516	1.36438310	1.27114258	1.02510267	0.89968866	1.32689675	1.42549484	1.04209286	1.51484622	0.56883184	1.11982499	1.49621439	1.12373166	0.51906841	1.49788389	0.72568455	0.22328651	0.72869978	1.18409572	1.57759422	0.78584644	0.96095562	1.04866599	0.60382148	1.19525804	1.63896583	1.21755390	1.69516251	1.32681771	1.00149932	1.04701258	1.45349127	1.23068507	0.71368485	0.76467140	1.27522882	1.43314989	1.39883317	1.17219870	1.26730162	1.04839831	1.08915257	0.86484055	0.50801112	1.28974956	1.04201245	1.18840003	1.33585041	1.50653305	1.36993418	1.01056454	1.28547697	1.31026827	0.97044539	1.21961913	1.36696009	1.52903718	1.06566357	1.15987707	0.83772978	1.05819613	1.49507617	1.17873620	1.41848768	1.18516104	1.19733196	0.90100146	1.15333280	1.03375042	1.54593858	1.25711098	1.45518910	0.56063728	0.59270564	1.28400179	1.29862034	1.40717172	0.93890894	1.22621166	1.78451404	1.48095461	0.69416468	1.41526748	1.32734676	1.40423516	1.39335633	1.56093474	1.66749603	1.68075046	1.52589354	0.88546410	1.75167204	0.95709136	0.68453215	1.26422400	0.77682077	1.20273234	1.92098934	1.20374342	0.97012706	1.27367692	1.14070786	1.42917491	1.18961266	1.33181359	1.61044656	1.11759606	1.33837992	1.84333061	1.73851486	1.58621154	1.29628247	1.63534736	1.13434816	0.90721030	1.33027095	1.29136459	1.03374353	1.34574881	0.67598220	1.10477569	1.53269898	1.59526553	1.18945210	0.91697051	1.20899061	1.38548855	0.96728748	1.01030245	1.55048900	1.37905518	1.08773519	0.75237164	1.79283830	1.19044141	1.18636418	1.31789858	1.04516057	1.04997744	1.45424663	1.51542247	1.50085667	1.16994081	1.52503610	1.32800698	1.99664127	1.84827851	1.38392434	1.70353821	1.24526752	1.42100915	1.57162522	0.98028630	1.05871976	1.46314530	1.11517196	1.07562971	1.23310757	1.53826989	0.84355681	1.73220022	1.71431169	1.83930805	0.88472864	1.35144408	1.50566378	1.48460242	1.74020917	1.77257996	1.13331329	1.67453317	0.91994792	1.58691487	1.47942426	1.47737606	1.70759900	1.09192543	1.12987417	1.34805855	1.32773799	1.84306217	1.74665316	1.46129168	1.63746068	1.54149812	1.01136093	1.60229255	1.55882374	1.32775817	1.25509060	1.63537254	1.50272204	1.57858125	1.41816890	1.42712530	0.89579080	1.45358867	1.80698824	0.98903519	1.38458124	1.46101000	1.41637600	1.57765401	0.96689974	1.56630265	1.41129674	1.77806642	1.58601464	1.70145954	0.92364354	1.42240978	1.52281431	1.33941398	1.61621782	1.54976686	1.62654357	1.33078919	1.53188213	0.26389853	1.60545231	1.34946518	1.10872684	0.61547796	1.39831722	1.32496220	1.61262916	1.49574852	1.26816153	1.85857158	1.53928543	1.72177235	1.62840865	1.45782843	2.01312857	1.60428416	1.07945370	1.84448018	1.80210497	1.43660692	1.42922463	1.54868314	1.65875270	1.22480686	1.46512323	1.33389643	1.46998616	1.66547495	1.25397080	1.47793741	0.95143819	1.54623624	1.58746517	0.86822877	1.52507844	1.83590906	1.14758439	1.35707024	1.40861956	1.46807992	1.15586550	2.04399441	1.33709993	1.32199872	1.42511056	1.35455094	1.54885950	1.26941740	1.40118721	1.90465661
02_81	0.88205019	0.95567983	0.96060270	1.07369004	1.26501010	1.53423418	1.36732221	1.02229939	1.20613561	0.80541679	0.76818931	0.84077989	0.87845951	0.78693154	1.04880507	1.21670895	1.39189369	1.18068104	1.20106088	1.25732628	1.09152492	1.22066443	0.79625763	0.83499566	1.19375097	1.25488266	1.10567857	1.25594630	1.09942832	0.88783375	1.49948435	0.84487903	1.25249979	1.49344348	1.44492992	1.39996526	1.64744806	1.26561741	1.37797842	1.23111948	1.29615492	1.59917948	1.31042647	0.87994582	1.00257086	1.03892232	0.67166290	1.21195520	0.82260304	1.06569119	1.12746280	1.26131790	0.53103086	0.94914180	0.87245626	1.62935999	1.44867289	1.42703038	1.41279906	1.04833659	1.40617048	0.79863282	1.04489472	1.10023063	1.10102141	0.98598243	1.57029108	1.37181746	0.87173631	0.85972740	1.13300343	1.51859371	0.85001059	1.31300186	1.12039849	0.82769932	0.79117723	1.47134324	1.38782523	1.15169741	1.00510715	0.46329013	0.56682787	0.63305265	1.24708514	1.14792010	1.09013436	1.32853263	0.82680690	0.24514586	1.41096750	0.65002741	1.19130373	1.27729228	1.50096015	0.89267671	1.09045151	1.12704419	1.03219123	1.34228964	0.95137560	0.62292301	0.99828671	0.72552273	1.12215572	1.11945373	1.64126999	1.05408995	0.68246821	0.90380755	1.44940921	1.01564770	1.38053787	1.40364497	1.11732350	0.90669064	1.35142375	1.29965483	1.11393132	1.21536494	1.48400886	0.83663759	1.20847664	1.14468534	1.20056075	0.32543276	0.58824798	1.10566633	1.34693938	1.10082554	0.50580065	1.50398725	0.63913804	0.72611599	1.16216672	1.14363570	1.65026935	1.60215274	0.68740731	1.16044495	1.03786271	1.34221063	0.42368503	1.33516161	0.17720216	0.66979836	0.36156614	0.98703716	0.99483188	1.28023578	1.26469988	0.50894172	0.92309968	0.87860978	0.75164723	1.07966135	1.06094293	0.79780590	1.01421025	0.84022407	0.83377640	1.47399098	1.23105575	0.65874478	1.30010102	1.22164765	0.73515794	0.69511034	0.44466875	1.35699269	1.26594628	0.90123244	1.21731170	1.07434287	1.02094090	0.37698766	1.39696593	1.28800928	1.33543751	1.17793891	1.13247370	1.10595004	0.94988083	1.43160691	0.43483689	1.30665455	1.10669279	0.75146900	0.67821028	1.22508246	0.45917594	1.59212516	1.14866742	1.27739230	1.19601180	1.01063476	1.34702878	1.06079966	1.05462503	1.36019691	1.13631796	1.13511034	0.81920876	0.95769139	0.51886445	1.15156519	1.07740527	1.28800659	0.98405651	1.48532922	0.56753247	1.65478386	1.05393815	1.04104153	1.07213535	0.96090446	1.05570243	1.84359271	0.63284057	1.30919117	0.65818419	1.31455264	1.55813636	1.64739817	1.13738142	1.05245985	1.06565444	1.29452602	1.14105757	1.40983222	0.65582368	1.25366146	1.20309656	0.65686230	0.59782872	1.40111358	0.39944378	1.40612859	1.29123504	1.25572196	0.77743578	0.72006098	1.10798290	1.23301740	1.31432967	1.11414867	1.07198973	0.65197646	1.70095055	1.31578871	1.17280754	0.59021111	0.51749879	1.18451955	1.09004346	0.92056991	1.09797908	0.97733620	0.99146620	1.15223540	1.18355102	1.21663942	0.78025867	1.22438072	1.45217675	1.57454166	0.96032245	1.24369097	1.35587695	0.77168960	1.15037259	1.00492318	1.34830025	0.80312755	1.30108955	1.05756757	1.19498004	1.01041929	1.47374135	1.22883637	1.27848263	0.87813874	0.99461769	1.20920738	1.10661956	1.19365986	0.98103982	1.44576136	1.84614168	1.44073251	0.73840256	1.51258094	1.46439791	1.35970495	1.34096955	1.38603022	1.11989919	0.88989204	1.37085994	1.34399658
02_259	0.92448551	0.90377586	0.86049699	1.24397142	0.65077761	1.00102043	0.99019971	1.22252779	0.35280582	0.82262260	1.07832946	1.11488698	1.13235284	1.03108447	0.56887815	0.27205472	1.07673987	0.17473923	0.51767561	1.29508536	1.17615747	0.35463996	1.12776155	1.18981684	0.68891229	0.54960730	0.85901097	1.21518102	0.82651209	1.00302231	1.09491052	1.05981011	0.36914041	0.82927174	0.99018583	1.36179418	0.96764798	0.27038529	0.96628882	0.68086344	1.32751813	0.93734665	0.27244692	1.07780743	1.25896358	1.27361780	1.06371199	1.39720210	0.88126043	1.22246644	0.47231614	0.79677717	1.08311947	1.17831660	0.95929385	1.05217863	0.56035659	1.55315844	0.70903220	0.52528499	1.42638529	0.91502378	1.02087247	0.47333512	1.32476427	1.45809584	1.10177564	0.51473304	1.10449923	0.98186144	0.42265870	0.77436619	0.61361587	1.22000026	1.41391078	1.17576906	1.02128469	1.38701192	0.33646543	0.32728779	0.57325236	1.16019179	1.18140551	0.72536857	1.31738081	0.92591324	0.55804561	0.36411251	0.59494254	1.23055277	1.37524079	1.07950613	0.54546495	1.24205199	0.95821341	1.02258766	1.09499431	0.88773325	1.05833670	1.10452913	1.38903571	1.35282008	0.66370352	1.25728002	1.24127055	0.39866589	1.15461679	1.15385146	0.89032812	1.22286036	0.86892724	0.66695141	1.24156013	1.22396288	0.45190262	0.47271383	1.43790940	0.74403905	0.80661586	0.88556738	0.49654248	1.04026703	0.93849910	1.40528632	0.77557535	1.26230461	1.20255930	0.48929232	1.05959176	1.20912379	1.29448807	1.14072074	0.91254399	0.96624716	0.87608533	0.38469613	1.36289737	0.95418638	1.20772270	1.18513340	1.48861408	0.65375796	1.37989743	1.02230119	1.19113759	1.04073727	1.36636865	0.97472488	1.32709541	0.91062766	1.19143291	1.14682502	0.67461467	0.89533364	0.55582006	1.29575397	1.10411774	0.88060033	0.63058509	0.74401235	1.29216810	1.45802009	0.53123492	1.19580592	0.95972152	1.33471988	1.30046376	0.99440899	0.83486319	0.75686949	0.68330926	1.38061767	0.73691395	0.70731956	0.74281652	1.17246477	1.11547886	0.95390971	0.64925617	1.02492427	1.72875212	0.96427072	0.76500133	0.99740706	1.12083469	1.46011566	1.10087446	0.84035265	1.01802470	1.18380596	1.11488615	1.30121707	1.05330638	0.93076681	1.34976572	1.21735245	0.39461872	1.30030444	0.92232384	0.83093927	1.12316881	0.71806169	0.92122202	1.02514413	1.15421040	1.48564864	1.20207832	0.55846433	1.10696113	1.12328368	1.28498869	1.38064596	1.00248273	0.93874277	0.99839759	1.33384176	1.27434934	1.25628653	1.44588751	0.70647371	1.24577097	0.78680673	1.29740383	1.38076126	1.46774606	0.56705623	1.56519406	0.94288388	1.18079793	0.99229048	1.27727484	0.67363743	1.49696676	1.32375380	0.95278634	1.48025208	1.40024364	0.89402236	1.03412576	0.87778748	1.11365472	0.94828703	1.42709493	0.62275994	0.69140763	0.64795997	1.47392217	1.20083793	1.27302711	1.44959444	0.90611633	1.29160950	1.29441252	1.23603954	0.61171111	1.17091225	0.90371829	1.14099157	0.94408764	1.22118748	1.37660382	0.97554220	1.54692510	0.79559575	1.17202581	1.30284674	0.87063532	1.08229566	0.93842028	1.17622007	0.74178333	1.25513054	1.02077925	1.03084178	0.73549411	1.34335619	0.84853590	1.44728665	1.20039077	1.16097256	0.88760375	1.41799494	1.08480716	1.18914772	0.92788858	1.69781566	1.47112735	1.48952862	1.18766327	0.76499659	1.24869809	1.24616111	1.80226405	0.97132844	0.81009014	1.20541023	1.09356496	1.39055066	1.38846538	1.74229356
02_153	1.41816071	1.48229046	1.38308670	1.33178141	1.26341176	1.56584754	1.51752418	1.52575785	1.14712128	1.42109758	1.58743120	1.62670021	1.52444290	1.51628103	1.26954258	0.93517353	1.63925037	0.78785104	1.06818867	1.74105224	1.44322993	1.18783591	1.56316225	1.48775201	1.20278441	0.91296331	1.37022695	1.72956357	1.14237567	1.47010811	1.27300316	1.28013383	1.03502285	1.28718251	1.43599021	1.57645626	1.26926458	1.06333361	1.52420699	1.23978614	1.71628283	1.40962298	0.86414480	1.33730238	1.69874513	1.27453634	1.36943847	1.84386133	1.30718229	1.27798101	0.54625319	1.39785814	1.46106301	1.19458550	1.53726855	1.35983494	0.97857691	1.60631092	1.05445567	1.18031013	1.73509153	1.35211932	1.12621584	1.27080385	1.45705447	1.61410119	1.42585448	0.79641453	0.98113254	1.18463938	1.18657205	1.38225109	1.00592900	1.39673638	1.75909027	1.49154542	1.06730215	1.53594930	1.05586066	0.65695644	0.99291047	1.39575104	1.21381197	0.90180510	1.68071747	1.39581618	0.90896461	0.81466160	1.15687409	1.27306317	1.59388529	1.26083282	0.94070543	1.49598900	1.22859046	1.01756571	1.40569864	1.21728379	1.34706970	1.22345178	1.06732355	1.40685918	1.05226289	1.49952284	1.54090635	0.99327951	1.61441605	1.36360344	1.36285937	1.62255160	0.97390470	0.86834413	1.63126396	1.14938257	1.15034188	0.69411702	1.15781144	1.31082258	0.86352179	0.74491627	1.09126571	1.58004740	0.46630771	1.48038311	1.40932458	1.30903173	1.38665022	1.28778434	0.26002847	1.07550620	1.27834026	1.48302105	1.25569706	0.63235119	1.07321049	0.93085903	1.07318686	1.34978265	1.04229161	0.55070765	1.05757722	1.15101851	1.30984342	1.18326016	1.23842231	1.45461268	1.20374036	1.14858863	1.31635479	0.80031951	1.65955705	1.25340332	0.52665059	0.64449374	0.98497798	1.37739002	0.97657834	0.92899106	0.97729493	1.32720041	0.90244475	1.35009207	1.33289916	1.34921291	0.47180006	1.45378414	1.48846863	0.99297842	1.16120018	1.35168797	0.92927481	1.07118927	1.22527852	1.20036432	0.63290549	1.02956506	0.37084594	0.11708610	1.10759135	0.50678446	1.66712165	1.28392120	0.77845035	1.46715775	1.25435907	1.32403366	1.00844459	1.06839062	0.98680513	1.05287641	1.41404511	0.92112481	0.47315290	0.65530233	1.70944741	1.18966886	0.95892006	1.35801314	0.40865225	0.43747070	1.42597089	0.46634429	1.50213701	0.57412074	0.96575491	1.13403540	0.83704811	1.20498220	1.36991476	1.42007116	1.25861870	0.96455425	0.82125026	1.29429842	0.90671130	1.09368360	1.43081126	1.47392406	1.16108124	0.81464792	1.15894521	1.14353417	1.19095756	1.12602646	1.24577452	0.88017174	1.68005906	1.14130266	0.66990289	1.48340697	1.34898635	1.30064850	1.17656697	1.16249997	1.29942169	1.36507986	1.20565739	0.58524629	1.08234677	0.87079757	1.20681749	0.90789268	1.25105716	1.29237360	0.68583496	0.56192495	1.11918775	1.12612240	1.16304845	1.93341814	1.12429843	1.12629294	1.42606591	1.59044722	1.07678279	1.47530677	0.71583973	0.88571381	1.08827940	0.70788532	1.03131686	0.49876928	1.27800622	1.23425913	0.49476378	1.03229258	1.31903832	0.81441039	0.63613053	1.23508891	1.04960746	1.00525904	1.37065895	1.08746812	1.32032506	1.69444953	1.19455116	1.20774716	1.34608125	1.39645122	1.49714840	1.32179467	1.00531793	1.51957568	1.10163578	1.31837291	1.46592198	1.38011478	1.46302971	1.17623627	1.42755776	0.70984936	1.66445158	1.15777946	1.14114721	1.33320129	1.09335928	1.24810957	1.56462978	1.35315280
02_216	1.40393485	1.39695662	1.49298642	1.13871383	1.70095297	1.90042693	1.69600910	1.35859020	1.52751623	1.28064005	1.19771318	1.27721377	1.36399870	1.30410229	1.49995768	1.38617003	1.74376965	1.25651517	1.40082661	1.60047465	1.21925628	1.53115703	1.37436250	1.29136118	1.57033515	1.49563442	1.63341233	1.59163428	1.03539253	1.43601437	1.47298612	0.91425681	1.26975886	1.67049468	1.68928269	1.29419221	1.66859340	1.46668995	1.78414904	1.68505289	1.43126009	1.67022454	1.30482326	1.03461769	1.41768530	1.09278438	1.09738282	1.48631938	1.07884836	0.98732390	1.21889289	1.51823192	1.06786708	0.65349438	1.31503512	1.54737287	1.48737021	1.46037968	1.62236417	1.49267802	1.62569078	1.09749521	1.15481016	1.47684366	1.12909430	1.34996512	1.67661459	1.29943769	0.61316364	0.76114752	1.37673915	1.63404578	1.13004141	1.20420093	1.48196782	1.43214090	1.14809027	1.51090146	1.43726520	1.21857970	1.30338831	0.81481595	0.94204824	1.11660950	1.70919315	1.66006487	1.11941775	1.24545540	1.10038769	0.71101690	1.19667028	0.56893915	1.37578881	1.28395732	1.59252020	1.20807363	0.96543561	1.15102291	0.79813983	1.25153006	0.17488664	1.23343329	1.47965068	1.06782675	1.34350800	1.15022769	1.99357728	1.31657471	1.02799422	1.48291274	1.54779341	1.23165607	1.26714930	1.51240152	1.44136254	1.12621842	1.19415411	1.76261755	1.48917526	1.21242983	1.37806505	1.14138956	1.04419677	1.29214139	1.40330257	1.04121898	0.81033919	1.43108002	1.07945083	0.60960840	0.82628519	1.87675174	1.18344221	0.55751860	1.30956365	1.12780862	1.34593367	1.55421167	0.34234348	1.01783199	0.77782522	1.64561489	0.70190400	1.42549885	0.71952316	0.96937327	0.83011798	0.93719301	1.09706581	1.22626948	1.64958357	0.55903571	1.08719155	1.09139489	1.13448984	1.27635432	1.05425164	0.99707167	1.00152956	1.16680093	0.38760285	1.35837583	1.49559303	0.83267638	1.00373878	1.64813464	1.34997959	0.88072621	0.95029554	1.57667813	1.04288988	0.12734463	1.69050618	1.06404591	0.97648309	0.74375775	1.25932338	1.07560114	1.14989460	0.71506335	1.50850249	1.42115961	1.29384501	1.65694954	0.59879201	1.61911036	1.08150114	1.01229994	0.40645854	1.55208976	0.90708475	1.48975140	0.73892119	1.40930344	1.65065654	0.49257887	1.37977711	1.19700624	1.15572780	1.05927800	1.07884639	1.21322426	1.23532196	0.68962402	1.03128315	0.72848090	1.01901223	1.43623398	0.77767048	1.85707361	1.02116332	1.57624665	1.44000999	1.58979330	1.22652746	0.72869462	1.26346983	1.93240094	0.92314464	1.09540240	0.30674918	1.66110446	1.56564852	1.31511913	1.16833040	1.22587582	1.45574249	1.68047602	1.25335312	1.72598562	1.27722476	1.68807299	0.72509295	1.23103459	0.88187507	1.74655476	0.81607847	1.06886248	1.28873744	1.41754934	0.59321526	1.05612734	1.06887935	1.50162710	1.07874026	1.05854643	0.40236733	0.86002317	1.44713991	1.53367023	1.63683556	0.90437351	0.82599458	1.39417300	1.41650907	1.46281580	1.06858472	0.59019723	1.39886213	1.23247824	0.57577076	0.80647308	1.07936398	1.53219911	1.29477932	1.39774326	1.07121840	1.46184808	1.25376921	1.31393197	1.31249352	0.88697263	1.80963083	0.80859826	1.66281825	1.59727291	1.43925993	1.13637341	1.54910676	1.39631435	1.52143771	1.34909809	1.24040650	1.42521158	1.48025357	1.13732385	1.18235337	1.06722632	1.68525727	1.22766481	1.00385109	1.38399421	1.21955211	1.37167616	1.06736010	1.59356221	1.24446259	0.80679124	1.39315308	1.22220519
02_270	1.47093415	1.11940791	1.42709783	1.80450569	1.30471172	0.92148775	0.71917591	1.77913329	1.14779025	1.33005125	1.49097468	1.34298103	1.63928928	1.50849228	1.21182670	1.13847527	0.90498732	1.08914453	1.37014195	1.19973199	1.78454476	1.13851871	1.51386856	1.67029291	1.41608536	1.31691131	1.43736088	1.02740862	1.40972423	1.51904743	1.11813825	1.59639883	1.28831996	1.15399667	0.90642807	1.37161032	1.01807726	1.22394086	0.97492505	1.30653396	1.29078420	0.99944671	1.21035277	1.57702420	1.26284530	1.79552315	1.17127069	1.14524173	1.17447980	1.54898765	1.14726982	0.74700551	1.41952047	1.34967303	1.16669701	1.13504001	1.44892691	1.57889814	1.49666175	1.15171891	1.53111249	1.47577854	1.63838952	1.12329699	0.90892214	1.10005129	1.34740750	1.08507054	1.54913070	1.51066072	1.02717390	0.72953522	1.13084624	1.09658598	1.19301345	1.60018446	0.85812019	1.49272770	1.11079310	1.11569812	1.30912634	1.29350023	1.54504944	1.06324357	1.28775973	1.23674912	1.34805590	1.21848769	1.23533816	1.31590107	1.28610067	1.37705624	1.35765430	1.67410982	1.38255077	0.56665939	1.67203478	1.15455440	1.55751778	0.61636875	1.58281206	1.49296710	1.16204995	1.03909059	0.67500753	1.24091192	1.11507570	1.73055143	1.17467724	1.66838577	1.60320309	0.85425037	1.28495814	0.46887671	0.99357886	0.92861856	1.16126647	1.37503709	1.25374035	1.51466742	1.32822994	1.40617034	1.44325675	1.26866023	0.73492730	1.45132509	1.09769587	1.10352790	1.43007561	1.21265511	1.06352857	0.89525561	1.35996123	1.12934917	0.25290473	1.07309322	1.05593735	0.86728753	1.48808338	1.53877625	1.78596721	1.41226756	1.33410339	1.73464663	1.33742934	1.40744503	1.37985886	1.56603871	0.69666262	0.83033632	0.99023543	1.33137945	0.99867786	0.97283009	1.03026163	0.65935885	0.55926420	0.89932546	0.70195367	1.11480657	1.53091952	1.44698951	0.88648476	0.96236010	1.17055922	1.01773182	1.51365608	1.44337813	1.16925050	0.50126621	1.40902143	1.55321742	1.23748893	1.40576636	0.91888834	1.16486192	1.47856412	1.26469417	1.37279398	1.32276127	1.34814654	1.60907996	0.95732711	1.03212785	1.31944394	1.01632074	0.76499377	0.71439830	1.23975047	0.76787154	1.25434156	1.13477739	1.32200527	1.44600217	1.32589430	1.59434865	1.26885555	1.81866259	1.23327992	1.32240922	1.64117825	1.18752511	1.32250386	1.36131367	1.20330470	1.52722759	1.62470194	0.65463033	1.55649157	0.97160635	1.54760834	1.28694101	1.17564354	1.40817523	0.90965984	1.70442201	1.41384550	1.42430990	1.60177171	0.96888681	1.39298077	1.42825669	1.21024238	1.01838662	1.51035416	0.88104696	1.20856421	1.02672791	1.39757263	0.77008952	1.54047441	1.25621920	1.44381096	1.47476128	1.22364245	1.04163790	1.45817047	1.28253525	1.64922200	1.47050755	1.14989394	0.96697589	1.73602349	1.04728806	1.37267463	1.08080243	1.66505547	1.05337566	0.97771626	1.22148082	1.23080426	1.41234356	1.32781282	0.72025607	1.01497102	1.58081212	1.00428177	1.44576727	0.80894295	1.47865873	1.42928713	1.25090804	1.68282530	1.44293089	1.51090954	0.92503292	1.34645384	1.40712322	1.36089074	1.41802702	0.92814022	1.57030246	1.43557448	1.19764264	1.26544746	1.72253688	1.02732184	1.72349306	0.57625077	1.76634607	0.92916210	1.50400822	1.02717180	0.73821470	1.10549104	1.88846479	1.03631093	1.35383852	1.19142743	1.46744194	1.28730616	1.58198469	1.39615636	0.76936453	1.52953547	0.66770856	0.99774088	1.29625476	1.85187706	1.93926746
02_316	1.40185879	1.36173076	1.42735069	1.27132743	1.44877899	1.63822561	1.47730631	1.47936800	1.23224761	1.28085843	1.34189201	1.39537189	1.46472637	1.39306095	1.31130210	1.05709418	1.57897276	0.86062619	1.17455618	1.60205557	1.34279140	1.23807333	1.47244526	1.42582617	1.37384914	1.18495064	1.50230043	1.55237004	0.98296865	1.45716655	1.25254909	1.07837899	0.99022935	1.39906555	1.45619338	1.32547523	1.33278526	1.15504687	1.57709445	1.43905997	1.48072045	1.38947497	0.91773000	1.17695449	1.50469969	1.23193840	1.18780760	1.55494897	1.10576146	1.11046280	0.82063231	1.30360478	1.23584145	0.82435938	1.34175807	1.29199463	1.16086105	1.51771740	1.33614690	1.26331607	1.65882704	1.18389481	1.15684129	1.25073865	1.14389146	1.43247036	1.48841841	0.88845748	0.76090744	0.90360570	1.09664434	1.31001392	0.99486272	1.14617084	1.56379774	1.50366767	1.04464631	1.48677855	1.08374823	0.81988146	1.11258418	1.02551590	1.12250160	0.95199462	1.67733658	1.51726421	0.91702151	0.83482648	1.02402713	0.95615361	1.23343778	0.82521457	1.12059247	1.36301230	1.36859940	0.98735252	1.11604500	1.06526992	0.95349596	0.99351358	0.61339394	1.37670144	1.24058091	1.20066431	1.28285734	0.90964994	1.74626013	1.37960928	1.06319112	1.58623287	1.27964447	0.86048385	1.28565069	1.16879417	1.14998268	0.77037463	1.07602347	1.51923482	1.20866754	0.98990200	1.01952017	1.26215223	0.74260832	1.34753350	1.21621260	1.21717182	0.99206908	1.21037216	0.65593536	0.61799205	0.99066053	1.61766240	1.21382511	0.35157255	0.96047860	0.79000523	0.99601243	1.24448421	0.69623391	0.82340001	0.97701830	1.38227205	0.96307068	1.32316578	0.97283485	1.14721571	1.04183537	1.00166372	1.02810979	0.86045243	1.57221091	0.82746564	0.72488047	0.76303429	0.95922833	1.18229844	0.79252079	0.75775051	0.71272234	1.09664475	0.62471454	1.30251254	1.23032526	0.96216368	0.45539509	1.53198118	1.47044672	0.94683832	0.97163045	1.25343377	0.80087610	0.61824317	1.44244606	0.99893151	0.51716107	0.82404783	0.88149501	0.58198274	0.91027857	0.24904359	1.59974843	1.37570376	0.95951444	1.46855936	0.86566336	1.45475785	0.88748439	0.84066999	0.53582267	1.25933108	1.10340709	1.13202866	0.35051859	1.10136509	1.66901604	0.76263584	1.03749191	1.33743338	0.82726659	0.57312663	1.20222586	0.83866699	1.28331034	0.52703631	0.99689846	0.87793809	0.97923095	1.10286293	0.97949051	1.59848274	1.20791855	1.24508772	1.16102426	1.46766962	0.88615422	0.94887022	1.34695156	1.65742275	1.12997294	0.69707790	0.70464722	1.41659850	1.33066319	0.98022129	1.23416525	0.86519018	1.55178839	1.39857768	1.03916674	1.49572398	1.38245474	1.44659562	0.85937858	1.26774681	0.98675641	1.54222370	1.06147437	0.57598365	1.19205538	1.18173571	0.76658373	0.87487617	1.21929295	1.23372755	0.71658294	0.65324876	0.73927494	0.86216251	1.08672268	1.61780642	1.39698587	1.06410284	1.07376664	1.33349114	1.14197586	1.51231420	0.69692652	0.63399785	1.18914978	1.04746697	0.63615007	0.23582553	1.28038712	1.37032940	0.94042243	1.04572865	1.08473857	1.20741526	0.90452021	1.32435187	1.00526781	0.96324648	1.60794679	0.83106046	1.42911964	1.69390684	1.17788445	1.25941282	1.27019020	1.42451509	1.35337814	1.40692750	1.02161632	1.31942262	1.25426805	1.32504826	1.24033613	1.06983576	1.38407563	1.00160810	1.14193337	1.07989933	1.34057486	1.06573279	0.90578365	1.33376573	1.01150512	0.97613715	1.49788333	1.37376766
02_291	0.99675240	0.96062739	0.98753258	1.29897966	0.96424415	1.26510363	1.13213203	1.29524854	0.67473210	0.77503456	0.93599912	1.03693788	1.16341782	0.99951236	0.74363825	0.71678301	1.22892303	0.50468550	0.87184677	1.36284446	1.25311004	0.64920064	1.11171046	1.19656948	0.99883218	0.91081030	1.06035396	1.24869457	0.94341529	1.06640519	1.30225880	1.01507911	0.68162301	1.20203377	1.22662148	1.40683720	1.27372254	0.71257867	1.20386217	0.96515943	1.36246560	1.22995592	0.65299560	1.08294185	1.23116233	1.30622673	0.97551918	1.31075782	0.87039566	1.24333518	0.67771706	0.94763093	0.88664768	1.04473538	0.92074612	1.29777022	0.98523534	1.63603328	1.10801270	0.70279412	1.56966948	0.89512998	1.13925028	0.61441480	1.17213791	1.33733542	1.41306662	0.84664331	0.99818789	0.89181301	0.42947442	1.00461007	0.73688655	1.23683546	1.37385944	1.19389161	0.95591550	1.54912534	0.78566552	0.59211408	0.80518190	0.75603679	1.06913508	0.59440924	1.43306990	1.14255069	0.77267292	0.65089783	0.60661459	0.83340844	1.33759434	0.75335987	0.88360152	1.36615230	1.30728466	0.85403900	1.06763946	1.01041553	0.92168624	1.04945324	1.09332221	1.24654613	0.79816890	1.03786178	1.09948255	0.60664998	1.45667929	1.26740634	0.57350798	1.24694038	1.21471804	0.39995747	1.24344880	1.16953673	0.51310694	0.38274833	1.40659576	1.04393847	0.97167692	1.07891959	0.77382663	0.82812631	1.02181258	1.40004209	0.82498590	1.05548663	0.85673591	0.55364793	1.07298130	1.02224844	0.98108769	1.35493882	0.88173061	0.65717460	0.72211436	0.40996658	1.36898438	1.15788974	0.95823690	1.17844049	1.36699893	1.03930889	0.93276508	1.27920019	0.86487652	0.82770975	1.07411806	1.00885187	1.03905958	1.00443546	1.28142524	0.74631882	0.59522345	0.65405393	0.48986764	1.13218219	0.90085104	0.44756951	0.52293638	0.51716905	1.05726888	1.54765642	0.63257353	0.86265378	0.80720379	1.39317432	1.26333211	0.94895252	0.57218760	0.81316218	0.82063909	1.07209881	0.99605778	0.77705962	0.43321538	0.79291858	1.19109219	0.93627401	0.77568479	0.86112324	1.61792333	1.16512119	0.63920484	1.25202993	0.74889893	1.46412339	1.04485902	0.47647148	0.65927242	1.17113844	0.82143412	1.41057521	0.90576167	1.12566278	1.44045879	1.02560338	0.77263524	1.35685674	0.92706270	0.88639066	1.17167677	0.83484196	0.79358069	0.91532925	0.90634114	1.34835710	1.22768683	0.66500619	0.95215579	1.35919673	1.16939425	1.52285013	0.99462609	1.09277187	0.68335178	1.24098695	1.33212622	1.62068522	1.26158284	0.81274208	0.88850020	1.11322134	1.48161911	1.34815211	1.46441769	0.41130757	1.47992003	1.16883227	1.21372721	1.18517970	1.20509004	0.93425070	1.34371723	1.18772401	0.65143643	1.50786766	1.11652921	0.87838706	1.24649681	1.12424824	0.84662013	0.64934777	1.43611965	0.64103500	0.85270264	0.65066224	1.22784453	0.77979135	1.33742038	1.36771953	1.06960538	1.13453946	0.90343050	1.11418336	0.66434189	1.22457561	0.69500955	0.98476770	0.94504810	1.23374058	1.16425568	0.78436611	1.39448837	1.06623301	1.25989013	1.31337240	0.80388239	1.19892808	1.05354994	1.13482254	0.63137808	1.20627564	1.24461197	0.80332051	0.96320991	1.39464943	0.76895440	1.40550187	1.18931895	1.32946253	0.93492472	1.34168535	0.85186280	1.08568846	0.95604551	1.61577990	1.21873011	1.39154234	1.41522774	0.91443248	0.93583680	1.34796356	1.61965275	0.95272127	0.90041980	1.17593737	0.85157414	1.15744619	1.52897014	1.69362604
02_114	1.53079299	1.37894736	1.51056219	1.52978049	1.39118452	1.39348062	1.25957019	1.68895817	1.17255019	1.41963390	1.55633154	1.52889601	1.65218255	1.57482498	1.31748048	0.98620553	1.40420480	0.81189435	1.19843112	1.55653675	1.57733447	1.17817575	1.63301991	1.64077196	1.38198014	1.14359190	1.53375238	1.47415588	1.13221366	1.59089113	1.07716168	1.36621020	1.00870916	1.21512730	1.23837710	1.33879376	1.04373660	1.10256471	1.39459145	1.38757897	1.48380609	1.14002910	0.86744295	1.41232876	1.56082144	1.50196392	1.31111343	1.54902722	1.21629200	1.30660854	0.79643348	1.12789249	1.47144672	1.07308312	1.40718211	1.07308458	1.11947364	1.55149302	1.29782769	1.24950634	1.65913787	1.39447126	1.35605864	1.23726320	1.12333159	1.45069180	1.35241634	0.71692217	1.11992838	1.20920626	1.06429869	1.02179697	1.06018305	1.09064759	1.55943323	1.66464793	1.02580920	1.45745577	0.93567396	0.77333366	1.17772424	1.30370438	1.40444635	1.05173777	1.63040368	1.46058912	1.01546354	0.79016832	1.15313405	1.27565505	1.23828446	1.17595174	1.13219111	1.50424256	1.25405754	0.87410832	1.38570920	1.06999259	1.24935919	0.74985768	1.08498065	1.56533659	1.22799199	1.29941923	1.17600663	0.96407346	1.49734464	1.57188010	1.23464737	1.74875666	1.28130196	0.81107978	1.29695074	0.84522644	1.07748760	0.76545430	0.99786498	1.47012369	1.16885858	1.09016547	0.96484772	1.45818039	0.86578467	1.37327887	1.07106151	1.46276530	1.19931864	1.19637210	0.73691038	0.81813620	1.16316369	1.35634346	1.37064467	0.70791766	0.69432977	0.77871565	0.70714330	0.93715358	1.10890527	1.00853798	1.33023283	1.32400395	1.27853150	1.43281658	1.26811836	1.38357136	1.32632771	1.23480812	0.98892559	0.62256615	1.44793391	1.18786307	0.71459954	0.79426253	1.00701043	1.08187329	0.62045263	0.83005172	0.63871651	1.18636465	1.05786996	1.28054731	1.09996259	1.09600475	0.42637866	1.39724508	1.61949852	1.18875214	1.18090120	1.00089750	0.91045771	1.07510168	1.35694051	1.14734025	0.53429760	1.06824804	0.88479894	0.58165171	0.96688775	0.57618555	1.62443090	1.48177301	0.93305950	1.27296113	1.19647074	1.29544287	0.73540151	0.83960793	0.89393285	1.03562678	1.31685680	0.87506128	0.59735341	1.10526910	1.63804521	1.13768793	0.96024893	1.57063373	0.85475532	0.58009373	1.40554668	0.78853283	1.41448082	0.79107813	1.15736517	1.12845513	1.18382149	0.85872927	1.26594533	1.34120008	1.44704500	1.00609081	1.11441620	1.48394848	0.82068267	1.27379104	1.41224124	1.41295074	1.40624693	0.47772816	1.08401632	1.35463701	1.11798884	0.65941749	1.34430833	0.77024698	1.54316320	1.22594580	1.06382727	1.23587830	1.55125063	1.36030785	1.04269367	1.45008755	1.18838846	1.36465388	1.33774378	0.51448224	1.28605566	1.17340094	0.96852734	0.91973295	1.42309674	1.13118450	0.77014112	0.58596231	1.12673430	1.00763925	0.69157185	1.58337886	1.29827429	1.26521328	1.31603338	1.18578115	1.03822955	1.61586244	0.61497834	0.91233362	1.02865728	1.09687221	0.86577060	0.51270298	1.50533657	1.34949172	0.90844559	0.65537117	1.20270319	1.15151888	0.81646375	1.41210563	0.86306297	1.15681363	1.50881403	0.95995380	1.31857397	1.79567052	1.04555041	1.43831970	0.89656214	1.54923800	1.18518095	1.48567722	0.96392811	1.13072001	1.13496616	1.53018347	1.20755906	1.02740941	1.05737417	1.03547148	1.28230068	1.02064977	1.31013722	0.74664541	1.07776942	1.00858991	0.90856546	1.09896228	1.63077243	1.54428805
02_50	1.24688717	1.22730859	1.21981761	1.34984110	1.07552813	1.36963065	1.29234288	1.45175146	0.78042136	1.10408797	1.27882260	1.35688312	1.40181451	1.30020563	0.97036225	0.64723318	1.40152387	0.36660227	0.84170738	1.56948033	1.33398228	0.77072229	1.41352350	1.42251342	1.06838862	0.85222189	1.24786904	1.48182779	0.92081394	1.32237245	1.22077896	1.14582968	0.55194755	1.14369781	1.28396312	1.43803268	1.14072127	0.67808236	1.34641894	1.08804980	1.51147610	1.16454961	0.39861619	1.21958459	1.51193955	1.35706820	1.26038553	1.58534476	1.08460801	1.28134893	0.55172473	1.09000889	1.25509833	1.11856515	1.23763507	1.16630112	0.76135268	1.67911749	1.00360060	0.91866184	1.67018472	1.11349326	1.15608691	0.85513957	1.35924660	1.61220673	1.34890356	0.57789685	1.02663164	0.99016104	0.66492842	1.00354279	0.87012243	1.26710398	1.63285619	1.45850270	1.16733701	1.54731267	0.61711099	0.43445249	0.87466674	1.17495774	1.28902864	0.89383359	1.63539236	1.31815754	0.69244401	0.31273505	0.82565079	1.22106143	1.37619377	1.02050529	0.82046757	1.38767060	1.19513224	1.09594681	1.12724313	1.03786793	1.00631056	1.08020658	1.15184426	1.53232357	0.99008134	1.37017915	1.35711064	0.55041085	1.51415922	1.36119266	0.99601970	1.51698202	1.05229566	0.65551580	1.30867307	1.24119903	0.74159786	0.55130516	1.39269700	1.15991283	1.03431331	0.94147761	0.48654838	1.18068574	0.83118137	1.53506239	1.00619229	1.38877753	1.21913138	0.80905317	0.82811580	1.02590793	1.30898398	1.45324318	1.15880127	0.77920757	0.89710345	0.34757755	1.20654002	1.05878983	1.08933516	1.07769021	1.38498004	1.01897918	1.30729151	1.19925693	1.21491813	1.15472730	1.38009010	1.02974671	1.29567271	0.91243931	1.48916515	1.08167247	0.66173078	0.83347536	0.77409747	1.36079976	1.02780215	0.79698820	0.63368296	0.90229578	1.11794496	1.50087873	0.82933540	1.19983746	0.59093121	1.57243203	1.53957172	1.07295488	0.97167845	0.96630970	0.59126761	1.15231508	1.12684974	0.80533560	0.50475977	1.12497478	0.97932025	0.70781673	0.58259982	0.67646083	1.85966993	1.23687909	0.84456294	1.29522767	1.09076235	1.59576572	1.09716894	0.85556246	0.85436267	1.29872104	1.20821171	1.26466590	0.74799946	1.01950132	1.65199924	1.05283116	0.57197668	1.42492025	0.89397887	0.53233739	1.21521992	0.72684487	1.13903637	0.85377941	1.19497999	1.35055207	1.18245251	0.75046648	1.06342311	1.43530841	1.39980327	1.36588795	1.11657916	1.27902014	0.88451397	1.26609911	1.45209297	1.48361126	1.46033644	0.58207286	1.09783733	1.11931774	1.39143933	1.19818913	1.51970834	0.58132432	1.73473586	1.24228327	1.18935347	1.29867115	1.46991306	1.06850020	1.33804126	1.44180135	1.01236346	1.63669766	1.39791156	0.53768328	1.14195725	1.03801826	1.03798390	0.94379271	1.46095321	0.83094037	0.52905211	0.51232572	1.24106819	1.11378172	1.15601731	1.62032741	1.19116377	1.33659628	1.28141746	1.35565769	0.83058907	1.44651789	0.71943350	0.96280894	1.13456714	1.20354919	1.12080694	0.58756961	1.58058979	1.10244786	1.03846234	1.19089260	0.96745474	1.17245597	0.84351809	1.36111146	0.76265990	1.21064001	1.34584548	0.97356735	1.06190929	1.62652594	0.93168621	1.48282267	1.24203266	1.35205484	1.10587021	1.54828671	1.05390137	1.30057055	1.09971102	1.66005844	1.47587865	1.34983697	1.21947440	0.69477364	1.25980870	1.14290539	1.70287915	0.95810021	0.71835355	1.28902225	1.01595114	1.31409951	1.52981780	1.69283527
02_214	0.98660760	0.95286448	0.91740379	1.53206269	0.74061117	1.09861254	1.07343784	1.39999221	0.42032422	0.77208402	1.02908529	1.11501415	1.22697250	1.04744922	0.54141742	0.69262888	1.14880200	0.61431352	0.84528871	1.40161481	1.40857177	0.34413819	1.16356404	1.32283244	0.89250515	0.90022102	0.93570317	1.26395162	1.15328503	1.05555788	1.45800837	1.27955252	0.69051354	1.15536603	1.21042005	1.63095762	1.32119135	0.54984703	1.06718514	0.76252106	1.49160768	1.21530645	0.70951446	1.29416879	1.32382919	1.57590517	1.19304612	1.41587706	1.04874739	1.53921378	0.89385740	0.90877750	1.07377522	1.45585469	0.93613541	1.38555324	0.96837188	1.86686009	1.05631823	0.54157450	1.65413247	1.02463988	1.34280671	0.35133983	1.48914357	1.57917363	1.43937018	0.98722093	1.41477254	1.20780253	0.22203910	0.92270749	0.89449122	1.49079327	1.48789650	1.25800162	1.23756533	1.70357204	0.70093133	0.74852490	0.86765999	1.11651017	1.38145245	0.86068426	1.45964611	1.04321584	0.91913970	0.77469141	0.69245678	1.27813760	1.58915877	1.17654337	0.90388674	1.53403132	1.33399790	1.16664231	1.28446896	1.18589094	1.21081942	1.33282596	1.64005753	1.49928517	0.78344783	1.31810355	1.28832986	0.68100104	1.30906985	1.40668040	0.76338407	1.25746589	1.27959171	0.70283721	1.41372870	1.42908865	0.22613876	0.69175101	1.78041761	0.83055072	1.04491319	1.31322202	0.75672879	0.91562384	1.36837188	1.66224044	0.79317710	1.35069299	1.25604566	0.22481849	1.47994375	1.49822108	1.39679368	1.29476666	0.99020354	1.22465220	0.95780780	0.55671321	1.72183005	1.19910664	1.43764490	1.58397042	1.82200084	0.87670020	1.40591275	1.37483675	1.24711699	1.00993914	1.51656722	1.23691899	1.43017651	1.30407295	1.25771535	1.22103722	0.91383826	1.05834913	0.59960082	1.43517428	1.29811867	0.88089506	0.86425497	0.53648804	1.58402170	1.83603624	0.29202348	1.23751540	1.23685473	1.50452776	1.41013605	1.24867959	0.87605059	0.76015077	1.02772136	1.60783097	0.80155993	0.88123110	0.92618725	1.24680803	1.51981713	1.33947376	0.88152324	1.36425135	1.89859803	1.18573251	0.90174511	1.19049787	1.17349326	1.68546619	1.37595702	0.80445526	1.15383676	1.36220879	1.07331793	1.70775345	1.37929285	1.32715424	1.45653129	1.43759134	0.70543988	1.55995753	1.25362625	1.22942579	1.34871247	1.05721893	0.76124056	1.35007748	1.26872500	1.83126581	1.55971011	0.54874956	1.22261099	1.28870430	1.44881944	1.78281733	1.16822444	1.00675523	1.00136504	1.62408753	1.50319921	1.59822318	1.64407985	1.05633632	1.36449294	0.98233596	1.66336400	1.68452802	1.80423474	0.56003193	1.67259626	1.19675271	1.50737799	1.06616392	1.37071658	0.59896283	1.80221765	1.48826677	0.88574503	1.70582225	1.50830158	1.20403601	1.38619712	1.20299865	1.23168070	0.96038713	1.73097668	0.22225062	1.10521505	0.90840189	1.70744987	1.18167720	1.56540675	1.38586510	0.98129756	1.45651362	1.21719499	1.19455920	0.48993835	1.20513883	1.00424958	1.37970737	0.99861661	1.51239382	1.61809727	1.30679455	1.70832921	0.91335701	1.55412256	1.56871371	0.84118463	1.32621812	1.23449130	1.23691074	0.62108755	1.50840664	1.01672966	1.06791759	0.60142104	1.32373444	0.63741198	1.65470954	1.25192604	1.36576419	0.69651572	1.49582200	1.04491750	1.09962290	0.89310015	1.93000379	1.44567924	1.67673623	1.42419871	0.97423760	1.11862417	1.57034201	1.92618712	0.99465341	1.12042107	1.18903380	1.01309035	1.48223982	1.64372703	1.98853038
02_152	0.49648523	0.80730511	0.57312911	0.69045130	0.96742149	1.36085718	1.31781871	0.51333087	1.07506967	0.72190651	0.78284195	0.79731013	0.42272163	0.54765809	0.87129097	1.02370995	1.28991347	1.14382910	0.88060592	1.11745304	0.70202885	1.12446313	0.47461640	0.35582625	0.78625700	0.95284798	0.69669653	1.22694599	0.91627189	0.46181104	1.34789092	0.67239275	1.13233058	1.19926963	1.28056646	1.33893575	1.49396648	1.08613595	1.16467339	0.93104022	1.22212430	1.45345682	1.22317773	0.60179493	0.92521457	0.67597882	0.63732365	1.31670734	0.73211980	0.87117554	1.02941120	1.22007187	0.61652300	1.06070928	0.82882884	1.50144018	1.17022010	1.20414528	1.02150765	0.90087263	1.08655248	0.59497178	0.62927515	1.04713047	1.32595509	1.09427074	1.24158463	1.25658840	0.86113573	0.82980501	1.21699906	1.49989275	0.62447020	1.33549936	1.09485543	0.30350606	0.82570466	1.18907607	1.24814123	1.07373952	0.68691449	0.96838073	0.35467803	0.68825402	0.96619210	0.75956040	0.87516241	1.28372019	0.73076700	0.87397714	1.49183798	0.98211190	0.86667645	0.96037784	1.12727236	1.13125217	0.99762998	0.97887808	1.11627938	1.52671873	1.26975230	0.42199064	0.81573938	0.99323800	1.34922395	1.02428660	1.36676883	0.52292377	0.96529073	0.42311972	1.05015514	1.26697347	1.41613320	1.59052838	1.15444194	1.00502284	1.41013121	0.97517438	0.87139277	0.91948709	1.44078281	0.99465580	1.09116154	1.06192220	1.25784780	0.42147187	1.04697814	1.11756062	1.36369448	1.33916140	0.96032745	1.32928674	0.31598114	1.05118862	1.42410638	1.22021384	1.77290195	1.57526631	0.91047252	1.08217841	1.02203586	0.96120742	1.08457306	0.86189891	0.68838122	0.80360771	0.76882402	0.76540218	1.40631454	1.28735490	1.14524892	0.99431118	1.00382899	1.13250069	0.75363269	1.33730692	1.36315812	1.20064035	1.19337723	1.01621061	1.05026348	1.32743828	1.27528400	1.09753624	1.51676997	1.08583890	0.30857647	0.45534332	0.66976879	1.47511323	1.18846356	1.23623395	0.92122654	0.96987803	1.31296766	0.90747773	1.31966352	1.36060761	1.31173659	1.37223819	1.17975813	0.55035561	1.09158830	1.20116670	0.88945655	1.28534325	1.21996091	1.11495583	1.04404344	1.28183649	0.78603779	1.55675506	1.31452172	1.01277344	0.90107234	1.16144489	1.19054610	0.60039994	1.01572292	1.38821643	0.92635863	1.03460713	0.85161114	1.01850430	0.77757411	1.27202359	0.84680127	1.36399920	1.07238225	1.25611453	0.30806910	1.54635337	1.01204667	0.60930521	1.41708099	0.87745471	0.75127435	1.50446117	0.66063992	1.33996256	1.06656465	0.90130943	1.36925225	1.81147797	0.97376096	1.22054130	1.07488905	1.05429905	0.99107635	1.28897919	0.23720844	1.00858924	1.36753260	0.59839928	0.87081309	1.36947649	0.73312200	1.50904909	0.88623180	0.87989131	1.07137538	1.02313435	0.82290572	1.29705994	1.23721233	1.15997586	1.30703702	1.16560141	1.77900737	1.40909730	0.90930346	0.57825921	1.01256011	1.37643577	1.07734350	0.38040737	1.32929138	1.08280171	0.96798492	1.00933828	1.42167325	1.45437548	0.70746252	0.81346186	1.35414301	1.67277586	0.94669777	1.00908595	1.25578773	0.47973755	1.30012523	0.87636336	0.98713452	0.99911235	1.09097212	0.55919668	1.30674326	0.75337456	1.59998386	0.72020282	1.29479169	0.68596983	1.24115530	1.37125318	1.03487773	1.05499042	1.28864016	1.57690539	1.77075631	1.38508499	1.06234039	1.37540509	1.69311383	1.47830608	1.30173487	1.49541437	1.39199895	1.12348901	0.94768767	1.18294914
02_27	1.24774211	0.97995052	1.22291858	1.23510726	1.15480849	0.79862000	0.77766010	1.30752651	1.14485802	1.30969615	1.46457185	1.25621073	1.32800278	1.35221451	1.19640241	0.85672864	0.82021725	1.02659723	0.95038149	0.91949538	1.25306323	1.18414681	1.32461937	1.32689920	1.06772802	0.96883990	1.21576634	0.96935921	0.89088150	1.28840986	0.22943307	1.22580208	1.04360738	0.41162625	0.47806107	0.82420723	0.27404670	1.04960163	0.77675426	1.17781765	0.91516896	0.42114529	1.01198344	1.14797774	1.10062577	1.23815931	1.01874264	1.20216736	0.91602319	0.95894125	0.96231639	0.71772652	1.42465642	1.04884214	1.14224091	0.41833034	0.96644599	0.85315089	0.99652916	1.17452271	0.85893173	1.22855194	1.07249261	1.22877971	0.99225984	1.10824722	0.39919653	0.64677146	1.20076138	1.21319091	1.28535397	0.73473290	0.81074888	0.69310659	1.07943147	1.35433586	0.81675662	0.66217612	0.83171447	0.97721409	0.97635569	1.56244973	1.28179059	1.16888380	0.92144743	0.95412722	0.95062615	1.04550157	1.12321515	1.53356306	1.00097304	1.41748894	0.93663246	0.97809448	0.49015033	1.02479984	1.31397680	0.59480897	1.36932521	0.79670451	1.51716862	1.31995973	1.15334822	1.18725350	1.06021041	1.03841626	0.74209659	1.17755495	1.43360006	1.42001237	0.97204535	1.33742803	1.00031811	0.97891893	1.27156009	1.10753573	0.82114852	1.21004194	1.11170519	0.95311529	1.17863428	1.51828074	1.03555395	0.82200226	0.90423675	1.43945242	1.34124383	1.28766026	1.18594218	1.09122624	1.29437441	0.74920396	1.21681134	1.23188409	1.06948735	1.15905024	0.90280535	0.59990539	1.35270199	1.17688436	1.41088456	1.05909950	1.67609439	1.05170145	1.45516753	1.42858882	1.44854652	1.13037760	1.24192511	0.49102116	0.86483640	1.48913640	1.12751924	1.31541647	1.13788207	1.02164075	1.01739166	1.42954317	0.84989378	1.38578277	1.37279802	0.69187397	1.17303886	1.28524621	1.34097577	0.87723083	1.28414273	1.12039368	1.28141454	1.01021761	1.07071706	1.52344888	1.14746855	1.14777719	1.28596424	1.46126864	1.18726582	1.17097838	1.17383263	1.27539724	1.28073938	1.10771155	1.26963443	0.51994935	1.45793509	0.97995487	0.70193014	1.26258259	1.36272126	1.05381588	1.41878519	0.72641545	1.26569772	1.03642367	0.98454409	1.40195424	1.03906754	1.26734607	1.12040417	1.13248808	1.14923549	1.03563210	1.41831065	1.16896646	1.39927708	1.18213605	1.15557323	0.99761362	1.40090374	0.74761469	1.33123218	0.80091155	1.29363092	1.23288200	1.52640123	1.31839821	0.87541564	0.52055997	1.46411648	0.77784431	1.49254475	1.09581686	0.47728517	1.02239694	0.96112569	1.27736466	1.15731365	0.76139543	1.13268051	0.74515868	1.39585592	1.24696382	1.19718230	1.42526161	1.40976511	1.03461500	1.53431548	1.26120575	0.99003145	1.01526059	1.22306700	1.39217954	1.18310410	1.39799957	1.02652307	1.11268519	1.56014382	1.55740401	0.88610427	1.33692604	1.20701325	1.29884401	1.64859720	1.15387223	1.26557891	1.35355328	1.37050593	1.30267258	1.04413423	1.25569983	1.38650348	1.30488434	1.54313522	1.12545041	1.20690506	0.98105236	1.31714555	1.21310381	1.16380724	1.35442984	1.36241502	1.24794152	1.33328473	1.34571019	1.29684227	1.49689855	1.46356005	1.40931671	1.07612615	1.21900821	1.20020857	1.45442071	1.51708813	1.22071968	1.31226862	1.57127463	1.47563567	1.26853173	0.83727008	1.23173895	1.62271258	1.29644782	1.50019993	1.15413596	1.18433096	1.21673307	1.54592108	1.40754029	1.16437671	1.57511037
02_60	1.32720785	0.88139924	1.29988725	1.63977800	1.22953524	0.67958706	0.42350534	1.59182199	1.09593365	1.20295387	1.34530202	1.13063877	1.47281348	1.35614713	1.13044147	1.04259980	0.57543850	1.08248635	1.23236677	0.87389307	1.58673912	1.08680267	1.35345252	1.51415286	1.29750332	1.25960505	1.32963225	0.69867809	1.21050938	1.37238093	0.85542229	1.44207764	1.16868749	0.89645492	0.59834582	1.07369346	0.77475940	1.13524319	0.71986850	1.24744395	0.95508132	0.67186415	1.15248528	1.39212201	1.00315727	1.65275362	1.00091661	0.86609137	0.95846029	1.35304852	1.17527554	0.42643435	1.31797169	1.21119266	0.95040651	0.83594336	1.33370672	1.32627108	1.39473447	1.11028182	1.21219708	1.31110790	1.49481129	1.06071751	0.75942037	0.95711916	1.04979845	0.98298551	1.47245212	1.37523909	1.02324900	0.44604095	0.99474658	0.83188249	0.92317934	1.47797358	0.82144287	1.20310958	0.96146652	1.11758633	1.21399241	1.29326950	1.46670308	1.12055602	1.03829909	1.07409145	1.22815940	1.17741855	1.11195104	1.35812748	1.01785775	1.32061112	1.25470886	1.40965334	1.14578495	0.74752500	1.48497226	0.88877650	1.41334183	0.52918303	1.60448773	1.42791796	1.17378738	0.91637422	0.51587423	1.12851251	0.86326087	1.55836889	1.13020724	1.50965920	1.50162833	1.06303315	0.97533820	0.70670354	1.01541340	1.03031046	1.10289589	1.30635453	1.29300658	1.44790751	1.23863314	1.27984355	1.44751610	1.05759718	0.44989501	1.43692717	1.06396837	1.04770961	1.51648957	1.15676597	1.08657920	0.73293054	1.25916619	1.23816473	0.55582150	1.05379449	1.07266615	0.57566663	1.46031777	1.57832363	1.76250636	1.30572544	1.43645949	1.57145127	1.33821710	1.28416871	1.43034454	1.40893908	0.82489731	0.80002342	0.66885088	1.33369073	1.12704136	1.19754350	1.01898272	0.66316835	0.73688822	1.10724947	0.64268542	1.06576159	1.55219227	1.25428617	0.79701450	0.93897629	1.34011891	0.91075464	1.39422866	1.36196178	1.14719644	0.44390438	1.29971381	1.57838650	1.18922144	1.23986251	1.11706111	1.28675258	1.56000021	1.38988381	1.24973213	1.41013778	1.28898678	1.44325471	1.15113524	0.68578604	1.30288220	1.04635129	0.71854265	0.84116542	1.26101892	0.95046827	1.18230089	1.15417044	1.41033698	1.46201147	1.05704696	1.50988758	1.17935944	1.65806503	1.33995953	1.36857606	1.41069763	1.24662760	1.19230662	1.38849684	1.33159703	1.47453913	1.58287905	0.57272675	1.41315038	0.82380273	1.48242991	1.28832668	1.32579058	1.33408812	1.19886677	1.62719820	1.17664156	1.17494840	1.61557307	0.89331518	1.40035157	1.34313071	1.06182241	1.04705750	1.39590900	1.01502298	1.05401859	0.97812966	1.45675407	0.47213507	1.48688197	1.18979916	1.38828315	1.52693359	1.16946473	1.10004499	1.50380328	1.35658843	1.49219457	1.40733218	1.07147455	1.14424840	1.60289663	1.05209153	1.32209838	1.14397307	1.66705318	1.22081013	0.93440658	0.92072465	1.24309196	1.39103761	1.34676375	0.52855730	1.04847341	1.44751423	1.18696093	1.42729660	0.84793801	1.53814063	1.43893921	1.37737422	1.68227635	1.30253732	1.57552589	0.98419065	1.20637439	1.45327937	1.38630207	1.39134755	1.03149977	1.50676608	1.37711907	1.18600363	1.19053374	1.55635372	1.11294148	1.66711217	0.58964081	1.57117089	0.74827148	1.49575878	1.22692162	0.62693156	1.15957325	1.84747277	1.07907245	1.24881752	0.94435433	1.33228108	1.29121354	1.62479921	1.32914695	0.79143094	1.39171237	0.75849078	1.18224272	1.28390394	1.60069148	1.88461620
02_107	0.81406605	0.76542457	0.89976882	1.22439590	1.16861695	1.41576933	1.25018497	1.06677595	0.98323557	0.48016635	0.39129889	0.58630634	0.88286081	0.64272831	0.84241317	1.09460127	1.23657077	1.06345213	1.07849085	1.17936083	1.07245922	0.94647819	0.78361402	0.94896996	1.14175232	1.27965965	1.08387622	1.08762668	0.99101960	0.85008283	1.52505558	0.86435425	0.96898546	1.41324955	1.38587807	1.36264617	1.59267706	1.03832648	1.28054183	1.17373434	1.17684375	1.43689428	1.12970224	0.89826589	0.93285050	1.27560796	0.80425408	1.03964523	0.72187134	1.21523376	1.23881225	1.05767677	0.47502237	1.07817093	0.56970198	1.51050025	1.32866717	1.61888376	1.40662540	0.92072996	1.42519943	0.62225611	1.18934159	0.78697202	1.21647399	1.25563968	1.53561600	1.31212367	1.11446789	0.81450601	0.78452306	1.26285778	0.88119611	1.31230865	1.13850851	0.99856305	1.15890596	1.55374315	1.13183620	1.13821301	1.02127838	0.50476821	1.00053811	0.92210450	1.33879052	1.17216970	1.00925793	1.16077862	0.56631325	0.78066159	1.29553209	0.62233912	1.16497712	1.24347776	1.49454883	1.23146661	0.86426652	1.05724531	0.76558384	1.37153497	1.28374510	1.15772517	1.10037636	0.86579908	1.11602920	0.86177494	1.59058870	1.17747577	0.24938284	0.92399976	1.53195198	1.07603769	1.11955476	1.64049444	0.86693796	1.00935736	1.69294178	1.23729507	1.36149912	1.41916342	1.14942194	0.13473297	1.48016504	1.39328195	0.87415568	0.95666808	0.74531675	0.70354852	1.65564302	1.25130358	0.99955782	1.56388462	0.74395458	1.12407372	1.20874248	0.88364478	1.83588479	1.41576433	1.03365896	1.60429603	1.53621962	1.26454757	0.95162663	1.38965876	0.74202806	0.29521921	1.13815412	0.97143373	1.26565768	1.47084563	1.18283365	0.68698696	1.17093250	1.25017778	0.72286673	1.31472432	1.32252788	0.96593437	0.92706444	0.35150779	1.29026052	1.70889132	0.81590569	0.80315552	1.46808400	1.51167837	1.08118963	1.00497629	0.55045222	1.13768050	1.10476387	1.23931482	1.20748496	0.73755038	1.15755540	0.98112166	1.73986994	1.57092151	1.00163615	1.40141856	1.62491480	1.13259873	1.21900337	1.31166570	0.60736704	1.73510874	1.34849591	0.79500939	0.82585058	1.59418354	0.42305181	1.89748755	1.41560848	1.57744785	1.25600583	1.03848948	1.13066054	1.25751897	1.45015418	1.46464143	0.97680212	1.35312253	0.23632668	1.28745126	1.16200780	1.54171040	1.46832231	0.99608897	0.72718042	1.56950392	1.08229419	1.97824712	1.44231421	1.14002477	1.26476028	1.29938361	1.21534393	1.84640513	1.32077572	1.25041254	0.90274466	1.32879610	1.77214620	1.78619942	1.57825707	0.99199361	1.36216682	1.49115262	1.61134051	1.29486946	1.10218953	1.07930374	1.51822045	1.32602186	0.33557861	1.82006277	1.12265883	1.45206707	1.37378225	1.41624348	0.80792940	1.02648855	1.44595139	0.85964185	1.29420825	1.18331998	1.36736371	0.98465272	1.74693990	0.98627772	1.32001753	1.14797189	0.65231384	1.04506054	0.96158859	1.00896407	1.23716748	1.17948707	1.18083609	1.59930576	1.39931252	1.41162931	1.39641357	1.11361805	1.76857345	1.74989438	0.55401972	1.56385143	1.49297979	1.12021096	1.01544472	1.30644294	1.35129130	0.84126005	1.06634551	1.05239735	1.03245541	1.42706336	1.45865079	1.20979098	0.86804056	1.33221007	1.21092198	1.06308880	1.18932793	1.65793488	1.20119667	1.48671290	1.64381644	1.09887492	0.70297399	1.78263702	1.62709616	1.25491243	1.08965421	1.42819462	1.18816483	1.15596001	1.36756718	1.75194215
02_287	1.37375372	1.46507449	1.33028089	1.28645737	1.20983006	1.53012855	1.50710122	1.47092212	1.14642973	1.42109862	1.59877391	1.62498607	1.47613855	1.49331674	1.25026241	0.92703957	1.62243145	0.83140836	1.03751546	1.71489078	1.41091583	1.19872451	1.52262738	1.43509254	1.13721368	0.84924210	1.30114994	1.72534171	1.15372625	1.41892333	1.25775095	1.27761422	1.07295487	1.24317485	1.40734263	1.58780205	1.25988353	1.06587630	1.47975448	1.17900617	1.71645240	1.41016580	0.91036666	1.31674477	1.68158373	1.22271822	1.35077147	1.85925775	1.30669665	1.25776349	0.53205062	1.40525150	1.46157787	1.23319833	1.53589307	1.37040584	0.96016209	1.55894514	0.97901505	1.15925114	1.68331174	1.34520012	1.06908674	1.28463587	1.48791527	1.59162048	1.37536228	0.82099989	0.99479368	1.21170687	1.23870319	1.41304650	0.97711179	1.41948238	1.73677406	1.42105541	1.02467614	1.48649358	1.07996404	0.67415075	0.94624143	1.44252470	1.16856258	0.87556835	1.61535852	1.31673770	0.90575821	0.88091027	1.16604019	1.30355168	1.63873744	1.32305794	0.89125129	1.47075541	1.16314636	1.01414745	1.43503748	1.21547784	1.40861756	1.28055870	1.14232673	1.33631877	0.99563058	1.51189560	1.56657275	1.02803408	1.54952491	1.29667876	1.40788890	1.56238125	0.88625097	0.93276252	1.67571631	1.16514790	1.17516807	0.72139562	1.14552280	1.24788132	0.75215760	0.66687777	1.16474467	1.61804966	0.42061306	1.44504893	1.44231730	1.26359208	1.43308305	1.31790294	0.30294924	1.15466839	1.29043392	1.42049403	1.21041135	0.70514235	1.12938096	1.00694096	1.12615084	1.38303151	1.07477946	0.46692785	1.02752712	1.08098490	1.35183696	1.11011200	1.24342691	1.47875466	1.18475084	1.13957924	1.36274546	0.80479752	1.62820902	1.31530335	0.51819852	0.66494342	0.97813587	1.39382834	1.02436963	0.99665668	1.05033483	1.36779611	0.93612822	1.31347435	1.37061262	1.39254479	0.62320844	1.37364829	1.41131655	0.94497273	1.17568489	1.39701824	0.98337360	1.14052646	1.15116784	1.23157956	0.74840398	1.04371488	0.25162206	0.24599653	1.17905923	0.64126264	1.60706246	1.20581329	0.77368068	1.42935671	1.30004924	1.24305850	1.01218176	1.11767772	1.05911125	0.98662452	1.43187519	0.88309158	0.57239737	0.51165404	1.64324646	1.25210890	0.97424433	1.29064342	0.27568926	0.53745900	1.42853838	0.38319499	1.51498969	0.58344044	0.91953702	1.15296056	0.74684278	1.25133114	1.42099823	1.33904442	1.18959346	0.88715164	0.71768245	1.20034173	0.96880438	1.06890148	1.37066823	1.40225548	1.09188575	0.87873524	1.21658545	1.04611218	1.12030699	1.18991732	1.17481723	0.93108899	1.63106086	1.04831713	0.50581654	1.45194920	1.25974830	1.25304823	1.20740335	1.07220223	1.33330322	1.28269670	1.17157223	0.70099459	1.01080273	0.75135072	1.25819159	0.91391816	1.17916729	1.32565977	0.73701328	0.59806787	1.17036321	1.16748806	1.20695822	1.95074459	1.01980768	1.05995035	1.45753749	1.61139094	1.06706369	1.39038262	0.77533105	0.91403063	1.02504075	0.55625650	1.09793458	0.66787099	1.18926044	1.16161476	0.38924260	1.04649377	1.33880014	0.65889617	0.58991447	1.13690989	1.08567675	0.95079298	1.26902413	1.10802926	1.27991322	1.61289170	1.20993072	1.10780657	1.35786049	1.32443835	1.51029533	1.21275849	1.00504625	1.53100986	1.03820408	1.23243028	1.46289992	1.41523905	1.48810894	1.23956691	1.44568165	0.60885980	1.68485434	1.18711807	1.21536914	1.31809170	1.12481329	1.24862628	1.50913918	1.26753884
02_86	1.60872678	1.27672002	1.65661892	1.54817780	1.76622741	1.46999447	1.19427454	1.67087410	1.62408380	1.49247070	1.47980313	1.31034506	1.62733367	1.55148699	1.61447987	1.47039252	1.27065848	1.42343212	1.58949605	1.19479532	1.59830307	1.62646817	1.54335834	1.58622727	1.71513148	1.63500419	1.75328605	1.13726389	1.26383118	1.63968945	1.05063466	1.36052856	1.49837637	1.42106600	1.21880297	0.95319268	1.24244370	1.60763455	1.41835061	1.76183803	1.06116143	1.24631118	1.49031982	1.36396732	1.18931223	1.51200475	1.04063677	1.03888161	1.09103472	1.15130179	1.39719705	1.13122622	1.36618635	0.82167504	1.26744359	1.15058291	1.67823576	1.16954044	1.77398698	1.59104151	1.35543429	1.42635815	1.50599277	1.57289125	0.42562862	0.84639939	1.40001669	1.27658919	1.18764104	1.25689817	1.48786074	1.22164752	1.22539274	0.71473573	1.04991972	1.64589649	0.85113958	1.22778534	1.44567236	1.39873650	1.50622815	1.16076909	1.32381949	1.28553295	1.37080538	1.55681678	1.41121641	1.45524036	1.35889130	1.09482613	0.80835367	1.09645914	1.57256509	1.39986675	1.46975031	0.82827615	1.42543275	1.01931776	1.29754998	0.55085726	1.03806175	1.34632994	1.56965572	0.78725883	0.69145863	1.40524059	1.55924717	1.61879096	1.27009502	1.70529439	1.74287050	1.31204125	0.99525502	0.85514706	1.51982816	1.26691552	0.65028197	1.83410166	1.58766682	1.49202430	1.58030401	1.42121393	1.35836004	0.88082466	1.08114708	1.32413236	0.80496954	1.54474843	1.35622020	0.61139247	0.70660998	1.38040303	1.42456002	0.93774735	0.90214902	1.33605311	0.80691818	1.08276426	1.05213833	1.34707251	1.30784911	1.76893295	1.07085900	1.70976766	1.11742798	1.31655807	1.08068635	1.36637672	0.45536383	0.85656118	1.18250738	1.05765637	1.24754070	1.21625543	1.30557914	0.54221922	0.51236523	1.14525115	0.82754549	1.35606653	1.06332519	1.01994892	1.42207249	0.66708068	1.22888551	1.16331511	1.44622032	1.26910801	1.21987773	1.19645841	1.38763058	1.02008290	1.71303111	1.40218662	1.13967242	1.03370042	1.47766812	1.28858242	1.44019013	1.12609484	1.04312769	1.66474398	1.36591011	1.26299465	1.07315474	1.08196381	0.51702103	0.97049858	0.97674198	1.15894115	1.13710510	1.07958610	1.12935341	1.58376789	1.34555857	1.16476195	1.56034840	1.57925080	1.33774370	1.33644235	1.38396939	1.38695293	1.45403948	1.12985720	1.22353252	0.84409137	1.39196421	1.22097505	1.28194429	1.42400977	1.33287614	1.23779090	1.50679643	1.70524737	1.28760209	1.27853822	1.15507749	1.59054147	1.29034831	1.01728294	0.98409133	1.77245394	1.13605425	0.76920316	1.06835025	1.32753133	0.97120751	1.42575323	1.37977401	1.25223414	1.50455922	1.75486885	0.71185491	1.43137939	1.19988859	1.22150495	1.17709517	1.32489799	1.55725009	1.61079932	0.75587785	1.19307992	1.34097197	1.57383651	1.38579041	1.26250455	1.12073238	1.02651599	0.92863385	1.14481322	1.65716063	1.15355057	1.16088649	0.84359697	1.49669864	1.66218450	1.22210369	1.12281519	1.19366954	1.44775611	0.90786851	1.14623326	1.40128568	1.69496404	1.49666852	0.90954271	1.37169949	1.59268901	1.46071601	1.49436573	1.37370241	1.27230065	1.85981512	1.09944764	1.73899383	1.78358296	1.50246627	1.47359185	0.98035245	1.69722067	1.34000473	1.47338232	1.32344221	0.99514275	1.51139765	1.49007032	0.89662458	0.87239000	1.29753752	1.52173557	1.24568037	1.58905133	0.77205235	1.12011471	1.44541901	1.15541326	1.29523984	0.91636369	1.59279824	1.53945094
02_192	1.33132458	1.19767356	1.26172328	1.61512653	1.13726050	1.05184374	0.98908274	1.60594304	1.13490256	1.34265167	1.54212935	1.43494929	1.48675987	1.44009888	1.15599595	1.08752971	1.14196296	1.08013914	1.26505892	1.33800954	1.67111201	1.17413250	1.40011241	1.48291333	1.21668468	1.07942398	1.21683840	1.28979000	1.42541443	1.36363410	1.20302297	1.52189398	1.36200776	1.16016859	1.03925858	1.54823091	1.15865875	1.21709265	1.03945825	1.10571139	1.49556755	1.24361303	1.24251548	1.49543208	1.35660466	1.56743775	1.14261500	1.45537241	1.23114450	1.47030779	0.92502488	1.04717518	1.38953208	1.39968889	1.29688996	1.36013625	1.36401550	1.51103378	1.26667261	1.05348061	1.52665605	1.44524195	1.42006012	1.18226493	1.16256106	1.11521928	1.34623422	1.11253177	1.41626640	1.50259700	1.19160087	1.14875408	1.02117163	1.31818492	1.32673871	1.35254886	0.63486904	1.47115938	1.23953462	1.01574735	1.11301497	1.36084214	1.29071471	0.78628966	1.20399311	1.05095181	1.27827344	1.27096173	1.25330691	1.23417605	1.59511790	1.45198520	1.18538096	1.64922737	1.29447147	0.39232402	1.73148771	1.24625105	1.68467951	1.01535683	1.52171896	1.16753330	0.87583912	1.16612968	1.06439173	1.30376172	1.13197694	1.50837395	1.31991436	1.49899540	1.33165672	0.83195803	1.61885082	0.55889969	1.07843624	0.78761071	1.08556431	1.16533755	0.81583229	1.22521150	1.49862880	1.57157327	1.16283234	1.22170862	1.14867229	1.17189290	1.22455450	1.24019044	1.15172840	1.33468326	1.01920780	0.85658610	1.18996490	0.97141452	0.67925032	1.22673950	1.17181185	1.25691295	1.38653163	1.14872247	1.49247413	1.23195983	1.26638757	1.51698947	1.22787228	1.49198185	1.09225829	1.50104006	0.90476574	0.77645698	1.16015677	1.36326636	0.73218243	0.64991831	0.96073456	0.83891330	0.69597549	0.89825852	0.96975539	1.28765567	1.34341227	1.36656332	1.18628266	1.14577350	1.12352192	0.79109640	1.24815611	1.21493096	1.10536692	0.98073384	1.46101314	1.49779383	1.01366683	1.49911935	0.90512754	0.98291231	1.10671612	1.01615466	1.54397770	1.24086793	1.12417728	1.39949341	0.61747088	1.17527080	1.34156458	0.63636922	0.81234969	0.87618453	1.27747229	0.21226091	1.31907314	0.92377652	1.19616855	1.00522200	1.28287159	1.64007726	1.30226084	1.59594888	0.78695613	1.23555257	1.67745596	0.88560228	1.43939046	1.15979154	0.79908336	1.41391659	1.28728647	1.05473072	1.68116203	0.85386249	1.25499248	1.01212297	0.64055739	1.11830368	0.85643300	1.51241714	1.32485237	1.38284867	1.22979227	1.13705597	1.41047544	1.17375106	1.07805247	1.22979635	1.24185720	0.93931146	1.16832659	0.66910018	0.90352287	0.99726480	1.20627783	1.17189912	1.43166302	0.98048656	1.32803715	0.60184320	1.18789578	1.29457055	1.46315732	1.16162437	1.31214455	0.80099712	1.50271460	1.24961702	1.33484957	1.01425504	1.61030366	1.04543778	1.23701582	1.61670323	0.89707498	1.13457270	1.38979999	1.17999905	1.01749977	1.37270229	0.97907129	1.38336811	0.63766440	1.03370306	1.47049200	1.19655589	1.32134877	1.31784015	1.17692797	1.03211395	1.48339017	0.97467568	1.19043474	1.10248156	1.07325128	1.37845151	1.20967853	1.25688441	1.26163545	1.56967812	1.15024877	1.41774172	0.99860881	1.62134896	1.29732889	1.16108892	0.92193396	1.15619513	0.94905610	1.59482649	1.16299785	1.56959208	1.53850595	1.64249719	1.39126556	1.28946509	1.60915336	1.09655260	1.64073076	0.90618680	1.07661894	1.31488903	1.77276376	1.67287107
02_117	1.01876802	0.78215280	0.96506028	1.27605612	0.94248745	0.53812967	0.68044254	1.15113924	1.09285692	1.17698748	1.36293328	1.11550311	1.11485012	1.16821654	1.03633809	0.94515722	0.62270131	1.21354892	0.94798196	0.72048092	1.23205607	1.14240595	1.08361211	1.15291556	0.88458219	0.97274057	0.92205530	0.83668109	1.08811049	1.03229315	0.75080755	1.29630496	1.20151253	0.43279470	0.44051301	1.09619294	0.73597008	1.07605821	0.42377194	0.96290488	0.94762483	0.68562939	1.23164474	1.16046788	0.92918425	1.30161950	0.96135832	1.16150314	0.92733947	1.14573959	1.16528650	0.72267332	1.33937419	1.35618952	0.99247136	0.87836547	1.10804668	0.98629975	0.96768819	1.04623786	0.70846242	1.17591366	1.11986033	1.15079819	1.23337742	1.08535731	0.49233171	1.02821121	1.44583487	1.37307057	1.33248936	0.91161085	0.83106552	1.05549174	0.94475323	1.09073893	0.88744349	0.79151992	1.01209893	1.17658721	0.94200976	1.62237575	1.27513241	1.17282575	0.53730527	0.55547943	1.10216084	1.31834311	1.12149677	1.61634918	1.32602416	1.58455466	0.96721901	1.05408511	0.60023709	1.16485274	1.44694259	0.81543910	1.56540654	1.21589970	1.85667822	1.18352016	1.02907963	1.22131455	1.16289158	1.18814627	0.34374219	1.08115862	1.44915481	1.13118932	1.05451133	1.48812381	1.23541838	1.27430094	1.26313226	1.25061827	1.25650807	0.96692460	1.06292547	1.15527127	1.42191162	1.48666245	1.36148701	0.92988296	0.96693548	1.36376337	1.46445185	1.24972587	1.58869425	1.52408529	1.41018040	0.51945501	1.07012421	1.52924809	1.29606466	1.36712042	1.48158682	0.98087967	1.58759241	1.47601296	1.66219863	0.92528443	1.79809862	1.07627017	1.50121730	1.41753868	1.52201338	1.25620892	1.47490388	0.99809540	0.61974097	1.64469040	1.30198747	1.49164854	1.13150863	1.20408533	1.34880059	1.59075816	1.15797144	1.38156995	1.67361826	1.06561794	1.17440318	1.42723703	1.73563510	0.70297891	1.04973787	1.18925129	1.28587243	1.11709485	1.36385671	1.84359438	0.91117733	1.26493073	1.57270108	1.57794285	1.51733432	1.55855466	1.42903670	1.69744566	1.24603978	0.94710719	1.35777354	0.39188978	1.57516191	1.02644809	1.07355881	1.38645997	1.60371410	1.13255438	1.41097581	1.21541194	1.66133027	1.17692421	0.61263903	1.68659193	1.18837693	1.25146019	1.32540462	1.54052380	1.25035808	1.23239820	1.31429975	1.47928305	1.43734878	1.57232835	1.35028032	1.12900362	1.56909347	0.48269899	1.27831726	1.21852134	1.30480265	0.94622441	1.70594773	1.52584761	0.83094583	0.63044880	1.51841211	1.21605128	1.71396310	0.92333683	0.84715418	1.56453569	1.14616683	1.41308995	1.05823215	0.62313248	1.29654031	0.58987759	1.21592915	1.03761338	1.60448949	1.36468881	1.44703055	1.05209622	1.58562719	1.66344375	1.10061865	1.05272621	1.45088833	1.47998895	1.30718523	1.39242565	1.37507599	1.36923706	1.88676572	1.69518655	1.40369877	1.28467111	1.02358320	1.33399069	1.69985042	1.20817695	1.23986636	1.07267740	1.60996210	1.58768917	0.98771929	1.40657458	1.77823217	1.73328831	1.54671998	0.96087411	1.53022620	1.41696859	1.35010567	1.25360579	1.41870568	1.19278889	1.46486545	1.42189973	1.05479001	1.48476089	1.13439682	1.16685240	1.49005994	1.44055055	1.27173153	1.12635928	1.15553674	1.32910085	1.60648399	1.25451538	1.24132308	1.68628580	1.55083847	1.62607709	1.21397038	1.48344713	1.64541495	1.55994996	1.77534254	1.35869622	1.48134846	1.29105172	1.67897698	1.57874155	1.16269110	1.71600285
02_89	0.97280745	0.79135703	1.03598743	0.98309610	1.32947156	1.15172813	1.05272888	0.89564579	1.43783982	1.13199704	1.14116600	0.86712723	0.88842668	0.98383346	1.27431535	1.29702478	0.97260673	1.47850618	1.22587831	0.62349321	1.01028966	1.48078255	0.83743384	0.83573037	1.18301985	1.31001096	1.12210215	0.84693691	1.05526406	0.95010743	0.98150432	1.00875629	1.45369395	1.04704361	0.94384637	0.90685869	1.22986106	1.43576404	0.96934545	1.32225147	0.75136347	1.18098916	1.53123316	0.86990378	0.61402658	0.96829659	0.57380509	0.94519287	0.75168998	0.79538719	1.37215421	1.04907066	1.03129954	1.00779379	0.89955832	1.21263428	1.47192114	0.60857135	1.35119475	1.29897901	0.51521248	1.00844924	0.98522637	1.40206671	0.95163351	0.59226453	0.92969657	1.35648472	1.14552268	1.13974875	1.56151159	1.36385732	0.87342518	0.94443839	0.59395257	0.85678652	0.68390553	0.69766794	1.42424509	1.42107721	1.10186780	1.29897583	0.83070840	1.12927986	0.46820055	0.86447142	1.22997960	1.58609357	1.14496990	1.20237780	1.16108118	1.27489456	1.23725901	0.85714605	1.02517525	1.10276758	1.26354288	0.82326389	1.38095239	1.26675002	1.48201466	0.63468859	1.23185638	0.80815434	1.05023329	1.37095480	1.09175041	0.87994578	1.32546741	0.91214409	1.33798794	1.60377532	1.15244979	1.38652629	1.52736675	1.37151315	1.04688900	1.34591129	1.26816458	1.22219109	1.72745525	1.33074978	1.37445360	0.43215712	1.18573661	0.90745192	1.08108629	1.48011092	1.61208856	1.27578963	0.95146951	1.04989273	0.91002810	1.32652499	1.42999996	1.55527485	1.53913233	1.35509566	1.19931105	1.34251410	1.23490721	1.33681725	1.38176787	1.16477988	1.08859710	1.17624187	1.00087515	1.10685058	1.23878310	1.13539147	0.75493427	1.28907710	1.37989563	1.47384611	1.20205757	1.01054767	1.27226938	1.54466564	1.22339115	1.39678650	1.29605456	0.87187339	1.48423552	1.09483908	1.79407174	0.67922639	0.59904694	0.92235682	1.09124707	1.44078387	1.47941053	1.46802000	1.28279480	1.30738689	1.61427902	1.26014203	1.58641552	1.62013599	1.59707809	1.62675949	0.65964676	0.99144770	1.44550200	0.91290488	1.22366830	0.94413062	0.98973031	1.34481555	1.36418503	1.23872283	1.09177275	1.34079635	1.58547537	1.32695656	0.43593940	1.41072069	1.52902657	0.94494410	1.35194811	1.66091836	1.07065887	1.39385067	1.24913707	1.33137176	1.18005394	1.15275556	1.15555038	1.46290736	1.35994993	1.04217954	0.80672963	1.36331706	1.39100087	1.09951070	1.74733029	1.15770507	0.43369392	1.22658451	1.02362464	1.40559540	1.35752752	1.29894486	1.02905471	1.62112009	0.66958496	1.58668968	0.55008617	1.01331162	1.24785011	1.07641928	0.87044540	1.41825549	1.24181900	1.00623041	1.26459599	1.05218199	1.11416909	1.78967667	1.15066569	1.25790514	1.17532928	1.41817764	0.92244584	1.66792977	1.52409014	1.51057553	1.54101251	1.47710310	1.59553339	1.16098389	1.29920555	0.91620740	1.36911448	1.19209393	1.49168841	0.96365490	1.67525786	1.39506137	1.12503667	1.35177414	1.54503496	1.70221427	1.08762596	1.24900793	1.61533876	1.54995276	1.33877047	1.38814043	1.58968435	1.03844409	1.65788878	1.19089649	1.40356863	1.35473928	1.50573954	1.03915446	1.69775270	1.13413403	1.49244312	1.10216994	1.42100411	1.07891606	1.62378656	1.32490155	1.43621606	1.30655965	1.32124729	1.49743194	1.59995061	1.67255937	1.44035386	1.67176981	1.49148498	1.58319435	1.54630925	1.50243777	1.73144647	1.27859230	0.99582664	1.39331306
02_297	0.78705216	0.82279440	0.65700898	1.33414717	0.39135013	0.81964664	0.89011637	1.19227543	0.43074509	0.81221503	1.11428731	1.09623065	1.03337213	0.96397345	0.43718459	0.55709315	0.97330189	0.65829727	0.68357762	1.20783539	1.28084729	0.48616904	0.98095150	1.10172946	0.55763870	0.55755115	0.57118406	1.16165172	1.11000009	0.83342906	1.23245825	1.21442490	0.83834737	0.86913542	0.94421878	1.53407193	1.11900468	0.56504922	0.74877864	0.35915211	1.39713344	1.09094370	0.79737916	1.17311798	1.18178638	1.34619387	1.00454324	1.39624645	0.96065423	1.35915697	0.66614645	0.83009499	1.05477646	1.40304704	0.91787179	1.27903388	0.85995308	1.57427364	0.73338407	0.35468736	1.38290664	0.99517686	1.10068195	0.53088011	1.39390222	1.32647093	1.15496271	0.88864502	1.30944487	1.22289176	0.66977627	0.95157063	0.65374728	1.39176601	1.29849829	0.94681303	0.86893188	1.42230152	0.75579737	0.64441328	0.59254130	1.21818418	1.13431827	0.57149809	1.09016972	0.57169975	0.83860530	0.89017580	0.73274360	1.23957092	1.60325352	1.29140997	0.65358221	1.38726943	1.01869552	0.88295253	1.36818991	1.05823706	1.38211167	1.27781195	1.62485647	1.13571023	0.32691862	1.22223983	1.22149939	0.80100379	0.92618805	1.14122345	0.97501195	1.02415272	0.95553474	0.74649910	1.48809278	1.18633837	0.48375278	0.56519565	1.49985725	0.45340101	0.50884987	1.01555868	1.03531853	1.14893381	1.12400970	1.37409466	0.88942726	1.08370160	1.27233887	0.61450219	1.27841395	1.48564759	1.24170260	0.86730217	0.75408631	1.12647067	0.91977249	0.82398622	1.57238395	1.18034328	1.36787341	1.27187505	1.58506218	0.54038116	1.37986130	1.11077410	1.15042369	1.12104523	1.27620501	1.15792369	1.33414323	1.04721514	1.02565988	1.29917604	0.66728261	0.84974072	0.46983692	1.25198853	1.15287839	0.92069878	0.92547059	0.82435384	1.45719959	1.54436382	0.66197442	1.23420807	1.23334389	1.02764305	1.04497876	1.00252557	0.83980736	0.85458099	1.11079866	1.59050078	0.26331697	1.01734159	0.96472259	1.10572884	1.21428527	1.15946153	1.12173956	1.33544948	1.51052544	0.88330082	0.63871207	0.93805882	1.22534836	1.20354847	1.13989383	0.84165130	1.21460245	0.90067820	1.09639363	1.36174870	1.29529893	0.89941377	1.11195681	1.50300337	0.75288498	1.30592939	0.88325390	1.17457551	1.33030134	0.73754162	0.91716427	1.17732846	0.94572968	1.65404406	1.23808975	0.73351410	1.37246697	0.79983335	1.13351422	1.38455647	0.68370823	0.51778628	0.98439376	1.44052023	1.20061235	1.24927213	1.31644300	1.04706478	1.39327037	0.52687986	1.27618563	1.58627339	1.43563639	0.65486921	1.35007623	0.63681940	1.05274353	0.80899827	0.98432889	0.31096731	1.66435138	1.06456131	1.01033757	1.20774491	1.26730560	1.23274291	1.12701123	0.79794248	1.26733900	0.80297051	1.43225075	0.65888251	1.08484838	0.82408710	1.66727768	1.15185751	1.46400681	1.44149017	0.38570680	1.13853542	1.26917760	1.17979766	0.41454895	0.86822091	0.97227098	1.30942310	0.55756433	1.09493514	1.58701286	1.32026925	1.35229339	0.62337736	1.24895308	1.36960829	0.98902329	0.84382240	1.02178528	0.81696309	0.74059034	1.27154585	0.53552374	1.06142946	0.46110041	1.04247215	0.73291604	1.30893936	1.13508004	1.13736291	0.83877355	1.06453287	0.90614596	1.07538853	0.54275958	1.61122331	1.30740952	1.63696253	1.41115005	1.20143690	1.17169530	1.26520150	1.83136755	0.99459100	1.29606938	0.99209305	1.01401989	1.35959907	1.44323845	1.67715799
02_105	0.83541894	0.93120979	0.78582673	1.01874308	0.66376348	1.12440019	1.13166029	1.04114842	0.50002382	0.82260365	1.05406437	1.10831605	1.00022450	0.96078216	0.62154296	0.27947907	1.19233975	0.30792319	0.36979771	1.31431588	0.97642250	0.53931494	1.04951966	1.03599288	0.57442808	0.42519234	0.79287386	1.29684222	0.68909470	0.90135816	1.07902204	0.89581431	0.33442131	0.82800933	1.06811131	1.32290563	1.02273404	0.32671628	1.04434119	0.66851737	1.33171035	1.02034726	0.31315922	0.90763979	1.26635642	1.04415823	1.02343234	1.46873803	0.84375943	1.05607232	0.38679402	0.94004587	1.03118292	1.09173746	0.98378157	1.06736228	0.39495674	1.44522172	0.54291015	0.60091546	1.34373463	0.79577199	0.77938446	0.64171817	1.36888244	1.46494401	1.03789029	0.49773608	0.91774001	0.83504294	0.65135357	0.96519102	0.51110795	1.21699867	1.41254033	1.04415601	0.99798820	1.27074333	0.40940403	0.25230094	0.42966330	1.16170671	1.01481848	0.70147053	1.30049093	0.87926333	0.31363646	0.38076941	0.52018804	1.20190996	1.36948649	1.03608550	0.32368752	1.08747406	0.82196121	1.08949231	0.94918699	0.81885884	0.96697290	1.20916903	1.28033641	1.23989210	0.66276212	1.27754209	1.34002118	0.29516098	1.19522440	0.94308932	0.92992277	1.09042686	0.65104258	0.82330788	1.26080686	1.34064260	0.61897762	0.53192189	1.37880453	0.74773466	0.69204332	0.64184700	0.55294837	1.04812721	0.73012307	1.34692369	0.92476552	1.14816528	1.23767009	0.65414287	0.93009474	1.17178373	1.27415387	1.20281484	0.77661821	0.91506934	1.05005108	0.45441723	1.38250052	1.04480757	1.05879594	0.98894954	1.28120333	0.50028672	1.35488452	0.76074522	1.09352540	0.97693911	1.28776331	0.73310199	1.40995529	0.92453030	1.22970422	1.13161968	0.60623818	0.90989167	0.49739470	1.37959497	1.16412088	0.95025313	0.76509627	0.79840061	1.14827869	1.35512261	0.74087816	1.21720789	0.93737224	1.31398493	1.16582646	0.76452204	0.82884859	1.01790039	0.51928656	1.26169839	0.69717109	0.56777425	0.82438917	1.10969647	0.94020975	0.86357437	0.58429888	0.94036717	1.68386020	0.72334842	0.83414682	0.99259669	1.07093748	1.44059687	1.08052806	0.91093947	0.93654790	1.20355851	1.06532018	1.26597847	0.92324072	0.75026240	1.28648567	1.06897648	0.23774257	1.04003744	0.77875776	0.71489685	0.95048113	0.53120317	0.89322750	0.81846414	1.06844071	1.36710842	0.93369616	0.75325540	0.98080128	1.12948836	1.08691207	1.28713669	0.92243657	0.79457173	1.06854949	1.08672607	1.10958075	1.18069814	1.25171738	0.67224655	1.13983890	0.59200576	1.20044418	1.39072660	1.30938265	0.64810592	1.51277609	0.94693440	0.97395789	1.05450140	1.09011953	0.63758656	1.37532465	1.20009127	0.89684833	1.49333365	1.24782432	0.80436042	0.72783884	0.57772824	1.03876622	0.91055976	1.16406918	0.72724300	0.51363998	0.49946909	1.29674663	1.17354410	1.27277035	1.47475126	0.77866866	1.08159376	1.22644792	1.28840769	0.58067841	0.95411540	0.84996308	0.91636619	0.87505806	0.97367119	1.23302034	0.96465400	1.31048817	0.52386324	0.96026591	1.26105734	0.71242128	0.84088834	0.68040698	0.95610047	0.74653037	0.95907739	0.84844951	0.85941281	0.62977564	1.12854851	0.82671174	1.14343877	1.22766013	0.85457564	0.90878653	1.18648668	1.02020443	1.19828993	0.78593707	1.40329096	1.39374826	1.35453890	1.17174376	0.65111112	1.14221164	0.98470673	1.69886354	0.94921749	0.74446613	1.19854198	1.04954832	1.21663291	1.13308664	1.43556747
02_174	1.22772375	1.22475507	1.28052979	1.23290334	1.43732059	1.66430777	1.47143785	1.34032592	1.27230359	1.08997686	1.08754439	1.16806124	1.26126765	1.16307729	1.23770961	1.21095283	1.54878626	1.06178872	1.27569875	1.49428079	1.29067338	1.27691144	1.22108588	1.21425720	1.37624154	1.29923387	1.39446591	1.44938539	1.10221277	1.26278342	1.45257368	0.98928934	1.18577252	1.55097950	1.52658410	1.40322469	1.57973163	1.27944079	1.55855236	1.41101093	1.43610398	1.58073156	1.18016011	1.08062030	1.30787423	1.18498943	0.96661190	1.39304378	1.00495898	1.12623515	1.01403162	1.33138219	0.91579605	0.84545557	1.15460282	1.54507466	1.40325938	1.53169294	1.47503817	1.20453871	1.62196475	1.04181030	1.16980963	1.21236331	1.06731420	1.20152915	1.63750352	1.21623645	0.78244190	0.87609461	1.11391791	1.46980967	0.97670961	1.25058400	1.37603317	1.25757798	0.90559611	1.55948657	1.31653874	1.02943333	1.12914587	0.61634705	0.87135141	0.76850658	1.54685324	1.42576563	1.06689731	1.14468650	0.95514246	0.45652929	1.32610107	0.60462741	1.23815444	1.40033452	1.54547742	0.85674284	1.12595085	1.15486405	0.96728458	1.14826207	0.59460753	1.05374844	1.16165512	0.92120930	1.15976708	1.06172131	1.78800331	1.30384328	0.81181568	1.34050601	1.46571811	0.85041435	1.35715326	1.24420764	1.13732372	0.80309602	1.19700664	1.49355059	1.20055488	1.17080307	1.31620020	1.03391679	1.01478229	1.27189169	1.22940706	0.81648995	0.66009809	1.17674212	1.02734158	0.79291832	0.60627495	1.62688120	0.98936903	0.31759026	0.99379688	0.97292216	1.33528627	1.48434446	0.54025505	0.98379183	0.94740128	1.45488519	0.41026214	1.42799496	0.51757454	0.89408283	0.60481759	1.03013132	0.86088018	1.10383679	1.47655783	0.46628055	0.77268441	0.68714755	0.84745392	1.06264696	0.81650897	0.58075917	0.84253382	0.93185902	0.57318473	1.43599429	1.24877137	0.66258753	0.86150562	1.41456089	1.18321515	0.83108159	0.68553290	1.31271994	1.09257397	0.54640667	1.40022857	1.07343617	0.66858197	0.33495798	1.16147975	0.94790743	1.17010385	0.73431865	1.35146772	1.33564543	0.89332109	1.53403932	0.48975436	1.37645032	0.96534545	0.65256436	0.36816117	1.21308273	0.74128657	1.39650066	0.73378080	1.24249091	1.51398688	0.81094306	1.26165210	1.26151977	0.91933037	1.02531525	1.22050248	1.00447384	1.06631076	0.69133620	0.64924914	0.95152061	1.03964425	1.20804783	0.94350147	1.61246542	0.91452489	1.49212400	1.08172053	1.33160450	0.82184515	0.91898859	1.26078235	1.86415907	0.81838655	1.05548445	0.42218077	1.45198000	1.50677995	1.30775473	1.19928762	0.90228579	1.31445303	1.41218165	1.08244229	1.50973641	1.07508184	1.41349205	0.95561664	0.95518941	0.71493850	1.47585908	0.61972815	1.02494039	1.32392871	1.28818641	0.63759687	0.64126118	1.18643915	1.22651742	1.08618143	0.87727752	0.75606767	0.47439195	1.41848568	1.46925416	1.32865366	0.78079029	0.63334558	1.21880480	1.11213192	1.29664070	0.79094248	0.72323090	1.07954285	1.08036201	0.80348335	0.75145343	0.98367796	1.37798146	1.22010697	1.30042348	1.01586909	1.24375651	1.15551586	1.07403313	1.02141767	0.95605533	1.54546580	0.69619735	1.41567134	1.45990391	1.13864198	1.12465408	1.34377008	1.41095997	1.32694580	1.13863771	0.87355617	1.22015426	1.17025271	1.21664726	0.97807595	1.20984142	1.68619051	1.27429257	0.81331926	1.31619266	1.30126457	1.18263301	1.17767047	1.32006521	0.93198252	0.78708531	1.51676149	1.32908235
02_191	1.58147951	1.20369999	1.55799459	1.77838083	1.46654398	1.02841445	0.79990416	1.81326106	1.30620362	1.45401375	1.58053276	1.40815657	1.71500429	1.60594178	1.37956342	1.21173037	0.96631468	1.16644433	1.43312241	1.19771470	1.78103175	1.30156179	1.60880990	1.72672480	1.52755330	1.40247772	1.58178374	1.04882457	1.36487104	1.63149095	0.96645476	1.58782497	1.33661137	1.14748237	0.89736432	1.21198634	0.91202973	1.33360171	1.08058468	1.47563645	1.20953617	0.92840053	1.25598619	1.57344716	1.28687830	1.76348319	1.19638134	1.13554573	1.18447255	1.45967946	1.20002109	0.80376860	1.51012575	1.23126501	1.26104439	0.99475415	1.48190338	1.44211938	1.56316165	1.32431143	1.47286305	1.53133346	1.63260906	1.29327007	0.76910825	1.07110298	1.27970328	1.04923543	1.49263935	1.49025102	1.19429544	0.75305064	1.17803289	0.91992211	1.19464504	1.70242429	0.87560629	1.37990583	1.15839144	1.18357860	1.38617519	1.37409340	1.56751110	1.19366612	1.32018522	1.36415792	1.37243603	1.24665144	1.32767974	1.36952501	1.11886091	1.37971733	1.42140512	1.60377423	1.34813946	0.65710813	1.64951723	1.08729973	1.53337454	0.36855917	1.49225982	1.54308838	1.32643392	1.04669899	0.67075295	1.29639104	1.18928699	1.74630071	1.30176738	1.77536699	1.61822500	1.02384141	1.16937225	0.38219506	1.20157965	1.05196918	0.95527855	1.53737075	1.38147549	1.49674344	1.36341901	1.50755825	1.40110558	1.15712122	0.81650459	1.53287656	1.10177871	1.28161696	1.36652170	1.04557616	1.07116871	0.98344012	1.47036729	1.10977685	0.43366832	1.15727236	0.79336319	0.76731840	1.44657501	1.48579619	1.70550774	1.53196326	1.38961731	1.73522732	1.40510585	1.48695397	1.39967956	1.55868122	0.64124569	0.68469998	1.04815254	1.34679317	1.10485170	1.08570208	1.18901157	0.57866006	0.47884418	1.04910677	0.67326163	1.27823273	1.45751354	1.26392085	1.07524162	0.97912801	1.16006902	1.06164218	1.59086393	1.46400431	1.26962783	0.65796425	1.39049911	1.47990989	1.42345269	1.43963675	0.98456274	1.24807427	1.45091110	1.23049160	1.38293489	1.25128796	1.31158232	1.67385083	1.11313298	1.04845566	1.35856111	1.00579032	0.63466874	0.88262486	1.24954448	0.87699663	1.34883727	0.96749906	1.27104691	1.47103105	1.37364837	1.53458036	1.34617303	1.81545370	1.27458771	1.28260432	1.60737163	1.25341290	1.46709370	1.33227748	1.31310125	1.35696629	1.59535165	0.81537230	1.55120670	1.07401485	1.59546930	1.16250055	1.32729161	1.57201356	1.08635727	1.65581872	1.38649765	1.36889599	1.62410584	0.90650982	1.38829800	1.56135399	1.09284755	0.79064627	1.40408655	1.06732020	1.21361720	1.11167833	1.41775893	0.89102010	1.64865780	1.46515935	1.27808635	1.55371313	1.33529772	1.04342099	1.51696847	1.26526025	1.63926223	1.53265601	1.13030835	1.14425159	1.68575997	1.27664636	1.34516954	1.15419188	1.59484667	1.17989692	0.80277066	1.26221059	1.42719205	1.45892752	1.43733868	0.81462758	1.24291135	1.71717568	1.12505981	1.42672194	1.01327715	1.51891443	1.33899038	1.18153881	1.73263761	1.57640372	1.49119477	0.82284885	1.44928302	1.50933290	1.40643401	1.56641673	1.14532661	1.56939757	1.64332407	1.29138423	1.48375823	1.86572705	1.27618522	1.76051677	0.69194888	1.81141188	1.12792956	1.63301326	1.23579666	0.91205339	1.33444943	1.88353554	1.15203419	1.26212573	1.10743828	1.47930623	1.44103389	1.59700951	1.31311659	0.91192086	1.48132539	0.88945672	1.20174923	1.32822492	1.82236398	1.92398109
02_149	1.89982405	1.62128049	1.88737279	1.81222275	1.77782239	1.48107088	1.32465077	1.99756334	1.60955623	1.81891671	1.92711671	1.79674638	1.99092710	1.93890140	1.73809292	1.37695183	1.46362438	1.29809662	1.57873163	1.60174992	1.87842303	1.61901936	1.95846606	1.96782993	1.75764643	1.53525325	1.90515411	1.53289456	1.40908536	1.95298213	0.97589101	1.69809493	1.43908523	1.31903810	1.24814380	1.27322870	0.97250712	1.53421672	1.52223462	1.78451499	1.48942322	1.11894107	1.31823128	1.71047105	1.70083361	1.77925405	1.53584237	1.59979783	1.46687508	1.46375999	1.25692152	1.26021732	1.84811502	1.23751694	1.68450227	0.98819532	1.49222182	1.47937966	1.65022444	1.67721168	1.67476762	1.76510343	1.67209115	1.66854216	1.08111899	1.47626721	1.36289500	1.00939327	1.44790227	1.56289044	1.53656621	1.11437411	1.39895072	1.00537696	1.61021293	2.00739847	1.19675935	1.41450239	1.28184459	1.26148755	1.57327882	1.70002422	1.73513235	1.49293679	1.70723293	1.72206394	1.42456497	1.25711683	1.58205363	1.65002514	1.17673858	1.55429856	1.52595923	1.65360276	1.37221960	1.08466688	1.71278589	1.21176267	1.60267249	0.62527277	1.38502926	1.82521667	1.64383496	1.45780258	1.20902959	1.41383337	1.54217850	1.86908366	1.66744571	2.09253285	1.59434769	1.32507623	1.32487198	0.76739699	1.55808416	1.27800436	0.80482564	1.85047392	1.56579359	1.42112755	1.39473004	1.85342437	1.22650715	1.33903978	1.26961735	1.81509797	1.45006186	1.64988282	1.09702066	0.93196763	1.38236143	1.39244547	1.76187609	1.14377742	0.94235391	1.29716358	0.23802369	0.89399766	1.45406140	1.31138376	1.57385134	1.70968856	1.64790946	1.73330613	1.65506418	1.77641269	1.62028320	1.58492481	1.05413767	0.64280807	1.51311366	1.56682679	1.23227611	1.27526738	1.48577599	1.06032007	0.74016029	1.33927273	0.93996217	1.64652438	1.37089070	1.14207580	1.48468360	1.33172469	0.98772801	1.43166935	1.89434011	1.55380516	1.60116276	1.19888464	1.32093792	1.39443361	1.74135645	1.55270749	1.10102698	1.48029025	1.22174611	1.01972056	1.38796186	1.02503432	1.61121762	1.82555174	1.39269221	1.33141166	1.58959617	1.26381443	0.73713036	1.26933891	1.33590760	1.18240868	1.68668350	0.69573887	1.04980058	1.44455831	1.74014004	1.47322628	1.41106185	1.86112716	1.26758419	1.04726439	1.66782428	1.25160918	1.83108562	1.20291809	1.55555078	1.17401383	1.48870463	1.18902608	1.63000789	1.41724785	1.77197000	0.89259499	1.52373768	1.86921695	1.32756196	1.56952547	1.53707346	1.36737373	1.71816785	0.79780367	1.46457507	1.73709666	0.99860285	0.28251307	1.38218455	1.32074623	1.57263687	1.40000168	1.36553619	1.32857937	1.90369790	1.78858969	1.06961250	1.78002044	1.62816509	1.33189751	1.69131196	1.03562686	1.57917598	1.54340454	1.26421448	1.41379497	1.62484929	1.61930524	1.19690941	1.14837022	1.43150971	1.44155147	0.43479558	1.68026163	1.69268204	1.58615484	1.72517362	1.29359019	1.53784365	1.98608281	1.18756660	1.31331134	1.34966174	1.44898990	1.11832075	0.99009526	1.82062563	1.75159498	1.23591920	0.55424615	1.64158349	1.53381247	1.26050857	1.80310782	1.39100113	1.48875383	1.90430653	1.41455473	1.76589542	2.15095152	1.55629748	1.75765475	0.97176998	1.87826066	1.50574767	1.82312813	1.45930812	1.32774380	1.58622871	1.78738421	1.43400209	1.08666609	1.00192851	1.44314847	1.71603483	1.36395141	1.27749220	1.07189382	1.43217628	1.20991766	1.40471665	1.39002583	1.82791930	1.77714889
02_128	1.53391539	1.25835549	1.49637013	1.52824592	1.36838867	0.98237607	0.92588685	1.63724581	1.31343411	1.55053462	1.70954858	1.52140794	1.63411202	1.63102309	1.40521819	1.05621637	1.03955813	1.12796611	1.22149973	1.19954517	1.57489777	1.34626385	1.61067831	1.62570700	1.33365847	1.16204746	1.47784818	1.19566654	1.17589777	1.57476839	0.54584517	1.49011950	1.23046473	0.78057886	0.74423022	1.06249746	0.49418153	1.23653853	1.01155420	1.37402040	1.19588080	0.68475813	1.14104783	1.43777566	1.37364358	1.50893390	1.25290185	1.38363153	1.18962170	1.22323547	1.04289652	0.90949696	1.63683593	1.19925095	1.38497996	0.63080728	1.17353310	1.12595436	1.23314402	1.35657628	1.21566331	1.49844325	1.35326274	1.40837578	1.02731612	1.22879151	0.82120989	0.76350473	1.35822624	1.42892850	1.38677393	0.82631373	1.06269833	0.83774768	1.27542441	1.62450404	0.89601690	0.97427499	0.99565729	1.05694598	1.22510431	1.66031574	1.49425667	1.27095478	1.21688714	1.21489428	1.16157605	1.13778212	1.33248238	1.61791520	1.11918406	1.54752691	1.16240130	1.33041264	0.83819179	0.94698935	1.55922049	0.88913291	1.55057996	0.68289110	1.53954057	1.51889695	1.30241352	1.30703003	1.07390078	1.20779429	0.94088352	1.50004324	1.55480469	1.70407086	1.20455620	1.29941625	1.19782394	0.73890745	1.34495242	1.13755643	0.72267987	1.43086741	1.19814383	1.13324361	1.28614631	1.70309023	1.08584993	1.02852141	1.02735236	1.58733497	1.43319616	1.43028171	1.12415681	1.09665221	1.32200243	0.84157606	1.43337259	1.21529024	0.93465396	1.21079365	0.62442482	0.62130311	1.44138729	1.20064611	1.50583337	1.26896178	1.68867316	1.34780340	1.54313975	1.60964573	1.52640593	1.35087706	1.14135294	0.41551629	1.06652049	1.59010119	1.08701528	1.23990901	1.23362522	0.98163071	0.83076100	1.36585937	0.90248044	1.49200181	1.41978282	0.85685559	1.26374489	1.31083371	1.18048268	0.95261977	1.51437061	1.29749142	1.43856297	1.03555731	1.20294321	1.53072283	1.30136514	1.35237014	1.20184787	1.44383543	1.11434710	1.06457560	1.29299961	1.20405451	1.34236443	1.39705121	1.25841334	0.77689359	1.55729086	0.90289293	0.57449703	1.21674615	1.38009285	0.89603579	1.53776519	0.50342304	1.16814356	1.13078103	1.24317019	1.49790320	1.15009875	1.53051343	1.08754123	1.07660505	1.42684184	1.01427237	1.59376860	1.15359995	1.40162299	1.22679751	1.25686519	0.99670921	1.55447405	0.81701104	1.49008854	0.58612975	1.25565529	1.41921921	1.37738411	1.43312547	1.12026945	0.74248460	1.53378794	0.71885660	1.51277839	1.26589449	0.44707347	0.69418601	1.10262474	1.22484783	1.23682108	0.89799044	1.09407757	0.82039161	1.55055308	1.38128133	1.15808194	1.52600962	1.50224168	0.97799339	1.56180056	1.13521818	1.20845108	1.13216015	1.24745920	1.31346779	1.33944548	1.42053315	1.09472002	1.03423591	1.53375157	1.46239365	0.52587784	1.44763265	1.25218513	1.34544711	1.66834069	1.10382503	1.26299192	1.55051649	1.19799028	1.27989015	0.96574468	1.19452583	1.27299355	1.22772741	1.57879561	1.29554016	1.09727698	0.55116480	1.42567536	1.16881032	1.05491300	1.42551642	1.25921223	1.27178934	1.41023918	1.29820723	1.36721691	1.69876798	1.36944531	1.45449470	0.77012660	1.46255853	1.20541705	1.45860894	1.35578025	1.10099928	1.23998517	1.56612655	1.31319389	1.10023931	0.73626904	1.33086044	1.59648120	1.16034588	1.30413269	0.91869763	1.37599204	0.94398500	1.35565377	1.30148926	1.44112060	1.54963759
02_282	0.60672549	0.59445787	0.68372258	0.99606264	0.95148600	1.23108025	1.09389642	0.86060063	0.80146492	0.35039672	0.39694048	0.51508097	0.69408881	0.49859410	0.65815617	0.84978449	1.08874266	0.85728456	0.82265713	1.03467510	0.86847588	0.78812599	0.62340527	0.74976733	0.88758543	1.01196486	0.86022030	0.98519504	0.76555941	0.64924033	1.29061049	0.67275829	0.77559844	1.16227421	1.17659698	1.20271075	1.36465821	0.82889397	1.08256162	0.95078992	1.05087800	1.23803263	0.92608946	0.68469983	0.82066021	1.03972773	0.61462057	1.00810820	0.51197499	0.99075905	0.98340255	0.89879508	0.39378916	0.91712432	0.45853286	1.30412773	1.08142753	1.39850888	1.13608741	0.72757278	1.22115436	0.42162244	0.92238351	0.65744940	1.10365394	1.11972867	1.28370678	1.06940057	0.90609615	0.64158340	0.69943771	1.11580316	0.59281809	1.14383790	1.01900745	0.79330865	0.92381722	1.31650669	0.92295845	0.89807535	0.74861119	0.55355922	0.78120067	0.69737052	1.13910996	0.92707671	0.74870547	0.96625358	0.31513840	0.72737636	1.18909280	0.58459380	0.89045740	1.03394422	1.21571565	1.05055953	0.74144842	0.82661348	0.69922409	1.22676175	1.16621986	0.95656078	0.87006462	0.78416617	1.03368291	0.65169216	1.37002449	0.93055414	0.31148331	0.75085527	1.24765569	0.95223152	1.03494696	1.46461027	0.73818245	0.80199111	1.47042254	1.02201973	1.09175391	1.13279836	1.00652379	0.34602425	1.21212681	1.19001742	0.76711716	0.78502395	0.71937334	0.61075438	1.41366603	1.10996579	0.88460376	1.34435240	0.49225538	0.94600023	1.08229110	0.73512798	1.63835418	1.24395001	0.87455159	1.33975220	1.31942445	1.00567850	0.92335706	1.11559861	0.62407931	0.27482418	0.98774008	0.73782770	1.17480371	1.22842818	1.02273896	0.66591814	0.93767900	1.06679839	0.48074158	1.18488125	1.16269529	0.87060132	0.77295248	0.33837236	1.11266699	1.46804882	0.72872740	0.75061162	1.29672408	1.28382922	0.86843351	0.73534062	0.39151005	1.03943298	0.90433051	1.12294002	0.97218160	0.55635145	1.01499236	0.84938650	1.47281153	1.33942466	0.85905901	1.21896195	1.44917614	0.85980421	1.03092649	1.08931173	0.56093565	1.50236093	1.13303007	0.69400429	0.71398650	1.36949876	0.38126892	1.63972127	1.21431272	1.28881640	1.05825523	0.92267653	0.91102324	1.01395436	1.18539807	1.24515700	0.80004014	1.08266813	0.21327468	1.05007591	0.96798140	1.35085427	1.19165644	0.86854316	0.65720755	1.32711671	0.85404314	1.70205403	1.20119574	0.88884961	1.15280756	1.07917487	0.97068296	1.57954518	1.10820756	1.04013170	0.81930692	1.05576858	1.49921075	1.60733766	1.32550065	0.84483129	1.19934487	1.22817052	1.32601998	1.10335562	0.87441527	0.87656359	1.34098014	1.10797352	0.27772395	1.59092485	0.95990066	1.26423278	1.08969244	1.11676961	0.69910508	0.86645558	1.19073084	0.77872512	1.06559533	0.95694316	1.22874725	0.90781172	1.55381567	0.98614893	1.06522344	0.91486091	0.66291183	0.97280023	0.77701117	0.77329643	1.07224576	0.98177384	0.94622945	1.32014047	1.24778863	1.24910640	1.17788533	0.84586572	1.49768125	1.53779126	0.40485249	1.27851330	1.23471613	0.87146914	0.88417402	1.05465885	1.11080659	0.68036953	0.87141883	0.86082070	0.91274786	1.17188790	1.30280826	0.95277353	0.77002421	1.09644105	1.06164570	0.96773059	0.96948173	1.42413235	1.09612209	1.33702065	1.46231203	0.95539677	0.67240024	1.51130436	1.51312753	1.09861620	0.94879519	1.26361740	1.07321517	1.00299479	1.13713700	1.51297739
02_32	0.78835295	0.78565503	0.74734303	0.95836644	0.78902551	0.92944448	0.91615417	0.94377646	0.87716431	0.93294037	1.12186262	1.01306645	0.88913028	0.93318100	0.81733650	0.70925756	0.96679932	0.85017987	0.73590084	0.98975913	1.01292355	0.94193599	0.87909598	0.86982182	0.69057032	0.64841204	0.73565486	1.05676878	0.87359436	0.81198116	0.88467324	0.94808836	0.97536150	0.74975272	0.81559405	1.16206337	0.95277148	0.87184600	0.79840040	0.76155977	1.11832927	0.99897523	0.94860801	0.88108337	0.97550343	0.92521692	0.70975110	1.25166199	0.74877572	0.89726372	0.65408471	0.86760584	0.98580252	1.01789202	0.91855637	1.07220583	0.91523522	1.04020919	0.76839034	0.76980127	0.99974277	0.89730046	0.75531392	0.94400277	1.08203831	0.96108564	0.86555983	0.81569169	0.93985249	0.99855572	1.06431585	1.06728672	0.45704682	1.04533519	1.03743033	0.79214994	0.42516789	0.96290486	0.92292481	0.74625581	0.56706690	1.16940488	0.75291619	0.55729232	0.80762780	0.57559081	0.76010104	1.00641317	0.80437924	1.06141193	1.31681865	1.14410991	0.66021195	1.02288720	0.75125000	0.70279445	1.19920147	0.76045063	1.25873092	1.08006728	1.29074652	0.72790182	0.60468980	0.97980175	1.08728192	0.90361090	0.91871087	0.82002651	1.09495947	0.93170135	0.79294845	0.98733565	1.29036381	1.02102444	0.97280958	0.70528672	0.98427076	0.81680877	0.52510004	0.68893504	1.22552264	1.23833205	0.80065747	0.86191106	0.99540873	0.80721052	1.08257507	1.03303827	1.00546644	1.14368799	0.93194991	0.81013525	0.66350276	0.87485876	0.98744757	1.02608226	1.24979943	1.12239714	1.02913688	0.83585369	1.08177020	0.76270407	1.21415063	0.85362220	0.94826860	1.09840625	0.89954811	0.91322402	1.11913997	0.70212587	0.90853360	1.14451376	0.66778507	0.82968680	0.66883242	0.98409422	0.93580294	1.02884019	0.86489775	1.07230038	1.05585319	0.99443173	1.06761758	1.05739663	1.18047625	0.67303798	0.72131049	0.63728451	0.80651872	1.08034607	1.05147954	1.27181952	0.70037757	1.02130114	1.01354913	0.92961409	0.93627460	0.96684813	1.19320751	1.12390434	1.02626216	0.72038054	0.76543850	0.82335182	1.08128239	0.78360313	0.76197664	0.93524858	1.06453514	0.72724408	1.02681532	0.94785771	1.06664638	0.63246625	0.84199711	1.25683745	0.95416117	0.92366302	0.63496587	1.05623858	1.08907843	0.65096404	1.08006989	0.85864449	0.73385548	1.13084836	0.77813748	1.02037674	1.25158229	0.73331538	0.74049531	0.95833419	0.67436293	0.64253284	1.14692550	1.01472816	0.74428668	1.02103602	0.87241357	0.94558363	1.17778724	0.70125748	0.82760035	1.32596828	0.80186314	0.96453231	0.96927757	0.47063879	0.64334052	0.87034610	0.71947739	0.87524074	1.20151479	0.70582342	1.04632857	0.84065772	0.94986583	1.19637714	0.82586058	0.63607532	1.06342510	0.87129384	0.92108763	1.15671477	0.98605861	0.85905049	1.34232912	1.11973046	1.27153899	1.39217698	0.65357373	0.73982091	1.22394986	1.16159227	0.89005196	0.80325586	1.05882150	1.05587357	0.60245490	0.76407958	1.29428121	1.16769877	0.95094849	0.78253033	0.98580547	1.15531635	1.07872376	0.70447632	0.94869852	0.68300628	1.08272530	0.91240803	0.87411498	1.01624260	0.97672677	1.01178480	1.14177802	0.92634038	1.16314789	0.94436060	1.13440321	0.82567176	1.05668527	1.15287154	0.83684945	1.17840685	1.19131904	1.38385172	1.35427590	1.27595605	1.22134895	1.06403696	1.53598010	1.13072240	1.22936324	1.10225237	1.20191452	1.12097571	1.10341356	1.25474873
02_251	0.64089213	0.70258277	0.63045891	0.71562734	0.76111293	0.97485993	0.99720173	0.67697029	0.86174094	0.84066064	1.00824167	0.90490824	0.69483673	0.79390580	0.78131203	0.64331002	0.98259432	0.86920342	0.53254905	0.92691800	0.71303560	0.92392060	0.75970700	0.69133364	0.54113616	0.61363193	0.65592865	1.04119408	0.63952125	0.66091116	0.84600631	0.75603083	0.82514465	0.62762951	0.83509583	1.04562840	0.94195341	0.78024659	0.81184678	0.75436016	1.00745163	0.93342688	0.88628836	0.64800192	0.91773480	0.73087495	0.71015728	1.24393004	0.63250302	0.72517990	0.75724474	0.88216484	0.93994816	0.97693726	0.83433978	0.97660657	0.74145811	0.94828102	0.62425811	0.79657565	0.81137833	0.69942518	0.51222374	0.93281466	1.19710584	1.10567867	0.67801040	0.78107056	0.87458470	0.84153193	1.08925872	1.07637655	0.37102360	1.02048937	1.03333953	0.69950444	0.72926093	0.79525999	0.80831368	0.78128411	0.46317904	1.23375670	0.73702213	0.77800580	0.79817388	0.53618120	0.57417750	0.95687352	0.67778184	1.19834115	1.23945437	1.12936290	0.50382860	0.72499613	0.51660602	1.05542389	0.95971987	0.59659084	1.09920720	1.22518880	1.35401056	0.83750422	0.74641435	1.07507041	1.22411439	0.76243184	0.92093519	0.54801448	1.10122448	0.76491974	0.63971103	1.21060645	1.16036647	1.34286929	1.02803928	0.89306861	1.15044475	0.79868211	0.72225736	0.61632332	1.10995832	1.14417237	0.85127074	0.89944044	0.98959567	0.92259674	1.19195736	1.01192344	1.14802718	1.19860463	1.13241881	0.95716087	0.59228592	1.07547843	1.23668411	1.00718344	1.41158894	1.09697886	1.04771492	0.97102616	1.11666436	0.61529697	1.39252967	0.54487171	1.03556210	0.99844332	1.11498400	0.66782840	1.37755756	0.89553464	0.90551769	1.21099881	0.89693765	1.14132163	0.72584938	1.23119824	1.21068034	1.25299215	0.95830088	1.05888497	1.14507939	0.98296321	1.06537730	1.18164348	1.34620689	0.90309885	0.71390762	0.56716789	0.87736726	1.20261354	0.89548716	1.33608993	0.73185224	0.79898155	1.22335436	1.15224786	1.08755124	1.14905951	1.03442754	1.23600143	1.24708170	0.39088299	1.06852451	0.71581462	1.12478931	1.12005444	0.95638537	1.11839645	1.12059008	1.11696405	1.03374156	1.16567058	1.18403657	0.75676626	0.76686068	1.16646558	0.82566272	0.67203910	0.89031269	1.10851768	0.79853048	0.79262297	0.97378335	0.93434187	1.02892313	1.20065920	0.76746504	1.06422049	1.08709256	0.86140609	0.75626365	1.14327928	0.99006345	0.61374618	1.41094343	0.93769073	0.57469220	0.90440478	1.00728777	0.94842337	1.22402320	0.59384025	0.89702471	1.46992025	0.86288718	1.10374768	1.08515216	0.71853591	0.86772481	0.90609269	0.75667676	0.82856866	1.25879695	0.95839474	1.02695638	1.19833296	1.10670196	1.25360656	0.53363280	0.54472403	1.07056028	1.11042581	0.78969459	1.16448613	0.91124683	0.93881951	1.35937542	1.32567461	1.36139919	1.31651799	0.77451400	0.83249462	1.28785167	1.23145931	0.94655559	0.63193308	1.23241319	1.03787616	0.82603705	0.92530001	1.33874117	1.31512570	1.03982890	0.53091548	1.09856066	1.32232651	0.90432900	0.84067426	0.96871501	0.73491996	1.17262015	0.84229980	0.82873389	1.01979802	0.88941452	0.79807951	1.21176679	0.87907913	1.30149948	0.56561034	1.07247777	0.91716744	1.26750782	1.21620664	0.94225235	1.16070412	1.33712174	1.35810314	1.25580499	1.08664666	1.24742715	1.11901329	1.59046612	1.20197626	1.05622976	1.27163955	1.36198221	1.17397070	0.74252361	1.20796132
02_62	1.40590796	1.37449363	1.36267472	1.68390932	1.24516150	1.48335457	1.36478640	1.71406186	1.03216475	1.25252265	1.42074348	1.48854179	1.57801005	1.44556403	1.12432750	1.07758351	1.51564094	0.84993855	1.27832811	1.70202996	1.70285210	1.02743408	1.51169647	1.58877342	1.33532507	1.16413774	1.37695791	1.58445320	1.40795475	1.46050591	1.55811769	1.46419574	1.15371831	1.50425504	1.48015822	1.76203706	1.49947732	1.10512892	1.46182120	1.21812007	1.74808156	1.53061325	1.02741487	1.52389675	1.60695895	1.65325499	1.32864291	1.65000813	1.31838194	1.60545365	0.85556424	1.27344659	1.30101639	1.38560231	1.36082777	1.59445607	1.32520636	1.91647749	1.38587257	1.03063758	1.92253993	1.38176552	1.50142465	1.03678741	1.37134610	1.51788379	1.72818185	1.12524667	1.31678119	1.34950928	0.85870397	1.28584690	1.12576261	1.53124705	1.66462234	1.51998062	1.07229489	1.85375332	1.16936630	0.85118851	1.16688738	1.07348967	1.36426517	0.76956361	1.70621782	1.41303238	1.18575841	1.00210282	1.10835957	1.03851218	1.67626373	1.16380446	1.21781477	1.80054269	1.60678222	0.77299879	1.56699153	1.40460061	1.41251761	1.17371957	1.26052940	1.44973259	0.98408481	1.30332101	1.27730120	1.08502426	1.65347521	1.65043118	1.01436606	1.62128712	1.47027941	0.30985633	1.66296242	1.01872666	0.81268303	0.54175123	1.45817790	1.30510951	1.02542338	1.30977498	1.18268285	1.32084292	1.14505810	1.63878511	1.19053046	1.24983145	1.13592568	0.99485213	1.05031958	1.24292080	1.09391399	1.46218898	1.23300670	0.71360555	0.66593838	0.83259506	1.35755865	1.41190775	1.21252879	1.21405117	1.51700451	1.32421304	1.00053666	1.62951683	1.08764024	1.28941443	1.16141843	1.42406533	1.02036531	1.08993279	1.55696135	1.07025797	0.54983489	0.37393881	0.80836465	1.18866527	0.81590421	0.31277499	0.86436132	0.96479851	1.20317143	1.75375254	1.00566631	1.07305033	0.66456465	1.46468048	1.52256158	1.24123657	0.95731943	1.02042134	1.22356968	1.22542030	1.18737117	1.28975380	0.31228075	0.78327253	1.12863648	0.85029965	1.22838826	0.90690659	1.67490477	1.52830247	0.50255711	1.54255759	1.07558696	1.39264185	1.11224113	0.57092240	0.91056057	0.97443800	1.16507613	1.36627551	0.90660196	1.19607652	1.72330703	1.37164506	1.11739033	1.69998317	0.85339258	0.97705633	1.64512300	0.85759634	1.25088275	1.01319783	0.83569737	1.50428936	1.37885165	0.93072652	1.41063362	1.45150371	1.38386557	1.47065995	0.83018000	1.31091183	0.16094799	1.47820747	1.63472204	1.83016100	1.33689629	1.03295105	1.10167021	1.32720978	1.57642329	1.31584468	1.62457726	0.46807991	1.62151696	1.25534992	1.15257106	1.37835862	1.38533698	1.18034493	1.47247158	1.22242254	1.03592675	1.41722182	1.16867067	0.91175742	1.55415431	1.29114910	1.13120632	0.48496926	1.66925899	0.90073657	1.12952158	0.71595393	1.35909438	0.67082118	1.35379214	1.70369491	1.11137519	1.24101941	1.08856022	1.28420959	0.80087134	1.50491601	0.47009896	1.14958763	0.92106725	1.16495160	1.24340666	0.79453523	1.44346727	1.36379710	1.19509023	1.20212944	1.22682495	1.14537860	1.06692842	1.24023141	0.64512730	1.36218088	1.36389558	0.96808704	1.18573251	1.69362328	0.77730568	1.51689647	1.13689783	1.69056651	1.20578134	1.36016058	0.57310748	1.18755540	0.92402994	1.68069287	1.17005965	1.50984270	1.62904031	1.33134805	1.08377894	1.28539907	1.65488247	0.95010258	1.38003221	1.04855128	0.62549877	1.21346571	1.91162079	1.75881427
02_109	0.93506569	0.67587296	0.96557782	1.22705415	1.22594907	0.94631916	0.90963722	0.99708564	1.36718939	1.08480699	1.13780107	0.82754260	0.91538819	0.96951006	1.18090696	1.30792745	0.77506518	1.53081213	1.23919185	0.48614030	1.15833230	1.40155486	0.81869688	0.93954026	1.13807403	1.34356950	1.03056687	0.70020575	1.20576233	0.90544596	1.11342319	1.20628031	1.47502829	1.00162161	0.86168065	1.09184926	1.25839371	1.39913845	0.75415202	1.22774325	0.79229687	1.13668217	1.57805079	1.04720401	0.56902192	1.25410712	0.72708157	0.89300349	0.84082154	1.10646088	1.49707638	0.94596105	1.09621285	1.30993194	0.80296704	1.26372399	1.50956143	0.93677033	1.36941975	1.23240106	0.57025031	1.06902741	1.19088877	1.31508654	1.14560126	0.78990242	0.94754810	1.45137097	1.45038404	1.33465461	1.51406793	1.27627744	0.96690878	1.12739087	0.56479084	0.88604105	0.90576407	0.88673842	1.40241988	1.50325506	1.15772416	1.42373032	1.10937043	1.24149058	0.31364725	0.71668070	1.32857740	1.65609846	1.16205486	1.42039728	1.31200991	1.46342464	1.28339183	1.03502227	1.07027996	1.25113395	1.39842145	0.94733199	1.52412966	1.40297739	1.82133215	0.90538171	1.22852221	0.95210910	1.08168924	1.40747767	0.87881912	1.03961730	1.34154816	0.86980401	1.44397570	1.67423198	1.22011669	1.52057368	1.45977142	1.46515977	1.38606370	1.24154623	1.33815590	1.43598633	1.74314102	1.31108187	1.63262565	0.79584636	1.09190626	1.12092934	1.26524076	1.39122777	1.88641128	1.57005735	1.20789211	0.92435063	0.95612410	1.60222118	1.48818080	1.59192367	1.78123158	1.34678495	1.50907561	1.67104300	1.63997635	1.27641911	1.60847019	1.29255794	1.29096767	1.22208752	1.32774368	1.27625954	1.42874975	1.34395109	0.54010441	1.49978544	1.51770653	1.64354425	1.21982215	1.17653456	1.46706527	1.65730683	1.33132065	1.35589958	1.65920549	1.20675257	1.36358117	1.25361282	1.99212285	0.73472069	0.73321729	1.16291921	1.19614030	1.36714616	1.59875191	1.79305602	1.17648935	1.35237728	1.76725554	1.47789991	1.83741701	1.85967011	1.64960070	1.89291284	0.97365370	1.02596586	1.55091882	0.77232985	1.40982437	1.13646808	1.21529278	1.40916538	1.57261224	1.34997519	1.16895934	1.59450076	1.84830936	1.51480869	0.14275841	1.65411257	1.52920715	1.16941235	1.57006659	1.85719846	1.20230925	1.53631564	1.17075204	1.60666048	1.38968151	1.57076798	1.46229371	1.38941862	1.49024324	0.91877310	1.06734820	1.60509853	1.50204235	1.02759038	1.84717140	1.48316874	0.66224105	1.21215981	1.36009241	1.52593481	1.59876087	1.24535718	1.21425386	1.82869804	1.11741869	1.61299541	0.69918772	1.03002186	1.50078219	0.88675373	1.00177165	1.26775873	1.60251607	1.26019045	1.31494858	1.21583647	1.38376214	1.95553265	1.30401841	1.35467755	1.35620559	1.52199333	1.25177520	1.55967878	1.67941152	1.62379922	1.85188344	1.62211200	1.73029467	1.01916328	1.24585970	1.17991511	1.47630862	1.12601416	1.42500847	0.90302867	1.78834128	1.63138073	1.11089082	1.58136200	1.81873413	1.95314181	1.36524201	1.16180401	1.84716513	1.70448463	1.32088684	1.50354651	1.71808653	1.09266511	1.63542210	1.43312387	1.25404336	1.45202666	1.34406622	0.90269799	1.63061245	1.36496733	1.46796482	1.14635929	1.23958109	1.18410606	1.68399432	1.22974978	1.38622138	1.59798107	1.39207566	1.66408496	1.58564215	1.71184397	1.46991715	1.85613091	1.67007051	1.56520430	1.67169462	1.44820440	1.76764245	1.45852811	1.12006243	1.66800168
02_206	1.06797972	1.17443755	1.12618508	0.98121610	1.35867891	1.63745757	1.49789755	1.08560994	1.32255011	1.08449483	1.09069875	1.13155835	1.04292283	1.04415584	1.22508516	1.22369473	1.54370169	1.18092193	1.20973603	1.40925217	1.09882819	1.35673884	1.03890875	0.95561465	1.23775777	1.20598289	1.22785901	1.45160889	1.07513525	1.07603574	1.41347344	0.87392959	1.28201206	1.47760825	1.49079533	1.38658089	1.58900709	1.32198343	1.49274621	1.31730962	1.40577733	1.61154216	1.29261831	0.91745639	1.22425484	0.90145758	0.84967188	1.44188860	0.96579625	0.95762849	1.01817745	1.39450213	0.86677534	0.87909507	1.14970181	1.57861750	1.37997600	1.32753561	1.34605699	1.19718975	1.43191098	0.96303123	0.93413208	1.29668805	1.15870280	1.09964676	1.51674621	1.27756590	0.68917736	0.87345415	1.30950376	1.60104606	0.88383281	1.28961243	1.28921187	0.97905679	0.77200352	1.38486800	1.40289988	1.09093310	1.01548563	0.81386657	0.54641952	0.70962879	1.35128381	1.24415798	1.04096115	1.28872552	0.97896517	0.55670454	1.42662245	0.80525763	1.14484609	1.24679299	1.40499720	0.90565227	1.13738423	1.12199926	1.10381704	1.32818939	0.75198421	0.68766932	1.07093544	0.94688539	1.27852538	1.15299912	1.68695736	1.02605806	1.00039729	1.09858673	1.30007617	1.08708461	1.46417524	1.34767242	1.27500871	0.91533383	1.13384639	1.39019549	1.03115727	0.99642247	1.49705462	1.16145711	0.91978283	1.10643774	1.37144006	0.50281258	0.83712355	1.31316154	1.03504058	0.97898795	0.62136596	1.53852531	0.80362882	0.54253788	1.22432585	1.19188597	1.45453913	1.60193481	0.52870823	0.78792158	0.67590803	1.34220659	0.61584917	1.21364561	0.45374925	0.95232034	0.32921615	0.92548987	1.05536738	1.12794231	1.41334541	0.71162612	0.81349473	0.79617207	0.87255686	1.13937825	0.99957466	0.88702809	1.06858844	1.11091927	0.53074418	1.28621819	1.42037785	0.85231135	1.11473328	1.22045975	0.84695672	0.56548343	0.72411159	1.50399725	1.19038851	0.70727208	1.28777146	1.13958115	0.97662836	0.40930083	1.06929533	1.01751434	1.34170742	0.93883725	1.11247294	1.09678901	0.95063113	1.47175886	0.66201299	1.19658481	0.98850745	0.90832354	0.67061864	1.13906075	0.79790154	1.34317602	0.87466241	1.04898972	1.30706733	0.92818734	1.32788325	0.95106911	0.79534908	1.14548042	1.15063938	0.94544826	1.12289302	0.64984325	0.44546766	0.88205745	0.74442797	1.40126112	1.05794316	1.48736272	0.50259178	1.37490027	0.93980968	1.11089303	1.08190072	0.69100804	1.01785906	1.73638493	0.31807232	1.20647244	0.64185286	1.28657684	1.36575204	1.47154264	0.89514239	1.11044830	1.13308867	1.25840216	0.81170975	1.49705590	0.69392931	1.36704915	0.96174676	0.55588013	0.85941692	1.30839395	0.26302270	1.22380420	1.11963028	1.08358828	0.82062258	0.74821356	0.85746701	1.40105625	1.16026551	0.98718843	0.82744388	0.73575313	1.55173161	1.54469229	1.16532047	0.37802864	0.78663297	1.34595646	1.17902266	1.01749623	1.00526975	0.75168215	1.00052268	0.81617823	0.95802076	1.02374678	0.52040429	1.23547417	1.11948233	1.38519778	1.09053136	1.02119811	1.12759156	0.76001953	1.21423045	0.72671144	1.37540196	0.80057146	1.39647568	1.19012802	1.28706186	0.74091435	1.46931252	1.17263593	1.44544129	0.77505339	0.98179705	1.33959956	1.11237534	0.86037592	1.02806224	1.30906630	1.78458393	1.42705839	0.92947409	1.19694129	1.36810185	1.35074133	1.31808577	1.39426842	1.13147984	0.78306343	1.28907409	1.01099207
02_85	0.75359307	0.98721766	0.59113025	1.28929079	0.31068501	1.00680837	1.16213773	1.10382435	0.62120818	0.93861683	1.23910811	1.24398448	0.97887943	0.99855090	0.56235952	0.70009698	1.19590073	0.88501768	0.68033632	1.36352658	1.24265367	0.70015225	0.98872118	1.04773649	0.40369686	0.51587015	0.40202529	1.38727557	1.21396764	0.77801783	1.40085996	1.27326207	0.99470843	0.95511076	1.13612851	1.71330782	1.30616481	0.69780343	0.90698396	0.24718032	1.57605156	1.29643351	0.97725646	1.21081664	1.33503334	1.30478518	1.16580602	1.64564950	1.12939026	1.43441471	0.81222545	1.11741766	1.18505880	1.59683252	1.10827119	1.47639181	0.87195297	1.64720238	0.59154322	0.51973029	1.42738755	1.06505453	1.04929982	0.75935522	1.68815843	1.53592122	1.20746682	1.07809298	1.41313344	1.34353220	0.97879099	1.26149086	0.78187415	1.62791584	1.48565580	0.85837286	1.08812290	1.49036357	0.95610300	0.83585396	0.59070786	1.46493297	1.16409656	0.76995885	1.14788471	0.53526065	0.92194447	1.08734022	0.89576164	1.45602230	1.85159823	1.51126004	0.63576619	1.41384945	1.02572025	1.20696084	1.46781401	1.22641786	1.55512867	1.61823910	1.82303085	1.15769069	0.41177180	1.47973649	1.55567945	0.97751800	1.01848558	1.04015912	1.24128356	0.94636073	0.83349421	1.09345594	1.72501333	1.51692149	0.81247155	0.86020710	1.70864725	0.27784202	0.48043396	0.99373079	1.23465652	1.35159073	1.19657410	1.51872035	1.22212118	1.16007170	1.55128935	0.88329000	1.40871930	1.74668936	1.49944230	1.03429277	0.79737792	1.36878097	1.32565701	1.10911132	1.84640815	1.46289704	1.52982382	1.32687966	1.64095605	0.39479387	1.62707218	0.98910128	1.33536285	1.29847306	1.42670850	1.21678953	1.68180434	1.28991956	1.22414367	1.53474665	0.91238564	1.11752998	0.73748379	1.56787575	1.50211815	1.26281433	1.26661251	1.10968103	1.61007901	1.65882490	1.00839114	1.54447771	1.50309862	1.16660546	1.02816702	1.05097828	1.04498048	1.23556032	1.26099684	1.79474528	0.17934625	1.16019947	1.28850275	1.34640761	1.28944999	1.34022106	1.31818564	1.55782632	1.65242765	0.74498204	0.89855017	1.10071163	1.45140377	1.36948414	1.41979351	1.21885738	1.47013721	1.14165719	1.32035705	1.53884931	1.50559702	0.85279726	1.17716464	1.68001687	0.90114805	1.23653905	0.99382420	1.35805747	1.40270683	0.86648489	1.10436437	1.33063268	1.11126072	1.81936251	1.24033993	1.11882617	1.54742013	0.92769755	1.15647866	1.51191934	0.79034297	0.33072717	1.32643409	1.50497156	1.26572761	1.27993048	1.37197820	1.32064632	1.62603580	0.30523292	1.39835279	1.88994615	1.50190189	1.01264399	1.52400029	0.70941856	1.09024824	1.06565189	0.95501310	0.37856037	1.87255081	1.08221545	1.25733265	1.35864776	1.40492765	1.46761658	1.07770812	0.71679904	1.54138050	1.10054815	1.43957917	0.98473749	1.22795236	1.06991341	1.85134928	1.46340447	1.75761098	1.70637926	0.37338996	1.23769772	1.52175805	1.52826802	0.73651445	0.77909362	1.28228995	1.48640787	0.84365036	1.12907135	1.82744475	1.56921704	1.38497614	0.54712724	1.32411129	1.65830769	1.18267703	0.83441378	1.14821180	0.82510067	1.09534987	1.34918326	0.38501313	1.31523160	0.59116734	0.95029576	1.06129706	1.30531830	1.49625746	1.04348040	1.16387405	1.09237521	1.20496849	1.43093304	0.75736947	1.63593872	1.61123276	1.89891356	1.65315900	1.37898677	1.43290979	1.32538416	2.11163116	1.35286501	1.44639142	1.33911741	1.35005634	1.59718267	1.40952099	1.70129654
02_296	1.67058813	1.34005456	1.74659528	1.45693864	1.91222835	1.61884343	1.35125892	1.62529286	1.77386686	1.56868323	1.50117283	1.31885831	1.63595249	1.58724019	1.75245072	1.57530346	1.37879732	1.56018444	1.64343838	1.19479023	1.50342242	1.77616214	1.58406863	1.58340019	1.80698945	1.75330248	1.86742386	1.18649554	1.18655593	1.69700403	1.02433719	1.29141606	1.54192925	1.46766055	1.31288871	0.72832698	1.29358703	1.71383979	1.54630743	1.91534780	0.94488471	1.27569158	1.57926357	1.29047033	1.19544725	1.43295779	1.08699584	1.04397249	1.09047683	1.00627833	1.54846184	1.24809145	1.42036572	0.68164025	1.31944530	1.10039832	1.72236919	1.01400670	1.85165579	1.75452973	1.24994611	1.41690412	1.47176177	1.72187809	0.51485039	0.95320882	1.36195170	1.34619625	1.13408029	1.18710690	1.65317420	1.33826902	1.29900407	0.58464373	1.05902232	1.70762834	1.05256485	1.09067183	1.51512105	1.53437428	1.59453564	1.27029780	1.35090382	1.48915963	1.42847424	1.67321049	1.43329882	1.53891466	1.41826489	1.23484935	0.55164989	1.10392192	1.64379612	1.23567507	1.45525130	1.15970871	1.29721911	0.95719529	1.19638989	0.73783261	1.01748946	1.43712352	1.76101869	0.88574424	0.88201086	1.45112355	1.67323497	1.58047086	1.38166690	1.73557453	1.78557180	1.58371371	0.81192923	1.19849333	1.71002990	1.48284861	0.69929968	1.98305097	1.77629370	1.52809764	1.62641009	1.45148878	1.42424634	0.83542774	1.18939294	1.44015841	0.92254381	1.68915809	1.47321247	0.53941551	0.89852384	1.56065659	1.50445013	1.11652324	1.22069025	1.44804824	0.91562570	1.12043534	1.03745881	1.43020347	1.27057046	1.86622894	1.24963519	1.67532916	1.22079653	1.32850526	1.23377389	1.28979764	0.82771246	1.01364081	1.26057016	1.13383683	1.46827586	1.50128404	1.46542217	0.84340159	0.87032865	1.41752491	0.97975236	1.48100327	1.08298035	0.89928844	1.57671639	0.82312252	1.41606065	1.33978297	1.50881738	1.29143277	1.35377681	1.41450429	1.36728614	1.01078501	1.88089314	1.37103215	1.38566901	1.25098235	1.60664653	1.45348867	1.42849805	1.22529577	1.17391224	1.67255648	1.64382689	1.29840698	1.14196981	1.32183828	0.70889154	1.22445163	1.05233705	1.47147888	1.21138836	1.22377358	1.23451232	1.71279286	1.36969591	1.05230511	1.63171407	1.50101566	1.52879441	1.42656783	1.23265296	1.54850375	1.51534125	1.19695950	1.45870447	0.73649924	1.40424704	1.39215480	1.17935591	1.59286105	1.37888911	1.35412613	1.75990852	1.83624389	1.59663468	1.20004741	1.07843815	1.59300866	1.37302117	1.07947583	1.01443184	1.88341926	1.17541761	0.88085070	1.03032263	1.55369000	1.05135461	1.61724192	1.52948089	1.39230124	1.59984487	1.90575628	0.56861561	1.60560261	1.27970629	1.48010089	1.30355860	1.42980227	1.50760685	1.68742536	0.75159400	1.45524379	1.24246563	1.74594158	1.41290217	1.41302619	1.05991557	1.27594160	1.00954114	1.10715043	1.84810631	1.23143003	1.27272737	0.98807520	1.68656275	1.71463293	1.45006512	1.11534708	1.42456283	1.58156184	0.87460248	1.29005475	1.46956169	1.75454643	1.60667330	1.08061799	1.37495359	1.75037251	1.56045303	1.62042750	1.58065672	1.24738832	2.00396896	1.17995284	1.87225261	1.80571737	1.70548909	1.47909401	1.19863249	1.63292894	1.44699554	1.59576540	1.58659288	1.15728943	1.71160448	1.45723753	1.08807427	0.74201936	1.25975818	1.48780046	1.35637120	1.68061315	0.69116532	1.29345691	1.38074600	1.40417182	1.53820909	0.96320903	1.42747237	1.48280074
02_253	1.45515801	1.44794187	1.45548604	1.38732601	1.41300169	1.65240355	1.52195242	1.57663173	1.19838464	1.34650192	1.44975413	1.51691770	1.54799146	1.47748075	1.30548951	1.04410636	1.64241914	0.81856934	1.18836604	1.71612590	1.46014611	1.20783543	1.55638664	1.51752142	1.36606714	1.14170372	1.50245486	1.65963490	1.11115847	1.51110401	1.34389603	1.21661183	1.00995637	1.43369379	1.50930915	1.49684369	1.37419001	1.13002998	1.60506756	1.39571472	1.63534281	1.45074963	0.89448153	1.30701794	1.63230411	1.34507223	1.30928902	1.69405253	1.23331373	1.26852897	0.75456775	1.36404384	1.33679986	1.03015778	1.43853537	1.37689761	1.14173205	1.66101630	1.30409830	1.24056698	1.78314347	1.28599566	1.23633819	1.24673093	1.29279733	1.55211263	1.55994804	0.89357658	0.90920388	1.05343275	1.07762887	1.34319205	1.05416725	1.30070425	1.68571069	1.55862247	1.10292744	1.60631546	1.08245128	0.75886993	1.12492605	1.13308569	1.22286749	0.93897076	1.75821570	1.53077526	0.95392854	0.80853103	1.08095248	1.06376250	1.41138728	0.98854364	1.10933613	1.50886708	1.40887670	0.99105148	1.26478055	1.18961753	1.11409753	1.08533731	0.80092288	1.45650960	1.19603749	1.33611298	1.38101813	0.93634209	1.75594327	1.46562915	1.13439048	1.65149545	1.26257687	0.76797190	1.45554028	1.15827145	1.09651946	0.70272077	1.17727241	1.48176109	1.12812210	0.99921606	1.01336503	1.36294178	0.72535002	1.48628471	1.28213981	1.28367234	1.14366107	1.20352518	0.57824182	0.82994134	1.10521389	1.61752618	1.26148456	0.43078151	0.94159280	0.77050172	1.04838999	1.29983969	0.85587512	0.81807454	1.08895568	1.33976998	1.04949447	1.36620431	1.06319155	1.25650749	1.13364938	1.10623269	1.11512757	0.89848824	1.64701532	0.97828815	0.60791313	0.65078652	0.94033550	1.27291415	0.82724852	0.69832559	0.80343671	1.12736608	0.77284853	1.42909824	1.22349854	1.08988220	0.22944866	1.56389638	1.54040516	1.02042534	1.04354878	1.26503284	0.85369969	0.78861451	1.38622416	1.08081549	0.40542919	0.85036617	0.77465682	0.44289498	0.95619583	0.26322088	1.69139860	1.41190352	0.86362141	1.51945306	0.99605104	1.46497695	0.95990635	0.83814983	0.65687419	1.19573783	1.20232591	1.13232742	0.29809881	1.03846134	1.75023959	0.93523234	0.99464763	1.42968239	0.72551332	0.48765915	1.34547531	0.72273537	1.34334244	0.54502821	0.97385687	1.05759342	1.01040439	1.08822784	1.12479039	1.58132729	1.27776348	1.22276683	1.04252616	1.43983000	0.74121959	1.06012647	1.45571175	1.67664333	1.18339949	0.71892514	0.84166875	1.35865258	1.36343911	1.01632861	1.34573115	0.75671048	1.64539345	1.37475150	0.97084520	1.50880973	1.40940923	1.38585665	1.02318293	1.27946600	1.05763066	1.54118241	1.11084575	0.44349681	1.22970864	1.12767393	0.91226718	0.78680656	1.31435020	1.16880094	0.71338686	0.52106775	0.86368054	0.84652353	1.09668542	1.73343118	1.30535857	1.10746651	1.13942748	1.39559670	1.04700167	1.52905459	0.51354613	0.69026823	1.12658694	0.95871243	0.73776155	0.20714408	1.30395712	1.33812138	0.82467601	1.00368268	1.12918011	1.08972466	0.77106470	1.29798607	0.88801327	0.99511269	1.52288324	0.83499989	1.35287148	1.71914254	1.05968398	1.27034906	1.23109240	1.46962037	1.34672641	1.37771972	0.87922975	1.32899460	1.13684157	1.35001067	1.24917246	1.14608713	1.41069505	1.03256231	1.15542792	0.95041936	1.42370306	0.99024192	1.01669088	1.25458439	0.87463025	1.01762407	1.60129835	1.39149579
02_54	1.13381888	1.11832671	1.06417817	1.52128577	0.91603799	1.19319484	1.12537475	1.48764638	0.75514759	1.02685726	1.24920704	1.28750241	1.33410068	1.21577602	0.82355075	0.83696825	1.26419604	0.69391299	1.02840617	1.47172569	1.51614393	0.76520036	1.26436081	1.36383017	1.02846074	0.89886809	1.05423496	1.37347765	1.26171627	1.18395147	1.39850499	1.32915322	0.98577651	1.24311126	1.23741759	1.64368734	1.31977995	0.85690000	1.15642051	0.88137023	1.57847874	1.33061711	0.88321136	1.35089797	1.39772133	1.50330025	1.14131143	1.49922791	1.13065273	1.47584991	0.69452613	1.04836940	1.13693097	1.35051182	1.13237515	1.44048160	1.11838775	1.75538597	1.11908416	0.72779702	1.69018205	1.18636167	1.31429899	0.78216326	1.31789267	1.37546404	1.49019808	0.98347572	1.26836680	1.25611141	0.68382614	1.10214079	0.89023043	1.43393250	1.46415804	1.25481445	0.89528536	1.65772895	0.96348983	0.67854826	0.91139013	1.04592224	1.21582540	0.55220256	1.43474779	1.07255647	1.00241107	0.90016180	0.89499675	1.03648338	1.60910774	1.15624364	0.96647736	1.62218818	1.35902946	0.67521097	1.45643714	1.22875425	1.36008305	1.15070114	1.36828464	1.26210948	0.67191518	1.19480730	1.17116796	0.91318315	1.34337491	1.42913766	0.90040833	1.34981975	1.25005751	0.30684751	1.56045999	0.99344762	0.54961573	0.36619978	1.41887495	0.97683557	0.73844955	1.15362020	1.07898335	1.18606069	1.07944276	1.48982556	0.99962996	1.09674625	1.11851136	0.76312639	1.09003570	1.29723852	1.05906838	1.17731595	0.97744372	0.80741847	0.63365727	0.73006308	1.39810635	1.26973024	1.21482518	1.17970216	1.50064490	1.00663240	1.06839936	1.40962863	1.01206629	1.15010597	1.12648546	1.27219020	1.06103243	1.00779383	1.29623479	1.09939366	0.39800042	0.40786597	0.52669055	1.13215891	0.85065863	0.42100202	0.80880809	0.79438966	1.25577968	1.63933457	0.77568300	1.04436426	0.83483493	1.21863720	1.27660629	1.07738825	0.81701941	0.86962470	1.13162081	1.32389519	0.82213483	1.13155263	0.50693871	0.78702595	1.09302929	0.90599165	1.13558717	1.03351452	1.54049415	1.25093488	0.35526889	1.26796431	1.05617696	1.22993283	1.03365445	0.49590849	0.94893701	0.80405606	1.03894482	1.30971866	0.99714287	1.02108740	1.44039683	1.37652016	0.90981500	1.50861259	0.75076246	0.99507173	1.49033724	0.68494803	1.03658740	0.99595402	0.73374904	1.52707172	1.26241585	0.73780275	1.34139372	1.14032933	1.20640563	1.37522643	0.60162525	0.96148416	0.38906282	1.40664017	1.41368890	1.58044982	1.24199541	0.96112740	1.14157678	0.98922439	1.40379766	1.36524860	1.50181558	0.29104381	1.43435594	0.96791088	1.01314305	1.08754469	1.14053438	0.81258538	1.49763107	1.06832797	0.91389156	1.25538766	1.09859155	0.96737818	1.34783887	1.03455445	1.09813752	0.36219885	1.52215182	0.65544550	1.05802895	0.60884066	1.42367430	0.72082990	1.32702505	1.52954955	0.73657552	1.09022669	1.04217161	1.13049602	0.44698626	1.18980829	0.49963956	1.12578780	0.58587465	1.02525717	1.31251557	0.97676861	1.30506711	1.02748866	1.13625313	1.16932832	1.03522471	0.90263610	0.93240688	0.94990446	0.44077460	1.23516713	0.97365875	0.85670189	0.81871948	1.37369982	0.52113500	1.33978507	0.99264420	1.43209834	0.93850359	1.10943115	0.44709620	0.99557794	0.55875043	1.56562556	1.06827909	1.47448568	1.48537907	1.22747708	0.96641111	1.17924512	1.63177696	0.79889020	1.32426488	0.83950211	0.55894243	1.14439890	1.69617319	1.64083288
02_61	1.16286707	1.34437572	1.22961306	0.80179281	1.49483783	1.79097717	1.70066572	0.99238091	1.54171681	1.30517342	1.30191228	1.31079867	1.05990197	1.17516083	1.43325706	1.37036466	1.71447415	1.40334319	1.28145779	1.50678051	1.00523764	1.59417622	1.13140835	0.92959573	1.29751375	1.28097108	1.31283800	1.62878009	1.11769671	1.15258454	1.44347523	0.89779084	1.44945936	1.52091032	1.60397696	1.41803550	1.66914074	1.49550596	1.62857536	1.45417885	1.48959157	1.72157060	1.47201002	0.90616116	1.35488616	0.68394272	1.00787653	1.64937543	1.11450613	0.86282616	1.17574808	1.60646651	1.09888961	0.98324687	1.36335851	1.65119717	1.43354640	1.19562485	1.35063726	1.41628898	1.36376485	1.07999431	0.80937018	1.55693535	1.38166754	1.25472465	1.48105230	1.39926454	0.70488393	0.97534769	1.62695447	1.82219826	1.01030974	1.39497987	1.41918924	0.99754934	0.96174401	1.28474813	1.56820339	1.28053547	1.10182361	1.20127941	0.54202582	0.99930233	1.38066780	1.31864914	1.12843656	1.47746670	1.19049772	0.96057991	1.55301619	1.10052889	1.20214622	1.14618857	1.35329721	1.22810946	1.20331306	1.19527698	1.27139162	1.57347081	0.93578151	0.70036800	1.25817159	1.21409537	1.56602115	1.33761612	1.76527468	0.88310453	1.35884368	1.12721137	1.22574978	1.46746975	1.60668752	1.60687451	1.58505615	1.22131115	1.17245248	1.50786368	1.13514927	0.91890304	1.69484829	1.44605425	0.91588704	1.10403423	1.63962828	0.69707605	1.18762785	1.60492794	1.10333288	1.16773906	0.97051391	1.66060918	0.94697748	0.89089390	1.58431988	1.47517932	1.58978271	1.77284542	0.70731753	0.70946029	0.44259379	1.40641469	1.06087275	1.07304450	0.82304496	1.20852893	0.63703291	0.93113137	1.40782614	1.25987613	1.55988866	1.07277877	1.09465864	1.15355497	1.16281865	1.40988975	1.32250520	1.32917988	1.36460739	1.45682916	0.64797931	1.18310129	1.72577505	1.21964588	1.39125826	1.30181003	0.84782794	0.57798737	1.04731262	1.81315001	1.31187922	0.91980791	1.43016134	1.29239007	1.34626910	0.88928623	1.08215905	1.17216763	1.52604787	1.14629870	1.15708652	1.03610873	1.26631296	1.55996849	1.02064096	1.28200625	1.17471897	1.33287611	1.02713883	1.35041320	1.12677987	1.37631087	1.06866902	1.01749225	1.33669795	1.06772794	1.48633165	0.73647658	0.92095103	1.29115497	1.14943810	1.08438091	1.39340530	0.77394675	0.80087590	0.85811572	0.54873466	1.70475305	1.23328814	1.58358996	0.47877549	1.35106752	1.13450702	1.19131825	1.49730591	0.56112639	0.95298318	1.68967160	0.26560496	1.39718119	0.97298467	1.33068201	1.33099302	1.65102404	0.70061033	1.46683793	1.23500865	1.33976673	0.78131619	1.67658906	0.72417927	1.55234776	1.01823980	0.63366243	1.20605154	1.39698507	0.59477371	1.43395366	0.99151984	1.05153175	1.11606915	1.16019628	0.58632697	1.72895275	1.26520329	1.23153887	0.95560089	1.20492003	1.71653237	1.77179937	1.30525204	0.48487346	1.18889810	1.64839067	1.47173568	1.04678055	1.35648168	0.90512322	1.24953743	0.79774243	1.14163913	1.27497994	0.43569212	1.29963688	1.12163053	1.56280444	1.32175630	1.05516336	1.23066795	0.86653598	1.56775177	0.68170392	1.47781413	1.11682993	1.59772430	1.20679218	1.63141882	0.57336836	1.74814508	1.06511499	1.73124519	0.83301491	1.36078211	1.65442402	1.35835119	0.64354551	1.36030873	1.46054565	1.91070294	1.58855205	1.30141459	1.19626552	1.54657169	1.65005552	1.43872121	1.68711625	1.52073877	1.03560599	1.12031095	0.80029643
02_48	0.84546265	0.76545887	0.92897470	0.80265117	1.21908867	1.28642574	1.12553428	0.83314787	1.19829003	0.86869375	0.85281427	0.73805315	0.79392952	0.79901353	1.06859493	1.06752887	1.12257795	1.12766202	1.03154730	0.90281795	0.84561240	1.22773240	0.75947173	0.72806822	1.07436016	1.12578908	1.06254543	0.98116247	0.78685101	0.84862398	1.03961000	0.66514894	1.12244698	1.12829323	1.09543547	0.92784765	1.25984094	1.18030957	1.11901088	1.19777419	0.89038249	1.22255009	1.19810606	0.61775317	0.74888690	0.77159255	0.41942562	0.98284586	0.54402061	0.62368314	1.04311871	1.01474160	0.68279680	0.62392365	0.75642785	1.19569635	1.24688812	0.90560829	1.22809165	1.08323519	0.92628948	0.70356061	0.77931913	1.14902747	0.80882491	0.72114126	1.10987999	1.10818752	0.67992537	0.69951892	1.20928450	1.26975798	0.62917341	0.87189279	0.78880175	0.79779314	0.53817477	0.93162132	1.18194331	1.06342826	0.88742151	0.79065063	0.49354632	0.76927615	0.91770609	0.95307244	0.89329069	1.21629519	0.77469612	0.68947840	1.01100258	0.73722232	1.01646696	0.84972016	1.07467552	0.85051398	0.89740508	0.69206368	0.92170936	1.06955988	0.93169570	0.57583746	1.03488255	0.58985988	0.92899931	0.99415851	1.31467848	0.80797930	0.87047141	0.85384482	1.21009350	1.18463077	1.01988139	1.24746970	1.18963434	0.96885095	0.94479615	1.26530849	1.06645393	0.97669195	1.36597093	0.94383278	1.01469356	0.67279306	1.00839281	0.56082313	0.67020773	1.16608397	1.22096128	0.85151040	0.53135043	1.22278994	0.62031941	0.78715428	1.12599066	1.10935543	1.33226496	1.24699018	0.62551777	0.99829014	0.86253701	1.19214282	0.84148709	1.04520845	0.51899647	0.73250355	0.59749446	0.71845673	0.94688374	0.96498999	0.94156300	0.74967779	0.94449474	1.03771288	0.78869339	0.90219309	0.93178285	1.03509171	0.87014368	0.96434149	0.77664106	0.96607519	1.20232228	0.65029586	1.28778388	0.91617561	0.60233830	0.48836825	0.66372270	1.26865287	1.06827994	0.88998184	1.15999454	0.91168722	1.12352026	0.69931075	1.24549247	1.20143735	1.18166426	1.11124212	0.88405662	0.87592572	1.10152525	1.02264700	0.65571567	1.04754285	0.75308406	0.86724502	0.73709803	1.11393575	0.60157275	1.25489074	1.05923724	1.12399004	0.82172821	0.87032959	1.19385698	0.76668239	0.99299935	1.22100809	0.80959783	1.02290430	0.88273964	0.80755655	0.75462442	0.84037282	0.82332146	1.17264976	0.86229171	1.18397134	0.45456819	1.29060924	1.10525570	0.98162638	1.26642153	0.70669736	0.51659482	1.38773847	0.62028415	1.03472779	0.72275368	1.15943302	1.08824699	1.34336635	0.68564489	1.13307939	0.72662662	1.08193956	0.96561113	1.10953594	0.64098797	1.21652875	0.86435095	0.78166352	0.72310526	1.19089207	0.58816804	1.29699847	0.93887664	1.02566187	0.60459660	0.91140940	0.69192832	1.28498535	1.12041622	1.02549880	0.96137253	0.90199074	1.35269001	1.06363673	1.10838987	0.41195251	0.78592659	0.97162382	1.10704291	0.79365929	1.13757593	0.80066282	0.85577712	0.99758186	0.98816836	1.20512613	0.69914424	1.02700980	1.26065294	1.26560092	0.85251453	1.10015578	1.16335688	0.71678655	1.18361124	0.70233675	1.24232913	0.73086405	1.22860417	0.91667651	1.24265279	0.75587418	1.23070667	0.91235089	1.12138982	0.76701712	1.11717371	1.01942848	1.06965193	0.93187797	0.88096424	1.07761755	1.43894860	1.25683139	0.85953836	1.29750244	1.14014236	1.17640510	1.17081706	1.21511358	1.19916111	0.69278132	0.92482629	1.03795639
02_310	1.25565871	1.23789322	1.34307959	1.19616079	1.57723928	1.78050180	1.56619503	1.30338413	1.40793764	1.09251256	1.00197107	1.09553827	1.23864154	1.13437395	1.34118351	1.34702050	1.61248172	1.22299385	1.36992730	1.48269083	1.23037895	1.40465852	1.20214792	1.18696937	1.48630906	1.46096973	1.49415263	1.44827380	1.09036460	1.28200455	1.52473805	0.91603711	1.25681789	1.65253378	1.62272763	1.34743774	1.69347436	1.39966163	1.65574501	1.55532141	1.37823162	1.65897138	1.30889167	1.01500370	1.26556259	1.16265636	0.95376226	1.33139409	0.98317056	1.07687486	1.21797136	1.40534934	0.85035799	0.76803885	1.12457316	1.59732948	1.51674230	1.51706310	1.61218214	1.34020732	1.59746466	0.99134758	1.19536436	1.31773230	1.06402828	1.21142812	1.69730673	1.35162437	0.76151049	0.79257259	1.22639346	1.56404755	1.06071629	1.24036918	1.33443415	1.27990908	1.04128945	1.55647432	1.41695675	1.20250945	1.24487542	0.51478000	0.87219831	0.95892857	1.59019878	1.52360881	1.13492303	1.27144783	0.97618762	0.43624300	1.24099094	0.45235439	1.35632122	1.34056500	1.62443043	1.06500900	1.00097195	1.15905044	0.82536020	1.24107266	0.53593986	1.09414343	1.34019727	0.87794062	1.18587122	1.12053717	1.89774303	1.30428956	0.77685697	1.31933478	1.59723368	1.08792507	1.26893506	1.45199251	1.27231111	1.02495660	1.28784419	1.63805517	1.40618546	1.29950037	1.39174985	0.92353583	1.17694391	1.27799960	1.26747344	0.84631458	0.59729561	1.26110364	1.23903764	0.78030235	0.62518756	1.76708812	1.01701814	0.58114956	1.18032941	1.06894843	1.47110715	1.55156013	0.45747717	1.15969818	0.96997578	1.57741930	0.39804066	1.47814411	0.45163256	0.76417577	0.68374283	0.97788802	0.96257868	1.27656935	1.50342559	0.35322753	1.01331156	0.98312801	0.96125724	1.16089821	0.99109885	0.80081357	0.94925678	0.93710346	0.61306272	1.47334827	1.33072541	0.60879006	1.07714533	1.52982380	1.19481403	0.85838673	0.74136321	1.44235726	1.12721275	0.46254654	1.54851439	1.03599140	0.92082818	0.49882470	1.37503370	1.18487416	1.18094337	0.89754991	1.40359072	1.36993179	1.16402870	1.58712050	0.34655604	1.54356784	1.07547974	0.78202956	0.31321024	1.44266621	0.62412183	1.58499612	0.89494196	1.44584695	1.51615801	0.66083317	1.36082757	1.22254992	1.16298036	1.18994778	1.11385558	1.20948064	1.00415343	0.81063834	0.85326606	0.95484185	1.12530642	1.31078370	0.76743770	1.75142536	0.91151355	1.66954350	1.32656933	1.43668384	1.06736490	0.86789538	1.22656253	1.96081083	0.86248501	1.15275147	0.17135468	1.58073916	1.61864646	1.41728027	1.24130324	1.08096342	1.30839920	1.59877630	1.27624448	1.59520945	1.10955900	1.52798472	0.92292660	1.10308960	0.62282613	1.66865038	0.63183759	1.17019528	1.35783240	1.41673936	0.49266809	0.84300281	1.15445662	1.31416268	1.18921205	1.04024347	0.65147634	0.58151528	1.51803029	1.35371432	1.49023164	0.79293253	0.46960999	1.20293816	1.23921293	1.29474510	0.97960287	0.69629242	1.22187623	1.24890898	0.76110909	0.95539387	0.99243632	1.43510626	1.40622844	1.43356101	0.92590638	1.41978336	1.29239483	1.13399008	1.14167022	0.93973755	1.65415085	0.63975138	1.49861019	1.41389286	1.23860506	1.11783375	1.43365393	1.37702795	1.33006347	1.18205178	1.03932967	1.21818195	1.29863821	1.18407742	0.94942468	1.12797715	1.72010434	1.26835968	0.69421066	1.46368990	1.19928684	1.25967052	1.17279963	1.42818557	1.05090639	0.68466161	1.43637572	1.29387107
02_37	1.05739424	1.15586131	1.01458444	1.17860922	0.98450851	1.32029566	1.27465456	1.24198770	0.96373089	1.10410689	1.28353696	1.30079049	1.17313566	1.16627225	0.97130742	0.85803090	1.37701658	0.80810153	0.94526788	1.44335806	1.26554379	1.01620932	1.17141891	1.14299238	0.94379856	0.78066782	1.00552705	1.44941199	1.09804517	1.08920798	1.25463254	1.11316929	1.04476248	1.17559076	1.25154597	1.50313259	1.28428730	0.96910337	1.23053480	0.93434911	1.51919427	1.36188741	0.95219840	1.12589487	1.36671577	1.12085952	1.02974659	1.57400967	1.06087580	1.16893260	0.56131300	1.19910752	1.11175162	1.14896060	1.20816855	1.39071773	1.02966081	1.45755458	0.95873583	0.88659846	1.49614637	1.09415460	0.97435539	1.04221412	1.29181446	1.27652393	1.32821748	0.92922037	0.94853869	1.08810086	1.04586099	1.31298229	0.75424494	1.33699460	1.42276335	1.06551280	0.71025616	1.40228922	1.06440507	0.67366874	0.77082446	1.11722568	0.88855517	0.48967923	1.32018268	1.00786484	0.86236032	0.96346726	0.92373701	0.97250945	1.55572050	1.12069739	0.82104579	1.37823808	1.15235270	0.70914853	1.33067970	1.10270830	1.30699714	1.21351397	1.12804104	0.96382933	0.69007028	1.18532048	1.29632629	0.95413133	1.36134606	1.12021888	1.09247875	1.21087082	0.96549765	0.73740711	1.56282783	1.06097671	0.93620538	0.51706377	1.14134857	1.01876104	0.51545580	0.76756604	1.21994383	1.32092921	0.67744535	1.25456495	1.22530447	0.85845251	1.14101840	1.07920155	0.74620002	1.15279493	0.95702746	1.20244526	0.84795560	0.60734498	0.94563652	0.93821619	1.27967901	1.36104909	0.94606077	0.66646621	1.02760159	0.94784376	1.03158442	1.09467516	0.88261772	1.17736285	0.84925544	1.03710304	1.12675113	0.85205117	1.33452011	1.07360400	0.29295176	0.41348121	0.64074603	1.15224543	0.87748100	0.72700627	0.93584762	1.06449978	0.90543803	1.32073668	1.15060350	1.09212217	0.81891977	1.07256303	1.02796412	0.72434382	0.83445295	1.21880944	1.05270158	1.09326636	0.87032197	1.11725818	0.69366367	0.67709074	0.67997542	0.64701086	1.19637205	0.84689174	1.30122930	1.00765598	0.49948473	1.25721664	1.02085681	1.01550408	0.89520114	0.79850808	0.89044611	0.73447498	1.06892889	1.04395480	0.75762896	0.60863586	1.32193713	1.20660917	0.96982174	1.13945582	0.26863589	0.83888163	1.31502715	0.40125286	1.17957370	0.62634240	0.47051442	1.17449112	0.75715553	1.08833587	1.28316160	1.11761636	0.84755756	1.05075994	0.37487637	0.84887142	0.76087507	1.00440198	1.14363801	1.41856847	0.79700980	0.95194983	1.02535795	0.86933499	1.13359059	1.30544112	1.07076444	0.73177663	1.28935636	0.84544468	0.45845413	1.21336584	0.84407271	0.97925864	1.20993180	0.68408106	1.01178083	1.07267784	0.80140738	0.92672218	1.00895690	0.70170520	1.05545830	0.51712484	1.07997860	1.08810583	0.91490582	0.58666742	1.15674103	0.82852370	1.30545984	1.65432436	0.68409276	0.71023966	1.09693237	1.31734425	0.77716502	1.01393144	0.65910813	0.87259968	0.62656371	0.49449366	1.11798334	0.87914877	0.86911820	0.94445655	0.73597349	1.09942685	1.10049316	0.51242311	0.71102572	0.69369570	0.85981035	0.84125588	0.96411581	0.84422450	1.01465102	1.23430316	0.93664498	0.89133901	1.18412899	1.16548121	1.23690139	0.78998958	0.67054153	1.22401111	0.67566081	1.09897676	1.10870036	1.37014065	1.52915416	1.27310962	1.07742585	0.81663903	1.53616668	1.03647528	1.27867761	1.05891862	0.86377019	0.99419948	1.40151568	1.18417596
02_31	0.62533100	0.90374791	0.68408479	0.42786057	0.94739208	1.36561765	1.38062237	0.39881611	1.02282178	0.84787321	0.93564416	0.95237334	0.55858558	0.72507719	0.91629708	0.83519717	1.33224574	1.02455758	0.58434023	1.18864212	0.35853648	1.07374148	0.74668509	0.53997051	0.65183014	0.79730106	0.77244978	1.31712827	0.58688918	0.63417432	1.16983284	0.55566581	0.85131890	0.97066066	1.23185012	1.20040824	1.29669087	0.89891642	1.19236737	0.94734780	1.18724803	1.25823487	0.99041200	0.46636941	1.09263332	0.50425441	0.88765821	1.45618723	0.75487496	0.71007608	0.96092533	1.21436457	0.91694230	1.03363410	0.96351875	1.25114185	0.79431895	1.12933158	0.73645461	0.97347622	0.98824248	0.56476548	0.30426321	1.06912806	1.47727503	1.40254150	0.96438491	1.01015739	0.79887727	0.70072630	1.23022149	1.39876683	0.59852567	1.26349929	1.28547941	0.68731336	1.10974887	1.00343646	0.98408816	0.95842025	0.57763474	1.27817260	0.70300822	0.99309298	1.11229351	0.85634132	0.57275481	1.05310620	0.69673917	1.27136166	1.39114961	1.10276399	0.60818253	0.61927346	0.78505776	1.43531566	0.73569883	0.79638919	0.96393147	1.56152632	1.35628821	0.96582472	0.98409632	1.28832801	1.54733842	0.79366921	1.32845207	0.28176740	1.15838951	0.68269768	0.70432554	1.44379956	1.27521902	1.76693261	1.21379161	1.12144087	1.46870898	0.97506934	0.99622626	0.67904429	1.15238297	1.10480169	0.95971887	1.16933197	1.25956133	0.99821846	1.33486767	1.13223330	1.29865814	1.33568358	1.34826720	1.41094959	0.63813474	1.23041300	1.58987049	1.11663628	1.73059740	1.40826556	1.02943934	1.09084505	1.09031032	0.75862671	1.49385155	0.35149573	1.09372928	0.94383705	1.24783228	0.47331715	1.69274402	1.26506823	1.24895118	1.23443120	1.14445124	1.39645438	0.90752547	1.59193406	1.55777147	1.46063004	1.20756854	1.14164238	1.17024926	1.22303374	1.27168180	1.37608962	1.52705340	1.34008270	0.82085485	0.55952206	0.96474949	1.52816847	0.86727018	1.34609994	0.98777034	0.70052773	1.43178749	1.31549162	1.26896715	1.34413288	1.01582401	1.34514016	1.56186672	0.23011353	1.33886898	1.08410282	1.14604121	1.55961724	1.32017000	1.36311747	1.17588973	1.55427558	1.09275069	1.53736390	1.30862308	0.95936963	1.04990621	1.07613089	0.91921298	0.40328615	1.13245679	1.23300971	0.60018375	1.02600281	0.97731369	1.03088747	1.24264020	1.30828175	0.79916376	1.34384282	0.95713370	1.32282201	0.78803913	1.50669910	1.28585556	0.79374870	1.66192088	0.85340546	0.75821878	1.23417900	1.08167677	1.17548675	1.24834419	0.78209859	1.28310250	1.77989966	1.06499051	1.32203849	1.39606407	1.15665888	1.11948256	1.31530363	0.84066340	1.01494717	1.39571726	1.12726413	1.06561378	1.64313631	1.20677331	1.38728024	0.44528930	0.70500043	1.17655571	1.34428316	0.76334660	1.32772122	0.96280294	1.12883770	1.35111576	1.51529162	1.68596325	1.49587830	1.07247759	0.96381251	1.35310955	1.53814248	1.16525787	0.64524394	1.45076096	1.06504107	1.21674744	1.12459188	1.43347284	1.44810865	1.11383221	0.61621910	1.27848855	1.68053496	0.87700338	1.08919948	1.13655192	0.89863851	1.38958709	0.86608288	1.04500505	1.12600473	1.05828909	0.75520534	1.41963923	0.90196712	1.68506510	0.25757104	1.30254740	1.10223657	1.51379050	1.52531758	1.21324139	1.17697153	1.60527451	1.52617183	1.51298795	1.04770783	1.33815924	1.28256206	1.80864926	1.50142655	0.96133517	1.65734119	1.59415709	1.32607280	0.54231851	1.22434243
02_69	1.19851719	1.18111070	1.17859631	1.29839464	1.05488638	1.35617415	1.30114556	1.37857629	0.75899408	1.05425946	1.22042849	1.30115118	1.34398870	1.24726125	0.93956836	0.61958578	1.37970205	0.44012830	0.76049917	1.52788515	1.23767400	0.74140262	1.37447485	1.38117291	1.01795954	0.86166758	1.21934158	1.45152206	0.83082063	1.27099082	1.21399456	1.09431975	0.37852137	1.08913556	1.27668646	1.39082977	1.13304451	0.59801864	1.32064843	1.07439060	1.45645445	1.11152387	0.34690279	1.15176658	1.48321639	1.33246735	1.27150247	1.56237232	1.04689382	1.24946717	0.68927331	1.07021834	1.24194320	1.14081858	1.17830151	1.10151836	0.65604164	1.66651319	0.95937422	0.92983615	1.60203569	1.03218603	1.11428832	0.83561144	1.42408982	1.67320533	1.27735198	0.58010049	1.05584815	0.93687319	0.66821666	0.96976507	0.86480192	1.26077776	1.60991229	1.43865569	1.27278123	1.48955843	0.47317524	0.50820299	0.86725478	1.22682347	1.32520150	1.02055522	1.62630290	1.29011339	0.59972945	0.27050853	0.74436816	1.33324571	1.32540327	1.04594142	0.76768705	1.28921667	1.11171596	1.27082573	0.99520845	0.97268802	0.90521946	1.17600005	1.26546899	1.59551556	1.06076973	1.41520835	1.40571755	0.38713210	1.47649909	1.30575818	0.98382723	1.45290412	1.02709396	0.87823842	1.21916383	1.42971922	0.74384472	0.73208368	1.49874144	1.14999877	1.12026742	0.97263035	0.23498533	1.09917924	0.93560683	1.56667979	0.95425875	1.45651027	1.30373155	0.75606746	1.02287333	1.11209028	1.42081906	1.48018722	1.13286462	0.99202400	1.06198375	0.26408590	1.34286311	1.00112991	1.15051304	1.22154582	1.47227566	0.93438962	1.44085744	1.11325995	1.27038451	1.08245196	1.52160903	0.91975032	1.45363996	1.04962706	1.44950332	1.16999478	0.83089951	1.07488608	0.77834776	1.48985796	1.20287439	0.98368746	0.73492409	0.84543482	1.24556052	1.52818202	0.75716568	1.26630608	0.82486792	1.63068037	1.54293852	1.07615377	1.03534753	1.02676020	0.43217528	1.25132074	1.11077095	0.60969453	0.78600502	1.26329754	1.12904223	0.93256542	0.30602051	0.86952147	1.95534462	1.14081135	1.06510945	1.20707265	1.14018297	1.72235776	1.18996464	0.95560485	0.91696776	1.45800215	1.19347605	1.41064887	0.90366453	1.12586535	1.60066037	1.01847286	0.36324238	1.35702392	1.06545345	0.66057543	1.07259744	0.82382117	1.02953028	0.94226106	1.34547859	1.45175053	1.22179782	0.70859910	0.93776572	1.44017533	1.41947125	1.47311823	1.26267313	1.24626702	1.08990652	1.26353984	1.39104188	1.41301111	1.54250486	0.56445024	1.14390239	1.04968101	1.41547685	1.29910749	1.57781513	0.67636494	1.75628784	1.32175559	1.29957882	1.24832653	1.47686081	0.98125978	1.40136114	1.56731747	0.96459750	1.78590920	1.47863664	0.62668753	1.03413874	0.99782073	1.02439944	1.06738149	1.42827788	0.73188268	0.49668658	0.55908586	1.27846332	1.22639752	1.18614990	1.51102228	1.19010254	1.36413248	1.28835680	1.31878398	0.77662084	1.34978161	0.83208043	0.94412447	1.15580644	1.27787261	1.15413512	0.85796752	1.61260139	0.93209961	1.13430400	1.25618160	0.75220438	1.20466597	0.81305771	1.33749563	0.73037879	1.16040235	1.24782980	0.89688018	0.89836092	1.49074377	0.86002608	1.44301814	1.22869812	1.18078268	0.92564921	1.53383398	1.12666446	1.22641832	1.05696539	1.63821058	1.47492224	1.26705420	1.06690021	0.36894513	1.19437909	1.15750331	1.67379338	0.87970573	0.59362464	1.27701483	1.04396125	1.28359044	1.37148287	1.64825233
02_313	1.11719261	1.23437541	1.19412734	0.66030877	1.45456680	1.68533719	1.58082893	0.91338792	1.47155730	1.23674137	1.22388030	1.20445174	1.00950814	1.11806908	1.38026393	1.26066610	1.58871106	1.30261601	1.17390503	1.36746840	0.86640629	1.51971264	1.08741817	0.88272382	1.24071664	1.21598335	1.29106703	1.49159250	0.91762203	1.11597480	1.24513276	0.74783999	1.30985516	1.37075458	1.46185331	1.18999534	1.49393135	1.39769954	1.52643453	1.42464143	1.30270216	1.54086036	1.34643602	0.75278545	1.23636815	0.54765567	0.89788123	1.50769497	0.96153257	0.63016724	1.10126678	1.46559217	1.04655543	0.76196188	1.25518735	1.44070256	1.30911970	1.00477026	1.27423969	1.37293411	1.19757500	0.97008032	0.68036780	1.48750765	1.22319673	1.16326747	1.30256552	1.23855233	0.52004151	0.80532451	1.54438782	1.66486699	0.89253857	1.17902090	1.29363965	1.00108816	0.88600633	1.08220567	1.41985618	1.18544759	1.02717922	1.14936062	0.50914324	0.99553838	1.29161429	1.26529579	0.98717373	1.34488513	1.08385421	0.94816101	1.32580475	0.98156762	1.10675951	0.93816043	1.18797640	1.18293633	1.02221979	0.98779307	1.09640949	1.40653491	0.81344662	0.74152888	1.25089606	1.10830939	1.43976879	1.19940593	1.65850237	0.79133455	1.28247866	1.10575620	1.13501431	1.43360590	1.38720941	1.52379401	1.52288065	1.17148904	1.00925487	1.48109022	1.14326473	0.81177958	1.54596641	1.35045334	0.81034278	0.94350262	1.49224796	0.75387532	1.09285561	1.52570977	1.02356220	0.96768113	0.91384834	1.57466360	0.90964706	0.82286229	1.49532641	1.35343105	1.42186813	1.58078515	0.57167992	0.65937210	0.33687216	1.33990003	1.06596297	0.95214931	0.80163210	1.11028990	0.69059742	0.75295031	1.32161198	1.11082791	1.43654563	0.99617266	1.06189197	1.16212171	1.10574547	1.30903412	1.22078254	1.30216775	1.21423313	1.37606240	0.53954449	0.97835991	1.62021857	1.11512147	1.30720229	1.24581543	0.85158736	0.47037702	1.00125865	1.69873416	1.13818253	0.80358391	1.40567144	1.13179556	1.28461290	0.90436436	1.03346866	1.10042079	1.35613122	1.03061794	1.13051710	0.95659217	1.27564067	1.40182492	0.94421766	1.24916249	1.02259939	1.26737235	0.91646346	1.33712978	1.05452401	1.25428920	0.96251530	0.99188148	1.23746532	0.88575358	1.36027926	0.61998081	0.91426265	1.16698030	0.94753941	1.03063518	1.31117788	0.65828877	0.87799692	0.66300632	0.45055875	1.57820944	1.06270270	1.50376346	0.49768121	1.24026974	1.18466044	1.19313925	1.48677315	0.37316689	0.78281644	1.53100401	0.41292419	1.21663511	0.86985351	1.28732669	1.17546094	1.48104384	0.54697851	1.40740559	1.15500568	1.29314336	0.78974122	1.55456284	0.78636443	1.50840932	0.81854275	0.77415072	1.12099828	1.37948499	0.66229919	1.31087185	0.83754062	0.98739469	0.95340283	1.16250794	0.39314163	1.65323596	1.11104407	1.13777498	0.82130434	1.18986162	1.53686111	1.61746160	1.30909051	0.47993278	1.14884774	1.51646032	1.42064915	1.03220488	1.30232167	0.75688307	1.20987800	0.81172733	0.97943401	1.17318915	0.55192579	1.22143874	1.06046695	1.42396090	1.19137227	1.06223299	1.13905992	0.90378811	1.49953007	0.54359076	1.46529440	1.01528144	1.53692297	1.18475407	1.57772596	0.55741293	1.62488374	0.94490652	1.60684781	0.89185142	1.35912795	1.53710040	1.33983810	0.62008015	1.29658047	1.26301940	1.70306067	1.41337711	1.24845442	1.13506783	1.39176931	1.52649384	1.25397822	1.60618469	1.48158606	0.93105396	0.93321347	0.74253621
02_256	1.16239299	1.15216475	1.26610673	0.96050457	1.50599846	1.72820893	1.53836884	1.12069915	1.31710306	1.00377933	0.89658921	1.00174205	1.12081820	1.03797839	1.27283579	1.19459767	1.55608007	1.10264353	1.17218224	1.40347787	0.95533515	1.31110037	1.14128582	1.07795139	1.36190314	1.34873163	1.43076718	1.39148166	0.77209466	1.19737289	1.36479057	0.65454674	1.00656456	1.48664682	1.53582330	1.13684742	1.54354459	1.23942620	1.59874641	1.50038635	1.22437732	1.48884992	1.11589358	0.77522766	1.21067973	0.96380480	0.93261408	1.29759120	0.83157278	0.84221688	1.15054176	1.32262278	0.83368107	0.56400882	1.04180197	1.38410995	1.28627516	1.38043975	1.45121422	1.30121534	1.43563469	0.78981187	0.98409555	1.24636673	1.10146118	1.31367733	1.49771060	1.16473345	0.54877780	0.46131577	1.16371205	1.44634982	0.94039689	1.09272987	1.32020371	1.24942599	1.14006810	1.36882340	1.20511036	1.09354405	1.12093716	0.68046109	0.85903158	1.05746168	1.55803474	1.47441334	0.89165366	1.07180723	0.80911469	0.73428000	1.03638598	0.33175103	1.18628434	1.04501396	1.41441370	1.25959059	0.59692282	0.93566095	0.40551796	1.23274377	0.54511509	1.19682102	1.36023178	0.97239214	1.25727922	0.87874949	1.82553162	1.11906598	0.77667994	1.24447784	1.41611349	1.20869195	1.02119027	1.58965357	1.24714655	1.06484959	1.30217357	1.57757119	1.42942394	1.14269006	1.13405215	0.80605692	1.07106558	1.24270893	1.17337709	1.00370617	0.75636544	1.18060605	1.20506852	0.67939814	0.89148911	1.76864326	0.97575059	0.73387109	1.29608661	0.91493651	1.44686763	1.38800701	0.39903129	1.14859444	0.93939164	1.43696457	0.82557270	1.23561446	0.66278834	0.63499673	0.96547853	0.65694937	1.19138013	1.24414389	1.46115077	0.50013508	1.08545952	1.18425318	0.95175860	1.31032781	1.14958551	1.01476306	0.88732667	0.89452824	0.65012829	1.34927940	1.25024172	0.77960051	1.10524807	1.60663873	1.22348416	0.75917109	0.79754575	1.43522216	0.80702657	0.50387286	1.51823605	0.70100408	1.02476660	0.84648543	1.35547309	1.18985227	0.85559698	0.85905163	1.57026639	1.18982554	1.31339911	1.44793571	0.46578544	1.68516948	1.10809980	0.94123510	0.34215719	1.61010956	0.68362880	1.58441405	0.87659600	1.40393491	1.46655123	0.26223757	1.14634446	1.02117092	1.22605294	1.06271011	0.74537993	1.18465546	0.90469400	0.76253719	1.11551474	0.91500245	1.03555287	1.23890295	0.33728955	1.74292359	0.95588070	1.65466133	1.46611731	1.41391920	1.28349303	0.70938431	1.09561565	1.78657684	1.02157167	0.97826574	0.31948596	1.47741785	1.54047504	1.39579345	1.21613876	1.12175226	1.40230974	1.61360127	1.33076189	1.54532848	1.17944236	1.46097112	0.87423671	1.29182676	0.60000930	1.81644483	0.90205201	1.06100721	1.10665237	1.29693462	0.40856258	1.06192855	1.00814581	1.26479203	0.95252303	0.98346741	0.58759238	0.91787730	1.43952326	1.26910922	1.51612125	0.90081017	0.70156535	1.23372877	1.23153994	1.23301148	1.07643944	0.54769570	1.31298805	1.29324761	0.69904447	0.95505980	1.12504499	1.27140225	1.36636752	1.44426696	0.68134549	1.43646454	1.19474517	1.19890451	1.16383128	0.82070196	1.61494502	0.61813511	1.40704499	1.33015498	1.26657973	1.08991362	1.46784079	1.12116040	1.23397272	1.29402288	1.23187690	1.25029038	1.34827548	1.17458276	1.15041400	0.99505892	1.49799516	0.92125444	0.81025752	1.40333087	1.23166459	1.23650028	0.80325868	1.51380418	1.19737016	0.77241966	1.13484150	1.24180677
02_219	0.81158184	0.79079226	0.88377107	1.04024613	1.07600001	1.36103801	1.23070590	0.97826642	0.85373432	0.55448183	0.56488577	0.71259454	0.88225645	0.71332210	0.79722146	0.85676898	1.22598767	0.82778748	0.82919936	1.19318895	0.88721410	0.82379508	0.87111961	0.93734757	0.99263842	1.07535427	1.04546520	1.13129562	0.69314613	0.86564524	1.31641045	0.69995599	0.63572910	1.20693865	1.28046952	1.20508175	1.37344346	0.80818756	1.23825170	1.09129455	1.12247129	1.23842506	0.83016240	0.74915821	1.01871891	1.10438320	0.85212628	1.14203851	0.64485473	1.02703116	1.02694992	0.98835255	0.65478860	0.92332053	0.66686367	1.26249679	1.01226573	1.49195565	1.16990807	0.87300196	1.33041338	0.52082114	0.97546749	0.73820616	1.22002604	1.35209529	1.31869620	1.01560264	0.91559556	0.59186180	0.70339790	1.11478251	0.72616784	1.16484778	1.21436709	1.04334555	1.15404971	1.37708659	0.83611967	0.89707723	0.84675634	0.73172890	0.98021518	0.92663765	1.35517796	1.13541079	0.69834387	0.84795840	0.38910409	0.94225440	1.14787977	0.60487827	0.91813589	1.02874129	1.23782752	1.26442015	0.59531514	0.84230696	0.51169209	1.26894139	1.16812603	1.24029990	1.06155938	1.00086620	1.18692243	0.52961760	1.50165467	1.03315970	0.47047037	0.97860307	1.26483892	1.05410144	0.96695049	1.60424426	0.80783254	0.90888669	1.56484062	1.15942270	1.25930628	1.16266886	0.80617429	0.40775775	1.22763246	1.34475589	0.81299060	1.07371899	0.89319109	0.64732559	1.42171443	1.09049579	1.11421488	1.51620262	0.75178082	1.03593877	1.19362011	0.62314455	1.64727917	1.20325983	0.92805407	1.41272067	1.39484493	1.06556808	1.11615203	1.12356224	0.85754808	0.41051906	1.23462910	0.69647204	1.33939141	1.29386872	1.19892714	0.77057104	1.05412290	1.22412571	0.66003256	1.36706673	1.28578076	1.00227650	0.79041679	0.43801633	1.17127540	1.52975194	0.74377030	0.91889839	1.27411768	1.52308713	1.14910283	0.86884344	0.64912658	1.10456911	0.72939717	1.13477858	1.13687085	0.35412968	1.05817763	1.06561093	1.51523480	1.35843190	0.61336958	1.18252769	1.70685769	0.95914644	1.20418448	1.16893902	0.69616647	1.72845111	1.24316203	0.85244686	0.73752058	1.58116178	0.63129085	1.71568148	1.20170902	1.38366111	1.27303814	0.82185567	0.81163437	1.09305078	1.30662460	1.17765323	0.71866107	1.15344095	0.40545336	1.08274700	1.22305007	1.39942793	1.26828621	0.87089845	0.49211125	1.49872084	1.08688064	1.78236381	1.40139980	1.10478780	1.26922663	1.11960291	1.11219414	1.61252710	1.32108166	0.96483240	0.86804539	1.15823376	1.58284002	1.60083928	1.46847676	0.90295273	1.44207794	1.41381638	1.46902445	1.23065027	1.15116452	0.99281082	1.36770427	1.38091283	0.43948840	1.82069899	1.19364302	1.17552909	1.08487175	1.18699403	0.73130312	1.05687373	1.27446233	0.79005667	0.95533722	0.95669007	1.21250209	1.07938154	1.53028916	1.06414461	1.25554142	1.12925075	0.83878361	1.09577273	0.87711868	0.99792795	1.11934989	0.96255521	1.16066989	1.44699075	1.21620921	1.21401686	1.38995853	0.91139488	1.52900003	1.57528129	0.29148240	1.41194956	1.22881853	1.12386915	0.92388881	1.11078378	1.26588829	0.73503308	0.94174985	1.06669831	0.97585298	1.30838541	1.37831822	0.97965872	0.79756173	1.34145955	1.21118097	1.08129933	1.12981771	1.53355320	1.27501506	1.29518268	1.36552355	0.69861337	0.81507244	1.53539629	1.56355678	1.11140583	0.71970220	1.39066287	1.16213056	1.10492286	1.13445446	1.59346699
02_168	1.36284939	0.93667374	1.32729839	1.70862788	1.21422686	0.71365430	0.51671870	1.65077307	1.04102028	1.20940102	1.36676690	1.18484295	1.52773144	1.39436578	1.10850825	1.01599755	0.65344704	1.04158870	1.21915357	0.99250164	1.63135684	1.01882475	1.41657412	1.58482005	1.30212077	1.26314133	1.35267564	0.80025589	1.23575962	1.41433944	0.95381052	1.49380529	1.10468288	0.92428260	0.69280962	1.17386548	0.81459442	1.07493538	0.77671958	1.23963618	1.05742546	0.68254370	1.09350776	1.45177270	1.11220162	1.73423253	1.11924967	0.97011017	1.02767525	1.44903140	1.19234695	0.46039665	1.37156853	1.30600503	0.98962827	0.86274808	1.29554531	1.47408784	1.39166652	1.09630331	1.32501209	1.33838193	1.55375090	1.00844350	0.93396669	1.15548362	1.11125703	0.97059310	1.54486838	1.41126424	0.94258247	0.34719806	1.04875356	0.94995998	1.06961318	1.55254746	0.99822264	1.31753508	0.88225064	1.10132197	1.23699961	1.34698564	1.56985331	1.18886684	1.17551421	1.13375546	1.22445944	1.11805868	1.10588868	1.45403395	1.09076963	1.36491253	1.25423659	1.47280737	1.18588998	0.91177860	1.49289146	0.95455277	1.41247266	0.66137728	1.68800718	1.56939067	1.20520083	1.05987729	0.68564771	1.08037668	0.91838581	1.62426155	1.12963999	1.56581704	1.52210116	1.06435934	1.00821803	0.87380647	0.94752965	1.04948539	1.27903904	1.29959322	1.34527395	1.49959931	1.13300265	1.26769871	1.50492881	1.23778859	0.40867250	1.55160973	1.17147879	0.97196688	1.57433525	1.24854059	1.24100677	0.84494479	1.31537487	1.32494029	0.62334436	0.98176606	1.17880158	0.54690773	1.54487626	1.67432067	1.87812412	1.28491410	1.53585168	1.60325875	1.42928013	1.30301674	1.57597218	1.43929137	0.99627528	0.92135638	0.78625000	1.40039123	1.16991933	1.26818249	1.02865004	0.87997797	0.88648263	1.13969855	0.67784596	1.02636266	1.65369909	1.40114672	0.68043921	1.05062243	1.35329734	1.09921709	1.51137349	1.44146959	1.20281524	0.37849588	1.26654827	1.66016190	1.19170702	1.20500744	1.13556540	1.38855594	1.62281855	1.43888890	1.17253432	1.45237560	1.50594332	1.47808015	1.20499028	0.73693382	1.36618227	1.25192415	0.88758266	0.88044725	1.30681288	1.10004382	1.23940663	1.28745330	1.45917068	1.52595254	1.18145142	1.54569328	1.10569381	1.73146036	1.41824837	1.37257603	1.43673244	1.28059772	1.17397639	1.45648314	1.44667511	1.61147434	1.67243134	0.44261819	1.41445186	0.92058691	1.59519888	1.41179432	1.40131971	1.37200375	1.22084170	1.71319693	1.29600422	1.22006710	1.74743615	0.88375799	1.46617943	1.34309222	1.19236743	1.12916726	1.56070663	0.97735745	1.24492518	1.08131001	1.56169816	0.52151730	1.58803486	1.14334501	1.51210297	1.66082021	1.18241433	1.29890688	1.62471792	1.33719169	1.52758286	1.43904928	1.13412045	1.19821700	1.70860430	0.93983641	1.30737062	1.13689560	1.73793259	1.28950644	0.97848899	0.95516925	1.27256012	1.50955767	1.39866322	0.60658133	0.99834354	1.49606346	1.19004906	1.47289718	0.92618501	1.62500810	1.50222963	1.41179439	1.80461026	1.28199953	1.63013998	1.06339798	1.16587104	1.50988486	1.39023678	1.46770944	0.96610567	1.57781334	1.36899942	1.20439216	1.11696052	1.59444750	1.04088240	1.75820591	0.61876411	1.59424858	0.63143656	1.59640922	1.25192604	0.64202740	1.16111124	1.95167428	1.17693231	1.29632927	0.88233930	1.24531954	1.30937477	1.66200894	1.43153973	0.73677376	1.35386049	0.78693751	1.17180164	1.36535102	1.65021628	1.97965491
02_38	0.67498871	0.42716640	0.62215272	1.24143938	0.64942691	0.64410574	0.61914902	1.04342124	0.62932120	0.62832717	0.86159006	0.72554433	0.87170981	0.76347289	0.51654641	0.69711782	0.61933751	0.85586063	0.75047007	0.79056417	1.12436157	0.63986498	0.76859167	0.96161514	0.69866682	0.84276824	0.66237748	0.72964636	0.95240137	0.71345805	1.06054974	1.06601129	0.85125131	0.75596828	0.71647332	1.21223880	1.01565892	0.71037705	0.50745742	0.66366756	0.98738825	0.87364833	0.92994342	0.98671299	0.77808393	1.28361487	0.73288598	0.96561813	0.65975972	1.17792964	0.95741153	0.51413596	0.86554127	1.21885836	0.52005475	1.07483693	0.99680953	1.33328407	0.95037883	0.56309669	1.04844070	0.80372843	1.08027080	0.57207860	1.12932348	1.05982746	0.96715396	0.95544546	1.27356390	1.08543641	0.73271109	0.75648901	0.59143008	1.11396315	0.90099712	0.87222567	0.81648851	1.17399628	0.76124590	0.88649250	0.71509130	1.08673438	1.08560756	0.77895425	0.80435935	0.50538241	0.86841925	1.01680061	0.62080764	1.18345722	1.27713917	1.14867703	0.81086924	1.13988871	0.94516591	0.94345107	1.16740152	0.80075539	1.19630942	1.12842400	1.60508704	1.07305255	0.69520808	0.93447883	0.93129297	0.79598239	0.78020369	1.05874106	0.81890544	0.86466407	1.13940698	1.00467271	1.11646012	1.23937410	0.66087647	0.84081053	1.42694583	0.72126130	0.92000631	1.17026473	1.07063198	0.89203984	1.31225900	1.12832458	0.55034296	1.06409536	1.07040911	0.61260192	1.51468451	1.36624239	1.12027133	0.79678923	0.68599061	1.23288002	0.95478695	0.88497056	1.56514185	0.98203784	1.32104321	1.46606345	1.61929483	0.76356656	1.35622564	1.13599301	1.08149596	0.89086356	1.27916107	1.05285266	1.22870089	1.07872694	0.62699117	1.19852321	0.97742978	1.14661550	0.58448326	1.09356655	1.15159393	1.07651684	0.82441330	0.69897791	1.48512930	1.39741401	0.55733022	1.03070763	1.44753411	0.93105547	0.92439342	0.99933639	0.78666603	0.74785816	1.10807504	1.56853580	0.62528653	0.87429446	1.16909455	1.17133672	1.49780339	1.41880201	1.06719657	1.46801554	1.36738342	0.85980213	1.00212260	0.63770208	1.11132954	1.23245629	1.05848308	0.84614092	1.18013477	1.09992357	0.88868270	1.45788741	1.44284618	1.20911602	0.77203467	1.39436207	0.87196376	1.22507808	1.19915497	1.36096658	1.09144758	1.05534451	0.67183634	1.29200933	1.12500645	1.58165190	1.34556343	0.65315221	1.17659131	0.78117315	1.09896673	1.50390160	1.09477621	0.69319461	1.24056787	1.41276959	0.94868473	1.17532500	1.36716817	1.03921756	1.31955066	0.79976405	1.23937630	1.56135420	1.35720900	0.88569455	1.08943490	0.80853442	1.30578909	0.55579286	0.99778112	0.57372898	1.56435943	1.21171895	0.85832337	1.28065019	1.28754010	1.40232258	1.13706873	1.02481353	1.08187903	1.00645424	1.36471091	0.73564147	1.19132025	1.03680891	1.64492829	1.20276363	1.42337955	0.97360845	0.78383419	1.13654092	1.15509988	0.85783656	0.67210697	0.79752095	1.19226628	1.32160114	0.68681684	1.34919696	1.55623722	1.47656613	1.39789847	0.69327233	1.51322501	1.40800036	0.80787101	1.17445007	1.25041681	0.91064562	0.90212589	1.28547060	0.79748825	1.01726159	0.62403290	0.88996411	0.89527925	1.34798306	1.05971197	1.04599758	0.56440803	1.13575350	1.13387025	0.83094400	0.81802972	1.63639991	1.18860377	1.47817723	1.24541872	1.14433207	1.06537901	1.51535803	1.63700227	0.98660300	1.22060238	1.00379237	1.16749928	1.26927227	1.23976700	1.69790186
02_144	1.38599823	1.13332287	1.43481654	1.50897232	1.59459891	1.46523883	1.19720257	1.53854967	1.46001182	1.23486427	1.21376034	1.11093067	1.42252284	1.30474770	1.39521278	1.41657551	1.27271739	1.34513738	1.51987061	1.20454355	1.53350191	1.45746200	1.30054954	1.39366766	1.57933212	1.55215220	1.54678973	1.12234102	1.30495911	1.40851252	1.32910967	1.26621057	1.45429631	1.51939024	1.32046180	1.22858114	1.47506190	1.50737125	1.37923206	1.57499817	1.18302368	1.43769506	1.46452161	1.28051114	1.08479990	1.47338666	0.88271778	1.00749114	1.00893795	1.24005042	1.33175963	1.13855596	1.05957839	0.93706233	1.07067093	1.43211124	1.68153137	1.38906429	1.72575904	1.37354416	1.45768131	1.25138546	1.46087027	1.36324907	0.63612111	0.78477523	1.57207477	1.38139419	1.16606585	1.18558055	1.28876128	1.31404541	1.12838613	1.02936794	1.00652688	1.39900157	0.75354932	1.44048162	1.46078813	1.33001592	1.38373094	0.77903935	1.12990774	1.01201221	1.32825384	1.41391904	1.36960545	1.44801284	1.17607374	0.70563554	1.10971480	0.89888479	1.50456921	1.48557538	1.59152103	0.65242412	1.38590030	1.13273702	1.24162629	0.85978415	1.01973152	1.10497784	1.34774691	0.58145986	0.66955019	1.33411377	1.59418183	1.53118929	0.94679874	1.45824401	1.75004492	1.07336467	1.18753482	0.96385244	1.29272640	1.08092636	1.01717915	1.65519089	1.42383236	1.50422585	1.58021895	1.14660399	1.39507086	1.03091800	1.04415469	0.98792113	0.51709686	1.32560270	1.42075440	0.85320415	0.34886049	1.39223098	1.16739944	0.80595844	0.81603499	1.23635077	1.22391469	1.31635158	0.94586135	1.36432970	1.31008841	1.66139000	0.63311097	1.70555259	0.74995635	1.04937643	0.77235911	1.32122700	0.34367321	1.07079073	1.15611822	0.77789359	1.07599641	0.97706435	1.05116254	0.57962548	0.56556018	0.81933311	0.84376561	1.06159594	1.02089098	1.33678377	1.26170131	0.34598979	1.21938158	1.12766151	1.21163926	1.13436181	0.91005037	1.14766947	1.41745379	0.96680316	1.51998364	1.32777200	0.99226430	0.63023447	1.51184579	1.31618233	1.44303166	1.16869763	0.99329872	1.55118865	1.12468794	1.34837958	0.76671865	1.10427702	0.73939547	0.64268618	0.78521981	1.06427225	0.78329694	1.35507624	1.14996069	1.54744723	1.27965873	1.15321379	1.51616256	1.51074980	1.24383611	1.39779239	1.39147254	1.30922466	1.16278566	1.10200405	0.87709224	1.06367377	1.37788912	1.15270251	1.19405613	1.42039277	1.10247572	1.47701361	1.28337190	1.47289217	1.00835522	1.25370124	1.17646378	1.78846811	1.06791443	1.15986804	0.77469529	1.64398916	1.38651307	1.16503139	1.18971109	1.10945963	0.89532491	1.37803894	1.32249972	1.25072978	1.21538794	1.54340700	0.97600361	1.15066279	0.87929141	1.23143224	0.83407783	1.36633623	1.57993956	1.55031541	0.65218417	0.83858218	1.36253717	1.33983834	1.43734541	1.17901875	1.11276260	0.58886107	1.27211091	1.08347402	1.44254503	0.92651089	0.72662082	0.75522859	1.25404145	1.41133405	1.04441784	1.07898662	0.98093338	1.36003619	1.00389344	1.17744175	1.16809773	1.55379902	1.53965401	1.15447673	1.18457194	1.47094970	1.44238375	1.20240724	1.14510282	1.21891940	1.64745329	0.86703910	1.53145075	1.52673069	1.23518381	1.34107299	1.02086483	1.62079787	1.18773600	1.19602110	0.99948124	0.84541209	1.25511134	1.41829264	0.58539746	1.08784739	1.56118775	1.53880728	0.85050251	1.60408038	0.94843608	1.07385643	1.49654009	1.04533307	1.01045113	0.74530910	1.63308279	1.51523063
02_94	1.06111944	1.03290636	1.05599338	1.20948146	1.02118772	1.30449217	1.19193835	1.27431318	0.75163865	0.89486916	1.03999035	1.11912273	1.19805533	1.08131475	0.85002415	0.66939432	1.28404396	0.46733401	0.81157024	1.38917720	1.17997029	0.74190453	1.19011829	1.21738320	0.99527346	0.86580919	1.12299166	1.30917626	0.82407929	1.12520538	1.19405603	0.96491140	0.56505514	1.13033687	1.22062034	1.31719857	1.17964838	0.68833881	1.24030423	1.01725198	1.34754461	1.16002925	0.54075126	1.02773930	1.29768640	1.21746639	1.03081115	1.37953873	0.88381770	1.13335268	0.61230320	0.98796433	0.99294379	0.96109631	1.00354880	1.16209158	0.84085093	1.55140586	1.02682258	0.82368104	1.51623719	0.89829591	1.03977186	0.76695724	1.18641292	1.39934735	1.30658499	0.68588344	0.88459584	0.80978869	0.59452995	0.99150462	0.71989285	1.15321049	1.40191017	1.24792898	0.98944705	1.42933887	0.66304216	0.48515206	0.79613301	0.89632139	1.07720946	0.72569632	1.47060017	1.17173520	0.62001006	0.49723106	0.60929937	0.96939217	1.23889001	0.78731682	0.79029914	1.26091675	1.16246832	0.94863227	0.96004422	0.90684550	0.82890546	1.02005093	1.01600048	1.31157215	0.89806693	1.12142785	1.16293155	0.46450656	1.43799356	1.21493309	0.71786070	1.28651884	1.09022868	0.61039859	1.17277926	1.20816929	0.62921884	0.47705643	1.30598138	1.11041073	0.96584333	0.93767742	0.61875989	0.91796410	0.85103381	1.37191318	0.85598742	1.13333321	0.98152905	0.68530162	0.92294004	0.91990655	1.05403699	1.36772310	0.91302340	0.65562314	0.81484310	0.25866797	1.24416688	1.04177895	0.88117777	1.05397381	1.26161352	0.96994706	1.04931434	1.14275712	0.91246937	0.86151190	1.16072940	0.84505969	1.12591582	0.92377080	1.30139598	0.85325180	0.55138342	0.74371604	0.51466380	1.20898454	0.90403960	0.60782344	0.54901684	0.62450939	0.98271501	1.42690189	0.70622637	0.92765471	0.65846704	1.40687309	1.29739314	0.85991238	0.73755624	0.93077894	0.57844383	0.98162491	1.02040193	0.62986626	0.49316923	0.85633878	1.02731714	0.79726236	0.55359500	0.70123618	1.65696536	1.08296842	0.79326584	1.17244144	0.81354398	1.46976556	0.95799934	0.58248145	0.58355633	1.19570103	0.88038748	1.30071001	0.70762272	1.04015719	1.43392796	0.86784458	0.57324420	1.24333017	0.84925445	0.65751124	1.04023307	0.68133085	0.84535870	0.71711462	0.97479097	1.24640315	1.06576662	0.64908584	0.82382326	1.33031632	1.14041521	1.37360396	1.00918520	1.09662163	0.76511325	1.07684381	1.22971934	1.47346131	1.22377117	0.56318114	0.81976450	1.02771129	1.33233309	1.18861255	1.37609423	0.42240079	1.48081279	1.19066589	1.08913970	1.15361362	1.20266798	0.92949165	1.19103507	1.25360644	0.66418838	1.54790370	1.10780955	0.60782063	1.03823605	0.94996164	0.73719475	0.67972895	1.26799194	0.64782239	0.60224510	0.37202155	1.04633070	0.81159486	1.13777975	1.34986091	1.02761984	1.04322494	0.92334747	1.08919576	0.60231753	1.16826434	0.52934788	0.72368011	0.88395688	1.06611716	0.93606985	0.69557987	1.30148011	0.91274216	1.04414215	1.11390411	0.62098213	1.04067840	0.75189800	1.06361119	0.50399940	0.96173446	1.15417372	0.56986762	0.86013711	1.32584149	0.65739424	1.21579459	1.05269853	1.14859110	0.82658032	1.23584606	0.78090406	0.99325436	0.83181502	1.40815952	1.12216977	1.11935342	1.17967682	0.64669756	0.85313632	1.07821382	1.43170057	0.72341353	0.75344676	1.05306486	0.72668100	0.95939761	1.34496804	1.45169870
02_193	0.56639811	0.71259873	0.68347465	0.91780391	1.09320811	1.40562449	1.28268670	0.72191205	1.07424024	0.51636016	0.44936213	0.54530194	0.53191162	0.42175310	0.85580867	1.11210017	1.25293361	1.16082387	1.02189822	1.07906607	0.83720231	1.08677193	0.44630043	0.53949618	0.98886184	1.16393596	0.87443996	1.10749882	0.95646806	0.55401872	1.45748628	0.68035660	1.11708251	1.34964159	1.34588080	1.32344515	1.59400432	1.12214140	1.21955442	1.06972425	1.14697921	1.49179031	1.24898634	0.65958956	0.80629095	0.93587709	0.56055965	1.10317865	0.64376304	0.99042619	1.17119704	1.15186596	0.26646417	1.00656961	0.60186537	1.54895131	1.32053204	1.36575658	1.27294521	0.91518124	1.20745558	0.49479328	0.90527852	0.94995869	1.20282875	1.04316727	1.41736174	1.34613884	0.93091811	0.76080152	1.06153829	1.43796550	0.72908822	1.30371136	0.99680855	0.55301019	0.91245280	1.35098140	1.26351485	1.15020947	0.86958310	0.59403926	0.55496965	0.73655021	1.08555177	0.94218433	0.96866969	1.29522988	0.61650891	0.63122528	1.37459899	0.71562412	1.05710472	1.07401372	1.35126779	1.11915756	0.89712404	1.00583642	0.92585979	1.45322633	1.20517285	0.64850268	0.94879057	0.77852841	1.17310141	0.98883386	1.49269510	0.82973859	0.60018111	0.52435146	1.35055565	1.17988569	1.26620922	1.60577311	1.04451464	1.00928525	1.51699026	1.12953233	1.12594674	1.20361128	1.38841453	0.59763894	1.30744954	1.14914888	1.08945635	0.46132396	0.76729481	0.95795498	1.53454562	1.26482262	0.80934731	1.44357329	0.37561090	1.03495421	1.31818091	1.11095302	1.82301067	1.54469789	0.86326242	1.34009605	1.21435750	1.15502237	0.84537142	1.15914477	0.46056499	0.42271415	0.77413316	0.82594901	1.26065140	1.39493011	1.10693158	0.72213294	1.07441466	1.15573251	0.68634775	1.25649845	1.30508597	1.04324741	1.07968887	0.70781740	1.09335779	1.50061665	1.10431669	0.82913901	1.51514720	1.23458463	0.56345002	0.65951681	0.46285616	1.34993861	1.19331713	1.15496800	1.06953400	0.87051288	1.24446178	0.78723417	1.55372400	1.48837166	1.22548291	1.39305136	1.27257295	0.84115655	1.13746422	1.26033949	0.59346105	1.45583626	1.24607945	0.90458592	0.85979723	1.40279140	0.37510127	1.74513399	1.35903939	1.33124579	0.98271925	1.04858758	1.22436719	0.88190687	1.23015237	1.46875692	0.90845104	1.21016569	0.49804482	1.12073617	0.84275728	1.34820733	1.14120605	1.23217561	0.85733183	1.40900880	0.56042385	1.77916772	1.19996791	0.84160264	1.31905342	1.01173073	0.89840109	1.71990115	0.85500309	1.33494333	0.86421869	1.14288031	1.57709402	1.81237392	1.21867694	1.12147759	1.07249276	1.28155253	1.28812521	1.28661965	0.55640742	1.05220574	1.38102666	0.86212431	0.50533896	1.55373132	0.72228419	1.52075740	1.14696508	1.17555341	0.85033984	0.93942811	1.07357461	1.12224936	1.31452547	1.18449789	1.25939825	0.95674898	1.78982808	1.13167170	1.09615180	0.70860448	0.64277475	1.15450376	1.01422220	0.57980039	1.26969572	1.07283400	1.00874495	1.28112728	1.36189711	1.45278731	0.90694749	0.96247720	1.58129968	1.71263759	0.71496023	1.28139551	1.39091604	0.67872009	1.16402135	1.01936494	1.15125881	0.82162713	1.08306173	0.65022739	1.16269461	0.99938606	1.51686030	0.93644740	1.08942331	0.87120344	1.15930159	1.16291401	1.06271978	1.25673044	1.10309757	1.49046951	1.75979337	1.30937565	0.72736716	1.59021995	1.56983818	1.37017635	1.25443319	1.42648554	1.24729801	1.00125976	1.11809099	1.38294436
02_237	1.04423560	1.09867928	0.98996017	1.11361634	0.81323119	1.17667072	1.19707125	1.19963397	0.67151314	1.05010568	1.26968508	1.29591764	1.19268070	1.17609737	0.83132250	0.38706311	1.27541307	0.38679983	0.51643086	1.41704174	1.10744544	0.71226931	1.25028977	1.21304489	0.72758578	0.48813446	0.97227388	1.40567274	0.77016592	1.10604536	1.02834516	1.03722426	0.45578331	0.82316172	1.09273332	1.34571900	0.94787863	0.48333328	1.12439252	0.81661445	1.41389743	0.99930631	0.33995121	1.04816661	1.41084318	1.12654830	1.16877077	1.58612581	0.99151336	1.10768669	0.37798753	1.01962014	1.23660301	1.14194029	1.16836307	1.00709342	0.36845226	1.45883694	0.57164336	0.79297327	1.40840983	0.99270487	0.86643146	0.84196236	1.41591952	1.55359094	1.01986328	0.38012412	0.97552590	0.95923715	0.81512016	0.97909962	0.66043671	1.22246767	1.51971941	1.22758994	1.06079305	1.27033835	0.42691286	0.27291523	0.59641605	1.33177821	1.15202688	0.84958419	1.39959195	1.00769617	0.42393363	0.35933994	0.73864290	1.34954675	1.38986764	1.17677802	0.42484731	1.15688852	0.78124994	1.13396045	1.07130911	0.86833363	1.08425875	1.18673587	1.31116168	1.37519786	0.80947043	1.40064540	1.41305407	0.45244075	1.21667651	1.06773995	1.12378053	1.28604995	0.61428062	0.90196544	1.31643664	1.30380053	0.77734315	0.62492831	1.31858290	0.89130921	0.74300341	0.60655168	0.56377538	1.25317444	0.64044919	1.38989729	1.02188095	1.30336670	1.36853067	0.84949309	0.80694546	1.16791142	1.37317986	1.22090628	0.97233253	0.95117073	1.07351689	0.54363008	1.26065324	0.99548847	1.13315421	0.92909300	1.29307029	0.59606536	1.47786256	0.79983242	1.24094236	1.17119398	1.39695084	0.82989933	1.45566380	0.84419230	1.32087890	1.27294894	0.63002327	0.94872496	0.68488627	1.42344814	1.15576820	1.03991938	0.81772969	0.99473135	1.17759788	1.30878050	0.87809617	1.32505742	0.85064227	1.35436959	1.31640395	0.87101931	1.02065047	1.07999834	0.51789100	1.29702445	0.82263601	0.71503287	0.84251873	1.21197440	0.80588847	0.74617597	0.62448469	0.87648835	1.74223654	0.85659554	0.90519783	1.01939725	1.21993026	1.43345021	1.05222807	1.01570721	1.02230499	1.19208530	1.24021184	1.13474780	0.85028647	0.69730606	1.39049868	1.12532898	0.25967732	1.13139148	0.73979668	0.57323190	1.05251825	0.46130750	1.10862943	0.78885763	1.16305194	1.35092341	0.91782295	0.80991447	1.09914902	1.13555036	1.20932799	1.14179303	0.95217435	0.94605634	1.10435332	1.11928502	1.17628398	1.09263508	1.32847109	0.57092294	1.22686096	0.66507875	1.10323308	1.27168523	1.31136415	0.72230781	1.58857957	0.96771866	0.92084482	1.09345055	1.23197959	0.79031079	1.34489931	1.30393661	1.07229700	1.48730877	1.34910406	0.67500396	0.72083569	0.54924891	1.11640132	0.99443678	1.18364239	0.86218805	0.40721307	0.43992509	1.30109167	1.26045079	1.13826306	1.58587562	0.85069670	1.15955655	1.37118485	1.35790544	0.69812208	1.11685875	0.83182996	0.91348807	0.92372042	0.91992657	1.19451305	0.90835925	1.37718400	0.64315079	0.80710466	1.13030299	0.86757242	0.79493761	0.52794575	1.07212327	0.80207035	0.95883585	0.93264915	0.93300537	0.75402015	1.29240927	0.90045824	1.17346909	1.18760382	0.94325084	1.00442470	1.26050923	1.06117840	1.25370396	0.84336136	1.40053615	1.44476863	1.30009978	1.06267226	0.65932639	1.27081308	0.83044581	1.67862194	0.91084028	0.78568178	1.18225341	1.07683817	1.24844442	1.18354623	1.40785306
02_75	0.93758523	0.89431373	0.97008869	1.29935841	1.11080001	1.36902330	1.19368138	1.23335903	0.89768522	0.67393338	0.73521708	0.85580397	1.05789069	0.86118425	0.82919039	0.99222263	1.25609761	0.86867895	1.06960566	1.28893744	1.23713386	0.87315621	0.96048629	1.08795878	1.12792800	1.14741230	1.09683726	1.18122158	1.05265022	0.98251860	1.45467820	0.97678977	0.94820383	1.38451082	1.33953664	1.42373689	1.49554856	0.97546620	1.26454281	1.09522420	1.31146181	1.41061906	1.00159670	1.03165210	1.08894868	1.30619941	0.84048807	1.16658114	0.82253921	1.24735948	0.98347712	1.03500095	0.64422577	1.03783957	0.77595227	1.47588498	1.26463368	1.63541862	1.33200967	0.83051925	1.54106462	0.81649114	1.19974058	0.75750466	1.10884929	1.19032792	1.54803049	1.15806347	1.02928949	0.88359797	0.65745280	1.19461067	0.82367527	1.28073944	1.21731058	1.07458457	0.93620080	1.58419708	1.06996265	0.91361717	0.95695020	0.41297441	0.96184633	0.63149187	1.38063390	1.16051907	0.96133584	1.00892345	0.62417692	0.56771004	1.33619653	0.60808716	1.08908398	1.38608386	1.47089233	0.87093246	1.05397301	1.08114417	0.90269764	1.16592686	1.08121790	1.09134933	0.91607801	0.83008624	1.00615487	0.82664497	1.54919740	1.26434070	0.28942757	1.09581723	1.44029306	0.65544637	1.24609597	1.29954822	0.68588040	0.65952056	1.47293011	1.18098782	1.11642623	1.27464686	1.09193629	0.59369313	1.24058369	1.35562000	0.87069862	0.84091184	0.63638743	0.67537589	1.33474592	1.08106479	0.76725990	1.43631253	0.76133708	0.75041147	0.85612773	0.70836538	1.56376754	1.33766888	0.88827746	1.33104261	1.37268067	1.20985903	0.65310563	1.40539717	0.57378579	0.57603777	0.90190626	1.02422347	0.96392156	1.21812951	1.21985653	0.55293646	0.78498563	0.78996397	0.50430617	1.09059583	0.96003615	0.46633793	0.72186401	0.34789634	1.06456983	1.62347752	0.75877758	0.62861416	1.07371162	1.35994504	1.09727879	0.91661802	0.41909230	0.98006113	1.04520638	1.02725338	1.09363580	0.84982485	0.72061084	0.58618709	1.42092008	1.21020763	0.99354430	1.07930001	1.48165253	1.19067757	0.81883189	1.31831679	0.49336351	1.47365510	1.09966606	0.35738266	0.57016763	1.23886066	0.46205428	1.61383451	1.08140181	1.33958225	1.33065035	1.00293818	1.03674083	1.31705437	1.10198049	1.18580622	1.15646663	1.04904683	0.56175578	1.01171728	0.79562220	1.37472871	1.29530022	0.84004293	0.86618137	1.43303298	1.00522347	1.70412211	1.08216268	1.07722507	0.77326204	1.20748758	1.25279796	1.79048797	1.11943057	1.05111614	0.71142675	1.23847264	1.60502845	1.50757237	1.45703937	0.61908193	1.29841541	1.30337307	1.30795414	1.22547674	1.02552035	1.01250808	1.34045777	1.09292686	0.31346558	1.55110847	0.87992618	1.14914918	1.34816370	1.26384068	0.69082293	0.56085835	1.39528258	0.71838773	1.13048750	0.86288916	1.17707621	0.53119457	1.50805762	1.16475548	1.11217259	0.95999700	0.48349703	0.96086708	0.72326929	1.06702074	0.80397135	0.97604895	0.89797675	1.29761974	1.16188606	1.06154154	1.21339225	1.10837306	1.46032673	1.43815601	0.67004998	1.28557725	1.22200893	0.96902450	0.68677119	1.15772849	1.24860872	0.61320632	0.99885704	1.19129934	0.74823176	1.29347433	1.20304658	1.30679680	0.86030251	1.14681186	0.77073417	0.92235491	0.91728358	1.50319941	0.94355769	1.34583163	1.57475795	1.10466747	0.53887013	1.49642432	1.46748948	0.99015720	1.11917553	1.13625954	0.77428139	0.93952786	1.50064224	1.60395323
02_205	1.51191195	1.43635411	1.57012928	1.22055018	1.67782111	1.78262501	1.59423273	1.48224859	1.49180888	1.40886096	1.39614335	1.41271128	1.50962678	1.46579713	1.52663087	1.28348127	1.66690132	1.15092561	1.34801278	1.58697107	1.31241927	1.49988140	1.52820757	1.44753909	1.55397801	1.41081193	1.67466628	1.57327878	0.99161841	1.55263341	1.25021669	1.05086837	1.18078752	1.50630344	1.54571479	1.18395115	1.42239224	1.39287692	1.69890544	1.66567801	1.40353947	1.46686087	1.17072058	1.13974037	1.49253912	1.17591650	1.19221313	1.51934667	1.12609965	0.98082839	1.09950721	1.41972062	1.28538103	0.65680376	1.39698210	1.29795571	1.34750720	1.37929970	1.52611121	1.50466573	1.58369878	1.22567284	1.17636973	1.49306007	1.06786625	1.38614655	1.50664472	1.07026791	0.68664228	0.87153150	1.36398221	1.45424458	1.11590185	1.04334704	1.50355946	1.57213519	1.11122490	1.37892310	1.27413433	1.09027717	1.29373180	1.07506304	1.12185634	1.17470143	1.70285947	1.64311624	1.04627938	1.08839793	1.15155927	1.00397988	1.06538522	0.81668950	1.29857732	1.27203049	1.41419322	1.14418227	1.05103348	1.04240703	0.89856447	1.03177558	0.41995723	1.39263301	1.48411998	1.16755322	1.29354796	1.07798266	1.85010233	1.39074002	1.17737024	1.63015519	1.42850782	1.19880914	1.18380901	1.31829978	1.41330049	1.07688538	0.96326539	1.74972293	1.43155636	1.10311494	1.22819676	1.31629534	0.87252738	1.24883165	1.31844006	1.25362260	0.99225990	1.44140250	0.85350508	0.42613111	0.95955971	1.73776115	1.29672638	0.56654269	1.17486355	1.02577508	0.99232660	1.29840474	0.56988043	0.90102606	0.84427482	1.56896587	0.98945375	1.37275522	0.96701642	1.15689113	1.05613765	0.95321791	1.06162296	0.97447069	1.59483384	0.85938035	0.99422337	1.05959966	1.14543234	1.21386319	0.88410941	1.02034709	0.88304930	1.24462852	0.52312136	1.17421012	1.43680435	0.93004736	0.75998659	1.57174315	1.47961895	0.94876895	1.11528578	1.46480230	0.89520737	0.40089089	1.65125229	1.05280270	0.88190579	0.90198808	1.04331042	0.84380227	1.02084658	0.47538579	1.53568508	1.43564886	1.27459160	1.50320161	0.86977893	1.50210643	0.86489902	1.00957449	0.53205971	1.41915746	1.10022892	1.19454787	0.48023143	1.29288809	1.64586792	0.57103895	1.22996539	1.26635695	1.04008493	0.79208884	1.10671209	1.05391263	1.35655356	0.53929242	1.12898146	0.64407038	0.95343676	1.29189152	0.87909607	1.70597018	1.17013178	1.27611354	1.38740863	1.60979084	1.16929668	0.77178301	1.23363135	1.69159595	1.07184519	0.79172309	0.56700331	1.58302665	1.30438791	0.93594728	1.10874746	1.14281342	1.46104866	1.57301225	1.12465366	1.57928142	1.40364660	1.64747940	0.52837975	1.35989471	1.02423573	1.63730581	1.01115954	0.77242823	1.18010909	1.29318443	0.61014615	1.06096076	1.04663545	1.44932641	0.86842357	0.86068931	0.40314911	0.93780969	1.06206118	1.52881976	1.57150634	0.97868169	1.03848895	1.30572099	1.34545944	1.53464157	0.90481338	0.44556029	1.29491035	1.10263675	0.22981907	0.60917094	1.17907089	1.46508313	1.04376090	1.02805138	1.08094014	1.32626648	0.99845746	1.35683736	1.19713940	0.79631770	1.74269304	0.76398842	1.58713556	1.67933309	1.34641950	1.12835106	1.29490964	1.38070401	1.41479879	1.36986163	1.17131244	1.30061649	1.38637280	1.10781878	1.12748499	0.75307700	1.35511004	1.06999079	1.09612474	1.12335872	1.02397827	1.11865887	0.98705640	1.38748011	1.13345858	0.73689083	1.35659502	1.13498335
02_104	0.56084387	0.86421171	0.45897202	0.93707006	0.48751281	1.08821613	1.18844461	0.77625074	0.70471391	0.81161116	1.05771415	1.06394763	0.71430327	0.79750133	0.60014618	0.64401569	1.18730676	0.86074066	0.49937318	1.22795895	0.89449752	0.78041497	0.78942121	0.76089482	0.28623351	0.47969765	0.37785580	1.30136511	0.93240652	0.57765466	1.24801483	0.96299521	0.86231756	0.86904973	1.10233332	1.47778730	1.24113363	0.68039530	0.93966738	0.45452185	1.37912414	1.22359247	0.90762089	0.88776788	1.17414647	0.96059128	0.97408659	1.52472325	0.91188221	1.11895883	0.76659773	1.09131566	1.00260874	1.34009394	0.97283651	1.33563405	0.73890080	1.39256951	0.49008546	0.61117152	1.19256568	0.80010514	0.70900663	0.81242556	1.55475693	1.41549598	1.03391046	0.97473710	1.12753465	1.05802290	1.02252003	1.26650603	0.57631736	1.43909902	1.33923430	0.64723850	0.99745458	1.23960342	0.88881122	0.78512977	0.40599443	1.33242340	0.89647138	0.74634404	1.04188511	0.50837417	0.68622192	1.00597910	0.71462328	1.31791761	1.63916844	1.30619192	0.45635678	1.08793869	0.82794734	1.22393904	1.16603994	0.99530128	1.29779859	1.54771912	1.59835579	0.97516736	0.54464168	1.34188377	1.49716858	0.81989015	1.06278821	0.69467355	1.14230856	0.71786602	0.64931712	1.17840923	1.51924729	1.56313136	0.90746565	0.87865912	1.55090699	0.49415974	0.55766366	0.76047290	1.14967430	1.19914148	1.01303293	1.31670892	1.17755927	0.99139252	1.41392789	0.91491186	1.29240637	1.54527168	1.36909508	1.11010592	0.58272019	1.24416770	1.37857770	1.04300133	1.75236588	1.38924223	1.27960452	1.14494143	1.36746400	0.35532734	1.51202938	0.66274960	1.15745064	1.09494737	1.27676892	0.88857866	1.63258061	1.20882581	1.15493926	1.36688019	0.90347973	1.15233196	0.67932883	1.51993887	1.46131632	1.27611940	1.18613483	1.04817746	1.38175286	1.43236278	1.05455125	1.41784489	1.45162844	1.13871531	0.81920955	0.75728604	0.92669598	1.31152726	1.04914241	1.57189909	0.44682880	0.92084108	1.28541953	1.24941431	1.18968835	1.26710104	1.14757958	1.41634723	1.53947715	0.37800492	1.00619863	1.00371090	1.27138291	1.35991257	1.30518802	1.20369523	1.29176889	1.22820407	1.15475272	1.46924423	1.35885666	0.76623612	1.02510784	1.40967255	0.80983867	0.87175166	0.93774291	1.23998727	1.07584655	0.80718026	0.96940453	1.12722130	1.05865026	1.57479403	0.96958043	1.14842150	1.28150509	0.99400808	0.89825285	1.42901711	0.88857073	0.28917949	1.40020333	1.19359579	0.98221428	1.17730154	1.15622111	1.19558056	1.41968892	0.27380602	1.26601152	1.79575839	1.25494283	1.06350210	1.38934986	0.79217478	0.97468372	1.08369382	0.75522235	0.54135902	1.63627727	0.98243408	1.10328818	1.39626383	1.22981205	1.37066247	0.74642968	0.51747126	1.33826456	1.10531993	1.10750212	1.05441165	1.05258998	0.99456400	1.60337837	1.40732046	1.67230584	1.56973344	0.53709294	1.01194643	1.38103118	1.46570639	0.80914947	0.52377148	1.26775468	1.24653873	0.87397781	0.99499492	1.61554781	1.47065195	1.16125637	0.31524649	1.20815198	1.59531152	0.97413061	0.78161124	1.02987184	0.67014124	1.13173950	1.06171131	0.50525478	1.14343598	0.65696418	0.70796747	1.11953313	1.02257811	1.49851318	0.66582875	1.13531635	0.93993248	1.23694339	1.38886911	0.81380216	1.35702924	1.52032151	1.69023203	1.54112790	1.19580769	1.30574162	1.19784290	1.92822404	1.33053810	1.22827721	1.38241374	1.36450891	1.40116657	1.04219408	1.41771978
02_151	1.56767409	1.55285925	1.54590365	1.55480519	1.43233213	1.66477636	1.55833452	1.72675976	1.20925474	1.45870296	1.59478878	1.65787517	1.68818363	1.61301868	1.35325044	1.07131068	1.69603267	0.82914805	1.24934105	1.82474857	1.61763624	1.21702074	1.69278554	1.67023627	1.41823694	1.16469317	1.56759346	1.75402343	1.25020244	1.62592063	1.41391913	1.39466840	1.05523116	1.46907995	1.55280968	1.63306488	1.38988313	1.14400528	1.64130465	1.41403315	1.76591821	1.48044713	0.90419105	1.47412987	1.76762318	1.51735048	1.46110141	1.81435488	1.37608846	1.44226541	0.77997031	1.41313794	1.49171451	1.22465490	1.55378004	1.42208631	1.15951713	1.80319636	1.32834438	1.27764576	1.90680592	1.43144758	1.37781610	1.28356959	1.42180735	1.68686424	1.62481256	0.90991410	1.10965191	1.23274766	1.09267671	1.34403160	1.16378198	1.41916908	1.80855044	1.68646013	1.21268125	1.72044896	1.08533816	0.76947878	1.20572954	1.29383525	1.40241625	1.03116990	1.85885589	1.59060048	1.04280933	0.81369265	1.18616997	1.24692208	1.53892210	1.17997893	1.15916774	1.66002432	1.46127161	1.05250337	1.42630727	1.30738781	1.27884565	1.14225744	1.02747099	1.61398696	1.23338013	1.48543337	1.46725212	0.99871718	1.76758512	1.60959125	1.24919736	1.77895357	1.30623942	0.75871354	1.57789546	1.15756070	1.08968215	0.73610882	1.28436810	1.50316501	1.14528789	1.08970540	1.00862635	1.49086075	0.81613016	1.63048689	1.33160026	1.44382322	1.31492384	1.23217505	0.62983577	1.00819365	1.26881559	1.62829335	1.38333656	0.64147695	0.93738203	0.78688195	1.07424671	1.30890993	1.07310053	0.93805471	1.28494082	1.35229195	1.22086253	1.46380837	1.23616298	1.40410653	1.31851781	1.25434531	1.21672925	0.95004022	1.72095826	1.17418316	0.62597334	0.68453817	1.00188395	1.36876195	0.88938820	0.74633666	0.89060942	1.20067911	0.99742459	1.55192323	1.22527851	1.23673051	0.06615883	1.63014370	1.67983594	1.17853225	1.18600723	1.26318241	0.93226769	1.00819483	1.39296541	1.18605279	0.42503041	0.99588254	0.78474450	0.44870286	1.00673456	0.43773850	1.82229748	1.51064276	0.87803137	1.56193896	1.18011077	1.51943882	1.04429174	0.89689278	0.84062130	1.19291916	1.34955753	1.15174802	0.43646273	1.07633800	1.85199551	1.12455044	0.98402554	1.58413693	0.76635426	0.49044773	1.49845822	0.71860514	1.44341816	0.69814948	1.08412447	1.25246818	1.14270751	1.06643378	1.28318404	1.58382676	1.43771109	1.22978926	1.04163345	1.49127071	0.69109240	1.24209604	1.58948158	1.68857066	1.34968183	0.73620844	1.03455333	1.36693832	1.40509124	1.01992596	1.49964043	0.71611418	1.76331173	1.39842684	1.02380702	1.51828100	1.53292368	1.37822778	1.19168762	1.40919152	1.18169077	1.58459566	1.27168359	0.36569348	1.32164361	1.15696718	1.06953199	0.82189821	1.46872741	1.13477298	0.76195613	0.48692335	1.04751653	0.93381010	1.06704653	1.82691932	1.29423515	1.25029745	1.27331141	1.44661691	1.01279457	1.62079237	0.42549087	0.83318309	1.12783989	0.99938943	0.87520237	0.36470842	1.44018319	1.36368894	0.81242377	0.95645818	1.21048252	1.07809244	0.71753807	1.37352017	0.81721326	1.11557922	1.50441862	0.91521568	1.32272761	1.80992953	0.98918262	1.38184961	1.17865811	1.56870852	1.34033621	1.45137147	0.83616627	1.33964379	1.09568836	1.47002427	1.30278658	1.20918236	1.38484791	1.06489880	1.23572047	0.91077603	1.50167005	0.91266336	1.12580201	1.18909281	0.80523623	1.12085062	1.72959220	1.49488416
02_155	1.45721474	1.46244897	1.49201494	1.22344135	1.53938188	1.76874258	1.61789706	1.47643428	1.34803773	1.36786808	1.41062432	1.47633717	1.49225769	1.44789131	1.41560555	1.14890830	1.70856010	0.97096352	1.23099234	1.69392947	1.32498926	1.36114328	1.52345521	1.43661020	1.43355927	1.24247847	1.56927950	1.67053299	1.00667745	1.50799831	1.31904630	1.06975527	1.07678807	1.48322649	1.56857455	1.37060903	1.42935443	1.25430406	1.69615557	1.52708545	1.55652889	1.50084909	1.01173352	1.17858010	1.58747352	1.17235783	1.25489922	1.66696419	1.17931374	1.08691710	0.88708572	1.44392407	1.29578229	0.82896705	1.44556107	1.37843028	1.20772133	1.52082430	1.37507239	1.37023567	1.69917886	1.22600425	1.12881748	1.37618728	1.24433936	1.51064714	1.54376940	0.97382516	0.69416328	0.90479630	1.24465910	1.46389824	1.06276273	1.22002404	1.65268406	1.53431260	1.12634255	1.50904812	1.19550273	0.91037371	1.16448299	1.10901834	1.10680154	1.03569037	1.75134956	1.59944504	0.95729945	0.92857199	1.10896934	1.00592378	1.30358137	0.87283199	1.16805283	1.35911720	1.41043071	1.11490641	1.12050543	1.13028609	0.98043400	1.13248109	0.51673763	1.39036597	1.32793483	1.29511378	1.42358790	0.99775557	1.85561005	1.36391462	1.18064552	1.62299340	1.28075055	1.01438616	1.37050496	1.30295587	1.29528882	0.89332079	1.09950248	1.60300162	1.26486987	0.96067314	1.12149753	1.35648176	0.69267124	1.38459261	1.37199854	1.23818538	1.08453657	1.34714521	0.60041141	0.64997553	1.06253756	1.73403950	1.26620138	0.40168238	1.14138780	0.92782729	1.06212566	1.37608633	0.64794496	0.73364532	0.84706131	1.44830603	1.01581852	1.30291050	1.01363462	1.21816207	1.04687469	0.99231343	1.15658604	0.94575025	1.68720779	0.88060803	0.82070667	0.86356907	1.07045998	1.30239792	0.93296260	0.90753009	0.87260108	1.23024229	0.51365205	1.29924970	1.39287585	1.07446906	0.55034392	1.61528865	1.49837112	0.93489685	1.05522408	1.42975270	0.83999067	0.54145827	1.53586737	1.06069962	0.67796112	0.88706378	0.84232689	0.58920550	0.99229362	0.21024219	1.64096433	1.39235224	1.06756696	1.57368961	0.92236568	1.52378089	0.98261587	1.00554967	0.60242243	1.36278636	1.18779230	1.16742829	0.31765996	1.09694182	1.74190075	0.73064784	1.12810214	1.29408381	0.84443944	0.59521892	1.20763027	0.88824552	1.38553436	0.47672115	1.04294644	0.80309338	0.90300724	1.27832034	1.00946223	1.70562778	1.19889306	1.26347377	1.22567029	1.53064300	1.03336635	0.86112878	1.37232318	1.71579299	1.08810096	0.81379908	0.72600853	1.47595177	1.37202952	1.06754601	1.20126535	1.02308579	1.62204371	1.48274221	1.02295302	1.63341076	1.40116579	1.55496004	0.82235243	1.27137184	1.08643892	1.61505060	1.06299714	0.64355619	1.17000576	1.19649999	0.84967302	0.99226144	1.15777048	1.38987996	0.74141965	0.75614733	0.65127332	0.97545233	1.19002538	1.74080508	1.48079867	1.06446713	1.15586384	1.48650902	1.27665547	1.55388415	0.83081119	0.60880543	1.30853372	1.02561225	0.61936206	0.28658392	1.24798931	1.43390174	0.90677548	1.14372601	1.17387454	1.23231119	0.93704413	1.36626884	1.16417305	0.92325703	1.69039228	0.92039057	1.54394557	1.73754589	1.32851552	1.21982118	1.42963860	1.42283453	1.51149691	1.43419871	1.14418123	1.47781252	1.36374035	1.25388832	1.35155852	1.12406819	1.49277894	1.07312528	1.24280272	1.06109816	1.40049423	1.22727309	0.93559694	1.48799161	1.15550026	1.02626130	1.47933892	1.30171598
02_221	0.94092712	0.93404993	0.86282983	1.47545952	0.66818676	1.06602779	1.06377850	1.34537023	0.37252420	0.76612590	1.03548811	1.11271996	1.18197706	1.02349736	0.49847484	0.62901016	1.13593120	0.58124474	0.77283924	1.38062727	1.35699385	0.31515756	1.13188304	1.27614348	0.81049689	0.81807758	0.86886233	1.26309171	1.11380176	1.00729167	1.41557700	1.24644764	0.65055220	1.09328439	1.17589463	1.60892144	1.27980553	0.48510830	1.02650893	0.68546123	1.47840667	1.18378055	0.66986208	1.25210340	1.31368994	1.51863126	1.17354078	1.43107690	1.02840554	1.49467813	0.83782486	0.90239270	1.07034824	1.44132773	0.93210560	1.34931673	0.89188831	1.81981728	0.96635262	0.49891215	1.60568698	0.99385882	1.27646547	0.35981437	1.49485282	1.56870504	1.37652004	0.93800646	1.37952814	1.18396847	0.30146118	0.92116413	0.84258204	1.47416058	1.47164087	1.20582949	1.20510052	1.64669683	0.64983783	0.69233093	0.80024679	1.14491350	1.34075824	0.83168612	1.41813792	0.97381507	0.85599690	0.74202896	0.65999269	1.29152714	1.58409704	1.19129530	0.82039387	1.48554489	1.25421760	1.15915112	1.26053746	1.14699901	1.20832584	1.33896870	1.63395171	1.46053157	0.72743063	1.32563069	1.30391014	0.63710654	1.25080788	1.34222081	0.79708362	1.20722794	1.19265364	0.72957336	1.41463499	1.42556620	0.22794042	0.67045974	1.74609361	0.76065673	0.96562732	1.23929348	0.73866008	0.94162759	1.30700804	1.62952956	0.80643322	1.32137896	1.28284552	0.26516741	1.43436238	1.49516555	1.39706481	1.24730907	0.93960279	1.21642158	0.98037899	0.54922497	1.70279581	1.17902258	1.41709337	1.52617860	1.77682845	0.77416558	1.42311263	1.29205338	1.23528725	1.00985830	1.50294182	1.18163132	1.45095040	1.27064354	1.23048905	1.24448678	0.86803461	1.04476302	0.54994968	1.44299290	1.29808132	0.90366191	0.88002556	0.56556269	1.56126720	1.78820318	0.33322912	1.25470156	1.22193824	1.45650676	1.35909109	1.19051846	0.87947682	0.80024141	0.98542214	1.59898433	0.71320016	0.84544870	0.93868636	1.23833201	1.45461238	1.29944862	0.85791078	1.34561602	1.87003711	1.10063155	0.88777607	1.13464718	1.18416114	1.64205577	1.34705574	0.82202731	1.15178734	1.32252995	1.07443416	1.66099343	1.34694238	1.24982077	1.40597598	1.42098686	0.62733887	1.49059535	1.19322724	1.18761116	1.30751761	0.98179989	0.75683115	1.30037844	1.23762728	1.80501959	1.48741788	0.55596846	1.21049308	1.22237599	1.39461793	1.71916947	1.10666861	0.91836347	1.01173101	1.57048590	1.44209886	1.51996179	1.59488848	1.02068165	1.35989084	0.87143492	1.59664208	1.66634402	1.75001590	0.55009487	1.64011324	1.13460149	1.43044940	1.02179827	1.30705820	0.49329080	1.77465680	1.44365835	0.88598789	1.66718375	1.47466456	1.16974611	1.29747891	1.09922350	1.22408764	0.93779159	1.66012360	0.21322313	1.05367426	0.84980125	1.68034066	1.18446117	1.53403150	1.38880332	0.88164361	1.39800652	1.22059547	1.19420158	0.40104515	1.12056460	0.97426222	1.33202637	0.92928762	1.42890554	1.59091367	1.30438474	1.64325721	0.79406756	1.47904153	1.52552150	0.79583807	1.22669046	1.14680362	1.15340829	0.58562468	1.43268862	0.89700089	1.02381338	0.47093776	1.24026484	0.58653156	1.56901005	1.22014745	1.27252764	0.65929260	1.41263217	1.00706522	1.07834287	0.79657369	1.85105552	1.41750563	1.63708994	1.37854069	0.93726062	1.09862526	1.48018413	1.89694726	0.95092320	1.10678819	1.14237787	0.98540889	1.43827511	1.56750268	1.90425867
02_175	1.08820902	0.97721766	1.18208377	0.68596318	1.41874166	1.43785624	1.27292693	0.92126820	1.34631102	1.09702749	1.05410025	0.94854688	1.00685208	1.03931176	1.28975811	1.10009908	1.26290103	1.15137659	1.05419851	1.02856847	0.77067729	1.37172401	1.04491776	0.92764915	1.22303610	1.20619619	1.31061746	1.11873588	0.55622118	1.11290496	0.84908056	0.59503038	1.07272480	1.10081120	1.14434606	0.63764512	1.13980154	1.24530669	1.30081982	1.42098935	0.82611178	1.13234762	1.14954385	0.59308507	0.94025306	0.66202859	0.68926432	1.10359458	0.62627569	0.27878500	1.08101667	1.10824730	0.96651572	0.23865596	0.99149409	0.98891937	1.17836372	0.71177718	1.26230309	1.30581726	0.89589003	0.82034600	0.71870174	1.32878264	0.82178875	0.95969453	0.99368046	0.98126170	0.47095930	0.56564256	1.35161528	1.27684566	0.74549888	0.65115812	0.99785441	1.11146435	0.81462925	0.75551118	1.14554985	1.09691541	0.99366800	1.04020309	0.70821384	1.06059552	1.12470254	1.21793992	0.84198304	1.13977696	0.91668349	0.96255669	0.75627913	0.76394280	1.05678709	0.59516282	0.98035812	1.11313797	0.72233246	0.53576843	0.76439651	1.00512699	0.76481457	0.94602111	1.29398100	0.84443117	1.09882698	0.98045013	1.45630608	0.84079453	1.10636721	1.15320405	1.15874227	1.37292853	0.81196227	1.35300965	1.39924979	1.13338512	0.80469039	1.47372009	1.29416851	0.88695130	1.27233371	1.12552275	0.90088691	0.65634933	1.11081752	0.97467161	0.85037248	1.34494930	1.10194394	0.56183225	0.84402319	1.41237019	0.95068342	0.83209372	1.28240804	1.13969160	1.13639851	1.14530724	0.57340942	0.92765656	0.71895089	1.32251889	1.11605866	0.96142561	0.87646693	0.93527224	0.90513289	0.61747366	1.10952928	0.87467000	1.14879501	0.86052450	1.12853326	1.25688373	1.06599124	1.05677212	1.03732058	1.27258673	0.85479044	1.20106987	0.66166024	0.68636308	1.36511430	0.87722493	1.26268680	1.19508290	0.99231190	0.63121463	0.93414740	1.38336363	0.89511250	0.78066341	1.42652302	0.86682688	1.20933427	1.03603204	1.20562096	1.14890408	1.05659309	0.97285036	1.14578774	0.99866338	1.33787649	1.08997792	0.84144078	1.27176415	0.77977207	1.14231387	0.80489148	1.38112729	0.93865253	1.15014616	0.97583386	1.16746704	1.08134341	0.66289511	1.19927522	0.76691539	1.11479322	1.09201565	0.61954656	1.12637413	1.15149606	0.77436232	1.13410835	0.50618780	0.78867519	1.28979719	0.77918119	1.39642742	0.82099669	1.21897204	1.40177623	1.31098215	1.50381812	0.59611342	0.61901607	1.31245065	0.91448028	0.91234383	0.80609264	1.34841551	1.02024519	1.19472507	0.61094553	1.33154083	1.04848247	1.27160290	1.10692666	1.30060137	1.08091838	1.48003964	0.60791425	1.14206999	0.99168132	1.40320517	0.98205899	1.21336898	0.84975771	1.12385168	0.67065151	1.25396670	0.63189909	1.50886202	0.96028535	1.10981299	0.84732225	1.22789862	1.23302857	1.22950995	1.44028008	0.82334827	1.13145296	1.20766368	1.38891508	1.17549430	1.31506571	0.77790073	1.23786272	1.16301761	0.86996119	1.08050694	1.05548405	1.23091926	1.23559151	1.26626698	1.01882803	1.32462209	1.21426491	1.17668992	1.42570276	0.77943725	1.57369974	0.98559852	1.50089696	1.30004213	1.53725260	0.99252795	1.41413086	0.98359688	1.36103026	1.24099935	1.46171374	1.31260944	1.43696321	1.07006431	1.26891307	1.00551686	1.31022479	1.12987604	1.23768414	1.33035511	1.20265975	1.34985979	0.91173394	1.51137256	1.49636234	0.95664692	0.81491385	1.12517095
02_184	1.41097516	1.23323390	1.34410853	1.68117552	1.22336329	1.03739623	0.96753987	1.67423760	1.22166063	1.41958931	1.60988152	1.47645529	1.55904754	1.51440899	1.24166177	1.16432087	1.12403836	1.16875293	1.34405191	1.32211436	1.73461667	1.25835016	1.46718606	1.55575422	1.29953990	1.17074836	1.30244971	1.27387182	1.47781609	1.43899702	1.18289247	1.59065529	1.42891771	1.17177358	1.02019541	1.53258788	1.13999943	1.29487728	1.03478497	1.19136284	1.48362155	1.22488446	1.31796711	1.55326014	1.37128139	1.63524435	1.18234389	1.43836800	1.27390977	1.50350452	1.02710224	1.04697473	1.46009971	1.43135255	1.33102471	1.33337881	1.43185068	1.49857864	1.34520782	1.14921543	1.51639448	1.51259190	1.49138166	1.26823459	1.13412918	1.09655243	1.33967551	1.15564103	1.48307704	1.56604025	1.26893345	1.13521535	1.09054105	1.29308511	1.29695439	1.42770075	0.66050144	1.44921861	1.28081765	1.09894498	1.20715774	1.42377194	1.36969101	0.90477376	1.20441579	1.09189024	1.34573273	1.34143781	1.32094579	1.31228739	1.56769196	1.51631059	1.26275289	1.68065320	1.30356653	0.42425633	1.78322384	1.25832725	1.73588361	0.97807233	1.57907319	1.23502556	0.98773875	1.17503689	1.02094305	1.36543879	1.09407961	1.57831710	1.37869193	1.56074555	1.40685754	0.93627233	1.60798646	0.49921594	1.14753835	0.89594835	1.04568033	1.25708192	0.91394649	1.30350748	1.55326760	1.62431629	1.23623119	1.20850891	1.14366734	1.24818954	1.26793048	1.31085818	1.22795944	1.35265764	1.04312693	0.80804721	1.25873307	1.05812520	0.68225552	1.28273689	1.13284333	1.21396410	1.44466684	1.22640008	1.55473328	1.29527962	1.32839386	1.58034359	1.28361591	1.54143756	1.17119744	1.54852030	0.88801968	0.78648391	1.12039344	1.43813571	0.81923794	0.76825385	1.02580884	0.80790415	0.67077495	0.97272513	1.01027022	1.33758823	1.41222557	1.34917962	1.21843561	1.15391052	1.17548115	0.73655175	1.29628183	1.27778816	1.19743606	0.99540624	1.51169410	1.54648595	1.07800497	1.54731248	0.99242502	1.04277477	1.16945656	1.08978520	1.58634548	1.30350769	1.09600335	1.45773870	0.76460004	1.13324498	1.40299807	0.56370807	0.76274579	0.90435214	1.32445957	0.11004227	1.35440217	0.90177603	1.24332191	1.10007328	1.25860465	1.68052659	1.34879537	1.64629902	0.87883884	1.29148278	1.71235268	0.94973693	1.48134379	1.20707640	0.88497024	1.43992603	1.34048617	1.05429377	1.71730624	0.79314508	1.30553858	0.97290859	0.73442849	1.17760894	0.91280005	1.55224834	1.31210930	1.34438996	1.28130596	1.13705072	1.44638793	1.22453466	1.01812823	1.16553538	1.25124257	0.99271072	1.10823475	0.71579874	0.94570407	0.92918502	1.25447987	1.21777982	1.42074258	1.07692685	1.36502182	0.56319890	1.22742075	1.32606743	1.49754976	1.20514358	1.31249011	0.84581979	1.51775801	1.27759240	1.39024492	1.04658088	1.63144350	1.06323435	1.15400239	1.56230783	0.92679034	1.14810004	1.40886750	1.09498182	1.04100869	1.39820004	0.99195994	1.39730850	0.57379585	1.05890213	1.45919298	1.27641986	1.33606963	1.33943310	1.20821672	0.92213811	1.49432853	0.99304594	1.19261511	1.11617772	1.07062644	1.37836303	1.21214740	1.24093325	1.26929683	1.57736307	1.13567574	1.41524126	0.84989180	1.64425365	1.24536480	1.13632671	0.90933765	1.04808886	0.92277126	1.57900962	1.05900522	1.48680661	1.46309594	1.67053900	1.37385938	1.28606616	1.49768684	1.00411807	1.70522050	0.74682692	1.04106629	1.25824999	1.77880713	1.64387395
02_64	1.31573134	1.34827270	1.40086847	1.00185570	1.61586961	1.84239954	1.66247348	1.24040480	1.48059402	1.24512772	1.18324058	1.25020297	1.26456083	1.24020604	1.44236714	1.31811885	1.70592195	1.21871647	1.31177324	1.54957083	1.11092530	1.49587439	1.29375920	1.17990120	1.46452219	1.39090477	1.53188639	1.57058902	0.96841063	1.34127366	1.40455812	0.83148166	1.23316644	1.58505733	1.62946659	1.26221161	1.61091256	1.41105413	1.71552005	1.59376827	1.40374040	1.62761583	1.26646144	0.93658872	1.37729284	0.94255947	1.03510114	1.49688054	1.03015940	0.87672032	1.13456103	1.49436888	1.03285598	0.63055659	1.28615447	1.50302818	1.40029233	1.35746551	1.50577430	1.43348761	1.53079169	1.03225667	1.01150123	1.45189192	1.14164255	1.30502022	1.57941242	1.24025712	0.48915558	0.70956608	1.38274440	1.62507550	1.03910177	1.18305125	1.43620210	1.31530067	1.05987042	1.40398517	1.39374252	1.15182538	1.20280768	0.86056982	0.80834526	1.04031209	1.61787710	1.55256797	1.03084125	1.21572090	1.05051932	0.72146999	1.21339444	0.62740545	1.26888650	1.18969158	1.47495026	1.16766236	0.93192591	1.08601001	0.82255811	1.26882180	0.24363837	1.11015118	1.39182515	1.06422484	1.35635750	1.10765857	1.90574605	1.17883488	1.05287387	1.37678356	1.41438178	1.23363936	1.28698578	1.49144565	1.41888846	1.08094122	1.11817370	1.67212319	1.36330025	1.06865523	1.37160123	1.16408266	0.91087605	1.20998084	1.40595039	0.93425083	0.86276088	1.42050565	0.98392132	0.64938071	0.80628441	1.79450951	1.07995548	0.52547002	1.32275870	1.12500934	1.32773165	1.53680163	0.22106781	0.85902577	0.59980352	1.53474652	0.73817191	1.28247738	0.66194082	0.95983751	0.74861947	0.82423628	1.13097277	1.16384269	1.59320176	0.63231589	1.00452070	1.04241850	1.06809488	1.27346133	1.05119810	1.01232076	1.02197724	1.17431005	0.24793703	1.25731377	1.49438323	0.86890606	0.99350106	1.54380554	1.22124811	0.72123034	0.92240813	1.59139163	0.99703116	0.17769300	1.58887507	1.02441226	0.99005179	0.69536452	1.12717520	0.99834287	1.14250310	0.69388320	1.41897410	1.28148664	1.24197712	1.57942537	0.62648146	1.51527484	1.02268129	1.02090278	0.43488459	1.46457033	0.89372931	1.39985376	0.67344311	1.26522640	1.55025789	0.49074699	1.31629849	1.03377414	1.02554729	1.00038546	1.00701832	1.09282434	1.21371610	0.53957191	0.92711278	0.65188536	0.82372494	1.43398783	0.78211927	1.75487064	0.85867362	1.45627508	1.32206535	1.46157659	1.22527935	0.53684800	1.13243384	1.81978328	0.74245133	1.06121952	0.33851761	1.53011277	1.44628761	1.30767921	1.01707856	1.20623519	1.37251482	1.57269061	1.07888854	1.66355012	1.12419655	1.60274142	0.66619773	1.09196630	0.87684548	1.64992716	0.68376810	1.03664485	1.13096542	1.25817891	0.60489985	1.00052685	0.87605903	1.48701689	1.01049681	0.98309583	0.32319035	0.85926824	1.41850821	1.53891176	1.50863090	0.72204220	0.83220427	1.39236729	1.35251066	1.31940116	1.02911530	0.45264860	1.29525611	1.04778142	0.54241286	0.82446576	0.88220698	1.40361814	1.15084026	1.33834565	1.02432443	1.29429154	1.12429364	1.15347561	1.28275902	0.68149403	1.67557869	0.73558365	1.57494317	1.45877509	1.39719408	0.91869639	1.51331084	1.24088406	1.49243562	1.17057521	1.17786425	1.40056323	1.36934173	0.91922575	1.13182877	1.02578105	1.64690084	1.20824127	0.97331055	1.22545135	1.19000299	1.33458064	1.06807677	1.53373167	1.21093575	0.70543174	1.25114776	1.00901949
02_135	0.87357216	0.83746448	0.85344017	1.35443210	0.86413144	1.17939574	1.07008305	1.24812127	0.61135820	0.62287031	0.81230652	0.91373531	1.06556668	0.87290057	0.59612419	0.77798243	1.14139494	0.67353501	0.88967485	1.28046844	1.25969710	0.57451660	0.98217939	1.13233964	0.93650407	0.95638981	0.93506206	1.15986213	1.03880331	0.93093919	1.40116094	1.06662563	0.75758741	1.21452767	1.21601170	1.47794320	1.36144573	0.71190798	1.09826792	0.85753759	1.34755846	1.26591982	0.80327319	1.09457435	1.14175487	1.38018183	0.94467005	1.23788532	0.85830235	1.33455208	0.86215535	0.90381727	0.78986464	1.20131213	0.76550728	1.38054574	1.06547893	1.69581297	1.13592290	0.59879802	1.53563572	0.83801338	1.20070170	0.48909738	1.24973570	1.32661790	1.43661124	1.01454351	1.16736782	0.98535611	0.37471299	1.01255493	0.76277027	1.33199926	1.28428606	1.08268333	1.00665837	1.58136939	0.83468050	0.74894214	0.82785341	0.74732978	1.10665845	0.63988767	1.35104171	1.01448406	0.85738990	0.83709475	0.53637512	0.90377267	1.41520341	0.86055833	0.92010340	1.40285835	1.33799229	0.94137952	1.11134223	1.06204851	1.00462255	1.19651465	1.33048725	1.22803138	0.75569628	1.02050655	1.08331093	0.66500351	1.36775765	1.26601039	0.44012413	1.09159287	1.30083379	0.58500324	1.28188787	1.30730262	0.36191412	0.56457062	1.57091519	0.94700522	0.98972962	1.22587044	0.88675620	0.67728394	1.23814104	1.45050752	0.74934996	1.02897860	0.92072333	0.37264341	1.35192961	1.24939113	1.03871861	1.29673550	0.76808572	0.93770671	0.83011235	0.53163722	1.59704641	1.21448141	1.11744467	1.39568655	1.54760263	0.97212458	1.01266737	1.32361882	0.86263717	0.71609152	1.16776351	1.05182657	1.15165306	1.19989405	1.16034342	0.87380935	0.74195761	0.84287755	0.36629375	1.20891864	1.06510305	0.58919891	0.72041174	0.24447468	1.28313290	1.67561845	0.45690074	0.88971650	1.09280969	1.35189931	1.17100689	0.99866876	0.57230957	0.81778634	0.96841438	1.28289210	0.85907106	0.77699338	0.75068891	0.86575167	1.40407567	1.21318225	0.87170649	1.16983242	1.63068992	1.10118046	0.77339880	1.17892551	0.80670746	1.50790459	1.16497007	0.47057849	0.81250318	1.21771234	0.70501985	1.60552409	1.16661789	1.26380283	1.31117444	1.17078177	0.79974495	1.36523030	1.09569961	1.14535382	1.18711260	0.95793063	0.52986162	1.10590078	0.95355538	1.56210090	1.35314589	0.60702934	0.98046525	1.28145593	1.14758036	1.67991908	1.02784860	0.93400473	0.79767677	1.35075999	1.29585610	1.63712011	1.31426625	0.97738191	0.99780674	1.02274627	1.56446028	1.54248527	1.56879084	0.44115569	1.41034631	1.17744328	1.32248163	1.06098735	1.10151435	0.71405253	1.52150401	1.21882830	0.51236140	1.56388608	1.13025142	1.10739630	1.28720236	1.14049955	0.89834611	0.64261985	1.48853196	0.35828431	1.05176497	0.77358444	1.39099718	0.79372342	1.47398057	1.19994007	0.93026691	1.12011088	0.80219871	0.98320672	0.43176524	1.01884004	0.79177111	1.09712729	0.80929920	1.31169517	1.32896828	1.14110418	1.37616325	0.89771227	1.43246040	1.42599961	0.61336487	1.20070811	1.12863544	0.97696672	0.48224576	1.23941521	1.01754579	0.71768099	0.68131532	1.14250388	0.51487445	1.37597935	1.12657851	1.24260282	0.63594466	1.20425735	0.77418782	0.88667815	0.74606229	1.63000394	1.09324116	1.43081049	1.43729895	0.97186476	0.71962195	1.44465155	1.62204238	0.86761237	1.07664315	1.04144629	0.75682974	1.11841904	1.49600603	1.70733172
02_254	0.51222129	0.84224517	0.49555515	0.63554979	0.67480214	1.19384947	1.25154071	0.52700372	0.82231105	0.79095105	0.97528619	0.98451924	0.56817912	0.71199877	0.71944782	0.66068796	1.22643615	0.88176634	0.42372288	1.17764038	0.60760097	0.89068509	0.71291503	0.57783359	0.37495817	0.53863774	0.50941950	1.28347285	0.70934020	0.53655332	1.15020155	0.72133976	0.81511094	0.84929168	1.11433912	1.31096746	1.21169601	0.73972057	1.03237248	0.67240859	1.25533093	1.19719236	0.89200920	0.64747353	1.09757912	0.66971246	0.87889829	1.47601799	0.78365927	0.87380939	0.77615544	1.11857137	0.93184916	1.15014017	0.95122200	1.25949289	0.69229199	1.20835460	0.50240809	0.74567988	1.05140519	0.64991274	0.41301679	0.90190968	1.48637429	1.37012853	0.93712567	0.92856754	0.91447805	0.85418093	1.10427209	1.30831677	0.48501063	1.32035301	1.30187272	0.59345614	0.99359331	1.08644084	0.90396139	0.81453956	0.33778651	1.29286285	0.72333362	0.80241657	1.01861419	0.64162205	0.56680462	0.98158028	0.67808061	1.25646648	1.51001608	1.18206149	0.42752711	0.82380370	0.74354519	1.28697587	0.95773357	0.85705722	1.13245612	1.52072904	1.44268930	0.89311367	0.70634014	1.29075643	1.50986360	0.78067482	1.17307456	0.39262470	1.15066685	0.66887307	0.54252999	1.27440519	1.39059943	1.61904777	1.05976402	0.94829973	1.46198787	0.68302040	0.72711578	0.59723847	1.13130982	1.16194003	0.90537629	1.18792754	1.21276338	0.94781399	1.34078257	1.01240936	1.22064533	1.40612049	1.33064816	1.23069999	0.57428709	1.17795707	1.46015596	1.07221217	1.69733943	1.38674299	1.12725965	1.03049086	1.16884711	0.53913773	1.48253924	0.40464422	1.11696028	1.03370030	1.19954447	0.69569395	1.63225560	1.16472459	1.19350954	1.26430823	0.99322900	1.22824531	0.79507868	1.51357071	1.48054814	1.35336026	1.14994222	1.11356148	1.22210273	1.26777324	1.17142281	1.39071548	1.46325329	1.20523079	0.77377193	0.61297209	0.89135159	1.39016346	0.94041084	1.43826669	0.73061787	0.82123530	1.31830002	1.26731620	1.16760626	1.24505088	1.08551397	1.33596920	1.50490995	0.21031708	1.11323230	1.03857710	1.19345019	1.41291544	1.28602471	1.28891780	1.23183093	1.36165485	1.14004733	1.43444063	1.30653584	0.74929223	1.02821339	1.24908309	0.86281462	0.63309989	0.97153096	1.19609251	0.85837386	0.88566342	1.00699434	1.05472916	1.11641210	1.38659897	0.83150111	1.25675676	1.15073924	1.14969154	0.81881207	1.41708711	1.06258075	0.57645549	1.52836441	1.01833476	0.87077509	1.17307836	1.08898699	1.17623677	1.34286963	0.56423267	1.23871512	1.77398983	1.09545323	1.20228651	1.39200116	0.89975190	1.00474569	1.21547147	0.79276862	0.83137808	1.50133743	0.97909224	1.11636399	1.45483351	1.21729691	1.37388435	0.58814255	0.59266013	1.28112146	1.24034062	0.93851366	1.23966464	0.96967855	1.07371139	1.49089211	1.48346680	1.68409134	1.58214130	0.86281956	1.00548975	1.40938643	1.54634335	1.04898987	0.65693778	1.38796901	1.18920714	1.09692841	1.05476412	1.54802136	1.39899437	1.15997281	0.57388927	1.21560814	1.65487090	1.01204358	0.95972790	1.11952839	0.85097131	1.32288130	1.01614232	0.89701759	1.21484874	0.96338854	0.83560038	1.35579402	1.02189316	1.64889373	0.57276915	1.30895525	1.09734564	1.43290840	1.53702585	1.11337122	1.32150830	1.64116371	1.67803533	1.56397520	1.15099855	1.41151673	1.26385725	1.93703535	1.49328701	1.05446248	1.59684558	1.55149673	1.44148833	0.85640280	1.38805534
02_28	0.85349356	1.08125926	0.91110866	0.35929966	1.13366703	1.50786285	1.49336998	0.59424886	1.17934683	1.03920451	1.09811736	1.11345907	0.77030127	0.92719605	1.10789872	0.93700579	1.47198981	1.06887303	0.74488639	1.30976544	0.47903622	1.23339236	0.93964912	0.69660178	0.84985911	0.87940249	0.98842276	1.44341224	0.61282143	0.86154102	1.14876085	0.57208172	0.94612033	1.07562733	1.32562170	1.18113269	1.32058562	1.03916762	1.34523721	1.11979739	1.26249933	1.33449092	1.03933049	0.52842564	1.22063218	0.36021253	0.95197010	1.54977633	0.85459495	0.59885734	0.93196399	1.33202504	1.02391131	0.92020591	1.13075075	1.26062117	0.86270212	1.06762963	0.84086616	1.13522707	1.06972530	0.72318146	0.24475470	1.24307559	1.44003446	1.40537486	1.02896950	0.99552931	0.60923047	0.67190159	1.34935922	1.49154346	0.68367411	1.22512785	1.35765087	0.84948494	1.07378350	0.97787774	1.07675350	0.96025577	0.70386362	1.29270474	0.64988158	1.01407000	1.23474033	1.03186685	0.60438308	1.06794190	0.82971178	1.23103557	1.35781709	1.07620377	0.69990672	0.65795520	0.82642752	1.39530609	0.76577937	0.82121093	0.96130224	1.51634785	1.15667695	0.96311433	1.08799451	1.30590243	1.57167395	0.86862526	1.45347530	0.41569611	1.24275025	0.89011488	0.70826309	1.44954596	1.31147137	1.70961792	1.32709294	1.12181078	1.30157485	1.16471569	1.00552183	0.53660471	1.21098068	1.23475964	0.75470165	1.12495496	1.36695053	0.98046256	1.32591743	1.28888699	1.09367913	1.18966851	1.27883456	1.48962661	0.75844336	1.08732746	1.58247563	1.14822027	1.58323966	1.43338297	0.85703286	0.84121218	0.81036008	0.91159820	1.41715340	0.38269818	1.04123304	1.03051632	1.14662440	0.40481357	1.63118598	1.17441624	1.36511282	1.19724709	1.07321507	1.31978620	0.96948251	1.56114047	1.46499046	1.42574497	1.20991135	1.24816831	0.94723379	1.08920589	1.40816620	1.34632636	1.38227186	1.34961000	0.88655920	0.42868379	1.02414265	1.61919195	0.82674233	1.14669765	1.13239479	0.78473571	1.36402580	1.21934474	1.06167671	1.17021941	1.04031304	1.15840615	1.50041408	0.46500056	1.32843584	1.18449492	1.11303627	1.48915610	1.21322143	1.35726026	1.06982405	1.49893686	1.12832375	1.38765087	1.10088198	0.85737411	1.16306502	0.93356376	0.97822875	0.28791099	0.98814844	1.08312314	0.63682615	0.92279454	1.13056972	0.79866213	1.15695346	1.08172127	0.50590501	1.41993251	0.93853589	1.38776816	0.70071627	1.33743011	1.23263802	0.93561683	1.60672520	0.57620590	0.73472210	1.25632161	0.89796637	1.09934482	1.11826088	0.89562411	1.17556166	1.63143815	0.88083196	1.33047130	1.38029099	1.20555638	0.92042929	1.41166025	0.83904621	1.18102884	1.17234562	1.05599520	1.10006807	1.59442855	1.07027296	1.24614407	0.28721553	0.63621580	1.09273459	1.28837540	0.48819525	1.43360016	0.86259220	1.03463415	1.11089070	1.43335644	1.56873882	1.58496328	1.12359415	0.80091047	1.31973356	1.56568343	1.22714123	0.77470041	1.34896938	0.84342326	1.20723365	0.90593263	1.21021008	1.29588004	0.92123255	0.75625278	1.05541262	1.53256208	0.93571677	0.96695952	0.97512983	0.87316163	1.39322706	0.58647721	1.14905976	1.03157538	1.19023287	0.90679821	1.44370588	0.65442816	1.64581325	0.34157871	1.40119601	1.00218309	1.44300412	1.53912933	1.21269198	0.88554610	1.51900778	1.35751911	1.49226858	1.05943113	1.30994584	1.05913481	1.64826794	1.45898327	0.96525066	1.62465470	1.52851040	1.16036905	0.51150111	0.92284142
02_247	1.38495974	1.06879798	1.35940053	1.61230345	1.36672990	0.94987061	0.78699991	1.58668583	1.36840440	1.38391039	1.50634022	1.28207264	1.47987928	1.43718862	1.32838464	1.28677396	0.89621874	1.34538707	1.42184943	0.98793665	1.64659762	1.39602996	1.36178584	1.47170958	1.39474348	1.35134494	1.36946798	0.95763296	1.40629229	1.40096536	1.01221075	1.50943670	1.50457068	1.12122132	0.84775171	1.23720149	1.06861394	1.42608903	0.91438688	1.34714519	1.14869360	1.09191694	1.46202910	1.44223703	1.08005527	1.57726442	0.98062411	1.08514284	1.11165296	1.34375160	1.25374050	0.89801173	1.37003071	1.27043663	1.15955000	1.18138834	1.55914281	1.21088133	1.49417325	1.27990950	1.22001889	1.43953439	1.48049627	1.36049313	0.80171047	0.71539926	1.19508481	1.24818153	1.45757017	1.49989133	1.38657800	1.06434641	1.08311316	1.01482256	0.91242797	1.38194974	0.53145960	1.19289262	1.35263721	1.29312534	1.29895617	1.35725869	1.31742697	1.05621964	0.94143993	1.06838346	1.40366722	1.48757712	1.32035868	1.27167935	1.27824567	1.44350290	1.37891698	1.50521821	1.25569464	0.49285759	1.68600257	1.08858210	1.65231701	0.80985812	1.56043579	1.13546706	1.17951163	0.89442052	0.69434887	1.42592433	0.98503129	1.52374698	1.34230633	1.47795106	1.54153086	1.19461356	1.34048194	0.56513291	1.30265372	1.12168640	0.86484162	1.40834867	1.17327182	1.41938610	1.65494899	1.52940486	1.39451339	0.88037868	1.00065803	1.20920835	1.10089889	1.39223610	1.45224494	1.23775881	0.87420691	0.71527112	1.23738654	1.16820786	0.77494758	1.39381174	1.10262839	1.08756767	1.40294272	1.38189497	1.54907557	1.43166476	1.30577860	1.60604705	1.22639200	1.43971388	1.13284475	1.49807467	0.71140784	0.81177882	0.80599449	1.38430236	1.08615588	1.07488501	1.12251984	0.50482699	0.64955478	1.15161441	0.98558596	1.34089316	1.42363070	1.13586478	1.25866164	0.96385922	1.41142373	0.47651543	1.17557073	1.26825954	1.19927956	0.99772036	1.56088942	1.52434336	1.23828592	1.52132844	1.22277967	1.09566710	1.42383519	1.34833941	1.62084147	1.44661559	0.76662900	1.45529903	1.08872875	0.93567430	1.33815957	0.42954870	0.59379989	0.95362704	1.32221524	0.52356447	1.23239950	0.97179153	1.39171055	1.33452108	0.96065545	1.61541235	1.47503822	1.57456995	1.15684539	1.47933020	1.57505928	1.20269389	1.41192630	1.30365481	1.02802289	1.32234984	1.40186715	1.08861969	1.62038762	0.74245173	1.24207977	1.05404616	1.08108498	1.26520431	1.19908186	1.50797561	1.06639097	1.26886257	1.27233416	1.17156343	1.39248521	1.37373393	0.90796620	1.12169628	1.08650751	1.20728724	0.69585969	0.83671820	1.14728164	0.76227247	1.23002604	1.35358761	1.27405150	1.15913797	1.31014399	0.54163213	1.20421071	1.51004867	1.50537630	1.35204463	1.16804991	1.03866887	1.41530202	1.39745355	1.50779244	1.24133123	1.60176565	1.12122603	1.10641051	1.21435971	1.13556757	1.09428771	1.33359962	0.79577685	1.21207231	1.35394328	1.22090152	1.40976120	0.66716712	1.25452651	1.42194691	1.45423067	1.31265262	1.39831961	1.43965966	0.94067450	1.44164884	1.23541483	1.38571019	1.15043186	1.23792122	1.36290840	1.34952676	1.22475459	1.38377347	1.48489381	1.29388364	1.39796492	0.76105996	1.59244101	1.16114632	1.13391654	1.12964812	0.84346263	1.10461584	1.53883620	0.87856923	1.31316263	1.35345083	1.70000788	1.31353633	1.49321036	1.22474432	1.03525815	1.71373079	0.75360888	1.20737802	1.13786168	1.62396561	1.60107784
02_180	1.35899158	1.16617145	1.31335486	1.35267105	1.20568229	0.87246753	0.99807469	1.37847243	1.28958762	1.50002185	1.67707343	1.46639074	1.43288193	1.50780704	1.33377277	1.01158278	0.98496653	1.26049962	1.03263677	1.08453582	1.34945037	1.33957578	1.46421788	1.44661677	1.09925883	1.05167480	1.26323448	1.18802408	1.09615338	1.38890697	0.57498466	1.43192949	1.21942582	0.40992639	0.65599463	1.08633126	0.50928442	1.17670463	0.85843025	1.23692296	1.13524213	0.60439511	1.20897211	1.32311062	1.30754605	1.37497411	1.28911503	1.47386984	1.17219748	1.17749614	1.19378105	0.97313994	1.66742028	1.39953610	1.35755196	0.65802597	1.02314894	1.00334563	0.98427410	1.32854721	0.90203063	1.41115099	1.18719115	1.40869997	1.40047395	1.41934012	0.31283845	0.89341529	1.48170878	1.46676160	1.52730347	0.98031110	1.03488485	1.05730896	1.31129557	1.46048765	1.16351663	0.75272781	0.99267488	1.20721697	1.10983610	1.90326014	1.50839421	1.44266089	1.00628526	0.99804849	1.12744743	1.26874839	1.33890872	1.88778302	1.32657560	1.75604286	1.02898688	1.07560168	0.41519033	1.41247575	1.51438537	0.86948970	1.63865337	1.24266519	1.89187906	1.53128323	1.31261698	1.53618006	1.43299336	1.24575901	0.68852005	1.24340783	1.73202705	1.50758077	0.96591490	1.66677241	1.27981452	1.37581179	1.49237902	1.40770320	1.20917240	1.24077227	1.25167191	1.09275145	1.36554443	1.76932608	1.27314656	1.10052351	1.19125957	1.69586573	1.72422323	1.49149111	1.47285874	1.50840065	1.68228884	0.85467910	1.39812446	1.62301968	1.46522368	1.43439508	1.30693709	0.89009045	1.68839960	1.43145040	1.67898114	1.06157564	2.05813432	1.05051732	1.77814107	1.68714538	1.78517129	1.31651546	1.68284689	0.92799554	1.04019533	1.85184306	1.42923326	1.65926154	1.38893100	1.43420266	1.46664991	1.79883175	1.25288159	1.65529717	1.72195571	0.93607863	1.39836803	1.68160981	1.69927662	1.07709240	1.43699784	1.34711952	1.57501937	1.30945186	1.29140615	1.89829107	1.21312460	1.34618776	1.66029403	1.82640065	1.41588818	1.48493743	1.39345507	1.63895454	1.55297437	1.13505627	1.56378490	0.61813515	1.80324853	1.24856454	1.14109745	1.63361534	1.73283454	1.34881658	1.72309993	1.04329690	1.61710765	1.16866946	1.07355346	1.71408242	1.18295678	1.36473070	1.38440308	1.41881660	1.31026010	1.26532025	1.63336869	1.48480919	1.71031859	1.53999888	1.35125401	1.27809554	1.66871638	0.81330351	1.54808727	1.03171080	1.51526539	1.29795808	1.88326744	1.56446299	1.03823265	0.20555784	1.73091306	1.12241185	1.86035390	1.09670043	0.68889055	1.42597243	1.20195965	1.57687442	1.41580552	0.88251395	1.34877173	0.90908535	1.56438299	1.32079086	1.57322963	1.65947450	1.71036181	1.27579282	1.84677908	1.56786330	1.04708758	1.08438631	1.59659976	1.72403481	1.35083926	1.61304358	1.25814529	1.40129105	1.90498954	1.93879116	1.23921826	1.58058383	1.30872069	1.56745518	1.98684923	1.48474030	1.47345310	1.43326187	1.70837282	1.61401529	1.29369161	1.46233155	1.76002962	1.68237542	1.77371871	1.15328564	1.41776043	1.33686813	1.53706595	1.35147130	1.36680728	1.52149876	1.64096924	1.47629362	1.34846333	1.65781606	1.38170121	1.54622048	1.70750190	1.58070458	1.39630274	1.23689727	1.40918741	1.63573980	1.82789852	1.52367256	1.49961246	1.76812419	1.82226290	1.59868468	1.00907542	1.42110806	1.92870039	1.46793566	1.85300164	1.45640570	1.40461431	1.49866292	1.86875089	1.74413633	1.18868709	1.75225791
02_119	1.68989570	1.51092361	1.64930038	1.59499352	1.54652790	1.26761976	1.24523531	1.73967044	1.57364137	1.78249849	1.93749282	1.75745913	1.76024969	1.80882051	1.63293103	1.31132186	1.34910777	1.38679255	1.43512910	1.43437679	1.71315219	1.62650614	1.75285505	1.71848841	1.48800640	1.29718393	1.60770356	1.48944487	1.41617528	1.71696180	0.84237085	1.64460470	1.54440663	1.06383652	1.04935083	1.31929074	0.88822815	1.51310400	1.26890761	1.53361812	1.46762079	1.10952333	1.43109481	1.59050211	1.58155770	1.53770507	1.40907853	1.66694938	1.42701654	1.33265482	1.17318287	1.27950786	1.81152260	1.37007169	1.65349009	1.05416445	1.40221190	1.16516587	1.36239337	1.56336839	1.36634605	1.70380726	1.42750144	1.68498747	1.24382403	1.31252709	1.05538655	1.06994310	1.44434966	1.62424815	1.70017141	1.28425615	1.24928756	1.13168181	1.47248713	1.69302532	0.94216238	1.10769029	1.36237606	1.26963640	1.37448458	1.84852503	1.51893644	1.35945583	1.32431969	1.35149320	1.38314036	1.43162859	1.58718368	1.71385926	1.44428922	1.75287545	1.33504459	1.50354793	1.03640795	1.02153793	1.80283318	1.17769460	1.82041164	1.02592874	1.60772991	1.48263702	1.41057355	1.48723146	1.35021020	1.51026044	1.16824183	1.56926293	1.81907769	1.82048964	1.27100683	1.48455366	1.56514837	0.83330660	1.62862611	1.30528225	0.66699706	1.58046864	1.20628466	1.15891077	1.64774936	1.98762422	1.08811781	1.08731111	1.43465795	1.60015427	1.61461063	1.74034858	1.08928242	1.28205244	1.39760762	1.00936460	1.56531538	1.27909561	1.20108617	1.53828988	0.76820833	1.13107703	1.52552136	1.07046586	1.41313191	1.44680593	1.76711833	1.43749270	1.64214277	1.85192164	1.48533443	1.53120806	1.27853638	0.59785469	1.33112793	1.75216404	1.18144583	1.27510448	1.44424938	1.11982943	0.98183073	1.53147583	1.23241262	1.79084711	1.42089280	0.86079805	1.63913136	1.51455726	1.31558481	0.94094832	1.53752457	1.36084260	1.60417869	1.40949941	1.48415474	1.60691154	1.44968357	1.65526721	1.37260653	1.49530557	1.01507651	1.07663138	1.64615525	1.30454842	1.22974355	1.51362045	1.32093093	1.12290081	1.72630060	0.70887968	0.74592236	1.45162798	1.56354170	0.82383023	1.74250843	0.26098451	1.24366529	1.05609203	1.38222260	1.68880989	1.45781665	1.57578085	1.02258068	1.22837343	1.65917838	1.07972068	1.87357693	1.19845511	1.36603069	1.20330172	1.19005427	1.41140713	1.82256004	0.95962037	1.48484345	0.24910800	1.20331677	1.50909296	1.51151860	1.45661698	1.22994285	0.93854386	1.43776164	1.08608131	1.66091117	1.39169196	0.44658556	0.91911630	0.97411927	1.47483950	1.29014172	0.92065445	0.92111625	1.16876906	1.54879632	1.61042123	1.20930860	1.40971005	1.75022975	0.76342745	1.54363737	1.34290659	1.31273329	1.18436850	1.49006590	1.42338039	1.31805394	1.75784287	1.31492853	1.23903248	1.61159959	1.59137333	0.89412858	1.80213493	1.32975968	1.33381320	1.84924999	1.45196730	1.51891417	1.65813878	1.37363703	1.41338076	1.10781202	1.06877183	1.40922854	1.34299306	1.48881117	1.50250703	1.02052433	0.75591833	1.73877056	1.11645781	1.17720939	1.45858316	1.55050466	1.31878600	1.54636367	1.52480297	1.64178219	1.83112556	1.65368879	1.41487972	1.13639239	1.60668321	1.61966674	1.42898242	1.48553633	1.45629702	1.40207716	1.47931927	1.47851487	1.36528045	1.24073480	1.69270735	1.82064015	1.13079742	1.47994605	1.29757796	1.67278774	1.21465811	1.56593831	1.44121781	1.58507874	1.47371257
02_80	1.33540517	1.11031732	1.27550523	1.43439947	1.13354708	0.72902047	0.87508480	1.42291034	1.20975029	1.45203165	1.64620995	1.43229865	1.43802293	1.48673619	1.25775231	0.97385055	0.87975077	1.21464187	1.03027329	1.04598410	1.41262061	1.25552060	1.44493887	1.46619954	1.07112109	1.03098342	1.21794955	1.11812159	1.14555920	1.36481969	0.63175674	1.47237725	1.19278422	0.39128857	0.57324257	1.13989397	0.49501899	1.12013143	0.73391921	1.15974978	1.14224150	0.55338997	1.17963884	1.36193976	1.27969640	1.45838270	1.27059256	1.41823744	1.16256446	1.25694353	1.17249806	0.87153836	1.63512214	1.43963759	1.29477186	0.66896517	1.03059628	1.10609951	0.99066356	1.25133832	0.95700270	1.40623162	1.25323318	1.32666894	1.36711328	1.38427049	0.42463809	0.88612408	1.53099564	1.49379946	1.43489150	0.86285812	1.01973542	1.07115971	1.25851944	1.44798559	1.11886046	0.84380060	0.93271564	1.16474022	1.10265239	1.85228990	1.53206664	1.38931550	0.98032272	0.92361959	1.13118439	1.24139714	1.29405683	1.85708655	1.33274265	1.74423852	1.02092309	1.17070906	0.48938974	1.32737932	1.54493799	0.88597858	1.64705622	1.18675132	1.91840033	1.53325742	1.24515803	1.48867536	1.33895865	1.20901562	0.52792207	1.30569493	1.65751817	1.48640403	1.02548766	1.57757730	1.27863730	1.28973133	1.37674274	1.34102909	1.23483013	1.17673535	1.19584141	1.15417073	1.32528156	1.71137651	1.31336065	1.13641117	1.07836285	1.67248026	1.68858045	1.39448807	1.50159271	1.52695216	1.63871557	0.70841515	1.35772784	1.61006322	1.35044702	1.36158646	1.30756968	0.80197157	1.70450585	1.48091526	1.74871193	1.00416764	2.01217212	1.12836906	1.73687979	1.64138185	1.77820411	1.34078032	1.61389190	0.92380912	0.93312758	1.83404034	1.35935858	1.59263981	1.29798652	1.37174229	1.39271708	1.70799726	1.20258266	1.55711325	1.75726599	1.04315209	1.26780789	1.61743345	1.65433862	0.99614704	1.41978434	1.35700737	1.53416656	1.18664159	1.29487011	1.91032518	1.10752852	1.32423499	1.59788396	1.76669814	1.42981588	1.47948299	1.36361527	1.64243660	1.53576417	1.14355708	1.49205990	0.48246689	1.77140889	1.19054008	1.09120795	1.52284672	1.69584582	1.24206670	1.65726226	1.06625488	1.60639356	1.19264807	1.01632317	1.72966483	1.11803555	1.42144809	1.36060965	1.41408196	1.34992698	1.21520678	1.54827871	1.48233144	1.65365270	1.60882595	1.39630756	1.13441020	1.65668662	0.64272485	1.54063866	1.04609410	1.43371098	1.21901322	1.77211422	1.60402800	1.04504058	0.23816969	1.72892064	1.07128444	1.83036498	1.02179472	0.69795270	1.38516533	1.27332806	1.45983949	1.35198008	0.81642447	1.33351412	0.71206888	1.52288019	1.18949454	1.60054656	1.64486007	1.63193834	1.22554158	1.80662107	1.52499100	1.09232900	1.05861313	1.54605654	1.61525976	1.40107311	1.46403395	1.26572291	1.31990947	1.90773305	1.83866691	1.16515375	1.47108790	1.17877903	1.52710521	1.90099083	1.33355453	1.32282300	1.36176959	1.59705875	1.58711854	1.12974956	1.42795148	1.73602570	1.68281748	1.74299850	1.05577959	1.41190605	1.23579250	1.44550742	1.27441685	1.29465606	1.42891839	1.48461080	1.45525943	1.19464794	1.55285394	1.21660981	1.46308278	1.53257817	1.55174817	1.20064441	1.23491432	1.21685168	1.53797180	1.68301460	1.33381746	1.32843280	1.75545676	1.67445539	1.52430805	0.90006656	1.38289890	1.80307689	1.42452119	1.76290699	1.27147678	1.44005690	1.28403277	1.71049021	1.65037866	1.23998636	1.73815064
02_77	1.21375691	1.27600565	1.23280417	1.08180611	1.30253381	1.58545080	1.46711826	1.26956295	1.18792104	1.18804774	1.26696163	1.31753076	1.25692239	1.23868838	1.20410978	1.02125450	1.55401965	0.90413280	1.07953848	1.53045146	1.19276974	1.21901129	1.28097959	1.19863961	1.19703975	1.03948004	1.29479492	1.53575932	0.97805368	1.24904802	1.27051246	0.96973363	1.04371820	1.34731924	1.42820821	1.37176725	1.38129993	1.12889780	1.48663862	1.26865393	1.48286334	1.44816699	0.99126311	1.03586605	1.41986910	1.01747920	1.05798853	1.57054608	1.04643614	1.00692983	0.73600945	1.32948616	1.10358949	0.87204912	1.27209796	1.37628665	1.12004740	1.41134566	1.18433058	1.15429566	1.53926598	1.06627035	0.95117363	1.22718359	1.20053072	1.32407657	1.42370724	0.95669735	0.65503090	0.87080959	1.15628794	1.41629687	0.86107283	1.22132801	1.46846903	1.23563968	0.86763229	1.38728916	1.13880002	0.78895222	0.95480220	0.99275579	0.85629526	0.74944629	1.51416931	1.31010280	0.84526792	0.94811961	0.94737205	0.84980833	1.36049791	0.87104343	0.98153264	1.28299706	1.26120018	0.89559369	1.11682773	1.05097285	1.04030923	1.15737995	0.68346695	1.08358294	1.05147469	1.14901792	1.31577104	0.93061543	1.63706659	1.15458188	1.05339619	1.34138560	1.11661003	0.89311951	1.41144661	1.20322481	1.12722379	0.70948214	1.04059249	1.35631295	0.93979666	0.80170915	1.17340294	1.25277395	0.58560284	1.24134721	1.28383300	0.92189903	1.01381110	1.21386859	0.61517892	0.81995366	0.87342482	1.50195216	0.97248728	0.32609616	1.05162471	0.89967787	1.15909169	1.36857583	0.58624335	0.56454764	0.74589735	1.20918075	0.86776699	1.13564914	0.76357584	1.07631335	0.79929756	0.87025026	1.08144798	0.89167356	1.48388308	0.85278578	0.53560124	0.62363573	0.80112166	1.19075821	0.84803089	0.75246336	0.88391397	1.08123054	0.51185794	1.24078613	1.27634571	0.96438673	0.63597215	1.32620505	1.17299370	0.65718154	0.86549066	1.36328424	0.88129158	0.64298472	1.23705414	1.00151163	0.65719998	0.59628134	0.69413858	0.56477417	1.04711320	0.48968300	1.39306355	1.13156784	0.83538011	1.39766809	0.81812693	1.25387697	0.85650557	0.82421928	0.55552838	1.07362190	0.98845765	1.09989414	0.38560346	0.85829233	1.47608087	0.81750963	1.02645527	1.07494987	0.53541516	0.67028680	1.14772373	0.61162594	1.19533266	0.24985442	0.66008455	0.86027884	0.65016958	1.18457804	1.00821302	1.43450618	0.85497773	1.13029593	0.85493352	1.17659244	0.86226068	0.70570831	1.13807467	1.56855900	0.73154260	0.83248932	0.66154562	1.17561548	1.21168132	1.14875934	1.01269182	0.85222462	1.35951753	1.21824450	0.65578053	1.42158747	1.00614971	1.27638493	0.86216821	0.90385483	0.90777687	1.36106937	0.70505977	0.72180661	0.98002978	0.89545659	0.77762260	0.65646226	0.92923982	1.21859241	0.77220611	0.56137186	0.68268650	0.73220577	1.20947260	1.61301164	1.09850106	0.65457728	0.94215115	1.32435430	0.99704952	1.18184116	0.62112738	0.45642798	0.93081854	0.61961059	0.67283413	0.60124818	0.83065153	1.13006905	0.72093853	1.04906415	0.99424450	0.82761080	0.69384534	0.91223232	0.94583852	0.60451504	1.30883527	0.63889415	1.25021560	1.37080492	1.06470384	0.81652770	1.24690513	1.16611717	1.30973282	0.95176386	0.79680308	1.25462731	0.96432960	0.91413907	1.05020620	1.07367790	1.47673709	1.11193346	0.96418241	0.80431822	1.28846891	1.04227990	1.07711554	1.20799225	0.88425117	0.73675005	1.30807730	0.98746090
02_203	0.44366640	0.78606233	0.54870231	0.67077894	0.98713114	1.37883872	1.36550194	0.34825337	1.10738742	0.70404433	0.74032640	0.75151410	0.29300711	0.48312953	0.88953820	1.06372105	1.29627856	1.23266376	0.86038697	1.09437767	0.57418962	1.14969176	0.42787336	0.29725766	0.77365855	1.02290374	0.69540311	1.22377311	0.89343499	0.39037941	1.39288493	0.67236713	1.12015967	1.18681498	1.31028241	1.33749560	1.53095703	1.09214627	1.17314479	0.96860293	1.18964573	1.44878197	1.26639257	0.55984717	0.91644805	0.71759662	0.74255979	1.32731749	0.74878270	0.90638213	1.18474763	1.24592245	0.68141753	1.16298470	0.80076775	1.50243970	1.16199523	1.23689612	1.03144819	0.96475198	1.01725919	0.53311551	0.65138557	1.07264960	1.45878905	1.24439362	1.20430776	1.32227144	0.99593051	0.85704151	1.27316880	1.52146886	0.71121740	1.39099914	1.12254164	0.35015628	1.06044555	1.17404464	1.24348663	1.18608981	0.74975718	1.11850889	0.60321382	0.93833456	0.98412857	0.77633517	0.89571322	1.33891586	0.73892993	1.11399702	1.50786962	1.09193142	0.89444373	0.86274830	1.10103515	1.38515584	0.92231976	0.98328546	1.10332591	1.66133696	1.46587888	0.71067528	0.96617879	1.12919087	1.46539059	1.02883870	1.36719831	0.45716623	1.03900649	0.27702890	1.08322729	1.46780294	1.38286586	1.80871875	1.22816596	1.19752378	1.59794761	0.99799283	1.06359839	1.03496073	1.43474978	0.96869134	1.26662250	1.16867920	1.27625447	0.73905360	1.21457382	1.13635584	1.57550503	1.48729602	1.20766655	1.41074960	0.43362122	1.31237187	1.60752158	1.28395726	1.94189927	1.59795428	1.09684412	1.32155976	1.23655238	0.94663027	1.34132586	0.81317997	0.92069195	0.80740128	1.09490569	0.74751224	1.63001383	1.45723754	1.15147020	1.16731785	1.23366853	1.41371543	0.88513341	1.53261184	1.59040145	1.42880047	1.31516105	1.06022517	1.28366313	1.42058270	1.29298010	1.26610987	1.72052449	1.24572305	0.49197628	0.64366951	0.84364139	1.55801760	1.20394126	1.43387777	0.98031040	0.91185968	1.52859789	1.20055439	1.53264156	1.58106735	1.29369856	1.57040590	1.39628642	0.45023154	1.34311231	1.17372205	1.05216203	1.51895531	1.40287911	1.30095764	1.21576768	1.53370850	0.89248314	1.74939294	1.52060303	1.19836549	0.88078662	1.23616534	1.19369986	0.57698028	1.27580168	1.53425916	0.81990961	1.22131405	0.81089932	1.22556424	1.11731970	1.46003972	1.03195519	1.41812399	1.05571197	1.33417836	0.60569184	1.72823879	1.27940675	0.67353007	1.65543612	1.01543283	0.76359067	1.49021114	0.97858867	1.42842995	1.24128028	0.91827796	1.47931405	1.97064607	1.15253642	1.37096904	1.20852889	1.20147279	1.24973783	1.31510901	0.54350900	1.00943270	1.53496709	0.96155745	0.95168135	1.60546548	1.03844570	1.64906222	0.87118387	0.96668175	1.18735378	1.27334192	0.91788504	1.33219003	1.31208074	1.31038534	1.47357156	1.40841199	1.89549434	1.36468039	1.04049464	0.85270625	1.16746434	1.44681124	1.16635424	0.30736559	1.52793768	1.22595709	1.14520975	1.25071453	1.58237091	1.66048968	0.97889457	0.74060005	1.54623551	1.83837796	0.89833196	1.20015464	1.38376358	0.69104151	1.41443121	1.01008925	1.00167645	1.11923032	1.06840645	0.35828206	1.40073204	0.91297397	1.71487704	0.54999122	1.27196922	0.90468608	1.45848757	1.44059800	1.16610448	1.21806305	1.45988230	1.65551638	1.75942886	1.34491043	1.17043384	1.53357490	1.81234509	1.57234479	1.28699855	1.62888338	1.56753026	1.28327165	0.79642392	1.31397471
02_90	1.10617221	1.25642677	1.17138579	0.79454198	1.44638011	1.69166238	1.60310328	0.94498572	1.51075198	1.26228439	1.26391397	1.23664322	1.00202703	1.12344925	1.38926696	1.34284855	1.60985820	1.40056317	1.25496465	1.39029999	0.98280432	1.56442806	1.05948876	0.87455101	1.25272319	1.25744094	1.25360325	1.52316451	1.09709396	1.09039280	1.36833484	0.89159647	1.44179868	1.44280099	1.50606169	1.34493599	1.59949665	1.47256611	1.52455667	1.40560597	1.39401658	1.64401214	1.47144098	0.87126353	1.25119450	0.68494401	0.91968186	1.55264123	1.04755557	0.82116606	1.17878436	1.52310579	1.05984571	0.96795589	1.28468074	1.58474795	1.42441550	1.09769594	1.32501862	1.37644792	1.24879009	1.04647927	0.79670022	1.52202551	1.30540713	1.14100794	1.39417318	1.37893125	0.74898104	0.98335821	1.60675082	1.75387191	0.95884919	1.32378381	1.29838497	0.92650848	0.86877735	1.18655486	1.53691326	1.27866637	1.07309856	1.19035519	0.51432821	0.97424184	1.25291002	1.22178993	1.12148655	1.48484539	1.16109192	0.96117254	1.49394655	1.11195867	1.17985172	1.09258949	1.28334479	1.16619497	1.20358241	1.12837199	1.28223551	1.51717234	1.00791921	0.60331172	1.21793008	1.13214390	1.47761515	1.32796616	1.65458199	0.84207368	1.33369572	1.05441892	1.21470442	1.46499462	1.54606491	1.54684166	1.55551899	1.21476481	1.11354972	1.45913362	1.10214845	0.93041810	1.69675542	1.41606862	0.95545922	0.99462589	1.56767015	0.64833827	1.15070682	1.57347328	1.15889775	1.16846809	0.91519468	1.55134098	0.88967707	0.92921444	1.53881618	1.47258873	1.56316546	1.70659124	0.75285992	0.77060265	0.54665036	1.36485395	1.07051921	1.05564684	0.80550037	1.17909453	0.62308459	0.92506525	1.35429862	1.21580804	1.43985306	1.08753636	1.09325559	1.16142955	1.12789621	1.32917785	1.27991982	1.32970334	1.33311283	1.42628200	0.72969316	1.11187894	1.67802409	1.16954511	1.43061413	1.17279167	0.73807077	0.55994882	1.02423055	1.75351696	1.32538371	0.98480746	1.36982153	1.27988537	1.36556220	0.88728104	1.12109794	1.21403956	1.52965387	1.20449301	1.03313752	0.98441972	1.25781734	1.45511772	1.02213096	1.17589080	1.10625926	1.29899437	1.04910542	1.27731831	1.08222955	1.33624363	1.12113675	1.02006959	1.19979138	1.10391149	1.47278943	0.70734999	0.93425387	1.32860098	1.12128862	1.08377170	1.34703091	0.81793837	0.78222318	0.87176410	0.58083796	1.65364740	1.23609157	1.47244184	0.40054214	1.30584859	1.10914266	1.12133380	1.49876041	0.60422443	0.83335931	1.60272609	0.25539524	1.37707187	0.99680568	1.28054391	1.24594296	1.62233278	0.61356583	1.45414553	1.09752045	1.25569201	0.77043996	1.57009299	0.63671562	1.49768869	1.01281613	0.59328364	1.17992389	1.29912112	0.57706394	1.46607544	0.96948556	1.02441325	1.08860971	1.14249105	0.54254743	1.69508724	1.28797122	1.23440259	1.01467353	1.19375457	1.67267411	1.67261936	1.24083797	0.40439391	1.16709521	1.55473763	1.43213169	0.95944434	1.36073810	0.93367494	1.16224571	0.79793850	1.16548580	1.33123968	0.37896842	1.24274591	1.15002054	1.51612045	1.28868300	1.02568157	1.23322152	0.78385772	1.54112909	0.67355998	1.40516772	1.09237413	1.54179088	1.11205868	1.59592686	0.52743523	1.66848525	1.01555421	1.65525235	0.73423692	1.33796864	1.56395348	1.30053770	0.63170591	1.28065585	1.41984697	1.84886411	1.59067539	1.26299730	1.20888150	1.48256236	1.59597534	1.45903819	1.60402491	1.49805683	0.99055674	1.05990474	0.78696566
02_235	1.02568692	1.07764579	1.07224659	0.89087353	1.19653707	1.49233409	1.35471645	1.06974622	1.04357653	0.95780976	1.01072134	1.08274362	1.05917355	1.01544784	1.04701380	0.87248343	1.41661120	0.76164005	0.90304896	1.36956262	0.96211761	1.06383891	1.08770331	1.00981417	1.07040347	0.95712434	1.17106064	1.36561846	0.71122635	1.07382134	1.16494528	0.69821880	0.83409697	1.22845507	1.31688364	1.18950248	1.28931076	0.97287380	1.38280041	1.18297541	1.28214331	1.31271757	0.82967761	0.79567276	1.22527726	0.85233722	0.87138848	1.38620235	0.80312066	0.81795966	0.68140561	1.17463724	0.88451010	0.64568845	1.06084378	1.25090486	0.99152386	1.30051199	1.09672628	1.01922211	1.38930575	0.81271631	0.78443848	1.04551146	1.08685928	1.23752000	1.30351313	0.84373482	0.43873136	0.57642534	0.98764121	1.28361458	0.67512718	1.07338770	1.34009793	1.10190857	0.84124911	1.27983505	0.98709239	0.70450551	0.79579314	0.80901733	0.70827473	0.67898532	1.39948240	1.22162963	0.65754167	0.79656243	0.72206158	0.70935900	1.18676744	0.59467191	0.86124498	1.06301400	1.17050188	0.92906470	0.83629372	0.85789795	0.74972223	1.08280074	0.58001789	1.00762157	0.98602549	1.00226912	1.22005592	0.72692748	1.58131621	0.98011801	0.85214572	1.18740726	1.04593204	0.86144416	1.18696929	1.25528279	1.02539772	0.65254004	1.07697202	1.25583034	0.98464686	0.74253877	0.99736872	1.01053571	0.61941072	1.13848319	1.12004829	0.85307024	0.82427548	1.04045995	0.72649788	0.67843004	0.82194716	1.48127370	0.83496142	0.29153639	1.03587159	0.75287209	1.19431589	1.26653884	0.42783313	0.68330519	0.74269114	1.13586765	0.82076816	1.00801168	0.67501670	0.85083225	0.76525067	0.67464765	1.06074256	0.87239234	1.37554356	0.61543023	0.63651803	0.73430650	0.71965193	1.14278349	0.89545648	0.76235809	0.69773549	0.91429093	0.44868444	1.18005187	1.13452702	0.85257803	0.75454508	1.34415334	1.08937050	0.55151127	0.65529845	1.24018523	0.69605405	0.57899005	1.20056552	0.76244997	0.65547133	0.65894614	0.87610740	0.70544499	0.84999778	0.51889203	1.40418265	1.00972771	0.86026941	1.30570281	0.61960718	1.34804990	0.88203472	0.79671690	0.42773948	1.21018163	0.83712979	1.18739733	0.53988774	0.90889362	1.38507254	0.62285935	0.92636595	0.95600692	0.71039957	0.69715538	0.90719409	0.73365481	1.01139105	0.41503994	0.77479113	0.80367641	0.71523311	1.09179642	0.77182781	1.44975424	0.82689158	1.26632096	1.01316684	1.14789796	0.97978685	0.67120504	1.05394880	1.53669523	0.82316276	0.77979711	0.57797906	1.16311744	1.25897211	1.21698018	1.00506478	0.85693226	1.34666949	1.21115946	0.88568664	1.37700455	1.01214222	1.22726481	0.86928693	0.95033182	0.76084977	1.43787713	0.79853025	0.79636434	0.91892710	0.94816330	0.66693537	0.79342295	0.92803133	1.15537640	0.67610332	0.66615700	0.72735366	0.83807506	1.27310737	1.47940746	1.18342176	0.77130738	0.90512231	1.28646556	1.02117766	1.14935775	0.81881522	0.55391074	1.05615109	0.90363397	0.77227419	0.57981288	0.99741430	1.10200245	0.94765633	1.22053241	0.87723090	1.04937280	0.89712591	1.01836865	1.01495433	0.74999887	1.37623601	0.72936536	1.24945060	1.33553983	1.14886544	0.98779844	1.35402039	1.08952635	1.26741277	1.14457429	1.02051994	1.29128683	1.12370552	1.12314123	1.20699821	1.16003822	1.44751445	0.95644416	1.00859492	1.07267901	1.40577169	1.15565033	0.79674690	1.36858533	1.07851845	0.91168674	1.19426683	1.20558272
02_40	1.13292943	1.11921530	1.21442665	1.24871284	1.47034370	1.68196704	1.47357709	1.25880974	1.32463406	0.95631479	0.87312954	0.97025778	1.13672070	1.00426332	1.21763452	1.33059899	1.51394900	1.22996915	1.35178300	1.39701630	1.25018137	1.31924434	1.06038760	1.10495785	1.41191579	1.43372237	1.36813187	1.35044059	1.16215499	1.15132394	1.57735114	0.95704890	1.27886255	1.63657854	1.57486148	1.41949341	1.72236443	1.36211768	1.54855409	1.44301049	1.36238161	1.66324053	1.34202844	1.02647962	1.15723846	1.22447817	0.86460665	1.24235573	0.94149066	1.16805416	1.23957602	1.33613724	0.70053213	0.92071887	0.98935819	1.65484581	1.54693040	1.56565249	1.59669205	1.22255137	1.57372405	0.93632417	1.23270118	1.20635482	1.07779666	1.12643183	1.70959971	1.41485338	0.91704101	0.87971190	1.14473642	1.53538353	1.02519039	1.30968255	1.23469280	1.14568575	0.98122170	1.59501060	1.42467033	1.21957080	1.20459333	0.34854726	0.84455805	0.85463934	1.48470018	1.39966886	1.17265114	1.32832393	0.91321721	0.30530780	1.33165183	0.52609060	1.34668549	1.39427292	1.64472675	0.99099660	1.07975789	1.19405416	0.93189100	1.29031999	0.81994592	0.98340650	1.22722688	0.77872491	1.10989043	1.13749760	1.81125660	1.29177265	0.63046875	1.17761315	1.62714742	1.02655255	1.32210678	1.44120672	1.16400415	0.98681322	1.39087593	1.52602309	1.33849636	1.36999964	1.44227765	0.80107399	1.29482405	1.28609745	1.19761907	0.70379511	0.53265717	1.15185275	1.38390472	0.98317595	0.55075797	1.67463032	0.89022331	0.70826833	1.13377367	1.08407919	1.60516551	1.58156592	0.65021676	1.28167017	1.13452375	1.51810251	0.28369358	1.51278754	0.30196033	0.66016671	0.62988464	1.04597521	0.93888622	1.34299370	1.39320116	0.38503191	0.99909277	0.95101353	0.85259815	1.11843668	1.01676334	0.72828298	0.97754950	0.79934846	0.82964292	1.57012109	1.23129795	0.53898905	1.20327393	1.43299204	1.06246004	0.87534465	0.61249906	1.36904395	1.23377790	0.74636137	1.42572763	1.06344321	0.96021123	0.39759543	1.47885611	1.30485333	1.25818972	1.09294338	1.33273238	1.32451334	1.08863490	1.53817124	0.30887857	1.49013641	1.12131609	0.66942937	0.47445262	1.37045842	0.43798406	1.67125778	1.07306837	1.47253186	1.40240029	0.87068816	1.37274578	1.24853744	1.19266593	1.32824186	1.17477725	1.23128893	0.84601637	0.95655656	0.74504511	1.15477665	1.21918943	1.25378525	0.85762045	1.66026546	0.84583518	1.74812999	1.24603252	1.29980807	1.01056689	1.01051787	1.21055234	1.97396030	0.85536051	1.24769004	0.41136035	1.50851386	1.66487115	1.54802007	1.30783942	1.02034707	1.20771409	1.52483926	1.30619231	1.50002684	0.97131747	1.39833569	1.12408016	1.00587697	0.48663499	1.60702723	0.55450745	1.30509162	1.41516750	1.41729380	0.57973919	0.72761165	1.23498363	1.20002352	1.30658795	1.08252003	0.90584626	0.46362676	1.61737339	1.25389664	1.36734171	0.75170350	0.22054131	1.10269531	1.12332279	1.15159217	0.99139844	0.86309688	1.09623562	1.28028303	0.98759548	1.13267212	0.95589395	1.36017007	1.50897619	1.50840817	0.87478640	1.39390743	1.35552800	0.99114670	1.06189652	1.02627531	1.51952886	0.62132687	1.37558847	1.25657549	1.12198653	1.12862074	1.39178001	1.36634966	1.21364307	1.05697179	0.93515560	1.10342138	1.17052342	1.25202302	0.83527174	1.25552585	1.77940327	1.35000920	0.50863976	1.54544089	1.27279337	1.23332420	1.29605904	1.33585811	0.97131594	0.71066112	1.47631919	1.37728020
02_244	1.64136344	1.39078143	1.65191937	1.51199804	1.63579690	1.41931473	1.23223893	1.70287403	1.48715316	1.57059982	1.64305049	1.51755740	1.69883683	1.65686352	1.56008421	1.25581775	1.34760535	1.18947333	1.41251474	1.38616786	1.59118132	1.50200320	1.66807162	1.66016113	1.57786693	1.39764263	1.69922265	1.34836089	1.17386674	1.68477711	0.87691126	1.39177169	1.30335588	1.23580267	1.16375590	1.05460701	0.99050395	1.41609425	1.40230671	1.63125473	1.26629841	1.09674543	1.22699329	1.40329052	1.43657697	1.47030039	1.22946541	1.37672518	1.19366065	1.15524558	1.11727644	1.14624689	1.53724913	0.91219956	1.43082643	0.94964665	1.38719885	1.22842369	1.51964451	1.51223934	1.44165631	1.47897753	1.39865177	1.52113494	0.81932472	1.19005315	1.24599663	0.94160563	1.12700718	1.26434811	1.41184187	1.11009391	1.15729122	0.79288404	1.34129011	1.71200379	0.91371136	1.19514190	1.20512304	1.12824334	1.37024593	1.38740625	1.39370389	1.24827572	1.48888829	1.52202442	1.21805762	1.17037993	1.33711494	1.31543738	0.96340439	1.24276681	1.35456827	1.39450146	1.23762747	0.86868630	1.43552825	0.97868435	1.33103060	0.53406706	1.05697784	1.49221426	1.46429540	1.14762558	1.00394725	1.23729265	1.46682494	1.58573468	1.40375060	1.79333237	1.45249378	1.19772974	1.13282097	0.75068124	1.42157591	1.10627001	0.53606440	1.70748369	1.38573762	1.21828264	1.32859656	1.58266912	1.02394617	1.05529731	1.13169698	1.46803197	1.13988082	1.49838350	0.95735119	0.62415299	1.02726908	1.30939180	1.46356723	0.85242509	0.85484641	1.15505729	0.35527092	0.89668854	1.09422912	1.06695474	1.23602298	1.55933872	1.30980920	1.51607733	1.29173538	1.46698095	1.26630727	1.28748924	0.81181820	0.52741414	1.32036022	1.25136324	1.02794144	1.07813261	1.24393528	0.84698725	0.50198497	1.12568252	0.77402549	1.41441910	1.02938400	0.92612168	1.37044474	1.00682810	0.87518447	1.21925431	1.56764327	1.22199049	1.31899962	1.16966058	1.14568084	1.04947064	1.57855188	1.32038543	0.95528860	1.14058232	1.07316776	0.89072588	1.24160234	0.82359534	1.31448218	1.56864559	1.23568181	1.19388529	1.25476515	1.07413809	0.42023343	1.02718872	1.00839918	1.03679939	1.35156438	0.67316421	0.81143470	1.28217314	1.48101038	1.15611104	1.29058730	1.54007134	1.05904924	0.93138028	1.38468579	1.06892539	1.55952589	0.89320754	1.24511255	0.84017602	1.18753864	1.10784941	1.32921805	1.30818651	1.40560466	0.82657781	1.32690554	1.63159092	1.17260615	1.21109505	1.21546081	1.32342577	1.34019454	0.66766824	1.10105433	1.56259294	0.86380595	0.31810080	1.06049000	1.16877212	1.25840155	1.27638811	1.11339627	1.21244065	1.56153168	1.62505878	0.70272057	1.46741880	1.31767988	1.19424917	1.30326424	0.92591295	1.33395197	1.33448485	0.90625044	1.14770290	1.27339474	1.47773237	1.05009981	0.95585802	1.07438559	1.12848287	0.48880649	1.43688151	1.49437961	1.19431138	1.37205794	1.06678225	1.35460233	1.67245162	0.98760929	0.96588561	1.10785149	1.17665536	0.77197803	0.85206742	1.42930229	1.52870532	1.07224496	0.45831573	1.35672863	1.31090820	1.07093834	1.47211925	1.21865861	1.12345844	1.70111901	1.06849383	1.58787256	1.82808840	1.37238359	1.38433813	0.85292382	1.58911926	1.32263204	1.46449322	1.21530698	1.09420281	1.35655774	1.40261988	1.08221516	0.77109854	1.00602695	1.29750517	1.37139888	1.17435393	0.93757346	0.91336482	1.27725796	1.04523399	1.18017399	0.97946887	1.53366841	1.40655527
02_223	1.43941160	1.49983791	1.39580886	1.29645381	1.28228782	1.51236662	1.50461333	1.49542150	1.25985527	1.52133645	1.69380490	1.67778199	1.52370091	1.56886387	1.35052645	1.00611582	1.61322747	0.97228896	1.09982444	1.68714299	1.43495483	1.31815535	1.57615383	1.47599219	1.18813710	0.91463553	1.35911378	1.72361919	1.18644694	1.47562967	1.17695047	1.33613003	1.16873189	1.19707336	1.36772775	1.53981779	1.19743841	1.16337292	1.46174351	1.24895704	1.69190577	1.37037445	1.02483041	1.34779845	1.69240295	1.22901035	1.38042647	1.87028574	1.34483052	1.23256843	0.67316365	1.42225398	1.55401849	1.25764923	1.58628305	1.30513269	1.00693989	1.46251685	1.00582782	1.26925915	1.61013404	1.41517347	1.08285204	1.40825902	1.48409290	1.57420330	1.28786596	0.84850901	1.05202346	1.28408822	1.38227637	1.42702858	1.02661104	1.37797206	1.70782995	1.46229936	1.02142123	1.37725401	1.13037484	0.79771492	1.02351283	1.56476328	1.22028698	1.00501075	1.57443499	1.31295498	0.96862607	0.99935827	1.25701157	1.42591284	1.61154427	1.43724451	0.94200793	1.44265644	1.07318390	1.06073148	1.49037502	1.19501337	1.49148238	1.27945670	1.23233072	1.36053414	1.09624123	1.54590038	1.57651528	1.11936790	1.47986269	1.30642179	1.52809483	1.59812427	0.88132338	1.11533614	1.67312838	1.16364963	1.29978964	0.88620514	1.04391854	1.31950224	0.80512773	0.67725572	1.26554354	1.72086468	0.46378135	1.38345872	1.47871349	1.33007012	1.52120241	1.44112333	0.42533404	1.18708782	1.33916211	1.36108001	1.26856294	0.85707419	1.20422116	1.13059397	1.06324057	1.34534942	1.14749284	0.48345440	1.03537128	1.10754074	1.47145533	1.09318940	1.32672420	1.56374186	1.26296751	1.16114858	1.40665268	0.77146282	1.59212819	1.44697806	0.65978827	0.83951693	1.07359080	1.40297007	1.05147685	1.15684790	1.13624651	1.48055566	1.01517987	1.19780823	1.45897747	1.45110680	0.77272044	1.29671430	1.41496455	0.97395438	1.30191287	1.46808691	1.04929100	1.22145499	1.19221379	1.29783863	0.93988831	1.14675396	0.23391524	0.42458532	1.25762097	0.77377576	1.55058142	1.20493220	0.94494298	1.35836879	1.41060169	1.15304647	0.95536844	1.21846734	1.16440131	0.95691526	1.50593223	0.75417757	0.66457520	0.53173957	1.58292680	1.31204824	1.03461826	1.26903918	0.38572484	0.63735232	1.43767516	0.44436970	1.59601391	0.62335875	1.00806447	1.13403644	0.69860071	1.30829634	1.48391340	1.25341536	1.19783032	0.68857885	0.78201652	1.22026452	1.11760907	1.05663075	1.28947165	1.25915870	1.09975349	0.88161302	1.29700034	1.04126814	0.94372697	1.12216509	1.07862947	1.06250007	1.56455856	1.02182716	0.39029648	1.40111535	1.26597635	1.30234813	1.15947190	1.12457875	1.42209827	1.21543620	1.21006654	0.78231035	0.94605585	0.69300480	1.29184922	1.01598231	1.08894064	1.42138563	0.80353237	0.67143858	1.19473153	1.25944217	1.10906265	1.93530729	1.01298620	1.03076534	1.53473771	1.59287757	1.13263674	1.37580103	0.86429510	0.91828602	0.98584210	0.43299993	1.08677771	0.84950182	1.14329118	1.14047325	0.23549137	0.91615102	1.37683572	0.55610914	0.50780891	1.11134081	1.15634545	0.86650602	1.23390313	1.12245246	1.29757421	1.58369324	1.26316627	1.00521203	1.28368492	1.27313573	1.50905333	1.13454292	1.05785603	1.49514857	1.02244877	1.10739821	1.41729999	1.31379739	1.38969927	1.29110155	1.48390393	0.41833196	1.58066334	1.14707820	1.30798658	1.24557236	1.16915912	1.19484665	1.42864507	1.11269429
02_290	1.59018255	1.58449166	1.59583334	1.40595292	1.54344002	1.77194248	1.65847349	1.64803783	1.32541787	1.49631119	1.58798663	1.65210869	1.66384552	1.61589222	1.45505136	1.11462379	1.76744902	0.91020161	1.23704195	1.82582437	1.48136211	1.33519128	1.70364019	1.63074694	1.46107148	1.22244961	1.64266882	1.78625770	1.10481753	1.64607340	1.34826314	1.26979796	1.01610413	1.46873658	1.59992098	1.49854905	1.38288977	1.19962872	1.72860991	1.53196571	1.70045190	1.47202888	0.91258528	1.36053812	1.76890344	1.37254368	1.46262903	1.82378222	1.34008012	1.27782771	0.86523397	1.47886066	1.50244776	1.06775034	1.57779530	1.33987534	1.11428135	1.68704570	1.33911943	1.40560393	1.83009587	1.37670835	1.26357722	1.39993824	1.42096123	1.72568985	1.55989208	0.87656085	0.93676626	1.08666533	1.22698371	1.40972917	1.16760219	1.32684741	1.81341300	1.70713170	1.29439950	1.60279651	1.08708489	0.83852752	1.22931901	1.33436680	1.36133358	1.17445841	1.89157552	1.66480888	0.96212194	0.80065426	1.18501943	1.29790753	1.40304581	1.11376625	1.15499573	1.49686784	1.38969336	1.24172328	1.24719130	1.21396158	1.11147373	1.17926091	0.86206338	1.64393723	1.38403675	1.51460089	1.54253868	0.95725090	1.84389414	1.52147807	1.30647617	1.77950320	1.25829699	1.03081476	1.45984876	1.34539117	1.25538362	0.92226116	1.23058409	1.61822804	1.28278093	1.00440753	0.96275625	1.48803257	0.71651478	1.58190849	1.38883173	1.48850844	1.34455154	1.34374174	0.57919188	0.85773996	1.32377746	1.74743307	1.40798191	0.69278430	1.15410687	0.82807837	1.04173677	1.29289765	0.94287625	0.86924867	1.12729143	1.39700332	1.29575037	1.34659183	1.25517531	1.37317250	1.36792788	1.08918000	1.33652902	0.98046870	1.76726005	1.16655638	0.81716177	0.95005499	1.10617242	1.46990662	1.02554849	0.98269009	0.94082419	1.27804248	0.86847667	1.42691525	1.34441159	1.27584628	0.33895530	1.72310296	1.69719945	1.10765647	1.25311768	1.42115670	0.75663000	0.85336525	1.52371189	1.07413314	0.69000369	1.10648628	0.78042573	0.51379817	0.87532557	0.27383517	1.87177883	1.46046294	1.13619786	1.56537173	1.16851454	1.63793858	1.06338207	1.06846484	0.78735704	1.40433212	1.36588916	1.17125302	0.28618785	1.11629550	1.86144376	0.89829929	0.97197825	1.44759430	0.88145953	0.36657062	1.31979331	0.80757107	1.46704729	0.57039267	1.23216200	1.08508995	1.02112405	1.18648732	1.11633789	1.69298031	1.41315784	1.22898074	1.25223997	1.57572806	1.01146434	1.05123144	1.50370721	1.64688363	1.33502785	0.65686137	0.95191429	1.42399174	1.36698255	0.98402355	1.40999522	0.93610691	1.79132536	1.52563921	1.06522386	1.60514390	1.56548261	1.49696073	1.01039360	1.50116620	1.19571119	1.73146694	1.29813698	0.24689509	1.16952120	1.14034037	0.98640163	1.03547852	1.30375593	1.28121118	0.60146698	0.56396425	0.82538003	1.08536838	1.02908701	1.81182743	1.44063671	1.23235958	1.30810563	1.51003884	1.17265889	1.62745549	0.66484345	0.62863568	1.28338748	1.01944086	0.65352939	0.35576859	1.41724862	1.36325860	0.77256058	0.98640968	1.14585150	1.15693679	0.67722744	1.43091688	1.00047333	0.95643228	1.60657812	0.88659239	1.41888952	1.79973892	1.16564255	1.28867461	1.29230925	1.44184457	1.40422843	1.49565317	1.06615269	1.42139470	1.25125015	1.33327847	1.37546714	1.02943603	1.29332304	0.90214278	1.27367759	0.85202883	1.40808287	1.00674661	0.93958578	1.35149505	1.01136827	1.05947745	1.54361783	1.33074863
02_110	1.05097735	1.23562759	0.98637067	1.24932067	0.97644462	1.37194886	1.38159716	1.24060838	1.08818359	1.19590417	1.38944230	1.39436899	1.15939386	1.20047788	1.03483358	1.03156193	1.46232101	1.06042849	1.06201849	1.51139717	1.34667900	1.15605775	1.15844812	1.12575143	0.94356917	0.85118583	0.93289600	1.55465870	1.30543126	1.06151019	1.43162856	1.25763743	1.28546551	1.27780437	1.35165415	1.69693588	1.46215767	1.13408221	1.26541102	0.91101534	1.65948572	1.53996467	1.20785181	1.23949775	1.43213243	1.18344760	1.11892805	1.71046283	1.21056036	1.32002293	0.78971988	1.35843739	1.20163634	1.39491180	1.31679234	1.61109936	1.19990581	1.53697620	1.00099942	0.94814061	1.54174324	1.21268392	1.05106267	1.16923886	1.49939783	1.33921631	1.42612974	1.19230113	1.16628249	1.30304925	1.25890820	1.52715714	0.89139353	1.56250673	1.49950017	0.97396169	0.80403252	1.50386200	1.29833859	0.93185413	0.84781635	1.30639104	0.92165868	0.58936736	1.28255312	0.94732031	1.07533483	1.25073073	1.10249620	1.12658686	1.81075257	1.36525485	0.93803382	1.49957371	1.25481708	0.86894794	1.54146345	1.30084708	1.56863841	1.48692034	1.40823141	0.86846258	0.67051601	1.32812629	1.48052931	1.20694346	1.37568994	1.12295200	1.29400528	1.15568644	1.02386633	0.98465204	1.80374200	1.24348429	1.11792808	0.77771696	1.33474550	0.97014943	0.44727193	0.89726812	1.50635769	1.49695383	0.91201789	1.34204834	1.43946701	0.83676222	1.33839506	1.25144002	1.02092192	1.46551991	1.11633817	1.21507050	0.87905382	0.92678299	1.20269357	1.24909937	1.56423700	1.61532444	1.18547875	0.83077859	1.16072945	0.98577561	1.21011337	1.15473310	1.03188919	1.35158309	0.90330845	1.22904278	1.34403130	1.09169228	1.40572173	1.29774741	0.62892338	0.66880998	0.83089435	1.31404754	1.15623823	1.00555706	1.23400165	1.27482955	1.14275029	1.45934613	1.35888711	1.31901229	1.19338028	1.03490182	0.93766990	0.84916827	0.97608497	1.42299418	1.34836781	1.37796414	0.83530798	1.35731690	1.03782623	0.87355215	0.88628697	0.96389566	1.50157445	1.20619116	1.27004637	1.01462918	0.63687000	1.37453420	1.23844241	0.99425940	1.14092229	1.06959631	1.20657517	0.77267798	1.23680641	1.21712354	1.11882631	0.63838459	1.30997568	1.49592270	1.21356460	1.18059301	0.49548486	1.17918910	1.49684633	0.66585088	1.32844049	0.94028671	0.51432928	1.39240414	0.87624947	1.34750973	1.54523283	1.11753400	0.84401897	1.18997307	0.30530460	0.74424677	1.03059419	1.18321337	1.21951454	1.50243454	0.80820669	1.29560296	1.30590428	0.85899044	1.25858795	1.62289938	1.13097158	1.02077156	1.32257075	0.79193671	0.51891007	1.32656193	0.73924247	1.02472629	1.47635386	0.49634205	1.23616360	1.01108413	0.88655898	1.30022438	1.13441067	0.77454177	1.35128583	0.76320294	1.17432695	1.30587198	1.21995208	0.94990294	1.44995426	1.08544265	1.61559709	1.83283117	0.62227150	0.79788049	1.30356544	1.53247164	0.97093441	0.96636616	1.02328153	1.19241446	0.74446545	0.59727389	1.46223955	1.23665657	0.86337141	1.01882601	0.95534375	1.39392505	1.34485179	0.54263977	1.00228298	0.64272778	1.15059867	1.04787790	0.91806951	1.15133590	1.12645956	1.19141172	1.18038237	0.95140181	1.44268097	1.23621880	1.46044216	0.73697865	0.91790867	1.45491992	0.80540289	1.18940861	1.32025778	1.69343366	1.80940623	1.58001626	1.30418103	1.02830011	1.80481908	1.35418678	1.56000376	1.27257903	1.16019785	1.26050411	1.50242264	1.29674634
02_52	0.93530692	1.03996846	0.84932023	1.23619494	0.67245671	1.13005910	1.14295695	1.22344833	0.60627618	0.94945571	1.20158084	1.24040929	1.12524032	1.08230152	0.68203607	0.56483904	1.24533718	0.52772850	0.69901911	1.40715111	1.24392845	0.65899484	1.12454022	1.14858688	0.69725606	0.52606848	0.80590294	1.37944240	1.03405498	0.98366853	1.23983154	1.13256957	0.77106784	1.00487869	1.14035500	1.53645764	1.17201359	0.61634483	1.06069038	0.62994443	1.50756628	1.20905853	0.67342479	1.13435667	1.35525772	1.22279653	1.07924584	1.55613815	1.02247985	1.26497966	0.40972456	1.03817602	1.10062332	1.27009233	1.09896144	1.29557791	0.76656957	1.57461823	0.72100627	0.59501391	1.50001243	1.01404433	0.99192611	0.73691138	1.39912992	1.41574895	1.23911911	0.76244010	1.08864094	1.09615141	0.74557607	1.10092740	0.66568358	1.37757855	1.45145549	1.05427955	0.87373361	1.44064538	0.75992737	0.42099866	0.59550143	1.16860906	1.04642065	0.50859002	1.31320839	0.85761216	0.69987755	0.71684022	0.74536193	1.14138323	1.57676599	1.17293438	0.59039902	1.37335991	1.03857131	0.85966859	1.27861037	1.05940290	1.26427425	1.24473171	1.35338642	1.15319305	0.48691362	1.27707585	1.31849964	0.70748077	1.19894846	1.12406809	0.99451854	1.15486145	0.84065854	0.62582797	1.51501021	1.16153039	0.59646487	0.37214707	1.36528527	0.73033374	0.41842241	0.79181473	0.93138922	1.20475664	0.79874002	1.39711273	1.04755764	1.04142491	1.24895632	0.76524252	0.91505943	1.29719851	1.17584604	1.10812656	0.80109123	0.84818929	0.91044181	0.68415640	1.40140515	1.21914880	1.14010347	0.94774260	1.32083447	0.62873681	1.24079685	1.02169530	1.03910294	1.12043828	1.15547321	1.01523618	1.29149814	0.92993301	1.25937956	1.18110227	0.31600970	0.59615261	0.43461691	1.28504458	1.03209850	0.75255522	0.87456780	0.87156632	1.18002824	1.46587042	0.83736648	1.19599451	0.87786896	1.16338102	1.11997286	0.83886215	0.83187143	1.02600067	0.90894468	1.31699546	0.57050649	0.94215174	0.70549474	0.92160622	0.85154038	0.78935023	0.98148383	0.98733033	1.54762504	0.89835601	0.50586088	1.11295834	1.11255135	1.22158140	1.03826535	0.77429383	0.98878432	0.87918545	1.08784416	1.20372788	0.92497229	0.66726089	1.30915997	1.28198149	0.63463917	1.20605906	0.54093960	0.82797695	1.27136043	0.36042228	1.01205608	0.83082200	0.78000939	1.44004825	0.96594405	0.82116486	1.24653715	1.01491034	1.03814691	1.20937321	0.49820061	0.68304933	0.77804157	1.19584627	1.21111065	1.31048275	1.12467162	0.85871106	1.17778599	0.58746692	1.21240297	1.40227727	1.32153773	0.49346022	1.43171641	0.79343368	0.76215192	1.04452129	0.96564591	0.59542137	1.44219300	0.97450916	0.95595471	1.25789277	1.09145227	0.88308282	0.96904197	0.59977853	1.12800718	0.59894757	1.25738898	0.73159666	0.81028503	0.45892514	1.36447832	0.97217760	1.31523612	1.57996078	0.46460432	0.96484738	1.16919989	1.26825492	0.40166485	0.93930974	0.64210379	0.99596018	0.57243507	0.76220427	1.28890627	0.99270186	1.15988028	0.65348522	0.87760699	1.17754511	0.92225192	0.56335450	0.64799523	0.75151725	0.59853718	0.99558856	0.67509950	0.84393543	0.60643135	1.14242054	0.64902385	1.08367404	1.11350051	1.07598688	0.96634961	0.95249051	0.67703485	1.12974158	0.44319848	1.34996745	1.21966798	1.43969861	1.37281020	1.04804556	1.06768022	0.89448475	1.68287746	0.87952017	1.15074165	0.97720685	0.80053805	1.14976216	1.38736571	1.40646103
02_284	1.30246921	1.35001820	1.37369629	0.86511282	1.60574009	1.75313963	1.62760228	1.12271044	1.60301933	1.39121960	1.37060590	1.32520619	1.20684027	1.29441622	1.52843092	1.38335660	1.64799270	1.40517688	1.33143755	1.42773281	1.05925383	1.64752164	1.26152619	1.08750767	1.41032315	1.35877817	1.46644335	1.54309294	1.04121656	1.30218478	1.25706938	0.92177248	1.42618463	1.45546595	1.51271899	1.19223757	1.51991764	1.52781559	1.60709931	1.57372948	1.34361412	1.58041249	1.44914746	0.92606269	1.32348679	0.76184157	1.00108446	1.53692647	1.07477328	0.72853744	1.20489441	1.52394068	1.18947021	0.78059879	1.36408101	1.45162026	1.43545334	1.02054248	1.42534410	1.51529994	1.26969127	1.13762098	0.88103623	1.61984940	1.18005524	1.16515548	1.37043156	1.30113999	0.63978639	0.93616904	1.64596665	1.70213915	1.03250960	1.15678968	1.32190666	1.19273877	0.91864425	1.11005113	1.50823978	1.28190221	1.19609698	1.21950222	0.71632197	1.11663990	1.37987442	1.39727321	1.12017646	1.43230256	1.22088072	1.01735505	1.29289166	1.05785377	1.25460844	1.06036646	1.27271722	1.17998937	1.14401869	1.05212196	1.18316551	1.36009388	0.78767525	0.88855903	1.39084728	1.13119051	1.42125324	1.31024547	1.71855794	1.00561340	1.37283617	1.28925377	1.28076724	1.49239927	1.40229481	1.47719034	1.61989561	1.25663952	0.89829508	1.63943212	1.26109042	0.94861369	1.63044437	1.45916325	0.87940853	0.94828094	1.53770233	0.89053900	1.12391429	1.64092025	1.03864526	0.91203129	0.90048739	1.61428545	1.07335126	0.84316307	1.48867594	1.42428704	1.32569945	1.57756502	0.62002204	0.70892190	0.39485873	1.48274372	1.08035015	1.12541721	0.87215458	1.21909017	0.75403853	0.88733090	1.26359931	1.10060709	1.48042022	1.06396723	1.11593689	1.19877494	1.20763961	1.27255277	1.15627048	1.32993604	1.24746997	1.46506456	0.55238189	0.94491958	1.69806920	1.10328106	1.28716331	1.26112583	1.00241375	0.64675829	1.12974576	1.74107150	1.21878540	0.76474712	1.53431740	1.24469692	1.30962463	0.91883298	1.05083538	1.10703374	1.42981138	1.01780968	1.09973655	1.13969192	1.35348792	1.44604015	1.01108591	1.21446532	0.95328132	1.28355408	0.93090130	1.32332478	1.12422679	1.19755155	0.93092266	1.10514001	1.30763826	0.91180914	1.45331032	0.81219479	0.96836223	1.18746573	1.06417828	1.09063527	1.42288771	0.66048339	0.93269585	0.57179480	0.55497050	1.61563144	1.13108240	1.54089076	0.65200859	1.17682126	1.24866085	1.34096691	1.48910100	0.44186220	0.83895597	1.56469439	0.48388541	1.21113625	0.85853205	1.41948405	1.13614473	1.36395388	0.53612432	1.45437862	1.12806126	1.37593539	0.81026346	1.58157391	0.92559256	1.62808992	0.66908381	0.89742922	1.18902572	1.36856862	0.67837407	1.29958114	0.95807861	1.09490407	0.92562824	1.18050110	0.45529802	1.72315661	1.17552791	1.15961136	0.73220015	1.16149470	1.43987219	1.61688650	1.39781726	0.49679518	1.16092211	1.47846572	1.48597494	1.17110843	1.28004312	0.71577738	1.21773680	0.81507596	0.85013812	1.17477187	0.55626623	1.33969510	1.04984708	1.30309766	1.25752813	1.10345324	1.13632098	0.98552094	1.51613203	0.51500077	1.55907420	0.99044727	1.62448437	1.30901720	1.59851278	0.56252145	1.54610916	1.08349926	1.62769053	0.90221102	1.33853846	1.48853078	1.36850309	0.50922174	1.18682679	1.11167133	1.66382446	1.47446466	1.23867132	1.10443739	1.20098855	1.47179497	1.35181393	1.53951899	1.44282245	0.79906421	1.03098159	0.61705850
02_63	0.89498930	1.03142324	0.95629086	0.54786484	1.10869803	1.46149020	1.42727638	0.73532682	1.03156345	0.94828238	1.00817002	1.05949083	0.87250922	0.92925600	1.02834661	0.76960118	1.40531892	0.87021462	0.59154045	1.30869117	0.49090860	1.06000120	1.01974996	0.85734850	0.85655698	0.86032798	1.05327091	1.37972395	0.30853216	0.94187285	1.07942115	0.52062404	0.62069470	0.99261749	1.27148608	1.08214606	1.19657612	0.84001455	1.33206944	1.13030487	1.18196662	1.16751401	0.76881138	0.54884012	1.22338012	0.62387856	1.01000308	1.47901253	0.77608294	0.66159929	0.88438740	1.20190333	1.03283686	0.84900626	1.06269485	1.08923767	0.65667501	1.18630197	0.82290230	1.07214768	1.13916451	0.65011272	0.45776605	1.07991184	1.41582372	1.51580137	0.99052248	0.79706580	0.64238466	0.51426436	1.14340807	1.29219796	0.66810251	1.13329135	1.41648970	1.05255991	1.21462529	1.05403473	0.81567542	0.84231957	0.68430163	1.26170484	0.88702924	1.09055658	1.34837343	1.13978438	0.41057566	0.79074661	0.69571131	1.28760250	1.20820816	0.96185047	0.64507663	0.59725033	0.82432077	1.47287076	0.50306840	0.70553779	0.69189364	1.41242959	1.15519429	1.23987623	1.14119285	1.33241195	1.53921212	0.59747519	1.48013054	0.63383010	1.13537758	1.05005743	0.74251990	1.37693637	1.09172467	1.72834041	1.20526175	1.07882582	1.40664022	1.16409131	1.16824221	0.64689645	0.85412110	1.08744072	0.83382391	1.24164910	1.19900655	1.21547865	1.29272160	1.10715353	1.12644801	1.09399152	1.38875579	1.55197012	0.89472414	1.10916747	1.51718386	0.91759947	1.53580962	1.25018621	0.92302763	1.04585399	1.05769944	0.91473669	1.49470017	0.49319026	1.17153579	0.95997298	1.34716954	0.37459973	1.64658274	1.15570645	1.38559960	1.13877424	1.13685345	1.38811616	0.97769585	1.58823021	1.48172268	1.40856634	1.02966252	1.12437671	1.04495827	1.17940382	1.22130064	1.34591878	1.32020283	1.54565545	1.16807822	0.69384172	1.00826561	1.45168709	0.51170195	1.17188819	1.20235891	0.48988379	1.28270135	1.35909993	1.19723751	1.18672057	0.68320816	1.09417653	1.74223105	0.66018211	1.36711766	1.16095084	1.09844550	1.70574747	1.27280936	1.33762499	1.03559778	1.66139530	1.15555744	1.46538986	1.11291460	1.02551695	1.31817396	0.82668131	0.77661248	0.67814966	1.15862678	0.98248542	0.46720099	1.02528850	1.05459196	0.92401579	1.38006933	1.16736341	0.85670052	1.25263441	0.75751769	1.49970643	1.05316934	1.48548005	1.43484211	1.13307573	1.61938549	0.83138865	0.95913303	1.27908970	1.26254886	0.94343644	1.14550090	1.01698726	1.30872463	1.58662708	1.16037669	1.26477845	1.58467419	1.32095190	1.23541175	1.41017784	1.19498362	1.18816161	1.25002101	1.36646083	1.06716186	1.78766089	1.35171186	1.14113958	0.52237535	0.86631467	1.06905836	1.39833945	0.89837525	1.31122481	0.66875874	1.02792235	1.19257534	1.52229257	1.51354571	1.52697129	1.32170833	1.16195134	1.39161804	1.55563130	1.23553211	1.07324898	1.37993456	0.94416089	1.38549301	1.24750584	1.24948827	1.18197457	1.35938235	0.87325754	1.22444140	1.58996341	0.86146141	1.26894456	1.09086503	1.23359309	1.36685714	0.93483579	1.34840709	1.12514043	1.21297818	1.19539703	1.45347892	1.14745096	1.67530885	0.64541845	1.33364055	1.42845001	1.57532405	1.57125082	1.38953739	1.34278086	1.69610565	1.40021371	1.34505094	0.72812134	1.40954656	1.28094954	1.77116588	1.45471478	0.50563197	1.72566914	1.60008145	1.36343000	0.70690563	1.36697028
02_213	1.49423683	1.48796961	1.55172031	1.23545792	1.66745857	1.87537193	1.70013442	1.48107197	1.47753128	1.38377196	1.36976626	1.44203885	1.49548054	1.44471774	1.50527006	1.30595805	1.77397441	1.14743204	1.35722599	1.70050740	1.32294767	1.48433267	1.52093344	1.43503836	1.54809641	1.41158759	1.65865077	1.68318106	1.05931291	1.53303718	1.42564665	1.05350826	1.18630316	1.61335038	1.67330945	1.36431495	1.57601254	1.38871614	1.78243940	1.64818267	1.54448011	1.61183700	1.18002506	1.16024226	1.57271958	1.18995818	1.24895173	1.62914339	1.18980437	1.08230058	1.09776031	1.52058872	1.25031662	0.79368259	1.43000296	1.46884421	1.36483061	1.53904359	1.53447418	1.48326699	1.70917577	1.21200870	1.18831421	1.47540417	1.22805197	1.49626116	1.64089340	1.15543732	0.69762250	0.87406360	1.33865405	1.56682202	1.14902250	1.23485756	1.60914818	1.54915413	1.19206530	1.53219762	1.32171806	1.08443702	1.29048434	1.01816515	1.10311058	1.13915868	1.79589918	1.67475534	1.05215789	1.09744132	1.13116009	0.94899330	1.24997311	0.78681099	1.30102449	1.36579104	1.51651668	1.20511812	1.06010604	1.16661419	0.89768466	1.20805621	0.40640210	1.39786760	1.46043769	1.24307246	1.41053774	1.07367207	1.95011884	1.40016738	1.13045934	1.60566068	1.44982851	1.15860063	1.33484572	1.44106163	1.37878503	1.04941033	1.16013314	1.73679834	1.40976742	1.12383844	1.23690504	1.27943769	0.88981998	1.39836865	1.40188363	1.20907370	1.03178428	1.41428067	0.87183518	0.64059024	1.00046473	1.83711015	1.26442347	0.54531881	1.24171126	1.00508101	1.19784623	1.45145874	0.53922868	0.91173599	0.85330431	1.56101145	0.91506089	1.39181808	0.90199718	1.11668012	1.03668791	0.95424287	1.16470100	1.12713959	1.69720032	0.81717645	0.95399620	1.01199928	1.10275779	1.34375968	0.99755920	0.95422717	0.97837330	1.19606168	0.51275198	1.36196148	1.44668403	0.97941990	0.73389227	1.66736609	1.48180697	0.92941279	1.07858709	1.54030123	0.91087746	0.35308477	1.63575635	1.04648308	0.84883063	0.82554544	1.04748829	0.85048565	1.02779311	0.47782717	1.63642691	1.42967655	1.23960969	1.61831440	0.81556375	1.60685278	1.02372885	0.99166775	0.45303146	1.47491315	1.06432952	1.35217029	0.45806766	1.29765555	1.72815713	0.56232817	1.22444592	1.26682093	1.01977517	0.80398361	1.15242991	1.03253584	1.31338423	0.50961107	1.06806719	0.81244130	0.95312771	1.33784157	0.85893296	1.79219111	1.13944305	1.41286016	1.34518477	1.57838511	1.10188754	0.76272331	1.32447793	1.82361909	1.02560188	0.89941383	0.48365586	1.56671368	1.46002245	1.12901513	1.22813000	1.09210893	1.55794393	1.63688493	1.12322245	1.67271932	1.35804595	1.61510142	0.72322573	1.32254037	0.96021666	1.73803905	0.93681396	0.75978467	1.20469290	1.28244572	0.65582711	0.98058075	1.08839002	1.40151964	0.88724289	0.82121688	0.33579779	0.85075884	1.23587089	1.61477934	1.53915032	0.94426173	0.94588013	1.39156473	1.29112870	1.49254016	0.82723080	0.36688426	1.30173214	1.06594789	0.32106726	0.61666933	1.11753549	1.43801054	1.04407353	1.16320321	1.02938725	1.28849945	0.96635075	1.29514648	1.13549439	0.76377523	1.70140656	0.67564428	1.54259326	1.63598402	1.27184874	1.07785519	1.38152593	1.36910354	1.43015776	1.31335960	1.07768008	1.34853710	1.32635768	1.06793446	1.13071244	0.88109676	1.49952607	1.07160774	0.99474394	1.09900491	1.13947611	1.14720769	1.02049617	1.42370631	1.04569448	0.71173565	1.40836901	1.10809545
02_97	0.71316046	0.93853979	0.56159922	1.18965646	0.24421488	0.98481811	1.11360174	1.04834911	0.51061310	0.87898984	1.18209259	1.19558546	0.94072950	0.95354144	0.49709727	0.53580385	1.15853361	0.71866771	0.53600684	1.32749826	1.15669293	0.59877685	0.96093452	0.99834312	0.30434205	0.33074612	0.39252033	1.34406869	1.08095101	0.75647420	1.28931549	1.16418477	0.85916274	0.86586799	1.06776364	1.61234922	1.19700854	0.56664224	0.89176737	0.20675177	1.50380394	1.20352869	0.81781125	1.11942031	1.29013583	1.20094715	1.09235127	1.59463444	1.03508522	1.32327495	0.62773838	1.04364020	1.12671517	1.46647952	1.06663319	1.37148682	0.73049726	1.56386226	0.45840125	0.42577569	1.38179069	0.98672609	0.93748661	0.67130546	1.59361650	1.48112629	1.12843787	0.92140230	1.27733763	1.22315727	0.88055918	1.17589335	0.65425949	1.52085506	1.45892653	0.84771167	1.00250789	1.41917282	0.83544174	0.67449824	0.42807845	1.38655760	1.07528235	0.65534596	1.13071591	0.55410855	0.78497091	0.93025543	0.80520969	1.36255459	1.75168807	1.39711378	0.48982965	1.31881575	0.94253099	1.11911796	1.36473057	1.12040846	1.44195810	1.50222671	1.68342014	1.10890411	0.29359499	1.41152948	1.49379588	0.85427309	1.02650521	0.96270210	1.17534958	0.95712124	0.69701930	0.97470400	1.62904270	1.41769354	0.74976628	0.71595206	1.59655451	0.22813121	0.38823093	0.84141595	1.10610334	1.29768019	1.04097219	1.43644963	1.15578616	1.11009855	1.45283919	0.81457671	1.24444859	1.60499134	1.41968595	1.02385405	0.76075588	1.22098863	1.22959906	0.99243627	1.71102433	1.37259383	1.41089811	1.18241668	1.51652049	0.34605916	1.54321103	0.88971688	1.27093703	1.24262836	1.33413008	1.12249361	1.58756006	1.14574838	1.21472735	1.41892263	0.79775057	1.00087106	0.67462395	1.47978295	1.39624368	1.16914814	1.12669632	1.06181757	1.47060488	1.54871298	0.95641950	1.46686785	1.36493826	1.15453006	1.02053875	0.95957031	0.94567959	1.14777951	1.12685271	1.66806125	0.26194983	1.06553203	1.14690743	1.27178668	1.15580625	1.18401029	1.20223917	1.40016493	1.61111094	0.70848340	0.77449252	1.07425986	1.35786395	1.32447728	1.32284971	1.15104318	1.36325906	1.09515507	1.27677560	1.41246761	1.36891921	0.70627017	1.19294323	1.56363114	0.80268588	1.17477038	0.86785689	1.20558862	1.31505279	0.75451283	1.08852804	1.21088517	1.04893065	1.68070255	1.13732283	1.05342668	1.45927367	0.94575132	1.11714121	1.41264888	0.74532315	0.43408048	1.25046538	1.40982566	1.22946549	1.23361534	1.31394006	1.19960952	1.53297340	0.34823419	1.32444756	1.77613535	1.40873859	0.93701322	1.51499446	0.64119777	1.01382069	1.07092250	0.97200646	0.46872483	1.75782730	1.02525132	1.21034866	1.30501141	1.36097614	1.34219218	1.00110400	0.66371535	1.46063838	1.05746794	1.37591998	0.97689066	1.07973229	0.97726229	1.74869095	1.41390651	1.66622997	1.70093848	0.49497311	1.21048339	1.49185337	1.51628998	0.75430424	0.86430229	1.21762205	1.40257449	0.88041545	1.08057111	1.72925379	1.39609628	1.37774501	0.61532916	1.22130845	1.59024860	1.16586651	0.83624977	1.09237202	0.89512782	1.08359134	1.30547170	0.61903389	1.29422378	0.70355437	1.06422102	1.09509338	1.30853735	1.49138994	1.04382526	1.19999912	1.16625954	1.20861466	1.45493501	0.84953142	1.62251888	1.63004886	1.85030872	1.59803264	1.28374545	1.44840490	1.27466841	2.08349587	1.34737876	1.29285384	1.37685038	1.35148462	1.58152746	1.37536978	1.69211093
02_277	1.39452744	1.20170318	1.35142753	1.67377974	1.22295746	1.18424848	1.03697537	1.69330041	1.01638575	1.24140355	1.40947220	1.37147859	1.56482115	1.43530192	1.11157382	1.00909768	1.20175697	0.86145130	1.23846741	1.42598536	1.67165360	1.00869463	1.47845322	1.58570778	1.31171523	1.16218057	1.36749560	1.29073147	1.30930317	1.44676717	1.26016398	1.45701707	1.10204074	1.25546837	1.16239927	1.49259617	1.18279230	1.06744806	1.18927854	1.20759037	1.47415168	1.19655425	1.00012940	1.47539872	1.40986875	1.65659695	1.20328287	1.37763136	1.17707085	1.49242833	0.90836666	0.96642398	1.31567873	1.27615121	1.20885124	1.26567257	1.27721760	1.69163590	1.36023155	1.03936662	1.67681940	1.35703450	1.49199492	1.02175774	1.09446931	1.29892441	1.46277599	0.97033909	1.34484891	1.33898003	0.85511480	0.93670871	1.04488511	1.23356540	1.39640456	1.52595456	0.91063179	1.59524217	1.00577486	0.86267587	1.16910448	1.13180509	1.40747732	0.87492259	1.48395765	1.27626467	1.15137616	0.97994779	1.07589004	1.14873292	1.38613585	1.19579854	1.19188631	1.65758336	1.39412733	0.61223020	1.52007604	1.17935301	1.37977195	0.82302876	1.34099412	1.45234793	1.03237641	1.13138385	0.95170315	1.03310063	1.34462018	1.63027026	1.01591923	1.60022984	1.45159988	0.54773246	1.38678146	0.72846980	0.79977583	0.65132206	1.22617241	1.29987220	1.07409396	1.32177355	1.11658654	1.29071269	1.19009236	1.41225797	0.87869929	1.31965692	1.07359321	0.96492844	1.14464488	1.11605001	1.02475453	1.15690641	1.23003035	0.85078923	0.33974650	0.79485313	1.09581178	1.02821592	1.26284701	1.29826929	1.58240904	1.27394178	1.13287554	1.59343338	1.14494244	1.26367160	1.25310942	1.37953611	0.81805137	0.86107262	1.23993504	1.15290733	0.66148067	0.65135593	0.80139364	0.92253776	0.56133220	0.54859899	0.66255041	0.93264692	1.29524171	1.52624462	0.82729846	0.93317228	0.77843351	1.21533839	1.47849312	1.25189482	1.02016355	0.72735809	1.17220123	1.29711452	1.14010374	1.21983565	0.54272710	0.90952982	1.19873192	0.95030630	1.14681806	0.99875689	1.50495962	1.48464861	0.71889189	1.20395949	1.12772163	1.17922155	0.81859080	0.47504155	0.95361600	0.80763481	1.12415468	1.16381490	0.97723791	1.25057056	1.47874149	1.36244394	1.03832799	1.67551011	0.95847406	1.00522263	1.53824349	0.88882330	1.19293559	1.05535466	0.97921372	1.43620997	1.40180922	0.62239769	1.35975602	1.15401719	1.39823518	1.27226863	0.94070312	1.28950152	0.49564452	1.48394373	1.43203903	1.53378079	1.40742435	0.79908602	1.13584542	1.27595817	1.29089938	1.01289188	1.50070891	0.50316117	1.37022949	1.10411774	1.17348938	1.00163340	1.40020762	1.11497479	1.33827859	1.33459745	1.01167573	1.23306960	1.24166991	0.91335450	1.47734979	1.25622948	0.98980684	0.60687744	1.59437171	0.81315200	1.10635987	0.69448741	1.38132662	0.73956172	0.98597223	1.37689132	1.06221018	1.21788096	1.09954967	0.88895516	0.72827634	1.44751774	0.51663819	1.12791616	0.68839178	1.19699051	1.16147703	0.93306495	1.46889171	1.26326406	1.21570329	0.85382093	1.11513455	1.14055595	1.01176081	1.21689696	0.52553197	1.30653255	1.27144653	0.86604123	1.06529428	1.60644624	0.66264887	1.48499349	0.63534584	1.60400742	0.86853771	1.30592874	0.60219840	0.76520184	0.81540249	1.64661715	0.90885401	1.21374276	1.23157937	1.22798846	1.01219239	1.25949882	1.34507948	0.52164233	1.34482272	0.60344174	0.54242592	1.05392552	1.76454584	1.69519476
02_126	0.84330964	1.03308691	0.70111720	1.31953217	0.49761311	1.03453515	1.15644379	1.17457805	0.72984523	1.01091461	1.29314712	1.28322300	1.04792586	1.06624736	0.67718676	0.77691191	1.21551689	0.91422742	0.80159206	1.37437953	1.31150665	0.80624042	1.03875408	1.09134819	0.57074307	0.58898995	0.55105874	1.39708001	1.26208916	0.86133194	1.38579004	1.30332822	1.08200819	1.01295083	1.14270634	1.70949895	1.31073311	0.81290902	0.93844273	0.42384269	1.59015047	1.32931359	1.03586095	1.24606824	1.34575858	1.31227563	1.14091273	1.63824289	1.15000017	1.42624016	0.77921574	1.13639785	1.19416924	1.55999529	1.14732211	1.49032694	0.97018219	1.61805238	0.70845049	0.60649849	1.45040594	1.12506441	1.08019274	0.85396669	1.61198691	1.44951194	1.24897080	1.09048141	1.37954335	1.36194811	1.02728626	1.28598216	0.79815220	1.59640229	1.45444650	0.88805680	0.96489508	1.48485615	1.03272387	0.83383264	0.66298405	1.41914687	1.12158256	0.67869195	1.14405623	0.58834677	0.97295283	1.12693480	0.95024758	1.37274153	1.83505951	1.48924962	0.71746701	1.46456671	1.07031545	1.05176136	1.52179464	1.23976256	1.58568032	1.54390754	1.74119671	1.07735457	0.39758797	1.41587173	1.48469737	1.04063835	1.03766680	1.09472953	1.24023118	1.00695607	0.89365387	1.01082096	1.74510141	1.37427740	0.84017743	0.78997065	1.58860919	0.48267549	0.34405804	0.98056700	1.30982319	1.39325815	1.12962518	1.45717733	1.23760215	1.07144129	1.48783588	0.95919636	1.31121115	1.67809933	1.37907023	0.98322215	0.80256026	1.25711972	1.22272529	1.12582585	1.74296502	1.46220517	1.46174750	1.21650194	1.55234645	0.55496745	1.51320898	1.06235185	1.24977391	1.31550431	1.29958183	1.24122954	1.55234344	1.20173258	1.21481505	1.48536152	0.78161366	0.95920567	0.70385717	1.45403771	1.36236839	1.14990613	1.23331751	1.12548438	1.51679291	1.60134143	1.05680443	1.45948245	1.39896756	1.04640302	0.98494101	1.00618725	1.01912514	1.22682341	1.29620676	1.70634883	0.28667131	1.22663527	1.19222551	1.20357520	1.17266771	1.22954603	1.37390618	1.47117461	1.51613449	0.82904044	0.76548342	1.12065042	1.39999585	1.19678627	1.30152992	1.12039434	1.39903912	0.94003102	1.28069577	1.41650072	1.40118910	0.77640309	1.16599490	1.65429179	0.96770728	1.24874705	0.84139854	1.30302845	1.45490209	0.75882886	1.14865074	1.22960977	0.93447576	1.72759555	1.15920913	1.11768831	1.56429023	0.86180360	1.07341078	1.38191011	0.57009420	0.35720575	1.18219277	1.44353597	1.23506222	1.29632370	1.23529405	1.28358827	1.54522318	0.40980029	1.31186400	1.78071341	1.40631771	0.94468049	1.41831129	0.62618220	0.91799076	1.04479318	0.86509570	0.49981653	1.77134497	0.93150137	1.23118599	1.19098773	1.26160925	1.40183482	1.09986587	0.68488516	1.47648254	0.94147208	1.37977613	1.00703928	1.22853443	0.98737457	1.75886752	1.31875988	1.66822310	1.70083790	0.15313683	1.10162570	1.43758528	1.45829940	0.69259533	0.78339858	1.14945323	1.40318820	0.66479200	0.95813101	1.72382401	1.48654433	1.23565849	0.63353309	1.20304206	1.51974257	1.20386242	0.65911621	1.05504002	0.68758478	1.01973306	1.25644353	0.36962084	1.22504538	0.64994396	0.97426729	0.98782554	1.19034152	1.37836734	1.09900043	1.16479428	0.91825893	1.03071409	1.34394914	0.60200617	1.50748955	1.45400925	1.80764658	1.64822523	1.43588972	1.34500297	1.20197953	1.98378087	1.25773101	1.50840863	1.19052594	1.20665314	1.46420546	1.44821978	1.57890406
02_134	0.73508096	0.72182592	0.79170456	1.18202299	1.01994293	1.30843718	1.16785613	1.03179306	0.84780901	0.44608781	0.48753067	0.63753648	0.84260896	0.62704520	0.71184124	0.96150988	1.17500496	0.93275186	0.96186016	1.15893805	1.05347005	0.82131381	0.75051186	0.90723207	1.00363898	1.12373975	0.95330995	1.07800759	0.95445691	0.77256951	1.44636309	0.85751183	0.88049632	1.30482987	1.29516619	1.36417646	1.49486327	0.90984552	1.17403866	1.01460905	1.19547825	1.36201649	1.01674398	0.87832828	0.94451603	1.22255919	0.76868575	1.08375159	0.69899854	1.18304686	1.08354772	0.98774749	0.49214104	1.07540590	0.56670447	1.44385447	1.20525432	1.57745863	1.26131986	0.77652446	1.39117630	0.60438348	1.10541892	0.68097824	1.19987044	1.21945765	1.44919866	1.19444704	1.06547458	0.81133973	0.68442849	1.18609121	0.76408398	1.28701294	1.12355655	0.91402308	1.03788105	1.49423806	1.02114265	0.98655647	0.88895506	0.54437002	0.93438888	0.76419270	1.26941197	1.03559322	0.89943993	1.05213838	0.46718812	0.76362105	1.31518046	0.67163168	1.02336272	1.23070134	1.37992007	1.09931248	0.89923831	1.00356604	0.82047687	1.30974493	1.26235336	1.07829017	0.93251956	0.86557486	1.08202730	0.76173156	1.46733689	1.11163691	0.25519600	0.86529204	1.39459844	0.93563828	1.16172697	1.51963519	0.71483040	0.84862099	1.60354267	1.09065901	1.17234533	1.28872475	1.07260876	0.34468314	1.34553224	1.34713563	0.82309782	0.87104764	0.77660380	0.59882543	1.52088558	1.22800908	0.94846465	1.42895440	0.62214479	1.02543376	1.09375005	0.77235373	1.74320439	1.34073659	0.99473085	1.47115256	1.46450689	1.10359658	0.92198371	1.28748790	0.68004985	0.36430992	1.07064506	0.91114983	1.21017073	1.35306876	1.11646513	0.72081801	0.98884154	1.08943802	0.52799460	1.25293781	1.21619607	0.83526965	0.86044361	0.24415567	1.23128787	1.64047241	0.71369383	0.78864143	1.33768350	1.38337586	0.99273500	0.89537990	0.47621433	1.05836954	1.02704537	1.20941565	1.02718506	0.69322731	1.03233827	0.86743943	1.57831713	1.42546494	0.94554640	1.30345359	1.55124188	1.01676058	1.05401064	1.21118882	0.61554901	1.59554855	1.24009562	0.66284418	0.76941907	1.42155489	0.41108403	1.76403615	1.29608219	1.41223353	1.18225339	1.03657671	0.99163399	1.18791464	1.27511198	1.33696397	0.98034111	1.16776809	0.19259743	1.15953793	1.00839217	1.49832491	1.33975782	0.87982306	0.76449119	1.41346154	0.97988726	1.82779878	1.24239818	0.96464153	1.10909203	1.22591490	1.14005086	1.72279775	1.21033031	1.13880582	0.87344528	1.14670043	1.64143463	1.69045318	1.49203554	0.81942622	1.29184185	1.33246893	1.43249267	1.16996613	0.96608777	0.89686962	1.46657285	1.19375246	0.25847658	1.68066845	1.01601181	1.32222815	1.25492464	1.23742081	0.77601575	0.84173414	1.35526313	0.70381007	1.18234034	1.00822660	1.31453402	0.86269717	1.63616976	1.01811867	1.10527663	1.01226948	0.60760991	0.97982994	0.74728353	0.86195068	1.06110706	1.07254062	0.97273722	1.41212954	1.32436862	1.32040612	1.26224159	0.93480873	1.59795888	1.60514789	0.44637264	1.35307445	1.30712433	0.92699495	0.82377443	1.17188262	1.13908060	0.68761925	0.86448539	0.92914509	0.82734855	1.27807006	1.31180425	1.10254662	0.73382931	1.14577952	1.00806538	0.94122709	0.95303880	1.52788981	1.07248075	1.40713963	1.55067646	1.03471007	0.57856768	1.59648459	1.55949224	1.08865839	1.07804802	1.24603528	1.00084889	1.03726418	1.31173119	1.61851504
02_129	1.07092120	1.23596702	1.11758777	1.13028532	1.39989481	1.68712193	1.58576272	1.10810442	1.46477250	1.17322430	1.18691986	1.19814030	1.02729722	1.06951423	1.30242398	1.42531543	1.60824730	1.44653957	1.37670433	1.44538824	1.23371247	1.50875869	0.99896743	0.94145116	1.29587285	1.34345467	1.19934534	1.52243170	1.34668627	1.04701566	1.62285454	1.09326261	1.54955923	1.61171267	1.59653880	1.60818227	1.79267495	1.50986233	1.52157505	1.34469562	1.53989593	1.80142863	1.57377012	1.08139942	1.25372764	1.05318466	0.93381224	1.53655112	1.13427553	1.18325489	1.26617267	1.53956685	0.94506093	1.21965473	1.22727218	1.81896510	1.60203621	1.43614844	1.46797867	1.28136720	1.47431433	1.10657892	1.09573447	1.43010412	1.36820654	1.11803991	1.64880997	1.56521487	1.04753645	1.17325835	1.51560657	1.80398566	1.05381394	1.53806589	1.30736725	0.86796789	0.87057744	1.50950908	1.64586927	1.35244048	1.15149487	1.01856218	0.63828256	0.83371740	1.29335160	1.20167926	1.29697705	1.59969950	1.16969090	0.77382576	1.70013144	1.13021097	1.31260403	1.41752836	1.55044199	1.04573043	1.40689989	1.34729975	1.42836986	1.60464301	1.19104659	0.51977741	1.11250744	1.06433622	1.42230048	1.42329385	1.70440664	1.08354416	1.18909751	1.00414468	1.45532370	1.31749477	1.71773071	1.52704822	1.43416180	1.15236403	1.37154783	1.40511441	1.07703937	1.22224428	1.80448175	1.32209761	1.23248323	1.20493781	1.55590086	0.40889360	1.06182124	1.47403982	1.38388737	1.37893730	0.79551485	1.55286901	0.82609671	0.97005450	1.44743635	1.49458190	1.77571468	1.84864900	0.93200099	1.07562763	0.96927129	1.42579186	0.84134330	1.35480730	0.64367153	1.12232842	0.45419900	1.17740032	1.26537294	1.39511920	1.43835484	1.02496315	1.05464254	1.02299085	1.02957072	1.28805174	1.26828447	1.14211294	1.37792351	1.28969118	0.96537691	1.48128261	1.59612051	1.07748908	1.49635982	1.16271240	0.68109460	0.76939458	0.89313510	1.68905407	1.52958184	1.14141557	1.29078879	1.40522388	1.31333076	0.66006945	1.33922196	1.36315122	1.67000632	1.37225496	1.02099254	1.14193979	1.10142535	1.57140026	0.94604141	1.18326144	1.23337545	1.13185464	1.06801498	1.18299906	0.93848077	1.56967472	1.28906348	1.19872382	1.23947367	1.31449438	1.57291255	1.03856215	1.01154831	1.51750603	1.37616691	1.17126027	1.23024650	1.03740508	0.49923150	1.22592906	0.96777658	1.61828476	1.36440439	1.48740215	0.45867108	1.56436212	0.97144303	1.03521514	1.30589765	0.98250048	1.07906544	1.85242487	0.34227696	1.54528893	1.01964662	1.32405646	1.51600423	1.80020834	1.01462976	1.34297102	1.07697514	1.27629658	0.94047797	1.56717899	0.48127113	1.40597797	1.31121036	0.35771128	1.06611354	1.28203320	0.35221206	1.60254031	1.30019679	1.20345510	1.14711322	0.91800033	1.00242586	1.56591748	1.50632684	1.28907104	1.22877810	0.95999296	1.85133639	1.64627974	1.13376308	0.44426709	0.95575843	1.47969409	1.30555986	0.90356991	1.29224087	1.12950856	1.03208435	0.94957910	1.36076377	1.45120172	0.40689374	1.29744802	1.37850637	1.64681594	1.29901164	1.08265984	1.38374005	0.62215647	1.41850015	0.96288421	1.31953278	1.06196591	1.46018164	1.04848679	1.43579671	0.77480856	1.64171844	1.24941980	1.58151323	0.57613027	1.12254013	1.46289964	1.15104376	0.94084452	1.11849645	1.60990789	2.04387550	1.74883900	1.06617674	1.41663268	1.58291590	1.57432271	1.66947695	1.49867819	1.32379707	1.00703536	1.40475992	1.11475412
02_178	0.95093714	1.17240450	0.99114617	0.62028652	1.20544124	1.56257202	1.52333400	0.80128041	1.27465710	1.13665656	1.20170752	1.20875430	0.88770210	1.02600620	1.18681456	1.07416292	1.53579772	1.15100274	0.96207149	1.38277543	0.80506329	1.33579133	0.99561605	0.78189948	0.98125764	0.95908816	1.04761784	1.50769918	0.89555369	0.94834710	1.25109099	0.76484182	1.17273494	1.23512751	1.39438553	1.32316817	1.43292127	1.19943960	1.40253505	1.16685694	1.38890351	1.48724227	1.19747032	0.74492478	1.27172179	0.52452846	0.93425241	1.59517188	0.96753845	0.75052935	0.91731373	1.41374588	1.03522547	0.96481784	1.22198830	1.43293587	1.09773506	1.12146596	1.00006858	1.17379190	1.21197244	0.90310772	0.52389803	1.33012224	1.38168772	1.27884988	1.21952841	1.12931646	0.63597949	0.85073107	1.42184390	1.60372317	0.76390437	1.30070809	1.36061195	0.83790378	0.88822181	1.11787174	1.27561036	1.01268239	0.80695371	1.22149709	0.51021648	0.85784233	1.23920215	1.06343354	0.83221048	1.21717142	0.97150598	1.05386822	1.48130583	1.09290632	0.86692596	0.96355593	1.03952664	1.18171114	1.05417685	0.99735835	1.16458125	1.48882827	1.04395115	0.73040142	1.02454948	1.22808965	1.51871950	1.07241500	1.51531536	0.64066926	1.26609683	0.96105230	0.87480642	1.34027133	1.49398691	1.53997229	1.36308973	1.03989103	1.16193240	1.22185335	0.87109240	0.60516627	1.42993744	1.34417408	0.69359665	1.07482530	1.46220403	0.74200171	1.23584765	1.38558545	0.96577562	1.16798759	1.06735038	1.45668975	0.75948261	0.89164247	1.48120733	1.25534928	1.51478788	1.56311535	0.76094963	0.59869889	0.58687831	1.05897701	1.19482739	0.72958551	0.87385901	1.11825179	0.82827630	0.70420037	1.45225992	1.10985706	1.40524492	1.12182628	0.91673584	1.08089565	0.95268974	1.41253363	1.29530989	1.27003148	1.23128820	1.30507277	0.75856249	1.09755523	1.50579685	1.24613051	1.28046173	1.19574242	0.76612348	0.36388765	0.96582577	1.64281111	1.06339043	1.02414080	1.14239876	1.05690549	1.24716911	0.95369722	0.89861997	1.03120730	1.28550297	1.07363936	1.25173298	0.70617570	1.13867779	1.31526624	1.04476765	1.23858417	1.09908696	1.25112048	1.00641183	1.25144617	1.09471855	1.25650834	0.98514122	0.73815105	1.18946797	1.02791651	1.17438240	0.52084225	0.74432208	1.09395053	0.96772671	0.82259273	1.23681058	0.65845225	0.81829752	0.95692158	0.30912776	1.49111101	1.12797515	1.35310537	0.45856581	1.20255201	0.97137179	0.91526279	1.42152813	0.52511300	0.80176283	1.40238044	0.49213159	1.18690710	1.02514559	0.97923421	1.14519539	1.57268432	0.70636716	1.28398549	1.23975742	1.11346223	0.60241881	1.45620277	0.62262148	1.25601269	1.07727784	0.67617666	1.11531208	1.34502993	0.74438990	1.25400514	0.63939634	0.67963384	1.08484575	1.07934880	0.46387856	1.50111089	1.01086719	1.00717563	1.02007717	1.22438260	1.57065755	1.67948751	1.02894749	0.48927168	1.21192009	1.55370001	1.22646677	0.80571785	1.22232797	0.80928062	1.06200776	0.60472621	1.14003242	1.20679125	0.54117379	0.94316839	0.91678894	1.43779975	1.11389630	0.77711041	0.95833448	0.67663420	1.37021403	0.50629885	1.16145355	0.99553219	1.29090073	0.98697982	1.42356455	0.41976016	1.59536173	0.73523393	1.50812765	0.72369370	1.25161864	1.52224825	1.11858050	0.65038148	1.35033707	1.38260199	1.67034297	1.33236291	1.24289739	0.95721605	1.56624463	1.45717512	1.23406404	1.52741275	1.40052532	1.02536770	0.88304863	0.75654359
02_108	1.16884451	1.35503492	1.23172041	0.82060298	1.49091819	1.78997090	1.70393258	1.00463488	1.54529610	1.31873271	1.32263903	1.32944026	1.07007113	1.18799568	1.43735551	1.37480197	1.71885808	1.41019288	1.28737910	1.51714936	1.02684556	1.59934857	1.14023987	0.93967680	1.29661092	1.27698946	1.30874508	1.63977256	1.13953867	1.15923072	1.45083693	0.92400169	1.46674526	1.52289258	1.60513286	1.43967937	1.67268088	1.50323734	1.62940665	1.45071692	1.50715119	1.72981170	1.48264674	0.93177733	1.36666356	0.70072397	1.02081750	1.66676901	1.13241268	0.88799929	1.17440042	1.61515448	1.11880694	1.01213986	1.38145559	1.66609957	1.44174165	1.20439553	1.34786098	1.41636948	1.37481017	1.10316280	0.82212712	1.56261208	1.39814640	1.26039161	1.48691675	1.40850919	0.73570170	1.00742143	1.63842779	1.83299210	1.01898152	1.41494483	1.43618652	0.99963094	0.96109737	1.29984257	1.58258624	1.28838687	1.10220164	1.22694544	0.55488616	0.99644263	1.37774244	1.31721911	1.14714092	1.49098822	1.21220126	0.97701589	1.58334122	1.13134594	1.20792206	1.16733348	1.36147442	1.22629469	1.23966458	1.21609655	1.30906016	1.58606304	0.96679675	0.69111833	1.24987869	1.23202278	1.58186213	1.35969235	1.76548605	0.89121687	1.38446183	1.13940617	1.22200499	1.46993002	1.63506776	1.60212671	1.59675386	1.22437972	1.18047527	1.50015014	1.12545746	0.91948346	1.71495688	1.47567084	0.92144004	1.11088327	1.65823107	0.70544831	1.20598567	1.61820886	1.10308846	1.19403743	0.98828256	1.65674788	0.96361678	0.90150269	1.59155143	1.49802701	1.59824623	1.79109602	0.74775673	0.70362382	0.46447523	1.41169802	1.08194878	1.08226196	0.85640559	1.24360197	0.63521408	0.97030976	1.41745532	1.25957812	1.57207564	1.09550021	1.10249734	1.15083622	1.18186721	1.41317443	1.33337304	1.34278161	1.37792586	1.48358494	0.67239170	1.19021591	1.74301254	1.24707797	1.40722069	1.29776563	0.85410470	0.60985261	1.05831830	1.81883547	1.34012181	0.95781221	1.43051838	1.32576807	1.35460799	0.91129335	1.08147698	1.17493637	1.55696183	1.16427574	1.15097634	1.05052696	1.25577718	1.57512708	1.05200639	1.27002412	1.19109799	1.35493663	1.06624935	1.34244735	1.16222453	1.36922276	1.09317875	1.00182424	1.34899047	1.11455413	1.50736209	0.76669652	0.91608732	1.30734355	1.18626110	1.09378200	1.42471624	0.80722734	0.80285708	0.87584999	0.57172289	1.72413484	1.28047455	1.58415935	0.51274004	1.34874852	1.12684492	1.19650453	1.50872263	0.61858328	0.98275552	1.69560973	0.30810874	1.42297879	1.02036097	1.33769307	1.33830351	1.67111896	0.70488712	1.48478494	1.25235558	1.32393531	0.78235864	1.69081217	0.74339854	1.56474105	1.05440371	0.60887495	1.24554705	1.37506465	0.63546173	1.46004724	1.01884455	1.06550587	1.16331666	1.18119315	0.63656379	1.75373982	1.28627384	1.25879321	1.01066306	1.23710606	1.74114367	1.80883466	1.31359330	0.54506372	1.23474180	1.68162052	1.49602081	1.07740770	1.38583094	0.96361762	1.27137001	0.81699032	1.19326157	1.28376871	0.50005493	1.32755065	1.13388067	1.58866561	1.37215392	1.07013358	1.26402469	0.90102250	1.59981742	0.75268088	1.49751627	1.17655527	1.62497011	1.24465678	1.66639061	0.64760281	1.78032691	1.10555406	1.77007614	0.87909308	1.39216495	1.69588991	1.38953355	0.72138365	1.41113459	1.51977339	1.94328477	1.62526597	1.35798328	1.22507075	1.60371005	1.69086368	1.46172822	1.72027886	1.55976427	1.10481261	1.16178100	0.87416984
02_100	1.29834115	1.26649377	1.28620536	1.56372107	1.28645935	1.51593993	1.36282296	1.57832084	1.09211310	1.12753286	1.23964544	1.31501725	1.43395059	1.29408527	1.10958617	1.14191693	1.48507084	0.95418437	1.28943204	1.58881798	1.57406313	1.08542061	1.35699175	1.43767452	1.33704168	1.23580123	1.34375814	1.48477363	1.33488377	1.34037450	1.56195104	1.31892746	1.17216439	1.53801746	1.49210073	1.66060545	1.56732134	1.16202623	1.45460708	1.25192686	1.62613170	1.56281266	1.11612902	1.37582486	1.45604437	1.53479284	1.17079856	1.50069378	1.19025511	1.48180329	0.96609517	1.25944364	1.10060486	1.25093347	1.21062001	1.60546041	1.38913976	1.81712406	1.44472557	1.04919591	1.81330954	1.23247025	1.41955216	1.04912085	1.25241106	1.37042485	1.72003295	1.21089860	1.19747403	1.20758365	0.89468239	1.33647606	1.06846640	1.45236225	1.50081306	1.38192377	0.99484557	1.77024091	1.22675746	0.94191234	1.16111920	0.82911260	1.20338051	0.72849184	1.61970119	1.36956970	1.15942098	1.09270539	1.00200864	0.81150409	1.55848890	0.96994650	1.23862427	1.68967970	1.60884873	0.76052191	1.42002954	1.32621706	1.25999038	1.17757959	1.12147055	1.29168255	1.01897401	1.11265282	1.16398668	1.06402232	1.67009223	1.54408779	0.82140035	1.45959358	1.52169356	0.51344072	1.54986673	1.11808039	0.84545294	0.63346825	1.41847258	1.34964030	1.08069901	1.32659097	1.24448337	1.12267484	1.18200626	1.52592375	1.13655549	1.05086681	0.93832074	0.98210064	1.15530211	1.15157127	0.88132697	1.48942744	1.08006575	0.65865293	0.74418463	0.84821398	1.42462269	1.43514760	1.03330719	1.22583547	1.40414620	1.35033462	0.74320468	1.59255715	0.82346039	1.06540970	0.98132773	1.28934872	0.92340242	1.16071872	1.45966355	0.86926147	0.61060656	0.49212118	0.71143989	1.12100968	0.79920252	0.22368417	0.86433184	0.80746814	1.08335917	1.70262076	1.00229943	0.84868179	0.79509440	1.40435147	1.35217977	1.09907244	0.80865145	1.09270913	1.20322375	1.05950648	1.20509430	1.18493811	0.49235647	0.53265704	1.22139640	0.98295210	1.20201311	0.93830501	1.53967980	1.44001871	0.65855614	1.50070475	0.83786996	1.37625147	1.05809965	0.39131061	0.70382867	1.02979268	0.89749560	1.45865345	0.90478097	1.27650062	1.58636967	1.20376111	1.15296918	1.55516429	0.91833057	1.06826483	1.49904733	0.91954900	1.05304683	0.93663153	0.69401879	1.40616438	1.30448196	0.95428434	1.21732757	1.46407900	1.18449011	1.53936369	0.88311027	1.24096823	0.32782872	1.31677953	1.47660180	1.86078250	1.14618706	1.05283371	0.85153128	1.33230272	1.57761158	1.34755517	1.52265253	0.52165724	1.43939185	1.31762445	1.14438831	1.34733862	1.19532097	1.16903245	1.34209397	1.11221627	0.77803670	1.44618129	0.91067853	0.98304106	1.48714833	1.28134405	0.89827544	0.27441140	1.51425232	0.86900224	1.16552800	0.72845803	1.17397112	0.31914828	1.38358811	1.49856549	1.09283919	1.01075624	0.74583421	1.11071853	0.75321024	1.32018426	0.44080425	0.97588810	0.81886897	1.11874138	1.08701983	0.89746369	1.21583506	1.28311656	1.25238454	1.21346969	1.01489993	1.13149650	1.06423140	1.04185206	0.57323728	1.17992033	1.30374412	0.67562186	1.12595648	1.47940689	0.66723573	1.31411703	1.07400867	1.54822207	1.06500160	1.13184904	0.37803530	0.99004576	0.81255810	1.47235700	0.86342823	1.32944267	1.62200606	1.29096715	0.71793651	1.28886927	1.42530838	0.86253268	1.36070743	0.95428349	0.41838817	0.90982930	1.75997238	1.56083852
02_124	1.33440125	0.94730992	1.28465117	1.77624868	1.14581560	0.72908634	0.60146563	1.67194892	0.97062830	1.16672684	1.34640301	1.19586704	1.52325024	1.37314487	1.03355618	1.02409624	0.71532805	1.05253950	1.21952353	1.07969620	1.67424370	0.93880924	1.40543337	1.59965371	1.27076495	1.26455767	1.30114101	0.88127895	1.31894305	1.38475370	1.14417337	1.55094895	1.10695434	1.00389145	0.81638307	1.35112161	0.98147418	1.03571867	0.79004504	1.17132900	1.18924157	0.83084470	1.11038813	1.50738937	1.17301415	1.81109758	1.19211969	1.06352378	1.09619985	1.57259775	1.23700440	0.55007158	1.37009640	1.45416369	0.98458265	1.04138660	1.31157176	1.63810154	1.39271153	1.03102416	1.43199059	1.34663471	1.61266770	0.92580156	1.12970707	1.28751382	1.22715638	1.06833542	1.64574754	1.47722651	0.86870514	0.47103977	1.09586002	1.15540844	1.16408277	1.54250059	1.11882146	1.46548326	0.89657130	1.12722754	1.24487313	1.36894102	1.62874435	1.20292279	1.24079803	1.11555051	1.26036335	1.14884453	1.09322252	1.50767574	1.27361015	1.42689423	1.26384670	1.56895345	1.27325364	1.02528060	1.54349720	1.08135753	1.46872603	0.90876877	1.81414616	1.62513934	1.17273716	1.16135792	0.83824269	1.08639705	0.95048076	1.66437108	1.10314013	1.53951696	1.56320875	1.06438456	1.15198344	1.05738269	0.85300889	1.06887672	1.49573722	1.23160968	1.34818756	1.57593369	1.13420655	1.23378383	1.60445424	1.40420669	0.46388237	1.58526304	1.26374988	0.87512988	1.68997991	1.42794047	1.34949501	0.90937706	1.30641783	1.43156310	0.73520059	0.97966164	1.40960379	0.73893172	1.64431711	1.78775499	2.00132311	1.24306428	1.59493350	1.64723605	1.47153481	1.29860049	1.66234684	1.49450670	1.15840922	1.11429944	0.85135856	1.46505078	1.20764584	1.31674493	1.00055361	1.06297555	1.06285540	1.15905592	0.81489763	0.96068420	1.77614391	1.59647195	0.56665339	1.14953971	1.44349881	1.19977212	1.53808620	1.50137530	1.21585580	0.42118014	1.32330205	1.77822573	1.12191106	1.21718167	1.19706196	1.44367577	1.72057289	1.54420103	1.19732090	1.57083193	1.64124485	1.48078939	1.22082070	0.82089136	1.41622928	1.39093102	1.08615909	0.90373398	1.37966651	1.19008484	1.25113100	1.48148568	1.57028312	1.58779015	1.23148721	1.63900983	1.09063190	1.78711232	1.48971693	1.46546535	1.50091908	1.32615746	1.10809972	1.55599189	1.48940793	1.79264410	1.76505893	0.41298147	1.46038803	0.96626534	1.64472393	1.58266113	1.41393169	1.32122204	1.23182960	1.81122975	1.39430730	1.32610682	1.82333466	1.01273276	1.54588694	1.30257174	1.36448139	1.34678965	1.71542383	0.94646002	1.35501866	1.13548363	1.64564327	0.55922849	1.59646848	1.02841323	1.69353760	1.70846097	1.17198654	1.42905716	1.68305095	1.41625798	1.58657428	1.46345072	1.23280142	1.20349292	1.81100803	0.79949038	1.38087032	1.17438229	1.85118707	1.32313013	1.17939571	0.99313176	1.22041245	1.57370860	1.40685735	0.68708857	0.90318827	1.45680451	1.21660205	1.55758832	0.92752837	1.69098534	1.63509805	1.52919533	1.86129186	1.22655845	1.72200076	1.23567302	1.13126055	1.53141780	1.43443802	1.45237305	0.89747999	1.65257500	1.27313205	1.22364950	0.98291807	1.53793488	0.93165470	1.81046696	0.71735821	1.60299691	0.49136701	1.60451898	1.23149071	0.64719254	1.09163292	2.03198726	1.22669641	1.43524534	1.01240673	1.26206610	1.28063745	1.72824433	1.57676909	0.75562842	1.41885919	0.79747075	1.14437312	1.44026676	1.71355230	2.06328764
02_138	1.49766007	1.48473181	1.47651531	1.47455582	1.35590157	1.60306211	1.51398299	1.64387836	1.11890338	1.38803780	1.52908548	1.59470302	1.61869663	1.54711486	1.27705660	0.95887906	1.63786905	0.72885252	1.12619429	1.76639965	1.51344589	1.12377801	1.63890822	1.61121670	1.32470522	1.08040422	1.50135324	1.70093547	1.12810402	1.55785612	1.33950410	1.31498297	0.89103762	1.36403809	1.48992770	1.55606168	1.30304027	1.01629449	1.57660641	1.34391790	1.69457844	1.37660471	0.75741082	1.38846003	1.72174192	1.45445592	1.43418439	1.77485590	1.30609667	1.37220586	0.73514613	1.34333204	1.45537708	1.18732184	1.48426328	1.30701397	1.00360608	1.75618826	1.21886367	1.21871936	1.82700554	1.34052061	1.29243626	1.20666322	1.43361834	1.71003906	1.51725929	0.78246550	1.06819747	1.14415845	1.01503425	1.25064334	1.09308280	1.36248181	1.77277270	1.64399109	1.24546550	1.63674177	0.92305578	0.67232306	1.12671327	1.30443889	1.39250087	1.05688164	1.82067300	1.52846864	0.90511606	0.65530282	1.08399762	1.30473711	1.46133036	1.15354053	1.04420277	1.55023263	1.33888165	1.14251505	1.29899192	1.20631559	1.16601854	1.14538531	1.07282353	1.63630203	1.21379189	1.49346166	1.47045540	0.84047857	1.69414489	1.52916059	1.20444738	1.71281236	1.20302142	0.82390793	1.47621005	1.25133114	1.01843648	0.74567944	1.32035310	1.43541867	1.13640123	1.01941484	0.81452867	1.41245769	0.78588088	1.61851331	1.24717177	1.47199034	1.34521346	1.14077036	0.68388577	1.00876591	1.33427764	1.59868444	1.33009207	0.75032725	0.99032495	0.64146626	1.10737628	1.19795781	1.07477979	0.98083810	1.31132799	1.23295854	1.31175489	1.34427773	1.25614711	1.33072358	1.40666990	1.13107906	1.31126682	0.95793680	1.66331147	1.19869446	0.66183297	0.82568673	0.94315862	1.43039158	0.98265657	0.83603196	0.85701492	1.12460491	1.05057237	1.51964160	1.12380929	1.26018434	0.28778737	1.64197786	1.66076257	1.13198507	1.18054984	1.23029200	0.74804495	1.04834042	1.32685405	1.02434469	0.54388418	1.08575145	0.81524128	0.53728734	0.80332494	0.49657339	1.88186294	1.40295356	0.96694776	1.45670581	1.18287718	1.58617747	1.06116566	0.92116760	0.83379721	1.27740865	1.31972725	1.19303120	0.48291555	1.06530029	1.79406810	1.04763423	0.79397374	1.50077271	0.82672866	0.39525469	1.36619656	0.68268963	1.34992826	0.69024964	1.17745182	1.28559108	1.11381210	0.96718653	1.16343481	1.54096723	1.42967757	1.24772267	1.10450354	1.43015693	0.81890470	1.19856034	1.51740261	1.57743940	1.39677602	0.59209036	1.03991090	1.26201274	1.36385791	1.03368768	1.50592163	0.68259819	1.76843547	1.39145802	1.05980905	1.44138553	1.51979820	1.27404821	1.20264012	1.47842197	1.12100521	1.66299796	1.32688992	0.18212811	1.18743286	1.05721078	1.02373627	0.88537870	1.41061128	1.02210811	0.59648828	0.35931957	1.04314760	1.01344410	1.01346971	1.74174208	1.24770779	1.25442751	1.27185724	1.40047241	0.91993036	1.53641377	0.45136505	0.75732705	1.10847732	1.01280789	0.85646308	0.48972750	1.45885434	1.21308396	0.80322477	0.95137472	1.05062032	1.04845732	0.57769041	1.33871778	0.72778552	1.03824381	1.40375413	0.82455730	1.18013503	1.70896656	0.89442185	1.33292320	1.13101557	1.42199087	1.19909953	1.43559110	0.87265952	1.27010986	1.02849914	1.44144872	1.30768036	1.11227817	1.21666383	0.83413208	1.18481246	0.84492269	1.47623509	0.79622885	0.96893418	1.15401549	0.79851021	1.08894606	1.59082482	1.44583945
02_65	1.10178293	1.11997354	1.17937445	1.13109942	1.44184921	1.64696813	1.45400542	1.17711781	1.35558133	1.02080391	0.97007481	1.01482307	1.08379106	1.01141024	1.24252993	1.31184582	1.49518231	1.24319760	1.32144790	1.35422042	1.19398417	1.36995733	1.02245313	1.01781852	1.36002338	1.36122017	1.31298463	1.35064287	1.13723907	1.11612828	1.48222265	0.91702506	1.33634586	1.56797392	1.50930481	1.36898032	1.65550113	1.38959936	1.50811537	1.41218493	1.33557460	1.63635000	1.36677257	0.97610510	1.12440878	1.07595136	0.78537169	1.27724653	0.92377434	1.05193205	1.16380177	1.34659282	0.75365382	0.85640664	1.05177200	1.62583566	1.52541908	1.40357995	1.52227960	1.22539615	1.47532157	0.96421774	1.11636884	1.26806563	1.03236070	0.99979780	1.62031120	1.38164384	0.81476850	0.89341373	1.25822738	1.57259184	0.95996747	1.26410337	1.20474419	1.05193539	0.81084290	1.48328169	1.46505777	1.20616534	1.13464426	0.56701419	0.66265207	0.76253210	1.36581214	1.32778914	1.16520842	1.36303767	0.98590608	0.25999445	1.35935854	0.64852959	1.29899619	1.32168190	1.56089452	0.87793646	1.14627619	1.15896343	1.05487504	1.26789404	0.75259832	0.75160571	1.15759649	0.76216033	1.13429270	1.20866660	1.75287237	1.17333026	0.84523611	1.14400106	1.51578067	1.05694670	1.37968977	1.33699244	1.26586377	0.96657435	1.21881504	1.48018058	1.22421285	1.23162938	1.53757474	1.01187032	1.16033483	1.12078887	1.28858312	0.53151177	0.56283034	1.26995925	1.24581413	0.94288832	0.43111424	1.59173104	0.86676327	0.58430196	1.15387301	1.20606366	1.51033633	1.61002838	0.58062464	1.07169432	0.90986881	1.49551692	0.33060320	1.41784952	0.34339250	0.84421898	0.25772628	1.05133324	0.89063258	1.21338786	1.37908145	0.46937825	0.95483554	0.86399308	0.91883911	1.02197510	0.96047002	0.81584567	0.99992682	1.01466979	0.65278576	1.39785523	1.36771975	0.63862608	1.20914622	1.28555436	0.92569420	0.76953067	0.62087665	1.41801339	1.28555094	0.71555565	1.40109762	1.17315833	0.97579516	0.35526381	1.33496559	1.19994478	1.38031373	1.04620706	1.10949934	1.26650761	1.00157039	1.52386026	0.47121235	1.28986541	1.03330865	0.81218398	0.62213669	1.23471686	0.64687450	1.49384958	1.03259918	1.30189062	1.33591229	0.94627377	1.43822572	1.14586185	1.04029056	1.30166521	1.20050164	1.16627901	1.04469449	0.88229172	0.57563008	0.96180356	1.05480797	1.37098239	1.02663890	1.58516513	0.69596650	1.57867178	1.13007762	1.25677126	1.07617182	0.91341619	1.12616433	1.88870189	0.62486883	1.28356191	0.57178831	1.47530553	1.53075373	1.51870786	1.06956111	1.13203383	1.11483393	1.37802142	1.12816126	1.51846553	0.86703618	1.45619359	1.03157645	0.73962801	0.76238880	1.38928533	0.42657166	1.35171933	1.35270422	1.34619425	0.74797565	0.79645505	1.10534581	1.39120263	1.30534688	1.13716928	0.92982861	0.65613737	1.62377167	1.41693486	1.34402396	0.65420483	0.63855181	1.24953903	1.25278014	1.16631069	1.10054365	0.92837295	1.11605243	1.15574979	1.04663546	1.08116142	0.83127807	1.40946166	1.40344679	1.49992931	1.11646401	1.31864369	1.37558479	0.98034187	1.25553068	1.01456621	1.55699343	0.87994890	1.50316406	1.31638681	1.33778192	1.07348635	1.49862393	1.37284119	1.43379064	1.03489420	1.07157152	1.30388591	1.27088793	1.18364753	1.02303536	1.38231397	1.85473637	1.49068471	0.89342318	1.50103472	1.38588941	1.40911989	1.34580321	1.45440120	1.18389045	0.88365549	1.45160556	1.33067552
02_164	0.73795224	0.91132861	0.79403222	0.98149580	1.11548373	1.44161516	1.34345149	0.87025878	1.15212359	0.80059463	0.83329598	0.86744155	0.73037911	0.72150751	0.96508126	1.15425049	1.35108663	1.19234340	1.09439074	1.21282225	1.00098795	1.18642051	0.68058734	0.68890314	1.01825548	1.12371436	0.91192789	1.26457332	1.09811676	0.71879364	1.46835385	0.85829543	1.24421245	1.38183452	1.38141331	1.43872708	1.60516217	1.20366521	1.26533381	1.06765490	1.31795877	1.56494038	1.30965682	0.83447624	1.00102001	0.94949528	0.69124514	1.29724192	0.84301016	1.05031656	1.09446795	1.26129517	0.61204888	1.08817266	0.87569926	1.61126247	1.35450189	1.36957625	1.24931625	0.97315330	1.29604352	0.76972886	0.92251209	1.09116488	1.24647479	1.03711088	1.45271905	1.35475814	0.94149200	0.93378877	1.19109191	1.53158066	0.78150585	1.37639725	1.10717085	0.60871857	0.78133153	1.37538172	1.35152725	1.12745469	0.89137990	0.77594137	0.51724281	0.63011175	1.11563990	0.94107876	1.03363401	1.34860645	0.81303236	0.65606427	1.51124863	0.90532938	1.06321363	1.21467551	1.35248481	0.97389429	1.13418367	1.11080605	1.15976635	1.46165910	1.17980830	0.50193078	0.88085948	0.88260266	1.23556705	1.11275589	1.48736922	0.89022265	0.84626585	0.69514818	1.29451661	1.13062873	1.46846471	1.47833215	1.11460977	0.94807750	1.39315811	1.13699971	0.94385994	1.11280901	1.50898553	0.95567833	1.17574554	1.13664914	1.24475635	0.28973199	0.89047207	1.11937170	1.37576900	1.28707135	0.74430005	1.38278372	0.47193440	0.92497865	1.27941681	1.20127338	1.73535645	1.61257727	0.85523129	1.13486776	1.07182467	1.15278853	0.79944148	1.16857306	0.45471340	0.76839707	0.58551649	0.93414880	1.20687987	1.30605819	1.19063199	0.85202180	0.91728995	0.96701248	0.70356100	1.21182264	1.20149155	0.97806323	1.15113365	0.92037189	0.99720663	1.44711835	1.24891588	0.90091597	1.40903650	1.09456296	0.50473245	0.59664261	0.59826376	1.42754005	1.28069346	1.12155137	1.02266805	1.07430809	1.17602454	0.61297563	1.34698186	1.32918373	1.37202580	1.31029074	1.11577635	0.87962935	0.98690982	1.31623242	0.73207056	1.23426285	1.15248712	0.89913147	0.89301951	1.17061037	0.61700540	1.57829973	1.23910833	1.14785056	1.02834183	1.14939296	1.28009628	0.89488105	0.99697423	1.39591196	1.11234436	1.04626667	0.82208801	0.98277465	0.53743550	1.27252626	0.96732044	1.31514739	1.08490724	1.31768309	0.37067236	1.58363186	0.93037995	0.76490648	1.18907589	0.94202473	0.91138865	1.68633108	0.56194427	1.34121519	0.89107698	1.07711599	1.45491692	1.73403717	1.07576344	1.09411508	1.00791352	1.15110244	0.99967089	1.30884206	0.29887932	1.07569059	1.31431150	0.53619697	0.71898799	1.33556595	0.45086859	1.45892011	1.12229824	1.04209735	0.93810518	0.76596518	0.97350147	1.21693546	1.31512922	1.09758502	1.20324727	0.84356193	1.73090023	1.34864617	0.92502062	0.42702672	0.71983297	1.22903279	0.99249100	0.57052368	1.14261262	1.00809174	0.83273786	0.98848135	1.29967119	1.38252881	0.57944354	0.97395378	1.37103161	1.57516755	0.91933048	1.01826620	1.24528334	0.38797032	1.13982859	0.87676170	1.04795399	0.80262994	1.10794199	0.71133803	1.13695250	0.76256134	1.45281538	0.98874421	1.21475746	0.52129903	0.97349894	1.19160728	0.90243623	1.02357493	0.98777621	1.47290881	1.80720575	1.44813418	0.77162230	1.37655769	1.51411704	1.33241580	1.41436833	1.31102285	1.13207020	0.89165487	1.20161085	1.16895024
02_142	1.61834073	1.26303569	1.67651738	1.72453398	1.85911893	1.54204386	1.24806844	1.73309382	1.74816031	1.47882283	1.42091803	1.23071516	1.62716241	1.52038217	1.66638177	1.69510945	1.29146747	1.67104023	1.78778684	1.16223054	1.73294393	1.74289590	1.48764129	1.60185939	1.84024861	1.84804022	1.79370852	1.08450417	1.51664507	1.63006547	1.39385187	1.50150399	1.73199092	1.65150181	1.37801161	1.20406905	1.57027143	1.79167226	1.46426558	1.84575188	1.12894316	1.50410910	1.76698529	1.48160315	1.10282228	1.69889894	1.03600521	0.90345122	1.17738812	1.38770866	1.67393091	1.23434001	1.29959102	1.11224511	1.20334007	1.48906651	1.95562072	1.37941385	1.99793735	1.66318717	1.44221197	1.48302346	1.70887078	1.64037927	0.58790064	0.72927653	1.64765365	1.62964310	1.45024361	1.43911169	1.58771896	1.41708408	1.38523902	1.02962534	0.91290661	1.61683606	0.96312630	1.45112293	1.69585500	1.66016433	1.67390503	1.08213818	1.39618257	1.37017873	1.35110701	1.58644598	1.65267351	1.75566027	1.44973375	1.05824083	1.06440265	1.18900307	1.78772572	1.59666311	1.73522686	0.93101807	1.58915810	1.25769191	1.46740403	0.93377985	1.32533000	1.31034762	1.65670737	0.65511675	0.62012432	1.61720400	1.64677802	1.74487786	1.22573524	1.64608091	2.02130597	1.45277246	1.17818138	1.10875036	1.59297073	1.45127724	1.08583660	1.92013538	1.73819034	1.79752189	1.85284522	1.35606863	1.71768429	1.02454771	1.15060316	1.26813131	0.76050024	1.60068527	1.76498474	1.05077818	0.64338921	1.45982663	1.42653220	1.21509226	1.06175526	1.54666174	1.33892365	1.37651251	1.25156497	1.68930209	1.57921241	1.92236922	1.00422490	1.94230315	1.06999759	1.27509461	1.09166938	1.55758827	0.52607808	1.27232445	1.13066575	1.11053495	1.45105101	1.38543203	1.37041471	0.61935788	0.81732541	1.22623804	1.10004209	1.33419386	1.34766471	1.37843989	1.48138338	0.58691547	1.58350527	1.17182146	1.38324695	1.41721775	1.23822949	1.30938600	1.69214181	1.27399013	1.77711829	1.57022594	1.39054296	1.03994518	1.84103677	1.67305737	1.69924511	1.52360226	0.95860708	1.77775934	1.50483801	1.38839273	1.08578956	1.18552757	0.87662297	0.98793636	1.13779174	1.27670211	1.01905800	1.51653652	1.49915819	1.86349853	1.27392694	1.40085002	1.79396883	1.71433203	1.59991264	1.72797209	1.54892855	1.64537368	1.37745635	1.43624495	1.24834197	1.23872830	1.65811405	1.35147923	1.40682022	1.50626101	1.34417752	1.63270669	1.62211988	1.72073017	1.39135665	1.49986740	1.23716284	1.85974705	1.34616366	1.38715760	1.08808296	1.90150320	1.46111743	1.26250976	1.30757682	1.45525407	0.79169788	1.57519691	1.61972873	1.29361604	1.45105766	1.79577656	1.10689887	1.45391345	1.15562692	1.33259349	1.13958462	1.68876566	1.80310105	1.82467636	0.86842836	1.22121354	1.53146963	1.60563137	1.73831573	1.51411615	1.37329671	0.97853983	1.35191054	0.93684008	1.70548291	1.17600784	1.00165215	0.68044815	1.54409130	1.60549300	1.40071114	1.36460548	1.19554850	1.66165993	1.23070552	1.54911174	1.40109069	1.78211841	1.84610196	1.27112482	1.40152450	1.76093426	1.73513967	1.44685276	1.44005099	1.45430883	1.87014746	1.13744086	1.76536142	1.67246499	1.50744725	1.55548260	1.06154423	1.80798119	1.29450004	1.39702079	1.33082403	0.84639193	1.51622096	1.60208985	0.63670488	1.11280229	1.59781554	1.77748577	1.07780757	1.88466277	0.80591159	1.23413816	1.75348084	1.13880821	1.30798417	0.91175324	1.74027625	1.67949164
02_136	1.23513576	1.41469091	1.29857104	0.79400666	1.54468814	1.83847825	1.76127932	1.02735493	1.58913703	1.38326742	1.38285130	1.38965826	1.12774166	1.25664073	1.49632754	1.39171318	1.77294016	1.43224943	1.29273092	1.56306070	1.00284758	1.64269746	1.22183558	1.00230842	1.32888512	1.30190745	1.37659363	1.69485588	1.11147918	1.22393001	1.43923825	0.92910311	1.44700881	1.52490549	1.64192229	1.41899290	1.66827478	1.51496554	1.67781152	1.50334049	1.52678044	1.72722352	1.47656774	0.92948231	1.43768265	0.68285667	1.10474865	1.72246945	1.17358357	0.85459827	1.20679523	1.65650471	1.19875733	1.01140003	1.43303062	1.62833544	1.40748253	1.19920888	1.34603353	1.48632878	1.37554875	1.12442686	0.80139415	1.62331138	1.45058935	1.36136530	1.46314680	1.38823605	0.71517685	0.99109288	1.68314406	1.84728395	1.05975325	1.40749329	1.48210292	1.08699188	1.06210080	1.25551029	1.56038126	1.29489026	1.14526093	1.30688554	0.66805807	1.11150807	1.45275044	1.37105826	1.11385890	1.47412204	1.22725247	1.10690442	1.54912167	1.17116648	1.20199024	1.12552888	1.31303803	1.33463547	1.18708558	1.19660429	1.27190483	1.61445534	0.97508360	0.86542858	1.34021944	1.31739572	1.63972920	1.33369630	1.78597419	0.90234944	1.43278515	1.19102824	1.19913192	1.55262553	1.61248017	1.68205232	1.63382680	1.29027252	1.18788433	1.56399545	1.18308172	0.89627373	1.67737748	1.50477659	0.88944018	1.16149942	1.67928724	0.85500103	1.30660005	1.65725116	1.09674252	1.18973206	1.09626776	1.70566441	1.01468097	0.97979679	1.65619604	1.48295513	1.58925149	1.76142629	0.75072871	0.71241505	0.45681816	1.40134023	1.19377168	1.02537479	0.92688052	1.25797329	0.84038943	0.88287237	1.51126314	1.29049271	1.60610328	1.18371041	1.13743534	1.24915895	1.20755643	1.51160471	1.38828941	1.41402424	1.42048392	1.50663347	0.71021770	1.16918795	1.76303620	1.30517362	1.39470567	1.36942586	0.94738976	0.59935567	1.16293192	1.87933767	1.26772058	0.94726615	1.46781051	1.27191463	1.41020416	1.00092159	1.05139365	1.17755361	1.49049147	1.14880708	1.27313862	1.02245573	1.37192467	1.55428795	1.11031804	1.35855384	1.19971895	1.40058631	1.06017865	1.42295050	1.19750155	1.38252130	1.04678718	1.03215141	1.37468828	1.03918869	1.45328935	0.68817760	0.95584388	1.25768764	1.11329152	1.07293230	1.43345569	0.73562344	0.93348958	0.88236521	0.46617958	1.72570852	1.21224157	1.60522946	0.56441409	1.32105714	1.19870767	1.22633609	1.56264755	0.46834015	0.93325773	1.64066866	0.41332588	1.36304262	1.00331644	1.31482677	1.29365835	1.62885997	0.72434683	1.49972462	1.29624713	1.40321413	0.76537174	1.69141970	0.79472206	1.56652523	0.99071573	0.81496557	1.24471546	1.49300241	0.69684945	1.38714774	0.88777062	0.98888394	1.12213803	1.21868046	0.44710294	1.74316463	1.21954139	1.20013808	0.89682648	1.26767183	1.66933875	1.78628260	1.31451057	0.49079095	1.23841948	1.66830078	1.47482121	1.03707506	1.34843851	0.81081165	1.26077087	0.72859962	1.07186302	1.30880166	0.40779865	1.24355487	1.04540520	1.51303277	1.27749703	0.99876790	1.12612061	0.85936683	1.55860126	0.49428341	1.44464385	1.06067971	1.56874020	1.17537432	1.61371862	0.35313695	1.72142427	0.95906109	1.70713883	0.78522335	1.36700313	1.63996351	1.32813255	0.38312980	1.34536244	1.34812823	1.83242843	1.52485164	1.28967778	1.06570906	1.47128132	1.59782126	1.42286778	1.66058127	1.50462818	0.95674634	1.00783332	0.53152921
02_125	0.80991546	1.00768807	0.65967321	1.33466900	0.42670325	1.01698765	1.15867215	1.15859824	0.67246947	0.96966259	1.26062344	1.25918424	1.02727251	1.03654640	0.61577738	0.75455378	1.20129528	0.91506768	0.75781476	1.37001325	1.29244071	0.74392953	1.02393136	1.09196677	0.51668063	0.59841333	0.50469119	1.38744383	1.25139656	0.82929625	1.41461055	1.30689497	1.03233877	0.99625056	1.14987512	1.72208556	1.32326136	0.75207867	0.91971532	0.36166467	1.58607978	1.31358370	1.01369552	1.24392023	1.34552140	1.34589242	1.17320480	1.63696071	1.14926645	1.45680417	0.84284922	1.12189604	1.19540408	1.60209023	1.11578831	1.48635415	0.93219782	1.66274916	0.68556793	0.57391519	1.44999606	1.09724367	1.09909785	0.79810078	1.66724481	1.51820696	1.24155380	1.10222596	1.42930704	1.36554947	0.98910633	1.26164913	0.81631954	1.62463233	1.47021431	0.89832728	1.07105650	1.50410543	0.98299717	0.85646916	0.66611829	1.44831765	1.18443432	0.77457549	1.16601654	0.57521361	0.95827136	1.11353765	0.91570082	1.44298103	1.84324774	1.51153808	0.70053305	1.45352485	1.06192202	1.17017790	1.49289307	1.24135849	1.56738171	1.59681575	1.81552103	1.16771447	0.46473494	1.46071813	1.52229646	1.00029100	1.02298174	1.09850461	1.22793625	0.97932711	0.90811955	1.07569513	1.72795024	1.48322400	0.80349929	0.85822623	1.68920805	0.42031024	0.49886896	1.03829143	1.25763324	1.35152801	1.21301020	1.52013328	1.20947546	1.15362207	1.53803379	0.89650042	1.41451204	1.73716732	1.46767057	1.02134406	0.80967841	1.35763161	1.28784641	1.10427420	1.82681913	1.45219734	1.52385126	1.33648688	1.64864861	0.47428998	1.59555489	1.05285314	1.30912141	1.29307671	1.41575967	1.23330523	1.64314937	1.28834873	1.20903227	1.53121388	0.88346239	1.08884321	0.71338951	1.53999665	1.46018474	1.22243157	1.26416516	1.08861355	1.60835234	1.66734379	0.99622007	1.50940974	1.47608960	1.13843755	1.03468993	1.05817795	1.05351015	1.22720111	1.27810468	1.77849048	0.22924107	1.17615237	1.26869042	1.30345117	1.28608957	1.33342638	1.32806263	1.54893869	1.62786088	0.79696434	0.89039316	1.09455327	1.43765386	1.33477341	1.38540728	1.16761905	1.44393794	1.08957554	1.29202026	1.52996480	1.48353481	0.89156956	1.16957692	1.67464820	0.91313235	1.26416674	0.98247508	1.35615515	1.42601514	0.84824747	1.09067045	1.31098978	1.07339414	1.81826590	1.24487197	1.08907750	1.54321867	0.89931169	1.14544463	1.49380414	0.74789149	0.34403399	1.26911143	1.50002370	1.25822373	1.29428331	1.34859489	1.30234941	1.59486173	0.34804406	1.38304169	1.85179416	1.50357080	0.96842312	1.48268730	0.73107147	1.06360525	1.02808157	0.93261237	0.36250127	1.84862385	1.07841053	1.22404878	1.33719343	1.36108484	1.44238049	1.09987890	0.72092979	1.50418023	1.03076161	1.43385236	0.93853400	1.24216478	1.02794608	1.82060812	1.39461907	1.71417241	1.66567134	0.25898800	1.18935591	1.46577386	1.46229682	0.65870158	0.75043937	1.21178153	1.44738340	0.73867982	1.08382926	1.78283621	1.56750720	1.33452005	0.52405289	1.30219518	1.59349065	1.14305447	0.77258639	1.09637848	0.74730832	1.01222985	1.30560909	0.23266023	1.23867662	0.50818842	0.91185558	0.95954974	1.25309720	1.40450454	1.05064848	1.08760014	0.99831365	1.10098693	1.33622527	0.61771965	1.58200960	1.50533126	1.83132033	1.61939828	1.37920070	1.34677734	1.27629022	2.02999176	1.25725277	1.48313258	1.22223115	1.24436833	1.51240709	1.42111278	1.64363459
02_317	0.87836161	0.92625409	0.78065475	1.41739816	0.57523221	1.03477941	1.06111150	1.28241732	0.40890971	0.78580133	1.06799675	1.12602478	1.11933670	0.99804966	0.47372300	0.62409226	1.13615277	0.62400172	0.74595197	1.36012330	1.32522653	0.40857325	1.07531855	1.20326324	0.71530857	0.72443470	0.75759655	1.27693046	1.13092888	0.93260439	1.39554635	1.23343510	0.73626091	1.05901267	1.15161287	1.62195761	1.27638385	0.52419535	0.97596626	0.56395371	1.49393874	1.20978821	0.73500760	1.22208190	1.29996951	1.44773397	1.13152486	1.46273185	1.02944591	1.45669775	0.77392958	0.93684734	1.05615964	1.44627142	0.94752770	1.37072225	0.88070006	1.76057158	0.87861014	0.45053221	1.55592212	0.98849495	1.20366092	0.45930786	1.49617397	1.51089457	1.33552715	0.94753239	1.34666451	1.19740010	0.49288057	0.99701826	0.78760711	1.48543162	1.43534935	1.09561418	1.10553220	1.59096009	0.71755392	0.66498457	0.72722617	1.16336265	1.25290033	0.72771224	1.33712983	0.84792379	0.83981591	0.81062148	0.67531601	1.26399932	1.62760914	1.23082508	0.74939474	1.46846086	1.18868408	1.07901448	1.30101292	1.14389824	1.27755762	1.36367293	1.62488226	1.34003857	0.59231566	1.30997470	1.31068377	0.69640663	1.17375893	1.26295029	0.85630988	1.11810602	1.10339797	0.73345456	1.48546379	1.37780106	0.31151878	0.62259363	1.67982498	0.65810314	0.78547166	1.15040950	0.87317267	1.01822102	1.22702565	1.56921541	0.88489764	1.21141175	1.29947465	0.43444252	1.36920973	1.51293345	1.34248233	1.15319194	0.84134038	1.17881914	0.98798892	0.65312072	1.68773234	1.22558394	1.38360348	1.41944140	1.69241971	0.66031906	1.38882228	1.21512588	1.17271169	1.03393890	1.41354261	1.15089298	1.43451162	1.22752554	1.18995810	1.26822564	0.75697644	0.95386428	0.45802807	1.41374532	1.26255265	0.88500488	0.94234067	0.64410455	1.51367218	1.72961961	0.50403375	1.25358104	1.20743856	1.32509804	1.23165469	1.09379425	0.86287682	0.88924077	1.02705377	1.58166618	0.53961486	0.90028195	0.94488321	1.15469511	1.34367560	1.23631042	0.96050335	1.33395267	1.75747862	0.99438282	0.79395312	1.09264204	1.18725136	1.50434023	1.28844963	0.80847972	1.15172744	1.17800224	1.05777018	1.57977599	1.30358012	1.11449609	1.31287133	1.43829339	0.64609157	1.39838398	1.05576407	1.16930713	1.31582996	0.85090456	0.78563602	1.22140021	1.09631984	1.76274512	1.36666457	0.64931466	1.25654779	1.09373083	1.26462004	1.60803565	0.91633592	0.72949568	0.96232725	1.49242142	1.35116454	1.44700616	1.45604923	1.03613695	1.34461368	0.69898510	1.49748529	1.65459130	1.64460917	0.53502113	1.54021371	0.99948696	1.25907901	0.96695591	1.14129557	0.32415330	1.73457092	1.28689569	0.89245863	1.53355466	1.35196718	1.16525506	1.20600877	0.94058649	1.22481769	0.82073400	1.54930474	0.33649269	1.05503510	0.78011370	1.64239613	1.12150183	1.51922111	1.41868129	0.63969668	1.25129452	1.18712393	1.18801847	0.21150622	0.95662865	0.90300017	1.27249208	0.73914795	1.24846677	1.55983189	1.31662544	1.47469784	0.63820160	1.35574496	1.45585299	0.80110133	1.01519887	1.02545442	0.94386139	0.53550674	1.30992702	0.65187431	0.95187732	0.26634629	1.08839232	0.49194821	1.39908148	1.16272418	1.16925245	0.67110579	1.19723107	0.86627143	1.03541150	0.55329874	1.69415104	1.31407404	1.60318919	1.39981930	1.02369980	1.03580710	1.33344096	1.84061469	0.90317557	1.20186287	1.02649423	0.89304030	1.34131383	1.49952113	1.74912454
02_172	1.02107971	1.22422564	0.94049609	1.07059478	0.77252444	1.26354742	1.39902468	1.08881693	0.88050830	1.20342604	1.43633703	1.44355402	1.13740420	1.22788161	0.94649260	0.65131372	1.42172789	0.85429780	0.54793659	1.51179797	1.06624677	0.95226046	1.25527797	1.16060714	0.58934853	0.48513599	0.85441336	1.58322758	0.96712617	1.05567281	1.20631990	1.16488351	0.81664431	0.84445089	1.22150132	1.54890092	1.14290695	0.71642102	1.17894558	0.76964536	1.57682850	1.19690296	0.80091209	1.11640395	1.53126095	1.09495647	1.33337487	1.82084169	1.18730085	1.21712132	0.74270116	1.27375032	1.41130427	1.45157932	1.34247053	1.23779888	0.46629844	1.49252464	0.32724591	0.93554168	1.37384099	1.10814194	0.81476296	1.07750123	1.75477962	1.74366954	0.98963959	0.80409073	1.21203142	1.19957608	1.19970102	1.30638787	0.82950419	1.50922099	1.66151783	1.14363776	1.27796041	1.28000363	0.79053827	0.74646833	0.64350840	1.67156466	1.22962972	1.09008937	1.37530110	0.91659184	0.66822795	0.87486629	0.97835917	1.66272258	1.70601028	1.53510119	0.44480288	1.16461753	0.68947009	1.47330605	1.26498241	1.07782155	1.40230078	1.61439476	1.68927968	1.40448379	0.89639960	1.67768478	1.75020476	0.83491699	1.18923120	0.93263284	1.46352384	1.19842128	0.36607260	1.35223316	1.61017930	1.67239710	1.11378576	1.03948395	1.58598889	0.79936179	0.75937547	0.63476003	1.00768616	1.52047158	0.88089326	1.52005916	1.36032653	1.42066667	1.72437110	1.14877293	1.14647098	1.59377268	1.68774144	1.28549708	1.03407441	1.37821064	1.53313430	1.06542528	1.66235734	1.33590035	1.43821409	1.10347945	1.44243416	0.41284050	1.83331815	0.57074158	1.50533173	1.41707924	1.62011667	0.96500780	1.86646212	1.19003878	1.43741952	1.63979462	1.01837251	1.33299459	0.97954826	1.75923387	1.59781807	1.49767348	1.29673745	1.33852054	1.48749451	1.42664805	1.23201384	1.70399459	1.38239578	1.41822598	1.28191443	0.98336801	1.29296091	1.46439008	0.91725499	1.67663491	0.77720645	0.99046588	1.36856249	1.54953964	1.02592820	1.15880359	1.05437180	1.35650887	1.85895660	0.65193123	1.22618122	1.10136747	1.56108871	1.56437891	1.39932704	1.45630887	1.45371492	1.41454891	1.51672821	1.37433893	1.30116785	0.69241778	1.36618813	1.46945881	0.66374647	1.03514018	0.97836935	1.05376073	1.16687249	0.76339012	1.32398707	1.12915596	1.39086798	1.62773493	0.97251926	1.24203933	1.40548648	1.15048223	1.25605491	1.29796180	1.09888443	0.81466797	1.56217373	1.26864910	1.19517463	1.00400578	1.43880129	1.08505487	1.60973986	0.41742796	1.19790158	1.71268386	1.37965579	1.19238952	1.71664776	0.97994542	1.00863994	1.25200177	1.20726444	0.81446627	1.67196589	1.36357765	1.40301012	1.60181147	1.55509423	1.20640260	0.60822819	0.39393422	1.51272084	1.36120827	1.18738848	1.21970118	0.85166796	0.95335836	1.64980162	1.67102696	1.54905948	1.83186130	0.82308676	1.29598758	1.70580714	1.69734440	1.00026094	0.99675068	1.32051364	1.26427002	1.13284729	1.01033015	1.61388678	1.42374739	1.43632479	0.48942799	1.00998235	1.51880843	1.14784453	0.79672773	0.83569982	1.07213575	1.24513472	1.10363388	0.76955627	1.30488097	0.83313213	1.14704924	1.26837282	1.16889331	1.56557874	0.75299690	1.30675637	1.26934054	1.42775266	1.59436790	1.02171101	1.44171077	1.77135820	1.66868852	1.36347870	1.05174868	1.59444813	0.97829762	2.02054205	1.35290922	1.13834256	1.50751106	1.50561030	1.56672744	1.07426122	1.43899182
02_183	1.52865975	1.48808510	1.48554323	1.39660885	1.37112793	1.40296602	1.38935741	1.58132585	1.36243164	1.61096555	1.77729249	1.69509790	1.60833242	1.65423030	1.44546678	1.09577893	1.50064782	1.10698129	1.20866082	1.58001060	1.52645517	1.41827611	1.63833233	1.56347899	1.28908044	1.04407044	1.44798316	1.62237341	1.24408190	1.56055683	1.01771589	1.43877741	1.28063364	1.11421584	1.23122035	1.42746539	1.04529348	1.27251485	1.36992374	1.34328566	1.59038967	1.23926585	1.15029841	1.42101307	1.64168928	1.33397722	1.37566384	1.77917469	1.35444473	1.23955956	0.85000899	1.34217329	1.64182670	1.26670140	1.59194309	1.16163870	1.12599901	1.33493315	1.12194772	1.37074185	1.50252337	1.50858524	1.19742199	1.50117925	1.36755850	1.46729260	1.16871676	0.87560321	1.17850212	1.39046788	1.48143097	1.33421292	1.08661299	1.24829054	1.59932425	1.54581369	0.96147463	1.24173167	1.17084191	0.94795695	1.14680764	1.65493629	1.32673352	1.13148427	1.47805935	1.30726982	1.09440278	1.12991845	1.35702091	1.52610564	1.50495041	1.53740686	1.06698500	1.44106631	1.00589955	1.01198405	1.58103815	1.14518744	1.58603258	1.14167446	1.34786165	1.40527766	1.20858403	1.50344823	1.46200313	1.23151754	1.33751986	1.39701434	1.61438767	1.67229594	1.00934018	1.23615353	1.59640368	1.01157794	1.39457136	1.02559152	0.85725524	1.41267845	0.93751808	0.84346611	1.36994911	1.80027996	0.68798640	1.25926694	1.42266167	1.42385664	1.54070069	1.53225693	0.67254475	1.17540744	1.33379266	1.20828988	1.36154890	0.99696819	1.15793794	1.24169484	0.88603485	1.20429987	1.26242445	0.70150219	1.15906041	1.20436937	1.56523144	1.20003388	1.42004685	1.64610582	1.34246243	1.26187568	1.32915312	0.64661368	1.46837239	1.55117198	0.82301983	0.98557235	1.17717920	1.28088478	0.96566149	1.26740933	1.13567568	1.56481560	1.14896683	1.04244766	1.48807044	1.43819690	0.92650761	1.14423054	1.44764492	1.09156103	1.40882920	1.41966326	1.16788474	1.33251569	1.26150946	1.39359691	1.07553536	1.24713837	0.53972070	0.65414883	1.35527813	0.93853164	1.42665821	1.29568800	1.08098100	1.22126379	1.50826088	0.97344768	0.80152863	1.25790348	1.27323584	0.85349052	1.56262472	0.52716224	0.83218910	0.72872428	1.48239535	1.41183362	1.14201006	1.35812876	0.62161691	0.81575399	1.48531094	0.64738331	1.66898693	0.79153779	1.12178164	1.12420842	0.84653761	1.28858694	1.56960685	1.10035505	1.27924645	0.42038344	0.91022505	1.30179985	1.22234469	1.16314173	1.21735914	1.08563683	1.19901238	0.86319359	1.39050240	1.13130171	0.69533132	0.94769170	1.00555347	1.16933242	1.42963823	0.96470616	0.53050015	1.26056221	1.34477913	1.37858531	1.10821729	1.23174603	1.50487542	1.05423757	1.29889682	0.92179615	1.02735400	0.82153074	1.30348322	1.11816547	1.11574101	1.49590395	0.95089198	0.81266551	1.29058103	1.32966447	0.90871030	1.83633229	1.07491486	1.08343523	1.60630277	1.47273720	1.21454570	1.43809371	0.97463558	1.02543103	0.93596235	0.60364380	1.11395029	1.01404078	1.21685522	1.21338480	0.49027296	0.68991644	1.44735102	0.68416506	0.65235893	1.18097350	1.22357720	0.94304072	1.28226323	1.18128838	1.35849641	1.62666124	1.32540147	1.07483316	1.10735250	1.34280464	1.46560801	1.16101532	1.13404244	1.38357758	1.06868087	1.15294466	1.33530422	1.19880738	1.22647615	1.38059634	1.53537743	0.57116993	1.42752954	1.06788323	1.42018098	1.10491749	1.21961237	1.17417175	1.43132920	1.13689299
02_265	1.49336877	1.25782037	1.47063163	1.54002716	1.34116462	1.19854316	1.07921175	1.65400801	1.12605942	1.37854825	1.51999049	1.44067563	1.61923412	1.53976220	1.27040180	0.93338648	1.20459962	0.85001236	1.13880136	1.38356346	1.53605068	1.12371419	1.59556945	1.63159658	1.33214079	1.14884195	1.49549727	1.29423118	1.06440228	1.55114271	0.90983778	1.37468155	0.92640190	1.02343015	1.04466734	1.18381606	0.83144380	1.03265225	1.21422530	1.34988576	1.30850786	0.87518451	0.84535220	1.38295122	1.44927930	1.54214848	1.28335554	1.40008530	1.14014426	1.28374145	0.92604084	0.93269341	1.48358979	1.10780693	1.29331035	0.80775081	1.05274304	1.46467709	1.26113227	1.23448635	1.49334050	1.35388185	1.36889736	1.18962269	1.08474982	1.42668353	1.15059983	0.64486300	1.23528510	1.22569473	1.03802175	0.75823775	1.03657632	0.94953008	1.42255073	1.66179358	1.08030297	1.30080721	0.76253177	0.83531275	1.18208831	1.39014600	1.49305625	1.18400993	1.51309585	1.36475023	0.98657734	0.78942141	1.10628804	1.43887243	1.06937857	1.25725436	1.10314542	1.39660295	1.08610573	1.01001930	1.32849756	0.92215979	1.22444058	0.68490764	1.31691140	1.64187030	1.27701699	1.28632987	1.08082021	0.89341809	1.28274712	1.55580184	1.23569968	1.70260213	1.28032939	1.00648871	1.09268438	0.94835491	1.04719335	0.92156218	1.06198959	1.43283921	1.25541045	1.17164144	0.85905396	1.40162267	1.05070386	1.32462330	0.85654334	1.57166805	1.27399183	1.12915651	1.04704397	0.92807752	1.28069551	1.21138161	1.36761219	1.01931822	0.76115620	0.75410449	0.79245564	0.60663224	1.26358297	1.25370758	1.52415417	1.24246780	1.47859878	1.39470137	1.37845928	1.35032195	1.52426467	1.20144797	1.10593237	0.68904846	1.25043183	1.32937123	0.91610676	1.08915020	1.01708821	1.11582163	0.78677428	1.04424189	0.64115690	1.13899581	1.29996301	1.23725732	0.94713532	1.13657587	0.81021181	1.34463637	1.62312861	1.25287264	1.26017964	0.87987078	0.86870406	1.29260620	1.30551123	1.04475638	0.85237006	1.27435133	1.12937186	0.92573860	0.85247290	0.91230451	1.66775073	1.41941942	1.15145941	1.00424319	1.29936982	1.34780126	0.74857931	0.91474599	1.03784598	1.14286281	1.31859412	0.98186132	0.90431260	1.24519650	1.48436150	1.19938374	0.84683538	1.56362761	1.09326443	0.79126534	1.30167576	0.92507922	1.32474152	0.99394752	1.36306950	1.28584895	1.30739021	0.65567087	1.21965197	1.18761460	1.51662678	1.07236646	1.28347376	1.44980560	1.06573083	1.36689053	1.30156088	1.18610922	1.56817166	0.33732694	1.21775781	1.28582289	1.02079781	0.68560148	1.40093154	0.84523112	1.47570559	1.21256612	1.23585643	0.98154836	1.59249623	1.25595765	1.14450229	1.62208584	1.17818219	1.43691440	1.49335056	0.70415895	1.22782848	1.16824169	0.96429196	1.08264876	1.43854893	1.01985412	0.81550952	0.68522194	1.28820459	1.17524045	0.51753522	1.33988718	1.27678954	1.34574915	1.37042634	0.97916483	0.97491372	1.54164441	0.80126958	1.00355337	0.97780908	1.25045405	0.99088362	0.91228813	1.61204044	1.20716330	1.09589210	0.61130150	1.05753589	1.22196359	0.85233268	1.41841101	0.81757921	1.18707401	1.39618132	0.93431722	1.15338101	1.67799344	0.96387619	1.47132014	0.64575597	1.43294975	0.88225546	1.50051700	1.07288778	0.88783706	1.07960182	1.59296179	1.16014461	0.86923597	0.62760537	0.87693329	1.25150335	1.11428256	1.21088646	0.47100747	1.04346309	0.83248586	0.95476543	1.09417961	1.48952664	1.57784119
02_294	1.20646542	0.88015597	1.13859140	1.61051178	1.06257488	0.45331985	0.57609601	1.45072004	1.15946996	1.27146441	1.46312722	1.21054147	1.34452746	1.32560117	1.11100139	1.12082623	0.56233194	1.32921679	1.19538978	0.81390398	1.54169749	1.18807402	1.25279180	1.40480991	1.11259134	1.19559115	1.09802961	0.81897144	1.35810568	1.21915299	1.00008377	1.54916914	1.35432357	0.74783395	0.56288702	1.30081667	0.91204347	1.20261313	0.42658135	1.07343463	1.09268217	0.81481402	1.37633520	1.42664857	1.03070407	1.63627637	1.11013657	1.13445687	1.10533139	1.44967242	1.34001750	0.70456273	1.44267045	1.55602876	1.04002471	1.04993437	1.34605301	1.30202432	1.24262876	1.11783100	1.01790547	1.36619476	1.45184469	1.18293083	1.25943411	1.12975054	0.87792627	1.21592093	1.69332771	1.58790039	1.32093999	0.85861710	1.05357898	1.19723858	0.96808941	1.29596379	0.99406937	1.11771124	1.13030249	1.31407791	1.18288356	1.65007073	1.51101895	1.26890651	0.74051714	0.73147410	1.32920647	1.45438109	1.24469663	1.68832219	1.42712598	1.69565239	1.21131361	1.39223725	0.97078174	1.13750487	1.66059857	1.04866330	1.72174138	1.21183213	2.02098315	1.37753807	1.13310449	1.24309955	1.05711853	1.32675061	0.35641408	1.42037402	1.44755144	1.31232409	1.38487089	1.46714490	1.33732525	1.21422279	1.22181526	1.31424950	1.41332792	1.10091588	1.20961574	1.46751083	1.52275625	1.51662529	1.61125238	1.14764194	0.89075960	1.49575253	1.50363458	1.23966864	1.79168834	1.66184184	1.44685434	0.44670563	1.21852230	1.64999987	1.19071331	1.41025908	1.57110244	0.99017055	1.76320812	1.73105696	1.93195643	1.11043496	1.82650677	1.43512678	1.57618518	1.48802863	1.65174004	1.49641041	1.42152177	1.15447224	0.55886781	1.73565586	1.36881200	1.52586553	1.16701890	1.17052295	1.32408362	1.55425532	1.20961982	1.34673741	1.87382125	1.35975670	1.08255589	1.41177946	1.79763728	0.74056030	1.23453100	1.41925052	1.37633212	0.99528323	1.54717629	1.98709478	0.97414861	1.41647631	1.60026491	1.60886050	1.71806289	1.70818279	1.54590498	1.84025643	1.32899366	1.23539030	1.39379684	0.49394339	1.65202513	1.06910044	1.13323245	1.30758633	1.67786949	1.09007810	1.42951634	1.38546812	1.79194511	1.43953747	0.73772140	1.85092143	1.30025763	1.56214109	1.48228505	1.69489301	1.49588977	1.36610513	1.31723574	1.64862909	1.49930008	1.80114832	1.62415166	1.01669433	1.69595650	0.42596776	1.46565281	1.39649292	1.35717872	1.06560665	1.62999100	1.76446704	1.07431330	0.90956530	1.68977786	1.30197176	1.79180149	1.08788788	1.05736245	1.58900399	1.43332426	1.36271667	1.06147191	0.79047829	1.47948886	0.34598180	1.35479351	1.02882962	1.76236522	1.52448064	1.45214934	1.10130181	1.66920400	1.74630793	1.40683727	1.27855908	1.49245498	1.43368785	1.58416248	1.27435527	1.56736113	1.42169365	2.02277010	1.63179325	1.40070218	1.15201582	1.03268694	1.45086767	1.66539503	0.99368761	1.15514162	1.18643715	1.56792676	1.70759069	0.86628750	1.55785626	1.86307735	1.86082592	1.67618129	1.07622712	1.70629187	1.38132208	1.36807571	1.36136454	1.51035933	1.24555702	1.33827660	1.58442648	1.02940808	1.46147104	1.05617408	1.24169321	1.32527722	1.60087989	1.02528777	1.37518670	0.93013342	1.35437844	1.49011803	0.98354722	1.12712488	1.84659676	1.37874201	1.62146258	1.20139656	1.59023337	1.54693660	1.69019381	1.70448075	1.17587931	1.68797245	1.00617145	1.52711826	1.55499571	1.45748500	1.87406241
02_76	1.28019837	1.31069285	1.35491402	1.16517887	1.58471654	1.80579028	1.62335307	1.29184101	1.47295696	1.19950542	1.14403341	1.20783912	1.24926774	1.20014034	1.39705343	1.38653014	1.67149986	1.29463982	1.39303238	1.52726176	1.24222017	1.48656168	1.23353142	1.17928141	1.47516810	1.44142064	1.48401955	1.53382828	1.15829680	1.29275466	1.53389012	0.97645758	1.34598400	1.65662047	1.64852094	1.41033973	1.71521594	1.45640621	1.67182029	1.54886600	1.45925711	1.71067473	1.38255363	1.04486657	1.33795510	1.11022547	1.00498836	1.45435166	1.07157861	1.07188906	1.21627816	1.48997641	0.95781908	0.86731605	1.22780053	1.63847103	1.52796086	1.47780331	1.57964320	1.38788714	1.58500746	1.06723664	1.15335693	1.42090355	1.15648415	1.22705105	1.68303175	1.38557371	0.77472609	0.89573364	1.36162042	1.65668846	1.08281659	1.30634235	1.36750353	1.24516792	1.00548087	1.51735472	1.48167628	1.22698568	1.25004699	0.74509447	0.82911325	0.96603403	1.57372415	1.49116750	1.16016873	1.34973623	1.06262778	0.60129975	1.34963946	0.71381634	1.34406525	1.35888024	1.58352015	1.06683369	1.11178234	1.20447484	1.00421358	1.32995222	0.63416233	1.02113062	1.33175919	0.98109235	1.28165871	1.20223136	1.87413733	1.26503006	0.96269031	1.30295358	1.54132408	1.17624965	1.40756374	1.46207757	1.35357768	1.06844795	1.23018119	1.63716727	1.32205290	1.23302385	1.50097916	1.11044758	1.10474544	1.25989568	1.38706770	0.79064789	0.81067534	1.37894287	1.18166958	0.89648931	0.67173668	1.73721512	1.00530755	0.63542371	1.26374012	1.18038520	1.47849679	1.61686444	0.50073915	1.03698821	0.85131200	1.54536457	0.54615902	1.42396121	0.48619716	0.90966115	0.64345473	0.97975500	1.05192742	1.27418896	1.52579373	0.65075392	0.97380320	0.96972697	0.98431762	1.21782658	1.02373770	0.89379333	1.09383713	1.08075225	0.59643665	1.42403103	1.44614835	0.76415395	1.09723446	1.44969908	1.11912631	0.78194720	0.86050384	1.56414900	1.19230813	0.54033258	1.51264034	1.13114879	1.01051029	0.47154443	1.25796763	1.14081203	1.29190995	0.92863891	1.31955425	1.31335631	1.17196869	1.58474445	0.58069500	1.43649235	1.05155813	0.87817987	0.49510767	1.35416513	0.74341065	1.51376535	0.86139211	1.34753291	1.47627895	0.77128395	1.38987442	1.13490153	1.05296899	1.18858942	1.16753234	1.12349772	1.11268514	0.71163861	0.74293837	0.93257622	0.96996375	1.40493630	0.91209341	1.68718332	0.77420085	1.55079571	1.21039935	1.36011460	1.09459001	0.74988143	1.15157600	1.90178693	0.64951440	1.19143488	0.36712058	1.50497514	1.52281026	1.42132984	1.12193126	1.13260678	1.24227893	1.54365610	1.08590963	1.59482723	0.96750034	1.51458240	0.88569507	0.97209880	0.75508751	1.57973302	0.42789631	1.17748203	1.26816406	1.29490875	0.61506622	0.79701030	0.99481861	1.38842114	1.20892192	1.00582931	0.59778239	0.59302656	1.50758262	1.44736590	1.37962543	0.55686979	0.56146171	1.25774137	1.22721823	1.18604297	0.94320835	0.59640571	1.11518133	1.02725471	0.71955051	1.03440613	0.70713256	1.36141112	1.25947901	1.35632462	0.97375465	1.23011278	1.16386450	0.94714883	1.15172099	0.72470330	1.53714863	0.56494186	1.46256499	1.30462624	1.22331555	0.84337312	1.39996168	1.28202798	1.36780314	0.91898366	0.94117343	1.21740437	1.17406369	0.88363905	0.83078901	1.06708931	1.73263315	1.35177769	0.67227813	1.27695601	1.11210491	1.23137649	1.30949309	1.34745737	0.99432151	0.47476462	1.36303652	1.00101810
02_72	1.69740604	1.42766687	1.74849976	1.47775295	1.84434967	1.62319509	1.39994798	1.67779961	1.69506978	1.60752214	1.59374656	1.45776816	1.69432572	1.65443524	1.71471496	1.47735061	1.46260557	1.43417330	1.56963520	1.36523997	1.54033451	1.70196594	1.66640383	1.64564111	1.74446963	1.63866152	1.84330070	1.35259497	1.18477013	1.72788061	1.02798114	1.33719570	1.44027681	1.42905434	1.34420061	0.92725271	1.23905697	1.61289251	1.56546061	1.83884217	1.16826668	1.26778838	1.44535933	1.34467306	1.38592589	1.44731441	1.21587077	1.28534447	1.18454873	1.07583457	1.40326526	1.28702209	1.50137853	0.79676370	1.41646163	1.06934470	1.58460616	1.16605165	1.73591725	1.70334470	1.38983626	1.45436293	1.44129085	1.68643740	0.77188620	1.16921235	1.35882483	1.20310917	1.10731677	1.20388737	1.58515141	1.30758936	1.27817253	0.74202153	1.25649888	1.74666364	1.07742498	1.16100805	1.39640236	1.38026534	1.53619453	1.33871267	1.39331351	1.43930806	1.54735324	1.66307655	1.33098009	1.38688005	1.38913469	1.30659756	0.75841448	1.16513817	1.53534364	1.31610087	1.37906583	1.13215095	1.32239782	0.99094720	1.21516919	0.75441072	0.99322063	1.52116949	1.69248146	1.08188667	1.02474591	1.34662508	1.65300106	1.59923514	1.40101366	1.78341185	1.66031212	1.47310490	0.98394565	1.14122957	1.61126688	1.36672899	0.68817878	1.92090787	1.64703398	1.40297376	1.48349381	1.51222955	1.24758954	1.02619462	1.21177168	1.48339418	1.08986509	1.63637927	1.26342539	0.56812595	1.00739561	1.53987848	1.50089487	1.02901792	1.14680086	1.30657977	0.76437139	1.05143668	1.02439051	1.27860893	1.23112581	1.74641759	1.29036303	1.59972589	1.24267826	1.37542201	1.30219257	1.23561397	0.92248637	0.91703793	1.35374634	1.21195584	1.29487085	1.36854595	1.37187590	0.98120059	0.79423843	1.31240156	0.96026340	1.44676786	1.04180987	0.95765608	1.51241696	0.93360727	1.16742042	1.36814726	1.56992700	1.24231050	1.38443623	1.40145617	1.22262702	0.96308933	1.78414227	1.30810060	1.23688774	1.20026729	1.37406522	1.22900872	1.29468424	1.02810278	1.33213181	1.62293239	1.54087357	1.28382520	1.18981370	1.30845741	0.63379987	1.14731611	0.97493688	1.36277358	1.26211437	1.07982219	0.99742021	1.56336869	1.46459484	1.00709837	1.45806641	1.48843698	1.34989831	1.18848468	1.26272410	1.33637041	1.52108172	1.00037249	1.39080067	0.78922499	1.27019306	1.28669527	1.16897512	1.52672021	1.37940941	1.16556574	1.60484108	1.76180614	1.42617026	1.12384981	1.12742972	1.49901357	1.33849512	0.86726384	0.97484743	1.74439855	1.06282694	0.64206041	1.07346918	1.38489432	1.18698951	1.56200789	1.34033376	1.35053755	1.57684122	1.78853386	0.52076552	1.59405697	1.25487387	1.47793676	1.26875357	1.14672583	1.37813424	1.50524102	0.72805006	1.30519220	1.18421107	1.60729127	1.22095678	1.16251446	0.91581061	1.16592865	0.74007701	1.24248705	1.69279825	1.15161789	1.25190298	0.99737538	1.51164287	1.66034011	1.18549239	0.89102122	1.26704351	1.35205751	0.61234981	1.12138152	1.37835870	1.60673685	1.33164694	0.75450762	1.26412788	1.51710006	1.24840783	1.50415926	1.36017329	1.04340323	1.83511621	0.97108810	1.70209458	1.76097253	1.48426369	1.31469157	0.97264578	1.53975257	1.32044374	1.45352828	1.35616910	1.03533631	1.48977899	1.27684758	0.93907169	0.35536734	1.05960028	1.31954705	1.23680439	1.35859117	0.48732693	1.00277776	1.31928146	1.16747309	1.27923766	0.74271403	1.40131302	1.26547690
02_300	1.36673140	0.92907930	1.40127151	1.61547113	1.52405921	1.13427093	0.84520294	1.55968750	1.39715431	1.20224239	1.20815864	0.98468723	1.43069316	1.29749570	1.33312979	1.37214427	0.88296081	1.38544599	1.48097215	0.86630102	1.56113884	1.38250979	1.28441715	1.44998947	1.53578433	1.56987340	1.50489804	0.72186675	1.29213892	1.38916160	1.15202070	1.37146454	1.40728873	1.29736247	1.01760500	1.04660338	1.24798577	1.44288646	1.07224413	1.52442982	0.88522257	1.12128581	1.46208576	1.32738109	0.87145263	1.62346400	0.88455842	0.63918286	0.93450999	1.30430388	1.46206524	0.81085965	1.15426924	1.09397074	0.88298284	1.17287274	1.64750377	1.31440725	1.70636081	1.34699225	1.22861910	1.26325423	1.55461666	1.28889919	0.57607744	0.74841398	1.34400328	1.34634847	1.42013257	1.30694436	1.24805862	0.98091668	1.13749274	0.86245259	0.71403492	1.44822113	0.87889934	1.27609569	1.32201475	1.40381057	1.41681944	1.04549616	1.36538963	1.22081127	1.11509986	1.27756111	1.39802932	1.47002741	1.16769811	1.13179763	0.91247505	1.13657898	1.50756412	1.41241077	1.44107466	0.86933482	1.40862402	0.99469415	1.30916475	0.76115581	1.45458765	1.31136345	1.40704808	0.61104784	0.35481378	1.31108299	1.26743809	1.58092056	1.00691127	1.44415318	1.78315097	1.27005488	0.91630914	1.03108568	1.25248189	1.24922093	1.15577810	1.59688302	1.53987503	1.64221718	1.51673093	1.11457143	1.62301184	0.99180850	0.69548518	1.27687265	0.78980258	1.23851645	1.71697451	1.08443192	0.81052231	1.13956200	1.23066524	1.24266694	0.84831082	1.25013821	1.30703054	0.99939463	1.30423578	1.68951231	1.68249803	1.59306248	1.16615004	1.72570056	1.09755771	1.08926580	1.24793574	1.38751464	0.67856825	1.12762757	0.75967887	1.12955238	1.30696220	1.33072779	1.11241563	0.62984662	0.81686550	1.13542239	0.84955095	1.03550795	1.45476208	1.33507584	1.05855291	0.60830429	1.50913916	1.03138826	1.28908501	1.32659069	1.09271438	0.91615329	1.45073299	1.40390176	1.45824784	1.28620588	1.28003898	1.12057261	1.77494491	1.60615506	1.40104408	1.50165648	1.12404691	1.53548715	1.36743539	0.99022746	1.07491011	1.18243284	0.81055031	0.81409751	1.11578551	1.19035297	0.90550155	1.45947849	1.48211126	1.71944707	1.02653225	1.36703450	1.45776380	1.60809071	1.52334599	1.58749177	1.35051048	1.47523766	1.08035586	1.41137002	1.27937334	1.38313372	1.62226693	0.93278124	1.25443848	1.19093270	1.33569606	1.56702632	1.50859818	1.46258009	1.30320041	1.51664980	1.09316915	1.55082760	1.45728561	1.14111711	1.15457757	1.59839752	1.31321123	1.22101551	1.36060142	1.20454945	0.80164094	1.33499609	1.58298720	0.85795667	1.37966929	1.42992179	1.24782588	1.48723356	0.97485615	1.30760352	1.26823511	1.54194948	1.60553712	1.60940290	0.81429077	1.13624480	1.51606361	1.22834689	1.53152811	1.31815446	1.48253007	1.02284556	1.18858378	0.55283735	1.44763512	1.21272715	1.00298771	0.14383144	1.22166366	1.38835054	1.27578719	1.33306192	0.96060755	1.62164923	1.30015038	1.51565256	1.49079397	1.45330838	1.76912631	1.17637176	1.10744190	1.61716904	1.55923786	1.32000372	1.15322454	1.41405508	1.55286513	1.00475623	1.38005335	1.44000491	1.20195033	1.54276597	0.75989119	1.57828128	0.80828195	1.35495052	1.22133662	0.40965851	1.25930783	1.67744906	0.67793658	1.06726478	1.24026721	1.47134640	0.96759437	1.78041066	0.96292714	0.91781301	1.51869901	0.86301531	1.15842898	0.96651893	1.55633242	1.73323373
02_56	1.42180534	1.29715892	1.37592582	1.69855527	1.28022541	1.31271836	1.18673154	1.71239999	1.14314011	1.31566554	1.47742829	1.44949038	1.57795719	1.47176240	1.19173457	1.14906932	1.34201499	1.02320499	1.34317911	1.51939311	1.72510123	1.15170024	1.49077934	1.58390222	1.36180934	1.22309572	1.38259094	1.41838547	1.43888291	1.46044614	1.40740504	1.51507474	1.28110453	1.39583902	1.30446162	1.63281963	1.36786448	1.21334988	1.29236388	1.24456821	1.60464241	1.40271491	1.18159398	1.52829537	1.48110567	1.66335394	1.24063132	1.49847268	1.27800104	1.55226099	0.97986985	1.15482775	1.33833232	1.36901457	1.30482888	1.46717740	1.40743383	1.74288144	1.42530884	1.11056717	1.74883632	1.42417092	1.52023520	1.15399851	1.19837880	1.30229151	1.58615534	1.15330999	1.37996843	1.42470322	1.03607575	1.19218394	1.11862595	1.38574185	1.45115927	1.49129909	0.88874791	1.67479715	1.21410648	0.98039005	1.22602943	1.15733729	1.36759987	0.84145954	1.51339801	1.29614976	1.25955303	1.16920470	1.17647352	1.11214142	1.55729961	1.27345196	1.26900382	1.75070077	1.49719925	0.57499374	1.63348788	1.31771834	1.51223634	1.02454692	1.36114517	1.36544153	1.03015603	1.17446735	1.06957688	1.19330772	1.43499615	1.64541574	1.10525470	1.58721797	1.50359969	0.63372131	1.58081403	0.79344262	0.93211849	0.71781230	1.25612063	1.34035034	1.01735018	1.35096574	1.34191130	1.39240939	1.21001328	1.44796316	1.09831370	1.22275232	1.12802202	1.11715537	1.16111113	1.23393201	0.98019223	1.21514380	1.21997826	0.85044606	0.56169370	0.99489115	1.22710799	1.27293378	1.26784293	1.24982460	1.53273262	1.33324012	1.06079030	1.64103978	1.08954157	1.32985429	1.14462922	1.44548881	0.85553259	0.97765621	1.32931357	1.19397516	0.63434694	0.55178731	0.84122905	0.97613088	0.62955368	0.55338498	0.89118351	1.04686476	1.27630653	1.58818190	1.03819303	0.98291345	0.85680066	1.17314181	1.41312097	1.23349592	1.04826382	0.97774528	1.33008950	1.30501289	1.15062082	1.36245925	0.64655295	0.78908675	1.16655354	0.97160519	1.34784871	1.06661045	1.41694786	1.50416585	0.67038052	1.33608012	1.15241849	1.08882546	0.88432140	0.54814927	1.00132586	0.68670870	1.14252261	1.20367110	1.00490041	1.22334088	1.49691111	1.44379848	1.19538767	1.66882661	0.87944293	1.10926469	1.64173559	0.87878179	1.27071386	1.04318235	0.80138755	1.45645360	1.35571853	0.88744519	1.47007944	1.18349628	1.30884565	1.27487436	0.78137344	1.24557870	0.43053762	1.46433058	1.45046291	1.64026500	1.26603607	1.00337622	1.14470969	1.28643089	1.33663663	1.15268248	1.46802558	0.62008601	1.32825697	1.10741901	1.05148982	1.12410911	1.28405444	1.16236304	1.36955338	1.17715305	1.06431774	1.14878723	1.09250042	1.03439292	1.51700686	1.24476463	1.06900040	0.45640317	1.56201661	0.96117223	1.23872009	0.76355742	1.37734224	0.62877138	1.15418565	1.50313477	0.98286009	1.09361581	1.06274215	1.00748599	0.77458527	1.39248739	0.50547113	1.13692815	0.59098868	1.06060527	1.19567519	1.02949616	1.29993553	1.29381183	1.17702143	0.92221515	1.21058437	1.01971595	1.01627422	1.07740052	0.61970562	1.25583390	1.22052530	0.86340653	1.11579893	1.55607312	0.70127011	1.36619148	0.75294469	1.62361687	1.02710291	1.11647881	0.39496598	0.85344351	0.71300806	1.51978077	0.80088870	1.29213729	1.45017326	1.42130176	0.96998217	1.20245283	1.35204639	0.67576915	1.53097757	0.59383178	0.45483139	0.98398047	1.81167805	1.58306048
02_53	1.15513590	1.11962469	1.10027913	1.55420605	0.95059962	1.24884116	1.19133169	1.50101891	0.68005678	0.96952116	1.17894929	1.25779860	1.35810389	1.20687548	0.79546351	0.80291964	1.29563403	0.65395955	0.97348370	1.51054089	1.47846764	0.64776927	1.30916916	1.42075271	1.04875593	0.97452588	1.12205138	1.38862752	1.19188857	1.21381215	1.45580686	1.31537117	0.78129060	1.25247214	1.30478188	1.63692928	1.34741763	0.72618045	1.21703028	0.94273963	1.56768641	1.29080225	0.75399771	1.34243684	1.44248329	1.57635128	1.25152116	1.50435271	1.13383120	1.52253608	0.85451234	1.03770672	1.16262107	1.39783410	1.08976137	1.39157419	1.02405466	1.86437169	1.14076448	0.76776679	1.72783771	1.12689084	1.36240817	0.68576801	1.44491381	1.58429502	1.50117827	0.96380360	1.33984410	1.20663321	0.50198463	1.01638593	0.95956963	1.46362425	1.53943705	1.36610880	1.19790526	1.70692921	0.78397342	0.71224751	0.97068968	1.10143081	1.37954967	0.86611106	1.57023435	1.17966427	0.93323501	0.76455470	0.79491861	1.23110686	1.55512035	1.14773630	0.96559291	1.58688137	1.36560954	1.07939916	1.31259142	1.20868027	1.20539453	1.25576137	1.48734770	1.51878673	0.89229353	1.32381037	1.27751889	0.72479527	1.41143934	1.47611530	0.82124510	1.38349592	1.30551074	0.62982024	1.44551478	1.32686518	0.42994067	0.63836639	1.64878134	1.03986033	1.02707104	1.26968983	0.79310657	1.02895824	1.24166284	1.65424158	0.89375013	1.33601564	1.24151207	0.56512777	1.30833306	1.37279237	1.31010248	1.35193525	1.05321226	1.07325318	0.86611678	0.50001075	1.56326921	1.18639981	1.32072564	1.44128608	1.69851676	0.97975166	1.29392038	1.40980278	1.16787101	1.05429038	1.44649177	1.20739367	1.32537121	1.21925401	1.34475386	1.18382944	0.74684010	0.90366272	0.58447092	1.38774858	1.13651921	0.71711383	0.84566090	0.61524947	1.44388644	1.77867450	0.53303096	1.16061149	0.98571849	1.49456960	1.45287228	1.19335044	0.93391158	0.87490323	0.97006655	1.43729655	0.91818937	0.91513835	0.75324042	1.09074601	1.33896279	1.14633795	0.85491510	1.16411136	1.85478437	1.25370690	0.85061630	1.24805963	1.11868384	1.60598051	1.24040188	0.66280686	0.99252014	1.24696932	1.05350362	1.57858479	1.14502612	1.26902831	1.52682694	1.32079203	0.69578486	1.55119671	1.10174184	1.04746262	1.37437903	0.89748549	0.87028392	1.15032446	1.14647809	1.70556714	1.43491289	0.56357430	1.17585837	1.30900458	1.39412605	1.63139658	1.04999057	1.07765528	0.76838038	1.49491198	1.48322372	1.60728244	1.51935873	0.90557414	1.20060330	1.02374736	1.56912019	1.48028308	1.72713059	0.35095985	1.63138784	1.24313953	1.33802709	1.10618898	1.34087146	0.73531549	1.62703064	1.44220481	0.83113578	1.65845033	1.36019905	0.95438902	1.33640985	1.12392808	1.08722533	0.73959684	1.62652418	0.25218439	0.99744613	0.65048754	1.48850087	0.95128894	1.36768843	1.40883202	0.93242534	1.30382756	1.07809700	1.11265490	0.33179286	1.21853390	0.65881087	1.14478601	0.83945240	1.30163884	1.35970731	1.13109057	1.54304980	0.91600231	1.33619239	1.31258594	0.75833092	1.14300717	0.96900921	1.12651657	0.21683215	1.30267364	0.98864948	0.79084203	0.59564831	1.34222122	0.25850848	1.47112494	1.02465668	1.35075794	0.62682775	1.32199855	0.71513508	0.92576407	0.65663100	1.70999929	1.18668715	1.41545792	1.31514999	0.90981158	0.89931461	1.30896083	1.66968572	0.67083524	1.14264417	0.92722575	0.62408266	1.20552257	1.62768995	1.75269243
02_154	1.10519826	1.21494054	1.19674660	0.68729552	1.45752390	1.73266853	1.61865875	0.91852167	1.39833993	1.13541545	1.08771152	1.13281526	1.00796379	1.06213718	1.32474467	1.20977893	1.61824598	1.22069851	1.11101122	1.41336037	0.77787789	1.42721135	1.09969048	0.92401184	1.24278106	1.24285541	1.32680871	1.49951344	0.78738880	1.11257857	1.31562763	0.63653745	1.12325245	1.40274884	1.52978453	1.17835783	1.53135630	1.29096152	1.57603854	1.43459643	1.29524939	1.52515775	1.22025957	0.67467281	1.26991988	0.65837816	0.96976080	1.48683726	0.92006770	0.67822234	1.13427018	1.44458285	0.97598846	0.73313630	1.17441987	1.40167516	1.21491209	1.19350263	1.28641931	1.35037440	1.28084103	0.83031598	0.71934590	1.39876377	1.28791706	1.34544967	1.35233664	1.18939285	0.49591502	0.60503248	1.40833091	1.59867727	0.90665806	1.18466721	1.34461272	1.08804670	1.10400920	1.17141260	1.28083892	1.12879103	1.04160305	1.04827132	0.69913094	1.09032687	1.44861208	1.34252507	0.85264621	1.20059893	0.92250893	0.99186397	1.22105425	0.81835814	1.07106938	0.89500069	1.21311458	1.34709796	0.73041660	0.93785323	0.78846945	1.43232585	0.79582405	1.03647204	1.32421113	1.15568090	1.45905043	0.99581870	1.72776774	0.85464251	1.11008518	1.10333404	1.18787540	1.42564246	1.23996831	1.68646980	1.40788688	1.17831824	1.23458126	1.50921482	1.27293185	0.91075201	1.31851440	1.12402748	0.90685204	1.15614300	1.38385007	0.92924342	1.09927602	1.37940082	1.13788795	0.94233954	1.04342920	1.69787280	0.89421130	0.91112741	1.51546009	1.14825448	1.51655443	1.49712819	0.52856345	0.92779068	0.68615582	1.29521838	1.09981106	0.94664727	0.78603338	0.88580620	0.98041292	0.50367116	1.42740194	1.25121258	1.46458089	0.93213919	1.09626978	1.27221492	1.01458736	1.45959561	1.31317125	1.27018179	1.16479451	1.17115451	0.68476325	1.18257194	1.46379391	1.08190814	1.25785781	1.47190465	1.02359209	0.51802065	0.98683428	1.66432777	0.89577971	0.74765958	1.41970245	0.83548843	1.26585651	0.97062687	1.17494949	1.17964349	1.05939050	1.00281294	1.46054328	0.92688154	1.38804720	1.38234579	0.83396478	1.55349346	1.12927257	1.19421333	0.73822362	1.54887889	0.91115336	1.48085805	0.92919479	1.18256506	1.32185005	0.58898196	1.16708016	0.63358114	1.08907252	1.09608241	0.70315045	1.06061148	1.08593791	0.65157510	1.07178674	0.88403375	0.65744124	1.43909879	0.68888932	1.61251936	0.68358584	1.45954303	1.34423476	1.22565922	1.47180386	0.34365548	0.84319377	1.58506834	0.75357832	1.08170636	0.69093861	1.26959036	1.33537692	1.49283356	0.93894935	1.29348413	1.31301146	1.48753413	1.03781746	1.53778557	0.91784703	1.41205197	0.87495540	1.11454348	0.88254061	1.70395448	0.79853175	1.15920319	0.75496371	0.99643480	0.73919864	1.14517572	0.52849993	1.44173989	0.96396978	1.00306252	0.64734655	1.12713632	1.48985353	1.44369573	1.33649390	0.60533984	0.96025475	1.40268526	1.26824041	0.96089504	1.18258828	0.46750499	1.21976849	0.96331705	0.79967135	1.17152380	0.74275867	1.05546012	1.13849736	1.42256679	0.79706229	1.13462041	1.00667682	0.91248032	1.29732188	0.32768662	1.39202471	0.68290353	1.34337644	1.05002502	1.35679051	0.54608191	1.52741462	0.73858318	1.34965387	0.93690309	1.26853522	1.36015442	1.22749976	0.64096545	1.18207958	1.00558836	1.52005774	1.06966505	0.95676294	1.10862305	1.24836413	1.31563128	1.02048637	1.51508779	1.30433463	0.70209378	0.76797444	0.69485390
02_83	1.35618844	1.48707776	1.31438398	1.14287742	1.19014555	1.54653072	1.57288884	1.36612847	1.16561441	1.45856573	1.63815566	1.65795997	1.43467614	1.49981612	1.27746412	0.86556347	1.65641079	0.85894404	0.90477145	1.72171797	1.26786247	1.22681143	1.53235702	1.39477974	1.04578644	0.75501393	1.27555807	1.77138741	1.03224314	1.39899633	1.17996644	1.21935320	0.98256500	1.12224178	1.39949358	1.53387804	1.18512704	1.01031529	1.48655564	1.16988922	1.69934620	1.34400526	0.84905192	1.24000893	1.71819059	1.09599884	1.41475111	1.93444788	1.31373508	1.16351204	0.57703064	1.44652542	1.53772192	1.25621923	1.57686148	1.26801313	0.73928875	1.47867795	0.78405427	1.21311771	1.58789668	1.31311383	0.91151802	1.34079258	1.61940990	1.72081892	1.21223650	0.72211486	0.97416971	1.17326718	1.33462387	1.43447216	0.96524172	1.42212670	1.78990587	1.41902022	1.17931126	1.35596583	0.98847107	0.68429071	0.88915955	1.61485791	1.20581685	1.05884098	1.61848528	1.29753288	0.77432519	0.82837401	1.16746438	1.51291525	1.63177229	1.42541059	0.74702379	1.31066390	0.94464521	1.28407197	1.33939717	1.14540125	1.38078023	1.41395227	1.27171113	1.42908491	1.08445622	1.65367678	1.72039282	0.96360804	1.50991716	1.16234004	1.53241836	1.53553978	0.60312338	1.20059553	1.64914822	1.41163540	1.27850157	0.91950129	1.23025652	1.22757431	0.81805076	0.43820947	1.08194064	1.67861689	0.30112760	1.47073153	1.50187288	1.39963761	1.61408794	1.38124647	0.42727947	1.24879560	1.50561767	1.46442822	1.23662672	0.96853663	1.37302255	1.05192472	1.22668095	1.35759589	1.16097692	0.50949415	1.04252089	0.94643583	1.60731480	0.84332099	1.40313077	1.52919124	1.40134512	1.01177856	1.62377187	0.89379396	1.65856775	1.48319042	0.76369349	1.01806773	1.07678049	1.60108206	1.28327011	1.28831229	1.17596734	1.46914799	1.06149582	1.24209092	1.43913423	1.57861926	0.86528227	1.46633928	1.44529712	0.92829823	1.31444082	1.52990152	0.84926165	1.27570135	1.15648057	1.14382008	1.03774511	1.30875467	0.29358446	0.51439047	1.08639408	0.80213748	1.75366155	1.04998635	1.06268383	1.36252949	1.44759824	1.40807034	1.14400649	1.34805051	1.20844123	1.23122973	1.55030094	0.95053787	0.73265097	0.42881622	1.62913521	1.25019228	0.85370442	1.14217615	0.53972481	0.53691612	1.29497064	0.45684367	1.55843676	0.65981648	1.18566605	1.21222371	0.64056287	1.33279796	1.39529208	1.35456546	1.23700792	0.88721915	0.94907027	1.18803052	1.29718727	1.01500291	1.30118672	1.20817005	1.21439316	0.86789695	1.35910752	0.92306016	1.05013574	1.29819934	1.16634756	1.11703518	1.72941018	1.09858222	0.59753828	1.47535625	1.31332473	1.24184198	1.26949552	1.24683355	1.43696288	1.46065065	1.35440356	0.75610442	0.73034717	0.53938256	1.35674870	1.18530401	1.05975485	1.40711331	0.59137624	0.68977918	1.24092482	1.44239441	1.24485821	1.99374427	1.06116355	1.15214362	1.62908635	1.73080708	1.15445421	1.34396933	1.01376618	0.93327290	1.16397563	0.61048297	1.18251361	0.88661611	1.27007387	1.01550964	0.31542728	1.15292712	1.31255274	0.65613589	0.48584484	1.18815233	1.22789197	0.87920254	1.21852514	1.19589392	1.24678548	1.54751103	1.33307931	1.05324209	1.48076841	1.10667720	1.53984923	1.28031765	1.25426341	1.64278706	1.12901113	1.19073326	1.64410973	1.42065107	1.37753223	1.10655031	1.57968455	0.46969121	1.77429400	1.27859257	1.10244861	1.46495848	1.34214087	1.35617632	1.28716322	1.18217853
02_57	1.40159627	1.12797288	1.34480982	1.55187493	1.21072576	0.77740491	0.80403868	1.55709918	1.21947629	1.44637000	1.62943048	1.42427878	1.52061874	1.52000368	1.26982304	1.03866328	0.88590115	1.17944180	1.16954372	1.08078684	1.55086703	1.25449540	1.48274048	1.53977645	1.20348645	1.12128760	1.30850409	1.08845535	1.24083848	1.43003857	0.74035195	1.51648046	1.24092250	0.70692220	0.66065471	1.18270015	0.64434416	1.17555277	0.79356069	1.21195722	1.18537376	0.70476357	1.19918546	1.42893331	1.27925419	1.55289169	1.21919530	1.33095767	1.16783872	1.31845438	1.13190961	0.83023379	1.57430379	1.37434081	1.26361176	0.78074335	1.18010309	1.21120204	1.17177377	1.24227524	1.13791125	1.44007697	1.36889879	1.30909812	1.16825858	1.23255681	0.79229412	0.91687983	1.49871337	1.49305185	1.34328193	0.80982752	1.03991632	1.01275651	1.17768344	1.49147851	0.94087734	1.00628350	0.98739310	1.11534285	1.17988556	1.67577943	1.50652233	1.26279789	1.06188432	1.00223663	1.18486239	1.23119842	1.27325543	1.67548832	1.26366415	1.62780087	1.12391796	1.35009792	0.80516891	1.03529056	1.59087575	0.93848209	1.61897405	0.95002727	1.76346256	1.47984982	1.20920342	1.31746958	1.09235980	1.21108199	0.67350218	1.45293376	1.51228437	1.54192821	1.21876474	1.36039899	1.27031812	0.96968342	1.25416465	1.18845092	1.05559475	1.26933335	1.14077547	1.23385079	1.33713004	1.63280518	1.27863205	1.10673898	0.95937547	1.55666893	1.50626866	1.33206821	1.39780478	1.37078236	1.39882230	0.64526732	1.32605345	1.41364736	1.04079706	1.24830067	1.09653576	0.72772341	1.57959299	1.41007538	1.68803229	1.12107480	1.76700247	1.33207418	1.55434067	1.55491939	1.60746189	1.37076261	1.30017107	0.78659724	0.87836762	1.68183133	1.15530064	1.34683334	1.15699803	1.10920619	1.05746238	1.43242963	1.04977668	1.41027796	1.62671281	1.08685667	1.15343550	1.37024425	1.41833930	0.84457084	1.39900821	1.31679531	1.42867492	1.02591198	1.30178499	1.73255814	1.10563960	1.33737886	1.36512759	1.50475941	1.32570302	1.32100289	1.34870671	1.47383949	1.36762138	1.27732254	1.30546828	0.57221240	1.60888208	0.95663039	0.81540084	1.23041625	1.49288936	0.93079380	1.48813814	0.92813168	1.41000073	1.21277474	1.03949782	1.63486461	1.12207256	1.50816698	1.21069600	1.30438984	1.43279407	1.08153680	1.46024554	1.32471751	1.42577315	1.50610330	1.36472935	0.94222728	1.59094350	0.55492054	1.45614747	0.91426788	1.23572939	1.21731196	1.44872571	1.54085256	1.05662710	0.67656746	1.57830128	0.91877906	1.61979276	1.08822176	0.64742220	1.09778689	1.24269449	1.22220666	1.15954284	0.81531701	1.18581544	0.54728494	1.43308760	1.15706269	1.42231756	1.52475236	1.45456454	1.03489628	1.58401830	1.33917423	1.20616626	1.07830275	1.32729465	1.31009774	1.38997960	1.28469336	1.24701939	1.10803792	1.71562416	1.50091029	0.87592044	1.31115858	1.04747200	1.33277714	1.64126969	1.00498252	1.11135970	1.33285297	1.27077386	1.39617085	0.78768541	1.25047683	1.48597461	1.51371992	1.55819362	1.07759274	1.27855185	0.83996504	1.31917991	1.11256754	1.10928500	1.25797956	1.18083241	1.30674328	1.11217437	1.26700875	1.10715331	1.43855398	1.22315036	1.41103026	0.70539957	1.33192973	0.96873918	1.30208139	1.30922564	0.92865782	1.03300388	1.58725464	1.24093500	1.22176677	0.79118797	1.36592360	1.49841444	1.25230340	1.39068369	0.84949605	1.49906212	0.77296871	1.31255325	1.31087288	1.37729611	1.57213437
02_298	1.21160213	1.22540434	1.20098872	1.22630345	1.16157389	1.43887087	1.35066871	1.35299976	0.97688930	1.13120096	1.26483553	1.32030794	1.31665968	1.25818877	1.06248975	0.83121224	1.44845209	0.68318219	0.94385249	1.52072439	1.25542723	0.99247276	1.33486625	1.30785303	1.10055682	0.92830558	1.24419794	1.48368391	0.94487163	1.26044910	1.22855384	1.06865168	0.79319867	1.21359004	1.33104470	1.39413436	1.24291004	0.89082005	1.37067012	1.13881146	1.48222539	1.28042057	0.73572366	1.11882988	1.45507803	1.20889374	1.15847297	1.55958256	1.05537116	1.15007491	0.65710281	1.18354272	1.17292591	1.02483986	1.21773433	1.23262859	0.91620357	1.54564743	1.06569655	1.02326447	1.57487548	1.06650801	1.05033588	1.04284677	1.28105345	1.47120187	1.34864591	0.76314264	0.88318705	0.93158767	0.91716683	1.18299817	0.84672339	1.22802582	1.50825598	1.33051179	1.01692076	1.42738820	0.84840343	0.59469116	0.90887658	1.08548539	1.10738441	0.83198935	1.55524181	1.26031291	0.72136142	0.68031852	0.83518252	1.08607235	1.33673344	0.96811433	0.86014933	1.32455261	1.16701254	0.99538095	1.09670292	1.00730296	1.00483110	1.11236880	0.99680116	1.33776770	1.00821815	1.25575244	1.30198824	0.69275767	1.50713736	1.25478342	0.98381119	1.38940633	1.06768231	0.79521466	1.33386748	1.22789078	0.88126210	0.63020863	1.22348848	1.23899744	0.94242659	0.87346792	0.84362576	1.17625319	0.72070943	1.39608055	1.09155714	1.17248993	1.15097006	0.98400302	0.77141502	0.95508287	1.10954825	1.42199192	1.01547613	0.66329307	0.95266777	0.58670980	1.18570135	1.15100815	0.87986826	0.89006099	1.14578954	1.03377597	1.12257478	1.13519875	0.97599923	1.05971740	1.17224493	0.88147176	1.20378921	0.91603389	1.42030268	1.02181353	0.52023283	0.74707607	0.67669377	1.29047888	0.92127421	0.74323244	0.78419429	0.90808920	0.92314212	1.37701294	0.99269956	1.05700886	0.57294192	1.40400690	1.33352800	0.84107422	0.93805246	1.16850235	0.67905492	0.94780870	1.10142050	0.82286774	0.61080566	0.86299884	0.82377753	0.65561076	0.75471782	0.62193031	1.63911507	1.11637106	0.86949487	1.25141386	0.95953761	1.40803616	0.92757957	0.74925320	0.66234539	1.14161803	1.03376387	1.18997430	0.54261259	0.94534760	1.49496233	0.90495881	0.69599334	1.21517759	0.71011262	0.56159350	1.13278899	0.55020743	1.07139487	0.54026548	0.93810047	1.17907367	0.90649308	0.88078557	0.96088956	1.34256358	1.10611935	1.21010607	0.92988489	1.13436880	0.80394578	0.96976580	1.22056461	1.44687109	1.11804325	0.59240534	0.84746133	1.03015602	1.23244233	1.11388053	1.28863834	0.59389333	1.48862460	1.21343339	0.88101454	1.24477885	1.17772939	1.04612352	1.09609245	1.21590512	0.84927935	1.50842659	1.03925405	0.49182027	0.96140908	0.83406562	0.80871288	0.67390609	1.14344815	0.87829305	0.59897154	0.22566333	0.92564366	0.82427840	1.06381376	1.50177263	0.99083671	0.92550542	1.00524416	1.19577674	0.69870881	1.17516404	0.40488242	0.55073110	0.83419296	0.81012776	0.78933310	0.69242938	1.14106868	0.91981910	0.78814455	0.95598767	0.75673156	0.82762615	0.46383514	0.97698422	0.58103658	0.74614546	1.11955783	0.49153753	0.93077071	1.33579282	0.70624448	1.00571450	1.01979142	1.11416289	0.97232782	1.07510652	0.67975594	1.04362003	0.74059824	1.16254102	1.04393864	0.98560763	1.18537114	0.78300404	0.87925608	0.76631652	1.31233496	0.67453965	0.93460915	0.98352945	0.64703703	0.80140653	1.31518760	1.18311156
02_220	1.20931827	1.18858905	1.29769522	1.19116128	1.53928900	1.74454746	1.54772842	1.25897368	1.37061986	1.03762135	0.94143606	1.03849064	1.19222892	1.08391116	1.29507349	1.32455533	1.57734183	1.22858497	1.32751086	1.44339583	1.17989692	1.36272140	1.16293942	1.16151101	1.44298151	1.45366202	1.45554649	1.41205904	1.06022253	1.23026687	1.53150597	0.90554516	1.19661625	1.61629067	1.60661995	1.33767809	1.68706000	1.34979677	1.61300805	1.51773576	1.34525163	1.62346611	1.28870992	0.98022235	1.24027810	1.18340115	0.97259368	1.30510367	0.96029590	1.09172632	1.26596682	1.37336838	0.83252884	0.85054280	1.05453241	1.56349938	1.47263736	1.53832763	1.58272814	1.31834148	1.55419068	0.92626959	1.18937320	1.27953860	1.13884403	1.27766870	1.65734655	1.35113415	0.84726104	0.78125554	1.19355700	1.52392002	1.05585250	1.25415320	1.30240668	1.25672030	1.12778291	1.52830141	1.35405999	1.20982044	1.23734291	0.59257664	0.94257397	1.03637900	1.57741851	1.47947192	1.09344300	1.25659672	0.90544203	0.66123610	1.21770137	0.53885232	1.32319348	1.29635652	1.57600232	1.18609919	0.91811760	1.12470064	0.76220613	1.30566454	0.78090168	1.17456232	1.35718488	0.93181294	1.20795392	1.05133388	1.84556387	1.28144504	0.72713551	1.25010813	1.58960659	1.17345863	1.21317947	1.56672834	1.22483667	1.08768378	1.39847523	1.60781761	1.43241508	1.33439649	1.32579372	0.81755813	1.25470092	1.33092331	1.20423570	0.93140839	0.74186184	1.19612816	1.36708652	0.91421308	0.79549579	1.75525250	0.97422746	0.81798166	1.25004469	1.01935592	1.57331125	1.50439552	0.61982852	1.29333339	1.12343768	1.50830702	0.66831368	1.43844223	0.54537970	0.65630860	0.91485973	0.90320141	1.11814235	1.36396420	1.44615189	0.57223500	1.07648706	1.13013984	0.91634237	1.27534435	1.11993623	0.90750248	1.00298677	0.83834433	0.84411988	1.52762590	1.24765597	0.69037820	1.17977184	1.55573326	1.19224588	0.87189054	0.80124877	1.44533259	1.07349027	0.69275557	1.49848188	0.91678759	1.04782743	0.68513866	1.46563683	1.30589687	1.08543357	1.04145973	1.50758721	1.29552401	1.27562503	1.50619301	0.46828708	1.63319938	1.14263980	0.80889008	0.42618507	1.52473599	0.55920122	1.68769052	1.00788598	1.50897846	1.45314514	0.66509801	1.27347722	1.18227880	1.26233469	1.24157316	1.01765275	1.23276351	0.85534961	0.89059623	0.99036843	1.12806298	1.17580035	1.24309338	0.63742247	1.71778600	0.93493648	1.73953373	1.38958689	1.37503025	1.15469372	0.89986353	1.16925829	1.90860130	0.97668840	1.13041087	0.34316796	1.50693571	1.63083041	1.48074190	1.32908799	1.06602209	1.31146100	1.63119747	1.34624612	1.51757459	1.09067325	1.42549078	1.03190483	1.23074954	0.49031053	1.77500967	0.74352151	1.18655287	1.29047551	1.37094712	0.44436710	0.88429223	1.14134668	1.19241516	1.18225348	1.01502064	0.73504127	0.66195966	1.51529871	1.20664833	1.43200995	0.80043119	0.37928414	1.10596183	1.13308255	1.16229545	0.98012952	0.65700795	1.16433807	1.28032805	0.79755564	1.12817455	1.00797783	1.28519249	1.45369614	1.44055726	0.67319896	1.39670924	1.23256953	1.04846331	1.03294297	0.86389723	1.52151817	0.40521572	1.33331765	1.23406434	1.09130313	1.04326230	1.34892421	1.22852832	1.12444779	1.09711745	1.00108444	1.05841457	1.17584692	1.13946540	0.83820768	1.00539149	1.60555706	1.13583157	0.42518457	1.43998858	1.11665400	1.12135080	1.14624544	1.32528152	0.96147443	0.53317849	1.31152368	1.22335464
02_302	0.66892223	0.84253811	0.68067327	1.05394570	0.92754149	1.29739668	1.24448410	0.89894549	0.96411034	0.72138320	0.83727852	0.87446612	0.74250872	0.70986687	0.78965099	1.00117957	1.25444315	1.06247296	0.94892536	1.19621377	1.01794158	0.99656447	0.70208920	0.75904873	0.85777207	0.98436786	0.77194523	1.22630547	1.06612515	0.65984975	1.42937718	0.92384564	1.08994880	1.25136692	1.28895835	1.46607769	1.50563995	1.01548794	1.13129434	0.87963278	1.32830290	1.44759933	1.16559049	0.88224427	1.03531940	1.05360452	0.78679665	1.31563040	0.84642461	1.13501226	1.01617090	1.15122728	0.69442949	1.19809035	0.81800397	1.52229591	1.19614775	1.45014476	1.09841034	0.81212746	1.29907517	0.74761484	0.94022774	0.92398366	1.33120513	1.17256909	1.36506033	1.24459543	1.05702883	0.97705109	1.03351408	1.38725561	0.72612852	1.39593903	1.14600657	0.64917619	0.87226765	1.37855870	1.17101166	1.00610991	0.79214869	0.89737425	0.74113108	0.65059022	1.11387305	0.80969155	0.92929839	1.21658306	0.69912698	0.89163796	1.52700412	1.00793556	0.92290085	1.22589598	1.24074917	1.03269759	1.12672323	1.07327874	1.16321502	1.45986417	1.35280332	0.77281598	0.77033256	1.00539433	1.25228907	0.96670668	1.33960268	0.91757319	0.81242885	0.68286789	1.19605330	1.07577391	1.44628297	1.49337394	0.92544877	0.88323318	1.49126433	0.96096105	0.85597108	1.09382697	1.34205016	0.91224375	1.18901729	1.24765986	1.12177862	0.62801395	1.04279845	0.93668737	1.40589252	1.38115253	0.96043280	1.27916743	0.44878955	1.05064693	1.23726469	1.05783013	1.75712860	1.49282075	1.02692309	1.23260925	1.27625713	0.94371789	1.02960995	1.10260601	0.68800473	0.76962337	0.92007565	0.91574965	1.31794370	1.30556278	1.11844759	1.01228062	0.87257259	1.00678182	0.55802969	1.29998666	1.25440363	0.98529969	1.11898385	0.79097834	1.19136295	1.51634914	1.05185316	1.01143769	1.39202940	1.11533161	0.65613370	0.68808574	0.66735577	1.31106186	1.18271427	1.28930710	0.81672264	0.95568499	1.16613222	0.80823277	1.35296753	1.33726214	1.23376334	1.35484259	1.31311844	0.77696864	0.97462370	1.17777537	0.87608368	1.30919487	1.19011205	0.86948492	0.96939165	1.17537603	0.68971720	1.60075463	1.27649790	1.12378327	1.00333985	1.21676904	1.07931959	0.95508701	1.01691755	1.34794930	1.09406755	0.96496204	0.69068821	1.04095497	0.73151622	1.44963294	1.04772195	1.13863034	1.07799277	1.19037575	0.62800130	1.58828014	0.90387784	0.59050826	1.16086310	1.07208935	0.94462510	1.56040084	0.85793997	1.24794040	1.02628823	0.86509274	1.43092525	1.73245506	1.23504218	0.95580221	1.11484836	1.08219023	1.04471330	1.14793862	0.47429696	0.80488225	1.44672595	0.79725213	0.68812092	1.40399572	0.75863559	1.38603178	1.04897617	0.91530261	0.98948645	0.75480838	1.07707570	0.97747451	1.23168585	0.98310513	1.32802504	0.92039754	1.66764565	1.28445716	0.72188745	0.63733272	0.80963369	1.15600202	0.74327634	0.40980833	1.06322686	1.03506103	0.69046198	1.00673780	1.36376112	1.42344609	0.80827298	0.70135012	1.34890066	1.52699932	0.73728563	0.92166160	1.11835620	0.30591149	0.93949202	0.90460877	0.75587467	0.72348339	0.78227274	0.53787512	0.89528042	0.82765386	1.32167611	0.86737497	0.96142446	0.54460344	0.88231824	1.04870129	0.64860262	1.13477902	0.99154265	1.44562125	1.64740529	1.28810731	0.71092222	1.30384711	1.55233270	1.15023636	1.34955958	1.15292705	1.00668805	0.93263868	1.16327898	1.23885084
02_188	1.58104842	1.40749819	1.62652699	1.36822328	1.82238588	1.58730570	1.45738420	1.47327869	1.88377934	1.69230979	1.69236242	1.47001118	1.50868305	1.59225362	1.78805895	1.68338136	1.45688967	1.78673315	1.67706999	1.20547238	1.49466286	1.92899243	1.48212325	1.42233634	1.68493757	1.67979982	1.68646380	1.35874397	1.43344452	1.56585389	1.16469682	1.42658706	1.82302483	1.44826231	1.33712151	1.13746669	1.44663291	1.85157001	1.46549835	1.79579871	1.21114541	1.49895104	1.84151007	1.34029152	1.25124735	1.30088782	1.11655826	1.37747336	1.27386630	1.07529258	1.60882338	1.47522412	1.52997897	1.16025744	1.47527153	1.41017354	1.80802878	0.81781940	1.73690057	1.77676538	1.07584890	1.52870516	1.36490458	1.88907387	1.05012465	0.88464492	1.29460087	1.57676472	1.31317850	1.47357549	1.95428283	1.68097044	1.32332851	1.08957839	1.06423783	1.44695071	0.91061987	0.95613715	1.76571183	1.67842699	1.55345129	1.59979360	1.20557533	1.45940052	1.13431636	1.42166645	1.56858233	1.84980139	1.59566839	1.43704718	1.28978286	1.54990775	1.61856147	1.29668060	1.34516394	1.19621145	1.63175364	1.18501540	1.68498627	1.30363503	1.44833479	1.07570554	1.64683232	1.13280177	1.25304651	1.72144430	1.48355683	1.38807924	1.71070752	1.52906214	1.64392760	1.81713188	1.44637232	1.34140519	1.89618842	1.62053688	0.76092248	1.85023287	1.53633193	1.43122043	2.02537542	1.79103001	1.42880417	0.70142880	1.56365238	1.24582706	1.34359480	1.92598729	1.56543962	1.25302821	1.05241092	1.35547396	1.40078801	1.37442743	1.55014680	1.82100385	1.33175602	1.53179290	1.28946486	1.30122605	1.18288321	1.75135629	1.48518675	1.53336307	1.30973625	1.59501044	1.13800328	1.41149631	1.22846673	1.17073881	1.23140365	1.53705124	1.50458628	1.56022841	1.53956222	1.08569112	1.20335876	1.68308868	1.46321069	1.78071610	1.27922300	0.82519848	1.87631124	1.25407537	1.75185560	0.89987249	1.14110430	1.19562108	1.50464881	1.76259457	1.70916527	1.41906330	1.70667428	1.67867818	1.71567929	1.32932642	1.51901662	1.58355276	1.86646322	1.59053799	0.64680668	1.47160935	1.65726640	1.28884699	1.47316418	0.85184645	0.90535718	1.51740037	1.46543137	1.22774905	1.42744503	1.16170818	1.50320076	1.48830923	1.05567925	1.51811257	1.82077885	1.28646626	1.39191268	1.68953926	1.45398608	1.49255299	1.71514342	1.29721491	1.28507452	0.99556414	1.18370407	1.73903183	1.62505816	1.30478931	1.07630545	1.13118336	1.50735563	1.54701600	1.79918055	1.18521175	0.81944751	1.41681681	1.03601780	1.48098444	1.40732187	1.66310413	0.93388071	1.37874152	0.59927371	1.78078571	0.70086446	1.33417763	1.17197993	1.38912426	1.20782995	1.83701562	0.98881067	1.21471794	1.56592453	1.04308605	1.13709514	1.77501703	1.37996075	1.45448999	1.26131370	1.50539123	0.94780784	1.98446142	1.67331767	1.58144072	1.39894875	1.48834634	1.41606337	1.47581321	1.55956895	0.93056138	1.51943618	1.32880076	1.74755523	1.39951168	1.65740955	1.33797240	1.23652705	1.24374579	1.33548492	1.70537767	1.01040506	1.61006183	1.49502550	1.26898748	1.63119953	1.40447190	1.55332788	1.24143800	1.79416743	1.11446107	1.70373729	1.38973043	1.83790377	1.48123583	1.84881094	1.05827234	1.40671627	1.44799738	1.68714334	1.07807998	1.61427216	1.39238958	1.55921334	1.03629869	1.15047216	1.23040600	1.63517870	1.90773019	1.54295924	1.51702524	1.08085464	1.56134929	1.84504601	1.42941790	1.70675904	1.07678757	1.29522478	1.07939699
02_137	1.12547144	0.75935819	1.13799778	1.48345166	1.19533818	0.98872853	0.80974415	1.37871999	1.01953714	0.92374094	1.00347682	0.86769019	1.24501425	1.08805416	0.99068391	1.04061480	0.82440112	1.07534654	1.13529987	0.93040507	1.35686584	0.98799883	1.13889422	1.31258542	1.21895966	1.28499157	1.23375237	0.78038848	1.06932979	1.16454190	1.14814973	1.22070274	1.00349649	1.07935059	0.95639182	1.12892633	1.13913532	1.04065262	0.92687450	1.21263418	0.95641226	0.95548412	1.10671794	1.17978307	0.92663282	1.53090460	0.93714247	0.84604297	0.82035683	1.28849851	1.25822094	0.65125178	1.04709950	1.16670103	0.70366580	1.05832283	1.28460223	1.45392685	1.39205482	1.03914538	1.23830382	1.02393230	1.38220076	0.91860737	0.99129303	1.14471622	1.20447375	1.10491287	1.37020903	1.14549954	0.88017017	0.74775428	0.94932069	1.00411498	0.94841684	1.31882431	1.06609933	1.30240000	0.92461025	1.13392339	1.15287560	1.06382483	1.35753188	1.13802351	1.16792036	1.09355567	1.09684001	1.13365777	0.84989340	1.25026748	1.02620085	1.09159175	1.19875570	1.28022486	1.23669815	1.10023954	1.17067674	0.87901346	1.10017873	0.97813095	1.55132136	1.41701409	1.20308017	0.91398452	0.78668182	0.93274938	1.14468386	1.41251994	0.81692484	1.26691790	1.52543966	1.15397458	0.87627637	1.29652772	0.90179620	1.08999750	1.44511093	1.28464007	1.38756875	1.47687553	1.09184616	0.86231134	1.52229889	1.23993912	0.44122309	1.34328110	1.00424351	0.83264383	1.66941603	1.22613189	1.14048954	1.14272537	1.06408826	1.30680496	0.93961460	0.90205885	1.48811305	0.86102819	1.34484226	1.69274285	1.76090426	1.23626748	1.35632227	1.47469199	1.16936740	0.90471354	1.45750840	1.17685415	1.13157840	1.19564587	0.80176414	1.17402297	1.20978298	1.34887886	0.87446916	1.07962235	1.10439211	1.12430939	0.77917885	0.71965914	1.54344503	1.48387891	0.63205956	0.89416046	1.44883125	1.24172930	1.30391413	1.24483621	0.99988943	0.76818274	1.14177141	1.50318082	1.17692665	0.91741378	1.22007289	1.25988894	1.71720900	1.55697417	1.01039054	1.47269853	1.53991689	1.27514546	1.30972942	0.83509180	1.09423998	1.48013175	1.05536905	0.82181421	1.10430907	1.36265662	0.88803007	1.59441078	1.46199289	1.59471450	1.06851802	1.29436632	1.04718603	1.48520526	1.48556127	1.43079545	1.13716717	1.32455630	0.75874114	1.38417139	1.38235641	1.58373675	1.58112686	0.60050083	1.05310489	1.15654869	1.36833084	1.67061846	1.47058339	1.23759833	1.29844528	1.50899623	1.12570712	1.41167513	1.58486208	0.97689939	1.22089945	1.28903607	1.39630430	1.40074915	1.54217043	0.98288980	1.18473322	1.28606790	1.59995952	0.74513711	1.36376011	1.04539336	1.46771826	1.58134635	0.81495639	1.57619391	1.42386985	1.37863233	1.38570348	1.38913118	0.88644157	1.13672420	1.52834392	0.80119503	1.28199544	1.12538641	1.55198220	1.15731047	1.26326264	0.63125332	1.25308382	1.31089546	1.05924923	0.53123426	0.89757644	1.19317279	1.19288218	1.28252924	0.94520635	1.60711741	1.39201158	1.48499719	1.60010985	1.07937626	1.69998148	1.31589020	0.72864931	1.50781920	1.37403613	1.25060267	0.88869608	1.37252818	1.25390472	0.90478017	0.94435003	1.22616993	0.90686527	1.53536288	0.86259256	1.30607027	0.27717298	1.39411862	1.19343074	0.49547626	1.06315374	1.74655282	1.00673514	1.17641774	1.04555060	1.05914658	0.91871210	1.67468501	1.32376096	0.77305859	1.20988084	0.92216560	1.09187890	1.12146142	1.38327054	1.78202456
02_150	1.74832140	1.74044267	1.73645417	1.61285242	1.63870225	1.85349521	1.75898609	1.83499601	1.43226393	1.66180911	1.77416739	1.83166910	1.83875892	1.79131392	1.57538134	1.24652175	1.88206937	1.04556854	1.38754740	1.97424690	1.68705589	1.44315440	1.87164089	1.81176463	1.58280864	1.33127004	1.76259381	1.92845440	1.32539369	1.80054110	1.48792463	1.49339916	1.17794260	1.58560405	1.71138049	1.68608275	1.48730828	1.31894360	1.82534679	1.61976990	1.87763978	1.58947399	1.05670908	1.56888087	1.93832624	1.57742733	1.64044741	1.98051355	1.53248266	1.49142896	0.99190708	1.60220395	1.68228710	1.30387982	1.73762696	1.46883733	1.24124296	1.85735080	1.44699950	1.51814809	1.99084201	1.56951446	1.45374182	1.52423033	1.57530095	1.86823682	1.69218174	1.01723684	1.17674692	1.32069658	1.34118629	1.50612427	1.33684311	1.49741541	1.95512220	1.85793100	1.42111627	1.75505700	1.20640728	0.96128603	1.38194350	1.50640840	1.55040169	1.30291515	2.02558864	1.77031167	1.13952884	0.95075636	1.35270460	1.47537390	1.58055367	1.33640804	1.28752581	1.70292037	1.51024205	1.32653679	1.47164409	1.39603485	1.34226586	1.29834917	1.09863758	1.80007165	1.48200001	1.67683712	1.65858085	1.12130232	1.91120755	1.70538016	1.46068462	1.93106835	1.38117826	1.10889549	1.64628451	1.39191761	1.33339592	1.03523335	1.35192198	1.71285457	1.34708860	1.16343864	1.09679319	1.65917072	0.87867008	1.74626534	1.51005361	1.63964296	1.53064246	1.45811829	0.71709876	1.08363452	1.47269964	1.80669407	1.55505517	0.89282438	1.21788193	0.95864112	1.12498092	1.38694870	1.16532016	1.01513134	1.32247642	1.48135525	1.44315545	1.50600046	1.41287506	1.54971420	1.53179255	1.28636026	1.44809577	1.10503682	1.87821015	1.37789529	0.88885528	1.02005925	1.21329364	1.58792686	1.11168052	1.06515150	1.11455428	1.40231755	1.09413971	1.58445139	1.43314573	1.42659084	0.41461633	1.80198022	1.84024696	1.28242791	1.42822445	1.51168795	0.95429210	1.07044270	1.58696348	1.25807479	0.80181555	1.22217060	0.83664341	0.61858298	1.04394323	0.55205705	1.98816943	1.60178112	1.21207460	1.66182001	1.35996212	1.69525963	1.16981599	1.15512668	0.97866892	1.42036128	1.51878976	1.23641499	0.49191307	1.21122784	1.98220025	1.13101069	1.06627865	1.62265200	0.95538861	0.53344015	1.52741027	0.86234630	1.60420127	0.74184548	1.32346125	1.29511175	1.16524769	1.25358207	1.32093661	1.73407942	1.55892972	1.26085616	1.27279487	1.65689691	1.01115909	1.23633260	1.64968515	1.71614972	1.46431637	0.78264763	1.13172339	1.48349884	1.43768352	1.02624258	1.56658556	0.97688521	1.89712470	1.60280273	1.11266058	1.66172258	1.67575741	1.54755226	1.18035185	1.61937239	1.33681975	1.79029084	1.41277408	0.33204306	1.30709985	1.20729696	1.15152497	1.07049322	1.45401786	1.31714821	0.78400778	0.60759579	0.99529508	1.14287234	1.04015487	1.92575125	1.45356204	1.33594444	1.41830211	1.57443603	1.18623750	1.72121248	0.61861804	0.77275079	1.28768509	1.03515538	0.78243386	0.60881561	1.49798013	1.42547365	0.77831490	0.93872584	1.25714761	1.14052509	0.63134998	1.48266593	0.97354891	1.05011122	1.60435073	0.94145208	1.42965066	1.88540353	1.11929030	1.35267664	1.24565961	1.56396605	1.43154649	1.51638495	1.00664782	1.42953843	1.20723048	1.38707406	1.37132745	1.06311033	1.32364278	1.03977986	1.32046402	0.78382756	1.42872285	0.93758723	1.17614702	1.27419476	0.92652844	1.09676766	1.69706849	1.36446446
02_304	1.31664476	1.45708065	1.38015164	0.96893700	1.61876861	1.88637040	1.78570398	1.16669558	1.62933407	1.41201848	1.39722617	1.41337355	1.22704147	1.31406497	1.53987819	1.46038142	1.80799085	1.46788616	1.39030628	1.60933358	1.13613325	1.67412015	1.29185867	1.11726001	1.43179960	1.40221020	1.46850927	1.71510563	1.19829983	1.30653254	1.51778708	1.01811629	1.48903627	1.61988556	1.70307443	1.47010021	1.73686542	1.56721086	1.73140643	1.57343842	1.56970683	1.78266431	1.52105533	1.02924489	1.47690031	0.87840286	1.14779141	1.71438888	1.22241053	0.97499894	1.27357203	1.67969370	1.20826864	1.04110554	1.44656814	1.68115195	1.49942920	1.31885764	1.46846785	1.53117918	1.47978305	1.17999563	0.97050877	1.64810848	1.42948497	1.37307890	1.57488094	1.44837347	0.79833636	1.03858428	1.67491695	1.86001856	1.13839336	1.43297730	1.49266666	1.18637461	1.09740905	1.36281242	1.60023539	1.33645303	1.24743458	1.24348906	0.78384393	1.14179204	1.53902792	1.45353893	1.18734907	1.50715891	1.25136091	1.06287210	1.54332328	1.14046284	1.30040798	1.25230545	1.43160238	1.31518394	1.22883790	1.25823741	1.26925921	1.59616816	0.94328856	0.96288465	1.40139210	1.29249723	1.59899355	1.36129189	1.84960444	1.07372900	1.38431651	1.26968360	1.35159546	1.52406940	1.61874107	1.66970619	1.62028605	1.29877124	1.22097284	1.64810983	1.26022487	1.05068535	1.69374749	1.47216950	0.99302141	1.23601011	1.66535691	0.88470835	1.26522139	1.65505457	1.15912321	1.17276836	1.04239120	1.75353054	1.06304379	0.96425202	1.61227675	1.46322340	1.59317886	1.76931930	0.74186711	0.84368876	0.61571004	1.48498317	1.10092636	1.19325626	0.86666482	1.22747341	0.85041980	0.95027089	1.44886213	1.34123597	1.62698645	1.14441244	1.13117016	1.22658770	1.19571782	1.49128979	1.33679858	1.34032141	1.41531280	1.45671177	0.73563611	1.27780901	1.74152361	1.22834691	1.35055242	1.41446800	1.03206183	0.69537919	1.16980130	1.86983740	1.29922254	0.88763385	1.52113337	1.28969114	1.37237030	0.91320753	1.12342037	1.20406401	1.49121505	1.13693638	1.30541348	1.14733746	1.38279514	1.59784876	1.05538744	1.39534033	1.18707944	1.31876870	0.97925464	1.42284203	1.13242746	1.44821459	1.01751158	1.16899380	1.43012577	1.01011665	1.47854030	0.85538664	1.01020772	1.27601061	1.17796836	1.10663087	1.39965924	0.73545201	0.90873319	0.93838213	0.63961925	1.69300319	1.17904973	1.65038683	0.63527061	1.38983895	1.21751639	1.29000037	1.47772082	0.54660264	1.00769771	1.73897740	0.45505486	1.35333700	0.89727303	1.39215134	1.36683242	1.58842098	0.86982354	1.44665580	1.28530051	1.49311111	0.84228762	1.69445654	0.84087958	1.58503426	0.96506515	0.89621691	1.16675430	1.54797269	0.60514244	1.35100681	1.01585586	1.08285238	1.02951778	1.12786915	0.60130100	1.68769362	1.26242840	1.16113572	0.79798863	1.12456112	1.63148226	1.72253679	1.33286634	0.42887628	1.09734636	1.57822001	1.42529809	1.06770978	1.24459169	0.71924942	1.20766636	0.75755625	0.95684790	1.30235128	0.33879095	1.27773727	1.08825551	1.44949662	1.20796178	1.02362392	1.09976514	0.83160074	1.46096351	0.44039161	1.45136625	0.90467855	1.54338102	1.18329930	1.50561854	0.31703694	1.62106255	1.04443498	1.62544937	0.70021402	1.23240935	1.51760548	1.25031012	0.27154770	1.15672117	1.21634386	1.81258280	1.51477885	1.11357525	1.06159350	1.30561200	1.48141394	1.47004355	1.54414470	1.34926570	0.74351429	1.11021846	0.44101274
02_130	0.98901246	1.20113514	0.97560053	0.82490671	1.04148152	1.44213592	1.48228854	0.92447313	1.11956821	1.17413702	1.31587972	1.32240939	1.00607578	1.12784157	1.09245038	0.90118544	1.49524916	1.03087257	0.77930954	1.44252756	0.89274663	1.18314486	1.13141183	0.97323442	0.81711779	0.78110147	0.97695241	1.54975267	0.89590055	0.99820741	1.21879063	0.95083426	0.98741394	1.05856017	1.32620889	1.40947850	1.30071128	0.99140360	1.30764519	1.01006161	1.47018610	1.34782205	1.01891575	0.90293442	1.40854238	0.81361255	1.15050669	1.70799780	1.07233791	0.96249895	0.86028511	1.35624719	1.22909931	1.20593540	1.27165145	1.31039841	0.81843264	1.29426044	0.74484696	1.09365132	1.26420660	0.97833687	0.63474851	1.23840828	1.57678679	1.53720204	1.08655269	0.97182105	0.92800438	0.99643422	1.33112728	1.46642693	0.79487901	1.38517065	1.49552419	0.99707300	1.11417644	1.14759332	1.03829682	0.88708207	0.74778801	1.45571921	0.93043522	1.01486799	1.32129386	0.99331845	0.70204100	1.05096964	0.94354330	1.40263815	1.55338935	1.31553205	0.66719322	1.01853786	0.82799668	1.36348826	1.09849262	0.99919449	1.23596703	1.55705012	1.38106431	1.13440146	1.00599518	1.46738518	1.63512796	0.91793057	1.35681262	0.76638229	1.35069428	1.05489303	0.65896718	1.38266931	1.51731785	1.64290974	1.24434722	1.06553533	1.37424263	1.07177371	0.83186303	0.59655059	1.20835159	1.40536558	0.76631285	1.31027195	1.39874216	1.12927625	1.51102008	1.27636123	1.06351771	1.37679877	1.40781098	1.38546033	0.87189739	1.17364555	1.52674833	1.13165908	1.58609319	1.42295652	1.10747220	0.88003105	1.06819351	0.76574345	1.54509482	0.57920365	1.19424805	1.22677500	1.30821909	0.72995069	1.68817183	1.16985832	1.40161392	1.41071820	0.95710341	1.24312093	0.92858048	1.61999627	1.45650048	1.39320984	1.27890537	1.28829413	1.16512256	1.24992415	1.36310923	1.47247939	1.31293405	1.31034216	1.03273602	0.66492162	1.15969618	1.58752034	0.92230496	1.34901667	0.97002168	0.94526728	1.32897387	1.26674314	0.93958026	1.09792568	1.10770746	1.20627601	1.59333171	0.58744707	1.23915989	1.16385292	1.30676421	1.42512387	1.22931582	1.33654127	1.19912334	1.35032906	1.27433859	1.32904206	1.10527691	0.73987603	1.23940386	1.19061654	0.88298116	0.70888690	0.86792621	1.03796467	0.98376854	0.74116662	1.22490261	0.84250113	1.14062597	1.31915440	0.62019441	1.34672927	1.18524382	1.23682169	0.87821728	1.22706086	1.04034664	0.82071758	1.49068482	0.85768450	0.92011472	1.16910625	1.02181836	1.07485920	1.28518174	0.67596105	1.12061720	1.60552782	1.06723012	1.21305953	1.45531769	1.09332903	0.76889630	1.31798232	0.88978892	1.01029896	1.34362956	1.10195350	1.19990167	1.52366811	1.15858636	1.16397653	0.42227495	0.38068054	1.23574168	1.18717207	0.75266660	1.31420668	0.87678281	0.89058509	1.27199254	1.41503973	1.49376886	1.68412240	0.85954166	0.85881884	1.40380546	1.55868258	1.03842391	0.76092358	1.19604752	0.91059340	1.00922392	0.70313965	1.28685079	1.33722519	0.95463846	0.55592014	0.87938670	1.39471887	0.97908683	0.64025536	0.71618719	0.74226019	1.21808063	0.61686157	0.84196401	0.99257411	0.96015486	0.90093567	1.23591085	0.62351230	1.48335154	0.49025168	1.29352757	0.84822684	1.24979130	1.44503973	0.92260569	0.89754462	1.44430222	1.36440248	1.41686383	1.09585939	1.29195115	0.78728181	1.66281083	1.27229118	1.16382828	1.40270929	1.34272184	1.14937289	0.80529208	0.89885366
02_95	1.25785146	1.41832039	1.21416136	1.25368412	1.20146328	1.54772189	1.54819755	1.34523650	1.26690404	1.38894661	1.55092919	1.55703014	1.32680318	1.38876765	1.25467381	1.13109060	1.63109825	1.13908017	1.15530258	1.64888747	1.38177390	1.33142392	1.36408195	1.27572093	1.11465163	0.97136188	1.18087993	1.70789439	1.30990300	1.26759196	1.42819941	1.29938444	1.31907219	1.35216621	1.47335109	1.69001317	1.48413724	1.24264545	1.44730549	1.13948183	1.73567204	1.58999036	1.24080758	1.28860381	1.59701292	1.17966695	1.27306628	1.84291434	1.32315763	1.29419945	0.85666197	1.49715012	1.37069999	1.37283939	1.48336267	1.58705789	1.20339157	1.53557320	1.07687968	1.18510119	1.60532141	1.31774033	1.06442037	1.37425738	1.55920756	1.48409767	1.44896249	1.17614723	1.11618877	1.30960577	1.41121998	1.61193162	1.01660257	1.55814809	1.62010152	1.19092680	0.96078614	1.48077956	1.33035957	0.97253503	0.99859426	1.43285383	1.03303834	0.85481872	1.46914400	1.16513186	1.07755554	1.25160977	1.20807254	1.26931057	1.78105817	1.41843315	1.00231583	1.50040164	1.24107636	1.04107953	1.52863885	1.31758881	1.55575662	1.51108342	1.33251889	1.08428877	0.96040457	1.46139176	1.59174145	1.23044969	1.50555142	1.19817205	1.42739152	1.33678909	1.02584538	1.14887245	1.81413596	1.33551229	1.27551766	0.92581669	1.26588243	1.21644979	0.67008889	0.84998279	1.49808446	1.61620983	0.78788282	1.40132281	1.54550606	1.03063106	1.46543362	1.41549612	0.88554745	1.40584837	1.22303696	1.37245011	1.04655799	0.94674162	1.31565789	1.26865466	1.47144034	1.60737918	1.14295511	0.70062261	1.05558450	1.08249798	1.31232061	1.13656559	1.11990364	1.43909611	1.05773710	1.17576274	1.44029062	1.09613487	1.54257760	1.39186414	0.68470257	0.81517049	0.95990021	1.43975709	1.18807682	1.11855637	1.30832977	1.39404077	1.07842295	1.40139630	1.48683366	1.39832189	1.08879852	1.18881980	1.12405473	0.85533061	1.17084387	1.57989113	1.27276985	1.28944207	1.04666430	1.35426407	1.09138305	0.95875683	0.70148541	0.85322623	1.45238074	1.08980263	1.39947524	1.07851261	0.89552864	1.42766867	1.31358242	1.10757852	1.11615702	1.16867516	1.17725703	0.91748426	1.33563588	1.14750928	0.95332959	0.66116264	1.43770723	1.40165741	1.19237132	1.15279085	0.47648608	1.04307487	1.47136150	0.59354015	1.44602166	0.76956319	0.71361330	1.30498846	0.71676063	1.41835365	1.50434934	1.23598442	0.90897597	1.05710684	0.54896148	0.94726408	1.10504590	1.04169851	1.21534737	1.46826727	0.80713249	1.20199028	1.25827052	0.93809617	1.17382235	1.49333248	1.09451343	1.08678389	1.40849614	1.00941208	0.31737434	1.41857448	0.87976940	1.17084848	1.33337466	0.77513524	1.29479513	1.18415793	0.90953830	1.13605783	1.01451330	0.68161015	1.30586837	0.83857965	1.03066942	1.38674408	1.11473637	0.83573696	1.26677754	1.11103314	1.47285084	1.88379857	0.75761709	0.73472571	1.33591875	1.56872478	1.03013602	1.04489879	0.92384315	0.98371747	0.79591685	0.23262307	1.25332422	1.17917294	0.75737728	1.01132758	0.68228166	1.21701264	1.30420344	0.31029240	0.72520268	0.67350931	1.13221890	0.78780042	0.96847003	1.01884479	1.16473847	1.24192838	1.16347752	0.70526927	1.37070708	1.15742070	1.46885243	0.64241843	0.87367883	1.43532573	0.77022259	0.89219579	1.23866670	1.46288415	1.68315539	1.48825752	1.26422973	0.66216112	1.61584171	1.23331200	1.53269794	1.20683985	1.07458048	1.07040117	1.40631581	0.95684247
02_238	1.13268170	1.11937586	1.18320068	1.08997147	1.27501226	1.53430514	1.42974924	1.17729137	1.04639099	0.97729554	1.00763068	1.10287498	1.17924296	1.09351750	1.08618307	0.91842477	1.44568378	0.86159961	0.90562587	1.42637992	0.99032474	1.02939674	1.22884739	1.20251850	1.15094086	1.13140701	1.30137315	1.39175240	0.68953403	1.18502724	1.28130963	0.84551058	0.61913576	1.24298723	1.39994600	1.21921055	1.33558939	0.90065480	1.43874448	1.28862702	1.28544994	1.25242013	0.78119693	0.90609225	1.32972374	1.14681890	1.14270520	1.41797570	0.90759527	1.03906177	1.03334929	1.17860983	1.05865622	0.94422524	1.05082367	1.17884162	0.92461454	1.52605120	1.18306601	1.13529082	1.44950699	0.82477399	1.01131234	1.03440174	1.35793585	1.58888008	1.31395057	0.90757214	0.89658323	0.67679471	0.94041334	1.18940490	0.90168581	1.17829859	1.46093171	1.33852281	1.32896715	1.37264491	0.80154808	0.88750800	0.99243628	1.07773739	1.18052766	1.16412735	1.58936590	1.36113305	0.66959253	0.74550245	0.69220869	1.23008700	1.13607182	0.83027451	0.94857984	1.05450306	1.18639701	1.43784956	0.62825328	0.88305850	0.55244932	1.29711966	1.13429729	1.50158190	1.28079274	1.28546559	1.39652242	0.53863784	1.62162302	1.15968890	0.88682941	1.29190593	1.20760424	1.21424338	1.01543364	1.68097882	1.02482234	1.03952838	1.52744947	1.36458868	1.36281195	1.09174457	0.66510756	0.87075945	1.10317481	1.46311367	1.01615567	1.35322391	1.18317049	0.93878214	1.27876092	1.03397433	1.33861684	1.65684588	1.04481216	1.08987426	1.32289839	0.62572088	1.52288123	1.14959787	0.96833261	1.33556959	1.35841821	1.13385602	1.35458437	1.08460791	1.11337823	0.81045418	1.45627268	0.66506467	1.50517144	1.26729820	1.42044052	1.02746990	1.10564580	1.33762193	0.88689878	1.54494032	1.35199785	1.17406767	0.89617170	0.82046652	1.16292661	1.47940486	0.96673806	1.15374664	1.14560781	1.69113218	1.41710359	0.95855096	1.00591708	1.28745306	0.49120213	1.10365390	1.31729522	0.38245380	1.10528308	1.25379139	1.38097084	1.24051418	0.37614198	1.03792949	1.89857161	1.06721321	1.37101898	1.24495333	0.96060125	1.84227253	1.25760217	1.06154560	0.80154741	1.69060895	0.98318699	1.63348111	1.04651826	1.36494804	1.49163187	0.72076587	0.70988440	1.13602460	1.30357500	0.97093538	0.72909759	1.10385413	0.84957349	0.97301350	1.41162948	1.34758350	1.19571314	0.97281939	0.51740713	1.60805882	1.26338644	1.67232611	1.50820871	1.31143654	1.37012205	1.05217515	1.19973016	1.53873181	1.43500915	0.78678315	0.93844284	1.22177703	1.51122907	1.45094473	1.49259648	0.99851256	1.63840592	1.54564731	1.43901942	1.36055770	1.37237340	1.16919804	1.26812648	1.58780335	0.77168839	1.95316706	1.35645934	0.93747981	0.96176434	1.13039314	0.79754574	1.20495700	1.22460145	0.95558068	0.73150807	0.84729780	1.07989938	1.23578221	1.35376844	1.28030477	1.37566910	1.22745491	1.08646939	1.25763916	0.99836548	1.20551645	1.07508783	0.79020486	1.28065309	1.38353290	1.03010937	1.11142819	1.46808052	0.95269875	1.35262472	1.43060139	0.41550161	1.37607838	1.01642254	1.27748284	0.96475523	0.98417915	1.36424905	0.72300055	1.04073208	1.27728428	1.04201047	1.27250044	1.36085540	0.95731926	0.91799606	1.44326708	1.27907694	1.18642628	1.19839771	1.44304861	1.36586203	1.07540641	1.15203559	0.34963423	0.98564149	1.32149905	1.47589227	1.02585317	0.54870428	1.41456892	1.18221346	1.07371076	1.07189217	1.44978611
02_78	0.54821072	0.86125422	0.56182841	0.75325783	0.83303120	1.28263573	1.32491127	0.55650549	0.97387203	0.80310165	0.93738774	0.94402443	0.55215134	0.69107761	0.81653982	0.89466790	1.28025596	1.08866449	0.69289864	1.17758091	0.67894883	1.02762189	0.67513143	0.57892287	0.60382720	0.82013002	0.62294694	1.29240555	0.86946672	0.53018888	1.30858028	0.79889917	0.98064728	1.03298726	1.23457331	1.37981420	1.39143980	0.92230018	1.10014978	0.81155436	1.28009109	1.33638634	1.10251302	0.69775438	1.08182999	0.79807391	0.90189644	1.45476350	0.84341138	0.97243522	1.02840472	1.20282870	0.89509116	1.24109819	0.91785071	1.39249983	0.94046036	1.28921859	0.79632500	0.87704331	1.07580977	0.66379060	0.62588053	1.00911172	1.53374371	1.37889601	1.08682056	1.15227082	1.03994314	0.93090597	1.20027078	1.41699718	0.66758646	1.40319057	1.25014078	0.56591246	1.08432429	1.15630595	1.06563031	1.02035815	0.63098369	1.27300565	0.78493376	0.93015180	1.04883302	0.69890494	0.75932023	1.17951924	0.72818770	1.27855842	1.54621237	1.21673341	0.69460790	0.91262371	0.91940806	1.37927757	0.98850630	0.95913078	1.16623342	1.63013908	1.53447149	0.91540571	0.86872679	1.28142886	1.52019516	0.90630265	1.23893613	0.53606967	1.12550736	0.54964930	0.86250369	1.40270211	1.42533086	1.75095523	1.12443404	1.10820166	1.57924812	0.85042785	0.90114689	0.88452929	1.27750335	1.09986538	1.13453035	1.25393869	1.24646458	0.93230946	1.36755042	1.07128632	1.44872334	1.51423621	1.33948916	1.30996602	0.53898129	1.31902779	1.55525742	1.16958938	1.85649421	1.48248101	1.18440116	1.24038238	1.28916411	0.69751461	1.48264002	0.65624565	1.07385953	0.95633880	1.25407758	0.73491685	1.68856655	1.36281857	1.17050436	1.31053036	1.11922294	1.35944754	0.81788029	1.58456778	1.56968904	1.41357710	1.28535159	1.07623337	1.34063447	1.40345327	1.20648372	1.37681493	1.60565752	1.23679055	0.70876019	0.67573679	0.95131933	1.49551452	1.07778288	1.49998799	0.80514352	0.85756032	1.46149294	1.27290958	1.37048042	1.44932597	1.17504876	1.49936008	1.51827499	0.30221214	1.27475231	1.06780745	1.19203292	1.49341171	1.36642290	1.29696617	1.25533218	1.45207381	1.04710391	1.63129783	1.43466656	1.02558601	0.95169444	1.28149382	0.98098040	0.64323690	1.15126752	1.38115475	0.87035876	1.03766063	0.89071062	1.15568665	1.15470234	1.51299383	0.95916439	1.30610777	1.11788513	1.19797748	0.76253390	1.58179968	1.16182393	0.54351362	1.58878184	1.04889619	0.81847056	1.29744077	1.08203579	1.29094978	1.32634340	0.64906487	1.35280418	1.87865949	1.19488055	1.25858209	1.31764458	1.07947934	1.12248686	1.21088980	0.66921182	0.81919105	1.56085229	1.04850573	1.02846231	1.57434743	1.15698222	1.49439918	0.69234017	0.71363552	1.24364249	1.23362016	0.93249043	1.20999557	1.15265484	1.14625730	1.49959311	1.43978660	1.76314079	1.44763679	0.84330574	0.91276608	1.28425125	1.45579263	1.00642716	0.31652582	1.40820682	1.17604165	1.02980733	1.10614059	1.55691287	1.59302842	1.04468425	0.43655422	1.36104799	1.70162333	0.85361305	0.98600572	1.15836706	0.64734212	1.27672436	0.93909872	0.74594637	1.07575026	0.84142327	0.41718355	1.25466797	0.86872501	1.59542081	0.38515114	1.16517664	0.87559108	1.36458998	1.39225463	0.98213238	1.19780993	1.47094482	1.59500267	1.58833374	1.20070938	1.20785404	1.31453176	1.81655102	1.41967217	1.22291390	1.49785082	1.46442812	1.28610034	0.77241771	1.25773171
02_257	1.11893917	0.92595718	1.15614696	1.29203936	1.41582760	1.19685362	1.12155876	1.14093146	1.53333648	1.24656460	1.26889449	1.00691134	1.07566246	1.13264895	1.35798847	1.45978227	1.04622314	1.63473888	1.40829858	0.77831941	1.27614576	1.56969503	0.99241536	1.06224809	1.32034623	1.47448306	1.22659013	0.94554254	1.32476717	1.08277862	1.23645459	1.27906327	1.60763879	1.22651473	1.09241074	1.18771494	1.41679689	1.55774871	1.02386613	1.39524955	0.98434547	1.33903502	1.69500164	1.13857397	0.80509519	1.29076984	0.83154377	1.04228077	0.99220686	1.14583753	1.56058801	1.15441542	1.16859926	1.30859269	0.99073308	1.39978165	1.64515415	1.00172796	1.51939595	1.39331320	0.81349519	1.19087892	1.26782180	1.49118353	1.14263141	0.79401321	1.15672398	1.55251408	1.43215377	1.38226012	1.63964395	1.45114320	1.09366955	1.18840730	0.68359215	1.00782887	0.89955682	0.98900360	1.54998063	1.57417352	1.29986355	1.40813371	1.10826467	1.27785789	0.67541611	0.93986533	1.42066169	1.75029522	1.27226642	1.37098109	1.35294817	1.46780873	1.40815551	1.17738589	1.22448576	1.21851961	1.47369531	1.07219913	1.57112500	1.42860237	1.73165407	0.89736167	1.34283983	0.96082929	1.11120785	1.51013168	1.11095282	1.16073170	1.39038177	1.00976782	1.55778746	1.70215031	1.33549284	1.50753673	1.55977286	1.50593908	1.30352542	1.43750388	1.37895119	1.48192949	1.85788490	1.39863128	1.61726636	0.83291945	1.24099118	1.06894856	1.26145574	1.53489764	1.84850364	1.52976579	1.10647493	1.08118178	1.02415285	1.54603170	1.50333877	1.65350691	1.74478724	1.45762695	1.43320717	1.60912807	1.54163597	1.41990456	1.50185580	1.40258987	1.20213117	1.26272433	1.23362218	1.30446389	1.36246062	1.37528927	0.76480138	1.48571613	1.48816923	1.59785450	1.25451418	1.16543932	1.39760948	1.61570309	1.40592425	1.41626072	1.57158602	1.21781146	1.49856806	1.19397847	1.93401149	0.74918358	0.76252547	1.13859708	1.25455698	1.51349271	1.65596643	1.68365992	1.30431470	1.44103846	1.75360908	1.35413354	1.78030351	1.81763896	1.72596427	1.83895673	0.85491351	1.14433446	1.57131205	0.96351907	1.37410024	1.06113910	1.14996821	1.37145214	1.50020068	1.28901133	1.13867507	1.56947757	1.76171252	1.54355621	0.46957785	1.60688980	1.61785838	1.18220195	1.52025738	1.84331566	1.28596161	1.51181952	1.24893973	1.51190090	1.28188023	1.48695787	1.38781983	1.47948605	1.49436001	1.02639792	0.97090512	1.54645464	1.45168702	1.11073528	1.77882735	1.38116094	0.65954767	1.34973864	1.19367972	1.53789488	1.48567035	1.33935136	1.20027557	1.75365324	1.04057776	1.61490898	0.55103456	1.15790522	1.39121335	1.01738225	0.91810728	1.38231547	1.47043836	1.18904358	1.29047989	1.19559356	1.19670834	1.91031600	1.33067639	1.36008791	1.26847020	1.41937161	1.14186178	1.61589690	1.71170069	1.57705660	1.69744056	1.47379673	1.67413894	1.05895611	1.24417197	0.97826883	1.34608003	1.07598487	1.42809832	0.89206009	1.68302091	1.49659125	1.01050592	1.43494452	1.65941311	1.92712932	1.12304156	1.21695024	1.75807757	1.57731006	1.30703008	1.40120516	1.62631711	0.94427361	1.58448418	1.26000509	1.25886934	1.29521715	1.38800715	0.87397864	1.56626415	1.14214378	1.35944313	1.16765103	1.25369770	0.91578939	1.53030434	1.11403148	1.28025257	1.33241810	1.11385226	1.47593663	1.61539895	1.76806651	1.29857898	1.72483160	1.40345682	1.46153492	1.77712593	1.29829624	1.61542081	1.19300455	1.14582412	1.39920261
02_30	1.06117209	1.09023099	1.13500414	0.92743097	1.32821951	1.58620020	1.45947478	1.04091037	1.17839819	0.96726643	0.94737588	1.02425268	1.04889886	1.00287860	1.14217245	1.04666663	1.47193613	1.01284219	1.00252891	1.35950340	0.89336895	1.18268515	1.09588509	1.03020876	1.17388479	1.17582753	1.27068245	1.37082080	0.73343801	1.09015355	1.29408031	0.71251154	0.87374554	1.31886176	1.42954587	1.17778343	1.43016763	1.07512136	1.45470576	1.31733471	1.24246294	1.37494578	1.00002157	0.76367239	1.22497801	0.95014808	0.97494939	1.36106052	0.84044019	0.87385749	1.05775964	1.25001431	0.90583442	0.79608416	1.01189734	1.28651412	1.09151558	1.37143820	1.24464618	1.18126615	1.35231510	0.75389501	0.88850069	1.15498680	1.23751461	1.38860348	1.34228960	1.04906017	0.69868710	0.58377476	1.10606510	1.35255716	0.85143446	1.13952338	1.31707361	1.16318980	1.14458121	1.27678293	1.03600020	0.97398285	0.99036359	0.91382291	0.91517439	1.04210590	1.47549530	1.30075475	0.74290668	0.97300867	0.71799343	0.99329400	1.12587909	0.70157591	0.99911703	0.99409994	1.21308402	1.29694221	0.64083919	0.87456710	0.59809786	1.29768143	0.91945383	1.22661533	1.24375801	1.10766557	1.31817674	0.74116301	1.63712734	1.02137098	0.85264576	1.13661159	1.22993763	1.22805216	1.07921669	1.61456145	1.13146710	1.03104238	1.35704441	1.40303833	1.27518525	1.02756185	1.01338992	0.86811111	1.01604003	1.28038257	1.11615084	1.06415415	1.02005494	1.08478728	1.21083646	0.93158554	1.07748681	1.62510051	0.87973351	0.92410683	1.32016660	0.83203528	1.49465607	1.28957519	0.69376785	1.15197977	1.07222068	1.19212595	1.09590771	1.05284076	0.81639037	0.69801982	1.15343818	0.54605049	1.35686550	1.23203688	1.36357772	0.86109749	1.01674720	1.21672371	0.82990021	1.41343828	1.23529850	1.09155337	0.95728045	0.85786931	0.90867957	1.34793721	1.13595147	0.97184656	1.13903902	1.52008407	1.16541443	0.70708643	0.88589986	1.40559266	0.69981852	0.86079745	1.30942880	0.56779538	1.09921020	0.98154257	1.27875606	1.18608653	0.74196652	0.97979613	1.62565050	0.97961799	1.30366670	1.26620922	0.75342992	1.64564754	1.11945537	0.97513554	0.61261109	1.54436858	0.77576603	1.55193981	0.93450723	1.28114649	1.34342963	0.57169993	0.92178219	0.91472792	1.15950966	1.01673620	0.68970410	1.03344685	0.82418492	0.76618980	1.14754708	1.12430263	0.95894300	1.12476642	0.46993829	1.55542431	0.93243831	1.56377840	1.35624457	1.20198807	1.29969892	0.74544694	0.98403201	1.57153914	1.06860959	0.88754251	0.66345448	1.20967962	1.41269551	1.42131736	1.23409898	1.03507991	1.38819810	1.48284475	1.21817499	1.36992482	1.07542884	1.21543219	1.03922120	1.30683364	0.62953378	1.78407076	0.98443640	1.00042744	0.87753700	1.04450833	0.58799030	1.02851845	0.92415721	1.09166085	0.84791589	0.83136620	0.79993250	1.00795751	1.37001730	1.23153128	1.27435110	0.84622155	0.81908168	1.18150491	1.00975441	0.99146830	0.99568993	0.51217917	1.12210554	1.13989305	0.81635252	1.10417911	1.06376135	0.93385170	1.23660334	1.35118117	0.39884359	1.20206805	0.94759424	0.98595853	0.98557830	0.63405512	1.29129137	0.42881493	1.09021894	1.06158550	1.04229723	0.89152203	1.31556265	0.82258510	0.99121432	1.08642592	1.11072274	1.09849916	1.07039551	1.04306868	1.07971285	0.91331724	1.30301322	0.74150800	0.72010654	1.18406901	1.22661672	1.02434102	0.82350652	1.31734281	1.06408567	0.69546403	0.93055198	1.07104392
02_106	1.62985471	1.26983011	1.60058942	1.88875367	1.51788389	1.10869003	0.92417374	1.88236818	1.37344192	1.49797449	1.62134855	1.45810425	1.76584137	1.65200856	1.42209732	1.33246075	1.06476540	1.30237943	1.53055385	1.27934017	1.86612236	1.36484126	1.65397615	1.79157616	1.59017591	1.50951395	1.62564441	1.13719460	1.50292067	1.66660425	1.19140510	1.69437478	1.42521867	1.28449469	1.06249760	1.38300103	1.13365447	1.40853995	1.14210348	1.51245382	1.33695272	1.10271613	1.38324743	1.66213477	1.37162737	1.88392761	1.30496470	1.21603488	1.29832337	1.60328524	1.35914860	0.93493677	1.55573600	1.41554251	1.29078160	1.16863490	1.58233175	1.60859791	1.65635085	1.38830186	1.56744179	1.58740944	1.74256474	1.35757546	0.98696597	1.20731255	1.41423632	1.22933141	1.63871765	1.59723509	1.25387164	0.89355975	1.29595037	1.12471725	1.23219550	1.74130155	1.04402510	1.49751299	1.24394757	1.30014292	1.49578068	1.42640134	1.67320834	1.30440355	1.41208638	1.39409646	1.46310284	1.37549083	1.36869162	1.47835191	1.25475390	1.48743855	1.50788122	1.72311814	1.44817015	0.86098952	1.72123329	1.22136507	1.61218471	0.75214580	1.66166003	1.64214270	1.40842150	1.15093169	0.78427984	1.35921998	1.22123749	1.83790740	1.31072102	1.77747183	1.74174552	1.15268898	1.28954765	0.77957200	1.20228711	1.18179484	1.20312215	1.59540967	1.45069030	1.64540815	1.44274385	1.50320760	1.56579520	1.33831414	0.86629777	1.59323765	1.24963360	1.30068618	1.57439224	1.27427150	1.18544528	1.05558371	1.48710642	1.30954578	0.66023225	1.20518681	1.11628554	0.89420546	1.56375025	1.66694697	1.86538763	1.54870176	1.46808644	1.82606578	1.43332097	1.48160533	1.54521779	1.60723476	0.87994005	1.01189362	1.05818817	1.48027643	1.18393056	1.22466513	1.18025961	0.86430202	0.74511299	1.11435801	0.92456303	1.23590059	1.63493367	1.48132195	1.05531545	1.04881617	1.29552851	1.13197043	1.62228751	1.53193864	1.36958798	0.83410687	1.47719657	1.61039058	1.41322352	1.46576412	1.15550686	1.29456842	1.59628231	1.42017382	1.42861127	1.43819808	1.43890108	1.69806841	1.26410603	1.06025636	1.42977832	1.15319309	0.82626004	0.87818413	1.30918872	0.98014458	1.32293075	1.25270975	1.39836406	1.62171067	1.36556926	1.61328162	1.35970887	1.86676961	1.40242489	1.42691667	1.66546233	1.31539389	1.39785548	1.42199768	1.37336810	1.58917374	1.68972942	0.79833989	1.56583529	1.07259511	1.62155465	1.34359650	1.36679075	1.53613126	1.10790437	1.72372008	1.40845513	1.44418782	1.67640141	1.00817584	1.42499006	1.53728401	1.21944090	0.98669977	1.56884945	1.05038141	1.20775095	1.25553986	1.48878834	0.81570690	1.62075272	1.38197389	1.42303074	1.65344861	1.27786021	1.24480262	1.51742082	1.33369749	1.67652811	1.53982553	1.13188554	1.09344153	1.72675475	1.14286068	1.46155583	1.14532433	1.64148283	1.11650555	0.88185730	1.12194357	1.33450958	1.42263410	1.33828709	0.58889745	1.09502277	1.60665487	1.04992158	1.40901985	0.83713047	1.51845622	1.35853820	1.42480178	1.68017338	1.46427136	1.56587378	0.80291123	1.30454975	1.45134569	1.33995555	1.43517633	0.94616136	1.50922878	1.45967576	1.10319722	1.28642320	1.70161480	1.00419109	1.66544675	0.17222251	1.75198404	0.81104874	1.45509511	1.03764169	0.45498024	1.08510932	1.79736288	0.81799619	1.10146734	1.03690074	1.47308719	1.19473435	1.55363896	1.10908775	0.53054358	1.63151916	0.37658740	0.93213355	1.12559755	1.81084701	1.81576631
02_201	0.93337927	0.99004001	0.84257685	1.46164299	0.68027120	1.10095142	1.14564758	1.30879871	0.58501854	0.86627252	1.12512212	1.17574569	1.15445789	1.04932633	0.60499333	0.76020010	1.19910098	0.79925263	0.83281715	1.39935280	1.35581816	0.58623183	1.11991470	1.24367761	0.78774152	0.84063732	0.82255020	1.33151220	1.20009975	0.97558397	1.46850688	1.29538751	0.83804049	1.12057733	1.22499651	1.67490496	1.35703228	0.65706046	1.03424454	0.66735664	1.53885421	1.27702561	0.87122303	1.26988718	1.35005450	1.49996018	1.20981976	1.51753656	1.10533687	1.51378746	0.93513139	1.02810604	1.12814586	1.53379499	1.00400374	1.43077136	0.95954107	1.80672113	0.95157377	0.61708517	1.57628387	1.04251285	1.26010881	0.62581872	1.59050205	1.58883018	1.37408396	1.06296286	1.43473974	1.27002106	0.67788644	1.08965146	0.89356109	1.55855561	1.47444956	1.13782568	1.21984624	1.62159940	0.81605064	0.82265909	0.83805299	1.26599445	1.33091925	0.89317314	1.38035559	0.89700044	0.92579348	0.94321345	0.76715293	1.38248292	1.68400951	1.33022101	0.83943918	1.49978559	1.22600760	1.22803387	1.34231818	1.20792109	1.34028884	1.48021233	1.73406937	1.41604430	0.74960346	1.39638583	1.40071263	0.79619243	1.20624895	1.30108528	0.95651664	1.13284915	1.17297933	0.94342283	1.53581547	1.51980670	0.52602227	0.82530320	1.77530773	0.75393214	0.90780248	1.24099551	0.96890129	1.07387355	1.33760239	1.63734304	0.97031783	1.29603040	1.41242102	0.58946283	1.50216692	1.62111983	1.45026804	1.22068955	0.90428240	1.33100601	1.14808643	0.79167201	1.80249819	1.29462797	1.47701954	1.53199189	1.77937831	0.71224190	1.50618779	1.25095200	1.26053753	1.08626978	1.52911659	1.19173419	1.56428071	1.35669827	1.22645585	1.38650775	0.92068317	1.13341848	0.60441031	1.53288052	1.40016045	1.05557298	1.09064563	0.74264045	1.62555679	1.79742515	0.63001043	1.35326996	1.35304522	1.39201321	1.27451043	1.16475115	0.99374900	1.03115390	1.10508755	1.68367188	0.62477131	0.94954763	1.12956841	1.27596607	1.45734828	1.38029494	1.02947738	1.46851577	1.83308877	1.01223648	0.99371519	1.11791817	1.28742773	1.59880601	1.39043548	0.95061680	1.25759643	1.30176932	1.12310117	1.69267061	1.42369750	1.22685758	1.32435879	1.50739962	0.72646509	1.42119426	1.19112666	1.29113235	1.34059574	0.97239774	0.81907784	1.32091065	1.22122333	1.86123434	1.43660446	0.76834805	1.29929453	1.14166485	1.31775431	1.69766577	1.04770978	0.76451438	1.12719645	1.54799202	1.37123307	1.46978341	1.53001040	1.13416928	1.43111863	0.72992727	1.55705876	1.75431793	1.71503555	0.71606271	1.58205754	1.10635791	1.34956312	1.00432874	1.17814271	0.37589557	1.81579991	1.38988710	0.95964472	1.64134136	1.42832300	1.27530640	1.22848850	0.98576416	1.29566719	0.95359620	1.57911063	0.45001538	1.15325757	0.89486739	1.71411328	1.23015357	1.59543207	1.41960460	0.69150200	1.30125303	1.24683598	1.22788228	0.35589103	0.92751978	1.02210787	1.33157472	0.80361721	1.31765268	1.63216057	1.47406362	1.51051090	0.59626240	1.44418844	1.53180556	0.79347441	1.06753001	1.07839990	0.95417041	0.63250822	1.33392655	0.59320617	0.98287251	0.14680992	1.01887624	0.53766419	1.40280722	1.20556885	1.13621596	0.64094651	1.19450551	0.95372206	1.04429312	0.56687300	1.70295699	1.33836052	1.62146651	1.41530444	1.06226724	1.04802257	1.38047361	1.86032356	0.93591499	1.28705294	1.05366398	0.96130998	1.36425774	1.47982466	1.74665466
02_301	1.40274229	1.38409778	1.45764499	1.52198367	1.65573339	1.84072890	1.64498725	1.54265342	1.52181976	1.25313857	1.20931481	1.28187804	1.42322324	1.31006169	1.43651662	1.53688353	1.70621611	1.42244955	1.58318197	1.62353727	1.54174854	1.51895874	1.34802533	1.39286459	1.62169179	1.61602957	1.58073414	1.57325725	1.44450578	1.41368030	1.76370780	1.27958689	1.50439313	1.83003146	1.75787103	1.65495887	1.88937436	1.56447518	1.72320161	1.61596932	1.61599325	1.85054239	1.53981986	1.33158686	1.42854831	1.48738188	1.15850494	1.47626238	1.24721140	1.43277464	1.40850537	1.53901970	1.04065103	1.20221804	1.26779745	1.83519718	1.73970971	1.77725613	1.78149750	1.42804690	1.80243436	1.25087450	1.48443982	1.43124936	1.26840287	1.31649992	1.90876548	1.59434713	1.18450491	1.19676520	1.34389084	1.70363351	1.27991932	1.51736351	1.43742171	1.39132845	1.15407368	1.79288833	1.61338059	1.38790028	1.43978392	0.73371302	1.13016687	1.05967279	1.69209366	1.58459902	1.40069595	1.51560281	1.18457645	0.69774960	1.54169715	0.90429047	1.54787412	1.67011861	1.82779043	1.09385266	1.38049682	1.43772037	1.23535804	1.43111162	1.03205395	1.21547559	1.40220355	1.03617319	1.26418215	1.36082928	1.94830823	1.55741064	0.92118679	1.42659147	1.81190586	1.14813981	1.56874377	1.50351966	1.31622381	1.15065064	1.50234586	1.71117205	1.45579891	1.55914353	1.63054803	1.10823405	1.44388643	1.49667323	1.39357414	0.94804062	0.87165033	1.35902903	1.49213141	1.19133999	0.77019923	1.79050838	1.13797321	0.90307269	1.22515935	1.25863358	1.69026345	1.72782066	0.91933216	1.41168285	1.31701311	1.68169393	0.55404981	1.73163355	0.63456135	0.98171156	0.86892917	1.29363800	1.04959974	1.48970221	1.56659019	0.80035590	1.09200435	1.02920803	1.02925127	1.26058859	1.09207198	0.82348006	1.20247135	1.01798271	1.04302989	1.74808562	1.39849301	0.77650047	1.25294800	1.53922263	1.27932342	1.10740442	0.94322895	1.52981316	1.43897662	0.93618826	1.56128240	1.31535701	1.07599379	0.54205176	1.54961586	1.39134088	1.45875704	1.21852007	1.45107613	1.54011503	1.20724944	1.69798374	0.71884751	1.55034414	1.22874281	0.78413298	0.71607813	1.39292487	0.75050502	1.75804708	1.15551693	1.60958292	1.58173411	1.11002613	1.52759694	1.47666423	1.27951098	1.44190827	1.45185847	1.31659504	1.09085663	1.07268645	0.83737703	1.34487643	1.36193533	1.38099136	1.12741700	1.75164463	1.04351517	1.80526049	1.28414125	1.44290737	0.99504571	1.19140737	1.40223277	2.10831816	0.97964607	1.37611455	0.65050801	1.63583924	1.76321560	1.58847572	1.47816656	1.09755008	1.31969606	1.66420476	1.35477299	1.60912740	1.11800614	1.51994394	1.24855027	1.15372420	0.74827381	1.68169377	0.65591171	1.36629662	1.58832477	1.52833592	0.78632987	0.72898524	1.39039912	1.29016106	1.47364432	1.14320139	0.99984341	0.41084256	1.65207993	1.40438330	1.41699874	0.83725803	0.40673794	1.16595419	1.17532530	1.28975911	0.94677530	0.94455967	1.09466393	1.28733991	1.02480262	1.27271582	0.97901736	1.47976823	1.54230832	1.47743191	1.03254618	1.39786076	1.36244469	1.03154916	1.04862625	1.08514141	1.55472776	0.61522626	1.43820508	1.37442425	1.07475622	1.15143268	1.33786583	1.53553219	1.26844042	1.00650504	0.79533394	1.07449781	1.11814987	1.23423352	0.64658982	1.23513335	1.85802385	1.51845568	0.43366069	1.52428749	1.18588598	1.17356522	1.56042987	1.22717371	0.81068979	0.59956317	1.67169987	1.34369904
02_295	1.60949176	1.61004910	1.69330261	1.21863131	1.87319100	2.06536949	1.88071333	1.50306263	1.70178512	1.51458598	1.44074695	1.50957251	1.55681362	1.52974905	1.70139290	1.51325628	1.92765830	1.39064607	1.51765096	1.77841709	1.31635960	1.70915007	1.60108085	1.47977890	1.71634262	1.61560583	1.82224728	1.78998093	1.11991973	1.63879178	1.53387027	1.06291289	1.36139684	1.76675772	1.83246116	1.36217723	1.73754301	1.59662022	1.95487645	1.85596256	1.57603727	1.76015403	1.39640976	1.17205177	1.63820917	1.17441345	1.33428435	1.69693206	1.27731276	1.05730384	1.34225409	1.69376675	1.33204098	0.78540799	1.53777626	1.57987331	1.53631519	1.52876729	1.70910063	1.69857576	1.73171433	1.27947067	1.24015802	1.68688212	1.31599990	1.57735403	1.73735643	1.35548104	0.71206619	0.89538586	1.57325922	1.76165554	1.30290777	1.29106091	1.66923125	1.63893819	1.36029980	1.55025398	1.51757650	1.32738775	1.46085063	1.12782671	1.15378113	1.36282226	1.89622691	1.83422415	1.19771900	1.31734392	1.27744167	1.06322544	1.24969702	0.84777303	1.47426803	1.34377636	1.62893140	1.44084140	1.03550911	1.24777742	0.89661020	1.38076974	0.38118002	1.47477126	1.68502780	1.32910693	1.55121129	1.24687978	2.11949516	1.43576764	1.28052967	1.67431300	1.59632918	1.45521400	1.35524790	1.68008527	1.62503989	1.32317214	1.24794668	1.94015772	1.63570719	1.25946658	1.42649124	1.36485522	1.06199799	1.43780761	1.57251161	1.30415135	1.13140970	1.62613758	1.09093298	0.70229230	1.11409594	2.02861264	1.38455735	0.80445100	1.50740528	1.23687833	1.35657673	1.60887701	0.55300257	1.05740133	0.81774666	1.74513966	1.03903884	1.46172141	0.99607702	1.18107312	1.13664989	0.97615669	1.34022636	1.32755121	1.81890168	0.91194246	1.23406242	1.30490406	1.31816908	1.50378733	1.22759076	1.23670264	1.19126314	1.37430699	0.56093762	1.38560940	1.66547425	1.09653769	1.04095527	1.81661275	1.55409604	1.01014727	1.24002815	1.77400861	1.04243525	0.33432421	1.84814016	1.14033773	1.16168574	1.01694328	1.25599019	1.11633342	1.16737202	0.73982257	1.70852247	1.51824421	1.52277560	1.75007399	0.90511707	1.77565674	1.18686379	1.23707759	0.62604970	1.71755356	1.15334698	1.52918608	0.72226260	1.49324986	1.80514848	0.48943154	1.42369106	1.25055452	1.26211839	1.04000558	1.12419353	1.27812169	1.42884483	0.69555536	1.27010070	0.77680472	1.02389194	1.57006509	0.84148557	1.98103037	1.18944511	1.57408503	1.59802061	1.74541800	1.40902408	0.70483296	1.34401338	1.94657341	1.07881240	1.10126080	0.53932395	1.75013415	1.57962478	1.28920594	1.24626815	1.37675038	1.62299854	1.84466780	1.30327286	1.85099724	1.45026667	1.82468194	0.67973792	1.46269055	1.08477809	1.92497656	1.01971974	1.01597491	1.26319812	1.44348265	0.72587118	1.24435627	1.04386305	1.63651761	1.06542265	1.09082463	0.13239966	1.07138187	1.40073324	1.66389922	1.75693634	1.01613973	1.04120918	1.52850797	1.53520281	1.58076775	1.12990842	0.46029748	1.52203461	1.23690527	0.35710855	0.89721481	1.15262327	1.58370537	1.23698313	1.35695896	1.12551313	1.48898910	1.17555130	1.42722473	1.39969417	0.78556089	1.88918629	0.82720696	1.74418589	1.69439366	1.52000202	1.09407994	1.58721868	1.39319870	1.60203678	1.41769834	1.34364521	1.50897352	1.55417700	1.01706105	1.25514473	0.87932909	1.62052337	1.19036223	1.10976615	1.27028463	1.12119743	1.37131342	1.10557437	1.64610696	1.30778593	0.76348848	1.35802308	1.04535548
02_309	1.30621971	1.09689303	1.32945254	1.16667440	1.45370450	1.16315041	1.16077972	1.18538880	1.53579895	1.45155992	1.51480545	1.26406576	1.26897590	1.37331962	1.47288789	1.29836174	1.08376644	1.52216379	1.23467861	0.89118606	1.16206635	1.57799822	1.29802092	1.25302137	1.28227050	1.34715055	1.36568056	1.08474179	1.06355733	1.30356936	0.76995887	1.25685937	1.40341407	0.85141669	0.91332508	0.85813990	0.97590783	1.43731099	1.04577595	1.46241806	0.89087018	0.94615722	1.48454069	1.11337769	1.07744928	1.19077707	1.09510870	1.25963535	1.04181842	0.93512418	1.45583353	1.11725336	1.48780603	1.21090570	1.22267905	0.88332854	1.32924956	0.68693937	1.29738515	1.50865664	0.56917056	1.27133411	1.11701257	1.57950201	1.24278212	1.18507817	0.59887077	1.22035119	1.35157193	1.32151286	1.69974051	1.26079604	1.07844420	0.93472786	1.00405597	1.31811130	1.12575238	0.46177691	1.28277920	1.45085365	1.25689051	1.73919572	1.31827918	1.50854715	0.88883341	1.07805822	1.22281375	1.52640651	1.32212837	1.73014484	1.11375328	1.60039093	1.23701443	0.84240444	0.70945599	1.47344309	1.33421303	0.79608906	1.48800944	1.32621478	1.74852578	1.32756292	1.49773763	1.31292342	1.33231083	1.35804112	0.98045765	1.10682055	1.64046746	1.31169826	1.25084073	1.84934798	1.10857932	1.57150139	1.66170853	1.58261559	1.14548717	1.49362834	1.45360576	1.24123621	1.59888961	1.61503464	1.40918801	0.84145987	1.24564081	1.50191629	1.55792492	1.62325180	1.66318739	1.41197398	1.48350139	1.10147445	1.27749386	1.63299628	1.61922926	1.57193714	1.46667629	1.10466709	1.50173199	1.49736264	1.51176531	1.29941567	1.88820200	1.09939668	1.55996135	1.48046677	1.61699136	1.15197948	1.62040492	1.16526868	0.92807038	1.71199955	1.56220698	1.78305156	1.41494041	1.39251511	1.50153676	1.84743454	1.36180396	1.61501369	1.60066418	0.81564979	1.54439619	1.49084855	1.85393926	1.03093933	1.19405867	1.19617999	1.51943071	1.54427457	1.37475849	1.73005988	1.40694004	1.29917721	1.81205800	1.70255854	1.60667796	1.68604199	1.47745474	1.71866342	1.30416483	1.07645484	1.75734608	0.69506640	1.62426484	1.27144840	1.11002938	1.61892078	1.60677975	1.49337496	1.48919646	1.30205796	1.65975789	1.41528095	0.77866536	1.52222965	1.39474311	1.10937195	1.53072649	1.60926117	1.07357291	1.43927137	1.48802771	1.44352383	1.64907988	1.37352631	1.27166362	1.44847455	1.45308456	1.02672425	1.28325023	1.24948277	1.65264722	1.31902597	1.98831795	1.32022704	0.61437236	0.74654431	1.49477224	1.26093095	1.64563833	1.27688936	0.80317638	1.51078563	0.97192060	1.71043870	1.06155132	1.18275353	1.39389735	1.00989734	1.33767631	1.46839893	1.35170314	1.57361577	1.53542466	1.39616861	1.59589842	1.71298129	0.99490908	1.19529759	1.36223987	1.70859701	1.02049181	1.71385313	1.42122463	1.50464660	1.68080224	1.81540334	1.35496493	1.25467362	1.41182945	1.28106477	1.73166868	1.29822423	1.55444884	1.19277347	1.76015078	1.43808841	1.26974347	1.44799823	1.57808745	1.82685057	1.45922838	1.15185417	1.55889459	1.39681681	1.34825927	1.41633952	1.44458946	1.31636663	1.69271700	1.20869261	1.38793779	1.43919310	1.44731797	1.21660386	1.72531859	1.25212915	1.38263842	0.99462635	1.33220841	1.34216625	1.79771444	1.33539195	1.48509698	1.39774680	1.51389884	1.29874549	1.11874666	1.47682293	1.65388639	1.52794025	1.45835964	1.44414484	1.48641816	1.45984104	1.82534305	1.39519032	0.79495510	1.37382719
02_67	1.51805494	1.26825197	1.56358595	1.50913927	1.76681231	1.48188287	1.30668230	1.52206820	1.78708066	1.54947486	1.53559647	1.30577762	1.48028915	1.49285135	1.67471476	1.66644642	1.30905020	1.74462291	1.68914789	1.08824371	1.56328425	1.81500164	1.39688094	1.42966790	1.68354079	1.71730358	1.64435781	1.17328591	1.47327867	1.50328555	1.26863590	1.45123596	1.77647576	1.48657166	1.29785935	1.17942441	1.49405260	1.79423694	1.36322759	1.73953365	1.13761668	1.47667821	1.81741084	1.36842208	1.10950332	1.46950696	1.02867800	1.14590113	1.19896842	1.22075260	1.64406158	1.33143597	1.38745584	1.20151922	1.28731043	1.44095480	1.85311955	1.06823850	1.80717734	1.67633084	1.15141411	1.46260481	1.49337971	1.74846512	0.91943453	0.75784909	1.40144875	1.61345596	1.41217288	1.47022177	1.79014617	1.55113236	1.31265158	1.09001749	0.87679528	1.42230448	0.89214481	1.13349552	1.71463136	1.66762059	1.56899343	1.40122904	1.26177484	1.39655337	1.10998773	1.37446079	1.58716147	1.82769468	1.49136399	1.31017939	1.22756517	1.44166483	1.65305766	1.40643873	1.46479785	1.08639133	1.61031782	1.19356556	1.61594990	1.21596599	1.49689294	1.11096241	1.59640719	0.92779267	0.99941047	1.66053433	1.43593821	1.49546513	1.49183056	1.46431467	1.78812804	1.68755117	1.34700657	1.28386328	1.72744340	1.55180793	0.97839937	1.80753199	1.56615264	1.59803176	1.96129630	1.57719407	1.59009073	0.82683217	1.35703255	1.19625497	1.16585487	1.75220186	1.72074240	1.27413920	0.90475327	1.29574197	1.32345019	1.37926382	1.37716020	1.70649496	1.43072395	1.45419452	1.31577713	1.52244771	1.41963682	1.74599394	1.32942429	1.67738867	1.17914919	1.41697100	1.13777566	1.44387680	1.04756724	1.26089901	1.05465996	1.41920747	1.46937419	1.50715335	1.40547920	0.94264615	1.10241142	1.51595112	1.36011359	1.55314014	1.38918792	1.12276190	1.66773914	1.02300061	1.74132044	0.88351643	1.12593109	1.25385604	1.38213663	1.57647119	1.71311002	1.44024951	1.63551329	1.60419483	1.63514474	1.20560159	1.69107171	1.67963736	1.79877352	1.64570410	0.70919359	1.51715674	1.59692614	1.21968222	1.33278161	0.93778998	0.89910724	1.29087860	1.36144517	1.19461623	1.20447700	1.37532566	1.55857746	1.64928019	0.97005956	1.50783734	1.77245667	1.42008411	1.48460607	1.75173714	1.46469678	1.53337922	1.49196245	1.37797657	1.23328433	1.21628003	1.39139681	1.54384618	1.52657789	1.25902507	1.10861351	1.37636489	1.50042307	1.49384339	1.63978944	1.32420121	0.88489019	1.54357313	1.13190877	1.45396924	1.30235056	1.66330836	1.14013084	1.39828565	0.95979492	1.62184961	0.51542625	1.37602794	1.34149276	1.21688954	1.17912790	1.70655888	1.11777627	1.27527695	1.34733621	1.13321930	1.07800719	1.77165080	1.51530321	1.54393383	1.09879863	1.33912334	1.16831862	1.75713256	1.72345370	1.52895368	1.43098306	1.26431817	1.40369883	1.14042958	1.48776984	0.92534848	1.25673355	0.97131269	1.56392701	1.31097151	1.52803332	1.33458576	1.05787594	1.37367824	1.32786454	1.74130921	1.06655388	1.54822493	1.65358644	1.24977850	1.43864706	1.46359828	1.57780602	1.15060108	1.57421729	1.18516436	1.59769914	1.18712764	1.66449447	1.35076648	1.59897396	1.14832850	1.15097561	1.48722442	1.38422581	0.99360280	1.40746485	1.01054892	1.37891760	1.18797349	0.75159408	1.11865530	1.56677784	1.83859460	1.22870050	1.63141085	0.86276615	1.32335991	1.84920009	1.14299966	1.45860828	0.87017467	1.39984791	1.24168132
02_292	1.08173940	1.26995417	1.14214002	0.89232747	1.42601467	1.72161337	1.66883224	0.93571606	1.49901982	1.23637155	1.23886582	1.23795429	0.98088260	1.10050487	1.36170782	1.37481364	1.65393295	1.45930371	1.25169693	1.44229110	0.97926068	1.54654361	1.05649403	0.89911420	1.22968985	1.30252997	1.22955546	1.57348211	1.15636339	1.05171519	1.51147912	0.96549131	1.42023343	1.48680243	1.59016419	1.46726840	1.70236815	1.45002427	1.54412943	1.38103381	1.47021044	1.70018471	1.50053539	0.91430085	1.31652542	0.85066225	1.05550293	1.61722153	1.11965412	0.99391364	1.31072498	1.57132782	1.08700214	1.18320368	1.26716447	1.65275830	1.41677719	1.29868750	1.33211228	1.38382208	1.30474961	1.02145291	0.88686624	1.51125913	1.50923912	1.35741937	1.44777842	1.46483465	0.97062188	1.05154429	1.60340813	1.78723072	1.04347328	1.47326582	1.36064195	0.93581968	1.12515535	1.28220949	1.51874595	1.34281890	1.12668226	1.27864337	0.76840082	1.13280132	1.34272622	1.21409469	1.13061343	1.52107425	1.12732896	1.18050539	1.58413554	1.22556536	1.18731737	1.14142949	1.30605701	1.40462168	1.17603568	1.20037642	1.28708964	1.69942363	1.29047340	0.88853377	1.28659511	1.28791010	1.59663441	1.29726123	1.65855163	0.88888840	1.32446621	0.97139456	1.27435088	1.59102503	1.58868734	1.79261188	1.52510363	1.33787513	1.42848137	1.44782273	1.19579661	1.08865048	1.66565498	1.35111113	1.17086521	1.24079618	1.57113760	0.85761383	1.34381686	1.52841066	1.42205152	1.40803411	1.17538874	1.62422726	0.87236352	1.22756920	1.68363671	1.46185850	1.81242063	1.74380289	0.98642670	1.12073850	0.97821111	1.29033751	1.28654290	1.05971988	0.93307533	1.12203303	1.03654062	0.89404384	1.60380639	1.46042992	1.45207198	1.26987366	1.22148450	1.38112204	1.10921794	1.57714346	1.51294218	1.45403885	1.47429294	1.35875195	1.09540456	1.36830531	1.62425222	1.30864792	1.58891211	1.32982043	0.82104827	0.69217975	1.13892042	1.82626910	1.32307918	1.23091516	1.32152181	1.19681837	1.53649447	1.09109234	1.34108659	1.44471295	1.47472993	1.42607233	1.34599559	0.89720441	1.44519553	1.42975452	1.14019029	1.44734987	1.31607648	1.36481735	1.15618362	1.48199869	1.07379244	1.62351014	1.31255111	1.21541774	1.19096119	1.17661560	1.39899902	0.71273939	1.16504935	1.45574179	1.07603257	1.17266140	1.21403038	1.00363622	1.02926411	1.26176869	0.81435304	1.63155670	1.17896518	1.50140787	0.57405837	1.54387183	1.24730600	1.03475918	1.60923230	0.77333318	0.85918930	1.62053959	0.68849690	1.43283337	1.10966614	1.18247878	1.39914166	1.80150057	1.00236133	1.46268136	1.21654729	1.40272716	1.00122687	1.53778512	0.63859432	1.36182444	1.27316500	0.94401619	1.11444807	1.59162248	0.79082030	1.53103159	0.92051409	0.98857565	1.13378556	1.20559522	0.66239105	1.57036019	1.34439744	1.24336030	1.15414842	1.27363973	1.76425572	1.57547472	1.15963483	0.52552137	1.13239038	1.51809409	1.30982515	0.69709226	1.38181787	0.94896317	1.12145531	0.91884618	1.26950480	1.57633244	0.49424992	1.00604703	1.29137560	1.61032258	1.06100248	1.01115463	1.17790449	0.60311733	1.43526267	0.59468768	1.17048510	0.93775238	1.30793112	0.74764939	1.42681185	0.31862116	1.62501013	0.75345735	1.45093976	0.52318446	1.29351292	1.43420503	1.11846749	0.56773622	1.19926740	1.35817610	1.78116787	1.48354977	1.07014280	1.20647814	1.46283967	1.47809988	1.49730713	1.51089654	1.40716393	0.89275981	0.90634248	0.66416594
02_320	1.35112688	1.48838409	1.28679724	1.55320502	1.24976901	1.56883693	1.57856148	1.54321370	1.33024171	1.45212488	1.62856645	1.63357962	1.45590536	1.47775350	1.29271065	1.30610824	1.66883939	1.30842024	1.35580851	1.73203358	1.63232571	1.38524556	1.44344204	1.43413759	1.24717308	1.16509293	1.23938239	1.76019231	1.57881519	1.35209640	1.66372463	1.54334414	1.50816049	1.52812441	1.58066968	1.91655505	1.67712446	1.37266332	1.47881674	1.17700268	1.88463617	1.74679930	1.43958906	1.51986237	1.67697027	1.49616724	1.39663430	1.89774851	1.48195702	1.59273657	1.09882728	1.56806162	1.44872863	1.63885882	1.53656651	1.80102779	1.44463636	1.78999734	1.29287721	1.22303713	1.78354074	1.47573477	1.37002551	1.40970918	1.68635065	1.55654580	1.66789124	1.42575895	1.43858996	1.55667644	1.44934737	1.69662740	1.20855873	1.76573366	1.67981091	1.28035290	1.08937657	1.72547815	1.49534556	1.17553308	1.19278443	1.49090202	1.25259389	0.94556722	1.54487308	1.21296473	1.33028761	1.46347267	1.33631979	1.36200001	1.97803240	1.58489328	1.22465490	1.77036917	1.48935320	1.08105363	1.76312591	1.53994320	1.76895616	1.65334387	1.61175608	1.20606261	1.00864522	1.53270904	1.62448515	1.41435283	1.54602415	1.44674954	1.46272878	1.40881359	1.32968235	1.17733763	1.99089340	1.40163279	1.27242734	1.04205348	1.52379027	1.25928681	0.80102719	1.22249700	1.67696451	1.67093105	1.18700898	1.59660203	1.59905836	1.12195026	1.55988226	1.43776293	1.26092986	1.66564880	1.31059035	1.39080253	1.14331162	1.18438671	1.33916881	1.40033539	1.71428003	1.75290158	1.40638728	1.13353705	1.42806175	1.20971091	1.37330523	1.44252464	1.21527882	1.52756442	1.20071307	1.44409572	1.49726323	1.34136391	1.57321738	1.53170352	0.84054517	0.90254034	1.01563663	1.50794400	1.29518561	1.13525906	1.45976720	1.40577125	1.39487228	1.70116169	1.49188216	1.46692395	1.30191990	1.22624618	1.21339292	1.12471725	1.26112413	1.59962906	1.53738800	1.54957931	1.04742036	1.54325815	1.21959746	1.02647200	1.09144034	1.17125361	1.65429813	1.39155008	1.47684571	1.27749918	0.94123121	1.53167197	1.43585232	1.17862237	1.29635947	1.16802495	1.35044202	0.91522925	1.38163801	1.42249372	1.25813895	1.00656899	1.49550507	1.66214139	1.36208748	1.43254268	0.80382708	1.34837693	1.71441791	0.86070146	1.46536824	1.11116397	0.77213828	1.63550670	1.12491541	1.44938304	1.69592266	1.25206343	1.08536741	1.34292501	0.57690675	0.96432103	1.07307351	1.37347659	1.41038446	1.66811288	1.02516875	1.42453216	1.42749986	1.04381901	1.41682893	1.69724678	1.39904818	1.10421451	1.44749956	1.10332152	0.74091048	1.42345180	0.94746978	1.14196061	1.62168591	0.89653432	1.34575905	1.24140927	1.01500835	1.37742763	1.33630071	0.96033928	1.45426630	0.80311969	1.35522463	1.34025035	1.41489913	1.01829062	1.53796925	1.09294226	1.65446860	1.89668378	0.69606556	0.90514333	1.33910498	1.54670204	0.97772738	1.07657717	0.98190934	1.24966344	0.71001766	0.67338005	1.50045832	1.45143718	0.91823041	1.10210420	1.06083580	1.36580770	1.38663945	0.55422436	0.97992587	0.65888330	1.08338536	1.08498545	0.87600039	1.09036023	1.10840454	1.23698324	1.05005432	0.94934442	1.34205623	1.37113697	1.41884751	0.59709555	0.74268987	1.36231620	0.61309514	1.15460003	1.15638194	1.63210007	1.83910673	1.68879339	1.20970846	0.98594527	1.70743625	1.22496362	1.79815941	1.08365044	0.97043843	1.15525836	1.66299887	1.22689844
02_210	1.67110279	1.55761319	1.62080438	1.68528617	1.54488019	1.37762503	1.37939083	1.76044026	1.61174591	1.77739424	1.93399400	1.78012751	1.74435579	1.79349662	1.62547442	1.43495648	1.47276949	1.50976229	1.52926814	1.53767900	1.78408670	1.66587931	1.72614324	1.71138296	1.50640193	1.37755814	1.57466282	1.59700085	1.58910678	1.67890864	1.22277802	1.72699318	1.65837342	1.28733870	1.27087909	1.58329917	1.25793667	1.58574908	1.34346532	1.50589825	1.64574867	1.39466244	1.57802305	1.65893974	1.64816950	1.63048189	1.46777428	1.76359654	1.52792108	1.50586610	1.30535959	1.42753578	1.78720911	1.56908273	1.66640104	1.38281268	1.53826739	1.41654094	1.44862652	1.56654812	1.51213530	1.72625824	1.51736682	1.71353110	1.43820554	1.39780052	1.31387643	1.32239255	1.57273339	1.72126534	1.73898676	1.48217597	1.33851574	1.41310175	1.51377665	1.63016436	1.03644655	1.33262926	1.50332894	1.37292009	1.44272541	1.83161004	1.53591757	1.35721944	1.39558950	1.32568877	1.48137477	1.58669800	1.60328517	1.71582841	1.67119887	1.81987031	1.40981659	1.67101609	1.23550192	1.09576924	1.89222348	1.36993917	1.91495316	1.32206801	1.74361335	1.45771405	1.39702096	1.54134481	1.44636711	1.58911464	1.24996238	1.62114419	1.79320903	1.73901633	1.41114358	1.52420109	1.76747426	1.09472108	1.60418751	1.35993387	1.04748406	1.57495223	1.16900705	1.31702915	1.78155521	1.96731476	1.26711933	1.29584922	1.52815698	1.52700928	1.69067689	1.74355913	1.31831831	1.52888874	1.41803080	1.09601423	1.49914810	1.40097157	1.31268310	1.60050128	1.23085239	1.38268600	1.59580737	1.23641942	1.53430509	1.43458930	1.73531933	1.53358565	1.57530639	1.81849196	1.49807449	1.57968614	1.40167606	1.02041238	1.37068268	1.81294138	1.17787900	1.29030256	1.37964137	1.29478916	1.14160300	1.50997016	1.43249024	1.73827228	1.55087085	1.23734748	1.65144696	1.54122165	1.43518507	0.95493000	1.45767195	1.36465384	1.61799616	1.55177900	1.61692424	1.69975103	1.36547407	1.70610541	1.47017076	1.42133162	1.16026690	1.26351839	1.75029942	1.48672382	1.27446360	1.49188568	1.34825740	1.22368018	1.73356267	0.80849738	0.96064727	1.40968764	1.58586601	0.81515266	1.67092041	0.90599758	1.36121201	1.17642659	1.35542326	1.77595028	1.50558403	1.58404366	1.07099622	1.40515051	1.74834607	1.09038371	1.79026071	1.25675101	1.26399657	1.46849764	1.24250161	1.45958564	1.85555842	0.95865200	1.39306224	0.77414459	1.08295729	1.36305668	1.45082707	1.49065874	1.25195033	1.17655960	1.34858995	1.26975675	1.65522545	1.30486632	0.81030611	1.23423524	1.16163453	1.43108544	1.23915312	1.03056294	0.88484673	1.17376543	1.37117603	1.48603140	1.39713502	1.34007790	1.67010890	0.92174412	1.40420968	1.44541512	1.36021928	1.13581186	1.50386691	1.27332195	1.32793577	1.65689391	1.47517530	1.21856804	1.64081230	1.45708093	1.14762710	1.76753248	1.10702749	1.16766282	1.70372400	1.38837613	1.35386524	1.44184931	1.26973112	1.38148132	0.85208423	0.92345872	1.45369433	1.56478543	1.26298573	1.35039594	1.08300449	0.86298005	1.62509750	0.89341199	1.08464105	1.16130837	1.38929522	1.19496880	1.25324180	1.33804030	1.43396047	1.57216071	1.41807949	1.17491326	1.01144368	1.51615699	1.46382367	1.03473090	1.21786449	1.26137119	1.06427803	1.26059024	1.18185394	1.32676334	1.38779513	1.76341967	1.57220007	1.02342446	1.36860194	1.13160644	1.86944222	0.91865164	1.31226167	1.21745709	1.59533252	1.24612548
02_46	1.16406998	1.03916827	1.26806303	0.84519665	1.50015560	1.53958845	1.39947506	0.99116106	1.37520866	1.10248754	1.02156472	0.96019478	1.08644163	1.08035688	1.33326657	1.16387393	1.34981299	1.23087298	1.07704790	1.13243313	0.75843492	1.37738509	1.14851423	1.06728799	1.30064323	1.34759031	1.41882651	1.19089078	0.53494889	1.19271360	1.04499102	0.67996872	0.97356210	1.18152640	1.28970274	0.72691310	1.26014543	1.23134845	1.40883683	1.51943635	0.87019464	1.15840064	1.15063631	0.67200646	1.06247483	0.91293738	0.95563865	1.16479446	0.73921446	0.61988974	1.30531756	1.17232907	1.06721923	0.63702635	0.99688962	1.00268832	1.16664415	1.03547583	1.35169190	1.39946872	1.00913453	0.80416973	0.90041326	1.34097476	1.12822803	1.32927639	1.07493186	1.07648190	0.79970236	0.59743181	1.34540573	1.27611164	0.93420277	0.83853047	1.15882264	1.28929915	1.25448786	0.93029527	1.07766182	1.22455850	1.13698720	1.18879719	1.06631455	1.35887541	1.34760184	1.36689547	0.86323567	1.13933535	0.90067246	1.28174398	0.73978444	0.87693435	1.13844584	0.57910225	1.05914387	1.51292465	0.46463302	0.62252305	0.56154345	1.24584890	1.11415490	1.35577244	1.50363021	1.11470620	1.29862125	0.89935974	1.56512497	0.98593105	1.11805650	1.22573037	1.30069778	1.58747037	0.64849357	1.73148668	1.42709568	1.36079143	1.29624473	1.57403814	1.56712381	1.14722901	1.11816047	1.00665928	1.22227643	1.07712396	1.08622191	1.32790753	1.12259403	1.30501214	1.45699632	0.89549907	1.26048709	1.62726889	1.09777770	1.24259257	1.52115175	1.10215151	1.46729532	1.13164788	0.92069955	1.37862197	1.20604464	1.35612152	1.44399558	1.03112844	1.15246362	0.87792602	1.40184241	0.58593461	1.48481396	1.24864680	1.25091302	1.08954291	1.40718835	1.61503998	1.17973798	1.44027466	1.41182465	1.50892150	1.02417053	1.15348564	1.12666685	1.09031202	1.30161696	1.12148852	1.49606700	1.55382855	1.27363958	0.92568065	1.13964990	1.47013631	0.79504314	1.10547141	1.54127325	0.63947258	1.45900579	1.39555655	1.55464287	1.48218653	0.83259942	1.25958094	1.63343821	1.05227828	1.65682907	1.11559580	1.03036704	1.73869147	1.16692342	1.32369635	0.98717291	1.78157124	1.02940889	1.57545053	1.26658233	1.49714400	1.23101959	0.68816432	1.11689878	0.91473441	1.49654884	1.26792489	0.35254279	1.37353403	1.04139690	1.10210633	1.54432118	1.07378161	1.15751483	1.27157691	0.54059589	1.59811014	1.16311499	1.61506881	1.74222057	1.44890570	1.74893654	0.90322771	0.83444500	1.39714161	1.36877160	0.97670500	1.00968583	1.42579197	1.33266752	1.44578421	1.16712726	1.43673765	1.37148932	1.57937093	1.51952078	1.36615141	1.35422573	1.48043840	1.02674994	1.59829921	0.98921932	1.87531292	1.36598081	1.31836181	0.90630448	1.28177650	0.77863461	1.50726180	0.94434973	1.43100855	1.01331988	1.23699203	1.07708753	1.47467940	1.37754564	1.08662648	1.60930617	1.18158612	1.23608030	1.24536516	1.41540315	1.22969380	1.48322586	0.92403696	1.44790354	1.51115615	1.06653636	1.37176108	1.41639080	1.16830385	1.53233070	1.50109991	0.76959936	1.57797014	1.32843744	1.37789836	1.43979979	0.97139362	1.61128059	1.00240358	1.41759925	1.26429852	1.51939936	1.22635404	1.50168440	0.87900007	1.18771808	1.48658236	1.64452039	1.30174735	1.53027695	1.33843643	1.43055193	0.98903546	1.15954600	0.83676518	1.23150729	1.53375044	1.31512575	1.33898084	0.74236926	1.61921005	1.59377772	1.10409702	0.67746065	1.34112288
02_246	1.85177702	1.57853168	1.86662523	1.74974475	1.86849712	1.60679659	1.41634777	1.91416462	1.71954131	1.76232460	1.80927581	1.67683644	1.89965259	1.84840003	1.77526962	1.52972501	1.51906434	1.46902026	1.67301394	1.53703443	1.80642186	1.72667074	1.85759359	1.86841166	1.81988322	1.67698477	1.92337992	1.49257296	1.42976431	1.88481111	1.15755334	1.61764171	1.53855313	1.48709493	1.38900927	1.24137906	1.26181049	1.65589836	1.58891219	1.85677343	1.42469608	1.32126526	1.49702424	1.61612411	1.59966033	1.71750373	1.43654269	1.48380889	1.41203129	1.39497838	1.43441841	1.34596339	1.71096473	1.16377106	1.58557888	1.17162580	1.64938569	1.44084047	1.78763509	1.74443082	1.61392874	1.67512285	1.65641430	1.73870618	1.00064625	1.35274145	1.47811491	1.25194807	1.39065833	1.48437938	1.61368748	1.30085445	1.42206902	1.01060980	1.44517091	1.91231278	1.17802588	1.38469469	1.43413617	1.40712692	1.64371504	1.53414279	1.62910811	1.50875326	1.67889942	1.72369782	1.46893276	1.43769112	1.53551357	1.51037882	1.08329930	1.43274582	1.61537736	1.60990901	1.47474974	1.12255809	1.61254245	1.21252557	1.49937224	0.81330653	1.28963749	1.71161029	1.71699354	1.29905278	1.11722575	1.45506810	1.63119772	1.82247559	1.54330473	1.96104467	1.74129284	1.44132706	1.26620331	1.02856118	1.60035589	1.38123733	0.85676190	1.94621954	1.64012037	1.52798985	1.53863334	1.70408498	1.34905596	1.27702781	1.27642560	1.66156864	1.32565963	1.68018288	1.31037165	0.91640037	1.20051198	1.49206685	1.65020403	1.16874231	1.07053334	1.35027338	0.76005313	1.06343553	1.31058376	1.39613042	1.49874397	1.77348380	1.46127748	1.76551391	1.43967905	1.59133513	1.50053849	1.47610535	0.99849186	0.95688981	1.43860547	1.45692145	1.27866690	1.34597255	1.42334998	1.06460981	0.78233181	1.31161665	1.06894481	1.53511785	1.30641080	1.19884938	1.51380906	1.12837034	1.12985433	1.39169986	1.74510008	1.44378463	1.54413114	1.37125170	1.36924486	1.24549121	1.77400352	1.49020429	1.23050037	1.30551382	1.37525048	1.22817236	1.41616222	1.13450368	1.47641978	1.77077771	1.51639311	1.33476634	1.42078857	1.28512257	0.71663052	1.16070651	1.17179230	1.24959942	1.45277894	1.05080289	1.07518488	1.59908320	1.60096903	1.31486858	1.48270604	1.73272574	1.35458029	1.22119201	1.55266541	1.31850811	1.66000081	1.13511266	1.44983928	1.13969956	1.43408328	1.24296776	1.44284569	1.46329765	1.57649924	1.11323516	1.54760846	1.80535600	1.32777253	1.39455292	1.35414440	1.51015996	1.51879965	0.90487863	1.21913393	1.75117887	1.08755836	0.55877944	1.31481752	1.32981527	1.32788715	1.54863081	1.35296098	1.30932123	1.70757388	1.76989458	0.89175312	1.70602964	1.40784189	1.44143559	1.42689722	1.12652074	1.53349354	1.53891047	0.98635361	1.27433039	1.43325206	1.56239215	1.31527781	1.13124893	1.17985515	1.19029600	0.59242591	1.39515443	1.63531698	1.30358219	1.39727315	1.01101572	1.44859135	1.76873628	1.08187540	1.06541707	1.17734432	1.35088297	0.82913235	1.20049170	1.51617405	1.64219027	1.30625408	0.49049949	1.39021613	1.45972541	1.18765990	1.55208762	1.25302666	1.20090641	1.77751337	1.03915442	1.65136507	1.87498813	1.36407348	1.44134412	0.71435807	1.70564433	1.27610692	1.48160484	1.22993902	0.94732465	1.37812318	1.42398591	0.89058882	0.51568399	1.00815843	1.42536733	1.29914149	1.29310361	0.59696348	0.79361227	1.52801960	0.90911947	1.12523477	0.84946843	1.64793623	1.39551430
02_84	0.98002423	1.15073499	1.08554325	0.30357670	1.36662932	1.68138599	1.62789767	0.60688985	1.35158338	1.09156996	1.05504356	1.08834920	0.83592368	0.96511966	1.27655307	1.11712229	1.57584085	1.23069700	0.90801535	1.34819679	0.31358096	1.38511834	1.01462935	0.76873456	1.08263418	1.15034435	1.21334936	1.47871958	0.53230169	0.99317406	1.23552759	0.45778113	1.00427550	1.22991204	1.46382263	1.09034378	1.44437754	1.19318367	1.51789654	1.37339021	1.20023986	1.41092229	1.15940948	0.45118627	1.23117761	0.39779831	1.02379681	1.52672463	0.86465701	0.53163586	1.18694881	1.42728314	1.05034225	0.84461576	1.15958330	1.29824054	1.02333610	1.08559777	1.09943170	1.33343663	1.08182895	0.70573981	0.44516726	1.36944167	1.47703473	1.50581107	1.13057663	1.14100339	0.61898308	0.55372080	1.45830214	1.58115067	0.86290352	1.21339251	1.40408460	1.02584732	1.29985558	1.01733306	1.18568013	1.17451802	0.92866379	1.31773304	0.79393286	1.26247624	1.37479953	1.27284819	0.73683915	1.17578226	0.90715430	1.30910476	1.25510967	1.01753363	0.93759932	0.47950477	1.00004238	1.62687607	0.50920024	0.83837497	0.77385148	1.60100913	1.15045068	1.15929978	1.36340383	1.35287048	1.65184985	0.94204886	1.65739640	0.53132939	1.27942105	1.00211574	0.97837778	1.65097473	1.17848864	1.92542154	1.49971805	1.34878080	1.44654287	1.40717344	1.36294883	0.82607761	1.24475966	1.18312140	1.01036982	1.19874094	1.42637307	1.16637754	1.34309328	1.39605094	1.32417612	1.17488022	1.39748675	1.72637062	0.94412136	1.24720953	1.75899026	1.24522664	1.70825979	1.49988048	0.88477185	1.12113666	0.92690781	1.17402941	1.51469017	0.58994566	1.15313070	0.99803515	1.31072224	0.37542284	1.75401415	1.36416487	1.47707929	1.19214686	1.35955842	1.58685712	1.18283832	1.69240721	1.64028666	1.61040340	1.28561189	1.31977084	1.02855366	1.16376379	1.51540197	1.40246664	1.56632141	1.60266905	1.08377557	0.66978599	1.13131669	1.73873147	0.84162589	1.15973804	1.42155663	0.73791838	1.54296306	1.41204214	1.36848005	1.41299229	1.01651464	1.28445220	1.67917963	0.70836444	1.60091437	1.31814324	1.13106211	1.77211729	1.38532712	1.51948156	1.12658248	1.81650121	1.17525095	1.62214083	1.27289527	1.21127695	1.29816645	0.82209623	1.13103769	0.41492965	1.32797900	1.25423755	0.38616156	1.25085148	1.16511793	1.01394483	1.44059382	1.10988206	0.82516582	1.54820684	0.78420607	1.66018962	0.92806426	1.61128233	1.59821982	1.24489177	1.84109811	0.66661550	0.84807911	1.43819702	1.14590409	1.21472029	1.14665635	1.21994917	1.40040027	1.75364266	1.05210181	1.53786470	1.52867922	1.50668306	1.30696395	1.59402894	1.12136494	1.42720387	1.20796086	1.35441315	1.15406606	1.88258403	1.27873274	1.40361465	0.56997666	1.02159591	1.10805220	1.54749484	0.66790542	1.58852933	0.98230421	1.27530391	1.13871434	1.61414308	1.70447147	1.55941258	1.48605181	1.06953607	1.40012041	1.66245334	1.47476704	1.03088710	1.58803672	0.96886088	1.52122012	1.29975664	1.27552748	1.41641335	1.20967541	1.03302646	1.37345426	1.74825729	0.97526216	1.38387365	1.27770742	1.21947534	1.60654114	0.84367199	1.49104885	1.18885521	1.43505733	1.10537425	1.67194166	0.98715651	1.84870940	0.53979414	1.52504707	1.35712377	1.72611157	1.68906812	1.54449948	1.14140127	1.70972001	1.41304617	1.55924201	1.03411024	1.43714315	1.39819785	1.72617941	1.65656577	0.83883981	1.88388959	1.76800922	1.31961176	0.44074990	1.16960853
02_118	1.26562810	1.29490041	1.28259867	1.21890588	1.33221786	1.59595340	1.50946121	1.33225907	1.18353913	1.19686057	1.27103853	1.33022799	1.32000395	1.27960798	1.21282942	1.05586560	1.56612577	0.98509660	1.08416634	1.56072047	1.22056944	1.19454981	1.35618272	1.31133192	1.22964776	1.14855203	1.35517820	1.55163267	1.00271753	1.29813445	1.36569655	1.07505714	0.94920579	1.35497688	1.48190198	1.41905749	1.42619617	1.08360233	1.50126390	1.30928748	1.50093400	1.42111709	0.98713284	1.10850664	1.48633824	1.22000155	1.22945130	1.59705899	1.11860114	1.16562525	0.99535370	1.33361008	1.20464512	1.09419272	1.25598332	1.34593376	1.08327906	1.57550677	1.23050690	1.21638851	1.57313111	1.07421199	1.09863933	1.22112293	1.40129761	1.56448744	1.43021859	1.01971304	0.96517077	0.95377355	1.13263403	1.36243112	0.99807797	1.31322040	1.52928446	1.36578982	1.21483528	1.44485056	1.03203860	0.91172581	1.07793509	1.16600495	1.17029980	1.08450605	1.62679171	1.36642930	0.85548770	0.94610771	0.92131215	1.21415565	1.35555967	1.03567969	1.02586493	1.29895864	1.25725843	1.27692032	1.04250303	1.07744266	0.98697394	1.32902095	1.11945434	1.42055826	1.23715482	1.33651408	1.42947236	0.83704738	1.62920505	1.26633688	1.06502933	1.37430321	1.22609891	1.15285133	1.34274737	1.53250777	1.09896064	0.98385947	1.39497313	1.40839214	1.19057898	1.05694028	1.01495149	1.17180939	0.98088240	1.47183950	1.21415481	1.25615098	1.26769033	1.14299124	1.10856519	1.10429410	1.24307160	1.59422401	1.07023530	0.97664470	1.25781389	0.82472636	1.43573390	1.29390339	0.95926970	1.13256162	1.23684712	1.16484962	1.25736426	1.17926799	1.04181951	1.03782045	1.32238776	0.85278534	1.41761183	1.20448675	1.48300273	1.13815712	0.89690417	1.12120133	0.85998279	1.48868879	1.20306309	1.04985864	1.04069555	0.99442329	1.07794579	1.47038257	1.15137075	1.16143323	0.97387955	1.54389918	1.36346770	0.90777800	1.08786529	1.40469424	0.79697880	1.05180874	1.26428144	0.82775492	1.01758126	1.04840957	1.12670822	1.04537909	0.83886865	0.94453006	1.74455488	1.12975383	1.22506109	1.32103055	1.03571964	1.61144205	1.12908641	0.97791196	0.79521715	1.42221508	1.04561429	1.46141556	0.85336121	1.20691735	1.50422948	0.89817409	0.86198040	1.17012803	1.04298150	0.89744346	1.06119144	0.87706848	1.05712829	0.76030811	1.15520945	1.29862787	1.01251406	1.07998588	0.88566568	1.49465357	1.12896197	1.44105124	1.21551001	1.22195387	1.14521759	0.96463587	1.19462971	1.54237632	1.19151609	0.83007112	0.89766532	1.14680711	1.37432260	1.33079208	1.37462849	0.90775496	1.52436722	1.44300221	1.10435915	1.35498788	1.20264745	1.16154251	1.17338140	1.37939155	0.86431402	1.74288076	1.10616808	0.81880090	0.96729422	0.96146506	0.83202305	0.93052260	1.10551673	1.01587261	0.82452856	0.63439761	0.94390257	0.99404535	1.24517521	1.44049574	1.14467247	0.94863043	1.00112069	1.23835317	0.86894028	1.11551891	0.75913301	0.57328652	0.99297357	0.98736082	0.84881586	1.06304650	1.13442864	0.91280797	1.04174176	1.15967064	0.62881018	1.00132994	0.66881385	0.98579956	0.78176778	0.68047922	1.16110339	0.42170583	0.97318945	1.20843646	0.82629085	0.92341033	1.14488456	0.99446399	0.95896926	1.04702160	0.88758221	1.05242282	0.84645818	1.06827135	1.03300152	0.90270451	1.23004190	0.80298632	0.78971582	0.92168470	1.24310484	0.78526916	1.02891499	1.09845588	0.81426537	0.71069279	1.18325837	1.06138481
02_34	1.48826529	1.47622638	1.48852539	1.52154718	1.48201562	1.70105852	1.59296503	1.62503589	1.30074868	1.37574383	1.46132092	1.52308019	1.57395539	1.49866748	1.35705782	1.22367939	1.68543797	1.08562363	1.31880754	1.73673715	1.53524212	1.30244123	1.57324779	1.56829372	1.44248548	1.32159704	1.54577634	1.68618404	1.27876740	1.52412068	1.53488241	1.34724192	1.14720246	1.54949266	1.61687500	1.62234377	1.55979467	1.24460846	1.63528024	1.45263900	1.69610346	1.57066654	1.12945849	1.39296402	1.66517889	1.50754538	1.40395060	1.71457669	1.33013122	1.43262399	1.09999056	1.44416847	1.37369661	1.27541546	1.42790514	1.51305008	1.30298696	1.80024158	1.44504277	1.33516536	1.82120428	1.32719786	1.38897606	1.32994490	1.45941971	1.65635298	1.66119601	1.16770979	1.18616177	1.20612545	1.18210828	1.43900834	1.20551996	1.46080067	1.67527302	1.58407863	1.29597634	1.68789651	1.19542284	1.02339529	1.28769536	1.21990523	1.37820234	1.15515782	1.80660072	1.54620115	1.10683490	1.07280330	1.12608414	1.25933364	1.50642173	1.16272045	1.24836442	1.60477775	1.50339914	1.23708621	1.32828703	1.30640027	1.21026760	1.33407928	1.19031527	1.57978334	1.33837690	1.42294360	1.45093438	1.04115210	1.76456519	1.56091819	1.14525750	1.61246631	1.46053293	1.07239300	1.52218828	1.45685500	1.13499028	1.00450848	1.46289473	1.55907028	1.28791416	1.28020359	1.15372073	1.32044118	1.13032769	1.63857785	1.30306794	1.38268229	1.32084141	1.23310057	1.15430679	1.18383655	1.26965721	1.67660288	1.27206404	0.98187368	1.16822959	0.90171373	1.42627699	1.38904244	1.10581419	1.24884226	1.40610887	1.36615338	1.23048610	1.48268854	1.13114895	1.21635136	1.38433874	1.16128737	1.35190625	1.26801024	1.61917400	1.20903057	0.89316127	1.04041731	0.96244608	1.48407814	1.12706010	0.93622378	1.09391578	1.07077442	1.18153708	1.65425965	1.20726741	1.18208720	0.86543519	1.63107671	1.55904106	1.14233714	1.19878462	1.40562358	1.02537634	1.11351090	1.39038824	1.09226460	0.92289715	1.01945153	1.18340850	1.03956905	1.03303708	0.95044887	1.81969933	1.41810852	1.18871307	1.49722900	1.12475599	1.63612900	1.16777721	0.91068393	0.84705097	1.37555582	1.15598759	1.49959888	0.85547174	1.34458080	1.69809914	1.08713298	1.03854000	1.47635732	1.08400623	0.95582343	1.37284062	0.95171698	1.21727026	0.87119070	1.15632153	1.42313161	1.22200197	1.09809830	1.11565031	1.58846009	1.31988653	1.49785067	1.20820795	1.39492992	0.95426020	1.19695437	1.44225405	1.73563480	1.31062842	0.91952263	0.95766966	1.33726330	1.50600798	1.28393521	1.55560655	0.84207340	1.62510282	1.54406362	1.18526385	1.44559262	1.37362448	1.28732784	1.26677089	1.46845512	0.96877819	1.76035953	1.16429906	0.79818023	1.27723791	1.17385147	0.92610902	0.83355271	1.36848000	1.02272749	1.00102705	0.65397667	1.02646821	0.86093818	1.22962255	1.55442373	1.22850142	1.08371988	1.01095393	1.24484204	0.88846155	1.34916286	0.57067404	0.72442325	0.99955456	1.06551395	0.86975882	1.03062993	1.25820920	1.16134401	1.10123759	1.08830202	0.86065475	1.08400551	0.75111470	1.12559994	0.67063988	0.91283228	1.29380152	0.48553505	1.09257513	1.45399642	0.72372053	1.13123523	1.05081537	1.33634397	1.01946321	1.14990322	0.69441936	1.01874202	0.84207162	1.23653893	0.93749661	0.95187570	1.33710768	1.01565758	0.77870468	0.98846253	1.22190092	0.67231841	1.25250799	0.97531592	0.55517960	0.72684242	1.52618416	1.23822439
02_185	1.47773900	1.52015258	1.48931083	1.47447651	1.57125254	1.80038695	1.69158101	1.56808164	1.48829986	1.44171071	1.49805103	1.53852175	1.51740553	1.48722801	1.46627690	1.41493948	1.76977596	1.33142784	1.46183400	1.73972250	1.53917104	1.51020559	1.51151207	1.47981991	1.50661080	1.42575994	1.54827603	1.73880835	1.41324451	1.48959236	1.63961227	1.36229678	1.42436119	1.67689474	1.70913426	1.69513373	1.73175712	1.46764693	1.69963499	1.52184907	1.74435560	1.75996633	1.41395216	1.38778039	1.64117807	1.42903561	1.34916166	1.75144669	1.37862202	1.41421163	1.23391817	1.59258392	1.34140697	1.31382137	1.47953225	1.70882404	1.51802339	1.73304273	1.55069074	1.43889415	1.79280367	1.37002681	1.37273899	1.50537709	1.47294791	1.53394311	1.74782824	1.40692459	1.18246040	1.28546412	1.43321494	1.68433821	1.25850903	1.55248951	1.62158162	1.46434195	1.19744873	1.68304100	1.48151158	1.22859679	1.35413775	1.21633378	1.22842413	1.12312088	1.73484501	1.52748351	1.27145140	1.38191034	1.25506402	1.15363621	1.63842751	1.22960494	1.36818480	1.63984101	1.59654063	1.18650302	1.45629048	1.41179176	1.38428690	1.48140919	1.17735979	1.35372683	1.35638561	1.36903799	1.49332587	1.29618710	1.82331943	1.50430092	1.25505912	1.52175196	1.53818607	1.22541818	1.69093763	1.49151129	1.34557721	1.12794773	1.40823129	1.62482699	1.25474482	1.31342116	1.52663332	1.43320453	1.17719340	1.54943544	1.50211547	1.16702252	1.30496907	1.44974111	1.22601492	1.28028447	1.12555479	1.69529966	1.21349336	0.98417853	1.31299756	1.22983209	1.54936249	1.63864027	1.05189515	1.16494166	1.24220849	1.47626223	1.09457974	1.52018017	0.98999660	1.27071551	1.14956332	1.22716894	1.32778586	1.35502367	1.63668266	1.21675772	0.94954462	1.02660610	1.04756513	1.45299201	1.16131831	1.02170649	1.29640005	1.24267696	1.09581302	1.62447942	1.46654493	1.17070135	1.09034594	1.50060159	1.36787704	1.05586568	1.20200327	1.62050674	1.30279723	1.08684723	1.43319192	1.31206332	1.10479359	0.85343391	1.19422060	1.14256414	1.38332880	1.10301390	1.57678680	1.40756267	1.20653019	1.59786417	1.11386437	1.46865193	1.17745951	1.00808230	0.92659186	1.27817612	1.12892497	1.51444546	0.96702022	1.32594201	1.61295143	1.19234384	1.33085066	1.38042754	1.03112646	1.19045406	1.46265223	1.01952607	1.31435960	0.86979173	0.93045904	1.34925740	1.10618098	1.38279284	1.26908700	1.58990833	1.08825585	1.47813935	1.09709012	1.33427219	1.04786685	1.09051615	1.35246655	1.82987287	0.99665715	1.20611944	0.94211824	1.38600197	1.50176461	1.44172457	1.38424697	1.07169239	1.44580273	1.52138186	1.01776301	1.54423088	1.13209523	1.40383537	1.22606025	1.19788196	1.04436108	1.60988161	0.85641794	1.11446210	1.31506200	1.18643963	0.99784456	0.78697279	1.21406398	1.30064538	1.25346461	0.89049423	0.99502210	0.78495316	1.43826251	1.63633135	1.18754970	0.79441821	0.94122545	1.33094199	1.06303462	1.22417262	0.77259483	0.77139279	0.94221417	0.87992126	0.93772342	1.21387314	0.87788143	1.24314203	1.11544289	1.20075581	1.05889961	0.97662395	0.90585699	0.89071171	0.95469704	0.78216042	1.28758079	0.57624627	1.25739840	1.32745868	0.96602853	0.84472731	1.20414083	1.33155957	1.26131403	0.79139582	0.67763565	1.12955391	0.84764338	0.91640129	0.78049455	1.07608834	1.63338692	1.38771252	0.75529589	0.99887949	1.17424895	0.97354831	1.53193932	1.05225717	0.70813078	0.55478290	1.51697613	0.95769484
02_133	1.75647797	1.57950055	1.75567507	1.49598068	1.75690700	1.51502876	1.45332105	1.69433436	1.75945161	1.83992050	1.92789960	1.74850028	1.76364064	1.83110551	1.78872739	1.47235132	1.50961280	1.55181480	1.53227736	1.45910406	1.61418257	1.80491303	1.78421973	1.70746610	1.63066855	1.49337298	1.76379349	1.55228118	1.35301390	1.77210435	0.90408417	1.56357396	1.59214959	1.22115167	1.24870490	1.17435276	1.07622478	1.65303122	1.46907900	1.74136899	1.40265633	1.22885355	1.54870413	1.50305997	1.59506624	1.44750173	1.43400357	1.66237370	1.42517773	1.18969816	1.38159158	1.42683425	1.81484177	1.25203900	1.67690322	1.05393701	1.49083804	1.04597505	1.51780901	1.75771557	1.29333699	1.66990583	1.39145332	1.84972058	1.25329222	1.37554229	1.09489111	1.19669309	1.35409226	1.52897708	1.84885934	1.44237334	1.33574412	1.05357473	1.44845973	1.74573081	1.12664670	0.96911814	1.45565320	1.42459616	1.50526095	1.85095804	1.51377868	1.55176319	1.43868006	1.51276485	1.39410788	1.52835276	1.60852590	1.75259085	1.26930167	1.69966270	1.44067828	1.36168808	1.06809568	1.29683509	1.65263488	1.12474451	1.68770513	1.14599555	1.51424462	1.55503621	1.65245391	1.50107224	1.42517546	1.53045972	1.38114001	1.53850673	1.83940877	1.82271545	1.38879876	1.72527418	1.43439930	1.22511973	1.78989573	1.51517440	0.68923188	1.80604222	1.45690453	1.23078437	1.68804187	1.95128410	1.16016005	1.07057651	1.50770167	1.64609054	1.63897909	1.86396667	1.23280353	1.19629593	1.43178560	1.30668016	1.59665184	1.37721851	1.44598272	1.59452838	0.89748323	1.17608309	1.42711589	1.15999443	1.32042566	1.57560602	1.79405721	1.41249501	1.61468794	1.78214157	1.56115498	1.38872257	1.41531539	0.88288568	1.39745360	1.75173512	1.36502800	1.52417867	1.53214414	1.30018110	1.15760121	1.68243927	1.35054348	1.81992823	1.37350936	0.76803882	1.75597412	1.50329174	1.42518387	1.15906667	1.56194723	1.31481720	1.69037501	1.64169029	1.42275617	1.49321664	1.64947125	1.57215522	1.55797379	1.55067307	1.16902509	1.25293164	1.58489646	1.33770940	1.32626017	1.50160184	1.62554514	1.16274022	1.69229832	1.05405303	0.81688504	1.54745198	1.49940121	1.21294053	1.69138368	0.73541881	1.24126386	1.28770574	1.38139732	1.50345126	1.49964465	1.43912579	1.23761327	1.28708169	1.48064256	1.22852264	1.84382856	1.14584269	1.51121727	1.09104519	1.12748637	1.52743340	1.64488568	1.21383412	1.43551945	0.62301870	1.47303359	1.62414097	1.70600921	1.26276080	1.07206603	1.01249856	1.40227828	1.07687469	1.54015953	1.50989827	0.53277385	0.92180492	0.91080639	1.61458596	1.26045927	1.28554107	1.05181331	1.29114916	1.55122349	1.73825528	0.98848632	1.56569610	1.69148248	1.20903845	1.50124894	1.34941321	1.18797004	1.22607660	1.33876383	1.53289431	1.08201906	1.83513902	1.31245379	1.27841147	1.38866239	1.61185614	0.85077070	1.66375384	1.49164933	1.22797524	1.76045554	1.40121484	1.60427605	1.59878724	1.42837978	1.20560934	1.21253570	1.09452106	1.17001991	1.45728772	1.36338144	1.47273153	1.07961568	0.73690980	1.58490952	1.20188474	1.12014277	1.42939738	1.59246445	1.05523407	1.60758696	1.34923480	1.67403475	1.71274061	1.67495837	1.18077862	1.12568263	1.42406082	1.55716960	1.32856803	1.54000415	1.36230790	1.43781414	1.16244340	1.31977074	0.94650393	1.08252711	1.57869545	1.67415715	1.05904294	1.09138162	1.22423768	1.62187084	1.22649824	1.56139609	1.15955672	1.31273610	1.09208075
02_204	1.23717305	1.26254573	1.19814663	1.57831637	1.17644031	1.44897693	1.39895617	1.51297598	1.08263487	1.15577898	1.30684393	1.35589541	1.37766921	1.28525828	1.06697937	1.15406383	1.47670328	1.10153707	1.23262025	1.58028264	1.54094705	1.08843012	1.33069606	1.41277477	1.21621829	1.20172856	1.22395967	1.52309545	1.39617117	1.25866464	1.62534526	1.40752396	1.19260281	1.46542191	1.49187046	1.75808895	1.59939229	1.12790110	1.37049222	1.13364719	1.67967802	1.56251568	1.19942613	1.40382728	1.50180945	1.57927794	1.29532354	1.61310217	1.27688094	1.56996631	1.13092950	1.30862229	1.22152463	1.50981559	1.22628742	1.62988366	1.32841159	1.86622434	1.33807131	1.05239495	1.74915637	1.24525124	1.41867263	1.08685016	1.54133134	1.55930135	1.64086593	1.30092240	1.41578424	1.34959545	1.03650714	1.38615920	1.12460394	1.60893212	1.53504813	1.32229458	1.21311475	1.73776575	1.20343272	1.06075134	1.16307069	1.19360733	1.34246477	0.98535777	1.57754627	1.23109838	1.17152653	1.21205198	1.02913675	1.25862653	1.70817033	1.30132352	1.18023781	1.67283390	1.49700280	1.15783074	1.47111830	1.37188709	1.41258805	1.48402620	1.56051375	1.41420058	1.05693935	1.36172815	1.39355899	1.09053253	1.52134445	1.49388325	1.03494263	1.34121135	1.45856366	1.00673346	1.65163456	1.47679706	0.90038266	0.95254373	1.67324587	1.23738134	1.08703480	1.38320048	1.29002540	1.21261809	1.36081797	1.65472567	1.20398323	1.23279255	1.34513403	1.01457065	1.46216137	1.52903332	1.28110907	1.43984469	1.05776738	1.20664179	1.15027897	0.99768832	1.73760693	1.47965292	1.35029803	1.46772616	1.65407440	1.15867595	1.27902296	1.49537259	1.11091303	1.15204906	1.37601858	1.28680392	1.41206723	1.40877040	1.40699937	1.31168942	0.90328686	1.03661366	0.77101189	1.47191623	1.25996029	0.93419398	1.19627324	0.90635005	1.47619731	1.81830433	1.01333703	1.22176424	1.23767390	1.42956837	1.33299660	1.17531150	1.07908764	1.28100840	1.27148579	1.48151743	1.03831912	1.17126798	1.08433809	1.03640580	1.41256311	1.32630133	1.24368727	1.36480540	1.72429920	1.27666795	1.05191424	1.37288722	1.19453961	1.53335127	1.30551722	0.85117917	1.10508334	1.23540166	1.06414031	1.67680348	1.27310492	1.35284485	1.46779849	1.42840355	1.06952670	1.49619030	1.15043867	1.30538462	1.48050106	1.01197709	1.00419988	1.18581904	1.04651229	1.73525455	1.38667040	1.01601397	1.31520491	1.34174135	1.24172556	1.66208073	1.01890764	1.03934616	0.95388258	1.43755832	1.41307593	1.71465838	1.33441492	1.19557051	1.21861331	1.09282705	1.59179932	1.63365434	1.65739508	0.77721445	1.49396597	1.33100291	1.24581382	1.22727726	1.14150002	0.91230899	1.63103118	1.31356397	0.91884886	1.62545940	1.16424055	1.22026571	1.36779894	1.13528149	1.14619686	0.72643626	1.50861036	0.77742833	1.27725250	0.86050277	1.46446756	0.90149955	1.53000783	1.45569527	0.86538315	1.08269824	0.99599620	1.15976701	0.58053135	1.04063977	0.78746459	1.12743814	0.71566736	1.15407459	1.37043495	1.40660677	1.24821008	0.93256644	1.35892400	1.36037071	0.85575241	1.00725588	0.99896438	0.83898807	0.56268857	1.14461080	0.86489051	0.68556715	0.70969674	1.11913974	0.43957484	1.19047172	1.06295061	1.29013542	0.79650514	0.92867345	0.57484255	0.89094374	0.43483464	1.41920052	0.91976399	1.37027904	1.52725392	1.25580070	0.70534739	1.24211044	1.51762354	0.77203939	1.49374898	0.83239882	0.55987398	0.97096185	1.58574111	1.46352328
02_47	1.54080903	1.62552270	1.47620949	1.73727310	1.38568291	1.66052298	1.65717773	1.75107046	1.39392716	1.57794396	1.75354756	1.77060635	1.66286948	1.65026194	1.40572642	1.37733474	1.76566493	1.33224955	1.46661836	1.87134478	1.79710304	1.43438614	1.64592805	1.65407838	1.40820123	1.29165829	1.43683763	1.86488007	1.67273359	1.55267597	1.74376433	1.68585574	1.52977056	1.62834131	1.67928698	2.00231709	1.72374648	1.42251100	1.59882576	1.32088606	1.99420551	1.79093920	1.44951442	1.67701472	1.83277829	1.69143934	1.56626666	1.98958383	1.60999769	1.73815248	1.17942127	1.63023318	1.59810758	1.72785847	1.65314585	1.82995293	1.50022211	1.95648027	1.42238260	1.33824047	1.95123970	1.61173009	1.54912751	1.47754154	1.75821207	1.72056121	1.78319687	1.44836733	1.55684172	1.65383054	1.45423465	1.69547430	1.35315503	1.82833640	1.81725670	1.52684050	1.26639882	1.86247295	1.50118225	1.21216177	1.34811847	1.57142884	1.47565996	1.11611675	1.74822306	1.40818967	1.40783034	1.45307648	1.42379464	1.49218726	2.00922904	1.65422685	1.33911057	1.91215724	1.60131252	1.18556072	1.83928400	1.63117343	1.80923112	1.65757495	1.67042006	1.48446043	1.18105787	1.65236282	1.67642271	1.43955538	1.65647008	1.65873918	1.51263758	1.62570919	1.46898556	1.18262833	2.02778468	1.43511762	1.28137436	1.10233942	1.61463976	1.41516396	1.00178001	1.36706880	1.63484371	1.73282317	1.28167428	1.76405632	1.61760015	1.36009410	1.65430660	1.46603215	1.30751256	1.69678195	1.43903018	1.50959970	1.33043940	1.25849148	1.32464217	1.36353115	1.70270780	1.73324725	1.50718321	1.28207444	1.59496048	1.32252323	1.46820267	1.60052796	1.35017971	1.61116109	1.41301179	1.54404686	1.54635549	1.40681722	1.68746269	1.61759683	0.90017378	0.97770449	1.09411302	1.59686694	1.31224162	1.13447109	1.48087543	1.42502921	1.50601647	1.83069934	1.47827106	1.52682760	1.22762404	1.41994060	1.47478350	1.30032075	1.39523451	1.60077971	1.54034829	1.59944868	1.19052840	1.57948731	1.19860950	1.13538124	1.16138952	1.18757293	1.62122394	1.38412677	1.69646452	1.46149343	1.04967139	1.60947156	1.52085669	1.36338616	1.35286962	1.16800720	1.37155549	1.04192588	1.47249911	1.49392657	1.24652141	1.18483895	1.67882424	1.69510352	1.34969841	1.62589932	0.94469531	1.32185088	1.81028815	0.92595121	1.53064669	1.17016505	0.98565395	1.74573426	1.29354432	1.40301340	1.72577029	1.37271485	1.32263751	1.41879013	0.78214670	1.17705282	1.01341443	1.50016428	1.57626299	1.75044432	1.26269001	1.38311278	1.46508017	1.18047683	1.51211612	1.63770104	1.60050100	1.05286746	1.61291025	1.29150854	0.93800280	1.47125946	1.21704250	1.21213449	1.67464259	1.20945476	1.38502923	1.43799911	1.19464830	1.28375618	1.45559332	1.09363291	1.47116005	0.83165837	1.52388382	1.27631550	1.41661396	0.96559888	1.55547874	1.08935124	1.57537251	1.92302902	0.85445557	1.09532657	1.37406761	1.53261032	0.94685239	1.27409078	0.85975912	1.25034484	0.78126231	0.83180493	1.46152940	1.43891267	1.14451197	1.18685523	1.09361236	1.28091786	1.37778936	0.70684556	0.91879822	0.89023605	0.95325150	1.16381634	0.97780207	1.04128294	1.09968943	1.41040479	0.90762395	1.11446010	1.22802976	1.50206845	1.34809039	0.83311927	0.63106552	1.29087648	0.58182541	1.28192558	1.11491602	1.54771390	1.75817761	1.63422065	1.17613160	0.96518359	1.64931661	1.05683991	1.81622199	0.95571969	0.78637131	1.13318205	1.79103015	1.31869365
02_26	1.31118420	1.40408149	1.34937435	0.98066420	1.45610289	1.73652202	1.67859010	1.20041215	1.38144354	1.34480521	1.38782849	1.42498027	1.29054531	1.33949497	1.38930099	1.15676490	1.70274561	1.16250955	1.09615002	1.60715922	1.03992870	1.41239146	1.39283092	1.24572693	1.26108288	1.18688817	1.42190244	1.67269743	0.91314531	1.33172712	1.31844122	0.97854597	1.05752933	1.35432107	1.55777419	1.34432594	1.45135530	1.22686181	1.61850973	1.43569073	1.50433114	1.47878396	1.11598251	0.99732170	1.54809848	0.97373473	1.28494186	1.72736206	1.16631417	0.96854313	1.08862362	1.50116097	1.31878396	1.04028412	1.39774143	1.33756528	1.06685918	1.39813450	1.19584006	1.40293051	1.46066582	1.09407863	0.90259180	1.44916948	1.51250771	1.63930820	1.33420158	1.06828993	0.82735487	0.90376683	1.42503988	1.55308107	1.04149141	1.31470274	1.59651785	1.36017064	1.30453871	1.27609935	1.15911063	1.05096165	1.10611826	1.38345757	1.10447267	1.25556480	1.63685318	1.42736269	0.84243401	1.08063002	1.05733627	1.37532150	1.36564575	1.15799988	1.02473237	1.09578022	1.13548589	1.48840868	0.96144080	1.04786702	1.01202578	1.49022904	1.10707844	1.40592711	1.38757767	1.47519198	1.63469801	0.96198825	1.70175875	1.09189251	1.32914105	1.37181288	1.09155333	1.46644536	1.37964252	1.72813385	1.40021017	1.21539880	1.34909027	1.51754429	1.27212475	0.89660960	1.17129873	1.36986191	0.86872215	1.41144428	1.44095592	1.31151093	1.44223171	1.41283760	1.07453746	1.13220916	1.38754494	1.70699415	1.13661719	1.10740662	1.55692789	1.08947959	1.48001636	1.41346369	0.93157416	0.99643085	1.01869302	1.20782768	1.45714552	0.95405240	1.17448428	1.18372445	1.38293147	0.70025152	1.63644373	1.25508712	1.59169755	1.29332477	1.10072968	1.35527748	1.09525063	1.65633335	1.41442349	1.38147643	1.24662874	1.29619626	1.01560281	1.29850357	1.45307970	1.37117345	1.17507007	1.60512655	1.34588881	0.82013732	1.26203684	1.68166380	0.80015855	1.06099934	1.40457676	0.88713597	1.29578191	1.25211671	1.06717210	1.10624000	0.95566830	1.01335939	1.75814464	1.02049922	1.45652376	1.37158101	1.19563535	1.67113259	1.21782940	1.31576880	0.97840834	1.59107455	1.23690674	1.43710683	0.91369591	1.14363099	1.50992127	0.85409790	0.99188945	0.91600955	1.09432177	0.94576525	0.91612751	0.96174264	1.27170306	0.72516712	1.30612310	1.16146213	0.77856406	1.38354322	0.92300948	1.58881529	1.07015275	1.37128145	1.36840238	1.29404708	1.49659577	0.72306316	1.07139129	1.44984766	1.13056293	0.95478356	1.02512662	1.17985091	1.28756248	1.42521534	1.19334701	1.25691119	1.57446357	1.51135147	1.04694677	1.52195428	1.20529988	1.35743314	1.08294899	1.40423920	1.11530128	1.81373713	1.17475252	0.97028708	0.69490025	0.87361188	0.98798162	1.24019310	0.80225210	1.37895330	0.81451105	0.86484248	0.88564841	1.31222897	1.34587606	1.61134118	1.29165733	0.93437650	1.25956345	1.49966079	1.19476831	1.12271601	1.10386777	0.55382209	1.22480864	0.92782357	0.87626105	1.18713877	1.05929404	0.95194276	0.96391227	1.28719406	0.84585759	1.01856617	0.71761911	1.05696191	1.19692757	0.44791446	1.28930427	0.75044929	1.21496608	1.20836987	1.24808860	0.71925616	1.43022954	0.77189480	1.28664523	1.08370683	1.25407089	1.37255736	1.13168196	0.81418144	1.30761527	0.94977334	1.30012547	0.89609298	1.12359745	0.83653671	1.33129410	1.14799667	1.01984624	1.41889329	1.24167246	0.86288006	0.88269637	0.75974459
