02_id	03_296	03_209	03_321	03_271	03_298	03_227	03_140	03_299	03_164	03_282	03_231	03_237	03_316	03_108	03_130	03_301	03_288	03_238	03_279	03_264	03_303	03_304	03_180	03_273	03_267	03_287	03_159	03_322	03_53	03_222	03_283	03_276	03_63	03_88	03_254	03_168	03_195	03_194	03_305	03_84	03_165	03_224	03_57	03_103	03_307	03_286	03_143	03_90	03_278	03_269	03_311	03_182	03_197	03_162	03_127	03_79	03_204	03_96	03_117	03_208	03_85	03_148	03_318	03_118	03_75	03_172	03_163	03_251	03_257	03_32	03_97	03_100	03_61	03_104	03_217	03_98	03_46	03_191	03_171	03_77	03_54	03_170	03_139	03_268	03_105	03_152	03_82	03_280	03_49	03_70	03_324	03_233	03_155	03_245	03_313	03_176	03_240	03_232	03_198	03_291	03_249	03_128	03_167	03_308	03_265	03_263	03_244	03_131	03_315	03_166	03_229	03_215	03_202	03_320	03_106	03_86	03_188	03_190	03_266	03_42	03_214	03_123	03_297	03_203	03_157	03_179	03_221	03_196	03_133	03_262	03_93	03_289	03_218	03_51	03_81	03_147	03_138	03_212	03_120	03_255	03_246	03_89	03_260	03_67	03_112	03_129	03_186	03_319	03_206	03_65	03_281	03_207	03_216	03_135	03_34	03_119	03_239	03_91	03_48	03_294	03_295	03_181	03_95	03_178	03_122	03_160	03_258	03_28	03_71	03_220	03_38	03_109	03_211	03_156	03_102	03_50	03_230	03_199	03_277	03_259	03_250	03_183	03_64	03_261	03_270	03_310	03_62	03_153	03_235	03_161	03_66	03_225	03_252	03_150	03_107	03_116	03_76	03_158	03_35	03_134	03_83	03_45	03_248	03_33	03_275	03_141	03_200	03_226	03_234	03_177	03_223	03_184	03_205	03_151	03_285	03_302	03_312	03_126	03_193	03_78	03_69	03_317	03_201	03_290	03_101	03_210	03_137	03_125	03_241	03_132	03_169	03_292	03_142	03_72	03_52	03_115	03_228	03_174	03_36	03_111	03_154	03_47	03_80	03_185	03_149	03_256	03_219	03_293	03_242	03_323	03_113	03_114	03_236	03_145	03_213	03_59	03_124	03_274	03_146	03_40	03_272	03_173	03_94	03_30	03_314	03_309	03_247	03_187	03_99	03_175	03_27	03_31	03_68	03_56	03_300	03_87	03_121	03_189	03_25	03_92	03_44	03_37	03_41	03_58	03_243	03_55	03_253	03_73	03_284	03_306	03_29	03_144	03_110	03_192	03_74	03_39	03_136	03_26	03_43	03_60
02_182	0.46298468	0.54567225	0.47988160	0.39775664	0.52086426	0.81906002	0.69935907	0.41604874	0.50769439	0.45302956	0.41182115	0.45438480	0.43064216	0.43554561	0.50151248	0.53468208	0.68314751	0.47884810	0.50297906	0.54595656	0.40812910	0.50027272	0.44328779	0.41989528	0.50732783	0.50334128	0.49266713	0.55359402	0.45956173	0.45501132	0.56721104	0.40850534	0.46968065	0.70300797	0.78757877	0.45806936	0.63621757	0.50457854	0.76603225	0.51115115	0.49171866	0.67215465	0.47232391	0.42598262	0.48883439	0.39326155	0.47952222	0.46551590	0.49733415	0.42657280	0.47209817	0.66435544	0.41203234	0.41101815	0.49378796	0.55719846	0.47667865	0.44678833	0.49158397	0.50452537	0.50020249	0.43596070	0.42917918	0.49338328	0.45399700	0.45932941	0.60219581	0.51905351	0.38957218	0.40525850	0.46427992	0.63253962	0.52419484	0.48478002	0.48591407	0.43283772	0.51324317	0.49022020	0.53558859	0.47679885	0.49671161	0.38122320	0.40499076	0.45925817	0.56027208	0.58306757	0.46599070	0.45452173	0.46747968	0.37673286	0.43023783	0.38379170	0.49486024	0.43932196	0.56609065	0.48173387	0.39271715	0.52857371	0.38463398	0.48957648	0.34418632	0.41621479	0.49537250	0.44374051	0.48726413	0.46709383	0.79353063	0.42706963	0.41607083	0.42541522	0.46028295	0.43146241	0.45110928	0.48017847	0.47616717	0.46494655	0.43282128	0.50849138	0.47449193	0.43868253	0.43894571	0.40256050	0.41242383	0.47362941	0.56540823	0.39715320	0.40711677	0.47414419	0.38677742	0.39776472	0.40795619	0.71796713	0.45241163	0.39765969	0.48512557	0.44800574	0.42144801	0.56839337	0.37295766	0.38734642	0.35229790	0.50750090	0.35538278	0.43736498	0.38686673	0.40481807	0.37991869	0.41645071	0.42076196	0.52119689	0.60727286	0.37664737	0.44431384	0.41393328	0.47464427	0.47118597	0.44845124	0.40422459	0.49909819	0.43436280	0.36212763	0.44822717	0.51111710	0.41599029	0.38124750	0.54577206	0.43460693	0.42366911	0.43427245	0.55840374	0.42581334	0.34549294	0.52242418	0.43735591	0.41128549	0.38444268	0.39214640	0.39810477	0.42461320	0.37639784	0.41445739	0.45947090	0.44245545	0.71274181	0.38367355	0.47846284	0.48827971	0.44049526	0.38440443	0.48365506	0.40692972	0.45644699	0.37810604	0.44183088	0.53025099	0.36386799	0.47390288	0.39638844	0.42476625	0.40282892	0.41628921	0.44820336	0.42983288	0.39358273	0.40053948	0.37298057	0.39445715	0.53469507	0.38144883	0.68352812	0.40010405	0.44394245	0.43238567	0.47840299	0.39100483	0.36947750	0.47376467	0.57837698	0.36898123	0.47474592	0.36328765	0.49595378	0.51278357	0.40951051	0.41956160	0.44269366	0.45049612	0.60879005	0.41345305	0.71585155	0.41007748	0.50095616	0.37261568	0.39591872	0.40791518	0.48051443	0.36792505	0.38906579	0.43443706	0.45679663	0.40569696	0.41127052	0.38921504	0.45017020	0.42533381	0.43385776	0.33746518	0.37686063	0.44158415	0.44070110	0.48304561	0.39754078	0.36709964	0.47601112	0.46692075	0.43387322	0.39857169	0.37650090	0.50624097	0.39497977	0.35701925	0.37788537	0.36156150	0.48106601	0.38824026	0.43129044	0.42105617	0.42479923	0.41144362	0.42142897	0.43074863	0.38560191	0.46759022	0.39900941	0.47797480	0.41374035	0.42292567	0.37321932	0.47700152	0.42050960	0.49494733	0.39481270	0.39368983	0.46535485	0.44840020	0.34233994	0.39082777	0.37832579	0.48186368	0.41253265	0.37573988	0.38082563	0.35587160	0.45329183	0.40741916	0.46383801	0.38827315	0.37669255	0.40909139	0.33904912
02_305	0.50663684	0.54303853	0.52673021	0.45529664	0.59023438	0.60150910	0.56374362	0.46219574	0.58964534	0.48979042	0.43803243	0.46259675	0.46799610	0.46796899	0.55827651	0.69382965	0.55123128	0.58747036	0.64442355	0.49169914	0.46616731	0.57379163	0.46529254	0.45767349	0.60634051	0.63591722	0.54194402	0.48991923	0.54636157	0.49283234	0.58414311	0.46407204	0.58640065	0.80429906	0.63263572	0.46597201	0.64852651	0.62825279	0.61265288	0.57618415	0.47280657	0.64819433	0.59561492	0.47940973	0.46707109	0.44847511	0.48932111	0.43035271	0.53211574	0.47404686	0.58052293	0.60408101	0.43761775	0.44812756	0.49802953	0.58364072	0.62978356	0.45109213	0.62870465	0.56331569	0.48820099	0.48891183	0.50747669	0.54518190	0.43760217	0.42797026	0.63714512	0.66356316	0.44693838	0.46401822	0.51452571	0.60247770	0.61329216	0.48811497	0.44682243	0.46167488	0.51249450	0.50227476	0.68386388	0.59204985	0.60659920	0.40113923	0.44444900	0.50403544	0.50326452	0.59007532	0.58640824	0.56546312	0.53760315	0.39705777	0.43729706	0.41910618	0.63674808	0.48909201	0.68406792	0.47385353	0.44812569	0.58476063	0.43396030	0.47992879	0.37949302	0.42941287	0.54964839	0.43384130	0.44817834	0.57405519	0.59731872	0.48654388	0.44273229	0.45156142	0.58373354	0.46714449	0.46072574	0.45474664	0.52412298	0.52931089	0.44044283	0.56842349	0.53980767	0.54051691	0.53344008	0.42805183	0.49489584	0.46269744	0.54970222	0.41857656	0.41522843	0.52199088	0.45125842	0.42988828	0.41241791	0.56448132	0.49599140	0.44127375	0.48018881	0.52563463	0.43706328	0.56913481	0.41434416	0.44604648	0.39284548	0.62673959	0.37126406	0.53456236	0.41180005	0.43633630	0.39737799	0.48878016	0.40886348	0.56040398	0.51817437	0.40437892	0.50509886	0.44905557	0.53251277	0.43997679	0.45126895	0.43140343	0.53860615	0.46686840	0.40299891	0.46555863	0.53891194	0.42022612	0.43152433	0.48736606	0.44824632	0.48394659	0.46934818	0.52986499	0.52251386	0.37991692	0.57425198	0.51713652	0.45607961	0.40713451	0.45650018	0.46074439	0.50919197	0.43128729	0.39085238	0.53807853	0.47895089	0.63971194	0.41233846	0.44624637	0.49465317	0.45794408	0.42452646	0.46906629	0.42580170	0.47798548	0.43251686	0.52624718	0.48868506	0.40973716	0.59942912	0.44940382	0.48596021	0.48098300	0.47291310	0.53288015	0.45855166	0.45355799	0.42423495	0.40252297	0.45620371	0.55774554	0.42713066	0.57688466	0.43133532	0.46983097	0.46752347	0.52185948	0.41441134	0.41741706	0.49241669	0.59596885	0.39655361	0.55178138	0.39481142	0.59002810	0.52424516	0.42366758	0.44164600	0.48992866	0.41887876	0.60266540	0.46280044	0.58494978	0.43518933	0.55616173	0.39847549	0.41794578	0.43924798	0.44303836	0.38965721	0.45363985	0.52740242	0.55619874	0.43355552	0.43846579	0.43237757	0.48786671	0.52661700	0.50876513	0.37313366	0.39398174	0.45740449	0.41528253	0.52274566	0.42634853	0.38447789	0.44436719	0.51530156	0.46692720	0.43974448	0.42748019	0.51085266	0.44464813	0.39168396	0.43019928	0.38636510	0.56910663	0.45066524	0.44486480	0.47161228	0.48075079	0.48560688	0.45098394	0.46811506	0.43604602	0.50605867	0.43673732	0.53128323	0.43644081	0.45347193	0.41141605	0.45764977	0.48762327	0.49918587	0.41388767	0.41692283	0.44572940	0.48094903	0.37310048	0.38783927	0.39925258	0.50481713	0.49363451	0.39433012	0.43935367	0.35760596	0.47253771	0.48795869	0.44828371	0.41069252	0.39739154	0.45839241	0.37067181
02_66	0.73909686	0.64108155	0.66235357	0.53076902	0.50379577	0.43389512	0.45045611	0.64231335	0.49850927	0.73206851	0.75971419	0.72058942	0.76752124	0.89444945	0.56982635	0.48532171	0.46552400	0.45977031	0.51992134	0.50778906	0.57839641	0.49562503	0.85296854	0.71634078	0.53508659	0.47134991	0.57887305	0.49635791	0.52350992	0.74791904	0.41136737	0.59872377	0.48164318	0.44541899	0.44155874	0.43470836	0.39256607	0.48647605	0.47400735	0.50395468	0.48452146	0.41437009	0.44678860	0.62122010	0.59091985	0.51572015	0.63891685	0.48506222	0.63258741	0.49862001	0.44996854	0.47996627	0.75844338	0.47561608	0.67510224	0.39837048	0.44151148	0.42692499	0.45549532	0.54096381	0.47866943	0.71815462	0.53253077	0.53553710	0.43567283	0.47467173	0.43183835	0.42554769	0.48743463	0.55305944	0.48600863	0.41833408	0.58761213	0.42967828	0.50540237	0.69628728	0.49509608	0.43349348	0.45096121	0.45559955	0.55363519	0.55288014	0.60069220	0.54068714	0.50817556	0.54697944	0.50938280	0.43265230	0.62604363	0.53153621	0.41555710	0.53494043	0.49705806	0.50665155	0.43894417	0.44040821	0.53185852	0.50626383	0.50640765	0.39449184	0.41353201	0.57693376	0.51543641	0.53058518	0.44463520	0.50385210	0.41695502	0.57951829	0.58381112	0.75281298	0.43424443	0.43377247	0.44712143	0.36775157	0.48357687	0.47343276	0.37846175	0.49721457	0.45881602	0.44778344	0.42106909	0.62294286	0.41429386	0.46050727	0.48422717	0.59487485	0.51952880	0.52132015	0.37409150	0.41509202	0.48976719	0.41527965	0.71101466	0.44576567	0.41038639	0.45946949	0.34027552	0.39390614	0.48186755	0.40245512	0.41975262	0.48013175	0.46816383	0.47857970	0.56233355	0.65595949	0.49753439	0.53495849	0.41029321	0.40570469	0.48914389	0.52205384	0.44674591	0.42592078	0.55628207	0.42264427	0.40265806	0.44340894	0.46682705	0.55894300	0.43487452	0.39506735	0.47922548	0.49217444	0.37018255	0.43942135	0.63027309	0.55787584	0.63373985	0.42724109	0.44828157	0.41818043	0.49280860	0.53690621	0.41475787	0.47797205	0.37115846	0.37855461	0.44516315	0.38900556	0.41978309	0.57064097	0.44281406	0.45586744	0.54718194	0.39033492	0.41920510	0.47478398	0.47591158	0.39375255	0.61452899	0.35247697	0.39036666	0.41942896	0.52413697	0.45331083	0.44846609	0.52841294	0.41943221	0.38588828	0.53565483	0.42778925	0.65841356	0.43018159	0.47710462	0.40029535	0.43919449	0.44129188	0.51082475	0.41740033	0.56769428	0.34707519	0.42517455	0.54861665	0.39435873	0.45741021	0.52019639	0.37609227	0.47396102	0.41210233	0.46743517	0.47283519	0.38035481	0.33781408	0.43252266	0.44174546	0.45927019	0.44208586	0.40695579	0.44073919	0.57872461	0.49490920	0.38923423	0.49248295	0.57772865	0.38018332	0.48695218	0.37334005	0.46244377	0.44814785	0.48309083	0.45456785	0.45542493	0.45748119	0.41990905	0.42534727	0.39789643	0.44019441	0.34335474	0.46416337	0.46010036	0.50050789	0.50570958	0.43892068	0.46933576	0.61405423	0.39895556	0.43216992	0.45857986	0.40263326	0.38326533	0.38281181	0.45595896	0.50996138	0.36494953	0.34610344	0.54190454	0.41004226	0.39074032	0.52533026	0.42661428	0.44502889	0.45572873	0.47189587	0.47210872	0.59627800	0.42624044	0.44701146	0.37327499	0.51874777	0.46197621	0.46647130	0.41032840	0.42801275	0.44392458	0.39775383	0.41419921	0.36964486	0.35780126	0.42708982	0.48418247	0.36075739	0.35421860	0.39153282	0.44712715	0.38168968	0.39674127	0.42916010	0.47816769	0.38043226
02_321	0.49855237	0.56348298	0.52389691	0.41406184	0.58222500	0.77582164	0.65469626	0.43851298	0.54747654	0.47766972	0.42681914	0.46498282	0.45721066	0.45993276	0.54552273	0.57153414	0.64075908	0.50259128	0.54085642	0.53139051	0.42452732	0.53470544	0.46931341	0.44443325	0.56218957	0.55167186	0.54726849	0.53211497	0.46906235	0.48965183	0.53893559	0.42283097	0.48690607	0.70557573	0.70904531	0.44115447	0.59116610	0.53865445	0.78403911	0.57183225	0.47393139	0.60926495	0.49087376	0.44144355	0.49036220	0.40973697	0.49265582	0.45086457	0.50805017	0.43260022	0.50229278	0.63515645	0.42956826	0.41138607	0.50607704	0.52108283	0.50245063	0.44055658	0.53584348	0.55156334	0.49432010	0.45574061	0.45203468	0.52516794	0.43988364	0.45606664	0.58768148	0.52726553	0.40080212	0.41609226	0.48316630	0.58821534	0.55779635	0.46384732	0.47743920	0.46528162	0.52918754	0.48067759	0.54848185	0.50349785	0.54061157	0.39113585	0.42561016	0.49297906	0.57083922	0.65523430	0.48887639	0.46860334	0.49129150	0.38866845	0.41276498	0.39137896	0.53451120	0.44424846	0.57846634	0.49194489	0.40020157	0.52490006	0.38968704	0.46682388	0.34928878	0.43879570	0.54845762	0.44412512	0.47071625	0.48506713	0.76510141	0.45172654	0.42854775	0.45349271	0.49238080	0.44954886	0.43335994	0.47089400	0.50280857	0.49192779	0.42508088	0.56997383	0.52236257	0.46321853	0.44669322	0.41260952	0.42945178	0.46788209	0.54881394	0.41856457	0.41059622	0.49747321	0.39887632	0.39420776	0.41426232	0.71099031	0.48423995	0.40931678	0.48314121	0.46031794	0.40831452	0.52593283	0.38221371	0.40337347	0.36276156	0.55959291	0.36465482	0.46235526	0.40098145	0.41677285	0.39417172	0.43057613	0.41610435	0.51673359	0.58750835	0.38517867	0.46940845	0.43388367	0.50564648	0.46104006	0.44523545	0.41774204	0.49684521	0.44918703	0.37114970	0.43998052	0.52228799	0.41708368	0.38881775	0.55552047	0.46084179	0.44556795	0.45551864	0.54516042	0.43512065	0.35090457	0.58683855	0.44951022	0.42295690	0.39850336	0.40811983	0.41067334	0.43048952	0.38347872	0.41729601	0.49436703	0.47086440	0.66914712	0.39358463	0.48409018	0.48069205	0.45070676	0.39248965	0.50007870	0.41823130	0.45279771	0.38647386	0.47392410	0.53832661	0.36859588	0.49445383	0.41444172	0.44961082	0.41254786	0.42311292	0.47522484	0.44608715	0.40625424	0.42268233	0.37411853	0.41220314	0.53241417	0.38687101	0.70594608	0.42095883	0.44451713	0.46553203	0.53039939	0.40373133	0.38030284	0.48126589	0.56221935	0.38551528	0.47195949	0.36996778	0.54934896	0.50374058	0.39651506	0.42638460	0.46079668	0.44939034	0.67473151	0.43602456	0.67650770	0.43773519	0.54935236	0.37079894	0.42165650	0.42001096	0.48855177	0.38255130	0.39566406	0.45388127	0.49103392	0.40721473	0.43005894	0.40064579	0.46729238	0.43684013	0.45002737	0.34221117	0.38662361	0.42421790	0.42670898	0.53237844	0.41443989	0.37613354	0.46109770	0.49517595	0.46557520	0.41027366	0.38481386	0.53290659	0.41584025	0.35823659	0.38459596	0.37770783	0.51971626	0.40260923	0.42242424	0.43256751	0.45422915	0.42694155	0.45102980	0.44454271	0.39814637	0.51208545	0.40871823	0.51201901	0.43919481	0.43857138	0.38954312	0.46250656	0.44154289	0.49473667	0.41658535	0.40904045	0.45732273	0.47669971	0.35300363	0.39265303	0.37146709	0.45501293	0.41730200	0.38503349	0.39480716	0.34870217	0.45074241	0.41261165	0.46233897	0.39822775	0.38123622	0.41790106	0.34819530
02_266	0.59977430	0.54724527	0.59949786	0.57422520	0.58136011	0.45892209	0.45831841	0.56999598	0.61090748	0.58270703	0.52632194	0.51170199	0.56473942	0.56274467	0.60466324	0.71407884	0.45748673	0.64411592	0.82443954	0.45348374	0.60280155	0.59693125	0.53429144	0.55453712	0.66371983	0.66107064	0.57900925	0.44741348	0.69292162	0.57713825	0.48949755	0.60779082	0.73441385	0.55698818	0.48248219	0.45753800	0.48495149	0.68702121	0.48560383	0.57359491	0.45729062	0.49399664	0.66860839	0.60815527	0.46952594	0.55614648	0.52369372	0.41747782	0.59211777	0.54106573	0.62370489	0.50756717	0.52236360	0.50505506	0.53020714	0.48741812	0.70798432	0.43770901	0.65294174	0.59303057	0.46392060	0.63510819	0.65375644	0.58237180	0.42223880	0.41246154	0.51830772	0.61665740	0.55786119	0.60811905	0.55077399	0.48417241	0.70508821	0.46284788	0.42887713	0.52947743	0.48994657	0.47099414	0.65000607	0.64958921	0.74613198	0.46353631	0.53544998	0.55408315	0.45506165	0.54184338	0.84272529	0.63609737	0.69155924	0.45505875	0.43588195	0.50778735	0.76663690	0.55406779	0.57633587	0.44544391	0.58333429	0.59033723	0.54832027	0.43326065	0.44136954	0.46733227	0.56342790	0.44609528	0.41797011	0.74481929	0.44833643	0.60075775	0.51248420	0.52367386	0.62885664	0.48149366	0.46477538	0.39625744	0.54319854	0.56438586	0.41469459	0.56002805	0.54041975	0.62862765	0.59617261	0.50744914	0.55619482	0.44528181	0.50431015	0.47711654	0.45077203	0.56588644	0.48240580	0.46047252	0.43501830	0.43707471	0.59277439	0.49495417	0.44103713	0.59633801	0.39933390	0.47020216	0.49881813	0.49155486	0.45491487	0.64214202	0.41584683	0.65649337	0.47914788	0.53106158	0.43989456	0.65274528	0.39758951	0.49215399	0.45345995	0.47587640	0.53411152	0.46730586	0.60231774	0.40854350	0.42902700	0.46083676	0.53675325	0.53206117	0.47034718	0.44102599	0.52609955	0.44381923	0.45618345	0.42499974	0.48844635	0.60111537	0.55217099	0.46082871	0.65890291	0.44158564	0.54907538	0.69615901	0.48317580	0.45114877	0.47527333	0.48302439	0.61612644	0.48129882	0.37572416	0.65987849	0.48624686	0.50342169	0.48833508	0.39495214	0.45907589	0.47566962	0.50013280	0.41610990	0.48920325	0.41993245	0.47994205	0.54385744	0.45663862	0.50113835	0.67105032	0.55266103	0.50887708	0.52419494	0.59071971	0.55882677	0.53797487	0.52283731	0.45796542	0.43317425	0.52667736	0.50829445	0.53491414	0.44795890	0.49919815	0.41546376	0.46674098	0.54979513	0.42437758	0.50218718	0.50657772	0.45940433	0.44773878	0.54246334	0.46239252	0.59365088	0.44532129	0.39260983	0.45043822	0.51048877	0.40115821	0.49171407	0.47544474	0.46405734	0.48832827	0.55595109	0.42192496	0.45284441	0.51852479	0.38639437	0.43877578	0.48771808	0.62911529	0.59986388	0.48454115	0.46570388	0.49023087	0.50558631	0.61727042	0.54997544	0.43161610	0.42495083	0.40882627	0.40869966	0.50529523	0.47616295	0.43696451	0.41791123	0.53049138	0.52906718	0.46158717	0.50216734	0.47636046	0.47031777	0.43052744	0.47114120	0.43070654	0.63192390	0.46660803	0.40292205	0.57357132	0.48807851	0.51295521	0.49284344	0.48143669	0.50425736	0.49618158	0.49562066	0.53870545	0.48848109	0.46540580	0.46512549	0.40466485	0.59788907	0.48034674	0.43958575	0.43122865	0.42122647	0.48136927	0.41466649	0.39083608	0.40774300	0.43793586	0.58753714	0.44056732	0.45571946	0.35808374	0.44574693	0.61644216	0.40394661	0.42335892	0.42912447	0.52516406	0.40761356
02_143	0.81942230	0.65352934	0.73401720	0.52894818	0.54741170	0.44994453	0.46267456	0.63478562	0.53995237	0.79341228	0.73080643	0.68297788	0.76566689	0.91642745	0.62636986	0.51920287	0.47437336	0.48977165	0.55649672	0.50061167	0.57327222	0.53531580	0.83135488	0.70490399	0.57987786	0.50586465	0.63225247	0.49335704	0.53233650	0.81290523	0.41790576	0.59347479	0.50834065	0.46241761	0.45321725	0.42855340	0.40376683	0.52284170	0.49144692	0.54801096	0.47347096	0.42475302	0.47287191	0.61224542	0.57047856	0.51500638	0.62844465	0.47287973	0.63281544	0.49304772	0.47846321	0.49435439	0.73755266	0.47080929	0.67357836	0.40523969	0.46653329	0.42102607	0.48503189	0.59241809	0.47066963	0.72677287	0.54556498	0.57987088	0.43228044	0.46678937	0.44025928	0.44480445	0.49079204	0.55339952	0.51764652	0.43216001	0.62321283	0.42835216	0.49221984	0.71698634	0.50683198	0.43162271	0.47508789	0.48477962	0.59868039	0.54973434	0.59994676	0.57908144	0.50872849	0.57940629	0.53606379	0.45552580	0.66857429	0.53029115	0.41018771	0.53122705	0.53127430	0.49951119	0.45278850	0.45438526	0.52653834	0.51151093	0.50377251	0.40036747	0.41369037	0.57322625	0.56052998	0.51937428	0.44509949	0.53164678	0.43040603	0.58601635	0.59725307	0.75044491	0.45651500	0.45814147	0.44110886	0.37764881	0.51870030	0.50465522	0.38102526	0.53937836	0.49061593	0.46703325	0.44047487	0.61733148	0.43006795	0.45449894	0.49662445	0.59646186	0.51232607	0.55876858	0.38759743	0.41590617	0.48680063	0.42921514	0.76414532	0.45830345	0.42494031	0.48329811	0.34617118	0.40277860	0.48144995	0.41459115	0.42083098	0.51581670	0.46796342	0.49510385	0.56048132	0.64406973	0.49740717	0.54125424	0.41315466	0.41797985	0.49171118	0.51978043	0.47234285	0.44676224	0.59905116	0.42543496	0.41130329	0.46198697	0.48150154	0.58401181	0.43780892	0.39531465	0.50530016	0.48871727	0.38384739	0.44697675	0.62509282	0.57092713	0.66250025	0.44387177	0.46390895	0.41829057	0.53288871	0.55314909	0.43323237	0.48733251	0.38571516	0.39374120	0.46046534	0.39997968	0.41537182	0.59769665	0.47012488	0.46622840	0.54421497	0.39779364	0.42594996	0.49168077	0.48219301	0.40843073	0.60499353	0.36143351	0.40158878	0.44135188	0.51922673	0.45186951	0.47465152	0.52689466	0.43985943	0.40098046	0.52840234	0.45151963	0.67442720	0.44195288	0.49381358	0.39879577	0.44952491	0.46115555	0.50624405	0.43272598	0.56686855	0.35600964	0.44940131	0.59167077	0.41148241	0.45749243	0.51330379	0.38575585	0.47578876	0.42549693	0.46636562	0.50637754	0.38775815	0.34331936	0.43159989	0.46723845	0.45174617	0.46449742	0.42213202	0.45418147	0.58919963	0.53517411	0.38783139	0.50576310	0.58509359	0.38901747	0.48784576	0.38699215	0.47557218	0.47201809	0.48108850	0.47486127	0.45385543	0.48437754	0.43685300	0.44615644	0.39802173	0.44920518	0.35016495	0.45312278	0.49102963	0.50373509	0.50307927	0.44043738	0.50083970	0.63402651	0.41557822	0.43860585	0.47934453	0.41720633	0.38572774	0.39491576	0.45727943	0.54232352	0.37841570	0.35397131	0.55379953	0.43004797	0.40722197	0.54495701	0.44780012	0.45065488	0.48424778	0.48099751	0.50399112	0.59928989	0.44752544	0.45123909	0.38213429	0.52754828	0.47625221	0.47525809	0.42713697	0.43385830	0.46833629	0.39828101	0.41560939	0.37000114	0.36467931	0.44039266	0.48734362	0.37357076	0.35140138	0.40390725	0.45786756	0.39290637	0.41102310	0.42937639	0.47314159	0.38139931
02_159	0.45490390	0.50394561	0.46856306	0.42777021	0.50657861	0.61347010	0.56392526	0.43130217	0.49157200	0.43426288	0.39810536	0.43158476	0.43097994	0.42482731	0.47752561	0.55792147	0.55895039	0.49028304	0.53623306	0.50251131	0.43305231	0.48069617	0.43014062	0.42485290	0.52087417	0.53527861	0.48171460	0.49014336	0.49542835	0.44685265	0.63419204	0.42527978	0.49136593	0.84537104	0.68183823	0.47654269	0.71594922	0.51317550	0.61260196	0.49762711	0.47978358	0.68902101	0.49699757	0.44368816	0.45660467	0.42309224	0.46301491	0.42616020	0.49114713	0.45873533	0.49750084	0.57425042	0.39910671	0.42687047	0.45935721	0.61542588	0.53068546	0.47696876	0.54156985	0.48050384	0.51500430	0.43915141	0.46663934	0.46475921	0.43521434	0.43040432	0.72444002	0.57584515	0.41327141	0.42169924	0.44106042	0.57339900	0.53549897	0.49549661	0.45071231	0.42791744	0.49502372	0.53875941	0.56190502	0.49815310	0.51629043	0.36720960	0.41345959	0.44709963	0.52038181	0.55088171	0.50196327	0.47983158	0.46492982	0.36675235	0.43656086	0.38266168	0.53447044	0.47667946	0.70121231	0.45068008	0.41029426	0.55890859	0.39521117	0.47484664	0.35571332	0.41071776	0.47947010	0.41738051	0.44095143	0.48458789	0.66036209	0.45421768	0.39639013	0.41894504	0.52567202	0.41342071	0.45209252	0.45276586	0.44916520	0.45861442	0.45275097	0.49532650	0.48272744	0.49137844	0.45819952	0.38685812	0.45377686	0.47784073	0.50860930	0.39011927	0.38964432	0.44736513	0.41844598	0.41080628	0.39300634	0.60016596	0.44637763	0.40374097	0.44792903	0.45040408	0.44188637	0.57129128	0.38464575	0.41962045	0.37520214	0.53214178	0.34541524	0.49216108	0.38001507	0.39570381	0.37527880	0.44469028	0.39633045	0.55072602	0.52822955	0.37091947	0.44766268	0.40702788	0.46111223	0.43694412	0.43365294	0.38846968	0.48695666	0.41191370	0.37749819	0.49256773	0.46918509	0.39645238	0.39330174	0.50671611	0.42756698	0.44304248	0.41978408	0.48936690	0.45950485	0.35565931	0.50353553	0.45331365	0.40791603	0.37596604	0.42669312	0.42293038	0.44548767	0.39587909	0.39936293	0.48794088	0.42819479	0.67999543	0.37757955	0.46176835	0.49018906	0.41503648	0.38670537	0.45927703	0.39126066	0.49384695	0.39833838	0.48247801	0.49973399	0.37928042	0.50110056	0.42478683	0.44443818	0.43426206	0.44104684	0.47363809	0.41032697	0.41745263	0.39273028	0.39424884	0.42975537	0.49491077	0.39036310	0.60990358	0.40586056	0.48841387	0.42884558	0.47072996	0.37664442	0.39384180	0.49241292	0.72086756	0.37640272	0.50367016	0.36543988	0.51770818	0.57338275	0.42326731	0.44703346	0.42846083	0.42618520	0.58979944	0.43941996	0.59081251	0.40781922	0.48022965	0.39070827	0.39389220	0.39573742	0.45898457	0.36619544	0.41091972	0.49033454	0.50197361	0.40449550	0.39743910	0.42061048	0.42481762	0.46552042	0.44897924	0.35160829	0.36365259	0.46020718	0.40764098	0.47337383	0.40319805	0.35494156	0.43245958	0.44822729	0.43215201	0.39753286	0.39519883	0.47732548	0.41882021	0.37147827	0.39295040	0.36895986	0.49930047	0.42392833	0.44355641	0.42070062	0.44652874	0.44259987	0.41865428	0.41545917	0.41057512	0.46091466	0.39878367	0.46353705	0.40954900	0.40458352	0.39234775	0.44914270	0.45341964	0.45678277	0.39426843	0.38134072	0.42750337	0.43544074	0.36125780	0.37326675	0.39082821	0.51157834	0.43652565	0.36307748	0.41422501	0.35593885	0.44075526	0.43507699	0.43292533	0.37581800	0.37791167	0.44709075	0.36091151
02_306	0.59655872	0.57250682	0.60256939	0.55890034	0.59703371	0.49557129	0.48994068	0.56284971	0.61107890	0.56928864	0.51129123	0.51637050	0.55861605	0.55259916	0.60495066	0.73643648	0.49054927	0.62661825	0.83157832	0.48132517	0.58506560	0.59461471	0.53456127	0.54694966	0.68170029	0.67319523	0.59020005	0.47209121	0.68459903	0.57541309	0.52750091	0.57913695	0.69533074	0.62310357	0.52603346	0.47723798	0.52586217	0.68240974	0.52610234	0.58614909	0.48015399	0.53740288	0.64830108	0.59397091	0.48771369	0.54219711	0.53526658	0.43197983	0.60603979	0.54618053	0.61378111	0.54241914	0.50769594	0.50167391	0.54122859	0.52297741	0.70701462	0.45946469	0.67305098	0.59427025	0.49465404	0.60923682	0.63644025	0.57834695	0.43465003	0.42703172	0.57183643	0.64071304	0.53237960	0.57331911	0.53939302	0.51437454	0.72727988	0.48359172	0.44781470	0.52863435	0.50809010	0.50207786	0.67470591	0.63389997	0.74041211	0.44841571	0.52208261	0.54537318	0.48572499	0.57842363	0.76764761	0.61316260	0.65842782	0.44156342	0.44773737	0.48512811	0.76767122	0.56881984	0.63807194	0.45563495	0.55301280	0.62661852	0.51895145	0.44877348	0.42486651	0.46993975	0.56757317	0.45321959	0.43220909	0.69598724	0.48768113	0.59628419	0.49579998	0.52183013	0.64055624	0.47295035	0.47832430	0.41022050	0.53694623	0.55311990	0.42849103	0.57431637	0.54616668	0.62018365	0.57627618	0.49053871	0.54319505	0.46610870	0.52602201	0.46883208	0.44723380	0.55648399	0.47258069	0.45795881	0.43512475	0.47006106	0.58253237	0.47987178	0.44983213	0.57251950	0.41040986	0.49882138	0.47833574	0.48278093	0.44306648	0.66183400	0.40445446	0.65540957	0.46469811	0.51099035	0.43338973	0.61761851	0.40331835	0.51476298	0.48363441	0.45756470	0.52460176	0.45972090	0.58875315	0.42171503	0.43642019	0.44974846	0.54391468	0.51612422	0.45384398	0.46181899	0.53249209	0.44324309	0.44432846	0.44958940	0.49459657	0.58111674	0.53475485	0.47794566	0.61987286	0.42509073	0.56568227	0.64857435	0.47085142	0.44021672	0.47008319	0.47410492	0.58527270	0.46465452	0.38767678	0.66280240	0.48201829	0.55151383	0.46960153	0.41261530	0.47551138	0.47158494	0.47865488	0.43011901	0.47827901	0.43692813	0.46473807	0.54615224	0.48456337	0.47738336	0.65547255	0.54215911	0.50371224	0.50892945	0.57890964	0.55273838	0.52372671	0.50511136	0.45121343	0.43221994	0.51636736	0.52163708	0.50799325	0.48211476	0.49191724	0.43224826	0.46720320	0.55836585	0.41727959	0.48553490	0.52927085	0.50012253	0.43967400	0.54997038	0.44467487	0.61046447	0.47368799	0.40140442	0.46257940	0.50032983	0.41626885	0.52488713	0.47696736	0.49836767	0.48509587	0.56374442	0.42186597	0.44969498	0.49944313	0.40401119	0.42922218	0.47363355	0.62827515	0.60399606	0.47677029	0.45709264	0.48928976	0.49876785	0.59171282	0.53567950	0.41642126	0.41592104	0.42196247	0.42015616	0.51540098	0.47098102	0.42420472	0.43055073	0.52603934	0.52918676	0.45137965	0.48277936	0.49005516	0.46678024	0.42151014	0.45579804	0.42460670	0.63936005	0.46260708	0.41383780	0.55031592	0.48969280	0.50531426	0.49063847	0.47438560	0.49290154	0.50630720	0.48136520	0.54196709	0.48954081	0.45945477	0.45856465	0.41821269	0.59193348	0.49111656	0.43982978	0.42502808	0.43167558	0.48271736	0.40909569	0.39324092	0.41021434	0.45875586	0.56142561	0.42956586	0.45188157	0.36190530	0.45229497	0.58065173	0.41513260	0.41712382	0.42473865	0.53229274	0.40330972
02_157	0.47454818	0.55536325	0.49604639	0.38924986	0.54094049	0.90047332	0.70431896	0.41532933	0.51551444	0.46258594	0.41704772	0.45949396	0.43686004	0.44408823	0.51863068	0.52129507	0.68923966	0.46892104	0.49297432	0.54185941	0.40043803	0.50768904	0.45476140	0.42384460	0.51371663	0.49903250	0.51361885	0.55301545	0.43950693	0.46750887	0.51387447	0.40115996	0.45452483	0.63199002	0.70969374	0.43122150	0.56169508	0.49887825	0.83148442	0.53221663	0.47303070	0.59112198	0.45632452	0.41852532	0.49275428	0.38520071	0.48105768	0.46353863	0.48922888	0.41024910	0.46295461	0.64392847	0.41857734	0.39581992	0.50175533	0.50060483	0.45808547	0.42637859	0.48302027	0.52249653	0.48241690	0.43453677	0.41955667	0.50564690	0.44138948	0.46169711	0.54731355	0.48585258	0.37906731	0.39548599	0.46831975	0.58954629	0.51711698	0.45480183	0.48671937	0.44544326	0.51412894	0.46069881	0.50912185	0.46599682	0.49509021	0.38466062	0.40538303	0.46956049	0.57369107	0.61585016	0.45118660	0.43772063	0.46608913	0.38019002	0.40722311	0.37947616	0.48504754	0.42088909	0.52410792	0.48748538	0.38175972	0.49755118	0.37439707	0.46476434	0.33620273	0.42495979	0.51489413	0.44515703	0.48427296	0.45403815	0.79606471	0.42271859	0.42081128	0.43688118	0.44590653	0.43640806	0.42786168	0.47257118	0.48624775	0.46615502	0.41277454	0.53095904	0.48353189	0.42454771	0.42202899	0.40547198	0.39855504	0.45902943	0.55344845	0.40542427	0.40699462	0.48244053	0.37426003	0.38141243	0.40945251	0.74883018	0.46131666	0.39190604	0.48322689	0.43823572	0.39707493	0.51690447	0.36610430	0.37771957	0.34457409	0.50829716	0.35840752	0.42432654	0.38995960	0.40591079	0.38339681	0.40470395	0.41861284	0.49027525	0.61423610	0.37539371	0.44349413	0.41745437	0.48148128	0.46789908	0.43971156	0.40811986	0.48185008	0.44004561	0.35455481	0.42181324	0.51555016	0.41485705	0.37155503	0.55907654	0.44564692	0.41891144	0.44067457	0.55691544	0.40753497	0.33813322	0.54796570	0.42535360	0.40723082	0.38808188	0.38132028	0.38675163	0.40777269	0.36454256	0.41827786	0.45730786	0.45200330	0.65285577	0.38320518	0.48108713	0.46835375	0.44459200	0.37875656	0.49269357	0.41104672	0.43236726	0.36695268	0.43482163	0.53909304	0.35327367	0.45885797	0.38993099	0.42081918	0.38720483	0.40221390	0.44095380	0.43677114	0.38331026	0.40855823	0.35952687	0.38506645	0.52543004	0.37244998	0.70396316	0.40278477	0.42215110	0.44273731	0.49877735	0.39506921	0.36051481	0.46165792	0.52602636	0.36992876	0.44719422	0.35866654	0.50118417	0.47890071	0.38760138	0.40737222	0.44464001	0.45419865	0.62501926	0.40877812	0.71183529	0.42023926	0.52058082	0.35833279	0.40518481	0.40974396	0.48748654	0.37101707	0.37522630	0.41846692	0.44876734	0.39691702	0.41802312	0.37899544	0.45702554	0.40669047	0.42429938	0.32901008	0.38023789	0.41383602	0.43738226	0.50206707	0.39790037	0.37043477	0.47366680	0.47604799	0.44482568	0.39541031	0.36647309	0.51987117	0.39091600	0.34541791	0.36680239	0.36316718	0.48145177	0.37674882	0.41168488	0.41654894	0.42445359	0.39971829	0.43188570	0.43254850	0.37681485	0.48540741	0.39519636	0.48903673	0.42440702	0.42880737	0.37012665	0.46636447	0.41298038	0.49544873	0.40221965	0.39931705	0.46537223	0.45915206	0.33747831	0.39262243	0.36252381	0.44316441	0.39545196	0.37915998	0.37052641	0.34611354	0.44326684	0.38985744	0.46536736	0.39056598	0.37184106	0.39512915	0.33259824
02_217	0.59636079	0.54993908	0.55700812	0.75620030	0.46406172	0.41798373	0.42650939	0.77635982	0.45285022	0.53771520	0.54282082	0.56133319	0.66621312	0.59768786	0.48417228	0.49341412	0.44132770	0.45386266	0.55051920	0.49992876	0.81328581	0.44493143	0.60363829	0.69611460	0.52963809	0.48839976	0.51652071	0.46266602	0.64067312	0.59772661	0.47420469	0.70088431	0.49313927	0.49078177	0.45431908	0.50544884	0.43132047	0.47312384	0.45377266	0.46259395	0.51372559	0.44407573	0.45826504	0.78594175	0.53460325	0.70783782	0.58703247	0.44567245	0.62208758	0.67091571	0.46436637	0.45764000	0.54875189	0.53984966	0.53700021	0.44974381	0.48653867	0.52859206	0.49492179	0.46931588	0.56674035	0.65600164	0.70721153	0.45563222	0.43610865	0.45612897	0.51279725	0.46639554	0.57181717	0.61384955	0.42512175	0.41274691	0.60303959	0.47671322	0.48289261	0.59401218	0.48920016	0.54293602	0.46538036	0.46322645	0.56338642	0.45588161	0.62463881	0.48122042	0.50620687	0.51591625	0.56533865	0.44744983	0.56103829	0.45990733	0.45408395	0.49925365	0.53470814	0.72610329	0.53066014	0.41347901	0.60318042	0.58853885	0.52686339	0.40210321	0.43931584	0.54437312	0.46510973	0.47702464	0.41387070	0.51073750	0.42217709	0.78335039	0.46615764	0.60240995	0.50682666	0.39166991	0.47722381	0.36325536	0.42204313	0.44342971	0.42341483	0.45806220	0.45329086	0.53408925	0.42988628	0.48778547	0.47411047	0.51570409	0.44763720	0.51871366	0.46030427	0.44316568	0.41163636	0.45026945	0.45292986	0.41088024	0.59336283	0.44628374	0.38320715	0.44248080	0.37004224	0.41498821	0.51289095	0.45773772	0.49282303	0.48845246	0.41456098	0.61892860	0.49462260	0.53335269	0.46813452	0.65774279	0.38732000	0.44007427	0.46601820	0.46940372	0.43524456	0.40085975	0.49007379	0.40608322	0.39648009	0.39611607	0.45623032	0.45547029	0.47335353	0.48179934	0.42210730	0.44543960	0.37746417	0.43852091	0.58113127	0.62736564	0.51394932	0.39212543	0.49730268	0.43936789	0.45440851	0.55713861	0.39621724	0.43408480	0.40962290	0.40293091	0.46569004	0.41398015	0.42104970	0.65895975	0.40661554	0.48110482	0.48589703	0.39758973	0.44212671	0.41850377	0.46248252	0.38376111	0.49839113	0.39096313	0.41706235	0.46152525	0.52294922	0.49574593	0.46261527	0.72700348	0.43703021	0.41825161	0.67958902	0.44681405	0.50135431	0.47260697	0.43864947	0.46362199	0.52698782	0.41170528	0.52551457	0.41932527	0.57780995	0.39048904	0.40779542	0.50212168	0.36116842	0.54953901	0.63296133	0.43358220	0.48989595	0.44290051	0.45755122	0.48131483	0.43783615	0.36161316	0.52246782	0.40433436	0.45108269	0.44563205	0.44277553	0.42755349	0.53607133	0.44472235	0.44025930	0.46882938	0.48509144	0.38293969	0.46226244	0.39309042	0.59693528	0.50145465	0.47874336	0.40974598	0.58777821	0.40094290	0.46792784	0.43215424	0.43162996	0.39515786	0.36914499	0.42706733	0.43530974	0.51281341	0.43292682	0.40555659	0.42259971	0.56341847	0.38524577	0.47058414	0.43049129	0.43566037	0.41338878	0.39732040	0.47224415	0.51913037	0.40535009	0.36646431	0.50683418	0.42968114	0.42148678	0.49294346	0.39121525	0.51263613	0.43204653	0.45458013	0.43252290	0.54028562	0.38420408	0.50237756	0.36617089	0.65080261	0.41869092	0.45626743	0.37711044	0.39547640	0.41275826	0.45222633	0.38756766	0.40066081	0.38950571	0.45398615	0.42252112	0.39898725	0.36870350	0.38259059	0.49401931	0.36449991	0.36673606	0.43243637	0.67371885	0.43900500
02_226	0.60454719	0.58464708	0.59975909	0.59597317	0.56721053	0.48698620	0.48838473	0.59127784	0.57759771	0.57395166	0.52500077	0.53474205	0.57903286	0.56756394	0.58344082	0.68458580	0.49149134	0.59918422	0.76389544	0.49602678	0.62259273	0.56371501	0.55119027	0.57205331	0.65057399	0.63591864	0.57746371	0.48180972	0.73749638	0.58495471	0.54017115	0.61822591	0.66321176	0.61232637	0.52638056	0.50057529	0.52280441	0.63388586	0.52067620	0.55950261	0.50061444	0.53476183	0.61564007	0.63876588	0.50624767	0.57703206	0.56204365	0.44431955	0.64059076	0.58858416	0.59680047	0.54094923	0.52434555	0.53152733	0.55428142	0.52874067	0.65977030	0.48357122	0.63426448	0.57190732	0.51742652	0.63701928	0.67670292	0.55701064	0.44975231	0.44248887	0.58111309	0.62457520	0.56274302	0.60712710	0.52223980	0.50535878	0.75383435	0.50335125	0.46390543	0.54263074	0.52324469	0.52652918	0.63614594	0.61013453	0.72194113	0.46014343	0.55002324	0.54678329	0.49800243	0.57405312	0.76668477	0.58972608	0.66429794	0.45535458	0.46547086	0.50352007	0.72359465	0.61059838	0.64146381	0.46055737	0.58141892	0.66441167	0.53943210	0.45577673	0.44104608	0.48888800	0.55243224	0.47028964	0.44111320	0.67708603	0.48146317	0.62992538	0.50191440	0.53577998	0.62374079	0.46534151	0.49586506	0.41169066	0.51813229	0.54386972	0.44316110	0.54802984	0.53482811	0.62914988	0.55389217	0.49959581	0.55065358	0.48942481	0.52571088	0.48532413	0.46271290	0.53850414	0.47520206	0.47620499	0.45082121	0.46666531	0.59853351	0.49114768	0.44816826	0.55906645	0.41633651	0.49786281	0.50134518	0.49403702	0.46360574	0.62093538	0.41527514	0.67108029	0.48155101	0.52747038	0.44932807	0.65811210	0.41195889	0.52134668	0.49178799	0.47281369	0.52044906	0.45890393	0.58406540	0.43129993	0.44322909	0.44977542	0.54919801	0.51498786	0.47283401	0.48258472	0.51681015	0.45739356	0.44315695	0.45759571	0.51388053	0.61390899	0.54633587	0.46989298	0.62151838	0.44111060	0.54390815	0.66053691	0.46836395	0.45057045	0.47074519	0.47393025	0.57883481	0.47120614	0.40080142	0.67824656	0.47566725	0.55437818	0.48604814	0.41941551	0.48877955	0.47413754	0.49292674	0.43042881	0.49369961	0.44175416	0.47178152	0.54155732	0.49965911	0.49825013	0.61918629	0.57495006	0.50441448	0.50670915	0.61813945	0.54547433	0.52924550	0.51947717	0.45904329	0.45318896	0.53632476	0.50959910	0.52858673	0.47801007	0.51500622	0.43675075	0.46299906	0.55142744	0.41422134	0.51168290	0.56238296	0.49810850	0.45713055	0.55106210	0.46087676	0.58472610	0.48305411	0.40673588	0.48686785	0.49004133	0.43108923	0.51874157	0.48333221	0.49497989	0.49979217	0.53850913	0.44048604	0.46052547	0.51054288	0.40829982	0.44413950	0.47089221	0.65122245	0.59719012	0.49577283	0.45831991	0.51786890	0.48345190	0.58832775	0.52999037	0.43185681	0.42207885	0.42499049	0.43030669	0.50389141	0.49050953	0.43493337	0.43722937	0.51119894	0.53956183	0.44913090	0.49895351	0.48957030	0.47254967	0.43469610	0.45898252	0.43989826	0.62082358	0.46357198	0.41706757	0.55848981	0.48691979	0.50157160	0.49906243	0.46587791	0.51319925	0.49264763	0.49157217	0.52088421	0.49912341	0.45067872	0.47547503	0.41833668	0.61387671	0.48600226	0.44962596	0.42379300	0.43520798	0.47572214	0.42433147	0.40149320	0.42203285	0.45780534	0.55522491	0.43726987	0.45212933	0.37273003	0.44957566	0.58687467	0.41381503	0.41550021	0.43855390	0.56328298	0.41745240
02_245	0.82533578	0.65148350	0.74171299	0.57628196	0.56682314	0.45650185	0.46706940	0.67598443	0.56657910	0.77264721	0.69641230	0.65625653	0.77012166	0.82491789	0.64235310	0.56606170	0.47702171	0.52744453	0.62143280	0.50047930	0.63174632	0.55929328	0.75028152	0.71889666	0.62362223	0.54648134	0.64229481	0.49041773	0.59593035	0.79134286	0.44292484	0.65158174	0.56057498	0.49279650	0.46818849	0.44931373	0.42691638	0.56562642	0.49759851	0.56517563	0.48472304	0.44745159	0.51492791	0.67295714	0.55745421	0.55669101	0.62769214	0.46601187	0.67047404	0.53092616	0.51480025	0.50751776	0.69397377	0.49859433	0.65627774	0.43083788	0.51368260	0.43832828	0.52687544	0.60764981	0.48598480	0.81576248	0.60611789	0.59447699	0.43819920	0.45938019	0.46913376	0.48322636	0.52994711	0.60587299	0.53387310	0.44929042	0.68895291	0.44813200	0.48490548	0.68778431	0.51433161	0.45506493	0.51561465	0.52401533	0.66231034	0.53745741	0.61869520	0.58818784	0.50527076	0.58642647	0.60339677	0.49491689	0.74003951	0.52071674	0.42748677	0.54802653	0.58779126	0.54168032	0.49004812	0.45647724	0.57502581	0.55307166	0.54038158	0.41362265	0.43162715	0.55760938	0.57233909	0.50982853	0.44358342	0.58812152	0.43967784	0.63852834	0.59027502	0.70584055	0.49843478	0.46686622	0.46074878	0.38404480	0.53127215	0.52690414	0.39583683	0.55431070	0.51003225	0.51118689	0.47646362	0.60802500	0.46443945	0.46535475	0.50890290	0.57630075	0.50689958	0.57283887	0.41260181	0.43705727	0.48191525	0.43478244	0.77514450	0.47749778	0.43156231	0.51652901	0.36185844	0.42351702	0.50524417	0.44037800	0.44241895	0.55424881	0.46059559	0.54843433	0.55469673	0.64620274	0.49221080	0.60321854	0.41322650	0.44073621	0.49058817	0.52424908	0.49358702	0.45594835	0.62242092	0.42584397	0.42032743	0.46628320	0.50523723	0.58615178	0.45897810	0.41591870	0.51767405	0.48658075	0.40328905	0.44682108	0.60378674	0.61650575	0.65819633	0.45106340	0.51158323	0.43537078	0.54565829	0.61585432	0.44933167	0.48634043	0.40939308	0.41709300	0.50219561	0.42435001	0.40977828	0.65963712	0.47760943	0.48610458	0.54807084	0.40067004	0.44183019	0.49424688	0.50186238	0.41239177	0.58923793	0.37833525	0.42559615	0.47036253	0.51519464	0.48115509	0.51761442	0.56754030	0.46202884	0.43070938	0.58000842	0.48080429	0.66080404	0.47147002	0.49174332	0.41776524	0.48159695	0.47752339	0.53947477	0.44074303	0.57334586	0.37312978	0.45742274	0.59842390	0.41625971	0.48734163	0.53601182	0.40768053	0.48199417	0.45656989	0.47974124	0.53726468	0.40723081	0.35807743	0.44935829	0.48212389	0.44502181	0.47686606	0.44179771	0.46246486	0.57821246	0.54945520	0.40546669	0.50067753	0.58876575	0.39081573	0.48574336	0.41220179	0.52465324	0.50967403	0.49821260	0.47795134	0.48167470	0.49464418	0.47778544	0.47483742	0.41659367	0.44805470	0.36680097	0.44933177	0.50076381	0.51328410	0.49422199	0.44017881	0.51467870	0.63315798	0.43036657	0.46637244	0.48455651	0.43688654	0.40452619	0.41690695	0.46215056	0.58362780	0.40178199	0.36838122	0.58696006	0.44955339	0.43474257	0.54558084	0.46002644	0.47904747	0.49411311	0.49847461	0.52068534	0.58824583	0.45549512	0.46960554	0.39040537	0.57660257	0.48505055	0.47529927	0.43121678	0.43558859	0.47686111	0.41294886	0.41383333	0.38624402	0.38530815	0.47933548	0.48380631	0.39590368	0.35862105	0.41771374	0.50273543	0.39782165	0.41704933	0.43933267	0.51030827	0.39735735
02_299	0.73566402	0.68668314	0.66486467	0.53078928	0.50851158	0.45351961	0.47308627	0.63871233	0.50000298	0.71473513	0.72342759	0.75830521	0.75635795	0.83813421	0.57082911	0.49128513	0.49110083	0.46147438	0.52270158	0.54246218	0.57421744	0.49624798	0.88376469	0.71206344	0.53931729	0.47579968	0.58416553	0.52653486	0.53011367	0.74463116	0.42843599	0.59332142	0.48078999	0.46283117	0.46408146	0.45208389	0.40701628	0.48758810	0.49856940	0.50831778	0.51048663	0.43069621	0.44788734	0.62429782	0.63617522	0.51707428	0.68460315	0.50987016	0.66465716	0.51139907	0.45383038	0.50236600	0.73525119	0.48558859	0.71239265	0.41236203	0.44340826	0.44612087	0.45928114	0.54374894	0.50537049	0.70194475	0.53495615	0.53550963	0.45464162	0.50249327	0.44990401	0.43350423	0.48784842	0.54850584	0.48493504	0.43226178	0.60539025	0.44745934	0.53867322	0.70114250	0.52000459	0.45287120	0.45699899	0.45829552	0.55800180	0.54708644	0.60386969	0.54642673	0.54398621	0.57207500	0.51029727	0.43340355	0.62132792	0.53052150	0.42888342	0.52961647	0.50041713	0.51933873	0.45325845	0.45601827	0.52480510	0.52689268	0.49992168	0.40839148	0.41361772	0.59713757	0.52139995	0.55613077	0.46493923	0.50272196	0.43612214	0.58274693	0.57612685	0.74478233	0.43820528	0.43598181	0.46112415	0.38038644	0.48412371	0.47703825	0.39206617	0.50150094	0.46504283	0.45189324	0.42024419	0.60552290	0.41767928	0.48582671	0.50174145	0.59929710	0.53098813	0.51916965	0.37704315	0.42302801	0.50460592	0.43508823	0.71268536	0.44917769	0.42135680	0.45889024	0.34956298	0.40694251	0.48168288	0.40641411	0.42215373	0.48363891	0.46797561	0.48109203	0.56130321	0.63870529	0.50494627	0.53308238	0.42362112	0.41939324	0.52040874	0.51847158	0.45078807	0.42981465	0.55868853	0.44144421	0.41475953	0.44496876	0.47860035	0.55296762	0.43645100	0.41020265	0.48481883	0.50516128	0.37197877	0.46371118	0.65768988	0.56126319	0.63169034	0.43967766	0.44769430	0.41813772	0.50006993	0.53180010	0.41698008	0.48080396	0.37469354	0.38181759	0.44334242	0.39058930	0.44005264	0.57362844	0.44732493	0.47848976	0.54286016	0.40745287	0.43542108	0.48160302	0.47480600	0.40695414	0.61459107	0.36328538	0.39233995	0.42456776	0.56138513	0.45087730	0.44918697	0.52947252	0.42436486	0.38778986	0.53763988	0.43195151	0.64268797	0.43271504	0.48240451	0.40853595	0.44304297	0.45041178	0.50403291	0.43626850	0.57438548	0.35719881	0.43073660	0.55511878	0.39651342	0.45855317	0.54667488	0.38936585	0.47823469	0.41969672	0.46609752	0.47745676	0.39501353	0.34631133	0.44815558	0.44328154	0.48524608	0.45968698	0.41372330	0.46135075	0.58533063	0.49725868	0.39734508	0.49966683	0.57064057	0.39624992	0.48976009	0.37463688	0.46658451	0.45262997	0.48985575	0.45752473	0.46290422	0.45659171	0.42114297	0.42768076	0.39792809	0.44244628	0.35239507	0.48154317	0.46714063	0.50856716	0.50216123	0.45567353	0.47105643	0.61644449	0.40084255	0.43274037	0.47269856	0.40710896	0.38650323	0.38438467	0.45974281	0.51208761	0.36847224	0.35514960	0.53548679	0.41482759	0.39329925	0.53078831	0.42809677	0.44803153	0.45999740	0.47265763	0.47315123	0.59575509	0.42686312	0.45012268	0.38436999	0.51862122	0.47076586	0.47348527	0.41265624	0.44088524	0.44840379	0.40068911	0.42377707	0.37659956	0.36686823	0.42515620	0.48191140	0.36366630	0.36256815	0.39875665	0.44490436	0.39194315	0.39868792	0.43496865	0.48496984	0.38350275
02_252	0.48817195	0.62944046	0.47278781	0.43126949	0.41944430	0.50309461	0.55552756	0.46850402	0.41567055	0.49037979	0.49651162	0.60886837	0.49230646	0.50419077	0.44619610	0.42381307	0.60543554	0.39626678	0.42779514	0.82377076	0.44999128	0.41433036	0.52995337	0.48548209	0.43043372	0.40065150	0.44770680	0.74144793	0.46367487	0.48923585	0.48330791	0.45974114	0.40799353	0.47736941	0.54237109	0.53497123	0.44689201	0.40929020	0.54559434	0.41638366	0.68587468	0.48539379	0.38923194	0.48725653	0.79048377	0.42470092	0.61901758	0.70591147	0.58496828	0.47987641	0.39022621	0.55707030	0.49700898	0.46872826	0.60906331	0.46035858	0.38413372	0.51521413	0.39070403	0.43499696	0.61342522	0.48828158	0.43147953	0.43621625	0.54536471	0.63095606	0.48904566	0.40833458	0.41338816	0.44436653	0.41132771	0.46834072	0.49712298	0.52693971	0.81122547	0.48060750	0.52295048	0.51621571	0.41807532	0.39365361	0.43982700	0.44708224	0.46017633	0.43727996	0.65828599	0.50800403	0.42180261	0.38031279	0.46843192	0.43776747	0.49690466	0.43999913	0.41404529	0.49140899	0.44897460	0.45642659	0.43486194	0.53760252	0.42400187	0.45980076	0.37183586	0.49249033	0.42335443	0.60076583	0.56461352	0.41977146	0.48859478	0.45305876	0.45878080	0.48953658	0.37952920	0.38244015	0.52645460	0.41176135	0.40934373	0.40576115	0.43046288	0.41260400	0.39383852	0.38884509	0.37299980	0.46966568	0.36863026	0.58516480	0.53255475	0.45918782	0.50229135	0.42815459	0.34169180	0.42248903	0.48823139	0.48795947	0.48579379	0.39577456	0.42650960	0.39729815	0.37508435	0.45315681	0.41190302	0.36126489	0.37348547	0.40404616	0.40577550	0.40387718	0.44964030	0.47885614	0.43584013	0.43504511	0.45611660	0.43342660	0.69262557	0.43364280	0.38945178	0.37750628	0.44472244	0.51211893	0.43001930	0.38951028	0.46671735	0.44649343	0.38436473	0.45470900	0.44133693	0.49986227	0.33985071	0.52724872	0.51670715	0.44449933	0.47221450	0.45550945	0.39018879	0.37461367	0.42012871	0.43563270	0.37251282	0.41197028	0.33890223	0.34665924	0.38967603	0.35354984	0.50411981	0.44479334	0.38710052	0.54928228	0.44445073	0.44579254	0.46995566	0.43743802	0.40924816	0.40996074	0.49312750	0.38014752	0.35452955	0.37040673	0.68142137	0.39571888	0.38882928	0.42966925	0.37231238	0.35017332	0.46508606	0.37688505	0.47890834	0.38015942	0.40759918	0.40412387	0.38400190	0.43878576	0.42621487	0.47150134	0.45466887	0.36884173	0.37493190	0.43603933	0.35713068	0.39631946	0.56153933	0.41966847	0.40561536	0.40742207	0.40615515	0.40040545	0.43048908	0.37033345	0.45416034	0.38690286	0.59849511	0.44965285	0.37218131	0.52374941	0.45044119	0.41231635	0.40215237	0.41411210	0.45517713	0.42957156	0.41390178	0.34165010	0.40435098	0.38734743	0.46029997	0.39525219	0.41905201	0.39526748	0.37249162	0.37704461	0.36049697	0.39477034	0.37875025	0.59720169	0.40111357	0.43657168	0.42524358	0.52735906	0.40130878	0.45987507	0.35997192	0.38199982	0.44635711	0.36052814	0.36758494	0.34930815	0.39481673	0.41948359	0.33585482	0.37317619	0.43850232	0.36443396	0.35258744	0.42858254	0.38097763	0.39331116	0.39245388	0.41238811	0.40091722	0.45704620	0.37676547	0.38858889	0.41530831	0.42382789	0.45893883	0.41029500	0.36732929	0.47242288	0.39208236	0.36143024	0.42879473	0.39073729	0.39726849	0.37720578	0.41526712	0.33098933	0.39469632	0.39543789	0.38999709	0.40495696	0.36266275	0.41170858	0.44255013	0.35179684
02_289	0.58553276	0.56126858	0.54459691	0.59618172	0.46495714	0.40775873	0.42878561	0.60342575	0.49421373	0.62759616	0.66585883	0.61322383	0.60425631	0.63349976	0.52113294	0.51799049	0.43672931	0.50650622	0.55569303	0.47018012	0.66207617	0.49464835	0.58216361	0.60003567	0.50761788	0.47938781	0.49388372	0.46508766	0.67874988	0.57182689	0.44438455	0.75789447	0.57065304	0.45686887	0.43434238	0.48690979	0.41791691	0.51499841	0.43558353	0.46139729	0.49830179	0.43893512	0.51149818	0.71940096	0.52091171	0.56908680	0.57921402	0.46514255	0.65998881	0.57955784	0.48190727	0.47627795	0.63461619	0.57572524	0.58946954	0.44261908	0.49466057	0.44309774	0.46815115	0.50054668	0.46927930	0.77535982	0.58861875	0.51646148	0.45134348	0.43788970	0.45134155	0.48402834	0.59543363	0.76735573	0.50189878	0.43769830	0.60247828	0.47634793	0.46319274	0.53175780	0.47018562	0.45690860	0.50531638	0.49898895	0.55741449	0.55304252	0.57733074	0.50608313	0.44379541	0.47146549	0.60422681	0.50467300	0.67916060	0.52048514	0.47708527	0.64123347	0.52731340	0.58608667	0.46629958	0.42447510	0.77984806	0.57611061	0.71913318	0.42378459	0.48564218	0.48591718	0.46992681	0.50395771	0.43663112	0.60205196	0.39280873	0.57990735	0.58675457	0.54985967	0.46270087	0.43961035	0.51830595	0.36880904	0.47905085	0.48656105	0.40235736	0.45195345	0.43708907	0.49408357	0.50040837	0.63801050	0.46584822	0.45927197	0.49700772	0.51107444	0.52592356	0.51953682	0.41740409	0.49092216	0.47612130	0.38806962	0.59515076	0.48896151	0.41624183	0.52882455	0.37398719	0.43089050	0.56294345	0.43661401	0.46397228	0.47483088	0.46506346	0.52364594	0.54699424	0.69291894	0.47129915	0.68473745	0.41196898	0.43497761	0.44862666	0.57113564	0.46038736	0.42706996	0.54498552	0.41467133	0.41779926	0.45081972	0.51949904	0.56364888	0.49489145	0.42584304	0.48545867	0.50086973	0.41422688	0.39956177	0.50426635	0.59357781	0.59671921	0.42904583	0.56964615	0.48732109	0.44769097	0.71429130	0.44705610	0.47104765	0.40124724	0.41751378	0.56364538	0.45270532	0.38490369	0.55753317	0.42964667	0.45442801	0.58938216	0.36873840	0.44116419	0.47733595	0.55272845	0.37507539	0.58782120	0.37184796	0.44744527	0.43125924	0.45730255	0.58592955	0.50690591	0.56101230	0.43221862	0.44727852	0.71070974	0.45114965	0.61528752	0.48916429	0.44602990	0.45252633	0.47725197	0.46195153	0.69879815	0.39069732	0.52379815	0.36380281	0.40369311	0.47228624	0.39894881	0.52664466	0.51878515	0.38877410	0.46034897	0.47949215	0.53331200	0.45561351	0.39574696	0.37295241	0.44458481	0.45775590	0.41895299	0.41313327	0.41292226	0.42259183	0.48834529	0.46008748	0.44278652	0.43927671	0.60467795	0.35626762	0.46780544	0.43182408	0.52113319	0.46377615	0.55687825	0.44550191	0.49240281	0.46251754	0.50518406	0.47000589	0.46621968	0.44190406	0.37846007	0.45867966	0.42282329	0.48813747	0.50421107	0.43512973	0.46248041	0.51329440	0.42485281	0.50909721	0.43090456	0.41239062	0.44685447	0.44030233	0.43831217	0.50462022	0.39586176	0.37081045	0.62620851	0.40801185	0.42919554	0.46742869	0.44113827	0.49294184	0.41740022	0.51560711	0.45589404	0.49377582	0.42872425	0.45445182	0.38191456	0.55168272	0.46602967	0.42605961	0.40674546	0.42516107	0.42498893	0.41509062	0.40746773	0.42027747	0.39986590	0.53688763	0.48484888	0.38919850	0.37907143	0.41467437	0.59677608	0.37747799	0.40525311	0.45577221	0.53347485	0.40306753
02_248	0.73751780	0.77637464	0.69113760	0.51078457	0.54819154	0.49370697	0.51910330	0.59137564	0.55049259	0.77924007	0.71143386	0.76576351	0.68431372	0.77974392	0.63086880	0.53479771	0.53466766	0.50135790	0.55589705	0.56395278	0.54962877	0.54767844	0.76999567	0.64456606	0.56932136	0.50600513	0.61103461	0.56287959	0.54757844	0.72326640	0.45157367	0.57864134	0.51719466	0.49575677	0.50148833	0.46328832	0.43550452	0.53081919	0.54328778	0.54590966	0.52503323	0.46389351	0.48283506	0.60308711	0.64771589	0.49869075	0.70245497	0.53179316	0.70774208	0.50714304	0.48486839	0.55847539	0.71435338	0.49375150	0.79871347	0.43760723	0.46874322	0.44569065	0.48152312	0.59951206	0.50516067	0.69613512	0.52983966	0.59726618	0.47636720	0.51377662	0.46995090	0.46560936	0.48860539	0.55104670	0.53641583	0.47496868	0.65497771	0.46795947	0.55080466	0.65316859	0.55031486	0.45899718	0.49758874	0.49355288	0.59238863	0.56011533	0.57817309	0.58512445	0.55724359	0.60855544	0.53744793	0.46531438	0.67554620	0.53546893	0.44395848	0.53951439	0.52932418	0.51267989	0.47334031	0.48953517	0.52294505	0.55584010	0.50802492	0.43770629	0.41759143	0.57097412	0.56190822	0.57624109	0.49803844	0.54109097	0.46554039	0.55857049	0.61754515	0.66931404	0.45274655	0.47284231	0.48066691	0.40678368	0.53503110	0.51808907	0.40505293	0.53552619	0.48982282	0.46421422	0.45049320	0.62672116	0.43156422	0.49216795	0.55912589	0.57991074	0.55019839	0.57701930	0.39157030	0.43818767	0.51744904	0.46668098	0.71802517	0.46855323	0.45981746	0.49799701	0.36739320	0.43871386	0.48241480	0.41441504	0.41700895	0.51236458	0.47445160	0.48356290	0.56038756	0.64474295	0.50174914	0.53409993	0.44744217	0.44702207	0.55615343	0.52842152	0.48093798	0.45603795	0.61202479	0.46799430	0.44227791	0.47630624	0.52448781	0.60486957	0.43927587	0.41791711	0.54185316	0.52888916	0.39250492	0.48364655	0.61746773	0.55938221	0.67180368	0.48777683	0.46986506	0.42222670	0.53701089	0.55758449	0.44664690	0.49477442	0.38802052	0.40016487	0.47007264	0.40695116	0.44128923	0.57160728	0.47984237	0.51334839	0.55148978	0.42360880	0.46063261	0.52301845	0.49164057	0.43179272	0.62659095	0.38031589	0.40779549	0.44000092	0.56756328	0.45500446	0.48208364	0.50649704	0.44295448	0.40747422	0.53321686	0.45589031	0.68250778	0.44508380	0.49553870	0.41187781	0.44452057	0.49953621	0.50948943	0.46561772	0.55072499	0.37161223	0.45204815	0.57442385	0.42293974	0.45242656	0.54250148	0.40695867	0.46807308	0.44929594	0.47273327	0.50113482	0.41118383	0.36444195	0.44683379	0.48189253	0.49023429	0.49042488	0.42452523	0.50261799	0.56398368	0.53756469	0.40365792	0.49654459	0.59725198	0.41309625	0.48464171	0.39478333	0.47159782	0.46793621	0.50757514	0.48502427	0.45322254	0.49961398	0.44245432	0.45530122	0.40059956	0.46206097	0.37279831	0.50100325	0.49351754	0.50426543	0.51022816	0.48837145	0.51203639	0.59806668	0.42564491	0.44192544	0.50692587	0.41618507	0.39631277	0.40331903	0.44896616	0.53480037	0.38101778	0.37465265	0.55997845	0.42909213	0.41100439	0.53271767	0.46238770	0.44936097	0.48082431	0.49150503	0.50823105	0.56717095	0.45899677	0.44291224	0.41196788	0.50970384	0.51376879	0.47154694	0.43584419	0.47263981	0.47592255	0.39419297	0.43903840	0.38840908	0.38901074	0.44775255	0.49573120	0.37501363	0.37073195	0.42834944	0.46388150	0.41916194	0.42274157	0.44320727	0.47295916	0.37897776
02_208	0.74436615	0.67779354	0.80785785	0.48435966	0.70666544	0.53693512	0.52984167	0.55248633	0.66537366	0.70138922	0.57917907	0.58658349	0.62148303	0.65647809	0.79557961	0.61796747	0.53407932	0.55632526	0.63736866	0.51026690	0.51370950	0.64926393	0.64806618	0.58306318	0.70408361	0.60011601	0.77013757	0.51181734	0.52540071	0.71462246	0.45141798	0.52098427	0.55502125	0.53947252	0.51900533	0.42467686	0.45569457	0.62164286	0.58684050	0.70025612	0.46624012	0.47833328	0.52995275	0.53943438	0.53962161	0.47450848	0.58006235	0.46160851	0.60144524	0.46641489	0.53916535	0.56312221	0.58141533	0.44511768	0.63650615	0.43980071	0.52585798	0.41740708	0.56378451	0.75027239	0.47102970	0.61169757	0.52799834	0.69025735	0.43120675	0.45816128	0.48392119	0.49907197	0.45972295	0.50168751	0.58023826	0.49403581	0.67632283	0.43540677	0.48137357	0.62887982	0.53309881	0.44035331	0.54776661	0.54808214	0.68276766	0.48767921	0.52702401	0.61902392	0.53591518	0.71070582	0.56635817	0.50119360	0.66511688	0.47511901	0.40489056	0.47510456	0.60697177	0.47628253	0.50392121	0.48834451	0.47650209	0.52639738	0.46112044	0.42440880	0.38922846	0.52237686	0.68296851	0.48946557	0.45751964	0.56942468	0.50580551	0.54512715	0.55321826	0.61848006	0.50515524	0.50161305	0.43502974	0.41312559	0.60248594	0.56244023	0.39163153	0.68572324	0.56750265	0.49291255	0.47849903	0.53710729	0.44937155	0.45061871	0.54418143	0.52611534	0.47309603	0.63308202	0.40681383	0.40818147	0.46075767	0.50120453	0.68213853	0.45632858	0.46671081	0.52088973	0.36604286	0.44387535	0.44271219	0.42345162	0.39854110	0.62249999	0.43052851	0.50952419	0.49594803	0.54268509	0.45897198	0.50826965	0.41846310	0.45703959	0.52937501	0.46692506	0.51572122	0.47587287	0.65484839	0.43970098	0.43194915	0.47749188	0.51254567	0.57951303	0.41483764	0.40311136	0.57959543	0.46477945	0.40355667	0.48491674	0.56435144	0.53667090	0.60776263	0.50645795	0.47805724	0.39279990	0.67538042	0.54265819	0.45902785	0.46688864	0.41023366	0.41839997	0.47661335	0.40689545	0.41052081	0.60751340	0.52256546	0.52661714	0.48363976	0.42710456	0.44733254	0.50928556	0.45711471	0.45425256	0.52709533	0.39123648	0.40918685	0.48531808	0.53000920	0.41987803	0.53421600	0.48393625	0.47286862	0.42464757	0.48681410	0.49826601	0.60498275	0.44267331	0.49165854	0.38573510	0.44700753	0.52533135	0.45949550	0.50722352	0.50918987	0.38516566	0.49768125	0.68067947	0.43726119	0.42767660	0.49859021	0.43241079	0.44318342	0.45790556	0.42976618	0.60163985	0.41969298	0.36127476	0.42541874	0.51543538	0.44516261	0.55296038	0.44542587	0.52563006	0.54419774	0.66478432	0.37777445	0.49249459	0.53247527	0.42340840	0.44923697	0.40806129	0.48655820	0.51892869	0.45529622	0.49299135	0.43206320	0.54166275	0.46140892	0.48119897	0.37683838	0.44087875	0.37497488	0.44162303	0.57623276	0.47493095	0.45561841	0.45434814	0.57239563	0.60115597	0.43962169	0.42631227	0.53688832	0.43497196	0.37761638	0.40625904	0.42931648	0.61032670	0.40167663	0.37923916	0.53080749	0.46903933	0.43688492	0.54235296	0.48803313	0.43767585	0.56184015	0.46941770	0.58980839	0.55299635	0.48772027	0.43359491	0.41582982	0.51227820	0.51847816	0.46863779	0.44916356	0.45484394	0.52100160	0.38143141	0.41242792	0.36931590	0.39498430	0.45508958	0.45844525	0.39557921	0.34601868	0.43792082	0.45875857	0.43018903	0.43072371	0.41375772	0.45115806	0.36925258
02_158	0.58005892	0.54282794	0.62305643	0.44667010	0.77850894	0.51418845	0.49420595	0.47529975	0.88750436	0.58167612	0.49167722	0.48035757	0.50581753	0.52644806	0.76998477	0.74844561	0.48229903	0.67822468	0.69951089	0.43683179	0.46642855	0.82780494	0.50599212	0.48454480	0.71013834	0.70055412	0.64850632	0.44595553	0.51086765	0.55727299	0.44321294	0.47515970	0.64116160	0.54277522	0.49230183	0.39597607	0.46988015	0.81787080	0.53269024	0.75389805	0.41464739	0.48191709	0.64333318	0.47929327	0.44619417	0.43892058	0.48171397	0.40493262	0.51735032	0.43062639	0.61962568	0.53196778	0.48884780	0.41978195	0.51961065	0.44443760	0.62084243	0.38082071	0.63860239	0.78993239	0.41421582	0.53163179	0.49878051	0.74280566	0.39792543	0.39830750	0.46792104	0.56099050	0.44401656	0.47527429	0.65404313	0.51234242	0.61676024	0.41245279	0.41130554	0.50481107	0.47990838	0.40774002	0.64473885	0.65123641	0.68707254	0.44398560	0.46237572	0.58663093	0.44942018	0.58751768	0.60287593	0.59586366	0.62385095	0.43142282	0.38477853	0.44614740	0.67627781	0.43714795	0.50573492	0.46644571	0.45418662	0.49426270	0.44768397	0.42075368	0.38156232	0.43947332	0.68811516	0.42611345	0.41945113	0.63263536	0.48274279	0.48556407	0.51061622	0.49418440	0.54792380	0.54514436	0.41061369	0.41379311	0.68995107	0.61657580	0.37871615	0.72466226	0.59556774	0.51424823	0.56360226	0.48344131	0.47613318	0.40218918	0.52237162	0.45216355	0.42642066	0.68421519	0.43800642	0.40071518	0.41477443	0.47638500	0.55897050	0.45715993	0.47657378	0.59339785	0.37554648	0.45703806	0.42183545	0.43197381	0.38339100	0.71447680	0.40032098	0.50767351	0.44507606	0.48209882	0.41314985	0.48793805	0.39585274	0.46680032	0.45989957	0.43516933	0.55425451	0.49363670	0.64583940	0.40780108	0.42668804	0.48759718	0.51894325	0.55713891	0.40363593	0.38409177	0.62067040	0.42452168	0.44181875	0.43365184	0.46035514	0.49574660	0.53833984	0.52067901	0.51983692	0.38399975	0.69924467	0.54760362	0.49599717	0.43979926	0.44110123	0.45567830	0.52436884	0.43082178	0.36329364	0.55411349	0.55066522	0.49597063	0.44562375	0.40004095	0.43332986	0.49953130	0.44826968	0.44734546	0.46281915	0.40035471	0.43104714	0.51714933	0.44233586	0.41172601	0.64710741	0.44218613	0.49683932	0.47243296	0.45462972	0.54960226	0.53275495	0.45141478	0.46083705	0.37078087	0.44070272	0.56649894	0.44188609	0.48597679	0.44579794	0.39417326	0.51078990	0.60220230	0.46179376	0.40939933	0.43797143	0.43750946	0.40599830	0.49312334	0.41133967	0.64850086	0.41421134	0.37147483	0.39277412	0.57476697	0.38725757	0.53760436	0.44926908	0.50015871	0.46566994	0.73669254	0.36588155	0.44328106	0.49220440	0.39976843	0.40998499	0.45404870	0.48763192	0.54850255	0.43140050	0.49214591	0.40397713	0.60415351	0.51373880	0.53495968	0.37155698	0.42712473	0.39006499	0.39611434	0.58545013	0.43223331	0.42015059	0.42285533	0.63257641	0.50745877	0.47299963	0.42795616	0.51745047	0.44172380	0.37853084	0.43568009	0.39433415	0.62301831	0.43108902	0.39180661	0.51599656	0.48878110	0.47985368	0.48748691	0.53298519	0.42624353	0.56897604	0.46082669	0.64955170	0.46842397	0.52555686	0.40936118	0.42043138	0.48222301	0.51483180	0.42794596	0.46098964	0.43456521	0.53706372	0.36423362	0.38746341	0.36587156	0.41374551	0.50058966	0.43159712	0.42352399	0.33223161	0.46029148	0.48689164	0.43303865	0.44791505	0.39450750	0.41936225	0.35674825
02_278	0.50130758	0.53670371	0.52295318	0.44894293	0.58300547	0.62068150	0.56475293	0.46030350	0.55850192	0.47482327	0.42606806	0.45455190	0.46526312	0.46013037	0.54001612	0.63828847	0.55730073	0.54287351	0.61154568	0.49801870	0.45813609	0.54220876	0.46290082	0.45533579	0.59959500	0.61402057	0.54365255	0.48956144	0.52071118	0.49013767	0.58041461	0.45013692	0.54067266	0.84316033	0.64778447	0.45907827	0.64005733	0.58448584	0.63475437	0.57061325	0.47005373	0.63570927	0.54665392	0.46873334	0.46678683	0.44285336	0.48332056	0.42602750	0.51692847	0.46576460	0.54837458	0.58802400	0.42701395	0.43295450	0.48768418	0.56768457	0.59019323	0.45716981	0.61712936	0.54429563	0.50048428	0.47401928	0.49853307	0.51930931	0.42926103	0.42941907	0.66027049	0.60783564	0.43142316	0.44495516	0.48408789	0.57445935	0.59039816	0.47722985	0.44935074	0.46330877	0.50988155	0.51052168	0.61778578	0.55127325	0.58547623	0.38770543	0.43832707	0.48950243	0.52287658	0.61057904	0.55116253	0.52046965	0.51141215	0.38595799	0.42523399	0.40187165	0.60793607	0.48353426	0.69928265	0.46529948	0.43031836	0.56530732	0.41367652	0.46374180	0.36593848	0.43124471	0.54006893	0.42656225	0.44038822	0.53217462	0.64056187	0.48500234	0.42457622	0.45215597	0.57504266	0.44521902	0.44600878	0.44811106	0.49728066	0.50205933	0.43659618	0.56696304	0.53593585	0.52578417	0.49224072	0.41234504	0.47696888	0.46601631	0.52611522	0.41426351	0.40296474	0.49467126	0.43428271	0.41278395	0.40436151	0.59125626	0.48792893	0.42326190	0.46174652	0.48775252	0.42521480	0.54540036	0.40042526	0.43613881	0.38561743	0.61579808	0.36104854	0.52853075	0.40129296	0.42135493	0.39143564	0.47120033	0.39945670	0.54317103	0.52653637	0.38937949	0.48420763	0.43393175	0.50969077	0.43442576	0.43768375	0.41337872	0.50598006	0.44556233	0.39043646	0.46692949	0.50935968	0.40787442	0.41006275	0.50370522	0.45237892	0.47283137	0.45321192	0.50751511	0.48801119	0.36649304	0.57389835	0.48777744	0.43242225	0.39606176	0.44435117	0.44143593	0.47354965	0.41052518	0.39650575	0.53649982	0.46387864	0.65478662	0.39768516	0.45556321	0.48408854	0.43926263	0.40574489	0.47028875	0.41357577	0.47496732	0.41342016	0.51969740	0.50409391	0.39263818	0.55448297	0.44628316	0.47369153	0.45446987	0.45831021	0.51275564	0.44309381	0.43651899	0.41724837	0.39370152	0.44882006	0.52429924	0.40857428	0.60931615	0.42853270	0.47097838	0.46265473	0.52604600	0.39877643	0.40771914	0.49641053	0.62849360	0.39298558	0.51548647	0.38037518	0.59048202	0.53349361	0.41065178	0.44391235	0.46413408	0.42395700	0.62734293	0.45962273	0.59182725	0.43596710	0.54496447	0.38857359	0.41755210	0.42209247	0.45384847	0.38353159	0.42849788	0.51805074	0.54933716	0.41678462	0.42460469	0.42981971	0.46369645	0.49325314	0.48099121	0.36076858	0.38153140	0.44307904	0.40921653	0.52435163	0.42174019	0.37308995	0.43533327	0.49425372	0.46870637	0.42034309	0.41098144	0.50686561	0.43971862	0.37736328	0.40827843	0.38459319	0.56036677	0.43945554	0.43434488	0.45066356	0.47807900	0.46733876	0.45034614	0.44617156	0.42669028	0.51051786	0.42011211	0.51701671	0.43930895	0.43561612	0.40903705	0.44764157	0.48383500	0.48135661	0.41512033	0.40470535	0.43578276	0.47215825	0.37053863	0.38134086	0.38765261	0.48783484	0.46138377	0.38261971	0.42991517	0.35140184	0.45367335	0.45729978	0.44128848	0.39620692	0.38780462	0.45680871	0.36815397
02_139	0.54208105	0.64421781	0.52070728	0.54828275	0.46349197	0.49962027	0.53124478	0.56045123	0.46583646	0.52962486	0.52488420	0.60633401	0.55307198	0.54638757	0.48832884	0.51067763	0.55865967	0.46714110	0.52977089	0.65732885	0.57415165	0.46112493	0.55556340	0.55275261	0.50223913	0.47574618	0.49034483	0.60170814	0.63528762	0.53606945	0.59302193	0.57787652	0.50119177	0.57659264	0.57519610	0.65198144	0.52352677	0.48157159	0.54282598	0.45832668	0.70701174	0.56118342	0.47034347	0.62298228	0.65013792	0.53331070	0.65258795	0.56099255	0.72072113	0.63994477	0.46329199	0.57822303	0.52281573	0.57636630	0.60792019	0.56181479	0.47707409	0.60613314	0.47141477	0.47546413	0.70011749	0.58403627	0.55499418	0.47418086	0.53763286	0.53971886	0.61579574	0.50698081	0.51408330	0.55807464	0.44906966	0.50632511	0.61633710	0.61713230	0.60378783	0.51541509	0.54911740	0.65072559	0.50674921	0.46901928	0.53110851	0.46046125	0.52868381	0.47715321	0.59562955	0.53994279	0.53860533	0.45982543	0.55355851	0.45424174	0.56529531	0.49551126	0.50986569	0.68489104	0.57727049	0.46144348	0.54853275	0.76104485	0.51390160	0.49070679	0.42755232	0.50635937	0.46175414	0.55361999	0.51066266	0.51612011	0.49733895	0.56339941	0.48158636	0.52090630	0.46992882	0.40985759	0.60836314	0.41846912	0.44230970	0.45538870	0.48068106	0.45217975	0.44130908	0.48783909	0.44710495	0.49470868	0.45146412	0.62416124	0.55328517	0.47854482	0.50291062	0.46447724	0.40495199	0.49434653	0.48639694	0.48284791	0.54173493	0.44929316	0.43827869	0.46284679	0.42147223	0.51552874	0.48243517	0.42984649	0.44126288	0.47353146	0.41498628	0.51845067	0.47705070	0.52241960	0.45385035	0.56425253	0.44403881	0.50491451	0.59450665	0.46870377	0.43943720	0.40815891	0.49574284	0.48425095	0.45100316	0.41197445	0.53090117	0.47476464	0.44818676	0.54743121	0.46984377	0.49822061	0.38781616	0.50225907	0.53300468	0.54140894	0.50967073	0.46289470	0.49333452	0.42813059	0.45647949	0.54563087	0.41306004	0.43328968	0.39864081	0.40455683	0.47835984	0.41588576	0.46160321	0.54585450	0.41523508	0.61310454	0.48122453	0.44240417	0.51908936	0.45406921	0.46444080	0.41839306	0.50753195	0.43113145	0.41615675	0.43784497	0.61261849	0.47668959	0.47008480	0.53370342	0.42729564	0.42071033	0.61699642	0.44139883	0.50620829	0.45480719	0.42901710	0.47379597	0.46794819	0.47385307	0.51001275	0.48115786	0.50444207	0.42055426	0.40427624	0.47422473	0.37618180	0.48216993	0.68718858	0.49250726	0.44436509	0.49356934	0.45259950	0.46184407	0.49849203	0.41182600	0.52814806	0.42314893	0.51996931	0.48279781	0.42650479	0.52257783	0.47864062	0.44882557	0.46506264	0.43631849	0.49063571	0.42363159	0.43771992	0.40184741	0.52318328	0.46731285	0.51651670	0.41794194	0.51330815	0.42310725	0.46423575	0.43993797	0.41685709	0.40782463	0.42593431	0.52212796	0.43307250	0.48152981	0.43550354	0.49129845	0.43625489	0.50062601	0.39750382	0.45487823	0.46396925	0.41342364	0.42405086	0.40493679	0.42854747	0.49306361	0.39541306	0.41154005	0.50685076	0.41355656	0.41687322	0.45995427	0.41186578	0.47150808	0.42398355	0.46088926	0.43925252	0.48335693	0.40091037	0.44618330	0.42578434	0.52894318	0.47634567	0.43249377	0.38679814	0.46077746	0.41990712	0.41083651	0.42183249	0.44126066	0.45959462	0.46276790	0.42922655	0.38749466	0.40954133	0.42728408	0.49228319	0.40978203	0.38288212	0.44594482	0.57228416	0.40327938
02_120	0.71850571	0.61176710	0.73709073	0.54243712	0.67058877	0.48893090	0.48508987	0.59252179	0.67598554	0.67815209	0.57653299	0.55867012	0.62966712	0.64337439	0.73016475	0.69578122	0.48662479	0.61781746	0.78239968	0.47721001	0.57873458	0.65617373	0.61001912	0.60054624	0.75798625	0.66487188	0.69710330	0.47330577	0.60575648	0.68205440	0.46514021	0.58430890	0.65171609	0.54892495	0.49499932	0.43817374	0.46504370	0.69721911	0.52580404	0.66203364	0.46032043	0.48168481	0.60484890	0.59608764	0.50320284	0.52709920	0.55916749	0.43598298	0.61385209	0.50624807	0.59556068	0.53088603	0.57357027	0.47600770	0.58840161	0.45754590	0.61504143	0.42591746	0.63348561	0.69839094	0.46753206	0.67120148	0.60717582	0.66380173	0.42379793	0.43142345	0.49887930	0.55182814	0.51360179	0.56670868	0.58555481	0.48579829	0.73957213	0.44534401	0.45107542	0.60218978	0.51141276	0.45352434	0.60458406	0.61321133	0.80810561	0.48652265	0.55208008	0.60783377	0.48924618	0.61927051	0.68857211	0.56939768	0.74767556	0.47479813	0.41737838	0.50343572	0.72065518	0.51893047	0.53954137	0.46480672	0.53855069	0.55943281	0.51220381	0.42461025	0.41782768	0.50293749	0.64323419	0.46756905	0.43294700	0.67014238	0.47045004	0.60117390	0.54961609	0.59468265	0.57400229	0.50006129	0.44832811	0.40044335	0.59106742	0.58154988	0.39965642	0.64455410	0.57238746	0.56266318	0.53885158	0.54085982	0.50225985	0.44625028	0.52333347	0.51463409	0.46588296	0.62488748	0.44401679	0.43244801	0.45000231	0.46099339	0.67904279	0.48192561	0.45191376	0.57123325	0.37798705	0.45205809	0.47791574	0.46017606	0.43029820	0.67558707	0.42937633	0.59092982	0.50025060	0.55888395	0.45629448	0.58799270	0.40565068	0.47106687	0.48319395	0.48202083	0.53739436	0.47896110	0.66342399	0.41973808	0.42860146	0.47657759	0.52713865	0.57543520	0.44665120	0.41833273	0.56125676	0.45635913	0.43104674	0.44868624	0.53603605	0.59081353	0.60422833	0.48015340	0.55717916	0.42029273	0.62540983	0.63287961	0.47718965	0.46692263	0.44387679	0.45150796	0.54441529	0.44378695	0.39019610	0.68346430	0.51346929	0.51185868	0.49852006	0.40694765	0.45041299	0.49745384	0.48685860	0.43232208	0.52032714	0.40170681	0.44492213	0.52419519	0.48924901	0.46309515	0.61116647	0.53353798	0.49905128	0.47151410	0.54543219	0.53828266	0.59540569	0.48571096	0.48331663	0.40830672	0.49200546	0.51935637	0.50600420	0.47125289	0.51986895	0.39697245	0.49040216	0.63571394	0.43522388	0.46963726	0.50716843	0.44238549	0.45442619	0.49547649	0.45292838	0.62974505	0.42844001	0.37262195	0.43864428	0.52438830	0.41950003	0.52081355	0.46590505	0.48760702	0.53148725	0.63185662	0.39801694	0.48198508	0.54323901	0.40039323	0.45244186	0.44660627	0.55812150	0.57419894	0.47427546	0.48758320	0.46547903	0.53694460	0.53021147	0.52219308	0.40595582	0.43799201	0.38706354	0.42320430	0.55159729	0.48517313	0.45470678	0.43244172	0.56796559	0.58948518	0.45599948	0.46701955	0.50713214	0.45888173	0.40344239	0.43911676	0.43810402	0.66341670	0.43458053	0.38755251	0.57363053	0.48793589	0.47718276	0.53235505	0.49321835	0.47615926	0.54220442	0.49180874	0.58500350	0.53804915	0.48510180	0.45802865	0.40688404	0.57480317	0.50234158	0.46177572	0.44577167	0.43579907	0.51042204	0.40226342	0.40159372	0.38626064	0.41130790	0.51829934	0.45784536	0.42687064	0.35031153	0.44202939	0.53001730	0.41464892	0.43148598	0.42457574	0.49331364	0.39130678
02_243	0.61629713	0.60705767	0.58448052	0.62555759	0.51158101	0.45332704	0.47048945	0.62710065	0.53528604	0.61982571	0.60076841	0.60202725	0.61681982	0.62203970	0.55788828	0.59088369	0.47906478	0.55122089	0.64351280	0.50792463	0.68613155	0.53041738	0.58921401	0.61060673	0.57160711	0.54180088	0.53815237	0.49558605	0.80198182	0.59783971	0.50580671	0.72494291	0.62629193	0.53376685	0.49100632	0.52357173	0.47537261	0.57032015	0.48690814	0.50583322	0.53114929	0.49796514	0.56173904	0.74049572	0.54211580	0.59648774	0.60549897	0.47463258	0.71855653	0.62619954	0.53195925	0.52642664	0.58832920	0.58276972	0.60334284	0.49984269	0.56214705	0.48427923	0.53299381	0.53813982	0.51970407	0.74734610	0.65607102	0.54327739	0.46854891	0.45653032	0.52506317	0.55150849	0.59906469	0.71264576	0.51708173	0.48199594	0.70314187	0.51550245	0.48536186	0.55151588	0.51048186	0.51356418	0.57122878	0.54924194	0.63392541	0.50809967	0.58177140	0.53153702	0.48752892	0.52823517	0.69235953	0.54749458	0.70855705	0.49199894	0.49515695	0.57302296	0.60574543	0.65053117	0.54945839	0.44956095	0.69417499	0.67109221	0.63040365	0.45251845	0.46880324	0.50028304	0.50905481	0.50597221	0.45391573	0.65662553	0.44106361	0.63203573	0.54996797	0.55953015	0.52706795	0.45327720	0.53740689	0.39490167	0.50097512	0.51634283	0.43344091	0.49534256	0.47922220	0.55528058	0.53165189	0.56887488	0.50717141	0.49651227	0.53200647	0.50713759	0.50625874	0.53610875	0.44514326	0.49982568	0.47524159	0.43141749	0.61766763	0.49653502	0.43835754	0.55095384	0.40150398	0.47657438	0.54224943	0.46634992	0.47176028	0.53505546	0.44258215	0.59657869	0.52092380	0.60997881	0.46780038	0.72020250	0.42124069	0.48421360	0.48876450	0.52420685	0.48976316	0.44337438	0.57342310	0.43486512	0.43878865	0.45275245	0.55309723	0.54754656	0.49170296	0.46935315	0.51006245	0.49215944	0.42914873	0.43687644	0.52514626	0.62649829	0.58413848	0.45771780	0.61071656	0.46942305	0.49162370	0.73303078	0.45954798	0.46545066	0.43256754	0.44438756	0.58602179	0.46557121	0.40293150	0.62816617	0.45180032	0.51812748	0.54076878	0.39918917	0.47786029	0.48331213	0.52963247	0.40448061	0.54927601	0.40906949	0.46280546	0.47767783	0.49823001	0.55093484	0.55965003	0.59063136	0.46550195	0.47685956	0.72576279	0.49276865	0.58302510	0.51061887	0.45597625	0.46609822	0.51212904	0.49436541	0.61476547	0.43654536	0.53279843	0.40115971	0.43056616	0.51250679	0.40681454	0.53261921	0.57217044	0.44403822	0.46542840	0.52491047	0.50167438	0.50966890	0.44440557	0.39638842	0.48014718	0.47516610	0.43947657	0.46381078	0.44683629	0.46808465	0.50290239	0.49753106	0.45437740	0.45401018	0.56369638	0.38590689	0.46159267	0.45220505	0.59076602	0.52017432	0.54262278	0.45426489	0.52161547	0.47581121	0.54906276	0.50042647	0.45454988	0.43532979	0.40807526	0.46189625	0.45971634	0.49992433	0.47186842	0.45005554	0.48765844	0.53811025	0.43784514	0.51308213	0.46439012	0.44132034	0.44855496	0.45215321	0.44478028	0.56108784	0.42674163	0.39836217	0.60863590	0.44291071	0.46277841	0.48863045	0.45538877	0.51342437	0.45213605	0.51229034	0.48825104	0.50784118	0.44096769	0.47178033	0.40647690	0.60177695	0.48772868	0.44266438	0.41608839	0.44089324	0.45038970	0.42531434	0.41186355	0.43230969	0.43766666	0.55795685	0.46507956	0.41800466	0.38474287	0.43770307	0.61284459	0.39997756	0.41190616	0.45616326	0.57772764	0.41560636
02_231	0.55623584	0.50580039	0.58923480	0.48260129	0.69182476	0.48726750	0.46157021	0.49624813	0.67056333	0.52288570	0.45712128	0.45155463	0.50354226	0.49911179	0.62743839	0.76617101	0.45479434	0.64499751	0.80163627	0.42542302	0.49611670	0.63916085	0.48546944	0.48978444	0.75518778	0.82123063	0.61977187	0.42214958	0.54093228	0.53820142	0.46510966	0.48794659	0.64337382	0.57851288	0.48675158	0.40488701	0.48864392	0.74615208	0.50643966	0.67840212	0.41099254	0.48770970	0.65130667	0.49517071	0.42791455	0.47413698	0.46524043	0.38332581	0.50380135	0.45574978	0.64604734	0.49503148	0.45729685	0.42591228	0.47788069	0.46201316	0.75121428	0.40012213	0.82643855	0.63471767	0.42878175	0.52133551	0.55204683	0.59000863	0.38576520	0.38557094	0.50647151	0.60062286	0.46361222	0.48298023	0.54254853	0.48346093	0.61919149	0.41591460	0.39755586	0.49836518	0.46847247	0.43346459	0.64767425	0.65816046	0.72637927	0.41039022	0.46863131	0.54119742	0.44501546	0.57296680	0.65631652	0.60463567	0.58099004	0.40696985	0.38480448	0.42814028	0.81087561	0.46744917	0.57391604	0.43842908	0.46402036	0.50901450	0.44454002	0.40885636	0.38417374	0.43562359	0.61946991	0.40323308	0.39322421	0.62524080	0.48026067	0.52482157	0.45649370	0.48459021	0.67951760	0.48388736	0.40644232	0.39843075	0.56017609	0.56343827	0.38935746	0.66789550	0.60665101	0.59342297	0.55894559	0.44164327	0.52334930	0.40844481	0.47618590	0.43791828	0.40048246	0.55711519	0.46640851	0.40246425	0.39624199	0.46435548	0.53709482	0.44908743	0.43634901	0.55033717	0.38307847	0.45411526	0.42499637	0.46558219	0.40434532	0.82412048	0.37782067	0.59743097	0.42500162	0.45213347	0.40282968	0.51691836	0.37431647	0.47865933	0.43982242	0.41276186	0.53548609	0.46588890	0.57462899	0.38883711	0.40968866	0.44226408	0.48884039	0.48568823	0.41223601	0.40756597	0.52280281	0.39877239	0.43880758	0.42801540	0.45663020	0.51572474	0.49284333	0.46348355	0.54885097	0.38499622	0.64187302	0.54760309	0.46559761	0.41718712	0.47690762	0.47335057	0.52707313	0.43917438	0.35952687	0.60944224	0.50488032	0.49846835	0.42253755	0.39871834	0.43196501	0.44956907	0.43346746	0.43318274	0.43058548	0.42002827	0.44160110	0.58030624	0.43818162	0.41726898	0.66969678	0.47759284	0.51519936	0.49692841	0.47431826	0.57683295	0.47933832	0.46990205	0.44205917	0.38398589	0.48139205	0.50452259	0.43758613	0.48168306	0.45060292	0.41993526	0.49820719	0.58811723	0.42339470	0.43186121	0.45442678	0.47815151	0.41164629	0.50161145	0.40100842	0.71589768	0.44104106	0.37474408	0.41412447	0.51088730	0.37906497	0.54116587	0.47749748	0.47513850	0.46253263	0.63156642	0.37525615	0.43965131	0.45363178	0.39698906	0.40183210	0.46315729	0.56081357	0.63224675	0.41843652	0.45421062	0.43401533	0.51089991	0.55491241	0.53275702	0.37801526	0.39783518	0.39539673	0.37436255	0.56672680	0.43499661	0.39240163	0.39427809	0.55211805	0.50549594	0.45090863	0.43848270	0.48796189	0.46817866	0.38324570	0.43691642	0.40112294	0.65851802	0.46708734	0.39539672	0.49216749	0.51767960	0.51053887	0.48133364	0.48016311	0.44952902	0.55844285	0.44444382	0.58497610	0.46463405	0.47041835	0.43023628	0.40156396	0.52901633	0.46565047	0.42772439	0.42919327	0.40390081	0.50411482	0.38241500	0.36874441	0.36943329	0.42333138	0.51087873	0.40234908	0.45782777	0.32967398	0.43752604	0.50450095	0.40870355	0.41580524	0.38881848	0.45561630	0.37732356
02_307	0.58884803	0.56216558	0.63972170	0.45398852	0.83032365	0.55831267	0.52218773	0.48658998	0.75369754	0.56215398	0.47863619	0.48307803	0.51501519	0.52427765	0.72699172	0.73559917	0.51183480	0.62498217	0.70320753	0.46054769	0.47131889	0.71225319	0.51541483	0.49430150	0.76149372	0.72700151	0.68695769	0.46394979	0.51154370	0.56884557	0.46775748	0.47176102	0.59730520	0.59598480	0.53177674	0.40783597	0.49740319	0.73143070	0.58384852	0.79650322	0.42943489	0.50798278	0.60015802	0.48335273	0.46203795	0.44683169	0.49453883	0.41334413	0.52561618	0.44111192	0.60696565	0.55302538	0.47958077	0.42038846	0.52346481	0.46228094	0.61510508	0.40076384	0.67378430	0.74346535	0.44060568	0.52382911	0.50968334	0.66887908	0.40540373	0.41351253	0.50570675	0.56421460	0.44009096	0.46517926	0.58582936	0.52301230	0.63472711	0.42389731	0.42827142	0.52069441	0.50167347	0.43192479	0.62843725	0.61979177	0.69962628	0.42830401	0.46738413	0.57800351	0.48577185	0.65776045	0.58967350	0.55842107	0.59469057	0.42163800	0.38945912	0.43056711	0.68755838	0.45075620	0.54708075	0.47524199	0.44415675	0.51073299	0.43174054	0.42658474	0.37388834	0.45436596	0.69914492	0.43121395	0.42689560	0.59180464	0.53295169	0.50160563	0.48400509	0.50576115	0.57175788	0.51326809	0.41399169	0.42443535	0.62125695	0.58564273	0.39169673	0.77486942	0.62049301	0.52548610	0.52402755	0.46203493	0.47717003	0.42195864	0.52365687	0.45507756	0.42119281	0.61419280	0.43471374	0.39832646	0.41645030	0.52024107	0.56252265	0.44664713	0.47267974	0.54528758	0.38195449	0.46825686	0.41517785	0.43643527	0.38580497	0.75963591	0.39076751	0.52518326	0.43767448	0.46607602	0.41460147	0.48444655	0.39761115	0.48312876	0.48801880	0.42083868	0.54056540	0.48161962	0.61572764	0.41776202	0.42914837	0.46455171	0.50960283	0.52006145	0.39930868	0.40222959	0.58350276	0.42077744	0.42605868	0.46644411	0.47966535	0.49962723	0.52100410	0.51786565	0.49979187	0.37605394	0.75408904	0.52388541	0.47204266	0.43162244	0.44369145	0.44920467	0.49490216	0.41885850	0.37983503	0.57804693	0.53717176	0.53498452	0.43181673	0.42385605	0.44579200	0.48277028	0.43216879	0.46657757	0.45271006	0.41699387	0.42136367	0.53502424	0.47395351	0.40120332	0.60965828	0.45238228	0.50025906	0.45960612	0.45490746	0.54816317	0.51032487	0.44641230	0.46033262	0.37500932	0.44857447	0.54984666	0.42725711	0.53468163	0.45409813	0.41260492	0.51818882	0.63727522	0.44283275	0.41021475	0.46065119	0.47371859	0.41091384	0.48832817	0.40025238	0.69650321	0.44064329	0.37503491	0.41030072	0.53614553	0.40483160	0.59645190	0.46274132	0.53366748	0.47796213	0.72618927	0.36876092	0.45335963	0.47139725	0.42465332	0.40939720	0.43758737	0.50152006	0.56982139	0.42432402	0.47784590	0.41516617	0.55273423	0.49881970	0.51533684	0.36530271	0.41497563	0.39578249	0.40041126	0.61359954	0.43860871	0.40762311	0.42722439	0.59663145	0.52316471	0.45453987	0.42004613	0.53486149	0.45004535	0.37336117	0.42083043	0.40044394	0.63989570	0.43429018	0.39860207	0.49405515	0.50270391	0.47576756	0.49868221	0.50328536	0.42887516	0.59443079	0.44797588	0.63037481	0.48117274	0.49800040	0.41701451	0.42637128	0.49406756	0.50672216	0.43920327	0.44817351	0.43643215	0.53520993	0.36974847	0.38839201	0.36643720	0.42135895	0.47558406	0.41844669	0.42654499	0.33494728	0.45470996	0.46670108	0.43895824	0.43209727	0.39298833	0.43249713	0.36246646
02_230	0.64150505	0.78992022	0.65634869	0.47732601	0.61378473	0.62027199	0.62975152	0.52909744	0.60239573	0.63152031	0.55359002	0.61424605	0.57592218	0.60167546	0.65718696	0.60319521	0.64570311	0.53687907	0.60014708	0.60435172	0.50416853	0.59353809	0.60894522	0.54975109	0.61855606	0.55963812	0.63349416	0.60855596	0.54516764	0.62448671	0.51422108	0.51351890	0.54260766	0.61082688	0.62024803	0.47874952	0.51560465	0.58266156	0.69706545	0.60372036	0.53912182	0.55492096	0.51891287	0.53948792	0.61105908	0.46770372	0.62667970	0.52534481	0.65833811	0.49193595	0.51900288	0.67765394	0.55280074	0.47182327	0.68669378	0.49911135	0.51208125	0.46169308	0.53255328	0.63736043	0.53376074	0.58427260	0.51430879	0.62178030	0.48314547	0.50972119	0.54835895	0.52210760	0.45864480	0.49953911	0.55126884	0.56255040	0.68317201	0.49461304	0.55104252	0.57032811	0.57738426	0.49322762	0.56454228	0.52918285	0.61974836	0.47792727	0.50885994	0.57044093	0.61388743	0.71881709	0.55152130	0.49443218	0.62408933	0.46489507	0.45162427	0.47338319	0.57210519	0.50603993	0.54626925	0.51479044	0.47775248	0.59500318	0.46383149	0.47389996	0.39160124	0.51444138	0.59759930	0.53285698	0.51717870	0.55545960	0.57634352	0.52658991	0.53524260	0.56616220	0.48964197	0.48336119	0.48808101	0.44666753	0.56140511	0.53643955	0.42643728	0.59328020	0.52607145	0.48279635	0.47551788	0.52305679	0.44457406	0.50558042	0.62464318	0.50117382	0.49308318	0.58749587	0.40446153	0.43297285	0.47956179	0.56667905	0.61486241	0.45397060	0.49539308	0.51190378	0.39529401	0.50350157	0.44182057	0.41875487	0.39742962	0.57106833	0.42410106	0.49648795	0.48343425	0.52918023	0.45400727	0.50418672	0.44919418	0.49759017	0.63641038	0.46244317	0.49682064	0.46030643	0.60376588	0.48732236	0.46196060	0.46483778	0.55302208	0.55406307	0.41439375	0.44287848	0.58803067	0.49102974	0.40213962	0.53748722	0.55259575	0.52114344	0.57270472	0.55392442	0.47812638	0.39469597	0.60217738	0.53648783	0.45265737	0.45659962	0.40533671	0.41577391	0.47799040	0.40756938	0.44114393	0.56864570	0.49528022	0.62852319	0.47721299	0.45980638	0.49266402	0.51414814	0.45546969	0.47266251	0.52351575	0.41834083	0.40913707	0.46837452	0.60241112	0.42356959	0.52071693	0.47463192	0.45928942	0.42372360	0.50097296	0.48298669	0.57390835	0.44001354	0.47120915	0.40391069	0.44102655	0.55935028	0.46165954	0.56292397	0.49389787	0.40810588	0.47125884	0.59190219	0.42674610	0.42679724	0.54468637	0.47629928	0.43323033	0.48514780	0.42994337	0.55294586	0.46135834	0.38910478	0.45053431	0.49764671	0.49109659	0.58016419	0.43964835	0.61484195	0.51123113	0.58885434	0.39873553	0.46845153	0.51921912	0.45256558	0.43901105	0.40825010	0.48480317	0.49866232	0.47573639	0.47515833	0.43980541	0.51753721	0.46007299	0.47354106	0.37950990	0.43608287	0.40702206	0.49352665	0.53520746	0.47102652	0.44834511	0.50713416	0.53791171	0.55365136	0.43297435	0.42686225	0.54937784	0.42520511	0.38825333	0.40633844	0.41975694	0.56799861	0.39870663	0.40566255	0.52173395	0.45182142	0.43163158	0.50972489	0.47719356	0.43711575	0.51873122	0.46806420	0.54702049	0.51997757	0.47132982	0.42613512	0.45175492	0.49900946	0.54940937	0.45584652	0.43649709	0.49394226	0.49848580	0.38026378	0.43019867	0.39335345	0.43462088	0.45686907	0.45146300	0.39172826	0.36998025	0.45954343	0.46175024	0.45505782	0.42508520	0.42486009	0.46544425	0.37030712
02_170	0.46046875	0.56284067	0.47504836	0.38748351	0.51006015	0.84788315	0.79298212	0.40715515	0.51299851	0.46423375	0.42301389	0.46878689	0.42652465	0.43950372	0.50738388	0.52512478	0.74909832	0.48068702	0.48830659	0.55868271	0.40009589	0.51008702	0.44469609	0.41447247	0.48911878	0.48301795	0.48155424	0.59066042	0.45433917	0.45171112	0.54582006	0.40654285	0.47040227	0.63656031	0.76637116	0.45908576	0.60606257	0.50213800	0.76544260	0.50030150	0.50226008	0.66372550	0.47089562	0.42181768	0.50309697	0.38271254	0.48723761	0.49423559	0.50530279	0.41852763	0.46301008	0.73469496	0.42129673	0.41400902	0.51479523	0.54708798	0.45963869	0.43278821	0.46529581	0.50918795	0.48463045	0.43813774	0.41519987	0.50945877	0.47273281	0.47082120	0.55499043	0.50763167	0.38628648	0.40646152	0.48492096	0.68914276	0.51778000	0.49141329	0.50099381	0.42687460	0.51437744	0.46945570	0.53417990	0.47234138	0.48397398	0.39542202	0.40105976	0.46245762	0.54816507	0.56097345	0.45775390	0.45443765	0.47430098	0.38646638	0.44089271	0.39379372	0.47703676	0.42844920	0.52142754	0.49604334	0.39406650	0.52459358	0.39094712	0.51150801	0.34687390	0.41236942	0.49043783	0.46276169	0.52332642	0.46940997	0.70696992	0.41336570	0.43483733	0.42192916	0.43402511	0.44572473	0.46592504	0.49337549	0.49369697	0.47098621	0.42743628	0.49550881	0.45865535	0.42019669	0.44332394	0.41878435	0.40036732	0.46878272	0.62062594	0.39848192	0.42442852	0.49400113	0.37881401	0.40375319	0.41939752	0.68674590	0.45177278	0.40167861	0.51490138	0.45916636	0.42119966	0.58510323	0.37463062	0.37634702	0.34607526	0.48602600	0.36536940	0.41655444	0.39400831	0.41637764	0.38282797	0.41114970	0.44073328	0.51282019	0.63366592	0.38753987	0.44420126	0.41864960	0.48272985	0.49297174	0.46316515	0.41860658	0.52206884	0.45481057	0.36140604	0.43287101	0.54575257	0.43510929	0.38406902	0.53426390	0.42912956	0.41695885	0.44532706	0.61918965	0.42360265	0.34864535	0.51008144	0.44073276	0.42108914	0.39199722	0.38015567	0.39280924	0.42916092	0.37681973	0.41396999	0.44219916	0.44708536	0.68698091	0.39415737	0.46924877	0.49239512	0.46229173	0.39274811	0.48167341	0.42078033	0.44070421	0.37714472	0.42134946	0.52301622	0.36680897	0.46957286	0.38495446	0.41511717	0.39847966	0.41351165	0.43763258	0.44530554	0.38945941	0.40234467	0.37024739	0.38179392	0.57300956	0.38778845	0.63750521	0.39546983	0.42400166	0.42578235	0.46585934	0.40266603	0.36390777	0.46214798	0.52298912	0.36501515	0.47716080	0.37043304	0.47279869	0.48404545	0.41330398	0.40665411	0.45617316	0.45550117	0.57076167	0.39918301	0.75838796	0.40470206	0.49903568	0.37246581	0.39088715	0.42199082	0.47000500	0.36974858	0.38926214	0.41566672	0.43502761	0.41724776	0.42029498	0.37791192	0.46997041	0.41908401	0.43392009	0.33859853	0.38900143	0.44386848	0.46787204	0.47069617	0.39451772	0.37930848	0.51147188	0.47629350	0.42664610	0.40532262	0.37611048	0.50979218	0.38312108	0.35962260	0.38044431	0.35676056	0.46659776	0.37608736	0.43145293	0.42995145	0.40952524	0.40247286	0.41591243	0.44492972	0.37873005	0.45446642	0.40657067	0.47906273	0.40852546	0.43632540	0.36446447	0.49724529	0.40666188	0.52538834	0.38924113	0.40177978	0.49426907	0.44917864	0.33520890	0.40346000	0.38252237	0.48249393	0.41511328	0.38793540	0.36903710	0.36258892	0.46862974	0.40853123	0.47957985	0.39958937	0.38176157	0.39599063	0.33120416
02_145	0.63803116	0.69347857	0.59965636	0.51052960	0.48140088	0.47709527	0.49675753	0.60529608	0.46136850	0.59222842	0.59382037	0.70175317	0.66645839	0.66017102	0.51679198	0.46448879	0.52760375	0.42803604	0.49038737	0.62316046	0.54275166	0.45626715	0.73287568	0.64765794	0.51000131	0.45279814	0.54920372	0.57438036	0.50623185	0.65086345	0.45035352	0.54018345	0.44411033	0.48101147	0.49580586	0.47744917	0.42153352	0.45278001	0.53036636	0.48018119	0.55847739	0.44791379	0.41822666	0.58288625	0.71984177	0.49932016	0.68948544	0.54237954	0.64148682	0.51482993	0.42729559	0.51399212	0.60268082	0.47395992	0.66983313	0.42646153	0.42238570	0.48910713	0.44290265	0.49731855	0.58047145	0.59865786	0.51079904	0.48476024	0.46928007	0.54614720	0.48055411	0.42154980	0.45738940	0.49888338	0.44019323	0.43510551	0.57089517	0.46602640	0.60769561	0.64646241	0.53102763	0.49364586	0.43732594	0.42811075	0.51750904	0.48379687	0.55914425	0.49846385	0.64090559	0.58917988	0.47381229	0.40490086	0.54201809	0.47906672	0.43937229	0.47426649	0.47231106	0.53270305	0.46864574	0.45108937	0.48256214	0.53621657	0.45547838	0.41289966	0.38946692	0.59630888	0.48687373	0.55999752	0.47782269	0.46012152	0.46825455	0.56384910	0.50049437	0.67068238	0.42662138	0.40323160	0.46917467	0.38504777	0.44248751	0.44029645	0.40533399	0.47703492	0.44544372	0.43547032	0.39234505	0.52049291	0.40036352	0.53329142	0.49557889	0.55018759	0.50118261	0.46757501	0.36186945	0.41251515	0.49084306	0.46309149	0.61548133	0.41951024	0.41032159	0.42074707	0.35279101	0.41403758	0.44764159	0.39284225	0.40839064	0.46176576	0.43049689	0.46794239	0.50476122	0.54508714	0.47988105	0.49563338	0.42134569	0.42285059	0.57706890	0.46576247	0.42170501	0.40289823	0.50157425	0.45425551	0.40982312	0.40900549	0.45861291	0.48563799	0.41257782	0.43418449	0.45343115	0.48431782	0.35134514	0.50463325	0.66694638	0.52187716	0.54437157	0.43177079	0.41822569	0.39280370	0.47869847	0.48215142	0.38805692	0.44422935	0.36232363	0.36483821	0.41134079	0.36883443	0.47628134	0.54768349	0.41886971	0.51164500	0.48395368	0.42962602	0.44265611	0.44744625	0.43367054	0.41040359	0.54304435	0.37084388	0.37149489	0.41183611	0.66679377	0.41961567	0.42058220	0.51359700	0.40585222	0.36806887	0.51427070	0.41055031	0.54750901	0.40927311	0.45255592	0.40679297	0.42892378	0.43236305	0.45881433	0.46181776	0.54563671	0.36532573	0.41228161	0.52741339	0.37076185	0.43830628	0.59258754	0.41114052	0.45915334	0.40689407	0.42921408	0.45967858	0.41501899	0.34718631	0.46880431	0.40899423	0.53399887	0.47283224	0.40524470	0.48318263	0.55542480	0.46571867	0.39528101	0.48034945	0.49949310	0.41687205	0.46013389	0.35438413	0.45523502	0.43729632	0.46283104	0.42363479	0.46294444	0.41893173	0.39771223	0.40083345	0.37715126	0.41062589	0.35465480	0.49732775	0.45044970	0.48924819	0.45404102	0.46091144	0.43547408	0.58037699	0.37540565	0.40687982	0.46490280	0.39463615	0.37137630	0.36222853	0.44528878	0.48502848	0.35737333	0.35624246	0.48106027	0.40205418	0.37614215	0.50351817	0.39782237	0.43051216	0.44443763	0.43704000	0.44329646	0.57164699	0.39657304	0.43756868	0.38562313	0.50056083	0.45334412	0.46258236	0.38690945	0.43772913	0.42528024	0.39344726	0.41639360	0.37356189	0.37134218	0.39705013	0.44037307	0.35272142	0.36558673	0.38703986	0.41467129	0.38967889	0.37412825	0.41940986	0.49204956	0.37839752
02_263	0.44903620	0.56486025	0.43718051	0.44390577	0.41053754	0.49342493	0.55345812	0.44434616	0.42812385	0.46630744	0.46751580	0.53803751	0.44752218	0.45958097	0.43601017	0.46076925	0.57591052	0.43727339	0.45436372	0.63813963	0.46068635	0.42869473	0.46037558	0.44457043	0.42658592	0.41716722	0.41689564	0.64306944	0.54053603	0.44250021	0.60086254	0.48076231	0.46275874	0.52750066	0.57647474	0.71904654	0.53814586	0.43876711	0.51425915	0.40503883	0.77900580	0.59666182	0.44099348	0.49863201	0.59250459	0.43548708	0.55774870	0.62899624	0.60185408	0.53112560	0.42123646	0.60318603	0.46023450	0.54943453	0.55164987	0.60760034	0.42698521	0.54624241	0.40858848	0.42773001	0.58611539	0.48676260	0.44870194	0.44022111	0.60669907	0.53381102	0.55405364	0.48282610	0.45276373	0.48837696	0.43400650	0.55190774	0.51439343	0.71986952	0.60035092	0.42363340	0.50533477	0.57681838	0.48272199	0.43193870	0.44923274	0.43976838	0.44052709	0.42745861	0.52200948	0.46029622	0.46820907	0.43676145	0.48606960	0.42493285	0.68822365	0.46923087	0.43898283	0.54355077	0.50086556	0.45449758	0.48644420	0.66469037	0.48366741	0.56050219	0.40998728	0.42939880	0.40999645	0.55226970	0.57357833	0.47244711	0.47657077	0.44442270	0.45965876	0.42867869	0.40486497	0.39842970	0.75929243	0.43755177	0.42112537	0.42558912	0.48557657	0.39885018	0.39039449	0.42016875	0.43483748	0.46668059	0.40672782	0.58196479	0.59800215	0.41618712	0.50112103	0.44012453	0.37960584	0.50983664	0.47088211	0.46954573	0.45300236	0.42583931	0.45797904	0.44838465	0.44910970	0.58457078	0.44117256	0.38648523	0.39318359	0.41260229	0.39849034	0.42699497	0.43432566	0.47589051	0.41254330	0.47606836	0.47134550	0.50150814	0.59238910	0.44679026	0.40816128	0.38689993	0.44886449	0.51658426	0.46929790	0.40221845	0.54991309	0.45407290	0.41379767	0.52185491	0.46784856	0.50851228	0.38148591	0.47048386	0.44085758	0.45229131	0.45922706	0.49236285	0.45905979	0.41037036	0.40541548	0.49148567	0.40518804	0.40712043	0.36786545	0.38399502	0.46155668	0.40217017	0.43919526	0.43910704	0.38930900	0.59454558	0.45217901	0.42551812	0.53115949	0.45093915	0.44566959	0.40400266	0.47261512	0.42563012	0.39856828	0.38597857	0.53104589	0.45074896	0.43587763	0.43149074	0.38848364	0.40171282	0.52165643	0.40204470	0.46437220	0.41741168	0.39090414	0.45342445	0.40485360	0.49010552	0.47840593	0.45603257	0.42520186	0.40609465	0.36903297	0.40502247	0.37006028	0.42304389	0.55061902	0.46576130	0.39070815	0.49806868	0.43359126	0.40069784	0.47896619	0.44468181	0.46489101	0.41005672	0.50063157	0.43746726	0.38213283	0.52950016	0.40506770	0.40549451	0.46199018	0.38195388	0.46138311	0.40761794	0.39643685	0.39319110	0.43880703	0.40393271	0.51488808	0.39648417	0.43551287	0.41190684	0.43253429	0.41646576	0.39856945	0.39852179	0.46062791	0.58786339	0.38734714	0.42333230	0.41804524	0.54578994	0.41005946	0.41759744	0.38762825	0.42480708	0.43573620	0.37127771	0.42121295	0.39669829	0.37763875	0.42459453	0.36605285	0.42787465	0.46954423	0.37034893	0.38791736	0.39899290	0.40358973	0.41842681	0.37752101	0.43885695	0.40356572	0.40772965	0.38977878	0.38792198	0.45535020	0.43316143	0.48477903	0.38256410	0.37262180	0.48909316	0.38969789	0.36754523	0.42533699	0.46326681	0.50243696	0.44715499	0.41349103	0.35854659	0.43557948	0.44097779	0.46640771	0.41917570	0.37787470	0.43215243	0.46948460	0.36378286
02_315	0.64524943	0.57359492	0.64691381	0.59583039	0.60379461	0.47571433	0.46953727	0.61584772	0.59657418	0.59005212	0.53009808	0.52728977	0.60800424	0.58844157	0.61328395	0.68328952	0.47332116	0.59297773	0.82305197	0.47537454	0.62792350	0.57862588	0.56949881	0.59514233	0.71752862	0.66793393	0.62611337	0.46134699	0.66830738	0.62317038	0.49651216	0.60771806	0.64828255	0.58057632	0.49958832	0.46189875	0.48744965	0.64972606	0.51016410	0.59634524	0.46981606	0.49771261	0.60280682	0.62725800	0.49078850	0.57569731	0.54466583	0.42506316	0.60661188	0.55164683	0.59520745	0.51364428	0.52935244	0.49527590	0.54483242	0.48497772	0.66355416	0.45631706	0.67319640	0.59821143	0.49373132	0.64502351	0.68555391	0.57103107	0.42304512	0.42597409	0.54372587	0.58225237	0.54177234	0.58426877	0.52295555	0.47775434	0.73293759	0.46283503	0.44566051	0.57241848	0.50461888	0.49213323	0.60810870	0.60429945	0.78155218	0.45453290	0.55441760	0.55615525	0.48857336	0.59076685	0.74550851	0.57212443	0.66851372	0.45054398	0.43076024	0.48861733	0.76493071	0.57518835	0.60482255	0.44706671	0.56046756	0.59638995	0.51704486	0.42581910	0.42487907	0.49353440	0.57853779	0.45212686	0.41995857	0.65870839	0.47092976	0.65482232	0.49809500	0.56369464	0.64248905	0.46276298	0.45906606	0.39502687	0.52421896	0.54214006	0.41660516	0.58619877	0.55463621	0.62563779	0.53743047	0.49704411	0.53681092	0.46249864	0.49890502	0.49188071	0.44664569	0.54556988	0.46255400	0.44443251	0.43671222	0.45541817	0.62271403	0.47631412	0.43156251	0.54410008	0.39084892	0.46179274	0.48515269	0.48537816	0.45326951	0.66593963	0.40964861	0.69329286	0.47758152	0.52317330	0.44513284	0.63607053	0.39463824	0.48747250	0.47336470	0.46217693	0.51752740	0.45637062	0.59085920	0.41155415	0.42207103	0.44436771	0.51420031	0.51356828	0.45802411	0.45069574	0.50929534	0.43910086	0.42981268	0.44642036	0.52376506	0.61159722	0.54822611	0.45327979	0.58858171	0.42548469	0.57223972	0.63705829	0.45772242	0.44558333	0.46348254	0.46145838	0.55239279	0.45286013	0.39028304	0.73995261	0.47921703	0.52356248	0.47633768	0.40797621	0.45800478	0.46277421	0.47635510	0.42260847	0.48686211	0.41996222	0.45474005	0.54952062	0.48916100	0.47610918	0.61231729	0.58038462	0.50274863	0.48823199	0.58656035	0.54322356	0.53347641	0.50256063	0.46122809	0.42886928	0.52952830	0.49038508	0.50842833	0.46867947	0.51940122	0.41799133	0.47099525	0.58903067	0.41024534	0.49771212	0.53613630	0.47575620	0.45660448	0.51092956	0.44651767	0.62298761	0.45581649	0.38226280	0.46636108	0.48614312	0.41705196	0.51675370	0.48067603	0.47656696	0.51495884	0.56485448	0.41494745	0.46923354	0.50393102	0.39944955	0.44198620	0.45389106	0.64110281	0.61253886	0.46988456	0.45656846	0.50345351	0.48510341	0.56222207	0.51728683	0.41617601	0.41513557	0.39842919	0.41211700	0.52182307	0.48563332	0.42937884	0.41749167	0.51714195	0.56624708	0.44061030	0.48011632	0.48403904	0.47176716	0.41346546	0.44235530	0.44072823	0.65595187	0.45525588	0.39539927	0.54875641	0.49367971	0.49225400	0.51244530	0.46095454	0.50025996	0.51521593	0.47844899	0.53706989	0.51980695	0.45005554	0.47488378	0.39997257	0.62980951	0.47276684	0.45439992	0.42171585	0.41870052	0.48108190	0.41897257	0.38966307	0.39728184	0.42742005	0.53158905	0.43211600	0.44584485	0.35454401	0.43175797	0.55586408	0.40176580	0.40980517	0.42319387	0.54689377	0.41053812
02_242	0.67308185	0.58331620	0.63175588	0.67366887	0.53018411	0.43672427	0.44535279	0.70470603	0.53704428	0.63338161	0.60553271	0.58337491	0.68477883	0.66265541	0.57228625	0.58183201	0.45315856	0.53974687	0.66102180	0.48046653	0.74618897	0.52820344	0.62621994	0.68038371	0.60826252	0.56066734	0.57675251	0.46419856	0.70755873	0.65491319	0.46919819	0.74804724	0.59837620	0.50896869	0.46342267	0.47650931	0.44442175	0.56717530	0.47131845	0.52725441	0.48745777	0.45943133	0.54359134	0.76790023	0.51878422	0.63947002	0.58895342	0.44334255	0.65963981	0.60086571	0.53569404	0.48892124	0.60390388	0.53999710	0.57800794	0.45698590	0.56125899	0.46440849	0.55477099	0.55131484	0.49839532	0.78827922	0.71944803	0.54082939	0.43625178	0.44064376	0.49760766	0.52067363	0.59846913	0.68736304	0.50380201	0.44597060	0.69943139	0.46868765	0.46242974	0.60682974	0.50045772	0.48712797	0.53816493	0.54472884	0.67358498	0.50161573	0.62488589	0.54852948	0.48019272	0.54139516	0.68802177	0.52664814	0.70418132	0.49398457	0.44773663	0.55222355	0.62808730	0.61823532	0.53194905	0.43889956	0.65565793	0.59706236	0.58690725	0.41891038	0.45871945	0.52544802	0.53035699	0.48253531	0.42569650	0.62695705	0.42877709	0.71093760	0.53709282	0.61210301	0.54788995	0.44833009	0.47880949	0.37953749	0.49617622	0.51541300	0.41393580	0.51734003	0.50098508	0.57478129	0.50398978	0.55372981	0.51195659	0.47436825	0.48877389	0.53474689	0.48446742	0.52703570	0.44383181	0.46498694	0.46445220	0.42021744	0.66961571	0.49001023	0.41846374	0.52617151	0.37918070	0.43624258	0.53819856	0.47620515	0.48187855	0.55730740	0.44190968	0.63732372	0.52895984	0.60106200	0.47743721	0.72497914	0.40230806	0.45954195	0.46495112	0.51342590	0.49339239	0.44597547	0.58016447	0.41383984	0.41872965	0.44730638	0.50861366	0.53437630	0.49068933	0.44710951	0.48680722	0.46834406	0.41924877	0.43102497	0.55678325	0.66779384	0.59184280	0.43155994	0.57754264	0.46003561	0.50966086	0.68010148	0.44943917	0.46896141	0.43722563	0.44090882	0.54559018	0.45379988	0.39878547	0.70473890	0.45749032	0.48701322	0.53276927	0.39423524	0.45180999	0.46849421	0.51389383	0.40122978	0.54184303	0.39601658	0.45443826	0.49615420	0.49025740	0.52775097	0.54662599	0.64218089	0.47600527	0.46586220	0.67530115	0.50003609	0.57899790	0.50998582	0.47018687	0.45021435	0.53243932	0.46459914	0.57928768	0.42876521	0.56772118	0.39226823	0.44445972	0.54966486	0.40331568	0.54236795	0.55893928	0.42843383	0.48646265	0.48732465	0.49046266	0.53580572	0.42824378	0.37348332	0.47655534	0.46779270	0.42890023	0.46513629	0.45952419	0.44593837	0.54184701	0.51079220	0.43372647	0.47994446	0.55294507	0.38243097	0.47511573	0.43865982	0.60994562	0.54458006	0.50885041	0.45688981	0.53308328	0.46670538	0.53210846	0.49301523	0.44629421	0.43105960	0.38305731	0.43064185	0.47734009	0.51571006	0.46834337	0.42242157	0.48867298	0.58435197	0.43173516	0.50469351	0.46256158	0.45562029	0.43092574	0.43954340	0.46537893	0.58782176	0.43020003	0.38052975	0.58858593	0.45921890	0.46278572	0.51820527	0.44676247	0.52152680	0.47131650	0.50201322	0.49508338	0.54403288	0.43662346	0.49375759	0.38651173	0.64726000	0.46290186	0.46210515	0.41686080	0.41874192	0.45754252	0.43728546	0.40127936	0.40696647	0.40507552	0.52343429	0.46083134	0.42244656	0.36656951	0.41749230	0.56738874	0.38748078	0.40651984	0.44594825	0.57950607	0.42430427
02_268	0.76556212	0.69549787	0.75862168	0.54234523	0.63450428	0.50902846	0.51646584	0.60636840	0.64015550	0.74039628	0.62499488	0.62615051	0.66636727	0.70220839	0.72018823	0.64625072	0.52217658	0.58360299	0.69016340	0.52137004	0.58152039	0.62774549	0.67109774	0.63135707	0.68866038	0.60674159	0.68506503	0.51761461	0.60786236	0.72490529	0.47792262	0.59973089	0.60861593	0.55169488	0.51910001	0.46108135	0.47039901	0.63712488	0.55541446	0.62828311	0.49688955	0.49388096	0.56512880	0.62041487	0.55974179	0.52773214	0.62520850	0.47616309	0.68375218	0.52332415	0.56324784	0.56669738	0.62508020	0.49691783	0.66620038	0.46622617	0.55916004	0.44550189	0.57469248	0.68334601	0.49614148	0.71155461	0.59265790	0.66065177	0.45410922	0.46902619	0.50708630	0.53398742	0.51671236	0.57737002	0.58173437	0.50003989	0.77518778	0.46916926	0.49441194	0.63457878	0.54694271	0.47091096	0.57867466	0.57714364	0.73391417	0.51745691	0.57599318	0.62233106	0.52899746	0.64737390	0.64168640	0.53711737	0.77042168	0.50248024	0.43858678	0.52650147	0.64695084	0.53336607	0.53243148	0.48872119	0.54470154	0.58772033	0.52147108	0.44321314	0.42478098	0.53665172	0.63075791	0.51305010	0.46714505	0.63455698	0.48500245	0.60130888	0.58437030	0.63046498	0.53046398	0.50083074	0.47328021	0.41402247	0.58464007	0.57423264	0.41319511	0.61181558	0.55196954	0.53352093	0.51154873	0.57656044	0.48393848	0.47676933	0.55861327	0.54578801	0.50314848	0.62495796	0.43111459	0.44623249	0.48283115	0.47934295	0.72879948	0.48898992	0.46853208	0.55628839	0.38381531	0.46284653	0.48981878	0.45117166	0.43274252	0.61301449	0.45027193	0.55643371	0.52985611	0.59808158	0.48029351	0.58391705	0.42998579	0.47913217	0.52541399	0.50649823	0.52921198	0.48086776	0.67436749	0.44840709	0.44629925	0.48654037	0.54851730	0.60139841	0.45266830	0.43083890	0.57294265	0.49125919	0.42381004	0.47570227	0.57595846	0.59901040	0.64842728	0.49908691	0.53335460	0.42811107	0.60633100	0.62251436	0.47611689	0.48595602	0.42912590	0.43984408	0.52567002	0.43811109	0.41575533	0.65654268	0.51266569	0.53576964	0.52603491	0.42429342	0.47034788	0.52087348	0.49968117	0.44418532	0.56355925	0.40449376	0.43926421	0.49946392	0.53116076	0.46893195	0.56681245	0.53456268	0.48787508	0.45445573	0.55689631	0.51661114	0.63782732	0.48100751	0.49801172	0.41913854	0.48369453	0.53035125	0.51762496	0.48579367	0.54278736	0.39732960	0.48559987	0.62979655	0.43828748	0.47250472	0.53895238	0.44161444	0.46735849	0.49327253	0.46828431	0.58565377	0.43560218	0.37886434	0.45403765	0.52034396	0.45293359	0.52863145	0.45997516	0.51263967	0.55394466	0.60713984	0.40940454	0.49632269	0.57437433	0.41558853	0.47111410	0.43391437	0.53511190	0.54062505	0.49903515	0.49750787	0.47168491	0.53358258	0.50448062	0.50749314	0.41045307	0.45426498	0.39194500	0.45711049	0.54165167	0.50370225	0.47919055	0.46327455	0.56009425	0.60718600	0.45336149	0.46725795	0.52460124	0.45083593	0.40884091	0.43357293	0.44889411	0.62314322	0.42054494	0.39268819	0.58426159	0.47349518	0.45903898	0.54479414	0.49196340	0.47630435	0.52721303	0.50342754	0.56561972	0.55658488	0.48414937	0.46049365	0.41995968	0.56075958	0.52184674	0.47392192	0.45008597	0.46036578	0.50860574	0.40525930	0.42253853	0.39580650	0.41396238	0.49903213	0.47774877	0.41282586	0.36438734	0.44858145	0.51408431	0.42685999	0.43586154	0.44018784	0.49720060	0.39248152
02_312	0.67013797	0.60138072	0.69552067	0.51151744	0.68830701	0.49670294	0.49306628	0.54964804	0.73747751	0.67000159	0.56371735	0.54434023	0.58548761	0.61117170	0.76744106	0.73688161	0.49018517	0.65986701	0.77910591	0.46867947	0.54324699	0.71708790	0.57681593	0.55910531	0.73523047	0.67400918	0.67192144	0.47173813	0.59042004	0.63687651	0.46333735	0.55707378	0.68729108	0.54942338	0.49761777	0.43160960	0.47089442	0.75915509	0.52869706	0.67573562	0.45262797	0.48851808	0.64082323	0.56275095	0.49086305	0.49854258	0.54178477	0.43390420	0.59705096	0.48675084	0.61298808	0.54283004	0.55785124	0.46835070	0.58134339	0.46078021	0.62773037	0.41296604	0.62983808	0.73731589	0.45127124	0.63731477	0.57097466	0.71622742	0.42342460	0.42467795	0.49070036	0.56798207	0.50013563	0.55175205	0.63134524	0.50379655	0.71577766	0.44319730	0.44300184	0.56456218	0.50594718	0.44076832	0.63890552	0.64268450	0.77775172	0.48675910	0.52471708	0.61161058	0.47538311	0.60275013	0.68604308	0.59912130	0.75172498	0.47086353	0.41605109	0.50108857	0.71750651	0.49623804	0.52964785	0.47075013	0.52511531	0.55059757	0.50889489	0.43198580	0.41488512	0.48133290	0.65414830	0.46310605	0.43686013	0.70180224	0.47166375	0.55751313	0.55953231	0.55802126	0.56298202	0.52396510	0.44763281	0.40781669	0.63579440	0.60743675	0.39676611	0.65329528	0.57323960	0.54953062	0.56815150	0.54229390	0.49937739	0.43513549	0.53988429	0.49723983	0.46493798	0.67326796	0.44701447	0.43272844	0.44626156	0.46381414	0.64318918	0.48506358	0.46792474	0.60648680	0.38216921	0.46259792	0.46949640	0.45373964	0.41837120	0.68044207	0.42854751	0.56144292	0.49197137	0.55163166	0.44685462	0.56575429	0.40965972	0.47581343	0.48012896	0.48069760	0.55109499	0.48957970	0.68525847	0.42184730	0.43547810	0.49174973	0.54414056	0.59689900	0.44016574	0.40999736	0.59926211	0.45754044	0.44295643	0.44289508	0.50863147	0.56436659	0.60181442	0.50216366	0.56616128	0.41749038	0.63557348	0.63521617	0.49496073	0.46661389	0.44491966	0.45856339	0.56277073	0.44961920	0.38225133	0.63081455	0.52864820	0.51134059	0.49550216	0.40412164	0.45180861	0.51251405	0.48961950	0.43655011	0.51556011	0.40290393	0.44939158	0.51921134	0.47398853	0.45876039	0.64394958	0.50225463	0.50053618	0.48143406	0.52574108	0.54629199	0.59757284	0.48325585	0.47989892	0.40161471	0.47710642	0.54891475	0.50161367	0.47261997	0.49639831	0.39647900	0.49435579	0.61612842	0.45008190	0.45512818	0.48640637	0.43980902	0.44038744	0.50879595	0.45105153	0.62553510	0.42488346	0.37789833	0.42476799	0.55304526	0.41134582	0.52041459	0.46000137	0.49510016	0.50793438	0.65749474	0.39395474	0.46831522	0.54651837	0.39862749	0.44318598	0.45893454	0.53697624	0.56393677	0.47425168	0.49740160	0.44673326	0.57211401	0.53958995	0.53874301	0.40261714	0.44375712	0.39366614	0.42320904	0.55493156	0.47122364	0.45465518	0.43831744	0.59735044	0.55896250	0.47026510	0.46462654	0.51308721	0.45355849	0.40390403	0.44819648	0.42473423	0.65296442	0.43539633	0.39322379	0.57807113	0.48561255	0.48330450	0.51725344	0.51679643	0.46496511	0.54290946	0.49534419	0.60809416	0.51306852	0.50645796	0.44297716	0.41650821	0.54360320	0.51992295	0.45035809	0.45630414	0.44394474	0.52079785	0.39134951	0.40313355	0.38714658	0.41891011	0.53298371	0.46055718	0.42740698	0.34983041	0.45639848	0.53651614	0.42418316	0.44418822	0.42238118	0.47060987	0.38159669
02_255	0.88169510	0.68666255	0.80417911	0.52879701	0.58860309	0.47753759	0.48621971	0.63086347	0.57120762	0.78160889	0.67610456	0.66541021	0.74992889	0.82509170	0.66928505	0.55086229	0.49788443	0.51022228	0.59042711	0.51589331	0.57011583	0.56323702	0.80154804	0.68977677	0.62520570	0.53772409	0.68554442	0.50752857	0.54311351	0.85254534	0.43531289	0.58258180	0.52626673	0.49204254	0.47882081	0.43542232	0.42361393	0.55171281	0.52439526	0.58853309	0.48117959	0.44548431	0.49160097	0.60675820	0.57595683	0.51536625	0.63396739	0.47548627	0.64501654	0.49721017	0.50004134	0.51938409	0.68402779	0.47017873	0.68103594	0.42120101	0.48889491	0.43002542	0.51428287	0.63151135	0.48462316	0.70852470	0.55729894	0.60702171	0.43743103	0.47262245	0.46294048	0.46509345	0.48908876	0.54564069	0.53258657	0.45187698	0.66258528	0.43767546	0.49944550	0.72346880	0.52575674	0.44524456	0.49876778	0.50613470	0.63858228	0.52878780	0.59117099	0.59875760	0.53223519	0.63097299	0.55591117	0.47094756	0.68430110	0.51409439	0.41397620	0.51523849	0.56263236	0.50622031	0.47795809	0.46834540	0.51771459	0.52934793	0.49407329	0.41093086	0.40891699	0.57269535	0.59674562	0.51727351	0.45315104	0.54871289	0.45705894	0.59550352	0.58277649	0.73710172	0.47891724	0.46931072	0.44520967	0.39021170	0.53895090	0.52301803	0.38999649	0.57872774	0.51792461	0.48418892	0.45275804	0.58942907	0.44199222	0.46413768	0.51439475	0.58369706	0.50307884	0.57716496	0.39685709	0.41790620	0.48401134	0.45432229	0.78080631	0.46142734	0.43776699	0.49532536	0.35516356	0.41845511	0.47452172	0.42333543	0.42017560	0.55108035	0.45668541	0.51301008	0.54399322	0.61221728	0.49101652	0.54344534	0.41741734	0.43474112	0.51297152	0.50377386	0.48822340	0.45687471	0.62253374	0.43415673	0.42052784	0.46627299	0.49450075	0.58254811	0.43541495	0.40566413	0.52448808	0.48496650	0.39089583	0.46700626	0.62957108	0.57626649	0.65266991	0.46127768	0.47340561	0.41318812	0.57232723	0.55846824	0.44120182	0.48409687	0.39700610	0.40389408	0.46846086	0.40474405	0.42114976	0.62657646	0.48587898	0.49264712	0.52646215	0.41231747	0.43851622	0.49816706	0.47721760	0.42511828	0.58281589	0.37451952	0.40704712	0.46072063	0.53951184	0.44578068	0.49492059	0.52829135	0.45459211	0.41090979	0.52679054	0.46981283	0.65587655	0.44795275	0.49855659	0.40041126	0.45790872	0.47951143	0.49535107	0.45922444	0.56262678	0.36924723	0.46680240	0.63266110	0.41834977	0.45595897	0.52593041	0.40558165	0.47340214	0.43909129	0.45739590	0.54016932	0.40402144	0.35135685	0.43975979	0.48042940	0.45882180	0.49523501	0.43576132	0.47940333	0.59198984	0.56954061	0.38971821	0.51087318	0.57061420	0.40407115	0.48114713	0.39510385	0.49097187	0.49493027	0.47785859	0.48210908	0.45781884	0.49824766	0.44869789	0.45948037	0.39469888	0.44763769	0.36039757	0.45433806	0.51960916	0.50492331	0.48839833	0.44840786	0.52124852	0.64975192	0.42371311	0.43988273	0.50149473	0.42870546	0.38656903	0.40005076	0.45624771	0.57393545	0.38941618	0.36445981	0.55288992	0.44730414	0.42003717	0.55748509	0.45920311	0.45492148	0.51135096	0.48183112	0.52952654	0.60363744	0.45868657	0.45488721	0.39428187	0.53909647	0.49096120	0.48251398	0.43461805	0.44325809	0.48671560	0.39946786	0.41801089	0.37369936	0.37699401	0.44792371	0.47985442	0.38421950	0.35309987	0.41572821	0.46235279	0.40585592	0.41722312	0.42926454	0.47907473	0.38369147
02_93	0.52206856	0.60286123	0.53245695	0.47226169	0.54602613	0.63530582	0.61677087	0.48612704	0.53864876	0.50255147	0.45876731	0.50496464	0.49214783	0.49023832	0.53744795	0.60886122	0.62354518	0.52799441	0.59441746	0.57503094	0.48669444	0.52792486	0.49504570	0.48216896	0.57090216	0.56216133	0.53362761	0.56046962	0.56416668	0.51080726	0.64292671	0.48305969	0.54209206	0.84974109	0.72671929	0.52326556	0.66132788	0.55973912	0.67355622	0.53528525	0.54613735	0.70172748	0.53120785	0.50783425	0.53025627	0.46392872	0.53990475	0.48229013	0.58526841	0.51027241	0.52366234	0.66119148	0.45807749	0.47539010	0.54239394	0.62274480	0.55189348	0.50676537	0.55707115	0.53371560	0.56968803	0.50893099	0.51450752	0.52109992	0.47878371	0.47602439	0.72529424	0.59576583	0.45454320	0.47714571	0.48763319	0.60904216	0.62651858	0.54194931	0.50990933	0.48161106	0.54646970	0.57101755	0.60585460	0.53101892	0.57698672	0.41360105	0.46281674	0.49478884	0.57859065	0.61577291	0.55759705	0.50993244	0.53848076	0.40907988	0.47813536	0.43143829	0.57846043	0.53389695	0.69850484	0.48334528	0.46285791	0.65415118	0.44436590	0.50189314	0.38459761	0.45555942	0.52033210	0.47393257	0.48758069	0.54205416	0.64051191	0.50580128	0.45126067	0.47486183	0.53213806	0.44296694	0.50691267	0.45878572	0.49247860	0.49703144	0.46476161	0.52911548	0.50283759	0.51297309	0.48849416	0.44305832	0.46957879	0.52309015	0.58288275	0.43479499	0.43936501	0.50105793	0.42575735	0.44496106	0.43605248	0.59606609	0.51104433	0.43690897	0.47636262	0.49326859	0.43963554	0.58777016	0.42406758	0.43362504	0.39950107	0.56247803	0.38018484	0.52419142	0.42589581	0.45433806	0.41192592	0.49869252	0.42778515	0.55996273	0.59836961	0.41553820	0.47607531	0.43152650	0.51916762	0.47156057	0.45988497	0.42148982	0.54356806	0.46746266	0.40760821	0.50535211	0.52222114	0.44470482	0.40782419	0.53131696	0.47956806	0.49414933	0.47856813	0.52738504	0.49820569	0.38536463	0.53780399	0.51529781	0.43452096	0.41209827	0.42829149	0.43206377	0.48647776	0.41623372	0.42522285	0.54275274	0.45422636	0.76076777	0.42502188	0.46821470	0.52056307	0.45879640	0.42799910	0.46683040	0.44640903	0.47413401	0.41792488	0.48778100	0.56228094	0.41737948	0.53496143	0.46683705	0.45998358	0.44742565	0.49997886	0.49089271	0.47202253	0.44495092	0.42511533	0.41929544	0.45329600	0.53964238	0.43915406	0.59940937	0.45012790	0.46396994	0.44515617	0.51410808	0.39827011	0.42687767	0.55397204	0.61016865	0.40745039	0.53122058	0.40367876	0.54153558	0.54833269	0.42598310	0.47293154	0.46124306	0.46571439	0.59340402	0.44960798	0.63262313	0.45035090	0.51959965	0.41529833	0.42466095	0.44970678	0.45936654	0.40074116	0.42493497	0.52125039	0.51905263	0.45302239	0.42997787	0.45189168	0.46334736	0.48970387	0.47500641	0.37764769	0.39618049	0.45704822	0.45857598	0.49612711	0.44157339	0.39567947	0.47773544	0.48566853	0.48249245	0.41974439	0.42681029	0.51134814	0.43091871	0.39552763	0.41204067	0.39698086	0.54448778	0.42425625	0.44222121	0.47687941	0.45519721	0.45272873	0.45712443	0.44579426	0.44092284	0.48297987	0.43986275	0.49956995	0.45579701	0.43380350	0.41911304	0.46395573	0.49769097	0.50701666	0.42333788	0.40535885	0.46661685	0.46233948	0.38103274	0.40383933	0.41318175	0.50788529	0.47147881	0.40265315	0.41513771	0.37653878	0.46352445	0.47533011	0.44917778	0.39971210	0.41066147	0.48803126	0.37745624
02_141	0.56777262	0.54094500	0.60387535	0.46578105	0.73218866	0.52430229	0.50092374	0.48492916	0.76969686	0.55510802	0.47745472	0.47467138	0.50428719	0.51399517	0.69161277	0.84625672	0.48908054	0.69771876	0.76860605	0.44570241	0.48277430	0.73013262	0.49776927	0.48717955	0.73075520	0.76877507	0.62837838	0.44993327	0.54196207	0.54649991	0.47599595	0.48708863	0.67215937	0.59328962	0.51596630	0.41481276	0.50638086	0.83975574	0.54324721	0.71146045	0.42726386	0.51336293	0.68231137	0.49368944	0.44859133	0.45778447	0.48618357	0.40627919	0.52812790	0.45303645	0.65648216	0.54223941	0.47649800	0.43518866	0.51117253	0.47668752	0.69423921	0.40080702	0.70714855	0.70481519	0.43302910	0.53245086	0.52672003	0.66421519	0.40639700	0.40314185	0.50699411	0.61762995	0.46087795	0.48759461	0.60718551	0.52845131	0.64522548	0.43183713	0.41657076	0.49983984	0.49139011	0.43363964	0.70035959	0.68832523	0.72060188	0.43253055	0.46869848	0.57216946	0.45946735	0.59434330	0.64826683	0.62795927	0.61674411	0.42423440	0.39912478	0.44496422	0.75069767	0.46120501	0.55883093	0.46820653	0.46611344	0.52519046	0.45480067	0.43448399	0.38948425	0.44119413	0.65669248	0.42625394	0.42167562	0.65695198	0.50198960	0.50442608	0.49009478	0.48770260	0.60359344	0.52496574	0.42408712	0.42243521	0.63053674	0.60833101	0.39735763	0.68822147	0.60686315	0.55664822	0.58327623	0.46749226	0.50774730	0.41808206	0.52431219	0.44753897	0.42325857	0.62412095	0.46078450	0.41490874	0.41518108	0.49055672	0.55180292	0.46397088	0.47544725	0.59483071	0.39433068	0.48190296	0.43046861	0.45399432	0.39749765	0.76628653	0.39394437	0.54746031	0.44045309	0.47310057	0.41302394	0.50999353	0.39746563	0.49649412	0.46736610	0.43060926	0.56013104	0.48915452	0.62415894	0.41277448	0.43461445	0.47387021	0.53004500	0.52858321	0.41437293	0.40808102	0.59064709	0.42316328	0.45232659	0.44460933	0.46189403	0.51204795	0.52217841	0.51486061	0.55070661	0.39121698	0.67575804	0.56233283	0.49434730	0.43504845	0.46566873	0.47583471	0.54385171	0.44575119	0.36943190	0.57917247	0.53640568	0.52391501	0.44084842	0.41133711	0.45177866	0.48799440	0.45070093	0.45425317	0.45383148	0.42499615	0.44680362	0.55109524	0.45200407	0.42238872	0.69244487	0.46038105	0.51521387	0.49826086	0.47326286	0.57800661	0.51089902	0.47029933	0.45645403	0.38625965	0.46462268	0.56432561	0.44808261	0.50417669	0.45143560	0.41983311	0.51019408	0.59299829	0.45096903	0.42541431	0.45805828	0.47450664	0.41195115	0.52418907	0.41370162	0.68052322	0.44389808	0.38795756	0.41214616	0.55735639	0.39344246	0.55962700	0.46987201	0.51288677	0.46502081	0.68301313	0.38065196	0.44306257	0.48075933	0.40960650	0.41012420	0.47220648	0.52710664	0.59160310	0.43772657	0.48153515	0.42397301	0.56580600	0.55007914	0.55294598	0.38116501	0.41998184	0.41014736	0.39695896	0.58250695	0.43989598	0.41169063	0.42401184	0.60436499	0.50641485	0.47417665	0.44237145	0.52005690	0.45990199	0.39063386	0.44757159	0.40037969	0.64758212	0.45599710	0.40959024	0.51526123	0.50821780	0.50670572	0.48728900	0.52013714	0.44455204	0.56501397	0.46371625	0.62568582	0.46611129	0.50774661	0.42272734	0.42894665	0.50589242	0.50892530	0.43157548	0.45304529	0.43471068	0.53060121	0.37646664	0.38794420	0.37967349	0.43862553	0.52127633	0.42335445	0.44677972	0.34054205	0.46826826	0.50834046	0.43654501	0.44134266	0.40113735	0.44236719	0.37045596
02_241	0.74837440	0.59117428	0.67006069	0.58290070	0.50248226	0.42232460	0.42984309	0.75121969	0.47964819	0.63819745	0.63912399	0.62647318	0.91534937	0.77842448	0.54291126	0.48067934	0.44456107	0.44784881	0.52884725	0.49062269	0.62906840	0.47230857	0.82388596	0.85853234	0.55301110	0.48255014	0.59420140	0.46598294	0.52651599	0.78046480	0.41252406	0.61246439	0.46954395	0.44918859	0.43371194	0.42978137	0.39033645	0.47606620	0.46260389	0.50456575	0.46840071	0.40656698	0.43827458	0.64981072	0.55454511	0.56604111	0.60791523	0.44917176	0.59838601	0.51813267	0.45140334	0.45381358	0.65830053	0.46825780	0.59333929	0.39442034	0.44906911	0.44170799	0.47441406	0.51985049	0.49257205	0.69047961	0.58065413	0.49885132	0.41584433	0.45940651	0.44226435	0.42333584	0.49788042	0.54678006	0.45109451	0.39919587	0.58670651	0.41997213	0.48394390	0.78962790	0.48904918	0.44774930	0.44045400	0.45100307	0.56725779	0.49955161	0.63888937	0.52681785	0.51233250	0.55705446	0.51463566	0.42400577	0.58778880	0.49860594	0.40166409	0.49918231	0.51100361	0.53014284	0.45549462	0.42465565	0.52491880	0.50146410	0.48460183	0.37891281	0.40861479	0.60683885	0.51190477	0.49222403	0.41598518	0.48922675	0.41601825	0.66186402	0.51589844	0.86222425	0.45888808	0.41206976	0.42669731	0.35764966	0.45406180	0.45802747	0.38017940	0.50029100	0.47093138	0.47182107	0.40818472	0.54094649	0.42718748	0.46412532	0.44829417	0.59835205	0.47705770	0.48076840	0.37999658	0.40480113	0.46681622	0.41134792	0.71260555	0.43646250	0.38852160	0.43758650	0.33667721	0.38192183	0.47922148	0.41837430	0.43886881	0.49281572	0.44256888	0.51917662	0.53594207	0.58264945	0.49350963	0.55123973	0.38917355	0.40349296	0.46993755	0.48580334	0.44111723	0.41593623	0.52962807	0.40405258	0.38804101	0.41841474	0.44071180	0.50060964	0.43815919	0.40548040	0.44300713	0.45573905	0.36340159	0.44128284	0.68094429	0.58697743	0.57895776	0.39981690	0.44462252	0.41228379	0.49417155	0.51930105	0.39865992	0.46041647	0.38128594	0.38022685	0.43130865	0.38549569	0.42165499	0.63121468	0.43154340	0.45070001	0.50844662	0.39289221	0.41209515	0.44125836	0.45486457	0.39042292	0.55143780	0.35656588	0.38908486	0.43884462	0.52835840	0.44580026	0.44292467	0.59002304	0.42773593	0.38575795	0.54256367	0.43359926	0.57416628	0.43566328	0.47346401	0.40508386	0.46643085	0.41464873	0.48900071	0.41805294	0.60544305	0.35471170	0.42900927	0.57065520	0.37760899	0.47728209	0.54271774	0.38588045	0.49439077	0.40364668	0.44944679	0.49106035	0.38893528	0.33204985	0.45357774	0.42049174	0.45322170	0.44857532	0.42378187	0.42655330	0.61948261	0.48535204	0.38923745	0.51198079	0.52367336	0.38245234	0.48718164	0.36874136	0.49398897	0.47217091	0.45827129	0.43709033	0.48836043	0.42764502	0.42124339	0.41944460	0.39686369	0.41711996	0.33787949	0.42933317	0.46662580	0.51504320	0.46855827	0.40974807	0.45041565	0.66226162	0.38734600	0.43231753	0.44983647	0.41888808	0.37858573	0.37615287	0.47824086	0.52521851	0.37518596	0.34224595	0.51127316	0.42530576	0.39613626	0.54468300	0.40602717	0.46186139	0.46473972	0.45459747	0.46124184	0.63576074	0.40582942	0.47543067	0.35976462	0.56550343	0.43134091	0.48384910	0.39698250	0.40271365	0.43767651	0.41853528	0.39712968	0.36339548	0.35167118	0.41684199	0.45306030	0.37129713	0.34641659	0.37656699	0.43871437	0.36884662	0.38030001	0.42076365	0.51347898	0.39959465
02_189	0.48562593	0.56695018	0.46844421	0.50940695	0.41945625	0.47383940	0.49869510	0.51952308	0.41294331	0.46518672	0.46752294	0.54299543	0.50499511	0.48878254	0.43316483	0.44876393	0.53096176	0.41149938	0.46563444	0.66473951	0.52311949	0.40832889	0.50743024	0.50922318	0.45187241	0.42813244	0.44669561	0.57745117	0.54367858	0.48531590	0.57205133	0.51181963	0.43628923	0.53394854	0.54722214	0.65377141	0.49505859	0.42427429	0.51165409	0.41581005	0.71208517	0.52453370	0.41429300	0.55260790	0.61993186	0.49910726	0.58578431	0.54415493	0.60060425	0.59714489	0.41427215	0.52079619	0.46844809	0.52489485	0.53597529	0.53094658	0.42685746	0.67838321	0.42901346	0.42326632	0.85803696	0.50800913	0.50386248	0.41851856	0.51596546	0.54020561	0.60289074	0.45187253	0.46551836	0.48955542	0.39642794	0.46131892	0.52920645	0.59106188	0.61279084	0.47915777	0.51208204	0.71124040	0.44586246	0.41562808	0.46830430	0.41609302	0.48666971	0.42797975	0.60888931	0.50134095	0.46914845	0.40621213	0.47579707	0.41544429	0.54336497	0.44138051	0.45301232	0.64386523	0.54304572	0.42890122	0.48599698	0.64041382	0.45436194	0.45898897	0.39584894	0.48494543	0.41740021	0.51775008	0.48366987	0.44685545	0.48619827	0.52149813	0.42624297	0.48447657	0.43243078	0.36908030	0.56445035	0.39801228	0.39349039	0.40548416	0.47463470	0.41226984	0.40564834	0.44568160	0.39580917	0.43926701	0.41380151	0.65381131	0.49184659	0.44543879	0.45931667	0.40956242	0.37419615	0.45595515	0.45541302	0.46884705	0.48426320	0.40713041	0.40131555	0.40638204	0.40391423	0.47843041	0.44048523	0.40176100	0.41974435	0.42883187	0.38404590	0.47755829	0.43583731	0.46276038	0.42640539	0.49997467	0.41914375	0.46872130	0.57999666	0.42238231	0.39686331	0.37278938	0.43729932	0.46385850	0.42000536	0.37257193	0.46615820	0.41884971	0.41499316	0.56319437	0.41678488	0.45758764	0.35409127	0.50151653	0.50957308	0.48856440	0.45036927	0.42028700	0.43491581	0.39620405	0.41714896	0.47088440	0.37214885	0.39833047	0.37169698	0.37163272	0.42060062	0.37921323	0.47450037	0.49706741	0.37777965	0.58247214	0.43289523	0.43924355	0.48934182	0.40878464	0.41683479	0.39822973	0.45737482	0.41709102	0.38112105	0.40580797	0.63269543	0.43252568	0.41629710	0.50350718	0.39362637	0.38197219	0.54909513	0.40155181	0.44826323	0.41573972	0.39777938	0.45592567	0.43849812	0.42323113	0.45392557	0.46673358	0.47423522	0.41021188	0.37536157	0.43712119	0.34438271	0.45127728	0.68958381	0.48929783	0.42287585	0.44284144	0.41321881	0.42362996	0.49617229	0.39300259	0.53206872	0.37911099	0.53444468	0.45583177	0.40255697	0.49398965	0.45144651	0.40640513	0.44715193	0.41270098	0.43585402	0.41924482	0.41145913	0.36552413	0.48284587	0.43046683	0.46681356	0.38130377	0.49886763	0.37887476	0.41517419	0.39563050	0.38954080	0.37513261	0.40552513	0.50384633	0.40135122	0.45393474	0.39968235	0.46312603	0.39245546	0.46724579	0.36224992	0.41637048	0.43089560	0.38939297	0.39586906	0.36828833	0.41224970	0.44713344	0.37025800	0.39270616	0.44765737	0.38736708	0.38363523	0.43051717	0.37213686	0.44139449	0.39544712	0.41793585	0.39862605	0.45914151	0.36446763	0.42763682	0.40283893	0.49169825	0.43239807	0.41461297	0.35652755	0.43166189	0.38691213	0.40022732	0.40205994	0.42225484	0.43606980	0.41110340	0.39430561	0.36438936	0.40331883	0.39368131	0.43366710	0.38709009	0.35215198	0.42017951	0.55824834	0.39442012
02_276	0.81737271	0.60655462	0.74497623	0.61275364	0.55995710	0.44738965	0.44851097	0.76697469	0.52958021	0.65362699	0.60842530	0.59758233	0.84604476	0.74174717	0.59508442	0.54263422	0.46064322	0.49459910	0.61262084	0.49136136	0.66336738	0.51773463	0.74245684	0.79593465	0.63974744	0.54887808	0.66202021	0.46854406	0.57459401	0.82145689	0.43982833	0.63227896	0.52193342	0.49422534	0.46052064	0.44015848	0.42071935	0.53420890	0.48987882	0.56075264	0.47066485	0.43586348	0.48626390	0.67227925	0.53708790	0.59168376	0.59839014	0.44064564	0.61874692	0.53704897	0.50064445	0.47853877	0.61924213	0.47810897	0.59015501	0.42145980	0.50834775	0.45035339	0.54240064	0.56972272	0.50124946	0.71878780	0.64611659	0.53845129	0.41796103	0.44966702	0.47869434	0.46758477	0.51950615	0.56897847	0.48161380	0.42502399	0.65947914	0.43355561	0.47275105	0.75734350	0.50458596	0.46694391	0.48838538	0.50035253	0.65831404	0.48563398	0.63203679	0.55810416	0.51754042	0.60409185	0.58160187	0.46700335	0.64014729	0.48463036	0.40920289	0.49805443	0.58858462	0.55539940	0.50465991	0.43757081	0.54308318	0.53579271	0.49730813	0.39354302	0.41446951	0.57833026	0.55984246	0.47906664	0.41817179	0.54186282	0.44208759	0.72442605	0.51680005	0.76263371	0.51999384	0.43428384	0.43587439	0.37166827	0.48658760	0.49389599	0.39296162	0.55532366	0.51679240	0.52612422	0.44566677	0.53081291	0.46518493	0.46752393	0.46807849	0.57058221	0.46677510	0.51351046	0.40802373	0.41654889	0.45817278	0.43342620	0.74349609	0.45379558	0.40478021	0.47257302	0.35298459	0.40587554	0.48520795	0.44621992	0.44905641	0.56174556	0.43224200	0.58833958	0.52053198	0.56867757	0.48165132	0.59255692	0.39147185	0.43124857	0.47820734	0.47965846	0.47381324	0.43615056	0.56908304	0.40807827	0.40051043	0.43177487	0.46544804	0.51422171	0.44814362	0.42207432	0.47030767	0.45038736	0.38522658	0.45167625	0.64092042	0.62268597	0.58584825	0.41988136	0.48603614	0.41723441	0.54385869	0.56248620	0.42055052	0.46076836	0.41094660	0.40787767	0.46678739	0.40750760	0.41329784	0.73981119	0.45711579	0.48024800	0.50031229	0.40339720	0.42879989	0.45300992	0.46458628	0.40723266	0.53191247	0.37814953	0.41130217	0.48404641	0.52671764	0.45642789	0.49300879	0.61499215	0.46036785	0.41716578	0.56598931	0.47455492	0.57368900	0.46153868	0.48024487	0.41357147	0.49778708	0.44106643	0.49765184	0.44346009	0.59209121	0.37693150	0.45529170	0.62255312	0.39212793	0.49088711	0.55295687	0.41701991	0.49024960	0.43469158	0.44955788	0.55383880	0.41302400	0.34687009	0.46423833	0.44701810	0.44299651	0.48412028	0.45172477	0.44885444	0.60555893	0.53126967	0.39718985	0.51297011	0.52353212	0.39389730	0.47678550	0.39489700	0.54871019	0.52821232	0.46262575	0.45114485	0.50310280	0.45290073	0.46199161	0.45303337	0.40360833	0.41932330	0.35578773	0.42251033	0.50396041	0.51542870	0.45592726	0.41311018	0.48242580	0.67351839	0.40757215	0.45045846	0.47148587	0.44510274	0.38939053	0.39765402	0.47355693	0.59060533	0.40370637	0.35923382	0.53221882	0.45873365	0.42900906	0.55664123	0.42823836	0.48186510	0.50153699	0.46679364	0.49973794	0.61960932	0.42588686	0.48658360	0.37378331	0.61692229	0.44916917	0.48616443	0.41051107	0.40974815	0.46307806	0.42401257	0.39562359	0.37306182	0.37360369	0.45031817	0.44857214	0.39846891	0.34768799	0.39539821	0.47309006	0.38236058	0.39323456	0.42298859	0.53668485	0.40771830
02_267	0.51532551	0.61487698	0.51335593	0.48799480	0.50658136	0.56556087	0.59537031	0.48897619	0.53080179	0.52160510	0.48780472	0.53621162	0.49299130	0.50181983	0.52648676	0.60364697	0.59936305	0.54692295	0.58503070	0.57930445	0.50703552	0.52661072	0.49667626	0.48508209	0.53255342	0.53083105	0.49835630	0.57949159	0.63385549	0.50185335	0.66283123	0.52083517	0.58115361	0.69227041	0.65849615	0.58674982	0.64340330	0.55924569	0.59325599	0.49704271	0.59643587	0.70665760	0.55668881	0.54058606	0.55022899	0.47746562	0.56718713	0.51787235	0.64569491	0.55026310	0.52418714	0.68215571	0.48255839	0.53664966	0.57268846	0.67382442	0.54798656	0.51643538	0.51884886	0.51933184	0.56231585	0.54066011	0.52243972	0.52656612	0.52389399	0.48786264	0.65874115	0.62425952	0.49130742	0.52824495	0.50975586	0.63664552	0.64031958	0.61410182	0.52514811	0.46966647	0.54614585	0.57530939	0.63266589	0.54181666	0.56370807	0.44605602	0.47557649	0.49607001	0.53665243	0.54746949	0.58716205	0.54185454	0.57392372	0.43475094	0.54879464	0.47865051	0.56228345	0.56931561	0.63406868	0.48866693	0.51500317	0.76622696	0.50221524	0.54926876	0.41887720	0.45190451	0.49493098	0.50866387	0.52027636	0.58647546	0.54572029	0.50369819	0.48723167	0.46802417	0.50538995	0.45592263	0.59355605	0.46149367	0.49978127	0.50795667	0.48327200	0.48771427	0.47239623	0.51041686	0.52706454	0.48117911	0.48000063	0.53871444	0.64073531	0.44135292	0.48003510	0.51773289	0.43746094	0.50081365	0.46180035	0.52761862	0.51382039	0.46586936	0.49629620	0.53434357	0.46410608	0.64006087	0.45989366	0.43942138	0.41641515	0.52149014	0.40322642	0.51444158	0.45014837	0.49336148	0.42555827	0.53748860	0.45424807	0.57606804	0.58251798	0.45391695	0.48149230	0.43816251	0.53097120	0.49212028	0.48568941	0.44164051	0.61550015	0.49971908	0.43595866	0.52021854	0.54456543	0.48543184	0.43004387	0.49469489	0.46980912	0.51075552	0.50423458	0.54605317	0.54824707	0.41915471	0.49447299	0.57217360	0.45842989	0.43036578	0.42823871	0.44432932	0.54203507	0.44672864	0.42173123	0.52419051	0.45147407	0.68987761	0.46238731	0.44670989	0.54938517	0.48633543	0.46979039	0.44766430	0.47927390	0.46974122	0.44409539	0.46695159	0.53359811	0.46449559	0.55087756	0.47416512	0.45571360	0.47117295	0.55215437	0.48673434	0.50022394	0.46893840	0.42783249	0.45084038	0.45881131	0.57044153	0.49274727	0.52354712	0.45537251	0.45202033	0.42843994	0.47930693	0.40952378	0.45099638	0.56188336	0.54472130	0.41391558	0.58664759	0.44090530	0.49731541	0.52715684	0.45393185	0.47786752	0.47685994	0.46693247	0.52367373	0.43881970	0.59088000	0.44242952	0.49228215	0.45087805	0.41743619	0.48684328	0.43324742	0.41313673	0.45127814	0.52261989	0.49528668	0.50729876	0.43998965	0.46317771	0.47640460	0.52243766	0.49389660	0.40852719	0.41680724	0.48319911	0.49549357	0.46138682	0.45043100	0.42254235	0.50917187	0.48523682	0.46807699	0.43649973	0.45965409	0.49498259	0.42431791	0.43093073	0.44179676	0.39962772	0.52024003	0.42423121	0.45577090	0.51770975	0.43574465	0.45781191	0.44604176	0.46056704	0.45770476	0.44740064	0.47106129	0.48362905	0.44433647	0.44221731	0.42117821	0.47564221	0.49682016	0.52928797	0.41476746	0.41198241	0.48858746	0.45090945	0.38730944	0.42052555	0.45047696	0.53964276	0.52019520	0.42633297	0.41353596	0.40247966	0.48430016	0.53444952	0.44927278	0.41292430	0.43630416	0.50142781	0.38366910
02_199	0.71342541	0.58902071	0.80313269	0.49222788	0.78462486	0.50610402	0.48617862	0.55434547	0.67527213	0.63031941	0.53066405	0.52332702	0.60454299	0.60830252	0.76722644	0.64127287	0.48672518	0.56742507	0.68609385	0.46559148	0.51610190	0.64651965	0.59963617	0.57299651	0.83009189	0.66750763	0.86703416	0.46078282	0.51793697	0.68912638	0.43910540	0.51134792	0.56188087	0.53492092	0.49024093	0.40381358	0.44660337	0.64740362	0.54561521	0.78523253	0.43154899	0.45938183	0.54371160	0.52702116	0.48528429	0.48316831	0.52835663	0.41765955	0.55018603	0.45748238	0.56592932	0.51325680	0.53627959	0.42773927	0.55559811	0.42699448	0.56308201	0.40514131	0.63230198	0.74726013	0.44979181	0.58372913	0.54823763	0.65182728	0.40115338	0.42352311	0.47821397	0.50510378	0.45884360	0.49038391	0.55515433	0.46595106	0.65722797	0.41238318	0.43935810	0.62035196	0.50483120	0.42936956	0.54926294	0.56870140	0.74092088	0.45470761	0.52007510	0.60891467	0.49971780	0.69122509	0.58536139	0.51149069	0.63241371	0.44986373	0.38276216	0.45127014	0.66435951	0.46762921	0.51425472	0.46341909	0.46580618	0.50222661	0.44572522	0.40185358	0.38264636	0.50506033	0.71870121	0.44594558	0.41852029	0.57083853	0.48965549	0.56043484	0.50838259	0.59938527	0.55357483	0.49091278	0.40752912	0.39747437	0.58417063	0.56151547	0.38178092	0.77172032	0.61432890	0.52418557	0.48215650	0.49345415	0.46825786	0.42776087	0.49382202	0.50795141	0.43627996	0.59719012	0.41969117	0.39390339	0.43175185	0.48124722	0.65602794	0.44935287	0.44157958	0.51364422	0.35905339	0.42542952	0.43419587	0.43828979	0.40240443	0.70756680	0.41045348	0.54555912	0.47242959	0.50450970	0.44320233	0.51017068	0.39218716	0.44914932	0.48154845	0.44224609	0.52409190	0.47437503	0.63375439	0.40962320	0.41261346	0.46093340	0.48253574	0.53507520	0.41198706	0.39584644	0.53923558	0.42959315	0.40601261	0.46294914	0.54357540	0.54096382	0.56503697	0.47021382	0.48404083	0.38559777	0.73153715	0.53302850	0.45285975	0.45077138	0.42867671	0.42909962	0.47448195	0.40879819	0.39096303	0.65061024	0.52367913	0.49997013	0.45742603	0.41551183	0.42939672	0.47772861	0.44218925	0.44610273	0.48599439	0.39135366	0.41268575	0.52285199	0.49339709	0.41180398	0.55395304	0.49451321	0.49173222	0.43519700	0.47599942	0.52306333	0.55197100	0.44850838	0.48519314	0.37886340	0.46360114	0.49572699	0.44367396	0.49523834	0.50372958	0.38937119	0.51553137	0.73993363	0.42957847	0.43029310	0.48060287	0.43616456	0.44228947	0.45185469	0.41500227	0.68231224	0.41755659	0.35310578	0.42059077	0.50736960	0.41638497	0.55642901	0.46316704	0.49187212	0.54244109	0.69735203	0.36901519	0.49423650	0.49791586	0.41352537	0.43904220	0.41373944	0.51107665	0.56487550	0.43123602	0.48210020	0.43588327	0.52375996	0.47455797	0.48921285	0.37302596	0.42293304	0.36733097	0.40296048	0.61033878	0.46887663	0.43034816	0.41746696	0.57003390	0.60599489	0.43807888	0.42568252	0.52164382	0.45350365	0.37167313	0.40675957	0.43058004	0.65914182	0.41925635	0.37346076	0.51087442	0.49800768	0.45448593	0.54835686	0.47880943	0.44342272	0.60081191	0.45630291	0.60474268	0.54904106	0.47936052	0.44261934	0.39833647	0.53254034	0.48391082	0.47038706	0.44374352	0.42384318	0.52686895	0.38659695	0.39163936	0.35908272	0.38655690	0.45600471	0.43621237	0.41348972	0.33263936	0.42484981	0.45762040	0.41461412	0.42209073	0.40096937	0.45339703	0.37511574
02_308	0.70907294	0.65272063	0.65422468	0.51365677	0.52280307	0.44359248	0.46603217	0.58624788	0.54311065	0.86158825	0.83834748	0.71828217	0.67446183	0.81595072	0.61599859	0.52012152	0.47475862	0.50395745	0.54490895	0.49758103	0.55762336	0.54433667	0.72295083	0.63821129	0.54486314	0.49084496	0.57509371	0.50184401	0.54574032	0.69205291	0.41961950	0.60505533	0.52690291	0.45394840	0.45021372	0.43863413	0.40544027	0.52698719	0.47989216	0.52161060	0.48293089	0.42904776	0.48628833	0.60903932	0.57227670	0.50005991	0.63384081	0.49205704	0.65689077	0.49429333	0.47997500	0.50610741	0.80487289	0.49289447	0.70918533	0.41174412	0.46390555	0.41513721	0.46651871	0.58363631	0.45769197	0.74768915	0.52635105	0.59673949	0.45037001	0.46946941	0.43152522	0.45248772	0.50309109	0.58323926	0.54930211	0.44522160	0.61660167	0.44169079	0.49481143	0.62402595	0.50456435	0.42519226	0.48622004	0.49262694	0.57694573	0.60847206	0.58233109	0.57819319	0.48498979	0.53731864	0.54201766	0.47140659	0.71074745	0.56376991	0.42919361	0.58564278	0.51837775	0.49493045	0.44143726	0.46259405	0.55447176	0.52142342	0.54619119	0.41683125	0.43360912	0.54093588	0.53966769	0.54469011	0.46449505	0.55504625	0.41824710	0.54719590	0.68053868	0.64837818	0.44100578	0.47744749	0.46469729	0.38440564	0.53800531	0.51831249	0.38509990	0.51023497	0.47163792	0.45768212	0.46029386	0.71447096	0.43031842	0.45222581	0.52394290	0.58119636	0.55432943	0.58935341	0.39177207	0.43777272	0.50636130	0.41971897	0.70905098	0.47752772	0.44304907	0.51332915	0.35469132	0.41467307	0.50241939	0.41201924	0.42112462	0.49449278	0.49511893	0.47509233	0.58779023	0.73349559	0.50176051	0.54943054	0.43164992	0.42343711	0.48883062	0.56823649	0.47904053	0.45582902	0.61575832	0.43765704	0.42659904	0.48784271	0.51242593	0.64962480	0.45062110	0.39398860	0.53301655	0.52479921	0.39825720	0.43398951	0.57268807	0.56270502	0.71466212	0.46240121	0.48229299	0.43896374	0.50744151	0.58647703	0.45424923	0.50587377	0.38455176	0.40015665	0.48677441	0.41540057	0.40872637	0.55396798	0.47409157	0.46213936	0.59510525	0.39079631	0.43542113	0.52432073	0.51853287	0.40514207	0.66561028	0.36160105	0.41453940	0.42858840	0.49647101	0.47889902	0.48391312	0.50507366	0.43655372	0.41144247	0.54138566	0.45024391	0.75919248	0.45095318	0.49264745	0.40731693	0.44178307	0.48386743	0.54806303	0.42036374	0.54532762	0.35348278	0.43990701	0.54325382	0.42731475	0.46070799	0.50052514	0.37755851	0.46780711	0.44194734	0.49830645	0.48086299	0.38348577	0.35396730	0.42391669	0.48796186	0.44783394	0.44690215	0.41316111	0.45370271	0.54870250	0.52066791	0.39949059	0.48451497	0.65250962	0.38097509	0.49161468	0.40094393	0.46402675	0.45596573	0.51744231	0.48917664	0.44521389	0.50786119	0.44802008	0.45882540	0.41413624	0.47335110	0.35974714	0.47564670	0.47064726	0.49847219	0.54187171	0.46144196	0.51033165	0.57764032	0.43133138	0.45447592	0.47640845	0.40981486	0.40267423	0.41169877	0.44698135	0.52085469	0.37740363	0.36131175	0.59441034	0.41831297	0.40993475	0.51915999	0.46742071	0.45154424	0.46106705	0.50696806	0.49964075	0.55119593	0.46359489	0.44047759	0.39294792	0.50533244	0.49806512	0.45858048	0.43824246	0.45222029	0.46572520	0.39348178	0.42975794	0.38439577	0.37377475	0.46234594	0.51846389	0.37196921	0.36353192	0.41935972	0.48191192	0.40050293	0.42746261	0.44480144	0.46207718	0.37752252
02_293	0.61189147	0.58954452	0.56253738	0.58463798	0.46759318	0.41346306	0.43752324	0.61648161	0.49220693	0.66432260	0.73391720	0.66868079	0.63751173	0.68407336	0.52935704	0.50625645	0.44707927	0.49355704	0.53993550	0.48757902	0.64613498	0.49259044	0.62707027	0.63139353	0.50648497	0.47198167	0.50452660	0.48216710	0.63625823	0.59993581	0.43915729	0.74370136	0.54230920	0.45204690	0.43811171	0.48468817	0.41201423	0.50320364	0.44420568	0.46501301	0.50935127	0.43416754	0.49119399	0.72252658	0.55281424	0.56157841	0.61899029	0.48567042	0.68848835	0.57151911	0.47277170	0.48291455	0.70078788	0.57033593	0.62948996	0.43330030	0.47368329	0.44593802	0.45773991	0.50737034	0.47701005	0.81552848	0.57438747	0.52133771	0.46268639	0.45874191	0.44583038	0.46736810	0.57890267	0.72402452	0.50136524	0.43561499	0.60625149	0.47554892	0.48556352	0.56017101	0.48531569	0.45543840	0.48826700	0.48659347	0.55317804	0.58578231	0.60152671	0.51999810	0.46042971	0.48379355	0.57480280	0.48302733	0.68149899	0.54889660	0.47399607	0.65467498	0.51381335	0.57183966	0.45640406	0.43581529	0.70597908	0.56825476	0.67131842	0.42471006	0.48056722	0.51351746	0.47769911	0.53396108	0.45105781	0.57375297	0.39693771	0.58058995	0.61467602	0.58218670	0.44916551	0.44282162	0.51411052	0.37306649	0.48145896	0.48720954	0.40311442	0.45546271	0.43948370	0.47945454	0.47569984	0.67614388	0.45256792	0.47068853	0.50344948	0.54258098	0.55447016	0.52262312	0.40723816	0.48440310	0.49911831	0.39447935	0.62680142	0.48967518	0.42145212	0.51338136	0.36950505	0.42458843	0.56266331	0.43009416	0.46058205	0.46874795	0.48478158	0.50545232	0.57810375	0.74989063	0.49300171	0.64667174	0.42359054	0.43169645	0.46361158	0.59280530	0.46020833	0.43172566	0.55433831	0.42708709	0.42304072	0.45818906	0.51781000	0.57889351	0.49204129	0.42324159	0.48752265	0.52308182	0.40613264	0.41159839	0.53414413	0.59730381	0.63127313	0.43319704	0.53212571	0.48387502	0.45277139	0.66100833	0.44495265	0.48731399	0.39343735	0.40913027	0.52812453	0.44075850	0.40017951	0.55494607	0.43536016	0.45650201	0.61661751	0.37708713	0.44442221	0.48930965	0.55308855	0.38190894	0.63286188	0.36901621	0.43718132	0.42583092	0.47590103	0.56344815	0.48705729	0.55725450	0.43042208	0.43130193	0.66856676	0.44493173	0.64906680	0.47974697	0.46072926	0.44971459	0.46994900	0.46092054	0.66590801	0.39620122	0.54614432	0.36068961	0.40886363	0.48313925	0.40279287	0.51838321	0.52967340	0.38355269	0.47347331	0.46468680	0.53925860	0.45312085	0.39361215	0.36854677	0.44895047	0.45763611	0.43752657	0.41846019	0.41255482	0.42886026	0.51115575	0.46311345	0.43956851	0.45551009	0.63093838	0.36408586	0.48625536	0.41768806	0.50190447	0.45578909	0.56326263	0.45492194	0.48955903	0.46315096	0.47984266	0.46055581	0.45909541	0.45399267	0.37278906	0.47468473	0.42820451	0.50283179	0.52771993	0.44732759	0.46483004	0.53207651	0.42287107	0.49736700	0.44031757	0.41099792	0.43928769	0.42996788	0.44977615	0.49987002	0.38767412	0.36808171	0.61862356	0.40705224	0.41861905	0.48230856	0.44114013	0.48684041	0.42115298	0.51802048	0.45612510	0.51280168	0.43071090	0.45711056	0.38430117	0.53994537	0.47034355	0.43854944	0.41224235	0.43437940	0.42978509	0.41576923	0.41945890	0.41494734	0.39012063	0.50299100	0.50067028	0.38125134	0.38198412	0.41311491	0.54928213	0.38208699	0.40840219	0.46213162	0.52085758	0.40121482
02_269	0.70715442	0.61708270	0.63247302	0.58561705	0.49328046	0.42238447	0.44080772	0.68271922	0.49868944	0.71383608	0.76922180	0.69879114	0.76324019	0.82892698	0.55652791	0.50075965	0.45285575	0.47826080	0.54180610	0.49674692	0.64462105	0.49564869	0.75575614	0.74127636	0.53600415	0.48221116	0.55583390	0.48411631	0.57796511	0.70319043	0.42515502	0.69082146	0.51014546	0.45136552	0.43933187	0.45577865	0.40124699	0.49850660	0.45901794	0.49288958	0.49323680	0.42132598	0.46886876	0.70682880	0.57271568	0.56554514	0.64549249	0.47824909	0.66853432	0.54432373	0.46851592	0.47690702	0.77028016	0.51845758	0.64995679	0.41250243	0.46272275	0.44200310	0.46730399	0.53099691	0.48380611	0.83104678	0.58047679	0.52930612	0.44536618	0.46891744	0.44201488	0.44641150	0.54121040	0.63025900	0.49047135	0.42147848	0.61540600	0.44812384	0.49488555	0.65983143	0.49806152	0.44894683	0.46766239	0.47547866	0.57289989	0.57064355	0.64481738	0.54443833	0.48897258	0.52403998	0.54975349	0.45637031	0.66551907	0.54992298	0.43628037	0.58521198	0.51795661	0.54769433	0.45361548	0.44044543	0.60152023	0.53641627	0.56496672	0.40496612	0.44743531	0.56980075	0.50706804	0.53180919	0.44276272	0.53733246	0.40775504	0.61953024	0.59514129	0.69521500	0.45291581	0.43908718	0.46866848	0.36990695	0.48230644	0.48536542	0.39262627	0.48438887	0.46060301	0.47634204	0.44318302	0.64009068	0.44128518	0.47084356	0.48538002	0.59654291	0.53451376	0.51981767	0.39514330	0.44447879	0.49918028	0.40587920	0.71264878	0.47209546	0.41308906	0.48189887	0.35334891	0.40398334	0.52821293	0.42610320	0.45191677	0.48459717	0.48130685	0.50939667	0.58706356	0.70438666	0.51043531	0.60017872	0.41490175	0.41994757	0.47447335	0.55710459	0.46018112	0.43414008	0.56494377	0.42353742	0.41187911	0.45168499	0.48588024	0.56446266	0.47018327	0.41255572	0.47746089	0.50424209	0.38814553	0.42985190	0.60828476	0.60767023	0.65044189	0.42470203	0.48619593	0.45170346	0.48042979	0.58905523	0.42990526	0.49100636	0.38861533	0.39744578	0.47784172	0.41519229	0.41540828	0.59283640	0.44479172	0.45608931	0.58461039	0.38791308	0.43235152	0.48047207	0.51218026	0.39132185	0.63019659	0.36311315	0.41561522	0.43388634	0.50524557	0.50106311	0.46880549	0.57333752	0.43426953	0.40960083	0.59848532	0.44417774	0.65509236	0.46148900	0.48134222	0.42797401	0.46929405	0.44542667	0.56820271	0.40918488	0.58996072	0.35728706	0.42562990	0.53086468	0.39942604	0.50010937	0.53873988	0.38225419	0.49294730	0.43460216	0.50289880	0.47434381	0.39031603	0.35073311	0.45154952	0.44982655	0.45206667	0.43643064	0.42041368	0.43298920	0.57178725	0.48412426	0.41457341	0.49221945	0.60393446	0.37594630	0.50209892	0.39455861	0.49552556	0.46488317	0.51607647	0.45980340	0.48806301	0.45738218	0.45036958	0.44540704	0.42948585	0.44899512	0.35541106	0.46052062	0.45269098	0.52022904	0.51902486	0.43707698	0.46971171	0.59804803	0.41196138	0.46718361	0.45396695	0.41733974	0.40956511	0.40590199	0.46998552	0.51765329	0.38210811	0.35643463	0.57603814	0.41847065	0.40918120	0.52198229	0.43285914	0.47692423	0.44605873	0.49627426	0.46763038	0.57333640	0.42808484	0.46843457	0.37606804	0.55127359	0.46015888	0.46633474	0.41416031	0.42664982	0.44217968	0.41800411	0.41695287	0.38876057	0.36961543	0.45749262	0.49342979	0.37664851	0.36603781	0.39934992	0.48820329	0.38083897	0.40264764	0.44809559	0.51221450	0.40008933
02_281	0.62679901	0.59253033	0.69425299	0.45003553	0.80714247	0.57442494	0.53352753	0.50034354	0.66232532	0.57471653	0.48932412	0.50306278	0.54260433	0.54934996	0.71892820	0.62386395	0.53053713	0.54666596	0.62449647	0.48310060	0.46772411	0.63511643	0.55412146	0.51741405	0.73336346	0.63991954	0.77011310	0.48193276	0.48448874	0.61190095	0.45248890	0.46476577	0.52674325	0.56876870	0.53388243	0.40274624	0.47118556	0.61790545	0.61743602	0.79723000	0.43552077	0.48535497	0.52118846	0.48197888	0.48771953	0.44380526	0.51521234	0.42580345	0.52860660	0.43529468	0.54558508	0.54812185	0.49471547	0.41052037	0.54441754	0.43885485	0.53513672	0.40532277	0.60421484	0.72318333	0.45457456	0.52332089	0.49799786	0.63387292	0.40689159	0.43326715	0.49438940	0.50271840	0.42570436	0.44965992	0.54258850	0.49523398	0.61782485	0.41587679	0.44965607	0.56563126	0.51659270	0.43195840	0.54571398	0.54614841	0.65646189	0.43065227	0.47815729	0.58128680	0.52821665	0.76339536	0.53579391	0.49062742	0.57101198	0.42686681	0.38103295	0.42208526	0.61170491	0.44517001	0.52093100	0.48019391	0.42824183	0.49507604	0.41389322	0.41372968	0.36287612	0.48541175	0.71174581	0.44436362	0.43327499	0.53030824	0.55123986	0.50787180	0.48061688	0.54562990	0.52679607	0.48826139	0.40449696	0.41933509	0.57915012	0.54719262	0.38637219	0.79707181	0.61016453	0.49250329	0.46344585	0.46155252	0.44613516	0.43214957	0.51131408	0.47727223	0.42526508	0.57853472	0.40653858	0.38405929	0.42505483	0.54152412	0.58769661	0.43102254	0.45923233	0.49203647	0.36556160	0.44240260	0.40639807	0.41961623	0.37978641	0.67639127	0.39378662	0.50196439	0.44411674	0.46657780	0.42564988	0.46546258	0.39905238	0.46095200	0.51396782	0.41703805	0.51102379	0.46816480	0.59633232	0.42428286	0.42077642	0.45154977	0.48244206	0.50849746	0.38937332	0.39748099	0.54938069	0.42324152	0.39660139	0.49637915	0.51958021	0.49505481	0.52606974	0.50041529	0.45373910	0.36561404	0.78397013	0.48904021	0.44383167	0.43345661	0.41758034	0.41872659	0.44832980	0.39273106	0.39983080	0.57929718	0.52416423	0.53390975	0.42956597	0.43880155	0.43784923	0.47435616	0.41775942	0.47352565	0.46026664	0.40265065	0.39663290	0.50763327	0.51159125	0.38544070	0.52916822	0.45304890	0.47914089	0.41989508	0.44236482	0.50789162	0.51407924	0.42522839	0.47009953	0.36774361	0.43618342	0.51289085	0.41202374	0.55543178	0.46981473	0.39941969	0.51755939	0.69909715	0.42801239	0.40155931	0.47172815	0.45885614	0.41905330	0.44813093	0.39226917	0.66233272	0.43202064	0.35851659	0.41421026	0.50053264	0.42657066	0.61838853	0.45370744	0.54091685	0.50838490	0.70230957	0.36017235	0.47553232	0.46686574	0.44117762	0.41763083	0.40123425	0.47699399	0.53698067	0.41517141	0.47204686	0.41302114	0.51869977	0.45043212	0.47306093	0.35389525	0.41229644	0.37562230	0.40749088	0.62725131	0.44639845	0.40994223	0.43020397	0.56396094	0.55728736	0.42968525	0.40183129	0.54386318	0.43921880	0.35874737	0.39333482	0.40950938	0.61127786	0.40885661	0.38220421	0.47495719	0.48906340	0.44038307	0.52124179	0.47449114	0.41804791	0.60785177	0.43486760	0.59873770	0.51263025	0.47588417	0.41792304	0.41600944	0.48663197	0.49320272	0.45631217	0.43922308	0.43573112	0.52783992	0.36862462	0.39226083	0.35424763	0.39568553	0.43169090	0.41798237	0.40271594	0.33162198	0.43216728	0.42868944	0.43373373	0.41825467	0.38911542	0.42794485	0.35904962
02_179	0.54909618	0.67023611	0.52156208	0.51926464	0.44783821	0.48666717	0.52193869	0.56111725	0.44427171	0.53676585	0.54686605	0.66389268	0.57075823	0.56815400	0.47744340	0.46814352	0.55904952	0.43196806	0.48688651	0.71935846	0.54862584	0.44084990	0.59192397	0.56778247	0.47837425	0.44226614	0.48567231	0.63651967	0.55753029	0.54883247	0.52178434	0.55237021	0.45756577	0.51797523	0.54118932	0.59417988	0.46941350	0.44849203	0.53391021	0.44400068	0.71932674	0.50563872	0.42947511	0.59778499	0.76258544	0.50610826	0.68903930	0.60680658	0.69653383	0.58167456	0.42781733	0.55300068	0.54480012	0.53558291	0.64300947	0.49429562	0.43201751	0.57499433	0.43590114	0.46242036	0.69939729	0.57542537	0.51417079	0.46106541	0.53153044	0.57517047	0.54342151	0.45079348	0.47910976	0.52368943	0.43201724	0.47181300	0.57087224	0.56166128	0.67483772	0.53455209	0.53797225	0.58680207	0.45840182	0.43178452	0.49766110	0.46882897	0.52744495	0.46626790	0.63490369	0.53642354	0.48678741	0.41917654	0.52944167	0.46105076	0.52828482	0.48609285	0.46819459	0.61408233	0.50847214	0.45231280	0.51526337	0.63506139	0.48605452	0.46025765	0.40839512	0.52921442	0.44909913	0.58475901	0.51653830	0.47268909	0.48096655	0.54308565	0.48362673	0.54779788	0.42925424	0.39511439	0.56859170	0.40231856	0.42711936	0.43216468	0.44970077	0.43934897	0.42191146	0.44393527	0.40940350	0.50438864	0.41267015	0.61755595	0.53254631	0.49323450	0.51363668	0.45105783	0.37352968	0.45935018	0.49488120	0.47070006	0.54465041	0.42704939	0.42216165	0.43080332	0.38875449	0.46744797	0.46270746	0.40028569	0.42018512	0.44481700	0.41934401	0.47401471	0.48294854	0.52980025	0.45981931	0.51863641	0.44116673	0.45894402	0.61665401	0.46661463	0.41579183	0.39350350	0.47878759	0.48304342	0.43215342	0.40150957	0.49313818	0.46988226	0.42658923	0.49913481	0.45320365	0.50340192	0.36216247	0.50549681	0.56367889	0.51508835	0.51006273	0.44642119	0.44402680	0.41025002	0.44321771	0.50316292	0.39176372	0.43044943	0.36929700	0.37471903	0.43600147	0.38555158	0.48103230	0.51952012	0.40178942	0.56794858	0.48068163	0.43596720	0.48532641	0.44504539	0.44574639	0.40702515	0.52268338	0.39780449	0.38644917	0.40752832	0.66677720	0.44846577	0.42988949	0.51178301	0.40206649	0.38427890	0.56762114	0.41017183	0.51416196	0.42246506	0.42595732	0.44547918	0.43600595	0.44816740	0.48650910	0.46560703	0.50838785	0.38857696	0.39152796	0.46917438	0.36481705	0.45523830	0.66447766	0.44752964	0.44165554	0.44303590	0.44108450	0.43760775	0.45561479	0.38176875	0.50356861	0.40424104	0.55272343	0.46294267	0.40290216	0.50585976	0.48908642	0.43541348	0.43684509	0.43884221	0.48896291	0.41803481	0.44026904	0.37002915	0.47289283	0.43281828	0.49783503	0.40886399	0.48497887	0.40942959	0.41837716	0.40821154	0.39655094	0.40393898	0.39135465	0.54922576	0.42058462	0.47625208	0.44187232	0.49306822	0.42013590	0.50807703	0.37774751	0.42531480	0.45259070	0.39129095	0.39825463	0.37688745	0.42699061	0.46674271	0.36588358	0.38330269	0.48701739	0.39209918	0.38476724	0.45921966	0.39503581	0.44327570	0.41341890	0.44375863	0.42364935	0.49936156	0.38820649	0.43199527	0.40782604	0.49891155	0.46359131	0.43289628	0.37698000	0.45607185	0.40738996	0.39754302	0.42285402	0.41393193	0.41661113	0.42176761	0.43060246	0.35993237	0.39929899	0.40423325	0.44561559	0.39769691	0.37136989	0.43484536	0.53260350	0.38706910
02_167	0.43839974	0.52414056	0.42256187	0.46777962	0.38772393	0.44506248	0.48412917	0.45968860	0.39741968	0.44361080	0.45440526	0.51894640	0.45007392	0.45110886	0.40812458	0.43201319	0.50782049	0.40767394	0.43785482	0.60101668	0.48277528	0.39638699	0.45483389	0.45215972	0.41122142	0.39939481	0.40144104	0.56772161	0.54320869	0.43437285	0.57410658	0.49322195	0.43708621	0.49603012	0.51780912	0.80438109	0.49544900	0.41093899	0.46795459	0.38317705	0.77337647	0.53315675	0.41414369	0.51547044	0.57095238	0.45785755	0.54039365	0.57026496	0.57697714	0.57143210	0.39982754	0.51874781	0.44806882	0.56029611	0.51322868	0.56366837	0.41198890	0.60509191	0.39673947	0.39938024	0.63201517	0.48180202	0.46002862	0.40621914	0.55571853	0.51220808	0.54767323	0.45299159	0.46112500	0.49255551	0.39672714	0.47721040	0.49140896	0.67789662	0.57295184	0.42152697	0.47595578	0.62409241	0.44581013	0.40646169	0.43323637	0.41965841	0.44607689	0.40409602	0.50806029	0.43845933	0.45460364	0.41072003	0.46116218	0.41098923	0.67357514	0.45693753	0.42386304	0.59898225	0.49466124	0.41744275	0.49822694	0.64101829	0.48125878	0.49573979	0.41011229	0.42999292	0.38687923	0.51832494	0.50276240	0.44629716	0.44194793	0.45968562	0.42888622	0.42811900	0.40051875	0.36702712	0.70851376	0.39889066	0.38594704	0.39594566	0.47804218	0.37865602	0.37337160	0.41843038	0.40765828	0.44385946	0.40103121	0.59795954	0.50980607	0.41065306	0.47343131	0.40404917	0.37026918	0.49769473	0.45042541	0.43119701	0.44094233	0.40844906	0.40855563	0.41454793	0.42577235	0.51228223	0.44259133	0.38496848	0.40562133	0.39544702	0.38397371	0.43533346	0.42314030	0.46037925	0.40653209	0.48429960	0.43249594	0.46822648	0.53433345	0.43211759	0.38424172	0.36367005	0.41900530	0.46985514	0.42958814	0.37289268	0.48995328	0.41909812	0.41539520	0.54818726	0.41867502	0.47299675	0.36097800	0.44651643	0.44134196	0.45335053	0.43603302	0.42955058	0.44509855	0.40895358	0.38229624	0.47561592	0.37673568	0.38956868	0.35948985	0.36900445	0.43866193	0.38880375	0.43514207	0.44019162	0.36392193	0.54099290	0.43742569	0.40620554	0.49352698	0.41098129	0.42821438	0.37679757	0.45161657	0.40995012	0.38603176	0.37735854	0.52122930	0.45408350	0.41079413	0.45246143	0.37437435	0.38611429	0.54761478	0.38413302	0.43831693	0.41005192	0.37566876	0.46728097	0.41036940	0.43216473	0.47585532	0.42349933	0.42870416	0.39552727	0.35104193	0.39043668	0.34322482	0.43673528	0.57487599	0.45433876	0.39285446	0.46167735	0.42408768	0.38558893	0.46831878	0.41787128	0.48464668	0.37699586	0.48806740	0.41225728	0.37477828	0.47000450	0.40184772	0.37978932	0.46857090	0.37602110	0.43629175	0.38799160	0.39101887	0.37414892	0.44668513	0.39570377	0.49182807	0.37117606	0.45816421	0.37643995	0.41849146	0.39219509	0.40038076	0.37471078	0.42820014	0.53425021	0.36724159	0.42076054	0.39994846	0.47921496	0.37905760	0.41246688	0.36226774	0.41928961	0.40363104	0.36459779	0.41421221	0.37939912	0.37980580	0.40975844	0.35814804	0.40040031	0.44745634	0.35881046	0.37362482	0.38883093	0.37067320	0.42160614	0.36014623	0.41760040	0.37730964	0.40549054	0.35928570	0.39302500	0.40894504	0.44321156	0.43367851	0.37578285	0.34843799	0.43701279	0.36534124	0.37604859	0.39934389	0.45080672	0.46434375	0.42809453	0.39205519	0.35092187	0.42435655	0.40025495	0.45688727	0.38136979	0.35085579	0.41962947	0.50570914	0.37283303
02_166	0.81301147	0.63418707	0.71846604	0.56581447	0.53404627	0.44131156	0.45373712	0.68454125	0.52113463	0.72621928	0.69806327	0.66563495	0.83252747	0.87630940	0.59620546	0.51499051	0.46489728	0.48462244	0.55763507	0.50014874	0.60719583	0.51411615	0.85788238	0.78114318	0.57879282	0.50883917	0.62328539	0.48526801	0.54635082	0.82102197	0.42431938	0.62676428	0.50221414	0.46355313	0.45112220	0.43686502	0.40497114	0.51156156	0.48287271	0.53643452	0.47689126	0.42263249	0.46900919	0.65169671	0.56993048	0.55247151	0.64660056	0.46692418	0.64106411	0.51915322	0.48323573	0.48340247	0.73458969	0.48654561	0.64432063	0.40737235	0.46856843	0.43726399	0.49002875	0.57024664	0.48327057	0.74437583	0.57991546	0.54948239	0.43617459	0.47459466	0.44704486	0.44716961	0.51521538	0.57273178	0.49582905	0.42332294	0.63653487	0.43454615	0.49483702	0.76898581	0.51922261	0.44534771	0.46853724	0.48508005	0.60699900	0.54589068	0.65332389	0.58304100	0.51481826	0.57740787	0.54476967	0.45310996	0.65474716	0.53971979	0.41419809	0.53740763	0.53743710	0.52033416	0.46187098	0.45648361	0.53825046	0.52106577	0.50877470	0.40082070	0.42683012	0.61241488	0.55480864	0.52252514	0.44121153	0.52683485	0.42727402	0.63039032	0.57426401	0.78707445	0.46820010	0.45070339	0.44137277	0.37848313	0.49824015	0.50195114	0.39183004	0.52784510	0.49755752	0.48537040	0.43404249	0.58967783	0.44464622	0.46999938	0.48199821	0.63074361	0.51426827	0.52939869	0.39758057	0.42487423	0.49724570	0.42726734	0.80170398	0.46902476	0.41959125	0.47505546	0.35101485	0.40025664	0.50199841	0.43211736	0.44427877	0.51402299	0.47438142	0.51587341	0.57762366	0.63487293	0.51934194	0.56482425	0.41457793	0.42465466	0.48675927	0.52568082	0.47663562	0.44979401	0.58950610	0.42742091	0.41417501	0.45772347	0.47800322	0.55613860	0.45659559	0.40912122	0.48255532	0.48997578	0.38701435	0.45405731	0.66969947	0.61006409	0.65818591	0.43087310	0.46826777	0.43133428	0.52413149	0.55184175	0.43238907	0.49684130	0.39644175	0.40139423	0.45733558	0.40787047	0.42790553	0.62506232	0.46884263	0.46498292	0.55141960	0.40590965	0.43359458	0.48431065	0.48953105	0.41198237	0.60247092	0.36920482	0.41066167	0.45481972	0.52685044	0.46413998	0.47062509	0.56590840	0.45168970	0.40694130	0.54555057	0.45958044	0.63386840	0.45744982	0.50711081	0.41512700	0.47390514	0.44810085	0.51221211	0.43264854	0.61177060	0.36474905	0.45530692	0.59481586	0.40833467	0.48314796	0.53794880	0.39051166	0.50451517	0.42781344	0.47700808	0.50884064	0.39722898	0.34703766	0.45452415	0.45885373	0.46157166	0.46834026	0.43813229	0.44736649	0.62676825	0.51811470	0.40079083	0.53067989	0.57613222	0.39549143	0.50922151	0.39025148	0.49568588	0.48577971	0.48767634	0.47504076	0.48198272	0.46483564	0.44320244	0.44905175	0.41096137	0.45028365	0.35273661	0.44507946	0.49133980	0.53126207	0.50341371	0.43408108	0.48875570	0.65675395	0.41595849	0.45197603	0.47969070	0.43254573	0.39495582	0.40022218	0.48265248	0.54341100	0.38875329	0.35783662	0.54662284	0.44092069	0.41427246	0.56399271	0.43920851	0.47146228	0.48115687	0.48534395	0.48990320	0.61216078	0.43733187	0.47569851	0.37974498	0.55067276	0.46061002	0.49310585	0.42607834	0.42724121	0.46579362	0.41808965	0.41790256	0.37581832	0.36426562	0.43828685	0.48447201	0.38308070	0.35688345	0.40038316	0.46020344	0.39000711	0.40785971	0.43918895	0.49483682	0.39888743
02_123	0.48275834	0.50757702	0.49473297	0.46065847	0.54390419	0.52198880	0.50927586	0.45218641	0.57893349	0.48006492	0.43522283	0.44877160	0.45125848	0.45437443	0.53270829	0.71178476	0.49741152	0.62998708	0.65346622	0.45622056	0.47216584	0.56913837	0.44341821	0.44319765	0.56803953	0.61696772	0.49940361	0.45855015	0.58265742	0.46801172	0.57096408	0.47564591	0.65917084	0.68081444	0.55845582	0.46902595	0.62476651	0.64916915	0.52816838	0.53138358	0.45893961	0.62071182	0.67358144	0.48302825	0.44142839	0.45227478	0.46830121	0.41475783	0.52243375	0.48104107	0.59769479	0.56187953	0.43120196	0.46424140	0.47831584	0.59765822	0.69834255	0.43648532	0.61381857	0.53538213	0.45912887	0.49076680	0.51210523	0.53493671	0.43017137	0.40397939	0.59175241	0.76398336	0.46670594	0.48699960	0.52533877	0.58945671	0.59398687	0.49061932	0.42077760	0.43625166	0.47933613	0.48491954	0.78403897	0.62787366	0.59069342	0.40347610	0.43690590	0.48667340	0.45107618	0.51628773	0.63257801	0.64568204	0.54564398	0.39603051	0.44937316	0.43368272	0.64221384	0.49477405	0.64792262	0.45105700	0.47501297	0.58926355	0.46377713	0.48165125	0.39682249	0.40677545	0.51279002	0.42070955	0.43178510	0.63072231	0.51116845	0.47703837	0.44642551	0.42989399	0.58881894	0.46950686	0.47431700	0.43671449	0.52125995	0.53149093	0.43561890	0.52163476	0.50686200	0.55645107	0.61536909	0.43323081	0.51960371	0.44139206	0.53815544	0.40461042	0.41361174	0.52332388	0.47520442	0.45104218	0.40388884	0.49003735	0.47735317	0.45337904	0.47209225	0.57182329	0.44886402	0.58161954	0.42795470	0.45499086	0.40065069	0.59532749	0.37150967	0.54219232	0.40954415	0.44116246	0.38897363	0.51230910	0.40136669	0.55640441	0.47130369	0.41275267	0.50620788	0.44565285	0.52457889	0.42190104	0.44728122	0.43464398	0.55678637	0.47149978	0.41614663	0.45950350	0.53787776	0.41794293	0.45861029	0.43787709	0.42100826	0.48415180	0.46415743	0.51382642	0.59507180	0.39618465	0.52226151	0.55819498	0.47268670	0.40437604	0.46985506	0.48322442	0.58026829	0.46208621	0.36717069	0.52050777	0.46602437	0.57298121	0.41898322	0.41136705	0.48590183	0.45612038	0.44225852	0.43612086	0.42320704	0.47071538	0.45907079	0.51729835	0.44436874	0.43643056	0.66812913	0.44868141	0.48318897	0.52757773	0.49354911	0.53949374	0.45661765	0.47342497	0.41146611	0.41229123	0.46226553	0.56252516	0.45267867	0.49848625	0.41919239	0.46024662	0.44561642	0.48099455	0.41617319	0.42958956	0.47130367	0.55243381	0.38938995	0.60852030	0.40763032	0.55126366	0.50002319	0.43781880	0.42944253	0.49887630	0.39283924	0.52246763	0.45269590	0.52324272	0.41416866	0.52383165	0.41033372	0.39869925	0.44518122	0.40565579	0.38392903	0.49628255	0.54341159	0.54843237	0.44649024	0.43334995	0.43300971	0.49302567	0.59555426	0.53672636	0.39082434	0.39441825	0.47342911	0.40636064	0.48290931	0.41746743	0.38609016	0.43185671	0.50806608	0.44296332	0.45273373	0.45017341	0.47665775	0.44028546	0.41228687	0.46068371	0.37808211	0.55158617	0.46488529	0.44963177	0.48971361	0.46631698	0.50912249	0.42963529	0.47608987	0.44546240	0.47044310	0.44800846	0.51488802	0.41564744	0.45512244	0.40765089	0.44846378	0.48820974	0.49337569	0.39583945	0.41386590	0.43488998	0.46322568	0.37353681	0.38064813	0.41515790	0.53247368	0.56277515	0.39603799	0.45196983	0.36076030	0.48016808	0.55331132	0.43244942	0.41411976	0.40108355	0.46239861	0.37309811
02_121	0.68820603	0.56973011	0.62411314	0.67991446	0.48966617	0.41434772	0.42217504	0.88373887	0.47597570	0.60614012	0.61374020	0.60045145	0.81448839	0.70556832	0.52375902	0.49638160	0.43581566	0.46111512	0.55692208	0.48389216	0.76071444	0.46836728	0.70085761	0.83942539	0.55467908	0.49444692	0.56184781	0.45672965	0.59054795	0.69588324	0.43285263	0.70121590	0.49657838	0.46397147	0.43590601	0.45600617	0.40442469	0.48695132	0.45140363	0.48967278	0.48092473	0.41938133	0.45880871	0.75813213	0.53641659	0.64567211	0.59603815	0.44172275	0.61855718	0.57806097	0.46583587	0.45234651	0.62079177	0.50373209	0.56884120	0.41496635	0.47748394	0.46593639	0.49321748	0.50290948	0.51002336	0.73665945	0.66053422	0.48713061	0.42012782	0.44770491	0.46517084	0.44687883	0.54724925	0.60795206	0.44765341	0.40413808	0.60752174	0.43963176	0.47277549	0.68325793	0.48273455	0.47587120	0.45934704	0.46663574	0.58404709	0.48837218	0.65622052	0.51108949	0.49457946	0.53173812	0.55818707	0.44554972	0.60222042	0.48757778	0.42236257	0.51671230	0.53673143	0.60119321	0.48443421	0.41595813	0.59037085	0.53734466	0.52618060	0.38660268	0.43088369	0.57025667	0.49353895	0.48109790	0.40999870	0.51742479	0.41144636	0.75887985	0.50392297	0.71228148	0.48853033	0.40700937	0.44860678	0.35634983	0.44578962	0.45835446	0.39372563	0.48460804	0.46600956	0.50878106	0.42923224	0.53253683	0.45526096	0.47503659	0.44807834	0.56272844	0.47182653	0.47255082	0.39903767	0.42735979	0.45882322	0.40338927	0.67146742	0.44794959	0.38526258	0.45143438	0.34924707	0.39469244	0.50820259	0.44074535	0.46920208	0.50045800	0.43407254	0.57753239	0.52629964	0.58275381	0.48320011	0.62752369	0.38538297	0.41706784	0.45839489	0.49041234	0.44424491	0.41220930	0.52159115	0.39923339	0.39009804	0.41265385	0.45122948	0.49034013	0.46261490	0.42955177	0.43812598	0.45182850	0.37502947	0.42897099	0.62154123	0.62950904	0.56038521	0.39550196	0.48291742	0.43310354	0.47756372	0.56337674	0.40316901	0.45244236	0.39782135	0.39512098	0.46118542	0.40520420	0.41090467	0.67608505	0.42258888	0.45769895	0.51156292	0.38689579	0.42145240	0.43367506	0.47028840	0.38274615	0.53563754	0.36805551	0.40816937	0.45372823	0.51097129	0.48289724	0.46380777	0.67243419	0.43618551	0.40736051	0.62096202	0.44587966	0.55436955	0.46078894	0.45869999	0.43027942	0.50060212	0.41584373	0.52797237	0.41121561	0.60249662	0.36673857	0.42007056	0.54028622	0.37284341	0.52075916	0.56972978	0.40107928	0.49681133	0.42479736	0.46401950	0.49353531	0.40350028	0.34370489	0.47523790	0.41905651	0.44098714	0.44155976	0.43371305	0.42124765	0.57992777	0.47164890	0.41135255	0.49067675	0.51996716	0.37487088	0.47985579	0.38628288	0.54814778	0.49344866	0.47447297	0.42786731	0.53210400	0.42180197	0.45262387	0.43305812	0.42029963	0.41026871	0.35015351	0.42531924	0.45269080	0.51812826	0.45901298	0.40448670	0.44334083	0.62180205	0.39140883	0.45983362	0.43827182	0.42975999	0.39865078	0.39205870	0.47870878	0.53596344	0.39222807	0.35126581	0.52945851	0.43028675	0.41364415	0.52272615	0.40444051	0.49302964	0.45152126	0.46409638	0.45435489	0.59444736	0.40051548	0.49412362	0.36038860	0.62865290	0.42787479	0.47035156	0.39051544	0.39753468	0.42856931	0.43709674	0.39109088	0.38051528	0.36746521	0.44692662	0.44543031	0.38751087	0.35460756	0.38072450	0.47930454	0.36466700	0.37733342	0.42909470	0.57974178	0.41990877
02_303	0.56150579	0.54748824	0.55168599	0.52689604	0.52990702	0.44427679	0.45764539	0.52339672	0.59918072	0.60375509	0.55936025	0.53085393	0.53099082	0.55711797	0.58656180	0.65286329	0.45545257	0.64891595	0.67069881	0.44994469	0.56285950	0.60131227	0.51659332	0.51867848	0.56863412	0.56684608	0.52114601	0.45586358	0.68731228	0.53941097	0.47250477	0.60434563	0.79247747	0.51233367	0.46663105	0.46397533	0.46854242	0.65790087	0.46572949	0.52160919	0.46532478	0.48785427	0.67640018	0.58731743	0.47287342	0.50971328	0.52197831	0.43590462	0.60396839	0.52101543	0.57639245	0.51726960	0.54105222	0.52492273	0.55095752	0.48409377	0.61745364	0.41825385	0.54601568	0.57060941	0.44196423	0.64184928	0.56859078	0.60078076	0.43755421	0.41162403	0.47889330	0.59421951	0.55261690	0.64132113	0.60027951	0.49999809	0.64542975	0.47314407	0.43068681	0.49034768	0.47345025	0.44570664	0.65278650	0.62126359	0.63072951	0.50126541	0.50876916	0.53587998	0.43162884	0.49278655	0.73679690	0.65941665	0.73189849	0.47460349	0.45972454	0.56093682	0.62770279	0.52806157	0.51102210	0.44416490	0.62775481	0.58475852	0.62414510	0.44998324	0.45957110	0.44282312	0.52133844	0.46264934	0.43524894	0.82603457	0.42281271	0.53098813	0.56892944	0.49366874	0.52504883	0.49874621	0.49865344	0.39586623	0.56473358	0.56351890	0.40635353	0.50757980	0.48451454	0.54186320	0.65645144	0.56718835	0.51265353	0.43323796	0.53931553	0.46408956	0.48126979	0.60778455	0.46202379	0.48526537	0.44546229	0.41591072	0.56241206	0.50550250	0.45801992	0.66902845	0.40107640	0.48254493	0.51173486	0.45638368	0.43664446	0.55323157	0.43458969	0.54743161	0.49180464	0.57924715	0.43580646	0.63208310	0.41245622	0.47832734	0.44862904	0.51499546	0.51902188	0.46411800	0.60336502	0.41584344	0.43919422	0.48406739	0.58083805	0.59167855	0.47196297	0.42182562	0.56755577	0.47225522	0.46788277	0.40361288	0.45834626	0.55883494	0.57351522	0.48355063	0.69672871	0.46027548	0.50098580	0.81188911	0.50500489	0.45954336	0.44266266	0.46929188	0.71299427	0.49271169	0.36511046	0.55947295	0.47618042	0.48446164	0.52514512	0.37679040	0.45757971	0.50489506	0.54014665	0.40001753	0.52024697	0.40081109	0.48365350	0.47793599	0.43598968	0.53753954	0.65772006	0.50220856	0.47319273	0.52028108	0.59877134	0.51671480	0.58153742	0.51064605	0.44580066	0.43113615	0.47928683	0.54202949	0.59908409	0.42017749	0.47213481	0.39071580	0.43719112	0.49418007	0.43698839	0.48541993	0.47888119	0.42319089	0.42815320	0.56068678	0.49247106	0.51415168	0.41763737	0.39982862	0.42355783	0.53216923	0.39446003	0.44940132	0.43514997	0.45600681	0.45622583	0.52498118	0.42686974	0.42550402	0.56752005	0.36761227	0.43382493	0.50009105	0.54430837	0.51496316	0.52311123	0.47095911	0.45661175	0.53863033	0.60811158	0.54922861	0.44455420	0.44356093	0.41396168	0.43260019	0.46307633	0.45766168	0.46488886	0.43860153	0.53184782	0.48855138	0.47353985	0.51060711	0.46028253	0.43348044	0.44667564	0.48769689	0.41012702	0.55969068	0.43551344	0.40172229	0.63008838	0.44290141	0.48703938	0.46064946	0.50330821	0.48151531	0.45448587	0.51958542	0.52114659	0.45961638	0.48144839	0.43451083	0.41274377	0.53260346	0.50834588	0.41489017	0.43567761	0.43930830	0.46491858	0.39451010	0.40075755	0.42214348	0.44541888	0.65526502	0.46611674	0.42605475	0.36844470	0.46194117	0.69616333	0.40651996	0.43791219	0.43868450	0.48883952	0.38773293
02_99	0.83057012	0.60351438	0.78514613	0.53418757	0.56752608	0.45129611	0.44909303	0.66606213	0.52039252	0.64838566	0.59472645	0.58924504	0.79021634	0.73535949	0.60132812	0.50879698	0.46206104	0.46670111	0.55755049	0.48706624	0.56810903	0.50920609	0.78143647	0.72932103	0.61716524	0.52104768	0.69924394	0.46712106	0.50403996	0.88796537	0.41332683	0.55190196	0.47900851	0.46978661	0.45067435	0.41058018	0.40035211	0.50682868	0.49581082	0.57191686	0.44977209	0.41594180	0.45237999	0.58170064	0.53518566	0.52239016	0.58014596	0.43699643	0.57189032	0.48092245	0.47193000	0.46915528	0.61141198	0.43824352	0.58717872	0.39543969	0.46691904	0.42389875	0.50933074	0.57560837	0.47820874	0.63603774	0.55869827	0.53632108	0.40482513	0.45001384	0.44929209	0.43341774	0.46712903	0.50504976	0.47230312	0.41230685	0.60175734	0.40781657	0.47198260	0.83942143	0.49718918	0.43618028	0.45691969	0.47013004	0.60612944	0.47733689	0.58882594	0.55599841	0.52699561	0.62869664	0.51825477	0.43381549	0.59108328	0.47661070	0.38435476	0.46668519	0.54016098	0.49318237	0.46721675	0.43702243	0.48228371	0.48910279	0.45159241	0.37867018	0.38702736	0.58920115	0.57089239	0.47367550	0.41478783	0.49570551	0.44391714	0.62355226	0.50800997	0.84260991	0.47864623	0.42966444	0.40850341	0.36732579	0.48442075	0.47950072	0.37449903	0.56934020	0.51366738	0.47751149	0.41508399	0.51675841	0.42877460	0.44853978	0.45670298	0.57772745	0.45565949	0.50797328	0.38253097	0.38828396	0.45176866	0.43822491	0.73006093	0.43060268	0.39997791	0.44580289	0.33609575	0.38679376	0.44879160	0.41696050	0.41618639	0.54094705	0.42724722	0.51999404	0.50861855	0.54278989	0.47563568	0.51748806	0.38657845	0.40942485	0.48124861	0.45897014	0.45896530	0.43030608	0.55705807	0.40421928	0.39026069	0.42674989	0.44199756	0.50683709	0.41719155	0.39519430	0.46463646	0.44054709	0.36667439	0.45885655	0.66775962	0.56183409	0.57400856	0.41628839	0.43922331	0.39075901	0.55943407	0.50482901	0.40606315	0.45493728	0.38833974	0.38568709	0.42794929	0.38091855	0.41663520	0.65215421	0.45718740	0.46528776	0.47923428	0.40470465	0.41126368	0.44838051	0.43763462	0.41021246	0.52331336	0.36200833	0.38541942	0.45935800	0.53435471	0.41707863	0.45951259	0.54495710	0.44225039	0.38837471	0.49827205	0.45161026	0.56806190	0.42830150	0.48288051	0.38526345	0.45761792	0.43050361	0.45447917	0.44757429	0.57210585	0.36103614	0.45866322	0.65815878	0.38961678	0.44741780	0.51806106	0.39831383	0.47609439	0.40537989	0.42530644	0.54235435	0.39404570	0.33101155	0.43782122	0.43838028	0.44617451	0.48614124	0.43456572	0.44846984	0.62484788	0.54127888	0.37186771	0.52194172	0.50698913	0.39768242	0.47006990	0.37094460	0.48911989	0.49517144	0.43636874	0.45020341	0.46100612	0.45017158	0.42204701	0.42925721	0.37685867	0.41577217	0.33934730	0.41776153	0.51644867	0.49898282	0.45073254	0.41018288	0.48089776	0.69954836	0.39561096	0.41733077	0.47663205	0.42765788	0.36520816	0.37430936	0.46412244	0.56471659	0.38146802	0.34582830	0.49956208	0.44768717	0.40487833	0.56861102	0.42171676	0.44641438	0.51616933	0.44656898	0.50100912	0.64955643	0.42447323	0.46281732	0.36816818	0.55080807	0.44452894	0.49254836	0.41018791	0.40787940	0.46710045	0.40337604	0.39437785	0.35283489	0.35409937	0.41334907	0.44447344	0.37797018	0.33586506	0.38504635	0.42646001	0.38209848	0.38958477	0.40747757	0.48158696	0.38647402
02_264	0.82080354	0.65659763	0.73805077	0.52509108	0.55158724	0.45215122	0.46450652	0.62942759	0.54513794	0.80562938	0.73174275	0.68258737	0.75630418	0.90751157	0.63348558	0.52229731	0.47635915	0.49227138	0.55958987	0.50048415	0.57033567	0.54084737	0.81823416	0.69465532	0.58285274	0.50750148	0.63536492	0.49440638	0.53239662	0.80952681	0.41796992	0.58965905	0.51169204	0.46407518	0.45451221	0.42784729	0.40479938	0.52716262	0.49358719	0.55147118	0.47317401	0.42640272	0.47545332	0.60773537	0.56916609	0.51075960	0.62354112	0.47293279	0.63189066	0.49005599	0.47905838	0.49696453	0.72983566	0.46860869	0.67643702	0.40606054	0.46854054	0.41904092	0.48656996	0.59763725	0.46936538	0.72464062	0.54257380	0.58690114	0.43111141	0.46417890	0.44074927	0.44607514	0.48767503	0.55126068	0.52228342	0.43462369	0.62302803	0.42780384	0.49048126	0.70666756	0.50409672	0.43032914	0.47817431	0.48616216	0.60019114	0.54715023	0.59143160	0.57741177	0.50759622	0.58035363	0.53696933	0.45758672	0.67206502	0.52597847	0.40979711	0.52914124	0.53278392	0.49801900	0.45314356	0.45318658	0.52583510	0.51132572	0.50347442	0.40046152	0.41140183	0.56506864	0.56200249	0.51667718	0.44482464	0.53442365	0.43164865	0.58178164	0.59850221	0.74016099	0.45676322	0.45918939	0.44158883	0.37741866	0.52260833	0.50539900	0.37944183	0.54312857	0.49000998	0.46586243	0.44320043	0.61956940	0.42880307	0.45200129	0.49941794	0.58738572	0.50999698	0.56490676	0.38671257	0.41462341	0.48302659	0.42982100	0.75373986	0.45632101	0.42554802	0.48558683	0.34577215	0.40403391	0.47777189	0.41245225	0.41740796	0.51816444	0.46462883	0.49426023	0.55427214	0.64188719	0.49203846	0.53885850	0.41196530	0.41762597	0.49208482	0.51715886	0.47159645	0.44575015	0.59962975	0.42438501	0.41039225	0.46160623	0.48260058	0.58723437	0.43477383	0.39380134	0.50983396	0.48654378	0.38357321	0.44524391	0.61541612	0.56522022	0.65994424	0.44649797	0.46475616	0.41581524	0.53503867	0.55499463	0.43336443	0.48363171	0.38463346	0.39306434	0.46239715	0.39911113	0.41229155	0.59574389	0.47008609	0.46726324	0.54069432	0.39608318	0.42460234	0.49137463	0.48009199	0.40740493	0.60052754	0.36071622	0.40037007	0.44036381	0.51710938	0.44998811	0.47698154	0.52204888	0.43826952	0.40086586	0.52706206	0.45080827	0.67769642	0.43968491	0.48978959	0.39641253	0.44637492	0.46379535	0.50514248	0.43296658	0.55824490	0.35509517	0.44799229	0.59058066	0.41127290	0.45365411	0.50939830	0.38612043	0.47004545	0.42592064	0.46337503	0.50724741	0.38682009	0.34291790	0.42825652	0.46840567	0.44858902	0.46454665	0.41972248	0.45541765	0.58028666	0.53864935	0.38570889	0.50035819	0.58330071	0.38772561	0.48210170	0.38697454	0.47400828	0.47091611	0.47888501	0.47316979	0.44979600	0.48758937	0.43718551	0.44594510	0.39561426	0.44703981	0.35005260	0.45319632	0.49054620	0.49763577	0.49965671	0.44024800	0.50231560	0.62713751	0.41502766	0.43622746	0.47797176	0.41470055	0.38399181	0.39451215	0.45176350	0.54295590	0.37726806	0.35335951	0.55388772	0.42829706	0.40644940	0.53919371	0.44858447	0.44710110	0.48434999	0.47865353	0.50632141	0.59357583	0.44828393	0.44665122	0.38206031	0.52495389	0.47816457	0.47022308	0.42593899	0.43358766	0.46753739	0.39457503	0.41326800	0.36873773	0.36538605	0.44196724	0.48472227	0.37234518	0.34974441	0.40405770	0.45931290	0.39254428	0.41037716	0.42626083	0.47073126	0.37822882
02_209	0.51040385	0.54561702	0.52807380	0.45896164	0.58959094	0.57488840	0.55257468	0.46343039	0.61646863	0.50436631	0.45035602	0.46986935	0.47010232	0.47537441	0.57273461	0.74011340	0.53913822	0.62840176	0.66985672	0.48295883	0.47311324	0.60320746	0.46686155	0.45880280	0.60507272	0.63980349	0.53699421	0.48681508	0.56846928	0.49435836	0.57089087	0.47611603	0.63772651	0.73482621	0.60360851	0.46788828	0.62959320	0.67104743	0.58480039	0.57384945	0.47243192	0.63970221	0.64568789	0.48774562	0.46539440	0.45073624	0.49061537	0.43242690	0.54270967	0.47724262	0.59795515	0.60762664	0.44698736	0.45862474	0.50653609	0.58419151	0.66130193	0.44100190	0.62545407	0.57615862	0.47482591	0.50297749	0.51114739	0.56966811	0.43983117	0.42221112	0.60468940	0.70262927	0.45797408	0.48136907	0.54469709	0.61726585	0.62381244	0.49106920	0.44149178	0.45860023	0.50389901	0.48876320	0.75896878	0.62281861	0.61731981	0.41275160	0.44672253	0.51027212	0.48341301	0.56623356	0.61677327	0.61030670	0.56251275	0.40510085	0.44522575	0.43480440	0.65198103	0.49192211	0.64938809	0.47185807	0.46613909	0.59347597	0.45451144	0.48592569	0.38948524	0.42427452	0.54939792	0.43702217	0.44998502	0.61830393	0.55633503	0.48561676	0.45993429	0.45075457	0.57915747	0.48258942	0.47282043	0.45018016	0.54721949	0.54703053	0.43500914	0.56373936	0.53100606	0.54315932	0.57919720	0.44445176	0.50185653	0.45375397	0.56729246	0.41936434	0.42418216	0.54934145	0.45860788	0.44141121	0.41541056	0.53157398	0.50020287	0.45252477	0.48868956	0.56361501	0.43859192	0.57890013	0.42434371	0.44704585	0.39535081	0.62545299	0.37833123	0.53467244	0.41886713	0.45084346	0.39890039	0.50314443	0.41199333	0.55684260	0.50549156	0.41714505	0.51463206	0.45563553	0.54848456	0.43805174	0.45503553	0.44407823	0.56387625	0.48746215	0.41066869	0.45633352	0.56667985	0.42830918	0.44597491	0.46576598	0.44172814	0.48887701	0.48207734	0.54372914	0.55596424	0.38972522	0.56526346	0.54804818	0.47311431	0.41313296	0.45782708	0.46977773	0.54763927	0.44575825	0.38158321	0.53565517	0.48460639	0.61241376	0.42459841	0.42965571	0.49241819	0.47068194	0.43975994	0.45683553	0.43578329	0.46717221	0.44448385	0.51914336	0.47253350	0.42463694	0.64286466	0.44967249	0.48612644	0.49921452	0.48632865	0.53828502	0.47396036	0.46274771	0.42488269	0.40560411	0.45593938	0.58440676	0.44539122	0.53917005	0.43010375	0.45612055	0.46262962	0.51286254	0.42380481	0.42258534	0.48348809	0.55735815	0.39557573	0.57735860	0.40609521	0.57875928	0.50214169	0.42752499	0.43304824	0.50935798	0.41010106	0.56615114	0.45559994	0.56616246	0.43096415	0.56080636	0.40258424	0.41345842	0.45457639	0.42549894	0.39154406	0.47220818	0.52868040	0.54969303	0.44630627	0.44550783	0.43000588	0.50983252	0.55383703	0.52700475	0.38177080	0.40178714	0.46066313	0.41967034	0.51167168	0.42539075	0.39344410	0.44794894	0.52902422	0.46299650	0.45188620	0.43871138	0.50313602	0.44052210	0.40098594	0.44612503	0.38401432	0.57051644	0.45134481	0.44403959	0.49172127	0.47289061	0.49297231	0.44652027	0.48421841	0.43916729	0.49612174	0.44865928	0.53969879	0.43303857	0.46609520	0.40898335	0.45784732	0.48863237	0.51265820	0.40804822	0.42262948	0.44964139	0.48107862	0.37148025	0.38934625	0.40541932	0.51191453	0.52760292	0.40326178	0.43938195	0.35944935	0.48247764	0.52040031	0.44623303	0.41944543	0.40192693	0.45777088	0.36894812
02_187	0.71586273	0.65668687	0.70715999	0.48442244	0.60201445	0.47848659	0.49264152	0.54603035	0.63948864	0.87890269	0.68378647	0.63335269	0.62082508	0.71339890	0.74424451	0.58165345	0.49554985	0.55884183	0.59679105	0.48688128	0.52178972	0.64235253	0.65395433	0.58218946	0.60547297	0.54197142	0.63616289	0.49887321	0.53680609	0.68380741	0.42698398	0.55290483	0.57303290	0.48291804	0.47223817	0.42314988	0.42540770	0.60233432	0.51441864	0.59768117	0.46298154	0.45005914	0.53280837	0.55747188	0.53637566	0.47251754	0.58501206	0.47105475	0.62018080	0.46656143	0.51929838	0.53712684	0.66478780	0.46395419	0.67714870	0.42287043	0.50225741	0.40006950	0.50780331	0.69253802	0.44353840	0.67345269	0.51509193	0.71830247	0.43641992	0.44910781	0.44299507	0.48246445	0.47820797	0.54314781	0.62869024	0.47772317	0.64253844	0.43313489	0.47206890	0.59709398	0.50557217	0.41711646	0.53497488	0.53881261	0.62775002	0.55670689	0.53547796	0.61279970	0.48285514	0.57741675	0.56760944	0.50979208	0.75125760	0.52009595	0.41455219	0.53617360	0.56343699	0.47121912	0.45869436	0.47568194	0.51713882	0.51721104	0.51261186	0.42324274	0.41259513	0.50654657	0.60736104	0.50850922	0.46115291	0.59756503	0.44485086	0.52525814	0.66029760	0.60590157	0.46569935	0.51791924	0.44970508	0.39832632	0.62289810	0.56582893	0.38096594	0.58168586	0.51089269	0.47026951	0.49669812	0.64661489	0.44003139	0.43435337	0.55193969	0.53803896	0.51381376	0.69370755	0.40215846	0.42425516	0.47800164	0.44499137	0.68738040	0.47485893	0.46744827	0.55608796	0.35997913	0.43243408	0.47035921	0.41399513	0.40231410	0.55085095	0.46621518	0.48209905	0.53772430	0.63595797	0.47113052	0.52713863	0.42673291	0.43717426	0.49473661	0.52305282	0.50975350	0.47746249	0.67926603	0.43512544	0.43256154	0.50707861	0.53073776	0.68697288	0.43092170	0.38699914	0.60380701	0.49716558	0.41285528	0.44028017	0.53731637	0.53985732	0.68671965	0.50173439	0.49626748	0.41723998	0.57452444	0.59079910	0.47714956	0.49150787	0.39716867	0.41482129	0.50680277	0.41956715	0.39415689	0.56234561	0.51172105	0.48147786	0.54295165	0.39623472	0.43725037	0.54167450	0.49937368	0.42352278	0.59477973	0.37080962	0.41864013	0.45020323	0.48664973	0.45251496	0.53093303	0.47775686	0.45455264	0.42746959	0.50801459	0.47829626	0.73066043	0.44934505	0.49168265	0.39012787	0.43649243	0.53055768	0.51058546	0.44639719	0.50798304	0.36241089	0.46725466	0.58624842	0.45003780	0.43694168	0.47753042	0.39321871	0.44385669	0.45958103	0.46764869	0.52807487	0.39060708	0.35898444	0.40892622	0.53383064	0.43002836	0.47873114	0.42193865	0.48204062	0.52628997	0.60103011	0.38433509	0.47539839	0.61531780	0.38977811	0.46336012	0.41662706	0.46729448	0.47988786	0.49018470	0.50703277	0.42486758	0.57231911	0.46595063	0.48546404	0.39604670	0.46898023	0.36887729	0.45784358	0.51384453	0.47512461	0.50570009	0.46208540	0.57146165	0.56988990	0.45134706	0.44417056	0.50360815	0.41743683	0.39268471	0.41996713	0.42673614	0.56287568	0.38909312	0.37059433	0.58989250	0.43829563	0.42827941	0.51973847	0.50543828	0.43959173	0.50305714	0.50029683	0.56284048	0.53477068	0.50252731	0.42678716	0.40828120	0.49781037	0.53087134	0.45227693	0.45713398	0.46093177	0.50098541	0.37907355	0.42187816	0.37741005	0.38684974	0.47951681	0.50094067	0.38344976	0.35253761	0.44024874	0.48693527	0.41919088	0.44535123	0.42859221	0.44291360	0.36595388
02_59	0.48805858	0.65099330	0.48881892	0.41769207	0.47302217	0.66162761	0.76646561	0.44330751	0.47502024	0.49471197	0.46809118	0.54783915	0.46581765	0.48122225	0.49253184	0.48957479	0.85525031	0.45188317	0.47377137	0.73749527	0.43335304	0.47317982	0.49411694	0.45504965	0.47220301	0.45190296	0.47716229	0.78792806	0.48273536	0.48175333	0.56254349	0.44431303	0.45515944	0.58429504	0.73162387	0.53046336	0.55349024	0.46704919	0.70461048	0.46656662	0.62702605	0.61693695	0.44279554	0.46605101	0.63242314	0.41200014	0.57517691	0.61983407	0.58157271	0.46538439	0.43964630	0.74473513	0.46743855	0.46130965	0.59372777	0.54417818	0.43208433	0.49346876	0.43645341	0.48633470	0.57089668	0.47696211	0.43621520	0.48901260	0.55117964	0.56974223	0.56118427	0.47614412	0.41282548	0.43960149	0.46318975	0.60251158	0.53942509	0.55851597	0.63981852	0.46037349	0.56063549	0.52337003	0.49111218	0.44620132	0.47931166	0.43240817	0.43905980	0.46812640	0.64779543	0.56113260	0.45750167	0.43024781	0.49295789	0.42240451	0.50021410	0.43005602	0.45927683	0.47548708	0.50938060	0.50772526	0.42609834	0.58056537	0.42082074	0.53064735	0.37003279	0.45843512	0.46967961	0.55125960	0.60517374	0.46275614	0.61156368	0.44262924	0.46409465	0.45935167	0.41658407	0.42750556	0.53251515	0.47858679	0.46383140	0.45449129	0.45556166	0.46124927	0.43603469	0.41772696	0.42000142	0.45625585	0.39727131	0.55499153	0.64476782	0.43575715	0.48131760	0.47712065	0.37132093	0.43519491	0.47105218	0.61093243	0.48321313	0.41544670	0.49753842	0.44425506	0.41979877	0.55593142	0.40473561	0.38028344	0.36822510	0.45294284	0.39497699	0.42177452	0.43146597	0.45845640	0.41880785	0.43700265	0.47789479	0.50419772	0.81872255	0.42292258	0.43087125	0.41153821	0.48327447	0.54884292	0.47631346	0.41941510	0.53404535	0.46937784	0.38432043	0.46985460	0.51306901	0.49018486	0.37346665	0.57278940	0.47783888	0.44452066	0.47720336	0.56346246	0.42256838	0.37218769	0.47327155	0.45628980	0.41155667	0.41505781	0.36906616	0.38124086	0.42504035	0.37853441	0.47092240	0.45583535	0.42974528	0.69360792	0.43123731	0.48364672	0.52081160	0.47345483	0.41616670	0.46423534	0.46851988	0.42937238	0.37874644	0.40592558	0.62491566	0.39292234	0.44024688	0.41418897	0.40573090	0.38621210	0.45276188	0.41876189	0.47689310	0.39860028	0.41747593	0.40173189	0.39401643	0.52699924	0.41901673	0.57340123	0.43186996	0.41197003	0.40988149	0.46189338	0.39123199	0.38933185	0.53015478	0.48877480	0.39229979	0.46502381	0.39967647	0.44412095	0.48428362	0.41239087	0.44629716	0.43446247	0.53917158	0.52817757	0.39709741	0.68353973	0.43407669	0.46282780	0.40299404	0.41153904	0.45363134	0.47291567	0.39932574	0.37664955	0.42295848	0.42153858	0.45861971	0.42183541	0.40770180	0.44343010	0.40947984	0.41866045	0.35895813	0.40538370	0.43215221	0.55352316	0.44401489	0.42574208	0.41125905	0.56616601	0.44963256	0.45058665	0.39451305	0.39164056	0.49934111	0.38148395	0.37686591	0.37823923	0.38122629	0.45399953	0.36508553	0.42057842	0.44960176	0.39527359	0.38716853	0.43172682	0.42467916	0.39684355	0.42875390	0.42415900	0.44711333	0.43580549	0.41631591	0.38349846	0.47980860	0.42430160	0.51718109	0.40732656	0.39527559	0.51515474	0.43035956	0.35400846	0.43180351	0.40349151	0.46059299	0.40973643	0.41191185	0.35793946	0.39245008	0.44923398	0.41504777	0.45971935	0.39226648	0.40933745	0.42822347	0.34745102
02_228	0.47270708	0.54597370	0.45973759	0.50280498	0.42046437	0.48047706	0.49927426	0.50468858	0.41298940	0.45049187	0.44692918	0.51204169	0.48681370	0.46945218	0.42871069	0.45450553	0.52898267	0.41432896	0.47025298	0.63327869	0.51255727	0.40773410	0.48531129	0.49054066	0.45372446	0.43428945	0.44285838	0.55719465	0.54392920	0.47124095	0.60619122	0.49732533	0.43905836	0.55917545	0.56236371	0.65437651	0.52031201	0.42724007	0.51507170	0.41628017	0.67389877	0.54699112	0.41926414	0.53477725	0.57746405	0.49323150	0.55452320	0.51645530	0.57615684	0.58959812	0.41880347	0.52046271	0.44750807	0.51372851	0.51142950	0.55833364	0.43646571	0.69291293	0.43798968	0.42028475	0.84418558	0.49094400	0.50325813	0.41443951	0.50264556	0.51638478	0.65152162	0.46429350	0.45976763	0.47831604	0.39312931	0.46847402	0.52521281	0.59406759	0.57472193	0.46395946	0.50461504	0.76721828	0.45375310	0.41952664	0.46884906	0.40021955	0.47122398	0.42180369	0.59497586	0.49914548	0.47205812	0.41102932	0.46645849	0.40059463	0.53733093	0.42687819	0.45875380	0.64136487	0.57434057	0.42452737	0.47515807	0.64512758	0.44386023	0.46140499	0.38959997	0.46701365	0.41566590	0.49157281	0.47092756	0.44717224	0.49916797	0.51452880	0.41235000	0.46630990	0.44408622	0.36669356	0.55446353	0.40073933	0.39069530	0.40418313	0.48143392	0.41325155	0.40784919	0.45398138	0.39984865	0.42216909	0.42004130	0.63783771	0.48610381	0.42922232	0.44041896	0.40479095	0.37961230	0.45242710	0.43881924	0.47676055	0.46973532	0.40294068	0.39972769	0.40576575	0.41310520	0.49182096	0.43041723	0.40560752	0.41651135	0.43405739	0.37170000	0.48614420	0.41956413	0.44343351	0.41308528	0.49405846	0.41078346	0.48036738	0.56689291	0.40821524	0.39660447	0.37056784	0.43090918	0.45578924	0.41784054	0.36712658	0.46394964	0.40822419	0.40952813	0.58597715	0.41354836	0.44042455	0.35584283	0.49972352	0.48904731	0.48001270	0.43648200	0.41990090	0.43858240	0.38923860	0.41763563	0.46583725	0.37083915	0.38830233	0.37790842	0.37601167	0.42211912	0.38049281	0.46157399	0.49521423	0.37613000	0.59933107	0.41735362	0.44096597	0.49114074	0.40084010	0.40784990	0.39955087	0.43704017	0.43036477	0.38234451	0.41293803	0.60685155	0.42487465	0.42129178	0.49603768	0.39617658	0.38732819	0.53765778	0.40560039	0.43237215	0.41553507	0.39024416	0.45380746	0.44066240	0.42323731	0.44175819	0.47560493	0.45896271	0.42405147	0.37513538	0.43316160	0.34165225	0.44570030	0.66532781	0.52153368	0.41301319	0.45004893	0.40187376	0.42805014	0.51918299	0.39958808	0.53247792	0.37712387	0.51212307	0.46333861	0.40599471	0.49768895	0.43815080	0.40548354	0.44462405	0.40461571	0.42104219	0.42206473	0.39909031	0.36910199	0.49163205	0.43717337	0.45307781	0.37560535	0.49557758	0.37560151	0.42147792	0.39730858	0.38428530	0.36650370	0.41493310	0.48092892	0.40149055	0.44225935	0.38500342	0.45138446	0.39002820	0.45490594	0.36099946	0.41284997	0.42782626	0.39153412	0.39319493	0.36957474	0.40294335	0.44798302	0.37668618	0.39919438	0.43733664	0.39060077	0.38853445	0.42178183	0.36967218	0.43836327	0.39548672	0.40948144	0.39753566	0.44467951	0.36133560	0.42246753	0.40376876	0.48952603	0.42675218	0.40641937	0.35263304	0.42349644	0.38466899	0.39621457	0.39165385	0.42093551	0.45007648	0.41351350	0.38187076	0.37008779	0.39718533	0.39386080	0.43560656	0.38612366	0.34848220	0.41044464	0.55731216	0.39249599
02_274	0.75866424	0.63637358	0.78976356	0.51897256	0.68292740	0.49503658	0.49491765	0.57908426	0.68633047	0.73308971	0.60247905	0.58046245	0.64019692	0.67633138	0.79285006	0.65798752	0.49548949	0.60117245	0.69985796	0.48353016	0.55196283	0.66899458	0.64092605	0.60530087	0.72663778	0.63265666	0.72747971	0.48376418	0.56870812	0.71699906	0.45118941	0.56764900	0.61163210	0.52778565	0.49273393	0.42896151	0.45142487	0.66751094	0.53467530	0.67942091	0.45857531	0.46968169	0.57483179	0.57879724	0.51693201	0.50706668	0.57616818	0.44640443	0.61616555	0.48902276	0.57832538	0.53732452	0.60533835	0.46800429	0.61754538	0.44212121	0.56651246	0.41719693	0.59113653	0.74792304	0.46001618	0.66965059	0.57225064	0.70100503	0.42891628	0.44316148	0.47839372	0.52444276	0.49901321	0.55035839	0.60456376	0.48348385	0.72273244	0.43885114	0.46156620	0.62686752	0.52418046	0.44017573	0.57491768	0.59333004	0.75648130	0.50875672	0.55691788	0.64317437	0.49749999	0.63699406	0.63411274	0.54360747	0.75618285	0.49450012	0.41167130	0.50944404	0.66212261	0.49502540	0.50942550	0.48100209	0.51863032	0.54058197	0.50095535	0.42494904	0.41479743	0.51998683	0.67721392	0.48404710	0.44506832	0.63480169	0.47064716	0.57650938	0.58008620	0.61711796	0.53440745	0.51753405	0.44171818	0.40624799	0.61790356	0.59448429	0.39573292	0.65715405	0.57725447	0.53036894	0.51531021	0.56267131	0.48239707	0.44542498	0.53272818	0.53859934	0.48190877	0.65446097	0.43196787	0.42708162	0.46550578	0.46709692	0.72064959	0.48493505	0.46393434	0.56429541	0.37239270	0.44345457	0.47546914	0.44875785	0.42239981	0.64422337	0.44581637	0.54608949	0.52002123	0.57749147	0.47078291	0.55922419	0.41675561	0.46334919	0.49400233	0.49434222	0.54394982	0.49235397	0.70347492	0.43011623	0.43538140	0.49563383	0.52856366	0.60832195	0.44263346	0.40758787	0.57892269	0.47152207	0.42731873	0.45852586	0.55534548	0.58188025	0.64329731	0.49153120	0.52544867	0.41852420	0.64615503	0.60329358	0.48321218	0.48513824	0.43235497	0.44287388	0.51989346	0.43563691	0.39892509	0.64655566	0.53264227	0.50553775	0.51312960	0.41350028	0.45065836	0.52027272	0.49114079	0.44288925	0.54590862	0.39476665	0.43748918	0.50789377	0.49793137	0.45379486	0.57911615	0.51475076	0.49604735	0.45574349	0.52158691	0.52867745	0.63106939	0.47636562	0.50377598	0.40181575	0.47670072	0.52658552	0.49809476	0.47578418	0.52922083	0.38911768	0.50342988	0.66323868	0.44931863	0.45853704	0.50104390	0.42647333	0.46077455	0.48105525	0.45771904	0.61394947	0.41889844	0.36837816	0.43252970	0.53879708	0.43015201	0.52503479	0.46152929	0.49468918	0.55185835	0.65455032	0.39284961	0.49835271	0.56624520	0.40730278	0.46601608	0.43603377	0.52204943	0.54944563	0.47806275	0.50916329	0.45319009	0.55615259	0.50245598	0.51580373	0.40168726	0.45533659	0.38112380	0.43233540	0.56792197	0.49329827	0.47399228	0.44476890	0.58981763	0.60801898	0.46173578	0.45944786	0.52631508	0.45463888	0.39904254	0.43299674	0.44421100	0.64271632	0.42301310	0.38479550	0.57533825	0.48490208	0.46456369	0.55238752	0.50623481	0.46691845	0.55308981	0.49901941	0.59760236	0.55301421	0.50131898	0.45481488	0.41217178	0.54659869	0.51513922	0.47439141	0.46148657	0.44863842	0.52755446	0.39864721	0.41423633	0.38212868	0.40022184	0.49425228	0.47619264	0.41619666	0.35171873	0.44574670	0.50129349	0.42441216	0.44397280	0.42970964	0.47138005	0.38584507
02_258	0.56986343	0.60194911	0.53298704	0.63632056	0.45399420	0.44092724	0.46399602	0.64106016	0.45898354	0.55511581	0.57254072	0.62427264	0.60965658	0.59270918	0.48638525	0.49956793	0.48264567	0.46477415	0.53655379	0.55967255	0.68699160	0.45468357	0.59002242	0.61878657	0.50272191	0.47126895	0.49105018	0.52291245	0.69014614	0.56465179	0.51504016	0.69236612	0.50973320	0.50994420	0.49004108	0.58837586	0.46121439	0.47794456	0.47752289	0.45020577	0.60697964	0.48570348	0.46985078	0.75732682	0.60190131	0.60788035	0.64477418	0.51157997	0.72344552	0.70126579	0.46129411	0.50714233	0.56752132	0.60602040	0.59549949	0.49480545	0.47803339	0.55805770	0.46883574	0.47051064	0.60668885	0.66455356	0.61387606	0.47009614	0.49380051	0.49657173	0.53514203	0.48554072	0.57025638	0.64430011	0.44584044	0.45287903	0.61466678	0.54852123	0.53947974	0.54435281	0.51186127	0.57585052	0.48755481	0.46710709	0.54116823	0.48549645	0.58387043	0.48044219	0.52580167	0.50741436	0.56186722	0.46097440	0.58205444	0.47844623	0.52897706	0.54025631	0.51432817	0.76248502	0.53063077	0.43479786	0.64165590	0.67901722	0.57527146	0.44654571	0.45570325	0.52193503	0.45577824	0.53371697	0.46349914	0.52960081	0.43679306	0.63015896	0.49965687	0.55730093	0.47284969	0.40481651	0.56838644	0.38517064	0.43570224	0.45221587	0.44866978	0.44398473	0.43501136	0.50145641	0.44905900	0.52747353	0.46110288	0.56140129	0.50275668	0.50478587	0.50937449	0.46242085	0.40843273	0.49589583	0.48417294	0.42673930	0.57226061	0.46010954	0.41130219	0.46535043	0.39476098	0.45862186	0.52599725	0.44041559	0.47326782	0.46817191	0.43115858	0.54791208	0.50711708	0.57134605	0.47069521	0.64252330	0.42136435	0.46538014	0.51047934	0.50110215	0.43704866	0.40567552	0.49886153	0.44403055	0.42578151	0.41206120	0.50563835	0.48406550	0.47754692	0.50665826	0.45132307	0.49291143	0.38793437	0.45114192	0.54866514	0.58952279	0.53293059	0.42615480	0.51386475	0.45565904	0.44340888	0.58835292	0.41162299	0.44400614	0.39924365	0.40429133	0.49266552	0.42505064	0.43496561	0.57715391	0.40940396	0.51894237	0.51617337	0.40657100	0.47735355	0.44576593	0.48901866	0.39133879	0.53352119	0.40185751	0.42441909	0.43700659	0.54524749	0.52362460	0.46911278	0.60406470	0.42661511	0.42395991	0.73298590	0.43888645	0.52921185	0.47120768	0.43433094	0.48398313	0.49074393	0.44469778	0.56955199	0.42904178	0.54031361	0.39450501	0.39811919	0.47329213	0.37185310	0.52873207	0.65414596	0.44098073	0.46758587	0.47417868	0.48202539	0.45574040	0.45037509	0.38754647	0.51911472	0.41805014	0.47915104	0.44468318	0.42449157	0.45767474	0.49860869	0.44000840	0.46769699	0.44611683	0.51613309	0.38984132	0.45768392	0.40343815	0.54750135	0.46920542	0.53004000	0.41737805	0.54710726	0.41707754	0.47390658	0.43926851	0.44252584	0.41133573	0.39552518	0.48616052	0.42174613	0.49948827	0.45454705	0.45079045	0.42928384	0.51997405	0.39535592	0.47849332	0.43887240	0.41616255	0.43395882	0.41056557	0.44751885	0.49520074	0.39522727	0.38552391	0.53366878	0.41002644	0.41644796	0.46786800	0.40534429	0.49577555	0.41517326	0.47298238	0.43154319	0.50291923	0.39498841	0.46758841	0.39197070	0.57239541	0.45093857	0.43633912	0.38334714	0.42960654	0.41107976	0.42922064	0.40955104	0.43148974	0.42116197	0.47625603	0.44086814	0.38756794	0.39657020	0.40579761	0.52264484	0.38248291	0.37843124	0.45099609	0.62199672	0.41856392
02_202	0.54153111	0.52621630	0.50719953	0.59907518	0.44186807	0.39364711	0.41378583	0.57861894	0.47024900	0.57203917	0.60649233	0.56992351	0.56289224	0.57868438	0.48816643	0.50116199	0.42126156	0.49232576	0.53657843	0.45489173	0.65830661	0.47065786	0.53847947	0.56428828	0.48354382	0.46361151	0.46501986	0.44861836	0.69301853	0.52987400	0.44467068	0.74440120	0.55985839	0.44824954	0.42336737	0.49457401	0.41539570	0.49557129	0.41819181	0.43798824	0.49260159	0.43449598	0.50330243	0.69704094	0.49732932	0.57072031	0.54721509	0.45119319	0.62332790	0.59075723	0.46977704	0.45952404	0.58088929	0.58869957	0.54749794	0.44502282	0.48933670	0.44501771	0.45637503	0.47126084	0.46323123	0.69608900	0.58176859	0.48645925	0.44479799	0.42410549	0.44853894	0.48176363	0.60555605	0.77868220	0.47803898	0.42834786	0.57106154	0.47878239	0.44724736	0.49781120	0.45243587	0.45821819	0.49575111	0.48588159	0.53118440	0.52352383	0.55253001	0.47797332	0.42705708	0.44697741	0.59275360	0.50005764	0.62465639	0.49708306	0.48523072	0.62480604	0.51090111	0.59961639	0.46270460	0.40913019	0.85618286	0.57210890	0.75492694	0.42002834	0.49331969	0.46304553	0.44498299	0.48364654	0.42342757	0.58526454	0.38099402	0.56393619	0.54624990	0.51244313	0.45759105	0.42272008	0.52511157	0.36109239	0.45450891	0.46664071	0.40245473	0.42991785	0.41959805	0.49136724	0.49867933	0.59045443	0.46590558	0.45340165	0.47860356	0.48279381	0.50647273	0.48996393	0.41815372	0.49979000	0.45920790	0.37544096	0.54896418	0.48036118	0.40358000	0.51466709	0.37617645	0.42850414	0.56241368	0.43545447	0.46840935	0.45651117	0.44849555	0.52116127	0.51863453	0.63421408	0.45451243	0.68787437	0.40192500	0.43116923	0.43134895	0.55231179	0.44447699	0.41241589	0.51054995	0.40398109	0.40921680	0.43298436	0.50793691	0.52581752	0.49748642	0.43018929	0.46276084	0.48314752	0.41153848	0.38586846	0.47656660	0.57269690	0.55340423	0.41481400	0.57924333	0.49228525	0.42497827	0.69783079	0.43627462	0.45182215	0.39913081	0.41519790	0.56835588	0.45565222	0.37480511	0.53411253	0.41212221	0.44268272	0.56345430	0.35907154	0.43472385	0.45551061	0.54206627	0.36302118	0.54811740	0.37063131	0.44813574	0.42309660	0.43892169	0.60766045	0.49624324	0.55521865	0.42200327	0.44907746	0.74155099	0.44004934	0.56289834	0.48703357	0.42640027	0.46097371	0.47518561	0.44610442	0.71249644	0.37771025	0.50070334	0.36232595	0.38804444	0.44533450	0.38560386	0.53195495	0.50740916	0.38620699	0.44722939	0.47927605	0.52579366	0.43728466	0.39337959	0.37452600	0.44270979	0.43949377	0.40541238	0.39863291	0.40455794	0.40763364	0.46159424	0.43547811	0.44995457	0.42076284	0.56412741	0.34675796	0.45017980	0.43235638	0.52115646	0.45243195	0.54756973	0.42553979	0.49331796	0.44040147	0.50965226	0.45960936	0.47318791	0.42492918	0.37910246	0.44493301	0.40292096	0.47047424	0.48011376	0.42046342	0.43921966	0.48145544	0.41361993	0.50970853	0.41122679	0.40403980	0.45197965	0.44158841	0.42521704	0.48150670	0.39401944	0.36819821	0.59255604	0.39621195	0.42391676	0.44247153	0.42370719	0.48884584	0.39766781	0.49752164	0.43301604	0.46464069	0.41005938	0.44479101	0.37275305	0.53950861	0.44548403	0.40780841	0.39078295	0.40956816	0.40521329	0.41174667	0.39372982	0.42324623	0.40131917	0.54370827	0.46133936	0.38634668	0.37770232	0.40419777	0.62473733	0.36526316	0.39109992	0.44597905	0.53901685	0.40177134
02_156	0.47724458	0.47624801	0.48556189	0.43969190	0.52829601	0.44539978	0.44804489	0.43388186	0.62558885	0.50651738	0.45906033	0.44363543	0.44167704	0.46051847	0.55416301	0.68112793	0.43577520	0.73377365	0.62308152	0.40444628	0.45724710	0.63265786	0.43488395	0.43113689	0.53535380	0.57614828	0.48041710	0.41668329	0.55414777	0.45988668	0.45559157	0.47883491	0.80944358	0.50731298	0.45558011	0.41545260	0.48139442	0.70805322	0.45168139	0.51775128	0.41148996	0.49076610	0.82298433	0.46940902	0.41058985	0.43063160	0.44334752	0.39189395	0.49653025	0.44089498	0.60061080	0.49976810	0.44864458	0.45045856	0.47028291	0.47957586	0.65888633	0.37584984	0.55079471	0.55519880	0.39276417	0.50296394	0.48161175	0.58922884	0.40211139	0.37202508	0.45569271	0.64318899	0.46947934	0.50662856	0.62551365	0.52313162	0.55345265	0.43447543	0.38423056	0.42248396	0.43640781	0.40426619	0.74688146	0.67026510	0.56987929	0.43544540	0.42899843	0.49751730	0.39262229	0.45845852	0.63960152	0.80131193	0.58664710	0.41607127	0.41772201	0.46970493	0.60299981	0.44455328	0.49123085	0.43089392	0.49596657	0.50959103	0.50588154	0.44447669	0.41370703	0.38737027	0.50819041	0.40784755	0.40847093	0.73976895	0.42058612	0.44691153	0.49523942	0.42008679	0.51859635	0.52033580	0.44561364	0.40280839	0.59000017	0.57106392	0.38672775	0.50397955	0.48176236	0.51148859	0.85174204	0.47524673	0.49975112	0.38836753	0.51713045	0.40375685	0.42270842	0.60127991	0.47056932	0.44486524	0.39908492	0.41416914	0.47592743	0.47304093	0.46988540	0.72178655	0.40739336	0.49623164	0.44082512	0.43586484	0.39063263	0.55489007	0.39179789	0.49060714	0.42460521	0.47273630	0.38759421	0.51079030	0.39237478	0.47901964	0.41560558	0.44425532	0.52304812	0.46428946	0.55678948	0.39409951	0.43116337	0.47693012	0.56068780	0.53355596	0.42264595	0.39135572	0.58657310	0.42278499	0.49513391	0.38212031	0.39764370	0.47315943	0.49169958	0.50408008	0.65664048	0.41382027	0.49835667	0.61558177	0.52321854	0.42020232	0.45126092	0.48729228	0.70584176	0.48875994	0.33526773	0.48451534	0.48282863	0.46410171	0.44831736	0.36420038	0.43750498	0.48434105	0.47989736	0.40073537	0.44259950	0.40593804	0.47726548	0.47623502	0.39126241	0.46181451	0.75344361	0.42484703	0.47017236	0.55166756	0.48099606	0.52885933	0.49309278	0.47708241	0.41430972	0.39106567	0.43699853	0.57813917	0.48947242	0.41839175	0.40699753	0.39459430	0.43680125	0.45961161	0.45047648	0.42209499	0.41580362	0.42515082	0.38125706	0.58207267	0.43291796	0.50924116	0.40881875	0.40721428	0.38206740	0.56268185	0.35794125	0.44602772	0.42175793	0.45088546	0.40171006	0.52874690	0.39157343	0.38770707	0.48576614	0.35937957	0.38655285	0.53847639	0.49026852	0.50072558	0.45811767	0.45666899	0.40054450	0.56769200	0.62480990	0.57259227	0.40352445	0.41833384	0.42857622	0.39142252	0.46000677	0.40541111	0.41217425	0.41498711	0.54636985	0.42789539	0.48930065	0.46456881	0.44943168	0.41973588	0.41910280	0.49695417	0.36815234	0.52643651	0.44398365	0.41226265	0.53523591	0.44030953	0.50380900	0.41827480	0.52793905	0.43255603	0.44956145	0.47358737	0.52981896	0.40266053	0.49903538	0.39100359	0.42139888	0.45917087	0.49948760	0.38064093	0.43564102	0.42409882	0.46467088	0.35906543	0.37653223	0.40068587	0.46383971	0.66056829	0.42247209	0.43337908	0.34675672	0.47986758	0.62352922	0.41338709	0.44366516	0.40066403	0.42012755	0.35631200
02_240	0.71096030	0.61141865	0.64427113	0.54131631	0.49550143	0.42419336	0.44287855	0.63471144	0.49029858	0.69568530	0.72073898	0.67875456	0.74558406	0.81047294	0.55652096	0.48118500	0.45291488	0.46179437	0.51116625	0.49415386	0.57235167	0.48595660	0.81210209	0.73098150	0.52657648	0.47308595	0.56886097	0.48241125	0.51920215	0.72042385	0.41020314	0.61011860	0.47345639	0.43652841	0.43448139	0.43176893	0.38892976	0.47784004	0.46225637	0.49879366	0.47347833	0.40580224	0.44473461	0.62537000	0.57575353	0.53298912	0.65816871	0.47592005	0.62488180	0.50798368	0.46056133	0.46899706	0.80433944	0.48933194	0.63948859	0.39306255	0.43704933	0.43036090	0.45296248	0.53637007	0.46897680	0.70016785	0.54305462	0.52276076	0.44412061	0.48828961	0.42401400	0.42589544	0.51014565	0.56322825	0.48074112	0.40984947	0.59372193	0.43054094	0.50202051	0.71948579	0.51854606	0.43155571	0.44238953	0.46159518	0.55630065	0.58361348	0.66042868	0.57312205	0.50201109	0.53839776	0.50981520	0.43250832	0.61748935	0.57938280	0.41374619	0.55639676	0.49623244	0.49843218	0.43364871	0.45982652	0.52541216	0.50151864	0.50612496	0.39921983	0.43541137	0.63302344	0.52558490	0.54743349	0.44850371	0.49832702	0.40877149	0.58404564	0.59007441	0.73195134	0.43629699	0.44686214	0.43793700	0.37720945	0.48127541	0.48881467	0.39051096	0.49002448	0.47339339	0.45923825	0.41485614	0.60500850	0.42920950	0.47000544	0.47268562	0.67295544	0.54394569	0.50919681	0.38829111	0.42776463	0.52385569	0.41372412	0.74771306	0.47302926	0.41874098	0.45982696	0.34733399	0.38876876	0.51219168	0.42284577	0.44508318	0.47364769	0.50488189	0.47811519	0.61780870	0.65754392	0.54869814	0.54064322	0.42611934	0.41465968	0.47859756	0.55365015	0.46608578	0.44897947	0.56975501	0.43497545	0.41741733	0.46352164	0.47200052	0.55516914	0.46266383	0.40165617	0.46768667	0.51257943	0.38256028	0.44897151	0.67308444	0.59280376	0.67582821	0.42319686	0.44840117	0.44103316	0.49103605	0.52576091	0.42998438	0.51756510	0.38520245	0.39286863	0.43968504	0.40409212	0.43864948	0.56566070	0.46226397	0.44497245	0.58233992	0.40430353	0.43170473	0.49135656	0.49938605	0.40828142	0.64429002	0.36153976	0.40665187	0.43325459	0.51614545	0.46630526	0.44392413	0.54186864	0.44014691	0.39530835	0.52614434	0.44197997	0.63303633	0.45148533	0.51823501	0.41817202	0.46053418	0.43632315	0.51239269	0.41684068	0.62306707	0.35594169	0.44563336	0.55369516	0.41004456	0.48056010	0.52577279	0.37181682	0.51741430	0.41558040	0.49379042	0.47155800	0.38567298	0.34444964	0.45129275	0.45066382	0.47209362	0.44811410	0.42760055	0.43354986	0.62896620	0.48626967	0.40422561	0.53843470	0.59351167	0.39275648	0.53405860	0.38169687	0.46604146	0.45660482	0.49871347	0.47947648	0.47349057	0.45230754	0.42503164	0.43654732	0.41660854	0.46591095	0.34719376	0.45165459	0.46886158	0.54103057	0.53381888	0.43897034	0.47264106	0.62043899	0.41303216	0.45000867	0.47169672	0.42282024	0.39759483	0.39684949	0.49185717	0.50204102	0.37765922	0.35362570	0.53475386	0.42504819	0.40026866	0.55566038	0.43243320	0.46470105	0.45509900	0.48845721	0.46412790	0.58802980	0.43050259	0.47078188	0.37671626	0.51371508	0.45104829	0.49405196	0.42743680	0.42909795	0.45384502	0.41814017	0.42962313	0.37592094	0.35341013	0.42117844	0.50123393	0.37182133	0.36285915	0.39483821	0.44324717	0.38724259	0.40896732	0.44843203	0.47297740	0.39673872
02_249	0.61214488	0.54309805	0.56498156	0.74521107	0.46760356	0.40297396	0.41441785	0.75442443	0.46957441	0.57696828	0.59345353	0.57472080	0.67747394	0.63407485	0.50161092	0.50417698	0.42536189	0.47490922	0.56389866	0.47013173	0.87485229	0.46362600	0.61014446	0.69869899	0.53018827	0.49127896	0.51562251	0.44745078	0.66694965	0.60719540	0.44790461	0.81424610	0.52396973	0.46568518	0.43210210	0.48136195	0.41440148	0.49157863	0.43461403	0.46584563	0.48836447	0.42832459	0.47980802	0.85141215	0.51467733	0.69164235	0.57624812	0.43805446	0.62684232	0.63335078	0.47600207	0.45054779	0.59187835	0.55022736	0.54634237	0.43333862	0.49624222	0.47602229	0.49150168	0.48410468	0.50354501	0.73921268	0.69860917	0.47760681	0.42873112	0.43682440	0.47222754	0.46931609	0.60627745	0.69488377	0.44986425	0.41012749	0.60680117	0.46062635	0.45904801	0.58668524	0.47328459	0.48777112	0.47584094	0.47996734	0.57552535	0.49040742	0.63712130	0.49626383	0.46551300	0.49255732	0.59500913	0.46985991	0.60877805	0.48699452	0.44806522	0.54902373	0.54238746	0.65747998	0.49406715	0.41123410	0.68525370	0.56741178	0.58972465	0.39871685	0.46302018	0.52585198	0.47125560	0.47632255	0.40939623	0.54630553	0.39893948	0.72695366	0.50385970	0.60110235	0.49774471	0.40830657	0.47574314	0.35769860	0.44115183	0.46091786	0.40607390	0.45960757	0.45113521	0.53092313	0.45440536	0.53405765	0.47937014	0.47675570	0.45140365	0.52825457	0.47775573	0.46842526	0.41833048	0.45964715	0.45715715	0.39112519	0.61299740	0.46560770	0.38776697	0.47076171	0.36427021	0.40813682	0.54486367	0.45751209	0.49532056	0.48843044	0.43541220	0.59902931	0.52168251	0.58778163	0.47530088	0.71300605	0.38840843	0.42987152	0.44313446	0.50797507	0.44709631	0.41215620	0.51258384	0.39884940	0.39688001	0.41495076	0.46903907	0.48876284	0.49225634	0.44678364	0.43749286	0.45709034	0.39145627	0.41166391	0.55305576	0.64295138	0.54993878	0.39613901	0.52914193	0.46304832	0.45299400	0.61385140	0.41417748	0.45064437	0.41045953	0.41113073	0.49912419	0.43145117	0.39798163	0.63863117	0.41678475	0.45418256	0.52557940	0.37793639	0.43113399	0.43432521	0.49599900	0.37490355	0.52881406	0.37706617	0.43167522	0.45573727	0.47926821	0.53605723	0.48091007	0.68898755	0.43963809	0.43201996	0.71828263	0.45230044	0.53956569	0.48648580	0.44592951	0.45863310	0.51985954	0.42067970	0.58378116	0.39766376	0.57183320	0.37406107	0.40843962	0.49615596	0.37394254	0.56012213	0.56437439	0.40445942	0.48857790	0.44961874	0.48792137	0.47555215	0.40988820	0.35845717	0.48281695	0.42205571	0.42589225	0.42636937	0.43373581	0.41260966	0.52762260	0.45173526	0.43736227	0.46474946	0.52426604	0.36509877	0.47156733	0.40800685	0.57813753	0.49323420	0.49925385	0.42330410	0.55332236	0.41976888	0.48722132	0.44713768	0.45021360	0.41094602	0.36414065	0.42400219	0.43110357	0.50872942	0.45844259	0.40348179	0.43622838	0.55365881	0.39897215	0.49093557	0.42478990	0.43086366	0.42481537	0.41506056	0.46629924	0.51930367	0.40477129	0.36085628	0.54607901	0.42403778	0.42669953	0.48849509	0.40624448	0.51345629	0.42718263	0.47550037	0.44097623	0.52910151	0.39784915	0.49143072	0.36255107	0.63023367	0.42556116	0.44617891	0.38721180	0.39538298	0.41637572	0.44300348	0.38819210	0.40021863	0.38281433	0.48321009	0.44316111	0.39776696	0.36465499	0.38670024	0.53521034	0.36156331	0.37831788	0.43786965	0.61170692	0.42864804
02_196	0.53104098	0.49577514	0.55298618	0.48293121	0.62789629	0.47357014	0.45585903	0.48403761	0.65805718	0.51512194	0.45554078	0.44769636	0.48659742	0.48691921	0.59927078	0.79615641	0.44784778	0.68760957	0.79707566	0.41963569	0.49699477	0.63557190	0.46893747	0.47511271	0.67536881	0.75398778	0.56710551	0.41906653	0.56542848	0.51267929	0.47379572	0.49500115	0.70992415	0.57322385	0.48137927	0.41381790	0.49870174	0.77221013	0.48849839	0.61483580	0.41372216	0.49741286	0.72434956	0.49720423	0.42211424	0.47351692	0.45957121	0.38375546	0.50590369	0.46272530	0.66045293	0.49599995	0.45285507	0.43884957	0.47294540	0.47815291	0.84447190	0.39980528	0.75197692	0.60415597	0.42338164	0.52126873	0.54972997	0.58351131	0.39044320	0.38088739	0.50574868	0.64689291	0.47648091	0.49878532	0.55471032	0.49500063	0.61200567	0.42606126	0.39293362	0.47368691	0.46020701	0.43409486	0.70364639	0.69266829	0.69204740	0.41362781	0.46125705	0.52679830	0.42908485	0.53205230	0.69610059	0.66912590	0.58743269	0.40757781	0.39684164	0.43940061	0.79065807	0.47365464	0.57257207	0.43438444	0.48169605	0.52129301	0.46480098	0.41952221	0.39603900	0.42107463	0.57828316	0.40268772	0.39480815	0.67444721	0.46309398	0.51182124	0.46120737	0.46375925	0.66711569	0.48876059	0.41972834	0.39945785	0.56016303	0.56752700	0.39402756	0.60287885	0.56742250	0.59981354	0.61757681	0.44659675	0.53883309	0.40644476	0.48389783	0.42690852	0.40428787	0.56074438	0.48210353	0.41801769	0.39577304	0.44866800	0.51844047	0.45914785	0.44162669	0.58665230	0.39505117	0.47051106	0.43435831	0.47003235	0.40853564	0.72391931	0.37932462	0.59277150	0.42390177	0.45618695	0.39853216	0.53133891	0.37717257	0.48855867	0.43149167	0.42008199	0.53651755	0.46491662	0.56780148	0.38902630	0.41535520	0.44694121	0.50769608	0.49108336	0.42119166	0.41183844	0.53076964	0.40281375	0.45775304	0.41373195	0.43808380	0.51289991	0.49022065	0.46908987	0.59841652	0.39614056	0.58521269	0.57735245	0.47982323	0.41641516	0.48425197	0.48894430	0.57470661	0.45996952	0.35231579	0.58056153	0.49635076	0.49369164	0.42837639	0.38909775	0.43729507	0.45356379	0.44653912	0.42276386	0.43093383	0.42446359	0.45931751	0.56523398	0.42399970	0.43468623	0.73430115	0.47258487	0.51124693	0.52787549	0.48778837	0.57872996	0.47847277	0.48272731	0.43266708	0.39244989	0.48216423	0.51810888	0.45470535	0.46231070	0.44007098	0.42168962	0.47890624	0.53986653	0.42664100	0.43848660	0.44897827	0.47513516	0.40532582	0.53290429	0.41034371	0.64274401	0.44096346	0.38722716	0.41160704	0.51979544	0.37226757	0.51196176	0.46889874	0.46710155	0.44322232	0.59125866	0.38493370	0.42370871	0.45887790	0.38594478	0.39753536	0.49094068	0.56626707	0.61056352	0.42956642	0.45149932	0.43377703	0.51647354	0.60220264	0.55285428	0.38933990	0.39997763	0.40910194	0.37653560	0.52791251	0.42873368	0.39442218	0.39649421	0.54546097	0.48026707	0.46076754	0.45279662	0.47381368	0.46161380	0.39686154	0.45822435	0.39345221	0.62390891	0.47462063	0.40392434	0.50436837	0.50036343	0.52400664	0.46076387	0.48745251	0.45381025	0.51855341	0.45243532	0.56470658	0.44428210	0.47208915	0.42424446	0.40550917	0.52152056	0.46945792	0.41317595	0.42754239	0.40552458	0.48930534	0.38084601	0.36843341	0.38091171	0.44096745	0.55542773	0.40407469	0.46325437	0.33503512	0.44723207	0.54783716	0.40727144	0.41942121	0.39289632	0.45729285	0.37717047
02_173	0.53500122	0.50736324	0.55708920	0.47578474	0.63603916	0.48174895	0.46947469	0.47712984	0.70296913	0.53177406	0.46718825	0.45755406	0.48614027	0.49401755	0.62448711	0.86516584	0.45739304	0.76516950	0.77403800	0.42464114	0.48908487	0.67997301	0.47380338	0.47446917	0.66252578	0.75078477	0.56727095	0.42834275	0.56709658	0.51508990	0.47629936	0.49855770	0.74696695	0.56677995	0.48822046	0.41723083	0.50258310	0.83574584	0.49585122	0.62437966	0.41845417	0.50265616	0.78691833	0.49785067	0.42933524	0.46805372	0.47105602	0.39341818	0.51815257	0.46269476	0.70244985	0.51361770	0.46627111	0.44895518	0.48667407	0.48133774	0.78398054	0.39829652	0.70131469	0.63538921	0.42005738	0.52897394	0.53978862	0.61925781	0.40325258	0.39021393	0.49627018	0.66852165	0.48422639	0.50803951	0.59870042	0.51363161	0.63003234	0.43446994	0.40019709	0.47516211	0.47610250	0.43024740	0.73838738	0.75758251	0.69978726	0.43221731	0.46757327	0.55574683	0.43095904	0.53398537	0.70619929	0.71699887	0.61336619	0.42458899	0.40460263	0.45671876	0.77266631	0.46646826	0.55450875	0.45624713	0.48518934	0.52786794	0.47614945	0.43662474	0.40806468	0.42725132	0.60218415	0.41661885	0.41026624	0.71449828	0.46406003	0.50133937	0.48536229	0.46411995	0.62805079	0.52651607	0.42757067	0.41633471	0.60429814	0.61505854	0.40191816	0.60563880	0.58109211	0.59081064	0.64628186	0.46293563	0.54598337	0.41112125	0.50619731	0.43793152	0.42139356	0.59824173	0.49447421	0.43196217	0.41135155	0.45611929	0.52989166	0.48248839	0.46911725	0.63606698	0.40599881	0.48295265	0.44686986	0.47614009	0.41230475	0.70125309	0.39576878	0.56371746	0.43991458	0.47146731	0.41111531	0.53254902	0.39426700	0.50467539	0.43960266	0.43817839	0.57179746	0.49306929	0.60613803	0.40408113	0.43612393	0.47732079	0.53964442	0.52006867	0.43258009	0.41221099	0.56560690	0.42086782	0.48253533	0.42102855	0.44197780	0.52041257	0.51410393	0.49544562	0.61266686	0.40879288	0.59687797	0.59133522	0.51448080	0.43615285	0.49236899	0.50830220	0.59553957	0.47937340	0.35869685	0.56462587	0.52772417	0.49713321	0.44648616	0.39761602	0.45292531	0.48359589	0.46816383	0.43860865	0.44808778	0.43174205	0.47774522	0.56494076	0.42608733	0.44544115	0.77458632	0.46561605	0.52920262	0.54796299	0.48643069	0.60302653	0.49645240	0.49792387	0.45053459	0.39930591	0.48265444	0.55281773	0.46608562	0.46816726	0.44632353	0.42576642	0.49736190	0.54352441	0.45420080	0.44223655	0.44954215	0.46523705	0.41303245	0.55740306	0.42646961	0.63106303	0.44246976	0.39958495	0.41343349	0.56256969	0.37960485	0.51955017	0.47628869	0.47914796	0.44924670	0.60893294	0.39338332	0.43293983	0.48084230	0.39410323	0.40971203	0.51358022	0.54904890	0.60114726	0.44708380	0.47853120	0.43209930	0.55152598	0.61803953	0.58824847	0.39945862	0.42137143	0.42104945	0.38613200	0.54066324	0.43864569	0.41142617	0.41241274	0.58216072	0.48153295	0.48961154	0.46636787	0.49456676	0.46905406	0.40947717	0.48077370	0.39957583	0.61732514	0.48126696	0.41720797	0.52247928	0.50750373	0.53750043	0.46994957	0.52125991	0.45938929	0.52192095	0.47305902	0.58311465	0.44394573	0.50096327	0.42665637	0.42262260	0.50798984	0.49041919	0.42055714	0.45122646	0.42296833	0.51066667	0.38323444	0.38295708	0.39063011	0.44721058	0.56892446	0.42169379	0.46817355	0.34391860	0.47016082	0.55679358	0.42501186	0.44341698	0.40611746	0.44726084	0.37849779
02_279	0.62216336	0.55569724	0.59572457	0.68532819	0.52316459	0.43488363	0.44053046	0.66834849	0.53045490	0.58479465	0.55688374	0.54462192	0.62871171	0.60266475	0.55127425	0.59500613	0.44695681	0.54743380	0.68262658	0.46997149	0.74026135	0.52052347	0.57623638	0.62975594	0.60577046	0.57384799	0.55672184	0.45287096	0.74978947	0.60597790	0.48431771	0.71768908	0.61501915	0.52438388	0.46608717	0.48280716	0.45845181	0.57260381	0.46650892	0.51921698	0.48206187	0.46990014	0.56045126	0.73236398	0.49683444	0.64940998	0.55912387	0.43016580	0.63051447	0.61414202	0.54783604	0.48422875	0.55502891	0.54150137	0.54396810	0.47276836	0.59428400	0.47136143	0.57670795	0.53508021	0.49894239	0.70665271	0.75388174	0.52401747	0.43075436	0.42884037	0.51622134	0.54516662	0.60609243	0.67627713	0.49282396	0.44894955	0.68758931	0.47391616	0.44882838	0.56739323	0.49170061	0.49969981	0.55456929	0.55649356	0.67311119	0.47482257	0.59498803	0.52961250	0.47022304	0.52903098	0.72652189	0.54392238	0.66493426	0.47034989	0.45067483	0.53042373	0.65172470	0.63825703	0.56052104	0.43160305	0.65258611	0.60948928	0.57952906	0.42097977	0.45803057	0.50163867	0.51824303	0.46359755	0.41667209	0.63758880	0.43039628	0.70456117	0.50725396	0.56761762	0.58126349	0.44125741	0.47956072	0.37960364	0.48513131	0.51012232	0.42033853	0.51014931	0.50049815	0.60903806	0.51837924	0.51886915	0.53439472	0.47225977	0.48089104	0.50520582	0.46475730	0.51082591	0.45850911	0.46934576	0.44870675	0.41949920	0.61873923	0.48675116	0.41434817	0.52749239	0.38802337	0.44512886	0.53086997	0.48960225	0.48753489	0.56564337	0.42479101	0.68802984	0.50166874	0.55918370	0.46023922	0.74546456	0.39509076	0.47036579	0.45555489	0.49186628	0.49216392	0.44055842	0.55927552	0.40742058	0.41664246	0.43662760	0.50699404	0.50887660	0.49105656	0.45999559	0.47719687	0.45228968	0.42527888	0.42596686	0.52757530	0.65530784	0.55500647	0.42715026	0.60682881	0.45780980	0.50203431	0.68137071	0.44761514	0.45323310	0.45140246	0.45204166	0.56118197	0.46304043	0.39114197	0.70363104	0.45058127	0.49106810	0.50740804	0.39266325	0.45432033	0.45499510	0.50346418	0.39900758	0.50873591	0.40683833	0.46332066	0.51131780	0.47792933	0.52913933	0.56380230	0.64550780	0.48161983	0.48299349	0.68426537	0.50997049	0.54014605	0.51928810	0.45605051	0.45664601	0.54832493	0.46188140	0.56805990	0.42921202	0.54400751	0.40398772	0.44049969	0.53278829	0.39748690	0.54871993	0.55561935	0.44468556	0.47507359	0.50241530	0.47855994	0.54069392	0.44080112	0.38077770	0.48192911	0.46198171	0.41841752	0.46618196	0.46629272	0.44342978	0.51614639	0.50129149	0.43911842	0.46515987	0.52316277	0.38101931	0.45842807	0.45039448	0.65531125	0.56348029	0.49844776	0.44532318	0.54270554	0.45700350	0.56006058	0.49978429	0.44797725	0.41843333	0.39199981	0.41851557	0.47165696	0.50232117	0.44668730	0.41338390	0.47980749	0.55488823	0.43049111	0.50971639	0.45488257	0.46169812	0.43526668	0.44680523	0.45535164	0.58853447	0.44461987	0.38705503	0.56939489	0.46437457	0.47644221	0.50024880	0.44106212	0.52809312	0.46581762	0.49178298	0.48804702	0.51710484	0.42911139	0.49241060	0.38611335	0.66038677	0.45400610	0.45045829	0.40943010	0.41065656	0.45053210	0.43884627	0.39190727	0.41151356	0.41704783	0.54083995	0.44248296	0.43550432	0.36553225	0.41771738	0.59196869	0.38456206	0.40048461	0.43927806	0.59809239	0.42887109
02_127	0.59928021	0.65836159	0.60462761	0.46854444	0.59354722	0.52863324	0.55783661	0.49555294	0.68488191	0.68092800	0.58707968	0.58951796	0.53630404	0.58815282	0.69838361	0.65923405	0.54608977	0.64396265	0.61947798	0.50784829	0.49492522	0.69437733	0.55756989	0.51559678	0.58660484	0.56819497	0.57375085	0.53433492	0.57219876	0.57424413	0.48272029	0.53371012	0.64366432	0.53996921	0.53312109	0.46007729	0.49057624	0.66202605	0.55741062	0.58451559	0.49283783	0.52147583	0.60989186	0.53598358	0.53448482	0.45954505	0.58280233	0.49569317	0.64404785	0.48111934	0.57230380	0.63303663	0.57977308	0.49607195	0.65499321	0.48579365	0.54281548	0.41868373	0.52371742	0.68321401	0.45559621	0.60880907	0.50645437	0.74307393	0.48170378	0.46638137	0.48317131	0.56423170	0.48976637	0.54687243	0.71134883	0.57423830	0.68151392	0.48584397	0.48649904	0.51865427	0.54325930	0.44297700	0.63283490	0.60771227	0.62921205	0.54052527	0.50444950	0.61475436	0.48812398	0.56798107	0.60692411	0.58440253	0.73851628	0.50739065	0.45815954	0.54196505	0.58867920	0.47934979	0.49750546	0.52498125	0.51654252	0.57721409	0.52668959	0.49345011	0.43005807	0.47598794	0.60153841	0.52754252	0.51258639	0.66971896	0.48105279	0.49434817	0.64356204	0.51616416	0.48285980	0.57270150	0.49685771	0.45085912	0.68403178	0.62965942	0.41854348	0.56370614	0.52130857	0.49124880	0.56532971	0.59712815	0.47058076	0.45835869	0.66367179	0.49749696	0.53218589	0.74099820	0.43583064	0.46946333	0.49396517	0.48599390	0.60379541	0.51031925	0.54571784	0.64815163	0.40847106	0.51086246	0.47971312	0.43337839	0.40742957	0.55913612	0.46427612	0.48189110	0.51824387	0.58917172	0.46324127	0.53047736	0.46922338	0.50357040	0.52853412	0.52476070	0.55418827	0.51037942	0.70514739	0.48047991	0.49077899	0.54600793	0.64949751	0.69253096	0.44539832	0.41766595	0.71593126	0.52872664	0.45932340	0.46313217	0.49372589	0.53138972	0.64754182	0.60048525	0.54720718	0.43402999	0.57114576	0.61947720	0.53529547	0.49747106	0.42508592	0.45523858	0.56695765	0.46002337	0.40265803	0.53098744	0.54322562	0.53702449	0.53791222	0.42229172	0.49479863	0.60073579	0.52709165	0.45915867	0.56935887	0.41281044	0.45606400	0.46976753	0.48736873	0.47066441	0.59422609	0.45835973	0.48178792	0.47522244	0.51199915	0.51701006	0.64447201	0.47795931	0.48936531	0.41397780	0.44569291	0.65197543	0.51969328	0.48344834	0.48037120	0.39805673	0.48038098	0.54305628	0.48695546	0.44115427	0.48712953	0.42979281	0.43332805	0.54130196	0.48079887	0.52933850	0.43012019	0.40812901	0.42397987	0.59960502	0.44145128	0.51194916	0.43944501	0.54272440	0.48348878	0.59616063	0.41317563	0.45593353	0.60482711	0.41453465	0.45236118	0.46568404	0.47916298	0.49470577	0.52729957	0.52999717	0.42782530	0.62298485	0.51674349	0.54195274	0.41226734	0.48778719	0.42314892	0.48154026	0.51685954	0.47015426	0.49656989	0.51289713	0.61068997	0.51107346	0.49608301	0.46869193	0.53993166	0.43139668	0.42368049	0.46488411	0.41526935	0.55650927	0.41654546	0.41908010	0.59818645	0.45231344	0.46357931	0.49332074	0.55929223	0.45023891	0.49346795	0.52544479	0.57253719	0.47751730	0.53872351	0.42165760	0.46485311	0.48075506	0.59262207	0.43972909	0.48138142	0.50993914	0.51858806	0.37963227	0.44401125	0.41344153	0.44354532	0.52927549	0.49930547	0.40727401	0.37856200	0.50343178	0.52987599	0.46519204	0.47867878	0.44806519	0.44142774	0.36980567
02_227	0.68633429	0.59693489	0.71148253	0.53276613	0.68368070	0.49193434	0.48526641	0.57399770	0.69437149	0.65339013	0.55703987	0.54131199	0.60455155	0.61585326	0.73007826	0.72463184	0.48476900	0.63609455	0.81512509	0.47027226	0.56537416	0.67140064	0.58589360	0.57871517	0.77229507	0.68890038	0.68829343	0.46745172	0.60191319	0.65422408	0.46760873	0.56976380	0.67031207	0.55680244	0.49675685	0.43494080	0.47127993	0.72834734	0.52656819	0.67431791	0.45407839	0.48654582	0.62469507	0.58013119	0.49133046	0.51846444	0.54433700	0.42939224	0.59837519	0.49967172	0.61064571	0.53132767	0.55443063	0.47074419	0.57302222	0.46191580	0.63897296	0.42203615	0.65496220	0.70351716	0.46171459	0.64649821	0.60028406	0.66682805	0.42017582	0.42492891	0.50188396	0.56610076	0.50868395	0.55734704	0.59194826	0.49156880	0.73037486	0.44366509	0.44394596	0.58220034	0.50732006	0.45164110	0.62516378	0.63271304	0.81635078	0.47723794	0.53783350	0.60329367	0.48209424	0.61571612	0.70267031	0.58577813	0.73407363	0.46567333	0.41527102	0.49481360	0.74984509	0.51181117	0.54747079	0.46418116	0.53090146	0.55709507	0.50655876	0.42582955	0.41500607	0.49061916	0.64739379	0.45909260	0.42991042	0.68615236	0.47417769	0.58721337	0.54067397	0.57431340	0.58735441	0.50439741	0.44523973	0.40251509	0.60083725	0.58899529	0.39970761	0.65358406	0.58153565	0.56981415	0.55293429	0.52899001	0.50869617	0.44088917	0.52372560	0.50233653	0.45753634	0.62941486	0.44973833	0.43105378	0.44354285	0.46375036	0.65696478	0.48092944	0.45469827	0.58286712	0.38096257	0.45754930	0.47251950	0.46252192	0.42708359	0.70429625	0.42347263	0.59421071	0.49091148	0.54542117	0.44827873	0.58346662	0.40335284	0.47537667	0.47940697	0.47346580	0.54522058	0.48156238	0.66659336	0.41704756	0.42948597	0.47740424	0.52850134	0.57137587	0.44340261	0.41749453	0.56805853	0.45067739	0.43710369	0.44682672	0.52205179	0.58282713	0.58895007	0.48345071	0.56672236	0.41760593	0.63754965	0.63373626	0.48159954	0.46274803	0.45073583	0.45817915	0.55385770	0.44737588	0.38548222	0.67716908	0.51692190	0.51511792	0.48959009	0.40665398	0.45141590	0.49730578	0.48423388	0.43495201	0.50959865	0.40557793	0.44908642	0.53262577	0.48234956	0.46024780	0.63704047	0.52550946	0.50506199	0.48053090	0.53807853	0.55090220	0.58370060	0.48853981	0.47978687	0.40580231	0.49282870	0.52781194	0.50093736	0.47567680	0.50977261	0.40148210	0.49527657	0.63550672	0.43878325	0.46645903	0.50103007	0.44880707	0.44890227	0.50450090	0.44887120	0.65018813	0.43213238	0.37593460	0.43515867	0.53331585	0.41449930	0.52507327	0.47003799	0.49152251	0.52186443	0.64892193	0.39688455	0.47531575	0.53608169	0.40025305	0.44677397	0.45518092	0.56402836	0.58862322	0.47097356	0.48929972	0.46246083	0.54669188	0.54182946	0.53434322	0.40499211	0.43670307	0.39203507	0.41921595	0.56164555	0.48070183	0.44928584	0.43166866	0.58134167	0.58109452	0.46278741	0.46888346	0.51214650	0.46373618	0.40457030	0.44272979	0.43446884	0.68508189	0.44208464	0.39254956	0.57442859	0.49692516	0.48917033	0.53026572	0.50250027	0.47751029	0.55381576	0.49368831	0.60299294	0.53067032	0.49401325	0.45745942	0.41171320	0.57455274	0.50820102	0.46067312	0.45021552	0.43768048	0.52009426	0.40180533	0.40123810	0.38836922	0.41816876	0.52844887	0.45592931	0.43521129	0.35040314	0.44980702	0.53325699	0.41987020	0.43654446	0.42433098	0.49031367	0.39192493
02_229	0.56115226	0.59069571	0.52685135	0.64358439	0.45346826	0.43894518	0.46207840	0.62932305	0.46124367	0.54976317	0.56443090	0.60821127	0.59595108	0.58091104	0.48540073	0.50630998	0.47824432	0.47262454	0.54267099	0.54832032	0.68938404	0.45690813	0.57475617	0.60592744	0.50297256	0.47596532	0.48683050	0.51525617	0.72046568	0.55492785	0.52276750	0.70357181	0.52063953	0.51312370	0.48944553	0.59572755	0.46697646	0.48330814	0.47396267	0.44991276	0.59951291	0.49006253	0.47942817	0.76315845	0.58440068	0.61520910	0.63381195	0.50457146	0.71889963	0.72385795	0.46919736	0.50703593	0.56109021	0.62406328	0.58562091	0.50401758	0.48736096	0.55815494	0.47350109	0.47038504	0.59571589	0.66285144	0.62413376	0.47042441	0.49616467	0.49101190	0.53891132	0.49743772	0.58765026	0.66441592	0.44919486	0.45661210	0.62028357	0.55742158	0.53046348	0.53449899	0.51284758	0.58020881	0.49683612	0.47613259	0.54482542	0.48654065	0.58294027	0.48224277	0.51449569	0.50239432	0.57732204	0.47163577	0.58797770	0.47930602	0.53856912	0.54777849	0.52188052	0.77552972	0.53870214	0.43697142	0.66162407	0.69830546	0.59154461	0.45271999	0.46598472	0.51455981	0.45595111	0.52995432	0.46351702	0.54226787	0.43531684	0.62696806	0.50134381	0.54553116	0.47988545	0.40872848	0.57614404	0.38813485	0.43880505	0.45781902	0.45579150	0.44268973	0.43788862	0.51242032	0.45914961	0.52657334	0.47282922	0.55901561	0.50521566	0.50169200	0.50951112	0.46440238	0.41779518	0.50923338	0.48541171	0.42575735	0.56944463	0.46862183	0.41515319	0.47525123	0.40251107	0.46631223	0.53824978	0.44937456	0.48218315	0.47172518	0.43336177	0.55687210	0.50976327	0.57276371	0.47071951	0.66895470	0.42374286	0.47362808	0.50494961	0.50501146	0.44399487	0.41013304	0.50389286	0.44460132	0.43143303	0.41659752	0.51410761	0.48714398	0.48781973	0.51417155	0.45430838	0.49589077	0.39669215	0.44888062	0.53909302	0.60048447	0.53267851	0.42786464	0.53195378	0.46614075	0.44373572	0.60597361	0.41837707	0.44803804	0.40760426	0.41317833	0.50752057	0.43626771	0.43151580	0.57907857	0.41214727	0.52086722	0.52083235	0.40704551	0.48553060	0.45044003	0.50026862	0.39347819	0.53430247	0.40817577	0.43592094	0.44292649	0.53487580	0.54121169	0.47967961	0.61069419	0.43342214	0.43565654	0.76726262	0.44756076	0.52888937	0.48475318	0.43661450	0.49441554	0.50205563	0.45021022	0.58668926	0.42921801	0.54094129	0.40104203	0.40113072	0.47210842	0.37625171	0.54383175	0.65647347	0.44551916	0.47096085	0.48870829	0.49199253	0.45915338	0.45724525	0.39589288	0.52396783	0.42407430	0.47549866	0.44463031	0.43117001	0.45864060	0.49657848	0.44163289	0.47982303	0.44513035	0.52174163	0.38950676	0.46099755	0.41457346	0.56355719	0.47776104	0.54331603	0.42214724	0.55961370	0.42138065	0.48893774	0.45025581	0.45483062	0.41617410	0.40452837	0.48483833	0.42412560	0.50563520	0.45842389	0.45365641	0.43444321	0.51830398	0.40329474	0.49474471	0.44283330	0.42375313	0.44714171	0.41996050	0.45164523	0.50153055	0.40434102	0.39375456	0.54635405	0.41629647	0.42765778	0.47042818	0.41199928	0.51115664	0.41744670	0.48499713	0.43573767	0.50007183	0.40062860	0.47630044	0.39788291	0.58314091	0.45625648	0.43960341	0.38866868	0.43441819	0.41617161	0.43772530	0.41450618	0.44453560	0.43110567	0.49140913	0.44669229	0.39698869	0.40422653	0.41427669	0.53895011	0.38742681	0.38463807	0.46138803	0.63668770	0.42787887
02_115	0.68162365	0.62232508	0.61635351	0.54151716	0.48774368	0.42196416	0.44344070	0.62344691	0.50080972	0.74885777	0.86567337	0.72794984	0.70322975	0.82005533	0.56008848	0.49248944	0.45554447	0.47514223	0.52502053	0.49454941	0.59546026	0.50083889	0.73023080	0.67372740	0.51916924	0.46813929	0.54253270	0.49013570	0.55513114	0.67399454	0.41522914	0.64468533	0.50597714	0.44111683	0.43504523	0.44730689	0.39502628	0.49510663	0.45683967	0.48626708	0.49025095	0.41762244	0.46436063	0.65000208	0.57517980	0.52395029	0.63247130	0.48857378	0.65650719	0.51474428	0.45749223	0.48086892	0.80257031	0.50538109	0.67375206	0.40617830	0.45023117	0.42519363	0.45115588	0.53239921	0.46758285	0.78074997	0.53879552	0.54127781	0.44556547	0.46562315	0.42847285	0.43763097	0.51585422	0.60648042	0.50334612	0.42455211	0.59165993	0.44212382	0.49381559	0.62256338	0.48691185	0.43189218	0.46404761	0.46732219	0.55124930	0.59187884	0.59972183	0.53701250	0.47878631	0.51092450	0.52994981	0.45211848	0.66298458	0.55447130	0.43407383	0.59213952	0.49930207	0.51933031	0.43636282	0.43869254	0.58504707	0.52122260	0.56346242	0.40493163	0.43897672	0.54380557	0.49993328	0.53772670	0.44882955	0.53176113	0.40259065	0.56891884	0.62799377	0.65886676	0.43344268	0.44352310	0.47005624	0.36851864	0.49059204	0.48278321	0.38275768	0.47803697	0.44706912	0.45315334	0.44315141	0.69247833	0.42408206	0.45708921	0.49538822	0.57629552	0.54631183	0.53502994	0.38393047	0.43865666	0.49743116	0.40147054	0.67680072	0.46470402	0.41709508	0.48458124	0.34834571	0.40259677	0.51167775	0.40845670	0.43061435	0.47110464	0.48527442	0.47956393	0.58098434	0.73675391	0.49890401	0.56553308	0.41772158	0.41141428	0.47388220	0.56594549	0.45238760	0.43065671	0.56234973	0.42428153	0.41043745	0.45672323	0.48903363	0.58952697	0.45512852	0.39804883	0.49015344	0.51190267	0.38422865	0.42095438	0.57581773	0.56690145	0.66043298	0.43301169	0.47581013	0.44333778	0.47290914	0.58108042	0.43037935	0.48752272	0.37591880	0.38837353	0.47574904	0.40766553	0.40687351	0.55348799	0.44265365	0.44903157	0.59139416	0.37976557	0.42481202	0.48817893	0.50979887	0.38588297	0.64765344	0.35413318	0.40640947	0.41673834	0.49302660	0.49065814	0.46216486	0.52840262	0.42074257	0.40086229	0.57137580	0.43125212	0.69288259	0.44533170	0.47174854	0.41433177	0.44364043	0.45186773	0.56480991	0.40230654	0.55312982	0.34685323	0.41644335	0.51352246	0.40163949	0.47358675	0.51093042	0.37155971	0.47028247	0.42863948	0.49891733	0.45874485	0.37811518	0.34684385	0.43024128	0.45277903	0.44468224	0.42634599	0.40349141	0.43173920	0.54202075	0.48151279	0.40375619	0.47411142	0.62031177	0.36901751	0.48779719	0.38895463	0.46722037	0.44378741	0.51437109	0.45852141	0.45818437	0.46687611	0.43889892	0.43784777	0.41892124	0.45159518	0.35123619	0.47079395	0.44226483	0.49626979	0.52771563	0.44327878	0.47015487	0.56685278	0.40954523	0.45294271	0.44752103	0.40055198	0.40175389	0.40128835	0.44825924	0.49937317	0.36933927	0.35108869	0.57627809	0.40332358	0.39732101	0.50072254	0.43563640	0.45359204	0.43588830	0.49072408	0.46507795	0.54868923	0.43118145	0.44305571	0.37564604	0.51535619	0.46739235	0.44821481	0.41278562	0.43071315	0.43617308	0.39825163	0.41600414	0.38272527	0.36596146	0.45390143	0.49846263	0.36390875	0.36213944	0.39888380	0.48245405	0.37994414	0.40354793	0.43965805	0.48178589	0.38179804
02_96	0.53108738	0.53230637	0.55490472	0.40626594	0.62168739	0.49262235	0.49431055	0.43220582	0.77755035	0.58952377	0.50473560	0.48505477	0.46810123	0.50881626	0.70955143	0.62200155	0.47795969	0.63864519	0.57056161	0.42648230	0.42712852	0.83063849	0.48213138	0.44758781	0.56330438	0.55611393	0.55294215	0.45038037	0.47453046	0.51141377	0.41436265	0.44941715	0.60054128	0.48031286	0.46575369	0.38416296	0.43881380	0.68088841	0.50254599	0.61065942	0.40775522	0.45893506	0.59603427	0.44761519	0.44198337	0.39936687	0.47000570	0.41797688	0.50222541	0.40194860	0.54788432	0.53585855	0.49491055	0.41124361	0.53006625	0.42271284	0.52340491	0.35635645	0.51020885	0.71462704	0.38642107	0.50870630	0.44129095	0.83388605	0.40430563	0.39560107	0.42105970	0.51188352	0.42086390	0.45944721	0.82658917	0.52210185	0.55241355	0.40460134	0.40853786	0.46333663	0.46018285	0.37716863	0.59541124	0.58714775	0.56847292	0.47388544	0.43356986	0.56364639	0.42176262	0.51607309	0.53441428	0.56699373	0.60788655	0.44525454	0.38543927	0.46108612	0.54937822	0.40379977	0.44041150	0.47038668	0.44112227	0.46592307	0.45123206	0.42856970	0.37980652	0.41496373	0.60262271	0.43710795	0.43806457	0.60036901	0.44587889	0.43154402	0.56493623	0.46039452	0.45588604	0.59281447	0.41407352	0.41596117	0.82857568	0.61007366	0.36370660	0.59027198	0.51215066	0.44622531	0.56070187	0.52141995	0.43073870	0.38407308	0.55633143	0.43818546	0.44730686	0.85365367	0.40876718	0.40045331	0.42193029	0.44870660	0.52209572	0.45471862	0.50910652	0.62498298	0.36791109	0.45265281	0.41365620	0.39551477	0.36057557	0.55847064	0.41733356	0.43520173	0.44964180	0.49933761	0.40692324	0.45299040	0.41262471	0.44214388	0.45180068	0.45371500	0.53080011	0.49423059	0.63909095	0.41579305	0.43545325	0.52778720	0.53956300	0.63619810	0.39161200	0.35898172	0.74441515	0.44613514	0.44244392	0.41033011	0.42988074	0.45585190	0.55129513	0.57135397	0.49254195	0.38336234	0.58748761	0.53178825	0.51795607	0.44800925	0.40298491	0.43162176	0.52148397	0.42280436	0.35262271	0.47516790	0.54588985	0.46433852	0.46204372	0.38104066	0.42361557	0.54566643	0.46032106	0.43190179	0.48305222	0.37523985	0.41923520	0.44599562	0.41788453	0.40845849	0.58562965	0.40038821	0.45458640	0.44860870	0.43075030	0.49441774	0.56686756	0.42781577	0.45065254	0.35735514	0.39857838	0.62326763	0.44581296	0.44845751	0.41839892	0.36447068	0.47451604	0.52172100	0.49267188	0.38509089	0.40712816	0.39237042	0.38545036	0.48093150	0.41984544	0.52438408	0.38124105	0.36925426	0.36476178	0.62286376	0.37947569	0.47727524	0.40705599	0.48853380	0.43378209	0.64825310	0.35730382	0.41639120	0.52298480	0.38013954	0.40282965	0.44602753	0.42713276	0.46513561	0.44238632	0.50745217	0.37170884	0.72119687	0.47685674	0.51676553	0.36688258	0.45130807	0.38480439	0.41382564	0.51855365	0.41157289	0.44413641	0.44653438	0.64982834	0.46382340	0.48514621	0.41596479	0.50140559	0.40298036	0.37658063	0.43416087	0.37343471	0.53038028	0.39463294	0.38449521	0.52604611	0.43587932	0.44331462	0.45355992	0.57751279	0.39865418	0.50265962	0.46885000	0.61199510	0.43645424	0.56863163	0.37910500	0.43137571	0.42902909	0.55471643	0.40332062	0.47637968	0.45915602	0.51924662	0.34215860	0.39951360	0.36486576	0.40453931	0.49347268	0.45620972	0.38848769	0.33516455	0.47685517	0.47349537	0.44314550	0.47441743	0.39511496	0.38312283	0.33447810
02_102	0.64122639	0.58175878	0.70158977	0.45074908	0.80514943	0.51875702	0.50223025	0.49695337	0.78938208	0.63707910	0.52702207	0.51447100	0.54519391	0.57501265	0.90474958	0.65940388	0.49520609	0.60526297	0.65121278	0.45481631	0.47387709	0.76039501	0.55569011	0.51669411	0.71615988	0.64187108	0.72590395	0.46344158	0.49816535	0.61668667	0.43023096	0.48290530	0.58259745	0.52128935	0.48981985	0.39437968	0.44727643	0.69635853	0.54841544	0.79306031	0.42280187	0.46380912	0.56948609	0.49088894	0.47266984	0.44286206	0.50915709	0.42079828	0.53484654	0.43110229	0.57092244	0.53399826	0.52651703	0.41846535	0.55838412	0.42604938	0.55450398	0.38341323	0.59036590	0.88325347	0.42343835	0.55575633	0.49762746	0.76844123	0.40315540	0.41572620	0.45663610	0.51141816	0.44034803	0.47543144	0.63543831	0.49277796	0.62360145	0.40867750	0.43099051	0.55297976	0.49427643	0.40679171	0.57620076	0.58876867	0.67745371	0.46474062	0.48260762	0.61422439	0.47340885	0.63418691	0.56867501	0.53431496	0.63983946	0.45067663	0.38192648	0.45378729	0.62763631	0.43741614	0.48550870	0.47505974	0.45273685	0.48835715	0.44458298	0.41262404	0.37877019	0.46911585	0.72915804	0.44591510	0.42994400	0.58906666	0.48523014	0.49830626	0.53596141	0.54199635	0.51363815	0.53518421	0.40849139	0.40902049	0.68047310	0.59701829	0.37436958	0.75881270	0.59258063	0.49084287	0.50935861	0.50860384	0.45299039	0.41017561	0.52424238	0.48361273	0.44196896	0.69185004	0.41534747	0.39380820	0.43063198	0.48201921	0.60884026	0.45227748	0.47127935	0.55336849	0.36182874	0.43761848	0.42404383	0.42029912	0.38256311	0.67113867	0.41490350	0.49399650	0.46678742	0.50641265	0.43067965	0.48417513	0.40205564	0.44903171	0.47934297	0.44647525	0.53894633	0.49087606	0.67047022	0.41557521	0.42384049	0.49071940	0.50506729	0.58122011	0.40175395	0.37936004	0.61284340	0.43790262	0.41945788	0.44939640	0.49721119	0.50462076	0.57176339	0.51275334	0.48581785	0.38229730	0.73726603	0.53397065	0.47863221	0.45431700	0.41990182	0.43137138	0.48986226	0.41243944	0.37779082	0.56738172	0.55026591	0.49443684	0.46020657	0.40705752	0.42940719	0.50948154	0.44849424	0.45086517	0.49015030	0.38633189	0.41436446	0.49531672	0.46756005	0.40711538	0.57659567	0.44984382	0.48304006	0.43998818	0.45445948	0.52095501	0.57206665	0.44004476	0.47981431	0.36770397	0.43476034	0.54544173	0.44202716	0.49076643	0.46832692	0.38090662	0.51520047	0.66053206	0.45815195	0.40897934	0.44952452	0.42156368	0.41937529	0.46308923	0.41581487	0.63505122	0.40457818	0.35857863	0.39593737	0.55689701	0.40508708	0.54024401	0.44340616	0.50531772	0.50037001	0.77166110	0.36224069	0.46656893	0.51293849	0.40633803	0.42698642	0.42509910	0.47328044	0.52790708	0.43502571	0.50288409	0.40623944	0.59681623	0.47501130	0.50534967	0.36823971	0.43771521	0.37406155	0.40999196	0.60423899	0.44747386	0.43875981	0.43316948	0.63099647	0.55051007	0.45974536	0.42077767	0.53303211	0.43609104	0.37159123	0.41534066	0.40813455	0.62293286	0.41087703	0.37921412	0.52208737	0.48106763	0.45403205	0.51866264	0.52231358	0.42463022	0.59010918	0.46458517	0.65348561	0.50730302	0.52368776	0.41634358	0.41557729	0.48625720	0.52082738	0.44880842	0.46539789	0.44349214	0.54707177	0.36760790	0.39879641	0.36024524	0.39399532	0.46818148	0.44882667	0.40557174	0.33333908	0.44857008	0.45983463	0.43374674	0.44724435	0.39999905	0.42068246	0.35762179
02_51	0.55901895	0.55512085	0.55184032	0.50023889	0.53563395	0.45084142	0.46699302	0.50500544	0.62084550	0.62031961	0.56844077	0.53682629	0.52168720	0.55752856	0.60475516	0.65081980	0.46280845	0.66147201	0.64795713	0.45081635	0.53426712	0.62876134	0.51525466	0.50681795	0.56128206	0.55808397	0.52119450	0.46245181	0.64275449	0.53635940	0.46399884	0.57825893	0.78375543	0.50503922	0.46813447	0.45524290	0.46474091	0.66833010	0.47116536	0.52702079	0.46255986	0.48698966	0.67652968	0.56294915	0.47501754	0.48549915	0.52170528	0.44263402	0.60001602	0.49910505	0.57161658	0.52949245	0.54747358	0.51277401	0.56355522	0.47750945	0.59478543	0.40741491	0.53093503	0.58772918	0.43280626	0.62971683	0.53803385	0.63361222	0.44090854	0.41353339	0.46681161	0.58341640	0.53056005	0.61491550	0.64440159	0.51242907	0.63443524	0.46861536	0.43283126	0.48533173	0.47457343	0.43321278	0.65668882	0.62161816	0.61685476	0.51483236	0.49739971	0.54415817	0.43005093	0.49299467	0.69245418	0.65871374	0.74690342	0.48108019	0.45649976	0.56487620	0.60773114	0.50332541	0.49392048	0.45239021	0.59947933	0.56972092	0.61152925	0.45549791	0.45312092	0.43887485	0.52841889	0.46910154	0.44510918	0.82102356	0.42423973	0.50792710	0.59783277	0.48928587	0.50356492	0.51881047	0.49685228	0.40159231	0.59767200	0.57830132	0.40130238	0.51144939	0.48322521	0.51752143	0.66450381	0.58849705	0.49553911	0.42726149	0.56058977	0.46348116	0.49047151	0.65085702	0.45269769	0.48041413	0.45006649	0.41928479	0.56106405	0.50601685	0.47355573	0.70397107	0.39907091	0.48590889	0.50213492	0.44364743	0.42299422	0.54698227	0.44157461	0.51705070	0.49550909	0.58986981	0.43533111	0.59655254	0.42040895	0.47493441	0.45344614	0.52197219	0.52473427	0.47220146	0.62326243	0.42188223	0.44599935	0.50185051	0.59730173	0.63123432	0.46229895	0.41072946	0.60553223	0.48246063	0.47090248	0.40425114	0.45405070	0.54119839	0.58717930	0.50422886	0.66335369	0.45501556	0.50673506	0.77674518	0.51830121	0.46592148	0.43372860	0.46454587	0.70626892	0.48754117	0.36431866	0.53868448	0.48661068	0.48375885	0.53225032	0.37691727	0.45757536	0.52632617	0.54477704	0.40417733	0.53191358	0.39603070	0.47823127	0.46654152	0.43430104	0.52466086	0.65593255	0.48003157	0.46874199	0.51181962	0.56913488	0.51221873	0.60523917	0.49960082	0.44918620	0.42095961	0.46176787	0.56950758	0.59040504	0.42216055	0.46439652	0.38479508	0.44007047	0.49409076	0.45088133	0.46805186	0.46752504	0.41500150	0.42211165	0.55887088	0.49360486	0.50878776	0.41041230	0.39978159	0.41258371	0.55592005	0.39513547	0.44923887	0.42788489	0.46374446	0.45269074	0.53733805	0.41940551	0.42322304	0.58697235	0.36823416	0.43325939	0.49872731	0.51557679	0.50045773	0.52705199	0.48326705	0.43978252	0.57211056	0.58678723	0.55288447	0.43736998	0.45507003	0.41407174	0.44118035	0.46670920	0.45280188	0.47587671	0.45086293	0.55279026	0.48461781	0.48396224	0.50133321	0.46832050	0.42646197	0.44241811	0.48670173	0.40481280	0.55309924	0.42672564	0.40255807	0.64310691	0.43839417	0.48069658	0.45994270	0.52515078	0.46837458	0.45727865	0.52690840	0.53475402	0.45675587	0.50177779	0.42462993	0.42169675	0.50992483	0.53063714	0.41344490	0.44697086	0.45273042	0.47409517	0.38563240	0.40802153	0.42014982	0.44450638	0.64542631	0.47877301	0.41825165	0.36914296	0.47431606	0.66083916	0.41621657	0.45151854	0.43982152	0.46697387	0.37847951
02_195	0.78555727	0.64560092	0.70026034	0.53266693	0.52476159	0.44119517	0.45486439	0.64775091	0.51577652	0.75243863	0.73665025	0.69633795	0.78523781	0.93215019	0.59371757	0.50002088	0.46890868	0.47146473	0.53755669	0.50392298	0.57933876	0.51169635	0.86711004	0.72295675	0.55808728	0.48787731	0.60771557	0.49320184	0.52682659	0.79123575	0.41399708	0.59590024	0.49170839	0.45394455	0.44682180	0.43051161	0.39734223	0.50172858	0.48219929	0.52478617	0.47795084	0.41848409	0.45707434	0.61764694	0.58005018	0.51782356	0.63153847	0.47620216	0.62976975	0.49581577	0.46206580	0.48459673	0.73832402	0.47077105	0.66774796	0.40053035	0.45298190	0.42471039	0.47062834	0.56297683	0.47621849	0.71961172	0.54117345	0.55296965	0.43120726	0.46929589	0.43662792	0.43321138	0.48749991	0.55025093	0.49647819	0.42275656	0.60309153	0.42709592	0.49674226	0.71830637	0.49896834	0.43285450	0.46015071	0.46702539	0.57557169	0.54387012	0.60177388	0.55584891	0.51081642	0.56434823	0.52015958	0.44118701	0.63863633	0.52619093	0.41035953	0.52746972	0.51302516	0.50454360	0.44608654	0.44438389	0.52654686	0.50701243	0.50079689	0.39482924	0.41109524	0.57810111	0.53594650	0.52055593	0.44125551	0.51319427	0.42346605	0.58883865	0.58036733	0.76521044	0.44615593	0.44186675	0.44144778	0.37079721	0.49537835	0.48479379	0.37846256	0.51848437	0.47341702	0.45745004	0.42769661	0.60991276	0.42099390	0.45735033	0.48577171	0.59423387	0.51094626	0.53379936	0.37948109	0.41275439	0.48416126	0.42152562	0.73116877	0.44882604	0.41399251	0.46614867	0.34162770	0.39597154	0.47838227	0.40785512	0.41988674	0.49680816	0.46353427	0.48866586	0.55473678	0.63805040	0.49585774	0.53551986	0.40854057	0.41029315	0.48863277	0.51589448	0.45563476	0.43309547	0.56895869	0.42167119	0.40374918	0.44753713	0.47010980	0.56116857	0.43442068	0.39510207	0.48658050	0.48458038	0.37406257	0.44263586	0.63132809	0.56236795	0.64080662	0.43239542	0.45303094	0.41521330	0.51069847	0.53980905	0.42022774	0.47765456	0.37718737	0.38418913	0.44888495	0.39193092	0.41728087	0.58638532	0.45364760	0.45943626	0.53895069	0.39331459	0.41979040	0.47651849	0.47332831	0.39917979	0.59839389	0.35611433	0.39314428	0.43031478	0.52196544	0.44888714	0.45791644	0.52938361	0.42778284	0.39105344	0.53025707	0.43687154	0.65165215	0.43309147	0.48222589	0.39840917	0.44365430	0.44630955	0.50282518	0.42401483	0.56599232	0.35070029	0.43504424	0.56865907	0.39882292	0.45561020	0.51572147	0.38083213	0.47337221	0.41535382	0.46152411	0.48817589	0.38322539	0.33836963	0.43229311	0.44894976	0.45342891	0.45338499	0.41320826	0.44464556	0.58279492	0.51061047	0.38628757	0.49956270	0.56989849	0.38436880	0.48342471	0.37707246	0.46844791	0.45860514	0.47568613	0.45895916	0.45390162	0.46434511	0.42591643	0.43126187	0.39476560	0.43882129	0.34435816	0.45347289	0.47239377	0.49810712	0.49595074	0.43426706	0.47831022	0.62053279	0.40253503	0.43104927	0.46383533	0.40790959	0.38095924	0.38647967	0.45414288	0.52198875	0.37004497	0.34736643	0.53772875	0.41773378	0.39572377	0.53019586	0.43093655	0.44429668	0.46657958	0.46854306	0.48208634	0.59398670	0.43033385	0.44640530	0.37367878	0.52203088	0.46186472	0.46686327	0.41332313	0.42476061	0.45027941	0.39578196	0.40914030	0.36597372	0.35870106	0.42987629	0.47653092	0.36498704	0.34920660	0.39257172	0.45044484	0.38281119	0.39823941	0.42347351	0.47537158	0.37871539
02_165	0.41119340	0.49336055	0.39687559	0.43022759	0.36920662	0.42118563	0.46906043	0.41886981	0.38952420	0.43321200	0.44900595	0.50058877	0.41691077	0.42898593	0.39533971	0.41777635	0.48154353	0.40697304	0.41443145	0.53810484	0.44381955	0.39126891	0.42536839	0.41767753	0.38527599	0.37985730	0.37613488	0.54321860	0.51665357	0.40585127	0.52856329	0.47137552	0.43412328	0.45315459	0.48062195	0.71687394	0.47093234	0.40121186	0.43622503	0.36515131	0.67183882	0.50697593	0.41257713	0.47981310	0.52868485	0.42272852	0.51098739	0.58065198	0.54738960	0.52144336	0.39143018	0.50860518	0.44124185	0.57315761	0.49867153	0.54094370	0.39526014	0.51454246	0.37245339	0.38791782	0.51700829	0.46184125	0.42476393	0.40211178	0.59206384	0.49357936	0.47923555	0.44510259	0.45342987	0.48810416	0.40445142	0.48235396	0.46455473	0.68476969	0.53672230	0.39145076	0.45748489	0.52372065	0.43991510	0.40195601	0.40985602	0.43745937	0.42277322	0.39636487	0.45072985	0.40374177	0.43925558	0.41352306	0.45362690	0.42053910	0.81093573	0.47948660	0.40195397	0.52098924	0.44488250	0.41969867	0.49375153	0.59063723	0.50179215	0.53053045	0.42761565	0.40269237	0.37234707	0.52822295	0.52927001	0.44478493	0.40790898	0.41699056	0.44446999	0.39772285	0.37397233	0.37595831	0.84816986	0.40532828	0.38863496	0.39685581	0.47034853	0.35914398	0.35713604	0.39538676	0.41567350	0.45673077	0.39030342	0.53584365	0.52605861	0.39706588	0.50012405	0.40664491	0.36825565	0.53749412	0.46052054	0.40561249	0.41976687	0.41838784	0.42616491	0.42751626	0.43970886	0.52306507	0.44895080	0.37342729	0.39389423	0.37371314	0.39871662	0.39941138	0.42667059	0.46722239	0.40191928	0.46487349	0.45858523	0.46108123	0.49824090	0.45235863	0.38344969	0.36698689	0.41560628	0.48211574	0.44891938	0.38708384	0.51570693	0.43177919	0.41908405	0.49779021	0.42743406	0.50535846	0.37412507	0.41612222	0.40799897	0.43215368	0.43531008	0.44252858	0.44772068	0.42705636	0.36442696	0.47489384	0.39075746	0.39703602	0.35216986	0.37048830	0.45157739	0.40139563	0.41280081	0.40406396	0.36262357	0.49547739	0.45412433	0.38797945	0.49755160	0.42929329	0.45075527	0.36946796	0.46183644	0.39904001	0.39551571	0.35881940	0.46317462	0.47386134	0.40631820	0.41541008	0.36603201	0.39073773	0.51827665	0.37633776	0.44053894	0.41001796	0.37142946	0.46711790	0.39058760	0.44691201	0.49617523	0.39658903	0.40659790	0.38057228	0.34242206	0.36748480	0.35477850	0.42445712	0.50588817	0.41291118	0.38007564	0.47591262	0.44647057	0.36345954	0.43620089	0.44083077	0.44519448	0.38643346	0.46298150	0.38599552	0.36031189	0.45243357	0.37986609	0.36735805	0.48318403	0.36010261	0.45141768	0.37027101	0.38823345	0.38611393	0.41469118	0.37393849	0.52998131	0.37731656	0.42607504	0.38472787	0.41789376	0.39699016	0.41567316	0.39121933	0.44617040	0.56578152	0.35229022	0.40818390	0.41782513	0.50979907	0.37944081	0.38638647	0.37422493	0.42813172	0.39634718	0.35304204	0.43820984	0.39406078	0.36670572	0.38828094	0.35123822	0.41094481	0.45599961	0.34543321	0.37050647	0.37251360	0.38218382	0.41120045	0.34376434	0.43247254	0.36943332	0.37969596	0.36791414	0.37583165	0.42506944	0.40914275	0.44594917	0.36134712	0.35590659	0.45868465	0.36110896	0.36371555	0.41570600	0.48349205	0.47459746	0.43974453	0.40822087	0.34428703	0.45465492	0.41818117	0.46533403	0.38954599	0.36443117	0.43431837	0.45347113	0.36083846
02_233	0.64926748	0.54460318	0.60215528	0.72233734	0.48438763	0.41212215	0.41586759	0.93186412	0.46338059	0.55907008	0.55651607	0.55666312	0.74868698	0.63850569	0.50422083	0.49261715	0.42914644	0.45305509	0.55672862	0.47686752	0.77655228	0.45404679	0.64874905	0.78999063	0.55625991	0.49954043	0.55489228	0.44485671	0.58660782	0.65768896	0.44012853	0.67188528	0.48563795	0.47174698	0.43667446	0.45640422	0.40899959	0.47809599	0.44856476	0.48477905	0.47372657	0.42017775	0.45284081	0.73296137	0.51698062	0.68548912	0.57217204	0.42639406	0.59033412	0.59190524	0.46599919	0.44269504	0.56741726	0.49639485	0.53319003	0.41809943	0.48244942	0.48152976	0.50516368	0.48760637	0.52217046	0.66793318	0.69976604	0.46673980	0.41218937	0.44100269	0.47932452	0.44867552	0.54583553	0.58371748	0.42916738	0.39786639	0.59817102	0.43781333	0.46264768	0.66456289	0.48021747	0.49243833	0.45411520	0.46268578	0.58228691	0.45808347	0.64702684	0.49752552	0.49735866	0.53230468	0.55525203	0.43977607	0.56708641	0.46398751	0.41647875	0.48788956	0.54202540	0.62030979	0.50298974	0.40964626	0.56618093	0.53592964	0.50136826	0.38192350	0.42399948	0.56715715	0.48651678	0.46228676	0.39889081	0.50313600	0.41502667	0.85192970	0.47003594	0.67297615	0.50886460	0.39558431	0.43828880	0.35447065	0.42971577	0.44825395	0.39908008	0.48121270	0.47021632	0.52816983	0.42076974	0.49031481	0.46507250	0.48028708	0.43297231	0.54394683	0.44948345	0.45077347	0.40421241	0.42188765	0.44496095	0.40525594	0.63481918	0.44013855	0.37671589	0.43733187	0.35119601	0.39227284	0.49725757	0.45213939	0.47945513	0.50427680	0.41643070	0.61501883	0.50073907	0.53487391	0.47313597	0.62245819	0.37659737	0.42048050	0.45150544	0.46467729	0.43929797	0.40565384	0.50151468	0.39271823	0.38464879	0.39876119	0.43899295	0.46046459	0.46020015	0.44295862	0.42112716	0.43314796	0.37142459	0.43256255	0.61616519	0.63067307	0.52649127	0.38514513	0.47771077	0.42519419	0.47417025	0.53996118	0.39413434	0.43828117	0.40596457	0.39720466	0.44979032	0.40274249	0.41254489	0.70521548	0.41552749	0.45905628	0.48281338	0.39138684	0.42078519	0.41702524	0.45281458	0.38313146	0.49976968	0.37553809	0.40688883	0.46764933	0.51139570	0.47071404	0.45867940	0.72304604	0.44061703	0.40805246	0.60960435	0.44880660	0.51174578	0.46192778	0.45096400	0.43454316	0.51973946	0.40415425	0.50204091	0.41514108	0.60004382	0.37647624	0.42016746	0.53825042	0.36380952	0.52816543	0.58318442	0.41389905	0.49875106	0.42200119	0.44707758	0.50043456	0.41511851	0.34378564	0.49308246	0.40700646	0.43795899	0.44797788	0.44471314	0.41734837	0.57520558	0.46201495	0.41241202	0.49135883	0.48640750	0.37927500	0.46979962	0.38384800	0.57591951	0.50891558	0.45701867	0.41614081	0.55675324	0.40562937	0.45332290	0.42838692	0.41587586	0.39613125	0.35069913	0.40905385	0.45256355	0.51601969	0.43475194	0.39221510	0.43092071	0.61157065	0.38408851	0.45539202	0.43321650	0.43902069	0.39489795	0.38821221	0.48212637	0.53583817	0.40047379	0.35223900	0.50138198	0.43833891	0.41695117	0.51863341	0.39263545	0.49945844	0.45119752	0.44871924	0.44429475	0.58121225	0.38839702	0.50562581	0.35575468	0.65467663	0.41273044	0.47104794	0.38167876	0.38611916	0.42215414	0.44695107	0.38142325	0.37765175	0.36757981	0.43788730	0.42429235	0.39521376	0.35093036	0.37381573	0.47029302	0.35956472	0.36758679	0.42080164	0.60899099	0.43048501
02_261	0.50070402	0.67157540	0.48331432	0.43045035	0.43094397	0.50346101	0.57135063	0.46544529	0.44122331	0.53146926	0.54241439	0.66901563	0.49600359	0.52754079	0.47177395	0.44374468	0.61299220	0.42127973	0.44284050	0.72501759	0.45475696	0.44314155	0.53811231	0.48471123	0.43781059	0.40949492	0.45276893	0.77975334	0.48455831	0.49708936	0.47843554	0.47716169	0.43624788	0.47561138	0.53656452	0.53535036	0.45016208	0.43266614	0.54031279	0.42650529	0.68121938	0.49572334	0.41314563	0.49806069	0.78248000	0.42219097	0.63460600	0.79983246	0.62597871	0.47812382	0.40463503	0.59778617	0.53211505	0.48902395	0.68155172	0.46831078	0.39692051	0.47792279	0.39542535	0.45804188	0.55049780	0.51631456	0.43278674	0.47172849	0.56764293	0.59639680	0.47346889	0.42519449	0.42612909	0.47008648	0.45050088	0.50044674	0.51474278	0.53828830	0.72006242	0.47584785	0.51941040	0.48490258	0.44320600	0.41299622	0.45254819	0.48919679	0.46244940	0.45518278	0.58005978	0.49813179	0.44043913	0.40426942	0.50497050	0.46479743	0.52111116	0.47943014	0.42494437	0.48718322	0.44149307	0.46938727	0.46120191	0.55346696	0.45935677	0.48401961	0.38823095	0.47706542	0.43517823	0.64149852	0.60551668	0.44965461	0.47106381	0.44776703	0.51203618	0.48768616	0.38092939	0.40889036	0.57003510	0.41964128	0.44116777	0.42907586	0.42354587	0.42103505	0.39690673	0.39197787	0.40051403	0.52671208	0.37510596	0.54379620	0.59832797	0.46312344	0.55053563	0.46815034	0.34965936	0.44434976	0.50592655	0.47278370	0.49878110	0.41506186	0.45542131	0.43063499	0.38195727	0.47424505	0.42859193	0.36324205	0.37384692	0.41129944	0.42898320	0.40311656	0.47116134	0.52472077	0.44158933	0.44924841	0.47902006	0.44026117	0.66007478	0.47018946	0.40475235	0.39309426	0.47202191	0.52439252	0.44812632	0.41734819	0.51085011	0.49586843	0.39536747	0.43692605	0.48595451	0.54370224	0.35677435	0.49067471	0.49661779	0.45048904	0.50856849	0.49645387	0.41273982	0.39128140	0.42700293	0.46840326	0.39699750	0.42988872	0.34277138	0.35714555	0.41957002	0.36982004	0.46628023	0.44343692	0.40311898	0.54027369	0.48003824	0.42545304	0.47583965	0.47420307	0.43850055	0.40807603	0.53561697	0.37672825	0.36828695	0.37106003	0.59342811	0.41814630	0.40963359	0.42389028	0.37776889	0.36456026	0.48187389	0.38576567	0.52698433	0.39067102	0.41505664	0.40658332	0.38267460	0.47796021	0.45958932	0.45513690	0.44963521	0.36227149	0.37886558	0.43569305	0.37749319	0.39985083	0.52829131	0.40599957	0.40221378	0.42911871	0.43094550	0.40273003	0.41544291	0.38019815	0.43318662	0.41387267	0.54589797	0.44083429	0.36927585	0.52694253	0.44284357	0.42705725	0.40756851	0.40938268	0.49826161	0.41142193	0.41888527	0.35838059	0.40399183	0.38787268	0.49489790	0.41409088	0.40921753	0.42790824	0.38908103	0.39474443	0.37288117	0.41785240	0.38824293	0.65637993	0.40290512	0.43424809	0.45547439	0.56638668	0.42343685	0.45493529	0.37858749	0.39593574	0.45141027	0.35939254	0.38161604	0.36781263	0.38837576	0.42594524	0.33892933	0.37882429	0.47260769	0.36362865	0.36063824	0.42569447	0.40628857	0.39536775	0.39315879	0.43521712	0.41678780	0.44942224	0.39974057	0.38254243	0.42895852	0.42175406	0.49612158	0.40191623	0.38269629	0.49975885	0.40162227	0.35537376	0.44005707	0.40165422	0.40913210	0.40321305	0.44196980	0.33328545	0.39944542	0.41605265	0.41732579	0.41519354	0.38197192	0.42234242	0.43308347	0.34582813
02_71	0.69784147	0.62597070	0.64069560	0.58238931	0.51756588	0.43664364	0.45857163	0.63472823	0.53694094	0.74213994	0.73707753	0.67108712	0.69515299	0.76093529	0.59198135	0.54345914	0.46406947	0.52726191	0.57742743	0.49417974	0.62336950	0.53345101	0.69616984	0.68427664	0.55958451	0.51658097	0.56804727	0.48898318	0.61173217	0.68041044	0.44380842	0.70633560	0.55449768	0.46973066	0.45567837	0.46421980	0.42127040	0.53815582	0.47238596	0.51823585	0.49284972	0.43954955	0.51178557	0.70183532	0.56051465	0.56847739	0.66176547	0.48005120	0.70076209	0.55610550	0.51515160	0.50105211	0.77630677	0.54760741	0.65644864	0.43111623	0.49338733	0.44369607	0.49176616	0.56989298	0.47544903	0.84919300	0.59888524	0.56840795	0.46564551	0.47729715	0.45275561	0.48344986	0.57972827	0.67414908	0.53476022	0.44571543	0.67708569	0.46675343	0.49360951	0.63510032	0.53199778	0.45371724	0.50390243	0.52480771	0.61832817	0.61058063	0.66337494	0.60335241	0.48559896	0.53592082	0.60104933	0.49910576	0.75274454	0.58903332	0.45025857	0.63393324	0.55626209	0.54156029	0.47032306	0.47555437	0.61474697	0.56370746	0.59595960	0.43196778	0.47826374	0.57099428	0.54449171	0.55022667	0.46347634	0.59206659	0.41842222	0.60697136	0.64885982	0.64151650	0.47577383	0.48338529	0.48040338	0.39464185	0.52550637	0.54114944	0.41332786	0.50448295	0.49405883	0.50875309	0.47811640	0.65867493	0.47758275	0.47904360	0.51472737	0.61658554	0.56644966	0.56149304	0.42778235	0.47634120	0.53007058	0.42124456	0.75506065	0.52258578	0.44796885	0.53378547	0.37601935	0.42675392	0.56902165	0.45683885	0.47245817	0.51041355	0.51376892	0.52286498	0.63210709	0.73910601	0.53760865	0.63427569	0.44187393	0.45193605	0.48207834	0.60237671	0.51023251	0.47720955	0.63524832	0.44644609	0.44569418	0.49879788	0.53418220	0.61745859	0.50478195	0.42532868	0.51332893	0.53864572	0.42508406	0.44350208	0.59597419	0.65618406	0.73364026	0.45318120	0.52812984	0.48396301	0.50648576	0.63709241	0.47591375	0.53579318	0.41839125	0.43332599	0.51695728	0.45400130	0.42206174	0.60045043	0.48653848	0.47108868	0.63573633	0.40514780	0.46369057	0.53028696	0.56722182	0.41724938	0.67055556	0.38528276	0.45447094	0.46374809	0.49908737	0.53394143	0.50874324	0.56946063	0.47295910	0.44698239	0.60200397	0.48631265	0.68521417	0.50505881	0.52040619	0.44933096	0.49743015	0.48193924	0.59926237	0.42554301	0.60570069	0.37769476	0.45858487	0.55014579	0.43655685	0.52466652	0.54223744	0.39415013	0.51490482	0.47373955	0.54428637	0.49883576	0.40849808	0.37410708	0.46479671	0.49737653	0.45802245	0.45880348	0.44989607	0.45196774	0.58193038	0.51188616	0.43743604	0.51400521	0.66570910	0.39199374	0.53121610	0.43082492	0.51697929	0.49517833	0.55887138	0.50626724	0.50006170	0.49461304	0.49064279	0.49300608	0.45736514	0.48914814	0.37873273	0.46409793	0.48084335	0.55068868	0.55349385	0.45881787	0.51276918	0.59636715	0.45345499	0.50774627	0.48870166	0.44697132	0.43991868	0.44428242	0.48726195	0.54375102	0.41056446	0.38147497	0.62259085	0.44760186	0.44371906	0.54790933	0.47416733	0.50743038	0.46552001	0.54465627	0.49664691	0.55595809	0.46473378	0.48716116	0.40111999	0.55429176	0.48810320	0.48553072	0.45105731	0.45191798	0.47671321	0.43282690	0.44161966	0.41099805	0.38864724	0.49082737	0.52784119	0.40319156	0.38225184	0.43168922	0.52133053	0.40658460	0.43819339	0.47837919	0.50636663	0.41427637
02_260	0.53970539	0.54792222	0.52169084	0.49183829	0.48471110	0.42508926	0.44949617	0.49771167	0.55287051	0.62447721	0.60983010	0.56168336	0.51668903	0.56350602	0.55603051	0.56229744	0.44875028	0.57873382	0.56567934	0.44944313	0.52948425	0.56324228	0.51595489	0.50348820	0.50536905	0.49399251	0.48426870	0.46401392	0.61885750	0.52070767	0.44221191	0.59042036	0.65747636	0.46325993	0.44366218	0.45913960	0.43418128	0.57508960	0.44521091	0.47839724	0.47011151	0.45901684	0.58420070	0.56657322	0.48429874	0.47670098	0.52812643	0.45863168	0.60523616	0.49720184	0.51181581	0.50845186	0.57548290	0.52943091	0.57639918	0.45475594	0.51918120	0.40225360	0.47184720	0.53739614	0.42588664	0.63995775	0.51109854	0.58586633	0.44994458	0.41769241	0.43833144	0.52222459	0.53112006	0.63942427	0.60460104	0.48526502	0.58593607	0.46861819	0.43874190	0.47448943	0.46072853	0.42135964	0.57138973	0.54796888	0.55281302	0.55540630	0.49661849	0.51751827	0.41898110	0.46101596	0.61113787	0.57922186	0.70838701	0.50390758	0.46976458	0.62146191	0.53406942	0.49812641	0.45391629	0.44033837	0.63449384	0.55173917	0.67798165	0.44975476	0.46774119	0.43603794	0.48607334	0.48703947	0.45121601	0.68992994	0.39858944	0.48996503	0.64257309	0.48402855	0.45365062	0.49572471	0.51555193	0.38839314	0.55348694	0.53506725	0.39327492	0.46575242	0.44272814	0.47491792	0.59471050	0.65669312	0.46156670	0.42499617	0.55176440	0.46599748	0.52139524	0.61098804	0.42643192	0.49084955	0.46199629	0.39613334	0.54640856	0.50060544	0.46028596	0.64254909	0.38742027	0.46419581	0.51685332	0.42186440	0.41987844	0.48596029	0.46084645	0.47798586	0.51356950	0.64643778	0.44088735	0.58496707	0.42601216	0.44867833	0.44492806	0.56280824	0.48880311	0.45243052	0.58345256	0.42204943	0.43942480	0.49663718	0.58424017	0.65069565	0.46601580	0.40049888	0.57344278	0.50610328	0.45113588	0.39013007	0.44852055	0.52567746	0.59715770	0.48554617	0.61111833	0.47012279	0.46236222	0.75036452	0.49950077	0.47050015	0.40510620	0.43653116	0.65946367	0.47406178	0.36311850	0.50221593	0.45897071	0.45774747	0.57140194	0.36387142	0.44613930	0.52581670	0.56717208	0.38508636	0.56641615	0.37583323	0.46264665	0.42754621	0.42615056	0.55117742	0.56697915	0.46956663	0.43748611	0.47700508	0.57961321	0.46777296	0.63432517	0.48197645	0.43996199	0.42308446	0.44083751	0.53744151	0.64846097	0.39614014	0.46112508	0.36371355	0.41266162	0.46050164	0.43836158	0.46624070	0.45994043	0.38658212	0.41935243	0.52378529	0.51999496	0.45830812	0.38902820	0.39045341	0.40428500	0.52326656	0.39579437	0.41672167	0.40304054	0.44070885	0.44344846	0.48923277	0.42315652	0.41298054	0.62622666	0.35415234	0.43735414	0.47136351	0.47947351	0.45467333	0.55498522	0.47084116	0.43141815	0.54123431	0.53568400	0.51100390	0.44696546	0.46181989	0.39934970	0.45962357	0.43092463	0.44832849	0.50324591	0.45637985	0.51185170	0.46825936	0.46448415	0.49779088	0.44411070	0.40277096	0.44677505	0.47282665	0.40062393	0.50170642	0.39897672	0.38714474	0.65594482	0.40676849	0.44456002	0.44318507	0.50005804	0.45654163	0.42266331	0.52970477	0.48981939	0.44742729	0.47925516	0.41382168	0.40899722	0.48553470	0.51733964	0.40227321	0.43339277	0.45155335	0.44497807	0.37992387	0.41205841	0.42236699	0.42469088	0.60799320	0.49571552	0.39149348	0.37531595	0.45607083	0.64344235	0.40157083	0.44128635	0.44539968	0.45726599	0.37158766
02_323	0.62907486	0.59166888	0.63599247	0.55963477	0.61728232	0.49692450	0.49318225	0.57574253	0.63326404	0.60133373	0.53363165	0.53442433	0.58137337	0.57986499	0.63832493	0.73800010	0.49368914	0.63327527	0.83996330	0.48514792	0.59019122	0.61578512	0.55802387	0.56590194	0.70616269	0.67652247	0.61667681	0.47739539	0.67214732	0.60521419	0.51152977	0.58995366	0.69826558	0.60271602	0.52078324	0.47012776	0.50922797	0.69808210	0.53082946	0.60807480	0.47937997	0.52377781	0.64401773	0.60540484	0.49728045	0.54293357	0.55015290	0.43779178	0.62105510	0.54122945	0.61587802	0.54613447	0.53099191	0.50117527	0.56275895	0.50653115	0.68225554	0.45254766	0.66342258	0.62297432	0.49073170	0.63786899	0.63655604	0.60387815	0.43684479	0.43271341	0.55128826	0.61853566	0.53477447	0.58254321	0.55820783	0.51138054	0.75693836	0.47779888	0.45458119	0.55096323	0.51636014	0.49178875	0.66525922	0.63979998	0.77186968	0.46474094	0.53663885	0.56803157	0.49012404	0.59581426	0.77195892	0.60840166	0.70256301	0.45556768	0.44436775	0.49767611	0.77312276	0.55896441	0.61030353	0.46375085	0.55866709	0.61792258	0.52623141	0.44671154	0.42778716	0.48269061	0.59000131	0.46351832	0.43824234	0.71334430	0.48629343	0.60321450	0.51832295	0.54517751	0.62020230	0.48514202	0.47553525	0.41077902	0.55928382	0.56903721	0.42410837	0.59172367	0.55890150	0.60756251	0.57290031	0.51147422	0.53650774	0.46486067	0.53480168	0.48626859	0.45798923	0.58156232	0.46759962	0.45629400	0.44541156	0.47130904	0.61769440	0.48679173	0.45610361	0.58555276	0.40389854	0.49065026	0.48593138	0.48017346	0.44347715	0.67702283	0.41612862	0.64041775	0.48227580	0.53404123	0.44383451	0.62642545	0.40862081	0.50612149	0.49023568	0.46988741	0.53763907	0.47013143	0.62459345	0.42549727	0.44016416	0.46349151	0.54764016	0.54225931	0.45704923	0.45163840	0.54983886	0.45432887	0.44616889	0.45414766	0.51145607	0.59775740	0.55943454	0.48304743	0.61345504	0.42950777	0.58777162	0.66706085	0.47848485	0.45441131	0.46649702	0.47207215	0.58588860	0.46411029	0.39163816	0.68430237	0.49413872	0.54884628	0.48507706	0.41459139	0.47576312	0.48785502	0.49073694	0.43533888	0.49911650	0.42885878	0.46590604	0.54259085	0.49260931	0.48171561	0.66083998	0.54798269	0.50857589	0.50402696	0.58069500	0.55911921	0.55351388	0.50915857	0.46576113	0.42913546	0.51671031	0.53151656	0.51889792	0.48455491	0.50790465	0.42486623	0.47886880	0.58622592	0.42775908	0.48930466	0.53362965	0.48481447	0.44987807	0.54427667	0.45538735	0.62781457	0.46467796	0.39738973	0.46000418	0.51675026	0.42307414	0.52663920	0.48033698	0.50393423	0.50520341	0.59184862	0.42056758	0.46181733	0.52344038	0.40522249	0.44264976	0.47321052	0.61945632	0.60896912	0.48742392	0.47411901	0.49062374	0.51967483	0.58199949	0.54569309	0.42032963	0.42956709	0.41714243	0.42858309	0.53495038	0.48542749	0.44093926	0.43995256	0.55160490	0.55788399	0.46221148	0.49015702	0.50717558	0.47261496	0.42408648	0.45502366	0.43592513	0.67488755	0.46005824	0.41265970	0.57858936	0.49874579	0.50914518	0.51394821	0.49168072	0.50120037	0.52749354	0.50001849	0.56989852	0.51378912	0.47833518	0.46911141	0.42365965	0.60513906	0.50919686	0.45600422	0.43981391	0.44376039	0.50388186	0.41498672	0.40467753	0.41220190	0.45145105	0.56151875	0.44851168	0.45241786	0.36550119	0.46148589	0.57093474	0.42437974	0.43071205	0.43588628	0.53065123	0.40770689
02_236	0.49628826	0.50576855	0.50832645	0.41218022	0.55436229	0.46526010	0.47454692	0.42424075	0.69617859	0.55480578	0.49169345	0.47032843	0.44850360	0.48390473	0.61721995	0.63494512	0.45854896	0.69263109	0.57415106	0.41529398	0.43275962	0.73244701	0.45466584	0.43277305	0.52945243	0.54347918	0.50000453	0.43835105	0.50279318	0.47743672	0.42704345	0.46043175	0.67545674	0.48007085	0.45726398	0.39813101	0.45203873	0.69032597	0.47138742	0.54355963	0.41131567	0.47143699	0.66965171	0.45297819	0.42822767	0.40442983	0.45799446	0.41296004	0.50273919	0.41368202	0.56086117	0.52688634	0.47818670	0.43148821	0.50767178	0.44428236	0.55193072	0.35968459	0.50426960	0.61813025	0.38330789	0.50677964	0.44649448	0.70459275	0.41010483	0.38530253	0.42556049	0.55322985	0.43942197	0.48249721	0.81497082	0.53646752	0.54575649	0.42027739	0.39795106	0.43442878	0.44653589	0.38214211	0.65155933	0.61735379	0.55315657	0.47136123	0.42672784	0.52951453	0.40132157	0.47334964	0.56456735	0.64624591	0.60865024	0.44020189	0.40526014	0.48004330	0.55126659	0.41467368	0.44674997	0.45544362	0.46717074	0.48252702	0.48606169	0.44545251	0.39940631	0.39633646	0.54063893	0.43019414	0.43382729	0.66327182	0.42516566	0.42703033	0.55794946	0.43329246	0.46124904	0.58246821	0.43609141	0.41380335	0.72065774	0.60315101	0.37197056	0.52676460	0.48220767	0.45770130	0.66309476	0.52020218	0.44903726	0.38319214	0.56018873	0.41932389	0.44855227	0.75211374	0.42900004	0.42622310	0.41675935	0.42542856	0.49378155	0.46989273	0.50858643	0.72256989	0.38633601	0.47732161	0.42856025	0.40479396	0.36924738	0.53367964	0.41454727	0.44158599	0.44311049	0.49979310	0.39847006	0.47187495	0.41274012	0.45588940	0.43353796	0.46372782	0.52799458	0.48521688	0.60423191	0.41134162	0.44198816	0.52426796	0.57479101	0.62131531	0.40590295	0.36761886	0.71689267	0.44794208	0.47334588	0.39094631	0.40726276	0.45674410	0.53241358	0.56427025	0.54938675	0.40188342	0.52339756	0.57433634	0.54186225	0.44098975	0.41459477	0.45243302	0.60031552	0.45440393	0.34200000	0.46363031	0.51718302	0.45873423	0.46845892	0.36849001	0.43137391	0.53826633	0.48293974	0.41351477	0.47458397	0.38339407	0.44540656	0.44379095	0.39927840	0.43663825	0.63764007	0.40167924	0.45359491	0.48675222	0.44972689	0.49936308	0.54554744	0.44605980	0.43195677	0.37105582	0.40527748	0.64265634	0.47506959	0.42495082	0.40748247	0.37034644	0.44822510	0.47474436	0.48758716	0.39659104	0.40457559	0.39519450	0.37935940	0.52605404	0.43524947	0.49575390	0.38544176	0.38922353	0.36620782	0.62434720	0.36778344	0.44985916	0.40380388	0.46905293	0.41068356	0.56997857	0.37291247	0.39641014	0.52384721	0.36534145	0.39505867	0.48753795	0.43836229	0.46231617	0.46116170	0.49036871	0.37664499	0.68455013	0.52384642	0.54403236	0.38534992	0.44746510	0.40598848	0.41221564	0.47489919	0.40479956	0.44066978	0.44273378	0.60389246	0.43618421	0.49889511	0.43767453	0.47207138	0.40118824	0.39892828	0.46869948	0.36600841	0.51121234	0.40652911	0.39756992	0.54418704	0.42540476	0.46039815	0.42807377	0.57787305	0.40748434	0.46094863	0.48010312	0.56277546	0.41168080	0.55120138	0.37695745	0.43371028	0.42971802	0.54622053	0.38578383	0.46342367	0.45313118	0.48762615	0.34411837	0.39407356	0.38378746	0.43039331	0.56105187	0.45138751	0.39845918	0.34390384	0.49048488	0.53354534	0.43330593	0.47253503	0.40104203	0.39022560	0.33828984
02_58	0.70265084	0.55891360	0.64421255	0.62059041	0.49502124	0.41521470	0.41863314	0.82090868	0.46562883	0.58452679	0.57946149	0.57653851	0.84638611	0.69157337	0.51969341	0.47696177	0.43264659	0.44078217	0.53092643	0.47910379	0.65675567	0.45645863	0.73155793	0.88213932	0.55569425	0.48757045	0.58592937	0.44914819	0.52889700	0.72936488	0.41652180	0.61202405	0.46193065	0.45293317	0.43025641	0.42959525	0.39174964	0.46774135	0.45418044	0.49748710	0.46004182	0.40428015	0.43371664	0.65566499	0.53009532	0.60349680	0.58295432	0.43024681	0.57551654	0.53267212	0.45220897	0.44014075	0.59946405	0.46572233	0.54985910	0.39499422	0.45405529	0.45424392	0.48552778	0.50143412	0.50129590	0.65237415	0.61475442	0.47561101	0.40646398	0.44948085	0.45143012	0.42419539	0.50435293	0.53966254	0.43128910	0.39009988	0.58043794	0.41708847	0.46939075	0.77568688	0.48405549	0.45965418	0.43486336	0.44786132	0.56916961	0.46937707	0.64838257	0.51247821	0.51053281	0.55285274	0.51612059	0.41978487	0.55927028	0.47654049	0.39609465	0.47835941	0.51720789	0.54702760	0.46846556	0.41547718	0.51762193	0.49998704	0.47134076	0.37253594	0.40647206	0.60957153	0.50288814	0.47056386	0.40130376	0.47926064	0.41489672	0.72628468	0.48027531	0.78993292	0.47686055	0.39938433	0.41741274	0.35332917	0.43539348	0.44776155	0.38391573	0.49501358	0.47477764	0.48987032	0.40148266	0.49906154	0.43734566	0.46764445	0.42998013	0.58163930	0.45460583	0.45662949	0.38568636	0.40130853	0.45215639	0.40864312	0.67405959	0.43126815	0.37738919	0.42510741	0.33729448	0.37724049	0.47606673	0.43057386	0.45266464	0.49590711	0.42569849	0.54932095	0.51295018	0.53986298	0.48627873	0.55719748	0.37845952	0.40495400	0.45714324	0.46478320	0.43619589	0.40900806	0.50814349	0.39477574	0.38102040	0.40352642	0.42838182	0.46839218	0.44065437	0.41587446	0.42291686	0.43596413	0.36046157	0.44084674	0.68056118	0.59801624	0.54422658	0.38609357	0.44315031	0.40902041	0.48759358	0.50595159	0.38997569	0.44669455	0.38922958	0.38273852	0.42369553	0.38498333	0.42157709	0.66277622	0.42324659	0.44747517	0.48433313	0.39470089	0.40955623	0.42217651	0.44186556	0.38801371	0.51371580	0.36190145	0.38940017	0.45243210	0.52353159	0.44116809	0.43861623	0.63356447	0.43259301	0.38727818	0.54362304	0.43642833	0.52704541	0.43917680	0.46579832	0.41077013	0.48573337	0.40042201	0.47421260	0.41741839	0.61367957	0.36201775	0.42819623	0.56721915	0.36731996	0.48935455	0.55380424	0.39426341	0.50174583	0.40053296	0.43739334	0.49686175	0.39686121	0.33091675	0.46995871	0.40723734	0.44665941	0.45176203	0.43451803	0.41755521	0.62005325	0.47214142	0.39122209	0.51633743	0.49110624	0.38427955	0.47993492	0.36708480	0.51617718	0.48625015	0.44381042	0.42377979	0.51129434	0.40892917	0.42344865	0.41522272	0.39620880	0.40198997	0.33671135	0.40972470	0.46384050	0.51612500	0.44384894	0.39358707	0.43528937	0.65324495	0.37972589	0.43134180	0.44056717	0.42825329	0.37657348	0.37400829	0.48552904	0.52465484	0.38285740	0.34136292	0.48800967	0.43260887	0.39901936	0.54042535	0.39247551	0.47011128	0.46149020	0.44071626	0.44809951	0.62104678	0.39128787	0.48913812	0.35216534	0.58945364	0.41239254	0.48442911	0.38638182	0.38739980	0.42829097	0.42986613	0.38489096	0.36031121	0.34972292	0.41094733	0.43056510	0.37821500	0.34194742	0.36754597	0.43535664	0.36031945	0.36895256	0.41300952	0.53629618	0.41066955
02_319	0.55132300	0.51727444	0.51661653	0.68553425	0.44428109	0.39166222	0.41211685	0.61015178	0.46061153	0.55241652	0.57514630	0.55136349	0.58484950	0.57800930	0.48210597	0.49867611	0.41534020	0.49228326	0.53121069	0.45410979	0.67634799	0.45613770	0.55538038	0.61177199	0.49124802	0.48022298	0.47608986	0.44035441	0.66934003	0.54381096	0.45430474	0.85010348	0.52417287	0.44684749	0.42477839	0.49361450	0.41572337	0.48063095	0.41838016	0.44497675	0.48198076	0.42356475	0.49080216	0.76226965	0.49904285	0.67972007	0.58890544	0.44228207	0.62579833	0.66754349	0.49975458	0.44890217	0.60218262	0.64948789	0.52917961	0.43691890	0.48336546	0.47597186	0.46704749	0.47327919	0.47180844	0.67994259	0.65865108	0.46944736	0.46483363	0.45538702	0.45057596	0.48520627	0.76257714	0.83216197	0.45973073	0.41311287	0.60539336	0.48653284	0.45828744	0.53785505	0.50454313	0.47708911	0.47368180	0.50135454	0.55432882	0.54889174	0.68542741	0.52601550	0.44303759	0.46192093	0.60008222	0.48950293	0.60718820	0.55954131	0.47535527	0.65273738	0.52465446	0.59897451	0.47168073	0.44517213	0.69960519	0.57374463	0.65809333	0.43035973	0.56646925	0.53643565	0.46840996	0.51112832	0.43220234	0.55652308	0.38398450	0.61837589	0.53593668	0.53363415	0.48025242	0.43970971	0.48913443	0.38258942	0.44865999	0.49434676	0.44386625	0.43471643	0.45611942	0.54582274	0.46395010	0.54349483	0.52475316	0.49280310	0.45823639	0.56418768	0.53743228	0.46728999	0.46394408	0.53759100	0.51716204	0.38681520	0.59609097	0.55057005	0.41700603	0.49971428	0.39695676	0.41775149	0.69309995	0.50842726	0.57443770	0.46160320	0.50122927	0.54843694	0.59975305	0.61582434	0.53987023	0.74619941	0.42977524	0.46151534	0.43361462	0.59894921	0.48699448	0.45435739	0.53404722	0.42935245	0.44105383	0.46058824	0.51129816	0.50769637	0.60394943	0.46586491	0.44066373	0.51357554	0.43919489	0.41604462	0.53496317	0.71279466	0.59204396	0.40672706	0.56160660	0.56684983	0.43737198	0.61802531	0.46219011	0.51703563	0.44481285	0.45627793	0.52021186	0.49940890	0.41617203	0.56235332	0.44436099	0.44029259	0.61715588	0.39448611	0.47268692	0.47713113	0.59747763	0.39522014	0.57582312	0.40172680	0.49855108	0.46872117	0.45552149	0.65068900	0.48332895	0.64142472	0.47731116	0.47609143	0.68074033	0.48185341	0.53481001	0.56799121	0.49144056	0.53269643	0.56731460	0.43385748	0.65527941	0.39237753	0.60760369	0.39487520	0.42879410	0.47174174	0.40966019	0.65894271	0.55549242	0.39238997	0.54692110	0.48687795	0.59270367	0.45372708	0.42179367	0.39253325	0.51498072	0.45127944	0.43919444	0.42370301	0.46543365	0.40896697	0.53056442	0.43561842	0.50618550	0.49183411	0.57393793	0.37802030	0.53640859	0.45136557	0.56216055	0.49184704	0.58348094	0.46560302	0.58731324	0.42796035	0.52360683	0.48841537	0.53972923	0.46468082	0.39090745	0.42785291	0.42920255	0.56696975	0.51456753	0.42328767	0.44774547	0.51647988	0.44172420	0.57974731	0.44223410	0.46426973	0.49788850	0.47513935	0.50820787	0.48952684	0.43723379	0.39093603	0.56464776	0.43985691	0.45660958	0.49815953	0.43149614	0.57504502	0.41288471	0.53557572	0.43083243	0.48577343	0.41650131	0.52414345	0.38327058	0.56353158	0.43004896	0.46447107	0.42088305	0.41495882	0.42955326	0.48275491	0.42420577	0.44272858	0.39159028	0.49934943	0.48478442	0.42498584	0.40142068	0.41196820	0.56155406	0.38040986	0.41189083	0.49744910	0.55731108	0.46310430
02_87	0.47484502	0.62892606	0.46074211	0.43071972	0.41891698	0.51222077	0.58262744	0.45489195	0.42716917	0.49244498	0.49783380	0.60361523	0.47337238	0.49177631	0.44969002	0.44073206	0.62838713	0.41564994	0.43859030	0.78562728	0.45087837	0.42769207	0.50328476	0.46641325	0.42925284	0.40667940	0.43615686	0.80086367	0.49043060	0.47153994	0.51918709	0.46828741	0.43204997	0.49635334	0.56796938	0.59077151	0.47916080	0.42496065	0.54639371	0.41454549	0.77792081	0.52981268	0.41102213	0.49148071	0.72761369	0.42306299	0.60821874	0.78131825	0.60999737	0.49332862	0.40262772	0.60623804	0.49211892	0.49944371	0.61745846	0.50678381	0.39912617	0.51716774	0.39555323	0.43869330	0.59663497	0.49385444	0.43332391	0.44828799	0.59481096	0.60428798	0.50744238	0.43502530	0.42637421	0.46327600	0.43133568	0.51490872	0.50789429	0.59069264	0.75201683	0.45458449	0.52214008	0.52947139	0.44619223	0.41033617	0.44411542	0.45752813	0.45047838	0.43801521	0.59208008	0.48987000	0.43950800	0.40340280	0.48466224	0.44064209	0.56420906	0.46068956	0.42311823	0.50443407	0.46292897	0.46533842	0.45657250	0.58353268	0.45172006	0.50736009	0.38718037	0.46207885	0.42101545	0.61304253	0.61267895	0.44416128	0.48923847	0.44418125	0.47622967	0.46335072	0.38496174	0.39610277	0.61016246	0.42893516	0.42404405	0.41886206	0.44881105	0.40901747	0.39221922	0.39629982	0.39927602	0.48645692	0.37975840	0.58378268	0.59377045	0.44255747	0.52179508	0.44511527	0.35375632	0.45596649	0.49284858	0.48723959	0.47621675	0.41019477	0.45222828	0.42358339	0.40136868	0.50524395	0.42458342	0.36718343	0.37690275	0.40789805	0.41052407	0.40732948	0.45063241	0.49209685	0.42815024	0.44979001	0.47775164	0.45832618	0.69160656	0.44826139	0.39985005	0.38505665	0.45507017	0.53315515	0.45439266	0.40316728	0.51005954	0.46595204	0.39478635	0.47052160	0.46868843	0.52588476	0.35746734	0.50510272	0.48043016	0.44638638	0.47706455	0.48949387	0.41559142	0.38981773	0.41721369	0.46201708	0.39037789	0.41616110	0.34735050	0.36002442	0.41944155	0.37188038	0.47511252	0.43972900	0.39213142	0.57964884	0.45768998	0.43787107	0.49865614	0.45767023	0.42996476	0.41107410	0.50151312	0.39416045	0.37116783	0.37308869	0.61089818	0.41802370	0.40928123	0.42500632	0.37773232	0.36863224	0.48636307	0.38664087	0.49000617	0.39352173	0.40343235	0.41907173	0.38750294	0.47432724	0.45248702	0.46939775	0.44086457	0.37918525	0.37359961	0.42394819	0.36874476	0.40354892	0.55461216	0.43254749	0.39771895	0.44192971	0.42302790	0.40033124	0.44408873	0.39880347	0.45101174	0.40398470	0.56333222	0.44482358	0.37334597	0.54656169	0.43009865	0.41532265	0.42312741	0.39888856	0.47241554	0.42045366	0.40905039	0.36184518	0.41253549	0.39126083	0.49360663	0.40273282	0.41965254	0.41335428	0.39351205	0.39501210	0.37548660	0.40547200	0.40998255	0.66376598	0.39759313	0.43179979	0.43444248	0.57563274	0.41309552	0.44284440	0.37578795	0.39925853	0.45019599	0.36266301	0.38914729	0.36802389	0.38621826	0.42351978	0.34491029	0.39601849	0.46186927	0.36563577	0.36586828	0.41762015	0.39902964	0.40155383	0.38862118	0.43125994	0.40887446	0.43741566	0.39125905	0.38590065	0.44368077	0.42480122	0.49153495	0.39924684	0.37596016	0.50501110	0.39681260	0.36109778	0.44076189	0.42129171	0.43652098	0.40551904	0.42706307	0.33967274	0.41779419	0.42322900	0.41798563	0.42204922	0.37670248	0.42664568	0.44742785	0.35360022
02_79	0.57898676	0.59035672	0.55526946	0.47683810	0.49624038	0.43391099	0.46202343	0.50651550	0.55751305	0.71724339	0.70543768	0.62494497	0.54757267	0.62317802	0.58794515	0.53625419	0.46385585	0.54379332	0.54092100	0.46684257	0.51617227	0.56957091	0.56440564	0.52705363	0.50766564	0.48049072	0.50711226	0.48632527	0.56276736	0.55927051	0.42350956	0.57477437	0.58555599	0.44987962	0.44379783	0.44341586	0.41572717	0.55255040	0.45837261	0.49097342	0.47389441	0.44281953	0.53186416	0.55958121	0.51753815	0.46335107	0.56031527	0.48363609	0.62164219	0.47691547	0.48866436	0.51657113	0.64988315	0.50442317	0.64198060	0.42892913	0.47961556	0.39563038	0.45493068	0.56232337	0.42708740	0.66404673	0.49197087	0.61813658	0.45414412	0.43682546	0.42341762	0.47976850	0.50112318	0.59753315	0.61672171	0.47491085	0.58291374	0.45280950	0.46037912	0.50591622	0.47227698	0.40998039	0.52733179	0.51615202	0.54636104	0.60897275	0.50924480	0.53993426	0.43629323	0.47967615	0.55862539	0.52115616	0.72163741	0.53721714	0.45094159	0.62449448	0.51061302	0.47728510	0.43320106	0.45257769	0.58203075	0.52607427	0.61114454	0.43887007	0.44778563	0.45989240	0.50334565	0.51827782	0.46794138	0.61518507	0.40260269	0.48716593	0.74006134	0.51994588	0.43094480	0.50232805	0.49559635	0.38854630	0.56987748	0.53241069	0.38268443	0.47843225	0.44467572	0.44827077	0.52578890	0.77488954	0.43272309	0.42712578	0.56160371	0.49670110	0.55388941	0.64271261	0.40107223	0.46334420	0.48295599	0.40305967	0.58296034	0.48863710	0.46459486	0.58897296	0.36912003	0.44186164	0.50153887	0.40410539	0.40627996	0.47785853	0.48440486	0.45417590	0.54327869	0.71724014	0.45925200	0.54454433	0.43643911	0.43112797	0.46309731	0.58434347	0.48162797	0.45576739	0.60420826	0.43307319	0.43736131	0.50905478	0.56344850	0.72734263	0.44969084	0.38637695	0.58830818	0.52979889	0.42554665	0.40145081	0.47532785	0.51870986	0.65733069	0.49357318	0.53058798	0.45212248	0.47508665	0.65233824	0.48670400	0.48796116	0.38539188	0.41283296	0.56161665	0.44097532	0.37561948	0.49876760	0.46832981	0.45430645	0.59830493	0.36950834	0.43762577	0.54719137	0.55127456	0.39096380	0.62496891	0.36237834	0.43352846	0.41423600	0.44406548	0.50917126	0.52017530	0.46036219	0.42734728	0.43747128	0.54268232	0.45000753	0.73552700	0.45588126	0.45659380	0.40648154	0.42328797	0.53091185	0.59989329	0.40110395	0.47510628	0.35073502	0.41828702	0.47907262	0.44299706	0.44668377	0.45978019	0.37289671	0.42590132	0.47918196	0.51363940	0.45496947	0.37676434	0.37178709	0.39849383	0.52092480	0.41175682	0.42143035	0.39509340	0.44757993	0.46556406	0.50254950	0.40506828	0.42926701	0.67636813	0.36046696	0.45187957	0.43324011	0.45067675	0.43842899	0.54434680	0.48434148	0.41867453	0.55203204	0.47976868	0.48245645	0.42525524	0.47725215	0.37859382	0.47978797	0.43970729	0.45517058	0.53564204	0.47112528	0.51946387	0.49010126	0.45274030	0.46763684	0.45521449	0.39366501	0.42156139	0.44193765	0.40653906	0.49538235	0.37865836	0.37243130	0.63895232	0.40037701	0.41873602	0.45931262	0.49777655	0.43848508	0.43057141	0.52177186	0.49541345	0.47026596	0.48428425	0.40911299	0.40565016	0.47089241	0.52663684	0.41325355	0.43997056	0.46254243	0.45193640	0.37277098	0.42323670	0.40140342	0.39785906	0.52522185	0.51892484	0.37223137	0.36918718	0.44427899	0.54572991	0.40443899	0.44307489	0.44218500	0.43918808	0.36161773
02_283	0.47153074	0.57236888	0.46056367	0.48309744	0.42817938	0.51074778	0.55065005	0.48126766	0.42914452	0.46266286	0.45637319	0.52765313	0.47576498	0.47070565	0.44183242	0.47215413	0.57642170	0.43587845	0.47475004	0.67638552	0.49063959	0.42485106	0.48315320	0.47798163	0.45419422	0.44238979	0.44330514	0.61335723	0.55267315	0.46747296	0.66779151	0.49636030	0.45483681	0.57744445	0.61602280	0.71498452	0.56269924	0.44143487	0.54383789	0.42404059	0.74111051	0.59716224	0.43778479	0.52665131	0.60445813	0.47706262	0.58595450	0.56611052	0.60870931	0.58444645	0.43751097	0.57782367	0.45987738	0.54669379	0.53692858	0.60890847	0.44226312	0.66762908	0.43782865	0.43546977	0.72621635	0.49418526	0.49113089	0.43280474	0.57413495	0.56382710	0.64582210	0.49154225	0.47013274	0.48836087	0.41611859	0.51580233	0.54613630	0.68934695	0.62032961	0.45740797	0.55064255	0.72323896	0.47635213	0.43976477	0.47611852	0.42312676	0.47393873	0.44311729	0.60084571	0.50440960	0.48256548	0.43072565	0.48332183	0.42253707	0.59528860	0.44936980	0.46451827	0.59727664	0.56839062	0.46600998	0.47693223	0.70104553	0.45808315	0.52602263	0.40840692	0.47161103	0.42972561	0.53856905	0.53348798	0.46519605	0.51793812	0.49100377	0.43627426	0.45639060	0.44035980	0.39237875	0.60736535	0.44309757	0.41244732	0.42963409	0.52540101	0.41863508	0.41923393	0.45681090	0.41731978	0.43892939	0.43243470	0.68969652	0.53885048	0.43992886	0.47740178	0.42499792	0.39590600	0.49245754	0.47498316	0.50805452	0.47683021	0.43020883	0.44203131	0.43059695	0.45218137	0.54685896	0.44792951	0.41642202	0.42140586	0.43677272	0.39392717	0.46862105	0.43924062	0.45928693	0.43189938	0.49432712	0.45691863	0.52905052	0.61734089	0.43193918	0.42005250	0.39461004	0.45359340	0.51339352	0.46498383	0.39413942	0.51557831	0.43164376	0.42644544	0.60722895	0.44184258	0.48302689	0.37908042	0.53156045	0.48640680	0.48647447	0.45873338	0.46145831	0.45379152	0.40859533	0.42735680	0.47832237	0.39834458	0.41232866	0.39083127	0.39610140	0.43998462	0.40285851	0.48539531	0.48037954	0.39854910	0.64367237	0.44037668	0.47165013	0.55280155	0.43576305	0.43393610	0.42933488	0.46054131	0.46028500	0.40391719	0.42024578	0.60813786	0.44060260	0.43631780	0.47525885	0.41338778	0.40668164	0.52930113	0.42307178	0.44811955	0.43417394	0.40961516	0.47604238	0.44334953	0.46084668	0.45580711	0.50072817	0.46214681	0.44586459	0.39118771	0.43566989	0.36589480	0.44939108	0.65395820	0.52355586	0.42136951	0.48775052	0.42463628	0.43011569	0.54796885	0.43829180	0.53956139	0.40259684	0.54650450	0.48335265	0.41810175	0.54182973	0.44012114	0.41608700	0.47310597	0.41395103	0.44412527	0.44892866	0.41444592	0.39020293	0.48097507	0.43982028	0.48999797	0.40005167	0.48639731	0.39666388	0.43767872	0.42052990	0.40022740	0.39271377	0.45448762	0.51918262	0.41276052	0.45567010	0.40657154	0.50344458	0.41043751	0.44979767	0.38539068	0.43092910	0.45684431	0.40199374	0.41744470	0.39325942	0.40847411	0.44889762	0.38892869	0.43476163	0.45379577	0.40016103	0.40340584	0.42918732	0.39406344	0.44634748	0.40034042	0.43362420	0.40935468	0.43541192	0.38256701	0.42290680	0.44459297	0.46978129	0.45707980	0.41410948	0.37467332	0.46445096	0.40228135	0.39766848	0.42251904	0.45141460	0.48280074	0.42821742	0.40285443	0.38026891	0.42740807	0.42726437	0.44867292	0.41876841	0.37211066	0.43566195	0.51781972	0.39315723
02_73	0.58144098	0.50997200	0.64105552	0.44991483	0.81205661	0.50368593	0.46435304	0.48972303	0.63615335	0.52126335	0.45025593	0.44944716	0.51463872	0.50651065	0.65022004	0.62160535	0.46020002	0.54480248	0.64329390	0.42752231	0.46215758	0.60431622	0.50592297	0.49579076	0.78591034	0.70339441	0.73416064	0.42201196	0.47008353	0.56954402	0.42771492	0.45053964	0.52384808	0.53757368	0.47797394	0.37645118	0.44727115	0.62065665	0.52947758	0.81657547	0.39540536	0.44992464	0.52647114	0.46348732	0.43140406	0.44454649	0.46219414	0.37901413	0.47849062	0.42009311	0.56086882	0.47919468	0.45565803	0.39007577	0.47659377	0.41585965	0.57019764	0.38459348	0.68737634	0.66269786	0.42160406	0.49441355	0.50512571	0.57859250	0.37105897	0.38988606	0.47236601	0.49874459	0.41989326	0.43549587	0.50802502	0.45053496	0.57519255	0.38603672	0.40044141	0.53577573	0.46969326	0.41064897	0.53332481	0.55414002	0.66303925	0.39980420	0.46161079	0.54802530	0.46850302	0.65027016	0.54054271	0.49480382	0.53525754	0.40008516	0.35541096	0.39925278	0.64861272	0.43004534	0.51677098	0.43915763	0.41609404	0.46129662	0.39864095	0.38252319	0.35414087	0.45546902	0.68482942	0.39907684	0.38674788	0.52117874	0.49956257	0.50754969	0.44118677	0.51358186	0.58083658	0.46636027	0.37442655	0.39058123	0.54224972	0.52901240	0.36853710	0.84519429	0.64199363	0.51792368	0.46314169	0.42559801	0.46077492	0.39938375	0.45258495	0.45040138	0.38885376	0.53363402	0.41704810	0.36640360	0.39135644	0.48620969	0.54825633	0.41789449	0.42146089	0.47772870	0.35253174	0.41287540	0.39444915	0.42996276	0.37940732	0.76696107	0.37128813	0.53005766	0.41777750	0.43371220	0.40332764	0.46014681	0.36598318	0.44034885	0.44796502	0.39275742	0.50553420	0.45549432	0.55662410	0.38421514	0.39203804	0.42769346	0.44509924	0.46692395	0.38257622	0.38227652	0.49714623	0.38646018	0.39536273	0.44954178	0.48358677	0.48657848	0.48466355	0.44809482	0.45512239	0.35612142	0.76907785	0.47481238	0.43068020	0.41101281	0.43467141	0.42573084	0.44270544	0.39129763	0.36951672	0.59203655	0.50794058	0.48257407	0.40373457	0.41026663	0.40877081	0.43590444	0.40027625	0.44592970	0.42241929	0.39466207	0.39626752	0.54492018	0.45646200	0.37578030	0.53989972	0.45423151	0.48952799	0.42766705	0.42799208	0.52439190	0.46991280	0.42512026	0.45101969	0.35670366	0.44616065	0.46921513	0.39612077	0.50699686	0.45321009	0.39671119	0.52045722	0.68910128	0.41224920	0.39923772	0.44216292	0.45117430	0.40994687	0.43450543	0.37562263	0.75304373	0.41821398	0.34472453	0.40039060	0.48076987	0.38701019	0.57963687	0.46388295	0.47746757	0.48893745	0.68286298	0.34744181	0.46251749	0.43420848	0.41350299	0.40067024	0.40413199	0.49378549	0.57896521	0.38923421	0.44988632	0.40987873	0.48929092	0.45962305	0.47279645	0.34772265	0.38909784	0.36133720	0.36642869	0.63243902	0.43037887	0.38379377	0.38598754	0.54044529	0.53699965	0.42113087	0.39686641	0.50174637	0.45167670	0.34977724	0.39054677	0.40252486	0.63121972	0.42518691	0.36886235	0.45218840	0.51265385	0.45444088	0.50642604	0.45503604	0.41714403	0.62650765	0.41634755	0.58751289	0.49191279	0.45649650	0.41903614	0.38686851	0.49471846	0.44821960	0.44435117	0.42407059	0.39545266	0.51414285	0.36889486	0.36460615	0.34000238	0.38022886	0.42969432	0.39281854	0.41962692	0.31403638	0.40942411	0.42525097	0.40432256	0.40204390	0.37120371	0.42336081	0.36074000
02_232	0.43822554	0.56140476	0.43002146	0.41023735	0.41205822	0.50668983	0.59024422	0.41497324	0.43899030	0.46994746	0.46676955	0.53090353	0.42774271	0.44973437	0.44360575	0.46003726	0.59708978	0.44673768	0.44166772	0.60292596	0.42565581	0.44245381	0.44717989	0.42223920	0.41735465	0.41153538	0.41124584	0.66274356	0.50218673	0.43066527	0.55418181	0.45336477	0.46199232	0.50310109	0.57119051	0.60481970	0.52476400	0.44243824	0.51924297	0.40689260	0.66214980	0.58405214	0.44473412	0.46410745	0.57165954	0.40410050	0.54284923	0.66201869	0.57611907	0.47893105	0.42269930	0.64563908	0.46035107	0.52060941	0.55895447	0.57200424	0.41619199	0.47997561	0.39673329	0.43711831	0.51057827	0.47005163	0.41954559	0.45685186	0.63927095	0.53502310	0.50142256	0.47839638	0.43293034	0.46774559	0.46019650	0.59751123	0.50117336	0.65998260	0.58758640	0.41012316	0.50920006	0.50189411	0.48646098	0.43678340	0.43930560	0.45816065	0.42342592	0.43653288	0.49653563	0.45216136	0.45443928	0.44168882	0.48673828	0.43584210	0.64438197	0.47438217	0.42792149	0.47767861	0.46396869	0.48245952	0.46010690	0.60062428	0.47288712	0.61255587	0.40687123	0.41709527	0.41552275	0.57392346	0.65500410	0.47282100	0.47282058	0.41336097	0.48462725	0.41391132	0.38735768	0.42419213	0.69697683	0.46748287	0.44492316	0.44165272	0.47245314	0.39898207	0.39061801	0.40201586	0.44183280	0.48045444	0.39626399	0.53341442	0.67702480	0.41306728	0.52613104	0.46237144	0.37668531	0.50795111	0.48653229	0.47726477	0.44630442	0.43440440	0.50756273	0.46731825	0.45532791	0.60812260	0.43289745	0.37621691	0.37598670	0.40627993	0.41364889	0.39891602	0.43991337	0.48007076	0.41300532	0.44953971	0.51372678	0.50240524	0.59836046	0.45782212	0.41953285	0.40282797	0.46271951	0.55649875	0.50390148	0.42959209	0.59182198	0.48162305	0.40606650	0.47304688	0.50587233	0.54491547	0.39448390	0.46882513	0.42552014	0.43504153	0.46963892	0.55185728	0.45017270	0.40906354	0.40901191	0.48171018	0.42741986	0.42104149	0.36374259	0.38700862	0.46293074	0.40600716	0.43274283	0.41617934	0.40505798	0.57416491	0.46219058	0.42818104	0.54258086	0.49057582	0.45719776	0.41910819	0.48691671	0.42052124	0.40161080	0.37743793	0.50352334	0.44038006	0.43783419	0.40095303	0.38911068	0.40283941	0.47831487	0.40360341	0.47754623	0.41278486	0.39878088	0.43302357	0.38719187	0.53904147	0.46982278	0.45895705	0.41167355	0.39774795	0.37604802	0.40140667	0.39512964	0.40271741	0.50020208	0.43857945	0.38254862	0.50743513	0.44037594	0.39476743	0.45685693	0.45903818	0.43275887	0.43590275	0.49582020	0.43614508	0.37642888	0.55502193	0.39711334	0.41343158	0.44836731	0.37873971	0.47959428	0.41146691	0.39755868	0.40125888	0.41101815	0.39256114	0.52930740	0.41697521	0.40543445	0.43987818	0.42628056	0.42707290	0.39419288	0.42311743	0.47497354	0.63324637	0.39192667	0.41664555	0.43674130	0.62722578	0.42979876	0.40721471	0.40768279	0.42116785	0.45385409	0.36677177	0.42311671	0.40529004	0.37007149	0.41702189	0.36174554	0.44260665	0.47618772	0.36847451	0.38818782	0.39726641	0.43138947	0.40484316	0.37934286	0.45308152	0.41398702	0.39673071	0.41539876	0.37488233	0.49826194	0.40651389	0.52747004	0.38051515	0.39355940	0.54550993	0.40339991	0.35484835	0.45255478	0.46695178	0.50593506	0.44620286	0.43443950	0.35481441	0.44628397	0.47613532	0.45385237	0.45279388	0.40371129	0.44067522	0.42438487	0.35036502
02_146	0.43779777	0.56417636	0.42476018	0.39152744	0.39015559	0.46579010	0.53863061	0.41116251	0.40812373	0.47490526	0.49042844	0.57369745	0.43320175	0.46238104	0.42681468	0.41031537	0.56225750	0.39878781	0.40261897	0.61789823	0.40995670	0.41209287	0.46474301	0.42599303	0.39246721	0.37542015	0.40110401	0.69341816	0.44848274	0.43362152	0.45744604	0.43637845	0.41065661	0.43585004	0.49739243	0.52491482	0.43262406	0.40127970	0.48548011	0.38630007	0.63535387	0.47545491	0.39196867	0.44800166	0.63128156	0.38542349	0.55220396	0.86025634	0.55093465	0.44261190	0.37960417	0.56088480	0.48098079	0.47545135	0.58408104	0.45673359	0.36956068	0.44612130	0.36157092	0.41729701	0.48919475	0.46195130	0.39232815	0.43597966	0.59426653	0.56487602	0.43493361	0.40507542	0.40249094	0.44022877	0.43038186	0.49273511	0.46128675	0.53875851	0.64298818	0.41665567	0.48043811	0.44927862	0.41903967	0.38921139	0.40829879	0.47487196	0.41891364	0.41960952	0.49974540	0.43624775	0.40757421	0.38709530	0.46054372	0.44637503	0.54380995	0.46570379	0.38839613	0.44347480	0.40488133	0.45445613	0.43407226	0.51107364	0.44443583	0.50211305	0.38319724	0.42689968	0.39631674	0.61934002	0.64152191	0.42237365	0.43279639	0.39862971	0.48952299	0.42534026	0.35040626	0.39666894	0.58652252	0.42021457	0.41737366	0.40625129	0.41766807	0.38050765	0.36494141	0.36320232	0.38721903	0.49816850	0.35497446	0.50680310	0.58557364	0.42230142	0.54788054	0.43957776	0.33686291	0.44867488	0.49322189	0.43956879	0.44233938	0.40273652	0.45764550	0.41631185	0.38654933	0.47492777	0.41173429	0.34400064	0.35508962	0.37434707	0.42160847	0.36684397	0.44487521	0.48926547	0.41677333	0.41560503	0.49625233	0.42627335	0.58703682	0.45875441	0.38428979	0.37793897	0.43670127	0.53280844	0.45212566	0.40915739	0.50466783	0.47244624	0.38172898	0.41831411	0.46664727	0.55077846	0.35216762	0.45156882	0.43582137	0.41197630	0.46875345	0.49373803	0.39479792	0.38623487	0.38747134	0.43906832	0.38985425	0.41424696	0.32721545	0.34546613	0.40615469	0.36309074	0.44227524	0.39476376	0.38222424	0.49578230	0.46337608	0.40481764	0.46862060	0.46660509	0.43015062	0.39055859	0.50547274	0.36647845	0.35992465	0.34460851	0.51007656	0.40879333	0.38665000	0.38440540	0.35645459	0.35357569	0.44602220	0.36359475	0.48533000	0.37429916	0.39041331	0.39803732	0.35720275	0.46960387	0.44458456	0.42078361	0.40863154	0.34953225	0.35494191	0.38937600	0.37179847	0.37769076	0.47362038	0.38081672	0.37565893	0.42136848	0.42447948	0.36624883	0.39604384	0.38896866	0.40495676	0.40044863	0.51269890	0.40306088	0.34673011	0.49534739	0.39832937	0.39106184	0.40598967	0.37615529	0.47595086	0.39088471	0.39640808	0.35211387	0.37196676	0.35729461	0.49359356	0.39829935	0.38027428	0.41180872	0.37252689	0.37974096	0.36767416	0.41324082	0.39408234	0.70926826	0.37007162	0.40448357	0.44629509	0.59614617	0.39997890	0.40420013	0.37131111	0.38372243	0.42391614	0.33857166	0.38188670	0.36292495	0.36301611	0.38699628	0.32420834	0.37988861	0.44776073	0.33975150	0.34502896	0.38835403	0.39618926	0.37374766	0.35996244	0.42280561	0.38707552	0.40012064	0.38770063	0.35668055	0.43528698	0.38219955	0.48372362	0.37221251	0.37213847	0.50818617	0.37822744	0.33713268	0.44204859	0.40921799	0.41029829	0.39113134	0.43238767	0.31876900	0.41438604	0.41589487	0.40229368	0.41213168	0.37741321	0.41632941	0.39658282	0.32944563
02_82	0.44412463	0.49302903	0.43140327	0.49373205	0.39234194	0.43984555	0.45195169	0.49029322	0.38075016	0.41698479	0.41760512	0.47265037	0.46524671	0.44113779	0.39639883	0.41725369	0.47686075	0.38231460	0.43514803	0.57318445	0.49429290	0.37531692	0.45983345	0.47359272	0.42493949	0.40686774	0.41727559	0.50214482	0.49920302	0.44549410	0.55156035	0.47179656	0.40283921	0.50623854	0.50546715	0.60061208	0.47439628	0.39328352	0.46973502	0.38971672	0.60016936	0.48826493	0.38650046	0.50721097	0.53171587	0.48735851	0.51390834	0.47495862	0.51942350	0.56942786	0.39174126	0.46352040	0.42121938	0.48427398	0.46583598	0.50380439	0.40684105	0.73444541	0.41320502	0.38938403	0.80781252	0.45772699	0.48498817	0.38093010	0.46791854	0.49397870	0.59383939	0.42644857	0.44129385	0.44937074	0.36131717	0.42120695	0.48123165	0.54027032	0.53779693	0.44744562	0.47420044	0.75442188	0.41292971	0.38951228	0.43679356	0.37685198	0.45717662	0.39607491	0.56384418	0.46690922	0.43771524	0.37978791	0.42881317	0.38141461	0.49636521	0.40080058	0.42810077	0.61205099	0.53492763	0.39855318	0.44677284	0.56810881	0.41490772	0.42457082	0.37572115	0.45833052	0.38983658	0.45936830	0.43409076	0.41045757	0.46433449	0.50117604	0.38234621	0.44867187	0.42437438	0.34203606	0.50019380	0.37729380	0.36071812	0.37615843	0.46791767	0.38768032	0.38796879	0.43511661	0.36839283	0.39211550	0.40267785	0.61904333	0.43514855	0.41536718	0.41260239	0.37185215	0.36424628	0.42663038	0.41807012	0.44545620	0.44305025	0.38167910	0.36980428	0.37351426	0.39276832	0.44414487	0.41343134	0.39527586	0.41393109	0.40701416	0.35568648	0.46917524	0.40057770	0.41422152	0.40099371	0.46778967	0.38700915	0.44724785	0.51543704	0.38525821	0.37326950	0.35065812	0.39980725	0.42736411	0.39185467	0.34428497	0.42122511	0.37683322	0.39675869	0.58370897	0.37701608	0.41208162	0.33640063	0.48079241	0.47783170	0.46028786	0.40724570	0.38218994	0.40757349	0.37519421	0.39194336	0.42897897	0.34703080	0.37062141	0.36504536	0.35817626	0.38927112	0.36139671	0.46137398	0.47328308	0.35413665	0.53487481	0.39393880	0.42951907	0.45999937	0.37247995	0.38431929	0.38108979	0.41038853	0.41469016	0.36456952	0.39735363	0.57848667	0.40473231	0.38952813	0.49236633	0.37927946	0.36590543	0.50551930	0.38415175	0.40091965	0.39813290	0.37493925	0.44577486	0.43289147	0.38505301	0.41471235	0.44748102	0.45007295	0.41336334	0.35898854	0.41230858	0.32213262	0.43816779	0.64700613	0.49712215	0.40842213	0.41461513	0.38306472	0.40537678	0.50257691	0.37904509	0.54106962	0.35071650	0.50094604	0.43714290	0.39596597	0.45389111	0.42811566	0.37834017	0.43340575	0.39573757	0.39289333	0.41036407	0.38889511	0.34812169	0.47477846	0.41902272	0.42415114	0.35500163	0.50031057	0.34737678	0.39494382	0.37251955	0.37312657	0.34774754	0.39070703	0.44498785	0.38167523	0.43226030	0.36581173	0.41681837	0.36331378	0.43914811	0.34040537	0.39547811	0.40289270	0.38220638	0.37786184	0.34942566	0.40113637	0.42190152	0.36473124	0.37975129	0.40638626	0.37775043	0.37053923	0.40835665	0.34471526	0.42831919	0.37708033	0.38658953	0.37135537	0.43253676	0.33813284	0.42071575	0.37747032	0.47544963	0.39144207	0.39957455	0.33459377	0.39367203	0.36410555	0.39925118	0.37477299	0.40341678	0.41684002	0.38334670	0.36206487	0.35932009	0.38651712	0.36693194	0.40396048	0.36359565	0.32916569	0.39547490	0.55636304	0.39619762
02_131	0.42025580	0.51263188	0.41501176	0.41429033	0.40974533	0.49578906	0.54941068	0.40740346	0.43831066	0.44162191	0.43197934	0.47676115	0.40998661	0.42341235	0.43099580	0.47763232	0.55059148	0.46075000	0.45667353	0.53841452	0.42764873	0.44055522	0.41821527	0.40580988	0.41988551	0.42343192	0.40155359	0.56304757	0.52658850	0.41159813	0.61872318	0.44789496	0.48509691	0.53957079	0.57477887	0.62549221	0.59267896	0.45453342	0.49978971	0.40299736	0.60520771	0.65995858	0.47021275	0.45672568	0.50192727	0.40716158	0.49183164	0.53806891	0.54061476	0.48599029	0.43511382	0.60907994	0.42381292	0.51616466	0.49940246	0.68691671	0.44537748	0.48497820	0.41371471	0.42626412	0.50285654	0.45330542	0.42748053	0.44412218	0.55878200	0.46906902	0.54543289	0.52473886	0.43623630	0.46573574	0.44963044	0.62268477	0.49566296	0.67557094	0.50463814	0.39031550	0.47609615	0.52276881	0.52191916	0.45102204	0.44259063	0.41678434	0.40669870	0.41785660	0.46422671	0.43726498	0.47263089	0.46912754	0.47310068	0.40102787	0.64806753	0.44860787	0.44250100	0.49371192	0.50204110	0.44903033	0.46411925	0.62416055	0.47123102	0.60444993	0.40231956	0.39053708	0.40575691	0.49037580	0.54178741	0.48791733	0.47219549	0.41313017	0.44418998	0.39229449	0.40902358	0.41145466	0.69577211	0.45365310	0.43252008	0.43529371	0.47751276	0.39629322	0.38893004	0.42044383	0.47298868	0.44181967	0.41381809	0.50673456	0.61341084	0.38487980	0.46553367	0.44746985	0.39320691	0.51154813	0.43705882	0.46500866	0.42338198	0.42567367	0.48029858	0.47478828	0.48438511	0.69845373	0.42228963	0.38542896	0.37705591	0.41507972	0.38062011	0.41677260	0.40638480	0.44415264	0.38556160	0.45622068	0.46119333	0.52714798	0.53231414	0.42669168	0.41536416	0.39120587	0.44372790	0.49532970	0.47853688	0.40702016	0.58173552	0.44819439	0.40239489	0.49664845	0.48735987	0.47694850	0.40342707	0.44007520	0.39843083	0.42776292	0.43756073	0.52691317	0.48053220	0.40163061	0.40241522	0.48990900	0.42267635	0.39272015	0.37758745	0.40046234	0.49113596	0.41793472	0.39780674	0.41748079	0.39376779	0.58029790	0.42853694	0.41001436	0.52949492	0.45140521	0.43934942	0.40362427	0.43789572	0.44218424	0.41085955	0.38858108	0.46455272	0.44109382	0.46011572	0.40106274	0.39163265	0.42605077	0.48608020	0.41140195	0.44080742	0.41778691	0.37692127	0.43641654	0.39403300	0.52886991	0.46146745	0.45091557	0.39172398	0.41725055	0.36778607	0.38947606	0.38000794	0.40328346	0.48385902	0.47751894	0.36662445	0.54750417	0.41847001	0.39909736	0.48055787	0.48150286	0.43023272	0.42570594	0.44169112	0.43320822	0.37825349	0.52892400	0.37553942	0.40607295	0.44951041	0.36095752	0.44197525	0.39640041	0.37260146	0.42020632	0.43006478	0.40319433	0.49353250	0.39432761	0.40687465	0.42568050	0.45630505	0.43383248	0.39151746	0.39176858	0.50895667	0.52227085	0.38330227	0.39588420	0.39705885	0.52586409	0.41715529	0.38870339	0.40121630	0.42179279	0.42897871	0.36782256	0.42399918	0.41676425	0.35430800	0.41825181	0.37582983	0.45378096	0.45900250	0.36960626	0.40121838	0.37780948	0.41815530	0.40421319	0.37233930	0.43150593	0.40690185	0.37642461	0.39950348	0.36797392	0.47696880	0.41084036	0.49210295	0.36111963	0.37506843	0.48380281	0.38923809	0.35001275	0.40829400	0.46755787	0.57412224	0.47592997	0.39786580	0.36669209	0.42268809	0.46615398	0.48786578	0.42819809	0.38534931	0.41495351	0.43440727	0.34891886
02_271	0.54460124	0.55189394	0.51853254	0.49347090	0.45937403	0.41025029	0.44385832	0.50057700	0.50634638	0.63635227	0.66445734	0.59976459	0.53284212	0.59062682	0.53047207	0.50515492	0.44089920	0.52583472	0.50521889	0.45641141	0.51464416	0.51157300	0.54832309	0.52915669	0.47529463	0.46360488	0.47535270	0.47041113	0.56104274	0.53075349	0.42505767	0.60555634	0.53992476	0.42901077	0.42904153	0.45404129	0.40678153	0.50446009	0.43346694	0.45901788	0.47138101	0.42439256	0.50681662	0.57516377	0.51219918	0.48744529	0.58841959	0.48254267	0.62154910	0.50562575	0.49472564	0.48890425	0.68186401	0.56539421	0.59728341	0.42132774	0.45597396	0.40922771	0.43513159	0.52002576	0.42309295	0.64255885	0.50243790	0.54577866	0.48827268	0.46326801	0.41143155	0.47320027	0.56222154	0.64714135	0.55953999	0.44876734	0.57866892	0.46937905	0.46684219	0.50299391	0.50501397	0.41453625	0.48931304	0.51203912	0.52743012	0.73912260	0.55987995	0.56837495	0.42970186	0.45758472	0.54751108	0.50544557	0.66580875	0.65259326	0.46726917	0.79014805	0.49095411	0.47721791	0.42182918	0.48571330	0.58880514	0.52665486	0.64628082	0.45825056	0.52514785	0.49369515	0.49104525	0.56525356	0.48526864	0.57717272	0.38496524	0.48817496	0.76266234	0.50492720	0.42354273	0.51928142	0.49420559	0.40658060	0.52949078	0.54887958	0.41254841	0.44530719	0.44778875	0.46049743	0.49102527	0.71179564	0.45892093	0.44990771	0.52773050	0.55103935	0.64909317	0.56225582	0.42953335	0.52127700	0.55901647	0.39452159	0.58712478	0.56726330	0.48145120	0.57105489	0.39024550	0.43128394	0.59471095	0.43848113	0.45465677	0.44871816	0.58034548	0.44780363	0.64959897	0.75369557	0.53164752	0.56387009	0.48155119	0.45013466	0.45021951	0.74551263	0.51031289	0.49483626	0.60395802	0.46322424	0.47752583	0.55911676	0.58419628	0.67421702	0.52281180	0.40467531	0.52714455	0.60950305	0.45837449	0.41091727	0.49259816	0.56374177	0.72530250	0.47227600	0.52937380	0.53294209	0.45072232	0.61281062	0.52586964	0.57188817	0.40783848	0.44190750	0.53729359	0.48773081	0.40229503	0.48386320	0.48826539	0.43574383	0.76306341	0.38777012	0.47040685	0.59351113	0.66814661	0.40829210	0.71402017	0.37952017	0.47957292	0.42523695	0.43887481	0.57689781	0.49090993	0.47711268	0.45560624	0.45912650	0.54362155	0.46649492	0.65729488	0.50743245	0.50861016	0.45580883	0.45571207	0.50293704	0.64398634	0.39361713	0.52069558	0.36597263	0.43581199	0.46473907	0.47359587	0.49652911	0.47484374	0.36412541	0.47934395	0.49096788	0.62468892	0.43613329	0.38688781	0.39387988	0.42972449	0.52737403	0.43405594	0.41857870	0.42159423	0.43062368	0.49139813	0.46402281	0.45348237	0.46629849	0.76056052	0.37494990	0.52079911	0.45541843	0.45438141	0.44057870	0.63263341	0.52876411	0.44961142	0.51031614	0.48924917	0.50356480	0.48783581	0.54656235	0.39199267	0.47209386	0.43470625	0.50891841	0.62508800	0.48024423	0.50365973	0.48492297	0.48515146	0.52446690	0.46704156	0.42082444	0.47511706	0.48522884	0.44954369	0.46923573	0.39957835	0.39185043	0.62043001	0.41387312	0.43384733	0.47961811	0.50006729	0.47813798	0.41458824	0.57743301	0.46052754	0.45984100	0.48003368	0.44117496	0.41427268	0.46395712	0.49337878	0.43969939	0.46935229	0.46943575	0.45531911	0.40675115	0.46175607	0.43098726	0.39070079	0.50365717	0.56942212	0.38980600	0.40115392	0.45172572	0.53593191	0.41324611	0.46894211	0.49714148	0.44063893	0.39104427
02_25	0.55211905	0.54793579	0.52068829	0.62305674	0.45728972	0.41286846	0.43870617	0.57728019	0.48614055	0.57614638	0.59277021	0.57668388	0.56705202	0.57945130	0.50280845	0.52963882	0.44131191	0.52510790	0.55412667	0.47559998	0.64155103	0.48383102	0.54982719	0.57853359	0.50013706	0.49184394	0.47986337	0.46829598	0.73737756	0.53965185	0.48124796	0.78650351	0.57003876	0.47202873	0.45043578	0.52427013	0.44292616	0.51033660	0.43949486	0.45562976	0.51233000	0.45635584	0.52690040	0.72938042	0.51886665	0.60942857	0.60410441	0.46926438	0.67826753	0.65614175	0.51593232	0.48603010	0.60332815	0.68222899	0.56284728	0.47057475	0.50515370	0.47845769	0.47548537	0.49225890	0.48188087	0.69519773	0.62277210	0.49856446	0.49135574	0.46438989	0.47118231	0.52066429	0.70705849	0.88326425	0.49397287	0.44926398	0.63458083	0.52230172	0.47465257	0.51794336	0.51424303	0.48821231	0.51435430	0.52692675	0.56627036	0.56169061	0.61771308	0.53110368	0.45170328	0.47100990	0.63281108	0.52619440	0.65166651	0.55226385	0.51319218	0.68415447	0.53961658	0.60711319	0.48896169	0.45939031	0.74171993	0.62589599	0.72484179	0.46237098	0.55540375	0.50828988	0.47644682	0.53126568	0.45928551	0.60710715	0.40006390	0.58227115	0.56912451	0.51823680	0.48206150	0.45948150	0.53789824	0.39877263	0.47524291	0.51514611	0.45265963	0.44434535	0.45622996	0.53877424	0.50406023	0.57705011	0.52121128	0.50035994	0.50261305	0.53276938	0.56043358	0.50001441	0.46542927	0.56833111	0.52064542	0.40177985	0.58744387	0.55624414	0.44302717	0.54323770	0.41508781	0.45380034	0.65530897	0.49090650	0.52660545	0.47283396	0.49613320	0.53830846	0.58135709	0.64190863	0.51453795	0.73669356	0.44758551	0.48464394	0.45565636	0.61051423	0.49704154	0.46060900	0.55581455	0.44810026	0.46145372	0.47707606	0.56473807	0.54290684	0.57387444	0.47283657	0.47709748	0.53810865	0.45421809	0.42207334	0.51211458	0.65770986	0.60710941	0.43909689	0.60618312	0.55535190	0.44677466	0.68430587	0.48328815	0.51088965	0.44189459	0.46306269	0.57205927	0.51128786	0.41210370	0.55098609	0.45329848	0.46699364	0.62494786	0.39757399	0.49386583	0.50293933	0.61701955	0.40216012	0.58960799	0.41123772	0.50505351	0.46368470	0.46305085	0.66198813	0.51464038	0.58286423	0.47373232	0.49286043	0.70927916	0.48777025	0.56266648	0.55968127	0.47929650	0.52422870	0.53326259	0.47149755	0.70373196	0.40509843	0.55707033	0.40025679	0.42700754	0.46928831	0.42183419	0.59857242	0.55316764	0.40647871	0.50344401	0.52715223	0.59215665	0.45851269	0.43199898	0.41194597	0.49782877	0.47487398	0.44230990	0.43287451	0.45331045	0.43281649	0.50094778	0.45007539	0.50861031	0.46676683	0.60113320	0.38151592	0.50626894	0.47069298	0.55315339	0.48837893	0.61985820	0.47234172	0.54464050	0.45465701	0.55009633	0.50770112	0.52616645	0.47143678	0.41299807	0.45525929	0.43205123	0.53390246	0.51817781	0.45058685	0.46661677	0.50152724	0.45576553	0.57586275	0.45275992	0.45023410	0.50537240	0.49148714	0.47149679	0.49770995	0.43462882	0.40642455	0.60153759	0.43389502	0.46298322	0.48159686	0.45327040	0.54750661	0.41601584	0.54950632	0.44669148	0.47312508	0.43430145	0.48884842	0.40407164	0.54675553	0.46134502	0.44625442	0.42777170	0.43883174	0.43674549	0.45125511	0.43216989	0.46011880	0.41988257	0.54244761	0.49308253	0.42201042	0.41062716	0.43636430	0.61740207	0.39602499	0.42442854	0.49753283	0.54415896	0.43738740
02_147	0.58671620	0.57702402	0.55440306	0.54694174	0.48571472	0.42294615	0.45003672	0.55311852	0.53263906	0.66717957	0.67799400	0.61484141	0.57680854	0.62847683	0.55704335	0.54835052	0.45129228	0.55440107	0.56527430	0.46993398	0.58386979	0.53560555	0.57507842	0.57008916	0.51698064	0.49878324	0.50505072	0.47606181	0.64804700	0.56813168	0.44870946	0.68624052	0.60124790	0.46180739	0.44663430	0.47624177	0.42833042	0.54628638	0.44940176	0.48287874	0.48988173	0.44832520	0.54699381	0.64860003	0.52133506	0.53259319	0.59592808	0.47568939	0.67117735	0.54834651	0.51860859	0.50241221	0.66623768	0.58110649	0.61139134	0.44687215	0.50322645	0.42951431	0.47436871	0.53997221	0.45001306	0.73619112	0.56058192	0.56452350	0.47352498	0.45197782	0.44435251	0.50760018	0.59590819	0.73420875	0.56199492	0.46218248	0.63253689	0.48291134	0.46721739	0.52708517	0.50000315	0.44190967	0.53073789	0.54027490	0.57832935	0.61834067	0.57790469	0.55980917	0.44426126	0.48131792	0.61885124	0.54114999	0.74539999	0.57278030	0.47763899	0.71004139	0.54070536	0.53211217	0.46013931	0.46389835	0.67577820	0.57360290	0.70446592	0.45205602	0.50840303	0.49369720	0.50394008	0.53310081	0.46527673	0.64377557	0.40063525	0.54117750	0.67354985	0.53357447	0.46274803	0.49534245	0.51446394	0.39622307	0.53082912	0.54525925	0.41451381	0.46976656	0.46157032	0.49897806	0.52848558	0.68448725	0.48261939	0.45953349	0.53302346	0.53365126	0.57616818	0.57376427	0.43954268	0.51565787	0.51315525	0.40276268	0.61452064	0.54103732	0.46008468	0.58926857	0.39154361	0.44714561	0.58598287	0.45125676	0.46439224	0.48544470	0.50958235	0.50017576	0.59121078	0.73484107	0.50026382	0.64002018	0.44736684	0.45981668	0.45861648	0.63786881	0.50644546	0.47319806	0.60765215	0.44333605	0.45532023	0.51105378	0.57965378	0.64010109	0.51628985	0.42230452	0.53203362	0.54778668	0.45107294	0.41282311	0.50338086	0.59904861	0.68004473	0.46729988	0.58533446	0.51191699	0.46936409	0.71539671	0.50249732	0.51928984	0.41904818	0.44657662	0.58766189	0.48655076	0.39431424	0.53660910	0.47500569	0.45961920	0.65552472	0.38471972	0.46693242	0.54101000	0.61547058	0.40089354	0.63939901	0.38644728	0.47854294	0.44645576	0.45359523	0.59093889	0.53212725	0.52114405	0.46095600	0.47473264	0.61995558	0.48082029	0.65748386	0.51542321	0.48332492	0.45890382	0.47902483	0.50495506	0.68432561	0.40391247	0.52699384	0.37480992	0.43281548	0.48541664	0.44390127	0.51750026	0.50193168	0.38753969	0.47228010	0.50974012	0.57400547	0.46580564	0.40163444	0.39191252	0.44251688	0.51269491	0.42724524	0.43128869	0.42940133	0.43999585	0.49600785	0.48385478	0.45194733	0.45923168	0.68058783	0.37245640	0.49240941	0.46211224	0.50219790	0.47131489	0.59765415	0.49482781	0.47459635	0.50740171	0.52634512	0.51069865	0.47941899	0.49014846	0.39551645	0.46560042	0.44432715	0.50286423	0.54874015	0.46179399	0.50431877	0.50804161	0.46745422	0.52912989	0.46133658	0.42789592	0.46638928	0.47920318	0.44522378	0.50781554	0.41105372	0.39038191	0.65149277	0.42438870	0.44853864	0.48252423	0.48617102	0.49433387	0.42970772	0.55532496	0.47806813	0.48039375	0.46767857	0.45229274	0.40633583	0.51410830	0.49451213	0.43709943	0.44494855	0.45268778	0.45358727	0.41250340	0.43293459	0.42981095	0.40728915	0.54869753	0.52211318	0.40131307	0.38926228	0.44516348	0.60018118	0.40291893	0.44357739	0.47640997	0.48557117	0.39901000
02_190	0.59150117	0.52775968	0.65716717	0.43378483	0.90728652	0.51573463	0.48001182	0.47648028	0.69348125	0.55040987	0.46800352	0.46397782	0.51297596	0.52008967	0.72106317	0.62237636	0.47303821	0.55893092	0.62211319	0.43210663	0.44948765	0.66032456	0.51518113	0.49017636	0.73867005	0.66361958	0.74286545	0.43353255	0.46266359	0.57711346	0.41897415	0.44680687	0.53042527	0.52048300	0.47875464	0.37358860	0.44020274	0.63995937	0.54096634	0.92876744	0.39720400	0.44841638	0.53130555	0.45750241	0.43978634	0.42820757	0.46976992	0.38998264	0.48514264	0.41022226	0.55585799	0.49610093	0.47235421	0.38951274	0.49791825	0.41094081	0.54697641	0.37425611	0.62320675	0.73961347	0.41231085	0.50069396	0.48248652	0.63735111	0.37757236	0.39570240	0.45399862	0.49178250	0.41435571	0.43558280	0.55062763	0.46421618	0.57459783	0.38595060	0.40730669	0.53455437	0.47445232	0.39825395	0.53933349	0.55867955	0.64596571	0.41765350	0.45753576	0.57125958	0.46613106	0.64957333	0.53162836	0.49920043	0.55553100	0.41313613	0.35740098	0.40942296	0.61858340	0.41755244	0.48869598	0.45369619	0.41570068	0.45752117	0.40358268	0.38931294	0.35531929	0.45427057	0.72861115	0.41096372	0.40047918	0.53063594	0.49713735	0.48530083	0.46837061	0.51654830	0.53166012	0.49539046	0.37823943	0.39833595	0.59750222	0.55289723	0.36427630	0.91427125	0.62871523	0.48933135	0.47129983	0.44720056	0.44562556	0.39522201	0.47453761	0.45760024	0.40209625	0.58447214	0.40840640	0.36810232	0.40145654	0.48992343	0.56055114	0.42362660	0.44157819	0.49767793	0.35105968	0.41695376	0.39556264	0.41621430	0.37067552	0.71855263	0.38389509	0.49387945	0.42967770	0.45031861	0.40830695	0.45313119	0.37732964	0.43646657	0.45813179	0.40455667	0.51773726	0.47055431	0.59318776	0.39367025	0.40158028	0.45136909	0.45904349	0.50190541	0.38068021	0.37149850	0.53922596	0.40045319	0.40072731	0.44985670	0.48239251	0.47932015	0.50707512	0.47420327	0.45285708	0.35825105	0.84165611	0.48104213	0.44621621	0.42434746	0.42178482	0.42192596	0.44871328	0.39171984	0.36986351	0.56173462	0.53130941	0.48200576	0.41653571	0.40886362	0.41113058	0.46217219	0.41023633	0.45320193	0.44069706	0.38595244	0.39610308	0.51332506	0.45647020	0.37721682	0.54470233	0.43749996	0.48246188	0.42418611	0.42310747	0.51845948	0.49910059	0.42156548	0.46193906	0.35200721	0.42941436	0.49766177	0.40206253	0.50660899	0.45042859	0.38505609	0.52779900	0.69553064	0.43367307	0.39182012	0.43411560	0.43148485	0.40718040	0.43705412	0.38336601	0.70123560	0.40579549	0.34585098	0.38892397	0.51225440	0.39113002	0.56748060	0.45008533	0.49187795	0.48967563	0.77359623	0.34542734	0.46151673	0.45575217	0.41180633	0.40644542	0.40648536	0.46832382	0.54534688	0.39842505	0.47291558	0.39696175	0.53482433	0.45316671	0.48106846	0.34815096	0.40664418	0.36231281	0.37922578	0.65026967	0.43087702	0.40066540	0.40272087	0.58719118	0.53945205	0.43626675	0.39749887	0.52303729	0.44076209	0.35152211	0.39324547	0.39996856	0.62458479	0.41315430	0.37053457	0.46914022	0.49989805	0.44956205	0.51297757	0.48519630	0.41101122	0.64269892	0.42978853	0.63631310	0.49625520	0.49040723	0.41096554	0.39982494	0.47658552	0.47725008	0.44675723	0.44551916	0.41488401	0.54194896	0.36211128	0.37772933	0.34248553	0.38074320	0.43378197	0.41214772	0.40920415	0.31804495	0.42565021	0.42425859	0.42140534	0.42308485	0.37808506	0.40891881	0.35327836
02_88	0.53726872	0.50431062	0.55789402	0.48693865	0.62765980	0.47544761	0.46252526	0.48594633	0.67597760	0.52754146	0.46564671	0.45623414	0.49109758	0.49501578	0.61161735	0.83740403	0.45257118	0.73248753	0.79852831	0.42395048	0.49981221	0.65338322	0.47533880	0.48025803	0.66938547	0.75806551	0.56784035	0.42514838	0.57694551	0.51755255	0.47840834	0.50548168	0.73675408	0.56950125	0.48523210	0.41941490	0.50151413	0.79591869	0.49076235	0.61587018	0.41904120	0.50019458	0.76347624	0.50516590	0.42869312	0.47854646	0.47062637	0.39065446	0.51848113	0.46988293	0.69446016	0.50539994	0.46457616	0.45105241	0.48258978	0.48154910	0.81546473	0.40280688	0.72391659	0.61981901	0.42415395	0.53204020	0.55449728	0.60078810	0.40041354	0.38863084	0.50231953	0.66542432	0.48995663	0.51256888	0.57624886	0.50309547	0.63175208	0.43428125	0.39869388	0.47836896	0.47300148	0.43525959	0.71749158	0.73437298	0.70946409	0.42747962	0.47186241	0.54784445	0.43172804	0.53276045	0.71864460	0.70089513	0.60732135	0.42152307	0.40410214	0.45467729	0.79511928	0.47563962	0.56469211	0.44867496	0.49026332	0.53065543	0.47709656	0.43110201	0.40854859	0.42905416	0.59258946	0.41345275	0.40459573	0.70324431	0.46102691	0.51326434	0.47689332	0.46685143	0.65274653	0.51032293	0.42688926	0.40992542	0.57928195	0.59707501	0.40212989	0.60076917	0.57699600	0.60758066	0.63291430	0.45803915	0.55289144	0.41290648	0.49551072	0.43759622	0.41765633	0.57807740	0.49607912	0.43115087	0.40806029	0.45133616	0.52940875	0.47879646	0.45703464	0.61398343	0.40385497	0.47695308	0.44807803	0.48125499	0.41727516	0.70271982	0.39196937	0.58459135	0.43713561	0.46828947	0.41043329	0.54040305	0.38894142	0.50210762	0.43603912	0.43532693	0.55937424	0.48365906	0.59008058	0.39960675	0.42928006	0.46554336	0.52940985	0.50727833	0.43449348	0.41638378	0.54496936	0.41575174	0.47481298	0.41889588	0.44387328	0.52545805	0.50882605	0.48186968	0.61523868	0.40859436	0.58655554	0.59108649	0.50218327	0.43103474	0.49426547	0.50553952	0.58975100	0.47715817	0.35831534	0.57659593	0.51598049	0.49443358	0.44321024	0.39550648	0.44910816	0.47113137	0.46355329	0.43218709	0.44342511	0.43164474	0.47522099	0.57257745	0.42624066	0.44665419	0.74816423	0.47499988	0.52693831	0.54534470	0.49315959	0.59637354	0.48930653	0.49821290	0.44625375	0.40200388	0.48995025	0.53294956	0.46586567	0.46346074	0.44855959	0.42644430	0.49040942	0.54129972	0.44220745	0.44711543	0.45297112	0.46870795	0.41437247	0.54935314	0.42378212	0.63067955	0.44390086	0.39594524	0.41773369	0.54117283	0.37807525	0.51679207	0.47736304	0.47093043	0.44981057	0.59182913	0.39409989	0.43328253	0.47353141	0.39201092	0.40809789	0.50644700	0.56323678	0.60832983	0.44296224	0.46755130	0.43814665	0.52930696	0.62061884	0.57378693	0.39952542	0.41359384	0.41642352	0.38200738	0.53136591	0.43817918	0.40594939	0.40490337	0.55918579	0.48181102	0.47687191	0.46514404	0.48358201	0.46919392	0.40754289	0.47690536	0.40016703	0.61437272	0.48224217	0.41180408	0.51482149	0.50489767	0.53219930	0.46700909	0.50199553	0.46121622	0.51405211	0.46515276	0.56440222	0.44399725	0.48308773	0.42871935	0.41302201	0.51671106	0.47626664	0.41830952	0.43974464	0.41344439	0.49687496	0.38514532	0.37672626	0.38768359	0.44276752	0.56434359	0.41424082	0.46763854	0.34108336	0.45678489	0.56173536	0.41441733	0.43113628	0.40200872	0.45527741	0.38048117
02_49	0.59825526	0.60674064	0.58462313	0.45266983	0.52884714	0.45246932	0.47882371	0.49222794	0.59486754	0.76327044	0.68667471	0.61750305	0.54600634	0.63036253	0.64221071	0.54268523	0.47812022	0.54828158	0.53919425	0.46748059	0.48618945	0.61027909	0.57590859	0.52041945	0.52424858	0.49084697	0.53708252	0.49179342	0.52054590	0.57688077	0.41390229	0.53159566	0.56466334	0.45092304	0.45043216	0.42095091	0.41267486	0.56518137	0.47782476	0.52367372	0.45792625	0.43921594	0.52440892	0.52443392	0.51718860	0.44211488	0.55598979	0.48008705	0.59613743	0.44893305	0.49289032	0.52834798	0.64705076	0.46905409	0.65414348	0.41642204	0.47241677	0.38332941	0.45938144	0.61321682	0.41792269	0.62570827	0.47313126	0.68396561	0.44492949	0.43934100	0.41663754	0.46996923	0.46939909	0.54136510	0.66171033	0.48000539	0.58057956	0.43416923	0.45982688	0.51874568	0.48044772	0.39711975	0.52176944	0.51813297	0.55390558	0.59965803	0.49845590	0.56906091	0.44528391	0.50291363	0.53580070	0.50893125	0.70300844	0.53414242	0.42493564	0.57213722	0.51059306	0.44878854	0.42612716	0.46843184	0.51970775	0.50103718	0.53828509	0.43301896	0.42280028	0.46612266	0.53937573	0.51536604	0.47217091	0.58865628	0.41474174	0.47360824	0.75167772	0.52888647	0.42744742	0.52926013	0.46373464	0.39683770	0.61859831	0.55264519	0.37463230	0.51001850	0.46256985	0.43854881	0.50716128	0.72502746	0.42210113	0.41875015	0.56835726	0.50408787	0.54258088	0.70633824	0.39361218	0.43693480	0.48161087	0.41815651	0.59549146	0.47947924	0.47986133	0.57758683	0.36155277	0.43411695	0.47239177	0.39650676	0.39034404	0.49040791	0.48294911	0.44080930	0.53596699	0.66352334	0.45989434	0.50481361	0.43944561	0.42762185	0.47274599	0.55695445	0.49228131	0.47088831	0.63419791	0.43807776	0.43889078	0.52696467	0.55327895	0.77178689	0.42983541	0.37426504	0.62597349	0.52131489	0.41969980	0.41248077	0.48280469	0.50227192	0.67797407	0.51626539	0.49570567	0.42750756	0.50614751	0.59040529	0.49158579	0.49253931	0.38184746	0.40836199	0.52169255	0.42525542	0.37906574	0.49391072	0.49483160	0.45548845	0.57058373	0.37754476	0.43233751	0.56617930	0.52174635	0.40556720	0.61358225	0.36018610	0.41985265	0.41696235	0.44933149	0.46521062	0.51306000	0.44149201	0.43134308	0.42505811	0.49525338	0.45289183	0.74791441	0.44028778	0.47035773	0.38798284	0.41149800	0.54557300	0.53243460	0.41500140	0.47040612	0.34862512	0.43637048	0.50374054	0.45950457	0.42323534	0.44679204	0.37068172	0.42175891	0.46244524	0.48533025	0.46825849	0.37284958	0.36343955	0.38903293	0.54178197	0.41409364	0.43826320	0.39613201	0.46106515	0.47412237	0.53685726	0.38580519	0.44033355	0.65321598	0.37078702	0.44990457	0.42107025	0.43378429	0.43793290	0.51056486	0.50244279	0.40178943	0.58607938	0.45923982	0.47851412	0.40151301	0.48334354	0.37079656	0.47084968	0.46234128	0.44992971	0.52839872	0.47388975	0.54829644	0.49859982	0.45581234	0.44308645	0.47398353	0.39320719	0.40021311	0.42976112	0.40321763	0.50034448	0.37405867	0.36866302	0.59662042	0.40614334	0.41290024	0.47029596	0.51285383	0.42140397	0.45004071	0.50518948	0.51885831	0.47572332	0.50371965	0.40050237	0.40963268	0.45392940	0.53677813	0.41891238	0.45387467	0.46800445	0.47061352	0.36246816	0.42436553	0.38266696	0.38658771	0.48943425	0.51517763	0.36754402	0.35744567	0.44496063	0.49873109	0.41453319	0.45218767	0.42885733	0.41622807	0.35070132
02_43	0.48353876	0.54901323	0.49671996	0.38855650	0.53898191	0.54356420	0.56872654	0.40748532	0.63423880	0.54040987	0.48165890	0.49017676	0.43655830	0.47370555	0.59536338	0.57892710	0.54117793	0.58581056	0.52004569	0.46187014	0.40781664	0.65965071	0.45563207	0.41999759	0.50077792	0.50063800	0.49028640	0.50381528	0.47242140	0.46796224	0.44965273	0.43170223	0.56528550	0.50495081	0.51750009	0.41542312	0.48345036	0.59732310	0.54122197	0.52806949	0.44446919	0.51879916	0.56095121	0.43337004	0.46486240	0.38205184	0.47762682	0.46383019	0.51369652	0.40471702	0.50648946	0.62762118	0.47000055	0.42421982	0.54446959	0.46874053	0.48901601	0.37165338	0.46583437	0.59536756	0.40386145	0.48000757	0.41704607	0.66979516	0.44624820	0.42047356	0.44319752	0.52345133	0.40872104	0.44637966	0.71093245	0.63535824	0.53173464	0.44555195	0.43974058	0.42846809	0.47349163	0.39555762	0.60469874	0.54251900	0.51135240	0.46426281	0.41121913	0.51298355	0.43776806	0.49805557	0.50177309	0.54290536	0.56091484	0.43260367	0.42470801	0.45534012	0.50057680	0.40703218	0.44794551	0.49137989	0.43237605	0.49296340	0.44798062	0.48784080	0.37708429	0.39990171	0.52650405	0.46344911	0.49725095	0.56516646	0.47732900	0.40714674	0.54716677	0.42829851	0.42591069	0.55948501	0.45888516	0.45401033	0.68113386	0.56028850	0.38504948	0.51329478	0.46442520	0.42167339	0.54953566	0.50837826	0.41289074	0.40489999	0.67646591	0.41454189	0.46406352	0.69773790	0.39646592	0.42124066	0.43258687	0.48220564	0.48053200	0.44517969	0.56799886	0.60325065	0.39742193	0.52516279	0.40494213	0.38001171	0.35041941	0.49982488	0.40976322	0.41005838	0.43405086	0.48379275	0.39600236	0.43624771	0.44725693	0.46998501	0.49760209	0.44644056	0.49720578	0.46932388	0.57586824	0.45656291	0.46966224	0.51166321	0.59686592	0.60423080	0.38327545	0.37629178	0.86256603	0.47165948	0.43752995	0.42855470	0.41277428	0.43203498	0.51623528	0.71357972	0.48076085	0.38046403	0.52253430	0.51333201	0.50692211	0.43419547	0.38736876	0.41967435	0.51730354	0.41755636	0.36477143	0.43992454	0.50354377	0.51005754	0.45247978	0.39601071	0.45650955	0.56063117	0.45496155	0.44195504	0.47736277	0.39194069	0.41249834	0.41654215	0.43363351	0.40600739	0.54890305	0.38196700	0.42932871	0.43856756	0.42836783	0.46407877	0.53846619	0.41522744	0.42643812	0.36476297	0.38154756	0.76433428	0.44253142	0.47195648	0.39877090	0.37569872	0.43981664	0.46858139	0.47959012	0.37436018	0.41561564	0.41184414	0.36966288	0.51121085	0.41663157	0.47335113	0.40114455	0.40165190	0.36893584	0.58746785	0.39955676	0.47590820	0.39061883	0.55167284	0.40628771	0.55941611	0.37016019	0.39137071	0.50850123	0.39336128	0.38850031	0.44187283	0.41012603	0.43329112	0.45998893	0.48375378	0.36523885	0.66422040	0.46275712	0.49749315	0.36461783	0.44742757	0.42294938	0.46182304	0.47462346	0.39938094	0.43757313	0.51034248	0.58668651	0.43075716	0.47475442	0.40927558	0.50404953	0.38406527	0.38453891	0.42969518	0.35859823	0.48563046	0.38165273	0.41299390	0.51190664	0.40927335	0.42748632	0.42383230	0.56448407	0.38816400	0.45906629	0.46461276	0.55038865	0.41057103	0.54616918	0.36416667	0.48485647	0.40710006	0.62105627	0.38644538	0.46020734	0.51497608	0.48898594	0.33345748	0.41845246	0.38845993	0.45184349	0.49049064	0.45082580	0.37547934	0.35831361	0.51889902	0.46782003	0.47941051	0.47128519	0.40221131	0.37933280	0.32773391
02_197	0.49049427	0.53508956	0.49726057	0.44831087	0.53103029	0.51430150	0.52609987	0.44608425	0.60882814	0.51859407	0.47158744	0.48096659	0.45528395	0.47455329	0.55749081	0.69083000	0.51098986	0.66884893	0.61903773	0.46540441	0.46743559	0.61280042	0.45524319	0.44421146	0.53879198	0.56551382	0.48950663	0.48285535	0.59060240	0.47340672	0.53552970	0.48868465	0.72144380	0.59484376	0.54202908	0.47547573	0.57208437	0.66694310	0.52077567	0.51869860	0.47451337	0.60034189	0.70588471	0.48957212	0.46033263	0.43877476	0.48753510	0.44478610	0.55337957	0.47433233	0.57844110	0.60212004	0.46133987	0.48462574	0.51828203	0.57436213	0.62101802	0.41942733	0.54174334	0.55538756	0.44433314	0.51598846	0.48878461	0.58705072	0.45522303	0.41502900	0.52777927	0.70162761	0.47308567	0.51297021	0.60347293	0.63917820	0.59685140	0.50437684	0.43515770	0.43524016	0.48216988	0.45796168	0.83607155	0.63061902	0.57173522	0.44323689	0.43978729	0.50227054	0.44185389	0.49798484	0.62649997	0.68492936	0.59468693	0.42375139	0.47522422	0.47585505	0.59354584	0.48225169	0.55121412	0.46723419	0.50187451	0.59481244	0.50772829	0.51106185	0.41457179	0.40662869	0.51043103	0.44992377	0.46519299	0.69637949	0.48153819	0.45910021	0.50309288	0.43358202	0.51221118	0.50845102	0.51226800	0.44400379	0.57651548	0.56028131	0.42718033	0.50511585	0.48166321	0.50774115	0.69106108	0.48485455	0.49095845	0.43714636	0.61512014	0.41444146	0.45117391	0.59241030	0.45830591	0.47618141	0.42642087	0.47116454	0.48925811	0.47445189	0.51241437	0.66321077	0.44608239	0.60317612	0.44564934	0.43403037	0.39446862	0.55018947	0.39753047	0.49318801	0.43399887	0.48416471	0.39988531	0.51746510	0.42805243	0.53780799	0.48179051	0.45003733	0.51547954	0.46054551	0.56125045	0.44152356	0.47036174	0.47353430	0.63444051	0.53734684	0.42480036	0.43599509	0.62582490	0.45641630	0.47639153	0.42669096	0.41965674	0.48234052	0.50097729	0.57336685	0.62068089	0.41515239	0.50801005	0.61138212	0.50945060	0.42651826	0.44254226	0.47454825	0.65329631	0.47567264	0.36618382	0.49458980	0.47868529	0.55396351	0.45580424	0.39955579	0.49259713	0.50551778	0.48099469	0.43012701	0.46123911	0.44105474	0.46753159	0.47171358	0.43961991	0.46285036	0.68034933	0.43439301	0.46652527	0.52425419	0.50565226	0.51829060	0.50536953	0.47431694	0.42016797	0.41282390	0.43985825	0.65337910	0.49384660	0.47152254	0.41966929	0.42457763	0.43720210	0.46872599	0.44412416	0.42740461	0.46101462	0.48063821	0.38897536	0.63825993	0.43775493	0.50997666	0.45878187	0.44435912	0.41233324	0.54643194	0.39773637	0.48663247	0.42832288	0.52842785	0.41292824	0.52879550	0.41659530	0.39549806	0.49427807	0.39228046	0.39452624	0.51102907	0.49925889	0.49921906	0.48749480	0.45802743	0.41771298	0.55468109	0.58836081	0.55380303	0.40457825	0.42461380	0.47575572	0.44149032	0.46801151	0.42013031	0.41983602	0.47070109	0.54064347	0.44064342	0.47919076	0.46422550	0.48266394	0.42062484	0.42924093	0.47993339	0.37603749	0.53127055	0.43753226	0.44839728	0.54118792	0.44025916	0.49157055	0.42816894	0.52145026	0.44014105	0.45523018	0.48190642	0.52827275	0.41612424	0.49314452	0.39822816	0.47012729	0.46835881	0.55181328	0.39275680	0.43499844	0.47226810	0.47075188	0.36596875	0.40243975	0.43151332	0.53308744	0.61597728	0.43053534	0.42714631	0.37504740	0.51602519	0.59404944	0.44942899	0.44380070	0.41956997	0.44429843	0.36353054
02_33	0.56330582	0.59411486	0.52745025	0.55956354	0.45565776	0.42535217	0.46042636	0.55857354	0.48771477	0.61930399	0.66255332	0.65511950	0.57370224	0.61314401	0.51342867	0.51142531	0.46602206	0.50699867	0.52635025	0.50725352	0.59193705	0.48881214	0.57886681	0.57567110	0.48692483	0.46856859	0.48045372	0.50809909	0.65632392	0.55075191	0.47079422	0.70457232	0.54462462	0.46429288	0.45999264	0.52806649	0.43625926	0.49897273	0.45419280	0.45316023	0.54456627	0.45867534	0.50182938	0.68098385	0.57016985	0.54634159	0.65350549	0.51977883	0.73430024	0.59966121	0.48629745	0.51178008	0.66260006	0.65080427	0.63095196	0.46297160	0.47124746	0.46890999	0.44919629	0.49900409	0.48698109	0.70708327	0.55620515	0.51519942	0.51952631	0.49312132	0.45934232	0.49176732	0.60796959	0.73921245	0.50916653	0.46221357	0.61779829	0.52873457	0.51170611	0.52278777	0.52170128	0.47538373	0.50054756	0.49984268	0.54114491	0.61582803	0.59340761	0.53120551	0.46830514	0.47669965	0.57445680	0.49809859	0.66015067	0.58131408	0.52654020	0.72177482	0.50626583	0.57182173	0.46451164	0.47052107	0.68044290	0.61404362	0.69788778	0.47249778	0.52195929	0.51376876	0.47448499	0.58785332	0.49521402	0.57854544	0.40555196	0.54426680	0.62798688	0.53002845	0.44473316	0.46387605	0.56513965	0.40365935	0.48573599	0.50736705	0.44058452	0.44233686	0.44072670	0.48453539	0.48542980	0.65064281	0.46966729	0.50663379	0.53866386	0.54126636	0.62286073	0.51955198	0.42804911	0.55037594	0.54816846	0.40884389	0.59388998	0.53312841	0.45694256	0.53367626	0.40376448	0.45655570	0.60539277	0.44723331	0.47826524	0.45599866	0.51576604	0.48845726	0.60069881	0.71647112	0.51854947	0.63332357	0.46933209	0.46961772	0.48280236	0.64710032	0.47965422	0.45398190	0.55981648	0.47031249	0.46744496	0.48586368	0.57972089	0.58291876	0.52802030	0.45326465	0.49940375	0.58649861	0.43275744	0.42973409	0.52012666	0.59801631	0.64464478	0.46062968	0.54816429	0.52469963	0.44482780	0.64813322	0.47593484	0.51634732	0.40815980	0.43199380	0.54208354	0.47395883	0.42237793	0.52083130	0.45094767	0.47370179	0.66338348	0.39852016	0.49084658	0.52612710	0.60533016	0.40236752	0.65392484	0.39492106	0.46726640	0.43161076	0.48113475	0.60324103	0.48961273	0.53168624	0.44606312	0.45400534	0.65255617	0.45778741	0.61409859	0.50733914	0.47644946	0.49215965	0.47881375	0.48632068	0.68418073	0.40790694	0.54104741	0.38162058	0.41695703	0.46514838	0.42372415	0.53241818	0.54455392	0.39409617	0.48323424	0.50291429	0.58557290	0.44175262	0.41641867	0.40291206	0.47377098	0.47554868	0.46165385	0.42942169	0.42504127	0.44663863	0.49668236	0.45116941	0.48381247	0.45955150	0.64669329	0.38295120	0.50180524	0.44106777	0.49571518	0.45303721	0.63719860	0.47449502	0.49686022	0.46639469	0.49814352	0.48103618	0.48970019	0.48283221	0.40380963	0.49958773	0.42554113	0.51623578	0.54857643	0.48273218	0.46807544	0.49878186	0.44517594	0.52548535	0.45595972	0.42057397	0.47742907	0.46336022	0.45353443	0.47983718	0.40130373	0.39659856	0.60661997	0.41098907	0.43031005	0.47400303	0.45548683	0.49834385	0.41032658	0.54215161	0.44596181	0.47597616	0.43847012	0.45659348	0.41070578	0.50707320	0.48255516	0.43801816	0.42717597	0.46106404	0.43308094	0.42157410	0.44587479	0.44867506	0.41286492	0.51164124	0.51278175	0.39107568	0.41258850	0.43746190	0.56604344	0.40213135	0.42586068	0.49177803	0.50573339	0.40729633
02_288	0.51148259	0.52475905	0.51660486	0.41626177	0.52027412	0.45073679	0.47929692	0.42994568	0.60735533	0.58874725	0.53247877	0.50465074	0.46584251	0.51279793	0.60023581	0.55536383	0.45904116	0.61010774	0.51375770	0.42816852	0.42896116	0.62174986	0.48615661	0.45451672	0.49789112	0.50472670	0.49769127	0.45465345	0.48154199	0.49506433	0.41493006	0.47479650	0.55431763	0.44243223	0.44655079	0.39977852	0.42253412	0.56772435	0.46402494	0.52073327	0.41878567	0.43618983	0.55526277	0.46397162	0.45698453	0.41393411	0.50775318	0.44157873	0.52632371	0.42294806	0.54953188	0.51865088	0.54470437	0.45802417	0.54094272	0.41531473	0.47374100	0.36729497	0.45768003	0.61265026	0.38407116	0.52134028	0.44486748	0.65741036	0.45160394	0.43143671	0.40141767	0.49786878	0.46320076	0.49652599	0.73699609	0.49367040	0.55626585	0.42835584	0.42759817	0.46395222	0.50500379	0.37925481	0.53052320	0.57594881	0.53710669	0.58236643	0.47155010	0.63068405	0.41671489	0.47696007	0.52358154	0.54780526	0.61338993	0.54575324	0.41081603	0.54559267	0.50660372	0.40584647	0.41590682	0.53969417	0.45952143	0.47463113	0.48998659	0.46814666	0.44199076	0.44724370	0.56876442	0.49713337	0.48346448	0.57799847	0.41072320	0.42919828	0.67400842	0.45508668	0.42837478	0.71445460	0.43164555	0.45251219	0.70717035	0.68131894	0.39481405	0.50064912	0.49983485	0.44785057	0.52216325	0.56715568	0.45222138	0.40722057	0.55672597	0.49107949	0.53916578	0.68986570	0.43893163	0.45643145	0.50246432	0.42968985	0.53845953	0.54900653	0.57958940	0.64414239	0.39556400	0.44624124	0.47711193	0.42547868	0.39667045	0.48365207	0.51709899	0.41821708	0.53431631	0.55318431	0.47579426	0.46902856	0.48709930	0.46715696	0.44792878	0.55619212	0.58908644	0.58317692	0.68152101	0.46797533	0.50602232	0.69100840	0.61026467	0.71445789	0.45017897	0.37381072	0.64759833	0.53708034	0.49909958	0.42112870	0.44741956	0.48933935	0.65024720	0.56683212	0.49816016	0.44817683	0.51419868	0.53206029	0.62857677	0.55149465	0.42261465	0.46897708	0.51747485	0.47959304	0.38240585	0.45276264	0.60870559	0.44064369	0.56046820	0.40291530	0.46675028	0.70063122	0.55870972	0.45970396	0.56353697	0.39205179	0.47302276	0.44521330	0.41572135	0.45740783	0.53010748	0.40913954	0.48745726	0.47497023	0.44001032	0.50902047	0.58777912	0.47693486	0.52352482	0.39818783	0.42116656	0.60389530	0.48655575	0.42714110	0.45438814	0.37602974	0.49789481	0.48865968	0.59172369	0.41927691	0.41944945	0.37000396	0.43050110	0.50284067	0.50204076	0.46889579	0.38625624	0.40011537	0.38909241	0.69897760	0.40695108	0.45970282	0.43009836	0.46523275	0.45772136	0.53644851	0.39968898	0.45610575	0.61573387	0.39749815	0.46648342	0.47929107	0.42078221	0.44997111	0.51661162	0.61200972	0.39157393	0.64879422	0.48572626	0.55363716	0.41800421	0.56439367	0.40398699	0.43200179	0.49108575	0.45780837	0.53571438	0.48382705	0.62135497	0.45703427	0.55715774	0.46542608	0.52332142	0.42639934	0.42807334	0.49729806	0.40966151	0.47994643	0.41137249	0.41073480	0.54617540	0.44033852	0.45399682	0.47325334	0.61832204	0.42854663	0.45510124	0.53612826	0.52433853	0.42694692	0.58526721	0.40220963	0.45387079	0.41709891	0.53566671	0.42831716	0.54475649	0.49180308	0.52108986	0.36766426	0.45534435	0.39732278	0.39638784	0.48427377	0.52922800	0.40005906	0.37113355	0.50187807	0.48069825	0.46493617	0.54170937	0.44987083	0.38150971	0.35600559
02_160	0.42870289	0.48704458	0.43839579	0.41096855	0.46842442	0.60022769	0.56891156	0.40980927	0.46461143	0.41633076	0.38608902	0.42119081	0.40909344	0.40597773	0.44990130	0.52438955	0.56078922	0.47172492	0.49890851	0.50274067	0.41536143	0.45695322	0.41035913	0.40434074	0.47866644	0.49456416	0.44625162	0.49452664	0.48290040	0.42139773	0.67547158	0.41196571	0.47385832	0.75910311	0.69261687	0.49283841	0.79500938	0.48457580	0.58876428	0.46087227	0.48866242	0.74803865	0.47950456	0.42847520	0.45041321	0.40694367	0.45224047	0.43249062	0.47955847	0.45202906	0.47424952	0.57711421	0.38669859	0.42842636	0.44792155	0.67067635	0.49995310	0.48115955	0.49653292	0.45237759	0.51057669	0.42212009	0.44336991	0.44363217	0.44825965	0.43229018	0.71333901	0.56565691	0.40480877	0.41231158	0.42834624	0.59425292	0.50784723	0.51814207	0.45309964	0.40449701	0.48654521	0.54513871	0.54464433	0.47761571	0.48075720	0.36170543	0.39796065	0.42769437	0.50423621	0.50988615	0.47953649	0.46733059	0.44667311	0.36025053	0.45498093	0.37806684	0.49714625	0.46645210	0.65668012	0.44819539	0.40257053	0.55810385	0.39114355	0.49898290	0.35452586	0.39523574	0.44922117	0.41747671	0.45216280	0.46843575	0.63987316	0.42960346	0.38864077	0.39766148	0.48774435	0.40442378	0.46678037	0.46429825	0.43348541	0.44293439	0.46702605	0.45701699	0.45219274	0.46651216	0.45026189	0.37913950	0.44025165	0.48190766	0.51415197	0.37675536	0.38848425	0.43155573	0.41134623	0.41836462	0.39135390	0.59117540	0.42479340	0.39846305	0.45275714	0.44231322	0.46401359	0.61899304	0.37956273	0.40823988	0.36825836	0.48962213	0.34145844	0.46220092	0.37219331	0.38711237	0.36728646	0.43160793	0.40317686	0.56147906	0.52954636	0.36620854	0.43385175	0.39737312	0.44313063	0.44614116	0.44194661	0.38293101	0.49022148	0.40278522	0.37292169	0.50456515	0.46050217	0.39813493	0.39207786	0.50000551	0.40906906	0.42630794	0.40633928	0.49337086	0.45122601	0.35449082	0.46782543	0.44174646	0.40324144	0.36966879	0.41611227	0.41661320	0.44037616	0.39413398	0.39859018	0.45571979	0.41311467	0.68955917	0.37210189	0.46109634	0.50392544	0.41188966	0.38370400	0.45374070	0.38474164	0.50551433	0.39604411	0.45506206	0.48807752	0.37748917	0.48240079	0.40755652	0.42868505	0.42940033	0.43259124	0.45547244	0.39900592	0.41078259	0.38123146	0.39690686	0.41572643	0.49626754	0.38673699	0.59235084	0.39164293	0.49554430	0.41074724	0.43901054	0.37223965	0.38651955	0.48425883	0.73178120	0.36636569	0.51261634	0.36337692	0.47762400	0.59211144	0.44500430	0.44259237	0.41976136	0.42780506	0.55103844	0.42477303	0.59780301	0.39007870	0.45179077	0.39755976	0.37808304	0.38894502	0.45551754	0.35865640	0.41011391	0.46862617	0.47194611	0.40681104	0.38937338	0.41159262	0.41508251	0.45628480	0.44085029	0.35141694	0.36097743	0.48924349	0.41608307	0.44631109	0.39379597	0.35123821	0.44433877	0.43344535	0.41040187	0.39427580	0.39247940	0.46675790	0.40595020	0.37589064	0.39131704	0.35962186	0.46904201	0.41534969	0.46245486	0.41320632	0.42746692	0.43406423	0.40139885	0.41027204	0.40350616	0.43426503	0.39593545	0.44282699	0.39143785	0.39811771	0.38194065	0.46711618	0.43263515	0.45768122	0.38241908	0.37598822	0.43665653	0.42189501	0.35570171	0.37702424	0.40426154	0.55190859	0.43281882	0.35987416	0.40656067	0.36792626	0.44965556	0.42916404	0.44042973	0.37402949	0.37964130	0.43595949	0.35667727
02_211	0.67608779	0.59869176	0.65559205	0.51714330	0.54331029	0.44856918	0.46806408	0.56377692	0.54356464	0.67357407	0.62093826	0.59647032	0.63467321	0.67432294	0.60854502	0.53115209	0.46551055	0.52019108	0.54353425	0.47910242	0.52595034	0.53526319	0.66951850	0.63093193	0.56352128	0.52773227	0.60143559	0.47701647	0.52012769	0.66688808	0.42777330	0.57502914	0.50300667	0.45814924	0.45608548	0.42516697	0.41232579	0.52117151	0.48465946	0.55196749	0.45483168	0.42278990	0.48708067	0.57776023	0.53659301	0.51865029	0.64442761	0.46068268	0.61014914	0.49769353	0.53110465	0.49350817	0.70351114	0.49455433	0.60520671	0.40694167	0.46759153	0.42440360	0.48869243	0.60586148	0.44843572	0.63809435	0.54669345	0.57125824	0.45986559	0.49612952	0.43236655	0.46502485	0.52714490	0.55315431	0.53093290	0.43525293	0.65066410	0.43877624	0.48576538	0.66729600	0.58618784	0.42828542	0.47487931	0.52484248	0.61417427	0.60058306	0.66209433	0.73142811	0.49777749	0.56820847	0.54362133	0.47352432	0.64590579	0.62400858	0.41161169	0.56132481	0.54036274	0.47124695	0.44984701	0.53402926	0.49672166	0.50872654	0.49324762	0.42947322	0.45791702	0.64391728	0.61987672	0.55225865	0.46966041	0.53206800	0.42813268	0.55517333	0.61284745	0.62457126	0.46729489	0.52602164	0.42870817	0.42217049	0.54262946	0.58494538	0.41701132	0.53532670	0.55315045	0.49918620	0.44096529	0.56784535	0.47597223	0.47312553	0.49438111	0.72146202	0.56210982	0.55189687	0.43480652	0.44997503	0.56546144	0.44529119	0.77717801	0.54352539	0.47456409	0.50573995	0.37574592	0.40894426	0.53459948	0.46986780	0.46486494	0.51155651	0.54764362	0.48555603	0.65772113	0.61075478	0.60398336	0.53534425	0.46592641	0.45989069	0.48281938	0.57653565	0.55645441	0.54006316	0.67178229	0.47027764	0.46893927	0.54318273	0.51967216	0.58904687	0.49618458	0.41255355	0.50432673	0.53957018	0.43191435	0.48175218	0.64425114	0.62828783	0.78299865	0.46177168	0.47206339	0.46464262	0.54867469	0.52804762	0.49893418	0.59905345	0.43250306	0.44627151	0.45823926	0.44816732	0.45416617	0.56360019	0.56086800	0.45799213	0.60254543	0.44480949	0.47247291	0.56406619	0.54017520	0.46933464	0.63688614	0.39705959	0.45273914	0.48936233	0.50077478	0.47095104	0.48042376	0.51873878	0.51456342	0.43833617	0.49424550	0.51012744	0.60852868	0.50077302	0.62531826	0.43570446	0.49471922	0.47669169	0.49708251	0.45030618	0.63592399	0.38914905	0.53042077	0.60432000	0.47753293	0.49091287	0.51248846	0.38688261	0.55533845	0.45207744	0.51755504	0.51404631	0.41107763	0.37187468	0.46681727	0.52107652	0.47692900	0.50218883	0.48491841	0.45922472	0.65618805	0.53175706	0.42142742	0.61687568	0.61250918	0.43401342	0.58105249	0.42197617	0.47885196	0.50085311	0.51627068	0.57078639	0.47534363	0.49508161	0.46074458	0.49626538	0.43479765	0.52729383	0.37340263	0.43478647	0.53439975	0.58224375	0.55355240	0.45632612	0.53691204	0.60402789	0.47309128	0.48010713	0.54062400	0.47579322	0.42180072	0.44389390	0.51865837	0.52688456	0.42030402	0.38698920	0.53649649	0.48120042	0.44390728	0.61037059	0.48693958	0.48834494	0.49314609	0.52566326	0.50102223	0.54474886	0.48008140	0.48958432	0.40929926	0.49760722	0.47098653	0.53186539	0.49255398	0.45342652	0.51523720	0.43171508	0.45873987	0.38933092	0.36803406	0.43572682	0.52369904	0.40937721	0.37359173	0.43177656	0.45347577	0.42630212	0.46066193	0.47274487	0.44798490	0.40878311
02_171	0.57589809	0.60511506	0.53933217	0.47097688	0.45551642	0.41913048	0.45252642	0.51600895	0.48619037	0.69555477	0.82247542	0.72457429	0.56968520	0.65956677	0.53156108	0.46863128	0.46171198	0.46543958	0.47938289	0.49155161	0.50913047	0.49251355	0.61053404	0.55082071	0.46757707	0.43331972	0.48574038	0.50763555	0.51646073	0.56670741	0.40609793	0.56576043	0.49044744	0.42132569	0.42985320	0.44541388	0.38950375	0.47455881	0.44789368	0.45328200	0.49385956	0.41613442	0.45268060	0.56102302	0.57189940	0.45911659	0.60440958	0.52581611	0.62630637	0.47545143	0.43608338	0.49337229	0.74125458	0.50059656	0.69069092	0.40369693	0.42194592	0.40389897	0.41311024	0.50848962	0.44021329	0.65121255	0.47067721	0.53840848	0.46828526	0.47111445	0.40643079	0.42607837	0.48178925	0.56598619	0.52214989	0.43812608	0.54221075	0.44813476	0.50102233	0.52723430	0.47566211	0.40967545	0.45584951	0.45103168	0.49628963	0.65693190	0.52590382	0.51324915	0.45451548	0.47108647	0.49108821	0.44441070	0.62429745	0.57075378	0.45017680	0.62176968	0.45721446	0.47294016	0.40756007	0.44664768	0.55097854	0.50372807	0.56718882	0.42291282	0.43826661	0.49196467	0.46958699	0.57177154	0.48278944	0.51559016	0.39186928	0.48248864	0.71739305	0.55088051	0.39531407	0.45573312	0.49108643	0.37712697	0.49918066	0.47734730	0.37886521	0.44369106	0.41719142	0.41453150	0.44304365	0.83777018	0.39940842	0.44353213	0.52940853	0.53070271	0.59957180	0.54853915	0.37026277	0.44851250	0.51408635	0.39490853	0.58681907	0.46311530	0.43938908	0.49433754	0.35200340	0.41186743	0.49656915	0.38380792	0.40252011	0.43411026	0.50801928	0.42550703	0.57734435	0.78083411	0.48322626	0.51286259	0.44397590	0.40649206	0.47676358	0.59922920	0.44235935	0.42917699	0.54927586	0.44256546	0.42562016	0.47778966	0.51192837	0.64625251	0.44026050	0.38293843	0.51682280	0.56062057	0.38723620	0.40952089	0.50942672	0.50721285	0.65095854	0.45818588	0.46122309	0.44421434	0.44429025	0.55946835	0.44084470	0.49313603	0.35869337	0.37906076	0.47600108	0.40510256	0.39936452	0.47817520	0.43703670	0.44031639	0.62144127	0.37224821	0.42828664	0.52301076	0.52608384	0.38243551	0.70300616	0.34669385	0.40147414	0.38612108	0.46881065	0.48746732	0.44764831	0.45973197	0.40063592	0.39253114	0.52662598	0.41174392	0.73641323	0.42851025	0.45729433	0.40447720	0.40738178	0.47513460	0.57079737	0.39149235	0.49605476	0.33631997	0.39940629	0.46488579	0.41521872	0.44038746	0.47417728	0.35558721	0.43820060	0.43131001	0.51370960	0.42169320	0.36545093	0.35446018	0.40389490	0.46452001	0.44286597	0.40570128	0.37974836	0.43526497	0.48538283	0.46059642	0.40224861	0.43866296	0.67353366	0.36127204	0.47176818	0.38861683	0.42319785	0.40758018	0.54361695	0.46509288	0.41938525	0.48649367	0.42353389	0.43278242	0.41613896	0.47542441	0.35765216	0.51598368	0.41841593	0.46733890	0.56992484	0.48125811	0.47056992	0.50026187	0.41712049	0.44399995	0.44350084	0.37771382	0.40657359	0.40276274	0.41894557	0.45883045	0.35323555	0.35531545	0.58414515	0.37979156	0.38391765	0.46342323	0.45128270	0.42731458	0.41033867	0.50210327	0.45283951	0.49011130	0.44524541	0.40968417	0.39138224	0.45559855	0.49608973	0.42245571	0.42080767	0.46175104	0.42874786	0.37494318	0.43695656	0.39249054	0.37103766	0.45249714	0.53167115	0.34845352	0.37583060	0.41501806	0.47253362	0.39250964	0.41958393	0.44749790	0.43593386	0.36091917
02_198	0.49960596	0.54159272	0.47640027	0.51149870	0.43346981	0.41670532	0.44837145	0.49948697	0.47490969	0.55103498	0.57285028	0.57089315	0.50073022	0.52955500	0.48224873	0.50574344	0.45403660	0.50383617	0.51481997	0.48010366	0.54908994	0.47948170	0.49823952	0.49616923	0.46052464	0.45010464	0.44187322	0.48767224	0.66552316	0.48725450	0.47589934	0.61262073	0.57237913	0.46557871	0.45269735	0.53843219	0.44750039	0.49884717	0.43789798	0.42827197	0.53458738	0.47679482	0.51659824	0.59625098	0.51265046	0.49407338	0.54618844	0.49587949	0.63603426	0.55783032	0.46566043	0.50703301	0.54520650	0.60751736	0.56799808	0.49103767	0.48087430	0.44742247	0.43821821	0.46725885	0.46701601	0.61264371	0.51210740	0.49535568	0.49061856	0.44108150	0.46261149	0.50626449	0.55178586	0.67075717	0.50296068	0.48072384	0.55790877	0.53384754	0.47175877	0.45429033	0.46255844	0.46711973	0.52721187	0.48992225	0.50233627	0.52700669	0.49438920	0.46730798	0.43107438	0.44093272	0.56824553	0.51764449	0.60942966	0.48648934	0.55725744	0.62154235	0.49031707	0.56214086	0.46588616	0.42816803	0.70480243	0.61311172	0.74587577	0.47210732	0.48522777	0.43430929	0.43500780	0.51200193	0.47003789	0.59713800	0.39740383	0.49210875	0.56607642	0.46645441	0.43407846	0.43791995	0.62171805	0.38624979	0.47149076	0.47343043	0.42106814	0.41862292	0.40786505	0.46204314	0.52974588	0.60056043	0.45013539	0.46518632	0.54667656	0.45153165	0.53351885	0.50879280	0.41385377	0.54035490	0.47123776	0.39265925	0.51025203	0.48190658	0.43999757	0.54983883	0.40552277	0.48592469	0.53337980	0.41651051	0.43436105	0.44347661	0.44753497	0.47326950	0.50053195	0.61758925	0.43700150	0.60633296	0.43378247	0.45635924	0.46038609	0.54934590	0.44670938	0.41584634	0.51227251	0.43520984	0.44135591	0.44900645	0.57164168	0.55232097	0.47589182	0.44018594	0.50446174	0.52127580	0.42655452	0.39530209	0.44606065	0.52044855	0.53858002	0.45928824	0.58816257	0.48616406	0.41939816	0.69393026	0.45450215	0.44962615	0.39204701	0.41746357	0.61065570	0.46305361	0.37830267	0.48478849	0.41386431	0.47425426	0.55745966	0.36775256	0.46695872	0.48689054	0.55470747	0.37382054	0.55256140	0.38413299	0.45298540	0.40616902	0.44401324	0.59615084	0.50798691	0.48479093	0.41354484	0.45665899	0.66443775	0.43620102	0.56703607	0.47669366	0.41600368	0.46044566	0.44288459	0.49792258	0.70973022	0.39158956	0.46049492	0.37121869	0.38260714	0.42561143	0.40011072	0.48890940	0.50052312	0.39897693	0.41907676	0.52699355	0.52855124	0.42343191	0.40757226	0.40885761	0.43173508	0.46010691	0.41787719	0.40190349	0.39323114	0.44006533	0.42999838	0.43492591	0.46502645	0.39739809	0.57814169	0.35410442	0.43215219	0.44988707	0.48560674	0.43361448	0.59804188	0.43270490	0.45907977	0.46642092	0.51302988	0.47257440	0.46808399	0.43884926	0.41694722	0.50055367	0.39810485	0.45093208	0.48789398	0.47286005	0.45225193	0.45009819	0.43061816	0.50690354	0.42470805	0.39167586	0.47133138	0.45329772	0.40152451	0.46696796	0.38912331	0.39631841	0.61506617	0.38705763	0.42635898	0.42390284	0.44918498	0.46862696	0.39180481	0.51691519	0.43938285	0.43655817	0.43082875	0.41872656	0.41100080	0.48999177	0.49515013	0.39485269	0.40183670	0.45520330	0.41126474	0.39191184	0.41809666	0.46332851	0.44945718	0.58045533	0.47708293	0.38256925	0.40820051	0.44507824	0.63735833	0.39361054	0.41120896	0.46230510	0.49975934	0.38557747
02_68	0.63067058	0.57182211	0.69024649	0.45131065	0.81820137	0.51824493	0.49902818	0.49487674	0.78999597	0.62042363	0.51658930	0.50526539	0.53922859	0.56404309	0.85730678	0.66966515	0.49127138	0.61070936	0.66060807	0.45097525	0.47341450	0.75586926	0.54616529	0.51227663	0.72869050	0.65717769	0.72129750	0.45822391	0.49883920	0.60791679	0.43221877	0.48069650	0.58776693	0.52619327	0.48978968	0.39368685	0.45045017	0.70808866	0.54704942	0.81039687	0.41991178	0.46556424	0.57629207	0.48908937	0.46610550	0.44357636	0.50286568	0.41569107	0.52921886	0.43130200	0.57872820	0.53031859	0.51714334	0.41718996	0.54818523	0.42853988	0.56612012	0.38355054	0.60482569	0.85089403	0.42283537	0.55035803	0.50032334	0.74423117	0.40059492	0.41202355	0.46005307	0.51796547	0.44072143	0.47394345	0.62800853	0.49295465	0.62300333	0.40817634	0.42742671	0.54756388	0.49254946	0.40838590	0.58448459	0.59815416	0.68236507	0.45813553	0.47993937	0.60901031	0.47022329	0.63500520	0.57555255	0.54034937	0.63533933	0.44501374	0.38115425	0.44943666	0.64150308	0.43758521	0.49255317	0.47298932	0.45181866	0.48893948	0.44288386	0.41201308	0.37816377	0.46506882	0.72829363	0.44052381	0.42639974	0.59423799	0.48831497	0.49872003	0.52733018	0.53669913	0.52348804	0.53275202	0.40678617	0.40892912	0.67881085	0.59798872	0.37546202	0.76551049	0.60335341	0.49746502	0.51425227	0.50044062	0.45842393	0.40883463	0.52052151	0.47913104	0.43593502	0.68043436	0.41944658	0.39334317	0.42700759	0.48374506	0.60433695	0.45158393	0.46973877	0.55684200	0.36351964	0.43995113	0.42333346	0.42387819	0.38349705	0.69721895	0.41100373	0.50045572	0.46323060	0.50061673	0.42708735	0.48690619	0.39922203	0.45131170	0.47680200	0.44114652	0.54460986	0.49124673	0.67255026	0.41255891	0.42349679	0.48845174	0.50242579	0.57405981	0.40161989	0.38066861	0.60940580	0.43391401	0.42275971	0.44953197	0.49398233	0.50651128	0.56102533	0.50849397	0.49078058	0.38196101	0.75999257	0.53590057	0.47881323	0.45230799	0.42581471	0.43574626	0.49381048	0.41462498	0.37598531	0.57402240	0.54903342	0.49778278	0.45561075	0.40782408	0.43071064	0.50688013	0.44771276	0.45299656	0.48482042	0.38936164	0.41768420	0.50306865	0.46622166	0.40736761	0.59060271	0.45201345	0.48881462	0.44539647	0.45481302	0.53151205	0.56477641	0.44401590	0.47884448	0.36779193	0.43933790	0.54719698	0.44138330	0.49563258	0.46808248	0.38520534	0.52102403	0.67115230	0.45886251	0.41108123	0.45092655	0.42745253	0.41979330	0.46813483	0.41486268	0.66034251	0.40884336	0.36069669	0.39691720	0.56088301	0.40369714	0.54391286	0.44958382	0.50811388	0.50072413	0.81186500	0.36312932	0.46494230	0.50945038	0.40650580	0.42641433	0.43048319	0.48124524	0.54236506	0.43445854	0.50446600	0.40926708	0.60144799	0.48146931	0.51435247	0.36958664	0.43693700	0.37751217	0.40767629	0.62212069	0.44961968	0.43638851	0.43238114	0.64624167	0.55560146	0.46503176	0.42464066	0.54074183	0.44331802	0.37376597	0.41652164	0.41046286	0.64786332	0.41784182	0.38343878	0.52606229	0.49282467	0.46484825	0.52519660	0.52981233	0.43016611	0.61288002	0.46897568	0.68228836	0.51141272	0.53258564	0.42170612	0.41967005	0.49390125	0.52592104	0.45421615	0.47036081	0.44572076	0.56195434	0.37156528	0.40047914	0.36337444	0.39889158	0.47369024	0.44985748	0.41411874	0.33499457	0.45535899	0.46075903	0.43926778	0.45213343	0.40288700	0.42431894	0.36208297
02_55	0.52628902	0.53781007	0.50123336	0.45606799	0.43892049	0.39861347	0.43353188	0.47536937	0.47573322	0.61829952	0.66785205	0.60147541	0.51671668	0.58015150	0.50774898	0.46092346	0.43161137	0.47673267	0.46015444	0.44957343	0.47467494	0.48124348	0.54618450	0.51182433	0.44659467	0.42983663	0.45941305	0.46651561	0.49555829	0.51743209	0.39665638	0.54673722	0.48039484	0.40096803	0.41045983	0.42707398	0.38034744	0.46297699	0.42146354	0.44007516	0.45468080	0.39792704	0.45549913	0.52801435	0.51278086	0.45223763	0.57744692	0.48807158	0.57676050	0.46536169	0.45320278	0.46834219	0.70234088	0.51630319	0.59270174	0.39107774	0.41386701	0.39047117	0.40322359	0.49774588	0.40667459	0.59076289	0.45989746	0.51989302	0.47966878	0.47004240	0.38497475	0.42813239	0.50603756	0.56590306	0.52814263	0.42459626	0.52906586	0.44142430	0.46998645	0.49759111	0.49289077	0.39141565	0.44454313	0.46541060	0.48541358	0.87174960	0.53782835	0.54987183	0.42411866	0.44442580	0.48609601	0.45280767	0.59821343	0.69685356	0.44093405	0.70905976	0.44879399	0.44026577	0.39090557	0.48203499	0.52387203	0.48112009	0.56579518	0.43707680	0.49118529	0.49714147	0.47336417	0.58255395	0.48824533	0.50999834	0.37282687	0.45706203	0.78684230	0.50139398	0.39008470	0.50232038	0.46351556	0.39747416	0.50747879	0.51387500	0.39361530	0.42758143	0.42787168	0.42045461	0.44154037	0.72079213	0.41923723	0.43577422	0.50575179	0.56451852	0.67788998	0.53542094	0.39649296	0.48095151	0.57662061	0.38515515	0.56920609	0.52944872	0.47043581	0.51373586	0.36819406	0.40381114	0.55002590	0.40828982	0.42798718	0.42019695	0.62130110	0.41105144	0.67297103	0.73718292	0.54133901	0.50412757	0.48657808	0.42004396	0.44519421	0.73717959	0.48110694	0.48058287	0.57187823	0.46313945	0.46440533	0.55419624	0.53500581	0.66171967	0.48787659	0.38134728	0.50470517	0.62890947	0.42680424	0.40730582	0.49376114	0.52171750	0.71055422	0.45777561	0.46589747	0.50135487	0.43513059	0.53640035	0.49510734	0.58369702	0.38024406	0.40953636	0.47501006	0.44598131	0.40738848	0.45268975	0.47473451	0.41500480	0.76311215	0.38320804	0.44857994	0.59335972	0.61449028	0.40252614	0.77885868	0.35898174	0.44169129	0.39734358	0.43486824	0.51911986	0.44523661	0.44703997	0.42950450	0.41713150	0.49176054	0.43394671	0.65779944	0.46602244	0.51166110	0.42849372	0.42370931	0.47702259	0.57414098	0.38299110	0.51196238	0.34670021	0.42526341	0.45288003	0.46850358	0.46112030	0.45410966	0.34325426	0.47323761	0.44554040	0.59903401	0.41264685	0.36627084	0.37302859	0.41053844	0.50292388	0.44040858	0.40345337	0.40119677	0.41891044	0.49224272	0.44734438	0.42809251	0.46662151	0.75876385	0.37080201	0.53000867	0.41722077	0.41600012	0.41034156	0.59643554	0.52772268	0.42347089	0.49369248	0.43680766	0.46399974	0.45886373	0.56439962	0.36973998	0.47814698	0.42318479	0.50043829	0.68534303	0.48406780	0.48593517	0.47788380	0.46389207	0.48264395	0.46069495	0.40084347	0.44547643	0.44535770	0.44646422	0.44177398	0.37318067	0.37378422	0.57410487	0.39539951	0.40305138	0.47668303	0.48340763	0.44818241	0.40394223	0.55364158	0.44346273	0.45842522	0.47100532	0.42528757	0.40514829	0.43318337	0.48209165	0.44037614	0.46820314	0.47140311	0.44656064	0.39332305	0.47491700	0.40997937	0.36564984	0.44990971	0.59598020	0.36603215	0.39594540	0.43450983	0.46875766	0.40939636	0.46537018	0.49000485	0.41151065	0.37614907
02_98	0.65855022	0.55682874	0.64087353	0.66765026	0.55092848	0.44769843	0.44239762	0.71898191	0.52259479	0.56533853	0.52714509	0.52887459	0.66711306	0.60328028	0.55542768	0.57679713	0.45202881	0.51273280	0.67494390	0.47601132	0.70248729	0.50794333	0.59965106	0.66628877	0.65767264	0.59116701	0.61125791	0.45008046	0.63247773	0.64972032	0.47536797	0.63050913	0.55223801	0.53813869	0.47322137	0.45869875	0.45294683	0.55241807	0.48492370	0.54838613	0.46897664	0.46146497	0.51726243	0.67057300	0.49729974	0.63943534	0.55069226	0.41868925	0.59267379	0.57588100	0.52991146	0.47509452	0.53180881	0.48953812	0.52976579	0.45454194	0.57278118	0.47532709	0.60845867	0.54006047	0.51658593	0.64685468	0.75056227	0.51030434	0.41227175	0.42914971	0.52981028	0.51246090	0.54256854	0.57533894	0.46527972	0.43400061	0.66938114	0.44884127	0.44928099	0.62030762	0.49394363	0.50429783	0.52085774	0.52652937	0.68838583	0.44277175	0.59132803	0.52545009	0.50082878	0.58028994	0.64199863	0.49679389	0.60501298	0.44567618	0.41894693	0.47441962	0.65354058	0.61038389	0.57879223	0.42588393	0.55472896	0.56947974	0.49754143	0.40028599	0.41804317	0.52512685	0.53745449	0.44757401	0.40367432	0.56498770	0.45176140	0.78780231	0.47049242	0.61067752	0.60662677	0.42286438	0.44298457	0.37388660	0.46821084	0.48924588	0.40985819	0.54450763	0.52407750	0.60240097	0.46977514	0.47860564	0.51022049	0.47269185	0.45832726	0.50868938	0.43660240	0.48752152	0.43724176	0.42786078	0.43239249	0.43632421	0.62923145	0.45349544	0.39886391	0.47853843	0.37120384	0.42504969	0.48297115	0.47819791	0.46762590	0.59616703	0.40318310	0.72667065	0.47659184	0.51202319	0.45202202	0.63453103	0.38007079	0.45639373	0.46295687	0.45072635	0.47628074	0.42837733	0.53799865	0.39850078	0.39943909	0.41415499	0.46793710	0.47426496	0.45543337	0.45459132	0.45545933	0.42582319	0.39711402	0.44498241	0.56465168	0.62815958	0.52676997	0.41352178	0.52717992	0.41835531	0.53114082	0.57722777	0.41973024	0.43457064	0.44187669	0.43053627	0.49116131	0.42505618	0.40006707	0.82415666	0.44574652	0.49741961	0.46584547	0.40387981	0.43847401	0.43102614	0.45439484	0.40513889	0.47830985	0.40328627	0.42889991	0.52676331	0.50457377	0.46492982	0.52573453	0.65680692	0.47756338	0.44714676	0.59590165	0.49951825	0.50925145	0.48280876	0.45396986	0.43050358	0.53972822	0.43884790	0.49259209	0.44986059	0.55224378	0.40474668	0.45006531	0.58157241	0.38196870	0.51224861	0.56468119	0.45922077	0.47429429	0.46159091	0.43611341	0.57994505	0.44515877	0.36168084	0.48636980	0.43873794	0.42424952	0.49459556	0.47321751	0.44785652	0.54381706	0.51404339	0.41089317	0.48275633	0.48103917	0.39421288	0.44824860	0.41547122	0.64612417	0.58333413	0.45265456	0.43094116	0.53626116	0.43643814	0.50587492	0.46811631	0.41045119	0.39777237	0.37368074	0.40257526	0.49507232	0.49712976	0.41977431	0.39825319	0.46781476	0.59556227	0.40719340	0.46365519	0.45846313	0.46396461	0.39948174	0.41176051	0.45860410	0.60886296	0.43466678	0.37341692	0.51299373	0.47641889	0.45700068	0.51888477	0.41938308	0.50235875	0.49253812	0.45475028	0.48860266	0.54968285	0.41268088	0.49370658	0.37464763	0.67719180	0.43510223	0.46373507	0.39719626	0.39614638	0.45077825	0.43362395	0.37919452	0.38347147	0.39696382	0.47705100	0.41755983	0.42687566	0.34807811	0.39751205	0.50734541	0.37784676	0.38290156	0.41512366	0.59128796	0.42251926
02_194	0.57765391	0.51665603	0.62626168	0.46501958	0.77987508	0.50206915	0.46980456	0.49390918	0.68616515	0.53451605	0.46124660	0.45699352	0.51323479	0.51015184	0.66777680	0.70056065	0.46302929	0.60442496	0.71943769	0.42988055	0.47948549	0.64970300	0.50088908	0.49546921	0.80372924	0.77414889	0.68061105	0.42686204	0.50512821	0.56169832	0.44640817	0.47152951	0.58868606	0.55989010	0.48612580	0.39157202	0.46873016	0.70487204	0.52561129	0.77635681	0.40546655	0.47164617	0.59098031	0.48228802	0.43333829	0.45797116	0.46893420	0.38542116	0.49720878	0.43790081	0.60958118	0.49584233	0.46435365	0.40968648	0.48729091	0.44044911	0.64589666	0.39133336	0.74838828	0.67703568	0.42557594	0.51616336	0.52760381	0.60600829	0.38205405	0.39059812	0.48858343	0.54903575	0.44307029	0.46263842	0.54346058	0.47510566	0.60794676	0.40323264	0.40362183	0.52059911	0.47481621	0.42236403	0.59915492	0.61755192	0.70688793	0.41276785	0.46800806	0.55733133	0.45731947	0.61946756	0.60198216	0.55256604	0.57593291	0.40902475	0.37291727	0.41911860	0.73242728	0.44757366	0.54547326	0.44602691	0.44331231	0.48879761	0.42597061	0.39984369	0.37137048	0.44685343	0.66982209	0.40651690	0.39628212	0.58448332	0.49568815	0.51530999	0.46129237	0.50528097	0.61850325	0.48734653	0.39358793	0.39866873	0.57905593	0.56194164	0.38039577	0.75303099	0.64118316	0.55126597	0.51636296	0.44387178	0.49188859	0.40475829	0.47604026	0.44958142	0.39964521	0.56828706	0.44193871	0.38665201	0.39931767	0.48087874	0.55745932	0.43820859	0.43817607	0.52875351	0.36931373	0.43935012	0.41370464	0.44768101	0.39194657	0.92052427	0.38039405	0.55949947	0.42983246	0.45351068	0.40606478	0.49427949	0.37498028	0.46122817	0.45115985	0.40771428	0.53675254	0.47005347	0.59534833	0.39041330	0.40719676	0.44669068	0.47354071	0.49452514	0.39920916	0.39380402	0.53125207	0.39987984	0.42345414	0.44269979	0.47415528	0.50868164	0.49824607	0.46508099	0.50479257	0.37394818	0.74387524	0.52137646	0.45668183	0.42288455	0.45816615	0.45268214	0.49165666	0.41817163	0.36582912	0.61250877	0.51655265	0.50047611	0.42029672	0.40706807	0.42627325	0.45696135	0.42511520	0.44671795	0.43737597	0.40756635	0.42393353	0.56199744	0.45254745	0.40062315	0.62199636	0.46838312	0.50984694	0.46541597	0.45450514	0.56652317	0.49192867	0.45382668	0.45502182	0.37038674	0.46650381	0.50490365	0.42386672	0.50358347	0.45849756	0.40978525	0.52221553	0.66120687	0.42976656	0.41915402	0.45395328	0.46635429	0.41555499	0.47549215	0.39535365	0.81364239	0.43230456	0.36349155	0.40721566	0.51733519	0.38798525	0.56211923	0.47748638	0.49050804	0.48504048	0.72402536	0.36393217	0.45341865	0.45845891	0.40586046	0.40879524	0.44080381	0.53153358	0.62613580	0.41257006	0.46847939	0.42541897	0.52891920	0.50858246	0.52070751	0.36755173	0.40474266	0.38392783	0.37880064	0.63570751	0.44271330	0.39912356	0.40138784	0.58747886	0.54118212	0.45189853	0.42667199	0.51874311	0.47022167	0.37243745	0.41577627	0.40956273	0.71064164	0.45153393	0.38989418	0.49318596	0.53489822	0.49891043	0.51411672	0.49314225	0.44383470	0.64023662	0.44811900	0.64805743	0.49585209	0.49205442	0.43534659	0.40780887	0.52540368	0.48158827	0.45107692	0.44535860	0.41561032	0.54526534	0.38279939	0.37895315	0.36280420	0.40950238	0.47860462	0.41363758	0.44916326	0.32883167	0.44252826	0.46345155	0.42384553	0.42730581	0.39181014	0.44391483	0.37630241
02_285	0.71900756	0.66673693	0.66582319	0.61299691	0.53786834	0.46701103	0.48170856	0.68888392	0.53926746	0.68080682	0.64902575	0.66247549	0.72371211	0.72220342	0.59195841	0.56657960	0.49441928	0.52159916	0.62039286	0.53394007	0.67314531	0.53173876	0.69784123	0.70274534	0.60070726	0.53997479	0.59589175	0.51401829	0.65414958	0.70516177	0.48021270	0.68842755	0.56534684	0.52208664	0.49338630	0.49408175	0.45316246	0.55282931	0.51123391	0.53611267	0.52744256	0.47603021	0.51678143	0.73944873	0.58510385	0.58922794	0.66204312	0.48771704	0.73383194	0.58989011	0.51404283	0.52733148	0.65157824	0.53893753	0.66254546	0.46567713	0.52293799	0.47992062	0.52720324	0.56536496	0.53381219	0.80649933	0.64157850	0.55506848	0.46467115	0.48118604	0.50955716	0.50511848	0.55824076	0.63964840	0.51106351	0.46607164	0.71880427	0.48861433	0.51648627	0.64626497	0.53543971	0.50418147	0.52999056	0.52455502	0.64509815	0.52439268	0.62560034	0.56177923	0.52900378	0.58674294	0.62662308	0.49989063	0.71834200	0.51037444	0.46455071	0.55317897	0.59186678	0.60591065	0.53051537	0.46272859	0.61164874	0.62002914	0.56334820	0.43535418	0.44524810	0.55756914	0.54086839	0.52941141	0.46211576	0.59724231	0.45682266	0.66630632	0.56740977	0.66497562	0.50972886	0.45302304	0.49981573	0.39425263	0.50907095	0.51485707	0.42309900	0.52365244	0.50080992	0.52980939	0.48191009	0.58674418	0.48039878	0.50458224	0.52750463	0.56219314	0.51384275	0.54230766	0.42243969	0.46397476	0.49414093	0.44876238	0.72874558	0.48293257	0.43669462	0.51748672	0.38138428	0.45092132	0.52483045	0.45350374	0.46098558	0.54839998	0.45559812	0.57597188	0.55330964	0.63960303	0.49165643	0.65948969	0.42422866	0.46434502	0.51848561	0.52005667	0.49191728	0.44869083	0.60462271	0.44130072	0.43486453	0.45702511	0.52179351	0.56397846	0.47372225	0.45247101	0.51050538	0.50149389	0.40922020	0.46589070	0.60856470	0.64848631	0.61870886	0.45362760	0.53512062	0.44976665	0.52713327	0.64532411	0.44637465	0.48399497	0.41947606	0.42496637	0.51922544	0.43542583	0.42632885	0.68144456	0.46195159	0.52512027	0.54710539	0.41532443	0.47141641	0.49357149	0.51341469	0.41909651	0.58978374	0.39729749	0.43890523	0.47510458	0.55102659	0.50696469	0.52659315	0.60833573	0.46615560	0.44295643	0.64700218	0.48820899	0.63296404	0.49143658	0.48426299	0.44430961	0.50585789	0.48569784	0.56831123	0.45733104	0.58888247	0.39315065	0.45056290	0.57641099	0.41035004	0.51914635	0.60575098	0.43593298	0.49227749	0.48406387	0.49381925	0.53537335	0.43832421	0.37802858	0.48385640	0.47508062	0.47182486	0.48361757	0.45474990	0.48485199	0.57529839	0.52990904	0.43457589	0.49137603	0.58661891	0.40067497	0.49148668	0.42380923	0.56771565	0.52660517	0.53005487	0.47271332	0.52484542	0.48315054	0.49623907	0.48587322	0.43641572	0.44850687	0.38950527	0.47656242	0.49565844	0.53750245	0.49520574	0.46296746	0.50726430	0.63798395	0.43502228	0.49352763	0.49721163	0.45019524	0.42798062	0.42294164	0.47710863	0.59907032	0.41529581	0.38926464	0.61452085	0.45877394	0.45209549	0.55156107	0.46075958	0.51544948	0.49204978	0.52177829	0.51640313	0.59876965	0.45426572	0.49762619	0.40968929	0.62901894	0.50296208	0.48989049	0.43150285	0.45728728	0.48025156	0.43762621	0.43234416	0.41803349	0.41388841	0.49962697	0.49191785	0.41174150	0.38412208	0.43666179	0.52052531	0.41290652	0.42095777	0.46757809	0.57215232	0.42340441
02_39	0.66202292	0.61437807	0.67654515	0.47804248	0.62394325	0.48529184	0.50077245	0.51773391	0.66535012	0.71877206	0.60167966	0.57343077	0.57811217	0.63414498	0.74446104	0.60949235	0.49106512	0.60317615	0.59835133	0.47205219	0.49637352	0.65872840	0.60535782	0.55741789	0.61358636	0.58064867	0.63783655	0.48414849	0.52514721	0.63612791	0.43611585	0.53599600	0.56923889	0.48773295	0.47970924	0.41741949	0.43661545	0.61427099	0.51753442	0.62870312	0.44691141	0.45141650	0.55407210	0.53564528	0.51223354	0.47391605	0.58448415	0.45569916	0.59696516	0.46598444	0.58005722	0.53776859	0.62954944	0.47063434	0.61443521	0.42516480	0.51227168	0.40171088	0.52576966	0.74772284	0.43162942	0.61575068	0.51879648	0.71587305	0.44873104	0.46157720	0.44211189	0.50612982	0.49370765	0.53286062	0.64923091	0.48257453	0.67168836	0.43672194	0.46401168	0.58712244	0.55506622	0.41588406	0.54042649	0.59023477	0.66072796	0.56720851	0.55425057	0.74932501	0.48082954	0.58670362	0.57775445	0.53185103	0.71178221	0.55356616	0.40977789	0.53790212	0.58580211	0.45366841	0.46320925	0.53592606	0.48889771	0.51310724	0.49270874	0.44377515	0.43266193	0.53119986	0.69900371	0.51647714	0.47341184	0.59733016	0.45098583	0.51464210	0.64542610	0.56647317	0.48410498	0.59506329	0.43399340	0.43495194	0.66820449	0.66450288	0.40329908	0.60318392	0.57796116	0.49887094	0.49739007	0.58071333	0.47595554	0.44311965	0.54454465	0.57346726	0.52906220	0.68164979	0.43944657	0.44110082	0.51119360	0.46524453	0.69252741	0.52907894	0.51325526	0.57915716	0.38175904	0.43788181	0.49105917	0.45130069	0.42353393	0.56486995	0.49985661	0.48247016	0.56766252	0.59058493	0.51241288	0.51899228	0.45814746	0.47233124	0.48899979	0.54069589	0.59030305	0.55672255	0.78141020	0.46278145	0.47364697	0.57581664	0.56189457	0.66779150	0.45923924	0.39783071	0.60113040	0.51679092	0.45264873	0.46626288	0.54521033	0.56571410	0.74275564	0.52201089	0.50124255	0.43796286	0.61401012	0.56005828	0.53741102	0.54800441	0.43515158	0.45848179	0.50018828	0.45373683	0.41363137	0.55211922	0.60658475	0.47892399	0.55829103	0.42938730	0.46844123	0.59991386	0.52722749	0.47395017	0.58988867	0.39933450	0.45448761	0.49469943	0.47838572	0.45571363	0.54273737	0.47400562	0.51498081	0.45971555	0.48139536	0.53453101	0.64026879	0.48659408	0.56342748	0.40814776	0.46409029	0.54816198	0.49115074	0.46842020	0.53087233	0.38901107	0.53824868	0.61455869	0.50881518	0.45098459	0.47602127	0.39946548	0.47681395	0.48206176	0.48683901	0.55160317	0.40975015	0.37938880	0.42752741	0.59735896	0.44103432	0.52112061	0.46668826	0.49060404	0.55264862	0.61633414	0.40059508	0.52750989	0.61131168	0.42373281	0.49976323	0.44601140	0.47306870	0.51044547	0.50086712	0.58182184	0.43480676	0.58550956	0.48744862	0.53264807	0.41247144	0.51507888	0.38673119	0.43648645	0.56499623	0.50775732	0.52010853	0.46757143	0.62123239	0.56051268	0.50035903	0.46590837	0.55727204	0.45853005	0.41144260	0.45726318	0.45329606	0.56074571	0.42277645	0.39589123	0.56067035	0.48194191	0.46035353	0.55607927	0.54544078	0.45895821	0.52302403	0.52256855	0.56914842	0.51035331	0.53539498	0.44591753	0.42982922	0.48275164	0.52019767	0.48199094	0.50958848	0.47106508	0.54747003	0.39532619	0.44376326	0.38606939	0.38939318	0.47149125	0.51219789	0.41221627	0.36207322	0.46324614	0.47886454	0.44690016	0.48479300	0.44792584	0.42827785	0.37995182
02_113	0.47284570	0.56422782	0.48777427	0.38176160	0.53256765	0.63535877	0.66631568	0.40194575	0.58735458	0.50944019	0.45682998	0.48491029	0.42906076	0.45864750	0.56379224	0.55810588	0.62235124	0.53961571	0.50311803	0.49767108	0.39848814	0.59840620	0.45049875	0.41367671	0.49387390	0.49144560	0.48731207	0.54807764	0.45973810	0.45957833	0.47894852	0.41625004	0.51896399	0.54432985	0.58772770	0.42913679	0.52468199	0.55608547	0.61536273	0.52074056	0.46637777	0.57037488	0.51952071	0.42329286	0.48336627	0.37611245	0.48296241	0.48563539	0.51132959	0.40430627	0.48733707	0.71198265	0.44928025	0.41745523	0.54064627	0.49517079	0.47191739	0.38799911	0.46102597	0.56655122	0.42617857	0.45861501	0.40948459	0.60498215	0.46245200	0.44235244	0.47267978	0.51682315	0.39439614	0.42461821	0.60035721	0.71126414	0.52479877	0.46275755	0.46447392	0.42507401	0.49183419	0.41435597	0.57736326	0.51080232	0.49738621	0.43571655	0.40320775	0.49479787	0.47328005	0.52158100	0.47695693	0.50136782	0.51983722	0.41404708	0.43122669	0.42718081	0.48601306	0.40890172	0.46552813	0.50518635	0.41078412	0.50175260	0.41910719	0.50900638	0.36177176	0.40290184	0.51682731	0.46931636	0.52425916	0.51720895	0.53857966	0.40330505	0.49794385	0.42265117	0.42282467	0.51696224	0.46367222	0.48167620	0.59656385	0.52519088	0.39869572	0.51060515	0.46121165	0.41486093	0.49841602	0.46875650	0.40276765	0.42501529	0.70104668	0.40660373	0.45269990	0.60122148	0.38618273	0.41341930	0.43006190	0.54526641	0.46596919	0.42643150	0.57262106	0.53213706	0.40783144	0.55728598	0.38853014	0.37412108	0.34406384	0.49063508	0.39203923	0.40492662	0.41577324	0.45243991	0.39041177	0.41865154	0.45465632	0.48821129	0.54807831	0.42128850	0.47489999	0.45142003	0.53460510	0.48156289	0.47543826	0.47490753	0.57911549	0.53418475	0.37095703	0.39151612	0.70324537	0.46171560	0.41399812	0.46370317	0.41612345	0.42008509	0.48768007	0.78227154	0.44997078	0.36424811	0.52106254	0.47512602	0.47254690	0.41672508	0.38055631	0.40667969	0.47237998	0.39789711	0.38244092	0.43365140	0.48687758	0.55950454	0.42650778	0.42224565	0.47156244	0.52527264	0.42542960	0.46268489	0.45332921	0.40830284	0.39438527	0.41428529	0.46117336	0.38474820	0.50893616	0.37614563	0.42117468	0.41816500	0.41604160	0.44965643	0.49631888	0.39964733	0.41675508	0.36377480	0.37529599	0.70712836	0.41393318	0.52204073	0.39291141	0.38972028	0.43486113	0.46500396	0.45106826	0.36412776	0.42596684	0.44056725	0.36395637	0.49631269	0.39421940	0.46831657	0.42377694	0.40759514	0.37783353	0.52961056	0.41933647	0.51089403	0.38941608	0.62393517	0.40170628	0.53640075	0.36784995	0.38967281	0.46808784	0.42221758	0.37825650	0.41611303	0.40367119	0.42666830	0.44029094	0.45807096	0.36321141	0.56886060	0.43885291	0.46624750	0.34959322	0.42368038	0.43184262	0.47045346	0.47202207	0.39274089	0.41150033	0.52392323	0.53726344	0.42337813	0.44365329	0.38955784	0.50932256	0.37844247	0.37053045	0.40812422	0.35309174	0.47015246	0.37461750	0.41997362	0.46860269	0.40414619	0.41101568	0.41585657	0.50976960	0.37720232	0.45348329	0.43455373	0.51723636	0.40394840	0.49595716	0.35748135	0.49783628	0.39809259	0.58750134	0.38258912	0.43547759	0.51517496	0.47052127	0.32810230	0.41286072	0.38215663	0.46222594	0.45073097	0.42101794	0.36705012	0.35793973	0.50037324	0.43778681	0.48581532	0.44016538	0.38980619	0.37752315	0.32278369
02_70	0.48865466	0.49265913	0.48287323	0.48006796	0.48064766	0.42076214	0.44004506	0.45981616	0.55614791	0.53344760	0.50520329	0.48109596	0.46523071	0.48960254	0.52608677	0.60609346	0.43070920	0.66313182	0.58209877	0.41946209	0.49669519	0.56202546	0.45835502	0.45992003	0.50119301	0.52584191	0.46233020	0.43110337	0.62346084	0.47154681	0.46367327	0.54838115	0.73339920	0.47771401	0.44482070	0.45276093	0.46279424	0.60315943	0.43356781	0.47498614	0.44085155	0.47384781	0.69043585	0.52380717	0.43741935	0.47118342	0.48483950	0.41953279	0.54794149	0.49307232	0.57883947	0.49522347	0.49737187	0.53061143	0.49916268	0.47981584	0.57762901	0.39976528	0.49925474	0.52315178	0.40794393	0.55503870	0.51320778	0.55523954	0.44201728	0.39898074	0.44765473	0.60755993	0.54904573	0.60566276	0.59637446	0.49756274	0.57817463	0.47284502	0.40759436	0.43816110	0.46123168	0.42157055	0.63031243	0.62789147	0.55930604	0.49925002	0.47447969	0.51722771	0.39872794	0.44425840	0.66148984	0.71108476	0.63140758	0.47446844	0.46393004	0.56895588	0.56525683	0.48095962	0.47429722	0.44989282	0.58028286	0.54943285	0.62050882	0.47164515	0.48900920	0.41473710	0.48743572	0.45138020	0.43495370	0.75144881	0.39777739	0.47053112	0.55308515	0.43627145	0.48980694	0.52464666	0.49210200	0.40930855	0.55120420	0.57569086	0.41453825	0.46118861	0.46239943	0.52052303	0.70282802	0.53081087	0.52361743	0.41742157	0.52581679	0.43969071	0.48405318	0.57318758	0.49135716	0.52087352	0.44630586	0.39845461	0.50249542	0.54011347	0.48018790	0.73269640	0.42666213	0.48940942	0.52094326	0.46349622	0.43691975	0.49813287	0.44393256	0.49240624	0.48132154	0.53855322	0.43069222	0.57671761	0.42729220	0.49277380	0.42126509	0.52612473	0.53225292	0.48235733	0.57079381	0.42057028	0.46237552	0.51115158	0.61851315	0.57029874	0.48957430	0.41556877	0.55284269	0.47883444	0.52326556	0.38697347	0.41945485	0.52224936	0.54584849	0.48926581	0.73092134	0.48805554	0.46068678	0.69840454	0.55696976	0.46687818	0.45699813	0.50438436	0.77073381	0.55028523	0.35544701	0.48715897	0.48244862	0.45353117	0.52656419	0.37146006	0.46788936	0.52149162	0.57446820	0.40031681	0.49937081	0.41138199	0.52897473	0.46605257	0.40088431	0.55971768	0.63652238	0.45728253	0.47890141	0.57259224	0.54177216	0.52040047	0.52815117	0.53178647	0.44179775	0.44328572	0.46786801	0.55103093	0.58962964	0.40043829	0.44283313	0.39629662	0.43152441	0.44650844	0.46304195	0.47716641	0.44360977	0.40442797	0.41705130	0.60752944	0.51230304	0.46841932	0.41186501	0.42826507	0.41169325	0.55596138	0.37936834	0.42813338	0.43160322	0.43569116	0.42259045	0.48030534	0.44354109	0.40904247	0.55181323	0.36237981	0.42740350	0.56041360	0.50224879	0.48420540	0.53843624	0.47994282	0.43574574	0.53214961	0.64929925	0.58134430	0.46764893	0.45981578	0.43799871	0.41666556	0.43653261	0.44236301	0.46471558	0.43651273	0.51757492	0.43673095	0.50706693	0.53140985	0.44781883	0.43059839	0.47927588	0.55348765	0.39685975	0.49688685	0.44809427	0.42157006	0.58664789	0.43179070	0.49875685	0.43083367	0.51924197	0.47254233	0.42000811	0.52652117	0.48280841	0.41090861	0.48520988	0.41666579	0.42261808	0.47181177	0.49116280	0.39545768	0.44642502	0.43786748	0.45117056	0.38662524	0.40362120	0.43913547	0.45365489	0.68565560	0.46304366	0.43329575	0.37804995	0.47928792	0.73898225	0.41047386	0.45593737	0.44433412	0.44486395	0.38117157
02_45	0.58734970	0.59174729	0.54513679	0.52719579	0.45981937	0.41393296	0.44169267	0.56224813	0.49151790	0.67563958	0.77149751	0.68620709	0.59616538	0.66331577	0.52867990	0.49316333	0.45103479	0.48627715	0.51585493	0.48632675	0.57953865	0.49545911	0.60533704	0.58208853	0.48732072	0.45413107	0.49004181	0.49036351	0.58978481	0.57602358	0.42657907	0.65329278	0.53310851	0.43983531	0.43364627	0.47279059	0.40445440	0.49646475	0.44304329	0.45705204	0.50564497	0.43017395	0.48216372	0.64044118	0.55315171	0.50870572	0.60173800	0.50035661	0.66385619	0.52735590	0.45673952	0.48872287	0.70416912	0.54468859	0.65282798	0.42611383	0.45592294	0.42549227	0.43804058	0.50474642	0.45957748	0.74126896	0.52269131	0.52955624	0.46446309	0.45581189	0.42995430	0.45449080	0.53539848	0.66016036	0.51573153	0.44136262	0.57542359	0.46834314	0.48815666	0.53296196	0.47370364	0.43614764	0.48370649	0.47481212	0.52508850	0.61060127	0.55443408	0.50875593	0.45050405	0.47266302	0.54485525	0.47490781	0.67371490	0.54809799	0.47366711	0.65681355	0.49039758	0.52926576	0.43683257	0.43448896	0.65887052	0.54682368	0.66091169	0.42617273	0.46503116	0.48924359	0.46804011	0.54194395	0.46226831	0.56445112	0.39347030	0.52825685	0.66208543	0.55934013	0.42480630	0.44672657	0.51879688	0.37212260	0.49218104	0.48206204	0.39165878	0.44660684	0.42564105	0.44914236	0.47518008	0.76669496	0.42921449	0.45449453	0.52152058	0.52333154	0.56628807	0.53967582	0.39132930	0.47447669	0.49796984	0.39157132	0.60210351	0.47679835	0.42810888	0.51925160	0.36362327	0.42599023	0.53570526	0.40717758	0.43162619	0.45514001	0.48860120	0.46922598	0.57321553	0.82116865	0.47716289	0.59433654	0.42830295	0.42035002	0.46713332	0.59571250	0.45208831	0.42691645	0.55538391	0.42857994	0.42321131	0.46541485	0.52080930	0.61975639	0.46796771	0.40483438	0.50732821	0.53790885	0.40163232	0.40483405	0.51082576	0.55271477	0.62859532	0.44396991	0.51520384	0.47059349	0.44667213	0.64856908	0.44455460	0.48514224	0.37798413	0.39677558	0.52677979	0.42895298	0.39210034	0.51914741	0.43073284	0.45288598	0.62322602	0.36976973	0.43798268	0.50425267	0.55254145	0.37778315	0.66541278	0.35824822	0.42542696	0.40527586	0.46854789	0.54551128	0.48074702	0.50979700	0.41488546	0.41920125	0.61892779	0.43138126	0.70882099	0.46001863	0.45154551	0.42906462	0.44035692	0.47457721	0.66670944	0.39202406	0.51587584	0.34944884	0.40048834	0.47097102	0.40753942	0.48502299	0.50508622	0.37296263	0.45163885	0.45967053	0.53769967	0.43987982	0.38145350	0.36590449	0.42450995	0.46487195	0.43469082	0.40770915	0.39566083	0.43300134	0.49168500	0.46430308	0.42641606	0.43722318	0.67270698	0.35699150	0.47501763	0.41218579	0.46996589	0.43554864	0.57215199	0.45823592	0.45786675	0.48193546	0.46289464	0.45539927	0.44713483	0.46331934	0.37114351	0.50099265	0.42240716	0.48509101	0.55099393	0.46621843	0.47300606	0.51803495	0.42532621	0.48412278	0.44138215	0.39567767	0.43333467	0.42083211	0.43333271	0.48933332	0.37379072	0.36596416	0.64947385	0.39500565	0.40918552	0.47229949	0.45350111	0.46620423	0.41807055	0.52822388	0.46245643	0.50602676	0.44460066	0.43774315	0.39193985	0.50907069	0.49564560	0.43040055	0.41800431	0.45324374	0.43271400	0.39963314	0.43051407	0.41640009	0.39115148	0.50237597	0.52655697	0.36988582	0.38583811	0.42315288	0.53154234	0.38989603	0.41855096	0.46494976	0.48915065	0.38651419
02_176	0.55249042	0.51611062	0.52036342	0.62894861	0.44527379	0.39261678	0.41502128	0.58481632	0.45700277	0.55054151	0.56898381	0.54838291	0.58142596	0.57745136	0.48321360	0.48589615	0.41544526	0.48399358	0.50834725	0.45319661	0.60461880	0.45159704	0.56536729	0.61376326	0.48553386	0.47623348	0.48090841	0.44036755	0.59222530	0.54814102	0.44261453	0.71950155	0.49375897	0.43482415	0.42224343	0.47205184	0.40612266	0.46727820	0.42018194	0.44899304	0.46862954	0.41108811	0.47186565	0.68462234	0.50245003	0.64277814	0.61223697	0.44385916	0.60860265	0.62088657	0.50245774	0.44563567	0.62655848	0.62384053	0.52880138	0.41966137	0.46016179	0.46858460	0.45603543	0.47843730	0.46038484	0.64207848	0.61982009	0.46733017	0.47603134	0.47961863	0.43444170	0.46838662	0.72404522	0.70242298	0.45770445	0.40587535	0.60111010	0.47520358	0.46767335	0.55901917	0.54102649	0.46271579	0.45406312	0.49722625	0.54746180	0.58515902	0.77018751	0.56536445	0.45051554	0.46962035	0.56366753	0.47032231	0.59051926	0.62720664	0.45743894	0.65445964	0.51005279	0.54249228	0.45403182	0.47689044	0.59842708	0.54410426	0.58814794	0.43364555	0.58266269	0.59418329	0.48480136	0.53848803	0.44504928	0.52679363	0.38461768	0.59244814	0.54801026	0.54285750	0.46584879	0.45748324	0.46309295	0.39790600	0.45336168	0.51201092	0.45559527	0.43700047	0.47505937	0.53453020	0.43941632	0.53623896	0.52492490	0.50215734	0.45365183	0.64710451	0.56972438	0.46431847	0.47018387	0.53374051	0.57341450	0.39438418	0.62460838	0.59131620	0.43179100	0.48868813	0.39903977	0.40711057	0.73892089	0.52697758	0.60010665	0.45529763	0.55816154	0.51650585	0.69039966	0.61399014	0.62474903	0.65756650	0.45552867	0.46648673	0.43821651	0.63510719	0.51288695	0.48786212	0.55406454	0.45048397	0.46380618	0.49006163	0.50980252	0.51317955	0.64267341	0.46047323	0.43787421	0.54594172	0.44825476	0.43654958	0.57506239	0.75778304	0.63033342	0.40885873	0.51944896	0.59019392	0.44600856	0.56294184	0.47912862	0.58519703	0.45500461	0.46661648	0.48392587	0.50438876	0.44613589	0.54729544	0.47086323	0.43395838	0.66374820	0.41805433	0.48940730	0.50484218	0.62506789	0.41997491	0.61379105	0.40890736	0.50986539	0.47811701	0.46383758	0.61108892	0.46547736	0.61729094	0.50395851	0.47028113	0.59058180	0.49554514	0.53530942	0.58939807	0.55462289	0.54190952	0.58263663	0.43258043	0.59849151	0.40086676	0.69210274	0.40237304	0.45882540	0.48798895	0.43362306	0.66612223	0.55701710	0.38387904	0.62954657	0.47550105	0.63193565	0.45518966	0.42433035	0.39541272	0.53440457	0.46443145	0.46493258	0.43615216	0.49431261	0.41248772	0.58612342	0.43937129	0.51475693	0.55226713	0.59484695	0.39898310	0.62505975	0.44866282	0.53338925	0.49401714	0.59760378	0.50571727	0.59237931	0.43057235	0.49971600	0.49666351	0.55327494	0.50810306	0.39029466	0.42693716	0.44775043	0.64881069	0.55845039	0.43419761	0.45964931	0.53623904	0.46174508	0.59043019	0.46946306	0.49314357	0.50676279	0.48026006	0.57215433	0.48461771	0.44629280	0.39953093	0.54951221	0.46080083	0.46147411	0.54307210	0.44354481	0.59609230	0.42338207	0.56186342	0.43358308	0.49844410	0.42928684	0.56090120	0.39332595	0.53703468	0.43071511	0.51036302	0.45061396	0.42773173	0.45108863	0.51235025	0.45567309	0.44313485	0.37947674	0.46466730	0.51649266	0.43356956	0.41375550	0.41963919	0.50524481	0.39601723	0.43397201	0.53333164	0.51837069	0.48271424
02_35	0.78526044	0.60349808	0.75342278	0.60525601	0.58451322	0.45907100	0.46049821	0.69785344	0.54986882	0.64250823	0.58393416	0.57726045	0.75373105	0.69599443	0.61442692	0.56913816	0.46681946	0.52053829	0.63122425	0.48918836	0.62629275	0.53426833	0.70405744	0.74376811	0.66816491	0.58653131	0.68589772	0.46878994	0.57491613	0.78056205	0.45218505	0.62161248	0.53224606	0.50701901	0.47284913	0.44061581	0.43356915	0.55243746	0.50227065	0.59084183	0.46551534	0.44377993	0.50481344	0.65326987	0.52952166	0.59607229	0.61149753	0.43887641	0.61979675	0.54187856	0.54034540	0.48907554	0.61553319	0.48789864	0.58210853	0.42926671	0.52473138	0.45491151	0.56789409	0.59843205	0.49484549	0.68864331	0.66277287	0.55146099	0.42981571	0.46275485	0.48513258	0.48907976	0.53815968	0.56985523	0.49632709	0.43501920	0.70958071	0.44163836	0.47533015	0.76111365	0.54388157	0.47140763	0.50234620	0.53394607	0.70913584	0.49693572	0.66521057	0.61522337	0.52336567	0.63221261	0.60525110	0.48515780	0.65387548	0.50496475	0.41144950	0.50552742	0.62319357	0.53933933	0.51855122	0.46955806	0.52822631	0.54440481	0.49282330	0.40870813	0.42964503	0.61073056	0.60881767	0.49056361	0.43046460	0.55684750	0.45426373	0.70520321	0.52571652	0.71392095	0.54493704	0.46209428	0.43273656	0.39305648	0.50862871	0.53351260	0.41221663	0.57875899	0.57006337	0.56127212	0.45407061	0.52107539	0.49787912	0.47948139	0.47663929	0.60778985	0.47903473	0.52489631	0.43508869	0.43064492	0.48155080	0.45269872	0.80667902	0.48540155	0.42716427	0.49114995	0.36894602	0.41593520	0.50517153	0.47958169	0.47008925	0.58912488	0.45189603	0.59747525	0.54680985	0.56363928	0.51174507	0.59863765	0.40994044	0.45726321	0.48539275	0.49240324	0.51764897	0.47291629	0.61516970	0.42630251	0.42475495	0.45962085	0.48506545	0.52559503	0.47098484	0.43463093	0.48197129	0.46647138	0.40863668	0.47709963	0.66757509	0.67379965	0.61423676	0.43357049	0.49836927	0.43355424	0.58059374	0.56126894	0.44761114	0.49387898	0.44135433	0.43672314	0.47327483	0.43027464	0.43072873	0.75313793	0.49558869	0.49050918	0.51512610	0.42969667	0.45397659	0.47986636	0.48583346	0.43922616	0.54369677	0.40033905	0.43697569	0.52579762	0.53107908	0.46439464	0.51192111	0.61678570	0.50469221	0.44080916	0.54909471	0.51769697	0.56954643	0.49453451	0.52554053	0.42937115	0.53334879	0.45741532	0.49541459	0.46652346	0.63428527	0.39984880	0.50047494	0.67675623	0.41844576	0.51084678	0.56455209	0.42825953	0.52615362	0.45498065	0.46685787	0.59165383	0.43380655	0.36239553	0.48640590	0.47554065	0.45808554	0.51934223	0.49439379	0.46462056	0.65779069	0.55646873	0.41260846	0.56029215	0.53784160	0.41878877	0.50963006	0.41599255	0.56846561	0.57251169	0.47805670	0.48819252	0.52244094	0.46921692	0.48282627	0.48600894	0.41930888	0.44528478	0.37117704	0.42067470	0.55002245	0.55762913	0.47210012	0.42530287	0.51403761	0.70314329	0.43615676	0.47427563	0.51223302	0.48587853	0.40658880	0.41926608	0.50722311	0.61961923	0.43284413	0.37943822	0.53959772	0.50243981	0.45936926	0.61318201	0.45320688	0.51169799	0.53367470	0.49274809	0.52237743	0.61859841	0.44965073	0.51921846	0.39237382	0.61566456	0.46075049	0.52714827	0.44131255	0.42569224	0.50092443	0.44666795	0.41633287	0.38582226	0.38236821	0.45587160	0.46677259	0.42634679	0.35957098	0.41602666	0.47405348	0.40472089	0.41814006	0.44540953	0.52696640	0.42784510
02_239	0.48860952	0.49303819	0.50206453	0.41697418	0.54998510	0.46134518	0.47531026	0.42000640	0.66844734	0.53363210	0.47500486	0.45735368	0.44338256	0.47316060	0.59819498	0.63911273	0.45096627	0.75755577	0.56137146	0.41050755	0.42645107	0.67984549	0.45045009	0.43367977	0.52574801	0.56692848	0.49794459	0.43071511	0.49669836	0.47153937	0.43583872	0.46197296	0.63004342	0.47566340	0.45872548	0.39806854	0.45746736	0.65373293	0.46764982	0.54806695	0.40477877	0.46306247	0.67199388	0.45240806	0.42389976	0.41451618	0.46902966	0.40792608	0.50024796	0.42244623	0.63858996	0.51787060	0.48093576	0.44764514	0.49193952	0.44228661	0.54588835	0.36696274	0.51000916	0.62211551	0.38050872	0.49576909	0.45611190	0.65351438	0.42822184	0.40163575	0.42281556	0.57702729	0.46346767	0.48639707	0.75611222	0.52240502	0.56387115	0.42827051	0.40081013	0.44022945	0.48747546	0.38588341	0.61791662	0.69402714	0.56711394	0.49235176	0.44833533	0.59881004	0.40432460	0.47750143	0.57157182	0.66346703	0.59604663	0.47439050	0.40561359	0.49532869	0.56193543	0.40855309	0.44846800	0.51581667	0.45399585	0.48321829	0.47692734	0.47232081	0.43089956	0.41808712	0.58198355	0.44613655	0.44961870	0.64120088	0.42519269	0.42915640	0.56079462	0.42981079	0.47454861	0.72193953	0.42421791	0.45884954	0.74190553	0.74568158	0.40075084	0.52498947	0.53427877	0.48718415	0.61230518	0.49756813	0.49527180	0.39693592	0.54270488	0.44767971	0.47110275	0.67672966	0.48372951	0.45378902	0.45217396	0.43958068	0.50708550	0.54040820	0.57349130	0.75371525	0.41769030	0.47602734	0.45935475	0.44940620	0.39684327	0.53268915	0.45299040	0.44399870	0.47589888	0.49403247	0.43556307	0.47629934	0.45101437	0.49974341	0.43259292	0.49029728	0.63852629	0.58558934	0.66229232	0.44151419	0.49795673	0.62267884	0.61521985	0.61093208	0.44333651	0.38251881	0.65495469	0.47599199	0.55208116	0.41386700	0.42131911	0.48485670	0.56224988	0.56996635	0.55185510	0.43480021	0.53953458	0.54674707	0.66515362	0.49755715	0.46619242	0.52223300	0.57138315	0.51241272	0.36300708	0.46367529	0.61871025	0.45441955	0.49447843	0.40088066	0.47111289	0.61150514	0.52692113	0.46571842	0.48913661	0.41909701	0.50493034	0.48801857	0.40142297	0.45155468	0.62867597	0.40933742	0.52436355	0.54315440	0.43912225	0.57420781	0.52371928	0.49840154	0.49043414	0.39690485	0.43771656	0.64498437	0.47026670	0.44188773	0.43238959	0.40338947	0.51548680	0.49041662	0.58418416	0.41988565	0.41355821	0.39842281	0.41300130	0.56269076	0.46801347	0.50900880	0.40767701	0.42095033	0.38871187	0.77383862	0.38404687	0.48024217	0.45277898	0.47312416	0.43446835	0.56587602	0.39901696	0.43446714	0.53903934	0.39702475	0.43268334	0.54597399	0.44854091	0.49265547	0.48610940	0.57596446	0.39449340	0.67097904	0.55469779	0.63487784	0.41445702	0.50634360	0.43306891	0.40274937	0.51374989	0.43995250	0.46767294	0.45460193	0.66142277	0.44350311	0.59349247	0.47501327	0.52410486	0.44911173	0.43266523	0.53481872	0.39624134	0.51053381	0.45390928	0.43686226	0.53322397	0.47329820	0.51125992	0.45985885	0.65516513	0.43729491	0.47608945	0.52035159	0.55900934	0.41172183	0.60296422	0.40326728	0.46527849	0.42818097	0.53151459	0.41701644	0.53735026	0.47119262	0.53927876	0.36855728	0.42667910	0.40325461	0.42931822	0.53518530	0.47766478	0.43998820	0.36331366	0.53107944	0.51455169	0.47196347	0.53930130	0.43402554	0.38765671	0.36083738
02_280	0.52187097	0.51064442	0.52977242	0.47762086	0.56244141	0.45909984	0.46138179	0.47368857	0.65540538	0.54687952	0.49112887	0.47429986	0.48183578	0.49988919	0.59482891	0.74095250	0.45181903	0.75040678	0.69938229	0.42617161	0.49913203	0.65509563	0.47113886	0.46989481	0.58608142	0.62070914	0.52023777	0.43457690	0.60438700	0.50188884	0.47225448	0.52113142	0.94483262	0.53312891	0.47279631	0.43333102	0.48971730	0.76214642	0.47277757	0.55210732	0.43165564	0.50103726	0.82800071	0.51305376	0.43560950	0.46644247	0.47594072	0.40701818	0.53711442	0.47329625	0.63081969	0.51667241	0.48158997	0.47402558	0.50254644	0.48972012	0.70472933	0.39657725	0.59291277	0.59118268	0.41748015	0.55222667	0.52861611	0.61606090	0.41517701	0.38998765	0.48015446	0.65750652	0.50176509	0.54705988	0.62809539	0.52240923	0.61248872	0.45012714	0.40457983	0.45878016	0.46162087	0.42772688	0.76619638	0.70398733	0.63301371	0.45547636	0.46426122	0.53024323	0.41658649	0.49344571	0.72385433	0.77819454	0.65034216	0.43669692	0.42981209	0.49324147	0.66997227	0.47834589	0.52371253	0.44497480	0.53197652	0.54572299	0.53248086	0.44823723	0.42779545	0.41524199	0.54113318	0.42802146	0.42004042	0.84665293	0.43697550	0.48929073	0.51928891	0.45625595	0.55570991	0.52169385	0.45974535	0.40644276	0.60286229	0.59229843	0.39960285	0.53516730	0.51158332	0.55031070	0.75982723	0.50104872	0.52469630	0.40970710	0.53065474	0.43235608	0.44040550	0.62131852	0.47988750	0.45669658	0.41800957	0.42906277	0.52142528	0.49014676	0.47096527	0.72053900	0.40838972	0.49759113	0.46615795	0.45702176	0.41236053	0.60155879	0.40704624	0.53600702	0.45126895	0.50567317	0.40905121	0.56038837	0.40087952	0.49126876	0.43633826	0.46388927	0.54469960	0.47634539	0.60129268	0.40526622	0.43897632	0.48529574	0.57088779	0.55836573	0.44258479	0.40906314	0.59203633	0.43959946	0.49062399	0.40139115	0.42934056	0.51707334	0.52542451	0.50117410	0.69143496	0.42882985	0.53085200	0.67760659	0.52249426	0.43991070	0.46471474	0.49368260	0.71374444	0.49448516	0.35130929	0.53636420	0.49622189	0.48780893	0.47213463	0.37858261	0.45314636	0.49816697	0.50037909	0.41306261	0.47013906	0.41404528	0.48746608	0.50293689	0.41721503	0.48338316	0.80277450	0.46249114	0.49188433	0.55383294	0.52037600	0.55543344	0.52743200	0.50190098	0.43664938	0.40713071	0.46770039	0.57586116	0.51790665	0.43621506	0.43964867	0.40499131	0.45624516	0.49810169	0.45247864	0.45082451	0.44805860	0.44083854	0.40612490	0.58778236	0.45232695	0.55036571	0.42522407	0.40718923	0.40503367	0.56787858	0.37690590	0.46816626	0.44472910	0.46756519	0.43398532	0.56182286	0.40585671	0.41232009	0.51517807	0.37199141	0.40974160	0.53259236	0.53468036	0.54175595	0.47967082	0.47425109	0.43009537	0.57297381	0.64483662	0.59038543	0.41886283	0.43175167	0.42830393	0.40611329	0.48861275	0.43458202	0.43163301	0.42720069	0.57002648	0.46701203	0.49532234	0.48872006	0.47313046	0.44294817	0.43071130	0.49515715	0.39260309	0.58036100	0.45796509	0.41645183	0.57691649	0.46555624	0.52283062	0.45136281	0.53456004	0.46324854	0.47906627	0.49967603	0.56098167	0.43692858	0.50888153	0.41962208	0.42662491	0.50475349	0.51554227	0.40696089	0.44795524	0.43673265	0.48870885	0.38083981	0.39100943	0.41153929	0.46408234	0.66697149	0.44280479	0.44889369	0.35665749	0.48485933	0.63915288	0.42209350	0.45123519	0.42031283	0.45408691	0.37686153
02_314	0.56899182	0.56033423	0.53884296	0.55361296	0.47516681	0.41645059	0.44389358	0.54686934	0.51992184	0.63554125	0.64916941	0.59586757	0.56403578	0.60607734	0.54002467	0.54184081	0.44370006	0.55214153	0.55648313	0.46397576	0.58318003	0.52178579	0.55977254	0.56260141	0.50733838	0.49518836	0.49317949	0.46848816	0.65412476	0.55280291	0.45124283	0.69627900	0.59537396	0.45770608	0.44231336	0.48054567	0.42807234	0.53630131	0.44197230	0.47364261	0.48693683	0.44541129	0.54528040	0.65207642	0.51237924	0.54152326	0.59215753	0.47049634	0.66103364	0.56081442	0.52210069	0.49438200	0.65197949	0.60311135	0.59212211	0.44851543	0.50167923	0.43349569	0.47090112	0.52625092	0.44813636	0.71539787	0.56632747	0.54561537	0.47893627	0.45307831	0.44304343	0.51109738	0.62419164	0.76794283	0.54925357	0.45743383	0.62782884	0.48886447	0.46504188	0.51906580	0.50429349	0.44522390	0.52646756	0.54313189	0.57069274	0.62387611	0.58629733	0.55914116	0.43892625	0.47335128	0.62372111	0.54327947	0.72444477	0.58303665	0.48462983	0.74035525	0.53803962	0.53412361	0.46059368	0.46776626	0.68846792	0.57721778	0.73075153	0.45708607	0.53248731	0.49484989	0.49706345	0.53483523	0.46579664	0.64223002	0.39653213	0.53967006	0.66286591	0.52333249	0.46355327	0.49591952	0.51600679	0.39931678	0.52226738	0.54733058	0.42382604	0.45964836	0.46198196	0.50672624	0.52727949	0.66255754	0.49554576	0.46353885	0.52548766	0.53812231	0.58199689	0.55676599	0.45111001	0.53520725	0.52365539	0.40003012	0.60838681	0.56053742	0.46217683	0.59258980	0.39935827	0.44825221	0.61872704	0.46390242	0.48091267	0.48020015	0.52167404	0.50204220	0.60825240	0.72949208	0.51003394	0.66215939	0.45342477	0.46625540	0.45375026	0.65491170	0.51521974	0.48005912	0.60716184	0.44629057	0.46413195	0.51812204	0.58321537	0.62887897	0.53948941	0.42920456	0.52121083	0.55819420	0.46364724	0.41332537	0.50203327	0.61734718	0.67141821	0.46103217	0.59926910	0.53773880	0.46308775	0.71957611	0.51131715	0.53391596	0.42892525	0.45789297	0.59480923	0.50478769	0.39751208	0.53375858	0.47578256	0.45702972	0.67792560	0.38787631	0.47713452	0.54767754	0.65166474	0.40405820	0.64649503	0.39259442	0.49777852	0.45093347	0.45033448	0.62647980	0.53300724	0.52948924	0.47013182	0.48779066	0.62902427	0.48979876	0.63991569	0.53884437	0.49167990	0.47484281	0.49390379	0.50200596	0.71971526	0.40247689	0.53764944	0.38132885	0.43652282	0.48081912	0.45000832	0.54100755	0.50832080	0.38809554	0.48577830	0.52192137	0.60648211	0.46355096	0.40717859	0.40101769	0.45188632	0.51641360	0.43050758	0.42904799	0.43919875	0.43725151	0.50005273	0.47670535	0.46983700	0.46354331	0.69458458	0.37402438	0.50775491	0.47602971	0.51154126	0.47728566	0.62842625	0.50438953	0.48950329	0.50299707	0.53930222	0.52488109	0.50478952	0.50377055	0.40363864	0.46437516	0.44457630	0.51996416	0.56443774	0.46497612	0.50514473	0.50783391	0.48034896	0.56012592	0.46621978	0.43945827	0.48968248	0.49334573	0.45848411	0.50759699	0.42190751	0.39974483	0.66767424	0.43196072	0.46151198	0.48961531	0.49251214	0.51718284	0.42902982	0.58298941	0.47555293	0.47968361	0.47240318	0.46766138	0.41233113	0.52003928	0.49431413	0.44649916	0.45447790	0.45824945	0.45906033	0.42768919	0.44462224	0.44652394	0.41206080	0.55761842	0.53789605	0.41264405	0.40187923	0.45429446	0.60656942	0.40865053	0.45396611	0.49845265	0.49285896	0.41366791
02_122	0.47168255	0.47658367	0.44990635	0.52661168	0.40450338	0.37560951	0.40573420	0.48239852	0.43218249	0.50052722	0.52515262	0.50860543	0.48269057	0.49819011	0.44307390	0.45968984	0.40200358	0.47674228	0.46277602	0.43098173	0.51585379	0.43144835	0.48070706	0.49775940	0.42965920	0.43407500	0.42010099	0.43054969	0.56691061	0.46454164	0.43906624	0.61677516	0.48566458	0.41142090	0.40761424	0.48349847	0.40330787	0.44380888	0.39527773	0.40591172	0.46368388	0.40876959	0.46780720	0.57701455	0.47080630	0.53289842	0.55212975	0.44771543	0.56612874	0.57348611	0.47843275	0.43991208	0.55800968	0.69653145	0.49641059	0.42562213	0.43536838	0.44445926	0.41338743	0.44062210	0.42573271	0.55852232	0.52037792	0.44506668	0.50684220	0.46454711	0.41089685	0.46741947	0.69241569	0.67805549	0.45657970	0.41195932	0.53527242	0.49770599	0.44931288	0.46093678	0.50694022	0.43847778	0.44820775	0.48210351	0.48316541	0.60867621	0.58256433	0.51252327	0.40967192	0.41649372	0.52607932	0.47553630	0.54648201	0.62866087	0.49734521	0.75608438	0.46220991	0.49882674	0.42271983	0.47411102	0.59096724	0.53067160	0.64327453	0.46679057	0.70711689	0.49319695	0.43729950	0.54135323	0.46152006	0.51694410	0.36282391	0.48711375	0.55321246	0.45440145	0.42212361	0.46360339	0.49344085	0.40795063	0.44212297	0.49917347	0.46769756	0.39447593	0.42693093	0.48369859	0.45070914	0.53256815	0.50319648	0.48018938	0.46151301	0.53757864	0.61480894	0.45198329	0.47356803	0.63700660	0.58436833	0.37447114	0.52025718	0.63433272	0.45082012	0.50538300	0.42717584	0.42112511	0.81592709	0.49735549	0.56271855	0.41203887	0.58873002	0.45337291	0.64238058	0.59162186	0.57193784	0.59256678	0.48923873	0.47223651	0.41848108	0.71569358	0.49649478	0.48266898	0.51645862	0.46430715	0.49514521	0.50980050	0.54637821	0.51207826	0.68473734	0.45220519	0.43765257	0.59450280	0.48165009	0.40619081	0.47504407	0.59983148	0.58199088	0.41725940	0.53134459	0.71759454	0.40342253	0.55325926	0.50788954	0.58243514	0.44153284	0.47485135	0.50560387	0.55494487	0.42126333	0.46226037	0.45262918	0.41553637	0.71273497	0.39840635	0.50536992	0.52550152	0.74636384	0.40500190	0.59863844	0.40944073	0.54812193	0.43458929	0.42043219	0.72431522	0.45402799	0.50771486	0.47354414	0.48802238	0.55812639	0.46960788	0.50786932	0.59246780	0.50801470	0.57875092	0.51729145	0.44268923	0.64965224	0.37656412	0.54574262	0.39567363	0.42348021	0.42267413	0.44723205	0.61165227	0.49767496	0.36620501	0.53809116	0.50380785	0.77162050	0.40706626	0.41133172	0.42965304	0.49144909	0.46954111	0.44104038	0.40117146	0.45300526	0.39957583	0.47998090	0.40454709	0.57119236	0.47213536	0.60019914	0.37954442	0.56656703	0.47830518	0.47716075	0.44209849	0.70224720	0.49846520	0.52047527	0.42828935	0.50625523	0.50112296	0.63408000	0.53497721	0.41555488	0.43622580	0.40461132	0.55913999	0.57995333	0.45030832	0.44201613	0.45076855	0.48029134	0.62938539	0.44330901	0.45354996	0.58704670	0.52969700	0.49579658	0.43370150	0.43428445	0.41844769	0.54283653	0.42039696	0.45223974	0.46523277	0.45023843	0.55279001	0.38200397	0.58265465	0.40601281	0.42658718	0.42823123	0.48880726	0.40675973	0.46404833	0.43183072	0.44777700	0.44974139	0.43933887	0.42433297	0.47092155	0.46905175	0.48778138	0.39361512	0.48343150	0.52618196	0.41964894	0.44911487	0.43690818	0.53039937	0.39924363	0.44739392	0.55920489	0.46562446	0.45179299
02_92	0.54355331	0.48372308	0.57154815	0.50755912	0.63122041	0.46542184	0.44107674	0.50991341	0.58203004	0.49159019	0.43788149	0.43591982	0.50525309	0.48532866	0.56666882	0.67110805	0.43561436	0.58421851	0.72418739	0.41840023	0.50655261	0.55548088	0.48022087	0.49975318	0.72373375	0.81032908	0.60463084	0.40760902	0.53303740	0.53116914	0.46766987	0.49034103	0.57420568	0.56622863	0.47414864	0.40378945	0.47947302	0.62900562	0.48711906	0.63191624	0.40416446	0.46800888	0.58553621	0.50057525	0.41996968	0.50388213	0.46268070	0.37168925	0.49068074	0.47087289	0.64124834	0.46563680	0.44603357	0.42768809	0.45513010	0.45223481	0.69920054	0.41520663	0.90567494	0.57640496	0.43607863	0.50715631	0.58994619	0.52422544	0.38154296	0.38741803	0.51314430	0.57719584	0.47688037	0.47833676	0.48571028	0.44946560	0.60956598	0.41260440	0.39396641	0.50908113	0.47718411	0.44746442	0.57493718	0.62065130	0.71266969	0.39868260	0.48717423	0.53636996	0.44888793	0.57040778	0.63630433	0.55531391	0.54318754	0.40406348	0.37820345	0.41772110	0.79334235	0.47615291	0.59588496	0.43659157	0.45428807	0.50258610	0.43012104	0.39937503	0.38896167	0.45335805	0.60167272	0.39739617	0.38238306	0.56965039	0.47242239	0.55475094	0.43124762	0.48675803	0.79495402	0.45947677	0.39319585	0.39592517	0.50482866	0.53976376	0.40198419	0.62439117	0.64240337	0.66152879	0.50407383	0.41718927	0.56009313	0.41848012	0.44338383	0.44839671	0.39216261	0.49667322	0.48776248	0.40171519	0.39728641	0.46058697	0.53568353	0.45224640	0.41888676	0.50370858	0.38592007	0.43419619	0.43202985	0.50449094	0.42939065	0.76581364	0.37590855	0.65566335	0.42550687	0.43525356	0.41332746	0.52315306	0.36980088	0.48431735	0.42947760	0.40479699	0.53535185	0.46533734	0.54580336	0.38549602	0.40655866	0.42769809	0.46443518	0.45078807	0.42516443	0.42501218	0.46925821	0.39083184	0.43474055	0.43899695	0.47268934	0.54041367	0.47766565	0.42987892	0.52759316	0.38951675	0.61560463	0.51537920	0.45084894	0.41914213	0.51141783	0.48642867	0.48952686	0.44218578	0.37081184	0.64281511	0.49688631	0.48642083	0.41504759	0.41357548	0.43605654	0.43169036	0.42713259	0.44175500	0.41973589	0.43746133	0.44917698	0.65763248	0.44206785	0.41581720	0.60153349	0.50863103	0.54752679	0.49846467	0.47135748	0.60054203	0.45092478	0.48799332	0.45366225	0.39754643	0.52753812	0.46219151	0.42553996	0.48398985	0.47276615	0.44437333	0.51714034	0.59911907	0.41208883	0.45364387	0.47058297	0.49088352	0.43515407	0.48669230	0.39942888	0.74172584	0.46208654	0.37465008	0.44149386	0.48004901	0.38505831	0.55698738	0.52356570	0.45734655	0.48404741	0.57676446	0.38460248	0.46421735	0.43585024	0.41087961	0.41391526	0.45677408	0.60901659	0.72161214	0.41178594	0.44887165	0.46540952	0.46318317	0.54828314	0.52369427	0.38520829	0.39274468	0.39282841	0.36088058	0.57709126	0.45542177	0.38518078	0.38088770	0.51572816	0.51794395	0.44260841	0.44635904	0.48770750	0.51001089	0.38728726	0.43444012	0.42528675	0.64834130	0.50047219	0.39857125	0.46784588	0.56362886	0.52700603	0.50179185	0.45322574	0.47418553	0.55965232	0.43844781	0.54018502	0.47129908	0.44454689	0.46180044	0.39187117	0.55401091	0.43380755	0.44996266	0.42401956	0.38993255	0.49862223	0.40825708	0.36743561	0.36994797	0.41047002	0.47827861	0.39324585	0.48881016	0.33151561	0.42159943	0.48010599	0.40079864	0.40517922	0.39304678	0.47411271	0.40276320
02_116	0.47832282	0.48495843	0.46091508	0.47610267	0.42089074	0.38497093	0.41762928	0.45771283	0.45849413	0.52641127	0.54145390	0.51259123	0.47441687	0.50457133	0.46936563	0.47083907	0.40939315	0.50103623	0.46343478	0.42455787	0.47550984	0.46014412	0.48260338	0.48141437	0.43603189	0.44113887	0.43127370	0.43391698	0.52464564	0.46956087	0.42039208	0.56035116	0.49505475	0.40626238	0.40797227	0.44587311	0.39745077	0.46125931	0.40339489	0.42334682	0.44306777	0.40498194	0.48106944	0.53002304	0.46559365	0.47966842	0.54439624	0.44951235	0.55232518	0.50277837	0.49212774	0.45219226	0.57986398	0.59230725	0.51171839	0.41182515	0.43348618	0.40785460	0.41304181	0.46892138	0.40208729	0.54954278	0.48403663	0.47855642	0.49989252	0.46052169	0.39459553	0.46539519	0.59472010	0.61026457	0.50198035	0.42411001	0.53473159	0.46984526	0.44405543	0.46089077	0.51297298	0.40752418	0.45758880	0.50100170	0.48765410	0.70016390	0.55139330	0.55309116	0.40453095	0.42354532	0.51764037	0.48851340	0.56921573	0.69572713	0.46643964	0.77152841	0.46313800	0.45153717	0.40707269	0.50597698	0.54032403	0.50185552	0.60108520	0.47186836	0.62580797	0.48512386	0.46186322	0.55124602	0.47894952	0.52973886	0.36617423	0.45796388	0.62966940	0.45382084	0.41176369	0.52161494	0.46988164	0.42379613	0.48631391	0.54479351	0.44301745	0.40928179	0.44181764	0.46292691	0.46333797	0.57053281	0.48446911	0.45072636	0.48361234	0.54816427	0.65250625	0.49243412	0.46554724	0.58106677	0.60759359	0.38175443	0.53275702	0.66567228	0.49106739	0.54447253	0.41784141	0.42155084	0.68638544	0.47450416	0.49931932	0.41980902	0.66433174	0.42957531	0.68993204	0.61982797	0.57641978	0.54390949	0.51690876	0.46652503	0.42254620	0.79633221	0.53396385	0.53036068	0.56499992	0.47678381	0.52048016	0.59550791	0.57384970	0.57768359	0.60845124	0.41563066	0.47508106	0.64094653	0.50713248	0.40848755	0.46937732	0.56753058	0.63781541	0.44588924	0.51851066	0.64622492	0.42205642	0.54866477	0.56511582	0.65667010	0.43655103	0.48033887	0.50974515	0.55217165	0.41349340	0.45061052	0.49401458	0.41330972	0.80139366	0.40052112	0.50100846	0.61003497	0.85516383	0.42311769	0.65412329	0.40003131	0.54671959	0.43139194	0.41445518	0.62630096	0.46676000	0.46580204	0.48368886	0.48835987	0.50633533	0.48294572	0.54719277	0.57169224	0.54516953	0.50607794	0.48228080	0.47634091	0.61305707	0.38322129	0.52784876	0.38550189	0.44800343	0.43619457	0.50655647	0.53654142	0.46555224	0.35646717	0.52044972	0.50549691	0.79244334	0.41513333	0.39653706	0.42563314	0.44960803	0.52680571	0.43649574	0.40805438	0.44951587	0.41112353	0.48373481	0.42829037	0.51140101	0.47927532	0.68366152	0.38354132	0.57999982	0.49072335	0.44886822	0.43884902	0.70613179	0.56699149	0.46813917	0.47399886	0.49729526	0.53037117	0.57616012	0.62667387	0.41377346	0.44344483	0.42476926	0.55013263	0.66859910	0.47493937	0.48501803	0.45568448	0.53186873	0.60069728	0.47261489	0.45234762	0.55805688	0.54140964	0.48512116	0.44144832	0.42902059	0.42253683	0.57001072	0.42862927	0.45853467	0.48099351	0.50400214	0.51965640	0.39817993	0.63657540	0.43180909	0.42989322	0.47774005	0.46883360	0.42834222	0.44306216	0.46355072	0.45731807	0.50454275	0.47104939	0.45790949	0.44369335	0.50302651	0.47215077	0.39003079	0.48422882	0.59625754	0.41714279	0.44172538	0.46827688	0.50849925	0.42707191	0.50436488	0.56992141	0.42691153	0.42507889
02_162	0.50090409	0.63419898	0.49725755	0.41481460	0.47920781	0.53249069	0.61615859	0.43467788	0.52616124	0.56744201	0.53851342	0.58678805	0.46853458	0.51325159	0.53992232	0.51413869	0.59838314	0.51196296	0.48334171	0.55371606	0.43331435	0.53489753	0.50244232	0.45590963	0.46834244	0.45716359	0.47313012	0.62277212	0.49762267	0.48906561	0.48153949	0.47143017	0.50712958	0.49261193	0.54479602	0.48268985	0.48058469	0.50662866	0.55222762	0.47498122	0.53693803	0.52176288	0.49039025	0.47699647	0.57378325	0.40953908	0.58352944	0.60058330	0.60567099	0.45320712	0.47251632	0.68248684	0.53679772	0.49233058	0.65376843	0.48602794	0.44126321	0.42200505	0.42770757	0.53346211	0.45659585	0.51865249	0.43376388	0.56949473	0.56601201	0.52586596	0.45749448	0.49026185	0.44366142	0.48631288	0.57908878	0.59814573	0.55665973	0.52421882	0.55221611	0.45832106	0.55109893	0.43893376	0.52247153	0.49265412	0.49346261	0.54452902	0.45715017	0.52791077	0.49537677	0.50431792	0.48806678	0.48210643	0.57153253	0.50350184	0.50157924	0.52131613	0.46823098	0.44443095	0.44726425	0.55488784	0.46411007	0.55159821	0.48584642	0.55794476	0.41713132	0.45386858	0.49563375	0.60985838	0.65562755	0.52621503	0.47579011	0.42888870	0.61303503	0.45968144	0.40460995	0.52283191	0.53906155	0.48685089	0.56231988	0.53111898	0.43443405	0.46129593	0.44466757	0.41870779	0.47582740	0.56863741	0.41329300	0.48101226	0.78782794	0.46867756	0.58787578	0.58429276	0.39377609	0.48072465	0.53396144	0.49461201	0.51682649	0.48036793	0.59742797	0.54176913	0.42200334	0.53457089	0.45364908	0.39169489	0.38080501	0.45185547	0.47402133	0.40821799	0.50392102	0.55248650	0.45586443	0.46225800	0.54609555	0.49402537	0.58837762	0.51662726	0.48730616	0.47343110	0.57321305	0.56295517	0.53514459	0.52852620	0.65579904	0.62280039	0.42120801	0.41802007	0.64416023	0.60811305	0.42878057	0.48199339	0.46403242	0.46745023	0.57449470	0.65785040	0.46663463	0.42278063	0.47807535	0.51692471	0.49749357	0.49001162	0.38240006	0.41306648	0.48749810	0.42677566	0.43070270	0.44508923	0.48639569	0.53992420	0.52659593	0.43806598	0.52564518	0.62738376	0.50691120	0.46283585	0.57579569	0.40688072	0.42363761	0.40507330	0.50009493	0.44516628	0.48170484	0.40884268	0.42879869	0.42342663	0.46570918	0.44691975	0.58403540	0.43598147	0.46318336	0.41131975	0.39973926	0.64773525	0.48629672	0.47910786	0.44601673	0.38727227	0.43365976	0.46223406	0.47347344	0.40824462	0.47767121	0.40943640	0.41095072	0.51010950	0.47538838	0.43945760	0.42557496	0.42839310	0.41510600	0.53552038	0.48784227	0.47313555	0.40144942	0.57749329	0.44419960	0.49169255	0.42090116	0.42403445	0.57919768	0.42575847	0.44103475	0.42555949	0.41558199	0.42101253	0.55140589	0.50590849	0.40019839	0.55102139	0.44406684	0.47833470	0.40048360	0.50145847	0.44036798	0.58451623	0.45374361	0.45021158	0.51079118	0.65726087	0.52826018	0.45508106	0.46920847	0.43918419	0.53023982	0.39324632	0.42233244	0.43207302	0.39635193	0.46274213	0.37768959	0.43356450	0.53802839	0.40383239	0.41454202	0.45162397	0.52391017	0.41764620	0.43281837	0.51023451	0.48801547	0.43688289	0.50643614	0.39257462	0.51793552	0.41938663	0.62463815	0.41996555	0.46792388	0.60800753	0.47595437	0.36225543	0.49510155	0.43464779	0.45128389	0.46261148	0.51076041	0.37106427	0.41734531	0.52254826	0.45957026	0.50224199	0.47663410	0.46281006	0.40672618	0.35329591
02_177	0.43804688	0.54365107	0.42291723	0.43794157	0.38778807	0.45340276	0.51583157	0.43670723	0.40324383	0.45834842	0.47296630	0.54686606	0.44318651	0.45708766	0.41637280	0.42694144	0.53065567	0.41316785	0.42204750	0.62030929	0.44859375	0.40378499	0.46122893	0.44468681	0.40214190	0.39280716	0.40002123	0.62311825	0.50633762	0.43413957	0.53723553	0.47961837	0.42929927	0.46704001	0.51708869	0.68515588	0.47577474	0.40819939	0.47581002	0.38517099	0.74384863	0.51065552	0.41083564	0.49474028	0.61009542	0.43346938	0.58251199	0.68296052	0.59047498	0.53043687	0.40365953	0.54713673	0.47567998	0.57605110	0.54802960	0.52444254	0.39401090	0.54439916	0.38125412	0.40948458	0.55649922	0.47992177	0.43545513	0.41878866	0.69808343	0.59742681	0.48881144	0.44348098	0.45932871	0.48783269	0.41621182	0.49268173	0.49278830	0.70055407	0.65559394	0.42394173	0.52189881	0.54389213	0.43820904	0.41111163	0.42704628	0.46934062	0.45446246	0.42839247	0.50999364	0.43962490	0.44226943	0.40922924	0.47121744	0.45670522	0.70558358	0.49229173	0.41220079	0.51452226	0.45297350	0.46975715	0.47739377	0.60446759	0.48326052	0.55812406	0.43233043	0.44925991	0.39785586	0.62899363	0.62217295	0.44459103	0.43892976	0.43319056	0.47067534	0.42823091	0.37978932	0.39574490	0.70019105	0.44048215	0.40635661	0.41778118	0.50288707	0.37779237	0.38044888	0.40339135	0.40327998	0.47461255	0.39743254	0.61567093	0.55841741	0.43855632	0.55470979	0.42134139	0.37389314	0.53426232	0.52603607	0.44569402	0.45435360	0.43913449	0.45881967	0.42995745	0.44435239	0.51838815	0.46471463	0.38635035	0.40667804	0.38710561	0.43256931	0.40373679	0.46666232	0.49150110	0.44376557	0.46746682	0.51562960	0.48278658	0.57446256	0.47545266	0.40590432	0.39204604	0.44421050	0.55732891	0.49040063	0.41247076	0.53354081	0.45408060	0.43246799	0.51400533	0.44366931	0.57147620	0.38018679	0.47660470	0.45454566	0.45768677	0.46895225	0.46602491	0.43447354	0.43527247	0.38836379	0.46870153	0.40547711	0.43414112	0.36201528	0.37901791	0.43414642	0.40341914	0.47882634	0.42165187	0.38747179	0.53130565	0.48268420	0.43655314	0.54891564	0.46658109	0.46752371	0.40806384	0.50690296	0.41598187	0.40207271	0.37356925	0.53100976	0.46461638	0.40716776	0.43012661	0.38633519	0.38996872	0.50583805	0.39289872	0.46666999	0.42326952	0.40794125	0.47813999	0.40570720	0.46389345	0.48636467	0.43491444	0.44503322	0.39755799	0.36905911	0.39599719	0.37661211	0.43634113	0.56080842	0.42202761	0.41363155	0.47345066	0.46631355	0.38123472	0.46095979	0.44587462	0.48131365	0.40496965	0.55754722	0.41874704	0.38363235	0.49739191	0.41852811	0.38769004	0.49475176	0.39538799	0.48084408	0.41254863	0.42707412	0.38531148	0.42007760	0.38928260	0.56112013	0.40915209	0.44574111	0.40007156	0.41187313	0.40968536	0.42108582	0.42554402	0.44972869	0.63877434	0.37976945	0.45020193	0.45382505	0.58674366	0.40209965	0.41929669	0.39223411	0.43799702	0.44075225	0.37444296	0.44334485	0.39571409	0.40030151	0.40602298	0.36098738	0.42979201	0.46893070	0.36709564	0.38057117	0.40947766	0.40173353	0.43033602	0.36741564	0.45955216	0.38849452	0.41132566	0.38895482	0.40179534	0.46025361	0.42079290	0.47378936	0.39993835	0.38354914	0.51300317	0.38987536	0.38523423	0.47031659	0.48995613	0.46001715	0.42117571	0.44256231	0.35477831	0.48708551	0.44061485	0.43775307	0.42700268	0.38860614	0.47283551	0.45697268	0.37878408
02_234	0.64344179	0.63293376	0.61651022	0.47772175	0.52918977	0.44994826	0.47445248	0.52888013	0.57602773	0.83995825	0.75919217	0.66467328	0.59321186	0.69525285	0.63933219	0.53666273	0.47852411	0.53079183	0.54721215	0.48186875	0.51755321	0.58482861	0.62708750	0.56261800	0.53676312	0.49258608	0.55510974	0.49866980	0.53676457	0.62259873	0.41733426	0.56404555	0.55654366	0.45439664	0.45134472	0.43035076	0.41061027	0.55444571	0.48084551	0.52587108	0.47081027	0.43708182	0.51130671	0.56085629	0.54066801	0.46512719	0.58596743	0.48776777	0.62664539	0.46857200	0.48765793	0.52185884	0.70655093	0.48044553	0.69335006	0.41698800	0.47289250	0.39618888	0.46470990	0.60392580	0.43540049	0.68380811	0.49601877	0.64877118	0.44739358	0.45017419	0.42485381	0.46473260	0.48454010	0.56512129	0.61103078	0.46726629	0.59952580	0.43914934	0.47625420	0.55665249	0.48872225	0.41023104	0.51220291	0.50980113	0.56628754	0.60863735	0.52801143	0.57106713	0.46079260	0.51943827	0.54584789	0.49595221	0.73588855	0.54431845	0.43006866	0.58336069	0.51833795	0.47022834	0.43537759	0.46380243	0.54387358	0.51441279	0.55212330	0.42619588	0.42749763	0.49050513	0.53919173	0.52806691	0.47023841	0.58574742	0.41803476	0.50280606	0.74576742	0.57522207	0.43444579	0.50376716	0.46924781	0.38972877	0.58725697	0.53732627	0.37849958	0.51174696	0.46649909	0.44721573	0.49211849	0.76487597	0.42599822	0.43151616	0.55592916	0.53088448	0.54691924	0.66035192	0.39228311	0.43813397	0.49072236	0.41926949	0.64392185	0.47721052	0.46273740	0.55613541	0.35836496	0.42894617	0.48628818	0.40202209	0.40198208	0.49765284	0.48726383	0.45756845	0.55969985	0.72208814	0.47262901	0.53118934	0.43458603	0.42507701	0.48306387	0.56213152	0.48777194	0.46239565	0.63966376	0.43609948	0.43301544	0.50974342	0.53604977	0.74513561	0.43766435	0.38228524	0.59128963	0.52570088	0.41101388	0.42080935	0.51534003	0.52888275	0.69485714	0.49165020	0.49701142	0.43332672	0.51079332	0.60796134	0.47400120	0.49856099	0.38299667	0.40448776	0.51614603	0.42145343	0.38901292	0.52310283	0.48264669	0.46322525	0.58563306	0.38155914	0.43451430	0.55198308	0.52591286	0.40427621	0.65018388	0.35989775	0.41892586	0.42109691	0.47078102	0.47636529	0.50873534	0.46879122	0.43301905	0.42082740	0.52245215	0.45392631	0.83735967	0.44701707	0.47809648	0.39513520	0.42479927	0.52362595	0.55276878	0.41883179	0.49970687	0.35052883	0.43747274	0.52467238	0.44546382	0.44079236	0.47152254	0.37552971	0.43945348	0.45786129	0.49553475	0.47877613	0.37819730	0.36023397	0.40210150	0.52193621	0.42865647	0.44060501	0.40340885	0.46269166	0.50434372	0.53998928	0.39256705	0.45439093	0.68101497	0.37275230	0.46762270	0.41518835	0.45085944	0.44931951	0.52188160	0.50012881	0.42130381	0.56234306	0.45825034	0.47532131	0.40968927	0.48266957	0.36811052	0.48253972	0.47031792	0.47228722	0.54451669	0.47578691	0.54301815	0.53871532	0.44922255	0.45384551	0.48063524	0.40172198	0.40477633	0.42101198	0.42250636	0.52178390	0.37666289	0.36758400	0.62880811	0.41404735	0.41650074	0.49624279	0.50184264	0.43922613	0.46267565	0.51990342	0.52531947	0.51629771	0.49702764	0.42082378	0.40712852	0.48330548	0.53770238	0.43969010	0.45234038	0.47112690	0.47754358	0.37809561	0.43315672	0.38908564	0.38597878	0.48803772	0.53287451	0.37228209	0.36412682	0.44165250	0.49678922	0.41398091	0.44813644	0.44290963	0.44032822	0.36504751
02_225	0.46336673	0.46480200	0.44814369	0.50649290	0.41934625	0.38050506	0.40732171	0.46155029	0.46025018	0.49723190	0.50238855	0.47921001	0.46144800	0.47904197	0.45799737	0.49612819	0.39968109	0.53155764	0.49052596	0.41211475	0.50061136	0.46065388	0.45595004	0.46978198	0.44316523	0.46006126	0.42312570	0.41680647	0.58830491	0.45271085	0.44542070	0.58804463	0.54086729	0.42392038	0.41076481	0.46660181	0.41942627	0.48041623	0.39640355	0.41964733	0.44185760	0.42242083	0.52623179	0.54679150	0.44081791	0.50888434	0.50946883	0.42380849	0.54425078	0.54006405	0.52204855	0.44690027	0.52070657	0.64057032	0.47943897	0.44095753	0.47462663	0.42039885	0.43615241	0.45787573	0.40649672	0.54456665	0.51819626	0.46779682	0.47886740	0.42784106	0.41533508	0.51444098	0.67413509	0.67071360	0.49254743	0.43161236	0.54327151	0.48758848	0.41910251	0.43980645	0.48641054	0.42523233	0.49064246	0.53404424	0.50218361	0.56544690	0.53184418	0.51784385	0.39248768	0.41394967	0.57118744	0.54282647	0.56553359	0.56446104	0.48499337	0.69839846	0.49088511	0.48344245	0.43413575	0.46922728	0.59288517	0.53113307	0.66494454	0.47584725	0.67285208	0.45108108	0.44933897	0.49272825	0.44572280	0.57432246	0.36534692	0.47243194	0.55147877	0.43315485	0.44478160	0.49691829	0.48720493	0.41356068	0.47114220	0.53721401	0.45551634	0.40696706	0.43997583	0.50863740	0.51193959	0.52180637	0.54094645	0.44683837	0.47232835	0.48994201	0.55548885	0.47882558	0.51571660	0.63615749	0.52235871	0.37528206	0.50307247	0.66034663	0.46790655	0.57369981	0.44313957	0.44108942	0.70404068	0.51137031	0.52986620	0.43188891	0.53601924	0.46491685	0.57043306	0.56215101	0.51051360	0.59735070	0.47067798	0.49052107	0.40653304	0.64801031	0.52899423	0.50276440	0.53511132	0.44619901	0.49811100	0.53271192	0.58364259	0.52761448	0.64572507	0.43949179	0.46324069	0.54625197	0.54138452	0.39186425	0.44040078	0.57573146	0.56682896	0.43524851	0.60904035	0.67294282	0.41458714	0.59558882	0.56099805	0.54986258	0.47016305	0.52095269	0.57806210	0.63111618	0.38798225	0.46210841	0.47197199	0.41778144	0.63875195	0.38658479	0.50026426	0.53586762	0.76071256	0.40552005	0.54921505	0.41973972	0.60747044	0.45381419	0.39920182	0.72959558	0.50278803	0.48441034	0.49448548	0.55635860	0.54777436	0.50323263	0.50263564	0.62524673	0.48959735	0.54161518	0.51584474	0.47206668	0.65112382	0.37788930	0.49689115	0.40406176	0.43215557	0.42261269	0.47105334	0.57531375	0.46550944	0.37437351	0.48974487	0.55885359	0.68630749	0.42161101	0.41284358	0.44700117	0.45896146	0.50892210	0.40642412	0.40535568	0.45739935	0.40266054	0.44998728	0.42014471	0.54075266	0.44652184	0.58567647	0.37130107	0.50924893	0.54725449	0.48984671	0.45995837	0.65357823	0.50657042	0.48915507	0.45681797	0.57885536	0.55589859	0.61346483	0.52385835	0.43579550	0.41711167	0.41242723	0.51134076	0.53614815	0.43990569	0.46614451	0.43502646	0.51874228	0.65214409	0.44394546	0.45942891	0.59696038	0.60622112	0.45636156	0.44717684	0.46107263	0.43315060	0.55878045	0.43147192	0.48871581	0.44880468	0.48188434	0.53994771	0.38913588	0.58625427	0.42376587	0.40912782	0.45160285	0.46502481	0.41539650	0.46114646	0.44392179	0.42563626	0.46180807	0.43618036	0.43511493	0.44463595	0.44573104	0.48692667	0.41458644	0.54689112	0.50686936	0.44251927	0.42766009	0.45971504	0.60503122	0.40518049	0.46571594	0.52447797	0.45171774	0.43259174
02_91	0.56110517	0.55757224	0.59412929	0.43719387	0.70250335	0.53200366	0.51921444	0.46224086	0.86349536	0.58467177	0.49707765	0.49074983	0.49290997	0.52028762	0.74384511	0.73832911	0.50331647	0.68974817	0.66337969	0.44921843	0.45805359	0.85194952	0.49890727	0.47235633	0.64884437	0.64732283	0.60410072	0.46472370	0.51543611	0.53967582	0.45486025	0.47255383	0.65740598	0.54985565	0.50914674	0.40756360	0.48511850	0.80340044	0.54789251	0.68559586	0.42793220	0.50341907	0.65447112	0.47659324	0.45641668	0.42930771	0.48926020	0.42194414	0.52963755	0.43214527	0.60522259	0.56615609	0.49189822	0.42880778	0.53784928	0.46213424	0.60280218	0.38387015	0.59338925	0.75147475	0.41822119	0.53062948	0.48431206	0.76620342	0.41404852	0.40761948	0.47278423	0.57507946	0.44331334	0.47889528	0.70297692	0.55117371	0.61469647	0.42818423	0.42396029	0.48833186	0.48758158	0.41270643	0.68233067	0.65162762	0.64506335	0.45539664	0.45452449	0.57828080	0.45194259	0.57530387	0.59838386	0.61032855	0.63622586	0.43662497	0.40099527	0.45649839	0.64063815	0.43757636	0.50502442	0.48009133	0.45945096	0.50933485	0.45861687	0.44251217	0.38617276	0.43265073	0.64722132	0.44035893	0.44151239	0.65354915	0.49248162	0.46967212	0.53202984	0.48246092	0.51994644	0.56151730	0.42939113	0.42814314	0.74238873	0.62430572	0.38650064	0.65504673	0.56597039	0.49742167	0.58804568	0.49995901	0.46902605	0.40846516	0.56665832	0.44750898	0.43993202	0.73454235	0.43504098	0.41301709	0.42478530	0.48730504	0.55051085	0.46262709	0.50473879	0.63233154	0.38719039	0.48560867	0.42546729	0.42445611	0.37965081	0.66224913	0.40722275	0.48843612	0.45060810	0.49468057	0.41252506	0.48845587	0.41146052	0.47833522	0.47810252	0.44370404	0.55774317	0.49662643	0.66486643	0.42289861	0.44441717	0.50437405	0.55021373	0.59075754	0.40448605	0.38834207	0.69575278	0.44236337	0.45207831	0.43924294	0.45348958	0.48980106	0.54305852	0.56127448	0.53051293	0.38959664	0.66270625	0.56333087	0.51067990	0.44644033	0.43510805	0.45615469	0.54711630	0.43696832	0.36671243	0.53219068	0.54697500	0.51684565	0.45538072	0.40413858	0.44930498	0.52802780	0.46149286	0.45394066	0.47709180	0.40502043	0.43715892	0.49481066	0.44853023	0.41984375	0.66710241	0.43327243	0.48841621	0.47765379	0.45956595	0.54441109	0.55322358	0.45399897	0.45898987	0.37448884	0.43302219	0.63011071	0.45445067	0.49525537	0.44073614	0.39704626	0.50064357	0.57458711	0.47646726	0.40859265	0.44281906	0.44187826	0.40223043	0.51875422	0.42157433	0.61133432	0.42057741	0.38622780	0.39231284	0.60783608	0.39621156	0.52981613	0.44225730	0.52969496	0.45733139	0.72823890	0.37380307	0.43254439	0.51240793	0.40165831	0.41154324	0.46648121	0.47960846	0.53089201	0.45018376	0.50513687	0.40201711	0.66343639	0.51875708	0.55199368	0.37769989	0.44180325	0.40821441	0.41829682	0.57360415	0.43388759	0.43399863	0.45171034	0.67383095	0.50001679	0.49169132	0.43683889	0.53712508	0.43652985	0.38966973	0.44230326	0.39232149	0.61550926	0.42818764	0.40807451	0.54304836	0.48059164	0.48599871	0.48433146	0.57259623	0.42933006	0.56076432	0.48200223	0.67961089	0.46559811	0.56280589	0.40770091	0.44910893	0.47580318	0.56815541	0.42845145	0.47747231	0.46751825	0.55418918	0.36434367	0.40571684	0.38251997	0.43750744	0.52199044	0.45109792	0.42337483	0.34619774	0.49668215	0.49547127	0.46048353	0.47129915	0.40894759	0.41918192	0.35771915
02_42	0.64493769	0.71513831	0.62476517	0.51713377	0.52363546	0.51155226	0.54247954	0.57083478	0.51047073	0.61690468	0.58454537	0.65938489	0.62727474	0.63965570	0.56593814	0.51984392	0.55285936	0.48511965	0.53066580	0.60261395	0.53072444	0.50241912	0.68061072	0.62178874	0.54862540	0.50568386	0.57999930	0.57900822	0.53641090	0.64544257	0.48800110	0.55753054	0.48443866	0.51587519	0.53572164	0.48915207	0.45898710	0.49824366	0.56822256	0.52736840	0.54612554	0.47884153	0.46475184	0.59052874	0.66507568	0.51482437	0.77966886	0.54059691	0.69129495	0.53826306	0.49326575	0.56424354	0.62953609	0.51530950	0.68343062	0.45684244	0.45881143	0.49571247	0.48016108	0.55575322	0.54843473	0.61305477	0.54035133	0.53066384	0.51951350	0.59289440	0.49954425	0.47362513	0.50236760	0.53107448	0.49001911	0.47598430	0.66566961	0.50196743	0.61000984	0.64570337	0.66067249	0.50516681	0.48190732	0.49148504	0.57740997	0.53431822	0.61098911	0.60120399	0.62828059	0.64006713	0.52490446	0.45121047	0.60143055	0.54091122	0.46039944	0.51679783	0.52337332	0.52067277	0.50064664	0.54687936	0.49169114	0.58189348	0.47768244	0.46680045	0.43086494	0.65150766	0.56033901	0.62202189	0.53424144	0.50942041	0.49728791	0.56232308	0.55341489	0.62649881	0.46199881	0.46959945	0.48021731	0.44529216	0.50162242	0.52075543	0.45668715	0.51397991	0.51743252	0.48444104	0.42673290	0.53663648	0.45450108	0.56723574	0.54666669	0.62452778	0.55857756	0.51407733	0.41168934	0.45994241	0.57431794	0.51319664	0.69752979	0.49141925	0.48047397	0.47557257	0.39611231	0.45321409	0.50000013	0.44640572	0.44720624	0.50419046	0.48790044	0.48900508	0.58061666	0.57539319	0.55017373	0.53069493	0.48595798	0.48916866	0.60625383	0.51511685	0.50419492	0.47901809	0.59965252	0.52071701	0.48417345	0.48123995	0.52887889	0.54167764	0.46320870	0.46492278	0.50309951	0.55558671	0.40425072	0.57556931	0.70172252	0.59509257	0.62757654	0.48263878	0.45880786	0.43727641	0.53732237	0.51634210	0.45253424	0.52756084	0.41356209	0.42027989	0.44680007	0.42025344	0.51848963	0.57123222	0.49441309	0.54997758	0.54078382	0.49493205	0.52120651	0.53407984	0.49682087	0.48746554	0.60716632	0.42035466	0.42691552	0.46733535	0.65291660	0.45471461	0.46757540	0.52619379	0.47757883	0.41775293	0.51807352	0.48141427	0.58108165	0.47354510	0.54389335	0.44716437	0.48157416	0.49116269	0.48527354	0.51817609	0.61413363	0.41311717	0.48796230	0.58848451	0.43419930	0.48044479	0.62701753	0.43643615	0.52233476	0.46448824	0.48379286	0.50959180	0.46337137	0.39158095	0.51389017	0.47844028	0.58369995	0.54156678	0.47285247	0.53920089	0.62781404	0.51700988	0.43913820	0.55324223	0.56416196	0.47433551	0.53362534	0.40320905	0.49104272	0.49473131	0.52642699	0.51047574	0.49928087	0.47078508	0.44453785	0.46965716	0.41891171	0.48411766	0.39944366	0.50510612	0.52426484	0.57791479	0.51302994	0.51942514	0.50802060	0.62150369	0.44195272	0.46387406	0.57294798	0.45918951	0.41934540	0.41220622	0.50509188	0.53467206	0.40797539	0.41023273	0.52984935	0.46813861	0.43330703	0.59509597	0.46373509	0.48916414	0.49703445	0.51182466	0.49618001	0.57756555	0.45918780	0.49189569	0.44589730	0.51786294	0.50729482	0.54024892	0.45966829	0.50366681	0.50454869	0.43571373	0.48707650	0.41661120	0.40369402	0.42935138	0.50378331	0.40208829	0.40560258	0.45007738	0.44027930	0.45691555	0.43923386	0.48677148	0.49068920	0.41712210
02_36	0.46196763	0.45627545	0.46002546	0.46612621	0.45528077	0.40295525	0.42502661	0.43578173	0.49483381	0.48083493	0.45774139	0.44428368	0.44437235	0.45741622	0.48259290	0.53156222	0.40765312	0.58611793	0.50304567	0.40179493	0.45159548	0.49030690	0.44367340	0.45110881	0.46919496	0.51092983	0.44744326	0.40775380	0.51937773	0.45118469	0.44788429	0.50833008	0.52899869	0.43929973	0.42654401	0.42447037	0.43569850	0.50605605	0.41621394	0.45973758	0.40974596	0.42632648	0.55102318	0.48818187	0.42112868	0.47579850	0.49270946	0.40075753	0.50483635	0.48515300	0.62221952	0.45505110	0.48772195	0.53523371	0.45761526	0.43347331	0.49279730	0.40455180	0.46933127	0.49666899	0.39079274	0.49520077	0.50127356	0.48838070	0.46492677	0.43055541	0.41640289	0.54546676	0.58467845	0.54307896	0.51538084	0.44271489	0.55797866	0.45796809	0.40717076	0.44463446	0.53776215	0.41115016	0.50248455	0.61055449	0.53247706	0.52469281	0.52095063	0.60536496	0.39976717	0.43983890	0.56345224	0.56546148	0.54302408	0.55355390	0.43088524	0.55944544	0.52170500	0.43448884	0.44335413	0.55035073	0.47935641	0.49775071	0.50751448	0.48876083	0.57914186	0.46622656	0.51205013	0.47499010	0.44840837	0.55747649	0.38701764	0.45549635	0.52092143	0.42544582	0.47478620	0.60029646	0.42804148	0.47379777	0.51365503	0.66030710	0.47617721	0.44280298	0.52142074	0.54615635	0.50100372	0.46614020	0.61244294	0.43945154	0.46767314	0.50682769	0.51873960	0.49247533	0.61613370	0.56071239	0.53261257	0.40855608	0.50940008	0.83529325	0.53208602	0.58654132	0.47137914	0.44240388	0.60313650	0.58860606	0.52015534	0.46460030	0.54111037	0.46135292	0.55780697	0.49564285	0.53867700	0.52513790	0.49904044	0.54829422	0.41043312	0.56777497	0.69374951	0.66621156	0.58741921	0.47095491	0.56517516	0.63424834	0.59268804	0.51604548	0.61829376	0.43456278	0.47749112	0.52467707	0.66264474	0.42583694	0.44805962	0.57286156	0.57011274	0.46175371	0.55803717	0.58495341	0.46072397	0.52129326	0.71296699	0.61802858	0.56550883	0.65753760	0.52205145	0.70488107	0.40577790	0.46328401	0.59385254	0.42461506	0.56662166	0.43537289	0.53856339	0.59300880	0.66324201	0.48499149	0.51153664	0.47310883	0.70465415	0.53197825	0.40053636	0.54466585	0.52269648	0.45799602	0.63438322	0.62746567	0.46451140	0.62178932	0.47342177	0.69707795	0.58408055	0.51160352	0.54604351	0.49691305	0.50536439	0.41460749	0.50386145	0.45502077	0.53690792	0.45910752	0.58062830	0.53094040	0.45004472	0.38927477	0.51886849	0.57595553	0.58965921	0.46218854	0.44095166	0.47098709	0.46614608	0.59581117	0.41317929	0.46002502	0.54881352	0.42434220	0.47358847	0.45549656	0.50698874	0.50293675	0.54198094	0.42137047	0.53723302	0.60829932	0.48487786	0.50992223	0.56357996	0.61788617	0.47230456	0.48372257	0.58962300	0.66617591	0.54525751	0.58190532	0.45793410	0.38908635	0.47450614	0.53824068	0.51276338	0.43979394	0.52344276	0.44345109	0.63848529	0.61504427	0.51234130	0.54550779	0.55835392	0.70277785	0.48227388	0.46638216	0.54307177	0.48049470	0.50765575	0.51153196	0.56064019	0.48986660	0.54137972	0.54014983	0.42829821	0.58193963	0.45420177	0.40764298	0.50075058	0.48113461	0.44990072	0.44297635	0.44718149	0.46482685	0.55229206	0.44773193	0.50060710	0.45245066	0.46654342	0.45944133	0.41093029	0.49606340	0.49871190	0.50754445	0.41471222	0.49721002	0.51326341	0.45184340	0.53421658	0.52083072	0.41532890	0.43789169
02_275	0.50896586	0.53075071	0.48257774	0.54043766	0.43387465	0.40523005	0.43210264	0.52132988	0.47157139	0.55361312	0.57975456	0.56499401	0.51608813	0.54057384	0.48096432	0.50474849	0.43821165	0.50166551	0.52286460	0.46699122	0.58222386	0.47464651	0.50644814	0.51395449	0.46615044	0.45449437	0.44628868	0.46877933	0.69074984	0.49639136	0.46558952	0.65474264	0.57197729	0.45856878	0.43977428	0.52486822	0.43598057	0.49739709	0.42704703	0.42884173	0.51741826	0.46025000	0.51527903	0.62704935	0.50295432	0.52005251	0.54323568	0.47499053	0.63018723	0.57470736	0.46863055	0.48551184	0.55257007	0.61177906	0.55360873	0.47463087	0.48606802	0.44755347	0.44432539	0.46599945	0.46399630	0.63479071	0.53559360	0.48981638	0.47224441	0.43230965	0.45748767	0.50052875	0.57744128	0.71757733	0.49226288	0.45850991	0.56152152	0.51410078	0.45811094	0.46413449	0.45678874	0.46401262	0.51616732	0.48970753	0.51157470	0.52387218	0.51187064	0.46915585	0.42638797	0.43889368	0.58005797	0.51553176	0.61143961	0.48968442	0.53063827	0.62988382	0.49735266	0.57983006	0.46470455	0.41932134	0.76637592	0.59957542	0.78225536	0.45201008	0.49470755	0.44133496	0.43614462	0.49817872	0.44855755	0.59547529	0.38841109	0.51356318	0.55430915	0.47579768	0.44332712	0.43180256	0.58363717	0.37612909	0.46217160	0.47065970	0.41531214	0.42017313	0.41007512	0.47454481	0.52227679	0.59153695	0.45886596	0.46053365	0.51459174	0.45881187	0.52325252	0.49874014	0.41868416	0.53227175	0.46501330	0.38351584	0.51742647	0.48444881	0.42451840	0.53733250	0.39647217	0.46240853	0.54791553	0.42537036	0.44895002	0.44559580	0.44700167	0.49001903	0.50358519	0.61689651	0.44245833	0.63421419	0.42069656	0.44863135	0.44452401	0.55394429	0.44492192	0.41411682	0.50701486	0.42204389	0.42853244	0.44176336	0.54849268	0.53650013	0.48824571	0.43878865	0.48425005	0.50393063	0.42309605	0.38883030	0.45177803	0.53606549	0.54185284	0.44013880	0.59381537	0.49333906	0.41773181	0.69990686	0.44910362	0.44838919	0.39595967	0.41908304	0.60123542	0.46540292	0.37515082	0.49732876	0.41243130	0.45839656	0.55965661	0.36284448	0.45391296	0.47139535	0.55198287	0.36786122	0.54434385	0.38029212	0.45428681	0.41256665	0.43713780	0.61121487	0.50346845	0.50546148	0.41652048	0.45774636	0.69645692	0.43694791	0.55635207	0.48226031	0.41737096	0.46585690	0.45456505	0.47397959	0.72016421	0.38324110	0.47009087	0.36833515	0.38246318	0.42765264	0.39330546	0.50500344	0.49908139	0.39344987	0.42677956	0.51021455	0.52849154	0.42498030	0.40180681	0.39671554	0.43618042	0.45007554	0.40928357	0.39893161	0.39625825	0.42300753	0.43563144	0.43040859	0.46261574	0.40341672	0.56591842	0.35008841	0.43543139	0.44569954	0.49751501	0.43819850	0.57611465	0.42678934	0.46988375	0.45182522	0.51733436	0.46679254	0.47270235	0.43059871	0.40225357	0.47105377	0.39564901	0.45357654	0.47970165	0.44575127	0.44233374	0.45325761	0.42235583	0.50818752	0.41453112	0.39442455	0.46581495	0.45437387	0.40618553	0.46611817	0.39144401	0.38446548	0.59520090	0.38766182	0.42409181	0.42431729	0.43506740	0.47301324	0.38869210	0.50298306	0.43097103	0.43795723	0.41767590	0.42371021	0.39195833	0.50104410	0.46677213	0.39396893	0.39386838	0.43003050	0.40354652	0.39623487	0.40319031	0.44539631	0.42900719	0.57036040	0.46343703	0.38303886	0.39352142	0.42422291	0.65627135	0.37798334	0.39948796	0.45108792	0.51069969	0.38881877
02_169	0.72482205	0.59667483	0.81450282	0.48652747	0.73295095	0.50360417	0.48544397	0.55616008	0.63917249	0.63482616	0.53770981	0.53309858	0.61533998	0.61981730	0.73990314	0.60172687	0.48806748	0.53935930	0.63981213	0.47160973	0.51146386	0.61670889	0.61741879	0.58064007	0.75748302	0.62200580	0.84944852	0.46547472	0.50459116	0.70976668	0.43137980	0.50624680	0.53762640	0.51998744	0.48494996	0.40154216	0.43590039	0.60933731	0.54679053	0.74395211	0.43287404	0.45047931	0.51703755	0.52493621	0.49350734	0.47767566	0.53452854	0.42277119	0.54890854	0.45341220	0.53822787	0.50903449	0.54580923	0.42363040	0.56678331	0.41931460	0.53313108	0.40423775	0.59370735	0.71241825	0.45239762	0.58388839	0.53619601	0.63031355	0.40170469	0.42932063	0.47002074	0.48480586	0.45169907	0.48402975	0.54109047	0.45805428	0.63827972	0.40947883	0.44855847	0.64113194	0.50577389	0.42801894	0.52748236	0.54281395	0.68837386	0.45889203	0.52152424	0.60032497	0.50748301	0.70621240	0.56251596	0.48936172	0.62467701	0.45234756	0.38146109	0.44937428	0.62511385	0.46299329	0.50216235	0.46264521	0.46125153	0.49591525	0.44128471	0.39759731	0.37872478	0.51411579	0.69134317	0.45189644	0.42197861	0.55135998	0.49007566	0.55522871	0.51288731	0.62591767	0.52678192	0.48080714	0.40570525	0.39368966	0.57467491	0.54433611	0.37893111	0.72383319	0.59846158	0.50427153	0.46490662	0.49959540	0.45381032	0.42876585	0.49288067	0.51826676	0.43809653	0.58677932	0.40730071	0.38908913	0.43618076	0.48195428	0.67642831	0.44188804	0.43765386	0.50057732	0.35325484	0.41953751	0.43181477	0.42825852	0.39835003	0.67336345	0.41358441	0.52898358	0.47991309	0.51244095	0.44551087	0.50550815	0.39273906	0.43861539	0.49069287	0.44096426	0.51430290	0.46739402	0.63556625	0.41016087	0.41035201	0.45856836	0.47249680	0.54039671	0.40709184	0.39177391	0.53487316	0.43384055	0.39744994	0.46975734	0.56276861	0.53965781	0.56427022	0.46349244	0.46985812	0.38299519	0.72727143	0.52490421	0.44291064	0.45464036	0.41777468	0.41713608	0.46275336	0.39949606	0.39648047	0.64830878	0.51176525	0.50127554	0.45948855	0.41732342	0.42768473	0.48042086	0.44083164	0.44615552	0.49757592	0.38394016	0.40535490	0.50322781	0.50880544	0.40871770	0.53499002	0.49525634	0.48082896	0.42227739	0.47341670	0.51030869	0.56824649	0.44264621	0.48935482	0.37486035	0.45789702	0.49109043	0.44334551	0.49879467	0.51444881	0.38362077	0.51293995	0.78939528	0.42738495	0.42905788	0.48835066	0.43014886	0.44734962	0.44276955	0.41642876	0.67129090	0.41408601	0.34930238	0.41952570	0.50198273	0.42698094	0.54653104	0.45925331	0.49779902	0.56525992	0.70825737	0.36738484	0.49841796	0.50707035	0.41323943	0.44728783	0.40491206	0.50326372	0.55503154	0.43413408	0.48693150	0.43760480	0.52599255	0.45870883	0.48191955	0.37224509	0.42846643	0.36392477	0.41269038	0.62604732	0.47971050	0.44063149	0.42621998	0.57787899	0.65447304	0.43682335	0.42534341	0.53724216	0.45277823	0.37083361	0.39576039	0.44087658	0.67759573	0.41149427	0.37217024	0.52157280	0.49910701	0.45025076	0.57871782	0.48266520	0.44748535	0.63328374	0.46572433	0.62566004	0.59356222	0.48880820	0.45239818	0.40309227	0.54056236	0.49765384	0.49228599	0.45125322	0.43591492	0.54602172	0.39276091	0.40359965	0.36193388	0.38401764	0.44725706	0.45131615	0.41022363	0.33770071	0.42956489	0.44274742	0.42363528	0.42871958	0.41001996	0.45652149	0.38063193
02_111	0.52700433	0.54021946	0.53425852	0.42415235	0.55011609	0.46475824	0.48439203	0.44216006	0.67464705	0.61305275	0.54250761	0.51206832	0.47555317	0.52368700	0.64381504	0.60414663	0.46974609	0.65032210	0.56049692	0.43356382	0.44665174	0.70620717	0.48909398	0.45816093	0.52846093	0.52712709	0.51449802	0.45969084	0.50950475	0.50728835	0.42413567	0.48388502	0.63602409	0.46814191	0.45789988	0.40711324	0.43847302	0.64435632	0.47796815	0.54381990	0.42713855	0.46037786	0.61316375	0.47541377	0.45662784	0.41666696	0.49364361	0.43889867	0.53618347	0.42660288	0.54792061	0.53789581	0.53012380	0.45049773	0.55493574	0.43534060	0.51776294	0.36780007	0.48568787	0.63794163	0.39321450	0.54325324	0.45553721	0.73681907	0.43151304	0.40917200	0.42045853	0.52499460	0.45597808	0.50696128	0.87179098	0.52363135	0.56764159	0.43013658	0.42209153	0.46143557	0.47077370	0.38729838	0.60031584	0.59526800	0.55878414	0.52865545	0.45402451	0.56814442	0.41649757	0.48726674	0.56115355	0.59655550	0.66091689	0.48472964	0.41673180	0.52320791	0.53943671	0.42288919	0.43810221	0.48043798	0.48525535	0.49288404	0.51045887	0.45364233	0.41751527	0.42272385	0.55614884	0.46730197	0.46083211	0.65341213	0.42366367	0.43988699	0.64580544	0.46170608	0.44709213	0.60736696	0.44856014	0.42063280	0.75709430	0.62314256	0.37953936	0.52369577	0.48673387	0.45359098	0.59797852	0.58475518	0.44628903	0.39815345	0.58500498	0.45466393	0.49207681	0.82777152	0.42414608	0.44048326	0.45227827	0.42887848	0.53429541	0.49348128	0.52701421	0.71199906	0.38454769	0.46774038	0.45410454	0.40873597	0.38127024	0.52030658	0.45399553	0.43889066	0.48817167	0.55723138	0.42848548	0.48778497	0.43843068	0.45459936	0.45243635	0.50861401	0.54304613	0.50632707	0.66465463	0.43283667	0.46047832	0.56903758	0.59490508	0.73739605	0.42356132	0.37178514	0.74655315	0.49092616	0.47201616	0.40536393	0.43447615	0.48055000	0.59543648	0.56891630	0.53704137	0.42228233	0.52881263	0.59155012	0.55669352	0.48074054	0.41033309	0.44801177	0.58122606	0.45792818	0.35958234	0.47407187	0.53523886	0.46179372	0.51770368	0.37951282	0.44511329	0.59768316	0.52122430	0.42476016	0.53314038	0.38049646	0.45131589	0.43902993	0.41803882	0.45615647	0.59621772	0.41536780	0.45918331	0.47421114	0.46446038	0.49804257	0.61881179	0.45826501	0.46323210	0.38231043	0.41345756	0.64515184	0.50430669	0.42825492	0.43498374	0.36767955	0.46082220	0.49363189	0.51152255	0.41198038	0.42195986	0.38573015	0.40216046	0.51716385	0.46973848	0.49183464	0.38527667	0.38951330	0.37751089	0.65250128	0.38992169	0.45185811	0.41083993	0.47744004	0.43926685	0.57689992	0.38530270	0.41958173	0.59546485	0.37405913	0.42642025	0.47781199	0.43869947	0.46038438	0.49785342	0.53107742	0.38906088	0.72525751	0.50699798	0.54713399	0.40198320	0.49013467	0.40259795	0.44008089	0.48658769	0.43227449	0.49184089	0.47343690	0.63517912	0.46369904	0.51651238	0.45567528	0.49788156	0.40948660	0.41311391	0.46919252	0.38782208	0.51787739	0.40300881	0.39949379	0.59225139	0.43063176	0.45710174	0.45696244	0.60848223	0.42334631	0.47000566	0.52072033	0.57315131	0.43782756	0.58407490	0.39383514	0.44515135	0.44002324	0.58016186	0.40983549	0.49367196	0.48475906	0.51102727	0.35793048	0.42527221	0.39583175	0.41981625	0.54294273	0.50250861	0.39666918	0.35983621	0.50340186	0.52153439	0.44986841	0.50227253	0.42909001	0.39870292	0.34968723
02_103	0.42998423	0.48787348	0.43546933	0.40506425	0.46539603	0.50914261	0.54328577	0.39496991	0.52179043	0.45524759	0.42322503	0.44092041	0.40393795	0.42059027	0.48313547	0.57482929	0.50832720	0.59298147	0.50723320	0.45376090	0.41075154	0.52435325	0.41040355	0.39910990	0.46186018	0.49834680	0.43128205	0.47887766	0.51384690	0.41799287	0.55932088	0.43842422	0.56508317	0.54886477	0.54893680	0.47811947	0.60598299	0.54260768	0.50173267	0.45976451	0.46485291	0.60726812	0.59136142	0.43812554	0.44015442	0.40253884	0.46710889	0.44796244	0.50649652	0.44905290	0.54745458	0.59957368	0.42490311	0.48379804	0.47439754	0.59638998	0.51753617	0.41762729	0.46962148	0.49131258	0.42324619	0.45033503	0.43664159	0.50919249	0.49964056	0.43146846	0.49875999	0.66412104	0.45053902	0.46449862	0.54423673	0.68230866	0.53204056	0.53672145	0.43576909	0.39532122	0.50411652	0.44849523	0.63919228	0.57777415	0.49389947	0.43318888	0.41358248	0.48440389	0.42748064	0.45600710	0.52931528	0.59840917	0.50951945	0.42154069	0.49563845	0.45703017	0.50580650	0.43602540	0.50522411	0.51867061	0.44364993	0.55855913	0.46231108	0.62786427	0.42296766	0.39281180	0.47245439	0.45993955	0.51067231	0.56568937	0.47469528	0.40840231	0.47291034	0.38898363	0.45643617	0.52712639	0.50721879	0.53054357	0.53070047	0.55322049	0.47620535	0.44626914	0.46032669	0.47018202	0.57592369	0.44063807	0.48236901	0.44729372	0.61507080	0.39999138	0.46055272	0.51801933	0.47485575	0.51328564	0.44652591	0.48785992	0.44325625	0.49593357	0.60792811	0.60325980	0.53446386	0.69023617	0.43921324	0.43647713	0.39062469	0.47308547	0.40650949	0.43176004	0.42589107	0.44335541	0.40359183	0.46124739	0.48572101	0.62000823	0.48000702	0.44326331	0.52554216	0.48517774	0.52057761	0.49648115	0.55788827	0.49769777	0.69912165	0.49554923	0.42905767	0.45206390	0.57487578	0.47963182	0.52065556	0.44418415	0.39612711	0.45053654	0.47117476	0.62466345	0.54439102	0.42422636	0.46226405	0.51156453	0.54870591	0.43852944	0.45358715	0.50258555	0.55732713	0.50159908	0.38289764	0.43080932	0.48848508	0.53939128	0.44515950	0.43323242	0.56660966	0.53586389	0.48436318	0.47341496	0.44408105	0.49809973	0.49304240	0.45454029	0.42380006	0.44749897	0.56578168	0.39599870	0.47471613	0.53616662	0.44824647	0.51386410	0.45318292	0.47970427	0.42644340	0.43091014	0.42599128	0.68235337	0.45460216	0.48244669	0.40169668	0.46653333	0.44221976	0.42646727	0.47974967	0.41322981	0.44329644	0.47401920	0.38591661	0.71254227	0.44144351	0.45458883	0.49123752	0.53940764	0.41801035	0.55476379	0.41169079	0.48575646	0.43563904	0.54417308	0.39213305	0.46938381	0.44492076	0.38969990	0.46911906	0.42363034	0.39606358	0.53879994	0.44969986	0.46153533	0.49985070	0.47488451	0.40299659	0.51812620	0.54875094	0.56276345	0.41277213	0.44820273	0.58098773	0.44250145	0.44775330	0.41748751	0.41870335	0.51216857	0.51516827	0.40135279	0.51540025	0.46534745	0.50199520	0.42470973	0.45769609	0.51370375	0.37275474	0.46207574	0.44948039	0.53737921	0.48565900	0.43585092	0.49387311	0.41091438	0.53345298	0.43147412	0.42194883	0.48368486	0.47451343	0.37891271	0.49413760	0.38784915	0.55606338	0.41347204	0.53876110	0.38831738	0.45804478	0.51249821	0.46681450	0.36437850	0.43427042	0.46984074	0.58141348	0.53347066	0.42919377	0.43467839	0.41202321	0.58550971	0.51445741	0.50636752	0.47417025	0.43902378	0.40357403	0.36279101
02_112	0.70244451	0.56116310	0.65257719	0.54287878	0.49587810	0.41722896	0.41950418	0.69041306	0.46194885	0.58987000	0.58159072	0.58002681	0.78644280	0.69533691	0.52412339	0.45843491	0.43447117	0.42532655	0.50213017	0.47730185	0.57590595	0.45391485	0.75724838	0.75892328	0.54043458	0.46808085	0.59367871	0.45081495	0.48462229	0.74451278	0.39657467	0.55092912	0.44149208	0.43619137	0.42261264	0.40765483	0.37739896	0.45515222	0.45742702	0.50021126	0.44609140	0.39197444	0.41543889	0.58519702	0.53064382	0.53088317	0.56788599	0.43139017	0.54831876	0.48376720	0.43216824	0.43634468	0.60150681	0.43508537	0.55776411	0.37834692	0.43006083	0.42742578	0.46266562	0.50338144	0.48036289	0.61316289	0.54431656	0.47702019	0.39720464	0.44757902	0.42949757	0.40316026	0.46215771	0.49738373	0.42972072	0.38438577	0.54804878	0.39905857	0.47202360	0.80254645	0.47384122	0.43377204	0.41987070	0.43036277	0.53847062	0.46836229	0.59501525	0.50598952	0.51166053	0.56121899	0.48219335	0.40160392	0.54262246	0.46990623	0.38047919	0.45934936	0.48974674	0.49594493	0.44250771	0.41272717	0.48012524	0.47075737	0.44521858	0.36272937	0.38441078	0.59915643	0.50259073	0.46847480	0.40132583	0.45858147	0.41547856	0.62263864	0.48338592	0.89727721	0.44549719	0.39634120	0.40183067	0.34848471	0.43822412	0.43817637	0.36730507	0.49715439	0.46671904	0.45177153	0.38675338	0.50234408	0.40874610	0.44776313	0.42820438	0.57983275	0.44769296	0.45913691	0.36480856	0.38069522	0.44680018	0.40993009	0.67201557	0.41279608	0.37496274	0.41394257	0.32420936	0.36718682	0.44752874	0.40306686	0.41889974	0.48515170	0.42265116	0.49868544	0.50732570	0.53603219	0.47390170	0.51045144	0.37472577	0.38742902	0.46251352	0.45080385	0.42613222	0.40264855	0.50720254	0.39061939	0.37366003	0.40175678	0.41476960	0.47412573	0.41319343	0.39096838	0.42569345	0.43253216	0.34831671	0.44216069	0.69235414	0.55121060	0.53708222	0.38532993	0.41726558	0.38877654	0.49493432	0.48085336	0.38053973	0.44297907	0.37021191	0.36547788	0.40532151	0.36586780	0.41910497	0.61376813	0.41932645	0.44097332	0.47290979	0.39099471	0.39692370	0.42337125	0.42683283	0.38709416	0.51879269	0.34693671	0.37129299	0.42868902	0.53173676	0.41538806	0.42398863	0.56332886	0.41602962	0.36820741	0.49998224	0.42098394	0.54189497	0.41539998	0.46375933	0.38450893	0.45013459	0.39891698	0.45225662	0.41918287	0.58985579	0.34756940	0.42645858	0.58483387	0.36682734	0.45297606	0.52680405	0.38049135	0.48382610	0.38432514	0.42327666	0.49093348	0.38115601	0.32019455	0.44005918	0.40556465	0.45044455	0.44578963	0.41765094	0.42112948	0.63497277	0.48324271	0.37123106	0.50954741	0.49243170	0.38110285	0.47487110	0.35302652	0.47574904	0.46478207	0.43141991	0.42599481	0.47268407	0.41517439	0.39912792	0.40352817	0.37750450	0.40360426	0.32690412	0.41631058	0.47270569	0.50504000	0.44959318	0.39878964	0.44177764	0.70202553	0.37530699	0.41183865	0.44847696	0.41390482	0.36148568	0.35678978	0.47777757	0.52241939	0.36576965	0.33356573	0.48495009	0.42492929	0.38613577	0.55820085	0.39532402	0.44769965	0.47776810	0.43774858	0.45969061	0.69214188	0.39880765	0.47363691	0.35316158	0.55371834	0.42165343	0.49707994	0.39107157	0.39533221	0.43869327	0.41479386	0.39184396	0.35094577	0.34070409	0.39421824	0.44122567	0.36480990	0.33780251	0.36754727	0.40751144	0.36581085	0.37272663	0.40940937	0.49605447	0.39605370
02_74	0.51723585	0.52446147	0.49230549	0.45725694	0.42970797	0.39175736	0.42634744	0.47326880	0.46045036	0.59162484	0.63818200	0.58529038	0.51260405	0.56809421	0.49174757	0.44948150	0.42398371	0.46445177	0.44916183	0.44525832	0.47012587	0.46403367	0.54191517	0.51251018	0.43831964	0.42370371	0.45257080	0.45902301	0.48568550	0.50998505	0.39373551	0.54319260	0.46237964	0.39430309	0.40514292	0.42436247	0.37523669	0.44788012	0.41436316	0.43158356	0.44978932	0.39005887	0.44234466	0.52395162	0.50948307	0.45616802	0.58130818	0.48207037	0.56587268	0.46724070	0.44917348	0.45662252	0.69277184	0.52015860	0.57082263	0.38438254	0.40440027	0.39345539	0.39712169	0.48504865	0.40495534	0.57357370	0.45897398	0.49935498	0.48350406	0.47975821	0.38034970	0.42013119	0.51133159	0.55739454	0.50421867	0.41274173	0.52160508	0.43883651	0.46908026	0.49890053	0.50143275	0.39030520	0.42963693	0.45633012	0.47826350	0.89587461	0.55283997	0.55357595	0.42422270	0.43912864	0.47447822	0.44009317	0.57115558	0.76430221	0.43543240	0.70381824	0.44038117	0.43635553	0.38569342	0.48953911	0.50910071	0.47308715	0.54607984	0.43478661	0.50394490	0.51492850	0.46925556	0.59198111	0.48568951	0.48983886	0.36765872	0.45657174	0.71283945	0.49717081	0.38663365	0.49705717	0.45250336	0.40031653	0.48768789	0.50840004	0.39936991	0.42005629	0.42735487	0.42006933	0.42466140	0.65670524	0.42068217	0.44182986	0.48638694	0.58908042	0.70412622	0.50869073	0.39928476	0.48450476	0.60477735	0.38232913	0.56321293	0.54255541	0.46645424	0.49230596	0.36931470	0.39442513	0.56339377	0.41507144	0.43995583	0.41091528	0.66519168	0.40710347	0.70454712	0.68680214	0.57796605	0.49532768	0.49675729	0.42081866	0.43878943	0.77554665	0.48001365	0.48700078	0.55471486	0.47036399	0.46900110	0.55300446	0.52431706	0.61111367	0.50331454	0.38438067	0.47996434	0.63709924	0.42532497	0.41075987	0.50161038	0.52536418	0.70901441	0.44595154	0.45265152	0.51357077	0.42726074	0.51152936	0.49319375	0.60808985	0.38252468	0.41134613	0.45520455	0.44777817	0.41975515	0.44640938	0.47748787	0.40654072	0.78438767	0.38971574	0.45101641	0.58226703	0.61279252	0.40663607	0.75202798	0.36173263	0.44341126	0.39894300	0.43273136	0.51497185	0.43000912	0.44789253	0.43368711	0.41351618	0.48064723	0.43157985	0.60818012	0.46917006	0.52910242	0.43912216	0.42838194	0.45831748	0.55174663	0.37975879	0.52464224	0.34880530	0.42849593	0.44752463	0.46743645	0.46676324	0.45378042	0.33929991	0.49121145	0.43608998	0.60728912	0.40533677	0.36641602	0.37239278	0.41939588	0.48896863	0.44660863	0.40341007	0.40620747	0.40991169	0.49953954	0.43332795	0.43464556	0.48410504	0.69924185	0.37715500	0.55279049	0.41125271	0.41141523	0.40649312	0.58748493	0.52799416	0.42751266	0.46891699	0.42899059	0.45544956	0.46408374	0.57054927	0.36603090	0.46272133	0.41823846	0.51106211	0.67921409	0.47206835	0.46874962	0.47098055	0.45783327	0.48009604	0.45594374	0.40426592	0.44621155	0.44727506	0.45754915	0.42878890	0.37397856	0.37204784	0.53760566	0.39477685	0.39768941	0.47630416	0.46578196	0.44803979	0.39535571	0.53699644	0.42628246	0.44955359	0.45284195	0.42813461	0.39752645	0.42495436	0.45693832	0.44324506	0.46358151	0.45657454	0.43700311	0.39793486	0.47276020	0.40446020	0.35630582	0.43125566	0.57359399	0.36468757	0.39515718	0.42139576	0.45499979	0.40199853	0.45560703	0.48849631	0.40632965	0.37879461
02_318	0.79685000	0.64180999	0.77264648	0.52080574	0.59363441	0.46843911	0.47813357	0.59958032	0.57978447	0.74844880	0.64797528	0.62238062	0.69779324	0.75087956	0.67613346	0.55509626	0.48202654	0.52438842	0.58454833	0.49252058	0.54861015	0.56999625	0.73392624	0.66242077	0.62283422	0.54950527	0.68051415	0.48774962	0.53058059	0.78302615	0.42892604	0.57336604	0.52654271	0.47994168	0.46788334	0.42375508	0.41846696	0.55572014	0.51129667	0.60134065	0.46059790	0.43509834	0.49843075	0.58918982	0.54584319	0.51307544	0.62255409	0.46057125	0.61916805	0.48999550	0.52119664	0.50791913	0.68837622	0.47045906	0.64421378	0.41389217	0.49014432	0.42050802	0.51706266	0.64959733	0.46267251	0.68121938	0.55547080	0.61061342	0.43784017	0.47161987	0.44906428	0.46898540	0.49916771	0.54491109	0.54500892	0.44649397	0.66639174	0.43170736	0.48676451	0.71722454	0.54321236	0.43425543	0.49788560	0.52565613	0.64741941	0.54986228	0.60904665	0.65417790	0.51195084	0.62181332	0.56222838	0.47935827	0.69275115	0.54065302	0.40737126	0.52535981	0.57040395	0.48480611	0.46987454	0.49046695	0.50712626	0.51692048	0.49153829	0.41431139	0.42167920	0.58851884	0.63171066	0.51917194	0.45487333	0.55494239	0.44933398	0.57882480	0.60237733	0.70314667	0.48226231	0.49689409	0.43222359	0.40061422	0.56222832	0.55657445	0.39593123	0.58270863	0.55039058	0.49502189	0.45518591	0.58463668	0.45811506	0.45813117	0.50804557	0.62389258	0.51183475	0.58635909	0.41253289	0.42393381	0.50359212	0.45420290	0.86030524	0.48657054	0.45295467	0.51086692	0.36082386	0.41527895	0.49162847	0.44106191	0.43255151	0.55869543	0.48256872	0.50818345	0.58091545	0.61782748	0.51701105	0.54606963	0.42937037	0.44220913	0.49963015	0.51976627	0.52508808	0.49055175	0.68168750	0.44070338	0.43625289	0.49910297	0.50117367	0.60557916	0.45186280	0.40305081	0.52990237	0.49906413	0.40973352	0.47316961	0.63919439	0.60290185	0.69139283	0.46285499	0.47880238	0.42814060	0.59471659	0.55592434	0.46526816	0.52303887	0.41475521	0.42247508	0.47134050	0.42105419	0.42670702	0.62064540	0.51971689	0.48186961	0.54820495	0.42348577	0.44952914	0.52971332	0.50098272	0.44555929	0.60761885	0.38197981	0.42636344	0.47883867	0.52308839	0.45400425	0.50505824	0.52779901	0.48346630	0.42571941	0.51149082	0.49841850	0.66429305	0.47142838	0.54441996	0.40657512	0.47580517	0.48796808	0.49789364	0.46316458	0.59418173	0.37786576	0.50394311	0.67156048	0.44715938	0.46976093	0.52018013	0.40065336	0.50247251	0.44846712	0.47841556	0.55807141	0.40760645	0.35867902	0.44440178	0.51166715	0.46276931	0.50364229	0.46126893	0.47867038	0.63954333	0.59229262	0.39781513	0.54660533	0.60191827	0.41359604	0.51749324	0.41123334	0.49556020	0.51616019	0.49262000	0.52762323	0.46637613	0.52019141	0.45931219	0.48734169	0.40973441	0.48180457	0.36706252	0.44647380	0.55826499	0.54161252	0.51951256	0.45553120	0.56080109	0.68724026	0.45355751	0.46161595	0.53890008	0.45690311	0.40114228	0.41530952	0.48708022	0.59424880	0.40751137	0.37656838	0.57210951	0.47828882	0.44290371	0.61805743	0.49027011	0.47821714	0.54140950	0.51650684	0.55663293	0.62038683	0.49173391	0.48153620	0.40778315	0.54026620	0.50265964	0.52424122	0.47285143	0.45865827	0.53096811	0.41873432	0.44225459	0.38344602	0.37731151	0.45149672	0.51548883	0.40383161	0.36290951	0.43483880	0.45835965	0.42613443	0.44892850	0.45430780	0.46997246	0.40051609
02_262	0.52026305	0.56589449	0.49823213	0.47881531	0.44755241	0.42538255	0.46950529	0.48134696	0.49110085	0.59743661	0.61967976	0.60613877	0.50992706	0.55907672	0.51106301	0.49684689	0.46453227	0.51385772	0.48842798	0.48339085	0.49462893	0.49573646	0.53160401	0.50836508	0.46032518	0.45275226	0.46019260	0.50278957	0.55612788	0.50877491	0.44802090	0.57753096	0.52184431	0.43955170	0.45064220	0.48449752	0.42479165	0.48902115	0.44874956	0.44732004	0.50357516	0.44451475	0.49501144	0.55941099	0.53840482	0.47503485	0.61680844	0.52342140	0.64221801	0.51591935	0.48707662	0.51707567	0.64333126	0.59783960	0.61188750	0.44318885	0.44503374	0.42841898	0.42465650	0.50349853	0.43959179	0.60322418	0.48755858	0.52644535	0.54464094	0.50136920	0.42430409	0.47984461	0.55292467	0.61862423	0.54395189	0.47165798	0.57614706	0.50968686	0.50245370	0.48674771	0.53720636	0.43301539	0.48939840	0.50336312	0.50892999	0.72897861	0.54548730	0.55803923	0.44605668	0.45983890	0.53047784	0.49551032	0.62903616	0.65225835	0.50747822	0.75833346	0.47744494	0.48049386	0.42919754	0.51843014	0.56459168	0.55290512	0.62122183	0.50136234	0.53137182	0.49573824	0.48000120	0.62728012	0.53933008	0.55773446	0.39854032	0.47285198	0.72783683	0.48729450	0.41499262	0.51869831	0.53093207	0.43410859	0.51938110	0.54342395	0.44146905	0.43322826	0.44252629	0.45284881	0.48055475	0.66744185	0.45608953	0.48033992	0.56465050	0.54382213	0.72392577	0.54335413	0.43018448	0.56038902	0.61040720	0.41201083	0.56630436	0.57698019	0.51473497	0.56183462	0.41480899	0.45828724	0.59501449	0.43801466	0.45409705	0.43813545	0.59336252	0.43617245	0.65142934	0.70645674	0.54080511	0.54817881	0.53171455	0.47488897	0.47899618	0.73288740	0.51120967	0.49867496	0.59298365	0.50884495	0.52029971	0.56773818	0.62795200	0.65310970	0.52540101	0.42545327	0.53264930	0.69928059	0.46439662	0.43332455	0.49276479	0.55303735	0.68642775	0.49593146	0.51874618	0.54168777	0.44452553	0.58723662	0.53136709	0.58624593	0.40860170	0.44474758	0.52644774	0.49204214	0.42661312	0.46939766	0.48628075	0.45756629	0.75448562	0.40926813	0.51239771	0.63232923	0.68252440	0.42705401	0.73521272	0.39691505	0.48585454	0.42060119	0.45804841	0.57517688	0.48172447	0.46640691	0.45603380	0.45928868	0.53745605	0.46553836	0.62952594	0.51123840	0.51247252	0.47633294	0.45343192	0.52459932	0.62786862	0.40950142	0.51783841	0.38070836	0.43624538	0.45547631	0.48204075	0.49527761	0.49554399	0.37532987	0.48144458	0.51281917	0.64319626	0.42847835	0.40629600	0.42129209	0.44670876	0.52884800	0.46709091	0.42776429	0.42609913	0.45520577	0.48622541	0.45516750	0.48225827	0.46369906	0.74964520	0.39281409	0.52864073	0.45928625	0.44943288	0.43578734	0.71011184	0.53862552	0.45512164	0.50612836	0.48374313	0.50717649	0.49749921	0.57238191	0.41812207	0.51354385	0.43399752	0.52106764	0.64499337	0.53367081	0.50230439	0.47649354	0.49579681	0.53316081	0.48818727	0.42372144	0.49882938	0.48842406	0.45387068	0.46103107	0.40219755	0.41776198	0.61213235	0.41490706	0.43688498	0.47962639	0.50868496	0.48448026	0.41184360	0.60174394	0.45576899	0.45348985	0.48591102	0.44402919	0.44741136	0.45465895	0.51807324	0.44722956	0.48085661	0.51393419	0.46128912	0.41277113	0.50359155	0.46433395	0.41162688	0.49599489	0.59080275	0.39299960	0.43701042	0.48042538	0.51901969	0.44107905	0.48498818	0.53328618	0.44172579	0.39778291
02_161	0.46567305	0.44619933	0.47865341	0.45170113	0.51541616	0.43106733	0.43365088	0.43027601	0.53889729	0.46021909	0.41967845	0.41337210	0.43693533	0.43920141	0.50872807	0.59656986	0.41319174	0.63517248	0.55138940	0.39242804	0.43708369	0.52432558	0.43131772	0.43979571	0.52649452	0.61676632	0.48610171	0.39408132	0.49415186	0.45474065	0.45667320	0.46445102	0.54086503	0.48070448	0.44600441	0.39758532	0.46412881	0.55680125	0.44146250	0.52350402	0.38731294	0.44226726	0.59194083	0.45783634	0.39926870	0.46017464	0.45706003	0.37178332	0.47027772	0.45298414	0.77959962	0.45609625	0.44190844	0.45778340	0.43313622	0.43957409	0.56157734	0.39502840	0.55765758	0.53412878	0.38884001	0.46518818	0.50669357	0.50119138	0.41668912	0.40260180	0.44124514	0.59561121	0.50892544	0.47830663	0.51068560	0.45172900	0.56512086	0.42637283	0.38665664	0.44723897	0.52443606	0.41156923	0.53911772	0.70557112	0.58198459	0.44010245	0.48373042	0.60737593	0.40682935	0.47735174	0.58076065	0.59344406	0.51951028	0.45891540	0.39070418	0.45663398	0.59635736	0.42054858	0.48692091	0.52980614	0.43385440	0.47993443	0.43917006	0.45499787	0.45990692	0.44900283	0.57743360	0.42225070	0.41383860	0.55524633	0.42189156	0.45960250	0.45899409	0.42296517	0.55999031	0.58688594	0.39220379	0.47485914	0.53193761	0.68993176	0.45398681	0.50309754	0.64671998	0.61426852	0.50844769	0.41775833	0.66831401	0.41908454	0.45072122	0.46867651	0.43533548	0.49289510	0.65685821	0.46559765	0.45515781	0.44340685	0.50013548	0.59944506	0.50953265	0.56422103	0.45642173	0.44473222	0.48979466	0.61132270	0.47204637	0.54287563	0.44320032	0.49688871	0.47342943	0.43873386	0.46997161	0.49391960	0.43850035	0.56411154	0.40954811	0.45658097	0.78447774	0.65476437	0.58625225	0.43509546	0.50950546	0.55105225	0.53224900	0.47400736	0.50424992	0.42742620	0.47794643	0.44269878	0.61316243	0.44208518	0.44157364	0.54332317	0.50879212	0.46042440	0.53937287	0.46274803	0.53027719	0.49077968	0.62370306	0.51527491	0.66982819	0.71223479	0.49837335	0.58746738	0.38995370	0.49167302	0.64169648	0.44324795	0.46281971	0.45236885	0.50816946	0.52263238	0.51099438	0.52589206	0.44523335	0.50569190	0.60628341	0.67570338	0.40284062	0.45417917	0.57346239	0.45102999	0.79293353	0.64565002	0.43356458	0.84873528	0.44116323	0.61824675	0.55132450	0.44774654	0.55642750	0.49825846	0.43721110	0.45935263	0.47707905	0.50031303	0.63728008	0.50778777	0.55065305	0.48019400	0.43981405	0.43026299	0.48043058	0.56331760	0.46607139	0.54874894	0.47058080	0.44804274	0.45281584	0.59765085	0.39512557	0.52928720	0.63191853	0.44454349	0.47171716	0.50897896	0.44040570	0.50081016	0.46996056	0.44554622	0.47366005	0.59492635	0.51538605	0.61466534	0.46530370	0.57735488	0.45718804	0.49028638	0.60495186	0.70623307	0.45170931	0.48967104	0.45376137	0.36153906	0.55882844	0.50054217	0.43425675	0.41034214	0.56167780	0.45562328	0.60872401	0.52710800	0.54750782	0.61678334	0.46776771	0.58717864	0.46043865	0.51793425	0.63350577	0.48380124	0.47058102	0.63002870	0.64642073	0.50630311	0.54230095	0.51460566	0.49161219	0.50966208	0.50026807	0.41380565	0.51021299	0.47773907	0.44891339	0.45637612	0.44224316	0.47308463	0.54278821	0.42649113	0.55313284	0.43717404	0.42490367	0.41670319	0.41814415	0.48071795	0.44068925	0.58414687	0.37410182	0.49413828	0.47785715	0.46210119	0.50997293	0.45650733	0.41191501	0.42823113
02_272	0.53353367	0.50992842	0.56036960	0.42958599	0.60783720	0.47776889	0.48162058	0.44462956	0.63537775	0.54261540	0.47538018	0.46520461	0.47848285	0.49985926	0.63026669	0.59713726	0.45809373	0.61697391	0.55170765	0.42348474	0.43161176	0.62019411	0.49100440	0.47037481	0.57184846	0.60076304	0.57047775	0.43416863	0.46744308	0.52018116	0.42648292	0.45990961	0.52905940	0.47506084	0.46487939	0.38512458	0.43859132	0.58944689	0.49499093	0.62497280	0.39969105	0.43791929	0.55138986	0.45900252	0.44010770	0.43206714	0.49814878	0.40547550	0.49952859	0.42474488	0.63743344	0.50040796	0.50273818	0.43130612	0.49876943	0.41380676	0.50844330	0.37826724	0.53004227	0.67653336	0.39377028	0.49811245	0.47439997	0.61569316	0.42448037	0.43069255	0.42423240	0.51586875	0.45897852	0.46452398	0.60433458	0.47229174	0.58894719	0.41177789	0.41901595	0.50279293	0.55098912	0.39309455	0.52781157	0.62941142	0.60366102	0.49154365	0.49248002	0.75286086	0.44213794	0.54816694	0.53855093	0.53490948	0.57374296	0.49879724	0.38062074	0.46878275	0.57094600	0.40522337	0.45296263	0.57726848	0.42499269	0.46735816	0.43202184	0.44398882	0.41731429	0.48427859	0.73755624	0.46127560	0.44945627	0.54870721	0.45042472	0.45656024	0.53470228	0.47616098	0.48966864	0.68355479	0.39220546	0.47312997	0.66934458	0.76471459	0.40987228	0.59105183	0.67526480	0.50366211	0.48380615	0.47281304	0.50019140	0.41598587	0.49889535	0.51776981	0.47016957	0.59822645	0.47817282	0.42487446	0.48345590	0.47901141	0.57159870	0.54132584	0.55116938	0.56800714	0.39921344	0.43313514	0.45905760	0.47660217	0.41428471	0.56623296	0.47467443	0.45596906	0.51188659	0.48469203	0.48816802	0.46698149	0.45821070	0.49536027	0.45262920	0.47828859	0.71911232	0.67006327	0.72678447	0.45722188	0.50031089	0.62243802	0.53735163	0.56525226	0.44787334	0.38857810	0.56379061	0.47639555	0.50134877	0.47188038	0.48616194	0.52253693	0.59223006	0.51786589	0.47930203	0.42365443	0.64342904	0.49048374	0.59530215	0.55076669	0.48539186	0.51267239	0.47093002	0.47394777	0.40458331	0.50008524	0.77258857	0.45932401	0.49111732	0.45627108	0.47959135	0.60766409	0.50004047	0.54800046	0.50232476	0.42980123	0.48251539	0.54316857	0.43790955	0.42208423	0.54532437	0.43271253	0.59764181	0.49167133	0.42248830	0.62108495	0.51707474	0.50343618	0.60265671	0.39763745	0.46864065	0.55015077	0.43372123	0.49096466	0.49135078	0.42171710	0.67966371	0.59825664	0.59835437	0.43120826	0.43890637	0.40402165	0.46958146	0.49357817	0.45833972	0.57430404	0.42412820	0.39788486	0.41744424	0.68316749	0.42080648	0.55876139	0.52135862	0.48840201	0.51855504	0.62359020	0.39437416	0.53138524	0.52755641	0.45393177	0.48907083	0.48077890	0.45794058	0.54086325	0.46539910	0.67070319	0.41747953	0.58950617	0.49360983	0.59628787	0.40535535	0.53348813	0.40658110	0.39421508	0.65792367	0.49984853	0.48017674	0.45037910	0.70006002	0.50987341	0.57821624	0.46494006	0.63555191	0.51255341	0.41432714	0.48157900	0.45395654	0.54739966	0.47132576	0.43096447	0.50082546	0.55961818	0.51354418	0.56325756	0.61037064	0.45920039	0.56318883	0.51858937	0.58830513	0.46196448	0.59647465	0.44829242	0.46098291	0.44647885	0.50282460	0.50024209	0.60173500	0.47161605	0.64825718	0.39970596	0.45410404	0.38652713	0.39255992	0.44996738	0.49086706	0.45972254	0.36237436	0.50125446	0.44006164	0.49611265	0.54937273	0.44929976	0.39384754	0.38618496
02_218	0.56574978	0.53171337	0.60442824	0.46795036	0.72908378	0.52165208	0.49235257	0.48871786	0.70678566	0.53886248	0.46643841	0.46646335	0.50552181	0.50770401	0.66388802	0.76757308	0.48264994	0.64586107	0.74702217	0.44378170	0.48332542	0.67223220	0.49610947	0.48910334	0.74861437	0.77050200	0.63708854	0.44342301	0.53078653	0.54817693	0.47322963	0.48083193	0.63333055	0.59533971	0.51186772	0.41063498	0.50092209	0.75603893	0.54363273	0.71889018	0.42247508	0.50526034	0.63724862	0.49121917	0.44390639	0.46029603	0.48035978	0.39950014	0.51703357	0.45201884	0.63460633	0.52682044	0.46797188	0.42727805	0.50128387	0.47164037	0.68469624	0.40298674	0.73275026	0.67183518	0.43697859	0.52433110	0.53117273	0.62040197	0.39930952	0.40055797	0.51272224	0.59760888	0.45537440	0.47787109	0.56782732	0.51116602	0.63287153	0.42578972	0.41562114	0.50554046	0.48880488	0.43851294	0.66418254	0.65775308	0.70728310	0.42158313	0.46794536	0.55920023	0.46311106	0.61110246	0.63587374	0.59376291	0.59730906	0.41512157	0.39306254	0.43232898	0.75602812	0.46126803	0.57379104	0.46053386	0.45842235	0.51904521	0.44324177	0.42394102	0.38248091	0.44304482	0.64783589	0.41927668	0.41408977	0.62736060	0.51144100	0.51077963	0.47452062	0.49367806	0.61916242	0.50225505	0.41550126	0.41544227	0.60064454	0.58216581	0.39625425	0.69071480	0.62200623	0.56122573	0.55446709	0.45493026	0.50660400	0.41759220	0.50764689	0.44696860	0.41206946	0.58909274	0.45567582	0.40577589	0.40963814	0.49566018	0.55400789	0.45228018	0.46072874	0.56588562	0.38898501	0.47349324	0.42484958	0.45474188	0.39737722	0.84502790	0.38679688	0.56103195	0.43616309	0.46445397	0.40888817	0.51037451	0.38925244	0.48822668	0.46791146	0.41808074	0.55296643	0.47880347	0.61394656	0.40549032	0.42648312	0.45996301	0.50557888	0.51181760	0.40889324	0.40911831	0.56376427	0.41481614	0.44227120	0.45087128	0.46857090	0.51543684	0.50584260	0.49228976	0.53722468	0.38523678	0.70390577	0.54954781	0.47561007	0.43013643	0.46826682	0.46895720	0.52589298	0.43580698	0.37085043	0.60142528	0.52102940	0.53072746	0.43089469	0.41497642	0.44882817	0.47593038	0.44133256	0.45629524	0.44772605	0.42456133	0.44117288	0.55966642	0.46003818	0.41597025	0.67897953	0.46901582	0.51685957	0.48928451	0.47093088	0.58450231	0.50295425	0.46944014	0.45561667	0.38265085	0.47234416	0.54429231	0.44076323	0.51799599	0.45748331	0.42483520	0.51701534	0.62297639	0.44154033	0.42798128	0.46677321	0.48756559	0.41593440	0.51424817	0.40787816	0.75526266	0.45171442	0.38391435	0.41585523	0.54118563	0.39677984	0.56718266	0.48120701	0.51761595	0.47623991	0.71026811	0.37860256	0.44580680	0.47286415	0.41164403	0.41179985	0.46493623	0.54488417	0.62883804	0.43196844	0.47852125	0.43271835	0.55303565	0.53960059	0.55066712	0.37928768	0.41549489	0.40839575	0.39482902	0.61827017	0.44780198	0.40823647	0.42171805	0.60987472	0.52940604	0.47101750	0.44363923	0.53492755	0.47393639	0.38882102	0.43327950	0.40949945	0.71503712	0.46328999	0.41161853	0.51635805	0.53417152	0.52115763	0.50794281	0.51774629	0.45572129	0.61636328	0.46733883	0.66300467	0.48714338	0.51167516	0.43803357	0.43186643	0.52898658	0.51214769	0.44939731	0.45635593	0.43745700	0.55517684	0.38712125	0.39203089	0.38230816	0.44022985	0.51133956	0.42523424	0.46094470	0.34290783	0.47224800	0.48879709	0.44424054	0.44297295	0.40617205	0.45392990	0.38192026
02_181	0.46075470	0.52759159	0.44656252	0.49759803	0.40326240	0.45874387	0.48378570	0.49485769	0.39471178	0.43841388	0.44017375	0.50590037	0.47994987	0.46136826	0.41271556	0.43037709	0.50732754	0.39803558	0.44260564	0.62688360	0.49548944	0.38939730	0.48278365	0.48992004	0.43310814	0.41676006	0.42914648	0.54642489	0.51245546	0.46186499	0.57396611	0.49018794	0.41366938	0.51191363	0.53223807	0.63999454	0.48694242	0.40433830	0.49275273	0.40171044	0.65439656	0.50206662	0.39818240	0.52603433	0.58365445	0.49511277	0.57117469	0.52189468	0.56175863	0.59509473	0.40865209	0.49512124	0.45013921	0.52379582	0.50022459	0.51585388	0.41020199	0.77118277	0.41592184	0.40655631	0.79801009	0.47784337	0.49222430	0.39768836	0.52800887	0.56593025	0.58205799	0.44036295	0.46408161	0.47033121	0.37930286	0.44187189	0.50956734	0.59275144	0.60972963	0.46637724	0.53051505	0.74960875	0.42428847	0.40599313	0.45119999	0.40764049	0.48701863	0.42412960	0.60370554	0.48612468	0.45053310	0.39207890	0.45087400	0.41478538	0.53307561	0.42965288	0.43736587	0.59922525	0.52927188	0.43882044	0.45832617	0.60534688	0.43285528	0.46287523	0.40064224	0.49600522	0.40883206	0.51745976	0.48400331	0.42530707	0.47748267	0.50417813	0.40960357	0.46452794	0.42431957	0.36436856	0.52906851	0.40936823	0.37946812	0.39974336	0.51229772	0.39735937	0.40541447	0.44421804	0.37757570	0.41519263	0.41773699	0.73159830	0.46663670	0.44924437	0.45526819	0.38942523	0.37979172	0.46126287	0.46773026	0.47097439	0.46995112	0.41143251	0.40073175	0.39181884	0.41742825	0.46520935	0.44337347	0.41315777	0.43442208	0.41367836	0.38723228	0.46357457	0.43640140	0.44153460	0.43857126	0.48280584	0.42976136	0.47939777	0.56297558	0.41595389	0.39763440	0.37602658	0.42627955	0.47855832	0.43123394	0.37083709	0.45443594	0.40109458	0.42364484	0.61322022	0.39701092	0.45824438	0.35557018	0.52927966	0.51200780	0.48811714	0.43802719	0.40688117	0.41904888	0.40148000	0.40661233	0.44353293	0.37031544	0.40432352	0.37943171	0.37623491	0.40086756	0.38162693	0.51745253	0.47845324	0.37719975	0.55977497	0.42639912	0.46994478	0.51169729	0.40539674	0.41425445	0.41232893	0.44678849	0.43721245	0.38593566	0.40943438	0.62963826	0.42639356	0.40020109	0.49887043	0.40081760	0.38086238	0.51435975	0.40316582	0.42471712	0.42261324	0.40632320	0.47852845	0.45016004	0.40848289	0.43522507	0.47157158	0.48388562	0.43224426	0.38083298	0.42879320	0.34517015	0.46012434	0.72258575	0.48935229	0.43999545	0.43735841	0.41415136	0.41416832	0.52734257	0.40462331	0.58638697	0.37280131	0.57555071	0.45934718	0.41789237	0.48443440	0.45692351	0.39209612	0.46897312	0.42421833	0.42300134	0.44342052	0.42369132	0.36427334	0.47653118	0.42969470	0.46475347	0.38358357	0.52069082	0.36534485	0.40702835	0.39367338	0.39681823	0.37884642	0.41402457	0.48332905	0.40031010	0.47160503	0.39752212	0.46062696	0.38404537	0.45878851	0.36362190	0.42057678	0.43721541	0.40262810	0.40461936	0.36895600	0.43074108	0.43242421	0.37886205	0.40689253	0.42862064	0.39521910	0.38638707	0.43623713	0.36668883	0.45317089	0.39021749	0.41734718	0.38586756	0.44858298	0.35891835	0.44388788	0.40861687	0.47663696	0.41646098	0.42955418	0.35971782	0.43076363	0.38697988	0.42048205	0.41454075	0.43332009	0.42898242	0.39276883	0.39192183	0.37269683	0.42262161	0.39319197	0.41208913	0.39331502	0.35340619	0.43338574	0.54295748	0.41428984
02_41	0.49950997	0.57745103	0.48101449	0.47363588	0.42375524	0.45295651	0.50387232	0.48434256	0.42763609	0.50627328	0.51657261	0.58592206	0.50736323	0.51917910	0.45601300	0.44308086	0.50780772	0.43028507	0.44182168	0.58413201	0.47204258	0.42438123	0.54016801	0.51751575	0.43950803	0.42525430	0.45258430	0.56801332	0.49332854	0.49961808	0.48343552	0.51440771	0.42703460	0.45365059	0.49400131	0.52600285	0.43707850	0.42228125	0.48715593	0.42617510	0.57122146	0.45139076	0.41452301	0.53196592	0.63878228	0.47826409	0.72057318	0.58644592	0.61601732	0.53896303	0.43895472	0.51659436	0.55981228	0.56279705	0.58115290	0.44772713	0.39989229	0.52274821	0.40488249	0.45293156	0.52730975	0.52127752	0.47567083	0.44518056	0.63343952	0.74032561	0.45806008	0.43582545	0.49831950	0.50605669	0.43295175	0.44733548	0.54568359	0.54941332	0.66442961	0.51113902	0.66496102	0.50362635	0.42624419	0.43610053	0.47143174	0.54351515	0.56279597	0.51885287	0.55895340	0.49549026	0.45897408	0.41014777	0.50580803	0.56764237	0.50930329	0.52809641	0.43977244	0.49146046	0.44581407	0.56226554	0.46619765	0.55409752	0.46822530	0.50557778	0.46488685	0.60233545	0.45903376	0.76940001	0.60208195	0.44915804	0.44085678	0.48060398	0.51503962	0.50005871	0.40192720	0.43881295	0.50473024	0.46608658	0.43495136	0.46834628	0.51251655	0.41596524	0.44049159	0.43658690	0.38938898	0.49598277	0.43021446	0.64411803	0.51422638	0.58326493	0.63977586	0.44128042	0.40184434	0.51193968	0.70709698	0.46747249	0.54586928	0.50336465	0.48289282	0.43545859	0.42332459	0.44566601	0.52365126	0.43506452	0.46142304	0.41469996	0.52998764	0.42521718	0.59201133	0.53470469	0.59303401	0.48710516	0.57056996	0.49134740	0.56772065	0.53903631	0.46407074	0.45965234	0.50693599	0.60760354	0.53081915	0.47062783	0.52367760	0.48596047	0.48883708	0.49346572	0.44547769	0.65312077	0.40120610	0.56039463	0.58518440	0.53873430	0.55918080	0.45594501	0.42651869	0.47280423	0.43474134	0.46344886	0.44148006	0.54706406	0.39611112	0.40934067	0.41484188	0.42451813	0.60808947	0.46477376	0.45116506	0.49758287	0.55765941	0.51321076	0.57261925	0.52724198	0.51274644	0.47686311	0.59928340	0.42898549	0.43028785	0.41842854	0.58321534	0.46816191	0.41124724	0.47721959	0.44592847	0.40206693	0.48727221	0.43692558	0.50350882	0.46947345	0.52542030	0.50116496	0.45908856	0.45382508	0.47810926	0.46387183	0.57212897	0.41521169	0.43979263	0.46245111	0.42413640	0.48394321	0.60781846	0.40433540	0.53012073	0.45358146	0.51943961	0.41877488	0.46277044	0.42083507	0.54787921	0.43967275	0.69617347	0.47016047	0.44833194	0.49130401	0.53806361	0.42236734	0.49957095	0.51553807	0.53558241	0.47926958	0.55808850	0.39307838	0.43982770	0.42897189	0.57801472	0.48843819	0.49534652	0.41741307	0.41558030	0.43909299	0.44837747	0.50529327	0.41622928	0.53346774	0.43869526	0.58016303	0.53360258	0.55750409	0.44116056	0.49578022	0.43011751	0.46991658	0.51839781	0.43518227	0.45347687	0.41486875	0.50587527	0.43788298	0.39178842	0.42874668	0.48092429	0.42159878	0.40580598	0.51035226	0.42990278	0.48110927	0.41165463	0.50680572	0.41594201	0.47473874	0.41989404	0.47362038	0.45563699	0.44742011	0.46421522	0.50287019	0.44279278	0.51473289	0.44504773	0.44326021	0.54200651	0.45472396	0.39834882	0.39973906	0.50355761	0.38358637	0.47065285	0.44192639	0.41532942	0.45288633	0.42967610	0.53324452	0.45624669	0.42347087
02_163	0.65154387	0.62737681	0.61459213	0.52604363	0.48576398	0.45874510	0.46614481	0.64228699	0.45389999	0.56828104	0.56189552	0.62549451	0.70035112	0.64941147	0.50982264	0.45870576	0.49143144	0.41995001	0.49238830	0.56639284	0.55485310	0.44653432	0.73484789	0.68552047	0.52288519	0.45873199	0.56778076	0.51872116	0.49398626	0.67589848	0.43495984	0.53496702	0.43500193	0.47202289	0.47286194	0.45133351	0.40819498	0.44732446	0.50939299	0.48671016	0.51163463	0.42825729	0.41092260	0.58043858	0.62663048	0.51531263	0.63168906	0.48774700	0.59279536	0.50793957	0.42581468	0.47917967	0.57694014	0.45386425	0.60247218	0.40989090	0.42367992	0.47987147	0.45308922	0.49154271	0.56374029	0.58627239	0.52677518	0.46985886	0.43654932	0.50900700	0.47324891	0.41304816	0.45404525	0.48720202	0.42413780	0.41211385	0.56036558	0.43908482	0.55243692	0.70116602	0.51302985	0.48524821	0.42647746	0.42380401	0.52290740	0.45987412	0.56998212	0.49350334	0.61723708	0.59894484	0.47172935	0.39727944	0.52647349	0.46171325	0.41276132	0.45292015	0.47798859	0.52705611	0.47008955	0.43409965	0.47103321	0.51109796	0.43877946	0.39015031	0.38096967	0.61295561	0.48980623	0.51255136	0.44129110	0.45022577	0.45940283	0.59640276	0.47385352	0.72685836	0.43793875	0.39211934	0.43652060	0.37073073	0.43063991	0.43190468	0.39454733	0.48479285	0.45528935	0.44383261	0.38295124	0.49064700	0.40300763	0.50988849	0.45997224	0.55501462	0.46630746	0.45114515	0.36143590	0.39525949	0.46706207	0.45174543	0.62449177	0.41004438	0.39113909	0.40828169	0.34193371	0.39462804	0.43980656	0.39758718	0.41258280	0.47177611	0.41643655	0.48530476	0.49252605	0.51918722	0.47330668	0.49586214	0.39800358	0.41072358	0.53510502	0.44488210	0.41853399	0.39731490	0.49262370	0.42676606	0.39247070	0.39646459	0.43303161	0.46348882	0.40804739	0.42627888	0.43250062	0.45277092	0.34523002	0.49563106	0.71243522	0.53050457	0.52314044	0.40724612	0.41142794	0.38442062	0.48622770	0.47009931	0.37761549	0.43501801	0.36561287	0.36262512	0.40058501	0.36268587	0.46525089	0.57919835	0.41370779	0.49198179	0.46381161	0.42406166	0.42562463	0.42766111	0.41994528	0.40493310	0.51466064	0.36586573	0.36714964	0.42135982	0.64483864	0.40948662	0.41656555	0.53887845	0.40920099	0.36446024	0.50461198	0.41299843	0.52306095	0.40817017	0.45256031	0.39854422	0.43973632	0.41230261	0.44354713	0.45689463	0.56492903	0.36421593	0.41746584	0.55294433	0.36244171	0.44251255	0.58947395	0.41017720	0.46924116	0.39476337	0.41656285	0.47504131	0.41134125	0.33597291	0.47053434	0.39916513	0.51128274	0.47329450	0.41395895	0.46254590	0.58869877	0.46839096	0.38533700	0.49416864	0.47861375	0.41199160	0.46083630	0.34926933	0.46799775	0.45134502	0.44095136	0.41692093	0.47523763	0.40734084	0.39407568	0.39668061	0.37217715	0.39892292	0.34379433	0.45700266	0.46149560	0.49663761	0.43836748	0.43059820	0.43044909	0.62561462	0.36933158	0.40350035	0.46026472	0.40412279	0.36347586	0.35457211	0.45995693	0.49941286	0.36121386	0.34809704	0.46905898	0.41346158	0.37849845	0.52533430	0.38909291	0.43708284	0.45986540	0.42857652	0.44478975	0.61816923	0.38981570	0.45486357	0.37184243	0.52529504	0.43399822	0.48081359	0.38268145	0.41660691	0.42777800	0.40474396	0.40361265	0.36311257	0.35972998	0.38867561	0.42893980	0.35807771	0.35396068	0.37580181	0.40397281	0.37969285	0.36714870	0.41187637	0.50500356	0.38860012
02_207	0.53649600	0.54646984	0.50669056	0.47773486	0.43988163	0.39830078	0.43118002	0.49627653	0.47791386	0.63186398	0.70371679	0.62204978	0.53316228	0.59728526	0.50890410	0.46960153	0.43241591	0.48146871	0.47496524	0.45590574	0.50434820	0.48358316	0.55472531	0.52698590	0.45414611	0.43445339	0.46143660	0.46948404	0.52690124	0.52703204	0.40502968	0.58338716	0.50157598	0.40956532	0.41343714	0.44320122	0.38645623	0.47297947	0.42228864	0.43994079	0.46909471	0.40649337	0.46696457	0.56136103	0.51877085	0.46991574	0.57947034	0.49059830	0.60082737	0.48660154	0.45368956	0.47140834	0.70728180	0.53564634	0.60687900	0.40271938	0.42732870	0.39968815	0.41134981	0.49409936	0.41904167	0.63262311	0.47828463	0.51947384	0.47554062	0.45992455	0.39611497	0.43796482	0.52459027	0.60992245	0.52605343	0.42935401	0.54010602	0.45240875	0.47235836	0.50056790	0.48060522	0.40392777	0.45864475	0.47002069	0.49371342	0.75868846	0.54152973	0.52862492	0.42498361	0.44588316	0.50779949	0.46456112	0.62780869	0.63462827	0.45798778	0.73935146	0.46028609	0.46582425	0.40311738	0.45965516	0.57585022	0.50229030	0.62390921	0.43477078	0.49408313	0.48640548	0.46468162	0.56668838	0.47812752	0.53452022	0.37493640	0.47465130	0.76997171	0.51231149	0.39914147	0.48043612	0.48713710	0.38573978	0.50242597	0.50159256	0.39320047	0.42743313	0.42282431	0.42936603	0.45887595	0.78911127	0.42448433	0.43893019	0.51239081	0.54410736	0.63789458	0.53802149	0.39665634	0.48836171	0.54580369	0.38221529	0.57590947	0.51454042	0.45393968	0.52609938	0.36817157	0.41268616	0.56011224	0.40859549	0.43243554	0.42852800	0.56959419	0.42758543	0.64443102	0.83747540	0.51299807	0.53992567	0.46373983	0.41914489	0.44760225	0.70100149	0.47137473	0.45860968	0.56868298	0.44721265	0.45001290	0.52160366	0.53438438	0.66666321	0.48809205	0.38836726	0.50781694	0.60252698	0.42319937	0.40083827	0.49215761	0.53509118	0.67598345	0.45062707	0.49104410	0.50431288	0.43390034	0.58309850	0.47970075	0.54683886	0.38036079	0.40719458	0.50385234	0.44710802	0.39716481	0.46981220	0.45376029	0.42455285	0.74042785	0.37407534	0.44600727	0.56337014	0.61834765	0.38961077	0.77049913	0.35759441	0.44313833	0.39757498	0.44002451	0.55085580	0.46085116	0.46696123	0.42351673	0.42291893	0.53427207	0.43404629	0.69589328	0.47120129	0.48529559	0.43254168	0.43111565	0.47939130	0.63954935	0.38165253	0.51297179	0.34683202	0.41293542	0.45353203	0.44669435	0.47697498	0.46927065	0.35082558	0.46618079	0.45684248	0.60348103	0.41877688	0.37017995	0.37386940	0.41375011	0.49340795	0.43540204	0.39868714	0.39857459	0.42094942	0.48860538	0.45062570	0.43438487	0.44973868	0.79189369	0.36072496	0.51294062	0.42289159	0.43449177	0.41837570	0.61705163	0.50334665	0.43748789	0.49559708	0.45139954	0.46789038	0.46899909	0.53146497	0.37361366	0.49223528	0.41999349	0.49910739	0.65849698	0.48290178	0.48486908	0.48936772	0.45687642	0.49871325	0.45309487	0.40016810	0.45427256	0.44210877	0.44432230	0.45763120	0.37533550	0.37404023	0.62919812	0.39525567	0.41016569	0.47540176	0.48079313	0.46295443	0.40725281	0.56954874	0.45182013	0.47348566	0.46910654	0.43409661	0.40396714	0.45825987	0.49532728	0.43824895	0.45409198	0.47238729	0.44418217	0.40060889	0.46672533	0.42353854	0.37788029	0.47874735	0.59756709	0.37049749	0.40099081	0.43840118	0.49792749	0.40524386	0.45619504	0.49648846	0.43693276	0.38495212
02_200	0.43412701	0.44010206	0.44255969	0.38410544	0.46807486	0.41732888	0.43824976	0.38137434	0.52548622	0.46727684	0.43106097	0.41794757	0.40251747	0.42644150	0.49877577	0.51115632	0.41210587	0.58045345	0.46284576	0.38155244	0.38343040	0.52788031	0.41317877	0.39954436	0.44873872	0.48454991	0.43923406	0.40002209	0.43396845	0.42307289	0.40248837	0.42120362	0.49304568	0.41563227	0.41762794	0.37204278	0.41367848	0.50566818	0.42137031	0.47232205	0.37538763	0.41049903	0.52499440	0.41074300	0.39636130	0.38739283	0.44401852	0.38813984	0.45040214	0.39465150	0.56670696	0.46000283	0.45098114	0.43042005	0.44205133	0.39810209	0.45112178	0.35000549	0.43732852	0.52282351	0.35175882	0.43863270	0.41361500	0.52550087	0.42895289	0.40316471	0.37881240	0.49298501	0.44313986	0.44224666	0.58064198	0.45712280	0.49391036	0.40539906	0.38385483	0.40955004	0.49163750	0.35890996	0.48746397	0.57199659	0.48579729	0.49519283	0.43387254	0.58992977	0.37993231	0.42964476	0.48021070	0.52979404	0.50075976	0.49875359	0.38285041	0.47797439	0.47286129	0.36924774	0.39660855	0.56595774	0.40462465	0.43199427	0.43060955	0.46929007	0.44563502	0.41575054	0.52819618	0.44385667	0.44751967	0.50805866	0.38771784	0.39020796	0.51910189	0.39402008	0.41959740	0.84670513	0.38813095	0.49422436	0.58906244	0.69691160	0.40828488	0.45462951	0.50685948	0.44664472	0.48436688	0.44941216	0.47594507	0.38642636	0.47772301	0.45174416	0.47984519	0.53577246	0.49169124	0.45363184	0.47993364	0.41564585	0.46425675	0.59042245	0.61212928	0.58108741	0.42568270	0.42817485	0.45931223	0.45503025	0.40042191	0.44893603	0.49827761	0.39363325	0.48542738	0.45307579	0.46492023	0.42653482	0.49378356	0.48969663	0.40223401	0.49680034	0.65811515	0.71587162	0.58023835	0.46145525	0.54709233	0.76407623	0.56627950	0.53485863	0.45775038	0.36940305	0.52876662	0.48935334	0.59574042	0.41038970	0.40523128	0.45788139	0.53546218	0.51995210	0.46959071	0.45105327	0.47498941	0.45782593	0.79500385	0.55448795	0.47062888	0.54263663	0.47066338	0.52908515	0.37472924	0.40970090	0.68875723	0.40595006	0.49400511	0.41700207	0.47707571	0.64890006	0.53222407	0.50085529	0.47361836	0.42450250	0.52368293	0.46591271	0.37601798	0.43102643	0.49610363	0.37967125	0.54201269	0.51685657	0.39155587	0.54803961	0.46283031	0.49982139	0.53987504	0.40279496	0.42557002	0.54383978	0.42820630	0.41593621	0.42535881	0.40497426	0.54388980	0.44575209	0.76509641	0.40860272	0.38775326	0.36204640	0.42734992	0.50716983	0.47903052	0.44403448	0.39273892	0.43040469	0.38527308	0.71493043	0.38416698	0.45580715	0.46252370	0.43186408	0.42478986	0.47761034	0.40531888	0.45257497	0.50618266	0.41389598	0.45757055	0.52826790	0.40228650	0.44654104	0.47652711	0.65428772	0.37930426	0.55024091	0.48737718	0.59257781	0.42282549	0.57828511	0.42594174	0.37789004	0.48103769	0.44571929	0.47982225	0.44271336	0.57214744	0.40796887	0.65188853	0.46665279	0.51986546	0.45720942	0.44248144	0.56576747	0.40603798	0.43645998	0.45391110	0.44750608	0.46321871	0.46466007	0.48422000	0.44828783	0.61208552	0.42438032	0.43020103	0.50730626	0.47139770	0.37846464	0.56331005	0.39654965	0.46368865	0.38151229	0.46492264	0.41956846	0.59967581	0.45767178	0.51711692	0.36984993	0.44906051	0.39657773	0.38797353	0.44648122	0.47739863	0.43361134	0.37130252	0.50935771	0.44096674	0.47826205	0.58404085	0.44429045	0.35188587	0.35934129
02_101	0.44995849	0.45198681	0.43152511	0.48047269	0.39170642	0.36153454	0.39113874	0.44884223	0.42051858	0.48325885	0.50638830	0.48290807	0.45591414	0.47565986	0.43033165	0.43821608	0.38527777	0.46234553	0.43629882	0.40715718	0.47117084	0.42081282	0.45875599	0.46832482	0.40993457	0.41589046	0.40465252	0.41112538	0.50982711	0.44335193	0.40944482	0.55604165	0.46004798	0.38681070	0.38725424	0.44388391	0.38134930	0.42628796	0.37854291	0.39377441	0.43170009	0.38566110	0.44848889	0.52152955	0.44606534	0.48774813	0.51932070	0.43020821	0.52155491	0.51094928	0.46318934	0.42059528	0.54205168	0.61305987	0.47312703	0.39759246	0.41166370	0.41087344	0.39316093	0.43013498	0.39470489	0.51923105	0.47785612	0.43544455	0.48827725	0.44951736	0.38214881	0.44146960	0.61838554	0.60222750	0.45181643	0.39557732	0.50008808	0.46178469	0.42742420	0.44161514	0.48922234	0.40350445	0.42534091	0.46537686	0.45850325	0.63469103	0.54965914	0.50888631	0.38925590	0.39803983	0.48888321	0.45666431	0.51715348	0.66967968	0.46175770	0.73669340	0.43696088	0.45019358	0.39276845	0.47460695	0.53266448	0.48251156	0.58730763	0.45238314	0.71454130	0.47769776	0.42848827	0.52668528	0.45153110	0.48789906	0.34689741	0.45096613	0.55329946	0.43345618	0.39862190	0.47374047	0.45724060	0.40543916	0.43749139	0.49634645	0.44599986	0.38262582	0.41654120	0.45396320	0.43241360	0.52017676	0.47899599	0.44898973	0.44326962	0.53195664	0.62172260	0.44370990	0.46299453	0.59894301	0.59077379	0.36118526	0.49672543	0.65100158	0.45219066	0.49185434	0.41403260	0.39948268	0.74542890	0.47985167	0.53441664	0.39356714	0.64894932	0.42033137	0.65076172	0.56739160	0.58422116	0.53128078	0.49687191	0.45138325	0.39885428	0.76549710	0.49355169	0.49521604	0.50413568	0.45876799	0.49516949	0.53302430	0.52773040	0.50720644	0.66796039	0.41969146	0.42807471	0.59696458	0.48598901	0.39202134	0.45430538	0.55385387	0.57679338	0.41037676	0.49443686	0.73044634	0.39158196	0.51087682	0.52091046	0.61473994	0.43013973	0.46894970	0.47690108	0.55060159	0.41134524	0.43168344	0.45827880	0.39064623	0.73233891	0.38938507	0.48376803	0.53527271	0.75899592	0.40172881	0.59005152	0.39476199	0.54119106	0.41874100	0.39731340	0.65142620	0.43266944	0.46601496	0.46573548	0.47285597	0.49883734	0.45597400	0.49234968	0.56685389	0.51820565	0.54312829	0.48548192	0.43148463	0.59194670	0.36213028	0.52028801	0.38013391	0.42227202	0.40798855	0.46438491	0.55864687	0.45594976	0.34462328	0.52836472	0.47671689	0.80200537	0.38975482	0.38802879	0.41806952	0.45882492	0.47129636	0.42457464	0.38739516	0.43981067	0.38305085	0.46462994	0.39287121	0.53757802	0.46980702	0.59192626	0.37260798	0.57408686	0.46906524	0.43881982	0.41919639	0.65874856	0.51116147	0.47655554	0.42388259	0.47781367	0.48898324	0.61757993	0.56673458	0.40009818	0.41801928	0.39466655	0.53776889	0.60229533	0.43878720	0.43528331	0.42937256	0.48639104	0.59213495	0.43370049	0.44100810	0.56898787	0.53451734	0.48396752	0.41066301	0.42110239	0.40703287	0.51216993	0.40835378	0.43557563	0.45153065	0.44941244	0.51386115	0.36992002	0.56721885	0.39346213	0.40634796	0.42708832	0.46344526	0.39805833	0.42801042	0.41746277	0.43635624	0.45848247	0.42942804	0.41733425	0.44966328	0.46884531	0.46240658	0.37208975	0.45528620	0.53044066	0.40565629	0.43653700	0.42726295	0.49340027	0.39362347	0.45519210	0.54461660	0.42296748	0.42961447
02_273	0.39307709	0.43406785	0.38636533	0.43840105	0.36783898	0.40865857	0.43996037	0.40571924	0.37099365	0.38678669	0.38466085	0.41828063	0.39854350	0.39240328	0.37532261	0.40889630	0.43362649	0.39926112	0.40143432	0.46909663	0.41603591	0.36622040	0.40193262	0.41106949	0.38623994	0.39826444	0.37683321	0.44968572	0.46128831	0.39082709	0.55388507	0.43937466	0.39208371	0.44792848	0.47006470	0.55025556	0.47450603	0.37970286	0.42313209	0.36902441	0.49468723	0.45658240	0.39351782	0.44852122	0.45597939	0.45029480	0.49319775	0.44691949	0.47679586	0.53274000	0.42417929	0.44630466	0.40545960	0.54794789	0.42088850	0.48915365	0.38946725	0.59321530	0.38679190	0.37863803	0.49063492	0.41364856	0.44436043	0.36928712	0.57635701	0.54039152	0.47780156	0.44830739	0.48025560	0.44294227	0.36772201	0.42133727	0.46508364	0.59023364	0.48753624	0.39907032	0.56233647	0.55318524	0.40298422	0.41342034	0.41618332	0.40609840	0.45946367	0.42823788	0.46231500	0.41426481	0.42695463	0.39552898	0.41129170	0.43145785	0.51792149	0.43014563	0.40897744	0.46828575	0.46258939	0.49818304	0.41218806	0.52333082	0.41153392	0.53433437	0.46392517	0.46069402	0.39245855	0.49771452	0.48921234	0.40489495	0.41544775	0.42498716	0.39150031	0.38549559	0.40403897	0.38849139	0.46991402	0.49098948	0.36873321	0.41806683	0.81508343	0.36176085	0.40643845	0.44828851	0.36994271	0.37642638	0.46172852	0.64553078	0.43120937	0.43666107	0.46670735	0.36542744	0.44551566	0.55317438	0.51588424	0.44026948	0.41979516	0.47950288	0.44255034	0.39411992	0.54767128	0.45989632	0.47938147	0.47850083	0.49024714	0.37797273	0.42138019	0.41397286	0.44303401	0.40214459	0.47698673	0.44375198	0.50963692	0.56989465	0.46008651	0.42969058	0.43242636	0.42277156	0.41452170	0.54544732	0.53401687	0.40408863	0.47698855	0.38100320	0.49225062	0.68049024	0.37555186	0.48333288	0.41432455	0.51089299	0.44089106	0.47289244	0.42290048	0.40348201	0.41583633	0.46337268	0.37664519	0.40636167	0.41521489	0.44697193	0.43720809	0.44125162	0.39043884	0.44933701	0.54883332	0.40880000	0.40355517	0.46590902	0.43243599	0.54028102	0.64783522	0.42944369	0.44837015	0.46754041	0.42419112	0.55905278	0.45689449	0.42844140	0.46412206	0.44288288	0.38698084	0.43740756	0.44983033	0.42617936	0.43797357	0.43284771	0.37984735	0.48357799	0.44202663	0.61827034	0.48032517	0.40322258	0.41334422	0.44086356	0.46229166	0.53516602	0.40692117	0.38678368	0.38448234	0.48189599	0.54147116	0.44396848	0.47232513	0.47352311	0.44986647	0.38218840	0.58389799	0.51909247	0.65732338	0.38917435	0.53526043	0.44663538	0.47295424	0.43909718	0.42445205	0.36074186	0.61390994	0.43808213	0.40837052	0.49733817	0.45582111	0.40935625	0.44116561	0.42038677	0.48990302	0.41549053	0.51022004	0.35440762	0.42456797	0.42516882	0.45700215	0.42007301	0.49450421	0.41682728	0.38802373	0.49308409	0.40460509	0.45341351	0.37851319	0.39530123	0.40687850	0.46468173	0.44731017	0.44990163	0.48621420	0.43283375	0.45250757	0.38671219	0.43494749	0.50645876	0.39686702	0.41590852	0.41853142	0.41831181	0.37903631	0.47867354	0.36120323	0.43453970	0.35837980	0.37590603	0.36367031	0.45142961	0.44533562	0.40612394	0.38756959	0.42903171	0.39167761	0.43034018	0.38897718	0.45369051	0.45328674	0.49505563	0.42930083	0.38134279	0.39401431	0.41637323	0.49814792	0.41893441	0.40011927	0.42106516	0.38389015	0.48195125	0.43822455	0.44763788
02_286	0.79172736	0.58621914	0.76128318	0.57850379	0.57376865	0.45066223	0.44514581	0.71698850	0.52370801	0.61678770	0.56658564	0.56365177	0.78426072	0.68926795	0.59130323	0.53110945	0.45679882	0.48069725	0.59625086	0.48225615	0.61233343	0.50975722	0.71407141	0.74611893	0.65404841	0.55164661	0.69788054	0.45795718	0.53471296	0.81680096	0.43009232	0.57759106	0.49898766	0.49124134	0.45731999	0.42200155	0.41459663	0.52330885	0.49442001	0.57818378	0.45252812	0.42738756	0.47053754	0.61413980	0.51944715	0.56387954	0.57142207	0.42650383	0.57714001	0.50847860	0.49291163	0.46821927	0.58201488	0.45103718	0.56362956	0.41044682	0.49838802	0.44046053	0.54782897	0.56898259	0.49280259	0.64738324	0.61639213	0.52664138	0.40444928	0.44238384	0.47343512	0.45486463	0.49044609	0.52492815	0.46782768	0.41623884	0.63028872	0.41741139	0.46377782	0.79074617	0.49996648	0.45782286	0.47485290	0.48958787	0.64530524	0.46288838	0.60474172	0.55249615	0.52287257	0.63273558	0.55445874	0.45108581	0.59994630	0.46519716	0.39159131	0.46638509	0.58134380	0.52456524	0.50155365	0.43400672	0.50160776	0.51043724	0.46238424	0.38272015	0.39588731	0.57937879	0.57083823	0.46216494	0.40835264	0.51618358	0.45017452	0.69346707	0.49220865	0.77641312	0.52050352	0.42702929	0.41457064	0.36878289	0.48004205	0.48490080	0.38561900	0.57403139	0.53190097	0.51715032	0.42916086	0.49979944	0.45554197	0.45690526	0.45380167	0.56303478	0.44537615	0.49992730	0.40035823	0.39769772	0.44518280	0.44067087	0.72456927	0.43819103	0.39799394	0.45510698	0.34551756	0.39619619	0.46085639	0.43979551	0.43558655	0.57436329	0.41870215	0.57817052	0.50139951	0.53216340	0.47072409	0.55467600	0.38241715	0.42305052	0.47576806	0.45343120	0.46974197	0.43222416	0.55885856	0.40037778	0.39249564	0.42259767	0.44625793	0.49456483	0.43009500	0.41290535	0.45983170	0.43352362	0.37638235	0.45970128	0.65461772	0.59783604	0.55721729	0.41194747	0.46288383	0.39928171	0.56606567	0.52604013	0.40986063	0.45104255	0.40849810	0.40086184	0.44450966	0.39396091	0.41361917	0.74904862	0.45611644	0.47781705	0.47380965	0.40818255	0.42029461	0.44237685	0.44311521	0.41237649	0.50812653	0.37539662	0.39983777	0.48829334	0.53259051	0.43075837	0.48176662	0.59514549	0.46018681	0.40622678	0.52574748	0.47366145	0.54826515	0.44869219	0.48025616	0.39847209	0.49079289	0.43188194	0.46532132	0.45442920	0.58647385	0.37680053	0.46540145	0.67130442	0.38811896	0.47257764	0.54280337	0.41918562	0.48666664	0.42123154	0.42945517	0.57748402	0.41232958	0.33955492	0.45745873	0.44026107	0.44208023	0.49638650	0.45660922	0.45056196	0.62673975	0.54510791	0.38378048	0.52107980	0.49954820	0.39955442	0.47044782	0.38499018	0.53903408	0.53747463	0.44134954	0.44828305	0.49313345	0.44722740	0.44595952	0.44524986	0.38869591	0.41144545	0.34947256	0.41087757	0.52763787	0.51245541	0.44173566	0.40566599	0.48379797	0.72298018	0.40228697	0.43533742	0.48000230	0.45007430	0.37660503	0.38446053	0.47675013	0.60714804	0.40236565	0.35572634	0.50972019	0.47119002	0.42710902	0.58008446	0.42426006	0.47374020	0.53073622	0.45509712	0.50951994	0.65648409	0.42523113	0.49005995	0.37183136	0.61244853	0.44388524	0.50286612	0.41101746	0.40578951	0.47392939	0.42346506	0.39284871	0.36360625	0.36665572	0.43119227	0.43974883	0.39954615	0.34112891	0.39154187	0.44494868	0.38429582	0.39094937	0.41513929	0.52142495	0.40721630
02_44	0.47562970	0.55750752	0.46790648	0.41792543	0.44196442	0.46564903	0.53259291	0.42528478	0.47832273	0.52840064	0.51876883	0.54824260	0.45506321	0.49254642	0.49200163	0.47679067	0.51207348	0.49040749	0.45070572	0.50504185	0.42445227	0.48203324	0.48627171	0.45235615	0.43796405	0.43765777	0.44450467	0.54444554	0.47996318	0.46664455	0.46063217	0.47564095	0.46822295	0.44582424	0.48817386	0.47076589	0.44498111	0.46249950	0.48353183	0.44236542	0.50144345	0.46311507	0.46253625	0.47355697	0.54036472	0.41868954	0.59371213	0.55886083	0.57607504	0.46153933	0.47349446	0.56328967	0.54555506	0.52646361	0.57741083	0.44873421	0.41510472	0.42378883	0.40576054	0.49489916	0.43296306	0.50040989	0.43298034	0.50971247	0.61679618	0.56354157	0.42351943	0.46758598	0.47187126	0.49403789	0.52701038	0.50751538	0.53716233	0.51852698	0.53275421	0.45344860	0.59929815	0.42559917	0.46859666	0.48145869	0.47437945	0.61209333	0.48621717	0.55728986	0.46881104	0.46653594	0.46980755	0.46086930	0.53625786	0.59470504	0.49315642	0.56694811	0.44570644	0.42977619	0.41886321	0.63476329	0.45430085	0.52034258	0.48478568	0.57315031	0.47063929	0.48558725	0.48346527	0.68058195	0.66608274	0.49111264	0.42747954	0.42319876	0.61051463	0.44499209	0.39293261	0.54859081	0.50185682	0.52074599	0.51653754	0.54614664	0.46883936	0.42898164	0.44580811	0.42236242	0.44022311	0.54060526	0.43021098	0.49709038	0.60244957	0.51340508	0.71488825	0.51836713	0.41809404	0.53023876	0.66118937	0.45958989	0.51194324	0.55502552	0.62738877	0.51480272	0.44347142	0.48066089	0.50437165	0.42024604	0.41567251	0.42013762	0.57209070	0.39647923	0.57231509	0.54780253	0.53439865	0.45889268	0.67511113	0.50924591	0.52163865	0.59384030	0.51454147	0.52718794	0.56096381	0.63929225	0.62030768	0.59584931	0.65487020	0.58007202	0.47413013	0.42734039	0.53793789	0.75363231	0.45934011	0.48538497	0.47398386	0.48751320	0.60870138	0.56834764	0.45277241	0.47820519	0.44699002	0.48430637	0.54269090	0.58238796	0.40131781	0.43988985	0.45798888	0.46359313	0.47012685	0.42670030	0.51732235	0.47521861	0.59464645	0.46493504	0.56693605	0.70154151	0.56828608	0.49094057	0.61208355	0.42386549	0.45989328	0.41281476	0.47083915	0.47007631	0.44683444	0.41187456	0.45633778	0.43564395	0.45004784	0.45672401	0.53719196	0.47085427	0.52562266	0.45503249	0.41990508	0.55431275	0.48658380	0.44786493	0.47581669	0.39976636	0.45503006	0.44399625	0.51837968	0.43438401	0.47289241	0.38243279	0.45624732	0.49994308	0.53918583	0.41516428	0.42448313	0.44918169	0.44187610	0.53480009	0.50996566	0.46044888	0.42573031	0.50122325	0.46179868	0.44716582	0.46354441	0.46455454	0.59319558	0.44822550	0.50245374	0.43753984	0.40739645	0.41465418	0.60380000	0.55917728	0.41565013	0.49606934	0.44094407	0.48655291	0.44087507	0.58940682	0.44195822	0.52161623	0.44118029	0.49184142	0.57008902	0.61262209	0.49826360	0.44131466	0.49848982	0.46854549	0.53035183	0.41548739	0.46189967	0.47081090	0.43083481	0.42928176	0.39328327	0.44889658	0.50419906	0.41171264	0.41843285	0.46223482	0.51030499	0.43720936	0.40745183	0.53365273	0.44148786	0.41819149	0.48627716	0.41087626	0.50337583	0.40310063	0.52054495	0.43931711	0.49919763	0.56701277	0.46695454	0.38492443	0.54167040	0.44809004	0.41469535	0.43366954	0.53647078	0.38114365	0.44522852	0.50258510	0.44391491	0.49351984	0.49888432	0.50549760	0.39401068	0.37152791
02_29	0.55494432	0.54550567	0.54909090	0.51209352	0.53154836	0.44697397	0.46741615	0.50311147	0.60670583	0.60391229	0.55577658	0.52757774	0.52042204	0.55071943	0.59421349	0.64914104	0.45684227	0.69174966	0.62894657	0.44801993	0.52840835	0.60683684	0.51607864	0.51388183	0.55748958	0.57441040	0.52073002	0.45735429	0.63384684	0.53496080	0.47167160	0.59062158	0.71432954	0.49785239	0.46780085	0.45694562	0.46600300	0.64123981	0.46826171	0.53018737	0.45701896	0.47722872	0.67255577	0.57056646	0.47384726	0.50514089	0.54296484	0.44109507	0.60403389	0.51755612	0.62901668	0.52271418	0.56320080	0.54402361	0.55367161	0.47434745	0.58438552	0.41719250	0.53309224	0.59120429	0.43098490	0.62245438	0.55761802	0.60935715	0.46257175	0.43293310	0.46235232	0.60131523	0.57994324	0.63784548	0.63441558	0.50197114	0.66903972	0.48002451	0.44031908	0.49750259	0.51777972	0.43926470	0.62767674	0.67873123	0.63426004	0.55154681	0.53573921	0.60765282	0.43404540	0.49880651	0.71703296	0.66955064	0.75052647	0.52801416	0.46073928	0.60373468	0.62043767	0.49595079	0.49514251	0.49774847	0.58390106	0.57511780	0.60861423	0.47839973	0.49942655	0.46780850	0.55649692	0.49300920	0.46264398	0.79319173	0.42397321	0.51440167	0.62060904	0.49181576	0.51475585	0.57043230	0.48553886	0.43028604	0.61154150	0.65503388	0.43165879	0.50853778	0.52300585	0.55429614	0.62368663	0.57531716	0.54925430	0.44505514	0.55216729	0.50405959	0.52286067	0.62618864	0.50206667	0.51919314	0.49437962	0.42928805	0.59224908	0.58538355	0.50972499	0.74614714	0.42499412	0.48536378	0.56013097	0.49326007	0.46247590	0.54770146	0.48799321	0.52144007	0.55101082	0.60213211	0.48063095	0.62248054	0.45456868	0.51121267	0.45596480	0.56633213	0.60675137	0.53678518	0.70085331	0.44872018	0.49220370	0.56721189	0.63596550	0.64690389	0.51674960	0.42810949	0.58879185	0.52218774	0.52939982	0.42595193	0.47665447	0.60006253	0.63566659	0.50585378	0.67899845	0.50517041	0.52027793	0.72714361	0.58772377	0.53110245	0.47992557	0.52100933	0.67463740	0.54965229	0.38670946	0.54511543	0.53877399	0.48230037	0.58313593	0.40431651	0.49993489	0.58925147	0.62534763	0.44040710	0.56910663	0.42444229	0.54536530	0.50492494	0.44075753	0.56320126	0.65690514	0.49865230	0.53033655	0.56566929	0.55863327	0.57885978	0.60056377	0.57629840	0.50765515	0.45542123	0.50934546	0.57758622	0.60296354	0.43591833	0.50674914	0.41306104	0.48822449	0.51472988	0.50410412	0.51273952	0.48688465	0.41715748	0.46888186	0.60234509	0.55329211	0.52423742	0.43267588	0.42793810	0.44196723	0.61958899	0.41652142	0.46990963	0.47796915	0.47046627	0.48903447	0.54231844	0.45622677	0.46403811	0.63764180	0.39214376	0.48587972	0.55286915	0.53723473	0.53857607	0.58146319	0.55463307	0.47216006	0.58270987	0.63008171	0.64173567	0.48491726	0.51605096	0.43883350	0.43998535	0.50068629	0.50864417	0.52293159	0.47038257	0.59892277	0.50604121	0.55618193	0.57279356	0.51703827	0.47925444	0.49267681	0.54319111	0.44872142	0.56693774	0.47252660	0.43784199	0.67006359	0.48574629	0.53791889	0.50651810	0.58014302	0.52486963	0.47741276	0.60790597	0.54723693	0.46906378	0.54604871	0.46887707	0.45101857	0.51948814	0.53820680	0.45667254	0.50677036	0.48015667	0.52390107	0.42385295	0.44973918	0.45278115	0.44757144	0.62447824	0.52855333	0.46251944	0.39715418	0.51583614	0.62497614	0.45053337	0.50764293	0.49452660	0.47053353	0.41394538
02_215	0.43425268	0.43858726	0.43868216	0.42398288	0.46541114	0.41319998	0.42857204	0.40212788	0.53411572	0.46091145	0.42894660	0.41621887	0.40896228	0.42498408	0.48806633	0.58109673	0.40836589	0.68811581	0.52374334	0.38449535	0.42322062	0.53515910	0.40672166	0.40734424	0.46943538	0.52606709	0.43305689	0.39676777	0.51296144	0.42131793	0.45020204	0.46189881	0.61123941	0.45731859	0.43119303	0.41024202	0.46297132	0.56539557	0.41765929	0.46463747	0.39442328	0.45418603	0.67195198	0.44644512	0.39267200	0.42447921	0.43886315	0.38283004	0.47201477	0.44021098	0.63872805	0.46740673	0.43714466	0.47758943	0.43737894	0.45951423	0.55067416	0.37475575	0.48726001	0.50149018	0.37184700	0.46386793	0.46131532	0.51281793	0.42741196	0.38377218	0.42135466	0.62571203	0.50094928	0.50004262	0.56924680	0.48713970	0.52511898	0.44339139	0.37831757	0.40131010	0.46508035	0.39337479	0.59218081	0.68249650	0.51888447	0.45899800	0.43735258	0.52401551	0.37522308	0.42359607	0.58021824	0.72039132	0.53293477	0.45294200	0.42314142	0.49496021	0.53627192	0.41537186	0.45207710	0.48362728	0.46531295	0.48744287	0.49511282	0.48669910	0.48019044	0.39489386	0.49104397	0.42200227	0.42477535	0.62126048	0.39248709	0.41895356	0.49288266	0.39136335	0.48163280	0.59961141	0.43005479	0.45350220	0.55340627	0.63879860	0.42957628	0.44794592	0.49040463	0.51787271	0.63697007	0.44920806	0.56387904	0.39635971	0.48785698	0.41995160	0.45109863	0.52741778	0.57455670	0.50802309	0.43974873	0.40451726	0.45812074	0.58405953	0.53126453	0.71636650	0.46872556	0.48373195	0.49021168	0.49769874	0.43012270	0.48342406	0.44064287	0.45048372	0.45685285	0.45917581	0.42565917	0.49367920	0.44313018	0.53249026	0.39779917	0.48162716	0.62070002	0.55972606	0.55844869	0.42715112	0.50906613	0.56712873	0.60581003	0.51477594	0.48733495	0.40504563	0.52629513	0.45976144	0.68995089	0.39034409	0.39249247	0.48708856	0.49959421	0.49486716	0.62670640	0.48173367	0.46068697	0.54293668	0.69090977	0.48285010	0.52760501	0.62245770	0.61882789	0.64006138	0.35322041	0.44155209	0.54148713	0.43165544	0.48116881	0.39084721	0.49055729	0.54634319	0.55671338	0.44282989	0.45310656	0.45358841	0.61783595	0.49918902	0.37489050	0.49792725	0.61980747	0.41335320	0.54554867	0.70003180	0.44836397	0.59857169	0.45892674	0.56952876	0.46453826	0.43734248	0.47041203	0.56011699	0.48596408	0.40949417	0.42099564	0.43552406	0.47998693	0.43389708	0.54764077	0.45294955	0.41020422	0.40187704	0.41568313	0.65737501	0.49127308	0.46628410	0.42585148	0.47470473	0.40363065	0.63778643	0.36897965	0.44226515	0.47247300	0.43196869	0.40710494	0.47246380	0.44389772	0.41300351	0.49770124	0.38276002	0.42741639	0.71949859	0.47029673	0.49597116	0.50348227	0.53018630	0.41469374	0.53504731	0.66889354	0.71242017	0.46692184	0.48947794	0.48217834	0.38059875	0.45743512	0.43959235	0.44591786	0.42848610	0.54646203	0.40808621	0.62559746	0.53816806	0.47777270	0.47269384	0.50007346	0.67164517	0.39809159	0.47272253	0.51604368	0.48022537	0.51003606	0.47421352	0.57650789	0.42989624	0.58262774	0.47093604	0.42604682	0.52962548	0.48053397	0.38016175	0.52811195	0.41531812	0.45988940	0.42565736	0.47450153	0.40223762	0.50807654	0.44292052	0.48726316	0.38985612	0.41836154	0.44604266	0.45691195	0.58642588	0.45365815	0.49233568	0.38475056	0.53362263	0.56694620	0.45081303	0.52074090	0.45262202	0.39665427	0.38594743
02_224	0.42410899	0.46307922	0.42631368	0.39028247	0.43262401	0.44017981	0.48298205	0.38318158	0.47225879	0.45427885	0.43144024	0.43955252	0.40159150	0.42320784	0.46147579	0.48128958	0.45090283	0.51820383	0.43968513	0.42414950	0.38691607	0.47309409	0.41706500	0.40191864	0.42391398	0.44962340	0.41777542	0.44731756	0.44665149	0.41530957	0.44975128	0.42863234	0.46309911	0.43327017	0.45785206	0.42139704	0.44897929	0.46177224	0.44500655	0.43532858	0.42203928	0.44559563	0.48174838	0.42253958	0.43499558	0.39504394	0.48551904	0.44123289	0.48198630	0.42513389	0.51733437	0.50169827	0.45548345	0.48048374	0.46412328	0.43829566	0.42481469	0.39081168	0.41190175	0.47658406	0.38444580	0.43800433	0.41393533	0.47925978	0.52646054	0.47205565	0.40484527	0.49461694	0.45753628	0.45095107	0.51448591	0.49063819	0.50019522	0.47248868	0.43626280	0.40715457	0.56614184	0.39615540	0.47207732	0.51849211	0.46148902	0.51079763	0.44484784	0.55478115	0.41263603	0.43330474	0.46393293	0.48761012	0.48505151	0.52251071	0.44046589	0.49623094	0.44715002	0.38990647	0.41193285	0.68846703	0.41110179	0.47241636	0.43907696	0.58016839	0.47453299	0.43694038	0.48368668	0.51565610	0.54325794	0.48147625	0.41025445	0.39205251	0.51300494	0.39266684	0.40311913	0.63373635	0.43471373	0.60190560	0.51634265	0.60144842	0.48475655	0.42016936	0.47145637	0.43760080	0.45087228	0.44898101	0.46870655	0.44456736	0.52097860	0.46349019	0.54666558	0.48723348	0.48144298	0.52480367	0.56566226	0.44930041	0.45936594	0.61637963	0.73688567	0.53161768	0.49759661	0.47579330	0.48450034	0.45826255	0.41876432	0.41999866	0.53012216	0.38784367	0.50785985	0.45948495	0.50021920	0.43168384	0.64501617	0.55892767	0.44794518	0.51906226	0.59441432	0.63789976	0.54357506	0.58098346	0.74304483	0.67972164	0.63627319	0.51166272	0.48315080	0.41693718	0.50745320	0.58058232	0.56473535	0.46124322	0.42122041	0.46541638	0.52884793	0.55101202	0.45798648	0.48157447	0.44386309	0.45041103	0.67460542	0.58357135	0.45862498	0.52357805	0.45496162	0.53135609	0.43184592	0.40287641	0.58802991	0.44140956	0.51566006	0.47788831	0.58870014	0.69829717	0.55612455	0.55227836	0.49842934	0.47477329	0.52930029	0.44558035	0.41003730	0.44956247	0.46060811	0.38646027	0.51979123	0.49636718	0.40599734	0.51340220	0.45635741	0.51043008	0.54383024	0.45405039	0.43250750	0.55337888	0.43947605	0.44433641	0.44088011	0.44354414	0.50638477	0.42697548	0.64469411	0.42594586	0.42532791	0.38331837	0.44698101	0.54037799	0.51187400	0.41858613	0.43848751	0.50742290	0.42851633	0.59871514	0.44473609	0.46878526	0.46796290	0.47174448	0.42979812	0.43959449	0.46637863	0.45733270	0.51181491	0.46476434	0.48320003	0.50691757	0.40385423	0.43112626	0.53943621	0.62165762	0.40198673	0.49434276	0.47038634	0.55455843	0.44980176	0.61603649	0.48971784	0.42460995	0.45511393	0.47495739	0.50288972	0.52290835	0.51568395	0.40584374	0.60554881	0.48521766	0.54943610	0.45622268	0.48880549	0.55431509	0.42383450	0.41916307	0.44730198	0.51932844	0.46108398	0.44892092	0.46849677	0.44821137	0.55753895	0.44199024	0.40845428	0.52832820	0.43825334	0.37931096	0.51552014	0.40926796	0.54004877	0.38168961	0.48184541	0.43313729	0.57074279	0.52450570	0.49292908	0.38840527	0.52398881	0.45313109	0.42204089	0.43335446	0.49404191	0.42739368	0.43784310	0.55021971	0.43353131	0.53388532	0.56851501	0.49903844	0.36658485	0.37765995
02_140	0.43914650	0.50333476	0.43565693	0.45771848	0.42453770	0.48637339	0.52938615	0.43395595	0.43393958	0.43704496	0.42297593	0.46425036	0.43328882	0.43290100	0.43424859	0.48507067	0.51399070	0.46847860	0.46535864	0.52847791	0.44519869	0.42828082	0.43984146	0.44036226	0.44257428	0.45985852	0.42621852	0.51693956	0.52289757	0.43353344	0.67284827	0.47198336	0.45798429	0.54081377	0.57316320	0.59108838	0.57971983	0.44563641	0.50321545	0.42457433	0.54731194	0.55956041	0.46093904	0.48443557	0.50307480	0.46394310	0.54679349	0.49241623	0.54766485	0.55301333	0.49010864	0.54661746	0.44171674	0.57113782	0.48100387	0.59079974	0.45016165	0.57656818	0.44200912	0.43869407	0.52742287	0.45954113	0.48012579	0.42966343	0.62320362	0.55963118	0.55814396	0.53902342	0.50041635	0.48102882	0.42846496	0.51621837	0.54590302	0.67711422	0.53033129	0.43169468	0.64393290	0.59092454	0.48388421	0.48369223	0.47827054	0.43709608	0.47860028	0.48321430	0.51200752	0.47721021	0.49225845	0.46112045	0.47398312	0.45183504	0.56074173	0.46203863	0.47275709	0.50158176	0.54045357	0.56620862	0.44729004	0.62806366	0.44823723	0.63685381	0.46098995	0.47356635	0.44919526	0.53738951	0.55783552	0.47312731	0.48808493	0.45514001	0.43961317	0.41822291	0.45239837	0.44329046	0.52711208	0.55507114	0.43054358	0.48402690	0.71520297	0.41414832	0.45888212	0.49323615	0.42975321	0.41802488	0.50059906	0.64790680	0.52236768	0.45576924	0.49872252	0.42538540	0.47502252	0.57576038	0.53297560	0.51805486	0.46729802	0.51381877	0.52042481	0.46094264	0.58457580	0.56603903	0.49060282	0.49096841	0.46804027	0.43652587	0.43433088	0.45392838	0.46723091	0.44279518	0.47708390	0.48593148	0.54378813	0.70214826	0.53682280	0.45556841	0.49271427	0.46735744	0.48115221	0.59836575	0.60289727	0.45132609	0.57632283	0.43612609	0.48823968	0.64971834	0.44542808	0.52380273	0.45622787	0.56469620	0.46637957	0.50937420	0.47113089	0.48309959	0.47424174	0.46279203	0.43471011	0.46442469	0.46822740	0.47212157	0.46663515	0.48123450	0.44941884	0.48130081	0.51727581	0.45451013	0.45467657	0.56940337	0.46201263	0.56369197	0.80335848	0.49215337	0.48471295	0.52181674	0.46323938	0.59809306	0.48834931	0.47105754	0.51287033	0.46409003	0.45426857	0.45535054	0.49277479	0.47541847	0.47678069	0.49233472	0.42892816	0.51509370	0.46877557	0.55504592	0.49490319	0.48809786	0.44914996	0.51856489	0.47714747	0.56330371	0.44945372	0.43540131	0.42751492	0.48322256	0.58117530	0.51040410	0.46601091	0.56996098	0.46855915	0.43774573	0.65564701	0.56097712	0.59535315	0.45136504	0.54680397	0.51818076	0.49894420	0.53463943	0.44897241	0.41855797	0.56618796	0.45118293	0.45517343	0.52290575	0.46076953	0.45754992	0.48454851	0.47262057	0.53469933	0.46236462	0.50489295	0.41283424	0.48251557	0.49025166	0.45414162	0.45234243	0.56479631	0.46374578	0.44214516	0.50659435	0.43189826	0.52445133	0.44141824	0.43383277	0.45759582	0.49308123	0.52195494	0.47433333	0.49573807	0.46824405	0.44888079	0.44486001	0.46467126	0.56691501	0.45162833	0.45746197	0.46954029	0.45465899	0.43920951	0.49861067	0.41049581	0.48322330	0.41674660	0.40900548	0.41876108	0.45957807	0.52437495	0.44378810	0.45952605	0.45090565	0.43527640	0.50053992	0.44517203	0.44037412	0.48455694	0.52107004	0.50608451	0.43651669	0.43003465	0.44702759	0.49123469	0.49440677	0.44886585	0.48793146	0.43004733	0.50285481	0.46336866	0.43556757
02_324	0.44466740	0.44992673	0.45077692	0.41123125	0.47548513	0.42014724	0.43985135	0.39955137	0.54503344	0.47820845	0.44240320	0.42773035	0.41494435	0.43662104	0.50708108	0.55800668	0.41616384	0.65473500	0.50259700	0.38952828	0.41105627	0.54728478	0.41924240	0.41245854	0.46855554	0.51477065	0.44450202	0.40534417	0.48117957	0.43221234	0.43029125	0.45273268	0.56184467	0.44112480	0.42979854	0.39680223	0.44094829	0.54955196	0.42592630	0.47810106	0.39147428	0.43666129	0.60275420	0.43925409	0.40212415	0.41323734	0.45285778	0.39277044	0.47429665	0.42512383	0.62013631	0.47345830	0.45778929	0.46488033	0.45235959	0.43239308	0.50381033	0.36677353	0.46810063	0.52537461	0.36703566	0.46534606	0.44581926	0.53415808	0.43741882	0.39974937	0.40383888	0.55965908	0.48418177	0.48483499	0.60085230	0.48061421	0.52559875	0.43190634	0.38894106	0.41413986	0.48942583	0.38128957	0.54846674	0.65006439	0.51484078	0.49466289	0.44702709	0.57329505	0.38260679	0.43496655	0.54253434	0.62201599	0.53988504	0.48928848	0.41079559	0.50608231	0.51555623	0.39787516	0.42905633	0.53159188	0.44536051	0.46961570	0.47658138	0.48796291	0.47648414	0.41252278	0.51995244	0.44376949	0.44599827	0.58285217	0.39507663	0.41207613	0.52983700	0.40200193	0.45404043	0.71265108	0.41692676	0.47697280	0.59906460	0.71141815	0.42557267	0.45812628	0.51047103	0.48833304	0.56213971	0.46636597	0.52764527	0.39768448	0.49838547	0.44674459	0.47832553	0.55314316	0.53879431	0.49273864	0.47230558	0.41501567	0.47727509	0.61607035	0.58488092	0.69161131	0.45143354	0.46348290	0.49248333	0.48486087	0.42346648	0.47724007	0.48241402	0.42753828	0.49043886	0.47546503	0.45389877	0.47351251	0.47647712	0.51857218	0.40820313	0.50675591	0.68772453	0.64487341	0.60705363	0.45043398	0.54424102	0.68324094	0.61017547	0.55486986	0.48602651	0.39117753	0.55034379	0.49217767	0.68039988	0.40626614	0.40781808	0.48962520	0.53583545	0.51646779	0.55140582	0.48297513	0.47953113	0.51717789	0.82416893	0.53867664	0.50787081	0.59639562	0.55255659	0.60069485	0.36822002	0.43612257	0.61225751	0.42776981	0.50891927	0.40804230	0.49887544	0.63300185	0.58103993	0.47687203	0.48386754	0.44215346	0.59459228	0.48942395	0.38311785	0.47975946	0.57266194	0.40557789	0.56206713	0.60763541	0.42943790	0.60110674	0.48154073	0.55874624	0.51423809	0.42704153	0.45917700	0.58001398	0.47463153	0.41974346	0.43647155	0.42480736	0.52277466	0.45217685	0.65929560	0.44362735	0.40939306	0.38530498	0.43383874	0.59464712	0.51074765	0.46788016	0.41532694	0.46139925	0.40106811	0.75855059	0.38470358	0.45373167	0.48095316	0.44300366	0.42842570	0.49215996	0.43529860	0.43944839	0.53285125	0.39964769	0.45858532	0.63612398	0.44496964	0.48519924	0.51703042	0.62390601	0.40712182	0.57846369	0.57510610	0.71931403	0.46209123	0.56151473	0.46409574	0.39083870	0.48550808	0.46147702	0.48697676	0.45267989	0.60213093	0.42262465	0.72843047	0.52983224	0.52282484	0.48248196	0.49215698	0.63241124	0.41620023	0.47299737	0.49667199	0.47982317	0.51752806	0.48807319	0.55658379	0.45803903	0.66697004	0.46783025	0.44411575	0.56559684	0.50079063	0.39255077	0.59521235	0.42222161	0.48364884	0.41543651	0.49711362	0.42797681	0.59278312	0.47438290	0.53512164	0.39339949	0.45624767	0.43931326	0.43042425	0.52473425	0.49759886	0.47903704	0.39283406	0.56340203	0.50400723	0.48855521	0.60374869	0.47644122	0.38237480	0.38569021
02_250	0.47055006	0.56046759	0.46672242	0.44280403	0.46549130	0.51226601	0.55612166	0.44064226	0.51488420	0.50598405	0.48224920	0.51531084	0.44929391	0.47126230	0.50006530	0.56030352	0.54984358	0.54397701	0.52884588	0.52076676	0.46387923	0.51995619	0.45662393	0.44050532	0.47621542	0.48028125	0.44943424	0.54832779	0.58760900	0.45769765	0.57169220	0.49129465	0.58815760	0.56620797	0.56542507	0.55336321	0.57389078	0.54020872	0.52316433	0.45726804	0.55540384	0.63510500	0.55805089	0.49717349	0.50778164	0.43290374	0.51910257	0.51608945	0.59215731	0.49789922	0.49405616	0.64826351	0.46952166	0.52658619	0.55260639	0.62816474	0.51178035	0.45383925	0.46423241	0.49205190	0.48293899	0.51319087	0.46650883	0.52184436	0.52217601	0.45526504	0.53752252	0.59371357	0.47053366	0.51824179	0.53517118	0.66403525	0.56370144	0.59244270	0.49069963	0.42531290	0.49394120	0.49472272	0.63153520	0.52550802	0.50541386	0.45831337	0.43768559	0.46864063	0.46335535	0.47662181	0.55215557	0.55435737	0.56189255	0.43250823	0.57253742	0.49436019	0.50823906	0.50611923	0.52691916	0.47051054	0.51530935	0.65609007	0.52782142	0.56910979	0.42284801	0.41006134	0.45728021	0.49887662	0.52896807	0.59498618	0.48016691	0.44614586	0.51030929	0.42911477	0.44960393	0.46505018	0.63355045	0.45099993	0.51077160	0.49899375	0.45324878	0.44596079	0.43150877	0.45981783	0.56745810	0.50290945	0.44989033	0.47900778	0.69714003	0.41449201	0.48780359	0.53355830	0.42175534	0.51450771	0.45278396	0.47139872	0.47577181	0.46218307	0.51399946	0.57696777	0.46210901	0.67437583	0.45361601	0.40946367	0.39252977	0.47457042	0.40714665	0.45590055	0.44340200	0.50276318	0.40511171	0.51100731	0.46062714	0.53251605	0.53087501	0.46383785	0.46831483	0.43033852	0.52012461	0.48026927	0.48971384	0.45562063	0.65546185	0.52940012	0.42499320	0.46380777	0.58472501	0.50054024	0.44335288	0.44031625	0.42352452	0.47104299	0.49263481	0.57348821	0.56119152	0.42468800	0.45482468	0.58765987	0.47296494	0.42682010	0.40560245	0.43427265	0.59262327	0.45316903	0.38803587	0.46498555	0.43670209	0.59178042	0.47096130	0.40686087	0.52660284	0.50823109	0.48881687	0.42016740	0.48538830	0.43511855	0.44671812	0.42231289	0.46951228	0.47861605	0.55267222	0.43005241	0.42769619	0.47245958	0.52908436	0.46161438	0.51194098	0.45659775	0.40872141	0.43210960	0.42205104	0.62907454	0.51883634	0.46563788	0.42074039	0.41603754	0.40319033	0.43568294	0.42105136	0.42947327	0.49364736	0.47371892	0.38849033	0.61776266	0.45436337	0.45130373	0.46800278	0.46696829	0.42657830	0.49579813	0.43403090	0.45721033	0.40454742	0.55343778	0.40750909	0.47076454	0.44538418	0.38472949	0.50793339	0.39371851	0.39900366	0.46954828	0.47156465	0.44961388	0.53562873	0.44117731	0.42423142	0.50780286	0.51958922	0.50030660	0.41463097	0.42934420	0.49944926	0.52299210	0.42906536	0.42515872	0.43747104	0.54160849	0.49083556	0.43190836	0.45269776	0.46457234	0.47353213	0.39765939	0.44637952	0.45176012	0.37703391	0.48424836	0.40455978	0.45971271	0.54915175	0.40639378	0.44991785	0.41762139	0.48913094	0.43917061	0.41988532	0.49242309	0.47825542	0.41540962	0.46563502	0.39591141	0.49930664	0.45568044	0.58187920	0.39084383	0.41962639	0.52322280	0.44318526	0.36889691	0.43191517	0.47697493	0.57573430	0.56849714	0.44711528	0.39828803	0.41770632	0.52551965	0.55755782	0.46085099	0.43394313	0.44524886	0.45734996	0.36677509
02_212	0.56610131	0.50506808	0.61195454	0.46665866	0.72614213	0.49296938	0.46724326	0.48701848	0.64085268	0.51927225	0.45172294	0.44892700	0.50743274	0.50110513	0.63453480	0.66265141	0.45509749	0.59833449	0.65633366	0.42568056	0.46843661	0.60654428	0.49877352	0.49746882	0.73577880	0.78930061	0.66732220	0.42136620	0.49114684	0.55339000	0.44682073	0.46923705	0.54803748	0.53885959	0.48188109	0.38856250	0.46319695	0.63762132	0.51659399	0.75221268	0.39956392	0.45674806	0.56593806	0.47819662	0.43130961	0.46639359	0.47851493	0.38288135	0.49245782	0.44193227	0.65544427	0.48510025	0.46736071	0.41616492	0.47639169	0.43045523	0.59934874	0.39693220	0.70764402	0.66540266	0.42091493	0.50353404	0.53240998	0.57576531	0.39115223	0.40492047	0.47604144	0.54286150	0.45583278	0.45991909	0.52651217	0.46003317	0.61559637	0.40452034	0.40639771	0.53240938	0.51141383	0.42201477	0.55598667	0.63154716	0.70767152	0.42209403	0.49123187	0.61495452	0.46240146	0.62264590	0.58419107	0.53634740	0.55771658	0.42866525	0.36991681	0.42378950	0.70349383	0.43715890	0.53079105	0.48270706	0.42994773	0.48151128	0.41702921	0.40828916	0.38574683	0.47680122	0.74650891	0.41684767	0.40358469	0.55412525	0.48902081	0.51468261	0.46014118	0.50213655	0.61961255	0.51536149	0.38404559	0.42295490	0.56917460	0.60402113	0.39951793	0.71905775	0.78898201	0.57851193	0.48520533	0.43287414	0.52451825	0.41665661	0.46331816	0.47989954	0.41078986	0.54052334	0.47361027	0.39634354	0.42144147	0.49309917	0.57083107	0.46912176	0.45671391	0.51696475	0.38269076	0.42978130	0.42978908	0.48745252	0.41435445	0.76046632	0.40067895	0.54757541	0.45044887	0.44847347	0.43713383	0.48847298	0.39326507	0.48472853	0.44874958	0.41896034	0.59552939	0.52090997	0.61552707	0.40806495	0.43109455	0.47343710	0.47888509	0.48609648	0.42119692	0.40418178	0.50719909	0.41209265	0.44563345	0.46976981	0.49605495	0.53350894	0.51420300	0.46190108	0.48996004	0.38882262	0.76529166	0.49495539	0.48302814	0.45485311	0.49914561	0.48751428	0.46763182	0.43806193	0.38779336	0.59706753	0.57684007	0.48680962	0.43151460	0.44111247	0.44759812	0.47617991	0.43857362	0.49397468	0.44425872	0.43312500	0.44758089	0.63394535	0.45484639	0.40351034	0.58034791	0.47374598	0.57920645	0.48153140	0.44034007	0.62866482	0.47720840	0.48250276	0.50621485	0.38646991	0.49859291	0.49340368	0.41634220	0.51994320	0.48718911	0.43673907	0.60972545	0.69810461	0.45988957	0.43482954	0.46038686	0.45918162	0.45000067	0.47731118	0.40835457	0.80209936	0.44919135	0.37492791	0.42990875	0.53548024	0.40321937	0.61321597	0.53805084	0.48607674	0.51984057	0.67432672	0.37749257	0.50526989	0.46088166	0.44097328	0.43929193	0.45264172	0.52916998	0.66869793	0.41978985	0.50824972	0.44094637	0.51159435	0.50827835	0.54502956	0.38056723	0.42877932	0.39138893	0.37181351	0.71993952	0.47557222	0.41079273	0.40403628	0.59533102	0.54773857	0.47870094	0.44131150	0.56151532	0.52398009	0.38490848	0.43551142	0.44148906	0.65655539	0.48739797	0.40685671	0.47657769	0.60591725	0.52338504	0.55699429	0.50218320	0.46374826	0.65010572	0.45975517	0.60698614	0.49147401	0.49832557	0.46160711	0.41727650	0.50930553	0.46393931	0.48853213	0.47802572	0.41897845	0.58158469	0.40414731	0.39537492	0.36770870	0.39833099	0.45332534	0.42248401	0.47925206	0.33725794	0.44810547	0.44549589	0.43969455	0.44733036	0.40769752	0.43388270	0.39457647
02_322	0.48547964	0.55560316	0.47000575	0.50048082	0.41799737	0.47119483	0.49186351	0.51749366	0.40460694	0.45646319	0.45686823	0.53018515	0.50689796	0.48487380	0.42814341	0.43561685	0.52162867	0.39955369	0.45193578	0.65725988	0.50635710	0.39893104	0.51230624	0.51403349	0.44916626	0.42369178	0.45047146	0.56207069	0.50793771	0.48872291	0.54263196	0.49416997	0.41674324	0.51554419	0.53479407	0.58966871	0.47411717	0.41198375	0.51233129	0.41653337	0.64373970	0.49486235	0.39868107	0.53554150	0.61453081	0.49498860	0.58738353	0.52826584	0.57326159	0.57243124	0.40831517	0.50174583	0.46569635	0.50041555	0.52414038	0.49567102	0.41271491	0.67597824	0.42353843	0.41964829	0.83622224	0.49377650	0.49654486	0.40915572	0.50593898	0.56273935	0.57486127	0.43366858	0.45442718	0.46879874	0.38579585	0.44121985	0.51923401	0.55216462	0.63017790	0.49337513	0.52788873	0.68614633	0.42648261	0.40676347	0.46187753	0.41209309	0.49438015	0.43134596	0.64723795	0.51437269	0.45299488	0.39062780	0.46260118	0.41642983	0.50374904	0.42811439	0.44463536	0.59294436	0.52782441	0.43586561	0.45900050	0.59169247	0.43053172	0.44464170	0.38854365	0.51109079	0.42050654	0.51879662	0.47985453	0.42890810	0.49179846	0.52011709	0.41814681	0.49546740	0.42659885	0.36580544	0.51246585	0.39968891	0.38774889	0.40181836	0.47654809	0.41245348	0.41280814	0.44049379	0.37748753	0.42677285	0.40931053	0.67186009	0.47204003	0.46042573	0.45291781	0.39960018	0.37017203	0.43864414	0.46333745	0.47969068	0.49066303	0.40368213	0.39753143	0.39295541	0.39529941	0.45420582	0.43500679	0.40335637	0.42162566	0.42632110	0.38667200	0.46894233	0.44105680	0.45300189	0.43736410	0.48413224	0.41993350	0.46043380	0.58808217	0.41450795	0.39787630	0.37517864	0.43632924	0.46683215	0.41950066	0.37146221	0.44733585	0.41090391	0.41166345	0.55440015	0.40549437	0.45495161	0.34885649	0.53703616	0.54106864	0.49177698	0.44679239	0.40887529	0.41503477	0.39053493	0.42215225	0.44846624	0.36690952	0.40458022	0.37215242	0.36818711	0.39961244	0.37136077	0.51062591	0.49868490	0.37970816	0.57120493	0.42753927	0.46307591	0.48978787	0.40753410	0.40988348	0.41114662	0.45692861	0.41736902	0.37631515	0.40849404	0.69691504	0.41747338	0.40368448	0.50697046	0.39794998	0.37306031	0.51562171	0.40246018	0.44147304	0.41393027	0.40959322	0.44961026	0.44337012	0.41170090	0.43468711	0.48236442	0.49462419	0.41494910	0.38508284	0.44995726	0.34516424	0.45101965	0.73682099	0.48371476	0.44000443	0.42674290	0.40909896	0.42790072	0.50284451	0.38561913	0.55314477	0.37572922	0.58165782	0.46671346	0.41412072	0.49621334	0.47609628	0.40755283	0.44181926	0.43075574	0.43106068	0.43882316	0.42572649	0.35764429	0.47719297	0.43485331	0.45755667	0.38678411	0.51080064	0.37363148	0.40099012	0.39199273	0.38586088	0.37926171	0.39726638	0.49399635	0.41337041	0.47492464	0.40249485	0.46323223	0.39324809	0.48794267	0.36219518	0.41320422	0.44641085	0.40055505	0.39098479	0.35963612	0.43431881	0.44996689	0.37190414	0.39324800	0.43859839	0.39877453	0.38387533	0.45308699	0.37094535	0.44894650	0.40725715	0.41948951	0.40022430	0.48134957	0.36558866	0.44712015	0.40561275	0.49350321	0.42799756	0.44224273	0.36282886	0.43614912	0.39692634	0.41670442	0.41572520	0.41798340	0.41871178	0.39172743	0.39920493	0.36829325	0.40849610	0.39272423	0.40699053	0.39560856	0.35546845	0.42959927	0.54984215	0.40919601
02_311	0.38067259	0.38167314	0.38233886	0.40173439	0.39965829	0.36536841	0.37829861	0.36795921	0.43964205	0.39436184	0.37586845	0.36725646	0.36671247	0.37392144	0.40966587	0.48515341	0.36177498	0.54453339	0.45137312	0.34800364	0.39067007	0.43777030	0.36172109	0.36997032	0.40909039	0.46088968	0.37878640	0.35447289	0.46399728	0.37158048	0.42593282	0.42369057	0.50110899	0.41064167	0.38772427	0.38921623	0.42886311	0.46492432	0.36816328	0.40014078	0.36206293	0.40974694	0.54347301	0.40803902	0.35328512	0.40672857	0.39455913	0.34626054	0.41661958	0.42115983	0.55658417	0.40487319	0.38655224	0.45910672	0.37935288	0.42809859	0.48477962	0.36275700	0.43628197	0.42083213	0.34601280	0.40796341	0.43062203	0.42221443	0.40119353	0.35746327	0.39061185	0.55194410	0.48740932	0.45690574	0.45591470	0.42215638	0.45605056	0.41886917	0.34534185	0.36150556	0.42770389	0.37493692	0.48937218	0.55962199	0.45063258	0.41008169	0.40766264	0.45731256	0.34216650	0.37380971	0.50304439	0.57844441	0.44722410	0.41723119	0.40072269	0.44924127	0.46763396	0.38917544	0.41797282	0.44308717	0.42496199	0.44085249	0.44937852	0.45685951	0.49627255	0.36775156	0.42467228	0.38411533	0.38485215	0.50644927	0.35377320	0.38741200	0.41953016	0.35050822	0.45035191	0.50491771	0.39493996	0.43312757	0.44725119	0.52918963	0.43603468	0.38864783	0.44204928	0.49846868	0.52222997	0.38824322	0.57843607	0.37714938	0.41520908	0.38698840	0.41127952	0.42874784	0.65438289	0.50877702	0.41112606	0.36650196	0.40293408	0.56807431	0.46861024	0.54518864	0.49237566	0.43733501	0.47670741	0.52460137	0.44464799	0.42031219	0.41396269	0.42088442	0.41813370	0.40195888	0.40648671	0.45300458	0.41798489	0.51393912	0.35567509	0.44146327	0.54655712	0.51504062	0.46348242	0.39931373	0.48381106	0.49485036	0.51622716	0.42654758	0.50040300	0.40322808	0.42784685	0.41841758	0.75170248	0.36236166	0.35938390	0.45116969	0.43388980	0.42208768	0.55415844	0.49225541	0.39831639	0.46436955	0.60435009	0.44910126	0.56626051	0.68905325	0.52165291	0.73302235	0.33906349	0.39750760	0.47958652	0.38568565	0.43620087	0.37557579	0.46885663	0.46724611	0.51233360	0.41619772	0.40076297	0.46848165	0.68523247	0.48188954	0.34092674	0.48186809	0.50890361	0.39098332	0.53072930	0.75080713	0.41176520	0.55000880	0.39076333	0.57702529	0.43307386	0.45549205	0.47063171	0.45826963	0.44056604	0.37138293	0.39377611	0.44948396	0.44325554	0.38274554	0.49302431	0.45001289	0.38201674	0.37936846	0.40423725	0.58885435	0.46647948	0.41139668	0.41695279	0.49318541	0.40013681	0.51323496	0.34488433	0.40238595	0.47034056	0.38057619	0.37381020	0.39925633	0.45983950	0.39059611	0.42932011	0.36744030	0.40688506	0.75198724	0.44407898	0.45816086	0.46170770	0.47024438	0.40722339	0.43306047	0.62099167	0.60615624	0.48363738	0.44837639	0.48171948	0.34130367	0.40440863	0.41624093	0.40275923	0.38192490	0.44980790	0.36489150	0.56144213	0.52957052	0.42255818	0.47030947	0.52120494	0.78029030	0.38537893	0.41068712	0.55023662	0.48271853	0.43422883	0.44902510	0.55504744	0.39012146	0.47971489	0.45949972	0.37519638	0.47169101	0.40413386	0.34101641	0.44191756	0.40221070	0.41888147	0.39014719	0.39933922	0.37538911	0.45611763	0.39080144	0.42462256	0.39090033	0.38787003	0.44002451	0.42632930	0.50680852	0.40320201	0.50792149	0.37888013	0.46767486	0.51243283	0.40642516	0.46259972	0.43069701	0.37399614	0.38975698
02_148	0.43527244	0.52137550	0.44576785	0.37896222	0.47144432	0.63371748	0.70987183	0.38693117	0.48794736	0.44765695	0.41347589	0.45190951	0.40635132	0.42171626	0.47954239	0.50090644	0.62490015	0.48648330	0.45517208	0.51660518	0.38254833	0.48555717	0.42639475	0.40065266	0.45218572	0.46542995	0.44783075	0.55295546	0.44001327	0.42744286	0.53502550	0.40221590	0.45185439	0.54270871	0.64526463	0.45402173	0.56926253	0.47357897	0.61175279	0.46949892	0.47902451	0.57765939	0.46392866	0.41158936	0.48367882	0.37925694	0.49477922	0.49329350	0.49416766	0.41831974	0.48134145	0.66126958	0.42431600	0.43485849	0.49246152	0.51916548	0.43453596	0.42824243	0.43571082	0.49117646	0.44675553	0.42428007	0.40552121	0.48738830	0.53304805	0.51136371	0.49184859	0.50745699	0.40104055	0.40876234	0.48675895	0.63617962	0.50939072	0.50974969	0.50077175	0.41377023	0.58652488	0.44963967	0.50162446	0.48451388	0.46635075	0.42280822	0.41132172	0.49587009	0.50729369	0.51041814	0.44776397	0.45577465	0.46462956	0.42146917	0.45168671	0.41389269	0.45620798	0.40542506	0.47572998	0.62547929	0.38570646	0.50869453	0.39296214	0.60733205	0.37712838	0.42689758	0.49206088	0.50173811	0.60279879	0.45921793	0.57378084	0.39568415	0.45067756	0.40226412	0.41578286	0.50098481	0.45698923	0.65032924	0.49989306	0.51295581	0.48334316	0.45816216	0.47274320	0.42238957	0.43232568	0.41660647	0.42136829	0.48611359	0.60831204	0.42024675	0.46552300	0.48084796	0.41133241	0.44389429	0.47730152	0.65538119	0.44869476	0.45276399	0.65542500	0.47265254	0.48244456	0.57828341	0.40068235	0.40391556	0.36672865	0.45076837	0.40770702	0.39538949	0.42489536	0.41971140	0.42186736	0.40708421	0.54031885	0.58378172	0.58633481	0.41662195	0.49444855	0.48249231	0.50199667	0.60478535	0.58420246	0.47995440	0.57707313	0.46477073	0.39242807	0.44578303	0.53301849	0.49018355	0.43173179	0.57647653	0.42949746	0.42840168	0.46544782	0.66338913	0.42294927	0.38040074	0.48650057	0.42813365	0.47983407	0.44375328	0.41002447	0.43440410	0.42384028	0.41518767	0.45548381	0.41673691	0.50114893	0.58459764	0.42186840	0.54645001	0.58650005	0.53439697	0.42906273	0.58982492	0.44224559	0.49564110	0.41729839	0.43402358	0.49096580	0.38284345	0.45604405	0.37802011	0.45595223	0.42595145	0.39885238	0.46839819	0.43831541	0.42315831	0.45148236	0.40165990	0.39781145	0.59621503	0.39231404	0.61540888	0.41089940	0.46619540	0.46928595	0.45054408	0.46890851	0.37936118	0.45666052	0.47430766	0.39318994	0.51005858	0.40373496	0.44831262	0.50747248	0.47753159	0.42847488	0.50142806	0.49036293	0.57464772	0.43406833	0.68674538	0.41560833	0.47163315	0.40929034	0.41959021	0.44212469	0.54223833	0.40582717	0.42197747	0.40478974	0.43361100	0.45420950	0.48083631	0.38646366	0.47650718	0.42842673	0.47155285	0.36679805	0.44815502	0.50070168	0.46525437	0.47926913	0.42597961	0.41238072	0.57386083	0.49588671	0.41533028	0.46182836	0.40446104	0.57942751	0.41474510	0.39736120	0.42230069	0.38223402	0.44066215	0.40474968	0.50725427	0.43008747	0.43382698	0.42764628	0.43326407	0.48682597	0.39904235	0.44071312	0.44195357	0.46117411	0.39283426	0.46942232	0.38120758	0.59953320	0.38777184	0.52393130	0.41489397	0.46004618	0.55655557	0.48094729	0.35503820	0.46689517	0.41744019	0.47791633	0.40825714	0.41986053	0.39373387	0.40592904	0.53068040	0.40178270	0.57195947	0.45637701	0.42493540	0.37780475	0.34927592
02_186	0.66190768	0.60724422	0.60696063	0.55586137	0.48387820	0.42237644	0.44569863	0.61887703	0.49087015	0.68272452	0.72514191	0.68163424	0.68944240	0.74238523	0.54653087	0.49016468	0.45335707	0.47579121	0.51693835	0.49627029	0.58681425	0.48772399	0.71680101	0.68783288	0.51691323	0.47428796	0.54038881	0.48676960	0.54946387	0.66316187	0.42349391	0.64880577	0.49345741	0.44166832	0.43843493	0.45223146	0.39860359	0.48556333	0.45874793	0.48738233	0.48771732	0.41601260	0.46039088	0.65915765	0.57328079	0.54709745	0.67207221	0.48662813	0.65553251	0.53587602	0.47177038	0.47786803	0.81772236	0.52651045	0.64848063	0.40852585	0.44784216	0.44072988	0.45354935	0.52738419	0.47347577	0.73643027	0.55669206	0.52088870	0.46467982	0.49398521	0.43159711	0.44273090	0.54605822	0.61253251	0.49158534	0.42124017	0.60949567	0.45280479	0.51096902	0.65129850	0.52881384	0.44479082	0.45841395	0.47746608	0.55591930	0.62182125	0.66960486	0.57378805	0.48975010	0.52237213	0.53488143	0.45083541	0.65234211	0.60473492	0.43954436	0.60746646	0.50455376	0.51672592	0.44358182	0.46983687	0.56756713	0.52909799	0.55208621	0.41725561	0.46556779	0.60470636	0.51387469	0.56966172	0.46476856	0.52587027	0.40801138	0.57982193	0.62771347	0.66829761	0.44060180	0.45719872	0.46354924	0.38576431	0.49071060	0.50200944	0.40692373	0.47446027	0.47172199	0.47146460	0.43374138	0.64304168	0.44666479	0.48149346	0.49132794	0.66328622	0.57309196	0.51752791	0.40321876	0.45805649	0.54970989	0.41327002	0.74469926	0.49873839	0.43272963	0.48638178	0.36247563	0.40564698	0.55586419	0.43695420	0.46469868	0.47477941	0.52959786	0.48627687	0.67089925	0.73726935	0.55722795	0.58641445	0.44257794	0.42920148	0.48344394	0.59155528	0.48357369	0.46013141	0.59550075	0.44637196	0.43682818	0.48329658	0.49652414	0.58762613	0.49065912	0.41548761	0.48159846	0.54922824	0.40250631	0.44881000	0.63983182	0.63088830	0.69207998	0.43119195	0.47806448	0.47465169	0.48412218	0.56812084	0.44847623	0.54585291	0.39817318	0.40876429	0.46925053	0.42775827	0.43938945	0.56786652	0.46441060	0.45638607	0.63674995	0.40730288	0.45439646	0.51975661	0.54828625	0.41326762	0.71976875	0.37180484	0.43224324	0.43737680	0.51412205	0.51087170	0.46393623	0.56008175	0.45198829	0.41587859	0.56590117	0.45855779	0.67552063	0.48284555	0.52764838	0.44057047	0.48079698	0.45506124	0.56952331	0.41857798	0.64387223	0.36654042	0.44855323	0.54065839	0.42493664	0.51638952	0.55075716	0.37895005	0.53555116	0.44261731	0.54416968	0.47333284	0.39811965	0.36265464	0.46468116	0.47073521	0.48271603	0.44311443	0.43998644	0.44316225	0.62441496	0.48785756	0.43236400	0.52646864	0.66592815	0.39150632	0.56428885	0.40485458	0.48760830	0.46988175	0.55575332	0.50265333	0.50062168	0.47048615	0.44885193	0.46416720	0.45210876	0.49714422	0.36607842	0.47663166	0.47180049	0.58044131	0.58748056	0.46529949	0.49256401	0.62744976	0.43875233	0.49423482	0.49030440	0.43970738	0.43209725	0.41643895	0.51560058	0.51958099	0.39341100	0.37306144	0.60074885	0.43799504	0.42423236	0.57578233	0.45852937	0.50608990	0.46022670	0.54796041	0.47925390	0.59779091	0.45522203	0.50213224	0.39785405	0.53999708	0.48064444	0.51655723	0.45100751	0.45929039	0.47476511	0.44543057	0.46389128	0.40964005	0.37301225	0.45098284	0.55755751	0.39045014	0.39159634	0.42301787	0.46844566	0.40774518	0.43613471	0.49703576	0.49843868	0.42327776
02_222	0.41095918	0.44243218	0.41659795	0.41177089	0.44104943	0.45995740	0.48194531	0.38836884	0.46946704	0.41746935	0.39102675	0.40505073	0.39185109	0.39780043	0.44334567	0.52862840	0.45113855	0.54790496	0.47712701	0.42101212	0.40100759	0.46372129	0.39448649	0.39439936	0.44535803	0.49873818	0.41715505	0.42919313	0.48342437	0.40186916	0.54981880	0.42904946	0.49286905	0.50820505	0.50301376	0.45374323	0.56084180	0.48506075	0.45888893	0.44126948	0.42703462	0.51711021	0.53103231	0.42739220	0.41180952	0.41763905	0.45500118	0.40610494	0.47008988	0.45702617	0.58133132	0.50319904	0.40608549	0.48739099	0.42658511	0.52921601	0.49085341	0.43090547	0.46670694	0.45858264	0.41008162	0.42352087	0.44670094	0.45039553	0.49071323	0.43683036	0.47773365	0.62344849	0.47299474	0.44898174	0.46893667	0.52197800	0.51620796	0.51053342	0.41438949	0.39344552	0.54629701	0.44910919	0.52855272	0.56917195	0.48507821	0.41767729	0.43100505	0.50173320	0.41832026	0.44182055	0.50608573	0.54101426	0.46467419	0.43006354	0.45496593	0.43995289	0.49481637	0.42187282	0.49594298	0.56971375	0.41431394	0.51706183	0.42681626	0.59967956	0.45457619	0.41326041	0.47304253	0.44619793	0.47502750	0.50050844	0.44692468	0.41065030	0.43063283	0.37785245	0.47384848	0.52444554	0.44241717	0.60083189	0.47216234	0.56257908	0.55948179	0.42852207	0.49544961	0.51300178	0.48497645	0.39574751	0.55945153	0.46326809	0.49244677	0.41686636	0.44909985	0.44819386	0.58185762	0.53421308	0.46724303	0.47887358	0.43479332	0.55951721	0.58620095	0.52131356	0.63288037	0.54780875	0.46249027	0.52477552	0.43936622	0.45440703	0.42141838	0.43646260	0.43409601	0.41057283	0.43922397	0.45124697	0.50598390	0.77636334	0.44092493	0.43833116	0.58026778	0.54773852	0.49679340	0.51181980	0.62634843	0.50517787	0.60422769	0.43882082	0.47792704	0.49107540	0.46855300	0.46725427	0.58828470	0.46845465	0.40401140	0.47133471	0.45792455	0.51139469	0.50556855	0.45415868	0.44889327	0.45602423	0.57924340	0.46937931	0.55480117	0.62050629	0.47957097	0.57033267	0.41369586	0.42493490	0.52661964	0.48419281	0.43795605	0.49524974	0.63712668	0.51399128	0.48695203	0.54666004	0.42305747	0.64477059	0.57003181	0.52018667	0.41068481	0.44370607	0.50516126	0.40561331	0.56911237	0.59242629	0.42167053	0.57843880	0.40718694	0.54524187	0.47132470	0.48511688	0.48033096	0.52775028	0.42188754	0.48143780	0.42348404	0.58495412	0.49666593	0.42451710	0.50361664	0.44318215	0.44582347	0.46936782	0.42710273	0.65284080	0.44944546	0.45058495	0.55114611	0.60390811	0.46940812	0.52545614	0.42072069	0.51442847	0.52292742	0.48512448	0.40796894	0.43481453	0.49125903	0.43001802	0.43678474	0.48317480	0.42732697	0.56953583	0.46037395	0.48952601	0.48264504	0.49875199	0.43278080	0.44720432	0.55046531	0.58434929	0.44182966	0.46329439	0.60377923	0.38968113	0.45822974	0.45154292	0.40948140	0.45777813	0.47909252	0.39566034	0.54328446	0.49138188	0.51554146	0.49748653	0.49130756	0.58125879	0.40796567	0.43922980	0.54030107	0.61931713	0.43459367	0.48887799	0.53799809	0.42679613	0.49258397	0.46420004	0.41403021	0.47360573	0.43231907	0.36778436	0.45687566	0.41937398	0.52465205	0.40542467	0.44695208	0.41385176	0.47700802	0.45992078	0.46699702	0.40056941	0.43900723	0.46869228	0.49638026	0.46242970	0.41186494	0.49945607	0.42076896	0.53034511	0.46564105	0.49512618	0.47326638	0.45478195	0.39656275	0.39774125
02_132	0.45883246	0.59011254	0.44303002	0.40744312	0.40085898	0.46450804	0.53152319	0.43084946	0.41872930	0.49943886	0.52031636	0.61376519	0.45580502	0.48817010	0.44164793	0.42019053	0.55564893	0.40751051	0.41539136	0.62459226	0.42883523	0.42255119	0.49001647	0.44756832	0.40555133	0.38505419	0.41547432	0.68353907	0.46422623	0.45526707	0.45628321	0.45715223	0.42294330	0.44030701	0.49380212	0.52640205	0.42975693	0.41228700	0.48969370	0.39763863	0.63741695	0.47173706	0.40060662	0.47086928	0.65829820	0.40033886	0.57948018	0.81746998	0.57846944	0.45785539	0.38795866	0.55995856	0.50995545	0.48812252	0.62351079	0.45552731	0.37893632	0.45094733	0.37103514	0.42977153	0.49962545	0.48851678	0.40758246	0.44829277	0.58353787	0.56667774	0.43951623	0.41098989	0.41686934	0.46036304	0.44105292	0.48818630	0.47866298	0.53623888	0.66312508	0.43672898	0.48971298	0.45695485	0.42810961	0.39895744	0.42195265	0.49737274	0.43754543	0.43285016	0.50749947	0.45052774	0.42248283	0.39540739	0.48410594	0.46298931	0.54414964	0.48586235	0.40078937	0.45898168	0.41348154	0.45763218	0.45509737	0.52603852	0.46439640	0.49170242	0.39278245	0.44304423	0.40730060	0.64076388	0.62786241	0.43782803	0.43504357	0.41542529	0.51575398	0.44919359	0.35912909	0.40307066	0.59026139	0.41403282	0.42967383	0.41593269	0.41782328	0.39048242	0.37488341	0.37302987	0.39589950	0.53037340	0.36341540	0.51096235	0.59363664	0.44165242	0.56280297	0.45398162	0.34234976	0.45377333	0.50758148	0.43981623	0.46713520	0.41166241	0.45670178	0.42885075	0.38307622	0.47223359	0.42764650	0.35170022	0.36516143	0.38666597	0.43548649	0.37945662	0.46852712	0.52432603	0.42913465	0.43642116	0.49170408	0.42630310	0.59666505	0.47511001	0.39483571	0.38531703	0.45673527	0.52165643	0.45269545	0.41920134	0.50831412	0.49743759	0.39208168	0.42033493	0.47898795	0.57065521	0.35805868	0.45652899	0.45738034	0.43142526	0.48895916	0.48781025	0.40745701	0.39754753	0.39986298	0.46084206	0.39603394	0.42955198	0.33370694	0.35108926	0.41947640	0.36988565	0.44538123	0.41305090	0.38885915	0.50497749	0.48573877	0.40598498	0.47277480	0.48178150	0.44780646	0.39396914	0.54242972	0.36600539	0.36841753	0.35219849	0.53058036	0.42527059	0.39909584	0.40247888	0.36493564	0.36067490	0.46875440	0.37389703	0.52084746	0.38656085	0.40331944	0.40365289	0.36933091	0.47802851	0.46951130	0.42588376	0.42960162	0.35173343	0.36407946	0.40629073	0.37915257	0.39346872	0.49717581	0.38427655	0.39080457	0.42959789	0.44344116	0.37945299	0.39956495	0.38781016	0.41353604	0.41201004	0.52748436	0.40756628	0.35625372	0.50275631	0.41936084	0.40633724	0.41384288	0.38794966	0.50841432	0.38966565	0.41471462	0.35996260	0.38669541	0.37017027	0.51984683	0.41281207	0.39638272	0.42745748	0.38223117	0.39219272	0.38072850	0.42903923	0.39496309	0.79120276	0.38381052	0.42562878	0.47421979	0.61901185	0.41695902	0.43011452	0.38275620	0.40068140	0.44088571	0.34982507	0.39381158	0.36740766	0.38045834	0.40686322	0.33188096	0.38398268	0.48089554	0.35155808	0.35687457	0.41040678	0.41165399	0.39235948	0.37611621	0.44947722	0.40565923	0.42846803	0.40486057	0.37516766	0.44366147	0.40356144	0.51244257	0.39273654	0.38647863	0.53526635	0.39602730	0.35262062	0.46563944	0.42425549	0.41517557	0.40517327	0.46385083	0.32851571	0.42788072	0.43066346	0.41235233	0.42470944	0.39233234	0.44064173	0.41646066	0.34427477
02_81	0.53133546	0.51133114	0.51004724	0.48223215	0.44149914	0.39459652	0.42241821	0.49448662	0.45328129	0.55388872	0.56555030	0.54324800	0.53235111	0.55961853	0.48808938	0.45111921	0.41807878	0.45857234	0.45432637	0.44300197	0.47812005	0.45031567	0.55671301	0.54496042	0.45584025	0.44348206	0.47490629	0.44327296	0.47632014	0.52970766	0.40008252	0.54204096	0.44395121	0.40105180	0.40900968	0.41667270	0.37772224	0.44138079	0.42052526	0.44820549	0.43551068	0.38473680	0.43282053	0.53193022	0.49935811	0.49045517	0.59820673	0.45208872	0.54866582	0.48409947	0.47004347	0.44222000	0.65315470	0.51304631	0.53405787	0.38032069	0.40838448	0.41202616	0.41445639	0.48820101	0.41559815	0.55597785	0.48902273	0.47613818	0.47595898	0.50352913	0.38906099	0.42161761	0.53426329	0.53771322	0.46882250	0.39704697	0.54053745	0.43233861	0.47160947	0.54713595	0.55829205	0.40463825	0.41879112	0.46474936	0.49872646	0.68339147	0.63823220	0.61235013	0.44502097	0.46556667	0.47843814	0.42945501	0.54740323	0.80311876	0.41477125	0.60605054	0.45634934	0.43911799	0.39984643	0.52835225	0.47836556	0.47013598	0.49207968	0.42693268	0.51245901	0.61617217	0.50042869	0.57953453	0.47121895	0.47181969	0.37860575	0.48683360	0.59436487	0.52526318	0.40826171	0.49611844	0.42007313	0.41603482	0.47229438	0.52446893	0.42527426	0.43484787	0.47305227	0.45139290	0.40257505	0.54447323	0.45280080	0.46626887	0.45442963	0.75447056	0.62962460	0.47490905	0.42608685	0.47600335	0.66409853	0.39936306	0.61007674	0.57933534	0.46249903	0.46649718	0.37732014	0.38429720	0.59262514	0.46286761	0.49071019	0.42694708	0.70240255	0.42823589	0.84947177	0.59887470	0.73444835	0.50326185	0.50129538	0.43855114	0.44155961	0.66271612	0.51999385	0.53230852	0.57089121	0.48084752	0.48521479	0.55623357	0.49647250	0.54341209	0.54532276	0.40420519	0.44821829	0.60286550	0.43476351	0.45011638	0.57631641	0.58993210	0.69220020	0.42426945	0.44131673	0.52597461	0.45099658	0.48208038	0.49481902	0.72622292	0.41719408	0.43706116	0.42818530	0.45914970	0.46893896	0.47484507	0.51285185	0.41125068	0.69694333	0.43352829	0.47467766	0.57094930	0.59587288	0.44942155	0.68531832	0.38578384	0.46540474	0.43909870	0.45537096	0.49735537	0.42607062	0.48524853	0.48670681	0.42369346	0.46809511	0.46835987	0.54968953	0.51080574	0.65838660	0.46477792	0.48136972	0.43706168	0.50401790	0.40236118	0.63794532	0.37667850	0.48686958	0.48994593	0.48259396	0.50996875	0.48645173	0.35166780	0.61242966	0.43305206	0.60306931	0.43204893	0.39090958	0.37772935	0.46786221	0.48722025	0.48410808	0.43581986	0.46705890	0.41496665	0.60392904	0.44372237	0.45390657	0.60355046	0.62584931	0.41647343	0.71456961	0.41560539	0.43644584	0.44331705	0.56260823	0.58137474	0.47438715	0.44782454	0.43209056	0.47300363	0.48262787	0.60533550	0.37024003	0.43181832	0.46023404	0.62884732	0.65897911	0.45776656	0.47845895	0.52067878	0.47664918	0.50573089	0.50214259	0.46463319	0.45796961	0.45113336	0.56171612	0.44956333	0.40780095	0.38841865	0.51012016	0.44569418	0.42447039	0.56443296	0.46503569	0.49877223	0.42583992	0.55459194	0.43457674	0.48601077	0.45558501	0.49740868	0.40424598	0.44866461	0.43888858	0.53244203	0.50134921	0.45265103	0.47469416	0.45585919	0.50478541	0.40887063	0.35135285	0.40971307	0.57524075	0.39799713	0.40577863	0.42378180	0.42717343	0.41910618	0.47172054	0.52913075	0.42178789	0.42662178
02_259	0.51961940	0.52527192	0.53749079	0.44563847	0.60577512	0.49974502	0.50246214	0.44993813	0.73920439	0.54865994	0.48115567	0.47283851	0.46896554	0.49234781	0.63739813	0.78612970	0.48152396	0.85125275	0.65890233	0.43571364	0.45952557	0.73820353	0.46997747	0.45665920	0.59209706	0.64532479	0.53792044	0.45143038	0.54749159	0.49924556	0.47734736	0.48548164	0.73038528	0.54666564	0.50246564	0.42340692	0.50822099	0.78716277	0.50857229	0.59493233	0.42964220	0.51616989	0.78588740	0.48127655	0.44268089	0.43982766	0.48456374	0.41715298	0.53155851	0.44995055	0.67920195	0.55655204	0.48004928	0.45907009	0.51038796	0.48728702	0.64087915	0.39167174	0.58512648	0.65561518	0.41213570	0.52218673	0.49483578	0.67873221	0.43015114	0.40681896	0.47578818	0.66018234	0.47517242	0.50457614	0.70290928	0.56358152	0.61972618	0.45045040	0.41426552	0.45960760	0.49473486	0.41893381	0.74824232	0.75341611	0.63562593	0.46292186	0.45842004	0.57958631	0.43152165	0.51923419	0.64182973	0.73307736	0.62698183	0.44831936	0.42100995	0.48088341	0.64705447	0.44601999	0.51066957	0.49441615	0.47732827	0.52973586	0.48582916	0.47516567	0.41857893	0.42502187	0.60106863	0.44301105	0.44617550	0.71496703	0.46411965	0.46428457	0.52900869	0.44987081	0.53506631	0.59989751	0.44611786	0.44964779	0.68875143	0.67901854	0.41018752	0.57338166	0.55352110	0.53034435	0.66820689	0.49013192	0.51586302	0.41575092	0.56319773	0.44202712	0.45401729	0.67145985	0.48553311	0.45266816	0.43582706	0.46713239	0.52286379	0.50858306	0.53302480	0.72218011	0.42320924	0.51172192	0.45295544	0.45763796	0.40183008	0.60468341	0.42018618	0.49448618	0.45638394	0.49001898	0.42258842	0.50639966	0.42972024	0.52338821	0.45632243	0.46580415	0.59715230	0.52761159	0.64274785	0.43558675	0.47525858	0.53174509	0.61327680	0.57339043	0.43626818	0.40683150	0.65306766	0.45541366	0.51027658	0.42831691	0.43469496	0.50140167	0.54499976	0.56919424	0.59406790	0.42005905	0.57573376	0.58571343	0.57378387	0.46030666	0.47270621	0.51179438	0.60633395	0.49384563	0.36646788	0.50909480	0.56657181	0.50064908	0.47151247	0.40648495	0.47599227	0.54337412	0.49553407	0.45791614	0.47283869	0.43455266	0.48701938	0.51792894	0.42557434	0.45098829	0.71704186	0.43472507	0.52020371	0.54616776	0.47099411	0.58205128	0.52050205	0.49379201	0.46420721	0.40230948	0.45411645	0.64165729	0.47461720	0.47096863	0.43763893	0.42005406	0.49938009	0.51579818	0.50040092	0.42847806	0.43968619	0.44320612	0.40884955	0.58600375	0.44528138	0.55965762	0.43527393	0.42003372	0.40522808	0.63813919	0.38983405	0.51469880	0.45854776	0.50193484	0.43912135	0.59750098	0.40048591	0.43033819	0.51208879	0.40318482	0.41662437	0.52797687	0.49161169	0.53254163	0.47311417	0.51327139	0.41201520	0.61623409	0.59122354	0.60681086	0.40421643	0.45437239	0.43994196	0.40823084	0.52462695	0.43637452	0.43584142	0.44721928	0.62045859	0.46063585	0.52528780	0.46707330	0.51438010	0.45020963	0.42076849	0.50619015	0.39263031	0.55691823	0.46039969	0.43424514	0.53457774	0.48023920	0.51588400	0.45951235	0.57412422	0.44343331	0.49485860	0.49240665	0.57620478	0.42673837	0.54096867	0.40861580	0.45446473	0.46275460	0.52977220	0.41356580	0.47966067	0.45679878	0.51870218	0.37067025	0.40467360	0.40168247	0.45710874	0.56657333	0.44470176	0.44520404	0.35685431	0.50727214	0.55245867	0.45343038	0.47765415	0.41831366	0.41867888	0.36465826
02_153	0.41353744	0.40285374	0.41962384	0.42885667	0.44181091	0.38973477	0.39721565	0.39592077	0.46573988	0.41303581	0.38648371	0.38070580	0.39612700	0.39741189	0.44061742	0.51674952	0.37889547	0.55933071	0.48351488	0.36482340	0.40929427	0.45707267	0.39014307	0.40196933	0.45397089	0.52274918	0.42190053	0.36635893	0.46677154	0.40484058	0.43994659	0.43857075	0.49139497	0.43721915	0.41051068	0.38813001	0.44067140	0.48465260	0.39616402	0.44647120	0.36815018	0.41500268	0.53643901	0.42784366	0.37054259	0.43965004	0.42204092	0.35163459	0.43342912	0.43898522	0.64672462	0.41703885	0.40632848	0.45566691	0.39412462	0.42375845	0.50541376	0.38368408	0.48674693	0.45865035	0.36561848	0.42514850	0.47031914	0.44037269	0.40699138	0.38254066	0.41222588	0.55666439	0.50476179	0.45774145	0.45733686	0.41977103	0.49852213	0.41723404	0.36243830	0.40135732	0.48372223	0.39432965	0.48641429	0.60351617	0.50177869	0.41740564	0.45170955	0.52581624	0.37303446	0.41739429	0.52384418	0.55106693	0.46363392	0.43993498	0.38552206	0.44231488	0.51527655	0.40064279	0.44871412	0.49564681	0.41567966	0.45100226	0.42606319	0.44975115	0.48371722	0.41547923	0.48726701	0.40007636	0.39356035	0.50168579	0.38249459	0.42308282	0.42321605	0.38130804	0.50661007	0.53523330	0.38004549	0.46524989	0.46504233	0.59027800	0.46343252	0.43274633	0.53661836	0.57309340	0.47817931	0.38758978	0.68198509	0.40316353	0.41505408	0.43308197	0.41899730	0.43710414	0.79363286	0.48181017	0.43891600	0.40273521	0.44332194	0.61261327	0.48234369	0.51790420	0.48234919	0.42557128	0.48964604	0.64486688	0.48600849	0.46489605	0.43292978	0.45803062	0.44674322	0.40739625	0.45377396	0.46542181	0.43171279	0.55545696	0.37600246	0.44377320	0.65502873	0.60808988	0.50378393	0.42062934	0.50592480	0.51840572	0.50574145	0.42970085	0.52563944	0.42551524	0.42865119	0.42567449	0.67944011	0.40753381	0.40185357	0.50176158	0.46270587	0.42522648	0.51832948	0.48281440	0.44938195	0.45447019	0.61240531	0.49271640	0.72947657	0.89518615	0.47447528	0.66366493	0.37493603	0.43784348	0.56228727	0.40532471	0.44358506	0.43028637	0.49789773	0.48346767	0.50332063	0.48712138	0.41424247	0.52052839	0.67881616	0.60411925	0.36907895	0.45669006	0.51048535	0.42408585	0.70989842	0.69566635	0.41220610	0.68196808	0.39965837	0.63527528	0.50871042	0.46859579	0.54435156	0.45351840	0.42195610	0.41321099	0.44274848	0.50902132	0.54907336	0.43586309	0.52446325	0.47762709	0.41138529	0.40421613	0.46273133	0.55107109	0.46318915	0.46651927	0.45642144	0.47036103	0.44528068	0.53186631	0.37312611	0.46700544	0.59883722	0.40267262	0.42571554	0.43466005	0.45943911	0.46242775	0.43489196	0.42281870	0.45337957	0.63081681	0.48022741	0.53453138	0.45314123	0.52413850	0.44423572	0.43622907	0.59317788	0.64023563	0.47187891	0.47033981	0.46231050	0.34089924	0.47074365	0.47030208	0.41218996	0.38603373	0.48151401	0.40399033	0.58280502	0.53030316	0.47886313	0.58551941	0.49229149	0.66721410	0.43898036	0.44757566	0.66900203	0.49205514	0.43121323	0.55114323	0.61119818	0.44740949	0.48789830	0.49868869	0.42182365	0.47904923	0.43097410	0.37113332	0.45567404	0.45295042	0.42624270	0.41728369	0.40045678	0.43070131	0.49867404	0.39689223	0.47581984	0.43133699	0.40552783	0.42014780	0.40600403	0.45950893	0.41193665	0.58484684	0.37531176	0.46343939	0.46703935	0.42859568	0.47770109	0.44481818	0.38991983	0.42496178
02_216	0.41598465	0.41719570	0.40112533	0.46757074	0.37023969	0.34477683	0.37091863	0.42398209	0.39564533	0.43847340	0.45501843	0.43913313	0.42301208	0.43400851	0.40000677	0.41908162	0.36446208	0.44316121	0.41652321	0.38454518	0.45060141	0.39507624	0.42116568	0.43642181	0.38905432	0.40069971	0.37973544	0.38585691	0.49130572	0.41050661	0.40436943	0.52239595	0.44057544	0.37446246	0.37184637	0.43588327	0.37472925	0.40540158	0.35917617	0.37243214	0.41130935	0.37450034	0.43387275	0.49149283	0.41361876	0.47783231	0.47678468	0.40220094	0.48103557	0.50318924	0.45067520	0.39710401	0.48359008	0.60477980	0.43195889	0.39256130	0.40203103	0.40644133	0.38133529	0.40117496	0.38085216	0.47675913	0.46407800	0.40373965	0.46968328	0.42553823	0.37360627	0.43488893	0.61989991	0.56781161	0.42074453	0.37964412	0.46947444	0.45367915	0.40290611	0.41116039	0.46552978	0.39826334	0.41029593	0.45073882	0.43414304	0.55102006	0.51492027	0.47245370	0.36911359	0.37593068	0.47182770	0.44534396	0.47610258	0.58444776	0.45523446	0.63737335	0.42091283	0.43783655	0.38572506	0.45288345	0.50879306	0.46489509	0.55613028	0.44414242	0.85114595	0.44774115	0.40328261	0.48359951	0.42671073	0.46506703	0.33404850	0.43167181	0.49309805	0.40275278	0.39249650	0.44809772	0.44108255	0.39802555	0.40960733	0.47031857	0.45575650	0.36197555	0.40173949	0.45199174	0.42050994	0.46698649	0.48918970	0.43627326	0.41609409	0.48990334	0.55238267	0.41133981	0.48089620	0.62126912	0.54755961	0.34761429	0.45799243	0.64204691	0.43298222	0.46996708	0.42626951	0.39151023	0.74496581	0.49558140	0.56248499	0.37798396	0.58757721	0.41228632	0.58155658	0.50777576	0.54641286	0.51621082	0.47685676	0.44918192	0.37741780	0.64142213	0.47911271	0.47814978	0.46849602	0.43929892	0.48679528	0.50073316	0.49961790	0.46150986	0.72066730	0.42402063	0.40070636	0.54565007	0.49906705	0.37762430	0.42553561	0.53170950	0.51274280	0.38809659	0.48950265	0.88704019	0.37167727	0.48448535	0.50594918	0.57347415	0.44261039	0.48178813	0.46513908	0.58306884	0.39864421	0.41302523	0.43594924	0.37637147	0.62547223	0.38180904	0.48042251	0.49694381	0.71100567	0.39183575	0.52436055	0.40164653	0.57506919	0.41505772	0.37726502	0.66998135	0.42020742	0.45516484	0.46388046	0.48560709	0.48103602	0.45182950	0.44736285	0.59184765	0.49229966	0.57854270	0.49529170	0.41046961	0.56253395	0.35000848	0.49476457	0.38816159	0.40983439	0.38613120	0.44912988	0.57847117	0.44179957	0.34101749	0.51998169	0.47723530	0.76525780	0.37578382	0.38976500	0.43194321	0.46118433	0.44926136	0.40720882	0.37306806	0.44378309	0.36683979	0.43913101	0.37201371	0.57967891	0.44822254	0.53138490	0.36409250	0.55063700	0.48335741	0.43692211	0.41364202	0.62766158	0.48635120	0.48335346	0.39973983	0.48106058	0.48577967	0.71307993	0.53762771	0.40864031	0.39468435	0.37924246	0.52510707	0.54764675	0.41768076	0.41382009	0.40603930	0.48342231	0.62885281	0.41686431	0.44793270	0.63461007	0.55356485	0.48091628	0.39491365	0.43577175	0.41705883	0.48280761	0.40619891	0.44370115	0.43216482	0.43243364	0.52994939	0.35591865	0.55291439	0.37554197	0.38501922	0.40996041	0.46808296	0.39229428	0.41730752	0.39659913	0.42569529	0.44634757	0.41233516	0.40318458	0.46787481	0.45822093	0.48373997	0.37240380	0.44890057	0.49903908	0.41946411	0.45054135	0.42164273	0.48370867	0.38557008	0.44554095	0.55346737	0.41785877	0.45000345
02_270	0.40470524	0.47182989	0.41201471	0.35656908	0.43389375	0.52043007	0.58167404	0.35982441	0.46559481	0.42917511	0.40144928	0.42680670	0.37888988	0.39864584	0.45211499	0.46762290	0.52493788	0.47866482	0.42191566	0.45460084	0.35912513	0.46761340	0.39779327	0.37449075	0.41389266	0.43160910	0.41027983	0.49324048	0.41498525	0.39697546	0.47211272	0.38514884	0.43700183	0.46425327	0.52454116	0.42165443	0.49552117	0.44965224	0.50634833	0.43355095	0.43653173	0.50013836	0.45241647	0.38804447	0.44192150	0.35771480	0.46055980	0.46614793	0.45988011	0.39231261	0.46570766	0.57240804	0.41330504	0.42559113	0.46153200	0.46837530	0.40834212	0.38776250	0.40053483	0.46474472	0.39508319	0.40391335	0.37901909	0.47096567	0.52385583	0.47617885	0.42600188	0.47960008	0.39229060	0.39830153	0.49329759	0.57819002	0.46929712	0.47696589	0.45599356	0.38458810	0.53817832	0.40116696	0.47375558	0.47265722	0.43306422	0.43601478	0.39291968	0.48467375	0.43710884	0.44707741	0.42588424	0.45075752	0.44735961	0.43179737	0.43742606	0.42068841	0.42415039	0.37395622	0.41971823	0.63830084	0.37424663	0.46413309	0.39100412	0.61867071	0.38717490	0.40112844	0.46252400	0.49041470	0.59701224	0.44624690	0.47279632	0.36622639	0.45983835	0.37475841	0.38414214	0.53930150	0.43764478	0.68079233	0.50161046	0.51850585	0.46269167	0.42104606	0.44370684	0.39766690	0.42951084	0.41559817	0.40928977	0.44078879	0.57639303	0.40794263	0.47671353	0.47539184	0.41150983	0.45194572	0.48460681	0.52763331	0.42373577	0.46962706	0.79814528	0.48237098	0.48639614	0.53553616	0.40191579	0.39389056	0.35894177	0.41454771	0.42843004	0.36567796	0.42782042	0.41537812	0.42019299	0.38970573	0.58939237	0.54634768	0.50245312	0.42893061	0.50033075	0.50688602	0.49254736	0.60264240	0.64132813	0.52650271	0.58756006	0.47285648	0.39511331	0.40866542	0.53008645	0.50959047	0.46071077	0.49560600	0.39782690	0.40926944	0.46098871	0.66610438	0.41510631	0.39166269	0.44692959	0.41566796	0.52113507	0.46192323	0.40345940	0.44156073	0.42144409	0.43052207	0.42586780	0.38327687	0.51090081	0.49209502	0.43113782	0.49595284	0.56657424	0.58329503	0.44647831	0.56565196	0.44358850	0.46843292	0.43066224	0.40883038	0.42994215	0.38545320	0.44075084	0.35477819	0.44777190	0.43058734	0.37861890	0.45713761	0.43056979	0.42349308	0.45386369	0.39569052	0.38099564	0.60436460	0.39116108	0.50720064	0.39252501	0.43726532	0.45963412	0.41525217	0.52365347	0.36976478	0.41427672	0.41248852	0.38435348	0.50790121	0.41788886	0.41181808	0.45243907	0.49544522	0.39835017	0.53161884	0.45278285	0.49340614	0.41708851	0.56494318	0.39362727	0.44321935	0.40919695	0.40407938	0.44971259	0.48980282	0.40680661	0.43810933	0.37746931	0.40477512	0.46513922	0.50839464	0.36549394	0.48845105	0.42146529	0.48058383	0.37522671	0.48700295	0.50563371	0.45015018	0.44826882	0.41453465	0.42958781	0.58130880	0.49628505	0.38747493	0.49893184	0.40886965	0.55280903	0.40344400	0.41164339	0.44426515	0.37274138	0.40934437	0.39826206	0.51947164	0.42617501	0.41543366	0.42356894	0.41356031	0.51863448	0.38905927	0.41058075	0.45503303	0.44141390	0.36730448	0.49326159	0.36717553	0.63441682	0.36148767	0.51835976	0.39935971	0.49329810	0.57530292	0.47494859	0.34620467	0.49108414	0.42483798	0.45632358	0.40527803	0.43719552	0.38729897	0.41733504	0.56517466	0.39532950	0.59962515	0.50056542	0.43549175	0.35064625	0.34022082
02_316	0.41634421	0.42341829	0.41197179	0.44027118	0.40836678	0.37904264	0.40366425	0.40332859	0.44797898	0.43843142	0.42700517	0.41747171	0.40572455	0.41787486	0.43265655	0.48612261	0.38775128	0.53745347	0.45986395	0.38431155	0.42684125	0.44681288	0.40445789	0.41223069	0.42125676	0.45767624	0.39963227	0.39179272	0.50429441	0.40697282	0.44394149	0.48114420	0.50245465	0.41682896	0.40713407	0.43001963	0.42867212	0.46402703	0.38803390	0.40999402	0.40310870	0.41850198	0.52144984	0.45935733	0.39924946	0.44804104	0.45707858	0.39139725	0.47488760	0.47382972	0.54925972	0.43410224	0.44725891	0.54813762	0.42702959	0.43630120	0.46277848	0.39718516	0.42805527	0.44182959	0.37610570	0.45789751	0.46364098	0.44429859	0.46644152	0.41110470	0.40186168	0.52953271	0.56788902	0.52531887	0.47695261	0.43289782	0.50128763	0.46594613	0.39004637	0.39941403	0.48908214	0.40212668	0.47990443	0.54948634	0.47335392	0.49370138	0.47114217	0.51229649	0.37350552	0.39725667	0.52164256	0.54501066	0.49406452	0.51120730	0.44774025	0.54788079	0.47156633	0.42318866	0.42219043	0.50318199	0.47257974	0.48419821	0.51190277	0.50162688	0.61981143	0.42075121	0.44631283	0.45440824	0.43804752	0.52365618	0.36413157	0.42023706	0.48468607	0.38666278	0.43866489	0.53749459	0.43751217	0.46108571	0.46512003	0.56485220	0.48169012	0.39694593	0.45276167	0.50253731	0.49516713	0.44205690	0.57385242	0.42597901	0.45122025	0.45102504	0.50199062	0.45241250	0.60388831	0.61805001	0.50234582	0.38202023	0.45170686	0.73987889	0.51007953	0.55865759	0.50099888	0.44553666	0.58954133	0.54842601	0.50581221	0.41976734	0.50940601	0.43044711	0.50688480	0.46571939	0.48975545	0.49958442	0.49306995	0.53750367	0.38877061	0.54720591	0.57975032	0.56720394	0.51040503	0.45823247	0.55787359	0.56890895	0.58386580	0.47695252	0.61549274	0.43430817	0.44836510	0.50964148	0.68709865	0.39494764	0.40478509	0.51365334	0.50719444	0.44376720	0.55528529	0.61795410	0.40942562	0.50026727	0.65912580	0.54823124	0.53149224	0.63211815	0.52348386	0.80061257	0.38465260	0.42092790	0.51033051	0.40509457	0.53600238	0.40737216	0.52980571	0.54328044	0.65111684	0.44260888	0.47541914	0.46903685	0.74045630	0.47588113	0.37466991	0.56733216	0.49079949	0.42781968	0.54726552	0.63567674	0.45408603	0.54387228	0.43796061	0.65486328	0.50077659	0.53249892	0.50524675	0.47554217	0.50518050	0.38483996	0.45291526	0.44541689	0.46274353	0.40524063	0.53017934	0.51311780	0.42608464	0.37630445	0.46948953	0.58924814	0.58663164	0.41380478	0.42906242	0.50499407	0.44759447	0.53613836	0.39188202	0.41691374	0.49039639	0.40068534	0.41973515	0.40873121	0.53781409	0.44096634	0.50333297	0.39335641	0.48508971	0.63452435	0.45619285	0.45835066	0.56606431	0.53336856	0.45059396	0.44768217	0.58255268	0.60486965	0.57495223	0.53701006	0.47922036	0.38199922	0.41719061	0.48447198	0.48221433	0.42854245	0.46685867	0.39803939	0.58930071	0.61199591	0.45679835	0.48840837	0.61119088	0.80917571	0.43852203	0.42188229	0.51535170	0.48882338	0.47967645	0.45301852	0.52506663	0.43022746	0.49868651	0.50936039	0.38344341	0.54613161	0.41167178	0.37120809	0.45916118	0.44259287	0.44049173	0.41245361	0.42492109	0.41546744	0.49465370	0.43114178	0.44360297	0.43009860	0.44636159	0.48313012	0.41944978	0.49959830	0.46686793	0.48079250	0.42724547	0.48408972	0.52471853	0.42849202	0.49714017	0.50603775	0.40033895	0.42127122
02_291	0.50081322	0.51004082	0.50313641	0.43497558	0.50910168	0.44148090	0.46901411	0.43568266	0.59711043	0.56336931	0.51652916	0.49093299	0.46223156	0.50012194	0.57351346	0.58248480	0.44864717	0.66459071	0.53423176	0.42321872	0.44383096	0.60635436	0.47354977	0.45525535	0.50029213	0.52333819	0.48535350	0.44470246	0.51455806	0.48393220	0.43435603	0.49625843	0.59466360	0.45412564	0.44911091	0.41548302	0.43980740	0.58391478	0.45374888	0.50886457	0.42328659	0.44843936	0.60496229	0.48009021	0.44819688	0.43360871	0.50619605	0.43275846	0.53464624	0.44576486	0.59604806	0.51344430	0.53004067	0.48906084	0.52063101	0.43520453	0.50371862	0.37935788	0.47438044	0.58727006	0.38915511	0.52766829	0.46745349	0.61941949	0.46037593	0.42783761	0.41441044	0.54152309	0.50045344	0.52859347	0.69955781	0.49885013	0.57574284	0.44706015	0.42125493	0.45581103	0.51126953	0.39229142	0.56001529	0.62809570	0.55396079	0.56946415	0.48329372	0.62719155	0.41100340	0.46673341	0.56411986	0.60573100	0.62242681	0.54543220	0.42779022	0.57033357	0.53089785	0.42262706	0.43340989	0.53936298	0.48364331	0.49740961	0.52037631	0.48793502	0.47770954	0.44512774	0.55612129	0.49071042	0.47630784	0.62241310	0.40705354	0.44103255	0.63552267	0.44504964	0.45152475	0.71430741	0.44574229	0.46092790	0.66089182	0.72319740	0.41552471	0.48925152	0.50718249	0.48101909	0.56375295	0.54700816	0.49460569	0.41665936	0.54794944	0.48650280	0.53857955	0.64364647	0.48239702	0.49449908	0.50477321	0.42463948	0.53142570	0.60343672	0.58068153	0.70923667	0.42212182	0.46341571	0.51066344	0.45904398	0.42247590	0.49036220	0.51739345	0.43875040	0.53622853	0.54713283	0.48213263	0.49779678	0.49042216	0.49889359	0.43832249	0.57263312	0.62687143	0.60457521	0.67120056	0.46900307	0.52608015	0.69081311	0.65662625	0.65912233	0.48608133	0.39251761	0.61252984	0.53686842	0.55334103	0.41785506	0.44182645	0.51309613	0.63605641	0.55152264	0.54925768	0.48260247	0.50098750	0.56272732	0.69773184	0.55774981	0.45639339	0.51645583	0.56316301	0.53730993	0.38198216	0.46186791	0.61005188	0.44404383	0.57178833	0.40582383	0.48903127	0.67729043	0.60267379	0.46058786	0.54901794	0.41483875	0.52472458	0.47044151	0.40975902	0.49368006	0.56413185	0.42429393	0.51892448	0.53011289	0.46047368	0.54500607	0.55754392	0.52210345	0.52456508	0.42582962	0.44889613	0.60059837	0.51225420	0.42387309	0.46095817	0.39637709	0.50134710	0.47783517	0.59405290	0.44623196	0.42879326	0.38157959	0.44216819	0.55165046	0.52952073	0.47321120	0.40296273	0.42586679	0.40577537	0.70856277	0.40323881	0.46107761	0.45172684	0.45762827	0.45349622	0.51699606	0.42667263	0.45709605	0.60553345	0.39874512	0.47247163	0.53237164	0.44513751	0.47075477	0.54152989	0.60630027	0.41048887	0.60937152	0.53975202	0.60581746	0.44886436	0.56186361	0.42782206	0.42234732	0.48318390	0.46848513	0.52536723	0.47299587	0.60083809	0.44952394	0.58996718	0.50383730	0.51412610	0.44767956	0.46205262	0.56042311	0.41762575	0.48397252	0.44249939	0.43226936	0.55435987	0.45476703	0.48696162	0.46842301	0.61297869	0.45325252	0.44551130	0.55453259	0.50936988	0.41759766	0.56530570	0.41571367	0.45676305	0.42928357	0.51681597	0.42704286	0.53999681	0.47945799	0.51123555	0.38229516	0.45070827	0.41814020	0.41403963	0.52234801	0.51657247	0.42590099	0.38172998	0.51210586	0.52619953	0.45957205	0.54008099	0.46351098	0.39541788	0.37124678
02_114	0.39513307	0.42035398	0.39831716	0.39529121	0.41820277	0.41780159	0.44256204	0.37189124	0.46028856	0.41328566	0.39118557	0.39542947	0.37704795	0.38837591	0.43150310	0.50347257	0.41593794	0.55190856	0.45486983	0.39115417	0.38799776	0.45909978	0.37979204	0.37867715	0.41981878	0.46650671	0.39467156	0.40417825	0.46899615	0.38596759	0.48142617	0.42261672	0.49783215	0.45144132	0.44675225	0.42757083	0.48929984	0.47560962	0.41760777	0.41883431	0.40260792	0.46728337	0.53549159	0.41453720	0.39049970	0.39968602	0.43269187	0.39230652	0.45120408	0.43353694	0.55665852	0.46994855	0.40462131	0.48237333	0.41542349	0.48237299	0.47181526	0.39192739	0.43519364	0.44454198	0.37606173	0.41762873	0.42443765	0.44697468	0.47095800	0.40804805	0.42509482	0.58243758	0.47171405	0.45265126	0.48442602	0.49460951	0.48539376	0.47832069	0.39071150	0.37528410	0.49362990	0.40692492	0.51661593	0.56390967	0.45919496	0.43408347	0.41589616	0.48739172	0.38016978	0.40640674	0.49616378	0.55860669	0.46443927	0.43943391	0.44677074	0.45956902	0.46900111	0.39932234	0.44364440	0.53358709	0.41916257	0.48309352	0.44457106	0.57147505	0.47962076	0.38981239	0.44883465	0.43489242	0.45955742	0.50914593	0.40042531	0.38882061	0.44749790	0.36380085	0.43834618	0.55215679	0.43535979	0.54193891	0.48135065	0.56642644	0.50053433	0.40483803	0.46107202	0.47843102	0.50894529	0.40680497	0.53596753	0.42135798	0.48284418	0.40604762	0.45468628	0.45529626	0.57573494	0.55001380	0.46228587	0.42438635	0.42182619	0.58550832	0.59020388	0.56220341	0.58577391	0.51622133	0.47417967	0.49787458	0.42914167	0.43029187	0.43887916	0.41104620	0.44089410	0.41953852	0.42986205	0.44746571	0.50278402	0.61630769	0.40850776	0.45706700	0.58322656	0.55733204	0.49825351	0.48033663	0.61711153	0.54643264	0.61023368	0.45738025	0.48593935	0.43849123	0.47619896	0.47709816	0.70107611	0.41714550	0.38175246	0.45688134	0.45852604	0.49977573	0.52343477	0.48190410	0.42427885	0.46569238	0.65176404	0.48350100	0.53056057	0.63225045	0.50841742	0.63444307	0.38103499	0.40293774	0.51731465	0.43995473	0.45527581	0.43564578	0.57623552	0.54359409	0.52800182	0.49124919	0.43161925	0.53331590	0.62603554	0.47499866	0.37906856	0.46779513	0.51013929	0.38900913	0.53915467	0.63287385	0.41570592	0.55911750	0.41416771	0.55832294	0.46352839	0.46982433	0.45791289	0.53800197	0.44131691	0.42713137	0.40865615	0.49848192	0.47294378	0.40258484	0.54924453	0.43979415	0.41455224	0.41443034	0.41558495	0.67671445	0.47984269	0.42469391	0.47214602	0.60262110	0.42656505	0.56489293	0.39321110	0.44924724	0.48453667	0.44725153	0.39196463	0.42367355	0.48954966	0.40814868	0.45695726	0.42289487	0.42776287	0.66029167	0.43743467	0.46010839	0.50799396	0.52090579	0.41269504	0.46922263	0.56492671	0.63053201	0.47020448	0.49809745	0.59116614	0.38708995	0.43510907	0.44145953	0.43177271	0.45750234	0.49062187	0.38228310	0.61920335	0.52292131	0.49293688	0.47690078	0.53597157	0.66106831	0.39914797	0.42562397	0.52398664	0.60409413	0.45398763	0.46478793	0.55052021	0.41457554	0.53675051	0.46364692	0.39859471	0.51021611	0.43129959	0.35769594	0.48886598	0.41011849	0.52726983	0.39227408	0.45762801	0.40230485	0.50918361	0.46932492	0.46839150	0.39522826	0.45298901	0.49324029	0.48605646	0.49128667	0.43815436	0.49489031	0.43287472	0.57252605	0.48128536	0.49786171	0.52395373	0.47642590	0.38011650	0.39303726
02_50	0.44506018	0.44897236	0.45048746	0.42556069	0.48180508	0.42200670	0.43623491	0.40787169	0.56166480	0.47526530	0.43882310	0.42428918	0.41635189	0.43474374	0.50752089	0.60707859	0.41640227	0.73174180	0.54297442	0.38918375	0.42845227	0.56474130	0.41433199	0.41279441	0.48346814	0.53989212	0.44486577	0.40292884	0.52061263	0.43059415	0.45029245	0.46602021	0.64435167	0.46648366	0.43783544	0.41016677	0.46713228	0.59591831	0.42618135	0.47891578	0.39817221	0.46198987	0.71499244	0.45053476	0.39809875	0.42425586	0.44240241	0.38679561	0.47970649	0.43833716	0.64444420	0.47846686	0.44343964	0.47201758	0.44690040	0.46161634	0.56774547	0.37325724	0.49910147	0.52119659	0.37450593	0.47315031	0.46380320	0.53904300	0.42386413	0.38281809	0.42573055	0.63375499	0.49342958	0.50247190	0.60062642	0.49911587	0.53472435	0.44109137	0.37981566	0.40675164	0.46139571	0.39257058	0.61838674	0.69713009	0.53342814	0.45977905	0.43686653	0.52802950	0.37945014	0.43137707	0.59086150	0.76176834	0.54774988	0.45023518	0.42084110	0.49492570	0.54930943	0.41881824	0.45555342	0.47711134	0.47009201	0.49070893	0.49842732	0.48072149	0.46471765	0.39489424	0.50249202	0.42190904	0.42424822	0.64499033	0.39774728	0.42351478	0.50099706	0.39730121	0.48725923	0.60404135	0.43314925	0.44618973	0.57418536	0.64461850	0.41793842	0.46298165	0.49156637	0.51507161	0.67269926	0.45857135	0.54609555	0.39446761	0.49845671	0.41862417	0.45062677	0.55277535	0.54701130	0.49360585	0.43309092	0.40762367	0.46322004	0.56204797	0.52711938	0.74207232	0.45319822	0.48572224	0.47862115	0.48130371	0.41929072	0.49529981	0.43340861	0.45469903	0.45148396	0.46409585	0.42015216	0.49267231	0.43560216	0.52289241	0.40174112	0.48038297	0.60178220	0.54541229	0.56366689	0.42358527	0.49314476	0.55648668	0.61211387	0.52568061	0.47215580	0.39985945	0.54664661	0.45457904	0.62856269	0.38873719	0.39376718	0.48240317	0.50718209	0.50856689	0.62842981	0.46461599	0.47017896	0.55391363	0.66455790	0.47059382	0.50522395	0.58554292	0.63187168	0.59649470	0.34969071	0.44705143	0.54213385	0.43568663	0.47829444	0.38524278	0.47683331	0.53892015	0.53926884	0.43502451	0.45285513	0.44156624	0.57208256	0.49517175	0.37707401	0.48713212	0.63614175	0.41238470	0.52798899	0.65259779	0.45142245	0.57909081	0.46750023	0.53943851	0.45558502	0.42543197	0.45820012	0.57127629	0.48463158	0.41062561	0.41670082	0.42267429	0.47246048	0.43878506	0.53064080	0.44128697	0.40781488	0.40263950	0.40644848	0.63208214	0.47668138	0.47184996	0.41815821	0.45491991	0.39687133	0.63238134	0.36566603	0.44597398	0.45675585	0.43503395	0.40487255	0.48344206	0.42770845	0.40953372	0.49692812	0.37926229	0.41702956	0.65032898	0.46686273	0.49067274	0.49068101	0.51445815	0.40634661	0.54616743	0.65399995	0.66123322	0.44621578	0.47308575	0.46381817	0.38163170	0.45637848	0.42797295	0.43832399	0.42450990	0.54627224	0.40874420	0.58158690	0.50947394	0.46847906	0.45381333	0.47151864	0.62989364	0.38750831	0.47563605	0.49056584	0.45643497	0.50827090	0.46030852	0.54244111	0.42352935	0.56732442	0.45235769	0.42628554	0.50669667	0.48498739	0.38073106	0.51768242	0.40276739	0.44602383	0.42516015	0.47486307	0.39242052	0.48687830	0.43467478	0.47625601	0.37593159	0.40389702	0.42556144	0.45055712	0.59004930	0.44251533	0.46665616	0.36997585	0.51069909	0.58195242	0.43686775	0.49604377	0.43213353	0.39528538	0.37135580
02_214	0.50337067	0.51206830	0.52153855	0.39493493	0.57451085	0.47650530	0.48229080	0.41666802	0.70406460	0.56430733	0.49283291	0.47281008	0.44904012	0.48841260	0.64875353	0.59079696	0.46537559	0.61945836	0.54192062	0.41638651	0.41518381	0.74397112	0.46220032	0.43050888	0.52840015	0.52625457	0.51660813	0.44170555	0.46440670	0.48648594	0.40683344	0.43868259	0.59153623	0.46395832	0.45240270	0.38008974	0.43081325	0.64522497	0.48374961	0.56736911	0.40134729	0.45140482	0.58496142	0.43588772	0.43032423	0.38821305	0.45598676	0.41392835	0.48810312	0.39382269	0.52802286	0.52389553	0.48221234	0.40719022	0.51649280	0.41918997	0.50803408	0.34881367	0.48630605	0.64868743	0.37677095	0.49391500	0.42683846	0.74000631	0.40174460	0.38772109	0.40994188	0.50321531	0.41411768	0.45293906	0.81830442	0.52009991	0.52784620	0.40147852	0.40194598	0.44286948	0.44691433	0.36988103	0.58791321	0.57191064	0.53542936	0.47247588	0.41991181	0.53743670	0.40656255	0.48942455	0.52106681	0.56347824	0.59085704	0.43895505	0.38622583	0.45944410	0.52524133	0.39462811	0.42844940	0.46154365	0.43773849	0.45747937	0.45232098	0.42866464	0.37877962	0.40011441	0.56071166	0.43138711	0.43699993	0.59488363	0.43307482	0.41551009	0.56709143	0.44297458	0.43867505	0.58725520	0.41429677	0.41167703	0.81556838	0.59110353	0.35965820	0.54628369	0.48901831	0.43229746	0.56923983	0.52202315	0.42223099	0.37562347	0.55766940	0.42540647	0.44325344	0.81644750	0.40323495	0.40028483	0.41722406	0.43577415	0.50246117	0.44950847	0.51077537	0.64237908	0.36739987	0.45473011	0.41023202	0.38700133	0.35435851	0.53285016	0.41564267	0.42108158	0.44501466	0.49752750	0.39736670	0.44704346	0.41149274	0.43401404	0.44292563	0.45024009	0.52251019	0.48582623	0.62515597	0.41064823	0.43513854	0.53166177	0.53640731	0.65083487	0.38699365	0.35260480	0.77397974	0.44692430	0.44705630	0.39927687	0.41491434	0.44470542	0.53303467	0.56813315	0.49316441	0.38346044	0.55507451	0.53156680	0.51916033	0.44507585	0.39685420	0.42744656	0.53148427	0.42296687	0.34499437	0.45751253	0.52583282	0.45651722	0.46008884	0.37237482	0.42088303	0.55418387	0.46428774	0.42333260	0.48231870	0.36930984	0.42029295	0.42970938	0.40707806	0.41024104	0.58635899	0.39063148	0.44372930	0.44854599	0.42576519	0.48609314	0.56778161	0.42551789	0.44077621	0.35319891	0.39066924	0.64568219	0.44992129	0.43692844	0.40836004	0.35934806	0.46120687	0.49831688	0.49965897	0.38108485	0.39948878	0.38487841	0.37820340	0.48630177	0.42292366	0.50445536	0.37546501	0.37250496	0.35660353	0.64101252	0.37416800	0.45521737	0.39882300	0.48398871	0.42181339	0.62540541	0.35686022	0.40188617	0.53029438	0.36957343	0.39867614	0.45371310	0.41907686	0.45392674	0.44809278	0.51010333	0.36616937	0.81816281	0.47501085	0.52399864	0.36935125	0.45836295	0.38980173	0.41913518	0.50471975	0.40708099	0.45102032	0.45567237	0.67116871	0.45348619	0.49893986	0.42021973	0.50034609	0.39802677	0.38195678	0.43350198	0.36923133	0.52264162	0.39152389	0.38929990	0.54312858	0.42988230	0.44752915	0.44704511	0.61686983	0.39865945	0.49585228	0.48357826	0.62444540	0.43034177	0.61071985	0.37668904	0.44406432	0.42269640	0.58944340	0.40066960	0.48901728	0.47627600	0.52823407	0.34129649	0.40888436	0.37358929	0.41250744	0.50652465	0.47200443	0.38905328	0.34174165	0.50134023	0.47160444	0.45682255	0.49674869	0.40286196	0.37825388	0.33461263
02_152	0.66823246	0.55331001	0.63567573	0.59155801	0.50827949	0.42357497	0.43144013	0.66079403	0.48191153	0.58075162	0.56090222	0.55638700	0.70287819	0.64613755	0.53439044	0.49414196	0.43669772	0.46645509	0.53174351	0.47226549	0.58753411	0.47070716	0.67814246	0.73755763	0.55982986	0.51207263	0.58938059	0.44904547	0.52184662	0.68408294	0.42591416	0.59794567	0.46897044	0.45469641	0.43848755	0.42754488	0.40096770	0.47935514	0.46196346	0.51785560	0.45001983	0.40758818	0.44980659	0.62429964	0.51942262	0.59666625	0.61075280	0.43164710	0.57732727	0.53442340	0.49275376	0.45043587	0.61861167	0.48526981	0.54679803	0.39976970	0.46078276	0.45369060	0.49468029	0.52607417	0.47925945	0.62697034	0.61376987	0.48848865	0.42993091	0.47749318	0.44611298	0.44314683	0.53730633	0.54650632	0.45106018	0.40001716	0.61558532	0.42817396	0.47735991	0.76716176	0.54773372	0.45681373	0.44481191	0.48222064	0.59279828	0.50803180	0.73818278	0.59232792	0.50859730	0.56832377	0.53328714	0.43788202	0.57777852	0.53362444	0.40131020	0.50451238	0.53571148	0.51010575	0.47008555	0.46920773	0.50059321	0.50533684	0.47252740	0.39577021	0.44057671	0.70323951	0.55073983	0.50169623	0.42567249	0.49400120	0.42251697	0.65663168	0.50883057	0.70268157	0.48776796	0.44111676	0.41388447	0.38602163	0.46415732	0.49874744	0.41491517	0.50628441	0.53436137	0.52097251	0.40970462	0.50133963	0.47820313	0.48498435	0.44289965	0.70349616	0.48852500	0.47224150	0.42306652	0.42750363	0.51011886	0.42931597	0.75988931	0.48752221	0.41252315	0.45040707	0.36063302	0.38830936	0.52343072	0.48026624	0.49455107	0.50988997	0.47971454	0.53708609	0.59228330	0.55444429	0.56534737	0.56644317	0.41557327	0.43718620	0.46614637	0.50142626	0.49904458	0.46893303	0.57024484	0.42784283	0.42316254	0.45441319	0.45591793	0.49597993	0.48774219	0.42965694	0.43950557	0.47674981	0.39733468	0.47942341	0.76418920	0.68712309	0.59888531	0.40402192	0.45694158	0.44718040	0.52050083	0.50764564	0.43234500	0.52425252	0.43109701	0.42361975	0.43257524	0.42154283	0.45876650	0.64501331	0.47810556	0.45430453	0.52925271	0.43757103	0.45045838	0.47282311	0.48922639	0.43824350	0.55989857	0.39112077	0.43205471	0.49682691	0.52601891	0.46265348	0.45650717	0.62484381	0.49609993	0.41872252	0.51911414	0.49149538	0.54007020	0.49541633	0.56256445	0.44013628	0.54147678	0.42301199	0.48253646	0.44323991	0.76448561	0.39271847	0.49700636	0.62138617	0.41372217	0.53263602	0.57101276	0.39928748	0.60217750	0.42735727	0.48389485	0.52595332	0.42207410	0.35568481	0.50664696	0.45034064	0.48195348	0.48678404	0.50224091	0.43687597	0.80827124	0.49786187	0.42238067	0.62562591	0.53452694	0.42203415	0.57699343	0.39855737	0.53015753	0.53194565	0.48277102	0.49428255	0.54857472	0.43533910	0.44698484	0.46296814	0.43345642	0.46176549	0.35984072	0.41509324	0.52375121	0.63360948	0.49687957	0.42079824	0.48138404	0.72442383	0.42931512	0.48012252	0.50813397	0.49767628	0.41293762	0.40743562	0.58566439	0.55143150	0.42478303	0.37414286	0.51369042	0.49773879	0.44330412	0.67579552	0.43475894	0.53294581	0.50323719	0.50022201	0.47824645	0.64135591	0.43351162	0.57032880	0.38461777	0.58132680	0.43576940	0.59313042	0.44619844	0.42171794	0.49143002	0.48662027	0.43694069	0.38806236	0.36091229	0.41927227	0.48488601	0.42098083	0.37131739	0.40350141	0.43445490	0.40073505	0.41806038	0.47092309	0.51342934	0.45809588
02_27	0.44489090	0.50506313	0.44985903	0.44740582	0.46407836	0.55598181	0.56253724	0.43336447	0.46623133	0.43295738	0.40574999	0.44322101	0.42955275	0.42513129	0.45528998	0.53858166	0.54938497	0.49343796	0.51272021	0.52097026	0.44384018	0.45784468	0.43017795	0.42975648	0.48362260	0.50791331	0.45131113	0.50777938	0.52885387	0.43698466	0.81338303	0.44927624	0.48933078	0.70840281	0.67656203	0.54818333	0.78490058	0.48789969	0.56282403	0.45917527	0.52214714	0.70365782	0.49702198	0.46555417	0.47604862	0.44679572	0.49535784	0.45409809	0.52191435	0.51047983	0.50960182	0.58216485	0.41242957	0.48808055	0.46680091	0.70505437	0.50853164	0.53962147	0.50086922	0.45987103	0.53794337	0.44872187	0.48251077	0.44867602	0.50194256	0.47432767	0.71469588	0.60724880	0.45438820	0.45183630	0.43756898	0.57645762	0.55225769	0.59063027	0.48090068	0.42474823	0.55043146	0.60162096	0.54593662	0.50576213	0.50598180	0.39025156	0.43825231	0.46106666	0.52044099	0.51173741	0.51265590	0.48887765	0.47098383	0.39470105	0.49975686	0.41365236	0.51636024	0.50553703	0.67107323	0.49387598	0.43215645	0.62703435	0.42206110	0.55657455	0.39727176	0.43104196	0.46439307	0.45719438	0.48538732	0.49057693	0.57402098	0.45923066	0.41091386	0.41322103	0.50708773	0.42782066	0.49992049	0.50532641	0.44022608	0.47448780	0.54910403	0.45248010	0.47355095	0.51200255	0.45900315	0.39709631	0.49126676	0.54884674	0.52514479	0.40992806	0.42712339	0.43712785	0.45746864	0.47818834	0.43584865	0.57168862	0.45109838	0.44805194	0.48321146	0.46316662	0.52553983	0.62503696	0.42504321	0.45937213	0.41478552	0.48564919	0.37367890	0.48740035	0.40730418	0.41176176	0.40840555	0.46940035	0.44604523	0.67068129	0.53624007	0.40174576	0.47003100	0.43188775	0.46775265	0.49464773	0.49568957	0.41160001	0.54057158	0.41914964	0.42144337	0.59106057	0.46018505	0.43758961	0.42717230	0.53269954	0.43780101	0.47161054	0.43832455	0.49745858	0.48292450	0.39628304	0.46566456	0.46559764	0.43745216	0.40629454	0.45719180	0.46062181	0.46001702	0.43948370	0.43845431	0.47444822	0.44059959	0.65791666	0.40684557	0.50506202	0.58756818	0.44197282	0.42324078	0.48689856	0.41343068	0.57923485	0.44136514	0.49105695	0.50389407	0.41632766	0.49042024	0.44104427	0.47160820	0.46893580	0.46528173	0.49124790	0.41351180	0.46104908	0.41679221	0.45826657	0.46391372	0.50059731	0.41650983	0.57220851	0.42895770	0.55527436	0.43598994	0.44785170	0.39581995	0.43133229	0.53321513	0.65765246	0.40582497	0.56247895	0.40119641	0.47714093	0.67691738	0.49446277	0.50991122	0.43910403	0.46353946	0.56773169	0.46889349	0.57301380	0.41738737	0.44504499	0.45512837	0.41232665	0.41497821	0.49149348	0.39458387	0.44224193	0.50250462	0.49621374	0.44982900	0.41802882	0.45806336	0.41701425	0.49345602	0.47333129	0.39060306	0.39102152	0.53019338	0.42791256	0.45310104	0.43500124	0.37755835	0.46428009	0.44138829	0.42488947	0.42185087	0.43427798	0.48920466	0.44332140	0.41902306	0.43386125	0.39321543	0.47048851	0.45312325	0.50478222	0.43156547	0.45185409	0.46214838	0.42473128	0.42329565	0.44485143	0.42858036	0.42631012	0.43538035	0.40049685	0.40591663	0.41505544	0.48166630	0.45065178	0.45450237	0.40742811	0.39728446	0.45030447	0.43247570	0.38891217	0.40393666	0.44081376	0.54428579	0.44808108	0.38128463	0.43545514	0.39996801	0.46422325	0.45780608	0.45111431	0.39278515	0.41536169	0.46202678	0.38833287
02_60	0.42969948	0.53151930	0.43480392	0.37881973	0.44852397	0.59538444	0.70249122	0.38582897	0.47711434	0.45393597	0.42638432	0.46934282	0.40439767	0.42442171	0.46938628	0.48957216	0.63474391	0.48019522	0.44795506	0.53364838	0.38658711	0.47920199	0.42490766	0.39774829	0.43525508	0.44255522	0.42925230	0.58869306	0.45238442	0.42151747	0.53896086	0.40948739	0.46110839	0.52729964	0.62564683	0.48223135	0.56345666	0.46833073	0.58143980	0.44494992	0.51148768	0.59813472	0.46457925	0.41803888	0.49921193	0.37696678	0.49977095	0.53587944	0.51060520	0.42498061	0.45971188	0.70104874	0.43141165	0.45224463	0.51271363	0.54467911	0.42850286	0.42987252	0.41758283	0.47387036	0.45203929	0.43269291	0.40083192	0.48526787	0.56836900	0.51095509	0.48785284	0.50429012	0.40445677	0.42101025	0.49425454	0.69154335	0.50131681	0.54588654	0.51997231	0.40355555	0.54901530	0.45390389	0.50982262	0.47223576	0.45167273	0.43605865	0.40539942	0.47157443	0.49060513	0.48213882	0.44880093	0.45925943	0.47349582	0.42406528	0.49557507	0.43092097	0.44351624	0.41499745	0.46602993	0.57223788	0.40241898	0.52944327	0.41436318	0.65394396	0.38395266	0.41187553	0.46002659	0.52181875	0.65968534	0.46981166	0.53669350	0.39087405	0.46943789	0.39846048	0.39973964	0.48472319	0.50624242	0.58592484	0.49617612	0.49253551	0.47553472	0.43358468	0.43610865	0.40851217	0.44670115	0.43862659	0.40857750	0.48600378	0.68970511	0.41035285	0.48450355	0.48835049	0.39737896	0.46365717	0.47925332	0.57705717	0.44264119	0.44679464	0.64274726	0.48690363	0.48247037	0.63465201	0.40645156	0.38784891	0.36199012	0.43370298	0.41043161	0.38888546	0.42767628	0.43779603	0.41146429	0.41512050	0.54797604	0.55554833	0.59921471	0.42850579	0.47013660	0.45505356	0.49529894	0.60126204	0.57574229	0.47455226	0.60875928	0.48408297	0.39182001	0.44359940	0.55647854	0.51573606	0.42732871	0.52335343	0.41767105	0.42337688	0.46572357	0.69256664	0.43483672	0.38783945	0.45678339	0.44645597	0.47235292	0.43730135	0.39062497	0.41843038	0.44449736	0.41491404	0.43687452	0.40929011	0.46487082	0.59319509	0.43423845	0.48867465	0.58188838	0.54313425	0.44227848	0.51269739	0.45823195	0.46421582	0.41487975	0.40617195	0.48613377	0.39842422	0.45885042	0.37621352	0.42735782	0.42219459	0.41481768	0.44511160	0.45614057	0.41867336	0.42889058	0.40411565	0.38716486	0.63583836	0.41439606	0.54830491	0.40283111	0.43700054	0.42996133	0.42843284	0.45477971	0.38063363	0.45942337	0.45978102	0.38232539	0.52817408	0.41660564	0.42677943	0.48500782	0.48850606	0.41737812	0.49627226	0.48685051	0.50552804	0.40704115	0.67928550	0.40210996	0.45666288	0.41871082	0.39573656	0.46094319	0.47618027	0.39939240	0.42434223	0.40125278	0.41539760	0.48274791	0.46636388	0.38418737	0.48730770	0.43064498	0.46642377	0.37494565	0.45028613	0.51695440	0.52063683	0.44581320	0.41822847	0.42611873	0.65421165	0.48816841	0.40857781	0.45725554	0.41198097	0.54114369	0.39398920	0.41001432	0.42063214	0.37281766	0.43430349	0.38827022	0.50398383	0.45323224	0.40761766	0.41905843	0.41817426	0.49224716	0.39892035	0.42067729	0.45745578	0.45650975	0.39118217	0.47327387	0.37493736	0.62907293	0.38892786	0.57199354	0.40067975	0.44905038	0.61465401	0.46305445	0.35118861	0.48098372	0.44467814	0.51430955	0.42876479	0.43644993	0.38098152	0.42934174	0.55821298	0.41811048	0.56866946	0.45824417	0.43784679	0.38451312	0.34666657
02_107	0.55124784	0.56643598	0.52637984	0.44956026	0.46112339	0.41394681	0.44440791	0.48384538	0.50422654	0.67559974	0.71875282	0.63039526	0.53110670	0.60874339	0.54276642	0.47741783	0.44711306	0.48462476	0.48111831	0.45885013	0.48251854	0.51374837	0.56065942	0.51309154	0.46690740	0.43866197	0.47987495	0.47901285	0.50225523	0.54051634	0.39603089	0.53637875	0.50787577	0.41437903	0.41913290	0.42325424	0.38570172	0.49059854	0.43849229	0.46003782	0.45938070	0.41035838	0.46954921	0.52679659	0.51737059	0.43944300	0.55424566	0.49028134	0.58076348	0.45141963	0.44666541	0.48598498	0.67795582	0.48119237	0.63706360	0.39832699	0.42943020	0.38184207	0.41551959	0.52063539	0.41233722	0.61642548	0.45675833	0.55960585	0.45116704	0.44333322	0.39438148	0.43250282	0.47293222	0.55111418	0.56037382	0.44191907	0.53157669	0.43246822	0.46761563	0.50035950	0.46319757	0.39158206	0.46907919	0.46768025	0.49473641	0.66455418	0.49986551	0.52026308	0.42757143	0.46036919	0.49769618	0.46279614	0.63844190	0.56158902	0.43562885	0.61639394	0.46189865	0.44573653	0.40087409	0.44813577	0.53640399	0.48608690	0.56638488	0.42166783	0.43787724	0.46345105	0.47610515	0.53596339	0.47258327	0.53712185	0.38601265	0.45924736	0.80039518	0.51975058	0.39495220	0.48168682	0.47179720	0.37871695	0.53563644	0.49767155	0.37134111	0.44696831	0.42345982	0.41336604	0.46524137	0.88126460	0.40319897	0.41783627	0.53357360	0.51107288	0.57296190	0.58700999	0.37655664	0.44418710	0.50011057	0.39003315	0.57340943	0.47079345	0.45274631	0.53088566	0.35262363	0.41394766	0.49172453	0.38398093	0.39428762	0.44158931	0.51239309	0.41846979	0.57404357	0.77207008	0.46769313	0.50724505	0.44137294	0.40471974	0.45812011	0.59277281	0.46063155	0.44440933	0.58042795	0.43201689	0.43056534	0.50866398	0.51892401	0.73991434	0.43663155	0.36915471	0.55068939	0.55458333	0.40517260	0.39814015	0.48049442	0.49875902	0.64497312	0.46779675	0.47511268	0.44656517	0.45300422	0.57552288	0.46348752	0.50476456	0.36498083	0.38896559	0.49959130	0.41642053	0.38096475	0.46891147	0.45065276	0.43258850	0.62213544	0.36561618	0.42580445	0.55710015	0.54768994	0.38547774	0.70271510	0.34512659	0.41397437	0.38798069	0.44326127	0.49055931	0.46933802	0.44296416	0.40813758	0.40573853	0.50586753	0.42496725	0.80884771	0.43716778	0.46253302	0.39343585	0.40513348	0.50097967	0.57897831	0.38918018	0.48023954	0.33576797	0.40944773	0.46728431	0.44154784	0.43489916	0.45139718	0.35132033	0.43089041	0.44436297	0.52555659	0.42940642	0.36073134	0.35891185	0.38785892	0.50200964	0.42334013	0.40142061	0.38294508	0.43575463	0.47569450	0.48093022	0.39710582	0.42991857	0.74873916	0.35460204	0.47110727	0.40781919	0.42126863	0.41386558	0.55311894	0.49346442	0.40883887	0.53773795	0.43588022	0.45801807	0.42241080	0.50386649	0.36404146	0.50345427	0.43103123	0.46555544	0.60521190	0.48898308	0.50979089	0.49776898	0.44699380	0.45882355	0.45853973	0.38471811	0.41678606	0.41465743	0.41729024	0.47312238	0.36119685	0.36365033	0.64349248	0.39003820	0.40112640	0.47165118	0.49616841	0.43356806	0.42529822	0.54310634	0.48394617	0.48723509	0.49201571	0.41202056	0.40672714	0.45253149	0.53532028	0.42877784	0.45229999	0.48471011	0.45676118	0.37623194	0.45429834	0.40213730	0.37824109	0.47644573	0.58720803	0.35937134	0.38064842	0.44347620	0.47854808	0.41182860	0.45700396	0.46383050	0.42237450	0.36337973
02_287	0.42127369	0.40566725	0.42913282	0.43735782	0.45252348	0.39523683	0.39886702	0.40470721	0.46588993	0.41303563	0.38479684	0.38095440	0.40385462	0.40107219	0.44439262	0.51893070	0.38132551	0.54602787	0.49079382	0.36833894	0.41478014	0.45480914	0.39641209	0.41066201	0.46789893	0.54076208	0.43456534	0.36692647	0.46431156	0.41340707	0.44291865	0.43905592	0.48240317	0.44579672	0.41539579	0.38642832	0.44250068	0.48405609	0.40326573	0.45892481	0.36812719	0.41490921	0.52345972	0.43164012	0.37291396	0.44989958	0.42539226	0.34974112	0.43352038	0.44291619	0.65271995	0.41575694	0.40624350	0.44778826	0.39433839	0.42186869	0.51016189	0.39078603	0.50530187	0.46312353	0.37267381	0.42640284	0.48330502	0.43770651	0.40194295	0.38585897	0.42098841	0.54914885	0.50130498	0.45213948	0.44668717	0.41441390	0.50578829	0.41331154	0.36539370	0.41304300	0.49390615	0.40217277	0.48077754	0.59731777	0.51381087	0.40941244	0.46113495	0.53317172	0.38235676	0.43164144	0.52472554	0.53165747	0.46167195	0.43411225	0.37896912	0.43046709	0.52875047	0.40473452	0.46228957	0.49648798	0.41067130	0.45136989	0.41517592	0.43848904	0.46678221	0.42802378	0.50109475	0.39810572	0.38962465	0.49308836	0.39222994	0.43541135	0.41530155	0.39026199	0.53015215	0.51739414	0.37373170	0.46186221	0.45973459	0.58092398	0.46608687	0.44486334	0.57072492	0.59992401	0.46194824	0.38196372	0.70392145	0.40898977	0.40944721	0.44177571	0.41100118	0.43142445	0.76748961	0.46410854	0.43659849	0.41313880	0.45240448	0.58646130	0.46962005	0.49827076	0.47033352	0.41963356	0.48197894	0.68169679	0.49321165	0.48054169	0.42519954	0.47390849	0.44574664	0.40342839	0.45771810	0.46738161	0.42323645	0.55407878	0.38048724	0.43190885	0.65867539	0.60062101	0.50552645	0.41774090	0.49398093	0.50083723	0.48772522	0.42233366	0.51649472	0.43225031	0.42183189	0.41796501	0.61606382	0.42129241	0.41471121	0.51414603	0.45962538	0.41718498	0.50419144	0.46717479	0.46486377	0.44811308	0.57195020	0.48930504	0.79896323	0.80257045	0.45891364	0.60928701	0.38357347	0.45334753	0.56379934	0.41163160	0.43477330	0.44581985	0.49697300	0.47221539	0.48564642	0.50336638	0.41120531	0.53104162	0.63597155	0.66152703	0.37832265	0.44402826	0.50652292	0.43655856	0.78388996	0.65042385	0.41177031	0.72296387	0.39761594	0.63153623	0.52095895	0.46447669	0.57246136	0.44418166	0.41305276	0.42752501	0.45670579	0.52989912	0.58217979	0.45447486	0.50792248	0.48334829	0.42182199	0.41627546	0.47803758	0.53227298	0.45114435	0.48873176	0.47162982	0.45663824	0.45980875	0.51784253	0.38007483	0.48820565	0.66409152	0.40783879	0.44252716	0.44384314	0.45302097	0.48257838	0.42857696	0.43807835	0.46049585	0.58789135	0.49731383	0.57098786	0.44283222	0.52248838	0.45889088	0.42998551	0.57570084	0.62575565	0.46075237	0.46136356	0.45311234	0.33889751	0.49509664	0.48544859	0.40691139	0.38293768	0.48377803	0.41834307	0.56327523	0.52245768	0.49381722	0.64256760	0.47665929	0.59956676	0.45677526	0.46261712	0.71981668	0.48864063	0.42756967	0.60281048	0.62896465	0.46796545	0.47946068	0.51261206	0.44071810	0.47437672	0.43861319	0.38271774	0.45250287	0.47442684	0.42411330	0.43021145	0.39835950	0.45192460	0.49874161	0.39509921	0.49062800	0.44794232	0.40602543	0.41403769	0.40191166	0.44651490	0.40888396	0.62155820	0.37245968	0.45722269	0.45139204	0.43138932	0.47062959	0.44471596	0.39854306	0.44100678
02_86	0.38332876	0.43922836	0.37641831	0.39243729	0.36150318	0.40485921	0.45573149	0.37440926	0.38108539	0.40120833	0.40325782	0.43283578	0.38061401	0.39192832	0.38248526	0.40479397	0.44040088	0.41263792	0.38617553	0.45562335	0.38486657	0.38073943	0.39318093	0.38666362	0.36830629	0.37950604	0.36320236	0.46788794	0.44172905	0.37883244	0.48765391	0.42363393	0.40025995	0.41304120	0.45069347	0.51198226	0.44594208	0.38348932	0.41350497	0.36207771	0.48516336	0.44517430	0.40155485	0.42301769	0.45676445	0.39808842	0.49004312	0.49046497	0.47823214	0.46483483	0.41715386	0.46921345	0.42262098	0.54894533	0.44102530	0.46499021	0.37338012	0.46092711	0.36049196	0.38594519	0.42455016	0.41214031	0.39904345	0.38866781	0.70144495	0.54159463	0.41666377	0.43925360	0.45711338	0.44308601	0.40195176	0.45011641	0.44935888	0.58318024	0.48782398	0.37794373	0.54020778	0.44887628	0.40888551	0.41688614	0.39900597	0.46279818	0.43032602	0.43753471	0.42179759	0.39111133	0.41472843	0.40729210	0.42392797	0.47736659	0.55298917	0.47699475	0.38871708	0.41668980	0.40489923	0.54696332	0.41229756	0.49521676	0.43524624	0.64480467	0.49066227	0.42619752	0.38915719	0.55951605	0.59120571	0.41575882	0.39073991	0.38185560	0.44051020	0.36964554	0.36458156	0.43251823	0.50118907	0.53904082	0.39685246	0.44112804	0.60595705	0.35284549	0.38644852	0.40128020	0.38755123	0.41301596	0.42402347	0.53168167	0.48050424	0.43026809	0.55402597	0.39296615	0.42440855	0.62058128	0.58595696	0.42009693	0.41244597	0.51606315	0.52572117	0.42807246	0.55342849	0.48013115	0.48729658	0.42606268	0.43330389	0.36114995	0.48289140	0.36903533	0.47227108	0.43167491	0.48061064	0.42258698	0.68711341	0.53863024	0.45818860	0.48598980	0.44493076	0.45121153	0.43373050	0.64841625	0.66121594	0.46614589	0.54718200	0.42443623	0.48465458	0.49506202	0.41286956	0.59985099	0.44865472	0.46225351	0.40879392	0.44070181	0.45047526	0.45527837	0.41882526	0.49502919	0.36859142	0.41628739	0.46736126	0.49171451	0.40360531	0.43695171	0.40980413	0.47034590	0.48944567	0.37527057	0.42267033	0.44189234	0.48235666	0.48031575	0.65918664	0.50748578	0.50588292	0.46319002	0.46792271	0.48086492	0.46962613	0.38703167	0.42633768	0.46194456	0.39057185	0.38770949	0.42776289	0.42800114	0.41946847	0.41894416	0.40749141	0.46951505	0.44973482	0.54227248	0.41806646	0.45025269	0.43822279	0.41253959	0.42865542	0.44686928	0.39891552	0.36965196	0.43713896	0.43887787	0.46402044	0.38601968	0.43661481	0.49571628	0.50400906	0.36069129	0.46815290	0.56522621	0.48347711	0.42963976	0.50730326	0.41224309	0.42020797	0.44400357	0.39927185	0.36299369	0.58416166	0.41128917	0.45456847	0.45014529	0.45932765	0.43012640	0.39104505	0.38302446	0.56951570	0.45597973	0.42717299	0.38852507	0.41914830	0.44198806	0.47153522	0.49345774	0.51850174	0.46624107	0.37634157	0.46434944	0.46277304	0.54241790	0.40052892	0.37563137	0.45002400	0.47107257	0.45585718	0.40853743	0.52414514	0.46593258	0.41644358	0.37106247	0.40053375	0.52368559	0.42163858	0.38569994	0.40638578	0.40090352	0.42128280	0.44008261	0.34967295	0.47631576	0.36509757	0.35924922	0.39960579	0.40427041	0.50496062	0.37075202	0.42734956	0.40430466	0.43039590	0.50121727	0.39818465	0.40159508	0.52725247	0.53407677	0.43524860	0.39655228	0.44529935	0.38624186	0.56431741	0.47167259	0.40892788	0.46394815	0.43568432	0.52182162	0.38568369	0.39378591
02_192	0.42894070	0.45502663	0.44214074	0.38239068	0.46788868	0.48736655	0.50274430	0.38373824	0.46840545	0.42686671	0.39337101	0.41068617	0.40212970	0.40981946	0.46382276	0.47903510	0.46686148	0.48073707	0.44148962	0.42771425	0.37437591	0.45995357	0.41664715	0.40275268	0.45112415	0.48090241	0.45109287	0.43672127	0.41230067	0.42307733	0.45392173	0.39652738	0.42336863	0.46292683	0.49037430	0.39242911	0.46325062	0.45104114	0.49032629	0.47489889	0.40071045	0.44570966	0.44592780	0.40073221	0.42433931	0.38949338	0.46671941	0.40727019	0.44820046	0.40480786	0.51947381	0.48847798	0.41849198	0.41672069	0.43537131	0.42370435	0.42300907	0.39824235	0.44117531	0.48697806	0.39578003	0.40895749	0.41321288	0.45823950	0.46241469	0.47276422	0.42621491	0.47336566	0.41386165	0.39958491	0.45628746	0.46538597	0.49476254	0.43137197	0.42978612	0.42507087	0.61166979	0.40466835	0.44652134	0.49609392	0.47325741	0.42357766	0.43654498	0.55981962	0.45372193	0.48757850	0.43892888	0.44034207	0.44379219	0.44759230	0.38533895	0.40783280	0.45758612	0.37746854	0.43583022	0.71822362	0.36610086	0.44518621	0.37248394	0.49619005	0.39655490	0.46135393	0.53309476	0.46165288	0.48440419	0.43407267	0.46904823	0.39866464	0.43105039	0.40016080	0.42887960	0.54586403	0.38184687	0.64147809	0.48113095	0.55940591	0.47948653	0.46182176	0.55071165	0.44939548	0.40021951	0.38886701	0.46235669	0.45010403	0.46540368	0.46042786	0.44952821	0.44639062	0.46474267	0.42832363	0.49524373	0.53862301	0.45662832	0.50724999	0.59550383	0.44908711	0.46044504	0.44308311	0.41901812	0.46539282	0.40120778	0.44803674	0.44123080	0.39730003	0.44885876	0.40128703	0.47795246	0.39983366	0.52499894	0.56291822	0.46292936	0.42314316	0.57730640	0.60609061	0.51001294	0.54379943	0.58963116	0.52679864	0.50767725	0.43712872	0.42672816	0.42255366	0.45739740	0.46603241	0.47091579	0.55831724	0.44480897	0.45148134	0.47497659	0.50486339	0.40633672	0.40035330	0.49660648	0.40014095	0.52489924	0.50430874	0.47467240	0.49599370	0.39308521	0.44625566	0.47077050	0.41675463	0.61824915	0.45971288	0.42706488	0.61110903	0.55176990	0.53299661	0.43908328	0.82490493	0.43120675	0.51981090	0.45533846	0.49869790	0.43804479	0.37877679	0.43435565	0.38521560	0.55961083	0.44731670	0.37348887	0.53033453	0.40993847	0.46300765	0.55583861	0.41426452	0.43719928	0.48668178	0.37297261	0.53941433	0.44346046	0.49698752	0.60954893	0.47207585	0.53866743	0.39802308	0.43013484	0.41966576	0.44847227	0.46793346	0.41485592	0.46003428	0.48121980	0.44847145	0.44605874	0.51564693	0.46118514	0.59912521	0.52534173	0.50068474	0.45325207	0.46042654	0.41124119	0.50492643	0.42954641	0.62428083	0.45706016	0.43581140	0.40598300	0.46261507	0.43249891	0.55524797	0.39956614	0.44452011	0.42829312	0.49646146	0.38309719	0.48889290	0.44702411	0.38216027	0.52712729	0.46847784	0.41844506	0.45871580	0.49566301	0.42146038	0.50528751	0.41957430	0.61062572	0.49171387	0.40477767	0.45525816	0.43078404	0.43143614	0.45936293	0.49209839	0.40267535	0.50641227	0.45653038	0.47562843	0.48233420	0.42044162	0.45255452	0.44308871	0.44215791	0.38915380	0.46506247	0.41360911	0.50034804	0.38148298	0.43528813	0.46272969	0.52030924	0.46377992	0.51306886	0.38538222	0.46232131	0.38916683	0.39393250	0.37842992	0.41818860	0.43678325	0.38326609	0.47697348	0.37868306	0.52460756	0.48155200	0.43198615	0.36065099	0.37412953
02_117	0.49535162	0.56111911	0.50889024	0.43935648	0.51480384	0.65014024	0.59508134	0.46486995	0.47781575	0.45935037	0.42320281	0.47270079	0.47284675	0.46120855	0.49107759	0.51409726	0.61625636	0.45176323	0.51335178	0.58123283	0.44801742	0.46676495	0.47993578	0.46448640	0.53062159	0.50690903	0.52027639	0.54446033	0.47890186	0.49205500	0.57116500	0.43548223	0.45423316	0.69793670	0.69419713	0.47705532	0.57604679	0.48168206	0.70235968	0.50944904	0.51344591	0.59325022	0.44810000	0.46286270	0.51835381	0.43447668	0.50985074	0.46264101	0.51884996	0.46603978	0.46183265	0.58049311	0.42746475	0.42441408	0.50188927	0.53237776	0.47437280	0.50344869	0.50821060	0.48870174	0.58532163	0.45957706	0.47172919	0.46494367	0.44775236	0.47953413	0.67009231	0.49304530	0.40885835	0.42139497	0.42872650	0.52311902	0.54613010	0.48650159	0.51420406	0.47829979	0.52981719	0.55818525	0.49699346	0.45943484	0.51493047	0.38133361	0.43953486	0.46023019	0.65048889	0.64288860	0.47570099	0.43134254	0.47136532	0.38221198	0.42991815	0.38691385	0.50833181	0.48683474	0.62490740	0.46192518	0.40867326	0.55083093	0.38980177	0.45128396	0.35005693	0.45797608	0.49283428	0.45018388	0.46234403	0.45700784	0.74419037	0.48050158	0.40830412	0.46922157	0.48673375	0.40190926	0.44734355	0.43969555	0.44186547	0.44432235	0.44316261	0.50840790	0.48474849	0.46397872	0.41289698	0.40214545	0.42346199	0.51816614	0.50840509	0.42305419	0.40576975	0.44449860	0.38629514	0.39618313	0.41490670	0.65813071	0.48306280	0.39537442	0.43552780	0.42245422	0.40296797	0.50482622	0.38645963	0.40387511	0.37562937	0.51940377	0.35738554	0.48163289	0.39980533	0.41364385	0.39650860	0.44322137	0.40405610	0.50047660	0.61738267	0.37811609	0.43440723	0.40134071	0.46915128	0.45370294	0.42574921	0.38598740	0.46339816	0.41989109	0.37402497	0.48411663	0.45989631	0.41199108	0.36554583	0.58720633	0.48786726	0.45677717	0.43746973	0.47234539	0.42303749	0.35166760	0.52323768	0.44151461	0.38869654	0.38790619	0.39724561	0.39084567	0.41168583	0.37072109	0.44522809	0.51358241	0.42412894	0.71844769	0.38832510	0.49347427	0.48226267	0.41903070	0.38406675	0.46892122	0.41476982	0.45138332	0.37575194	0.45936372	0.62010157	0.37221879	0.45695967	0.44415620	0.43003269	0.39361961	0.44437372	0.44794876	0.43209614	0.40334241	0.41028186	0.38875286	0.42548116	0.46970329	0.38924236	0.67444573	0.43892043	0.45075068	0.43387663	0.51381536	0.36955629	0.39590670	0.54616580	0.61332806	0.39707560	0.45125310	0.36846485	0.51992973	0.54137332	0.38993413	0.46594700	0.41440643	0.48585384	0.61609266	0.43543760	0.62897924	0.45127797	0.49077024	0.38395240	0.42288863	0.40865857	0.48730658	0.38675336	0.37545377	0.47605023	0.48715703	0.40801533	0.40322760	0.43342857	0.41798582	0.42103916	0.42207680	0.34640844	0.37103183	0.41602551	0.43769976	0.49417291	0.42845072	0.37039089	0.45286226	0.44645521	0.48246775	0.38314733	0.38644518	0.50308915	0.41552836	0.35994112	0.36585968	0.39266194	0.50997665	0.39522158	0.41374141	0.42551278	0.44373333	0.41344427	0.45604025	0.40570166	0.41289901	0.48666773	0.40245321	0.46851644	0.46149890	0.40159676	0.40974361	0.44019286	0.47028741	0.46392158	0.42935024	0.38365860	0.44355430	0.44616504	0.37226121	0.39202796	0.38079613	0.45167723	0.40266611	0.37801253	0.39063264	0.36031588	0.42396303	0.40300668	0.43648076	0.37327682	0.38778605	0.46238688	0.36818813
02_89	0.50689184	0.55823601	0.49116217	0.50426200	0.42928191	0.46474273	0.48715639	0.52752471	0.41019922	0.46904380	0.46703525	0.53558214	0.52954134	0.50407457	0.43969276	0.43534576	0.50694342	0.40346883	0.44926086	0.61595576	0.49744075	0.40309861	0.54423728	0.54474231	0.45808104	0.43289838	0.47123085	0.54143701	0.48655548	0.51279226	0.50466708	0.49782047	0.40754879	0.48850938	0.51444395	0.52442271	0.44845843	0.41054880	0.50778293	0.43061659	0.57098370	0.45850755	0.39506436	0.53478688	0.61956848	0.50805351	0.63540270	0.51408784	0.57087727	0.55698292	0.42155775	0.48802612	0.49229569	0.49805912	0.52643817	0.45194997	0.40454365	0.62166966	0.42531568	0.43497570	0.65997344	0.49789658	0.50372089	0.41630817	0.51239128	0.62803635	0.51821619	0.42436091	0.46608689	0.46734459	0.39039449	0.42303738	0.53378166	0.51428732	0.62737124	0.53856487	0.59385754	0.58904334	0.41249955	0.41303929	0.47576732	0.43497630	0.54623664	0.46964235	0.68110586	0.53634504	0.44843460	0.38668361	0.46620701	0.45405470	0.46273134	0.43958081	0.44697552	0.53846061	0.49378443	0.47556373	0.44178531	0.54846696	0.42000000	0.44116025	0.40289851	0.61173731	0.44805750	0.55305013	0.48774937	0.42177101	0.47806851	0.53193023	0.43002108	0.52297314	0.42771820	0.38405772	0.46458691	0.41901906	0.39566873	0.42167171	0.48854628	0.42627358	0.44088511	0.45000630	0.36664213	0.42904648	0.42114952	0.69824741	0.45751167	0.52425961	0.48051828	0.40320777	0.38283541	0.43940793	0.51243434	0.48783040	0.52355251	0.42982560	0.41152264	0.39134733	0.39383532	0.42461120	0.45468784	0.42689177	0.44744587	0.42793248	0.41985620	0.46194073	0.47879028	0.45950775	0.49978131	0.47464211	0.44667123	0.46829821	0.56982191	0.43685728	0.42018649	0.40422886	0.45412073	0.49737692	0.44008867	0.39297894	0.44976342	0.41722531	0.43552972	0.53422417	0.40253832	0.47736364	0.35790062	0.59551232	0.62537251	0.52019479	0.47818357	0.40970444	0.40332167	0.40518310	0.43805952	0.43339069	0.38251464	0.44245007	0.38663548	0.38165958	0.38504811	0.38069721	0.60253786	0.50214726	0.40891400	0.52276515	0.44970736	0.51436873	0.50258067	0.42647278	0.42297874	0.44668325	0.47806340	0.42720504	0.38677607	0.42974588	0.69640822	0.41481371	0.39540905	0.51415359	0.42517945	0.37581010	0.48293807	0.41773700	0.44461497	0.42893202	0.45870425	0.46452092	0.46391864	0.40602420	0.42373780	0.48967291	0.55348625	0.42313408	0.41823490	0.47630145	0.36398973	0.46345537	0.69749895	0.44911837	0.49416279	0.41569750	0.42417320	0.43498216	0.49284033	0.38151629	0.59895125	0.38659450	0.64512543	0.49669410	0.44486952	0.48159830	0.53463202	0.41352124	0.44606634	0.49844723	0.44157987	0.48728622	0.47299906	0.35846448	0.46497231	0.44288840	0.45970052	0.41353455	0.52017070	0.37482246	0.39618236	0.39831504	0.39354391	0.40369737	0.38527726	0.46275218	0.43493284	0.52186418	0.42209864	0.45618483	0.40133429	0.50925445	0.37379574	0.41752584	0.47058011	0.42521090	0.39292191	0.37006688	0.47901301	0.44464050	0.38235965	0.39216413	0.42757509	0.41873584	0.38614745	0.49057024	0.37623847	0.45643416	0.41604803	0.42467547	0.39908378	0.49039934	0.37067890	0.46857413	0.40121277	0.47569893	0.41305176	0.48101990	0.38112856	0.43012574	0.41047262	0.43354613	0.43080287	0.40041131	0.38462269	0.37417317	0.40977664	0.37428374	0.40136706	0.38711760	0.39272527	0.39961034	0.36610639	0.43886745	0.50104552	0.41783084
02_297	0.55958076	0.54860822	0.60349703	0.42842200	0.71872635	0.54955725	0.52906795	0.45614706	0.69893652	0.55181090	0.47297262	0.47704674	0.49179390	0.50917185	0.69580484	0.64222234	0.50676483	0.60302819	0.59397321	0.45293232	0.43843356	0.67287097	0.50480792	0.47579863	0.64199740	0.64203349	0.63646267	0.46260921	0.47393363	0.54542607	0.44793671	0.45158452	0.54396683	0.53500671	0.51434541	0.39462179	0.47191968	0.63895754	0.57182766	0.73575282	0.41716493	0.47825295	0.55636564	0.46016830	0.45834001	0.42622224	0.49886676	0.41731935	0.51003384	0.42388023	0.60018734	0.54641972	0.48667094	0.41613834	0.52141129	0.43878242	0.53764797	0.38845909	0.57690619	0.73817770	0.41965555	0.50120870	0.47603589	0.65321902	0.41772801	0.42983559	0.46404515	0.52948012	0.43300449	0.44986446	0.59888263	0.51240779	0.60468731	0.41810110	0.43506667	0.51366001	0.53506498	0.41283052	0.56954180	0.60811963	0.62792720	0.45081919	0.46853368	0.63633549	0.47843005	0.63625384	0.54389052	0.52905132	0.57711943	0.44651410	0.38413470	0.43641252	0.60474768	0.41888862	0.49536941	0.53108083	0.42226343	0.48585268	0.41979560	0.43901780	0.38097321	0.46822831	0.75362572	0.44999643	0.45014642	0.55524592	0.51916011	0.46702272	0.50632605	0.49403387	0.51136908	0.57257401	0.40191427	0.45738574	0.67396672	0.63889776	0.40002284	0.68804135	0.66275646	0.49614036	0.49132359	0.46534705	0.47080764	0.42121320	0.52926091	0.47991517	0.44007521	0.61938597	0.43890181	0.40230965	0.44608950	0.53553196	0.57009737	0.47026278	0.52089506	0.54824976	0.38874446	0.45864337	0.42231987	0.44016505	0.38683789	0.64918997	0.42019255	0.47375984	0.46502464	0.47146567	0.43932774	0.46340842	0.42842272	0.48846845	0.49366629	0.43493842	0.59977834	0.54061631	0.68034759	0.44405200	0.46449442	0.52064385	0.51935356	0.54813928	0.40696735	0.39302555	0.60169398	0.44758589	0.44775908	0.49318345	0.48900263	0.49936940	0.54353517	0.53920535	0.47375433	0.38602575	0.79156698	0.49570187	0.50897771	0.47489495	0.45161299	0.46307840	0.47131138	0.42818310	0.39832299	0.53098262	0.61023533	0.51598021	0.44936785	0.45381348	0.46731290	0.54299096	0.45154831	0.52612799	0.47700965	0.42341507	0.43567310	0.52647823	0.47349453	0.39952004	0.57048809	0.43366462	0.53099585	0.45985986	0.42912905	0.57552578	0.52160371	0.45927843	0.51394601	0.37678350	0.44680961	0.57686292	0.42150218	0.55560700	0.46871026	0.41936520	0.59392713	0.65885429	0.50393224	0.40974870	0.45441897	0.44458827	0.43169636	0.48850433	0.41783829	0.65493038	0.43933148	0.38665673	0.41057032	0.60427736	0.42551811	0.61094095	0.48715292	0.55279213	0.50394872	0.76279553	0.37532587	0.48436440	0.49742890	0.45295088	0.44105215	0.44787960	0.47014326	0.55619132	0.44104565	0.55464024	0.41114182	0.60281545	0.47965119	0.54821944	0.37491410	0.46471478	0.40584303	0.40958592	0.72165338	0.46760974	0.44068829	0.45875818	0.70693913	0.53526860	0.50702972	0.43300857	0.64202806	0.47734175	0.38654620	0.43098446	0.42511704	0.61599972	0.44465134	0.42201068	0.50275932	0.54235158	0.49461237	0.55036891	0.57451772	0.44022884	0.65124359	0.48510028	0.68441566	0.48960276	0.57706200	0.43309929	0.46836652	0.46786626	0.54384076	0.48437107	0.52461880	0.48183749	0.64818914	0.38296227	0.43338644	0.37922420	0.41473985	0.45424877	0.46046975	0.44146183	0.35318622	0.50135592	0.43552691	0.50198458	0.49651943	0.42380081	0.40929284	0.37353044
02_105	0.54483474	0.51781013	0.55996474	0.49535774	0.60104697	0.47072110	0.46911790	0.48992028	0.66665608	0.54866564	0.48683966	0.47431219	0.49994388	0.51000056	0.61669658	0.78156808	0.45613368	0.76457089	0.73003480	0.43209313	0.50596469	0.64963964	0.48791920	0.49116085	0.63515127	0.70165968	0.55776372	0.43538036	0.59203312	0.52593984	0.48099538	0.52747782	0.74938851	0.54704316	0.48353297	0.43049532	0.49438037	0.75374066	0.48915514	0.59933449	0.42886974	0.49496442	0.76152228	0.52420798	0.44123686	0.48919892	0.49420975	0.40506526	0.54237011	0.48636422	0.72108762	0.51545173	0.49232395	0.47807147	0.50408776	0.48370816	0.71686811	0.40896087	0.64812588	0.62464260	0.42666946	0.55686357	0.56199209	0.60911795	0.42213999	0.40568873	0.49070355	0.66767437	0.52144712	0.54494638	0.60556383	0.50885639	0.66176609	0.45106026	0.41450084	0.48919945	0.50050346	0.44038443	0.70951975	0.79853010	0.69946539	0.46259744	0.49632263	0.58772690	0.43468983	0.53212340	0.76124562	0.72423389	0.65781336	0.45415118	0.42203237	0.49113851	0.75546531	0.47904787	0.54885911	0.47858515	0.51303441	0.54979528	0.50839541	0.45265889	0.43853179	0.44645008	0.60140894	0.43906982	0.42734656	0.77210479	0.45553430	0.51464438	0.51815545	0.47837120	0.60567790	0.54845373	0.44231996	0.42723310	0.61767376	0.65277480	0.42037922	0.57216923	0.59100142	0.60907015	0.64393641	0.48825092	0.57799356	0.42608970	0.51954380	0.46551353	0.44689340	0.60454270	0.51810928	0.46045100	0.43972398	0.45396462	0.56286713	0.52217430	0.48779272	0.68756061	0.41972709	0.48904357	0.48572079	0.50277796	0.43836513	0.66653926	0.42464927	0.56794134	0.47766318	0.50583247	0.43710816	0.57700009	0.41494546	0.51960730	0.44848998	0.46912684	0.62257267	0.52358991	0.66782659	0.42023958	0.46208140	0.51275395	0.56654134	0.55604963	0.46548895	0.42460634	0.57442274	0.45101770	0.51616307	0.43215493	0.46171751	0.56672571	0.54679212	0.49556460	0.65820368	0.44214560	0.58921579	0.63784693	0.54812866	0.47400184	0.51540819	0.53660322	0.63119403	0.51536638	0.37259765	0.58026571	0.54521262	0.50185770	0.48287310	0.40973584	0.48064721	0.52330281	0.51638279	0.45381141	0.48418643	0.44131046	0.51995571	0.57134290	0.43735240	0.48333077	0.80792244	0.49018708	0.56219010	0.58312545	0.51269401	0.65308120	0.52819854	0.54991461	0.48345597	0.42245636	0.51714433	0.57036756	0.50484620	0.46959637	0.47917687	0.43722791	0.52017321	0.55723602	0.48343054	0.47921958	0.47402784	0.45856874	0.44410547	0.59799794	0.46732490	0.62813843	0.45445370	0.41828288	0.43301616	0.60675712	0.39796622	0.51362799	0.50659642	0.48673610	0.47844154	0.61065474	0.42099508	0.45452660	0.52719028	0.40106947	0.44487462	0.55421300	0.57875768	0.63382272	0.49049273	0.52340682	0.46209244	0.57895733	0.66065908	0.66690271	0.43539848	0.46007808	0.43999166	0.40408101	0.56221826	0.48040113	0.44914592	0.43698507	0.63263975	0.51174050	0.54055133	0.52182094	0.53331682	0.50667001	0.44782395	0.50899548	0.43280897	0.65622687	0.51013487	0.44227096	0.58396845	0.54321600	0.59509393	0.51122118	0.57256376	0.51044436	0.54099395	0.53780419	0.61358139	0.46980372	0.54743175	0.46654004	0.44890151	0.53920691	0.52389305	0.45735472	0.49499941	0.45489905	0.55993014	0.41609610	0.41775487	0.42471161	0.46045948	0.60565276	0.46680729	0.50385278	0.37052633	0.51302638	0.57324128	0.45484690	0.48791238	0.45113469	0.46880421	0.41058193
02_174	0.44888869	0.44948768	0.43849460	0.44784742	0.41028661	0.37533201	0.40462276	0.42729091	0.44008204	0.47847420	0.47903173	0.46124158	0.44222983	0.46230433	0.44688551	0.45229368	0.39234361	0.48501575	0.43942547	0.40091717	0.43655285	0.43919143	0.45023023	0.45161872	0.42083264	0.43492748	0.41762967	0.40826568	0.47568924	0.44193359	0.40773495	0.50269208	0.45750415	0.39200629	0.39579130	0.41610758	0.38763722	0.43870409	0.39084602	0.41476378	0.41049151	0.38748703	0.45868191	0.48062590	0.43329918	0.45766812	0.50848874	0.41787785	0.49876332	0.47031487	0.49651653	0.42893010	0.52197623	0.54187162	0.46412266	0.39291578	0.41610157	0.39499261	0.40403417	0.45360964	0.38139338	0.48976146	0.46086992	0.45200533	0.48371941	0.45422973	0.37914641	0.45121539	0.56102810	0.53302216	0.47305527	0.40488950	0.50589120	0.44432912	0.42086955	0.44295258	0.52477017	0.39070336	0.43167851	0.49274839	0.46967191	0.61867901	0.53437318	0.56544884	0.39264139	0.41224098	0.48381697	0.46626861	0.51147168	0.68656360	0.42990393	0.62319763	0.44679669	0.41660860	0.39285361	0.53857754	0.47037776	0.46406640	0.50831487	0.46549256	0.62711356	0.48691455	0.46260848	0.52050550	0.46301289	0.48503161	0.35867963	0.43405730	0.55193252	0.42725804	0.40556136	0.54041950	0.42424055	0.44559157	0.46787484	0.55460163	0.45516476	0.40103457	0.45443084	0.46065901	0.43174161	0.49166220	0.49633154	0.44016183	0.44854976	0.55051227	0.60237404	0.45940215	0.49325679	0.55774989	0.62255842	0.38067957	0.50267195	0.75896129	0.50155560	0.50686237	0.42821303	0.40252067	0.64924312	0.50408515	0.51350485	0.40735103	0.70908803	0.41186247	0.65894622	0.52796002	0.62312378	0.49257897	0.53738011	0.47532204	0.40378625	0.68199773	0.56411620	0.59271639	0.54128549	0.48481394	0.55050650	0.63260743	0.54273088	0.51763612	0.63565326	0.41050999	0.44468727	0.60147209	0.53719956	0.41415398	0.45804006	0.54612531	0.59328418	0.43239131	0.47788036	0.64666043	0.41662699	0.48229119	0.59931128	0.74908725	0.46264602	0.51337142	0.46080744	0.57659531	0.42526631	0.42814718	0.52817243	0.39462687	0.67125160	0.42079567	0.50881640	0.60512015	0.73090804	0.45185839	0.57428801	0.41727508	0.57677418	0.44593269	0.39777455	0.55219848	0.44215465	0.44218053	0.52101505	0.49375029	0.45034852	0.49888404	0.48395431	0.59124851	0.60633653	0.51242093	0.49028158	0.45288874	0.51453524	0.38278019	0.52232280	0.40126414	0.48037188	0.42888920	0.54889407	0.52110784	0.44232476	0.34914262	0.54993808	0.48650332	0.70314549	0.40783367	0.39891814	0.43332161	0.45469269	0.52568337	0.43206753	0.41456248	0.48020538	0.39844822	0.48190870	0.41433739	0.51134766	0.51145940	0.58311129	0.40390021	0.61738755	0.49384170	0.43030580	0.43702733	0.61065090	0.60928755	0.45736466	0.44913190	0.47934469	0.53268629	0.56945414	0.67824570	0.41348188	0.40498059	0.42943269	0.56154843	0.61224031	0.45069309	0.47345528	0.43541857	0.55836522	0.58030529	0.48087492	0.48068557	0.55448252	0.57095438	0.50411409	0.42052473	0.45042875	0.43470257	0.49606396	0.44568116	0.46392607	0.48215238	0.49470231	0.51123298	0.39285541	0.58955404	0.41396360	0.40651994	0.46758644	0.47066485	0.42666301	0.41477254	0.42974787	0.46758738	0.53374434	0.45041915	0.46077583	0.45113177	0.50554176	0.45252116	0.37227441	0.43969717	0.55147487	0.43174301	0.43454369	0.45816223	0.45920630	0.43102237	0.51760303	0.55957038	0.39733602	0.42935365
02_191	0.38737476	0.45378228	0.39093124	0.35992186	0.40542557	0.49299590	0.55558514	0.35545937	0.43361306	0.40749568	0.38751688	0.41525539	0.36832354	0.38373843	0.42024516	0.45213468	0.50856560	0.46158583	0.41099453	0.45501811	0.35957878	0.43448757	0.38331655	0.36674035	0.39563953	0.41623695	0.38732911	0.48808474	0.42285604	0.38001271	0.50852937	0.38642490	0.42797018	0.46566156	0.52704691	0.45208236	0.52300442	0.42852214	0.48063413	0.40393653	0.45258368	0.51856447	0.44326512	0.38858385	0.43727731	0.36186216	0.45529434	0.46826438	0.45777641	0.40655704	0.45454110	0.55439484	0.39838642	0.44817626	0.44227349	0.50131491	0.40291657	0.40948039	0.39014317	0.43023494	0.40438956	0.39504870	0.37985131	0.43605854	0.56525654	0.48283451	0.43865358	0.48798688	0.40118118	0.40156594	0.45572715	0.57043418	0.45912989	0.52085446	0.45565455	0.37003812	0.53316093	0.42018469	0.46330799	0.45796382	0.41908071	0.42121342	0.38948225	0.45585789	0.43100007	0.42298359	0.42150768	0.44510687	0.42961237	0.42202551	0.47195170	0.42021798	0.41298335	0.38405788	0.42586908	0.60346092	0.37742725	0.47908788	0.39473042	0.73069548	0.40124227	0.39322267	0.42984243	0.48859163	0.59853254	0.43546590	0.45676972	0.36412618	0.43444877	0.36031271	0.38193815	0.49410986	0.46096284	0.72348689	0.45421931	0.48733675	0.51143608	0.39410874	0.41990774	0.40052173	0.42311583	0.39879433	0.41647481	0.46358081	0.55050783	0.39480803	0.47578748	0.43828566	0.42256109	0.48885982	0.48281919	0.50417453	0.40479811	0.47398378	0.69751140	0.46354833	0.55761153	0.56582900	0.40873466	0.40228560	0.36961639	0.39495044	0.41847705	0.36560033	0.41578212	0.40209831	0.41672231	0.39082633	0.60929330	0.59357750	0.48824488	0.42611339	0.47509285	0.47945486	0.45682719	0.63344860	0.67620376	0.48801752	0.59763517	0.43893672	0.40691536	0.44171156	0.48187160	0.50527303	0.46294817	0.48505022	0.38597164	0.40584345	0.44060087	0.60314931	0.41832268	0.40324046	0.41263442	0.40989709	0.50388934	0.44482516	0.40801153	0.44833166	0.41965058	0.44419018	0.43260410	0.37399244	0.47323098	0.48817264	0.42398732	0.49855660	0.61174474	0.53117327	0.44453444	0.53276601	0.42574256	0.50825946	0.44032556	0.40468937	0.42129239	0.39454263	0.42622602	0.35518254	0.43964011	0.43809608	0.38352799	0.44377131	0.40533523	0.42876545	0.43232003	0.42427421	0.38530424	0.55085119	0.39197138	0.48215662	0.38528678	0.46242763	0.42968401	0.38880044	0.47930429	0.37653172	0.41902409	0.42213757	0.38108219	0.52451867	0.41870822	0.39041851	0.47781789	0.55845759	0.41595840	0.48371800	0.45174929	0.47355697	0.41360617	0.52881511	0.37754972	0.40565329	0.43896492	0.39158666	0.42821093	0.48937542	0.39730335	0.44145038	0.37889376	0.39484241	0.46941561	0.46636318	0.37233409	0.43924257	0.42640840	0.46421120	0.38537923	0.45873729	0.55470173	0.44204549	0.41199871	0.40668136	0.41028356	0.55107726	0.44584910	0.36802920	0.47057499	0.41207853	0.49670260	0.39699642	0.42753489	0.45839203	0.36594680	0.38813793	0.40141382	0.54859184	0.40828275	0.39851229	0.41555264	0.38964833	0.46612949	0.38919629	0.37831154	0.43641742	0.40261568	0.34895159	0.43933156	0.36225101	0.59103441	0.35569317	0.46994037	0.37979300	0.44726787	0.52299795	0.42836653	0.34679649	0.46467663	0.44206208	0.47450974	0.40333864	0.40966248	0.38505827	0.43231716	0.52303420	0.40301043	0.52925266	0.45418433	0.42951177	0.35431291	0.34199948
02_149	0.34484851	0.38149294	0.34633560	0.35559061	0.35999422	0.40305177	0.43017214	0.33360429	0.38320692	0.35474620	0.34163312	0.35755834	0.33434449	0.34026320	0.36521770	0.42070688	0.40590603	0.43514271	0.38778754	0.38435669	0.34741245	0.38182230	0.33801300	0.33694653	0.36262807	0.39443791	0.34421582	0.39480522	0.41509530	0.33864072	0.50610079	0.37063188	0.40998977	0.43121327	0.44481140	0.43990295	0.50696902	0.39459924	0.39647382	0.35912897	0.40169947	0.47193384	0.43136335	0.36893956	0.37025606	0.35980878	0.39434628	0.38464529	0.40537115	0.40588369	0.44308142	0.44243533	0.35110942	0.44692399	0.37250853	0.50296869	0.40124839	0.40332669	0.37732653	0.37352295	0.37386425	0.36165012	0.37423873	0.37473644	0.48051073	0.40383364	0.42320966	0.49766266	0.40851304	0.39018445	0.39423375	0.47295320	0.41684891	0.49865936	0.38311051	0.33251330	0.45521600	0.41416401	0.43824194	0.44218683	0.38860927	0.37036705	0.36561302	0.40113332	0.36938085	0.36736830	0.41244512	0.44304308	0.38728862	0.37735491	0.45940289	0.39149691	0.39588921	0.37684616	0.42154613	0.47969295	0.36862474	0.45212808	0.38422045	0.61528134	0.41928207	0.35395515	0.37823844	0.40686750	0.45268746	0.41427880	0.39336341	0.34854334	0.37489048	0.32335954	0.38545335	0.43009343	0.43013121	0.56580384	0.39091755	0.43898072	0.55407014	0.35081886	0.38974296	0.41303070	0.41758360	0.35045611	0.44913397	0.42752586	0.44060291	0.35522742	0.40815296	0.37737518	0.47686702	0.51760702	0.41975159	0.41798236	0.36207272	0.46646634	0.51483923	0.43531946	0.80773899	0.52798376	0.40748777	0.43264127	0.38852283	0.36904610	0.37765642	0.36585730	0.37663873	0.36017700	0.38163814	0.38685845	0.48682229	0.60871383	0.39791276	0.38958609	0.44797326	0.43950878	0.40228886	0.48536148	0.57465971	0.42748329	0.51547397	0.37785407	0.42178241	0.46683689	0.40246573	0.42886710	0.50308694	0.41124012	0.34550190	0.39157255	0.38444346	0.45477602	0.43086030	0.41763530	0.36478292	0.39174093	0.47595771	0.40317862	0.45009643	0.49511800	0.41876716	0.49381879	0.38296310	0.35391318	0.41793926	0.42892468	0.38616060	0.44173232	0.57566204	0.44065697	0.42809913	0.45820932	0.37220610	0.58971344	0.48785234	0.40907185	0.36494485	0.40433017	0.41475502	0.34951260	0.44099796	0.48845670	0.37483728	0.44412681	0.35322139	0.45394334	0.39130508	0.45997867	0.40181546	0.45682416	0.38022700	0.41369361	0.36075427	0.52837506	0.39623769	0.34852715	0.42963411	0.38917692	0.39415493	0.42240901	0.36789487	0.55623426	0.40574946	0.36535063	0.50034953	0.77971915	0.41978276	0.43089588	0.38870624	0.41666638	0.42273714	0.42944639	0.34438844	0.35860421	0.48318224	0.35970959	0.38049360	0.42883531	0.37156599	0.49124917	0.38772073	0.39317379	0.44165427	0.41428539	0.38097425	0.38178063	0.45518490	0.46546912	0.41126712	0.40957564	0.69696340	0.37309791	0.37137693	0.38667445	0.36694910	0.43599768	0.39403531	0.33488689	0.45712894	0.43228077	0.42559317	0.40833161	0.47207204	0.50248851	0.35453127	0.36342558	0.44724335	0.64339873	0.37856082	0.39466220	0.44237833	0.35674689	0.41823485	0.40180752	0.34431627	0.41415504	0.36154657	0.31736445	0.39119078	0.36262697	0.50715855	0.34743205	0.39908248	0.35421701	0.40661843	0.42960054	0.38666341	0.35875930	0.41084599	0.47923336	0.49951834	0.40930791	0.36818379	0.42302054	0.43907944	0.48265022	0.41115441	0.45250555	0.41584941	0.41840552	0.35361688	0.36008152
02_128	0.39464617	0.44280008	0.40058162	0.39553114	0.42222800	0.50444515	0.51924130	0.37918346	0.43225783	0.39207466	0.36906517	0.39660381	0.37963458	0.38008028	0.41576270	0.48633014	0.49030228	0.46993230	0.45014635	0.45463945	0.38836493	0.42620952	0.38304221	0.38084981	0.42851172	0.46252454	0.40357598	0.45544256	0.45958041	0.38838445	0.64689532	0.40158715	0.44833706	0.56161511	0.57331881	0.48484908	0.66926272	0.44711950	0.49712804	0.42122637	0.45539813	0.59355701	0.46706103	0.41021002	0.42129324	0.39857567	0.44387198	0.41952793	0.45669989	0.44979491	0.48950105	0.52369814	0.37924241	0.45470027	0.41929073	0.61319324	0.46008041	0.47037698	0.44779915	0.42434442	0.45133211	0.40024924	0.42494193	0.41521760	0.49326298	0.44867364	0.54908553	0.56705263	0.42404752	0.41170417	0.41897558	0.54755105	0.48480187	0.54414434	0.43947845	0.38102437	0.52742146	0.50651505	0.50108804	0.48615764	0.44941713	0.37589523	0.40092105	0.44034342	0.45108295	0.45148882	0.46262541	0.46777452	0.42872778	0.38198334	0.47187973	0.39253756	0.46244885	0.42910855	0.54401287	0.51361349	0.39074398	0.52934338	0.39206769	0.59421551	0.39377201	0.39699917	0.43432684	0.43345773	0.48218314	0.45294075	0.51522927	0.39999308	0.39141935	0.36981279	0.45360604	0.43489299	0.45499550	0.57507373	0.42644789	0.46782391	0.58049091	0.41137579	0.45492928	0.46876972	0.43741732	0.36994696	0.47942088	0.49296990	0.49325417	0.38649808	0.41098207	0.41147493	0.47077504	0.47695082	0.43066277	0.54301314	0.41095227	0.45140812	0.51688830	0.45232625	0.61560251	0.61678781	0.40960318	0.45441200	0.39906883	0.44073021	0.37193067	0.42593004	0.39321473	0.38319378	0.39581921	0.42537316	0.46699448	0.70645602	0.48390519	0.38608530	0.47915318	0.44644671	0.44770268	0.50463489	0.54622094	0.42267939	0.52562958	0.40128382	0.41326023	0.53854484	0.44174589	0.43274425	0.45861405	0.51213248	0.39771384	0.43525734	0.41007758	0.49126595	0.45393817	0.39514402	0.43452470	0.42510317	0.45416398	0.40919286	0.47295924	0.48436105	0.43610997	0.45370929	0.42691905	0.41717924	0.44278874	0.56277990	0.39103882	0.52551564	0.63512346	0.45111164	0.42015168	0.52741620	0.39404749	0.66514878	0.46122407	0.46931148	0.44579765	0.40033577	0.46509492	0.39517672	0.47903245	0.48155522	0.41205817	0.49645719	0.38553940	0.46433879	0.41638509	0.44907541	0.44309248	0.50082405	0.39147002	0.55035439	0.40159215	0.63046545	0.44333015	0.41335651	0.42063039	0.41099401	0.47163817	0.57389316	0.39466602	0.58178210	0.39796585	0.44132682	0.69104992	0.59025396	0.47559604	0.44946894	0.44706303	0.52687304	0.47753723	0.54933235	0.39207182	0.41994198	0.46337444	0.39588131	0.39964165	0.50556286	0.39035045	0.46833621	0.45280605	0.46900792	0.44494690	0.43225153	0.42745172	0.41313212	0.47739077	0.49158507	0.39467168	0.40610891	0.65536046	0.40855804	0.44401323	0.42635794	0.37476474	0.47532470	0.44189287	0.39207745	0.45496107	0.43861762	0.50871306	0.45567930	0.43994845	0.44888795	0.38777792	0.43562732	0.47680874	0.64467683	0.41225632	0.46108228	0.48663861	0.41228334	0.44263216	0.44018166	0.41489658	0.43512177	0.42243700	0.37053945	0.42203971	0.40741583	0.56493134	0.40608172	0.45342898	0.40673406	0.42448781	0.47596399	0.44643153	0.38969239	0.43230272	0.47613622	0.57594761	0.42902612	0.38513662	0.46288884	0.43400278	0.52118686	0.42087683	0.51440726	0.42451060	0.43450127	0.40964793	0.39221260
02_282	0.62238385	0.62717242	0.59392207	0.50098628	0.51243001	0.44821337	0.47757854	0.53746085	0.55510379	0.74052313	0.71585011	0.66003073	0.59028783	0.66729210	0.60307950	0.54060352	0.47875692	0.53842046	0.54864954	0.49147896	0.53519556	0.55924471	0.61598913	0.57150456	0.52977735	0.49702657	0.53757074	0.50372884	0.56639272	0.60633977	0.43656484	0.59781500	0.56319040	0.46247603	0.45943278	0.45398607	0.42289410	0.54677855	0.48017787	0.51261286	0.48759604	0.44682101	0.51918668	0.59357755	0.54925131	0.49026151	0.61934056	0.49798113	0.66138660	0.50232096	0.50418409	0.52664977	0.71746863	0.52161458	0.68562048	0.43400372	0.48043950	0.41692570	0.46814564	0.57884681	0.45021635	0.70342165	0.52018757	0.60333667	0.47536336	0.47175849	0.43788459	0.48323172	0.52463251	0.60916795	0.58842992	0.47263376	0.62781808	0.46645318	0.49529287	0.55762849	0.51979990	0.43168449	0.52003204	0.52684947	0.57188242	0.64368322	0.56141906	0.58914656	0.46748415	0.51892070	0.57185159	0.50858140	0.76037625	0.57891263	0.45681024	0.63107656	0.52897251	0.49165557	0.45132145	0.48767177	0.57423464	0.54746120	0.58850390	0.44908262	0.46163366	0.51110091	0.53474088	0.56048591	0.49171874	0.60543970	0.42193657	0.51798599	0.76249541	0.57114944	0.44490800	0.51223433	0.49141330	0.40574366	0.57531360	0.55494169	0.40478905	0.49455502	0.47806771	0.46886758	0.49837436	0.74292867	0.45205365	0.45661737	0.56589344	0.56021657	0.58160725	0.62082712	0.41430753	0.47394133	0.53061552	0.42655703	0.67012658	0.51387455	0.48024025	0.57632636	0.37902417	0.44564273	0.53346091	0.42739569	0.43114144	0.49858439	0.51992426	0.47267946	0.61573348	0.78442190	0.50308388	0.57543104	0.45981161	0.44874679	0.49437917	0.60026959	0.51608135	0.48384013	0.67533729	0.45769078	0.46238599	0.53458746	0.56403091	0.74717622	0.47333536	0.40517837	0.57846020	0.57122893	0.43540276	0.43786111	0.53520770	0.57625574	0.71864375	0.49033237	0.52511893	0.47104487	0.50705270	0.64252840	0.49627980	0.54071985	0.40439798	0.42745553	0.53790654	0.45066118	0.40830056	0.53769101	0.49238611	0.47862652	0.64064140	0.39962261	0.46881664	0.59031728	0.58343517	0.42203018	0.72397198	0.37882788	0.45160740	0.43690704	0.48584840	0.52010829	0.52327987	0.49653558	0.45758254	0.44540315	0.55554317	0.48015331	0.82421567	0.48778682	0.50813488	0.42537728	0.45627589	0.53517629	0.60342472	0.42971631	0.53936178	0.37008882	0.45429854	0.52942277	0.46450970	0.48096003	0.50743829	0.38766524	0.47433660	0.49016443	0.54965987	0.48643608	0.40012632	0.38353299	0.43001493	0.54205499	0.45468085	0.44879869	0.42991892	0.47543078	0.53349971	0.53288895	0.42717150	0.47438926	0.78264167	0.38596256	0.51022994	0.44165070	0.47853932	0.47241797	0.58854512	0.53577487	0.45646867	0.56220041	0.48412193	0.51100105	0.44868255	0.52416074	0.39157094	0.50348692	0.48420911	0.52223114	0.60135479	0.50689370	0.56274266	0.56392151	0.48256825	0.50459845	0.51381403	0.43100839	0.44488169	0.44462103	0.45916100	0.54175122	0.40037134	0.39404344	0.71181851	0.43888267	0.44748413	0.53433956	0.53073654	0.48669880	0.47375255	0.59510720	0.53435393	0.53739729	0.52280806	0.46042892	0.43425239	0.51209215	0.56496402	0.47699886	0.48504940	0.50819965	0.50774779	0.41251873	0.47707145	0.42789523	0.40612237	0.51140516	0.59794299	0.39819944	0.39791057	0.47650447	0.51313756	0.44177077	0.48234260	0.49925242	0.46791572	0.39793434
02_32	0.55917374	0.56001858	0.57229747	0.51062967	0.55896352	0.51828389	0.52187868	0.51446245	0.53271842	0.51734653	0.47128405	0.49675459	0.52934412	0.51728214	0.55025583	0.58504934	0.50844028	0.54048799	0.57606977	0.50257339	0.49678986	0.51495003	0.53217079	0.53481032	0.59151636	0.60664444	0.57615141	0.48619952	0.53373346	0.55188212	0.53059596	0.51332374	0.50623645	0.57150933	0.55078392	0.46252113	0.51209269	0.53423198	0.55604970	0.56767872	0.47207014	0.50025632	0.51318685	0.53160855	0.50620008	0.51942199	0.58488045	0.44411639	0.57182862	0.52707485	0.60456396	0.53544489	0.50357475	0.49556666	0.52122524	0.48257754	0.52212908	0.49014582	0.56548601	0.56503519	0.50006432	0.52706465	0.56969867	0.51440256	0.48029856	0.50992164	0.53603213	0.55075430	0.51550311	0.50036133	0.48442199	0.48372584	0.68631974	0.48891742	0.49081433	0.55798903	0.70167172	0.50944904	0.52004113	0.57265379	0.63813485	0.46095591	0.57047793	0.64214020	0.55321123	0.63468255	0.56814920	0.49840183	0.55420722	0.48510440	0.43162636	0.46639400	0.60233273	0.49434294	0.57102070	0.58726994	0.45471050	0.56803638	0.44272648	0.48075368	0.43653891	0.57873659	0.62317340	0.50510108	0.47909197	0.52531744	0.52118327	0.54944255	0.47733620	0.51767837	0.55774052	0.50318626	0.43661186	0.49479857	0.50689129	0.58641165	0.50396348	0.55041566	0.65569469	0.59208908	0.44933266	0.44676124	0.55535271	0.53708258	0.50115046	0.55333897	0.48017477	0.49187466	0.49863712	0.46648580	0.51761176	0.55244491	0.60114117	0.53337351	0.50315793	0.49356338	0.44448407	0.47116535	0.49282038	0.54470572	0.48036042	0.56731020	0.45164046	0.53948426	0.51327625	0.47655215	0.52644100	0.52267795	0.47188955	0.58750062	0.52396248	0.46630617	0.59959764	0.54654163	0.59922134	0.50400832	0.51658151	0.49289244	0.53622243	0.48255553	0.48641606	0.50139595	0.48364843	0.48605115	0.45861541	0.59771506	0.58095271	0.61076740	0.55355086	0.48068925	0.48745307	0.44017581	0.58810468	0.49473083	0.49663551	0.51823834	0.51645567	0.50842766	0.45595321	0.47083100	0.49351956	0.58126675	0.56643151	0.54844051	0.48047300	0.56066284	0.56754441	0.51672948	0.48437054	0.57895697	0.49338486	0.51338452	0.48387572	0.61257009	0.54288902	0.44309793	0.51172852	0.51984157	0.61163356	0.48632489	0.47867997	0.60570671	0.48075308	0.53802651	0.57674934	0.46929665	0.56238621	0.49495719	0.44413211	0.57692905	0.57454909	0.51063807	0.59724208	0.60881583	0.46578235	0.49634488	0.57330026	0.49479573	0.53407005	0.51398459	0.45918168	0.58780050	0.54716558	0.42992848	0.55498111	0.50902701	0.50780043	0.67997662	0.60851661	0.53466040	0.58157206	0.53326486	0.45423270	0.58622715	0.48868008	0.54328406	0.51285580	0.45529521	0.54768694	0.61121880	0.48463111	0.53438962	0.52053846	0.46366817	0.50350981	0.53790901	0.42692549	0.47175809	0.44023017	0.41802927	0.60475078	0.57477180	0.44965043	0.46262194	0.52908598	0.55455247	0.48571476	0.48641123	0.62404252	0.56686785	0.43586636	0.46131871	0.51257120	0.56100027	0.50357400	0.46396901	0.48106440	0.58669046	0.51316301	0.59417485	0.48014013	0.52290096	0.53358519	0.49597206	0.50588681	0.49707106	0.46690179	0.51911906	0.46228924	0.51430789	0.46851504	0.54774359	0.48621926	0.46449590	0.54441043	0.45905107	0.45634615	0.41948918	0.42475905	0.43937580	0.45017691	0.48448745	0.39432486	0.46932439	0.44855858	0.47568028	0.45415024	0.47148112	0.47541768	0.44350840
02_251	0.60942458	0.58734296	0.61332426	0.58287716	0.56782276	0.50636503	0.50070055	0.59631349	0.53713166	0.54328320	0.49794804	0.52495967	0.59002734	0.55744287	0.56138396	0.60852790	0.50438962	0.53498725	0.65250766	0.51896344	0.58375903	0.51977197	0.56827642	0.59124940	0.64887193	0.61972001	0.60389075	0.48990932	0.60993415	0.60207916	0.54170996	0.56946608	0.54790178	0.61439043	0.54493067	0.48884734	0.51494541	0.56171994	0.55192305	0.57000838	0.49814401	0.51721635	0.53014164	0.60679541	0.52144853	0.57774249	0.58474154	0.44564669	0.61255629	0.57964969	0.56907270	0.53130309	0.51547769	0.50583295	0.54515527	0.50591757	0.57423144	0.51327298	0.61566570	0.55661447	0.55206579	0.58843426	0.66127781	0.51738018	0.45514421	0.47490627	0.59594386	0.56146007	0.53345149	0.54302615	0.47863866	0.48160821	0.72938205	0.49492960	0.49180178	0.58840682	0.57828173	0.55702238	0.55300140	0.56139276	0.68344336	0.44767633	0.57569790	0.56242786	0.55611975	0.65096487	0.63525238	0.51101923	0.59602505	0.45488845	0.44653734	0.46962404	0.66496940	0.57971145	0.65936703	0.48651765	0.51027701	0.62633455	0.47637032	0.44940007	0.42480693	0.54421644	0.57260180	0.48191136	0.44961716	0.56739783	0.52057977	0.64598879	0.47591298	0.56659800	0.60986356	0.45236455	0.46288443	0.42682706	0.49308710	0.52824287	0.46502008	0.55596261	0.58063331	0.61868810	0.47394301	0.46638042	0.54016951	0.52647084	0.50261468	0.52012987	0.45621325	0.49703681	0.46554346	0.45483394	0.46895103	0.51094420	0.62802791	0.48181662	0.44709040	0.49821057	0.41466437	0.47687653	0.48834923	0.50734994	0.47244146	0.61908121	0.41796765	0.64730294	0.49126480	0.50038947	0.47281682	0.59958207	0.42059970	0.52755565	0.52479177	0.45228428	0.52716546	0.46700131	0.57942484	0.44818967	0.45234943	0.44385419	0.51064676	0.48569979	0.46618321	0.50429579	0.48417304	0.45837004	0.42621987	0.52545878	0.58346202	0.63809373	0.53266083	0.45400611	0.52756886	0.42806571	0.57741647	0.55587007	0.44977086	0.46463050	0.47903016	0.46531983	0.49153876	0.44722691	0.44502165	0.71896774	0.48343638	0.58281354	0.47063490	0.47168600	0.51114674	0.47205517	0.47156686	0.47237458	0.49170456	0.46175074	0.45786779	0.56922769	0.56597558	0.46158130	0.54774630	0.59807214	0.52901301	0.47426683	0.55600948	0.55784179	0.50664122	0.51697170	0.49287230	0.45440930	0.56578205	0.48444437	0.47913543	0.53722828	0.56939059	0.46657475	0.50249654	0.61967614	0.41477539	0.51607823	0.63504474	0.52509845	0.49818467	0.51323548	0.44963560	0.62741545	0.52714126	0.40487137	0.53680116	0.47534218	0.47958131	0.58189066	0.53541078	0.52463346	0.56925669	0.54687583	0.44271354	0.51062229	0.49335053	0.45489015	0.47467559	0.44373318	0.65204657	0.64736482	0.48296107	0.47383803	0.55875455	0.46200342	0.52321866	0.51577777	0.42384098	0.42998277	0.42347774	0.43168238	0.56353458	0.54570419	0.43709127	0.44813723	0.51372794	0.61277022	0.44794575	0.49070695	0.54763401	0.51939957	0.42758045	0.43194199	0.49023720	0.65320392	0.47651708	0.43060267	0.52511935	0.54327918	0.50794554	0.57639547	0.46027374	0.54279982	0.54682642	0.49509901	0.52926448	0.55614893	0.45212723	0.53217557	0.43449934	0.63872854	0.48251422	0.52160285	0.44101281	0.45122146	0.51486616	0.46281209	0.42787673	0.42406966	0.44330073	0.47923782	0.44495324	0.47191776	0.38603091	0.45413750	0.48632698	0.44021068	0.42337321	0.45998780	0.57388032	0.45290648
02_62	0.41564350	0.42114242	0.42324912	0.37259083	0.44540226	0.40268112	0.42287117	0.36845144	0.49208609	0.44394670	0.41309623	0.40184175	0.38789608	0.40890363	0.47073721	0.48132843	0.39751301	0.54055850	0.43891834	0.37009212	0.36997955	0.49323429	0.39813728	0.38628332	0.42820591	0.46207780	0.42070581	0.38692904	0.41529020	0.40642048	0.39091243	0.40581192	0.46431327	0.39932035	0.40320008	0.36205162	0.40008365	0.47503029	0.40620334	0.45083222	0.36389022	0.39516113	0.49323896	0.39621272	0.38358870	0.37689555	0.42943467	0.37735733	0.43133531	0.38381032	0.53891963	0.43986078	0.43459056	0.41918135	0.42358024	0.38543725	0.43006936	0.34287938	0.41913387	0.49245617	0.34216812	0.41985661	0.39977219	0.49096926	0.42170141	0.39715892	0.36654448	0.47053362	0.43163334	0.42562079	0.53800929	0.43747462	0.47041941	0.39506219	0.37528770	0.39682845	0.48255680	0.35041571	0.46096411	0.54019350	0.46149145	0.48227875	0.42296440	0.56511108	0.36951941	0.41441632	0.45750710	0.49947485	0.47430240	0.49055385	0.37365525	0.46214897	0.45089428	0.35707365	0.38361471	0.56401618	0.38956108	0.41586948	0.41450475	0.46004094	0.44237425	0.40820782	0.50401071	0.43415572	0.43911627	0.47961073	0.37686427	0.37729710	0.49643410	0.38149197	0.40481251	0.76344251	0.37552163	0.49536176	0.55166843	0.64861307	0.40680538	0.43381887	0.49372393	0.43294261	0.45815176	0.43087793	0.46618784	0.37896227	0.45651043	0.44447774	0.46818108	0.50129029	0.48772884	0.44584722	0.47757453	0.40614267	0.44782669	0.58356487	0.60026230	0.54567429	0.42416760	0.41460956	0.45197152	0.45166074	0.39729766	0.43025316	0.49986587	0.38029800	0.47900974	0.43679291	0.46265914	0.41253014	0.49495999	0.47848429	0.39108921	0.48303159	0.64523002	0.72783445	0.55298582	0.45689947	0.55068984	0.76174516	0.53637671	0.50895804	0.45389114	0.36314084	0.49858742	0.48238096	0.60075768	0.40573211	0.39642243	0.44618226	0.51090281	0.49494627	0.44972731	0.44935332	0.45716978	0.43672818	0.76203206	0.56076678	0.46978430	0.54045300	0.44875483	0.52440954	0.37384508	0.39552230	0.66553211	0.39330476	0.48179143	0.41794805	0.47343080	0.63656868	0.52340659	0.50647323	0.46187752	0.42260506	0.52449332	0.45535754	0.36720061	0.42164825	0.47227948	0.37037268	0.53955110	0.50580248	0.37805425	0.53833009	0.44427014	0.49672217	0.54475210	0.39931488	0.42037090	0.51793974	0.41482870	0.40791291	0.41948674	0.40475016	0.54639434	0.43272962	0.86136503	0.40351747	0.37954668	0.35333679	0.42791801	0.49189576	0.47581204	0.42969912	0.38813498	0.43180789	0.38101374	0.68116183	0.38145853	0.44339018	0.46456074	0.42045804	0.41922798	0.45864303	0.40445359	0.44995944	0.49117681	0.41369807	0.46111197	0.52307892	0.39151902	0.43646221	0.46921783	0.67341461	0.37463581	0.52611183	0.46958904	0.58276623	0.42389148	0.59850809	0.42484635	0.36986422	0.47362496	0.44622550	0.47879874	0.43778820	0.55528675	0.39921498	0.68022632	0.46520551	0.52054398	0.46190409	0.44575066	0.55724735	0.40925451	0.42304815	0.45556214	0.45410591	0.44906987	0.46611819	0.48380969	0.44638246	0.60785570	0.42333761	0.42303053	0.50810761	0.45751253	0.37124716	0.56264941	0.39731471	0.46796809	0.37166894	0.45335409	0.42369998	0.63568447	0.45713128	0.51974243	0.37303789	0.46081683	0.39843134	0.38036693	0.42893638	0.47989735	0.43756034	0.37666451	0.51279354	0.42016238	0.48814985	0.61519579	0.45178021	0.34345132	0.36247456
02_109	0.51677832	0.59670394	0.50875625	0.44902366	0.44924658	0.51379035	0.52365967	0.50072965	0.42244191	0.47966071	0.46777037	0.54718287	0.52208738	0.50774049	0.45852483	0.43328918	0.56335959	0.39513008	0.44658969	0.67288398	0.46332069	0.41639690	0.54984424	0.51558610	0.46771065	0.42669953	0.49247332	0.58816411	0.45335800	0.52481152	0.47316600	0.45325156	0.40403579	0.49959493	0.53714905	0.47804592	0.44279259	0.41681630	0.57007602	0.44888476	0.55794328	0.46801532	0.38788995	0.48847110	0.63733973	0.44363464	0.57901145	0.52826104	0.54323571	0.47472992	0.40046833	0.51388490	0.47705079	0.43291319	0.55464131	0.44174997	0.39847600	0.51632348	0.42204426	0.44794818	0.63684114	0.48331887	0.45643577	0.43194930	0.46606982	0.55868967	0.51346614	0.40793499	0.40809930	0.42832888	0.39776173	0.43931376	0.50841199	0.47005936	0.63906305	0.53021115	0.52472392	0.53001518	0.41624697	0.39947987	0.46345127	0.41258716	0.47407510	0.44613170	0.76123937	0.58251951	0.42944675	0.37649207	0.46252295	0.41315531	0.43252410	0.40593895	0.43794498	0.49139511	0.48302646	0.44422057	0.41694090	0.51352312	0.39617616	0.41615040	0.35444249	0.52482922	0.44872786	0.51226645	0.48037910	0.41537249	0.53224921	0.49028806	0.42706788	0.53481541	0.40916937	0.37393914	0.45042677	0.39673508	0.40654184	0.40565322	0.41910029	0.44612062	0.42768748	0.41051133	0.36454560	0.43269778	0.37984892	0.55684051	0.47803289	0.47149143	0.44145418	0.41819521	0.34645097	0.38909638	0.45292068	0.51965582	0.51121501	0.38428709	0.40190005	0.38581383	0.35955294	0.42611489	0.39855315	0.37438559	0.37879127	0.43928642	0.38336647	0.43619399	0.43649678	0.45002728	0.42960056	0.43931721	0.41173447	0.42663006	0.64930663	0.40003433	0.39718688	0.37828003	0.45048654	0.45944596	0.40533990	0.37632086	0.42894142	0.42446631	0.37605217	0.45315456	0.42308680	0.44373195	0.33421088	0.57646168	0.57696170	0.46233812	0.45534431	0.42244962	0.38480010	0.35803077	0.45945550	0.42510188	0.36136887	0.40356755	0.35243322	0.34969069	0.37741536	0.34567236	0.50667450	0.49359173	0.39201561	0.56422906	0.41496800	0.46806222	0.45140760	0.41508151	0.38870996	0.42553641	0.46105060	0.38543061	0.35108546	0.39764456	0.87507560	0.37677377	0.39538082	0.46095432	0.38909498	0.34999319	0.45406884	0.39427269	0.46066984	0.38363262	0.41846581	0.38898882	0.40612539	0.41851185	0.40156720	0.52116636	0.48371145	0.38386264	0.39967349	0.49319626	0.35122578	0.40271126	0.60159746	0.45204691	0.42371222	0.39589304	0.38479878	0.44536344	0.45161940	0.35351953	0.47227315	0.38270255	0.58851649	0.49260553	0.39987489	0.53001088	0.49955748	0.44096402	0.38424354	0.44244059	0.43197504	0.45129684	0.41950494	0.33834849	0.43402431	0.42468660	0.42441118	0.39651175	0.44409406	0.39067402	0.37321628	0.38112672	0.35064547	0.38137196	0.36626083	0.49525465	0.44526379	0.45873346	0.40382689	0.47036375	0.41236969	0.52547816	0.35863616	0.38002862	0.47373364	0.38739239	0.35476918	0.33862241	0.42278972	0.46257662	0.35122655	0.36975621	0.43086978	0.39943336	0.36790587	0.47785955	0.37944586	0.41099428	0.44364719	0.40782591	0.42660911	0.52556948	0.38013961	0.42283882	0.40519216	0.46590522	0.44651208	0.45785322	0.37257903	0.44848082	0.41907260	0.38491427	0.41804698	0.37536340	0.38675112	0.36875278	0.40487188	0.35012401	0.37452194	0.38983250	0.37429427	0.40846263	0.36131835	0.40674743	0.47168422	0.37481236
02_206	0.48356374	0.45988904	0.47032594	0.50474050	0.42396614	0.37915302	0.40033668	0.47947604	0.43056122	0.47973254	0.47830899	0.46914034	0.48949475	0.48919949	0.44942100	0.44970201	0.39312786	0.45852169	0.45254274	0.41506656	0.47645634	0.42431515	0.49045844	0.51134818	0.44687589	0.45331267	0.44886144	0.40789540	0.48189630	0.48168728	0.41434059	0.53363798	0.43820978	0.40361506	0.40147819	0.41900947	0.38624846	0.43066629	0.40116398	0.43153491	0.41566607	0.38291551	0.43618251	0.52152425	0.44958877	0.52591234	0.54063643	0.40951909	0.50869972	0.51082215	0.49549657	0.41762335	0.53568310	0.53217105	0.46518080	0.38780471	0.42017230	0.42963897	0.42624710	0.45512683	0.41119926	0.50941625	0.51702777	0.43540959	0.46324117	0.47627059	0.39733843	0.43906523	0.59200415	0.53377340	0.43299345	0.38446070	0.53083267	0.43675514	0.43683156	0.50529121	0.56433296	0.41931042	0.41616382	0.47825538	0.49615834	0.55130847	0.64665506	0.58492230	0.42529957	0.44560143	0.48996523	0.43692439	0.50531460	0.64238266	0.41209542	0.55393756	0.46623392	0.44507883	0.41580090	0.52475471	0.46786160	0.47125370	0.47532650	0.42951832	0.57078140	0.59253314	0.48287358	0.51364092	0.43888034	0.46446837	0.37216817	0.49356927	0.49990070	0.47651116	0.43476821	0.47913726	0.40581529	0.42595380	0.43955876	0.52210220	0.46863729	0.41837582	0.49233017	0.50089599	0.40047182	0.46265086	0.52089225	0.47473513	0.42168470	0.66541897	0.54432920	0.43230876	0.49139069	0.50530879	0.61676390	0.39392950	0.55443780	0.64828230	0.44957442	0.45622811	0.40740846	0.38432938	0.65414706	0.55930865	0.59669145	0.42694782	0.61886964	0.45174349	0.68787654	0.51221102	0.75232309	0.51934836	0.48653103	0.46993755	0.41436257	0.58423974	0.55142151	0.55673953	0.53402918	0.46742552	0.50010636	0.52993382	0.48342144	0.47372726	0.65327702	0.43740357	0.41315863	0.53986604	0.47287287	0.45035718	0.54143120	0.63878032	0.58000886	0.39936146	0.45654001	0.58572972	0.43710660	0.46738120	0.50591200	0.70957171	0.48325630	0.49565943	0.42703883	0.51577305	0.47337884	0.47691971	0.51265459	0.40457021	0.60168001	0.45525217	0.50288974	0.52402016	0.59858066	0.46749490	0.55620398	0.42677118	0.53342938	0.48804540	0.43345072	0.51862181	0.42957481	0.51253951	0.55699474	0.46609607	0.46497800	0.51402035	0.47105530	0.60611819	0.69181762	0.53133341	0.57325382	0.41644784	0.48592207	0.40203224	0.66551675	0.42107031	0.51551449	0.47373315	0.48033030	0.59136324	0.49557475	0.36544566	0.75868371	0.45321210	0.60906798	0.43733496	0.42269857	0.40460560	0.52766484	0.47383298	0.46880377	0.44279093	0.55196479	0.40047161	0.59034341	0.42246694	0.50974979	0.64272304	0.53780300	0.43320162	0.79175141	0.44967988	0.47178039	0.47994127	0.54926266	0.57201249	0.53836757	0.41648337	0.46290606	0.50322354	0.54721243	0.57611879	0.39189074	0.39297482	0.46182540	0.72567432	0.55971205	0.42626537	0.45892134	0.49566388	0.49868602	0.57087983	0.49986936	0.55060675	0.51071981	0.49413297	0.65771980	0.44733239	0.47181332	0.41925244	0.47834728	0.49475605	0.47001502	0.56817551	0.45162417	0.57913556	0.42098138	0.55537923	0.41727943	0.45659431	0.43724222	0.57441080	0.40497102	0.46027040	0.40892415	0.56336334	0.50459254	0.42742357	0.47340072	0.53752577	0.49308151	0.43307548	0.35912008	0.41202140	0.51827594	0.45517830	0.42227913	0.42539772	0.43139042	0.41766411	0.46915762	0.56083254	0.43685786	0.49726700
02_85	0.57025773	0.50321614	0.62848406	0.43681650	0.76295982	0.49830368	0.46250523	0.47532485	0.61682393	0.51583169	0.44660639	0.44563588	0.50533650	0.50036254	0.64005755	0.58820174	0.45539399	0.53049900	0.59511896	0.42309657	0.44590032	0.58818262	0.50283570	0.48834408	0.71240453	0.65968711	0.71325390	0.41888754	0.45167779	0.56242406	0.41651742	0.43989649	0.50132640	0.51147997	0.46813663	0.36855383	0.43362035	0.58899634	0.52438826	0.80180868	0.38819099	0.43545785	0.50575129	0.45232155	0.42825941	0.43387992	0.46172187	0.37797902	0.46961800	0.41077635	0.55180772	0.47227338	0.45765359	0.38508452	0.47432228	0.40381332	0.53420145	0.37775729	0.62832098	0.65801149	0.41196553	0.48424871	0.48797155	0.56839005	0.37200188	0.39433402	0.45300794	0.48121042	0.41439897	0.42670632	0.50535908	0.44218618	0.56120686	0.38052969	0.40230832	0.53810515	0.47889901	0.40154779	0.51122052	0.54470564	0.62865095	0.40569055	0.46208659	0.56498489	0.46557434	0.65135519	0.52030640	0.47907859	0.52749248	0.40716243	0.35068054	0.39820647	0.61133431	0.41427604	0.49365158	0.45311180	0.40521692	0.44915198	0.39136972	0.38193609	0.35422921	0.46345846	0.70832977	0.40326866	0.39128538	0.50568440	0.49542093	0.49015785	0.44617291	0.51377938	0.54540669	0.47767903	0.36697068	0.39731076	0.55173280	0.53757455	0.36918798	0.78256935	0.67547761	0.50157223	0.44749607	0.42524406	0.45525439	0.39702701	0.45002046	0.46294760	0.39195868	0.53098567	0.41515838	0.36407466	0.40008925	0.49157133	0.55636602	0.42215807	0.42998602	0.47413334	0.35131996	0.40602591	0.39528444	0.42976008	0.37865075	0.71695182	0.38065189	0.50273961	0.42819898	0.43507145	0.41208081	0.45110282	0.37288328	0.43669656	0.44961124	0.39451675	0.52290708	0.47224833	0.57554494	0.38942694	0.39966138	0.44192755	0.44118701	0.47400530	0.38313016	0.37610600	0.49791098	0.39300796	0.39950483	0.46155150	0.49305604	0.48757220	0.48900222	0.44731515	0.44228279	0.35781436	0.84792740	0.46292021	0.43696692	0.42618341	0.43678613	0.42731006	0.43137184	0.39095696	0.37701311	0.57307180	0.52671771	0.47602916	0.40792954	0.42203279	0.41325840	0.45068241	0.40483581	0.46692814	0.43096816	0.39387923	0.39910648	0.53972446	0.45931299	0.37313198	0.52599796	0.44711940	0.50154873	0.42407787	0.41619726	0.53576646	0.47520288	0.42906804	0.47365064	0.35469011	0.44636083	0.47195943	0.39255402	0.51875358	0.46371894	0.39810195	0.55855220	0.75146884	0.42984239	0.39920613	0.44135932	0.43860986	0.42158903	0.43091444	0.38080212	0.76614678	0.41695284	0.34602721	0.39969593	0.49685886	0.39619647	0.58499423	0.47841208	0.48410868	0.51150552	0.72539442	0.34812265	0.48025770	0.44300072	0.42397174	0.41581292	0.40524934	0.48129956	0.58247936	0.39348693	0.47606621	0.40990676	0.50384497	0.44884263	0.48311200	0.35071116	0.40594227	0.36263273	0.36949736	0.72812532	0.44688788	0.39654875	0.39552769	0.57586621	0.56208397	0.43815642	0.40218663	0.54240219	0.46968835	0.35367623	0.38922364	0.41929141	0.64635925	0.43027199	0.37617918	0.45815299	0.54513328	0.46550345	0.54791498	0.47724727	0.42567986	0.72201482	0.43192223	0.62846941	0.51274274	0.48513143	0.43377958	0.40059970	0.48936119	0.46213411	0.47792575	0.45352122	0.41136468	0.56903230	0.37937149	0.38296088	0.34495682	0.37690919	0.42034702	0.41103045	0.43003647	0.32137485	0.42501376	0.40876533	0.42751167	0.42552171	0.38503260	0.41502025	0.37019260
02_296	0.37444935	0.42734046	0.36408713	0.40701057	0.34337967	0.38184795	0.42530407	0.38090988	0.36050757	0.38930452	0.39981244	0.43124670	0.37936951	0.38651224	0.36331259	0.38830375	0.42038050	0.39059686	0.37829518	0.45562441	0.39945316	0.36020951	0.38698663	0.38708676	0.35625357	0.36320020	0.34874509	0.45735287	0.45734023	0.37078180	0.49398885	0.43641136	0.39340198	0.40524212	0.43235976	0.57859422	0.43599828	0.36848159	0.39272556	0.34301225	0.51416929	0.43942686	0.38770757	0.43659155	0.45548806	0.41102234	0.47915764	0.48924338	0.47835976	0.49843533	0.39239355	0.44482176	0.41316070	0.59465751	0.43113757	0.47610017	0.36732711	0.49652268	0.35067346	0.36303838	0.44445509	0.41375245	0.40456973	0.36739338	0.66013120	0.51197803	0.42337868	0.42622180	0.46858593	0.45722502	0.37690703	0.42766679	0.43497096	0.63105667	0.48566739	0.36932691	0.48719533	0.47831515	0.39759518	0.39457471	0.38542542	0.44047085	0.42536832	0.40174201	0.41178118	0.37408203	0.41096473	0.39386909	0.41351963	0.44745745	0.64447528	0.47530281	0.37824399	0.44729219	0.40729028	0.46302540	0.43530893	0.51093522	0.45529257	0.57542941	0.49566554	0.41031979	0.36218516	0.53029461	0.53134656	0.40797617	0.37407860	0.38752617	0.41987400	0.36555392	0.35899272	0.38703979	0.55189793	0.45485696	0.36899962	0.40276318	0.58847772	0.33522726	0.36019244	0.39555434	0.38074785	0.40791539	0.41249933	0.54483213	0.45674761	0.40980946	0.52014419	0.37186360	0.40433243	0.64959720	0.52672502	0.39052484	0.39928924	0.47247296	0.45031044	0.40848868	0.52202265	0.47160127	0.49080747	0.41148818	0.44041796	0.34889048	0.44451652	0.37378578	0.45028889	0.42946006	0.44767288	0.43671981	0.54713201	0.49661290	0.44236627	0.46863939	0.40514110	0.39979466	0.40561005	0.54247539	0.53466539	0.41364620	0.50511368	0.40306275	0.48008134	0.52651297	0.38809083	0.54850949	0.41389689	0.42739007	0.39859418	0.43640818	0.42484912	0.41416369	0.42242464	0.49731821	0.34711458	0.42175725	0.41916963	0.44425048	0.38363468	0.40758289	0.41177715	0.44937847	0.46000017	0.37417357	0.37823959	0.43508396	0.46685999	0.43069322	0.58517464	0.44954900	0.48724940	0.40461604	0.45220461	0.44968607	0.44752494	0.36862380	0.42199507	0.48725698	0.37998049	0.39983756	0.39544535	0.41210470	0.44789764	0.39238710	0.39756037	0.45517453	0.40671826	0.57587126	0.41593064	0.41803315	0.45885117	0.38567435	0.42036428	0.42478608	0.36233085	0.35257899	0.38511386	0.45453566	0.48113051	0.38565240	0.42140374	0.48089042	0.49641789	0.34681047	0.45968185	0.53167431	0.49253256	0.39159021	0.48748276	0.38208161	0.39533803	0.41800756	0.38463833	0.34414449	0.63750481	0.38378838	0.43865300	0.40320940	0.43411094	0.41155612	0.39878660	0.37210336	0.57090856	0.40729153	0.44593772	0.36417381	0.41443868	0.41441738	0.48545679	0.43937859	0.49762604	0.47457457	0.35111049	0.44814311	0.43999998	0.50299908	0.37222283	0.36837393	0.40815242	0.47273566	0.41244549	0.38736240	0.53344643	0.43667078	0.40493016	0.36303618	0.38363074	0.48062643	0.42106086	0.36358711	0.39055589	0.38161712	0.38749826	0.44496093	0.33289292	0.45872552	0.34815879	0.35641509	0.36961894	0.40337317	0.45482817	0.37980516	0.40866441	0.38524283	0.38660897	0.46354466	0.36878535	0.40696106	0.47891017	0.57404643	0.44252523	0.40196150	0.42438135	0.37304898	0.59130825	0.43602302	0.42003641	0.41594365	0.39397857	0.50937011	0.41195114	0.40277094
02_253	0.40730576	0.40850643	0.40725135	0.41887869	0.41442159	0.37701654	0.39651819	0.38810358	0.45487945	0.42616628	0.40820423	0.39731136	0.39246599	0.40363583	0.43374737	0.48921133	0.37844110	0.54988280	0.45696194	0.36817145	0.40647992	0.45293231	0.39117713	0.39721608	0.42264228	0.46691799	0.39960761	0.37599146	0.47367358	0.39823121	0.42664008	0.45113898	0.49752324	0.41089804	0.39851606	0.40050565	0.42119628	0.46947696	0.38386720	0.41741197	0.37945727	0.40803842	0.52784890	0.43346000	0.37989532	0.42642610	0.43303371	0.37118801	0.44776512	0.44081430	0.56994094	0.42300400	0.42793566	0.49257255	0.41008222	0.42071648	0.46691182	0.37579627	0.43400926	0.44631560	0.35930595	0.43744615	0.44715956	0.44509113	0.43614845	0.39183224	0.39063293	0.52810117	0.52377853	0.48698941	0.48131792	0.42676826	0.48681528	0.43464952	0.37234092	0.39083531	0.47552758	0.38368341	0.48020331	0.56854687	0.47060461	0.46880442	0.44986937	0.51573753	0.36255323	0.39513584	0.51178944	0.55293494	0.48054918	0.48455188	0.41469904	0.50288059	0.47408281	0.39858628	0.41513125	0.50224718	0.44154388	0.45670076	0.47301507	0.47953873	0.55527086	0.40708166	0.45536563	0.42806149	0.41998840	0.51643767	0.36285217	0.40557600	0.46851783	0.37714566	0.44197393	0.56561985	0.40724235	0.46333375	0.47698102	0.58729536	0.45929025	0.40293967	0.46989785	0.50019606	0.49668092	0.42320129	0.57959254	0.40220655	0.43818525	0.43789119	0.46649165	0.45381828	0.63361646	0.54646560	0.47501112	0.38204011	0.44218741	0.69891873	0.51504105	0.56481165	0.48818829	0.43481292	0.53882936	0.55003245	0.47870810	0.42739244	0.48792520	0.42261777	0.48468597	0.44316272	0.46868057	0.47478135	0.47278472	0.52673489	0.37778399	0.50548753	0.62192415	0.60577185	0.51537479	0.43996382	0.54727093	0.58881525	0.55449686	0.47006484	0.56406398	0.41167540	0.44974169	0.47849587	0.81337272	0.39003136	0.39363800	0.49494529	0.48934482	0.44149470	0.53946171	0.55909196	0.41907211	0.48058081	0.71152642	0.54043357	0.56348923	0.69305113	0.51119626	0.79162719	0.37155403	0.41461028	0.53658967	0.39691154	0.50098919	0.40568331	0.51022846	0.54402529	0.60354613	0.45542778	0.45406540	0.46897113	0.77035738	0.49056609	0.36360469	0.51673382	0.50134168	0.41157643	0.57953769	0.67219699	0.42635281	0.58047221	0.42674087	0.64723737	0.50662235	0.48600466	0.49741236	0.47887495	0.47063466	0.38739760	0.43902715	0.44988974	0.48958981	0.40986462	0.57431010	0.48540709	0.40721392	0.37360226	0.45800139	0.58175890	0.54298581	0.42397088	0.42311223	0.49595091	0.42630631	0.56924576	0.37801560	0.42109669	0.50739652	0.39859539	0.41503950	0.41913667	0.49427068	0.43869924	0.48599587	0.39351760	0.47374376	0.69276218	0.44848909	0.46999683	0.52293948	0.55965767	0.43208673	0.46108427	0.58363935	0.65743291	0.53657265	0.54155822	0.47694327	0.36584056	0.43377200	0.47450339	0.46741477	0.41743253	0.48851939	0.39540467	0.66070005	0.59162208	0.47023706	0.51053947	0.57545294	0.82840153	0.43403586	0.42769379	0.54804250	0.49908102	0.46966435	0.47853194	0.56463211	0.43516365	0.52965729	0.50122482	0.39637189	0.54495916	0.42501259	0.36776299	0.48551137	0.44046090	0.44821093	0.40492053	0.42612551	0.42057102	0.53213291	0.42936982	0.46798041	0.42552998	0.44460797	0.46596431	0.41481812	0.49198984	0.46394500	0.51271025	0.41259180	0.50245148	0.49586181	0.44354073	0.53343853	0.49563247	0.38442342	0.41814834
02_54	0.46864334	0.47207071	0.48445430	0.39662303	0.52191032	0.45595584	0.47050526	0.40198639	0.56975266	0.49337465	0.44460113	0.43715801	0.42843053	0.45130915	0.54838068	0.54437522	0.44165787	0.59034909	0.49299791	0.40457564	0.39743354	0.56650793	0.44162573	0.42304224	0.49298465	0.52662952	0.48679923	0.42132269	0.44214211	0.45788563	0.41692638	0.42934058	0.50358134	0.44580936	0.44694384	0.37825956	0.43107537	0.53853196	0.46373145	0.53152749	0.38782558	0.42907091	0.53100784	0.42536937	0.41706265	0.39947266	0.46700353	0.40012357	0.46933974	0.40390171	0.59013549	0.48819319	0.46796083	0.42543926	0.46896063	0.40975519	0.47205711	0.36292556	0.47190197	0.57877169	0.37172206	0.45738087	0.43209629	0.56111582	0.43142636	0.42097038	0.40157448	0.50416549	0.44084581	0.44324052	0.59388554	0.47570553	0.52903603	0.41085774	0.40581813	0.44349547	0.52762503	0.37626109	0.50929726	0.59575290	0.52317943	0.48877713	0.45129910	0.64424581	0.41072016	0.48249590	0.49939796	0.52627097	0.52770539	0.49104255	0.38327279	0.46376948	0.50852353	0.38136088	0.42390314	0.59693974	0.40709367	0.44868114	0.42371390	0.46496465	0.42224654	0.44206525	0.59811647	0.45562086	0.46058159	0.52268911	0.42673496	0.41166872	0.52620270	0.42556456	0.44443308	0.76520022	0.39055482	0.50164348	0.64532128	0.73195737	0.41341534	0.50585897	0.57522521	0.46433443	0.48100433	0.45744384	0.48089807	0.40163456	0.50009253	0.47692943	0.47202957	0.56717431	0.47846073	0.43530526	0.48565653	0.45928107	0.50570339	0.55327530	0.61212350	0.57801361	0.41699568	0.44058099	0.45150290	0.45877828	0.39989684	0.49834738	0.48346563	0.41500171	0.49700152	0.46509336	0.47025951	0.44010400	0.48519372	0.49805911	0.43549554	0.47632801	0.71530737	0.71029489	0.65501159	0.46900819	0.54034817	0.70372877	0.55285025	0.55729256	0.44330570	0.37888338	0.56316358	0.48914962	0.54500816	0.45072714	0.43925030	0.48137367	0.55035185	0.53486670	0.46912659	0.43031201	0.54880681	0.46914159	0.66359700	0.55958896	0.47777640	0.52466127	0.46825529	0.49175946	0.39362421	0.44425985	0.73786096	0.44092405	0.48633946	0.44844400	0.49172562	0.66849009	0.51310022	0.55430650	0.49044976	0.43295316	0.50071530	0.49478315	0.40976942	0.42078330	0.52361093	0.39862672	0.57117971	0.50123511	0.40155204	0.59349011	0.49101747	0.50101355	0.57678475	0.39571493	0.44200539	0.57543930	0.42709605	0.46721782	0.45322582	0.42101249	0.62436578	0.50981803	0.71990985	0.41551704	0.41430360	0.38752933	0.44603124	0.50991078	0.46694567	0.50270850	0.41600839	0.42278854	0.39970972	0.77456705	0.41078627	0.50815309	0.49673569	0.47903166	0.46717306	0.55169815	0.40037939	0.48348232	0.52249564	0.44338276	0.47651007	0.50829068	0.42592361	0.49150810	0.47661318	0.73410721	0.39648684	0.60406700	0.48590181	0.62156559	0.41259669	0.58111496	0.42973323	0.39532730	0.57584596	0.47841701	0.48967481	0.46937426	0.69109157	0.45666098	0.66682690	0.47041384	0.63056686	0.49376445	0.43242952	0.50587610	0.43382685	0.49322101	0.46810932	0.46097218	0.49134624	0.52558658	0.51748936	0.51284564	0.69407109	0.44739384	0.50667320	0.53858942	0.54983741	0.42128326	0.65740385	0.42738968	0.50184574	0.41116758	0.51586183	0.47406145	0.69103906	0.50110796	0.64153952	0.38976849	0.48349374	0.40412438	0.40235311	0.44893840	0.50854066	0.45887449	0.37997141	0.55589830	0.43024356	0.54362536	0.64146051	0.46633115	0.37089606	0.37866841
02_61	0.46234926	0.42655279	0.44850832	0.55500277	0.40082766	0.35829745	0.37027907	0.50191206	0.39343486	0.43380684	0.43442142	0.43275081	0.48545999	0.45973612	0.41097179	0.42187602	0.36839548	0.41608706	0.43831624	0.39891805	0.49869401	0.38547882	0.46917335	0.51824327	0.43525311	0.43840977	0.43236924	0.38040459	0.47221115	0.46455783	0.40925318	0.52692846	0.40825335	0.39668210	0.38402798	0.41355886	0.37465241	0.40072034	0.38043421	0.40746827	0.40167231	0.36743489	0.40452910	0.52461461	0.42464898	0.59384443	0.49803859	0.37744745	0.47292367	0.53681874	0.45961203	0.38366117	0.47644240	0.50422366	0.42312666	0.37718809	0.41092292	0.45545121	0.42541655	0.41385778	0.42305393	0.48077055	0.55267850	0.39109319	0.41987388	0.44351314	0.40305478	0.41679439	0.58655019	0.50623999	0.38066895	0.35433372	0.49743578	0.41754004	0.41336163	0.50061342	0.50975051	0.43768501	0.38937726	0.43849351	0.47577732	0.45428127	0.64849757	0.50017448	0.42005021	0.43128561	0.46982843	0.40363812	0.45651725	0.51005317	0.39169356	0.47607058	0.45410245	0.46594228	0.42493570	0.44881098	0.45386197	0.45552338	0.44025873	0.38858028	0.51658723	0.58810799	0.44283614	0.45165173	0.38970840	0.42778624	0.36162773	0.53103797	0.42393653	0.47009903	0.44928680	0.40527346	0.38362864	0.38360113	0.38683879	0.45018457	0.46030926	0.39874576	0.46835133	0.52113107	0.37107840	0.40882168	0.52195144	0.47527744	0.37884122	0.58924878	0.45711614	0.38388778	0.47543592	0.46131014	0.50748183	0.37585377	0.51361662	0.52885040	0.38694900	0.40401113	0.38613278	0.36064037	0.58571413	0.58497995	0.69319583	0.41555597	0.48523132	0.48238231	0.54853282	0.45279008	0.61086127	0.51783116	0.41531238	0.44250213	0.39064199	0.48244415	0.47740476	0.46434849	0.46235962	0.41495674	0.43056954	0.42933567	0.42290319	0.40702871	0.60680373	0.45806395	0.36686813	0.45052231	0.41818988	0.43444072	0.54117593	0.63371863	0.48844519	0.35547340	0.43254855	0.52088545	0.41149531	0.43622593	0.42620857	0.52930042	0.48027071	0.46036963	0.39587532	0.46591837	0.46358827	0.49113291	0.44124533	0.39062981	0.49489247	0.43821089	0.45982953	0.42865542	0.49330612	0.42545711	0.47019441	0.42082036	0.48340261	0.49566485	0.42795433	0.48362262	0.40219896	0.57587877	0.52057548	0.43646109	0.46523787	0.47975876	0.41781473	0.56371478	0.55528535	0.53817961	0.64568840	0.36971952	0.44777026	0.38705832	0.67623517	0.42533870	0.46849225	0.45634631	0.40043152	0.64056313	0.51203718	0.37179260	0.79013597	0.41715662	0.50684631	0.42905896	0.42900171	0.37721272	0.58802418	0.40537726	0.44742556	0.42739303	0.56138265	0.37360984	0.57998609	0.39179614	0.49548126	0.61212156	0.45329857	0.41719075	0.62704821	0.41085417	0.50212907	0.48744066	0.47257435	0.46292090	0.63038706	0.36644094	0.44146148	0.44812126	0.51135178	0.45353119	0.36811636	0.36077647	0.43379205	0.67345806	0.45685087	0.37758780	0.40457400	0.48857216	0.42436146	0.52490043	0.44453584	0.55625321	0.46693207	0.43956432	0.69652817	0.43485126	0.47133560	0.39019754	0.43070843	0.48657932	0.44829622	0.53575179	0.38944574	0.59463499	0.40358152	0.47240451	0.38495232	0.45314643	0.38002312	0.63557907	0.36388181	0.48423454	0.36613337	0.54554930	0.42358844	0.37672956	0.42402506	0.60844071	0.42367339	0.40641392	0.34355962	0.38631636	0.43451536	0.45531835	0.39268480	0.37735058	0.41005097	0.37214616	0.39670910	0.49125420	0.47162894	0.55546408
02_48	0.54186954	0.56642498	0.51841012	0.55473850	0.45063544	0.43736387	0.47046995	0.54550973	0.45489903	0.53513316	0.53971950	0.57535640	0.55743550	0.55586019	0.48341992	0.48366918	0.47112522	0.46999946	0.49223565	0.52553635	0.54182558	0.44888695	0.56835241	0.57868086	0.48207636	0.47041356	0.48483781	0.50475416	0.55964375	0.54094289	0.49028981	0.60054688	0.47115429	0.46986007	0.47722777	0.51871319	0.44250902	0.45865047	0.47191829	0.45500580	0.52899347	0.44993362	0.45493710	0.61814127	0.57179226	0.56446388	0.70451032	0.50432564	0.64765975	0.61588371	0.48944782	0.49634157	0.59424881	0.61579250	0.56933736	0.45543638	0.44505999	0.52476682	0.44881457	0.48002261	0.51913277	0.58700582	0.56201273	0.46532676	0.55284511	0.58100984	0.47396061	0.47434111	0.59526454	0.58840180	0.45263523	0.44057561	0.61380820	0.53421863	0.55903344	0.55623752	0.65012118	0.51769981	0.45830705	0.48463037	0.52982336	0.55845623	0.66954736	0.56520289	0.52145634	0.51201378	0.52818091	0.45120343	0.56347675	0.59189866	0.49726440	0.57563156	0.49591688	0.54062232	0.48200308	0.54039041	0.52703559	0.59099431	0.52037005	0.48319452	0.51767988	0.63458321	0.49142885	0.62898625	0.51840350	0.50146465	0.43202544	0.55310368	0.53462458	0.53941948	0.45246954	0.45774326	0.49507857	0.44494482	0.45669726	0.50791046	0.51419271	0.44144098	0.48392078	0.50589572	0.42265946	0.51444754	0.49635340	0.59780258	0.49791057	0.64068758	0.59872792	0.46166262	0.45025549	0.54009959	0.65301840	0.44988507	0.61716227	0.55954878	0.47036895	0.47407847	0.42876775	0.44503977	0.61518860	0.50042783	0.53690208	0.45617466	0.54303938	0.48894772	0.65832938	0.57719939	0.62598026	0.58191747	0.51364135	0.50890844	0.51504896	0.57153380	0.51427241	0.49074627	0.55906731	0.52570899	0.51765653	0.49137835	0.53471827	0.50907645	0.56285989	0.50862755	0.45406615	0.60595195	0.43710423	0.52187284	0.62408793	0.67187673	0.60106170	0.44079022	0.48349354	0.52910561	0.46296413	0.52309812	0.47091616	0.58847389	0.44533661	0.45424868	0.45836567	0.47365482	0.53076961	0.53307015	0.47584487	0.49440164	0.60396843	0.48839027	0.57042330	0.53554836	0.57567275	0.47305127	0.62438625	0.44348047	0.48561670	0.47081200	0.54892930	0.53466512	0.45581823	0.56603270	0.50175631	0.45024600	0.55260897	0.49433876	0.53114089	0.55323304	0.56992254	0.54336816	0.54844964	0.46026747	0.53697280	0.45788147	0.68748925	0.43656508	0.47500168	0.50463600	0.44122419	0.58592696	0.65937189	0.41880634	0.61717570	0.49146623	0.58046604	0.46308452	0.47887056	0.42673652	0.59324476	0.46880580	0.57916401	0.48032134	0.50874763	0.47403791	0.60938899	0.45115589	0.53637970	0.56127321	0.58034760	0.45643508	0.62965629	0.43535075	0.51576257	0.49366581	0.62320960	0.52317416	0.59104159	0.43763957	0.47160552	0.49370555	0.50984705	0.52576492	0.42504537	0.48458141	0.47429558	0.70823912	0.55993343	0.50719614	0.47459878	0.55751948	0.46781964	0.55535106	0.53885781	0.50060527	0.50297551	0.45348880	0.58853155	0.49333753	0.44235008	0.44138400	0.53980683	0.47615515	0.46224458	0.58248359	0.45795698	0.58742784	0.44596486	0.57774613	0.44871136	0.52173645	0.44590050	0.56951689	0.44828843	0.52291659	0.47138908	0.56592547	0.47232780	0.49518961	0.48317303	0.51763104	0.53164222	0.48132054	0.41001274	0.44309912	0.53776788	0.43525525	0.46725864	0.45947328	0.46065604	0.45144412	0.45471885	0.59074376	0.51952740	0.49068763
02_310	0.44332948	0.44684884	0.42678875	0.45534007	0.38801209	0.35964731	0.38968200	0.43414383	0.41529315	0.47789438	0.49950772	0.47720436	0.44669947	0.46852146	0.42713439	0.42607212	0.38277780	0.44984380	0.42195387	0.40278878	0.44835430	0.41585946	0.45410210	0.45725377	0.40220261	0.40634388	0.40093777	0.40845105	0.47838545	0.43821122	0.39608069	0.52191056	0.44310177	0.37699803	0.38128244	0.42599639	0.37126769	0.41672542	0.37654217	0.39134020	0.42048049	0.37608528	0.43310824	0.49627700	0.44139147	0.46239431	0.51183300	0.42892791	0.50424306	0.48149266	0.45086245	0.41574003	0.54043596	0.56559843	0.47068278	0.38501084	0.39733905	0.39728841	0.38282170	0.42731257	0.38499080	0.50217250	0.45550525	0.43145621	0.48448949	0.45219647	0.37074019	0.42523798	0.56769460	0.55785746	0.44915691	0.39000837	0.48526816	0.44635501	0.42836933	0.43861398	0.48988643	0.39116372	0.41374344	0.45402756	0.44545902	0.66016187	0.53413145	0.51048314	0.38607076	0.39625793	0.46840096	0.44024784	0.50602483	0.69626101	0.44623117	0.68853718	0.42439036	0.42724727	0.38103506	0.48425939	0.49975713	0.46316658	0.54783708	0.44621489	0.65106716	0.47752221	0.42731440	0.53249820	0.45748349	0.47157862	0.34509616	0.43397324	0.56279150	0.43115811	0.38502504	0.47894439	0.44073540	0.40783159	0.44008058	0.49383774	0.43709270	0.37906713	0.41559556	0.43487708	0.41810393	0.51987594	0.45935956	0.43898164	0.44101950	0.54161951	0.62605819	0.44226190	0.44662045	0.56170234	0.61531359	0.36139073	0.49578136	0.63245124	0.45864629	0.48333733	0.40467691	0.39191708	0.68611709	0.46302766	0.50762045	0.38798499	0.71528678	0.40352778	0.68887956	0.56683694	0.59391493	0.50558980	0.50953371	0.43925743	0.39945266	0.73897403	0.49669411	0.50425388	0.50987702	0.46277053	0.50223524	0.55530457	0.51301604	0.51623469	0.61993870	0.40431023	0.42905097	0.62158514	0.48142996	0.39528445	0.45561947	0.53810113	0.57426274	0.40944051	0.47009872	0.68373893	0.39238546	0.49116121	0.52060877	0.66718943	0.42104666	0.45769226	0.45851718	0.52699536	0.41604421	0.42195307	0.46210108	0.38653012	0.74263526	0.39314855	0.48181631	0.56115792	0.76149269	0.40938872	0.61571736	0.38684778	0.52772065	0.40885633	0.39743132	0.60210744	0.42358028	0.44993365	0.46232505	0.45663189	0.47306922	0.45259505	0.49896379	0.55229141	0.53958793	0.51155033	0.47052039	0.43275362	0.56579081	0.36344798	0.52314565	0.37459588	0.42981741	0.41039382	0.48370754	0.53536189	0.44912280	0.33774532	0.53691707	0.46452181	0.85371239	0.38748589	0.38187667	0.41368807	0.44616899	0.48054665	0.43320064	0.38479649	0.43932012	0.38532535	0.47403272	0.39557201	0.52004065	0.47549092	0.61620896	0.37472125	0.61280608	0.46078803	0.42411836	0.41378066	0.66994130	0.54259277	0.46415416	0.43212174	0.45678535	0.49013758	0.60551882	0.63230499	0.39713581	0.42486040	0.40156907	0.55774547	0.68045264	0.45393921	0.44658549	0.43577825	0.50515182	0.58952100	0.45007007	0.44466006	0.56782400	0.51140592	0.50189810	0.41065970	0.41558814	0.41092046	0.51923604	0.41326014	0.43622503	0.46860574	0.46692530	0.51553366	0.37676834	0.60984855	0.40022249	0.41426859	0.44670675	0.47218059	0.41090477	0.42069341	0.42917286	0.45828427	0.49035721	0.45081965	0.43504019	0.45785923	0.51297186	0.46992986	0.36763296	0.44084719	0.59024537	0.40589524	0.45469285	0.44254239	0.46023572	0.41183014	0.48758929	0.59359102	0.41044573	0.43594429
02_37	0.48605172	0.46385173	0.49638029	0.45900843	0.50390310	0.43097956	0.43962719	0.44603278	0.50923475	0.47526103	0.43791715	0.43463323	0.46016455	0.46162249	0.50727755	0.53820418	0.42069542	0.55306629	0.51406802	0.40927280	0.44139513	0.49598025	0.46052836	0.46663722	0.51445660	0.56158706	0.49862205	0.40826125	0.47663416	0.47865029	0.44353125	0.47322285	0.48905436	0.45964527	0.44413928	0.39949941	0.43777330	0.50784536	0.44832298	0.51696976	0.39695232	0.42339021	0.51224302	0.47039015	0.42252644	0.47150695	0.49267234	0.38849893	0.48523060	0.46105628	0.64048656	0.45472993	0.47354054	0.46534124	0.45286398	0.41828443	0.49269316	0.40690856	0.51053337	0.53005450	0.40061753	0.47751966	0.50649443	0.48966462	0.43633550	0.43926619	0.42951314	0.51834410	0.51320510	0.47890407	0.48879176	0.43234226	0.57004582	0.42790000	0.41275183	0.48414127	0.58470773	0.41626961	0.48440106	0.59748980	0.56470871	0.47231621	0.52950531	0.67128546	0.43100055	0.49804149	0.53695302	0.50930312	0.51982157	0.50696842	0.39127909	0.47154300	0.54913501	0.42047935	0.46460787	0.58508666	0.42905939	0.47557714	0.43346391	0.45177036	0.46991575	0.50920922	0.59169137	0.45759879	0.43547818	0.51173633	0.42348727	0.47164942	0.47790211	0.45231046	0.50877700	0.57557034	0.39019398	0.48520684	0.51647414	0.65916807	0.46699543	0.49535333	0.65986748	0.56574972	0.45046185	0.43086191	0.59614461	0.44354455	0.44937671	0.53808208	0.46706745	0.48095385	0.57267208	0.46451243	0.51097903	0.45404080	0.54113854	0.62214398	0.51397062	0.51593832	0.43865825	0.42354054	0.51385857	0.60007217	0.49319354	0.51338820	0.49222665	0.47740099	0.53117528	0.45927118	0.54075818	0.49089319	0.47020076	0.53994189	0.42835356	0.48225216	0.77342406	0.70747315	0.60947885	0.46463102	0.53262856	0.57903669	0.51656958	0.48437884	0.52481371	0.43089766	0.46498576	0.47798356	0.54977686	0.48249437	0.49310537	0.57993075	0.54512164	0.45069215	0.48716287	0.47772229	0.53466730	0.47230896	0.59043600	0.59627066	0.59524680	0.60716054	0.45529627	0.54145025	0.43455035	0.49809330	0.66689575	0.44302349	0.49483961	0.49615380	0.52764848	0.55601641	0.52897567	0.57654334	0.48334189	0.48924761	0.56894829	0.62164473	0.43067488	0.45318401	0.50766015	0.46740858	0.78824823	0.54380879	0.43196038	0.71364707	0.45880532	0.61487667	0.68003413	0.45987771	0.56910159	0.47885018	0.43798915	0.47222907	0.54125513	0.48762411	0.72733812	0.54087049	0.56789946	0.49890192	0.46649667	0.41346772	0.55647999	0.51230825	0.49373988	0.53494960	0.46869348	0.43375647	0.48291345	0.57744168	0.43680399	0.54187482	0.68565749	0.45180059	0.54227797	0.50523968	0.45250265	0.59379565	0.49707204	0.48246765	0.55512152	0.51901619	0.49777076	0.58764585	0.48650950	0.65914154	0.48077418	0.47890293	0.52221889	0.63025180	0.46366253	0.54688927	0.43375295	0.37674371	0.59379152	0.58471337	0.47688710	0.43152846	0.56269395	0.49654123	0.60273347	0.53401697	0.61479301	0.66912295	0.47214725	0.53215584	0.53501164	0.51428251	0.57604566	0.47632048	0.47607867	0.66119064	0.58444475	0.59042483	0.53768923	0.54310757	0.50913495	0.54223333	0.49636388	0.44756684	0.51635690	0.52872594	0.45784842	0.46179112	0.44704698	0.55866247	0.59860828	0.44963804	0.59677949	0.47642262	0.47422575	0.42191589	0.39538911	0.43992599	0.48136495	0.55046709	0.39429585	0.49104451	0.43885102	0.48569185	0.53654684	0.50145435	0.41640369	0.45783857
02_31	0.61525929	0.52527963	0.59379433	0.70034849	0.51350727	0.42272258	0.42005822	0.71489025	0.49435892	0.54116267	0.51662388	0.51219712	0.64160737	0.57968421	0.52183976	0.54490058	0.42877128	0.49393507	0.63117756	0.45690430	0.73608623	0.48222018	0.57251305	0.64936308	0.60538912	0.55638981	0.56419088	0.43156868	0.63016373	0.61192982	0.46086499	0.64281158	0.54015545	0.50744404	0.44805876	0.45446112	0.43540905	0.52661612	0.45612793	0.51351895	0.45719552	0.44282374	0.50240855	0.68195640	0.47786681	0.66478117	0.52975692	0.40713509	0.56984117	0.58476930	0.50996332	0.45159682	0.52166411	0.49173054	0.50928976	0.44421901	0.55731452	0.46963094	0.57588606	0.50672007	0.50295676	0.63907340	0.76671641	0.48329536	0.40366935	0.41622590	0.50906520	0.49747348	0.55590229	0.58798409	0.44838596	0.41688087	0.62557644	0.44179382	0.43754496	0.59265814	0.47399006	0.49914236	0.50400986	0.51061564	0.63386028	0.43894830	0.58719623	0.50173274	0.47341906	0.53869404	0.63582702	0.48706686	0.58936578	0.44026454	0.41820888	0.47556454	0.62181996	0.61756092	0.56020596	0.41062439	0.57613682	0.55667224	0.50918274	0.39039224	0.42439630	0.50869235	0.50400779	0.43700029	0.39256661	0.55751640	0.42946987	0.78017275	0.46330840	0.59428382	0.58674237	0.40919886	0.43951813	0.36141104	0.45171370	0.47137774	0.40507002	0.50631134	0.50094522	0.59557690	0.46460133	0.47510414	0.51027727	0.46097140	0.44256378	0.50044578	0.42828980	0.46899183	0.43503642	0.42814018	0.42584592	0.41477433	0.61045040	0.44834746	0.38611969	0.47244773	0.36622023	0.41523660	0.49274693	0.47827552	0.47839787	0.56862550	0.40098618	0.73992095	0.47761667	0.51444641	0.44487305	0.67874049	0.37136839	0.44148780	0.44465172	0.44754119	0.46631977	0.41728314	0.52423940	0.38581228	0.39096534	0.40639998	0.45298707	0.46693137	0.46077657	0.44983573	0.44020250	0.42085955	0.39571780	0.42733532	0.54919259	0.64122209	0.50897074	0.39554326	0.53554114	0.42623930	0.50307623	0.58805275	0.41122014	0.43187373	0.44072917	0.42659698	0.49607505	0.42641375	0.39034037	0.81293310	0.42755708	0.47982278	0.46597428	0.39068341	0.43100290	0.42316982	0.45958211	0.39150043	0.47784000	0.39410981	0.43315863	0.51036822	0.48782720	0.48166520	0.52104691	0.71261303	0.46894268	0.44782609	0.62492823	0.49358273	0.50573665	0.49239557	0.44590300	0.43322268	0.55581377	0.42664977	0.51095130	0.43051082	0.55927188	0.39893101	0.43747296	0.55749169	0.37566857	0.53954735	0.56875743	0.44759171	0.48038198	0.45966724	0.44477176	0.56113618	0.43800048	0.35972521	0.48426373	0.43065608	0.41735111	0.46368019	0.47181327	0.43190879	0.54328238	0.49629093	0.41741153	0.47008737	0.48411761	0.37833841	0.45315031	0.41888672	0.69190300	0.58651012	0.45944149	0.42656963	0.56710348	0.42960471	0.50947550	0.46973990	0.42532997	0.39756822	0.37230591	0.40066056	0.48251426	0.50921358	0.42496959	0.39398891	0.46183876	0.60781260	0.40803653	0.48425187	0.45111138	0.47067863	0.41093534	0.40847860	0.47307445	0.61872799	0.43888744	0.37305986	0.53276409	0.47865223	0.46804386	0.52669320	0.41848234	0.53588188	0.48899635	0.47036584	0.48584040	0.56973391	0.41328475	0.52577144	0.37243045	0.79518371	0.43430159	0.47568386	0.39780562	0.39598980	0.45182600	0.45935373	0.38383671	0.39585589	0.39793267	0.48835092	0.42768687	0.43810419	0.35604303	0.39977188	0.50985676	0.37631600	0.38548167	0.42990916	0.64837450	0.44957107
02_69	0.45485203	0.45848200	0.45901115	0.43508629	0.48664491	0.42441685	0.43456616	0.42041956	0.56850675	0.48679343	0.45036352	0.43456510	0.42662322	0.44498609	0.51557863	0.61744183	0.42022067	0.69438258	0.56802072	0.39558759	0.44689262	0.57424974	0.42114575	0.41996110	0.49555007	0.53715283	0.45058409	0.40790985	0.54620315	0.44033643	0.45167229	0.47748201	0.72541494	0.47866688	0.43923483	0.41826483	0.46881347	0.62577493	0.43091404	0.48206929	0.40709080	0.47359162	0.74244408	0.46473442	0.40270353	0.42873055	0.44023725	0.39026335	0.48854513	0.44454972	0.59197052	0.48304084	0.44604163	0.46711104	0.45907327	0.47584643	0.60384955	0.37502158	0.51036703	0.51817871	0.38431448	0.49208093	0.47297239	0.54477760	0.41252597	0.37408275	0.43910647	0.63287114	0.48641725	0.51629606	0.59944252	0.50767476	0.53624998	0.44232565	0.38315464	0.41006199	0.43998955	0.40167766	0.67880587	0.66304072	0.53554556	0.44907017	0.43007025	0.49491347	0.38076339	0.43665960	0.62510570	0.78708641	0.57327348	0.42858752	0.43003294	0.48877255	0.56571100	0.43683065	0.47354854	0.44036845	0.50120076	0.50692253	0.52487392	0.45955881	0.44140971	0.38527991	0.48525557	0.41404295	0.41567640	0.72091187	0.40379583	0.43369682	0.50407615	0.40768002	0.49331704	0.53241377	0.45062018	0.41157019	0.57344555	0.57733931	0.40020147	0.46511655	0.47163862	0.50693735	0.80972622	0.47637666	0.51663385	0.38960840	0.51170297	0.40708155	0.43407835	0.56945421	0.49434633	0.47346461	0.41308333	0.40319537	0.46885301	0.50200198	0.48496987	0.79108548	0.42682818	0.49971768	0.46500532	0.45013701	0.40448564	0.51695894	0.40969210	0.47320255	0.44045403	0.48020315	0.39657218	0.52090107	0.40755776	0.48789364	0.40824603	0.46083060	0.54617962	0.48195417	0.56231971	0.40162934	0.45395235	0.50411167	0.57639409	0.54187771	0.44532311	0.39554114	0.56909830	0.44124667	0.54798486	0.38012980	0.39324584	0.48165989	0.49131659	0.49339828	0.69823856	0.44418371	0.47376055	0.62123588	0.55990884	0.44183320	0.46969477	0.51744691	0.76568476	0.53489624	0.33837001	0.46711262	0.48423584	0.45308885	0.46724977	0.36732865	0.45662838	0.51135075	0.52165718	0.40683447	0.45589739	0.41482607	0.52530264	0.47039668	0.38451772	0.49542405	0.73354527	0.42426383	0.48415519	0.60220089	0.48248636	0.54829937	0.49272485	0.51486385	0.42635222	0.40787184	0.45008596	0.58527480	0.51605826	0.40980662	0.41331345	0.40434783	0.44195513	0.44518305	0.47849030	0.44178591	0.41822772	0.41441997	0.39331292	0.63920218	0.46643915	0.48788079	0.41399693	0.43495139	0.38792541	0.59652882	0.36280681	0.43070856	0.43486224	0.44477525	0.40373686	0.50472937	0.41643049	0.38951163	0.50901012	0.35894924	0.40344760	0.61474621	0.49160855	0.50054541	0.49397366	0.48370366	0.41181448	0.57740632	0.66814256	0.64140149	0.43889230	0.44915609	0.45742517	0.39824418	0.45659963	0.42298814	0.43699479	0.43126053	0.56286630	0.42557146	0.54582757	0.51437036	0.46386354	0.43900611	0.46422343	0.53822254	0.38276026	0.51757166	0.46853682	0.44322673	0.57070968	0.45358345	0.55155442	0.42780829	0.57790815	0.46287674	0.44487354	0.52718143	0.52677022	0.40148650	0.53762687	0.40932975	0.44869244	0.45855096	0.51930538	0.39465885	0.47021992	0.44915189	0.48615305	0.37904480	0.40405310	0.44110106	0.48381629	0.73048947	0.45570977	0.46349871	0.37400048	0.53199817	0.62750034	0.43917149	0.48924607	0.43790690	0.42167709	0.37760752
02_313	0.47232358	0.44755237	0.45576206	0.60229761	0.40740386	0.37239271	0.38747241	0.52263317	0.40460320	0.44707896	0.44966449	0.45362753	0.49763421	0.47212813	0.42012148	0.44234750	0.38629263	0.43428865	0.46000170	0.42239212	0.53578902	0.39687065	0.47906070	0.53114535	0.44628579	0.45126693	0.43647784	0.40134974	0.52147920	0.47259542	0.44540796	0.57213475	0.43292758	0.42180663	0.40619804	0.45662198	0.40097335	0.41706644	0.39581473	0.41243212	0.43427240	0.39356748	0.42617825	0.57052048	0.44715357	0.64613856	0.52690336	0.39877258	0.50980545	0.61343399	0.47590340	0.40558208	0.48862591	0.56754917	0.44342214	0.40971809	0.43306547	0.49881027	0.43970739	0.42141920	0.45504704	0.50759352	0.59510781	0.40200881	0.44980275	0.46226369	0.43429817	0.44671728	0.65787677	0.55391704	0.39302185	0.37525325	0.52839082	0.45892171	0.43598828	0.49972811	0.53022091	0.48025995	0.41324770	0.45757217	0.49329630	0.46525464	0.66262762	0.50111790	0.43637361	0.44144345	0.50322726	0.42646012	0.47988002	0.51330460	0.42995871	0.50465096	0.47466263	0.51595316	0.45704332	0.45809856	0.49450609	0.50307047	0.47700605	0.41553521	0.55143614	0.57420811	0.44426752	0.47431369	0.40987490	0.45466823	0.37615163	0.55824301	0.43812020	0.47488878	0.46838094	0.41091288	0.41889915	0.39622885	0.39637230	0.46051349	0.49769694	0.40304862	0.46657792	0.55194352	0.39277816	0.42544984	0.55238158	0.51453494	0.40124418	0.57016596	0.47781605	0.39592831	0.49417804	0.50821243	0.52250744	0.38840026	0.52365697	0.54858779	0.40074917	0.42491154	0.41290440	0.38747898	0.63626187	0.60263759	0.74801468	0.42736869	0.48403578	0.51225590	0.55505228	0.47386854	0.59150688	0.57046683	0.43073520	0.47374776	0.41041710	0.50095867	0.48499146	0.46250865	0.47489120	0.43308152	0.45029172	0.43437321	0.45162363	0.42086437	0.64954277	0.50546920	0.38164755	0.47278609	0.43342537	0.44527257	0.54007714	0.68009768	0.49968554	0.37054409	0.46768692	0.55445161	0.41568436	0.46908813	0.43771091	0.52510960	0.49177055	0.47609508	0.42442458	0.49246093	0.46936962	0.51109271	0.43943669	0.41635008	0.51434570	0.44460994	0.49441328	0.44103916	0.52179445	0.42787525	0.48673074	0.44359881	0.50955017	0.50203790	0.44693430	0.53029198	0.42367868	0.61729126	0.52239435	0.46147166	0.51346843	0.49245675	0.43267981	0.60303128	0.53248224	0.60132063	0.68938952	0.38786608	0.48480084	0.39939875	0.66769884	0.44637482	0.45773704	0.45596740	0.40212755	0.72824360	0.56091024	0.39510012	0.70775206	0.45113424	0.53480125	0.43719159	0.45967270	0.40305616	0.64642139	0.41538493	0.46403590	0.43608264	0.55873999	0.39145641	0.55979619	0.39865902	0.54989084	0.56364997	0.47147610	0.42025901	0.60157642	0.43273711	0.54420566	0.50317132	0.51192718	0.46242605	0.71780211	0.37689825	0.47369925	0.46777608	0.54905706	0.45664986	0.39418792	0.38204954	0.43307094	0.67570637	0.46536568	0.39738358	0.41311233	0.49207637	0.43434417	0.56918984	0.45251367	0.55195944	0.50519492	0.46015323	0.64436071	0.45015871	0.48532688	0.41254791	0.45633506	0.48491126	0.46749509	0.52526854	0.40007520	0.64784010	0.40563107	0.49620861	0.39417831	0.45771742	0.38793883	0.64209047	0.38096925	0.51416353	0.38360506	0.52858274	0.42388544	0.39415074	0.42738000	0.61725341	0.43542999	0.44188751	0.36995100	0.41435712	0.44474995	0.46836919	0.41810052	0.39580544	0.44366001	0.38370266	0.40296809	0.51785192	0.51727345	0.57387617
02_256	0.46245063	0.46464844	0.44128548	0.51007277	0.39904254	0.36654084	0.39395378	0.47154260	0.43157338	0.49905695	0.52726231	0.49956487	0.47151613	0.49068234	0.43997899	0.45566439	0.39122405	0.47559179	0.46036653	0.41606374	0.51142128	0.43269432	0.46700912	0.48124321	0.42338739	0.42576171	0.41139275	0.41815081	0.56430394	0.45508889	0.42287043	0.60439513	0.49836423	0.40214798	0.39434924	0.46797913	0.39315214	0.44654296	0.38480092	0.39993819	0.44956402	0.40179201	0.47261356	0.56330803	0.45234956	0.50921558	0.51743388	0.43523844	0.54597885	0.54282425	0.46499911	0.43054774	0.54535111	0.63938258	0.48976346	0.41944374	0.43739267	0.42009045	0.40796108	0.43455299	0.41057060	0.55871794	0.50400798	0.44516329	0.47585937	0.43221239	0.40036664	0.46195064	0.64567041	0.68431479	0.46216871	0.40877228	0.51535848	0.47784476	0.43099664	0.44455786	0.46727485	0.42215051	0.45349204	0.47765892	0.47148969	0.59507477	0.53791448	0.48603578	0.39092511	0.40413620	0.52863800	0.48267039	0.55275655	0.57660816	0.49106604	0.75089110	0.45739705	0.48899422	0.41417923	0.44255805	0.62620434	0.51661940	0.71148148	0.44787943	0.64720098	0.45520322	0.42368720	0.50699857	0.44301121	0.53226894	0.35391570	0.47190602	0.56284758	0.44553793	0.41388784	0.45275666	0.49475797	0.38615204	0.44500880	0.48429678	0.43437211	0.38796213	0.41162021	0.46670306	0.46859211	0.55369241	0.48284323	0.44588934	0.46011344	0.49907517	0.56935759	0.45858811	0.45350065	0.59545142	0.52868398	0.36118774	0.50613676	0.57674415	0.43552364	0.52221052	0.40868578	0.41875924	0.71478030	0.46542055	0.51562561	0.41034655	0.54777331	0.44730432	0.60139945	0.61162202	0.50878195	0.60351874	0.45633342	0.44560423	0.40631399	0.66660664	0.47951063	0.45782238	0.51235844	0.43283901	0.46520596	0.49633628	0.52984998	0.52783589	0.60601349	0.42566244	0.44439670	0.56192387	0.47500340	0.38363583	0.44974460	0.56844954	0.55631407	0.41064015	0.55339529	0.66494983	0.39710336	0.58788807	0.49388409	0.54156940	0.42454316	0.45665181	0.53891012	0.53790868	0.38906473	0.45665738	0.43226437	0.40850746	0.68222809	0.37241597	0.47436084	0.51513596	0.74506921	0.38312568	0.59395515	0.38693490	0.53287975	0.41598464	0.40542438	0.79224389	0.46590844	0.49476271	0.44922561	0.48479910	0.57294116	0.45773808	0.52501872	0.56736391	0.47269820	0.52219254	0.49126702	0.44664732	0.74778121	0.36457450	0.51127863	0.37669589	0.40549571	0.41426407	0.43792558	0.58500595	0.47718674	0.35886324	0.49466463	0.50549326	0.75787089	0.40364608	0.39362717	0.41739825	0.45123528	0.47130856	0.41626606	0.38261383	0.42904426	0.39287660	0.45883296	0.40634366	0.53355054	0.43633315	0.62499637	0.35505755	0.52574798	0.48519966	0.47468677	0.43536285	0.70994361	0.48498286	0.49797181	0.44154165	0.51215785	0.50416760	0.62988461	0.52140979	0.40991616	0.44070157	0.39743713	0.52609146	0.58769415	0.44768193	0.44812104	0.44782573	0.48159363	0.64612184	0.43234119	0.43606281	0.58856611	0.51149331	0.47057827	0.44025667	0.42258863	0.40912061	0.59476176	0.41043076	0.45563376	0.45477191	0.46214324	0.54923871	0.38241722	0.61799537	0.41544716	0.42915600	0.44119339	0.47848868	0.40521253	0.47144007	0.44763304	0.43591544	0.44805339	0.44438709	0.42584442	0.45985833	0.46502673	0.50123833	0.40032103	0.52049327	0.55240759	0.41608919	0.44809601	0.44712715	0.55455161	0.39780346	0.45508946	0.56420047	0.46841885	0.44606878
02_219	0.55200377	0.55841206	0.53085007	0.49013694	0.48169557	0.42354252	0.44828859	0.50549309	0.53945163	0.64330118	0.63902428	0.58390937	0.53127723	0.58366141	0.55641446	0.53856996	0.44923879	0.54710956	0.54668727	0.45595707	0.52988159	0.54830721	0.53443938	0.51616964	0.50184719	0.48184544	0.48888634	0.46919817	0.59061648	0.53600759	0.43170242	0.58825052	0.61134817	0.45311636	0.43850619	0.45349793	0.42132876	0.55303997	0.44677728	0.47817272	0.47114889	0.44674268	0.54639960	0.57170357	0.49536367	0.47519862	0.53991999	0.46684501	0.60795642	0.49333233	0.49335210	0.50292892	0.60430680	0.51993414	0.59992909	0.44198958	0.49695226	0.40129125	0.46084902	0.53390227	0.42910842	0.65753952	0.50620929	0.57530575	0.45044517	0.42515284	0.43127685	0.49612953	0.52203086	0.62819524	0.58706190	0.47286186	0.57931794	0.46192624	0.45159631	0.48939349	0.46424184	0.42068303	0.54462681	0.52712667	0.54148995	0.57745759	0.50499562	0.51903896	0.42459636	0.46829397	0.58880891	0.54113772	0.71988846	0.51486561	0.46557541	0.62310022	0.52133950	0.49291647	0.44686196	0.44161416	0.62683540	0.54279771	0.66151037	0.44073417	0.46122780	0.44636881	0.48506970	0.49978354	0.45726359	0.65375817	0.39973543	0.49184528	0.68005451	0.50540708	0.44153250	0.48683087	0.50840121	0.38398856	0.55314858	0.52386556	0.38988777	0.46308673	0.44261374	0.46239164	0.55365642	0.71034949	0.44890709	0.42648363	0.55157484	0.48222541	0.52820870	0.60704454	0.41293060	0.47835542	0.47298882	0.39742427	0.57084767	0.49117391	0.45586745	0.61608807	0.37774633	0.45387293	0.51865765	0.41446986	0.41756357	0.48412832	0.47255584	0.47090685	0.53834407	0.70895887	0.44750156	0.58945858	0.42746160	0.43594474	0.45476723	0.56478954	0.48682579	0.44961487	0.60239782	0.42246380	0.43748728	0.49943152	0.55852917	0.69540240	0.46055880	0.39529567	0.57347003	0.52113234	0.43973098	0.39633986	0.46531045	0.53509030	0.60638159	0.47515665	0.57823617	0.46843266	0.46797400	0.73848171	0.48586671	0.48411827	0.39757720	0.42401055	0.61982079	0.45818434	0.36943206	0.51042637	0.45368253	0.46105492	0.58956477	0.36650831	0.44579927	0.53982655	0.57553275	0.38742244	0.61301147	0.36823170	0.45419263	0.41952272	0.43993982	0.54889090	0.55198776	0.47777149	0.43353392	0.45920994	0.58184829	0.46437308	0.71151418	0.48013513	0.44983242	0.41676601	0.44086147	0.53450255	0.67019131	0.40020477	0.47918409	0.35940663	0.41642379	0.47510728	0.44067877	0.47178648	0.47344133	0.38277115	0.43083361	0.50894926	0.53531890	0.46334184	0.38717071	0.38449127	0.40510813	0.52549913	0.40948734	0.41428172	0.40501827	0.44829977	0.46486449	0.50180378	0.42235004	0.42000698	0.69469125	0.35452205	0.45586269	0.45965830	0.47964581	0.45724862	0.57759961	0.48617472	0.43966435	0.55864153	0.51142074	0.51106714	0.45197697	0.48091222	0.39521175	0.48446218	0.44335253	0.46964877	0.54383778	0.47715097	0.53273137	0.50051855	0.47184281	0.50953981	0.46281943	0.40866521	0.45122094	0.45166774	0.41841730	0.52317813	0.39541320	0.38830710	0.77430401	0.41460237	0.44866820	0.47083880	0.51978056	0.47375767	0.44132802	0.57635789	0.51499940	0.48386356	0.50611053	0.43320322	0.42046518	0.50513757	0.55630913	0.42708404	0.45224702	0.48046909	0.46952375	0.39470259	0.43955753	0.43569517	0.42273940	0.58871549	0.55094220	0.39441566	0.39008303	0.47361809	0.58149603	0.41829403	0.46250676	0.47507679	0.46850379	0.38558424
02_168	0.42321783	0.51634923	0.42968276	0.36919062	0.45162491	0.58354827	0.65931804	0.37724844	0.48995104	0.45261136	0.42251732	0.45769880	0.39561165	0.41764713	0.47426895	0.49603235	0.60479712	0.48981462	0.45062226	0.50188164	0.38003208	0.49533770	0.41380895	0.38687413	0.43438208	0.44186370	0.42504797	0.55547659	0.44727528	0.41419197	0.51182036	0.40099362	0.47513096	0.51967419	0.59073388	0.46001006	0.55108733	0.48194272	0.56283502	0.44650109	0.48604434	0.59433820	0.47766720	0.40786815	0.47343965	0.36573334	0.47186512	0.50758583	0.49317562	0.40832470	0.45613218	0.68474548	0.42166186	0.43365040	0.50260645	0.53684125	0.43562634	0.40418937	0.41811849	0.47703021	0.43010529	0.42764614	0.39158087	0.49789800	0.51707199	0.46393301	0.47365147	0.50746143	0.39294763	0.41472021	0.51477866	0.74228135	0.48810165	0.51283104	0.48318208	0.39176549	0.50044474	0.43149293	0.53127887	0.47589090	0.44702735	0.42607845	0.38912727	0.45685739	0.45966144	0.46865727	0.44954742	0.47213045	0.47485891	0.40749233	0.47829277	0.42284862	0.44360916	0.40439867	0.45747957	0.52307312	0.40114061	0.51162599	0.41451247	0.60191024	0.37202282	0.38919733	0.45347344	0.48546581	0.59324377	0.48068218	0.52127158	0.38105958	0.46956293	0.38973940	0.39649480	0.48441179	0.49795390	0.53367304	0.51347100	0.48792736	0.43878143	0.43485952	0.42638942	0.40006412	0.46882267	0.44097569	0.39921294	0.44686974	0.70988821	0.39190946	0.46051567	0.50710791	0.38844979	0.44473291	0.44622801	0.54202164	0.43189551	0.43011857	0.61601224	0.50460043	0.45896791	0.64645097	0.39294641	0.37392674	0.34744853	0.43765321	0.39434483	0.38413392	0.41164458	0.43421308	0.38820295	0.40995513	0.50093292	0.52046565	0.55983205	0.41659876	0.46084663	0.44088163	0.49293864	0.53192113	0.53008704	0.46735555	0.59600227	0.49349508	0.37683248	0.41646768	0.59508252	0.48765681	0.42493568	0.47636807	0.39818848	0.40958937	0.45396454	0.72542836	0.44119952	0.37591697	0.45626536	0.45351321	0.46826007	0.41866300	0.38126923	0.41002278	0.46029192	0.40776788	0.39905132	0.40353820	0.45351674	0.57572717	0.42262171	0.44406469	0.52977812	0.53178838	0.43349853	0.47618054	0.44654686	0.43716739	0.40664115	0.39589026	0.45841039	0.39282030	0.47490285	0.36610453	0.41352245	0.42148280	0.41038564	0.43848154	0.45998660	0.40708604	0.40871794	0.38292546	0.37419109	0.69318411	0.41417268	0.52067417	0.38532692	0.41462906	0.41643768	0.42158449	0.45027973	0.36856890	0.43553927	0.45043684	0.36397570	0.53085375	0.40548550	0.42678645	0.45612792	0.46966719	0.39051721	0.50572546	0.44544914	0.48046663	0.39036605	0.65723867	0.38639356	0.46656044	0.39807285	0.37582396	0.45820814	0.43498935	0.38099332	0.42786392	0.39563490	0.40999582	0.46857711	0.45491414	0.36919383	0.51550739	0.43339375	0.46796858	0.36523909	0.43677536	0.50543622	0.51146467	0.44003236	0.39847660	0.41689888	0.62243970	0.50041446	0.40063084	0.45661078	0.40438398	0.51916093	0.38095121	0.39964358	0.41462904	0.35655578	0.43821218	0.38020790	0.48463748	0.46170801	0.39842465	0.41836859	0.40523409	0.50861966	0.38792568	0.42211914	0.45363979	0.47237537	0.38543852	0.48998414	0.36255451	0.61775523	0.38546807	0.61295672	0.38514730	0.44406432	0.60900324	0.46272491	0.33879077	0.45936201	0.43547762	0.53125385	0.44537091	0.43301763	0.37565614	0.41126204	0.57578023	0.42483401	0.55961666	0.46044721	0.42277023	0.37732769	0.33560933
02_38	0.59701895	0.70068914	0.61646477	0.44614189	0.60627118	0.60823339	0.61760838	0.48937536	0.61375252	0.61412720	0.53717519	0.57952727	0.53427085	0.56706287	0.65939294	0.58923428	0.61753649	0.53883357	0.57127512	0.55848320	0.47072966	0.60980630	0.56542164	0.50978399	0.58869696	0.54266184	0.60154809	0.57815287	0.51218977	0.58361511	0.48530738	0.48402446	0.54017517	0.56948637	0.58258989	0.45203077	0.49611568	0.58466640	0.66336865	0.60108162	0.50317295	0.53371809	0.51814991	0.50334397	0.56240315	0.43790221	0.57707201	0.50874582	0.60249685	0.45915166	0.51087877	0.66044267	0.53603746	0.45068221	0.65787104	0.48196559	0.50079889	0.42858048	0.51272091	0.63975569	0.48817620	0.55440718	0.48070665	0.63610051	0.46963273	0.48547756	0.50834862	0.51139243	0.43983809	0.47951594	0.57713026	0.56931754	0.62836565	0.47304514	0.52603972	0.53412365	0.55051270	0.45998239	0.56777989	0.53008427	0.58305934	0.47921768	0.47947659	0.56212800	0.55421333	0.66428304	0.53521178	0.49583484	0.61697636	0.45798928	0.43914751	0.46540266	0.55222099	0.46731402	0.51409496	0.51454859	0.46138198	0.55532251	0.45530925	0.46983120	0.38386433	0.48238044	0.58989808	0.51693510	0.51778783	0.55679833	0.56173347	0.48573374	0.54978119	0.53628963	0.46741925	0.49883455	0.47248705	0.44655335	0.60209174	0.54323896	0.41204051	0.58096932	0.52083162	0.46077328	0.48294434	0.52853010	0.43247750	0.46985315	0.64501857	0.48447374	0.48299633	0.62011584	0.39766420	0.42261097	0.47163775	0.55654830	0.59312311	0.44785210	0.51156470	0.53051226	0.38984199	0.50453124	0.43084075	0.40550457	0.38178215	0.56703275	0.42440757	0.46816633	0.48042370	0.52885889	0.43875793	0.48712702	0.44869188	0.48106366	0.61463149	0.45485078	0.50570696	0.46584961	0.63112058	0.47765379	0.46477171	0.48157568	0.54812142	0.58858917	0.40239355	0.41711611	0.64212457	0.49243918	0.40857449	0.51785151	0.51964426	0.50016596	0.55970169	0.57212880	0.47436642	0.38932687	0.61527613	0.53353410	0.46102186	0.46054580	0.40035177	0.41342780	0.48374693	0.40518383	0.42240728	0.53769161	0.49946991	0.61061167	0.47363521	0.44793710	0.48579462	0.54167046	0.45868724	0.47620781	0.52946956	0.40685346	0.40935856	0.45266975	0.56432304	0.41764778	0.53419838	0.44942243	0.45472011	0.42355534	0.47813773	0.48653644	0.59814467	0.43629840	0.47058681	0.38734889	0.42633680	0.60490498	0.45943398	0.56142773	0.47642489	0.39937672	0.47737796	0.59059956	0.44631542	0.41446146	0.51316664	0.45970142	0.42244569	0.49038416	0.43111798	0.55562839	0.44655291	0.39041847	0.42423052	0.53030858	0.47859830	0.55293391	0.43369101	0.64275909	0.50055534	0.63543343	0.38996093	0.45213701	0.53811948	0.43847145	0.43715081	0.41626383	0.46793067	0.49387264	0.48033531	0.49839163	0.42288467	0.57615586	0.45634589	0.49096407	0.37808208	0.45397517	0.41264688	0.50668612	0.56059022	0.46804627	0.46401562	0.53826048	0.59804786	0.55632175	0.45614897	0.43073721	0.59283259	0.42567738	0.39120000	0.40378490	0.41703184	0.59057246	0.39789513	0.41528233	0.55313681	0.45988639	0.44436213	0.52338329	0.52572756	0.43754665	0.55633187	0.49572153	0.61575107	0.52911058	0.52762673	0.42589745	0.48550478	0.48875913	0.63921942	0.46821883	0.46863205	0.54616635	0.55004601	0.37930513	0.45691231	0.40352239	0.44535123	0.46634568	0.48417264	0.39755772	0.37921848	0.50337184	0.45032826	0.49905370	0.46136117	0.44066991	0.44647501	0.37065840
02_144	0.41911179	0.46875230	0.41070856	0.39856956	0.38541603	0.40564021	0.45512417	0.39392572	0.40650211	0.44745447	0.45172008	0.47372470	0.41279281	0.43388697	0.41749944	0.41380871	0.44000191	0.42641425	0.39684577	0.45360864	0.39471058	0.40692389	0.43467875	0.41776894	0.38769726	0.39182616	0.39265118	0.47117781	0.43384718	0.41519402	0.42934861	0.44126526	0.40744876	0.39692144	0.43094870	0.44871599	0.40403030	0.39882407	0.42030368	0.38834979	0.45808023	0.41022358	0.40575826	0.43849819	0.47966234	0.40430395	0.53114705	0.49813420	0.49777545	0.44641852	0.42886067	0.46760525	0.48553627	0.51624565	0.48293526	0.41116540	0.37292124	0.41857392	0.36687029	0.42131089	0.40688758	0.44417094	0.40636031	0.42314626	0.61120170	0.56029464	0.38879119	0.41992208	0.46166648	0.45754434	0.43691756	0.43214364	0.46983956	0.49276426	0.49837359	0.41684008	0.57027196	0.40975519	0.40637387	0.42918162	0.41951043	0.56210111	0.46950390	0.49701488	0.42950643	0.41426410	0.42201118	0.40849459	0.45954325	0.58629172	0.47399772	0.52662489	0.39927026	0.40232133	0.38587377	0.60517151	0.41912900	0.46888106	0.44610469	0.53769681	0.49511531	0.47506438	0.42594029	0.63232715	0.59896372	0.42842813	0.38547799	0.39507120	0.51366378	0.40679444	0.36363042	0.48230782	0.45713558	0.50920323	0.43616194	0.48055521	0.49574179	0.37662076	0.41256979	0.39932500	0.38756401	0.46585211	0.41752418	0.49238817	0.48919977	0.50303807	0.65915369	0.42999606	0.41309436	0.53960596	0.74136651	0.41801984	0.46138242	0.55372260	0.55065018	0.44715704	0.44965754	0.43171339	0.51391123	0.42295286	0.43288387	0.37574350	0.61232826	0.36961026	0.57144282	0.48795330	0.56421974	0.43080664	0.74422858	0.48290732	0.46379646	0.56246336	0.48169640	0.50580043	0.48752840	0.63306145	0.63874900	0.54965195	0.54236829	0.48506110	0.49483125	0.42793861	0.44214503	0.74294769	0.45057597	0.46999957	0.45215330	0.46852413	0.52354640	0.46562100	0.41365837	0.50843929	0.39682797	0.42959534	0.50194143	0.61340870	0.39811361	0.43174494	0.40932748	0.46110624	0.50168095	0.39197415	0.47065735	0.42582554	0.56602108	0.47522260	0.57491239	0.60875900	0.56015511	0.48443223	0.56075911	0.42461470	0.46512478	0.39254984	0.43866215	0.46442207	0.39743060	0.39828740	0.44566535	0.41705029	0.41815241	0.43304578	0.46236667	0.47573648	0.53273887	0.48457271	0.42054106	0.46453237	0.45577685	0.41315608	0.47562975	0.40371195	0.43794881	0.40438480	0.49791988	0.44371454	0.45946090	0.35861984	0.48357900	0.46299125	0.56347701	0.37821638	0.41902138	0.46188707	0.45668125	0.47405505	0.52761402	0.42051456	0.43057056	0.44430034	0.45138821	0.39317341	0.50607195	0.46497294	0.53211545	0.44814267	0.54523313	0.42259421	0.38760598	0.39210836	0.60525940	0.54389736	0.42327376	0.42737995	0.41028243	0.45892216	0.47331394	0.62938165	0.44011936	0.47996759	0.40940903	0.51907311	0.57916596	0.56972636	0.44364756	0.41470820	0.48913680	0.48100358	0.50481253	0.42372232	0.49902853	0.45925454	0.46123382	0.39157349	0.39375442	0.46414983	0.45775558	0.40470269	0.40943607	0.45404863	0.46617812	0.45066982	0.37772149	0.53560742	0.39503040	0.39576834	0.44739050	0.42715456	0.49483765	0.38156319	0.45709354	0.45536903	0.50012972	0.54188439	0.44343709	0.41351488	0.63075666	0.47896221	0.39044385	0.39388575	0.54039375	0.38401272	0.51323213	0.48219346	0.40055435	0.48891792	0.49740080	0.57296441	0.37978297	0.39757786
02_94	0.48517324	0.49190657	0.48638289	0.45259488	0.49475860	0.43393508	0.45621721	0.43969318	0.57089400	0.52774092	0.49019840	0.47189339	0.45494760	0.48046553	0.54053348	0.59901965	0.43781994	0.68150809	0.55200730	0.41855414	0.45872185	0.57408428	0.45659634	0.45098204	0.50118443	0.53596049	0.47103341	0.43305486	0.54822178	0.47054276	0.45577687	0.50892880	0.63895512	0.46940933	0.45032462	0.43155559	0.45878960	0.59229818	0.44636795	0.49572389	0.42597700	0.46295669	0.64903403	0.49316004	0.43522040	0.45096512	0.49241408	0.42024952	0.53083693	0.46874575	0.62023074	0.50302713	0.50177030	0.50991886	0.49911437	0.46251510	0.54322704	0.39194078	0.49338310	0.54834150	0.39741881	0.52678826	0.49025090	0.56594465	0.45737015	0.41678000	0.43354136	0.59316082	0.53061775	0.55255070	0.62714407	0.50213290	0.58143157	0.46442278	0.41633530	0.44485391	0.50265223	0.41163463	0.60130767	0.67333173	0.55675164	0.52733677	0.48141510	0.57947623	0.40475995	0.46046129	0.61728012	0.66789958	0.62138842	0.50777088	0.44664990	0.55949790	0.55856587	0.44229846	0.46243452	0.51318046	0.51019257	0.52442634	0.54677512	0.49503702	0.49603163	0.43260601	0.52685181	0.47138063	0.46233548	0.68282384	0.41017336	0.45148091	0.58211938	0.43734606	0.47841655	0.62096428	0.46024003	0.45286383	0.61379109	0.67702220	0.43365485	0.47384141	0.50868754	0.51608177	0.61775684	0.52138619	0.54023865	0.42160059	0.53879676	0.46875003	0.50466078	0.59336560	0.52003702	0.52085868	0.48684615	0.42234668	0.52273276	0.60400219	0.55101182	0.79449070	0.44559966	0.48976898	0.53158187	0.48686113	0.44216220	0.50762785	0.48796809	0.46668845	0.52288419	0.53719775	0.46280668	0.54198789	0.47038551	0.51981244	0.43451888	0.53959208	0.64458598	0.57348787	0.66021252	0.45269669	0.52519916	0.62195884	0.64557077	0.61557046	0.50435892	0.41204797	0.58608870	0.51876511	0.60296646	0.41547683	0.43527596	0.53765974	0.57552094	0.51792568	0.63353537	0.50463637	0.49495102	0.61354727	0.66971645	0.53869477	0.49326274	0.55640179	0.64366839	0.58780786	0.37636923	0.48008409	0.55764181	0.46031160	0.55140653	0.40489673	0.51072540	0.63191894	0.63149001	0.45543541	0.53180529	0.43464843	0.58560945	0.49015831	0.41085850	0.53537645	0.63562923	0.44576586	0.54075847	0.60331416	0.49014008	0.59476694	0.54190007	0.58237231	0.50638271	0.44515607	0.48408179	0.60639657	0.54829874	0.42912629	0.46719907	0.42130027	0.49771420	0.47695778	0.56653589	0.48149986	0.44848694	0.40429175	0.44968656	0.63972113	0.54952166	0.49316686	0.42875523	0.45691048	0.42085873	0.70303673	0.40309370	0.45648221	0.47866593	0.46433584	0.45399489	0.51827122	0.45640529	0.44373320	0.60089351	0.39247951	0.47442616	0.62195993	0.49062031	0.51283060	0.57564070	0.59533415	0.44091867	0.60686152	0.62412424	0.72885153	0.48867957	0.55199980	0.46777504	0.42555710	0.49318910	0.48942237	0.51992685	0.47865309	0.62409602	0.46119838	0.65387347	0.58015405	0.53079771	0.48399966	0.51651029	0.58976874	0.43450299	0.52280962	0.48920277	0.47305835	0.61690995	0.49003312	0.57080949	0.48458741	0.66489388	0.50975299	0.46421511	0.63699639	0.53759478	0.42995191	0.60335675	0.45130537	0.48716360	0.46542127	0.54747113	0.44725798	0.56151256	0.50169212	0.54590665	0.41525488	0.47121583	0.47184202	0.45878361	0.60727606	0.53962571	0.48118244	0.41123484	0.58024379	0.57030531	0.48707667	0.57914577	0.51036094	0.42644504	0.40788046
02_193	0.63840731	0.58390794	0.59400954	0.52142974	0.47773558	0.41569248	0.43808027	0.58074975	0.48210423	0.65947393	0.68995869	0.64712272	0.65277917	0.70335700	0.53884865	0.47346239	0.44386572	0.46278645	0.49458474	0.48098520	0.54430587	0.47920905	0.69141928	0.64956316	0.50280013	0.46212088	0.53349268	0.47449611	0.51112513	0.64349289	0.40691987	0.59511178	0.47234815	0.42559682	0.42627912	0.43039535	0.38550437	0.47122213	0.45054088	0.48315615	0.46577070	0.40131788	0.44464476	0.60255862	0.55362067	0.51656172	0.64079576	0.47547078	0.60836019	0.50240496	0.46057543	0.46471296	0.78959991	0.49836297	0.62427219	0.39231820	0.43093566	0.42269776	0.43995781	0.52214379	0.45301025	0.66898882	0.52485765	0.51283138	0.45396175	0.48943619	0.41367412	0.42623223	0.51788835	0.56792318	0.48507467	0.41017808	0.57833949	0.43408216	0.50079914	0.64391078	0.52288872	0.42535428	0.44179078	0.46507097	0.53487860	0.62733712	0.64309937	0.57585435	0.47948942	0.51488419	0.50795723	0.43568621	0.61861707	0.61303611	0.42112374	0.58287826	0.48612012	0.48215689	0.42530247	0.47188563	0.52711366	0.49854514	0.51924860	0.40762647	0.45347919	0.60661109	0.51313877	0.56226260	0.46017181	0.50280721	0.40117221	0.54652616	0.62492926	0.65601669	0.42543132	0.45873965	0.44126552	0.38376327	0.48911364	0.49768941	0.39729991	0.46958667	0.47037867	0.45380055	0.41868779	0.62592365	0.43337892	0.46530048	0.47859339	0.68431096	0.56583655	0.51073697	0.39454804	0.44153568	0.55268549	0.40923675	0.72694975	0.49141155	0.43137272	0.47371969	0.35423175	0.39297396	0.53669305	0.42733289	0.45159826	0.46403231	0.54189633	0.46314634	0.68466655	0.70288188	0.56365555	0.54766042	0.44235038	0.41754872	0.47462386	0.58067526	0.48206370	0.46387944	0.59299750	0.44316450	0.43382330	0.48941699	0.48084116	0.58554269	0.47770143	0.39990136	0.47521364	0.54670530	0.39759104	0.44751046	0.63961111	0.60258504	0.68359421	0.42554303	0.45593042	0.46404401	0.48320057	0.53461273	0.44554111	0.55952377	0.39158500	0.40186923	0.44934068	0.41787653	0.44002988	0.54313687	0.46784409	0.44241142	0.62756476	0.40719327	0.44522023	0.52504851	0.53769303	0.41618261	0.72721917	0.36428094	0.42390136	0.42895520	0.50435784	0.48814120	0.44956606	0.53137592	0.44839986	0.40506216	0.52398515	0.45245477	0.66753677	0.47153437	0.54266507	0.42585677	0.46702652	0.44799343	0.53840675	0.41510849	0.64085152	0.35981995	0.45455208	0.54300530	0.43121042	0.49708442	0.52675907	0.36766042	0.53908266	0.42827592	0.53641775	0.46666162	0.38803396	0.35557150	0.45071907	0.47136958	0.48251073	0.43829804	0.43703902	0.43732678	0.64250529	0.48728058	0.41998690	0.53702108	0.66430221	0.39158387	0.58062427	0.39670616	0.46577376	0.45965316	0.54044126	0.51561592	0.48225899	0.47119816	0.43205401	0.45777110	0.44259572	0.51105175	0.35844503	0.46911539	0.47706469	0.58527296	0.60872618	0.46414400	0.49646956	0.63299136	0.44058769	0.48243130	0.49782328	0.43837975	0.42338847	0.40769943	0.52439829	0.50956006	0.38740174	0.36864490	0.58310390	0.43832821	0.41824973	0.59569192	0.46210265	0.49520519	0.46484412	0.54895976	0.48006259	0.60597710	0.46238613	0.50015353	0.39732042	0.51640959	0.47860096	0.53441543	0.46311270	0.46233923	0.48479682	0.44311894	0.47548911	0.40153071	0.36234597	0.43301747	0.57891572	0.38606760	0.38912956	0.42190953	0.44357047	0.41211867	0.44497881	0.49968526	0.47212325	0.41964891
02_237	0.48918041	0.47649015	0.50252262	0.47312276	0.55150165	0.45941721	0.45515137	0.45462109	0.59826033	0.48777973	0.44058976	0.43555569	0.45606275	0.45953826	0.54605347	0.72094773	0.43948064	0.72108460	0.65944319	0.41372889	0.47450813	0.58402028	0.44438721	0.45186612	0.57884246	0.67198229	0.50702897	0.41568414	0.56491880	0.47482358	0.49301274	0.49086398	0.68691542	0.54849769	0.47784397	0.42630852	0.51337901	0.67415733	0.47072280	0.55047454	0.41426781	0.50017348	0.74629583	0.48824153	0.41479264	0.47024561	0.46109069	0.38667879	0.50213070	0.47445382	0.72569597	0.49514262	0.44710661	0.46686642	0.46117738	0.49823291	0.73075257	0.40669635	0.63627667	0.55773280	0.41521172	0.50183046	0.53578180	0.54289926	0.41392107	0.39160540	0.49508301	0.72457251	0.50619433	0.51040274	0.55092771	0.50528027	0.60225120	0.44995030	0.39686959	0.44891566	0.48525008	0.44046298	0.70081364	0.78559827	0.62640312	0.42885725	0.46467821	0.54066206	0.41673752	0.49808333	0.70227992	0.73565116	0.57516124	0.42561400	0.41843321	0.45939457	0.70182959	0.46363082	0.56140353	0.46861225	0.48278646	0.53523631	0.47978688	0.45730260	0.43268284	0.42101756	0.55264788	0.41655465	0.41441260	0.68849624	0.45112582	0.48361981	0.47085845	0.43743576	0.61947098	0.52577191	0.43169754	0.43406536	0.56263755	0.61541177	0.43129793	0.52873427	0.57372234	0.62245119	0.63947803	0.44381828	0.60958913	0.41842802	0.49458896	0.43414711	0.42220268	0.54068869	0.55342013	0.46127346	0.42137556	0.45026664	0.50701390	0.51251281	0.48227242	0.64782360	0.44235002	0.50113043	0.46878936	0.51837833	0.43609653	0.62654076	0.40357363	0.55560728	0.44624084	0.46057607	0.41719671	0.54647815	0.40722187	0.54224280	0.43087125	0.43995709	0.61348817	0.51315605	0.59351187	0.41263520	0.46387177	0.49021545	0.55013680	0.50132064	0.45922161	0.43312909	0.53245410	0.43009690	0.54035294	0.42474215	0.43170363	0.53446803	0.49489014	0.48076961	0.65880883	0.43534582	0.54865590	0.58307920	0.54273532	0.45208480	0.55374405	0.57267997	0.61557982	0.53291032	0.36466584	0.53862027	0.52487988	0.49519727	0.45046460	0.41093917	0.48727528	0.49610380	0.49448526	0.45618663	0.44638636	0.46843941	0.54045685	0.58916893	0.41832276	0.47051539	0.79385410	0.46917707	0.57477981	0.63563420	0.48720639	0.68431867	0.47424170	0.55901598	0.46230975	0.42536477	0.52142457	0.55251230	0.47638352	0.46826337	0.45262632	0.46689852	0.51224933	0.51385974	0.47520537	0.47185725	0.45949886	0.47786640	0.42946636	0.63656846	0.44906261	0.60057220	0.47545848	0.44020183	0.43264494	0.58061631	0.38631225	0.50820273	0.52060426	0.47768026	0.44803277	0.55856224	0.42645754	0.43403972	0.48255631	0.40204096	0.42569421	0.59701351	0.58111301	0.64547407	0.47250018	0.50139468	0.45795044	0.53700269	0.71062444	0.69448057	0.43457634	0.44238964	0.46766931	0.38671620	0.54033705	0.46305803	0.42173009	0.42410522	0.58888581	0.47239808	0.54590220	0.52260582	0.51982606	0.52085325	0.45568196	0.52401035	0.42066580	0.60858687	0.55337138	0.46941679	0.53545447	0.55712243	0.65447350	0.48259677	0.55491729	0.51050730	0.51742449	0.51732914	0.57011888	0.43622228	0.52618888	0.46009396	0.45712116	0.51460160	0.49889627	0.44237820	0.48515936	0.44371400	0.54248723	0.41657361	0.40903666	0.43476375	0.48480799	0.60265419	0.44037090	0.54631500	0.37332629	0.52332998	0.56001019	0.45824192	0.48150117	0.44475193	0.45797061	0.41530773
02_75	0.51610633	0.52789566	0.50759136	0.43490393	0.47375402	0.42211489	0.45585471	0.44775604	0.52695778	0.59739534	0.57629677	0.53885002	0.48593446	0.53729232	0.54668995	0.50195193	0.44324323	0.53513740	0.48318384	0.43688394	0.44700052	0.53385831	0.51007753	0.47893666	0.46994071	0.46567676	0.47690873	0.45845870	0.48717506	0.50440889	0.40738538	0.50587069	0.51329331	0.41937323	0.42743507	0.41258604	0.40071350	0.50620962	0.44159024	0.47727589	0.43262666	0.41483120	0.49960114	0.49221026	0.47870970	0.43361385	0.54333414	0.46155668	0.54868504	0.44496664	0.50416513	0.49140026	0.60818898	0.49071576	0.56307820	0.40389598	0.44157252	0.37944636	0.42881469	0.54629308	0.39353584	0.55051191	0.45459906	0.56898853	0.47419225	0.45655264	0.39245998	0.46337840	0.49278331	0.53089885	0.60333543	0.45566169	0.54834324	0.43845429	0.45099681	0.48202422	0.51647536	0.38696739	0.48310050	0.52257056	0.51099921	0.70772690	0.50972392	0.61293594	0.42005619	0.46285173	0.50985659	0.49777905	0.61569647	0.63787306	0.42804618	0.62185684	0.47867870	0.41909675	0.40471209	0.53449284	0.48686131	0.48050491	0.52556958	0.46169611	0.48048789	0.47816019	0.52189942	0.54642234	0.49846600	0.54745176	0.39228033	0.44162965	0.77553794	0.47714084	0.40978685	0.60406668	0.44521695	0.43486803	0.59316189	0.60258368	0.40437859	0.45850783	0.47249462	0.43962868	0.47802603	0.62747337	0.44631227	0.42451669	0.53455965	0.54320907	0.61110223	0.59688098	0.42831213	0.48052324	0.56584773	0.41045637	0.56775050	0.57129425	0.53875603	0.58535487	0.39005096	0.42777658	0.52958319	0.42899259	0.42146422	0.45251755	0.60492202	0.41573176	0.63541049	0.63450256	0.52578827	0.49401660	0.50918531	0.45083030	0.45047956	0.64394135	0.56022860	0.55867046	0.66475829	0.47833253	0.51019467	0.68197104	0.58076596	0.74189681	0.48436240	0.38117346	0.56857673	0.61401898	0.48222713	0.42373868	0.47680833	0.52175237	0.70467580	0.50503491	0.48894821	0.49327825	0.47763799	0.54059172	0.58118895	0.63044265	0.41306609	0.45244618	0.50161915	0.48093108	0.40295730	0.45647977	0.54980342	0.43134743	0.66962933	0.40426008	0.47626621	0.73671193	0.63687468	0.44665576	0.68396913	0.38257969	0.48044544	0.42742673	0.42906479	0.49926653	0.49098048	0.43158245	0.47574181	0.45749710	0.46372153	0.48803179	0.64030498	0.49708774	0.55691002	0.42110073	0.43567286	0.54346558	0.53585360	0.41100964	0.49869753	0.36980579	0.48026987	0.48141148	0.56393245	0.45300368	0.44389245	0.35836026	0.47182484	0.48753943	0.58430780	0.44673318	0.38387297	0.39879208	0.40699389	0.61763397	0.43508236	0.43414591	0.43328417	0.44934192	0.49370030	0.49689241	0.42726684	0.47779978	0.76134466	0.39198647	0.53193578	0.46530041	0.42586469	0.44172720	0.59142799	0.64067313	0.41748728	0.58194084	0.46937614	0.53680059	0.45933165	0.65308487	0.39871492	0.46194594	0.47344616	0.51020486	0.67408291	0.50997847	0.58029236	0.48378808	0.55433253	0.50606034	0.52687684	0.43523303	0.46255907	0.48507390	0.45179520	0.47429936	0.40645008	0.41014603	0.59878447	0.43752623	0.45004320	0.50786570	0.59284864	0.46345034	0.44471944	0.61988351	0.50028590	0.45635025	0.57200654	0.43601970	0.45391687	0.43350156	0.53754698	0.46580700	0.56473751	0.52019531	0.52157125	0.39948875	0.51452036	0.42628805	0.38838602	0.47513444	0.64982742	0.40057293	0.40527022	0.50247287	0.47188163	0.46810792	0.56360846	0.51558940	0.39989727	0.38403148
02_205	0.39810313	0.41044937	0.38908549	0.45033884	0.37343794	0.35937289	0.38547043	0.40286054	0.40131489	0.41513396	0.41733730	0.41447147	0.39846562	0.40554837	0.39578397	0.43792783	0.37496700	0.46491613	0.42589206	0.38655245	0.43244753	0.40001898	0.39553714	0.40857366	0.39154605	0.41479801	0.37387842	0.38860927	0.50210422	0.39175230	0.44440165	0.48759833	0.45854995	0.39899399	0.39281698	0.45788570	0.41281506	0.41790699	0.37052058	0.37513908	0.41605308	0.40537349	0.46067652	0.46734642	0.40119731	0.45957646	0.45616003	0.39692830	0.47034484	0.50483929	0.47630225	0.41327085	0.43756380	0.60357178	0.41719127	0.43516940	0.42598378	0.42029174	0.39586539	0.39925487	0.38704202	0.44930233	0.45948075	0.40111348	0.48359027	0.41908574	0.39893966	0.48302927	0.59289395	0.53432176	0.42301503	0.40745735	0.47261171	0.48939313	0.39943130	0.38878205	0.47365868	0.42035827	0.43972776	0.47840545	0.43597076	0.48191307	0.47128544	0.45983324	0.36997854	0.37834129	0.48869182	0.47883595	0.46477920	0.49900701	0.48417118	0.55045180	0.43505171	0.44013494	0.41421705	0.46637826	0.48755908	0.48961837	0.52671374	0.49218034	0.70424656	0.41794960	0.40255705	0.46134969	0.43600571	0.48123597	0.35086460	0.41828053	0.45926962	0.38020570	0.41177549	0.45479163	0.45791550	0.43135060	0.41437028	0.48149022	0.50935549	0.36367300	0.41125923	0.47548519	0.44879340	0.43172388	0.53403759	0.44467535	0.43132450	0.44373002	0.50194254	0.40960063	0.53951835	0.70119780	0.51031872	0.36526196	0.43540232	0.63834839	0.45979896	0.49363822	0.50192574	0.43508438	0.63699119	0.52603172	0.54221854	0.38926169	0.50265054	0.42145097	0.50838416	0.46363026	0.48634876	0.51197565	0.48505475	0.50646485	0.38538113	0.53781358	0.50144834	0.48553125	0.46610652	0.45169910	0.53075474	0.49496446	0.53105354	0.44550802	0.65654650	0.45993715	0.41037353	0.51812200	0.56818615	0.38884132	0.40328777	0.51314446	0.47274936	0.40571205	0.52764675	0.71383147	0.37718025	0.48713888	0.53137623	0.52576565	0.48940190	0.54235751	0.49484212	0.67778882	0.39437074	0.41056821	0.43963936	0.39948840	0.53482258	0.39966325	0.53622206	0.49761778	0.65271607	0.41336706	0.47613857	0.45567473	0.67557004	0.43613119	0.37794782	0.63652146	0.44843745	0.44123676	0.49017567	0.55800805	0.47467331	0.48687563	0.42434851	0.64964914	0.46970818	0.60824647	0.51191829	0.43632083	0.53217077	0.36955322	0.46080151	0.43934539	0.41886420	0.38317247	0.46097890	0.56440320	0.44770145	0.37152679	0.48266154	0.55812196	0.63816075	0.38714273	0.43395472	0.51654299	0.47421515	0.46667619	0.40633085	0.38864953	0.47066495	0.38770488	0.41603454	0.37771776	0.65428765	0.42374772	0.49401361	0.37917484	0.49722560	0.56419774	0.45869264	0.43607483	0.62106163	0.48521060	0.48860680	0.40827551	0.53521055	0.53743524	0.71268263	0.51604655	0.48495166	0.39544139	0.38887713	0.50538700	0.49055944	0.43370382	0.42635570	0.39453310	0.52498581	0.69177329	0.43574687	0.47559332	0.81312774	0.62143802	0.45891118	0.40566583	0.48929403	0.49308415	0.48055203	0.42987337	0.50038593	0.42429742	0.45513726	0.55669440	0.36460515	0.56689715	0.38652787	0.37322720	0.42618125	0.46984730	0.43574700	0.42004382	0.41411318	0.42196556	0.46055095	0.43466610	0.41904601	0.47442409	0.47003857	0.57042560	0.42460861	0.48309394	0.47707084	0.47095198	0.49407645	0.47199670	0.50325698	0.41885166	0.46872248	0.57574142	0.42434105	0.46838773
02_104	0.64067907	0.53641976	0.68541410	0.51624359	0.67226312	0.47887763	0.45694554	0.56298358	0.58660869	0.55199483	0.48597615	0.48450842	0.58332736	0.55632782	0.62494290	0.60826670	0.45718324	0.53742041	0.66694537	0.44884130	0.52784445	0.56166681	0.55883992	0.56789309	0.77746381	0.67581374	0.72576535	0.43452471	0.51748946	0.63385228	0.44483692	0.50942559	0.53696535	0.53503124	0.47566197	0.40358589	0.44620275	0.59509807	0.51555231	0.68751116	0.42032275	0.44972270	0.52421317	0.52972614	0.45995061	0.51005021	0.50656339	0.39608302	0.52304477	0.47192989	0.56605982	0.47816789	0.49934866	0.42733327	0.50688437	0.42814926	0.57507593	0.41796069	0.67110245	0.62066638	0.45608668	0.55552311	0.58513524	0.55174680	0.39142667	0.41399365	0.49166373	0.50639652	0.47002760	0.48590324	0.49443268	0.44120774	0.63439002	0.40998746	0.42749031	0.60707663	0.50063717	0.44650762	0.52943353	0.56018336	0.71124037	0.42873862	0.52729507	0.57262485	0.48974352	0.66296548	0.59304175	0.49850968	0.58321849	0.43142172	0.37890723	0.43361526	0.68664493	0.47894127	0.54706171	0.44965261	0.46167200	0.50117745	0.43519915	0.39250795	0.38485876	0.50628621	0.64739934	0.42700667	0.40045354	0.54948371	0.48478074	0.59008415	0.46678617	0.58211757	0.60631154	0.45905057	0.39694396	0.39014778	0.52425584	0.53229454	0.39201743	0.66927248	0.64198712	0.56802919	0.46518675	0.45472290	0.49676286	0.43164680	0.45922975	0.50216117	0.41426258	0.52221725	0.43622283	0.39288537	0.42210210	0.47390986	0.63182362	0.44559950	0.42041931	0.48947594	0.36332379	0.41854274	0.43867258	0.46621320	0.42239291	0.73782914	0.39808452	0.60141347	0.46351002	0.47733896	0.43921893	0.52949873	0.37985541	0.45272923	0.46405020	0.42249709	0.52535364	0.46461235	0.59547599	0.39683502	0.40628667	0.43934426	0.45742833	0.48823894	0.41985884	0.41112288	0.48672429	0.41359146	0.40789215	0.46757041	0.54968929	0.56905932	0.51902325	0.43261441	0.48800903	0.38881774	0.69116678	0.52060528	0.43755643	0.44456017	0.45668599	0.44109194	0.46564049	0.41384781	0.39378185	0.72568681	0.49845513	0.49907399	0.44026042	0.42374451	0.43380409	0.45378326	0.43634417	0.44879193	0.46409038	0.40498222	0.42393420	0.56617572	0.49380086	0.41499415	0.55253544	0.53425891	0.51606433	0.44643111	0.48173118	0.55334823	0.50776770	0.47009683	0.48575517	0.38838058	0.50772235	0.46545801	0.43830715	0.50150248	0.52680021	0.41168915	0.52950095	0.77568718	0.41663137	0.45587250	0.50448633	0.45928411	0.46377433	0.45546040	0.41327627	0.78504889	0.44130402	0.35768470	0.44347022	0.48461303	0.41852389	0.55798129	0.50641021	0.47991696	0.56972839	0.64877812	0.37932277	0.50443039	0.47544602	0.41731632	0.44846829	0.42182302	0.57259677	0.65899106	0.42766760	0.47498719	0.47449537	0.48675736	0.48718936	0.50136270	0.38411627	0.41539962	0.37420866	0.38914542	0.65057875	0.49703113	0.41998610	0.40556329	0.55274593	0.65626638	0.44096480	0.44512921	0.53362425	0.50125441	0.38232908	0.40475147	0.46269384	0.76031376	0.45286738	0.38531020	0.50655210	0.56128968	0.49264194	0.59875176	0.46910047	0.48503396	0.66433936	0.46654064	0.60351335	0.58549124	0.47180201	0.49441848	0.40023803	0.60030180	0.46831468	0.51548186	0.44703858	0.41860812	0.55132805	0.42426287	0.39677477	0.37171515	0.39352604	0.45541329	0.43369994	0.45499157	0.34150392	0.42908545	0.44877720	0.41974237	0.42292080	0.41646424	0.48966942	0.41361286
02_151	0.38945753	0.39171764	0.39278784	0.39141928	0.41112806	0.37526601	0.39087930	0.36673565	0.45264133	0.40671851	0.38538782	0.37624039	0.37199840	0.38269914	0.42494415	0.48278610	0.37091539	0.54670260	0.44457465	0.35401381	0.38202405	0.45105577	0.37136266	0.37449870	0.41352441	0.46195923	0.38946976	0.36310512	0.44440446	0.38081882	0.41426409	0.41759435	0.48656327	0.40500916	0.39172525	0.37978555	0.41843050	0.46641676	0.37860078	0.41424452	0.36154359	0.40315312	0.52515739	0.40418250	0.36132086	0.39724306	0.40632214	0.35532122	0.42085975	0.40945591	0.56180712	0.41439819	0.40133009	0.44950792	0.39157640	0.41286720	0.46306648	0.35673562	0.42948973	0.43904984	0.34402022	0.41127763	0.42055397	0.43791089	0.41291476	0.37218107	0.38097959	0.52358376	0.47401185	0.44787865	0.47785690	0.42661541	0.46215377	0.41336507	0.35605556	0.37223705	0.45194038	0.36758639	0.47953853	0.56513817	0.45336474	0.43595110	0.41624760	0.49232711	0.34979028	0.38601089	0.48952195	0.55136133	0.45742098	0.44505326	0.39386793	0.45872003	0.46314141	0.37593641	0.40629405	0.48720992	0.41214895	0.43339052	0.43881866	0.46679731	0.49322531	0.38255738	0.44775181	0.40234432	0.40530921	0.50032091	0.36132583	0.38320178	0.44460305	0.35984768	0.43360633	0.56859743	0.38791333	0.46348638	0.47854168	0.57600076	0.43775782	0.39949424	0.46613790	0.47853635	0.49785267	0.40146765	0.55062133	0.38015776	0.42888998	0.40919490	0.43197965	0.44799354	0.61355875	0.49795995	0.44075861	0.38047503	0.41957985	0.60920746	0.51616046	0.55963406	0.48210273	0.43310481	0.48236928	0.51598131	0.43764810	0.42511730	0.45027551	0.40587572	0.44719460	0.41595495	0.43131004	0.44358777	0.45111508	0.51280994	0.36751758	0.45994285	0.61501623	0.59363452	0.49952946	0.42216146	0.52927186	0.57262727	0.52892998	0.45440519	0.50064468	0.39186132	0.44938195	0.44708113	0.93794655	0.38020736	0.37315717	0.45902465	0.45745503	0.44185568	0.51752664	0.49795965	0.41789154	0.45744549	0.70173941	0.50103149	0.56030429	0.69027268	0.49832201	0.69553678	0.35432126	0.39830438	0.53247247	0.39032936	0.45869229	0.39691379	0.48916697	0.52717793	0.54329481	0.45601316	0.42561205	0.46473843	0.69615450	0.48161715	0.35063169	0.47068781	0.50402577	0.38697640	0.56613785	0.67093933	0.40024684	0.58186722	0.40926274	0.58887631	0.47981779	0.44395744	0.46669926	0.48392550	0.43798484	0.38702285	0.41022088	0.44847287	0.48980389	0.40140158	0.59133374	0.44601122	0.38617768	0.37194485	0.42558954	0.57596771	0.49150837	0.42248672	0.41578464	0.49506765	0.40005754	0.58271181	0.36188461	0.41693996	0.49411826	0.39709627	0.39480068	0.42048117	0.45626940	0.41507700	0.45836010	0.38690771	0.44020215	0.73222873	0.43072933	0.46361392	0.48320104	0.54887808	0.40506700	0.46843388	0.56755102	0.67252962	0.48839655	0.51711386	0.48378205	0.35374197	0.43587511	0.44438570	0.43988694	0.40872766	0.49682169	0.38156399	0.70151274	0.54549925	0.46996017	0.50015269	0.53327578	0.73275726	0.40980530	0.42306751	0.55174734	0.51112772	0.45238992	0.48121055	0.58222872	0.42131515	0.55029315	0.47268379	0.39929427	0.52213441	0.43052831	0.35588081	0.50271905	0.41984179	0.45899813	0.38930069	0.42728903	0.40793491	0.54461299	0.42741549	0.47717018	0.40485432	0.43425648	0.45265616	0.41931395	0.48428523	0.44728311	0.52334757	0.39973297	0.52283116	0.47041069	0.45681023	0.55394412	0.47150893	0.36635509	0.40082021
02_155	0.40696484	0.40609979	0.40128170	0.44975326	0.39379662	0.36117478	0.38198599	0.40380640	0.42588753	0.42232082	0.41483030	0.40382223	0.40124262	0.40851487	0.41397487	0.46535257	0.36919986	0.50736606	0.44823103	0.37120497	0.43010951	0.42352364	0.39628205	0.41040623	0.41092075	0.44593516	0.38921417	0.37445709	0.49833619	0.39872435	0.43121174	0.48314891	0.48151278	0.40270189	0.38932100	0.42183253	0.41163199	0.44359588	0.37089848	0.39571278	0.39115537	0.39986419	0.49708373	0.45901457	0.38647739	0.46032932	0.44347880	0.37495817	0.45886004	0.47917572	0.52991763	0.40917802	0.43558137	0.54675671	0.40890412	0.42044537	0.45295572	0.39669564	0.42103980	0.42189898	0.37048304	0.44923544	0.46974436	0.42084225	0.44556542	0.39830368	0.39311739	0.50663049	0.59026188	0.52499052	0.44550195	0.40586092	0.48478673	0.45044557	0.37697667	0.39458431	0.47029111	0.39855752	0.45547655	0.52345779	0.46200409	0.47415425	0.47465316	0.49123384	0.36345800	0.38469750	0.51090803	0.51851837	0.47416526	0.49852343	0.43410665	0.53395073	0.46124337	0.42388738	0.41486362	0.47283416	0.47158568	0.46942052	0.50493983	0.46893734	0.65930981	0.41834598	0.42956529	0.43570825	0.41261140	0.50056174	0.35018787	0.42302712	0.45857981	0.38124381	0.43845216	0.49642915	0.42185105	0.43422456	0.43567502	0.52817251	0.47630332	0.38417187	0.44152647	0.51002892	0.47136515	0.42436144	0.59078218	0.41935884	0.42158542	0.44679052	0.47972293	0.42604948	0.62483933	0.60606959	0.48483966	0.36575916	0.44126705	0.71342839	0.46698688	0.51871867	0.48493650	0.42086013	0.60681638	0.57681925	0.54140055	0.40844567	0.49607640	0.43423312	0.49661443	0.45082369	0.48854969	0.50192906	0.46369585	0.51394057	0.37213349	0.53174292	0.54923729	0.53660474	0.48298446	0.43432979	0.51734058	0.52423813	0.53401657	0.44838178	0.66065381	0.43492449	0.41790718	0.48205106	0.64501817	0.38236697	0.40026079	0.51682342	0.48656495	0.41156452	0.54348102	0.64873634	0.39434239	0.48527208	0.59596137	0.52992380	0.54279184	0.62924524	0.50193405	0.82628090	0.37864957	0.41799865	0.48366027	0.38854724	0.52019239	0.39623091	0.50438414	0.49861642	0.62405517	0.42322912	0.45708178	0.46137628	0.75892114	0.47688495	0.36471050	0.57781830	0.46990226	0.43590387	0.54217015	0.62687321	0.45297440	0.52959215	0.41919329	0.67717592	0.48948909	0.55460245	0.52548408	0.43891984	0.49764558	0.36959999	0.45477428	0.44179880	0.44930285	0.39515649	0.49179529	0.53730833	0.42152773	0.36821658	0.47890405	0.55132898	0.57937141	0.40388509	0.42157991	0.48366517	0.45428417	0.49429441	0.38138190	0.40278044	0.49432685	0.37973567	0.41646437	0.39139555	0.54874128	0.44026257	0.47928554	0.38240178	0.48473165	0.60843676	0.46082827	0.45526975	0.54063610	0.50194215	0.46344132	0.41843106	0.57424412	0.56942831	0.60559326	0.50621318	0.45661571	0.36485630	0.40309599	0.48438650	0.46385119	0.40217027	0.43924081	0.39156044	0.54620597	0.62157920	0.43317539	0.49367790	0.61752713	0.77725206	0.44484197	0.41086293	0.52444559	0.46647752	0.46000815	0.44796622	0.51625050	0.42260625	0.46207026	0.51995130	0.37169301	0.52072741	0.39309017	0.36529068	0.42945816	0.45048674	0.41158385	0.41273970	0.39816892	0.41081281	0.46637849	0.40358179	0.42305831	0.44367771	0.42524989	0.47079468	0.40115872	0.48236352	0.44587069	0.48517825	0.41658088	0.44897952	0.51663649	0.40193062	0.46392943	0.49351976	0.40333332	0.43445847
02_221	0.51521770	0.51704973	0.53681769	0.40396540	0.59945327	0.48402059	0.48454812	0.42637192	0.72858460	0.56621105	0.49128265	0.47332350	0.45829996	0.49419387	0.66734521	0.61386971	0.46817987	0.63241317	0.56406694	0.42005736	0.42426924	0.76036517	0.46906888	0.43933961	0.55233456	0.55003153	0.53508489	0.44187339	0.47308126	0.49818370	0.41397977	0.44514725	0.60585785	0.47771818	0.45958108	0.38330016	0.43863390	0.67335157	0.49345946	0.59330941	0.40348503	0.45792147	0.59885185	0.44402935	0.43221003	0.39704105	0.46007878	0.41134034	0.49299806	0.40085332	0.54412149	0.52565383	0.48301053	0.40961317	0.51757005	0.42565568	0.52857243	0.35463291	0.50855578	0.66715051	0.38377595	0.50154002	0.43927747	0.73539449	0.40082525	0.38930122	0.42078332	0.51599415	0.42025139	0.45788207	0.76836714	0.52051773	0.54271668	0.40417748	0.40458952	0.45334420	0.45349407	0.37782945	0.60612018	0.59090098	0.55547940	0.46621927	0.42721200	0.54594507	0.41354134	0.50663308	0.53879400	0.57404327	0.60241229	0.43639021	0.38698237	0.45635109	0.54933167	0.40232627	0.44361290	0.46314498	0.44237267	0.46576640	0.45283173	0.42753886	0.37965768	0.40641624	0.57889445	0.42999089	0.43404471	0.61083379	0.44428492	0.42694523	0.55645713	0.45305697	0.45606838	0.57817727	0.41414127	0.41227487	0.81437176	0.59863759	0.36415365	0.56796988	0.50874344	0.44656942	0.57515555	0.51503182	0.43346186	0.38029616	0.55357706	0.43077844	0.43804979	0.79040923	0.41078518	0.40077501	0.41717687	0.44497662	0.51556948	0.45117770	0.50495385	0.64548404	0.36998725	0.45892136	0.41372005	0.39585483	0.36012307	0.56364525	0.41269233	0.43629001	0.44736980	0.49754751	0.39952986	0.45837259	0.40800499	0.44040378	0.44833217	0.44553615	0.53532199	0.48905423	0.64518224	0.40933398	0.43514561	0.52530336	0.53190766	0.63874798	0.39043174	0.35865392	0.75005862	0.44351768	0.45005751	0.40708213	0.42389207	0.45651293	0.53206296	0.55548106	0.50367122	0.38476569	0.58370296	0.54187364	0.51581319	0.44676125	0.40739630	0.43488686	0.53823898	0.42632724	0.34842755	0.47604731	0.52972385	0.46846149	0.45784168	0.37849315	0.42606572	0.54883919	0.46472994	0.43056495	0.48205917	0.37579950	0.42608630	0.44447985	0.41563175	0.41305470	0.61450016	0.40151043	0.45594911	0.45711963	0.43336614	0.50459181	0.56920667	0.43471108	0.44690195	0.35650375	0.40202332	0.64268655	0.45238775	0.44996886	0.41760315	0.36775935	0.47468311	0.52127765	0.49708435	0.38903151	0.40948383	0.39683141	0.38537302	0.49488251	0.42374841	0.53434933	0.38511276	0.37504538	0.36363426	0.64512180	0.37877163	0.46847152	0.41144654	0.49460919	0.43345244	0.66966193	0.36040493	0.40922251	0.53022610	0.37492730	0.40409517	0.46088342	0.43525971	0.47636662	0.44962257	0.51605137	0.37592238	0.82425069	0.48693214	0.54059862	0.37308690	0.45777879	0.39462809	0.41861965	0.53145027	0.41701304	0.45032966	0.45574664	0.71375287	0.47157252	0.50651833	0.42881162	0.51832603	0.41170807	0.38596423	0.43395531	0.37832111	0.55739261	0.40338171	0.39595782	0.55684308	0.44909700	0.46580879	0.46438012	0.63066627	0.41106782	0.52714788	0.49411671	0.67983842	0.44637580	0.63030577	0.38925500	0.45042053	0.44003865	0.60266646	0.41448506	0.49823991	0.48115256	0.55661508	0.35074729	0.41364950	0.37920588	0.42042585	0.51619281	0.47650241	0.40319587	0.34519096	0.51257784	0.47465616	0.46677106	0.50367459	0.41012599	0.38948353	0.34432195
02_175	0.47887926	0.50576121	0.45827755	0.59313276	0.41343812	0.41019646	0.43996135	0.52048954	0.42620096	0.47686547	0.48683116	0.51320295	0.49829283	0.49036151	0.43672735	0.47616801	0.44191062	0.46481867	0.48680787	0.49295847	0.56475565	0.42163422	0.48901722	0.51876660	0.44983525	0.45326885	0.43278475	0.47197955	0.64258218	0.47328205	0.54080932	0.62694731	0.48245672	0.47600660	0.46634264	0.61063291	0.46733306	0.44537346	0.43462769	0.41305427	0.54761160	0.46896669	0.46521498	0.62771287	0.51539669	0.60167437	0.59197367	0.47537677	0.61490189	0.78199228	0.48053435	0.47432766	0.50851361	0.80732668	0.50213556	0.50278559	0.45906016	0.58418818	0.44202742	0.43368571	0.52745675	0.54934611	0.58183452	0.42940890	0.54891106	0.51028361	0.50158489	0.50472888	0.67982846	0.63871539	0.42523963	0.43920412	0.57290211	0.60563552	0.50053697	0.47360497	0.55107676	0.56963465	0.46608099	0.47689096	0.50158803	0.49014728	0.58540680	0.48529660	0.47065412	0.45086884	0.54289316	0.46733843	0.52173455	0.50953942	0.56938557	0.56691181	0.48619519	0.62689525	0.50495917	0.47322987	0.58060800	0.65113983	0.56676603	0.49872153	0.56663177	0.51386904	0.43592340	0.54217258	0.47645662	0.50493571	0.40711539	0.54324368	0.47475103	0.46442417	0.46323270	0.42142019	0.55188787	0.42498763	0.41679695	0.46873862	0.55411167	0.40424946	0.43588777	0.52995538	0.44007621	0.47047250	0.52607022	0.60373738	0.47375009	0.50641332	0.54043173	0.42644845	0.47575008	0.64027363	0.54229253	0.41453008	0.51264085	0.54582361	0.43813375	0.46735707	0.46807747	0.46613370	0.63556248	0.51876461	0.58175019	0.43056700	0.47257669	0.50983325	0.53291640	0.51672317	0.52489777	0.61824809	0.47403940	0.53342722	0.46537710	0.53748284	0.46980708	0.44308884	0.48402916	0.48619873	0.49084077	0.44002721	0.53914447	0.45432451	0.60180774	0.59299211	0.42281255	0.53270121	0.44195246	0.45556366	0.50192944	0.61304011	0.51702368	0.41957509	0.52767316	0.56158845	0.41211231	0.53566831	0.45262503	0.49115141	0.45338706	0.46535348	0.48624106	0.50688082	0.46602932	0.50033438	0.42773859	0.47847395	0.54305303	0.44018654	0.56186970	0.46678501	0.55404993	0.41996915	0.51582219	0.46508466	0.50611543	0.46136803	0.48045892	0.60136084	0.45469525	0.56595806	0.47285947	0.47800790	0.61745678	0.47028413	0.46479286	0.56358275	0.46857977	0.66392783	0.55907300	0.43671990	0.56205630	0.41728783	0.54914982	0.45065913	0.41635852	0.43271645	0.39939003	0.62652189	0.61765909	0.43244166	0.52233497	0.52291852	0.55368145	0.42581902	0.49498942	0.45563794	0.62075345	0.42890092	0.48816625	0.44021779	0.47462497	0.43466896	0.48055705	0.40321936	0.62192371	0.46683815	0.50208836	0.41611096	0.50452585	0.45179995	0.54061134	0.47084267	0.59856888	0.44366228	0.61278299	0.39858709	0.51012981	0.47397566	0.54132407	0.44885346	0.44782230	0.44852906	0.40978903	0.54844158	0.46916353	0.45296755	0.41860006	0.45966565	0.43195318	0.56246110	0.44685493	0.46231709	0.53477046	0.48065209	0.48650341	0.44824572	0.44730891	0.44125428	0.49533689	0.43017745	0.45161715	0.45941316	0.41225166	0.56197542	0.38854571	0.50362648	0.39985654	0.43477464	0.39412710	0.50187502	0.41422775	0.50413469	0.42354392	0.44622949	0.40622107	0.43241197	0.41034678	0.48307678	0.44073967	0.49862458	0.43285831	0.46951089	0.44689060	0.42911915	0.45399658	0.42555731	0.52308534	0.39818863	0.40058287	0.51107841	0.55099034	0.47055038
02_184	0.41476993	0.44778113	0.42660141	0.37297073	0.44976905	0.49082254	0.50824891	0.37393835	0.45011375	0.41329328	0.38315916	0.40380297	0.39077039	0.39770777	0.44609763	0.46203870	0.47080129	0.46109448	0.42661171	0.43064201	0.36568197	0.44280113	0.40532006	0.39127393	0.43486960	0.46067062	0.43432002	0.43977853	0.40358120	0.41000460	0.45810777	0.38600272	0.41170600	0.46045316	0.49500162	0.39485303	0.46728984	0.43575315	0.49145242	0.45633703	0.40263783	0.44946154	0.43141251	0.39165614	0.42171292	0.37947145	0.45822292	0.41011037	0.43977119	0.39944006	0.49331503	0.48852582	0.40648759	0.41129371	0.42899588	0.42856308	0.41120946	0.40022755	0.42640144	0.46528607	0.39739397	0.39799539	0.40138370	0.44087151	0.46857520	0.47697352	0.42740970	0.46389913	0.40272613	0.38970550	0.44073571	0.46833684	0.47834507	0.43609371	0.43535910	0.41191238	0.60222772	0.40829348	0.43843926	0.47642983	0.45307138	0.41258007	0.42199595	0.52499673	0.45363493	0.47803655	0.42630603	0.42708800	0.43085884	0.43247219	0.38945482	0.39740722	0.44193955	0.37304341	0.43410945	0.70212080	0.35929557	0.44280562	0.36551263	0.50554269	0.38773619	0.44742218	0.50308422	0.45976232	0.49481850	0.42275455	0.47753676	0.38784989	0.42039912	0.39051127	0.41547951	0.51645628	0.38343757	0.66701532	0.46564943	0.52744053	0.48883493	0.44304994	0.52248065	0.43412058	0.39165499	0.38105163	0.44718096	0.45279419	0.46649029	0.44480235	0.44093062	0.43273967	0.44884121	0.42505122	0.48944585	0.55308290	0.44272606	0.48587909	0.59444002	0.43807064	0.46885769	0.45167851	0.40905369	0.44915557	0.39143029	0.43567677	0.42948060	0.38754529	0.43790201	0.39347809	0.46057534	0.39238455	0.52965550	0.55975875	0.47161059	0.41014944	0.54968071	0.56552966	0.49362999	0.55312667	0.59852465	0.50691299	0.49744556	0.42779134	0.41455493	0.42568052	0.45076810	0.46427184	0.45966843	0.57585384	0.43548661	0.43902239	0.45507581	0.50115108	0.39813766	0.39269802	0.48123080	0.39257060	0.50190094	0.48953023	0.46094493	0.47851808	0.38664595	0.43412054	0.47709847	0.40687808	0.56670066	0.46876941	0.41614682	0.63950556	0.56729677	0.52511297	0.43020753	0.90086659	0.42473627	0.52582427	0.44576750	0.47617386	0.44275124	0.37306103	0.42575016	0.37788625	0.53224363	0.43639865	0.36868362	0.51288971	0.40300744	0.45308808	0.53051235	0.40984849	0.42726166	0.48678530	0.36801152	0.55767936	0.43373813	0.50686586	0.57655879	0.45921928	0.52279380	0.39181140	0.43250550	0.42655020	0.43834541	0.46793461	0.40876591	0.44953222	0.49550865	0.46177957	0.44419913	0.50182899	0.47433048	0.58281894	0.51395277	0.51835360	0.44356129	0.45090139	0.41309638	0.48148061	0.42282908	0.63971386	0.44894976	0.42991015	0.40039242	0.45348521	0.43243428	0.54176470	0.39717876	0.43906012	0.41836717	0.48861983	0.38001956	0.48467592	0.46425204	0.39027317	0.51899783	0.46552767	0.41513284	0.47733111	0.48995382	0.41697939	0.50201813	0.41713447	0.63540643	0.48569574	0.40663747	0.43928627	0.42806943	0.42745398	0.45285410	0.52025398	0.40090950	0.50174458	0.45607640	0.47255010	0.48294563	0.42045726	0.45204944	0.44624265	0.44066514	0.38799345	0.46823588	0.41403731	0.54057216	0.37817855	0.44536193	0.46809320	0.52374183	0.48826007	0.52008266	0.38774574	0.48567143	0.40212214	0.40599312	0.37445624	0.42125494	0.43743266	0.40037045	0.49897260	0.36965563	0.57246656	0.48993999	0.44282077	0.35986665	0.37823286
02_64	0.43182902	0.42584492	0.41651595	0.49953651	0.38228205	0.35181542	0.37559060	0.44634791	0.40312925	0.44540896	0.45803473	0.44440436	0.44158672	0.44638751	0.40943885	0.43138427	0.36955981	0.45071104	0.43256838	0.39222287	0.47372591	0.40066119	0.43596555	0.45873639	0.40575816	0.41825171	0.39496243	0.38901590	0.50802408	0.42711795	0.41587683	0.54600601	0.44779466	0.38683862	0.38030527	0.44204530	0.38300785	0.41475635	0.36825359	0.38553945	0.41601830	0.38057314	0.44121642	0.51637190	0.42064654	0.51478475	0.49137607	0.40049974	0.49257216	0.53284445	0.46848040	0.40090301	0.49191876	0.61328752	0.43741576	0.39951608	0.41661592	0.42418436	0.39907824	0.41093285	0.39513327	0.49206383	0.49714113	0.40784832	0.46693133	0.43383567	0.38768519	0.44637733	0.67152151	0.58494375	0.41968413	0.38094142	0.49041201	0.45807445	0.41047498	0.43190935	0.48546743	0.41597594	0.41775587	0.46472172	0.45396609	0.53746975	0.55299174	0.49012110	0.38198890	0.39176234	0.49240678	0.45132038	0.48768134	0.58089889	0.45179476	0.61447502	0.44074483	0.45668532	0.40404852	0.46132646	0.51761819	0.47938409	0.54867935	0.44075740	0.80409227	0.47389969	0.41809076	0.48444335	0.42438382	0.47446015	0.34414570	0.45896089	0.48712199	0.42073667	0.41418470	0.44769985	0.43725676	0.40137340	0.41341303	0.48055178	0.47210481	0.37423424	0.42313709	0.48340583	0.42165605	0.46208956	0.52332018	0.45249261	0.41563617	0.51699603	0.53683756	0.41313682	0.50405225	0.60628816	0.55362267	0.35784455	0.48077952	0.65553566	0.43052255	0.47058617	0.42960279	0.39419716	0.81895534	0.53791616	0.62507676	0.39451677	0.57531709	0.43812044	0.60170614	0.51024638	0.57187971	0.54817460	0.46926925	0.46214080	0.38562368	0.61262652	0.49887237	0.48961562	0.48353681	0.43985793	0.48751995	0.49693867	0.49456541	0.45991601	0.80132248	0.44300443	0.40090071	0.53507237	0.50163003	0.39311181	0.45019734	0.58097977	0.52018090	0.38589304	0.50074331	0.84911772	0.38626816	0.49397053	0.50249949	0.58984365	0.47010702	0.50041463	0.46674378	0.59035948	0.41339839	0.43831070	0.44603488	0.38768325	0.61482410	0.39757087	0.49439326	0.49482836	0.69692016	0.40575024	0.52805857	0.41669206	0.59757036	0.44145698	0.39211721	0.67080464	0.43172329	0.49169668	0.49369373	0.49990365	0.49825156	0.47782319	0.45172911	0.64953121	0.51891099	0.60536889	0.54832830	0.41084840	0.56112967	0.36299345	0.53801807	0.40712052	0.43065110	0.40624371	0.44938178	0.65068244	0.46894773	0.35463718	0.57390412	0.48514968	0.74709514	0.39523930	0.40878268	0.43333579	0.49576651	0.45326083	0.42149368	0.38869812	0.48102627	0.37543878	0.47076623	0.38421028	0.60016886	0.47801917	0.53280891	0.37736886	0.59390601	0.49100362	0.46927087	0.44283471	0.62309184	0.49986832	0.53303227	0.40208814	0.49738950	0.50426207	0.75574916	0.53784601	0.41347803	0.39386954	0.39862381	0.58070586	0.54579067	0.41799602	0.42507778	0.43114577	0.49282562	0.68839773	0.43568123	0.48833337	0.64833484	0.54810565	0.53129120	0.41603946	0.46493457	0.42765277	0.49399196	0.43586440	0.47074471	0.46436560	0.43806639	0.59470922	0.37375092	0.57617505	0.38835809	0.40670658	0.41715438	0.52118720	0.39788154	0.44625245	0.40121397	0.46070737	0.45916544	0.41656891	0.42205816	0.52104345	0.46908083	0.49363676	0.37780033	0.45284907	0.50676261	0.44934705	0.45662038	0.42834245	0.48354104	0.39467478	0.45229718	0.58636179	0.44421784	0.49775525
02_135	0.53373978	0.54422821	0.53953724	0.42473087	0.53644286	0.45884278	0.48307241	0.44481586	0.62059448	0.61619218	0.55178304	0.52253830	0.48412865	0.53393117	0.62651766	0.56243525	0.46698532	0.59753754	0.52919157	0.43850640	0.44253719	0.63511556	0.50449521	0.46896844	0.51639447	0.51114558	0.51677929	0.46299252	0.49048380	0.51788270	0.41646521	0.48388058	0.56896175	0.45156356	0.45126116	0.40356050	0.42346940	0.58414355	0.47658356	0.53834711	0.42597448	0.44132188	0.55454715	0.47742397	0.46690684	0.42013597	0.51422605	0.44685042	0.53812556	0.42834769	0.53701212	0.52526049	0.55870147	0.45427451	0.56640945	0.42007174	0.48414921	0.37094561	0.46818169	0.62546988	0.39437842	0.54406568	0.45440052	0.67154775	0.44449666	0.42980844	0.41040605	0.49639037	0.46138915	0.50368798	0.72742457	0.49688085	0.56728890	0.42881660	0.43777354	0.48014981	0.49834093	0.38739128	0.54505403	0.57177420	0.54708982	0.57230181	0.47468540	0.60979786	0.42534337	0.49640502	0.53838992	0.54433774	0.65088271	0.52527280	0.41404380	0.53747307	0.52080529	0.41617102	0.42771741	0.51509764	0.47363236	0.48495464	0.49884703	0.45526671	0.42909482	0.44882671	0.56957460	0.49492539	0.48000516	0.60059933	0.42234052	0.44130424	0.69438459	0.47810452	0.43462505	0.63091354	0.43823363	0.43340652	0.73426069	0.63915300	0.38896655	0.51360931	0.50258085	0.44926245	0.53001018	0.59620198	0.44679937	0.40807873	0.57164091	0.49285882	0.52063719	0.72852133	0.42518279	0.44456475	0.49050418	0.43540059	0.56558344	0.51607397	0.54641454	0.65289612	0.38505280	0.45157299	0.47226736	0.41741688	0.39252589	0.50706736	0.49685309	0.43036319	0.53687321	0.58271950	0.46130493	0.48737063	0.46475894	0.45456735	0.46288937	0.53367222	0.57406678	0.54262965	0.73190703	0.45271020	0.48423734	0.62924785	0.58125621	0.80355191	0.43799465	0.37374537	0.68638856	0.52917991	0.47782653	0.42518827	0.46061577	0.50033303	0.63600707	0.55011966	0.50802311	0.43804085	0.53790305	0.56274830	0.57120371	0.53597701	0.41596028	0.45183807	0.53427180	0.46086508	0.38012842	0.47592295	0.56388896	0.45894180	0.55349304	0.39873925	0.46190015	0.68000451	0.55172317	0.45091511	0.58650344	0.38379994	0.46154885	0.44173458	0.43268045	0.46066353	0.55563429	0.42279181	0.47716762	0.46612358	0.45722383	0.51074332	0.65365389	0.47485618	0.51188720	0.39030469	0.42496303	0.62226617	0.50493186	0.43831660	0.46564032	0.37314560	0.49313346	0.51706182	0.55627353	0.42539434	0.43556737	0.37920154	0.43210240	0.50571920	0.50054892	0.49437738	0.38994560	0.39331595	0.38928821	0.69388756	0.41487814	0.45925421	0.43057391	0.48520434	0.47584733	0.58341269	0.39658870	0.45068832	0.66121762	0.39003293	0.46942816	0.47451920	0.43721536	0.46718066	0.52677433	0.60878358	0.40184334	0.73622289	0.48738526	0.56382994	0.41823554	0.55749955	0.40420689	0.45455784	0.51806307	0.47167344	0.55487777	0.50423387	0.69843852	0.49533394	0.55810700	0.47684278	0.55270018	0.43258299	0.42937468	0.46704874	0.42084651	0.52695027	0.41110638	0.41220122	0.61982259	0.45439920	0.46978453	0.50582541	0.67465196	0.44654515	0.49565170	0.58218028	0.59477243	0.46674361	0.66012071	0.42087908	0.47023893	0.44591044	0.61126762	0.45366754	0.56363818	0.53003211	0.57271725	0.38022757	0.47772804	0.41138542	0.41029025	0.50713417	0.58152317	0.40905625	0.38138209	0.53544302	0.48154638	0.48984879	0.56920712	0.47205014	0.40064006	0.36936737
02_254	0.66127888	0.54281592	0.66864803	0.61141520	0.59708546	0.45581979	0.44414031	0.65487725	0.54875374	0.55836255	0.50625575	0.50390038	0.63768226	0.58411257	0.58158206	0.60216008	0.44914829	0.53141561	0.70238388	0.45921265	0.62204491	0.52890881	0.58380012	0.63378040	0.72729485	0.64992556	0.66250635	0.43792945	0.58502105	0.65080722	0.46507268	0.58094283	0.55093051	0.54074758	0.47296103	0.43271920	0.45214170	0.57480495	0.49203579	0.59794000	0.44339391	0.45512629	0.52853866	0.60699003	0.47674006	0.59890551	0.53222679	0.40387429	0.56064520	0.53367221	0.56301379	0.47201620	0.51763876	0.46508596	0.51249935	0.44257718	0.59091457	0.45282583	0.66559812	0.57284271	0.48747074	0.60609266	0.70770567	0.52578732	0.40219206	0.42191805	0.51622877	0.51851956	0.52233558	0.53932169	0.47522372	0.43321610	0.67339585	0.43096891	0.43442889	0.62756669	0.50160682	0.47928510	0.52522073	0.55110399	0.74750343	0.43613599	0.58027070	0.55481070	0.49538936	0.60915361	0.63824167	0.50464773	0.59591893	0.44317078	0.39840382	0.45828223	0.70051209	0.54830462	0.57354407	0.43725866	0.51079473	0.53848637	0.46894283	0.39671063	0.40938485	0.52823030	0.58604963	0.43653703	0.39842803	0.56158485	0.46017749	0.71806855	0.46497206	0.59920674	0.64828561	0.43967539	0.41830513	0.38181816	0.48549251	0.51326805	0.40617584	0.59416986	0.57899998	0.62608059	0.46919504	0.46254752	0.52483071	0.45705353	0.45192360	0.51339605	0.42720756	0.49691679	0.45031955	0.41560678	0.42906519	0.44828978	0.63520816	0.45914587	0.40647829	0.48257607	0.37073569	0.41898101	0.47008836	0.49249175	0.46107446	0.64971443	0.40281337	0.71192405	0.47237542	0.49171454	0.45463959	0.58972906	0.37990232	0.46195253	0.45589043	0.44163599	0.50169850	0.44878362	0.55707865	0.39784041	0.40313670	0.42492432	0.46512878	0.47313504	0.45002420	0.44096120	0.46052754	0.41828482	0.40596718	0.45346728	0.56377034	0.61997353	0.52872243	0.41838143	0.51535478	0.41012741	0.57782831	0.54907787	0.43135055	0.44105008	0.46133840	0.44542420	0.47949811	0.42808784	0.39921595	0.82622977	0.47320874	0.49053823	0.45590276	0.41443640	0.43744059	0.43688769	0.44806261	0.42343190	0.46727938	0.41077198	0.43355060	0.57165977	0.49304477	0.44462564	0.53682207	0.61233242	0.50722003	0.45535422	0.53810486	0.53031734	0.49825751	0.48668215	0.47249777	0.41900630	0.54600022	0.44311377	0.46495641	0.46518302	0.54980941	0.41372113	0.48482950	0.63433443	0.39551261	0.49545795	0.53453780	0.46017669	0.47870092	0.45950882	0.42682699	0.63929108	0.44668479	0.36049159	0.47722373	0.45407353	0.41806000	0.52638452	0.49881639	0.45137119	0.55779647	0.54603689	0.39978613	0.50528216	0.47250851	0.40735960	0.45099959	0.42125051	0.62966640	0.62788035	0.43838087	0.44636070	0.51585915	0.44649542	0.50769706	0.48222718	0.40146259	0.40266292	0.37256556	0.38727548	0.53682065	0.49863132	0.41504343	0.39272002	0.48804536	0.60352296	0.41876590	0.45678638	0.47688800	0.48667387	0.39246139	0.41684133	0.46296879	0.63536871	0.45134335	0.37666615	0.49700713	0.51027492	0.47180307	0.54025689	0.43049983	0.49599673	0.52714324	0.45149810	0.50932354	0.54478089	0.42448533	0.49458598	0.37751609	0.63582122	0.43309631	0.47679313	0.41103068	0.39416232	0.47317764	0.43075444	0.37862098	0.37340807	0.39001937	0.46490036	0.41467678	0.44172396	0.34047939	0.40107697	0.48674532	0.38508258	0.39192682	0.40958623	0.53867620	0.41875076
02_28	0.53952170	0.48047834	0.52325649	0.73567296	0.46867669	0.39874589	0.40106362	0.62725464	0.45885308	0.49038730	0.47661776	0.47315797	0.56487560	0.51888857	0.47440609	0.51626072	0.40453241	0.48335494	0.57310322	0.43294439	0.67611596	0.44774936	0.51555716	0.58941350	0.54058171	0.53208400	0.50291116	0.40926373	0.62003144	0.53718934	0.46538450	0.63609925	0.51384284	0.48178205	0.42999255	0.45847738	0.43092571	0.49039617	0.42639610	0.47174320	0.44198908	0.42835892	0.49035701	0.65426801	0.45032221	0.73517923	0.51230293	0.39219126	0.53920130	0.62544667	0.51760799	0.42881186	0.49409280	0.52077748	0.46931815	0.44235629	0.53685449	0.48364561	0.54322254	0.46833426	0.48315590	0.58032194	0.80337114	0.44581645	0.40983028	0.41573562	0.49286103	0.50112018	0.62141503	0.59812133	0.42564798	0.40135764	0.59393917	0.44941238	0.42415101	0.54069107	0.48221041	0.50559242	0.48152080	0.51013751	0.58690143	0.43616606	0.60610411	0.49650707	0.44747928	0.49215823	0.62329254	0.48357258	0.54653417	0.44822235	0.42412111	0.48164829	0.58826757	0.60315261	0.54751694	0.41748318	0.56632217	0.54908522	0.50986532	0.39740134	0.46367631	0.50939468	0.47892846	0.43366969	0.38885178	0.53515278	0.40758511	0.70636628	0.44588112	0.52906837	0.58538992	0.40823892	0.43262487	0.36905572	0.42972070	0.47129556	0.43448511	0.46195443	0.49862334	0.65078546	0.45228799	0.44747542	0.56989745	0.47059821	0.42248454	0.50493254	0.42993788	0.43689357	0.47762811	0.45669013	0.43882080	0.40166666	0.56868479	0.47908151	0.38722534	0.46550161	0.38711081	0.41095052	0.53849343	0.54312046	0.55237630	0.52312248	0.41370978	0.72322363	0.48989997	0.49248558	0.46584768	0.71183823	0.38005675	0.45989355	0.42281281	0.45511495	0.48234263	0.43107421	0.50774759	0.39045106	0.40568108	0.41224449	0.45250684	0.44480655	0.51354902	0.47865077	0.41525373	0.42619817	0.41976737	0.42560255	0.53006553	0.69994495	0.49403633	0.38179714	0.54742258	0.46583179	0.46895631	0.56030705	0.42300723	0.45058345	0.48504210	0.46078290	0.49012087	0.46330483	0.39993376	0.68259360	0.42947286	0.45777172	0.47325264	0.40174258	0.45183007	0.42422129	0.48313285	0.40017017	0.46985333	0.41882170	0.47599056	0.53839450	0.46230695	0.51717974	0.50550271	0.77645117	0.50298055	0.48004843	0.61093843	0.52007637	0.46935803	0.55596879	0.46361686	0.48037171	0.66405251	0.41323466	0.51585323	0.41880113	0.58798755	0.42782028	0.44790064	0.51663118	0.38362310	0.63443488	0.57646121	0.44319923	0.52687973	0.47633909	0.47208538	0.52753075	0.45965142	0.38002033	0.53167961	0.42909775	0.42011670	0.45340033	0.52071691	0.41465211	0.54376013	0.45849921	0.46033191	0.48638246	0.47617504	0.38544133	0.48302809	0.44520742	0.77687068	0.61116633	0.47784368	0.43699124	0.67195484	0.41091385	0.53688617	0.49148885	0.47373367	0.41095500	0.38929610	0.38685269	0.47089977	0.55527469	0.43108399	0.38975970	0.44900610	0.56347539	0.42571862	0.54246901	0.45305580	0.52467752	0.45244568	0.43556283	0.52049920	0.56939412	0.48652032	0.39485705	0.51660450	0.50839887	0.50629583	0.53385676	0.41784585	0.63032737	0.46531977	0.49222884	0.45657246	0.52443934	0.40921455	0.60443845	0.37795562	0.74539048	0.41645913	0.49945482	0.40933210	0.39383579	0.45193819	0.53035033	0.39698170	0.42417472	0.40124086	0.48557098	0.43291058	0.48564086	0.37760530	0.40667214	0.50884094	0.38100250	0.39548977	0.46288388	0.66159396	0.52006369
02_247	0.41929429	0.48337248	0.42383647	0.38280392	0.42252392	0.51285454	0.55959712	0.38659507	0.42222519	0.41947885	0.39898813	0.43819815	0.40324544	0.41030883	0.42948230	0.43729727	0.52736532	0.42636886	0.41290759	0.50303414	0.37784361	0.41735705	0.42340842	0.40457828	0.41758126	0.42528852	0.42203567	0.51082099	0.41557711	0.41649914	0.49696584	0.39849581	0.39927003	0.47142653	0.54119825	0.44698701	0.48341548	0.41218603	0.52236045	0.42604949	0.46539907	0.47803045	0.40616904	0.40946067	0.48075646	0.38800831	0.50489136	0.47958345	0.47356266	0.42666638	0.44370681	0.52686713	0.42193546	0.44044392	0.46305943	0.45842365	0.39075584	0.45230831	0.40093446	0.43861390	0.45044662	0.40991429	0.40314513	0.42364029	0.55502813	0.58295466	0.45556326	0.44480394	0.40690598	0.40001739	0.41900998	0.48441482	0.48005073	0.49632162	0.52289551	0.41982414	0.65297184	0.45601868	0.42505491	0.43608606	0.43498002	0.42422158	0.43151306	0.48632937	0.51508161	0.48346935	0.41603097	0.40199759	0.43096785	0.44020297	0.43893423	0.40924854	0.42035935	0.39916683	0.44332242	0.66985626	0.37230046	0.47879372	0.37702884	0.55252950	0.39055852	0.46828163	0.45881838	0.52786590	0.59019722	0.41221401	0.50377040	0.39623623	0.42692964	0.40355922	0.39346365	0.45566109	0.42726243	0.63892337	0.43428154	0.47132319	0.53623857	0.41522227	0.46013572	0.41332799	0.37665507	0.39534992	0.41762139	0.53180777	0.49983555	0.45265083	0.47598673	0.41801894	0.40778961	0.44687568	0.53355902	0.58299821	0.44695004	0.46121039	0.56339692	0.41774379	0.47559521	0.47902639	0.41615640	0.41983379	0.39229908	0.41124090	0.43369298	0.38372293	0.44915720	0.40988413	0.46885738	0.40030829	0.58431426	0.55194375	0.55371155	0.41940989	0.47935057	0.48195442	0.47113812	0.66452822	0.60622418	0.46476729	0.50362967	0.42718737	0.41260411	0.46819443	0.44274006	0.50920147	0.41469278	0.67727027	0.45964950	0.44086666	0.45469435	0.50057056	0.39048933	0.39614262	0.44677045	0.39661632	0.44988715	0.47717502	0.41256931	0.42583282	0.38155684	0.40872788	0.56604980	0.40728237	0.47876011	0.51661584	0.42768681	0.69952146	0.62743134	0.51186843	0.43062330	0.65635555	0.44794850	0.50715301	0.41811080	0.42835338	0.51003352	0.38234889	0.40403416	0.38841438	0.46364009	0.40333474	0.38834057	0.45398955	0.41460637	0.43409281	0.49309108	0.43059835	0.41634276	0.47878511	0.38162293	0.57390399	0.44601446	0.48684398	0.48051858	0.44146128	0.45473523	0.39872796	0.48393553	0.44074948	0.44007612	0.46049772	0.41797542	0.42127721	0.52411830	0.47132099	0.47926978	0.45304480	0.58967142	0.54444933	0.46570509	0.56744914	0.44842526	0.42488327	0.43974378	0.46314780	0.43287345	0.64866318	0.45367714	0.39839865	0.39914164	0.42516200	0.46124399	0.49051615	0.41402690	0.41710923	0.39875708	0.44616342	0.38435437	0.47142548	0.47474127	0.45159781	0.46825959	0.47748931	0.42852252	0.55686206	0.45206479	0.42481907	0.45026760	0.41497888	0.59981989	0.44355211	0.41289097	0.40745966	0.43240389	0.41695861	0.40989324	0.51528476	0.40955930	0.44734426	0.41916240	0.46502287	0.44684325	0.42320726	0.42561763	0.44948778	0.41950295	0.40243168	0.43594190	0.41702028	0.56783984	0.38573684	0.46271740	0.46862189	0.46956114	0.54245743	0.47514610	0.39388126	0.53232001	0.43230856	0.42490796	0.37036929	0.43223873	0.40108930	0.44948985	0.49133816	0.36849639	0.57025259	0.45302617	0.46775711	0.38110256	0.38445601
02_180	0.42390995	0.46164398	0.43227263	0.42504880	0.45337445	0.53405465	0.50048179	0.42043792	0.43675987	0.39999650	0.37354224	0.40545076	0.41103515	0.39875476	0.42849073	0.49712098	0.50378683	0.44238008	0.49197181	0.47972311	0.42563146	0.42742792	0.40580827	0.40872768	0.47635860	0.48740668	0.44184551	0.45703336	0.47706433	0.41860148	0.63492682	0.41119613	0.45056698	0.70925689	0.60386669	0.47931027	0.66256564	0.45941006	0.53808853	0.44704266	0.46833096	0.62328786	0.45269924	0.43045733	0.43336080	0.42105722	0.43685004	0.40422499	0.46036330	0.45924306	0.45583400	0.50680643	0.37489405	0.41674722	0.42416881	0.60312686	0.49427898	0.49916499	0.50396263	0.42945232	0.52575389	0.41473968	0.45720741	0.41516171	0.41658440	0.41333585	0.76170834	0.52814615	0.40294817	0.40538980	0.39567864	0.50497116	0.49142830	0.48607186	0.43265778	0.40642350	0.46221045	0.57053924	0.50183801	0.45305922	0.47397047	0.34444037	0.39866142	0.40938961	0.49843361	0.50048835	0.47004687	0.44077166	0.42754982	0.34628640	0.42981625	0.36283906	0.49285681	0.48178801	0.70661873	0.41451194	0.39771151	0.53490533	0.37898119	0.44589803	0.34579593	0.39505654	0.43241056	0.39429377	0.41101633	0.44528375	0.59223460	0.44575043	0.36602859	0.39879074	0.50866902	0.37498513	0.43863217	0.42090876	0.40122309	0.41533358	0.45265820	0.44627471	0.44411444	0.47783983	0.42273567	0.36109868	0.43991884	0.47607180	0.45635853	0.37093836	0.36707711	0.40136607	0.40439026	0.39866040	0.37281593	0.53917683	0.41699254	0.38123999	0.40564270	0.41077967	0.43347519	0.52907521	0.37196851	0.41127715	0.37327624	0.48506588	0.32699676	0.48768181	0.35995292	0.37214213	0.35904434	0.43168285	0.37273838	0.51867340	0.49014915	0.35065043	0.41165252	0.37604425	0.41859727	0.41081214	0.40540816	0.35729193	0.44387597	0.37660568	0.36738291	0.51650795	0.41695019	0.37291033	0.37046963	0.48144223	0.41034095	0.42605414	0.38834659	0.43300318	0.43641325	0.34503091	0.45184984	0.42622335	0.37589830	0.35380688	0.41392644	0.40242462	0.41780605	0.37893794	0.39169998	0.46837173	0.39004832	0.61799535	0.35672898	0.44472817	0.46705020	0.37970617	0.36592043	0.42574631	0.36722854	0.48940514	0.38210121	0.46111223	0.48226391	0.36844865	0.45809427	0.42288113	0.41939218	0.41342531	0.43285169	0.44143869	0.37974174	0.40244539	0.36896031	0.39370096	0.42530496	0.43896315	0.37471198	0.55147966	0.39245124	0.49219603	0.39757236	0.43516895	0.34682874	0.38994519	0.49062113	0.82949152	0.36617790	0.47116209	0.34960709	0.47693986	0.59210468	0.41220584	0.45414093	0.38806703	0.41394061	0.53120456	0.42575444	0.52381105	0.38995735	0.43088760	0.38861670	0.37601413	0.36895443	0.43940731	0.35127418	0.38942883	0.48849888	0.47975752	0.38511904	0.36710250	0.42538000	0.38269549	0.44284130	0.41644265	0.34423532	0.34027597	0.44658443	0.38750921	0.43314031	0.38949073	0.33480096	0.40245655	0.40429309	0.41097097	0.36922539	0.38255323	0.43597840	0.40611915	0.36231495	0.37280389	0.36052683	0.46440657	0.41360591	0.42792316	0.39415609	0.42526566	0.42251011	0.39658953	0.37864886	0.40382933	0.42581035	0.37624876	0.41986795	0.39273897	0.36934415	0.38749108	0.41730954	0.44704780	0.41507771	0.37940012	0.35361948	0.39624792	0.40006202	0.36125547	0.35432560	0.38481006	0.49774139	0.41303402	0.34144838	0.40519695	0.35050804	0.40709888	0.41586711	0.40021405	0.34858377	0.36441338	0.45689491	0.36333804
02_119	0.37176163	0.39825983	0.37745814	0.38535742	0.39269155	0.44099104	0.44538762	0.36500741	0.38855452	0.35938923	0.34042636	0.36265270	0.36228607	0.35602133	0.37980486	0.43265285	0.42569354	0.41897231	0.41065585	0.41078275	0.36857497	0.38073393	0.36325923	0.36785149	0.40192823	0.43531560	0.38347917	0.40169598	0.41387726	0.36805817	0.54277889	0.37812835	0.39301894	0.48453450	0.48795940	0.43116630	0.52959702	0.39791429	0.44074073	0.39469247	0.40524865	0.47404074	0.41133731	0.38602555	0.38736303	0.39405682	0.41509647	0.37496025	0.41202851	0.42869609	0.46015456	0.43869118	0.35567916	0.42192817	0.37686216	0.48681594	0.41628301	0.46185838	0.42329953	0.39011170	0.42259246	0.36984885	0.41194620	0.37244122	0.44566775	0.43242737	0.48652649	0.48310507	0.40910677	0.38106152	0.37034686	0.43777927	0.44458522	0.46911316	0.40445104	0.37132959	0.51489001	0.47445301	0.42330263	0.44059921	0.42114403	0.35105888	0.39699295	0.42382654	0.43023342	0.42526170	0.41961439	0.41124702	0.38652068	0.36847895	0.40911689	0.36325654	0.42825735	0.39943314	0.49106074	0.49467289	0.35678185	0.45920121	0.35455817	0.49360078	0.38347530	0.40279751	0.41483903	0.40205345	0.42549386	0.39836504	0.46120317	0.38921668	0.35472595	0.35454837	0.44033333	0.40248678	0.38984100	0.54546250	0.38042687	0.43378636	0.59988108	0.38752651	0.45325067	0.46319654	0.37767925	0.33471412	0.47890018	0.47908527	0.41073531	0.38459256	0.38246613	0.36491708	0.47863323	0.43820202	0.41708242	0.49766976	0.38981562	0.43877053	0.45432115	0.39396604	0.56554422	0.46924629	0.39595785	0.48298309	0.41439923	0.40869608	0.36138679	0.41025764	0.37848068	0.35064077	0.40236034	0.39506827	0.43887822	0.62583914	0.42897689	0.36335043	0.45841157	0.43954025	0.40912356	0.47173607	0.50458396	0.39502649	0.44794586	0.35831415	0.41307075	0.53740383	0.37891255	0.39768432	0.43185635	0.51521207	0.39408485	0.42357758	0.38399823	0.41502397	0.40255141	0.38359568	0.40821599	0.37660993	0.42147739	0.40075252	0.49625907	0.48154911	0.37790678	0.43392449	0.44848207	0.39783254	0.43086159	0.47105357	0.36679741	0.58517871	0.57276316	0.40789223	0.39008533	0.54829665	0.36462969	0.79303115	0.44569928	0.48635955	0.41977605	0.37191175	0.40686517	0.38823179	0.49441785	0.44875782	0.37605601	0.48083380	0.34799834	0.45486487	0.42264879	0.45386430	0.45660969	0.41469563	0.35428830	0.51030292	0.40243984	0.80057129	0.45386120	0.39855040	0.39816548	0.40706386	0.44844199	0.51585111	0.41021238	0.47936770	0.37581112	0.41811405	0.69128300	0.52107316	0.50655501	0.40406661	0.43665420	0.52065586	0.52053071	0.46109105	0.39234206	0.38307994	0.45263029	0.41498769	0.36360599	0.56707748	0.39313780	0.42682026	0.43238881	0.45779821	0.40159580	0.41264673	0.43139635	0.36260224	0.43197878	0.44662148	0.38290709	0.38589577	0.52794726	0.35687075	0.42922882	0.42848331	0.35096955	0.40783578	0.39699646	0.37620308	0.42129440	0.41435650	0.47442561	0.48337859	0.41507063	0.42680451	0.40179826	0.39959928	0.49492104	0.56950257	0.36512734	0.47248757	0.45930355	0.40673833	0.39207927	0.43126015	0.39271688	0.39607051	0.37853234	0.35321641	0.37683394	0.41409930	0.46807881	0.38362928	0.38172794	0.41169503	0.40232765	0.40711689	0.41630636	0.40333652	0.40346742	0.42278285	0.44628217	0.37137344	0.35452945	0.46930787	0.40323458	0.43524094	0.37414120	0.45153696	0.38972098	0.40963162	0.38683541	0.40425068
02_80	0.42819122	0.47386239	0.43946284	0.41077893	0.46870304	0.57836215	0.53330921	0.41272679	0.45253982	0.40782508	0.37789896	0.41113372	0.41016841	0.40213353	0.44291838	0.50662397	0.53198542	0.45154028	0.49254453	0.48876235	0.41448705	0.44335662	0.40900818	0.40548219	0.48283029	0.49237231	0.45086688	0.47211643	0.46607896	0.42286522	0.61283645	0.40446902	0.45604122	0.71875815	0.63562989	0.46731287	0.66888782	0.47166887	0.57672814	0.46301660	0.46680078	0.64375335	0.45879160	0.42338082	0.43865490	0.40677149	0.44041367	0.41352432	0.46241396	0.44307710	0.46029961	0.53431980	0.37948905	0.40989695	0.43577317	0.59917368	0.49246618	0.47481137	0.50234506	0.44418024	0.51098550	0.41558759	0.44380671	0.42979901	0.42245549	0.41941550	0.70193266	0.53018781	0.39510143	0.40099455	0.41069592	0.53680953	0.49511436	0.48282129	0.44276794	0.40849914	0.47195180	0.54235800	0.51740669	0.46194919	0.47558979	0.35059550	0.39493431	0.41852991	0.50496820	0.51985330	0.46922266	0.44615030	0.43590899	0.35000690	0.42867995	0.36439981	0.49482338	0.46067896	0.67141593	0.42966782	0.39293688	0.53022872	0.37777815	0.45729937	0.34265347	0.39474867	0.44540295	0.40182019	0.42754069	0.45269033	0.65448364	0.43370872	0.37629094	0.40218725	0.49370827	0.38796121	0.43885879	0.43673246	0.42074390	0.42716257	0.44746130	0.45940357	0.45540629	0.46421576	0.43005545	0.36881635	0.43227155	0.46807469	0.48114794	0.37418424	0.37194349	0.41762580	0.39974533	0.39573365	0.37897226	0.58533782	0.42413716	0.38313248	0.42545099	0.42344416	0.43335636	0.55494771	0.36975331	0.40307705	0.36380677	0.49896026	0.33198634	0.46984333	0.36537958	0.37858971	0.35994476	0.42720797	0.38257129	0.51980209	0.51729643	0.35285313	0.42384401	0.38570726	0.43516356	0.42163097	0.41793491	0.36927659	0.45401247	0.39106598	0.36267810	0.48943982	0.44095446	0.38205365	0.37674168	0.50096510	0.41325997	0.42426681	0.39460705	0.45732232	0.43575451	0.34360422	0.47448943	0.43024909	0.38492866	0.36144167	0.41155382	0.40330989	0.42308070	0.37843860	0.39435844	0.46651429	0.40127446	0.67455132	0.36082730	0.45650842	0.47819252	0.39637763	0.37094109	0.44601706	0.37632718	0.48396740	0.38367191	0.45606954	0.49595224	0.36634534	0.47213561	0.41297602	0.42361938	0.41423614	0.42554514	0.45142513	0.39242175	0.40284709	0.37683906	0.38331419	0.41730870	0.46851350	0.37640872	0.60874467	0.39360182	0.48873608	0.41089513	0.45065076	0.36073550	0.38402045	0.48898785	0.80764374	0.36644525	0.48279221	0.35331132	0.49461006	0.58894456	0.41925815	0.43988372	0.40653059	0.42517367	0.55053211	0.42853823	0.58408865	0.39637237	0.45672642	0.38453455	0.37809184	0.37994811	0.44932883	0.35630033	0.39604102	0.47793631	0.48576393	0.39276425	0.38237120	0.41648045	0.40583856	0.44136024	0.43105130	0.34391053	0.35227803	0.46186096	0.40468006	0.45897266	0.39570968	0.34470981	0.42853080	0.43051063	0.42341133	0.38505097	0.38653041	0.46953878	0.41186985	0.36549364	0.37274246	0.36456454	0.48643347	0.41460985	0.44726870	0.40891309	0.43967314	0.43579516	0.41170589	0.40247752	0.40728894	0.45565395	0.39171845	0.45113939	0.40599529	0.39485454	0.39188820	0.45441235	0.44744445	0.45109017	0.39401541	0.37271508	0.42848253	0.42947342	0.36291624	0.37390790	0.39614816	0.52629735	0.41965691	0.35675083	0.41245257	0.36193763	0.44024223	0.40982651	0.43782209	0.36893695	0.37730458	0.44643129	0.36521000
02_77	0.45172078	0.43936622	0.44786731	0.48035213	0.43430415	0.38677974	0.40533120	0.44061347	0.45705489	0.45702842	0.44111907	0.43149373	0.44308125	0.44669013	0.45369791	0.49474225	0.39153967	0.52517345	0.48087593	0.39518640	0.45604424	0.45065115	0.43840813	0.45482670	0.45515790	0.49032105	0.43576879	0.39435919	0.50554745	0.44463257	0.44042921	0.50768286	0.48930425	0.42601789	0.41182630	0.42162653	0.41993870	0.46972664	0.40214931	0.44079002	0.40276079	0.40846887	0.50219381	0.49119145	0.41324549	0.49566806	0.48591136	0.38902240	0.48865439	0.49827352	0.57603373	0.42927922	0.47537792	0.53417402	0.44012187	0.42082465	0.47168757	0.41470620	0.45780616	0.46418884	0.39381459	0.48396378	0.51251205	0.44899756	0.45443583	0.43027842	0.41259109	0.51106524	0.60421833	0.53452794	0.46375996	0.41385643	0.53732449	0.45018115	0.40510940	0.44729927	0.53543730	0.41888516	0.46755189	0.55898642	0.51156071	0.50181764	0.53870740	0.57160943	0.39774569	0.43288117	0.54192672	0.51331550	0.51351256	0.54059655	0.42363943	0.53446114	0.50465987	0.43802071	0.44224302	0.52753921	0.47240500	0.48757349	0.49012178	0.46352521	0.59401226	0.47994250	0.48745422	0.46532883	0.43182162	0.51796955	0.37920923	0.46412717	0.48699808	0.42709753	0.47245359	0.52822867	0.41468884	0.45388015	0.47009628	0.58497248	0.49005375	0.42439184	0.51551795	0.55502854	0.46010796	0.44389718	0.63067496	0.44616024	0.43786039	0.52031870	0.49657090	0.45169799	0.61912646	0.54946454	0.53378176	0.39968790	0.50697412	0.75409313	0.48741858	0.52640504	0.46315773	0.42219463	0.63042029	0.63916238	0.57277136	0.45265649	0.53539869	0.46824171	0.56702977	0.48162287	0.55577244	0.53468780	0.48043478	0.52863243	0.40259544	0.53972780	0.65121073	0.61590170	0.55520958	0.45646297	0.54111650	0.57062534	0.53080980	0.48048497	0.66143781	0.44627195	0.43930058	0.50906473	0.61125735	0.42988472	0.46019462	0.60343419	0.53605200	0.42313996	0.53154971	0.60864839	0.44701645	0.49962238	0.60342748	0.62645599	0.59027048	0.63906985	0.48849277	0.67128376	0.41787440	0.46913825	0.54484627	0.41707191	0.55001660	0.44367994	0.53864638	0.54817971	0.64286837	0.48224799	0.50290234	0.47621448	0.72170720	0.53812847	0.40386403	0.55020341	0.49347253	0.48193935	0.65128965	0.59869958	0.46560923	0.62049138	0.45551183	0.80009318	0.60237896	0.53755382	0.60599832	0.45775430	0.49795514	0.41076092	0.53909003	0.46941835	0.53910288	0.45943374	0.53698175	0.58626671	0.46771051	0.38932335	0.57751972	0.54570577	0.60184926	0.45964005	0.45214471	0.46538483	0.49684705	0.53989132	0.42381546	0.45080693	0.60394478	0.41295225	0.49846729	0.43929302	0.53700842	0.52525013	0.52417031	0.42353690	0.58648970	0.58078532	0.50504291	0.52757737	0.56254910	0.60369622	0.51833888	0.45073624	0.56426845	0.64046242	0.59428777	0.57729862	0.45259670	0.38270017	0.47653061	0.60438398	0.51489298	0.43022701	0.50073871	0.45832851	0.61685467	0.68661136	0.51791506	0.61743237	0.59778790	0.62451281	0.54625361	0.46946835	0.58107828	0.48802767	0.50144303	0.54716245	0.59037267	0.52294901	0.51391726	0.62324128	0.43311882	0.61016753	0.44440186	0.42179767	0.48433096	0.55050083	0.44505662	0.46165554	0.43295051	0.51235706	0.55654401	0.44353228	0.50907954	0.52242808	0.48775582	0.48223497	0.40375703	0.47349977	0.50911768	0.55422596	0.43697338	0.48964885	0.48143687	0.45290014	0.53071481	0.57578809	0.43326105	0.50315455
02_203	0.69268080	0.55989087	0.64570188	0.59852323	0.50323805	0.42037318	0.42274326	0.74170035	0.47452120	0.58683919	0.57460486	0.57093460	0.77339095	0.67424994	0.52922984	0.48456161	0.43548723	0.44789548	0.53752258	0.47746880	0.63524749	0.46518297	0.70034222	0.77085689	0.56380638	0.49433890	0.58983023	0.44968616	0.52814066	0.71922814	0.41790559	0.59795483	0.47166259	0.45728606	0.43284751	0.42780829	0.39510746	0.47797805	0.46016262	0.50797445	0.45669488	0.40836629	0.44122983	0.64108845	0.52179865	0.58220888	0.57386840	0.42967924	0.57182633	0.52455380	0.45771877	0.44525135	0.59473628	0.46232412	0.55531870	0.39961003	0.46253571	0.44704803	0.49225966	0.50897009	0.49572212	0.65226657	0.60555210	0.48247422	0.40670427	0.44555464	0.45365716	0.43061288	0.50101945	0.53849092	0.43991454	0.39659423	0.58437928	0.41823520	0.47113328	0.74065500	0.48533192	0.45997216	0.44573477	0.45743775	0.57150787	0.47203012	0.62374712	0.51590681	0.50399960	0.56295682	0.52750595	0.42754851	0.57506630	0.47303756	0.39874481	0.47802714	0.52785944	0.53684118	0.47595586	0.41925982	0.52020482	0.50421385	0.47543749	0.37575099	0.40553492	0.58456448	0.50860075	0.46966198	0.40561524	0.49289281	0.42244032	0.68626350	0.49043493	0.78306763	0.48002443	0.40521874	0.41966273	0.35603422	0.44879960	0.45505765	0.38491923	0.50050230	0.48459041	0.49140997	0.41071982	0.50795164	0.44118507	0.46111015	0.43931819	0.57502540	0.45155415	0.46808681	0.38827336	0.40204302	0.45296696	0.41480874	0.69753432	0.43245639	0.38350593	0.43783656	0.33991646	0.38491824	0.47690717	0.43074489	0.44711674	0.51370823	0.42710842	0.55151723	0.52064570	0.55328056	0.47734846	0.57224206	0.38022614	0.40696106	0.46479844	0.46139979	0.44769400	0.41429905	0.53046644	0.39484930	0.38604055	0.41172588	0.43193539	0.48538384	0.43789296	0.41312367	0.43611368	0.44128487	0.36757618	0.44529088	0.67025194	0.60839481	0.54240483	0.39092772	0.45373260	0.41086698	0.50497134	0.52305094	0.39547609	0.45443094	0.39484466	0.38743662	0.43597708	0.38904361	0.41731238	0.68954506	0.42678279	0.46004042	0.48729096	0.39698997	0.41616742	0.43460166	0.45131085	0.39467839	0.52840629	0.36371665	0.39673046	0.45488341	0.53169243	0.44719412	0.45585087	0.63412334	0.43940560	0.39459264	0.54947784	0.45018398	0.55221181	0.44932426	0.47229523	0.40649750	0.49213684	0.41354372	0.48644947	0.42841628	0.62278451	0.36653683	0.43871064	0.59753931	0.37658597	0.49617134	0.56702500	0.40157237	0.50541076	0.41178869	0.44617356	0.52130089	0.40333737	0.33662711	0.46456821	0.42176848	0.45279009	0.45424136	0.44449624	0.43194510	0.64787442	0.49765289	0.39448244	0.50979899	0.51237872	0.38380858	0.49056985	0.37749208	0.53442102	0.50847068	0.45717342	0.43988104	0.52140769	0.42878153	0.43251085	0.43282823	0.40427373	0.41521135	0.34536417	0.42289013	0.49007725	0.53975097	0.46136861	0.40869520	0.46160502	0.76489699	0.39557937	0.44924496	0.46615488	0.44430335	0.38724104	0.37587066	0.50533263	0.57451452	0.39273665	0.35231390	0.52677826	0.45451351	0.41950469	0.59135154	0.41417622	0.49749035	0.49958124	0.47186943	0.48346397	0.73622411	0.41653962	0.52274627	0.36834081	0.64516494	0.44014681	0.52502090	0.40675414	0.40973565	0.46165825	0.45084381	0.40652352	0.37657459	0.36239383	0.42645552	0.46073738	0.39469921	0.35557514	0.38875037	0.43725432	0.38038964	0.38947934	0.43796804	0.55666148	0.43215684
02_90	0.47479498	0.44317857	0.46053539	0.55724525	0.40876722	0.37151762	0.38415687	0.51414259	0.39828705	0.44203107	0.44171290	0.44709858	0.49949376	0.47093190	0.41853841	0.42683083	0.38316258	0.41656892	0.44346593	0.41835753	0.50433620	0.38995050	0.48555740	0.53346108	0.44390718	0.44297947	0.44373383	0.39632771	0.47685036	0.47837899	0.42223759	0.52865398	0.40953417	0.40936614	0.39903248	0.42645087	0.38468986	0.40443812	0.39610915	0.41569568	0.41770805	0.37821309	0.40462225	0.53439827	0.44420862	0.59349153	0.52091965	0.39175110	0.48838723	0.54909875	0.45897153	0.39633693	0.48547325	0.50814147	0.43769792	0.38688492	0.41247055	0.47671351	0.43010408	0.42079609	0.44468357	0.48864409	0.55657588	0.39650670	0.43376286	0.46706973	0.41768073	0.42035683	0.57176149	0.50419536	0.38361933	0.36312510	0.51050382	0.43033263	0.43508812	0.51907376	0.53510923	0.45734046	0.39417982	0.43885319	0.48236973	0.45654696	0.66035883	0.50652356	0.44387037	0.45008756	0.47136759	0.40243953	0.46272904	0.50989904	0.40097090	0.47349411	0.45874680	0.47787681	0.43795401	0.46163896	0.45380649	0.46984268	0.43816687	0.39727117	0.49802801	0.62370903	0.45087084	0.46901150	0.40361393	0.42955951	0.37670714	0.54286645	0.42850488	0.48675564	0.45152752	0.40568040	0.39276296	0.39264318	0.39130995	0.45151521	0.47313767	0.40664728	0.47570380	0.51802249	0.37081598	0.41389553	0.51138883	0.50134715	0.38945812	0.60667159	0.46496342	0.38857990	0.46319933	0.46115505	0.52214013	0.39195075	0.52919095	0.51834570	0.39388437	0.40443442	0.39014259	0.36946842	0.57049624	0.56477946	0.64655854	0.42285909	0.48297065	0.48646488	0.55386308	0.45890620	0.61611083	0.51946291	0.42475495	0.45130263	0.40986075	0.47903357	0.47772475	0.46265676	0.46994773	0.42933604	0.43861192	0.42923920	0.42861193	0.41215325	0.57813722	0.47351199	0.37340964	0.46092612	0.41141866	0.46023741	0.57535057	0.64104667	0.49401487	0.36317191	0.43003656	0.50382721	0.42197270	0.43861854	0.42273249	0.52986279	0.47145395	0.45166311	0.39531100	0.45361904	0.49185064	0.50392565	0.44290562	0.40731244	0.49452781	0.45958189	0.47477536	0.43497279	0.48801784	0.43911297	0.48025445	0.42803755	0.47144532	0.49503245	0.45458856	0.47530517	0.40440160	0.58570299	0.51699522	0.42944240	0.47141157	0.47989902	0.42607023	0.55007365	0.56109696	0.53425536	0.63257590	0.37683982	0.44720888	0.40445845	0.71400922	0.43367982	0.47412630	0.47140153	0.40019843	0.62335418	0.54544682	0.38421254	0.79656189	0.42068564	0.50079986	0.43849189	0.44524728	0.38133985	0.61974540	0.40747380	0.47675340	0.44332293	0.56483135	0.38909098	0.61097969	0.40037015	0.49681637	0.62763464	0.45873161	0.43494881	0.63408970	0.40550260	0.50774680	0.49397029	0.47878739	0.46674641	0.64827828	0.37104550	0.43706843	0.44754692	0.49635834	0.45583951	0.37415710	0.37416477	0.44626163	0.71205094	0.46144719	0.39142963	0.41116195	0.51034877	0.42359633	0.51715000	0.46248213	0.55619255	0.46179014	0.42895632	0.72517977	0.44588199	0.46511184	0.39743725	0.43693251	0.49366101	0.44778361	0.56058282	0.39352586	0.59752863	0.41577142	0.47792600	0.39342340	0.47347169	0.38521887	0.65469225	0.37474444	0.49614146	0.37661204	0.57662248	0.42772173	0.39002268	0.43468099	0.61285554	0.43847036	0.41324927	0.35101709	0.38599973	0.44189182	0.45271781	0.40280962	0.38521167	0.40666306	0.38402090	0.40031115	0.50237201	0.48545934	0.55960784
02_235	0.49365970	0.48131400	0.48256805	0.52885610	0.45526206	0.40123032	0.42467958	0.48315102	0.48933817	0.51077486	0.49733396	0.48013591	0.48563172	0.49616764	0.48851649	0.53405012	0.41380260	0.56765285	0.52547256	0.42201881	0.50965345	0.48453394	0.47899526	0.49755844	0.48299764	0.51095374	0.46060436	0.42272244	0.58437623	0.48220162	0.46190544	0.58885227	0.54522744	0.44874138	0.43161425	0.45672476	0.43681269	0.50687479	0.41967426	0.45809036	0.43818458	0.43239175	0.54654437	0.55689434	0.44938220	0.53985850	0.53436259	0.41907594	0.55459406	0.55006721	0.59474049	0.45984681	0.53064189	0.60764843	0.48523814	0.44426578	0.50212805	0.43468585	0.47693398	0.49524022	0.41853162	0.55165830	0.56040038	0.48887529	0.47918899	0.44692338	0.43411951	0.54237735	0.69505679	0.63434657	0.50310891	0.43790227	0.59696960	0.48230247	0.42733254	0.47575809	0.54310956	0.43862822	0.50324786	0.58668042	0.55685701	0.55278630	0.58538593	0.59559782	0.41675655	0.45012003	0.60330308	0.55661856	0.58069933	0.58501462	0.45729600	0.62708824	0.53727479	0.48472768	0.46072294	0.51838593	0.54457519	0.53824270	0.57151929	0.48012274	0.63290423	0.49810184	0.50351821	0.49943336	0.45043910	0.57906311	0.38739926	0.50502041	0.53991432	0.45716224	0.48877479	0.53721730	0.45725379	0.44340337	0.49373019	0.60512906	0.48147014	0.44329575	0.50386798	0.57387532	0.50065869	0.49737987	0.61750857	0.46762116	0.47168737	0.53964495	0.54816282	0.49008558	0.57920720	0.59579487	0.54886334	0.40301882	0.54497059	0.77427164	0.49119011	0.57049228	0.45572290	0.44120135	0.70036195	0.59406934	0.57382515	0.46819380	0.54921874	0.49800507	0.59700897	0.54029748	0.56649178	0.59714054	0.48526197	0.53407610	0.42095629	0.61903014	0.61105346	0.57659935	0.58151303	0.46668271	0.52757740	0.56742157	0.58901991	0.52238664	0.69028145	0.45870468	0.46848786	0.53978833	0.56994831	0.42659325	0.47861306	0.64453286	0.60412066	0.44639166	0.58960385	0.63331621	0.45442864	0.56739199	0.60405758	0.60279232	0.53301853	0.58635723	0.54054119	0.65837464	0.41594178	0.49757984	0.53755655	0.43370724	0.61743367	0.42588533	0.53133983	0.55657071	0.70040789	0.45245150	0.54432736	0.45716431	0.64939799	0.52386366	0.41927446	0.61619635	0.51911217	0.51124564	0.58465871	0.58922124	0.52433048	0.57681610	0.49716837	0.70669383	0.56344658	0.55442317	0.58301113	0.47805799	0.56438893	0.40820421	0.54737786	0.44124377	0.49672982	0.46557147	0.50510488	0.59837062	0.48686705	0.39421370	0.54849738	0.56186180	0.63372197	0.46229575	0.44267921	0.45106402	0.49873700	0.53852261	0.42613585	0.45225142	0.53031080	0.42069755	0.49698276	0.44898119	0.53496335	0.51273326	0.56790762	0.41019295	0.55600955	0.55667994	0.52112454	0.51330399	0.59990328	0.55759295	0.51866377	0.46395609	0.59662193	0.60018354	0.57892024	0.54404742	0.43992643	0.40332217	0.45799672	0.56455475	0.52490068	0.43735625	0.49476106	0.46525526	0.54980846	0.64353761	0.48634558	0.52531107	0.56424678	0.63298636	0.50064726	0.47573684	0.51343760	0.45034245	0.53269952	0.48795417	0.52711314	0.49544963	0.49628916	0.57142894	0.42083362	0.57824681	0.44455299	0.42816654	0.46536185	0.50306911	0.42480516	0.47857736	0.44103130	0.46629301	0.49492211	0.43643597	0.47087508	0.47100023	0.45310413	0.46295477	0.40857777	0.51113138	0.49786046	0.48246737	0.41566704	0.46389713	0.55656142	0.42219294	0.48111192	0.52309826	0.45573309	0.45339492
02_40	0.46883877	0.47187277	0.45158416	0.44469884	0.40480197	0.37286066	0.40427283	0.44271104	0.43017523	0.51116518	0.53386591	0.50754780	0.46800689	0.49893644	0.45093093	0.42907424	0.39778054	0.44843670	0.42520930	0.41718531	0.44440862	0.43117492	0.48534557	0.47506890	0.41460817	0.41089321	0.42227378	0.42545215	0.46250153	0.46483004	0.38799525	0.51097344	0.43881541	0.37927943	0.38837041	0.41330966	0.36732775	0.42334893	0.39237935	0.40933103	0.42330164	0.37548242	0.42698030	0.49346660	0.46355561	0.44954363	0.53630614	0.44595957	0.51506815	0.46124309	0.44651309	0.42805704	0.58805122	0.52063840	0.50267468	0.37666971	0.39262950	0.38976440	0.38510535	0.44993336	0.38854204	0.51644245	0.44788797	0.45323626	0.48127905	0.47027137	0.36905820	0.41410382	0.52163725	0.53199642	0.46625776	0.39441764	0.49378074	0.43295993	0.44748880	0.46605147	0.50473907	0.38535488	0.41242720	0.45053755	0.45359840	0.74153871	0.54213528	0.53918839	0.40246304	0.41672416	0.46026717	0.42949350	0.52267981	0.76610283	0.42888050	0.65526909	0.42613295	0.41766333	0.37811090	0.50226103	0.48082520	0.45577726	0.51762755	0.43662021	0.54946688	0.50418308	0.44898883	0.56220048	0.47395826	0.46783678	0.35571282	0.43634346	0.61332056	0.45921839	0.38064099	0.49344884	0.43064342	0.40963348	0.46210632	0.50331858	0.41825675	0.39587920	0.42762521	0.42194099	0.40945386	0.55522427	0.43576326	0.43742667	0.45503792	0.58692503	0.65246163	0.46471581	0.41947985	0.50424169	0.64484595	0.37388345	0.52903802	0.58538813	0.46865327	0.47982822	0.38385277	0.38736179	0.60598100	0.43827544	0.46848858	0.39712442	0.77900210	0.39796441	0.76807256	0.60234915	0.61354035	0.48876448	0.51576002	0.42680439	0.41785037	0.72200503	0.50022691	0.51255411	0.53978247	0.47204621	0.49584400	0.57860895	0.50567634	0.55575672	0.54655473	0.38908673	0.44816964	0.64977720	0.45387003	0.41101655	0.48485788	0.53323532	0.62015540	0.42211121	0.44767208	0.57261917	0.41224744	0.48462686	0.51014910	0.71551465	0.40341188	0.43386709	0.44283259	0.47779601	0.42868184	0.43019757	0.47878162	0.39398445	0.76401281	0.40158443	0.47140547	0.59900707	0.67821779	0.42185933	0.69541800	0.37435548	0.48237676	0.40444373	0.41625037	0.53456264	0.42145265	0.44473353	0.45606583	0.42950864	0.45981721	0.44817145	0.54170701	0.51110201	0.57305109	0.46408522	0.45061498	0.44369800	0.53832310	0.37590234	0.54176018	0.36388381	0.44522953	0.43481889	0.49737216	0.49738429	0.45237563	0.33625197	0.53897881	0.44490120	0.70853627	0.39864241	0.37525266	0.39246159	0.43330571	0.49496446	0.45295720	0.39606482	0.43361518	0.39999571	0.50727496	0.41695581	0.47079203	0.49853506	0.67266007	0.38357866	0.64329058	0.43382224	0.41404996	0.41368575	0.63301588	0.57883379	0.44743057	0.45454060	0.43354081	0.48018746	0.52470129	0.68323430	0.38206242	0.44367607	0.42241473	0.57087287	0.81930861	0.47558008	0.47095995	0.46477209	0.50215968	0.53674074	0.47704561	0.43854205	0.50312048	0.46889533	0.51127516	0.42369828	0.39856895	0.39865920	0.53339410	0.41772710	0.42453327	0.50222317	0.48499039	0.49351635	0.39689960	0.61677877	0.42094833	0.44314937	0.47125653	0.46978777	0.41809865	0.42259182	0.45174401	0.48615154	0.51675431	0.47541591	0.46071836	0.44404519	0.54487844	0.44335559	0.35978946	0.42553025	0.66284876	0.39285925	0.43998720	0.44776303	0.43552887	0.42810820	0.50727536	0.58456932	0.40382516	0.42064877
02_244	0.37859235	0.41827328	0.37708537	0.39808948	0.37939190	0.41334019	0.44798072	0.36997655	0.40206611	0.38901427	0.37835070	0.39721041	0.37053000	0.37638365	0.39061215	0.44329822	0.42596597	0.45673084	0.41450524	0.41908200	0.38592436	0.39967974	0.37480253	0.37591708	0.38791762	0.41707633	0.37047703	0.42582893	0.46000980	0.37247040	0.53279024	0.41810011	0.43414915	0.44726666	0.46215934	0.48671108	0.50238534	0.41389114	0.41626658	0.38004682	0.44124816	0.47692962	0.44903593	0.41609618	0.41041182	0.40480907	0.44853802	0.42074700	0.45585902	0.46398425	0.47230488	0.46592962	0.39412764	0.52295797	0.41138272	0.51291346	0.41890101	0.44874770	0.39688138	0.39805125	0.40955805	0.40339212	0.41690087	0.39664676	0.54965449	0.45660992	0.44523664	0.51503765	0.47014416	0.44162821	0.41462088	0.47391256	0.46354428	0.55776056	0.42711495	0.36873105	0.52254484	0.45555142	0.45348943	0.46987108	0.42189715	0.41886462	0.41776262	0.44478530	0.40178581	0.39650687	0.45084492	0.46074882	0.42787797	0.43188385	0.50931943	0.44587783	0.42470631	0.41762347	0.44690191	0.53513530	0.41058854	0.50538632	0.42899480	0.65186199	0.48615011	0.40124961	0.40579551	0.46563051	0.49901513	0.44696880	0.40537939	0.38673728	0.41601654	0.35799535	0.40774823	0.45501500	0.46886261	0.57120621	0.41295422	0.47477294	0.65101437	0.36934664	0.41915758	0.45079918	0.42944322	0.38719633	0.49408429	0.48654761	0.46910983	0.40518114	0.46731575	0.40025881	0.51089452	0.61570554	0.49327443	0.43301444	0.40591545	0.53983290	0.53912820	0.46402479	0.73785985	0.52723469	0.47750267	0.48380353	0.44722260	0.39072593	0.43293619	0.39744406	0.43635055	0.40535376	0.44124643	0.43716053	0.55193176	0.65470128	0.43096757	0.44417533	0.49311089	0.48120125	0.44564565	0.54142225	0.66578562	0.47043714	0.56368976	0.41417830	0.49276036	0.51917800	0.42186176	0.49829878	0.53328087	0.45060181	0.38946220	0.45004693	0.43122042	0.46090158	0.46605254	0.48793087	0.38781457	0.43096289	0.51143345	0.46716260	0.48235363	0.52889740	0.44610946	0.54836727	0.43206209	0.38931023	0.44729084	0.45581235	0.44350517	0.48212798	0.70410961	0.49329398	0.49790899	0.49096637	0.42524883	0.59766997	0.55204861	0.43817885	0.40306159	0.46379801	0.43656926	0.39368973	0.48566104	0.51776442	0.41934246	0.48334271	0.39069736	0.52820411	0.44541197	0.54342628	0.45713478	0.47441719	0.42932863	0.43324055	0.41569590	0.54747189	0.42975530	0.37999827	0.46027671	0.45226459	0.45137336	0.43039894	0.42731490	0.59963965	0.47595152	0.39022975	0.53653654	0.75866732	0.48532145	0.46109040	0.44279105	0.43929240	0.47317203	0.45198953	0.39039142	0.38094385	0.58729542	0.40528183	0.43146597	0.45573676	0.43416642	0.51923427	0.42845783	0.42836003	0.52459004	0.46561375	0.43987082	0.40359484	0.48778113	0.51128456	0.48207045	0.46981820	0.67167896	0.41036053	0.40090129	0.45572384	0.42157486	0.48384391	0.42470017	0.37418825	0.50311699	0.50867660	0.47441672	0.45942046	0.56434108	0.53993715	0.41164083	0.39545929	0.48256843	0.68572256	0.42431699	0.43273030	0.48287290	0.40451123	0.45072279	0.47092987	0.37021693	0.48344355	0.38641779	0.35359574	0.42151699	0.41940360	0.53968759	0.38623173	0.43054603	0.40576293	0.45140471	0.47750867	0.42434776	0.41621232	0.48025777	0.56462132	0.49849779	0.43525473	0.42169203	0.45990673	0.51610946	0.52263948	0.43912460	0.48894161	0.45867899	0.50518602	0.39468464	0.41553170
02_223	0.40993492	0.40002594	0.41739557	0.43545400	0.43815683	0.39803108	0.39926323	0.40073390	0.44250621	0.39661506	0.37122213	0.37344340	0.39624347	0.38927715	0.42543661	0.49847571	0.38266856	0.50702510	0.47623029	0.37214246	0.41068524	0.43137747	0.38817558	0.40387850	0.45700976	0.52229262	0.42388799	0.36715852	0.45736303	0.40393764	0.45935818	0.42805836	0.46109895	0.45515094	0.42234585	0.39372903	0.45507533	0.46224116	0.40621616	0.44465056	0.37148403	0.42187427	0.49386852	0.42593094	0.37141543	0.44862959	0.42009279	0.34839737	0.42647005	0.44791460	0.59767017	0.41283862	0.39153984	0.44293860	0.38665528	0.43381451	0.49827103	0.40608859	0.49854728	0.44067245	0.38312209	0.41404893	0.48011092	0.41523773	0.40256143	0.38846971	0.43708854	0.54097654	0.48732386	0.43781146	0.41976658	0.41202646	0.49343460	0.42052639	0.36929941	0.40612446	0.49470144	0.42065341	0.46940096	0.55626172	0.49419010	0.38989953	0.45039223	0.49875044	0.38843475	0.43234737	0.50796848	0.50016048	0.44306375	0.41221596	0.38291520	0.41029942	0.51493096	0.40939036	0.48234988	0.48526458	0.40154595	0.45557809	0.40136748	0.43870103	0.44796230	0.42363293	0.47704433	0.39278835	0.38812112	0.47183880	0.40324813	0.43357204	0.39555478	0.38489306	0.53154073	0.47273811	0.37409352	0.46218204	0.43482238	0.53016503	0.48925629	0.43112698	0.55397742	0.59621201	0.44139518	0.36753022	0.68316214	0.41955835	0.40343509	0.42917163	0.39663614	0.40964747	0.70158992	0.45722901	0.42750350	0.42353499	0.44080769	0.53848145	0.45367498	0.46935268	0.48467446	0.42637570	0.46565929	0.67410228	0.49131085	0.47448668	0.40461990	0.47773985	0.42978880	0.39005487	0.44189764	0.46271691	0.41551488	0.56450521	0.38578339	0.40866733	0.60248648	0.54362098	0.48225523	0.41615167	0.48745371	0.46363955	0.46811077	0.40313548	0.49623362	0.45499875	0.40667310	0.40797896	0.56410474	0.43540461	0.41408475	0.50659732	0.43442131	0.40517212	0.48797365	0.45015542	0.45615989	0.43519157	0.51549360	0.46581957	0.81042844	0.70195866	0.44294415	0.56376912	0.39206747	0.45352868	0.51415389	0.42402189	0.41483419	0.46445816	0.51141257	0.45076165	0.46202153	0.51100833	0.39905309	0.57006772	0.60075387	0.65285250	0.38715770	0.43251693	0.49149269	0.44071518	0.72164399	0.61074210	0.41022693	0.69234352	0.38520595	0.61600678	0.49799198	0.46859556	0.58871988	0.43321994	0.40259053	0.44377083	0.45499418	0.59221398	0.56116203	0.45039678	0.47223069	0.48623215	0.43678200	0.44264265	0.47624638	0.53145891	0.43535039	0.48989154	0.51447555	0.47121687	0.48108622	0.48484847	0.38993066	0.49460212	0.71927104	0.41647312	0.44131087	0.43433918	0.46307618	0.47068154	0.41286516	0.45137838	0.45247506	0.56106951	0.51385987	0.59066578	0.43632888	0.49603610	0.47871154	0.41298667	0.55446745	0.59828702	0.45563659	0.44258712	0.47414428	0.34067983	0.49677439	0.49242519	0.39451814	0.38567189	0.46890311	0.42091067	0.53639577	0.52129870	0.50356471	0.69783674	0.47920773	0.54068614	0.46657216	0.46718640	0.80939457	0.52187953	0.42072744	0.64262845	0.66321401	0.47363268	0.46374759	0.53576039	0.44764698	0.47115307	0.43524165	0.38704285	0.44185883	0.49870038	0.43788878	0.43992094	0.39855669	0.46848437	0.48594264	0.40077774	0.49445010	0.47451877	0.41368469	0.43218996	0.41846270	0.43647127	0.40259206	0.70505356	0.38749727	0.46574922	0.43327808	0.44532076	0.46100813	0.45561270	0.41175222	0.47332925
02_290	0.38607317	0.38692328	0.38523274	0.41563573	0.39316830	0.36075785	0.37615572	0.37763811	0.43003024	0.40059108	0.38640076	0.37705845	0.37539714	0.38227875	0.40732345	0.47289736	0.36134360	0.52350495	0.44701889	0.35387903	0.40300446	0.42823044	0.36987170	0.38012018	0.40632708	0.44995396	0.37840534	0.35890435	0.47510057	0.37791847	0.42584665	0.44056785	0.49600613	0.40506549	0.38462707	0.40023229	0.41965852	0.45462218	0.36648698	0.39495006	0.37030839	0.40452602	0.52285250	0.42363222	0.36115380	0.42148855	0.40607009	0.35413496	0.42733580	0.43901477	0.53612577	0.40341114	0.39960874	0.48361738	0.38792840	0.42737320	0.47297395	0.37215593	0.42751130	0.41569603	0.35334492	0.42074998	0.44177861	0.41667739	0.41305907	0.36687960	0.39064147	0.53288973	0.51632457	0.47923353	0.44903786	0.41498439	0.46133926	0.42976604	0.35544017	0.36939466	0.43584389	0.38420214	0.47913720	0.54391353	0.44856748	0.42838169	0.42348951	0.45988463	0.34583223	0.37526143	0.50965232	0.55535370	0.45766183	0.43517852	0.41613855	0.47308921	0.46403804	0.40050177	0.41846373	0.44608539	0.44499994	0.45167902	0.47360286	0.45887117	0.53703865	0.37822381	0.41945662	0.39767742	0.39330768	0.51092070	0.35163053	0.39659278	0.43356182	0.35977652	0.44281155	0.49241320	0.40652906	0.42636811	0.44338355	0.52022068	0.44831307	0.38193770	0.43806218	0.49890054	0.50948761	0.40192400	0.58257582	0.38731040	0.41861467	0.40184714	0.42652080	0.42666817	0.63323527	0.53828847	0.43033381	0.36397611	0.41528551	0.59074272	0.46422952	0.54702250	0.48977910	0.43612937	0.51470082	0.53497430	0.47008134	0.41718757	0.43558743	0.42614995	0.44342451	0.42137687	0.42231016	0.47865670	0.42798527	0.50493098	0.36136828	0.46156196	0.55030874	0.51280605	0.47479494	0.40487361	0.49369344	0.50436526	0.51524502	0.43897338	0.53519534	0.41204570	0.42654626	0.43939699	0.74685092	0.36722813	0.37075493	0.47446062	0.44382946	0.41302572	0.56927184	0.53955905	0.39624174	0.48212913	0.59171468	0.47472419	0.56166342	0.66059004	0.53324074	0.78503092	0.34821623	0.40642758	0.46812143	0.38980706	0.46114517	0.37908388	0.48464122	0.48345033	0.55948531	0.41591592	0.42267407	0.46056355	0.77749141	0.47252380	0.34947393	0.52678732	0.50710498	0.40856444	0.53150226	0.73175874	0.43107289	0.55322859	0.40534286	0.63678341	0.44799616	0.47959562	0.49477418	0.45735458	0.47251434	0.37133580	0.41439477	0.44863555	0.44400242	0.38823974	0.49715025	0.48751203	0.39940772	0.37780278	0.42826042	0.60355080	0.51231758	0.41254266	0.42247882	0.50402628	0.41493858	0.51650040	0.35825275	0.39593937	0.48420901	0.38385596	0.38979021	0.40048688	0.49741503	0.39981350	0.45543330	0.36610364	0.43513507	0.80199209	0.46093120	0.46721541	0.50342287	0.49128497	0.43407376	0.43836362	0.62442749	0.63940080	0.54783113	0.47953158	0.49283249	0.35564060	0.40972915	0.44795651	0.43325573	0.39840021	0.46026553	0.38059636	0.60065708	0.61401086	0.43794582	0.49518657	0.60476699	0.73758900	0.41369348	0.42314455	0.56415561	0.50342083	0.46601547	0.46362045	0.59622206	0.41136742	0.49988170	0.51113448	0.38364475	0.53005620	0.41341285	0.35717616	0.46175672	0.43693411	0.43624131	0.40952648	0.41593386	0.40069670	0.48399134	0.41298513	0.44419764	0.42858151	0.42096983	0.49274773	0.43604847	0.52572289	0.43981610	0.53994840	0.41526810	0.49831902	0.51557400	0.42526137	0.49717400	0.48556006	0.39314082	0.42904670
02_110	0.48757242	0.44730169	0.50343071	0.44457867	0.50595903	0.42159425	0.41988629	0.44630736	0.47888510	0.45539328	0.41850770	0.41764657	0.46309292	0.45444674	0.49144068	0.49223210	0.40612089	0.48533594	0.48496170	0.39818473	0.42613412	0.46380947	0.46329582	0.47042189	0.51451732	0.54019428	0.51735841	0.39144172	0.43375832	0.48508128	0.41124702	0.44294092	0.43754762	0.43901926	0.42523260	0.37079117	0.40614783	0.46858551	0.44142100	0.52328204	0.37601255	0.39370626	0.45292895	0.44652869	0.41116182	0.45799130	0.47193674	0.36894068	0.45237399	0.43103022	0.55874666	0.42400956	0.45420762	0.41755191	0.43163126	0.38298045	0.45456492	0.39417004	0.49975027	0.51330997	0.39343077	0.45193983	0.48755214	0.46099119	0.40009637	0.42749360	0.41217911	0.45614172	0.46162031	0.43420695	0.44269174	0.39570155	0.52871070	0.39024288	0.40007999	0.50659544	0.55431373	0.39938303	0.43509690	0.51763743	0.54117932	0.43357782	0.52038378	0.62918116	0.43810590	0.51352620	0.48184996	0.44430015	0.47562512	0.47023708	0.35577660	0.42278742	0.51598687	0.40006822	0.44349496	0.53506038	0.39347408	0.43462254	0.38931132	0.40210375	0.41524249	0.53519937	0.59861743	0.42952996	0.40313976	0.45311537	0.42093035	0.47104221	0.43591879	0.46388936	0.49410378	0.50386666	0.35666620	0.44573524	0.47215956	0.56251924	0.42831221	0.50757571	0.69095515	0.52707363	0.39898535	0.40048798	0.52300766	0.42697667	0.40992561	0.54443629	0.42764374	0.44416018	0.49482367	0.40559397	0.47251428	0.45145290	0.53218273	0.51899981	0.45398961	0.44462242	0.38997955	0.38236174	0.45756565	0.54621570	0.46280667	0.50358157	0.45246548	0.46409460	0.49215282	0.42524545	0.52540091	0.44862306	0.42661546	0.47808180	0.41567567	0.43520885	0.61390242	0.59922940	0.54618116	0.43214324	0.46377065	0.49861458	0.44762724	0.43959338	0.46668994	0.40661214	0.42392872	0.43121807	0.45591729	0.49142420	0.51608378	0.54078367	0.50605111	0.41271251	0.42582767	0.42052779	0.54486768	0.42421110	0.49071898	0.53374548	0.53014203	0.50919202	0.39974825	0.45326988	0.44051964	0.49636926	0.61092206	0.42113523	0.44673921	0.50143928	0.46708842	0.48318602	0.45319100	0.56411825	0.44706596	0.45103486	0.47195940	0.61035730	0.43290499	0.40065343	0.45176003	0.45859085	0.66867945	0.45888629	0.40050522	0.60029383	0.42947200	0.51538775	0.66035836	0.41798958	0.53297817	0.42598332	0.39289136	0.47224743	0.54229377	0.45662662	0.76610471	0.57331337	0.49246669	0.45804043	0.45054897	0.39961085	0.55303412	0.43561540	0.43366935	0.53792638	0.44275451	0.38125748	0.46926952	0.49486049	0.43055739	0.55805542	0.65836682	0.42981878	0.57496296	0.49389392	0.40381951	0.66829640	0.44719447	0.49724424	0.53006559	0.43474020	0.46851340	0.56352576	0.42529921	0.56714969	0.45991243	0.43367542	0.45046017	0.51284604	0.40817089	0.47951450	0.38232188	0.35300374	0.61641963	0.55621050	0.43410966	0.39487115	0.50737356	0.50855228	0.49424659	0.45611814	0.57324151	0.62606670	0.40613433	0.44709591	0.53666166	0.49533739	0.51141903	0.41772402	0.42646619	0.64823948	0.49942991	0.60874359	0.46498680	0.48831036	0.52135754	0.46482746	0.47026523	0.45632685	0.45863515	0.51245212	0.40938625	0.44718343	0.40643101	0.57571232	0.52140126	0.40734526	0.55389299	0.45674434	0.43098659	0.37127330	0.35594710	0.38759446	0.43399368	0.49302369	0.35652923	0.42477513	0.39062443	0.44002870	0.46292056	0.44237920	0.39961275	0.43539854
02_52	0.51671391	0.49020366	0.54073923	0.44718820	0.59792280	0.46947054	0.46664493	0.44975185	0.62255795	0.51296369	0.45421907	0.44634702	0.47053502	0.48023785	0.59451757	0.63904336	0.44536741	0.65456657	0.58857490	0.41542884	0.44564701	0.60277463	0.47069008	0.46542218	0.58918629	0.65527859	0.55373962	0.42026653	0.49162880	0.50411648	0.44646215	0.46891788	0.56463111	0.49878330	0.46721221	0.39425062	0.46040228	0.61867986	0.48527426	0.61351785	0.39879305	0.45268153	0.59757690	0.46852525	0.42458199	0.44988373	0.48094361	0.39121516	0.49444250	0.44150507	0.70935843	0.49063476	0.47604918	0.44051072	0.47642609	0.43562015	0.56606885	0.38840710	0.58105541	0.62695378	0.39999801	0.49651340	0.50202665	0.57573461	0.41681778	0.41395030	0.44660420	0.56739517	0.47878023	0.47706477	0.57287678	0.47598027	0.60035412	0.42059599	0.40792093	0.48678867	0.53369379	0.40972769	0.56820527	0.70373043	0.62676221	0.46112507	0.48865809	0.66287062	0.43230001	0.53832550	0.58827767	0.58246539	0.57294707	0.46698787	0.38808336	0.46020718	0.62877302	0.42134360	0.49053962	0.53773022	0.43886397	0.48557764	0.44164261	0.44548754	0.42491959	0.46442654	0.67253402	0.43915972	0.43131342	0.58565813	0.45476282	0.47079470	0.50137413	0.46406696	0.54328382	0.61507122	0.39761270	0.46263518	0.62638397	0.72878485	0.42278198	0.57792319	0.70500860	0.55809341	0.51776203	0.45356480	0.55594471	0.41716853	0.48838674	0.48985392	0.44465070	0.56649440	0.52217701	0.43531284	0.45959134	0.47435482	0.55521896	0.54107012	0.52343913	0.59376908	0.41642286	0.45062323	0.46726713	0.51341486	0.43087950	0.61397274	0.44626982	0.49463438	0.49041173	0.47160062	0.46393525	0.49621975	0.43639573	0.51815270	0.44259938	0.45848377	0.75987282	0.62650651	0.69705020	0.43762822	0.49210213	0.57059543	0.53345630	0.53431182	0.45870965	0.40553631	0.54425723	0.45537454	0.53251852	0.46223943	0.47170415	0.54381455	0.54588984	0.49358325	0.52384965	0.43159342	0.63673726	0.51489283	0.58634013	0.52039798	0.54009084	0.55886208	0.50467230	0.50318761	0.39252244	0.52677158	0.66407197	0.47327010	0.47336127	0.45012980	0.49061326	0.56360451	0.50281973	0.53214546	0.47896295	0.45377653	0.51948800	0.59978616	0.43305791	0.43821565	0.61175580	0.45329702	0.64895470	0.54705285	0.44026478	0.73506588	0.49700404	0.54620274	0.56179479	0.40982796	0.50866147	0.54909911	0.44512952	0.49630000	0.49064177	0.45261706	0.66746736	0.59415965	0.56241655	0.45540529	0.45226140	0.43280998	0.47066097	0.53800724	0.45918194	0.62993439	0.45199722	0.41627168	0.43074898	0.66958596	0.41123216	0.55758962	0.56748796	0.48911205	0.50873863	0.62679366	0.40946805	0.50645498	0.51125928	0.44289083	0.47813666	0.53104409	0.50786119	0.62508652	0.46992323	0.62541138	0.44298967	0.57750169	0.55239920	0.68543613	0.42292627	0.50705373	0.43192139	0.38760279	0.68277827	0.50894538	0.46099947	0.44086755	0.71343731	0.51564739	0.60897491	0.50101200	0.63595631	0.56747110	0.43688989	0.50183122	0.46298862	0.60478315	0.53259282	0.45923274	0.52022318	0.63965019	0.60679787	0.57093357	0.62557194	0.50110530	0.59697946	0.54231834	0.62249781	0.46676177	0.60641937	0.47992151	0.47314869	0.48169861	0.50855656	0.51216638	0.59629053	0.46954053	0.69290539	0.42553781	0.45051783	0.40988669	0.42144121	0.48827039	0.48363378	0.52784801	0.37273413	0.53205069	0.46495589	0.50576398	0.55538954	0.46516774	0.41887173	0.41554797
02_284	0.43431634	0.42552862	0.42128389	0.53616060	0.38376813	0.36322168	0.38057510	0.47109581	0.38416926	0.41819664	0.42183308	0.43006939	0.45313656	0.43584071	0.39550220	0.41957632	0.37764455	0.41576984	0.42891992	0.41190694	0.48561279	0.37771174	0.44217927	0.47904016	0.41488213	0.42394830	0.40544211	0.39322196	0.48990392	0.43437000	0.44305240	0.52035296	0.41216979	0.40725468	0.39797526	0.45615494	0.39683837	0.39559848	0.38356805	0.38854122	0.42669140	0.38753494	0.40830535	0.51919390	0.43038764	0.56758792	0.49972903	0.39417776	0.48198037	0.57852377	0.45353646	0.39620583	0.45673149	0.56160883	0.42299735	0.40789351	0.41060117	0.49491659	0.41231263	0.39756690	0.44058856	0.46780978	0.53162187	0.38170133	0.45870397	0.46186060	0.42186411	0.43456722	0.60983553	0.51648383	0.37793371	0.37007717	0.49200260	0.46365207	0.43068053	0.45605068	0.52120136	0.47392217	0.39868597	0.43823087	0.45535330	0.45055148	0.58264126	0.47244692	0.42019024	0.41714061	0.47165885	0.41113306	0.45027182	0.49569856	0.43613051	0.48594318	0.44353600	0.48535055	0.44000195	0.45871783	0.46641384	0.48730047	0.45805048	0.42371196	0.55938572	0.52950423	0.41826176	0.46922131	0.41300926	0.43285444	0.36784208	0.49860058	0.42143660	0.43682357	0.43844895	0.40121983	0.41626864	0.40368315	0.38169460	0.44313679	0.52678849	0.37886938	0.44226449	0.51318535	0.38016390	0.40664238	0.53208229	0.51327300	0.39405725	0.52894968	0.47082879	0.37865589	0.49052183	0.52300399	0.52618081	0.38251370	0.48231094	0.54254559	0.40182009	0.41249241	0.42997817	0.38796306	0.61727555	0.58516425	0.71691848	0.40278020	0.48068831	0.47049586	0.53414393	0.45063514	0.57011290	0.52984879	0.44177430	0.47605285	0.40315749	0.48450382	0.47260389	0.45479871	0.45297248	0.44003379	0.46376371	0.42919633	0.44494477	0.40566889	0.64417139	0.51416008	0.37063542	0.47544763	0.43722282	0.44225756	0.49939729	0.60725366	0.46953961	0.36482084	0.45069703	0.56665343	0.39458357	0.44549444	0.43297079	0.52115010	0.48760618	0.47460085	0.41155458	0.49558688	0.47625022	0.46735700	0.42490127	0.40882403	0.49724380	0.45157627	0.51195902	0.43791387	0.51789286	0.43041765	0.47075953	0.45505190	0.51788713	0.47502779	0.43334348	0.52306477	0.40761252	0.55181706	0.50803657	0.45715002	0.48445428	0.47832351	0.41273064	0.60223427	0.51741199	0.63621536	0.64309902	0.38231686	0.46924511	0.39356277	0.60532373	0.45938544	0.44470913	0.42717392	0.40175148	0.69354755	0.54378681	0.38991000	0.67390648	0.45225616	0.53805906	0.41331126	0.46813307	0.42302010	0.65098898	0.40743510	0.46991128	0.42088687	0.55240578	0.38736059	0.51932066	0.38050448	0.59913109	0.52702888	0.45682424	0.42219592	0.59581473	0.43486180	0.51070473	0.47734883	0.51931104	0.45861018	0.68714448	0.36722089	0.45965855	0.46304628	0.57730049	0.46264282	0.40985753	0.38213350	0.41704596	0.66809408	0.46276541	0.40347542	0.40225667	0.46059422	0.43858820	0.58282619	0.45091014	0.55094113	0.54050019	0.45981834	0.64256358	0.42740612	0.48784127	0.43419783	0.44296237	0.47540871	0.46809445	0.50364616	0.39743542	0.66006567	0.39076632	0.50239964	0.38102723	0.43308469	0.38483551	0.63999121	0.39275614	0.47996177	0.38056232	0.52570403	0.42761751	0.40184353	0.42220760	0.66259316	0.45728359	0.47355854	0.37540011	0.40412782	0.44669353	0.47518639	0.45434130	0.40456430	0.42520371	0.39377536	0.40936254	0.55584453	0.49237275	0.61840682
02_63	0.52770747	0.49226571	0.51117143	0.64605124	0.47422627	0.40625797	0.41198440	0.57626033	0.49223173	0.51327262	0.49796580	0.48555691	0.53404276	0.51833453	0.49301239	0.56509908	0.41574529	0.53469799	0.62832208	0.43314585	0.67073193	0.48543661	0.49511079	0.53840192	0.53863146	0.53753962	0.48702779	0.42021681	0.76421507	0.51496678	0.48090306	0.65762475	0.61701936	0.50185247	0.44024043	0.48027370	0.45525397	0.54347396	0.42880370	0.46941638	0.45830215	0.46135803	0.56535141	0.64564443	0.44976565	0.61580960	0.49751168	0.40338642	0.56303677	0.60182982	0.53067644	0.45415254	0.49192339	0.54083105	0.48480268	0.47864349	0.60361869	0.45739336	0.54857575	0.48259109	0.46747223	0.60601921	0.68598113	0.48078961	0.41393749	0.39748766	0.50238066	0.55646265	0.60887076	0.66038667	0.46654672	0.43626249	0.59948354	0.46875923	0.41382341	0.48719650	0.45154366	0.48684669	0.55075923	0.54279400	0.59371788	0.44214434	0.52993349	0.47834151	0.42582665	0.46733681	0.70893042	0.55842630	0.58972302	0.43713888	0.45285586	0.50972284	0.60787442	0.62607594	0.54814922	0.40438830	0.66530572	0.58632533	0.59105370	0.41451987	0.46399529	0.44645324	0.46702939	0.42874073	0.39382295	0.62598781	0.40320458	0.61205874	0.46830125	0.48779121	0.57388154	0.42070962	0.47807439	0.36652318	0.45346091	0.48104078	0.41551703	0.46208771	0.46120309	0.60720272	0.53933910	0.47905552	0.54530863	0.44610015	0.45475081	0.45136973	0.43616286	0.47457387	0.47026779	0.47755685	0.41862798	0.39185412	0.52778132	0.47412072	0.39726935	0.52148533	0.39435137	0.44440767	0.52001333	0.48879344	0.48597962	0.52226502	0.40084977	0.66970702	0.46050358	0.51021112	0.42604507	0.72748450	0.37784573	0.46388505	0.41918183	0.46755753	0.46797781	0.41874010	0.50563892	0.38636440	0.40294591	0.41518474	0.49269275	0.47072631	0.48900753	0.45884108	0.45018670	0.42627222	0.43099680	0.39282614	0.46123797	0.59037393	0.49794210	0.40788239	0.66150606	0.46042886	0.45405860	0.67119329	0.43807746	0.42389048	0.45511693	0.45730580	0.59410358	0.47751466	0.36466657	0.60234356	0.42245471	0.46275925	0.47654323	0.36958364	0.43998411	0.42778461	0.49125619	0.37574275	0.46391712	0.40561536	0.47327989	0.49370113	0.43137401	0.54744087	0.56286895	0.59589441	0.46325748	0.50441733	0.68156988	0.49375682	0.48671465	0.51974625	0.42015583	0.46139009	0.53858982	0.44392468	0.56898432	0.40004698	0.48705189	0.40233676	0.41070425	0.46880661	0.38176893	0.54603374	0.51042986	0.43877167	0.44197941	0.51455246	0.46609162	0.49578895	0.43313957	0.38660385	0.46288224	0.44154429	0.38689596	0.43085770	0.44734488	0.41490714	0.45558427	0.45700464	0.44444029	0.42257196	0.48375506	0.35872369	0.42522216	0.46704101	0.65686823	0.53581532	0.48331165	0.41695516	0.52676624	0.43267102	0.59924780	0.49311553	0.45608467	0.39646471	0.39784437	0.39573065	0.43071732	0.46254510	0.41812697	0.39129275	0.44732079	0.48233474	0.42017962	0.51436072	0.41920056	0.44493766	0.44454555	0.45830048	0.42383974	0.53382943	0.44955106	0.38610584	0.53721232	0.44073355	0.47827095	0.44770912	0.42250121	0.51683973	0.42582055	0.47055714	0.45187974	0.45549848	0.40758451	0.46566838	0.37378862	0.60774814	0.42851501	0.41178529	0.38830065	0.38891577	0.41849105	0.42684317	0.37090535	0.41662957	0.42642997	0.57866307	0.41501584	0.43841391	0.36085895	0.40737930	0.66417293	0.36688239	0.38460334	0.42311386	0.58585547	0.42248101
02_213	0.40092424	0.40193417	0.39189248	0.44733564	0.37488867	0.34778110	0.37035193	0.40305159	0.40362760	0.41950321	0.42198255	0.40949389	0.40072442	0.40904518	0.39915856	0.43365923	0.36049359	0.46567248	0.42422746	0.37030078	0.43048753	0.40252258	0.39667846	0.41067115	0.39244983	0.41466460	0.37613063	0.37269196	0.48559886	0.39478299	0.41226120	0.48697150	0.45739311	0.38265057	0.37406818	0.42295549	0.38819687	0.41863492	0.35939687	0.37761745	0.39300759	0.38287228	0.45871032	0.46291104	0.38869374	0.45662972	0.44465161	0.38035202	0.45666180	0.48023806	0.47669888	0.39673271	0.44438191	0.55751224	0.41152213	0.40504783	0.42286327	0.39384909	0.39455916	0.40269532	0.36911595	0.45207779	0.45697277	0.40397443	0.44882256	0.40059911	0.37865974	0.46394297	0.58905911	0.53359982	0.42759638	0.38958681	0.46532784	0.44745581	0.38326685	0.39228699	0.45619079	0.39491389	0.43071552	0.47974585	0.43658888	0.49549959	0.47548617	0.46747350	0.35766669	0.37386597	0.48729194	0.47677138	0.46922801	0.51308540	0.44444976	0.55965628	0.43458903	0.42269160	0.39737468	0.45349045	0.48541191	0.46154964	0.52695794	0.45288702	0.71103421	0.41703720	0.40643175	0.44581707	0.41484520	0.48223633	0.33896940	0.41663761	0.46938234	0.38377983	0.40819184	0.46326309	0.42829382	0.40965783	0.42038267	0.48794523	0.46293443	0.36539046	0.41497781	0.47084561	0.44704625	0.43870469	0.52915093	0.41695008	0.41633990	0.45267842	0.49217823	0.41420205	0.53423507	0.60953672	0.49988384	0.35247133	0.44161351	0.64711566	0.44608778	0.49873297	0.45499088	0.40792039	0.64967604	0.52308478	0.53957680	0.39047073	0.52217661	0.41809200	0.52576313	0.47243794	0.49099324	0.51170712	0.46195756	0.47011489	0.37075481	0.55030429	0.51177172	0.49701807	0.47556595	0.42666490	0.50061095	0.51171124	0.50546578	0.45536062	0.66104690	0.42337693	0.40871645	0.50519852	0.57673710	0.37490167	0.40293222	0.51829241	0.48109603	0.39365410	0.52331979	0.73905200	0.37939774	0.48864318	0.54088243	0.54778149	0.48840328	0.54039868	0.49314696	0.67666911	0.37930124	0.41157742	0.44650637	0.38192510	0.55079311	0.38360432	0.49413734	0.50209178	0.68821634	0.40405458	0.48441879	0.42513929	0.68583923	0.43522625	0.36654780	0.64007039	0.44955015	0.44114645	0.49510461	0.55432876	0.46459120	0.49199624	0.43226715	0.66242228	0.48354328	0.55174201	0.51199929	0.42774498	0.53794301	0.35814167	0.46741137	0.41444590	0.42640563	0.38783966	0.47576285	0.56730401	0.43020413	0.35415542	0.49368043	0.52647821	0.67401075	0.38960325	0.40650036	0.46970075	0.44880685	0.47798658	0.39093898	0.37923536	0.47098221	0.37415077	0.42407995	0.38239435	0.58030703	0.43056302	0.51014769	0.36522489	0.51631185	0.56825134	0.45357791	0.43812652	0.60392779	0.50490241	0.47883776	0.41640301	0.52987350	0.54908342	0.74861630	0.54031891	0.44725302	0.38244145	0.39383253	0.51433404	0.51390627	0.41813629	0.43646610	0.40119715	0.54727624	0.73159084	0.43445542	0.48403931	0.75696373	0.61855568	0.47224710	0.41017050	0.48921919	0.46227742	0.49275958	0.43696755	0.50855627	0.43570204	0.46827564	0.56696567	0.37017753	0.59678537	0.39329924	0.37936497	0.44017015	0.48126549	0.41989885	0.42210059	0.41149592	0.43227175	0.48130605	0.42579698	0.42985651	0.48357432	0.46932659	0.53160476	0.40007584	0.48271687	0.50131748	0.47641623	0.46740414	0.46572113	0.49492794	0.41259124	0.48883155	0.58420236	0.41521876	0.47436182
02_97	0.58371648	0.51585219	0.64036917	0.45669264	0.80371969	0.50382450	0.47312603	0.48819803	0.66198287	0.53220086	0.45827570	0.45545938	0.51527016	0.51189086	0.66795927	0.65112482	0.46327747	0.58184604	0.65103877	0.42964586	0.46367287	0.62547816	0.50996093	0.50041456	0.76667006	0.75145814	0.71812237	0.42660866	0.48054952	0.56932234	0.43681179	0.46206776	0.53787653	0.53594360	0.48361427	0.38279721	0.45516437	0.63830782	0.52860622	0.82867084	0.39939229	0.45381755	0.55011212	0.47182713	0.43665532	0.45434985	0.47793122	0.38541075	0.49137991	0.43042689	0.61434934	0.48932292	0.47020871	0.40543617	0.48387881	0.42167639	0.57786858	0.39003655	0.68568235	0.70137260	0.41985217	0.50334065	0.51613260	0.59833467	0.38556201	0.40304276	0.46982814	0.52045321	0.43910924	0.44981073	0.53175673	0.45958135	0.60450008	0.39669080	0.40668153	0.54120998	0.49937381	0.41336443	0.54482797	0.59719382	0.70024164	0.41901356	0.48186214	0.60410333	0.46932582	0.64345570	0.56023322	0.51806615	0.55395227	0.42327064	0.36341328	0.41716835	0.67121768	0.43125462	0.51479230	0.47189445	0.42288116	0.47160725	0.40950744	0.39964404	0.37265875	0.47417993	0.77303948	0.41467459	0.40099513	0.53929489	0.49346036	0.50950167	0.45969623	0.51095455	0.58926849	0.50640501	0.38036659	0.41361735	0.57150490	0.58276686	0.38512575	0.81424525	0.72034125	0.54306036	0.47481051	0.43522158	0.48996258	0.41043327	0.46386790	0.47391151	0.40769081	0.55109271	0.44554373	0.38387844	0.41327677	0.49410678	0.56793790	0.45024994	0.44851113	0.50189811	0.36886427	0.42147964	0.41478319	0.45820764	0.39737407	0.74290940	0.39320371	0.52917980	0.44034686	0.44590536	0.42842514	0.47114394	0.38646446	0.46603787	0.45152285	0.41340719	0.55625069	0.49978233	0.59714899	0.40326110	0.41731983	0.46101047	0.47021288	0.48500896	0.40475918	0.39235489	0.51113782	0.40537234	0.42284402	0.46413834	0.49491751	0.51031596	0.51395924	0.46559714	0.47017830	0.37480399	0.79242453	0.48413677	0.46578627	0.44018217	0.46386358	0.45787330	0.45408329	0.41663803	0.38297875	0.58531444	0.56354140	0.48209967	0.42411268	0.43020425	0.43050568	0.46489071	0.42314447	0.47729164	0.43921764	0.41451334	0.42213343	0.58607366	0.45600816	0.39007172	0.55472782	0.45981866	0.53537292	0.45339371	0.43195559	0.56995878	0.47880612	0.45230753	0.48805947	0.37303654	0.46787504	0.48699085	0.40662412	0.51394029	0.47233505	0.41448219	0.57295980	0.69731093	0.44435254	0.41496778	0.44853800	0.44770466	0.43216331	0.45462615	0.39479293	0.74171090	0.43020975	0.36021298	0.41515505	0.51625874	0.39761519	0.60931109	0.49656854	0.48287659	0.50709773	0.68086273	0.36260429	0.49376588	0.45241731	0.43383733	0.42355362	0.42695045	0.49972415	0.60106436	0.40639860	0.48603430	0.42088960	0.50584487	0.48083112	0.50574980	0.36380954	0.41426625	0.37506142	0.37024168	0.66890835	0.45238974	0.40130772	0.39741048	0.57002655	0.53639370	0.45093347	0.41622019	0.53179737	0.48063726	0.36640052	0.41734550	0.42056654	0.61906887	0.45018511	0.38606333	0.46170897	0.54458822	0.47792648	0.52766889	0.47994056	0.43375072	0.61765230	0.43587727	0.58700797	0.48444425	0.47730569	0.43317471	0.40138237	0.48927862	0.45454564	0.46162520	0.45277251	0.40734276	0.54067749	0.38131279	0.38022107	0.35083919	0.38490663	0.43787717	0.40842918	0.43962452	0.32430723	0.42600709	0.43613770	0.42072484	0.42526325	0.38736756	0.42098709	0.37145572
02_277	0.41761894	0.45419383	0.42527358	0.37400239	0.44985116	0.45782337	0.49092395	0.37129167	0.49593685	0.44614902	0.41502865	0.42167785	0.38989073	0.41062670	0.47358041	0.49773588	0.45418273	0.53721524	0.44673422	0.41220364	0.37430002	0.49783575	0.40347746	0.38674130	0.43257923	0.46249606	0.42238727	0.43654178	0.43303106	0.40870256	0.44244577	0.40699758	0.47572817	0.44336689	0.46244929	0.40118813	0.45812879	0.48368809	0.45677148	0.45298259	0.40417894	0.45525850	0.49996765	0.40397532	0.41496036	0.37642142	0.45386819	0.42058665	0.45933278	0.40121515	0.52400832	0.50853733	0.43183883	0.43933812	0.45272401	0.44137004	0.43913239	0.37152127	0.42368724	0.49034832	0.37357769	0.42426193	0.40128493	0.49461910	0.47744791	0.43498603	0.40604586	0.50752685	0.42646671	0.42753678	0.53905020	0.51633991	0.48902503	0.44771467	0.41729181	0.39588994	0.52338708	0.38532050	0.49856044	0.53686206	0.46101975	0.46908604	0.41537255	0.53335535	0.40258335	0.43931622	0.46481876	0.50506382	0.48172108	0.46539055	0.41908762	0.45541519	0.45622804	0.37628171	0.41768873	0.62025882	0.39681342	0.45885178	0.42020833	0.54853770	0.42716895	0.40777248	0.49203484	0.46917875	0.51237300	0.49185957	0.42650831	0.38018907	0.49605162	0.38458139	0.40789690	0.64610650	0.41897426	0.57854641	0.55562475	0.60557539	0.44920151	0.43480677	0.48213823	0.43070523	0.47245883	0.43654536	0.45660175	0.41454936	0.53228316	0.43109823	0.48225467	0.50892439	0.46627766	0.47257862	0.49388703	0.46362698	0.44842439	0.54031004	0.74640986	0.55714865	0.47714208	0.49304415	0.44192117	0.43511002	0.38723532	0.43976500	0.46885061	0.38558924	0.46621298	0.44176019	0.44383109	0.42024998	0.55003946	0.53732455	0.44644152	0.46448818	0.60187279	0.60556297	0.55512575	0.52014583	0.64047869	0.64574496	0.60148552	0.51742509	0.43568396	0.39584448	0.54725597	0.51728447	0.56229260	0.45139831	0.40347096	0.44407047	0.49500943	0.57891876	0.46036251	0.43532875	0.46726707	0.45048380	0.64820278	0.52368912	0.45480761	0.51273997	0.46580566	0.50031097	0.39920803	0.40247140	0.58177015	0.45372885	0.46998629	0.45887946	0.54987631	0.67794700	0.51187132	0.55320909	0.47077551	0.46214674	0.50575603	0.44433177	0.40343053	0.42329047	0.49059818	0.37376050	0.51060161	0.49869774	0.39397324	0.52943015	0.45600975	0.48653404	0.50525115	0.41047365	0.41635280	0.61637169	0.42377262	0.46424885	0.41697328	0.44008881	0.51527716	0.43677630	0.66860807	0.40258561	0.41117761	0.39466713	0.41538169	0.55583779	0.46819868	0.43937539	0.43650979	0.49679767	0.39988661	0.66526466	0.42190008	0.47525858	0.46008966	0.49959198	0.41663062	0.47281887	0.42766504	0.42833937	0.49709801	0.44781408	0.44609601	0.52264230	0.40365717	0.44321733	0.50256134	0.62232500	0.38544978	0.55152574	0.47475268	0.59014897	0.41993399	0.57485744	0.50353171	0.42071760	0.48491662	0.45088083	0.47629261	0.52939319	0.57861117	0.40857722	0.65935304	0.46994333	0.59227960	0.45516810	0.46264660	0.51731319	0.40504004	0.44183974	0.45132397	0.53942643	0.47278316	0.46716835	0.49707699	0.45108096	0.65550904	0.43355122	0.44024809	0.53589384	0.48419250	0.38366416	0.60144990	0.40241554	0.61149145	0.38402348	0.53517785	0.43366475	0.62414243	0.56650745	0.55084203	0.37784082	0.52387453	0.45172367	0.44811312	0.44883536	0.49697037	0.44257602	0.42642478	0.65718466	0.42647147	0.62365846	0.64832935	0.48687257	0.36172307	0.37103070
02_126	0.54250245	0.49186289	0.58784897	0.43112142	0.66772920	0.49151277	0.46372644	0.45985933	0.57808640	0.49728616	0.43608192	0.43797737	0.48829893	0.48396916	0.59623652	0.56277410	0.45136194	0.52240397	0.55506461	0.42116266	0.43261827	0.55363615	0.49049565	0.47816045	0.63664136	0.62933060	0.64472091	0.41717423	0.44206922	0.53724969	0.41914837	0.43415436	0.48030551	0.49678312	0.46669951	0.36907193	0.43276309	0.55159966	0.51587802	0.70232478	0.38607796	0.42931102	0.49119268	0.44522245	0.42630133	0.43247439	0.46709050	0.37904016	0.46511624	0.41216035	0.56204539	0.46807761	0.45575336	0.39062572	0.46569632	0.40155370	0.50756727	0.38196333	0.58532571	0.62247180	0.40809565	0.47057397	0.48072469	0.53938402	0.38285031	0.40824459	0.44464784	0.47835871	0.42024870	0.42337933	0.49327025	0.43744873	0.55612645	0.38514833	0.40742383	0.52964508	0.50893303	0.40243778	0.49195073	0.54530603	0.60132868	0.41336887	0.47134626	0.59570191	0.46640568	0.62958544	0.50685449	0.47016016	0.51275541	0.42145341	0.35272628	0.40172749	0.58225281	0.40575083	0.48301818	0.48738612	0.39654300	0.44647590	0.38674541	0.39309605	0.36480417	0.48138147	0.71551847	0.41392926	0.40246350	0.49004274	0.49075737	0.47738860	0.44638250	0.49826701	0.52807961	0.49730932	0.36428527	0.42118078	0.54342586	0.55866838	0.38630783	0.67445642	0.74401549	0.50490592	0.43293357	0.41784042	0.46956620	0.40697103	0.44690697	0.48275566	0.40195578	0.51041336	0.43267358	0.37339914	0.42033227	0.50422995	0.55476647	0.44304252	0.44989815	0.47040542	0.36456899	0.40614000	0.40621550	0.45116135	0.39179634	0.64310028	0.39789767	0.48488331	0.44448911	0.43187136	0.43486167	0.44618366	0.39179680	0.45418777	0.45150497	0.40235595	0.56128892	0.51041094	0.58690365	0.40749170	0.42330400	0.46513659	0.44776437	0.47048099	0.39733106	0.38441705	0.48619110	0.40658961	0.41684599	0.48866230	0.50379331	0.49845796	0.49526400	0.44907018	0.43550085	0.36950152	0.77719927	0.44910813	0.45615745	0.45380798	0.46026366	0.44852180	0.42124664	0.40466586	0.39743504	0.54673477	0.56641710	0.47155344	0.41666739	0.45521042	0.43449359	0.47161039	0.41683355	0.51545568	0.43846269	0.41382152	0.41646033	0.56293530	0.46168160	0.37674833	0.50820567	0.44469208	0.54306549	0.43421088	0.40734822	0.56856015	0.46540835	0.44850898	0.51693592	0.36662327	0.46313254	0.47221302	0.38997146	0.53711358	0.48229710	0.41983112	0.63690446	0.73680796	0.45825466	0.40924300	0.44741484	0.43547867	0.44736843	0.43790731	0.39289285	0.70932033	0.43255140	0.35961994	0.41557272	0.51422329	0.41351169	0.61493724	0.52137895	0.48904701	0.53616552	0.66674822	0.36083563	0.51773197	0.44819213	0.45641515	0.44216303	0.41634836	0.47622089	0.59351226	0.40379853	0.51507308	0.42020759	0.49824635	0.44872540	0.50317641	0.36246757	0.43126501	0.37478125	0.37025547	0.86719978	0.47582212	0.41024206	0.40678528	0.59080867	0.56072715	0.46523459	0.41611389	0.60067564	0.51069106	0.36713091	0.40216456	0.44729551	0.61217003	0.45391780	0.39686594	0.45374883	0.60273053	0.48660853	0.59256282	0.49511493	0.44317528	0.73012908	0.44942904	0.60608119	0.50651703	0.50306226	0.45654981	0.42045650	0.47641724	0.46193766	0.52130606	0.49243761	0.42663042	0.62421732	0.39880525	0.40749643	0.35617018	0.37761139	0.41052762	0.42643869	0.45413683	0.33514525	0.44292256	0.39865913	0.45651137	0.45317498	0.40581032	0.40846006	0.38776161
02_134	0.57634198	0.58077880	0.55812773	0.45829031	0.49506349	0.43319351	0.46128522	0.49217611	0.54118147	0.69152094	0.67225505	0.61067342	0.54270875	0.61461108	0.58416632	0.50981135	0.45976907	0.51739699	0.50972033	0.46319069	0.48698056	0.54905420	0.57126148	0.52432004	0.49909191	0.47086749	0.51195152	0.48123020	0.51165109	0.56415277	0.40877007	0.53835458	0.53177451	0.43387150	0.43569830	0.42298027	0.40082357	0.52360256	0.45997342	0.49637422	0.45548162	0.42336707	0.49584876	0.53238830	0.51426678	0.44993177	0.56539156	0.47990365	0.58858202	0.45807537	0.47995061	0.50308201	0.67017793	0.48183346	0.63828247	0.40918967	0.45346244	0.38797907	0.44221962	0.56289684	0.41820421	0.62329238	0.47496486	0.59489170	0.45457222	0.45056052	0.40829681	0.45569566	0.48415023	0.55207755	0.59367317	0.45743746	0.56686644	0.43725157	0.47090811	0.52245974	0.49070578	0.40092404	0.49476963	0.50338363	0.52939322	0.64751322	0.51695913	0.56683150	0.44064278	0.49125729	0.52647098	0.48729657	0.68157586	0.56701523	0.43193177	0.59821790	0.49422676	0.44828951	0.42018218	0.47634643	0.52652687	0.49911008	0.54930662	0.43294824	0.44201760	0.48116476	0.51745919	0.53602781	0.48030110	0.56762337	0.40529528	0.47356626	0.79668833	0.53610908	0.41760655	0.51662545	0.46259311	0.39688285	0.58314805	0.54094377	0.38409203	0.47831808	0.46033197	0.43692454	0.48248373	0.74366962	0.42634247	0.42605122	0.54851692	0.53445993	0.56287170	0.62545915	0.39668599	0.44883120	0.51322460	0.41169978	0.61646778	0.49372140	0.47761193	0.56422145	0.36453718	0.42721595	0.50132077	0.40466947	0.40576068	0.47537632	0.52029577	0.43716078	0.59522043	0.73297129	0.48294129	0.52324521	0.45245373	0.42497696	0.47248593	0.58111898	0.50280527	0.47859759	0.65445257	0.44386489	0.45122361	0.54487906	0.53750621	0.80375794	0.44817167	0.37872011	0.58353481	0.55908355	0.42777391	0.41957293	0.50182287	0.52759872	0.67740841	0.48582141	0.49332887	0.45260836	0.49329487	0.59058816	0.49204407	0.53549260	0.38784988	0.41229209	0.51399442	0.43413073	0.39196597	0.49584468	0.48685240	0.45224541	0.61898463	0.38527501	0.44640952	0.60137926	0.56515724	0.41295781	0.70867502	0.36178977	0.43552448	0.41455356	0.45824193	0.49102005	0.50210029	0.45705622	0.43953880	0.42790561	0.50496351	0.46130396	0.83850592	0.46306202	0.49791072	0.40026819	0.42739466	0.53196496	0.56673562	0.41434263	0.50507926	0.35363195	0.44595113	0.50899871	0.47413768	0.44925347	0.46727861	0.36726929	0.45242107	0.46755063	0.53377593	0.46583118	0.37858215	0.37168459	0.40127839	0.54962383	0.43633028	0.42873026	0.41110093	0.46083669	0.50862429	0.52718436	0.40542083	0.45583994	0.79461153	0.37304128	0.49602884	0.43062091	0.44347380	0.44694319	0.56305807	0.54296653	0.42458101	0.58691988	0.45822367	0.49795177	0.43205241	0.53685592	0.37933824	0.49551100	0.47499696	0.49695133	0.62204145	0.50509389	0.57231696	0.53707115	0.48517616	0.48249959	0.50690989	0.41457143	0.43022436	0.43095904	0.44203944	0.51684695	0.38491756	0.38385537	0.69138476	0.42497593	0.43344001	0.51894272	0.54831342	0.46043004	0.46749057	0.59255072	0.53634102	0.51836433	0.54724097	0.43896806	0.43256258	0.47561371	0.57675804	0.46603110	0.49799175	0.51513808	0.51202260	0.39558686	0.48251353	0.41543082	0.39205286	0.49147051	0.63348567	0.38513612	0.39070249	0.47877623	0.48122083	0.44522898	0.49978787	0.49085436	0.43257625	0.38189584
02_129	0.48287690	0.44723379	0.47223544	0.46942069	0.41668493	0.37214538	0.38673309	0.47435980	0.40571696	0.46014578	0.45726413	0.45493002	0.49326758	0.48320518	0.43432487	0.41231750	0.38339923	0.40874058	0.42075070	0.40893302	0.44768519	0.39860350	0.50025828	0.51507863	0.43556419	0.42672044	0.45468076	0.39644285	0.42613280	0.48851605	0.38126399	0.47772315	0.39222466	0.38289051	0.38512808	0.38340879	0.35807963	0.39842823	0.39657753	0.42649459	0.39371692	0.35696073	0.38853509	0.48044599	0.44370934	0.48704825	0.51711329	0.39423609	0.46854307	0.45803172	0.44127264	0.39376794	0.51412271	0.45052052	0.44897970	0.35474011	0.38431441	0.41048402	0.40518989	0.43833364	0.40415237	0.47470332	0.47715969	0.41150500	0.42226047	0.47213464	0.37752803	0.38983089	0.48839179	0.46013857	0.39751844	0.35663520	0.48689902	0.39400080	0.43339438	0.53534111	0.53459428	0.39848431	0.37794762	0.42509046	0.46479311	0.49540213	0.61039532	0.54534030	0.43604304	0.45419876	0.43535481	0.38465984	0.46089514	0.56375323	0.37035234	0.46943707	0.43241298	0.41364561	0.39208890	0.48882296	0.41547220	0.42602143	0.41179888	0.38392977	0.45640289	0.65799109	0.47337111	0.48441721	0.41283070	0.41266147	0.36976688	0.47995143	0.45680925	0.49896597	0.40727827	0.43150043	0.36795404	0.39571861	0.41081903	0.46460542	0.42166554	0.41578064	0.48145452	0.44999553	0.35657212	0.43064512	0.44793170	0.45352753	0.39125148	0.70977681	0.48500810	0.40419721	0.41948291	0.42035576	0.55694332	0.39171614	0.54761612	0.50760017	0.40859081	0.40086878	0.36026758	0.35104360	0.51759808	0.48178199	0.50780205	0.41223652	0.54308178	0.42466320	0.60839406	0.47118061	0.68766379	0.45926327	0.44142842	0.41751575	0.41011258	0.49383615	0.48670267	0.49431761	0.49271503	0.43705305	0.44086181	0.46682879	0.42053497	0.43674012	0.50880826	0.40301737	0.38519013	0.48135030	0.40058328	0.46238233	0.59485052	0.56516506	0.52822432	0.37187798	0.39532226	0.46698082	0.43653086	0.41576171	0.43227714	0.60238444	0.42749257	0.42316378	0.37453095	0.42153985	0.49480638	0.46686653	0.47586749	0.38889317	0.51386368	0.45803035	0.44775275	0.46907513	0.48355549	0.45808540	0.51586790	0.38915431	0.43685988	0.45480928	0.44653349	0.43205981	0.38866459	0.49054183	0.49712950	0.39721851	0.42084586	0.46056201	0.44838093	0.49082041	0.66700840	0.44925062	0.50818777	0.38192943	0.42293950	0.40202586	0.68555551	0.38996053	0.50724266	0.49134855	0.43367059	0.50441350	0.48098534	0.35057891	0.74500273	0.39288271	0.49513612	0.43028215	0.39745561	0.35711629	0.49636912	0.42680852	0.48146941	0.43931007	0.51533695	0.38953264	0.67509586	0.41563140	0.43267373	0.73653362	0.48400051	0.43820572	0.73952898	0.38423997	0.43474541	0.45383271	0.46574162	0.52137634	0.49939427	0.38972415	0.39899026	0.43685844	0.44867634	0.51020591	0.35071274	0.37788900	0.46865559	0.69239271	0.51131059	0.40327555	0.43373413	0.52532875	0.43625433	0.46959191	0.49210556	0.51293123	0.42359173	0.40796316	0.71078573	0.43526556	0.42043192	0.37781244	0.43496952	0.48015522	0.41950883	0.61646334	0.41347940	0.50945440	0.43112131	0.48497407	0.40647405	0.48816522	0.41054329	0.56344105	0.37854148	0.44455908	0.38736970	0.63446532	0.47113361	0.40602548	0.46489059	0.51523962	0.47203289	0.38315528	0.32852855	0.36378995	0.48398570	0.41379892	0.38715933	0.38845169	0.37460522	0.40021160	0.43033018	0.49824733	0.41584193	0.47286821
02_178	0.51257418	0.46031943	0.50222330	0.61717479	0.45342401	0.39023293	0.39630108	0.55516065	0.43962670	0.46802093	0.45419293	0.45274388	0.52974460	0.49358191	0.45728615	0.48212220	0.39435322	0.46489945	0.50966543	0.41967866	0.55399720	0.42812043	0.50109840	0.56119888	0.50472991	0.51044155	0.48837238	0.39877191	0.52755034	0.51325557	0.44422904	0.56662302	0.46024942	0.44740177	0.41764369	0.43044667	0.41102851	0.45466127	0.41622702	0.46149793	0.41860209	0.40205171	0.45506872	0.57309061	0.44019475	0.65594053	0.51699561	0.38533093	0.50824928	0.57125577	0.52156305	0.41429382	0.49134605	0.50895303	0.45004737	0.41102604	0.47670462	0.47137216	0.49998286	0.46002564	0.45208520	0.52545633	0.65621189	0.42916203	0.41987033	0.43881785	0.45054616	0.46963428	0.61125461	0.54032702	0.41290853	0.38406541	0.56692416	0.43464880	0.42361897	0.54409812	0.52959880	0.47217213	0.43944254	0.49684938	0.55341761	0.45014689	0.66215673	0.53825881	0.44658764	0.48462913	0.54578882	0.45102512	0.50722646	0.48688615	0.40301360	0.47780447	0.53563988	0.50928012	0.49030985	0.45835582	0.48681300	0.50066129	0.46198312	0.40179550	0.48924848	0.57790059	0.49393705	0.44881497	0.39702714	0.48252884	0.39756446	0.60950737	0.44128741	0.50993031	0.53338840	0.42730088	0.40096441	0.39370508	0.42317479	0.49022226	0.46254915	0.45007471	0.53444715	0.62298842	0.41153323	0.42658948	0.59045936	0.48196829	0.40614018	0.57405225	0.44725767	0.41918431	0.50870506	0.46125725	0.48371094	0.40705181	0.56834890	0.52864112	0.40302960	0.44339030	0.39764785	0.39015021	0.56787541	0.62550866	0.63016804	0.48567808	0.45561669	0.57817321	0.53365808	0.47208741	0.54696328	0.58678546	0.40778712	0.47396576	0.41575808	0.47129212	0.52172030	0.48056230	0.51211413	0.41450199	0.43567102	0.44052253	0.44817160	0.43382578	0.56864627	0.47674549	0.39907465	0.44521010	0.43850769	0.45542683	0.56621183	0.73319822	0.50869208	0.37838497	0.48463925	0.49403678	0.46676651	0.48616721	0.44500434	0.51185004	0.52669835	0.49231804	0.43754045	0.48224393	0.44410239	0.58610611	0.46757862	0.43191577	0.48905312	0.44671092	0.47639760	0.44422323	0.49840217	0.44415896	0.47739110	0.44316255	0.50374250	0.57532399	0.45673196	0.49311695	0.45990071	0.65753039	0.57328862	0.47756620	0.50820065	0.54866893	0.44706512	0.60297184	0.54996500	0.51100668	0.76386739	0.40142731	0.46993030	0.42497034	0.68560499	0.45401879	0.50726099	0.52212156	0.41296237	0.65568912	0.55501200	0.41625381	0.67018218	0.45726679	0.49379166	0.50524592	0.46615800	0.38869907	0.58604035	0.43783115	0.44647692	0.47315726	0.62405658	0.40713251	0.61628668	0.44325992	0.48139925	0.59659583	0.47274348	0.42643379	0.57326633	0.44365471	0.60998062	0.59536786	0.47965179	0.48091980	0.68311677	0.39982234	0.49729788	0.49821251	0.49503059	0.44956295	0.38900553	0.37320570	0.49286638	0.67146916	0.45209590	0.39158867	0.44914212	0.55379638	0.44997859	0.55270586	0.48496423	0.62315926	0.46728264	0.45314662	0.64885609	0.51462344	0.52170585	0.41020597	0.47306010	0.56271124	0.51063800	0.59643302	0.42190283	0.66387888	0.46265163	0.50111945	0.43650953	0.50327637	0.41261538	0.70434432	0.38530275	0.57629117	0.39870379	0.58014948	0.44412494	0.39647168	0.47201416	0.60592052	0.42547089	0.41970921	0.37448373	0.42874974	0.44585187	0.51092980	0.38967446	0.40697140	0.44761474	0.39566153	0.41657549	0.49373751	0.53105373	0.56929985
02_108	0.46107501	0.42462215	0.44808480	0.54926857	0.40145839	0.35842668	0.36983171	0.49884396	0.39288160	0.43127006	0.43054473	0.42928768	0.48307519	0.45703929	0.41028073	0.42108774	0.36780147	0.41490455	0.43718158	0.39727480	0.49337750	0.38471177	0.46723735	0.51554981	0.43542421	0.43917639	0.43313574	0.37882051	0.46739048	0.46312791	0.40802388	0.51975006	0.40539249	0.39637042	0.38385758	0.40988993	0.37415615	0.39948270	0.38031394	0.40804386	0.39885907	0.36632563	0.40279593	0.51765801	0.42253577	0.58798489	0.49484924	0.37498561	0.46895238	0.52966122	0.45989689	0.38238659	0.47196372	0.49698335	0.41991125	0.37507976	0.40954374	0.45363910	0.42591960	0.41384400	0.42108629	0.47547437	0.54880913	0.39022683	0.41698872	0.44240122	0.40210433	0.41519460	0.57613586	0.49815150	0.37901359	0.35298369	0.49529923	0.41408813	0.41047760	0.50009228	0.50991859	0.43481237	0.38720875	0.43698905	0.47569176	0.44904558	0.64313390	0.50089093	0.42056700	0.43155177	0.46573562	0.40144710	0.45203844	0.50581283	0.38709559	0.46918709	0.45291454	0.46139646	0.42346425	0.44917683	0.44649543	0.45124388	0.43307663	0.38668818	0.50844095	0.59132468	0.44446841	0.44802410	0.38731735	0.42378406	0.36160009	0.52876009	0.41938184	0.46741942	0.45004399	0.40486977	0.37949688	0.38430104	0.38509618	0.44956353	0.45861561	0.39997598	0.47048695	0.52097349	0.36832998	0.40393092	0.52044299	0.47373534	0.37619002	0.58635609	0.45331210	0.38194050	0.47549117	0.45578074	0.50294662	0.37640004	0.50926434	0.52589986	0.38586925	0.40031593	0.38487499	0.35828219	0.57216201	0.58698404	0.68283845	0.41464561	0.48031921	0.48024697	0.53867539	0.44571186	0.61154072	0.50753441	0.41365811	0.44256049	0.38879105	0.47721303	0.47562486	0.46493545	0.45832303	0.41439193	0.42856414	0.42684303	0.42053456	0.40264377	0.59794604	0.45657599	0.36456268	0.44502239	0.41541683	0.43520540	0.53934387	0.62117488	0.48583351	0.35475643	0.42732818	0.51077422	0.41143486	0.42996549	0.42469914	0.52320592	0.48042809	0.45978357	0.39108914	0.46204833	0.46490516	0.48767952	0.44330620	0.38833035	0.48732792	0.44052395	0.45639219	0.42463988	0.48396869	0.42690394	0.46248666	0.42207935	0.47774229	0.49954436	0.42571480	0.47291294	0.39882552	0.56602817	0.52189688	0.43339883	0.45740191	0.47760464	0.41241939	0.55333382	0.55467514	0.53309167	0.63624447	0.36708902	0.43850522	0.38697304	0.66105211	0.42575865	0.47018003	0.45526881	0.39860923	0.61782425	0.50434861	0.37097358	0.76446244	0.41271513	0.49496106	0.42777215	0.42766048	0.37437494	0.58654910	0.40244932	0.44397963	0.43030458	0.56105431	0.37163501	0.57359231	0.38990291	0.48675925	0.62155235	0.44532578	0.42104117	0.61144812	0.40649626	0.49533284	0.48414290	0.46225318	0.45846467	0.61103637	0.36314251	0.43739292	0.44271428	0.49734837	0.44700608	0.36481123	0.35601953	0.43222808	0.64722250	0.44747899	0.37290884	0.40063769	0.48136916	0.41914118	0.50926412	0.44026292	0.55036066	0.45594197	0.43787271	0.66664225	0.42963619	0.46862977	0.38629941	0.42155781	0.48306061	0.44169130	0.52603270	0.38464240	0.57055452	0.40039779	0.45944158	0.38095672	0.44550241	0.37503882	0.60694240	0.35966994	0.47493437	0.36100091	0.53217162	0.41803137	0.37093503	0.41849172	0.58092802	0.41474251	0.39686108	0.33975646	0.38091379	0.42409122	0.44942391	0.38406734	0.37162789	0.40621868	0.36760937	0.39066097	0.47510168	0.46258155	0.53356957
02_100	0.43509642	0.44121013	0.43740603	0.39005803	0.43735744	0.39746577	0.42322257	0.38784933	0.47798563	0.47002799	0.44649925	0.43196222	0.41085468	0.43590359	0.47402662	0.46687151	0.40240302	0.51172244	0.43678955	0.38627667	0.38849086	0.47951957	0.42426962	0.41022704	0.42789138	0.44726695	0.42666518	0.40245115	0.42828684	0.42728204	0.39032752	0.43123384	0.46037031	0.39400832	0.40126789	0.37585430	0.38951104	0.46252908	0.40739718	0.44406416	0.38078821	0.39019629	0.47256098	0.42090645	0.40715877	0.39450956	0.46065997	0.39988903	0.45656782	0.40293282	0.50862238	0.44258683	0.47605336	0.44426013	0.45236178	0.38380932	0.41856070	0.35497194	0.40904387	0.48799629	0.35545324	0.44793430	0.41329962	0.48801416	0.44396870	0.42186530	0.36764261	0.45230478	0.45506795	0.45298397	0.52779295	0.42799497	0.48344996	0.40777010	0.39986995	0.41982872	0.50129194	0.36097944	0.44908348	0.51495630	0.46272320	0.54671320	0.45384807	0.57853903	0.38172292	0.42201755	0.46308710	0.47785035	0.49949834	0.55202746	0.39085571	0.50762800	0.44670292	0.37179148	0.38331084	0.56801338	0.41321810	0.42988250	0.44247976	0.45922547	0.47137114	0.43636061	0.49530108	0.47333854	0.46211005	0.48449088	0.37451890	0.39306820	0.54902811	0.40657124	0.39655889	0.66074606	0.39217736	0.47212561	0.54187239	0.61219433	0.41348412	0.42559706	0.48060772	0.42981341	0.44553683	0.47110371	0.45829383	0.39589477	0.46804307	0.48759870	0.51591049	0.50451525	0.46397208	0.46477661	0.53153971	0.40169879	0.48075403	0.60289888	0.57333380	0.54106289	0.41243531	0.41065273	0.49180960	0.44926951	0.41594808	0.42547133	0.57365610	0.38571956	0.54840785	0.48416544	0.50471206	0.43680545	0.51991200	0.46280897	0.40655967	0.53497064	0.62088410	0.67018685	0.58430331	0.47147357	0.55580180	0.81720433	0.53638520	0.55326010	0.47999405	0.37001122	0.49942580	0.54092598	0.55707377	0.41591257	0.42513757	0.47640090	0.55289813	0.47784949	0.45388037	0.48555322	0.45349534	0.45767887	0.67008119	0.65246169	0.45016729	0.50429862	0.45412990	0.51591468	0.39375042	0.40983292	0.60293407	0.39988727	0.54410814	0.42083088	0.48588512	0.71874676	0.58691347	0.49266115	0.52701044	0.40672670	0.52499475	0.43927069	0.38664233	0.45376969	0.46447483	0.39136427	0.52128659	0.48349708	0.40015249	0.52095570	0.48708095	0.51636049	0.59031222	0.41559920	0.43393701	0.51169627	0.45099336	0.40583114	0.45777273	0.39379944	0.53103635	0.44623569	0.75310918	0.43163365	0.40377908	0.34955471	0.46594261	0.48713152	0.54009349	0.42876081	0.38795605	0.42597508	0.39640814	0.65717822	0.40993824	0.43147629	0.46633345	0.42601438	0.45551426	0.46103506	0.42696835	0.47343637	0.56241809	0.40880045	0.52337428	0.50427599	0.40206689	0.43833809	0.52679394	0.78467597	0.39773256	0.53504484	0.46178115	0.57855035	0.45998771	0.75806489	0.41953557	0.40022965	0.47781980	0.49732532	0.57279208	0.47377231	0.57038225	0.43100025	0.69405681	0.50610153	0.54979222	0.47197832	0.47915213	0.52701931	0.45129713	0.43799779	0.44397392	0.45177940	0.49630256	0.46915395	0.48444181	0.48975145	0.63563203	0.45873236	0.43407599	0.59679336	0.47037651	0.40332226	0.59979521	0.43213026	0.48215806	0.39243048	0.48426113	0.46907637	0.72567082	0.50250101	0.55170645	0.40447233	0.53664530	0.42928723	0.38138737	0.43649687	0.58209369	0.43689695	0.41231870	0.53690333	0.42360184	0.51169649	0.70502562	0.52360701	0.36232247	0.39049709
02_124	0.42837537	0.51352894	0.43770358	0.36019828	0.46602327	0.57834012	0.62442801	0.37425865	0.50745237	0.46152564	0.42618425	0.45540098	0.39631424	0.42138178	0.49174938	0.49404765	0.58297887	0.48720134	0.45054715	0.48083946	0.37393750	0.51578050	0.41572550	0.38466662	0.44038023	0.44158734	0.43456702	0.53155328	0.43123094	0.41933052	0.46638020	0.39201098	0.47461873	0.49902903	0.55054466	0.42532891	0.50467476	0.49122701	0.55864516	0.46054743	0.45677919	0.54619597	0.47384649	0.39882119	0.46019028	0.35573294	0.45617947	0.48460794	0.47705375	0.38871215	0.44702639	0.64513150	0.42192377	0.40747078	0.50388428	0.48986312	0.43260608	0.37906047	0.41793588	0.49236243	0.41118580	0.42614217	0.38275055	0.51926430	0.46954814	0.43715583	0.44900305	0.48348058	0.37796501	0.40367726	0.53512990	0.67979127	0.47713110	0.46394919	0.46208953	0.39331358	0.47196048	0.40560000	0.52726728	0.47009546	0.44545947	0.42212955	0.38040976	0.45394237	0.44626958	0.47269020	0.44240675	0.46536638	0.47773230	0.39877564	0.43982914	0.41204927	0.44172602	0.38926357	0.43989812	0.49375874	0.39315947	0.48045566	0.40506722	0.52389793	0.35534757	0.38093216	0.46024895	0.46267210	0.54399781	0.47929516	0.51269411	0.37532310	0.47547949	0.39377567	0.39013600	0.48440587	0.46468759	0.48605444	0.53966282	0.48335408	0.40068321	0.44810704	0.42586036	0.38820875	0.46855821	0.44767089	0.38395760	0.41593762	0.68311500	0.38680784	0.44174492	0.53329639	0.37174999	0.41187171	0.42562338	0.52373102	0.43357278	0.41125809	0.57630225	0.50513683	0.41500599	0.57506571	0.37816947	0.35871158	0.33318639	0.44581870	0.38536633	0.37775249	0.40460688	0.43504733	0.37560846	0.40088086	0.46330417	0.47296990	0.54014388	0.40567116	0.45297121	0.43164009	0.49986164	0.48473672	0.48476495	0.46316540	0.55099526	0.51002604	0.36021187	0.38513799	0.63830328	0.46521588	0.40924923	0.45459254	0.39399765	0.39978007	0.45129290	0.70364057	0.43042186	0.35994195	0.47127329	0.45102303	0.45515330	0.40921959	0.36756964	0.39305070	0.45509966	0.38897914	0.37860935	0.40309750	0.45028399	0.54918158	0.41386801	0.41824711	0.47934983	0.52528347	0.42022695	0.45660332	0.44422115	0.40298439	0.38906220	0.38643010	0.44813163	0.37893000	0.47832428	0.35879430	0.40165209	0.40560294	0.39985300	0.42989351	0.47436086	0.39123755	0.40170194	0.35808358	0.36165594	0.70772336	0.40643995	0.50857836	0.37811130	0.38719753	0.41426193	0.43080756	0.44806288	0.35571621	0.41765733	0.42990287	0.35419110	0.49683695	0.39279042	0.43429700	0.42292572	0.42611403	0.36826664	0.51375317	0.42462509	0.46827800	0.37797991	0.64134282	0.38513851	0.49299619	0.37125897	0.36921337	0.46040801	0.41168237	0.37271003	0.41386309	0.38661175	0.40593465	0.44786786	0.45382492	0.35574427	0.55571289	0.42001448	0.45990073	0.35073111	0.43045372	0.45884279	0.50172298	0.45036678	0.38854438	0.41547955	0.59273711	0.52543409	0.40703279	0.45114097	0.39099334	0.51879911	0.37161109	0.37949252	0.39538267	0.34949248	0.44912362	0.36737683	0.44729260	0.46920589	0.39503554	0.41077242	0.40776830	0.52701478	0.37699217	0.43992165	0.44971116	0.50430727	0.39402114	0.51769087	0.35581276	0.58228970	0.38417257	0.67052576	0.38394806	0.44813093	0.60709357	0.47809536	0.32981669	0.44909580	0.41063624	0.49691744	0.44207373	0.43847390	0.36653609	0.38808289	0.56959661	0.41341803	0.55633729	0.46633675	0.40979126	0.36852063	0.32644665
02_138	0.40037474	0.40245792	0.40379318	0.40411293	0.42446595	0.38416294	0.39777517	0.37823223	0.47194224	0.41875384	0.39539984	0.38540056	0.38186936	0.39260106	0.43916344	0.51049604	0.37909388	0.57841834	0.47032390	0.36148067	0.39786017	0.47085900	0.37894459	0.38296324	0.43016207	0.48067582	0.39978360	0.37024209	0.46990184	0.39095240	0.42744101	0.43196862	0.52881021	0.42300503	0.40161809	0.39122687	0.43420865	0.49595930	0.38810739	0.42663610	0.37111556	0.42076833	0.56901892	0.41867981	0.36741176	0.40742227	0.41081522	0.36037907	0.43363317	0.42154858	0.57632034	0.42674277	0.40726942	0.45718009	0.40253382	0.43346075	0.49910010	0.36281992	0.45068114	0.45071045	0.35373118	0.42725537	0.43621714	0.45317291	0.41091078	0.36899837	0.39725745	0.56102068	0.48351282	0.46638344	0.49626948	0.44431740	0.47776419	0.42328368	0.36064983	0.37821610	0.44534196	0.37925595	0.52000572	0.59797059	0.47020913	0.43394512	0.41797268	0.48617285	0.35452532	0.39549630	0.52490240	0.60411907	0.47984700	0.43388897	0.40628435	0.46435160	0.48918826	0.39212109	0.42755477	0.46674118	0.43497326	0.45324432	0.46167657	0.46611674	0.48243374	0.37931921	0.45171364	0.40104888	0.40478367	0.54333694	0.37117529	0.39538810	0.45362843	0.36862115	0.45392205	0.54827329	0.40384296	0.44418166	0.49543298	0.57284286	0.43096889	0.41060702	0.46807687	0.49519295	0.55110730	0.41451504	0.55994776	0.38189609	0.44500381	0.40453233	0.42640042	0.46712156	0.59386451	0.49781809	0.42839805	0.38481009	0.42916759	0.57132173	0.50243052	0.60921143	0.47452370	0.45496779	0.48197886	0.50483682	0.43265171	0.44783635	0.43257181	0.42657062	0.44323351	0.42905131	0.41551191	0.46924585	0.43266316	0.51074172	0.37547242	0.45481535	0.60174519	0.54773910	0.51462603	0.41145633	0.50437379	0.54465283	0.53849864	0.47067575	0.48766872	0.39688184	0.47085207	0.44244179	0.77652571	0.37850431	0.37583211	0.46904644	0.45859993	0.44837178	0.57206767	0.48820010	0.42976481	0.49398702	0.64771698	0.47944351	0.55089095	0.65049648	0.55453123	0.66819309	0.34699777	0.41615453	0.50840191	0.40704915	0.45811098	0.38667107	0.48516236	0.52051679	0.54531657	0.43909555	0.43108516	0.45598986	0.67434723	0.48419109	0.35790108	0.48836847	0.55742176	0.39987640	0.54742668	0.71671502	0.42261916	0.59428666	0.42554491	0.59162858	0.45925241	0.43752358	0.47307895	0.50834020	0.46222793	0.39355092	0.41157724	0.44489474	0.47517145	0.41149606	0.54978142	0.45484310	0.39723483	0.38798196	0.41722714	0.62810505	0.49021749	0.44208416	0.42303727	0.49171759	0.39905478	0.59431896	0.36121485	0.41815495	0.48548189	0.40960348	0.39685718	0.43974442	0.45400063	0.40348254	0.47147456	0.37551662	0.42975819	0.84593200	0.45715689	0.48609506	0.49413553	0.53039742	0.41483254	0.49453340	0.62637478	0.73566218	0.48944090	0.49666142	0.49665510	0.36473161	0.44489769	0.44357159	0.44016850	0.41658467	0.52085223	0.39425744	0.68900653	0.56904604	0.47427591	0.49681840	0.53865871	0.67126370	0.40669347	0.45185814	0.55456204	0.51245924	0.48765732	0.48817224	0.63383792	0.42758473	0.57877554	0.49061844	0.41601593	0.54807816	0.45868719	0.36914446	0.52786553	0.42864677	0.46925983	0.41288347	0.45473158	0.41057795	0.53399990	0.44050732	0.49297531	0.40959287	0.43333558	0.47342249	0.45112840	0.54521701	0.45770519	0.54202813	0.40383888	0.55672193	0.50788899	0.46424921	0.55601575	0.47871030	0.38597747	0.40885758
02_65	0.47578653	0.47170400	0.45884726	0.46924136	0.40952570	0.37779072	0.40749706	0.45932287	0.42452366	0.49485257	0.50759494	0.49632150	0.47989456	0.49716362	0.44592493	0.43255480	0.40077232	0.44579220	0.43076564	0.42476906	0.45579180	0.42194853	0.49444904	0.49558471	0.42372462	0.42350985	0.43234183	0.42541554	0.46789337	0.47256114	0.40286475	0.52164159	0.42801882	0.38941205	0.39851675	0.42212254	0.37657676	0.41848019	0.39870574	0.41456191	0.42816016	0.37931231	0.42251630	0.50604596	0.47071920	0.48170685	0.56010746	0.43912681	0.51981149	0.48734557	0.46214954	0.42614977	0.57023797	0.53867508	0.48738359	0.38083114	0.39597388	0.41604607	0.39646675	0.44935820	0.40398791	0.50910853	0.47250743	0.44090435	0.49203864	0.50005056	0.38163406	0.41987806	0.55103447	0.52814659	0.44282520	0.38871304	0.51021255	0.44167595	0.45356736	0.48734478	0.55222902	0.40269294	0.40567001	0.45327518	0.46846213	0.63815631	0.60144874	0.56736555	0.42268783	0.42959218	0.46184930	0.42318411	0.50354849	0.79365429	0.42384402	0.60660118	0.43497245	0.43072223	0.39048855	0.53249938	0.46592326	0.46318524	0.48664760	0.44093771	0.57058140	0.57090474	0.46347869	0.56748525	0.46853930	0.45276186	0.36325694	0.46012335	0.54193607	0.46641768	0.39749093	0.48615747	0.42022284	0.42790040	0.44133280	0.50849845	0.45069101	0.40319645	0.44959726	0.44810308	0.39407706	0.49704993	0.46289121	0.47152266	0.43695158	0.65294960	0.63986472	0.44053654	0.44527282	0.51469762	0.69875624	0.38584251	0.53568656	0.63119281	0.46427993	0.45329608	0.39835300	0.38313760	0.63266127	0.48269669	0.52359617	0.40071858	0.75153885	0.41359067	0.74438409	0.54223496	0.79508556	0.48748783	0.52892350	0.45179610	0.42033029	0.68055996	0.51155198	0.53648268	0.52114844	0.49456593	0.51008176	0.55070759	0.50001830	0.49635926	0.60503909	0.41703936	0.42234728	0.61026735	0.45266356	0.43753061	0.51929325	0.56512160	0.61695009	0.41356264	0.43753127	0.58290152	0.41647619	0.46015975	0.50612534	0.73786372	0.42827184	0.45455686	0.42011269	0.48870909	0.47404613	0.44120743	0.49960771	0.39621845	0.67971153	0.43670689	0.49180925	0.55182035	0.61647086	0.44748398	0.60721081	0.40098649	0.49198091	0.43442551	0.42809827	0.51380233	0.41013430	0.46601322	0.49012627	0.43446805	0.45444183	0.46162105	0.48907062	0.53126728	0.63466674	0.50973503	0.48666348	0.42176610	0.49342781	0.38682249	0.58963429	0.38779654	0.46946646	0.44311092	0.48165570	0.52262545	0.47033053	0.34617625	0.61543429	0.43791237	0.63621799	0.40399053	0.39513920	0.39702898	0.48319424	0.46903571	0.47285037	0.42051766	0.46988920	0.39706718	0.53560826	0.40713403	0.49222858	0.57483554	0.56741169	0.41853519	0.70098126	0.42522081	0.42504280	0.42622217	0.57209035	0.55665183	0.47498135	0.41819961	0.43377420	0.46790865	0.51818073	0.60381465	0.38113073	0.41374719	0.42661680	0.60452006	0.61029501	0.44453552	0.44389596	0.46161430	0.47606723	0.51857189	0.47257808	0.46387573	0.48860680	0.48050093	0.54606672	0.41503047	0.41606912	0.40001131	0.47248618	0.43128662	0.42094898	0.50496332	0.44335464	0.49638478	0.39108431	0.53192935	0.39949439	0.43170683	0.42775590	0.48227952	0.40022029	0.42143571	0.41088169	0.49142604	0.48272531	0.43404927	0.44035639	0.45794937	0.49430673	0.41975995	0.35029504	0.40149602	0.52814395	0.39983451	0.41913091	0.41508935	0.42629322	0.40743135	0.45789843	0.53088264	0.40789596	0.42906016
02_164	0.57538980	0.52319627	0.55740359	0.50466925	0.47270512	0.40956495	0.42672102	0.53468537	0.46465733	0.55537209	0.54546566	0.53549199	0.57790804	0.58088623	0.50888481	0.46419857	0.42533524	0.45613292	0.47746582	0.45191158	0.49975313	0.45736856	0.59503007	0.59210027	0.49547741	0.47087312	0.52303228	0.44158429	0.47661790	0.58180341	0.40512830	0.53812757	0.44559061	0.41984445	0.41991871	0.41004998	0.38385326	0.45378944	0.44143605	0.48363970	0.43141406	0.38987261	0.43296476	0.54511472	0.49974513	0.51295328	0.59128034	0.43530461	0.54259061	0.48772956	0.47744822	0.44222444	0.62032858	0.47888760	0.53313451	0.38295652	0.42471828	0.42201638	0.44457955	0.50680299	0.43553181	0.56505831	0.52015278	0.47820237	0.44514187	0.49089130	0.40771078	0.42467206	0.51506779	0.51711956	0.45639345	0.39501013	0.56132288	0.42080507	0.47456997	0.62161277	0.56137781	0.42098497	0.42525554	0.47004526	0.52871451	0.56308165	0.65909029	0.61345488	0.47267023	0.51517745	0.49173056	0.42578441	0.55156214	0.60384130	0.39820828	0.52484364	0.48468078	0.45153342	0.42508245	0.50661274	0.46856323	0.47375267	0.46301305	0.40623009	0.45875594	0.66580965	0.53167183	0.53117953	0.44731380	0.47331545	0.40203119	0.52903821	0.54163381	0.58991893	0.43582164	0.46934503	0.40511011	0.40349717	0.47290049	0.51332660	0.41785789	0.46794578	0.51444036	0.47330355	0.39856746	0.51133153	0.45961257	0.46802256	0.44548265	0.77535489	0.52896841	0.47183795	0.42091634	0.43724040	0.57329586	0.41967720	0.67937810	0.51948628	0.43870871	0.45428251	0.36558307	0.38276380	0.53901635	0.46841309	0.48266633	0.46451381	0.55572799	0.46113272	0.68742063	0.56548386	0.63070930	0.51702330	0.45312843	0.43364040	0.45648927	0.53995045	0.52156952	0.50838518	0.58700569	0.45211582	0.45423749	0.50554501	0.46487116	0.52073247	0.50069932	0.40864391	0.44465869	0.52606218	0.41510371	0.47742657	0.66456997	0.62631424	0.62567896	0.41193965	0.43846313	0.47135319	0.49439650	0.48208846	0.45955364	0.61997217	0.42607913	0.42933496	0.42158057	0.43284595	0.47263975	0.53201978	0.50329411	0.43173560	0.57734369	0.44757491	0.46457885	0.52655649	0.52825657	0.46069991	0.61842712	0.38785250	0.44660635	0.46558174	0.49301355	0.46524764	0.43857797	0.52773761	0.50075759	0.41737761	0.47340766	0.48869486	0.54882091	0.50434375	0.65043379	0.44003892	0.50830560	0.43193794	0.47963765	0.43146537	0.72956895	0.38705205	0.51803273	0.56660226	0.45681377	0.51492650	0.52317984	0.37225493	0.64022771	0.42712861	0.52879920	0.48143676	0.40734576	0.36575948	0.48175046	0.47752868	0.49802942	0.46487791	0.50008229	0.43311754	0.76989447	0.48176737	0.43209395	0.65095819	0.58173763	0.42816175	0.68924230	0.40668259	0.47118731	0.48969262	0.51596787	0.56626258	0.50671358	0.45107312	0.43194133	0.47673872	0.45387552	0.54242821	0.36617962	0.42577720	0.51947496	0.70075773	0.58145181	0.44862507	0.50188432	0.63673029	0.46671992	0.49798522	0.54563177	0.50289634	0.43484477	0.41972210	0.63313438	0.50659747	0.42175735	0.38832425	0.52101502	0.49547478	0.44537809	0.72047650	0.46732715	0.53283270	0.48829222	0.55474503	0.47439636	0.58433809	0.46795612	0.56735614	0.40769477	0.50282987	0.45151671	0.65733296	0.50671423	0.45628613	0.52564180	0.49417493	0.50307474	0.40438208	0.35622612	0.40847434	0.56445440	0.42077666	0.39775396	0.42874002	0.41418701	0.43270883	0.46902771	0.52863766	0.45421288	0.46105253
02_142	0.38192126	0.44188433	0.37361984	0.36703525	0.34975810	0.39338424	0.44482631	0.36588572	0.36387979	0.40341729	0.41306644	0.44828673	0.38063882	0.39676523	0.37504007	0.37104245	0.43640157	0.37438597	0.35870748	0.46248537	0.36590579	0.36457818	0.40198722	0.38434052	0.35208186	0.35111864	0.35794715	0.47973039	0.39735440	0.38021867	0.41773679	0.39975951	0.36603343	0.37714475	0.42051939	0.45370629	0.38906397	0.35820824	0.40580042	0.35140098	0.46971663	0.39934362	0.36140416	0.40296532	0.47555136	0.37052147	0.49115788	0.52536151	0.45926585	0.41881156	0.37398124	0.44755946	0.43485993	0.47342990	0.45385640	0.40175704	0.33833840	0.42027157	0.33356267	0.37548994	0.40946487	0.40273482	0.36915751	0.37873347	0.62976233	0.57827651	0.37769291	0.38027974	0.40812268	0.40998533	0.38644073	0.41372164	0.41924520	0.49270177	0.52276467	0.38214087	0.50939158	0.40797627	0.37093983	0.37591663	0.37398486	0.48027552	0.41733047	0.42190911	0.42533155	0.38663092	0.37697817	0.36288944	0.40820763	0.48585179	0.48440163	0.45682896	0.35871535	0.38510964	0.36560039	0.51786154	0.38622593	0.44293023	0.40528425	0.51712195	0.43004649	0.43283530	0.37640578	0.60418699	0.61723658	0.38208714	0.37781786	0.36431494	0.44928974	0.37791739	0.33098270	0.40770190	0.45909859	0.47421450	0.38565804	0.40795059	0.47942394	0.34244988	0.36520471	0.35745922	0.35052725	0.42443585	0.36796033	0.49393748	0.46498583	0.44089158	0.56802037	0.38451404	0.36166565	0.48761978	0.60849858	0.40653272	0.41211075	0.45144846	0.48502362	0.39267092	0.42754709	0.42078466	0.44413553	0.37184369	0.38771526	0.34218811	0.49894600	0.33986981	0.48309235	0.43954216	0.47808703	0.39099335	0.65527447	0.44007800	0.46933687	0.47381352	0.40798825	0.41921127	0.42186711	0.61752872	0.55025919	0.44918826	0.47618093	0.42841343	0.42595520	0.42044367	0.40300101	0.63015329	0.38707101	0.46044301	0.41959563	0.41369877	0.44678171	0.43301553	0.37145146	0.43975565	0.36008549	0.38907085	0.41831501	0.49020925	0.35198418	0.37410346	0.37047395	0.39625896	0.51056693	0.36000239	0.39922741	0.41869161	0.47943475	0.45755543	0.53287209	0.50303421	0.46777241	0.43923182	0.49528047	0.39737154	0.40013473	0.34922316	0.43976787	0.41651915	0.35791380	0.36841477	0.38462831	0.36657267	0.39232171	0.37801843	0.42061761	0.41046776	0.44477220	0.44668216	0.37620658	0.42526423	0.41548596	0.39900074	0.42658885	0.37983722	0.38137082	0.36754839	0.41817267	0.40002122	0.44699473	0.34968128	0.42622773	0.41890824	0.47890818	0.34464894	0.40631950	0.44198704	0.43335502	0.40728982	0.55812981	0.38831982	0.38171891	0.43599277	0.40798714	0.35768238	0.47463123	0.40751234	0.46390217	0.42870736	0.46738044	0.37191787	0.35674775	0.35402286	0.53520917	0.45020435	0.39502745	0.38378414	0.36518798	0.39775410	0.42135482	0.50542323	0.42518624	0.51630489	0.36961978	0.45955717	0.49958730	0.59507935	0.39306765	0.38380452	0.41654324	0.42290353	0.45546705	0.37570540	0.44828867	0.39229351	0.41647740	0.35943833	0.35135776	0.44031045	0.41640216	0.36219624	0.36561204	0.40868826	0.40982750	0.40744669	0.34841415	0.46784920	0.36161639	0.37418638	0.39881198	0.39131552	0.48507327	0.35612774	0.43582479	0.41718453	0.42903282	0.54159682	0.39742138	0.38430648	0.61098370	0.47330505	0.38493880	0.36003785	0.48127652	0.34666097	0.55373696	0.44759989	0.36317667	0.46755010	0.43327854	0.52308006	0.36492671	0.37320512
02_136	0.44740012	0.41413168	0.43505290	0.55741153	0.39297546	0.35230145	0.36215098	0.49325354	0.38622907	0.41959202	0.41966530	0.41846988	0.46998187	0.44313656	0.40058846	0.41811034	0.36062805	0.41114204	0.43616108	0.39015853	0.49928912	0.37840124	0.45007831	0.49942356	0.42939001	0.43442233	0.42077029	0.37107736	0.47360164	0.44965444	0.40996405	0.51837561	0.40866220	0.39605443	0.37851227	0.41339518	0.37477400	0.39761976	0.37343928	0.39946623	0.39576054	0.36667328	0.40378463	0.51827373	0.41022567	0.59422767	0.47511611	0.36731358	0.46006973	0.53920033	0.45314580	0.37643449	0.45480235	0.49716615	0.41101003	0.38046894	0.41537165	0.45470897	0.42625137	0.40219942	0.42095537	0.47071519	0.55512560	0.38119760	0.40806510	0.42348382	0.40598473	0.41871908	0.58303026	0.50223674	0.37269710	0.35121190	0.48549505	0.41536980	0.40288418	0.47915855	0.48494235	0.44335865	0.39056683	0.43575068	0.46614376	0.43348488	0.59949951	0.47359516	0.40770556	0.42175261	0.47306847	0.40418378	0.44898368	0.47462998	0.39229199	0.46058191	0.45413462	0.47047114	0.43233185	0.42833239	0.45722948	0.45524813	0.44015928	0.38248884	0.50630768	0.53606984	0.42731036	0.43151888	0.37882674	0.42850477	0.35894087	0.52566578	0.41105151	0.45640671	0.45472488	0.39175351	0.38277803	0.37284880	0.37967569	0.43662926	0.45706255	0.39001629	0.45806806	0.52735003	0.37349982	0.39923720	0.52925730	0.46264181	0.37323359	0.53908326	0.43353853	0.37632875	0.47693028	0.45667688	0.47703830	0.36959499	0.49635650	0.50510234	0.37647824	0.40274590	0.38621200	0.36213170	0.57119072	0.58397057	0.68642747	0.41643412	0.45583595	0.49373578	0.51897354	0.44287504	0.54336326	0.53110344	0.39820598	0.43658729	0.38371465	0.45793618	0.46785041	0.44461064	0.45298955	0.39815183	0.41870972	0.41424605	0.41314053	0.39894145	0.58472088	0.46100201	0.36192070	0.43380680	0.41758785	0.42204317	0.51350789	0.62525179	0.46233540	0.34730209	0.44097144	0.51354048	0.40521750	0.44015738	0.41490261	0.49976971	0.48747348	0.45923094	0.40152717	0.46537449	0.43992038	0.49444840	0.42159855	0.39149854	0.47386222	0.42398863	0.45460353	0.41656490	0.48539480	0.41271995	0.45506225	0.41972342	0.48857058	0.49208932	0.42110790	0.49039111	0.40761600	0.59235474	0.51128825	0.44293107	0.47319548	0.48240842	0.41093824	0.57616184	0.51719958	0.53124654	0.68204469	0.36687709	0.45203020	0.38384335	0.63921695	0.43083817	0.45481262	0.44916848	0.39022143	0.68104111	0.51726161	0.37869196	0.70755090	0.42318323	0.49917226	0.43199777	0.43598472	0.38039303	0.57992973	0.40004407	0.43549320	0.41610940	0.56645293	0.37155112	0.55718934	0.38963186	0.50233189	0.55097464	0.44549076	0.40112276	0.58932747	0.41890997	0.52972538	0.50279455	0.47122288	0.45071835	0.69103584	0.36454247	0.45054352	0.45451693	0.52719635	0.44098092	0.37462461	0.35890114	0.43205679	0.67078486	0.44674379	0.37477034	0.40406959	0.49089993	0.42581485	0.55223855	0.44232700	0.57850296	0.48265739	0.43312512	0.71032885	0.44572121	0.48890068	0.39792557	0.43907851	0.50030821	0.47034020	0.53781749	0.39083855	0.66921709	0.40905754	0.48527677	0.38929589	0.45969100	0.38259665	0.73902350	0.36745465	0.51044860	0.36939369	0.56015400	0.42247515	0.37879311	0.42952881	0.72299794	0.42637333	0.42587112	0.35305393	0.39606288	0.43674268	0.48409528	0.40464839	0.38493795	0.41273404	0.37585772	0.39926086	0.51105244	0.49804931	0.65294217
02_125	0.55251199	0.49808534	0.60252825	0.42832624	0.70091661	0.49578886	0.46324774	0.46326360	0.59791824	0.50770117	0.44235585	0.44263765	0.49327360	0.49102736	0.61889714	0.56994548	0.45427799	0.52217476	0.56888816	0.42193857	0.43621630	0.57341767	0.49408790	0.47801907	0.65933459	0.62562041	0.66458819	0.41885802	0.44416875	0.54665831	0.41414546	0.43348311	0.49204395	0.50093912	0.46514330	0.36736538	0.43042940	0.57075063	0.52091057	0.73439520	0.38668567	0.43222988	0.49659941	0.44564864	0.42634444	0.42627701	0.46014991	0.37922446	0.46527502	0.40703285	0.54263799	0.47127662	0.45549701	0.38430643	0.47263708	0.40219532	0.51754535	0.37555171	0.59327185	0.63535825	0.40816392	0.47681632	0.47639513	0.55614235	0.37491872	0.39710795	0.44611912	0.47568626	0.41164002	0.42273477	0.50273833	0.44215523	0.55056392	0.38100575	0.40482318	0.52677956	0.48284535	0.39934421	0.50428715	0.53865694	0.60019748	0.40844373	0.45778442	0.56351505	0.46167699	0.63483454	0.51065446	0.47314038	0.52200218	0.40933597	0.35171047	0.39816239	0.58805091	0.40757688	0.48498439	0.46079172	0.40114035	0.44615799	0.38950188	0.38508701	0.35517405	0.46131537	0.68271738	0.40638543	0.39646410	0.49992726	0.49431984	0.47652981	0.44884588	0.50522220	0.52407618	0.48176632	0.36657560	0.40270229	0.55447762	0.53814761	0.37185669	0.70407153	0.66716973	0.49060698	0.44294174	0.42525541	0.45187320	0.39680441	0.45259611	0.46433402	0.39400579	0.52728699	0.41416236	0.36534120	0.40524048	0.49472033	0.55258437	0.42415448	0.43709228	0.47522324	0.35375450	0.40779752	0.39621986	0.42799299	0.37755103	0.67829261	0.38527407	0.48712691	0.43306515	0.43609531	0.41394846	0.44776683	0.37833654	0.43699633	0.45268691	0.39506737	0.53093707	0.47873387	0.58363845	0.39370131	0.40647354	0.44995761	0.44166389	0.47878651	0.38338379	0.37490480	0.50094677	0.39850009	0.40386261	0.46763114	0.49147538	0.48586664	0.48697105	0.44899403	0.43896139	0.35990766	0.81351008	0.45952665	0.44078293	0.43413119	0.43742818	0.42855434	0.42954171	0.39232015	0.38053765	0.55649407	0.52899049	0.47742877	0.41023052	0.42830709	0.41921562	0.46133568	0.40917569	0.47856609	0.43629632	0.39526242	0.40265190	0.52866150	0.46091936	0.37388095	0.52270299	0.44166359	0.50441996	0.42442027	0.41219858	0.54105309	0.47831546	0.43271502	0.48230097	0.35482812	0.44545970	0.47868018	0.39320252	0.52650653	0.46610385	0.40099380	0.57211790	0.74402880	0.44070114	0.39999621	0.44282592	0.43586596	0.42578650	0.43433894	0.38537699	0.74181552	0.41963177	0.35065644	0.39942949	0.50802086	0.40278935	0.57767690	0.48458880	0.49307681	0.51743434	0.73394427	0.35104670	0.48113690	0.44963043	0.42786360	0.42353412	0.40943661	0.47621794	0.58108123	0.39933228	0.49242609	0.41087127	0.51585373	0.44599755	0.49310976	0.35453348	0.41760296	0.36843643	0.37514002	0.79428875	0.45675534	0.40555219	0.40612488	0.60288120	0.57128514	0.45212422	0.40859965	0.57514902	0.47988577	0.35934562	0.38948284	0.42835357	0.65614521	0.43436804	0.38558072	0.46662370	0.56414740	0.47701310	0.57230884	0.49696112	0.43372487	0.81125356	0.44669247	0.66304713	0.52305206	0.51032131	0.44383349	0.41588609	0.48765062	0.47901894	0.50042194	0.47596679	0.42804091	0.61815408	0.38729523	0.39914881	0.35319211	0.38176707	0.42030922	0.42611627	0.43931129	0.33003390	0.44301640	0.40271712	0.44999819	0.44555966	0.39802467	0.41303322	0.37826710
02_317	0.53237885	0.51914231	0.56159118	0.41366789	0.63482704	0.49145376	0.48517511	0.43813197	0.70976869	0.55997270	0.48355975	0.47036140	0.47184574	0.50048806	0.67855357	0.61572857	0.46813131	0.61576289	0.57275344	0.42370668	0.43006562	0.70993823	0.48185374	0.45387223	0.58298549	0.57990018	0.56895879	0.43918777	0.46927892	0.51743647	0.41744131	0.44774079	0.57595030	0.48566967	0.46476762	0.38139442	0.43929322	0.65608388	0.50608152	0.63940511	0.40097216	0.45253206	0.57636635	0.45002842	0.43478837	0.40854113	0.46914771	0.40605314	0.49274533	0.40705048	0.56372024	0.51630295	0.48634356	0.40878538	0.51347152	0.42181238	0.53171690	0.36224382	0.53230842	0.68940213	0.39124823	0.50289290	0.45379032	0.68525637	0.40061310	0.39826443	0.42816886	0.51347028	0.42613676	0.45508326	0.66984595	0.50074655	0.55940704	0.40234460	0.41061871	0.47718707	0.47493931	0.38595732	0.58222335	0.60060617	0.57896297	0.46224335	0.44387228	0.57880009	0.42787525	0.54114786	0.54353264	0.55229655	0.59690231	0.44169625	0.38057411	0.44826464	0.57162628	0.40511074	0.45689554	0.48099713	0.43459121	0.46644005	0.43906683	0.42307038	0.38096947	0.42734338	0.62801618	0.43290517	0.43277233	0.58948131	0.46003261	0.44190100	0.53870316	0.47211990	0.47542121	0.57688273	0.40233940	0.42055663	0.76247479	0.61629725	0.37315870	0.60309879	0.56007610	0.46502771	0.53385361	0.49548587	0.44902940	0.38922388	0.53053279	0.45219982	0.43488194	0.69713494	0.42208167	0.39794130	0.42689756	0.46442678	0.54308264	0.45896421	0.50302091	0.60491650	0.37206086	0.44932028	0.41953287	0.41331855	0.37141312	0.60229387	0.41861632	0.45144161	0.46025435	0.49165685	0.41432871	0.46492318	0.41076000	0.44892863	0.45662974	0.44087325	0.56915960	0.51180628	0.68585785	0.41429392	0.44197867	0.53050261	0.51484274	0.60823383	0.39782435	0.36635141	0.66487870	0.44373820	0.45301374	0.43008939	0.44809800	0.47760185	0.53680415	0.52931316	0.49332682	0.38734675	0.64951309	0.52623770	0.51416969	0.46410278	0.42668021	0.44716511	0.51007309	0.42845770	0.36265014	0.50140825	0.55742817	0.47786481	0.45719482	0.39930677	0.43697706	0.55295063	0.46474288	0.45913635	0.48596292	0.38763056	0.43410689	0.47292592	0.43236301	0.41012292	0.60749962	0.41694741	0.48643714	0.46097668	0.43181063	0.54027637	0.56002455	0.45016652	0.47702644	0.36195883	0.42253559	0.60631244	0.44315481	0.47761631	0.44157518	0.38343034	0.52182918	0.57820324	0.50959900	0.40121626	0.42532115	0.40866264	0.40715796	0.49112610	0.42650950	0.58858668	0.40040276	0.37670582	0.37812771	0.65145683	0.39366767	0.50012829	0.44265827	0.50839980	0.46700699	0.75519957	0.36568808	0.43727399	0.52841314	0.39470236	0.42517600	0.46183935	0.45330735	0.51530813	0.44947503	0.54922905	0.39226381	0.74822706	0.48660969	0.56176187	0.37844439	0.47136419	0.39694809	0.41344844	0.60986889	0.44418888	0.45722146	0.45703453	0.82541879	0.51108318	0.52548603	0.44004554	0.57499421	0.44474751	0.39065065	0.43166236	0.40408974	0.61042548	0.42449417	0.40719050	0.55521585	0.49622894	0.49371637	0.51443997	0.65125080	0.43291411	0.60537294	0.51232728	0.78967342	0.47883723	0.67026455	0.41682619	0.46237981	0.46098830	0.59840616	0.45511827	0.53582774	0.49130114	0.64379116	0.37117444	0.43213829	0.38414419	0.41669804	0.49414444	0.49120567	0.42855166	0.35203648	0.52543760	0.45416089	0.49346304	0.52825077	0.42711062	0.40007663	0.36375216
02_172	0.49478504	0.44959467	0.51533214	0.48295302	0.56416712	0.44178443	0.41683606	0.47873990	0.53177112	0.45383870	0.41045224	0.40923998	0.46785723	0.44885689	0.51374457	0.60557845	0.41292831	0.53928770	0.64602129	0.39812119	0.48396930	0.51222673	0.44340432	0.46283287	0.62918861	0.67333901	0.53925410	0.38711262	0.50835580	0.48645874	0.45324343	0.46191862	0.55046549	0.54216678	0.45014603	0.39232596	0.46665582	0.58260764	0.45893757	0.56508497	0.38807394	0.45518624	0.55527419	0.47249959	0.39506002	0.47733689	0.42856380	0.35450412	0.45718448	0.45103531	0.57382185	0.43980203	0.41471332	0.40790032	0.42689971	0.44686768	0.68198940	0.40119964	0.75343988	0.51665124	0.42125821	0.47435136	0.55103615	0.48134749	0.36300544	0.36447538	0.50260359	0.55429585	0.45207314	0.45463306	0.45460724	0.43357842	0.54659618	0.39853006	0.37572546	0.46649673	0.43898919	0.43859579	0.55849127	0.57258410	0.60845445	0.37431248	0.44850497	0.47844844	0.42099926	0.52175950	0.59943846	0.53337137	0.50546939	0.37555546	0.36954775	0.39446157	0.69213594	0.46197538	0.59190157	0.40431713	0.44150453	0.48127328	0.41626761	0.38249771	0.37184678	0.41588968	0.52731502	0.37345695	0.36360929	0.54498378	0.45678136	0.51742886	0.40592260	0.45487187	0.73202552	0.42512792	0.38311544	0.37419589	0.47308484	0.49032011	0.38669926	0.55575260	0.56838351	0.61171058	0.49808582	0.39675115	0.53166228	0.39681608	0.42367019	0.41310934	0.36705719	0.46538189	0.46588098	0.38553880	0.37205960	0.43754158	0.49162410	0.42048420	0.39476786	0.48416179	0.37560698	0.42810045	0.41013626	0.47540279	0.40942762	0.70779398	0.35294307	0.63664196	0.39914874	0.41372247	0.38166239	0.50890383	0.34886210	0.45661292	0.41026996	0.37881735	0.49544868	0.42863366	0.50516576	0.36241944	0.38493843	0.40037259	0.43540022	0.42762079	0.40201094	0.41209107	0.44802590	0.36982323	0.41974554	0.41352628	0.43822853	0.50419287	0.43611733	0.40577992	0.52157903	0.37360344	0.56268083	0.50239495	0.42219701	0.39222767	0.49360091	0.46321954	0.48676681	0.42435656	0.34977796	0.60535208	0.44919973	0.47588059	0.39045895	0.38995797	0.41678353	0.40711492	0.40754531	0.41415603	0.39734128	0.42116986	0.43456196	0.59087065	0.42262066	0.40494703	0.60105312	0.49136664	0.50546679	0.48691164	0.46149462	0.56708949	0.43029499	0.46966968	0.41825814	0.38055589	0.50696590	0.44602251	0.41571633	0.46501198	0.44325162	0.43516824	0.47644357	0.55106500	0.39029360	0.44079095	0.45554462	0.49900056	0.41003751	0.47960369	0.38317995	0.70550323	0.45497943	0.36863861	0.42022884	0.45612333	0.36810072	0.50506443	0.49784931	0.44404938	0.45304948	0.55112625	0.37425627	0.42308743	0.41614473	0.38434760	0.39137500	0.45322644	0.62180231	0.71739397	0.39797497	0.42351198	0.45716616	0.45051109	0.54005363	0.51193883	0.37738674	0.37438783	0.39230156	0.35312464	0.54852025	0.43554243	0.36957549	0.37073501	0.49993477	0.50081365	0.43093907	0.44164344	0.46885682	0.49743073	0.38257204	0.41258425	0.41045431	0.67139869	0.49751681	0.39701312	0.46558305	0.55656735	0.54475137	0.48259386	0.44540757	0.47536789	0.56511342	0.43386188	0.54551441	0.46575550	0.44084464	0.46106463	0.38977560	0.57045166	0.43350915	0.44065665	0.41190358	0.38545034	0.49463054	0.40954892	0.36083390	0.37471589	0.42310515	0.48738913	0.38543842	0.50548512	0.33106641	0.42500577	0.46765192	0.39880183	0.39910436	0.38960116	0.48209936	0.41000548
02_183	0.39546641	0.40191551	0.40232654	0.41725624	0.42174021	0.41615237	0.41852257	0.38739782	0.42329267	0.38300007	0.36006290	0.37104404	0.38338672	0.37675706	0.40891989	0.47714956	0.39989638	0.47461266	0.45276305	0.38759531	0.39581150	0.41351771	0.37902731	0.39009487	0.43685664	0.48921993	0.40849954	0.38133395	0.44561653	0.39054005	0.49560991	0.41004152	0.43847463	0.47298860	0.44818523	0.41195232	0.48892739	0.44004113	0.42195451	0.42675121	0.38604231	0.44657493	0.46505173	0.41305023	0.37854566	0.42845320	0.42093498	0.35981905	0.42472859	0.44651637	0.54053791	0.42695389	0.37852596	0.44116971	0.38581094	0.46261200	0.47036711	0.42827779	0.47126515	0.42180889	0.39959667	0.39863106	0.45507873	0.39981141	0.42237605	0.40530256	0.46110217	0.53316181	0.45903100	0.41832815	0.40299328	0.42840993	0.47924555	0.44478237	0.38471537	0.39280172	0.50982051	0.44608372	0.46065077	0.51335837	0.46580792	0.37665687	0.42978708	0.46915664	0.40354159	0.43341268	0.47746308	0.46950154	0.42426437	0.39586626	0.39920950	0.39410314	0.48379645	0.40965704	0.49852945	0.49702183	0.38744100	0.46615973	0.38669273	0.46692437	0.42591947	0.41575242	0.45277879	0.39944904	0.40617333	0.44812554	0.42780385	0.41718566	0.38249874	0.37421005	0.49767581	0.44719649	0.38514812	0.49712217	0.41761128	0.49368295	0.53842896	0.41447711	0.51612422	0.54245641	0.42194999	0.35710715	0.59242183	0.44262145	0.41276915	0.41256565	0.39359221	0.39490464	0.59789133	0.45968400	0.42848708	0.45283910	0.42345090	0.50075910	0.46340536	0.44609105	0.53021290	0.45365878	0.44200371	0.58771596	0.46316444	0.45364448	0.38982837	0.45453845	0.41321514	0.37791384	0.42690119	0.44211095	0.42934060	0.60730699	0.40512526	0.39197671	0.54854039	0.50363312	0.45930992	0.43842635	0.50873459	0.44103197	0.46823589	0.38989158	0.46533990	0.48960863	0.40191788	0.41013915	0.51907399	0.46636776	0.40855599	0.47811180	0.41513944	0.41328065	0.46127914	0.42872166	0.44218254	0.41778129	0.48180340	0.44501042	0.64946844	0.60454052	0.42457831	0.51585436	0.41208935	0.43559926	0.48054259	0.45019417	0.39868261	0.50672739	0.55508416	0.44288873	0.43990156	0.53952259	0.39022491	0.65480928	0.54579519	0.57846125	0.40283672	0.41462230	0.46685122	0.42406505	0.61666846	0.55073540	0.40236414	0.60702327	0.37467400	0.55817969	0.47130203	0.47076360	0.54155409	0.43695085	0.38916459	0.47610998	0.43874150	0.70403524	0.52349853	0.43444264	0.44997520	0.46229056	0.45098693	0.47946986	0.45474960	0.53671288	0.41832211	0.46919683	0.58985520	0.51342828	0.49861548	0.46097131	0.41158391	0.50898196	0.65338118	0.44236783	0.42647940	0.42041797	0.47433441	0.44807966	0.39922145	0.48679861	0.43499125	0.52034655	0.49325377	0.54898881	0.43412515	0.47210665	0.47264764	0.40065644	0.51258604	0.55167376	0.43657045	0.42924636	0.52391397	0.35256800	0.48194749	0.47997652	0.38368528	0.40441014	0.45155988	0.41015651	0.50642256	0.49372207	0.51653897	0.62357987	0.47304802	0.49651428	0.45108945	0.45179672	0.67101801	0.59174523	0.40860506	0.59376603	0.60519539	0.45851084	0.44972578	0.51465725	0.43816155	0.45844466	0.42399895	0.38071145	0.43003327	0.48196646	0.47452906	0.42683883	0.40557947	0.46274545	0.46859424	0.41953742	0.48339984	0.46448012	0.42820973	0.45479200	0.44914023	0.42006282	0.39441859	0.63646839	0.41194143	0.48358630	0.41319224	0.47507800	0.45052912	0.45994526	0.41129766	0.46796915
02_265	0.40106382	0.44290503	0.40475480	0.39369658	0.42713784	0.45484665	0.48095150	0.37678861	0.47035374	0.42042452	0.39682689	0.40972261	0.38179099	0.39373765	0.44045067	0.51722716	0.45359710	0.54053693	0.46755160	0.41953991	0.39431389	0.47087315	0.38527191	0.37999745	0.42879058	0.46536694	0.40072174	0.43587586	0.48440171	0.39198121	0.52360468	0.42110910	0.51910248	0.49421029	0.48907711	0.45791402	0.54601730	0.49196807	0.45162523	0.42555260	0.43318024	0.53328086	0.54190197	0.41964770	0.40828337	0.39336805	0.43795195	0.41665186	0.46725822	0.43787794	0.51919979	0.51741264	0.40264298	0.47442675	0.43605088	0.55317359	0.48715303	0.40573266	0.44225630	0.44753014	0.40106837	0.42483016	0.42213733	0.45669969	0.47967386	0.41208505	0.46498655	0.60795337	0.44737023	0.44929791	0.49067190	0.56875130	0.49102015	0.51294412	0.41278805	0.37568653	0.48069921	0.43463007	0.56736566	0.54486626	0.45827659	0.41838448	0.40111409	0.45787338	0.39791558	0.42287764	0.50337834	0.55883985	0.47476887	0.41002555	0.48323686	0.44301609	0.47547830	0.41725727	0.47936209	0.49750766	0.42946148	0.52024811	0.44955123	0.59350434	0.43160908	0.37851972	0.43917108	0.43738221	0.48057972	0.52814537	0.43806867	0.39126664	0.44728727	0.37001377	0.43853314	0.49838307	0.47785515	0.51325351	0.48847365	0.52040991	0.48496850	0.41104237	0.44337828	0.46048117	0.53790800	0.41638514	0.48763745	0.43017722	0.53863542	0.38885267	0.43975532	0.46966956	0.48850929	0.51865135	0.43846274	0.45220599	0.42236647	0.49521665	0.56780881	0.57009147	0.55789386	0.62241998	0.44177749	0.44371329	0.39617231	0.44593728	0.40345376	0.41758860	0.42044024	0.42547363	0.39615497	0.45424648	0.47484906	0.59204932	0.44435916	0.42930040	0.52189159	0.47866353	0.49576414	0.47262963	0.55966778	0.48917890	0.60932626	0.46750910	0.43478960	0.44697585	0.51357499	0.46803861	0.55242154	0.42650537	0.38122416	0.44387773	0.44244271	0.53195146	0.53513021	0.43618481	0.43374328	0.48905582	0.53984893	0.43968581	0.46962206	0.51928128	0.53981896	0.52292927	0.37484762	0.41332230	0.46480077	0.49894145	0.43490177	0.42593043	0.57189285	0.52226249	0.49071422	0.46666543	0.43129584	0.50457617	0.52512387	0.44539531	0.40251791	0.45467282	0.54146678	0.39007225	0.47772273	0.55826458	0.43446606	0.51945914	0.43015535	0.50151771	0.42317841	0.43747423	0.43339007	0.60398478	0.45052108	0.45711891	0.39735729	0.48254014	0.43792927	0.40819565	0.48409018	0.42249525	0.43448775	0.45743369	0.38938207	0.74776030	0.45090586	0.43747921	0.49485406	0.59326004	0.41650500	0.54193753	0.40392525	0.45196389	0.44725591	0.50465586	0.38572862	0.44327073	0.46630867	0.38137577	0.45909842	0.41035500	0.40106675	0.58679972	0.44886759	0.46120320	0.50908929	0.48015778	0.41007994	0.49508526	0.55080956	0.59339365	0.43702386	0.45971929	0.65896329	0.42737103	0.43921495	0.42630304	0.42186504	0.50526363	0.50635123	0.39344607	0.55516399	0.49911323	0.50560998	0.44435477	0.50228953	0.52293375	0.38284246	0.45307024	0.47712380	0.62061632	0.48601825	0.45005238	0.53985983	0.41349464	0.55018235	0.45723190	0.41733069	0.51697829	0.46438600	0.37341391	0.50919707	0.40464203	0.60762350	0.41102370	0.53127751	0.39991730	0.48241878	0.52970673	0.48086128	0.38565937	0.46293197	0.53497794	0.61439955	0.53278399	0.44414768	0.47297368	0.45230726	0.67980620	0.48936534	0.54570680	0.51157033	0.47751396	0.40168279	0.38792149
02_294	0.45321354	0.53187077	0.46759750	0.38306665	0.48483088	0.68807978	0.63447911	0.40804334	0.46307660	0.44024463	0.40598796	0.45237785	0.42652518	0.42999634	0.47370883	0.47151435	0.64006884	0.42932886	0.45549998	0.55129710	0.39343785	0.45702293	0.44389366	0.41583328	0.47335231	0.45545820	0.47663770	0.54976124	0.42406920	0.45062238	0.49997906	0.39228468	0.42475045	0.57213673	0.63984152	0.43462828	0.52300066	0.45400619	0.70097650	0.48229155	0.47785565	0.55102065	0.42081605	0.41209099	0.49244004	0.37932290	0.47390298	0.46850326	0.47498461	0.40821785	0.42734723	0.58666072	0.40938801	0.39123190	0.49019014	0.48782050	0.42624783	0.43440028	0.44590528	0.47218121	0.49556335	0.42261948	0.40785618	0.45809972	0.44258870	0.46953856	0.53250227	0.45127964	0.37128790	0.38641364	0.43085991	0.53803443	0.48695473	0.45511671	0.50810700	0.43554694	0.50148707	0.47220791	0.46941690	0.43213757	0.45810964	0.37734842	0.39824470	0.44074095	0.57454189	0.57754257	0.42933077	0.40743469	0.44549450	0.37197922	0.41200993	0.37096771	0.45221989	0.41801874	0.50741286	0.46783519	0.37585527	0.48812316	0.36741184	0.45211388	0.33101807	0.42060315	0.46880029	0.44581169	0.48611686	0.42978392	0.73723800	0.41315929	0.40857160	0.43246533	0.41930991	0.40532682	0.42783947	0.45162574	0.45008242	0.43210553	0.41436557	0.47598288	0.45256738	0.40526671	0.39639184	0.39735753	0.38295800	0.46562697	0.52888797	0.40068075	0.39941931	0.44649462	0.35820617	0.37567972	0.40868800	0.69122562	0.45075048	0.37735851	0.45647233	0.41489316	0.38893822	0.50246950	0.36189818	0.36615860	0.34106919	0.47383597	0.35379360	0.41065624	0.38817085	0.40192464	0.37711087	0.40057516	0.41296346	0.46415079	0.64149121	0.36554305	0.42215254	0.39590389	0.46146344	0.46071846	0.43027712	0.39150354	0.45256654	0.42612352	0.34796875	0.42377250	0.48017919	0.41463161	0.35744448	0.57452764	0.44752120	0.41335116	0.42081660	0.50118198	0.39259159	0.33477344	0.50654748	0.41382570	0.38457620	0.38330911	0.36790907	0.36925129	0.39278764	0.35208089	0.42937000	0.44734917	0.41774639	0.66936941	0.37707033	0.48330182	0.46877217	0.43335323	0.37343119	0.47845102	0.41160456	0.41920493	0.35817323	0.40991377	0.57546624	0.35076379	0.43473391	0.39029857	0.40285462	0.37107225	0.40065872	0.42263549	0.43154867	0.37755381	0.40011202	0.35699645	0.38107554	0.49586097	0.37092587	0.70127813	0.40557210	0.41727643	0.42423597	0.48411928	0.38022944	0.36173338	0.48208725	0.52367939	0.37177791	0.43441019	0.35819166	0.47895292	0.48605923	0.38624892	0.41096044	0.42324161	0.48509029	0.55850998	0.40330893	0.74295210	0.42466569	0.49289501	0.36200861	0.39612108	0.40780551	0.47589546	0.37464353	0.36412523	0.41548301	0.43887385	0.40121086	0.41089904	0.38697257	0.43968505	0.38950500	0.41293415	0.33082238	0.37996906	0.41654480	0.46468060	0.49195967	0.40801877	0.37517891	0.50158309	0.46400663	0.45736508	0.38941921	0.36933204	0.53582312	0.39095238	0.34927453	0.34954941	0.37366676	0.48164288	0.36950929	0.41993480	0.42228380	0.42348396	0.39834935	0.44532381	0.42766540	0.38693304	0.49275452	0.40626113	0.48634014	0.44609137	0.43005625	0.38448527	0.49375699	0.42101954	0.51809890	0.42474055	0.40158739	0.50414731	0.47011814	0.35129668	0.42039027	0.38146644	0.45425709	0.38606560	0.39262854	0.37172043	0.36975675	0.45958431	0.37202762	0.49846188	0.39570764	0.39139009	0.40692008	0.34793956
02_76	0.43855833	0.43277063	0.42464395	0.46185561	0.38688962	0.35640583	0.38119154	0.43633044	0.40437420	0.45464766	0.46641064	0.45293155	0.44458914	0.45451646	0.41717885	0.41901838	0.37432156	0.43579824	0.41787984	0.39568517	0.44598653	0.40216175	0.44772148	0.45886685	0.40401296	0.40959759	0.40257332	0.39465974	0.46332831	0.43615657	0.39465010	0.50595571	0.42626037	0.37641809	0.37756923	0.41487928	0.36829483	0.40709879	0.37427667	0.39233133	0.40662686	0.36891184	0.41971773	0.48902946	0.42772421	0.47388301	0.49875601	0.40743958	0.48272366	0.48265132	0.45120690	0.40161023	0.51077243	0.53552798	0.44887322	0.37900738	0.39557574	0.40358329	0.38765051	0.41878026	0.38684608	0.48373756	0.46439120	0.41306891	0.46371776	0.44902428	0.37271270	0.41918638	0.56346723	0.52750027	0.42343807	0.37640846	0.48011909	0.43358697	0.42238585	0.44540098	0.49863353	0.39724239	0.40295344	0.44903746	0.44443516	0.57303488	0.54671300	0.50863819	0.38854203	0.40141821	0.46292680	0.42557968	0.48481845	0.62449270	0.42559721	0.58349309	0.42660928	0.42392996	0.38706878	0.48383187	0.47353365	0.45362278	0.49894882	0.42919335	0.61193431	0.49477257	0.42886075	0.50477203	0.43827764	0.45408490	0.34793049	0.44149524	0.50950473	0.43422499	0.39349566	0.45950610	0.41535764	0.40616105	0.42488506	0.48345427	0.44839406	0.37919476	0.43065341	0.44782325	0.39984340	0.47383314	0.47511684	0.44249830	0.41892402	0.55845708	0.55228012	0.42035478	0.45836455	0.52729008	0.59818033	0.36533482	0.49867662	0.61146233	0.44174682	0.45863456	0.40347036	0.38213672	0.66633832	0.49092086	0.54015747	0.39287103	0.64676400	0.41254786	0.67285824	0.52365311	0.60847432	0.50511301	0.48734667	0.43971720	0.39591515	0.60578381	0.50663612	0.50768458	0.50395158	0.45089188	0.49413518	0.52804072	0.47759207	0.48059542	0.62639504	0.41253597	0.40880595	0.56684395	0.47681841	0.40821340	0.47189259	0.56118386	0.53748881	0.38999294	0.45614026	0.64921045	0.39798772	0.46923049	0.49738616	0.67955814	0.44287615	0.46711247	0.43631732	0.51850038	0.43111731	0.43227236	0.46041179	0.38688544	0.63263311	0.41042608	0.48743440	0.53243037	0.66884815	0.42477904	0.57358833	0.39780960	0.53723232	0.42597912	0.40383173	0.56456222	0.41843203	0.46840568	0.48709942	0.45691530	0.46135413	0.47092116	0.47333130	0.58423548	0.57374375	0.51744402	0.50762355	0.41581143	0.52298700	0.37213687	0.56363404	0.39203453	0.45240694	0.42370824	0.47742040	0.57146729	0.46477559	0.34461524	0.60623902	0.45632202	0.73146437	0.39920556	0.39638336	0.41299619	0.47126880	0.46890970	0.44597485	0.39313491	0.47940715	0.38538211	0.50825912	0.39768035	0.53030843	0.50707399	0.56977216	0.38763701	0.70033096	0.45924604	0.44088522	0.43574717	0.61916966	0.55647984	0.50129871	0.41868663	0.45270953	0.49854691	0.62586746	0.62773592	0.39879045	0.40860257	0.42023420	0.64231447	0.64042557	0.44292053	0.44899058	0.45744755	0.51461286	0.62640718	0.47277271	0.49327793	0.58154733	0.49154394	0.58577759	0.42347560	0.44257990	0.42438974	0.50664858	0.44840782	0.46213615	0.51357143	0.46474427	0.57980987	0.39414325	0.63900137	0.40608065	0.43390984	0.44977871	0.54248377	0.41667332	0.43820672	0.42233241	0.52110918	0.51515232	0.45097773	0.45996813	0.53088727	0.54621259	0.48377203	0.36594740	0.42521026	0.59798665	0.43918284	0.47346133	0.44815387	0.43299545	0.42599283	0.50142366	0.67807431	0.42318432	0.49974560
02_72	0.37072654	0.41191813	0.36383485	0.40359149	0.35157421	0.38121450	0.41667570	0.37344094	0.37104791	0.38350585	0.38554268	0.40687320	0.37115037	0.37672797	0.36836280	0.40365703	0.40607396	0.41081709	0.38916030	0.42279008	0.39364895	0.37010089	0.37503697	0.37798022	0.36436913	0.37898002	0.35170392	0.42506254	0.45771406	0.36658496	0.49310123	0.42786319	0.40978958	0.41168284	0.42658465	0.51887331	0.44661660	0.38271762	0.38979355	0.35225629	0.46119788	0.44095825	0.40893786	0.42649869	0.41912450	0.40861117	0.45128986	0.43757080	0.45776045	0.48173396	0.41610055	0.43724982	0.39977956	0.55655621	0.41382821	0.48324477	0.38690614	0.46166951	0.36550813	0.36991213	0.41843871	0.40743771	0.40961936	0.37224020	0.56437033	0.46099682	0.42393992	0.45390397	0.47453711	0.45374370	0.38682454	0.43335267	0.43894832	0.57404572	0.44316441	0.36407807	0.48136516	0.46274700	0.41729219	0.42012123	0.39429152	0.42758566	0.41783076	0.40995232	0.39256432	0.37550554	0.42900409	0.41895696	0.41856158	0.43353900	0.56869413	0.46186429	0.39442385	0.43176012	0.42033305	0.46900995	0.43058945	0.50227349	0.45143279	0.56999196	0.50170061	0.39664132	0.37140460	0.48033354	0.49388913	0.42614392	0.37693162	0.38472856	0.41649076	0.35927130	0.37589574	0.40435001	0.50404607	0.46702139	0.38295588	0.42252408	0.59235432	0.34235931	0.37778132	0.41615103	0.40265854	0.39805280	0.44492110	0.49353601	0.45212623	0.40267470	0.47849979	0.37930810	0.44180825	0.63770388	0.49815791	0.39371962	0.39985687	0.49284927	0.46580939	0.43354234	0.56677410	0.48746325	0.49397584	0.43886425	0.44820422	0.36411069	0.43661201	0.38465594	0.44589544	0.42097783	0.43436853	0.44730442	0.52015973	0.52163809	0.42485462	0.45208859	0.43575437	0.42219996	0.42160722	0.50474445	0.55733953	0.43245084	0.51013553	0.40870244	0.48976157	0.51081495	0.39802311	0.51716810	0.46137795	0.42227104	0.38911611	0.44596857	0.41938635	0.41641401	0.44991804	0.50940117	0.35917705	0.43325668	0.44704970	0.45449024	0.42121842	0.44862992	0.43578981	0.49307166	0.42879223	0.38125268	0.39356543	0.43786188	0.45665985	0.43318971	0.61207007	0.46569762	0.50634530	0.42323141	0.44206430	0.48081033	0.50064578	0.39011165	0.40574620	0.49823168	0.40682383	0.40185868	0.42555033	0.45693717	0.44194518	0.42801432	0.39665513	0.49990689	0.41826992	0.55890120	0.44049117	0.43731231	0.46104724	0.39576998	0.42027236	0.46177310	0.38390058	0.36208189	0.41217223	0.47084309	0.47005078	0.40015789	0.42762544	0.53554296	0.50636823	0.36437856	0.48477164	0.60899099	0.48228351	0.41930579	0.45724956	0.39031886	0.42728948	0.42543460	0.38807203	0.35861139	0.65756357	0.38549655	0.44348379	0.40356155	0.44077066	0.46582567	0.42049771	0.39916319	0.57868694	0.43380331	0.45783121	0.38353981	0.45025640	0.46242465	0.52197226	0.46169573	0.57468721	0.44593346	0.37136091	0.46476654	0.44406886	0.50065702	0.39814578	0.37589179	0.45756279	0.52881480	0.44110314	0.42515967	0.62021281	0.47139093	0.42045802	0.38362138	0.42888140	0.56996048	0.44167117	0.39728258	0.44475917	0.39933562	0.42369770	0.48937967	0.35271923	0.50733399	0.37008327	0.36219122	0.40253376	0.43202300	0.50693338	0.39373914	0.43095206	0.40757631	0.42441776	0.49131929	0.40164208	0.43920375	0.51571069	0.73780736	0.48553111	0.43111865	0.44706636	0.42398191	0.67234713	0.49930652	0.43116802	0.46136674	0.43874319	0.57381761	0.41643884	0.44140816
02_300	0.42252365	0.51838201	0.41644604	0.38234029	0.39618722	0.46854408	0.54194581	0.39067269	0.41716130	0.45408262	0.45286601	0.50385773	0.41140528	0.43525653	0.42860882	0.42155952	0.53107850	0.41920882	0.40306781	0.53581924	0.39045130	0.41972545	0.43774842	0.40816502	0.39435530	0.38912423	0.39921785	0.58076503	0.43627373	0.41855687	0.46467955	0.42168035	0.41540509	0.43528177	0.49563715	0.48861446	0.44484267	0.40935181	0.48256862	0.39612906	0.53044135	0.47141220	0.40615969	0.42966749	0.53434428	0.38117542	0.53062828	0.61006006	0.51692677	0.43397054	0.40616308	0.55222391	0.46419453	0.47756159	0.53107229	0.46022023	0.37771429	0.43207607	0.36949988	0.42607725	0.44870835	0.44184166	0.39144816	0.43689124	0.63448659	0.57194693	0.42662056	0.42619415	0.41320050	0.43347383	0.44482826	0.50481679	0.46783785	0.53692642	0.58341869	0.40845984	0.53222649	0.43934884	0.43066049	0.41600616	0.41376695	0.48887894	0.42276333	0.45028590	0.47279092	0.43906616	0.41700908	0.40485381	0.46131885	0.46908768	0.52288264	0.46803793	0.39879339	0.41452310	0.40965564	0.53494965	0.41517480	0.50132999	0.43305702	0.56780893	0.40740040	0.43264507	0.41544662	0.62071403	0.73810882	0.43269757	0.44102637	0.38745865	0.49827813	0.40913966	0.35930498	0.44051798	0.52183647	0.49234752	0.44395473	0.44459839	0.46386963	0.38507703	0.39372016	0.37847002	0.39734085	0.47290907	0.38124113	0.50205630	0.58980168	0.43919892	0.55872084	0.44672444	0.36805645	0.47974702	0.55232680	0.46738538	0.44829676	0.44589769	0.54103454	0.44441715	0.43345763	0.50015139	0.43398337	0.37181462	0.37278685	0.38564439	0.46164854	0.36687816	0.47674493	0.47863704	0.44485257	0.41884560	0.59574581	0.47000707	0.56828551	0.46958225	0.43347047	0.42905053	0.47339169	0.61355467	0.55039847	0.46829143	0.54067178	0.49127787	0.40737145	0.42825162	0.48577814	0.62177289	0.39854306	0.49227418	0.43685577	0.42981346	0.47784830	0.52187892	0.40804119	0.41599038	0.40679381	0.43740593	0.43858899	0.47157074	0.36036751	0.38370702	0.41648548	0.39973514	0.47079939	0.39440153	0.42239801	0.50245513	0.48194859	0.45820425	0.55231826	0.55123828	0.47263770	0.45654742	0.52479621	0.40659026	0.40288283	0.36772181	0.49345378	0.42246955	0.40687392	0.38342225	0.39629920	0.38647466	0.42543950	0.40400161	0.48068699	0.41470201	0.43871707	0.41961556	0.38134943	0.51738913	0.44356943	0.45642662	0.42813790	0.38955580	0.39862901	0.40607816	0.43417846	0.39735366	0.47774448	0.39202963	0.40695310	0.46704592	0.46412810	0.38485258	0.43229947	0.45024449	0.42362086	0.45360743	0.55504955	0.42826624	0.38714865	0.53822568	0.42022646	0.41153588	0.44487432	0.40205311	0.50636600	0.43335001	0.44087141	0.39339885	0.38379802	0.38322944	0.55117957	0.46811115	0.39744623	0.44876316	0.39501833	0.43137764	0.40281486	0.49435311	0.45691648	0.64398245	0.40855763	0.45193100	0.49925419	0.87425469	0.45011314	0.41869901	0.43940840	0.42862129	0.51004598	0.38143928	0.43475418	0.39751117	0.40147841	0.40761284	0.36112473	0.45948032	0.47450893	0.38209225	0.39074133	0.43103379	0.46441975	0.41424076	0.39171674	0.49881376	0.42015865	0.40983524	0.45414285	0.39327253	0.56821695	0.38785528	0.55301111	0.42463737	0.45017941	0.70939167	0.44261344	0.37348983	0.59597008	0.48373097	0.44637532	0.40463773	0.50823484	0.35965910	0.50944326	0.52142727	0.39703037	0.53676424	0.46329993	0.50851278	0.39118543	0.36586699
02_56	0.41291510	0.43532034	0.42088856	0.37056866	0.43855313	0.43239160	0.45730351	0.36867719	0.46660505	0.43184129	0.40364438	0.40824818	0.38790404	0.40456963	0.45625963	0.46531770	0.42698275	0.49426529	0.42677062	0.39692099	0.36695885	0.46474875	0.40148077	0.38701155	0.42340420	0.44982319	0.41971116	0.41349901	0.41002378	0.40643036	0.41538502	0.39760250	0.43838412	0.41739031	0.43394084	0.37982093	0.42232147	0.45180385	0.43623092	0.44551999	0.38392986	0.41619586	0.45838044	0.39552341	0.40304611	0.37546643	0.44630279	0.40024452	0.43898136	0.39180946	0.50508371	0.46407422	0.42765521	0.42211644	0.43387169	0.40532148	0.41538006	0.36458010	0.41231862	0.47380629	0.36379030	0.41251217	0.39678836	0.46425287	0.45488066	0.43434986	0.38667438	0.46440132	0.42017364	0.41242161	0.49114086	0.45616610	0.47200404	0.41915683	0.40797023	0.40139701	0.52945128	0.37386013	0.45164946	0.50495103	0.44923036	0.46353438	0.42236867	0.54304750	0.39786775	0.43551166	0.44256540	0.46099845	0.45945884	0.47345315	0.39103748	0.43985975	0.44072204	0.36354372	0.40044862	0.63492316	0.37972455	0.43145881	0.39805172	0.49393768	0.42352330	0.42275406	0.49257298	0.45988274	0.48319055	0.45593238	0.41067827	0.37801242	0.47500191	0.38651556	0.39942488	0.61209950	0.38747464	0.55758684	0.51756660	0.58213578	0.44323871	0.42728645	0.49569976	0.42535711	0.42700165	0.41798866	0.45248597	0.40850288	0.47657316	0.44989268	0.46991995	0.47233189	0.46272493	0.44764120	0.50500148	0.45143796	0.45045486	0.54041024	0.64033043	0.50128048	0.44901280	0.43996002	0.44094765	0.44447909	0.39483047	0.42858855	0.48525073	0.37863875	0.47857387	0.42921139	0.46628107	0.40891620	0.53892883	0.50564906	0.42931103	0.45579367	0.61186519	0.64441821	0.54311548	0.50603936	0.61366496	0.64375542	0.52876942	0.48855206	0.43930815	0.38637161	0.49063066	0.50430845	0.53856077	0.46016325	0.41440111	0.44772860	0.48821836	0.50562629	0.42916806	0.43383705	0.46498201	0.42328772	0.60732939	0.55894439	0.46156256	0.50720094	0.42592182	0.48388413	0.41374496	0.39933457	0.59866599	0.42806751	0.46459367	0.47873794	0.53069503	0.64593255	0.49966875	0.59287060	0.46673953	0.45378823	0.49877789	0.44977359	0.40049483	0.40919904	0.45550042	0.37469650	0.53207255	0.47409887	0.37853902	0.53225979	0.44039014	0.48943258	0.55512763	0.40709094	0.42449893	0.52981671	0.40484528	0.45798109	0.43311687	0.43958472	0.56136461	0.44531951	0.69903789	0.40578971	0.40808616	0.37874986	0.44129924	0.49915737	0.46626357	0.43736288	0.42796556	0.46453669	0.40518219	0.61725118	0.42950585	0.47451408	0.48745063	0.47078561	0.43781794	0.46245703	0.42202046	0.45931543	0.48442155	0.46537879	0.47789716	0.49154713	0.39729729	0.44548100	0.48332518	0.68662306	0.39031753	0.50989912	0.44668380	0.56703569	0.42063780	0.61395971	0.46421254	0.39949906	0.50432202	0.47764255	0.48479157	0.49813548	0.56351195	0.41797503	0.66424389	0.46796145	0.62853998	0.48529430	0.45544077	0.49273313	0.43479480	0.43595555	0.45934320	0.52023313	0.45236907	0.49511913	0.49596428	0.48137082	0.61739614	0.44329505	0.45034389	0.53665155	0.47263470	0.39122511	0.58779614	0.42262007	0.57046866	0.38115321	0.49331487	0.47248288	0.71686336	0.53953627	0.58376841	0.39685992	0.55528140	0.43627404	0.40813440	0.41300098	0.50761881	0.45403924	0.42516168	0.59674091	0.39510425	0.62741879	0.68736488	0.50403722	0.35565950	0.38713766
02_53	0.46400786	0.47178163	0.47612719	0.39151109	0.51266287	0.44467347	0.45634351	0.39983704	0.59521798	0.50773763	0.45893679	0.44290930	0.42406953	0.45312933	0.55695924	0.55465589	0.43560950	0.60460971	0.50671815	0.39832054	0.40347511	0.60688108	0.43305619	0.41309465	0.48810109	0.50645069	0.47124212	0.41865046	0.45622757	0.45170951	0.40719815	0.43189620	0.56139071	0.44395666	0.43388054	0.37922898	0.42600004	0.57931371	0.45105383	0.51473702	0.38945566	0.43652829	0.57012617	0.42690585	0.40941938	0.38814583	0.44414417	0.39930478	0.46864063	0.39642644	0.53922531	0.49074776	0.46240186	0.41704303	0.47852354	0.41813463	0.49405780	0.34911670	0.46712285	0.56568548	0.36659072	0.47016987	0.42329688	0.59320143	0.40901237	0.38695272	0.39981157	0.50921589	0.42737890	0.45317908	0.66578577	0.49593681	0.51031614	0.40590605	0.39378806	0.42263483	0.45497866	0.36942229	0.56054647	0.58402771	0.50743656	0.47586625	0.42024758	0.53587379	0.38906958	0.45878625	0.51726769	0.56671522	0.55712833	0.44820803	0.39137100	0.46560651	0.50875234	0.38656585	0.42272403	0.48090815	0.43241534	0.45275906	0.45343361	0.44330930	0.40203467	0.39701654	0.52845924	0.43032771	0.43907429	0.57977896	0.41469009	0.40385841	0.54907492	0.41955180	0.43374337	0.61356460	0.40891186	0.42976276	0.69932971	0.61036408	0.37753211	0.49022964	0.49332262	0.44058884	0.55769134	0.49286377	0.44609742	0.37675546	0.52805277	0.42807933	0.44612742	0.63892547	0.43321305	0.42144438	0.43288123	0.42518177	0.48704171	0.48233376	0.53587214	0.66666189	0.39012679	0.45737289	0.43089971	0.40962016	0.37057394	0.50511386	0.43593492	0.41497172	0.46128206	0.48678610	0.40874856	0.45302295	0.43003887	0.45060187	0.42648400	0.45791122	0.57246224	0.52530314	0.63112550	0.41880456	0.46805102	0.58237257	0.54181134	0.61909941	0.40918432	0.35988382	0.65230255	0.46283194	0.50359606	0.40087076	0.40768531	0.45592350	0.51708672	0.53336086	0.50759707	0.41029066	0.52132496	0.52215549	0.57037243	0.47829817	0.42753994	0.46590985	0.53910823	0.46208343	0.35028915	0.44371342	0.54036053	0.44482806	0.47199114	0.38373272	0.44634849	0.60139276	0.50187698	0.44504390	0.48697260	0.38780962	0.46619479	0.44071729	0.39575326	0.43088738	0.58969745	0.39197291	0.47579583	0.48840941	0.42116275	0.52701325	0.53467818	0.46504610	0.46587944	0.36960827	0.41069231	0.63956027	0.45958874	0.43308706	0.41768895	0.38002634	0.48780712	0.48131180	0.56548920	0.40081574	0.40270234	0.38354111	0.39692640	0.52477622	0.45442084	0.49413282	0.38923831	0.40317979	0.36668578	0.74021445	0.38002760	0.44580374	0.42771104	0.47479120	0.42719133	0.57626409	0.38065791	0.40946607	0.54610915	0.37615899	0.42369308	0.51166886	0.42800710	0.47082574	0.47910496	0.57484584	0.38073131	0.79860443	0.50063928	0.60588158	0.40184836	0.51248177	0.42235287	0.41513895	0.51748442	0.43406026	0.48120949	0.47333807	0.75086752	0.45074813	0.60284148	0.46624698	0.54364005	0.43447303	0.42378137	0.46924331	0.39322863	0.52192004	0.42804694	0.43241636	0.56872116	0.46663400	0.50786964	0.47025263	0.82180603	0.43427778	0.50285383	0.55839654	0.62670451	0.42694515	0.79459139	0.40467399	0.49391090	0.42539471	0.61469323	0.43066349	0.58304446	0.51927441	0.60363473	0.36900379	0.45731279	0.41400017	0.43193746	0.52361186	0.52650572	0.43309526	0.37457593	0.59850306	0.46671305	0.51888057	0.61573221	0.45340728	0.38056240	0.36328069
02_154	0.47501464	0.45147939	0.45521864	0.59266441	0.40691364	0.36594266	0.38187488	0.52123467	0.41695507	0.46829295	0.47899338	0.46886386	0.49801695	0.48493379	0.43015477	0.45253396	0.38193508	0.45030876	0.47370662	0.41436000	0.56246833	0.41199544	0.47626067	0.51974732	0.44587500	0.44586022	0.42977319	0.40007786	0.55947536	0.47335518	0.43184836	0.61104621	0.47097555	0.41618998	0.39529058	0.45906140	0.39504514	0.43649795	0.38819295	0.41074569	0.43568250	0.39601486	0.45039779	0.59713157	0.44054418	0.60299878	0.50767586	0.40211719	0.52081497	0.59586860	0.46854424	0.40906775	0.50607583	0.57698866	0.45989278	0.41637604	0.45148519	0.45589186	0.43736510	0.42546413	0.43843476	0.54635375	0.58161653	0.41688140	0.43707878	0.42635748	0.42510922	0.45674763	0.66848717	0.62304035	0.41522533	0.38481115	0.52447789	0.45773562	0.42650967	0.47891649	0.47528309	0.46052970	0.43843517	0.46975019	0.48981118	0.48821657	0.58853616	0.47839408	0.40839462	0.42688977	0.53976846	0.45442174	0.52015363	0.50204232	0.45023664	0.54994667	0.48284235	0.52770429	0.45185189	0.42605806	0.57789552	0.51603495	0.55913731	0.41112913	0.55684743	0.49104529	0.43025351	0.46389055	0.40666104	0.50104751	0.36660013	0.53918747	0.47391452	0.47543566	0.45706442	0.41226191	0.44643489	0.37223571	0.41530190	0.45906975	0.44751114	0.39853104	0.43996040	0.52335415	0.43131067	0.47080370	0.52442454	0.46379113	0.41948947	0.51833791	0.47635470	0.42027387	0.46775136	0.51484304	0.48937345	0.37066240	0.52792421	0.52325135	0.39754159	0.46549420	0.39736871	0.40046002	0.65420902	0.51872852	0.59306500	0.43568839	0.47623332	0.51370375	0.55989995	0.53027718	0.50494520	0.66503902	0.41196309	0.44420505	0.40574850	0.51756106	0.47703784	0.44009921	0.49637957	0.40657090	0.43230695	0.44049336	0.46193761	0.46058445	0.59355521	0.45817505	0.40587810	0.48032859	0.44289769	0.40454635	0.49417074	0.65875257	0.50331324	0.37532920	0.52748745	0.57219381	0.41327395	0.54481411	0.44133421	0.50745274	0.45978079	0.45879063	0.48558056	0.49929775	0.40641431	0.51897326	0.41875219	0.41975435	0.54526674	0.39162035	0.46964396	0.45574420	0.57529997	0.39232935	0.52324425	0.40308634	0.51835097	0.45817649	0.43069103	0.62933377	0.46145040	0.61215202	0.47868132	0.47708048	0.58714719	0.48529284	0.47940065	0.60548261	0.48267516	0.53077605	0.60333964	0.40998749	0.59210511	0.38277228	0.59397031	0.40657959	0.42657844	0.44930508	0.40456284	0.74423840	0.54253656	0.38683697	0.57026252	0.48037515	0.59138753	0.44060815	0.42819640	0.40114993	0.51574323	0.43601784	0.43233681	0.40200453	0.49072109	0.39404432	0.52141802	0.41458477	0.53334602	0.47291532	0.53119704	0.36982871	0.55600909	0.46313381	0.56981235	0.50089289	0.57497745	0.46616228	0.65423621	0.40954403	0.50917280	0.49923554	0.60703681	0.47011562	0.40163005	0.40921625	0.42799170	0.62292106	0.51013778	0.41620100	0.44087037	0.50997120	0.45817162	0.68142869	0.45049743	0.50934209	0.55565701	0.46050612	0.57380291	0.48650907	0.46761807	0.41278532	0.55646374	0.46846737	0.49833635	0.52288120	0.43528946	0.75318979	0.41805588	0.59421113	0.42673468	0.48779892	0.42430585	0.64679626	0.39566124	0.57518099	0.42559460	0.51628809	0.44081308	0.42370109	0.44893383	0.60939735	0.45827843	0.49860680	0.39681630	0.48316997	0.51104811	0.47424313	0.44476781	0.43184768	0.49493034	0.39760044	0.43396475	0.58751169	0.56561904	0.59002136
02_83	0.42441427	0.40207830	0.43208042	0.46666225	0.45659066	0.39269112	0.38866817	0.42263132	0.46176272	0.40674121	0.37905269	0.37622839	0.41073225	0.40002942	0.43908485	0.53603108	0.37644780	0.53793981	0.52499737	0.36741500	0.44094385	0.44907260	0.39488903	0.41757494	0.48880957	0.56979605	0.43945264	0.36083010	0.49206711	0.41684099	0.45872266	0.45058173	0.50439708	0.47119985	0.41675461	0.39465199	0.45763930	0.49743441	0.40216273	0.46085302	0.37046008	0.42662020	0.54081770	0.44642679	0.36789179	0.47709950	0.41412135	0.34077961	0.43220160	0.46221143	0.63410309	0.40874294	0.39405421	0.44321934	0.38806898	0.44091456	0.57494766	0.40344087	0.56052107	0.45185125	0.38641419	0.43231768	0.52314443	0.42720573	0.38176537	0.36753640	0.45203124	0.58068136	0.50654206	0.46013671	0.42833452	0.41076666	0.50884326	0.41286032	0.35843503	0.41339051	0.45886057	0.42445437	0.50289894	0.59372173	0.52933592	0.38242996	0.45334680	0.48571017	0.38190018	0.43524948	0.56359455	0.54693405	0.46136860	0.39794418	0.37997208	0.41230133	0.57240205	0.43277605	0.51423262	0.43781458	0.42746055	0.46611327	0.42003037	0.41425840	0.44019681	0.41167766	0.47974143	0.37683564	0.36759397	0.50926660	0.39841952	0.46246195	0.39487946	0.39439334	0.62378231	0.45442244	0.37747982	0.41465638	0.43888493	0.52096865	0.44837892	0.44891881	0.55003965	0.69530901	0.48032109	0.37332700	0.76856413	0.40473843	0.39970056	0.41672959	0.38254260	0.41994813	0.70063363	0.44468248	0.39910319	0.40577364	0.44710187	0.50799156	0.42140350	0.48734731	0.44909892	0.42416090	0.46275367	0.66247358	0.48959108	0.51375955	0.38353635	0.54249911	0.41612384	0.39538331	0.41643327	0.49707260	0.38113070	0.52804055	0.37614238	0.40270774	0.56699194	0.49552351	0.48151454	0.38445538	0.43796833	0.43700329	0.45956572	0.40499800	0.48508466	0.44601224	0.40998154	0.38780444	0.53611189	0.40545922	0.40894826	0.51859198	0.43206981	0.39527230	0.54075636	0.43942497	0.46371853	0.46645705	0.49073851	0.43313394	0.77304577	0.66033168	0.47929584	0.55489662	0.36315284	0.48780813	0.48480527	0.42327514	0.40856378	0.41527026	0.46641650	0.42588522	0.45280806	0.44818334	0.39211059	0.51267910	0.57715028	0.69988007	0.38035320	0.44440647	0.53946033	0.46681502	0.64946671	0.65065360	0.43573542	0.68641545	0.39086368	0.60247624	0.45752644	0.45203385	0.60954689	0.42866979	0.41748562	0.42470682	0.44702569	0.52988017	0.51306513	0.45703202	0.43531497	0.49627720	0.43455839	0.45286367	0.45159099	0.53536144	0.42388912	0.52000453	0.48777258	0.43512326	0.46160645	0.47235871	0.36637952	0.47651219	0.62596309	0.40398226	0.43227826	0.44606177	0.44062656	0.44507080	0.41034683	0.40639658	0.42473602	0.56944222	0.57791871	0.64961110	0.42431338	0.45760224	0.48549467	0.41543537	0.62838691	0.59179330	0.44624433	0.40943428	0.44546243	0.33402987	0.48516286	0.46465300	0.38036027	0.36619211	0.46415468	0.42662674	0.49658198	0.51725755	0.46211241	0.62093174	0.45818729	0.53004954	0.44051430	0.49615243	0.76020926	0.46448391	0.43242257	0.60381519	0.67301778	0.45700657	0.44885480	0.53214062	0.45074991	0.45539540	0.44508032	0.39254001	0.42861809	0.48703463	0.40310091	0.47468117	0.39372416	0.43853539	0.44360388	0.37838841	0.46970163	0.45646817	0.37819913	0.41311200	0.42060418	0.47470976	0.38764430	0.68041504	0.36045206	0.43886740	0.47563588	0.40568635	0.42695980	0.42441645	0.43722284	0.45825765
02_57	0.41638972	0.46993080	0.42647382	0.39186873	0.45234014	0.56261800	0.55431184	0.39106813	0.45055674	0.40876891	0.38031049	0.41249381	0.39672799	0.39682482	0.44056298	0.49051749	0.53025049	0.45883308	0.46092641	0.48058743	0.39202357	0.44355823	0.40278072	0.39373544	0.45382625	0.47141180	0.43318095	0.47882278	0.44626153	0.41151610	0.57459642	0.39738040	0.44624479	0.58584978	0.60217214	0.45814813	0.60814520	0.45965330	0.55755013	0.45208831	0.45758763	0.58659161	0.45471381	0.41170336	0.43874001	0.39171266	0.45061379	0.42900822	0.46128893	0.43132184	0.46906304	0.54637829	0.38845454	0.42116953	0.44177187	0.56156324	0.45869391	0.45224271	0.46045312	0.44597558	0.46774626	0.40982314	0.42213707	0.43306951	0.46119960	0.44791693	0.55794414	0.52168111	0.40020597	0.40111480	0.42675189	0.55253884	0.49021619	0.49683108	0.45920357	0.40136810	0.51523091	0.49843404	0.50317172	0.47273661	0.45873968	0.37372288	0.39895914	0.44193076	0.48499326	0.49944147	0.45769473	0.44818963	0.43989777	0.37376355	0.44176165	0.38054634	0.47082798	0.42551418	0.55396478	0.49133034	0.38596988	0.51586755	0.38182891	0.51281334	0.36186486	0.40325023	0.45265184	0.43150512	0.47792927	0.45226726	0.59754927	0.40767509	0.39804411	0.39340214	0.45070123	0.42365719	0.44046691	0.50769580	0.44362332	0.45694422	0.48647721	0.44065805	0.46712045	0.44765747	0.42787521	0.37982301	0.43885980	0.47466725	0.51036670	0.39113394	0.39899952	0.42880392	0.41704813	0.42180169	0.41687123	0.60780396	0.42991273	0.41431073	0.49000463	0.44478037	0.47697732	0.57879635	0.38765805	0.41492478	0.37201934	0.47145909	0.36140192	0.42880283	0.39149046	0.39140178	0.38351471	0.42180520	0.43475027	0.55972324	0.53237715	0.37287953	0.46397240	0.42610610	0.46360728	0.47411202	0.48603562	0.41111158	0.48785802	0.41488991	0.38070397	0.47918959	0.46437425	0.42189745	0.41350691	0.54213152	0.41683892	0.43163071	0.41174716	0.49360486	0.43444544	0.36595745	0.47491508	0.42782966	0.42281017	0.39923994	0.42997751	0.43084824	0.42576623	0.40422994	0.42236483	0.43911215	0.43375136	0.63604638	0.38330594	0.51108273	0.55084253	0.44834681	0.40114095	0.51792170	0.40190695	0.51863678	0.41493763	0.45192128	0.49031678	0.37952614	0.47123742	0.39869754	0.45234623	0.43395435	0.41105000	0.48041428	0.40646349	0.43015979	0.41223970	0.39902585	0.42288138	0.51487280	0.38595979	0.64311968	0.40714168	0.52239293	0.44728132	0.45099653	0.40837567	0.39356868	0.48623302	0.59645676	0.38785227	0.52116475	0.38170958	0.47887634	0.60700894	0.47669284	0.44589221	0.45000315	0.46306097	0.55086797	0.45749517	0.64629337	0.41100041	0.46359339	0.41282779	0.39607845	0.40740424	0.49142554	0.38699416	0.42750129	0.45327499	0.48116185	0.42968345	0.43288212	0.41841361	0.43769550	0.44503399	0.47437477	0.36823947	0.39985441	0.53307165	0.43268342	0.48840717	0.42867361	0.37860579	0.49875747	0.47362844	0.42865968	0.44037851	0.41733251	0.55938254	0.44435028	0.40225672	0.39781679	0.39090083	0.48132629	0.43887524	0.54348859	0.43118690	0.47335765	0.47409430	0.44287381	0.45854051	0.43351161	0.47344576	0.44110990	0.47457392	0.41007909	0.44981213	0.41476045	0.58637285	0.42882939	0.50793930	0.43438951	0.43304560	0.51849529	0.49188298	0.38651008	0.44624231	0.45009225	0.55828870	0.42266792	0.40025385	0.44398992	0.41829038	0.54068783	0.40015012	0.56402575	0.43242248	0.43273691	0.42064596	0.38878218
02_298	0.45216090	0.44935654	0.45434127	0.44917507	0.46262587	0.41002581	0.42541086	0.42498942	0.50584522	0.46921901	0.44153317	0.43097728	0.43165598	0.44283278	0.48485089	0.54608635	0.40842131	0.59411275	0.51444233	0.39671136	0.44337498	0.50188892	0.42829006	0.43330316	0.47606425	0.51859000	0.44559349	0.40262772	0.51417275	0.44238997	0.44872149	0.48340666	0.55766269	0.45175483	0.42899220	0.41768750	0.44584936	0.52887106	0.42182166	0.46754939	0.40286430	0.43851560	0.57612858	0.47195861	0.40731903	0.45271530	0.46329049	0.39068871	0.48653013	0.46510007	0.60346286	0.45797135	0.46020897	0.49386622	0.45091064	0.44790253	0.52186522	0.39282738	0.48409821	0.49425076	0.38836829	0.48390812	0.48772497	0.48951298	0.43839394	0.40466140	0.42577725	0.56716909	0.53101470	0.51770883	0.52160302	0.45808559	0.54149961	0.44882783	0.39868339	0.42909030	0.49580530	0.41196542	0.54100744	0.62708067	0.52386834	0.47950468	0.47452187	0.54585470	0.39135239	0.44241662	0.58093552	0.59512526	0.54490493	0.47936976	0.42794783	0.50810056	0.53759125	0.43019031	0.46146480	0.50115744	0.47693929	0.49818090	0.49879514	0.47340218	0.50080099	0.42775850	0.49795387	0.44331106	0.43440708	0.59075201	0.39886127	0.44350158	0.50408023	0.41851400	0.48363329	0.55703645	0.42847334	0.44885504	0.53155804	0.61341842	0.44974373	0.44662847	0.51481997	0.53376948	0.54240943	0.45950536	0.58115565	0.41734824	0.47811268	0.46030133	0.46490652	0.50403149	0.56452045	0.51148727	0.47403514	0.41288329	0.49616068	0.60121696	0.51211989	0.63023497	0.45751905	0.46489829	0.53195217	0.52908346	0.46602893	0.49169624	0.47112592	0.46834048	0.50607307	0.48550350	0.46035324	0.53149881	0.45376391	0.52191144	0.41317146	0.49460545	0.65779398	0.57238492	0.59641183	0.43658992	0.52048791	0.57364697	0.56047708	0.52408451	0.51998237	0.42069607	0.50183180	0.48614278	0.63575138	0.41597218	0.42853568	0.54316116	0.51598190	0.46114776	0.59557313	0.51339744	0.47586859	0.54858615	0.62080735	0.53676899	0.54831249	0.60400671	0.56989220	0.61654930	0.37891489	0.47250693	0.53490385	0.44416534	0.51032447	0.41527616	0.51878533	0.57167253	0.60155970	0.46693667	0.49169917	0.45662636	0.64825090	0.51404695	0.40080765	0.52494573	0.58962496	0.45143107	0.58475681	0.64037152	0.46886964	0.64507496	0.48276648	0.64923873	0.51596912	0.45891060	0.52452328	0.53169272	0.50997263	0.42688276	0.47480690	0.45246697	0.51816562	0.46852259	0.55434039	0.50767457	0.45033592	0.40868520	0.47213389	0.62798081	0.54128332	0.49257298	0.44793990	0.47306363	0.43694103	0.62739456	0.40182838	0.45178681	0.53162800	0.44547818	0.45919388	0.48872905	0.47707819	0.45128286	0.54075119	0.39865627	0.49037539	0.67032204	0.50983755	0.54523676	0.55287935	0.59740508	0.46653799	0.53239829	0.62540200	0.81588473	0.51930688	0.54816195	0.48453985	0.39971658	0.50230137	0.51934416	0.49869239	0.45541971	0.58868241	0.45973544	0.71180334	0.64485713	0.54519891	0.55244719	0.55886744	0.59086660	0.46705648	0.52088241	0.55923890	0.51125067	0.56923893	0.54715785	0.68313704	0.50582093	0.63249643	0.57268998	0.47179652	0.67044910	0.51792789	0.42812016	0.58608248	0.49857545	0.49510063	0.47300045	0.50701511	0.48190297	0.59532458	0.48932775	0.57451512	0.46241897	0.48925148	0.50362417	0.45758818	0.56085122	0.53212546	0.56614994	0.43246330	0.59717905	0.51690027	0.50415183	0.60715089	0.55512178	0.43193044	0.45806180
02_220	0.45262831	0.45691538	0.43521873	0.45637900	0.39381102	0.36435879	0.39250651	0.44267891	0.42183060	0.49076832	0.51508263	0.49055903	0.45615674	0.47986691	0.43571590	0.43018980	0.38799665	0.44871522	0.42964354	0.40926648	0.45873729	0.42324076	0.46233380	0.46263933	0.40933589	0.40755409	0.40724132	0.41458355	0.48538446	0.44837683	0.39502178	0.52478420	0.45524565	0.38222053	0.38363859	0.42777490	0.37215395	0.42556872	0.38270070	0.39718227	0.42639348	0.38117512	0.43692737	0.50499380	0.44637315	0.45800104	0.50694677	0.43381997	0.51012707	0.47807401	0.44131273	0.42134209	0.54569400	0.54038199	0.48672875	0.39009177	0.40442647	0.39396018	0.38718748	0.43134284	0.39151345	0.51913813	0.45675173	0.43868527	0.46754227	0.43904542	0.37631524	0.42532665	0.54134201	0.56140176	0.45588056	0.39620907	0.48641622	0.44362557	0.43432814	0.44312093	0.46997276	0.39552246	0.42479801	0.45252545	0.44695875	0.62791327	0.51478091	0.49106772	0.38798511	0.40331169	0.47768198	0.44314520	0.52481261	0.60196139	0.45091734	0.64983494	0.43044198	0.43547245	0.38819841	0.45743579	0.52134447	0.47065454	0.56747050	0.43371444	0.56151331	0.45986265	0.42423486	0.51764846	0.45290800	0.48748768	0.35142420	0.43831869	0.57899336	0.44442309	0.38615904	0.46009617	0.45183864	0.38960103	0.44947120	0.47899975	0.41693155	0.38346240	0.41111404	0.42837624	0.42996074	0.55018873	0.44351780	0.42901454	0.45367199	0.51775689	0.57409835	0.45534683	0.42246027	0.52240788	0.55694923	0.36294314	0.50652725	0.55006055	0.44443562	0.49520740	0.38860437	0.39929795	0.61734930	0.43604650	0.47093447	0.39867528	0.59940766	0.41009788	0.64709016	0.60375222	0.52223146	0.52543046	0.47211180	0.42301825	0.40880536	0.63603723	0.48158258	0.46945275	0.52182742	0.43949392	0.47171230	0.52424571	0.49925442	0.54396773	0.54226410	0.39562817	0.44490795	0.59158359	0.45876361	0.39127714	0.45615321	0.53421927	0.55517040	0.40894233	0.48227861	0.59075275	0.40024305	0.52170622	0.48832240	0.59342298	0.40557473	0.43367074	0.47951659	0.48984557	0.39878972	0.43563038	0.43943971	0.39901157	0.68106572	0.37976615	0.46671400	0.55282519	0.70117127	0.39608102	0.64135404	0.37206665	0.49803625	0.39856859	0.40763997	0.60056525	0.43985486	0.45823659	0.44202125	0.44611526	0.49562542	0.44787547	0.53898198	0.52893367	0.50241954	0.46991090	0.45960099	0.44581292	0.61071594	0.36794656	0.51681283	0.36502562	0.41848238	0.42104727	0.46410308	0.52635360	0.46098706	0.34380786	0.50589663	0.46939302	0.74450853	0.39889336	0.38010812	0.40310522	0.42935261	0.48402193	0.43262681	0.38005509	0.42621275	0.39720770	0.47831482	0.41228769	0.49214903	0.44827982	0.67100110	0.36035910	0.57355186	0.45734087	0.43659057	0.42177238	0.69234476	0.53070324	0.46699584	0.45611799	0.45824191	0.49627283	0.57635517	0.60169932	0.39756709	0.45317597	0.41118253	0.55542250	0.72501377	0.47484241	0.46880511	0.46247149	0.50501747	0.60349741	0.46203503	0.43853339	0.55631101	0.46988627	0.49801347	0.43759990	0.40754843	0.40974249	0.59765756	0.41723876	0.44791438	0.48817081	0.49189771	0.53651027	0.39658647	0.71163451	0.42857431	0.44761468	0.47817076	0.48941342	0.42572681	0.44872663	0.47071056	0.47684501	0.49972904	0.48581079	0.45959116	0.46740648	0.54400817	0.49865575	0.38379509	0.46820171	0.70166350	0.40983798	0.47244377	0.47139775	0.46592994	0.43005545	0.50982056	0.65223978	0.43261508	0.44977080
02_302	0.59918909	0.54272962	0.59499965	0.48686779	0.51879558	0.43527529	0.44553668	0.52660806	0.50913637	0.58092817	0.54428329	0.53348524	0.57388522	0.58484085	0.55876817	0.49970528	0.44356851	0.48485484	0.51310328	0.45532908	0.49555448	0.50086036	0.58751327	0.56848908	0.53827917	0.50393882	0.56435153	0.44917466	0.48399779	0.60246417	0.41162814	0.51979222	0.47848062	0.44417460	0.43687995	0.40550223	0.39909964	0.49615777	0.46919845	0.53201881	0.42949738	0.40856360	0.46176782	0.53128067	0.49132338	0.48694868	0.55966078	0.43184785	0.54158724	0.46838139	0.49598970	0.46485093	0.59016914	0.45494035	0.55005380	0.39646419	0.45534277	0.40813915	0.47655122	0.55183756	0.43495751	0.57220846	0.51540341	0.51975493	0.42896268	0.46028456	0.42282219	0.44551458	0.48613806	0.50580382	0.49175957	0.41889105	0.57933114	0.41737289	0.46598180	0.60636335	0.53411167	0.42042267	0.46061475	0.49847717	0.55798942	0.52704415	0.57433930	0.60584389	0.47306531	0.55258036	0.51832314	0.45114484	0.58853753	0.52864238	0.39572551	0.49802395	0.52004761	0.44925729	0.44627931	0.49195709	0.47020693	0.48232781	0.46227490	0.40652651	0.42502490	0.56407434	0.56486562	0.49865505	0.44399274	0.50846423	0.42742300	0.52149248	0.55174580	0.59422371	0.45536235	0.48174803	0.40878345	0.40106299	0.51935944	0.53100169	0.40140261	0.50995404	0.53880150	0.47759438	0.42697634	0.52294588	0.45682599	0.44490718	0.47130270	0.61424535	0.48952455	0.51634560	0.41564617	0.41996470	0.51009145	0.43875671	0.69023137	0.48765099	0.44697438	0.48594876	0.36269618	0.40115199	0.49335863	0.44790641	0.43931768	0.51447795	0.49270551	0.47560028	0.59241540	0.56509199	0.52081281	0.52198887	0.43141686	0.43373358	0.47204378	0.49694858	0.53402469	0.49831027	0.64183629	0.43478513	0.44357629	0.50370229	0.47192431	0.55835404	0.45633700	0.39740113	0.48736431	0.49715684	0.41805506	0.47273912	0.60381598	0.59238697	0.59975203	0.43270153	0.45814517	0.43681339	0.55044176	0.51132979	0.46165234	0.55302615	0.42499524	0.42785102	0.44767500	0.42465683	0.43231682	0.56275613	0.50642560	0.45918418	0.53302526	0.43305137	0.45659764	0.53490670	0.50777102	0.45969064	0.59181501	0.38450379	0.43927122	0.47085784	0.49916643	0.45110699	0.48092655	0.51148619	0.49580609	0.42590357	0.47753951	0.50891568	0.59147511	0.48996671	0.57752852	0.40822443	0.48834755	0.46758899	0.48123363	0.45654267	0.61425012	0.38635694	0.52524378	0.62872984	0.46277804	0.48260467	0.51423794	0.39056385	0.53823052	0.44485165	0.49351321	0.53616637	0.41136600	0.36597125	0.44741885	0.51129915	0.47284714	0.48026352	0.48906612	0.46556265	0.67828940	0.55405276	0.40870944	0.55640496	0.59237463	0.41597412	0.56862263	0.41910590	0.48804862	0.52211071	0.50264228	0.56986279	0.48144610	0.50569552	0.44809174	0.50425970	0.42954864	0.52072552	0.37486238	0.43774075	0.58075805	0.61074941	0.55259802	0.46382146	0.57363252	0.70931628	0.48467768	0.49138575	0.59155427	0.49832121	0.42305459	0.41263555	0.55301385	0.58776850	0.42573107	0.39572626	0.57561059	0.52038299	0.47206414	0.76574868	0.51559892	0.52504221	0.56951673	0.58022027	0.56108135	0.65024786	0.52762641	0.54714956	0.43072330	0.53551109	0.50983355	0.64741537	0.53125979	0.48811411	0.60657431	0.46843256	0.50212332	0.40889406	0.37772834	0.43704244	0.58448011	0.43405658	0.39179845	0.46506515	0.42561168	0.46448392	0.49833356	0.51742729	0.46226123	0.44665771
02_188	0.38743946	0.41536895	0.38073091	0.42225748	0.35431016	0.38650245	0.40693677	0.40432160	0.34676717	0.37142828	0.37142102	0.40485647	0.39861552	0.38576472	0.35867247	0.37266414	0.40701868	0.35884311	0.37354272	0.45341760	0.40085577	0.34141433	0.40288088	0.41282459	0.37244814	0.37316220	0.37223654	0.42395445	0.41094013	0.38973381	0.46195846	0.41210143	0.35422997	0.40845297	0.42787677	0.46784355	0.40872499	0.35068401	0.40559751	0.35767954	0.45225429	0.40016790	0.35192555	0.42729719	0.44419819	0.43461484	0.47246514	0.42061460	0.43977959	0.48185977	0.38331457	0.40400382	0.39526020	0.46290779	0.40399608	0.41490788	0.35612171	0.55010965	0.36537681	0.36013125	0.48173063	0.39545931	0.42285004	0.34613168	0.48777522	0.53060393	0.43580564	0.38808355	0.43230559	0.40427309	0.33849163	0.37299926	0.43041696	0.47856544	0.48444030	0.40867190	0.52339035	0.51121160	0.36157057	0.37335347	0.39162682	0.38464592	0.45339644	0.40660315	0.46853410	0.41293878	0.38931982	0.35090165	0.38525722	0.41033264	0.43672263	0.39217105	0.38188907	0.43541100	0.42640942	0.45532956	0.37997478	0.45766268	0.37244138	0.43409654	0.40844087	0.48176390	0.37781011	0.46886683	0.44384348	0.36745194	0.40264833	0.41874657	0.36890738	0.39540349	0.37822518	0.35497096	0.40876852	0.42709395	0.34528140	0.38160119	0.56788417	0.35084853	0.39427016	0.41131606	0.33053749	0.35829067	0.41172525	0.58774131	0.39006849	0.44527026	0.42669492	0.34176498	0.38979674	0.44384708	0.48723186	0.42454301	0.41652990	0.42115416	0.39213429	0.35448374	0.42886134	0.39497701	0.43678329	0.43455096	0.45810971	0.36345711	0.40238425	0.39473221	0.43294987	0.38535490	0.46772613	0.41468029	0.44873903	0.46067265	0.44814841	0.39415838	0.39926754	0.39059015	0.39376866	0.47945738	0.45385255	0.37270479	0.40597420	0.35961960	0.43874601	0.54788562	0.34766752	0.44364089	0.36339116	0.52635111	0.46704871	0.45545199	0.39925757	0.36197856	0.36911739	0.41338315	0.36945709	0.37331846	0.36823199	0.42930866	0.39698031	0.38706390	0.34886197	0.38602020	0.60723582	0.40459468	0.37632659	0.43690120	0.40434032	0.54000158	0.52483598	0.39723518	0.40560853	0.44888359	0.41195578	0.46259713	0.39948853	0.40187931	0.48645721	0.39712283	0.35451202	0.43735611	0.41807546	0.37181090	0.40750027	0.40119508	0.36830467	0.43530973	0.43762249	0.50111143	0.45793751	0.36509251	0.38094394	0.43387914	0.48162471	0.46922288	0.39882655	0.39261630	0.35724741	0.45762156	0.54961739	0.41376740	0.49115484	0.40306581	0.41539937	0.37550165	0.51709498	0.42039036	0.62528384	0.35961059	0.58793633	0.42841641	0.46040941	0.41856341	0.45293343	0.35248308	0.50281307	0.45152477	0.38972308	0.48945564	0.46792489	0.36035815	0.42017500	0.40741661	0.44222082	0.39913926	0.51339767	0.33506883	0.37406703	0.38738058	0.41684926	0.40187332	0.41389643	0.40390769	0.39069078	0.51798405	0.39691420	0.42940556	0.36395993	0.41675146	0.37630632	0.42772105	0.44712180	0.44568329	0.42817660	0.36963416	0.49741220	0.38313269	0.40079751	0.44072522	0.38005480	0.41589174	0.39164575	0.44614216	0.35788836	0.47293375	0.36985842	0.41845724	0.35237277	0.40302497	0.35102364	0.48584436	0.41550390	0.40849717	0.37214241	0.48121343	0.38251564	0.41799212	0.39074507	0.49108709	0.46501416	0.44834887	0.37948091	0.34391086	0.39324264	0.39729439	0.48057177	0.39041922	0.35148816	0.41162124	0.36944552	0.48151290	0.43568717	0.48090865
02_137	0.47048386	0.56838909	0.46772733	0.40266538	0.45551069	0.50283384	0.55256429	0.42039416	0.49516297	0.51982051	0.49913230	0.53542071	0.44543147	0.47891478	0.50233992	0.49004839	0.54812507	0.48184724	0.46831830	0.51802599	0.42429229	0.50301840	0.46753130	0.43241646	0.45066164	0.43763838	0.44767720	0.56167517	0.48324825	0.46199152	0.46551690	0.45030791	0.49912740	0.48091938	0.51114505	0.46972034	0.46747861	0.49003931	0.51897516	0.45194999	0.51113971	0.51138232	0.47467199	0.45876125	0.51904026	0.39511564	0.51622429	0.54169920	0.54934285	0.43696773	0.44282647	0.60560116	0.48849604	0.46153114	0.58696958	0.48583244	0.43771296	0.40751011	0.41805062	0.49040152	0.44676687	0.49408767	0.41977990	0.52121138	0.50218626	0.46626215	0.45362300	0.47507905	0.42190372	0.46609192	0.53186675	0.57216281	0.51299922	0.49897337	0.51323720	0.43125303	0.48400384	0.43432940	0.51958572	0.46862038	0.46449502	0.48453725	0.42417242	0.46772170	0.46127156	0.47765627	0.47690811	0.46867872	0.54057169	0.44439162	0.49353449	0.47810477	0.45480269	0.43855324	0.44708760	0.47613616	0.46068582	0.53219417	0.47614995	0.50552771	0.39195376	0.41373362	0.45390995	0.52247027	0.55969675	0.51739766	0.46626919	0.41450435	0.55038050	0.44112758	0.39597066	0.46425803	0.53297052	0.43543999	0.52581870	0.47846947	0.40897940	0.43770571	0.41883611	0.40373446	0.47804663	0.53696714	0.39646372	0.44644071	0.69385511	0.42675204	0.49894137	0.54565976	0.37461377	0.44920968	0.46718285	0.46669537	0.48447541	0.43350002	0.51556634	0.52574609	0.40191100	0.53733737	0.42646792	0.37136855	0.36220017	0.44717370	0.42439017	0.40409069	0.46096387	0.52501333	0.40691621	0.45937850	0.46913592	0.45544685	0.55501160	0.45997674	0.45253313	0.42573502	0.53348437	0.48085654	0.47519661	0.47074122	0.56205704	0.58151059	0.39316753	0.40259612	0.61272274	0.52793838	0.40835807	0.44608419	0.43404395	0.44546680	0.50002764	0.56555240	0.46690324	0.39949172	0.45936320	0.52153584	0.45043566	0.44249962	0.36802469	0.39108725	0.49741579	0.40441647	0.39371367	0.43953234	0.43295115	0.54493187	0.47750020	0.40320439	0.48653063	0.54890339	0.47521536	0.42325236	0.52965258	0.38544397	0.40617502	0.38539886	0.48343790	0.43585019	0.48847539	0.40238125	0.40232362	0.41138797	0.46790912	0.43018962	0.56858851	0.41943293	0.41975248	0.38703633	0.38742768	0.62480442	0.48706718	0.46370388	0.42223831	0.37444510	0.40476270	0.44690773	0.43507671	0.39856576	0.47043169	0.41464955	0.38686784	0.50584264	0.45026802	0.43686511	0.41730927	0.41653665	0.39336466	0.50431446	0.45772179	0.43743233	0.38462137	0.57302088	0.42305477	0.48890351	0.40523265	0.38739474	0.55097743	0.38816954	0.41256341	0.42040966	0.41916358	0.41856220	0.53009858	0.46800612	0.39551581	0.55518696	0.43821297	0.47050268	0.39185226	0.46354014	0.44184002	0.61302557	0.44383613	0.43273269	0.48561388	0.65306794	0.52698799	0.45596043	0.45602085	0.43811049	0.51408428	0.38356539	0.41805818	0.40241494	0.38459914	0.48091344	0.37037291	0.43179940	0.57848633	0.39875283	0.42122358	0.44432543	0.52946581	0.42149131	0.44367448	0.52499497	0.51431069	0.44920201	0.52442090	0.39442086	0.53688607	0.43363813	0.78297930	0.41769025	0.45590680	0.66868330	0.48469485	0.36409276	0.49832187	0.45947062	0.48886593	0.48563808	0.52118293	0.37387580	0.43033686	0.56399715	0.45251309	0.52024654	0.47803914	0.47137317	0.41959147	0.35945046
02_150	0.36385846	0.36490455	0.36543641	0.38272349	0.37897417	0.35044741	0.36245199	0.35273418	0.41113959	0.37568434	0.36046852	0.35314861	0.35226662	0.35825422	0.38829201	0.44513257	0.34697291	0.48886164	0.41883985	0.33621957	0.37215452	0.40930692	0.34823296	0.35564855	0.38717541	0.42895074	0.36197866	0.34147706	0.43003471	0.35707385	0.40194144	0.40105893	0.45914892	0.38675682	0.36881581	0.37228935	0.40204104	0.43123084	0.35393885	0.38171291	0.34750701	0.38617882	0.48621364	0.38927457	0.34032981	0.38798378	0.37872370	0.33551265	0.39486944	0.40137608	0.50203145	0.38428963	0.37281617	0.43405042	0.36527986	0.40504896	0.44618099	0.34997453	0.40866375	0.39711723	0.33435400	0.38917858	0.40754084	0.39616036	0.38830413	0.34864625	0.37144595	0.49572761	0.45940113	0.43090510	0.42713389	0.39902251	0.42792774	0.40041396	0.33839548	0.34990348	0.41303262	0.36296890	0.45322548	0.50986954	0.41982524	0.39897728	0.39209510	0.43423224	0.33051420	0.36097022	0.46739262	0.51262168	0.42504274	0.40397937	0.38751374	0.42800743	0.43715354	0.36997020	0.39836796	0.42982342	0.40458900	0.41735620	0.42693702	0.43509490	0.47649962	0.35713372	0.40290088	0.37357521	0.37614053	0.47140853	0.34350007	0.36963382	0.40639097	0.34117253	0.41996016	0.47418187	0.37788832	0.41807460	0.42855993	0.49134415	0.42518417	0.36861541	0.42605976	0.46222711	0.47691876	0.37605709	0.53229144	0.36413087	0.39839787	0.37883911	0.39515657	0.40681525	0.58237768	0.47993062	0.40441628	0.35629106	0.39138098	0.52831103	0.45088063	0.51055805	0.47059246	0.41894491	0.46182547	0.49624557	0.43057488	0.40300558	0.40930674	0.39904223	0.41444334	0.39220082	0.39497707	0.43737639	0.40848075	0.47505107	0.34743815	0.42053996	0.52942118	0.49503498	0.45181533	0.38640968	0.47355648	0.48422598	0.47291290	0.41626470	0.47752306	0.38692931	0.41099059	0.41210079	0.70690545	0.35689046	0.35208206	0.43812994	0.41182354	0.39813863	0.51169423	0.48298849	0.38655358	0.44285513	0.55499577	0.45001045	0.54447150	0.61782436	0.48925038	0.64430621	0.33465305	0.38435209	0.45206432	0.37568280	0.42373561	0.37102177	0.46086857	0.46400985	0.50539026	0.41316146	0.39701607	0.44714420	0.67028034	0.45223743	0.33532289	0.46926090	0.48396183	0.38129344	0.51140730	0.65212848	0.39566192	0.53695706	0.38399490	0.57410374	0.43039237	0.43570863	0.46184093	0.44373800	0.43086054	0.36575382	0.39078838	0.44231031	0.43998691	0.37637892	0.49722571	0.44716068	0.37740333	0.36816822	0.40579205	0.56096336	0.46910401	0.40265773	0.41022552	0.49352432	0.38962270	0.50584627	0.34516982	0.38420123	0.47333680	0.37569655	0.37372596	0.39253366	0.45864157	0.38177084	0.42793202	0.35838558	0.41446069	0.75072648	0.43344461	0.45304280	0.46478661	0.48297671	0.40749500	0.43156497	0.56053567	0.62204691	0.50117900	0.46666336	0.49015887	0.34179256	0.40757070	0.42809237	0.41351326	0.38843459	0.45740685	0.36748325	0.61781098	0.56409508	0.43712310	0.49136297	0.56103063	0.62157527	0.40032344	0.41229061	0.56233010	0.51580269	0.44303704	0.46717509	0.61298925	0.40279282	0.50670140	0.48777841	0.38397286	0.51507838	0.41158180	0.34657197	0.47185607	0.42504779	0.44530346	0.39002076	0.41126090	0.39739548	0.49834355	0.41160082	0.45305645	0.41892291	0.42170473	0.48470505	0.43035875	0.49024898	0.43094829	0.56059230	0.41173903	0.51610580	0.45952778	0.43971608	0.51906838	0.47692456	0.37077294	0.42292875
02_304	0.43165876	0.40698705	0.42014130	0.50788827	0.38185886	0.34645588	0.35897569	0.46153230	0.38032444	0.41459052	0.41714879	0.41435774	0.44902621	0.43213998	0.39371967	0.40644105	0.35612652	0.40520508	0.41835643	0.38323962	0.46813559	0.37395478	0.43632708	0.47230855	0.41121810	0.41628330	0.40510279	0.36830980	0.45489700	0.43355122	0.39717417	0.49551158	0.40176192	0.38169606	0.36994912	0.40484187	0.36538150	0.38952780	0.36611175	0.38858517	0.38914945	0.35936782	0.39665928	0.49279414	0.40373042	0.53236716	0.46559456	0.36840705	0.44996187	0.50632939	0.43983652	0.37317698	0.45284345	0.48993057	0.40873581	0.37297401	0.40009135	0.43124683	0.40510959	0.39507278	0.40326108	0.45871652	0.50748315	0.37762803	0.41160987	0.42139349	0.38836747	0.40843442	0.55606950	0.49053650	0.37384338	0.34964808	0.46764081	0.41101904	0.40117679	0.45737816	0.47677872	0.42322446	0.38458057	0.42799919	0.44495177	0.44573429	0.56058716	0.46689874	0.39385152	0.40757454	0.45717440	0.39885785	0.44417579	0.48476103	0.39318635	0.46718868	0.43470550	0.44398951	0.41125145	0.43193112	0.44866430	0.44282324	0.44067244	0.38518306	0.51459162	0.50945429	0.41642512	0.43620554	0.38476433	0.42349699	0.35092590	0.48222309	0.41940740	0.44059005	0.42524321	0.39618562	0.38186288	0.37457305	0.38163772	0.43501501	0.45025314	0.37762784	0.44243385	0.48764185	0.37123004	0.40450301	0.50175076	0.44722517	0.37518428	0.53058607	0.44145795	0.37664009	0.46315097	0.46024234	0.48962216	0.36317011	0.48472069	0.50909964	0.38280783	0.40597211	0.38562708	0.36109957	0.57409661	0.54239090	0.61892293	0.40241721	0.47598051	0.45594307	0.53571482	0.44893914	0.54041791	0.51274928	0.40835292	0.42712482	0.38066432	0.46632820	0.46922579	0.44911772	0.45543193	0.40139851	0.42793590	0.42729174	0.41402505	0.40704816	0.57615764	0.43901837	0.36476067	0.44876316	0.42543191	0.41416991	0.49211101	0.58983855	0.46087169	0.34845180	0.43492963	0.52976376	0.39664700	0.43674013	0.42151936	0.52268245	0.47093831	0.45370733	0.40141055	0.46795965	0.43376167	0.46569299	0.41967519	0.38493388	0.48652628	0.41747721	0.45723076	0.43126337	0.50524070	0.41273842	0.46894913	0.40846093	0.49566010	0.46104327	0.41150134	0.49748357	0.40346328	0.53897122	0.49746103	0.43936526	0.45914349	0.47469161	0.41672583	0.57621876	0.52390769	0.51589415	0.60989769	0.37133265	0.45891564	0.37730341	0.61151958	0.41843824	0.45095495	0.43668115	0.40359672	0.64657849	0.49808295	0.36509976	0.68725931	0.42492852	0.52707227	0.41803375	0.42250562	0.38633592	0.53480982	0.40872116	0.43757921	0.40110527	0.54280341	0.37113235	0.54321858	0.38684207	0.50888898	0.52736583	0.46151979	0.39246888	0.62299767	0.42534968	0.49606721	0.48011084	0.49272788	0.46995371	0.62449221	0.37206622	0.44200294	0.46271967	0.55617704	0.47068545	0.38001396	0.36730449	0.42865722	0.69985065	0.47679297	0.38786449	0.41232045	0.48362687	0.44551533	0.58164917	0.45296700	0.56897183	0.51102592	0.43433859	0.74694261	0.43903220	0.47886860	0.40824714	0.45290639	0.49416297	0.47624374	0.54597052	0.40634491	0.69425564	0.40793578	0.52502298	0.39317742	0.45802241	0.39910305	0.75928015	0.38152466	0.48913270	0.38088718	0.58816125	0.44794652	0.39720282	0.44438319	0.78644317	0.46366680	0.45119353	0.35554509	0.39764928	0.47313196	0.48506168	0.43372432	0.40299604	0.40485116	0.39305940	0.42566492	0.57355423	0.47388459	0.69395639
02_130	0.50276206	0.45431104	0.50617520	0.54797322	0.48984034	0.40947762	0.40285405	0.51962274	0.47179421	0.45995261	0.43180135	0.43058730	0.49848566	0.46995980	0.47790858	0.52598762	0.40076158	0.49239919	0.56201576	0.40941196	0.52833273	0.45805481	0.46917259	0.50678216	0.55032206	0.56145033	0.50582907	0.39219490	0.52745383	0.50044855	0.45069597	0.51260121	0.50316644	0.48577642	0.42988401	0.41502757	0.43464819	0.50215838	0.43334218	0.49749719	0.40482780	0.42592666	0.49531537	0.52550418	0.41518887	0.55138569	0.46500669	0.36927652	0.48254679	0.50955441	0.53755201	0.42440369	0.44861169	0.45332243	0.44020838	0.43282578	0.54992414	0.43587031	0.57311617	0.47763445	0.44165581	0.50547509	0.61171489	0.44674602	0.38808023	0.39413495	0.47925940	0.50714541	0.51867102	0.50089304	0.42897701	0.40544481	0.55714062	0.41925721	0.40071741	0.50073282	0.47299742	0.46563751	0.49060568	0.52991866	0.57215177	0.40721268	0.51801790	0.49631043	0.43079423	0.50167599	0.58752991	0.48757426	0.51452417	0.41620916	0.39163632	0.43186619	0.59981050	0.49540810	0.54704695	0.42310343	0.47653253	0.50020146	0.44723379	0.39107564	0.41998026	0.46851542	0.49850568	0.40528735	0.37948821	0.52139531	0.42430187	0.56612886	0.42540623	0.48664334	0.60278468	0.41969735	0.39724821	0.37837085	0.44556386	0.48413599	0.42118694	0.48267820	0.54589234	0.62635034	0.45282645	0.41573722	0.56615112	0.43284947	0.41688516	0.46964315	0.39824453	0.43929759	0.48460936	0.42073398	0.41531499	0.41920630	0.53421732	0.46005661	0.39576557	0.46911817	0.38668367	0.41271892	0.47450211	0.53190611	0.48351375	0.56633369	0.39291267	0.63323055	0.45573699	0.44907995	0.43323444	0.57805116	0.37200003	0.46085958	0.41638666	0.41481414	0.51095920	0.44580744	0.51851608	0.38167993	0.40708317	0.41784886	0.43880716	0.43700676	0.46186762	0.44445943	0.42317130	0.40445231	0.43235128	0.43283632	0.49194779	0.60062888	0.46302809	0.38647039	0.52020882	0.42571005	0.50760863	0.51406817	0.42937365	0.44116159	0.51557547	0.47666131	0.47444914	0.45325245	0.38560435	0.62994226	0.44659607	0.46213862	0.43350768	0.41235007	0.44856812	0.42798302	0.45472665	0.42547234	0.43968827	0.42936107	0.47499690	0.57475359	0.44654741	0.45649249	0.53107276	0.58517623	0.53535305	0.49068564	0.50409107	0.57432757	0.44945788	0.54274051	0.46715307	0.43119164	0.61720988	0.42612500	0.45761484	0.44706290	0.53241976	0.44902230	0.49011280	0.54923400	0.40149600	0.53830454	0.52080222	0.46101937	0.49460427	0.48196041	0.43760196	0.59667258	0.47156083	0.38379939	0.48373908	0.45186313	0.40727927	0.47770799	0.56532426	0.43140968	0.52915963	0.49743845	0.42668859	0.47574792	0.45456577	0.39624862	0.46326615	0.46211222	0.70309893	0.72428051	0.44727886	0.45721140	0.57055917	0.43211352	0.53282670	0.52893679	0.44014229	0.41407186	0.40099947	0.37256125	0.53776692	0.53797604	0.41600704	0.39082613	0.49057509	0.56788381	0.45536355	0.52339760	0.49770461	0.58715091	0.43728257	0.42785779	0.51160356	0.64270651	0.53208847	0.41758555	0.50528354	0.60966117	0.58268702	0.57396708	0.45084024	0.61848214	0.54289877	0.50186339	0.51016377	0.52605673	0.44724502	0.61594852	0.40268161	0.67102759	0.43600958	0.54105913	0.44448567	0.40899131	0.52012745	0.52699683	0.40911471	0.42293984	0.41375935	0.47713124	0.43630947	0.55950886	0.37554301	0.44008444	0.46214388	0.41619683	0.42685392	0.46525198	0.55392699	0.52663353
02_95	0.44289893	0.41351014	0.45163827	0.44371791	0.45424332	0.39250752	0.39243425	0.42639623	0.44113027	0.41859454	0.39201402	0.39107869	0.42977421	0.41862590	0.44352314	0.46924331	0.38006943	0.46749066	0.46397198	0.37751698	0.41985513	0.42892242	0.42299718	0.43942119	0.47289113	0.50726354	0.45853052	0.36929062	0.43291861	0.44099645	0.41182779	0.43489900	0.43120693	0.42514002	0.40430977	0.37174539	0.40255425	0.44590196	0.40861266	0.46740289	0.36554089	0.38610182	0.44626768	0.43694763	0.38505777	0.45878569	0.43993438	0.35175172	0.43044862	0.43588189	0.53860100	0.40045650	0.42181634	0.42143602	0.40267981	0.38653948	0.45384580	0.39438814	0.48149154	0.45764471	0.38382980	0.43145472	0.48439747	0.42118433	0.39074595	0.40256066	0.40833618	0.45952773	0.47254764	0.43297433	0.41472782	0.38285841	0.49588353	0.39090778	0.38166460	0.45642785	0.50999952	0.40309910	0.42911833	0.50696185	0.50035168	0.41103990	0.49187464	0.53913625	0.40499866	0.46186563	0.48133491	0.44412669	0.45288367	0.44066247	0.35957536	0.41349086	0.49942171	0.39993575	0.44621416	0.48993681	0.39546968	0.43148293	0.39127356	0.39823448	0.42872107	0.47977997	0.51009879	0.40627421	0.38584096	0.44834008	0.39911374	0.45492344	0.41196486	0.42793764	0.49362109	0.46536033	0.35534886	0.42817159	0.43946044	0.51926022	0.44132916	0.45117196	0.59877052	0.54054557	0.40030672	0.38223234	0.55932077	0.41643714	0.39284919	0.49245775	0.40560816	0.41399363	0.53034995	0.41565379	0.44983508	0.42150518	0.48862529	0.51367885	0.43184272	0.44078987	0.40462235	0.38352688	0.46664533	0.58801994	0.48647964	0.48019254	0.43246598	0.46804086	0.47171955	0.40998794	0.48597073	0.45960894	0.40978726	0.47706854	0.39330166	0.41808395	0.59357659	0.55091244	0.51023006	0.40987687	0.45702235	0.47201954	0.43321367	0.41770383	0.48113403	0.41642439	0.40211777	0.41695821	0.47874412	0.45686721	0.47079766	0.53898750	0.46065036	0.38761326	0.43999176	0.43678764	0.48859991	0.42476119	0.47815248	0.51052789	0.58772176	0.53959953	0.40776703	0.47851409	0.41675779	0.48111327	0.52755732	0.41191783	0.43223012	0.47447817	0.47255473	0.46111101	0.45929350	0.52151667	0.42814893	0.46565573	0.51194637	0.60198801	0.41022153	0.41637912	0.45612711	0.46451331	0.67728373	0.48945832	0.40463526	0.62753361	0.40882712	0.56511121	0.58356223	0.43384165	0.58249239	0.41350445	0.39930531	0.44723031	0.52384106	0.48611962	0.64559385	0.51354103	0.47504902	0.48978828	0.45139648	0.40514251	0.55336286	0.45413461	0.44281674	0.51597027	0.46001919	0.40106966	0.47743786	0.47920631	0.41519685	0.49765800	0.75908568	0.41346670	0.53198015	0.46064938	0.42856384	0.56333736	0.43576875	0.45784235	0.52368680	0.46815212	0.49639781	0.59466815	0.43367610	0.54389811	0.49244845	0.41898082	0.47287218	0.54474035	0.44115489	0.47370171	0.40439156	0.34676486	0.56895214	0.57646001	0.42809708	0.38929823	0.49257783	0.48902176	0.51979289	0.50410404	0.55681865	0.81127802	0.44378878	0.45888969	0.56902978	0.49718405	0.59443078	0.45105742	0.43398946	0.76318843	0.57964204	0.59754672	0.46899500	0.55934655	0.50800875	0.49533278	0.46194957	0.44604458	0.46221881	0.58641765	0.42181508	0.46351646	0.40504649	0.60885824	0.53370940	0.41062269	0.56490071	0.52848654	0.44669445	0.40602803	0.37269552	0.40188766	0.44165130	0.60162639	0.38228613	0.44776547	0.39483587	0.45313664	0.48202517	0.48299818	0.41557305	0.51102734
02_238	0.46889322	0.47183702	0.45804310	0.47847543	0.43955807	0.39458548	0.41156510	0.45928626	0.48866517	0.50574129	0.49809958	0.47553944	0.45887495	0.47766498	0.47934432	0.52126099	0.40888360	0.53717244	0.52476198	0.41213661	0.50243057	0.49275727	0.44866239	0.45402570	0.46491283	0.46917365	0.43452319	0.41810348	0.59187917	0.45766020	0.43834471	0.54185547	0.61761344	0.44583401	0.41667604	0.45061069	0.42815745	0.52613447	0.41004706	0.43694319	0.43755060	0.44396691	0.56142024	0.52463358	0.42923544	0.46580548	0.46669976	0.41356909	0.52422021	0.49042163	0.49179942	0.45900830	0.48575376	0.51434370	0.48760896	0.45895947	0.51958456	0.39587479	0.45807135	0.46832028	0.40824542	0.54801307	0.49718782	0.49154500	0.42409975	0.38626741	0.43216135	0.52422657	0.52726397	0.59637593	0.51535412	0.45674512	0.52584922	0.45907389	0.40635016	0.42762037	0.42937488	0.42147057	0.55507816	0.52979908	0.50189811	0.48129278	0.45860459	0.46208002	0.38619494	0.42352548	0.59894854	0.57290094	0.59094366	0.44841300	0.46814905	0.54636613	0.51319427	0.48673571	0.45737348	0.41019758	0.61415507	0.53105095	0.64414341	0.43532778	0.46853829	0.39974706	0.43844405	0.43754761	0.41727129	0.64992552	0.38144310	0.46302965	0.52998962	0.43631808	0.45297974	0.45162154	0.49617114	0.37299810	0.49387049	0.49030943	0.39565578	0.42290653	0.42322454	0.47806984	0.60056180	0.53454227	0.47547165	0.40599020	0.49599345	0.42494894	0.45804943	0.51578771	0.43883498	0.49164829	0.42760318	0.37638615	0.48904248	0.47849769	0.43049666	0.61511174	0.39637221	0.46520329	0.50804422	0.42816108	0.42401301	0.46863518	0.42470341	0.47970652	0.47317607	0.55234759	0.40712092	0.60057727	0.39917428	0.44105359	0.41314793	0.49322557	0.47491368	0.42778517	0.52997013	0.39293652	0.42517046	0.45996728	0.52737840	0.54930975	0.46233654	0.40332259	0.50845612	0.46430717	0.46606840	0.37159081	0.41371830	0.51058156	0.49852509	0.43716744	0.67059990	0.47536337	0.43153759	0.72335148	0.47499551	0.44369679	0.41999674	0.44632612	0.72666921	0.49069411	0.34499751	0.48374304	0.42175959	0.44544356	0.51004762	0.35183115	0.44294784	0.48507295	0.55507837	0.37166308	0.50423889	0.37972553	0.48863478	0.42284227	0.40134340	0.58113658	0.58483486	0.46815940	0.43410785	0.50737331	0.57833636	0.47531812	0.54066519	0.50683890	0.41465740	0.42596994	0.45543290	0.50688877	0.65901891	0.38342694	0.44181585	0.37420583	0.39869090	0.43263139	0.42191920	0.48728784	0.45460121	0.39389746	0.41067607	0.55966500	0.51587799	0.45009017	0.39821138	0.40800594	0.40118808	0.50037214	0.37901674	0.39282739	0.41000084	0.42362870	0.42151880	0.46099986	0.44089252	0.38642813	0.56443334	0.33861952	0.42436548	0.51613441	0.50974522	0.46939693	0.55631408	0.45352358	0.44951872	0.51135707	0.57753124	0.54133124	0.48079249	0.44727076	0.42485063	0.43853787	0.42093404	0.44894287	0.47927854	0.44294058	0.50040896	0.45340854	0.48190731	0.55859529	0.43847089	0.41954529	0.49258430	0.47361308	0.40517317	0.51211176	0.42505717	0.41142081	0.70646334	0.42086154	0.49592780	0.43908124	0.50896925	0.50398675	0.42296728	0.58038287	0.49002023	0.43911953	0.48971345	0.44004392	0.42357529	0.51090286	0.52137750	0.40928804	0.43877413	0.45736735	0.45487675	0.40932464	0.42267892	0.48183334	0.46467633	0.74094149	0.50361558	0.43075615	0.40389479	0.49361919	0.64570106	0.41415260	0.45825031	0.48222733	0.48265060	0.40819890
02_78	0.64590691	0.53727212	0.64027520	0.57036677	0.54554445	0.43809005	0.43012394	0.64246481	0.50661846	0.55459990	0.51615894	0.51439683	0.64426707	0.59133892	0.55049715	0.52779698	0.43854726	0.47877484	0.59070282	0.45922519	0.59561077	0.49318860	0.59696808	0.63334316	0.62350857	0.54941130	0.61616309	0.43622299	0.53491190	0.65351409	0.43316666	0.55589553	0.50488545	0.49188700	0.44751273	0.42020087	0.41815813	0.52021012	0.47615651	0.55201214	0.43857897	0.42801140	0.47562131	0.58901335	0.48034662	0.55615066	0.52579098	0.40737122	0.54247251	0.50698750	0.49299826	0.45396176	0.52767910	0.44620981	0.52141702	0.41797286	0.51534163	0.43683028	0.55669214	0.53275276	0.48173971	0.60103717	0.61505134	0.49773240	0.39467291	0.42036306	0.47919789	0.46462554	0.49020974	0.51789161	0.45448952	0.41373652	0.59966906	0.41611348	0.44441664	0.63860530	0.47977179	0.46375608	0.48411373	0.49496175	0.61312692	0.43994611	0.56024488	0.51809397	0.48808272	0.58861445	0.56840135	0.45881678	0.57864085	0.43887398	0.39274022	0.45111424	0.59010701	0.52284200	0.52099396	0.42029564	0.50289003	0.51043045	0.46163077	0.38020803	0.39455958	0.52208260	0.53512370	0.43832180	0.39679467	0.52457568	0.44664070	0.65101214	0.47047591	0.64530730	0.53691169	0.41619808	0.41231488	0.36351010	0.47071360	0.47433792	0.38770989	0.54041556	0.52599828	0.53063649	0.43907729	0.47622100	0.46848713	0.44366779	0.44514390	0.51751545	0.42237749	0.48279178	0.40837606	0.39773510	0.42744374	0.43290680	0.64978048	0.43121519	0.39135000	0.46091671	0.35007948	0.40282282	0.45779137	0.44635238	0.43684068	0.58909655	0.40279702	0.60377517	0.48219274	0.51115891	0.44364045	0.57639650	0.37194541	0.42322335	0.46072241	0.43280106	0.47187107	0.42382803	0.55009123	0.38691189	0.38915214	0.41432279	0.43756943	0.48164143	0.42723459	0.41606800	0.45320978	0.42073112	0.38378029	0.44706913	0.58521963	0.59675243	0.51247378	0.40071897	0.48128224	0.40000192	0.55397257	0.53834053	0.40625751	0.43996471	0.42185541	0.40827559	0.45975981	0.40010241	0.39709722	0.76792403	0.43960830	0.48360402	0.45619753	0.40105691	0.42257874	0.43535687	0.44339366	0.40781807	0.48849499	0.38004060	0.41073386	0.49368429	0.51237529	0.43830932	0.50480055	0.60855498	0.46484223	0.41996431	0.53465678	0.49075886	0.52890167	0.46388931	0.46410123	0.39793174	0.51042169	0.43363108	0.47216914	0.45496372	0.56736497	0.38732672	0.46257236	0.64787248	0.38628207	0.48806768	0.54991267	0.43526693	0.48029914	0.43650018	0.42985915	0.60640428	0.42502475	0.34738391	0.45560566	0.44275566	0.43147254	0.48088961	0.47114544	0.45230658	0.59908514	0.54969488	0.39049499	0.48816070	0.49298426	0.38844796	0.46361068	0.40089814	0.59089775	0.58355466	0.44570381	0.44770370	0.51746699	0.45248959	0.46454266	0.46592736	0.40006511	0.40987191	0.36190700	0.40855735	0.54250360	0.52280308	0.43778021	0.40720051	0.49839836	0.75957492	0.41524673	0.45955003	0.49265760	0.47480211	0.39109663	0.38564946	0.48907307	0.69611017	0.42354073	0.37014783	0.53948692	0.50352322	0.46331322	0.60703845	0.43922752	0.51570350	0.57275528	0.48175352	0.54305820	0.70562490	0.44352429	0.53512421	0.38529397	0.72194288	0.46185608	0.53316526	0.42290630	0.41801570	0.50450717	0.45499840	0.40470349	0.38535606	0.38634894	0.45439894	0.45292849	0.43205283	0.35504416	0.41327913	0.44985998	0.40034416	0.40577365	0.43742612	0.56420109	0.44292242
02_257	0.47193427	0.51922234	0.46379028	0.43629268	0.41393682	0.45519646	0.47135155	0.46708641	0.39473635	0.44512408	0.44074328	0.49827812	0.48177390	0.46890043	0.42409028	0.40654005	0.48870525	0.37954425	0.41523091	0.56232868	0.43933917	0.38915124	0.50190338	0.48490771	0.43097017	0.40412481	0.44911723	0.51399544	0.43015060	0.48012784	0.44713629	0.43877676	0.38348870	0.44913244	0.47791764	0.45709794	0.41377081	0.39096882	0.49410383	0.41749303	0.50394451	0.42752673	0.37105729	0.46760131	0.55398740	0.43653447	0.54598750	0.48964864	0.50195591	0.46601851	0.39053530	0.46416304	0.46112715	0.43316433	0.50232751	0.41670458	0.37804980	0.49956838	0.39692054	0.41783081	0.55142137	0.45643782	0.44095175	0.40141563	0.46671583	0.55740950	0.46366619	0.39177061	0.41115821	0.41976944	0.37883897	0.40797290	0.47763029	0.45695333	0.59396808	0.49805041	0.52643858	0.50276430	0.39215984	0.38847420	0.43480840	0.41525933	0.47432375	0.43900895	0.59686665	0.51549970	0.41311019	0.36359733	0.44008924	0.42176633	0.42499874	0.40521779	0.41525557	0.45926632	0.44954210	0.45075103	0.40425351	0.48257910	0.38893480	0.41175946	0.36607856	0.52704765	0.42683242	0.50998830	0.47366251	0.39838547	0.47371973	0.46280619	0.41834322	0.49756991	0.39096290	0.37007564	0.42817515	0.39879775	0.39065966	0.39905200	0.43411720	0.41025576	0.42035331	0.40291233	0.34990912	0.41690443	0.38207804	0.54557771	0.44623112	0.48333729	0.44219305	0.39449325	0.35106151	0.39529351	0.47472675	0.48049623	0.49403384	0.39276809	0.39946651	0.37685977	0.36432696	0.40689658	0.41098021	0.38326980	0.39344737	0.41323944	0.39970329	0.41621752	0.45410556	0.44194513	0.44770329	0.43394041	0.42328748	0.42100135	0.56663600	0.40229855	0.40190192	0.38493303	0.44355454	0.46180006	0.41708210	0.38230639	0.41564068	0.41386262	0.38886508	0.45089496	0.40022924	0.45579299	0.34083029	0.57169528	0.56736769	0.46759626	0.44354612	0.39785276	0.37651078	0.37262546	0.43396850	0.40966171	0.36315976	0.42478474	0.35967296	0.35490707	0.36684267	0.35224207	0.53910869	0.46634516	0.38890651	0.50928968	0.42121221	0.48516861	0.46512316	0.42168256	0.39996789	0.43686983	0.46757921	0.38918417	0.36209417	0.39315034	0.68046752	0.38359888	0.38199163	0.45825273	0.39678487	0.35170207	0.43745267	0.39811778	0.44465398	0.39810488	0.43823510	0.40209768	0.41879207	0.40330939	0.40090444	0.49348649	0.50738110	0.39270285	0.40788241	0.47376855	0.35986403	0.41996321	0.60257383	0.42557925	0.45585506	0.39402735	0.40230596	0.42746892	0.45448853	0.36315393	0.49005729	0.38242249	0.64473096	0.46341238	0.41819773	0.49569188	0.52134727	0.41975969	0.40478646	0.45682051	0.43658973	0.45545770	0.45522657	0.34360530	0.42905999	0.42371303	0.44082572	0.41333047	0.46688354	0.38227806	0.36877226	0.38803960	0.37072179	0.40423693	0.37395215	0.48568301	0.44559865	0.50549247	0.42624292	0.48169908	0.41184494	0.52852444	0.37271420	0.40054614	0.49738724	0.41068698	0.37602281	0.34163164	0.47102234	0.45107012	0.36257138	0.38800143	0.43345772	0.41645754	0.38076133	0.51433090	0.38692440	0.44247688	0.44269936	0.43568862	0.41875922	0.53362401	0.38967150	0.46682207	0.42382882	0.46132887	0.44371523	0.52197804	0.39520938	0.47302985	0.43854791	0.42873960	0.47306996	0.40388756	0.38235085	0.36126300	0.43505140	0.36699516	0.41606739	0.40625058	0.36008450	0.43510492	0.38234765	0.45599541	0.46602142	0.41680515
02_30	0.48516085	0.47841602	0.46838317	0.51882533	0.42951277	0.38666767	0.40659087	0.48997742	0.45905290	0.50831956	0.51351155	0.49400947	0.48806704	0.49928138	0.46681583	0.48859936	0.40454120	0.49680994	0.49936857	0.42381799	0.52815908	0.45815128	0.47712539	0.49256018	0.46000598	0.45959525	0.44039623	0.42179485	0.57688824	0.47843375	0.43590453	0.58393767	0.53369040	0.43124606	0.41159956	0.45918248	0.41149425	0.48189953	0.40738080	0.43153024	0.44593825	0.42106224	0.49999461	0.56699873	0.44944264	0.51278157	0.50634209	0.42353849	0.54334827	0.53365851	0.48596541	0.44444162	0.52470455	0.55676678	0.49704325	0.43734696	0.47812219	0.42168503	0.44550451	0.45844933	0.42511312	0.57015956	0.52952059	0.46403997	0.44692446	0.41865467	0.42693269	0.48802862	0.58868994	0.63140291	0.47481913	0.42506937	0.54012174	0.46739382	0.43157887	0.46228029	0.46629150	0.43921622	0.49115909	0.50659001	0.50242077	0.52251438	0.52214566	0.48969057	0.40395956	0.43463998	0.57375418	0.50684014	0.58207440	0.50168214	0.47039364	0.58769050	0.50022084	0.50147938	0.45185813	0.43536141	0.60944424	0.53345650	0.62574391	0.43522134	0.52098153	0.44911215	0.44568086	0.47445857	0.43137349	0.57432876	0.37920050	0.49471374	0.53976860	0.46803079	0.44844304	0.44882253	0.48095035	0.38247332	0.46916042	0.49235802	0.42426014	0.41613985	0.43952465	0.49320320	0.49667478	0.53530007	0.49602190	0.43852291	0.47255611	0.48445994	0.49503604	0.47966524	0.45231749	0.51770940	0.48135083	0.38093780	0.53199030	0.51972166	0.43100353	0.54584102	0.40085686	0.43676224	0.59039968	0.46468838	0.48257409	0.45617817	0.47712024	0.48712984	0.55054245	0.58892128	0.46437367	0.64680941	0.42429235	0.44802127	0.42308742	0.53731737	0.49584797	0.45111621	0.54647789	0.41434662	0.44736754	0.47811355	0.51091299	0.53825099	0.52392241	0.42590577	0.46817543	0.50713885	0.46749965	0.39681216	0.46180536	0.58579342	0.53025085	0.41569798	0.58829810	0.53740400	0.43300750	0.63783834	0.47636964	0.50465734	0.43883591	0.45743843	0.57406385	0.50510251	0.38085800	0.50514797	0.43409057	0.44126552	0.57031079	0.37797930	0.47181932	0.50629437	0.62011232	0.39302482	0.56313725	0.39185877	0.51692751	0.43837606	0.42672500	0.63625377	0.52035033	0.52226741	0.46306808	0.49585067	0.59181960	0.49177582	0.54819004	0.56619056	0.46564753	0.47074272	0.51047938	0.47063997	0.68030067	0.39132445	0.51748094	0.39004931	0.42440416	0.45413507	0.43483953	0.57291916	0.50402413	0.38887217	0.48341650	0.52978939	0.60115862	0.45255429	0.41447418	0.41299832	0.44760774	0.49138120	0.41872573	0.40276381	0.45082106	0.42195431	0.48182813	0.45137920	0.49038329	0.43349463	0.61367246	0.35918627	0.50392142	0.49989316	0.53261267	0.48911515	0.62972677	0.49297062	0.51970805	0.47808898	0.54115017	0.54604044	0.55557639	0.49801851	0.42193785	0.44812278	0.43968585	0.54164680	0.54972793	0.45839915	0.49757323	0.50214206	0.50107984	0.66129730	0.47123010	0.46731307	0.55055392	0.47524471	0.48455215	0.51710273	0.44710655	0.42531814	0.71487621	0.45411857	0.51345397	0.50353519	0.50363161	0.61197446	0.43643511	0.69988070	0.47841878	0.48506356	0.48964469	0.52867478	0.43186048	0.54867123	0.50220611	0.47928852	0.47377137	0.47653105	0.48299950	0.48945981	0.48083561	0.52265248	0.43421375	0.57421499	0.58135934	0.45786099	0.44911187	0.49398792	0.54839398	0.43152873	0.48447601	0.58980903	0.51798657	0.48284828
02_106	0.38024914	0.44056161	0.38452821	0.34617005	0.39715890	0.47422807	0.51970359	0.34693694	0.42132904	0.40032434	0.38148303	0.40681757	0.36155363	0.37707269	0.41286533	0.42873176	0.48431652	0.43433328	0.39517041	0.43872346	0.34890346	0.42286136	0.37679314	0.35822057	0.38607416	0.39848354	0.38085888	0.46790311	0.39953324	0.37500878	0.45632823	0.37114362	0.41233395	0.43773356	0.48484905	0.41963893	0.46867945	0.41518929	0.46683086	0.39801727	0.42790767	0.47557537	0.41959554	0.37563838	0.42165140	0.34674934	0.43384612	0.45125644	0.43509978	0.38413002	0.42388173	0.51681275	0.39127672	0.41398568	0.43653223	0.46111957	0.38724691	0.38334770	0.37645630	0.41870754	0.38949276	0.38648696	0.36462220	0.42416458	0.50327988	0.45303960	0.41420966	0.44856498	0.37897196	0.38502483	0.44368099	0.52810586	0.43554948	0.47065086	0.44798943	0.36479022	0.48923078	0.40039832	0.44564321	0.43475559	0.40067623	0.41213297	0.37408233	0.43395177	0.41457885	0.41769411	0.40599198	0.42096563	0.42217399	0.40349395	0.44350738	0.40201998	0.39874297	0.36722608	0.40846834	0.53734854	0.36748044	0.45017364	0.38282132	0.57072876	0.37570538	0.37848069	0.41520971	0.46491481	0.56045020	0.42386891	0.45019950	0.35237231	0.43276535	0.36003966	0.36473115	0.46453529	0.43676750	0.56193287	0.45407340	0.45833824	0.45390130	0.38529563	0.40804830	0.37801350	0.40937571	0.39948744	0.38974272	0.42765854	0.53582018	0.38561834	0.44451683	0.43465293	0.38844120	0.43970124	0.45757266	0.48647982	0.40207367	0.43298557	0.60232537	0.45347632	0.47252603	0.52792584	0.39005359	0.37496059	0.34899292	0.39235662	0.40517219	0.35384881	0.41096099	0.40296496	0.39289369	0.38354812	0.53193186	0.49704417	0.48586422	0.40318087	0.45789002	0.44950585	0.45866098	0.53639378	0.57302880	0.47295680	0.51959847	0.44724708	0.37951619	0.40301098	0.48654332	0.48808674	0.43562953	0.46904966	0.38134644	0.39495428	0.42201429	0.54522450	0.40368213	0.38308443	0.41438350	0.40555380	0.46392801	0.43581180	0.38516613	0.41319346	0.41175795	0.41013895	0.41002073	0.37063552	0.44167543	0.48537649	0.41156018	0.46442653	0.54756715	0.53242916	0.43305252	0.50501363	0.43049066	0.44390983	0.41695088	0.38143034	0.42273123	0.38266063	0.42378109	0.34882468	0.41624610	0.41204546	0.37516944	0.43189196	0.41703931	0.41288231	0.42134214	0.38622360	0.37178461	0.55606841	0.38973663	0.48248691	0.38145304	0.42669461	0.42251306	0.39430136	0.47440482	0.36714492	0.41520392	0.40913386	0.37363603	0.49796436	0.41237282	0.39412222	0.45056392	0.50334732	0.38927933	0.48771414	0.45294964	0.44335284	0.40180195	0.55074968	0.38156977	0.41981988	0.41270628	0.37686805	0.43900850	0.44547346	0.39723196	0.42850455	0.37361834	0.39372783	0.46906833	0.47768232	0.36673632	0.46666590	0.40624713	0.46612999	0.37857524	0.47247691	0.53138992	0.47126607	0.42835549	0.41277385	0.42766348	0.62936724	0.47732178	0.38363345	0.48782354	0.41510658	0.54432715	0.39706865	0.42399144	0.41240484	0.37311019	0.40579947	0.38973078	0.55465848	0.43392424	0.40793920	0.42735855	0.41064788	0.51383201	0.39852883	0.40655765	0.47546659	0.43736435	0.37014899	0.49895442	0.37517163	0.85308036	0.36337420	0.55216625	0.40731620	0.49076342	0.68729456	0.47959116	0.35747954	0.55005616	0.47585798	0.49094194	0.40435291	0.45563601	0.39159804	0.47413864	0.65336264	0.38000863	0.72643408	0.51756257	0.47045594	0.35576465	0.35514311
02_201	0.51722909	0.50250246	0.54271820	0.40623275	0.59514202	0.47597483	0.46605976	0.43312568	0.63090745	0.53582743	0.47056119	0.45961254	0.46415389	0.48796523	0.62305555	0.56811723	0.45473128	0.55578632	0.54560816	0.41677906	0.42448098	0.63042487	0.47171709	0.44569683	0.55936498	0.54329008	0.54868173	0.42890618	0.45452485	0.50617945	0.40510319	0.43565629	0.54405766	0.47156969	0.44943891	0.37384506	0.42426233	0.60347828	0.49158298	0.59975171	0.39387847	0.43916941	0.53440984	0.44055053	0.42552205	0.40000637	0.45252559	0.39721370	0.47498337	0.39780611	0.51676078	0.49307087	0.46989260	0.39466492	0.49900106	0.41139204	0.51032357	0.35628762	0.51240697	0.61839662	0.38815598	0.48959300	0.44245657	0.61507472	0.38602556	0.38627485	0.42121509	0.48473970	0.41072152	0.44052455	0.59598789	0.47854870	0.52810549	0.39084552	0.40413028	0.46776499	0.45048165	0.38144653	0.55064544	0.54864895	0.54405396	0.44130735	0.42901529	0.52821371	0.42010530	0.52714801	0.51926648	0.51461151	0.56588198	0.41973019	0.37257692	0.42914384	0.54364396	0.40003431	0.44923476	0.44882621	0.42692748	0.45291474	0.42729768	0.40319129	0.36575517	0.41389970	0.57155808	0.41729507	0.41654298	0.55673322	0.45325801	0.43457755	0.51111244	0.46885641	0.46019766	0.51455606	0.39435046	0.39685584	0.65529843	0.54785419	0.36032040	0.57014749	0.52416328	0.44623026	0.50789748	0.48218948	0.42778875	0.37916948	0.50753233	0.43553430	0.41452134	0.62914337	0.39965359	0.38151632	0.40811862	0.45031058	0.52513220	0.42899932	0.46553062	0.55813787	0.35682449	0.43580049	0.40371099	0.39494597	0.35979269	0.58402963	0.39901240	0.44425647	0.44237266	0.47932439	0.39539498	0.45625971	0.38997291	0.42432246	0.44914432	0.41902231	0.52064808	0.46873129	0.62328196	0.39480741	0.41663881	0.48648236	0.47832114	0.57384184	0.38087159	0.35747158	0.61349301	0.42494062	0.42498121	0.41805789	0.43965505	0.46194686	0.50156765	0.49233098	0.47503962	0.37262379	0.61547123	0.51293951	0.46957872	0.43937386	0.40694272	0.42011600	0.49273769	0.40510173	0.35297164	0.49695948	0.50157616	0.47216177	0.43717228	0.38479209	0.41833382	0.51265836	0.44294896	0.43444840	0.47100911	0.37137851	0.41259274	0.44906329	0.43022618	0.39881955	0.57921820	0.41301932	0.45638621	0.43646540	0.42724166	0.50699713	0.54972909	0.43086536	0.45020237	0.34949951	0.41040719	0.56549954	0.43491601	0.46692647	0.43145212	0.37069084	0.48835045	0.56672817	0.47010233	0.39246591	0.42172151	0.40489380	0.39525529	0.46856639	0.41133328	0.57805898	0.39107431	0.36306629	0.36831930	0.58272929	0.38728804	0.47475312	0.42561104	0.49892015	0.45910674	0.72679935	0.35513887	0.41842981	0.51029658	0.37859552	0.41180683	0.43950125	0.44873465	0.50358447	0.43560321	0.51187651	0.38773056	0.68964786	0.46441262	0.52774142	0.36844446	0.44839961	0.38529230	0.41329067	0.59119055	0.43454587	0.44507032	0.44885675	0.73752240	0.51880142	0.49453346	0.42889468	0.55444137	0.43147103	0.37991603	0.40419332	0.39832530	0.62646342	0.40913376	0.39497504	0.55757695	0.48366892	0.48113936	0.51172610	0.61255434	0.42846250	0.62766516	0.50431886	0.87198409	0.49532506	0.65033705	0.41617987	0.45339777	0.46811747	0.60940439	0.45568352	0.51184353	0.48916664	0.63821382	0.36996519	0.42765005	0.38146587	0.41402648	0.48490321	0.48827587	0.42008447	0.34961080	0.51655161	0.43724392	0.48693458	0.50986331	0.42296573	0.40325432	0.36407926
02_301	0.41619112	0.41944588	0.40689359	0.39651327	0.37654382	0.35202233	0.37807366	0.39328994	0.39653905	0.44382534	0.45262902	0.43823552	0.41267349	0.43288887	0.41042199	0.39418443	0.36951964	0.41280529	0.38711946	0.38116478	0.39342995	0.39698943	0.42588978	0.41790915	0.38143309	0.38225868	0.38748664	0.38861253	0.40908064	0.41430508	0.36183275	0.43867597	0.39929833	0.35335296	0.36259854	0.37665367	0.34609569	0.38994333	0.36721482	0.38226748	0.38226398	0.35081043	0.39372871	0.42889245	0.41176863	0.40202914	0.46328363	0.40383443	0.44499596	0.41105328	0.41519525	0.39385279	0.49003969	0.45408764	0.44095649	0.35270915	0.36500217	0.36006762	0.35951857	0.41185366	0.35683262	0.44427177	0.40250522	0.41131116	0.44083880	0.43168575	0.34378846	0.38545343	0.45776963	0.45521479	0.42664103	0.36987262	0.43861201	0.39724100	0.41026959	0.41817760	0.46423667	0.35805227	0.38264614	0.41877796	0.40987236	0.57679673	0.46944679	0.48551401	0.37145810	0.38690721	0.41654588	0.39751903	0.45775464	0.58901501	0.39343790	0.52512997	0.39248407	0.37451520	0.35363300	0.47758852	0.42008038	0.41021932	0.44735563	0.41133447	0.49211292	0.45137035	0.41628446	0.49111736	0.44166058	0.42357997	0.33917756	0.39102051	0.52051159	0.41210068	0.35563068	0.46551905	0.38929535	0.39943765	0.43173721	0.46497557	0.39962501	0.36884417	0.40719946	0.39075573	0.38014892	0.47433064	0.40918432	0.40053299	0.41778526	0.51333632	0.53428783	0.42390322	0.40126295	0.45634178	0.56490817	0.35835764	0.46773271	0.52546600	0.44940602	0.44274556	0.37171081	0.36659301	0.52101456	0.41464822	0.43159013	0.37289863	0.64348002	0.36608131	0.61178493	0.50461430	0.53506576	0.43598859	0.48790014	0.40165446	0.38962200	0.55544573	0.47801048	0.49280310	0.49279260	0.44236267	0.47799503	0.54840194	0.45403542	0.49554438	0.48946910	0.36388968	0.41692846	0.56290444	0.44386289	0.39382132	0.43872668	0.47451737	0.51460740	0.39528611	0.41000803	0.51647870	0.39042942	0.43189884	0.48169701	0.64848666	0.39221595	0.41817543	0.40670956	0.45075094	0.40798406	0.39368296	0.45305256	0.37064716	0.58178518	0.39210395	0.44868344	0.56049634	0.58272405	0.41789862	0.57126371	0.36257539	0.46392584	0.38320300	0.38733656	0.47392778	0.39563270	0.40376890	0.43869058	0.40951579	0.40785388	0.43166802	0.47827287	0.48246564	0.54425411	0.42646170	0.42338162	0.41999312	0.47005359	0.36341902	0.48935286	0.35647313	0.43780130	0.40934831	0.50124165	0.45632775	0.41627939	0.32171739	0.50514080	0.42085513	0.60587407	0.37938581	0.36189720	0.38632775	0.40352413	0.47674666	0.43109096	0.37534653	0.42466939	0.38326990	0.47214216	0.39683422	0.44473100	0.46431200	0.57199278	0.37289866	0.60389693	0.42260129	0.38635028	0.39551706	0.55980702	0.57837394	0.41834018	0.43665051	0.40426184	0.46659171	0.50003915	0.70879631	0.37706254	0.41590706	0.41373625	0.54428936	0.71086446	0.46169028	0.45970136	0.43672716	0.51366996	0.51425524	0.47740355	0.43718907	0.49387530	0.44000222	0.50530128	0.40326349	0.39334332	0.40364379	0.49199374	0.41703839	0.42329033	0.49223520	0.48813199	0.47958378	0.39143114	0.61910831	0.41013777	0.42115473	0.48198434	0.46480655	0.42774054	0.39439452	0.44083150	0.49837901	0.55699944	0.48204437	0.47211013	0.44758079	0.60731579	0.44740060	0.34989211	0.39706873	0.69751511	0.39615139	0.45748040	0.46007361	0.39055942	0.44899955	0.55227572	0.62517068	0.37429354	0.42667594
02_295	0.38321639	0.38313455	0.37129136	0.45072834	0.34804508	0.32622495	0.34713624	0.39951058	0.37012566	0.39767978	0.40971064	0.39847424	0.39111181	0.39529613	0.37017940	0.39789018	0.34156992	0.41829697	0.39719565	0.35991716	0.43171190	0.36911946	0.38445556	0.40326176	0.36814207	0.38232060	0.35432756	0.35842539	0.47171597	0.37896131	0.39465320	0.48475144	0.42347816	0.36143389	0.35304985	0.42333826	0.36529106	0.38511600	0.33842363	0.35014465	0.38819314	0.36229862	0.41729091	0.46039418	0.37904500	0.45989414	0.42839682	0.37079169	0.43911404	0.48607307	0.42693916	0.37122739	0.42880893	0.56009607	0.39404577	0.38761593	0.39427276	0.39544959	0.36912619	0.37056584	0.36607049	0.43869834	0.44639708	0.37217859	0.43177895	0.38799481	0.36531596	0.42454173	0.58408957	0.52759706	0.38861223	0.36210164	0.43423363	0.43647901	0.37463970	0.37894029	0.42367499	0.39211781	0.39720739	0.42966626	0.40636355	0.46996308	0.46429973	0.42322269	0.34527681	0.35283024	0.45501722	0.43152852	0.43908918	0.48467801	0.44450430	0.54119201	0.40415993	0.42666187	0.38038269	0.40969479	0.49127759	0.44488391	0.52725647	0.42003222	0.72401858	0.40407775	0.37243562	0.42934912	0.39197067	0.44506164	0.32056469	0.41054819	0.43849462	0.37392781	0.38515917	0.40729647	0.42458376	0.37312246	0.38094659	0.43044593	0.44485041	0.34011781	0.37940482	0.44258234	0.41211770	0.42285887	0.48496653	0.41020464	0.38872516	0.43399927	0.46917305	0.38078736	0.47825541	0.58744318	0.47301543	0.33018419	0.41936504	0.55418518	0.39881865	0.44705158	0.42434434	0.38330669	0.64391394	0.48605004	0.55013167	0.36428019	0.49042715	0.40621981	0.50098267	0.45848990	0.46802240	0.50603275	0.42730909	0.42963609	0.35474809	0.52302829	0.44761507	0.43385754	0.43137492	0.39939494	0.44891549	0.44708670	0.45635779	0.42117553	0.64064059	0.41918011	0.37516776	0.47697688	0.48996664	0.35503638	0.39152796	0.49747599	0.44642296	0.36048915	0.48961160	0.74944305	0.35110632	0.46721598	0.46260193	0.49579976	0.44326434	0.47251534	0.46138826	0.57477125	0.36920499	0.39710207	0.39638880	0.36362658	0.52490213	0.36027510	0.45727585	0.44701176	0.61498735	0.36797803	0.46439334	0.39538412	0.58063155	0.40108295	0.35648737	0.67139709	0.41259384	0.44433494	0.44206351	0.49019474	0.47076690	0.43895811	0.41171836	0.58977726	0.44050909	0.56280805	0.49409753	0.38909520	0.54303982	0.33545448	0.45673673	0.38848756	0.38490842	0.36424326	0.41510585	0.58656773	0.42661873	0.33937726	0.48104389	0.47590475	0.64963584	0.36361863	0.38765328	0.43683269	0.44518282	0.42074254	0.38124306	0.35153490	0.43416480	0.35075446	0.40811884	0.35402216	0.59533097	0.40605995	0.47966736	0.34188308	0.49511820	0.49603792	0.44185261	0.40925193	0.57941752	0.44556206	0.48926957	0.37928819	0.48416241	0.47828019	0.88308045	0.48276950	0.41653941	0.37538958	0.36272147	0.49599737	0.48990569	0.39549015	0.39444576	0.38748159	0.46950375	0.68479198	0.39650526	0.44704620	0.73686073	0.52708844	0.46454947	0.38704103	0.44703064	0.42427552	0.47047463	0.40176954	0.45965361	0.41199317	0.41671977	0.56004811	0.34611821	0.54728338	0.36440680	0.37114102	0.39682508	0.47753669	0.38651545	0.41785080	0.38431432	0.41361653	0.42668574	0.39856937	0.39151554	0.49577081	0.44343052	0.53210478	0.38160316	0.45654549	0.47398618	0.44047340	0.47143184	0.42170722	0.47492979	0.37791367	0.43331575	0.56705786	0.42408406	0.48891257
02_309	0.43361003	0.47689605	0.42928541	0.46153681	0.40754704	0.46228870	0.46279590	0.45758448	0.39435303	0.40790355	0.39764507	0.44168328	0.44072747	0.42135075	0.40438550	0.43509252	0.47990023	0.39648496	0.44749164	0.52876870	0.46252050	0.38789786	0.43515705	0.44384843	0.43816016	0.42604851	0.42271134	0.47967571	0.48460006	0.43410892	0.56498488	0.44309363	0.41607479	0.54012692	0.52265034	0.53817261	0.50609648	0.41028823	0.48881208	0.40610488	0.52885704	0.51383310	0.40248888	0.47317619	0.48135953	0.45645904	0.47730220	0.44254928	0.48975952	0.51676270	0.40719372	0.47231003	0.40196060	0.45230333	0.44990751	0.53097480	0.42932282	0.59278953	0.43527747	0.39861972	0.63727935	0.44026988	0.47236375	0.38767173	0.44587479	0.45764953	0.62544142	0.45037920	0.42524746	0.43075359	0.37040597	0.44232208	0.48112911	0.51686856	0.49898806	0.43138567	0.47042168	0.68409892	0.43806252	0.40802110	0.44308751	0.36507066	0.43135443	0.39863712	0.52942731	0.48121847	0.44988025	0.39581912	0.43063941	0.36628093	0.47309211	0.38455756	0.44702439	0.54276899	0.58498142	0.40429473	0.42840991	0.55676526	0.40192774	0.42988292	0.36383141	0.42963393	0.40036231	0.43235327	0.42875932	0.42408082	0.50493380	0.47464887	0.37872082	0.43258241	0.44427844	0.35095748	0.47425297	0.38887788	0.37569854	0.38720435	0.46609461	0.40102207	0.40756344	0.44618233	0.38477971	0.38240411	0.41507761	0.54304740	0.44530719	0.39969363	0.39094189	0.38120626	0.37548991	0.41459817	0.40265731	0.47585637	0.43907912	0.37979545	0.38179170	0.38881199	0.40540382	0.47513453	0.39972307	0.40042242	0.39812637	0.43489310	0.34623617	0.47632732	0.39063090	0.40314993	0.38211819	0.46468845	0.38162041	0.46183645	0.51865327	0.36873162	0.39028853	0.35931781	0.41408889	0.41797019	0.39975427	0.35119332	0.42340517	0.38240718	0.38451716	0.55076701	0.39302055	0.40146961	0.35039288	0.49238300	0.45577633	0.45533609	0.39691506	0.39303934	0.42109545	0.36629233	0.41546527	0.43493820	0.35561144	0.37001974	0.38363005	0.37229500	0.40364007	0.36782781	0.43399673	0.48159005	0.36266757	0.58994739	0.38105910	0.44024773	0.47392705	0.38183667	0.38361507	0.40106282	0.40173607	0.43439393	0.37597407	0.41403051	0.56221930	0.39647460	0.41758132	0.47407476	0.39514345	0.38325025	0.48225939	0.40995849	0.40192478	0.40924504	0.37748956	0.42131406	0.44020602	0.40841756	0.40765003	0.49340703	0.43797214	0.44454664	0.37698190	0.43121552	0.33463641	0.43099230	0.61943578	0.57255919	0.40083819	0.44229568	0.37798061	0.43919569	0.55457692	0.39828171	0.50711981	0.36894396	0.48507160	0.45813693	0.41772886	0.49753785	0.42777522	0.40512090	0.42522374	0.38855839	0.39441125	0.41733290	0.38522309	0.36859819	0.50127598	0.45551911	0.42332703	0.36919483	0.49492900	0.36847978	0.41301414	0.39925792	0.37302267	0.35518889	0.42463477	0.44352317	0.41462302	0.43839176	0.36607661	0.43511855	0.39147388	0.45604346	0.36229905	0.41015740	0.44057842	0.40849703	0.38788444	0.35375057	0.40663161	0.46471551	0.39079375	0.41722004	0.42584736	0.41384913	0.40906664	0.43171059	0.37137211	0.45275653	0.41877138	0.40997164	0.40861057	0.45114060	0.36692958	0.44402427	0.41970279	0.50134703	0.42877815	0.42695517	0.35743462	0.42819365	0.40239878	0.41705821	0.39778848	0.43501989	0.47197715	0.40374303	0.37680588	0.39557897	0.40677531	0.40914106	0.40218496	0.40653033	0.35393932	0.41750336	0.55711700	0.42126066
02_67	0.39713192	0.44086813	0.39007859	0.39854304	0.36142676	0.40291990	0.43352307	0.39649998	0.35879837	0.39223764	0.39438452	0.43369317	0.40317880	0.40114706	0.37387164	0.37503097	0.43307850	0.36434878	0.37186501	0.47887131	0.39012451	0.35523958	0.41720887	0.41157888	0.37264200	0.36801188	0.37816365	0.46013274	0.40432160	0.39947500	0.44079352	0.40795746	0.36016882	0.40216014	0.43518765	0.45883674	0.40095385	0.35787946	0.42315010	0.36502563	0.46781072	0.40376662	0.35493581	0.42222204	0.47404524	0.40493913	0.49293185	0.46600469	0.45475869	0.45029780	0.37820602	0.42892021	0.41885591	0.45423178	0.43719470	0.40967575	0.35049355	0.48350323	0.35622972	0.37364588	0.46481056	0.40607409	0.40106206	0.36383944	0.52098677	0.56887705	0.41641530	0.38263511	0.41456398	0.40482195	0.35840416	0.39198280	0.43240409	0.47846490	0.53282316	0.41283002	0.52850078	0.46871437	0.36837414	0.37486590	0.38925752	0.41645340	0.44213066	0.41726590	0.47393641	0.42114825	0.38652400	0.35364497	0.40138655	0.43286682	0.44892065	0.40955662	0.37692358	0.41555182	0.40571278	0.47929647	0.38309511	0.45587878	0.38227032	0.45127046	0.40049775	0.47371758	0.38514760	0.51872798	0.50014743	0.37586435	0.41051944	0.40072690	0.40131140	0.40579233	0.35866359	0.37208594	0.42607465	0.43785458	0.36664372	0.39187902	0.50545912	0.35618472	0.38968843	0.38490676	0.33768995	0.38801890	0.38608686	0.54739566	0.42426228	0.45532054	0.46171145	0.36334544	0.36754674	0.43972682	0.52500238	0.43558902	0.43039442	0.42029807	0.42067001	0.36948157	0.41140007	0.40746566	0.43182048	0.39644033	0.41328516	0.36416686	0.42929062	0.37349826	0.45889469	0.41374100	0.46777593	0.40918593	0.48838445	0.44230193	0.48669854	0.41335851	0.40496090	0.39885873	0.41571758	0.51476179	0.47564430	0.39746400	0.42370842	0.39167454	0.41855226	0.47108439	0.37484924	0.49431522	0.36478771	0.53092184	0.47038213	0.44368406	0.41979120	0.38812776	0.36858070	0.40979416	0.37943273	0.38399585	0.37948580	0.45339104	0.37159916	0.37318483	0.35729936	0.37797122	0.58507123	0.39727363	0.38507064	0.45051494	0.42867279	0.51605180	0.52656321	0.43651375	0.42346950	0.45566053	0.45362233	0.42099490	0.39084218	0.37746102	0.50759887	0.39874994	0.36069094	0.41320878	0.40247829	0.36340680	0.40572942	0.39472969	0.40129016	0.42052559	0.44777102	0.45120652	0.41816565	0.39310553	0.39579227	0.44266884	0.47424528	0.42081080	0.39993232	0.40098749	0.37881809	0.43025535	0.53053488	0.39314773	0.46906322	0.40750307	0.43433872	0.37547286	0.46726115	0.41696451	0.51025747	0.38141013	0.65988035	0.42087047	0.42707798	0.45108247	0.45889918	0.36947284	0.47219341	0.43950694	0.42601481	0.46877506	0.48123029	0.36079581	0.39756638	0.39309199	0.47646305	0.42751059	0.46118683	0.36269566	0.36718083	0.39542045	0.41135622	0.44163405	0.41602550	0.46719594	0.40196645	0.51938650	0.44311833	0.50727619	0.39002670	0.43271845	0.39556441	0.42834151	0.48593794	0.42128709	0.42957826	0.36478920	0.48389738	0.39243004	0.37684847	0.44448820	0.41006344	0.40591033	0.38792678	0.46498628	0.38846760	0.45763148	0.38495605	0.45722069	0.37530571	0.42539317	0.38476723	0.46547816	0.46490532	0.40205459	0.41942336	0.50160443	0.41537470	0.49737661	0.42035924	0.45704393	0.57090853	0.47199750	0.38959351	0.35228701	0.44869196	0.38002427	0.53683604	0.43041115	0.35097570	0.46663563	0.40673417	0.53470941	0.41669307	0.44609374
02_292	0.48036752	0.44053753	0.46682289	0.52844976	0.41219866	0.36742912	0.37469571	0.51660469	0.40015689	0.44715289	0.44665473	0.44683665	0.50482548	0.47607602	0.42342240	0.42108567	0.37679927	0.40661916	0.44410950	0.40945160	0.50523916	0.39268913	0.48626448	0.52656128	0.44849287	0.43430488	0.44851990	0.38857857	0.46374373	0.48739708	0.39817174	0.50877864	0.41318329	0.40212282	0.38607591	0.40530653	0.37004581	0.40815922	0.39306176	0.41998564	0.40482381	0.37034503	0.39991436	0.52238393	0.43168100	0.54034711	0.48649894	0.38208458	0.47177508	0.50152623	0.43276461	0.38890413	0.47915619	0.45804247	0.44107960	0.37696612	0.41377418	0.43503086	0.42879582	0.41949439	0.43388661	0.49469369	0.52997927	0.39820662	0.39852718	0.42419266	0.40853371	0.40570673	0.50745402	0.48743769	0.38411188	0.35877905	0.48936289	0.40432371	0.42361359	0.51657704	0.47055384	0.43817187	0.39702297	0.42683624	0.47021599	0.43885762	0.56548266	0.46886693	0.42685312	0.45165187	0.46934840	0.39665631	0.47007304	0.45860928	0.38697661	0.44932403	0.45718103	0.46697779	0.43364062	0.41586583	0.45955129	0.45446770	0.43723691	0.37044945	0.43659097	0.52951132	0.43733147	0.43708011	0.38511390	0.43530095	0.37614466	0.52941190	0.43020630	0.50725513	0.43968589	0.38594764	0.38629617	0.35808771	0.39602335	0.42773884	0.41177998	0.40852632	0.45541559	0.47877805	0.37514232	0.42533081	0.46064583	0.44626995	0.38893290	0.53832502	0.42665450	0.39550537	0.41287313	0.41527651	0.45968795	0.38106456	0.53408432	0.44891984	0.37262868	0.40619719	0.35556559	0.36445767	0.50341651	0.47153385	0.50550722	0.43661687	0.43734146	0.48550291	0.51731041	0.47124620	0.49102875	0.52797088	0.38405313	0.40643304	0.40781837	0.44055315	0.45014944	0.41997007	0.47410938	0.38802652	0.39793992	0.40749151	0.40415586	0.42395301	0.47723481	0.42224286	0.38106093	0.43315396	0.38626263	0.42921763	0.54913426	0.59095377	0.46752558	0.35382335	0.43046316	0.44824654	0.43075193	0.45520377	0.39424490	0.47821896	0.42715208	0.40904598	0.40408450	0.41218886	0.42625826	0.52709133	0.40896525	0.41156421	0.46724817	0.40860525	0.43176467	0.42286564	0.46378239	0.40290110	0.48220834	0.38116872	0.43242288	0.45138214	0.45642068	0.45942885	0.41684052	0.58385999	0.46188324	0.40720894	0.48168801	0.46026500	0.45166499	0.49909259	0.49278948	0.44213186	0.55116065	0.38000321	0.45893345	0.39977487	0.63530046	0.39310157	0.44497723	0.49145865	0.38325449	0.56390982	0.53786884	0.38160080	0.59224272	0.41104336	0.47400865	0.45819460	0.41681574	0.35695156	0.49941036	0.40606146	0.45115212	0.41619374	0.49969347	0.39404439	0.61027918	0.42340150	0.43991527	0.51439901	0.47293666	0.38585867	0.55840332	0.39509582	0.52069391	0.50287250	0.46865065	0.45339235	0.60154318	0.38905053	0.42654884	0.44575987	0.46422057	0.43982342	0.36176103	0.38827793	0.46304124	0.65551360	0.46895728	0.39712575	0.43293320	0.58924316	0.41984738	0.51309333	0.47137453	0.52114652	0.44062476	0.38814867	0.66923209	0.49849280	0.43641907	0.38309441	0.48520077	0.49722681	0.45915696	0.62378466	0.41063332	0.62708204	0.46072650	0.51606181	0.43328849	0.57219715	0.41206326	0.75836793	0.38095091	0.57030187	0.40800676	0.65651930	0.43601237	0.41081174	0.47203934	0.63786241	0.45469687	0.42405654	0.35956118	0.40264947	0.48305846	0.45321093	0.40603536	0.40353499	0.40043132	0.39826412	0.41542663	0.52832905	0.52456472	0.60090161
02_320	0.42532796	0.40186722	0.43729281	0.39166459	0.44449008	0.38928123	0.38781313	0.39320329	0.42914003	0.40780957	0.38043550	0.37971132	0.40718181	0.40359140	0.43616494	0.43363099	0.37469471	0.43319669	0.42448272	0.36602771	0.37989220	0.41924405	0.40925874	0.41082312	0.44500355	0.46187394	0.44655169	0.36229360	0.38777498	0.42515264	0.37541418	0.39318313	0.39869857	0.39555015	0.38749632	0.34287026	0.37353512	0.42146730	0.40341829	0.45934716	0.34666417	0.36406009	0.40990510	0.39684707	0.37355663	0.40061418	0.41725181	0.34509551	0.40290786	0.38569287	0.47645655	0.38939876	0.40837518	0.37895169	0.39423370	0.35701181	0.40905879	0.35842328	0.43613325	0.44983504	0.35925467	0.40392049	0.42193639	0.41498784	0.37225222	0.39115278	0.37482787	0.41224211	0.41007304	0.39113279	0.40827202	0.37083358	0.45278397	0.36156772	0.37316066	0.43852862	0.47861167	0.36690810	0.40074610	0.45965746	0.45604118	0.40146099	0.44393266	0.51398892	0.39294690	0.45188248	0.42913158	0.40593103	0.42802360	0.42337002	0.33579218	0.38686317	0.44950792	0.36096272	0.40171077	0.48052582	0.36190895	0.39370959	0.36114692	0.37688293	0.38288415	0.45329629	0.49784800	0.39483414	0.38102711	0.41418967	0.39276925	0.40870550	0.40605365	0.41514213	0.42924307	0.45927650	0.33434826	0.41638339	0.44005807	0.48970314	0.39622944	0.44261755	0.55523870	0.44994436	0.37355744	0.37440128	0.45724549	0.38511870	0.38475473	0.47126458	0.39064297	0.41021216	0.44229590	0.37514319	0.43278983	0.41826959	0.46656771	0.45779440	0.42750228	0.41660845	0.36842182	0.36325309	0.41556071	0.46870524	0.41185114	0.45254789	0.42135330	0.40941245	0.45141045	0.39563779	0.45439817	0.40914928	0.40043836	0.42710148	0.38861855	0.39499096	0.54331728	0.52561303	0.49612117	0.39873299	0.43569461	0.46832725	0.40654254	0.41566712	0.41755880	0.37021108	0.40130309	0.40536312	0.43441998	0.44918662	0.45179507	0.47065086	0.44225790	0.38467027	0.39410606	0.39222157	0.48841949	0.39319642	0.45053214	0.49346845	0.47813939	0.46056343	0.37674743	0.41813885	0.40373932	0.43907809	0.51513699	0.39499588	0.41053392	0.45900566	0.43547189	0.46124930	0.42545189	0.52213071	0.41987909	0.41279777	0.44284255	0.49836313	0.40072048	0.37563745	0.42335435	0.41109248	0.55437686	0.42582602	0.36840311	0.53743173	0.40561892	0.47367235	0.56429005	0.37943368	0.47060697	0.40826608	0.37093052	0.44403723	0.47953181	0.42681690	0.63415291	0.50908176	0.48237556	0.42132288	0.41487158	0.37479674	0.49378601	0.41245071	0.41194647	0.48928011	0.41376532	0.37074843	0.41683198	0.47523672	0.40858026	0.47543849	0.57441207	0.41263457	0.51348679	0.46686199	0.38143395	0.52727757	0.42630124	0.44614788	0.49627586	0.42062269	0.42802709	0.51011578	0.40745375	0.55459435	0.42458795	0.42730471	0.41409597	0.49546878	0.39401581	0.47779627	0.37672324	0.34522236	0.58959985	0.52489489	0.42751395	0.39266470	0.50563086	0.48156168	0.50456395	0.44451094	0.58478928	0.59759288	0.39992668	0.40792398	0.52131381	0.47571381	0.48524002	0.42268862	0.41899919	0.64340775	0.50506941	0.60281516	0.47998801	0.47961965	0.53304893	0.47838645	0.47429228	0.44703062	0.48779195	0.51299298	0.42697523	0.42173861	0.41342003	0.62613661	0.57382557	0.42331336	0.61992624	0.46412326	0.46373974	0.37992476	0.35222346	0.37191404	0.45254839	0.50353855	0.36935311	0.44944555	0.35737778	0.47992695	0.50750127	0.46398150	0.37551649	0.44905505
02_210	0.37437721	0.39098954	0.38156224	0.37239979	0.39294581	0.42058777	0.42027564	0.36226105	0.38288564	0.36004971	0.34083233	0.35969573	0.36438424	0.35797430	0.38088354	0.41068496	0.40440486	0.39844411	0.39537129	0.39406087	0.35918422	0.37511075	0.36681858	0.36881548	0.39897831	0.42059960	0.38840037	0.38505956	0.38623359	0.37328634	0.44988748	0.36670425	0.37616988	0.43718930	0.44035810	0.38710189	0.44288222	0.38673513	0.42671850	0.39905850	0.37796485	0.41759539	0.38789413	0.37608976	0.37761933	0.38015848	0.40522345	0.36184732	0.39558197	0.39906362	0.43377181	0.41194038	0.35878184	0.38924399	0.37503736	0.41967210	0.39396953	0.41381463	0.40839221	0.38962839	0.39806773	0.36680311	0.39724048	0.36852351	0.41013769	0.41704887	0.43217520	0.43059043	0.38869166	0.36747611	0.36509852	0.40287232	0.42762167	0.41440441	0.39780782	0.38020438	0.49105143	0.42870079	0.39946808	0.42142169	0.40937880	0.35315597	0.39433458	0.42422864	0.41743379	0.42998015	0.40300240	0.38659326	0.38413003	0.36821178	0.37436374	0.35462624	0.41496934	0.37438936	0.44732684	0.47715177	0.34575475	0.42195176	0.34305869	0.43065061	0.36448285	0.40688216	0.41718450	0.39349245	0.40876939	0.38623241	0.44445188	0.38151278	0.35801116	0.36509457	0.41474096	0.39616495	0.36134031	0.47739053	0.38399693	0.42374069	0.48840429	0.38835672	0.46104046	0.43158715	0.35951111	0.33700503	0.44108838	0.43556867	0.39554506	0.39572470	0.37165369	0.36449005	0.43134715	0.39543060	0.41355966	0.47709600	0.40013635	0.41649806	0.43239820	0.38454125	0.44825915	0.41969441	0.38523660	0.44714332	0.39458548	0.41074690	0.36558803	0.39469753	0.38830331	0.35479966	0.40030832	0.38764406	0.41637589	0.49494846	0.42181942	0.35549977	0.45916233	0.43662354	0.42023139	0.43576988	0.46693995	0.39841111	0.41110134	0.36519378	0.39202298	0.44695784	0.37715256	0.39351152	0.41064641	0.51152727	0.40688913	0.42289488	0.38197153	0.39188347	0.38212799	0.37040453	0.42274824	0.36953476	0.40483031	0.41299589	0.46290576	0.44179009	0.36359678	0.40213553	0.43966410	0.40130252	0.42584769	0.44970496	0.36582296	0.55294523	0.51003565	0.41499155	0.38671764	0.55091785	0.37440277	0.52465964	0.42351131	0.45946875	0.42455215	0.36023700	0.39910855	0.38699037	0.48285940	0.41577440	0.36385520	0.47838107	0.35838945	0.44311490	0.44169678	0.40510470	0.44593056	0.40657255	0.35019420	0.51055522	0.41787463	0.56365192	0.48008666	0.42318071	0.40802552	0.40150021	0.44405953	0.45944067	0.42578740	0.44057585	0.37661585	0.43386464	0.55239277	0.44758044	0.46261289	0.41133890	0.44659742	0.49247427	0.53054712	0.46003124	0.42173166	0.40224753	0.41716465	0.42733620	0.37451656	0.52036064	0.41593710	0.40892853	0.42368945	0.46820603	0.39938225	0.43988490	0.42956512	0.37637935	0.40401179	0.45074119	0.37867137	0.40698700	0.46563018	0.36133271	0.47460226	0.46132636	0.36986024	0.41869452	0.42483316	0.40952568	0.44058082	0.41990672	0.53993225	0.51989678	0.40754873	0.38989616	0.44189408	0.42546023	0.48007578	0.53677440	0.38093823	0.52814707	0.47969889	0.46268270	0.41853346	0.45558734	0.44380501	0.42770862	0.41085302	0.38877820	0.41355133	0.45978845	0.49715536	0.39743148	0.40587320	0.49146548	0.45088417	0.44220958	0.48443087	0.44236235	0.45832582	0.42978157	0.41879640	0.36187048	0.38877225	0.49421168	0.42218998	0.46912975	0.34849979	0.52119936	0.43247700	0.45096701	0.38530708	0.44521110
02_46	0.46209227	0.49039602	0.44090485	0.54194766	0.39997511	0.39376459	0.41675782	0.50221954	0.42101564	0.47562708	0.49466633	0.51015338	0.47928492	0.48068676	0.42858369	0.46213413	0.42556578	0.44825501	0.48145255	0.46894788	0.56868752	0.42063021	0.46543792	0.48372554	0.43466105	0.42596870	0.41342362	0.45643535	0.65148749	0.45605591	0.48899970	0.59524918	0.50669802	0.45839464	0.43673791	0.57906793	0.44244940	0.44815950	0.41513812	0.39691417	0.53470370	0.46330602	0.46497866	0.59808381	0.48485440	0.52275627	0.51134191	0.46193762	0.57497222	0.61732597	0.43377972	0.46033541	0.48374163	0.61086372	0.50077881	0.49932882	0.46154326	0.49128562	0.42522577	0.41675892	0.49772675	0.55427158	0.52620134	0.42717248	0.46987446	0.42931788	0.48194354	0.48158378	0.55564743	0.62600481	0.42636546	0.43934576	0.51700888	0.54391266	0.46321545	0.43681491	0.44355972	0.51805546	0.48131028	0.44952740	0.46794852	0.45687193	0.48395342	0.42393083	0.42596661	0.42249437	0.53670076	0.46743490	0.52612958	0.43826126	0.57478385	0.53278369	0.46762933	0.63327121	0.48563872	0.39794269	0.68276489	0.61632406	0.64039204	0.44526593	0.47300224	0.42448922	0.39942001	0.47287893	0.43504340	0.52649321	0.38984455	0.50354215	0.47213094	0.44929072	0.43465074	0.38647786	0.60661444	0.36610100	0.41201507	0.42358676	0.43549365	0.38849463	0.38954101	0.46571651	0.47210776	0.49834070	0.44998902	0.48143492	0.47933539	0.42957033	0.47112165	0.43383719	0.40700102	0.52756555	0.44238253	0.38062339	0.47669493	0.44591247	0.39664411	0.47570310	0.40530211	0.46912063	0.52064364	0.42041149	0.45329998	0.42442633	0.40916604	0.49233716	0.46458393	0.53250234	0.41634705	0.63054302	0.40244462	0.44471190	0.44426417	0.47857357	0.41542242	0.38240333	0.45877074	0.40978994	0.41462384	0.39857764	0.49402952	0.46436344	0.47021940	0.47839748	0.43447716	0.47136715	0.40063027	0.39156896	0.43982345	0.51929690	0.46736618	0.40483596	0.55708968	0.47495302	0.39350353	0.60995226	0.40666842	0.41743953	0.39144415	0.40287061	0.54567299	0.44255994	0.37973171	0.48726335	0.37638853	0.47268008	0.49252179	0.36513788	0.46148378	0.43034883	0.50322747	0.35950904	0.49275432	0.38828158	0.44119289	0.40045748	0.44822556	0.59235940	0.47238914	0.52226564	0.40055295	0.44093171	0.73934814	0.42131269	0.48986064	0.47571333	0.39303214	0.48221085	0.46349623	0.44022282	0.64909949	0.38489515	0.46229627	0.38239912	0.36466797	0.40834565	0.36377704	0.52542320	0.54512400	0.41716351	0.42215974	0.50589238	0.49759021	0.41223650	0.42869376	0.40886681	0.46144037	0.41038476	0.42167594	0.38769143	0.39690087	0.42262722	0.42476810	0.40315454	0.49340078	0.38486715	0.50270978	0.34778823	0.42265770	0.43133906	0.52457517	0.43825502	0.56222902	0.39884148	0.51431077	0.41135191	0.49669206	0.44702886	0.48144336	0.40409275	0.42060181	0.47924246	0.38324364	0.45838209	0.44721113	0.44536186	0.41400956	0.44849208	0.40270199	0.51974054	0.40851283	0.39822295	0.48390148	0.42162763	0.41384034	0.46118998	0.39489313	0.39982409	0.56509966	0.38790209	0.42947257	0.42053942	0.40986970	0.50725537	0.38295387	0.49939983	0.41363348	0.44163788	0.39692000	0.44916486	0.39973068	0.53219796	0.45709729	0.40215841	0.37814040	0.43445255	0.39521365	0.42763617	0.41142919	0.50275625	0.46306029	0.54443541	0.44812760	0.39467186	0.43194198	0.42753664	0.57393115	0.38179450	0.38553805	0.47526326	0.59613917	0.42714546
02_246	0.35065855	0.38781761	0.34884225	0.36367012	0.34861461	0.38361259	0.41384771	0.34315151	0.36770907	0.36201394	0.35596362	0.37357531	0.34486890	0.35107428	0.36032535	0.39529988	0.39697279	0.40501895	0.37410953	0.39416099	0.35632562	0.36674762	0.34994479	0.34862499	0.35462461	0.37355461	0.34206981	0.40119187	0.41156255	0.34664315	0.46348796	0.38202325	0.39392518	0.40207553	0.41858356	0.44615390	0.44212369	0.37652043	0.38626262	0.35004526	0.41242282	0.43079954	0.40047669	0.38224486	0.38466564	0.36798478	0.41041760	0.40260746	0.41458832	0.41754030	0.41077573	0.42626411	0.36887238	0.46215610	0.38676058	0.46048449	0.37744599	0.40969494	0.35872701	0.36437428	0.38256590	0.37381461	0.37644730	0.36513592	0.49983849	0.42503608	0.40353254	0.44405997	0.41829482	0.40251501	0.38260121	0.43462115	0.41287015	0.49736155	0.40896937	0.34336971	0.45913137	0.41934089	0.41082336	0.41543302	0.37825559	0.39461076	0.38035712	0.39860436	0.37328762	0.36714792	0.40503331	0.41022425	0.39439742	0.39834625	0.48000784	0.41105815	0.38235400	0.38315512	0.40408126	0.47112963	0.38276890	0.45197218	0.40010047	0.55147874	0.43675036	0.36878456	0.36805387	0.43496174	0.47231619	0.40732068	0.38005506	0.35429890	0.39318922	0.33771865	0.36479138	0.40961329	0.44126668	0.49296024	0.38456275	0.41994974	0.53857202	0.33941802	0.37877061	0.39557121	0.39391273	0.36981086	0.42570293	0.43916899	0.43928517	0.37571828	0.42998553	0.37310887	0.43283080	0.52181163	0.45443970	0.40127334	0.37732944	0.46109674	0.48296735	0.42548242	0.56816467	0.48462866	0.43279106	0.41733955	0.40020107	0.36055736	0.40629308	0.36159645	0.40988998	0.38590146	0.39991386	0.40386004	0.50037732	0.51101498	0.41007043	0.40701342	0.43885309	0.42626245	0.41265191	0.48435302	0.56106276	0.43259768	0.48333817	0.39445898	0.43357411	0.45478331	0.39780269	0.46984304	0.46951568	0.41811266	0.36428544	0.40920136	0.39306150	0.42171820	0.42207541	0.44533686	0.36048981	0.40157348	0.44832990	0.43374279	0.42100823	0.44879831	0.41387950	0.46849298	0.40380876	0.36090950	0.39739419	0.42830838	0.41308853	0.43761329	0.58253654	0.46281158	0.46044919	0.44452359	0.40770083	0.48761390	0.48188478	0.38475105	0.38447209	0.43198997	0.40278631	0.36593500	0.42470414	0.45020871	0.39174739	0.43131184	0.37593974	0.46835936	0.40819004	0.46735533	0.41083229	0.44583788	0.40935864	0.40595987	0.38812354	0.47320810	0.39252500	0.35646100	0.42959524	0.41761449	0.42478278	0.39838099	0.39701451	0.52496783	0.45062625	0.36348055	0.47902852	0.64152758	0.43199950	0.42921858	0.42957409	0.39236754	0.42499642	0.43302767	0.36933434	0.36102457	0.52861020	0.36954510	0.41530966	0.40959508	0.41204876	0.47025170	0.39471188	0.39386974	0.50343504	0.43968986	0.41097263	0.39026033	0.43191361	0.46920845	0.45874608	0.45655930	0.62797270	0.41750961	0.37946099	0.43410650	0.41714062	0.49726116	0.40839808	0.36117560	0.48033614	0.48416371	0.45927509	0.42537209	0.54670730	0.45444389	0.39742879	0.37847388	0.43360357	0.67091603	0.41837221	0.40654944	0.45710944	0.39183608	0.44384739	0.45435826	0.36003427	0.49039935	0.37716421	0.34782752	0.42299870	0.40961042	0.58330871	0.36959773	0.43934667	0.40296504	0.44844276	0.51352506	0.42049966	0.41254365	0.52893574	0.65976814	0.49796868	0.41230868	0.43494496	0.43609019	0.62618840	0.55753410	0.39556655	0.52380169	0.47053625	0.54069590	0.37765260	0.41744689
02_84	0.50504432	0.46495733	0.47949137	0.76712019	0.42254188	0.37294146	0.38053232	0.62232019	0.42524539	0.47810975	0.48660769	0.47884712	0.54468495	0.50887486	0.43926057	0.47233927	0.38822274	0.44829038	0.52410480	0.42585869	0.76127778	0.41926641	0.49636922	0.56537596	0.48016114	0.46504180	0.45180396	0.40343410	0.65261300	0.50171233	0.44732170	0.68597403	0.49893341	0.44844818	0.40587337	0.47839021	0.40910211	0.45595816	0.39715691	0.42133822	0.45449590	0.41477903	0.46308957	0.68909141	0.44819381	0.71541079	0.49412075	0.39576928	0.53629166	0.65289670	0.45725807	0.41198325	0.48772345	0.54211832	0.46305229	0.43511546	0.49423326	0.47947884	0.47631938	0.42855246	0.48034686	0.58625588	0.69196143	0.42204035	0.40370851	0.39907238	0.46935650	0.46707072	0.61767168	0.64361628	0.40678482	0.38742411	0.53679645	0.45179515	0.41595874	0.49362062	0.43480991	0.49570397	0.45752349	0.45987202	0.51849369	0.43145607	0.55743446	0.44199359	0.42108817	0.43997659	0.57575856	0.45960481	0.52434142	0.43306827	0.44343741	0.49565469	0.51610258	0.67590184	0.49998941	0.38068031	0.66260260	0.54395867	0.56374505	0.38446616	0.46501880	0.46311309	0.42311855	0.42501277	0.37709526	0.51492010	0.37630818	0.65302737	0.43870789	0.49947162	0.50546463	0.37721974	0.45903384	0.34183108	0.40004512	0.42575280	0.40874003	0.41542499	0.42320002	0.54762185	0.44548199	0.45805973	0.49742092	0.45480574	0.41213778	0.46160006	0.42678625	0.41735340	0.43025999	0.45979544	0.41710345	0.36678799	0.51437118	0.44499633	0.36245144	0.44538933	0.36924080	0.40001912	0.53056820	0.47144534	0.51896619	0.45997538	0.39766330	0.62895231	0.46443999	0.50049170	0.43276513	0.72704915	0.36310634	0.42298234	0.40370125	0.45617382	0.42380811	0.38656948	0.45811913	0.37141484	0.37874675	0.38308255	0.43751960	0.43107706	0.49296206	0.46215766	0.39755077	0.41623887	0.38966281	0.38422096	0.47989813	0.59887914	0.46919353	0.36513255	0.54299845	0.46301912	0.41295751	0.57540102	0.39324205	0.41458645	0.42221170	0.41442321	0.49590515	0.43774170	0.37324858	0.58535520	0.38448017	0.43137973	0.46924958	0.36073510	0.41922971	0.39690705	0.47023805	0.35505044	0.45971707	0.38136777	0.43996748	0.45222739	0.43512949	0.54881843	0.46925496	0.70674892	0.42955714	0.44360897	0.72141663	0.44427631	0.46186861	0.49653793	0.40973635	0.47396014	0.54789542	0.39243282	0.56047338	0.37591305	0.51865491	0.38295361	0.38487891	0.44545577	0.35197658	0.60001842	0.54110238	0.41013913	0.46600405	0.45152429	0.46584075	0.45046076	0.41659719	0.36315533	0.48730526	0.39403204	0.39546337	0.39893356	0.43347015	0.38550071	0.47139461	0.41199671	0.45290658	0.42473429	0.46423832	0.34691096	0.43884041	0.41604007	0.63695214	0.49465870	0.47437155	0.39254250	0.59955438	0.38631975	0.50446344	0.43950173	0.46757062	0.38253453	0.36975801	0.39071465	0.40224423	0.48320008	0.41664576	0.37559344	0.40407844	0.49239566	0.38639328	0.50790790	0.39663336	0.43482862	0.43945855	0.41383648	0.45255516	0.49187751	0.42132685	0.36386695	0.50626191	0.41948532	0.43903795	0.45055693	0.38365019	0.54239583	0.40143733	0.45685982	0.41066795	0.47497494	0.37425967	0.50323163	0.35103616	0.64943746	0.39603222	0.42424586	0.36682284	0.37187604	0.39300460	0.46698394	0.36904182	0.41441395	0.39074069	0.49161544	0.41031648	0.41697978	0.36681372	0.37642584	0.54382116	0.34675391	0.36127047	0.43110663	0.69408299	0.46091264
02_118	0.44137871	0.43574876	0.43809716	0.45067256	0.42877641	0.38521493	0.39849191	0.42876883	0.45797210	0.45519502	0.44032718	0.42914256	0.43103375	0.43867192	0.45191012	0.48641312	0.38969251	0.50375382	0.47980815	0.39051510	0.45033494	0.45567432	0.42441530	0.43265097	0.44850134	0.46542973	0.42459632	0.39190594	0.49932154	0.43513555	0.42270848	0.48191444	0.51302946	0.42463262	0.40291680	0.41338414	0.41216783	0.47993803	0.39979788	0.43303400	0.39985062	0.41303248	0.50323762	0.47426932	0.40219789	0.45045014	0.44854086	0.38505094	0.47200956	0.46176041	0.50116428	0.42852060	0.45358774	0.47751097	0.44326569	0.42626950	0.48001250	0.38827310	0.44832858	0.45118444	0.38863158	0.48211080	0.47649922	0.45022272	0.41644151	0.38994147	0.41148562	0.49511984	0.50886163	0.51183004	0.46890371	0.42329276	0.50048097	0.43229776	0.39536874	0.42269182	0.45150084	0.40902295	0.49211664	0.52308757	0.48124699	0.46167946	0.46076584	0.47972996	0.38069254	0.42257759	0.53894186	0.51384617	0.52047763	0.45163943	0.42452756	0.49123642	0.49361632	0.43497955	0.44301529	0.43918972	0.48959536	0.48136106	0.50327786	0.42936497	0.47181955	0.41312784	0.44699633	0.42798801	0.41161201	0.54435177	0.38034310	0.44124067	0.48425462	0.42117620	0.44921634	0.46450026	0.42684927	0.39486552	0.47642628	0.50406796	0.41754122	0.41521477	0.45650032	0.48615899	0.49628986	0.46044556	0.50482553	0.40455701	0.45163960	0.44323275	0.44097732	0.46663747	0.47425615	0.47521874	0.44581724	0.38547172	0.48303688	0.50590781	0.44290630	0.54802738	0.41055388	0.43593815	0.51039426	0.46891963	0.44705782	0.46192585	0.44299452	0.45886968	0.48975925	0.49072037	0.43059132	0.53972793	0.41363133	0.45362033	0.40273818	0.46769248	0.52717476	0.47143097	0.53763938	0.40181802	0.45391346	0.48783852	0.49002900	0.50139808	0.48124451	0.40479560	0.46481993	0.46265598	0.50661653	0.39309734	0.42310712	0.52417000	0.47895810	0.41585329	0.55648959	0.48737486	0.44164121	0.54711930	0.49564299	0.48818362	0.47021025	0.48890692	0.54381263	0.51426307	0.36435781	0.46953783	0.44942586	0.43084310	0.49122678	0.38293019	0.46968502	0.50558368	0.55703568	0.41284525	0.48885071	0.40627028	0.53956023	0.45312073	0.39932443	0.52682207	0.53706258	0.46080231	0.48948069	0.52702493	0.48515629	0.53274561	0.48611455	0.56808237	0.46399203	0.43504215	0.49689094	0.48077249	0.53031670	0.40085726	0.46971248	0.40965957	0.45136334	0.45005435	0.46615318	0.50900017	0.45565773	0.39333280	0.45630511	0.54642685	0.52696331	0.46580803	0.42117276	0.42903870	0.42111851	0.52417633	0.39613888	0.40933242	0.47520405	0.42463064	0.45399912	0.46263259	0.46011252	0.42027551	0.53639032	0.36458019	0.47479591	0.54981279	0.50831238	0.50982300	0.54584466	0.51799445	0.47494279	0.49606309	0.54808679	0.61184622	0.51442907	0.50149311	0.44539954	0.40975282	0.46627166	0.51318094	0.49971998	0.44675702	0.53506258	0.47269726	0.56846185	0.63561213	0.50176280	0.50317989	0.54088675	0.48472005	0.46850946	0.52279163	0.48977790	0.46303357	0.61394508	0.49966774	0.59922801	0.50357550	0.56124037	0.59506835	0.46272659	0.70338039	0.50679371	0.45280904	0.54755791	0.51990986	0.46622556	0.50138784	0.51047253	0.48851463	0.52977825	0.48722904	0.54157739	0.48349555	0.49188355	0.52556768	0.44842207	0.55463538	0.55874792	0.52037673	0.44581064	0.56013963	0.49287427	0.47654087	0.55118728	0.58455849	0.45803099	0.48511078
02_34	0.40188641	0.40384030	0.40184440	0.39658191	0.40289835	0.37022523	0.38565888	0.38094717	0.43464113	0.42092080	0.40628591	0.39634095	0.38850712	0.40021332	0.42425773	0.44970512	0.37237874	0.47947290	0.43125614	0.36539863	0.39443964	0.43432162	0.38861395	0.38936357	0.40941902	0.43073797	0.39280748	0.37227531	0.43883373	0.39617757	0.39449562	0.42603193	0.46572227	0.39223490	0.38213518	0.38133826	0.39065633	0.44551200	0.37946628	0.40772409	0.37090565	0.38900417	0.46960296	0.41789178	0.37520934	0.39879637	0.41598193	0.36838156	0.42916038	0.41107874	0.47619262	0.40913710	0.42128383	0.43948018	0.41187771	0.39792283	0.43421870	0.35711205	0.40899080	0.42823520	0.35445856	0.42970132	0.41858938	0.42919470	0.40659998	0.37645599	0.37577089	0.46131636	0.45742269	0.45328338	0.45827240	0.41000270	0.45340782	0.40637180	0.37379362	0.38698513	0.43554456	0.37203813	0.45549312	0.49421880	0.43712114	0.45046968	0.42048567	0.46400314	0.35630291	0.39274195	0.47464564	0.48243844	0.47034827	0.44260838	0.39897516	0.46238061	0.44476776	0.38390991	0.39945688	0.44701004	0.42950031	0.43357609	0.45243390	0.42843446	0.45655528	0.38762945	0.42764706	0.41272112	0.40800766	0.48991939	0.36172054	0.39048495	0.46614451	0.38278006	0.40641602	0.48253396	0.39648111	0.40702443	0.46838621	0.49887542	0.40602629	0.39076692	0.43707934	0.43855733	0.46431275	0.43095253	0.46941135	0.37899204	0.43420343	0.41969507	0.43087821	0.44780787	0.46418644	0.45790973	0.44059517	0.37360791	0.44012844	0.50457303	0.46120577	0.52584150	0.41215410	0.41857775	0.47487571	0.44467325	0.41560879	0.42262687	0.44833276	0.40278915	0.46923046	0.45119200	0.41940349	0.46268720	0.42518702	0.44091512	0.38179976	0.45268726	0.52821702	0.49009582	0.50956814	0.40256383	0.47013246	0.51646923	0.47757413	0.48291112	0.45839239	0.37675289	0.45304887	0.45827683	0.53606794	0.38007254	0.39077138	0.46677994	0.45479670	0.41569263	0.49373540	0.47314637	0.41834208	0.47795102	0.52004862	0.49518396	0.45799950	0.49029965	0.49187494	0.51270249	0.35464774	0.41354637	0.45688949	0.40044385	0.47064228	0.37934411	0.46130202	0.52337280	0.54140358	0.42095412	0.46382456	0.40006419	0.53894650	0.42651548	0.37063130	0.47912616	0.49054716	0.40381894	0.47984501	0.51129360	0.42143581	0.51236937	0.45100501	0.53441907	0.46375273	0.41268910	0.45004461	0.47662209	0.47266791	0.38633008	0.43105557	0.40034419	0.45285590	0.41754875	0.51170259	0.45517559	0.40945781	0.36554587	0.43278270	0.52096286	0.51081141	0.42785081	0.39904103	0.43784079	0.39129654	0.54286653	0.38093746	0.39307193	0.45761065	0.40889885	0.42129663	0.43719137	0.44115619	0.40511168	0.50792924	0.36227165	0.46204336	0.55611778	0.43912847	0.46001303	0.51918141	0.54538928	0.42221171	0.49438197	0.49974337	0.60460345	0.49346937	0.53736336	0.44850641	0.39147773	0.44873205	0.47991096	0.49727643	0.44546564	0.52953156	0.42568356	0.63666934	0.57990403	0.50011138	0.48414101	0.53482834	0.49245802	0.44282877	0.46267507	0.47591001	0.47885794	0.53744522	0.47984518	0.57106482	0.47045541	0.59857304	0.52278499	0.43595751	0.67315813	0.47788009	0.40749856	0.58014045	0.46921146	0.48761093	0.42801917	0.49518109	0.46513722	0.59017267	0.49535800	0.54286706	0.44711942	0.51612994	0.51232771	0.42787930	0.49611601	0.56220688	0.50290110	0.45006507	0.59797225	0.44394959	0.50624813	0.64301255	0.57909163	0.39585396	0.44678273
02_185	0.40359376	0.39680137	0.40171761	0.40412588	0.38891551	0.35709351	0.37152885	0.38939572	0.40188082	0.40954893	0.40031208	0.39393005	0.39723437	0.40205401	0.40546948	0.41408905	0.36104003	0.42892170	0.40620123	0.36500047	0.39382932	0.39837374	0.39816651	0.40325509	0.39894506	0.41224195	0.39242217	0.36512230	0.41437989	0.40167218	0.37884352	0.42331684	0.41247979	0.37356717	0.36912161	0.37103910	0.36606475	0.40524436	0.37042045	0.39653444	0.36438427	0.36232326	0.41425842	0.41879898	0.37861892	0.41168602	0.42568377	0.36344517	0.42041148	0.41421389	0.44764397	0.38571558	0.42709363	0.43218548	0.40330187	0.36916388	0.39713690	0.36589256	0.39205066	0.41002189	0.35806312	0.42193616	0.42145386	0.39914151	0.40437568	0.39464185	0.36392377	0.41546794	0.45819846	0.43754789	0.41097890	0.37253130	0.44276998	0.39177438	0.38144912	0.40578784	0.45507319	0.37271141	0.40298019	0.44871284	0.42478398	0.45119558	0.44874761	0.47100474	0.36565143	0.39565045	0.44024715	0.41983108	0.44344639	0.46433097	0.37901363	0.44850995	0.42226434	0.37881069	0.38512781	0.45735130	0.40711797	0.41462950	0.41941261	0.40299681	0.45927182	0.42485814	0.42437876	0.42211227	0.40107072	0.43550458	0.35419301	0.39931303	0.44344735	0.39654971	0.39398215	0.44935375	0.37161768	0.40136282	0.42633429	0.46993636	0.41524251	0.38097749	0.44350917	0.43226025	0.39578359	0.41098066	0.45930692	0.39224370	0.39966181	0.46146267	0.43384530	0.40820640	0.44923329	0.43854178	0.47046541	0.37101626	0.45177457	0.50398691	0.43233941	0.44846426	0.39225493	0.37898307	0.48735434	0.46190621	0.44598886	0.40383445	0.47742274	0.39679703	0.50251342	0.44038982	0.46521077	0.44900051	0.42959278	0.42462418	0.37926445	0.45110929	0.51294030	0.49343580	0.48838495	0.40766541	0.46268058	0.49463164	0.43546420	0.44589569	0.47714180	0.38102794	0.40542541	0.46068060	0.47838972	0.39990377	0.42231923	0.48641310	0.45413193	0.38160558	0.43425447	0.47919176	0.41098279	0.43251411	0.47510597	0.53953907	0.45574269	0.46673048	0.41958122	0.47550803	0.38808022	0.41535783	0.45320023	0.38493160	0.47306725	0.40507938	0.45925079	0.49798756	0.51905130	0.43894763	0.46972064	0.39770200	0.50838318	0.42993333	0.38270899	0.45613283	0.42902792	0.42009260	0.49233764	0.45652635	0.40606627	0.49516568	0.43208497	0.53481892	0.51801151	0.42566643	0.47479301	0.41967559	0.44070589	0.38611405	0.47886853	0.40352856	0.47685123	0.42839905	0.48831300	0.47835077	0.42508575	0.35337276	0.50083711	0.45328461	0.51490171	0.41911114	0.39971786	0.40954660	0.41941964	0.48269714	0.40886372	0.39660791	0.49559834	0.39304609	0.46902220	0.41600187	0.44922414	0.45498349	0.48915038	0.38315914	0.53867180	0.47293352	0.43195387	0.45736456	0.50053944	0.55960561	0.45165813	0.43466064	0.44376113	0.52896221	0.50124758	0.56023879	0.41012811	0.37931499	0.45713247	0.55728369	0.51513852	0.42901111	0.48472284	0.44960539	0.56414471	0.56452753	0.51487628	0.53193717	0.51606952	0.45169707	0.53251498	0.44580325	0.47271425	0.45438935	0.48569634	0.50591313	0.52469834	0.52890136	0.51158823	0.56111671	0.43714303	0.63441863	0.44298782	0.42965317	0.50863962	0.54208554	0.45369152	0.42889747	0.44222076	0.55822392	0.59607698	0.46958191	0.54122999	0.52181138	0.56164171	0.48167507	0.37973911	0.41881089	0.56970452	0.50028028	0.45992893	0.50670156	0.39495417	0.48726837	0.58543527	0.64317661	0.39730214	0.51080484
02_133	0.36278179	0.38767195	0.36288749	0.40064413	0.36272533	0.39760977	0.40761074	0.37114918	0.36239084	0.35212253	0.34154177	0.36383478	0.36184155	0.35321891	0.35858650	0.40447326	0.39846784	0.39187797	0.39490145	0.40665217	0.38252875	0.35651729	0.35916705	0.36934904	0.38013151	0.40106314	0.36182153	0.39180636	0.42498686	0.36073678	0.52518687	0.39008042	0.38578020	0.45021689	0.44470041	0.45990697	0.48164342	0.37692734	0.40500932	0.36478125	0.41620601	0.44866115	0.39235625	0.39951100	0.38534662	0.40857990	0.41084574	0.37560467	0.41234091	0.45668395	0.41988728	0.41205946	0.35525976	0.44404204	0.37356599	0.48686985	0.40147131	0.48876451	0.39717071	0.36261898	0.43604582	0.37454505	0.41815577	0.35091160	0.44379508	0.42095651	0.47735178	0.45522973	0.42479219	0.39541679	0.35101768	0.40943781	0.42812909	0.48695574	0.40842003	0.36420176	0.47022385	0.50784155	0.40722363	0.41243982	0.39916002	0.35075928	0.39780750	0.39188589	0.41005789	0.39796800	0.41769212	0.39551443	0.38335828	0.36329409	0.44066420	0.37041665	0.40972217	0.42342594	0.48353662	0.43538171	0.37698366	0.47064482	0.37206462	0.46598419	0.39773377	0.39138389	0.37700938	0.39982852	0.41234130	0.39518511	0.41996690	0.39393238	0.35218599	0.35426879	0.41862045	0.36693556	0.41077895	0.44941402	0.35843633	0.39758674	0.59198504	0.35637383	0.40701622	0.44827282	0.37201801	0.33883556	0.46292866	0.48295728	0.39877152	0.37791602	0.37893442	0.34916607	0.44786744	0.45531205	0.41122046	0.43352348	0.38511131	0.42065969	0.40883363	0.38542650	0.52701388	0.45954128	0.41201164	0.46296416	0.43095541	0.38825814	0.35790248	0.41450863	0.38245482	0.35943534	0.39044884	0.41863380	0.41402460	0.53109969	0.41710922	0.36340707	0.42282797	0.39616847	0.39492223	0.43474838	0.46347768	0.37279502	0.42543353	0.35461895	0.42131707	0.56559844	0.36284811	0.39947401	0.41233987	0.46316309	0.39032810	0.43199955	0.37169539	0.37854551	0.41275305	0.40108829	0.37743380	0.38877903	0.39093442	0.39205338	0.46103662	0.44386611	0.38686269	0.42776917	0.42987453	0.39974387	0.38087328	0.46237638	0.37142986	0.48684235	0.55039256	0.39254911	0.40009583	0.45188743	0.37155609	0.57622978	0.44617683	0.43711916	0.41992153	0.39944856	0.40005686	0.40998296	0.44690475	0.43723843	0.40312136	0.44872777	0.35163864	0.46601739	0.39821325	0.47822974	0.47003826	0.39565830	0.37808818	0.45170503	0.41059003	0.61613585	0.40436167	0.38107709	0.36954789	0.44193801	0.48261010	0.49689477	0.41627151	0.48149270	0.39367606	0.39842252	0.65241197	0.52034418	0.52333926	0.38246974	0.44238798	0.43753316	0.48737378	0.43646220	0.39196880	0.36519605	0.50289509	0.38975777	0.37154245	0.45268565	0.39980027	0.42563820	0.45704465	0.44922084	0.42757631	0.39480526	0.48030300	0.35271639	0.43244107	0.43890228	0.41864434	0.38286948	0.54031545	0.37541006	0.40134059	0.44883802	0.36225905	0.41645586	0.38398387	0.38479487	0.41179720	0.45338945	0.45197011	0.47743612	0.46082526	0.40695275	0.42312256	0.40441107	0.48085808	0.57573514	0.38686074	0.45415638	0.47166635	0.41162471	0.38573335	0.48656258	0.38349632	0.42567052	0.37396672	0.36863090	0.37383759	0.45855182	0.47043711	0.41253090	0.39105736	0.42944848	0.39370014	0.42331484	0.41020354	0.46243985	0.43107708	0.51374158	0.48018583	0.38779298	0.37394960	0.48566253	0.47815281	0.44959224	0.38140704	0.44913577	0.39041209	0.46305799	0.43238829	0.47799302
02_204	0.44699269	0.44198002	0.45492871	0.38785000	0.45946585	0.40833378	0.41684797	0.39793456	0.48016098	0.46386945	0.43349270	0.42446706	0.42057995	0.43758730	0.48379777	0.46423880	0.40376254	0.47584219	0.44790421	0.38755444	0.39355405	0.47882857	0.42905637	0.41446057	0.45121909	0.45418859	0.44964844	0.39633855	0.41733246	0.44273948	0.38090228	0.41536451	0.45607896	0.40561009	0.40130497	0.36256989	0.38470530	0.46994665	0.42185331	0.46868105	0.37317916	0.39024151	0.45466405	0.41600327	0.39971070	0.38770541	0.43566843	0.38268691	0.43919732	0.38911016	0.46927878	0.43315877	0.45014131	0.39843565	0.44917830	0.38024496	0.42947733	0.34889104	0.42770295	0.48723566	0.36374795	0.44538446	0.41344992	0.47919109	0.39349454	0.39073163	0.37866368	0.43460831	0.41394425	0.42560518	0.49103682	0.41908352	0.47067596	0.38329859	0.39446983	0.43060859	0.45185185	0.36526134	0.45383732	0.48525991	0.46230574	0.45587010	0.42690076	0.50368755	0.38796588	0.44820973	0.46050554	0.45206894	0.49282041	0.44274695	0.36925299	0.43453256	0.45866556	0.37413473	0.40048013	0.46342838	0.40467508	0.42160523	0.41449264	0.40257224	0.39054662	0.41421579	0.48615921	0.42341876	0.41778791	0.47834702	0.39661380	0.40098108	0.49141435	0.42712931	0.40674155	0.49832228	0.37712587	0.40374725	0.52620981	0.51215242	0.37407708	0.44695108	0.47914869	0.41960381	0.43667638	0.45195328	0.42358200	0.37668676	0.45372396	0.44786964	0.42641486	0.49638368	0.40614722	0.39540800	0.43838325	0.40986215	0.48596358	0.45317731	0.46505594	0.50057859	0.36528254	0.40328225	0.42547796	0.40523135	0.37677919	0.46324693	0.43878452	0.40074176	0.47372866	0.46467342	0.42087213	0.43729154	0.41458214	0.41514957	0.41545503	0.43258406	0.52540687	0.49101114	0.56464895	0.40454445	0.44248565	0.51701123	0.45531675	0.52456263	0.40384504	0.35482328	0.49668783	0.45009276	0.44689264	0.41159574	0.42863329	0.45970428	0.48098021	0.43840259	0.44024048	0.40297924	0.49060031	0.46056038	0.47976862	0.49106126	0.41449693	0.42986693	0.44569491	0.42286778	0.36706688	0.43923841	0.48734980	0.42142753	0.45567644	0.39473405	0.43374215	0.54019623	0.47504057	0.44734690	0.48446319	0.37357991	0.43992690	0.42501740	0.40521947	0.41179317	0.48320227	0.40061048	0.46502140	0.43376710	0.40314436	0.49702355	0.49895223	0.45749441	0.48863621	0.36559669	0.41899376	0.49602831	0.43192721	0.42703264	0.44608493	0.37564601	0.49531736	0.49035324	0.51180148	0.41024659	0.41440884	0.36837048	0.42837286	0.45546248	0.45073199	0.47782257	0.38583234	0.37970055	0.37630837	0.56267830	0.40096778	0.42899989	0.44527289	0.44897868	0.46696241	0.52292804	0.38007911	0.43223356	0.52114579	0.38088572	0.46205585	0.45039654	0.42233316	0.46832233	0.46594048	0.57922787	0.39862707	0.56261059	0.43912566	0.53748912	0.40576716	0.52590073	0.39525569	0.40721665	0.53608290	0.48014637	0.50100296	0.46301291	0.63269862	0.49004239	0.55945164	0.47004892	0.58286357	0.46423648	0.42186351	0.41552281	0.44479829	0.51744663	0.42392209	0.42366226	0.53886499	0.49819259	0.50025904	0.54377732	0.63992277	0.46628507	0.53622451	0.59327212	0.58489905	0.47188960	0.69464954	0.45652267	0.48474258	0.43665540	0.55663631	0.51849109	0.63498411	0.52883646	0.69694442	0.41335970	0.52089736	0.42189126	0.39568640	0.44330157	0.58639079	0.44600836	0.39719997	0.56432154	0.40100267	0.54573272	0.64107743	0.50736649	0.38673632	0.40592269
02_47	0.39357543	0.38087654	0.40384305	0.36532708	0.41916719	0.37586595	0.37633915	0.36349487	0.41772365	0.38790603	0.36316787	0.36093182	0.37553474	0.37732119	0.41567486	0.42063912	0.36157670	0.42877058	0.40541334	0.34826887	0.35751275	0.41078118	0.37793923	0.37677862	0.41524769	0.43636523	0.41036792	0.34905475	0.37414878	0.39174576	0.36446279	0.37232082	0.39529277	0.38046809	0.37323363	0.33307608	0.36714136	0.41279482	0.38478917	0.43086992	0.33397841	0.35830232	0.40824418	0.37355043	0.35301033	0.37154841	0.38967112	0.33449472	0.38314210	0.36520976	0.45883741	0.38019443	0.38489553	0.36658793	0.37691105	0.35336277	0.39996447	0.33824004	0.41281670	0.42767201	0.33884066	0.38288796	0.39229109	0.40362593	0.36255370	0.36757122	0.35929905	0.40843545	0.39110751	0.37681381	0.40745900	0.37099222	0.42496138	0.35356473	0.35495523	0.39575114	0.44122861	0.34934828	0.39981093	0.45204651	0.42587289	0.38888885	0.40393270	0.47256372	0.36387148	0.41524968	0.41531165	0.40765137	0.41257621	0.40125396	0.33231103	0.37675755	0.42751292	0.34338805	0.38442132	0.45754849	0.35220147	0.38005857	0.35596929	0.37628290	0.37447292	0.40250188	0.45849311	0.37702233	0.37363306	0.40991076	0.37643940	0.37611813	0.39798816	0.38084949	0.40502465	0.45816321	0.33027448	0.41065778	0.43833227	0.47566059	0.38246187	0.41405056	0.49955539	0.42246343	0.37952915	0.36592196	0.43827465	0.36178713	0.38202932	0.42371192	0.37674623	0.40550972	0.43336709	0.37081233	0.40999903	0.39846992	0.42910363	0.44277342	0.43017373	0.42309576	0.36999930	0.36586518	0.39885398	0.43819780	0.38536232	0.43056620	0.40515311	0.38453730	0.42549938	0.38297139	0.41441986	0.39307452	0.39271814	0.41548647	0.37209819	0.38202980	0.52626766	0.50563671	0.47752915	0.38507941	0.43248075	0.46850014	0.40308352	0.41236617	0.39903968	0.35326959	0.40350711	0.39575316	0.44890878	0.41323328	0.40407575	0.43472198	0.41749565	0.38450008	0.39364681	0.38469696	0.45651086	0.38767394	0.45483293	0.46830045	0.46266533	0.45712762	0.38150117	0.41944078	0.37085598	0.40625743	0.48788308	0.38321935	0.39669054	0.42312171	0.42501293	0.46125308	0.42166418	0.48973374	0.40444908	0.40097412	0.44513264	0.45769964	0.37329810	0.37104326	0.42558653	0.38082191	0.51421937	0.43069088	0.35583540	0.51922395	0.39515591	0.46079445	0.50361242	0.36420130	0.43600640	0.41614416	0.36686877	0.42145815	0.43054501	0.41342983	0.56112103	0.45933658	0.49666874	0.39997372	0.38815913	0.36357762	0.44195183	0.41961925	0.40566632	0.45861528	0.39807077	0.37911802	0.38454129	0.48712351	0.38271502	0.43639375	0.51599513	0.40465197	0.45105134	0.45205208	0.37388173	0.45260035	0.41928207	0.41017242	0.45565387	0.43787512	0.40723356	0.47763865	0.40466824	0.54595334	0.39621475	0.43930641	0.41380213	0.50875080	0.39131611	0.47861747	0.38829334	0.34211087	0.53924182	0.47725257	0.42121800	0.39484953	0.51364962	0.43973618	0.53770404	0.44437634	0.56139963	0.54590966	0.40625150	0.41001878	0.46630656	0.45727764	0.47764334	0.43842000	0.42055870	0.58587609	0.52115954	0.52903446	0.51196684	0.46214643	0.50561177	0.48988799	0.47626091	0.41486808	0.52421233	0.47293397	0.44882704	0.39966932	0.42587798	0.54551824	0.61309616	0.43651415	0.63218102	0.43822639	0.47283201	0.39250875	0.36255823	0.37961892	0.45953103	0.50885831	0.37745583	0.48618271	0.35508564	0.51132072	0.55979403	0.46878324	0.35829065	0.43127733
02_26	0.43267862	0.41595928	0.42564524	0.50488114	0.40714907	0.36542735	0.37333073	0.45446032	0.41991338	0.42647466	0.41879055	0.41237449	0.43657726	0.42744268	0.41853245	0.46365740	0.36999413	0.46242570	0.47706509	0.38355924	0.49021321	0.41452642	0.41791503	0.44529011	0.44226596	0.45727075	0.41289855	0.37415384	0.52269945	0.42886665	0.43132428	0.50542167	0.48601980	0.42475090	0.39096493	0.42656185	0.40793760	0.44906244	0.38189661	0.41056116	0.39930822	0.40342362	0.47259370	0.50067047	0.39244951	0.50665370	0.43764790	0.36665466	0.46161356	0.50798989	0.47878421	0.39981433	0.43126053	0.49012782	0.41705915	0.42779554	0.48382590	0.41699079	0.45540657	0.41615852	0.40639407	0.47753699	0.52559882	0.40830167	0.39800873	0.37888716	0.42841201	0.48349121	0.54723908	0.52527441	0.41236435	0.39168361	0.48983797	0.43202092	0.38513119	0.42369818	0.43392632	0.43934813	0.46315366	0.48757616	0.47480715	0.41955855	0.47517842	0.44334794	0.37923992	0.41196975	0.54276028	0.48062365	0.48606541	0.42099564	0.42271756	0.46339206	0.49389243	0.47714927	0.46827750	0.40186325	0.50982931	0.48831296	0.49701152	0.40156949	0.47459078	0.41564019	0.41883454	0.40400907	0.37955014	0.50968705	0.37012927	0.47803603	0.42934283	0.42161842	0.47811356	0.40544178	0.42023119	0.36655093	0.41663018	0.45138600	0.42569671	0.39721248	0.44011668	0.52725664	0.46055385	0.42196551	0.53512503	0.41468924	0.40967557	0.43261747	0.40946156	0.41444977	0.48203516	0.46899714	0.41884028	0.36941343	0.46802956	0.47451687	0.39109433	0.47858807	0.40322315	0.41434226	0.51771245	0.50089388	0.49537002	0.45293390	0.40697630	0.51175700	0.45987916	0.45793323	0.41965118	0.58814828	0.37929882	0.44344185	0.38584749	0.43604814	0.47602507	0.42457842	0.47726987	0.37645878	0.41417755	0.41990758	0.44511137	0.43550284	0.49612949	0.43506567	0.40765084	0.42173212	0.45975530	0.38385851	0.42627766	0.54940910	0.44207945	0.37290282	0.55550662	0.48520151	0.41587360	0.52990352	0.43558144	0.44402672	0.48375266	0.47477970	0.51133416	0.49668231	0.36256257	0.49492719	0.40707931	0.42165964	0.45544903	0.37437303	0.45089131	0.43182204	0.50545683	0.38594027	0.44704591	0.41032260	0.52254906	0.46649820	0.39841887	0.53934585	0.50203589	0.52191807	0.47748155	0.51393661	0.52188594	0.50975086	0.44019838	0.57965399	0.43362820	0.46264979	0.56225133	0.41954347	0.52001824	0.38627708	0.48305614	0.42171291	0.42222555	0.43591084	0.40054542	0.58036178	0.48276731	0.40818865	0.46935952	0.51156559	0.49379628	0.45874697	0.43714653	0.41233452	0.45592421	0.44308345	0.38843043	0.39819197	0.48853249	0.39651789	0.45345307	0.42419019	0.48008857	0.41593199	0.47274590	0.35539923	0.45982244	0.50754025	0.59000522	0.53372847	0.50302276	0.44639009	0.55486133	0.42035293	0.55111265	0.53623832	0.53032156	0.43248312	0.42627998	0.38294498	0.43636541	0.51696244	0.44256336	0.40005428	0.45562896	0.47109458	0.47531504	0.64357432	0.44947686	0.51871967	0.53297488	0.45721836	0.48560331	0.51231010	0.50918771	0.43721695	0.54175360	0.49540115	0.58220125	0.48615387	0.45518114	0.69064853	0.43681393	0.57128190	0.45147418	0.45282270	0.44482233	0.58164689	0.41148376	0.56436759	0.43732188	0.47991396	0.44364177	0.42148612	0.46911313	0.55121278	0.43334780	0.51288013	0.43475889	0.52740030	0.47089904	0.54450314	0.42894631	0.46555007	0.49508719	0.41341220	0.44609550	0.53680321	0.53115309	0.56826428
